date,stock_code,broker_name,broker_id,buy_vol,sell_vol,net_vol,pct,rank,side
8/07,2330,摩根大通,8440,3110,970,2140,9.36,1,buy
8/07,2330,台灣摩根士丹利,1470,641,2846,-2205,9.64,1,sell
8/07,2330,港商麥格理,1360,1933,279,1654,7.23,2,buy
8/07,2330,大和國泰,8890,1,1998,-1997,8.73,2,sell
8/07,2330,新加坡商瑞銀,1650,1185,549,636,2.78,3,buy
8/07,2330,美商高盛,1480,464,2292,-1828,7.99,3,sell
8/07,2330,凱基,9200,632,51,581,2.54,4,buy
8/07,2330,美林,1440,689,1364,-675,2.95,4,sell
8/07,2330,永豐金-匯立,0039004100380031,635,97,538,2.35,5,buy
8/07,2330,港商野村,1560,337,846,-509,2.23,5,sell
8/07,2330,花旗環球,1590,2483,2011,472,2.06,6,buy
8/07,2330,富邦證券,9600,434,694,-260,1.14,6,sell
8/07,2330,統一,5850,596,153,443,1.94,7,buy
8/07,2330,兆豐證券,7000,21,273,-252,1.1,7,sell
8/07,2330,元大證券,9800,1635,1344,291,1.27,8,buy
8/07,2330,宏遠證券,1260,37,273,-236,1.03,8,sell
8/07,2330,永豐金證券,0039004100300030,342,165,177,0.77,9,buy
8/07,2330,群益金鼎-北高雄,0039003100330052,3,212,-209,0.91,9,sell
8/07,2330,國泰證券,8880,392,232,160,0.7,10,buy
8/07,2330,凱基-站前,0039003200300046,20,102,-82,0.36,10,sell
8/07,2330,德信,6910,151,1,150,0.66,11,buy
8/07,2330,第一金-高雄,5383,3,63,-60,0.26,11,sell
8/07,2330,香港上海匯豐,8960,383,238,145,0.63,12,buy
8/07,2330,群益金鼎-敦南,9101,8,60,-52,0.23,12,sell
8/07,2330,中國信託,6160,127,12,115,0.5,13,buy
8/07,2330,永豐金-天母,0039004100390047,2,53,-51,0.22,13,sell
8/07,2330,凱基-台北,9268,868,754,114,0.5,14,buy
8/07,2330,凱基-信義,9216,2,50,-48,0.21,14,sell
8/07,2330,華南永昌-世貿,9334,106,2,104,0.45,15,buy
8/07,2330,永豐金-萬盛,0039004100390032,8,55,-47,0.21,15,sell
8/07,2317,港商麥格理,1360,1201,13,1188,3.06,1,buy
8/07,2317,新加坡商瑞銀,1650,870,2563,-1693,4.36,1,sell
8/07,2317,凱基-台北,9268,2540,1727,813,2.09,2,buy
8/07,2317,富邦證券,9600,31,1467,-1436,3.7,2,sell
8/07,2317,永豐金證券,0039004100300030,1233,494,739,1.9,3,buy
8/07,2317,台灣摩根士丹利,1470,2044,3178,-1134,2.92,3,sell
8/07,2317,美林,1440,1029,526,503,1.3,4,buy
8/07,2317,元大證券,9800,2619,3745,-1126,2.9,4,sell
8/07,2317,台灣企銀,1110,423,7,416,1.07,5,buy
8/07,2317,台新,0039004200300030,452,1508,-1056,2.72,5,sell
8/07,2317,香港上海匯豐,8960,349,0,349,0.9,6,buy
8/07,2317,美商高盛,1480,1303,2313,-1010,2.6,6,sell
8/07,2317,元大-松江,9801,260,8,252,0.65,7,buy
8/07,2317,摩根大通,8440,1224,2162,-938,2.42,7,sell
8/07,2317,永豐金-匯立,0039004100380031,231,0,231,0.6,8,buy
8/07,2317,花旗環球,1590,874,1676,-802,2.07,8,sell
8/07,2317,兆豐-新竹,0037003000300056,216,11,205,0.53,9,buy
8/07,2317,凱基-虎尾,9236,4,436,-432,1.11,9,sell
8/07,2317,富邦-頭份,0039003600320050,213,18,195,0.5,10,buy
8/07,2317,宏遠-館前,0031003200360055,40,390,-350,0.9,10,sell
8/07,2317,國泰-敦南,8888,631,493,138,0.36,11,buy
8/07,2317,臺銀,1040,137,352,-215,0.55,11,sell
8/07,2317,永豐金-敦南,0039004100380046,149,22,127,0.33,12,buy
8/07,2317,統一-三多,0035003800350051,20,230,-210,0.54,12,sell
8/07,2317,華南永昌,9300,164,51,113,0.29,13,buy
8/07,2317,華南永昌-中正,9359,15,215,-200,0.52,13,sell
8/07,2317,富邦-仁愛,9676,159,51,108,0.28,14,buy
8/07,2317,中國信託,6160,45,182,-137,0.35,14,sell
8/07,2317,華南永昌-台中,9302,134,28,106,0.27,15,buy
8/07,2317,凱基,9200,12,133,-121,0.31,15,sell
8/07,2454,永豐金-匯立,0039004100380031,424,31,393,5.95,1,buy
8/07,2454,摩根大通,8440,426,738,-312,4.72,1,sell
8/07,2454,港商麥格理,1360,264,15,249,3.77,2,buy
8/07,2454,美商高盛,1480,242,521,-279,4.22,2,sell
8/07,2454,美林,1440,228,32,196,2.97,3,buy
8/07,2454,新加坡商瑞銀,1650,175,444,-269,4.07,3,sell
8/07,2454,台灣摩根士丹利,1470,489,366,123,1.86,4,buy
8/07,2454,凱基-台北,9268,166,336,-170,2.57,4,sell
8/07,2454,凱基-市府,0039003200300044,57,3,54,0.82,5,buy
8/07,2454,凱基,9200,54,169,-115,1.74,5,sell
8/07,2454,元大-土城永寧,9875,53,2,51,0.77,6,buy
8/07,2454,香港上海匯豐,8960,3,108,-105,1.59,6,sell
8/07,2454,花旗環球,1590,185,140,45,0.68,7,buy
8/07,2454,元大證券,9800,700,801,-101,1.53,7,sell
8/07,2454,富邦-嘉義,9692,56,21,35,0.53,8,buy
8/07,2454,統一,5850,79,165,-86,1.3,8,sell
8/07,2454,凱基-中港,9202,36,3,33,0.5,9,buy
8/07,2454,宏遠證券,1260,14,97,-83,1.26,9,sell
8/07,2454,元大-忠孝鼎富,0039003800320046,27,3,24,0.36,10,buy
8/07,2454,台新-五權西,0039004200320035,5,79,-74,1.12,10,sell
8/07,2454,聯邦-台南,8588,23,0,23,0.35,11,buy
8/07,2454,法銀巴黎,8900,6,41,-35,0.53,11,sell
8/07,2454,國泰-板橋,003800380038004b,35,14,21,0.32,12,buy
8/07,2454,大和國泰,8890,1,33,-32,0.48,12,sell
8/07,2454,富邦-台北,9623,35,15,20,0.3,13,buy
8/07,2454,台新-城中,0039004200320045,2,28,-26,0.39,13,sell
8/07,2454,永豐金-市政,0039004100390057,29,11,18,0.27,14,buy
8/07,2454,台新,0039004200300030,21,44,-23,0.35,14,sell
8/07,2454,玉山-高雄,8843,23,4,19,0.29,15,buy
8/07,2454,元大-羅東,0039003800320041,1,18,-17,0.26,15,sell
8/07,2308,美商高盛,1480,927,488,439,4.29,1,buy
8/07,2308,永豐金-匯立,0039004100380031,128,702,-574,5.61,1,sell
8/07,2308,摩根大通,8440,626,268,358,3.5,2,buy
8/07,2308,大和國泰,8890,0,508,-508,4.96,2,sell
8/07,2308,國泰證券,8880,440,199,241,2.36,3,buy
8/07,2308,新加坡商瑞銀,1650,346,838,-492,4.81,3,sell
8/07,2308,港商麥格理,1360,204,4,200,1.95,4,buy
8/07,2308,元大證券,9800,1337,1653,-316,3.09,4,sell
8/07,2308,凱基,9200,244,55,189,1.85,5,buy
8/07,2308,凱基-台北,9268,386,625,-239,2.34,5,sell
8/07,2308,永豐金證券,0039004100300030,238,114,124,1.21,6,buy
8/07,2308,美林,1440,202,407,-205,2.0,6,sell
8/07,2308,國泰-敦南,8888,177,114,63,0.62,7,buy
8/07,2308,港商野村,1560,131,256,-125,1.22,7,sell
8/07,2308,國票-敦北法人,0037003700390063,48,2,46,0.45,8,buy
8/07,2308,花旗環球,1590,167,285,-118,1.15,8,sell
8/07,2308,富邦證券,9600,74,36,38,0.37,9,buy
8/07,2308,台灣摩根士丹利,1470,637,731,-94,0.92,9,sell
8/07,2308,華南永昌,9300,50,14,36,0.35,10,buy
8/07,2308,臺銀,1040,6,81,-75,0.73,10,sell
8/07,2308,新光,8560,83,48,35,0.34,11,buy
8/07,2308,富邦-仁愛,9676,16,55,-39,0.38,11,sell
8/07,2308,台新,0039004200300030,46,25,21,0.21,12,buy
8/07,2308,國票-安和,003700370039005a,24,61,-37,0.36,12,sell
8/07,2308,國泰-台中,8882,42,22,20,0.2,13,buy
8/07,2308,康和,8450,0,34,-34,0.33,13,sell
8/07,2308,兆豐-公益,003700300030004a,41,21,20,0.2,14,buy
8/07,2308,兆豐證券,7000,2,33,-31,0.3,14,sell
8/07,2308,第一金-華江,0035003300380057,22,3,19,0.19,15,buy
8/07,2308,凱基-松山,9217,17,37,-20,0.2,15,sell
8/07,2382,富邦證券,9600,1185,69,1116,6.37,1,buy
8/07,2382,台灣摩根士丹利,1470,383,2460,-2077,11.86,1,sell
8/07,2382,中國信託,6160,1096,4,1092,6.23,2,buy
8/07,2382,美商高盛,1480,259,1814,-1555,8.88,2,sell
8/07,2382,國票-敦北法人,0037003700390063,1012,176,836,4.77,3,buy
8/07,2382,摩根大通,8440,566,2011,-1445,8.25,3,sell
8/07,2382,花旗環球,1590,951,351,600,3.43,4,buy
8/07,2382,美林,1440,580,1392,-812,4.64,4,sell
8/07,2382,港商野村,1560,356,151,205,1.17,5,buy
8/07,2382,凱基-中山,9229,18,660,-642,3.67,5,sell
8/07,2382,富邦-南京,0039003600310043,166,5,161,0.92,6,buy
8/07,2382,新加坡商瑞銀,1650,438,1003,-565,3.23,6,sell
8/07,2382,華南永昌,9300,165,9,156,0.89,7,buy
8/07,2382,元大證券,9800,1416,1881,-465,2.65,7,sell
8/07,2382,凱基-大直,9218,154,0,154,0.88,8,buy
8/07,2382,凱基-台北,9268,341,705,-364,2.08,8,sell
8/07,2382,新光,8560,154,22,132,0.75,9,buy
8/07,2382,港商麥格理,1360,892,1073,-181,1.03,9,sell
8/07,2382,國泰-敦南,8888,186,59,127,0.73,10,buy
8/07,2382,凱基,9200,88,244,-156,0.89,10,sell
8/07,2382,兆豐-員林,003700300030006b,127,0,127,0.73,11,buy
8/07,2382,國票-南京,003700370039006e,3,150,-147,0.84,11,sell
8/07,2382,統一-新竹,5857,106,5,101,0.58,12,buy
8/07,2382,玉山證券,8840,81,174,-93,0.53,12,sell
8/07,2382,元大-大雅,0039003800330069,91,10,81,0.46,13,buy
8/07,2382,宏遠-館前,0031003200360055,18,71,-53,0.3,13,sell
8/07,2382,統一,5850,103,30,73,0.42,14,buy
8/07,2382,永豐金-匯立,0039004100380031,35,81,-46,0.26,14,sell
8/07,2382,元大-竹科,003900380030004b,62,6,56,0.32,15,buy
8/07,2382,永豐金證券,0039004100300030,70,116,-46,0.26,15,sell
8/07,2891,台灣摩根士丹利,1470,2483,320,2163,13.3,1,buy
8/07,2891,富邦證券,9600,551,2046,-1495,9.19,1,sell
8/07,2891,摩根大通,8440,3855,1728,2127,13.08,2,buy
8/07,2891,宏遠證券,1260,0,1000,-1000,6.15,2,sell
8/07,2891,元大證券,9800,1439,584,855,5.26,3,buy
8/07,2891,兆豐證券,7000,2,1000,-998,6.14,3,sell
8/07,2891,美商高盛,1480,1768,1024,744,4.58,4,buy
8/07,2891,凱基-台北,9268,295,1159,-864,5.31,4,sell
8/07,2891,美林,1440,695,180,515,3.17,5,buy
8/07,2891,康和,8450,0,260,-260,1.6,5,sell
8/07,2891,新加坡商瑞銀,1650,871,584,287,1.77,6,buy
8/07,2891,群益金鼎-南京,0039003100380045,3,140,-137,0.84,6,sell
8/07,2891,元大-館前,003900380034004b,118,0,118,0.73,7,buy
8/07,2891,中國信託,6160,38,174,-136,0.84,7,sell
8/07,2891,花旗環球,1590,1881,1767,114,0.7,8,buy
8/07,2891,大和國泰,8890,0,113,-113,0.69,8,sell
8/07,2891,國泰證券,8880,112,12,100,0.62,9,buy
8/07,2891,凱基-站前,0039003200300046,13,112,-99,0.61,9,sell
8/07,2891,元大-四維,9831,126,29,97,0.6,10,buy
8/07,2891,富邦-中壢,9636,4,96,-92,0.57,10,sell
8/07,2891,元大-汐止,0039003800390051,61,0,61,0.38,11,buy
8/07,2891,(牛牛牛)亞證券,6010,0,90,-90,0.55,11,sell
8/07,2891,玉山證券,8840,48,3,45,0.28,12,buy
8/07,2891,統一,5850,59,143,-84,0.52,12,sell
8/07,2891,兆豐-來福,0037003000300043,38,3,35,0.22,13,buy
8/07,2891,玉山-桃園,0038003800340046,1,76,-75,0.46,13,sell
8/07,2891,元大-木柵,003900380033004d,31,3,28,0.17,14,buy
8/07,2891,港商麥格理,1360,0,70,-70,0.43,14,sell
8/07,2891,永豐金-匯立,0039004100380031,26,0,26,0.16,15,buy
8/07,2891,國泰-敦南,8888,102,169,-67,0.41,15,sell
8/07,2881,摩根大通,8440,2419,466,1953,18.04,1,buy
8/07,2881,兆豐證券,7000,0,1000,-1000,9.24,1,sell
8/07,2881,凱基-台北,9268,1239,193,1046,9.66,2,buy
8/07,2881,宏遠證券,1260,0,1000,-1000,9.24,2,sell
8/07,2881,新加坡商瑞銀,1650,943,569,374,3.45,3,buy
8/07,2881,美林,1440,110,884,-774,7.15,3,sell
8/07,2881,永豐金-新莊,0039004100390048,276,1,275,2.54,4,buy
8/07,2881,台灣摩根士丹利,1470,187,510,-323,2.98,4,sell
8/07,2881,永豐金-匯立,0039004100380031,266,0,266,2.46,5,buy
8/07,2881,統一,5850,0,141,-141,1.3,5,sell
8/07,2881,港商野村,1560,213,0,213,1.97,6,buy
8/07,2881,大和國泰,8890,0,125,-125,1.15,6,sell
8/07,2881,美商高盛,1480,896,714,182,1.68,7,buy
8/07,2881,(牛牛牛)亞-鑫豐,0036003000310064,377,494,-117,1.08,7,sell
8/07,2881,元大證券,9800,757,590,167,1.54,8,buy
8/07,2881,國泰-敦南,8888,18,120,-102,0.94,8,sell
8/07,2881,富邦證券,9600,293,129,164,1.51,9,buy
8/07,2881,新光,8560,19,106,-87,0.8,9,sell
8/07,2881,第一金-高雄,5383,50,1,49,0.45,10,buy
8/07,2881,永豐金證券,0039004100300030,38,116,-78,0.72,10,sell
8/07,2881,中國信託,6160,39,4,35,0.32,11,buy
8/07,2881,國泰-台中,8882,11,62,-51,0.47,11,sell
8/07,2881,第一金-中山,5389,33,0,33,0.3,12,buy
8/07,2881,國泰-高雄,8881,0,43,-43,0.4,12,sell
8/07,2881,元大-復北,9872,21,1,20,0.18,13,buy
8/07,2881,花旗環球,1590,794,832,-38,0.35,13,sell
8/07,2881,法銀巴黎,8900,16,0,16,0.15,14,buy
8/07,2881,元大-北投,0039003800390041,2,33,-31,0.29,14,sell
8/07,2881,華南永昌-南京,9326,24,8,16,0.15,15,buy
8/07,2881,凱基-和平,9255,0,28,-28,0.26,15,sell
8/07,2882,富邦證券,9600,3456,352,3104,22.36,1,buy
8/07,2882,台灣摩根士丹利,1470,71,1834,-1763,12.7,1,sell
8/07,2882,美林,1440,1833,296,1537,11.07,2,buy
8/07,2882,花旗環球,1590,359,1000,-641,4.62,2,sell
8/07,2882,香港上海匯豐,8960,701,0,701,5.05,3,buy
8/07,2882,美商高盛,1480,668,1115,-447,3.22,3,sell
8/07,2882,摩根大通,8440,1140,454,686,4.94,4,buy
8/07,2882,土銀,1030,0,394,-394,2.84,4,sell
8/07,2882,港商野村,1560,639,2,637,4.59,5,buy
8/07,2882,國泰-館前,0038003800380041,20,266,-246,1.77,5,sell
8/07,2882,元大證券,9800,1673,1102,571,4.11,6,buy
8/07,2882,凱基-高雄,9206,4,250,-246,1.77,6,sell
8/07,2882,元大-復北,9872,275,0,275,1.98,7,buy
8/07,2882,法銀巴黎,8900,45,200,-155,1.12,7,sell
8/07,2882,凱基-台北,9268,467,288,179,1.29,8,buy
8/07,2882,富邦-台北,9623,6,141,-135,0.97,8,sell
8/07,2882,永豐金-新莊,0039004100390048,150,3,147,1.06,9,buy
8/07,2882,富邦-宜蘭,9686,0,132,-132,0.95,9,sell
8/07,2882,富邦-板橋,9655,46,9,37,0.27,10,buy
8/07,2882,國泰-敦南,8888,69,182,-113,0.81,10,sell
8/07,2882,中國信託,6160,53,24,29,0.21,11,buy
8/07,2882,中國信託-文心,6164,0,102,-102,0.73,11,sell
8/07,2882,凱基-士林,9238,38,10,28,0.2,12,buy
8/07,2882,國泰-桃園,8885,11,108,-97,0.7,12,sell
8/07,2882,凱基-台東,003900320030005a,22,1,21,0.15,13,buy
8/07,2882,群益金鼎-古亭,0039003100380043,6,100,-94,0.68,13,sell
8/07,2882,兆豐-新莊,0037003000300077,15,0,15,0.11,14,buy
8/07,2882,新光,8560,14,82,-68,0.49,14,sell
8/07,2882,華南永昌-敦南,9347,13,1,12,0.09,15,buy
8/07,2882,港商麥格理,1360,11,79,-68,0.49,15,sell
8/07,2303,新加坡商瑞銀,1650,8667,2618,6049,3.57,1,buy
8/07,2303,台新-台北,0039004200320030,684,13338,-12654,7.47,1,sell
8/07,2303,香港上海匯豐,8960,3140,795,2345,1.38,2,buy
8/07,2303,摩根大通,8440,2369,14556,-12187,7.2,2,sell
8/07,2303,國泰-敦南,8888,3782,1869,1913,1.13,3,buy
8/07,2303,元大證券,9800,12989,22690,-9701,5.73,3,sell
8/07,2303,美林,1440,2646,733,1913,1.13,4,buy
8/07,2303,台灣摩根士丹利,1470,1382,9043,-7661,4.52,4,sell
8/07,2303,群益金鼎,9100,1347,306,1041,0.61,5,buy
8/07,2303,富邦證券,9600,1706,6550,-4844,2.86,5,sell
8/07,2303,玉山證券,8840,1076,188,888,0.52,6,buy
8/07,2303,永豐金證券,0039004100300030,1288,6002,-4714,2.78,6,sell
8/07,2303,永豐金-匯立,0039004100380031,884,0,884,0.52,7,buy
8/07,2303,中國信託,6160,617,5137,-4520,2.67,7,sell
8/07,2303,華南永昌-林口,9317,677,21,656,0.39,8,buy
8/07,2303,美商高盛,1480,7368,10635,-3267,1.93,8,sell
8/07,2303,國泰-板橋,003800380038004b,739,239,500,0.3,9,buy
8/07,2303,統一,5850,270,3167,-2897,1.71,9,sell
8/07,2303,富邦-台北,9623,831,335,496,0.29,10,buy
8/07,2303,凱基-台北,9268,7457,10041,-2584,1.53,10,sell
8/07,2303,富邦-仁愛,9676,498,95,403,0.24,11,buy
8/07,2303,大和國泰,8890,0,2070,-2070,1.22,11,sell
8/07,2303,港商野村,1560,846,443,403,0.24,12,buy
8/07,2303,國票-敦北法人,0037003700390063,43,1882,-1839,1.09,12,sell
8/07,2303,第一金-忠孝,0035003300380044,384,4,380,0.22,13,buy
8/07,2303,凱基,9200,569,2157,-1588,0.94,13,sell
8/07,2303,富邦-陽明,9604,553,198,355,0.21,14,buy
8/07,2303,台新,0039004200300030,1321,2201,-880,0.52,14,sell
8/07,2303,國泰-松江,8883,441,109,332,0.2,15,buy
8/07,2303,國泰證券,8880,172,907,-735,0.43,15,sell
8/07,3711,玉山證券,8840,423,34,389,2.98,1,buy
8/07,3711,新加坡商瑞銀,1650,521,1526,-1005,7.7,1,sell
8/07,3711,港商麥格理,1360,514,215,299,2.29,2,buy
8/07,3711,摩根大通,8440,423,1259,-836,6.41,2,sell
8/07,3711,元大-沙鹿,0039003800300064,107,9,98,0.75,3,buy
8/07,3711,港商野村,1560,91,562,-471,3.61,3,sell
8/07,3711,富邦證券,9600,141,49,92,0.7,4,buy
8/07,3711,美商高盛,1480,377,753,-376,2.88,4,sell
8/07,3711,統一,5850,365,277,88,0.67,5,buy
8/07,3711,台灣摩根士丹利,1470,730,1008,-278,2.13,5,sell
8/07,3711,永豐金-匯立,0039004100380031,161,79,82,0.63,6,buy
8/07,3711,花旗環球,1590,293,442,-149,1.14,6,sell
8/07,3711,國泰-敦南,8888,317,246,71,0.54,7,buy
8/07,3711,美林,1440,151,286,-135,1.03,7,sell
8/07,3711,兆豐-大同,0037003000300053,71,1,70,0.54,8,buy
8/07,3711,永豐金證券,0039004100300030,51,166,-115,0.88,8,sell
8/07,3711,台新-五權西,0039004200320035,54,4,50,0.38,9,buy
8/07,3711,法銀巴黎,8900,0,72,-72,0.55,9,sell
8/07,3711,美好-蘆洲,5261,61,11,50,0.38,10,buy
8/07,3711,凱基-台中,9204,1,36,-35,0.27,10,sell
8/07,3711,玉山-左營,0038003800340044,56,9,47,0.36,11,buy
8/07,3711,中國信託-高雄,003600310036004b,41,74,-33,0.25,11,sell
8/07,3711,新光,8560,124,79,45,0.34,12,buy
8/07,3711,凱基-台北,9268,331,360,-29,0.22,12,sell
8/07,3711,凱基-虎尾,9236,48,4,44,0.34,13,buy
8/07,3711,元大-松江,9801,10,30,-20,0.15,13,sell
8/07,3711,國泰-高雄,8881,154,111,43,0.33,14,buy
8/07,3711,國票-安和,003700370039005a,7,24,-17,0.13,14,sell
8/07,3711,富邦-台北,9623,43,6,37,0.28,15,buy
8/07,3711,國票-博愛,003700370039007a,13,28,-15,0.11,15,sell
8/07,2603,元大證券,9800,892,126,766,12.71,1,buy
8/07,2603,群益金鼎,9100,34,236,-202,3.35,1,sell
8/07,2603,永豐金證券,0039004100300030,774,28,746,12.37,2,buy
8/07,2603,國泰-敦南,8888,16,153,-137,2.27,2,sell
8/07,2603,新加坡商瑞銀,1650,641,101,540,8.96,3,buy
8/07,2603,美林,1440,13,127,-114,1.89,3,sell
8/07,2603,花旗環球,1590,499,70,429,7.12,4,buy
8/07,2603,第一金-安和,003500330038006a,5,115,-110,1.82,4,sell
8/07,2603,永豐金-新莊,0039004100390048,420,8,412,6.83,5,buy
8/07,2603,中國信託,6160,23,129,-106,1.76,5,sell
8/07,2603,台灣摩根士丹利,1470,495,108,387,6.42,6,buy
8/07,2603,永豐金-萬盛,0039004100390032,0,93,-93,1.54,6,sell
8/07,2603,摩根大通,8440,464,98,366,6.07,7,buy
8/07,2603,元大-館前,003900380034004b,0,85,-85,1.41,7,sell
8/07,2603,凱基-台北,9268,571,222,349,5.79,8,buy
8/07,2603,國泰-板橋,003800380038004b,1,55,-54,0.9,8,sell
8/07,2603,統一,5850,74,23,51,0.85,9,buy
8/07,2603,光和-和美,6383,0,51,-51,0.85,9,sell
8/07,2603,美商高盛,1480,273,230,43,0.71,10,buy
8/07,2603,台新,0039004200300030,6,52,-46,0.76,10,sell
8/07,2603,華南永昌-板橋,9349,40,16,24,0.4,11,buy
8/07,2603,元大-永康,9829,1,47,-46,0.76,11,sell
8/07,2603,中國信託-中壢,0036003100360041,26,2,24,0.4,12,buy
8/07,2603,新光,8560,9,54,-45,0.75,12,sell
8/07,2603,富邦-台中,003900360035004b,31,8,23,0.38,13,buy
8/07,2603,元大-龍潭,9858,2,45,-43,0.71,13,sell
8/07,2603,台新-松德,0039004200320061,18,1,17,0.28,14,buy
8/07,2603,台新-三重,0039004200320033,0,35,-35,0.58,14,sell
8/07,2603,永豐金-古亭,0039004100390064,15,2,13,0.22,15,buy
8/07,2603,臺銀-民權,1043,3,37,-34,0.56,15,sell
8/07,2609,凱基-台北,9268,949,108,841,8.49,1,buy
8/07,2609,花旗環球,1590,74,1019,-945,9.54,1,sell
8/07,2609,摩根大通,8440,1025,494,531,5.36,2,buy
8/07,2609,美商高盛,1480,1356,2275,-919,9.28,2,sell
8/07,2609,富邦-南京,0039003600310043,413,3,410,4.14,3,buy
8/07,2609,元大-忠孝,9871,3,153,-150,1.51,3,sell
8/07,2609,富邦證券,9600,343,0,343,3.46,4,buy
8/07,2609,永豐金證券,0039004100300030,20,158,-138,1.39,4,sell
8/07,2609,新加坡商瑞銀,1650,403,149,254,2.57,5,buy
8/07,2609,元大-大里,0039003800310067,18,92,-74,0.75,5,sell
8/07,2609,台灣摩根士丹利,1470,981,804,177,1.79,6,buy
8/07,2609,港商野村,1560,14,86,-72,0.73,6,sell
8/07,2609,統一-基隆,0035003800350041,110,2,108,1.09,7,buy
8/07,2609,美林,1440,25,97,-72,0.73,7,sell
8/07,2609,法銀巴黎,8900,108,0,108,1.09,8,buy
8/07,2609,群益金鼎-士林,9137,0,65,-65,0.66,8,sell
8/07,2609,永豐金-古亭,0039004100390064,150,67,83,0.84,9,buy
8/07,2609,合庫-新竹,0031003000320041,6,66,-60,0.61,9,sell
8/07,2609,聯邦-三重,8585,60,0,60,0.61,10,buy
8/07,2609,新光,8560,30,84,-54,0.55,10,sell
8/07,2609,國票-北高雄,003700370039004a,213,167,46,0.46,11,buy
8/07,2609,永豐金-鳳山,0039004100360031,7,60,-53,0.54,11,sell
8/07,2609,群益金鼎-鳳山,0039003100380063,41,0,41,0.41,12,buy
8/07,2609,國票-九鼎,0037003700390050,9,62,-53,0.54,12,sell
8/07,2609,華南永昌-小港,9323,38,0,38,0.38,13,buy
8/07,2609,永豐金-北高雄,0039004100390072,3,55,-52,0.53,13,sell
8/07,2609,兆豐證券,7000,56,20,36,0.36,14,buy
8/07,2609,彰銀-七賢,1232,0,50,-50,0.5,14,sell
8/07,2609,元大-西螺,0039003800310069,35,1,34,0.34,15,buy
8/07,2609,致和-崇德,0037003000330042,8,57,-49,0.49,15,sell
8/07,2615,元大證券,9800,791,163,628,16.24,1,buy
8/07,2615,凱基-台北,9268,151,277,-126,3.26,1,sell
8/07,2615,摩根大通,8440,388,89,299,7.73,2,buy
8/07,2615,富邦-台北,9623,14,123,-109,2.82,2,sell
8/07,2615,富邦證券,9600,112,2,110,2.84,3,buy
8/07,2615,合庫證券,1020,0,100,-100,2.59,3,sell
8/07,2615,新加坡商瑞銀,1650,139,74,65,1.68,4,buy
8/07,2615,花旗環球,1590,22,113,-91,2.35,4,sell
8/07,2615,永豐金證券,0039004100300030,78,22,56,1.45,5,buy
8/07,2615,美商高盛,1480,266,341,-75,1.94,5,sell
8/07,2615,中國信託-中壢,0036003100360041,50,1,49,1.27,6,buy
8/07,2615,元大-天母,0039003800310049,0,66,-66,1.71,6,sell
8/07,2615,美林,1440,315,267,48,1.24,7,buy
8/07,2615,合庫-高雄,1023,0,50,-50,1.29,7,sell
8/07,2615,玉山-信義,0038003800340043,40,4,36,0.93,8,buy
8/07,2615,元大-台北,0039003800300068,0,45,-45,1.16,8,sell
8/07,2615,群益金鼎-宜蘭,003900310038007a,39,3,36,0.93,9,buy
8/07,2615,富邦-木柵,003900360031004d,6,51,-45,1.16,9,sell
8/07,2615,國泰-桃園,8885,36,7,29,0.75,10,buy
8/07,2615,國泰-敦南,8888,29,68,-39,1.01,10,sell
8/07,2615,群益金鼎,9100,30,4,26,0.67,11,buy
8/07,2615,合庫-自強,0031003000320043,10,48,-38,0.98,11,sell
8/07,2615,元大-新竹經國,9859,23,0,23,0.59,12,buy
8/07,2615,元大-台中,9812,5,35,-30,0.78,12,sell
8/07,2615,台新,0039004200300030,21,5,16,0.41,13,buy
8/07,2615,凱基-市府,0039003200300044,15,42,-27,0.7,13,sell
8/07,2615,凱基-台南,9211,16,0,16,0.41,14,buy
8/07,2615,台灣摩根士丹利,1470,198,224,-26,0.67,14,sell
8/07,2615,元大-竹南,0039003800330056,15,0,15,0.39,15,buy
8/07,2615,兆豐-來福,0037003000300043,0,25,-25,0.65,15,sell
8/07,2618,台灣摩根士丹利,1470,6447,497,5950,15.9,1,buy
8/07,2618,新光-新竹,8563,5,1064,-1059,2.83,1,sell
8/07,2618,元大證券,9800,7497,1702,5795,15.49,2,buy
8/07,2618,富邦-新竹,9647,7,615,-608,1.62,2,sell
8/07,2618,新加坡商瑞銀,1650,4230,61,4169,11.14,3,buy
8/07,2618,兆豐-新竹,0037003000300056,12,530,-518,1.38,3,sell
8/07,2618,美商高盛,1480,2785,281,2504,6.69,4,buy
8/07,2618,國泰-敦南,8888,146,559,-413,1.1,4,sell
8/07,2618,富邦證券,9600,2122,42,2080,5.56,5,buy
8/07,2618,元大-內湖,003900380039004e,36,442,-406,1.09,5,sell
8/07,2618,永豐金-匯立,0039004100380031,1550,0,1550,4.14,6,buy
8/07,2618,永豐金-台中,003900410039004c,1,405,-404,1.08,6,sell
8/07,2618,法銀巴黎,8900,1538,40,1498,4.0,7,buy
8/07,2618,元大-龍潭,9858,5,357,-352,0.94,7,sell
8/07,2618,凱基-台北,9268,2084,1113,971,2.59,8,buy
8/07,2618,國泰-忠孝,8887,2,350,-348,0.93,8,sell
8/07,2618,美林,1440,590,295,295,0.79,9,buy
8/07,2618,元大-天母,0039003800310049,8,317,-309,0.83,9,sell
8/07,2618,國票-南京,003700370039006e,253,34,219,0.59,10,buy
8/07,2618,台新,0039004200300030,39,324,-285,0.76,10,sell
8/07,2618,富邦-嘉義,9692,191,15,176,0.47,11,buy
8/07,2618,香港上海匯豐,8960,0,278,-278,0.74,11,sell
8/07,2618,群益金鼎-新莊,0039003100380047,178,14,164,0.44,12,buy
8/07,2618,花旗環球,1590,51,327,-276,0.74,12,sell
8/07,2618,永豐金證券,0039004100300030,464,343,121,0.32,13,buy
8/07,2618,新光,8560,121,391,-270,0.72,13,sell
8/07,2618,兆豐證券,7000,117,2,115,0.31,14,buy
8/07,2618,玉山證券,8840,23,269,-246,0.66,14,sell
8/07,2618,華南永昌-東勢,9358,101,6,95,0.25,15,buy
8/07,2618,富邦-花蓮,9621,4,239,-235,0.63,15,sell
8/07,3037,美商高盛,1480,1213,886,327,1.51,1,buy
8/07,3037,元大證券,9800,2137,2920,-783,3.63,1,sell
8/07,3037,國泰證券,8880,425,104,321,1.49,2,buy
8/07,3037,花旗環球,1590,89,700,-611,2.83,2,sell
8/07,3037,摩根大通,8440,631,446,185,0.86,3,buy
8/07,3037,台灣摩根士丹利,1470,1400,1886,-486,2.25,3,sell
8/07,3037,港商麥格理,1360,191,8,183,0.85,4,buy
8/07,3037,台新-台北,0039004200320030,29,309,-280,1.3,4,sell
8/07,3037,元大-新盛,9869,198,17,181,0.84,5,buy
8/07,3037,永豐金-內湖,0039004100390067,19,189,-170,0.79,5,sell
8/07,3037,永豐金證券,0039004100300030,441,291,150,0.69,6,buy
8/07,3037,台新,0039004200300030,155,259,-104,0.48,6,sell
8/07,3037,永豐金-匯立,0039004100380031,109,0,109,0.5,7,buy
8/07,3037,中國信託-松江,6167,16,88,-72,0.33,7,sell
8/07,3037,港商野村,1560,200,96,104,0.48,8,buy
8/07,3037,美林,1440,390,459,-69,0.32,8,sell
8/07,3037,台新-北新莊,0039004200320038,79,2,77,0.36,9,buy
8/07,3037,康和,8450,18,84,-66,0.31,9,sell
8/07,3037,凱基,9200,80,16,64,0.3,10,buy
8/07,3037,富邦-新店,9661,21,73,-52,0.24,10,sell
8/07,3037,富邦-台北,9623,71,25,46,0.21,11,buy
8/07,3037,合庫-自強,0031003000320043,2,50,-48,0.22,11,sell
8/07,3037,富邦-桃園,9665,65,20,45,0.21,12,buy
8/07,3037,華南永昌,9300,65,105,-40,0.19,12,sell
8/07,3037,新加坡商瑞銀,1650,555,517,38,0.18,13,buy
8/07,3037,凱基-站前,0039003200300046,31,65,-34,0.16,13,sell
8/07,3037,國泰-敦南,8888,870,833,37,0.17,14,buy
8/07,3037,群益金鼎,9100,208,238,-30,0.14,14,sell
8/07,3037,元大-北屯,0039003800390064,50,16,34,0.16,15,buy
8/07,3037,玉山-台中,0038003800340042,112,140,-28,0.13,15,sell
8/07,2345,美林,1440,324,82,242,5.73,1,buy
8/07,2345,美商高盛,1480,227,563,-336,7.95,1,sell
8/07,2345,永豐金-匯立,0039004100380031,95,1,94,2.22,2,buy
8/07,2345,摩根大通,8440,163,482,-319,7.55,2,sell
8/07,2345,宏遠證券,1260,61,0,61,1.44,3,buy
8/07,2345,台灣摩根士丹利,1470,71,367,-296,7.0,3,sell
8/07,2345,新光,8560,55,1,54,1.28,4,buy
8/07,2345,元大證券,9800,347,584,-237,5.61,4,sell
8/07,2345,永豐金證券,0039004100300030,129,77,52,1.23,5,buy
8/07,2345,群益金鼎,9100,31,164,-133,3.15,5,sell
8/07,2345,國泰-桃園,8885,53,1,52,1.23,6,buy
8/07,2345,港商野村,1560,2,106,-104,2.46,6,sell
8/07,2345,康和-仁愛,0038003400350046,41,0,41,0.97,7,buy
8/07,2345,凱基,9200,30,128,-98,2.32,7,sell
8/07,2345,國泰-板橋,003800380038004b,43,3,40,0.95,8,buy
8/07,2345,玉山證券,8840,10,95,-85,2.01,8,sell
8/07,2345,凱基-台北,9268,269,231,38,0.9,9,buy
8/07,2345,富邦證券,9600,53,135,-82,1.94,9,sell
8/07,2345,國泰-敦南,8888,50,20,30,0.71,10,buy
8/07,2345,港商麥格理,1360,1,76,-75,1.77,10,sell
8/07,2345,元大-新盛,9869,28,0,28,0.66,11,buy
8/07,2345,花旗環球,1590,48,87,-39,0.92,11,sell
8/07,2345,凱基-站前,0039003200300046,22,3,19,0.45,12,buy
8/07,2345,國泰證券,8880,60,90,-30,0.71,12,sell
8/07,2345,玉山-台中,0038003800340042,16,0,16,0.38,13,buy
8/07,2345,香港上海匯豐,8960,3,33,-30,0.71,13,sell
8/07,2345,台新,0039004200300030,29,13,16,0.38,14,buy
8/07,2345,凱基-興隆,9289,0,26,-26,0.62,14,sell
8/07,2345,富邦-陽明,9604,18,4,14,0.33,15,buy
8/07,2345,新加坡商瑞銀,1650,137,162,-25,0.59,15,sell
8/07,3006,台灣摩根士丹利,1470,2255,407,1848,9.48,1,buy
8/07,3006,國票-安和,003700370039005a,63,511,-448,2.3,1,sell
8/07,3006,新加坡商瑞銀,1650,1096,517,579,2.97,2,buy
8/07,3006,摩根大通,8440,374,729,-355,1.82,2,sell
8/07,3006,元大-中山北路,0039003800300061,237,44,193,0.99,3,buy
8/07,3006,富邦證券,9600,121,387,-266,1.36,3,sell
8/07,3006,凱基-台北,9268,1347,1190,157,0.81,4,buy
8/07,3006,元大-花蓮,9856,9,145,-136,0.7,4,sell
8/07,3006,玉山-士林,0038003800340041,138,9,129,0.66,5,buy
8/07,3006,花旗環球,1590,3,89,-86,0.44,5,sell
8/07,3006,兆豐-新竹,0037003000300056,135,14,121,0.62,6,buy
8/07,3006,元大-天母,0039003800310049,7,74,-67,0.34,6,sell
8/07,3006,元大證券,9800,1672,1568,104,0.53,7,buy
8/07,3006,國泰-敦南,8888,472,537,-65,0.33,7,sell
8/07,3006,富邦-中壢,9636,125,26,99,0.51,8,buy
8/07,3006,聯邦證券,8580,29,91,-62,0.32,8,sell
8/07,3006,統一,5850,131,43,88,0.45,9,buy
8/07,3006,美林,1440,144,199,-55,0.28,9,sell
8/07,3006,凱基-湖口,003900320030004e,67,5,62,0.32,10,buy
8/07,3006,兆豐-高雄,003700300030005a,31,86,-55,0.28,10,sell
8/07,3006,美商高盛,1480,1023,982,41,0.21,11,buy
8/07,3006,元大-大里,0039003800310067,30,80,-50,0.26,11,sell
8/07,3006,元大-台中中港,0039003800390042,50,10,40,0.21,12,buy
8/07,3006,富邦-板橋,9655,26,72,-46,0.24,12,sell
8/07,3006,台新-西松,003900420032006e,48,9,39,0.2,13,buy
8/07,3006,凱基-中壢,9285,46,91,-45,0.23,13,sell
8/07,3006,兆豐-員林,003700300030006b,53,15,38,0.19,14,buy
8/07,3006,永豐金-永康,0039004100390063,17,61,-44,0.23,14,sell
8/07,3006,國泰-台中,8882,117,80,37,0.19,15,buy
8/07,3006,永豐金-匯立,0039004100380031,20,61,-41,0.21,15,sell
8/07,2379,台灣摩根士丹利,1470,413,42,371,12.55,1,buy
8/07,2379,摩根大通,8440,130,728,-598,20.22,1,sell
8/07,2379,美商高盛,1480,244,45,199,6.73,2,buy
8/07,2379,香港上海匯豐,8960,21,154,-133,4.5,2,sell
8/07,2379,富邦證券,9600,197,5,192,6.49,3,buy
8/07,2379,美林,1440,194,291,-97,3.28,3,sell
8/07,2379,中國信託,6160,183,51,132,4.46,4,buy
8/07,2379,台新,0039004200300030,8,57,-49,1.66,4,sell
8/07,2379,新加坡商瑞銀,1650,158,72,86,2.91,5,buy
8/07,2379,富邦-彰化,0039003600350055,2,40,-38,1.29,5,sell
8/07,2379,港商麥格理,1360,64,13,51,1.72,6,buy
8/07,2379,兆豐證券,7000,0,30,-30,1.01,6,sell
8/07,2379,法銀巴黎,8900,18,2,16,0.54,7,buy
8/07,2379,元大證券,9800,195,220,-25,0.85,7,sell
8/07,2379,永豐金-匯立,0039004100380031,16,0,16,0.54,8,buy
8/07,2379,華南永昌-竹北,9339,1,24,-23,0.78,8,sell
8/07,2379,元大-和平,9863,18,3,15,0.51,9,buy
8/07,2379,合庫證券,1020,0,21,-21,0.71,9,sell
8/07,2379,花旗環球,1590,59,45,14,0.47,10,buy
8/07,2379,凱基-台北,9268,179,198,-19,0.64,10,sell
8/07,2379,玉山證券,8840,23,9,14,0.47,11,buy
8/07,2379,統一-新竹,5857,0,19,-19,0.64,11,sell
8/07,2379,華南永昌-中正,9359,15,1,14,0.47,12,buy
8/07,2379,元大-新竹,9816,4,13,-9,0.3,12,sell
8/07,2379,國泰-敦南,8888,44,31,13,0.44,13,buy
8/07,2379,高橋,5320,0,9,-9,0.3,13,sell
8/07,2379,凱基,9200,22,9,13,0.44,14,buy
8/07,2379,元大-天母,0039003800310049,4,10,-6,0.2,14,sell
8/07,2379,港商野村,1560,14,3,11,0.37,15,buy
8/07,2379,元大-草屯,0039003800390045,4,10,-6,0.2,15,sell
8/07,3034,美商高盛,1480,551,172,379,10.88,1,buy
8/07,3034,新加坡商瑞銀,1650,198,511,-313,8.98,1,sell
8/07,3034,台灣摩根士丹利,1470,379,77,302,8.67,2,buy
8/07,3034,元大證券,9800,377,549,-172,4.94,2,sell
8/07,3034,凱基-台北,9268,411,161,250,7.18,3,buy
8/07,3034,港商野村,1560,26,183,-157,4.51,3,sell
8/07,3034,富邦證券,9600,126,1,125,3.59,4,buy
8/07,3034,美林,1440,19,124,-105,3.01,4,sell
8/07,3034,摩根大通,8440,442,361,81,2.32,5,buy
8/07,3034,花旗環球,1590,36,85,-49,1.41,5,sell
8/07,3034,港商麥格理,1360,35,6,29,0.83,6,buy
8/07,3034,法銀巴黎,8900,0,40,-40,1.15,6,sell
8/07,3034,台新-永和,0039004200320042,16,0,16,0.46,7,buy
8/07,3034,元大-中山北路,0039003800300061,2,39,-37,1.06,7,sell
8/07,3034,台新-松德,0039004200320061,16,1,15,0.43,8,buy
8/07,3034,群益金鼎,9100,10,43,-33,0.95,8,sell
8/07,3034,國泰-敦南,8888,30,15,15,0.43,9,buy
8/07,3034,凱基,9200,27,49,-22,0.63,9,sell
8/07,3034,群益金鼎-新竹,9186,16,2,14,0.4,10,buy
8/07,3034,台新-建北,0039004200310038,3,24,-21,0.6,10,sell
8/07,3034,香港上海匯豐,8960,12,0,12,0.34,11,buy
8/07,3034,群益金鼎-桃園,9189,0,20,-20,0.57,11,sell
8/07,3034,台新-大裕,003900420032006c,10,0,10,0.29,12,buy
8/07,3034,玉山-數位,003800380034004d,0,16,-16,0.46,12,sell
8/07,3034,群益金鼎-中壢,0039003100380041,10,0,10,0.29,13,buy
8/07,3034,宏遠證券,1260,0,15,-15,0.43,13,sell
8/07,3034,元大-大甲,0039003800390055,8,0,8,0.23,14,buy
8/07,3034,凱基-站前,0039003200300046,1,16,-15,0.43,14,sell
8/07,3034,永豐金-匯立,0039004100380031,9,1,8,0.23,15,buy
8/07,3034,富邦-台北,9623,39,51,-12,0.34,15,sell
8/07,2412,美商高盛,1480,1150,468,682,9.85,1,buy
8/07,2412,台新-城東,0039004200320072,0,620,-620,8.96,1,sell
8/07,2412,摩根大通,8440,882,279,603,8.71,2,buy
8/07,2412,宏遠證券,1260,0,500,-500,7.22,2,sell
8/07,2412,新加坡商瑞銀,1650,888,532,356,5.14,3,buy
8/07,2412,凱基,9200,0,499,-499,7.21,3,sell
8/07,2412,永豐金證券,0039004100300030,402,47,355,5.13,4,buy
8/07,2412,花旗環球,1590,31,299,-268,3.87,4,sell
8/07,2412,凱基-台北,9268,536,422,114,1.65,5,buy
8/07,2412,臺銀-臺南,1042,9,181,-172,2.48,5,sell
8/07,2412,港商麥格理,1360,74,0,74,1.07,6,buy
8/07,2412,台灣摩根士丹利,1470,446,572,-126,1.82,6,sell
8/07,2412,美林,1440,115,47,68,0.98,7,buy
8/07,2412,永豐金-新莊,0039004100390048,0,100,-100,1.44,7,sell
8/07,2412,元大證券,9800,244,189,55,0.79,8,buy
8/07,2412,華南永昌-中正,9359,434,522,-88,1.27,8,sell
8/07,2412,彰銀-台中,1233,53,1,52,0.75,9,buy
8/07,2412,亞東,2180,5,87,-82,1.18,9,sell
8/07,2412,中國信託,6160,116,76,40,0.58,10,buy
8/07,2412,永豐金-匯立,0039004100380031,56,137,-81,1.17,10,sell
8/07,2412,富邦-新板,0039003600310048,50,12,38,0.55,11,buy
8/07,2412,元大-永春,9852,0,36,-36,0.52,11,sell
8/07,2412,元大-文心,9868,29,0,29,0.42,12,buy
8/07,2412,永豐金-彰化,0039004100390073,1,35,-34,0.49,12,sell
8/07,2412,國泰-桃園,8885,31,3,28,0.4,13,buy
8/07,2412,元大-鑫永和,9888,0,31,-31,0.45,13,sell
8/07,2412,華南永昌,9300,30,3,27,0.39,14,buy
8/07,2412,群益金鼎-東湖,003900310038004b,20,50,-30,0.43,14,sell
8/07,2412,台新-九如,0039004200320031,22,1,21,0.3,15,buy
8/07,2412,元大-成功,003900380039004c,15,38,-23,0.33,15,sell
8/07,3231,美商高盛,1480,6323,2920,3403,5.2,1,buy
8/07,3231,兆豐證券,7000,133,5207,-5074,7.76,1,sell
8/07,3231,美林,1440,3832,550,3282,5.02,2,buy
8/07,3231,華南永昌,9300,173,2178,-2005,3.06,2,sell
8/07,3231,台灣摩根士丹利,1470,3737,1202,2535,3.88,3,buy
8/07,3231,國泰證券,8880,16,1754,-1738,2.66,3,sell
8/07,3231,元大證券,9800,6501,3969,2532,3.87,4,buy
8/07,3231,宏遠證券,1260,100,1568,-1468,2.24,4,sell
8/07,3231,凱基-台北,9268,4188,2308,1880,2.87,5,buy
8/07,3231,國票-安和,003700370039005a,54,851,-797,1.22,5,sell
8/07,3231,新加坡商瑞銀,1650,3253,1756,1497,2.29,6,buy
8/07,3231,港商野村,1560,227,991,-764,1.17,6,sell
8/07,3231,群益金鼎,9100,1201,427,774,1.18,7,buy
8/07,3231,富邦-建國,9658,128,847,-719,1.1,7,sell
8/07,3231,統一-三多,0035003800350051,509,1,508,0.78,8,buy
8/07,3231,國票-敦北法人,0037003700390063,25,505,-480,0.73,8,sell
8/07,3231,永豐金-匯立,0039004100380031,377,0,377,0.58,9,buy
8/07,3231,兆豐-新竹,0037003000300056,21,470,-449,0.69,9,sell
8/07,3231,合庫證券,1020,365,31,334,0.51,10,buy
8/07,3231,元大-新竹經國,9859,58,482,-424,0.65,10,sell
8/07,3231,香港上海匯豐,8960,394,112,282,0.43,11,buy
8/07,3231,元大-忠孝,9871,152,574,-422,0.65,11,sell
8/07,3231,土銀-高雄,1033,212,5,207,0.32,12,buy
8/07,3231,國泰-敦南,8888,1108,1510,-402,0.61,12,sell
8/07,3231,玉山-新莊,8842,202,42,160,0.24,13,buy
8/07,3231,凱基-中山,9229,35,429,-394,0.6,13,sell
8/07,3231,國票證券,7790,206,57,149,0.23,14,buy
8/07,3231,華南永昌-鶯歌,9319,18,393,-375,0.57,14,sell
8/07,3231,台新-台北,0039004200320030,237,114,123,0.19,15,buy
8/07,3231,第一金,5380,28,323,-295,0.45,15,sell
8/07,2883,凱基,9200,4202,0,4202,15.6,1,buy
8/07,2883,元大證券,9800,1464,4468,-3004,11.15,1,sell
8/07,2883,美林,1440,4623,1773,2850,10.58,2,buy
8/07,2883,台灣摩根士丹利,1470,574,2656,-2082,7.73,2,sell
8/07,2883,永豐金證券,0039004100300030,1643,278,1365,5.07,3,buy
8/07,2883,美商高盛,1480,932,2679,-1747,6.48,3,sell
8/07,2883,新加坡商瑞銀,1650,1133,330,803,2.98,4,buy
8/07,2883,凱基-台北,9268,1073,2722,-1649,6.12,4,sell
8/07,2883,摩根大通,8440,1824,1089,735,2.73,5,buy
8/07,2883,大和國泰,8890,0,545,-545,2.02,5,sell
8/07,2883,台新-信義,0039004200320048,660,224,436,1.62,6,buy
8/07,2883,法銀巴黎,8900,1,492,-491,1.82,6,sell
8/07,2883,兆豐-北高雄,0037003000300049,406,17,389,1.44,7,buy
8/07,2883,元大-東港,0039003800390066,4,388,-384,1.43,7,sell
8/07,2883,台新-台中,0039004200310068,280,21,259,0.96,8,buy
8/07,2883,統一,5850,1,333,-332,1.23,8,sell
8/07,2883,國泰-敦南,8888,512,309,203,0.75,9,buy
8/07,2883,花旗環球,1590,1181,1500,-319,1.18,9,sell
8/07,2883,元大-北府,0039003800300044,206,5,201,0.75,10,buy
8/07,2883,凱基-彰化,0039003200300047,1,231,-230,0.85,10,sell
8/07,2883,元大-基隆孝二,003900380036004b,192,0,192,0.71,11,buy
8/07,2883,凱基-鳳山,9274,9,231,-222,0.82,11,sell
8/07,2883,永豐金-高雄,0039004100390065,115,6,109,0.4,12,buy
8/07,2883,富邦證券,9600,199,351,-152,0.56,12,sell
8/07,2883,元大-中和,0039003800390065,102,0,102,0.38,13,buy
8/07,2883,台新,0039004200300030,98,234,-136,0.5,13,sell
8/07,2883,富邦-頭份,0039003600320050,100,3,97,0.36,14,buy
8/07,2883,元大-永春,9852,0,104,-104,0.39,14,sell
8/07,2883,元大-汐止,0039003800390051,104,8,96,0.36,15,buy
8/07,2883,美好-中壢,5266,0,100,-100,0.37,15,sell
8/07,2002,美商高盛,1480,7874,1233,6641,22.93,1,buy
8/07,2002,美林,1440,799,2281,-1482,5.12,1,sell
8/07,2002,台灣摩根士丹利,1470,4083,226,3857,13.32,2,buy
8/07,2002,永豐金證券,0039004100300030,26,511,-485,1.67,2,sell
8/07,2002,摩根大通,8440,4488,1847,2641,9.12,3,buy
8/07,2002,兆豐-台中港,7005,2,454,-452,1.56,3,sell
8/07,2002,新加坡商瑞銀,1650,1162,515,647,2.23,4,buy
8/07,2002,花旗環球,1590,966,1337,-371,1.28,4,sell
8/07,2002,第一金-忠孝,0035003300380044,260,19,241,0.83,5,buy
8/07,2002,康和-嘉義,8459,1,303,-302,1.04,5,sell
8/07,2002,兆豐證券,7000,224,1,223,0.77,6,buy
8/07,2002,國泰-台中,8882,15,307,-292,1.01,6,sell
8/07,2002,凱基-台北,9268,1360,1142,218,0.75,7,buy
8/07,2002,國泰-敦南,8888,147,395,-248,0.86,7,sell
8/07,2002,元大-基隆孝二,003900380036004b,202,1,201,0.69,8,buy
8/07,2002,台中銀-豐原,0036003100310041,0,225,-225,0.78,8,sell
8/07,2002,華南永昌-鳳山,9331,205,23,182,0.63,9,buy
8/07,2002,台新-文心,003900420032007a,5,218,-213,0.74,9,sell
8/07,2002,永豐金-敦南,0039004100380046,201,21,180,0.62,10,buy
8/07,2002,元大-大里,0039003800310067,1,208,-207,0.71,10,sell
8/07,2002,凱基-八德,003900320031004d,201,40,161,0.56,11,buy
8/07,2002,新光,8560,137,341,-204,0.7,11,sell
8/07,2002,臺銀-臺中,0031003000340041,163,25,138,0.48,12,buy
8/07,2002,玉山-高雄,8843,3,203,-200,0.69,12,sell
8/07,2002,台中銀,6110,102,2,100,0.35,13,buy
8/07,2002,臺銀-高雄,0031003000340043,22,210,-188,0.65,13,sell
8/07,2002,元大-斗信,9884,105,14,91,0.31,14,buy
8/07,2002,元大-蘆洲,9857,1,176,-175,0.6,14,sell
8/07,2002,富邦-嘉義,9692,110,23,87,0.3,15,buy
8/07,2002,(牛牛牛)亞-鑫豐,0036003000310064,10,166,-156,0.54,15,sell
8/07,2884,台新-建北,0039004200310038,2102,0,2102,12.1,1,buy
8/07,2884,美商高盛,1480,1800,3346,-1546,8.9,1,sell
8/07,2884,摩根大通,8440,2024,315,1709,9.84,2,buy
8/07,2884,永豐金證券,0039004100300030,24,693,-669,3.85,2,sell
8/07,2884,統一,5850,1382,15,1367,7.87,3,buy
8/07,2884,花旗環球,1590,470,890,-420,2.42,3,sell
8/07,2884,凱基-台北,9268,2542,1297,1245,7.17,4,buy
8/07,2884,玉山-大里,003800380034004a,0,307,-307,1.77,4,sell
8/07,2884,群益金鼎,9100,511,18,493,2.84,5,buy
8/07,2884,永豐金-市政,0039004100390057,1,296,-295,1.7,5,sell
8/07,2884,兆豐證券,7000,394,7,387,2.23,6,buy
8/07,2884,美林,1440,800,1093,-293,1.69,6,sell
8/07,2884,台灣摩根士丹利,1470,1646,1446,200,1.15,7,buy
8/07,2884,統一-新台中,0035003800350044,10,263,-253,1.46,7,sell
8/07,2884,合庫-鳳山,1029,190,0,190,1.09,8,buy
8/07,2884,元大證券,9800,700,874,-174,1.0,8,sell
8/07,2884,富邦證券,9600,83,3,80,0.46,9,buy
8/07,2884,宏遠-高雄,0031003200360051,0,154,-154,0.89,9,sell
8/07,2884,香港上海匯豐,8960,71,0,71,0.41,10,buy
8/07,2884,國泰-敦南,8888,32,163,-131,0.75,10,sell
8/07,2884,康和,8450,70,0,70,0.4,11,buy
8/07,2884,第一金-桃園,5385,1,101,-100,0.58,11,sell
8/07,2884,中國信託,6160,132,65,67,0.39,12,buy
8/07,2884,臺銀-臺南,1042,11,107,-96,0.55,12,sell
8/07,2884,華南永昌-台南,9306,53,0,53,0.31,13,buy
8/07,2884,華南永昌-內壢,9337,1,96,-95,0.55,13,sell
8/07,2884,兆豐-三民,0037003000300068,50,3,47,0.27,14,buy
8/07,2884,凱基-板橋,0039003200300041,0,88,-88,0.51,14,sell
8/07,2884,土銀,1030,30,5,25,0.14,15,buy
8/07,2884,台新,0039004200300030,15,91,-76,0.44,15,sell
8/07,2610,台新,0039004200300030,6905,129,6776,22.2,1,buy
8/07,2610,摩根大通,8440,1542,2738,-1196,3.92,1,sell
8/07,2610,美林,1440,5228,453,4775,15.65,2,buy
8/07,2610,玉山-信義,0038003800340043,21,1035,-1014,3.32,2,sell
8/07,2610,花旗環球,1590,1294,105,1189,3.9,3,buy
8/07,2610,群益金鼎-土城,003900310033004e,0,824,-824,2.7,3,sell
8/07,2610,台灣摩根士丹利,1470,3738,2856,882,2.89,4,buy
8/07,2610,新加坡商瑞銀,1650,905,1505,-600,1.97,4,sell
8/07,2610,永豐金-匯立,0039004100380031,799,0,799,2.62,5,buy
8/07,2610,富邦-中壢,9636,5,569,-564,1.85,5,sell
8/07,2610,凱基-台北,9268,2387,1948,439,1.44,6,buy
8/07,2610,華南永昌-中正,9359,0,505,-505,1.65,6,sell
8/07,2610,凱基,9200,420,1,419,1.37,7,buy
8/07,2610,台灣企銀-民雄,0031003100310041,20,451,-431,1.41,7,sell
8/07,2610,宏遠證券,1260,310,1,309,1.01,8,buy
8/07,2610,元大-東泰,9817,20,382,-362,1.19,8,sell
8/07,2610,華南永昌-大甲,9315,180,2,178,0.58,9,buy
8/07,2610,國泰-敦南,8888,86,379,-293,0.96,9,sell
8/07,2610,兆豐證券,7000,171,21,150,0.49,10,buy
8/07,2610,華南永昌-楠梓,9332,0,277,-277,0.91,10,sell
8/07,2610,群益金鼎,9100,134,9,125,0.41,11,buy
8/07,2610,富邦-永和,9654,18,289,-271,0.89,11,sell
8/07,2610,元大-雙和,9874,126,9,117,0.38,12,buy
8/07,2610,中國信託-高雄,003600310036004b,27,246,-219,0.72,12,sell
8/07,2610,元大證券,9800,561,450,111,0.36,13,buy
8/07,2610,富邦-八德,0039003600330041,12,221,-209,0.68,13,sell
8/07,2610,中國信託,6160,120,35,85,0.28,14,buy
8/07,2610,永豐金-大園,0039004100390038,0,205,-205,0.67,14,sell
8/07,2610,華南永昌,9300,97,13,84,0.28,15,buy
8/07,2610,光和-高雄,0036003300380044,0,204,-204,0.67,15,sell
8/07,1402,台灣摩根士丹利,1470,3687,40,3647,17.2,1,buy
8/07,1402,統一,5850,26,2507,-2481,11.7,1,sell
8/07,1402,美商高盛,1480,3933,1247,2686,12.67,2,buy
8/07,1402,宏遠證券,1260,0,1725,-1725,8.14,2,sell
8/07,1402,新加坡商瑞銀,1650,1469,38,1431,6.75,3,buy
8/07,1402,香港上海匯豐,8960,0,1358,-1358,6.4,3,sell
8/07,1402,凱基-台北,9268,2506,1528,978,4.61,4,buy
8/07,1402,凱基,9200,2,1015,-1013,4.78,4,sell
8/07,1402,花旗環球,1590,1041,143,898,4.24,5,buy
8/07,1402,摩根大通,8440,1987,2682,-695,3.28,5,sell
8/07,1402,亞東,2180,733,12,721,3.4,6,buy
8/07,1402,元大證券,9800,917,1414,-497,2.34,6,sell
8/07,1402,港商野村,1560,393,0,393,1.85,7,buy
8/07,1402,台新-中港,0039004200320069,82,382,-300,1.41,7,sell
8/07,1402,彰銀-七賢,1232,372,49,323,1.52,8,buy
8/07,1402,富邦-新竹,9647,7,204,-197,0.93,8,sell
8/07,1402,國票-中和,0037003700390058,200,0,200,0.94,9,buy
8/07,1402,台灣企銀-嘉義,1114,0,150,-150,0.71,9,sell
8/07,1402,元大-楊梅,0039003800370041,131,6,125,0.59,10,buy
8/07,1402,新光,8560,131,260,-129,0.61,10,sell
8/07,1402,中國信託,6160,126,10,116,0.55,11,buy
8/07,1402,美林,1440,343,469,-126,0.59,11,sell
8/07,1402,兆豐-三民,0037003000300068,103,0,103,0.49,12,buy
8/07,1402,(牛牛牛)亞-鑫豐,0036003000310064,29,146,-117,0.55,12,sell
8/07,1402,永豐金-亞灣,0039004100390061,100,1,99,0.47,13,buy
8/07,1402,永豐金-竹北,0039004100390050,0,110,-110,0.52,13,sell
8/07,1402,宏遠-館前,0031003200360055,80,0,80,0.38,14,buy
8/07,1402,永豐金-板盛,0039004100390059,3,112,-109,0.51,14,sell
8/07,1402,新光-新竹,8563,80,0,80,0.38,15,buy
8/07,1402,元大-高雄,003900380031006d,0,101,-101,0.48,15,sell
8/07,5880,凱基-台北,9268,2780,312,2468,16.29,1,buy
8/07,5880,永豐金-復興,003900410039005a,0,1400,-1400,9.24,1,sell
8/07,5880,土銀,1030,1370,0,1370,9.04,2,buy
8/07,5880,新加坡商瑞銀,1650,222,875,-653,4.31,2,sell
8/07,5880,美商高盛,1480,1338,440,898,5.93,3,buy
8/07,5880,花旗環球,1590,92,729,-637,4.2,3,sell
8/07,5880,台灣摩根士丹利,1470,847,84,763,5.04,4,buy
8/07,5880,元大-花蓮,9856,1,362,-361,2.38,4,sell
8/07,5880,摩根大通,8440,792,241,551,3.64,5,buy
8/07,5880,兆豐-南門,0037003000300067,0,331,-331,2.18,5,sell
8/07,5880,華南永昌-頭份,9343,480,0,480,3.17,6,buy
8/07,5880,群益金鼎-桃園,9189,0,300,-300,1.98,6,sell
8/07,5880,群益金鼎-南京,0039003100380045,413,0,413,2.73,7,buy
8/07,5880,凱基-新豐,9266,2,293,-291,1.92,7,sell
8/07,5880,富邦-永康,003900360031005a,361,1,360,2.38,8,buy
8/07,5880,國票-桃園,0037003700390072,0,200,-200,1.32,8,sell
8/07,5880,永豐金-萬盛,0039004100390032,356,0,356,2.35,9,buy
8/07,5880,凱基-台東,003900320030005a,5,203,-198,1.31,9,sell
8/07,5880,富邦-南京,0039003600310043,201,16,185,1.22,10,buy
8/07,5880,玉山-板橋,8846,3,200,-197,1.3,10,sell
8/07,5880,統一-新台中,0035003800350044,173,0,173,1.14,11,buy
8/07,5880,合庫-鳳山,1029,6,198,-192,1.27,11,sell
8/07,5880,元大-博愛,0039003800320042,202,88,114,0.75,12,buy
8/07,5880,美林,1440,261,451,-190,1.25,12,sell
8/07,5880,元大-蘆洲,9857,111,10,101,0.67,13,buy
8/07,5880,大昌-新店,6464,5,185,-180,1.19,13,sell
8/07,5880,元大證券,9800,256,163,93,0.61,14,buy
8/07,5880,台新-松江,0039004200310035,1,150,-149,0.98,14,sell
8/07,5880,群益金鼎-新莊,0039003100380047,90,0,90,0.59,15,buy
8/07,5880,盈溢,5860,0,147,-147,0.97,15,sell
8/07,2867,美商高盛,1480,2800,33,2767,23.62,1,buy
8/07,2867,群益金鼎,9100,5,2576,-2571,21.95,1,sell
8/07,2867,元大證券,9800,2406,168,2238,19.11,2,buy
8/07,2867,香港上海匯豐,8960,0,1042,-1042,8.9,2,sell
8/07,2867,永豐金證券,0039004100300030,1415,71,1344,11.47,3,buy
8/07,2867,富邦-建國,9658,0,600,-600,5.12,3,sell
8/07,2867,凱基-台北,9268,769,55,714,6.1,4,buy
8/07,2867,宏遠證券,1260,0,310,-310,2.65,4,sell
8/07,2867,台灣摩根士丹利,1470,670,232,438,3.74,5,buy
8/07,2867,康和,8450,0,300,-300,2.56,5,sell
8/07,2867,凱基,9200,400,0,400,3.42,6,buy
8/07,2867,台新-佳里,0039004200320077,0,300,-300,2.56,6,sell
8/07,2867,華南永昌-內壢,9337,375,7,368,3.14,7,buy
8/07,2867,玉山-城中,0038003800340045,3,303,-300,2.56,7,sell
8/07,2867,港商野村,1560,171,0,171,1.46,8,buy
8/07,2867,元大-西屯,0039003800300077,0,172,-172,1.47,8,sell
8/07,2867,台灣企銀-岡山,1119,150,0,150,1.28,9,buy
8/07,2867,台新-高雄,0039004200310067,0,170,-170,1.45,9,sell
8/07,2867,兆豐-彰化,0037003000300064,200,103,97,0.83,10,buy
8/07,2867,國票-台南,0037003700390044,0,123,-123,1.05,10,sell
8/07,2867,群益金鼎-中港,9138,100,5,95,0.81,11,buy
8/07,2867,統一,5850,0,100,-100,0.85,11,sell
8/07,2867,中國信託-忠孝,6162,96,4,92,0.79,12,buy
8/07,2867,國票-南崁,0037003700390045,0,100,-100,0.85,12,sell
8/07,2867,美林,1440,213,125,88,0.75,13,buy
8/07,2867,玉山-台中,0038003800340042,1,101,-100,0.85,13,sell
8/07,2867,統一-士林,003500380035004d,83,10,73,0.62,14,buy
8/07,2867,凱基-嘉義,9252,0,83,-83,0.71,14,sell
8/07,2867,光和-溪湖,6381,50,0,50,0.43,15,buy
8/07,2867,元大-大益,9814,0,77,-77,0.66,15,sell
8/07,1216,台灣摩根士丹利,1470,8826,321,8505,30.66,1,buy
8/07,1216,台新,0039004200300030,19,4797,-4778,17.22,1,sell
8/07,1216,摩根大通,8440,4496,2127,2369,8.54,2,buy
8/07,1216,臺銀,1040,1,1232,-1231,4.44,2,sell
8/07,1216,凱基-台北,9268,2917,656,2261,8.15,3,buy
8/07,1216,香港上海匯豐,8960,51,702,-651,2.35,3,sell
8/07,1216,新加坡商瑞銀,1650,2790,565,2225,8.02,4,buy
8/07,1216,美商高盛,1480,3045,3674,-629,2.27,4,sell
8/07,1216,港商麥格理,1360,1594,5,1589,5.73,5,buy
8/07,1216,第一金-澎湖,5387,0,542,-542,1.95,5,sell
8/07,1216,國票-中正,7797,125,2,123,0.44,6,buy
8/07,1216,元大-上新莊,0039003800330047,0,515,-515,1.86,6,sell
8/07,1216,花旗環球,1590,562,454,108,0.39,7,buy
8/07,1216,統一,5850,8,482,-474,1.71,7,sell
8/07,1216,元大-三民,0039003800390046,64,5,59,0.21,8,buy
8/07,1216,凱基,9200,0,332,-332,1.2,8,sell
8/07,1216,元大證券,9800,395,352,43,0.16,9,buy
8/07,1216,宏遠證券,1260,0,303,-303,1.09,9,sell
8/07,1216,群益金鼎-台中,9184,45,11,34,0.12,10,buy
8/07,1216,美林,1440,335,557,-222,0.8,10,sell
8/07,1216,國票證券,7790,46,14,32,0.12,11,buy
8/07,1216,國泰-敦南,8888,68,259,-191,0.69,11,sell
8/07,1216,聯邦-三重,8585,40,11,29,0.1,12,buy
8/07,1216,福勝,6950,0,170,-170,0.61,12,sell
8/07,1216,凱基-市政,9239,50,22,28,0.1,13,buy
8/07,1216,聯邦-台南,8588,0,142,-142,0.51,13,sell
8/07,1216,富邦證券,9600,28,1,27,0.1,14,buy
8/07,1216,富邦-台北,9623,31,172,-141,0.51,14,sell
8/07,1216,群益金鼎-敦南,9101,30,4,26,0.09,15,buy
8/07,1216,華南永昌-東勢,9358,10,141,-131,0.47,15,sell
8/07,2890,新加坡商瑞銀,1650,1727,283,1444,16.1,1,buy
8/07,2890,土銀,1030,0,882,-882,9.84,1,sell
8/07,2890,美商高盛,1480,1974,774,1200,13.38,2,buy
8/07,2890,元大證券,9800,195,651,-456,5.09,2,sell
8/07,2890,摩根大通,8440,1171,809,362,4.04,3,buy
8/07,2890,富邦證券,9600,138,373,-235,2.62,3,sell
8/07,2890,台灣摩根士丹利,1470,834,669,165,1.84,4,buy
8/07,2890,第一金-高雄,5383,3,237,-234,2.61,4,sell
8/07,2890,美林,1440,286,154,132,1.47,5,buy
8/07,2890,國泰證券,8880,6,236,-230,2.56,5,sell
8/07,2890,港商麥格理,1360,82,13,69,0.77,6,buy
8/07,2890,花旗環球,1590,387,551,-164,1.83,6,sell
8/07,2890,元大-大灣,9815,50,0,50,0.56,7,buy
8/07,2890,台新-台北,0039004200320030,0,162,-162,1.81,7,sell
8/07,2890,台新,0039004200300030,64,18,46,0.51,8,buy
8/07,2890,第一金-忠孝,0035003300380044,0,152,-152,1.7,8,sell
8/07,2890,兆豐-新營,003700300030004b,40,0,40,0.45,9,buy
8/07,2890,法銀巴黎,8900,2,70,-68,0.76,9,sell
8/07,2890,群益金鼎,9100,108,79,29,0.32,10,buy
8/07,2890,統一,5850,0,54,-54,0.6,10,sell
8/07,2890,凱基-台北,9268,770,744,26,0.29,11,buy
8/07,2890,凱基-林口,9257,0,50,-50,0.56,11,sell
8/07,2890,兆豐-桃鶯,0037003000300055,25,1,24,0.27,12,buy
8/07,2890,國泰-敦南,8888,29,75,-46,0.51,12,sell
8/07,2890,統一-三重,003500380035004a,20,0,20,0.22,13,buy
8/07,2890,永豐金-虎尾,0039004100390062,5,50,-45,0.5,13,sell
8/07,2890,致和證券,7030,19,0,19,0.21,14,buy
8/07,2890,華南永昌-高雄,9303,0,41,-41,0.46,14,sell
8/07,2890,第一金-嘉義,003500330038004d,20,1,19,0.21,15,buy
8/07,2890,中農,8520,0,30,-30,0.33,15,sell
8/07,5876,兆豐證券,7000,320,0,320,8.47,1,buy
8/07,5876,花旗環球,1590,43,394,-351,9.3,1,sell
8/07,5876,元大證券,9800,432,148,284,7.52,2,buy
8/07,5876,大和國泰,8890,0,250,-250,6.62,2,sell
8/07,5876,美林,1440,264,45,219,5.8,3,buy
8/07,5876,富邦證券,9600,1,250,-249,6.59,3,sell
8/07,5876,凱基-台北,9268,537,318,219,5.8,4,buy
8/07,5876,摩根大通,8440,264,503,-239,6.33,4,sell
8/07,5876,新加坡商瑞銀,1650,169,48,121,3.2,5,buy
8/07,5876,永豐金-羅東,0039004100390041,0,100,-100,2.65,5,sell
8/07,5876,永全證券,6450,80,0,80,2.12,6,buy
8/07,5876,華南永昌,9300,0,50,-50,1.32,6,sell
8/07,5876,凱基-桃園,9208,70,3,67,1.77,7,buy
8/07,5876,華南永昌-長虹,9333,0,49,-49,1.3,7,sell
8/07,5876,台灣摩根士丹利,1470,653,601,52,1.38,8,buy
8/07,5876,京城,8490,5,50,-45,1.19,8,sell
8/07,5876,群益金鼎-中港,9138,34,0,34,0.9,9,buy
8/07,5876,港商野村,1560,0,28,-28,0.74,9,sell
8/07,5876,中國信託,6160,31,6,25,0.66,10,buy
8/07,5876,第一金-安和,003500330038006a,0,20,-20,0.53,10,sell
8/07,5876,富邦-新店,9661,24,0,24,0.64,11,buy
8/07,5876,第一金-高雄,5383,0,14,-14,0.37,11,sell
8/07,5876,合庫-桃園,0031003000320045,21,0,21,0.56,12,buy
8/07,5876,華南永昌-中正,9359,2,15,-13,0.34,12,sell
8/07,5876,新光-新竹,8563,20,0,20,0.53,13,buy
8/07,5876,元大-福營,0039003800310046,0,13,-13,0.34,13,sell
8/07,5876,美商高盛,1480,339,319,20,0.53,14,buy
8/07,5876,法銀巴黎,8900,31,43,-12,0.32,14,sell
8/07,5876,富邦-新板,0039003600310048,20,0,20,0.53,15,buy
8/07,5876,統一-敦南,5852,0,11,-11,0.29,15,sell
8/07,2324,美商高盛,1480,9364,2851,6513,21.37,1,buy
8/07,2324,台灣摩根士丹利,1470,404,5703,-5299,17.39,1,sell
8/07,2324,港商野村,1560,1827,707,1120,3.68,2,buy
8/07,2324,新加坡商瑞銀,1650,215,1740,-1525,5.0,2,sell
8/07,2324,(牛牛牛)亞-鑫豐,0036003000310064,759,204,555,1.82,3,buy
8/07,2324,美林,1440,710,2178,-1468,4.82,3,sell
8/07,2324,永豐金-敦南,0039004100380046,511,42,469,1.54,4,buy
8/07,2324,凱基-台北,9268,625,2076,-1451,4.76,4,sell
8/07,2324,國票-中和,0037003700390058,310,6,304,1.0,5,buy
8/07,2324,兆豐-三民,0037003000300068,12,1003,-991,3.25,5,sell
8/07,2324,元大-潮州,003900380031005a,213,4,209,0.69,6,buy
8/07,2324,華南永昌-林口,9317,19,582,-563,1.85,6,sell
8/07,2324,元大-台中,9812,169,10,159,0.52,7,buy
8/07,2324,凱基-基隆,0039003200300048,12,501,-489,1.6,7,sell
8/07,2324,國泰-敦南,8888,426,272,154,0.51,8,buy
8/07,2324,國泰-高雄,8881,38,308,-270,0.89,8,sell
8/07,2324,富邦-建國,9658,139,5,134,0.44,9,buy
8/07,2324,元大證券,9800,1572,1766,-194,0.64,9,sell
8/07,2324,新光-新竹,8563,113,0,113,0.37,10,buy
8/07,2324,花旗環球,1590,47,213,-166,0.54,10,sell
8/07,2324,富邦-頭份,0039003600320050,112,7,105,0.34,11,buy
8/07,2324,永豐金證券,0039004100300030,98,229,-131,0.43,11,sell
8/07,2324,永豐金-敦北,0039004100380039,106,6,100,0.33,12,buy
8/07,2324,法銀巴黎,8900,0,115,-115,0.38,12,sell
8/07,2324,群益金鼎-民權,9131,99,4,95,0.31,13,buy
8/07,2324,光和-溪湖,6381,9,121,-112,0.37,13,sell
8/07,2324,國票-九鼎,0037003700390050,100,6,94,0.31,14,buy
8/07,2324,香港上海匯豐,8960,0,108,-108,0.35,14,sell
8/07,2324,台新-台南,0039004200310036,140,47,93,0.31,15,buy
8/07,2324,玉山-新竹,0038003800340048,14,112,-98,0.32,15,sell
8/07,2887,美商高盛,1480,5540,1977,3563,11.48,1,buy
8/07,2887,兆豐證券,7000,0,1003,-1003,3.23,1,sell
8/07,2887,摩根大通,8440,4620,1463,3157,10.17,2,buy
8/07,2887,國泰-高雄,8881,1,716,-715,2.3,2,sell
8/07,2887,台灣摩根士丹利,1470,3877,771,3106,10.01,3,buy
8/07,2887,統一,5850,1,711,-710,2.29,3,sell
8/07,2887,凱基-台北,9268,3692,1152,2540,8.18,4,buy
8/07,2887,美林,1440,303,976,-673,2.17,4,sell
8/07,2887,永豐金-匯立,0039004100380031,1344,0,1344,4.33,5,buy
8/07,2887,彰銀,1230,1,603,-602,1.94,5,sell
8/07,2887,元大-南屯,9853,692,34,658,2.12,6,buy
8/07,2887,元大-中崙,9813,0,552,-552,1.78,6,sell
8/07,2887,富邦-台中,003900360035004b,604,15,589,1.9,7,buy
8/07,2887,台新-台中,0039004200310068,22,490,-468,1.51,7,sell
8/07,2887,新加坡商瑞銀,1650,1811,1243,568,1.83,8,buy
8/07,2887,國泰-板橋,003800380038004b,27,376,-349,1.12,8,sell
8/07,2887,中國信託,6160,263,40,223,0.72,9,buy
8/07,2887,華南永昌,9300,60,362,-302,0.97,9,sell
8/07,2887,花旗環球,1590,1442,1227,215,0.69,10,buy
8/07,2887,凱基-竹科,9272,0,268,-268,0.86,10,sell
8/07,2887,日茂,5960,127,0,127,0.41,11,buy
8/07,2887,元大證券,9800,2175,2439,-264,0.85,11,sell
8/07,2887,永豐金證券,0039004100300030,262,143,119,0.38,12,buy
8/07,2887,國泰-桃園,8885,15,243,-228,0.73,12,sell
8/07,2887,富邦-樹林,0039003600320045,87,13,74,0.24,13,buy
8/07,2887,富邦-竹東,9625,0,220,-220,0.71,13,sell
8/07,2887,群益金鼎,9100,409,346,63,0.2,14,buy
8/07,2887,兆豐-新營,003700300030004b,5,208,-203,0.65,14,sell
8/07,2887,元大-東港,0039003800390066,50,5,45,0.14,15,buy
8/07,2887,法銀巴黎,8900,2,201,-199,0.64,15,sell
8/07,3045,新加坡商瑞銀,1650,1227,338,889,12.62,1,buy
8/07,3045,康和,8450,0,789,-789,11.2,1,sell
8/07,3045,台灣摩根士丹利,1470,918,71,847,12.02,2,buy
8/07,3045,台新-城東,0039004200320072,0,651,-651,9.24,2,sell
8/07,3045,富邦證券,9600,310,0,310,4.4,3,buy
8/07,3045,花旗環球,1590,288,835,-547,7.76,3,sell
8/07,3045,美商高盛,1480,342,208,134,1.9,4,buy
8/07,3045,兆豐證券,7000,0,400,-400,5.68,4,sell
8/07,3045,凱基,9200,100,0,100,1.42,5,buy
8/07,3045,兆豐-桃園,003700300030004d,310,450,-140,1.99,5,sell
8/07,3045,港商野村,1560,60,0,60,0.85,6,buy
8/07,3045,永豐金-永康,0039004100390063,26,90,-64,0.91,6,sell
8/07,3045,港商麥格理,1360,54,0,54,0.77,7,buy
8/07,3045,華南永昌,9300,1,54,-53,0.75,7,sell
8/07,3045,美林,1440,51,3,48,0.68,8,buy
8/07,3045,凱基-台北,9268,779,816,-37,0.53,8,sell
8/07,3045,富邦-建國,9658,47,0,47,0.67,9,buy
8/07,3045,摩根大通,8440,537,566,-29,0.41,9,sell
8/07,3045,統一,5850,42,10,32,0.45,10,buy
8/07,3045,國泰-敦南,8888,24,48,-24,0.34,10,sell
8/07,3045,華南永昌-頭份,9343,30,0,30,0.43,11,buy
8/07,3045,永豐金-板盛,0039004100390059,0,22,-22,0.31,11,sell
8/07,3045,永豐金-竹北,0039004100390050,25,0,25,0.35,12,buy
8/07,3045,元大-忠孝,9871,1,21,-20,0.28,12,sell
8/07,3045,凱基-永康,9278,24,0,24,0.34,13,buy
8/07,3045,玉山-數位,003800380034004d,0,15,-15,0.21,13,sell
8/07,3045,永全證券,6450,20,0,20,0.28,14,buy
8/07,3045,群益金鼎-民權,9131,10,23,-13,0.18,14,sell
8/07,3045,富邦-竹科,0039003600320043,20,0,20,0.28,15,buy
8/07,3045,元大證券,9800,150,161,-11,0.16,15,sell
8/07,2027,台灣摩根士丹利,1470,6430,560,5870,34.89,1,buy
8/07,2027,凱基-台北,9268,916,1547,-631,3.75,1,sell
8/07,2027,摩根大通,8440,2231,510,1721,10.23,2,buy
8/07,2027,元大證券,9800,694,1305,-611,3.63,2,sell
8/07,2027,美林,1440,391,0,391,2.32,3,buy
8/07,2027,國泰證券,8880,9,613,-604,3.59,3,sell
8/07,2027,群益金鼎-東門,0039003100380044,206,10,196,1.16,4,buy
8/07,2027,美商高盛,1480,393,846,-453,2.69,4,sell
8/07,2027,花旗環球,1590,169,27,142,0.84,5,buy
8/07,2027,元大-斗信,9884,2,304,-302,1.79,5,sell
8/07,2027,元大-中壢,9834,146,6,140,0.83,6,buy
8/07,2027,富邦-虎尾,9697,1,184,-183,1.09,6,sell
8/07,2027,富邦-台南,9667,268,132,136,0.81,7,buy
8/07,2027,第一金,5380,0,150,-150,0.89,7,sell
8/07,2027,合庫證券,1020,102,1,101,0.6,8,buy
8/07,2027,統一-東湖,0035003800350052,0,145,-145,0.86,8,sell
8/07,2027,中國信託-新竹,6165,111,11,100,0.59,9,buy
8/07,2027,元大-四維,9831,5,150,-145,0.86,9,sell
8/07,2027,統一-台中,5856,101,10,91,0.54,10,buy
8/07,2027,安泰,8380,1,141,-140,0.83,10,sell
8/07,2027,國票證券,7790,140,49,91,0.54,11,buy
8/07,2027,大和國泰,8890,0,135,-135,0.8,11,sell
8/07,2027,永豐金-屏東,0039004100360039,56,4,52,0.31,12,buy
8/07,2027,元大-彰化民生,003900380039004a,1,132,-131,0.78,12,sell
8/07,2027,臺銀-高雄,0031003000340043,55,4,51,0.3,13,buy
8/07,2027,台新,0039004200300030,37,160,-123,0.73,13,sell
8/07,2027,光和-高雄,0036003300380044,62,12,50,0.3,14,buy
8/07,2027,華南永昌-台中,9302,4,110,-106,0.63,14,sell
8/07,2027,中國信託-高雄,003600310036004b,50,0,50,0.3,15,buy
8/07,2027,聯邦-台南,8588,5,109,-104,0.62,15,sell
8/07,0050,元大證券,9800,16316,9863,6453,9.3,1,buy
8/07,0050,富邦證券,9600,491,16155,-15664,22.58,1,sell
8/07,0050,台灣摩根士丹利,1470,1345,10,1335,1.92,2,buy
8/07,0050,統一,5850,784,3201,-2417,3.48,2,sell
8/07,0050,中國信託,6160,1336,275,1061,1.53,3,buy
8/07,0050,凱基-台北,9268,5941,7920,-1979,2.85,3,sell
8/07,0050,國泰-敦南,8888,2956,1909,1047,1.51,4,buy
8/07,0050,法銀巴黎,8900,0,1124,-1124,1.62,4,sell
8/07,0050,新加坡商瑞銀,1650,1999,1205,794,1.14,5,buy
8/07,0050,永豐金證券,0039004100300030,3219,4230,-1011,1.46,5,sell
8/07,0050,國泰證券,8880,980,220,760,1.1,6,buy
8/07,0050,港商野村,1560,0,1007,-1007,1.45,6,sell
8/07,0050,康和,8450,650,1,649,0.94,7,buy
8/07,0050,元大-新竹,9816,16,404,-388,0.56,7,sell
8/07,0050,台新,0039004200300030,954,481,473,0.68,8,buy
8/07,0050,第一金,5380,42,417,-375,0.54,8,sell
8/07,0050,凱基-城中,9227,331,27,304,0.44,9,buy
8/07,0050,兆豐-高雄,003700300030005a,51,314,-263,0.38,9,sell
8/07,0050,群益金鼎,9100,230,21,209,0.3,10,buy
8/07,0050,兆豐-復興,0037003000300070,12,271,-259,0.37,10,sell
8/07,0050,元大-雙和,9874,183,7,176,0.25,11,buy
8/07,0050,富邦-敦南,9663,113,268,-155,0.22,11,sell
8/07,0050,永豐金-板新,003900410039004a,218,46,172,0.25,12,buy
8/07,0050,宏遠-高雄,0031003200360051,2,131,-129,0.19,12,sell
8/07,0050,國泰-桃園,8885,332,163,169,0.24,13,buy
8/07,0050,元大-竹北,0039003800310042,71,197,-126,0.18,13,sell
8/07,0050,凱基-中壢,9285,264,97,167,0.24,14,buy
8/07,0050,台新-高雄,0039004200310067,141,265,-124,0.18,14,sell
8/07,0050,台新-板橋,0039004200320062,196,30,166,0.24,15,buy
8/07,0050,統一-三多,0035003800350051,18,139,-121,0.17,15,sell
8/07,0056,凱基-台北,9268,1759,680,1079,7.19,1,buy
8/07,0056,玉山證券,8840,34,1400,-1366,9.11,1,sell
8/07,0056,新加坡商瑞銀,1650,1560,561,999,6.66,2,buy
8/07,0056,元大證券,9800,1390,1874,-484,3.23,2,sell
8/07,0056,國泰證券,8880,231,15,216,1.44,3,buy
8/07,0056,國泰-台南,8884,29,228,-199,1.33,3,sell
8/07,0056,中國信託,6160,281,76,205,1.37,4,buy
8/07,0056,凱基-五股,0039003200310047,2,182,-180,1.2,4,sell
8/07,0056,兆豐-忠孝,0037003000300061,165,5,160,1.07,5,buy
8/07,0056,元大-台南,9896,27,206,-179,1.19,5,sell
8/07,0056,富邦-台南,9667,171,25,146,0.97,6,buy
8/07,0056,元大-內湖,003900380039004e,19,197,-178,1.19,6,sell
8/07,0056,永豐金證券,0039004100300030,327,187,140,0.93,7,buy
8/07,0056,華南永昌-世貿,9334,0,137,-137,0.91,7,sell
8/07,0056,元大-六合,0039003800320043,145,14,131,0.87,8,buy
8/07,0056,富邦-中壢,9636,26,150,-124,0.83,8,sell
8/07,0056,富邦證券,9600,161,41,120,0.8,9,buy
8/07,0056,國泰-台中,8882,58,166,-108,0.72,9,sell
8/07,0056,富邦-台北,9623,138,27,111,0.74,10,buy
8/07,0056,凱基-高美館,9215,8,107,-99,0.66,10,sell
8/07,0056,新光,8560,133,27,106,0.71,11,buy
8/07,0056,中國信託-文心,6164,18,111,-93,0.62,11,sell
8/07,0056,兆豐-三重,7008,76,1,75,0.5,12,buy
8/07,0056,第一金,5380,20,100,-80,0.53,12,sell
8/07,0056,元大-頭份,0039003800330055,73,2,71,0.47,13,buy
8/07,0056,元大-永春,9852,12,92,-80,0.53,13,sell
8/07,0056,元大-文心,9868,65,1,64,0.43,14,buy
8/07,0056,兆豐-南門,0037003000300067,11,82,-71,0.47,14,sell
8/07,0056,合庫-自強,0031003000320043,59,2,57,0.38,15,buy
8/07,0056,高橋,5320,21,85,-64,0.43,15,sell
8/07,6770,台灣摩根士丹利,1470,8933,7414,1519,0.7,1,buy
8/07,6770,摩根大通,8440,1729,8220,-6491,2.97,1,sell
8/07,6770,國泰-敦南,8888,9088,8522,566,0.26,2,buy
8/07,6770,凱基-台北,9268,15350,20295,-4945,2.27,2,sell
8/07,6770,台新-高雄,0039004200310067,898,365,533,0.24,3,buy
8/07,6770,美林,1440,3534,7666,-4132,1.89,3,sell
8/07,6770,元大-蘆洲,9857,1010,527,483,0.22,4,buy
8/07,6770,新加坡商瑞銀,1650,4208,5643,-1435,0.66,4,sell
8/07,6770,玉山-高雄,8843,866,407,459,0.21,5,buy
8/07,6770,富邦-羅東,9634,218,1128,-910,0.42,5,sell
8/07,6770,台新,0039004200300030,1533,1121,412,0.19,6,buy
8/07,6770,港商野村,1560,425,1111,-686,0.31,6,sell
8/07,6770,兆豐-民生,0037003000300063,463,58,405,0.19,7,buy
8/07,6770,富邦證券,9600,920,1454,-534,0.24,7,sell
8/07,6770,富邦-台北,9623,1059,662,397,0.18,8,buy
8/07,6770,統一,5850,453,956,-503,0.23,8,sell
8/07,6770,華南永昌-嘉義,9314,1070,727,343,0.16,9,buy
8/07,6770,元大-竹科,003900380030004b,264,639,-375,0.17,9,sell
8/07,6770,富邦-新竹,9647,1201,860,341,0.16,10,buy
8/07,6770,康和-台北,0038003400350055,574,946,-372,0.17,10,sell
8/07,6770,富邦-仁愛,9676,621,327,294,0.13,11,buy
8/07,6770,國票-南科,0037003700390065,57,376,-319,0.15,11,sell
8/07,6770,國泰-忠孝,8887,415,133,282,0.13,12,buy
8/07,6770,元大-信義安和,0039003800300052,58,340,-282,0.13,12,sell
8/07,6770,國票-中和,0037003700390058,350,110,240,0.11,13,buy
8/07,6770,凱基-屏東,0039003200320043,49,314,-265,0.12,13,sell
8/07,6770,玉山-新莊,8842,438,199,239,0.11,14,buy
8/07,6770,富邦-台中,003900360035004b,333,555,-222,0.1,14,sell
8/07,6770,台新-虎尾,003900420032004e,302,63,239,0.11,15,buy
8/07,6770,凱基-鳳山,9274,70,284,-214,0.1,15,sell
8/07,2409,港商野村,1560,5258,311,4947,3.4,1,buy
8/07,2409,國票-北高雄,003700370039004a,53,10072,-10019,6.88,1,sell
8/07,2409,凱基-台北,9268,10481,6125,4356,2.99,2,buy
8/07,2409,台灣摩根士丹利,1470,3557,6274,-2717,1.87,2,sell
8/07,2409,摩根大通,8440,4928,574,4354,2.99,3,buy
8/07,2409,群益金鼎-中山,0039003100380048,62,1322,-1260,0.87,3,sell
8/07,2409,德信,6910,3612,59,3553,2.44,4,buy
8/07,2409,元大-北府,0039003800300044,153,1005,-852,0.59,4,sell
8/07,2409,凱基-市府,0039003200300044,3526,222,3304,2.27,5,buy
8/07,2409,國泰-敦南,8888,2193,2901,-708,0.49,5,sell
8/07,2409,新加坡商瑞銀,1650,4912,2005,2907,2.0,6,buy
8/07,2409,統一-高雄,5851,82,736,-654,0.45,6,sell
8/07,2409,美林,1440,3157,894,2263,1.55,7,buy
8/07,2409,富邦-台北,9623,427,929,-502,0.34,7,sell
8/07,2409,康和,8450,2117,21,2096,1.44,8,buy
8/07,2409,富邦-台中,003900360035004b,384,851,-467,0.32,8,sell
8/07,2409,台新-新興,003900420032006f,1629,54,1575,1.08,9,buy
8/07,2409,永豐金-中正,0039004100390055,126,592,-466,0.32,9,sell
8/07,2409,兆豐-台中,7003,1539,121,1418,0.97,10,buy
8/07,2409,第一金-桃園,5385,185,648,-463,0.32,10,sell
8/07,2409,永豐金-亞灣,0039004100390061,1392,55,1337,0.92,11,buy
8/07,2409,元大-斗六,0039003800300043,66,521,-455,0.31,11,sell
8/07,2409,永豐金-信義,0039004100390052,1177,4,1173,0.81,12,buy
8/07,2409,富邦-敦南,9663,410,830,-420,0.29,12,sell
8/07,2409,兆豐-民生,0037003000300063,970,24,946,0.65,13,buy
8/07,2409,大昌-新店,6464,65,422,-357,0.25,13,sell
8/07,2409,國票-敦北法人,0037003700390063,958,27,931,0.64,14,buy
8/07,2409,新光,8560,573,921,-348,0.24,14,sell
8/07,2409,台新,0039004200300030,1718,827,891,0.61,15,buy
8/07,2409,元大證券,9800,16063,16410,-347,0.24,15,sell
8/07,2834,台新-大昌,0039004200320044,2433,1,2432,7.7,1,buy
8/07,2834,台灣摩根士丹利,1470,682,11537,-10855,34.38,1,sell
8/07,2834,新加坡商瑞銀,1650,3167,1534,1633,5.17,2,buy
8/07,2834,凱基-台北,9268,2700,5219,-2519,7.98,2,sell
8/07,2834,摩根大通,8440,1024,335,689,2.18,3,buy
8/07,2834,康和-嘉義,8459,15,1001,-986,3.12,3,sell
8/07,2834,台新-城東,0039004200320072,502,0,502,1.59,4,buy
8/07,2834,永豐金證券,0039004100300030,355,960,-605,1.92,4,sell
8/07,2834,港商野村,1560,447,0,447,1.42,5,buy
8/07,2834,法銀巴黎,8900,0,423,-423,1.34,5,sell
8/07,2834,美林,1440,374,0,374,1.18,6,buy
8/07,2834,美商高盛,1480,1581,1930,-349,1.11,6,sell
8/07,2834,國泰-板橋,003800380038004b,589,269,320,1.01,7,buy
8/07,2834,台新-北新莊,0039004200320038,1,300,-299,0.95,7,sell
8/07,2834,國泰-新竹,003800380038004e,312,1,311,0.99,8,buy
8/07,2834,國票-北投,7792,1,290,-289,0.92,8,sell
8/07,2834,富邦-新莊,0039003600320044,264,0,264,0.84,9,buy
8/07,2834,凱基-桃園,9208,27,251,-224,0.71,9,sell
8/07,2834,福邦-新竹,6489,201,0,201,0.64,10,buy
8/07,2834,玉山-桃園,0038003800340046,19,230,-211,0.67,10,sell
8/07,2834,富邦-虎尾,9697,202,2,200,0.63,11,buy
8/07,2834,兆豐-麻豆,0037003000300047,1,200,-199,0.63,11,sell
8/07,2834,新光,8560,246,54,192,0.61,12,buy
8/07,2834,台新-敦南,0039004200320051,22,216,-194,0.61,12,sell
8/07,2834,國泰-敦南,8888,373,187,186,0.59,13,buy
8/07,2834,群益金鼎-瑞豐,0039003100380075,23,200,-177,0.56,13,sell
8/07,2834,元大-龍潭,9858,175,0,175,0.55,14,buy
8/07,2834,兆豐-員林,003700300030006b,20,192,-172,0.54,14,sell
8/07,2834,元大-林森,0039003800330042,162,5,157,0.5,15,buy
8/07,2834,合庫-鳳山,1029,0,110,-110,0.35,15,sell
8/07,1303,元大證券,9800,18123,14988,3135,2.43,1,buy
8/07,1303,美商高盛,1480,1572,6819,-5247,4.07,1,sell
8/07,1303,永豐金證券,0039004100300030,3965,1541,2424,1.88,2,buy
8/07,1303,台新-台北,0039004200320030,367,3810,-3443,2.67,2,sell
8/07,1303,統一,5850,3453,1167,2286,1.77,3,buy
8/07,1303,凱基-台北,9268,6725,10020,-3295,2.55,3,sell
8/07,1303,國泰證券,8880,2224,158,2066,1.6,4,buy
8/07,1303,台灣摩根士丹利,1470,3701,4970,-1269,0.98,4,sell
8/07,1303,統一-城中,5854,2761,1132,1629,1.26,5,buy
8/07,1303,康和,8450,109,1006,-897,0.7,5,sell
8/07,1303,美林,1440,2548,984,1564,1.21,6,buy
8/07,1303,摩根大通,8440,3114,3764,-650,0.5,6,sell
8/07,1303,華南永昌-南京,9326,1949,560,1389,1.08,7,buy
8/07,1303,群益金鼎-古亭,0039003100380043,40,625,-585,0.45,7,sell
8/07,1303,凱基-市府,0039003200300044,1331,40,1291,1.0,8,buy
8/07,1303,元大-復北,9872,668,1101,-433,0.34,8,sell
8/07,1303,凱基,9200,1392,146,1246,0.97,9,buy
8/07,1303,凱基-城中,9227,19,415,-396,0.31,9,sell
8/07,1303,富邦證券,9600,2125,1311,814,0.63,10,buy
8/07,1303,花旗環球,1590,158,506,-348,0.27,10,sell
8/07,1303,台新,0039004200300030,1798,1127,671,0.52,11,buy
8/07,1303,台新-新店,0039004200320032,275,618,-343,0.27,11,sell
8/07,1303,新加坡商瑞銀,1650,3393,2750,643,0.5,12,buy
8/07,1303,國泰-敦南,8888,3619,3952,-333,0.26,12,sell
8/07,1303,群益金鼎-台北,0039003100380058,998,396,602,0.47,13,buy
8/07,1303,新光,8560,932,1162,-230,0.18,13,sell
8/07,1303,國票-安和,003700370039005a,648,47,601,0.47,14,buy
8/07,1303,元大-新生,0039003800310058,18,232,-214,0.17,14,sell
8/07,1303,華南永昌,9300,771,206,565,0.44,15,buy
8/07,1303,富邦-陽明,9604,179,371,-192,0.15,15,sell
8/07,2344,美林,1440,5974,3520,2454,1.39,1,buy
8/07,2344,摩根大通,8440,2701,16768,-14067,7.96,1,sell
8/07,2344,國泰-敦南,8888,5170,3748,1422,0.8,2,buy
8/07,2344,台灣摩根士丹利,1470,4179,17114,-12935,7.32,2,sell
8/07,2344,康和,8450,2189,935,1254,0.71,3,buy
8/07,2344,新加坡商瑞銀,1650,8859,19755,-10896,6.17,3,sell
8/07,2344,元大-館前,003900380034004b,972,135,837,0.47,4,buy
8/07,2344,元大證券,9800,12714,17788,-5074,2.87,4,sell
8/07,2344,凱基-斗六,9281,607,13,594,0.34,5,buy
8/07,2344,富邦證券,9600,1358,3188,-1830,1.04,5,sell
8/07,2344,玉山-新莊,8842,627,84,543,0.31,6,buy
8/07,2344,統一,5850,457,1985,-1528,0.86,6,sell
8/07,2344,群益金鼎-士林,9137,569,32,537,0.3,7,buy
8/07,2344,凱基-台北,9268,7563,9001,-1438,0.81,7,sell
8/07,2344,富邦-台北,9623,764,238,526,0.3,8,buy
8/07,2344,美商高盛,1480,4765,6033,-1268,0.72,8,sell
8/07,2344,美好-富順,003500320036004b,626,102,524,0.3,9,buy
8/07,2344,花旗環球,1590,110,1320,-1210,0.68,9,sell
8/07,2344,永豐金-豐原,0039004100390051,728,216,512,0.29,10,buy
8/07,2344,第一金,5380,95,1163,-1068,0.6,10,sell
8/07,2344,元大-信義,003900380039006d,623,118,505,0.29,11,buy
8/07,2344,港商野村,1560,279,1130,-851,0.48,11,sell
8/07,2344,新光,8560,1392,973,419,0.24,12,buy
8/07,2344,合庫證券,1020,169,696,-527,0.3,12,sell
8/07,2344,元大-大雅,0039003800330069,600,189,411,0.23,13,buy
8/07,2344,兆豐證券,7000,146,635,-489,0.28,13,sell
8/07,2344,國泰-台中,8882,1137,729,408,0.23,14,buy
8/07,2344,華南永昌,9300,374,840,-466,0.26,14,sell
8/07,2344,富邦-南屯,9666,507,101,406,0.23,15,buy
8/07,2344,凱基,9200,951,1274,-323,0.18,15,sell
8/07,4904,永豐金-匯立,0039004100380031,808,0,808,13.29,1,buy
8/07,4904,摩根大通,8440,54,1292,-1238,20.37,1,sell
8/07,4904,美商高盛,1480,758,87,671,11.04,2,buy
8/07,4904,台新-城東,0039004200320072,0,750,-750,12.34,2,sell
8/07,4904,元大證券,9800,709,135,574,9.44,3,buy
8/07,4904,美林,1440,3,438,-435,7.16,3,sell
8/07,4904,台新,0039004200300030,487,0,487,8.01,4,buy
8/07,4904,兆豐證券,7000,0,400,-400,6.58,4,sell
8/07,4904,台灣摩根士丹利,1470,540,87,453,7.45,5,buy
8/07,4904,彰銀,1230,0,220,-220,3.62,5,sell
8/07,4904,新加坡商瑞銀,1650,674,277,397,6.53,6,buy
8/07,4904,花旗環球,1590,58,236,-178,2.93,6,sell
8/07,4904,港商野村,1560,205,0,205,3.37,7,buy
8/07,4904,凱基-台北,9268,304,436,-132,2.17,7,sell
8/07,4904,統一,5850,165,0,165,2.71,8,buy
8/07,4904,元大-大同,0039003800390047,0,120,-120,1.97,8,sell
8/07,4904,亞東,2180,100,0,100,1.65,9,buy
8/07,4904,永豐金證券,0039004100300030,1,109,-108,1.78,9,sell
8/07,4904,華南永昌-頭份,9343,90,1,89,1.46,10,buy
8/07,4904,香港上海匯豐,8960,0,106,-106,1.74,10,sell
8/07,4904,凱基-鳳山,9274,40,0,40,0.66,11,buy
8/07,4904,臺銀,1040,0,80,-80,1.32,11,sell
8/07,4904,元大-博愛,0039003800320042,30,0,30,0.49,12,buy
8/07,4904,台新-新興,003900420032006f,0,31,-31,0.51,12,sell
8/07,4904,港商麥格理,1360,44,18,26,0.43,13,buy
8/07,4904,台新-三民,0039004200310033,110,136,-26,0.43,13,sell
8/07,4904,富邦-中壢,9636,25,0,25,0.41,14,buy
8/07,4904,國泰-敦南,8888,48,74,-26,0.43,14,sell
8/07,4904,富邦-和美,0039003600310050,22,0,22,0.36,15,buy
8/07,4904,新光,8560,33,56,-23,0.38,15,sell
8/07,6505,永豐金-匯立,0039004100380031,729,0,729,1.75,1,buy
8/07,6505,台灣摩根士丹利,1470,1397,6392,-4995,12.02,1,sell
8/07,6505,台新-建北,0039004200310038,720,41,679,1.63,2,buy
8/07,6505,新加坡商瑞銀,1650,349,2032,-1683,4.05,2,sell
8/07,6505,美商高盛,1480,2353,1738,615,1.48,3,buy
8/07,6505,摩根大通,8440,792,1547,-755,1.82,3,sell
8/07,6505,美林,1440,969,614,355,0.85,4,buy
8/07,6505,凱基-台北,9268,2867,3246,-379,0.91,4,sell
8/07,6505,永豐金證券,0039004100300030,525,180,345,0.83,5,buy
8/07,6505,港商野村,1560,138,368,-230,0.55,5,sell
8/07,6505,富邦-台北,9623,477,133,344,0.83,6,buy
8/07,6505,元大-六合,0039003800320043,22,218,-196,0.47,6,sell
8/07,6505,兆豐-新竹,0037003000300056,333,43,290,0.7,7,buy
8/07,6505,中國信託-忠孝,6162,522,710,-188,0.45,7,sell
8/07,6505,玉山-台中,0038003800340042,253,23,230,0.55,8,buy
8/07,6505,元大證券,9800,3199,3330,-131,0.32,8,sell
8/07,6505,台新,0039004200300030,380,154,226,0.54,9,buy
8/07,6505,華南永昌,9300,43,145,-102,0.25,9,sell
8/07,6505,國票-敦北法人,0037003700390063,202,1,201,0.48,10,buy
8/07,6505,中國信託-永康,6163,13,111,-98,0.24,10,sell
8/07,6505,康和-嘉義,8459,216,19,197,0.47,11,buy
8/07,6505,永豐金-桃盛,003900410039004e,14,109,-95,0.23,11,sell
8/07,6505,國泰-松江,8883,184,35,149,0.36,12,buy
8/07,6505,群益金鼎-海山,9108,12,89,-77,0.19,12,sell
8/07,6505,花旗環球,1590,278,133,145,0.35,13,buy
8/07,6505,富邦-新板,0039003600310048,69,142,-73,0.18,13,sell
8/07,6505,兆豐-台中港,7005,432,288,144,0.35,14,buy
8/07,6505,永豐金-新店,0039004100390069,4,75,-71,0.17,14,sell
8/07,6505,新光-桃園,8565,204,63,141,0.34,15,buy
8/07,6505,新光,8560,224,291,-67,0.16,15,sell
8/07,6147,台灣摩根士丹利,1470,2546,126,2420,16.9,1,buy
8/07,6147,美商高盛,1480,568,1692,-1124,7.85,1,sell
8/07,6147,群益金鼎,9100,202,27,175,1.22,2,buy
8/07,6147,摩根大通,8440,204,1144,-940,6.56,2,sell
8/07,6147,元大-新竹,9816,170,13,157,1.1,3,buy
8/07,6147,元大-敦化,9833,63,772,-709,4.95,3,sell
8/07,6147,港商野村,1560,153,10,143,1.0,4,buy
8/07,6147,凱基-台北,9268,853,1386,-533,3.72,4,sell
8/07,6147,中國信託,6160,95,33,62,0.43,5,buy
8/07,6147,元大證券,9800,1497,1861,-364,2.54,5,sell
8/07,6147,國泰-敦南,8888,355,309,46,0.32,6,buy
8/07,6147,凱基,9200,0,276,-276,1.93,6,sell
8/07,6147,玉山-新竹,0038003800340048,52,10,42,0.29,7,buy
8/07,6147,群益金鼎-敦南,9101,7,164,-157,1.1,7,sell
8/07,6147,富邦-仁愛,9676,42,2,40,0.28,8,buy
8/07,6147,新光,8560,89,226,-137,0.96,8,sell
8/07,6147,統一-板橋,0035003800350050,40,2,38,0.27,9,buy
8/07,6147,元大-虎尾,003900380030006c,3,59,-56,0.39,9,sell
8/07,6147,元大-大天母,9893,46,8,38,0.27,10,buy
8/07,6147,香港上海匯豐,8960,0,42,-42,0.29,10,sell
8/07,6147,玉山-台中,0038003800340042,56,21,35,0.24,11,buy
8/07,6147,元大-信義安和,0039003800300052,3,45,-42,0.29,11,sell
8/07,6147,中國信託-嘉義,6168,35,2,33,0.23,12,buy
8/07,6147,兆豐-台中,7003,4,43,-39,0.27,12,sell
8/07,6147,國泰-板橋,003800380038004b,90,58,32,0.22,13,buy
8/07,6147,新加坡商瑞銀,1650,313,344,-31,0.22,13,sell
8/07,6147,富邦-左營,0039003600360046,32,0,32,0.22,14,buy
8/07,6147,凱基-大安,9291,0,30,-30,0.21,14,sell
8/07,6147,元大-忠孝鼎富,0039003800320046,65,34,31,0.22,15,buy
8/07,6147,群益金鼎-新店,0039003100380046,14,44,-30,0.21,15,sell
8/07,4938,美林,1440,595,28,567,10.8,1,buy
8/07,4938,香港上海匯豐,8960,0,262,-262,4.99,1,sell
8/07,4938,國票-敦北法人,0037003700390063,300,0,300,5.71,2,buy
8/07,4938,永豐金證券,0039004100300030,10,232,-222,4.23,2,sell
8/07,4938,凱基,9200,236,0,236,4.49,3,buy
8/07,4938,第一金-路竹,0035003300380050,0,201,-201,3.83,3,sell
8/07,4938,花旗環球,1590,438,202,236,4.49,4,buy
8/07,4938,摩根大通,8440,170,346,-176,3.35,4,sell
8/07,4938,台灣摩根士丹利,1470,495,433,62,1.18,5,buy
8/07,4938,美商高盛,1480,547,715,-168,3.2,5,sell
8/07,4938,元大證券,9800,316,272,44,0.84,6,buy
8/07,4938,台新-府城,0039004200320039,0,115,-115,2.19,6,sell
8/07,4938,兆豐證券,7000,48,15,33,0.63,7,buy
8/07,4938,第一金-新興,0035003300380041,0,61,-61,1.16,7,sell
8/07,4938,台新-新興,003900420032006f,30,0,30,0.57,8,buy
8/07,4938,新加坡商瑞銀,1650,229,271,-42,0.8,8,sell
8/07,4938,富邦-陽明,9604,48,25,23,0.44,9,buy
8/07,4938,凱基-松山,9217,1,42,-41,0.78,9,sell
8/07,4938,新光,8560,39,17,22,0.42,10,buy
8/07,4938,凱基-岡山,9209,0,36,-36,0.69,10,sell
8/07,4938,第一金-嘉義,003500330038004d,20,0,20,0.38,11,buy
8/07,4938,凱基-台中,9204,0,34,-34,0.65,11,sell
8/07,4938,台新-花蓮,0039004200320079,20,0,20,0.38,12,buy
8/07,4938,富邦-竹科,0039003600320043,2,36,-34,0.65,12,sell
8/07,4938,富邦-嘉義,9692,21,1,20,0.38,13,buy
8/07,4938,玉山-左營,0038003800340044,3,36,-33,0.63,13,sell
8/07,4938,國泰-高雄,8881,22,3,19,0.36,14,buy
8/07,4938,富邦-高雄,9659,22,51,-29,0.55,14,sell
8/07,4938,康和,8450,19,2,17,0.32,15,buy
8/07,4938,華南永昌-基隆,9322,0,24,-24,0.46,15,sell
8/07,2801,土銀-建國,0031003000330041,920,0,920,5.06,1,buy
8/07,2801,摩根大通,8440,1414,3120,-1706,9.39,1,sell
8/07,2801,凱基-台北,9268,1942,1193,749,4.12,2,buy
8/07,2801,兆豐證券,7000,0,1501,-1501,8.26,2,sell
8/07,2801,新加坡商瑞銀,1650,1172,530,642,3.53,3,buy
8/07,2801,臺銀-臺南,1042,37,1520,-1483,8.16,3,sell
8/07,2801,凱基-市府,0039003200300044,404,0,404,2.22,4,buy
8/07,2801,花旗環球,1590,0,1004,-1004,5.52,4,sell
8/07,2801,第一金-台中,5382,308,0,308,1.69,5,buy
8/07,2801,台灣摩根士丹利,1470,742,1501,-759,4.18,5,sell
8/07,2801,永豐金-永康,0039004100390063,210,0,210,1.16,6,buy
8/07,2801,富邦證券,9600,1,505,-504,2.77,6,sell
8/07,2801,永豐金-匯立,0039004100380031,205,0,205,1.13,7,buy
8/07,2801,統一,5850,2,332,-330,1.82,7,sell
8/07,2801,元大-北投,0039003800390041,204,0,204,1.12,8,buy
8/07,2801,台新-成功,003900420032006d,5,309,-304,1.67,8,sell
8/07,2801,華南永昌-台南,9306,202,1,201,1.11,9,buy
8/07,2801,第一金-台南,5384,10,302,-292,1.61,9,sell
8/07,2801,台新-佳里,0039004200320077,202,2,200,1.1,10,buy
8/07,2801,美商高盛,1480,1366,1598,-232,1.28,10,sell
8/07,2801,元大證券,9800,508,314,194,1.07,11,buy
8/07,2801,美林,1440,429,660,-231,1.27,11,sell
8/07,2801,元大-歸仁,0039003800310061,201,15,186,1.02,12,buy
8/07,2801,永豐金-羅東,0039004100390041,0,200,-200,1.1,12,sell
8/07,2801,國票-長城,0037003700390075,163,0,163,0.9,13,buy
8/07,2801,永豐金-台中,003900410039004c,17,170,-153,0.84,13,sell
8/07,2801,富邦-永康,003900360031005a,160,0,160,0.88,14,buy
8/07,2801,國泰-館前,0038003800380041,14,147,-133,0.73,14,sell
8/07,2801,第一金-桃園,5385,151,0,151,0.83,15,buy
8/07,2801,富邦-陽明,9604,48,163,-115,0.63,15,sell
8/07,2880,華南永昌,9300,5164,13,5151,20.72,1,buy
8/07,2880,美商高盛,1480,585,3891,-3306,13.3,1,sell
8/07,2880,宏遠證券,1260,2000,100,1900,7.64,2,buy
8/07,2880,摩根大通,8440,637,3043,-2406,9.68,2,sell
8/07,2880,凱基-台北,9268,3956,2215,1741,7.0,3,buy
8/07,2880,新加坡商瑞銀,1650,412,2449,-2037,8.2,3,sell
8/07,2880,土銀,1030,1735,2,1733,6.97,4,buy
8/07,2880,台灣摩根士丹利,1470,494,2333,-1839,7.4,4,sell
8/07,2880,富邦證券,9600,1070,0,1070,4.3,5,buy
8/07,2880,美林,1440,235,2009,-1774,7.14,5,sell
8/07,2880,元大證券,9800,1539,640,899,3.62,6,buy
8/07,2880,花旗環球,1590,206,1356,-1150,4.63,6,sell
8/07,2880,臺銀,1040,858,3,855,3.44,7,buy
8/07,2880,國票-南港,7795,0,150,-150,0.6,7,sell
8/07,2880,永豐金-萬盛,0039004100390032,227,0,227,0.91,8,buy
8/07,2880,凱基-信義,9216,0,124,-124,0.5,8,sell
8/07,2880,日進,5660,130,0,130,0.52,9,buy
8/07,2880,富邦-港都,0039003600320051,2,102,-100,0.4,9,sell
8/07,2880,港商麥格理,1360,104,7,97,0.39,10,buy
8/07,2880,永豐金-板盛,0039004100390059,0,100,-100,0.4,10,sell
8/07,2880,台新-城東,0039004200320072,90,3,87,0.35,11,buy
8/07,2880,富邦-南員林,0039003600310052,6,101,-95,0.38,11,sell
8/07,2880,台灣企銀,1110,60,2,58,0.23,12,buy
8/07,2880,永豐金證券,0039004100300030,19,113,-94,0.38,12,sell
8/07,2880,華南永昌-中正,9359,113,59,54,0.22,13,buy
8/07,2880,法銀巴黎,8900,21,90,-69,0.28,13,sell
8/07,2880,華南永昌-桃園,9352,51,0,51,0.21,14,buy
8/07,2880,富邦-樹林,0039003600320045,30,97,-67,0.27,14,sell
8/07,2880,群益金鼎,9100,126,77,49,0.2,15,buy
8/07,2880,永豐金-彰化,0039004100390073,2,55,-53,0.21,15,sell
8/07,2337,國泰-敦南,8888,3906,2600,1306,1.16,1,buy
8/07,2337,富邦證券,9600,3587,9984,-6397,5.7,1,sell
8/07,2337,富邦-永和,9654,962,242,720,0.64,2,buy
8/07,2337,台灣摩根士丹利,1470,1678,7608,-5930,5.29,2,sell
8/07,2337,新光,8560,1191,487,704,0.63,3,buy
8/07,2337,凱基-信義,9216,62,5255,-5193,4.63,3,sell
8/07,2337,永豐金-匯立,0039004100380031,831,129,702,0.63,4,buy
8/07,2337,凱基-台北,9268,6551,8988,-2437,2.17,4,sell
8/07,2337,富邦-木柵,003900360031004d,571,95,476,0.42,5,buy
8/07,2337,統一,5850,215,2590,-2375,2.12,5,sell
8/07,2337,玉山證券,8840,527,86,441,0.39,6,buy
8/07,2337,新加坡商瑞銀,1650,3371,5472,-2101,1.87,6,sell
8/07,2337,兆豐-中壢,0037003000300062,463,25,438,0.39,7,buy
8/07,2337,摩根大通,8440,1919,3669,-1750,1.56,7,sell
8/07,2337,富邦-台北,9623,567,155,412,0.37,8,buy
8/07,2337,國票-安和,003700370039005a,181,1570,-1389,1.24,8,sell
8/07,2337,國泰-台中,8882,750,376,374,0.33,9,buy
8/07,2337,華南永昌,9300,186,1333,-1147,1.02,9,sell
8/07,2337,台新-台中,0039004200310068,418,151,267,0.24,10,buy
8/07,2337,美商高盛,1480,5297,6414,-1117,1.0,10,sell
8/07,2337,元大-北屯,0039003800390064,283,42,241,0.21,11,buy
8/07,2337,國票-敦北法人,0037003700390063,19,1042,-1023,0.91,11,sell
8/07,2337,中國信託,6160,464,236,228,0.2,12,buy
8/07,2337,統一-城中,5854,535,1456,-921,0.82,12,sell
8/07,2337,永豐金證券,0039004100300030,1888,1664,224,0.2,13,buy
8/07,2337,玉山-台南,8847,451,1177,-726,0.65,13,sell
8/07,2337,元大-內湖民權,9867,292,70,222,0.2,14,buy
8/07,2337,兆豐-三民,0037003000300068,53,634,-581,0.52,14,sell
8/07,2337,國泰-板橋,003800380038004b,454,253,201,0.18,15,buy
8/07,2337,美林,1440,725,1284,-559,0.5,15,sell
8/07,2892,台新,0039004200300030,10455,7,10448,32.21,1,buy
8/07,2892,台灣摩根士丹利,1470,811,7586,-6775,20.89,1,sell
8/07,2892,摩根大通,8440,5934,661,5273,16.26,2,buy
8/07,2892,美林,1440,296,3987,-3691,11.38,2,sell
8/07,2892,土銀,1030,4212,0,4212,12.99,3,buy
8/07,2892,美商高盛,1480,637,4314,-3677,11.34,3,sell
8/07,2892,富邦證券,9600,1428,4,1424,4.39,4,buy
8/07,2892,新加坡商瑞銀,1650,1060,3494,-2434,7.5,4,sell
8/07,2892,永豐金證券,0039004100300030,1009,119,890,2.74,5,buy
8/07,2892,花旗環球,1590,246,1708,-1462,4.51,5,sell
8/07,2892,凱基-台北,9268,2088,1208,880,2.71,6,buy
8/07,2892,合庫證券,1020,33,805,-772,2.38,6,sell
8/07,2892,永豐金-萬盛,0039004100390032,281,0,281,0.87,7,buy
8/07,2892,元大證券,9800,175,875,-700,2.16,7,sell
8/07,2892,元大-內湖民權,9867,204,0,204,0.63,8,buy
8/07,2892,兆豐證券,7000,110,800,-690,2.13,8,sell
8/07,2892,台新-新店,0039004200320032,106,1,105,0.32,9,buy
8/07,2892,港商野村,1560,1,338,-337,1.04,9,sell
8/07,2892,康和,8450,100,0,100,0.31,10,buy
8/07,2892,致和證券,7030,0,218,-218,0.67,10,sell
8/07,2892,元大-仁愛,003900380033006a,81,0,81,0.25,11,buy
8/07,2892,元大-大益,9814,18,233,-215,0.66,11,sell
8/07,2892,永豐金-鳳山,0039004100360031,74,2,72,0.22,12,buy
8/07,2892,富邦-永和,9654,3,203,-200,0.62,12,sell
8/07,2892,永豐金-敦北,0039004100380039,58,1,57,0.18,13,buy
8/07,2892,兆豐-來福,0037003000300043,4,202,-198,0.61,13,sell
8/07,2892,合庫-鳳山,1029,52,0,52,0.16,14,buy
8/07,2892,元大-發財,0039003800310045,5,200,-195,0.6,14,sell
8/07,2892,國泰-敦南,8888,73,22,51,0.16,15,buy
8/07,2892,中國信託-忠孝,6162,1,189,-188,0.58,15,sell
8/07,2449,統一-仁愛,0035003800350063,201,1,200,1.34,1,buy
8/07,2449,台灣摩根士丹利,1470,994,2935,-1941,12.98,1,sell
8/07,2449,永豐金證券,0039004100300030,286,106,180,1.2,2,buy
8/07,2449,美林,1440,79,651,-572,3.83,2,sell
8/07,2449,國泰-敦南,8888,416,236,180,1.2,3,buy
8/07,2449,元大證券,9800,1253,1594,-341,2.28,3,sell
8/07,2449,摩根大通,8440,258,124,134,0.9,4,buy
8/07,2449,港商野村,1560,17,249,-232,1.55,4,sell
8/07,2449,華南永昌-大安,9307,88,9,79,0.53,5,buy
8/07,2449,統一,5850,26,198,-172,1.15,5,sell
8/07,2449,凱基,9200,68,2,66,0.44,6,buy
8/07,2449,凱基-台北,9268,909,1069,-160,1.07,6,sell
8/07,2449,合庫-高雄,1023,70,5,65,0.43,7,buy
8/07,2449,台新-信義,0039004200320048,10,124,-114,0.76,7,sell
8/07,2449,台新-五權西,0039004200320035,64,4,60,0.4,8,buy
8/07,2449,富邦-南屯,9666,16,128,-112,0.75,8,sell
8/07,2449,美好-市政,003500320036004d,57,0,57,0.38,9,buy
8/07,2449,富邦-台北,9623,47,141,-94,0.63,9,sell
8/07,2449,第一金-路竹,0035003300380050,60,7,53,0.35,10,buy
8/07,2449,美商高盛,1480,1310,1394,-84,0.56,10,sell
8/07,2449,台新-世貿,0039004200320075,57,5,52,0.35,11,buy
8/07,2449,元大-大同,0039003800390047,17,96,-79,0.53,11,sell
8/07,2449,玉山-左營,0038003800340044,106,57,49,0.33,12,buy
8/07,2449,元大-南屯,9853,19,88,-69,0.46,12,sell
8/07,2449,群益金鼎-台中,9184,112,64,48,0.32,13,buy
8/07,2449,第一金,5380,6,54,-48,0.32,13,sell
8/07,2449,玉山-大里,003800380034004a,48,5,43,0.29,14,buy
8/07,2449,兆豐-嘉義,7001,2,50,-48,0.32,14,sell
8/07,2449,國泰-台中,8882,74,33,41,0.27,15,buy
8/07,2449,凱基-台中,9204,1,41,-40,0.27,15,sell
8/07,2886,台新,0039004200300030,8464,18,8446,37.43,1,buy
8/07,2886,摩根大通,8440,733,4933,-4200,18.61,1,sell
8/07,2886,土銀,1030,2426,8,2418,10.72,2,buy
8/07,2886,凱基-台北,9268,1386,3527,-2141,9.49,2,sell
8/07,2886,中國信託,6160,1628,7,1621,7.18,3,buy
8/07,2886,美商高盛,1480,383,1921,-1538,6.82,3,sell
8/07,2886,港商麥格理,1360,1326,40,1286,5.7,4,buy
8/07,2886,新加坡商瑞銀,1650,355,1741,-1386,6.14,4,sell
8/07,2886,富邦證券,9600,1715,889,826,3.66,5,buy
8/07,2886,臺銀,1040,0,1233,-1233,5.46,5,sell
8/07,2886,兆豐證券,7000,540,22,518,2.3,6,buy
8/07,2886,花旗環球,1590,312,1357,-1045,4.63,6,sell
8/07,2886,永豐金-萬盛,0039004100390032,207,3,204,0.9,7,buy
8/07,2886,永豐金證券,0039004100300030,35,683,-648,2.87,7,sell
8/07,2886,台灣摩根士丹利,1470,448,280,168,0.74,8,buy
8/07,2886,美林,1440,118,662,-544,2.41,8,sell
8/07,2886,元大證券,9800,630,473,157,0.7,9,buy
8/07,2886,大和國泰,8890,0,330,-330,1.46,9,sell
8/07,2886,法銀巴黎,8900,158,72,86,0.38,10,buy
8/07,2886,統一,5850,18,345,-327,1.45,10,sell
8/07,2886,新光-桃園,8565,77,17,60,0.27,11,buy
8/07,2886,華南永昌,9300,1,241,-240,1.06,11,sell
8/07,2886,國泰-桃園,8885,71,16,55,0.24,12,buy
8/07,2886,兆豐-員林,003700300030006b,0,165,-165,0.73,12,sell
8/07,2886,台新-新店,0039004200320032,50,0,50,0.22,13,buy
8/07,2886,港商野村,1560,20,114,-94,0.42,13,sell
8/07,2886,群益金鼎-館前,0039003100330059,48,0,48,0.21,14,buy
8/07,2886,國泰-新莊,8886,0,81,-81,0.36,14,sell
8/07,2886,永豐金-敦北,0039004100380039,25,0,25,0.11,15,buy
8/07,2886,新光,8560,6,79,-73,0.32,15,sell
8/07,1314,台灣摩根士丹利,1470,1824,174,1650,9.69,1,buy
8/07,1314,元大證券,9800,593,5500,-4907,28.81,1,sell
8/07,1314,台新-緯城,0039004200320041,712,6,706,4.15,2,buy
8/07,1314,摩根大通,8440,1136,2052,-916,5.38,2,sell
8/07,1314,凱基-台北,9268,1240,897,343,2.01,3,buy
8/07,1314,美商高盛,1480,347,915,-568,3.34,3,sell
8/07,1314,永豐金-忠孝,0039004100390044,304,1,303,1.78,4,buy
8/07,1314,美林,1440,104,433,-329,1.93,4,sell
8/07,1314,華南永昌-朴子,9329,202,0,202,1.19,5,buy
8/07,1314,國泰-敦南,8888,257,550,-293,1.72,5,sell
8/07,1314,富邦-新店,9661,201,0,201,1.18,6,buy
8/07,1314,凱基-站前,0039003200300046,10,201,-191,1.12,6,sell
8/07,1314,群益金鼎-鳳山,0039003100380063,201,2,199,1.17,7,buy
8/07,1314,新光-新竹,8563,23,205,-182,1.07,7,sell
8/07,1314,群益金鼎-新莊,0039003100380047,194,0,194,1.14,8,buy
8/07,1314,光和-嘉義,0036003300380041,7,137,-130,0.76,8,sell
8/07,1314,玉山-雙和,8841,180,0,180,1.06,9,buy
8/07,1314,港商野村,1560,21,140,-119,0.7,9,sell
8/07,1314,新加坡商瑞銀,1650,183,3,180,1.06,10,buy
8/07,1314,臺銀-高雄,0031003000340043,32,132,-100,0.59,10,sell
8/07,1314,永全證券,6450,151,0,151,0.89,11,buy
8/07,1314,凱基-城中,9227,4,101,-97,0.57,11,sell
8/07,1314,第一金-路竹,0035003300380050,150,5,145,0.85,12,buy
8/07,1314,凱基-新莊,0039003200310053,10,105,-95,0.56,12,sell
8/07,1314,中國信託-嘉義,6168,141,1,140,0.82,13,buy
8/07,1314,富邦-台北,9623,79,154,-75,0.44,13,sell
8/07,1314,高橋-內壢,5323,132,2,130,0.76,14,buy
8/07,1314,華南永昌-潮州,9328,2,72,-70,0.41,14,sell
8/07,1314,中國信託-中壢,0036003100360041,122,0,122,0.72,15,buy
8/07,1314,臺銀-民權,1043,1,70,-69,0.41,15,sell
8/07,1718,新加坡商瑞銀,1650,774,43,731,2.66,1,buy
8/07,1718,凱基,9200,8,1000,-992,3.61,1,sell
8/07,1718,永豐金證券,0039004100300030,608,82,526,1.92,2,buy
8/07,1718,元大-竹科,003900380030004b,49,912,-863,3.14,2,sell
8/07,1718,美林,1440,528,91,437,1.59,3,buy
8/07,1718,台灣摩根士丹利,1470,309,1082,-773,2.81,3,sell
8/07,1718,台新-中壢,0039004200310079,332,3,329,1.2,4,buy
8/07,1718,玉山-景美,8849,8,465,-457,1.66,4,sell
8/07,1718,國泰-敦南,8888,1101,836,265,0.96,5,buy
8/07,1718,群益金鼎-丹鳳,0039003100380073,3,400,-397,1.45,5,sell
8/07,1718,群益金鼎-古亭,0039003100380043,219,7,212,0.77,6,buy
8/07,1718,凱基-台北,9268,2185,2521,-336,1.22,6,sell
8/07,1718,第一金-忠孝,0035003300380044,203,50,153,0.56,7,buy
8/07,1718,富邦-中壢,9636,17,344,-327,1.19,7,sell
8/07,1718,永豐金-南投,003900410039004d,192,47,145,0.53,8,buy
8/07,1718,統一,5850,151,385,-234,0.85,8,sell
8/07,1718,凱基-桃園,9208,147,10,137,0.5,9,buy
8/07,1718,凱基-新莊,0039003200310053,1,187,-186,0.68,9,sell
8/07,1718,富邦-台北,9623,240,105,135,0.49,10,buy
8/07,1718,國泰-台中,8882,361,531,-170,0.62,10,sell
8/07,1718,花旗環球,1590,162,31,131,0.48,11,buy
8/07,1718,玉山-高雄,8843,86,231,-145,0.53,11,sell
8/07,1718,新光,8560,203,76,127,0.46,12,buy
8/07,1718,元大-蘆洲中正,0039003800390049,20,133,-113,0.41,12,sell
8/07,1718,元大-善化,0039003800310079,130,7,123,0.45,13,buy
8/07,1718,統一-基隆,0035003800350041,20,130,-110,0.4,13,sell
8/07,1718,富邦-台南,9667,137,19,118,0.43,14,buy
8/07,1718,元大-內湖,003900380039004e,10,117,-107,0.39,14,sell
8/07,1718,元大-永康,9829,109,3,106,0.39,15,buy
8/07,1718,永豐金-桃盛,003900410039004e,6,107,-101,0.37,15,sell
8/07,8150,美林,1440,988,95,893,2.72,1,buy
8/07,8150,美商高盛,1480,1994,3739,-1745,5.32,1,sell
8/07,8150,國泰-敦南,8888,1368,1092,276,0.84,2,buy
8/07,8150,元大證券,9800,3020,3770,-750,2.29,2,sell
8/07,8150,花旗環球,1590,177,12,165,0.5,3,buy
8/07,8150,台灣摩根士丹利,1470,1276,1769,-493,1.5,3,sell
8/07,8150,兆豐-岡山,0037003000300073,169,7,162,0.49,4,buy
8/07,8150,凱基-台北,9268,2520,2999,-479,1.46,4,sell
8/07,8150,台新,0039004200300030,279,171,108,0.33,5,buy
8/07,8150,摩根大通,8440,293,658,-365,1.11,5,sell
8/07,8150,富邦-木柵,003900360031004d,166,88,78,0.24,6,buy
8/07,8150,群益金鼎,9100,67,381,-314,0.96,6,sell
8/07,8150,富邦-南屯,9666,83,22,61,0.19,7,buy
8/07,8150,台新-台北,0039004200320030,2,150,-148,0.45,7,sell
8/07,8150,中國信託,6160,159,103,56,0.17,8,buy
8/07,8150,兆豐證券,7000,6,135,-129,0.39,8,sell
8/07,8150,元大-台北,0039003800300068,85,32,53,0.16,9,buy
8/07,8150,凱基-民權,0039003200310043,40,150,-110,0.34,9,sell
8/07,8150,國泰-台中,8882,236,184,52,0.16,10,buy
8/07,8150,臺銀-臺中,0031003000340041,78,172,-94,0.29,10,sell
8/07,8150,新光,8560,308,256,52,0.16,11,buy
8/07,8150,統一-南京,0035003800350055,11,100,-89,0.27,11,sell
8/07,8150,玉山-信義,0038003800340043,70,20,50,0.15,12,buy
8/07,8150,新加坡商瑞銀,1650,463,543,-80,0.24,12,sell
8/07,8150,新光-新竹,8563,66,18,48,0.15,13,buy
8/07,8150,永豐金證券,0039004100300030,270,348,-78,0.24,13,sell
8/07,8150,凱基-新莊,0039003200310053,67,22,45,0.14,14,buy
8/07,8150,香港上海匯豐,8960,0,68,-68,0.21,14,sell
8/07,8150,凱基-三重,9205,65,20,45,0.14,15,buy
8/07,8150,富邦-和美,0039003600310050,11,68,-57,0.17,15,sell
8/07,1802,統一,5850,1172,106,1066,4.78,1,buy
8/07,1802,美商高盛,1480,352,2107,-1755,7.87,1,sell
8/07,1802,新加坡商瑞銀,1650,1240,408,832,3.73,2,buy
8/07,1802,凱基-台北,9268,1065,2099,-1034,4.63,2,sell
8/07,1802,摩根大通,8440,1254,745,509,2.28,3,buy
8/07,1802,台灣摩根士丹利,1470,616,1466,-850,3.81,3,sell
8/07,1802,香港上海匯豐,8960,193,0,193,0.86,4,buy
8/07,1802,元大證券,9800,1573,1901,-328,1.47,4,sell
8/07,1802,元大-復北,9872,139,19,120,0.54,5,buy
8/07,1802,美林,1440,456,719,-263,1.18,5,sell
8/07,1802,凱基-台東,003900320030005a,87,11,76,0.34,6,buy
8/07,1802,富邦-新竹,9647,20,193,-173,0.78,6,sell
8/07,1802,富邦-木柵,003900360031004d,85,15,70,0.31,7,buy
8/07,1802,第一金-華江,0035003300380057,19,114,-95,0.43,7,sell
8/07,1802,台中銀-員林,6114,100,35,65,0.29,8,buy
8/07,1802,花旗環球,1590,26,97,-71,0.32,8,sell
8/07,1802,富邦-陽明,9604,278,214,64,0.29,9,buy
8/07,1802,國泰-台中,8882,103,173,-70,0.31,9,sell
8/07,1802,統一-三重,003500380035004a,73,14,59,0.26,10,buy
8/07,1802,玉山-景美,8849,122,179,-57,0.26,10,sell
8/07,1802,永豐金-中壢,0039004100390039,59,1,58,0.26,11,buy
8/07,1802,元大-蘆洲,9857,21,78,-57,0.26,11,sell
8/07,1802,華南永昌-潮州,9328,61,6,55,0.25,12,buy
8/07,1802,群益金鼎-松山,9103,0,50,-50,0.22,12,sell
8/07,1802,元大-林森,0039003800330042,62,12,50,0.22,13,buy
8/07,1802,國票-博愛,003700370039007a,4,53,-49,0.22,13,sell
8/07,1802,元大-中和,0039003800390065,53,4,49,0.22,14,buy
8/07,1802,國票-內壢,7798,25,74,-49,0.22,14,sell
8/07,1802,聯邦-台南,8588,48,1,47,0.21,15,buy
8/07,1802,群益金鼎-大甲,0039003100380067,7,52,-45,0.2,15,sell
8/07,2542,凱基,9200,600,0,600,12.29,1,buy
8/07,2542,美商高盛,1480,206,718,-512,10.49,1,sell
8/07,2542,中國信託,6160,547,24,523,10.72,2,buy
8/07,2542,富邦-新店,9661,0,304,-304,6.23,2,sell
8/07,2542,台中銀,6110,518,1,517,10.59,3,buy
8/07,2542,港商野村,1560,0,300,-300,6.15,3,sell
8/07,2542,摩根大通,8440,796,312,484,9.92,4,buy
8/07,2542,玉山-信義,0038003800340043,0,202,-202,4.14,4,sell
8/07,2542,美林,1440,282,5,277,5.68,5,buy
8/07,2542,統一-永和,0035003800350042,0,140,-140,2.87,5,sell
8/07,2542,康和,8450,200,0,200,4.1,6,buy
8/07,2542,康和-仁愛,0038003400350046,0,131,-131,2.68,6,sell
8/07,2542,凱基-台北,9268,301,157,144,2.95,7,buy
8/07,2542,統一-新台中,0035003800350044,0,76,-76,1.56,7,sell
8/07,2542,元大證券,9800,103,65,38,0.78,8,buy
8/07,2542,第一金-安和,003500330038006a,0,55,-55,1.13,8,sell
8/07,2542,台灣企銀-九如,1113,31,0,31,0.64,9,buy
8/07,2542,臺銀-金山,0031003000340044,0,52,-52,1.07,9,sell
8/07,2542,元大-內湖,003900380039004e,31,0,31,0.64,10,buy
8/07,2542,永豐金-中正,0039004100390055,0,48,-48,0.98,10,sell
8/07,2542,兆豐-忠孝,0037003000300061,30,0,30,0.61,11,buy
8/07,2542,統一,5850,9,52,-43,0.88,11,sell
8/07,2542,元大-文心,9868,30,0,30,0.61,12,buy
8/07,2542,台新,0039004200300030,17,55,-38,0.78,12,sell
8/07,2542,永豐金證券,0039004100300030,90,61,29,0.59,13,buy
8/07,2542,華南永昌,9300,1,30,-29,0.59,13,sell
8/07,2542,群益金鼎-大甲,0039003100380067,30,1,29,0.59,14,buy
8/07,2542,玉山-台中,0038003800340042,1,29,-28,0.57,14,sell
8/07,2542,富邦-竹東,9625,31,3,28,0.57,15,buy
8/07,2542,華南永昌-中正,9359,1,28,-27,0.55,15,sell
8/07,2313,台新,0039004200300030,872,170,702,2.22,1,buy
8/07,2313,台灣摩根士丹利,1470,2015,5185,-3170,10.03,1,sell
8/07,2313,國泰-松江,8883,301,35,266,0.84,2,buy
8/07,2313,凱基-台北,9268,1368,3149,-1781,5.64,2,sell
8/07,2313,兆豐-嘉義,7001,266,25,241,0.76,3,buy
8/07,2313,美商高盛,1480,1047,1769,-722,2.28,3,sell
8/07,2313,富邦-建國,9658,201,17,184,0.58,4,buy
8/07,2313,美林,1440,349,925,-576,1.82,4,sell
8/07,2313,國泰-敦南,8888,816,672,144,0.46,5,buy
8/07,2313,元大證券,9800,2543,3091,-548,1.73,5,sell
8/07,2313,國泰-台中,8882,218,104,114,0.36,6,buy
8/07,2313,摩根大通,8440,68,506,-438,1.39,6,sell
8/07,2313,華南永昌-長虹,9333,112,3,109,0.34,7,buy
8/07,2313,國泰證券,8880,37,470,-433,1.37,7,sell
8/07,2313,台新-安南,003900420032005a,110,9,101,0.32,8,buy
8/07,2313,富邦證券,9600,95,510,-415,1.31,8,sell
8/07,2313,永豐金-大園,0039004100390038,118,27,91,0.29,9,buy
8/07,2313,永豐金證券,0039004100300030,339,716,-377,1.19,9,sell
8/07,2313,凱基-站前,0039003200300046,130,40,90,0.28,10,buy
8/07,2313,群益金鼎,9100,444,778,-334,1.06,10,sell
8/07,2313,富邦-台北,9623,196,108,88,0.28,11,buy
8/07,2313,第一金-桃園,5385,21,263,-242,0.77,11,sell
8/07,2313,元大-南屯,9853,100,25,75,0.24,12,buy
8/07,2313,花旗環球,1590,9,125,-116,0.37,12,sell
8/07,2313,富邦-敦南,9663,80,7,73,0.23,13,buy
8/07,2313,群益金鼎-忠孝,0039003100380057,121,222,-101,0.32,13,sell
8/07,2313,港商野村,1560,358,286,72,0.23,14,buy
8/07,2313,元大-內湖民權,9867,26,104,-78,0.25,14,sell
8/07,2313,統一-敦南,5852,73,2,71,0.22,15,buy
8/07,2313,新加坡商瑞銀,1650,476,545,-69,0.22,15,sell
8/07,5871,新加坡商瑞銀,1650,482,43,439,17.71,1,buy
8/07,5871,花旗環球,1590,5,380,-375,15.13,1,sell
8/07,5871,富邦證券,9600,173,2,171,6.9,2,buy
8/07,5871,美商高盛,1480,203,390,-187,7.54,2,sell
8/07,5871,合庫-鳳山,1029,76,0,76,3.07,3,buy
8/07,5871,凱基-台北,9268,20,138,-118,4.76,3,sell
8/07,5871,華南永昌-大安,9307,50,0,50,2.02,4,buy
8/07,5871,香港上海匯豐,8960,0,93,-93,3.75,4,sell
8/07,5871,兆豐證券,7000,35,0,35,1.41,5,buy
8/07,5871,摩根大通,8440,52,113,-61,2.46,5,sell
8/07,5871,永豐金-市政,0039004100390057,31,0,31,1.25,6,buy
8/07,5871,台灣摩根士丹利,1470,110,165,-55,2.22,6,sell
8/07,5871,統一-嘉義,5858,20,0,20,0.81,7,buy
8/07,5871,康和-板橋,0038003400350044,1,46,-45,1.82,7,sell
8/07,5871,台新-新店,0039004200320032,18,0,18,0.73,8,buy
8/07,5871,大和國泰,8890,0,42,-42,1.69,8,sell
8/07,5871,國泰-敦南,8888,26,13,13,0.52,9,buy
8/07,5871,凱基-站前,0039003200300046,0,33,-33,1.33,9,sell
8/07,5871,統一,5850,13,0,13,0.52,10,buy
8/07,5871,凱基-中壢,9285,0,32,-32,1.29,10,sell
8/07,5871,台新-台中,0039004200310068,14,1,13,0.52,11,buy
8/07,5871,新光-台南,8564,4,35,-31,1.25,11,sell
8/07,5871,永豐金-匯立,0039004100380031,12,0,12,0.48,12,buy
8/07,5871,台新-埔里,0039004200320059,0,30,-30,1.21,12,sell
8/07,5871,永豐金-羅東,0039004100390041,12,0,12,0.48,13,buy
8/07,5871,合庫-台中,1021,2,25,-23,0.93,13,sell
8/07,5871,福勝,6950,11,0,11,0.44,14,buy
8/07,5871,群益金鼎-新竹,9186,0,22,-22,0.89,14,sell
8/07,5871,群益金鼎-萬華,0039003100330049,10,0,10,0.4,15,buy
8/07,5871,第一金-路竹,0035003300380050,2,20,-18,0.73,15,sell
8/07,2885,美林,1440,2833,74,2759,20.07,1,buy
8/07,2885,永豐金-匯立,0039004100380031,0,1251,-1251,9.1,1,sell
8/07,2885,美商高盛,1480,1556,672,884,6.43,2,buy
8/07,2885,兆豐證券,7000,0,1000,-1000,7.27,2,sell
8/07,2885,凱基-台北,9268,2097,1318,779,5.67,3,buy
8/07,2885,宏遠證券,1260,0,1000,-1000,7.27,3,sell
8/07,2885,元大-台北,0039003800300068,433,9,424,3.08,4,buy
8/07,2885,花旗環球,1590,615,1319,-704,5.12,4,sell
8/07,2885,台新,0039004200300030,355,8,347,2.52,5,buy
8/07,2885,元大-民雄,0039003800310056,0,335,-335,2.44,5,sell
8/07,2885,摩根大通,8440,1019,774,245,1.78,6,buy
8/07,2885,統一,5850,3,252,-249,1.81,6,sell
8/07,2885,富邦證券,9600,244,25,219,1.59,7,buy
8/07,2885,元大證券,9800,244,441,-197,1.43,7,sell
8/07,2885,華南永昌,9300,156,1,155,1.13,8,buy
8/07,2885,港商麥格理,1360,0,89,-89,0.65,8,sell
8/07,2885,康和,8450,107,0,107,0.78,9,buy
8/07,2885,香港上海匯豐,8960,46,113,-67,0.49,9,sell
8/07,2885,永豐金-敦南,0039004100380046,102,6,96,0.7,10,buy
8/07,2885,元大-和平,9863,0,53,-53,0.39,10,sell
8/07,2885,新加坡商瑞銀,1650,505,418,87,0.63,11,buy
8/07,2885,元大-中山北路,0039003800300061,3,50,-47,0.34,11,sell
8/07,2885,港商野村,1560,105,29,76,0.55,12,buy
8/07,2885,玉山-雙和,8841,0,42,-42,0.31,12,sell
8/07,2885,土銀-和平,1038,60,1,59,0.43,13,buy
8/07,2885,玉山證券,8840,2,43,-41,0.3,13,sell
8/07,2885,第一金-嘉義,003500330038004d,45,0,45,0.33,14,buy
8/07,2885,台新-松江,0039004200310035,0,39,-39,0.28,14,sell
8/07,2885,彰銀,1230,31,1,30,0.22,15,buy
8/07,2885,兆豐-南京,0037003000300050,0,38,-38,0.28,15,sell
8/07,3702,美林,1440,1001,111,890,8.91,1,buy
8/07,3702,美商高盛,1480,213,1306,-1093,10.95,1,sell
8/07,3702,摩根大通,8440,805,183,622,6.23,2,buy
8/07,3702,台灣摩根士丹利,1470,216,953,-737,7.38,2,sell
8/07,3702,元大證券,9800,2037,1499,538,5.39,3,buy
8/07,3702,凱基-台北,9268,256,678,-422,4.23,3,sell
8/07,3702,兆豐證券,7000,452,0,452,4.53,4,buy
8/07,3702,元大-土城,9897,3,262,-259,2.59,4,sell
8/07,3702,宏遠證券,1260,404,3,401,4.02,5,buy
8/07,3702,國票證券,7790,7,233,-226,2.26,5,sell
8/07,3702,港商野村,1560,493,98,395,3.96,6,buy
8/07,3702,永豐金證券,0039004100300030,94,267,-173,1.73,6,sell
8/07,3702,合庫證券,1020,150,1,149,1.49,7,buy
8/07,3702,凱基,9200,0,104,-104,1.04,7,sell
8/07,3702,康和-板橋,0038003400350044,137,8,129,1.29,8,buy
8/07,3702,元大-館前,003900380034004b,1,100,-99,0.99,8,sell
8/07,3702,玉山證券,8840,114,19,95,0.95,9,buy
8/07,3702,元大-天母,0039003800310049,41,133,-92,0.92,9,sell
8/07,3702,台新,0039004200300030,93,27,66,0.66,10,buy
8/07,3702,華南永昌-豐原,9366,5,92,-87,0.87,10,sell
8/07,3702,群益金鼎-敦南,9101,40,0,40,0.4,11,buy
8/07,3702,聯邦證券,8580,5,90,-85,0.85,11,sell
8/07,3702,華南永昌-鳳山,9331,41,2,39,0.39,12,buy
8/07,3702,新加坡商瑞銀,1650,370,453,-83,0.83,12,sell
8/07,3702,元大-台南,9896,36,1,35,0.35,13,buy
8/07,3702,群益金鼎-桃園,9189,0,65,-65,0.65,13,sell
8/07,3702,國泰證券,8880,27,0,27,0.27,14,buy
8/07,3702,元大-新莊,9898,2,65,-63,0.63,14,sell
8/07,3702,統一,5850,27,1,26,0.26,15,buy
8/07,3702,花旗環球,1590,60,115,-55,0.55,15,sell
8/07,2408,富邦證券,9600,3499,1061,2438,3.46,1,buy
8/07,2408,元大證券,9800,7266,9545,-2279,3.23,1,sell
8/07,2408,摩根大通,8440,4590,2317,2273,3.22,2,buy
8/07,2408,富邦-新店,9661,128,1223,-1095,1.55,2,sell
8/07,2408,花旗環球,1590,1078,188,890,1.26,3,buy
8/07,2408,美商高盛,1480,2144,3179,-1035,1.47,3,sell
8/07,2408,凱基,9200,641,64,577,0.82,4,buy
8/07,2408,永豐金證券,0039004100300030,895,1393,-498,0.71,4,sell
8/07,2408,元大-永春,9852,533,38,495,0.7,5,buy
8/07,2408,台新,0039004200300030,473,884,-411,0.58,5,sell
8/07,2408,康和,8450,504,18,486,0.69,6,buy
8/07,2408,新光,8560,532,840,-308,0.44,6,sell
8/07,2408,港商野村,1560,588,103,485,0.69,7,buy
8/07,2408,法銀巴黎,8900,0,254,-254,0.36,7,sell
8/07,2408,新加坡商瑞銀,1650,1384,1016,368,0.52,8,buy
8/07,2408,凱基-台北,9268,2348,2532,-184,0.26,8,sell
8/07,2408,群益金鼎,9100,1085,727,358,0.51,9,buy
8/07,2408,國票-新莊,0037003700390047,34,199,-165,0.23,9,sell
8/07,2408,台灣摩根士丹利,1470,3433,3114,319,0.45,10,buy
8/07,2408,富邦-台北,9623,135,299,-164,0.23,10,sell
8/07,2408,兆豐-三民,0037003000300068,187,9,178,0.25,11,buy
8/07,2408,國泰-敦南,8888,2367,2509,-142,0.2,11,sell
8/07,2408,凱基-站前,0039003200300046,290,154,136,0.19,12,buy
8/07,2408,台新-台北,0039004200320030,33,172,-139,0.2,12,sell
8/07,2408,統一,5850,328,199,129,0.18,13,buy
8/07,2408,兆豐-忠孝,0037003000300061,54,186,-132,0.19,13,sell
8/07,2408,國泰證券,8880,159,41,118,0.17,14,buy
8/07,2408,美林,1440,629,759,-130,0.18,14,sell
8/07,2408,永豐金-敦北,0039004100380039,190,80,110,0.16,15,buy
8/07,2408,宏遠-中和,0031003200360048,7,133,-126,0.18,15,sell
8/07,4958,富邦證券,9600,627,140,487,1.47,1,buy
8/07,4958,摩根大通,8440,645,1758,-1113,3.36,1,sell
8/07,4958,康和,8450,230,6,224,0.68,2,buy
8/07,4958,凱基-台北,9268,1861,2764,-903,2.72,2,sell
8/07,4958,國票-敦北法人,0037003700390063,231,8,223,0.67,3,buy
8/07,4958,台灣摩根士丹利,1470,1171,1966,-795,2.4,3,sell
8/07,4958,玉山證券,8840,236,59,177,0.53,4,buy
8/07,4958,元大證券,9800,5257,6030,-773,2.33,4,sell
8/07,4958,凱基,9200,198,47,151,0.46,5,buy
8/07,4958,美商高盛,1480,695,1177,-482,1.45,5,sell
8/07,4958,國泰-敦南,8888,1100,960,140,0.42,6,buy
8/07,4958,港商野村,1560,141,467,-326,0.98,6,sell
8/07,4958,中國信託,6160,235,98,137,0.41,7,buy
8/07,4958,新加坡商瑞銀,1650,199,496,-297,0.9,7,sell
8/07,4958,國泰證券,8880,249,118,131,0.4,8,buy
8/07,4958,永豐金-板新,003900410039004a,37,222,-185,0.56,8,sell
8/07,4958,統一,5850,295,189,106,0.32,9,buy
8/07,4958,台新,0039004200300030,234,415,-181,0.55,9,sell
8/07,4958,永豐金-南京,0039004100390053,124,21,103,0.31,10,buy
8/07,4958,第一金,5380,15,185,-170,0.51,10,sell
8/07,4958,永豐金證券,0039004100300030,332,248,84,0.25,11,buy
8/07,4958,美林,1440,365,512,-147,0.44,11,sell
8/07,4958,香港上海匯豐,8960,99,20,79,0.24,12,buy
8/07,4958,凱基-中壢,9285,27,134,-107,0.32,12,sell
8/07,4958,華南永昌,9300,108,36,72,0.22,13,buy
8/07,4958,法銀巴黎,8900,0,53,-53,0.16,13,sell
8/07,4958,新光,8560,273,204,69,0.21,14,buy
8/07,4958,富邦-永和,9654,62,114,-52,0.16,14,sell
8/07,4958,元大-新竹經國,9859,76,15,61,0.18,15,buy
8/07,4958,統一-城中,5854,124,172,-48,0.14,15,sell
8/07,3481,國泰-敦南,8888,12327,9411,2916,1.08,1,buy
8/07,3481,美商高盛,1480,4967,22843,-17876,6.6,1,sell
8/07,3481,新光,8560,4114,2911,1203,0.44,2,buy
8/07,3481,新加坡商瑞銀,1650,79,7719,-7640,2.82,2,sell
8/07,3481,富邦-新竹,9647,1606,458,1148,0.42,3,buy
8/07,3481,凱基-台北,9268,10978,17882,-6904,2.55,3,sell
8/07,3481,富邦-仁愛,9676,955,159,796,0.29,4,buy
8/07,3481,元大證券,9800,19103,25775,-6672,2.46,4,sell
8/07,3481,台新,0039004200300030,2303,1537,766,0.28,5,buy
8/07,3481,台灣摩根士丹利,1470,2170,7497,-5327,1.97,5,sell
8/07,3481,元大-信義,003900380039006d,667,48,619,0.23,6,buy
8/07,3481,摩根大通,8440,796,5348,-4552,1.68,6,sell
8/07,3481,富邦-板橋,9655,920,411,509,0.19,7,buy
8/07,3481,富邦證券,9600,1227,4652,-3425,1.26,7,sell
8/07,3481,玉山-嘉義,8848,696,217,479,0.18,8,buy
8/07,3481,凱基-站前,0039003200300046,312,2244,-1932,0.71,8,sell
8/07,3481,國泰-板橋,003800380038004b,2240,1783,457,0.17,9,buy
8/07,3481,法銀巴黎,8900,0,1320,-1320,0.49,9,sell
8/07,3481,大昌-新店,6464,733,288,445,0.16,10,buy
8/07,3481,台新-嘉義,0039004200320049,186,1233,-1047,0.39,10,sell
8/07,3481,國泰-台中,8882,2031,1588,443,0.16,11,buy
8/07,3481,國泰證券,8880,239,1214,-975,0.36,11,sell
8/07,3481,富邦-嘉義,9692,588,180,408,0.15,12,buy
8/07,3481,群益金鼎,9100,2248,3210,-962,0.36,12,sell
8/07,3481,元大-彰化民生,003900380039004a,705,302,403,0.15,13,buy
8/07,3481,花旗環球,1590,289,940,-651,0.24,13,sell
8/07,3481,富邦-建國,9658,798,398,400,0.15,14,buy
8/07,3481,臺銀,1040,373,1001,-628,0.23,14,sell
8/07,3481,第一金-華江,0035003300380057,704,312,392,0.14,15,buy
8/07,3481,美林,1440,1424,1947,-523,0.19,15,sell
8/07,6182,統一,5850,541,381,160,3.18,1,buy
8/07,6182,康和,8450,0,312,-312,6.21,1,sell
8/07,6182,陽信-石牌,8711,95,0,95,1.89,2,buy
8/07,6182,元大證券,9800,56,316,-260,5.17,2,sell
8/07,6182,國泰-敦南,8888,110,24,86,1.71,3,buy
8/07,6182,台灣摩根士丹利,1470,315,494,-179,3.56,3,sell
8/07,6182,凱基-中港,9202,83,0,83,1.65,4,buy
8/07,6182,群益金鼎,9100,35,153,-118,2.35,4,sell
8/07,6182,永豐金-大園,0039004100390038,74,0,74,1.47,5,buy
8/07,6182,摩根大通,8440,233,347,-114,2.27,5,sell
8/07,6182,玉山-城中,0038003800340045,69,1,68,1.35,6,buy
8/07,6182,元大-豐原站前,0039003800390057,3,101,-98,1.95,6,sell
8/07,6182,中國信託-文心,6164,67,5,62,1.23,7,buy
8/07,6182,元大-虎尾,003900380030006c,25,112,-87,1.73,7,sell
8/07,6182,新加坡商瑞銀,1650,60,1,59,1.17,8,buy
8/07,6182,玉山證券,8840,14,81,-67,1.33,8,sell
8/07,6182,國泰證券,8880,58,0,58,1.15,9,buy
8/07,6182,台新-敦南,0039004200320051,7,73,-66,1.31,9,sell
8/07,6182,元大-松江,9801,57,0,57,1.13,10,buy
8/07,6182,美商高盛,1480,77,138,-61,1.21,10,sell
8/07,6182,富邦證券,9600,103,58,45,0.9,11,buy
8/07,6182,元大-文心,9868,1,60,-59,1.17,11,sell
8/07,6182,台新,0039004200300030,50,5,45,0.9,12,buy
8/07,6182,元大-大同,0039003800390047,6,64,-58,1.15,12,sell
8/07,6182,凱基-和平,9255,44,0,44,0.88,13,buy
8/07,6182,國票-安和,003700370039005a,2,55,-53,1.05,13,sell
8/07,6182,玉山-板橋,8846,40,4,36,0.72,14,buy
8/07,6182,凱基-城中,9227,2,54,-52,1.03,14,sell
8/07,6182,華南永昌-台中,9302,33,0,33,0.66,15,buy
8/07,6182,台新-佳里,0039004200320077,0,42,-42,0.84,15,sell
8/07,2327,永豐金證券,0039004100300030,1034,494,540,1.22,1,buy
8/07,2327,摩根大通,8440,462,3614,-3152,7.12,1,sell
8/07,2327,大和國泰,8890,500,14,486,1.1,2,buy
8/07,2327,台灣摩根士丹利,1470,1976,3734,-1758,3.97,2,sell
8/07,2327,國泰-敦南,8888,1688,1282,406,0.92,3,buy
8/07,2327,新加坡商瑞銀,1650,578,1848,-1270,2.87,3,sell
8/07,2327,兆豐-中壢,0037003000300062,186,4,182,0.41,4,buy
8/07,2327,凱基-台北,9268,1453,2510,-1057,2.39,4,sell
8/07,2327,國票-敦北法人,0037003700390063,223,58,165,0.37,5,buy
8/07,2327,元大證券,9800,3434,4444,-1010,2.28,5,sell
8/07,2327,中國信託-松江,6167,149,28,121,0.27,6,buy
8/07,2327,美林,1440,211,933,-722,1.63,6,sell
8/07,2327,國泰-高雄,8881,192,90,102,0.23,7,buy
8/07,2327,富邦證券,9600,98,604,-506,1.14,7,sell
8/07,2327,元大-員林中山,9835,113,19,94,0.21,8,buy
8/07,2327,玉山證券,8840,137,529,-392,0.89,8,sell
8/07,2327,國泰-台中,8882,287,196,91,0.21,9,buy
8/07,2327,美商高盛,1480,3480,3723,-243,0.55,9,sell
8/07,2327,國泰-板橋,003800380038004b,269,182,87,0.2,10,buy
8/07,2327,凱基,9200,132,355,-223,0.5,10,sell
8/07,2327,台新-五權西,0039004200320035,153,68,85,0.19,11,buy
8/07,2327,港商野村,1560,97,290,-193,0.44,11,sell
8/07,2327,富邦-建國,9658,156,76,80,0.18,12,buy
8/07,2327,兆豐-北高雄,0037003000300049,41,217,-176,0.4,12,sell
8/07,2327,兆豐-民生,0037003000300063,95,15,80,0.18,13,buy
8/07,2327,群益金鼎,9100,222,360,-138,0.31,13,sell
8/07,2327,玉山-高雄,8843,109,29,80,0.18,14,buy
8/07,2327,元大-天母,0039003800310049,38,174,-136,0.31,14,sell
8/07,2327,國泰-桃園,8885,187,114,73,0.16,15,buy
8/07,2327,(牛牛牛)亞證券,6010,0,135,-135,0.3,15,sell
8/07,6005,臺銀,1040,628,10,618,5.04,1,buy
8/07,6005,美商高盛,1480,178,3211,-3033,24.73,1,sell
8/07,6005,元大-中崙,9813,600,0,600,4.89,2,buy
8/07,6005,台灣摩根士丹利,1470,6,2741,-2735,22.3,2,sell
8/07,6005,群益金鼎-海山,9108,418,1,417,3.4,3,buy
8/07,6005,群益金鼎,9100,8,700,-692,5.64,3,sell
8/07,6005,永豐金-板新,003900410039004a,336,0,336,2.74,4,buy
8/07,6005,摩根大通,8440,261,852,-591,4.82,4,sell
8/07,6005,群益金鼎-彰化,9187,248,6,242,1.97,5,buy
8/07,6005,美林,1440,72,599,-527,4.3,5,sell
8/07,6005,富邦-中壢,9636,265,51,214,1.75,6,buy
8/07,6005,新加坡商瑞銀,1650,275,778,-503,4.1,6,sell
8/07,6005,國泰證券,8880,154,0,154,1.26,7,buy
8/07,6005,港商野村,1560,0,462,-462,3.77,7,sell
8/07,6005,花旗環球,1590,234,104,130,1.06,8,buy
8/07,6005,統一-屏東,5859,4,400,-396,3.23,8,sell
8/07,6005,國泰-敦南,8888,144,22,122,0.99,9,buy
8/07,6005,玉山-台中,0038003800340042,32,165,-133,1.08,9,sell
8/07,6005,元大證券,9800,155,35,120,0.98,10,buy
8/07,6005,華南永昌,9300,23,102,-79,0.64,10,sell
8/07,6005,玉山-高雄,8843,110,0,110,0.9,11,buy
8/07,6005,群益金鼎-大安,0039003100380065,3,80,-77,0.63,11,sell
8/07,6005,凱基-台北,9268,361,265,96,0.78,12,buy
8/07,6005,華南永昌-岡山,9324,3,80,-77,0.63,12,sell
8/07,6005,元大-中壢,9834,115,32,83,0.68,13,buy
8/07,6005,凱基-埔墘,9288,3,74,-71,0.58,13,sell
8/07,6005,台新-高雄,0039004200310067,108,28,80,0.65,14,buy
8/07,6005,法銀巴黎,8900,0,65,-65,0.53,14,sell
8/07,6005,永豐金-台南,0039004100390068,83,3,80,0.65,15,buy
8/07,6005,合庫-桃園,0031003000320045,1,60,-59,0.48,15,sell
8/07,2356,美林,1440,2121,8,2113,15.13,1,buy
8/07,2356,花旗環球,1590,40,542,-502,3.59,1,sell
8/07,2356,摩根大通,8440,394,202,192,1.37,2,buy
8/07,2356,富邦證券,9600,13,462,-449,3.21,2,sell
8/07,2356,台灣摩根士丹利,1470,708,529,179,1.28,3,buy
8/07,2356,凱基-台北,9268,518,938,-420,3.01,3,sell
8/07,2356,美商高盛,1480,672,529,143,1.02,4,buy
8/07,2356,元大-樹林,003900380039006a,9,402,-393,2.81,4,sell
8/07,2356,新加坡商瑞銀,1650,386,248,138,0.99,5,buy
8/07,2356,香港上海匯豐,8960,0,196,-196,1.4,5,sell
8/07,2356,聯邦證券,8580,132,0,132,0.95,6,buy
8/07,2356,華南永昌-頭份,9343,6,195,-189,1.35,6,sell
8/07,2356,華南永昌-高雄,9303,105,6,99,0.71,7,buy
8/07,2356,國票-敦北法人,0037003700390063,10,160,-150,1.07,7,sell
8/07,2356,台新-五權西,0039004200320035,62,2,60,0.43,8,buy
8/07,2356,國泰-台中,8882,45,165,-120,0.86,8,sell
8/07,2356,元大-新莊,9898,88,44,44,0.32,9,buy
8/07,2356,永豐金證券,0039004100300030,154,263,-109,0.78,9,sell
8/07,2356,合庫-嘉義,1024,44,1,43,0.31,10,buy
8/07,2356,元大證券,9800,1272,1373,-101,0.72,10,sell
8/07,2356,富邦-岡山,9616,43,2,41,0.29,11,buy
8/07,2356,群益金鼎-古亭,0039003100380043,11,108,-97,0.69,11,sell
8/07,2356,凱基-大安,9291,42,2,40,0.29,12,buy
8/07,2356,玉山證券,8840,41,132,-91,0.65,12,sell
8/07,2356,永豐金-台中,003900410039004c,64,24,40,0.29,13,buy
8/07,2356,華南永昌-鳳山,9331,2,80,-78,0.56,13,sell
8/07,2356,凱基-八德,003900320031004d,38,1,37,0.26,14,buy
8/07,2356,第一金-新竹,0035003300380042,4,75,-71,0.51,14,sell
8/07,2356,永豐金-市政,0039004100390057,52,16,36,0.26,15,buy
8/07,2356,國泰證券,8880,12,75,-63,0.45,15,sell
8/07,2353,台灣摩根士丹利,1470,1464,618,846,3.82,1,buy
8/07,2353,美商高盛,1480,1283,3228,-1945,8.77,1,sell
8/07,2353,摩根大通,8440,812,122,690,3.11,2,buy
8/07,2353,凱基-台北,9268,1183,2662,-1479,6.67,2,sell
8/07,2353,新加坡商瑞銀,1650,585,41,544,2.45,3,buy
8/07,2353,國泰-桃園,8885,219,747,-528,2.38,3,sell
8/07,2353,元大-竹山,0039003800310052,301,17,284,1.28,4,buy
8/07,2353,統一-松江,003500380035005a,1,500,-499,2.25,4,sell
8/07,2353,新光,8560,361,126,235,1.06,5,buy
8/07,2353,凱基-信義,9216,1,459,-458,2.07,5,sell
8/07,2353,富邦-仁愛,9676,253,32,221,1.0,6,buy
8/07,2353,港商麥格理,1360,0,408,-408,1.84,6,sell
8/07,2353,合庫-西台中,0031003000320046,206,0,206,0.93,7,buy
8/07,2353,華南永昌-中正,9359,73,385,-312,1.41,7,sell
8/07,2353,群益金鼎-民權,9131,207,15,192,0.87,8,buy
8/07,2353,元大證券,9800,2126,2368,-242,1.09,8,sell
8/07,2353,富邦-中壢,9636,174,13,161,0.73,9,buy
8/07,2353,元大-歸仁,0039003800310061,4,201,-197,0.89,9,sell
8/07,2353,台新,0039004200300030,200,47,153,0.69,10,buy
8/07,2353,法銀巴黎,8900,126,277,-151,0.68,10,sell
8/07,2353,中國信託,6160,137,23,114,0.51,11,buy
8/07,2353,花旗環球,1590,44,182,-138,0.62,11,sell
8/07,2353,元大-清水,0039003800300065,115,3,112,0.51,12,buy
8/07,2353,永豐金-新莊,0039004100390048,5,131,-126,0.57,12,sell
8/07,2353,元大-敦南,0039003800390050,112,3,109,0.49,13,buy
8/07,2353,統一-新營,0035003800350045,0,118,-118,0.53,13,sell
8/07,2353,元大-中山北路,0039003800300061,103,1,102,0.46,14,buy
8/07,2353,富邦-竹北,9624,16,120,-104,0.47,14,sell
8/07,2353,大昌-樹林,6461,115,15,100,0.45,15,buy
8/07,2353,群益金鼎-松山,9103,1,100,-99,0.45,15,sell
8/07,9904,台灣摩根士丹利,1470,1366,520,846,4.86,1,buy
8/07,9904,美林,1440,1004,2078,-1074,6.18,1,sell
8/07,9904,港商野村,1560,621,0,621,3.57,2,buy
8/07,9904,臺銀,1040,4,825,-821,4.72,2,sell
8/07,9904,摩根大通,8440,689,81,608,3.5,3,buy
8/07,9904,美商高盛,1480,1323,1938,-615,3.54,3,sell
8/07,9904,凱基-台北,9268,2468,1910,558,3.21,4,buy
8/07,9904,富邦-陽明,9604,598,1186,-588,3.38,4,sell
8/07,9904,美好-楊梅,5262,412,4,408,2.35,5,buy
8/07,9904,元大-和平,9863,3,481,-478,2.75,5,sell
8/07,9904,永豐金證券,0039004100300030,512,114,398,2.29,6,buy
8/07,9904,元大證券,9800,698,1159,-461,2.65,6,sell
8/07,9904,新加坡商瑞銀,1650,971,599,372,2.14,7,buy
8/07,9904,元大-內湖民權,9867,0,400,-400,2.3,7,sell
8/07,9904,元大-博愛,0039003800320042,228,5,223,1.28,8,buy
8/07,9904,台新,0039004200300030,37,412,-375,2.16,8,sell
8/07,9904,凱基-士林,9238,213,0,213,1.22,9,buy
8/07,9904,兆豐證券,7000,136,469,-333,1.91,9,sell
8/07,9904,元大-楊梅,0039003800370041,154,4,150,0.86,10,buy
8/07,9904,玉山-高雄,8843,5,212,-207,1.19,10,sell
8/07,9904,凱基-桃園,9208,150,9,141,0.81,11,buy
8/07,9904,兆豐-虎尾,0037003000300046,2,180,-178,1.02,11,sell
8/07,9904,永豐金-桃盛,003900410039004e,107,0,107,0.62,12,buy
8/07,9904,凱基-員林,9231,0,107,-107,0.62,12,sell
8/07,9904,大昌-新店,6464,107,0,107,0.62,13,buy
8/07,9904,元大-北投,0039003800390041,4,105,-101,0.58,13,sell
8/07,9904,富邦-新竹,9647,103,0,103,0.59,14,buy
8/07,9904,凱基-台中,9204,0,93,-93,0.53,14,sell
8/07,9904,富邦-三重,9677,100,0,100,0.58,15,buy
8/07,9904,元大-屏東民生,0039003800310068,0,92,-92,0.53,15,sell
8/07,2105,台灣摩根士丹利,1470,941,199,742,12.46,1,buy
8/07,2105,美商高盛,1480,365,942,-577,9.69,1,sell
8/07,2105,摩根大通,8440,751,185,566,9.5,2,buy
8/07,2105,群益金鼎-三民,9188,10,190,-180,3.02,2,sell
8/07,2105,元大證券,9800,334,102,232,3.9,3,buy
8/07,2105,亞東-新竹,2184,0,160,-160,2.69,3,sell
8/07,2105,凱基-台北,9268,451,222,229,3.84,4,buy
8/07,2105,國票-新莊,0037003700390047,0,102,-102,1.71,4,sell
8/07,2105,永豐金-台中,003900410039004c,201,1,200,3.36,5,buy
8/07,2105,兆豐-三重,7008,0,91,-91,1.53,5,sell
8/07,2105,美林,1440,191,8,183,3.07,6,buy
8/07,2105,永豐金證券,0039004100300030,37,104,-67,1.12,6,sell
8/07,2105,台新-屏新,0039004200320071,125,0,125,2.1,7,buy
8/07,2105,台新,0039004200300030,20,85,-65,1.09,7,sell
8/07,2105,中國信託,6160,122,0,122,2.05,8,buy
8/07,2105,元大-福營,0039003800310046,0,62,-62,1.04,8,sell
8/07,2105,新加坡商瑞銀,1650,304,187,117,1.96,9,buy
8/07,2105,玉山-嘉義,8848,6,60,-54,0.91,9,sell
8/07,2105,元大-雙和,9874,91,2,89,1.49,10,buy
8/07,2105,群益金鼎-忠孝,0039003100380057,0,51,-51,0.86,10,sell
8/07,2105,富邦-基隆,9614,76,20,56,0.94,11,buy
8/07,2105,華南永昌-大甲,9315,0,50,-50,0.84,11,sell
8/07,2105,永豐金-永康,0039004100390063,60,5,55,0.92,12,buy
8/07,2105,富邦-桃園,9665,53,101,-48,0.81,12,sell
8/07,2105,元大-博愛,0039003800320042,71,20,51,0.86,13,buy
8/07,2105,兆豐-公益,003700300030004a,1,46,-45,0.76,13,sell
8/07,2105,元大-中和,0039003800390065,34,0,34,0.57,14,buy
8/07,2105,臺銀-高雄,0031003000340043,1,43,-42,0.71,14,sell
8/07,2105,群益金鼎-開元,9134,30,0,30,0.5,15,buy
8/07,2105,合庫證券,1020,0,40,-40,0.67,15,sell
8/07,5347,台灣摩根士丹利,1470,1131,556,575,2.37,1,buy
8/07,5347,元大證券,9800,2119,4387,-2268,9.36,1,sell
8/07,5347,美商高盛,1480,1679,1114,565,2.33,2,buy
8/07,5347,富邦證券,9600,386,1734,-1348,5.56,2,sell
8/07,5347,凱基-台北,9268,1314,891,423,1.75,3,buy
8/07,5347,新加坡商瑞銀,1650,502,1697,-1195,4.93,3,sell
8/07,5347,國泰-敦南,8888,529,226,303,1.25,4,buy
8/07,5347,美林,1440,518,1645,-1127,4.65,4,sell
8/07,5347,元大-大同,0039003800390047,300,10,290,1.2,5,buy
8/07,5347,群益金鼎,9100,53,1056,-1003,4.14,5,sell
8/07,5347,台新,0039004200300030,311,58,253,1.04,6,buy
8/07,5347,統一,5850,66,1033,-967,3.99,6,sell
8/07,5347,元大-崇德,0039003800310053,232,8,224,0.92,7,buy
8/07,5347,中國信託,6160,62,1006,-944,3.89,7,sell
8/07,5347,摩根大通,8440,747,585,162,0.67,8,buy
8/07,5347,凱基-站前,0039003200300046,25,608,-583,2.41,8,sell
8/07,5347,國泰-板橋,003800380038004b,198,39,159,0.66,9,buy
8/07,5347,國泰證券,8880,28,562,-534,2.2,9,sell
8/07,5347,富邦-陽明,9604,144,5,139,0.57,10,buy
8/07,5347,花旗環球,1590,35,369,-334,1.38,10,sell
8/07,5347,永豐金證券,0039004100300030,319,191,128,0.53,11,buy
8/07,5347,第一金,5380,117,383,-266,1.1,11,sell
8/07,5347,康和,8450,126,0,126,0.52,12,buy
8/07,5347,凱基,9200,29,231,-202,0.83,12,sell
8/07,5347,新光,8560,155,49,106,0.44,13,buy
8/07,5347,台新-城中,0039004200320045,5,200,-195,0.8,13,sell
8/07,5347,德信-中正,6912,81,0,81,0.33,14,buy
8/07,5347,香港上海匯豐,8960,66,240,-174,0.72,14,sell
8/07,5347,統一-城中,5854,95,21,74,0.31,15,buy
8/07,5347,兆豐證券,7000,4,149,-145,0.6,15,sell
8/07,3090,康和-台中,8455,308,5,303,3.47,1,buy
8/07,3090,台灣摩根士丹利,1470,96,920,-824,9.44,1,sell
8/07,3090,康和,8450,302,46,256,2.93,2,buy
8/07,3090,摩根大通,8440,23,480,-457,5.23,2,sell
8/07,3090,富邦-彰化,0039003600350055,157,0,157,1.8,3,buy
8/07,3090,新加坡商瑞銀,1650,122,466,-344,3.94,3,sell
8/07,3090,富邦-南京,0039003600310043,115,11,104,1.19,4,buy
8/07,3090,凱基-台北,9268,468,781,-313,3.58,4,sell
8/07,3090,國泰證券,8880,103,4,99,1.13,5,buy
8/07,3090,群益金鼎-永和,003900310038004a,14,286,-272,3.11,5,sell
8/07,3090,美林,1440,205,127,78,0.89,6,buy
8/07,3090,美商高盛,1480,356,519,-163,1.87,6,sell
8/07,3090,國泰-敦南,8888,156,102,54,0.62,7,buy
8/07,3090,華南永昌-竹北,9339,3,147,-144,1.65,7,sell
8/07,3090,永豐金-萬盛,0039004100390032,66,15,51,0.58,8,buy
8/07,3090,元大證券,9800,586,722,-136,1.56,8,sell
8/07,3090,富邦-台北,9623,46,10,36,0.41,9,buy
8/07,3090,福邦證券,6480,2,102,-100,1.15,9,sell
8/07,3090,新光,8560,98,64,34,0.39,10,buy
8/07,3090,國泰-板橋,003800380038004b,43,133,-90,1.03,10,sell
8/07,3090,永豐金證券,0039004100300030,72,40,32,0.37,11,buy
8/07,3090,花旗環球,1590,4,43,-39,0.45,11,sell
8/07,3090,凱基-台中,9204,32,1,31,0.35,12,buy
8/07,3090,元大-內湖民權,9867,2,34,-32,0.37,12,sell
8/07,3090,台新-中港,0039004200320069,31,0,31,0.35,13,buy
8/07,3090,港商野村,1560,51,76,-25,0.29,13,sell
8/07,3090,臺銀-高雄,0031003000340043,35,6,29,0.33,14,buy
8/07,3090,群益金鼎-館前,0039003100330059,8,30,-22,0.25,14,sell
8/07,3090,永豐金-市政,0039004100390057,33,8,25,0.29,15,buy
8/07,3090,中國信託-高雄,003600310036004b,8,30,-22,0.25,15,sell
8/07,2368,富邦證券,9600,537,107,430,3.48,1,buy
8/07,2368,台灣摩根士丹利,1470,333,913,-580,4.7,1,sell
8/07,2368,摩根大通,8440,723,379,344,2.78,2,buy
8/07,2368,國泰證券,8880,184,588,-404,3.27,2,sell
8/07,2368,港商麥格理,1360,295,0,295,2.39,3,buy
8/07,2368,美商高盛,1480,600,913,-313,2.53,3,sell
8/07,2368,新光,8560,343,97,246,1.99,4,buy
8/07,2368,新加坡商瑞銀,1650,315,615,-300,2.43,4,sell
8/07,2368,港商野村,1560,177,0,177,1.43,5,buy
8/07,2368,玉山證券,8840,11,250,-239,1.93,5,sell
8/07,2368,永豐金證券,0039004100300030,354,246,108,0.87,6,buy
8/07,2368,群益金鼎-台北,0039003100380058,0,140,-140,1.13,6,sell
8/07,2368,凱基,9200,117,47,70,0.57,7,buy
8/07,2368,花旗環球,1590,268,365,-97,0.79,7,sell
8/07,2368,第一金,5380,57,1,56,0.45,8,buy
8/07,2368,凱基-台北,9268,776,840,-64,0.52,8,sell
8/07,2368,中國信託,6160,54,14,40,0.32,9,buy
8/07,2368,兆豐證券,7000,35,88,-53,0.43,9,sell
8/07,2368,永豐金-內湖,0039004100390067,43,7,36,0.29,10,buy
8/07,2368,凱基-大里,0039003200300057,8,49,-41,0.33,10,sell
8/07,2368,統一-敦南,5852,48,14,34,0.28,11,buy
8/07,2368,元大證券,9800,1403,1441,-38,0.31,11,sell
8/07,2368,新光-新竹,8563,48,15,33,0.27,12,buy
8/07,2368,元大-蘆洲,9857,12,41,-29,0.23,12,sell
8/07,2368,華南永昌-中正,9359,246,213,33,0.27,13,buy
8/07,2368,永豐金-員林,0039004100390043,10,35,-25,0.2,13,sell
8/07,2368,第一金-忠孝,0035003300380044,32,2,30,0.24,14,buy
8/07,2368,美林,1440,366,389,-23,0.19,14,sell
8/07,2368,聯邦-大業,8586,28,0,28,0.23,15,buy
8/07,2368,華南永昌-台中,9302,8,30,-22,0.18,15,sell
8/07,2347,元大證券,9800,1175,198,977,19.06,1,buy
8/07,2347,美商高盛,1480,250,1097,-847,16.52,1,sell
8/07,2347,花旗環球,1590,916,177,739,14.41,2,buy
8/07,2347,凱基-台北,9268,283,862,-579,11.29,2,sell
8/07,2347,中國信託,6160,293,0,293,5.71,3,buy
8/07,2347,台灣摩根士丹利,1470,249,518,-269,5.25,3,sell
8/07,2347,兆豐-嘉義,7001,104,0,104,2.03,4,buy
8/07,2347,美林,1440,55,263,-208,4.06,4,sell
8/07,2347,群益金鼎,9100,88,14,74,1.44,5,buy
8/07,2347,新加坡商瑞銀,1650,127,303,-176,3.43,5,sell
8/07,2347,富邦-七賢,003900360031004b,62,2,60,1.17,6,buy
8/07,2347,群益金鼎-新竹,9186,0,120,-120,2.34,6,sell
8/07,2347,永豐金證券,0039004100300030,96,48,48,0.94,7,buy
8/07,2347,國泰-板橋,003800380038004b,1,101,-100,1.95,7,sell
8/07,2347,元大-新莊,9898,42,0,42,0.82,8,buy
8/07,2347,富邦證券,9600,3,80,-77,1.5,8,sell
8/07,2347,元大-文心,9868,31,1,30,0.59,9,buy
8/07,2347,港商野村,1560,10,87,-77,1.5,9,sell
8/07,2347,永豐金-板新,003900410039004a,31,1,30,0.59,10,buy
8/07,2347,摩根大通,8440,126,194,-68,1.33,10,sell
8/07,2347,元大-草屯,0039003800390045,27,3,24,0.47,11,buy
8/07,2347,元大-豐原站前,0039003800390057,0,57,-57,1.11,11,sell
8/07,2347,台新-虎尾,003900420032004e,20,0,20,0.39,12,buy
8/07,2347,元大-中崙,9813,7,52,-45,0.88,12,sell
8/07,2347,國泰-敦南,8888,55,35,20,0.39,13,buy
8/07,2347,元大-內湖,003900380039004e,3,30,-27,0.53,13,sell
8/07,2347,宏遠-光隆,0031003200360069,14,0,14,0.27,14,buy
8/07,2347,華南永昌,9300,0,24,-24,0.47,14,sell
8/07,2347,永豐金-信義,0039004100390052,13,0,13,0.25,15,buy
8/07,2347,新光,8560,12,33,-21,0.41,15,sell
8/07,8358,國泰-敦南,8888,1017,589,428,1.35,1,buy
8/07,8358,美商高盛,1480,359,2393,-2034,6.4,1,sell
8/07,8358,港商麥格理,1360,284,31,253,0.8,2,buy
8/07,8358,台灣摩根士丹利,1470,202,1926,-1724,5.42,2,sell
8/07,8358,中國信託-高雄,003600310036004b,202,49,153,0.48,3,buy
8/07,8358,富邦證券,9600,170,1775,-1605,5.05,3,sell
8/07,8358,凱基-高美館,9215,166,13,153,0.48,4,buy
8/07,8358,元大證券,9800,4004,4738,-734,2.31,4,sell
8/07,8358,新光-新竹,8563,178,27,151,0.47,5,buy
8/07,8358,摩根大通,8440,256,861,-605,1.9,5,sell
8/07,8358,新光,8560,243,124,119,0.37,6,buy
8/07,8358,群益金鼎-台北,0039003100380058,1,602,-601,1.89,6,sell
8/07,8358,富邦-仁愛,9676,167,53,114,0.36,7,buy
8/07,8358,新加坡商瑞銀,1650,433,952,-519,1.63,7,sell
8/07,8358,國泰證券,8880,192,83,109,0.34,8,buy
8/07,8358,凱基-城中,9227,217,735,-518,1.63,8,sell
8/07,8358,永豐金證券,0039004100300030,381,284,97,0.31,9,buy
8/07,8358,美林,1440,368,875,-507,1.59,9,sell
8/07,8358,國泰-松江,8883,169,78,91,0.29,10,buy
8/07,8358,國票-安和,003700370039005a,138,617,-479,1.51,10,sell
8/07,8358,國泰-板橋,003800380038004b,188,102,86,0.27,11,buy
8/07,8358,凱基-台北,9268,2182,2640,-458,1.44,11,sell
8/07,8358,新光-台中,8561,168,92,76,0.24,12,buy
8/07,8358,港商野村,1560,0,440,-440,1.38,12,sell
8/07,8358,國泰-桃園,8885,137,62,75,0.24,13,buy
8/07,8358,國票-敦北法人,0037003700390063,8,442,-434,1.37,13,sell
8/07,8358,永豐金-彰化,0039004100390073,75,1,74,0.23,14,buy
8/07,8358,統一,5850,146,366,-220,0.69,14,sell
8/07,8358,富邦-台北,9623,92,20,72,0.23,15,buy
8/07,8358,群益金鼎-館前,0039003100330059,93,209,-116,0.36,15,sell
8/07,5483,台灣摩根士丹利,1470,1385,614,771,4.04,1,buy
8/07,5483,花旗環球,1590,5,1940,-1935,10.15,1,sell
8/07,5483,美商高盛,1480,973,498,475,2.49,2,buy
8/07,5483,摩根大通,8440,119,1104,-985,5.16,2,sell
8/07,5483,國泰-敦南,8888,529,353,176,0.92,3,buy
8/07,5483,凱基-台北,9268,1573,2425,-852,4.47,3,sell
8/07,5483,富邦-仁愛,9676,156,13,143,0.75,4,buy
8/07,5483,元大-斗六,0039003800300043,11,665,-654,3.43,4,sell
8/07,5483,兆豐-復興,0037003000300070,130,0,130,0.68,5,buy
8/07,5483,美林,1440,1,353,-352,1.85,5,sell
8/07,5483,台新,0039004200300030,169,82,87,0.46,6,buy
8/07,5483,統一,5850,39,390,-351,1.84,6,sell
8/07,5483,凱基-站前,0039003200300046,90,17,73,0.38,7,buy
8/07,5483,國泰證券,8880,16,323,-307,1.61,7,sell
8/07,5483,新光,8560,167,95,72,0.38,8,buy
8/07,5483,康和,8450,9,284,-275,1.44,8,sell
8/07,5483,兆豐-大同,0037003000300053,75,3,72,0.38,9,buy
8/07,5483,群益金鼎,9100,79,254,-175,0.92,9,sell
8/07,5483,統一-城中,5854,99,30,69,0.36,10,buy
8/07,5483,玉山證券,8840,48,206,-158,0.83,10,sell
8/07,5483,永豐金-埔里,0039004100370039,54,1,53,0.28,11,buy
8/07,5483,新加坡商瑞銀,1650,523,681,-158,0.83,11,sell
8/07,5483,富邦-中壢,9636,77,24,53,0.28,12,buy
8/07,5483,香港上海匯豐,8960,0,103,-103,0.54,12,sell
8/07,5483,永豐金證券,0039004100300030,265,213,52,0.27,13,buy
8/07,5483,台新-安南,003900420032005a,26,127,-101,0.53,13,sell
8/07,5483,台新-三重,0039004200320033,53,4,49,0.26,14,buy
8/07,5483,凱基,9200,62,160,-98,0.51,14,sell
8/07,5483,統一-新竹,5857,55,6,49,0.26,15,buy
8/07,5483,凱基-高雄,9206,3,100,-97,0.51,15,sell
8/07,2492,元大證券,9800,1214,829,385,3.4,1,buy
8/07,2492,摩根大通,8440,285,937,-652,5.75,1,sell
8/07,2492,國票-敦北法人,0037003700390063,302,11,291,2.57,2,buy
8/07,2492,康和,8450,0,280,-280,2.47,2,sell
8/07,2492,永豐金證券,0039004100300030,542,312,230,2.03,3,buy
8/07,2492,富邦證券,9600,74,345,-271,2.39,3,sell
8/07,2492,台新,0039004200300030,239,56,183,1.61,4,buy
8/07,2492,凱基-台北,9268,1011,1264,-253,2.23,4,sell
8/07,2492,中國信託,6160,127,23,104,0.92,5,buy
8/07,2492,台灣摩根士丹利,1470,272,500,-228,2.01,5,sell
8/07,2492,凱基-市府,0039003200300044,103,1,102,0.9,6,buy
8/07,2492,元大-信義安和,0039003800300052,0,167,-167,1.47,6,sell
8/07,2492,凱基-站前,0039003200300046,101,24,77,0.68,7,buy
8/07,2492,港商野村,1560,68,153,-85,0.75,7,sell
8/07,2492,兆豐-民生,0037003000300063,78,9,69,0.61,8,buy
8/07,2492,元大-信義,003900380039006d,5,55,-50,0.44,8,sell
8/07,2492,統一,5850,139,72,67,0.59,9,buy
8/07,2492,美商高盛,1480,5,54,-49,0.43,9,sell
8/07,2492,凱基,9200,59,0,59,0.52,10,buy
8/07,2492,永豐金-萬盛,0039004100390032,8,54,-46,0.41,10,sell
8/07,2492,群益金鼎-大安,0039003100380065,123,71,52,0.46,11,buy
8/07,2492,富邦-台北,9623,58,103,-45,0.4,11,sell
8/07,2492,統一-城中,5854,34,2,32,0.28,12,buy
8/07,2492,美林,1440,367,404,-37,0.33,12,sell
8/07,2492,台新-林園,0039004200320037,32,2,30,0.26,13,buy
8/07,2492,新加坡商瑞銀,1650,65,101,-36,0.32,13,sell
8/07,2492,華南永昌,9300,29,4,25,0.22,14,buy
8/07,2492,永豐金-古亭,0039004100390064,7,42,-35,0.31,14,sell
8/07,2492,第一金,5380,26,3,23,0.2,15,buy
8/07,2492,元大-復北,9872,8,40,-32,0.28,15,sell
8/07,5371,台灣摩根士丹利,1470,1027,374,653,5.34,1,buy
8/07,5371,永豐金證券,0039004100300030,28,1622,-1594,13.04,1,sell
8/07,5371,新加坡商瑞銀,1650,432,19,413,3.38,2,buy
8/07,5371,群益金鼎,9100,173,1617,-1444,11.82,2,sell
8/07,5371,永豐金-板盛,0039004100390059,227,1,226,1.85,3,buy
8/07,5371,台新,0039004200300030,50,932,-882,7.22,3,sell
8/07,5371,元大證券,9800,1206,990,216,1.77,4,buy
8/07,5371,摩根大通,8440,46,695,-649,5.31,4,sell
8/07,5371,統一,5850,174,19,155,1.27,5,buy
8/07,5371,台新-建北,0039004200310038,14,175,-161,1.32,5,sell
8/07,5371,新光,8560,175,49,126,1.03,6,buy
8/07,5371,國票-敦北法人,0037003700390063,0,142,-142,1.16,6,sell
8/07,5371,永豐金-彰化,0039004100390073,125,35,90,0.74,7,buy
8/07,5371,凱基-台北,9268,782,856,-74,0.61,7,sell
8/07,5371,國泰證券,8880,99,11,88,0.72,8,buy
8/07,5371,美商高盛,1480,383,446,-63,0.52,8,sell
8/07,5371,台新-三民,0039004200310033,89,2,87,0.71,9,buy
8/07,5371,富邦證券,9600,4,62,-58,0.47,9,sell
8/07,5371,國泰-敦南,8888,196,111,85,0.7,10,buy
8/07,5371,富邦-宜蘭,9686,27,81,-54,0.44,10,sell
8/07,5371,福邦證券,6480,85,1,84,0.69,11,buy
8/07,5371,群益金鼎-敦南,9101,5,54,-49,0.4,11,sell
8/07,5371,元大-汐止,0039003800390051,66,3,63,0.52,12,buy
8/07,5371,富邦-內湖,9627,3,30,-27,0.22,12,sell
8/07,5371,亞東-台南,2185,62,1,61,0.5,13,buy
8/07,5371,玉山-台中,0038003800340042,4,31,-27,0.22,13,sell
8/07,5371,永全-八德,6452,55,3,52,0.43,14,buy
8/07,5371,富邦-三重,9677,6,33,-27,0.22,14,sell
8/07,5371,土銀-彰化,0031003000330042,50,0,50,0.41,15,buy
8/07,5371,中農,8520,1,25,-24,0.2,15,sell
8/07,9907,凱基-台北,9268,653,94,559,15.94,1,buy
8/07,9907,永豐金-萬盛,0039004100390032,0,1620,-1620,46.21,1,sell
8/07,9907,摩根大通,8440,459,42,417,11.89,2,buy
8/07,9907,凱基-嘉義,9252,0,120,-120,3.42,2,sell
8/07,9907,新加坡商瑞銀,1650,205,6,199,5.68,3,buy
8/07,9907,新光-台中,8561,1,96,-95,2.71,3,sell
8/07,9907,元大-楊梅,0039003800370041,194,0,194,5.53,4,buy
8/07,9907,富邦-豐原,003900360033004c,0,75,-75,2.14,4,sell
8/07,9907,美商高盛,1480,409,227,182,5.19,5,buy
8/07,9907,元大-龍潭,9858,0,68,-68,1.94,5,sell
8/07,9907,花旗環球,1590,193,14,179,5.11,6,buy
8/07,9907,統一-新台中,0035003800350044,0,52,-52,1.48,6,sell
8/07,9907,台灣摩根士丹利,1470,166,38,128,3.65,7,buy
8/07,9907,國泰-高雄,8881,0,49,-49,1.4,7,sell
8/07,9907,群益金鼎-東門,0039003100380044,53,0,53,1.51,8,buy
8/07,9907,群益金鼎-桃園,9189,0,47,-47,1.34,8,sell
8/07,9907,凱基-高雄,9206,50,9,41,1.17,9,buy
8/07,9907,美好-苗栗,5265,0,40,-40,1.14,9,sell
8/07,9907,元大證券,9800,98,58,40,1.14,10,buy
8/07,9907,國泰-敦南,8888,15,54,-39,1.11,10,sell
8/07,9907,美林,1440,77,39,38,1.08,11,buy
8/07,9907,台新-高雄,0039004200310067,3,39,-36,1.03,11,sell
8/07,9907,國泰-板橋,003800380038004b,32,0,32,0.91,12,buy
8/07,9907,永豐金-天母,0039004100390047,0,30,-30,0.86,12,sell
8/07,9907,台灣企銀-豐原,1118,30,0,30,0.86,13,buy
8/07,9907,群益金鼎-台南,9185,0,27,-27,0.77,13,sell
8/07,9907,統一-新竹,5857,30,0,30,0.86,14,buy
8/07,9907,永豐金-中和,0039004100390042,1,28,-27,0.77,14,sell
8/07,9907,富邦-宜蘭,9686,27,0,27,0.77,15,buy
8/07,9907,群益金鼎-瑞豐,0039003100380075,10,35,-25,0.71,15,sell
8/07,2385,美林,1440,791,389,402,9.31,1,buy
8/07,2385,台灣摩根士丹利,1470,105,837,-732,16.94,1,sell
8/07,2385,華南永昌-鶯歌,9319,100,0,100,2.31,2,buy
8/07,2385,凱基,9200,0,370,-370,8.56,2,sell
8/07,2385,凱基-桃園,9208,76,0,76,1.76,3,buy
8/07,2385,第一金,5380,0,315,-315,7.29,3,sell
8/07,2385,群益金鼎-東大,9135,62,1,61,1.41,4,buy
8/07,2385,玉山證券,8840,6,252,-246,5.69,4,sell
8/07,2385,永豐金-竹科,0039004100390058,63,4,59,1.37,5,buy
8/07,2385,大和國泰,8890,0,200,-200,4.63,5,sell
8/07,2385,國泰-敦南,8888,72,21,51,1.18,6,buy
8/07,2385,凱基-台北,9268,96,270,-174,4.03,6,sell
8/07,2385,新光,8560,54,10,44,1.02,7,buy
8/07,2385,富邦證券,9600,2,155,-153,3.54,7,sell
8/07,2385,元大-基隆孝二,003900380036004b,38,2,36,0.83,8,buy
8/07,2385,美商高盛,1480,107,240,-133,3.08,8,sell
8/07,2385,元大-新莊,9898,36,1,35,0.81,9,buy
8/07,2385,統一,5850,13,123,-110,2.55,9,sell
8/07,2385,國泰-館前,0038003800380041,35,2,33,0.76,10,buy
8/07,2385,港商野村,1560,0,43,-43,1.0,10,sell
8/07,2385,新光-台中,8561,34,2,32,0.74,11,buy
8/07,2385,花旗環球,1590,7,47,-40,0.93,11,sell
8/07,2385,富邦-仁愛,9676,32,0,32,0.74,12,buy
8/07,2385,中國信託,6160,35,73,-38,0.88,12,sell
8/07,2385,華南永昌-虎尾,9377,30,0,30,0.69,13,buy
8/07,2385,新加坡商瑞銀,1650,66,93,-27,0.63,13,sell
8/07,2385,凱基-長庚,9233,28,0,28,0.65,14,buy
8/07,2385,摩根大通,8440,59,76,-17,0.39,14,sell
8/07,2385,富邦-七賢,003900360031004b,23,0,23,0.53,15,buy
8/07,2385,臺銀-民權,1043,3,19,-16,0.37,15,sell
8/07,0052,永豐金證券,0039004100300030,5097,899,4198,17.14,1,buy
8/07,0052,凱基-台北,9268,550,3223,-2673,10.91,1,sell
8/07,0052,國泰證券,8880,3760,0,3760,15.35,2,buy
8/07,0052,宏遠證券,1260,26,2215,-2189,8.94,2,sell
8/07,0052,台新,0039004200300030,2093,673,1420,5.8,3,buy
8/07,0052,華南永昌,9300,5,2019,-2014,8.22,3,sell
8/07,0052,新加坡商瑞銀,1650,1407,1042,365,1.49,4,buy
8/07,0052,富邦證券,9600,842,2160,-1318,5.38,4,sell
8/07,0052,康和,8450,205,30,175,0.71,5,buy
8/07,0052,統一,5850,901,2064,-1163,4.75,5,sell
8/07,0052,臺銀,1040,122,3,119,0.49,6,buy
8/07,0052,元大證券,9800,3463,3918,-455,1.86,6,sell
8/07,0052,元大-北港,9837,120,3,117,0.48,7,buy
8/07,0052,中國信託,6160,143,428,-285,1.16,7,sell
8/07,0052,新光,8560,96,24,72,0.29,8,buy
8/07,0052,合庫-台南,1022,14,107,-93,0.38,8,sell
8/07,0052,台新-松江,0039004200310035,67,2,65,0.27,9,buy
8/07,0052,玉山-高雄,8843,17,99,-82,0.33,9,sell
8/07,0052,元大-中崙,9813,50,0,50,0.2,10,buy
8/07,0052,台新-台中,0039004200310068,14,85,-71,0.29,10,sell
8/07,0052,群益金鼎-永和,003900310038004a,53,9,44,0.18,11,buy
8/07,0052,富邦-台南,9667,9,68,-59,0.24,11,sell
8/07,0052,富邦-陽明,9604,56,14,42,0.17,12,buy
8/07,0052,富邦-八德,0039003600330041,3,60,-57,0.23,12,sell
8/07,0052,合庫證券,1020,37,0,37,0.15,13,buy
8/07,0052,元大-雙和,9874,15,68,-53,0.22,13,sell
8/07,0052,群益金鼎,9100,1072,1036,36,0.15,14,buy
8/07,0052,元大-文心興安,9854,2,52,-50,0.2,14,sell
8/07,0052,永豐金-大園,0039004100390038,33,0,33,0.13,15,buy
8/07,0052,富邦-嘉義,9692,3,51,-48,0.2,15,sell
