date,stock_code,broker_name,broker_id,buy_vol,sell_vol,net_vol,pct,rank,side
7/03,2330,摩根大通,8440,2654,2094,560,1.9,1,buy
7/03,2330,法銀巴黎,8900,1100,6008,-4908,16.64,1,sell
7/03,2330,永豐金證券,0039004100300030,901,420,481,1.63,2,buy
7/03,2330,台灣摩根士丹利,1470,476,3820,-3344,11.34,2,sell
7/03,2330,美商高盛,1480,1308,891,417,1.41,3,buy
7/03,2330,富邦證券,9600,605,1665,-1060,3.59,3,sell
7/03,2330,港商野村,1560,446,97,349,1.18,4,buy
7/03,2330,凱基-台北,9268,671,1684,-1013,3.43,4,sell
7/03,2330,中國信託,6160,357,20,337,1.14,5,buy
7/03,2330,新加坡商瑞銀,1650,1096,1795,-699,2.37,5,sell
7/03,2330,國泰-敦南,8888,365,90,275,0.93,6,buy
7/03,2330,港商麥格理,1360,97,481,-384,1.3,6,sell
7/03,2330,富邦-南京,0039003600310043,232,2,230,0.78,7,buy
7/03,2330,花旗環球,1590,916,1290,-374,1.27,7,sell
7/03,2330,台新,0039004200300030,287,58,229,0.78,8,buy
7/03,2330,美林,1440,697,1038,-341,1.16,8,sell
7/03,2330,玉山證券,8840,252,33,219,0.74,9,buy
7/03,2330,永豐金-匯立,0039004100380031,417,722,-305,1.03,9,sell
7/03,2330,富邦-台北,9623,186,23,163,0.55,10,buy
7/03,2330,元大證券,9800,2008,2248,-240,0.81,10,sell
7/03,2330,彰銀,1230,142,5,137,0.46,11,buy
7/03,2330,群益金鼎-北高雄,0039003100330052,8,189,-181,0.61,11,sell
7/03,2330,臺銀,1040,156,28,128,0.43,12,buy
7/03,2330,香港上海匯豐,8960,16,73,-57,0.19,12,sell
7/03,2330,台新-屏新,0039004200320071,103,0,103,0.35,13,buy
7/03,2330,康和,8450,6,52,-46,0.16,13,sell
7/03,2330,華南永昌-中正,9359,95,1,94,0.32,14,buy
7/03,2330,國票-敦北法人,0037003700390063,7,36,-29,0.1,14,sell
7/03,2330,元大-大同,0039003800390047,96,8,88,0.3,15,buy
7/03,2330,凱基-松山,9217,22,41,-19,0.06,15,sell
7/03,2317,美商高盛,1480,4810,596,4214,8.34,1,buy
7/03,2317,美林,1440,1854,6948,-5094,10.08,1,sell
7/03,2317,新加坡商瑞銀,1650,3046,276,2770,5.48,2,buy
7/03,2317,台新-台北,0039004200320030,16,4810,-4794,9.49,2,sell
7/03,2317,摩根大通,8440,3326,2124,1202,2.38,3,buy
7/03,2317,港商麥格理,1360,569,3531,-2962,5.86,3,sell
7/03,2317,光和,6380,954,8,946,1.87,4,buy
7/03,2317,富邦證券,9600,114,2921,-2807,5.56,4,sell
7/03,2317,元大證券,9800,2760,2252,508,1.01,5,buy
7/03,2317,中國信託,6160,200,2046,-1846,3.65,5,sell
7/03,2317,港商野村,1560,418,5,413,0.82,6,buy
7/03,2317,凱基,9200,243,1543,-1300,2.57,6,sell
7/03,2317,永豐金-匯立,0039004100380031,1052,656,396,0.78,7,buy
7/03,2317,(牛牛牛)亞證券,6010,2,1200,-1198,2.37,7,sell
7/03,2317,華南永昌,9300,1081,719,362,0.72,8,buy
7/03,2317,永豐金證券,0039004100300030,470,1588,-1118,2.21,8,sell
7/03,2317,臺銀,1040,355,19,336,0.67,9,buy
7/03,2317,凱基-台北,9268,2978,3783,-805,1.59,9,sell
7/03,2317,新光,8560,395,83,312,0.62,10,buy
7/03,2317,花旗環球,1590,391,1135,-744,1.47,10,sell
7/03,2317,華南永昌-南京,9326,259,29,230,0.46,11,buy
7/03,2317,合庫證券,1020,62,555,-493,0.98,11,sell
7/03,2317,富邦-豐原,003900360033004c,204,1,203,0.4,12,buy
7/03,2317,元大-忠孝鼎富,0039003800320046,22,392,-370,0.73,12,sell
7/03,2317,國泰-敦南,8888,616,413,203,0.4,13,buy
7/03,2317,第一金-彰化,5386,15,209,-194,0.38,13,sell
7/03,2317,統一,5850,379,184,195,0.39,14,buy
7/03,2317,台灣摩根士丹利,1470,1246,1364,-118,0.23,14,sell
7/03,2317,第一金-新竹,0035003300380042,203,24,179,0.35,15,buy
7/03,2317,法銀巴黎,8900,44,129,-85,0.17,15,sell
7/03,2454,富邦證券,9600,966,288,678,5.42,1,buy
7/03,2454,新加坡商瑞銀,1650,266,2853,-2587,20.67,1,sell
7/03,2454,元大-土城永寧,9875,170,3,167,1.33,2,buy
7/03,2454,台灣摩根士丹利,1470,547,1312,-765,6.11,2,sell
7/03,2454,摩根大通,8440,971,824,147,1.17,3,buy
7/03,2454,永豐金-匯立,0039004100380031,17,442,-425,3.4,3,sell
7/03,2454,國泰-敦南,8888,211,83,128,1.02,4,buy
7/03,2454,凱基-台北,9268,396,728,-332,2.65,4,sell
7/03,2454,永豐金證券,0039004100300030,253,167,86,0.69,5,buy
7/03,2454,統一-內湖,0035003800350062,25,142,-117,0.93,5,sell
7/03,2454,凱基,9200,125,63,62,0.5,6,buy
7/03,2454,統一,5850,41,149,-108,0.86,6,sell
7/03,2454,美商高盛,1480,725,665,60,0.48,7,buy
7/03,2454,花旗環球,1590,109,160,-51,0.41,7,sell
7/03,2454,國票證券,7790,57,7,50,0.4,8,buy
7/03,2454,凱基-虎尾,9236,14,62,-48,0.38,8,sell
7/03,2454,中國信託,6160,60,12,48,0.38,9,buy
7/03,2454,元大證券,9800,956,1004,-48,0.38,9,sell
7/03,2454,玉山-高雄,8843,51,3,48,0.38,10,buy
7/03,2454,永豐金-內湖,0039004100390067,28,73,-45,0.36,10,sell
7/03,2454,新光,8560,104,57,47,0.38,11,buy
7/03,2454,大和國泰,8890,5,47,-42,0.34,11,sell
7/03,2454,台新,0039004200300030,89,47,42,0.34,12,buy
7/03,2454,玉山證券,8840,59,87,-28,0.22,12,sell
7/03,2454,富邦-仁愛,9676,65,26,39,0.31,13,buy
7/03,2454,兆豐-高雄,003700300030005a,4,29,-25,0.2,13,sell
7/03,2454,土銀,1030,37,0,37,0.3,14,buy
7/03,2454,華南永昌,9300,26,48,-22,0.18,14,sell
7/03,2454,兆豐證券,7000,45,9,36,0.29,15,buy
7/03,2454,凱基-高美館,9215,6,25,-19,0.15,15,sell
7/03,2308,台灣摩根士丹利,1470,3778,303,3475,22.85,1,buy
7/03,2308,美林,1440,644,2860,-2216,14.57,1,sell
7/03,2308,美商高盛,1480,1620,756,864,5.68,2,buy
7/03,2308,摩根大通,8440,459,1473,-1014,6.67,2,sell
7/03,2308,永豐金證券,0039004100300030,466,44,422,2.77,3,buy
7/03,2308,統一,5850,182,583,-401,2.64,3,sell
7/03,2308,香港上海匯豐,8960,229,2,227,1.49,4,buy
7/03,2308,法銀巴黎,8900,17,225,-208,1.37,4,sell
7/03,2308,富邦證券,9600,243,23,220,1.45,5,buy
7/03,2308,凱基-台北,9268,699,899,-200,1.32,5,sell
7/03,2308,兆豐證券,7000,203,4,199,1.31,6,buy
7/03,2308,元大證券,9800,1425,1618,-193,1.27,6,sell
7/03,2308,群益金鼎,9100,231,53,178,1.17,7,buy
7/03,2308,花旗環球,1590,126,299,-173,1.14,7,sell
7/03,2308,國泰證券,8880,178,7,171,1.12,8,buy
7/03,2308,元大-土城永寧,9875,0,155,-155,1.02,8,sell
7/03,2308,永豐金-匯立,0039004100380031,197,43,154,1.01,9,buy
7/03,2308,新加坡商瑞銀,1650,267,381,-114,0.75,9,sell
7/03,2308,國票-安和,003700370039005a,122,19,103,0.68,10,buy
7/03,2308,國泰-敦南,8888,153,234,-81,0.53,10,sell
7/03,2308,永豐金-敦南,0039004100380046,85,13,72,0.47,11,buy
7/03,2308,大和國泰,8890,0,67,-67,0.44,11,sell
7/03,2308,凱基-城中,9227,84,21,63,0.41,12,buy
7/03,2308,台新-台北,0039004200320030,11,72,-61,0.4,12,sell
7/03,2308,富邦-仁愛,9676,87,26,61,0.4,13,buy
7/03,2308,華南永昌-台中,9302,4,56,-52,0.34,13,sell
7/03,2308,港商野村,1560,102,41,61,0.4,14,buy
7/03,2308,群益金鼎-松山,9103,3,51,-48,0.32,14,sell
7/03,2308,台新-五權西,0039004200320035,63,9,54,0.36,15,buy
7/03,2308,台新,0039004200300030,32,73,-41,0.27,15,sell
7/03,2382,華南永昌,9300,1332,10,1322,10.06,1,buy
7/03,2382,香港上海匯豐,8960,0,1042,-1042,7.93,1,sell
7/03,2382,凱基-台北,9268,1215,509,706,5.37,2,buy
7/03,2382,元大證券,9800,617,1549,-932,7.1,2,sell
7/03,2382,第一金,5380,694,9,685,5.22,3,buy
7/03,2382,摩根大通,8440,290,596,-306,2.33,3,sell
7/03,2382,台灣摩根士丹利,1470,1079,406,673,5.12,4,buy
7/03,2382,玉山證券,8840,7,219,-212,1.61,4,sell
7/03,2382,台新,0039004200300030,643,54,589,4.48,5,buy
7/03,2382,港商麥格理,1360,79,229,-150,1.14,5,sell
7/03,2382,第一金-中山,5389,305,2,303,2.31,6,buy
7/03,2382,永豐金-敦北,0039004100380039,3,153,-150,1.14,6,sell
7/03,2382,中國信託,6160,249,15,234,1.78,7,buy
7/03,2382,群益金鼎,9100,126,260,-134,1.02,7,sell
7/03,2382,元大-向上,9824,209,2,207,1.58,8,buy
7/03,2382,凱基-新莊,0039003200310053,14,137,-123,0.94,8,sell
7/03,2382,新加坡商瑞銀,1650,388,209,179,1.36,9,buy
7/03,2382,大和國泰,8890,43,153,-110,0.84,9,sell
7/03,2382,富邦證券,9600,176,2,174,1.32,10,buy
7/03,2382,新光,8560,93,183,-90,0.69,10,sell
7/03,2382,凱基,9200,164,1,163,1.24,11,buy
7/03,2382,宏遠證券,1260,50,127,-77,0.59,11,sell
7/03,2382,永豐金證券,0039004100300030,203,43,160,1.22,12,buy
7/03,2382,港商野村,1560,241,309,-68,0.52,12,sell
7/03,2382,統一,5850,152,15,137,1.04,13,buy
7/03,2382,國泰-敦南,8888,133,193,-60,0.46,13,sell
7/03,2382,富邦-敦南,9663,137,18,119,0.91,14,buy
7/03,2382,富邦-仁愛,9676,18,76,-58,0.44,14,sell
7/03,2382,富邦-新店,9661,126,23,103,0.78,15,buy
7/03,2382,富邦-台北,9623,25,82,-57,0.43,15,sell
7/03,2891,富邦證券,9600,5360,447,4913,13.87,1,buy
7/03,2891,新加坡商瑞銀,1650,1797,5060,-3263,9.21,1,sell
7/03,2891,國泰證券,8880,4519,2052,2467,6.96,2,buy
7/03,2891,台灣摩根士丹利,1470,1369,3179,-1810,5.11,2,sell
7/03,2891,美林,1440,2868,409,2459,6.94,3,buy
7/03,2891,元大-大甲,0039003800390055,48,801,-753,2.13,3,sell
7/03,2891,永豐金證券,0039004100300030,1085,630,455,1.28,4,buy
7/03,2891,凱基-台北,9268,1355,1884,-529,1.49,4,sell
7/03,2891,港商麥格理,1360,396,0,396,1.12,5,buy
7/03,2891,中國信託,6160,129,634,-505,1.43,5,sell
7/03,2891,群益金鼎,9100,384,8,376,1.06,6,buy
7/03,2891,玉山證券,8840,6,339,-333,0.94,6,sell
7/03,2891,華南永昌-中正,9359,323,15,308,0.87,7,buy
7/03,2891,凱基,9200,26,357,-331,0.93,7,sell
7/03,2891,永豐金-匯立,0039004100380031,276,0,276,0.78,8,buy
7/03,2891,摩根大通,8440,785,1101,-316,0.89,8,sell
7/03,2891,康和,8450,250,0,250,0.71,9,buy
7/03,2891,台新-中港,0039004200320069,2,293,-291,0.82,9,sell
7/03,2891,臺銀,1040,252,19,233,0.66,10,buy
7/03,2891,新光-新竹,8563,4,278,-274,0.77,10,sell
7/03,2891,港商野村,1560,193,9,184,0.52,11,buy
7/03,2891,群益金鼎-大甲,0039003100380067,2,263,-261,0.74,11,sell
7/03,2891,元大證券,9800,4771,4595,176,0.5,12,buy
7/03,2891,中國信託-中壢,0036003100360041,4,207,-203,0.57,12,sell
7/03,2891,華南永昌-虎尾,9377,105,4,101,0.29,13,buy
7/03,2891,富邦-敦南,9663,2,202,-200,0.56,13,sell
7/03,2891,國泰-新竹,003800380038004e,58,0,58,0.16,14,buy
7/03,2891,元大-士林,003900380031006a,8,174,-166,0.47,14,sell
7/03,2891,元大-虎尾,003900380030006c,50,1,49,0.14,15,buy
7/03,2891,美商高盛,1480,3922,4087,-165,0.47,15,sell
7/03,2881,台灣摩根士丹利,1470,6027,410,5617,18.77,1,buy
7/03,2881,香港上海匯豐,8960,0,3800,-3800,12.7,1,sell
7/03,2881,美商高盛,1480,5787,669,5118,17.11,2,buy
7/03,2881,富邦證券,9600,55,3039,-2984,9.97,2,sell
7/03,2881,摩根大通,8440,2270,918,1352,4.52,3,buy
7/03,2881,永豐金證券,0039004100300030,225,3033,-2808,9.39,3,sell
7/03,2881,元大-大甲,0039003800390055,438,1,437,1.46,4,buy
7/03,2881,台新-台北,0039004200320030,0,2001,-2001,6.69,4,sell
7/03,2881,港商麥格理,1360,437,0,437,1.46,5,buy
7/03,2881,兆豐證券,7000,0,1550,-1550,5.18,5,sell
7/03,2881,凱基,9200,307,0,307,1.03,6,buy
7/03,2881,元大證券,9800,1517,2228,-711,2.38,6,sell
7/03,2881,第一金-新興,0035003300380041,207,0,207,0.69,7,buy
7/03,2881,土銀,1030,19,570,-551,1.84,7,sell
7/03,2881,法銀巴黎,8900,237,54,183,0.61,8,buy
7/03,2881,大和國泰,8890,0,550,-550,1.84,8,sell
7/03,2881,中國信託,6160,183,4,179,0.6,9,buy
7/03,2881,花旗環球,1590,688,958,-270,0.9,9,sell
7/03,2881,(牛牛牛)亞-鑫豐,0036003000310064,293,133,160,0.53,10,buy
7/03,2881,國泰-敦南,8888,123,301,-178,0.59,10,sell
7/03,2881,群益金鼎-大甲,0039003100380067,160,0,160,0.53,11,buy
7/03,2881,美林,1440,2006,2181,-175,0.58,11,sell
7/03,2881,台新-中港,0039004200320069,130,2,128,0.43,12,buy
7/03,2881,凱基-台北,9268,2233,2388,-155,0.52,12,sell
7/03,2881,國泰-館前,0038003800380041,121,15,106,0.35,13,buy
7/03,2881,兆豐-城中,0037003000300057,301,438,-137,0.46,13,sell
7/03,2881,玉山證券,8840,112,6,106,0.35,14,buy
7/03,2881,群益金鼎,9100,125,228,-103,0.34,14,sell
7/03,2881,富邦-仁愛,9676,125,23,102,0.34,15,buy
7/03,2881,群益金鼎-海山,9108,1,102,-101,0.34,15,sell
7/03,2882,台灣摩根士丹利,1470,6562,661,5901,15.56,1,buy
7/03,2882,港商野村,1560,57,5398,-5341,14.08,1,sell
7/03,2882,美商高盛,1480,4537,565,3972,10.47,2,buy
7/03,2882,香港上海匯豐,8960,0,4238,-4238,11.17,2,sell
7/03,2882,富邦證券,9600,2050,46,2004,5.28,3,buy
7/03,2882,永豐金證券,0039004100300030,567,4793,-4226,11.14,3,sell
7/03,2882,摩根大通,8440,2024,855,1169,3.08,4,buy
7/03,2882,大和國泰,8890,0,4025,-4025,10.61,4,sell
7/03,2882,凱基-台北,9268,1996,1179,817,2.15,5,buy
7/03,2882,兆豐證券,7000,0,2860,-2860,7.54,5,sell
7/03,2882,台新-台北,0039004200320030,624,0,624,1.64,6,buy
7/03,2882,花旗環球,1590,456,1830,-1374,3.62,6,sell
7/03,2882,華南永昌,9300,541,25,516,1.36,7,buy
7/03,2882,國票-敦北法人,0037003700390063,0,552,-552,1.46,7,sell
7/03,2882,元大-館前,003900380034004b,517,4,513,1.35,8,buy
7/03,2882,元大證券,9800,1978,2458,-480,1.27,8,sell
7/03,2882,法銀巴黎,8900,417,71,346,0.91,9,buy
7/03,2882,元大-松江,9801,18,151,-133,0.35,9,sell
7/03,2882,凱基,9200,303,5,298,0.79,10,buy
7/03,2882,新加坡商瑞銀,1650,2353,2463,-110,0.29,10,sell
7/03,2882,國泰-敦南,8888,435,151,284,0.75,11,buy
7/03,2882,富邦-板橋,9655,33,129,-96,0.25,11,sell
7/03,2882,新光,8560,371,89,282,0.74,12,buy
7/03,2882,台新-緯城,0039004200320041,2,65,-63,0.17,12,sell
7/03,2882,富邦-永和,9654,253,6,247,0.65,13,buy
7/03,2882,台灣企銀-建成,0031003100310042,0,61,-61,0.16,13,sell
7/03,2882,玉山證券,8840,243,23,220,0.58,14,buy
7/03,2882,元大-北港,9837,3,60,-57,0.15,14,sell
7/03,2882,台新,0039004200300030,297,97,200,0.53,15,buy
7/03,2882,國泰-高雄,8881,53,108,-55,0.14,15,sell
7/03,2303,法銀巴黎,8900,16674,61,16613,21.86,1,buy
7/03,2303,凱基,9200,264,16659,-16395,21.57,1,sell
7/03,2303,台灣摩根士丹利,1470,10231,2847,7384,9.72,2,buy
7/03,2303,宏遠證券,1260,13,1765,-1752,2.31,2,sell
7/03,2303,永豐金證券,0039004100300030,4839,509,4330,5.7,3,buy
7/03,2303,統一,5850,312,1844,-1532,2.02,3,sell
7/03,2303,美商高盛,1480,6999,3246,3753,4.94,4,buy
7/03,2303,國泰證券,8880,128,1379,-1251,1.65,4,sell
7/03,2303,凱基-台北,9268,4413,1353,3060,4.03,5,buy
7/03,2303,群益金鼎,9100,110,919,-809,1.06,5,sell
7/03,2303,美林,1440,3250,338,2912,3.83,6,buy
7/03,2303,港商麥格理,1360,170,931,-761,1.0,6,sell
7/03,2303,摩根大通,8440,3419,534,2885,3.8,7,buy
7/03,2303,國泰-敦南,8888,287,942,-655,0.86,7,sell
7/03,2303,新加坡商瑞銀,1650,5534,4385,1149,1.51,8,buy
7/03,2303,台新-高雄,0039004200310067,61,525,-464,0.61,8,sell
7/03,2303,元大證券,9800,2319,1710,609,0.8,9,buy
7/03,2303,元大-北屯,0039003800390064,7,434,-427,0.56,9,sell
7/03,2303,元大-內湖民權,9867,303,25,278,0.37,10,buy
7/03,2303,元大-土城永寧,9875,11,393,-382,0.5,10,sell
7/03,2303,兆豐證券,7000,217,13,204,0.27,11,buy
7/03,2303,新光,8560,115,490,-375,0.49,11,sell
7/03,2303,兆豐-忠孝,0037003000300061,211,48,163,0.21,12,buy
7/03,2303,富邦-三重,9677,16,383,-367,0.48,12,sell
7/03,2303,元大-敦化,9833,193,49,144,0.19,13,buy
7/03,2303,國泰-館前,0038003800380041,34,276,-242,0.32,13,sell
7/03,2303,富邦-仁愛,9676,257,115,142,0.19,14,buy
7/03,2303,兆豐-南門,0037003000300067,3,237,-234,0.31,14,sell
7/03,2303,富邦-虎尾,9697,140,12,128,0.17,15,buy
7/03,2303,台新-西松,003900420032006e,98,331,-233,0.31,15,sell
7/03,3711,凱基,9200,1471,62,1409,3.64,1,buy
7/03,3711,台灣摩根士丹利,1470,178,5354,-5176,13.38,1,sell
7/03,3711,國泰-敦南,8888,959,358,601,1.55,2,buy
7/03,3711,凱基-台北,9268,906,4232,-3326,8.6,2,sell
7/03,3711,台新-高雄,0039004200310067,589,37,552,1.43,3,buy
7/03,3711,美商高盛,1480,1687,4876,-3189,8.24,3,sell
7/03,3711,元大證券,9800,3134,2601,533,1.38,4,buy
7/03,3711,摩根大通,8440,1042,4111,-3069,7.93,4,sell
7/03,3711,花旗環球,1590,1539,1100,439,1.13,5,buy
7/03,3711,新加坡商瑞銀,1650,214,1822,-1608,4.16,5,sell
7/03,3711,富邦-台北,9623,418,44,374,0.97,6,buy
7/03,3711,美林,1440,237,1318,-1081,2.79,6,sell
7/03,3711,康和,8450,385,39,346,0.89,7,buy
7/03,3711,永豐金證券,0039004100300030,547,1613,-1066,2.76,7,sell
7/03,3711,華南永昌,9300,354,19,335,0.87,8,buy
7/03,3711,永豐金-匯立,0039004100380031,11,504,-493,1.27,8,sell
7/03,3711,群益金鼎,9100,479,156,323,0.84,9,buy
7/03,3711,富邦證券,9600,443,811,-368,0.95,9,sell
7/03,3711,台新,0039004200300030,448,157,291,0.75,10,buy
7/03,3711,香港上海匯豐,8960,13,271,-258,0.67,10,sell
7/03,3711,國泰-台中,8882,261,78,183,0.47,11,buy
7/03,3711,(牛牛牛)亞證券,6010,0,250,-250,0.65,11,sell
7/03,3711,港商麥格理,1360,229,76,153,0.4,12,buy
7/03,3711,台新-台北,0039004200320030,202,411,-209,0.54,12,sell
7/03,3711,國票-敦北法人,0037003700390063,154,2,152,0.39,13,buy
7/03,3711,港商野村,1560,144,306,-162,0.42,13,sell
7/03,3711,富邦-仁愛,9676,230,95,135,0.35,14,buy
7/03,3711,台新-松德,0039004200320061,25,62,-37,0.1,14,sell
7/03,3711,兆豐-大同,0037003000300053,134,2,132,0.34,15,buy
7/03,3711,國票證券,7790,23,58,-35,0.09,15,sell
7/03,2603,台灣摩根士丹利,1470,4420,273,4147,16.57,1,buy
7/03,2603,國泰-敦南,8888,235,645,-410,1.64,1,sell
7/03,2603,富邦證券,9600,1797,30,1767,7.06,2,buy
7/03,2603,新加坡商瑞銀,1650,676,1011,-335,1.34,2,sell
7/03,2603,元大證券,9800,2680,1178,1502,6.0,3,buy
7/03,2603,元大-大同,0039003800390047,0,322,-322,1.29,3,sell
7/03,2603,凱基,9200,1411,21,1390,5.56,4,buy
7/03,2603,台中銀,6110,3,307,-304,1.21,4,sell
7/03,2603,美林,1440,776,118,658,2.63,5,buy
7/03,2603,凱基-站前,0039003200300046,26,316,-290,1.16,5,sell
7/03,2603,美商高盛,1480,1777,1144,633,2.53,6,buy
7/03,2603,致和-府前,7033,0,274,-274,1.1,6,sell
7/03,2603,玉山證券,8840,700,69,631,2.52,7,buy
7/03,2603,富邦-板橋,9655,59,291,-232,0.93,7,sell
7/03,2603,凱基-台北,9268,1719,1265,454,1.81,8,buy
7/03,2603,國泰-板橋,003800380038004b,59,247,-188,0.75,8,sell
7/03,2603,摩根大通,8440,745,386,359,1.43,9,buy
7/03,2603,元大-和平,9863,12,159,-147,0.59,9,sell
7/03,2603,永豐金-中正,0039004100390055,341,32,309,1.23,10,buy
7/03,2603,新光,8560,119,262,-143,0.57,10,sell
7/03,2603,兆豐-大同,0037003000300053,237,0,237,0.95,11,buy
7/03,2603,土銀-嘉義,1034,32,171,-139,0.56,11,sell
7/03,2603,港商野村,1560,321,93,228,0.91,12,buy
7/03,2603,元大-復北,9872,3,119,-116,0.46,12,sell
7/03,2603,華南永昌,9300,191,16,175,0.7,13,buy
7/03,2603,富邦-敦南,9663,8,123,-115,0.46,13,sell
7/03,2603,群益金鼎-高盛,9105,131,2,129,0.52,14,buy
7/03,2603,台新,0039004200300030,118,232,-114,0.46,14,sell
7/03,2603,花旗環球,1590,181,75,106,0.42,15,buy
7/03,2603,台新-高雄,0039004200310067,36,148,-112,0.45,15,sell
7/03,2609,台灣摩根士丹利,1470,3832,344,3488,8.04,1,buy
7/03,2609,新光,8560,208,665,-457,1.05,1,sell
7/03,2609,美商高盛,1480,4778,1555,3223,7.43,2,buy
7/03,2609,華南永昌-頭份,9343,12,424,-412,0.95,2,sell
7/03,2609,新加坡商瑞銀,1650,2705,301,2404,5.54,3,buy
7/03,2609,元大-員林中山,9835,5,411,-406,0.94,3,sell
7/03,2609,富邦證券,9600,1687,215,1472,3.39,4,buy
7/03,2609,國泰-桃園,8885,94,387,-293,0.68,4,sell
7/03,2609,摩根大通,8440,2238,899,1339,3.09,5,buy
7/03,2609,國泰-敦南,8888,515,773,-258,0.59,5,sell
7/03,2609,凱基,9200,976,0,976,2.25,6,buy
7/03,2609,富邦-新板,0039003600310048,20,270,-250,0.58,6,sell
7/03,2609,港商野村,1560,879,68,811,1.87,7,buy
7/03,2609,永豐金-中和,0039004100390042,1,198,-197,0.45,7,sell
7/03,2609,香港上海匯豐,8960,504,0,504,1.16,8,buy
7/03,2609,台新-成功,003900420032006d,9,190,-181,0.42,8,sell
7/03,2609,富邦-台南,9667,531,52,479,1.1,9,buy
7/03,2609,兆豐-東門,0037003000300048,0,177,-177,0.41,9,sell
7/03,2609,凱基-台北,9268,2050,1725,325,0.75,10,buy
7/03,2609,元大-發財,0039003800310045,21,184,-163,0.38,10,sell
7/03,2609,永豐金證券,0039004100300030,477,152,325,0.75,11,buy
7/03,2609,土銀-新竹,1035,32,185,-153,0.35,11,sell
7/03,2609,兆豐證券,7000,184,17,167,0.38,12,buy
7/03,2609,永全-南崁,6451,42,175,-133,0.31,12,sell
7/03,2609,合庫-高雄,1023,208,51,157,0.36,13,buy
7/03,2609,富邦-永和,9654,30,162,-132,0.3,13,sell
7/03,2609,兆豐-北高雄,0037003000300049,183,49,134,0.31,14,buy
7/03,2609,兆豐-寶成,0037003000300072,2,129,-127,0.29,14,sell
7/03,2609,花旗環球,1590,383,252,131,0.3,15,buy
7/03,2609,華南永昌-中正,9359,16,135,-119,0.27,15,sell
7/03,2615,美商高盛,1480,3162,280,2882,11.48,1,buy
7/03,2615,第一金,5380,10,581,-571,2.27,1,sell
7/03,2615,台灣摩根士丹利,1470,2231,221,2010,8.01,2,buy
7/03,2615,合庫證券,1020,1,425,-424,1.69,2,sell
7/03,2615,摩根大通,8440,1474,155,1319,5.25,3,buy
7/03,2615,國泰-敦南,8888,280,526,-246,0.98,3,sell
7/03,2615,華南永昌,9300,1181,51,1130,4.5,4,buy
7/03,2615,凱基-竹科,9272,0,220,-220,0.88,4,sell
7/03,2615,港商野村,1560,1036,76,960,3.82,5,buy
7/03,2615,統一,5850,70,261,-191,0.76,5,sell
7/03,2615,新加坡商瑞銀,1650,958,1,957,3.81,6,buy
7/03,2615,花旗環球,1590,60,231,-171,0.68,6,sell
7/03,2615,富邦證券,9600,735,8,727,2.9,7,buy
7/03,2615,國泰-板橋,003800380038004b,41,209,-168,0.67,7,sell
7/03,2615,元大證券,9800,1602,1081,521,2.08,8,buy
7/03,2615,元大-大天母,9893,1,160,-159,0.63,8,sell
7/03,2615,凱基-台北,9268,2037,1519,518,2.06,9,buy
7/03,2615,新光,8560,162,317,-155,0.62,9,sell
7/03,2615,美林,1440,553,75,478,1.9,10,buy
7/03,2615,元大-內湖,003900380039004e,10,163,-153,0.61,10,sell
7/03,2615,合庫-高雄,1023,197,16,181,0.72,11,buy
7/03,2615,台中銀-台北,6115,0,150,-150,0.6,11,sell
7/03,2615,台灣企銀-豐原,1118,161,0,161,0.64,12,buy
7/03,2615,富邦-花蓮,9621,6,150,-144,0.57,12,sell
7/03,2615,康和,8450,158,0,158,0.63,13,buy
7/03,2615,元大-樹林,003900380039006a,5,144,-139,0.55,13,sell
7/03,2615,元大-東泰,9817,159,18,141,0.56,14,buy
7/03,2615,國泰-台中,8882,51,185,-134,0.53,14,sell
7/03,2615,兆豐-北高雄,0037003000300049,126,6,120,0.48,15,buy
7/03,2615,富邦-陽明,9604,7,138,-131,0.52,15,sell
7/03,2618,摩根大通,8440,4683,2427,2256,5.78,1,buy
7/03,2618,美林,1440,144,3239,-3095,7.93,1,sell
7/03,2618,國泰證券,8880,2505,400,2105,5.39,2,buy
7/03,2618,美商高盛,1480,2323,4504,-2181,5.59,2,sell
7/03,2618,華南永昌-中正,9359,2006,15,1991,5.1,3,buy
7/03,2618,永豐金-敦北,0039004100380039,6,1503,-1497,3.83,3,sell
7/03,2618,第一金,5380,1909,7,1902,4.87,4,buy
7/03,2618,台灣摩根士丹利,1470,2964,4257,-1293,3.31,4,sell
7/03,2618,凱基,9200,1874,28,1846,4.73,5,buy
7/03,2618,富邦-虎尾,9697,10,672,-662,1.7,5,sell
7/03,2618,統一,5850,1365,29,1336,3.42,6,buy
7/03,2618,富邦-竹科,0039003600320043,58,649,-591,1.51,6,sell
7/03,2618,永豐金-匯立,0039004100380031,1288,0,1288,3.3,7,buy
7/03,2618,凱基-台北,9268,2278,2823,-545,1.4,7,sell
7/03,2618,華南永昌,9300,890,101,789,2.02,8,buy
7/03,2618,元大-沙鹿,0039003800300064,35,324,-289,0.74,8,sell
7/03,2618,統一-嘉義,5858,645,0,645,1.65,9,buy
7/03,2618,元大-大同,0039003800390047,48,315,-267,0.68,9,sell
7/03,2618,富邦證券,9600,588,37,551,1.41,10,buy
7/03,2618,新加坡商瑞銀,1650,427,676,-249,0.64,10,sell
7/03,2618,元大-鑫永和,9888,411,3,408,1.05,11,buy
7/03,2618,玉山-嘉義,8848,14,222,-208,0.53,11,sell
7/03,2618,富邦-新店,9661,438,86,352,0.9,12,buy
7/03,2618,新光-高雄,8562,12,200,-188,0.48,12,sell
7/03,2618,大昌-安康,6462,313,1,312,0.8,13,buy
7/03,2618,凱基-台南,9211,17,203,-186,0.48,13,sell
7/03,2618,永豐金-市政,0039004100390057,338,90,248,0.64,14,buy
7/03,2618,新光,8560,181,347,-166,0.43,14,sell
7/03,2618,台新-城東,0039004200320072,245,42,203,0.52,15,buy
7/03,2618,兆豐-忠孝,0037003000300061,7,165,-158,0.4,15,sell
7/03,3037,凱基,9200,362,16,346,1.82,1,buy
7/03,3037,美林,1440,351,1223,-872,4.58,1,sell
7/03,3037,國泰-敦南,8888,588,353,235,1.23,2,buy
7/03,3037,台灣摩根士丹利,1470,806,1640,-834,4.38,2,sell
7/03,3037,群益金鼎,9100,247,30,217,1.14,3,buy
7/03,3037,永豐金-匯立,0039004100380031,0,815,-815,4.28,3,sell
7/03,3037,凱基-台北,9268,1352,1202,150,0.79,4,buy
7/03,3037,台新,0039004200300030,177,819,-642,3.37,4,sell
7/03,3037,統一,5850,133,31,102,0.54,5,buy
7/03,3037,美商高盛,1480,648,1215,-567,2.98,5,sell
7/03,3037,富邦證券,9600,282,183,99,0.52,6,buy
7/03,3037,國票-敦北法人,0037003700390063,60,254,-194,1.02,6,sell
7/03,3037,康和,8450,68,0,68,0.36,7,buy
7/03,3037,港商野村,1560,152,323,-171,0.9,7,sell
7/03,3037,國泰-台南,8884,72,17,55,0.29,8,buy
7/03,3037,元大證券,9800,1344,1477,-133,0.7,8,sell
7/03,3037,土銀,1030,60,8,52,0.27,9,buy
7/03,3037,港商麥格理,1360,0,120,-120,0.63,9,sell
7/03,3037,兆豐-天母,003700300030004c,52,0,52,0.27,10,buy
7/03,3037,統一-仁愛,0035003800350063,1,100,-99,0.52,10,sell
7/03,3037,新光,8560,153,103,50,0.26,11,buy
7/03,3037,永豐金-中正,0039004100390055,16,111,-95,0.5,11,sell
7/03,3037,合庫證券,1020,55,5,50,0.26,12,buy
7/03,3037,永豐金-萬盛,0039004100390032,21,110,-89,0.47,12,sell
7/03,3037,兆豐證券,7000,56,8,48,0.25,13,buy
7/03,3037,摩根大通,8440,597,651,-54,0.28,13,sell
7/03,3037,元大-鳳山,003900380033005a,47,5,42,0.22,14,buy
7/03,3037,凱基-信義,9216,5,50,-45,0.24,14,sell
7/03,3037,(牛牛牛)亞證券,6010,40,1,39,0.2,15,buy
7/03,3037,統一-城中,5854,16,58,-42,0.22,15,sell
7/03,2345,摩根大通,8440,486,234,252,8.34,1,buy
7/03,2345,新加坡商瑞銀,1650,55,355,-300,9.93,1,sell
7/03,2345,美林,1440,185,38,147,4.87,2,buy
7/03,2345,永豐金-匯立,0039004100380031,52,169,-117,3.87,2,sell
7/03,2345,富邦證券,9600,217,72,145,4.8,3,buy
7/03,2345,永豐金證券,0039004100300030,30,121,-91,3.01,3,sell
7/03,2345,台灣摩根士丹利,1470,349,266,83,2.75,4,buy
7/03,2345,美商高盛,1480,184,247,-63,2.09,4,sell
7/03,2345,元大-土城,9897,70,0,70,2.32,5,buy
7/03,2345,花旗環球,1590,25,64,-39,1.29,5,sell
7/03,2345,凱基,9200,44,11,33,1.09,6,buy
7/03,2345,第一金-中山,5389,0,34,-34,1.13,6,sell
7/03,2345,國泰-新莊,8886,20,3,17,0.56,7,buy
7/03,2345,港商野村,1560,11,45,-34,1.13,7,sell
7/03,2345,統一-板橋,0035003800350050,55,38,17,0.56,8,buy
7/03,2345,永豐金-敦南,0039004100380046,7,40,-33,1.09,8,sell
7/03,2345,玉山證券,8840,15,1,14,0.46,9,buy
7/03,2345,凱基-台北,9268,211,236,-25,0.83,9,sell
7/03,2345,兆豐證券,7000,14,1,13,0.43,10,buy
7/03,2345,國票-敦北法人,0037003700390063,35,52,-17,0.56,10,sell
7/03,2345,台新,0039004200300030,24,14,10,0.33,11,buy
7/03,2345,凱基-三重,9205,0,12,-12,0.4,11,sell
7/03,2345,群益金鼎-新竹,9186,10,0,10,0.33,12,buy
7/03,2345,台新-台北,0039004200320030,0,11,-11,0.36,12,sell
7/03,2345,港商麥格理,1360,21,12,9,0.3,13,buy
7/03,2345,大和國泰,8890,0,11,-11,0.36,13,sell
7/03,2345,元大-中壢,9834,10,1,9,0.3,14,buy
7/03,2345,元大-太平,0039003800310051,1,12,-11,0.36,14,sell
7/03,2345,富邦-新竹,9647,11,3,8,0.26,15,buy
7/03,2345,元大-南崁,0039003800300051,0,10,-10,0.33,15,sell
7/03,3006,國泰-敦南,8888,281,131,150,1.18,1,buy
7/03,3006,美商高盛,1480,275,2095,-1820,14.38,1,sell
7/03,3006,聯邦證券,8580,135,15,120,0.95,2,buy
7/03,3006,台灣摩根士丹利,1470,120,1357,-1237,9.77,2,sell
7/03,3006,合庫-自強,0031003000320043,109,2,107,0.85,3,buy
7/03,3006,凱基-台北,9268,516,964,-448,3.54,3,sell
7/03,3006,富邦-內湖,9627,103,6,97,0.77,4,buy
7/03,3006,新加坡商瑞銀,1650,210,584,-374,2.95,4,sell
7/03,3006,永豐金-天母,0039004100390047,94,8,86,0.68,5,buy
7/03,3006,元大證券,9800,864,1228,-364,2.88,5,sell
7/03,3006,台新-新店,0039004200320032,76,1,75,0.59,6,buy
7/03,3006,摩根大通,8440,28,349,-321,2.54,6,sell
7/03,3006,富邦-建國,9658,196,127,69,0.55,7,buy
7/03,3006,統一,5850,4,311,-307,2.43,7,sell
7/03,3006,第一金-員林,5381,66,1,65,0.51,8,buy
7/03,3006,台新,0039004200300030,94,290,-196,1.55,8,sell
7/03,3006,聯邦-興中,8587,63,0,63,0.5,9,buy
7/03,3006,美林,1440,81,274,-193,1.52,9,sell
7/03,3006,富邦-新板,0039003600310048,60,0,60,0.47,10,buy
7/03,3006,國泰證券,8880,2,163,-161,1.27,10,sell
7/03,3006,凱基-中壢,9285,58,3,55,0.43,11,buy
7/03,3006,永豐金證券,0039004100300030,73,176,-103,0.81,11,sell
7/03,3006,新光,8560,82,29,53,0.42,12,buy
7/03,3006,港商野村,1560,5,85,-80,0.63,12,sell
7/03,3006,土銀-玉里,1036,49,1,48,0.38,13,buy
7/03,3006,華南永昌-桃園,9352,9,76,-67,0.53,13,sell
7/03,3006,國泰-板橋,003800380038004b,68,23,45,0.36,14,buy
7/03,3006,兆豐-中壢,0037003000300062,10,61,-51,0.4,14,sell
7/03,3006,元大-蘆洲中正,0039003800390049,57,13,44,0.35,15,buy
7/03,3006,台新-草屯,0039004200320058,2,44,-42,0.33,15,sell
7/03,2379,永豐金證券,0039004100300030,718,45,673,15.12,1,buy
7/03,2379,台灣摩根士丹利,1470,131,1447,-1316,29.57,1,sell
7/03,2379,凱基,9200,111,5,106,2.38,2,buy
7/03,2379,花旗環球,1590,33,268,-235,5.28,2,sell
7/03,2379,台新-台北,0039004200320030,93,0,93,2.09,3,buy
7/03,2379,港商麥格理,1360,4,196,-192,4.31,3,sell
7/03,2379,元大-大里,0039003800310067,37,3,34,0.76,4,buy
7/03,2379,新加坡商瑞銀,1650,46,230,-184,4.13,4,sell
7/03,2379,中國信託,6160,32,1,31,0.7,5,buy
7/03,2379,美林,1440,44,138,-94,2.11,5,sell
7/03,2379,元大-敦南,0039003800390050,33,4,29,0.65,6,buy
7/03,2379,摩根大通,8440,85,169,-84,1.89,6,sell
7/03,2379,國泰-敦南,8888,73,45,28,0.63,7,buy
7/03,2379,凱基-台北,9268,176,245,-69,1.55,7,sell
7/03,2379,元大-汐止,0039003800390051,26,5,21,0.47,8,buy
7/03,2379,元大證券,9800,320,356,-36,0.81,8,sell
7/03,2379,富邦-新竹,9647,22,3,19,0.43,9,buy
7/03,2379,港商野村,1560,33,55,-22,0.49,9,sell
7/03,2379,兆豐-嘉義,7001,20,1,19,0.43,10,buy
7/03,2379,美商高盛,1480,109,128,-19,0.43,10,sell
7/03,2379,高橋,5320,18,0,18,0.4,11,buy
7/03,2379,統一-南京,0035003800350055,6,17,-11,0.25,11,sell
7/03,2379,元大-六合,0039003800320043,18,0,18,0.4,12,buy
7/03,2379,台新-松德,0039004200320061,2,12,-10,0.22,12,sell
7/03,2379,康和-石牌,0038003400350052,17,0,17,0.38,13,buy
7/03,2379,中國信託-忠孝,6162,3,13,-10,0.22,13,sell
7/03,2379,台新,0039004200300030,24,7,17,0.38,14,buy
7/03,2379,大展-台南,5058,0,8,-8,0.18,14,sell
7/03,2379,元大-屏南,0039003800310072,16,0,16,0.36,15,buy
7/03,2379,玉山-高雄,8843,1,9,-8,0.18,15,sell
7/03,3034,華南永昌,9300,390,0,390,15.45,1,buy
7/03,3034,台灣摩根士丹利,1470,30,802,-772,30.59,1,sell
7/03,3034,香港上海匯豐,8960,218,0,218,8.64,2,buy
7/03,3034,美商高盛,1480,31,436,-405,16.05,2,sell
7/03,3034,元大證券,9800,327,169,158,6.26,3,buy
7/03,3034,凱基-台北,9268,56,174,-118,4.68,3,sell
7/03,3034,凱基,9200,155,5,150,5.94,4,buy
7/03,3034,新加坡商瑞銀,1650,22,106,-84,3.33,4,sell
7/03,3034,台新,0039004200300030,133,24,109,4.32,5,buy
7/03,3034,美林,1440,7,42,-35,1.39,5,sell
7/03,3034,台新-台北,0039004200320030,105,0,105,4.16,6,buy
7/03,3034,富邦-彰化,0039003600350055,0,31,-31,1.23,6,sell
7/03,3034,永豐金-匯立,0039004100380031,102,0,102,4.04,7,buy
7/03,3034,富邦-新板,0039003600310048,2,17,-15,0.59,7,sell
7/03,3034,統一,5850,64,3,61,2.42,8,buy
7/03,3034,花旗環球,1590,18,32,-14,0.55,8,sell
7/03,3034,國泰證券,8880,49,0,49,1.94,9,buy
7/03,3034,摩根大通,8440,80,92,-12,0.48,9,sell
7/03,3034,富邦證券,9600,57,12,45,1.78,10,buy
7/03,3034,合庫-高雄,1023,0,12,-12,0.48,10,sell
7/03,3034,玉山證券,8840,31,0,31,1.23,11,buy
7/03,3034,元大-土城永寧,9875,1,12,-11,0.44,11,sell
7/03,3034,國票-台中,0037003700390076,17,0,17,0.67,12,buy
7/03,3034,元大-信義,003900380039006d,0,10,-10,0.4,12,sell
7/03,3034,中國信託,6160,20,4,16,0.63,13,buy
7/03,3034,元大-彰化民生,003900380039004a,0,8,-8,0.32,13,sell
7/03,3034,群益金鼎-東門,0039003100380044,15,0,15,0.59,14,buy
7/03,3034,陽信-石牌,8711,0,8,-8,0.32,14,sell
7/03,3034,元大-大統,003900380031007a,15,1,14,0.55,15,buy
7/03,3034,亞東,2180,0,7,-7,0.28,15,sell
7/03,2412,富邦證券,9600,4114,0,4114,23.34,1,buy
7/03,2412,美林,1440,0,2717,-2717,15.41,1,sell
7/03,2412,華南永昌-中正,9359,2543,1233,1310,7.43,2,buy
7/03,2412,台灣摩根士丹利,1470,143,1980,-1837,10.42,2,sell
7/03,2412,永豐金證券,0039004100300030,1049,3,1046,5.93,3,buy
7/03,2412,凱基-台北,9268,307,1403,-1096,6.22,3,sell
7/03,2412,永豐金-萬盛,0039004100390032,827,0,827,4.69,4,buy
7/03,2412,新加坡商瑞銀,1650,245,1145,-900,5.1,4,sell
7/03,2412,土銀,1030,529,0,529,3.0,5,buy
7/03,2412,摩根大通,8440,309,1153,-844,4.79,5,sell
7/03,2412,凱基,9200,384,0,384,2.18,6,buy
7/03,2412,美商高盛,1480,963,1784,-821,4.66,6,sell
7/03,2412,臺銀,1040,254,1,253,1.44,7,buy
7/03,2412,第一金,5380,4,800,-796,4.52,7,sell
7/03,2412,中國信託,6160,347,102,245,1.39,8,buy
7/03,2412,港商野村,1560,2,703,-701,3.98,8,sell
7/03,2412,群益金鼎-南京,0039003100380045,220,0,220,1.25,9,buy
7/03,2412,花旗環球,1590,115,730,-615,3.49,9,sell
7/03,2412,統一,5850,212,0,212,1.2,10,buy
7/03,2412,元大證券,9800,477,933,-456,2.59,10,sell
7/03,2412,台新-虎尾,003900420032004e,350,200,150,0.85,11,buy
7/03,2412,統一-永和,0035003800350042,0,200,-200,1.13,11,sell
7/03,2412,元大-龍潭,9858,142,1,141,0.8,12,buy
7/03,2412,台新-城中,0039004200320045,0,185,-185,1.05,12,sell
7/03,2412,(牛牛牛)亞-鑫豐,0036003000310064,138,4,134,0.76,13,buy
7/03,2412,大和國泰,8890,0,158,-158,0.9,13,sell
7/03,2412,國泰-敦南,8888,99,22,77,0.44,14,buy
7/03,2412,富邦-陽明,9604,6,121,-115,0.65,14,sell
7/03,2412,元大-館前,003900380034004b,73,0,73,0.41,15,buy
7/03,2412,元大-台北,0039003800300068,2,100,-98,0.56,15,sell
7/03,2887,港商麥格理,1360,15823,71,15752,14.47,1,buy
7/03,2887,凱基-松山,9217,30,5061,-5031,4.62,1,sell
7/03,2887,美商高盛,1480,12300,3923,8377,7.7,2,buy
7/03,2887,兆豐-南京,0037003000300050,10,3712,-3702,3.4,2,sell
7/03,2887,新加坡商瑞銀,1650,10589,2929,7660,7.04,3,buy
7/03,2887,統一-南京,0035003800350055,51,2339,-2288,2.1,3,sell
7/03,2887,摩根大通,8440,7775,1068,6707,6.16,4,buy
7/03,2887,富邦-三重,9677,15,2117,-2102,1.93,4,sell
7/03,2887,香港上海匯豐,8960,4950,0,4950,4.55,5,buy
7/03,2887,台新-松江,0039004200310035,4,1691,-1687,1.55,5,sell
7/03,2887,富邦證券,9600,6701,2305,4396,4.04,6,buy
7/03,2887,美好,5260,1,1675,-1674,1.54,6,sell
7/03,2887,元大證券,9800,13984,11620,2364,2.17,7,buy
7/03,2887,統一-基隆,0035003800350041,24,1673,-1649,1.52,7,sell
7/03,2887,台灣摩根士丹利,1470,7449,5541,1908,1.75,8,buy
7/03,2887,永豐金證券,0039004100300030,1800,2837,-1037,0.95,8,sell
7/03,2887,凱基,9200,1220,122,1098,1.01,9,buy
7/03,2887,台新,0039004200300030,378,1370,-992,0.91,9,sell
7/03,2887,第一金,5380,853,12,841,0.77,10,buy
7/03,2887,台新-三民,0039004200310033,51,953,-902,0.83,10,sell
7/03,2887,國泰證券,8880,614,6,608,0.56,11,buy
7/03,2887,新光,8560,386,1247,-861,0.79,11,sell
7/03,2887,港商野村,1560,392,98,294,0.27,12,buy
7/03,2887,富邦-建國,9658,19,587,-568,0.52,12,sell
7/03,2887,永豐金-永康,0039004100390063,302,8,294,0.27,13,buy
7/03,2887,元大-大同,0039003800390047,18,585,-567,0.52,13,sell
7/03,2887,台灣企銀-桃園,0031003100310045,243,20,223,0.2,14,buy
7/03,2887,國泰-敦南,8888,219,716,-497,0.46,14,sell
7/03,2887,群益金鼎-延平,0039003100380078,200,8,192,0.18,15,buy
7/03,2887,富邦-台北,9623,313,792,-479,0.44,15,sell
7/03,2890,摩根大通,8440,2773,354,2419,10.58,1,buy
7/03,2890,美商高盛,1480,3172,6426,-3254,14.24,1,sell
7/03,2890,凱基-台北,9268,3369,1206,2163,9.46,2,buy
7/03,2890,元大證券,9800,1203,2175,-972,4.25,2,sell
7/03,2890,中國信託,6160,1988,5,1983,8.67,3,buy
7/03,2890,群益金鼎-忠孝,0039003100380057,0,560,-560,2.45,3,sell
7/03,2890,美林,1440,1843,545,1298,5.68,4,buy
7/03,2890,第一金-高雄,5383,45,526,-481,2.1,4,sell
7/03,2890,台灣摩根士丹利,1470,2561,1793,768,3.36,5,buy
7/03,2890,元大-大同,0039003800390047,16,458,-442,1.93,5,sell
7/03,2890,華南永昌,9300,505,31,474,2.07,6,buy
7/03,2890,富邦-南員林,0039003600310052,0,371,-371,1.62,6,sell
7/03,2890,新加坡商瑞銀,1650,1236,811,425,1.86,7,buy
7/03,2890,統一-南京,0035003800350055,0,271,-271,1.19,7,sell
7/03,2890,富邦證券,9600,471,161,310,1.36,8,buy
7/03,2890,凱基-新莊,0039003200310053,3,273,-270,1.18,8,sell
7/03,2890,花旗環球,1590,793,499,294,1.29,9,buy
7/03,2890,新光-桃園,8565,5,238,-233,1.02,9,sell
7/03,2890,凱基,9200,165,0,165,0.72,10,buy
7/03,2890,國泰-敦南,8888,57,221,-164,0.72,10,sell
7/03,2890,港商麥格理,1360,135,0,135,0.59,11,buy
7/03,2890,永豐金-新莊,0039004100390048,1,158,-157,0.69,11,sell
7/03,2890,港商野村,1560,158,34,124,0.54,12,buy
7/03,2890,凱基-信義,9216,0,107,-107,0.47,12,sell
7/03,2890,台新-中原,0039004200320067,100,3,97,0.42,13,buy
7/03,2890,元大-大天母,9893,1,105,-104,0.45,13,sell
7/03,2890,新光-台南,8564,58,9,49,0.21,14,buy
7/03,2890,富邦-建國,9658,20,122,-102,0.45,14,sell
7/03,2890,兆豐證券,7000,38,1,37,0.16,15,buy
7/03,2890,凱基-彰化,0039003200300047,0,101,-101,0.44,15,sell
7/03,2892,摩根大通,8440,3103,135,2968,11.56,1,buy
7/03,2892,元大證券,9800,766,2054,-1288,5.02,1,sell
7/03,2892,富邦證券,9600,1899,0,1899,7.4,2,buy
7/03,2892,美商高盛,1480,3415,4473,-1058,4.12,2,sell
7/03,2892,台灣摩根士丹利,1470,2434,768,1666,6.49,3,buy
7/03,2892,福邦證券,6480,0,780,-780,3.04,3,sell
7/03,2892,凱基,9200,3587,2348,1239,4.83,4,buy
7/03,2892,元大-敦南,0039003800390050,0,696,-696,2.71,4,sell
7/03,2892,美林,1440,1409,775,634,2.47,5,buy
7/03,2892,華南永昌-頭份,9343,250,550,-300,1.17,5,sell
7/03,2892,凱基-台北,9268,2050,1513,537,2.09,6,buy
7/03,2892,元大-新莊,9898,2,257,-255,0.99,6,sell
7/03,2892,花旗環球,1590,548,279,269,1.05,7,buy
7/03,2892,兆豐-嘉義,7001,0,250,-250,0.97,7,sell
7/03,2892,新加坡商瑞銀,1650,1808,1587,221,0.86,8,buy
7/03,2892,玉山-高雄,8843,5,250,-245,0.95,8,sell
7/03,2892,台新-成功,003900420032006d,202,12,190,0.74,9,buy
7/03,2892,台新-大昌,0039004200320044,231,429,-198,0.77,9,sell
7/03,2892,群益金鼎,9100,171,37,134,0.52,10,buy
7/03,2892,元大-莒光,003900380031004c,55,218,-163,0.64,10,sell
7/03,2892,群益金鼎-忠孝,0039003100380057,188,81,107,0.42,11,buy
7/03,2892,元大-三民,0039003800390046,0,140,-140,0.55,11,sell
7/03,2892,富隆證券,5110,100,0,100,0.39,12,buy
7/03,2892,大昌-新店,6464,2,138,-136,0.53,12,sell
7/03,2892,凱基-竹科,9272,100,0,100,0.39,13,buy
7/03,2892,永豐金-板新,003900410039004a,1,118,-117,0.46,13,sell
7/03,2892,港商麥格理,1360,91,0,91,0.35,14,buy
7/03,2892,國泰-桃園,8885,0,110,-110,0.43,14,sell
7/03,2892,永豐金證券,0039004100300030,90,33,57,0.22,15,buy
7/03,2892,(牛牛牛)亞-鑫豐,0036003000310064,16,122,-106,0.41,15,sell
7/03,2610,元大證券,9800,4287,1862,2425,5.96,1,buy
7/03,2610,台灣摩根士丹利,1470,1205,7331,-6126,15.06,1,sell
7/03,2610,致和-府前,7033,2325,1,2324,5.71,2,buy
7/03,2610,美商高盛,1480,497,5608,-5111,12.56,2,sell
7/03,2610,華南永昌,9300,2129,2,2127,5.23,3,buy
7/03,2610,新加坡商瑞銀,1650,512,2339,-1827,4.49,3,sell
7/03,2610,富邦證券,9600,1660,60,1600,3.93,4,buy
7/03,2610,凱基-台北,9268,3234,4089,-855,2.1,4,sell
7/03,2610,第一金-自由,0035003300380045,1074,23,1051,2.58,5,buy
7/03,2610,玉山證券,8840,18,654,-636,1.56,5,sell
7/03,2610,國泰-敦南,8888,1455,755,700,1.72,6,buy
7/03,2610,元大-東泰,9817,24,605,-581,1.43,6,sell
7/03,2610,臺銀-臺中,0031003000340041,723,60,663,1.63,7,buy
7/03,2610,美林,1440,126,644,-518,1.27,7,sell
7/03,2610,港商野村,1560,490,55,435,1.07,8,buy
7/03,2610,元大-鳳山,003900380033005a,155,618,-463,1.14,8,sell
7/03,2610,港商麥格理,1360,404,0,404,0.99,9,buy
7/03,2610,摩根大通,8440,898,1345,-447,1.1,9,sell
7/03,2610,國票-台中,0037003700390076,410,23,387,0.95,10,buy
7/03,2610,永豐金證券,0039004100300030,152,545,-393,0.97,10,sell
7/03,2610,元大-左營,0039003800390044,351,5,346,0.85,11,buy
7/03,2610,國泰-台中,8882,140,421,-281,0.69,11,sell
7/03,2610,華南永昌-中正,9359,301,0,301,0.74,12,buy
7/03,2610,新光,8560,218,492,-274,0.67,12,sell
7/03,2610,華南永昌-大甲,9315,300,2,298,0.73,13,buy
7/03,2610,台灣企銀-民雄,0031003100310041,5,236,-231,0.57,13,sell
7/03,2610,台新,0039004200300030,370,90,280,0.69,14,buy
7/03,2610,富邦-竹科,0039003600320043,11,209,-198,0.49,14,sell
7/03,2610,元大-板橋,0039003800390043,207,16,191,0.47,15,buy
7/03,2610,富邦-南京,0039003600310043,55,232,-177,0.44,15,sell
7/03,2801,凱基-台北,9268,1564,345,1219,9.39,1,buy
7/03,2801,摩根大通,8440,468,1931,-1463,11.27,1,sell
7/03,2801,台灣摩根士丹利,1470,1095,459,636,4.9,2,buy
7/03,2801,元大證券,9800,122,758,-636,4.9,2,sell
7/03,2801,元大-三民,0039003800390046,426,69,357,2.75,3,buy
7/03,2801,新加坡商瑞銀,1650,294,881,-587,4.52,3,sell
7/03,2801,富邦證券,9600,335,5,330,2.54,4,buy
7/03,2801,美商高盛,1480,1218,1513,-295,2.27,4,sell
7/03,2801,元大-六合,0039003800320043,300,0,300,2.31,5,buy
7/03,2801,美林,1440,561,822,-261,2.01,5,sell
7/03,2801,國泰-桃園,8885,219,8,211,1.63,6,buy
7/03,2801,富邦-台南,9667,1,208,-207,1.6,6,sell
7/03,2801,彰銀-七賢,1232,202,0,202,1.56,7,buy
7/03,2801,華南永昌-彰化,9363,2,200,-198,1.53,7,sell
7/03,2801,群益金鼎-基隆,0039003100330045,150,1,149,1.15,8,buy
7/03,2801,富邦-彰化,0039003600350055,12,200,-188,1.45,8,sell
7/03,2801,元大-員林,9889,105,0,105,0.81,9,buy
7/03,2801,富邦-花蓮,9621,0,141,-141,1.09,9,sell
7/03,2801,華南永昌,9300,104,0,104,0.8,10,buy
7/03,2801,群益金鼎-中港,9138,15,155,-140,1.08,10,sell
7/03,2801,元大-斗信,9884,100,1,99,0.76,11,buy
7/03,2801,元大-永春,9852,0,130,-130,1.0,11,sell
7/03,2801,元大-內湖,003900380039004e,105,10,95,0.73,12,buy
7/03,2801,美好-蘆洲,5261,8,131,-123,0.95,12,sell
7/03,2801,致和證券,7030,93,0,93,0.72,13,buy
7/03,2801,臺銀-高雄,0031003000340043,100,204,-104,0.8,13,sell
7/03,2801,富邦-木柵,003900360031004d,82,0,82,0.63,14,buy
7/03,2801,台灣企銀-嘉義,1114,0,100,-100,0.77,14,sell
7/03,2801,台新,0039004200300030,84,11,73,0.56,15,buy
7/03,2801,元大-南京,9862,0,96,-96,0.74,15,sell
7/03,1314,元大證券,9800,48473,27273,21200,7.19,1,buy
7/03,1314,凱基-台北,9268,11379,14109,-2730,0.93,1,sell
7/03,1314,凱基-信義,9216,36569,24341,12228,4.15,2,buy
7/03,1314,台灣企銀,1110,17,2244,-2227,0.76,2,sell
7/03,1314,富邦證券,9600,10513,666,9847,3.34,3,buy
7/03,1314,玉山-嘉義,8848,193,2414,-2221,0.75,3,sell
7/03,1314,美商高盛,1480,10998,1673,9325,3.16,4,buy
7/03,1314,國泰-松江,8883,313,2458,-2145,0.73,4,sell
7/03,1314,台新-虎尾,003900420032004e,6562,112,6450,2.19,5,buy
7/03,1314,國泰-敦南,8888,3971,6096,-2125,0.72,5,sell
7/03,1314,統一,5850,6410,183,6227,2.11,6,buy
7/03,1314,元大-板橋三民,9879,87,1649,-1562,0.53,6,sell
7/03,1314,台灣摩根士丹利,1470,12196,5985,6211,2.11,7,buy
7/03,1314,永豐金-中正,0039004100390055,149,1693,-1544,0.52,7,sell
7/03,1314,摩根大通,8440,9910,3870,6040,2.05,8,buy
7/03,1314,元大-永和,9891,32,1505,-1473,0.5,8,sell
7/03,1314,新加坡商瑞銀,1650,7989,2313,5676,1.93,9,buy
7/03,1314,新光,8560,2010,3378,-1368,0.46,9,sell
7/03,1314,美林,1440,6188,572,5616,1.91,10,buy
7/03,1314,玉山-新竹,0038003800340048,73,1251,-1178,0.4,10,sell
7/03,1314,港商野村,1560,4873,1064,3809,1.29,11,buy
7/03,1314,永豐金-敦北,0039004100380039,32,1201,-1169,0.4,11,sell
7/03,1314,富邦-台南,9667,2347,497,1850,0.63,12,buy
7/03,1314,台新-桃園,0039004200320076,38,1194,-1156,0.39,12,sell
7/03,1314,元大-竹科,003900380030004b,2987,1398,1589,0.54,13,buy
7/03,1314,統一-台中,5856,256,1350,-1094,0.37,13,sell
7/03,1314,凱基-市政,9239,2195,674,1521,0.52,14,buy
7/03,1314,富邦-新店,9661,253,1306,-1053,0.36,14,sell
7/03,1314,日茂,5960,991,128,863,0.29,15,buy
7/03,1314,臺銀-高雄,0031003000340043,770,1776,-1006,0.34,15,sell
7/03,2883,美商高盛,1480,9498,2164,7334,12.69,1,buy
7/03,2883,台新-台北,0039004200320030,1,20000,-19999,34.61,1,sell
7/03,2883,摩根大通,8440,7323,1286,6037,10.45,2,buy
7/03,2883,凱基,9200,317,3031,-2714,4.7,2,sell
7/03,2883,台灣摩根士丹利,1470,6594,1437,5157,8.93,3,buy
7/03,2883,元大證券,9800,3403,4854,-1451,2.51,3,sell
7/03,2883,新加坡商瑞銀,1650,5117,1405,3712,6.42,4,buy
7/03,2883,永豐金證券,0039004100300030,500,1231,-731,1.27,4,sell
7/03,2883,美林,1440,2881,425,2456,4.25,5,buy
7/03,2883,國泰-敦南,8888,325,984,-659,1.14,5,sell
7/03,2883,凱基-台北,9268,4205,2440,1765,3.05,6,buy
7/03,2883,華南永昌-敦南,9347,0,502,-502,0.87,6,sell
7/03,2883,永豐金-屏東,0039004100360039,484,0,484,0.84,7,buy
7/03,2883,華南永昌,9300,17,438,-421,0.73,7,sell
7/03,2883,國泰-板橋,003800380038004b,599,230,369,0.64,8,buy
7/03,2883,第一金-自由,0035003300380045,207,615,-408,0.71,8,sell
7/03,2883,花旗環球,1590,804,502,302,0.52,9,buy
7/03,2883,新光-台中,8561,484,846,-362,0.63,9,sell
7/03,2883,國泰-新莊,8886,283,20,263,0.46,10,buy
7/03,2883,凱基-雙和,0039003200300043,11,364,-353,0.61,10,sell
7/03,2883,港商野村,1560,355,107,248,0.43,11,buy
7/03,2883,兆豐-北高雄,0037003000300049,189,505,-316,0.55,11,sell
7/03,2883,康和-仁愛,0038003400350046,214,4,210,0.36,12,buy
7/03,2883,台新-台中,0039004200310068,39,231,-192,0.33,12,sell
7/03,2883,富邦-台北,9623,260,59,201,0.35,13,buy
7/03,2883,台新-城中,0039004200320045,3,185,-182,0.31,13,sell
7/03,2883,永豐金-匯立,0039004100380031,198,0,198,0.34,14,buy
7/03,2883,永豐金-板新,003900410039004a,13,171,-158,0.27,14,sell
7/03,2883,元大-土城學府,9822,201,6,195,0.34,15,buy
7/03,2883,元大-天母,0039003800310049,104,258,-154,0.27,15,sell
7/03,2834,台灣摩根士丹利,1470,7261,483,6778,21.25,1,buy
7/03,2834,台新-城東,0039004200320072,1,2741,-2740,8.59,1,sell
7/03,2834,美商高盛,1480,5637,792,4845,15.19,2,buy
7/03,2834,元大-屏東民生,0039003800310068,0,1388,-1388,4.35,2,sell
7/03,2834,摩根大通,8440,6523,2107,4416,13.84,3,buy
7/03,2834,台新-高雄,0039004200310067,27,925,-898,2.81,3,sell
7/03,2834,新加坡商瑞銀,1650,1762,112,1650,5.17,4,buy
7/03,2834,國泰-敦南,8888,109,946,-837,2.62,4,sell
7/03,2834,凱基-台北,9268,2482,1487,995,3.12,5,buy
7/03,2834,華南永昌-敦南,9347,0,609,-609,1.91,5,sell
7/03,2834,花旗環球,1590,812,254,558,1.75,6,buy
7/03,2834,國票-南港,7795,0,521,-521,1.63,6,sell
7/03,2834,港商野村,1560,505,0,505,1.58,7,buy
7/03,2834,第一金-華江,0035003300380057,22,517,-495,1.55,7,sell
7/03,2834,美林,1440,698,205,493,1.55,8,buy
7/03,2834,京城-嘉義,8492,7,496,-489,1.53,8,sell
7/03,2834,玉山-士林,0038003800340041,334,62,272,0.85,9,buy
7/03,2834,永豐金證券,0039004100300030,71,520,-449,1.41,9,sell
7/03,2834,台新-北中壢,003900420032004c,158,0,158,0.5,10,buy
7/03,2834,玉山-板橋,8846,1,419,-418,1.31,10,sell
7/03,2834,兆豐-天母,003700300030004c,150,1,149,0.47,11,buy
7/03,2834,元大-北投,0039003800390041,1,392,-391,1.23,11,sell
7/03,2834,元大-新營,9825,108,0,108,0.34,12,buy
7/03,2834,群益金鼎-海山,9108,0,340,-340,1.07,12,sell
7/03,2834,聯邦-大業,8586,109,2,107,0.34,13,buy
7/03,2834,富邦-台北,9623,2,314,-312,0.98,13,sell
7/03,2834,新光-高雄,8562,112,7,105,0.33,14,buy
7/03,2834,富邦-永和,9654,2,313,-311,0.97,14,sell
7/03,2834,統一-松江,003500380035005a,100,0,100,0.31,15,buy
7/03,2834,日茂,5960,0,309,-309,0.97,15,sell
7/03,1303,統一,5850,5395,1720,3675,10.3,1,buy
7/03,1303,花旗環球,1590,18,5528,-5510,15.45,1,sell
7/03,1303,台灣摩根士丹利,1470,6234,2918,3316,9.3,2,buy
7/03,1303,華南永昌,9300,63,1513,-1450,4.07,2,sell
7/03,1303,美商高盛,1480,6473,4992,1481,4.15,3,buy
7/03,1303,凱基-台北,9268,266,1434,-1168,3.28,3,sell
7/03,1303,元大證券,9800,2140,776,1364,3.82,4,buy
7/03,1303,永豐金證券,0039004100300030,344,1367,-1023,2.87,4,sell
7/03,1303,統一-士林,003500380035004d,289,15,274,0.77,5,buy
7/03,1303,大和國泰,8890,0,1020,-1020,2.86,5,sell
7/03,1303,元大-民生三民,0039003800390058,852,604,248,0.7,6,buy
7/03,1303,新加坡商瑞銀,1650,642,1345,-703,1.97,6,sell
7/03,1303,香港上海匯豐,8960,298,55,243,0.68,7,buy
7/03,1303,凱基-三多,9275,60,711,-651,1.83,7,sell
7/03,1303,國泰證券,8880,318,117,201,0.56,8,buy
7/03,1303,港商野村,1560,24,381,-357,1.0,8,sell
7/03,1303,中國信託,6160,169,32,137,0.38,9,buy
7/03,1303,國票-安和,003700370039005a,69,384,-315,0.88,9,sell
7/03,1303,兆豐-大安,003700300030006a,115,2,113,0.32,10,buy
7/03,1303,國泰-館前,0038003800380041,30,306,-276,0.77,10,sell
7/03,1303,合庫-西台中,0031003000320046,127,18,109,0.31,11,buy
7/03,1303,港商麥格理,1360,69,273,-204,0.57,11,sell
7/03,1303,富邦-台北,9623,128,24,104,0.29,12,buy
7/03,1303,台新-松江,0039004200310035,11,201,-190,0.53,12,sell
7/03,1303,國泰-敦南,8888,258,157,101,0.28,13,buy
7/03,1303,摩根大通,8440,141,318,-177,0.5,13,sell
7/03,1303,兆豐-竹北,7007,95,7,88,0.25,14,buy
7/03,1303,台新,0039004200300030,237,386,-149,0.42,14,sell
7/03,1303,統一-城中,5854,116,30,86,0.24,15,buy
7/03,1303,台新-建北,0039004200310038,96,225,-129,0.36,15,sell
7/03,5880,台灣摩根士丹利,1470,1889,402,1487,13.42,1,buy
7/03,5880,元大證券,9800,267,715,-448,4.04,1,sell
7/03,5880,美林,1440,1432,424,1008,9.1,2,buy
7/03,5880,台新-中港,0039004200320069,1,382,-381,3.44,2,sell
7/03,5880,摩根大通,8440,891,117,774,6.99,3,buy
7/03,5880,群益金鼎-三民,9188,2,182,-180,1.62,3,sell
7/03,5880,新加坡商瑞銀,1650,898,352,546,4.93,4,buy
7/03,5880,國泰-敦南,8888,47,178,-131,1.18,4,sell
7/03,5880,美商高盛,1480,1714,1192,522,4.71,5,buy
7/03,5880,元大-台中,9812,0,119,-119,1.07,5,sell
7/03,5880,凱基-台北,9268,734,394,340,3.07,6,buy
7/03,5880,元大-左營,0039003800390044,3,114,-111,1.0,6,sell
7/03,5880,花旗環球,1590,490,279,211,1.9,7,buy
7/03,5880,富邦-七賢,003900360031004b,0,100,-100,0.9,7,sell
7/03,5880,永豐金證券,0039004100300030,147,21,126,1.14,8,buy
7/03,5880,元大-永康,9829,7,106,-99,0.89,8,sell
7/03,5880,臺銀-民權,1043,104,1,103,0.93,9,buy
7/03,5880,富邦-新莊,0039003600320044,0,100,-100,0.9,9,sell
7/03,5880,群益金鼎,9100,95,12,83,0.75,10,buy
7/03,5880,合庫-嘉義,1024,1,98,-97,0.88,10,sell
7/03,5880,大昌-新店,6464,70,2,68,0.61,11,buy
7/03,5880,彰銀-台中,1233,0,97,-97,0.88,11,sell
7/03,5880,土銀-嘉義,1034,45,0,45,0.41,12,buy
7/03,5880,統一-台中,5856,3,100,-97,0.88,12,sell
7/03,5880,富邦-二林,0039003600320042,77,37,40,0.36,13,buy
7/03,5880,凱基-中港,9202,1,98,-97,0.88,13,sell
7/03,5880,華南永昌-嘉義,9314,40,2,38,0.34,14,buy
7/03,5880,(牛牛牛)亞-網路,6012,1,95,-94,0.85,14,sell
7/03,5880,永豐金-板盛,0039004100390059,36,0,36,0.32,15,buy
7/03,5880,群益金鼎-建成,003900310038004c,0,91,-91,0.82,15,sell
7/03,2884,永豐金-匯立,0039004100380031,5977,0,5977,12.53,1,buy
7/03,2884,永豐金證券,0039004100300030,405,4167,-3762,7.89,1,sell
7/03,2884,美商高盛,1480,7599,2881,4718,9.89,2,buy
7/03,2884,凱基-三重,9205,95,3095,-3000,6.29,2,sell
7/03,2884,美林,1440,4906,1613,3293,6.9,3,buy
7/03,2884,華南永昌-中正,9359,1,2933,-2932,6.15,3,sell
7/03,2884,台灣摩根士丹利,1470,2733,101,2632,5.52,4,buy
7/03,2884,大和國泰,8890,0,2835,-2835,5.94,4,sell
7/03,2884,新加坡商瑞銀,1650,4706,2932,1774,3.72,5,buy
7/03,2884,凱基-台北,9268,92,2163,-2071,4.34,5,sell
7/03,2884,台新-建北,0039004200310038,1277,13,1264,2.65,6,buy
7/03,2884,元大證券,9800,1956,4002,-2046,4.29,6,sell
7/03,2884,港商麥格理,1360,940,0,940,1.97,7,buy
7/03,2884,群益金鼎,9100,424,2126,-1702,3.57,7,sell
7/03,2884,統一,5850,932,3,929,1.95,8,buy
7/03,2884,富邦證券,9600,375,1107,-732,1.53,8,sell
7/03,2884,永豐金-新竹,0039004100390037,909,10,899,1.88,9,buy
7/03,2884,國泰-敦南,8888,175,772,-597,1.25,9,sell
7/03,2884,康和,8450,444,0,444,0.93,10,buy
7/03,2884,花旗環球,1590,760,1343,-583,1.22,10,sell
7/03,2884,凱基,9200,402,0,402,0.84,11,buy
7/03,2884,永豐金-市政,0039004100390057,40,587,-547,1.15,11,sell
7/03,2884,元大-復北,9872,320,9,311,0.65,12,buy
7/03,2884,第一金,5380,12,506,-494,1.04,12,sell
7/03,2884,台灣企銀-建成,0031003100310042,296,0,296,0.62,13,buy
7/03,2884,美好-中壢,5266,20,404,-384,0.81,13,sell
7/03,2884,元大-中崙,9813,211,2,209,0.44,14,buy
7/03,2884,摩根大通,8440,2356,2735,-379,0.79,14,sell
7/03,2884,富邦-仁愛,9676,227,71,156,0.33,15,buy
7/03,2884,高橋,5320,16,225,-209,0.44,15,sell
7/03,0050,國泰證券,8880,1752,21,1731,2.1,1,buy
7/03,0050,凱基-台北,9268,1817,11678,-9861,11.96,1,sell
7/03,0050,國泰-敦南,8888,3653,2019,1634,1.98,2,buy
7/03,0050,永豐金證券,0039004100300030,3217,13069,-9852,11.95,2,sell
7/03,0050,台新,0039004200300030,1590,372,1218,1.48,3,buy
7/03,0050,法銀巴黎,8900,0,6805,-6805,8.25,3,sell
7/03,0050,臺銀-金山,0031003000340044,620,56,564,0.68,4,buy
7/03,0050,元大證券,9800,17258,21723,-4465,5.42,4,sell
7/03,0050,凱基,9200,531,9,522,0.63,5,buy
7/03,0050,富邦證券,9600,1547,2176,-629,0.76,5,sell
7/03,0050,統一,5850,584,85,499,0.61,6,buy
7/03,0050,新加坡商瑞銀,1650,1390,2006,-616,0.75,6,sell
7/03,0050,第一金,5380,513,71,442,0.54,7,buy
7/03,0050,永興-水湳,5602,28,450,-422,0.51,7,sell
7/03,0050,新百王,6210,438,35,403,0.49,8,buy
7/03,0050,群益金鼎-海山,9108,18,164,-146,0.18,8,sell
7/03,0050,摩根大通,8440,427,30,397,0.48,9,buy
7/03,0050,元大-南京,9862,107,249,-142,0.17,9,sell
7/03,0050,國泰-台中,8882,683,297,386,0.47,10,buy
7/03,0050,華南永昌-中正,9359,27,141,-114,0.14,10,sell
7/03,0050,國泰-桃園,8885,549,182,367,0.45,11,buy
7/03,0050,兆豐-北高雄,0037003000300049,79,172,-93,0.11,11,sell
7/03,0050,合庫證券,1020,424,57,367,0.45,12,buy
7/03,0050,群益金鼎-台南,9185,14,87,-73,0.09,12,sell
7/03,0050,元大-中山北路,0039003800300061,368,5,363,0.44,13,buy
7/03,0050,台新-板橋,0039004200320062,28,95,-67,0.08,13,sell
7/03,0050,新光,8560,632,355,277,0.34,14,buy
7/03,0050,康和-嘉義,8459,22,80,-58,0.07,14,sell
7/03,0050,台新-高雄,0039004200310067,306,51,255,0.31,15,buy
7/03,0050,臺銀-民權,1043,79,114,-35,0.04,15,sell
7/03,3481,美商高盛,1480,8258,2753,5505,1.83,1,buy
7/03,3481,台灣摩根士丹利,1470,4979,48213,-43234,14.38,1,sell
7/03,3481,國泰-敦南,8888,11486,8193,3293,1.09,2,buy
7/03,3481,摩根大通,8440,2292,8406,-6114,2.03,2,sell
7/03,3481,永豐金-埔里,0039004100370039,2718,1573,1145,0.38,3,buy
7/03,3481,元大證券,9800,30372,35296,-4924,1.64,3,sell
7/03,3481,新光,8560,2697,1726,971,0.32,4,buy
7/03,3481,美林,1440,1261,5494,-4233,1.41,4,sell
7/03,3481,群益金鼎-松山,9103,864,12,852,0.28,5,buy
7/03,3481,凱基-台北,9268,11591,15604,-4013,1.33,5,sell
7/03,3481,凱基,9200,863,183,680,0.23,6,buy
7/03,3481,台新-西松,003900420032006e,204,3370,-3166,1.05,6,sell
7/03,3481,玉山證券,8840,1132,508,624,0.21,7,buy
7/03,3481,新加坡商瑞銀,1650,907,3868,-2961,0.98,7,sell
7/03,3481,國泰-板橋,003800380038004b,2240,1683,557,0.19,8,buy
7/03,3481,元大-蘆洲,9857,925,2161,-1236,0.41,8,sell
7/03,3481,國泰-桃園,8885,1368,886,482,0.16,9,buy
7/03,3481,富邦-台北,9623,844,1555,-711,0.24,9,sell
7/03,3481,元大-善化,0039003800310079,761,297,464,0.15,10,buy
7/03,3481,富邦-建國,9658,530,1142,-612,0.2,10,sell
7/03,3481,元大-六合,0039003800320043,662,199,463,0.15,11,buy
7/03,3481,港商野村,1560,270,715,-445,0.15,11,sell
7/03,3481,元大-汐止,0039003800390051,629,177,452,0.15,12,buy
7/03,3481,凱基-竹科,9272,562,941,-379,0.13,12,sell
7/03,3481,富邦-青埔,003900360031004e,546,102,444,0.15,13,buy
7/03,3481,富邦證券,9600,459,777,-318,0.11,13,sell
7/03,3481,臺銀-新竹,1045,616,214,402,0.13,14,buy
7/03,3481,花旗環球,1590,258,551,-293,0.1,14,sell
7/03,3481,元大-中壢,9834,1161,764,397,0.13,15,buy
7/03,3481,大昌-新店,6464,1019,1269,-250,0.08,15,sell
7/03,6770,華南永昌-世貿,9334,433,15,418,0.41,1,buy
7/03,6770,美商高盛,1480,1618,7664,-6046,5.94,1,sell
7/03,6770,第一金-路竹,0035003300380050,330,36,294,0.29,2,buy
7/03,6770,新加坡商瑞銀,1650,2136,5366,-3230,3.17,2,sell
7/03,6770,元大-土城學府,9822,315,50,265,0.26,3,buy
7/03,6770,凱基,9200,218,3394,-3176,3.12,3,sell
7/03,6770,國泰-敦南,8888,3819,3561,258,0.25,4,buy
7/03,6770,台灣摩根士丹利,1470,2117,3736,-1619,1.59,4,sell
7/03,6770,群益金鼎-屏東,0039003100330048,267,14,253,0.25,5,buy
7/03,6770,摩根大通,8440,1572,3155,-1583,1.56,5,sell
7/03,6770,合庫證券,1020,278,39,239,0.23,6,buy
7/03,6770,凱基-台北,9268,4925,6283,-1358,1.33,6,sell
7/03,6770,台新,0039004200300030,869,639,230,0.23,7,buy
7/03,6770,美林,1440,520,1043,-523,0.51,7,sell
7/03,6770,台新-安南,003900420032005a,267,53,214,0.21,8,buy
7/03,6770,元大證券,9800,11475,11832,-357,0.35,8,sell
7/03,6770,國泰-板橋,003800380038004b,612,414,198,0.19,9,buy
7/03,6770,大昌-安康,6462,28,170,-142,0.14,9,sell
7/03,6770,富邦-南屯,9666,294,119,175,0.17,10,buy
7/03,6770,花旗環球,1590,61,191,-130,0.13,10,sell
7/03,6770,新光,8560,1098,927,171,0.17,11,buy
7/03,6770,台新-草屯,0039004200320058,229,353,-124,0.12,11,sell
7/03,6770,中國信託,6160,370,205,165,0.16,12,buy
7/03,6770,中國信託-高雄,003600310036004b,84,205,-121,0.12,12,sell
7/03,6770,元大-西屯,0039003800300077,254,91,163,0.16,13,buy
7/03,6770,富邦-彰化,0039003600350055,65,176,-111,0.11,13,sell
7/03,6770,群益金鼎,9100,882,739,143,0.14,14,buy
7/03,6770,兆豐-新營,003700300030004b,47,151,-104,0.1,14,sell
7/03,6770,國泰-台中,8882,720,584,136,0.13,15,buy
7/03,6770,合庫-台南,1022,73,171,-98,0.1,15,sell
7/03,2324,美商高盛,1480,7264,687,6577,16.91,1,buy
7/03,2324,元大證券,9800,1760,11485,-9725,25.0,1,sell
7/03,2324,台灣摩根士丹利,1470,5333,816,4517,11.61,2,buy
7/03,2324,美林,1440,897,4572,-3675,9.45,2,sell
7/03,2324,新加坡商瑞銀,1650,3534,213,3321,8.54,3,buy
7/03,2324,第一金,5380,4,1579,-1575,4.05,3,sell
7/03,2324,港商野村,1560,1201,402,799,2.05,4,buy
7/03,2324,富邦-南京,0039003600310043,3,1009,-1006,2.59,4,sell
7/03,2324,富邦-羅東,9634,737,23,714,1.84,5,buy
7/03,2324,凱基,9200,2,890,-888,2.28,5,sell
7/03,2324,摩根大通,8440,1582,998,584,1.5,6,buy
7/03,2324,富邦證券,9600,217,1091,-874,2.25,6,sell
7/03,2324,凱基-台北,9268,2317,2037,280,0.72,7,buy
7/03,2324,國泰證券,8880,38,851,-813,2.09,7,sell
7/03,2324,富邦-三重,9677,212,1,211,0.54,8,buy
7/03,2324,華南永昌,9300,27,587,-560,1.44,8,sell
7/03,2324,玉山-台中,0038003800340042,210,8,202,0.52,9,buy
7/03,2324,富邦-永和,9654,50,467,-417,1.07,9,sell
7/03,2324,永豐金證券,0039004100300030,262,87,175,0.45,10,buy
7/03,2324,台新-台北,0039004200320030,17,268,-251,0.65,10,sell
7/03,2324,華南永昌-中正,9359,185,22,163,0.42,11,buy
7/03,2324,(牛牛牛)亞-鑫豐,0036003000310064,48,267,-219,0.56,11,sell
7/03,2324,統一,5850,291,131,160,0.41,12,buy
7/03,2324,永豐金-板新,003900410039004a,62,230,-168,0.43,12,sell
7/03,2324,永豐金-鳳山,0039004100360031,186,27,159,0.41,13,buy
7/03,2324,凱基-新店,0039003200300056,4,154,-150,0.39,13,sell
7/03,2324,新光,8560,283,125,158,0.41,14,buy
7/03,2324,玉山-左營,0038003800340044,16,130,-114,0.29,14,sell
7/03,2324,台新-世貿,0039004200320075,123,1,122,0.31,15,buy
7/03,2324,永全-八德,6452,6,102,-96,0.25,15,sell
7/03,9904,花旗環球,1590,2108,41,2067,8.04,1,buy
7/03,9904,凱基,9200,238,6000,-5762,22.41,1,sell
7/03,9904,美商高盛,1480,3270,1620,1650,6.42,2,buy
7/03,9904,玉山證券,8840,10,1362,-1352,5.26,2,sell
7/03,9904,台灣摩根士丹利,1470,2210,631,1579,6.14,3,buy
7/03,9904,元大-台南,9896,16,1013,-997,3.88,3,sell
7/03,9904,新加坡商瑞銀,1650,2985,1666,1319,5.13,4,buy
7/03,9904,中國信託,6160,19,964,-945,3.67,4,sell
7/03,9904,摩根大通,8440,1629,840,789,3.07,5,buy
7/03,9904,凱基-台北,9268,595,1176,-581,2.26,5,sell
7/03,9904,統一-台南,5855,511,1,510,1.98,6,buy
7/03,9904,富邦證券,9600,1,505,-504,1.96,6,sell
7/03,9904,港商野村,1560,485,0,485,1.89,7,buy
7/03,9904,兆豐證券,7000,2,500,-498,1.94,7,sell
7/03,9904,元大-彰化民生,003900380039004a,392,30,362,1.41,8,buy
7/03,9904,國泰-桃園,8885,95,507,-412,1.6,8,sell
7/03,9904,群益金鼎-東門,0039003100380044,300,1,299,1.16,9,buy
7/03,9904,元大證券,9800,1450,1852,-402,1.56,9,sell
7/03,9904,玉山-高雄,8843,308,20,288,1.12,10,buy
7/03,9904,國泰-敦南,8888,242,540,-298,1.16,10,sell
7/03,9904,康和-嘉義,8459,310,39,271,1.05,11,buy
7/03,9904,福勝,6950,0,200,-200,0.78,11,sell
7/03,9904,凱基-站前,0039003200300046,248,2,246,0.96,12,buy
7/03,9904,合庫-桃園,0031003000320045,1,184,-183,0.71,12,sell
7/03,9904,新光,8560,336,109,227,0.88,13,buy
7/03,9904,台新-新店,0039004200320032,5,176,-171,0.66,13,sell
7/03,9904,台灣企銀-太平,1115,206,1,205,0.8,14,buy
7/03,9904,元大-崇德,0039003800310053,2,114,-112,0.44,14,sell
7/03,9904,凱基-豐中,9223,200,2,198,0.77,15,buy
7/03,9904,統一-新台中,0035003800350044,1,103,-102,0.4,15,sell
7/03,1101,新加坡商瑞銀,1650,3601,227,3374,12.0,1,buy
7/03,1101,元大證券,9800,907,1673,-766,2.72,1,sell
7/03,1101,台灣摩根士丹利,1470,2932,639,2293,8.16,2,buy
7/03,1101,凱基-高雄,9206,2,696,-694,2.47,2,sell
7/03,1101,凱基-台北,9268,3236,1111,2125,7.56,3,buy
7/03,1101,國泰-敦南,8888,136,633,-497,1.77,3,sell
7/03,1101,摩根大通,8440,2301,1535,766,2.72,4,buy
7/03,1101,美林,1440,84,564,-480,1.71,4,sell
7/03,1101,港商野村,1560,722,0,722,2.57,5,buy
7/03,1101,華南永昌-嘉義,9314,1,412,-411,1.46,5,sell
7/03,1101,元大-鳳山,003900380033005a,515,3,512,1.82,6,buy
7/03,1101,兆豐-永和,0037003000300058,5,344,-339,1.21,6,sell
7/03,1101,美商高盛,1480,4437,3996,441,1.57,7,buy
7/03,1101,元大-敦化,9833,6,280,-274,0.97,7,sell
7/03,1101,國泰-館前,0038003800380041,316,46,270,0.96,8,buy
7/03,1101,元大-大甲,0039003800390055,0,272,-272,0.97,8,sell
7/03,1101,玉山-城中,0038003800340045,228,7,221,0.79,9,buy
7/03,1101,台中銀-員林,6114,31,301,-270,0.96,9,sell
7/03,1101,元大-發財,0039003800310045,202,8,194,0.69,10,buy
7/03,1101,花旗環球,1590,335,565,-230,0.82,10,sell
7/03,1101,元大-內湖民權,9867,165,18,147,0.52,11,buy
7/03,1101,元大-左營,0039003800390044,162,372,-210,0.75,11,sell
7/03,1101,新光,8560,216,98,118,0.42,12,buy
7/03,1101,台新-信義,0039004200320048,0,191,-191,0.68,12,sell
7/03,1101,元大-豐原站前,0039003800390057,118,8,110,0.39,13,buy
7/03,1101,凱基-和平,9255,0,186,-186,0.66,13,sell
7/03,1101,中農,8520,112,9,103,0.37,14,buy
7/03,1101,國票-九鼎,0037003700390050,3,180,-177,0.63,14,sell
7/03,1101,兆豐-台中,7003,100,0,100,0.36,15,buy
7/03,1101,元大-彰化民生,003900380039004a,1,153,-152,0.54,15,sell
7/03,3231,富邦證券,9600,2251,35,2216,8.95,1,buy
7/03,3231,美商高盛,1480,298,4276,-3978,16.06,1,sell
7/03,3231,群益金鼎,9100,2084,45,2039,8.23,2,buy
7/03,3231,凱基-台北,9268,672,1735,-1063,4.29,2,sell
7/03,3231,台新,0039004200300030,660,98,562,2.27,3,buy
7/03,3231,台灣摩根士丹利,1470,874,1701,-827,3.34,3,sell
7/03,3231,華南永昌-中正,9359,434,11,423,1.71,4,buy
7/03,3231,花旗環球,1590,360,1027,-667,2.69,4,sell
7/03,3231,國票-安和,003700370039005a,431,8,423,1.71,5,buy
7/03,3231,華南永昌-南京,9326,27,622,-595,2.4,5,sell
7/03,3231,摩根大通,8440,1194,843,351,1.42,6,buy
7/03,3231,元大-向上,9824,4,524,-520,2.1,6,sell
7/03,3231,永豐金證券,0039004100300030,364,60,304,1.23,7,buy
7/03,3231,統一-城中,5854,32,497,-465,1.88,7,sell
7/03,3231,統一,5850,317,73,244,0.99,8,buy
7/03,3231,港商野村,1560,107,549,-442,1.78,8,sell
7/03,3231,台新-基隆,0039004200320053,203,3,200,0.81,9,buy
7/03,3231,元大證券,9800,932,1152,-220,0.89,9,sell
7/03,3231,美林,1440,1203,1019,184,0.74,10,buy
7/03,3231,陽信-石牌,8711,3,203,-200,0.81,10,sell
7/03,3231,宏遠證券,1260,181,2,179,0.72,11,buy
7/03,3231,國泰-台南,8884,20,214,-194,0.78,11,sell
7/03,3231,第一金,5380,184,6,178,0.72,12,buy
7/03,3231,群益金鼎-桃園,9189,19,150,-131,0.53,12,sell
7/03,3231,兆豐-大同,0037003000300053,160,0,160,0.65,13,buy
7/03,3231,元大-新店中正,0039003800340043,63,147,-84,0.34,13,sell
7/03,3231,新加坡商瑞銀,1650,1240,1092,148,0.6,14,buy
7/03,3231,臺銀,1040,10,89,-79,0.32,14,sell
7/03,3231,富邦-新店,9661,150,32,118,0.48,15,buy
7/03,3231,新光,8560,83,156,-73,0.29,15,sell
7/03,2409,港商麥格理,1360,2124,3,2121,0.92,1,buy
7/03,2409,美商高盛,1480,6235,19266,-13031,5.64,1,sell
7/03,2409,國泰-敦南,8888,7242,6073,1169,0.51,2,buy
7/03,2409,凱基-台北,9268,12118,18525,-6407,2.77,2,sell
7/03,2409,凱基-八德,003900320031004d,1253,174,1079,0.47,3,buy
7/03,2409,台灣摩根士丹利,1470,6655,9995,-3340,1.45,3,sell
7/03,2409,兆豐-彰化,0037003000300064,1068,34,1034,0.45,4,buy
7/03,2409,華南永昌-中正,9359,121,2226,-2105,0.91,4,sell
7/03,2409,群益金鼎-松山,9103,950,77,873,0.38,5,buy
7/03,2409,摩根大通,8440,623,2262,-1639,0.71,5,sell
7/03,2409,永豐金證券,0039004100300030,2661,2080,581,0.25,6,buy
7/03,2409,統一,5850,187,1369,-1182,0.51,6,sell
7/03,2409,兆豐-新竹,0037003000300056,843,287,556,0.24,7,buy
7/03,2409,統一-城中,5854,180,1079,-899,0.39,7,sell
7/03,2409,台新-花蓮,0039004200320079,551,42,509,0.22,8,buy
7/03,2409,玉山-新莊,8842,338,1212,-874,0.38,8,sell
7/03,2409,凱基-新莊,0039003200310053,511,40,471,0.2,9,buy
7/03,2409,華南永昌-大安,9307,262,1125,-863,0.37,9,sell
7/03,2409,兆豐-員林,003700300030006b,573,103,470,0.2,10,buy
7/03,2409,美林,1440,73,892,-819,0.35,10,sell
7/03,2409,合庫證券,1020,592,124,468,0.2,11,buy
7/03,2409,台新,0039004200300030,1107,1895,-788,0.34,11,sell
7/03,2409,群益金鼎-台中,9184,502,88,414,0.18,12,buy
7/03,2409,元大-竹北,0039003800310042,580,1294,-714,0.31,12,sell
7/03,2409,元大-中壢,9834,961,554,407,0.18,13,buy
7/03,2409,凱基-彰化,0039003200300047,159,823,-664,0.29,13,sell
7/03,2409,元大-復北,9872,458,80,378,0.16,14,buy
7/03,2409,新光-高雄,8562,461,1117,-656,0.28,14,sell
7/03,2409,元大-新店中正,0039003800340043,581,244,337,0.15,15,buy
7/03,2409,康和-台中,8455,2016,2534,-518,0.22,15,sell
7/03,0056,美林,1440,2731,0,2731,8.04,1,buy
7/03,0056,元大證券,9800,1256,7302,-6046,17.79,1,sell
7/03,0056,台新-永和,0039004200320042,1032,0,1032,3.04,2,buy
7/03,0056,永豐金證券,0039004100300030,859,5114,-4255,12.52,2,sell
7/03,0056,新加坡商瑞銀,1650,1016,248,768,2.26,3,buy
7/03,0056,凱基-台北,9268,1053,5137,-4084,12.02,3,sell
7/03,0056,國泰-敦南,8888,1158,629,529,1.56,4,buy
7/03,0056,統一-城中,5854,6,2200,-2194,6.46,4,sell
7/03,0056,國泰證券,8880,493,1,492,1.45,5,buy
7/03,0056,亞東,2180,56,571,-515,1.52,5,sell
7/03,0056,兆豐-南門,0037003000300067,419,3,416,1.22,6,buy
7/03,0056,台灣摩根士丹利,1470,137,413,-276,0.81,6,sell
7/03,0056,玉山證券,8840,355,20,335,0.99,7,buy
7/03,0056,聯邦-大業,8586,22,200,-178,0.52,7,sell
7/03,0056,元大-彰化民生,003900380039004a,339,5,334,0.98,8,buy
7/03,0056,國泰-新莊,8886,50,209,-159,0.47,8,sell
7/03,0056,台新-高雄,0039004200310067,315,30,285,0.84,9,buy
7/03,0056,國泰-板橋,003800380038004b,134,278,-144,0.42,9,sell
7/03,0056,元大-莒光,003900380031004c,240,21,219,0.64,10,buy
7/03,0056,臺銀-金山,0031003000340044,16,140,-124,0.36,10,sell
7/03,0056,中國信託-新竹,6165,208,13,195,0.57,11,buy
7/03,0056,國泰-台中,8882,128,245,-117,0.34,11,sell
7/03,0056,富邦-板橋,9655,235,51,184,0.54,12,buy
7/03,0056,新光,8560,174,282,-108,0.32,12,sell
7/03,0056,台新,0039004200300030,324,151,173,0.51,13,buy
7/03,0056,富邦證券,9600,253,354,-101,0.3,13,sell
7/03,0056,元大-文心興安,9854,187,16,171,0.5,14,buy
7/03,0056,華南永昌-中正,9359,1,102,-101,0.3,14,sell
7/03,0056,凱基,9200,169,2,167,0.49,15,buy
7/03,0056,國泰-館前,0038003800380041,158,248,-90,0.26,15,sell
7/03,6116,凱基-台北,9268,6489,3878,2611,6.55,1,buy
7/03,6116,元大證券,9800,2344,5340,-2996,7.51,1,sell
7/03,6116,富邦證券,9600,1036,445,591,1.48,2,buy
7/03,6116,摩根大通,8440,111,1088,-977,2.45,2,sell
7/03,6116,群益金鼎-土城,003900310033004e,434,24,410,1.03,3,buy
7/03,6116,華南永昌-頭份,9343,25,809,-784,1.97,3,sell
7/03,6116,元大-大里,0039003800310067,279,59,220,0.55,4,buy
7/03,6116,美林,1440,176,469,-293,0.73,4,sell
7/03,6116,新光,8560,445,262,183,0.46,5,buy
7/03,6116,凱基-松山,9217,0,264,-264,0.66,5,sell
7/03,6116,元大-沙鹿,0039003800300064,197,38,159,0.4,6,buy
7/03,6116,永豐金-桃盛,003900410039004e,56,300,-244,0.61,6,sell
7/03,6116,永豐金-苓雅,0039004100390061,171,23,148,0.37,7,buy
7/03,6116,台灣摩根士丹利,1470,427,669,-242,0.61,7,sell
7/03,6116,花旗環球,1590,133,2,131,0.33,8,buy
7/03,6116,永豐金-松山,0039004100390031,104,335,-231,0.58,8,sell
7/03,6116,元大-竹山,0039003800310052,133,3,130,0.33,9,buy
7/03,6116,元大-雙和,9874,16,234,-218,0.55,9,sell
7/03,6116,美商高盛,1480,675,549,126,0.32,10,buy
7/03,6116,第一金-安和,003500330038006a,15,217,-202,0.51,10,sell
7/03,6116,國泰-敦南,8888,1404,1283,121,0.3,11,buy
7/03,6116,富邦-南屯,9666,65,262,-197,0.49,11,sell
7/03,6116,台新-三民,0039004200310033,116,3,113,0.28,12,buy
7/03,6116,統一-平鎮,0035003800350067,25,201,-176,0.44,12,sell
7/03,6116,元大-新盛,9869,194,85,109,0.27,13,buy
7/03,6116,美好-蘆洲,5261,61,223,-162,0.41,13,sell
7/03,6116,元大-桃園,0039003800380042,125,18,107,0.27,14,buy
7/03,6116,元大-萬華,0039003800310071,16,165,-149,0.37,14,sell
7/03,6116,元大-文心興安,9854,112,5,107,0.27,15,buy
7/03,6116,口袋證券,6620,42,190,-148,0.37,15,sell
7/03,2344,元大-館前,003900380034004b,4837,108,4729,3.33,1,buy
7/03,2344,國泰證券,8880,141,6381,-6240,4.4,1,sell
7/03,2344,元大證券,9800,15946,13602,2344,1.65,2,buy
7/03,2344,統一,5850,493,6646,-6153,4.34,2,sell
7/03,2344,永豐金證券,0039004100300030,2365,867,1498,1.06,3,buy
7/03,2344,台灣摩根士丹利,1470,3110,8866,-5756,4.06,3,sell
7/03,2344,元大-土城永寧,9875,1111,69,1042,0.73,4,buy
7/03,2344,美商高盛,1480,5516,10359,-4843,3.41,4,sell
7/03,2344,國泰-敦南,8888,6005,4968,1037,0.73,5,buy
7/03,2344,富邦證券,9600,3171,6404,-3233,2.28,5,sell
7/03,2344,中國信託,6160,962,314,648,0.46,6,buy
7/03,2344,新加坡商瑞銀,1650,4604,6214,-1610,1.13,6,sell
7/03,2344,台新-高雄,0039004200310067,818,387,431,0.3,7,buy
7/03,2344,美林,1440,945,2433,-1488,1.05,7,sell
7/03,2344,港商野村,1560,621,340,281,0.2,8,buy
7/03,2344,凱基-台北,9268,5977,7361,-1384,0.98,8,sell
7/03,2344,國泰-台中,8882,1258,991,267,0.19,9,buy
7/03,2344,台新-西松,003900420032006e,215,1403,-1188,0.84,9,sell
7/03,2344,新光,8560,1112,874,238,0.17,10,buy
7/03,2344,摩根大通,8440,2200,2413,-213,0.15,10,sell
7/03,2344,宏遠-民生,1261,216,2,214,0.15,11,buy
7/03,2344,元大-台北,0039003800300068,210,393,-183,0.13,11,sell
7/03,2344,凱基-站前,0039003200300046,465,257,208,0.15,12,buy
7/03,2344,大和國泰,8890,0,158,-158,0.11,12,sell
7/03,2344,國泰-板橋,003800380038004b,774,582,192,0.14,13,buy
7/03,2344,元大-天母,0039003800310049,122,216,-94,0.07,13,sell
7/03,2344,聯邦-忠孝,8583,215,54,161,0.11,14,buy
7/03,2344,群益金鼎,9100,337,429,-92,0.06,14,sell
7/03,2344,永豐金-苓雅,0039004100390061,220,66,154,0.11,15,buy
7/03,2344,京城-嘉義,8492,60,145,-85,0.06,15,sell
7/03,2337,新百王,6210,1260,38,1222,2.32,1,buy
7/03,2337,摩根大通,8440,544,4211,-3667,6.96,1,sell
7/03,2337,國泰-敦南,8888,2089,1219,870,1.65,2,buy
7/03,2337,凱基,9200,110,3451,-3341,6.34,2,sell
7/03,2337,兆豐-中壢,0037003000300062,508,14,494,0.94,3,buy
7/03,2337,台灣摩根士丹利,1470,791,3712,-2921,5.54,3,sell
7/03,2337,永豐金-萬盛,0039004100390032,835,411,424,0.8,4,buy
7/03,2337,美商高盛,1480,1275,3962,-2687,5.1,4,sell
7/03,2337,台新,0039004200300030,438,180,258,0.49,5,buy
7/03,2337,新加坡商瑞銀,1650,1172,3726,-2554,4.85,5,sell
7/03,2337,台新-高雄,0039004200310067,403,151,252,0.48,6,buy
7/03,2337,美林,1440,436,2790,-2354,4.47,6,sell
7/03,2337,富邦-永和,9654,271,87,184,0.35,7,buy
7/03,2337,凱基-台北,9268,2604,3408,-804,1.53,7,sell
7/03,2337,元大-竹東,0039003800330066,188,11,177,0.34,8,buy
7/03,2337,元大-大天母,9893,29,206,-177,0.34,8,sell
7/03,2337,玉山-高雄,8843,201,26,175,0.33,9,buy
7/03,2337,聯邦-三重,8585,20,136,-116,0.22,9,sell
7/03,2337,華南永昌-鳳山,9331,176,20,156,0.3,10,buy
7/03,2337,群益金鼎-基隆,0039003100330045,44,142,-98,0.19,10,sell
7/03,2337,元大-蘆洲中正,0039003800390049,169,30,139,0.26,11,buy
7/03,2337,元大-館前,003900380034004b,17,92,-75,0.14,11,sell
7/03,2337,中國信託,6160,226,93,133,0.25,12,buy
7/03,2337,合庫-台南,1022,11,66,-55,0.1,12,sell
7/03,2337,新光-台南,8564,220,97,123,0.23,13,buy
7/03,2337,元大-士林,003900380031006a,80,127,-47,0.09,13,sell
7/03,2337,國泰-台中,8882,489,369,120,0.23,14,buy
7/03,2337,永豐金-大園,0039004100390038,100,145,-45,0.09,14,sell
7/03,2337,新光,8560,477,362,115,0.22,15,buy
7/03,2337,華南永昌-竹北,9339,11,56,-45,0.09,15,sell
7/03,1102,國泰證券,8880,2205,3,2202,12.56,1,buy
7/03,1102,摩根大通,8440,312,2807,-2495,14.23,1,sell
7/03,1102,新加坡商瑞銀,1650,2034,325,1709,9.75,2,buy
7/03,1102,凱基-台北,9268,364,2041,-1677,9.57,2,sell
7/03,1102,中國信託,6160,1109,4,1105,6.3,3,buy
7/03,1102,華南永昌,9300,102,1502,-1400,7.99,3,sell
7/03,1102,富邦證券,9600,975,1,974,5.56,4,buy
7/03,1102,元大-台中,9812,1,200,-199,1.14,4,sell
7/03,1102,群益金鼎,9100,751,114,637,3.63,5,buy
7/03,1102,群益金鼎-南京,0039003100380045,0,196,-196,1.12,5,sell
7/03,1102,永豐金證券,0039004100300030,620,21,599,3.42,6,buy
7/03,1102,兆豐-新竹,0037003000300056,20,200,-180,1.03,6,sell
7/03,1102,亞東,2180,626,35,591,3.37,7,buy
7/03,1102,陽信-石牌,8711,1,171,-170,0.97,7,sell
7/03,1102,統一,5850,515,11,504,2.87,8,buy
7/03,1102,彰銀,1230,0,157,-157,0.9,8,sell
7/03,1102,元大證券,9800,1172,690,482,2.75,9,buy
7/03,1102,國泰-新莊,8886,1,133,-132,0.75,9,sell
7/03,1102,凱基,9200,310,5,305,1.74,10,buy
7/03,1102,富邦-台南,9667,8,116,-108,0.62,10,sell
7/03,1102,美商高盛,1480,1704,1410,294,1.68,11,buy
7/03,1102,美林,1440,376,481,-105,0.6,11,sell
7/03,1102,元大-內湖民權,9867,110,3,107,0.61,12,buy
7/03,1102,台新-文心,003900420032007a,2,100,-98,0.56,12,sell
7/03,1102,國泰-敦南,8888,202,107,95,0.54,13,buy
7/03,1102,臺銀-民權,1043,14,101,-87,0.5,13,sell
7/03,1102,元大-永春,9852,76,2,74,0.42,14,buy
7/03,1102,兆豐-忠孝,0037003000300061,4,91,-87,0.5,14,sell
7/03,1102,元大-林森,0039003800330042,60,0,60,0.34,15,buy
7/03,1102,美好-苗栗,5265,0,86,-86,0.49,15,sell
7/03,2002,美商高盛,1480,4993,974,4019,9.77,1,buy
7/03,2002,國泰-敦南,8888,436,1221,-785,1.91,1,sell
7/03,2002,新加坡商瑞銀,1650,4554,573,3981,9.68,2,buy
7/03,2002,元大證券,9800,884,1613,-729,1.77,2,sell
7/03,2002,摩根大通,8440,4230,1292,2938,7.14,3,buy
7/03,2002,(牛牛牛)亞-鑫豐,0036003000310064,62,558,-496,1.21,3,sell
7/03,2002,華南永昌-三重,9369,1614,3,1611,3.92,4,buy
7/03,2002,台灣企銀-嘉義,1114,0,456,-456,1.11,4,sell
7/03,2002,美林,1440,3017,1531,1486,3.61,5,buy
7/03,2002,台新-高雄,0039004200310067,29,338,-309,0.75,5,sell
7/03,2002,凱基-台北,9268,2140,1026,1114,2.71,6,buy
7/03,2002,元大-南投,0039003800310044,13,304,-291,0.71,6,sell
7/03,2002,港商野村,1560,768,4,764,1.86,7,buy
7/03,2002,康和-台南,8458,5,281,-276,0.67,7,sell
7/03,2002,富邦-高雄,9659,632,79,553,1.34,8,buy
7/03,2002,玉山-嘉義,8848,3,274,-271,0.66,8,sell
7/03,2002,兆豐證券,7000,206,0,206,0.5,9,buy
7/03,2002,國泰-館前,0038003800380041,19,282,-263,0.64,9,sell
7/03,2002,富邦-嘉義,9692,226,36,190,0.46,10,buy
7/03,2002,元大-斗六,0039003800300043,9,266,-257,0.63,10,sell
7/03,2002,凱基-站前,0039003200300046,182,28,154,0.37,11,buy
7/03,2002,台新-嘉義,0039004200320049,12,265,-253,0.62,11,sell
7/03,2002,致和證券,7030,150,1,149,0.36,12,buy
7/03,2002,玉山-高雄,8843,32,284,-252,0.61,12,sell
7/03,2002,富邦證券,9600,302,155,147,0.36,13,buy
7/03,2002,玉山-台南,8847,166,410,-244,0.59,13,sell
7/03,2002,兆豐-西螺,0037003000300044,149,2,147,0.36,14,buy
7/03,2002,元大-潮州,003900380031005a,22,263,-241,0.59,14,sell
7/03,2002,凱基-土城,003900320031004a,250,104,146,0.36,15,buy
7/03,2002,玉山-景美,8849,2,239,-237,0.58,15,sell
7/03,1301,玉山證券,8840,4700,185,4515,2.38,1,buy
7/03,1301,美林,1440,794,5982,-5188,2.73,1,sell
7/03,1301,台新-同大,0039004200320050,2276,698,1578,0.83,2,buy
7/03,1301,新加坡商瑞銀,1650,3022,8158,-5136,2.7,2,sell
7/03,1301,台新-建北,0039004200310038,2431,863,1568,0.83,3,buy
7/03,1301,統一,5850,871,5666,-4795,2.52,3,sell
7/03,1301,元大-天母,0039003800310049,1498,110,1388,0.73,4,buy
7/03,1301,元大-嘉義,0039003800390067,186,3148,-2962,1.56,4,sell
7/03,1301,富邦-永和,9654,2067,1113,954,0.5,5,buy
7/03,1301,摩根大通,8440,3613,6248,-2635,1.39,5,sell
7/03,1301,凱基-台南,9211,778,137,641,0.34,6,buy
7/03,1301,富邦證券,9600,634,2645,-2011,1.06,6,sell
7/03,1301,國泰-敦南,8888,4532,3902,630,0.33,7,buy
7/03,1301,美商高盛,1480,3998,5920,-1922,1.01,7,sell
7/03,1301,富邦-南員林,0039003600310052,590,84,506,0.27,8,buy
7/03,1301,元大證券,9800,24279,26197,-1918,1.01,8,sell
7/03,1301,花旗環球,1590,680,185,495,0.26,9,buy
7/03,1301,港商野村,1560,164,1636,-1472,0.77,9,sell
7/03,1301,統一-竹南,003500380035006d,487,16,471,0.25,10,buy
7/03,1301,統一-員林,0035003800350049,29,957,-928,0.49,10,sell
7/03,1301,永豐金-敦南,0039004100380046,736,315,421,0.22,11,buy
7/03,1301,富邦-台北,9623,492,1080,-588,0.31,11,sell
7/03,1301,富邦-新板,0039003600310048,624,208,416,0.22,12,buy
7/03,1301,兆豐證券,7000,92,574,-482,0.25,12,sell
7/03,1301,凱基,9200,627,242,385,0.2,13,buy
7/03,1301,台灣摩根士丹利,1470,9231,9671,-440,0.23,13,sell
7/03,1301,元大-左營,0039003800390044,487,129,358,0.19,14,buy
7/03,1301,群益金鼎-大甲,0039003100380067,144,550,-406,0.21,14,sell
7/03,1301,第一金,5380,453,113,340,0.18,15,buy
7/03,1301,元大-基隆孝二,003900380036004b,190,546,-356,0.19,15,sell
7/03,1802,國泰-敦南,8888,1384,767,617,1.62,1,buy
7/03,1802,美商高盛,1480,465,5954,-5489,14.41,1,sell
7/03,1802,永豐金證券,0039004100300030,302,82,220,0.58,2,buy
7/03,1802,台灣摩根士丹利,1470,239,3212,-2973,7.8,2,sell
7/03,1802,台新,0039004200300030,510,365,145,0.38,3,buy
7/03,1802,新加坡商瑞銀,1650,2,2290,-2288,6.01,3,sell
7/03,1802,元大-中壢,9834,201,56,145,0.38,4,buy
7/03,1802,凱基-台北,9268,1661,3784,-2123,5.57,4,sell
7/03,1802,新光,8560,400,268,132,0.35,5,buy
7/03,1802,摩根大通,8440,70,1233,-1163,3.05,5,sell
7/03,1802,國泰-台中,8882,241,112,129,0.34,6,buy
7/03,1802,港商野村,1560,0,645,-645,1.69,6,sell
7/03,1802,國泰-板橋,003800380038004b,244,116,128,0.34,7,buy
7/03,1802,華南永昌-忠孝,9325,2,601,-599,1.57,7,sell
7/03,1802,永豐金-大園,0039004100390038,190,63,127,0.33,8,buy
7/03,1802,中國信託,6160,141,413,-272,0.71,8,sell
7/03,1802,台新-中壢,0039004200310079,128,6,122,0.32,9,buy
7/03,1802,美林,1440,101,288,-187,0.49,9,sell
7/03,1802,富邦-中壢,9636,153,36,117,0.31,10,buy
7/03,1802,元大證券,9800,3926,4112,-186,0.49,10,sell
7/03,1802,國泰-館前,0038003800380041,239,130,109,0.29,11,buy
7/03,1802,國票證券,7790,190,368,-178,0.47,11,sell
7/03,1802,富邦-仁愛,9676,340,233,107,0.28,12,buy
7/03,1802,國泰證券,8880,11,147,-136,0.36,12,sell
7/03,1802,元大-鹿港,0039003800390053,143,44,99,0.26,13,buy
7/03,1802,富邦-內湖,9627,60,165,-105,0.28,13,sell
7/03,1802,台新-台中,0039004200310068,182,86,96,0.25,14,buy
7/03,1802,福勝,6950,11,87,-76,0.2,14,sell
7/03,1802,國泰-桃園,8885,226,130,96,0.25,15,buy
7/03,1802,兆豐-復興,0037003000300070,4,74,-70,0.18,15,sell
7/03,2867,美商高盛,1480,1351,514,837,7.47,1,buy
7/03,2867,富邦-仁愛,9676,2,505,-503,4.49,1,sell
7/03,2867,元大證券,9800,1427,642,785,7.01,2,buy
7/03,2867,群益金鼎,9100,2,504,-502,4.48,2,sell
7/03,2867,凱基-台北,9268,1338,790,548,4.89,3,buy
7/03,2867,大昌,6460,1,435,-434,3.87,3,sell
7/03,2867,港商野村,1560,541,0,541,4.83,4,buy
7/03,2867,台灣摩根士丹利,1470,542,827,-285,2.54,4,sell
7/03,2867,摩根大通,8440,749,279,470,4.2,5,buy
7/03,2867,富邦-豐原,003900360033004c,60,340,-280,2.5,5,sell
7/03,2867,富邦-青埔,003900360031004e,420,11,409,3.65,6,buy
7/03,2867,聯邦-大業,8586,0,268,-268,2.39,6,sell
7/03,2867,國泰-桃園,8885,336,2,334,2.98,7,buy
7/03,2867,美林,1440,0,221,-221,1.97,7,sell
7/03,2867,永豐金證券,0039004100300030,351,53,298,2.66,8,buy
7/03,2867,宏遠-新化,0031003200360058,0,200,-200,1.79,8,sell
7/03,2867,元大-六合,0039003800320043,164,12,152,1.36,9,buy
7/03,2867,永豐金-松山,0039004100390031,10,206,-196,1.75,9,sell
7/03,2867,新加坡商瑞銀,1650,388,254,134,1.2,10,buy
7/03,2867,合庫-台中,1021,7,170,-163,1.46,10,sell
7/03,2867,花旗環球,1590,146,23,123,1.1,11,buy
7/03,2867,元大-民雄,0039003800310056,0,130,-130,1.16,11,sell
7/03,2867,美好-泰山,5263,100,0,100,0.89,12,buy
7/03,2867,元大-新竹,9816,4,120,-116,1.04,12,sell
7/03,2867,康和,8450,100,0,100,0.89,13,buy
7/03,2867,華南永昌-豐原,9366,0,105,-105,0.94,13,sell
7/03,2867,凱基-岡山,9209,100,0,100,0.89,14,buy
7/03,2867,富邦-南京,0039003600310043,0,100,-100,0.89,14,sell
7/03,2867,統一-員林,0035003800350049,200,101,99,0.88,15,buy
7/03,2867,國泰-館前,0038003800380041,1,101,-100,0.89,15,sell
7/03,2449,華南永昌,9300,298,48,250,0.79,1,buy
7/03,2449,台灣摩根士丹利,1470,587,3850,-3263,10.32,1,sell
7/03,2449,國泰-敦南,8888,786,542,244,0.77,2,buy
7/03,2449,美商高盛,1480,1508,3031,-1523,4.82,2,sell
7/03,2449,富邦-台北,9623,288,48,240,0.76,3,buy
7/03,2449,凱基-台北,9268,1757,2897,-1140,3.6,3,sell
7/03,2449,港商麥格理,1360,195,13,182,0.58,4,buy
7/03,2449,美林,1440,486,1364,-878,2.78,4,sell
7/03,2449,元大-沙鹿,0039003800300064,187,21,166,0.52,5,buy
7/03,2449,摩根大通,8440,592,1408,-816,2.58,5,sell
7/03,2449,台新,0039004200300030,355,192,163,0.52,6,buy
7/03,2449,新加坡商瑞銀,1650,2102,2481,-379,1.2,6,sell
7/03,2449,富邦-陽明,9604,177,36,141,0.45,7,buy
7/03,2449,國票-敦北法人,0037003700390063,14,304,-290,0.92,7,sell
7/03,2449,永豐金證券,0039004100300030,502,374,128,0.4,8,buy
7/03,2449,群益金鼎-敦南,9101,5,285,-280,0.89,8,sell
7/03,2449,宏遠證券,1260,139,15,124,0.39,9,buy
7/03,2449,元大證券,9800,2443,2669,-226,0.71,9,sell
7/03,2449,合庫-自強,0031003000320043,98,4,94,0.3,10,buy
7/03,2449,港商野村,1560,25,212,-187,0.59,10,sell
7/03,2449,新光-桃園,8565,149,56,93,0.29,11,buy
7/03,2449,富邦證券,9600,980,1162,-182,0.58,11,sell
7/03,2449,新光,8560,284,192,92,0.29,12,buy
7/03,2449,花旗環球,1590,34,175,-141,0.45,12,sell
7/03,2449,永豐金-嘉義,003900410039006a,90,3,87,0.28,13,buy
7/03,2449,統一,5850,77,209,-132,0.42,13,sell
7/03,2449,元大-北屯,0039003800390064,80,11,69,0.22,14,buy
7/03,2449,凱基,9200,4,124,-120,0.38,14,sell
7/03,2449,凱基-桃園,9208,80,17,63,0.2,15,buy
7/03,2449,兆豐-寶成,0037003000300072,45,157,-112,0.35,15,sell
7/03,2886,中國信託,6160,4417,45,4372,20.05,1,buy
7/03,2886,台新-台北,0039004200320030,0,5500,-5500,25.22,1,sell
7/03,2886,摩根大通,8440,3494,1384,2110,9.68,2,buy
7/03,2886,凱基-台北,9268,1486,3145,-1659,7.61,2,sell
7/03,2886,永豐金證券,0039004100300030,2005,19,1986,9.11,3,buy
7/03,2886,美商高盛,1480,973,2478,-1505,6.9,3,sell
7/03,2886,新加坡商瑞銀,1650,1172,673,499,2.29,4,buy
7/03,2886,美林,1440,78,1549,-1471,6.75,4,sell
7/03,2886,土銀,1030,450,1,449,2.06,5,buy
7/03,2886,第一金,5380,9,805,-796,3.65,5,sell
7/03,2886,國泰證券,8880,336,15,321,1.47,6,buy
7/03,2886,凱基,9200,319,758,-439,2.01,6,sell
7/03,2886,元大證券,9800,1160,873,287,1.32,7,buy
7/03,2886,台灣摩根士丹利,1470,1085,1464,-379,1.74,7,sell
7/03,2886,花旗環球,1590,533,315,218,1.0,8,buy
7/03,2886,香港上海匯豐,8960,0,115,-115,0.53,8,sell
7/03,2886,華南永昌-頭份,9343,144,4,140,0.64,9,buy
7/03,2886,國票證券,7790,0,59,-59,0.27,9,sell
7/03,2886,華南永昌-忠孝,9325,102,0,102,0.47,10,buy
7/03,2886,大和國泰,8890,0,48,-48,0.22,10,sell
7/03,2886,福邦證券,6480,100,0,100,0.46,11,buy
7/03,2886,法銀巴黎,8900,34,68,-34,0.16,11,sell
7/03,2886,富隆證券,5110,100,0,100,0.46,12,buy
7/03,2886,港商野村,1560,1,33,-32,0.15,12,sell
7/03,2886,群益金鼎-忠孝,0039003100380057,131,31,100,0.46,13,buy
7/03,2886,元大-敦南,0039003800390050,0,31,-31,0.14,13,sell
7/03,2886,國泰-敦南,8888,112,41,71,0.33,14,buy
7/03,2886,元大-新盛,9869,0,30,-30,0.14,14,sell
7/03,2886,台新-緯城,0039004200320041,54,1,53,0.24,15,buy
7/03,2886,華南永昌-古亭,9309,0,30,-30,0.14,15,sell
7/03,1402,台灣摩根士丹利,1470,6488,569,5919,23.21,1,buy
7/03,1402,台中銀,6110,0,2000,-2000,7.84,1,sell
7/03,1402,美商高盛,1480,2786,1197,1589,6.23,2,buy
7/03,1402,國泰證券,8880,1500,2000,-500,1.96,2,sell
7/03,1402,富邦證券,9600,1032,33,999,3.92,3,buy
7/03,1402,元大-高雄,003900380031006d,6,495,-489,1.92,3,sell
7/03,1402,新加坡商瑞銀,1650,972,16,956,3.75,4,buy
7/03,1402,新光,8560,151,554,-403,1.58,4,sell
7/03,1402,美林,1440,1010,192,818,3.21,5,buy
7/03,1402,永全-南崁,6451,0,377,-377,1.48,5,sell
7/03,1402,元大證券,9800,1875,1089,786,3.08,6,buy
7/03,1402,國泰-敦南,8888,136,493,-357,1.4,6,sell
7/03,1402,台新,0039004200300030,625,199,426,1.67,7,buy
7/03,1402,群益金鼎-新莊,0039003100380047,0,271,-271,1.06,7,sell
7/03,1402,富邦-羅東,9634,355,11,344,1.35,8,buy
7/03,1402,凱基-台北,9268,1447,1705,-258,1.01,8,sell
7/03,1402,港商麥格理,1360,259,0,259,1.02,9,buy
7/03,1402,亞東,2180,33,265,-232,0.91,9,sell
7/03,1402,富隆證券,5110,200,0,200,0.78,10,buy
7/03,1402,永豐金-苓雅,0039004100390061,1,223,-222,0.87,10,sell
7/03,1402,元大-文心興安,9854,182,38,144,0.56,11,buy
7/03,1402,元大-大天母,9893,0,202,-202,0.79,11,sell
7/03,1402,永豐金-萬盛,0039004100390032,153,13,140,0.55,12,buy
7/03,1402,台新-台中,0039004200310068,27,222,-195,0.76,12,sell
7/03,1402,港商野村,1560,90,0,90,0.35,13,buy
7/03,1402,華南永昌-鳳山,9331,1,183,-182,0.71,13,sell
7/03,1402,富邦-新竹,9647,140,55,85,0.33,14,buy
7/03,1402,凱基-豐中,9223,0,172,-172,0.67,14,sell
7/03,1402,摩根大通,8440,835,753,82,0.32,15,buy
7/03,1402,元大-仁愛,003900380033006a,73,206,-133,0.52,15,sell
7/03,4904,富邦證券,9600,2784,1,2783,16.69,1,buy
7/03,4904,花旗環球,1590,155,3000,-2845,17.06,1,sell
7/03,4904,永豐金證券,0039004100300030,816,39,777,4.66,2,buy
7/03,4904,凱基-台北,9268,1430,3130,-1700,10.19,2,sell
7/03,4904,彰銀,1230,500,0,500,3.0,3,buy
7/03,4904,凱基,9200,1529,2200,-671,4.02,3,sell
7/03,4904,元大-大同,0039003800390047,441,0,441,2.64,4,buy
7/03,4904,亞東,2180,1,290,-289,1.73,4,sell
7/03,4904,群益金鼎,9100,421,21,400,2.4,5,buy
7/03,4904,合庫-台南,1022,36,271,-235,1.41,5,sell
7/03,4904,國泰證券,8880,400,0,400,2.4,6,buy
7/03,4904,大和國泰,8890,0,198,-198,1.19,6,sell
7/03,4904,永豐金-萬盛,0039004100390032,400,0,400,2.4,7,buy
7/03,4904,香港上海匯豐,8960,0,167,-167,1.0,7,sell
7/03,4904,台新-城東,0039004200320072,300,0,300,1.8,8,buy
7/03,4904,永豐金-永康,0039004100390063,370,482,-112,0.67,8,sell
7/03,4904,中國信託,6160,540,271,269,1.61,9,buy
7/03,4904,元大-民雄,0039003800310056,0,110,-110,0.66,9,sell
7/03,4904,華南永昌,9300,270,1,269,1.61,10,buy
7/03,4904,新光-高雄,8562,0,93,-93,0.56,10,sell
7/03,4904,統一,5850,152,6,146,0.88,11,buy
7/03,4904,美林,1440,147,234,-87,0.52,11,sell
7/03,4904,國票-和平,003700370039006a,100,0,100,0.6,12,buy
7/03,4904,台新-信義,0039004200320048,0,68,-68,0.41,12,sell
7/03,4904,台灣企銀-竹北,1117,50,0,50,0.3,13,buy
7/03,4904,(牛牛牛)亞-鑫豐,0036003000310064,78,146,-68,0.41,13,sell
7/03,4904,國票-敦北法人,0037003700390063,50,0,50,0.3,14,buy
7/03,4904,台灣摩根士丹利,1470,718,785,-67,0.4,14,sell
7/03,4904,元大證券,9800,749,701,48,0.29,15,buy
7/03,4904,美商高盛,1480,1695,1762,-67,0.4,15,sell
7/03,2880,永豐金證券,0039004100300030,4276,30,4246,25.88,1,buy
7/03,2880,摩根大通,8440,1539,2334,-795,4.85,1,sell
7/03,2880,美商高盛,1480,2930,102,2828,17.24,2,buy
7/03,2880,富邦證券,9600,254,943,-689,4.2,2,sell
7/03,2880,新加坡商瑞銀,1650,769,348,421,2.57,3,buy
7/03,2880,元大證券,9800,579,1134,-555,3.38,3,sell
7/03,2880,花旗環球,1590,487,254,233,1.42,4,buy
7/03,2880,凱基-台北,9268,1167,1615,-448,2.73,4,sell
7/03,2880,富隆證券,5110,104,0,104,0.63,5,buy
7/03,2880,華南永昌-高雄,9303,1,121,-120,0.73,5,sell
7/03,2880,土銀-玉里,1036,85,0,85,0.52,6,buy
7/03,2880,台灣摩根士丹利,1470,1331,1445,-114,0.69,6,sell
7/03,2880,凱基,9200,579,500,79,0.48,7,buy
7/03,2880,華南永昌-中正,9359,5,110,-105,0.64,7,sell
7/03,2880,凱基-市政,9239,40,3,37,0.23,8,buy
7/03,2880,元大-北屯,0039003800390064,0,101,-101,0.62,8,sell
7/03,2880,統一,5850,46,11,35,0.21,9,buy
7/03,2880,國泰-敦南,8888,54,151,-97,0.59,9,sell
7/03,2880,國票-敦北法人,0037003700390063,30,0,30,0.18,10,buy
7/03,2880,美林,1440,1141,1234,-93,0.57,10,sell
7/03,2880,港商野村,1560,88,61,27,0.16,11,buy
7/03,2880,國票證券,7790,11,92,-81,0.49,11,sell
7/03,2880,元大-屏東民生,0039003800310068,20,3,17,0.1,12,buy
7/03,2880,兆豐-西螺,0037003000300044,0,77,-77,0.47,12,sell
7/03,2880,富邦-苗栗,9657,22,5,17,0.1,13,buy
7/03,2880,群益金鼎-海山,9108,0,75,-75,0.46,13,sell
7/03,2880,台新-松德,0039004200320061,14,1,13,0.08,14,buy
7/03,2880,華南永昌,9300,4,75,-71,0.43,14,sell
7/03,2880,統一-台南,5855,20,10,10,0.06,15,buy
7/03,2880,元大-博愛,0039003800320042,0,70,-70,0.43,15,sell
7/03,2633,美商高盛,1480,1421,364,1057,13.03,1,buy
7/03,2633,國票-安和,003700370039005a,2,623,-621,7.66,1,sell
7/03,2633,元大證券,9800,957,239,718,8.85,2,buy
7/03,2633,元大-蘆洲,9857,0,401,-401,4.94,2,sell
7/03,2633,宏遠證券,1260,600,1,599,7.39,3,buy
7/03,2633,凱基-高美館,9215,0,101,-101,1.25,3,sell
7/03,2633,富邦證券,9600,525,1,524,6.46,4,buy
7/03,2633,台新,0039004200300030,2,96,-94,1.16,4,sell
7/03,2633,兆豐證券,7000,300,0,300,3.7,5,buy
7/03,2633,兆豐-城中,0037003000300057,0,91,-91,1.12,5,sell
7/03,2633,台灣摩根士丹利,1470,807,515,292,3.6,6,buy
7/03,2633,富邦-台中,003900360035004b,5,96,-91,1.12,6,sell
7/03,2633,摩根大通,8440,1094,846,248,3.06,7,buy
7/03,2633,港商野村,1560,0,86,-86,1.06,7,sell
7/03,2633,美林,1440,646,501,145,1.79,8,buy
7/03,2633,德信-新營,6913,0,70,-70,0.86,8,sell
7/03,2633,兆豐-公益,003700300030004a,100,0,100,1.23,9,buy
7/03,2633,臺銀-金山,0031003000340044,1,70,-69,0.85,9,sell
7/03,2633,永豐金-彰化,0039004100390073,100,3,97,1.2,10,buy
7/03,2633,台新-台中,0039004200310068,3,69,-66,0.81,10,sell
7/03,2633,凱基-台北,9268,298,207,91,1.12,11,buy
7/03,2633,國泰-敦南,8888,14,78,-64,0.79,11,sell
7/03,2633,元大-六合,0039003800320043,62,6,56,0.69,12,buy
7/03,2633,永豐金-北高雄,0039004100390072,0,59,-59,0.73,12,sell
7/03,2633,富邦-新竹,9647,65,12,53,0.65,13,buy
7/03,2633,凱基-彰化,0039003200300047,0,55,-55,0.68,13,sell
7/03,2633,兆豐-台中,7003,50,4,46,0.57,14,buy
7/03,2633,元大-內湖,003900380039004e,0,54,-54,0.67,14,sell
7/03,2633,國泰證券,8880,37,0,37,0.46,15,buy
7/03,2633,富邦-高雄,9659,2,54,-52,0.64,15,sell
7/03,2855,台灣摩根士丹利,1470,1443,71,1372,18.62,1,buy
7/03,2855,台新-新營,0039004200310031,0,232,-232,3.15,1,sell
7/03,2855,美商高盛,1480,931,100,831,11.28,2,buy
7/03,2855,國泰-敦南,8888,27,234,-207,2.81,2,sell
7/03,2855,統一,5850,720,33,687,9.33,3,buy
7/03,2855,元大-中壢,9834,3,164,-161,2.19,3,sell
7/03,2855,摩根大通,8440,647,236,411,5.58,4,buy
7/03,2855,臺銀-臺南,1042,0,100,-100,1.36,4,sell
7/03,2855,凱基-台北,9268,749,359,390,5.29,5,buy
7/03,2855,永豐金-萬盛,0039004100390032,0,92,-92,1.25,5,sell
7/03,2855,元大證券,9800,565,200,365,4.95,6,buy
7/03,2855,玉山證券,8840,5,91,-86,1.17,6,sell
7/03,2855,港商野村,1560,254,0,254,3.45,7,buy
7/03,2855,臺銀-高雄,0031003000340043,0,73,-73,0.99,7,sell
7/03,2855,新加坡商瑞銀,1650,132,8,124,1.68,8,buy
7/03,2855,元大-新營,9825,4,75,-71,0.96,8,sell
7/03,2855,凱基-高美館,9215,70,15,55,0.75,9,buy
7/03,2855,國泰-館前,0038003800380041,1,58,-57,0.77,9,sell
7/03,2855,中國信託-高雄,003600310036004b,51,0,51,0.69,10,buy
7/03,2855,台新-中壢,0039004200310079,2,58,-56,0.76,10,sell
7/03,2855,元大-蘆洲,9857,53,10,43,0.58,11,buy
7/03,2855,臺銀-金山,0031003000340044,0,53,-53,0.72,11,sell
7/03,2855,凱基-台南,9211,45,3,42,0.57,12,buy
7/03,2855,元大-永和,9891,0,51,-51,0.69,12,sell
7/03,2855,富邦-七賢,003900360031004b,69,35,34,0.46,13,buy
7/03,2855,富邦-嘉義,9692,4,55,-51,0.69,13,sell
7/03,2855,元大-學甲,003900380033004b,30,1,29,0.39,14,buy
7/03,2855,玉山-士林,0038003800340041,0,50,-50,0.68,14,sell
7/03,2855,凱基-高雄,9206,32,5,27,0.37,15,buy
7/03,2855,元大-復北,9872,0,50,-50,0.68,15,sell
7/03,3706,永豐金證券,0039004100300030,4373,154,4219,17.0,1,buy
7/03,3706,摩根大通,8440,8,2900,-2892,11.65,1,sell
7/03,3706,富邦-建國,9658,333,11,322,1.3,2,buy
7/03,3706,台灣摩根士丹利,1470,167,1931,-1764,7.11,2,sell
7/03,3706,台新-大裕,003900420032006c,271,9,262,1.06,3,buy
7/03,3706,美林,1440,97,1400,-1303,5.25,3,sell
7/03,3706,康和,8450,234,8,226,0.91,4,buy
7/03,3706,凱基-台北,9268,1257,2248,-991,3.99,4,sell
7/03,3706,國泰-敦南,8888,417,223,194,0.78,5,buy
7/03,3706,新加坡商瑞銀,1650,251,1142,-891,3.59,5,sell
7/03,3706,玉山-新莊,8842,206,14,192,0.77,6,buy
7/03,3706,美商高盛,1480,19,746,-727,2.93,6,sell
7/03,3706,元大-復北,9872,177,24,153,0.62,7,buy
7/03,3706,元大證券,9800,586,1276,-690,2.78,7,sell
7/03,3706,富邦-仁愛,9676,180,29,151,0.61,8,buy
7/03,3706,華南永昌-大安,9307,10,589,-579,2.33,8,sell
7/03,3706,國票-台中,0037003700390076,126,1,125,0.5,9,buy
7/03,3706,富邦證券,9600,177,632,-455,1.83,9,sell
7/03,3706,國泰-高雄,8881,170,52,118,0.48,10,buy
7/03,3706,港商野村,1560,6,434,-428,1.72,10,sell
7/03,3706,富邦-陽明,9604,137,20,117,0.47,11,buy
7/03,3706,花旗環球,1590,101,523,-422,1.7,11,sell
7/03,3706,元大-雙和,9874,134,18,116,0.47,12,buy
7/03,3706,凱基-三重,9205,21,317,-296,1.19,12,sell
7/03,3706,國票-北高雄,003700370039004a,122,9,113,0.46,13,buy
7/03,3706,群益金鼎,9100,71,342,-271,1.09,13,sell
7/03,3706,陽信,8710,122,9,113,0.46,14,buy
7/03,3706,國泰證券,8880,29,209,-180,0.73,14,sell
7/03,3706,新光,8560,209,103,106,0.43,15,buy
7/03,3706,凱基-台南,9211,99,261,-162,0.65,15,sell
7/03,2312,台灣摩根士丹利,1470,957,403,554,3.52,1,buy
7/03,2312,凱基-台北,9268,666,1809,-1143,7.27,1,sell
7/03,2312,元大證券,9800,2088,1812,276,1.76,2,buy
7/03,2312,富邦-南京,0039003600310043,4,1006,-1002,6.37,2,sell
7/03,2312,兆豐-高雄,003700300030005a,269,5,264,1.68,3,buy
7/03,2312,元大-鹿港,0039003800390053,19,355,-336,2.14,3,sell
7/03,2312,港商野村,1560,223,0,223,1.42,4,buy
7/03,2312,凱基-八德,003900320031004d,12,300,-288,1.83,4,sell
7/03,2312,華南永昌-竹北,9339,190,0,190,1.21,5,buy
7/03,2312,第一金-員林,5381,1,210,-209,1.33,5,sell
7/03,2312,凱基-東勢,0039003200310059,155,2,153,0.97,6,buy
7/03,2312,凱基-竹科,9272,13,166,-153,0.97,6,sell
7/03,2312,凱基-松山,9217,159,9,150,0.95,7,buy
7/03,2312,國票-中和,0037003700390058,3,149,-146,0.93,7,sell
7/03,2312,新加坡商瑞銀,1650,164,16,148,0.94,8,buy
7/03,2312,富邦-竹科,0039003600320043,6,133,-127,0.81,8,sell
7/03,2312,第一金-新竹,0035003300380042,141,1,140,0.89,9,buy
7/03,2312,台新-台南,0039004200310036,10,115,-105,0.67,9,sell
7/03,2312,元大-雙和,9874,113,4,109,0.69,10,buy
7/03,2312,美商高盛,1480,475,578,-103,0.66,10,sell
7/03,2312,元大-台南,9896,104,7,97,0.62,11,buy
7/03,2312,台新-草屯,0039004200320058,5,97,-92,0.59,11,sell
7/03,2312,富邦-仁愛,9676,101,17,84,0.53,12,buy
7/03,2312,台新-台中,0039004200310068,36,85,-49,0.31,12,sell
7/03,2312,國票-北投,7792,130,50,80,0.51,13,buy
7/03,2312,元大-林森,0039003800330042,2,51,-49,0.31,13,sell
7/03,2312,第一金-台南,5384,79,4,75,0.48,14,buy
7/03,2312,凱基-市政,9239,10,55,-45,0.29,14,sell
7/03,2312,新光,8560,202,135,67,0.43,15,buy
7/03,2312,富邦-二林,0039003600320042,4,49,-45,0.29,15,sell
7/03,2105,台灣摩根士丹利,1470,4522,62,4460,15.9,1,buy
7/03,2105,華南永昌-中正,9359,1,5738,-5737,20.45,1,sell
7/03,2105,美商高盛,1480,3808,962,2846,10.14,2,buy
7/03,2105,國泰-敦南,8888,151,796,-645,2.3,2,sell
7/03,2105,摩根大通,8440,3300,598,2702,9.63,3,buy
7/03,2105,凱基-台北,9268,1240,1722,-482,1.72,3,sell
7/03,2105,新加坡商瑞銀,1650,2728,505,2223,7.92,4,buy
7/03,2105,中國信託,6160,43,421,-378,1.35,4,sell
7/03,2105,花旗環球,1590,662,28,634,2.26,5,buy
7/03,2105,永豐金證券,0039004100300030,230,598,-368,1.31,5,sell
7/03,2105,港商野村,1560,570,26,544,1.94,6,buy
7/03,2105,臺銀,1040,12,315,-303,1.08,6,sell
7/03,2105,美林,1440,505,27,478,1.7,7,buy
7/03,2105,華南永昌-南京,9326,1,302,-301,1.07,7,sell
7/03,2105,國票-九鼎,0037003700390050,502,24,478,1.7,8,buy
7/03,2105,新光,8560,41,273,-232,0.83,8,sell
7/03,2105,群益金鼎-台南,9185,310,10,300,1.07,9,buy
7/03,2105,國票-博愛,003700370039007a,16,245,-229,0.82,9,sell
7/03,2105,元大-台中,9812,302,7,295,1.05,10,buy
7/03,2105,華南永昌-大甲,9315,1,230,-229,0.82,10,sell
7/03,2105,第一金-台南,5384,257,8,249,0.89,11,buy
7/03,2105,第一金-新興,0035003300380041,1,229,-228,0.81,11,sell
7/03,2105,元大證券,9800,1298,1083,215,0.77,12,buy
7/03,2105,第一金,5380,0,212,-212,0.76,12,sell
7/03,2105,永豐金-台中,003900410039004c,213,26,187,0.67,13,buy
7/03,2105,元大-虎尾,003900380030006c,65,246,-181,0.65,13,sell
7/03,2105,元大-太平,0039003800310051,156,16,140,0.5,14,buy
7/03,2105,華南永昌-朴子,9329,6,177,-171,0.61,14,sell
7/03,2105,華南永昌,9300,217,116,101,0.36,15,buy
7/03,2105,第一金-路竹,0035003300380050,1,167,-166,0.59,15,sell
7/03,6282,第一金,5380,705,1,704,5.94,1,buy
7/03,6282,國泰-館前,0038003800380041,27,221,-194,1.64,1,sell
7/03,6282,元大證券,9800,1221,1027,194,1.64,2,buy
7/03,6282,新光,8560,46,181,-135,1.14,2,sell
7/03,6282,美商高盛,1480,712,522,190,1.6,3,buy
7/03,6282,國票-天祥,0037003700390056,2,116,-114,0.96,3,sell
7/03,6282,元大-大雅,0039003800330069,170,23,147,1.24,4,buy
7/03,6282,美林,1440,72,181,-109,0.92,4,sell
7/03,6282,凱基-台北,9268,945,848,97,0.82,5,buy
7/03,6282,永豐金-松山,0039004100390031,14,121,-107,0.9,5,sell
7/03,6282,華南永昌-基隆,9322,71,2,69,0.58,6,buy
7/03,6282,新加坡商瑞銀,1650,2,105,-103,0.87,6,sell
7/03,6282,華南永昌-台中,9302,83,22,61,0.51,7,buy
7/03,6282,富邦-台北,9623,23,109,-86,0.73,7,sell
7/03,6282,富邦-新竹,9647,90,33,57,0.48,8,buy
7/03,6282,摩根大通,8440,123,205,-82,0.69,8,sell
7/03,6282,花旗環球,1590,57,0,57,0.48,9,buy
7/03,6282,元大-館前,003900380034004b,16,98,-82,0.69,9,sell
7/03,6282,台新-城東,0039004200320072,77,20,57,0.48,10,buy
7/03,6282,群益金鼎-建成,003900310038004c,4,65,-61,0.51,10,sell
7/03,6282,台灣摩根士丹利,1470,490,441,49,0.41,11,buy
7/03,6282,元大-仁愛,003900380033006a,15,75,-60,0.51,11,sell
7/03,6282,第一金-嘉義,003500330038004d,51,4,47,0.4,12,buy
7/03,6282,台新-世貿,0039004200320075,8,58,-50,0.42,12,sell
7/03,6282,元大-竹科,003900380030004b,43,2,41,0.35,13,buy
7/03,6282,永全-南崁,6451,3,51,-48,0.4,13,sell
7/03,6282,元大-四維,9831,42,5,37,0.31,14,buy
7/03,6282,國泰-敦南,8888,228,273,-45,0.38,14,sell
7/03,6282,群益金鼎,9100,99,63,36,0.3,15,buy
7/03,6282,新光-新竹,8563,29,72,-43,0.36,15,sell
7/03,5876,富邦證券,9600,350,0,350,5.3,1,buy
7/03,5876,美商高盛,1480,732,1840,-1108,16.79,1,sell
7/03,5876,摩根大通,8440,576,261,315,4.77,2,buy
7/03,5876,花旗環球,1590,145,1071,-926,14.03,2,sell
7/03,5876,美林,1440,310,34,276,4.18,3,buy
7/03,5876,元大-永康,9829,20,220,-200,3.03,3,sell
7/03,5876,凱基,9200,210,0,210,3.18,4,buy
7/03,5876,台中銀-豐原,0036003100310041,0,51,-51,0.77,4,sell
7/03,5876,台灣摩根士丹利,1470,881,679,202,3.06,5,buy
7/03,5876,中國信託-文心,6164,2,50,-48,0.73,5,sell
7/03,5876,新加坡商瑞銀,1650,314,115,199,3.01,6,buy
7/03,5876,台新-建北,0039004200310038,1,48,-47,0.71,6,sell
7/03,5876,永豐金證券,0039004100300030,198,7,191,2.89,7,buy
7/03,5876,兆豐-民生,0037003000300063,0,30,-30,0.45,7,sell
7/03,5876,元大證券,9800,404,243,161,2.44,8,buy
7/03,5876,華南永昌-古亭,9309,3,32,-29,0.44,8,sell
7/03,5876,台新,0039004200300030,161,4,157,2.38,9,buy
7/03,5876,國泰-新莊,8886,0,28,-28,0.42,9,sell
7/03,5876,元大-太平,0039003800310051,48,0,48,0.73,10,buy
7/03,5876,群益金鼎-台中,9184,16,40,-24,0.36,10,sell
7/03,5876,元大-樹林,003900380039006a,50,2,48,0.73,11,buy
7/03,5876,元大-大雅,0039003800330069,0,24,-24,0.36,11,sell
7/03,5876,合庫證券,1020,50,5,45,0.68,12,buy
7/03,5876,港商野村,1560,3,27,-24,0.36,12,sell
7/03,5876,群益金鼎-南京,0039003100380045,40,0,40,0.61,13,buy
7/03,5876,永豐金-敦南,0039004100380046,0,22,-22,0.33,13,sell
7/03,5876,凱基-台北,9268,707,668,39,0.59,14,buy
7/03,5876,台新-台中,0039004200310068,11,32,-21,0.32,14,sell
7/03,5876,中國信託,6160,35,0,35,0.53,15,buy
7/03,5876,合庫-三重,0031003000320047,0,20,-20,0.3,15,sell
7/03,2845,美商高盛,1480,2392,620,1772,15.19,1,buy
7/03,2845,台新,0039004200300030,211,1194,-983,8.43,1,sell
7/03,2845,台灣摩根士丹利,1470,1751,419,1332,11.42,2,buy
7/03,2845,華南永昌-南京,9326,0,327,-327,2.8,2,sell
7/03,2845,凱基-台北,9268,1899,962,937,8.03,3,buy
7/03,2845,國泰-館前,0038003800380041,67,308,-241,2.07,3,sell
7/03,2845,新加坡商瑞銀,1650,733,11,722,6.19,4,buy
7/03,2845,元大-板橋,0039003800390043,0,200,-200,1.71,4,sell
7/03,2845,富邦證券,9600,533,0,533,4.57,5,buy
7/03,2845,新光-新竹,8563,346,514,-168,1.44,5,sell
7/03,2845,富邦-新板,0039003600310048,400,5,395,3.39,6,buy
7/03,2845,元大證券,9800,671,812,-141,1.21,6,sell
7/03,2845,摩根大通,8440,351,125,226,1.94,7,buy
7/03,2845,第一金-彰化,5386,0,133,-133,1.14,7,sell
7/03,2845,元大-鳳山,003900380033005a,150,1,149,1.28,8,buy
7/03,2845,第一金-自由,0035003300380045,0,131,-131,1.12,8,sell
7/03,2845,元大-太平,0039003800310051,100,0,100,0.86,9,buy
7/03,2845,新光,8560,126,244,-118,1.01,9,sell
7/03,2845,元大-大天母,9893,87,0,87,0.75,10,buy
7/03,2845,富邦-台北,9623,70,180,-110,0.94,10,sell
7/03,2845,第一金-大稻埕,0035003300380046,78,0,78,0.67,11,buy
7/03,2845,元大-左營,0039003800390044,0,110,-110,0.94,11,sell
7/03,2845,花旗環球,1590,123,52,71,0.61,12,buy
7/03,2845,聯邦證券,8580,0,101,-101,0.87,12,sell
7/03,2845,美好-蘆洲,5261,75,5,70,0.6,13,buy
7/03,2845,永豐金-台中,003900410039004c,0,101,-101,0.87,13,sell
7/03,2845,元大-大里德芳,0039003800330057,53,0,53,0.45,14,buy
7/03,2845,富邦-花蓮,9621,0,100,-100,0.86,14,sell
7/03,2845,新光-桃園,8565,50,0,50,0.43,15,buy
7/03,2845,元大-新店中正,0039003800340043,0,100,-100,0.86,15,sell
7/03,2408,富邦-新店,9661,2090,359,1731,2.8,1,buy
7/03,2408,美林,1440,908,5557,-4649,7.53,1,sell
7/03,2408,凱基,9200,1931,256,1675,2.71,2,buy
7/03,2408,美商高盛,1480,2232,6562,-4330,7.01,2,sell
7/03,2408,台灣摩根士丹利,1470,4156,2640,1516,2.46,3,buy
7/03,2408,摩根大通,8440,470,3485,-3015,4.88,3,sell
7/03,2408,康和,8450,1459,9,1450,2.35,4,buy
7/03,2408,港商麥格理,1360,13,2515,-2502,4.05,4,sell
7/03,2408,統一-新竹,5857,1317,416,901,1.46,5,buy
7/03,2408,元大證券,9800,5189,6146,-957,1.55,5,sell
7/03,2408,華南永昌,9300,1134,497,637,1.03,6,buy
7/03,2408,凱基-台北,9268,2785,3680,-895,1.45,6,sell
7/03,2408,新加坡商瑞銀,1650,1240,612,628,1.02,7,buy
7/03,2408,元大-土城永寧,9875,45,848,-803,1.3,7,sell
7/03,2408,第一金-自由,0035003300380045,601,15,586,0.95,8,buy
7/03,2408,永豐金證券,0039004100300030,739,1098,-359,0.58,8,sell
7/03,2408,新光,8560,894,331,563,0.91,9,buy
7/03,2408,凱基-斗六,9281,15,259,-244,0.4,9,sell
7/03,2408,中國信託,6160,645,99,546,0.88,10,buy
7/03,2408,花旗環球,1590,39,274,-235,0.38,10,sell
7/03,2408,國泰證券,8880,506,8,498,0.81,11,buy
7/03,2408,法銀巴黎,8900,0,213,-213,0.35,11,sell
7/03,2408,第一金,5380,366,50,316,0.51,12,buy
7/03,2408,國泰-忠孝,8887,116,296,-180,0.29,12,sell
7/03,2408,台新,0039004200300030,498,240,258,0.42,13,buy
7/03,2408,第一金-忠孝,0035003300380044,36,183,-147,0.24,13,sell
7/03,2408,統一-新台中,0035003800350044,177,17,160,0.26,14,buy
7/03,2408,元大-新生,0039003800310058,17,141,-124,0.2,14,sell
7/03,2408,兆豐-大同,0037003000300053,191,40,151,0.24,15,buy
7/03,2408,台新-吉利,0039004200320057,21,119,-98,0.16,15,sell
7/03,2542,凱基-台北,9268,1160,237,923,11.78,1,buy
7/03,2542,國泰-敦南,8888,86,439,-353,4.5,1,sell
7/03,2542,美商高盛,1480,1624,847,777,9.91,2,buy
7/03,2542,臺銀,1040,0,244,-244,3.11,2,sell
7/03,2542,台灣摩根士丹利,1470,1007,234,773,9.86,3,buy
7/03,2542,玉山-台南,8847,7,212,-205,2.62,3,sell
7/03,2542,港商野村,1560,520,0,520,6.63,4,buy
7/03,2542,合庫證券,1020,31,193,-162,2.07,4,sell
7/03,2542,元大-大統,003900380031007a,423,5,418,5.33,5,buy
7/03,2542,新光-台南,8564,1,161,-160,2.04,5,sell
7/03,2542,富邦證券,9600,342,3,339,4.33,6,buy
7/03,2542,新光,8560,6,162,-156,1.99,6,sell
7/03,2542,新加坡商瑞銀,1650,279,22,257,3.28,7,buy
7/03,2542,陽信-高雄,8713,8,142,-134,1.71,7,sell
7/03,2542,永豐金證券,0039004100300030,205,16,189,2.41,8,buy
7/03,2542,元大證券,9800,51,147,-96,1.22,8,sell
7/03,2542,摩根大通,8440,254,69,185,2.36,9,buy
7/03,2542,華南永昌-東勢,9358,0,81,-81,1.03,9,sell
7/03,2542,美林,1440,181,10,171,2.18,10,buy
7/03,2542,富邦-新竹,9647,3,67,-64,0.82,10,sell
7/03,2542,統一-士林,003500380035004d,114,30,84,1.07,11,buy
7/03,2542,台新-台北,0039004200320030,0,64,-64,0.82,11,sell
7/03,2542,國泰證券,8880,65,0,65,0.83,12,buy
7/03,2542,華南永昌,9300,4,68,-64,0.82,12,sell
7/03,2542,永豐金-板新,003900410039004a,64,0,64,0.82,13,buy
7/03,2542,國泰-館前,0038003800380041,8,68,-60,0.77,13,sell
7/03,2542,元大-蘆洲中正,0039003800390049,60,11,49,0.63,14,buy
7/03,2542,永全-南崁,6451,10,66,-56,0.71,14,sell
7/03,2542,華南永昌-朴子,9329,43,2,41,0.52,15,buy
7/03,2542,中國信託,6160,5,60,-55,0.7,15,sell
7/03,1216,台灣摩根士丹利,1470,4301,12,4289,26.62,1,buy
7/03,1216,國票-敦北法人,0037003700390063,7,1403,-1396,8.66,1,sell
7/03,1216,美商高盛,1480,1906,329,1577,9.79,2,buy
7/03,1216,福邦證券,6480,0,551,-551,3.42,2,sell
7/03,1216,台新,0039004200300030,1305,60,1245,7.73,3,buy
7/03,1216,統一,5850,4,475,-471,2.92,3,sell
7/03,1216,凱基-台北,9268,1571,530,1041,6.46,4,buy
7/03,1216,凱基-豐中,9223,1,400,-399,2.48,4,sell
7/03,1216,國泰證券,8880,1003,66,937,5.82,5,buy
7/03,1216,中國信託,6160,20,392,-372,2.31,5,sell
7/03,1216,摩根大通,8440,1063,149,914,5.67,6,buy
7/03,1216,玉山證券,8840,20,242,-222,1.38,6,sell
7/03,1216,新加坡商瑞銀,1650,1123,577,546,3.39,7,buy
7/03,1216,玉山-高雄,8843,1,198,-197,1.22,7,sell
7/03,1216,元大證券,9800,770,561,209,1.3,8,buy
7/03,1216,元大-草屯,0039003800390045,3,191,-188,1.17,8,sell
7/03,1216,美林,1440,692,487,205,1.27,9,buy
7/03,1216,合庫-台南,1022,0,186,-186,1.15,9,sell
7/03,1216,花旗環球,1590,319,128,191,1.19,10,buy
7/03,1216,富邦證券,9600,23,208,-185,1.15,10,sell
7/03,1216,合庫證券,1020,152,10,142,0.88,11,buy
7/03,1216,第一金-澎湖,5387,0,183,-183,1.14,11,sell
7/03,1216,永豐金證券,0039004100300030,160,53,107,0.66,12,buy
7/03,1216,群益金鼎-竹南,0039003100380069,0,183,-183,1.14,12,sell
7/03,1216,港商野村,1560,136,46,90,0.56,13,buy
7/03,1216,凱基,9200,122,300,-178,1.1,13,sell
7/03,1216,華南永昌,9300,237,162,75,0.47,14,buy
7/03,1216,國泰-敦南,8888,24,180,-156,0.97,14,sell
7/03,1216,第一金,5380,51,0,51,0.32,15,buy
7/03,1216,國泰-台中,8882,6,153,-147,0.91,15,sell
7/03,2347,群益金鼎,9100,3761,51,3710,39.9,1,buy
7/03,2347,台灣摩根士丹利,1470,346,1934,-1588,17.08,1,sell
7/03,2347,凱基,9200,1261,0,1261,13.56,2,buy
7/03,2347,摩根大通,8440,304,1708,-1404,15.1,2,sell
7/03,2347,香港上海匯豐,8960,638,40,598,6.43,3,buy
7/03,2347,美林,1440,85,772,-687,7.39,3,sell
7/03,2347,台新,0039004200300030,450,54,396,4.26,4,buy
7/03,2347,美商高盛,1480,147,707,-560,6.02,4,sell
7/03,2347,華南永昌,9300,260,2,258,2.77,5,buy
7/03,2347,凱基-台北,9268,347,662,-315,3.39,5,sell
7/03,2347,永豐金證券,0039004100300030,179,11,168,1.81,6,buy
7/03,2347,花旗環球,1590,47,196,-149,1.6,6,sell
7/03,2347,國泰證券,8880,155,15,140,1.51,7,buy
7/03,2347,新加坡商瑞銀,1650,56,187,-131,1.41,7,sell
7/03,2347,群益金鼎-大安,0039003100380065,20,0,20,0.22,8,buy
7/03,2347,元大證券,9800,434,531,-97,1.04,8,sell
7/03,2347,元大-蘆洲中正,0039003800390049,20,1,19,0.2,9,buy
7/03,2347,國泰-敦南,8888,7,84,-77,0.83,9,sell
7/03,2347,國票證券,7790,26,10,16,0.17,10,buy
7/03,2347,凱基-高美館,9215,0,54,-54,0.58,10,sell
7/03,2347,富邦證券,9600,15,0,15,0.16,11,buy
7/03,2347,凱基-新豐,9266,0,50,-50,0.54,11,sell
7/03,2347,元大-汐止,0039003800390051,17,2,15,0.16,12,buy
7/03,2347,元大-內湖,003900380039004e,2,49,-47,0.51,12,sell
7/03,2347,玉山-高雄,8843,10,0,10,0.11,13,buy
7/03,2347,新光,8560,9,52,-43,0.46,13,sell
7/03,2347,玉山-左營,0038003800340044,11,2,9,0.1,14,buy
7/03,2347,統一-基隆,0035003800350041,1,41,-40,0.43,14,sell
7/03,2347,富邦-高雄,9659,10,2,8,0.09,15,buy
7/03,2347,元大-士林,003900380031006a,0,36,-36,0.39,15,sell
7/03,5871,美商高盛,1480,1217,464,753,13.04,1,buy
7/03,5871,凱基,9200,24,921,-897,15.54,1,sell
7/03,5871,台灣摩根士丹利,1470,1207,465,742,12.85,2,buy
7/03,5871,花旗環球,1590,49,395,-346,5.99,2,sell
7/03,5871,新加坡商瑞銀,1650,526,66,460,7.97,3,buy
7/03,5871,華南永昌,9300,0,314,-314,5.44,3,sell
7/03,5871,凱基-台北,9268,465,143,322,5.58,4,buy
7/03,5871,群益金鼎,9100,21,248,-227,3.93,4,sell
7/03,5871,國泰證券,8880,129,0,129,2.23,5,buy
7/03,5871,元大證券,9800,195,335,-140,2.42,5,sell
7/03,5871,永豐金證券,0039004100300030,129,31,98,1.7,6,buy
7/03,5871,永豐金-市政,0039004100390057,1,106,-105,1.82,6,sell
7/03,5871,港商麥格理,1360,90,0,90,1.56,7,buy
7/03,5871,富邦-新莊,0039003600320044,0,55,-55,0.95,7,sell
7/03,5871,美林,1440,80,0,80,1.39,8,buy
7/03,5871,國泰-敦南,8888,16,69,-53,0.92,8,sell
7/03,5871,港商野村,1560,69,3,66,1.14,9,buy
7/03,5871,元大-文心興安,9854,0,50,-50,0.87,9,sell
7/03,5871,凱基-永和,9207,55,2,53,0.92,10,buy
7/03,5871,兆豐-台中港,7005,1,50,-49,0.85,10,sell
7/03,5871,元大-福營,0039003800310046,50,0,50,0.87,11,buy
7/03,5871,台新-屏新,0039004200320071,0,45,-45,0.78,11,sell
7/03,5871,台新-新莊,0039004200310039,50,2,48,0.83,12,buy
7/03,5871,台灣企銀-豐原,1118,0,40,-40,0.69,12,sell
7/03,5871,凱基-士林,9238,32,1,31,0.54,13,buy
7/03,5871,台新-台中,0039004200310068,0,30,-30,0.52,13,sell
7/03,5871,元大-三民,0039003800390046,24,2,22,0.38,14,buy
7/03,5871,中國信託,6160,5,34,-29,0.5,14,sell
7/03,5871,台新-高雄,0039004200310067,25,3,22,0.38,15,buy
7/03,5871,華南永昌-台中,9302,1,30,-29,0.5,15,sell
7/03,2377,凱基,9200,1230,0,1230,13.08,1,buy
7/03,2377,美林,1440,7,505,-498,5.29,1,sell
7/03,2377,富邦證券,9600,941,122,819,8.71,2,buy
7/03,2377,摩根大通,8440,148,434,-286,3.04,2,sell
7/03,2377,港商野村,1560,728,33,695,7.39,3,buy
7/03,2377,花旗環球,1590,5,220,-215,2.29,3,sell
7/03,2377,統一,5850,509,31,478,5.08,4,buy
7/03,2377,台灣摩根士丹利,1470,89,273,-184,1.96,4,sell
7/03,2377,華南永昌,9300,264,13,251,2.67,5,buy
7/03,2377,凱基-台北,9268,485,659,-174,1.85,5,sell
7/03,2377,香港上海匯豐,8960,207,0,207,2.2,6,buy
7/03,2377,國泰-敦南,8888,88,218,-130,1.38,6,sell
7/03,2377,元大證券,9800,446,329,117,1.24,7,buy
7/03,2377,群益金鼎,9100,44,128,-84,0.89,7,sell
7/03,2377,新光,8560,105,57,48,0.51,8,buy
7/03,2377,大昌-樹林,6461,1,76,-75,0.8,8,sell
7/03,2377,富邦-中壢,9636,60,17,43,0.46,9,buy
7/03,2377,台新,0039004200300030,17,89,-72,0.77,9,sell
7/03,2377,國票-桃園,0037003700390072,39,1,38,0.4,10,buy
7/03,2377,美好-蘆洲,5261,4,75,-71,0.75,10,sell
7/03,2377,國泰-館前,0038003800380041,55,22,33,0.35,11,buy
7/03,2377,台新-台中,0039004200310068,30,101,-71,0.75,11,sell
7/03,2377,元大-斗信,9884,37,7,30,0.32,12,buy
7/03,2377,美商高盛,1480,365,435,-70,0.74,12,sell
7/03,2377,永豐金證券,0039004100300030,44,17,27,0.29,13,buy
7/03,2377,元大-路竹,0039003800310043,3,73,-70,0.74,13,sell
7/03,2377,群益金鼎-東大,9135,25,4,21,0.22,14,buy
7/03,2377,亞東,2180,2,68,-66,0.7,14,sell
7/03,2377,華南永昌-鳳山,9331,21,3,18,0.19,15,buy
7/03,2377,華南永昌-潮州,9328,2,62,-60,0.64,15,sell
7/03,4938,港商野村,1560,832,0,832,9.26,1,buy
7/03,4938,富邦證券,9600,4,3498,-3494,38.87,1,sell
7/03,4938,新加坡商瑞銀,1650,663,19,644,7.17,2,buy
7/03,4938,統一,5850,21,375,-354,3.94,2,sell
7/03,4938,美商高盛,1480,1059,500,559,6.22,3,buy
7/03,4938,摩根大通,8440,167,450,-283,3.15,3,sell
7/03,4938,花旗環球,1590,559,63,496,5.52,4,buy
7/03,4938,元大-中和,0039003800390065,0,202,-202,2.25,4,sell
7/03,4938,凱基-台北,9268,884,392,492,5.47,5,buy
7/03,4938,第一金-路竹,0035003300380050,1,113,-112,1.25,5,sell
7/03,4938,元大證券,9800,804,338,466,5.18,6,buy
7/03,4938,第一金-忠孝,0035003300380044,0,60,-60,0.67,6,sell
7/03,4938,美林,1440,503,180,323,3.59,7,buy
7/03,4938,統一-敦南,5852,21,71,-50,0.56,7,sell
7/03,4938,台灣摩根士丹利,1470,839,531,308,3.43,8,buy
7/03,4938,合庫-高雄,1023,1,36,-35,0.39,8,sell
7/03,4938,玉山-大里,003800380034004a,87,2,85,0.95,9,buy
7/03,4938,國泰-板橋,003800380038004b,46,75,-29,0.32,9,sell
7/03,4938,凱基,9200,64,0,64,0.71,10,buy
7/03,4938,玉山-高雄,8843,2,30,-28,0.31,10,sell
7/03,4938,華南永昌-三重,9369,53,0,53,0.59,11,buy
7/03,4938,新光,8560,12,38,-26,0.29,11,sell
7/03,4938,元大-中山北路,0039003800300061,62,10,52,0.58,12,buy
7/03,4938,元大-大直,9846,2,21,-19,0.21,12,sell
7/03,4938,永豐金-台中,003900410039004c,44,5,39,0.43,13,buy
7/03,4938,群益金鼎,9100,13,32,-19,0.21,13,sell
7/03,4938,元大-新竹經國,9859,40,2,38,0.42,14,buy
7/03,4938,聯邦-忠孝,8583,0,18,-18,0.2,14,sell
7/03,4938,國票-中和,0037003700390058,40,2,38,0.42,15,buy
7/03,4938,法銀巴黎,8900,7,25,-18,0.2,15,sell
7/03,2885,美商高盛,1480,5305,417,4888,26.8,1,buy
7/03,2885,凱基,9200,428,4360,-3932,21.56,1,sell
7/03,2885,富邦證券,9600,1980,3,1977,10.84,2,buy
7/03,2885,摩根大通,8440,1608,2408,-800,4.39,2,sell
7/03,2885,中國信託,6160,1861,12,1849,10.14,3,buy
7/03,2885,台灣摩根士丹利,1470,479,970,-491,2.69,3,sell
7/03,2885,新加坡商瑞銀,1650,1442,829,613,3.36,4,buy
7/03,2885,凱基-台北,9268,691,1061,-370,2.03,4,sell
7/03,2885,元大證券,9800,1209,662,547,3.0,5,buy
7/03,2885,元大-崇德,0039003800310053,2,302,-300,1.64,5,sell
7/03,2885,港商麥格理,1360,335,36,299,1.64,6,buy
7/03,2885,永豐金-忠孝,0039004100390044,0,208,-208,1.14,6,sell
7/03,2885,美林,1440,326,107,219,1.2,7,buy
7/03,2885,國泰-敦南,8888,24,196,-172,0.94,7,sell
7/03,2885,永豐金證券,0039004100300030,274,74,200,1.1,8,buy
7/03,2885,華南永昌,9300,1,144,-143,0.78,8,sell
7/03,2885,台新-三民,0039004200310033,102,9,93,0.51,9,buy
7/03,2885,元大-台北,0039003800300068,44,171,-127,0.7,9,sell
7/03,2885,群益金鼎,9100,154,70,84,0.46,10,buy
7/03,2885,凱基-市府,0039003200300044,0,120,-120,0.66,10,sell
7/03,2885,永豐金-匯立,0039004100380031,84,0,84,0.46,11,buy
7/03,2885,兆豐-南京,0037003000300050,0,102,-102,0.56,11,sell
7/03,2885,花旗環球,1590,430,354,76,0.42,12,buy
7/03,2885,元大-北屯,0039003800390064,2,103,-101,0.55,12,sell
7/03,2885,元大-大里,0039003800310067,101,26,75,0.41,13,buy
7/03,2885,(牛牛牛)亞證券,6010,0,100,-100,0.55,13,sell
7/03,2885,港商野村,1560,56,0,56,0.31,14,buy
7/03,2885,(牛牛牛)亞-鑫豐,0036003000310064,1,85,-84,0.46,14,sell
7/03,2885,台新-屏新,0039004200320071,41,0,41,0.22,15,buy
7/03,2885,群益金鼎-北高雄,0039003100330052,0,80,-80,0.44,15,sell
7/03,6005,美商高盛,1480,1581,78,1503,17.73,1,buy
7/03,6005,凱基,9200,0,2534,-2534,29.89,1,sell
7/03,6005,台灣摩根士丹利,1470,1258,78,1180,13.92,2,buy
7/03,6005,國票-敦北法人,0037003700390063,0,1000,-1000,11.8,2,sell
7/03,6005,摩根大通,8440,1042,93,949,11.19,3,buy
7/03,6005,凱基-松山,9217,0,129,-129,1.52,3,sell
7/03,6005,凱基-台北,9268,904,422,482,5.69,4,buy
7/03,6005,元大證券,9800,211,338,-127,1.5,4,sell
7/03,6005,新加坡商瑞銀,1650,478,44,434,5.12,5,buy
7/03,6005,群益金鼎-南京,0039003100380045,0,108,-108,1.27,5,sell
7/03,6005,美林,1440,93,20,73,0.86,6,buy
7/03,6005,富邦-新莊,0039003600320044,2,108,-106,1.25,6,sell
7/03,6005,永豐金-南投,003900410039004d,72,0,72,0.85,7,buy
7/03,6005,元大-南勢角,0039003800340045,0,104,-104,1.23,7,sell
7/03,6005,凱基-虎尾,9236,76,6,70,0.83,8,buy
7/03,6005,永豐金-中正,0039004100390055,1,56,-55,0.65,8,sell
7/03,6005,台新-新營,0039004200310031,70,8,62,0.73,9,buy
7/03,6005,致和-東門,7035,0,50,-50,0.59,9,sell
7/03,6005,群益金鼎-敦南,9101,60,4,56,0.66,10,buy
7/03,6005,華南永昌-台中,9302,2,51,-49,0.58,10,sell
7/03,6005,致和-金華,7034,50,3,47,0.55,11,buy
7/03,6005,兆豐-台中,7003,1,45,-44,0.52,11,sell
7/03,6005,凱基-文心,9297,44,0,44,0.52,12,buy
7/03,6005,元大-汐止,0039003800390051,1,44,-43,0.51,12,sell
7/03,6005,兆豐-忠孝,0037003000300061,51,11,40,0.47,13,buy
7/03,6005,兆豐-寶成,0037003000300072,0,41,-41,0.48,13,sell
7/03,6005,第一金-頭份,0035003300380049,50,10,40,0.47,14,buy
7/03,6005,大昌-桃園,6465,0,40,-40,0.47,14,sell
7/03,6005,凱基-高雄,9206,37,0,37,0.44,15,buy
7/03,6005,元大-樹林,003900380039006a,1,41,-40,0.47,15,sell
7/03,3036,凱基,9200,282,0,282,3.66,1,buy
7/03,3036,元大證券,9800,422,2323,-1901,24.64,1,sell
7/03,3036,美商高盛,1480,752,526,226,2.93,2,buy
7/03,3036,港商麥格理,1360,0,480,-480,6.22,2,sell
7/03,3036,元大-佳里,0039003800310065,181,0,181,2.35,3,buy
7/03,3036,凱基-台北,9268,200,578,-378,4.9,3,sell
7/03,3036,元大-信義安和,0039003800300052,156,0,156,2.02,4,buy
7/03,3036,新加坡商瑞銀,1650,488,611,-123,1.59,4,sell
7/03,3036,元大-中崙,9813,156,1,155,2.01,5,buy
7/03,3036,台灣摩根士丹利,1470,368,445,-77,1.0,5,sell
7/03,3036,摩根大通,8440,325,208,117,1.52,6,buy
7/03,3036,永豐金證券,0039004100300030,37,107,-70,0.91,6,sell
7/03,3036,元大-四維,9831,103,0,103,1.34,7,buy
7/03,3036,元大-沙鹿,0039003800300064,7,62,-55,0.71,7,sell
7/03,3036,花旗環球,1590,98,13,85,1.1,8,buy
7/03,3036,元大-桃興,9894,1,53,-52,0.67,8,sell
7/03,3036,國泰-敦南,8888,133,48,85,1.1,9,buy
7/03,3036,美林,1440,147,197,-50,0.65,9,sell
7/03,3036,台新-大昌,0039004200320044,67,7,60,0.78,10,buy
7/03,3036,統一,5850,12,56,-44,0.57,10,sell
7/03,3036,新光,8560,95,35,60,0.78,11,buy
7/03,3036,華南永昌-楠梓,9332,1,31,-30,0.39,11,sell
7/03,3036,兆豐-新營,003700300030004b,61,2,59,0.76,12,buy
7/03,3036,富邦-羅東,9634,8,32,-24,0.31,12,sell
7/03,3036,宏遠證券,1260,58,1,57,0.74,13,buy
7/03,3036,高橋,5320,4,25,-21,0.27,13,sell
7/03,3036,台新,0039004200300030,54,8,46,0.6,14,buy
7/03,3036,群益金鼎-台中,9184,1,22,-21,0.27,14,sell
7/03,3036,國泰-板橋,003800380038004b,45,7,38,0.49,15,buy
7/03,3036,富邦-宜蘭,9686,3,24,-21,0.27,15,sell
7/03,6176,美商高盛,1480,1714,139,1575,19.72,1,buy
7/03,6176,華南永昌,9300,10,2130,-2120,26.55,1,sell
7/03,6176,新加坡商瑞銀,1650,1025,12,1013,12.68,2,buy
7/03,6176,凱基,9200,9,728,-719,9.0,2,sell
7/03,6176,台灣摩根士丹利,1470,732,78,654,8.19,3,buy
7/03,6176,合庫證券,1020,1,642,-641,8.03,3,sell
7/03,6176,美林,1440,404,17,387,4.85,4,buy
7/03,6176,國票-敦北法人,0037003700390063,0,301,-301,3.77,4,sell
7/03,6176,永豐金-彰化,0039004100390073,353,2,351,4.4,5,buy
7/03,6176,兆豐證券,7000,0,150,-150,1.88,5,sell
7/03,6176,元大證券,9800,558,284,274,3.43,6,buy
7/03,6176,凱基-台北,9268,247,350,-103,1.29,6,sell
7/03,6176,摩根大通,8440,259,113,146,1.83,7,buy
7/03,6176,富邦-板橋,9655,8,104,-96,1.2,7,sell
7/03,6176,台新-新莊,0039004200310039,103,2,101,1.26,8,buy
7/03,6176,元大-大同,0039003800390047,0,45,-45,0.56,8,sell
7/03,6176,凱基-竹科,9272,72,0,72,0.9,9,buy
7/03,6176,富邦-台南,9667,2,47,-45,0.56,9,sell
7/03,6176,元大-西螺,0039003800310069,50,6,44,0.55,10,buy
7/03,6176,元大-內湖民權,9867,1,36,-35,0.44,10,sell
7/03,6176,聯邦-忠孝,8583,38,0,38,0.48,11,buy
7/03,6176,永豐金-高雄,0039004100390065,1,35,-34,0.43,11,sell
7/03,6176,光和-花壇,6385,32,2,30,0.38,12,buy
7/03,6176,國泰-桃園,8885,13,45,-32,0.4,12,sell
7/03,6176,凱基-永康,9278,30,1,29,0.36,13,buy
7/03,6176,國泰-敦南,8888,40,71,-31,0.39,13,sell
7/03,6176,永豐金-匯立,0039004100380031,28,0,28,0.35,14,buy
7/03,6176,華南永昌-古亭,9309,0,30,-30,0.38,14,sell
7/03,6176,統一-宜蘭,0035003800350053,26,0,26,0.33,15,buy
7/03,6176,元大-新莊,9898,10,39,-29,0.36,15,sell
7/03,2353,摩根大通,8440,3553,1148,2405,8.11,1,buy
7/03,2353,富邦證券,9600,315,7671,-7356,24.79,1,sell
7/03,2353,美商高盛,1480,2642,1135,1507,5.08,2,buy
7/03,2353,台新,0039004200300030,29,1264,-1235,4.16,2,sell
7/03,2353,台灣摩根士丹利,1470,2161,766,1395,4.7,3,buy
7/03,2353,元大-彰化民生,003900380039004a,8,702,-694,2.34,3,sell
7/03,2353,新加坡商瑞銀,1650,1855,615,1240,4.18,4,buy
7/03,2353,統一,5850,273,728,-455,1.53,4,sell
7/03,2353,國泰證券,8880,693,126,567,1.91,5,buy
7/03,2353,港商野村,1560,108,501,-393,1.32,5,sell
7/03,2353,花旗環球,1590,463,49,414,1.4,6,buy
7/03,2353,富邦-陽明,9604,18,310,-292,0.98,6,sell
7/03,2353,元大證券,9800,1430,1023,407,1.37,7,buy
7/03,2353,元大-新莊,9898,19,178,-159,0.54,7,sell
7/03,2353,玉山-新莊,8842,383,13,370,1.25,8,buy
7/03,2353,凱基-板橋,0039003200300041,3,122,-119,0.4,8,sell
7/03,2353,新光,8560,642,316,326,1.1,9,buy
7/03,2353,台新-彰化,003900420032004d,17,133,-116,0.39,9,sell
7/03,2353,群益金鼎,9100,441,116,325,1.1,10,buy
7/03,2353,元大-士林,003900380031006a,25,139,-114,0.38,10,sell
7/03,2353,凱基-市政,9239,293,21,272,0.92,11,buy
7/03,2353,凱基-桃園,9208,11,124,-113,0.38,11,sell
7/03,2353,美林,1440,392,169,223,0.75,12,buy
7/03,2353,凱基-員林,9231,0,112,-112,0.38,12,sell
7/03,2353,富邦-竹科,0039003600320043,209,0,209,0.7,13,buy
7/03,2353,凱基-新店,0039003200300056,2,100,-98,0.33,13,sell
7/03,2353,永豐金-敦南,0039004100380046,202,4,198,0.67,14,buy
7/03,2353,玉山-士林,0038003800340041,10,85,-75,0.25,14,sell
7/03,2353,富邦-敦南,9663,304,106,198,0.67,15,buy
7/03,2353,元大-桃園,0039003800380042,18,90,-72,0.24,15,sell
7/03,6239,美商高盛,1480,2022,469,1553,8.5,1,buy
7/03,6239,元大證券,9800,1309,4137,-2828,15.48,1,sell
7/03,6239,台灣摩根士丹利,1470,1518,570,948,5.19,2,buy
7/03,6239,新加坡商瑞銀,1650,399,580,-181,0.99,2,sell
7/03,6239,國泰證券,8880,579,22,557,3.05,3,buy
7/03,6239,凱基-湖口,003900320030004e,5,104,-99,0.54,3,sell
7/03,6239,摩根大通,8440,948,425,523,2.86,4,buy
7/03,6239,港商野村,1560,25,112,-87,0.48,4,sell
7/03,6239,凱基-台北,9268,1337,1036,301,1.65,5,buy
7/03,6239,凱基-站前,0039003200300046,43,130,-87,0.48,5,sell
7/03,6239,美林,1440,534,350,184,1.01,6,buy
7/03,6239,國泰-敦南,8888,337,400,-63,0.34,6,sell
7/03,6239,富邦證券,9600,403,243,160,0.88,7,buy
7/03,6239,康和-石牌,0038003400350052,6,46,-40,0.22,7,sell
7/03,6239,國票-安和,003700370039005a,177,26,151,0.83,8,buy
7/03,6239,新光,8560,91,130,-39,0.21,8,sell
7/03,6239,華南永昌,9300,187,48,139,0.76,9,buy
7/03,6239,凱基-永和,9207,1,37,-36,0.2,9,sell
7/03,6239,永豐金證券,0039004100300030,223,142,81,0.44,10,buy
7/03,6239,台灣企銀-豐原,1118,1,33,-32,0.18,10,sell
7/03,6239,統一,5850,131,73,58,0.32,11,buy
7/03,6239,元大-三峽,0039003800310041,2,31,-29,0.16,11,sell
7/03,6239,富邦-嘉義,9692,74,17,57,0.31,12,buy
7/03,6239,玉山-桃園,0038003800340046,11,39,-28,0.15,12,sell
7/03,6239,富邦-青埔,003900360031004e,56,7,49,0.27,13,buy
7/03,6239,凱基-松山,9217,36,63,-27,0.15,13,sell
7/03,6239,台新-新店,0039004200320032,58,11,47,0.26,14,buy
7/03,6239,台新-信義,0039004200320048,18,43,-25,0.14,14,sell
7/03,6239,元大-桃園,0039003800380042,63,18,45,0.25,15,buy
7/03,6239,華南永昌-南京,9326,33,58,-25,0.14,15,sell
7/03,2301,美商高盛,1480,2675,737,1938,11.42,1,buy
7/03,2301,大和國泰,8890,0,1049,-1049,6.18,1,sell
7/03,2301,凱基,9200,431,15,416,2.45,2,buy
7/03,2301,元大證券,9800,1243,2054,-811,4.78,2,sell
7/03,2301,台灣摩根士丹利,1470,1520,1128,392,2.31,3,buy
7/03,2301,國票-安和,003700370039005a,30,641,-611,3.6,3,sell
7/03,2301,港商野村,1560,230,5,225,1.33,4,buy
7/03,2301,新加坡商瑞銀,1650,620,1148,-528,3.11,4,sell
7/03,2301,富邦證券,9600,605,474,131,0.77,5,buy
7/03,2301,國票-敦北法人,0037003700390063,4,464,-460,2.71,5,sell
7/03,2301,元大-館前,003900380034004b,109,2,107,0.63,6,buy
7/03,2301,兆豐證券,7000,21,440,-419,2.47,6,sell
7/03,2301,康和,8450,101,0,101,0.6,7,buy
7/03,2301,永豐金證券,0039004100300030,296,607,-311,1.83,7,sell
7/03,2301,國泰-敦南,8888,248,170,78,0.46,8,buy
7/03,2301,摩根大通,8440,518,823,-305,1.8,8,sell
7/03,2301,華南永昌,9300,84,14,70,0.41,9,buy
7/03,2301,凱基-台北,9268,534,759,-225,1.33,9,sell
7/03,2301,中國信託,6160,65,4,61,0.36,10,buy
7/03,2301,香港上海匯豐,8960,0,220,-220,1.3,10,sell
7/03,2301,富邦-陽明,9604,63,10,53,0.31,11,buy
7/03,2301,國泰證券,8880,47,257,-210,1.24,11,sell
7/03,2301,群益金鼎-大甲,0039003100380067,50,2,48,0.28,12,buy
7/03,2301,花旗環球,1590,66,263,-197,1.16,12,sell
7/03,2301,華南永昌-大甲,9315,39,0,39,0.23,13,buy
7/03,2301,美林,1440,184,356,-172,1.01,13,sell
7/03,2301,元大-北三重,0039003800390056,48,10,38,0.22,14,buy
7/03,2301,國票-長城,0037003700390075,7,178,-171,1.01,14,sell
7/03,2301,新光,8560,88,55,33,0.19,15,buy
7/03,2301,大昌-樹林,6461,11,101,-90,0.53,15,sell
7/03,6147,凱基,9200,1339,101,1238,4.25,1,buy
7/03,6147,大和國泰,8890,0,890,-890,3.06,1,sell
7/03,6147,兆豐-台中,7003,239,14,225,0.77,2,buy
7/03,6147,凱基-台北,9268,1800,2574,-774,2.66,2,sell
7/03,6147,台灣摩根士丹利,1470,946,755,191,0.66,3,buy
7/03,6147,美商高盛,1480,988,1686,-698,2.4,3,sell
7/03,6147,國泰-敦南,8888,879,710,169,0.58,4,buy
7/03,6147,凱基-站前,0039003200300046,140,750,-610,2.09,4,sell
7/03,6147,永豐金-敦南,0039004100380046,227,71,156,0.54,5,buy
7/03,6147,元大證券,9800,2329,2811,-482,1.65,5,sell
7/03,6147,凱基-中港,9202,167,35,132,0.45,6,buy
7/03,6147,摩根大通,8440,308,777,-469,1.61,6,sell
7/03,6147,華南永昌,9300,145,30,115,0.39,7,buy
7/03,6147,富邦證券,9600,606,980,-374,1.28,7,sell
7/03,6147,統一-南京,0035003800350055,103,2,101,0.35,8,buy
7/03,6147,國泰證券,8880,162,406,-244,0.84,8,sell
7/03,6147,兆豐-忠孝,0037003000300061,125,26,99,0.34,9,buy
7/03,6147,宏遠證券,1260,18,194,-176,0.6,9,sell
7/03,6147,富邦-木柵,003900360031004d,130,38,92,0.32,10,buy
7/03,6147,凱基-信義,9216,187,360,-173,0.59,10,sell
7/03,6147,國泰-台中,8882,222,138,84,0.29,11,buy
7/03,6147,新加坡商瑞銀,1650,248,377,-129,0.44,11,sell
7/03,6147,康和-高雄,003800340035004a,98,18,80,0.27,12,buy
7/03,6147,華南永昌-中正,9359,6,118,-112,0.38,12,sell
7/03,6147,元大-虎尾,003900380030006c,89,11,78,0.27,13,buy
7/03,6147,元大-土城永寧,9875,39,143,-104,0.36,13,sell
7/03,6147,國泰-忠孝,8887,99,29,70,0.24,14,buy
7/03,6147,新光-桃園,8565,54,155,-101,0.35,14,sell
7/03,6147,元大-淡水,9899,91,23,68,0.23,15,buy
7/03,6147,台新-新店,0039004200320032,11,112,-101,0.35,15,sell
7/03,2006,大和國泰,8890,320,0,320,15.44,1,buy
7/03,2006,摩根大通,8440,72,319,-247,11.92,1,sell
7/03,2006,國票-敦北法人,0037003700390063,180,0,180,8.68,2,buy
7/03,2006,台灣摩根士丹利,1470,82,274,-192,9.26,2,sell
7/03,2006,永豐金證券,0039004100300030,172,2,170,8.2,3,buy
7/03,2006,國泰證券,8880,0,136,-136,6.56,3,sell
7/03,2006,花旗環球,1590,138,13,125,6.03,4,buy
7/03,2006,港商野村,1560,0,70,-70,3.38,4,sell
7/03,2006,兆豐證券,7000,90,2,88,4.25,5,buy
7/03,2006,合庫證券,1020,1,61,-60,2.89,5,sell
7/03,2006,美商高盛,1480,252,185,67,3.23,6,buy
7/03,2006,台灣企銀-岡山,1119,0,40,-40,1.93,6,sell
7/03,2006,凱基-台北,9268,171,108,63,3.04,7,buy
7/03,2006,群益金鼎-東門,0039003100380044,7,33,-26,1.25,7,sell
7/03,2006,香港上海匯豐,8960,50,0,50,2.41,8,buy
7/03,2006,新加坡商瑞銀,1650,89,113,-24,1.16,8,sell
7/03,2006,元大證券,9800,57,32,25,1.21,9,buy
7/03,2006,群益金鼎-崇德,0039003100330055,0,20,-20,0.96,9,sell
7/03,2006,富邦證券,9600,15,2,13,0.63,10,buy
7/03,2006,美林,1440,2,20,-18,0.87,10,sell
7/03,2006,元大-中崙,9813,10,0,10,0.48,11,buy
7/03,2006,大昌-新店,6464,0,12,-12,0.58,11,sell
7/03,2006,永豐金-匯立,0039004100380031,10,0,10,0.48,12,buy
7/03,2006,玉山-新莊,8842,0,12,-12,0.58,12,sell
7/03,2006,玉山-台中,0038003800340042,8,0,8,0.39,13,buy
7/03,2006,宏遠證券,1260,0,10,-10,0.48,13,sell
7/03,2006,華南永昌-竹北,9339,5,0,5,0.24,14,buy
7/03,2006,兆豐-三民,0037003000300068,0,10,-10,0.48,14,sell
7/03,2006,富邦-嘉義,9692,5,0,5,0.24,15,buy
7/03,2006,華南永昌-大安,9307,0,10,-10,0.48,15,sell
7/03,9907,台灣摩根士丹利,1470,1603,16,1587,30.59,1,buy
7/03,9907,第一金,5380,0,500,-500,9.64,1,sell
7/03,9907,新加坡商瑞銀,1650,854,0,854,16.46,2,buy
7/03,9907,合庫證券,1020,1,456,-455,8.77,2,sell
7/03,9907,美商高盛,1480,618,43,575,11.08,3,buy
7/03,9907,元大證券,9800,259,560,-301,5.8,3,sell
7/03,9907,凱基-台北,9268,437,85,352,6.78,4,buy
7/03,9907,元大-善化,0039003800310079,0,300,-300,5.78,4,sell
7/03,9907,美林,1440,218,36,182,3.51,5,buy
7/03,9907,摩根大通,8440,132,359,-227,4.38,5,sell
7/03,9907,華南永昌-基隆,9322,100,1,99,1.91,6,buy
7/03,9907,富邦-陽明,9604,1,117,-116,2.24,6,sell
7/03,9907,群益金鼎-東大,9135,77,0,77,1.48,7,buy
7/03,9907,統一-新營,0035003800350045,0,110,-110,2.12,7,sell
7/03,9907,中國信託-松江,6167,51,1,50,0.96,8,buy
7/03,9907,台灣企銀-嘉義,1114,0,100,-100,1.93,8,sell
7/03,9907,國泰-敦南,8888,56,24,32,0.62,9,buy
7/03,9907,永豐金-天母,0039004100390047,1,90,-89,1.72,9,sell
7/03,9907,玉山證券,8840,31,0,31,0.6,10,buy
7/03,9907,國票-南科,0037003700390065,0,73,-73,1.41,10,sell
7/03,9907,台新-林園,0039004200320037,26,5,21,0.4,11,buy
7/03,9907,第一金-台中,5382,0,66,-66,1.27,11,sell
7/03,9907,台新-新竹,0039004200320047,18,0,18,0.35,12,buy
7/03,9907,群益金鼎-台中,9184,0,65,-65,1.25,12,sell
7/03,9907,凱基-內埔,9225,16,0,16,0.31,13,buy
7/03,9907,永豐金-苓雅,0039004100390061,0,60,-60,1.16,13,sell
7/03,9907,元大-南京,9862,20,4,16,0.31,14,buy
7/03,9907,富邦-屏東,0039003600310059,0,51,-51,0.98,14,sell
7/03,9907,康和-永和,0038003400350042,17,2,15,0.29,15,buy
7/03,9907,富邦-永和,9654,40,90,-50,0.96,15,sell
7/03,6919,群益金鼎,9100,1049,49,1000,18.81,1,buy
7/03,6919,台灣摩根士丹利,1470,40,557,-517,9.73,1,sell
7/03,6919,凱基-台北,9268,475,322,153,2.88,2,buy
7/03,6919,元大-永和,9891,3,194,-191,3.59,2,sell
7/03,6919,宏遠證券,1260,184,94,90,1.69,3,buy
7/03,6919,美商高盛,1480,237,337,-100,1.88,3,sell
7/03,6919,摩根大通,8440,194,121,73,1.37,4,buy
7/03,6919,台新-台中,0039004200310068,20,99,-79,1.49,4,sell
7/03,6919,統一,5850,48,1,47,0.88,5,buy
7/03,6919,永全-八德,6452,1,73,-72,1.35,5,sell
7/03,6919,臺銀-高雄,0031003000340043,49,5,44,0.83,6,buy
7/03,6919,華南永昌-三重,9369,3,59,-56,1.05,6,sell
7/03,6919,康和-台北,0038003400350055,44,5,39,0.73,7,buy
7/03,6919,國泰-敦南,8888,148,203,-55,1.03,7,sell
7/03,6919,台新-敦南,0039004200320051,26,1,25,0.47,8,buy
7/03,6919,國泰-松江,8883,3,55,-52,0.98,8,sell
7/03,6919,國票-台中,0037003700390076,35,10,25,0.47,9,buy
7/03,6919,永豐金-桃園,0039004100390078,8,56,-48,0.9,9,sell
7/03,6919,玉山-新莊,8842,40,16,24,0.45,10,buy
7/03,6919,元大證券,9800,193,236,-43,0.81,10,sell
7/03,6919,富邦-台北,9623,31,8,23,0.43,11,buy
7/03,6919,美林,1440,29,71,-42,0.79,11,sell
7/03,6919,富邦-港都,0039003600320051,24,3,21,0.4,12,buy
7/03,6919,元大-南勢角,0039003800340045,0,40,-40,0.75,12,sell
7/03,6919,台新-同大,0039004200320050,20,0,20,0.38,13,buy
7/03,6919,元大-福營,0039003800310046,8,39,-31,0.58,13,sell
7/03,6919,富邦-敦南,9663,28,9,19,0.36,14,buy
7/03,6919,群益金鼎-中壢,0039003100380041,7,34,-27,0.51,14,sell
7/03,6919,元大-文心,9868,22,3,19,0.36,15,buy
7/03,6919,兆豐-新營,003700300030004b,0,24,-24,0.45,15,sell
7/03,8070,凱基,9200,670,0,670,13.38,1,buy
7/03,8070,新加坡商瑞銀,1650,9,637,-628,12.54,1,sell
7/03,8070,富邦證券,9600,435,33,402,8.03,2,buy
7/03,8070,美商高盛,1480,127,589,-462,9.22,2,sell
7/03,8070,統一,5850,385,14,371,7.41,3,buy
7/03,8070,台灣摩根士丹利,1470,8,415,-407,8.13,3,sell
7/03,8070,台新-大昌,0039004200320044,216,1,215,4.29,4,buy
7/03,8070,摩根大通,8440,93,437,-344,6.87,4,sell
7/03,8070,元大-成功,003900380039004c,92,8,84,1.68,5,buy
7/03,8070,玉山-台南,8847,7,72,-65,1.3,5,sell
7/03,8070,第一金-澎湖,5387,41,3,38,0.76,6,buy
7/03,8070,玉山-新竹,0038003800340048,3,48,-45,0.9,6,sell
7/03,8070,元大-大里,0039003800310067,46,9,37,0.74,7,buy
7/03,8070,凱基-桃園,9208,0,34,-34,0.68,7,sell
7/03,8070,聯邦-興中,8587,31,0,31,0.62,8,buy
7/03,8070,富邦-左營,0039003600360046,11,43,-32,0.64,8,sell
7/03,8070,新百王,6210,31,2,29,0.58,9,buy
7/03,8070,凱基-台北,9268,199,230,-31,0.62,9,sell
7/03,8070,國泰-敦南,8888,96,71,25,0.5,10,buy
7/03,8070,美好-富順,003500320036004b,1,26,-25,0.5,10,sell
7/03,8070,高橋-龍潭,5321,26,1,25,0.5,11,buy
7/03,8070,統一-板橋,0035003800350050,0,25,-25,0.5,11,sell
7/03,8070,永豐金證券,0039004100300030,29,8,21,0.42,12,buy
7/03,8070,元大證券,9800,259,284,-25,0.5,12,sell
7/03,8070,華南永昌,9300,28,8,20,0.4,13,buy
7/03,8070,群益金鼎-東大,9135,6,30,-24,0.48,13,sell
7/03,8070,台新-建北,0039004200310038,20,0,20,0.4,14,buy
7/03,8070,凱基-三重,9205,0,24,-24,0.48,14,sell
7/03,8070,兆豐-新營,003700300030004b,19,0,19,0.38,15,buy
7/03,8070,富邦-台南,9667,3,26,-23,0.46,15,sell
7/03,2441,凱基,9200,215,10,205,4.08,1,buy
7/03,2441,新加坡商瑞銀,1650,15,232,-217,4.32,1,sell
7/03,2441,摩根大通,8440,215,57,158,3.15,2,buy
7/03,2441,台灣摩根士丹利,1470,157,295,-138,2.75,2,sell
7/03,2441,美商高盛,1480,327,170,157,3.13,3,buy
7/03,2441,台新-新營,0039004200310031,0,101,-101,2.01,3,sell
7/03,2441,第一金-桃園,5385,101,3,98,1.95,4,buy
7/03,2441,台新-台南,0039004200310036,9,58,-49,0.98,4,sell
7/03,2441,群益金鼎-丹鳳,0039003100380073,101,5,96,1.91,5,buy
7/03,2441,元大-蘆洲,9857,10,59,-49,0.98,5,sell
7/03,2441,元大證券,9800,457,363,94,1.87,6,buy
7/03,2441,元大-館前,003900380034004b,2,41,-39,0.78,6,sell
7/03,2441,美林,1440,50,0,50,1.0,7,buy
7/03,2441,富邦-南港,0039003600320041,13,51,-38,0.76,7,sell
7/03,2441,兆豐-高雄,003700300030005a,34,4,30,0.6,8,buy
7/03,2441,元大-大雅,0039003800330069,20,58,-38,0.76,8,sell
7/03,2441,元大-內湖民權,9867,30,3,27,0.54,9,buy
7/03,2441,元大-高雄,003900380031006d,4,34,-30,0.6,9,sell
7/03,2441,元大-彰化民生,003900380039004a,29,2,27,0.54,10,buy
7/03,2441,台新-新竹,0039004200320047,2,28,-26,0.52,10,sell
7/03,2441,群益金鼎-新竹,9186,26,0,26,0.52,11,buy
7/03,2441,富邦-嘉義,9692,4,26,-22,0.44,11,sell
7/03,2441,台新,0039004200300030,97,72,25,0.5,12,buy
7/03,2441,富邦-新板,0039003600310048,3,24,-21,0.42,12,sell
7/03,2441,華南永昌-楠梓,9332,24,1,23,0.46,13,buy
7/03,2441,富邦-中壢,9636,7,28,-21,0.42,13,sell
7/03,2441,元大-敦化,9833,22,0,22,0.44,14,buy
7/03,2441,第一金-中壢,0035003300380059,0,20,-20,0.4,14,sell
7/03,2441,國泰-敦南,8888,89,69,20,0.4,15,buy
7/03,2441,康和-仁愛,0038003400350046,0,20,-20,0.4,15,sell
7/03,6757,港商野村,1560,176,2,174,7.57,1,buy
7/03,6757,凱基-台北,9268,55,305,-250,10.87,1,sell
7/03,6757,大昌-安康,6462,150,0,150,6.52,2,buy
7/03,6757,台灣摩根士丹利,1470,63,288,-225,9.79,2,sell
7/03,6757,永豐金-北高雄,0039004100390072,90,0,90,3.91,3,buy
7/03,6757,新加坡商瑞銀,1650,74,187,-113,4.92,3,sell
7/03,6757,美商高盛,1480,349,299,50,2.17,4,buy
7/03,6757,康和-台北,0038003400350055,0,100,-100,4.35,4,sell
7/03,6757,臺銀-高雄,0031003000340043,45,2,43,1.87,5,buy
7/03,6757,摩根大通,8440,83,161,-78,3.39,5,sell
7/03,6757,元大-汐止,0039003800390051,41,0,41,1.78,6,buy
7/03,6757,凱基-三多,9275,0,63,-63,2.74,6,sell
7/03,6757,群益金鼎-屏東,0039003100330048,36,1,35,1.52,7,buy
7/03,6757,群益金鼎-西松,9136,20,60,-40,1.74,7,sell
7/03,6757,台新-屏新,0039004200320071,28,0,28,1.22,8,buy
7/03,6757,華南永昌-長虹,9333,0,36,-36,1.57,8,sell
7/03,6757,臺銀-臺南,1042,26,0,26,1.13,9,buy
7/03,6757,富邦-彰化,0039003600350055,1,30,-29,1.26,9,sell
7/03,6757,台新-埔里,0039004200320059,20,0,20,0.87,10,buy
7/03,6757,美林,1440,19,44,-25,1.09,10,sell
7/03,6757,富邦-中壢,9636,31,12,19,0.83,11,buy
7/03,6757,永豐金-新竹,0039004100390037,0,25,-25,1.09,11,sell
7/03,6757,統一-屏東,5859,17,2,15,0.65,12,buy
7/03,6757,群益金鼎-市府,0039003100300044,0,24,-24,1.04,12,sell
7/03,6757,兆豐-來福,0037003000300043,15,0,15,0.65,13,buy
7/03,6757,元大證券,9800,27,43,-16,0.7,13,sell
7/03,6757,新光,8560,36,21,15,0.65,14,buy
7/03,6757,群益金鼎-竹南,0039003100380069,0,16,-16,0.7,14,sell
7/03,6757,凱基-台南,9211,14,0,14,0.61,15,buy
7/03,6757,凱基-站前,0039003200300046,2,15,-13,0.57,15,sell
7/03,2385,台灣摩根士丹利,1470,1321,192,1129,18.25,1,buy
7/03,2385,元大證券,9800,422,1421,-999,16.15,1,sell
7/03,2385,永豐金-敦南,0039004100380046,601,0,601,9.72,2,buy
7/03,2385,凱基,9200,10,853,-843,13.63,2,sell
7/03,2385,新加坡商瑞銀,1650,556,114,442,7.15,3,buy
7/03,2385,合庫證券,1020,5,551,-546,8.83,3,sell
7/03,2385,美商高盛,1480,459,159,300,4.85,4,buy
7/03,2385,台灣企銀,1110,6,519,-513,8.29,4,sell
7/03,2385,港商野村,1560,229,73,156,2.52,5,buy
7/03,2385,群益金鼎-三重,0039003100330067,1,90,-89,1.44,5,sell
7/03,2385,花旗環球,1590,150,34,116,1.88,6,buy
7/03,2385,凱基-台北,9268,445,497,-52,0.84,6,sell
7/03,2385,美林,1440,95,2,93,1.5,7,buy
7/03,2385,第一金,5380,0,50,-50,0.81,7,sell
7/03,2385,凱基-信義,9216,70,0,70,1.13,8,buy
7/03,2385,國泰-館前,0038003800380041,4,42,-38,0.61,8,sell
7/03,2385,元大-新莊,9898,43,0,43,0.7,9,buy
7/03,2385,新光-台南,8564,3,39,-36,0.58,9,sell
7/03,2385,永豐金證券,0039004100300030,36,4,32,0.52,10,buy
7/03,2385,新光-台中,8561,18,50,-32,0.52,10,sell
7/03,2385,元大-內湖,003900380039004e,22,0,22,0.36,11,buy
7/03,2385,群益金鼎-高盛,9105,0,31,-31,0.5,11,sell
7/03,2385,永豐金-敦北,0039004100380039,20,0,20,0.32,12,buy
7/03,2385,永全證券,6450,0,16,-16,0.26,12,sell
7/03,2385,富邦證券,9600,37,18,19,0.31,13,buy
7/03,2385,第一金-澎湖,5387,4,18,-14,0.23,13,sell
7/03,2385,元大-善化,0039003800310079,18,0,18,0.29,14,buy
7/03,2385,國票-桃園,0037003700390072,0,11,-11,0.18,14,sell
7/03,2385,康和-內湖,0038003400350041,18,1,17,0.27,15,buy
7/03,2385,元大-大甲,0039003800390055,1,12,-11,0.18,15,sell
7/03,1319,台灣摩根士丹利,1470,381,181,200,7.72,1,buy
7/03,1319,康和,8450,0,380,-380,14.68,1,sell
7/03,1319,花旗環球,1590,141,1,140,5.41,2,buy
7/03,1319,永豐金證券,0039004100300030,7,373,-366,14.14,2,sell
7/03,1319,凱基-台北,9268,146,45,101,3.9,3,buy
7/03,1319,元大證券,9800,39,137,-98,3.79,3,sell
7/03,1319,新加坡商瑞銀,1650,91,2,89,3.44,4,buy
7/03,1319,合庫-三重,0031003000320047,0,81,-81,3.13,4,sell
7/03,1319,美商高盛,1480,203,138,65,2.51,5,buy
7/03,1319,美林,1440,5,59,-54,2.09,5,sell
7/03,1319,玉山證券,8840,53,0,53,2.05,6,buy
7/03,1319,宏遠-館前,0031003200360055,0,20,-20,0.77,6,sell
7/03,1319,台新-大裕,003900420032006c,51,0,51,1.97,7,buy
7/03,1319,富邦-新竹,9647,2,19,-17,0.66,7,sell
7/03,1319,摩根大通,8440,56,10,46,1.78,8,buy
7/03,1319,玉山-城中,0038003800340045,1,15,-14,0.54,8,sell
7/03,1319,富邦-七賢,003900360031004b,42,1,41,1.58,9,buy
7/03,1319,群益金鼎-開元,9134,1,15,-14,0.54,9,sell
7/03,1319,第一金-中壢,0035003300380059,23,0,23,0.89,10,buy
7/03,1319,新光,8560,13,26,-13,0.5,10,sell
7/03,1319,統一-台中,5856,23,0,23,0.89,11,buy
7/03,1319,台中銀-豐原,0036003100310041,8,20,-12,0.46,11,sell
7/03,1319,富邦證券,9600,21,1,20,0.77,12,buy
7/03,1319,大昌-新店,6464,0,12,-12,0.46,12,sell
7/03,1319,元大-府城,0039003800300075,20,0,20,0.77,13,buy
7/03,1319,富邦-南員林,0039003600310052,5,17,-12,0.46,13,sell
7/03,1319,美好-市政,003500320036004d,20,0,20,0.77,14,buy
7/03,1319,兆豐-天母,003700300030004c,0,11,-11,0.42,14,sell
7/03,1319,國泰-高雄,8881,17,2,15,0.58,15,buy
7/03,1319,群益金鼎-屏東,0039003100330048,2,13,-11,0.42,15,sell
7/03,2027,美商高盛,1480,1222,332,890,12.02,1,buy
7/03,2027,富邦-岡山,9616,0,1013,-1013,13.68,1,sell
7/03,2027,摩根大通,8440,646,31,615,8.31,2,buy
7/03,2027,台灣摩根士丹利,1470,311,542,-231,3.12,2,sell
7/03,2027,富邦證券,9600,600,17,583,7.87,3,buy
7/03,2027,第一金-高雄,5383,0,142,-142,1.92,3,sell
7/03,2027,華南永昌,9300,584,36,548,7.4,4,buy
7/03,2027,元大-大雅,0039003800330069,6,137,-131,1.77,4,sell
7/03,2027,凱基-台北,9268,764,325,439,5.93,5,buy
7/03,2027,元大證券,9800,253,366,-113,1.53,5,sell
7/03,2027,新加坡商瑞銀,1650,309,67,242,3.27,6,buy
7/03,2027,兆豐-北高雄,0037003000300049,10,121,-111,1.5,6,sell
7/03,2027,永豐金證券,0039004100300030,121,4,117,1.58,7,buy
7/03,2027,統一-台南,5855,0,101,-101,1.36,7,sell
7/03,2027,永豐金-竹科,0039004100390058,120,9,111,1.5,8,buy
7/03,2027,富邦-虎尾,9697,0,101,-101,1.36,8,sell
7/03,2027,中農,8520,100,0,100,1.35,9,buy
7/03,2027,元大-永康,9829,0,94,-94,1.27,9,sell
7/03,2027,美林,1440,97,17,80,1.08,10,buy
7/03,2027,凱基-市政,9239,1,83,-82,1.11,10,sell
7/03,2027,富邦-北港,0039003600390043,74,0,74,1.0,11,buy
7/03,2027,元大-大安,003900380033004e,0,80,-80,1.08,11,sell
7/03,2027,元大-潮州,003900380031005a,65,2,63,0.85,12,buy
7/03,2027,國泰-高雄,8881,0,69,-69,0.93,12,sell
7/03,2027,凱基-豐中,9223,55,0,55,0.74,13,buy
7/03,2027,元大-三民,0039003800390046,0,65,-65,0.88,13,sell
7/03,2027,統一,5850,60,7,53,0.72,14,buy
7/03,2027,國泰-板橋,003800380038004b,8,60,-52,0.7,14,sell
7/03,2027,花旗環球,1590,51,0,51,0.69,15,buy
7/03,2027,富邦-台北,9623,1,53,-52,0.7,15,sell
7/03,0052,香港上海匯豐,8960,4935,0,4935,16.54,1,buy
7/03,0052,富邦證券,9600,255,5511,-5256,17.62,1,sell
7/03,0052,統一,5850,2508,68,2440,8.18,2,buy
7/03,0052,元大證券,9800,1586,5902,-4316,14.47,2,sell
7/03,0052,新加坡商瑞銀,1650,3253,2214,1039,3.48,3,buy
7/03,0052,凱基-台北,9268,592,4227,-3635,12.19,3,sell
7/03,0052,兆豐證券,7000,501,0,501,1.68,4,buy
7/03,0052,群益金鼎,9100,389,2618,-2229,7.47,4,sell
7/03,0052,中國信託,6160,834,418,416,1.39,5,buy
7/03,0052,台新,0039004200300030,333,2484,-2151,7.21,5,sell
7/03,0052,國泰-敦南,8888,478,266,212,0.71,6,buy
7/03,0052,新光,8560,99,229,-130,0.44,6,sell
7/03,0052,國泰證券,8880,161,0,161,0.54,7,buy
7/03,0052,華南永昌-虎尾,9377,5,100,-95,0.32,7,sell
7/03,0052,富邦-陽明,9604,155,7,148,0.5,8,buy
7/03,0052,合庫-高雄,1023,21,103,-82,0.27,8,sell
7/03,0052,永豐金-板新,003900410039004a,141,28,113,0.38,9,buy
7/03,0052,永豐金-新竹,0039004100390037,45,101,-56,0.19,9,sell
7/03,0052,元大-大同,0039003800390047,114,2,112,0.38,10,buy
7/03,0052,新光-台南,8564,30,64,-34,0.11,10,sell
7/03,0052,永豐金-台南,0039004100390068,132,21,111,0.37,11,buy
7/03,0052,元大-大里,0039003800310067,18,49,-31,0.1,11,sell
7/03,0052,第一金-高雄,5383,109,0,109,0.37,12,buy
7/03,0052,台新-大裕,003900420032006c,18,48,-30,0.1,12,sell
7/03,0052,永豐金-市政,0039004100390057,109,6,103,0.35,13,buy
7/03,0052,富邦-建國,9658,72,101,-29,0.1,13,sell
7/03,0052,永豐金-永康,0039004100390063,111,13,98,0.33,14,buy
7/03,0052,大昌-桃園,6465,4,30,-26,0.09,14,sell
7/03,0052,富邦-樹林,0039003600320045,91,3,88,0.3,15,buy
7/03,0052,凱基-台南,9211,11,36,-25,0.08,15,sell
