date,stock_code,broker_name,broker_id,buy_vol,sell_vol,net_vol,pct,rank,side
10/06,2330,台灣摩根士丹利,1470,2811,928,1883,9.44,1,buy
10/06,2330,永豐金-匯立,0039004100380031,68,2906,-2838,14.22,1,sell
10/06,2330,美商高盛,1480,1668,918,750,3.76,2,buy
10/06,2330,美林,1440,543,1869,-1326,6.65,2,sell
10/06,2330,元大證券,9800,1093,345,748,3.75,3,buy
10/06,2330,凱基,9200,168,801,-633,3.17,3,sell
10/06,2330,花旗環球,1590,1290,842,448,2.25,4,buy
10/06,2330,香港上海匯豐,8960,84,664,-580,2.91,4,sell
10/06,2330,群益金鼎,9100,440,13,427,2.14,5,buy
10/06,2330,永豐金證券,0039004100300030,274,853,-579,2.9,5,sell
10/06,2330,新加坡商瑞銀,1650,1355,1137,218,1.09,6,buy
10/06,2330,摩根大通,8440,1382,1595,-213,1.07,6,sell
10/06,2330,華南永昌-忠孝,9325,201,2,199,1.0,7,buy
10/06,2330,港商野村,1560,112,286,-174,0.87,7,sell
10/06,2330,港商麥格理,1360,346,150,196,0.98,8,buy
10/06,2330,統一,5850,114,288,-174,0.87,8,sell
10/06,2330,台新-松江,0039004200310035,153,1,152,0.76,9,buy
10/06,2330,聯邦-大業,8586,1,133,-132,0.66,9,sell
10/06,2330,兆豐-中壢,0037003000300062,150,2,148,0.74,10,buy
10/06,2330,法銀巴黎,8900,300,367,-67,0.34,10,sell
10/06,2330,第一金-彰化,5386,143,2,141,0.71,11,buy
10/06,2330,大和國泰,8890,11,69,-58,0.29,11,sell
10/06,2330,兆豐證券,7000,134,3,131,0.66,12,buy
10/06,2330,華南永昌-中正,9359,15,45,-30,0.15,12,sell
10/06,2330,宏遠證券,1260,132,10,122,0.61,13,buy
10/06,2330,群益金鼎-古亭,0039003100380043,8,38,-30,0.15,13,sell
10/06,2330,中國信託,6160,171,81,90,0.45,14,buy
10/06,2330,元大-天母,0039003800310049,8,34,-26,0.13,14,sell
10/06,2330,國泰-敦南,8888,240,159,81,0.41,15,buy
10/06,2330,元大-大安,003900380033004e,7,30,-23,0.12,15,sell
10/06,2317,永豐金-匯立,0039004100380031,4275,709,3566,3.7,1,buy
10/06,2317,新加坡商瑞銀,1650,3888,11200,-7312,7.59,1,sell
10/06,2317,港商麥格理,1360,2327,9,2318,2.41,2,buy
10/06,2317,摩根大通,8440,2097,9300,-7203,7.48,2,sell
10/06,2317,富邦證券,9600,2421,130,2291,2.38,3,buy
10/06,2317,美林,1440,412,4785,-4373,4.54,3,sell
10/06,2317,花旗環球,1590,1985,95,1890,1.96,4,buy
10/06,2317,台灣摩根士丹利,1470,4020,8156,-4136,4.29,4,sell
10/06,2317,統一,5850,1316,148,1168,1.21,5,buy
10/06,2317,香港上海匯豐,8960,88,2278,-2190,2.27,5,sell
10/06,2317,大和國泰,8890,880,0,880,0.91,6,buy
10/06,2317,美商高盛,1480,5140,7213,-2073,2.15,6,sell
10/06,2317,聯邦-大業,8586,883,62,821,0.85,7,buy
10/06,2317,凱基,9200,310,1241,-931,0.97,7,sell
10/06,2317,台新,0039004200300030,1057,558,499,0.52,8,buy
10/06,2317,凱基-台北,9268,1887,2815,-928,0.96,8,sell
10/06,2317,富邦-仁愛,9676,848,352,496,0.51,9,buy
10/06,2317,港商野村,1560,62,930,-868,0.9,9,sell
10/06,2317,永豐金-內湖,0039004100390067,377,23,354,0.37,10,buy
10/06,2317,元大證券,9800,3875,4637,-762,0.79,10,sell
10/06,2317,國泰-館前,0038003800380041,533,207,326,0.34,11,buy
10/06,2317,元大-府城,0039003800300075,27,644,-617,0.64,11,sell
10/06,2317,國泰證券,8880,468,152,316,0.33,12,buy
10/06,2317,台新-台北,0039004200320030,98,647,-549,0.57,12,sell
10/06,2317,統一-新竹,5857,537,260,277,0.29,13,buy
10/06,2317,元大-金華,9878,35,315,-280,0.29,13,sell
10/06,2317,元大-員林中山,9835,287,24,263,0.27,14,buy
10/06,2317,凱基-高美館,9215,144,359,-215,0.22,14,sell
10/06,2317,國泰-敦南,8888,1351,1119,232,0.24,15,buy
10/06,2317,兆豐證券,7000,126,316,-190,0.2,15,sell
10/06,2454,國泰-敦南,8888,243,73,170,1.71,1,buy
10/06,2454,美商高盛,1480,147,1177,-1030,10.36,1,sell
10/06,2454,國泰證券,8880,116,37,79,0.79,2,buy
10/06,2454,摩根大通,8440,162,961,-799,8.03,2,sell
10/06,2454,富邦-建國,9658,80,5,75,0.75,3,buy
10/06,2454,台灣摩根士丹利,1470,104,712,-608,6.11,3,sell
10/06,2454,華南永昌-古亭,9309,78,5,73,0.73,4,buy
10/06,2454,凱基-台北,9268,166,591,-425,4.27,4,sell
10/06,2454,中國信託,6160,69,12,57,0.57,5,buy
10/06,2454,統一,5850,216,587,-371,3.73,5,sell
10/06,2454,玉山證券,8840,65,12,53,0.53,6,buy
10/06,2454,美林,1440,32,258,-226,2.27,6,sell
10/06,2454,新光,8560,87,36,51,0.51,7,buy
10/06,2454,新加坡商瑞銀,1650,127,352,-225,2.26,7,sell
10/06,2454,國泰-板橋,003800380038004b,58,11,47,0.47,8,buy
10/06,2454,凱基-站前,0039003200300046,24,214,-190,1.91,8,sell
10/06,2454,富邦-仁愛,9676,55,12,43,0.43,9,buy
10/06,2454,花旗環球,1590,115,293,-178,1.79,9,sell
10/06,2454,台新,0039004200300030,60,18,42,0.42,10,buy
10/06,2454,永豐金-匯立,0039004100380031,34,208,-174,1.75,10,sell
10/06,2454,元大-復北,9872,46,4,42,0.42,11,buy
10/06,2454,港商野村,1560,12,176,-164,1.65,11,sell
10/06,2454,國泰-台中,8882,55,13,42,0.42,12,buy
10/06,2454,元大證券,9800,1068,1227,-159,1.6,12,sell
10/06,2454,宏遠-高雄,0031003200360051,41,1,40,0.4,13,buy
10/06,2454,大和國泰,8890,9,58,-49,0.49,13,sell
10/06,2454,元大-松江,9801,42,4,38,0.38,14,buy
10/06,2454,富邦證券,9600,72,116,-44,0.44,14,sell
10/06,2454,凱基,9200,112,75,37,0.37,15,buy
10/06,2454,永豐金證券,0039004100300030,120,157,-37,0.37,15,sell
10/06,2308,新加坡商瑞銀,1650,2635,525,2110,14.19,1,buy
10/06,2308,台灣摩根士丹利,1470,211,1631,-1420,9.55,1,sell
10/06,2308,美林,1440,2004,677,1327,8.93,2,buy
10/06,2308,摩根大通,8440,115,1106,-991,6.67,2,sell
10/06,2308,富邦證券,9600,1191,133,1058,7.12,3,buy
10/06,2308,元大證券,9800,800,1328,-528,3.55,3,sell
10/06,2308,港商麥格理,1360,333,4,329,2.21,4,buy
10/06,2308,美商高盛,1480,841,1350,-509,3.42,4,sell
10/06,2308,香港上海匯豐,8960,250,10,240,1.61,5,buy
10/06,2308,凱基-台北,9268,416,673,-257,1.73,5,sell
10/06,2308,統一,5850,219,83,136,0.91,6,buy
10/06,2308,新光-新竹,8563,6,105,-99,0.67,6,sell
10/06,2308,永豐金-匯立,0039004100380031,460,336,124,0.83,7,buy
10/06,2308,法銀巴黎,8900,45,138,-93,0.63,7,sell
10/06,2308,凱基,9200,154,49,105,0.71,8,buy
10/06,2308,港商野村,1560,85,169,-84,0.57,8,sell
10/06,2308,永豐金證券,0039004100300030,279,178,101,0.68,9,buy
10/06,2308,國泰-敦南,8888,157,241,-84,0.57,9,sell
10/06,2308,花旗環球,1590,169,73,96,0.65,10,buy
10/06,2308,元大-信義安和,0039003800300052,6,56,-50,0.34,10,sell
10/06,2308,群益金鼎,9100,163,79,84,0.57,11,buy
10/06,2308,國泰-板橋,003800380038004b,28,59,-31,0.21,11,sell
10/06,2308,中國信託,6160,115,38,77,0.52,12,buy
10/06,2308,玉山-大里,003800380034004a,3,31,-28,0.19,12,sell
10/06,2308,台新-台北,0039004200320030,60,7,53,0.36,13,buy
10/06,2308,玉山-新莊,8842,4,31,-27,0.18,13,sell
10/06,2308,統一-新台中,0035003800350044,73,35,38,0.26,14,buy
10/06,2308,玉山-雙和,8841,12,38,-26,0.17,14,sell
10/06,2308,富邦-南屯,9666,65,32,33,0.22,15,buy
10/06,2308,第一金-華江,0035003300380057,3,29,-26,0.17,15,sell
10/06,2382,港商麥格理,1360,864,0,864,8.73,1,buy
10/06,2382,花旗環球,1590,358,1268,-910,9.19,1,sell
10/06,2382,新加坡商瑞銀,1650,754,239,515,5.2,2,buy
10/06,2382,富邦證券,9600,4,554,-550,5.56,2,sell
10/06,2382,美商高盛,1480,1129,631,498,5.03,3,buy
10/06,2382,中國信託,6160,53,397,-344,3.47,3,sell
10/06,2382,國泰證券,8880,408,24,384,3.88,4,buy
10/06,2382,凱基-台北,9268,601,897,-296,2.99,4,sell
10/06,2382,台灣摩根士丹利,1470,986,666,320,3.23,5,buy
10/06,2382,元大-員林中山,9835,2,135,-133,1.34,5,sell
10/06,2382,港商野村,1560,303,0,303,3.06,6,buy
10/06,2382,宏遠證券,1260,1,116,-115,1.16,6,sell
10/06,2382,元大證券,9800,848,550,298,3.01,7,buy
10/06,2382,富邦-永和,9654,12,104,-92,0.93,7,sell
10/06,2382,凱基,9200,235,100,135,1.36,8,buy
10/06,2382,永豐金證券,0039004100300030,166,250,-84,0.85,8,sell
10/06,2382,兆豐證券,7000,56,0,56,0.57,9,buy
10/06,2382,摩根大通,8440,135,213,-78,0.79,9,sell
10/06,2382,凱基-士林,9238,55,0,55,0.56,10,buy
10/06,2382,元大-台南,9896,1,52,-51,0.52,10,sell
10/06,2382,法銀巴黎,8900,55,0,55,0.56,11,buy
10/06,2382,統一-新竹,5857,51,100,-49,0.49,11,sell
10/06,2382,群益金鼎-鳳山,0039003100380063,47,0,47,0.47,12,buy
10/06,2382,國泰-高雄,8881,6,49,-43,0.43,12,sell
10/06,2382,元大-板橋,0039003800390043,43,4,39,0.39,13,buy
10/06,2382,凱基-高雄,9206,0,43,-43,0.43,13,sell
10/06,2382,凱基-台南,9211,41,6,35,0.35,14,buy
10/06,2382,凱基-林口,9257,2,45,-43,0.43,14,sell
10/06,2382,兆豐-高雄,003700300030005a,31,0,31,0.31,15,buy
10/06,2382,中國信託-文心,6164,6,48,-42,0.42,15,sell
10/06,2891,台灣摩根士丹利,1470,3242,576,2666,8.95,1,buy
10/06,2891,富邦-南員林,0039003600310052,7,8534,-8527,28.63,1,sell
10/06,2891,元大證券,9800,3107,917,2190,7.35,2,buy
10/06,2891,台新-台北,0039004200320030,4,1020,-1016,3.41,2,sell
10/06,2891,凱基-台北,9268,2372,695,1677,5.63,3,buy
10/06,2891,富邦證券,9600,562,1271,-709,2.38,3,sell
10/06,2891,國泰證券,8880,1572,5,1567,5.26,4,buy
10/06,2891,元大-復北,9872,0,550,-550,1.85,4,sell
10/06,2891,新加坡商瑞銀,1650,3309,1752,1557,5.23,5,buy
10/06,2891,港商麥格理,1360,52,518,-466,1.56,5,sell
10/06,2891,台新,0039004200300030,1321,95,1226,4.12,6,buy
10/06,2891,永豐金證券,0039004100300030,242,410,-168,0.56,6,sell
10/06,2891,摩根大通,8440,2200,981,1219,4.09,7,buy
10/06,2891,國泰-敦南,8888,178,338,-160,0.54,7,sell
10/06,2891,花旗環球,1590,890,14,876,2.94,8,buy
10/06,2891,中國信託,6160,47,200,-153,0.51,8,sell
10/06,2891,兆豐證券,7000,796,0,796,2.67,9,buy
10/06,2891,第一金,5380,1,153,-152,0.51,9,sell
10/06,2891,美林,1440,449,128,321,1.08,10,buy
10/06,2891,永豐金-匯立,0039004100380031,147,297,-150,0.5,10,sell
10/06,2891,凱基,9200,827,511,316,1.06,11,buy
10/06,2891,元大-天母,0039003800310049,0,150,-150,0.5,11,sell
10/06,2891,美商高盛,1480,2842,2645,197,0.66,12,buy
10/06,2891,凱基-站前,0039003200300046,0,127,-127,0.43,12,sell
10/06,2891,法銀巴黎,8900,202,69,133,0.45,13,buy
10/06,2891,華南永昌-嘉義,9314,1,104,-103,0.35,13,sell
10/06,2891,香港上海匯豐,8960,122,0,122,0.41,14,buy
10/06,2891,永豐金-新竹,0039004100390037,0,100,-100,0.34,14,sell
10/06,2891,康和-仁愛,0038003400350046,100,0,100,0.34,15,buy
10/06,2891,玉山證券,8840,5,89,-84,0.28,15,sell
10/06,2881,永豐金-匯立,0039004100380031,2526,4,2522,15.19,1,buy
10/06,2881,台灣摩根士丹利,1470,32,2394,-2362,14.22,1,sell
10/06,2881,新加坡商瑞銀,1650,2640,771,1869,11.25,2,buy
10/06,2881,美林,1440,90,1712,-1622,9.77,2,sell
10/06,2881,美商高盛,1480,4032,2488,1544,9.3,3,buy
10/06,2881,摩根大通,8440,97,927,-830,5.0,3,sell
10/06,2881,國泰證券,8880,770,0,770,4.64,4,buy
10/06,2881,港商麥格理,1360,24,522,-498,3.0,4,sell
10/06,2881,群益金鼎,9100,678,73,605,3.64,5,buy
10/06,2881,永豐金證券,0039004100300030,81,362,-281,1.69,5,sell
10/06,2881,富邦證券,9600,568,86,482,2.9,6,buy
10/06,2881,元大-東泰,9817,0,222,-222,1.34,6,sell
10/06,2881,花旗環球,1590,504,73,431,2.6,7,buy
10/06,2881,台新-高雄,0039004200310067,0,115,-115,0.69,7,sell
10/06,2881,統一,5850,316,10,306,1.84,8,buy
10/06,2881,永豐金-復興,003900410039005a,0,114,-114,0.69,8,sell
10/06,2881,凱基,9200,155,5,150,0.9,9,buy
10/06,2881,兆豐-城中,0037003000300057,824,919,-95,0.57,9,sell
10/06,2881,港商野村,1560,116,0,116,0.7,10,buy
10/06,2881,國泰-敦南,8888,46,137,-91,0.55,10,sell
10/06,2881,玉山-新莊,8842,105,10,95,0.57,11,buy
10/06,2881,富邦-新店,9661,2,69,-67,0.4,11,sell
10/06,2881,富邦-新板,0039003600310048,103,23,80,0.48,12,buy
10/06,2881,富邦-建國,9658,18,85,-67,0.4,12,sell
10/06,2881,香港上海匯豐,8960,60,0,60,0.36,13,buy
10/06,2881,法銀巴黎,8900,81,146,-65,0.39,13,sell
10/06,2881,兆豐證券,7000,45,0,45,0.27,14,buy
10/06,2881,富邦-仁愛,9676,1,64,-63,0.38,14,sell
10/06,2881,兆豐-南門,0037003000300067,30,0,30,0.18,15,buy
10/06,2881,台新-虎尾,003900420032004e,0,60,-60,0.36,15,sell
10/06,2882,美商高盛,1480,4349,2463,1886,10.63,1,buy
10/06,2882,美林,1440,514,2959,-2445,13.78,1,sell
10/06,2882,凱基,9200,1314,12,1302,7.34,2,buy
10/06,2882,摩根大通,8440,1445,2695,-1250,7.05,2,sell
10/06,2882,新加坡商瑞銀,1650,2246,1205,1041,5.87,3,buy
10/06,2882,法銀巴黎,8900,99,516,-417,2.35,3,sell
10/06,2882,永豐金證券,0039004100300030,887,333,554,3.12,4,buy
10/06,2882,國泰證券,8880,128,498,-370,2.09,4,sell
10/06,2882,港商麥格理,1360,296,0,296,1.67,5,buy
10/06,2882,國票-敦北法人,0037003700390063,0,300,-300,1.69,5,sell
10/06,2882,台灣摩根士丹利,1470,912,647,265,1.49,6,buy
10/06,2882,富邦-台北,9623,17,162,-145,0.82,6,sell
10/06,2882,凱基-台北,9268,691,551,140,0.79,7,buy
10/06,2882,富邦證券,9600,40,175,-135,0.76,7,sell
10/06,2882,永豐金-匯立,0039004100380031,125,0,125,0.7,8,buy
10/06,2882,永豐金-中和,0039004100390042,1,97,-96,0.54,8,sell
10/06,2882,永豐金-內湖,0039004100390067,100,2,98,0.55,9,buy
10/06,2882,國泰-館前,0038003800380041,29,115,-86,0.48,9,sell
10/06,2882,元大-林園,003900380031004b,97,2,95,0.54,10,buy
10/06,2882,凱基-松山,9217,2,87,-85,0.48,10,sell
10/06,2882,群益金鼎,9100,98,4,94,0.53,11,buy
10/06,2882,群益金鼎-永和,003900310038004a,90,153,-63,0.36,11,sell
10/06,2882,香港上海匯豐,8960,68,5,63,0.36,12,buy
10/06,2882,統一-新營,0035003800350045,0,60,-60,0.34,12,sell
10/06,2882,元大證券,9800,559,499,60,0.34,13,buy
10/06,2882,永豐金-亞灣,0039004100390061,393,450,-57,0.32,13,sell
10/06,2882,富邦-新店,9661,50,2,48,0.27,14,buy
10/06,2882,凱基-信義,9216,0,50,-50,0.28,14,sell
10/06,2882,玉山證券,8840,54,13,41,0.23,15,buy
10/06,2882,華南永昌-苗栗,9362,0,42,-42,0.24,15,sell
10/06,2303,新加坡商瑞銀,1650,16202,5593,10609,3.42,1,buy
10/06,2303,摩根大通,8440,6608,20913,-14305,4.61,1,sell
10/06,2303,美商高盛,1480,24342,14082,10260,3.3,2,buy
10/06,2303,凱基,9200,1308,14271,-12963,4.17,2,sell
10/06,2303,國泰-敦南,8888,5518,3254,2264,0.73,3,buy
10/06,2303,統一,5850,2743,11156,-8413,2.71,3,sell
10/06,2303,花旗環球,1590,2691,1112,1579,0.51,4,buy
10/06,2303,台灣摩根士丹利,1470,18644,23950,-5306,1.71,4,sell
10/06,2303,永豐金證券,0039004100300030,3305,1843,1462,0.47,5,buy
10/06,2303,富邦-新店,9661,434,5619,-5185,1.67,5,sell
10/06,2303,國泰證券,8880,7308,5921,1387,0.45,6,buy
10/06,2303,元大證券,9800,31517,36626,-5109,1.64,6,sell
10/06,2303,群益金鼎,9100,6591,5616,975,0.31,7,buy
10/06,2303,國票-敦北法人,0037003700390063,67,4764,-4697,1.51,7,sell
10/06,2303,永豐金-忠孝,0039004100390044,1074,120,954,0.31,8,buy
10/06,2303,兆豐證券,7000,3393,7395,-4002,1.29,8,sell
10/06,2303,永豐金-松山,0039004100390031,1014,108,906,0.29,9,buy
10/06,2303,富邦證券,9600,14241,17942,-3701,1.19,9,sell
10/06,2303,統一-高雄,5851,850,142,708,0.23,10,buy
10/06,2303,美林,1440,4691,7763,-3072,0.99,10,sell
10/06,2303,凱基-城中,9227,1418,783,635,0.2,11,buy
10/06,2303,香港上海匯豐,8960,3055,5993,-2938,0.95,11,sell
10/06,2303,富邦-台北,9623,1038,431,607,0.2,12,buy
10/06,2303,港商野村,1560,1040,3748,-2708,0.87,12,sell
10/06,2303,兆豐-北高雄,0037003000300049,634,70,564,0.18,13,buy
10/06,2303,康和,8450,39,2189,-2150,0.69,13,sell
10/06,2303,元大-中山北路,0039003800300061,549,55,494,0.16,14,buy
10/06,2303,宏遠證券,1260,488,2216,-1728,0.56,14,sell
10/06,2303,國泰-板橋,003800380038004b,1252,795,457,0.15,15,buy
10/06,2303,新光-高雄,8562,300,1933,-1633,0.53,15,sell
10/06,3711,新加坡商瑞銀,1650,1091,388,703,7.29,1,buy
10/06,3711,永豐金-匯立,0039004100380031,26,546,-520,5.39,1,sell
10/06,3711,美商高盛,1480,851,189,662,6.86,2,buy
10/06,3711,元大證券,9800,572,1036,-464,4.81,2,sell
10/06,3711,香港上海匯豐,8960,334,21,313,3.24,3,buy
10/06,3711,統一,5850,47,491,-444,4.6,3,sell
10/06,3711,花旗環球,1590,553,271,282,2.92,4,buy
10/06,3711,永豐金證券,0039004100300030,64,340,-276,2.86,4,sell
10/06,3711,凱基-台北,9268,414,232,182,1.89,5,buy
10/06,3711,凱基-站前,0039003200300046,24,298,-274,2.84,5,sell
10/06,3711,台新-台北,0039004200320030,154,5,149,1.54,6,buy
10/06,3711,兆豐證券,7000,0,211,-211,2.19,6,sell
10/06,3711,富邦證券,9600,237,106,131,1.36,7,buy
10/06,3711,中國信託,6160,20,150,-130,1.35,7,sell
10/06,3711,國泰證券,8880,135,6,129,1.34,8,buy
10/06,3711,合庫證券,1020,1,78,-77,0.8,8,sell
10/06,3711,新光,8560,167,79,88,0.91,9,buy
10/06,3711,台新,0039004200300030,21,74,-53,0.55,9,sell
10/06,3711,國票-敦北法人,0037003700390063,62,20,42,0.44,10,buy
10/06,3711,摩根大通,8440,530,574,-44,0.46,10,sell
10/06,3711,聯邦證券,8580,46,5,41,0.42,11,buy
10/06,3711,美林,1440,247,291,-44,0.46,11,sell
10/06,3711,華南永昌-高雄,9303,40,6,34,0.35,12,buy
10/06,3711,中國信託-高雄,003600310036004b,5,45,-40,0.41,12,sell
10/06,3711,港商麥格理,1360,56,29,27,0.28,13,buy
10/06,3711,永豐金-敦北,0039004100380039,7,46,-39,0.4,13,sell
10/06,3711,宏遠證券,1260,29,4,25,0.26,14,buy
10/06,3711,凱基-虎尾,9236,2,40,-38,0.39,14,sell
10/06,3711,群益金鼎,9100,117,94,23,0.24,15,buy
10/06,3711,兆豐-天母,003700300030004c,5,40,-35,0.36,15,sell
10/06,2603,美商高盛,1480,808,54,754,17.77,1,buy
10/06,2603,新加坡商瑞銀,1650,110,576,-466,10.98,1,sell
10/06,2603,台灣摩根士丹利,1470,692,154,538,12.68,2,buy
10/06,2603,永豐金-匯立,0039004100380031,0,353,-353,8.32,2,sell
10/06,2603,元大證券,9800,529,207,322,7.59,3,buy
10/06,2603,美林,1440,63,201,-138,3.25,3,sell
10/06,2603,凱基-台北,9268,300,40,260,6.13,4,buy
10/06,2603,凱基-高雄,9206,4,72,-68,1.6,4,sell
10/06,2603,國泰證券,8880,206,3,203,4.78,5,buy
10/06,2603,永豐金證券,0039004100300030,44,98,-54,1.27,5,sell
10/06,2603,國票-和平,003700370039006a,76,1,75,1.77,6,buy
10/06,2603,兆豐-大同,0037003000300053,0,40,-40,0.94,6,sell
10/06,2603,新光-高雄,8562,47,3,44,1.04,7,buy
10/06,2603,富邦-南京,0039003600310043,2,41,-39,0.92,7,sell
10/06,2603,花旗環球,1590,43,0,43,1.01,8,buy
10/06,2603,大展-台南,5058,0,38,-38,0.9,8,sell
10/06,2603,中國信託,6160,48,11,37,0.87,9,buy
10/06,2603,富邦-台北,9623,5,41,-36,0.85,9,sell
10/06,2603,富邦-板橋,9655,20,3,17,0.4,10,buy
10/06,2603,摩根大通,8440,151,187,-36,0.85,10,sell
10/06,2603,國泰-高雄,8881,23,8,15,0.35,11,buy
10/06,2603,彰銀-七賢,1232,0,34,-34,0.8,11,sell
10/06,2603,富邦證券,9600,18,5,13,0.31,12,buy
10/06,2603,新光,8560,13,42,-29,0.68,12,sell
10/06,2603,台新-松德,0039004200320061,13,3,10,0.24,13,buy
10/06,2603,台新,0039004200300030,8,36,-28,0.66,13,sell
10/06,2603,統一-新台中,0035003800350044,10,0,10,0.24,14,buy
10/06,2603,元大-民雄,0039003800310056,0,28,-28,0.66,14,sell
10/06,2603,統一-三重,003500380035004a,10,1,9,0.21,15,buy
10/06,2603,國泰-敦南,8888,56,84,-28,0.66,15,sell
10/06,2609,台灣摩根士丹利,1470,1958,204,1754,12.51,1,buy
10/06,2609,美林,1440,236,1066,-830,5.92,1,sell
10/06,2609,美商高盛,1480,1771,68,1703,12.15,2,buy
10/06,2609,富邦-中壢,9636,2,504,-502,3.58,2,sell
10/06,2609,摩根大通,8440,1534,477,1057,7.54,3,buy
10/06,2609,永豐金-忠孝,0039004100390044,0,302,-302,2.15,3,sell
10/06,2609,凱基-台北,9268,1275,294,981,7.0,4,buy
10/06,2609,國泰-敦南,8888,163,328,-165,1.18,4,sell
10/06,2609,元大證券,9800,1598,656,942,6.72,5,buy
10/06,2609,合庫證券,1020,1,165,-164,1.17,5,sell
10/06,2609,永豐金-古亭,0039004100390064,164,31,133,0.95,6,buy
10/06,2609,永豐金證券,0039004100300030,111,271,-160,1.14,6,sell
10/06,2609,台新-三重,0039004200320033,72,0,72,0.51,7,buy
10/06,2609,新加坡商瑞銀,1650,633,744,-111,0.79,7,sell
10/06,2609,元大-南京,9862,54,4,50,0.36,8,buy
10/06,2609,元大-長庚,0039003800380056,2,90,-88,0.63,8,sell
10/06,2609,永豐金-台南,0039004100390068,49,4,45,0.32,9,buy
10/06,2609,富邦-仁愛,9676,18,102,-84,0.6,9,sell
10/06,2609,富邦證券,9600,81,36,45,0.32,10,buy
10/06,2609,港商野村,1560,25,103,-78,0.56,10,sell
10/06,2609,富邦-新莊,0039003600320044,47,7,40,0.29,11,buy
10/06,2609,花旗環球,1590,885,961,-76,0.54,11,sell
10/06,2609,德信-新營,6913,40,0,40,0.29,12,buy
10/06,2609,永豐金-天母,0039004100390047,7,78,-71,0.51,12,sell
10/06,2609,群益金鼎-彰化,9187,27,3,24,0.17,13,buy
10/06,2609,元大-桃興,9894,5,74,-69,0.49,13,sell
10/06,2609,永豐金-新莊,0039004100390048,42,19,23,0.16,14,buy
10/06,2609,富邦-台北,9623,13,81,-68,0.49,14,sell
10/06,2609,中國信託,6160,50,29,21,0.15,15,buy
10/06,2609,永豐金-市政,0039004100390057,9,75,-66,0.47,15,sell
10/06,2615,元大證券,9800,729,177,552,9.85,1,buy
10/06,2615,台灣摩根士丹利,1470,197,977,-780,13.91,1,sell
10/06,2615,元大-內湖,003900380039004e,301,0,301,5.37,2,buy
10/06,2615,摩根大通,8440,107,415,-308,5.49,2,sell
10/06,2615,香港上海匯豐,8960,227,0,227,4.05,3,buy
10/06,2615,元大-復北,9872,2,294,-292,5.21,3,sell
10/06,2615,富邦證券,9600,144,1,143,2.55,4,buy
10/06,2615,美林,1440,24,287,-263,4.69,4,sell
10/06,2615,凱基-北門,9283,116,3,113,2.02,5,buy
10/06,2615,新加坡商瑞銀,1650,47,173,-126,2.25,5,sell
10/06,2615,花旗環球,1590,110,2,108,1.93,6,buy
10/06,2615,國泰證券,8880,0,94,-94,1.68,6,sell
10/06,2615,元大-斗信,9884,103,1,102,1.82,7,buy
10/06,2615,合庫證券,1020,43,121,-78,1.39,7,sell
10/06,2615,台新-西松,003900420032006e,101,1,100,1.78,8,buy
10/06,2615,美商高盛,1480,45,109,-64,1.14,8,sell
10/06,2615,元大-大里,0039003800310067,65,1,64,1.14,9,buy
10/06,2615,元大-台北,0039003800300068,1,56,-55,0.98,9,sell
10/06,2615,永豐金-北高雄,0039004100390072,58,2,56,1.0,10,buy
10/06,2615,日茂,5960,0,45,-45,0.8,10,sell
10/06,2615,台新-板橋,0039004200320062,51,1,50,0.89,11,buy
10/06,2615,群益金鼎-中壢,0039003100380041,0,44,-44,0.78,11,sell
10/06,2615,元大-館前,003900380034004b,45,0,45,0.8,12,buy
10/06,2615,凱基,9200,0,36,-36,0.64,12,sell
10/06,2615,富邦-嘉義,9692,46,2,44,0.78,13,buy
10/06,2615,富邦-台北,9623,5,40,-35,0.62,13,sell
10/06,2615,國票-北投,7792,31,1,30,0.54,14,buy
10/06,2615,港商野村,1560,0,31,-31,0.55,14,sell
10/06,2615,凱基-新豐,9266,30,0,30,0.54,15,buy
10/06,2615,統一-城中,5854,5,35,-30,0.54,15,sell
10/06,2618,台灣摩根士丹利,1470,3124,631,2493,16.25,1,buy
10/06,2618,港商麥格理,1360,0,2033,-2033,13.26,1,sell
10/06,2618,花旗環球,1590,880,118,762,4.97,2,buy
10/06,2618,美商高盛,1480,776,1942,-1166,7.6,2,sell
10/06,2618,亞東,2180,512,3,509,3.32,3,buy
10/06,2618,凱基,9200,0,913,-913,5.95,3,sell
10/06,2618,美林,1440,541,90,451,2.94,4,buy
10/06,2618,第一金,5380,2,784,-782,5.1,4,sell
10/06,2618,新加坡商瑞銀,1650,1003,554,449,2.93,5,buy
10/06,2618,永豐金-匯立,0039004100380031,5,759,-754,4.92,5,sell
10/06,2618,國泰證券,8880,589,270,319,2.08,6,buy
10/06,2618,摩根大通,8440,159,905,-746,4.86,6,sell
10/06,2618,永豐金-松山,0039004100390031,294,0,294,1.92,7,buy
10/06,2618,玉山證券,8840,25,702,-677,4.41,7,sell
10/06,2618,國泰-忠孝,8887,351,115,236,1.54,8,buy
10/06,2618,永豐金證券,0039004100300030,87,554,-467,3.04,8,sell
10/06,2618,元大證券,9800,796,640,156,1.02,9,buy
10/06,2618,台新-台北,0039004200320030,0,200,-200,1.3,9,sell
10/06,2618,群益金鼎-古亭,0039003100380043,145,1,144,0.94,10,buy
10/06,2618,國票-南京,003700370039006e,3,200,-197,1.28,10,sell
10/06,2618,兆豐-台中,7003,143,0,143,0.93,11,buy
10/06,2618,華南永昌,9300,24,206,-182,1.19,11,sell
10/06,2618,玉山-嘉義,8848,143,31,112,0.73,12,buy
10/06,2618,國泰-桃園,8885,29,161,-132,0.86,12,sell
10/06,2618,國泰-敦南,8888,144,34,110,0.72,13,buy
10/06,2618,中國信託,6160,134,257,-123,0.8,13,sell
10/06,2618,統一-南京,0035003800350055,107,0,107,0.7,14,buy
10/06,2618,凱基-台北,9268,584,691,-107,0.7,14,sell
10/06,2618,兆豐-北高雄,0037003000300049,90,0,90,0.59,15,buy
10/06,2618,第一金-自由,0035003300380045,7,80,-73,0.48,15,sell
10/06,3037,台灣摩根士丹利,1470,1597,91,1506,11.92,1,buy
10/06,3037,統一,5850,32,1130,-1098,8.69,1,sell
10/06,3037,新加坡商瑞銀,1650,1441,254,1187,9.4,2,buy
10/06,3037,永豐金-匯立,0039004100380031,30,662,-632,5.0,2,sell
10/06,3037,美商高盛,1480,1491,1120,371,2.94,3,buy
10/06,3037,富邦證券,9600,45,647,-602,4.77,3,sell
10/06,3037,美林,1440,585,316,269,2.13,4,buy
10/06,3037,元大證券,9800,1188,1504,-316,2.5,4,sell
10/06,3037,摩根大通,8440,532,347,185,1.46,5,buy
10/06,3037,凱基-台北,9268,372,622,-250,1.98,5,sell
10/06,3037,港商麥格理,1360,185,18,167,1.32,6,buy
10/06,3037,凱基,9200,16,207,-191,1.51,6,sell
10/06,3037,統一-士林,003500380035004d,139,3,136,1.08,7,buy
10/06,3037,群益金鼎,9100,86,236,-150,1.19,7,sell
10/06,3037,富邦-仁愛,9676,53,7,46,0.36,8,buy
10/06,3037,國泰證券,8880,2,96,-94,0.74,8,sell
10/06,3037,統一-南京,0035003800350055,52,14,38,0.3,9,buy
10/06,3037,元大-鳳山,003900380033005a,3,97,-94,0.74,9,sell
10/06,3037,台新-建北,0039004200310038,38,3,35,0.28,10,buy
10/06,3037,兆豐-復興,0037003000300070,0,82,-82,0.65,10,sell
10/06,3037,康和,8450,35,3,32,0.25,11,buy
10/06,3037,永豐金證券,0039004100300030,130,203,-73,0.58,11,sell
10/06,3037,兆豐-公益,003700300030004a,30,2,28,0.22,12,buy
10/06,3037,兆豐證券,7000,3,72,-69,0.55,12,sell
10/06,3037,台新-緯城,0039004200320041,22,1,21,0.17,13,buy
10/06,3037,港商野村,1560,207,272,-65,0.51,13,sell
10/06,3037,花旗環球,1590,223,203,20,0.16,14,buy
10/06,3037,(牛牛牛)亞證券,6010,0,58,-58,0.46,14,sell
10/06,3037,國泰-館前,0038003800380041,32,13,19,0.15,15,buy
10/06,3037,元大-和平,9863,2,53,-51,0.4,15,sell
10/06,2345,台灣摩根士丹利,1470,467,254,213,5.76,1,buy
10/06,2345,元大證券,9800,160,399,-239,6.46,1,sell
10/06,2345,美林,1440,252,53,199,5.38,2,buy
10/06,2345,富邦證券,9600,46,212,-166,4.49,2,sell
10/06,2345,新加坡商瑞銀,1650,203,117,86,2.32,3,buy
10/06,2345,凱基,9200,8,122,-114,3.08,3,sell
10/06,2345,(牛牛牛)亞證券,6010,80,0,80,2.16,4,buy
10/06,2345,中國信託,6160,10,116,-106,2.86,4,sell
10/06,2345,花旗環球,1590,85,42,43,1.16,5,buy
10/06,2345,凱基-信義,9216,3,81,-78,2.11,5,sell
10/06,2345,第一金-忠孝,0035003300380044,33,0,33,0.89,6,buy
10/06,2345,摩根大通,8440,80,138,-58,1.57,6,sell
10/06,2345,港商麥格理,1360,28,0,28,0.76,7,buy
10/06,2345,元大-新盛,9869,1,51,-50,1.35,7,sell
10/06,2345,元大-忠孝鼎富,0039003800320046,26,0,26,0.7,8,buy
10/06,2345,香港上海匯豐,8960,3,48,-45,1.22,8,sell
10/06,2345,國票-敦北法人,0037003700390063,16,0,16,0.43,9,buy
10/06,2345,永豐金-匯立,0039004100380031,8,48,-40,1.08,9,sell
10/06,2345,玉山-城中,0038003800340045,19,3,16,0.43,10,buy
10/06,2345,凱基-台北,9268,134,168,-34,0.92,10,sell
10/06,2345,元大-草屯,0039003800390045,18,3,15,0.41,11,buy
10/06,2345,兆豐-新竹,0037003000300056,4,36,-32,0.86,11,sell
10/06,2345,康和-板橋,0038003400350044,16,1,15,0.41,12,buy
10/06,2345,港商野村,1560,8,35,-27,0.73,12,sell
10/06,2345,國票-安和,003700370039005a,20,6,14,0.38,13,buy
10/06,2345,元大-崇德,0039003800310053,8,30,-22,0.59,13,sell
10/06,2345,康和-仁愛,0038003400350046,56,42,14,0.38,14,buy
10/06,2345,群益金鼎,9100,14,36,-22,0.59,14,sell
10/06,2345,元大-忠孝,9871,18,5,13,0.35,15,buy
10/06,2345,合庫證券,1020,3,23,-20,0.54,15,sell
10/06,3006,元大-大同,0039003800390047,167,2,165,2.34,1,buy
10/06,3006,美商高盛,1480,183,931,-748,10.59,1,sell
10/06,3006,永豐金證券,0039004100300030,218,84,134,1.9,2,buy
10/06,3006,新加坡商瑞銀,1650,68,703,-635,8.99,2,sell
10/06,3006,國泰-敦南,8888,163,61,102,1.44,3,buy
10/06,3006,凱基-台北,9268,172,638,-466,6.6,3,sell
10/06,3006,聯邦證券,8580,94,16,78,1.1,4,buy
10/06,3006,摩根大通,8440,44,376,-332,4.7,4,sell
10/06,3006,臺銀-民權,1043,66,1,65,0.92,5,buy
10/06,3006,元大證券,9800,334,570,-236,3.34,5,sell
10/06,3006,凱基-站前,0039003200300046,66,7,59,0.84,6,buy
10/06,3006,台灣摩根士丹利,1470,8,80,-72,1.02,6,sell
10/06,3006,新光,8560,91,40,51,0.72,7,buy
10/06,3006,港商野村,1560,94,159,-65,0.92,7,sell
10/06,3006,元大-士林,003900380031006a,53,3,50,0.71,8,buy
10/06,3006,華南永昌-竹北,9339,1,63,-62,0.88,8,sell
10/06,3006,永豐金-天母,0039004100390047,50,16,34,0.48,9,buy
10/06,3006,永豐金-中正,0039004100390055,13,67,-54,0.76,9,sell
10/06,3006,台新,0039004200300030,78,45,33,0.47,10,buy
10/06,3006,凱基,9200,0,45,-45,0.64,10,sell
10/06,3006,國泰-桃園,8885,35,6,29,0.41,11,buy
10/06,3006,統一,5850,6,47,-41,0.58,11,sell
10/06,3006,富邦-永康,003900360031005a,29,1,28,0.4,12,buy
10/06,3006,第一金-桃園,5385,9,49,-40,0.57,12,sell
10/06,3006,群益金鼎-大甲,0039003100380067,28,2,26,0.37,13,buy
10/06,3006,富邦-台北,9623,16,49,-33,0.47,13,sell
10/06,3006,美好-楊梅,5262,26,1,25,0.35,14,buy
10/06,3006,元大-土城,9897,60,92,-32,0.45,14,sell
10/06,3006,富邦-竹科,0039003600320043,32,8,24,0.34,15,buy
10/06,3006,群益金鼎,9100,18,49,-31,0.44,15,sell
10/06,2379,港商野村,1560,404,39,365,23.19,1,buy
10/06,2379,國泰證券,8880,0,133,-133,8.45,1,sell
10/06,2379,美商高盛,1480,204,53,151,9.59,2,buy
10/06,2379,花旗環球,1590,10,98,-88,5.59,2,sell
10/06,2379,大和國泰,8890,58,0,58,3.68,3,buy
10/06,2379,玉山證券,8840,9,87,-78,4.96,3,sell
10/06,2379,元大證券,9800,81,34,47,2.99,4,buy
10/06,2379,統一,5850,2,80,-78,4.96,4,sell
10/06,2379,華南永昌,9300,42,0,42,2.67,5,buy
10/06,2379,美林,1440,8,62,-54,3.43,5,sell
10/06,2379,富邦證券,9600,41,0,41,2.6,6,buy
10/06,2379,凱基,9200,0,54,-54,3.43,6,sell
10/06,2379,中國信託,6160,41,18,23,1.46,7,buy
10/06,2379,華南永昌-中正,9359,0,53,-53,3.37,7,sell
10/06,2379,凱基-中山,9229,19,0,19,1.21,8,buy
10/06,2379,新加坡商瑞銀,1650,44,95,-51,3.24,8,sell
10/06,2379,港商麥格理,1360,18,0,18,1.14,9,buy
10/06,2379,台新,0039004200300030,1,50,-49,3.11,9,sell
10/06,2379,摩根大通,8440,160,149,11,0.7,10,buy
10/06,2379,臺銀,1040,3,42,-39,2.48,10,sell
10/06,2379,富邦-板橋,9655,10,0,10,0.64,11,buy
10/06,2379,國票-敦北法人,0037003700390063,0,26,-26,1.65,11,sell
10/06,2379,元大-鑫永和,9888,9,1,8,0.51,12,buy
10/06,2379,永全-南崁,6451,0,20,-20,1.27,12,sell
10/06,2379,元大-大統,003900380031007a,8,2,6,0.38,13,buy
10/06,2379,永豐金-匯立,0039004100380031,9,28,-19,1.21,13,sell
10/06,2379,第一金,5380,6,0,6,0.38,14,buy
10/06,2379,凱基-台北,9268,44,63,-19,1.21,14,sell
10/06,2379,凱基-科園,9254,6,0,6,0.38,15,buy
10/06,2379,永豐金證券,0039004100300030,14,28,-14,0.89,15,sell
10/06,3034,香港上海匯豐,8960,356,0,356,21.29,1,buy
10/06,3034,台灣摩根士丹利,1470,10,221,-211,12.62,1,sell
10/06,3034,美林,1440,106,2,104,6.22,2,buy
10/06,3034,新加坡商瑞銀,1650,53,240,-187,11.18,2,sell
10/06,3034,群益金鼎,9100,104,35,69,4.13,3,buy
10/06,3034,永豐金-匯立,0039004100380031,16,134,-118,7.06,3,sell
10/06,3034,富邦證券,9600,54,7,47,2.81,4,buy
10/06,3034,華南永昌,9300,0,91,-91,5.44,4,sell
10/06,3034,港商麥格理,1360,41,0,41,2.45,5,buy
10/06,3034,凱基-台北,9268,58,119,-61,3.65,5,sell
10/06,3034,摩根大通,8440,130,92,38,2.27,6,buy
10/06,3034,港商野村,1560,1,36,-35,2.09,6,sell
10/06,3034,元大-松山,0039003800310070,11,0,11,0.66,7,buy
10/06,3034,永豐金證券,0039004100300030,10,42,-32,1.91,7,sell
10/06,3034,合庫-高雄,1023,10,0,10,0.6,8,buy
10/06,3034,中國信託,6160,14,45,-31,1.85,8,sell
10/06,3034,兆豐證券,7000,9,0,9,0.54,9,buy
10/06,3034,凱基-內埔,9225,0,26,-26,1.56,9,sell
10/06,3034,玉山-信義,0038003800340043,9,0,9,0.54,10,buy
10/06,3034,元大證券,9800,46,66,-20,1.2,10,sell
10/06,3034,法銀巴黎,8900,10,1,9,0.54,11,buy
10/06,3034,凱基,9200,0,19,-19,1.14,11,sell
10/06,3034,元大-高雄,003900380031006d,8,0,8,0.48,12,buy
10/06,3034,國泰-館前,0038003800380041,0,15,-15,0.9,12,sell
10/06,3034,元大-淡水,9899,7,0,7,0.42,13,buy
10/06,3034,永豐金-板盛,0039004100390059,0,10,-10,0.6,13,sell
10/06,3034,聯邦-嘉義,8582,6,0,6,0.36,14,buy
10/06,3034,台新-松德,0039004200320061,1,11,-10,0.6,14,sell
10/06,3034,富邦-陽明,9604,6,0,6,0.36,15,buy
10/06,3034,中國信託-忠孝,6162,0,7,-7,0.42,15,sell
10/06,2412,美商高盛,1480,1268,238,1030,14.6,1,buy
10/06,2412,富邦證券,9600,17,1502,-1485,21.05,1,sell
10/06,2412,台灣摩根士丹利,1470,650,200,450,6.38,2,buy
10/06,2412,元大證券,9800,150,1026,-876,12.42,2,sell
10/06,2412,港商麥格理,1360,432,0,432,6.13,3,buy
10/06,2412,凱基-永和,9207,0,480,-480,6.81,3,sell
10/06,2412,凱基-台北,9268,678,338,340,4.82,4,buy
10/06,2412,凱基,9200,1,261,-260,3.69,4,sell
10/06,2412,花旗環球,1590,316,10,306,4.34,5,buy
10/06,2412,華南永昌,9300,2,202,-200,2.84,5,sell
10/06,2412,新加坡商瑞銀,1650,246,69,177,2.51,6,buy
10/06,2412,台新-台北,0039004200320030,0,182,-182,2.58,6,sell
10/06,2412,摩根大通,8440,141,8,133,1.89,7,buy
10/06,2412,第一金,5380,3,100,-97,1.38,7,sell
10/06,2412,美林,1440,201,70,131,1.86,8,buy
10/06,2412,華南永昌-台南,9306,0,53,-53,0.75,8,sell
10/06,2412,中國信託,6160,110,2,108,1.53,9,buy
10/06,2412,法銀巴黎,8900,24,60,-36,0.51,9,sell
10/06,2412,富邦-新板,0039003600310048,96,0,96,1.36,10,buy
10/06,2412,元大-六合,0039003800320043,0,21,-21,0.3,10,sell
10/06,2412,港商野村,1560,93,10,83,1.18,11,buy
10/06,2412,新光-台南,8564,1,22,-21,0.3,11,sell
10/06,2412,香港上海匯豐,8960,55,0,55,0.78,12,buy
10/06,2412,元大-萬華,0039003800310071,0,20,-20,0.28,12,sell
10/06,2412,京城-嘉義,8492,31,0,31,0.44,13,buy
10/06,2412,彰銀-台中,1233,1,17,-16,0.23,13,sell
10/06,2412,國泰-敦南,8888,42,13,29,0.41,14,buy
10/06,2412,兆豐-北高雄,0037003000300049,0,15,-15,0.21,14,sell
10/06,2412,國泰-館前,0038003800380041,28,0,28,0.4,15,buy
10/06,2412,統一,5850,7,21,-14,0.2,15,sell
10/06,6770,台新-嘉義,0039004200320049,1029,23,1006,1.49,1,buy
10/06,6770,美商高盛,1480,769,9866,-9097,13.44,1,sell
10/06,6770,統一-新竹,5857,887,81,806,1.19,2,buy
10/06,6770,新加坡商瑞銀,1650,972,3029,-2057,3.04,2,sell
10/06,6770,華南永昌-嘉義,9314,505,6,499,0.74,3,buy
10/06,6770,凱基-台北,9268,2008,3658,-1650,2.44,3,sell
10/06,6770,台灣企銀-竹北,1117,407,6,401,0.59,4,buy
10/06,6770,台灣摩根士丹利,1470,1229,2313,-1084,1.6,4,sell
10/06,6770,永豐金-信義,0039004100390052,381,12,369,0.55,5,buy
10/06,6770,永豐金證券,0039004100300030,485,1187,-702,1.04,5,sell
10/06,6770,摩根大通,8440,2408,2081,327,0.48,6,buy
10/06,6770,香港上海匯豐,8960,0,672,-672,0.99,6,sell
10/06,6770,富邦-七賢,003900360031004b,342,44,298,0.44,7,buy
10/06,6770,兆豐-三民,0037003000300068,70,717,-647,0.96,7,sell
10/06,6770,富邦-永和,9654,348,87,261,0.39,8,buy
10/06,6770,港商野村,1560,84,418,-334,0.49,8,sell
10/06,6770,國票-中和,0037003700390058,329,70,259,0.38,9,buy
10/06,6770,美林,1440,482,809,-327,0.48,9,sell
10/06,6770,聯邦證券,8580,226,9,217,0.32,10,buy
10/06,6770,凱基,9200,4,267,-263,0.39,10,sell
10/06,6770,美好,5260,203,0,203,0.3,11,buy
10/06,6770,富邦-台中,003900360035004b,78,323,-245,0.36,11,sell
10/06,6770,國泰-敦南,8888,1748,1551,197,0.29,12,buy
10/06,6770,元大-嘉義,0039003800390067,113,354,-241,0.36,12,sell
10/06,6770,元大-東泰,9817,246,50,196,0.29,13,buy
10/06,6770,永豐金-敦北,0039004100380039,35,245,-210,0.31,13,sell
10/06,6770,新光-台中,8561,333,151,182,0.27,14,buy
10/06,6770,元大證券,9800,2617,2823,-206,0.3,14,sell
10/06,6770,永豐金-大園,0039004100390038,261,90,171,0.25,15,buy
10/06,6770,新光-新竹,8563,87,274,-187,0.28,15,sell
10/06,2409,國泰-敦南,8888,17362,13311,4051,0.82,1,buy
10/06,2409,台灣摩根士丹利,1470,5650,23226,-17576,3.54,1,sell
10/06,2409,台新-大裕,003900420032006c,2907,263,2644,0.53,2,buy
10/06,2409,美商高盛,1480,9349,25711,-16362,3.29,2,sell
10/06,2409,富邦-南屯,9666,2304,614,1690,0.34,3,buy
10/06,2409,美林,1440,2057,16883,-14826,2.98,3,sell
10/06,2409,中國信託-新竹,6165,2210,569,1641,0.33,4,buy
10/06,2409,新加坡商瑞銀,1650,5482,19928,-14446,2.91,4,sell
10/06,2409,凱基-林口,9257,1567,141,1426,0.29,5,buy
10/06,2409,凱基-台北,9268,29746,41334,-11588,2.33,5,sell
10/06,2409,凱基-嘉義,9252,1502,413,1089,0.22,6,buy
10/06,2409,摩根大通,8440,2269,8773,-6504,1.31,6,sell
10/06,2409,群益金鼎-大安,0039003100380065,925,36,889,0.18,7,buy
10/06,2409,元大證券,9800,36176,39748,-3572,0.72,7,sell
10/06,2409,國泰-台南,8884,1961,1142,819,0.16,8,buy
10/06,2409,國票-中正,7797,132,3100,-2968,0.6,8,sell
10/06,2409,國票-敦北法人,0037003700390063,866,73,793,0.16,9,buy
10/06,2409,玉山-城中,0038003800340045,1690,4428,-2738,0.55,9,sell
10/06,2409,新光,8560,4858,4069,789,0.16,10,buy
10/06,2409,台新-西松,003900420032006e,171,2678,-2507,0.5,10,sell
10/06,2409,群益金鼎-北高雄,0039003100330052,1397,645,752,0.15,11,buy
10/06,2409,台新,0039004200300030,3105,5520,-2415,0.49,11,sell
10/06,2409,合庫證券,1020,928,213,715,0.14,12,buy
10/06,2409,統一-城中,5854,144,1704,-1560,0.31,12,sell
10/06,2409,兆豐-松德,0037003000300069,1131,430,701,0.14,13,buy
10/06,2409,花旗環球,1590,82,1631,-1549,0.31,13,sell
10/06,2409,合庫-台中,1021,1154,473,681,0.14,14,buy
10/06,2409,群益金鼎,9100,3277,4691,-1414,0.28,14,sell
10/06,2409,永豐金-市政,0039004100390057,1288,678,610,0.12,15,buy
10/06,2409,國票-安和,003700370039005a,429,1717,-1288,0.26,15,sell
10/06,2892,美商高盛,1480,2766,258,2508,19.11,1,buy
10/06,2892,台灣摩根士丹利,1470,536,2005,-1469,11.19,1,sell
10/06,2892,新加坡商瑞銀,1650,1929,579,1350,10.29,2,buy
10/06,2892,凱基,9200,2,1433,-1431,10.9,2,sell
10/06,2892,凱基-台北,9268,1690,491,1199,9.14,3,buy
10/06,2892,永豐金證券,0039004100300030,89,922,-833,6.35,3,sell
10/06,2892,永豐金-匯立,0039004100380031,1196,0,1196,9.11,4,buy
10/06,2892,台新,0039004200300030,9,807,-798,6.08,4,sell
10/06,2892,摩根大通,8440,1202,397,805,6.13,5,buy
10/06,2892,花旗環球,1590,413,960,-547,4.17,5,sell
10/06,2892,第一金,5380,360,0,360,2.74,6,buy
10/06,2892,美林,1440,663,913,-250,1.91,6,sell
10/06,2892,法銀巴黎,8900,75,0,75,0.57,7,buy
10/06,2892,中國信託-三重,6161,0,151,-151,1.15,7,sell
10/06,2892,香港上海匯豐,8960,75,0,75,0.57,8,buy
10/06,2892,中國信託-嘉義,6168,100,200,-100,0.76,8,sell
10/06,2892,港商野村,1560,62,0,62,0.47,9,buy
10/06,2892,國票-中和,0037003700390058,0,100,-100,0.76,9,sell
10/06,2892,兆豐-大同,0037003000300053,58,6,52,0.4,10,buy
10/06,2892,群益金鼎-民權,9131,0,97,-97,0.74,10,sell
10/06,2892,元大證券,9800,287,235,52,0.4,11,buy
10/06,2892,元大-仁愛,003900380033006a,1,96,-95,0.72,11,sell
10/06,2892,宏遠-新化,0031003200360058,51,0,51,0.39,12,buy
10/06,2892,元大-南京,9862,2,85,-83,0.63,12,sell
10/06,2892,富邦證券,9600,46,0,46,0.35,13,buy
10/06,2892,富邦-陽明,9604,5,86,-81,0.62,13,sell
10/06,2892,中國信託,6160,37,0,37,0.28,14,buy
10/06,2892,華南永昌-中正,9359,23,100,-77,0.59,14,sell
10/06,2892,國泰證券,8880,34,0,34,0.26,15,buy
10/06,2892,華南永昌-內壢,9337,0,65,-65,0.5,15,sell
10/06,2886,新加坡商瑞銀,1650,4134,332,3802,17.1,1,buy
10/06,2886,凱基-站前,0039003200300046,4,4980,-4976,22.38,1,sell
10/06,2886,美商高盛,1480,3662,62,3600,16.19,2,buy
10/06,2886,富邦-南員林,0039003600310052,4,2917,-2913,13.1,2,sell
10/06,2886,凱基-台北,9268,2583,534,2049,9.22,3,buy
10/06,2886,富邦證券,9600,73,2000,-1927,8.67,3,sell
10/06,2886,摩根大通,8440,2083,134,1949,8.77,4,buy
10/06,2886,台新-台北,0039004200320030,1,1001,-1000,4.5,4,sell
10/06,2886,港商麥格理,1360,562,0,562,2.53,5,buy
10/06,2886,永豐金證券,0039004100300030,193,822,-629,2.83,5,sell
10/06,2886,花旗環球,1590,499,2,497,2.24,6,buy
10/06,2886,新光,8560,214,368,-154,0.69,6,sell
10/06,2886,台灣摩根士丹利,1470,1314,984,330,1.48,7,buy
10/06,2886,(牛牛牛)亞-鑫豐,0036003000310064,22,164,-142,0.64,7,sell
10/06,2886,元大證券,9800,1518,1231,287,1.29,8,buy
10/06,2886,(牛牛牛)亞-網路,6012,1,137,-136,0.61,8,sell
10/06,2886,美林,1440,256,121,135,0.61,9,buy
10/06,2886,元大-木柵,003900380033004d,3,115,-112,0.5,9,sell
10/06,2886,香港上海匯豐,8960,77,0,77,0.35,10,buy
10/06,2886,華南永昌-小港,9323,2,100,-98,0.44,10,sell
10/06,2886,國泰證券,8880,63,0,63,0.28,11,buy
10/06,2886,台新,0039004200300030,10,71,-61,0.27,11,sell
10/06,2886,新光-高雄,8562,63,9,54,0.24,12,buy
10/06,2886,國票-北高雄,003700370039004a,0,51,-51,0.23,12,sell
10/06,2886,永豐金-台南,0039004100390068,52,3,49,0.22,13,buy
10/06,2886,臺銀-臺南,1042,22,72,-50,0.22,13,sell
10/06,2886,京城,8490,50,2,48,0.22,14,buy
10/06,2886,國泰-台中,8882,46,95,-49,0.22,14,sell
10/06,2886,中國信託,6160,40,3,37,0.17,15,buy
10/06,2886,第一金-自由,0035003300380045,17,61,-44,0.2,15,sell
10/06,8150,美商高盛,1480,8935,3128,5807,7.49,1,buy
10/06,8150,凱基-台北,9268,4576,7544,-2968,3.83,1,sell
10/06,8150,元大證券,9800,11323,9021,2302,2.97,2,buy
10/06,8150,台灣摩根士丹利,1470,2,1851,-1849,2.38,2,sell
10/06,8150,康和,8450,2044,25,2019,2.6,3,buy
10/06,8150,國票-安和,003700370039005a,55,1760,-1705,2.2,3,sell
10/06,8150,新加坡商瑞銀,1650,2802,816,1986,2.56,4,buy
10/06,8150,國泰-敦南,8888,2897,3488,-591,0.76,4,sell
10/06,8150,元大-松江,9801,1743,36,1707,2.2,5,buy
10/06,8150,港商野村,1560,46,633,-587,0.76,5,sell
10/06,8150,富邦證券,9600,2125,961,1164,1.5,6,buy
10/06,8150,國票證券,7790,43,329,-286,0.37,6,sell
10/06,8150,摩根大通,8440,1719,1002,717,0.92,7,buy
10/06,8150,元大-信義,003900380039006d,23,301,-278,0.36,7,sell
10/06,8150,台新-台北,0039004200320030,276,8,268,0.35,8,buy
10/06,8150,美林,1440,433,636,-203,0.26,8,sell
10/06,8150,富邦-新竹,9647,338,116,222,0.29,9,buy
10/06,8150,元大-桃園,0039003800380042,117,304,-187,0.24,9,sell
10/06,8150,國泰證券,8880,277,63,214,0.28,10,buy
10/06,8150,宏遠-高雄,0031003200360051,8,176,-168,0.22,10,sell
10/06,8150,統一,5850,443,263,180,0.23,11,buy
10/06,8150,國票-新莊,0037003700390047,3,146,-143,0.18,11,sell
10/06,8150,兆豐-新竹,0037003000300056,185,28,157,0.2,12,buy
10/06,8150,國泰-板橋,003800380038004b,385,524,-139,0.18,12,sell
10/06,8150,法銀巴黎,8900,91,7,84,0.11,13,buy
10/06,8150,永豐金-南京,0039004100390053,89,214,-125,0.16,13,sell
10/06,8150,華南永昌,9300,271,202,69,0.09,14,buy
10/06,8150,永豐金-匯立,0039004100380031,0,120,-120,0.15,14,sell
10/06,8150,富邦-中壢,9636,187,121,66,0.09,15,buy
10/06,8150,永豐金-萬盛,0039004100390032,30,143,-113,0.15,15,sell
10/06,2344,台灣摩根士丹利,1470,8202,1316,6886,11.74,1,buy
10/06,2344,台新,0039004200300030,320,10901,-10581,18.04,1,sell
10/06,2344,美商高盛,1480,2707,1536,1171,2.0,2,buy
10/06,2344,元大證券,9800,5436,6964,-1528,2.61,2,sell
10/06,2344,新加坡商瑞銀,1650,3111,1950,1161,1.98,3,buy
10/06,2344,永豐金-匯立,0039004100380031,43,1098,-1055,1.8,3,sell
10/06,2344,元大-館前,003900380034004b,1069,90,979,1.67,4,buy
10/06,2344,中國信託,6160,222,819,-597,1.02,4,sell
10/06,2344,國泰證券,8880,503,112,391,0.67,5,buy
10/06,2344,富邦證券,9600,645,1078,-433,0.74,5,sell
10/06,2344,凱基-新豐,9266,361,33,328,0.56,6,buy
10/06,2344,元大-北投,0039003800390041,23,421,-398,0.68,6,sell
10/06,2344,兆豐-中壢,0037003000300062,270,16,254,0.43,7,buy
10/06,2344,凱基-信義,9216,11,216,-205,0.35,7,sell
10/06,2344,港商野村,1560,450,203,247,0.42,8,buy
10/06,2344,永豐金證券,0039004100300030,228,425,-197,0.34,8,sell
10/06,2344,國泰-敦南,8888,1570,1381,189,0.32,9,buy
10/06,2344,美林,1440,819,964,-145,0.25,9,sell
10/06,2344,凱基-台北,9268,1386,1201,185,0.32,10,buy
10/06,2344,群益金鼎-敦南,9101,207,341,-134,0.23,10,sell
10/06,2344,摩根大通,8440,2059,1880,179,0.31,11,buy
10/06,2344,凱基,9200,59,190,-131,0.22,11,sell
10/06,2344,新光,8560,578,412,166,0.28,12,buy
10/06,2344,華南永昌-高雄,9303,39,140,-101,0.17,12,sell
10/06,2344,華南永昌-豐原,9366,172,16,156,0.27,13,buy
10/06,2344,富邦-花蓮,9621,53,131,-78,0.13,13,sell
10/06,2344,華南永昌-中正,9359,159,33,126,0.21,14,buy
10/06,2344,群益金鼎,9100,67,130,-63,0.11,14,sell
10/06,2344,國泰-松江,8883,160,49,111,0.19,15,buy
10/06,2344,元大-民雄,0039003800310056,21,82,-61,0.1,15,sell
10/06,2408,富邦證券,9600,4217,621,3596,11.67,1,buy
10/06,2408,永豐金證券,0039004100300030,148,399,-251,0.81,1,sell
10/06,2408,統一,5850,456,77,379,1.23,2,buy
10/06,2408,大和國泰,8890,0,180,-180,0.58,2,sell
10/06,2408,台灣摩根士丹利,1470,1394,1082,312,1.01,3,buy
10/06,2408,凱基-台北,9268,1023,1195,-172,0.56,3,sell
10/06,2408,美商高盛,1480,1766,1501,265,0.86,4,buy
10/06,2408,美林,1440,527,680,-153,0.5,4,sell
10/06,2408,玉山-城中,0038003800340045,332,78,254,0.82,5,buy
10/06,2408,台新,0039004200300030,127,260,-133,0.43,5,sell
10/06,2408,福邦證券,6480,200,1,199,0.65,6,buy
10/06,2408,康和-高雄,003800340035004a,16,145,-129,0.42,6,sell
10/06,2408,摩根大通,8440,482,318,164,0.53,7,buy
10/06,2408,國泰-敦南,8888,646,770,-124,0.4,7,sell
10/06,2408,富邦-南員林,0039003600310052,156,15,141,0.46,8,buy
10/06,2408,(牛牛牛)亞證券,6010,0,120,-120,0.39,8,sell
10/06,2408,港商野村,1560,308,186,122,0.4,9,buy
10/06,2408,元大-南屯,9853,11,123,-112,0.36,9,sell
10/06,2408,兆豐-中壢,0037003000300062,104,10,94,0.31,10,buy
10/06,2408,富邦-仁愛,9676,38,148,-110,0.36,10,sell
10/06,2408,香港上海匯豐,8960,101,7,94,0.31,11,buy
10/06,2408,兆豐-忠孝,0037003000300061,19,127,-108,0.35,11,sell
10/06,2408,凱基-台南,9211,127,37,90,0.29,12,buy
10/06,2408,玉山-士林,0038003800340041,11,113,-102,0.33,12,sell
10/06,2408,港商麥格理,1360,92,20,72,0.23,13,buy
10/06,2408,富邦-中壢,9636,34,131,-97,0.31,13,sell
10/06,2408,元大-三民,0039003800390046,135,76,59,0.19,14,buy
10/06,2408,華南永昌-南京,9326,30,122,-92,0.3,14,sell
10/06,2408,新加坡商瑞銀,1650,1950,1900,50,0.16,15,buy
10/06,2408,凱基-站前,0039003200300046,28,117,-89,0.29,15,sell
10/06,3105,永豐金證券,0039004100300030,464,116,348,1.76,1,buy
10/06,3105,花旗環球,1590,5,527,-522,2.65,1,sell
10/06,3105,富邦證券,9600,514,210,304,1.54,2,buy
10/06,3105,凱基-台北,9268,1007,1519,-512,2.59,2,sell
10/06,3105,凱基-桃園,9208,183,17,166,0.84,3,buy
10/06,3105,美林,1440,268,661,-393,1.99,3,sell
10/06,3105,國泰-敦南,8888,648,489,159,0.81,4,buy
10/06,3105,台灣摩根士丹利,1470,828,1154,-326,1.65,4,sell
10/06,3105,台新,0039004200300030,200,124,76,0.39,5,buy
10/06,3105,新加坡商瑞銀,1650,187,504,-317,1.61,5,sell
10/06,3105,國泰-板橋,003800380038004b,135,74,61,0.31,6,buy
10/06,3105,港商野村,1560,33,312,-279,1.41,6,sell
10/06,3105,台新-松江,0039004200310035,83,29,54,0.27,7,buy
10/06,3105,元大證券,9800,1448,1671,-223,1.13,7,sell
10/06,3105,中農,8520,52,0,52,0.26,8,buy
10/06,3105,美商高盛,1480,1122,1333,-211,1.07,8,sell
10/06,3105,凱基-信義,9216,107,58,49,0.25,9,buy
10/06,3105,統一,5850,217,403,-186,0.94,9,sell
10/06,3105,台中銀-豐原,0036003100310041,52,3,49,0.25,10,buy
10/06,3105,永豐金-匯立,0039004100380031,3,170,-167,0.85,10,sell
10/06,3105,富邦-和美,0039003600310050,49,4,45,0.23,11,buy
10/06,3105,台新-五權西,0039004200320035,62,202,-140,0.71,11,sell
10/06,3105,永豐金-南京,0039004100390053,54,11,43,0.22,12,buy
10/06,3105,群益金鼎,9100,148,284,-136,0.69,12,sell
10/06,3105,元大-新竹,9816,53,12,41,0.21,13,buy
10/06,3105,台新-台北,0039004200320030,19,120,-101,0.51,13,sell
10/06,3105,富邦-新板,0039003600310048,68,27,41,0.21,14,buy
10/06,3105,永豐金-敦南,0039004100380046,16,92,-76,0.39,14,sell
10/06,3105,富邦-陽明,9604,53,18,35,0.18,15,buy
10/06,3105,元大-松江,9801,12,80,-68,0.34,15,sell
10/06,5347,美商高盛,1480,8919,1197,7722,22.84,1,buy
10/06,5347,元大-崇德,0039003800310053,6,833,-827,2.45,1,sell
10/06,5347,統一,5850,1406,154,1252,3.7,2,buy
10/06,5347,亞東-板橋,2181,0,507,-507,1.5,2,sell
10/06,5347,富邦證券,9600,2226,1150,1076,3.18,3,buy
10/06,5347,國泰證券,8880,47,525,-478,1.41,3,sell
10/06,5347,台灣摩根士丹利,1470,1323,413,910,2.69,4,buy
10/06,5347,國泰-敦南,8888,572,1029,-457,1.35,4,sell
10/06,5347,新加坡商瑞銀,1650,1238,353,885,2.62,5,buy
10/06,5347,港商野村,1560,118,309,-191,0.56,5,sell
10/06,5347,摩根大通,8440,852,159,693,2.05,6,buy
10/06,5347,美林,1440,189,353,-164,0.48,6,sell
10/06,5347,凱基-台北,9268,2303,1762,541,1.6,7,buy
10/06,5347,元大-大天母,9893,4,166,-162,0.48,7,sell
10/06,5347,元大證券,9800,3987,3498,489,1.45,8,buy
10/06,5347,新光,8560,94,231,-137,0.41,8,sell
10/06,5347,群益金鼎,9100,547,418,129,0.38,9,buy
10/06,5347,彰銀,1230,1,118,-117,0.35,9,sell
10/06,5347,凱基-信義,9216,125,5,120,0.35,10,buy
10/06,5347,國泰-台中,8882,104,220,-116,0.34,10,sell
10/06,5347,台新-西松,003900420032006e,158,44,114,0.34,11,buy
10/06,5347,元大-樹林,003900380039006a,15,124,-109,0.32,11,sell
10/06,5347,元大-敦化,9833,111,65,46,0.14,12,buy
10/06,5347,台新,0039004200300030,167,270,-103,0.3,12,sell
10/06,5347,台新-信義,0039004200320048,55,12,43,0.13,13,buy
10/06,5347,群益金鼎-松山,9103,7,107,-100,0.3,13,sell
10/06,5347,統一-士林,003500380035004d,56,18,38,0.11,14,buy
10/06,5347,國泰-館前,0038003800380041,55,148,-93,0.28,14,sell
10/06,5347,花旗環球,1590,142,104,38,0.11,15,buy
10/06,5347,大昌-新竹,6463,27,114,-87,0.26,15,sell
10/06,1301,美商高盛,1480,2386,451,1935,8.95,1,buy
10/06,1301,富邦證券,9600,138,3051,-2913,13.47,1,sell
10/06,1301,凱基-台北,9268,1609,457,1152,5.33,2,buy
10/06,1301,合庫證券,1020,10,1256,-1246,5.76,2,sell
10/06,1301,台灣摩根士丹利,1470,1298,429,869,4.02,3,buy
10/06,1301,臺銀,1040,43,1266,-1223,5.66,3,sell
10/06,1301,元大證券,9800,2570,1967,603,2.79,4,buy
10/06,1301,元大-員林中山,9835,23,742,-719,3.33,4,sell
10/06,1301,摩根大通,8440,802,223,579,2.68,5,buy
10/06,1301,花旗環球,1590,134,419,-285,1.32,5,sell
10/06,1301,美林,1440,722,381,341,1.58,6,buy
10/06,1301,香港上海匯豐,8960,26,252,-226,1.05,6,sell
10/06,1301,宏遠-高雄,0031003200360051,312,1,311,1.44,7,buy
10/06,1301,元大-竹山,0039003800310052,3,213,-210,0.97,7,sell
10/06,1301,群益金鼎-高盛,9105,195,20,175,0.81,8,buy
10/06,1301,台新-世貿,0039004200320075,19,221,-202,0.93,8,sell
10/06,1301,元大-復北,9872,121,33,88,0.41,9,buy
10/06,1301,永豐金-匯立,0039004100380031,0,197,-197,0.91,9,sell
10/06,1301,元大-中崙,9813,204,122,82,0.38,10,buy
10/06,1301,港商野村,1560,0,154,-154,0.71,10,sell
10/06,1301,聯邦-忠孝,8583,80,0,80,0.37,11,buy
10/06,1301,玉山-士林,0038003800340041,8,159,-151,0.7,11,sell
10/06,1301,新加坡商瑞銀,1650,991,917,74,0.34,12,buy
10/06,1301,凱基-台南,9211,16,118,-102,0.47,12,sell
10/06,1301,統一,5850,91,19,72,0.33,13,buy
10/06,1301,新光,8560,125,224,-99,0.46,13,sell
10/06,1301,富邦-新板,0039003600310048,78,6,72,0.33,14,buy
10/06,1301,玉山-城中,0038003800340045,10,106,-96,0.44,14,sell
10/06,1301,群益金鼎-市府,0039003100300044,73,2,71,0.33,15,buy
10/06,1301,永豐金證券,0039004100300030,149,222,-73,0.34,15,sell
10/06,2324,美林,1440,2500,689,1811,9.05,1,buy
10/06,2324,永豐金-匯立,0039004100380031,0,1868,-1868,9.34,1,sell
10/06,2324,台灣摩根士丹利,1470,1983,1128,855,4.27,2,buy
10/06,2324,新加坡商瑞銀,1650,159,1208,-1049,5.24,2,sell
10/06,2324,永豐金-中壢,0039004100390039,727,1,726,3.63,3,buy
10/06,2324,摩根大通,8440,148,1156,-1008,5.04,3,sell
10/06,2324,元大-板橋,0039003800390043,540,10,530,2.65,4,buy
10/06,2324,花旗環球,1590,37,1032,-995,4.97,4,sell
10/06,2324,元大證券,9800,704,420,284,1.42,5,buy
10/06,2324,法銀巴黎,8900,0,452,-452,2.26,5,sell
10/06,2324,台新,0039004200300030,266,42,224,1.12,6,buy
10/06,2324,元大-台北,0039003800300068,9,382,-373,1.86,6,sell
10/06,2324,中國信託-忠孝,6162,230,11,219,1.09,7,buy
10/06,2324,統一-嘉義,5858,2,245,-243,1.21,7,sell
10/06,2324,兆豐-台中港,7005,253,60,193,0.96,8,buy
10/06,2324,國泰-敦南,8888,315,524,-209,1.04,8,sell
10/06,2324,富邦-敦南,9663,155,12,143,0.71,9,buy
10/06,2324,港商麥格理,1360,0,183,-183,0.91,9,sell
10/06,2324,玉山-信義,0038003800340043,125,21,104,0.52,10,buy
10/06,2324,元大-上新莊,0039003800330047,5,172,-167,0.83,10,sell
10/06,2324,第一金-新興,0035003300380041,92,0,92,0.46,11,buy
10/06,2324,兆豐-板橋,0037003000300042,4,163,-159,0.79,11,sell
10/06,2324,玉山-大里,003800380034004a,103,14,89,0.44,12,buy
10/06,2324,華南永昌-岡山,9324,33,171,-138,0.69,12,sell
10/06,2324,國票證券,7790,85,0,85,0.42,13,buy
10/06,2324,美商高盛,1480,906,1011,-105,0.52,13,sell
10/06,2324,元大-館前,003900380034004b,87,6,81,0.4,14,buy
10/06,2324,國票-南京,003700370039006e,3,100,-97,0.48,14,sell
10/06,2324,兆豐-埔墘,003700300030004e,67,1,66,0.33,15,buy
10/06,2324,凱基-台北,9268,645,738,-93,0.46,15,sell
10/06,0056,國泰證券,8880,856,26,830,2.06,1,buy
10/06,0056,元大證券,9800,1232,13840,-12608,31.29,1,sell
10/06,0056,國泰-敦南,8888,1557,948,609,1.51,2,buy
10/06,0056,凱基-台北,9268,2959,4935,-1976,4.9,2,sell
10/06,0056,中國信託,6160,660,105,555,1.38,3,buy
10/06,0056,富邦證券,9600,1101,2231,-1130,2.8,3,sell
10/06,0056,新加坡商瑞銀,1650,763,265,498,1.24,4,buy
10/06,0056,元大-木柵,003900380033004d,21,834,-813,2.02,4,sell
10/06,0056,永豐金證券,0039004100300030,1391,908,483,1.2,5,buy
10/06,0056,群益金鼎,9100,43,210,-167,0.41,5,sell
10/06,0056,玉山-新莊,8842,348,26,322,0.8,6,buy
10/06,0056,玉山-新竹,0038003800340048,87,247,-160,0.4,6,sell
10/06,0056,元大-內湖,003900380039004e,273,18,255,0.63,7,buy
10/06,0056,大昌-桃園,6465,6,142,-136,0.34,7,sell
10/06,0056,元大-博愛,0039003800320042,254,44,210,0.52,8,buy
10/06,0056,元大-桃興,9894,76,208,-132,0.33,8,sell
10/06,0056,台新,0039004200300030,341,144,197,0.49,9,buy
10/06,0056,台新-屏新,0039004200320071,9,136,-127,0.32,9,sell
10/06,0056,元大-中壢,9834,219,42,177,0.44,10,buy
10/06,0056,台新-高雄,0039004200310067,137,261,-124,0.31,10,sell
10/06,0056,富邦-台中,003900360035004b,224,50,174,0.43,11,buy
10/06,0056,元大-南崁,0039003800300051,49,157,-108,0.27,11,sell
10/06,0056,玉山-雙和,8841,178,14,164,0.41,12,buy
10/06,0056,凱基,9200,84,180,-96,0.24,12,sell
10/06,0056,兆豐-三重,7008,260,101,159,0.39,13,buy
10/06,0056,元大-北投,0039003800390041,99,194,-95,0.24,13,sell
10/06,0056,國泰-桃園,8885,231,76,155,0.38,14,buy
10/06,0056,華南永昌-豐原,9366,13,107,-94,0.23,14,sell
10/06,0056,台灣企銀,1110,154,2,152,0.38,15,buy
10/06,0056,宏遠-新化,0031003200360058,9,100,-91,0.23,15,sell
10/06,0050,富邦證券,9600,9177,1283,7894,11.13,1,buy
10/06,0050,法銀巴黎,8900,0,4749,-4749,6.69,1,sell
10/06,0050,國泰證券,8880,2751,698,2053,2.89,2,buy
10/06,0050,永豐金證券,0039004100300030,5413,9487,-4074,5.74,2,sell
10/06,0050,群益金鼎,9100,2725,761,1964,2.77,3,buy
10/06,0050,凱基,9200,230,3619,-3389,4.78,3,sell
10/06,0050,兆豐-鹿港,0037003000300066,1130,11,1119,1.58,4,buy
10/06,0050,凱基-台北,9268,5528,8893,-3365,4.74,4,sell
10/06,0050,元大證券,9800,4707,4035,672,0.95,5,buy
10/06,0050,臺銀,1040,170,991,-821,1.16,5,sell
10/06,0050,台新-城東,0039004200320072,623,61,562,0.79,6,buy
10/06,0050,元大-天母,0039003800310049,36,706,-670,0.94,6,sell
10/06,0050,國泰-桃園,8885,726,315,411,0.58,7,buy
10/06,0050,華南永昌-鶯歌,9319,15,676,-661,0.93,7,sell
10/06,0050,華南永昌,9300,467,104,363,0.51,8,buy
10/06,0050,台灣摩根士丹利,1470,1,610,-609,0.86,8,sell
10/06,0050,台新,0039004200300030,1088,742,346,0.49,9,buy
10/06,0050,土銀,1030,61,479,-418,0.59,9,sell
10/06,0050,富邦-豐原,003900360033004c,315,13,302,0.43,10,buy
10/06,0050,中國信託,6160,1220,1528,-308,0.43,10,sell
10/06,0050,元大-大甲,0039003800390055,294,21,273,0.38,11,buy
10/06,0050,摩根大通,8440,41,338,-297,0.42,11,sell
10/06,0050,康和,8450,244,0,244,0.34,12,buy
10/06,0050,凱基-站前,0039003200300046,58,250,-192,0.27,12,sell
10/06,0050,富邦-建國,9658,281,71,210,0.3,13,buy
10/06,0050,富邦-宜蘭,9686,31,199,-168,0.24,13,sell
10/06,0050,國票-和平,003700370039006a,209,3,206,0.29,14,buy
10/06,0050,元大-桃園,0039003800380042,91,253,-162,0.23,14,sell
10/06,0050,玉山證券,8840,378,181,197,0.28,15,buy
10/06,0050,臺銀-新竹,1045,51,180,-129,0.18,15,sell
10/06,3231,凱基,9200,666,11,655,2.27,1,buy
10/06,3231,元大證券,9800,3985,5268,-1283,4.45,1,sell
10/06,3231,元大-金華,9878,454,6,448,1.55,2,buy
10/06,3231,台灣摩根士丹利,1470,1566,2664,-1098,3.81,2,sell
10/06,3231,摩根大通,8440,914,617,297,1.03,3,buy
10/06,3231,美商高盛,1480,1525,2465,-940,3.26,3,sell
10/06,3231,統一-新竹,5857,252,8,244,0.85,4,buy
10/06,3231,凱基-士林,9238,7,804,-797,2.77,4,sell
10/06,3231,港商麥格理,1360,235,0,235,0.82,5,buy
10/06,3231,美林,1440,595,1146,-551,1.91,5,sell
10/06,3231,元大-成功,003900380039004c,158,9,149,0.52,6,buy
10/06,3231,新加坡商瑞銀,1650,372,760,-388,1.35,6,sell
10/06,3231,香港上海匯豐,8960,135,0,135,0.47,7,buy
10/06,3231,國泰證券,8880,84,331,-247,0.86,7,sell
10/06,3231,群益金鼎,9100,276,142,134,0.47,8,buy
10/06,3231,永豐金證券,0039004100300030,682,876,-194,0.67,8,sell
10/06,3231,富邦證券,9600,240,106,134,0.47,9,buy
10/06,3231,華南永昌-苗栗,9362,9,159,-150,0.52,9,sell
10/06,3231,凱基-新莊,0039003200310053,136,10,126,0.44,10,buy
10/06,3231,中國信託,6160,43,171,-128,0.44,10,sell
10/06,3231,花旗環球,1590,123,14,109,0.38,11,buy
10/06,3231,凱基-台北,9268,1379,1480,-101,0.35,11,sell
10/06,3231,台灣企銀-九如,1113,105,4,101,0.35,12,buy
10/06,3231,元大-中壢,9834,42,114,-72,0.25,12,sell
10/06,3231,兆豐-復興,0037003000300070,101,2,99,0.34,13,buy
10/06,3231,永全-八德,6452,4,76,-72,0.25,13,sell
10/06,3231,華南永昌-竹北,9339,115,19,96,0.33,14,buy
10/06,3231,群益金鼎-大安,0039003100380065,0,55,-55,0.19,14,sell
10/06,3231,兆豐證券,7000,97,13,84,0.29,15,buy
10/06,3231,永豐金-南京,0039004100390053,11,62,-51,0.18,15,sell
10/06,2356,凱基-台北,9268,1173,496,677,5.59,1,buy
10/06,2356,花旗環球,1590,480,1653,-1173,9.69,1,sell
10/06,2356,美商高盛,1480,1673,1144,529,4.37,2,buy
10/06,2356,香港上海匯豐,8960,17,572,-555,4.58,2,sell
10/06,2356,康和,8450,500,10,490,4.05,3,buy
10/06,2356,永豐金證券,0039004100300030,93,377,-284,2.35,3,sell
10/06,2356,台新,0039004200300030,207,25,182,1.5,4,buy
10/06,2356,美林,1440,288,487,-199,1.64,4,sell
10/06,2356,統一,5850,158,22,136,1.12,5,buy
10/06,2356,台灣摩根士丹利,1470,1383,1581,-198,1.64,5,sell
10/06,2356,凱基,9200,101,1,100,0.83,6,buy
10/06,2356,凱基-站前,0039003200300046,9,205,-196,1.62,6,sell
10/06,2356,富邦證券,9600,100,27,73,0.6,7,buy
10/06,2356,港商麥格理,1360,0,130,-130,1.07,7,sell
10/06,2356,凱基-和平,9255,70,0,70,0.58,8,buy
10/06,2356,永豐金-匯立,0039004100380031,0,110,-110,0.91,8,sell
10/06,2356,國泰-桃園,8885,75,13,62,0.51,9,buy
10/06,2356,國票-南港,7795,11,113,-102,0.84,9,sell
10/06,2356,台灣企銀-太平,1115,51,1,50,0.41,10,buy
10/06,2356,摩根大通,8440,210,310,-100,0.83,10,sell
10/06,2356,新加坡商瑞銀,1650,121,72,49,0.4,11,buy
10/06,2356,台新-新營,0039004200310031,0,71,-71,0.59,11,sell
10/06,2356,港商野村,1560,45,0,45,0.37,12,buy
10/06,2356,國泰-敦南,8888,178,247,-69,0.57,12,sell
10/06,2356,華南永昌-豐原,9366,55,11,44,0.36,13,buy
10/06,2356,元大-樹林,003900380039006a,13,69,-56,0.46,13,sell
10/06,2356,元大-台中中港,0039003800390042,43,1,42,0.35,14,buy
10/06,2356,新百王,6210,14,63,-49,0.4,14,sell
10/06,2356,台新-高雄,0039004200310067,49,7,42,0.35,15,buy
10/06,2356,新光,8560,71,118,-47,0.39,15,sell
10/06,2002,凱基-林口,9257,1001,0,1001,5.44,1,buy
10/06,2002,美林,1440,783,1986,-1203,6.54,1,sell
10/06,2002,新加坡商瑞銀,1650,2039,1260,779,4.23,2,buy
10/06,2002,宏遠證券,1260,0,1096,-1096,5.95,2,sell
10/06,2002,凱基-城中,9227,455,0,455,2.47,3,buy
10/06,2002,康和,8450,0,907,-907,4.93,3,sell
10/06,2002,臺銀-民權,1043,438,20,418,2.27,4,buy
10/06,2002,永豐金證券,0039004100300030,99,451,-352,1.91,4,sell
10/06,2002,富邦-竹科,0039003600320043,380,2,378,2.05,5,buy
10/06,2002,美商高盛,1480,1704,2009,-305,1.66,5,sell
10/06,2002,花旗環球,1590,490,136,354,1.92,6,buy
10/06,2002,第一金-路竹,0035003300380050,7,246,-239,1.3,6,sell
10/06,2002,兆豐證券,7000,349,28,321,1.74,7,buy
10/06,2002,統一-平鎮,0035003800350067,0,236,-236,1.28,7,sell
10/06,2002,華南永昌-嘉義,9314,262,4,258,1.4,8,buy
10/06,2002,元大證券,9800,179,401,-222,1.21,8,sell
10/06,2002,國泰-敦南,8888,416,200,216,1.17,9,buy
10/06,2002,摩根大通,8440,349,488,-139,0.76,9,sell
10/06,2002,光和-高雄,0036003300380044,203,0,203,1.1,10,buy
10/06,2002,富邦-南員林,0039003600310052,1,120,-119,0.65,10,sell
10/06,2002,港商野村,1560,250,106,144,0.78,11,buy
10/06,2002,國票-南京,003700370039006e,0,100,-100,0.54,11,sell
10/06,2002,元大-板橋三民,9879,108,1,107,0.58,12,buy
10/06,2002,台新-大昌,0039004200320044,3,102,-99,0.54,12,sell
10/06,2002,香港上海匯豐,8960,106,0,106,0.58,13,buy
10/06,2002,元大-西屯,0039003800300077,25,115,-90,0.49,13,sell
10/06,2002,第一金-自由,0035003300380045,103,2,101,0.55,14,buy
10/06,2002,國票-南科,0037003700390065,12,100,-88,0.48,14,sell
10/06,2002,元大-大甲,0039003800390055,104,12,92,0.5,15,buy
10/06,2002,臺銀,1040,5,87,-82,0.45,15,sell
10/06,2812,凱基-台北,9268,670,219,451,5.75,1,buy
10/06,2812,美商高盛,1480,129,508,-379,4.83,1,sell
10/06,2812,合庫-桃園,0031003000320045,401,0,401,5.11,2,buy
10/06,2812,元大-左營,0039003800390044,0,222,-222,2.83,2,sell
10/06,2812,台中銀,6110,315,22,293,3.73,3,buy
10/06,2812,摩根大通,8440,285,492,-207,2.64,3,sell
10/06,2812,新加坡商瑞銀,1650,259,2,257,3.28,4,buy
10/06,2812,永豐金證券,0039004100300030,27,229,-202,2.57,4,sell
10/06,2812,台新-五權西,0039004200320035,216,5,211,2.69,5,buy
10/06,2812,宏遠-桃園,1262,0,201,-201,2.56,5,sell
10/06,2812,凱基-三多,9275,200,0,200,2.55,6,buy
10/06,2812,元大-楊梅,0039003800370041,0,151,-151,1.92,6,sell
10/06,2812,福邦-新竹,6489,150,0,150,1.91,7,buy
10/06,2812,華南永昌-南京,9326,1,135,-134,1.71,7,sell
10/06,2812,凱基-虎尾,9236,148,11,137,1.75,8,buy
10/06,2812,美林,1440,233,359,-126,1.61,8,sell
10/06,2812,富邦-竹北,9624,112,0,112,1.43,9,buy
10/06,2812,國泰-台中,8882,6,127,-121,1.54,9,sell
10/06,2812,臺銀-金山,0031003000340044,103,0,103,1.31,10,buy
10/06,2812,富邦-羅東,9634,0,112,-112,1.43,10,sell
10/06,2812,華南永昌-台南,9306,103,1,102,1.3,11,buy
10/06,2812,台新,0039004200300030,85,196,-111,1.41,11,sell
10/06,2812,富邦-斗六,0039003600320047,102,0,102,1.3,12,buy
10/06,2812,玉山-大里,003800380034004a,5,112,-107,1.36,12,sell
10/06,2812,光和-溪湖,6381,102,0,102,1.3,13,buy
10/06,2812,元大-中壢,9834,16,121,-105,1.34,13,sell
10/06,2812,(牛牛牛)亞-鑫豐,0036003000310064,84,0,84,1.07,14,buy
10/06,2812,第一金-台中,5382,6,109,-103,1.31,14,sell
10/06,2812,凱基-城中,9227,71,0,71,0.9,15,buy
10/06,2812,永豐金-天母,0039004100390047,2,100,-98,1.25,15,sell
10/06,1718,美商高盛,1480,2974,1177,1797,6.81,1,buy
10/06,1718,新加坡商瑞銀,1650,421,1655,-1234,4.68,1,sell
10/06,1718,群益金鼎-南京,0039003100380045,561,0,561,2.13,2,buy
10/06,1718,台灣摩根士丹利,1470,876,1421,-545,2.07,2,sell
10/06,1718,凱基-竹北,9234,540,12,528,2.0,3,buy
10/06,1718,美林,1440,19,457,-438,1.66,3,sell
10/06,1718,凱基-台北,9268,2190,1783,407,1.54,4,buy
10/06,1718,富邦-嘉義,9692,12,436,-424,1.61,4,sell
10/06,1718,永豐金-竹科,0039004100390058,401,4,397,1.51,5,buy
10/06,1718,永豐金-大園,0039004100390038,20,336,-316,1.2,5,sell
10/06,1718,台新,0039004200300030,416,78,338,1.28,6,buy
10/06,1718,永豐金證券,0039004100300030,99,272,-173,0.66,6,sell
10/06,1718,玉山-台南,8847,369,35,334,1.27,7,buy
10/06,1718,富邦-木柵,003900360031004d,1,164,-163,0.62,7,sell
10/06,1718,群益金鼎,9100,297,59,238,0.9,8,buy
10/06,1718,元大-清水,0039003800300065,7,145,-138,0.52,8,sell
10/06,1718,摩根大通,8440,1074,864,210,0.8,9,buy
10/06,1718,國泰-高雄,8881,39,163,-124,0.47,9,sell
10/06,1718,第一金-華江,0035003300380057,212,10,202,0.77,10,buy
10/06,1718,元大-民生三民,0039003800390058,0,120,-120,0.45,10,sell
10/06,1718,寶盛,5460,200,0,200,0.76,11,buy
10/06,1718,臺銀-臺中,0031003000340041,14,127,-113,0.43,11,sell
10/06,1718,元大-鳳山,003900380033005a,232,32,200,0.76,12,buy
10/06,1718,玉山-桃園,0038003800340046,43,144,-101,0.38,12,sell
10/06,1718,新百王,6210,156,0,156,0.59,13,buy
10/06,1718,兆豐-板橋,0037003000300042,4,103,-99,0.38,13,sell
10/06,1718,凱基-台中,9204,146,7,139,0.53,14,buy
10/06,1718,美好-基隆,5267,5,102,-97,0.37,14,sell
10/06,1718,統一,5850,134,3,131,0.5,15,buy
10/06,1718,元大-北府,0039003800300044,2,92,-90,0.34,15,sell
10/06,5876,群益金鼎,9100,404,2,402,12.89,1,buy
10/06,5876,台灣摩根士丹利,1470,126,529,-403,12.92,1,sell
10/06,5876,美商高盛,1480,527,267,260,8.34,2,buy
10/06,5876,永豐金證券,0039004100300030,299,650,-351,11.26,2,sell
10/06,5876,凱基-台北,9268,342,147,195,6.25,3,buy
10/06,5876,第一金-安和,003500330038006a,0,208,-208,6.67,3,sell
10/06,5876,花旗環球,1590,177,6,171,5.48,4,buy
10/06,5876,台新-台中,0039004200310068,0,138,-138,4.43,4,sell
10/06,5876,元大證券,9800,231,68,163,5.23,5,buy
10/06,5876,第一金-路竹,0035003300380050,0,108,-108,3.46,5,sell
10/06,5876,美林,1440,161,23,138,4.43,6,buy
10/06,5876,元大-松江,9801,10,90,-80,2.57,6,sell
10/06,5876,新加坡商瑞銀,1650,196,130,66,2.12,7,buy
10/06,5876,華南永昌-中正,9359,0,61,-61,1.96,7,sell
10/06,5876,中國信託,6160,47,0,47,1.51,8,buy
10/06,5876,中國信託-中壢,0036003100360041,0,30,-30,0.96,8,sell
10/06,5876,富邦證券,9600,40,0,40,1.28,9,buy
10/06,5876,華南永昌,9300,21,46,-25,0.8,9,sell
10/06,5876,港商野村,1560,34,0,34,1.09,10,buy
10/06,5876,元大-蘆洲,9857,0,21,-21,0.67,10,sell
10/06,5876,香港上海匯豐,8960,25,0,25,0.8,11,buy
10/06,5876,合庫-自強,0031003000320043,1,21,-20,0.64,11,sell
10/06,5876,法銀巴黎,8900,23,2,21,0.67,12,buy
10/06,5876,凱基-大安,9291,0,20,-20,0.64,12,sell
10/06,5876,華南永昌-內壢,9337,12,0,12,0.38,13,buy
10/06,5876,元大-大同,0039003800390047,0,20,-20,0.64,13,sell
10/06,5876,摩根大通,8440,204,192,12,0.38,14,buy
10/06,5876,元大-北投,0039003800390041,0,18,-18,0.58,14,sell
10/06,5876,國泰-台南,8884,10,0,10,0.32,15,buy
10/06,5876,國票-台南,0037003700390044,0,12,-12,0.38,15,sell
10/06,6257,富邦證券,9600,2709,239,2470,6.83,1,buy
10/06,6257,大和國泰,8890,0,500,-500,1.38,1,sell
10/06,6257,元大證券,9800,4714,2573,2141,5.92,2,buy
10/06,6257,國泰-敦南,8888,500,817,-317,0.88,2,sell
10/06,6257,美商高盛,1480,2848,948,1900,5.25,3,buy
10/06,6257,永豐金-桃園,0039004100390078,9,264,-255,0.71,3,sell
10/06,6257,凱基-台北,9268,2323,1061,1262,3.49,4,buy
10/06,6257,新光-台中,8561,184,403,-219,0.61,4,sell
10/06,6257,國票-敦北法人,0037003700390063,1051,8,1043,2.88,5,buy
10/06,6257,富邦-陽明,9604,102,286,-184,0.51,5,sell
10/06,6257,凱基-城中,9227,1018,42,976,2.7,6,buy
10/06,6257,國票-桃園,0037003700390072,0,181,-181,0.5,6,sell
10/06,6257,永豐金證券,0039004100300030,1305,386,919,2.54,7,buy
10/06,6257,元大-崇德,0039003800310053,9,183,-174,0.48,7,sell
10/06,6257,統一,5850,1131,266,865,2.39,8,buy
10/06,6257,華南永昌-桃園,9352,10,180,-170,0.47,8,sell
10/06,6257,美林,1440,954,99,855,2.36,9,buy
10/06,6257,兆豐-天母,003700300030004c,5,156,-151,0.42,9,sell
10/06,6257,摩根大通,8440,1259,417,842,2.33,10,buy
10/06,6257,元大-大同,0039003800390047,7,156,-149,0.41,10,sell
10/06,6257,群益金鼎,9100,1353,604,749,2.07,11,buy
10/06,6257,新光,8560,159,291,-132,0.37,11,sell
10/06,6257,台灣摩根士丹利,1470,1898,1156,742,2.05,12,buy
10/06,6257,兆豐-桃園,003700300030004d,1,122,-121,0.33,12,sell
10/06,6257,新加坡商瑞銀,1650,989,365,624,1.73,13,buy
10/06,6257,富邦-新竹,9647,16,133,-117,0.32,13,sell
10/06,6257,統一-城中,5854,490,25,465,1.29,14,buy
10/06,6257,凱基-信義,9216,12,128,-116,0.32,14,sell
10/06,6257,凱基,9200,450,25,425,1.18,15,buy
10/06,6257,永豐金-板新,003900410039004a,29,144,-115,0.32,15,sell
10/06,2887,新加坡商瑞銀,1650,3680,1294,2386,10.37,1,buy
10/06,2887,群益金鼎,9100,63,1342,-1279,5.56,1,sell
10/06,2887,元大證券,9800,2205,371,1834,7.97,2,buy
10/06,2887,凱基-台北,9268,367,1307,-940,4.09,2,sell
10/06,2887,花旗環球,1590,1061,101,960,4.17,3,buy
10/06,2887,美商高盛,1480,3050,3697,-647,2.81,3,sell
10/06,2887,國泰-敦南,8888,1000,184,816,3.55,4,buy
10/06,2887,永豐金證券,0039004100300030,313,655,-342,1.49,4,sell
10/06,2887,摩根大通,8440,1554,798,756,3.29,5,buy
10/06,2887,統一,5850,5,298,-293,1.27,5,sell
10/06,2887,元大-內湖,003900380039004e,224,2,222,0.97,6,buy
10/06,2887,永豐金-匯立,0039004100380031,0,278,-278,1.21,6,sell
10/06,2887,兆豐-埔墘,003700300030004e,205,0,205,0.89,7,buy
10/06,2887,富邦-新竹,9647,44,256,-212,0.92,7,sell
10/06,2887,台灣摩根士丹利,1470,969,817,152,0.66,8,buy
10/06,2887,美林,1440,198,404,-206,0.9,8,sell
10/06,2887,國泰-高雄,8881,170,23,147,0.64,9,buy
10/06,2887,香港上海匯豐,8960,164,362,-198,0.86,9,sell
10/06,2887,華南永昌-嘉義,9314,145,1,144,0.63,10,buy
10/06,2887,第一金-路竹,0035003300380050,1,186,-185,0.8,10,sell
10/06,2887,永豐金-高雄,0039004100390065,208,70,138,0.6,11,buy
10/06,2887,新光,8560,290,442,-152,0.66,11,sell
10/06,2887,法銀巴黎,8900,268,159,109,0.47,12,buy
10/06,2887,台新-五權西,0039004200320035,1,148,-147,0.64,12,sell
10/06,2887,凱基,9200,113,8,105,0.46,13,buy
10/06,2887,元大-民雄,0039003800310056,2,146,-144,0.63,13,sell
10/06,2887,元大-竹山,0039003800310052,142,51,91,0.4,14,buy
10/06,2887,台新-城中,0039004200320045,0,123,-123,0.53,14,sell
10/06,2887,港商野村,1560,160,71,89,0.39,15,buy
10/06,2887,兆豐-台中港,7005,7,128,-121,0.53,15,sell
10/06,2801,永豐金-中正,0039004100390055,2103,9,2094,18.03,1,buy
10/06,2801,元大證券,9800,288,1028,-740,6.37,1,sell
10/06,2801,美商高盛,1480,2057,874,1183,10.19,2,buy
10/06,2801,台灣摩根士丹利,1470,323,935,-612,5.27,2,sell
10/06,2801,凱基-台北,9268,1774,880,894,7.7,3,buy
10/06,2801,第一金,5380,0,532,-532,4.58,3,sell
10/06,2801,花旗環球,1590,521,201,320,2.76,4,buy
10/06,2801,摩根大通,8440,115,594,-479,4.13,4,sell
10/06,2801,福邦-新竹,6489,200,0,200,1.72,5,buy
10/06,2801,美林,1440,40,517,-477,4.11,5,sell
10/06,2801,永豐金-台南,0039004100390068,219,57,162,1.4,6,buy
10/06,2801,元大-內湖,003900380039004e,14,430,-416,3.58,6,sell
10/06,2801,永豐金-桃盛,003900410039004e,145,0,145,1.25,7,buy
10/06,2801,台新,0039004200300030,4,381,-377,3.25,7,sell
10/06,2801,福勝,6950,100,0,100,0.86,8,buy
10/06,2801,永豐金證券,0039004100300030,58,331,-273,2.35,8,sell
10/06,2801,凱基-豐中,9223,102,3,99,0.85,9,buy
10/06,2801,群益金鼎-延平,0039003100380078,1,164,-163,1.4,9,sell
10/06,2801,台新-大裕,003900420032006c,76,0,76,0.65,10,buy
10/06,2801,群益金鼎-民權,9131,0,162,-162,1.4,10,sell
10/06,2801,國泰-敦南,8888,99,26,73,0.63,11,buy
10/06,2801,華南永昌-敦南,9347,0,134,-134,1.15,11,sell
10/06,2801,新光-台中,8561,70,4,66,0.57,12,buy
10/06,2801,致和證券,7030,1,126,-125,1.08,12,sell
10/06,2801,港商野村,1560,57,0,57,0.49,13,buy
10/06,2801,華南永昌-大安,9307,2,116,-114,0.98,13,sell
10/06,2801,新加坡商瑞銀,1650,489,434,55,0.47,14,buy
10/06,2801,法銀巴黎,8900,45,149,-104,0.9,14,sell
10/06,2801,富邦-八德,0039003600330041,53,2,51,0.44,15,buy
10/06,2801,富邦證券,9600,21,118,-97,0.84,15,sell
10/06,1815,群益金鼎,9100,1181,103,1078,1.44,1,buy
10/06,1815,美商高盛,1480,1994,3865,-1871,2.5,1,sell
10/06,1815,摩根大通,8440,1171,826,345,0.46,2,buy
10/06,1815,永豐金證券,0039004100300030,840,1453,-613,0.82,2,sell
10/06,1815,台灣摩根士丹利,1470,5501,5195,306,0.41,3,buy
10/06,1815,元大證券,9800,6913,7459,-546,0.73,3,sell
10/06,1815,國票-中和,0037003700390058,383,127,256,0.34,4,buy
10/06,1815,國票-敦北法人,0037003700390063,10,516,-506,0.68,4,sell
10/06,1815,美林,1440,539,311,228,0.3,5,buy
10/06,1815,國泰證券,8880,81,449,-368,0.49,5,sell
10/06,1815,群益金鼎-台北,0039003100380058,729,554,175,0.23,6,buy
10/06,1815,凱基-員林,9231,30,334,-304,0.41,6,sell
10/06,1815,新光,8560,816,647,169,0.23,7,buy
10/06,1815,台新-安南,003900420032005a,30,178,-148,0.2,7,sell
10/06,1815,國泰-敦南,8888,2293,2128,165,0.22,8,buy
10/06,1815,統一-南京,0035003800350055,213,350,-137,0.18,8,sell
10/06,1815,宏遠-高雄,0031003200360051,157,14,143,0.19,9,buy
10/06,1815,凱基-鳳山,9274,33,159,-126,0.17,9,sell
10/06,1815,富邦-仁愛,9676,396,264,132,0.18,10,buy
10/06,1815,統一-城中,5854,50,169,-119,0.16,10,sell
10/06,1815,華南永昌-台中,9302,204,101,103,0.14,11,buy
10/06,1815,新加坡商瑞銀,1650,770,885,-115,0.15,11,sell
10/06,1815,凱基-竹科,9272,145,46,99,0.13,12,buy
10/06,1815,宏遠-民生,1261,3,115,-112,0.15,12,sell
10/06,1815,國泰-館前,0038003800380041,343,253,90,0.12,13,buy
10/06,1815,港商野村,1560,37,142,-105,0.14,13,sell
10/06,1815,元大-南屯,9853,136,47,89,0.12,14,buy
10/06,1815,永豐金-台中,003900410039004c,81,181,-100,0.13,14,sell
10/06,1815,富邦-建國,9658,294,205,89,0.12,15,buy
10/06,1815,台新-城東,0039004200320072,30,125,-95,0.13,15,sell
10/06,2884,台灣摩根士丹利,1470,1463,204,1259,10.38,1,buy
10/06,2884,永豐金證券,0039004100300030,172,1036,-864,7.13,1,sell
10/06,2884,元大證券,9800,1506,255,1251,10.32,2,buy
10/06,2884,美林,1440,247,772,-525,4.33,2,sell
10/06,2884,新加坡商瑞銀,1650,1618,396,1222,10.08,3,buy
10/06,2884,國泰-敦南,8888,97,321,-224,1.85,3,sell
10/06,2884,美商高盛,1480,1492,315,1177,9.71,4,buy
10/06,2884,新光-新竹,8563,1,202,-201,1.66,4,sell
10/06,2884,凱基-台北,9268,1442,432,1010,8.33,5,buy
10/06,2884,元大-中山北路,0039003800300061,0,194,-194,1.6,5,sell
10/06,2884,摩根大通,8440,905,157,748,6.17,6,buy
10/06,2884,群益金鼎-基隆,0039003100330045,5,189,-184,1.52,6,sell
10/06,2884,港商野村,1560,608,56,552,4.55,7,buy
10/06,2884,玉山證券,8840,16,155,-139,1.15,7,sell
10/06,2884,花旗環球,1590,493,130,363,2.99,8,buy
10/06,2884,合庫證券,1020,5,138,-133,1.1,8,sell
10/06,2884,法銀巴黎,8900,117,0,117,0.96,9,buy
10/06,2884,玉山-板橋,8846,18,152,-134,1.11,9,sell
10/06,2884,凱基-桃園,9208,110,18,92,0.76,10,buy
10/06,2884,玉山-景美,8849,3,133,-130,1.07,10,sell
10/06,2884,國泰證券,8880,71,0,71,0.59,11,buy
10/06,2884,永豐金-潮州,0039004100390071,0,129,-129,1.06,11,sell
10/06,2884,國票證券,7790,51,1,50,0.41,12,buy
10/06,2884,玉山-城中,0038003800340045,3,131,-128,1.06,12,sell
10/06,2884,合庫-自強,0031003000320043,49,1,48,0.4,13,buy
10/06,2884,凱基-竹科,9272,0,111,-111,0.92,13,sell
10/06,2884,富邦證券,9600,66,22,44,0.36,14,buy
10/06,2884,群益金鼎-中壢,0039003100380041,2,110,-108,0.89,14,sell
10/06,2884,香港上海匯豐,8960,101,64,37,0.31,15,buy
10/06,2884,群益金鼎-高盛,9105,0,90,-90,0.74,15,sell
10/06,2890,美商高盛,1480,5014,1261,3753,18.73,1,buy
10/06,2890,摩根大通,8440,141,2186,-2045,10.21,1,sell
10/06,2890,永豐金證券,0039004100300030,2519,609,1910,9.53,2,buy
10/06,2890,群益金鼎-古亭,0039003100380043,0,701,-701,3.5,2,sell
10/06,2890,港商野村,1560,1540,617,923,4.61,3,buy
10/06,2890,玉山-高雄,8843,0,415,-415,2.07,3,sell
10/06,2890,元大證券,9800,990,182,808,4.03,4,buy
10/06,2890,台灣摩根士丹利,1470,801,1200,-399,1.99,4,sell
10/06,2890,凱基-台北,9268,1341,660,681,3.4,5,buy
10/06,2890,永豐金-台南,0039004100390068,39,335,-296,1.48,5,sell
10/06,2890,群益金鼎-新竹,9186,550,3,547,2.73,6,buy
10/06,2890,港商麥格理,1360,0,290,-290,1.45,6,sell
10/06,2890,花旗環球,1590,434,0,434,2.17,7,buy
10/06,2890,永豐金-高雄,0039004100390065,2,230,-228,1.14,7,sell
10/06,2890,凱基,9200,313,0,313,1.56,8,buy
10/06,2890,新加坡商瑞銀,1650,1203,1420,-217,1.08,8,sell
10/06,2890,台新-城東,0039004200320072,217,14,203,1.01,9,buy
10/06,2890,永豐金-彰化,0039004100390073,0,204,-204,1.02,9,sell
10/06,2890,臺銀-高雄,0031003000340043,208,16,192,0.96,10,buy
10/06,2890,國泰-敦南,8888,42,215,-173,0.86,10,sell
10/06,2890,元大-屏南,0039003800310072,100,4,96,0.48,11,buy
10/06,2890,永豐金-鳳山,0039004100360031,0,108,-108,0.54,11,sell
10/06,2890,法銀巴黎,8900,96,5,91,0.45,12,buy
10/06,2890,富邦-南屯,9666,31,124,-93,0.46,12,sell
10/06,2890,台灣企銀-桃園,0031003100310045,60,0,60,0.3,13,buy
10/06,2890,美林,1440,1672,1760,-88,0.44,13,sell
10/06,2890,香港上海匯豐,8960,82,22,60,0.3,14,buy
10/06,2890,國泰-桃園,8885,20,101,-81,0.4,14,sell
10/06,2890,兆豐-天母,003700300030004c,50,0,50,0.25,15,buy
10/06,2890,合庫證券,1020,0,79,-79,0.39,15,sell
10/06,9904,元大-民生三民,0039003800390058,750,170,580,10.63,1,buy
10/06,9904,美商高盛,1480,197,538,-341,6.25,1,sell
10/06,9904,花旗環球,1590,428,2,426,7.81,2,buy
10/06,9904,港商野村,1560,63,381,-318,5.83,2,sell
10/06,9904,台灣摩根士丹利,1470,947,551,396,7.26,3,buy
10/06,9904,永豐金證券,0039004100300030,49,292,-243,4.45,3,sell
10/06,9904,國泰-忠孝,8887,170,0,170,3.11,4,buy
10/06,9904,元大-土城永寧,9875,0,180,-180,3.3,4,sell
10/06,9904,北城證券,7750,161,0,161,2.95,5,buy
10/06,9904,群益金鼎-台中,9184,0,112,-112,2.05,5,sell
10/06,9904,摩根大通,8440,564,429,135,2.47,6,buy
10/06,9904,元大-三峽,0039003800310041,0,67,-67,1.23,6,sell
10/06,9904,中國信託,6160,133,2,131,2.4,7,buy
10/06,9904,(牛牛牛)亞-鑫豐,0036003000310064,0,63,-63,1.15,7,sell
10/06,9904,元大證券,9800,213,101,112,2.05,8,buy
10/06,9904,統一,5850,1,62,-61,1.12,8,sell
10/06,9904,土銀-白河,0031003000330043,100,0,100,1.83,9,buy
10/06,9904,玉山-信義,0038003800340043,0,60,-60,1.1,9,sell
10/06,9904,富邦證券,9600,110,14,96,1.76,10,buy
10/06,9904,富邦-新板,0039003600310048,2,62,-60,1.1,10,sell
10/06,9904,凱基,9200,51,0,51,0.93,11,buy
10/06,9904,新光,8560,4,61,-57,1.04,11,sell
10/06,9904,土銀,1030,50,0,50,0.92,12,buy
10/06,9904,元大-雙和,9874,0,51,-51,0.93,12,sell
10/06,9904,凱基-基隆,0039003200300048,50,9,41,0.75,13,buy
10/06,9904,台新,0039004200300030,2,48,-46,0.84,13,sell
10/06,9904,華南永昌-竹北,9339,41,0,41,0.75,14,buy
10/06,9904,大昌-新店,6464,1,46,-45,0.82,14,sell
10/06,9904,元大-中崙,9813,40,0,40,0.73,15,buy
10/06,9904,國泰-桃園,8885,0,45,-45,0.82,15,sell
10/06,8112,宏遠證券,1260,220,20,200,6.09,1,buy
10/06,8112,美商高盛,1480,62,283,-221,6.73,1,sell
10/06,8112,凱基-台南,9211,204,5,199,6.06,2,buy
10/06,8112,群益金鼎,9100,1,127,-126,3.84,2,sell
10/06,8112,花旗環球,1590,68,0,68,2.07,3,buy
10/06,8112,摩根大通,8440,15,137,-122,3.71,3,sell
10/06,8112,國泰-新莊,8886,61,1,60,1.83,4,buy
10/06,8112,凱基-台北,9268,164,274,-110,3.35,4,sell
10/06,8112,元大-仁愛,003900380033006a,50,3,47,1.43,5,buy
10/06,8112,華南永昌-台中,9302,20,116,-96,2.92,5,sell
10/06,8112,永豐金-大園,0039004100390038,32,1,31,0.94,6,buy
10/06,8112,永豐金-竹北,0039004100390050,0,56,-56,1.71,6,sell
10/06,8112,美林,1440,33,4,29,0.88,7,buy
10/06,8112,台灣摩根士丹利,1470,106,158,-52,1.58,7,sell
10/06,8112,富邦-嘉義,9692,30,1,29,0.88,8,buy
10/06,8112,港商野村,1560,0,51,-51,1.55,8,sell
10/06,8112,元大-復北,9872,28,1,27,0.82,9,buy
10/06,8112,新加坡商瑞銀,1650,5,46,-41,1.25,9,sell
10/06,8112,華南永昌-苗栗,9362,30,3,27,0.82,10,buy
10/06,8112,台新-府城,0039004200320039,0,37,-37,1.13,10,sell
10/06,8112,元大-羅東,0039003800320041,26,1,25,0.76,11,buy
10/06,8112,富邦-三重,9677,4,40,-36,1.1,11,sell
10/06,8112,凱基-台中,9204,26,2,24,0.73,12,buy
10/06,8112,凱基,9200,0,30,-30,0.91,12,sell
10/06,8112,凱基-桃園,9208,26,3,23,0.7,13,buy
10/06,8112,玉山證券,8840,10,39,-29,0.88,13,sell
10/06,8112,臺銀-高雄,0031003000340043,41,20,21,0.64,14,buy
10/06,8112,元大-文心興安,9854,2,29,-27,0.82,14,sell
10/06,8112,富邦-新竹,9647,24,4,20,0.61,15,buy
10/06,8112,凱基-內湖,9287,0,23,-23,0.7,15,sell
10/06,2633,美林,1440,346,65,281,7.64,1,buy
10/06,2633,美商高盛,1480,78,1165,-1087,29.56,1,sell
10/06,2633,凱基-台北,9268,388,148,240,6.53,2,buy
10/06,2633,摩根大通,8440,124,524,-400,10.88,2,sell
10/06,2633,永豐金證券,0039004100300030,1039,817,222,6.04,3,buy
10/06,2633,第一金-路竹,0035003300380050,0,180,-180,4.9,3,sell
10/06,2633,玉山-新莊,8842,201,1,200,5.44,4,buy
10/06,2633,群益金鼎,9100,0,108,-108,2.94,4,sell
10/06,2633,凱基-彰化,0039003200300047,200,6,194,5.28,5,buy
10/06,2633,國泰-台南,8884,8,75,-67,1.82,5,sell
10/06,2633,新加坡商瑞銀,1650,135,4,131,3.56,6,buy
10/06,2633,台中銀-豐原,0036003100310041,0,35,-35,0.95,6,sell
10/06,2633,國泰-板橋,003800380038004b,97,8,89,2.42,7,buy
10/06,2633,凱基-竹東,9273,0,34,-34,0.92,7,sell
10/06,2633,華南永昌-岡山,9324,71,2,69,1.88,8,buy
10/06,2633,台新-基隆,0039004200320053,0,25,-25,0.68,8,sell
10/06,2633,中國信託,6160,38,0,38,1.03,9,buy
10/06,2633,富邦-青埔,003900360031004e,0,20,-20,0.54,9,sell
10/06,2633,玉山-左營,0038003800340044,35,0,35,0.95,10,buy
10/06,2633,元大證券,9800,12,31,-19,0.52,10,sell
10/06,2633,富邦-仁愛,9676,31,0,31,0.84,11,buy
10/06,2633,花旗環球,1590,18,37,-19,0.52,11,sell
10/06,2633,國票-安和,003700370039005a,24,0,24,0.65,12,buy
10/06,2633,統一-中壢,5853,0,14,-14,0.38,12,sell
10/06,2633,元大-旗山,003900380031006e,20,0,20,0.54,13,buy
10/06,2633,國泰-敦南,8888,13,24,-11,0.3,13,sell
10/06,2633,統一-東湖,0035003800350052,20,0,20,0.54,14,buy
10/06,2633,玉山-大里,003800380034004a,0,11,-11,0.3,14,sell
10/06,2633,口袋證券,6620,20,0,20,0.54,15,buy
10/06,2633,華南永昌-小港,9323,0,10,-10,0.27,15,sell
10/06,2542,台灣摩根士丹利,1470,1520,15,1505,23.41,1,buy
10/06,2542,永豐金證券,0039004100300030,19,1177,-1158,18.01,1,sell
10/06,2542,美商高盛,1480,1034,99,935,14.54,2,buy
10/06,2542,群益金鼎,9100,4,713,-709,11.03,2,sell
10/06,2542,凱基-台北,9268,565,307,258,4.01,3,buy
10/06,2542,摩根大通,8440,337,881,-544,8.46,3,sell
10/06,2542,港商野村,1560,254,48,206,3.2,4,buy
10/06,2542,國泰證券,8880,0,300,-300,4.67,4,sell
10/06,2542,美林,1440,227,123,104,1.62,5,buy
10/06,2542,永豐金-市政,0039004100390057,5,301,-296,4.6,5,sell
10/06,2542,中國信託,6160,94,0,94,1.46,6,buy
10/06,2542,元大證券,9800,197,434,-237,3.69,6,sell
10/06,2542,新加坡商瑞銀,1650,263,177,86,1.34,7,buy
10/06,2542,第一金-路竹,0035003300380050,6,60,-54,0.84,7,sell
10/06,2542,元大-景美,0039003800340048,90,19,71,1.1,8,buy
10/06,2542,元大-台北,0039003800300068,2,53,-51,0.79,8,sell
10/06,2542,新光,8560,89,26,63,0.98,9,buy
10/06,2542,美好-基隆,5267,0,31,-31,0.48,9,sell
10/06,2542,富邦-永和,9654,47,9,38,0.59,10,buy
10/06,2542,元大-新莊,9898,2,33,-31,0.48,10,sell
10/06,2542,台新,0039004200300030,80,42,38,0.59,11,buy
10/06,2542,統一-桃園,0035003800350048,1,27,-26,0.4,11,sell
10/06,2542,富邦-台北,9623,51,18,33,0.51,12,buy
10/06,2542,台新-信義,0039004200320048,0,24,-24,0.37,12,sell
10/06,2542,國泰-敦南,8888,65,36,29,0.45,13,buy
10/06,2542,國泰-台中,8882,4,27,-23,0.36,13,sell
10/06,2542,第一金-台南,5384,42,13,29,0.45,14,buy
10/06,2542,第一金-桃園,5385,3,26,-23,0.36,14,sell
10/06,2542,永豐金-新店,0039004100390069,27,1,26,0.4,15,buy
10/06,2542,第一金-華江,0035003300380057,3,23,-20,0.31,15,sell
10/06,5871,兆豐-中壢,0037003000300062,1798,0,1798,28.59,1,buy
10/06,5871,台灣摩根士丹利,1470,211,1186,-975,15.51,1,sell
10/06,5871,華南永昌-苗栗,9362,297,21,276,4.39,2,buy
10/06,5871,香港上海匯豐,8960,10,764,-754,11.99,2,sell
10/06,5871,凱基-員林,9231,247,0,247,3.93,3,buy
10/06,5871,凱基-台北,9268,124,700,-576,9.16,3,sell
10/06,5871,花旗環球,1590,490,248,242,3.85,4,buy
10/06,5871,美商高盛,1480,149,696,-547,8.7,4,sell
10/06,5871,元大證券,9800,203,39,164,2.61,5,buy
10/06,5871,港商麥格理,1360,0,224,-224,3.56,5,sell
10/06,5871,台新-台北,0039004200320030,152,0,152,2.42,6,buy
10/06,5871,國泰證券,8880,9,212,-203,3.23,6,sell
10/06,5871,港商野村,1560,89,0,89,1.42,7,buy
10/06,5871,新加坡商瑞銀,1650,56,169,-113,1.8,7,sell
10/06,5871,富邦證券,9600,102,19,83,1.32,8,buy
10/06,5871,統一,5850,15,125,-110,1.75,8,sell
10/06,5871,臺銀-民權,1043,36,0,36,0.57,9,buy
10/06,5871,法銀巴黎,8900,10,112,-102,1.62,9,sell
10/06,5871,永豐金-板新,003900410039004a,62,27,35,0.56,10,buy
10/06,5871,亞東,2180,1,100,-99,1.57,10,sell
10/06,5871,玉山-高雄,8843,54,21,33,0.52,11,buy
10/06,5871,統一-中壢,5853,0,50,-50,0.8,11,sell
10/06,5871,永豐金-鳳山,0039004100360031,30,0,30,0.48,12,buy
10/06,5871,永豐金證券,0039004100300030,54,101,-47,0.75,12,sell
10/06,5871,中國信託-永康,6163,32,4,28,0.45,13,buy
10/06,5871,北城證券,7750,0,45,-45,0.72,13,sell
10/06,5871,凱基-站前,0039003200300046,27,0,27,0.43,14,buy
10/06,5871,永豐金-新店,0039004100390069,1,37,-36,0.57,14,sell
10/06,5871,台新-台中,0039004200310068,24,0,24,0.38,15,buy
10/06,5871,富邦-板橋,9655,7,38,-31,0.49,15,sell
10/06,4938,台灣摩根士丹利,1470,1443,466,977,16.75,1,buy
10/06,4938,港商野村,1560,86,1186,-1100,18.86,1,sell
10/06,4938,美商高盛,1480,995,271,724,12.41,2,buy
10/06,4938,國泰證券,8880,101,312,-211,3.62,2,sell
10/06,4938,花旗環球,1590,342,39,303,5.2,3,buy
10/06,4938,福邦證券,6480,0,201,-201,3.45,3,sell
10/06,4938,摩根大通,8440,775,507,268,4.6,4,buy
10/06,4938,永豐金證券,0039004100300030,36,167,-131,2.25,4,sell
10/06,4938,凱基,9200,217,0,217,3.72,5,buy
10/06,4938,美好,5260,0,120,-120,2.06,5,sell
10/06,4938,統一,5850,271,56,215,3.69,6,buy
10/06,4938,國泰-館前,0038003800380041,7,106,-99,1.7,6,sell
10/06,4938,元大證券,9800,154,42,112,1.92,7,buy
10/06,4938,富邦-陽明,9604,39,122,-83,1.42,7,sell
10/06,4938,台新,0039004200300030,125,19,106,1.82,8,buy
10/06,4938,臺銀-臺南,1042,0,55,-55,0.94,8,sell
10/06,4938,富邦-三重,9677,101,5,96,1.65,9,buy
10/06,4938,凱基-竹科,9272,0,51,-51,0.87,9,sell
10/06,4938,凱基-台北,9268,253,173,80,1.37,10,buy
10/06,4938,玉山證券,8840,0,45,-45,0.77,10,sell
10/06,4938,第一金-新興,0035003300380041,60,0,60,1.03,11,buy
10/06,4938,新光,8560,11,54,-43,0.74,11,sell
10/06,4938,元大-大統,003900380031007a,30,1,29,0.5,12,buy
10/06,4938,合庫-彰化,1028,0,42,-42,0.72,12,sell
10/06,4938,台新-新興,003900420032006f,24,2,22,0.38,13,buy
10/06,4938,(牛牛牛)亞-鑫豐,0036003000310064,0,38,-38,0.65,13,sell
10/06,4938,富邦-嘉義,9692,23,3,20,0.34,14,buy
10/06,4938,凱基-台南,9211,1,39,-38,0.65,14,sell
10/06,4938,臺銀,1040,35,16,19,0.33,15,buy
10/06,4938,國泰-敦南,8888,7,45,-38,0.65,15,sell
10/06,1303,摩根大通,8440,4504,1607,2897,2.51,1,buy
10/06,1303,富邦證券,9600,931,7267,-6336,5.49,1,sell
10/06,1303,台灣摩根士丹利,1470,6313,4150,2163,1.87,2,buy
10/06,1303,凱基-信義,9216,885,3396,-2511,2.17,2,sell
10/06,1303,元大證券,9800,11505,9539,1966,1.7,3,buy
10/06,1303,國票-敦北法人,0037003700390063,29,1527,-1498,1.3,3,sell
10/06,1303,新加坡商瑞銀,1650,2688,827,1861,1.61,4,buy
10/06,1303,凱基-台北,9268,4903,6365,-1462,1.27,4,sell
10/06,1303,兆豐證券,7000,1577,38,1539,1.33,5,buy
10/06,1303,永豐金-匯立,0039004100380031,310,1716,-1406,1.22,5,sell
10/06,1303,凱基,9200,1441,29,1412,1.22,6,buy
10/06,1303,國票-安和,003700370039005a,163,1266,-1103,0.96,6,sell
10/06,1303,美商高盛,1480,5395,4807,588,0.51,7,buy
10/06,1303,美林,1440,873,1841,-968,0.84,7,sell
10/06,1303,國泰證券,8880,597,122,475,0.41,8,buy
10/06,1303,統一-城中,5854,302,1244,-942,0.82,8,sell
10/06,1303,國泰-敦南,8888,3806,3442,364,0.32,9,buy
10/06,1303,元大-大天母,9893,306,981,-675,0.58,9,sell
10/06,1303,凱基-站前,0039003200300046,489,153,336,0.29,10,buy
10/06,1303,凱基-城中,9227,170,843,-673,0.58,10,sell
10/06,1303,康和,8450,681,431,250,0.22,11,buy
10/06,1303,統一,5850,1469,2001,-532,0.46,11,sell
10/06,1303,富邦-中壢,9636,423,229,194,0.17,12,buy
10/06,1303,富邦-南屯,9666,74,553,-479,0.41,12,sell
10/06,1303,香港上海匯豐,8960,193,3,190,0.16,13,buy
10/06,1303,群益金鼎,9100,1472,1808,-336,0.29,13,sell
10/06,1303,兆豐-民生,0037003000300063,237,48,189,0.16,14,buy
10/06,1303,港商野村,1560,123,453,-330,0.29,14,sell
10/06,1303,華南永昌,9300,484,297,187,0.16,15,buy
10/06,1303,花旗環球,1590,336,654,-318,0.28,15,sell
10/06,6116,華南永昌-南京,9326,726,21,705,1.75,1,buy
10/06,6116,新加坡商瑞銀,1650,488,4091,-3603,8.93,1,sell
10/06,6116,富邦-台北,9623,604,35,569,1.41,2,buy
10/06,6116,美商高盛,1480,914,3856,-2942,7.29,2,sell
10/06,6116,美好-蘆洲,5261,1187,707,480,1.19,3,buy
10/06,6116,摩根大通,8440,448,1755,-1307,3.24,3,sell
10/06,6116,新光,8560,585,130,455,1.13,4,buy
10/06,6116,元大證券,9800,1452,2495,-1043,2.58,4,sell
10/06,6116,康和-仁愛,0038003400350046,350,1,349,0.86,5,buy
10/06,6116,凱基-台北,9268,2592,3226,-634,1.57,5,sell
10/06,6116,高橋,5320,347,26,321,0.8,6,buy
10/06,6116,國票-嘉義,0037003700390048,1,600,-599,1.48,6,sell
10/06,6116,國泰-敦南,8888,1662,1343,319,0.79,7,buy
10/06,6116,永豐金-內湖,0039004100390067,19,492,-473,1.17,7,sell
10/06,6116,合庫證券,1020,265,3,262,0.65,8,buy
10/06,6116,台灣摩根士丹利,1470,338,686,-348,0.86,8,sell
10/06,6116,元大-旗山,003900380031006e,218,6,212,0.53,9,buy
10/06,6116,統一-彰化,0035003800350046,9,222,-213,0.53,9,sell
10/06,6116,宏遠-光隆,0031003200360069,206,13,193,0.48,10,buy
10/06,6116,永豐金-屏東,0039004100360039,5,199,-194,0.48,10,sell
10/06,6116,富邦-木柵,003900360031004d,266,74,192,0.48,11,buy
10/06,6116,國票-和平,003700370039006a,58,251,-193,0.48,11,sell
10/06,6116,土銀,1030,195,8,187,0.46,12,buy
10/06,6116,元大-民雄,0039003800310056,19,202,-183,0.45,12,sell
10/06,6116,國泰-新莊,8886,218,55,163,0.4,13,buy
10/06,6116,凱基-鳳山,9274,19,192,-173,0.43,13,sell
10/06,6116,富邦-二林,0039003600320042,141,0,141,0.35,14,buy
10/06,6116,台新-西松,003900420032006e,8,170,-162,0.4,14,sell
10/06,6116,元大-木柵,003900380033004d,153,14,139,0.34,15,buy
10/06,6116,台新-同大,0039004200320050,62,219,-157,0.39,15,sell
10/06,8028,台灣摩根士丹利,1470,159,102,57,1.69,1,buy
10/06,8028,統一,5850,6,118,-112,3.33,1,sell
10/06,8028,國泰-敦南,8888,101,59,42,1.25,2,buy
10/06,8028,摩根大通,8440,41,139,-98,2.91,2,sell
10/06,8028,國泰-台中,8882,40,12,28,0.83,3,buy
10/06,8028,元大證券,9800,196,287,-91,2.7,3,sell
10/06,8028,兆豐-新竹,0037003000300056,20,2,18,0.53,4,buy
10/06,8028,新加坡商瑞銀,1650,46,92,-46,1.37,4,sell
10/06,8028,元大-敦化,9833,28,10,18,0.53,5,buy
10/06,8028,港商野村,1560,0,38,-38,1.13,5,sell
10/06,8028,凱基-台北,9268,254,237,17,0.5,6,buy
10/06,8028,臺銀-金山,0031003000340044,2,32,-30,0.89,6,sell
10/06,8028,富邦-竹北,9624,17,1,16,0.48,7,buy
10/06,8028,永豐金證券,0039004100300030,35,63,-28,0.83,7,sell
10/06,8028,國票-中和,0037003700390058,16,2,14,0.42,8,buy
10/06,8028,群益金鼎,9100,6,32,-26,0.77,8,sell
10/06,8028,美林,1440,62,48,14,0.42,9,buy
10/06,8028,亞東-板橋,2181,2,27,-25,0.74,9,sell
10/06,8028,台新-彰化,003900420032004d,13,0,13,0.39,10,buy
10/06,8028,玉山-高雄,8843,5,28,-23,0.68,10,sell
10/06,8028,第一金-路竹,0035003300380050,14,1,13,0.39,11,buy
10/06,8028,台新-三重,0039004200320033,2,25,-23,0.68,11,sell
10/06,8028,群益金鼎-崇德,0039003100330055,16,4,12,0.36,12,buy
10/06,8028,元大-中和,0039003800390065,1,20,-19,0.56,12,sell
10/06,8028,永豐金-南京,0039004100390053,16,4,12,0.36,13,buy
10/06,8028,臺銀-臺中,0031003000340041,8,27,-19,0.56,13,sell
10/06,8028,永豐金-板新,003900410039004a,15,4,11,0.33,14,buy
10/06,8028,統一-東湖,0035003800350052,0,18,-18,0.53,14,sell
10/06,8028,元大-羅東,0039003800320041,10,0,10,0.3,15,buy
10/06,8028,台新-松德,0039004200320061,3,17,-14,0.42,15,sell
10/06,2353,摩根大通,8440,1219,324,895,5.78,1,buy
10/06,2353,花旗環球,1590,58,4200,-4142,26.73,1,sell
10/06,2353,美商高盛,1480,1032,160,872,5.63,2,buy
10/06,2353,元大-歸仁,0039003800310061,13,2777,-2764,17.84,2,sell
10/06,2353,凱基-台北,9268,1018,213,805,5.2,3,buy
10/06,2353,台新-松江,0039004200310035,2,355,-353,2.28,3,sell
10/06,2353,兆豐-三民,0037003000300068,311,1,310,2.0,4,buy
10/06,2353,元大-員林中山,9835,11,358,-347,2.24,4,sell
10/06,2353,富邦-新竹,9647,314,25,289,1.87,5,buy
10/06,2353,華南永昌-東勢,9358,2,276,-274,1.77,5,sell
10/06,2353,臺銀-民權,1043,259,17,242,1.56,6,buy
10/06,2353,永豐金證券,0039004100300030,131,333,-202,1.3,6,sell
10/06,2353,臺銀,1040,219,4,215,1.39,7,buy
10/06,2353,台灣摩根士丹利,1470,864,1000,-136,0.88,7,sell
10/06,2353,元大-北府,0039003800300044,203,1,202,1.3,8,buy
10/06,2353,群益金鼎-古亭,0039003100380043,25,142,-117,0.76,8,sell
10/06,2353,兆豐-天母,003700300030004c,201,0,201,1.3,9,buy
10/06,2353,元大-大統,003900380031007a,0,104,-104,0.67,9,sell
10/06,2353,華南永昌-楠梓,9332,140,0,140,0.9,10,buy
10/06,2353,元大-景美,0039003800340048,1,80,-79,0.51,10,sell
10/06,2353,永豐金-亞灣,0039004100390061,125,0,125,0.81,11,buy
10/06,2353,富邦證券,9600,108,184,-76,0.49,11,sell
10/06,2353,新光,8560,153,30,123,0.79,12,buy
10/06,2353,國票-南京,003700370039006e,0,75,-75,0.48,12,sell
10/06,2353,元大-桃園,0039003800380042,130,12,118,0.76,13,buy
10/06,2353,統一-三重,003500380035004a,6,77,-71,0.46,13,sell
10/06,2353,第一金-自由,0035003300380045,116,2,114,0.74,14,buy
10/06,2353,國泰證券,8880,11,80,-69,0.45,14,sell
10/06,2353,兆豐-竹北,7007,105,0,105,0.68,15,buy
10/06,2353,美林,1440,10,76,-66,0.43,15,sell
10/06,6505,(牛牛牛)亞證券,6010,2100,1,2099,8.81,1,buy
10/06,6505,港商麥格理,1360,0,1245,-1245,5.22,1,sell
10/06,6505,元大證券,9800,3055,1687,1368,5.74,2,buy
10/06,6505,元大-館前,003900380034004b,13,726,-713,2.99,2,sell
10/06,6505,第一金,5380,1215,13,1202,5.04,3,buy
10/06,6505,美林,1440,17,610,-593,2.49,3,sell
10/06,6505,美商高盛,1480,2029,1288,741,3.11,4,buy
10/06,6505,香港上海匯豐,8960,0,501,-501,2.1,4,sell
10/06,6505,國泰證券,8880,765,39,726,3.05,5,buy
10/06,6505,港商野村,1560,0,363,-363,1.52,5,sell
10/06,6505,凱基,9200,552,10,542,2.27,6,buy
10/06,6505,國泰-敦南,8888,382,639,-257,1.08,6,sell
10/06,6505,花旗環球,1590,475,10,465,1.95,7,buy
10/06,6505,中國信託-忠孝,6162,10,220,-210,0.88,7,sell
10/06,6505,華南永昌,9300,456,75,381,1.6,8,buy
10/06,6505,台新-板橋,0039004200320062,20,197,-177,0.74,8,sell
10/06,6505,統一,5850,430,64,366,1.54,9,buy
10/06,6505,凱基-台北,9268,1577,1741,-164,0.69,9,sell
10/06,6505,新加坡商瑞銀,1650,630,313,317,1.33,10,buy
10/06,6505,永豐金-匯立,0039004100380031,0,150,-150,0.63,10,sell
10/06,6505,台灣摩根士丹利,1470,1057,766,291,1.22,11,buy
10/06,6505,富邦-南員林,0039003600310052,22,170,-148,0.62,11,sell
10/06,6505,永豐金證券,0039004100300030,505,331,174,0.73,12,buy
10/06,6505,凱基-竹科,9272,71,182,-111,0.47,12,sell
10/06,6505,台新,0039004200300030,256,95,161,0.68,13,buy
10/06,6505,玉山-台中,0038003800340042,81,185,-104,0.44,13,sell
10/06,6505,台新-台北,0039004200320030,155,4,151,0.63,14,buy
10/06,6505,富邦-建國,9658,26,124,-98,0.41,14,sell
10/06,6505,台新-北中壢,003900420032004c,119,2,117,0.49,15,buy
10/06,6505,國泰-桃園,8885,39,125,-86,0.36,15,sell
10/06,2883,美商高盛,1480,8765,2212,6553,20.95,1,buy
10/06,2883,富邦證券,9600,145,4225,-4080,13.05,1,sell
10/06,2883,摩根大通,8440,3048,35,3013,9.63,2,buy
10/06,2883,台灣摩根士丹利,1470,1337,5132,-3795,12.14,2,sell
10/06,2883,兆豐-北高雄,0037003000300049,1057,45,1012,3.24,3,buy
10/06,2883,華南永昌-忠孝,9325,2,2001,-1999,6.39,3,sell
10/06,2883,康和,8450,1080,80,1000,3.2,4,buy
10/06,2883,永豐金-匯立,0039004100380031,0,1574,-1574,5.03,4,sell
10/06,2883,凱基-台北,9268,1460,537,923,2.95,5,buy
10/06,2883,凱基,9200,4,914,-910,2.91,5,sell
10/06,2883,港商野村,1560,919,0,919,2.94,6,buy
10/06,2883,永豐金證券,0039004100300030,306,768,-462,1.48,6,sell
10/06,2883,元大證券,9800,1161,297,864,2.76,7,buy
10/06,2883,凱基-站前,0039003200300046,22,381,-359,1.15,7,sell
10/06,2883,美林,1440,1065,233,832,2.66,8,buy
10/06,2883,聯邦證券,8580,0,351,-351,1.12,8,sell
10/06,2883,元大-桃興,9894,618,10,608,1.94,9,buy
10/06,2883,大昌-桃園,6465,0,285,-285,0.91,9,sell
10/06,2883,花旗環球,1590,1583,1035,548,1.75,10,buy
10/06,2883,國泰證券,8880,13,275,-262,0.84,10,sell
10/06,2883,國泰-新莊,8886,372,28,344,1.1,11,buy
10/06,2883,香港上海匯豐,8960,102,333,-231,0.74,11,sell
10/06,2883,富邦-新板,0039003600310048,201,8,193,0.62,12,buy
10/06,2883,元大-員林,9889,11,228,-217,0.69,12,sell
10/06,2883,群益金鼎-台南,9185,200,10,190,0.61,13,buy
10/06,2883,第一金-台南,5384,5,166,-161,0.51,13,sell
10/06,2883,玉山-信義,0038003800340043,156,39,117,0.37,14,buy
10/06,2883,元大-高雄,003900380031006d,15,153,-138,0.44,14,sell
10/06,2883,凱基-中壢,9285,136,21,115,0.37,15,buy
10/06,2883,新加坡商瑞銀,1650,1177,1301,-124,0.4,15,sell
10/06,2610,台新-彰化,003900420032004d,1600,12,1588,18.65,1,buy
10/06,2610,台灣摩根士丹利,1470,171,1440,-1269,14.9,1,sell
10/06,2610,元大-員林,9889,525,0,525,6.17,2,buy
10/06,2610,新加坡商瑞銀,1650,21,1144,-1123,13.19,2,sell
10/06,2610,花旗環球,1590,423,0,423,4.97,3,buy
10/06,2610,永豐金證券,0039004100300030,43,461,-418,4.91,3,sell
10/06,2610,中國信託,6160,194,5,189,2.22,4,buy
10/06,2610,香港上海匯豐,8960,0,348,-348,4.09,4,sell
10/06,2610,富邦-羅東,9634,150,1,149,1.75,5,buy
10/06,2610,摩根大通,8440,191,474,-283,3.32,5,sell
10/06,2610,富邦-仁愛,9676,155,13,142,1.67,6,buy
10/06,2610,台新-松德,0039004200320061,0,200,-200,2.35,6,sell
10/06,2610,國泰-桃園,8885,119,6,113,1.33,7,buy
10/06,2610,富邦證券,9600,0,159,-159,1.87,7,sell
10/06,2610,永豐金-內湖,0039004100390067,106,1,105,1.23,8,buy
10/06,2610,永豐金-中壢,0039004100390039,0,154,-154,1.81,8,sell
10/06,2610,合庫-台中,1021,102,0,102,1.2,9,buy
10/06,2610,新百王,6210,0,120,-120,1.41,9,sell
10/06,2610,富邦-八德,0039003600330041,102,0,102,1.2,10,buy
10/06,2610,元大-大天母,9893,0,102,-102,1.2,10,sell
10/06,2610,美商高盛,1480,519,422,97,1.14,11,buy
10/06,2610,凱基-台北,9268,140,221,-81,0.95,11,sell
10/06,2610,國泰-敦南,8888,115,42,73,0.86,12,buy
10/06,2610,台新-板橋,0039004200320062,16,92,-76,0.89,12,sell
10/06,2610,元大證券,9800,150,85,65,0.76,13,buy
10/06,2610,元大-草屯,0039003800390045,2,70,-68,0.8,13,sell
10/06,2610,統一-松江,003500380035005a,65,0,65,0.76,14,buy
10/06,2610,台新-台中,0039004200310068,20,85,-65,0.76,14,sell
10/06,2610,臺銀-臺中,0031003000340041,65,3,62,0.73,15,buy
10/06,2610,新光-高雄,8562,10,75,-65,0.76,15,sell
10/06,2027,摩根大通,8440,773,183,590,11.4,1,buy
10/06,2027,群益金鼎,9100,9,461,-452,8.73,1,sell
10/06,2027,花旗環球,1590,412,27,385,7.44,2,buy
10/06,2027,永豐金證券,0039004100300030,35,300,-265,5.12,2,sell
10/06,2027,富邦-陽明,9604,202,42,160,3.09,3,buy
10/06,2027,永豐金-匯立,0039004100380031,0,211,-211,4.08,3,sell
10/06,2027,美商高盛,1480,502,392,110,2.13,4,buy
10/06,2027,香港上海匯豐,8960,0,185,-185,3.57,4,sell
10/06,2027,凱基-台北,9268,336,240,96,1.85,5,buy
10/06,2027,兆豐-三民,0037003000300068,0,140,-140,2.7,5,sell
10/06,2027,元大-土城,9897,96,2,94,1.82,6,buy
10/06,2027,元大-台南,9896,2,134,-132,2.55,6,sell
10/06,2027,台灣摩根士丹利,1470,135,60,75,1.45,7,buy
10/06,2027,台新-大昌,0039004200320044,1,112,-111,2.14,7,sell
10/06,2027,新光-台中,8561,82,10,72,1.39,8,buy
10/06,2027,元大-草屯,0039003800390045,2,105,-103,1.99,8,sell
10/06,2027,兆豐-台南,7006,74,10,64,1.24,9,buy
10/06,2027,國泰-敦南,8888,52,134,-82,1.58,9,sell
10/06,2027,國票證券,7790,63,5,58,1.12,10,buy
10/06,2027,元大-楊梅,0039003800370041,3,77,-74,1.43,10,sell
10/06,2027,國泰-高雄,8881,80,23,57,1.1,11,buy
10/06,2027,新加坡商瑞銀,1650,339,399,-60,1.16,11,sell
10/06,2027,元大-四維,9831,57,2,55,1.06,12,buy
10/06,2027,富邦-木柵,003900360031004d,0,51,-51,0.99,12,sell
10/06,2027,永豐金-台南,0039004100390068,52,0,52,1.0,13,buy
10/06,2027,美林,1440,25,75,-50,0.97,13,sell
10/06,2027,華南永昌-彰化,9363,41,0,41,0.79,14,buy
10/06,2027,凱基-湖口,003900320030004e,0,40,-40,0.77,14,sell
10/06,2027,兆豐-城中,0037003000300057,41,0,41,0.79,15,buy
10/06,2027,富邦-花蓮,9621,2,32,-30,0.58,15,sell
10/06,6147,美商高盛,1480,2986,1921,1065,4.95,1,buy
10/06,6147,凱基,9200,46,1167,-1121,5.21,1,sell
10/06,6147,元大證券,9800,1540,839,701,3.26,2,buy
10/06,6147,統一,5850,224,1003,-779,3.62,2,sell
10/06,6147,台灣摩根士丹利,1470,917,299,618,2.87,3,buy
10/06,6147,兆豐證券,7000,11,762,-751,3.49,3,sell
10/06,6147,凱基-台北,9268,1582,1144,438,2.04,4,buy
10/06,6147,宏遠證券,1260,57,713,-656,3.05,4,sell
10/06,6147,摩根大通,8440,530,173,357,1.66,5,buy
10/06,6147,(牛牛牛)亞證券,6010,0,460,-460,2.14,5,sell
10/06,6147,花旗環球,1590,351,1,350,1.63,6,buy
10/06,6147,群益金鼎,9100,392,797,-405,1.88,6,sell
10/06,6147,新加坡商瑞銀,1650,480,192,288,1.34,7,buy
10/06,6147,華南永昌,9300,53,414,-361,1.68,7,sell
10/06,6147,富邦證券,9600,352,115,237,1.1,8,buy
10/06,6147,永豐金-古亭,0039004100390064,14,187,-173,0.8,8,sell
10/06,6147,統一-板橋,0035003800350050,205,8,197,0.92,9,buy
10/06,6147,中國信託,6160,86,228,-142,0.66,9,sell
10/06,6147,美林,1440,149,5,144,0.67,10,buy
10/06,6147,國泰-館前,0038003800380041,56,180,-124,0.58,10,sell
10/06,6147,群益金鼎-民權,9131,99,4,95,0.44,11,buy
10/06,6147,國泰證券,8880,37,113,-76,0.35,11,sell
10/06,6147,港商麥格理,1360,89,0,89,0.41,12,buy
10/06,6147,統一-南京,0035003800350055,8,77,-69,0.32,12,sell
10/06,6147,康和-屏東,0038003400350058,77,0,77,0.36,13,buy
10/06,6147,台新-台中,0039004200310068,53,121,-68,0.32,13,sell
10/06,6147,第一金-新竹,0035003300380042,71,6,65,0.3,14,buy
10/06,6147,玉山-高雄,8843,28,85,-57,0.26,14,sell
10/06,6147,富邦-台北,9623,160,100,60,0.28,15,buy
10/06,6147,永豐金證券,0039004100300030,159,209,-50,0.23,15,sell
10/06,2855,美商高盛,1480,524,151,373,15.48,1,buy
10/06,2855,元大證券,9800,23,120,-97,4.02,1,sell
10/06,2855,新加坡商瑞銀,1650,198,42,156,6.47,2,buy
10/06,2855,永豐金證券,0039004100300030,62,158,-96,3.98,2,sell
10/06,2855,群益金鼎,9100,134,19,115,4.77,3,buy
10/06,2855,凱基-雙和,0039003200300043,0,90,-90,3.73,3,sell
10/06,2855,元大-台北,0039003800300068,102,4,98,4.07,4,buy
10/06,2855,統一,5850,10,91,-81,3.36,4,sell
10/06,2855,台灣摩根士丹利,1470,242,169,73,3.03,5,buy
10/06,2855,永豐金-松山,0039004100390031,0,62,-62,2.57,5,sell
10/06,2855,凱基-台北,9268,144,72,72,2.99,6,buy
10/06,2855,美林,1440,6,57,-51,2.12,6,sell
10/06,2855,富邦-永和,9654,40,0,40,1.66,7,buy
10/06,2855,元大-內湖,003900380039004e,0,50,-50,2.07,7,sell
10/06,2855,中國信託,6160,38,5,33,1.37,8,buy
10/06,2855,統一-新台中,0035003800350044,1,51,-50,2.07,8,sell
10/06,2855,兆豐-來福,0037003000300043,30,0,30,1.24,9,buy
10/06,2855,統一-台南,5855,2,46,-44,1.83,9,sell
10/06,2855,群益金鼎-竹南,0039003100380069,23,0,23,0.95,10,buy
10/06,2855,華南永昌-嘉義,9314,0,38,-38,1.58,10,sell
10/06,2855,元大-上新莊,0039003800330047,22,0,22,0.91,11,buy
10/06,2855,新光,8560,5,42,-37,1.54,11,sell
10/06,2855,永豐金-台南,0039004100390068,20,0,20,0.83,12,buy
10/06,2855,富邦證券,9600,0,31,-31,1.29,12,sell
10/06,2855,元大-忠孝,9871,20,1,19,0.79,13,buy
10/06,2855,元大-崇德,0039003800310053,0,30,-30,1.24,13,sell
10/06,2855,口袋證券,6620,13,1,12,0.5,14,buy
10/06,2855,國泰-敦南,8888,49,71,-22,0.91,14,sell
10/06,2855,元大-景美,0039003800340048,11,0,11,0.46,15,buy
10/06,2855,群益金鼎-海山,9108,0,20,-20,0.83,15,sell
10/06,1402,台灣摩根士丹利,1470,670,30,640,15.77,1,buy
10/06,1402,台新-台北,0039004200320030,0,800,-800,19.71,1,sell
10/06,1402,摩根大通,8440,795,169,626,15.42,2,buy
10/06,1402,永豐金證券,0039004100300030,21,330,-309,7.61,2,sell
10/06,1402,宏遠證券,1260,500,0,500,12.32,3,buy
10/06,1402,永豐金-匯立,0039004100380031,0,284,-284,7.0,3,sell
10/06,1402,美商高盛,1480,445,76,369,9.09,4,buy
10/06,1402,元大-北屯,0039003800390064,0,200,-200,4.93,4,sell
10/06,1402,凱基-台北,9268,382,44,338,8.33,5,buy
10/06,1402,美林,1440,9,194,-185,4.56,5,sell
10/06,1402,群益金鼎-新竹,9186,187,0,187,4.61,6,buy
10/06,1402,合庫證券,1020,0,130,-130,3.2,6,sell
10/06,1402,新加坡商瑞銀,1650,145,33,112,2.76,7,buy
10/06,1402,臺銀,1040,1,101,-100,2.46,7,sell
10/06,1402,元大證券,9800,192,92,100,2.46,8,buy
10/06,1402,華南永昌-板橋,9349,0,92,-92,2.27,8,sell
10/06,1402,元大-民雄,0039003800310056,60,0,60,1.48,9,buy
10/06,1402,國泰-敦南,8888,8,77,-69,1.7,9,sell
10/06,1402,元大-台中中港,0039003800390042,51,9,42,1.03,10,buy
10/06,1402,兆豐-天母,003700300030004c,0,50,-50,1.23,10,sell
10/06,1402,亞東,2180,32,3,29,0.71,11,buy
10/06,1402,統一-彰化,0035003800350046,0,43,-43,1.06,11,sell
10/06,1402,台新,0039004200300030,39,16,23,0.57,12,buy
10/06,1402,國泰-台中,8882,2,39,-37,0.91,12,sell
10/06,1402,國票-安和,003700370039005a,20,0,20,0.49,13,buy
10/06,1402,元大-學甲,003900380033004b,0,36,-36,0.89,13,sell
10/06,1402,花旗環球,1590,20,2,18,0.44,14,buy
10/06,1402,富邦-彰化,0039003600350055,0,33,-33,0.81,14,sell
10/06,1402,元大-天母,0039003800310049,15,0,15,0.37,15,buy
10/06,1402,玉山-高雄,8843,0,30,-30,0.74,15,sell
10/06,3264,永豐金-信義,0039004100390052,502,1,501,3.77,1,buy
10/06,3264,摩根大通,8440,69,790,-721,5.43,1,sell
10/06,3264,元大證券,9800,1157,807,350,2.63,2,buy
10/06,3264,新加坡商瑞銀,1650,71,732,-661,4.98,2,sell
10/06,3264,台灣摩根士丹利,1470,616,392,224,1.69,3,buy
10/06,3264,美商高盛,1480,0,259,-259,1.95,3,sell
10/06,3264,群益金鼎,9100,266,112,154,1.16,4,buy
10/06,3264,永豐金-匯立,0039004100380031,0,165,-165,1.24,4,sell
10/06,3264,港商麥格理,1360,82,0,82,0.62,5,buy
10/06,3264,華南永昌,9300,18,174,-156,1.17,5,sell
10/06,3264,凱基-台北,9268,608,536,72,0.54,6,buy
10/06,3264,富邦-台北,9623,66,208,-142,1.07,6,sell
10/06,3264,元大-仁愛,003900380033006a,81,11,70,0.53,7,buy
10/06,3264,台新-台南,0039004200310036,16,115,-99,0.75,7,sell
10/06,3264,中國信託,6160,87,20,67,0.5,8,buy
10/06,3264,富邦-樹林,0039003600320045,18,113,-95,0.72,8,sell
10/06,3264,永豐金證券,0039004100300030,137,81,56,0.42,9,buy
10/06,3264,統一-士林,003500380035004d,12,82,-70,0.53,9,sell
10/06,3264,富邦-竹科,0039003600320043,50,7,43,0.32,10,buy
10/06,3264,國泰-板橋,003800380038004b,28,82,-54,0.41,10,sell
10/06,3264,兆豐-忠孝,0037003000300061,81,40,41,0.31,11,buy
10/06,3264,聯邦證券,8580,1,53,-52,0.39,11,sell
10/06,3264,台中銀,6110,46,7,39,0.29,12,buy
10/06,3264,元大-斗信,9884,9,58,-49,0.37,12,sell
10/06,3264,元大-南屯,9853,42,4,38,0.29,13,buy
10/06,3264,高橋,5320,6,52,-46,0.35,13,sell
10/06,3264,國泰-敦南,8888,317,281,36,0.27,14,buy
10/06,3264,彰銀,1230,1,46,-45,0.34,14,sell
10/06,3264,第一金-高雄,5383,45,10,35,0.26,15,buy
10/06,3264,凱基-大直,9218,10,54,-44,0.33,15,sell
10/06,6274,台灣摩根士丹利,1470,1225,483,742,4.24,1,buy
10/06,6274,摩根大通,8440,443,1542,-1099,6.28,1,sell
10/06,6274,富邦證券,9600,1257,636,621,3.55,2,buy
10/06,6274,凱基-城中,9227,34,730,-696,3.98,2,sell
10/06,6274,美商高盛,1480,936,622,314,1.79,3,buy
10/06,6274,凱基-台北,9268,1167,1550,-383,2.19,3,sell
10/06,6274,群益金鼎,9100,444,280,164,0.94,4,buy
10/06,6274,元大證券,9800,1378,1668,-290,1.66,4,sell
10/06,6274,美林,1440,158,83,75,0.43,5,buy
10/06,6274,富邦-仁愛,9676,31,226,-195,1.11,5,sell
10/06,6274,國票-天祥,0037003700390056,75,1,74,0.42,6,buy
10/06,6274,永豐金證券,0039004100300030,195,361,-166,0.95,6,sell
10/06,6274,統一,5850,458,388,70,0.4,7,buy
10/06,6274,新加坡商瑞銀,1650,367,523,-156,0.89,7,sell
10/06,6274,永豐金-內湖,0039004100390067,67,11,56,0.32,8,buy
10/06,6274,港商麥格理,1360,0,111,-111,0.63,8,sell
10/06,6274,華南永昌,9300,131,82,49,0.28,9,buy
10/06,6274,元大-內湖,003900380039004e,12,110,-98,0.56,9,sell
10/06,6274,大和國泰,8890,48,0,48,0.27,10,buy
10/06,6274,群益金鼎-館前,0039003100330059,8,95,-87,0.5,10,sell
10/06,6274,統一-敦南,5852,58,12,46,0.26,11,buy
10/06,6274,富邦-陽明,9604,39,118,-79,0.45,11,sell
10/06,6274,永豐金-古亭,0039004100390064,57,15,42,0.24,12,buy
10/06,6274,元大-嘉義,0039003800390067,15,91,-76,0.43,12,sell
10/06,6274,國泰-敦南,8888,289,252,37,0.21,13,buy
10/06,6274,國票-安和,003700370039005a,122,191,-69,0.39,13,sell
10/06,6274,永豐金-敦南,0039004100380046,55,22,33,0.19,14,buy
10/06,6274,統一-仁愛,0035003800350063,1,60,-59,0.34,14,sell
10/06,6274,第一金,5380,45,12,33,0.19,15,buy
10/06,6274,富邦-南屯,9666,5,56,-51,0.29,15,sell
10/06,3481,花旗環球,1590,4151,191,3960,3.14,1,buy
10/06,3481,台灣摩根士丹利,1470,276,4028,-3752,2.97,1,sell
10/06,3481,國泰-敦南,8888,4536,3693,843,0.67,2,buy
10/06,3481,美商高盛,1480,1708,4410,-2702,2.14,2,sell
10/06,3481,元大-北屯,0039003800390064,877,349,528,0.42,3,buy
10/06,3481,華南永昌-竹北,9339,19,2112,-2093,1.66,3,sell
10/06,3481,群益金鼎-基隆,0039003100330045,401,37,364,0.29,4,buy
10/06,3481,新加坡商瑞銀,1650,5110,7114,-2004,1.59,4,sell
10/06,3481,富邦-台北,9623,1130,771,359,0.28,5,buy
10/06,3481,凱基-台北,9268,3652,5345,-1693,1.34,5,sell
10/06,3481,富邦-宜蘭,9686,662,326,336,0.27,6,buy
10/06,3481,國票-博愛,003700370039007a,234,1871,-1637,1.3,6,sell
10/06,3481,群益金鼎-北高雄,0039003100330052,341,15,326,0.26,7,buy
10/06,3481,美林,1440,352,1773,-1421,1.13,7,sell
10/06,3481,國泰-台中,8882,1261,947,314,0.25,8,buy
10/06,3481,摩根大通,8440,20,1061,-1041,0.82,8,sell
10/06,3481,凱基-新莊,0039003200310053,363,81,282,0.22,9,buy
10/06,3481,元大證券,9800,5092,5737,-645,0.51,9,sell
10/06,3481,玉山-嘉義,8848,348,95,253,0.2,10,buy
10/06,3481,台新-世貿,0039004200320075,65,615,-550,0.44,10,sell
10/06,3481,元大-民雄,0039003800310056,317,64,253,0.2,11,buy
10/06,3481,凱基,9200,5,447,-442,0.35,11,sell
10/06,3481,玉山-士林,0038003800340041,446,204,242,0.19,12,buy
10/06,3481,華南永昌-大甲,9315,50,485,-435,0.34,12,sell
10/06,3481,富邦-板橋,9655,455,217,238,0.19,13,buy
10/06,3481,元大-萬華,0039003800310071,74,460,-386,0.31,13,sell
10/06,3481,玉山-大里,003800380034004a,409,178,231,0.18,14,buy
10/06,3481,永豐金-內湖,0039004100390067,36,394,-358,0.28,14,sell
10/06,3481,凱基-三重,9205,287,69,218,0.17,15,buy
10/06,3481,凱基-嘉義,9252,37,386,-349,0.28,15,sell
10/06,2313,台灣摩根士丹利,1470,10217,1091,9126,9.36,1,buy
10/06,2313,元大證券,9800,8894,14625,-5731,5.88,1,sell
10/06,2313,美林,1440,4575,481,4094,4.2,2,buy
10/06,2313,富邦證券,9600,1140,4852,-3712,3.81,2,sell
10/06,2313,摩根大通,8440,3939,1063,2876,2.95,3,buy
10/06,2313,凱基-城中,9227,45,2085,-2040,2.09,3,sell
10/06,2313,新加坡商瑞銀,1650,3147,1581,1566,1.61,4,buy
10/06,2313,國票-敦北法人,0037003700390063,86,1794,-1708,1.75,4,sell
10/06,2313,華南永昌,9300,1402,237,1165,1.19,5,buy
10/06,2313,統一,5850,319,1696,-1377,1.41,5,sell
10/06,2313,中國信託,6160,1557,468,1089,1.12,6,buy
10/06,2313,國票-安和,003700370039005a,420,1609,-1189,1.22,6,sell
10/06,2313,永豐金-匯立,0039004100380031,782,0,782,0.8,7,buy
10/06,2313,統一-城中,5854,55,616,-561,0.58,7,sell
10/06,2313,美商高盛,1480,3327,2647,680,0.7,8,buy
10/06,2313,台新,0039004200300030,500,953,-453,0.46,8,sell
10/06,2313,康和-延平,8451,362,17,345,0.35,9,buy
10/06,2313,元大-嘉義,0039003800390067,53,482,-429,0.44,9,sell
10/06,2313,花旗環球,1590,335,36,299,0.31,10,buy
10/06,2313,國泰-敦南,8888,2592,2897,-305,0.31,10,sell
10/06,2313,國泰證券,8880,536,238,298,0.31,11,buy
10/06,2313,群益金鼎-館前,0039003100330059,67,361,-294,0.3,11,sell
10/06,2313,凱基-台北,9268,5099,4828,271,0.28,12,buy
10/06,2313,永豐金證券,0039004100300030,567,859,-292,0.3,12,sell
10/06,2313,台新-松德,0039004200320061,200,51,149,0.15,13,buy
10/06,2313,凱基,9200,118,407,-289,0.3,13,sell
10/06,2313,華南永昌-長虹,9333,301,176,125,0.13,14,buy
10/06,2313,富邦-板橋,9655,155,381,-226,0.23,14,sell
10/06,2313,永豐金-敦南,0039004100380046,186,70,116,0.12,15,buy
10/06,2313,群益金鼎,9100,2308,2532,-224,0.23,15,sell
10/06,2885,美商高盛,1480,5966,1209,4757,25.41,1,buy
10/06,2885,兆豐證券,7000,0,2000,-2000,10.68,1,sell
10/06,2885,新加坡商瑞銀,1650,2308,872,1436,7.67,2,buy
10/06,2885,永豐金-匯立,0039004100380031,0,1119,-1119,5.98,2,sell
10/06,2885,美林,1440,1495,267,1228,6.56,3,buy
10/06,2885,凱基,9200,541,1250,-709,3.79,3,sell
10/06,2885,群益金鼎-大甲,0039003100380067,1000,1,999,5.34,4,buy
10/06,2885,國票-敦北法人,0037003700390063,0,551,-551,2.94,4,sell
10/06,2885,凱基-台北,9268,1227,296,931,4.97,5,buy
10/06,2885,摩根大通,8440,395,762,-367,1.96,5,sell
10/06,2885,元大證券,9800,1224,354,870,4.65,6,buy
10/06,2885,永豐金證券,0039004100300030,224,483,-259,1.38,6,sell
10/06,2885,港商野村,1560,315,82,233,1.24,7,buy
10/06,2885,新光-高雄,8562,0,208,-208,1.11,7,sell
10/06,2885,台灣摩根士丹利,1470,692,485,207,1.11,8,buy
10/06,2885,富邦-陽明,9604,0,179,-179,0.96,8,sell
10/06,2885,富邦證券,9600,635,505,130,0.69,9,buy
10/06,2885,港商麥格理,1360,36,200,-164,0.88,9,sell
10/06,2885,元大-上新莊,0039003800330047,106,6,100,0.53,10,buy
10/06,2885,永豐金-板新,003900410039004a,5,168,-163,0.87,10,sell
10/06,2885,法銀巴黎,8900,85,0,85,0.45,11,buy
10/06,2885,彰銀,1230,0,151,-151,0.81,11,sell
10/06,2885,香港上海匯豐,8960,78,0,78,0.42,12,buy
10/06,2885,華南永昌,9300,11,116,-105,0.56,12,sell
10/06,2885,元大-員林,9889,70,7,63,0.34,13,buy
10/06,2885,兆豐-鹿港,0037003000300066,0,99,-99,0.53,13,sell
10/06,2885,康和-仁愛,0038003400350046,100,41,59,0.32,14,buy
10/06,2885,華南永昌-大安,9307,0,95,-95,0.51,14,sell
10/06,2885,口袋證券,6620,65,8,57,0.3,15,buy
10/06,2885,國泰-敦南,8888,120,213,-93,0.5,15,sell
10/06,6669,美商高盛,1480,322,127,195,3.69,1,buy
10/06,6669,元大證券,9800,482,844,-362,6.85,1,sell
10/06,6669,國票-博愛,003700370039007a,152,4,148,2.8,2,buy
10/06,6669,兆豐-中壢,0037003000300062,10,191,-181,3.43,2,sell
10/06,6669,香港上海匯豐,8960,100,19,81,1.53,3,buy
10/06,6669,美林,1440,60,195,-135,2.55,3,sell
10/06,6669,富邦-台北,9623,71,7,64,1.21,4,buy
10/06,6669,港商麥格理,1360,2,111,-109,2.06,4,sell
10/06,6669,國泰證券,8880,67,7,60,1.14,5,buy
10/06,6669,國票-安和,003700370039005a,19,79,-60,1.14,5,sell
10/06,6669,統一-南京,0035003800350055,75,27,48,0.91,6,buy
10/06,6669,凱基,9200,43,89,-46,0.87,6,sell
10/06,6669,康和,8450,46,1,45,0.85,7,buy
10/06,6669,花旗環球,1590,53,98,-45,0.85,7,sell
10/06,6669,新加坡商瑞銀,1650,188,143,45,0.85,8,buy
10/06,6669,凱基-台北,9268,241,275,-34,0.64,8,sell
10/06,6669,凱基-站前,0039003200300046,42,12,30,0.57,9,buy
10/06,6669,康和-板橋,0038003400350044,1,27,-26,0.49,9,sell
10/06,6669,群益金鼎-台北,0039003100380058,64,38,26,0.49,10,buy
10/06,6669,法銀巴黎,8900,0,19,-19,0.36,10,sell
10/06,6669,永豐金-中正,0039004100390055,43,18,25,0.47,11,buy
10/06,6669,台新,0039004200300030,43,62,-19,0.36,11,sell
10/06,6669,群益金鼎,9100,57,32,25,0.47,12,buy
10/06,6669,台中銀-豐原,0036003100310041,5,23,-18,0.34,12,sell
10/06,6669,富邦證券,9600,38,15,23,0.44,13,buy
10/06,6669,中國信託-忠孝,6162,4,20,-16,0.3,13,sell
10/06,6669,凱基-大安,9291,26,6,20,0.38,14,buy
10/06,6669,聯邦證券,8580,4,18,-14,0.26,14,sell
10/06,6669,凱基-大直,9218,21,1,20,0.38,15,buy
10/06,6669,新光-台中,8561,5,19,-14,0.26,15,sell
10/06,6239,台灣摩根士丹利,1470,2742,649,2093,7.65,1,buy
10/06,6239,凱基,9200,433,1002,-569,2.08,1,sell
10/06,6239,美商高盛,1480,1917,356,1561,5.7,2,buy
10/06,6239,國泰-敦南,8888,405,751,-346,1.26,2,sell
10/06,6239,元大證券,9800,2655,1602,1053,3.85,3,buy
10/06,6239,兆豐-民生,0037003000300063,5,335,-330,1.21,3,sell
10/06,6239,新加坡商瑞銀,1650,1295,316,979,3.58,4,buy
10/06,6239,國票-敦北法人,0037003700390063,1,257,-256,0.94,4,sell
10/06,6239,永豐金證券,0039004100300030,1047,220,827,3.02,5,buy
10/06,6239,新光,8560,155,323,-168,0.61,5,sell
10/06,6239,富邦證券,9600,795,23,772,2.82,6,buy
10/06,6239,永豐金-中壢,0039004100390039,71,191,-120,0.44,6,sell
10/06,6239,摩根大通,8440,843,210,633,2.31,7,buy
10/06,6239,元大-豐原,9838,47,166,-119,0.43,7,sell
10/06,6239,美林,1440,743,199,544,1.99,8,buy
10/06,6239,元大-中壢,9834,55,154,-99,0.36,8,sell
10/06,6239,港商野村,1560,246,28,218,0.8,9,buy
10/06,6239,台新,0039004200300030,151,236,-85,0.31,9,sell
10/06,6239,元大-北投,0039003800390041,196,60,136,0.5,10,buy
10/06,6239,統一,5850,189,250,-61,0.22,10,sell
10/06,6239,花旗環球,1590,119,0,119,0.43,11,buy
10/06,6239,國泰-桃園,8885,46,107,-61,0.22,11,sell
10/06,6239,群益金鼎,9100,270,172,98,0.36,12,buy
10/06,6239,富邦-台北,9623,62,123,-61,0.22,12,sell
10/06,6239,群益金鼎-大安,0039003100380065,106,9,97,0.35,13,buy
10/06,6239,玉山-台南,8847,48,108,-60,0.22,13,sell
10/06,6239,元大-鳳山,003900380033005a,95,16,79,0.29,14,buy
10/06,6239,群益金鼎-基隆,0039003100330045,11,71,-60,0.22,14,sell
10/06,6239,凱基-彰化,0039003200300047,77,10,67,0.24,15,buy
10/06,6239,國泰-高雄,8881,45,102,-57,0.21,15,sell
10/06,2845,彰銀-七賢,1232,400,1,399,10.0,1,buy
10/06,2845,台灣摩根士丹利,1470,7,721,-714,17.89,1,sell
10/06,2845,凱基-台北,9268,273,6,267,6.69,2,buy
10/06,2845,富邦-建國,9658,3,344,-341,8.54,2,sell
10/06,2845,群益金鼎-高盛,9105,250,0,250,6.26,3,buy
10/06,2845,新光-台南,8564,22,195,-173,4.33,3,sell
10/06,2845,港商野村,1560,174,0,174,4.36,4,buy
10/06,2845,美林,1440,5,126,-121,3.03,4,sell
10/06,2845,富邦-新竹,9647,82,9,73,1.83,5,buy
10/06,2845,永豐金證券,0039004100300030,25,134,-109,2.73,5,sell
10/06,2845,元大-沙鹿,0039003800300064,62,0,62,1.55,6,buy
10/06,2845,土銀-高雄,1033,0,100,-100,2.51,6,sell
10/06,2845,富邦-永和,9654,62,1,61,1.53,7,buy
10/06,2845,新加坡商瑞銀,1650,155,255,-100,2.51,7,sell
10/06,2845,臺銀-金山,0031003000340044,52,0,52,1.3,8,buy
10/06,2845,元大-高雄,003900380031006d,2,82,-80,2.0,8,sell
10/06,2845,國票-南科,0037003700390065,51,0,51,1.28,9,buy
10/06,2845,新百王,6210,0,75,-75,1.88,9,sell
10/06,2845,亞東-台南,2185,54,4,50,1.25,10,buy
10/06,2845,第一金-華江,0035003300380057,0,72,-72,1.8,10,sell
10/06,2845,中國信託-永康,6163,50,0,50,1.25,11,buy
10/06,2845,元大-雙和,9874,10,75,-65,1.63,11,sell
10/06,2845,元大-敦南,0039003800390050,50,0,50,1.25,12,buy
10/06,2845,致和-崇德,0037003000330042,8,64,-56,1.4,12,sell
10/06,2845,新光,8560,54,4,50,1.25,13,buy
10/06,2845,元大-文心興安,9854,1,56,-55,1.38,13,sell
10/06,2845,摩根大通,8440,136,91,45,1.13,14,buy
10/06,2845,統一-新竹,5857,1,51,-50,1.25,14,sell
10/06,2845,凱基-長庚,9233,42,0,42,1.05,15,buy
10/06,2845,元大-苗栗,003900380031004d,0,50,-50,1.25,15,sell
10/06,2472,港商野村,1560,64,0,64,3.96,1,buy
10/06,2472,台新,0039004200300030,3,62,-59,3.65,1,sell
10/06,2472,美林,1440,65,12,53,3.28,2,buy
10/06,2472,群益金鼎-古亭,0039003100380043,0,41,-41,2.53,2,sell
10/06,2472,新加坡商瑞銀,1650,95,55,40,2.47,3,buy
10/06,2472,凱基-台北,9268,123,154,-31,1.92,3,sell
10/06,2472,美商高盛,1480,140,105,35,2.16,4,buy
10/06,2472,元大-頭份,0039003800330055,1,26,-25,1.55,4,sell
10/06,2472,元大-南屯,9853,20,0,20,1.24,5,buy
10/06,2472,台新-城東,0039004200320072,0,19,-19,1.17,5,sell
10/06,2472,統一,5850,28,11,17,1.05,6,buy
10/06,2472,元大-鹿港,0039003800390053,0,14,-14,0.87,6,sell
10/06,2472,凱基-宜蘭,003900320030004d,10,0,10,0.62,7,buy
10/06,2472,群益金鼎-敦南,9101,0,12,-12,0.74,7,sell
10/06,2472,元大-新莊,9898,11,2,9,0.56,8,buy
10/06,2472,福勝,6950,3,15,-12,0.74,8,sell
10/06,2472,元大-文心興安,9854,8,0,8,0.49,9,buy
10/06,2472,元大-彰化,0039003800310047,0,12,-12,0.74,9,sell
10/06,2472,康和-台中,8455,9,1,8,0.49,10,buy
10/06,2472,凱基-台中,9204,0,12,-12,0.74,10,sell
10/06,2472,富邦-南港,0039003600320041,10,3,7,0.43,11,buy
10/06,2472,凱基-三峽,0039003200310045,1,11,-10,0.62,11,sell
10/06,2472,元大-發財,0039003800310045,10,3,7,0.43,12,buy
10/06,2472,富邦-竹北,9624,1,11,-10,0.62,12,sell
10/06,2472,元大-崇德,0039003800310053,7,0,7,0.43,13,buy
10/06,2472,富邦-左營,0039003600360046,4,14,-10,0.62,13,sell
10/06,2472,日進,5660,6,0,6,0.37,14,buy
10/06,2472,富邦-高雄,9659,0,10,-10,0.62,14,sell
10/06,2472,元大-善化,0039003800310079,6,0,6,0.37,15,buy
10/06,2472,華南永昌-高雄,9303,2,10,-8,0.49,15,sell
10/06,2880,凱基-台北,9268,1009,267,742,10.95,1,buy
10/06,2880,統一,5850,3,1227,-1224,18.06,1,sell
10/06,2880,台灣摩根士丹利,1470,1100,384,716,10.56,2,buy
10/06,2880,華南永昌,9300,36,340,-304,4.48,2,sell
10/06,2880,花旗環球,1590,723,29,694,10.24,3,buy
10/06,2880,永豐金證券,0039004100300030,155,314,-159,2.35,3,sell
10/06,2880,元大證券,9800,817,200,617,9.1,4,buy
10/06,2880,元大-華山,0039003800310055,0,130,-130,1.92,4,sell
10/06,2880,新加坡商瑞銀,1650,537,231,306,4.51,5,buy
10/06,2880,富邦-板橋,9655,1,106,-105,1.55,5,sell
10/06,2880,摩根大通,8440,496,345,151,2.23,6,buy
10/06,2880,群益金鼎-民權,9131,0,94,-94,1.39,6,sell
10/06,2880,港商野村,1560,150,10,140,2.07,7,buy
10/06,2880,凱基-三多,9275,0,70,-70,1.03,7,sell
10/06,2880,法銀巴黎,8900,71,0,71,1.05,8,buy
10/06,2880,國泰-新莊,8886,1,55,-54,0.8,8,sell
10/06,2880,第一金-新竹,0035003300380042,66,1,65,0.96,9,buy
10/06,2880,群益金鼎-延平,0039003100380078,0,51,-51,0.75,9,sell
10/06,2880,香港上海匯豐,8960,61,0,61,0.9,10,buy
10/06,2880,元大-太平,0039003800310051,0,50,-50,0.74,10,sell
10/06,2880,土銀-玉里,1036,25,0,25,0.37,11,buy
10/06,2880,富邦-羅東,9634,0,49,-49,0.72,11,sell
10/06,2880,台新-嘉義,0039004200320049,20,0,20,0.3,12,buy
10/06,2880,統一-三重,003500380035004a,0,44,-44,0.65,12,sell
10/06,2880,國泰-高雄,8881,22,5,17,0.25,13,buy
10/06,2880,華南永昌-中正,9359,2,43,-41,0.6,13,sell
10/06,2880,元大-屏東,9892,15,0,15,0.22,14,buy
10/06,2880,兆豐-來福,0037003000300043,1,41,-40,0.59,14,sell
10/06,2880,元大-中崙,9813,14,0,14,0.21,15,buy
10/06,2880,玉山證券,8840,2,42,-40,0.59,15,sell
10/06,4979,國泰-敦南,8888,308,164,144,1.27,1,buy
10/06,4979,凱基-台北,9268,697,2201,-1504,13.26,1,sell
10/06,4979,永豐金證券,0039004100300030,240,100,140,1.23,2,buy
10/06,4979,美商高盛,1480,93,315,-222,1.96,2,sell
10/06,4979,富邦-永和,9654,146,45,101,0.89,3,buy
10/06,4979,統一,5850,99,309,-210,1.85,3,sell
10/06,4979,永豐金-信義,0039004100390052,116,42,74,0.65,4,buy
10/06,4979,摩根大通,8440,86,271,-185,1.63,4,sell
10/06,4979,統一-仁愛,0035003800350063,67,2,65,0.57,5,buy
10/06,4979,永豐金-敦南,0039004100380046,48,229,-181,1.6,5,sell
10/06,4979,元大-蘆洲,9857,69,13,56,0.49,6,buy
10/06,4979,凱基,9200,12,182,-170,1.5,6,sell
10/06,4979,新光,8560,107,55,52,0.46,7,buy
10/06,4979,新光-台南,8564,16,184,-168,1.48,7,sell
10/06,4979,元大-華山,0039003800310055,62,16,46,0.41,8,buy
10/06,4979,國泰證券,8880,3,123,-120,1.06,8,sell
10/06,4979,兆豐-台中,7003,52,10,42,0.37,9,buy
10/06,4979,群益金鼎-館前,0039003100330059,19,138,-119,1.05,9,sell
10/06,4979,國泰-板橋,003800380038004b,74,34,40,0.35,10,buy
10/06,4979,元大-台北,0039003800300068,18,128,-110,0.97,10,sell
10/06,4979,群益金鼎-海山,9108,45,5,40,0.35,11,buy
10/06,4979,(牛牛牛)亞證券,6010,0,108,-108,0.95,11,sell
10/06,4979,兆豐-大同,0037003000300053,107,68,39,0.34,12,buy
10/06,4979,永豐金-匯立,0039004100380031,0,105,-105,0.93,12,sell
10/06,4979,富邦-板橋,9655,54,19,35,0.31,13,buy
10/06,4979,港商野村,1560,0,105,-105,0.93,13,sell
10/06,4979,台新,0039004200300030,67,32,35,0.31,14,buy
10/06,4979,富邦證券,9600,17,111,-94,0.83,14,sell
10/06,4979,陽信-石牌,8711,37,3,34,0.3,15,buy
10/06,4979,新加坡商瑞銀,1650,7,97,-90,0.79,15,sell
10/06,6005,凱基,9200,900,0,900,12.73,1,buy
10/06,6005,美商高盛,1480,342,1352,-1010,14.29,1,sell
10/06,6005,元大-金華,9878,302,0,302,4.27,2,buy
10/06,6005,台灣摩根士丹利,1470,71,898,-827,11.7,2,sell
10/06,6005,台新-台中,0039004200310068,234,1,233,3.3,3,buy
10/06,6005,凱基-台北,9268,146,749,-603,8.53,3,sell
10/06,6005,元大-彰化,0039003800310047,160,0,160,2.26,4,buy
10/06,6005,花旗環球,1590,17,327,-310,4.39,4,sell
10/06,6005,摩根大通,8440,452,313,139,1.97,5,buy
10/06,6005,美林,1440,23,325,-302,4.27,5,sell
10/06,6005,永豐金-古亭,0039004100390064,131,11,120,1.7,6,buy
10/06,6005,新加坡商瑞銀,1650,133,382,-249,3.52,6,sell
10/06,6005,群益金鼎-三重,0039003100330067,100,0,100,1.41,7,buy
10/06,6005,國泰-新莊,8886,5,95,-90,1.27,7,sell
10/06,6005,永豐金-高雄,0039004100390065,106,10,96,1.36,8,buy
10/06,6005,元大-北投,0039003800390041,11,75,-64,0.91,8,sell
10/06,6005,富邦-南京,0039003600310043,68,0,68,0.96,9,buy
10/06,6005,永豐金-潮州,0039004100390071,0,52,-52,0.74,9,sell
10/06,6005,元大-復北,9872,64,0,64,0.91,10,buy
10/06,6005,日進,5660,1,50,-49,0.69,10,sell
10/06,6005,玉山-數位,003800380034004d,58,3,55,0.78,11,buy
10/06,6005,永豐金證券,0039004100300030,34,82,-48,0.68,11,sell
10/06,6005,中國信託-高雄,003600310036004b,51,0,51,0.72,12,buy
10/06,6005,京城-嘉義,8492,32,80,-48,0.68,12,sell
10/06,6005,國泰-板橋,003800380038004b,51,0,51,0.72,13,buy
10/06,6005,台新,0039004200300030,25,70,-45,0.64,13,sell
10/06,6005,元大-鳳山,003900380033005a,50,0,50,0.71,14,buy
10/06,6005,台中銀-員林,6114,1,41,-40,0.57,14,sell
10/06,6005,統一-敦南,5852,50,0,50,0.71,15,buy
10/06,6005,國票證券,7790,3,36,-33,0.47,15,sell
10/06,2834,凱基-台北,9268,1752,325,1427,9.39,1,buy
10/06,2834,台灣摩根士丹利,1470,110,2900,-2790,18.36,1,sell
10/06,2834,福邦-新竹,6489,1110,0,1110,7.3,2,buy
10/06,2834,美商高盛,1480,172,2482,-2310,15.2,2,sell
10/06,2834,富邦-公益,0039003600310046,1243,520,723,4.76,3,buy
10/06,2834,永豐金-新莊,0039004100390048,0,499,-499,3.28,3,sell
10/06,2834,台新-烏日,0039004200320063,780,260,520,3.42,4,buy
10/06,2834,日茂,5960,0,480,-480,3.16,4,sell
10/06,2834,元大-金門,003900380031004e,374,1,373,2.45,5,buy
10/06,2834,元大-竹科,003900380030004b,8,273,-265,1.74,5,sell
10/06,2834,富邦-竹北,9624,281,0,281,1.85,6,buy
10/06,2834,群益金鼎-東門,0039003100380044,6,261,-255,1.68,6,sell
10/06,2834,凱基-豐中,9223,262,74,188,1.24,7,buy
10/06,2834,永豐金證券,0039004100300030,111,356,-245,1.61,7,sell
10/06,2834,新加坡商瑞銀,1650,659,513,146,0.96,8,buy
10/06,2834,摩根大通,8440,808,1047,-239,1.57,8,sell
10/06,2834,玉山證券,8840,157,19,138,0.91,9,buy
10/06,2834,元大-新莊,9898,6,241,-235,1.55,9,sell
10/06,2834,元大-中和,0039003800390065,130,0,130,0.86,10,buy
10/06,2834,國泰-台中,8882,22,193,-171,1.13,10,sell
10/06,2834,凱基-基隆,0039003200300048,115,1,114,0.75,11,buy
10/06,2834,新光-台南,8564,3,141,-138,0.91,11,sell
10/06,2834,國泰-板橋,003800380038004b,130,17,113,0.74,12,buy
10/06,2834,元大-大雅,0039003800330069,2,105,-103,0.68,12,sell
10/06,2834,群益金鼎-三重,0039003100330067,103,0,103,0.68,13,buy
10/06,2834,元大-嘉義,0039003800390067,1,102,-101,0.66,13,sell
10/06,2834,元大-林森,0039003800330042,101,0,101,0.66,14,buy
10/06,2834,土銀-和平,1038,0,100,-100,0.66,14,sell
10/06,2834,統一-東湖,0035003800350052,100,0,100,0.66,15,buy
10/06,2834,臺銀-高雄,0031003000340043,4,102,-98,0.64,15,sell
10/06,8039,國泰-敦南,8888,917,675,242,1.12,1,buy
10/06,8039,台灣摩根士丹利,1470,187,809,-622,2.88,1,sell
10/06,8039,元大-彰化,0039003800310047,163,12,151,0.7,2,buy
10/06,8039,元大證券,9800,2105,2633,-528,2.44,2,sell
10/06,8039,群益金鼎-東大,9135,152,7,145,0.67,3,buy
10/06,8039,群益金鼎,9100,294,810,-516,2.39,3,sell
10/06,8039,凱基-市府,0039003200300044,107,11,96,0.44,4,buy
10/06,8039,美商高盛,1480,564,1026,-462,2.14,4,sell
10/06,8039,統一-三重,003500380035004a,96,14,82,0.38,5,buy
10/06,8039,元大-台北,0039003800300068,61,319,-258,1.19,5,sell
10/06,8039,永豐金證券,0039004100300030,223,150,73,0.34,6,buy
10/06,8039,富邦證券,9600,372,626,-254,1.18,6,sell
10/06,8039,統一-敦南,5852,199,129,70,0.32,7,buy
10/06,8039,摩根大通,8440,47,256,-209,0.97,7,sell
10/06,8039,陽信,8710,73,6,67,0.31,8,buy
10/06,8039,國票-安和,003700370039005a,76,166,-90,0.42,8,sell
10/06,8039,元大-南屯,9853,77,14,63,0.29,9,buy
10/06,8039,港商麥格理,1360,0,82,-82,0.38,9,sell
10/06,8039,永豐金-屏東,0039004100360039,81,23,58,0.27,10,buy
10/06,8039,富邦-南港,0039003600320041,6,79,-73,0.34,10,sell
10/06,8039,兆豐-嘉義,7001,62,6,56,0.26,11,buy
10/06,8039,港商野村,1560,0,70,-70,0.32,11,sell
10/06,8039,玉山-台中,0038003800340042,69,16,53,0.25,12,buy
10/06,8039,富邦-七賢,003900360031004b,81,146,-65,0.3,12,sell
10/06,8039,玉山證券,8840,71,20,51,0.24,13,buy
10/06,8039,台新-板橋,0039004200320062,19,73,-54,0.25,13,sell
10/06,8039,台新-安南,003900420032005a,55,7,48,0.22,14,buy
10/06,8039,台新,0039004200300030,196,250,-54,0.25,14,sell
10/06,8039,富邦-中壢,9636,65,23,42,0.19,15,buy
10/06,8039,宏遠證券,1260,13,65,-52,0.24,15,sell
10/06,6449,群益金鼎-土城,003900310033004e,57,0,57,1.0,1,buy
10/06,6449,美商高盛,1480,162,658,-496,8.72,1,sell
10/06,6449,國泰-敦南,8888,119,63,56,0.98,2,buy
10/06,6449,台灣摩根士丹利,1470,141,467,-326,5.73,2,sell
10/06,6449,台新,0039004200300030,77,25,52,0.91,3,buy
10/06,6449,新加坡商瑞銀,1650,101,277,-176,3.09,3,sell
10/06,6449,富邦-竹北,9624,58,6,52,0.91,4,buy
10/06,6449,凱基-台北,9268,234,408,-174,3.06,4,sell
10/06,6449,統一,5850,64,21,43,0.76,5,buy
10/06,6449,玉山-大里,003800380034004a,9,105,-96,1.69,5,sell
10/06,6449,永豐金-中正,0039004100390055,46,5,41,0.72,6,buy
10/06,6449,摩根大通,8440,21,114,-93,1.64,6,sell
10/06,6449,中國信託-高雄,003600310036004b,34,1,33,0.58,7,buy
10/06,6449,美林,1440,33,101,-68,1.2,7,sell
10/06,6449,元大-成功,003900380039004c,35,2,33,0.58,8,buy
10/06,6449,永豐金-市政,0039004100390057,11,77,-66,1.16,8,sell
10/06,6449,台新-台南,0039004200310036,38,11,27,0.47,9,buy
10/06,6449,元大-內湖,003900380039004e,7,61,-54,0.95,9,sell
10/06,6449,元大-南屯,9853,35,9,26,0.46,10,buy
10/06,6449,永豐金-潮州,0039004100390071,2,48,-46,0.81,10,sell
10/06,6449,群益金鼎-丹鳳,0039003100380073,27,3,24,0.42,11,buy
10/06,6449,新光,8560,55,92,-37,0.65,11,sell
10/06,6449,富邦-陽明,9604,34,11,23,0.4,12,buy
10/06,6449,康和-台北,0038003400350055,2,29,-27,0.47,12,sell
10/06,6449,元大-太平,0039003800310051,26,3,23,0.4,13,buy
10/06,6449,凱基-竹科,9272,11,37,-26,0.46,13,sell
10/06,6449,台新-高雄,0039004200310067,35,12,23,0.4,14,buy
10/06,6449,玉山-新竹,0038003800340048,12,30,-18,0.32,14,sell
10/06,6449,永豐金-三重,003900410039004b,22,0,22,0.39,15,buy
10/06,6449,凱基-松山,9217,13,29,-16,0.28,15,sell
10/06,3706,摩根大通,8440,1068,297,771,18.65,1,buy
10/06,3706,美商高盛,1480,242,699,-457,11.05,1,sell
10/06,3706,凱基-台北,9268,408,131,277,6.7,2,buy
10/06,3706,台灣摩根士丹利,1470,108,428,-320,7.74,2,sell
10/06,3706,元大-草屯,0039003800390045,131,6,125,3.02,3,buy
10/06,3706,元大證券,9800,24,222,-198,4.79,3,sell
10/06,3706,新光,8560,122,15,107,2.59,4,buy
10/06,3706,國泰-敦南,8888,41,92,-51,1.23,4,sell
10/06,3706,花旗環球,1590,82,0,82,1.98,5,buy
10/06,3706,港商野村,1560,0,49,-49,1.19,5,sell
10/06,3706,臺銀,1040,71,0,71,1.72,6,buy
10/06,3706,元大-三民,0039003800390046,11,55,-44,1.06,6,sell
10/06,3706,群益金鼎-敦南,9101,57,6,51,1.23,7,buy
10/06,3706,永豐金證券,0039004100300030,6,49,-43,1.04,7,sell
10/06,3706,統一-台南,5855,44,2,42,1.02,8,buy
10/06,3706,元大-桃園,0039003800380042,1,42,-41,0.99,8,sell
10/06,3706,中國信託-高雄,003600310036004b,40,1,39,0.94,9,buy
10/06,3706,台新-彰化,003900420032004d,0,40,-40,0.97,9,sell
10/06,3706,元大-永春,9852,38,0,38,0.92,10,buy
10/06,3706,富邦-建國,9658,3,42,-39,0.94,10,sell
10/06,3706,中國信託-三重,6161,31,1,30,0.73,11,buy
10/06,3706,合庫-自強,0031003000320043,3,38,-35,0.85,11,sell
10/06,3706,國泰-台中,8882,33,5,28,0.68,12,buy
10/06,3706,第一金-台南,5384,1,34,-33,0.8,12,sell
10/06,3706,群益金鼎-丹鳳,0039003100380073,26,0,26,0.63,13,buy
10/06,3706,玉山-左營,0038003800340044,1,31,-30,0.73,13,sell
10/06,3706,元大-六合,0039003800320043,21,0,21,0.51,14,buy
10/06,3706,大昌-新店,6464,3,30,-27,0.65,14,sell
10/06,3706,元大-台南,9896,18,0,18,0.44,15,buy
10/06,3706,富邦-青埔,003900360031004e,1,28,-27,0.65,15,sell
10/06,2301,美商高盛,1480,1875,337,1538,8.91,1,buy
10/06,2301,台灣摩根士丹利,1470,645,2260,-1615,9.36,1,sell
10/06,2301,富邦-南港,0039003600320041,249,39,210,1.22,2,buy
10/06,2301,凱基-台北,9268,639,968,-329,1.91,2,sell
10/06,2301,凱基,9200,221,19,202,1.17,3,buy
10/06,2301,元大證券,9800,1460,1758,-298,1.73,3,sell
10/06,2301,美林,1440,440,269,171,0.99,4,buy
10/06,2301,統一,5850,103,269,-166,0.96,4,sell
10/06,2301,統一-城中,5854,157,8,149,0.86,5,buy
10/06,2301,第一金-高雄,5383,2,128,-126,0.73,5,sell
10/06,2301,永豐金-萬盛,0039004100390032,137,12,125,0.72,6,buy
10/06,2301,群益金鼎,9100,99,224,-125,0.72,6,sell
10/06,2301,花旗環球,1590,161,38,123,0.71,7,buy
10/06,2301,永豐金證券,0039004100300030,156,266,-110,0.64,7,sell
10/06,2301,凱基-中港,9202,114,15,99,0.57,8,buy
10/06,2301,港商野村,1560,25,125,-100,0.58,8,sell
10/06,2301,富邦-台北,9623,121,31,90,0.52,9,buy
10/06,2301,康和-永和,0038003400350042,2,77,-75,0.43,9,sell
10/06,2301,國票-敦北法人,0037003700390063,96,7,89,0.52,10,buy
10/06,2301,群益金鼎-古亭,0039003100380043,17,86,-69,0.4,10,sell
10/06,2301,康和,8450,66,2,64,0.37,11,buy
10/06,2301,元大-敦化,9833,6,71,-65,0.38,11,sell
10/06,2301,元大-館前,003900380034004b,85,26,59,0.34,12,buy
10/06,2301,國泰-板橋,003800380038004b,41,95,-54,0.31,12,sell
10/06,2301,兆豐-忠孝,0037003000300061,66,12,54,0.31,13,buy
10/06,2301,凱基-站前,0039003200300046,66,117,-51,0.3,13,sell
10/06,2301,華南永昌-竹北,9339,56,11,45,0.26,14,buy
10/06,2301,富邦-建國,9658,13,57,-44,0.25,14,sell
10/06,2301,國泰-新莊,8886,64,25,39,0.23,15,buy
10/06,2301,華南永昌-台中,9302,17,60,-43,0.25,15,sell
10/06,8210,國泰-敦南,8888,58,35,23,0.91,1,buy
10/06,8210,美商高盛,1480,75,319,-244,9.67,1,sell
10/06,8210,統一-新竹,5857,20,0,20,0.79,2,buy
10/06,8210,台灣摩根士丹利,1470,20,187,-167,6.62,2,sell
10/06,8210,國泰-館前,0038003800380041,19,3,16,0.63,3,buy
10/06,8210,兆豐證券,7000,0,121,-121,4.8,3,sell
10/06,8210,台中銀,6110,14,1,13,0.52,4,buy
10/06,8210,元大證券,9800,162,258,-96,3.8,4,sell
10/06,8210,元大-鳳山,003900380033005a,13,0,13,0.52,5,buy
10/06,8210,玉山證券,8840,32,115,-83,3.29,5,sell
10/06,8210,玉山-台中,0038003800340042,13,1,12,0.48,6,buy
10/06,8210,群益金鼎,9100,34,109,-75,2.97,6,sell
10/06,8210,富邦-台北,9623,12,0,12,0.48,7,buy
10/06,8210,美林,1440,13,78,-65,2.58,7,sell
10/06,8210,台新,0039004200300030,15,4,11,0.44,8,buy
10/06,8210,國泰證券,8880,1,59,-58,2.3,8,sell
10/06,8210,新光,8560,22,10,12,0.48,9,buy
10/06,8210,新加坡商瑞銀,1650,118,156,-38,1.51,9,sell
10/06,8210,富邦-陽明,9604,14,4,10,0.4,10,buy
10/06,8210,凱基-台北,9268,56,80,-24,0.95,10,sell
10/06,8210,華南永昌-中正,9359,10,0,10,0.4,11,buy
10/06,8210,凱基,9200,1,25,-24,0.95,11,sell
10/06,8210,群益金鼎-嘉義,003900310038004d,12,3,9,0.36,12,buy
10/06,8210,摩根大通,8440,12,30,-18,0.71,12,sell
10/06,8210,國泰-高雄,8881,10,2,8,0.32,13,buy
10/06,8210,台新-大裕,003900420032006c,3,11,-8,0.32,13,sell
10/06,8210,永豐金-萬盛,0039004100390032,26,17,9,0.36,14,buy
10/06,8210,統一-士林,003500380035004d,2,9,-7,0.28,14,sell
10/06,8210,國泰-新莊,8886,8,0,8,0.32,15,buy
10/06,8210,亞東,2180,0,7,-7,0.28,15,sell
10/06,2383,摩根大通,8440,380,120,260,5.11,1,buy
10/06,2383,元大證券,9800,576,1090,-514,10.11,1,sell
10/06,2383,美商高盛,1480,667,423,244,4.8,2,buy
10/06,2383,永豐金證券,0039004100300030,71,194,-123,2.42,2,sell
10/06,2383,統一,5850,257,80,177,3.48,3,buy
10/06,2383,富邦證券,9600,22,72,-50,0.98,3,sell
10/06,2383,新加坡商瑞銀,1650,429,276,153,3.01,4,buy
10/06,2383,台灣摩根士丹利,1470,300,335,-35,0.69,4,sell
10/06,2383,香港上海匯豐,8960,119,2,117,2.3,5,buy
10/06,2383,港商麥格理,1360,9,37,-28,0.55,5,sell
10/06,2383,國票-敦北法人,0037003700390063,76,3,73,1.44,6,buy
10/06,2383,凱基-城中,9227,1,22,-21,0.41,6,sell
10/06,2383,國泰證券,8880,64,4,60,1.18,7,buy
10/06,2383,凱基,9200,16,36,-20,0.39,7,sell
10/06,2383,港商野村,1560,86,33,53,1.04,8,buy
10/06,2383,花旗環球,1590,19,38,-19,0.37,8,sell
10/06,2383,群益金鼎,9100,157,107,50,0.98,9,buy
10/06,2383,台新-成功,003900420032006d,2,20,-18,0.35,9,sell
10/06,2383,玉山證券,8840,53,8,45,0.89,10,buy
10/06,2383,台新,0039004200300030,14,31,-17,0.33,10,sell
10/06,2383,台新-台北,0039004200320030,33,2,31,0.61,11,buy
10/06,2383,凱基-中港,9202,6,23,-17,0.33,11,sell
10/06,2383,中國信託,6160,29,9,20,0.39,12,buy
10/06,2383,國泰-敦南,8888,48,64,-16,0.31,12,sell
10/06,2383,凱基-台北,9268,233,222,11,0.22,13,buy
10/06,2383,美林,1440,66,82,-16,0.31,13,sell
10/06,2383,(牛牛牛)亞證券,6010,11,0,11,0.22,14,buy
10/06,2383,群益金鼎-新店,0039003100380046,0,12,-12,0.24,14,sell
10/06,2383,宏遠證券,1260,10,0,10,0.2,15,buy
10/06,2383,富邦-建國,9658,7,18,-11,0.22,15,sell
10/06,2897,港商野村,1560,109,0,109,5.82,1,buy
10/06,2897,富邦-公益,0039003600310046,0,250,-250,13.35,1,sell
10/06,2897,玉山-桃園,0038003800340046,100,0,100,5.34,2,buy
10/06,2897,第一金,5380,10,177,-167,8.92,2,sell
10/06,2897,元大-羅東,0039003800320041,100,0,100,5.34,3,buy
10/06,2897,摩根大通,8440,41,157,-116,6.2,3,sell
10/06,2897,美林,1440,77,10,67,3.58,4,buy
10/06,2897,兆豐-南門,0037003000300067,0,100,-100,5.34,4,sell
10/06,2897,美商高盛,1480,109,46,63,3.37,5,buy
10/06,2897,元大-岡山,0039003800350046,0,100,-100,5.34,5,sell
10/06,2897,台新,0039004200300030,62,0,62,3.31,6,buy
10/06,2897,永豐金證券,0039004100300030,1,88,-87,4.65,6,sell
10/06,2897,群益金鼎-鳳山,0039003100380063,60,0,60,3.21,7,buy
10/06,2897,統一-士林,003500380035004d,0,40,-40,2.14,7,sell
10/06,2897,凱基-台南,9211,51,0,51,2.72,8,buy
10/06,2897,元大-旗山,003900380031006e,0,40,-40,2.14,8,sell
10/06,2897,高橋-龍潭,5321,50,0,50,2.67,9,buy
10/06,2897,群益金鼎-東大,9135,0,30,-30,1.6,9,sell
10/06,2897,永豐金-忠孝,0039004100390044,35,0,35,1.87,10,buy
10/06,2897,元大-高雄,003900380031006d,4,30,-26,1.39,10,sell
10/06,2897,新加坡商瑞銀,1650,99,68,31,1.66,11,buy
10/06,2897,新光-桃園,8565,0,25,-25,1.34,11,sell
10/06,2897,凱基-台北,9268,65,38,27,1.44,12,buy
10/06,2897,華南永昌-岡山,9324,0,20,-20,1.07,12,sell
10/06,2897,新光-台中,8561,25,1,24,1.28,13,buy
10/06,2897,國泰-高雄,8881,5,25,-20,1.07,13,sell
10/06,2897,陽信-石牌,8711,22,0,22,1.18,14,buy
10/06,2897,統一-台中,5856,20,36,-16,0.85,14,sell
10/06,2897,群益金鼎-高雄,9183,21,0,21,1.12,15,buy
10/06,2897,元大-花蓮,9856,0,15,-15,0.8,15,sell
10/06,0052,第一金-中山,5389,1457,2,1455,10.54,1,buy
10/06,0052,凱基-台北,9268,394,1438,-1044,7.56,1,sell
10/06,0052,統一,5850,855,16,839,6.08,2,buy
10/06,0052,永豐金證券,0039004100300030,407,1220,-813,5.89,2,sell
10/06,0052,新加坡商瑞銀,1650,479,87,392,2.84,3,buy
10/06,0052,台新,0039004200300030,73,846,-773,5.6,3,sell
10/06,0052,凱基-八德,003900320031004d,301,4,297,2.15,4,buy
10/06,0052,宏遠證券,1260,0,700,-700,5.07,4,sell
10/06,0052,國泰證券,8880,175,2,173,1.25,5,buy
10/06,0052,群益金鼎,9100,772,1438,-666,4.82,5,sell
10/06,0052,統一-三多,0035003800350051,179,9,170,1.23,6,buy
10/06,0052,元大證券,9800,526,911,-385,2.79,6,sell
10/06,0052,合庫-台中,1021,133,6,127,0.92,7,buy
10/06,0052,摩根大通,8440,0,307,-307,2.22,7,sell
10/06,0052,中國信託,6160,780,656,124,0.9,8,buy
10/06,0052,富邦證券,9600,203,413,-210,1.52,8,sell
10/06,0052,中國信託-忠孝,6162,141,36,105,0.76,9,buy
10/06,0052,凱基,9200,20,223,-203,1.47,9,sell
10/06,0052,凱基-大直,9218,101,0,101,0.73,10,buy
10/06,0052,國泰-板橋,003800380038004b,17,169,-152,1.1,10,sell
10/06,0052,群益金鼎-新莊,0039003100380047,87,4,83,0.6,11,buy
10/06,0052,臺銀,1040,36,156,-120,0.87,11,sell
10/06,0052,第一金,5380,84,9,75,0.54,12,buy
10/06,0052,富邦-建國,9658,25,80,-55,0.4,12,sell
10/06,0052,元大-萬華,0039003800310071,59,5,54,0.39,13,buy
10/06,0052,富邦-基隆,9614,1,53,-52,0.38,13,sell
10/06,0052,富邦-仁愛,9676,68,14,54,0.39,14,buy
10/06,0052,國泰-新竹,003800380038004e,0,42,-42,0.3,14,sell
10/06,0052,國泰-桃園,8885,95,44,51,0.37,15,buy
10/06,0052,永豐金-敦北,0039004100380039,5,46,-41,0.3,15,sell
