date,stock_code,broker_name,broker_id,buy_vol,sell_vol,net_vol,pct,rank,side
7/29,2330,元大證券,9800,8529,3500,5029,7.63,1,buy
7/29,2330,台灣摩根士丹利,1470,2257,10388,-8131,12.34,1,sell
7/29,2330,永豐金證券,0039004100300030,3399,580,2819,4.28,2,buy
7/29,2330,富邦證券,9600,798,2892,-2094,3.18,2,sell
7/29,2330,花旗環球,1590,2767,617,2150,3.26,3,buy
7/29,2330,凱基-台北,9268,2770,4763,-1993,3.02,3,sell
7/29,2330,美林,1440,2876,1138,1738,2.64,4,buy
7/29,2330,港商麥格理,1360,820,2503,-1683,2.55,4,sell
7/29,2330,國泰-敦南,8888,1030,469,561,0.85,5,buy
7/29,2330,美商高盛,1480,1469,3073,-1604,2.43,5,sell
7/29,2330,中國信託,6160,644,339,305,0.46,6,buy
7/29,2330,摩根大通,8440,2639,4189,-1550,2.35,6,sell
7/29,2330,凱基,9200,971,680,291,0.44,7,buy
7/29,2330,永豐金-匯立,0039004100380031,356,1453,-1097,1.66,7,sell
7/29,2330,台灣企銀,1110,211,7,204,0.31,8,buy
7/29,2330,凱基-中山,9229,36,1079,-1043,1.58,8,sell
7/29,2330,香港上海匯豐,8960,240,47,193,0.29,9,buy
7/29,2330,新加坡商瑞銀,1650,3164,4044,-880,1.34,9,sell
7/29,2330,華南永昌,9300,301,141,160,0.24,10,buy
7/29,2330,凱基-城中,9227,24,870,-846,1.28,10,sell
7/29,2330,國泰-館前,0038003800380041,240,94,146,0.22,11,buy
7/29,2330,元大-竹科,003900380030004b,72,606,-534,0.81,11,sell
7/29,2330,台中銀-台北,6115,143,0,143,0.22,12,buy
7/29,2330,宏遠證券,1260,134,598,-464,0.7,12,sell
7/29,2330,玉山-台南,8847,160,26,134,0.2,13,buy
7/29,2330,元大-中和,0039003800390065,20,438,-418,0.63,13,sell
7/29,2330,玉山證券,8840,211,79,132,0.2,14,buy
7/29,2330,法銀巴黎,8900,679,999,-320,0.49,14,sell
7/29,2330,富邦-仁愛,9676,210,92,118,0.18,15,buy
7/29,2330,聯邦證券,8580,32,285,-253,0.38,15,sell
7/29,2317,元大證券,9800,12941,6415,6526,7.8,1,buy
7/29,2317,港商麥格理,1360,651,4604,-3953,4.72,1,sell
7/29,2317,摩根大通,8440,6195,3248,2947,3.52,2,buy
7/29,2317,凱基-台北,9268,4507,7930,-3423,4.09,2,sell
7/29,2317,台灣摩根士丹利,1470,6335,4769,1566,1.87,3,buy
7/29,2317,美商高盛,1480,4281,6403,-2122,2.54,3,sell
7/29,2317,花旗環球,1590,2174,862,1312,1.57,4,buy
7/29,2317,新加坡商瑞銀,1650,3895,5587,-1692,2.02,4,sell
7/29,2317,永豐金證券,0039004100300030,1090,198,892,1.07,5,buy
7/29,2317,台新,0039004200300030,379,1585,-1206,1.44,5,sell
7/29,2317,法銀巴黎,8900,501,7,494,0.59,6,buy
7/29,2317,大和國泰,8890,155,1100,-945,1.13,6,sell
7/29,2317,國泰證券,8880,539,99,440,0.53,7,buy
7/29,2317,群益金鼎,9100,689,1597,-908,1.09,7,sell
7/29,2317,凱基,9200,430,7,423,0.51,8,buy
7/29,2317,中國信託,6160,179,904,-725,0.87,8,sell
7/29,2317,中國信託-高雄,003600310036004b,435,47,388,0.46,9,buy
7/29,2317,美林,1440,4136,4576,-440,0.53,9,sell
7/29,2317,新百王,6210,329,35,294,0.35,10,buy
7/29,2317,港商野村,1560,343,764,-421,0.5,10,sell
7/29,2317,台新-台北,0039004200320030,284,19,265,0.32,11,buy
7/29,2317,台新-緯城,0039004200320041,24,416,-392,0.47,11,sell
7/29,2317,元大-復北,9872,303,73,230,0.27,12,buy
7/29,2317,臺銀,1040,135,386,-251,0.3,12,sell
7/29,2317,康和-台北,0038003400350055,205,7,198,0.24,13,buy
7/29,2317,玉山-大里,003800380034004a,43,259,-216,0.26,13,sell
7/29,2317,宏遠-民生,1261,135,6,129,0.15,14,buy
7/29,2317,凱基-松山,9217,78,291,-213,0.25,14,sell
7/29,2317,第一金-中山,5389,122,14,108,0.13,15,buy
7/29,2317,國泰-館前,0038003800380041,235,438,-203,0.24,15,sell
7/29,2454,花旗環球,1590,1475,285,1190,7.36,1,buy
7/29,2454,台灣摩根士丹利,1470,850,2873,-2023,12.51,1,sell
7/29,2454,凱基-台北,9268,1078,455,623,3.85,2,buy
7/29,2454,港商麥格理,1360,7,763,-756,4.67,2,sell
7/29,2454,元大證券,9800,1898,1389,509,3.15,3,buy
7/29,2454,富邦證券,9600,182,362,-180,1.11,3,sell
7/29,2454,摩根大通,8440,1042,699,343,2.12,4,buy
7/29,2454,港商野村,1560,30,188,-158,0.98,4,sell
7/29,2454,美林,1440,657,376,281,1.74,5,buy
7/29,2454,富邦-台北,9623,24,169,-145,0.9,5,sell
7/29,2454,兆豐-南京,0037003000300050,106,4,102,0.63,6,buy
7/29,2454,元大-忠孝鼎富,0039003800320046,6,131,-125,0.77,6,sell
7/29,2454,元大-土城永寧,9875,106,6,100,0.62,7,buy
7/29,2454,新加坡商瑞銀,1650,1160,1260,-100,0.62,7,sell
7/29,2454,凱基,9200,272,176,96,0.59,8,buy
7/29,2454,(牛牛牛)亞證券,6010,2,101,-99,0.61,8,sell
7/29,2454,第一金-彰化,5386,74,0,74,0.46,9,buy
7/29,2454,統一,5850,131,221,-90,0.56,9,sell
7/29,2454,永豐金-天母,0039004100390047,52,3,49,0.3,10,buy
7/29,2454,中國信託-永康,6163,5,86,-81,0.5,10,sell
7/29,2454,元大-鹿港,0039003800390053,46,4,42,0.26,11,buy
7/29,2454,兆豐-天母,003700300030004c,1,47,-46,0.28,11,sell
7/29,2454,國票-安和,003700370039005a,58,20,38,0.23,12,buy
7/29,2454,永豐金-亞灣,0039004100390061,7,35,-28,0.17,12,sell
7/29,2454,國泰-敦南,8888,212,180,32,0.2,13,buy
7/29,2454,元大-內湖民權,9867,6,28,-22,0.14,13,sell
7/29,2454,台灣企銀,1110,31,0,31,0.19,14,buy
7/29,2454,台新-城中,0039004200320045,4,25,-21,0.13,14,sell
7/29,2454,法銀巴黎,8900,66,37,29,0.18,15,buy
7/29,2454,台新-台北,0039004200320030,20,40,-20,0.12,15,sell
7/29,2308,元大證券,9800,3281,2082,1199,5.42,1,buy
7/29,2308,台灣摩根士丹利,1470,1574,4467,-2893,13.07,1,sell
7/29,2308,凱基-台北,9268,1449,421,1028,4.64,2,buy
7/29,2308,港商麥格理,1360,6,610,-604,2.73,2,sell
7/29,2308,美林,1440,1478,899,579,2.61,3,buy
7/29,2308,台新,0039004200300030,92,441,-349,1.58,3,sell
7/29,2308,元大-土城永寧,9875,513,19,494,2.23,4,buy
7/29,2308,永豐金-匯立,0039004100380031,391,690,-299,1.35,4,sell
7/29,2308,永豐金證券,0039004100300030,615,193,422,1.91,5,buy
7/29,2308,香港上海匯豐,8960,106,376,-270,1.22,5,sell
7/29,2308,摩根大通,8440,1440,1085,355,1.6,6,buy
7/29,2308,中國信託-永康,6163,7,255,-248,1.12,6,sell
7/29,2308,美商高盛,1480,1935,1695,240,1.08,7,buy
7/29,2308,新加坡商瑞銀,1650,1126,1314,-188,0.85,7,sell
7/29,2308,凱基,9200,222,29,193,0.87,8,buy
7/29,2308,德信,6910,3,119,-116,0.52,8,sell
7/29,2308,港商野村,1560,220,47,173,0.78,9,buy
7/29,2308,國泰證券,8880,23,137,-114,0.51,9,sell
7/29,2308,花旗環球,1590,630,512,118,0.53,10,buy
7/29,2308,群益金鼎,9100,200,258,-58,0.26,10,sell
7/29,2308,華南永昌,9300,185,76,109,0.49,11,buy
7/29,2308,元大-豐原站前,0039003800390057,3,42,-39,0.18,11,sell
7/29,2308,宏遠證券,1260,107,8,99,0.45,12,buy
7/29,2308,台新-台北,0039004200320030,25,63,-38,0.17,12,sell
7/29,2308,康和,8450,83,6,77,0.35,13,buy
7/29,2308,凱基-民權,0039003200310043,6,44,-38,0.17,13,sell
7/29,2308,法銀巴黎,8900,88,22,66,0.3,14,buy
7/29,2308,中國信託-松江,6167,4,37,-33,0.15,14,sell
7/29,2308,玉山證券,8840,99,36,63,0.28,15,buy
7/29,2308,中國信託-文心,6164,6,37,-31,0.14,15,sell
7/29,2382,花旗環球,1590,3890,81,3809,13.59,1,buy
7/29,2382,美商高盛,1480,469,2736,-2267,8.09,1,sell
7/29,2382,港商麥格理,1360,1469,35,1434,5.12,2,buy
7/29,2382,美林,1440,777,3007,-2230,7.96,2,sell
7/29,2382,台灣摩根士丹利,1470,2601,1297,1304,4.65,3,buy
7/29,2382,凱基,9200,143,2074,-1931,6.89,3,sell
7/29,2382,凱基-台北,9268,1962,822,1140,4.07,4,buy
7/29,2382,富邦證券,9600,255,1760,-1505,5.37,4,sell
7/29,2382,凱基-士林,9238,669,6,663,2.37,5,buy
7/29,2382,港商野村,1560,481,1057,-576,2.06,5,sell
7/29,2382,永豐金證券,0039004100300030,400,172,228,0.81,6,buy
7/29,2382,新加坡商瑞銀,1650,1140,1641,-501,1.79,6,sell
7/29,2382,凱基-中山,9229,236,27,209,0.75,7,buy
7/29,2382,群益金鼎,9100,335,791,-456,1.63,7,sell
7/29,2382,富邦-南京,0039003600310043,219,12,207,0.74,8,buy
7/29,2382,摩根大通,8440,1316,1693,-377,1.35,8,sell
7/29,2382,元大-永春,9852,150,7,143,0.51,9,buy
7/29,2382,元大-虎尾,003900380030006c,5,340,-335,1.2,9,sell
7/29,2382,法銀巴黎,8900,128,12,116,0.41,10,buy
7/29,2382,大和國泰,8890,34,114,-80,0.29,10,sell
7/29,2382,元大-土城,9897,96,7,89,0.32,11,buy
7/29,2382,元大證券,9800,3179,3253,-74,0.26,11,sell
7/29,2382,富邦-新店,9661,102,14,88,0.31,12,buy
7/29,2382,國票-和平,003700370039006a,4,60,-56,0.2,12,sell
7/29,2382,永豐金-匯立,0039004100380031,76,0,76,0.27,13,buy
7/29,2382,華南永昌,9300,28,84,-56,0.2,13,sell
7/29,2382,元大-龍潭,9858,80,16,64,0.23,14,buy
7/29,2382,富邦-板橋,9655,34,78,-44,0.16,14,sell
7/29,2382,統一,5850,72,22,50,0.18,15,buy
7/29,2382,元大-新竹,9816,3,46,-43,0.15,15,sell
7/29,2891,摩根大通,8440,6304,2423,3881,7.12,1,buy
7/29,2891,台灣摩根士丹利,1470,2442,9075,-6633,12.17,1,sell
7/29,2891,美林,1440,4757,932,3825,7.02,2,buy
7/29,2891,美商高盛,1480,3289,6852,-3563,6.54,2,sell
7/29,2891,國票-敦北法人,0037003700390063,3565,0,3565,6.54,3,buy
7/29,2891,華南永昌,9300,25,2669,-2644,4.85,3,sell
7/29,2891,統一,5850,3653,103,3550,6.51,4,buy
7/29,2891,凱基-台北,9268,2628,4138,-1510,2.77,4,sell
7/29,2891,元大證券,9800,11736,9898,1838,3.37,5,buy
7/29,2891,新加坡商瑞銀,1650,1548,2624,-1076,1.97,5,sell
7/29,2891,永豐金證券,0039004100300030,1688,627,1061,1.95,6,buy
7/29,2891,富邦證券,9600,89,1101,-1012,1.86,6,sell
7/29,2891,法銀巴黎,8900,872,38,834,1.53,7,buy
7/29,2891,兆豐證券,7000,1376,2052,-676,1.24,7,sell
7/29,2891,凱基,9200,1119,342,777,1.43,8,buy
7/29,2891,第一金,5380,26,701,-675,1.24,8,sell
7/29,2891,國泰證券,8880,779,12,767,1.41,9,buy
7/29,2891,港商野村,1560,0,221,-221,0.41,9,sell
7/29,2891,花旗環球,1590,1260,918,342,0.63,10,buy
7/29,2891,富邦-台北,9623,13,203,-190,0.35,10,sell
7/29,2891,群益金鼎,9100,455,205,250,0.46,11,buy
7/29,2891,國泰-敦南,8888,189,374,-185,0.34,11,sell
7/29,2891,港商麥格理,1360,345,149,196,0.36,12,buy
7/29,2891,元大-旗山,003900380031006e,5,166,-161,0.3,12,sell
7/29,2891,元大-四維,9831,142,18,124,0.23,13,buy
7/29,2891,富邦-公益,0039003600310046,3,152,-149,0.27,13,sell
7/29,2891,元大-草屯,0039003800390045,109,14,95,0.17,14,buy
7/29,2891,國泰-松江,8883,23,163,-140,0.26,14,sell
7/29,2891,元大-汐止,0039003800390051,105,15,90,0.17,15,buy
7/29,2891,凱基-內湖,9287,8,122,-114,0.21,15,sell
7/29,2881,元大證券,9800,6104,2590,3514,11.37,1,buy
7/29,2881,美商高盛,1480,2332,5564,-3232,10.46,1,sell
7/29,2881,摩根大通,8440,3189,282,2907,9.41,2,buy
7/29,2881,台灣摩根士丹利,1470,1283,3276,-1993,6.45,2,sell
7/29,2881,美林,1440,1559,358,1201,3.89,3,buy
7/29,2881,群益金鼎,9100,156,1742,-1586,5.13,3,sell
7/29,2881,凱基-台北,9268,2682,1891,791,2.56,4,buy
7/29,2881,富邦-岡山,9616,1,1006,-1005,3.25,4,sell
7/29,2881,花旗環球,1590,1146,488,658,2.13,5,buy
7/29,2881,玉山-景美,8849,18,610,-592,1.92,5,sell
7/29,2881,永豐金證券,0039004100300030,713,130,583,1.89,6,buy
7/29,2881,兆豐證券,7000,0,501,-501,1.62,6,sell
7/29,2881,大和國泰,8890,356,0,356,1.15,7,buy
7/29,2881,台新-林園,0039004200320037,5,437,-432,1.4,7,sell
7/29,2881,國泰證券,8880,289,6,283,0.92,8,buy
7/29,2881,合庫-高雄,1023,2,403,-401,1.3,8,sell
7/29,2881,法銀巴黎,8900,405,151,254,0.82,9,buy
7/29,2881,兆豐-城中,0037003000300057,933,1190,-257,0.83,9,sell
7/29,2881,凱基-中壢,9285,205,8,197,0.64,10,buy
7/29,2881,港商野村,1560,708,876,-168,0.54,10,sell
7/29,2881,富邦證券,9600,170,3,167,0.54,11,buy
7/29,2881,元大-鑫永和,9888,0,141,-141,0.46,11,sell
7/29,2881,第一金-桃園,5385,100,3,97,0.31,12,buy
7/29,2881,凱基-士林,9238,0,140,-140,0.45,12,sell
7/29,2881,國泰-板橋,003800380038004b,201,106,95,0.31,13,buy
7/29,2881,香港上海匯豐,8960,0,106,-106,0.34,13,sell
7/29,2881,凱基,9200,87,0,87,0.28,14,buy
7/29,2881,華南永昌-古亭,9309,0,100,-100,0.32,14,sell
7/29,2881,中國信託,6160,90,12,78,0.25,15,buy
7/29,2881,群益金鼎-館前,0039003100330059,330,398,-68,0.22,15,sell
7/29,2882,富邦證券,9600,2929,325,2604,8.66,1,buy
7/29,2882,台灣摩根士丹利,1470,394,6302,-5908,19.66,1,sell
7/29,2882,元大證券,9800,4969,2375,2594,8.63,2,buy
7/29,2882,美商高盛,1480,976,4267,-3291,10.95,2,sell
7/29,2882,花旗環球,1590,2629,355,2274,7.57,3,buy
7/29,2882,凱基-台北,9268,1177,2228,-1051,3.5,3,sell
7/29,2882,美林,1440,2017,101,1916,6.38,4,buy
7/29,2882,兆豐證券,7000,70,1019,-949,3.16,4,sell
7/29,2882,摩根大通,8440,2834,1323,1511,5.03,5,buy
7/29,2882,中國信託,6160,177,1112,-935,3.11,5,sell
7/29,2882,永豐金證券,0039004100300030,783,96,687,2.29,6,buy
7/29,2882,港商野村,1560,21,808,-787,2.62,6,sell
7/29,2882,元大-新竹經國,9859,501,2,499,1.66,7,buy
7/29,2882,富邦-台北,9623,48,557,-509,1.69,7,sell
7/29,2882,法銀巴黎,8900,530,104,426,1.42,8,buy
7/29,2882,新加坡商瑞銀,1650,2378,2660,-282,0.94,8,sell
7/29,2882,凱基,9200,354,20,334,1.11,9,buy
7/29,2882,港商麥格理,1360,51,231,-180,0.6,9,sell
7/29,2882,大和國泰,8890,285,0,285,0.95,10,buy
7/29,2882,華南永昌,9300,19,124,-105,0.35,10,sell
7/29,2882,永豐金-竹科,0039004100390058,256,4,252,0.84,11,buy
7/29,2882,永豐金-台中,003900410039004c,10,112,-102,0.34,11,sell
7/29,2882,第一金-桃園,5385,218,16,202,0.67,12,buy
7/29,2882,富邦-建國,9658,16,107,-91,0.3,12,sell
7/29,2882,國泰-板橋,003800380038004b,188,54,134,0.45,13,buy
7/29,2882,元大-台中,9812,1,86,-85,0.28,13,sell
7/29,2882,華南永昌-苗栗,9362,121,10,111,0.37,14,buy
7/29,2882,元大-松山,0039003800310070,3,80,-77,0.26,14,sell
7/29,2882,國票-南崁,0037003700390045,100,0,100,0.33,15,buy
7/29,2882,中國信託-嘉義,6168,0,75,-75,0.25,15,sell
7/29,2303,摩根大通,8440,29565,12475,17090,6.29,1,buy
7/29,2303,中國信託,6160,508,8437,-7929,2.92,1,sell
7/29,2303,新加坡商瑞銀,1650,12870,4901,7969,2.93,2,buy
7/29,2303,富邦證券,9600,7194,14475,-7281,2.68,2,sell
7/29,2303,凱基-台北,9268,14255,7869,6386,2.35,3,buy
7/29,2303,凱基,9200,1717,6337,-4620,1.7,3,sell
7/29,2303,台灣摩根士丹利,1470,9703,4356,5347,1.97,4,buy
7/29,2303,永豐金-內湖,0039004100390067,258,3657,-3399,1.25,4,sell
7/29,2303,花旗環球,1590,7230,2010,5220,1.92,5,buy
7/29,2303,兆豐-忠孝,0037003000300061,264,3076,-2812,1.04,5,sell
7/29,2303,凱基-信義,9216,6569,1452,5117,1.88,6,buy
7/29,2303,台新,0039004200300030,1714,4436,-2722,1.0,6,sell
7/29,2303,美林,1440,8113,3403,4710,1.73,7,buy
7/29,2303,國泰證券,8880,881,3394,-2513,0.92,7,sell
7/29,2303,元大-土城永寧,9875,3098,105,2993,1.1,8,buy
7/29,2303,華南永昌,9300,786,3259,-2473,0.91,8,sell
7/29,2303,港商野村,1560,1263,246,1017,0.37,9,buy
7/29,2303,凱基-松山,9217,48,2336,-2288,0.84,9,sell
7/29,2303,台新-台北,0039004200320030,987,249,738,0.27,10,buy
7/29,2303,兆豐證券,7000,985,3101,-2116,0.78,10,sell
7/29,2303,富邦-南京,0039003600310043,791,53,738,0.27,11,buy
7/29,2303,大和國泰,8890,0,2099,-2099,0.77,11,sell
7/29,2303,統一-南京,0035003800350055,746,33,713,0.26,12,buy
7/29,2303,元大證券,9800,38809,40776,-1967,0.72,12,sell
7/29,2303,國泰-板橋,003800380038004b,988,484,504,0.19,13,buy
7/29,2303,永豐金證券,0039004100300030,3163,5094,-1931,0.71,13,sell
7/29,2303,永豐金-市政,0039004100390057,708,234,474,0.17,14,buy
7/29,2303,法銀巴黎,8900,340,2122,-1782,0.66,14,sell
7/29,2303,凱基-市府,0039003200300044,520,49,471,0.17,15,buy
7/29,2303,國票-安和,003700370039005a,1508,3165,-1657,0.61,15,sell
7/29,3711,摩根大通,8440,1792,654,1138,4.83,1,buy
7/29,3711,美商高盛,1480,890,4015,-3125,13.26,1,sell
7/29,3711,元大證券,9800,3521,2543,978,4.15,2,buy
7/29,3711,台灣摩根士丹利,1470,1243,3917,-2674,11.34,2,sell
7/29,3711,新加坡商瑞銀,1650,1066,244,822,3.49,3,buy
7/29,3711,港商麥格理,1360,62,996,-934,3.96,3,sell
7/29,3711,宏遠證券,1260,603,2,601,2.55,4,buy
7/29,3711,永豐金-匯立,0039004100380031,22,412,-390,1.65,4,sell
7/29,3711,美林,1440,882,361,521,2.21,5,buy
7/29,3711,香港上海匯豐,8960,0,378,-378,1.6,5,sell
7/29,3711,永豐金證券,0039004100300030,651,201,450,1.91,6,buy
7/29,3711,花旗環球,1590,462,699,-237,1.01,6,sell
7/29,3711,統一,5850,461,196,265,1.12,7,buy
7/29,3711,富邦證券,9600,35,200,-165,0.7,7,sell
7/29,3711,港商野村,1560,375,128,247,1.05,8,buy
7/29,3711,大和國泰,8890,0,154,-154,0.65,8,sell
7/29,3711,凱基-中港,9202,176,6,170,0.72,9,buy
7/29,3711,中國信託-永康,6163,19,170,-151,0.64,9,sell
7/29,3711,法銀巴黎,8900,123,8,115,0.49,10,buy
7/29,3711,康和-仁愛,0038003400350046,1,101,-100,0.42,10,sell
7/29,3711,國泰-敦南,8888,408,301,107,0.45,11,buy
7/29,3711,凱基-台北,9268,795,869,-74,0.31,11,sell
7/29,3711,永豐金-內湖,0039004100390067,111,27,84,0.36,12,buy
7/29,3711,台新-台北,0039004200320030,76,142,-66,0.28,12,sell
7/29,3711,國票-安和,003700370039005a,62,8,54,0.23,13,buy
7/29,3711,元大-大直,9846,7,61,-54,0.23,13,sell
7/29,3711,兆豐-三民,0037003000300068,79,29,50,0.21,14,buy
7/29,3711,元大-永春,9852,11,62,-51,0.22,14,sell
7/29,3711,元大-莒光,003900380031004c,72,23,49,0.21,15,buy
7/29,3711,美好-市政,003500320036004d,5,57,-52,0.22,15,sell
7/29,2603,摩根大通,8440,3886,516,3370,25.42,1,buy
7/29,2603,港商野村,1560,0,654,-654,4.93,1,sell
7/29,2603,凱基-台北,9268,1465,607,858,6.47,2,buy
7/29,2603,中國信託,6160,7,515,-508,3.83,2,sell
7/29,2603,花旗環球,1590,429,204,225,1.7,3,buy
7/29,2603,新加坡商瑞銀,1650,512,761,-249,1.88,3,sell
7/29,2603,美商高盛,1480,970,782,188,1.42,4,buy
7/29,2603,元大證券,9800,1257,1398,-141,1.06,4,sell
7/29,2603,法銀巴黎,8900,141,26,115,0.87,5,buy
7/29,2603,元大-信義,003900380039006d,0,131,-131,0.99,5,sell
7/29,2603,台灣摩根士丹利,1470,811,703,108,0.81,6,buy
7/29,2603,華南永昌-中正,9359,0,122,-122,0.92,6,sell
7/29,2603,兆豐證券,7000,107,1,106,0.8,7,buy
7/29,2603,國泰-敦南,8888,95,202,-107,0.81,7,sell
7/29,2603,華南永昌-林口,9317,101,5,96,0.72,8,buy
7/29,2603,第一金-忠孝,0035003300380044,2,97,-95,0.72,8,sell
7/29,2603,元大-民生三民,0039003800390058,78,9,69,0.52,9,buy
7/29,2603,台新,0039004200300030,22,115,-93,0.7,9,sell
7/29,2603,富邦-板橋,9655,66,7,59,0.44,10,buy
7/29,2603,元大-古亭,003900380039006b,6,93,-87,0.66,10,sell
7/29,2603,大和國泰,8890,55,0,55,0.41,11,buy
7/29,2603,永豐金證券,0039004100300030,120,194,-74,0.56,11,sell
7/29,2603,玉山-板橋,8846,46,2,44,0.33,12,buy
7/29,2603,凱基,9200,73,142,-69,0.52,12,sell
7/29,2603,永豐金-竹科,0039004100390058,52,9,43,0.32,13,buy
7/29,2603,玉山-高雄,8843,2,66,-64,0.48,13,sell
7/29,2603,群益金鼎-館前,0039003100330059,40,3,37,0.28,14,buy
7/29,2603,富邦-仁愛,9676,6,64,-58,0.44,14,sell
7/29,2603,富邦-台南,9667,30,3,27,0.2,15,buy
7/29,2603,元大-台南,9896,0,53,-53,0.4,15,sell
7/29,2609,台灣摩根士丹利,1470,3624,1584,2040,8.99,1,buy
7/29,2609,華南永昌-東昇,9386,16,861,-845,3.72,1,sell
7/29,2609,美商高盛,1480,2278,936,1342,5.91,2,buy
7/29,2609,美林,1440,617,1273,-656,2.89,2,sell
7/29,2609,凱基-台北,9268,1570,753,817,3.6,3,buy
7/29,2609,凱基-台南,9211,19,526,-507,2.23,3,sell
7/29,2609,花旗環球,1590,851,154,697,3.07,4,buy
7/29,2609,新加坡商瑞銀,1650,466,765,-299,1.32,4,sell
7/29,2609,元大證券,9800,1761,1287,474,2.09,5,buy
7/29,2609,摩根大通,8440,675,923,-248,1.09,5,sell
7/29,2609,富邦-南京,0039003600310043,455,34,421,1.86,6,buy
7/29,2609,凱基-市府,0039003200300044,0,204,-204,0.9,6,sell
7/29,2609,凱基,9200,407,38,369,1.63,7,buy
7/29,2609,港商野村,1560,433,616,-183,0.81,7,sell
7/29,2609,永豐金-匯立,0039004100380031,308,0,308,1.36,8,buy
7/29,2609,富邦-中壢,9636,8,154,-146,0.64,8,sell
7/29,2609,永豐金-彰化,0039004100390073,303,3,300,1.32,9,buy
7/29,2609,台新-北新莊,0039004200320038,17,136,-119,0.52,9,sell
7/29,2609,國泰證券,8880,275,1,274,1.21,10,buy
7/29,2609,新光,8560,68,169,-101,0.45,10,sell
7/29,2609,富邦-新板,0039003600310048,160,21,139,0.61,11,buy
7/29,2609,國泰-高雄,8881,76,170,-94,0.41,11,sell
7/29,2609,港商麥格理,1360,131,0,131,0.58,12,buy
7/29,2609,第一金-彰化,5386,1,89,-88,0.39,12,sell
7/29,2609,法銀巴黎,8900,182,67,115,0.51,13,buy
7/29,2609,永豐金-埔里,0039004100370039,7,93,-86,0.38,13,sell
7/29,2609,富邦-左營,0039003600360046,118,14,104,0.46,14,buy
7/29,2609,富邦-板橋,9655,35,118,-83,0.37,14,sell
7/29,2609,台新,0039004200300030,315,217,98,0.43,15,buy
7/29,2609,富邦-台中,003900360035004b,3,84,-81,0.36,15,sell
7/29,2615,花旗環球,1590,1222,104,1118,6.83,1,buy
7/29,2615,新加坡商瑞銀,1650,301,546,-245,1.5,1,sell
7/29,2615,台灣摩根士丹利,1470,1611,748,863,5.27,2,buy
7/29,2615,國泰-敦南,8888,186,368,-182,1.11,2,sell
7/29,2615,港商麥格理,1360,795,0,795,4.86,3,buy
7/29,2615,華南永昌,9300,32,157,-125,0.76,3,sell
7/29,2615,美商高盛,1480,1436,653,783,4.78,4,buy
7/29,2615,元大-台北,0039003800300068,0,120,-120,0.73,4,sell
7/29,2615,美林,1440,821,237,584,3.57,5,buy
7/29,2615,新光,8560,79,179,-100,0.61,5,sell
7/29,2615,凱基,9200,587,23,564,3.45,6,buy
7/29,2615,元大-基隆孝二,003900380036004b,23,110,-87,0.53,6,sell
7/29,2615,摩根大通,8440,510,105,405,2.47,7,buy
7/29,2615,華南永昌-林口,9317,2,82,-80,0.49,7,sell
7/29,2615,國泰證券,8880,322,4,318,1.94,8,buy
7/29,2615,富邦-仁愛,9676,1,74,-73,0.45,8,sell
7/29,2615,港商野村,1560,201,16,185,1.13,9,buy
7/29,2615,元大-天母,0039003800310049,1,73,-72,0.44,9,sell
7/29,2615,元大證券,9800,1458,1275,183,1.12,10,buy
7/29,2615,凱基-台北,9268,993,1062,-69,0.42,10,sell
7/29,2615,元大-南勢角,0039003800340045,135,4,131,0.8,11,buy
7/29,2615,元大-北屯,0039003800390064,0,67,-67,0.41,11,sell
7/29,2615,凱基-五股,0039003200310047,116,2,114,0.7,12,buy
7/29,2615,永豐金-天母,0039004100390047,0,65,-65,0.4,12,sell
7/29,2615,富邦證券,9600,125,19,106,0.65,13,buy
7/29,2615,國泰-台中,8882,20,81,-61,0.37,13,sell
7/29,2615,永豐金證券,0039004100300030,196,110,86,0.53,14,buy
7/29,2615,富邦-左營,0039003600360046,2,63,-61,0.37,14,sell
7/29,2615,元大-大灣,9815,88,8,80,0.49,15,buy
7/29,2615,元大-館前,003900380034004b,1,61,-60,0.37,15,sell
7/29,2618,摩根大通,8440,6293,2037,4256,8.96,1,buy
7/29,2618,合庫證券,1020,19,5829,-5810,12.24,1,sell
7/29,2618,台灣摩根士丹利,1470,5731,2504,3227,6.8,2,buy
7/29,2618,富邦證券,9600,188,4629,-4441,9.35,2,sell
7/29,2618,凱基-台北,9268,5126,2357,2769,5.83,3,buy
7/29,2618,新加坡商瑞銀,1650,1509,3687,-2178,4.59,3,sell
7/29,2618,元大證券,9800,4289,2107,2182,4.6,4,buy
7/29,2618,康和,8450,0,801,-801,1.69,4,sell
7/29,2618,美林,1440,3029,993,2036,4.29,5,buy
7/29,2618,大和國泰,8890,0,800,-800,1.68,5,sell
7/29,2618,美商高盛,1480,3345,2805,540,1.14,6,buy
7/29,2618,美好,5260,5,784,-779,1.64,6,sell
7/29,2618,統一-南京,0035003800350055,300,0,300,0.63,7,buy
7/29,2618,凱基,9200,37,555,-518,1.09,7,sell
7/29,2618,花旗環球,1590,737,440,297,0.63,8,buy
7/29,2618,國泰-敦南,8888,2216,2544,-328,0.69,8,sell
7/29,2618,法銀巴黎,8900,342,54,288,0.61,9,buy
7/29,2618,港商野村,1560,0,185,-185,0.39,9,sell
7/29,2618,元大-鹿港,0039003800390053,219,2,217,0.46,10,buy
7/29,2618,富邦-台南,9667,6,190,-184,0.39,10,sell
7/29,2618,聯邦-興中,8587,173,11,162,0.34,11,buy
7/29,2618,元大-忠孝鼎富,0039003800320046,0,180,-180,0.38,11,sell
7/29,2618,兆豐-忠孝,0037003000300061,138,20,118,0.25,12,buy
7/29,2618,凱基-三多,9275,0,115,-115,0.24,12,sell
7/29,2618,新光,8560,386,271,115,0.24,13,buy
7/29,2618,元大-忠孝,9871,3,112,-109,0.23,13,sell
7/29,2618,香港上海匯豐,8960,88,0,88,0.19,14,buy
7/29,2618,永豐金證券,0039004100300030,414,520,-106,0.22,14,sell
7/29,2618,兆豐-台中,7003,119,35,84,0.18,15,buy
7/29,2618,統一-新營,0035003800350045,4,101,-97,0.2,15,sell
7/29,3037,永豐金證券,0039004100300030,2945,385,2560,8.26,1,buy
7/29,3037,台灣摩根士丹利,1470,1163,4701,-3538,11.42,1,sell
7/29,3037,元大證券,9800,3337,2491,846,2.73,2,buy
7/29,3037,凱基-台北,9268,1381,2378,-997,3.22,2,sell
7/29,3037,元大-土城永寧,9875,224,15,209,0.67,3,buy
7/29,3037,永豐金-匯立,0039004100380031,151,579,-428,1.38,3,sell
7/29,3037,法銀巴黎,8900,129,4,125,0.4,4,buy
7/29,3037,新加坡商瑞銀,1650,820,1239,-419,1.35,4,sell
7/29,3037,永豐金-內湖,0039004100390067,165,40,125,0.4,5,buy
7/29,3037,香港上海匯豐,8960,50,362,-312,1.01,5,sell
7/29,3037,兆豐證券,7000,123,6,117,0.38,6,buy
7/29,3037,台新-五權西,0039004200320035,11,155,-144,0.46,6,sell
7/29,3037,港商野村,1560,286,220,66,0.21,7,buy
7/29,3037,大和國泰,8890,0,140,-140,0.45,7,sell
7/29,3037,富邦證券,9600,130,68,62,0.2,8,buy
7/29,3037,美商高盛,1480,1142,1250,-108,0.35,8,sell
7/29,3037,元大-鳳山,003900380033005a,68,8,60,0.19,9,buy
7/29,3037,國泰證券,8880,128,230,-102,0.33,9,sell
7/29,3037,玉山-信義,0038003800340043,62,6,56,0.18,10,buy
7/29,3037,美林,1440,524,615,-91,0.29,10,sell
7/29,3037,富邦-南屯,9666,70,14,56,0.18,11,buy
7/29,3037,中國信託-永康,6163,18,106,-88,0.28,11,sell
7/29,3037,元大-天母,0039003800310049,70,20,50,0.16,12,buy
7/29,3037,花旗環球,1590,242,324,-82,0.26,12,sell
7/29,3037,元大-內湖,003900380039004e,74,27,47,0.15,13,buy
7/29,3037,富邦-永和,9654,24,96,-72,0.23,13,sell
7/29,3037,永豐金-桃園,0039004100390078,68,24,44,0.14,14,buy
7/29,3037,元大-板橋三民,9879,29,98,-69,0.22,14,sell
7/29,3037,永豐金-竹北,0039004100390050,54,10,44,0.14,15,buy
7/29,3037,第一金-新竹,0035003300380042,13,75,-62,0.2,15,sell
7/29,2345,台灣摩根士丹利,1470,422,150,272,7.02,1,buy
7/29,2345,美商高盛,1480,495,746,-251,6.48,1,sell
7/29,2345,摩根大通,8440,322,126,196,5.06,2,buy
7/29,2345,永豐金-匯立,0039004100380031,0,128,-128,3.3,2,sell
7/29,2345,元大證券,9800,412,246,166,4.29,3,buy
7/29,2345,永豐金-萬盛,0039004100390032,0,96,-96,2.48,3,sell
7/29,2345,凱基-台北,9268,278,141,137,3.54,4,buy
7/29,2345,富邦證券,9600,22,107,-85,2.19,4,sell
7/29,2345,新加坡商瑞銀,1650,393,347,46,1.19,5,buy
7/29,2345,宏遠證券,1260,2,83,-81,2.09,5,sell
7/29,2345,永豐金證券,0039004100300030,195,151,44,1.14,6,buy
7/29,2345,永豐金-內湖,0039004100390067,0,80,-80,2.07,6,sell
7/29,2345,華南永昌,9300,30,5,25,0.65,7,buy
7/29,2345,港商野村,1560,22,57,-35,0.9,7,sell
7/29,2345,法銀巴黎,8900,32,7,25,0.65,8,buy
7/29,2345,統一-內湖,0035003800350062,0,31,-31,0.8,8,sell
7/29,2345,美林,1440,230,206,24,0.62,9,buy
7/29,2345,凱基-站前,0039003200300046,3,31,-28,0.72,9,sell
7/29,2345,凱基,9200,31,11,20,0.52,10,buy
7/29,2345,元大-忠孝,9871,2,28,-26,0.67,10,sell
7/29,2345,花旗環球,1590,122,105,17,0.44,11,buy
7/29,2345,國泰證券,8880,2,28,-26,0.67,11,sell
7/29,2345,中國信託,6160,26,10,16,0.41,12,buy
7/29,2345,富邦-新竹,9647,3,24,-21,0.54,12,sell
7/29,2345,富邦-台南,9667,27,16,11,0.28,13,buy
7/29,2345,凱基-三重,9205,0,20,-20,0.52,13,sell
7/29,2345,凱基-市府,0039003200300044,7,2,5,0.13,14,buy
7/29,2345,台新,0039004200300030,5,23,-18,0.46,14,sell
7/29,2345,富邦-建國,9658,7,2,5,0.13,15,buy
7/29,2345,元大-南京,9862,2,17,-15,0.39,15,sell
7/29,3006,凱基-台北,9268,1153,605,548,6.19,1,buy
7/29,3006,摩根大通,8440,273,1130,-857,9.68,1,sell
7/29,3006,兆豐-民生,0037003000300063,102,5,97,1.1,2,buy
7/29,3006,台灣摩根士丹利,1470,252,989,-737,8.33,2,sell
7/29,3006,群益金鼎-大甲,0039003100380067,94,4,90,1.02,3,buy
7/29,3006,永豐金-中正,0039004100390055,230,422,-192,2.17,3,sell
7/29,3006,元大-楊梅,0039003800370041,65,1,64,0.72,4,buy
7/29,3006,新加坡商瑞銀,1650,105,275,-170,1.92,4,sell
7/29,3006,富邦-公益,0039003600310046,63,9,54,0.61,5,buy
7/29,3006,美商高盛,1480,403,550,-147,1.66,5,sell
7/29,3006,兆豐-忠孝,0037003000300061,54,1,53,0.6,6,buy
7/29,3006,聯邦證券,8580,25,163,-138,1.56,6,sell
7/29,3006,凱基-湖口,003900320030004e,55,3,52,0.59,7,buy
7/29,3006,華南永昌-古亭,9309,1,121,-120,1.36,7,sell
7/29,3006,台新-城東,0039004200320072,71,29,42,0.47,8,buy
7/29,3006,美林,1440,34,150,-116,1.31,8,sell
7/29,3006,元大-員林中山,9835,42,0,42,0.47,9,buy
7/29,3006,元大-松江,9801,8,122,-114,1.29,9,sell
7/29,3006,聯邦-大業,8586,40,0,40,0.45,10,buy
7/29,3006,永豐金-竹北,0039004100390050,9,75,-66,0.75,10,sell
7/29,3006,群益金鼎-館前,0039003100330059,41,3,38,0.43,11,buy
7/29,3006,凱基,9200,2,63,-61,0.69,11,sell
7/29,3006,凱基-站前,0039003200300046,35,2,33,0.37,12,buy
7/29,3006,群益金鼎,9100,32,90,-58,0.66,12,sell
7/29,3006,玉山-城中,0038003800340045,45,12,33,0.37,13,buy
7/29,3006,永豐金-天母,0039004100390047,35,88,-53,0.6,13,sell
7/29,3006,國票-台中,0037003700390076,31,0,31,0.35,14,buy
7/29,3006,台新-新店,0039004200320032,7,58,-51,0.58,14,sell
7/29,3006,群益金鼎-內湖,0039003100380064,39,8,31,0.35,15,buy
7/29,3006,兆豐-寶成,0037003000300072,4,49,-45,0.51,15,sell
7/29,2379,富邦證券,9600,365,22,343,6.12,1,buy
7/29,2379,摩根大通,8440,227,1173,-946,16.87,1,sell
7/29,2379,港商野村,1560,210,10,200,3.57,2,buy
7/29,2379,美林,1440,293,410,-117,2.09,2,sell
7/29,2379,台灣摩根士丹利,1470,621,445,176,3.14,3,buy
7/29,2379,新加坡商瑞銀,1650,143,203,-60,1.07,3,sell
7/29,2379,花旗環球,1590,214,42,172,3.07,4,buy
7/29,2379,元大證券,9800,561,620,-59,1.05,4,sell
7/29,2379,香港上海匯豐,8960,163,0,163,2.91,5,buy
7/29,2379,群益金鼎,9100,36,81,-45,0.8,5,sell
7/29,2379,凱基-台北,9268,455,334,121,2.16,6,buy
7/29,2379,中國信託,6160,3,38,-35,0.62,6,sell
7/29,2379,國泰證券,8880,156,42,114,2.03,7,buy
7/29,2379,永豐金-匯立,0039004100380031,70,93,-23,0.41,7,sell
7/29,2379,美商高盛,1480,326,239,87,1.55,8,buy
7/29,2379,合庫-西台中,0031003000320046,0,20,-20,0.36,8,sell
7/29,2379,華南永昌-中正,9359,87,3,84,1.5,9,buy
7/29,2379,永豐金-內湖,0039004100390067,3,20,-17,0.3,9,sell
7/29,2379,統一,5850,59,13,46,0.82,10,buy
7/29,2379,國泰-敦南,8888,53,68,-15,0.27,10,sell
7/29,2379,凱基,9200,44,2,42,0.75,11,buy
7/29,2379,國泰-桃園,8885,4,16,-12,0.21,11,sell
7/29,2379,法銀巴黎,8900,36,3,33,0.59,12,buy
7/29,2379,永豐金證券,0039004100300030,34,46,-12,0.21,12,sell
7/29,2379,玉山證券,8840,43,12,31,0.55,13,buy
7/29,2379,元大-民雄,0039003800310056,21,32,-11,0.2,13,sell
7/29,2379,玉山-城中,0038003800340045,32,2,30,0.54,14,buy
7/29,2379,第一金-大稻埕,0035003300380046,2,11,-9,0.16,14,sell
7/29,2379,港商麥格理,1360,32,17,15,0.27,15,buy
7/29,2379,富邦-中壢,9636,2,11,-9,0.16,15,sell
7/29,3034,台灣摩根士丹利,1470,916,211,705,11.29,1,buy
7/29,3034,宏遠證券,1260,1,236,-235,3.76,1,sell
7/29,3034,摩根大通,8440,854,366,488,7.81,2,buy
7/29,3034,新加坡商瑞銀,1650,196,419,-223,3.57,2,sell
7/29,3034,美林,1440,608,314,294,4.71,3,buy
7/29,3034,美商高盛,1480,199,392,-193,3.09,3,sell
7/29,3034,花旗環球,1590,299,17,282,4.52,4,buy
7/29,3034,合庫證券,1020,2,137,-135,2.16,4,sell
7/29,3034,元大證券,9800,862,640,222,3.55,5,buy
7/29,3034,華南永昌,9300,112,236,-124,1.99,5,sell
7/29,3034,法銀巴黎,8900,35,0,35,0.56,6,buy
7/29,3034,永豐金證券,0039004100300030,52,128,-76,1.22,6,sell
7/29,3034,統一,5850,42,18,24,0.38,7,buy
7/29,3034,第一金,5380,0,52,-52,0.83,7,sell
7/29,3034,港商野村,1560,70,48,22,0.35,8,buy
7/29,3034,群益金鼎-東門,0039003100380044,3,47,-44,0.7,8,sell
7/29,3034,凱基-台北,9268,509,488,21,0.34,9,buy
7/29,3034,凱基-新莊,0039003200310053,0,44,-44,0.7,9,sell
7/29,3034,群益金鼎-高盛,9105,20,2,18,0.29,10,buy
7/29,3034,群益金鼎-板橋,0039003100380042,2,45,-43,0.69,10,sell
7/29,3034,永豐金-匯立,0039004100380031,16,1,15,0.24,11,buy
7/29,3034,國泰證券,8880,2,42,-40,0.64,11,sell
7/29,3034,凱基,9200,18,7,11,0.18,12,buy
7/29,3034,台新-九如,0039004200320031,0,35,-35,0.56,12,sell
7/29,3034,凱基-科園,9254,11,1,10,0.16,13,buy
7/29,3034,國泰-忠孝,8887,1,25,-24,0.38,13,sell
7/29,3034,元大-屏東民生,0039003800310068,14,5,9,0.14,14,buy
7/29,3034,國泰-敦南,8888,30,52,-22,0.35,14,sell
7/29,3034,統一-台南,5855,11,2,9,0.14,15,buy
7/29,3034,元大-民生三民,0039003800390058,3,24,-21,0.34,15,sell
7/29,2412,台灣摩根士丹利,1470,5371,548,4823,13.18,1,buy
7/29,2412,土銀,1030,3,3945,-3942,10.77,1,sell
7/29,2412,摩根大通,8440,3819,822,2997,8.19,2,buy
7/29,2412,華南永昌,9300,187,2968,-2781,7.6,2,sell
7/29,2412,新加坡商瑞銀,1650,3096,1490,1606,4.39,3,buy
7/29,2412,第一金,5380,0,2001,-2001,5.47,3,sell
7/29,2412,美林,1440,2068,494,1574,4.3,4,buy
7/29,2412,大和國泰,8890,78,2000,-1922,5.25,4,sell
7/29,2412,凱基-台北,9268,2423,1231,1192,3.26,5,buy
7/29,2412,美商高盛,1480,1576,3400,-1824,4.98,5,sell
7/29,2412,凱基,9200,896,36,860,2.35,6,buy
7/29,2412,華南永昌-中正,9359,2781,3669,-888,2.43,6,sell
7/29,2412,花旗環球,1590,1087,294,793,2.17,7,buy
7/29,2412,臺銀,1040,3,676,-673,1.84,7,sell
7/29,2412,土銀-台中,1031,639,2,637,1.74,8,buy
7/29,2412,臺銀-臺南,1042,38,610,-572,1.56,8,sell
7/29,2412,國泰證券,8880,646,16,630,1.72,9,buy
7/29,2412,彰銀,1230,2,402,-400,1.09,9,sell
7/29,2412,元大-南投,0039003800310044,490,4,486,1.33,10,buy
7/29,2412,永豐金-市政,0039004100390057,4,277,-273,0.75,10,sell
7/29,2412,群益金鼎,9100,601,177,424,1.16,11,buy
7/29,2412,新光-高雄,8562,13,246,-233,0.64,11,sell
7/29,2412,台新-基隆,0039004200320053,405,2,403,1.1,12,buy
7/29,2412,康和,8450,3,221,-218,0.6,12,sell
7/29,2412,法銀巴黎,8900,390,0,390,1.07,13,buy
7/29,2412,元大-中壢,9834,2,168,-166,0.45,13,sell
7/29,2412,永豐金證券,0039004100300030,464,104,360,0.98,14,buy
7/29,2412,康和-南崁,0038003400350053,1,160,-159,0.43,14,sell
7/29,2412,元大-松江,9801,309,3,306,0.84,15,buy
7/29,2412,國泰-敦南,8888,114,262,-148,0.4,15,sell
7/29,2884,玉山證券,8840,5743,1158,4585,5.97,1,buy
7/29,2884,港商野村,1560,851,6349,-5498,7.16,1,sell
7/29,2884,合庫-鳳山,1029,3555,8,3547,4.62,2,buy
7/29,2884,玉山-台中,0038003800340042,20,4080,-4060,5.29,2,sell
7/29,2884,凱基-台北,9268,7058,4097,2961,3.86,3,buy
7/29,2884,新加坡商瑞銀,1650,2139,5597,-3458,4.5,3,sell
7/29,2884,合庫-高雄,1023,2952,82,2870,3.74,4,buy
7/29,2884,台灣摩根士丹利,1470,2790,3744,-954,1.24,4,sell
7/29,2884,摩根大通,8440,7972,5824,2148,2.8,5,buy
7/29,2884,臺銀,1040,5,743,-738,0.96,5,sell
7/29,2884,台新-建北,0039004200310038,1815,30,1785,2.32,6,buy
7/29,2884,國泰-敦南,8888,90,685,-595,0.77,6,sell
7/29,2884,元大證券,9800,10939,9244,1695,2.21,7,buy
7/29,2884,元大-沙鹿,0039003800300064,12,554,-542,0.71,7,sell
7/29,2884,國泰證券,8880,1367,3,1364,1.78,8,buy
7/29,2884,凱基-中壢,9285,8,480,-472,0.61,8,sell
7/29,2884,統一,5850,1336,59,1277,1.66,9,buy
7/29,2884,玉山-景美,8849,131,517,-386,0.5,9,sell
7/29,2884,花旗環球,1590,2533,1408,1125,1.46,10,buy
7/29,2884,台新,0039004200300030,41,398,-357,0.46,10,sell
7/29,2884,永豐金證券,0039004100300030,1683,578,1105,1.44,11,buy
7/29,2884,富邦-竹北,9624,3,345,-342,0.45,11,sell
7/29,2884,美商高盛,1480,10362,9356,1006,1.31,12,buy
7/29,2884,合庫-彰化,1028,3,309,-306,0.4,12,sell
7/29,2884,港商麥格理,1360,1094,102,992,1.29,13,buy
7/29,2884,富邦-羅東,9634,1,284,-283,0.37,13,sell
7/29,2884,法銀巴黎,8900,828,64,764,0.99,14,buy
7/29,2884,美林,1440,2372,2650,-278,0.36,14,sell
7/29,2884,兆豐證券,7000,614,13,601,0.78,15,buy
7/29,2884,國泰-桃園,8885,47,281,-234,0.3,15,sell
7/29,2883,元大證券,9800,11924,4010,7914,13.56,1,buy
7/29,2883,台灣摩根士丹利,1470,3122,9236,-6114,10.48,1,sell
7/29,2883,永豐金證券,0039004100300030,6429,155,6274,10.75,2,buy
7/29,2883,富邦證券,9600,375,3384,-3009,5.16,2,sell
7/29,2883,美林,1440,4177,638,3539,6.07,3,buy
7/29,2883,新加坡商瑞銀,1650,1220,3869,-2649,4.54,3,sell
7/29,2883,花旗環球,1590,2906,797,2109,3.61,4,buy
7/29,2883,港商野村,1560,248,2822,-2574,4.41,4,sell
7/29,2883,摩根大通,8440,4271,2704,1567,2.69,5,buy
7/29,2883,美商高盛,1480,2230,4543,-2313,3.96,5,sell
7/29,2883,華南永昌-敦南,9347,800,11,789,1.35,6,buy
7/29,2883,凱基-台北,9268,2138,2860,-722,1.24,6,sell
7/29,2883,群益金鼎-新莊,0039003100380047,499,0,499,0.86,7,buy
7/29,2883,凱基-高雄,9206,185,901,-716,1.23,7,sell
7/29,2883,新光-台中,8561,632,148,484,0.83,8,buy
7/29,2883,新光,8560,107,822,-715,1.23,8,sell
7/29,2883,元大-天母,0039003800310049,486,44,442,0.76,9,buy
7/29,2883,第一金-忠孝,0035003300380044,1,496,-495,0.85,9,sell
7/29,2883,元大-東泰,9817,332,68,264,0.45,10,buy
7/29,2883,富邦-桃園,9665,15,374,-359,0.62,10,sell
7/29,2883,富邦-公益,0039003600310046,231,14,217,0.37,11,buy
7/29,2883,國泰-敦南,8888,328,682,-354,0.61,11,sell
7/29,2883,第一金-桃園,5385,215,10,205,0.35,12,buy
7/29,2883,華南永昌-彰化,9363,8,362,-354,0.61,12,sell
7/29,2883,富邦-和美,0039003600310050,257,54,203,0.35,13,buy
7/29,2883,台新-新營,0039004200310031,11,314,-303,0.52,13,sell
7/29,2883,大和國泰,8890,200,0,200,0.34,14,buy
7/29,2883,國泰-台中,8882,33,320,-287,0.49,14,sell
7/29,2883,台新-信義,0039004200320048,252,52,200,0.34,15,buy
7/29,2883,台新-同大,0039004200320050,119,352,-233,0.4,15,sell
7/29,3231,美林,1440,5915,2599,3316,2.13,1,buy
7/29,3231,美商高盛,1480,6131,11403,-5272,3.39,1,sell
7/29,3231,摩根大通,8440,7528,4713,2815,1.81,2,buy
7/29,3231,凱基-士林,9238,1303,3492,-2189,1.41,2,sell
7/29,3231,台灣摩根士丹利,1470,8234,5887,2347,1.51,3,buy
7/29,3231,富邦證券,9600,1216,2903,-1687,1.08,3,sell
7/29,3231,國泰證券,8880,1725,17,1708,1.1,4,buy
7/29,3231,元大證券,9800,21133,22676,-1543,0.99,4,sell
7/29,3231,花旗環球,1590,1490,405,1085,0.7,5,buy
7/29,3231,凱基-台北,9268,11704,12601,-897,0.58,5,sell
7/29,3231,兆豐-忠孝,0037003000300061,759,103,656,0.42,6,buy
7/29,3231,凱基,9200,165,527,-362,0.23,6,sell
7/29,3231,大和國泰,8890,343,0,343,0.22,7,buy
7/29,3231,統一-南京,0035003800350055,31,328,-297,0.19,7,sell
7/29,3231,元大-信義,003900380039006d,439,125,314,0.2,8,buy
7/29,3231,玉山-高雄,8843,178,457,-279,0.18,8,sell
7/29,3231,台新-基隆,0039004200320053,349,47,302,0.19,9,buy
7/29,3231,台新-台北,0039004200320030,53,319,-266,0.17,9,sell
7/29,3231,富邦-南京,0039003600310043,510,219,291,0.19,10,buy
7/29,3231,元大-內湖,003900380039004e,161,427,-266,0.17,10,sell
7/29,3231,康和-仁愛,0038003400350046,259,22,237,0.15,11,buy
7/29,3231,永豐金證券,0039004100300030,1698,1911,-213,0.14,11,sell
7/29,3231,元大-館前,003900380034004b,314,122,192,0.12,12,buy
7/29,3231,凱基-信義,9216,419,618,-199,0.13,12,sell
7/29,3231,永豐金-虎尾,0039004100390062,202,23,179,0.12,13,buy
7/29,3231,新加坡商瑞銀,1650,3863,4048,-185,0.12,13,sell
7/29,3231,華南永昌,9300,491,327,164,0.11,14,buy
7/29,3231,臺銀,1040,160,344,-184,0.12,14,sell
7/29,3231,統一-竹南,003500380035006d,230,68,162,0.1,15,buy
7/29,3231,國票-台中,0037003700390076,119,271,-152,0.1,15,sell
7/29,2002,凱基-台北,9268,5545,1367,4178,7.7,1,buy
7/29,2002,美商高盛,1480,2361,4984,-2623,4.83,1,sell
7/29,2002,摩根大通,8440,9085,5319,3766,6.94,2,buy
7/29,2002,統一-三重,003500380035004a,90,1004,-914,1.68,2,sell
7/29,2002,元大證券,9800,4858,2985,1873,3.45,3,buy
7/29,2002,美林,1440,2707,3390,-683,1.26,3,sell
7/29,2002,港商麥格理,1360,1120,0,1120,2.06,4,buy
7/29,2002,台灣摩根士丹利,1470,3373,3945,-572,1.05,4,sell
7/29,2002,新加坡商瑞銀,1650,3790,2731,1059,1.95,5,buy
7/29,2002,元大-鹿港,0039003800390053,36,606,-570,1.05,5,sell
7/29,2002,法銀巴黎,8900,1004,52,952,1.75,6,buy
7/29,2002,元大-花蓮,9856,21,539,-518,0.95,6,sell
7/29,2002,花旗環球,1590,815,89,726,1.34,7,buy
7/29,2002,港商野村,1560,0,497,-497,0.92,7,sell
7/29,2002,元大-樹林,003900380039006a,507,18,489,0.9,8,buy
7/29,2002,富邦-高雄,9659,31,455,-424,0.78,8,sell
7/29,2002,永豐金證券,0039004100300030,404,126,278,0.51,9,buy
7/29,2002,元大-北府,0039003800300044,29,429,-400,0.74,9,sell
7/29,2002,兆豐證券,7000,236,1,235,0.43,10,buy
7/29,2002,中國信託-松江,6167,1,354,-353,0.65,10,sell
7/29,2002,中國信託,6160,262,41,221,0.41,11,buy
7/29,2002,元大-成功,003900380039004c,26,371,-345,0.64,11,sell
7/29,2002,富邦-板橋,9655,302,89,213,0.39,12,buy
7/29,2002,元大-內湖民權,9867,2,309,-307,0.57,12,sell
7/29,2002,玉山-台中,0038003800340042,242,90,152,0.28,13,buy
7/29,2002,第一金-澎湖,5387,1,305,-304,0.56,13,sell
7/29,2002,大昌-樹林,6461,145,23,122,0.22,14,buy
7/29,2002,合庫-鳳山,1029,10,304,-294,0.54,14,sell
7/29,2002,元大-蘆洲,9857,133,16,117,0.22,15,buy
7/29,2002,凱基-竹科,9272,29,291,-262,0.48,15,sell
7/29,5880,摩根大通,8440,9201,2725,6476,14.08,1,buy
7/29,5880,新加坡商瑞銀,1650,3577,4988,-1411,3.07,1,sell
7/29,5880,元大證券,9800,4685,1281,3404,7.4,2,buy
7/29,5880,陽信-高雄,8713,15,758,-743,1.62,2,sell
7/29,5880,美林,1440,3753,431,3322,7.22,3,buy
7/29,5880,元大-萬華,0039003800310071,15,553,-538,1.17,3,sell
7/29,5880,花旗環球,1590,2341,144,2197,4.78,4,buy
7/29,5880,台新-台中,0039004200310068,27,520,-493,1.07,4,sell
7/29,5880,土銀,1030,2000,481,1519,3.3,5,buy
7/29,5880,玉山證券,8840,74,546,-472,1.03,5,sell
7/29,5880,美商高盛,1480,3080,1701,1379,3.0,6,buy
7/29,5880,國泰-敦南,8888,204,676,-472,1.03,6,sell
7/29,5880,永豐金證券,0039004100300030,1507,177,1330,2.89,7,buy
7/29,5880,國泰-高雄,8881,19,474,-455,0.99,7,sell
7/29,5880,台灣摩根士丹利,1470,4497,3667,830,1.8,8,buy
7/29,5880,中農,8520,1,432,-431,0.94,8,sell
7/29,5880,港商麥格理,1360,825,0,825,1.79,9,buy
7/29,5880,元大-三民,0039003800390046,6,419,-413,0.9,9,sell
7/29,5880,法銀巴黎,8900,720,40,680,1.48,10,buy
7/29,5880,華南永昌-南京,9326,1,407,-406,0.88,10,sell
7/29,5880,國泰證券,8880,599,15,584,1.27,11,buy
7/29,5880,第一金-中山,5389,60,441,-381,0.83,11,sell
7/29,5880,港商野村,1560,514,22,492,1.07,12,buy
7/29,5880,合庫證券,1020,33,401,-368,0.8,12,sell
7/29,5880,中國信託,6160,344,18,326,0.71,13,buy
7/29,5880,元大-信義安和,0039003800300052,0,301,-301,0.65,13,sell
7/29,5880,永豐金-匯立,0039004100380031,237,1,236,0.51,14,buy
7/29,5880,國泰-台中,8882,32,288,-256,0.56,14,sell
7/29,5880,凱基-台北,9268,2346,2147,199,0.43,15,buy
7/29,5880,凱基-竹北,9234,1,255,-254,0.55,15,sell
7/29,2890,港商麥格理,1360,10368,82,10286,26.21,1,buy
7/29,2890,美商高盛,1480,979,5208,-4229,10.78,1,sell
7/29,2890,元大證券,9800,7247,1128,6119,15.59,2,buy
7/29,2890,台灣摩根士丹利,1470,4220,7769,-3549,9.04,2,sell
7/29,2890,國泰證券,8880,741,0,741,1.89,3,buy
7/29,2890,第一金-高雄,5383,1,1600,-1599,4.07,3,sell
7/29,2890,花旗環球,1590,1044,668,376,0.96,4,buy
7/29,2890,凱基-台北,9268,1266,2466,-1200,3.06,4,sell
7/29,2890,統一,5850,273,3,270,0.69,5,buy
7/29,2890,新加坡商瑞銀,1650,2279,3092,-813,2.07,5,sell
7/29,2890,永豐金證券,0039004100300030,436,198,238,0.61,6,buy
7/29,2890,元大-台中,9812,0,496,-496,1.26,6,sell
7/29,2890,凱基,9200,205,6,199,0.51,7,buy
7/29,2890,港商野村,1560,1,456,-455,1.16,7,sell
7/29,2890,摩根大通,8440,3938,3744,194,0.49,8,buy
7/29,2890,群益金鼎-彰化,9187,0,253,-253,0.64,8,sell
7/29,2890,大和國泰,8890,166,0,166,0.42,9,buy
7/29,2890,美林,1440,2383,2623,-240,0.61,9,sell
7/29,2890,中國信託,6160,166,59,107,0.27,10,buy
7/29,2890,永豐金-市政,0039004100390057,17,214,-197,0.5,10,sell
7/29,2890,富邦-南京,0039003600310043,100,0,100,0.25,11,buy
7/29,2890,玉山-新莊,8842,3,193,-190,0.48,11,sell
7/29,2890,兆豐證券,7000,98,0,98,0.25,12,buy
7/29,2890,國泰-敦南,8888,53,221,-168,0.43,12,sell
7/29,2890,群益金鼎,9100,206,132,74,0.19,13,buy
7/29,2890,新光,8560,8,140,-132,0.34,13,sell
7/29,2890,凱基-林口,9257,70,6,64,0.16,14,buy
7/29,2890,富邦-建國,9658,0,130,-130,0.33,14,sell
7/29,2890,合庫-桃園,0031003000320045,50,1,49,0.12,15,buy
7/29,2890,華南永昌-高雄,9303,0,123,-123,0.31,15,sell
7/29,2887,元大證券,9800,11208,3847,7361,7.56,1,buy
7/29,2887,新加坡商瑞銀,1650,5583,13205,-7622,7.83,1,sell
7/29,2887,美林,1440,7138,1408,5730,5.88,2,buy
7/29,2887,美商高盛,1480,5027,12281,-7254,7.45,2,sell
7/29,2887,凱基-台北,9268,9057,3610,5447,5.59,3,buy
7/29,2887,台灣摩根士丹利,1470,7893,12453,-4560,4.68,3,sell
7/29,2887,永豐金證券,0039004100300030,3775,343,3432,3.52,4,buy
7/29,2887,元大-苗栗,003900380031004d,26,1710,-1684,1.73,4,sell
7/29,2887,華南永昌-敦南,9347,2026,1,2025,2.08,5,buy
7/29,2887,臺銀-高雄,0031003000340043,380,1849,-1469,1.51,5,sell
7/29,2887,富邦-公益,0039003600310046,1236,54,1182,1.21,6,buy
7/29,2887,摩根大通,8440,8139,8911,-772,0.79,6,sell
7/29,2887,國泰證券,8880,1007,250,757,0.78,7,buy
7/29,2887,花旗環球,1590,2572,3276,-704,0.72,7,sell
7/29,2887,兆豐-台中港,7005,674,16,658,0.68,8,buy
7/29,2887,元大-南屯,9853,34,731,-697,0.72,8,sell
7/29,2887,台新-烏日,0039004200320063,676,107,569,0.58,9,buy
7/29,2887,元大-歸仁,0039003800310061,33,697,-664,0.68,9,sell
7/29,2887,富邦-陽明,9604,598,122,476,0.49,10,buy
7/29,2887,元大-林森,0039003800330042,18,481,-463,0.48,10,sell
7/29,2887,凱基,9200,299,0,299,0.31,11,buy
7/29,2887,台新,0039004200300030,489,917,-428,0.44,11,sell
7/29,2887,港商麥格理,1360,297,13,284,0.29,12,buy
7/29,2887,康和-仁愛,0038003400350046,11,400,-389,0.4,12,sell
7/29,2887,群益金鼎,9100,881,625,256,0.26,13,buy
7/29,2887,元大-永春,9852,15,377,-362,0.37,13,sell
7/29,2887,法銀巴黎,8900,947,702,245,0.25,14,buy
7/29,2887,華南永昌-台中,9302,11,359,-348,0.36,14,sell
7/29,2887,台新-中港,0039004200320069,225,1,224,0.23,15,buy
7/29,2887,富邦-桃園,9665,54,380,-326,0.33,15,sell
7/29,2886,元大證券,9800,9327,3578,5749,12.72,1,buy
7/29,2886,凱基,9200,167,3300,-3133,6.93,1,sell
7/29,2886,永豐金證券,0039004100300030,3082,120,2962,6.56,2,buy
7/29,2886,美商高盛,1480,811,3940,-3129,6.92,2,sell
7/29,2886,兆豐證券,7000,2592,24,2568,5.68,3,buy
7/29,2886,凱基-台北,9268,2256,5020,-2764,6.12,3,sell
7/29,2886,國泰證券,8880,1756,1,1755,3.88,4,buy
7/29,2886,統一,5850,7,2594,-2587,5.73,4,sell
7/29,2886,美林,1440,2227,885,1342,2.97,5,buy
7/29,2886,港商野村,1560,65,1562,-1497,3.31,5,sell
7/29,2886,土銀,1030,1155,18,1137,2.52,6,buy
7/29,2886,摩根大通,8440,3272,4688,-1416,3.13,6,sell
7/29,2886,台新,0039004200300030,1010,56,954,2.11,7,buy
7/29,2886,元大-內湖,003900380039004e,4,362,-358,0.79,7,sell
7/29,2886,新加坡商瑞銀,1650,5152,4288,864,1.91,8,buy
7/29,2886,群益金鼎,9100,526,824,-298,0.66,8,sell
7/29,2886,大和國泰,8890,727,0,727,1.61,9,buy
7/29,2886,台灣企銀-太平,1115,0,276,-276,0.61,9,sell
7/29,2886,台灣摩根士丹利,1470,3839,3227,612,1.35,10,buy
7/29,2886,第一金-安和,003500330038006a,0,224,-224,0.5,10,sell
7/29,2886,法銀巴黎,8900,644,117,527,1.17,11,buy
7/29,2886,元大-北屯,0039003800390064,0,219,-219,0.48,11,sell
7/29,2886,花旗環球,1590,955,553,402,0.89,12,buy
7/29,2886,國泰-敦南,8888,141,312,-171,0.38,12,sell
7/29,2886,富邦證券,9600,365,10,355,0.79,13,buy
7/29,2886,新光,8560,18,151,-133,0.29,13,sell
7/29,2886,(牛牛牛)亞證券,6010,355,3,352,0.78,14,buy
7/29,2886,永豐金-竹科,0039004100390058,3,131,-128,0.28,14,sell
7/29,2886,中國信託,6160,197,25,172,0.38,15,buy
7/29,2886,華南永昌-古亭,9309,0,120,-120,0.27,15,sell
7/29,2867,元大證券,9800,17765,3393,14372,35.79,1,buy
7/29,2867,凱基-台北,9268,1412,5621,-4209,10.48,1,sell
7/29,2867,台灣摩根士丹利,1470,9270,6436,2834,7.06,2,buy
7/29,2867,群益金鼎,9100,43,3664,-3621,9.02,2,sell
7/29,2867,永豐金證券,0039004100300030,1684,11,1673,4.17,3,buy
7/29,2867,港商野村,1560,0,2082,-2082,5.18,3,sell
7/29,2867,台新,0039004200300030,1195,43,1152,2.87,4,buy
7/29,2867,美商高盛,1480,1236,3293,-2057,5.12,4,sell
7/29,2867,凱基,9200,1147,0,1147,2.86,5,buy
7/29,2867,國泰-桃園,8885,8,1287,-1279,3.18,5,sell
7/29,2867,兆豐證券,7000,1060,0,1060,2.64,6,buy
7/29,2867,兆豐-大同,0037003000300053,0,1000,-1000,2.49,6,sell
7/29,2867,統一-士林,003500380035004d,400,1,399,0.99,7,buy
7/29,2867,統一,5850,1,763,-762,1.9,7,sell
7/29,2867,摩根大通,8440,447,224,223,0.56,8,buy
7/29,2867,新加坡商瑞銀,1650,104,800,-696,1.73,8,sell
7/29,2867,國泰證券,8880,189,3,186,0.46,9,buy
7/29,2867,合庫-彰化,1028,0,605,-605,1.51,9,sell
7/29,2867,台灣企銀-岡山,1119,150,0,150,0.37,10,buy
7/29,2867,玉山-大里,003800380034004a,11,558,-547,1.36,10,sell
7/29,2867,元大-中山北路,0039003800300061,128,5,123,0.31,11,buy
7/29,2867,玉山-城中,0038003800340045,0,332,-332,0.83,11,sell
7/29,2867,花旗環球,1590,199,87,112,0.28,12,buy
7/29,2867,國泰-板橋,003800380038004b,1,278,-277,0.69,12,sell
7/29,2867,台灣企銀-台中,1111,100,0,100,0.25,13,buy
7/29,2867,新光,8560,18,241,-223,0.56,13,sell
7/29,2867,合庫-新竹,0031003000320041,92,0,92,0.23,14,buy
7/29,2867,華南永昌-中正,9359,0,201,-201,0.5,14,sell
7/29,2867,玉山-新莊,8842,286,200,86,0.21,15,buy
7/29,2867,華南永昌,9300,25,218,-193,0.48,15,sell
7/29,2892,國泰證券,8880,4569,1,4568,9.17,1,buy
7/29,2892,美商高盛,1480,1008,11674,-10666,21.4,1,sell
7/29,2892,土銀,1030,2780,6,2774,5.57,2,buy
7/29,2892,香港上海匯豐,8960,0,3012,-3012,6.04,2,sell
7/29,2892,元大證券,9800,4866,2135,2731,5.48,3,buy
7/29,2892,港商野村,1560,110,1673,-1563,3.14,3,sell
7/29,2892,摩根大通,8440,3786,1147,2639,5.3,4,buy
7/29,2892,新加坡商瑞銀,1650,1378,2476,-1098,2.2,4,sell
7/29,2892,富邦證券,9600,2339,0,2339,4.69,5,buy
7/29,2892,凱基-台北,9268,3622,4318,-696,1.4,5,sell
7/29,2892,永豐金證券,0039004100300030,2394,79,2315,4.65,6,buy
7/29,2892,兆豐-鹿港,0037003000300066,0,501,-501,1.01,6,sell
7/29,2892,港商麥格理,1360,1396,0,1396,2.8,7,buy
7/29,2892,高橋-龍潭,5321,3,445,-442,0.89,7,sell
7/29,2892,花旗環球,1590,1915,623,1292,2.59,8,buy
7/29,2892,第一金-中山,5389,6,439,-433,0.87,8,sell
7/29,2892,美林,1440,1921,706,1215,2.44,9,buy
7/29,2892,玉山-景美,8849,1,330,-329,0.66,9,sell
7/29,2892,兆豐證券,7000,847,60,787,1.58,10,buy
7/29,2892,台灣摩根士丹利,1470,7504,7769,-265,0.53,10,sell
7/29,2892,法銀巴黎,8900,653,113,540,1.08,11,buy
7/29,2892,彰銀,1230,0,221,-221,0.44,11,sell
7/29,2892,大和國泰,8890,420,0,420,0.84,12,buy
7/29,2892,元大-北府,0039003800300044,2,209,-207,0.42,12,sell
7/29,2892,國票-敦北法人,0037003700390063,403,0,403,0.81,13,buy
7/29,2892,元大-龍潭,9858,26,231,-205,0.41,13,sell
7/29,2892,統一,5850,294,1,293,0.59,14,buy
7/29,2892,臺銀-臺中,0031003000340041,153,357,-204,0.41,14,sell
7/29,2892,元大-信義,003900380039006d,260,9,251,0.5,15,buy
7/29,2892,台灣企銀-太平,1115,3,205,-202,0.41,15,sell
7/29,6505,台灣摩根士丹利,1470,3911,1983,1928,4.0,1,buy
7/29,6505,摩根大通,8440,1177,3808,-2631,5.45,1,sell
7/29,6505,花旗環球,1590,1380,175,1205,2.5,2,buy
7/29,6505,凱基-台北,9268,4209,5268,-1059,2.19,2,sell
7/29,6505,美商高盛,1480,2955,1994,961,1.99,3,buy
7/29,6505,新加坡商瑞銀,1650,897,1765,-868,1.8,3,sell
7/29,6505,中國信託-文心,6164,496,116,380,0.79,4,buy
7/29,6505,國票-敦北法人,0037003700390063,1,601,-600,1.24,4,sell
7/29,6505,新光,8560,555,205,350,0.73,5,buy
7/29,6505,香港上海匯豐,8960,9,535,-526,1.09,5,sell
7/29,6505,永豐金證券,0039004100300030,643,362,281,0.58,6,buy
7/29,6505,富邦-敦南,9663,209,692,-483,1.0,6,sell
7/29,6505,台新,0039004200300030,476,256,220,0.46,7,buy
7/29,6505,美林,1440,713,1036,-323,0.67,7,sell
7/29,6505,台新-建北,0039004200310038,913,700,213,0.44,8,buy
7/29,6505,元大證券,9800,4355,4632,-277,0.57,8,sell
7/29,6505,元大-大雅,0039003800330069,251,42,209,0.43,9,buy
7/29,6505,第一金-中山,5389,7,175,-168,0.35,9,sell
7/29,6505,法銀巴黎,8900,202,59,143,0.3,10,buy
7/29,6505,凱基-士林,9238,22,186,-164,0.34,10,sell
7/29,6505,中國信託,6160,243,106,137,0.28,11,buy
7/29,6505,富邦-建國,9658,73,231,-158,0.33,11,sell
7/29,6505,凱基,9200,132,1,131,0.27,12,buy
7/29,6505,德信-中正,6912,13,149,-136,0.28,12,sell
7/29,6505,凱基-中山,9229,130,5,125,0.26,13,buy
7/29,6505,群益金鼎-竹南,0039003100380069,20,138,-118,0.24,13,sell
7/29,6505,美好-中壢,5266,124,2,122,0.25,14,buy
7/29,6505,永豐金-內湖,0039004100390067,81,167,-86,0.18,14,sell
7/29,6505,土銀-白河,0031003000330043,135,46,89,0.18,15,buy
7/29,6505,元大-成功,003900380039004c,131,214,-83,0.17,15,sell
7/29,2812,新光-桃園,8565,10989,0,10989,31.33,1,buy
7/29,2812,台中銀-台北,6115,21,2234,-2213,6.31,1,sell
7/29,2812,花旗環球,1590,743,2,741,2.11,2,buy
7/29,2812,凱基-台北,9268,1167,3017,-1850,5.27,2,sell
7/29,2812,元大證券,9800,2477,1820,657,1.87,3,buy
7/29,2812,摩根大通,8440,1924,3524,-1600,4.56,3,sell
7/29,2812,統一,5850,491,12,479,1.37,4,buy
7/29,2812,新加坡商瑞銀,1650,1907,3171,-1264,3.6,4,sell
7/29,2812,國泰證券,8880,355,2,353,1.01,5,buy
7/29,2812,台灣摩根士丹利,1470,2783,3601,-818,2.33,5,sell
7/29,2812,美商高盛,1480,2900,2604,296,0.84,6,buy
7/29,2812,元大-松江,9801,0,705,-705,2.01,6,sell
7/29,2812,(牛牛牛)亞-鑫豐,0036003000310064,274,5,269,0.77,7,buy
7/29,2812,凱基-新莊,0039003200310053,1,567,-566,1.61,7,sell
7/29,2812,聯邦-興中,8587,204,0,204,0.58,8,buy
7/29,2812,港商野村,1560,0,498,-498,1.42,8,sell
7/29,2812,元大-鑫永和,9888,191,0,191,0.54,9,buy
7/29,2812,元大-向上,9824,3,358,-355,1.01,9,sell
7/29,2812,永豐金證券,0039004100300030,224,64,160,0.46,10,buy
7/29,2812,土銀-高雄,1033,0,207,-207,0.59,10,sell
7/29,2812,富邦-新店,9661,135,7,128,0.36,11,buy
7/29,2812,群益金鼎-台中,9184,0,202,-202,0.58,11,sell
7/29,2812,香港上海匯豐,8960,105,0,105,0.3,12,buy
7/29,2812,元大-中山北路,0039003800300061,0,196,-196,0.56,12,sell
7/29,2812,第一金-路竹,0035003300380050,102,3,99,0.28,13,buy
7/29,2812,台新,0039004200300030,208,399,-191,0.54,13,sell
7/29,2812,台新-中港,0039004200320069,95,2,93,0.27,14,buy
7/29,2812,臺銀-臺中,0031003000340041,21,211,-190,0.54,14,sell
7/29,2812,永豐金-板盛,0039004100390059,98,10,88,0.25,15,buy
7/29,2812,台新-烏日,0039004200320063,48,225,-177,0.5,15,sell
7/29,1402,花旗環球,1590,2146,399,1747,10.29,1,buy
7/29,1402,新加坡商瑞銀,1650,356,1804,-1448,8.53,1,sell
7/29,1402,台灣摩根士丹利,1470,1919,1143,776,4.57,2,buy
7/29,1402,港商野村,1560,0,582,-582,3.43,2,sell
7/29,1402,凱基-台北,9268,2093,1401,692,4.08,3,buy
7/29,1402,中國信託-三重,6161,0,530,-530,3.12,3,sell
7/29,1402,美林,1440,1181,568,613,3.61,4,buy
7/29,1402,群益金鼎,9100,4,510,-506,2.98,4,sell
7/29,1402,摩根大通,8440,2185,1642,543,3.2,5,buy
7/29,1402,永豐金-亞灣,0039004100390061,0,285,-285,1.68,5,sell
7/29,1402,亞東,2180,606,251,355,2.09,6,buy
7/29,1402,群益金鼎-高盛,9105,1,235,-234,1.38,6,sell
7/29,1402,元大-屏南,0039003800310072,300,0,300,1.77,7,buy
7/29,1402,兆豐-三民,0037003000300068,0,216,-216,1.27,7,sell
7/29,1402,宏遠-館前,0031003200360055,295,0,295,1.74,8,buy
7/29,1402,元大-忠孝,9871,0,203,-203,1.2,8,sell
7/29,1402,美商高盛,1480,986,730,256,1.51,9,buy
7/29,1402,元大-文心興安,9854,0,168,-168,0.99,9,sell
7/29,1402,元大-福營,0039003800310046,250,2,248,1.46,10,buy
7/29,1402,國泰-高雄,8881,1,166,-165,0.97,10,sell
7/29,1402,元大證券,9800,729,508,221,1.3,11,buy
7/29,1402,統一,5850,43,201,-158,0.93,11,sell
7/29,1402,永豐金證券,0039004100300030,195,67,128,0.75,12,buy
7/29,1402,元大-博愛,0039003800320042,0,135,-135,0.8,12,sell
7/29,1402,元大-北投,0039003800390041,113,0,113,0.67,13,buy
7/29,1402,康和-高雄,003800340035004a,0,125,-125,0.74,13,sell
7/29,1402,康和-嘉義,8459,110,0,110,0.65,14,buy
7/29,1402,永豐金-敦北,0039004100380039,2,114,-112,0.66,14,sell
7/29,1402,統一-高雄,5851,98,0,98,0.58,15,buy
7/29,1402,玉山-景美,8849,1,112,-111,0.65,15,sell
7/29,3045,美林,1440,995,19,976,6.0,1,buy
7/29,3045,群益金鼎,9100,172,1366,-1194,7.34,1,sell
7/29,3045,凱基-台北,9268,1660,863,797,4.9,2,buy
7/29,3045,玉山證券,8840,10,1100,-1090,6.7,2,sell
7/29,3045,元大證券,9800,1109,470,639,3.93,3,buy
7/29,3045,臺銀,1040,2,750,-748,4.6,3,sell
7/29,3045,港商野村,1560,608,23,585,3.6,4,buy
7/29,3045,彰銀,1230,0,600,-600,3.69,4,sell
7/29,3045,富邦證券,9600,447,0,447,2.75,5,buy
7/29,3045,華南永昌,9300,0,516,-516,3.17,5,sell
7/29,3045,美商高盛,1480,1957,1536,421,2.59,6,buy
7/29,3045,永豐金-萬盛,0039004100390032,0,250,-250,1.54,6,sell
7/29,3045,摩根大通,8440,1611,1370,241,1.48,7,buy
7/29,3045,新加坡商瑞銀,1650,1213,1452,-239,1.47,7,sell
7/29,3045,花旗環球,1590,271,47,224,1.38,8,buy
7/29,3045,群益金鼎-敦南,9101,0,100,-100,0.61,8,sell
7/29,3045,台灣摩根士丹利,1470,1784,1565,219,1.35,9,buy
7/29,3045,國泰-敦南,8888,58,153,-95,0.58,9,sell
7/29,3045,統一-三重,003500380035004a,200,0,200,1.23,10,buy
7/29,3045,亞東,2180,1,79,-78,0.48,10,sell
7/29,3045,兆豐-桃園,003700300030004d,456,326,130,0.8,11,buy
7/29,3045,第一金-忠孝,0035003300380044,55,132,-77,0.47,11,sell
7/29,3045,永豐金-新竹,0039004100390037,100,0,100,0.61,12,buy
7/29,3045,港商麥格理,1360,1,63,-62,0.38,12,sell
7/29,3045,富邦-敦南,9663,100,6,94,0.58,13,buy
7/29,3045,統一-新營,0035003800350045,0,50,-50,0.31,13,sell
7/29,3045,永豐金證券,0039004100300030,147,59,88,0.54,14,buy
7/29,3045,(牛牛牛)亞-網路,6012,7,48,-41,0.25,14,sell
7/29,3045,華南永昌-虎尾,9377,81,0,81,0.5,15,buy
7/29,3045,中國信託,6160,141,177,-36,0.22,15,sell
7/29,5876,美林,1440,2643,74,2569,14.84,1,buy
7/29,5876,中國信託,6160,92,3898,-3806,21.99,1,sell
7/29,5876,台灣摩根士丹利,1470,2937,815,2122,12.26,2,buy
7/29,5876,華南永昌-中正,9359,0,1280,-1280,7.39,2,sell
7/29,5876,新加坡商瑞銀,1650,2427,688,1739,10.05,3,buy
7/29,5876,兆豐證券,7000,0,736,-736,4.25,3,sell
7/29,5876,花旗環球,1590,1219,91,1128,6.52,4,buy
7/29,5876,華南永昌,9300,48,679,-631,3.65,4,sell
7/29,5876,港商野村,1560,964,0,964,5.57,5,buy
7/29,5876,富邦證券,9600,3,470,-467,2.7,5,sell
7/29,5876,摩根大通,8440,1595,765,830,4.8,6,buy
7/29,5876,大和國泰,8890,0,330,-330,1.91,6,sell
7/29,5876,法銀巴黎,8900,556,39,517,2.99,7,buy
7/29,5876,宏遠證券,1260,0,326,-326,1.88,7,sell
7/29,5876,元大證券,9800,849,460,389,2.25,8,buy
7/29,5876,凱基,9200,25,335,-310,1.79,8,sell
7/29,5876,凱基-台北,9268,1179,888,291,1.68,9,buy
7/29,5876,國泰-敦南,8888,0,222,-222,1.28,9,sell
7/29,5876,永豐金證券,0039004100300030,291,32,259,1.5,10,buy
7/29,5876,美商高盛,1480,1048,1266,-218,1.26,10,sell
7/29,5876,兆豐-城中,0037003000300057,197,4,193,1.12,11,buy
7/29,5876,玉山-城中,0038003800340045,35,233,-198,1.14,11,sell
7/29,5876,永豐金-匯立,0039004100380031,82,0,82,0.47,12,buy
7/29,5876,富邦-永和,9654,10,116,-106,0.61,12,sell
7/29,5876,美好-富順,003500320036004b,51,5,46,0.27,13,buy
7/29,5876,國泰-新莊,8886,10,114,-104,0.6,13,sell
7/29,5876,兆豐-松德,0037003000300069,50,5,45,0.26,14,buy
7/29,5876,群益金鼎-南京,0039003100380045,0,101,-101,0.58,14,sell
7/29,5876,富邦-台北,9623,50,21,29,0.17,15,buy
7/29,5876,凱基-中港,9202,0,101,-101,0.58,15,sell
7/29,2105,元大證券,9800,634,304,330,3.03,1,buy
7/29,2105,新加坡商瑞銀,1650,676,2052,-1376,12.64,1,sell
7/29,2105,港商野村,1560,345,19,326,2.99,2,buy
7/29,2105,摩根大通,8440,430,1429,-999,9.18,2,sell
7/29,2105,群益金鼎-三民,9188,302,1,301,2.77,3,buy
7/29,2105,亞東-新竹,2184,0,690,-690,6.34,3,sell
7/29,2105,台灣摩根士丹利,1470,646,357,289,2.66,4,buy
7/29,2105,國泰證券,8880,0,332,-332,3.05,4,sell
7/29,2105,永豐金-匯立,0039004100380031,234,0,234,2.15,5,buy
7/29,2105,美商高盛,1480,1138,1433,-295,2.71,5,sell
7/29,2105,花旗環球,1590,376,160,216,1.98,6,buy
7/29,2105,統一,5850,29,258,-229,2.1,6,sell
7/29,2105,台新-虎尾,003900420032004e,320,120,200,1.84,7,buy
7/29,2105,永豐金-台南,0039004100390068,13,210,-197,1.81,7,sell
7/29,2105,美林,1440,319,167,152,1.4,8,buy
7/29,2105,富邦-建國,9658,4,100,-96,0.88,8,sell
7/29,2105,凱基-台北,9268,845,739,106,0.97,9,buy
7/29,2105,元大-新店中正,0039003800340043,10,60,-50,0.46,9,sell
7/29,2105,統一-高雄,5851,100,0,100,0.92,10,buy
7/29,2105,台新-台南,0039004200310036,5,54,-49,0.45,10,sell
7/29,2105,高橋,5320,99,0,99,0.91,11,buy
7/29,2105,凱基-高雄,9206,4,50,-46,0.42,11,sell
7/29,2105,新光-高雄,8562,100,1,99,0.91,12,buy
7/29,2105,第一金-華江,0035003300380057,6,50,-44,0.4,12,sell
7/29,2105,中國信託,6160,81,6,75,0.69,13,buy
7/29,2105,元大-員林,9889,22,66,-44,0.4,13,sell
7/29,2105,兆豐-小港,0037003000300052,61,0,61,0.56,14,buy
7/29,2105,富邦-台北,9623,0,31,-31,0.28,14,sell
7/29,2105,華南永昌-長虹,9333,60,0,60,0.55,15,buy
7/29,2105,新光,8560,38,69,-31,0.28,15,sell
7/29,0050,國泰-敦南,8888,28711,8157,20554,3.76,1,buy
7/29,0050,元大證券,9800,82137,220999,-138862,25.42,1,sell
7/29,0050,國泰-板橋,003800380038004b,5806,1499,4307,0.79,2,buy
7/29,0050,永豐金證券,0039004100300030,12064,95008,-82944,15.18,2,sell
7/29,0050,新光,8560,6781,2747,4034,0.74,3,buy
7/29,0050,凱基-台北,9268,6919,42862,-35943,6.58,3,sell
7/29,0050,國泰-台中,8882,4783,1289,3494,0.64,4,buy
7/29,0050,富邦證券,9600,3347,25112,-21765,3.98,4,sell
7/29,0050,台新,0039004200300030,6498,3680,2818,0.52,5,buy
7/29,0050,群益金鼎,9100,540,9336,-8796,1.61,5,sell
7/29,0050,永豐金-板新,003900410039004a,3192,502,2690,0.49,6,buy
7/29,0050,安泰-大發,8381,92,3075,-2983,0.55,6,sell
7/29,0050,國泰-館前,0038003800380041,3603,1055,2548,0.47,7,buy
7/29,0050,美商高盛,1480,8995,10903,-1908,0.35,7,sell
7/29,0050,華南永昌,9300,2801,412,2389,0.44,8,buy
7/29,0050,富邦-台北,9623,2481,4311,-1830,0.33,8,sell
7/29,0050,國泰-忠孝,8887,2642,346,2296,0.42,9,buy
7/29,0050,新加坡商瑞銀,1650,15136,16263,-1127,0.21,9,sell
7/29,0050,玉山證券,8840,2543,455,2088,0.38,10,buy
7/29,0050,聯邦證券,8580,220,559,-339,0.06,10,sell
7/29,0050,中國信託,6160,7680,5662,2018,0.37,11,buy
7/29,0050,玉山-台南,8847,1186,1413,-227,0.04,11,sell
7/29,0050,玉山-新莊,8842,2305,312,1993,0.36,12,buy
7/29,0050,華南永昌-林口,9317,295,418,-123,0.02,12,sell
7/29,0050,國泰-桃園,8885,3263,1381,1882,0.34,13,buy
7/29,0050,元大-華山,0039003800310055,159,243,-84,0.02,13,sell
7/29,0050,富邦-陽明,9604,2250,369,1881,0.34,14,buy
7/29,0050,富邦-羅東,9634,652,707,-55,0.01,14,sell
7/29,0050,富邦-仁愛,9676,2526,646,1880,0.34,15,buy
7/29,0050,華南永昌-豐原,9366,129,178,-49,0.01,15,sell
7/29,0056,新加坡商瑞銀,1650,6539,3672,2867,2.09,1,buy
7/29,0056,元大證券,9800,15923,33621,-17698,12.92,1,sell
7/29,0056,國泰-敦南,8888,4318,2962,1356,0.99,2,buy
7/29,0056,凱基-台北,9268,14330,25552,-11222,8.19,2,sell
7/29,0056,富邦-仁愛,9676,1387,106,1281,0.94,3,buy
7/29,0056,台灣摩根士丹利,1470,24,6084,-6060,4.42,3,sell
7/29,0056,永豐金證券,0039004100300030,3582,2527,1055,0.77,4,buy
7/29,0056,玉山-台中,0038003800340042,484,4601,-4117,3.01,4,sell
7/29,0056,富邦證券,9600,1005,134,871,0.64,5,buy
7/29,0056,臺銀,1040,333,2298,-1965,1.43,5,sell
7/29,0056,新光,8560,1330,614,716,0.52,6,buy
7/29,0056,中國信託-文心,6164,273,1159,-886,0.65,6,sell
7/29,0056,富邦-建國,9658,699,97,602,0.44,7,buy
7/29,0056,富邦-中壢,9636,306,1176,-870,0.64,7,sell
7/29,0056,國泰證券,8880,650,62,588,0.43,8,buy
7/29,0056,摩根大通,8440,2028,2732,-704,0.51,8,sell
7/29,0056,國泰-台中,8882,870,368,502,0.37,9,buy
7/29,0056,國票-嘉義,0037003700390048,8,450,-442,0.32,9,sell
7/29,0056,臺銀-臺中,0031003000340041,540,93,447,0.33,10,buy
7/29,0056,新光-台中,8561,322,717,-395,0.29,10,sell
7/29,0056,國泰-板橋,003800380038004b,821,374,447,0.33,11,buy
7/29,0056,元大-斗信,9884,127,416,-289,0.21,11,sell
7/29,0056,元大-苑裡,0039003800390061,506,91,415,0.3,12,buy
7/29,0056,美林,1440,2,282,-280,0.2,12,sell
7/29,0056,元大-中壢,9834,556,198,358,0.26,13,buy
7/29,0056,中國信託-高雄,003600310036004b,220,495,-275,0.2,13,sell
7/29,0056,凱基-站前,0039003200300046,403,74,329,0.24,14,buy
7/29,0056,華南永昌-古亭,9309,59,295,-236,0.17,14,sell
7/29,0056,富邦-板橋,9655,560,250,310,0.23,15,buy
7/29,0056,台新-大裕,003900420032006c,99,333,-234,0.17,15,sell
7/29,6770,凱基-城中,9227,4854,129,4725,2.98,1,buy
7/29,6770,美林,1440,1665,5148,-3483,2.19,1,sell
7/29,6770,美商高盛,1480,8813,4492,4321,2.72,2,buy
7/29,6770,花旗環球,1590,346,3671,-3325,2.1,2,sell
7/29,6770,永豐金-匯立,0039004100380031,1627,0,1627,1.03,3,buy
7/29,6770,元大-草屯,0039003800390045,195,3230,-3035,1.91,3,sell
7/29,6770,元大證券,9800,14080,12528,1552,0.98,4,buy
7/29,6770,台新-西松,003900420032006e,27,1430,-1403,0.88,4,sell
7/29,6770,凱基-台北,9268,10307,8757,1550,0.98,5,buy
7/29,6770,群益金鼎,9100,465,1304,-839,0.53,5,sell
7/29,6770,摩根大通,8440,4511,3383,1128,0.71,6,buy
7/29,6770,台新,0039004200300030,1016,1845,-829,0.52,6,sell
7/29,6770,富邦-南屯,9666,1250,233,1017,0.64,7,buy
7/29,6770,新光,8560,1028,1846,-818,0.52,7,sell
7/29,6770,台新-府城,0039004200320039,617,33,584,0.37,8,buy
7/29,6770,新加坡商瑞銀,1650,1964,2758,-794,0.5,8,sell
7/29,6770,港商野村,1560,773,265,508,0.32,9,buy
7/29,6770,元大-松江,9801,50,646,-596,0.38,9,sell
7/29,6770,台灣摩根士丹利,1470,6615,6138,477,0.3,10,buy
7/29,6770,凱基-彰化,0039003200300047,280,817,-537,0.34,10,sell
7/29,6770,國票-博愛,003700370039007a,421,42,379,0.24,11,buy
7/29,6770,國票-敦北法人,0037003700390063,44,528,-484,0.3,11,sell
7/29,6770,永豐金-市政,0039004100390057,554,213,341,0.21,12,buy
7/29,6770,元大-豐原站前,0039003800390057,149,604,-455,0.29,12,sell
7/29,6770,台新-安南,003900420032005a,885,597,288,0.18,13,buy
7/29,6770,第一金-中壢,0035003300380059,84,484,-400,0.25,13,sell
7/29,6770,台新-花蓮,0039004200320079,309,30,279,0.18,14,buy
7/29,6770,玉山-高雄,8843,301,673,-372,0.23,14,sell
7/29,6770,富邦-永和,9654,614,338,276,0.17,15,buy
7/29,6770,元大-忠孝,9871,206,551,-345,0.22,15,sell
7/29,2409,摩根大通,8440,14001,5534,8467,3.36,1,buy
7/29,2409,港商麥格理,1360,469,5073,-4604,1.83,1,sell
7/29,2409,富邦證券,9600,9079,768,8311,3.3,2,buy
7/29,2409,台灣摩根士丹利,1470,3687,7547,-3860,1.53,2,sell
7/29,2409,花旗環球,1590,6711,600,6111,2.43,3,buy
7/29,2409,美林,1440,5379,8446,-3067,1.22,3,sell
7/29,2409,港商野村,1560,5573,1200,4373,1.74,4,buy
7/29,2409,凱基-台北,9268,18597,20573,-1976,0.78,4,sell
7/29,2409,永豐金-匯立,0039004100380031,2272,0,2272,0.9,5,buy
7/29,2409,永豐金-萬盛,0039004100390032,60,1534,-1474,0.59,5,sell
7/29,2409,兆豐-大同,0037003000300053,1319,32,1287,0.51,6,buy
7/29,2409,統一,5850,744,2144,-1400,0.56,6,sell
7/29,2409,統一-城中,5854,990,200,790,0.31,7,buy
7/29,2409,群益金鼎-竹南,0039003100380069,39,1311,-1272,0.51,7,sell
7/29,2409,台灣企銀-岡山,1119,705,25,680,0.27,8,buy
7/29,2409,美商高盛,1480,11124,12266,-1142,0.45,8,sell
7/29,2409,富邦-木柵,003900360031004d,851,330,521,0.21,9,buy
7/29,2409,富邦-永和,9654,567,1649,-1082,0.43,9,sell
7/29,2409,元大-樹林,003900380039006a,861,346,515,0.2,10,buy
7/29,2409,元大-南京,9862,79,1046,-967,0.38,10,sell
7/29,2409,台新-台北,0039004200320030,472,41,431,0.17,11,buy
7/29,2409,富邦-台北,9623,1525,2370,-845,0.34,11,sell
7/29,2409,新加坡商瑞銀,1650,11993,11614,379,0.15,12,buy
7/29,2409,福勝,6950,137,975,-838,0.33,12,sell
7/29,2409,玉山-高雄,8843,787,438,349,0.14,13,buy
7/29,2409,富邦-新板,0039003600310048,348,1008,-660,0.26,13,sell
7/29,2409,富邦-南屯,9666,607,279,328,0.13,14,buy
7/29,2409,永豐金-松山,0039004100390031,170,668,-498,0.2,14,sell
7/29,2409,玉山-信義,0038003800340043,455,167,288,0.11,15,buy
7/29,2409,國泰-板橋,003800380038004b,715,1191,-476,0.19,15,sell
7/29,2344,台新-西松,003900420032006e,13744,9795,3949,4.79,1,buy
7/29,2344,台灣摩根士丹利,1470,1273,8758,-7485,9.08,1,sell
7/29,2344,富邦-台北,9623,11319,8653,2666,3.23,2,buy
7/29,2344,摩根大通,8440,1244,5894,-4650,5.64,2,sell
7/29,2344,美林,1440,1525,149,1376,1.67,3,buy
7/29,2344,新加坡商瑞銀,1650,2258,6247,-3989,4.84,3,sell
7/29,2344,兆豐證券,7000,900,113,787,0.95,4,buy
7/29,2344,富邦證券,9600,2137,4094,-1957,2.37,4,sell
7/29,2344,永豐金證券,0039004100300030,997,429,568,0.69,5,buy
7/29,2344,統一,5850,445,2158,-1713,2.08,5,sell
7/29,2344,富邦-南屯,9666,607,59,548,0.66,6,buy
7/29,2344,華南永昌-世貿,9334,30,1210,-1180,1.43,6,sell
7/29,2344,元大證券,9800,3565,3045,520,0.63,7,buy
7/29,2344,國泰證券,8880,55,899,-844,1.02,7,sell
7/29,2344,富邦-南京,0039003600310043,530,31,499,0.61,8,buy
7/29,2344,第一金,5380,19,605,-586,0.71,8,sell
7/29,2344,永興,5600,346,2,344,0.42,9,buy
7/29,2344,港商野村,1560,5,405,-400,0.48,9,sell
7/29,2344,致和-崇德,0037003000330042,244,12,232,0.28,10,buy
7/29,2344,中國信託-高雄,003600310036004b,53,400,-347,0.42,10,sell
7/29,2344,凱基-台南,9211,267,46,221,0.27,11,buy
7/29,2344,台新-台北,0039004200320030,1015,1318,-303,0.37,11,sell
7/29,2344,台新-安南,003900420032005a,215,36,179,0.22,12,buy
7/29,2344,元大-中崙,9813,20,316,-296,0.36,12,sell
7/29,2344,新光-台中,8561,275,99,176,0.21,13,buy
7/29,2344,美商高盛,1480,1813,2054,-241,0.29,13,sell
7/29,2344,宏遠證券,1260,208,47,161,0.2,14,buy
7/29,2344,港商麥格理,1360,2,220,-218,0.26,14,sell
7/29,2344,國泰-敦南,8888,1343,1188,155,0.19,15,buy
7/29,2344,永豐金-天母,0039004100390047,30,184,-154,0.19,15,sell
7/29,2337,兆豐-中壢,0037003000300062,4398,6,4392,5.52,1,buy
7/29,2337,摩根大通,8440,2848,12065,-9217,11.58,1,sell
7/29,2337,國票-敦北法人,0037003700390063,3530,25,3505,4.4,2,buy
7/29,2337,新加坡商瑞銀,1650,1124,3288,-2164,2.72,2,sell
7/29,2337,美林,1440,1981,838,1143,1.44,3,buy
7/29,2337,港商麥格理,1360,8,1908,-1900,2.39,3,sell
7/29,2337,港商野村,1560,1302,196,1106,1.39,4,buy
7/29,2337,富邦證券,9600,2713,4594,-1881,2.36,4,sell
7/29,2337,台灣摩根士丹利,1470,5608,4691,917,1.15,5,buy
7/29,2337,統一,5850,87,1638,-1551,1.95,5,sell
7/29,2337,元大證券,9800,6260,5526,734,0.92,6,buy
7/29,2337,永豐金證券,0039004100300030,315,1725,-1410,1.77,6,sell
7/29,2337,大和國泰,8890,590,0,590,0.74,7,buy
7/29,2337,凱基-台北,9268,2942,3953,-1011,1.27,7,sell
7/29,2337,美商高盛,1480,3034,2570,464,0.58,8,buy
7/29,2337,元大-土城永寧,9875,534,1329,-795,1.0,8,sell
7/29,2337,富邦-南屯,9666,436,30,406,0.51,9,buy
7/29,2337,國泰證券,8880,17,616,-599,0.75,9,sell
7/29,2337,台新-安南,003900420032005a,332,14,318,0.4,10,buy
7/29,2337,永豐金-內湖,0039004100390067,127,522,-395,0.5,10,sell
7/29,2337,兆豐-來福,0037003000300043,245,13,232,0.29,11,buy
7/29,2337,群益金鼎-嘉義,003900310038004d,46,373,-327,0.41,11,sell
7/29,2337,富邦-永和,9654,279,66,213,0.27,12,buy
7/29,2337,香港上海匯豐,8960,16,324,-308,0.39,12,sell
7/29,2337,永興,5600,208,0,208,0.26,13,buy
7/29,2337,兆豐-台中,7003,19,279,-260,0.33,13,sell
7/29,2337,台新-花蓮,0039004200320079,198,2,196,0.25,14,buy
7/29,2337,合庫證券,1020,43,276,-233,0.29,14,sell
7/29,2337,元大-虎尾,003900380030006c,173,48,125,0.16,15,buy
7/29,2337,永豐金-板新,003900410039004a,80,288,-208,0.26,15,sell
7/29,0052,元大證券,9800,9357,4917,4440,7.03,1,buy
7/29,0052,群益金鼎-敦南,9101,511,3559,-3048,4.83,1,sell
7/29,0052,統一,5850,2766,1251,1515,2.4,2,buy
7/29,0052,凱基-台北,9268,5688,8310,-2622,4.15,2,sell
7/29,0052,中國信託,6160,1837,525,1312,2.08,3,buy
7/29,0052,台新,0039004200300030,822,3274,-2452,3.88,3,sell
7/29,0052,新加坡商瑞銀,1650,4351,3801,550,0.87,4,buy
7/29,0052,富邦證券,9600,4166,5911,-1745,2.76,4,sell
7/29,0052,國泰-敦南,8888,1490,1201,289,0.46,5,buy
7/29,0052,永豐金證券,0039004100300030,1840,3120,-1280,2.03,5,sell
7/29,0052,港商麥格理,1360,264,0,264,0.42,6,buy
7/29,0052,摩根大通,8440,0,1144,-1144,1.81,6,sell
7/29,0052,玉山-士林,0038003800340041,277,19,258,0.41,7,buy
7/29,0052,群益金鼎,9100,1563,1866,-303,0.48,7,sell
7/29,0052,國泰-館前,0038003800380041,352,98,254,0.4,8,buy
7/29,0052,富邦-陽明,9604,162,415,-253,0.4,8,sell
7/29,0052,國泰-板橋,003800380038004b,539,336,203,0.32,9,buy
7/29,0052,元大-大里,0039003800310067,53,249,-196,0.31,9,sell
7/29,0052,凱基,9200,234,40,194,0.31,10,buy
7/29,0052,台灣企銀,1110,25,208,-183,0.29,10,sell
7/29,0052,富邦-中壢,9636,267,87,180,0.29,11,buy
7/29,0052,台新-潮州,0039004200320043,8,173,-165,0.26,11,sell
7/29,0052,富邦-新竹,9647,207,43,164,0.26,12,buy
7/29,0052,凱基-桃園,9208,92,229,-137,0.22,12,sell
7/29,0052,新光,8560,343,182,161,0.26,13,buy
7/29,0052,台新-吉利,0039004200320057,7,143,-136,0.22,13,sell
7/29,0052,元大-台中中港,0039003800390042,201,56,145,0.23,14,buy
7/29,0052,凱基-林口,9257,28,154,-126,0.2,14,sell
7/29,0052,富邦-桃園,9665,180,68,112,0.18,15,buy
7/29,0052,凱基-新豐,9266,19,124,-105,0.17,15,sell
7/29,2324,美林,1440,5209,302,4907,5.93,1,buy
7/29,2324,台灣摩根士丹利,1470,3982,8687,-4705,5.69,1,sell
7/29,2324,凱基-台北,9268,6793,3656,3137,3.79,2,buy
7/29,2324,美商高盛,1480,7201,9257,-2056,2.49,2,sell
7/29,2324,花旗環球,1590,1708,136,1572,1.9,3,buy
7/29,2324,新加坡商瑞銀,1650,2656,4538,-1882,2.28,3,sell
7/29,2324,富邦證券,9600,1941,465,1476,1.78,4,buy
7/29,2324,統一,5850,422,1248,-826,1.0,4,sell
7/29,2324,港商野村,1560,1132,326,806,0.97,5,buy
7/29,2324,國票-中和,0037003700390058,18,430,-412,0.5,5,sell
7/29,2324,港商麥格理,1360,940,189,751,0.91,6,buy
7/29,2324,台新-台中,0039004200310068,108,464,-356,0.43,6,sell
7/29,2324,永豐金-匯立,0039004100380031,728,0,728,0.88,7,buy
7/29,2324,富邦-永和,9654,193,469,-276,0.33,7,sell
7/29,2324,摩根大通,8440,4617,3910,707,0.85,8,buy
7/29,2324,合庫-桃園,0031003000320045,272,547,-275,0.33,8,sell
7/29,2324,群益金鼎-台北,0039003100380058,254,5,249,0.3,9,buy
7/29,2324,元大-天母,0039003800310049,70,329,-259,0.31,9,sell
7/29,2324,(牛牛牛)亞-鑫豐,0036003000310064,1143,900,243,0.29,10,buy
7/29,2324,國泰-敦南,8888,1292,1523,-231,0.28,10,sell
7/29,2324,永豐金-板盛,0039004100390059,286,63,223,0.27,11,buy
7/29,2324,兆豐-台中港,7005,18,194,-176,0.21,11,sell
7/29,2324,永豐金-敦北,0039004100380039,202,24,178,0.22,12,buy
7/29,2324,兆豐-忠孝,0037003000300061,30,191,-161,0.19,12,sell
7/29,2324,元大證券,9800,7774,7598,176,0.21,13,buy
7/29,2324,台新,0039004200300030,413,572,-159,0.19,13,sell
7/29,2324,元大-華山,0039003800310055,180,9,171,0.21,14,buy
7/29,2324,陽信,8710,1,145,-144,0.17,14,sell
7/29,2324,元大-敦化,9833,148,3,145,0.18,15,buy
7/29,2324,永豐金-新店,0039004100390069,40,175,-135,0.16,15,sell
7/29,2353,摩根大通,8440,5163,1431,3732,9.99,1,buy
7/29,2353,台灣摩根士丹利,1470,1138,5039,-3901,10.45,1,sell
7/29,2353,凱基-台北,9268,3832,2219,1613,4.32,2,buy
7/29,2353,新加坡商瑞銀,1650,489,2517,-2028,5.43,2,sell
7/29,2353,美林,1440,1292,534,758,2.03,3,buy
7/29,2353,華南永昌,9300,136,2027,-1891,5.06,3,sell
7/29,2353,元大證券,9800,3759,3139,620,1.66,4,buy
7/29,2353,玉山-新莊,8842,9,1245,-1236,3.31,4,sell
7/29,2353,花旗環球,1590,785,185,600,1.61,5,buy
7/29,2353,國泰證券,8880,119,471,-352,0.94,5,sell
7/29,2353,美商高盛,1480,2875,2291,584,1.56,6,buy
7/29,2353,凱基-湖口,003900320030004e,8,323,-315,0.84,6,sell
7/29,2353,永豐金-南京,0039004100390053,300,7,293,0.78,7,buy
7/29,2353,合庫-西台中,0031003000320046,3,220,-217,0.58,7,sell
7/29,2353,元大-上新莊,0039003800330047,199,58,141,0.38,8,buy
7/29,2353,統一,5850,93,291,-198,0.53,8,sell
7/29,2353,元大-豐原站前,0039003800390057,349,227,122,0.33,9,buy
7/29,2353,富邦-南京,0039003600310043,12,174,-162,0.43,9,sell
7/29,2353,永豐金-敦北,0039004100380039,237,115,122,0.33,10,buy
7/29,2353,元大-福營,0039003800310046,16,162,-146,0.39,10,sell
7/29,2353,群益金鼎-潭子,0039003100330044,112,2,110,0.29,11,buy
7/29,2353,元大-和平,9863,10,131,-121,0.32,11,sell
7/29,2353,元大-新莊,9898,133,24,109,0.29,12,buy
7/29,2353,台灣企銀-民雄,0031003100310041,4,122,-118,0.32,12,sell
7/29,2353,凱基-士林,9238,109,8,101,0.27,13,buy
7/29,2353,新光-台中,8561,36,150,-114,0.31,13,sell
7/29,2353,京城,8490,100,0,100,0.27,14,buy
7/29,2353,元大-旗山,003900380031006e,10,123,-113,0.3,14,sell
7/29,2353,凱基-新店,0039003200300056,100,1,99,0.27,15,buy
7/29,2353,玉山-左營,0038003800340044,12,120,-108,0.29,15,sell
7/29,4938,花旗環球,1590,503,33,470,4.35,1,buy
7/29,4938,港商野村,1560,28,2416,-2388,22.09,1,sell
7/29,4938,台灣摩根士丹利,1470,1068,619,449,4.15,2,buy
7/29,4938,新加坡商瑞銀,1650,345,1190,-845,7.82,2,sell
7/29,4938,摩根大通,8440,852,435,417,3.86,3,buy
7/29,4938,港商麥格理,1360,47,399,-352,3.26,3,sell
7/29,4938,美林,1440,853,472,381,3.52,4,buy
7/29,4938,美商高盛,1480,402,697,-295,2.73,4,sell
7/29,4938,凱基-台北,9268,598,261,337,3.12,5,buy
7/29,4938,凱基-敦北,9237,7,114,-107,0.99,5,sell
7/29,4938,法銀巴黎,8900,219,0,219,2.03,6,buy
7/29,4938,凱基-大直,9218,3,102,-99,0.92,6,sell
7/29,4938,元大證券,9800,1262,1082,180,1.67,7,buy
7/29,4938,第一金-忠孝,0035003300380044,0,76,-76,0.7,7,sell
7/29,4938,富邦-南京,0039003600310043,168,2,166,1.54,8,buy
7/29,4938,統一-敦南,5852,0,50,-50,0.46,8,sell
7/29,4938,群益金鼎,9100,275,110,165,1.53,9,buy
7/29,4938,台新-建北,0039004200310038,0,48,-48,0.44,9,sell
7/29,4938,永豐金證券,0039004100300030,253,92,161,1.49,10,buy
7/29,4938,群益金鼎-大安,0039003100380065,1,36,-35,0.32,10,sell
7/29,4938,新光,8560,133,11,122,1.13,11,buy
7/29,4938,群益金鼎-台中,9184,1,35,-34,0.31,11,sell
7/29,4938,香港上海匯豐,8960,96,0,96,0.89,12,buy
7/29,4938,富邦證券,9600,2,33,-31,0.29,12,sell
7/29,4938,台新,0039004200300030,60,6,54,0.5,13,buy
7/29,4938,玉山-高雄,8843,1,28,-27,0.25,13,sell
7/29,4938,凱基-埔墘,9288,50,0,50,0.46,14,buy
7/29,4938,元大-博愛,0039003800320042,4,28,-24,0.22,14,sell
7/29,4938,國泰-台南,8884,49,1,48,0.44,15,buy
7/29,4938,臺銀-高雄,0031003000340043,3,25,-22,0.2,15,sell
7/29,6147,凱基-台北,9268,3564,1416,2148,7.37,1,buy
7/29,6147,群益金鼎,9100,156,2112,-1956,6.71,1,sell
7/29,6147,台灣摩根士丹利,1470,2504,399,2105,7.23,2,buy
7/29,6147,凱基,9200,2,1160,-1158,3.98,2,sell
7/29,6147,港商野村,1560,1011,13,998,3.43,3,buy
7/29,6147,永豐金證券,0039004100300030,83,886,-803,2.76,3,sell
7/29,6147,元大證券,9800,4520,3632,888,3.05,4,buy
7/29,6147,富邦-永和,9654,68,504,-436,1.5,4,sell
7/29,6147,美商高盛,1480,1131,274,857,2.94,5,buy
7/29,6147,玉山-城中,0038003800340045,12,422,-410,1.41,5,sell
7/29,6147,摩根大通,8440,905,251,654,2.25,6,buy
7/29,6147,統一,5850,161,570,-409,1.4,6,sell
7/29,6147,美林,1440,425,61,364,1.25,7,buy
7/29,6147,元大-敦南,0039003800390050,10,387,-377,1.29,7,sell
7/29,6147,元大-信義安和,0039003800300052,682,415,267,0.92,8,buy
7/29,6147,富邦證券,9600,56,360,-304,1.04,8,sell
7/29,6147,永豐金-萬盛,0039004100390032,221,24,197,0.68,9,buy
7/29,6147,國泰-敦南,8888,816,1099,-283,0.97,9,sell
7/29,6147,國票-安和,003700370039005a,186,57,129,0.44,10,buy
7/29,6147,台新-永和,0039004200320042,31,310,-279,0.96,10,sell
7/29,6147,凱基-斗六,9281,122,0,122,0.42,11,buy
7/29,6147,新加坡商瑞銀,1650,688,966,-278,0.95,11,sell
7/29,6147,凱基-市政,9239,265,162,103,0.35,12,buy
7/29,6147,永豐金-南京,0039004100390053,50,301,-251,0.86,12,sell
7/29,6147,元大-北屯,0039003800390064,131,32,99,0.34,13,buy
7/29,6147,元大-中和,0039003800390065,28,246,-218,0.75,13,sell
7/29,6147,華南永昌-中正,9359,79,19,60,0.21,14,buy
7/29,6147,永豐金-信義,0039004100390052,4,202,-198,0.68,14,sell
7/29,6147,富邦-木柵,003900360031004d,71,18,53,0.18,15,buy
7/29,6147,永豐金-市政,0039004100390057,19,195,-176,0.6,15,sell
7/29,2610,花旗環球,1590,7168,89,7079,10.79,1,buy
7/29,2610,美商高盛,1480,2592,5309,-2717,4.14,1,sell
7/29,2610,永豐金-匯立,0039004100380031,3692,0,3692,5.63,2,buy
7/29,2610,台灣摩根士丹利,1470,3580,5513,-1933,2.95,2,sell
7/29,2610,摩根大通,8440,4772,2354,2418,3.68,3,buy
7/29,2610,第一金-自由,0035003300380045,5,1394,-1389,2.12,3,sell
7/29,2610,美林,1440,2471,621,1850,2.82,4,buy
7/29,2610,群益金鼎-土城,003900310033004e,110,1009,-899,1.37,4,sell
7/29,2610,法銀巴黎,8900,1642,0,1642,2.5,5,buy
7/29,2610,兆豐-板橋,0037003000300042,0,833,-833,1.27,5,sell
7/29,2610,新加坡商瑞銀,1650,5579,4350,1229,1.87,6,buy
7/29,2610,富邦-台南,9667,44,679,-635,0.97,6,sell
7/29,2610,富邦-羅東,9634,1174,29,1145,1.74,7,buy
7/29,2610,富邦-桃園,9665,18,637,-619,0.94,7,sell
7/29,2610,永豐金-高雄,0039004100390065,707,25,682,1.04,8,buy
7/29,2610,元大-四維,9831,4,481,-477,0.73,8,sell
7/29,2610,元大-木柵,003900380033004d,506,3,503,0.77,9,buy
7/29,2610,統一-中壢,5853,9,471,-462,0.7,9,sell
7/29,2610,台新-花蓮,0039004200320079,492,1,491,0.75,10,buy
7/29,2610,國泰-敦南,8888,859,1245,-386,0.59,10,sell
7/29,2610,國泰-台中,8882,674,249,425,0.65,11,buy
7/29,2610,新光,8560,250,586,-336,0.51,11,sell
7/29,2610,凱基-台北,9268,4222,3902,320,0.49,12,buy
7/29,2610,台新-城中,0039004200320045,2,336,-334,0.51,12,sell
7/29,2610,統一-三重,003500380035004a,332,44,288,0.44,13,buy
7/29,2610,玉山-高雄,8843,18,308,-290,0.44,13,sell
7/29,2610,國泰-高雄,8881,354,137,217,0.33,14,buy
7/29,2610,永豐金證券,0039004100300030,1027,1303,-276,0.42,14,sell
7/29,2610,中國信託-嘉義,6168,207,13,194,0.3,15,buy
7/29,2610,台新-台中,0039004200310068,56,312,-256,0.39,15,sell
7/29,3576,凱基-台北,9268,881,388,493,2.85,1,buy
7/29,3576,國泰證券,8880,0,1600,-1600,9.24,1,sell
7/29,3576,台灣摩根士丹利,1470,816,439,377,2.18,2,buy
7/29,3576,凱基-士林,9238,35,709,-674,3.89,2,sell
7/29,3576,美商高盛,1480,681,512,169,0.98,3,buy
7/29,3576,新加坡商瑞銀,1650,280,871,-591,3.41,3,sell
7/29,3576,花旗環球,1590,167,34,133,0.77,4,buy
7/29,3576,台新-台中,0039004200310068,53,515,-462,2.67,4,sell
7/29,3576,元大-忠孝,9871,121,2,119,0.69,5,buy
7/29,3576,玉山-景美,8849,20,400,-380,2.19,5,sell
7/29,3576,玉山-信義,0038003800340043,125,7,118,0.68,6,buy
7/29,3576,摩根大通,8440,486,700,-214,1.24,6,sell
7/29,3576,群益金鼎-大甲,0039003100380067,120,4,116,0.67,7,buy
7/29,3576,富邦-陽明,9604,73,275,-202,1.17,7,sell
7/29,3576,永豐金證券,0039004100300030,114,13,101,0.58,8,buy
7/29,3576,富邦-新竹,9647,60,223,-163,0.94,8,sell
7/29,3576,台中銀,6110,99,0,99,0.57,9,buy
7/29,3576,凱基-台中,9204,13,163,-150,0.87,9,sell
7/29,3576,凱基-高美館,9215,111,13,98,0.57,10,buy
7/29,3576,台新-台南,0039004200310036,7,150,-143,0.83,10,sell
7/29,3576,群益金鼎-彰化,9187,97,0,97,0.56,11,buy
7/29,3576,國票-中和,0037003700390058,6,140,-134,0.77,11,sell
7/29,3576,元大-沙鹿,0039003800300064,107,12,95,0.55,12,buy
7/29,3576,國泰-台中,8882,37,161,-124,0.72,12,sell
7/29,3576,富邦-羅東,9634,98,6,92,0.53,13,buy
7/29,3576,美林,1440,158,273,-115,0.66,13,sell
7/29,3576,土銀-新竹,1035,90,1,89,0.51,14,buy
7/29,3576,華南永昌-斗六,9327,6,104,-98,0.57,14,sell
7/29,3576,日茂-南投,5962,89,0,89,0.51,15,buy
7/29,3576,合庫-自強,0031003000320043,0,89,-89,0.51,15,sell
7/29,3481,凱基-台北,9268,28013,21822,6191,1.18,1,buy
7/29,3481,國泰證券,8880,440,8032,-7592,1.45,1,sell
7/29,3481,美商高盛,1480,22392,17728,4664,0.89,2,buy
7/29,3481,港商野村,1560,908,6603,-5695,1.09,2,sell
7/29,3481,新加坡商瑞銀,1650,7734,4987,2747,0.52,3,buy
7/29,3481,台灣摩根士丹利,1470,15088,20128,-5040,0.96,3,sell
7/29,3481,富邦-南京,0039003600310043,2538,944,1594,0.3,4,buy
7/29,3481,元大證券,9800,52684,57507,-4823,0.92,4,sell
7/29,3481,華南永昌-麻豆,9308,1418,252,1166,0.22,5,buy
7/29,3481,凱基-民權,0039003200310043,1648,5355,-3707,0.71,5,sell
7/29,3481,元大-台北,0039003800300068,2305,1304,1001,0.19,6,buy
7/29,3481,富邦-仁愛,9676,1461,5156,-3695,0.7,6,sell
7/29,3481,京城-嘉義,8492,1182,227,955,0.18,7,buy
7/29,3481,兆豐-板橋,0037003000300042,159,3513,-3354,0.64,7,sell
7/29,3481,富邦-南屯,9666,1304,377,927,0.18,8,buy
7/29,3481,國票-敦北法人,0037003700390063,640,3439,-2799,0.53,8,sell
7/29,3481,元大-館前,003900380034004b,1452,606,846,0.16,9,buy
7/29,3481,香港上海匯豐,8960,36,2796,-2760,0.53,9,sell
7/29,3481,華南永昌-豐原,9366,797,157,640,0.12,10,buy
7/29,3481,台新,0039004200300030,3127,5637,-2510,0.48,10,sell
7/29,3481,永豐金-市政,0039004100390057,1561,939,622,0.12,11,buy
7/29,3481,群益金鼎-西松,9136,756,2982,-2226,0.42,11,sell
7/29,3481,新光,8560,4279,3666,613,0.12,12,buy
7/29,3481,康和,8450,331,2501,-2170,0.41,12,sell
7/29,3481,聯邦-台南,8588,730,118,612,0.12,13,buy
7/29,3481,統一,5850,1649,3797,-2148,0.41,13,sell
7/29,3481,富邦-建國,9658,1306,697,609,0.12,14,buy
7/29,3481,永豐金-敦南,0039004100380046,409,1999,-1590,0.3,14,sell
7/29,3481,第一金-台南,5384,854,311,543,0.1,15,buy
7/29,3481,摩根大通,8440,1713,3026,-1313,0.25,15,sell
7/29,1303,台灣摩根士丹利,1470,10089,3630,6459,6.05,1,buy
7/29,1303,摩根大通,8440,6768,13034,-6266,5.87,1,sell
7/29,1303,美商高盛,1480,7597,1879,5718,5.36,2,buy
7/29,1303,統一,5850,925,4149,-3224,3.02,2,sell
7/29,1303,美林,1440,5991,936,5055,4.74,3,buy
7/29,1303,國泰證券,8880,132,3318,-3186,2.99,3,sell
7/29,1303,元大證券,9800,15314,10932,4382,4.11,4,buy
7/29,1303,永豐金證券,0039004100300030,1269,2938,-1669,1.56,4,sell
7/29,1303,凱基-台北,9268,7652,4223,3429,3.21,5,buy
7/29,1303,富邦證券,9600,2218,3721,-1503,1.41,5,sell
7/29,1303,新加坡商瑞銀,1650,5608,3493,2115,1.98,6,buy
7/29,1303,康和-台中,8455,23,1376,-1353,1.27,6,sell
7/29,1303,港商野村,1560,1759,320,1439,1.35,7,buy
7/29,1303,凱基,9200,435,1765,-1330,1.25,7,sell
7/29,1303,國票-安和,003700370039005a,1146,66,1080,1.01,8,buy
7/29,1303,第一金,5380,30,928,-898,0.84,8,sell
7/29,1303,永豐金-虎尾,0039004100390062,1005,2,1003,0.94,9,buy
7/29,1303,中國信託-忠孝,6162,33,827,-794,0.74,9,sell
7/29,1303,統一-城中,5854,998,439,559,0.52,10,buy
7/29,1303,兆豐證券,7000,21,757,-736,0.69,10,sell
7/29,1303,華南永昌-大安,9307,488,65,423,0.4,11,buy
7/29,1303,港商麥格理,1360,63,784,-721,0.68,11,sell
7/29,1303,法銀巴黎,8900,452,164,288,0.27,12,buy
7/29,1303,凱基-信義,9216,10,682,-672,0.63,12,sell
7/29,1303,花旗環球,1590,1256,1038,218,0.2,13,buy
7/29,1303,元大-景美,0039003800340048,13,602,-589,0.55,13,sell
7/29,1303,兆豐-板橋,0037003000300042,286,109,177,0.17,14,buy
7/29,1303,中國信託,6160,189,724,-535,0.5,14,sell
7/29,1303,台新-安南,003900420032005a,276,115,161,0.15,15,buy
7/29,1303,香港上海匯豐,8960,33,564,-531,0.5,15,sell
7/29,2801,富邦證券,9600,4901,560,4341,10.48,1,buy
7/29,2801,新加坡商瑞銀,1650,1072,6117,-5045,12.18,1,sell
7/29,2801,土銀,1030,2671,0,2671,6.45,2,buy
7/29,2801,摩根大通,8440,2797,5631,-2834,6.84,2,sell
7/29,2801,凱基-台北,9268,3765,2537,1228,2.96,3,buy
7/29,2801,台灣摩根士丹利,1470,1453,3883,-2430,5.87,3,sell
7/29,2801,元大證券,9800,3372,2200,1172,2.83,4,buy
7/29,2801,美商高盛,1480,725,2744,-2019,4.87,4,sell
7/29,2801,兆豐證券,7000,1000,0,1000,2.41,5,buy
7/29,2801,港商野村,1560,163,1755,-1592,3.84,5,sell
7/29,2801,美林,1440,2126,1156,970,2.34,6,buy
7/29,2801,兆豐-鹿港,0037003000300066,50,1018,-968,2.34,6,sell
7/29,2801,永豐金證券,0039004100300030,869,83,786,1.9,7,buy
7/29,2801,富邦-新板,0039003600310048,0,401,-401,0.97,7,sell
7/29,2801,統一,5850,933,202,731,1.76,8,buy
7/29,2801,凱基-中港,9202,3,403,-400,0.97,8,sell
7/29,2801,花旗環球,1590,904,222,682,1.65,9,buy
7/29,2801,國票-安和,003700370039005a,0,320,-320,0.77,9,sell
7/29,2801,國泰證券,8880,650,38,612,1.48,10,buy
7/29,2801,彰銀-台中,1233,22,340,-318,0.77,10,sell
7/29,2801,(牛牛牛)亞證券,6010,441,0,441,1.06,11,buy
7/29,2801,台新-中港,0039004200320069,7,292,-285,0.69,11,sell
7/29,2801,臺銀-臺南,1042,448,29,419,1.01,12,buy
7/29,2801,富邦-岡山,9616,0,281,-281,0.68,12,sell
7/29,2801,亞東-台南,2185,415,5,410,0.99,13,buy
7/29,2801,富邦-嘉義,9692,26,247,-221,0.53,13,sell
7/29,2801,法銀巴黎,8900,383,0,383,0.92,14,buy
7/29,2801,新光,8560,71,270,-199,0.48,14,sell
7/29,2801,群益金鼎,9100,743,436,307,0.74,15,buy
7/29,2801,合庫-新竹,0031003000320041,5,201,-196,0.47,15,sell
7/29,1802,台灣摩根士丹利,1470,2849,519,2330,6.61,1,buy
7/29,1802,富邦證券,9600,17,1818,-1801,5.11,1,sell
7/29,1802,凱基-台北,9268,2981,2288,693,1.97,2,buy
7/29,1802,永豐金證券,0039004100300030,385,825,-440,1.25,2,sell
7/29,1802,美商高盛,1480,1058,383,675,1.91,3,buy
7/29,1802,兆豐-寶成,0037003000300072,19,403,-384,1.09,3,sell
7/29,1802,美林,1440,805,403,402,1.14,4,buy
7/29,1802,元大證券,9800,4059,4314,-255,0.72,4,sell
7/29,1802,花旗環球,1590,405,110,295,0.84,5,buy
7/29,1802,元大-板橋三民,9879,18,265,-247,0.7,5,sell
7/29,1802,港商野村,1560,251,12,239,0.68,6,buy
7/29,1802,凱基-北門,9283,1,204,-203,0.58,6,sell
7/29,1802,摩根大通,8440,943,798,145,0.41,7,buy
7/29,1802,第一金-台南,5384,22,223,-201,0.57,7,sell
7/29,1802,光和-田中,6382,137,15,122,0.35,8,buy
7/29,1802,群益金鼎-北高雄,0039003100330052,7,202,-195,0.55,8,sell
7/29,1802,法銀巴黎,8900,185,67,118,0.33,9,buy
7/29,1802,統一,5850,107,301,-194,0.55,9,sell
7/29,1802,群益金鼎-南京,0039003100380045,118,10,108,0.31,10,buy
7/29,1802,第一金-頭份,0035003300380049,134,307,-173,0.49,10,sell
7/29,1802,富邦-高雄,9659,106,13,93,0.26,11,buy
7/29,1802,台新,0039004200300030,267,425,-158,0.45,11,sell
7/29,1802,亞東-新竹,2184,82,2,80,0.23,12,buy
7/29,1802,高橋-龍潭,5321,13,170,-157,0.45,12,sell
7/29,1802,香港上海匯豐,8960,74,0,74,0.21,13,buy
7/29,1802,第一金-澎湖,5387,13,163,-150,0.43,13,sell
7/29,1802,群益金鼎,9100,412,342,70,0.2,14,buy
7/29,1802,元大-新莊,9898,59,191,-132,0.37,14,sell
7/29,1802,凱基,9200,65,2,63,0.18,15,buy
7/29,1802,玉山-雙和,8841,18,138,-120,0.34,15,sell
7/29,2408,元大證券,9800,5112,4256,856,1.51,1,buy
7/29,2408,台灣摩根士丹利,1470,2166,6401,-4235,7.49,1,sell
7/29,2408,永豐金證券,0039004100300030,1514,752,762,1.35,2,buy
7/29,2408,富邦證券,9600,1909,3573,-1664,2.94,2,sell
7/29,2408,凱基-台北,9268,2318,1748,570,1.01,3,buy
7/29,2408,第一金-自由,0035003300380045,41,1320,-1279,2.26,3,sell
7/29,2408,華南永昌,9300,416,150,266,0.47,4,buy
7/29,2408,統一,5850,273,1498,-1225,2.17,4,sell
7/29,2408,新加坡商瑞銀,1650,706,491,215,0.38,5,buy
7/29,2408,美林,1440,568,1759,-1191,2.11,5,sell
7/29,2408,國泰-敦南,8888,1362,1161,201,0.36,6,buy
7/29,2408,康和,8450,9,644,-635,1.12,6,sell
7/29,2408,永豐金-中壢,0039004100390039,208,13,195,0.35,7,buy
7/29,2408,統一-新台中,0035003800350044,85,654,-569,1.01,7,sell
7/29,2408,新光,8560,459,269,190,0.34,8,buy
7/29,2408,台新-西松,003900420032006e,16,503,-487,0.86,8,sell
7/29,2408,兆豐-北高雄,0037003000300049,195,7,188,0.33,9,buy
7/29,2408,美商高盛,1480,1317,1660,-343,0.61,9,sell
7/29,2408,元大-三民,0039003800390046,176,56,120,0.21,10,buy
7/29,2408,元大-四維,9831,48,353,-305,0.54,10,sell
7/29,2408,永豐金-南京,0039004100390053,207,88,119,0.21,11,buy
7/29,2408,港商麥格理,1360,0,240,-240,0.42,11,sell
7/29,2408,元大-楊梅,0039003800370041,148,29,119,0.21,12,buy
7/29,2408,彰銀,1230,36,257,-221,0.39,12,sell
7/29,2408,中國信託,6160,256,143,113,0.2,13,buy
7/29,2408,富邦-新莊,0039003600320044,35,220,-185,0.33,13,sell
7/29,2408,凱基-高美館,9215,223,113,110,0.19,14,buy
7/29,2408,兆豐-三民,0037003000300068,18,195,-177,0.31,14,sell
7/29,2408,富邦-公益,0039003600310046,172,64,108,0.19,15,buy
7/29,2408,兆豐證券,7000,23,197,-174,0.31,15,sell
7/29,3702,華南永昌-中正,9359,684,1,683,7.59,1,buy
7/29,3702,台灣摩根士丹利,1470,1110,1671,-561,6.24,1,sell
7/29,3702,元大證券,9800,1001,552,449,4.99,2,buy
7/29,3702,台新-松江,0039004200310035,5,362,-357,3.97,2,sell
7/29,3702,摩根大通,8440,784,417,367,4.08,3,buy
7/29,3702,永豐金-匯立,0039004100380031,0,302,-302,3.36,3,sell
7/29,3702,合庫證券,1020,292,0,292,3.25,4,buy
7/29,3702,美林,1440,124,328,-204,2.27,4,sell
7/29,3702,康和-板橋,0038003400350044,113,7,106,1.18,5,buy
7/29,3702,美商高盛,1480,384,587,-203,2.26,5,sell
7/29,3702,臺銀,1040,109,6,103,1.15,6,buy
7/29,3702,康和,8450,36,236,-200,2.22,6,sell
7/29,3702,統一,5850,106,5,101,1.12,7,buy
7/29,3702,元大-景美,0039003800340048,1,147,-146,1.62,7,sell
7/29,3702,港商麥格理,1360,102,5,97,1.08,8,buy
7/29,3702,港商野村,1560,5,149,-144,1.6,8,sell
7/29,3702,群益金鼎-三民,9188,142,81,61,0.68,9,buy
7/29,3702,聯邦證券,8580,26,124,-98,1.09,9,sell
7/29,3702,富邦-樹林,0039003600320045,61,0,61,0.68,10,buy
7/29,3702,凱基-台北,9268,540,636,-96,1.07,10,sell
7/29,3702,花旗環球,1590,255,210,45,0.5,11,buy
7/29,3702,永豐金-天母,0039004100390047,14,97,-83,0.92,11,sell
7/29,3702,凱基,9200,38,0,38,0.42,12,buy
7/29,3702,群益金鼎-板橋,0039003100380042,6,76,-70,0.78,12,sell
7/29,3702,台新-台北,0039004200320030,39,4,35,0.39,13,buy
7/29,3702,永豐金證券,0039004100300030,90,147,-57,0.63,13,sell
7/29,3702,兆豐證券,7000,34,0,34,0.38,14,buy
7/29,3702,新加坡商瑞銀,1650,303,359,-56,0.62,14,sell
7/29,3702,新百王,6210,29,3,26,0.29,15,buy
7/29,3702,凱基-民權,0039003200310043,2,54,-52,0.58,15,sell
7/29,2449,台灣摩根士丹利,1470,2183,1154,1029,4.62,1,buy
7/29,2449,美商高盛,1480,1300,3249,-1949,8.75,1,sell
7/29,2449,大和國泰,8890,500,0,500,2.24,2,buy
7/29,2449,新加坡商瑞銀,1650,406,2064,-1658,7.44,2,sell
7/29,2449,土銀,1030,461,8,453,2.03,3,buy
7/29,2449,港商麥格理,1360,112,819,-707,3.17,3,sell
7/29,2449,美林,1440,561,280,281,1.26,4,buy
7/29,2449,摩根大通,8440,466,1161,-695,3.12,4,sell
7/29,2449,台中銀-台北,6115,273,9,264,1.19,5,buy
7/29,2449,港商野村,1560,121,761,-640,2.87,5,sell
7/29,2449,群益金鼎,9100,376,148,228,1.02,6,buy
7/29,2449,華南永昌,9300,42,610,-568,2.55,6,sell
7/29,2449,凱基,9200,232,37,195,0.88,7,buy
7/29,2449,永豐金-匯立,0039004100380031,9,403,-394,1.77,7,sell
7/29,2449,富邦-南屯,9666,135,20,115,0.52,8,buy
7/29,2449,元大-豐原站前,0039003800390057,14,401,-387,1.74,8,sell
7/29,2449,玉山證券,8840,118,12,106,0.48,9,buy
7/29,2449,富邦證券,9600,71,278,-207,0.93,9,sell
7/29,2449,元大-雙和,9874,115,13,102,0.46,10,buy
7/29,2449,國泰證券,8880,87,251,-164,0.74,10,sell
7/29,2449,新光,8560,145,48,97,0.44,11,buy
7/29,2449,中國信託-永康,6163,31,132,-101,0.45,11,sell
7/29,2449,元大-大直,9846,98,7,91,0.41,12,buy
7/29,2449,富邦-板橋,9655,50,145,-95,0.43,12,sell
7/29,2449,元大證券,9800,1276,1186,90,0.4,13,buy
7/29,2449,第一金,5380,12,101,-89,0.4,13,sell
7/29,2449,永豐金證券,0039004100300030,480,399,81,0.36,14,buy
7/29,2449,富邦-仁愛,9676,57,137,-80,0.36,14,sell
7/29,2449,國泰-板橋,003800380038004b,146,68,78,0.35,15,buy
7/29,2449,元大-忠孝鼎富,0039003800320046,1,65,-64,0.29,15,sell
7/29,1605,元大證券,9800,4187,3156,1031,2.42,1,buy
7/29,1605,元大-館前,003900380034004b,39,3598,-3559,8.36,1,sell
7/29,1605,國泰-台南,8884,924,44,880,2.07,2,buy
7/29,1605,台灣摩根士丹利,1470,2325,4529,-2204,5.18,2,sell
7/29,1605,凱基-永華,9235,553,0,553,1.3,3,buy
7/29,1605,美商高盛,1480,1400,3469,-2069,4.86,3,sell
7/29,1605,華南永昌-板橋,9349,421,0,421,0.99,4,buy
7/29,1605,永豐金-內湖,0039004100390067,13,1415,-1402,3.29,4,sell
7/29,1605,花旗環球,1590,513,109,404,0.95,5,buy
7/29,1605,美林,1440,577,1892,-1315,3.09,5,sell
7/29,1605,元大-北府,0039003800300044,382,5,377,0.89,6,buy
7/29,1605,凱基-台北,9268,2959,4101,-1142,2.68,6,sell
7/29,1605,凱基-林口,9257,307,0,307,0.72,7,buy
7/29,1605,摩根大通,8440,929,1806,-877,2.06,7,sell
7/29,1605,中國信託,6160,209,18,191,0.45,8,buy
7/29,1605,港商野村,1560,36,783,-747,1.75,8,sell
7/29,1605,永豐金證券,0039004100300030,333,142,191,0.45,9,buy
7/29,1605,新加坡商瑞銀,1650,777,1514,-737,1.73,9,sell
7/29,1605,華南永昌-淡水,9316,197,31,166,0.39,10,buy
7/29,1605,統一,5850,386,750,-364,0.85,10,sell
7/29,1605,安泰,8380,169,5,164,0.39,11,buy
7/29,1605,永豐金-天母,0039004100390047,38,289,-251,0.59,11,sell
7/29,1605,台新,0039004200300030,286,122,164,0.39,12,buy
7/29,1605,國泰-板橋,003800380038004b,153,373,-220,0.52,12,sell
7/29,1605,美好-台南,5268,161,0,161,0.38,13,buy
7/29,1605,中國信託-中壢,0036003100360041,23,223,-200,0.47,13,sell
7/29,1605,台灣企銀-太平,1115,174,15,159,0.37,14,buy
7/29,1605,中國信託-永康,6163,12,169,-157,0.37,14,sell
7/29,1605,群益金鼎-海山,9108,154,4,150,0.35,15,buy
7/29,1605,台新-台南,0039004200310036,340,486,-146,0.34,15,sell
7/29,2880,元大證券,9800,5908,2203,3705,10.64,1,buy
7/29,2880,台灣摩根士丹利,1470,1325,3970,-2645,7.6,1,sell
7/29,2880,凱基,9200,3035,1001,2034,5.84,2,buy
7/29,2880,中國信託,6160,204,1759,-1555,4.47,2,sell
7/29,2880,永豐金證券,0039004100300030,1751,284,1467,4.21,3,buy
7/29,2880,美商高盛,1480,1087,2541,-1454,4.18,3,sell
7/29,2880,摩根大通,8440,3291,2041,1250,3.59,4,buy
7/29,2880,凱基-台北,9268,1822,3267,-1445,4.15,4,sell
7/29,2880,群益金鼎,9100,1498,333,1165,3.35,5,buy
7/29,2880,玉山-左營,0038003800340044,0,1268,-1268,3.64,5,sell
7/29,2880,富邦證券,9600,1157,7,1150,3.3,6,buy
7/29,2880,港商野村,1560,61,442,-381,1.09,6,sell
7/29,2880,土銀,1030,1112,3,1109,3.19,7,buy
7/29,2880,永豐金-匯立,0039004100380031,1,346,-345,0.99,7,sell
7/29,2880,花旗環球,1590,1747,1030,717,2.06,8,buy
7/29,2880,華南永昌-民權,9312,2,304,-302,0.87,8,sell
7/29,2880,國泰證券,8880,700,1,699,2.01,9,buy
7/29,2880,元大-內湖民權,9867,1,239,-238,0.68,9,sell
7/29,2880,玉山證券,8840,607,29,578,1.66,10,buy
7/29,2880,美林,1440,1759,1980,-221,0.63,10,sell
7/29,2880,第一金,5380,520,0,520,1.49,11,buy
7/29,2880,華南永昌-桃園,9352,0,200,-200,0.57,11,sell
7/29,2880,法銀巴黎,8900,444,67,377,1.08,12,buy
7/29,2880,元大-北屯,0039003800390064,2,200,-198,0.57,12,sell
7/29,2880,(牛牛牛)亞證券,6010,332,0,332,0.95,13,buy
7/29,2880,元大-中壢,9834,3,194,-191,0.55,13,sell
7/29,2880,新加坡商瑞銀,1650,1807,1486,321,0.92,14,buy
7/29,2880,宏遠-館前,0031003200360055,2,186,-184,0.53,14,sell
7/29,2880,港商麥格理,1360,249,0,249,0.72,15,buy
7/29,2880,元大-新營,9825,11,179,-168,0.48,15,sell
7/29,2542,凱基-台北,9268,1125,327,798,10.31,1,buy
7/29,2542,摩根大通,8440,470,921,-451,5.83,1,sell
7/29,2542,台灣摩根士丹利,1470,1006,356,650,8.4,2,buy
7/29,2542,群益金鼎-彰化,9187,1,306,-305,3.94,2,sell
7/29,2542,美商高盛,1480,634,40,594,7.68,3,buy
7/29,2542,港商野村,1560,0,251,-251,3.24,3,sell
7/29,2542,富邦證券,9600,374,0,374,4.83,4,buy
7/29,2542,美林,1440,163,409,-246,3.18,4,sell
7/29,2542,元大證券,9800,595,318,277,3.58,5,buy
7/29,2542,永豐金-敦南,0039004100380046,5,154,-149,1.93,5,sell
7/29,2542,群益金鼎,9100,187,9,178,2.3,6,buy
7/29,2542,富邦-南員林,0039003600310052,0,102,-102,1.32,6,sell
7/29,2542,花旗環球,1590,172,15,157,2.03,7,buy
7/29,2542,兆豐-小港,0037003000300052,1,100,-99,1.28,7,sell
7/29,2542,永豐金證券,0039004100300030,147,29,118,1.53,8,buy
7/29,2542,元大-中和,0039003800390065,2,70,-68,0.88,8,sell
7/29,2542,統一-台南,5855,100,0,100,1.29,9,buy
7/29,2542,富邦-仁愛,9676,20,88,-68,0.88,9,sell
7/29,2542,統一-士林,003500380035004d,96,1,95,1.23,10,buy
7/29,2542,新百王,6210,1,67,-66,0.85,10,sell
7/29,2542,國泰證券,8880,100,15,85,1.1,11,buy
7/29,2542,元大-南屯,9853,0,53,-53,0.69,11,sell
7/29,2542,兆豐證券,7000,76,0,76,0.98,12,buy
7/29,2542,富邦-公益,0039003600310046,0,52,-52,0.67,12,sell
7/29,2542,合庫-台中,1021,60,11,49,0.63,13,buy
7/29,2542,玉山-台南,8847,1,52,-51,0.66,13,sell
7/29,2542,法銀巴黎,8900,80,34,46,0.59,14,buy
7/29,2542,香港上海匯豐,8960,0,49,-49,0.63,14,sell
7/29,2542,臺銀,1040,51,9,42,0.54,15,buy
7/29,2542,美好-楊梅,5262,2,48,-46,0.59,15,sell
7/29,2027,台新,0039004200300030,5221,248,4973,19.57,1,buy
7/29,2027,新加坡商瑞銀,1650,257,2046,-1789,7.04,1,sell
7/29,2027,凱基-台北,9268,2620,1311,1309,5.15,2,buy
7/29,2027,富邦證券,9600,56,646,-590,2.32,2,sell
7/29,2027,凱基,9200,1572,380,1192,4.69,3,buy
7/29,2027,台灣企銀-桃園,0031003100310045,0,384,-384,1.51,3,sell
7/29,2027,元大證券,9800,2481,1590,891,3.51,4,buy
7/29,2027,永豐金-南京,0039004100390053,2,212,-210,0.83,4,sell
7/29,2027,台灣摩根士丹利,1470,1732,918,814,3.2,5,buy
7/29,2027,玉山-台南,8847,31,240,-209,0.82,5,sell
7/29,2027,花旗環球,1590,787,7,780,3.07,6,buy
7/29,2027,華南永昌-麻豆,9308,0,207,-207,0.81,6,sell
7/29,2027,香港上海匯豐,8960,624,0,624,2.46,7,buy
7/29,2027,聯邦-興中,8587,1,201,-200,0.79,7,sell
7/29,2027,美商高盛,1480,954,420,534,2.1,8,buy
7/29,2027,新光,8560,22,212,-190,0.75,8,sell
7/29,2027,國泰-台南,8884,505,68,437,1.72,9,buy
7/29,2027,第一金-高雄,5383,0,184,-184,0.72,9,sell
7/29,2027,美林,1440,430,9,421,1.66,10,buy
7/29,2027,富邦-三重,9677,6,185,-179,0.7,10,sell
7/29,2027,台新-府城,0039004200320039,334,11,323,1.27,11,buy
7/29,2027,華南永昌-基隆,9322,1,168,-167,0.66,11,sell
7/29,2027,摩根大通,8440,1174,901,273,1.07,12,buy
7/29,2027,元大-新莊,9898,18,177,-159,0.63,12,sell
7/29,2027,統一-東湖,0035003800350052,130,0,130,0.51,13,buy
7/29,2027,國泰-敦南,8888,84,209,-125,0.49,13,sell
7/29,2027,統一,5850,197,101,96,0.38,14,buy
7/29,2027,永豐金證券,0039004100300030,170,293,-123,0.48,14,sell
7/29,2027,國票-長城,0037003700390075,80,0,80,0.31,15,buy
7/29,2027,第一金-台中,5382,2,123,-121,0.48,15,sell
7/29,1216,合庫證券,1020,1963,8,1955,8.48,1,buy
7/29,1216,永豐金-匯立,0039004100380031,40,2880,-2840,12.33,1,sell
7/29,1216,美林,1440,2106,156,1950,8.46,2,buy
7/29,1216,台灣摩根士丹利,1470,1819,3153,-1334,5.79,2,sell
7/29,1216,群益金鼎,9100,1391,2,1389,6.03,3,buy
7/29,1216,凱基,9200,45,1000,-955,4.14,3,sell
7/29,1216,國泰證券,8880,1318,22,1296,5.62,4,buy
7/29,1216,元大-北三重,0039003800390056,1,725,-724,3.14,4,sell
7/29,1216,花旗環球,1590,1451,536,915,3.97,5,buy
7/29,1216,統一-台南,5855,2,317,-315,1.37,5,sell
7/29,1216,美商高盛,1480,1894,1181,713,3.09,6,buy
7/29,1216,第一金,5380,77,293,-216,0.94,6,sell
7/29,1216,中國信託,6160,616,19,597,2.59,7,buy
7/29,1216,群益金鼎-彰化,9187,3,206,-203,0.88,7,sell
7/29,1216,港商麥格理,1360,535,5,530,2.3,8,buy
7/29,1216,元大-館前,003900380034004b,1,183,-182,0.79,8,sell
7/29,1216,台中銀,6110,375,4,371,1.61,9,buy
7/29,1216,永豐金-竹北,0039004100390050,5,166,-161,0.7,9,sell
7/29,1216,永豐金-敦北,0039004100380039,367,0,367,1.59,10,buy
7/29,1216,新加坡商瑞銀,1650,1133,1288,-155,0.67,10,sell
7/29,1216,元大-中壢,9834,302,10,292,1.27,11,buy
7/29,1216,永豐金-桃園,0039004100390078,3,144,-141,0.61,11,sell
7/29,1216,富邦證券,9600,239,0,239,1.04,12,buy
7/29,1216,凱基-城中,9227,0,131,-131,0.57,12,sell
7/29,1216,法銀巴黎,8900,248,20,228,0.99,13,buy
7/29,1216,彰銀,1230,0,130,-130,0.56,13,sell
7/29,1216,永豐金證券,0039004100300030,574,363,211,0.92,14,buy
7/29,1216,國泰-敦南,8888,32,160,-128,0.56,14,sell
7/29,1216,永豐金-中和,0039004100390042,196,12,184,0.8,15,buy
7/29,1216,富邦-青埔,003900360031004e,0,121,-121,0.53,15,sell
7/29,3706,凱基-台北,9268,2019,1287,732,4.21,1,buy
7/29,3706,國泰證券,8880,3,2608,-2605,14.98,1,sell
7/29,3706,花旗環球,1590,390,40,350,2.01,2,buy
7/29,3706,新加坡商瑞銀,1650,352,890,-538,3.09,2,sell
7/29,3706,富邦證券,9600,454,173,281,1.62,3,buy
7/29,3706,元大-木柵,003900380033004d,5,331,-326,1.87,3,sell
7/29,3706,摩根大通,8440,270,83,187,1.08,4,buy
7/29,3706,台新-佳里,0039004200320077,9,177,-168,0.97,4,sell
7/29,3706,凱基-高雄,9206,129,4,125,0.72,5,buy
7/29,3706,美商高盛,1480,228,382,-154,0.89,5,sell
7/29,3706,富邦-公益,0039003600310046,134,16,118,0.68,6,buy
7/29,3706,中國信託-高雄,003600310036004b,32,144,-112,0.64,6,sell
7/29,3706,台灣摩根士丹利,1470,785,672,113,0.65,7,buy
7/29,3706,國泰-新莊,8886,16,106,-90,0.52,7,sell
7/29,3706,凱基,9200,170,71,99,0.57,8,buy
7/29,3706,華南永昌-世貿,9334,4,91,-87,0.5,8,sell
7/29,3706,康和,8450,80,1,79,0.45,9,buy
7/29,3706,凱基-台東,003900320030005a,0,80,-80,0.46,9,sell
7/29,3706,華南永昌,9300,79,11,68,0.39,10,buy
7/29,3706,元大證券,9800,931,1008,-77,0.44,10,sell
7/29,3706,玉山-板橋,8846,83,22,61,0.35,11,buy
7/29,3706,元大-新盛,9869,4,80,-76,0.44,11,sell
7/29,3706,富邦-仁愛,9676,136,82,54,0.31,12,buy
7/29,3706,元大-大甲,0039003800390055,10,77,-67,0.39,12,sell
7/29,3706,統一-新台中,0035003800350044,56,2,54,0.31,13,buy
7/29,3706,永豐金證券,0039004100300030,104,166,-62,0.36,13,sell
7/29,3706,統一-士林,003500380035004d,54,2,52,0.3,14,buy
7/29,3706,元大-大天母,9893,10,67,-57,0.33,14,sell
7/29,3706,新光,8560,202,151,51,0.29,15,buy
7/29,3706,國票-南港,7795,8,62,-54,0.31,15,sell
7/29,2352,台灣摩根士丹利,1470,494,226,268,3.43,1,buy
7/29,2352,美商高盛,1480,320,703,-383,4.91,1,sell
7/29,2352,新加坡商瑞銀,1650,1102,919,183,2.34,2,buy
7/29,2352,康和,8450,6,179,-173,2.22,2,sell
7/29,2352,兆豐-新營,003700300030004b,120,6,114,1.46,3,buy
7/29,2352,大昌-樹林,6461,7,168,-161,2.06,3,sell
7/29,2352,富邦-竹東,9625,91,0,91,1.17,4,buy
7/29,2352,港商野村,1560,0,104,-104,1.33,4,sell
7/29,2352,新光,8560,132,44,88,1.13,5,buy
7/29,2352,摩根大通,8440,125,225,-100,1.28,5,sell
7/29,2352,兆豐-南門,0037003000300067,80,0,80,1.02,6,buy
7/29,2352,美林,1440,214,289,-75,0.96,6,sell
7/29,2352,凱基,9200,65,0,65,0.83,7,buy
7/29,2352,元大-博愛,0039003800320042,3,77,-74,0.95,7,sell
7/29,2352,元大證券,9800,292,232,60,0.77,8,buy
7/29,2352,群益金鼎,9100,12,79,-67,0.86,8,sell
7/29,2352,富邦-三峽,003900360032004a,50,0,50,0.64,9,buy
7/29,2352,中國信託,6160,11,78,-67,0.86,9,sell
7/29,2352,永豐金-嘉義,003900410039006a,50,0,50,0.64,10,buy
7/29,2352,國泰-板橋,003800380038004b,4,70,-66,0.85,10,sell
7/29,2352,元大-新竹,9816,50,0,50,0.64,11,buy
7/29,2352,凱基-民權,0039003200310043,1,51,-50,0.64,11,sell
7/29,2352,永全-八德,6452,51,4,47,0.6,12,buy
7/29,2352,凱基-宜蘭,003900320030004d,1,49,-48,0.61,12,sell
7/29,2352,國泰-台中,8882,92,46,46,0.59,13,buy
7/29,2352,凱基-站前,0039003200300046,18,60,-42,0.54,13,sell
7/29,2352,富邦-台北,9623,48,7,41,0.53,14,buy
7/29,2352,台新-高雄,0039004200310067,3,42,-39,0.5,14,sell
7/29,2352,元大-大雅,0039003800330069,37,2,35,0.45,15,buy
7/29,2352,花旗環球,1590,149,187,-38,0.49,15,sell
7/29,2377,永豐金-匯立,0039004100380031,261,0,261,1.48,1,buy
7/29,2377,凱基,9200,63,1084,-1021,5.79,1,sell
7/29,2377,華南永昌-中正,9359,233,2,231,1.31,2,buy
7/29,2377,美商高盛,1480,325,811,-486,2.75,2,sell
7/29,2377,港商野村,1560,286,82,204,1.16,3,buy
7/29,2377,台灣摩根士丹利,1470,122,491,-369,2.09,3,sell
7/29,2377,美林,1440,344,196,148,0.84,4,buy
7/29,2377,群益金鼎,9100,298,473,-175,0.99,4,sell
7/29,2377,元大-基隆,0039003800390059,187,60,127,0.72,5,buy
7/29,2377,元大證券,9800,1794,1905,-111,0.63,5,sell
7/29,2377,台新-高雄,0039004200310067,175,65,110,0.62,6,buy
7/29,2377,永豐金-內湖,0039004100390067,8,107,-99,0.56,6,sell
7/29,2377,花旗環球,1590,181,105,76,0.43,7,buy
7/29,2377,統一-基隆,0035003800350041,9,85,-76,0.43,7,sell
7/29,2377,凱基-新莊,0039003200310053,80,7,73,0.41,8,buy
7/29,2377,兆豐-新竹,0037003000300056,8,82,-74,0.42,8,sell
7/29,2377,群益金鼎-北高雄,0039003100330052,74,9,65,0.37,9,buy
7/29,2377,國泰證券,8880,17,84,-67,0.38,9,sell
7/29,2377,新光,8560,195,132,63,0.36,10,buy
7/29,2377,元大-樹林,003900380039006a,6,65,-59,0.33,10,sell
7/29,2377,摩根大通,8440,146,98,48,0.27,11,buy
7/29,2377,台新,0039004200300030,113,161,-48,0.27,11,sell
7/29,2377,元大-善化,0039003800310079,63,17,46,0.26,12,buy
7/29,2377,元大-彰化民生,003900380039004a,64,101,-37,0.21,12,sell
7/29,2377,美好-蘆洲,5261,48,4,44,0.25,13,buy
7/29,2377,新加坡商瑞銀,1650,1143,1177,-34,0.19,13,sell
7/29,2377,元大-雙和,9874,72,28,44,0.25,14,buy
7/29,2377,元大-內湖,003900380039004e,15,48,-33,0.19,14,sell
7/29,2377,富邦-新竹,9647,65,21,44,0.25,15,buy
7/29,2377,兆豐-三民,0037003000300068,0,32,-32,0.18,15,sell
7/29,8046,新加坡商瑞銀,1650,666,428,238,1.78,1,buy
7/29,8046,港商麥格理,1360,1,617,-616,4.61,1,sell
7/29,8046,國泰-敦南,8888,627,519,108,0.81,2,buy
7/29,8046,美商高盛,1480,512,885,-373,2.79,2,sell
7/29,8046,摩根大通,8440,236,163,73,0.55,3,buy
7/29,8046,凱基-台北,9268,1312,1603,-291,2.18,3,sell
7/29,8046,元大-復北,9872,94,22,72,0.54,4,buy
7/29,8046,花旗環球,1590,19,277,-258,1.93,4,sell
7/29,8046,法銀巴黎,8900,60,0,60,0.45,5,buy
7/29,8046,凱基-城中,9227,17,124,-107,0.8,5,sell
7/29,8046,統一,5850,104,45,59,0.44,6,buy
7/29,8046,元大證券,9800,1652,1742,-90,0.67,6,sell
7/29,8046,凱基,9200,59,3,56,0.42,7,buy
7/29,8046,兆豐-忠孝,0037003000300061,20,100,-80,0.6,7,sell
7/29,8046,華南永昌-竹北,9339,60,12,48,0.36,8,buy
7/29,8046,台灣摩根士丹利,1470,453,510,-57,0.43,8,sell
7/29,8046,元大-南京,9862,59,17,42,0.31,9,buy
7/29,8046,元大-板橋,0039003800390043,16,59,-43,0.32,9,sell
7/29,8046,台新,0039004200300030,123,84,39,0.29,10,buy
7/29,8046,永豐金證券,0039004100300030,193,229,-36,0.27,10,sell
7/29,8046,元大-大天母,9893,43,5,38,0.28,11,buy
7/29,8046,統一-東湖,0035003800350052,6,41,-35,0.26,11,sell
7/29,8046,新光,8560,117,83,34,0.25,12,buy
7/29,8046,新光-新竹,8563,44,73,-29,0.22,12,sell
7/29,8046,富邦證券,9600,47,14,33,0.25,13,buy
7/29,8046,富邦-永和,9654,22,48,-26,0.19,13,sell
7/29,8046,台新-新莊,0039004200310039,44,11,33,0.25,14,buy
7/29,8046,香港上海匯豐,8960,3,25,-22,0.16,14,sell
7/29,8046,國泰-台中,8882,130,99,31,0.23,15,buy
7/29,8046,凱基-三重,9205,6,28,-22,0.16,15,sell
7/29,6191,台灣摩根士丹利,1470,408,121,287,5.07,1,buy
7/29,6191,永豐金-市政,0039004100390057,21,167,-146,2.58,1,sell
7/29,6191,港商野村,1560,214,30,184,3.25,2,buy
7/29,6191,永豐金-南京,0039004100390053,0,115,-115,2.03,2,sell
7/29,6191,富邦-竹科,0039003600320043,183,0,183,3.23,3,buy
7/29,6191,元大-天母,0039003800310049,2,101,-99,1.75,3,sell
7/29,6191,國票-台中,0037003700390076,130,1,129,2.28,4,buy
7/29,6191,凱基-台北,9268,389,474,-85,1.5,4,sell
7/29,6191,元大-四維,9831,111,1,110,1.94,5,buy
7/29,6191,國票-桃園,0037003700390072,30,111,-81,1.43,5,sell
7/29,6191,元大證券,9800,643,571,72,1.27,6,buy
7/29,6191,華南永昌-桃園,9352,0,80,-80,1.41,6,sell
7/29,6191,富邦-竹東,9625,71,0,71,1.25,7,buy
7/29,6191,國票-博愛,003700370039007a,2,67,-65,1.15,7,sell
7/29,6191,新加坡商瑞銀,1650,115,49,66,1.17,8,buy
7/29,6191,統一,5850,9,71,-62,1.1,8,sell
7/29,6191,元大-松山,0039003800310070,51,3,48,0.85,9,buy
7/29,6191,富邦-竹北,9624,3,58,-55,0.97,9,sell
7/29,6191,聯邦-忠孝,8583,50,3,47,0.83,10,buy
7/29,6191,國泰-敦南,8888,97,152,-55,0.97,10,sell
7/29,6191,元大-中山北路,0039003800300061,46,0,46,0.81,11,buy
7/29,6191,元大-北屯,0039003800390064,1,48,-47,0.83,11,sell
7/29,6191,美林,1440,74,28,46,0.81,12,buy
7/29,6191,合庫-台南,1022,1,44,-43,0.76,12,sell
7/29,6191,中國信託,6160,48,5,43,0.76,13,buy
7/29,6191,新光-台南,8564,4,46,-42,0.74,13,sell
7/29,6191,花旗環球,1590,49,9,40,0.71,14,buy
7/29,6191,永豐金-彰化,0039004100390073,1,42,-41,0.72,14,sell
7/29,6191,國票-天祥,0037003700390056,36,2,34,0.6,15,buy
7/29,6191,華南永昌-古亭,9309,12,52,-40,0.71,15,sell
7/29,8069,港商麥格理,1360,2433,0,2433,18.88,1,buy
7/29,8069,美商高盛,1480,374,964,-590,4.58,1,sell
7/29,8069,台灣摩根士丹利,1470,1501,1116,385,2.99,2,buy
7/29,8069,港商野村,1560,138,452,-314,2.44,2,sell
7/29,8069,永豐金-匯立,0039004100380031,310,32,278,2.16,3,buy
7/29,8069,新加坡商瑞銀,1650,270,549,-279,2.16,3,sell
7/29,8069,統一,5850,219,70,149,1.16,4,buy
7/29,8069,凱基-台北,9268,797,1047,-250,1.94,4,sell
7/29,8069,富邦證券,9600,248,111,137,1.06,5,buy
7/29,8069,國泰證券,8880,1,204,-203,1.57,5,sell
7/29,8069,花旗環球,1590,135,58,77,0.6,6,buy
7/29,8069,玉山-新竹,0038003800340048,0,102,-102,0.79,6,sell
7/29,8069,群益金鼎,9100,141,67,74,0.57,7,buy
7/29,8069,永豐金證券,0039004100300030,45,122,-77,0.6,7,sell
7/29,8069,華南永昌-長虹,9333,103,52,51,0.4,8,buy
7/29,8069,華南永昌-民權,9312,0,61,-61,0.47,8,sell
7/29,8069,第一金-桃園,5385,41,4,37,0.29,9,buy
7/29,8069,元大證券,9800,923,984,-61,0.47,9,sell
7/29,8069,國票-南崁,0037003700390045,76,41,35,0.27,10,buy
7/29,8069,元大-永春,9852,4,65,-61,0.47,10,sell
7/29,8069,元大-四維,9831,29,4,25,0.19,11,buy
7/29,8069,摩根大通,8440,453,513,-60,0.47,11,sell
7/29,8069,宏遠-桃園,1262,30,9,21,0.16,12,buy
7/29,8069,香港上海匯豐,8960,4,52,-48,0.37,12,sell
7/29,8069,第一金-員林,5381,21,2,19,0.15,13,buy
7/29,8069,兆豐-桃園,003700300030004d,23,68,-45,0.35,13,sell
7/29,8069,元大-嘉義,0039003800390067,23,5,18,0.14,14,buy
7/29,8069,玉山-台中,0038003800340042,9,53,-44,0.34,14,sell
7/29,8069,凱基,9200,25,8,17,0.13,15,buy
7/29,8069,美林,1440,454,497,-43,0.33,15,sell
7/29,5871,富邦證券,9600,1809,4,1805,12.2,1,buy
7/29,5871,兆豐證券,7000,0,2005,-2005,13.55,1,sell
7/29,5871,台灣摩根士丹利,1470,1481,82,1399,9.45,2,buy
7/29,5871,中國信託,6160,46,1513,-1467,9.91,2,sell
7/29,5871,花旗環球,1590,985,129,856,5.78,3,buy
7/29,5871,富邦-高雄,9659,1,630,-629,4.25,3,sell
7/29,5871,港商麥格理,1360,673,38,635,4.29,4,buy
7/29,5871,群益金鼎,9100,22,554,-532,3.59,4,sell
7/29,5871,美林,1440,634,0,634,4.28,5,buy
7/29,5871,新加坡商瑞銀,1650,668,1136,-468,3.16,5,sell
7/29,5871,摩根大通,8440,861,387,474,3.2,6,buy
7/29,5871,凱基-台北,9268,2068,2295,-227,1.53,6,sell
7/29,5871,永豐金證券,0039004100300030,367,63,304,2.05,7,buy
7/29,5871,台新-埔里,0039004200320059,0,208,-208,1.41,7,sell
7/29,5871,元大證券,9800,830,550,280,1.89,8,buy
7/29,5871,美商高盛,1480,734,937,-203,1.37,8,sell
7/29,5871,國票-敦北法人,0037003700390063,270,1,269,1.82,9,buy
7/29,5871,富邦-港都,0039003600320051,2,203,-201,1.36,9,sell
7/29,5871,台新-基隆,0039004200320053,166,15,151,1.02,10,buy
7/29,5871,凱基-士林,9238,91,236,-145,0.98,10,sell
7/29,5871,第一金-中山,5389,150,0,150,1.01,11,buy
7/29,5871,永豐金-中和,0039004100390042,2,142,-140,0.95,11,sell
7/29,5871,元大-內湖,003900380039004e,74,2,72,0.49,12,buy
7/29,5871,永豐金-萬盛,0039004100390032,5,134,-129,0.87,12,sell
7/29,5871,國泰-敦南,8888,158,88,70,0.47,13,buy
7/29,5871,台新-台中,0039004200310068,1,103,-102,0.69,13,sell
7/29,5871,新光,8560,143,84,59,0.4,14,buy
7/29,5871,台新-西松,003900420032006e,3,93,-90,0.61,14,sell
7/29,5871,凱基-站前,0039003200300046,103,45,58,0.39,15,buy
7/29,5871,統一,5850,31,120,-89,0.6,15,sell
7/29,4904,美林,1440,3154,228,2926,15.11,1,buy
7/29,4904,台新,0039004200300030,6,2985,-2979,15.38,1,sell
7/29,4904,新加坡商瑞銀,1650,2819,667,2152,11.11,2,buy
7/29,4904,富邦證券,9600,78,2222,-2144,11.07,2,sell
7/29,4904,台灣摩根士丹利,1470,1789,235,1554,8.02,3,buy
7/29,4904,中國信託,6160,39,1602,-1563,8.07,3,sell
7/29,4904,摩根大通,8440,2104,1233,871,4.5,4,buy
7/29,4904,國票-和平,003700370039006a,0,821,-821,4.24,4,sell
7/29,4904,凱基-台北,9268,1210,455,755,3.9,5,buy
7/29,4904,亞東,2180,0,795,-795,4.11,5,sell
7/29,4904,港商麥格理,1360,672,227,445,2.3,6,buy
7/29,4904,港商野村,1560,175,554,-379,1.96,6,sell
7/29,4904,法銀巴黎,8900,485,61,424,2.19,7,buy
7/29,4904,凱基,9200,24,308,-284,1.47,7,sell
7/29,4904,永豐金證券,0039004100300030,359,115,244,1.26,8,buy
7/29,4904,彰銀,1230,0,180,-180,0.93,8,sell
7/29,4904,花旗環球,1590,441,243,198,1.02,9,buy
7/29,4904,元大-大同,0039003800390047,0,91,-91,0.47,9,sell
7/29,4904,元大證券,9800,2896,2698,198,1.02,10,buy
7/29,4904,群益金鼎,9100,120,209,-89,0.46,10,sell
7/29,4904,國泰證券,8880,95,0,95,0.49,11,buy
7/29,4904,臺銀,1040,1,82,-81,0.42,11,sell
7/29,4904,永豐金-匯立,0039004100380031,57,4,53,0.27,12,buy
7/29,4904,群益金鼎-三重,0039003100330067,0,80,-80,0.41,12,sell
7/29,4904,元大-松江,9801,51,0,51,0.26,13,buy
7/29,4904,華南永昌,9300,2,76,-74,0.38,13,sell
7/29,4904,美商高盛,1480,816,776,40,0.21,14,buy
7/29,4904,永豐金-永康,0039004100390063,363,413,-50,0.26,14,sell
7/29,4904,凱基-斗六,9281,35,0,35,0.18,15,buy
7/29,4904,富邦-和美,0039003600310050,20,50,-30,0.15,15,sell
7/29,2633,永豐金證券,0039004100300030,1136,35,1101,12.92,1,buy
7/29,2633,新加坡商瑞銀,1650,61,579,-518,6.08,1,sell
7/29,2633,美商高盛,1480,1747,699,1048,12.29,2,buy
7/29,2633,元大-蘆洲中正,0039003800390049,1,420,-419,4.92,2,sell
7/29,2633,台灣摩根士丹利,1470,719,216,503,5.9,3,buy
7/29,2633,永豐金-台南,0039004100390068,2,202,-200,2.35,3,sell
7/29,2633,凱基-台北,9268,680,357,323,3.79,4,buy
7/29,2633,新光,8560,3,186,-183,2.15,4,sell
7/29,2633,美林,1440,384,126,258,3.03,5,buy
7/29,2633,富邦-竹科,0039003600320043,3,170,-167,1.96,5,sell
7/29,2633,元大證券,9800,512,261,251,2.94,6,buy
7/29,2633,元大-嘉義,0039003800390067,0,107,-107,1.26,6,sell
7/29,2633,花旗環球,1590,224,22,202,2.37,7,buy
7/29,2633,元大-鳳中,0039003800350043,0,101,-101,1.18,7,sell
7/29,2633,港商野村,1560,107,4,103,1.21,8,buy
7/29,2633,國票-新莊,0037003700390047,0,70,-70,0.82,8,sell
7/29,2633,永興,5600,100,0,100,1.17,9,buy
7/29,2633,國泰-敦南,8888,40,107,-67,0.79,9,sell
7/29,2633,新光-新竹,8563,110,10,100,1.17,10,buy
7/29,2633,台中銀-豐原,0036003100310041,0,65,-65,0.76,10,sell
7/29,2633,第一金,5380,84,2,82,0.96,11,buy
7/29,2633,群益金鼎-嘉義,003900310038004d,0,60,-60,0.7,11,sell
7/29,2633,中國信託,6160,84,7,77,0.9,12,buy
7/29,2633,富邦-陽明,9604,4,62,-58,0.68,12,sell
7/29,2633,元大-花蓮,9856,35,0,35,0.41,13,buy
7/29,2633,永豐金-桃盛,003900410039004e,0,51,-51,0.6,13,sell
7/29,2633,法銀巴黎,8900,33,0,33,0.39,14,buy
7/29,2633,統一-內湖,0035003800350062,0,50,-50,0.59,14,sell
7/29,2633,統一-新台中,0035003800350044,32,1,31,0.36,15,buy
7/29,2633,統一-平鎮,0035003800350067,0,50,-50,0.59,15,sell
7/29,9904,美商高盛,1480,5395,2041,3354,11.98,1,buy
7/29,9904,元大-和平,9863,2,2590,-2588,9.25,1,sell
7/29,9904,凱基-台北,9268,2624,791,1833,6.55,2,buy
7/29,9904,新加坡商瑞銀,1650,1470,3670,-2200,7.86,2,sell
7/29,9904,港商野村,1560,1940,252,1688,6.03,3,buy
7/29,9904,統一,5850,14,1486,-1472,5.26,3,sell
7/29,9904,摩根大通,8440,1601,616,985,3.52,4,buy
7/29,9904,永豐金-匯立,0039004100380031,0,691,-691,2.47,4,sell
7/29,9904,兆豐-南京,0037003000300050,580,1,579,2.07,5,buy
7/29,9904,華南永昌-板橋,9349,0,549,-549,1.96,5,sell
7/29,9904,群益金鼎-基隆,0039003100330045,500,27,473,1.69,6,buy
7/29,9904,新光-高雄,8562,30,514,-484,1.73,6,sell
7/29,9904,富邦-三重,9677,353,3,350,1.25,7,buy
7/29,9904,國泰-敦南,8888,161,582,-421,1.5,7,sell
7/29,9904,美林,1440,469,130,339,1.21,8,buy
7/29,9904,凱基-永華,9235,0,405,-405,1.45,8,sell
7/29,9904,元大證券,9800,872,601,271,0.97,9,buy
7/29,9904,元大-北投,0039003800390041,15,405,-390,1.39,9,sell
7/29,9904,台新-新營,0039004200310031,209,0,209,0.75,10,buy
7/29,9904,富邦證券,9600,3,300,-297,1.06,10,sell
7/29,9904,新光,8560,800,593,207,0.74,11,buy
7/29,9904,元大-文心興安,9854,10,302,-292,1.04,11,sell
7/29,9904,台灣企銀,1110,206,0,206,0.74,12,buy
7/29,9904,永豐金-竹北,0039004100390050,0,262,-262,0.94,12,sell
7/29,9904,元大-蘆洲,9857,220,30,190,0.68,13,buy
7/29,9904,永豐金證券,0039004100300030,192,411,-219,0.78,13,sell
7/29,9904,台新,0039004200300030,239,96,143,0.51,14,buy
7/29,9904,富邦-板橋,9655,21,221,-200,0.71,14,sell
7/29,9904,富邦-新竹,9647,148,9,139,0.5,15,buy
7/29,9904,富邦-台北,9623,33,230,-197,0.7,15,sell
7/29,1102,凱基-台北,9268,1857,969,888,6.71,1,buy
7/29,1102,臺銀-高雄,0031003000340043,2,1145,-1143,8.64,1,sell
7/29,1102,花旗環球,1590,474,50,424,3.2,2,buy
7/29,1102,港商野村,1560,0,1100,-1100,8.31,2,sell
7/29,1102,台灣摩根士丹利,1470,1687,1288,399,3.02,3,buy
7/29,1102,美商高盛,1480,706,1578,-872,6.59,3,sell
7/29,1102,摩根大通,8440,1593,1270,323,2.44,4,buy
7/29,1102,統一,5850,44,481,-437,3.3,4,sell
7/29,1102,中國信託,6160,323,4,319,2.41,5,buy
7/29,1102,新光,8560,22,443,-421,3.18,5,sell
7/29,1102,群益金鼎,9100,309,9,300,2.27,6,buy
7/29,1102,元大-內湖民權,9867,4,111,-107,0.81,6,sell
7/29,1102,康和,8450,269,0,269,2.03,7,buy
7/29,1102,玉山-雙和,8841,2,100,-98,0.74,7,sell
7/29,1102,亞東,2180,294,31,263,1.99,8,buy
7/29,1102,合庫-鳳山,1029,0,92,-92,0.7,8,sell
7/29,1102,新加坡商瑞銀,1650,978,735,243,1.84,9,buy
7/29,1102,國泰-館前,0038003800380041,0,85,-85,0.64,9,sell
7/29,1102,永豐金證券,0039004100300030,185,45,140,1.06,10,buy
7/29,1102,國泰證券,8880,0,80,-80,0.6,10,sell
7/29,1102,元大-台南,9896,152,20,132,1.0,11,buy
7/29,1102,富邦-新竹,9647,3,80,-77,0.58,11,sell
7/29,1102,永豐金-匯立,0039004100380031,109,0,109,0.82,12,buy
7/29,1102,富邦-台南,9667,0,73,-73,0.55,12,sell
7/29,1102,臺銀,1040,105,2,103,0.78,13,buy
7/29,1102,兆豐-岡山,0037003000300073,0,71,-71,0.54,13,sell
7/29,1102,群益金鼎-敦南,9101,102,0,102,0.77,14,buy
7/29,1102,玉山-高雄,8843,0,66,-66,0.5,14,sell
7/29,1102,兆豐-新營,003700300030004b,100,2,98,0.74,15,buy
7/29,1102,統一-板橋,0035003800350050,9,71,-62,0.47,15,sell
7/29,6005,凱基-台北,9268,1051,143,908,6.99,1,buy
7/29,6005,台灣摩根士丹利,1470,85,1680,-1595,12.29,1,sell
7/29,6005,摩根大通,8440,1058,270,788,6.07,2,buy
7/29,6005,新加坡商瑞銀,1650,412,1793,-1381,10.64,2,sell
7/29,6005,國票-中港,003700370039006d,575,0,575,4.43,3,buy
7/29,6005,美商高盛,1480,688,1774,-1086,8.37,3,sell
7/29,6005,花旗環球,1590,584,83,501,3.86,4,buy
7/29,6005,港商野村,1560,0,808,-808,6.22,4,sell
7/29,6005,元大-中崙,9813,302,0,302,2.33,5,buy
7/29,6005,永豐金-中正,0039004100390055,4,348,-344,2.65,5,sell
7/29,6005,統一-東湖,0035003800350052,200,1,199,1.53,6,buy
7/29,6005,凱基-大安,9291,2,264,-262,2.02,6,sell
7/29,6005,富邦-羅東,9634,188,3,185,1.43,7,buy
7/29,6005,永豐金證券,0039004100300030,72,251,-179,1.38,7,sell
7/29,6005,美林,1440,747,607,140,1.08,8,buy
7/29,6005,凱基-鳳山,9274,0,140,-140,1.08,8,sell
7/29,6005,元大證券,9800,960,832,128,0.99,9,buy
7/29,6005,富邦-公益,0039003600310046,16,147,-131,1.01,9,sell
7/29,6005,元大-淡水,9899,105,0,105,0.81,10,buy
7/29,6005,新光,8560,59,161,-102,0.79,10,sell
7/29,6005,永豐金-台南,0039004100390068,105,21,84,0.65,11,buy
7/29,6005,凱基-台東,003900320030005a,4,100,-96,0.74,11,sell
7/29,6005,國泰-館前,0038003800380041,117,35,82,0.63,12,buy
7/29,6005,群益金鼎-鳳山,0039003100380063,6,97,-91,0.7,12,sell
7/29,6005,群益金鼎-高盛,9105,77,0,77,0.59,13,buy
7/29,6005,台新,0039004200300030,41,108,-67,0.52,13,sell
7/29,6005,永豐金-市政,0039004100390057,92,19,73,0.56,14,buy
7/29,6005,凱基-中壢,9285,2,53,-51,0.39,14,sell
7/29,6005,群益金鼎-桃園,9189,65,0,65,0.5,15,buy
7/29,6005,華南永昌-竹北,9339,0,50,-50,0.39,15,sell
7/29,2327,美商高盛,1480,3098,989,2109,4.08,1,buy
7/29,2327,新加坡商瑞銀,1650,2754,5351,-2597,5.02,1,sell
7/29,2327,摩根大通,8440,2346,931,1415,2.74,2,buy
7/29,2327,台灣摩根士丹利,1470,2245,4479,-2234,4.32,2,sell
7/29,2327,美林,1440,1459,326,1133,2.19,3,buy
7/29,2327,凱基,9200,2470,4468,-1998,3.86,3,sell
7/29,2327,元大證券,9800,6631,5621,1010,1.95,4,buy
7/29,2327,港商麥格理,1360,9,902,-893,1.73,4,sell
7/29,2327,國泰證券,8880,903,321,582,1.13,5,buy
7/29,2327,康和,8450,9,634,-625,1.21,5,sell
7/29,2327,凱基-台北,9268,2089,1610,479,0.93,6,buy
7/29,2327,花旗環球,1590,160,728,-568,1.1,6,sell
7/29,2327,宏遠證券,1260,657,277,380,0.73,7,buy
7/29,2327,兆豐證券,7000,30,404,-374,0.72,7,sell
7/29,2327,香港上海匯豐,8960,252,23,229,0.44,8,buy
7/29,2327,兆豐-忠孝,0037003000300061,28,354,-326,0.63,8,sell
7/29,2327,國票-長城,0037003700390075,247,26,221,0.43,9,buy
7/29,2327,玉山證券,8840,82,352,-270,0.52,9,sell
7/29,2327,新光,8560,489,292,197,0.38,10,buy
7/29,2327,中國信託,6160,155,405,-250,0.48,10,sell
7/29,2327,凱基-桃園,9208,230,50,180,0.35,11,buy
7/29,2327,元大-士林,003900380031006a,10,252,-242,0.47,11,sell
7/29,2327,港商野村,1560,476,306,170,0.33,12,buy
7/29,2327,永豐金證券,0039004100300030,532,754,-222,0.43,12,sell
7/29,2327,統一,5850,403,267,136,0.26,13,buy
7/29,2327,華南永昌,9300,140,359,-219,0.42,13,sell
7/29,2327,華南永昌-南京,9326,218,115,103,0.2,14,buy
7/29,2327,富邦-桃園,9665,40,229,-189,0.37,14,sell
7/29,2327,元大-善化,0039003800310079,130,37,93,0.18,15,buy
7/29,2327,台新,0039004200300030,354,495,-141,0.27,15,sell
7/29,3036,台灣摩根士丹利,1470,1543,351,1192,10.97,1,buy
7/29,3036,凱基-士林,9238,4,1539,-1535,14.13,1,sell
7/29,3036,美商高盛,1480,845,222,623,5.73,2,buy
7/29,3036,元大證券,9800,1095,2343,-1248,11.49,2,sell
7/29,3036,新加坡商瑞銀,1650,1465,919,546,5.03,3,buy
7/29,3036,美林,1440,260,1102,-842,7.75,3,sell
7/29,3036,凱基-台北,9268,989,446,543,5.0,4,buy
7/29,3036,凱基-中山,9229,0,348,-348,3.2,4,sell
7/29,3036,花旗環球,1590,563,104,459,4.22,5,buy
7/29,3036,摩根大通,8440,476,662,-186,1.71,5,sell
7/29,3036,華南永昌,9300,205,4,201,1.85,6,buy
7/29,3036,康和,8450,6,95,-89,0.82,6,sell
7/29,3036,永豐金證券,0039004100300030,222,80,142,1.31,7,buy
7/29,3036,元大-虎尾,003900380030006c,0,50,-50,0.46,7,sell
7/29,3036,富邦-公益,0039003600310046,110,6,104,0.96,8,buy
7/29,3036,玉山-大里,003800380034004a,118,165,-47,0.43,8,sell
7/29,3036,土銀,1030,104,9,95,0.87,9,buy
7/29,3036,國泰-敦南,8888,32,63,-31,0.29,9,sell
7/29,3036,元大-土城,9897,62,0,62,0.57,10,buy
7/29,3036,元大-豐原站前,0039003800390057,1,25,-24,0.22,10,sell
7/29,3036,法銀巴黎,8900,46,0,46,0.42,11,buy
7/29,3036,華南永昌-基隆,9322,5,27,-22,0.2,11,sell
7/29,3036,凱基,9200,48,4,44,0.4,12,buy
7/29,3036,華南永昌-大安,9307,0,21,-21,0.19,12,sell
7/29,3036,統一,5850,56,13,43,0.4,13,buy
7/29,3036,統一-內湖,0035003800350062,0,20,-20,0.18,13,sell
7/29,3036,國票-台東,7791,38,0,38,0.35,14,buy
7/29,3036,富邦-南港,0039003600320041,0,19,-19,0.17,14,sell
7/29,3036,元大-台北,0039003800300068,32,4,28,0.26,15,buy
7/29,3036,元大-樹林,003900380039006a,3,21,-18,0.17,15,sell
7/29,2481,中國信託,6160,1169,25,1144,8.02,1,buy
7/29,2481,香港上海匯豐,8960,0,1200,-1200,8.42,1,sell
7/29,2481,凱基-台北,9268,1384,697,687,4.82,2,buy
7/29,2481,元大證券,9800,1173,2064,-891,6.25,2,sell
7/29,2481,美商高盛,1480,1235,702,533,3.74,3,buy
7/29,2481,台灣摩根士丹利,1470,517,861,-344,2.41,3,sell
7/29,2481,群益金鼎,9100,453,122,331,2.32,4,buy
7/29,2481,富邦-南屯,9666,10,314,-304,2.13,4,sell
7/29,2481,兆豐-岡山,0037003000300073,201,11,190,1.33,5,buy
7/29,2481,台新-安南,003900420032005a,6,233,-227,1.59,5,sell
7/29,2481,台新-高雄,0039004200310067,178,42,136,0.95,6,buy
7/29,2481,富邦證券,9600,19,176,-157,1.1,6,sell
7/29,2481,統一-三多,0035003800350051,62,1,61,0.43,7,buy
7/29,2481,元大-松江,9801,1,127,-126,0.88,7,sell
7/29,2481,元大-大里,0039003800310067,59,6,53,0.37,8,buy
7/29,2481,國泰-松江,8883,6,131,-125,0.88,8,sell
7/29,2481,凱基-中壢,9285,45,2,43,0.3,9,buy
7/29,2481,土銀,1030,172,295,-123,0.86,9,sell
7/29,2481,凱基-台南,9211,62,20,42,0.29,10,buy
7/29,2481,摩根大通,8440,626,741,-115,0.81,10,sell
7/29,2481,台新-世貿,0039004200320075,54,13,41,0.29,11,buy
7/29,2481,康和,8450,0,113,-113,0.79,11,sell
7/29,2481,合庫-新竹,0031003000320041,42,2,40,0.28,12,buy
7/29,2481,凱基-彰化,0039003200300047,9,105,-96,0.67,12,sell
7/29,2481,兆豐-虎尾,0037003000300046,40,0,40,0.28,13,buy
7/29,2481,美林,1440,90,169,-79,0.55,13,sell
7/29,2481,新光,8560,98,58,40,0.28,14,buy
7/29,2481,統一,5850,37,107,-70,0.49,14,sell
7/29,2481,富邦-仁愛,9676,55,17,38,0.27,15,buy
7/29,2481,富邦-敦南,9663,6,68,-62,0.43,15,sell
7/29,2385,永豐金-敦南,0039004100380046,763,0,763,14.25,1,buy
7/29,2385,台灣摩根士丹利,1470,206,896,-690,12.89,1,sell
7/29,2385,美林,1440,275,133,142,2.65,2,buy
7/29,2385,美商高盛,1480,92,560,-468,8.74,2,sell
7/29,2385,永豐金-松山,0039004100390031,93,1,92,1.72,3,buy
7/29,2385,新加坡商瑞銀,1650,144,502,-358,6.69,3,sell
7/29,2385,土銀,1030,91,0,91,1.7,4,buy
7/29,2385,摩根大通,8440,151,359,-208,3.88,4,sell
7/29,2385,華南永昌-鶯歌,9319,90,0,90,1.68,5,buy
7/29,2385,港商野村,1560,66,267,-201,3.75,5,sell
7/29,2385,國泰證券,8880,97,9,88,1.64,6,buy
7/29,2385,兆豐證券,7000,3,170,-167,3.12,6,sell
7/29,2385,元大證券,9800,266,181,85,1.59,7,buy
7/29,2385,永豐金-大園,0039004100390038,5,168,-163,3.04,7,sell
7/29,2385,花旗環球,1590,123,46,77,1.44,8,buy
7/29,2385,統一,5850,67,203,-136,2.54,8,sell
7/29,2385,凱基-台中,9204,69,2,67,1.25,9,buy
7/29,2385,國泰-敦南,8888,60,149,-89,1.66,9,sell
7/29,2385,玉山-台中,0038003800340042,64,4,60,1.12,10,buy
7/29,2385,第一金-台中,5382,0,60,-60,1.12,10,sell
7/29,2385,群益金鼎-南京,0039003100380045,58,0,58,1.08,11,buy
7/29,2385,(牛牛牛)亞-鑫豐,0036003000310064,4,55,-51,0.95,11,sell
7/29,2385,富邦-新竹,9647,45,3,42,0.78,12,buy
7/29,2385,兆豐-桃園,003700300030004d,4,50,-46,0.86,12,sell
7/29,2385,台灣企銀-北高雄,0031003100310046,38,0,38,0.71,13,buy
7/29,2385,凱基-中壢,9285,8,50,-42,0.78,13,sell
7/29,2385,富邦-台北,9623,35,0,35,0.65,14,buy
7/29,2385,第一金,5380,0,40,-40,0.75,14,sell
7/29,2385,合庫證券,1020,34,0,34,0.63,15,buy
7/29,2385,台新-西松,003900420032006e,2,32,-30,0.56,15,sell
7/29,6239,台灣摩根士丹利,1470,3437,518,2919,8.82,1,buy
7/29,6239,富邦證券,9600,382,2936,-2554,7.72,1,sell
7/29,6239,凱基-台北,9268,3488,1835,1653,5.0,2,buy
7/29,6239,元大-鳳山,003900380033005a,10,682,-672,2.03,2,sell
7/29,6239,群益金鼎,9100,891,272,619,1.87,3,buy
7/29,6239,統一,5850,282,904,-622,1.88,3,sell
7/29,6239,元大-大雅,0039003800330069,1287,848,439,1.33,4,buy
7/29,6239,美商高盛,1480,3928,4416,-488,1.48,4,sell
7/29,6239,新加坡商瑞銀,1650,1335,919,416,1.26,5,buy
7/29,6239,兆豐證券,7000,119,585,-466,1.41,5,sell
7/29,6239,元大-虎尾,003900380030006c,267,3,264,0.8,6,buy
7/29,6239,玉山-景美,8849,9,473,-464,1.4,6,sell
7/29,6239,元大證券,9800,2285,2117,168,0.51,7,buy
7/29,6239,港商野村,1560,69,285,-216,0.65,7,sell
7/29,6239,摩根大通,8440,1250,1118,132,0.4,8,buy
7/29,6239,花旗環球,1590,54,247,-193,0.58,8,sell
7/29,6239,兆豐-大安,003700300030006a,115,1,114,0.34,9,buy
7/29,6239,國泰-敦南,8888,422,558,-136,0.41,9,sell
7/29,6239,凱基-虎尾,9236,111,0,111,0.34,10,buy
7/29,6239,台新,0039004200300030,125,251,-126,0.38,10,sell
7/29,6239,美林,1440,590,488,102,0.31,11,buy
7/29,6239,元大-松江,9801,7,131,-124,0.37,11,sell
7/29,6239,玉山-高雄,8843,182,86,96,0.29,12,buy
7/29,6239,華南永昌,9300,34,158,-124,0.37,12,sell
7/29,6239,國票-桃園,0037003700390072,71,7,64,0.19,13,buy
7/29,6239,兆豐-北高雄,0037003000300049,7,113,-106,0.32,13,sell
7/29,6239,法銀巴黎,8900,68,5,63,0.19,14,buy
7/29,6239,國泰證券,8880,42,148,-106,0.32,14,sell
7/29,6239,國票-安和,003700370039005a,124,67,57,0.17,15,buy
7/29,6239,群益金鼎-延平,0039003100380078,9,107,-98,0.3,15,sell
7/29,5347,台灣摩根士丹利,1470,3854,2265,1589,5.51,1,buy
7/29,5347,永豐金-匯立,0039004100380031,0,2454,-2454,8.51,1,sell
7/29,5347,港商麥格理,1360,1175,23,1152,4.0,2,buy
7/29,5347,(牛牛牛)亞證券,6010,1,2004,-2003,6.95,2,sell
7/29,5347,凱基-台北,9268,2286,1254,1032,3.58,3,buy
7/29,5347,永豐金證券,0039004100300030,461,2275,-1814,6.29,3,sell
7/29,5347,美商高盛,1480,1549,585,964,3.34,4,buy
7/29,5347,法銀巴黎,8900,205,1319,-1114,3.86,4,sell
7/29,5347,富邦證券,9600,538,127,411,1.43,5,buy
7/29,5347,康和,8450,2,693,-691,2.4,5,sell
7/29,5347,新加坡商瑞銀,1650,1402,993,409,1.42,6,buy
7/29,5347,富邦-台北,9623,44,316,-272,0.94,6,sell
7/29,5347,元大證券,9800,2614,2215,399,1.38,7,buy
7/29,5347,第一金-桃園,5385,15,281,-266,0.92,7,sell
7/29,5347,凱基-松山,9217,332,1,331,1.15,8,buy
7/29,5347,凱基,9200,33,174,-141,0.49,8,sell
7/29,5347,玉山證券,8840,225,21,204,0.71,9,buy
7/29,5347,福邦證券,6480,3,138,-135,0.47,9,sell
7/29,5347,美林,1440,501,314,187,0.65,10,buy
7/29,5347,群益金鼎,9100,84,198,-114,0.4,10,sell
7/29,5347,摩根大通,8440,2026,1899,127,0.44,11,buy
7/29,5347,中國信託-忠孝,6162,39,150,-111,0.39,11,sell
7/29,5347,花旗環球,1590,193,75,118,0.41,12,buy
7/29,5347,永豐金-大園,0039004100390038,13,101,-88,0.31,12,sell
7/29,5347,群益金鼎-新竹,9186,107,8,99,0.34,13,buy
7/29,5347,國泰-板橋,003800380038004b,101,187,-86,0.3,13,sell
7/29,5347,台灣企銀,1110,86,3,83,0.29,14,buy
7/29,5347,台新,0039004200300030,81,166,-85,0.29,14,sell
7/29,5347,凱基-站前,0039003200300046,173,91,82,0.28,15,buy
7/29,5347,福邦-新竹,6489,6,90,-84,0.29,15,sell
7/29,6182,富邦證券,9600,1003,2,1001,15.99,1,buy
7/29,6182,國泰證券,8880,0,391,-391,6.24,1,sell
7/29,6182,凱基-市政,9239,204,1,203,3.24,2,buy
7/29,6182,凱基-城中,9227,7,274,-267,4.26,2,sell
7/29,6182,凱基-基隆,0039003200300048,164,0,164,2.62,3,buy
7/29,6182,兆豐-大同,0037003000300053,3,255,-252,4.02,3,sell
7/29,6182,群益金鼎-永和,003900310038004a,145,6,139,2.22,4,buy
7/29,6182,宏遠-民生,1261,0,234,-234,3.74,4,sell
7/29,6182,兆豐-南門,0037003000300067,105,3,102,1.63,5,buy
7/29,6182,凱基-站前,0039003200300046,15,203,-188,3.0,5,sell
7/29,6182,第一金-高雄,5383,68,0,68,1.09,6,buy
7/29,6182,凱基-信義,9216,2,183,-181,2.89,6,sell
7/29,6182,元大-中和,0039003800390065,56,0,56,0.89,7,buy
7/29,6182,統一-敦南,5852,5,120,-115,1.84,7,sell
7/29,6182,合庫-台中,1021,38,3,35,0.56,8,buy
7/29,6182,元大-南投,0039003800310044,3,104,-101,1.61,8,sell
7/29,6182,富邦-南屯,9666,34,1,33,0.53,9,buy
7/29,6182,凱基,9200,9,102,-93,1.49,9,sell
7/29,6182,華南永昌-斗六,9327,31,0,31,0.5,10,buy
7/29,6182,美商高盛,1480,3,95,-92,1.47,10,sell
7/29,6182,統一-台南,5855,30,1,29,0.46,11,buy
7/29,6182,統一-屏東,5859,4,79,-75,1.2,11,sell
7/29,6182,永豐金-板新,003900410039004a,38,9,29,0.46,12,buy
7/29,6182,國泰-敦南,8888,100,173,-73,1.17,12,sell
7/29,6182,富邦-台南,9667,29,2,27,0.43,13,buy
7/29,6182,台新,0039004200300030,78,145,-67,1.07,13,sell
7/29,6182,元大-民雄,0039003800310056,27,1,26,0.42,14,buy
7/29,6182,永豐金證券,0039004100300030,31,96,-65,1.04,14,sell
7/29,6182,兆豐證券,7000,26,0,26,0.42,15,buy
7/29,6182,兆豐-永和,0037003000300058,1,62,-61,0.97,15,sell
7/29,2368,台灣摩根士丹利,1470,1022,116,906,11.1,1,buy
7/29,2368,元大證券,9800,970,1411,-441,5.41,1,sell
7/29,2368,美商高盛,1480,707,316,391,4.79,2,buy
7/29,2368,統一,5850,21,380,-359,4.4,2,sell
7/29,2368,新加坡商瑞銀,1650,458,141,317,3.89,3,buy
7/29,2368,元大-竹科,003900380030004b,6,262,-256,3.14,3,sell
7/29,2368,美林,1440,330,63,267,3.27,4,buy
7/29,2368,摩根大通,8440,243,497,-254,3.11,4,sell
7/29,2368,凱基-台北,9268,658,442,216,2.65,5,buy
7/29,2368,花旗環球,1590,84,256,-172,2.11,5,sell
7/29,2368,凱基,9200,346,156,190,2.33,6,buy
7/29,2368,富邦證券,9600,152,313,-161,1.97,6,sell
7/29,2368,合庫證券,1020,148,2,146,1.79,7,buy
7/29,2368,統一-松江,003500380035005a,4,127,-123,1.51,7,sell
7/29,2368,兆豐證券,7000,142,6,136,1.67,8,buy
7/29,2368,台新,0039004200300030,18,113,-95,1.16,8,sell
7/29,2368,法銀巴黎,8900,87,33,54,0.66,9,buy
7/29,2368,中國信託,6160,13,107,-94,1.15,9,sell
7/29,2368,香港上海匯豐,8960,103,51,52,0.64,10,buy
7/29,2368,國票-和平,003700370039006a,0,90,-90,1.1,10,sell
7/29,2368,元大-大天母,9893,50,0,50,0.61,11,buy
7/29,2368,土銀-台中,1031,1,85,-84,1.03,11,sell
7/29,2368,群益金鼎,9100,82,38,44,0.54,12,buy
7/29,2368,港商野村,1560,105,181,-76,0.93,12,sell
7/29,2368,國票-敦北法人,0037003700390063,36,1,35,0.43,13,buy
7/29,2368,新光,8560,39,98,-59,0.72,13,sell
7/29,2368,土銀,1030,24,3,21,0.26,14,buy
7/29,2368,港商麥格理,1360,1,54,-53,0.65,14,sell
7/29,2368,統一-南京,0035003800350055,20,0,20,0.25,15,buy
7/29,2368,華南永昌-敦南,9347,0,50,-50,0.61,15,sell
7/29,3090,富邦-陽明,9604,51,0,51,5.63,1,buy
7/29,3090,宏遠證券,1260,0,415,-415,45.81,1,sell
7/29,3090,元大-內湖民權,9867,61,14,47,5.19,2,buy
7/29,3090,凱基-永康,9278,0,50,-50,5.52,2,sell
7/29,3090,元大-發財,0039003800310045,40,0,40,4.42,3,buy
7/29,3090,統一,5850,4,36,-32,3.53,3,sell
7/29,3090,富邦-桃園,9665,30,0,30,3.31,4,buy
7/29,3090,元大-沙鹿,0039003800300064,0,20,-20,2.21,4,sell
7/29,3090,華南永昌-竹北,9339,25,0,25,2.76,5,buy
7/29,3090,中國信託-文心,6164,2,18,-16,1.77,5,sell
7/29,3090,新加坡商瑞銀,1650,22,0,22,2.43,6,buy
7/29,3090,永豐金-忠孝,0039004100390044,1,11,-10,1.1,6,sell
7/29,3090,台灣摩根士丹利,1470,48,27,21,2.32,7,buy
7/29,3090,玉山-桃園,0038003800340046,0,10,-10,1.1,7,sell
7/29,3090,合庫-三重,0031003000320047,21,0,21,2.32,8,buy
7/29,3090,永豐金-台南,0039004100390068,0,10,-10,1.1,8,sell
7/29,3090,永豐金-中正,0039004100390055,22,5,17,1.88,9,buy
7/29,3090,統一-城中,5854,1,9,-8,0.88,9,sell
7/29,3090,富邦-台南,9667,13,0,13,1.43,10,buy
7/29,3090,新光-高雄,8562,3,10,-7,0.77,10,sell
7/29,3090,元大證券,9800,23,10,13,1.43,11,buy
7/29,3090,中國信託,6160,5,12,-7,0.77,11,sell
7/29,3090,新光,8560,23,10,13,1.43,12,buy
7/29,3090,富邦-新竹,9647,0,6,-6,0.66,12,sell
7/29,3090,永豐金-萬盛,0039004100390032,12,0,12,1.32,13,buy
7/29,3090,元大-大統,003900380031007a,0,6,-6,0.66,13,sell
7/29,3090,台新-三民,0039004200310033,11,0,11,1.21,14,buy
7/29,3090,第一金-高雄,5383,0,5,-5,0.55,14,sell
7/29,3090,群益金鼎-館前,0039003100330059,10,0,10,1.1,15,buy
7/29,3090,第一金-中山,5389,0,5,-5,0.55,15,sell
7/29,3044,美商高盛,1480,886,275,611,10.76,1,buy
7/29,3044,港商野村,1560,60,815,-755,13.3,1,sell
7/29,3044,台灣摩根士丹利,1470,740,224,516,9.09,2,buy
7/29,3044,美林,1440,164,894,-730,12.86,2,sell
7/29,3044,凱基-台北,9268,593,182,411,7.24,3,buy
7/29,3044,永豐金-萬盛,0039004100390032,0,241,-241,4.24,3,sell
7/29,3044,花旗環球,1590,104,16,88,1.55,4,buy
7/29,3044,香港上海匯豐,8960,0,151,-151,2.66,4,sell
7/29,3044,新加坡商瑞銀,1650,730,646,84,1.48,5,buy
7/29,3044,永豐金-匯立,0039004100380031,47,104,-57,1.0,5,sell
7/29,3044,元大證券,9800,406,342,64,1.13,6,buy
7/29,3044,元大-大天母,9893,0,48,-48,0.85,6,sell
7/29,3044,康和,8450,54,0,54,0.95,7,buy
7/29,3044,凱基,9200,5,36,-31,0.55,7,sell
7/29,3044,群益金鼎,9100,135,82,53,0.93,8,buy
7/29,3044,元大-永春,9852,0,30,-30,0.53,8,sell
7/29,3044,元大-崇德,0039003800310053,40,0,40,0.7,9,buy
7/29,3044,國泰證券,8880,2,25,-23,0.41,9,sell
7/29,3044,華南永昌,9300,37,4,33,0.58,10,buy
7/29,3044,兆豐證券,7000,0,22,-22,0.39,10,sell
7/29,3044,兆豐-桃鶯,0037003000300055,31,0,31,0.55,11,buy
7/29,3044,國泰-敦南,8888,18,37,-19,0.33,11,sell
7/29,3044,華南永昌-桃園,9352,30,0,30,0.53,12,buy
7/29,3044,台新-花蓮,0039004200320079,0,14,-14,0.25,12,sell
7/29,3044,永豐金-桃園,0039004100390078,29,0,29,0.51,13,buy
7/29,3044,華南永昌-竹北,9339,0,11,-11,0.19,13,sell
7/29,3044,富邦證券,9600,38,10,28,0.49,14,buy
7/29,3044,凱基-台南,9211,0,11,-11,0.19,14,sell
7/29,3044,富邦-青埔,003900360031004e,52,25,27,0.48,15,buy
7/29,3044,統一-土城,0035003800350059,0,10,-10,0.18,15,sell
7/29,2301,國泰證券,8880,1527,112,1415,5.38,1,buy
7/29,2301,美林,1440,937,3024,-2087,7.93,1,sell
7/29,2301,元大證券,9800,3148,1967,1181,4.49,2,buy
7/29,2301,台灣摩根士丹利,1470,957,2452,-1495,5.68,2,sell
7/29,2301,港商麥格理,1360,1043,50,993,3.77,3,buy
7/29,2301,花旗環球,1590,451,1400,-949,3.61,3,sell
7/29,2301,摩根大通,8440,1325,771,554,2.1,4,buy
7/29,2301,合庫-鳳山,1029,22,586,-564,2.14,4,sell
7/29,2301,港商野村,1560,560,38,522,1.98,5,buy
7/29,2301,美商高盛,1480,2129,2467,-338,1.28,5,sell
7/29,2301,新加坡商瑞銀,1650,1147,712,435,1.65,6,buy
7/29,2301,合庫-高雄,1023,7,306,-299,1.14,6,sell
7/29,2301,凱基-台北,9268,1581,1216,365,1.39,7,buy
7/29,2301,國泰-敦南,8888,274,468,-194,0.74,7,sell
7/29,2301,永豐金-桃盛,003900410039004e,202,18,184,0.7,8,buy
7/29,2301,第一金-忠孝,0035003300380044,39,214,-175,0.66,8,sell
7/29,2301,群益金鼎,9100,384,254,130,0.49,9,buy
7/29,2301,富邦證券,9600,216,375,-159,0.6,9,sell
7/29,2301,法銀巴黎,8900,133,4,129,0.49,10,buy
7/29,2301,元大-民生三民,0039003800390058,7,138,-131,0.5,10,sell
7/29,2301,凱基,9200,115,1,114,0.43,11,buy
7/29,2301,凱基-南崁,9256,6,106,-100,0.38,11,sell
7/29,2301,華南永昌-鳳山,9331,121,15,106,0.4,12,buy
7/29,2301,統一,5850,109,190,-81,0.31,12,sell
7/29,2301,元大-中崙,9813,94,2,92,0.35,13,buy
7/29,2301,玉山-大里,003800380034004a,5,80,-75,0.28,13,sell
7/29,2301,統一-台中,5856,92,2,90,0.34,14,buy
7/29,2301,國票-北投,7792,5,75,-70,0.27,14,sell
7/29,2301,國票-敦北法人,0037003700390063,86,9,77,0.29,15,buy
7/29,2301,兆豐證券,7000,35,98,-63,0.24,15,sell
