date,stock_code,broker_name,broker_id,buy_vol,sell_vol,net_vol,pct,rank,side
8/27,2330,港商麥格理,1360,2765,616,2149,12.21,1,buy
8/27,2330,永豐金證券,0039004100300030,121,1678,-1557,8.85,1,sell
8/27,2330,摩根大通,8440,1972,578,1394,7.92,2,buy
8/27,2330,中國信託,6160,72,1091,-1019,5.79,2,sell
8/27,2330,美林,1440,1724,442,1282,7.29,3,buy
8/27,2330,花旗環球,1590,278,692,-414,2.35,3,sell
8/27,2330,美商高盛,1480,1981,1575,406,2.31,4,buy
8/27,2330,永豐金-匯立,0039004100380031,814,1145,-331,1.88,4,sell
8/27,2330,群益金鼎,9100,297,103,194,1.1,5,buy
8/27,2330,國泰-敦南,8888,80,278,-198,1.13,5,sell
8/27,2330,新加坡商瑞銀,1650,720,549,171,0.97,6,buy
8/27,2330,凱基-雙和,0039003200300043,0,156,-156,0.89,6,sell
8/27,2330,香港上海匯豐,8960,192,33,159,0.9,7,buy
8/27,2330,凱基-站前,0039003200300046,10,134,-124,0.7,7,sell
8/27,2330,凱基,9200,251,117,134,0.76,8,buy
8/27,2330,台新-城東,0039004200320072,7,94,-87,0.49,8,sell
8/27,2330,統一,5850,185,67,118,0.67,9,buy
8/27,2330,富邦-台南,9667,4,89,-85,0.48,9,sell
8/27,2330,宏遠證券,1260,135,32,103,0.59,10,buy
8/27,2330,凱基-台北,9268,279,359,-80,0.45,10,sell
8/27,2330,富邦證券,9600,194,113,81,0.46,11,buy
8/27,2330,第一金-高雄,5383,10,60,-50,0.28,11,sell
8/27,2330,台灣摩根士丹利,1470,775,694,81,0.46,12,buy
8/27,2330,兆豐-高雄,003700300030005a,3,54,-51,0.29,12,sell
8/27,2330,法銀巴黎,8900,76,1,75,0.43,13,buy
8/27,2330,台中銀,6110,1,48,-47,0.27,13,sell
8/27,2330,兆豐-新竹,0037003000300056,78,10,68,0.39,14,buy
8/27,2330,富邦-南京,0039003600310043,7,49,-42,0.24,14,sell
8/27,2330,合庫證券,1020,67,2,65,0.37,15,buy
8/27,2330,國泰-板橋,003800380038004b,11,52,-41,0.23,15,sell
8/27,2317,摩根大通,8440,6303,1122,5181,12.36,1,buy
8/27,2317,凱基-台北,9268,1242,1921,-679,1.62,1,sell
8/27,2317,台灣摩根士丹利,1470,5945,992,4953,11.81,2,buy
8/27,2317,國票-南京,003700370039006e,6,510,-504,1.2,2,sell
8/27,2317,新加坡商瑞銀,1650,3441,320,3121,7.44,3,buy
8/27,2317,臺銀,1040,43,506,-463,1.1,3,sell
8/27,2317,花旗環球,1590,2349,613,1736,4.14,4,buy
8/27,2317,富邦-頭份,0039003600320050,5,334,-329,0.78,4,sell
8/27,2317,元大證券,9800,3520,2162,1358,3.24,5,buy
8/27,2317,國泰-敦南,8888,282,588,-306,0.73,5,sell
8/27,2317,美林,1440,1407,400,1007,2.4,6,buy
8/27,2317,富邦-仁愛,9676,27,287,-260,0.62,6,sell
8/27,2317,美商高盛,1480,2520,1604,916,2.19,7,buy
8/27,2317,新光,8560,161,387,-226,0.54,7,sell
8/27,2317,港商野村,1560,939,43,896,2.14,8,buy
8/27,2317,富邦-和美,0039003600310050,23,247,-224,0.53,8,sell
8/27,2317,中國信託-高雄,003600310036004b,609,61,548,1.31,9,buy
8/27,2317,富邦-台北,9623,47,240,-193,0.46,9,sell
8/27,2317,元大-虎尾,003900380030006c,309,25,284,0.68,10,buy
8/27,2317,國泰-館前,0038003800380041,62,250,-188,0.45,10,sell
8/27,2317,富邦證券,9600,329,132,197,0.47,11,buy
8/27,2317,富邦-台中,003900360035004b,30,218,-188,0.45,11,sell
8/27,2317,富邦-斗六,0039003600320047,196,28,168,0.4,12,buy
8/27,2317,中國信託-三重,6161,18,193,-175,0.42,12,sell
8/27,2317,玉山證券,8840,209,67,142,0.34,13,buy
8/27,2317,凱基-台南,9211,28,201,-173,0.41,13,sell
8/27,2317,玉山-新莊,8842,219,104,115,0.27,14,buy
8/27,2317,群益金鼎-基隆,0039003100330045,2,158,-156,0.37,14,sell
8/27,2317,台新,0039004200300030,498,398,100,0.24,15,buy
8/27,2317,元大-大里,0039003800310067,16,170,-154,0.37,15,sell
8/27,2454,港商野村,1560,605,48,557,9.89,1,buy
8/27,2454,美林,1440,194,684,-490,8.7,1,sell
8/27,2454,大和國泰,8890,180,0,180,3.2,2,buy
8/27,2454,台灣摩根士丹利,1470,247,479,-232,4.12,2,sell
8/27,2454,摩根大通,8440,559,400,159,2.82,3,buy
8/27,2454,凱基-台北,9268,192,386,-194,3.44,3,sell
8/27,2454,凱基,9200,94,42,52,0.92,4,buy
8/27,2454,新加坡商瑞銀,1650,226,387,-161,2.86,4,sell
8/27,2454,元大-館前,003900380034004b,40,5,35,0.62,5,buy
8/27,2454,宏遠證券,1260,1,103,-102,1.81,5,sell
8/27,2454,富邦證券,9600,99,71,28,0.5,6,buy
8/27,2454,元大證券,9800,176,267,-91,1.62,6,sell
8/27,2454,富邦-永和,9654,22,3,19,0.34,7,buy
8/27,2454,美商高盛,1480,175,222,-47,0.83,7,sell
8/27,2454,台新,0039004200300030,34,16,18,0.32,8,buy
8/27,2454,花旗環球,1590,108,146,-38,0.67,8,sell
8/27,2454,香港上海匯豐,8960,25,8,17,0.3,9,buy
8/27,2454,康和,8450,0,32,-32,0.57,9,sell
8/27,2454,華南永昌-台中,9302,30,14,16,0.28,10,buy
8/27,2454,玉山證券,8840,8,34,-26,0.46,10,sell
8/27,2454,永豐金證券,0039004100300030,90,74,16,0.28,11,buy
8/27,2454,新光,8560,40,62,-22,0.39,11,sell
8/27,2454,國泰證券,8880,41,27,14,0.25,12,buy
8/27,2454,台新-五權西,0039004200320035,3,21,-18,0.32,12,sell
8/27,2454,富邦-敦南,9663,35,21,14,0.25,13,buy
8/27,2454,永豐金-復興,003900410039005a,3,18,-15,0.27,13,sell
8/27,2454,中國信託-新竹,6165,19,5,14,0.25,14,buy
8/27,2454,凱基-站前,0039003200300046,10,23,-13,0.23,14,sell
8/27,2454,元大-中山北路,0039003800300061,17,4,13,0.23,15,buy
8/27,2454,元大-路竹,0039003800310043,0,10,-10,0.18,15,sell
8/27,2308,摩根大通,8440,1266,181,1085,12.25,1,buy
8/27,2308,永豐金證券,0039004100300030,181,1320,-1139,12.86,1,sell
8/27,2308,富邦證券,9600,352,16,336,3.79,2,buy
8/27,2308,永豐金-匯立,0039004100380031,207,637,-430,4.86,2,sell
8/27,2308,港商麥格理,1360,325,47,278,3.14,3,buy
8/27,2308,美林,1440,159,425,-266,3.0,3,sell
8/27,2308,新加坡商瑞銀,1650,427,172,255,2.88,4,buy
8/27,2308,凱基,9200,40,170,-130,1.47,4,sell
8/27,2308,統一,5850,134,21,113,1.28,5,buy
8/27,2308,香港上海匯豐,8960,30,153,-123,1.39,5,sell
8/27,2308,群益金鼎-忠孝,0039003100380057,110,13,97,1.1,6,buy
8/27,2308,美商高盛,1480,473,578,-105,1.19,6,sell
8/27,2308,元大證券,9800,904,813,91,1.03,7,buy
8/27,2308,元大-南屯,9853,5,91,-86,0.97,7,sell
8/27,2308,港商野村,1560,91,2,89,1.01,8,buy
8/27,2308,臺銀,1040,53,125,-72,0.81,8,sell
8/27,2308,宏遠證券,1260,72,7,65,0.73,9,buy
8/27,2308,康和,8450,1,44,-43,0.49,9,sell
8/27,2308,中國信託,6160,64,17,47,0.53,10,buy
8/27,2308,元大-館前,003900380034004b,3,33,-30,0.34,10,sell
8/27,2308,花旗環球,1590,154,109,45,0.51,11,buy
8/27,2308,台新-嘉義,0039004200320049,0,20,-20,0.23,11,sell
8/27,2308,第一金,5380,51,7,44,0.5,12,buy
8/27,2308,凱基-站前,0039003200300046,13,29,-16,0.18,12,sell
8/27,2308,台新,0039004200300030,83,40,43,0.49,13,buy
8/27,2308,玉山-新竹,0038003800340048,2,17,-15,0.17,13,sell
8/27,2308,華南永昌,9300,58,16,42,0.47,14,buy
8/27,2308,台新-城東,0039004200320072,9,24,-15,0.17,14,sell
8/27,2308,統一-南京,0035003800350055,46,7,39,0.44,15,buy
8/27,2308,凱基-城中,9227,1,15,-14,0.16,15,sell
8/27,2382,美商高盛,1480,1723,300,1423,12.61,1,buy
8/27,2382,凱基-台北,9268,411,1845,-1434,12.7,1,sell
8/27,2382,摩根大通,8440,1367,488,879,7.79,2,buy
8/27,2382,臺銀,1040,0,408,-408,3.61,2,sell
8/27,2382,國泰證券,8880,755,5,750,6.64,3,buy
8/27,2382,元大證券,9800,788,1088,-300,2.66,3,sell
8/27,2382,台灣摩根士丹利,1470,832,163,669,5.93,4,buy
8/27,2382,花旗環球,1590,174,323,-149,1.32,4,sell
8/27,2382,新加坡商瑞銀,1650,735,386,349,3.09,5,buy
8/27,2382,凱基,9200,15,108,-93,0.82,5,sell
8/27,2382,港商野村,1560,391,63,328,2.91,6,buy
8/27,2382,台新-三民,0039004200310033,4,83,-79,0.7,6,sell
8/27,2382,美林,1440,737,423,314,2.78,7,buy
8/27,2382,國泰-敦南,8888,104,163,-59,0.52,7,sell
8/27,2382,凱基-士林,9238,102,0,102,0.9,8,buy
8/27,2382,富邦-建國,9658,23,80,-57,0.5,8,sell
8/27,2382,永豐金證券,0039004100300030,117,47,70,0.62,9,buy
8/27,2382,元大-信義,003900380039006d,0,57,-57,0.5,9,sell
8/27,2382,統一-台中,5856,59,3,56,0.5,10,buy
8/27,2382,台新,0039004200300030,14,64,-50,0.44,10,sell
8/27,2382,中國信託-忠孝,6162,41,2,39,0.35,11,buy
8/27,2382,台新-高雄,0039004200310067,5,55,-50,0.44,11,sell
8/27,2382,統一-新竹,5857,26,0,26,0.23,12,buy
8/27,2382,玉山-高雄,8843,9,56,-47,0.42,12,sell
8/27,2382,凱基-長庚,9233,29,6,23,0.2,13,buy
8/27,2382,新光,8560,36,74,-38,0.34,13,sell
8/27,2382,香港上海匯豐,8960,22,0,22,0.19,14,buy
8/27,2382,國泰-台中,8882,11,47,-36,0.32,14,sell
8/27,2382,華南永昌-豐原,9366,31,10,21,0.19,15,buy
8/27,2382,玉山-台南,8847,2,36,-34,0.3,15,sell
8/27,2891,永豐金-匯立,0039004100380031,5246,32,5214,20.55,1,buy
8/27,2891,台灣摩根士丹利,1470,2226,7600,-5374,21.18,1,sell
8/27,2891,群益金鼎,9100,904,187,717,2.83,2,buy
8/27,2891,新加坡商瑞銀,1650,1180,3206,-2026,7.98,2,sell
8/27,2891,凱基-中壢,9285,526,8,518,2.04,3,buy
8/27,2891,美商高盛,1480,1146,2573,-1427,5.62,3,sell
8/27,2891,花旗環球,1590,923,480,443,1.75,4,buy
8/27,2891,元大證券,9800,1428,2782,-1354,5.34,4,sell
8/27,2891,國泰-敦南,8888,434,116,318,1.25,5,buy
8/27,2891,凱基-台北,9268,252,1512,-1260,4.97,5,sell
8/27,2891,華南永昌-嘉義,9314,228,0,228,0.9,6,buy
8/27,2891,美林,1440,425,1622,-1197,4.72,6,sell
8/27,2891,香港上海匯豐,8960,188,0,188,0.74,7,buy
8/27,2891,摩根大通,8440,1402,1901,-499,1.97,7,sell
8/27,2891,台新-五權西,0039004200320035,181,0,181,0.71,8,buy
8/27,2891,富邦證券,9600,10,497,-487,1.92,8,sell
8/27,2891,玉山證券,8840,169,1,168,0.66,9,buy
8/27,2891,群益金鼎-大甲,0039003100380067,13,265,-252,0.99,9,sell
8/27,2891,新光,8560,185,42,143,0.56,10,buy
8/27,2891,永豐金證券,0039004100300030,99,251,-152,0.6,10,sell
8/27,2891,國泰-板橋,003800380038004b,108,11,97,0.38,11,buy
8/27,2891,永豐金-松山,0039004100390031,6,79,-73,0.29,11,sell
8/27,2891,港商野村,1560,120,26,94,0.37,12,buy
8/27,2891,台新,0039004200300030,48,116,-68,0.27,12,sell
8/27,2891,中國信託-永康,6163,89,0,89,0.35,13,buy
8/27,2891,元大-永和,9891,6,52,-46,0.18,13,sell
8/27,2891,富邦-陽明,9604,87,11,76,0.3,14,buy
8/27,2891,港商麥格理,1360,140,168,-28,0.11,14,sell
8/27,2891,華南永昌-大安,9307,77,2,75,0.3,15,buy
8/27,2891,統一,5850,45,68,-23,0.09,15,sell
8/27,2881,永豐金-匯立,0039004100380031,2596,15,2581,11.97,1,buy
8/27,2881,美商高盛,1480,483,2433,-1950,9.04,1,sell
8/27,2881,國泰證券,8880,2286,1,2285,10.6,2,buy
8/27,2881,台灣摩根士丹利,1470,2529,4089,-1560,7.23,2,sell
8/27,2881,中國信託,6160,1055,25,1030,4.78,3,buy
8/27,2881,新加坡商瑞銀,1650,677,1821,-1144,5.3,3,sell
8/27,2881,康和,8450,942,0,942,4.37,4,buy
8/27,2881,美林,1440,162,695,-533,2.47,4,sell
8/27,2881,富邦證券,9600,806,11,795,3.69,5,buy
8/27,2881,凱基-台北,9268,1095,1584,-489,2.27,5,sell
8/27,2881,凱基,9200,786,0,786,3.64,6,buy
8/27,2881,元大證券,9800,1140,1498,-358,1.66,6,sell
8/27,2881,臺銀,1040,725,18,707,3.28,7,buy
8/27,2881,統一-城中,5854,0,330,-330,1.53,7,sell
8/27,2881,新光,8560,713,64,649,3.01,8,buy
8/27,2881,富邦-木柵,003900360031004d,0,286,-286,1.33,8,sell
8/27,2881,統一,5850,368,3,365,1.69,9,buy
8/27,2881,台新-台北,0039004200320030,0,256,-256,1.19,9,sell
8/27,2881,富邦-建國,9658,354,36,318,1.47,10,buy
8/27,2881,兆豐-城中,0037003000300057,816,1065,-249,1.15,10,sell
8/27,2881,兆豐證券,7000,317,0,317,1.47,11,buy
8/27,2881,凱基-中壢,9285,3,228,-225,1.04,11,sell
8/27,2881,華南永昌,9300,229,43,186,0.86,12,buy
8/27,2881,兆豐-岡山,0037003000300073,0,200,-200,0.93,12,sell
8/27,2881,港商野村,1560,150,43,107,0.5,13,buy
8/27,2881,合庫證券,1020,9,177,-168,0.78,13,sell
8/27,2881,香港上海匯豐,8960,70,2,68,0.32,14,buy
8/27,2881,元大-左營,0039003800390044,0,115,-115,0.53,14,sell
8/27,2881,元大-台南,9896,88,36,52,0.24,15,buy
8/27,2881,台灣企銀-民雄,0031003100310041,0,100,-100,0.46,15,sell
8/27,2882,摩根大通,8440,3207,666,2541,14.29,1,buy
8/27,2882,台灣摩根士丹利,1470,1508,3126,-1618,9.1,1,sell
8/27,2882,華南永昌-敦南,9347,1702,17,1685,9.47,2,buy
8/27,2882,美商高盛,1480,472,1804,-1332,7.49,2,sell
8/27,2882,中國信託,6160,1553,28,1525,8.57,3,buy
8/27,2882,凱基-台北,9268,739,1690,-951,5.35,3,sell
8/27,2882,元大證券,9800,1187,629,558,3.14,4,buy
8/27,2882,新加坡商瑞銀,1650,1375,2109,-734,4.13,4,sell
8/27,2882,富邦-永和,9654,301,8,293,1.65,5,buy
8/27,2882,國泰-館前,0038003800380041,15,708,-693,3.9,5,sell
8/27,2882,第一金-中壢,0035003300380059,288,0,288,1.62,6,buy
8/27,2882,華南永昌,9300,1,423,-422,2.37,6,sell
8/27,2882,彰銀,1230,221,1,220,1.24,7,buy
8/27,2882,花旗環球,1590,341,653,-312,1.75,7,sell
8/27,2882,群益金鼎-大甲,0039003100380067,200,0,200,1.12,8,buy
8/27,2882,美林,1440,551,834,-283,1.59,8,sell
8/27,2882,富邦證券,9600,208,14,194,1.09,9,buy
8/27,2882,福邦證券,6480,0,151,-151,0.85,9,sell
8/27,2882,台灣企銀-民雄,0031003100310041,139,2,137,0.77,10,buy
8/27,2882,港商野村,1560,194,324,-130,0.73,10,sell
8/27,2882,香港上海匯豐,8960,80,0,80,0.45,11,buy
8/27,2882,中國信託-高雄,003600310036004b,0,122,-122,0.69,11,sell
8/27,2882,台新-五權西,0039004200320035,71,0,71,0.4,12,buy
8/27,2882,華南永昌-古亭,9309,0,102,-102,0.57,12,sell
8/27,2882,華南永昌-世貿,9334,69,6,63,0.35,13,buy
8/27,2882,富邦-建國,9658,25,105,-80,0.45,13,sell
8/27,2882,元大-成功,003900380039004c,61,2,59,0.33,14,buy
8/27,2882,港商麥格理,1360,24,90,-66,0.37,14,sell
8/27,2882,元大-頭份,0039003800330055,50,0,50,0.28,15,buy
8/27,2882,凱基-竹科,9272,0,62,-62,0.35,15,sell
8/27,2303,國泰-敦南,8888,4344,2341,2003,1.09,1,buy
8/27,2303,摩根大通,8440,1150,15621,-14471,7.86,1,sell
8/27,2303,香港上海匯豐,8960,1999,290,1709,0.93,2,buy
8/27,2303,美商高盛,1480,6401,14818,-8417,4.57,2,sell
8/27,2303,國票-安和,003700370039005a,1321,134,1187,0.65,3,buy
8/27,2303,富邦證券,9600,3310,11364,-8054,4.38,3,sell
8/27,2303,花旗環球,1590,1241,239,1002,0.54,4,buy
8/27,2303,元大證券,9800,14055,18415,-4360,2.37,4,sell
8/27,2303,永豐金證券,0039004100300030,1429,465,964,0.52,5,buy
8/27,2303,凱基-信義,9216,114,4166,-4052,2.2,5,sell
8/27,2303,統一-城中,5854,945,369,576,0.31,6,buy
8/27,2303,統一,5850,1050,5054,-4004,2.18,6,sell
8/27,2303,國泰-台中,8882,1189,618,571,0.31,7,buy
8/27,2303,新加坡商瑞銀,1650,6943,10206,-3263,1.77,7,sell
8/27,2303,國票-長城,0037003700390075,545,24,521,0.28,8,buy
8/27,2303,凱基-台北,9268,5639,8165,-2526,1.37,8,sell
8/27,2303,大昌-新店,6464,610,102,508,0.28,9,buy
8/27,2303,康和,8450,91,2553,-2462,1.34,9,sell
8/27,2303,元大-蘆洲中正,0039003800390049,577,87,490,0.27,10,buy
8/27,2303,凱基,9200,608,3039,-2431,1.32,10,sell
8/27,2303,台新-高雄,0039004200310067,637,148,489,0.27,11,buy
8/27,2303,第一金,5380,95,2088,-1993,1.08,11,sell
8/27,2303,國泰-板橋,003800380038004b,865,389,476,0.26,12,buy
8/27,2303,美林,1440,1572,3333,-1761,0.96,12,sell
8/27,2303,玉山-桃園,0038003800340046,602,167,435,0.24,13,buy
8/27,2303,兆豐證券,7000,46,1663,-1617,0.88,13,sell
8/27,2303,台新,0039004200300030,1199,776,423,0.23,14,buy
8/27,2303,凱基-士林,9238,220,1536,-1316,0.72,14,sell
8/27,2303,富邦-新竹,9647,510,118,392,0.21,15,buy
8/27,2303,台灣摩根士丹利,1470,12470,13323,-853,0.46,15,sell
8/27,3711,大和國泰,8890,1100,0,1100,9.47,1,buy
8/27,3711,凱基,9200,47,900,-853,7.34,1,sell
8/27,3711,花旗環球,1590,947,170,777,6.69,2,buy
8/27,3711,台灣摩根士丹利,1470,295,881,-586,5.04,2,sell
8/27,3711,永豐金-匯立,0039004100380031,500,13,487,4.19,3,buy
8/27,3711,凱基-台北,9268,368,703,-335,2.88,3,sell
8/27,3711,兆豐證券,7000,440,7,433,3.73,4,buy
8/27,3711,新加坡商瑞銀,1650,356,558,-202,1.74,4,sell
8/27,3711,中國信託,6160,416,16,400,3.44,5,buy
8/27,3711,富邦證券,9600,304,423,-119,1.02,5,sell
8/27,3711,港商麥格理,1360,342,70,272,2.34,6,buy
8/27,3711,群益金鼎,9100,155,232,-77,0.66,6,sell
8/27,3711,宏遠證券,1260,251,1,250,2.15,7,buy
8/27,3711,國泰-敦南,8888,113,187,-74,0.64,7,sell
8/27,3711,摩根大通,8440,545,316,229,1.97,8,buy
8/27,3711,富邦-和美,0039003600310050,3,55,-52,0.45,8,sell
8/27,3711,美林,1440,416,355,61,0.53,9,buy
8/27,3711,永豐金-大園,0039004100390038,1,47,-46,0.4,9,sell
8/27,3711,香港上海匯豐,8960,57,0,57,0.49,10,buy
8/27,3711,富邦-建國,9658,15,61,-46,0.4,10,sell
8/27,3711,德信,6910,40,1,39,0.34,11,buy
8/27,3711,美商高盛,1480,826,863,-37,0.32,11,sell
8/27,3711,國票證券,7790,40,5,35,0.3,12,buy
8/27,3711,國泰證券,8880,12,48,-36,0.31,12,sell
8/27,3711,玉山證券,8840,44,16,28,0.24,13,buy
8/27,3711,玉山-左營,0038003800340044,5,33,-28,0.24,13,sell
8/27,3711,港商野村,1560,66,40,26,0.22,14,buy
8/27,3711,台新-高雄,0039004200310067,9,33,-24,0.21,14,sell
8/27,3711,元大證券,9800,754,733,21,0.18,15,buy
8/27,3711,新光,8560,40,63,-23,0.2,15,sell
8/27,2603,美商高盛,1480,3354,147,3207,15.33,1,buy
8/27,2603,統一,5850,93,5416,-5323,25.45,1,sell
8/27,2603,台灣摩根士丹利,1470,2142,183,1959,9.37,2,buy
8/27,2603,康和,8450,0,1315,-1315,6.29,2,sell
8/27,2603,新加坡商瑞銀,1650,1648,351,1297,6.2,3,buy
8/27,2603,永豐金證券,0039004100300030,238,1393,-1155,5.52,3,sell
8/27,2603,元大證券,9800,2338,1330,1008,4.82,4,buy
8/27,2603,元大-松江,9801,8,683,-675,3.23,4,sell
8/27,2603,香港上海匯豐,8960,551,0,551,2.63,5,buy
8/27,2603,美林,1440,2181,2681,-500,2.39,5,sell
8/27,2603,凱基-台北,9268,1393,944,449,2.15,6,buy
8/27,2603,華南永昌-中正,9359,1,210,-209,1.0,6,sell
8/27,2603,法銀巴黎,8900,328,0,328,1.57,7,buy
8/27,2603,國泰-敦南,8888,171,304,-133,0.64,7,sell
8/27,2603,兆豐-中壢,0037003000300062,177,1,176,0.84,8,buy
8/27,2603,大和國泰,8890,0,131,-131,0.63,8,sell
8/27,2603,摩根大通,8440,1068,945,123,0.59,9,buy
8/27,2603,永豐金-板盛,0039004100390059,1,126,-125,0.6,9,sell
8/27,2603,台新-北新莊,0039004200320038,101,0,101,0.48,10,buy
8/27,2603,永豐金-敦南,0039004100380046,6,131,-125,0.6,10,sell
8/27,2603,富邦-陽明,9604,119,21,98,0.47,11,buy
8/27,2603,元大-天母,0039003800310049,2,108,-106,0.51,11,sell
8/27,2603,國泰證券,8880,77,3,74,0.35,12,buy
8/27,2603,港商麥格理,1360,0,100,-100,0.48,12,sell
8/27,2603,凱基-基隆,0039003200300048,72,3,69,0.33,13,buy
8/27,2603,大昌-桃園,6465,0,99,-99,0.47,13,sell
8/27,2603,永豐金-萬盛,0039004100390032,66,5,61,0.29,14,buy
8/27,2603,玉山-高雄,8843,6,82,-76,0.36,14,sell
8/27,2603,花旗環球,1590,214,164,50,0.24,15,buy
8/27,2603,台灣企銀-埔墘,0031003100310047,0,70,-70,0.33,15,sell
8/27,2609,台灣摩根士丹利,1470,10119,3425,6694,11.07,1,buy
8/27,2609,美商高盛,1480,1624,7488,-5864,9.69,1,sell
8/27,2609,凱基-台北,9268,5795,2317,3478,5.75,2,buy
8/27,2609,摩根大通,8440,1987,3083,-1096,1.81,2,sell
8/27,2609,美林,1440,2755,438,2317,3.83,3,buy
8/27,2609,元大-天母,0039003800310049,20,665,-645,1.07,3,sell
8/27,2609,元大證券,9800,5923,3973,1950,3.22,4,buy
8/27,2609,港商野村,1560,64,521,-457,0.76,4,sell
8/27,2609,法銀巴黎,8900,444,0,444,0.73,5,buy
8/27,2609,國泰-敦南,8888,1349,1776,-427,0.71,5,sell
8/27,2609,永豐金-彰化,0039004100390073,207,6,201,0.33,6,buy
8/27,2609,台新,0039004200300030,206,485,-279,0.46,6,sell
8/27,2609,群益金鼎,9100,475,302,173,0.29,7,buy
8/27,2609,臺銀-高雄,0031003000340043,81,358,-277,0.46,7,sell
8/27,2609,永豐金-北高雄,0039004100390072,137,23,114,0.19,8,buy
8/27,2609,凱基-大里,0039003200300057,25,219,-194,0.32,8,sell
8/27,2609,富邦-高雄,9659,167,70,97,0.16,9,buy
8/27,2609,國泰-台中,8882,192,350,-158,0.26,9,sell
8/27,2609,富邦證券,9600,359,268,91,0.15,10,buy
8/27,2609,富邦-台北,9623,375,528,-153,0.25,10,sell
8/27,2609,華南永昌-虎尾,9377,113,27,86,0.14,11,buy
8/27,2609,元大-土城,9897,18,171,-153,0.25,11,sell
8/27,2609,合庫-高雄,1023,119,35,84,0.14,12,buy
8/27,2609,元大-南京,9862,21,172,-151,0.25,12,sell
8/27,2609,大昌-安康,6462,119,39,80,0.13,13,buy
8/27,2609,台新-城中,0039004200320045,10,151,-141,0.23,13,sell
8/27,2609,土銀-高雄,1033,72,5,67,0.11,14,buy
8/27,2609,新光-台中,8561,79,211,-132,0.22,14,sell
8/27,2609,群益金鼎-民權,9131,76,15,61,0.1,15,buy
8/27,2609,國票-九鼎,0037003700390050,20,150,-130,0.21,15,sell
8/27,2615,新加坡商瑞銀,1650,2722,1372,1350,2.96,1,buy
8/27,2615,台灣摩根士丹利,1470,2932,5571,-2639,5.79,1,sell
8/27,2615,美林,1440,774,181,593,1.3,2,buy
8/27,2615,摩根大通,8440,1256,3474,-2218,4.87,2,sell
8/27,2615,元大-信義安和,0039003800300052,372,6,366,0.8,3,buy
8/27,2615,美商高盛,1480,1660,3741,-2081,4.57,3,sell
8/27,2615,凱基,9200,466,133,333,0.73,4,buy
8/27,2615,花旗環球,1590,1062,2089,-1027,2.26,4,sell
8/27,2615,元大證券,9800,4121,3796,325,0.71,5,buy
8/27,2615,元大-天母,0039003800310049,79,534,-455,1.0,5,sell
8/27,2615,國票證券,7790,391,100,291,0.64,6,buy
8/27,2615,國票-安和,003700370039005a,11,400,-389,0.85,6,sell
8/27,2615,國泰證券,8880,308,21,287,0.63,7,buy
8/27,2615,港商野村,1560,34,294,-260,0.57,7,sell
8/27,2615,永豐金證券,0039004100300030,524,316,208,0.46,8,buy
8/27,2615,兆豐-三民,0037003000300068,34,190,-156,0.34,8,sell
8/27,2615,凱基-屏東,0039003200320043,202,13,189,0.42,9,buy
8/27,2615,富邦-敦南,9663,35,165,-130,0.29,9,sell
8/27,2615,統一,5850,265,80,185,0.41,10,buy
8/27,2615,台新-敦南,0039004200320051,6,100,-94,0.21,10,sell
8/27,2615,兆豐-埔墘,003700300030004e,150,0,150,0.33,11,buy
8/27,2615,合庫-西台中,0031003000320046,23,117,-94,0.21,11,sell
8/27,2615,凱基-林口,9257,160,26,134,0.29,12,buy
8/27,2615,富邦-建國,9658,52,146,-94,0.21,12,sell
8/27,2615,台新-大昌,0039004200320044,146,12,134,0.29,13,buy
8/27,2615,華南永昌-板橋,9349,7,100,-93,0.2,13,sell
8/27,2615,凱基-基隆,0039003200300048,135,3,132,0.29,14,buy
8/27,2615,華南永昌-頭份,9343,6,80,-74,0.16,14,sell
8/27,2615,永豐金-敦北,0039004100380039,126,4,122,0.27,15,buy
8/27,2615,群益金鼎-北高雄,0039003100330052,22,94,-72,0.16,15,sell
8/27,2618,元大證券,9800,6452,978,5474,21.97,1,buy
8/27,2618,新加坡商瑞銀,1650,1190,4419,-3229,12.96,1,sell
8/27,2618,元大-松江,9801,5336,12,5324,21.37,2,buy
8/27,2618,摩根大通,8440,1439,3978,-2539,10.19,2,sell
8/27,2618,合庫證券,1020,601,0,601,2.41,3,buy
8/27,2618,美商高盛,1480,343,2227,-1884,7.56,3,sell
8/27,2618,國票-敦北法人,0037003700390063,456,0,456,1.83,4,buy
8/27,2618,凱基-台北,9268,409,1925,-1516,6.08,4,sell
8/27,2618,香港上海匯豐,8960,410,0,410,1.65,5,buy
8/27,2618,凱基,9200,18,1049,-1031,4.14,5,sell
8/27,2618,美林,1440,631,250,381,1.53,6,buy
8/27,2618,港商野村,1560,17,933,-916,3.68,6,sell
8/27,2618,玉山證券,8840,402,171,231,0.93,7,buy
8/27,2618,凱基-中山,9229,0,690,-690,2.77,7,sell
8/27,2618,亞東,2180,218,3,215,0.86,8,buy
8/27,2618,兆豐-高雄,003700300030005a,4,405,-401,1.61,8,sell
8/27,2618,臺銀,1040,207,2,205,0.82,9,buy
8/27,2618,國票-安和,003700370039005a,0,230,-230,0.92,9,sell
8/27,2618,台灣摩根士丹利,1470,2974,2803,171,0.69,10,buy
8/27,2618,凱基-大安,9291,0,201,-201,0.81,10,sell
8/27,2618,統一-敦南,5852,140,1,139,0.56,11,buy
8/27,2618,國票-南京,003700370039006e,0,150,-150,0.6,11,sell
8/27,2618,永豐金證券,0039004100300030,214,87,127,0.51,12,buy
8/27,2618,第一金-桃園,5385,2,147,-145,0.58,12,sell
8/27,2618,(牛牛牛)亞-鑫豐,0036003000310064,140,29,111,0.45,13,buy
8/27,2618,富邦-陽明,9604,18,128,-110,0.44,13,sell
8/27,2618,國泰-忠孝,8887,100,0,100,0.4,14,buy
8/27,2618,群益金鼎-新莊,0039003100380047,2,101,-99,0.4,14,sell
8/27,2618,群益金鼎-土城,003900310033004e,78,1,77,0.31,15,buy
8/27,2618,中國信託-忠孝,6162,2,98,-96,0.39,15,sell
8/27,3037,新加坡商瑞銀,1650,2248,965,1283,5.34,1,buy
8/27,3037,美商高盛,1480,741,1848,-1107,4.61,1,sell
8/27,3037,元大-土城永寧,9875,588,12,576,2.4,2,buy
8/27,3037,台灣摩根士丹利,1470,471,1483,-1012,4.21,2,sell
8/27,3037,花旗環球,1590,807,337,470,1.96,3,buy
8/27,3037,富邦-新店,9661,45,1009,-964,4.01,3,sell
8/27,3037,富邦證券,9600,665,197,468,1.95,4,buy
8/27,3037,元大證券,9800,2226,2707,-481,2.0,4,sell
8/27,3037,永豐金-匯立,0039004100380031,454,38,416,1.73,5,buy
8/27,3037,摩根大通,8440,508,900,-392,1.63,5,sell
8/27,3037,永豐金證券,0039004100300030,477,222,255,1.06,6,buy
8/27,3037,港商野村,1560,138,529,-391,1.63,6,sell
8/27,3037,永豐金-萬盛,0039004100390032,226,15,211,0.88,7,buy
8/27,3037,凱基-台北,9268,993,1152,-159,0.66,7,sell
8/27,3037,美林,1440,761,575,186,0.77,8,buy
8/27,3037,凱基-竹科,9272,13,122,-109,0.45,8,sell
8/27,3037,國泰證券,8880,262,82,180,0.75,9,buy
8/27,3037,華南永昌-世貿,9334,3,106,-103,0.43,9,sell
8/27,3037,群益金鼎,9100,298,117,181,0.75,10,buy
8/27,3037,國票-敦北法人,0037003700390063,19,117,-98,0.41,10,sell
8/27,3037,群益金鼎-三民,9188,141,4,137,0.57,11,buy
8/27,3037,凱基-站前,0039003200300046,44,95,-51,0.21,11,sell
8/27,3037,統一,5850,144,32,112,0.47,12,buy
8/27,3037,(牛牛牛)亞-鑫豐,0036003000310064,11,60,-49,0.2,12,sell
8/27,3037,凱基,9200,120,31,89,0.37,13,buy
8/27,3037,永豐金-虎尾,0039004100390062,1,49,-48,0.2,13,sell
8/27,3037,富邦-台南,9667,104,19,85,0.35,14,buy
8/27,3037,元大-仁愛,003900380033006a,8,53,-45,0.19,14,sell
8/27,3037,富邦-台北,9623,116,59,57,0.24,15,buy
8/27,3037,統一-竹南,003500380035006d,2,45,-43,0.18,15,sell
8/27,2345,摩根大通,8440,257,79,178,7.19,1,buy
8/27,2345,美商高盛,1480,89,306,-217,8.77,1,sell
8/27,2345,富邦證券,9600,179,10,169,6.83,2,buy
8/27,2345,台灣摩根士丹利,1470,207,351,-144,5.82,2,sell
8/27,2345,新加坡商瑞銀,1650,212,116,96,3.88,3,buy
8/27,2345,宏遠證券,1260,2,137,-135,5.46,3,sell
8/27,2345,統一,5850,88,5,83,3.35,4,buy
8/27,2345,台新,0039004200300030,11,110,-99,4.0,4,sell
8/27,2345,永豐金-匯立,0039004100380031,79,1,78,3.15,5,buy
8/27,2345,永豐金證券,0039004100300030,20,99,-79,3.19,5,sell
8/27,2345,元大-崇德,0039003800310053,77,0,77,3.11,6,buy
8/27,2345,花旗環球,1590,37,72,-35,1.41,6,sell
8/27,2345,國泰證券,8880,43,2,41,1.66,7,buy
8/27,2345,元大證券,9800,211,236,-25,1.01,7,sell
8/27,2345,兆豐證券,7000,46,6,40,1.62,8,buy
8/27,2345,港商野村,1560,16,36,-20,0.81,8,sell
8/27,2345,群益金鼎,9100,74,36,38,1.54,9,buy
8/27,2345,台新-城東,0039004200320072,0,19,-19,0.77,9,sell
8/27,2345,玉山證券,8840,18,2,16,0.65,10,buy
8/27,2345,統一-敦南,5852,0,18,-18,0.73,10,sell
8/27,2345,凱基,9200,18,7,11,0.44,11,buy
8/27,2345,美林,1440,38,52,-14,0.57,11,sell
8/27,2345,香港上海匯豐,8960,9,0,9,0.36,12,buy
8/27,2345,大和國泰,8890,0,11,-11,0.44,12,sell
8/27,2345,中國信託,6160,12,4,8,0.32,13,buy
8/27,2345,凱基-台北,9268,100,110,-10,0.4,13,sell
8/27,2345,永豐金-敦南,0039004100380046,9,3,6,0.24,14,buy
8/27,2345,凱基-站前,0039003200300046,5,15,-10,0.4,14,sell
8/27,2345,富邦-建國,9658,9,3,6,0.24,15,buy
8/27,2345,富邦-三重,9677,2,11,-9,0.36,15,sell
8/27,3006,摩根大通,8440,958,388,570,4.05,1,buy
8/27,3006,群益金鼎-忠孝,0039003100380057,1,448,-447,3.18,1,sell
8/27,3006,元大證券,9800,1602,1152,450,3.2,2,buy
8/27,3006,台灣摩根士丹利,1470,58,373,-315,2.24,2,sell
8/27,3006,永豐金證券,0039004100300030,380,160,220,1.56,3,buy
8/27,3006,兆豐-民生,0037003000300063,1,270,-269,1.91,3,sell
8/27,3006,富邦-陽明,9604,217,21,196,1.39,4,buy
8/27,3006,凱基-台北,9268,757,1010,-253,1.8,4,sell
8/27,3006,港商野村,1560,603,456,147,1.04,5,buy
8/27,3006,富邦-新店,9661,21,259,-238,1.69,5,sell
8/27,3006,新加坡商瑞銀,1650,465,330,135,0.96,6,buy
8/27,3006,統一,5850,114,323,-209,1.49,6,sell
8/27,3006,美林,1440,248,116,132,0.94,7,buy
8/27,3006,美商高盛,1480,5,104,-99,0.7,7,sell
8/27,3006,新百王,6210,106,2,104,0.74,8,buy
8/27,3006,統一-城中,5854,2,61,-59,0.42,8,sell
8/27,3006,台新-建北,0039004200310038,115,25,90,0.64,9,buy
8/27,3006,凱基-竹科,9272,14,72,-58,0.41,9,sell
8/27,3006,港商麥格理,1360,75,0,75,0.53,10,buy
8/27,3006,第一金-自由,0035003300380045,21,73,-52,0.37,10,sell
8/27,3006,元大-頭份,0039003800330055,265,204,61,0.43,11,buy
8/27,3006,新光,8560,47,94,-47,0.33,11,sell
8/27,3006,永豐金-中正,0039004100390055,65,6,59,0.42,12,buy
8/27,3006,兆豐-南門,0037003000300067,18,61,-43,0.31,12,sell
8/27,3006,富邦-羅東,9634,60,10,50,0.36,13,buy
8/27,3006,元大-大同,0039003800390047,18,54,-36,0.26,13,sell
8/27,3006,華南永昌-桃園,9352,52,4,48,0.34,14,buy
8/27,3006,統一-台中,5856,2,36,-34,0.24,14,sell
8/27,3006,聯邦證券,8580,70,25,45,0.32,15,buy
8/27,3006,永豐金-員林,0039004100390043,8,39,-31,0.22,15,sell
8/27,2379,美商高盛,1480,151,40,111,5.85,1,buy
8/27,2379,台灣摩根士丹利,1470,363,555,-192,10.12,1,sell
8/27,2379,凱基-台北,9268,167,86,81,4.27,2,buy
8/27,2379,永豐金-匯立,0039004100380031,0,89,-89,4.69,2,sell
8/27,2379,永豐金證券,0039004100300030,78,8,70,3.69,3,buy
8/27,2379,港商野村,1560,0,82,-82,4.32,3,sell
8/27,2379,新加坡商瑞銀,1650,107,37,70,3.69,4,buy
8/27,2379,美林,1440,50,106,-56,2.95,4,sell
8/27,2379,花旗環球,1590,89,38,51,2.69,5,buy
8/27,2379,台新,0039004200300030,4,19,-15,0.79,5,sell
8/27,2379,兆豐證券,7000,44,0,44,2.32,6,buy
8/27,2379,摩根大通,8440,89,101,-12,0.63,6,sell
8/27,2379,中國信託,6160,24,4,20,1.05,7,buy
8/27,2379,康和-台中,8455,0,10,-10,0.53,7,sell
8/27,2379,土銀,1030,17,0,17,0.9,8,buy
8/27,2379,國泰-台中,8882,1,10,-9,0.47,8,sell
8/27,2379,第一金-台中,5382,12,0,12,0.63,9,buy
8/27,2379,元大-四維,9831,0,7,-7,0.37,9,sell
8/27,2379,華南永昌-中正,9359,12,1,11,0.58,10,buy
8/27,2379,凱基-科園,9254,0,7,-7,0.37,10,sell
8/27,2379,華南永昌-林口,9317,13,4,9,0.47,11,buy
8/27,2379,法銀巴黎,8900,0,7,-7,0.37,11,sell
8/27,2379,富邦證券,9600,25,16,9,0.47,12,buy
8/27,2379,國泰-板橋,003800380038004b,5,11,-6,0.32,12,sell
8/27,2379,永豐金-中正,0039004100390055,12,4,8,0.42,13,buy
8/27,2379,台灣企銀-埔墘,0031003100310047,0,6,-6,0.32,13,sell
8/27,2379,新光,8560,13,5,8,0.42,14,buy
8/27,2379,國票-彰化,0037003700390057,0,6,-6,0.32,14,sell
8/27,2379,香港上海匯豐,8960,11,6,5,0.26,15,buy
8/27,2379,永豐金-三重,003900410039004b,6,12,-6,0.32,15,sell
8/27,3034,台灣摩根士丹利,1470,502,120,382,11.37,1,buy
8/27,3034,港商野村,1560,31,918,-887,26.39,1,sell
8/27,3034,凱基-台北,9268,522,140,382,11.37,2,buy
8/27,3034,摩根大通,8440,127,236,-109,3.24,2,sell
8/27,3034,美商高盛,1480,322,119,203,6.04,3,buy
8/27,3034,美林,1440,221,315,-94,2.8,3,sell
8/27,3034,新加坡商瑞銀,1650,284,125,159,4.73,4,buy
8/27,3034,永豐金-匯立,0039004100380031,32,84,-52,1.55,4,sell
8/27,3034,法銀巴黎,8900,68,0,68,2.02,5,buy
8/27,3034,富邦證券,9600,1,50,-49,1.46,5,sell
8/27,3034,元大證券,9800,161,121,40,1.19,6,buy
8/27,3034,花旗環球,1590,65,106,-41,1.22,6,sell
8/27,3034,港商麥格理,1360,35,8,27,0.8,7,buy
8/27,3034,兆豐證券,7000,0,40,-40,1.19,7,sell
8/27,3034,凱基-內埔,9225,22,0,22,0.65,8,buy
8/27,3034,新光,8560,13,31,-18,0.54,8,sell
8/27,3034,元大-中山北路,0039003800300061,21,0,21,0.62,9,buy
8/27,3034,凱基,9200,1,16,-15,0.45,9,sell
8/27,3034,群益金鼎,9100,44,24,20,0.6,10,buy
8/27,3034,台新-松德,0039004200320061,4,15,-11,0.33,10,sell
8/27,3034,元大-金華,9878,14,1,13,0.39,11,buy
8/27,3034,富邦-台北,9623,3,13,-10,0.3,11,sell
8/27,3034,台新-中港,0039004200320069,12,0,12,0.36,12,buy
8/27,3034,元大-成功,003900380039004c,1,10,-9,0.27,12,sell
8/27,3034,玉山-雙和,8841,19,8,11,0.33,13,buy
8/27,3034,元大-新竹經國,9859,3,12,-9,0.27,13,sell
8/27,3034,永全-南崁,6451,11,0,11,0.33,14,buy
8/27,3034,中國信託-永康,6163,0,8,-8,0.24,14,sell
8/27,3034,統一-城中,5854,10,0,10,0.3,15,buy
8/27,3034,永豐金-亞灣,0039004100390061,0,8,-8,0.24,15,sell
8/27,2412,花旗環球,1590,712,71,641,11.42,1,buy
8/27,2412,新加坡商瑞銀,1650,59,675,-616,10.97,1,sell
8/27,2412,中國信託,6160,545,3,542,9.65,2,buy
8/27,2412,康和,8450,0,600,-600,10.69,2,sell
8/27,2412,凱基-台北,9268,598,206,392,6.98,3,buy
8/27,2412,永豐金證券,0039004100300030,19,504,-485,8.64,3,sell
8/27,2412,合庫-台南,1022,403,31,372,6.63,4,buy
8/27,2412,美林,1440,43,520,-477,8.5,4,sell
8/27,2412,台新-信義,0039004200320048,354,130,224,3.99,5,buy
8/27,2412,摩根大通,8440,464,871,-407,7.25,5,sell
8/27,2412,富邦證券,9600,201,0,201,3.58,6,buy
8/27,2412,台灣摩根士丹利,1470,99,308,-209,3.72,6,sell
8/27,2412,美商高盛,1480,296,167,129,2.3,7,buy
8/27,2412,台新,0039004200300030,12,211,-199,3.54,7,sell
8/27,2412,臺銀-臺南,1042,102,0,102,1.82,8,buy
8/27,2412,富邦-新店,9661,4,74,-70,1.25,8,sell
8/27,2412,香港上海匯豐,8960,65,0,65,1.16,9,buy
8/27,2412,富邦-竹科,0039003600320043,8,71,-63,1.12,9,sell
8/27,2412,群益金鼎-永和,003900310038004a,250,200,50,0.89,10,buy
8/27,2412,華南永昌-板橋,9349,1,60,-59,1.05,10,sell
8/27,2412,永豐金-匯立,0039004100380031,62,13,49,0.87,11,buy
8/27,2412,華南永昌,9300,0,30,-30,0.53,11,sell
8/27,2412,港商野村,1560,37,0,37,0.66,12,buy
8/27,2412,永豐金-內湖,0039004100390067,1,29,-28,0.5,12,sell
8/27,2412,國泰-板橋,003800380038004b,25,0,25,0.45,13,buy
8/27,2412,台新-三民,0039004200310033,4,30,-26,0.46,13,sell
8/27,2412,永豐金-永康,0039004100390063,72,48,24,0.43,14,buy
8/27,2412,凱基-站前,0039003200300046,0,21,-21,0.37,14,sell
8/27,2412,新光,8560,26,5,21,0.37,15,buy
8/27,2412,富邦-南員林,0039003600310052,0,20,-20,0.36,15,sell
8/27,0056,元大證券,9800,18331,197,18134,48.54,1,buy
8/27,0056,臺銀,1040,40,1929,-1889,5.06,1,sell
8/27,0056,凱基-台北,9268,6290,396,5894,15.78,2,buy
8/27,0056,國泰-敦南,8888,365,2160,-1795,4.8,2,sell
8/27,0056,富邦證券,9600,1599,24,1575,4.22,3,buy
8/27,0056,中國信託,6160,139,527,-388,1.04,3,sell
8/27,0056,永豐金證券,0039004100300030,1847,674,1173,3.14,4,buy
8/27,0056,第一金-新興,0035003300380041,6,391,-385,1.03,4,sell
8/27,0056,第一金-路竹,0035003300380050,487,34,453,1.21,5,buy
8/27,0056,台新,0039004200300030,60,376,-316,0.85,5,sell
8/27,0056,康和-仁愛,0038003400350046,204,2,202,0.54,6,buy
8/27,0056,元大-景美,0039003800340048,13,327,-314,0.84,6,sell
8/27,0056,新加坡商瑞銀,1650,397,208,189,0.51,7,buy
8/27,0056,永豐金-敦北,0039004100380039,3,314,-311,0.83,7,sell
8/27,0056,摩根大通,8440,171,0,171,0.46,8,buy
8/27,0056,凱基-高美館,9215,19,324,-305,0.82,8,sell
8/27,0056,統一-彰化,0035003800350046,180,10,170,0.46,9,buy
8/27,0056,統一-平鎮,0035003800350067,0,287,-287,0.77,9,sell
8/27,0056,國泰證券,8880,164,5,159,0.43,10,buy
8/27,0056,玉山-新竹,0038003800340048,5,281,-276,0.74,10,sell
8/27,0056,永全證券,6450,194,60,134,0.36,11,buy
8/27,0056,國泰-台中,8882,136,408,-272,0.73,11,sell
8/27,0056,台新-高雄,0039004200310067,109,51,58,0.16,12,buy
8/27,0056,國泰-板橋,003800380038004b,47,312,-265,0.71,12,sell
8/27,0056,元大-崇德,0039003800310053,112,74,38,0.1,13,buy
8/27,0056,元大-仁愛,003900380033006a,5,256,-251,0.67,13,sell
8/27,0056,元大-復北,9872,57,28,29,0.08,14,buy
8/27,0056,元大-雙和,9874,21,267,-246,0.66,14,sell
8/27,0056,永豐金-台中,003900410039004c,62,36,26,0.07,15,buy
8/27,0056,華南永昌-古亭,9309,1,226,-225,0.6,15,sell
8/27,2883,美商高盛,1480,6429,1706,4723,13.79,1,buy
8/27,2883,摩根大通,8440,1817,6940,-5123,14.96,1,sell
8/27,2883,美林,1440,1503,94,1409,4.11,2,buy
8/27,2883,富邦證券,9600,154,2759,-2605,7.61,2,sell
8/27,2883,花旗環球,1590,1701,604,1097,3.2,3,buy
8/27,2883,台灣摩根士丹利,1470,3001,5453,-2452,7.16,3,sell
8/27,2883,元大證券,9800,2870,2027,843,2.46,4,buy
8/27,2883,宏遠-光隆,0031003200360069,0,1950,-1950,5.69,4,sell
8/27,2883,港商野村,1560,823,25,798,2.33,5,buy
8/27,2883,玉山-桃園,0038003800340046,4,1684,-1680,4.91,5,sell
8/27,2883,元大-草屯,0039003800390045,579,7,572,1.67,6,buy
8/27,2883,國票-長城,0037003700390075,0,600,-600,1.75,6,sell
8/27,2883,永豐金-高雄,0039004100390065,513,2,511,1.49,7,buy
8/27,2883,元大-民生三民,0039003800390058,12,406,-394,1.15,7,sell
8/27,2883,台新-台北,0039004200320030,426,0,426,1.24,8,buy
8/27,2883,第一金-員林,5381,2,161,-159,0.46,8,sell
8/27,2883,國泰-松江,8883,304,2,302,0.88,9,buy
8/27,2883,臺銀-臺中,0031003000340041,0,155,-155,0.45,9,sell
8/27,2883,凱基,9200,297,0,297,0.87,10,buy
8/27,2883,永豐金證券,0039004100300030,90,205,-115,0.34,10,sell
8/27,2883,兆豐-桃鶯,0037003000300055,254,4,250,0.73,11,buy
8/27,2883,凱基-羅東,9258,1,100,-99,0.29,11,sell
8/27,2883,彰銀,1230,255,6,249,0.73,12,buy
8/27,2883,台新-城東,0039004200320072,8,106,-98,0.29,12,sell
8/27,2883,新加坡商瑞銀,1650,1659,1434,225,0.66,13,buy
8/27,2883,第一金-忠孝,0035003300380044,103,200,-97,0.28,13,sell
8/27,2883,國泰-敦南,8888,296,77,219,0.64,14,buy
8/27,2883,台新-松德,0039004200320061,12,81,-69,0.2,14,sell
8/27,2883,兆豐-鹿港,0037003000300066,204,2,202,0.59,15,buy
8/27,2883,凱基-中山,9229,1,68,-67,0.2,15,sell
8/27,0050,凱基-台北,9268,11747,5002,6745,9.93,1,buy
8/27,0050,國泰-敦南,8888,1293,3378,-2085,3.07,1,sell
8/27,0050,凱基,9200,2711,41,2670,3.93,2,buy
8/27,0050,兆豐-大同,0037003000300053,8,605,-597,0.88,2,sell
8/27,0050,元大證券,9800,4285,1684,2601,3.83,3,buy
8/27,0050,國票-敦北法人,0037003700390063,5,504,-499,0.73,3,sell
8/27,0050,台灣摩根士丹利,1470,2491,72,2419,3.56,4,buy
8/27,0050,臺銀-臺中,0031003000340041,35,402,-367,0.54,4,sell
8/27,0050,美商高盛,1480,1912,105,1807,2.66,5,buy
8/27,0050,玉山-台中,0038003800340042,54,344,-290,0.43,5,sell
8/27,0050,台新,0039004200300030,2318,856,1462,2.15,6,buy
8/27,0050,元大-大里,0039003800310067,23,290,-267,0.39,6,sell
8/27,0050,中國信託,6160,1938,521,1417,2.09,7,buy
8/27,0050,台新-成功,003900420032006d,30,280,-250,0.37,7,sell
8/27,0050,富邦證券,9600,1965,930,1035,1.52,8,buy
8/27,0050,元大-松山,0039003800310070,13,258,-245,0.36,8,sell
8/27,0050,群益金鼎,9100,925,41,884,1.3,9,buy
8/27,0050,國泰-台中,8882,208,449,-241,0.35,9,sell
8/27,0050,玉山證券,8840,1016,200,816,1.2,10,buy
8/27,0050,新光,8560,207,441,-234,0.34,10,sell
8/27,0050,國泰證券,8880,851,51,800,1.18,11,buy
8/27,0050,國泰-高雄,8881,87,305,-218,0.32,11,sell
8/27,0050,康和,8450,628,7,621,0.91,12,buy
8/27,0050,台新-台中,0039004200310068,75,270,-195,0.29,12,sell
8/27,0050,元大-館前,003900380034004b,425,31,394,0.58,13,buy
8/27,0050,元大-竹科,003900380030004b,46,220,-174,0.26,13,sell
8/27,0050,兆豐證券,7000,321,36,285,0.42,14,buy
8/27,0050,永豐金證券,0039004100300030,15244,15416,-172,0.25,14,sell
8/27,0050,元大-新竹,9816,295,40,255,0.38,15,buy
8/27,0050,富邦-建國,9658,85,252,-167,0.25,15,sell
8/27,2408,美商高盛,1480,9877,1464,8413,9.77,1,buy
8/27,2408,國泰-敦南,8888,2243,3321,-1078,1.25,1,sell
8/27,2408,新加坡商瑞銀,1650,8294,72,8222,9.55,2,buy
8/27,2408,港商麥格理,1360,0,480,-480,0.56,2,sell
8/27,2408,台灣摩根士丹利,1470,6535,1188,5347,6.21,3,buy
8/27,2408,元大-信義,003900380039006d,63,497,-434,0.5,3,sell
8/27,2408,摩根大通,8440,3217,339,2878,3.34,4,buy
8/27,2408,群益金鼎,9100,423,836,-413,0.48,4,sell
8/27,2408,元大證券,9800,9814,7733,2081,2.42,5,buy
8/27,2408,新光,8560,612,1010,-398,0.46,5,sell
8/27,2408,美林,1440,2280,381,1899,2.2,6,buy
8/27,2408,永豐金證券,0039004100300030,735,1084,-349,0.41,6,sell
8/27,2408,港商野村,1560,1891,117,1774,2.06,7,buy
8/27,2408,國泰-台中,8882,423,679,-256,0.3,7,sell
8/27,2408,凱基,9200,800,24,776,0.9,8,buy
8/27,2408,富邦-台北,9623,206,453,-247,0.29,8,sell
8/27,2408,凱基-台北,9268,3623,2850,773,0.9,9,buy
8/27,2408,富邦-新竹,9647,82,324,-242,0.28,9,sell
8/27,2408,統一,5850,986,254,732,0.85,10,buy
8/27,2408,華南永昌,9300,182,404,-222,0.26,10,sell
8/27,2408,富邦證券,9600,1769,1038,731,0.85,11,buy
8/27,2408,凱基-站前,0039003200300046,116,334,-218,0.25,11,sell
8/27,2408,台新,0039004200300030,1018,690,328,0.38,12,buy
8/27,2408,華南永昌-中正,9359,69,287,-218,0.25,12,sell
8/27,2408,(牛牛牛)亞證券,6010,172,1,171,0.2,13,buy
8/27,2408,玉山-板橋,8846,56,273,-217,0.25,13,sell
8/27,2408,國泰證券,8880,276,136,140,0.16,14,buy
8/27,2408,國泰-板橋,003800380038004b,342,554,-212,0.25,14,sell
8/27,2408,福邦證券,6480,120,2,118,0.14,15,buy
8/27,2408,國泰-高雄,8881,160,368,-208,0.24,15,sell
8/27,1605,富邦證券,9600,2131,96,2035,4.84,1,buy
8/27,1605,永豐金-南京,0039004100390053,24,1656,-1632,3.88,1,sell
8/27,1605,台灣摩根士丹利,1470,2760,776,1984,4.72,2,buy
8/27,1605,凱基,9200,35,1033,-998,2.37,2,sell
8/27,1605,元大-館前,003900380034004b,2005,26,1979,4.7,3,buy
8/27,1605,華南永昌-東昇,9386,479,1416,-937,2.23,3,sell
8/27,1605,新加坡商瑞銀,1650,2335,879,1456,3.46,4,buy
8/27,1605,康和,8450,90,930,-840,2.0,4,sell
8/27,1605,美商高盛,1480,3026,1660,1366,3.25,5,buy
8/27,1605,群益金鼎,9100,394,1233,-839,1.99,5,sell
8/27,1605,國票-敦北法人,0037003700390063,556,15,541,1.29,6,buy
8/27,1605,國泰-敦南,8888,611,1291,-680,1.62,6,sell
8/27,1605,永豐金-中正,0039004100390055,311,27,284,0.67,7,buy
8/27,1605,凱基-台北,9268,1983,2556,-573,1.36,7,sell
8/27,1605,元大-北港,9837,292,33,259,0.62,8,buy
8/27,1605,富邦-花蓮,9621,104,338,-234,0.56,8,sell
8/27,1605,港商野村,1560,296,65,231,0.55,9,buy
8/27,1605,新百王,6210,21,189,-168,0.4,9,sell
8/27,1605,富邦-永和,9654,261,34,227,0.54,10,buy
8/27,1605,凱基-市府,0039003200300044,9,176,-167,0.4,10,sell
8/27,1605,摩根大通,8440,1029,806,223,0.53,11,buy
8/27,1605,永豐金-潮州,0039004100390071,6,168,-162,0.39,11,sell
8/27,1605,台新-台南,0039004200310036,253,50,203,0.48,12,buy
8/27,1605,台新-文心,003900420032007a,3,153,-150,0.36,12,sell
8/27,1605,國泰-忠孝,8887,263,93,170,0.4,13,buy
8/27,1605,凱基-嘉義,9252,107,251,-144,0.34,13,sell
8/27,1605,國票-九鼎,0037003700390050,216,55,161,0.38,14,buy
8/27,1605,群益金鼎-台北,0039003100380058,15,151,-136,0.32,14,sell
8/27,1605,元大-台南,9896,170,26,144,0.34,15,buy
8/27,1605,元大-大安,003900380033004e,10,143,-133,0.32,15,sell
8/27,1216,美商高盛,1480,2415,532,1883,24.51,1,buy
8/27,1216,臺銀,1040,6,1200,-1194,15.54,1,sell
8/27,1216,台灣摩根士丹利,1470,783,528,255,3.32,2,buy
8/27,1216,國泰證券,8880,1,1010,-1009,13.13,2,sell
8/27,1216,美林,1440,429,280,149,1.94,3,buy
8/27,1216,新加坡商瑞銀,1650,155,587,-432,5.62,3,sell
8/27,1216,聯邦-台南,8588,128,0,128,1.67,4,buy
8/27,1216,元大證券,9800,509,933,-424,5.52,4,sell
8/27,1216,花旗環球,1590,179,70,109,1.42,5,buy
8/27,1216,凱基-台北,9268,299,599,-300,3.91,5,sell
8/27,1216,港商野村,1560,198,99,99,1.29,6,buy
8/27,1216,永豐金證券,0039004100300030,46,260,-214,2.79,6,sell
8/27,1216,港商麥格理,1360,92,0,92,1.2,7,buy
8/27,1216,土銀-高雄,1033,1,200,-199,2.59,7,sell
8/27,1216,香港上海匯豐,8960,90,0,90,1.17,8,buy
8/27,1216,國票-台南,0037003700390044,0,82,-82,1.07,8,sell
8/27,1216,國泰-敦南,8888,125,41,84,1.09,9,buy
8/27,1216,國票-南科,0037003700390065,0,65,-65,0.85,9,sell
8/27,1216,摩根大通,8440,539,480,59,0.77,10,buy
8/27,1216,元大-清水,0039003800300065,4,50,-46,0.6,10,sell
8/27,1216,元大-中崙,9813,51,0,51,0.66,11,buy
8/27,1216,國票證券,7790,2,32,-30,0.39,11,sell
8/27,1216,新光,8560,46,1,45,0.59,12,buy
8/27,1216,群益金鼎-三民,9188,0,25,-25,0.33,12,sell
8/27,1216,合庫-自強,0031003000320043,42,0,42,0.55,13,buy
8/27,1216,永豐金-匯立,0039004100380031,0,24,-24,0.31,13,sell
8/27,1216,法銀巴黎,8900,42,0,42,0.55,14,buy
8/27,1216,群益金鼎-台北,0039003100380058,0,18,-18,0.23,14,sell
8/27,1216,福勝,6950,31,0,31,0.4,15,buy
8/27,1216,凱基-市府,0039003200300044,0,15,-15,0.2,15,sell
8/27,2324,元大證券,9800,7021,5137,1884,2.43,1,buy
8/27,2324,美林,1440,650,8652,-8002,10.32,1,sell
8/27,2324,花旗環球,1590,1381,58,1323,1.71,2,buy
8/27,2324,台灣摩根士丹利,1470,367,7617,-7250,9.35,2,sell
8/27,2324,統一-嘉義,5858,2008,735,1273,1.64,3,buy
8/27,2324,摩根大通,8440,1179,6841,-5662,7.3,3,sell
8/27,2324,元大-北府,0039003800300044,1198,62,1136,1.46,4,buy
8/27,2324,新加坡商瑞銀,1650,770,6210,-5440,7.02,4,sell
8/27,2324,國泰-敦南,8888,2329,1448,881,1.14,5,buy
8/27,2324,美商高盛,1480,1002,6391,-5389,6.95,5,sell
8/27,2324,富邦-永和,9654,763,209,554,0.71,6,buy
8/27,2324,凱基-台北,9268,2674,4927,-2253,2.91,6,sell
8/27,2324,玉山-大里,003800380034004a,539,85,454,0.59,7,buy
8/27,2324,華南永昌-南京,9326,129,1089,-960,1.24,7,sell
8/27,2324,元大-潮州,003900380031005a,426,19,407,0.52,8,buy
8/27,2324,永豐金-匯立,0039004100380031,0,737,-737,0.95,8,sell
8/27,2324,國泰-館前,0038003800380041,430,140,290,0.37,9,buy
8/27,2324,法銀巴黎,8900,1,378,-377,0.49,9,sell
8/27,2324,合庫-桃園,0031003000320045,337,68,269,0.35,10,buy
8/27,2324,統一,5850,97,295,-198,0.26,10,sell
8/27,2324,永豐金證券,0039004100300030,882,646,236,0.3,11,buy
8/27,2324,港商野村,1560,3,197,-194,0.25,11,sell
8/27,2324,台新,0039004200300030,416,184,232,0.3,12,buy
8/27,2324,兆豐-天母,003700300030004c,8,197,-189,0.24,12,sell
8/27,2324,凱基-三重,9205,294,70,224,0.29,13,buy
8/27,2324,華南永昌-板橋,9349,52,196,-144,0.19,13,sell
8/27,2324,富邦-羅東,9634,232,9,223,0.29,14,buy
8/27,2324,華南永昌-小港,9323,36,179,-143,0.18,14,sell
8/27,2324,群益金鼎,9100,945,736,209,0.27,15,buy
8/27,2324,元大-忠孝,9871,235,376,-141,0.18,15,sell
8/27,2887,新加坡商瑞銀,1650,3543,1419,2124,5.75,1,buy
8/27,2887,美林,1440,1091,2725,-1634,4.42,1,sell
8/27,2887,元大-中和,0039003800390065,1618,4,1614,4.37,2,buy
8/27,2887,土銀-嘉義,1034,1,1365,-1364,3.69,2,sell
8/27,2887,元大證券,9800,2958,1521,1437,3.89,3,buy
8/27,2887,永豐金-敦南,0039004100380046,18,1325,-1307,3.54,3,sell
8/27,2887,摩根大通,8440,3492,2255,1237,3.35,4,buy
8/27,2887,國泰證券,8880,10,1160,-1150,3.11,4,sell
8/27,2887,美商高盛,1480,5209,4664,545,1.47,5,buy
8/27,2887,統一-南京,0035003800350055,12,513,-501,1.36,5,sell
8/27,2887,永豐金-新莊,0039004100390048,522,105,417,1.13,6,buy
8/27,2887,香港上海匯豐,8960,179,620,-441,1.19,6,sell
8/27,2887,花旗環球,1590,1027,684,343,0.93,7,buy
8/27,2887,港商野村,1560,0,311,-311,0.84,7,sell
8/27,2887,凱基-台北,9268,1938,1606,332,0.9,8,buy
8/27,2887,玉山-板橋,8846,9,288,-279,0.75,8,sell
8/27,2887,國票-敦北法人,0037003700390063,326,1,325,0.88,9,buy
8/27,2887,台新-台中,0039004200310068,120,377,-257,0.7,9,sell
8/27,2887,國泰-高雄,8881,207,8,199,0.54,10,buy
8/27,2887,彰銀,1230,72,309,-237,0.64,10,sell
8/27,2887,富邦-宜蘭,9686,200,1,199,0.54,11,buy
8/27,2887,康和,8450,20,235,-215,0.58,11,sell
8/27,2887,新光,8560,369,185,184,0.5,12,buy
8/27,2887,元大-大同,0039003800390047,106,318,-212,0.57,12,sell
8/27,2887,中國信託,6160,229,50,179,0.48,13,buy
8/27,2887,元大-中崙,9813,9,206,-197,0.53,13,sell
8/27,2887,台灣摩根士丹利,1470,1792,1670,122,0.33,14,buy
8/27,2887,富邦-陽明,9604,70,263,-193,0.52,14,sell
8/27,2887,富邦-永和,9654,144,30,114,0.31,15,buy
8/27,2887,元大-鳳中,0039003800350043,4,192,-188,0.51,15,sell
8/27,1402,美林,1440,1126,201,925,10.38,1,buy
8/27,1402,美商高盛,1480,408,1409,-1001,11.23,1,sell
8/27,1402,台灣摩根士丹利,1470,1005,840,165,1.85,2,buy
8/27,1402,新加坡商瑞銀,1650,399,1203,-804,9.02,2,sell
8/27,1402,國泰-敦南,8888,227,64,163,1.83,3,buy
8/27,1402,元大證券,9800,541,1124,-583,6.54,3,sell
8/27,1402,元大-楊梅,0039003800370041,154,2,152,1.71,4,buy
8/27,1402,摩根大通,8440,148,704,-556,6.24,4,sell
8/27,1402,香港上海匯豐,8960,131,0,131,1.47,5,buy
8/27,1402,永豐金證券,0039004100300030,93,363,-270,3.03,5,sell
8/27,1402,中國信託-忠孝,6162,113,1,112,1.26,6,buy
8/27,1402,凱基-台北,9268,231,492,-261,2.93,6,sell
8/27,1402,臺銀-新竹,1045,104,1,103,1.16,7,buy
8/27,1402,富邦-陽明,9604,12,201,-189,2.12,7,sell
8/27,1402,新光,8560,187,86,101,1.13,8,buy
8/27,1402,港商野村,1560,0,123,-123,1.38,8,sell
8/27,1402,花旗環球,1590,106,7,99,1.11,9,buy
8/27,1402,宏遠-館前,0031003200360055,91,180,-89,1.0,9,sell
8/27,1402,凱基-台南,9211,90,0,90,1.01,10,buy
8/27,1402,合庫證券,1020,1,79,-78,0.88,10,sell
8/27,1402,元大-土城學府,9822,82,0,82,0.92,11,buy
8/27,1402,第一金,5380,1,63,-62,0.7,11,sell
8/27,1402,合庫-自強,0031003000320043,78,0,78,0.88,12,buy
8/27,1402,統一-台中,5856,6,49,-43,0.48,12,sell
8/27,1402,國泰-台中,8882,78,11,67,0.75,13,buy
8/27,1402,華南永昌-民權,9312,0,42,-42,0.47,13,sell
8/27,1402,富邦-七賢,003900360031004b,62,1,61,0.68,14,buy
8/27,1402,元大-板橋,0039003800390043,30,72,-42,0.47,14,sell
8/27,1402,富邦-板橋,9655,54,1,53,0.59,15,buy
8/27,1402,元大-桃園,0039003800380042,1,37,-36,0.4,15,sell
8/27,6770,台灣摩根士丹利,1470,7351,3723,3628,3.06,1,buy
8/27,6770,新加坡商瑞銀,1650,3519,10436,-6917,5.83,1,sell
8/27,6770,元大證券,9800,10096,8334,1762,1.49,2,buy
8/27,6770,美林,1440,1652,5246,-3594,3.03,2,sell
8/27,6770,美商高盛,1480,6417,5137,1280,1.08,3,buy
8/27,6770,花旗環球,1590,240,2700,-2460,2.07,3,sell
8/27,6770,摩根大通,8440,3008,2081,927,0.78,4,buy
8/27,6770,群益金鼎-大安,0039003100380065,19,832,-813,0.69,4,sell
8/27,6770,凱基-台北,9268,6715,6007,708,0.6,5,buy
8/27,6770,港商野村,1560,6,539,-533,0.45,5,sell
8/27,6770,元大-桃興,9894,708,86,622,0.52,6,buy
8/27,6770,富邦-內湖,9627,88,419,-331,0.28,6,sell
8/27,6770,元大-佳里,0039003800310065,554,236,318,0.27,7,buy
8/27,6770,台新,0039004200300030,574,804,-230,0.19,7,sell
8/27,6770,兆豐-民生,0037003000300063,321,19,302,0.25,8,buy
8/27,6770,元大-向上,9824,28,222,-194,0.16,8,sell
8/27,6770,永豐金-市政,0039004100390057,422,150,272,0.23,9,buy
8/27,6770,(牛牛牛)亞-鑫豐,0036003000310064,85,252,-167,0.14,9,sell
8/27,6770,群益金鼎-建成,003900310038004c,322,57,265,0.22,10,buy
8/27,6770,元大-福營,0039003800310046,140,290,-150,0.13,10,sell
8/27,6770,國票-中和,0037003700390058,445,240,205,0.17,11,buy
8/27,6770,兆豐-嘉義,7001,183,324,-141,0.12,11,sell
8/27,6770,合庫-西台中,0031003000320046,517,314,203,0.17,12,buy
8/27,6770,統一-屏東,5859,30,162,-132,0.11,12,sell
8/27,6770,凱基-東港,9212,240,48,192,0.16,13,buy
8/27,6770,元大-台中中港,0039003800390042,112,238,-126,0.11,13,sell
8/27,6770,台灣企銀-台中,1111,208,41,167,0.14,14,buy
8/27,6770,元大-新竹,9816,119,241,-122,0.1,14,sell
8/27,6770,元大-清水,0039003800300065,245,97,148,0.12,15,buy
8/27,6770,元大-北投,0039003800390041,136,252,-116,0.1,15,sell
8/27,2002,摩根大通,8440,1210,503,707,4.28,1,buy
8/27,2002,美林,1440,3,1557,-1554,9.41,1,sell
8/27,2002,凱基-台北,9268,697,248,449,2.72,2,buy
8/27,2002,新加坡商瑞銀,1650,496,1539,-1043,6.31,2,sell
8/27,2002,富邦-南員林,0039003600310052,272,0,272,1.65,3,buy
8/27,2002,元大-虎尾,003900380030006c,0,1000,-1000,6.05,3,sell
8/27,2002,華南永昌-台中,9302,254,5,249,1.51,4,buy
8/27,2002,富邦證券,9600,294,979,-685,4.15,4,sell
8/27,2002,兆豐證券,7000,244,0,244,1.48,5,buy
8/27,2002,美商高盛,1480,1064,1730,-666,4.03,5,sell
8/27,2002,華南永昌-小港,9323,246,3,243,1.47,6,buy
8/27,2002,玉山-士林,0038003800340041,2,322,-320,1.94,6,sell
8/27,2002,花旗環球,1590,597,355,242,1.46,7,buy
8/27,2002,兆豐-來福,0037003000300043,23,307,-284,1.72,7,sell
8/27,2002,台灣摩根士丹利,1470,993,761,232,1.4,8,buy
8/27,2002,臺銀,1040,46,300,-254,1.54,8,sell
8/27,2002,富邦-台南,9667,227,16,211,1.28,9,buy
8/27,2002,兆豐-新營,003700300030004b,21,253,-232,1.4,9,sell
8/27,2002,統一-嘉義,5858,193,0,193,1.17,10,buy
8/27,2002,凱基-三重,9205,10,222,-212,1.28,10,sell
8/27,2002,國泰-敦南,8888,244,69,175,1.06,11,buy
8/27,2002,香港上海匯豐,8960,46,217,-171,1.04,11,sell
8/27,2002,新光,8560,235,69,166,1.0,12,buy
8/27,2002,統一,5850,24,177,-153,0.93,12,sell
8/27,2002,新光-台南,8564,200,41,159,0.96,13,buy
8/27,2002,兆豐-三重,7008,0,141,-141,0.85,13,sell
8/27,2002,中農,8520,155,1,154,0.93,14,buy
8/27,2002,富邦-樹林,0039003600320045,13,116,-103,0.62,14,sell
8/27,2002,華南永昌-東勢,9358,152,0,152,0.92,15,buy
8/27,2002,富邦-建國,9658,29,132,-103,0.62,15,sell
8/27,2886,美商高盛,1480,2884,344,2540,11.5,1,buy
8/27,2886,台新,0039004200300030,34,6408,-6374,28.85,1,sell
8/27,2886,元大證券,9800,2706,1019,1687,7.64,2,buy
8/27,2886,兆豐證券,7000,1,2329,-2328,10.54,2,sell
8/27,2886,摩根大通,8440,1365,408,957,4.33,3,buy
8/27,2886,凱基-台北,9268,345,1926,-1581,7.16,3,sell
8/27,2886,新加坡商瑞銀,1650,1513,814,699,3.16,4,buy
8/27,2886,富邦證券,9600,2,850,-848,3.84,4,sell
8/27,2886,港商野村,1560,695,1,694,3.14,5,buy
8/27,2886,臺銀,1040,86,578,-492,2.23,5,sell
8/27,2886,美林,1440,647,10,637,2.88,6,buy
8/27,2886,華南永昌,9300,41,500,-459,2.08,6,sell
8/27,2886,福邦證券,6480,319,1,318,1.44,7,buy
8/27,2886,國票-敦北法人,0037003700390063,11,382,-371,1.68,7,sell
8/27,2886,元大-旗山,003900380031006e,203,0,203,0.92,8,buy
8/27,2886,玉山證券,8840,22,206,-184,0.83,8,sell
8/27,2886,(牛牛牛)亞-鑫豐,0036003000310064,210,32,178,0.81,9,buy
8/27,2886,華南永昌-忠孝,9325,0,100,-100,0.45,9,sell
8/27,2886,國泰-敦南,8888,214,52,162,0.73,10,buy
8/27,2886,統一,5850,63,147,-84,0.38,10,sell
8/27,2886,新光,8560,129,1,128,0.58,11,buy
8/27,2886,華南永昌-東昇,9386,2,48,-46,0.21,11,sell
8/27,2886,(牛牛牛)亞-網路,6012,285,174,111,0.5,12,buy
8/27,2886,富邦-左營,0039003600360046,1,41,-40,0.18,12,sell
8/27,2886,元大-大里,0039003800310067,112,1,111,0.5,13,buy
8/27,2886,永豐金-匯立,0039004100380031,0,30,-30,0.14,13,sell
8/27,2886,華南永昌-台中,9302,109,1,108,0.49,14,buy
8/27,2886,玉山-士林,0038003800340041,15,37,-22,0.1,14,sell
8/27,2886,臺銀-臺南,1042,92,0,92,0.42,15,buy
8/27,2886,永豐金-永康,0039004100390063,1,22,-21,0.1,15,sell
8/27,0052,凱基-台北,9268,3777,507,3270,24.03,1,buy
8/27,0052,永豐金證券,0039004100300030,299,721,-422,3.1,1,sell
8/27,0052,富邦證券,9600,1407,67,1340,9.85,2,buy
8/27,0052,國泰-敦南,8888,179,539,-360,2.65,2,sell
8/27,0052,凱基,9200,1095,40,1055,7.75,3,buy
8/27,0052,元大證券,9800,755,1065,-310,2.28,3,sell
8/27,0052,宏遠證券,1260,700,1,699,5.14,4,buy
8/27,0052,台新,0039004200300030,108,339,-231,1.7,4,sell
8/27,0052,康和,8450,596,5,591,4.34,5,buy
8/27,0052,國泰-板橋,003800380038004b,18,167,-149,1.1,5,sell
8/27,0052,群益金鼎-天母,0039003100380050,300,1,299,2.2,6,buy
8/27,0052,元大-士林,003900380031006a,0,129,-129,0.95,6,sell
8/27,0052,新加坡商瑞銀,1650,529,365,164,1.21,7,buy
8/27,0052,中國信託,6160,124,237,-113,0.83,7,sell
8/27,0052,永豐金-天母,0039004100390047,142,2,140,1.03,8,buy
8/27,0052,富邦-陽明,9604,7,118,-111,0.82,8,sell
8/27,0052,統一,5850,100,11,89,0.65,9,buy
8/27,0052,群益金鼎,9100,401,510,-109,0.8,9,sell
8/27,0052,元大-忠孝,9871,72,6,66,0.49,10,buy
8/27,0052,元大-竹東,0039003800330066,1,100,-99,0.73,10,sell
8/27,0052,日茂,5960,100,42,58,0.43,11,buy
8/27,0052,富邦-南京,0039003600310043,2,100,-98,0.72,11,sell
8/27,0052,第一金-高雄,5383,53,0,53,0.39,12,buy
8/27,0052,元大-善化,0039003800310079,3,95,-92,0.68,12,sell
8/27,0052,富邦-三峽,003900360032004a,61,11,50,0.37,13,buy
8/27,0052,永全-八德,6452,1,82,-81,0.6,13,sell
8/27,0052,台新-桃園,0039004200320076,50,2,48,0.35,14,buy
8/27,0052,富邦-桃園,9665,1,78,-77,0.57,14,sell
8/27,0052,國泰證券,8880,59,11,48,0.35,15,buy
8/27,0052,新光-新竹,8563,1,74,-73,0.54,15,sell
8/27,2301,凱基,9200,3284,176,3108,12.08,1,buy
8/27,2301,美商高盛,1480,2142,3564,-1422,5.53,1,sell
8/27,2301,美林,1440,736,169,567,2.2,2,buy
8/27,2301,摩根大通,8440,209,1379,-1170,4.55,2,sell
8/27,2301,永豐金-匯立,0039004100380031,529,48,481,1.87,3,buy
8/27,2301,台灣摩根士丹利,1470,478,1466,-988,3.84,3,sell
8/27,2301,凱基-台中,9204,225,5,220,0.86,4,buy
8/27,2301,群益金鼎,9100,341,972,-631,2.45,4,sell
8/27,2301,元大-大同,0039003800390047,172,14,158,0.61,5,buy
8/27,2301,凱基-台北,9268,1333,1772,-439,1.71,5,sell
8/27,2301,新加坡商瑞銀,1650,248,111,137,0.53,6,buy
8/27,2301,富邦證券,9600,34,384,-350,1.36,6,sell
8/27,2301,兆豐證券,7000,221,100,121,0.47,7,buy
8/27,2301,元大證券,9800,2131,2391,-260,1.01,7,sell
8/27,2301,永豐金-中壢,0039004100390039,85,7,78,0.3,8,buy
8/27,2301,統一,5850,38,298,-260,1.01,8,sell
8/27,2301,法銀巴黎,8900,75,11,64,0.25,9,buy
8/27,2301,國泰證券,8880,32,162,-130,0.51,9,sell
8/27,2301,康和,8450,69,8,61,0.24,10,buy
8/27,2301,華南永昌-忠孝,9325,2,124,-122,0.47,10,sell
8/27,2301,永豐金-忠孝,0039004100390044,66,5,61,0.24,11,buy
8/27,2301,永豐金證券,0039004100300030,319,421,-102,0.4,11,sell
8/27,2301,兆豐-忠孝,0037003000300061,65,6,59,0.23,12,buy
8/27,2301,群益金鼎-古亭,0039003100380043,17,118,-101,0.39,12,sell
8/27,2301,玉山-新莊,8842,73,17,56,0.22,13,buy
8/27,2301,兆豐-北高雄,0037003000300049,204,303,-99,0.38,13,sell
8/27,2301,港商野村,1560,56,7,49,0.19,14,buy
8/27,2301,宏遠-高雄,0031003200360051,34,124,-90,0.35,14,sell
8/27,2301,國泰-敦南,8888,697,648,49,0.19,15,buy
8/27,2301,台新-建北,0039004200310038,53,140,-87,0.34,15,sell
8/27,2834,美林,1440,2945,305,2640,11.03,1,buy
8/27,2834,美商高盛,1480,1730,6015,-4285,17.9,1,sell
8/27,2834,凱基-台北,9268,2394,579,1815,7.58,2,buy
8/27,2834,台灣摩根士丹利,1470,1374,2449,-1075,4.49,2,sell
8/27,2834,新加坡商瑞銀,1650,1595,513,1082,4.52,3,buy
8/27,2834,花旗環球,1590,274,981,-707,2.95,3,sell
8/27,2834,摩根大通,8440,1845,916,929,3.88,4,buy
8/27,2834,元大證券,9800,2147,2720,-573,2.39,4,sell
8/27,2834,永豐金證券,0039004100300030,383,21,362,1.51,5,buy
8/27,2834,國票-內壢,7798,0,387,-387,1.62,5,sell
8/27,2834,土銀-花蓮,1037,300,0,300,1.25,6,buy
8/27,2834,永豐金-匯立,0039004100380031,0,307,-307,1.28,6,sell
8/27,2834,華南永昌-斗六,9327,231,0,231,0.96,7,buy
8/27,2834,永豐金-板盛,0039004100390059,0,305,-305,1.27,7,sell
8/27,2834,玉山-桃園,0038003800340046,205,64,141,0.59,8,buy
8/27,2834,富邦-中壢,9636,13,317,-304,1.27,8,sell
8/27,2834,新光-桃園,8565,181,50,131,0.55,9,buy
8/27,2834,華南永昌-敦南,9347,6,261,-255,1.07,9,sell
8/27,2834,新百王,6210,110,0,110,0.46,10,buy
8/27,2834,港商野村,1560,0,254,-254,1.06,10,sell
8/27,2834,凱基-桃園,9208,115,6,109,0.46,11,buy
8/27,2834,玉山-板橋,8846,10,256,-246,1.03,11,sell
8/27,2834,台灣企銀-岡山,1119,117,11,106,0.44,12,buy
8/27,2834,富邦-陽明,9604,9,247,-238,0.99,12,sell
8/27,2834,彰銀-台中,1233,106,0,106,0.44,13,buy
8/27,2834,致和證券,7030,3,218,-215,0.9,13,sell
8/27,2834,永豐金-市政,0039004100390057,104,0,104,0.43,14,buy
8/27,2834,兆豐-三重,7008,0,106,-106,0.44,14,sell
8/27,2834,福邦-新竹,6489,100,0,100,0.42,15,buy
8/27,2834,統一-城中,5854,2,106,-104,0.43,15,sell
8/27,3481,法銀巴黎,8900,629,16,613,0.5,1,buy
8/27,3481,摩根大通,8440,451,3059,-2608,2.12,1,sell
8/27,3481,凱基-台北,9268,10577,9971,606,0.49,2,buy
8/27,3481,台灣摩根士丹利,1470,5224,6753,-1529,1.24,2,sell
8/27,3481,美商高盛,1480,3062,2470,592,0.48,3,buy
8/27,3481,群益金鼎-新竹,9186,35,1006,-971,0.79,3,sell
8/27,3481,永豐金證券,0039004100300030,1756,1175,581,0.47,4,buy
8/27,3481,群益金鼎-中山,0039003100380048,18,852,-834,0.68,4,sell
8/27,3481,兆豐-岡山,0037003000300073,514,2,512,0.42,5,buy
8/27,3481,凱基-松山,9217,64,454,-390,0.32,5,sell
8/27,3481,新加坡商瑞銀,1650,1968,1493,475,0.39,6,buy
8/27,3481,土銀-嘉義,1034,35,417,-382,0.31,6,sell
8/27,3481,臺銀,1040,577,164,413,0.34,7,buy
8/27,3481,統一,5850,182,469,-287,0.23,7,sell
8/27,3481,元大-民雄,0039003800310056,474,63,411,0.33,8,buy
8/27,3481,元大-松江,9801,74,322,-248,0.2,8,sell
8/27,3481,花旗環球,1590,929,539,390,0.32,9,buy
8/27,3481,臺銀-臺中,0031003000340041,177,416,-239,0.19,9,sell
8/27,3481,統一-敦南,5852,476,139,337,0.27,10,buy
8/27,3481,富邦-台北,9623,487,700,-213,0.17,10,sell
8/27,3481,國泰-館前,0038003800380041,878,557,321,0.26,11,buy
8/27,3481,群益金鼎-永和,003900310038004a,291,498,-207,0.17,11,sell
8/27,3481,元大-西屯,0039003800300077,399,83,316,0.26,12,buy
8/27,3481,兆豐-大同,0037003000300053,35,235,-200,0.16,12,sell
8/27,3481,群益金鼎-東大,9135,359,62,297,0.24,13,buy
8/27,3481,統一-嘉義,5858,35,223,-188,0.15,13,sell
8/27,3481,合庫證券,1020,570,275,295,0.24,14,buy
8/27,3481,兆豐-台中港,7005,84,261,-177,0.14,14,sell
8/27,3481,永豐金-匯立,0039004100380031,233,0,233,0.19,15,buy
8/27,3481,凱基-站前,0039003200300046,196,369,-173,0.14,15,sell
8/27,1303,富邦證券,9600,13566,7974,5592,3.82,1,buy
8/27,1303,摩根大通,8440,1458,5074,-3616,2.47,1,sell
8/27,1303,美商高盛,1480,8597,4632,3965,2.71,2,buy
8/27,1303,元大證券,9800,11369,12428,-1059,0.72,2,sell
8/27,1303,凱基-城中,9227,5660,2267,3393,2.32,3,buy
8/27,1303,元大-雙和,9874,62,881,-819,0.56,3,sell
8/27,1303,凱基-台北,9268,10136,6914,3222,2.2,4,buy
8/27,1303,玉山-板橋,8846,69,790,-721,0.49,4,sell
8/27,1303,國票-敦北法人,0037003700390063,3828,992,2836,1.94,5,buy
8/27,1303,元大-復北,9872,42,736,-694,0.47,5,sell
8/27,1303,群益金鼎-台北,0039003100380058,2405,21,2384,1.63,6,buy
8/27,1303,新加坡商瑞銀,1650,1859,2504,-645,0.44,6,sell
8/27,1303,國票-安和,003700370039005a,3951,1702,2249,1.54,7,buy
8/27,1303,華南永昌,9300,166,807,-641,0.44,7,sell
8/27,1303,統一-城中,5854,3411,2171,1240,0.85,8,buy
8/27,1303,康和,8450,9,582,-573,0.39,8,sell
8/27,1303,永豐金-匯立,0039004100380031,1319,109,1210,0.83,9,buy
8/27,1303,元大-土城永寧,9875,59,596,-537,0.37,9,sell
8/27,1303,國泰證券,8880,1198,37,1161,0.79,10,buy
8/27,1303,康和-嘉義,8459,32,566,-534,0.37,10,sell
8/27,1303,統一,5850,4163,3091,1072,0.73,11,buy
8/27,1303,宏遠-台南,0031003200360044,3,521,-518,0.35,11,sell
8/27,1303,凱基-信義,9216,4019,3092,927,0.63,12,buy
8/27,1303,凱基-民權,0039003200310043,88,579,-491,0.34,12,sell
8/27,1303,大和國泰,8890,754,0,754,0.52,13,buy
8/27,1303,國泰-敦南,8888,4009,4460,-451,0.31,13,sell
8/27,1303,永豐金證券,0039004100300030,1803,1197,606,0.41,14,buy
8/27,1303,富邦-板橋,9655,146,482,-336,0.23,14,sell
8/27,1303,台灣摩根士丹利,1470,3951,3435,516,0.35,15,buy
8/27,1303,兆豐-忠孝,0037003000300061,208,528,-320,0.22,15,sell
8/27,2327,元大證券,9800,4806,4065,741,1.5,1,buy
8/27,2327,台灣摩根士丹利,1470,2908,4285,-1377,2.78,1,sell
8/27,2327,港商麥格理,1360,385,0,385,0.78,2,buy
8/27,2327,美商高盛,1480,1955,3122,-1167,2.35,2,sell
8/27,2327,富邦-虎尾,9697,348,41,307,0.62,3,buy
8/27,2327,摩根大通,8440,972,2048,-1076,2.17,3,sell
8/27,2327,康和,8450,267,20,247,0.5,4,buy
8/27,2327,富邦證券,9600,790,1555,-765,1.54,4,sell
8/27,2327,凱基,9200,589,358,231,0.47,5,buy
8/27,2327,統一,5850,271,935,-664,1.34,5,sell
8/27,2327,亞東,2180,226,17,209,0.42,6,buy
8/27,2327,兆豐證券,7000,565,860,-295,0.6,6,sell
8/27,2327,台新,0039004200300030,504,294,210,0.42,7,buy
8/27,2327,新加坡商瑞銀,1650,1563,1845,-282,0.57,7,sell
8/27,2327,永豐金-敦北,0039004100380039,365,166,199,0.4,8,buy
8/27,2327,港商野村,1560,86,346,-260,0.52,8,sell
8/27,2327,兆豐-中壢,0037003000300062,160,8,152,0.31,9,buy
8/27,2327,國泰證券,8880,545,789,-244,0.49,9,sell
8/27,2327,合庫證券,1020,207,71,136,0.27,10,buy
8/27,2327,元大-員林中山,9835,54,156,-102,0.21,10,sell
8/27,2327,凱基-台北,9268,2194,2073,121,0.24,11,buy
8/27,2327,台新-緯城,0039004200320041,18,111,-93,0.19,11,sell
8/27,2327,富邦-台南,9667,140,26,114,0.23,12,buy
8/27,2327,群益金鼎-新莊,0039003100380047,32,116,-84,0.17,12,sell
8/27,2327,凱基-大里,0039003200300057,253,141,112,0.23,13,buy
8/27,2327,富邦-台北,9623,171,241,-70,0.14,13,sell
8/27,2327,群益金鼎,9100,322,221,101,0.2,14,buy
8/27,2327,元大-復北,9872,24,71,-47,0.09,14,sell
8/27,2327,永豐金證券,0039004100300030,1248,1160,88,0.18,15,buy
8/27,2327,凱基-員林,9231,31,78,-47,0.09,15,sell
8/27,2409,台灣摩根士丹利,1470,2580,902,1678,2.89,1,buy
8/27,2409,兆豐證券,7000,0,1510,-1510,2.6,1,sell
8/27,2409,花旗環球,1590,519,51,468,0.81,2,buy
8/27,2409,富邦證券,9600,43,1475,-1432,2.46,2,sell
8/27,2409,元大-四維,9831,497,50,447,0.77,3,buy
8/27,2409,凱基-台北,9268,3487,4527,-1040,1.79,3,sell
8/27,2409,新加坡商瑞銀,1650,1057,618,439,0.76,4,buy
8/27,2409,美商高盛,1480,1101,2094,-993,1.71,4,sell
8/27,2409,統一-彰化,0035003800350046,439,6,433,0.75,5,buy
8/27,2409,玉山-新竹,0038003800340048,28,459,-431,0.74,5,sell
8/27,2409,摩根大通,8440,1180,778,402,0.69,6,buy
8/27,2409,國票-博愛,003700370039007a,13,416,-403,0.69,6,sell
8/27,2409,元大-斗六,0039003800300043,548,152,396,0.68,7,buy
8/27,2409,台新-世貿,0039004200320075,49,430,-381,0.66,7,sell
8/27,2409,致和證券,7030,316,8,308,0.53,8,buy
8/27,2409,永豐金-亞灣,0039004100390061,25,375,-350,0.6,8,sell
8/27,2409,永豐金-中正,0039004100390055,379,105,274,0.47,9,buy
8/27,2409,永豐金-屏東,0039004100360039,37,356,-319,0.55,9,sell
8/27,2409,永豐金證券,0039004100300030,400,148,252,0.43,10,buy
8/27,2409,凱基-竹北,9234,20,333,-313,0.54,10,sell
8/27,2409,玉山-信義,0038003800340043,260,18,242,0.42,11,buy
8/27,2409,台新-花蓮,0039004200320079,43,343,-300,0.52,11,sell
8/27,2409,國票-台南,0037003700390044,206,3,203,0.35,12,buy
8/27,2409,港商野村,1560,38,336,-298,0.51,12,sell
8/27,2409,凱基-永康,9278,210,34,176,0.3,13,buy
8/27,2409,新光-高雄,8562,69,336,-267,0.46,13,sell
8/27,2409,凱基-站前,0039003200300046,241,79,162,0.28,14,buy
8/27,2409,華南永昌-大安,9307,9,257,-248,0.43,14,sell
8/27,2409,康和-板橋,0038003400350044,178,21,157,0.27,15,buy
8/27,2409,元大-新生,0039003800310058,4,251,-247,0.43,15,sell
8/27,6182,凱基-台北,9268,4029,2853,1176,2.84,1,buy
8/27,6182,摩根大通,8440,547,2013,-1466,3.54,1,sell
8/27,6182,新加坡商瑞銀,1650,1324,661,663,1.6,2,buy
8/27,6182,統一,5850,147,854,-707,1.71,2,sell
8/27,6182,台灣摩根士丹利,1470,697,202,495,1.2,3,buy
8/27,6182,國泰-敦南,8888,1328,1568,-240,0.58,3,sell
8/27,6182,兆豐-中壢,0037003000300062,501,16,485,1.17,4,buy
8/27,6182,新百王,6210,35,236,-201,0.49,4,sell
8/27,6182,美商高盛,1480,1161,750,411,0.99,5,buy
8/27,6182,永豐金-敦北,0039004100380039,35,162,-127,0.31,5,sell
8/27,6182,富邦證券,9600,947,565,382,0.92,6,buy
8/27,6182,台新-世貿,0039004200320075,13,140,-127,0.31,6,sell
8/27,6182,國票證券,7790,346,49,297,0.72,7,buy
8/27,6182,第一金-路竹,0035003300380050,17,142,-125,0.3,7,sell
8/27,6182,凱基-員林,9231,206,7,199,0.48,8,buy
8/27,6182,玉山-台南,8847,26,148,-122,0.29,8,sell
8/27,6182,永豐金證券,0039004100300030,457,288,169,0.41,9,buy
8/27,6182,第一金-大稻埕,0035003300380046,7,123,-116,0.28,9,sell
8/27,6182,富邦-內湖,9627,214,52,162,0.39,10,buy
8/27,6182,新光-台南,8564,45,159,-114,0.28,10,sell
8/27,6182,美林,1440,716,593,123,0.3,11,buy
8/27,6182,港商野村,1560,48,155,-107,0.26,11,sell
8/27,6182,元大證券,9800,3624,3501,123,0.3,12,buy
8/27,6182,臺銀-高雄,0031003000340043,58,153,-95,0.23,12,sell
8/27,6182,台新-成功,003900420032006d,204,87,117,0.28,13,buy
8/27,6182,台新-松德,0039004200320061,124,218,-94,0.23,13,sell
8/27,6182,元大-員林中山,9835,137,24,113,0.27,14,buy
8/27,6182,富邦-台北,9623,160,244,-84,0.2,14,sell
8/27,6182,元大-仁愛,003900380033006a,79,7,72,0.17,15,buy
8/27,6182,新光,8560,253,334,-81,0.2,15,sell
8/27,2492,康和,8450,879,62,817,2.53,1,buy
8/27,2492,摩根大通,8440,400,950,-550,1.71,1,sell
8/27,2492,元大證券,9800,3610,2998,612,1.9,2,buy
8/27,2492,港商野村,1560,69,462,-393,1.22,2,sell
8/27,2492,永豐金證券,0039004100300030,580,197,383,1.19,3,buy
8/27,2492,台灣摩根士丹利,1470,879,1005,-126,0.39,3,sell
8/27,2492,新加坡商瑞銀,1650,1065,714,351,1.09,4,buy
8/27,2492,國泰-敦南,8888,838,952,-114,0.35,4,sell
8/27,2492,永豐金-信義,0039004100390052,219,9,210,0.65,5,buy
8/27,2492,台新-北新莊,0039004200320038,9,110,-101,0.31,5,sell
8/27,2492,凱基-台北,9268,1704,1495,209,0.65,6,buy
8/27,2492,永豐金-中正,0039004100390055,35,134,-99,0.31,6,sell
8/27,2492,兆豐-民生,0037003000300063,163,26,137,0.42,7,buy
8/27,2492,富邦證券,9600,153,228,-75,0.23,7,sell
8/27,2492,永豐金-敦北,0039004100380039,230,108,122,0.38,8,buy
8/27,2492,國泰-高雄,8881,89,156,-67,0.21,8,sell
8/27,2492,凱基,9200,118,9,109,0.34,9,buy
8/27,2492,統一-新竹,5857,9,76,-67,0.21,9,sell
8/27,2492,台新-板橋,0039004200320062,135,26,109,0.34,10,buy
8/27,2492,華南永昌-竹北,9339,14,80,-66,0.2,10,sell
8/27,2492,台新-城中,0039004200320045,114,8,106,0.33,11,buy
8/27,2492,兆豐-中壢,0037003000300062,18,75,-57,0.18,11,sell
8/27,2492,宏遠-民生,1261,104,3,101,0.31,12,buy
8/27,2492,元大-士林,003900380031006a,11,68,-57,0.18,12,sell
8/27,2492,群益金鼎,9100,406,306,100,0.31,13,buy
8/27,2492,國泰-台中,8882,126,181,-55,0.17,13,sell
8/27,2492,國泰證券,8880,126,45,81,0.25,14,buy
8/27,2492,國泰-忠孝,8887,31,86,-55,0.17,14,sell
8/27,2492,統一,5850,203,135,68,0.21,15,buy
8/27,2492,台新-台中,0039004200310068,72,123,-51,0.16,15,sell
8/27,2801,美林,1440,4208,0,4208,13.99,1,buy
8/27,2801,凱基-市府,0039003200300044,0,1202,-1202,4.0,1,sell
8/27,2801,台灣摩根士丹利,1470,4229,358,3871,12.87,2,buy
8/27,2801,台中銀,6110,1,1008,-1007,3.35,2,sell
8/27,2801,新加坡商瑞銀,1650,3727,439,3288,10.93,3,buy
8/27,2801,兆豐-板橋,0037003000300042,1,1000,-999,3.32,3,sell
8/27,2801,凱基-台北,9268,2921,1868,1053,3.5,4,buy
8/27,2801,國泰-敦南,8888,76,591,-515,1.71,4,sell
8/27,2801,元大證券,9800,1754,877,877,2.92,5,buy
8/27,2801,富邦-陽明,9604,21,471,-450,1.5,5,sell
8/27,2801,宏遠證券,1260,852,5,847,2.82,6,buy
8/27,2801,永豐金-桃盛,003900410039004e,9,415,-406,1.35,6,sell
8/27,2801,彰銀,1230,882,221,661,2.2,7,buy
8/27,2801,永豐金-萬盛,0039004100390032,60,426,-366,1.22,7,sell
8/27,2801,摩根大通,8440,1172,623,549,1.83,8,buy
8/27,2801,花旗環球,1590,344,680,-336,1.12,8,sell
8/27,2801,永豐金-台南,0039004100390068,478,50,428,1.42,9,buy
8/27,2801,新光,8560,170,491,-321,1.07,9,sell
8/27,2801,港商野村,1560,381,0,381,1.27,10,buy
8/27,2801,台新-高雄,0039004200310067,6,268,-262,0.87,10,sell
8/27,2801,玉山-城中,0038003800340045,318,61,257,0.85,11,buy
8/27,2801,彰銀-七賢,1232,5,249,-244,0.81,11,sell
8/27,2801,國泰-忠孝,8887,266,15,251,0.83,12,buy
8/27,2801,兆豐-民生,0037003000300063,0,236,-236,0.78,12,sell
8/27,2801,凱基-市政,9239,291,44,247,0.82,13,buy
8/27,2801,光和,6380,0,226,-226,0.75,13,sell
8/27,2801,元大-斗六,0039003800300043,140,3,137,0.46,14,buy
8/27,2801,永豐金證券,0039004100300030,168,392,-224,0.74,14,sell
8/27,2801,口袋證券,6620,140,4,136,0.45,15,buy
8/27,2801,台新-同大,0039004200320050,7,222,-215,0.71,15,sell
8/27,5904,法銀巴黎,8900,909,0,909,14.19,1,buy
8/27,5904,美商高盛,1480,124,1122,-998,15.58,1,sell
8/27,5904,華南永昌-苗栗,9362,300,0,300,4.68,2,buy
8/27,5904,新加坡商瑞銀,1650,15,784,-769,12.0,2,sell
8/27,5904,國泰-敦南,8888,224,101,123,1.92,3,buy
8/27,5904,台灣摩根士丹利,1470,97,743,-646,10.08,3,sell
8/27,5904,花旗環球,1590,111,0,111,1.73,4,buy
8/27,5904,凱基-台北,9268,346,719,-373,5.82,4,sell
8/27,5904,元大-敦南,0039003800390050,56,0,56,0.87,5,buy
8/27,5904,美林,1440,16,188,-172,2.68,5,sell
8/27,5904,群益金鼎-館前,0039003100330059,51,2,49,0.76,6,buy
8/27,5904,摩根大通,8440,32,170,-138,2.15,6,sell
8/27,5904,新光,8560,65,21,44,0.69,7,buy
8/27,5904,港商野村,1560,0,88,-88,1.37,7,sell
8/27,5904,元大證券,9800,224,184,40,0.62,8,buy
8/27,5904,元大-東港,0039003800390066,5,65,-60,0.94,8,sell
8/27,5904,凱基-三多,9275,35,1,34,0.53,9,buy
8/27,5904,華南永昌-南京,9326,5,55,-50,0.78,9,sell
8/27,5904,華南永昌-豐原,9366,34,0,34,0.53,10,buy
8/27,5904,康和-內湖,0038003400350041,3,47,-44,0.69,10,sell
8/27,5904,元大-西螺,0039003800310069,31,0,31,0.48,11,buy
8/27,5904,統一-高雄,5851,1,39,-38,0.59,11,sell
8/27,5904,國泰-松江,8883,35,8,27,0.42,12,buy
8/27,5904,康和-高雄,003800340035004a,2,40,-38,0.59,12,sell
8/27,5904,凱基-新豐,9266,29,2,27,0.42,13,buy
8/27,5904,富邦-台東,9608,1,32,-31,0.48,13,sell
8/27,5904,富邦-新店,9661,41,14,27,0.42,14,buy
8/27,5904,玉山-士林,0038003800340041,1,30,-29,0.45,14,sell
8/27,5904,富邦-陽明,9604,28,2,26,0.41,15,buy
8/27,5904,兆豐-新營,003700300030004b,11,38,-27,0.42,15,sell
8/27,2812,凱基-台北,9268,1617,546,1071,10.68,1,buy
8/27,2812,新光-桃園,8565,254,2200,-1946,19.41,1,sell
8/27,2812,新加坡商瑞銀,1650,782,136,646,6.44,2,buy
8/27,2812,元大-士林,003900380031006a,0,1538,-1538,15.34,2,sell
8/27,2812,元大證券,9800,1075,562,513,5.12,3,buy
8/27,2812,亞東-台中,2187,0,529,-529,5.28,3,sell
8/27,2812,美商高盛,1480,1531,1151,380,3.79,4,buy
8/27,2812,台灣摩根士丹利,1470,217,486,-269,2.68,4,sell
8/27,2812,凱基-桃園,9208,313,0,313,3.12,5,buy
8/27,2812,花旗環球,1590,29,192,-163,1.63,5,sell
8/27,2812,美林,1440,256,0,256,2.55,6,buy
8/27,2812,摩根大通,8440,365,500,-135,1.35,6,sell
8/27,2812,第一金-忠孝,0035003300380044,200,0,200,1.99,7,buy
8/27,2812,華南永昌-斗六,9327,1,100,-99,0.99,7,sell
8/27,2812,新光,8560,227,29,198,1.97,8,buy
8/27,2812,新光-台中,8561,11,109,-98,0.98,8,sell
8/27,2812,富邦-竹科,0039003600320043,202,5,197,1.96,9,buy
8/27,2812,大昌-新店,6464,16,100,-84,0.84,9,sell
8/27,2812,台新,0039004200300030,209,22,187,1.86,10,buy
8/27,2812,元大-南屯,9853,3,83,-80,0.8,10,sell
8/27,2812,美好-富順,003500320036004b,101,0,101,1.01,11,buy
8/27,2812,富邦-三重,9677,1,71,-70,0.7,11,sell
8/27,2812,凱基-羅東,9258,100,0,100,1.0,12,buy
8/27,2812,元大-新竹經國,9859,0,55,-55,0.55,12,sell
8/27,2812,台新-桃園,0039004200320076,69,0,69,0.69,13,buy
8/27,2812,臺銀-臺南,1042,5,55,-50,0.5,13,sell
8/27,2812,兆豐-台中港,7005,58,0,58,0.58,14,buy
8/27,2812,富邦-新莊,0039003600320044,1,50,-49,0.49,14,sell
8/27,2812,元大-鳳中,0039003800350043,55,0,55,0.55,15,buy
8/27,2812,元大-大益,9814,1,50,-49,0.49,15,sell
8/27,2610,元大-松江,9801,8510,38,8472,27.47,1,buy
8/27,2610,富邦-台中,003900360035004b,5,5013,-5008,16.24,1,sell
8/27,2610,宏遠-光隆,0031003200360069,3000,20,2980,9.66,2,buy
8/27,2610,美林,1440,120,5013,-4893,15.86,2,sell
8/27,2610,富邦證券,9600,2834,1,2833,9.19,3,buy
8/27,2610,凱基-台北,9268,915,2758,-1843,5.98,3,sell
8/27,2610,美商高盛,1480,3585,1671,1914,6.21,4,buy
8/27,2610,新加坡商瑞銀,1650,1324,2400,-1076,3.49,4,sell
8/27,2610,台灣摩根士丹利,1470,1854,1200,654,2.12,5,buy
8/27,2610,港商野村,1560,18,912,-894,2.9,5,sell
8/27,2610,富邦-新營,9693,286,3,283,0.92,6,buy
8/27,2610,元大證券,9800,1249,1811,-562,1.82,6,sell
8/27,2610,華南永昌-台中,9302,213,8,205,0.66,7,buy
8/27,2610,凱基-岡山,9209,0,450,-450,1.46,7,sell
8/27,2610,台灣企銀-嘉義,1114,200,0,200,0.65,8,buy
8/27,2610,凱基-南崁,9256,0,411,-411,1.33,8,sell
8/27,2610,永豐金-敦北,0039004100380039,171,23,148,0.48,9,buy
8/27,2610,新光,8560,227,550,-323,1.05,9,sell
8/27,2610,群益金鼎,9100,290,183,107,0.35,10,buy
8/27,2610,台新-台北,0039004200320030,0,250,-250,0.81,10,sell
8/27,2610,花旗環球,1590,92,3,89,0.29,11,buy
8/27,2610,富邦-和美,0039003600310050,7,203,-196,0.64,11,sell
8/27,2610,凱基-站前,0039003200300046,101,17,84,0.27,12,buy
8/27,2610,中國信託-高雄,003600310036004b,3,178,-175,0.57,12,sell
8/27,2610,元大-中山北路,0039003800300061,71,0,71,0.23,13,buy
8/27,2610,永豐金證券,0039004100300030,169,319,-150,0.49,13,sell
8/27,2610,玉山-信義,0038003800340043,68,1,67,0.22,14,buy
8/27,2610,群益金鼎-土城,003900310033004e,0,143,-143,0.46,14,sell
8/27,2610,永豐金-中正,0039004100390055,64,3,61,0.2,15,buy
8/27,2610,凱基,9200,20,136,-116,0.38,15,sell
8/27,5483,凱基-台北,9268,1339,608,731,6.21,1,buy
8/27,5483,國泰-敦南,8888,263,495,-232,1.97,1,sell
8/27,5483,元大證券,9800,1054,505,549,4.66,2,buy
8/27,5483,元大-豐原,9838,8,219,-211,1.79,2,sell
8/27,5483,港商野村,1560,452,70,382,3.24,3,buy
8/27,5483,美商高盛,1480,497,680,-183,1.55,3,sell
8/27,5483,美林,1440,515,147,368,3.12,4,buy
8/27,5483,富邦-岡山,9616,3,100,-97,0.82,4,sell
8/27,5483,台灣摩根士丹利,1470,1055,712,343,2.91,5,buy
8/27,5483,富邦-台南,9667,4,92,-88,0.75,5,sell
8/27,5483,新加坡商瑞銀,1650,685,464,221,1.88,6,buy
8/27,5483,國泰-台中,8882,54,121,-67,0.57,6,sell
8/27,5483,港商麥格理,1360,181,0,181,1.54,7,buy
8/27,5483,玉山-城中,0038003800340045,8,65,-57,0.48,7,sell
8/27,5483,摩根大通,8440,185,75,110,0.93,8,buy
8/27,5483,永豐金-內湖,0039004100390067,2,46,-44,0.37,8,sell
8/27,5483,永豐金-屏東,0039004100360039,115,22,93,0.79,9,buy
8/27,5483,群益金鼎-大甲,0039003100380067,23,66,-43,0.37,9,sell
8/27,5483,第一金-忠孝,0035003300380044,61,5,56,0.48,10,buy
8/27,5483,統一,5850,36,78,-42,0.36,10,sell
8/27,5483,元大-彰化民生,003900380039004a,57,6,51,0.43,11,buy
8/27,5483,富邦證券,9600,12,47,-35,0.3,11,sell
8/27,5483,康和,8450,30,0,30,0.25,12,buy
8/27,5483,統一-城中,5854,6,39,-33,0.28,12,sell
8/27,5483,台新-新竹,0039004200320047,26,0,26,0.22,13,buy
8/27,5483,凱基-站前,0039003200300046,21,54,-33,0.28,13,sell
8/27,5483,國票-九鼎,0037003700390050,34,8,26,0.22,14,buy
8/27,5483,華南永昌-苗栗,9362,2,32,-30,0.25,14,sell
8/27,5483,花旗環球,1590,35,12,23,0.2,15,buy
8/27,5483,中國信託-高雄,003600310036004b,9,39,-30,0.25,15,sell
8/27,2344,美商高盛,1480,12475,3543,8932,6.39,1,buy
8/27,2344,凱基-台北,9268,5260,7329,-2069,1.48,1,sell
8/27,2344,新加坡商瑞銀,1650,14145,5634,8511,6.09,2,buy
8/27,2344,國泰-敦南,8888,4235,5268,-1033,0.74,2,sell
8/27,2344,台灣摩根士丹利,1470,9380,2601,6779,4.85,3,buy
8/27,2344,宏遠-台中,003100320036004c,32,494,-462,0.33,3,sell
8/27,2344,摩根大通,8440,5974,942,5032,3.6,4,buy
8/27,2344,台新,0039004200300030,797,1253,-456,0.33,4,sell
8/27,2344,富邦證券,9600,3069,1027,2042,1.46,5,buy
8/27,2344,富邦-桃園,9665,79,438,-359,0.26,5,sell
8/27,2344,元大-館前,003900380034004b,1928,103,1825,1.31,6,buy
8/27,2344,宏遠-中和,0031003200360048,24,358,-334,0.24,6,sell
8/27,2344,美林,1440,3919,2787,1132,0.81,7,buy
8/27,2344,元大-中山北路,0039003800300061,201,532,-331,0.24,7,sell
8/27,2344,港商野村,1560,865,262,603,0.43,8,buy
8/27,2344,花旗環球,1590,338,630,-292,0.21,8,sell
8/27,2344,凱基,9200,549,20,529,0.38,9,buy
8/27,2344,國泰-板橋,003800380038004b,526,797,-271,0.19,9,sell
8/27,2344,元大證券,9800,12329,11965,364,0.26,10,buy
8/27,2344,國泰-台中,8882,721,991,-270,0.19,10,sell
8/27,2344,富邦-中壢,9636,542,361,181,0.13,11,buy
8/27,2344,新光,8560,816,1068,-252,0.18,11,sell
8/27,2344,合庫-西台中,0031003000320046,477,316,161,0.12,12,buy
8/27,2344,元大-新莊,9898,144,386,-242,0.17,12,sell
8/27,2344,元大-北投,0039003800390041,374,224,150,0.11,13,buy
8/27,2344,元大-竹北,0039003800310042,73,307,-234,0.17,13,sell
8/27,2344,群益金鼎-士林,9137,250,103,147,0.11,14,buy
8/27,2344,福邦證券,6480,2,228,-226,0.16,14,sell
8/27,2344,富隆證券,5110,130,0,130,0.09,15,buy
8/27,2344,美好-富順,003500320036004b,55,278,-223,0.16,15,sell
8/27,2027,富邦-永和,9654,640,38,602,3.35,1,buy
8/27,2027,新加坡商瑞銀,1650,272,1686,-1414,7.87,1,sell
8/27,2027,台新-台南,0039004200310036,579,1,578,3.22,2,buy
8/27,2027,永豐金證券,0039004100300030,98,1213,-1115,6.2,2,sell
8/27,2027,兆豐-台南,7006,352,10,342,1.9,3,buy
8/27,2027,凱基-台北,9268,870,1393,-523,2.91,3,sell
8/27,2027,永豐金-台南,0039004100390068,344,4,340,1.89,4,buy
8/27,2027,台灣摩根士丹利,1470,1001,1469,-468,2.6,4,sell
8/27,2027,元大-小港,003900380039005a,308,7,301,1.68,5,buy
8/27,2027,美商高盛,1480,921,1286,-365,2.03,5,sell
8/27,2027,臺銀-新竹,1045,302,3,299,1.66,6,buy
8/27,2027,摩根大通,8440,375,669,-294,1.64,6,sell
8/27,2027,花旗環球,1590,304,38,266,1.48,7,buy
8/27,2027,華南永昌-頭份,9343,4,277,-273,1.52,7,sell
8/27,2027,台新-大昌,0039004200320044,212,7,205,1.14,8,buy
8/27,2027,凱基,9200,11,264,-253,1.41,8,sell
8/27,2027,台灣企銀-岡山,1119,200,0,200,1.11,9,buy
8/27,2027,第一金-高雄,5383,1,221,-220,1.22,9,sell
8/27,2027,陽信-台南,8714,175,0,175,0.97,10,buy
8/27,2027,富邦證券,9600,3,223,-220,1.22,10,sell
8/27,2027,元大-新竹,9816,154,3,151,0.84,11,buy
8/27,2027,元大-善化,0039003800310079,11,188,-177,0.98,11,sell
8/27,2027,富邦-三重,9677,132,9,123,0.68,12,buy
8/27,2027,元大-竹科,003900380030004b,1,177,-176,0.98,12,sell
8/27,2027,兆豐證券,7000,126,22,104,0.58,13,buy
8/27,2027,玉山-嘉義,8848,9,168,-159,0.88,13,sell
8/27,2027,永豐金-三重,003900410039004b,108,5,103,0.57,14,buy
8/27,2027,合庫證券,1020,40,175,-135,0.75,14,sell
8/27,2027,宏遠-台中,003100320036004c,100,0,100,0.56,15,buy
8/27,2027,新光-高雄,8562,18,141,-123,0.68,15,sell
8/27,3231,美林,1440,3324,247,3077,6.07,1,buy
8/27,3231,台灣摩根士丹利,1470,1683,5212,-3529,6.96,1,sell
8/27,3231,凱基-士林,9238,1929,25,1904,3.75,2,buy
8/27,3231,元大證券,9800,3632,5835,-2203,4.34,2,sell
8/27,3231,新加坡商瑞銀,1650,3060,2496,564,1.11,3,buy
8/27,3231,凱基-台北,9268,1741,3116,-1375,2.71,3,sell
8/27,3231,國泰-敦南,8888,861,594,267,0.53,4,buy
8/27,3231,美商高盛,1480,5012,6360,-1348,2.66,4,sell
8/27,3231,亞東,2180,229,5,224,0.44,5,buy
8/27,3231,香港上海匯豐,8960,470,1500,-1030,2.03,5,sell
8/27,3231,國票-長城,0037003700390075,232,8,224,0.44,6,buy
8/27,3231,花旗環球,1590,176,1044,-868,1.71,6,sell
8/27,3231,群益金鼎-永和,003900310038004a,227,16,211,0.42,7,buy
8/27,3231,統一-新台中,0035003800350044,41,285,-244,0.48,7,sell
8/27,3231,國泰證券,8880,183,4,179,0.35,8,buy
8/27,3231,宏遠-台中,003100320036004c,5,194,-189,0.37,8,sell
8/27,3231,元大-敦南,0039003800390050,183,20,163,0.32,9,buy
8/27,3231,台新,0039004200300030,220,339,-119,0.23,9,sell
8/27,3231,元大-內湖民權,9867,173,17,156,0.31,10,buy
8/27,3231,兆豐-高雄,003700300030005a,20,114,-94,0.19,10,sell
8/27,3231,台新-建北,0039004200310038,168,24,144,0.28,11,buy
8/27,3231,港商野村,1560,828,898,-70,0.14,11,sell
8/27,3231,宏遠-民生,1261,133,3,130,0.26,12,buy
8/27,3231,摩根大通,8440,3290,3359,-69,0.14,12,sell
8/27,3231,富邦-永和,9654,260,138,122,0.24,13,buy
8/27,3231,台中銀,6110,39,96,-57,0.11,13,sell
8/27,3231,華南永昌,9300,145,56,89,0.18,14,buy
8/27,3231,國票-和平,003700370039006a,33,88,-55,0.11,14,sell
8/27,3231,元大-復北,9872,98,17,81,0.16,15,buy
8/27,3231,國泰-高雄,8881,77,129,-52,0.1,15,sell
8/27,2356,玉山證券,8840,389,15,374,2.71,1,buy
8/27,2356,台灣摩根士丹利,1470,87,1507,-1420,10.27,1,sell
8/27,2356,美商高盛,1480,1329,975,354,2.56,2,buy
8/27,2356,摩根大通,8440,322,1422,-1100,7.96,2,sell
8/27,2356,華南永昌,9300,224,5,219,1.58,3,buy
8/27,2356,凱基-台北,9268,346,1181,-835,6.04,3,sell
8/27,2356,元大-學甲,003900380033004b,147,11,136,0.98,4,buy
8/27,2356,元大證券,9800,420,1221,-801,5.79,4,sell
8/27,2356,華南永昌-竹北,9339,111,1,110,0.8,5,buy
8/27,2356,港商野村,1560,163,909,-746,5.4,5,sell
8/27,2356,元大-大統,003900380031007a,100,3,97,0.7,6,buy
8/27,2356,新加坡商瑞銀,1650,430,940,-510,3.69,6,sell
8/27,2356,統一-永和,0035003800350042,104,10,94,0.68,7,buy
8/27,2356,美林,1440,45,262,-217,1.57,7,sell
8/27,2356,陽信,8710,92,5,87,0.63,8,buy
8/27,2356,光和-溪湖,6381,14,200,-186,1.35,8,sell
8/27,2356,新光,8560,106,28,78,0.56,9,buy
8/27,2356,花旗環球,1590,167,329,-162,1.17,9,sell
8/27,2356,台新,0039004200300030,101,24,77,0.56,10,buy
8/27,2356,永豐金-板新,003900410039004a,17,115,-98,0.71,10,sell
8/27,2356,國泰-敦南,8888,452,378,74,0.54,11,buy
8/27,2356,富邦-花蓮,9621,20,83,-63,0.46,11,sell
8/27,2356,永豐金-中正,0039004100390055,70,0,70,0.51,12,buy
8/27,2356,富邦-頭份,0039003600320050,5,54,-49,0.35,12,sell
8/27,2356,合庫-台中,1021,71,2,69,0.5,13,buy
8/27,2356,國泰證券,8880,4,46,-42,0.3,13,sell
8/27,2356,元大-中壢,9834,73,5,68,0.49,14,buy
8/27,2356,中國信託-松江,6167,1,41,-40,0.29,14,sell
8/27,2356,富邦-苗栗,9657,68,1,67,0.48,15,buy
8/27,2356,華南永昌-鶯歌,9319,4,32,-28,0.2,15,sell
8/27,2884,台新-建北,0039004200310038,2371,0,2371,11.15,1,buy
8/27,2884,美商高盛,1480,1299,4545,-3246,15.27,1,sell
8/27,2884,富邦證券,9600,1764,3,1761,8.28,2,buy
8/27,2884,摩根大通,8440,1701,3067,-1366,6.43,2,sell
8/27,2884,統一,5850,1420,17,1403,6.6,3,buy
8/27,2884,凱基-台北,9268,480,1452,-972,4.57,3,sell
8/27,2884,康和,8450,540,0,540,2.54,4,buy
8/27,2884,元大證券,9800,486,1237,-751,3.53,4,sell
8/27,2884,花旗環球,1590,643,384,259,1.22,5,buy
8/27,2884,港商野村,1560,581,1280,-699,3.29,5,sell
8/27,2884,永豐金-匯立,0039004100380031,208,20,188,0.88,6,buy
8/27,2884,新加坡商瑞銀,1650,595,1210,-615,2.89,6,sell
8/27,2884,法銀巴黎,8900,140,0,140,0.66,7,buy
8/27,2884,美林,1440,3301,3777,-476,2.24,7,sell
8/27,2884,凱基-板橋,0039003200300041,150,16,134,0.63,8,buy
8/27,2884,國泰-忠孝,8887,11,413,-402,1.89,8,sell
8/27,2884,玉山-大里,003800380034004a,179,48,131,0.62,9,buy
8/27,2884,玉山-城中,0038003800340045,8,210,-202,0.95,9,sell
8/27,2884,香港上海匯豐,8960,108,0,108,0.51,10,buy
8/27,2884,港商麥格理,1360,33,177,-144,0.68,10,sell
8/27,2884,兆豐-大同,0037003000300053,109,4,105,0.49,11,buy
8/27,2884,新光-桃園,8565,7,104,-97,0.46,11,sell
8/27,2884,玉山證券,8840,122,28,94,0.44,12,buy
8/27,2884,兆豐-三重,7008,5,75,-70,0.33,12,sell
8/27,2884,永豐金-屏東,0039004100360039,90,0,90,0.42,13,buy
8/27,2884,元大-永康,9829,0,66,-66,0.31,13,sell
8/27,2884,台灣企銀-岡山,1119,94,10,84,0.4,14,buy
8/27,2884,元大-西屯,0039003800300077,0,62,-62,0.29,14,sell
8/27,2884,台新-板橋,0039004200320062,70,0,70,0.33,15,buy
8/27,2884,凱基-中山,9229,5,58,-53,0.25,15,sell
8/27,2880,摩根大通,8440,3552,521,3031,32.04,1,buy
8/27,2880,元大證券,9800,265,1254,-989,10.45,1,sell
8/27,2880,永豐金-匯立,0039004100380031,269,15,254,2.68,2,buy
8/27,2880,凱基-台北,9268,482,1425,-943,9.97,2,sell
8/27,2880,兆豐-寶成,0037003000300072,250,0,250,2.64,3,buy
8/27,2880,新加坡商瑞銀,1650,686,1626,-940,9.94,3,sell
8/27,2880,港商麥格理,1360,100,0,100,1.06,4,buy
8/27,2880,美商高盛,1480,278,553,-275,2.91,4,sell
8/27,2880,永豐金-桃園,0039004100390078,84,0,84,0.89,5,buy
8/27,2880,美林,1440,290,503,-213,2.25,5,sell
8/27,2880,國泰-敦南,8888,115,47,68,0.72,6,buy
8/27,2880,台灣摩根士丹利,1470,459,644,-185,1.96,6,sell
8/27,2880,富邦-新店,9661,60,5,55,0.58,7,buy
8/27,2880,群益金鼎-延平,0039003100380078,1,174,-173,1.83,7,sell
8/27,2880,元大-清水,0039003800300065,41,1,40,0.42,8,buy
8/27,2880,港商野村,1560,176,314,-138,1.46,8,sell
8/27,2880,統一-屏東,5859,84,47,37,0.39,9,buy
8/27,2880,花旗環球,1590,370,449,-79,0.84,9,sell
8/27,2880,台新-五權西,0039004200320035,34,0,34,0.36,10,buy
8/27,2880,國泰-台中,8882,12,75,-63,0.67,10,sell
8/27,2880,土銀-高雄,1033,30,0,30,0.32,11,buy
8/27,2880,香港上海匯豐,8960,57,115,-58,0.61,11,sell
8/27,2880,台新-台南,0039004200310036,31,1,30,0.32,12,buy
8/27,2880,富邦-永和,9654,58,109,-51,0.54,12,sell
8/27,2880,元大-永康,9829,30,0,30,0.32,13,buy
8/27,2880,康和,8450,0,47,-47,0.5,13,sell
8/27,2880,元大-台北,0039003800300068,31,2,29,0.31,14,buy
8/27,2880,華南永昌-小港,9323,8,54,-46,0.49,14,sell
8/27,2880,凱基,9200,26,0,26,0.27,15,buy
8/27,2880,統一,5850,5,43,-38,0.4,15,sell
8/27,1718,台中銀-台北,6115,11599,1,11598,45.73,1,buy
8/27,1718,德信,6910,0,11620,-11620,45.82,1,sell
8/27,1718,美商高盛,1480,1543,212,1331,5.25,2,buy
8/27,1718,華南永昌-東昇,9386,5,519,-514,2.03,2,sell
8/27,1718,花旗環球,1590,330,25,305,1.2,3,buy
8/27,1718,國泰-板橋,003800380038004b,209,554,-345,1.36,3,sell
8/27,1718,台灣摩根士丹利,1470,729,460,269,1.06,4,buy
8/27,1718,富邦-中壢,9636,5,264,-259,1.02,4,sell
8/27,1718,新光-高雄,8562,304,61,243,0.96,5,buy
8/27,1718,群益金鼎-開元,9134,15,203,-188,0.74,5,sell
8/27,1718,國票-南科,0037003700390065,225,8,217,0.86,6,buy
8/27,1718,凱基-台北,9268,1172,1291,-119,0.47,6,sell
8/27,1718,元大-內湖民權,9867,185,3,182,0.72,7,buy
8/27,1718,富邦-建國,9658,0,118,-118,0.47,7,sell
8/27,1718,國泰-敦南,8888,443,261,182,0.72,8,buy
8/27,1718,元大-新莊,9898,25,139,-114,0.45,8,sell
8/27,1718,北城證券,7750,150,22,128,0.5,9,buy
8/27,1718,新百王,6210,0,91,-91,0.36,9,sell
8/27,1718,台新,0039004200300030,199,92,107,0.42,10,buy
8/27,1718,元大-員林,9889,19,105,-86,0.34,10,sell
8/27,1718,新光,8560,141,37,104,0.41,11,buy
8/27,1718,元大-清水,0039003800300065,26,110,-84,0.33,11,sell
8/27,1718,新加坡商瑞銀,1650,134,31,103,0.41,12,buy
8/27,1718,摩根大通,8440,840,918,-78,0.31,12,sell
8/27,1718,土銀-白河,0031003000330043,102,1,101,0.4,13,buy
8/27,1718,元大-鳳山,003900380033005a,11,85,-74,0.29,13,sell
8/27,1718,港商野村,1560,95,0,95,0.37,14,buy
8/27,1718,玉山-桃園,0038003800340046,4,76,-72,0.28,14,sell
8/27,1718,元大-板橋,0039003800390043,180,88,92,0.36,15,buy
8/27,1718,美林,1440,238,310,-72,0.28,15,sell
8/27,4958,美商高盛,1480,3028,1242,1786,6.54,1,buy
8/27,4958,新加坡商瑞銀,1650,299,999,-700,2.56,1,sell
8/27,4958,台灣摩根士丹利,1470,1688,440,1248,4.57,2,buy
8/27,4958,凱基,9200,184,549,-365,1.34,2,sell
8/27,4958,摩根大通,8440,655,184,471,1.72,3,buy
8/27,4958,美林,1440,359,552,-193,0.71,3,sell
8/27,4958,港商野村,1560,546,91,455,1.67,4,buy
8/27,4958,國泰-敦南,8888,704,859,-155,0.57,4,sell
8/27,4958,元大證券,9800,2901,2528,373,1.37,5,buy
8/27,4958,凱基-台北,9268,1247,1387,-140,0.51,5,sell
8/27,4958,國泰證券,8880,200,30,170,0.62,6,buy
8/27,4958,元大-西屯,0039003800300077,58,174,-116,0.42,6,sell
8/27,4958,元大-鳳山,003900380033005a,227,81,146,0.53,7,buy
8/27,4958,富邦-公益,0039003600310046,16,132,-116,0.42,7,sell
8/27,4958,群益金鼎,9100,400,294,106,0.39,8,buy
8/27,4958,美好-富順,003500320036004b,4,108,-104,0.38,8,sell
8/27,4958,台新-五權西,0039004200320035,112,11,101,0.37,9,buy
8/27,4958,兆豐-桃鶯,0037003000300055,10,99,-89,0.33,9,sell
8/27,4958,福邦證券,6480,102,3,99,0.36,10,buy
8/27,4958,富邦-永和,9654,37,115,-78,0.29,10,sell
8/27,4958,永豐金證券,0039004100300030,288,190,98,0.36,11,buy
8/27,4958,國票-安和,003700370039005a,24,83,-59,0.22,11,sell
8/27,4958,法銀巴黎,8900,90,18,72,0.26,12,buy
8/27,4958,國泰-台中,8882,137,193,-56,0.21,12,sell
8/27,4958,台新,0039004200300030,216,173,43,0.16,13,buy
8/27,4958,永豐金-南京,0039004100390053,34,87,-53,0.19,13,sell
8/27,4958,兆豐-天母,003700300030004c,44,4,40,0.15,14,buy
8/27,4958,康和-澎湖,0038003400350045,6,55,-49,0.18,14,sell
8/27,4958,富邦-高雄,9659,56,17,39,0.14,15,buy
8/27,4958,康和,8450,17,66,-49,0.18,15,sell
8/27,5880,台灣摩根士丹利,1470,2375,182,2193,20.25,1,buy
8/27,5880,華南永昌,9300,2,2404,-2402,22.18,1,sell
8/27,5880,新加坡商瑞銀,1650,2172,228,1944,17.95,2,buy
8/27,5880,國泰證券,8880,8,1000,-992,9.16,2,sell
8/27,5880,元大證券,9800,1503,82,1421,13.12,3,buy
8/27,5880,美商高盛,1480,578,927,-349,3.22,3,sell
8/27,5880,摩根大通,8440,796,69,727,6.71,4,buy
8/27,5880,凱基-豐中,9223,1,151,-150,1.38,4,sell
8/27,5880,土銀-台中,1031,181,7,174,1.61,5,buy
8/27,5880,富邦-敦南,9663,0,104,-104,0.96,5,sell
8/27,5880,元大-台南,9896,140,7,133,1.23,6,buy
8/27,5880,元大-上新莊,0039003800330047,0,100,-100,0.92,6,sell
8/27,5880,華南永昌-基隆,9322,130,10,120,1.11,7,buy
8/27,5880,國泰-敦南,8888,38,127,-89,0.82,7,sell
8/27,5880,兆豐-民生,0037003000300063,77,0,77,0.71,8,buy
8/27,5880,永豐金-三重,003900410039004b,0,87,-87,0.8,8,sell
8/27,5880,國泰-忠孝,8887,60,6,54,0.5,9,buy
8/27,5880,群益金鼎-古亭,0039003100380043,0,75,-75,0.69,9,sell
8/27,5880,香港上海匯豐,8960,52,0,52,0.48,10,buy
8/27,5880,元大-新莊,9898,2,76,-74,0.68,10,sell
8/27,5880,富邦-樹林,0039003600320045,53,2,51,0.47,11,buy
8/27,5880,群益金鼎-瑞豐,0039003100380075,0,70,-70,0.65,11,sell
8/27,5880,華南永昌-世貿,9334,50,0,50,0.46,12,buy
8/27,5880,華南永昌-三重,9369,0,66,-66,0.61,12,sell
8/27,5880,合庫-嘉義,1024,101,55,46,0.42,13,buy
8/27,5880,港商野村,1560,0,66,-66,0.61,13,sell
8/27,5880,玉山-景美,8849,53,13,40,0.37,14,buy
8/27,5880,臺銀-高雄,0031003000340043,11,73,-62,0.57,14,sell
8/27,5880,元大-內湖,003900380039004e,40,3,37,0.34,15,buy
8/27,5880,永豐金-匯立,0039004100380031,0,62,-62,0.57,15,sell
8/27,6005,美林,1440,484,149,335,6.49,1,buy
8/27,6005,台新-板橋,0039004200320062,5,885,-880,17.06,1,sell
8/27,6005,美商高盛,1480,677,347,330,6.4,2,buy
8/27,6005,臺銀,1040,1,176,-175,3.39,2,sell
8/27,6005,摩根大通,8440,294,50,244,4.73,3,buy
8/27,6005,港商野村,1560,9,112,-103,2.0,3,sell
8/27,6005,台灣摩根士丹利,1470,418,240,178,3.45,4,buy
8/27,6005,凱基-站前,0039003200300046,0,86,-86,1.67,4,sell
8/27,6005,台新,0039004200300030,282,115,167,3.24,5,buy
8/27,6005,香港上海匯豐,8960,5,82,-77,1.49,5,sell
8/27,6005,凱基-台北,9268,322,170,152,2.95,6,buy
8/27,6005,元大-新竹經國,9859,0,64,-64,1.24,6,sell
8/27,6005,群益金鼎-東門,0039003100380044,111,0,111,2.15,7,buy
8/27,6005,國泰-敦南,8888,16,74,-58,1.12,7,sell
8/27,6005,新加坡商瑞銀,1650,304,239,65,1.26,8,buy
8/27,6005,第一金-大稻埕,0035003300380046,0,50,-50,0.97,8,sell
8/27,6005,花旗環球,1590,71,10,61,1.18,9,buy
8/27,6005,永豐金-高雄,0039004100390065,0,50,-50,0.97,9,sell
8/27,6005,國泰-松江,8883,61,0,61,1.18,10,buy
8/27,6005,富邦-永和,9654,13,61,-48,0.93,10,sell
8/27,6005,凱基-嘉義,9252,60,0,60,1.16,11,buy
8/27,6005,聯邦-大業,8586,0,47,-47,0.91,11,sell
8/27,6005,元大-台南,9896,54,0,54,1.05,12,buy
8/27,6005,新光-台中,8561,7,50,-43,0.83,12,sell
8/27,6005,元大-彰化,0039003800310047,55,5,50,0.97,13,buy
8/27,6005,富邦-台南,9667,0,38,-38,0.74,13,sell
8/27,6005,元大-高雄,003900380031006d,50,2,48,0.93,14,buy
8/27,6005,富邦-港都,0039003600320051,0,33,-33,0.64,14,sell
8/27,6005,宏遠-桃園,1262,43,0,43,0.83,15,buy
8/27,6005,凱基-台南,9211,22,55,-33,0.64,15,sell
8/27,8069,富邦證券,9600,1013,27,986,15.98,1,buy
8/27,8069,港商野村,1560,26,922,-896,14.52,1,sell
8/27,8069,元大證券,9800,917,507,410,6.65,2,buy
8/27,8069,摩根大通,8440,57,766,-709,11.49,2,sell
8/27,8069,台灣摩根士丹利,1470,549,147,402,6.52,3,buy
8/27,8069,新加坡商瑞銀,1650,141,815,-674,10.93,3,sell
8/27,8069,台新-府城,0039004200320039,100,0,100,1.62,4,buy
8/27,8069,凱基-台北,9268,380,654,-274,4.44,4,sell
8/27,8069,群益金鼎-大安,0039003100380065,68,0,68,1.1,5,buy
8/27,8069,美林,1440,0,219,-219,3.55,5,sell
8/27,8069,新光,8560,62,2,60,0.97,6,buy
8/27,8069,大和國泰,8890,0,177,-177,2.87,6,sell
8/27,8069,永豐金-匯立,0039004100380031,58,0,58,0.94,7,buy
8/27,8069,美商高盛,1480,542,680,-138,2.24,7,sell
8/27,8069,華南永昌-長虹,9333,53,0,53,0.86,8,buy
8/27,8069,港商麥格理,1360,0,56,-56,0.91,8,sell
8/27,8069,國泰-敦南,8888,74,23,51,0.83,9,buy
8/27,8069,臺銀,1040,6,51,-45,0.73,9,sell
8/27,8069,台新-台南,0039004200310036,34,0,34,0.55,10,buy
8/27,8069,永豐金-三重,003900410039004b,1,40,-39,0.63,10,sell
8/27,8069,凱基-三重,9205,30,0,30,0.49,11,buy
8/27,8069,花旗環球,1590,83,115,-32,0.52,11,sell
8/27,8069,富邦-台北,9623,25,2,23,0.37,12,buy
8/27,8069,富邦-木柵,003900360031004d,5,33,-28,0.45,12,sell
8/27,8069,永豐金-新竹,0039004100390037,20,0,20,0.32,13,buy
8/27,8069,玉山-新莊,8842,6,31,-25,0.41,13,sell
8/27,8069,中國信託-新竹,6165,20,1,19,0.31,14,buy
8/27,8069,合庫-台中,1021,6,29,-23,0.37,14,sell
8/27,8069,元大-四維,9831,29,12,17,0.28,15,buy
8/27,8069,永豐金-板新,003900410039004a,3,24,-21,0.34,15,sell
8/27,2885,花旗環球,1590,2974,363,2611,20.45,1,buy
8/27,2885,摩根大通,8440,860,2402,-1542,12.08,1,sell
8/27,2885,美商高盛,1480,1547,146,1401,10.97,2,buy
8/27,2885,台灣摩根士丹利,1470,1006,1278,-272,2.13,2,sell
8/27,2885,凱基-台北,9268,846,446,400,3.13,3,buy
8/27,2885,元大證券,9800,354,617,-263,2.06,3,sell
8/27,2885,港商野村,1560,311,0,311,2.44,4,buy
8/27,2885,永豐金-鳳山,0039004100360031,0,200,-200,1.57,4,sell
8/27,2885,香港上海匯豐,8960,230,0,230,1.8,5,buy
8/27,2885,凱基,9200,23,180,-157,1.23,5,sell
8/27,2885,永豐金-板新,003900410039004a,205,5,200,1.57,6,buy
8/27,2885,元大-基隆,0039003800390059,0,150,-150,1.17,6,sell
8/27,2885,永豐金-匯立,0039004100380031,205,14,191,1.5,7,buy
8/27,2885,新加坡商瑞銀,1650,726,875,-149,1.17,7,sell
8/27,2885,美林,1440,591,486,105,0.82,8,buy
8/27,2885,華南永昌-嘉義,9314,1,112,-111,0.87,8,sell
8/27,2885,元大-旗山,003900380031006e,102,0,102,0.8,9,buy
8/27,2885,華南永昌-大安,9307,0,106,-106,0.83,9,sell
8/27,2885,玉山-高雄,8843,101,29,72,0.56,10,buy
8/27,2885,新光,8560,39,144,-105,0.82,10,sell
8/27,2885,元大-大同,0039003800390047,74,6,68,0.53,11,buy
8/27,2885,凱基-信義,9216,2,105,-103,0.81,11,sell
8/27,2885,第一金-中山,5389,58,0,58,0.45,12,buy
8/27,2885,富邦-板橋,9655,15,106,-91,0.71,12,sell
8/27,2885,兆豐-中壢,0037003000300062,51,2,49,0.38,13,buy
8/27,2885,國泰-台中,8882,17,107,-90,0.7,13,sell
8/27,2885,康和,8450,38,0,38,0.3,14,buy
8/27,2885,國泰-敦南,8888,61,140,-79,0.62,14,sell
8/27,2885,台新-敦南,0039004200320051,30,0,30,0.23,15,buy
8/27,2885,凱基-高雄,9206,50,123,-73,0.57,15,sell
8/27,2481,中國信託,6160,724,56,668,1.84,1,buy
8/27,2481,元大證券,9800,3526,9975,-6449,17.76,1,sell
8/27,2481,國票-長城,0037003700390075,528,2,526,1.45,2,buy
8/27,2481,富邦證券,9600,158,1378,-1220,3.36,2,sell
8/27,2481,凱基-台北,9268,2594,2103,491,1.35,3,buy
8/27,2481,台灣摩根士丹利,1470,283,975,-692,1.91,3,sell
8/27,2481,美商高盛,1480,2342,1999,343,0.94,4,buy
8/27,2481,摩根大通,8440,603,1112,-509,1.4,4,sell
8/27,2481,國泰-敦南,8888,1030,733,297,0.82,5,buy
8/27,2481,台新,0039004200300030,196,661,-465,1.28,5,sell
8/27,2481,美林,1440,562,359,203,0.56,6,buy
8/27,2481,凱基,9200,13,400,-387,1.07,6,sell
8/27,2481,兆豐-大安,003700300030006a,204,4,200,0.55,7,buy
8/27,2481,群益金鼎-永和,003900310038004a,31,291,-260,0.72,7,sell
8/27,2481,富邦-木柵,003900360031004d,197,7,190,0.52,8,buy
8/27,2481,台新-建北,0039004200310038,27,158,-131,0.36,8,sell
8/27,2481,新加坡商瑞銀,1650,873,687,186,0.51,9,buy
8/27,2481,元大-彰化民生,003900380039004a,53,164,-111,0.31,9,sell
8/27,2481,港商野村,1560,321,151,170,0.47,10,buy
8/27,2481,元大-北港,9837,21,125,-104,0.29,10,sell
8/27,2481,永豐金證券,0039004100300030,301,132,169,0.47,11,buy
8/27,2481,兆豐-台中,7003,9,103,-94,0.26,11,sell
8/27,2481,第一金-台南,5384,308,139,169,0.47,12,buy
8/27,2481,元大-松江,9801,14,75,-61,0.17,12,sell
8/27,2481,元大-中崙,9813,400,252,148,0.41,13,buy
8/27,2481,群益金鼎-民權,9131,44,105,-61,0.17,13,sell
8/27,2481,統一-城中,5854,148,8,140,0.39,14,buy
8/27,2481,永豐金-永康,0039004100390063,55,109,-54,0.15,14,sell
8/27,2481,凱基-三重,9205,115,11,104,0.29,15,buy
8/27,2481,兆豐證券,7000,9,62,-53,0.15,15,sell
8/27,6239,國泰-敦南,8888,924,426,498,1.6,1,buy
8/27,6239,美商高盛,1480,331,3857,-3526,11.36,1,sell
8/27,6239,群益金鼎-新竹,9186,450,17,433,1.4,2,buy
8/27,6239,台灣摩根士丹利,1470,168,2465,-2297,7.4,2,sell
8/27,6239,統一-城中,5854,270,10,260,0.84,3,buy
8/27,6239,新加坡商瑞銀,1650,429,2695,-2266,7.3,3,sell
8/27,6239,新光,8560,331,101,230,0.74,4,buy
8/27,6239,摩根大通,8440,93,2341,-2248,7.24,4,sell
8/27,6239,中國信託,6160,231,35,196,0.63,5,buy
8/27,6239,凱基-台北,9268,724,2319,-1595,5.14,5,sell
8/27,6239,日茂,5960,160,1,159,0.51,6,buy
8/27,6239,元大證券,9800,1796,2729,-933,3.01,6,sell
8/27,6239,國泰-台中,8882,207,67,140,0.45,7,buy
8/27,6239,康和,8450,32,666,-634,2.04,7,sell
8/27,6239,臺銀-新竹,1045,129,2,127,0.41,8,buy
8/27,6239,美林,1440,101,566,-465,1.5,8,sell
8/27,6239,國泰-板橋,003800380038004b,197,75,122,0.39,9,buy
8/27,6239,凱基,9200,25,408,-383,1.23,9,sell
8/27,6239,台新-大裕,003900420032006c,120,3,117,0.38,10,buy
8/27,6239,富邦證券,9600,75,448,-373,1.2,10,sell
8/27,6239,富邦-虎尾,9697,111,1,110,0.35,11,buy
8/27,6239,群益金鼎-台北,0039003100380058,3,319,-316,1.02,11,sell
8/27,6239,元大-大雅,0039003800330069,129,19,110,0.35,12,buy
8/27,6239,永豐金證券,0039004100300030,205,482,-277,0.89,12,sell
8/27,6239,富邦-七賢,003900360031004b,118,13,105,0.34,13,buy
8/27,6239,新光-新竹,8563,91,352,-261,0.84,13,sell
8/27,6239,台新,0039004200300030,235,132,103,0.33,14,buy
8/27,6239,兆豐-民生,0037003000300063,19,253,-234,0.75,14,sell
8/27,6239,華南永昌-台中,9302,132,32,100,0.32,15,buy
8/27,6239,永豐金-信義,0039004100390052,3,155,-152,0.49,15,sell
8/27,2449,美商高盛,1480,1775,443,1332,10.18,1,buy
8/27,2449,凱基-台北,9268,491,1355,-864,6.6,1,sell
8/27,2449,新加坡商瑞銀,1650,1577,332,1245,9.51,2,buy
8/27,2449,台灣摩根士丹利,1470,32,840,-808,6.17,2,sell
8/27,2449,元大證券,9800,1928,1119,809,6.18,3,buy
8/27,2449,永豐金-桃盛,003900410039004e,7,535,-528,4.03,3,sell
8/27,2449,凱基,9200,377,8,369,2.82,4,buy
8/27,2449,美林,1440,120,556,-436,3.33,4,sell
8/27,2449,國票-敦北法人,0037003700390063,256,0,256,1.96,5,buy
8/27,2449,花旗環球,1590,60,334,-274,2.09,5,sell
8/27,2449,群益金鼎,9100,277,162,115,0.88,6,buy
8/27,2449,永豐金證券,0039004100300030,87,351,-264,2.02,6,sell
8/27,2449,華南永昌-竹北,9339,109,4,105,0.8,7,buy
8/27,2449,摩根大通,8440,70,232,-162,1.24,7,sell
8/27,2449,統一-南京,0035003800350055,101,5,96,0.73,8,buy
8/27,2449,元大-竹科,003900380030004b,58,164,-106,0.81,8,sell
8/27,2449,永豐金-大園,0039004100390038,83,6,77,0.59,9,buy
8/27,2449,華南永昌-大安,9307,7,104,-97,0.74,9,sell
8/27,2449,國泰-松江,8883,72,14,58,0.44,10,buy
8/27,2449,群益金鼎-忠孝,0039003100380057,1,91,-90,0.69,10,sell
8/27,2449,元大-林森,0039003800330042,46,0,46,0.35,11,buy
8/27,2449,富邦-桃園,9665,11,85,-74,0.57,11,sell
8/27,2449,兆豐證券,7000,55,15,40,0.31,12,buy
8/27,2449,台新-五權西,0039004200320035,1,51,-50,0.38,12,sell
8/27,2449,華南永昌,9300,78,39,39,0.3,13,buy
8/27,2449,台新-台北,0039004200320030,4,46,-42,0.32,13,sell
8/27,2449,國票證券,7790,34,5,29,0.22,14,buy
8/27,2449,法銀巴黎,8900,1,39,-38,0.29,14,sell
8/27,2449,合庫證券,1020,28,5,23,0.18,15,buy
8/27,2449,台新,0039004200300030,94,132,-38,0.29,15,sell
8/27,5388,群益金鼎-西松,9136,92,0,92,3.82,1,buy
8/27,5388,新加坡商瑞銀,1650,56,345,-289,12.0,1,sell
8/27,5388,安泰,8380,60,0,60,2.49,2,buy
8/27,5388,香港上海匯豐,8960,0,116,-116,4.82,2,sell
8/27,5388,福邦-新竹,6489,40,0,40,1.66,3,buy
8/27,5388,凱基-台北,9268,198,295,-97,4.03,3,sell
8/27,5388,凱基-桃園,9208,39,1,38,1.58,4,buy
8/27,5388,台新-板橋,0039004200320062,0,56,-56,2.33,4,sell
8/27,5388,元大-內湖民權,9867,51,20,31,1.29,5,buy
8/27,5388,元大證券,9800,13,63,-50,2.08,5,sell
8/27,5388,合庫-彰化,1028,30,0,30,1.25,6,buy
8/27,5388,摩根大通,8440,52,99,-47,1.95,6,sell
8/27,5388,凱基-雙和,0039003200300043,23,0,23,0.96,7,buy
8/27,5388,國票-新莊,0037003700390047,0,39,-39,1.62,7,sell
8/27,5388,台新,0039004200300030,22,1,21,0.87,8,buy
8/27,5388,永豐金證券,0039004100300030,21,57,-36,1.5,8,sell
8/27,5388,美商高盛,1480,147,126,21,0.87,9,buy
8/27,5388,富邦-彰化,0039003600350055,1,25,-24,1.0,9,sell
8/27,5388,群益金鼎-宜蘭,003900310038007a,21,0,21,0.87,10,buy
8/27,5388,玉山-新莊,8842,0,20,-20,0.83,10,sell
8/27,5388,元大-板橋三民,9879,21,1,20,0.83,11,buy
8/27,5388,華南永昌-林口,9317,25,45,-20,0.83,11,sell
8/27,5388,台新-烏日,0039004200320063,20,0,20,0.83,12,buy
8/27,5388,第一金-大稻埕,0035003300380046,0,18,-18,0.75,12,sell
8/27,5388,國票-內壢,7798,16,0,16,0.66,13,buy
8/27,5388,富邦-永和,9654,2,19,-17,0.71,13,sell
8/27,5388,土銀-新竹,1035,15,0,15,0.62,14,buy
8/27,5388,國泰-板橋,003800380038004b,5,21,-16,0.66,14,sell
8/27,5388,凱基-中山,9229,15,0,15,0.62,15,buy
8/27,5388,國票-台東,7791,0,15,-15,0.62,15,sell
8/27,2892,凱基-台北,9268,5064,1551,3513,13.24,1,buy
8/27,2892,台新,0039004200300030,116,9881,-9765,36.79,1,sell
8/27,2892,美商高盛,1480,3475,708,2767,10.43,2,buy
8/27,2892,富邦證券,9600,591,4292,-3701,13.94,2,sell
8/27,2892,台灣摩根士丹利,1470,2869,148,2721,10.25,3,buy
8/27,2892,國泰證券,8880,5,2000,-1995,7.52,3,sell
8/27,2892,美林,1440,1904,0,1904,7.17,4,buy
8/27,2892,兆豐證券,7000,0,1000,-1000,3.77,4,sell
8/27,2892,摩根大通,8440,2064,197,1867,7.03,5,buy
8/27,2892,(牛牛牛)亞-鑫豐,0036003000310064,4,207,-203,0.76,5,sell
8/27,2892,新加坡商瑞銀,1650,1799,647,1152,4.34,6,buy
8/27,2892,國泰-桃園,8885,18,215,-197,0.74,6,sell
8/27,2892,玉山-景美,8849,813,12,801,3.02,7,buy
8/27,2892,(牛牛牛)亞-網路,6012,10,190,-180,0.68,7,sell
8/27,2892,港商野村,1560,523,7,516,1.94,8,buy
8/27,2892,富邦-南京,0039003600310043,1,146,-145,0.55,8,sell
8/27,2892,花旗環球,1590,704,221,483,1.82,9,buy
8/27,2892,土銀-台中,1031,0,138,-138,0.52,9,sell
8/27,2892,元大證券,9800,851,491,360,1.36,10,buy
8/27,2892,第一金-桃園,5385,2,118,-116,0.44,10,sell
8/27,2892,兆豐-寶成,0037003000300072,300,3,297,1.12,11,buy
8/27,2892,第一金-中山,5389,27,101,-74,0.28,11,sell
8/27,2892,群益金鼎,9100,573,312,261,0.98,12,buy
8/27,2892,兆豐-台中,7003,0,64,-64,0.24,12,sell
8/27,2892,元大-林森,0039003800330042,150,0,150,0.57,13,buy
8/27,2892,兆豐-板橋,0037003000300042,10,71,-61,0.23,13,sell
8/27,2892,口袋證券,6620,140,1,139,0.52,14,buy
8/27,2892,華南永昌-岡山,9324,0,58,-58,0.22,14,sell
8/27,2892,永豐金證券,0039004100300030,167,37,130,0.49,15,buy
8/27,2892,元大-六合,0039003800320043,0,50,-50,0.19,15,sell
8/27,2890,新加坡商瑞銀,1650,4250,1043,3207,19.51,1,buy
8/27,2890,摩根大通,8440,1469,3292,-1823,11.09,1,sell
8/27,2890,美林,1440,2635,256,2379,14.48,2,buy
8/27,2890,兆豐-高雄,003700300030005a,10,634,-624,3.8,2,sell
8/27,2890,美商高盛,1480,2031,1363,668,4.06,3,buy
8/27,2890,凱基-新莊,0039003200310053,1,304,-303,1.84,3,sell
8/27,2890,花旗環球,1590,875,294,581,3.54,4,buy
8/27,2890,台新,0039004200300030,11,280,-269,1.64,4,sell
8/27,2890,凱基-台北,9268,668,414,254,1.55,5,buy
8/27,2890,永豐金-台中,003900410039004c,11,246,-235,1.43,5,sell
8/27,2890,港商野村,1560,203,26,177,1.08,6,buy
8/27,2890,永豐金-鳳山,0039004100360031,1,212,-211,1.28,6,sell
8/27,2890,凱基-站前,0039003200300046,117,11,106,0.64,7,buy
8/27,2890,元大證券,9800,1136,1319,-183,1.11,7,sell
8/27,2890,香港上海匯豐,8960,93,9,84,0.51,8,buy
8/27,2890,台新-高雄,0039004200310067,2,154,-152,0.92,8,sell
8/27,2890,國票-台中,0037003700390076,80,0,80,0.49,9,buy
8/27,2890,華南永昌-竹北,9339,0,150,-150,0.91,9,sell
8/27,2890,台灣企銀-岡山,1119,87,15,72,0.44,10,buy
8/27,2890,致和-高雄,7036,0,145,-145,0.88,10,sell
8/27,2890,永豐金-匯立,0039004100380031,44,12,32,0.19,11,buy
8/27,2890,富邦-仁愛,9676,11,147,-136,0.83,11,sell
8/27,2890,第一金-台南,5384,32,0,32,0.19,12,buy
8/27,2890,台新-城東,0039004200320072,17,143,-126,0.77,12,sell
8/27,2890,大昌-新店,6464,31,0,31,0.19,13,buy
8/27,2890,永豐金-中正,0039004100390055,8,127,-119,0.72,13,sell
8/27,2890,統一-高雄,5851,30,0,30,0.18,14,buy
8/27,2890,富邦-花蓮,9621,0,106,-106,0.64,14,sell
8/27,2890,法銀巴黎,8900,23,0,23,0.14,15,buy
8/27,2890,台新-桃園,0039004200320076,0,101,-101,0.61,15,sell
8/27,1815,新加坡商瑞銀,1650,2656,1532,1124,1.47,1,buy
8/27,1815,元大證券,9800,8295,10216,-1921,2.51,1,sell
8/27,1815,台灣摩根士丹利,1470,3330,2599,731,0.96,2,buy
8/27,1815,國票-安和,003700370039005a,59,1173,-1114,1.46,2,sell
8/27,1815,國泰-敦南,8888,2514,1951,563,0.74,3,buy
8/27,1815,富邦-嘉義,9692,70,1058,-988,1.29,3,sell
8/27,1815,美商高盛,1480,3360,2921,439,0.57,4,buy
8/27,1815,永豐金-敦南,0039004100380046,225,1146,-921,1.21,4,sell
8/27,1815,元大-大天母,9893,454,21,433,0.57,5,buy
8/27,1815,永豐金-敦北,0039004100380039,68,938,-870,1.14,5,sell
8/27,1815,台新-敦南,0039004200320051,469,68,401,0.52,6,buy
8/27,1815,群益金鼎-大安,0039003100380065,298,929,-631,0.83,6,sell
8/27,1815,玉山-嘉義,8848,332,69,263,0.34,7,buy
8/27,1815,統一,5850,490,1091,-601,0.79,7,sell
8/27,1815,港商野村,1560,320,73,247,0.32,8,buy
8/27,1815,群益金鼎,9100,370,811,-441,0.58,8,sell
8/27,1815,凱基-高雄,9206,306,67,239,0.31,9,buy
8/27,1815,國票-敦北法人,0037003700390063,7,424,-417,0.55,9,sell
8/27,1815,新光,8560,842,634,208,0.27,10,buy
8/27,1815,兆豐證券,7000,11,411,-400,0.52,10,sell
8/27,1815,台新-台南,0039004200310036,413,209,204,0.27,11,buy
8/27,1815,凱基-松山,9217,306,590,-284,0.37,11,sell
8/27,1815,群益金鼎-彰化,9187,222,45,177,0.23,12,buy
8/27,1815,富邦證券,9600,761,986,-225,0.29,12,sell
8/27,1815,中國信託,6160,331,163,168,0.22,13,buy
8/27,1815,國泰-板橋,003800380038004b,438,650,-212,0.28,13,sell
8/27,1815,合庫證券,1020,192,43,149,0.19,14,buy
8/27,1815,富邦-木柵,003900360031004d,25,223,-198,0.26,14,sell
8/27,1815,國泰證券,8880,233,92,141,0.18,15,buy
8/27,1815,康和-台北,0038003400350055,69,260,-191,0.25,15,sell
8/27,4938,新加坡商瑞銀,1650,1001,240,761,18.56,1,buy
8/27,4938,元大證券,9800,199,798,-599,14.61,1,sell
8/27,4938,美林,1440,412,18,394,9.61,2,buy
8/27,4938,台灣摩根士丹利,1470,12,564,-552,13.46,2,sell
8/27,4938,永豐金證券,0039004100300030,228,12,216,5.27,3,buy
8/27,4938,美商高盛,1480,291,515,-224,5.46,3,sell
8/27,4938,花旗環球,1590,202,106,96,2.34,4,buy
8/27,4938,光和-溪湖,6381,0,114,-114,2.78,4,sell
8/27,4938,富邦-陽明,9604,84,4,80,1.95,5,buy
8/27,4938,凱基-東港,9212,0,100,-100,2.44,5,sell
8/27,4938,凱基-湖口,003900320030004e,74,0,74,1.8,6,buy
8/27,4938,摩根大通,8440,190,244,-54,1.32,6,sell
8/27,4938,第一金-路竹,0035003300380050,60,1,59,1.44,7,buy
8/27,4938,港商野村,1560,2,45,-43,1.05,7,sell
8/27,4938,凱基-台北,9268,298,245,53,1.29,8,buy
8/27,4938,凱基-新莊,0039003200310053,0,30,-30,0.73,8,sell
8/27,4938,群益金鼎-萬華,0039003100330049,30,0,30,0.73,9,buy
8/27,4938,元大-板橋,0039003800390043,3,33,-30,0.73,9,sell
8/27,4938,富邦-板橋,9655,39,13,26,0.63,10,buy
8/27,4938,國泰-台中,8882,1,26,-25,0.61,10,sell
8/27,4938,香港上海匯豐,8960,24,0,24,0.59,11,buy
8/27,4938,永豐金-松山,0039004100390031,7,20,-13,0.32,11,sell
8/27,4938,中國信託,6160,23,1,22,0.54,12,buy
8/27,4938,群益金鼎-館前,0039003100330059,1,12,-11,0.27,12,sell
8/27,4938,合庫-台南,1022,20,0,20,0.49,13,buy
8/27,4938,富邦-永和,9654,6,16,-10,0.24,13,sell
8/27,4938,統一-台中,5856,16,0,16,0.39,14,buy
8/27,4938,合庫-高雄,1023,0,10,-10,0.24,14,sell
8/27,4938,新光-台中,8561,22,7,15,0.37,15,buy
8/27,4938,福勝,6950,0,10,-10,0.24,15,sell
8/27,4979,統一,5850,999,201,798,2.72,1,buy
8/27,4979,美林,1440,250,596,-346,1.18,1,sell
8/27,4979,美商高盛,1480,1878,1219,659,2.24,2,buy
8/27,4979,凱基-信義,9216,23,247,-224,0.76,2,sell
8/27,4979,群益金鼎,9100,908,388,520,1.77,3,buy
8/27,4979,凱基-台北,9268,1328,1527,-199,0.68,3,sell
8/27,4979,凱基-站前,0039003200300046,704,205,499,1.7,4,buy
8/27,4979,台灣摩根士丹利,1470,328,522,-194,0.66,4,sell
8/27,4979,元大證券,9800,2898,2440,458,1.56,5,buy
8/27,4979,國票證券,7790,38,170,-132,0.45,5,sell
8/27,4979,富邦證券,9600,552,145,407,1.39,6,buy
8/27,4979,康和,8450,12,141,-129,0.44,6,sell
8/27,4979,永豐金證券,0039004100300030,484,195,289,0.98,7,buy
8/27,4979,國泰-敦南,8888,774,888,-114,0.39,7,sell
8/27,4979,群益金鼎-大安,0039003100380065,216,14,202,0.69,8,buy
8/27,4979,永豐金-信義,0039004100390052,19,130,-111,0.38,8,sell
8/27,4979,群益金鼎-台北,0039003100380058,524,367,157,0.53,9,buy
8/27,4979,凱基,9200,113,223,-110,0.37,9,sell
8/27,4979,華南永昌,9300,230,74,156,0.53,10,buy
8/27,4979,新加坡商瑞銀,1650,137,239,-102,0.35,10,sell
8/27,4979,國票-敦北法人,0037003700390063,167,12,155,0.53,11,buy
8/27,4979,元大-松江,9801,29,127,-98,0.33,11,sell
8/27,4979,國泰證券,8880,290,135,155,0.53,12,buy
8/27,4979,國票-安和,003700370039005a,42,137,-95,0.32,12,sell
8/27,4979,兆豐證券,7000,227,88,139,0.47,13,buy
8/27,4979,台新-板橋,0039004200320062,24,90,-66,0.22,13,sell
8/27,4979,宏遠證券,1260,138,31,107,0.36,14,buy
8/27,4979,兆豐-民生,0037003000300063,17,82,-65,0.22,14,sell
8/27,4979,中國信託,6160,162,92,70,0.24,15,buy
8/27,4979,華南永昌-南京,9326,17,81,-64,0.22,15,sell
8/27,2313,台灣摩根士丹利,1470,7307,1894,5413,8.75,1,buy
8/27,2313,國泰-敦南,8888,956,2052,-1096,1.77,1,sell
8/27,2313,富邦證券,9600,3472,233,3239,5.23,2,buy
8/27,2313,元大-西屯,0039003800300077,13,443,-430,0.69,2,sell
8/27,2313,凱基-城中,9227,2281,40,2241,3.62,3,buy
8/27,2313,富邦-建國,9658,47,457,-410,0.66,3,sell
8/27,2313,統一,5850,1892,178,1714,2.77,4,buy
8/27,2313,國泰證券,8880,73,457,-384,0.62,4,sell
8/27,2313,國票-敦北法人,0037003700390063,1628,8,1620,2.62,5,buy
8/27,2313,永豐金-大園,0039004100390038,32,373,-341,0.55,5,sell
8/27,2313,新加坡商瑞銀,1650,2275,774,1501,2.43,6,buy
8/27,2313,凱基-林口,9257,6,283,-277,0.45,6,sell
8/27,2313,國票-安和,003700370039005a,1420,200,1220,1.97,7,buy
8/27,2313,兆豐-寶成,0037003000300072,37,299,-262,0.42,7,sell
8/27,2313,元大證券,9800,5379,4240,1139,1.84,8,buy
8/27,2313,國泰-台中,8882,222,481,-259,0.42,8,sell
8/27,2313,美林,1440,1432,372,1060,1.71,9,buy
8/27,2313,國泰-松江,8883,53,304,-251,0.41,9,sell
8/27,2313,美商高盛,1480,1992,1174,818,1.32,10,buy
8/27,2313,新光,8560,236,474,-238,0.38,10,sell
8/27,2313,元大-土城永寧,9875,858,73,785,1.27,11,buy
8/27,2313,永豐金-桃園,0039004100390078,42,267,-225,0.36,11,sell
8/27,2313,群益金鼎,9100,1417,648,769,1.24,12,buy
8/27,2313,摩根大通,8440,868,1088,-220,0.36,12,sell
8/27,2313,凱基-台北,9268,4009,3242,767,1.24,13,buy
8/27,2313,富邦-桃園,9665,50,268,-218,0.35,13,sell
8/27,2313,統一-城中,5854,713,52,661,1.07,14,buy
8/27,2313,國泰-板橋,003800380038004b,100,315,-215,0.35,14,sell
8/27,2313,康和,8450,571,20,551,0.89,15,buy
8/27,2313,大和國泰,8890,0,214,-214,0.35,15,sell
8/27,2855,摩根大通,8440,494,56,438,13.8,1,buy
8/27,2855,統一-三重,003500380035004a,0,52,-52,1.64,1,sell
8/27,2855,新加坡商瑞銀,1650,344,20,324,10.2,2,buy
8/27,2855,群益金鼎-敦南,9101,0,51,-51,1.61,2,sell
8/27,2855,美商高盛,1480,359,79,280,8.82,3,buy
8/27,2855,統一-中壢,5853,0,48,-48,1.51,3,sell
8/27,2855,元大證券,9800,198,99,99,3.12,4,buy
8/27,2855,華南永昌-大安,9307,18,63,-45,1.42,4,sell
8/27,2855,元大-士林,003900380031006a,105,6,99,3.12,5,buy
8/27,2855,富邦-板橋,9655,10,52,-42,1.32,5,sell
8/27,2855,華南永昌,9300,100,8,92,2.9,6,buy
8/27,2855,華南永昌-岡山,9324,3,44,-41,1.29,6,sell
8/27,2855,國泰-松江,8883,85,0,85,2.68,7,buy
8/27,2855,華南永昌-中正,9359,0,40,-40,1.26,7,sell
8/27,2855,凱基-台北,9268,407,349,58,1.83,8,buy
8/27,2855,永豐金-復興,003900410039005a,0,40,-40,1.26,8,sell
8/27,2855,凱基-三重,9205,54,4,50,1.57,9,buy
8/27,2855,台新-五權西,0039004200320035,0,40,-40,1.26,9,sell
8/27,2855,台灣摩根士丹利,1470,156,110,46,1.45,10,buy
8/27,2855,統一-南京,0035003800350055,0,37,-37,1.17,10,sell
8/27,2855,台新-台北,0039004200320030,31,0,31,0.98,11,buy
8/27,2855,富邦-頭份,0039003600320050,2,35,-33,1.04,11,sell
8/27,2855,玉山-桃園,0038003800340046,30,1,29,0.91,12,buy
8/27,2855,元大-南投,0039003800310044,0,32,-32,1.01,12,sell
8/27,2855,元大-桃園,0039003800380042,20,0,20,0.63,13,buy
8/27,2855,國票-內壢,7798,0,30,-30,0.94,13,sell
8/27,2855,元大-彰化民生,003900380039004a,20,0,20,0.63,14,buy
8/27,2855,宏遠-桃園,1262,0,30,-30,0.94,14,sell
8/27,2855,凱基-台南,9211,20,1,19,0.6,15,buy
8/27,2855,富邦-永和,9654,0,28,-28,0.88,15,sell
8/27,2542,兆豐證券,7000,495,8,487,14.45,1,buy
8/27,2542,新加坡商瑞銀,1650,37,415,-378,11.21,1,sell
8/27,2542,美林,1440,206,15,191,5.67,2,buy
8/27,2542,美商高盛,1480,133,439,-306,9.08,2,sell
8/27,2542,合庫證券,1020,125,2,123,3.65,3,buy
8/27,2542,中國信託,6160,11,181,-170,5.04,3,sell
8/27,2542,港商麥格理,1360,90,0,90,2.67,4,buy
8/27,2542,台灣摩根士丹利,1470,161,302,-141,4.18,4,sell
8/27,2542,口袋證券,6620,65,0,65,1.93,5,buy
8/27,2542,台新-成功,003900420032006d,7,59,-52,1.54,5,sell
8/27,2542,凱基-台北,9268,269,223,46,1.36,6,buy
8/27,2542,華南永昌-虎尾,9377,0,45,-45,1.33,6,sell
8/27,2542,宏遠證券,1260,46,0,46,1.36,7,buy
8/27,2542,群益金鼎-民權,9131,4,44,-40,1.19,7,sell
8/27,2542,新光-台中,8561,47,2,45,1.33,8,buy
8/27,2542,華南永昌-中正,9359,3,40,-37,1.1,8,sell
8/27,2542,統一-士林,003500380035004d,40,0,40,1.19,9,buy
8/27,2542,摩根大通,8440,142,177,-35,1.04,9,sell
8/27,2542,永豐金證券,0039004100300030,54,20,34,1.01,10,buy
8/27,2542,永豐金-松山,0039004100390031,0,34,-34,1.01,10,sell
8/27,2542,國泰-板橋,003800380038004b,37,13,24,0.71,11,buy
8/27,2542,港商野村,1560,0,32,-32,0.95,11,sell
8/27,2542,華南永昌-民權,9312,22,0,22,0.65,12,buy
8/27,2542,統一-新台中,0035003800350044,0,30,-30,0.89,12,sell
8/27,2542,台新-中原,0039004200320067,21,0,21,0.62,13,buy
8/27,2542,台新-安南,003900420032005a,0,30,-30,0.89,13,sell
8/27,2542,凱基-湖口,003900320030004e,20,0,20,0.59,14,buy
8/27,2542,元大-員林,9889,0,29,-29,0.86,14,sell
8/27,2542,統一-內湖,0035003800350062,20,1,19,0.56,15,buy
8/27,2542,花旗環球,1590,2,29,-27,0.8,15,sell
8/27,3105,元大證券,9800,8724,3023,5701,15.19,1,buy
8/27,3105,凱基-台北,9268,1810,4450,-2640,7.03,1,sell
8/27,3105,國票-安和,003700370039005a,2845,34,2811,7.49,2,buy
8/27,3105,國泰-敦南,8888,561,1007,-446,1.19,2,sell
8/27,3105,摩根大通,8440,1576,362,1214,3.23,3,buy
8/27,3105,國泰-板橋,003800380038004b,97,251,-154,0.41,3,sell
8/27,3105,台新,0039004200300030,1339,218,1121,2.99,4,buy
8/27,3105,元大-北投,0039003800390041,57,207,-150,0.4,4,sell
8/27,3105,富邦-新店,9661,930,79,851,2.27,5,buy
8/27,3105,新光,8560,161,299,-138,0.37,5,sell
8/27,3105,台灣摩根士丹利,1470,1570,819,751,2.0,6,buy
8/27,3105,富邦-台北,9623,33,164,-131,0.35,6,sell
8/27,3105,新加坡商瑞銀,1650,1172,434,738,1.97,7,buy
8/27,3105,富邦-建國,9658,31,155,-124,0.33,7,sell
8/27,3105,美林,1440,975,241,734,1.96,8,buy
8/27,3105,國泰-台中,8882,94,210,-116,0.31,8,sell
8/27,3105,國票-敦北法人,0037003700390063,544,42,502,1.34,9,buy
8/27,3105,國泰-館前,0038003800380041,65,176,-111,0.3,9,sell
8/27,3105,富邦證券,9600,854,362,492,1.31,10,buy
8/27,3105,玉山-信義,0038003800340043,17,126,-109,0.29,10,sell
8/27,3105,統一,5850,582,138,444,1.18,11,buy
8/27,3105,台新-大裕,003900420032006c,19,122,-103,0.27,11,sell
8/27,3105,康和,8450,277,9,268,0.71,12,buy
8/27,3105,凱基-站前,0039003200300046,51,153,-102,0.27,12,sell
8/27,3105,美商高盛,1480,1690,1483,207,0.55,13,buy
8/27,3105,國泰-高雄,8881,39,139,-100,0.27,13,sell
8/27,3105,福邦證券,6480,202,3,199,0.53,14,buy
8/27,3105,玉山-台中,0038003800340042,58,152,-94,0.25,14,sell
8/27,3105,元大-士林,003900380031006a,211,30,181,0.48,15,buy
8/27,3105,玉山-新莊,8842,31,124,-93,0.25,15,sell
8/27,3211,永豐金證券,0039004100300030,3257,456,2801,15.91,1,buy
8/27,3211,摩根大通,8440,84,1053,-969,5.5,1,sell
8/27,3211,國票-敦北法人,0037003700390063,1053,14,1039,5.9,2,buy
8/27,3211,美商高盛,1480,382,956,-574,3.26,2,sell
8/27,3211,國泰證券,8880,579,63,516,2.93,3,buy
8/27,3211,台灣摩根士丹利,1470,175,708,-533,3.03,3,sell
8/27,3211,凱基,9200,343,33,310,1.76,4,buy
8/27,3211,美林,1440,2,321,-319,1.81,4,sell
8/27,3211,台新,0039004200300030,464,180,284,1.61,5,buy
8/27,3211,國票-安和,003700370039005a,4,296,-292,1.66,5,sell
8/27,3211,統一,5850,360,84,276,1.57,6,buy
8/27,3211,港商野村,1560,37,190,-153,0.87,6,sell
8/27,3211,凱基-信義,9216,148,5,143,0.81,7,buy
8/27,3211,新加坡商瑞銀,1650,97,229,-132,0.75,7,sell
8/27,3211,凱基-站前,0039003200300046,143,45,98,0.56,8,buy
8/27,3211,元大-大灣,9815,104,166,-62,0.35,8,sell
8/27,3211,國票證券,7790,96,30,66,0.37,9,buy
8/27,3211,華南永昌-斗六,9327,11,69,-58,0.33,9,sell
8/27,3211,統一-三重,003500380035004a,75,22,53,0.3,10,buy
8/27,3211,群益金鼎-古亭,0039003100380043,4,57,-53,0.3,10,sell
8/27,3211,元大-北屯,0039003800390064,48,9,39,0.22,11,buy
8/27,3211,玉山-台南,8847,10,58,-48,0.27,11,sell
8/27,3211,第一金-台中,5382,41,4,37,0.21,12,buy
8/27,3211,凱基-台北,9268,1052,1097,-45,0.26,12,sell
8/27,3211,陽信-高雄,8713,35,2,33,0.19,13,buy
8/27,3211,元大證券,9800,1465,1509,-44,0.25,13,sell
8/27,3211,台新-大裕,003900420032006c,46,17,29,0.16,14,buy
8/27,3211,凱基-三重,9205,6,49,-43,0.24,14,sell
8/27,3211,台中銀,6110,39,11,28,0.16,15,buy
8/27,3211,華南永昌,9300,20,61,-41,0.23,15,sell
8/27,8150,兆豐-台中,7003,523,3,520,3.11,1,buy
8/27,8150,美商高盛,1480,417,2344,-1927,11.53,1,sell
8/27,8150,國泰-敦南,8888,640,482,158,0.95,2,buy
8/27,8150,台灣摩根士丹利,1470,269,902,-633,3.79,2,sell
8/27,8150,新光,8560,217,111,106,0.63,3,buy
8/27,8150,摩根大通,8440,53,579,-526,3.15,3,sell
8/27,8150,高橋-龍潭,5321,100,4,96,0.57,4,buy
8/27,8150,凱基-台北,9268,882,1094,-212,1.27,4,sell
8/27,8150,富邦-台北,9623,123,45,78,0.47,5,buy
8/27,8150,新加坡商瑞銀,1650,160,351,-191,1.14,5,sell
8/27,8150,元大證券,9800,1534,1469,65,0.39,6,buy
8/27,8150,永豐金-新店,0039004100390069,7,107,-100,0.6,6,sell
8/27,8150,元大-沙鹿,0039003800300064,72,15,57,0.34,7,buy
8/27,8150,永豐金證券,0039004100300030,128,227,-99,0.59,7,sell
8/27,8150,國泰-館前,0038003800380041,102,46,56,0.33,8,buy
8/27,8150,美林,1440,84,150,-66,0.39,8,sell
8/27,8150,兆豐-員林,003700300030006b,46,3,43,0.26,9,buy
8/27,8150,元大-忠孝,9871,16,82,-66,0.39,9,sell
8/27,8150,凱基-台南,9211,114,72,42,0.25,10,buy
8/27,8150,群益金鼎,9100,264,328,-64,0.38,10,sell
8/27,8150,富邦-板橋,9655,54,16,38,0.23,11,buy
8/27,8150,元大-桃園,0039003800380042,14,62,-48,0.29,11,sell
8/27,8150,元大-民雄,0039003800310056,45,8,37,0.22,12,buy
8/27,8150,永豐金-內湖,0039004100390067,141,182,-41,0.25,12,sell
8/27,8150,群益金鼎-宜蘭,003900310038007a,41,4,37,0.22,13,buy
8/27,8150,中國信託-文心,6164,18,56,-38,0.23,13,sell
8/27,8150,香港上海匯豐,8960,36,0,36,0.22,14,buy
8/27,8150,統一-桃園,0035003800350048,18,56,-38,0.23,14,sell
8/27,8150,元大-樹林,003900380039006a,46,11,35,0.21,15,buy
8/27,8150,台新,0039004200300030,110,143,-33,0.2,15,sell
8/27,5347,台灣摩根士丹利,1470,1169,150,1019,9.31,1,buy
8/27,5347,新加坡商瑞銀,1650,329,2458,-2129,19.44,1,sell
8/27,5347,摩根大通,8440,842,242,600,5.48,2,buy
8/27,5347,元大證券,9800,592,1715,-1123,10.26,2,sell
8/27,5347,美林,1440,459,46,413,3.77,3,buy
8/27,5347,第一金,5380,100,638,-538,4.91,3,sell
8/27,5347,美商高盛,1480,711,357,354,3.23,4,buy
8/27,5347,國泰證券,8880,4,133,-129,1.18,4,sell
8/27,5347,凱基-台北,9268,1093,795,298,2.72,5,buy
8/27,5347,凱基,9200,0,128,-128,1.17,5,sell
8/27,5347,花旗環球,1590,216,53,163,1.49,6,buy
8/27,5347,港商野村,1560,6,130,-124,1.13,6,sell
8/27,5347,康和,8450,108,1,107,0.98,7,buy
8/27,5347,富邦證券,9600,152,270,-118,1.08,7,sell
8/27,5347,國泰-館前,0038003800380041,112,19,93,0.85,8,buy
8/27,5347,國票-敦北法人,0037003700390063,0,100,-100,0.91,8,sell
8/27,5347,玉山證券,8840,244,160,84,0.77,9,buy
8/27,5347,國泰-敦南,8888,154,205,-51,0.47,9,sell
8/27,5347,元大-內湖,003900380039004e,56,3,53,0.48,10,buy
8/27,5347,元大-竹科,003900380030004b,3,53,-50,0.46,10,sell
8/27,5347,元大-大天母,9893,65,13,52,0.47,11,buy
8/27,5347,凱基-大里,0039003200300057,5,38,-33,0.3,11,sell
8/27,5347,永豐金證券,0039004100300030,102,65,37,0.34,12,buy
8/27,5347,土銀-台南,1032,0,20,-20,0.18,12,sell
8/27,5347,元大-清水,0039003800300065,32,1,31,0.28,13,buy
8/27,5347,台新-高雄,0039004200310067,24,43,-19,0.17,13,sell
8/27,5347,元大-嘉義,0039003800390067,92,63,29,0.26,14,buy
8/27,5347,玉山-士林,0038003800340041,12,29,-17,0.16,14,sell
8/27,5347,國泰-板橋,003800380038004b,55,26,29,0.26,15,buy
8/27,5347,元大-彰化,0039003800310047,4,20,-16,0.15,15,sell
8/27,8358,台灣摩根士丹利,1470,1875,344,1531,3.97,1,buy
8/27,8358,國泰證券,8880,30,278,-248,0.64,1,sell
8/27,8358,元大證券,9800,4821,3612,1209,3.13,2,buy
8/27,8358,國泰-敦南,8888,1044,1283,-239,0.62,2,sell
8/27,8358,凱基-信義,9216,1026,36,990,2.56,3,buy
8/27,8358,群益金鼎-台北,0039003100380058,9,215,-206,0.53,3,sell
8/27,8358,美林,1440,1046,94,952,2.47,4,buy
8/27,8358,兆豐-台中,7003,33,177,-144,0.37,4,sell
8/27,8358,美商高盛,1480,1067,578,489,1.27,5,buy
8/27,8358,台新-西松,003900420032006e,130,240,-110,0.28,5,sell
8/27,8358,凱基,9200,319,106,213,0.55,6,buy
8/27,8358,群益金鼎-大安,0039003100380065,81,188,-107,0.28,6,sell
8/27,8358,富邦-南屯,9666,277,66,211,0.55,7,buy
8/27,8358,統一-城中,5854,21,119,-98,0.25,7,sell
8/27,8358,新加坡商瑞銀,1650,821,623,198,0.51,8,buy
8/27,8358,中國信託-高雄,003600310036004b,56,135,-79,0.2,8,sell
8/27,8358,國票-安和,003700370039005a,243,61,182,0.47,9,buy
8/27,8358,新光,8560,274,348,-74,0.19,9,sell
8/27,8358,元大-大安,003900380033004e,220,42,178,0.46,10,buy
8/27,8358,玉山-雙和,8841,33,99,-66,0.17,10,sell
8/27,8358,兆豐-新竹,0037003000300056,214,42,172,0.45,11,buy
8/27,8358,富邦-台北,9623,56,119,-63,0.16,11,sell
8/27,8358,港商麥格理,1360,148,16,132,0.34,12,buy
8/27,8358,台新,0039004200300030,266,328,-62,0.16,12,sell
8/27,8358,國票-敦北法人,0037003700390063,196,71,125,0.32,13,buy
8/27,8358,國泰-新莊,8886,62,119,-57,0.15,13,sell
8/27,8358,永豐金證券,0039004100300030,388,283,105,0.27,14,buy
8/27,8358,台新-安南,003900420032005a,19,73,-54,0.14,14,sell
8/27,8358,凱基-永和,9207,98,5,93,0.24,15,buy
8/27,8358,兆豐-埔墘,003700300030004e,13,66,-53,0.14,15,sell
8/27,2637,美商高盛,1480,788,328,460,6.65,1,buy
8/27,2637,元大-天母,0039003800310049,5,368,-363,5.25,1,sell
8/27,2637,元大證券,9800,913,557,356,5.15,2,buy
8/27,2637,中國信託-新竹,6165,50,103,-53,0.77,2,sell
8/27,2637,花旗環球,1590,283,11,272,3.93,3,buy
8/27,2637,國票-敦北法人,0037003700390063,0,53,-53,0.77,3,sell
8/27,2637,摩根大通,8440,261,43,218,3.15,4,buy
8/27,2637,美林,1440,96,149,-53,0.77,4,sell
8/27,2637,台灣摩根士丹利,1470,568,359,209,3.02,5,buy
8/27,2637,富邦-八德,0039003600330041,1,52,-51,0.74,5,sell
8/27,2637,新加坡商瑞銀,1650,319,172,147,2.13,6,buy
8/27,2637,國泰-台中,8882,13,62,-49,0.71,6,sell
8/27,2637,永豐金-竹科,0039004100390058,84,3,81,1.17,7,buy
8/27,2637,玉山-嘉義,8848,18,65,-47,0.68,7,sell
8/27,2637,香港上海匯豐,8960,47,0,47,0.68,8,buy
8/27,2637,凱基-基隆,0039003200300048,38,80,-42,0.61,8,sell
8/27,2637,台新-大昌,0039004200320044,49,11,38,0.55,9,buy
8/27,2637,聯邦-台南,8588,0,40,-40,0.58,9,sell
8/27,2637,凱基-台北,9268,660,624,36,0.52,10,buy
8/27,2637,富邦-新板,0039003600310048,5,41,-36,0.52,10,sell
8/27,2637,中國信託-永康,6163,35,2,33,0.48,11,buy
8/27,2637,元大-草屯,0039003800390045,9,43,-34,0.49,11,sell
8/27,2637,元大-屏東民生,0039003800310068,29,0,29,0.42,12,buy
8/27,2637,臺銀-民權,1043,13,47,-34,0.49,12,sell
8/27,2637,統一,5850,53,24,29,0.42,13,buy
8/27,2637,凱基-新莊,0039003200310053,64,97,-33,0.48,13,sell
8/27,2637,凱基,9200,25,0,25,0.36,14,buy
8/27,2637,統一-內湖,0035003800350062,2,34,-32,0.46,14,sell
8/27,2637,永豐金-匯立,0039004100380031,24,0,24,0.35,15,buy
8/27,2637,台新-城中,0039004200320045,3,34,-31,0.45,15,sell
8/27,6505,台灣摩根士丹利,1470,2545,58,2487,13.47,1,buy
8/27,6505,台新-建北,0039004200310038,5,510,-505,2.74,1,sell
8/27,6505,美商高盛,1480,3304,839,2465,13.35,2,buy
8/27,6505,美林,1440,398,809,-411,2.23,2,sell
8/27,6505,摩根大通,8440,1333,3,1330,7.2,3,buy
8/27,6505,合庫-台中,1021,4,220,-216,1.17,3,sell
8/27,6505,新加坡商瑞銀,1650,1469,283,1186,6.42,4,buy
8/27,6505,香港上海匯豐,8960,0,200,-200,1.08,4,sell
8/27,6505,元大證券,9800,1100,446,654,3.54,5,buy
8/27,6505,統一-內湖,0035003800350062,5,152,-147,0.8,5,sell
8/27,6505,兆豐-忠孝,0037003000300061,527,36,491,2.66,6,buy
8/27,6505,國泰-敦南,8888,326,460,-134,0.73,6,sell
8/27,6505,富邦證券,9600,153,46,107,0.58,7,buy
8/27,6505,國泰-板橋,003800380038004b,23,134,-111,0.6,7,sell
8/27,6505,富邦-屏東,0039003600310059,100,2,98,0.53,8,buy
8/27,6505,富邦-陽明,9604,9,114,-105,0.57,8,sell
8/27,6505,凱基,9200,85,0,85,0.46,9,buy
8/27,6505,玉山-數位,003800380034004d,27,127,-100,0.54,9,sell
8/27,6505,華南永昌,9300,120,46,74,0.4,10,buy
8/27,6505,兆豐-新莊,0037003000300077,65,156,-91,0.49,10,sell
8/27,6505,凱基-站前,0039003200300046,94,34,60,0.33,11,buy
8/27,6505,凱基-台北,9268,768,855,-87,0.47,11,sell
8/27,6505,台新-中港,0039004200320069,58,3,55,0.3,12,buy
8/27,6505,聯邦-雙和,8584,0,83,-83,0.45,12,sell
8/27,6505,港商野村,1560,50,0,50,0.27,13,buy
8/27,6505,元大-清水,0039003800300065,15,97,-82,0.44,13,sell
8/27,6505,美好-蘆洲,5261,64,19,45,0.24,14,buy
8/27,6505,國泰-高雄,8881,5,82,-77,0.42,14,sell
8/27,6505,第一金-中山,5389,46,4,42,0.23,15,buy
8/27,6505,群益金鼎-板橋,0039003100380042,0,75,-75,0.41,15,sell
8/27,3293,台灣摩根士丹利,1470,456,214,242,8.21,1,buy
8/27,3293,凱基,9200,0,600,-600,20.37,1,sell
8/27,3293,凱基-台北,9268,303,89,214,7.26,2,buy
8/27,3293,國泰證券,8880,4,601,-597,20.26,2,sell
8/27,3293,花旗環球,1590,80,12,68,2.31,3,buy
8/27,3293,元大證券,9800,124,231,-107,3.63,3,sell
8/27,3293,新光,8560,72,12,60,2.04,4,buy
8/27,3293,摩根大通,8440,103,164,-61,2.07,4,sell
8/27,3293,美林,1440,112,56,56,1.9,5,buy
8/27,3293,美商高盛,1480,146,162,-16,0.54,5,sell
8/27,3293,(牛牛牛)亞-鑫豐,0036003000310064,52,1,51,1.73,6,buy
8/27,3293,元大-學甲,003900380033004b,0,14,-14,0.48,6,sell
8/27,3293,國泰-敦南,8888,50,19,31,1.05,7,buy
8/27,3293,兆豐-虎尾,0037003000300046,0,12,-12,0.41,7,sell
8/27,3293,元大-羅東,0039003800320041,25,0,25,0.85,8,buy
8/27,3293,台新-城東,0039004200320072,6,18,-12,0.41,8,sell
8/27,3293,永豐金-天母,0039004100390047,26,1,25,0.85,9,buy
8/27,3293,台新,0039004200300030,9,21,-12,0.41,9,sell
8/27,3293,凱基-城中,9227,22,0,22,0.75,10,buy
8/27,3293,彰銀-台中,1233,2,11,-9,0.31,10,sell
8/27,3293,元大-桃興,9894,20,1,19,0.64,11,buy
8/27,3293,兆豐-公益,003700300030004a,3,11,-8,0.27,11,sell
8/27,3293,凱基-竹科,9272,16,0,16,0.54,12,buy
8/27,3293,永豐金-匯立,0039004100380031,0,7,-7,0.24,12,sell
8/27,3293,法銀巴黎,8900,16,0,16,0.54,13,buy
8/27,3293,永豐金-松山,0039004100390031,8,15,-7,0.24,13,sell
8/27,3293,永豐金證券,0039004100300030,28,15,13,0.44,14,buy
8/27,3293,兆豐-東門,0037003000300048,0,7,-7,0.24,14,sell
8/27,3293,元大-福營,0039003800310046,13,0,13,0.44,15,buy
8/27,3293,元大-敦化,9833,0,7,-7,0.24,15,sell
8/27,2337,美林,1440,5221,806,4415,10.31,1,buy
8/27,2337,富邦-永和,9654,198,1201,-1003,2.34,1,sell
8/27,2337,台灣摩根士丹利,1470,3854,937,2917,6.81,2,buy
8/27,2337,摩根大通,8440,336,1319,-983,2.3,2,sell
8/27,2337,美商高盛,1480,2524,1567,957,2.24,3,buy
8/27,2337,凱基-台北,9268,2829,3204,-375,0.88,3,sell
8/27,2337,新加坡商瑞銀,1650,2441,1656,785,1.83,4,buy
8/27,2337,國泰-敦南,8888,948,1285,-337,0.79,4,sell
8/27,2337,富隆證券,5110,200,0,200,0.47,5,buy
8/27,2337,台新,0039004200300030,331,525,-194,0.45,5,sell
8/27,2337,元大-新生,0039003800310058,204,8,196,0.46,6,buy
8/27,2337,兆豐-民生,0037003000300063,17,171,-154,0.36,6,sell
8/27,2337,新光,8560,522,335,187,0.44,7,buy
8/27,2337,國泰-松江,8883,49,177,-128,0.3,7,sell
8/27,2337,台灣企銀-豐原,1118,105,6,99,0.23,8,buy
8/27,2337,玉山-大里,003800380034004a,40,143,-103,0.24,8,sell
8/27,2337,凱基-民權,0039003200310043,137,65,72,0.17,9,buy
8/27,2337,玉山證券,8840,66,158,-92,0.21,9,sell
8/27,2337,新百王,6210,187,133,54,0.13,10,buy
8/27,2337,國票證券,7790,9,97,-88,0.21,10,sell
8/27,2337,宏遠-高雄,0031003200360051,72,19,53,0.12,11,buy
8/27,2337,玉山-左營,0038003800340044,20,99,-79,0.18,11,sell
8/27,2337,元大證券,9800,4419,4368,51,0.12,12,buy
8/27,2337,元大-大里德芳,0039003800330057,45,122,-77,0.18,12,sell
8/27,2337,高橋,5320,78,28,50,0.12,13,buy
8/27,2337,富邦-陽明,9604,36,109,-73,0.17,13,sell
8/27,2337,永豐金-永康,0039004100390063,69,20,49,0.11,14,buy
8/27,2337,富邦證券,9600,253,325,-72,0.17,14,sell
8/27,2337,群益金鼎-大甲,0039003100380067,65,19,46,0.11,15,buy
8/27,2337,永豐金證券,0039004100300030,116,189,-73,0.17,15,sell
8/27,8028,統一,5850,57,1,56,2.96,1,buy
8/27,8028,台灣摩根士丹利,1470,35,209,-174,9.18,1,sell
8/27,8028,凱基-中山,9229,40,2,38,2.01,2,buy
8/27,8028,美商高盛,1480,58,171,-113,5.96,2,sell
8/27,8028,元大-新盛,9869,38,1,37,1.95,3,buy
8/27,8028,富邦證券,9600,11,71,-60,3.17,3,sell
8/27,8028,統一-三多,0035003800350051,31,0,31,1.64,4,buy
8/27,8028,元大證券,9800,107,152,-45,2.37,4,sell
8/27,8028,元大-樹林,003900380039006a,31,0,31,1.64,5,buy
8/27,8028,富邦-永和,9654,1,28,-27,1.42,5,sell
8/27,8028,凱基-台北,9268,190,163,27,1.42,6,buy
8/27,8028,台新-台中,0039004200310068,2,27,-25,1.32,6,sell
8/27,8028,凱基-竹科,9272,23,0,23,1.21,7,buy
8/27,8028,群益金鼎-萬華,0039003100330049,0,20,-20,1.06,7,sell
8/27,8028,第一金-台南,5384,22,1,21,1.11,8,buy
8/27,8028,新光,8560,21,38,-17,0.9,8,sell
8/27,8028,摩根大通,8440,62,42,20,1.06,9,buy
8/27,8028,元大-松山,0039003800310070,0,15,-15,0.79,9,sell
8/27,8028,玉山-雙和,8841,20,5,15,0.79,10,buy
8/27,8028,新加坡商瑞銀,1650,4,17,-13,0.69,10,sell
8/27,8028,永豐金-內湖,0039004100390067,18,4,14,0.74,11,buy
8/27,8028,第一金-自由,0035003300380045,0,11,-11,0.58,11,sell
8/27,8028,凱基,9200,14,0,14,0.74,12,buy
8/27,8028,美林,1440,8,19,-11,0.58,12,sell
8/27,8028,中國信託-嘉義,6168,16,2,14,0.74,13,buy
8/27,8028,群益金鼎-南京,0039003100380045,0,10,-10,0.53,13,sell
8/27,8028,美好-蘆洲,5261,12,2,10,0.53,14,buy
8/27,8028,群益金鼎-高盛,9105,0,10,-10,0.53,14,sell
8/27,8028,港商野村,1560,10,0,10,0.53,15,buy
8/27,8028,兆豐-中壢,0037003000300062,0,9,-9,0.47,15,sell
8/27,6147,港商野村,1560,1308,30,1278,1.8,1,buy
8/27,6147,富邦-新店,9661,319,2405,-2086,2.94,1,sell
8/27,6147,凱基,9200,1198,209,989,1.39,2,buy
8/27,6147,美商高盛,1480,1681,3514,-1833,2.58,2,sell
8/27,6147,永豐金證券,0039004100300030,1609,644,965,1.36,3,buy
8/27,6147,凱基-台北,9268,3582,5342,-1760,2.48,3,sell
8/27,6147,中國信託,6160,1237,395,842,1.19,4,buy
8/27,6147,元大證券,9800,7969,9618,-1649,2.32,4,sell
8/27,6147,統一,5850,1217,469,748,1.05,5,buy
8/27,6147,國票-安和,003700370039005a,68,1301,-1233,1.74,5,sell
8/27,6147,華南永昌-南京,9326,848,251,597,0.84,6,buy
8/27,6147,摩根大通,8440,1025,1976,-951,1.34,6,sell
8/27,6147,美林,1440,798,352,446,0.63,7,buy
8/27,6147,凱基-站前,0039003200300046,279,1183,-904,1.27,7,sell
8/27,6147,國泰證券,8880,567,219,348,0.49,8,buy
8/27,6147,新加坡商瑞銀,1650,1035,1915,-880,1.24,8,sell
8/27,6147,台灣摩根士丹利,1470,4336,4000,336,0.47,9,buy
8/27,6147,台新-台北,0039004200320030,65,800,-735,1.04,9,sell
8/27,6147,台新-西松,003900420032006e,323,17,306,0.43,10,buy
8/27,6147,凱基-板橋,0039003200300041,14,426,-412,0.58,10,sell
8/27,6147,永豐金-內湖,0039004100390067,434,135,299,0.42,11,buy
8/27,6147,元大-士林,003900380031006a,25,366,-341,0.48,11,sell
8/27,6147,國泰-敦南,8888,2086,1883,203,0.29,12,buy
8/27,6147,富邦證券,9600,448,697,-249,0.35,12,sell
8/27,6147,國票證券,7790,243,43,200,0.28,13,buy
8/27,6147,元大-中崙,9813,84,205,-121,0.17,13,sell
8/27,6147,富邦-建國,9658,304,109,195,0.27,14,buy
8/27,6147,國票-敦北法人,0037003700390063,13,126,-113,0.16,14,sell
8/27,6147,國泰-館前,0038003800380041,381,195,186,0.26,15,buy
8/27,6147,元大-敦化,9833,366,458,-92,0.13,15,sell
8/27,2360,摩根大通,8440,145,49,96,5.12,1,buy
8/27,2360,國票-敦北法人,0037003700390063,2,216,-214,11.41,1,sell
8/27,2360,富邦證券,9600,111,34,77,4.1,2,buy
8/27,2360,群益金鼎-台北,0039003100380058,0,61,-61,3.25,2,sell
8/27,2360,中國信託,6160,52,0,52,2.77,3,buy
8/27,2360,台灣摩根士丹利,1470,85,143,-58,3.09,3,sell
8/27,2360,兆豐證券,7000,39,3,36,1.92,4,buy
8/27,2360,永豐金證券,0039004100300030,62,112,-50,2.67,4,sell
8/27,2360,凱基,9200,53,17,36,1.92,5,buy
8/27,2360,港商麥格理,1360,0,40,-40,2.13,5,sell
8/27,2360,永豐金-匯立,0039004100380031,27,1,26,1.39,6,buy
8/27,2360,大和國泰,8890,5,36,-31,1.65,6,sell
8/27,2360,元大-大天母,9893,22,0,22,1.17,7,buy
8/27,2360,元大證券,9800,150,179,-29,1.55,7,sell
8/27,2360,新加坡商瑞銀,1650,143,125,18,0.96,8,buy
8/27,2360,群益金鼎,9100,35,51,-16,0.85,8,sell
8/27,2360,國票-安和,003700370039005a,30,15,15,0.8,9,buy
8/27,2360,凱基-中山,9229,0,15,-15,0.8,9,sell
8/27,2360,凱基-台北,9268,87,74,13,0.69,10,buy
8/27,2360,美林,1440,13,23,-10,0.53,10,sell
8/27,2360,元大-新莊,9898,15,2,13,0.69,11,buy
8/27,2360,康和-台北,0038003400350055,2,12,-10,0.53,11,sell
8/27,2360,(牛牛牛)亞-鑫豐,0036003000310064,11,0,11,0.59,12,buy
8/27,2360,美商高盛,1480,115,125,-10,0.53,12,sell
8/27,2360,富邦-台北,9623,14,3,11,0.59,13,buy
8/27,2360,統一,5850,35,43,-8,0.43,13,sell
8/27,2360,富邦-板橋,9655,12,4,8,0.43,14,buy
8/27,2360,新光,8560,16,23,-7,0.37,14,sell
8/27,2360,法銀巴黎,8900,7,0,7,0.37,15,buy
8/27,2360,國泰證券,8880,2,8,-6,0.32,15,sell
8/27,5536,台灣摩根士丹利,1470,46,20,26,6.5,1,buy
8/27,5536,新加坡商瑞銀,1650,9,40,-31,7.75,1,sell
8/27,5536,元大證券,9800,42,24,18,4.5,2,buy
8/27,5536,港商野村,1560,1,27,-26,6.5,2,sell
8/27,5536,統一-台南,5855,10,0,10,2.5,3,buy
8/27,5536,第一金-中壢,0035003300380059,0,22,-22,5.5,3,sell
8/27,5536,華南永昌-斗六,9327,10,0,10,2.5,4,buy
8/27,5536,美商高盛,1480,28,42,-14,3.5,4,sell
8/27,5536,美林,1440,8,1,7,1.75,5,buy
8/27,5536,凱基-台北,9268,17,31,-14,3.5,5,sell
8/27,5536,國票-長城,0037003700390075,5,0,5,1.25,6,buy
8/27,5536,統一,5850,1,11,-10,2.5,6,sell
8/27,5536,中國信託,6160,6,1,5,1.25,7,buy
8/27,5536,永豐金證券,0039004100300030,2,8,-6,1.5,7,sell
8/27,5536,永豐金-市政,0039004100390057,4,0,4,1.0,8,buy
8/27,5536,元大-長庚,0039003800380056,0,5,-5,1.25,8,sell
8/27,5536,國泰-松江,8883,4,0,4,1.0,9,buy
8/27,5536,新百王,6210,1,6,-5,1.25,9,sell
8/27,5536,國泰-敦南,8888,8,4,4,1.0,10,buy
8/27,5536,美好,5260,0,4,-4,1.0,10,sell
8/27,5536,台新,0039004200300030,3,0,3,0.75,11,buy
8/27,5536,摩根大通,8440,12,16,-4,1.0,11,sell
8/27,5536,臺銀-臺中,0031003000340041,3,0,3,0.75,12,buy
8/27,5536,富邦-新竹,9647,0,4,-4,1.0,12,sell
8/27,5536,元大-大同,0039003800390047,3,0,3,0.75,13,buy
8/27,5536,華南永昌-淡水,9316,0,3,-3,0.75,13,sell
8/27,5536,富邦-竹科,0039003600320043,4,1,3,0.75,14,buy
8/27,5536,第一金,5380,0,3,-3,0.75,14,sell
8/27,5536,元大-新竹,9816,3,0,3,0.75,15,buy
8/27,5536,合庫-台中,1021,1,4,-3,0.75,15,sell
8/27,6257,第一金-高雄,5383,146,1,145,2.71,1,buy
8/27,6257,台灣摩根士丹利,1470,29,943,-914,17.11,1,sell
8/27,6257,統一,5850,99,9,90,1.68,2,buy
8/27,6257,美商高盛,1480,44,849,-805,15.07,2,sell
8/27,6257,致和-崇德,0037003000330042,56,0,56,1.05,3,buy
8/27,6257,新加坡商瑞銀,1650,169,384,-215,4.02,3,sell
8/27,6257,國票-長城,0037003700390075,87,34,53,0.99,4,buy
8/27,6257,凱基-台北,9268,149,315,-166,3.11,4,sell
8/27,6257,元大證券,9800,313,265,48,0.9,5,buy
8/27,6257,摩根大通,8440,104,218,-114,2.13,5,sell
8/27,6257,永豐金-南投,003900410039004d,44,0,44,0.82,6,buy
8/27,6257,第一金,5380,1,33,-32,0.6,6,sell
8/27,6257,富邦-永和,9654,46,5,41,0.77,7,buy
8/27,6257,富邦證券,9600,12,43,-31,0.58,7,sell
8/27,6257,康和-內湖,0038003400350041,43,11,32,0.6,8,buy
8/27,6257,群益金鼎-三重,0039003100330067,5,35,-30,0.56,8,sell
8/27,6257,富邦-中壢,9636,33,3,30,0.56,9,buy
8/27,6257,台新-同大,0039004200320050,2,23,-21,0.39,9,sell
8/27,6257,凱基-鳳山,9274,32,3,29,0.54,10,buy
8/27,6257,富邦-仁愛,9676,8,27,-19,0.36,10,sell
8/27,6257,華南永昌-鶯歌,9319,28,0,28,0.52,11,buy
8/27,6257,凱基-松山,9217,20,36,-16,0.3,11,sell
8/27,6257,新光,8560,38,10,28,0.52,12,buy
8/27,6257,富邦-岡山,9616,0,14,-14,0.26,12,sell
8/27,6257,統一-桃園,0035003800350048,29,2,27,0.51,13,buy
8/27,6257,凱基-科園,9254,3,16,-13,0.24,13,sell
8/27,6257,元大-中崙,9813,34,7,27,0.51,14,buy
8/27,6257,美林,1440,0,13,-13,0.24,14,sell
8/27,6257,國泰證券,8880,29,5,24,0.45,15,buy
8/27,6257,合庫-鳳山,1029,0,11,-11,0.21,15,sell
8/27,6415,新加坡商瑞銀,1650,1043,99,944,17.28,1,buy
8/27,6415,台灣摩根士丹利,1470,122,465,-343,6.28,1,sell
8/27,6415,永豐金-匯立,0039004100380031,175,5,170,3.11,2,buy
8/27,6415,摩根大通,8440,179,488,-309,5.66,2,sell
8/27,6415,永豐金證券,0039004100300030,119,31,88,1.61,3,buy
8/27,6415,美林,1440,472,751,-279,5.11,3,sell
8/27,6415,元大-北屯,0039003800390064,44,6,38,0.7,4,buy
8/27,6415,美商高盛,1480,173,369,-196,3.59,4,sell
8/27,6415,國泰-台中,8882,41,17,24,0.44,5,buy
8/27,6415,富邦-仁愛,9676,2,65,-63,1.15,5,sell
8/27,6415,元大-苑裡,0039003800390061,18,0,18,0.33,6,buy
8/27,6415,港商野村,1560,16,67,-51,0.93,6,sell
8/27,6415,兆豐-竹北,7007,19,2,17,0.31,7,buy
8/27,6415,凱基-台北,9268,420,458,-38,0.7,7,sell
8/27,6415,兆豐證券,7000,16,1,15,0.27,8,buy
8/27,6415,元大證券,9800,474,509,-35,0.64,8,sell
8/27,6415,群益金鼎-台北,0039003100380058,17,2,15,0.27,9,buy
8/27,6415,國票-敦北法人,0037003700390063,0,25,-25,0.46,9,sell
8/27,6415,元大-大安,003900380033004e,20,6,14,0.26,10,buy
8/27,6415,亞東,2180,0,16,-16,0.29,10,sell
8/27,6415,新光,8560,69,57,12,0.22,11,buy
8/27,6415,永豐金-新店,0039004100390069,1,14,-13,0.24,11,sell
8/27,6415,永豐金-板盛,0039004100390059,13,3,10,0.18,12,buy
8/27,6415,元大-大天母,9893,4,14,-10,0.18,12,sell
8/27,6415,台新-台中,0039004200310068,23,13,10,0.18,13,buy
8/27,6415,兆豐-嘉義,7001,0,10,-10,0.18,13,sell
8/27,6415,國票證券,7790,42,32,10,0.18,14,buy
8/27,6415,統一,5850,16,26,-10,0.18,14,sell
8/27,6415,花旗環球,1590,22,13,9,0.16,15,buy
8/27,6415,兆豐-大安,003700300030006a,2,11,-9,0.16,15,sell
8/27,2472,富邦證券,9600,109,0,109,4.67,1,buy
8/27,2472,凱基-土城,003900320031004a,0,70,-70,3.0,1,sell
8/27,2472,凱基,9200,40,0,40,1.71,2,buy
8/27,2472,台灣摩根士丹利,1470,74,119,-45,1.93,2,sell
8/27,2472,富邦-陽明,9604,25,1,24,1.03,3,buy
8/27,2472,美商高盛,1480,130,172,-42,1.8,3,sell
8/27,2472,富邦-建國,9658,23,1,22,0.94,4,buy
8/27,2472,元大-大甲,0039003800390055,0,25,-25,1.07,4,sell
8/27,2472,統一-高雄,5851,23,1,22,0.94,5,buy
8/27,2472,摩根大通,8440,30,48,-18,0.77,5,sell
8/27,2472,美林,1440,57,35,22,0.94,6,buy
8/27,2472,日茂-埔里,5961,0,17,-17,0.73,6,sell
8/27,2472,新加坡商瑞銀,1650,114,92,22,0.94,7,buy
8/27,2472,群益金鼎-瑞豐,0039003100380075,0,15,-15,0.64,7,sell
8/27,2472,台新-台北,0039004200320030,30,9,21,0.9,8,buy
8/27,2472,凱基-台北,9268,241,255,-14,0.6,8,sell
8/27,2472,統一,5850,44,24,20,0.86,9,buy
8/27,2472,元大-龍潭,9858,0,12,-12,0.51,9,sell
8/27,2472,德信-中正,6912,20,0,20,0.86,10,buy
8/27,2472,玉山-新竹,0038003800340048,5,16,-11,0.47,10,sell
8/27,2472,台新,0039004200300030,24,10,14,0.6,11,buy
8/27,2472,元大-豐原站前,0039003800390057,0,11,-11,0.47,11,sell
8/27,2472,國泰-敦南,8888,57,45,12,0.51,12,buy
8/27,2472,新光,8560,7,18,-11,0.47,12,sell
8/27,2472,元大-基隆孝二,003900380036004b,21,11,10,0.43,13,buy
8/27,2472,華南永昌-鶯歌,9319,1,11,-10,0.43,13,sell
8/27,2472,台新-北新莊,0039004200320038,10,0,10,0.43,14,buy
8/27,2472,元大-台中中港,0039003800390042,0,10,-10,0.43,14,sell
8/27,2472,台新-吉利,0039004200320057,10,0,10,0.43,15,buy
8/27,2472,日茂-南投,5962,0,9,-9,0.39,15,sell
8/27,2316,凱基-台北,9268,138,28,110,6.75,1,buy
8/27,2316,兆豐-北高雄,0037003000300049,1,52,-51,3.13,1,sell
8/27,2316,摩根大通,8440,131,67,64,3.93,2,buy
8/27,2316,第一金-嘉義,003500330038004d,2,51,-49,3.01,2,sell
8/27,2316,台灣摩根士丹利,1470,80,21,59,3.62,3,buy
8/27,2316,華南永昌-竹北,9339,0,30,-30,1.84,3,sell
8/27,2316,美商高盛,1480,204,150,54,3.31,4,buy
8/27,2316,合庫證券,1020,0,27,-27,1.66,4,sell
8/27,2316,統一-三重,003500380035004a,26,1,25,1.53,5,buy
8/27,2316,富邦-公益,0039003600310046,0,25,-25,1.53,5,sell
8/27,2316,新加坡商瑞銀,1650,24,0,24,1.47,6,buy
8/27,2316,統一,5850,15,36,-21,1.29,6,sell
8/27,2316,美林,1440,49,26,23,1.41,7,buy
8/27,2316,永豐金-潮州,0039004100390071,6,25,-19,1.17,7,sell
8/27,2316,京城,8490,20,0,20,1.23,8,buy
8/27,2316,花旗環球,1590,0,16,-16,0.98,8,sell
8/27,2316,國泰-館前,0038003800380041,18,5,13,0.8,9,buy
8/27,2316,華南永昌-台中,9302,2,17,-15,0.92,9,sell
8/27,2316,元大-崇德,0039003800310053,12,0,12,0.74,10,buy
8/27,2316,宏遠-台中,003100320036004c,0,12,-12,0.74,10,sell
8/27,2316,富邦-竹北,9624,11,1,10,0.61,11,buy
8/27,2316,富邦-嘉義,9692,0,12,-12,0.74,11,sell
8/27,2316,兆豐-南門,0037003000300067,10,0,10,0.61,12,buy
8/27,2316,元大-草屯,0039003800390045,12,24,-12,0.74,12,sell
8/27,2316,富邦-仁愛,9676,10,0,10,0.61,13,buy
8/27,2316,彰銀,1230,0,11,-11,0.67,13,sell
8/27,2316,元大-新營,9825,10,1,9,0.55,14,buy
8/27,2316,港商野村,1560,4,15,-11,0.67,14,sell
8/27,2316,國泰-高雄,8881,9,1,8,0.49,15,buy
8/27,2316,國泰-板橋,003800380038004b,0,9,-9,0.55,15,sell
