date,stock_code,broker_name,broker_id,buy_vol,sell_vol,net_vol,pct,rank,side
8/21,2330,新加坡商瑞銀,1650,3388,1258,2130,12.36,1,buy
8/21,2330,富邦-新竹,9647,16,441,-425,2.47,1,sell
8/21,2330,大和國泰,8890,1220,2,1218,7.07,2,buy
8/21,2330,花旗環球,1590,587,926,-339,1.97,2,sell
8/21,2330,永豐金-匯立,0039004100380031,1199,138,1061,6.16,3,buy
8/21,2330,摩根大通,8440,1229,1527,-298,1.73,3,sell
8/21,2330,元大證券,9800,952,355,597,3.47,4,buy
8/21,2330,兆豐-新竹,0037003000300056,1,256,-255,1.48,4,sell
8/21,2330,香港上海匯豐,8960,546,49,497,2.89,5,buy
8/21,2330,凱基,9200,98,346,-248,1.44,5,sell
8/21,2330,港商麥格理,1360,659,181,478,2.77,6,buy
8/21,2330,美林,1440,1003,1192,-189,1.1,6,sell
8/21,2330,美商高盛,1480,863,507,356,2.07,7,buy
8/21,2330,國泰-敦南,8888,51,238,-187,1.09,7,sell
8/21,2330,台灣摩根士丹利,1470,986,677,309,1.79,8,buy
8/21,2330,(牛牛牛)亞證券,6010,29,201,-172,1.0,8,sell
8/21,2330,港商野村,1560,429,141,288,1.67,9,buy
8/21,2330,群益金鼎,9100,44,155,-111,0.64,9,sell
8/21,2330,凱基-台北,9268,547,316,231,1.34,10,buy
8/21,2330,元大-羅東,0039003800320041,0,88,-88,0.51,10,sell
8/21,2330,兆豐證券,7000,219,13,206,1.2,11,buy
8/21,2330,元大-復北,9872,2,80,-78,0.45,11,sell
8/21,2330,統一,5850,158,76,82,0.48,12,buy
8/21,2330,台新,0039004200300030,32,101,-69,0.4,12,sell
8/21,2330,華南永昌,9300,108,50,58,0.34,13,buy
8/21,2330,凱基-三多,9275,8,74,-66,0.38,13,sell
8/21,2330,華南永昌-世貿,9334,96,38,58,0.34,14,buy
8/21,2330,新光,8560,36,100,-64,0.37,14,sell
8/21,2330,國票-敦北法人,0037003700390063,55,11,44,0.26,15,buy
8/21,2330,中國信託-高雄,003600310036004b,5,64,-59,0.34,15,sell
8/21,2317,美林,1440,1517,346,1171,4.66,1,buy
8/21,2317,永豐金-匯立,0039004100380031,75,6443,-6368,25.34,1,sell
8/21,2317,摩根大通,8440,1730,933,797,3.17,2,buy
8/21,2317,元大-松江,9801,5,2317,-2312,9.2,2,sell
8/21,2317,元大證券,9800,1629,993,636,2.53,3,buy
8/21,2317,台灣摩根士丹利,1470,404,1661,-1257,5.0,3,sell
8/21,2317,大和國泰,8890,620,0,620,2.47,4,buy
8/21,2317,法銀巴黎,8900,31,633,-602,2.4,4,sell
8/21,2317,新加坡商瑞銀,1650,3286,2688,598,2.38,5,buy
8/21,2317,中國信託-高雄,003600310036004b,12,573,-561,2.23,5,sell
8/21,2317,美商高盛,1480,1308,729,579,2.3,6,buy
8/21,2317,富邦證券,9600,505,760,-255,1.01,6,sell
8/21,2317,凱基-台北,9268,1095,721,374,1.49,7,buy
8/21,2317,永豐金-敦南,0039004100380046,12,141,-129,0.51,7,sell
8/21,2317,港商野村,1560,380,48,332,1.32,8,buy
8/21,2317,第一金,5380,10,102,-92,0.37,8,sell
8/21,2317,華南永昌-大甲,9315,196,0,196,0.78,9,buy
8/21,2317,國泰證券,8880,6,68,-62,0.25,9,sell
8/21,2317,花旗環球,1590,1437,1286,151,0.6,10,buy
8/21,2317,凱基-松山,9217,18,73,-55,0.22,10,sell
8/21,2317,國泰-敦南,8888,284,134,150,0.6,11,buy
8/21,2317,統一-台中,5856,23,76,-53,0.21,11,sell
8/21,2317,華南永昌,9300,162,37,125,0.5,12,buy
8/21,2317,元大-北屯,0039003800390064,20,65,-45,0.18,12,sell
8/21,2317,富邦-竹東,9625,98,13,85,0.34,13,buy
8/21,2317,元大-萬華,0039003800310071,8,50,-42,0.17,13,sell
8/21,2317,元大-板橋,0039003800390043,90,7,83,0.33,14,buy
8/21,2317,國泰-台中,8882,68,105,-37,0.15,14,sell
8/21,2317,國泰-桃園,8885,84,9,75,0.3,15,buy
8/21,2317,台新-台北,0039004200320030,10,41,-31,0.12,15,sell
8/21,2454,富邦證券,9600,1528,136,1392,23.15,1,buy
8/21,2454,摩根大通,8440,147,958,-811,13.49,1,sell
8/21,2454,元大證券,9800,645,216,429,7.14,2,buy
8/21,2454,港商野村,1560,34,412,-378,6.29,2,sell
8/21,2454,宏遠證券,1260,186,1,185,3.08,3,buy
8/21,2454,花旗環球,1590,131,293,-162,2.69,3,sell
8/21,2454,國泰證券,8880,104,10,94,1.56,4,buy
8/21,2454,台灣摩根士丹利,1470,245,405,-160,2.66,4,sell
8/21,2454,凱基,9200,91,36,55,0.91,5,buy
8/21,2454,凱基-台北,9268,293,369,-76,1.26,5,sell
8/21,2454,大和國泰,8890,75,45,30,0.5,6,buy
8/21,2454,美商高盛,1480,170,235,-65,1.08,6,sell
8/21,2454,國票-敦北法人,0037003700390063,22,2,20,0.33,7,buy
8/21,2454,永豐金-匯立,0039004100380031,16,79,-63,1.05,7,sell
8/21,2454,國票-安和,003700370039005a,23,6,17,0.28,8,buy
8/21,2454,美林,1440,121,178,-57,0.95,8,sell
8/21,2454,玉山-台南,8847,14,3,11,0.18,9,buy
8/21,2454,新加坡商瑞銀,1650,290,333,-43,0.72,9,sell
8/21,2454,康和-台南,8458,11,1,10,0.17,10,buy
8/21,2454,富邦-台南,9667,6,44,-38,0.63,10,sell
8/21,2454,中國信託,6160,15,5,10,0.17,11,buy
8/21,2454,富邦-建國,9658,5,28,-23,0.38,11,sell
8/21,2454,凱基-鳳山,9274,11,2,9,0.15,12,buy
8/21,2454,國泰-忠孝,8887,8,24,-16,0.27,12,sell
8/21,2454,永豐金-新莊,0039004100390048,10,1,9,0.15,13,buy
8/21,2454,玉山-高雄,8843,3,19,-16,0.27,13,sell
8/21,2454,國泰-板橋,003800380038004b,30,21,9,0.15,14,buy
8/21,2454,統一,5850,15,30,-15,0.25,14,sell
8/21,2454,富邦-台北,9623,31,24,7,0.12,15,buy
8/21,2454,元大-員林中山,9835,1,16,-15,0.25,15,sell
8/21,2308,美商高盛,1480,926,638,288,6.55,1,buy
8/21,2308,新加坡商瑞銀,1650,179,500,-321,7.3,1,sell
8/21,2308,花旗環球,1590,240,35,205,4.66,2,buy
8/21,2308,摩根大通,8440,87,260,-173,3.93,2,sell
8/21,2308,台灣摩根士丹利,1470,363,299,64,1.45,3,buy
8/21,2308,美林,1440,187,322,-135,3.07,3,sell
8/21,2308,大和國泰,8890,105,67,38,0.86,4,buy
8/21,2308,富邦證券,9600,52,146,-94,2.14,4,sell
8/21,2308,元大證券,9800,309,275,34,0.77,5,buy
8/21,2308,港商麥格理,1360,61,122,-61,1.39,5,sell
8/21,2308,國泰證券,8880,31,1,30,0.68,6,buy
8/21,2308,統一,5850,20,77,-57,1.3,6,sell
8/21,2308,華南永昌-高雄,9303,30,1,29,0.66,7,buy
8/21,2308,台新,0039004200300030,14,64,-50,1.14,7,sell
8/21,2308,港商野村,1560,34,9,25,0.57,8,buy
8/21,2308,元大-文心,9868,5,33,-28,0.64,8,sell
8/21,2308,玉山證券,8840,24,3,21,0.48,9,buy
8/21,2308,玉山-數位,003800380034004d,1,21,-20,0.45,9,sell
8/21,2308,凱基,9200,29,10,19,0.43,10,buy
8/21,2308,香港上海匯豐,8960,0,20,-20,0.45,10,sell
8/21,2308,元大-復北,9872,22,3,19,0.43,11,buy
8/21,2308,元大-雙和,9874,3,21,-18,0.41,11,sell
8/21,2308,永豐金-匯立,0039004100380031,22,4,18,0.41,12,buy
8/21,2308,群益金鼎-大甲,0039003100380067,0,18,-18,0.41,12,sell
8/21,2308,凱基-台北,9268,168,150,18,0.41,13,buy
8/21,2308,玉山-台南,8847,4,19,-15,0.34,13,sell
8/21,2308,玉山-新竹,0038003800340048,16,0,16,0.36,14,buy
8/21,2308,元大-北港,9837,1,11,-10,0.23,14,sell
8/21,2308,元大-館前,003900380034004b,16,1,15,0.34,15,buy
8/21,2308,富邦-員林,9672,2,11,-9,0.2,15,sell
8/21,2382,美林,1440,872,216,656,7.5,1,buy
8/21,2382,摩根大通,8440,254,1437,-1183,13.52,1,sell
8/21,2382,台灣摩根士丹利,1470,723,398,325,3.71,2,buy
8/21,2382,新加坡商瑞銀,1650,298,888,-590,6.74,2,sell
8/21,2382,法銀巴黎,8900,228,0,228,2.61,3,buy
8/21,2382,富邦證券,9600,23,511,-488,5.58,3,sell
8/21,2382,第一金-台南,5384,207,0,207,2.37,4,buy
8/21,2382,花旗環球,1590,167,427,-260,2.97,4,sell
8/21,2382,美商高盛,1480,448,250,198,2.26,5,buy
8/21,2382,港商麥格理,1360,207,465,-258,2.95,5,sell
8/21,2382,凱基-台北,9268,434,237,197,2.25,6,buy
8/21,2382,第一金-澎湖,5387,1,240,-239,2.73,6,sell
8/21,2382,港商野村,1560,160,2,158,1.81,7,buy
8/21,2382,臺銀,1040,6,150,-144,1.65,7,sell
8/21,2382,大和國泰,8890,137,0,137,1.57,8,buy
8/21,2382,凱基-高美館,9215,1,126,-125,1.43,8,sell
8/21,2382,永豐金-匯立,0039004100380031,124,0,124,1.42,9,buy
8/21,2382,凱基,9200,300,413,-113,1.29,9,sell
8/21,2382,元大證券,9800,1338,1230,108,1.23,10,buy
8/21,2382,中國信託,6160,16,102,-86,0.98,10,sell
8/21,2382,新光,8560,60,8,52,0.59,11,buy
8/21,2382,永豐金證券,0039004100300030,46,101,-55,0.63,11,sell
8/21,2382,元大-信義,003900380039006d,31,0,31,0.35,12,buy
8/21,2382,第一金,5380,0,45,-45,0.51,12,sell
8/21,2382,國泰-敦南,8888,103,73,30,0.34,13,buy
8/21,2382,富邦-樹林,0039003600320045,1,26,-25,0.29,13,sell
8/21,2382,凱基-士林,9238,31,2,29,0.33,14,buy
8/21,2382,日茂,5960,2,19,-17,0.19,14,sell
8/21,2382,第一金-新竹,0035003300380042,26,0,26,0.3,15,buy
8/21,2382,統一-敦南,5852,3,20,-17,0.19,15,sell
8/21,2891,台灣摩根士丹利,1470,11937,367,11570,22.52,1,buy
8/21,2891,美林,1440,377,5444,-5067,9.86,1,sell
8/21,2891,元大證券,9800,10688,3219,7469,14.54,2,buy
8/21,2891,花旗環球,1590,1684,5822,-4138,8.05,2,sell
8/21,2891,凱基,9200,4003,3,4000,7.78,3,buy
8/21,2891,永豐金證券,0039004100300030,706,3724,-3018,5.87,3,sell
8/21,2891,中國信託,6160,2942,143,2799,5.45,4,buy
8/21,2891,永豐金-匯立,0039004100380031,133,2456,-2323,4.52,4,sell
8/21,2891,大和國泰,8890,929,0,929,1.81,5,buy
8/21,2891,美商高盛,1480,2859,4111,-1252,2.44,5,sell
8/21,2891,新加坡商瑞銀,1650,3068,2415,653,1.27,6,buy
8/21,2891,富邦證券,9600,2,723,-721,1.4,6,sell
8/21,2891,港商野村,1560,458,0,458,0.89,7,buy
8/21,2891,華南永昌,9300,2,714,-712,1.39,7,sell
8/21,2891,凱基-台北,9268,3736,3402,334,0.65,8,buy
8/21,2891,新光,8560,57,494,-437,0.85,8,sell
8/21,2891,群益金鼎-敦南,9101,79,7,72,0.14,9,buy
8/21,2891,國票-敦北法人,0037003700390063,3,350,-347,0.68,9,sell
8/21,2891,富邦-斗六,0039003600320047,60,5,55,0.11,10,buy
8/21,2891,國泰-敦南,8888,64,374,-310,0.6,10,sell
8/21,2891,摩根大通,8440,4921,4867,54,0.11,11,buy
8/21,2891,臺銀-臺南,1042,0,216,-216,0.42,11,sell
8/21,2891,國票證券,7790,63,9,54,0.11,12,buy
8/21,2891,元大-斗六,0039003800300043,5,216,-211,0.41,12,sell
8/21,2891,永興,5600,27,1,26,0.05,13,buy
8/21,2891,群益金鼎-南京,0039003100380045,10,203,-193,0.38,13,sell
8/21,2891,美好-市政,003500320036004d,21,1,20,0.04,14,buy
8/21,2891,元大-大天母,9893,1,188,-187,0.36,14,sell
8/21,2891,華南永昌-虎尾,9377,22,2,20,0.04,15,buy
8/21,2891,元大-旗山,003900380031006e,2,182,-180,0.35,15,sell
8/21,2881,新加坡商瑞銀,1650,9929,1767,8162,21.64,1,buy
8/21,2881,美林,1440,25,854,-829,2.2,1,sell
8/21,2881,摩根大通,8440,4774,964,3810,10.1,2,buy
8/21,2881,富邦-宜蘭,9686,0,763,-763,2.02,2,sell
8/21,2881,凱基-台北,9268,3753,1096,2657,7.05,3,buy
8/21,2881,中國信託,6160,22,634,-612,1.62,3,sell
8/21,2881,美商高盛,1480,4074,1792,2282,6.05,4,buy
8/21,2881,華南永昌-岡山,9324,0,569,-569,1.51,4,sell
8/21,2881,永豐金-匯立,0039004100380031,1537,0,1537,4.08,5,buy
8/21,2881,國泰-敦南,8888,109,574,-465,1.23,5,sell
8/21,2881,花旗環球,1590,1441,76,1365,3.62,6,buy
8/21,2881,富邦-仁愛,9676,24,466,-442,1.17,6,sell
8/21,2881,元大證券,9800,2308,1711,597,1.58,7,buy
8/21,2881,台新,0039004200300030,174,532,-358,0.95,7,sell
8/21,2881,大和國泰,8890,481,0,481,1.28,8,buy
8/21,2881,(牛牛牛)亞-鑫豐,0036003000310064,76,417,-341,0.9,8,sell
8/21,2881,永豐金證券,0039004100300030,534,127,407,1.08,9,buy
8/21,2881,陽信,8710,1,332,-331,0.88,9,sell
8/21,2881,凱基,9200,310,42,268,0.71,10,buy
8/21,2881,富邦-台北,9623,11,338,-327,0.87,10,sell
8/21,2881,康和,8450,97,5,92,0.24,11,buy
8/21,2881,兆豐證券,7000,0,300,-300,0.8,11,sell
8/21,2881,富邦-建國,9658,257,175,82,0.22,12,buy
8/21,2881,台灣摩根士丹利,1470,1739,2033,-294,0.78,12,sell
8/21,2881,元大-左營,0039003800390044,100,24,76,0.2,13,buy
8/21,2881,凱基-城中,9227,1,277,-276,0.73,13,sell
8/21,2881,永豐金-永康,0039004100390063,75,16,59,0.16,14,buy
8/21,2881,兆豐-大安,003700300030006a,1,258,-257,0.68,14,sell
8/21,2881,兆豐-小港,0037003000300052,52,1,51,0.14,15,buy
8/21,2881,港商野村,1560,69,313,-244,0.65,15,sell
8/21,2882,元大證券,9800,3754,696,3058,13.98,1,buy
8/21,2882,國泰-館前,0038003800380041,16,1051,-1035,4.73,1,sell
8/21,2882,新加坡商瑞銀,1650,3832,898,2934,13.41,2,buy
8/21,2882,永豐金-新莊,0039004100390048,53,966,-913,4.17,2,sell
8/21,2882,美商高盛,1480,2881,430,2451,11.2,3,buy
8/21,2882,中國信託,6160,0,659,-659,3.01,3,sell
8/21,2882,摩根大通,8440,1207,126,1081,4.94,4,buy
8/21,2882,康和,8450,0,480,-480,2.19,4,sell
8/21,2882,凱基,9200,986,4,982,4.49,5,buy
8/21,2882,凱基-高雄,9206,1,431,-430,1.97,5,sell
8/21,2882,大和國泰,8890,547,0,547,2.5,6,buy
8/21,2882,美林,1440,377,805,-428,1.96,6,sell
8/21,2882,凱基-台北,9268,1254,768,486,2.22,7,buy
8/21,2882,國泰-敦南,8888,81,469,-388,1.77,7,sell
8/21,2882,台灣摩根士丹利,1470,1587,1139,448,2.05,8,buy
8/21,2882,國泰-板橋,003800380038004b,41,338,-297,1.36,8,sell
8/21,2882,花旗環球,1590,609,210,399,1.82,9,buy
8/21,2882,永豐金-忠孝,0039004100390044,113,351,-238,1.09,9,sell
8/21,2882,彰銀,1230,200,3,197,0.9,10,buy
8/21,2882,永豐金-匯立,0039004100380031,68,283,-215,0.98,10,sell
8/21,2882,兆豐-城中,0037003000300057,461,265,196,0.9,11,buy
8/21,2882,富邦-竹東,9625,1,209,-208,0.95,11,sell
8/21,2882,元大-成功,003900380039004c,143,3,140,0.64,12,buy
8/21,2882,新光,8560,44,240,-196,0.9,12,sell
8/21,2882,富邦證券,9600,126,1,125,0.57,13,buy
8/21,2882,元大-士林,003900380031006a,0,176,-176,0.8,13,sell
8/21,2882,統一-中壢,5853,100,5,95,0.43,14,buy
8/21,2882,華南永昌-苗栗,9362,0,161,-161,0.74,14,sell
8/21,2882,港商麥格理,1360,57,0,57,0.26,15,buy
8/21,2882,元大-大同,0039003800390047,2,144,-142,0.65,15,sell
8/21,2303,元大證券,9800,11788,5343,6445,11.01,1,buy
8/21,2303,富邦證券,9600,49,3053,-3004,5.13,1,sell
8/21,2303,法銀巴黎,8900,3712,0,3712,6.34,2,buy
8/21,2303,兆豐證券,7000,42,2513,-2471,4.22,2,sell
8/21,2303,美商高盛,1480,5131,2295,2836,4.84,3,buy
8/21,2303,摩根大通,8440,4787,7177,-2390,4.08,3,sell
8/21,2303,花旗環球,1590,2099,434,1665,2.84,4,buy
8/21,2303,大和國泰,8890,572,2500,-1928,3.29,4,sell
8/21,2303,新加坡商瑞銀,1650,3895,2276,1619,2.77,5,buy
8/21,2303,統一,5850,99,1684,-1585,2.71,5,sell
8/21,2303,美林,1440,925,273,652,1.11,6,buy
8/21,2303,凱基-台北,9268,1688,3085,-1397,2.39,6,sell
8/21,2303,港商野村,1560,582,88,494,0.84,7,buy
8/21,2303,凱基-高雄,9206,12,469,-457,0.78,7,sell
8/21,2303,康和,8450,511,157,354,0.6,8,buy
8/21,2303,台新-建北,0039004200310038,24,277,-253,0.43,8,sell
8/21,2303,元大-中山北路,0039003800300061,312,40,272,0.46,9,buy
8/21,2303,國泰證券,8880,66,313,-247,0.42,9,sell
8/21,2303,台灣摩根士丹利,1470,1841,1678,163,0.28,10,buy
8/21,2303,國泰-敦南,8888,690,917,-227,0.39,10,sell
8/21,2303,元大-萬華,0039003800310071,138,7,131,0.22,11,buy
8/21,2303,永豐金證券,0039004100300030,128,355,-227,0.39,11,sell
8/21,2303,富邦-新店,9661,164,42,122,0.21,12,buy
8/21,2303,新光,8560,378,579,-201,0.34,12,sell
8/21,2303,國票-和平,003700370039006a,83,4,79,0.13,13,buy
8/21,2303,元大-六合,0039003800320043,13,191,-178,0.3,13,sell
8/21,2303,第一金,5380,91,13,78,0.13,14,buy
8/21,2303,台新-信義,0039004200320048,10,177,-167,0.29,14,sell
8/21,2303,群益金鼎,9100,307,231,76,0.13,15,buy
8/21,2303,中國信託,6160,240,396,-156,0.27,15,sell
8/21,3711,摩根大通,8440,1081,372,709,5.51,1,buy
8/21,3711,美商高盛,1480,460,1759,-1299,10.1,1,sell
8/21,3711,港商野村,1560,592,22,570,4.43,2,buy
8/21,3711,富邦證券,9600,108,985,-877,6.82,2,sell
8/21,3711,凱基-台北,9268,989,557,432,3.36,3,buy
8/21,3711,元大證券,9800,1049,1427,-378,2.94,3,sell
8/21,3711,港商麥格理,1360,423,57,366,2.85,4,buy
8/21,3711,第一金,5380,14,260,-246,1.91,4,sell
8/21,3711,凱基,9200,624,297,327,2.54,5,buy
8/21,3711,國泰證券,8880,4,172,-168,1.31,5,sell
8/21,3711,台灣摩根士丹利,1470,2055,1765,290,2.25,6,buy
8/21,3711,永豐金證券,0039004100300030,136,256,-120,0.93,6,sell
8/21,3711,玉山證券,8840,277,16,261,2.03,7,buy
8/21,3711,台灣企銀,1110,2,115,-113,0.88,7,sell
8/21,3711,大和國泰,8890,168,0,168,1.31,8,buy
8/21,3711,花旗環球,1590,257,355,-98,0.76,8,sell
8/21,3711,兆豐-桃鶯,0037003000300055,40,0,40,0.31,9,buy
8/21,3711,香港上海匯豐,8960,5,89,-84,0.65,9,sell
8/21,3711,中國信託-高雄,003600310036004b,37,6,31,0.24,10,buy
8/21,3711,新加坡商瑞銀,1650,731,797,-66,0.51,10,sell
8/21,3711,第一金-高雄,5383,24,1,23,0.18,11,buy
8/21,3711,華南永昌-大甲,9315,0,66,-66,0.51,11,sell
8/21,3711,富邦-建國,9658,28,5,23,0.18,12,buy
8/21,3711,合庫證券,1020,0,62,-62,0.48,12,sell
8/21,3711,兆豐-桃園,003700300030004d,21,0,21,0.16,13,buy
8/21,3711,統一,5850,17,74,-57,0.44,13,sell
8/21,3711,兆豐-永和,0037003000300058,20,0,20,0.16,14,buy
8/21,3711,華南永昌,9300,14,69,-55,0.43,14,sell
8/21,3711,永豐金-匯立,0039004100380031,30,11,19,0.15,15,buy
8/21,3711,群益金鼎,9100,71,123,-52,0.4,15,sell
8/21,2603,台灣摩根士丹利,1470,5014,474,4540,13.65,1,buy
8/21,2603,國泰證券,8880,13,2516,-2503,7.53,1,sell
8/21,2603,元大-松江,9801,3903,57,3846,11.57,2,buy
8/21,2603,美林,1440,353,2346,-1993,5.99,2,sell
8/21,2603,元大證券,9800,4667,2560,2107,6.34,3,buy
8/21,2603,富邦證券,9600,529,1039,-510,1.53,3,sell
8/21,2603,美商高盛,1480,2246,704,1542,4.64,4,buy
8/21,2603,台新-虎尾,003900420032004e,7,507,-500,1.5,4,sell
8/21,2603,港商野村,1560,1427,85,1342,4.04,5,buy
8/21,2603,玉山-新莊,8842,20,397,-377,1.13,5,sell
8/21,2603,兆豐-南京,0037003000300050,544,16,528,1.59,6,buy
8/21,2603,摩根大通,8440,987,1355,-368,1.11,6,sell
8/21,2603,元大-台中,9812,413,13,400,1.2,7,buy
8/21,2603,國泰-敦南,8888,392,673,-281,0.85,7,sell
8/21,2603,凱基,9200,402,122,280,0.84,8,buy
8/21,2603,台新-北新莊,0039004200320038,1,234,-233,0.7,8,sell
8/21,2603,花旗環球,1590,268,52,216,0.65,9,buy
8/21,2603,凱基-屏東,0039003200320043,1,225,-224,0.67,9,sell
8/21,2603,凱基-城中,9227,201,9,192,0.58,10,buy
8/21,2603,合庫-台南,1022,4,177,-173,0.52,10,sell
8/21,2603,永豐金-敦南,0039004100380046,136,14,122,0.37,11,buy
8/21,2603,富邦-台北,9623,39,202,-163,0.49,11,sell
8/21,2603,富邦-南京,0039003600310043,171,53,118,0.35,12,buy
8/21,2603,兆豐-大同,0037003000300053,0,161,-161,0.48,12,sell
8/21,2603,兆豐-高雄,003700300030005a,110,15,95,0.29,13,buy
8/21,2603,永豐金-竹科,0039004100390058,45,205,-160,0.48,13,sell
8/21,2603,香港上海匯豐,8960,92,0,92,0.28,14,buy
8/21,2603,台新-西松,003900420032006e,21,155,-134,0.4,14,sell
8/21,2603,元大-沙鹿,0039003800300064,113,22,91,0.27,15,buy
8/21,2603,合庫-桃園,0031003000320045,4,135,-131,0.39,15,sell
8/21,2609,美林,1440,10403,620,9783,4.92,1,buy
8/21,2609,凱基-台北,9268,8765,12807,-4042,2.03,1,sell
8/21,2609,摩根大通,8440,10556,2212,8344,4.19,2,buy
8/21,2609,永興-台中,5603,29,2058,-2029,1.02,2,sell
8/21,2609,美商高盛,1480,11710,3614,8096,4.07,3,buy
8/21,2609,美好-富順,003500320036004b,43,1109,-1066,0.54,3,sell
8/21,2609,台灣摩根士丹利,1470,10568,5470,5098,2.56,4,buy
8/21,2609,第一金-自由,0035003300380045,3055,4097,-1042,0.52,4,sell
8/21,2609,新加坡商瑞銀,1650,5895,1943,3952,1.99,5,buy
8/21,2609,寶盛,5460,7,998,-991,0.5,5,sell
8/21,2609,元大證券,9800,18361,15956,2405,1.21,6,buy
8/21,2609,臺銀-臺南,1042,177,1045,-868,0.44,6,sell
8/21,2609,港商野村,1560,2232,608,1624,0.82,7,buy
8/21,2609,國泰-敦南,8888,5773,6590,-817,0.41,7,sell
8/21,2609,台新-虎尾,003900420032004e,1631,193,1438,0.72,8,buy
8/21,2609,國票-台中,0037003700390076,39,780,-741,0.37,8,sell
8/21,2609,花旗環球,1590,1325,38,1287,0.65,9,buy
8/21,2609,台新-板橋,0039004200320062,93,801,-708,0.36,9,sell
8/21,2609,統一,5850,2421,1338,1083,0.54,10,buy
8/21,2609,國票-北高雄,003700370039004a,294,863,-569,0.29,10,sell
8/21,2609,富邦證券,9600,2190,1339,851,0.43,11,buy
8/21,2609,元大-淡水,9899,159,659,-500,0.25,11,sell
8/21,2609,永豐金-匯立,0039004100380031,806,0,806,0.41,12,buy
8/21,2609,元大-土城永寧,9875,707,1174,-467,0.23,12,sell
8/21,2609,凱基,9200,1091,507,584,0.29,13,buy
8/21,2609,元大-仁愛,003900380033006a,93,499,-406,0.2,13,sell
8/21,2609,群益金鼎-土城,003900310033004e,632,91,541,0.27,14,buy
8/21,2609,國泰-板橋,003800380038004b,1012,1415,-403,0.2,14,sell
8/21,2609,玉山-台南,8847,821,312,509,0.26,15,buy
8/21,2609,富邦-板橋,9655,435,788,-353,0.18,15,sell
8/21,2615,元大證券,9800,9211,1982,7229,8.3,1,buy
8/21,2615,中國信託,6160,244,6529,-6285,7.21,1,sell
8/21,2615,台灣摩根士丹利,1470,7792,600,7192,8.26,2,buy
8/21,2615,花旗環球,1590,46,4025,-3979,4.57,2,sell
8/21,2615,國票-安和,003700370039005a,2899,123,2776,3.19,3,buy
8/21,2615,永豐金-中正,0039004100390055,52,1374,-1322,1.52,3,sell
8/21,2615,新加坡商瑞銀,1650,3832,1381,2451,2.81,4,buy
8/21,2615,凱基-站前,0039003200300046,3624,4941,-1317,1.51,4,sell
8/21,2615,台新-台北,0039004200320030,2599,331,2268,2.6,5,buy
8/21,2615,元大-台中,9812,32,887,-855,0.98,5,sell
8/21,2615,摩根大通,8440,3748,1565,2183,2.51,6,buy
8/21,2615,新光,8560,464,1162,-698,0.8,6,sell
8/21,2615,美商高盛,1480,3954,2205,1749,2.01,7,buy
8/21,2615,國泰-敦南,8888,2166,2789,-623,0.72,7,sell
8/21,2615,美林,1440,3440,1733,1707,1.96,8,buy
8/21,2615,第一金,5380,25,530,-505,0.58,8,sell
8/21,2615,凱基-台北,9268,6721,5473,1248,1.43,9,buy
8/21,2615,永豐金-市政,0039004100390057,58,359,-301,0.35,9,sell
8/21,2615,富邦-新店,9661,1299,160,1139,1.31,10,buy
8/21,2615,群益金鼎-中山,0039003100380048,11,249,-238,0.27,10,sell
8/21,2615,港商野村,1560,1155,125,1030,1.18,11,buy
8/21,2615,群益金鼎-桃園,9189,6,234,-228,0.26,11,sell
8/21,2615,台新,0039004200300030,1468,528,940,1.08,12,buy
8/21,2615,國泰-館前,0038003800380041,132,348,-216,0.25,12,sell
8/21,2615,凱基,9200,934,127,807,0.93,13,buy
8/21,2615,國泰-板橋,003800380038004b,234,447,-213,0.24,13,sell
8/21,2615,永豐金證券,0039004100300030,1457,892,565,0.65,14,buy
8/21,2615,富邦-台北,9623,92,286,-194,0.22,14,sell
8/21,2615,凱基-城中,9227,535,82,453,0.52,15,buy
8/21,2615,港商麥格理,1360,0,187,-187,0.21,15,sell
8/21,2618,台灣摩根士丹利,1470,4396,1526,2870,10.81,1,buy
8/21,2618,新加坡商瑞銀,1650,3056,5620,-2564,9.66,1,sell
8/21,2618,元大證券,9800,3766,1027,2739,10.31,2,buy
8/21,2618,永興,5600,0,1311,-1311,4.94,2,sell
8/21,2618,凱基-台北,9268,2687,576,2111,7.95,3,buy
8/21,2618,華南永昌-板橋,9349,8,322,-314,1.18,3,sell
8/21,2618,摩根大通,8440,2964,1039,1925,7.25,4,buy
8/21,2618,兆豐證券,7000,0,300,-300,1.13,4,sell
8/21,2618,美林,1440,1593,69,1524,5.74,5,buy
8/21,2618,國泰-敦南,8888,109,350,-241,0.91,5,sell
8/21,2618,美商高盛,1480,2629,1156,1473,5.55,6,buy
8/21,2618,群益金鼎-永和,003900310038004a,1,231,-230,0.87,6,sell
8/21,2618,花旗環球,1590,499,12,487,1.83,7,buy
8/21,2618,土銀-士林,1039,0,220,-220,0.83,7,sell
8/21,2618,大和國泰,8890,270,0,270,1.02,8,buy
8/21,2618,兆豐-城中,0037003000300057,6,213,-207,0.78,8,sell
8/21,2618,國泰證券,8880,201,1,200,0.75,9,buy
8/21,2618,新光,8560,67,265,-198,0.75,9,sell
8/21,2618,群益金鼎-新莊,0039003100380047,202,9,193,0.73,10,buy
8/21,2618,富邦-台北,9623,14,176,-162,0.61,10,sell
8/21,2618,台新-高雄,0039004200310067,205,23,182,0.69,11,buy
8/21,2618,元大-中壢,9834,21,181,-160,0.6,11,sell
8/21,2618,兆豐-南門,0037003000300067,200,26,174,0.66,12,buy
8/21,2618,群益金鼎-開元,9134,2,155,-153,0.58,12,sell
8/21,2618,凱基-大安,9291,168,0,168,0.63,13,buy
8/21,2618,富邦-新竹,9647,21,163,-142,0.53,13,sell
8/21,2618,富邦證券,9600,113,3,110,0.41,14,buy
8/21,2618,新光-新竹,8563,12,147,-135,0.51,14,sell
8/21,2618,富邦-中壢,9636,102,27,75,0.28,15,buy
8/21,2618,新光-桃園,8565,3,132,-129,0.49,15,sell
8/21,3037,美林,1440,1779,340,1439,6.2,1,buy
8/21,3037,台灣摩根士丹利,1470,804,1253,-449,1.94,1,sell
8/21,3037,花旗環球,1590,885,102,783,3.37,2,buy
8/21,3037,富邦證券,9600,74,455,-381,1.64,2,sell
8/21,3037,美商高盛,1480,1733,1303,430,1.85,3,buy
8/21,3037,永豐金證券,0039004100300030,344,681,-337,1.45,3,sell
8/21,3037,元大證券,9800,2586,2331,255,1.1,4,buy
8/21,3037,國票-敦北法人,0037003700390063,10,263,-253,1.09,4,sell
8/21,3037,永豐金-匯立,0039004100380031,72,0,72,0.31,5,buy
8/21,3037,兆豐證券,7000,14,254,-240,1.03,5,sell
8/21,3037,元大-大同,0039003800390047,76,21,55,0.24,6,buy
8/21,3037,新加坡商瑞銀,1650,631,839,-208,0.9,6,sell
8/21,3037,元大-松江,9801,66,15,51,0.22,7,buy
8/21,3037,富邦-陽明,9604,49,244,-195,0.84,7,sell
8/21,3037,群益金鼎-丹鳳,0039003100380073,52,2,50,0.22,8,buy
8/21,3037,凱基-信義,9216,107,271,-164,0.71,8,sell
8/21,3037,新光,8560,223,174,49,0.21,9,buy
8/21,3037,台新,0039004200300030,195,357,-162,0.7,9,sell
8/21,3037,港商麥格理,1360,44,1,43,0.19,10,buy
8/21,3037,大和國泰,8890,68,215,-147,0.63,10,sell
8/21,3037,永豐金-信義,0039004100390052,34,2,32,0.14,11,buy
8/21,3037,凱基-站前,0039003200300046,64,174,-110,0.47,11,sell
8/21,3037,元大-虎尾,003900380030006c,37,10,27,0.12,12,buy
8/21,3037,群益金鼎-台北,0039003100380058,443,543,-100,0.43,12,sell
8/21,3037,凱基-城中,9227,59,32,27,0.12,13,buy
8/21,3037,元大-鳳山,003900380033005a,8,105,-97,0.42,13,sell
8/21,3037,元大-竹科,003900380030004b,45,21,24,0.1,14,buy
8/21,3037,摩根大通,8440,643,733,-90,0.39,14,sell
8/21,3037,中國信託,6160,132,110,22,0.09,15,buy
8/21,3037,富邦-台北,9623,87,159,-72,0.31,15,sell
8/21,2345,美商高盛,1480,304,117,187,6.68,1,buy
8/21,2345,元大證券,9800,112,502,-390,13.93,1,sell
8/21,2345,美林,1440,209,67,142,5.07,2,buy
8/21,2345,永豐金證券,0039004100300030,58,225,-167,5.96,2,sell
8/21,2345,新加坡商瑞銀,1650,253,137,116,4.14,3,buy
8/21,2345,摩根大通,8440,105,207,-102,3.64,3,sell
8/21,2345,台灣摩根士丹利,1470,165,88,77,2.75,4,buy
8/21,2345,國泰證券,8880,3,89,-86,3.07,4,sell
8/21,2345,花旗環球,1590,66,37,29,1.04,5,buy
8/21,2345,富邦證券,9600,281,344,-63,2.25,5,sell
8/21,2345,凱基-台北,9268,115,87,28,1.0,6,buy
8/21,2345,統一,5850,5,61,-56,2.0,6,sell
8/21,2345,福邦證券,6480,21,0,21,0.75,7,buy
8/21,2345,港商野村,1560,4,45,-41,1.46,7,sell
8/21,2345,中國信託,6160,19,2,17,0.61,8,buy
8/21,2345,香港上海匯豐,8960,14,54,-40,1.43,8,sell
8/21,2345,國泰-敦南,8888,28,14,14,0.5,9,buy
8/21,2345,元大-崇德,0039003800310053,1,38,-37,1.32,9,sell
8/21,2345,國泰-板橋,003800380038004b,14,1,13,0.46,10,buy
8/21,2345,港商麥格理,1360,5,42,-37,1.32,10,sell
8/21,2345,國泰-台中,8882,16,3,13,0.46,11,buy
8/21,2345,群益金鼎,9100,15,48,-33,1.18,11,sell
8/21,2345,台灣企銀-埔墘,0031003100310047,12,0,12,0.43,12,buy
8/21,2345,第一金,5380,0,29,-29,1.04,12,sell
8/21,2345,國泰-館前,0038003800380041,14,2,12,0.43,13,buy
8/21,2345,凱基,9200,6,35,-29,1.04,13,sell
8/21,2345,富邦-台北,9623,12,1,11,0.39,14,buy
8/21,2345,宏遠-民生,1261,0,25,-25,0.89,14,sell
8/21,2345,玉山-台中,0038003800340042,11,0,11,0.39,15,buy
8/21,2345,富邦-南屯,9666,10,28,-18,0.64,15,sell
8/21,3006,摩根大通,8440,1184,168,1016,10.92,1,buy
8/21,3006,凱基-竹科,9272,32,556,-524,5.63,1,sell
8/21,3006,元大證券,9800,1276,802,474,5.09,2,buy
8/21,3006,新加坡商瑞銀,1650,131,445,-314,3.37,2,sell
8/21,3006,凱基-台北,9268,771,478,293,3.15,3,buy
8/21,3006,聯邦證券,8580,20,158,-138,1.48,3,sell
8/21,3006,台灣企銀-豐原,1118,246,48,198,2.13,4,buy
8/21,3006,港商野村,1560,317,399,-82,0.88,4,sell
8/21,3006,元大-頭份,0039003800330055,317,178,139,1.49,5,buy
8/21,3006,永豐金-天母,0039004100390047,4,80,-76,0.82,5,sell
8/21,3006,元大-土城,9897,191,95,96,1.03,6,buy
8/21,3006,台灣摩根士丹利,1470,89,150,-61,0.66,6,sell
8/21,3006,兆豐-民生,0037003000300063,80,2,78,0.84,7,buy
8/21,3006,美林,1440,37,91,-54,0.58,7,sell
8/21,3006,合庫-台中,1021,54,3,51,0.55,8,buy
8/21,3006,台新-台北,0039004200320030,4,56,-52,0.56,8,sell
8/21,3006,陽信,8710,51,0,51,0.55,9,buy
8/21,3006,永豐金-竹北,0039004100390050,3,54,-51,0.55,9,sell
8/21,3006,台新-草屯,0039004200320058,56,5,51,0.55,10,buy
8/21,3006,富邦-內湖,9627,6,55,-49,0.53,10,sell
8/21,3006,凱基,9200,47,0,47,0.51,11,buy
8/21,3006,永豐金-內湖,0039004100390067,8,57,-49,0.53,11,sell
8/21,3006,元大-樹林,003900380039006a,91,46,45,0.48,12,buy
8/21,3006,元大-沙鹿,0039003800300064,3,42,-39,0.42,12,sell
8/21,3006,元大-天母,0039003800310049,58,17,41,0.44,13,buy
8/21,3006,元大-中山北路,0039003800300061,2,40,-38,0.41,13,sell
8/21,3006,富邦-羅東,9634,37,4,33,0.35,14,buy
8/21,3006,大昌-新店,6464,6,43,-37,0.4,14,sell
8/21,3006,永豐金-竹科,0039004100390058,35,4,31,0.33,15,buy
8/21,3006,永豐金證券,0039004100300030,77,113,-36,0.39,15,sell
8/21,2379,凱基-台北,9268,299,63,236,12.41,1,buy
8/21,2379,凱基,9200,1,155,-154,8.1,1,sell
8/21,2379,美林,1440,107,5,102,5.36,2,buy
8/21,2379,永豐金證券,0039004100300030,13,50,-37,1.95,2,sell
8/21,2379,新加坡商瑞銀,1650,125,52,73,3.84,3,buy
8/21,2379,元大證券,9800,89,122,-33,1.74,3,sell
8/21,2379,台灣摩根士丹利,1470,173,111,62,3.26,4,buy
8/21,2379,中國信託,6160,0,18,-18,0.95,4,sell
8/21,2379,美商高盛,1480,204,154,50,2.63,5,buy
8/21,2379,第一金,5380,0,15,-15,0.79,5,sell
8/21,2379,摩根大通,8440,142,113,29,1.52,6,buy
8/21,2379,台新,0039004200300030,5,19,-14,0.74,6,sell
8/21,2379,大和國泰,8890,26,0,26,1.37,7,buy
8/21,2379,元大-屏東,9892,0,13,-13,0.68,7,sell
8/21,2379,永豐金-匯立,0039004100380031,25,0,25,1.31,8,buy
8/21,2379,華南永昌,9300,7,19,-12,0.63,8,sell
8/21,2379,港商麥格理,1360,25,5,20,1.05,9,buy
8/21,2379,花旗環球,1590,37,47,-10,0.53,9,sell
8/21,2379,香港上海匯豐,8960,20,0,20,1.05,10,buy
8/21,2379,元大-敦南,0039003800390050,12,21,-9,0.47,10,sell
8/21,2379,玉山-板橋,8846,13,1,12,0.63,11,buy
8/21,2379,富邦-青埔,003900360031004e,0,9,-9,0.47,11,sell
8/21,2379,合庫-嘉義,1024,10,0,10,0.53,12,buy
8/21,2379,群益金鼎,9100,23,30,-7,0.37,12,sell
8/21,2379,康和-台中,8455,10,0,10,0.53,13,buy
8/21,2379,富邦-南員林,0039003600310052,1,8,-7,0.37,13,sell
8/21,2379,國泰證券,8880,10,1,9,0.47,14,buy
8/21,2379,新光-台中,8561,1,7,-6,0.32,14,sell
8/21,2379,港商野村,1560,8,0,8,0.42,15,buy
8/21,2379,統一-高雄,5851,0,6,-6,0.32,15,sell
8/21,3034,元大證券,9800,212,62,150,10.4,1,buy
8/21,3034,國票-敦北法人,0037003700390063,1,260,-259,17.95,1,sell
8/21,3034,港商野村,1560,132,0,132,9.15,2,buy
8/21,3034,美商高盛,1480,26,132,-106,7.35,2,sell
8/21,3034,美林,1440,135,17,118,8.18,3,buy
8/21,3034,凱基-台北,9268,28,132,-104,7.21,3,sell
8/21,3034,富邦證券,9600,101,1,100,6.93,4,buy
8/21,3034,台灣摩根士丹利,1470,27,79,-52,3.6,4,sell
8/21,3034,摩根大通,8440,194,103,91,6.31,5,buy
8/21,3034,中國信託,6160,2,26,-24,1.66,5,sell
8/21,3034,法銀巴黎,8900,55,3,52,3.6,6,buy
8/21,3034,台新,0039004200300030,3,23,-20,1.39,6,sell
8/21,3034,大和國泰,8890,32,0,32,2.22,7,buy
8/21,3034,華南永昌-高雄,9303,0,20,-20,1.39,7,sell
8/21,3034,港商麥格理,1360,36,5,31,2.15,8,buy
8/21,3034,台新-台中,0039004200310068,1,12,-11,0.76,8,sell
8/21,3034,永豐金-匯立,0039004100380031,31,0,31,2.15,9,buy
8/21,3034,國泰-敦南,8888,2,11,-9,0.62,9,sell
8/21,3034,花旗環球,1590,40,21,19,1.32,10,buy
8/21,3034,新加坡商瑞銀,1650,157,166,-9,0.62,10,sell
8/21,3034,華南永昌,9300,20,2,18,1.25,11,buy
8/21,3034,元大-佳里,0039003800310065,0,7,-7,0.49,11,sell
8/21,3034,凱基,9200,13,0,13,0.9,12,buy
8/21,3034,合庫-新竹,0031003000320041,0,6,-6,0.42,12,sell
8/21,3034,玉山證券,8840,9,1,8,0.55,13,buy
8/21,3034,元大-敦南,0039003800390050,0,6,-6,0.42,13,sell
8/21,3034,富邦-台北,9623,8,2,6,0.42,14,buy
8/21,3034,國泰-館前,0038003800380041,0,5,-5,0.35,14,sell
8/21,3034,兆豐-台中港,7005,5,0,5,0.35,15,buy
8/21,3034,第一金-華江,0035003300380057,0,5,-5,0.35,15,sell
8/21,2412,永豐金-匯立,0039004100380031,655,0,655,12.32,1,buy
8/21,2412,美林,1440,17,1000,-983,18.48,1,sell
8/21,2412,中國信託,6160,525,42,483,9.08,2,buy
8/21,2412,美商高盛,1480,185,662,-477,8.97,2,sell
8/21,2412,凱基-台北,9268,1010,564,446,8.39,3,buy
8/21,2412,台灣摩根士丹利,1470,79,516,-437,8.22,3,sell
8/21,2412,港商麥格理,1360,332,34,298,5.6,4,buy
8/21,2412,新加坡商瑞銀,1650,275,595,-320,6.02,4,sell
8/21,2412,凱基,9200,220,0,220,4.14,5,buy
8/21,2412,摩根大通,8440,204,479,-275,5.17,5,sell
8/21,2412,元大證券,9800,201,37,164,3.08,6,buy
8/21,2412,台新,0039004200300030,11,119,-108,2.03,6,sell
8/21,2412,花旗環球,1590,228,99,129,2.43,7,buy
8/21,2412,臺銀-臺南,1042,2,100,-98,1.84,7,sell
8/21,2412,富邦證券,9600,101,0,101,1.9,8,buy
8/21,2412,富邦-仁愛,9676,0,43,-43,0.81,8,sell
8/21,2412,永豐金-新竹,0039004100390037,95,0,95,1.79,9,buy
8/21,2412,元大-敦南,0039003800390050,0,40,-40,0.75,9,sell
8/21,2412,香港上海匯豐,8960,80,0,80,1.5,10,buy
8/21,2412,陽信-石牌,8711,0,30,-30,0.56,10,sell
8/21,2412,中國信託-新竹,6165,30,0,30,0.56,11,buy
8/21,2412,凱基-林口,9257,0,26,-26,0.49,11,sell
8/21,2412,永豐金證券,0039004100300030,29,0,29,0.55,12,buy
8/21,2412,華南永昌-桃園,9352,0,19,-19,0.36,12,sell
8/21,2412,群益金鼎-三重,0039003100330067,22,0,22,0.41,13,buy
8/21,2412,玉山-士林,0038003800340041,0,19,-19,0.36,13,sell
8/21,2412,美好-基隆,5267,20,0,20,0.38,14,buy
8/21,2412,華南永昌-中正,9359,180,197,-17,0.32,14,sell
8/21,2412,統一-新台中,0035003800350044,20,3,17,0.32,15,buy
8/21,2412,高橋,5320,1,16,-15,0.28,15,sell
8/21,2002,新加坡商瑞銀,1650,7921,1199,6722,21.38,1,buy
8/21,2002,聯邦-雙和,8584,0,1025,-1025,3.26,1,sell
8/21,2002,美商高盛,1480,4949,1400,3549,11.29,2,buy
8/21,2002,港商野村,1560,0,810,-810,2.58,2,sell
8/21,2002,摩根大通,8440,2683,454,2229,7.09,3,buy
8/21,2002,台新-同大,0039004200320050,0,742,-742,2.36,3,sell
8/21,2002,花旗環球,1590,816,242,574,1.83,4,buy
8/21,2002,群益金鼎,9100,250,770,-520,1.65,4,sell
8/21,2002,富邦-板橋,9655,748,229,519,1.65,5,buy
8/21,2002,國泰-敦南,8888,225,578,-353,1.12,5,sell
8/21,2002,元大-蘆洲中正,0039003800390049,476,12,464,1.48,6,buy
8/21,2002,第一金-自由,0035003300380045,0,243,-243,0.77,6,sell
8/21,2002,凱基,9200,432,10,422,1.34,7,buy
8/21,2002,玉山-高雄,8843,1,242,-241,0.77,7,sell
8/21,2002,元大證券,9800,963,542,421,1.34,8,buy
8/21,2002,台新-屏東,003900420031006e,0,237,-237,0.75,8,sell
8/21,2002,富邦-陽明,9604,368,58,310,0.99,9,buy
8/21,2002,華南永昌-高雄,9303,15,243,-228,0.73,9,sell
8/21,2002,兆豐證券,7000,285,1,284,0.9,10,buy
8/21,2002,凱基-市政,9239,3,210,-207,0.66,10,sell
8/21,2002,台灣摩根士丹利,1470,1472,1190,282,0.9,11,buy
8/21,2002,凱基-台北,9268,759,958,-199,0.63,11,sell
8/21,2002,美林,1440,371,153,218,0.69,12,buy
8/21,2002,凱基-五股,0039003200310047,8,200,-192,0.61,12,sell
8/21,2002,國票-博愛,003700370039007a,207,0,207,0.66,13,buy
8/21,2002,富邦-七賢,003900360031004b,16,202,-186,0.59,13,sell
8/21,2002,台新,0039004200300030,285,85,200,0.64,14,buy
8/21,2002,玉山-板橋,8846,33,216,-183,0.58,14,sell
8/21,2002,永全-南崁,6451,170,0,170,0.54,15,buy
8/21,2002,兆豐-高雄,003700300030005a,1,157,-156,0.5,15,sell
8/21,2883,新加坡商瑞銀,1650,10027,297,9730,19.79,1,buy
8/21,2883,新光-台中,8561,0,1441,-1441,2.93,1,sell
8/21,2883,美商高盛,1480,8458,650,7808,15.88,2,buy
8/21,2883,統一-新營,0035003800350045,0,979,-979,1.99,2,sell
8/21,2883,凱基-台北,9268,7855,2279,5576,11.34,3,buy
8/21,2883,中國信託,6160,33,936,-903,1.84,3,sell
8/21,2883,台灣摩根士丹利,1470,6051,826,5225,10.63,4,buy
8/21,2883,國泰-敦南,8888,61,769,-708,1.44,4,sell
8/21,2883,元大證券,9800,6181,1618,4563,9.28,5,buy
8/21,2883,新光,8560,34,642,-608,1.24,5,sell
8/21,2883,美林,1440,2099,978,1121,2.28,6,buy
8/21,2883,華南永昌-敦南,9347,0,595,-595,1.21,6,sell
8/21,2883,大和國泰,8890,1025,0,1025,2.08,7,buy
8/21,2883,華南永昌-高雄,9303,0,578,-578,1.18,7,sell
8/21,2883,摩根大通,8440,1566,602,964,1.96,8,buy
8/21,2883,台新-信義,0039004200320048,14,592,-578,1.18,8,sell
8/21,2883,港商野村,1560,720,22,698,1.42,9,buy
8/21,2883,富邦-和美,0039003600310050,3,549,-546,1.11,9,sell
8/21,2883,港商麥格理,1360,621,0,621,1.26,10,buy
8/21,2883,第一金-大稻埕,0035003300380046,0,506,-506,1.03,10,sell
8/21,2883,康和,8450,279,70,209,0.43,11,buy
8/21,2883,元大-苑裡,0039003800390061,0,489,-489,0.99,11,sell
8/21,2883,富邦證券,9600,202,47,155,0.32,12,buy
8/21,2883,凱基-中山,9229,0,462,-462,0.94,12,sell
8/21,2883,台新-城東,0039004200320072,101,42,59,0.12,13,buy
8/21,2883,兆豐-台中港,7005,1,450,-449,0.91,13,sell
8/21,2883,元大-復北,9872,80,24,56,0.11,14,buy
8/21,2883,統一-台中,5856,2,411,-409,0.83,14,sell
8/21,2883,群益金鼎-板橋,0039003100380042,50,0,50,0.1,15,buy
8/21,2883,富邦-陽明,9604,20,392,-372,0.76,15,sell
8/21,1216,美商高盛,1480,3501,160,3341,21.76,1,buy
8/21,1216,合庫證券,1020,0,4330,-4330,28.2,1,sell
8/21,1216,台灣摩根士丹利,1470,2384,280,2104,13.7,2,buy
8/21,1216,國泰證券,8880,47,2001,-1954,12.73,2,sell
8/21,1216,新加坡商瑞銀,1650,1961,467,1494,9.73,3,buy
8/21,1216,永豐金證券,0039004100300030,95,1183,-1088,7.09,3,sell
8/21,1216,凱基-台北,9268,1845,432,1413,9.2,4,buy
8/21,1216,凱基,9200,0,1014,-1014,6.6,4,sell
8/21,1216,摩根大通,8440,1230,371,859,5.59,5,buy
8/21,1216,元大證券,9800,660,1264,-604,3.93,5,sell
8/21,1216,美林,1440,578,25,553,3.6,6,buy
8/21,1216,美好-中壢,5266,2,502,-500,3.26,6,sell
8/21,1216,港商麥格理,1360,158,0,158,1.03,7,buy
8/21,1216,花旗環球,1590,328,576,-248,1.62,7,sell
8/21,1216,第一金,5380,140,0,140,0.91,8,buy
8/21,1216,臺銀,1040,10,143,-133,0.87,8,sell
8/21,1216,聯邦-台南,8588,128,0,128,0.83,9,buy
8/21,1216,亞東-新竹,2184,0,108,-108,0.7,9,sell
8/21,1216,新光-新竹,8563,251,187,64,0.42,10,buy
8/21,1216,港商野村,1560,0,94,-94,0.61,10,sell
8/21,1216,統一,5850,122,60,62,0.4,11,buy
8/21,1216,統一-內湖,0035003800350062,0,55,-55,0.36,11,sell
8/21,1216,台新-同大,0039004200320050,43,0,43,0.28,12,buy
8/21,1216,凱基-湖口,003900320030004e,0,40,-40,0.26,12,sell
8/21,1216,新光,8560,61,26,35,0.23,13,buy
8/21,1216,富邦證券,9600,6,40,-34,0.22,13,sell
8/21,1216,元大-中崙,9813,48,13,35,0.23,14,buy
8/21,1216,永豐金-永康,0039004100390063,90,124,-34,0.22,14,sell
8/21,1216,法銀巴黎,8900,24,0,24,0.16,15,buy
8/21,1216,元大-雙和,9874,61,93,-32,0.21,15,sell
8/21,1402,台灣摩根士丹利,1470,6961,495,6466,16.04,1,buy
8/21,1402,華南永昌-中正,9359,14,2326,-2312,5.73,1,sell
8/21,1402,永豐金證券,0039004100300030,6283,685,5598,13.88,2,buy
8/21,1402,臺銀,1040,6,839,-833,2.07,2,sell
8/21,1402,美商高盛,1480,4329,1304,3025,7.5,3,buy
8/21,1402,群益金鼎,9100,822,1616,-794,1.97,3,sell
8/21,1402,元大證券,9800,5331,3153,2178,5.4,4,buy
8/21,1402,台中銀,6110,0,758,-758,1.88,4,sell
8/21,1402,富邦證券,9600,2031,7,2024,5.02,5,buy
8/21,1402,新光-新竹,8563,174,688,-514,1.27,5,sell
8/21,1402,新加坡商瑞銀,1650,1717,357,1360,3.37,6,buy
8/21,1402,台新,0039004200300030,298,639,-341,0.85,6,sell
8/21,1402,凱基-台北,9268,3356,2067,1289,3.2,7,buy
8/21,1402,陽信-石牌,8711,1,340,-339,0.84,7,sell
8/21,1402,統一,5850,1200,159,1041,2.58,8,buy
8/21,1402,台新-台中,0039004200310068,16,317,-301,0.75,8,sell
8/21,1402,摩根大通,8440,1133,781,352,0.87,9,buy
8/21,1402,凱基-站前,0039003200300046,0,291,-291,0.72,9,sell
8/21,1402,港商野村,1560,345,0,345,0.86,10,buy
8/21,1402,新光,8560,55,325,-270,0.67,10,sell
8/21,1402,花旗環球,1590,275,39,236,0.59,11,buy
8/21,1402,國票-安和,003700370039005a,2,261,-259,0.64,11,sell
8/21,1402,玉山-信義,0038003800340043,133,7,126,0.31,12,buy
8/21,1402,元大-嘉義,0039003800390067,2,253,-251,0.62,12,sell
8/21,1402,富邦-竹北,9624,117,8,109,0.27,13,buy
8/21,1402,中國信託-忠孝,6162,0,240,-240,0.6,13,sell
8/21,1402,台新-中港,0039004200320069,77,8,69,0.17,14,buy
8/21,1402,玉山證券,8840,29,250,-221,0.55,14,sell
8/21,1402,國票證券,7790,120,70,50,0.12,15,buy
8/21,1402,永豐金-亞灣,0039004100390061,0,217,-217,0.54,15,sell
8/21,2887,台灣摩根士丹利,1470,8507,1231,7276,12.96,1,buy
8/21,2887,中國信託,6160,78,1149,-1071,1.91,1,sell
8/21,2887,元大證券,9800,8141,2954,5187,9.24,2,buy
8/21,2887,台新,0039004200300030,53,789,-736,1.31,2,sell
8/21,2887,美商高盛,1480,7486,3038,4448,7.92,3,buy
8/21,2887,彰銀,1230,2,677,-675,1.2,3,sell
8/21,2887,凱基-台北,9268,5623,1931,3692,6.58,4,buy
8/21,2887,新加坡商瑞銀,1650,3342,3983,-641,1.14,4,sell
8/21,2887,富邦證券,9600,3585,157,3428,6.11,5,buy
8/21,2887,玉山-新竹,0038003800340048,0,597,-597,1.06,5,sell
8/21,2887,摩根大通,8440,3977,2598,1379,2.46,6,buy
8/21,2887,新光,8560,24,605,-581,1.03,6,sell
8/21,2887,大和國泰,8890,1229,0,1229,2.19,7,buy
8/21,2887,國泰-高雄,8881,191,726,-535,0.95,7,sell
8/21,2887,花旗環球,1590,1610,570,1040,1.85,8,buy
8/21,2887,元大-六合,0039003800320043,4,448,-444,0.79,8,sell
8/21,2887,永豐金-匯立,0039004100380031,973,12,961,1.71,9,buy
8/21,2887,國泰-敦南,8888,70,485,-415,0.74,9,sell
8/21,2887,國票-長城,0037003700390075,675,2,673,1.2,10,buy
8/21,2887,統一-東湖,0035003800350052,0,343,-343,0.61,10,sell
8/21,2887,凱基,9200,612,1,611,1.09,11,buy
8/21,2887,香港上海匯豐,8960,0,302,-302,0.54,11,sell
8/21,2887,國泰證券,8880,342,0,342,0.61,12,buy
8/21,2887,國泰-板橋,003800380038004b,21,299,-278,0.5,12,sell
8/21,2887,元大-大同,0039003800390047,333,37,296,0.53,13,buy
8/21,2887,永豐金證券,0039004100300030,228,502,-274,0.49,13,sell
8/21,2887,港商野村,1560,277,14,263,0.47,14,buy
8/21,2887,中國信託-新竹,6165,55,326,-271,0.48,14,sell
8/21,2887,康和,8450,266,65,201,0.36,15,buy
8/21,2887,玉山-嘉義,8848,3,240,-237,0.42,15,sell
8/21,2408,摩根大通,8440,5171,1085,4086,6.25,1,buy
8/21,2408,元大-松江,9801,96,2507,-2411,3.69,1,sell
8/21,2408,台灣摩根士丹利,1470,3046,832,2214,3.39,2,buy
8/21,2408,凱基-台北,9268,2465,4315,-1850,2.83,2,sell
8/21,2408,美商高盛,1480,4416,3543,873,1.34,3,buy
8/21,2408,美林,1440,268,959,-691,1.06,3,sell
8/21,2408,新加坡商瑞銀,1650,1982,1233,749,1.15,4,buy
8/21,2408,花旗環球,1590,152,783,-631,0.97,4,sell
8/21,2408,元大證券,9800,7525,7033,492,0.75,5,buy
8/21,2408,美好,5260,31,412,-381,0.58,5,sell
8/21,2408,統一,5850,431,75,356,0.54,6,buy
8/21,2408,永豐金-匯立,0039004100380031,109,428,-319,0.49,6,sell
8/21,2408,兆豐-民生,0037003000300063,214,16,198,0.3,7,buy
8/21,2408,永豐金證券,0039004100300030,642,894,-252,0.39,7,sell
8/21,2408,凱基-士林,9238,216,21,195,0.3,8,buy
8/21,2408,凱基-長庚,9233,78,323,-245,0.37,8,sell
8/21,2408,康和,8450,205,19,186,0.28,9,buy
8/21,2408,國泰-敦南,8888,2251,2442,-191,0.29,9,sell
8/21,2408,大和國泰,8890,148,0,148,0.23,10,buy
8/21,2408,兆豐-城中,0037003000300057,18,202,-184,0.28,10,sell
8/21,2408,港商野村,1560,375,267,108,0.17,11,buy
8/21,2408,富邦-建國,9658,59,160,-101,0.15,11,sell
8/21,2408,台新-安南,003900420032005a,114,7,107,0.16,12,buy
8/21,2408,凱基-松山,9217,23,118,-95,0.15,12,sell
8/21,2408,台新,0039004200300030,504,409,95,0.15,13,buy
8/21,2408,台新-五權西,0039004200320035,180,272,-92,0.14,13,sell
8/21,2408,中國信託,6160,252,157,95,0.15,14,buy
8/21,2408,富邦證券,9600,1050,1136,-86,0.13,14,sell
8/21,2408,國泰證券,8880,124,35,89,0.14,15,buy
8/21,2408,陽信-高雄,8713,124,209,-85,0.13,15,sell
8/21,2324,凱基-台北,9268,4684,3170,1514,3.54,1,buy
8/21,2324,摩根大通,8440,1421,3869,-2448,5.73,1,sell
8/21,2324,國票-敦北法人,0037003700390063,802,0,802,1.88,2,buy
8/21,2324,美商高盛,1480,2412,4670,-2258,5.28,2,sell
8/21,2324,群益金鼎-大安,0039003100380065,1673,896,777,1.82,3,buy
8/21,2324,美林,1440,471,1466,-995,2.33,3,sell
8/21,2324,元大證券,9800,2067,1392,675,1.58,4,buy
8/21,2324,永豐金-匯立,0039004100380031,0,890,-890,2.08,4,sell
8/21,2324,德信,6910,501,0,501,1.17,5,buy
8/21,2324,群益金鼎,9100,262,994,-732,1.71,5,sell
8/21,2324,群益金鼎-台北,0039003100380058,428,21,407,0.95,6,buy
8/21,2324,富邦-台北,9623,186,628,-442,1.03,6,sell
8/21,2324,統一-嘉義,5858,305,3,302,0.71,7,buy
8/21,2324,華南永昌-南京,9326,32,347,-315,0.74,7,sell
8/21,2324,永豐金-內湖,0039004100390067,312,27,285,0.67,8,buy
8/21,2324,台灣摩根士丹利,1470,2850,3161,-311,0.73,8,sell
8/21,2324,新加坡商瑞銀,1650,2615,2363,252,0.59,9,buy
8/21,2324,港商野村,1560,9,269,-260,0.61,9,sell
8/21,2324,元大-太平,0039003800310051,222,15,207,0.48,10,buy
8/21,2324,花旗環球,1590,589,751,-162,0.38,10,sell
8/21,2324,兆豐-台中,7003,207,12,195,0.46,11,buy
8/21,2324,(牛牛牛)亞-鑫豐,0036003000310064,409,570,-161,0.38,11,sell
8/21,2324,永豐金-板盛,0039004100390059,181,14,167,0.39,12,buy
8/21,2324,國泰-敦南,8888,645,774,-129,0.3,12,sell
8/21,2324,永豐金證券,0039004100300030,446,283,163,0.38,13,buy
8/21,2324,元大-忠孝,9871,7,118,-111,0.26,13,sell
8/21,2324,凱基-科園,9254,171,11,160,0.37,14,buy
8/21,2324,中國信託-忠孝,6162,522,630,-108,0.25,14,sell
8/21,2324,永豐金-信義,0039004100390052,138,10,128,0.3,15,buy
8/21,2324,華南永昌-林口,9317,14,118,-104,0.24,15,sell
8/21,1605,台灣摩根士丹利,1470,1694,749,945,7.32,1,buy
8/21,1605,美商高盛,1480,816,1251,-435,3.37,1,sell
8/21,1605,元大證券,9800,925,410,515,3.99,2,buy
8/21,1605,富邦證券,9600,1,402,-401,3.11,2,sell
8/21,1605,新加坡商瑞銀,1650,1105,706,399,3.09,3,buy
8/21,1605,美林,1440,17,293,-276,2.14,3,sell
8/21,1605,花旗環球,1590,373,0,373,2.89,4,buy
8/21,1605,第一金-台南,5384,14,122,-108,0.84,4,sell
8/21,1605,摩根大通,8440,504,131,373,2.89,5,buy
8/21,1605,合庫-台中,1021,8,112,-104,0.81,5,sell
8/21,1605,中國信託-忠孝,6162,265,6,259,2.01,6,buy
8/21,1605,元大-民生三民,0039003800390058,1,102,-101,0.78,6,sell
8/21,1605,台新-佳里,0039004200320077,262,25,237,1.84,7,buy
8/21,1605,元大-永康,9829,0,100,-100,0.77,7,sell
8/21,1605,永豐金-南京,0039004100390053,140,4,136,1.05,8,buy
8/21,1605,富邦-建國,9658,8,102,-94,0.73,8,sell
8/21,1605,富邦-新莊,0039003600320044,141,38,103,0.8,9,buy
8/21,1605,統一,5850,74,156,-82,0.64,9,sell
8/21,1605,富邦-宜蘭,9686,111,13,98,0.76,10,buy
8/21,1605,國泰-敦南,8888,172,252,-80,0.62,10,sell
8/21,1605,第一金-桃園,5385,72,5,67,0.52,11,buy
8/21,1605,凱基,9200,124,200,-76,0.59,11,sell
8/21,1605,群益金鼎,9100,150,85,65,0.5,12,buy
8/21,1605,台新,0039004200300030,85,161,-76,0.59,12,sell
8/21,1605,兆豐-桃園,003700300030004d,71,8,63,0.49,13,buy
8/21,1605,凱基-站前,0039003200300046,0,72,-72,0.56,13,sell
8/21,1605,國泰證券,8880,63,4,59,0.46,14,buy
8/21,1605,凱基-敦北,9237,0,66,-66,0.51,14,sell
8/21,1605,元大-大灣,9815,56,1,55,0.43,15,buy
8/21,1605,國票-內壢,7798,1,66,-65,0.5,15,sell
8/21,3231,花旗環球,1590,2872,140,2732,9.75,1,buy
8/21,3231,台灣摩根士丹利,1470,234,5087,-4853,17.31,1,sell
8/21,3231,凱基-士林,9238,915,1,914,3.26,2,buy
8/21,3231,美林,1440,105,3584,-3479,12.41,2,sell
8/21,3231,新加坡商瑞銀,1650,915,513,402,1.43,3,buy
8/21,3231,永豐金-匯立,0039004100380031,0,2254,-2254,8.04,3,sell
8/21,3231,美商高盛,1480,1523,1256,267,0.95,4,buy
8/21,3231,港商麥格理,1360,35,1861,-1826,6.51,4,sell
8/21,3231,香港上海匯豐,8960,250,0,250,0.89,5,buy
8/21,3231,凱基-台北,9268,1158,1567,-409,1.46,5,sell
8/21,3231,新光,8560,355,125,230,0.82,6,buy
8/21,3231,中國信託-高雄,003600310036004b,10,370,-360,1.28,6,sell
8/21,3231,臺銀,1040,218,2,216,0.77,7,buy
8/21,3231,富邦證券,9600,92,343,-251,0.9,7,sell
8/21,3231,國泰-敦南,8888,345,132,213,0.76,8,buy
8/21,3231,國票-敦北法人,0037003700390063,7,257,-250,0.89,8,sell
8/21,3231,大和國泰,8890,156,0,156,0.56,9,buy
8/21,3231,群益金鼎,9100,93,319,-226,0.81,9,sell
8/21,3231,永豐金證券,0039004100300030,247,97,150,0.54,10,buy
8/21,3231,法銀巴黎,8900,6,230,-224,0.8,10,sell
8/21,3231,凱基-三重,9205,130,6,124,0.44,11,buy
8/21,3231,港商野村,1560,82,250,-168,0.6,11,sell
8/21,3231,美好,5260,121,1,120,0.43,12,buy
8/21,3231,兆豐-竹北,7007,11,60,-49,0.17,12,sell
8/21,3231,元大-鹿港,0039003800390053,109,7,102,0.36,13,buy
8/21,3231,第一金,5380,15,63,-48,0.17,13,sell
8/21,3231,宏遠-台中,003100320036004c,101,10,91,0.32,14,buy
8/21,3231,永豐金-內湖,0039004100390067,23,62,-39,0.14,14,sell
8/21,3231,玉山-士林,0038003800340041,90,1,89,0.32,15,buy
8/21,3231,國泰證券,8880,3,27,-24,0.09,15,sell
8/21,2886,凱基-台北,9268,5257,807,4450,16.19,1,buy
8/21,2886,台新,0039004200300030,81,10981,-10900,39.67,1,sell
8/21,2886,美商高盛,1480,4007,359,3648,13.28,2,buy
8/21,2886,統一,5850,9,1715,-1706,6.21,2,sell
8/21,2886,摩根大通,8440,3843,223,3620,13.17,3,buy
8/21,2886,元大-內湖,003900380039004e,3,1602,-1599,5.82,3,sell
8/21,2886,台灣摩根士丹利,1470,4152,941,3211,11.69,4,buy
8/21,2886,台中銀,6110,4,1050,-1046,3.81,4,sell
8/21,2886,新加坡商瑞銀,1650,1961,1088,873,3.18,5,buy
8/21,2886,玉山證券,8840,7,817,-810,2.95,5,sell
8/21,2886,中國信託-高雄,003600310036004b,861,6,855,3.11,6,buy
8/21,2886,台新-台北,0039004200320030,1,750,-749,2.73,6,sell
8/21,2886,大和國泰,8890,732,0,732,2.66,7,buy
8/21,2886,中國信託,6160,2,174,-172,0.63,7,sell
8/21,2886,港商野村,1560,467,1,466,1.7,8,buy
8/21,2886,元大證券,9800,1782,1913,-131,0.48,8,sell
8/21,2886,富邦證券,9600,504,52,452,1.64,9,buy
8/21,2886,富邦-和美,0039003600310050,0,129,-129,0.47,9,sell
8/21,2886,花旗環球,1590,562,362,200,0.73,10,buy
8/21,2886,永豐金-萬盛,0039004100390032,5,100,-95,0.35,10,sell
8/21,2886,美林,1440,207,33,174,0.63,11,buy
8/21,2886,元大-博愛,0039003800320042,10,101,-91,0.33,11,sell
8/21,2886,康和,8450,100,0,100,0.36,12,buy
8/21,2886,永豐金-松山,0039004100390031,0,80,-80,0.29,12,sell
8/21,2886,港商麥格理,1360,57,0,57,0.21,13,buy
8/21,2886,新光,8560,156,220,-64,0.23,13,sell
8/21,2886,法銀巴黎,8900,48,0,48,0.17,14,buy
8/21,2886,兆豐-松德,0037003000300069,3,60,-57,0.21,14,sell
8/21,2886,永豐金證券,0039004100300030,100,53,47,0.17,15,buy
8/21,2886,國泰-敦南,8888,65,121,-56,0.2,15,sell
8/21,2890,港商野村,1560,900,9,891,7.74,1,buy
8/21,2890,新加坡商瑞銀,1650,1188,3298,-2110,18.34,1,sell
8/21,2890,凱基-台北,9268,1235,344,891,7.74,2,buy
8/21,2890,永豐金-匯立,0039004100380031,162,1021,-859,7.46,2,sell
8/21,2890,大和國泰,8890,809,0,809,7.03,3,buy
8/21,2890,第一金-高雄,5383,0,319,-319,2.77,3,sell
8/21,2890,台灣摩根士丹利,1470,1556,811,745,6.47,4,buy
8/21,2890,凱基,9200,15,289,-274,2.38,4,sell
8/21,2890,美商高盛,1480,1296,787,509,4.42,5,buy
8/21,2890,永豐金-新莊,0039004100390048,0,232,-232,2.02,5,sell
8/21,2890,法銀巴黎,8900,505,0,505,4.39,6,buy
8/21,2890,中國信託,6160,21,219,-198,1.72,6,sell
8/21,2890,花旗環球,1590,676,197,479,4.16,7,buy
8/21,2890,台新,0039004200300030,10,195,-185,1.61,7,sell
8/21,2890,元大證券,9800,797,379,418,3.63,8,buy
8/21,2890,凱基-新莊,0039003200310053,0,107,-107,0.93,8,sell
8/21,2890,福邦證券,6480,101,0,101,0.88,9,buy
8/21,2890,永豐金-敦南,0039004100380046,1,89,-88,0.76,9,sell
8/21,2890,摩根大通,8440,590,508,82,0.71,10,buy
8/21,2890,美林,1440,244,327,-83,0.72,10,sell
8/21,2890,港商麥格理,1360,63,0,63,0.55,11,buy
8/21,2890,永豐金-台南,0039004100390068,17,85,-68,0.59,11,sell
8/21,2890,(牛牛牛)亞-鑫豐,0036003000310064,55,1,54,0.47,12,buy
8/21,2890,富邦-陽明,9604,0,51,-51,0.44,12,sell
8/21,2890,台新-九如,0039004200320031,30,0,30,0.26,13,buy
8/21,2890,元大-北三重,0039003800390056,0,50,-50,0.43,13,sell
8/21,2890,元大-豐原站前,0039003800390057,29,0,29,0.25,14,buy
8/21,2890,永豐金證券,0039004100300030,11,61,-50,0.43,14,sell
8/21,2890,凱基-松山,9217,28,2,26,0.23,15,buy
8/21,2890,凱基-基隆,0039003200300048,1,50,-49,0.43,15,sell
8/21,5880,摩根大通,8440,2489,416,2073,15.06,1,buy
8/21,5880,新加坡商瑞銀,1650,644,1411,-767,5.57,1,sell
8/21,5880,凱基-台北,9268,2370,762,1608,11.68,2,buy
8/21,5880,美商高盛,1480,973,1691,-718,5.22,2,sell
8/21,5880,統一-新營,0035003800350045,1070,0,1070,7.77,3,buy
8/21,5880,群益金鼎-民權,9131,0,553,-553,4.02,3,sell
8/21,5880,元大證券,9800,1131,125,1006,7.31,4,buy
8/21,5880,元大-北府,0039003800300044,3,274,-271,1.97,4,sell
8/21,5880,大和國泰,8890,992,0,992,7.21,5,buy
8/21,5880,中國信託,6160,4,247,-243,1.77,5,sell
8/21,5880,花旗環球,1590,651,221,430,3.12,6,buy
8/21,5880,群益金鼎-松山,9103,0,200,-200,1.45,6,sell
8/21,5880,港商野村,1560,525,169,356,2.59,7,buy
8/21,5880,元大-上新莊,0039003800330047,0,200,-200,1.45,7,sell
8/21,5880,香港上海匯豐,8960,203,0,203,1.47,8,buy
8/21,5880,凱基-林口,9257,1,190,-189,1.37,8,sell
8/21,5880,台灣摩根士丹利,1470,467,310,157,1.14,9,buy
8/21,5880,凱基-中港,9202,0,164,-164,1.19,9,sell
8/21,5880,台灣企銀-民雄,0031003100310041,150,1,149,1.08,10,buy
8/21,5880,中國信託-嘉義,6168,0,150,-150,1.09,10,sell
8/21,5880,第一金-忠孝,0035003300380044,100,2,98,0.71,11,buy
8/21,5880,高橋,5320,0,127,-127,0.92,11,sell
8/21,5880,台新-三民,0039004200310033,100,4,96,0.7,12,buy
8/21,5880,合庫-新竹,0031003000320041,12,138,-126,0.92,12,sell
8/21,5880,凱基-永康,9278,55,1,54,0.39,13,buy
8/21,5880,富邦-新店,9661,0,122,-122,0.89,13,sell
8/21,5880,港商麥格理,1360,52,0,52,0.38,14,buy
8/21,5880,富邦-公益,0039003600310046,2,116,-114,0.83,14,sell
8/21,5880,永豐金-北高雄,0039004100390072,50,0,50,0.36,15,buy
8/21,5880,富邦-陽明,9604,0,110,-110,0.8,15,sell
8/21,6770,美商高盛,1480,7173,2034,5139,4.42,1,buy
8/21,6770,美林,1440,1609,3588,-1979,1.7,1,sell
8/21,6770,富邦證券,9600,965,185,780,0.67,2,buy
8/21,6770,港商野村,1560,81,1601,-1520,1.31,2,sell
8/21,6770,富邦-高雄,9659,1222,494,728,0.63,3,buy
8/21,6770,凱基-台北,9268,4713,5561,-848,0.73,3,sell
8/21,6770,康和,8450,437,12,425,0.37,4,buy
8/21,6770,台灣摩根士丹利,1470,6977,7734,-757,0.65,4,sell
8/21,6770,元大證券,9800,10688,10273,415,0.36,5,buy
8/21,6770,群益金鼎-大安,0039003100380065,21,569,-548,0.47,5,sell
8/21,6770,摩根大通,8440,3730,3383,347,0.3,6,buy
8/21,6770,新加坡商瑞銀,1650,2859,3319,-460,0.4,6,sell
8/21,6770,元大-向上,9824,297,86,211,0.18,7,buy
8/21,6770,元大-蘆洲,9857,503,957,-454,0.39,7,sell
8/21,6770,統一-仁愛,0035003800350063,259,55,204,0.18,8,buy
8/21,6770,永豐金-匯立,0039004100380031,0,426,-426,0.37,8,sell
8/21,6770,華南永昌,9300,327,132,195,0.17,9,buy
8/21,6770,中國信託-高雄,003600310036004b,125,512,-387,0.33,9,sell
8/21,6770,台新-建北,0039004200310038,409,229,180,0.15,10,buy
8/21,6770,華南永昌-東勢,9358,31,392,-361,0.31,10,sell
8/21,6770,花旗環球,1590,352,180,172,0.15,11,buy
8/21,6770,永豐金-大園,0039004100390038,117,383,-266,0.23,11,sell
8/21,6770,中國信託-嘉義,6168,288,139,149,0.13,12,buy
8/21,6770,元大-學甲,003900380033004b,23,282,-259,0.22,12,sell
8/21,6770,凱基,9200,148,0,148,0.13,13,buy
8/21,6770,富邦-永和,9654,448,627,-179,0.15,13,sell
8/21,6770,永豐金-敦北,0039004100380039,185,43,142,0.12,14,buy
8/21,6770,元大-成功,003900380039004c,105,274,-169,0.15,14,sell
8/21,6770,元大-佳里,0039003800310065,293,151,142,0.12,15,buy
8/21,6770,(牛牛牛)亞-鑫豐,0036003000310064,45,207,-162,0.14,15,sell
8/21,2027,摩根大通,8440,1264,403,861,9.12,1,buy
8/21,2027,新加坡商瑞銀,1650,146,800,-654,6.93,1,sell
8/21,2027,美林,1440,1163,335,828,8.77,2,buy
8/21,2027,台灣摩根士丹利,1470,789,1298,-509,5.39,2,sell
8/21,2027,美商高盛,1480,1483,973,510,5.4,3,buy
8/21,2027,凱基-台北,9268,330,700,-370,3.92,3,sell
8/21,2027,花旗環球,1590,272,0,272,2.88,4,buy
8/21,2027,港商野村,1560,9,337,-328,3.48,4,sell
8/21,2027,凱基,9200,221,11,210,2.23,5,buy
8/21,2027,國泰證券,8880,0,323,-323,3.42,5,sell
8/21,2027,元大-士林,003900380031006a,133,32,101,1.07,6,buy
8/21,2027,大和國泰,8890,0,290,-290,3.07,6,sell
8/21,2027,宏遠-台中,003100320036004c,100,0,100,1.06,7,buy
8/21,2027,元大證券,9800,195,428,-233,2.47,7,sell
8/21,2027,國票-博愛,003700370039007a,79,9,70,0.74,8,buy
8/21,2027,元大-上新莊,0039003800330047,2,102,-100,1.06,8,sell
8/21,2027,群益金鼎,9100,81,18,63,0.67,9,buy
8/21,2027,新光,8560,69,151,-82,0.87,9,sell
8/21,2027,台新-成功,003900420032006d,57,2,55,0.58,10,buy
8/21,2027,彰銀-台中,1233,5,58,-53,0.56,10,sell
8/21,2027,元大-中壢,9834,51,1,50,0.53,11,buy
8/21,2027,兆豐-桃園,003700300030004d,3,55,-52,0.55,11,sell
8/21,2027,華南永昌-苗栗,9362,162,116,46,0.49,12,buy
8/21,2027,第一金-嘉義,003500330038004d,0,50,-50,0.53,12,sell
8/21,2027,凱基-市政,9239,42,1,41,0.43,13,buy
8/21,2027,兆豐證券,7000,0,44,-44,0.47,13,sell
8/21,2027,台灣企銀-建成,0031003100310042,38,0,38,0.4,14,buy
8/21,2027,富邦證券,9600,108,140,-32,0.34,14,sell
8/21,2027,凱基-基隆,0039003200300048,37,0,37,0.39,15,buy
8/21,2027,第一金-台南,5384,1,32,-31,0.33,15,sell
8/21,2301,元大證券,9800,2763,1886,877,3.39,1,buy
8/21,2301,新加坡商瑞銀,1650,826,1649,-823,3.18,1,sell
8/21,2301,美林,1440,617,265,352,1.36,2,buy
8/21,2301,國票-敦北法人,0037003700390063,33,707,-674,2.6,2,sell
8/21,2301,台灣摩根士丹利,1470,2000,1656,344,1.33,3,buy
8/21,2301,兆豐證券,7000,200,793,-593,2.29,3,sell
8/21,2301,統一,5850,384,137,247,0.95,4,buy
8/21,2301,玉山證券,8840,77,629,-552,2.13,4,sell
8/21,2301,美商高盛,1480,1954,1736,218,0.84,5,buy
8/21,2301,永豐金-匯立,0039004100380031,6,372,-366,1.41,5,sell
8/21,2301,國泰-板橋,003800380038004b,275,107,168,0.65,6,buy
8/21,2301,群益金鼎,9100,444,773,-329,1.27,6,sell
8/21,2301,國泰證券,8880,277,176,101,0.39,7,buy
8/21,2301,凱基-站前,0039003200300046,72,294,-222,0.86,7,sell
8/21,2301,大和國泰,8890,99,0,99,0.38,8,buy
8/21,2301,元大-鳳中,0039003800350043,24,244,-220,0.85,8,sell
8/21,2301,國票-南港,7795,102,9,93,0.36,9,buy
8/21,2301,摩根大通,8440,958,1108,-150,0.58,9,sell
8/21,2301,富邦-台北,9623,155,97,58,0.22,10,buy
8/21,2301,玉山-大里,003800380034004a,16,128,-112,0.43,10,sell
8/21,2301,新光-高雄,8562,72,14,58,0.22,11,buy
8/21,2301,台新-建北,0039004200310038,39,134,-95,0.37,11,sell
8/21,2301,台新-新營,0039004200310031,57,6,51,0.2,12,buy
8/21,2301,元大-信義,003900380039006d,78,168,-90,0.35,12,sell
8/21,2301,凱基-竹科,9272,94,46,48,0.19,13,buy
8/21,2301,法銀巴黎,8900,16,81,-65,0.25,13,sell
8/21,2301,港商野村,1560,44,1,43,0.17,14,buy
8/21,2301,第一金-台中,5382,5,65,-60,0.23,14,sell
8/21,2301,富邦-南員林,0039003600310052,48,7,41,0.16,15,buy
8/21,2301,聯邦-嘉義,8582,4,63,-59,0.23,15,sell
8/21,0052,凱基-台北,9268,1845,148,1697,18.69,1,buy
8/21,0052,合庫-台中,1021,2,637,-635,6.99,1,sell
8/21,0052,富邦證券,9600,1300,3,1297,14.29,2,buy
8/21,0052,永豐金-忠孝,0039004100390044,0,488,-488,5.38,2,sell
8/21,0052,元大證券,9800,1207,532,675,7.43,3,buy
8/21,0052,台新,0039004200300030,312,620,-308,3.39,3,sell
8/21,0052,中國信託,6160,354,15,339,3.73,4,buy
8/21,0052,統一-桃園,0035003800350048,0,200,-200,2.2,4,sell
8/21,0052,兆豐證券,7000,300,10,290,3.19,5,buy
8/21,0052,康和,8450,115,290,-175,1.93,5,sell
8/21,0052,新加坡商瑞銀,1650,935,837,98,1.08,6,buy
8/21,0052,合庫證券,1020,3,116,-113,1.24,6,sell
8/21,0052,國泰證券,8880,61,1,60,0.66,7,buy
8/21,0052,第一金-高雄,5383,0,102,-102,1.12,7,sell
8/21,0052,台新-西松,003900420032006e,50,1,49,0.54,8,buy
8/21,0052,國泰-敦南,8888,136,217,-81,0.89,8,sell
8/21,0052,富邦-中壢,9636,53,17,36,0.4,9,buy
8/21,0052,永豐金-員林,0039004100390043,1,80,-79,0.87,9,sell
8/21,0052,富邦-永和,9654,45,11,34,0.37,10,buy
8/21,0052,臺銀,1040,26,92,-66,0.73,10,sell
8/21,0052,元大-上新莊,0039003800330047,40,7,33,0.36,11,buy
8/21,0052,凱基-東港,9212,16,77,-61,0.67,11,sell
8/21,0052,華南永昌,9300,44,13,31,0.34,12,buy
8/21,0052,元大-樹林,003900380039006a,3,64,-61,0.67,12,sell
8/21,0052,華南永昌-大甲,9315,33,2,31,0.34,13,buy
8/21,0052,永豐金-台中,003900410039004c,8,68,-60,0.66,13,sell
8/21,0052,臺銀-金山,0031003000340044,30,1,29,0.32,14,buy
8/21,0052,富邦-高雄,9659,3,62,-59,0.65,14,sell
8/21,0052,宏遠-高雄,0031003200360051,30,1,29,0.32,15,buy
8/21,0052,新光-桃園,8565,1,57,-56,0.62,15,sell
8/21,2356,花旗環球,1590,3011,15,2996,23.82,1,buy
8/21,2356,台灣摩根士丹利,1470,154,926,-772,6.14,1,sell
8/21,2356,元大證券,9800,2290,768,1522,12.1,2,buy
8/21,2356,美商高盛,1480,294,1039,-745,5.92,2,sell
8/21,2356,凱基-台北,9268,820,586,234,1.86,3,buy
8/21,2356,元大-松山,0039003800310070,0,253,-253,2.01,3,sell
8/21,2356,新加坡商瑞銀,1650,477,263,214,1.7,4,buy
8/21,2356,摩根大通,8440,685,908,-223,1.77,4,sell
8/21,2356,美林,1440,834,642,192,1.53,5,buy
8/21,2356,國泰-敦南,8888,118,312,-194,1.54,5,sell
8/21,2356,港商麥格理,1360,176,0,176,1.4,6,buy
8/21,2356,港商野村,1560,2,136,-134,1.07,6,sell
8/21,2356,大和國泰,8890,141,0,141,1.12,7,buy
8/21,2356,永豐金證券,0039004100300030,28,158,-130,1.03,7,sell
8/21,2356,元大-草屯,0039003800390045,91,21,70,0.56,8,buy
8/21,2356,元大-苗栗,003900380031004d,0,102,-102,0.81,8,sell
8/21,2356,康和-嘉義,8459,56,2,54,0.43,9,buy
8/21,2356,國泰-桃園,8885,7,93,-86,0.68,9,sell
8/21,2356,合庫-高雄,1023,62,14,48,0.38,10,buy
8/21,2356,陽信,8710,26,103,-77,0.61,10,sell
8/21,2356,富邦-樹林,0039003600320045,56,12,44,0.35,11,buy
8/21,2356,台新,0039004200300030,24,86,-62,0.49,11,sell
8/21,2356,國泰證券,8880,52,8,44,0.35,12,buy
8/21,2356,華南永昌-世貿,9334,0,56,-56,0.45,12,sell
8/21,2356,永豐金-竹北,0039004100390050,41,0,41,0.33,13,buy
8/21,2356,華南永昌-豐原,9366,0,52,-52,0.41,13,sell
8/21,2356,統一-內湖,0035003800350062,43,3,40,0.32,14,buy
8/21,2356,玉山證券,8840,37,89,-52,0.41,14,sell
8/21,2356,台新-三重,0039004200320033,30,0,30,0.24,15,buy
8/21,2356,富邦-港都,0039003600320051,0,48,-48,0.38,15,sell
8/21,1815,摩根大通,8440,8095,288,7807,6.45,1,buy
8/21,1815,台灣摩根士丹利,1470,6077,7562,-1485,1.23,1,sell
8/21,1815,美林,1440,4089,22,4067,3.36,2,buy
8/21,1815,凱基-台北,9268,5256,6460,-1204,0.99,2,sell
8/21,1815,美商高盛,1480,6372,2357,4015,3.32,3,buy
8/21,1815,台新,0039004200300030,630,1554,-924,0.76,3,sell
8/21,1815,新加坡商瑞銀,1650,5912,3824,2088,1.73,4,buy
8/21,1815,富邦-板橋,9655,156,856,-700,0.58,4,sell
8/21,1815,凱基-城中,9227,1975,607,1368,1.13,5,buy
8/21,1815,國泰-館前,0038003800380041,198,678,-480,0.4,5,sell
8/21,1815,港商野村,1560,1808,781,1027,0.85,6,buy
8/21,1815,國泰-敦南,8888,3551,3999,-448,0.37,6,sell
8/21,1815,永豐金-敦南,0039004100380046,1095,202,893,0.74,7,buy
8/21,1815,華南永昌,9300,194,537,-343,0.28,7,sell
8/21,1815,中國信託,6160,1070,503,567,0.47,8,buy
8/21,1815,富邦-新店,9661,206,513,-307,0.25,8,sell
8/21,1815,永豐金證券,0039004100300030,2403,1948,455,0.38,9,buy
8/21,1815,台中銀-豐原,0036003100310041,22,326,-304,0.25,9,sell
8/21,1815,元大證券,9800,11403,11017,386,0.32,10,buy
8/21,1815,群益金鼎-海山,9108,93,391,-298,0.25,10,sell
8/21,1815,永豐金-中正,0039004100390055,438,120,318,0.26,11,buy
8/21,1815,台新-城東,0039004200320072,155,377,-222,0.18,11,sell
8/21,1815,康和,8450,504,202,302,0.25,12,buy
8/21,1815,富邦-台北,9623,194,380,-186,0.15,12,sell
8/21,1815,永豐金-南京,0039004100390053,352,102,250,0.21,13,buy
8/21,1815,玉山-高雄,8843,194,379,-185,0.15,13,sell
8/21,1815,永豐金-信義,0039004100390052,280,40,240,0.2,14,buy
8/21,1815,群益金鼎-大安,0039003100380065,204,374,-170,0.14,14,sell
8/21,1815,華南永昌-忠孝,9325,460,261,199,0.16,15,buy
8/21,1815,新光,8560,921,1089,-168,0.14,15,sell
8/21,0050,元大證券,9800,10666,3776,6890,16.67,1,buy
8/21,0050,永豐金證券,0039004100300030,737,5525,-4788,11.58,1,sell
8/21,0050,第一金,5380,3552,24,3528,8.53,2,buy
8/21,0050,法銀巴黎,8900,9,1263,-1254,3.03,2,sell
8/21,0050,凱基-台北,9268,2943,305,2638,6.38,3,buy
8/21,0050,台新,0039004200300030,220,868,-648,1.57,3,sell
8/21,0050,中國信託,6160,2133,512,1621,3.92,4,buy
8/21,0050,國泰-敦南,8888,1065,1551,-486,1.18,4,sell
8/21,0050,美商高盛,1480,1528,705,823,1.99,5,buy
8/21,0050,國泰-館前,0038003800380041,111,475,-364,0.88,5,sell
8/21,0050,國泰證券,8880,838,35,803,1.94,6,buy
8/21,0050,玉山證券,8840,130,486,-356,0.86,6,sell
8/21,0050,統一,5850,758,300,458,1.11,7,buy
8/21,0050,華南永昌,9300,57,392,-335,0.81,7,sell
8/21,0050,國票-安和,003700370039005a,460,28,432,1.04,8,buy
8/21,0050,元大-內湖,003900380039004e,11,255,-244,0.59,8,sell
8/21,0050,富邦證券,9600,1348,1118,230,0.56,9,buy
8/21,0050,摩根大通,8440,0,223,-223,0.54,9,sell
8/21,0050,凱基-大直,9218,202,9,193,0.47,10,buy
8/21,0050,國泰-台南,8884,46,222,-176,0.43,10,sell
8/21,0050,台新-板橋,0039004200320062,198,49,149,0.36,11,buy
8/21,0050,元大-永春,9852,23,199,-176,0.43,11,sell
8/21,0050,華南永昌-內壢,9337,136,11,125,0.3,12,buy
8/21,0050,大昌-新店,6464,55,213,-158,0.38,12,sell
8/21,0050,凱基,9200,98,0,98,0.24,13,buy
8/21,0050,元大-大天母,9893,23,173,-150,0.36,13,sell
8/21,0050,富邦-竹北,9624,135,37,98,0.24,14,buy
8/21,0050,群益金鼎-內湖,0039003100380064,10,157,-147,0.36,14,sell
8/21,0050,群益金鼎-桃園,9189,107,14,93,0.22,15,buy
8/21,0050,聯邦證券,8580,12,154,-142,0.34,15,sell
8/21,2834,新加坡商瑞銀,1650,4256,1350,2906,10.49,1,buy
8/21,2834,台灣摩根士丹利,1470,1322,13714,-12392,44.74,1,sell
8/21,2834,美林,1440,2659,0,2659,9.6,2,buy
8/21,2834,福勝,6950,0,1913,-1913,6.91,2,sell
8/21,2834,摩根大通,8440,2785,253,2532,9.14,3,buy
8/21,2834,港商野村,1560,0,1257,-1257,4.54,3,sell
8/21,2834,大和國泰,8890,1025,0,1025,3.7,4,buy
8/21,2834,凱基-台北,9268,130,617,-487,1.76,4,sell
8/21,2834,陽信-石牌,8711,600,0,600,2.17,5,buy
8/21,2834,富邦-彰化,0039003600350055,9,301,-292,1.05,5,sell
8/21,2834,永豐金-潮州,0039004100390071,600,0,600,2.17,6,buy
8/21,2834,國票-和平,003700370039006a,0,271,-271,0.98,6,sell
8/21,2834,花旗環球,1590,734,173,561,2.03,7,buy
8/21,2834,富邦-八德,0039003600330041,1,259,-258,0.93,7,sell
8/21,2834,元大-屏東民生,0039003800310068,839,365,474,1.71,8,buy
8/21,2834,美好-富順,003500320036004b,3,226,-223,0.81,8,sell
8/21,2834,國票-內壢,7798,368,3,365,1.32,9,buy
8/21,2834,永豐金-新竹,0039004100390037,4,200,-196,0.71,9,sell
8/21,2834,美商高盛,1480,2336,1975,361,1.3,10,buy
8/21,2834,元大-萬華,0039003800310071,0,168,-168,0.61,10,sell
8/21,2834,國泰-高雄,8881,343,3,340,1.23,11,buy
8/21,2834,新百王,6210,191,328,-137,0.49,11,sell
8/21,2834,第一金-頭份,0035003300380049,311,0,311,1.12,12,buy
8/21,2834,富邦證券,9600,17,134,-117,0.42,12,sell
8/21,2834,國泰-新竹,003800380038004e,301,10,291,1.05,13,buy
8/21,2834,永豐金-員林,0039004100390043,101,213,-112,0.4,13,sell
8/21,2834,臺銀-臺南,1042,278,1,277,1.0,14,buy
8/21,2834,元大證券,9800,348,455,-107,0.39,14,sell
8/21,2834,新光,8560,257,38,219,0.79,15,buy
8/21,2834,台新-烏日,0039004200320063,2,100,-98,0.35,15,sell
8/21,2327,元大證券,9800,1924,1242,682,3.31,1,buy
8/21,2327,台灣摩根士丹利,1470,1246,2169,-923,4.47,1,sell
8/21,2327,摩根大通,8440,695,404,291,1.41,2,buy
8/21,2327,國票-敦北法人,0037003700390063,8,710,-702,3.4,2,sell
8/21,2327,凱基-台北,9268,806,596,210,1.02,3,buy
8/21,2327,統一,5850,16,569,-553,2.68,3,sell
8/21,2327,元大-中山北路,0039003800300061,173,8,165,0.8,4,buy
8/21,2327,美商高盛,1480,329,627,-298,1.44,4,sell
8/21,2327,永豐金證券,0039004100300030,511,408,103,0.5,5,buy
8/21,2327,富邦證券,9600,52,334,-282,1.37,5,sell
8/21,2327,國泰-敦南,8888,941,845,96,0.47,6,buy
8/21,2327,群益金鼎-館前,0039003100330059,32,297,-265,1.28,6,sell
8/21,2327,台新-高雄,0039004200310067,147,60,87,0.42,7,buy
8/21,2327,凱基-城中,9227,10,164,-154,0.75,7,sell
8/21,2327,大和國泰,8890,79,0,79,0.38,8,buy
8/21,2327,港商野村,1560,16,103,-87,0.42,8,sell
8/21,2327,花旗環球,1590,103,24,79,0.38,9,buy
8/21,2327,美林,1440,124,211,-87,0.42,9,sell
8/21,2327,華南永昌,9300,111,54,57,0.28,10,buy
8/21,2327,永豐金-古亭,0039004100390064,26,68,-42,0.2,10,sell
8/21,2327,國泰-台中,8882,131,91,40,0.19,11,buy
8/21,2327,凱基-站前,0039003200300046,26,59,-33,0.16,11,sell
8/21,2327,兆豐-中壢,0037003000300062,55,16,39,0.19,12,buy
8/21,2327,元大-忠孝鼎富,0039003800320046,2,33,-31,0.15,12,sell
8/21,2327,富邦-樹林,0039003600320045,87,49,38,0.18,13,buy
8/21,2327,兆豐-板橋,0037003000300042,24,52,-28,0.14,13,sell
8/21,2327,永豐金-台中,003900410039004c,51,21,30,0.15,14,buy
8/21,2327,元大-成功,003900380039004c,40,62,-22,0.11,14,sell
8/21,2327,富邦-板橋,9655,59,29,30,0.15,15,buy
8/21,2327,群益金鼎,9100,108,129,-21,0.1,15,sell
8/21,2492,元大證券,9800,2450,1980,470,1.9,1,buy
8/21,2492,台灣摩根士丹利,1470,434,2140,-1706,6.9,1,sell
8/21,2492,美林,1440,500,176,324,1.31,2,buy
8/21,2492,摩根大通,8440,588,1487,-899,3.64,2,sell
8/21,2492,凱基-站前,0039003200300046,245,34,211,0.85,3,buy
8/21,2492,國票-敦北法人,0037003700390063,3,698,-695,2.81,3,sell
8/21,2492,國泰-敦南,8888,753,563,190,0.77,4,buy
8/21,2492,港商野村,1560,187,880,-693,2.8,4,sell
8/21,2492,花旗環球,1590,136,1,135,0.55,5,buy
8/21,2492,統一,5850,53,745,-692,2.8,5,sell
8/21,2492,永豐金-中正,0039004100390055,131,16,115,0.47,6,buy
8/21,2492,新加坡商瑞銀,1650,401,920,-519,2.1,6,sell
8/21,2492,康和,8450,115,10,105,0.42,7,buy
8/21,2492,富邦證券,9600,85,548,-463,1.87,7,sell
8/21,2492,群益金鼎,9100,426,326,100,0.4,8,buy
8/21,2492,凱基-台北,9268,1397,1715,-318,1.29,8,sell
8/21,2492,凱基,9200,69,2,67,0.27,9,buy
8/21,2492,群益金鼎-館前,0039003100330059,12,173,-161,0.65,9,sell
8/21,2492,新光,8560,224,159,65,0.26,10,buy
8/21,2492,華南永昌-忠孝,9325,13,143,-130,0.53,10,sell
8/21,2492,元大-鹿港,0039003800390053,74,12,62,0.25,11,buy
8/21,2492,港商麥格理,1360,1,64,-63,0.25,11,sell
8/21,2492,台新,0039004200300030,151,92,59,0.24,12,buy
8/21,2492,兆豐-台中,7003,49,108,-59,0.24,12,sell
8/21,2492,國泰-台中,8882,161,102,59,0.24,13,buy
8/21,2492,台新-北新莊,0039004200320038,6,55,-49,0.2,13,sell
8/21,2492,永豐金-內湖,0039004100390067,57,1,56,0.23,14,buy
8/21,2492,富邦-建國,9658,42,90,-48,0.19,14,sell
8/21,2492,國泰-高雄,8881,86,32,54,0.22,15,buy
8/21,2492,永豐金-新莊,0039004100390048,10,57,-47,0.19,15,sell
8/21,6182,摩根大通,8440,1904,470,1434,3.65,1,buy
8/21,6182,凱基-台北,9268,3116,4482,-1366,3.48,1,sell
8/21,6182,群益金鼎-大安,0039003100380065,908,281,627,1.6,2,buy
8/21,6182,元大證券,9800,3360,4370,-1010,2.57,2,sell
8/21,6182,國票-敦北法人,0037003700390063,470,17,453,1.15,3,buy
8/21,6182,美商高盛,1480,1195,1903,-708,1.8,3,sell
8/21,6182,美林,1440,518,191,327,0.83,4,buy
8/21,6182,國泰證券,8880,21,657,-636,1.62,4,sell
8/21,6182,兆豐-台中,7003,255,10,245,0.62,5,buy
8/21,6182,新加坡商瑞銀,1650,978,1554,-576,1.47,5,sell
8/21,6182,國泰-敦南,8888,1311,1066,245,0.62,6,buy
8/21,6182,台灣摩根士丹利,1470,606,1047,-441,1.12,6,sell
8/21,6182,國泰-板橋,003800380038004b,368,180,188,0.48,7,buy
8/21,6182,富邦-內湖,9627,28,326,-298,0.76,7,sell
8/21,6182,台新-台中,0039004200310068,291,108,183,0.47,8,buy
8/21,6182,第一金-路竹,0035003300380050,23,281,-258,0.66,8,sell
8/21,6182,永豐金-信義,0039004100390052,147,24,123,0.31,9,buy
8/21,6182,臺銀-高雄,0031003000340043,66,301,-235,0.6,9,sell
8/21,6182,台新,0039004200300030,371,266,105,0.27,10,buy
8/21,6182,花旗環球,1590,95,299,-204,0.52,10,sell
8/21,6182,群益金鼎-台北,0039003100380058,117,19,98,0.25,11,buy
8/21,6182,港商野村,1560,112,292,-180,0.46,11,sell
8/21,6182,元大-大安,003900380033004e,101,10,91,0.23,12,buy
8/21,6182,富邦證券,9600,196,366,-170,0.43,12,sell
8/21,6182,富邦-仁愛,9676,161,76,85,0.22,13,buy
8/21,6182,元大-忠孝,9871,34,194,-160,0.41,13,sell
8/21,6182,台新-城中,0039004200320045,348,266,82,0.21,14,buy
8/21,6182,兆豐-西螺,0037003000300044,5,153,-148,0.38,14,sell
8/21,6182,元大-新莊,9898,148,66,82,0.21,15,buy
8/21,6182,台新-北中壢,003900420032004c,22,167,-145,0.37,15,sell
8/21,2409,美商高盛,1480,1593,764,829,1.56,1,buy
8/21,2409,美林,1440,92,2322,-2230,4.2,1,sell
8/21,2409,新加坡商瑞銀,1650,1670,929,741,1.4,2,buy
8/21,2409,摩根大通,8440,11,1369,-1358,2.56,2,sell
8/21,2409,宏遠證券,1260,519,2,517,0.97,3,buy
8/21,2409,凱基-台北,9268,3056,4363,-1307,2.46,3,sell
8/21,2409,統一-仁愛,0035003800350063,499,4,495,0.93,4,buy
8/21,2409,國泰-敦南,8888,1562,2581,-1019,1.92,4,sell
8/21,2409,元大-學甲,003900380033004b,484,13,471,0.89,5,buy
8/21,2409,元大-蘆洲中正,0039003800390049,36,688,-652,1.23,5,sell
8/21,2409,花旗環球,1590,469,63,406,0.77,6,buy
8/21,2409,港商野村,1560,21,637,-616,1.16,6,sell
8/21,2409,台新-三重,0039004200320033,324,6,318,0.6,7,buy
8/21,2409,台新-新興,003900420032006f,19,495,-476,0.9,7,sell
8/21,2409,台新,0039004200300030,621,353,268,0.51,8,buy
8/21,2409,富邦-宜蘭,9686,199,486,-287,0.54,8,sell
8/21,2409,土銀-新竹,1035,262,6,256,0.48,9,buy
8/21,2409,華南永昌-虎尾,9377,86,357,-271,0.51,9,sell
8/21,2409,台新-潮州,0039004200320043,250,3,247,0.47,10,buy
8/21,2409,群益金鼎-大安,0039003100380065,0,250,-250,0.47,10,sell
8/21,2409,中國信託-永康,6163,611,386,225,0.42,11,buy
8/21,2409,新光-高雄,8562,139,363,-224,0.42,11,sell
8/21,2409,玉山-左營,0038003800340044,240,34,206,0.39,12,buy
8/21,2409,陽信-高雄,8713,2,200,-198,0.37,12,sell
8/21,2409,元大證券,9800,2170,1974,196,0.37,13,buy
8/21,2409,台灣企銀-台中,1111,5,202,-197,0.37,13,sell
8/21,2409,國泰-台中,8882,412,235,177,0.33,14,buy
8/21,2409,富邦-台北,9623,490,676,-186,0.35,14,sell
8/21,2409,第一金-新竹,0035003300380042,381,209,172,0.32,15,buy
8/21,2409,永豐金-高雄,0039004100390065,100,271,-171,0.32,15,sell
8/21,1303,國泰證券,8880,1657,178,1479,2.73,1,buy
8/21,1303,摩根大通,8440,1636,2644,-1008,1.86,1,sell
8/21,1303,富邦證券,9600,1386,101,1285,2.37,2,buy
8/21,1303,港商野村,1560,398,1055,-657,1.21,2,sell
8/21,1303,凱基-台北,9268,3379,2325,1054,1.94,3,buy
8/21,1303,台灣摩根士丹利,1470,1911,2407,-496,0.91,3,sell
8/21,1303,富邦-嘉義,9692,1092,150,942,1.74,4,buy
8/21,1303,國泰-敦南,8888,1425,1810,-385,0.71,4,sell
8/21,1303,統一,5850,1069,154,915,1.69,5,buy
8/21,1303,國泰-板橋,003800380038004b,147,470,-323,0.6,5,sell
8/21,1303,元大證券,9800,4462,3671,791,1.46,6,buy
8/21,1303,富邦-彰化,0039003600350055,11,248,-237,0.44,6,sell
8/21,1303,新加坡商瑞銀,1650,3346,2799,547,1.01,7,buy
8/21,1303,群益金鼎-永和,003900310038004a,24,234,-210,0.39,7,sell
8/21,1303,永豐金證券,0039004100300030,814,336,478,0.88,8,buy
8/21,1303,元大-民生三民,0039003800390058,91,261,-170,0.31,8,sell
8/21,1303,群益金鼎-內湖,0039003100380064,329,12,317,0.58,9,buy
8/21,1303,元大-蘆洲中正,0039003800390049,93,259,-166,0.31,9,sell
8/21,1303,第一金,5380,331,33,298,0.55,10,buy
8/21,1303,統一-城中,5854,274,438,-164,0.3,10,sell
8/21,1303,元大-大天母,9893,310,17,293,0.54,11,buy
8/21,1303,華南永昌-南京,9326,93,252,-159,0.29,11,sell
8/21,1303,凱基,9200,420,137,283,0.52,12,buy
8/21,1303,元大-成功,003900380039004c,58,205,-147,0.27,12,sell
8/21,1303,花旗環球,1590,452,177,275,0.51,13,buy
8/21,1303,美好-蘆洲,5261,50,183,-133,0.25,13,sell
8/21,1303,康和-嘉義,8459,321,65,256,0.47,14,buy
8/21,1303,元大-復北,9872,13,142,-129,0.24,14,sell
8/21,1303,富邦-仁愛,9676,382,147,235,0.43,15,buy
8/21,1303,中國信託-文心,6164,35,146,-111,0.2,15,sell
8/21,2801,凱基-台北,9268,2241,208,2033,15.22,1,buy
8/21,2801,富邦-陽明,9604,23,707,-684,5.12,1,sell
8/21,2801,美商高盛,1480,1916,529,1387,10.39,2,buy
8/21,2801,花旗環球,1590,992,1531,-539,4.04,2,sell
8/21,2801,台灣摩根士丹利,1470,1313,497,816,6.11,3,buy
8/21,2801,臺銀-臺南,1042,0,513,-513,3.84,3,sell
8/21,2801,大和國泰,8890,806,0,806,6.04,4,buy
8/21,2801,華南永昌-台南,9306,1,401,-400,3.0,4,sell
8/21,2801,富邦證券,9600,670,109,561,4.2,5,buy
8/21,2801,新加坡商瑞銀,1650,1902,2178,-276,2.07,5,sell
8/21,2801,摩根大通,8440,697,165,532,3.98,6,buy
8/21,2801,香港上海匯豐,8960,0,276,-276,2.07,6,sell
8/21,2801,永豐金-潮州,0039004100390071,300,5,295,2.21,7,buy
8/21,2801,兆豐-嘉義,7001,5,222,-217,1.62,7,sell
8/21,2801,元大證券,9800,431,138,293,2.19,8,buy
8/21,2801,永豐金-萬盛,0039004100390032,0,202,-202,1.51,8,sell
8/21,2801,港商麥格理,1360,244,0,244,1.83,9,buy
8/21,2801,德信-新營,6913,61,200,-139,1.04,9,sell
8/21,2801,台新,0039004200300030,203,51,152,1.14,10,buy
8/21,2801,凱基-台中,9204,10,130,-120,0.9,10,sell
8/21,2801,元大-土城永寧,9875,101,15,86,0.64,11,buy
8/21,2801,元大-大同,0039003800390047,0,105,-105,0.79,11,sell
8/21,2801,玉山-城中,0038003800340045,80,3,77,0.58,12,buy
8/21,2801,國泰-忠孝,8887,0,102,-102,0.76,12,sell
8/21,2801,元大-大里,0039003800310067,78,5,73,0.55,13,buy
8/21,2801,第一金-路竹,0035003300380050,0,100,-100,0.75,13,sell
8/21,2801,統一-板橋,0035003800350050,50,0,50,0.37,14,buy
8/21,2801,合庫-高雄,1023,5,104,-99,0.74,14,sell
8/21,2801,第一金-員林,5381,50,5,45,0.34,15,buy
8/21,2801,華南永昌-鳳山,9331,5,100,-95,0.71,15,sell
8/21,5904,美林,1440,1173,447,726,9.05,1,buy
8/21,5904,新加坡商瑞銀,1650,97,1494,-1397,17.41,1,sell
8/21,5904,凱基-台北,9268,572,262,310,3.86,2,buy
8/21,5904,美商高盛,1480,279,1507,-1228,15.3,2,sell
8/21,5904,港商野村,1560,185,0,185,2.31,3,buy
8/21,5904,台灣摩根士丹利,1470,403,1089,-686,8.55,3,sell
8/21,5904,國泰-敦南,8888,306,171,135,1.68,4,buy
8/21,5904,凱基,9200,0,173,-173,2.16,4,sell
8/21,5904,合庫-台中,1021,45,1,44,0.55,5,buy
8/21,5904,合庫-彰化,1028,9,63,-54,0.67,5,sell
8/21,5904,新光,8560,68,29,39,0.49,6,buy
8/21,5904,台灣企銀,1110,0,48,-48,0.6,6,sell
8/21,5904,台新,0039004200300030,45,7,38,0.47,7,buy
8/21,5904,中國信託-文心,6164,8,36,-28,0.35,7,sell
8/21,5904,永豐金證券,0039004100300030,56,27,29,0.36,8,buy
8/21,5904,土銀-新竹,1035,2,24,-22,0.27,8,sell
8/21,5904,永豐金-三重,003900410039004b,28,0,28,0.35,9,buy
8/21,5904,永豐金-北高雄,0039004100390072,15,34,-19,0.24,9,sell
8/21,5904,國泰-台中,8882,43,16,27,0.34,10,buy
8/21,5904,群益金鼎-海山,9108,2,20,-18,0.22,10,sell
8/21,5904,台新-宜蘭,0039004200320055,26,0,26,0.32,11,buy
8/21,5904,群益金鼎,9100,70,87,-17,0.21,11,sell
8/21,5904,富邦-永和,9654,23,1,22,0.27,12,buy
8/21,5904,玉山-左營,0038003800340044,4,21,-17,0.21,12,sell
8/21,5904,元大-蘆洲,9857,28,6,22,0.27,13,buy
8/21,5904,富邦-高雄,9659,14,30,-16,0.2,13,sell
8/21,5904,凱基-三多,9275,21,0,21,0.26,14,buy
8/21,5904,國票證券,7790,3,19,-16,0.2,14,sell
8/21,5904,元大-復北,9872,21,0,21,0.26,15,buy
8/21,5904,臺銀-新竹,1045,5,20,-15,0.19,15,sell
8/21,2337,美商高盛,1480,5177,3223,1954,6.47,1,buy
8/21,2337,凱基-台北,9268,2735,3700,-965,3.2,1,sell
8/21,2337,港商野村,1560,396,11,385,1.28,2,buy
8/21,2337,美林,1440,19,468,-449,1.49,2,sell
8/21,2337,台灣摩根士丹利,1470,1686,1475,211,0.7,3,buy
8/21,2337,華南永昌-大甲,9315,1,405,-404,1.34,3,sell
8/21,2337,新光,8560,374,236,138,0.46,4,buy
8/21,2337,摩根大通,8440,821,1199,-378,1.25,4,sell
8/21,2337,合庫-自強,0031003000320043,134,12,122,0.4,5,buy
8/21,2337,新百王,6210,107,442,-335,1.11,5,sell
8/21,2337,台新-建北,0039004200310038,129,19,110,0.36,6,buy
8/21,2337,元大證券,9800,1990,2286,-296,0.98,6,sell
8/21,2337,凱基-桃園,9208,114,6,108,0.36,7,buy
8/21,2337,凱基-城中,9227,2,144,-142,0.47,7,sell
8/21,2337,兆豐-南京,0037003000300050,105,5,100,0.33,8,buy
8/21,2337,新加坡商瑞銀,1650,420,561,-141,0.47,8,sell
8/21,2337,元大-成功,003900380039004c,123,25,98,0.32,9,buy
8/21,2337,永豐金證券,0039004100300030,186,302,-116,0.38,9,sell
8/21,2337,永豐金-內湖,0039004100390067,111,16,95,0.31,10,buy
8/21,2337,統一,5850,22,99,-77,0.26,10,sell
8/21,2337,元大-鳳中,0039003800350043,85,4,81,0.27,11,buy
8/21,2337,凱基-站前,0039003200300046,20,93,-73,0.24,11,sell
8/21,2337,永豐金-員林,0039004100390043,76,8,68,0.23,12,buy
8/21,2337,永豐金-竹科,0039004100390058,75,144,-69,0.23,12,sell
8/21,2337,玉山-左營,0038003800340044,128,65,63,0.21,13,buy
8/21,2337,合庫-桃園,0031003000320045,10,72,-62,0.21,13,sell
8/21,2337,永豐金-萬盛,0039004100390032,76,18,58,0.19,14,buy
8/21,2337,兆豐-高雄,003700300030005a,14,76,-62,0.21,14,sell
8/21,2337,元大-民生三民,0039003800390058,62,4,58,0.19,15,buy
8/21,2337,群益金鼎-基隆,0039003100330045,42,101,-59,0.2,15,sell
8/21,2449,美商高盛,1480,2464,1080,1384,12.98,1,buy
8/21,2449,新加坡商瑞銀,1650,473,2615,-2142,20.09,1,sell
8/21,2449,美林,1440,881,159,722,6.77,2,buy
8/21,2449,凱基,9200,3,514,-511,4.79,2,sell
8/21,2449,國泰證券,8880,525,49,476,4.46,3,buy
8/21,2449,摩根大通,8440,90,492,-402,3.77,3,sell
8/21,2449,國泰-敦南,8888,152,80,72,0.68,4,buy
8/21,2449,富邦證券,9600,61,432,-371,3.48,4,sell
8/21,2449,大和國泰,8890,63,0,63,0.59,5,buy
8/21,2449,花旗環球,1590,58,363,-305,2.86,5,sell
8/21,2449,永豐金證券,0039004100300030,66,21,45,0.42,6,buy
8/21,2449,凱基-台北,9268,314,525,-211,1.98,6,sell
8/21,2449,永豐金-市政,0039004100390057,57,14,43,0.4,7,buy
8/21,2449,元大證券,9800,1111,1314,-203,1.9,7,sell
8/21,2449,富邦-建國,9658,44,4,40,0.38,8,buy
8/21,2449,台灣摩根士丹利,1470,310,396,-86,0.81,8,sell
8/21,2449,國泰-板橋,003800380038004b,51,18,33,0.31,9,buy
8/21,2449,台灣企銀,1110,6,82,-76,0.71,9,sell
8/21,2449,國票-北高雄,003700370039004a,29,2,27,0.25,10,buy
8/21,2449,港商野村,1560,24,69,-45,0.42,10,sell
8/21,2449,合庫-高雄,1023,30,5,25,0.23,11,buy
8/21,2449,永豐金-天母,0039004100390047,6,51,-45,0.42,11,sell
8/21,2449,台新-台中,0039004200310068,52,28,24,0.23,12,buy
8/21,2449,第一金-新竹,0035003300380042,1,26,-25,0.23,12,sell
8/21,2449,永豐金-匯立,0039004100380031,24,0,24,0.23,13,buy
8/21,2449,群益金鼎-海山,9108,4,24,-20,0.19,13,sell
8/21,2449,元大-沙鹿,0039003800300064,25,2,23,0.22,14,buy
8/21,2449,元大-大安,003900380033004e,1,16,-15,0.14,14,sell
8/21,2449,華南永昌-高雄,9303,23,0,23,0.22,15,buy
8/21,2449,統一,5850,8,21,-13,0.12,15,sell
8/21,5483,國泰-敦南,8888,765,314,451,1.7,1,buy
8/21,5483,美商高盛,1480,422,2819,-2397,9.03,1,sell
8/21,5483,凱基-文心,9297,259,5,254,0.96,2,buy
8/21,5483,凱基-台北,9268,732,2814,-2082,7.84,2,sell
8/21,5483,富邦-台南,9667,203,24,179,0.67,3,buy
8/21,5483,台灣摩根士丹利,1470,85,1831,-1746,6.58,3,sell
8/21,5483,新光,8560,337,187,150,0.57,4,buy
8/21,5483,摩根大通,8440,1,1383,-1382,5.21,4,sell
8/21,5483,玉山-高雄,8843,156,25,131,0.49,5,buy
8/21,5483,新加坡商瑞銀,1650,153,1530,-1377,5.19,5,sell
8/21,5483,兆豐-大同,0037003000300053,132,5,127,0.48,6,buy
8/21,5483,美林,1440,18,962,-944,3.56,6,sell
8/21,5483,統一-城中,5854,164,40,124,0.47,7,buy
8/21,5483,元大證券,9800,2493,3243,-750,2.83,7,sell
8/21,5483,兆豐-永和,0037003000300058,118,1,117,0.44,8,buy
8/21,5483,第一金,5380,5,341,-336,1.27,8,sell
8/21,5483,元大-中壢,9834,153,38,115,0.43,9,buy
8/21,5483,群益金鼎,9100,561,855,-294,1.11,9,sell
8/21,5483,台新-台中,0039004200310068,143,35,108,0.41,10,buy
8/21,5483,永豐金證券,0039004100300030,139,390,-251,0.95,10,sell
8/21,5483,國票-敦北法人,0037003700390063,218,111,107,0.4,11,buy
8/21,5483,統一,5850,171,389,-218,0.82,11,sell
8/21,5483,富邦-陽明,9604,116,18,98,0.37,12,buy
8/21,5483,兆豐-民生,0037003000300063,26,219,-193,0.73,12,sell
8/21,5483,中國信託,6160,138,42,96,0.36,13,buy
8/21,5483,兆豐-台中,7003,9,167,-158,0.6,13,sell
8/21,5483,國泰-台中,8882,191,99,92,0.35,14,buy
8/21,5483,群益金鼎-台北,0039003100380058,5,154,-149,0.56,14,sell
8/21,5483,國票-長城,0037003700390075,84,2,82,0.31,15,buy
8/21,5483,凱基-松山,9217,21,104,-83,0.31,15,sell
8/21,2344,摩根大通,8440,13665,1013,12652,11.09,1,buy
8/21,2344,台灣摩根士丹利,1470,2776,4428,-1652,1.45,1,sell
8/21,2344,元大證券,9800,15122,10323,4799,4.2,2,buy
8/21,2344,美林,1440,3076,4067,-991,0.87,2,sell
8/21,2344,美商高盛,1480,8119,6937,1182,1.04,3,buy
8/21,2344,永豐金-匯立,0039004100380031,20,927,-907,0.79,3,sell
8/21,2344,新加坡商瑞銀,1650,5359,4503,856,0.75,4,buy
8/21,2344,國泰-敦南,8888,3854,4578,-724,0.63,4,sell
8/21,2344,富邦證券,9600,1948,1298,650,0.57,5,buy
8/21,2344,凱基-台北,9268,4007,4678,-671,0.59,5,sell
8/21,2344,兆豐-民生,0037003000300063,504,9,495,0.43,6,buy
8/21,2344,元大-桃興,9894,65,350,-285,0.25,6,sell
8/21,2344,康和,8450,320,18,302,0.26,7,buy
8/21,2344,群益金鼎-新竹,9186,37,274,-237,0.21,7,sell
8/21,2344,元大-古亭,003900380039006b,402,150,252,0.22,8,buy
8/21,2344,元大-信義,003900380039006d,29,245,-216,0.19,8,sell
8/21,2344,統一,5850,429,193,236,0.21,9,buy
8/21,2344,兆豐-南門,0037003000300067,23,236,-213,0.19,9,sell
8/21,2344,永豐金證券,0039004100300030,1016,826,190,0.17,10,buy
8/21,2344,台新-五權西,0039004200320035,33,239,-206,0.18,10,sell
8/21,2344,富邦-南屯,9666,329,174,155,0.14,11,buy
8/21,2344,華南永昌-南京,9326,372,563,-191,0.17,11,sell
8/21,2344,元大-中壢,9834,363,235,128,0.11,12,buy
8/21,2344,國泰-台中,8882,614,792,-178,0.16,12,sell
8/21,2344,華南永昌-三重,9369,137,31,106,0.09,13,buy
8/21,2344,中國信託-忠孝,6162,490,652,-162,0.14,13,sell
8/21,2344,統一-屏東,5859,111,28,83,0.07,14,buy
8/21,2344,新光,8560,724,886,-162,0.14,14,sell
8/21,2344,(牛牛牛)亞-鑫豐,0036003000310064,170,94,76,0.07,15,buy
8/21,2344,元大-西屯,0039003800300077,124,278,-154,0.13,15,sell
8/21,0056,凱基-台北,9268,3551,147,3404,24.89,1,buy
8/21,0056,國泰證券,8880,183,2000,-1817,13.29,1,sell
8/21,0056,中國信託,6160,1069,73,996,7.28,2,buy
8/21,0056,國泰-敦南,8888,212,743,-531,3.88,2,sell
8/21,0056,新加坡商瑞銀,1650,1416,807,609,4.45,3,buy
8/21,0056,兆豐-南門,0037003000300067,6,403,-397,2.9,3,sell
8/21,0056,美商高盛,1480,540,0,540,3.95,4,buy
8/21,0056,元大-大同,0039003800390047,22,413,-391,2.86,4,sell
8/21,0056,元大證券,9800,471,149,322,2.35,5,buy
8/21,0056,摩根大通,8440,0,180,-180,1.32,5,sell
8/21,0056,富邦證券,9600,175,13,162,1.18,6,buy
8/21,0056,第一金-中壢,0035003300380059,41,156,-115,0.84,6,sell
8/21,0056,大昌-桃園,6465,131,1,130,0.95,7,buy
8/21,0056,元大-內湖,003900380039004e,10,114,-104,0.76,7,sell
8/21,0056,凱基-大直,9218,104,8,96,0.7,8,buy
8/21,0056,元大-善化,0039003800310079,5,103,-98,0.72,8,sell
8/21,0056,永豐金證券,0039004100300030,193,105,88,0.64,9,buy
8/21,0056,玉山-新莊,8842,6,102,-96,0.7,9,sell
8/21,0056,兆豐-三重,7008,84,30,54,0.39,10,buy
8/21,0056,元大-中壢,9834,9,95,-86,0.63,10,sell
8/21,0056,台新-松德,0039004200320061,58,3,55,0.4,11,buy
8/21,0056,光和-花壇,6385,0,70,-70,0.51,11,sell
8/21,0056,永豐金-桃園,0039004100390078,54,7,47,0.34,12,buy
8/21,0056,國票-九鼎,0037003700390050,3,73,-70,0.51,12,sell
8/21,0056,群益金鼎-台中,9184,58,16,42,0.31,13,buy
8/21,0056,元大-苑裡,0039003800390061,0,65,-65,0.48,13,sell
8/21,0056,永豐金-萬盛,0039004100390032,52,12,40,0.29,14,buy
8/21,0056,元大-士林,003900380031006a,13,74,-61,0.45,14,sell
8/21,0056,元大-桃園,0039003800380042,47,9,38,0.28,15,buy
8/21,0056,聯邦-雙和,8584,0,58,-58,0.42,15,sell
8/21,3045,台灣摩根士丹利,1470,4460,313,4147,31.25,1,buy
8/21,3045,福邦證券,6480,0,1631,-1631,12.29,1,sell
8/21,3045,元大證券,9800,1098,158,940,7.08,2,buy
8/21,3045,凱基-城中,9227,0,1519,-1519,11.45,2,sell
8/21,3045,美商高盛,1480,1412,490,922,6.95,3,buy
8/21,3045,台新,0039004200300030,1,918,-917,6.91,3,sell
8/21,3045,美林,1440,793,157,636,4.79,4,buy
8/21,3045,大和國泰,8890,0,600,-600,4.52,4,sell
8/21,3045,凱基,9200,2097,1702,395,2.98,5,buy
8/21,3045,永豐金證券,0039004100300030,1,416,-415,3.13,5,sell
8/21,3045,摩根大通,8440,430,317,113,0.85,6,buy
8/21,3045,凱基-台北,9268,642,962,-320,2.41,6,sell
8/21,3045,港商野村,1560,80,0,80,0.6,7,buy
8/21,3045,統一,5850,0,195,-195,1.47,7,sell
8/21,3045,國泰證券,8880,32,0,32,0.24,8,buy
8/21,3045,彰銀,1230,0,182,-182,1.37,8,sell
8/21,3045,兆豐-城中,0037003000300057,30,0,30,0.23,9,buy
8/21,3045,(牛牛牛)亞-網路,6012,0,120,-120,0.9,9,sell
8/21,3045,華南永昌,9300,33,4,29,0.22,10,buy
8/21,3045,富邦-左營,0039003600360046,100,201,-101,0.76,10,sell
8/21,3045,新光-桃園,8565,65,37,28,0.21,11,buy
8/21,3045,中國信託,6160,7,69,-62,0.47,11,sell
8/21,3045,聯邦-三重,8585,26,0,26,0.2,12,buy
8/21,3045,群益金鼎-瑞豐,0039003100380075,0,61,-61,0.46,12,sell
8/21,3045,永豐金-松山,0039004100390031,28,3,25,0.19,13,buy
8/21,3045,第一金-忠孝,0035003300380044,0,60,-60,0.45,13,sell
8/21,3045,元大-小港,003900380039005a,21,0,21,0.16,14,buy
8/21,3045,國泰-敦南,8888,29,87,-58,0.44,14,sell
8/21,3045,兆豐-公益,003700300030004a,20,0,20,0.15,15,buy
8/21,3045,法銀巴黎,8900,5,55,-50,0.38,15,sell
8/21,2880,台灣摩根士丹利,1470,3688,286,3402,19.44,1,buy
8/21,2880,永豐金-匯立,0039004100380031,0,1719,-1719,9.82,1,sell
8/21,2880,凱基-台北,9268,3510,829,2681,15.32,2,buy
8/21,2880,新加坡商瑞銀,1650,461,1867,-1406,8.03,2,sell
8/21,2880,元大證券,9800,1825,246,1579,9.02,3,buy
8/21,2880,第一金-高雄,5383,5,633,-628,3.59,3,sell
8/21,2880,花旗環球,1590,1449,378,1071,6.12,4,buy
8/21,2880,永豐金-萬盛,0039004100390032,1,546,-545,3.11,4,sell
8/21,2880,摩根大通,8440,1426,478,948,5.42,5,buy
8/21,2880,富邦-永和,9654,0,501,-501,2.86,5,sell
8/21,2880,統一,5850,611,5,606,3.46,6,buy
8/21,2880,美林,1440,183,662,-479,2.74,6,sell
8/21,2880,凱基,9200,428,0,428,2.45,7,buy
8/21,2880,大和國泰,8890,573,1000,-427,2.44,7,sell
8/21,2880,美商高盛,1480,1232,845,387,2.21,8,buy
8/21,2880,中國信託,6160,10,337,-327,1.87,8,sell
8/21,2880,台中銀-台北,6115,200,0,200,1.14,9,buy
8/21,2880,玉山-高雄,8843,1,282,-281,1.61,9,sell
8/21,2880,永豐金證券,0039004100300030,290,170,120,0.69,10,buy
8/21,2880,凱基-士林,9238,0,203,-203,1.16,10,sell
8/21,2880,群益金鼎-桃園,9189,100,2,98,0.56,11,buy
8/21,2880,國泰-敦南,8888,62,262,-200,1.14,11,sell
8/21,2880,港商麥格理,1360,44,0,44,0.25,12,buy
8/21,2880,永豐金-桃園,0039004100390078,3,159,-156,0.89,12,sell
8/21,2880,港商野村,1560,48,12,36,0.21,13,buy
8/21,2880,合庫證券,1020,6,119,-113,0.65,13,sell
8/21,2880,永豐金-竹科,0039004100390058,35,4,31,0.18,14,buy
8/21,2880,新光-桃園,8565,7,117,-110,0.63,14,sell
8/21,2880,凱基-松山,9217,29,0,29,0.17,15,buy
8/21,2880,台新-九如,0039004200320031,0,101,-101,0.58,15,sell
8/21,2884,台新-建北,0039004200310038,2304,11,2293,10.64,1,buy
8/21,2884,美商高盛,1480,1051,4692,-3641,16.9,1,sell
8/21,2884,統一,5850,2002,4,1998,9.27,2,buy
8/21,2884,凱基-中山,9229,0,1450,-1450,6.73,2,sell
8/21,2884,港商麥格理,1360,1591,2,1589,7.38,3,buy
8/21,2884,凱基-台北,9268,1013,2223,-1210,5.62,3,sell
8/21,2884,永豐金證券,0039004100300030,1650,140,1510,7.01,4,buy
8/21,2884,新加坡商瑞銀,1650,1203,2042,-839,3.89,4,sell
8/21,2884,永豐金-匯立,0039004100380031,1262,10,1252,5.81,5,buy
8/21,2884,摩根大通,8440,1788,2422,-634,2.94,5,sell
8/21,2884,大和國泰,8890,914,0,914,4.24,6,buy
8/21,2884,中國信託,6160,23,464,-441,2.05,6,sell
8/21,2884,美林,1440,1343,517,826,3.83,7,buy
8/21,2884,國泰-敦南,8888,31,209,-178,0.83,7,sell
8/21,2884,花旗環球,1590,836,216,620,2.88,8,buy
8/21,2884,台新-敦南,0039004200320051,0,151,-151,0.7,8,sell
8/21,2884,富邦證券,9600,503,2,501,2.33,9,buy
8/21,2884,合庫-鳳山,1029,0,130,-130,0.6,9,sell
8/21,2884,元大證券,9800,1394,957,437,2.03,10,buy
8/21,2884,玉山證券,8840,50,158,-108,0.5,10,sell
8/21,2884,康和,8450,310,0,310,1.44,11,buy
8/21,2884,合庫-台南,1022,0,104,-104,0.48,11,sell
8/21,2884,台灣摩根士丹利,1470,472,221,251,1.17,12,buy
8/21,2884,玉山-新莊,8842,9,105,-96,0.45,12,sell
8/21,2884,台新-基隆,0039004200320053,153,1,152,0.71,13,buy
8/21,2884,台新,0039004200300030,4,93,-89,0.41,13,sell
8/21,2884,玉山-士林,0038003800340041,100,52,48,0.22,14,buy
8/21,2884,富邦-台北,9623,0,89,-89,0.41,14,sell
8/21,2884,港商野村,1560,100,62,38,0.18,15,buy
8/21,2884,永豐金-台中,003900410039004c,1,86,-85,0.39,15,sell
8/21,6005,新加坡商瑞銀,1650,500,121,379,10.26,1,buy
8/21,6005,美商高盛,1480,158,414,-256,6.93,1,sell
8/21,6005,凱基-台北,9268,577,357,220,5.96,2,buy
8/21,6005,安泰,8380,0,100,-100,2.71,2,sell
8/21,6005,港商野村,1560,144,0,144,3.9,3,buy
8/21,6005,玉山-高雄,8843,0,90,-90,2.44,3,sell
8/21,6005,元大證券,9800,184,51,133,3.6,4,buy
8/21,6005,聯邦-大業,8586,0,55,-55,1.49,4,sell
8/21,6005,台新-宜蘭,0039004200320055,103,0,103,2.79,5,buy
8/21,6005,群益金鼎-古亭,0039003100380043,2,56,-54,1.46,5,sell
8/21,6005,富邦-羅東,9634,100,7,93,2.52,6,buy
8/21,6005,元大-蘆洲,9857,0,54,-54,1.46,6,sell
8/21,6005,合庫-桃園,0031003000320045,90,0,90,2.44,7,buy
8/21,6005,兆豐-虎尾,0037003000300046,0,50,-50,1.35,7,sell
8/21,6005,凱基-鳳山,9274,73,1,72,1.95,8,buy
8/21,6005,第一金-華江,0035003300380057,1,47,-46,1.25,8,sell
8/21,6005,台新-九如,0039004200320031,32,1,31,0.84,9,buy
8/21,6005,元大-內湖民權,9867,5,47,-42,1.14,9,sell
8/21,6005,元大-屏東民生,0039003800310068,32,1,31,0.84,10,buy
8/21,6005,台新-新營,0039004200310031,3,45,-42,1.14,10,sell
8/21,6005,凱基-羅東,9258,30,0,30,0.81,11,buy
8/21,6005,元大-雙和,9874,0,40,-40,1.08,11,sell
8/21,6005,元大-斗信,9884,31,3,28,0.76,12,buy
8/21,6005,國泰-松江,8883,1,37,-36,0.97,12,sell
8/21,6005,兆豐-南京,0037003000300050,29,4,25,0.68,13,buy
8/21,6005,花旗環球,1590,148,178,-30,0.81,13,sell
8/21,6005,元大-北三重,0039003800390056,24,0,24,0.65,14,buy
8/21,6005,元大-台北,0039003800300068,1,31,-30,0.81,14,sell
8/21,6005,高橋-龍潭,5321,20,0,20,0.54,15,buy
8/21,6005,玉山-城中,0038003800340045,0,25,-25,0.68,15,sell
8/21,2812,台灣摩根士丹利,1470,1626,83,1543,18.14,1,buy
8/21,2812,新加坡商瑞銀,1650,940,3548,-2608,30.66,1,sell
8/21,2812,凱基-台北,9268,1493,131,1362,16.01,2,buy
8/21,2812,國票-敦北法人,0037003700390063,0,668,-668,7.85,2,sell
8/21,2812,永豐金-匯立,0039004100380031,842,0,842,9.9,3,buy
8/21,2812,元大-屏東民生,0039003800310068,0,450,-450,5.29,3,sell
8/21,2812,美林,1440,813,1,812,9.55,4,buy
8/21,2812,(牛牛牛)亞-網路,6012,0,336,-336,3.95,4,sell
8/21,2812,富邦-仁愛,9676,200,2,198,2.33,5,buy
8/21,2812,華南永昌-豐原,9366,0,141,-141,1.66,5,sell
8/21,2812,元大-高雄,003900380031006d,124,0,124,1.46,6,buy
8/21,2812,元大-大里,0039003800310067,1,115,-114,1.34,6,sell
8/21,2812,元大證券,9800,204,99,105,1.23,7,buy
8/21,2812,土銀-建國,0031003000330041,0,98,-98,1.15,7,sell
8/21,2812,花旗環球,1590,140,38,102,1.2,8,buy
8/21,2812,港商野村,1560,0,88,-88,1.03,8,sell
8/21,2812,第一金-豐原,003500330038004e,51,0,51,0.6,9,buy
8/21,2812,統一-台南,5855,28,110,-82,0.96,9,sell
8/21,2812,富邦-新店,9661,50,0,50,0.59,10,buy
8/21,2812,臺銀-金山,0031003000340044,2,81,-79,0.93,10,sell
8/21,2812,摩根大通,8440,172,125,47,0.55,11,buy
8/21,2812,玉山-左營,0038003800340044,2,80,-78,0.92,11,sell
8/21,2812,台新,0039004200300030,45,1,44,0.52,12,buy
8/21,2812,凱基-中壢,9285,2,66,-64,0.75,12,sell
8/21,2812,第一金-忠孝,0035003300380044,34,0,34,0.4,13,buy
8/21,2812,統一-新台中,0035003800350044,0,63,-63,0.74,13,sell
8/21,2812,群益金鼎-中港,9138,34,0,34,0.4,14,buy
8/21,2812,中國信託,6160,5,68,-63,0.74,14,sell
8/21,2812,玉山-新竹,0038003800340048,31,0,31,0.36,15,buy
8/21,2812,永豐金-虎尾,0039004100390062,0,52,-52,0.61,15,sell
8/21,2885,美林,1440,4913,56,4857,21.18,1,buy
8/21,2885,美商高盛,1480,731,4724,-3993,17.42,1,sell
8/21,2885,花旗環球,1590,3318,220,3098,13.51,2,buy
8/21,2885,台灣摩根士丹利,1470,857,3989,-3132,13.66,2,sell
8/21,2885,新加坡商瑞銀,1650,4064,1359,2705,11.8,3,buy
8/21,2885,永豐金-匯立,0039004100380031,33,1165,-1132,4.94,3,sell
8/21,2885,摩根大通,8440,2033,994,1039,4.53,4,buy
8/21,2885,元大-基隆,0039003800390059,3,655,-652,2.84,4,sell
8/21,2885,大和國泰,8890,700,0,700,3.05,5,buy
8/21,2885,凱基-市府,0039003200300044,0,252,-252,1.1,5,sell
8/21,2885,港商野村,1560,397,13,384,1.67,6,buy
8/21,2885,中國信託,6160,93,336,-243,1.06,6,sell
8/21,2885,港商麥格理,1360,386,7,379,1.65,7,buy
8/21,2885,凱基,9200,5,207,-202,0.88,7,sell
8/21,2885,元大證券,9800,443,264,179,0.78,8,buy
8/21,2885,永豐金-鳳山,0039004100360031,2,200,-198,0.86,8,sell
8/21,2885,華南永昌-苗栗,9362,77,1,76,0.33,9,buy
8/21,2885,華南永昌,9300,5,187,-182,0.79,9,sell
8/21,2885,法銀巴黎,8900,67,0,67,0.29,10,buy
8/21,2885,亞東-新竹,2184,0,170,-170,0.74,10,sell
8/21,2885,宏遠-光隆,0031003200360069,60,5,55,0.24,11,buy
8/21,2885,國泰-敦南,8888,108,218,-110,0.48,11,sell
8/21,2885,元大-莒光,003900380031004c,51,2,49,0.21,12,buy
8/21,2885,元大-成功,003900380039004c,1,111,-110,0.48,12,sell
8/21,2885,富邦-竹北,9624,51,2,49,0.21,13,buy
8/21,2885,國泰-台中,8882,39,148,-109,0.48,13,sell
8/21,2885,元大-小港,003900380039005a,56,7,49,0.21,14,buy
8/21,2885,富邦-宜蘭,9686,0,107,-107,0.47,14,sell
8/21,2885,元大-員林,9889,42,0,42,0.18,15,buy
8/21,2885,台新-嘉義,0039004200320049,2,106,-104,0.45,15,sell
8/21,4958,摩根大通,8440,1153,194,959,3.38,1,buy
8/21,4958,富邦證券,9600,50,1669,-1619,5.7,1,sell
8/21,4958,宏遠證券,1260,660,20,640,2.25,2,buy
8/21,4958,台灣摩根士丹利,1470,1489,2357,-868,3.06,2,sell
8/21,4958,國泰-敦南,8888,744,565,179,0.63,3,buy
8/21,4958,美商高盛,1480,1172,1955,-783,2.76,3,sell
8/21,4958,美好-富順,003500320036004b,121,16,105,0.37,4,buy
8/21,4958,永豐金證券,0039004100300030,197,853,-656,2.31,4,sell
8/21,4958,聯邦證券,8580,120,15,105,0.37,5,buy
8/21,4958,凱基-台北,9268,1686,2339,-653,2.3,5,sell
8/21,4958,兆豐-桃鶯,0037003000300055,102,8,94,0.33,6,buy
8/21,4958,新加坡商瑞銀,1650,772,1363,-591,2.08,6,sell
8/21,4958,美林,1440,323,234,89,0.31,7,buy
8/21,4958,花旗環球,1590,57,354,-297,1.05,7,sell
8/21,4958,永豐金-天母,0039004100390047,93,19,74,0.26,8,buy
8/21,4958,港商野村,1560,42,336,-294,1.04,8,sell
8/21,4958,富邦-永和,9654,100,34,66,0.23,9,buy
8/21,4958,統一,5850,36,279,-243,0.86,9,sell
8/21,4958,凱基-台南,9211,88,26,62,0.22,10,buy
8/21,4958,元大-內湖,003900380039004e,21,212,-191,0.67,10,sell
8/21,4958,國泰-桃園,8885,169,109,60,0.21,11,buy
8/21,4958,兆豐證券,7000,16,115,-99,0.35,11,sell
8/21,4958,國票-安和,003700370039005a,106,51,55,0.19,12,buy
8/21,4958,群益金鼎,9100,472,553,-81,0.29,12,sell
8/21,4958,玉山-新竹,0038003800340048,71,16,55,0.19,13,buy
8/21,4958,國票-敦北法人,0037003700390063,16,96,-80,0.28,13,sell
8/21,4958,台新-高雄,0039004200310067,103,59,44,0.15,14,buy
8/21,4958,富邦-建國,9658,103,173,-70,0.25,14,sell
8/21,4958,新光,8560,227,183,44,0.15,15,buy
8/21,4958,群益金鼎-東門,0039003100380044,12,81,-69,0.24,15,sell
8/21,3481,港商野村,1560,2458,0,2458,1.95,1,buy
8/21,3481,美商高盛,1480,1783,12442,-10659,8.45,1,sell
8/21,3481,永豐金-匯立,0039004100380031,1478,0,1478,1.17,2,buy
8/21,3481,凱基-台北,9268,6581,8301,-1720,1.36,2,sell
8/21,3481,台灣摩根士丹利,1470,9228,7967,1261,1.0,3,buy
8/21,3481,美林,1440,557,2069,-1512,1.2,3,sell
8/21,3481,元大證券,9800,13507,12656,851,0.67,4,buy
8/21,3481,摩根大通,8440,57,710,-653,0.52,4,sell
8/21,3481,新加坡商瑞銀,1650,1668,897,771,0.61,5,buy
8/21,3481,元大-信義,003900380039006d,62,640,-578,0.46,5,sell
8/21,3481,台新-安南,003900420032005a,658,45,613,0.49,6,buy
8/21,3481,永豐金證券,0039004100300030,652,1080,-428,0.34,6,sell
8/21,3481,富邦-南屯,9666,714,109,605,0.48,7,buy
8/21,3481,群益金鼎-大安,0039003100380065,14,361,-347,0.28,7,sell
8/21,3481,國泰-敦南,8888,4373,3862,511,0.41,8,buy
8/21,3481,土銀-建國,0031003000330041,9,344,-335,0.27,8,sell
8/21,3481,凱基,9200,449,0,449,0.36,9,buy
8/21,3481,富邦-板橋,9655,330,646,-316,0.25,9,sell
8/21,3481,大和國泰,8890,400,0,400,0.32,10,buy
8/21,3481,富邦-新竹,9647,235,538,-303,0.24,10,sell
8/21,3481,華南永昌-頭份,9343,411,36,375,0.3,11,buy
8/21,3481,中國信託,6160,373,664,-291,0.23,11,sell
8/21,3481,富邦-苗栗,9657,545,203,342,0.27,12,buy
8/21,3481,兆豐-彰化,0037003000300064,96,303,-207,0.16,12,sell
8/21,3481,土銀-新竹,1035,341,13,328,0.26,13,buy
8/21,3481,台新-成功,003900420032006d,46,251,-205,0.16,13,sell
8/21,3481,群益金鼎-中山,0039003100380048,336,47,289,0.23,14,buy
8/21,3481,群益金鼎-新竹,9186,74,271,-197,0.16,14,sell
8/21,3481,元大-天母,0039003800310049,323,34,289,0.23,15,buy
8/21,3481,國票證券,7790,206,399,-193,0.15,15,sell
8/21,2481,國泰-敦南,8888,505,370,135,0.84,1,buy
8/21,2481,台灣摩根士丹利,1470,120,1355,-1235,7.7,1,sell
8/21,2481,華南永昌,9300,115,19,96,0.6,2,buy
8/21,2481,摩根大通,8440,227,1181,-954,5.95,2,sell
8/21,2481,群益金鼎-民權,9131,79,3,76,0.47,3,buy
8/21,2481,新加坡商瑞銀,1650,16,822,-806,5.03,3,sell
8/21,2481,元大-林園,003900380031004b,79,4,75,0.47,4,buy
8/21,2481,中國信託,6160,44,775,-731,4.56,4,sell
8/21,2481,元大-大里,0039003800310067,76,9,67,0.42,5,buy
8/21,2481,美商高盛,1480,533,993,-460,2.87,5,sell
8/21,2481,富邦-基隆,9614,69,7,62,0.39,6,buy
8/21,2481,港商野村,1560,103,510,-407,2.54,6,sell
8/21,2481,國泰-桃園,8885,74,19,55,0.34,7,buy
8/21,2481,元大證券,9800,1329,1512,-183,1.14,7,sell
8/21,2481,永豐金-天母,0039004100390047,55,2,53,0.33,8,buy
8/21,2481,台新-松江,0039004200310035,210,361,-151,0.94,8,sell
8/21,2481,元大-高雄,003900380031006d,63,10,53,0.33,9,buy
8/21,2481,中國信託-三重,6161,11,110,-99,0.62,9,sell
8/21,2481,台新-高雄,0039004200310067,73,22,51,0.32,10,buy
8/21,2481,兆豐證券,7000,3,75,-72,0.45,10,sell
8/21,2481,台新-同大,0039004200320050,57,8,49,0.31,11,buy
8/21,2481,富邦-台北,9623,38,103,-65,0.41,11,sell
8/21,2481,統一-東湖,0035003800350052,63,14,49,0.31,12,buy
8/21,2481,元大-雙和,9874,23,87,-64,0.4,12,sell
8/21,2481,凱基-中壢,9285,53,5,48,0.3,13,buy
8/21,2481,凱基-台北,9268,860,915,-55,0.34,13,sell
8/21,2481,第一金-路竹,0035003300380050,60,13,47,0.29,14,buy
8/21,2481,群益金鼎-海山,9108,11,64,-53,0.33,14,sell
8/21,2481,國泰-台中,8882,118,72,46,0.29,15,buy
8/21,2481,玉山-城中,0038003800340045,9,60,-51,0.32,15,sell
8/21,1718,台灣摩根士丹利,1470,1076,459,617,4.59,1,buy
8/21,1718,元大-東港,0039003800390066,3,208,-205,1.52,1,sell
8/21,1718,美商高盛,1480,890,308,582,4.33,2,buy
8/21,1718,富邦-員林,9672,38,227,-189,1.4,2,sell
8/21,1718,美林,1440,545,16,529,3.93,3,buy
8/21,1718,北城證券,7750,1,185,-184,1.37,3,sell
8/21,1718,摩根大通,8440,748,262,486,3.61,4,buy
8/21,1718,玉山-高雄,8843,4,173,-169,1.26,4,sell
8/21,1718,新加坡商瑞銀,1650,462,80,382,2.84,5,buy
8/21,1718,元大-蘆洲,9857,10,175,-165,1.23,5,sell
8/21,1718,香港上海匯豐,8960,263,0,263,1.95,6,buy
8/21,1718,國泰-敦南,8888,191,333,-142,1.06,6,sell
8/21,1718,凱基-台北,9268,942,689,253,1.88,7,buy
8/21,1718,國泰-忠孝,8887,52,189,-137,1.02,7,sell
8/21,1718,玉山-台南,8847,254,6,248,1.84,8,buy
8/21,1718,新光,8560,36,167,-131,0.97,8,sell
8/21,1718,新光-高雄,8562,272,37,235,1.75,9,buy
8/21,1718,台灣企銀-民雄,0031003100310041,1,130,-129,0.96,9,sell
8/21,1718,華南永昌-基隆,9322,225,23,202,1.5,10,buy
8/21,1718,華南永昌-台中,9302,2,121,-119,0.88,10,sell
8/21,1718,玉山-城中,0038003800340045,132,2,130,0.97,11,buy
8/21,1718,元大-蘆洲中正,0039003800390049,0,114,-114,0.85,11,sell
8/21,1718,國泰-板橋,003800380038004b,147,22,125,0.93,12,buy
8/21,1718,永豐金-中和,0039004100390042,3,108,-105,0.78,12,sell
8/21,1718,永豐金證券,0039004100300030,245,144,101,0.75,13,buy
8/21,1718,富邦-竹科,0039003600320043,1,101,-100,0.74,13,sell
8/21,1718,台新-西松,003900420032006e,100,2,98,0.73,14,buy
8/21,1718,台新-緯城,0039004200320041,0,90,-90,0.67,14,sell
8/21,1718,永興-台中,5603,100,3,97,0.72,15,buy
8/21,1718,永豐金-市政,0039004100390057,1,80,-79,0.59,15,sell
8/21,8069,花旗環球,1590,469,57,412,8.25,1,buy
8/21,8069,美林,1440,10,653,-643,12.87,1,sell
8/21,8069,土銀,1030,99,0,99,1.98,2,buy
8/21,8069,國泰證券,8880,1,584,-583,11.67,2,sell
8/21,8069,法銀巴黎,8900,97,0,97,1.94,3,buy
8/21,8069,摩根大通,8440,56,490,-434,8.69,3,sell
8/21,8069,凱基-台北,9268,523,446,77,1.54,4,buy
8/21,8069,台灣摩根士丹利,1470,199,519,-320,6.41,4,sell
8/21,8069,美商高盛,1480,435,372,63,1.26,5,buy
8/21,8069,永豐金證券,0039004100300030,13,172,-159,3.18,5,sell
8/21,8069,永豐金-竹北,0039004100390050,62,0,62,1.24,6,buy
8/21,8069,港商麥格理,1360,4,142,-138,2.76,6,sell
8/21,8069,華南永昌-長虹,9333,53,0,53,1.06,7,buy
8/21,8069,富邦-南京,0039003600310043,2,101,-99,1.98,7,sell
8/21,8069,大和國泰,8890,48,0,48,0.96,8,buy
8/21,8069,港商野村,1560,2,97,-95,1.9,8,sell
8/21,8069,國泰-敦南,8888,69,24,45,0.9,9,buy
8/21,8069,元大證券,9800,125,169,-44,0.88,9,sell
8/21,8069,元大-大雅,0039003800330069,35,0,35,0.7,10,buy
8/21,8069,凱基-彰化,0039003200300047,0,41,-41,0.82,10,sell
8/21,8069,新光,8560,38,4,34,0.68,11,buy
8/21,8069,富邦證券,9600,50,75,-25,0.5,11,sell
8/21,8069,台新-中壢,0039004200310079,32,2,30,0.6,12,buy
8/21,8069,統一,5850,8,29,-21,0.42,12,sell
8/21,8069,合庫-台中,1021,31,1,30,0.6,13,buy
8/21,8069,中國信託,6160,5,25,-20,0.4,13,sell
8/21,8069,兆豐-大同,0037003000300053,26,0,26,0.52,14,buy
8/21,8069,新加坡商瑞銀,1650,257,275,-18,0.36,14,sell
8/21,8069,凱基-站前,0039003200300046,33,8,25,0.5,15,buy
8/21,8069,華南永昌-鶯歌,9319,2,18,-16,0.32,15,sell
8/21,6239,台灣摩根士丹利,1470,796,498,298,5.48,1,buy
8/21,6239,摩根大通,8440,86,442,-356,6.55,1,sell
8/21,6239,群益金鼎-新竹,9186,261,0,261,4.8,2,buy
8/21,6239,美商高盛,1480,375,684,-309,5.68,2,sell
8/21,6239,凱基,9200,169,0,169,3.11,3,buy
8/21,6239,新加坡商瑞銀,1650,165,467,-302,5.56,3,sell
8/21,6239,富邦-仁愛,9676,53,1,52,0.96,4,buy
8/21,6239,元大證券,9800,227,277,-50,0.92,4,sell
8/21,6239,第一金-新竹,0035003300380042,41,0,41,0.75,5,buy
8/21,6239,永豐金-中壢,0039004100390039,2,51,-49,0.9,5,sell
8/21,6239,富邦-竹北,9624,43,3,40,0.74,6,buy
8/21,6239,台新-城東,0039004200320072,9,55,-46,0.85,6,sell
8/21,6239,國泰-敦南,8888,112,75,37,0.68,7,buy
8/21,6239,凱基-台北,9268,363,400,-37,0.68,7,sell
8/21,6239,永豐金-竹北,0039004100390050,33,2,31,0.57,8,buy
8/21,6239,兆豐證券,7000,173,200,-27,0.5,8,sell
8/21,6239,華南永昌-桃園,9352,30,0,30,0.55,9,buy
8/21,6239,元大-新竹,9816,4,28,-24,0.44,9,sell
8/21,6239,元大-虎尾,003900380030006c,27,1,26,0.48,10,buy
8/21,6239,合庫-台中,1021,5,27,-22,0.4,10,sell
8/21,6239,永豐金證券,0039004100300030,67,41,26,0.48,11,buy
8/21,6239,凱基-彰化,0039003200300047,0,21,-21,0.39,11,sell
8/21,6239,永豐金-內湖,0039004100390067,25,0,25,0.46,12,buy
8/21,6239,群益金鼎-松山,9103,0,20,-20,0.37,12,sell
8/21,6239,永豐金-萬盛,0039004100390032,26,5,21,0.39,13,buy
8/21,6239,富邦證券,9600,63,82,-19,0.35,13,sell
8/21,6239,富邦-新竹,9647,32,12,20,0.37,14,buy
8/21,6239,凱基-松山,9217,50,68,-18,0.33,14,sell
8/21,6239,花旗環球,1590,58,38,20,0.37,15,buy
8/21,6239,美林,1440,59,73,-14,0.26,15,sell
8/21,2892,凱基-台北,9268,6602,728,5874,18.32,1,buy
8/21,2892,台新,0039004200300030,13,9624,-9611,29.98,1,sell
8/21,2892,摩根大通,8440,4035,126,3909,12.19,2,buy
8/21,2892,統一,5850,0,2493,-2493,7.78,2,sell
8/21,2892,台灣摩根士丹利,1470,3017,1104,1913,5.97,3,buy
8/21,2892,群益金鼎,9100,312,2658,-2346,7.32,3,sell
8/21,2892,美商高盛,1480,3313,1414,1899,5.92,4,buy
8/21,2892,第一金-中山,5389,0,1119,-1119,3.49,4,sell
8/21,2892,港商野村,1560,1889,54,1835,5.72,5,buy
8/21,2892,華南永昌,9300,0,1013,-1013,3.16,5,sell
8/21,2892,新加坡商瑞銀,1650,3863,2143,1720,5.36,6,buy
8/21,2892,國泰證券,8880,4,1000,-996,3.11,6,sell
8/21,2892,元大證券,9800,2458,750,1708,5.33,7,buy
8/21,2892,宏遠證券,1260,10,718,-708,2.21,7,sell
8/21,2892,永豐金-匯立,0039004100380031,1697,0,1697,5.29,8,buy
8/21,2892,凱基-站前,0039003200300046,2,422,-420,1.31,8,sell
8/21,2892,富邦證券,9600,435,11,424,1.32,9,buy
8/21,2892,中國信託,6160,4,239,-235,0.73,9,sell
8/21,2892,香港上海匯豐,8960,406,0,406,1.27,10,buy
8/21,2892,永豐金-萬盛,0039004100390032,0,201,-201,0.63,10,sell
8/21,2892,國泰-桃園,8885,203,3,200,0.62,11,buy
8/21,2892,(牛牛牛)亞-鑫豐,0036003000310064,37,228,-191,0.6,11,sell
8/21,2892,美好,5260,200,0,200,0.62,12,buy
8/21,2892,中國信託-嘉義,6168,50,200,-150,0.47,12,sell
8/21,2892,華南永昌-板橋,9349,104,5,99,0.31,13,buy
8/21,2892,合庫證券,1020,0,140,-140,0.44,13,sell
8/21,2892,群益金鼎-古亭,0039003100380043,100,12,88,0.27,14,buy
8/21,2892,富邦-陽明,9604,1,115,-114,0.36,14,sell
8/21,2892,花旗環球,1590,825,769,56,0.17,15,buy
8/21,2892,臺銀-民權,1043,2,109,-107,0.33,15,sell
8/21,4938,美林,1440,1154,685,469,5.97,1,buy
8/21,4938,美商高盛,1480,461,2204,-1743,22.18,1,sell
8/21,4938,永豐金-匯立,0039004100380031,397,0,397,5.05,2,buy
8/21,4938,台灣摩根士丹利,1470,115,664,-549,6.98,2,sell
8/21,4938,國票-敦北法人,0037003700390063,380,0,380,4.83,3,buy
8/21,4938,摩根大通,8440,504,910,-406,5.17,3,sell
8/21,4938,華南永昌,9300,254,1,253,3.22,4,buy
8/21,4938,新加坡商瑞銀,1650,483,862,-379,4.82,4,sell
8/21,4938,凱基-台北,9268,521,321,200,2.54,5,buy
8/21,4938,港商野村,1560,2,172,-170,2.16,5,sell
8/21,4938,港商麥格理,1360,129,0,129,1.64,6,buy
8/21,4938,臺銀,1040,9,118,-109,1.39,6,sell
8/21,4938,大和國泰,8890,116,0,116,1.48,7,buy
8/21,4938,富邦-嘉義,9692,3,95,-92,1.17,7,sell
8/21,4938,元大證券,9800,373,270,103,1.31,8,buy
8/21,4938,中國信託,6160,1,81,-80,1.02,8,sell
8/21,4938,元大-土城永寧,9875,160,110,50,0.64,9,buy
8/21,4938,凱基,9200,7,63,-56,0.71,9,sell
8/21,4938,新光-台中,8561,51,7,44,0.56,10,buy
8/21,4938,群益金鼎-永和,003900310038004a,2,31,-29,0.37,10,sell
8/21,4938,永豐金-亞灣,0039004100390061,42,2,40,0.51,11,buy
8/21,4938,統一-南京,0035003800350055,1,30,-29,0.37,11,sell
8/21,4938,美好,5260,40,0,40,0.51,12,buy
8/21,4938,元大-花蓮,9856,1,16,-15,0.19,12,sell
8/21,4938,花旗環球,1590,134,95,39,0.5,13,buy
8/21,4938,國泰-板橋,003800380038004b,15,28,-13,0.17,13,sell
8/21,4938,富邦-羅東,9634,40,1,39,0.5,14,buy
8/21,4938,香港上海匯豐,8960,0,13,-13,0.17,14,sell
8/21,4938,富邦-台南,9667,35,0,35,0.45,15,buy
8/21,4938,元大-竹科,003900380030004b,1,13,-12,0.15,15,sell
8/21,2610,台灣摩根士丹利,1470,5416,235,5181,18.59,1,buy
8/21,2610,新加坡商瑞銀,1650,982,5237,-4255,15.27,1,sell
8/21,2610,摩根大通,8440,4376,178,4198,15.06,2,buy
8/21,2610,美林,1440,85,1910,-1825,6.55,2,sell
8/21,2610,美商高盛,1480,4010,549,3461,12.42,3,buy
8/21,2610,國泰-敦南,8888,76,988,-912,3.27,3,sell
8/21,2610,富邦-羅東,9634,1252,14,1238,4.44,4,buy
8/21,2610,富邦-桃園,9665,2,706,-704,2.53,4,sell
8/21,2610,凱基-台北,9268,2312,1077,1235,4.43,5,buy
8/21,2610,國票-敦北法人,0037003700390063,0,653,-653,2.34,5,sell
8/21,2610,凱基-基隆,0039003200300048,703,4,699,2.51,6,buy
8/21,2610,新光,8560,53,376,-323,1.16,6,sell
8/21,2610,富邦證券,9600,631,1,630,2.26,7,buy
8/21,2610,玉山-信義,0038003800340043,2,287,-285,1.02,7,sell
8/21,2610,花旗環球,1590,423,0,423,1.52,8,buy
8/21,2610,中國信託-高雄,003600310036004b,0,276,-276,0.99,8,sell
8/21,2610,富邦-中壢,9636,405,18,387,1.39,9,buy
8/21,2610,華南永昌-虎尾,9377,26,275,-249,0.89,9,sell
8/21,2610,元大證券,9800,620,352,268,0.96,10,buy
8/21,2610,群益金鼎,9100,16,262,-246,0.88,10,sell
8/21,2610,兆豐-寶成,0037003000300072,250,10,240,0.86,11,buy
8/21,2610,中國信託,6160,73,318,-245,0.88,11,sell
8/21,2610,統一-中壢,5853,213,17,196,0.7,12,buy
8/21,2610,第一金-新竹,0035003300380042,0,214,-214,0.77,12,sell
8/21,2610,永豐金證券,0039004100300030,246,152,94,0.34,13,buy
8/21,2610,光和-高雄,0036003300380044,0,202,-202,0.72,13,sell
8/21,2610,凱基-湖口,003900320030004e,100,6,94,0.34,14,buy
8/21,2610,兆豐-板橋,0037003000300042,0,181,-181,0.65,14,sell
8/21,2610,富邦-陽明,9604,101,16,85,0.31,15,buy
8/21,2610,台新-高雄,0039004200310067,16,187,-171,0.61,15,sell
8/21,4979,國票-敦北法人,0037003700390063,653,23,630,3.29,1,buy
8/21,4979,摩根大通,8440,129,782,-653,3.41,1,sell
8/21,4979,凱基,9200,540,16,524,2.74,2,buy
8/21,4979,凱基-台北,9268,1445,2032,-587,3.06,2,sell
8/21,4979,新加坡商瑞銀,1650,473,54,419,2.19,3,buy
8/21,4979,富邦證券,9600,118,588,-470,2.45,3,sell
8/21,4979,第一金,5380,294,15,279,1.46,4,buy
8/21,4979,統一-三重,003500380035004a,28,210,-182,0.95,4,sell
8/21,4979,大和國泰,8890,256,0,256,1.34,5,buy
8/21,4979,兆豐-大同,0037003000300053,8,183,-175,0.91,5,sell
8/21,4979,(牛牛牛)亞證券,6010,200,0,200,1.04,6,buy
8/21,4979,凱基-信義,9216,14,165,-151,0.79,6,sell
8/21,4979,台新,0039004200300030,304,105,199,1.04,7,buy
8/21,4979,美林,1440,116,185,-69,0.36,7,sell
8/21,4979,康和,8450,152,21,131,0.68,8,buy
8/21,4979,兆豐-台中,7003,33,101,-68,0.35,8,sell
8/21,4979,統一,5850,291,184,107,0.56,9,buy
8/21,4979,美商高盛,1480,433,498,-65,0.34,9,sell
8/21,4979,群益金鼎,9100,228,166,62,0.32,10,buy
8/21,4979,中國信託,6160,84,134,-50,0.26,10,sell
8/21,4979,群益金鼎-東大,9135,112,61,51,0.27,11,buy
8/21,4979,港商野村,1560,0,36,-36,0.19,11,sell
8/21,4979,統一-敦南,5852,90,41,49,0.26,12,buy
8/21,4979,群益金鼎-館前,0039003100330059,29,64,-35,0.18,12,sell
8/21,4979,富邦-南京,0039003600310043,82,34,48,0.25,13,buy
8/21,4979,中國信託-嘉義,6168,11,44,-33,0.17,13,sell
8/21,4979,國泰證券,8880,54,9,45,0.23,14,buy
8/21,4979,台新-建北,0039004200310038,31,60,-29,0.15,14,sell
8/21,4979,台灣摩根士丹利,1470,322,277,45,0.23,15,buy
8/21,4979,統一-新竹,5857,8,35,-27,0.14,15,sell
8/21,2855,國票-敦北法人,0037003700390063,400,0,400,18.89,1,buy
8/21,2855,摩根大通,8440,61,302,-241,11.38,1,sell
8/21,2855,華南永昌,9300,330,0,330,15.59,2,buy
8/21,2855,中國信託,6160,0,104,-104,4.91,2,sell
8/21,2855,美林,1440,131,19,112,5.29,3,buy
8/21,2855,新光,8560,4,85,-81,3.83,3,sell
8/21,2855,凱基,9200,75,0,75,3.54,4,buy
8/21,2855,富邦-二林,0039003600320042,0,74,-74,3.5,4,sell
8/21,2855,元大-仁愛,003900380033006a,61,0,61,2.88,5,buy
8/21,2855,花旗環球,1590,61,106,-45,2.13,5,sell
8/21,2855,美商高盛,1480,146,93,53,2.5,6,buy
8/21,2855,凱基-台北,9268,244,287,-43,2.03,6,sell
8/21,2855,新加坡商瑞銀,1650,95,54,41,1.94,7,buy
8/21,2855,華南永昌-鳳山,9331,0,43,-43,2.03,7,sell
8/21,2855,群益金鼎-古亭,0039003100380043,35,2,33,1.56,8,buy
8/21,2855,台灣摩根士丹利,1470,100,134,-34,1.61,8,sell
8/21,2855,統一-新竹,5857,23,0,23,1.09,9,buy
8/21,2855,永豐金-敦南,0039004100380046,0,31,-31,1.46,9,sell
8/21,2855,統一-南京,0035003800350055,19,4,15,0.71,10,buy
8/21,2855,凱基-興隆,9289,0,25,-25,1.18,10,sell
8/21,2855,凱基-站前,0039003200300046,14,0,14,0.66,11,buy
8/21,2855,統一,5850,0,23,-23,1.09,11,sell
8/21,2855,元大證券,9800,44,32,12,0.57,12,buy
8/21,2855,土銀-玉里,1036,0,20,-20,0.94,12,sell
8/21,2855,統一-三重,003500380035004a,10,0,10,0.47,13,buy
8/21,2855,光和-嘉義,0036003300380041,0,20,-20,0.94,13,sell
8/21,2855,宏遠-桃園,1262,10,0,10,0.47,14,buy
8/21,2855,玉山-桃園,0038003800340046,0,18,-18,0.85,14,sell
8/21,2855,永豐金-亞灣,0039004100390061,15,5,10,0.47,15,buy
8/21,2855,元大-左營,0039003800390044,0,17,-17,0.8,15,sell
8/21,2542,美商高盛,1480,2559,452,2107,17.94,1,buy
8/21,2542,富邦證券,9600,0,732,-732,6.23,1,sell
8/21,2542,凱基-台北,9268,2207,402,1805,15.37,2,buy
8/21,2542,兆豐-大同,0037003000300053,6,400,-394,3.35,2,sell
8/21,2542,兆豐-忠孝,0037003000300061,1021,52,969,8.25,3,buy
8/21,2542,永豐金-市政,0039004100390057,1,362,-361,3.07,3,sell
8/21,2542,台中銀,6110,715,4,711,6.05,4,buy
8/21,2542,宏遠-桃園,1262,0,331,-331,2.82,4,sell
8/21,2542,摩根大通,8440,979,336,643,5.47,5,buy
8/21,2542,統一-永和,0035003800350042,0,300,-300,2.55,5,sell
8/21,2542,新加坡商瑞銀,1650,565,58,507,4.32,6,buy
8/21,2542,玉山-高雄,8843,1,297,-296,2.52,6,sell
8/21,2542,台灣摩根士丹利,1470,799,378,421,3.58,7,buy
8/21,2542,台灣企銀-台中,1111,3,233,-230,1.96,7,sell
8/21,2542,合庫證券,1020,400,10,390,3.32,8,buy
8/21,2542,康和-仁愛,0038003400350046,0,201,-201,1.71,8,sell
8/21,2542,美林,1440,177,5,172,1.46,9,buy
8/21,2542,華南永昌-台中,9302,5,192,-187,1.59,9,sell
8/21,2542,群益金鼎-新竹,9186,150,0,150,1.28,10,buy
8/21,2542,富邦-新店,9661,6,161,-155,1.32,10,sell
8/21,2542,日茂,5960,107,2,105,0.89,11,buy
8/21,2542,統一-新台中,0035003800350044,0,137,-137,1.17,11,sell
8/21,2542,兆豐證券,7000,100,0,100,0.85,12,buy
8/21,2542,陽信-高雄,8713,0,126,-126,1.07,12,sell
8/21,2542,國泰-板橋,003800380038004b,69,13,56,0.48,13,buy
8/21,2542,群益金鼎-萬華,0039003100330049,3,129,-126,1.07,13,sell
8/21,2542,花旗環球,1590,56,1,55,0.47,14,buy
8/21,2542,美好-中和,0035003200360041,0,108,-108,0.92,14,sell
8/21,2542,永豐金證券,0039004100300030,104,51,53,0.45,15,buy
8/21,2542,統一-士林,003500380035004d,0,103,-103,0.88,15,sell
8/21,8150,美林,1440,952,7,945,9.27,1,buy
8/21,8150,摩根大通,8440,88,1043,-955,9.37,1,sell
8/21,8150,元大-成功,003900380039004c,258,2,256,2.51,2,buy
8/21,8150,新加坡商瑞銀,1650,164,911,-747,7.33,2,sell
8/21,8150,香港上海匯豐,8960,161,0,161,1.58,3,buy
8/21,8150,凱基-台北,9268,697,1091,-394,3.86,3,sell
8/21,8150,台新-新店,0039004200320032,176,18,158,1.55,4,buy
8/21,8150,花旗環球,1590,18,184,-166,1.63,4,sell
8/21,8150,永豐金-新店,0039004100390069,102,2,100,0.98,5,buy
8/21,8150,台灣摩根士丹利,1470,589,722,-133,1.3,5,sell
8/21,8150,元大-歸仁,0039003800310061,80,12,68,0.67,6,buy
8/21,8150,元大證券,9800,228,330,-102,1.0,6,sell
8/21,8150,合庫-台中,1021,61,14,47,0.46,7,buy
8/21,8150,美商高盛,1480,697,771,-74,0.73,7,sell
8/21,8150,合庫-桃園,0031003000320045,51,3,48,0.47,8,buy
8/21,8150,元大-民雄,0039003800310056,4,65,-61,0.6,8,sell
8/21,8150,國泰-敦南,8888,292,245,47,0.46,9,buy
8/21,8150,國票證券,7790,5,56,-51,0.5,9,sell
8/21,8150,凱基,9200,41,0,41,0.4,10,buy
8/21,8150,永豐金證券,0039004100300030,51,98,-47,0.46,10,sell
8/21,8150,富邦-南屯,9666,40,2,38,0.37,11,buy
8/21,8150,第一金-路竹,0035003300380050,2,48,-46,0.45,11,sell
8/21,8150,元大-草屯,0039003800390045,64,29,35,0.34,12,buy
8/21,8150,元大-桃園,0039003800380042,30,75,-45,0.44,12,sell
8/21,8150,台新-台南,0039004200310036,49,17,32,0.31,13,buy
8/21,8150,第一金-新竹,0035003300380042,3,34,-31,0.3,13,sell
8/21,8150,富邦-中壢,9636,34,4,30,0.29,14,buy
8/21,8150,中國信託,6160,10,39,-29,0.28,14,sell
8/21,8150,永豐金-匯立,0039004100380031,29,0,29,0.28,15,buy
8/21,8150,群益金鼎-土城,003900310033004e,11,36,-25,0.25,15,sell
8/21,6147,台灣摩根士丹利,1470,1482,698,784,5.3,1,buy
8/21,6147,美商高盛,1480,571,2243,-1672,11.3,1,sell
8/21,6147,富邦證券,9600,604,172,432,2.92,2,buy
8/21,6147,美林,1440,167,998,-831,5.62,2,sell
8/21,6147,宏遠證券,1260,293,2,291,1.97,3,buy
8/21,6147,新加坡商瑞銀,1650,260,928,-668,4.52,3,sell
8/21,6147,凱基-台北,9268,1126,861,265,1.79,4,buy
8/21,6147,摩根大通,8440,295,615,-320,2.16,4,sell
8/21,6147,國泰-敦南,8888,365,208,157,1.06,5,buy
8/21,6147,元大證券,9800,860,1127,-267,1.8,5,sell
8/21,6147,凱基,9200,219,100,119,0.8,6,buy
8/21,6147,永豐金-中正,0039004100390055,5,252,-247,1.67,6,sell
8/21,6147,群益金鼎,9100,230,117,113,0.76,7,buy
8/21,6147,永豐金-南京,0039004100390053,4,162,-158,1.07,7,sell
8/21,6147,玉山-板橋,8846,114,9,105,0.71,8,buy
8/21,6147,凱基-信義,9216,0,141,-141,0.95,8,sell
8/21,6147,永豐金-員林,0039004100390043,105,9,96,0.65,9,buy
8/21,6147,永豐金證券,0039004100300030,126,261,-135,0.91,9,sell
8/21,6147,新光,8560,135,69,66,0.45,10,buy
8/21,6147,元大-斗信,9884,32,142,-110,0.74,10,sell
8/21,6147,永豐金-市政,0039004100390057,88,22,66,0.45,11,buy
8/21,6147,兆豐-台中,7003,12,97,-85,0.57,11,sell
8/21,6147,國泰-台中,8882,89,38,51,0.34,12,buy
8/21,6147,元大-忠孝,9871,20,77,-57,0.39,12,sell
8/21,6147,永全-南崁,6451,50,0,50,0.34,13,buy
8/21,6147,國泰證券,8880,41,94,-53,0.36,13,sell
8/21,6147,凱基-站前,0039003200300046,64,20,44,0.3,14,buy
8/21,6147,永豐金-內湖,0039004100390067,87,139,-52,0.35,14,sell
8/21,6147,富邦-板橋,9655,64,28,36,0.24,15,buy
8/21,6147,台新-台北,0039004200320030,3,50,-47,0.32,15,sell
8/21,8358,台灣摩根士丹利,1470,2770,268,2502,8.1,1,buy
8/21,8358,兆豐證券,7000,10,311,-301,0.97,1,sell
8/21,8358,富邦證券,9600,988,45,943,3.05,2,buy
8/21,8358,國泰-敦南,8888,827,1095,-268,0.87,2,sell
8/21,8358,美商高盛,1480,1751,1213,538,1.74,3,buy
8/21,8358,群益金鼎,9100,409,514,-105,0.34,3,sell
8/21,8358,港商野村,1560,582,60,522,1.69,4,buy
8/21,8358,兆豐-新竹,0037003000300056,38,141,-103,0.33,4,sell
8/21,8358,凱基-台北,9268,2397,1950,447,1.45,5,buy
8/21,8358,富邦-斗六,0039003600320047,10,89,-79,0.26,5,sell
8/21,8358,新加坡商瑞銀,1650,906,615,291,0.94,6,buy
8/21,8358,中國信託-高雄,003600310036004b,41,118,-77,0.25,6,sell
8/21,8358,富邦-嘉義,9692,300,51,249,0.81,7,buy
8/21,8358,永豐金-內湖,0039004100390067,65,134,-69,0.22,7,sell
8/21,8358,台新-西松,003900420032006e,206,12,194,0.63,8,buy
8/21,8358,元大-文心,9868,44,107,-63,0.2,8,sell
8/21,8358,國票-敦北法人,0037003700390063,191,13,178,0.58,9,buy
8/21,8358,富邦-仁愛,9676,50,111,-61,0.2,9,sell
8/21,8358,美林,1440,193,27,166,0.54,10,buy
8/21,8358,合庫證券,1020,50,109,-59,0.19,10,sell
8/21,8358,國票-安和,003700370039005a,213,48,165,0.53,11,buy
8/21,8358,台新,0039004200300030,207,265,-58,0.19,11,sell
8/21,8358,摩根大通,8440,367,245,122,0.39,12,buy
8/21,8358,中國信託-三重,6161,24,82,-58,0.19,12,sell
8/21,8358,港商麥格理,1360,110,11,99,0.32,13,buy
8/21,8358,台新-台中,0039004200310068,76,127,-51,0.17,13,sell
8/21,8358,凱基-長庚,9233,85,14,71,0.23,14,buy
8/21,8358,統一-南京,0035003800350055,12,62,-50,0.16,14,sell
8/21,8358,元大證券,9800,2614,2545,69,0.22,15,buy
8/21,8358,富邦-台北,9623,51,101,-50,0.16,15,sell
8/21,5371,國票-安和,003700370039005a,42,1,41,1.92,1,buy
8/21,5371,新光,8560,8,105,-97,4.54,1,sell
8/21,5371,華南永昌-岡山,9324,42,2,40,1.87,2,buy
8/21,5371,國泰-館前,0038003800380041,31,116,-85,3.98,2,sell
8/21,5371,福邦證券,6480,43,5,38,1.78,3,buy
8/21,5371,群益金鼎-大安,0039003100380065,0,45,-45,2.11,3,sell
8/21,5371,統一-台南,5855,36,0,36,1.69,4,buy
8/21,5371,日進,5660,0,32,-32,1.5,4,sell
8/21,5371,元大-淡水,9899,38,2,36,1.69,5,buy
8/21,5371,兆豐-員林,003700300030006b,10,40,-30,1.41,5,sell
8/21,5371,元大-竹山,0039003800310052,35,1,34,1.59,6,buy
8/21,5371,國票-九鼎,0037003700390050,2,31,-29,1.36,6,sell
8/21,5371,永豐金-彰化,0039004100390073,32,7,25,1.17,7,buy
8/21,5371,華南永昌-忠孝,9325,0,25,-25,1.17,7,sell
8/21,5371,凱基-三峽,0039003200310045,25,0,25,1.17,8,buy
8/21,5371,國泰-桃園,8885,0,25,-25,1.17,8,sell
8/21,5371,華南永昌-嘉義,9314,25,2,23,1.08,9,buy
8/21,5371,康和-永和,0038003400350042,0,22,-22,1.03,9,sell
8/21,5371,統一-東湖,0035003800350052,23,3,20,0.94,10,buy
8/21,5371,凱基-中壢,9285,0,20,-20,0.94,10,sell
8/21,5371,元大-台中中港,0039003800390042,20,0,20,0.94,11,buy
8/21,5371,凱基-台北,9268,84,103,-19,0.89,11,sell
8/21,5371,台新-城東,0039004200320072,19,1,18,0.84,12,buy
8/21,5371,兆豐-桃園,003700300030004d,3,22,-19,0.89,12,sell
8/21,5371,玉山證券,8840,14,1,13,0.61,13,buy
8/21,5371,元大-竹科,003900380030004b,5,23,-18,0.84,13,sell
8/21,5371,統一-宜蘭,0035003800350053,17,4,13,0.61,14,buy
8/21,5371,富邦-新店,9661,3,20,-17,0.8,14,sell
8/21,5371,群益金鼎-延平,0039003100380078,13,1,12,0.56,15,buy
8/21,5371,國泰-敦南,8888,42,58,-16,0.75,15,sell
8/21,6505,美商高盛,1480,2872,1350,1522,7.44,1,buy
8/21,6505,凱基-台北,9268,1119,1762,-643,3.14,1,sell
8/21,6505,新加坡商瑞銀,1650,745,339,406,1.98,2,buy
8/21,6505,台灣摩根士丹利,1470,966,1437,-471,2.3,2,sell
8/21,6505,元大-忠孝,9871,428,27,401,1.96,3,buy
8/21,6505,香港上海匯豐,8960,0,222,-222,1.08,3,sell
8/21,6505,元大證券,9800,945,548,397,1.94,4,buy
8/21,6505,國泰-敦南,8888,288,497,-209,1.02,4,sell
8/21,6505,花旗環球,1590,391,4,387,1.89,5,buy
8/21,6505,富邦-中壢,9636,12,181,-169,0.83,5,sell
8/21,6505,美林,1440,288,20,268,1.31,6,buy
8/21,6505,元大-新莊,9898,14,152,-138,0.67,6,sell
8/21,6505,永豐金證券,0039004100300030,373,111,262,1.28,7,buy
8/21,6505,新光-桃園,8565,17,141,-124,0.61,7,sell
8/21,6505,凱基-台南,9211,208,16,192,0.94,8,buy
8/21,6505,摩根大通,8440,278,383,-105,0.51,8,sell
8/21,6505,合庫-西台中,0031003000320046,180,24,156,0.76,9,buy
8/21,6505,光和-嘉義,0036003300380041,2,101,-99,0.48,9,sell
8/21,6505,元大-小港,003900380039005a,176,28,148,0.72,10,buy
8/21,6505,永豐金-豐原,0039004100390051,4,87,-83,0.41,10,sell
8/21,6505,凱基-板橋,0039003200300041,159,13,146,0.71,11,buy
8/21,6505,國泰-館前,0038003800380041,24,101,-77,0.38,11,sell
8/21,6505,兆豐證券,7000,152,12,140,0.68,12,buy
8/21,6505,華南永昌-嘉義,9314,2,75,-73,0.36,12,sell
8/21,6505,群益金鼎,9100,256,117,139,0.68,13,buy
8/21,6505,新光,8560,152,225,-73,0.36,13,sell
8/21,6505,元大-彰化民生,003900380039004a,156,18,138,0.67,14,buy
8/21,6505,元大-大同,0039003800390047,66,135,-69,0.34,14,sell
8/21,6505,元大-館前,003900380034004b,198,81,117,0.57,15,buy
8/21,6505,大昌-樹林,6461,10,78,-68,0.33,15,sell
8/21,5347,摩根大通,8440,389,186,203,4.84,1,buy
8/21,5347,台灣摩根士丹利,1470,134,320,-186,4.43,1,sell
8/21,5347,美林,1440,513,336,177,4.22,2,buy
8/21,5347,群益金鼎,9100,32,209,-177,4.22,2,sell
8/21,5347,凱基-台北,9268,364,263,101,2.41,3,buy
8/21,5347,國泰證券,8880,11,163,-152,3.62,3,sell
8/21,5347,新加坡商瑞銀,1650,141,68,73,1.74,4,buy
8/21,5347,美商高盛,1480,361,498,-137,3.27,4,sell
8/21,5347,大和國泰,8890,69,0,69,1.65,5,buy
8/21,5347,富邦-台北,9623,2,103,-101,2.41,5,sell
8/21,5347,元大-大同,0039003800390047,35,9,26,0.62,6,buy
8/21,5347,富邦-三重,9677,1,91,-90,2.15,6,sell
8/21,5347,玉山證券,8840,26,6,20,0.48,7,buy
8/21,5347,元大證券,9800,205,264,-59,1.41,7,sell
8/21,5347,花旗環球,1590,60,42,18,0.43,8,buy
8/21,5347,港商野村,1560,5,51,-46,1.1,8,sell
8/21,5347,台新,0039004200300030,28,13,15,0.36,9,buy
8/21,5347,台新-建北,0039004200310038,2,35,-33,0.79,9,sell
8/21,5347,元大-嘉義,0039003800390067,14,0,14,0.33,10,buy
8/21,5347,富邦-花蓮,9621,5,25,-20,0.48,10,sell
8/21,5347,凱基-東港,9212,14,1,13,0.31,11,buy
8/21,5347,富邦-木柵,003900360031004d,4,21,-17,0.41,11,sell
8/21,5347,群益金鼎-三重,0039003100330067,15,2,13,0.31,12,buy
8/21,5347,元大-東泰,9817,4,21,-17,0.41,12,sell
8/21,5347,元大-大天母,9893,14,1,13,0.31,13,buy
8/21,5347,國泰-桃園,8885,12,28,-16,0.38,13,sell
8/21,5347,富邦-建國,9658,13,1,12,0.29,14,buy
8/21,5347,元大-彰化民生,003900380039004a,1,14,-13,0.31,14,sell
8/21,5347,新光,8560,19,8,11,0.26,15,buy
8/21,5347,玉山-新莊,8842,1,14,-13,0.31,15,sell
8/21,3702,美商高盛,1480,1457,203,1254,10.99,1,buy
8/21,3702,凱基-站前,0039003200300046,209,552,-343,3.01,1,sell
8/21,3702,富邦證券,9600,732,6,726,6.37,2,buy
8/21,3702,台灣摩根士丹利,1470,997,1259,-262,2.3,2,sell
8/21,3702,摩根大通,8440,957,301,656,5.75,3,buy
8/21,3702,凱基-台北,9268,977,1212,-235,2.06,3,sell
8/21,3702,宏遠證券,1260,365,0,365,3.2,4,buy
8/21,3702,永豐金-匯立,0039004100380031,0,215,-215,1.88,4,sell
8/21,3702,國泰證券,8880,346,0,346,3.03,5,buy
8/21,3702,中國信託,6160,4,138,-134,1.17,5,sell
8/21,3702,元大證券,9800,894,667,227,1.99,6,buy
8/21,3702,富邦-板橋,9655,5,126,-121,1.06,6,sell
8/21,3702,美林,1440,368,165,203,1.78,7,buy
8/21,3702,富邦-敦南,9663,2,102,-100,0.88,7,sell
8/21,3702,永豐金-萬盛,0039004100390032,181,15,166,1.46,8,buy
8/21,3702,新加坡商瑞銀,1650,929,1025,-96,0.84,8,sell
8/21,3702,土銀,1030,150,3,147,1.29,9,buy
8/21,3702,國泰-敦南,8888,56,149,-93,0.82,9,sell
8/21,3702,元大-敦南,0039003800390050,106,4,102,0.89,10,buy
8/21,3702,統一-桃園,0035003800350048,1,86,-85,0.75,10,sell
8/21,3702,花旗環球,1590,124,36,88,0.77,11,buy
8/21,3702,(牛牛牛)亞-鑫豐,0036003000310064,22,97,-75,0.66,11,sell
8/21,3702,玉山-台中,0038003800340042,78,8,70,0.61,12,buy
8/21,3702,新光,8560,51,122,-71,0.62,12,sell
8/21,3702,大和國泰,8890,56,0,56,0.49,13,buy
8/21,3702,台新,0039004200300030,17,84,-67,0.59,13,sell
8/21,3702,富邦-樹林,0039003600320045,68,15,53,0.46,14,buy
8/21,3702,元大-新莊,9898,1,62,-61,0.53,14,sell
8/21,3702,元大-台南,9896,56,3,53,0.46,15,buy
8/21,3702,群益金鼎-桃園,9189,0,56,-56,0.49,15,sell
8/21,8028,元大-彰化,0039003800310047,82,0,82,6.21,1,buy
8/21,8028,統一,5850,1,271,-270,20.45,1,sell
8/21,8028,台灣摩根士丹利,1470,66,17,49,3.71,2,buy
8/21,8028,凱基-台北,9268,128,175,-47,3.56,2,sell
8/21,8028,元大-內湖民權,9867,41,1,40,3.03,3,buy
8/21,8028,美林,1440,0,36,-36,2.73,3,sell
8/21,8028,美商高盛,1480,114,77,37,2.8,4,buy
8/21,8028,永豐金證券,0039004100300030,5,35,-30,2.27,4,sell
8/21,8028,元大證券,9800,86,51,35,2.65,5,buy
8/21,8028,新加坡商瑞銀,1650,8,32,-24,1.82,5,sell
8/21,8028,群益金鼎-基隆,0039003100330045,20,0,20,1.52,6,buy
8/21,8028,台灣企銀,1110,2,23,-21,1.59,6,sell
8/21,8028,富邦證券,9600,35,15,20,1.52,7,buy
8/21,8028,港商野村,1560,0,9,-9,0.68,7,sell
8/21,8028,合庫-桃園,0031003000320045,11,1,10,0.76,8,buy
8/21,8028,第一金-豐原,003500330038004e,5,13,-8,0.61,8,sell
8/21,8028,富邦-永和,9654,9,0,9,0.68,9,buy
8/21,8028,玉山-桃園,0038003800340046,0,8,-8,0.61,9,sell
8/21,8028,國泰-敦南,8888,27,19,8,0.61,10,buy
8/21,8028,凱基-站前,0039003200300046,1,8,-7,0.53,10,sell
8/21,8028,台新,0039004200300030,8,1,7,0.53,11,buy
8/21,8028,國票-南崁,0037003700390045,0,6,-6,0.45,11,sell
8/21,8028,群益金鼎,9100,9,3,6,0.45,12,buy
8/21,8028,富邦-敦南,9663,0,6,-6,0.45,12,sell
8/21,8028,凱基-東勢,0039003200310059,6,0,6,0.45,13,buy
8/21,8028,第一金-自由,0035003300380045,0,6,-6,0.45,13,sell
8/21,8028,群益金鼎-新莊,0039003100380047,6,0,6,0.45,14,buy
8/21,8028,台新-松江,0039004200310035,0,5,-5,0.38,14,sell
8/21,8028,永豐金-忠孝,0039004100390044,6,1,5,0.38,15,buy
8/21,8028,聯邦-大業,8586,0,5,-5,0.38,15,sell
8/21,6415,永豐金-匯立,0039004100380031,135,0,135,6.91,1,buy
8/21,6415,富邦證券,9600,502,700,-198,10.13,1,sell
8/21,6415,美商高盛,1480,244,129,115,5.88,2,buy
8/21,6415,美林,1440,2,67,-65,3.32,2,sell
8/21,6415,花旗環球,1590,103,12,91,4.65,3,buy
8/21,6415,摩根大通,8440,19,71,-52,2.66,3,sell
8/21,6415,元大證券,9800,94,72,22,1.13,4,buy
8/21,6415,永豐金證券,0039004100300030,4,48,-44,2.25,4,sell
8/21,6415,新光,8560,23,8,15,0.77,5,buy
8/21,6415,統一,5850,1,20,-19,0.97,5,sell
8/21,6415,台灣摩根士丹利,1470,158,144,14,0.72,6,buy
8/21,6415,元大-頭份,0039003800330055,2,13,-11,0.56,6,sell
8/21,6415,元大-板橋,0039003800390043,11,0,11,0.56,7,buy
8/21,6415,凱基-台北,9268,152,162,-10,0.51,7,sell
8/21,6415,永豐金-台南,0039004100390068,10,1,9,0.46,8,buy
8/21,6415,臺銀,1040,0,9,-9,0.46,8,sell
8/21,6415,國票-敦北法人,0037003700390063,5,0,5,0.26,9,buy
8/21,6415,港商野村,1560,17,25,-8,0.41,9,sell
8/21,6415,兆豐-高雄,003700300030005a,5,0,5,0.26,10,buy
8/21,6415,中國信託,6160,5,13,-8,0.41,10,sell
8/21,6415,華南永昌,9300,5,0,5,0.26,11,buy
8/21,6415,群益金鼎,9100,3,11,-8,0.41,11,sell
8/21,6415,國泰-館前,0038003800380041,5,1,4,0.2,12,buy
8/21,6415,元大-敦南,0039003800390050,0,8,-8,0.41,12,sell
8/21,6415,玉山-台南,8847,4,0,4,0.2,13,buy
8/21,6415,富邦-港都,0039003600320051,0,7,-7,0.36,13,sell
8/21,6415,香港上海匯豐,8960,8,4,4,0.2,14,buy
8/21,6415,元大-中壢,9834,2,9,-7,0.36,14,sell
8/21,6415,華南永昌-豐原,9366,4,0,4,0.2,15,buy
8/21,6415,富邦-公益,0039003600310046,1,6,-5,0.26,15,sell
8/21,1785,富邦-左營,0039003600360046,65,2,63,2.12,1,buy
8/21,1785,凱基-台北,9268,91,248,-157,5.28,1,sell
8/21,1785,元大-新莊,9898,57,10,47,1.58,2,buy
8/21,1785,摩根大通,8440,36,157,-121,4.07,2,sell
8/21,1785,群益金鼎-西松,9136,36,0,36,1.21,3,buy
8/21,1785,美商高盛,1480,125,226,-101,3.4,3,sell
8/21,1785,玉山-台南,8847,46,12,34,1.14,4,buy
8/21,1785,新加坡商瑞銀,1650,23,121,-98,3.3,4,sell
8/21,1785,國泰-敦南,8888,67,34,33,1.11,5,buy
8/21,1785,花旗環球,1590,2,91,-89,2.99,5,sell
8/21,1785,群益金鼎-天母,0039003100380050,30,0,30,1.01,6,buy
8/21,1785,台灣摩根士丹利,1470,86,174,-88,2.96,6,sell
8/21,1785,富邦-台東,9608,32,4,28,0.94,7,buy
8/21,1785,群益金鼎-忠孝,0039003100380057,0,58,-58,1.95,7,sell
8/21,1785,台新-高雄,0039004200310067,27,2,25,0.84,8,buy
8/21,1785,永豐金-員林,0039004100390043,1,52,-51,1.71,8,sell
8/21,1785,富邦-港都,0039003600320051,20,0,20,0.67,9,buy
8/21,1785,美林,1440,0,46,-46,1.55,9,sell
8/21,1785,兆豐-新營,003700300030004b,21,1,20,0.67,10,buy
8/21,1785,台新-新營,0039004200310031,0,41,-41,1.38,10,sell
8/21,1785,台新-潮州,0039004200320043,20,0,20,0.67,11,buy
8/21,1785,國泰-高雄,8881,9,42,-33,1.11,11,sell
8/21,1785,第一金-新興,0035003300380041,21,1,20,0.67,12,buy
8/21,1785,新光-台中,8561,4,34,-30,1.01,12,sell
8/21,1785,元大-蘆洲中正,0039003800390049,20,1,19,0.64,13,buy
8/21,1785,國泰證券,8880,0,30,-30,1.01,13,sell
8/21,1785,華南永昌,9300,18,1,17,0.57,14,buy
8/21,1785,元大-崇德,0039003800310053,1,30,-29,0.98,14,sell
8/21,1785,國泰-板橋,003800380038004b,22,5,17,0.57,15,buy
8/21,1785,港商野村,1560,3,31,-28,0.94,15,sell
8/21,6257,中國信託,6160,1210,10,1200,27.99,1,buy
8/21,6257,兆豐證券,7000,0,499,-499,11.64,1,sell
8/21,6257,元大-員林,9889,55,1,54,1.26,2,buy
8/21,6257,台灣摩根士丹利,1470,133,519,-386,9.0,2,sell
8/21,6257,統一,5850,131,88,43,1.0,3,buy
8/21,6257,新加坡商瑞銀,1650,158,390,-232,5.41,3,sell
8/21,6257,港商野村,1560,50,23,27,0.63,4,buy
8/21,6257,美林,1440,1,118,-117,2.73,4,sell
8/21,6257,富邦-竹北,9624,23,0,23,0.54,5,buy
8/21,6257,摩根大通,8440,44,156,-112,2.61,5,sell
8/21,6257,國票-新莊,0037003700390047,21,0,21,0.49,6,buy
8/21,6257,華南永昌,9300,1,73,-72,1.68,6,sell
8/21,6257,國票-桃園,0037003700390072,20,0,20,0.47,7,buy
8/21,6257,合庫證券,1020,1,68,-67,1.56,7,sell
8/21,6257,國泰-敦南,8888,41,22,19,0.44,8,buy
8/21,6257,台灣企銀,1110,0,64,-64,1.49,8,sell
8/21,6257,新光,8560,33,15,18,0.42,9,buy
8/21,6257,香港上海匯豐,8960,0,63,-63,1.47,9,sell
8/21,6257,港商麥格理,1360,16,0,16,0.37,10,buy
8/21,6257,第一金,5380,1,63,-62,1.45,10,sell
8/21,6257,國票-九鼎,0037003700390050,17,1,16,0.37,11,buy
8/21,6257,凱基,9200,9,68,-59,1.38,11,sell
8/21,6257,兆豐-南門,0037003000300067,15,0,15,0.35,12,buy
8/21,6257,富邦證券,9600,41,99,-58,1.35,12,sell
8/21,6257,群益金鼎-中壢,0039003100380041,14,0,14,0.33,13,buy
8/21,6257,永豐金證券,0039004100300030,15,68,-53,1.24,13,sell
8/21,6257,玉山-景美,8849,11,0,11,0.26,14,buy
8/21,6257,花旗環球,1590,12,63,-51,1.19,14,sell
8/21,6257,元大-樹林,003900380039006a,11,0,11,0.26,15,buy
8/21,6257,凱基-台北,9268,332,372,-40,0.93,15,sell
8/21,2472,美商高盛,1480,184,87,97,7.82,1,buy
8/21,2472,新加坡商瑞銀,1650,44,169,-125,10.08,1,sell
8/21,2472,元大-台北,0039003800300068,20,2,18,1.45,2,buy
8/21,2472,凱基-台北,9268,61,133,-72,5.81,2,sell
8/21,2472,美林,1440,19,1,18,1.45,3,buy
8/21,2472,群益金鼎-古亭,0039003100380043,0,45,-45,3.63,3,sell
8/21,2472,元大-草屯,0039003800390045,18,1,17,1.37,4,buy
8/21,2472,台新,0039004200300030,6,38,-32,2.58,4,sell
8/21,2472,統一-土城,0035003800350059,16,2,14,1.13,5,buy
8/21,2472,凱基,9200,11,40,-29,2.34,5,sell
8/21,2472,摩根大通,8440,55,42,13,1.05,6,buy
8/21,2472,華南永昌-敦南,9347,0,20,-20,1.61,6,sell
8/21,2472,國泰-敦南,8888,20,11,9,0.73,7,buy
8/21,2472,台新-桃園,0039004200320076,0,12,-12,0.97,7,sell
8/21,2472,台灣摩根士丹利,1470,45,36,9,0.73,8,buy
8/21,2472,凱基-中壢,9285,0,12,-12,0.97,8,sell
8/21,2472,元大-莒光,003900380031004c,8,0,8,0.65,9,buy
8/21,2472,凱基-宜蘭,003900320030004d,0,11,-11,0.89,9,sell
8/21,2472,元大證券,9800,45,37,8,0.65,10,buy
8/21,2472,元大-龍潭,9858,2,13,-11,0.89,10,sell
8/21,2472,群益金鼎-竹南,0039003100380069,8,1,7,0.56,11,buy
8/21,2472,華南永昌-斗六,9327,0,10,-10,0.81,11,sell
8/21,2472,玉山-板橋,8846,6,0,6,0.48,12,buy
8/21,2472,兆豐-高雄,003700300030005a,1,10,-9,0.73,12,sell
8/21,2472,中國信託,6160,7,1,6,0.48,13,buy
8/21,2472,群益金鼎-敦南,9101,5,13,-8,0.65,13,sell
8/21,2472,國票-桃園,0037003700390072,8,2,6,0.48,14,buy
8/21,2472,京城,8490,9,16,-7,0.56,14,sell
8/21,2472,元大-大甲,0039003800390055,5,0,5,0.4,15,buy
8/21,2472,臺銀-高雄,0031003000340043,0,7,-7,0.56,15,sell
8/21,5536,台灣摩根士丹利,1470,138,59,79,10.09,1,buy
8/21,5536,摩根大通,8440,12,75,-63,8.05,1,sell
8/21,5536,大和國泰,8890,51,0,51,6.51,2,buy
8/21,5536,花旗環球,1590,0,47,-47,6.0,2,sell
8/21,5536,玉山證券,8840,38,0,38,4.85,3,buy
8/21,5536,富邦證券,9600,0,38,-38,4.85,3,sell
8/21,5536,兆豐證券,7000,44,20,24,3.07,4,buy
8/21,5536,元大證券,9800,38,72,-34,4.34,4,sell
8/21,5536,港商野村,1560,15,0,15,1.92,5,buy
8/21,5536,永豐金-匯立,0039004100380031,27,53,-26,3.32,5,sell
8/21,5536,華南永昌-中正,9359,8,0,8,1.02,6,buy
8/21,5536,第一金-中壢,0035003300380059,0,21,-21,2.68,6,sell
8/21,5536,富邦-台北,9623,7,0,7,0.89,7,buy
8/21,5536,凱基-台北,9268,45,64,-19,2.43,7,sell
8/21,5536,國泰-敦南,8888,19,14,5,0.64,8,buy
8/21,5536,美商高盛,1480,45,61,-16,2.04,8,sell
8/21,5536,玉山-台中,0038003800340042,7,2,5,0.64,9,buy
8/21,5536,新加坡商瑞銀,1650,2,13,-11,1.4,9,sell
8/21,5536,台灣企銀-桃園,0031003100310045,5,0,5,0.64,10,buy
8/21,5536,美林,1440,2,12,-10,1.28,10,sell
8/21,5536,港商麥格理,1360,5,0,5,0.64,11,buy
8/21,5536,國泰證券,8880,2,11,-9,1.15,11,sell
8/21,5536,永豐金-中正,0039004100390055,4,0,4,0.51,12,buy
8/21,5536,群益金鼎-忠孝,0039003100380057,0,4,-4,0.51,12,sell
8/21,5536,統一,5850,5,2,3,0.38,13,buy
8/21,5536,元大-竹北,0039003800310042,0,4,-4,0.51,13,sell
8/21,5536,群益金鼎-北高雄,0039003100330052,3,0,3,0.38,14,buy
8/21,5536,華南永昌,9300,2,5,-3,0.38,14,sell
8/21,5536,華南永昌-淡水,9316,3,0,3,0.38,15,buy
8/21,5536,中國信託-文心,6164,1,3,-2,0.26,15,sell
8/21,6488,合庫-西台中,0031003000320046,166,6,160,1.99,1,buy
8/21,6488,台灣摩根士丹利,1470,150,792,-642,7.98,1,sell
8/21,6488,國泰-敦南,8888,325,211,114,1.42,2,buy
8/21,6488,花旗環球,1590,20,438,-418,5.2,2,sell
8/21,6488,玉山證券,8840,69,5,64,0.8,3,buy
8/21,6488,美商高盛,1480,127,459,-332,4.13,3,sell
8/21,6488,國票-敦北法人,0037003700390063,45,4,41,0.51,4,buy
8/21,6488,元大證券,9800,1066,1321,-255,3.17,4,sell
8/21,6488,華南永昌,9300,74,33,41,0.51,5,buy
8/21,6488,新加坡商瑞銀,1650,61,180,-119,1.48,5,sell
8/21,6488,國泰-板橋,003800380038004b,54,18,36,0.45,6,buy
8/21,6488,富邦證券,9600,68,171,-103,1.28,6,sell
8/21,6488,新光,8560,66,33,33,0.41,7,buy
8/21,6488,永豐金證券,0039004100300030,48,145,-97,1.21,7,sell
8/21,6488,中國信託-高雄,003600310036004b,43,12,31,0.39,8,buy
8/21,6488,摩根大通,8440,95,172,-77,0.96,8,sell
8/21,6488,凱基-文心,9297,31,2,29,0.36,9,buy
8/21,6488,港商野村,1560,18,67,-49,0.61,9,sell
8/21,6488,康和,8450,28,1,27,0.34,10,buy
8/21,6488,國泰-館前,0038003800380041,36,83,-47,0.58,10,sell
8/21,6488,凱基-北門,9283,45,19,26,0.32,11,buy
8/21,6488,凱基-台北,9268,474,510,-36,0.45,11,sell
8/21,6488,康和-仁愛,0038003400350046,23,1,22,0.27,12,buy
8/21,6488,群益金鼎,9100,113,145,-32,0.4,12,sell
8/21,6488,國泰-台中,8882,61,39,22,0.27,13,buy
8/21,6488,永豐金-信義,0039004100390052,2,33,-31,0.39,13,sell
8/21,6488,國票-安和,003700370039005a,22,0,22,0.27,14,buy
8/21,6488,元大-忠孝,9871,39,66,-27,0.34,14,sell
8/21,6488,永豐金-板新,003900410039004a,25,4,21,0.26,15,buy
8/21,6488,群益金鼎-土城,003900310033004e,2,24,-22,0.27,15,sell
8/21,2489,富邦證券,9600,2816,110,2706,7.65,1,buy
8/21,2489,美商高盛,1480,1263,2179,-916,2.59,1,sell
8/21,2489,摩根大通,8440,3958,1291,2667,7.54,2,buy
8/21,2489,國泰-敦南,8888,575,948,-373,1.05,2,sell
8/21,2489,台新,0039004200300030,2577,231,2346,6.63,3,buy
8/21,2489,華南永昌-南京,9326,16,306,-290,0.82,3,sell
8/21,2489,永豐金證券,0039004100300030,2261,298,1963,5.55,4,buy
8/21,2489,國票-台東,7791,0,236,-236,0.67,4,sell
8/21,2489,統一,5850,1252,71,1181,3.34,5,buy
8/21,2489,新加坡商瑞銀,1650,110,328,-218,0.62,5,sell
8/21,2489,凱基,9200,729,0,729,2.06,6,buy
8/21,2489,元大-內湖,003900380039004e,12,169,-157,0.44,6,sell
8/21,2489,富邦-板橋,9655,548,104,444,1.26,7,buy
8/21,2489,花旗環球,1590,0,153,-153,0.43,7,sell
8/21,2489,台新-建北,0039004200310038,456,46,410,1.16,8,buy
8/21,2489,元大-大益,9814,16,165,-149,0.42,8,sell
8/21,2489,永豐金-信義,0039004100390052,329,3,326,0.92,9,buy
8/21,2489,新光,8560,217,349,-132,0.37,9,sell
8/21,2489,華南永昌,9300,360,69,291,0.82,10,buy
8/21,2489,德信,6910,1,122,-121,0.34,10,sell
8/21,2489,台灣摩根士丹利,1470,885,629,256,0.72,11,buy
8/21,2489,台新-台南,0039004200310036,21,140,-119,0.34,11,sell
8/21,2489,元大-蘆洲,9857,315,66,249,0.7,12,buy
8/21,2489,華南永昌-中正,9359,233,351,-118,0.33,12,sell
8/21,2489,富邦-新板,0039003600310048,272,33,239,0.68,13,buy
8/21,2489,國泰-台中,8882,62,179,-117,0.33,13,sell
8/21,2489,群益金鼎,9100,498,294,204,0.58,14,buy
8/21,2489,中國信託-三重,6161,17,132,-115,0.33,14,sell
8/21,2489,元大-竹科,003900380030004b,239,43,196,0.55,15,buy
8/21,2489,華南永昌-彰化,9363,3,116,-113,0.32,15,sell
8/21,2316,台灣摩根士丹利,1470,133,34,99,5.93,1,buy
8/21,2316,凱基-台北,9268,48,140,-92,5.51,1,sell
8/21,2316,兆豐-民生,0037003000300063,61,0,61,3.65,2,buy
8/21,2316,美商高盛,1480,106,194,-88,5.27,2,sell
8/21,2316,華南永昌-竹北,9339,50,0,50,2.99,3,buy
8/21,2316,美林,1440,1,44,-43,2.57,3,sell
8/21,2316,元大證券,9800,119,87,32,1.92,4,buy
8/21,2316,凱基-站前,0039003200300046,0,32,-32,1.92,4,sell
8/21,2316,口袋證券,6620,28,0,28,1.68,5,buy
8/21,2316,摩根大通,8440,96,127,-31,1.86,5,sell
8/21,2316,兆豐-南門,0037003000300067,33,5,28,1.68,6,buy
8/21,2316,富邦-嘉義,9692,5,26,-21,1.26,6,sell
8/21,2316,新加坡商瑞銀,1650,38,14,24,1.44,7,buy
8/21,2316,中國信託-三重,6161,0,20,-20,1.2,7,sell
8/21,2316,統一,5850,30,11,19,1.14,8,buy
8/21,2316,國泰-台中,8882,1,13,-12,0.72,8,sell
8/21,2316,聯邦-忠孝,8583,16,0,16,0.96,9,buy
8/21,2316,第一金-新興,0035003300380041,1,12,-11,0.66,9,sell
8/21,2316,凱基,9200,15,0,15,0.9,10,buy
8/21,2316,京城,8490,1,11,-10,0.6,10,sell
8/21,2316,富邦證券,9600,16,2,14,0.84,11,buy
8/21,2316,華南永昌-岡山,9324,1,11,-10,0.6,11,sell
8/21,2316,富邦-岡山,9616,11,0,11,0.66,12,buy
8/21,2316,群益金鼎,9100,10,18,-8,0.48,12,sell
8/21,2316,群益金鼎-西松,9136,10,0,10,0.6,13,buy
8/21,2316,台新,0039004200300030,7,14,-7,0.42,13,sell
8/21,2316,凱基-松山,9217,10,0,10,0.6,14,buy
8/21,2316,元大-仁愛,003900380033006a,2,9,-7,0.42,14,sell
8/21,2316,華南永昌,9300,10,1,9,0.54,15,buy
8/21,2316,宏遠-高雄,0031003200360051,0,6,-6,0.36,15,sell
