date,stock_code,broker_name,broker_id,buy_vol,sell_vol,net_vol,pct,rank,side
9/16,2330,美林,1440,1172,544,628,3.01,1,buy
9/16,2330,台灣摩根士丹利,1470,485,3728,-3243,15.54,1,sell
9/16,2330,花旗環球,1590,1112,852,260,1.25,2,buy
9/16,2330,摩根大通,8440,1754,3914,-2160,10.35,2,sell
9/16,2330,國泰-敦南,8888,364,141,223,1.07,3,buy
9/16,2330,元大證券,9800,1065,2423,-1358,6.51,3,sell
9/16,2330,凱基-台北,9268,696,546,150,0.72,4,buy
9/16,2330,美商高盛,1480,407,1379,-972,4.66,4,sell
9/16,2330,統一,5850,183,44,139,0.67,5,buy
9/16,2330,法銀巴黎,8900,140,1076,-936,4.48,5,sell
9/16,2330,玉山證券,8840,110,4,106,0.51,6,buy
9/16,2330,香港上海匯豐,8960,69,351,-282,1.35,6,sell
9/16,2330,福邦證券,6480,105,0,105,0.5,7,buy
9/16,2330,富邦證券,9600,677,940,-263,1.26,7,sell
9/16,2330,凱基-雙和,0039003200300043,106,1,105,0.5,8,buy
9/16,2330,永豐金證券,0039004100300030,331,440,-109,0.52,8,sell
9/16,2330,台灣企銀,1110,106,2,104,0.5,9,buy
9/16,2330,新加坡商瑞銀,1650,1068,1149,-81,0.39,9,sell
9/16,2330,新光,8560,133,32,101,0.48,10,buy
9/16,2330,國泰證券,8880,119,191,-72,0.34,10,sell
9/16,2330,國泰-台中,8882,109,12,97,0.46,11,buy
9/16,2330,台中銀-台北,6115,7,78,-71,0.34,11,sell
9/16,2330,中國信託,6160,264,169,95,0.46,12,buy
9/16,2330,凱基,9200,89,156,-67,0.32,12,sell
9/16,2330,兆豐證券,7000,95,4,91,0.44,13,buy
9/16,2330,港商麥格理,1360,27,79,-52,0.25,13,sell
9/16,2330,宏遠證券,1260,133,43,90,0.43,14,buy
9/16,2330,港商野村,1560,369,419,-50,0.24,14,sell
9/16,2330,群益金鼎,9100,95,13,82,0.39,15,buy
9/16,2330,元大-竹科,003900380030004b,28,68,-40,0.19,15,sell
9/16,2317,美商高盛,1480,2420,1244,1176,5.96,1,buy
9/16,2317,凱基,9200,602,3371,-2769,14.03,1,sell
9/16,2317,國票-敦北法人,0037003700390063,985,11,974,4.93,2,buy
9/16,2317,摩根大通,8440,1571,3114,-1543,7.82,2,sell
9/16,2317,美林,1440,1091,214,877,4.44,3,buy
9/16,2317,花旗環球,1590,728,2058,-1330,6.74,3,sell
9/16,2317,永豐金證券,0039004100300030,922,154,768,3.89,4,buy
9/16,2317,凱基-台北,9268,258,1394,-1136,5.76,4,sell
9/16,2317,元大證券,9800,969,447,522,2.64,5,buy
9/16,2317,台灣摩根士丹利,1470,1143,1660,-517,2.62,5,sell
9/16,2317,新加坡商瑞銀,1650,921,577,344,1.74,6,buy
9/16,2317,元大-和平,9863,4,164,-160,0.81,6,sell
9/16,2317,台新-台北,0039004200320030,256,4,252,1.28,7,buy
9/16,2317,凱基-高美館,9215,38,172,-134,0.68,7,sell
9/16,2317,台新,0039004200300030,386,157,229,1.16,8,buy
9/16,2317,香港上海匯豐,8960,40,157,-117,0.59,8,sell
9/16,2317,玉山證券,8840,147,6,141,0.71,9,buy
9/16,2317,富邦證券,9600,39,157,-118,0.6,9,sell
9/16,2317,永豐金-匯立,0039004100380031,121,33,88,0.45,10,buy
9/16,2317,中國信託,6160,73,147,-74,0.37,10,sell
9/16,2317,兆豐-埔墘,003700300030004e,74,0,74,0.37,11,buy
9/16,2317,群益金鼎,9100,5,70,-65,0.33,11,sell
9/16,2317,第一金,5380,64,7,57,0.29,12,buy
9/16,2317,陽信,8710,3,57,-54,0.27,12,sell
9/16,2317,台新-緯城,0039004200320041,59,3,56,0.28,13,buy
9/16,2317,元大-台中中港,0039003800390042,8,60,-52,0.26,13,sell
9/16,2317,台新-佳里,0039004200320077,58,5,53,0.27,14,buy
9/16,2317,統一,5850,50,94,-44,0.22,14,sell
9/16,2317,台新-板橋,0039004200320062,51,0,51,0.26,15,buy
9/16,2317,凱基-站前,0039003200300046,15,58,-43,0.22,15,sell
9/16,2454,台灣摩根士丹利,1470,569,164,405,6.34,1,buy
9/16,2454,元大證券,9800,497,894,-397,6.21,1,sell
9/16,2454,花旗環球,1590,289,87,202,3.16,2,buy
9/16,2454,摩根大通,8440,483,646,-163,2.55,2,sell
9/16,2454,凱基-台北,9268,307,153,154,2.41,3,buy
9/16,2454,群益金鼎,9100,7,117,-110,1.72,3,sell
9/16,2454,美商高盛,1480,384,256,128,2.0,4,buy
9/16,2454,中國信託,6160,17,126,-109,1.71,4,sell
9/16,2454,統一,5850,142,24,118,1.85,5,buy
9/16,2454,新加坡商瑞銀,1650,255,344,-89,1.39,5,sell
9/16,2454,大和國泰,8890,79,0,79,1.24,6,buy
9/16,2454,國泰證券,8880,30,108,-78,1.22,6,sell
9/16,2454,凱基-站前,0039003200300046,181,108,73,1.14,7,buy
9/16,2454,玉山證券,8840,6,71,-65,1.02,7,sell
9/16,2454,香港上海匯豐,8960,76,12,64,1.0,8,buy
9/16,2454,富邦-敦南,9663,3,30,-27,0.42,8,sell
9/16,2454,永豐金證券,0039004100300030,126,65,61,0.95,9,buy
9/16,2454,兆豐-彰化,0037003000300064,3,25,-22,0.34,9,sell
9/16,2454,美林,1440,257,203,54,0.84,10,buy
9/16,2454,國泰-敦南,8888,63,82,-19,0.3,10,sell
9/16,2454,富邦證券,9600,142,89,53,0.83,11,buy
9/16,2454,新光,8560,26,45,-19,0.3,11,sell
9/16,2454,永豐金-匯立,0039004100380031,58,7,51,0.8,12,buy
9/16,2454,國泰-台中,8882,19,35,-16,0.25,12,sell
9/16,2454,兆豐證券,7000,53,6,47,0.74,13,buy
9/16,2454,元大-中壢,9834,6,20,-14,0.22,13,sell
9/16,2454,(牛牛牛)亞證券,6010,40,0,40,0.63,14,buy
9/16,2454,聯邦-台南,8588,0,14,-14,0.22,14,sell
9/16,2454,港商麥格理,1360,40,8,32,0.5,15,buy
9/16,2454,台新-高雄,0039004200310067,7,21,-14,0.22,15,sell
9/16,2308,群益金鼎,9100,611,37,574,5.42,1,buy
9/16,2308,富邦證券,9600,260,841,-581,5.49,1,sell
9/16,2308,國泰證券,8880,421,30,391,3.69,2,buy
9/16,2308,台灣摩根士丹利,1470,953,1366,-413,3.9,2,sell
9/16,2308,統一,5850,425,71,354,3.34,3,buy
9/16,2308,花旗環球,1590,102,351,-249,2.35,3,sell
9/16,2308,美商高盛,1480,1042,730,312,2.95,4,buy
9/16,2308,元大證券,9800,525,768,-243,2.3,4,sell
9/16,2308,台新,0039004200300030,337,39,298,2.82,5,buy
9/16,2308,凱基-台北,9268,402,590,-188,1.78,5,sell
9/16,2308,永豐金證券,0039004100300030,309,119,190,1.8,6,buy
9/16,2308,台新-台北,0039004200320030,28,165,-137,1.29,6,sell
9/16,2308,港商麥格理,1360,177,9,168,1.59,7,buy
9/16,2308,香港上海匯豐,8960,3,43,-40,0.38,7,sell
9/16,2308,華南永昌,9300,113,10,103,0.97,8,buy
9/16,2308,國泰-敦南,8888,141,178,-37,0.35,8,sell
9/16,2308,富邦-仁愛,9676,91,8,83,0.78,9,buy
9/16,2308,摩根大通,8440,411,444,-33,0.31,9,sell
9/16,2308,(牛牛牛)亞證券,6010,76,0,76,0.72,10,buy
9/16,2308,元大-忠孝鼎富,0039003800320046,0,31,-31,0.29,10,sell
9/16,2308,凱基,9200,462,387,75,0.71,11,buy
9/16,2308,第一金-華江,0035003300380057,5,29,-24,0.23,11,sell
9/16,2308,美林,1440,458,395,63,0.6,12,buy
9/16,2308,兆豐-北高雄,0037003000300049,12,35,-23,0.22,12,sell
9/16,2308,大和國泰,8890,36,0,36,0.34,13,buy
9/16,2308,凱基-豐中,9223,7,26,-19,0.18,13,sell
9/16,2308,統一-新台中,0035003800350044,35,3,32,0.3,14,buy
9/16,2308,法銀巴黎,8900,6,24,-18,0.17,14,sell
9/16,2308,第一金-中山,5389,29,1,28,0.26,15,buy
9/16,2308,群益金鼎-古亭,0039003100380043,5,22,-17,0.16,15,sell
9/16,2382,永豐金證券,0039004100300030,4102,57,4045,23.8,1,buy
9/16,2382,台灣摩根士丹利,1470,543,5582,-5039,29.65,1,sell
9/16,2382,摩根大通,8440,3257,973,2284,13.44,2,buy
9/16,2382,國泰證券,8880,167,1542,-1375,8.09,2,sell
9/16,2382,美林,1440,1528,401,1127,6.63,3,buy
9/16,2382,美商高盛,1480,786,1119,-333,1.96,3,sell
9/16,2382,新加坡商瑞銀,1650,1076,258,818,4.81,4,buy
9/16,2382,香港上海匯豐,8960,0,218,-218,1.28,4,sell
9/16,2382,元大證券,9800,1278,601,677,3.98,5,buy
9/16,2382,華南永昌-中正,9359,3,172,-169,0.99,5,sell
9/16,2382,花旗環球,1590,1028,393,635,3.74,6,buy
9/16,2382,港商野村,1560,10,164,-154,0.91,6,sell
9/16,2382,富邦證券,9600,633,0,633,3.72,7,buy
9/16,2382,富邦-仁愛,9676,4,86,-82,0.48,7,sell
9/16,2382,港商麥格理,1360,166,0,166,0.98,8,buy
9/16,2382,凱基,9200,137,214,-77,0.45,8,sell
9/16,2382,兆豐證券,7000,109,0,109,0.64,9,buy
9/16,2382,國泰-敦南,8888,59,133,-74,0.44,9,sell
9/16,2382,華南永昌,9300,71,11,60,0.35,10,buy
9/16,2382,富邦-建國,9658,5,80,-75,0.44,10,sell
9/16,2382,中國信託,6160,85,32,53,0.31,11,buy
9/16,2382,新光,8560,38,99,-61,0.36,11,sell
9/16,2382,永豐金-匯立,0039004100380031,62,21,41,0.24,12,buy
9/16,2382,凱基-台北,9268,514,561,-47,0.28,12,sell
9/16,2382,宏遠證券,1260,23,0,23,0.14,13,buy
9/16,2382,合庫證券,1020,5,47,-42,0.25,13,sell
9/16,2382,統一,5850,32,10,22,0.13,14,buy
9/16,2382,台新,0039004200300030,10,52,-42,0.25,14,sell
9/16,2382,第一金-自由,0035003300380045,21,5,16,0.09,15,buy
9/16,2382,元大-松山,0039003800310070,0,38,-38,0.22,15,sell
9/16,2891,法銀巴黎,8900,8859,118,8741,17.33,1,buy
9/16,2891,凱基-台北,9268,1251,4219,-2968,5.88,1,sell
9/16,2891,元大證券,9800,6440,1832,4608,9.14,2,buy
9/16,2891,台灣摩根士丹利,1470,1567,3505,-1938,3.84,2,sell
9/16,2891,永豐金證券,0039004100300030,3422,659,2763,5.48,3,buy
9/16,2891,美商高盛,1480,3185,4481,-1296,2.57,3,sell
9/16,2891,永豐金-匯立,0039004100380031,2358,121,2237,4.43,4,buy
9/16,2891,華南永昌-中正,9359,2,873,-871,1.73,4,sell
9/16,2891,富邦證券,9600,1919,4,1915,3.8,5,buy
9/16,2891,港商野村,1560,49,793,-744,1.48,5,sell
9/16,2891,群益金鼎,9100,711,7,704,1.4,6,buy
9/16,2891,香港上海匯豐,8960,38,694,-656,1.3,6,sell
9/16,2891,第一金,5380,255,5,250,0.5,7,buy
9/16,2891,美林,1440,2329,2983,-654,1.3,7,sell
9/16,2891,港商麥格理,1360,201,0,201,0.4,8,buy
9/16,2891,凱基,9200,518,1114,-596,1.18,8,sell
9/16,2891,兆豐證券,7000,190,1,189,0.37,9,buy
9/16,2891,中國信託,6160,204,669,-465,0.92,9,sell
9/16,2891,統一-三重,003500380035004a,151,5,146,0.29,10,buy
9/16,2891,國泰-敦南,8888,177,619,-442,0.88,10,sell
9/16,2891,富邦-永和,9654,214,77,137,0.27,11,buy
9/16,2891,國泰-板橋,003800380038004b,51,479,-428,0.85,11,sell
9/16,2891,新加坡商瑞銀,1650,4632,4504,128,0.25,12,buy
9/16,2891,摩根大通,8440,7817,8234,-417,0.83,12,sell
9/16,2891,花旗環球,1590,812,698,114,0.23,13,buy
9/16,2891,元大-北屯,0039003800390064,10,406,-396,0.79,13,sell
9/16,2891,台新,0039004200300030,197,88,109,0.22,14,buy
9/16,2891,元大-天母,0039003800310049,0,367,-367,0.73,14,sell
9/16,2891,凱基-信義,9216,60,3,57,0.11,15,buy
9/16,2891,新光,8560,40,229,-189,0.37,15,sell
9/16,2881,富邦證券,9600,6058,1,6057,29.13,1,buy
9/16,2881,美商高盛,1480,1287,3325,-2038,9.8,1,sell
9/16,2881,台灣摩根士丹利,1470,1749,747,1002,4.82,2,buy
9/16,2881,美林,1440,140,1894,-1754,8.44,2,sell
9/16,2881,花旗環球,1590,848,409,439,2.11,3,buy
9/16,2881,元大證券,9800,773,2208,-1435,6.9,3,sell
9/16,2881,摩根大通,8440,1414,998,416,2.0,4,buy
9/16,2881,港商野村,1560,57,951,-894,4.3,4,sell
9/16,2881,永豐金證券,0039004100300030,345,48,297,1.43,5,buy
9/16,2881,港商麥格理,1360,337,1044,-707,3.4,5,sell
9/16,2881,中國信託,6160,420,167,253,1.22,6,buy
9/16,2881,凱基,9200,229,853,-624,3.0,6,sell
9/16,2881,富邦-建國,9658,230,49,181,0.87,7,buy
9/16,2881,凱基-台北,9268,1000,1392,-392,1.89,7,sell
9/16,2881,永豐金-匯立,0039004100380031,167,29,138,0.66,8,buy
9/16,2881,中國信託-忠孝,6162,1,331,-330,1.59,8,sell
9/16,2881,富邦-宜蘭,9686,117,1,116,0.56,9,buy
9/16,2881,兆豐-城中,0037003000300057,1288,1448,-160,0.77,9,sell
9/16,2881,富邦-青埔,003900360031004e,100,2,98,0.47,10,buy
9/16,2881,康和,8450,0,146,-146,0.7,10,sell
9/16,2881,台新,0039004200300030,123,61,62,0.3,11,buy
9/16,2881,香港上海匯豐,8960,17,101,-84,0.4,11,sell
9/16,2881,群益金鼎-大甲,0039003100380067,53,1,52,0.25,12,buy
9/16,2881,群益金鼎,9100,23,91,-68,0.33,12,sell
9/16,2881,永豐金-松山,0039004100390031,87,36,51,0.25,13,buy
9/16,2881,聯邦-台南,8588,0,50,-50,0.24,13,sell
9/16,2881,玉山-新莊,8842,45,5,40,0.19,14,buy
9/16,2881,富隆證券,5110,0,50,-50,0.24,14,sell
9/16,2881,台新-林園,0039004200320037,40,0,40,0.19,15,buy
9/16,2881,凱基-竹東,9273,0,45,-45,0.22,15,sell
9/16,2882,富邦證券,9600,7659,156,7503,27.41,1,buy
9/16,2882,元大證券,9800,1784,4258,-2474,9.04,1,sell
9/16,2882,花旗環球,1590,1262,383,879,3.21,2,buy
9/16,2882,玉山證券,8840,1,2163,-2162,7.9,2,sell
9/16,2882,凱基,9200,1666,885,781,2.85,3,buy
9/16,2882,新加坡商瑞銀,1650,951,2833,-1882,6.88,3,sell
9/16,2882,台灣摩根士丹利,1470,2067,1446,621,2.27,4,buy
9/16,2882,摩根大通,8440,1087,1855,-768,2.81,4,sell
9/16,2882,中國信託-忠孝,6162,440,10,430,1.57,5,buy
9/16,2882,富邦-台北,9623,20,552,-532,1.94,5,sell
9/16,2882,永豐金證券,0039004100300030,435,56,379,1.38,6,buy
9/16,2882,合庫-台中,1021,6,499,-493,1.8,6,sell
9/16,2882,玉山-桃園,0038003800340046,285,19,266,0.97,7,buy
9/16,2882,美商高盛,1480,2352,2840,-488,1.78,7,sell
9/16,2882,永豐金-板新,003900410039004a,182,28,154,0.56,8,buy
9/16,2882,國泰-館前,0038003800380041,18,462,-444,1.62,8,sell
9/16,2882,凱基-宜蘭,003900320030004d,132,0,132,0.48,9,buy
9/16,2882,凱基-台北,9268,570,898,-328,1.2,9,sell
9/16,2882,華南永昌-敦南,9347,125,3,122,0.45,10,buy
9/16,2882,華南永昌-嘉義,9314,0,312,-312,1.14,10,sell
9/16,2882,台新,0039004200300030,161,48,113,0.41,11,buy
9/16,2882,美林,1440,1094,1357,-263,0.96,11,sell
9/16,2882,台新-台北,0039004200320030,89,0,89,0.33,12,buy
9/16,2882,港商麥格理,1360,0,196,-196,0.72,12,sell
9/16,2882,永豐金-松山,0039004100390031,80,11,69,0.25,13,buy
9/16,2882,凱基-高雄,9206,209,340,-131,0.48,13,sell
9/16,2882,華南永昌-岡山,9324,70,2,68,0.25,14,buy
9/16,2882,國泰-敦南,8888,96,201,-105,0.38,14,sell
9/16,2882,元大-東泰,9817,68,2,66,0.24,15,buy
9/16,2882,華南永昌-台中,9302,7,86,-79,0.29,15,sell
9/16,2303,花旗環球,1590,5828,637,5191,4.43,1,buy
9/16,2303,香港上海匯豐,8960,65,6085,-6020,5.14,1,sell
9/16,2303,美商高盛,1480,11322,6400,4922,4.2,2,buy
9/16,2303,永豐金-匯立,0039004100380031,37,1461,-1424,1.22,2,sell
9/16,2303,凱基-台北,9268,6929,4411,2518,2.15,3,buy
9/16,2303,摩根大通,8440,4287,5589,-1302,1.11,3,sell
9/16,2303,美林,1440,2906,470,2436,2.08,4,buy
9/16,2303,宏遠證券,1260,299,1405,-1106,0.94,4,sell
9/16,2303,港商野村,1560,2134,322,1812,1.55,5,buy
9/16,2303,國泰-敦南,8888,1558,2497,-939,0.8,5,sell
9/16,2303,台灣摩根士丹利,1470,7417,6239,1178,1.01,6,buy
9/16,2303,凱基-城中,9227,35,959,-924,0.79,6,sell
9/16,2303,統一-南京,0035003800350055,1052,34,1018,0.87,7,buy
9/16,2303,元大-士林,003900380031006a,2311,2869,-558,0.48,7,sell
9/16,2303,富邦證券,9600,3635,2683,952,0.81,8,buy
9/16,2303,中國信託,6160,735,1233,-498,0.43,8,sell
9/16,2303,元大證券,9800,9338,8395,943,0.8,9,buy
9/16,2303,新加坡商瑞銀,1650,8189,8613,-424,0.36,9,sell
9/16,2303,凱基,9200,1000,224,776,0.66,10,buy
9/16,2303,群益金鼎,9100,451,798,-347,0.3,10,sell
9/16,2303,永豐金-南投,003900410039004d,712,25,687,0.59,11,buy
9/16,2303,第一金,5380,32,288,-256,0.22,11,sell
9/16,2303,大和國泰,8890,520,0,520,0.44,12,buy
9/16,2303,元大-民生三民,0039003800390058,292,511,-219,0.19,12,sell
9/16,2303,國票-安和,003700370039005a,446,47,399,0.34,13,buy
9/16,2303,群益金鼎-宜蘭,003900310038007a,10,228,-218,0.19,13,sell
9/16,2303,群益金鼎-忠孝,0039003100380057,424,63,361,0.31,14,buy
9/16,2303,兆豐證券,7000,46,262,-216,0.18,14,sell
9/16,2303,台新-台北,0039004200320030,610,256,354,0.3,15,buy
9/16,2303,統一-城中,5854,286,492,-206,0.18,15,sell
9/16,3711,台灣摩根士丹利,1470,1359,285,1074,11.67,1,buy
9/16,3711,大和國泰,8890,263,1315,-1052,11.43,1,sell
9/16,3711,元大證券,9800,1036,157,879,9.55,2,buy
9/16,3711,港商麥格理,1360,16,332,-316,3.43,2,sell
9/16,3711,美商高盛,1480,1095,307,788,8.56,3,buy
9/16,3711,香港上海匯豐,8960,7,281,-274,2.98,3,sell
9/16,3711,群益金鼎,9100,273,29,244,2.65,4,buy
9/16,3711,凱基,9200,6,186,-180,1.96,4,sell
9/16,3711,花旗環球,1590,616,376,240,2.61,5,buy
9/16,3711,第一金-中山,5389,0,80,-80,0.87,5,sell
9/16,3711,新加坡商瑞銀,1650,882,675,207,2.25,6,buy
9/16,3711,元大-南屯,9853,3,81,-78,0.85,6,sell
9/16,3711,華南永昌,9300,85,33,52,0.56,7,buy
9/16,3711,中國信託-高雄,003600310036004b,2,66,-64,0.7,7,sell
9/16,3711,法銀巴黎,8900,61,12,49,0.53,8,buy
9/16,3711,玉山-台南,8847,5,62,-57,0.62,8,sell
9/16,3711,國泰證券,8880,48,13,35,0.38,9,buy
9/16,3711,富邦證券,9600,8,53,-45,0.49,9,sell
9/16,3711,國票-安和,003700370039005a,31,1,30,0.33,10,buy
9/16,3711,港商野村,1560,9,47,-38,0.41,10,sell
9/16,3711,富邦-台北,9623,35,25,10,0.11,11,buy
9/16,3711,國泰-敦南,8888,96,130,-34,0.37,11,sell
9/16,3711,國票證券,7790,14,4,10,0.11,12,buy
9/16,3711,元大-永康,9829,3,35,-32,0.35,12,sell
9/16,3711,富邦-建國,9658,17,8,9,0.1,13,buy
9/16,3711,元大-信義,003900380039006d,0,31,-31,0.34,13,sell
9/16,3711,永豐金-桃園,0039004100390078,13,3,10,0.11,14,buy
9/16,3711,摩根大通,8440,668,698,-30,0.33,14,sell
9/16,3711,合庫-台南,1022,12,3,9,0.1,15,buy
9/16,3711,凱基-台北,9268,325,355,-30,0.33,15,sell
9/16,2603,統一,5850,2352,13,2339,18.59,1,buy
9/16,2603,台灣摩根士丹利,1470,914,3375,-2461,19.56,1,sell
9/16,2603,美商高盛,1480,2286,551,1735,13.79,2,buy
9/16,2603,凱基,9200,191,995,-804,6.39,2,sell
9/16,2603,新加坡商瑞銀,1650,1244,468,776,6.17,3,buy
9/16,2603,國泰-敦南,8888,61,206,-145,1.15,3,sell
9/16,2603,凱基-台北,9268,918,379,539,4.28,4,buy
9/16,2603,台新-新興,003900420032006f,0,142,-142,1.13,4,sell
9/16,2603,永豐金證券,0039004100300030,537,25,512,4.07,5,buy
9/16,2603,華南永昌-林口,9317,33,146,-113,0.9,5,sell
9/16,2603,摩根大通,8440,1109,731,378,3.0,6,buy
9/16,2603,元大-府城,0039003800300075,0,90,-90,0.72,6,sell
9/16,2603,花旗環球,1590,282,141,141,1.12,7,buy
9/16,2603,香港上海匯豐,8960,0,58,-58,0.46,7,sell
9/16,2603,美林,1440,152,43,109,0.87,8,buy
9/16,2603,兆豐-大同,0037003000300053,0,53,-53,0.42,8,sell
9/16,2603,港商野村,1560,71,5,66,0.52,9,buy
9/16,2603,元大證券,9800,609,660,-51,0.41,9,sell
9/16,2603,中國信託,6160,67,18,49,0.39,10,buy
9/16,2603,統一-新竹,5857,0,44,-44,0.35,10,sell
9/16,2603,兆豐證券,7000,44,0,44,0.35,11,buy
9/16,2603,永豐金-匯立,0039004100380031,1,37,-36,0.29,11,sell
9/16,2603,港商麥格理,1360,32,0,32,0.25,12,buy
9/16,2603,凱基-屏東,0039003200320043,2,35,-33,0.26,12,sell
9/16,2603,群益金鼎,9100,119,92,27,0.21,13,buy
9/16,2603,元大-北港,9837,0,32,-32,0.25,13,sell
9/16,2603,富邦證券,9600,26,5,21,0.17,14,buy
9/16,2603,新光,8560,44,76,-32,0.25,14,sell
9/16,2603,亞東-台中,2187,22,2,20,0.16,15,buy
9/16,2603,台新-新店,0039004200320032,0,31,-31,0.25,15,sell
9/16,2609,花旗環球,1590,5238,310,4928,11.9,1,buy
9/16,2609,凱基,9200,166,1243,-1077,2.6,1,sell
9/16,2609,台灣摩根士丹利,1470,6253,1614,4639,11.2,2,buy
9/16,2609,永興-台中,5603,10,527,-517,1.25,2,sell
9/16,2609,港商麥格理,1360,2266,0,2266,5.47,3,buy
9/16,2609,港商野村,1560,418,780,-362,0.87,3,sell
9/16,2609,新加坡商瑞銀,1650,3040,1075,1965,4.75,4,buy
9/16,2609,國泰-敦南,8888,536,826,-290,0.7,4,sell
9/16,2609,美林,1440,932,302,630,1.52,5,buy
9/16,2609,美商高盛,1480,3695,3984,-289,0.7,5,sell
9/16,2609,富邦-南港,0039003600320041,524,84,440,1.06,6,buy
9/16,2609,凱基-台北,9268,1460,1734,-274,0.66,6,sell
9/16,2609,富邦證券,9600,318,23,295,0.71,7,buy
9/16,2609,元大證券,9800,1990,2233,-243,0.59,7,sell
9/16,2609,永豐金證券,0039004100300030,422,317,105,0.25,8,buy
9/16,2609,永豐金-大園,0039004100390038,12,237,-225,0.54,8,sell
9/16,2609,玉山證券,8840,179,79,100,0.24,9,buy
9/16,2609,富邦-竹北,9624,14,222,-208,0.5,9,sell
9/16,2609,康和,8450,115,15,100,0.24,10,buy
9/16,2609,摩根大通,8440,641,836,-195,0.47,10,sell
9/16,2609,口袋證券,6620,141,47,94,0.23,11,buy
9/16,2609,新光,8560,157,348,-191,0.46,11,sell
9/16,2609,國票證券,7790,124,54,70,0.17,12,buy
9/16,2609,國票-北高雄,003700370039004a,166,319,-153,0.37,12,sell
9/16,2609,玉山-新竹,0038003800340048,264,198,66,0.16,13,buy
9/16,2609,兆豐-南京,0037003000300050,1,151,-150,0.36,13,sell
9/16,2609,中國信託,6160,161,103,58,0.14,14,buy
9/16,2609,富邦-陽明,9604,145,294,-149,0.36,14,sell
9/16,2609,華南永昌-板橋,9349,62,6,56,0.14,15,buy
9/16,2609,台新-台南,0039004200310036,19,159,-140,0.34,15,sell
9/16,2615,元大證券,9800,2083,987,1096,4.25,1,buy
9/16,2615,台灣摩根士丹利,1470,2977,3850,-873,3.38,1,sell
9/16,2615,港商麥格理,1360,1070,0,1070,4.15,2,buy
9/16,2615,凱基-台北,9268,930,1188,-258,1.0,2,sell
9/16,2615,新加坡商瑞銀,1650,1603,685,918,3.56,3,buy
9/16,2615,凱基-三峽,0039003200310045,4,253,-249,0.97,3,sell
9/16,2615,永豐金-匯立,0039004100380031,553,85,468,1.81,4,buy
9/16,2615,台新-大裕,003900420032006c,6,238,-232,0.9,4,sell
9/16,2615,港商野村,1560,543,163,380,1.47,5,buy
9/16,2615,群益金鼎-基隆,0039003100330045,6,157,-151,0.59,5,sell
9/16,2615,永豐金證券,0039004100300030,330,101,229,0.89,6,buy
9/16,2615,兆豐-台中港,7005,7,150,-143,0.55,6,sell
9/16,2615,凱基-台南,9211,279,51,228,0.88,7,buy
9/16,2615,台新-板橋,0039004200320062,13,153,-140,0.54,7,sell
9/16,2615,美商高盛,1480,1142,937,205,0.79,8,buy
9/16,2615,台新-新店,0039004200320032,155,292,-137,0.53,8,sell
9/16,2615,花旗環球,1590,283,82,201,0.78,9,buy
9/16,2615,國泰-敦南,8888,547,661,-114,0.44,9,sell
9/16,2615,元大-東泰,9817,196,13,183,0.71,10,buy
9/16,2615,台新,0039004200300030,166,268,-102,0.4,10,sell
9/16,2615,中國信託,6160,222,44,178,0.69,11,buy
9/16,2615,永豐金-新莊,0039004100390048,3,99,-96,0.37,11,sell
9/16,2615,群益金鼎-永和,003900310038004a,182,8,174,0.67,12,buy
9/16,2615,中國信託-忠孝,6162,24,117,-93,0.36,12,sell
9/16,2615,美林,1440,602,496,106,0.41,13,buy
9/16,2615,國泰-高雄,8881,26,115,-89,0.34,13,sell
9/16,2615,富邦-台南,9667,98,6,92,0.36,14,buy
9/16,2615,元大-館前,003900380034004b,2,82,-80,0.31,14,sell
9/16,2615,摩根大通,8440,984,893,91,0.35,15,buy
9/16,2615,玉山-新莊,8842,3,81,-78,0.3,15,sell
9/16,2618,國票-敦北法人,0037003700390063,1001,0,1001,9.12,1,buy
9/16,2618,台灣摩根士丹利,1470,1057,2592,-1535,13.99,1,sell
9/16,2618,凱基,9200,1939,946,993,9.05,2,buy
9/16,2618,香港上海匯豐,8960,0,1011,-1011,9.21,2,sell
9/16,2618,新加坡商瑞銀,1650,611,105,506,4.61,3,buy
9/16,2618,美商高盛,1480,555,1215,-660,6.01,3,sell
9/16,2618,中國信託,6160,445,17,428,3.9,4,buy
9/16,2618,美林,1440,163,614,-451,4.11,4,sell
9/16,2618,凱基-台北,9268,704,285,419,3.82,5,buy
9/16,2618,永豐金-匯立,0039004100380031,2,379,-377,3.44,5,sell
9/16,2618,元大證券,9800,319,64,255,2.32,6,buy
9/16,2618,港商野村,1560,1,229,-228,2.08,6,sell
9/16,2618,永豐金證券,0039004100300030,378,144,234,2.13,7,buy
9/16,2618,國票-南京,003700370039006e,0,150,-150,1.37,7,sell
9/16,2618,花旗環球,1590,334,186,148,1.35,8,buy
9/16,2618,臺銀,1040,16,94,-78,0.71,8,sell
9/16,2618,富邦證券,9600,94,17,77,0.7,9,buy
9/16,2618,元大-竹北,0039003800310042,0,69,-69,0.63,9,sell
9/16,2618,國泰-敦南,8888,282,209,73,0.67,10,buy
9/16,2618,元大-新店中正,0039003800340043,0,62,-62,0.57,10,sell
9/16,2618,宏遠證券,1260,46,0,46,0.42,11,buy
9/16,2618,元大-大安,003900380033004e,0,60,-60,0.55,11,sell
9/16,2618,華南永昌,9300,44,1,43,0.39,12,buy
9/16,2618,台新,0039004200300030,7,60,-53,0.48,12,sell
9/16,2618,法銀巴黎,8900,41,0,41,0.37,13,buy
9/16,2618,國泰-台中,8882,20,70,-50,0.46,13,sell
9/16,2618,華南永昌-嘉義,9314,40,0,40,0.36,14,buy
9/16,2618,兆豐-大同,0037003000300053,0,40,-40,0.36,14,sell
9/16,2618,台新-建北,0039004200310038,31,0,31,0.28,15,buy
9/16,2618,臺銀-民權,1043,15,45,-30,0.27,15,sell
9/16,3037,富邦證券,9600,907,24,883,7.65,1,buy
9/16,3037,美商高盛,1480,736,2296,-1560,13.51,1,sell
9/16,3037,新加坡商瑞銀,1650,797,307,490,4.24,2,buy
9/16,3037,凱基,9200,24,754,-730,6.32,2,sell
9/16,3037,元大證券,9800,972,504,468,4.05,3,buy
9/16,3037,摩根大通,8440,412,941,-529,4.58,3,sell
9/16,3037,中國信託,6160,324,27,297,2.57,4,buy
9/16,3037,台灣摩根士丹利,1470,248,451,-203,1.76,4,sell
9/16,3037,美林,1440,269,30,239,2.07,5,buy
9/16,3037,華南永昌,9300,24,75,-51,0.44,5,sell
9/16,3037,彰銀,1230,201,1,200,1.73,6,buy
9/16,3037,國票-敦北法人,0037003700390063,23,75,-52,0.45,6,sell
9/16,3037,凱基-台北,9268,634,538,96,0.83,7,buy
9/16,3037,台新-松德,0039004200320061,3,42,-39,0.34,7,sell
9/16,3037,群益金鼎,9100,146,52,94,0.81,8,buy
9/16,3037,元大-忠孝,9871,22,55,-33,0.29,8,sell
9/16,3037,國泰-敦南,8888,328,291,37,0.32,9,buy
9/16,3037,台新,0039004200300030,76,109,-33,0.29,9,sell
9/16,3037,新光,8560,125,93,32,0.28,10,buy
9/16,3037,香港上海匯豐,8960,3,31,-28,0.24,10,sell
9/16,3037,元大-頭份,0039003800330055,32,0,32,0.28,11,buy
9/16,3037,花旗環球,1590,97,121,-24,0.21,11,sell
9/16,3037,永豐金證券,0039004100300030,119,89,30,0.26,12,buy
9/16,3037,港商野村,1560,49,72,-23,0.2,12,sell
9/16,3037,國泰-板橋,003800380038004b,44,26,18,0.16,13,buy
9/16,3037,華南永昌-朴子,9329,0,23,-23,0.2,13,sell
9/16,3037,元大-中壢,9834,41,24,17,0.15,14,buy
9/16,3037,合庫-台南,1022,1,21,-20,0.17,14,sell
9/16,3037,元大-大同,0039003800390047,30,16,14,0.12,15,buy
9/16,3037,凱基-士林,9238,5,24,-19,0.16,15,sell
9/16,2345,台灣摩根士丹利,1470,318,30,288,11.56,1,buy
9/16,2345,永豐金-匯立,0039004100380031,19,591,-572,22.96,1,sell
9/16,2345,永豐金證券,0039004100300030,182,13,169,6.78,2,buy
9/16,2345,凱基,9200,6,291,-285,11.44,2,sell
9/16,2345,中國信託,6160,147,2,145,5.82,3,buy
9/16,2345,摩根大通,8440,148,381,-233,9.35,3,sell
9/16,2345,美商高盛,1480,177,44,133,5.34,4,buy
9/16,2345,台新-台北,0039004200320030,1,61,-60,2.41,4,sell
9/16,2345,新加坡商瑞銀,1650,177,84,93,3.73,5,buy
9/16,2345,大和國泰,8890,0,54,-54,2.17,5,sell
9/16,2345,港商野村,1560,35,9,26,1.04,6,buy
9/16,2345,港商麥格理,1360,0,50,-50,2.01,6,sell
9/16,2345,玉山-景美,8849,19,4,15,0.6,7,buy
9/16,2345,兆豐證券,7000,4,35,-31,1.24,7,sell
9/16,2345,花旗環球,1590,40,26,14,0.56,8,buy
9/16,2345,美林,1440,81,111,-30,1.2,8,sell
9/16,2345,凱基-台北,9268,91,79,12,0.48,9,buy
9/16,2345,元大證券,9800,227,250,-23,0.92,9,sell
9/16,2345,新光,8560,16,5,11,0.44,10,buy
9/16,2345,統一,5850,9,30,-21,0.84,10,sell
9/16,2345,國泰-敦南,8888,26,15,11,0.44,11,buy
9/16,2345,元大-三重,0039003800380043,0,10,-10,0.4,11,sell
9/16,2345,華南永昌-忠孝,9325,10,0,10,0.4,12,buy
9/16,2345,凱基-竹科,9272,2,12,-10,0.4,12,sell
9/16,2345,富邦-仁愛,9676,10,1,9,0.36,13,buy
9/16,2345,國票-北投,7792,0,8,-8,0.32,13,sell
9/16,2345,台新,0039004200300030,13,4,9,0.36,14,buy
9/16,2345,台新-新莊,0039004200310039,0,5,-5,0.2,14,sell
9/16,2345,富邦證券,9600,15,7,8,0.32,15,buy
9/16,2345,凱基-信義,9216,0,4,-4,0.16,15,sell
9/16,3006,美商高盛,1480,1280,577,703,6.08,1,buy
9/16,3006,永豐金-竹北,0039004100390050,42,269,-227,1.96,1,sell
9/16,3006,元大證券,9800,1104,555,549,4.75,2,buy
9/16,3006,凱基,9200,25,158,-133,1.15,2,sell
9/16,3006,新加坡商瑞銀,1650,440,144,296,2.56,3,buy
9/16,3006,富邦-建國,9658,15,122,-107,0.93,3,sell
9/16,3006,花旗環球,1590,259,12,247,2.14,4,buy
9/16,3006,台灣摩根士丹利,1470,39,145,-106,0.92,4,sell
9/16,3006,凱基-台北,9268,732,546,186,1.61,5,buy
9/16,3006,永豐金-天母,0039004100390047,4,89,-85,0.73,5,sell
9/16,3006,港商野村,1560,298,118,180,1.56,6,buy
9/16,3006,中國信託-忠孝,6162,22,93,-71,0.61,6,sell
9/16,3006,第一金-大稻埕,0035003300380046,153,0,153,1.32,7,buy
9/16,3006,台新-建北,0039004200310038,13,64,-51,0.44,7,sell
9/16,3006,台新-屏新,0039004200320071,66,5,61,0.53,8,buy
9/16,3006,元大-頭份,0039003800330055,208,259,-51,0.44,8,sell
9/16,3006,凱基-市政,9239,49,5,44,0.38,9,buy
9/16,3006,凱基-湖口,003900320030004e,5,52,-47,0.41,9,sell
9/16,3006,永豐金-匯立,0039004100380031,30,0,30,0.26,10,buy
9/16,3006,元大-士林,003900380031006a,5,52,-47,0.41,10,sell
9/16,3006,統一,5850,62,36,26,0.22,11,buy
9/16,3006,玉山-板橋,8846,14,53,-39,0.34,11,sell
9/16,3006,富邦-新竹,9647,42,17,25,0.22,12,buy
9/16,3006,凱基-東港,9212,1,36,-35,0.3,12,sell
9/16,3006,元大-天母,0039003800310049,41,16,25,0.22,13,buy
9/16,3006,兆豐-西螺,0037003000300044,2,36,-34,0.29,13,sell
9/16,3006,玉山-台中,0038003800340042,32,7,25,0.22,14,buy
9/16,3006,元大-館前,003900380034004b,25,58,-33,0.29,14,sell
9/16,3006,合庫-鳳山,1029,24,2,22,0.19,15,buy
9/16,3006,摩根大通,8440,224,257,-33,0.29,15,sell
9/16,2379,台灣摩根士丹利,1470,886,48,838,32.99,1,buy
9/16,2379,國泰證券,8880,3,183,-180,7.09,1,sell
9/16,2379,花旗環球,1590,143,37,106,4.17,2,buy
9/16,2379,統一,5850,2,166,-164,6.46,2,sell
9/16,2379,美林,1440,100,28,72,2.83,3,buy
9/16,2379,台灣企銀,1110,0,162,-162,6.38,3,sell
9/16,2379,美商高盛,1480,314,260,54,2.13,4,buy
9/16,2379,摩根大通,8440,148,243,-95,3.74,4,sell
9/16,2379,永豐金-市政,0039004100390057,32,0,32,1.26,5,buy
9/16,2379,中國信託,6160,1,72,-71,2.8,5,sell
9/16,2379,新加坡商瑞銀,1650,84,55,29,1.14,6,buy
9/16,2379,土銀,1030,0,66,-66,2.6,6,sell
9/16,2379,宏遠證券,1260,24,0,24,0.94,7,buy
9/16,2379,凱基,9200,30,77,-47,1.85,7,sell
9/16,2379,港商野村,1560,24,3,21,0.83,8,buy
9/16,2379,富邦-台北,9623,1,31,-30,1.18,8,sell
9/16,2379,富邦證券,9600,26,8,18,0.71,9,buy
9/16,2379,第一金-中山,5389,0,30,-30,1.18,9,sell
9/16,2379,永豐金證券,0039004100300030,72,58,14,0.55,10,buy
9/16,2379,法銀巴黎,8900,0,27,-27,1.06,10,sell
9/16,2379,兆豐證券,7000,11,0,11,0.43,11,buy
9/16,2379,國泰-敦南,8888,15,36,-21,0.83,11,sell
9/16,2379,台新-吉利,0039004200320057,10,0,10,0.39,12,buy
9/16,2379,凱基-台北,9268,157,176,-19,0.75,12,sell
9/16,2379,統一-宜蘭,0035003800350053,10,1,9,0.35,13,buy
9/16,2379,永豐金-匯立,0039004100380031,3,20,-17,0.67,13,sell
9/16,2379,台新-松德,0039004200320061,9,0,9,0.35,14,buy
9/16,2379,元大-中崙,9813,0,16,-16,0.63,14,sell
9/16,2379,國泰-桃園,8885,5,1,4,0.16,15,buy
9/16,2379,元大-敦南,0039003800390050,4,16,-12,0.47,15,sell
9/16,3034,摩根大通,8440,738,88,650,21.76,1,buy
9/16,3034,統一,5850,2,501,-499,16.71,1,sell
9/16,3034,凱基,9200,286,12,274,9.17,2,buy
9/16,3034,港商麥格理,1360,59,487,-428,14.33,2,sell
9/16,3034,凱基-台北,9268,303,131,172,5.76,3,buy
9/16,3034,台灣摩根士丹利,1470,182,470,-288,9.64,3,sell
9/16,3034,美商高盛,1480,235,102,133,4.45,4,buy
9/16,3034,新加坡商瑞銀,1650,249,271,-22,0.74,4,sell
9/16,3034,富邦證券,9600,126,2,124,4.15,5,buy
9/16,3034,永全-南崁,6451,0,20,-20,0.67,5,sell
9/16,3034,永豐金證券,0039004100300030,79,28,51,1.71,6,buy
9/16,3034,花旗環球,1590,32,51,-19,0.64,6,sell
9/16,3034,港商野村,1560,40,3,37,1.24,7,buy
9/16,3034,富邦-羅東,9634,0,10,-10,0.33,7,sell
9/16,3034,中國信託,6160,31,1,30,1.0,8,buy
9/16,3034,新百王,6210,0,10,-10,0.33,8,sell
9/16,3034,美林,1440,45,25,20,0.67,9,buy
9/16,3034,富邦-內湖,9627,0,9,-9,0.3,9,sell
9/16,3034,國泰證券,8880,22,3,19,0.64,10,buy
9/16,3034,元大-大天母,9893,0,8,-8,0.27,10,sell
9/16,3034,元大證券,9800,211,192,19,0.64,11,buy
9/16,3034,新光,8560,0,8,-8,0.27,11,sell
9/16,3034,玉山證券,8840,13,3,10,0.33,12,buy
9/16,3034,統一-台南,5855,0,7,-7,0.23,12,sell
9/16,3034,台新-松德,0039004200320061,10,2,8,0.27,13,buy
9/16,3034,國票-和平,003700370039006a,0,6,-6,0.2,13,sell
9/16,3034,富邦-新營,9693,8,0,8,0.27,14,buy
9/16,3034,香港上海匯豐,8960,0,6,-6,0.2,14,sell
9/16,3034,統一-宜蘭,0035003800350053,5,0,5,0.17,15,buy
9/16,3034,臺銀-金山,0031003000340044,2,7,-5,0.17,15,sell
9/16,2412,摩根大通,8440,3519,883,2636,17.78,1,buy
9/16,2412,新加坡商瑞銀,1650,574,1335,-761,5.13,1,sell
9/16,2412,台灣摩根士丹利,1470,2061,149,1912,12.9,2,buy
9/16,2412,康和-南崁,0038003400350053,0,562,-562,3.79,2,sell
9/16,2412,統一,5850,862,12,850,5.73,3,buy
9/16,2412,臺銀,1040,9,514,-505,3.41,3,sell
9/16,2412,美商高盛,1480,1522,796,726,4.9,4,buy
9/16,2412,華南永昌,9300,13,413,-400,2.7,4,sell
9/16,2412,花旗環球,1590,305,98,207,1.4,5,buy
9/16,2412,凱基-台北,9268,1471,1769,-298,2.01,5,sell
9/16,2412,美林,1440,736,557,179,1.21,6,buy
9/16,2412,中國信託,6160,137,408,-271,1.83,6,sell
9/16,2412,永豐金證券,0039004100300030,208,34,174,1.17,7,buy
9/16,2412,台新-城東,0039004200320072,0,226,-226,1.52,7,sell
9/16,2412,香港上海匯豐,8960,212,41,171,1.15,8,buy
9/16,2412,統一-桃園,0035003800350048,0,220,-220,1.48,8,sell
9/16,2412,凱基,9200,229,101,128,0.86,9,buy
9/16,2412,台新-建北,0039004200310038,0,171,-171,1.15,9,sell
9/16,2412,第一金,5380,85,4,81,0.55,10,buy
9/16,2412,元大-高雄,003900380031006d,0,160,-160,1.08,10,sell
9/16,2412,法銀巴黎,8900,64,0,64,0.43,11,buy
9/16,2412,國票-敦北法人,0037003700390063,1,121,-120,0.81,11,sell
9/16,2412,統一-新竹,5857,30,3,27,0.18,12,buy
9/16,2412,華南永昌-中正,9359,0,111,-111,0.75,12,sell
9/16,2412,群益金鼎-中壢,0039003100380041,25,0,25,0.17,13,buy
9/16,2412,富邦-敦南,9663,0,106,-106,0.71,13,sell
9/16,2412,國泰證券,8880,23,2,21,0.14,14,buy
9/16,2412,群益金鼎,9100,1,104,-103,0.69,14,sell
9/16,2412,元大-歸仁,0039003800310061,20,2,18,0.12,15,buy
9/16,2412,兆豐-新竹,0037003000300056,1,100,-99,0.67,15,sell
9/16,2892,凱基,9200,6050,384,5666,23.5,1,buy
9/16,2892,元大-民生三民,0039003800390058,0,2864,-2864,11.88,1,sell
9/16,2892,花旗環球,1590,4578,772,3806,15.78,2,buy
9/16,2892,凱基-台北,9268,606,2400,-1794,7.44,2,sell
9/16,2892,台灣摩根士丹利,1470,3624,1197,2427,10.06,3,buy
9/16,2892,新加坡商瑞銀,1650,770,2446,-1676,6.95,3,sell
9/16,2892,美商高盛,1480,2077,355,1722,7.14,4,buy
9/16,2892,摩根大通,8440,1087,2614,-1527,6.33,4,sell
9/16,2892,永豐金證券,0039004100300030,927,144,783,3.25,5,buy
9/16,2892,國泰證券,8880,38,1501,-1463,6.07,5,sell
9/16,2892,美林,1440,665,401,264,1.09,6,buy
9/16,2892,元大證券,9800,324,1142,-818,3.39,6,sell
9/16,2892,元大-內湖民權,9867,200,1,199,0.83,7,buy
9/16,2892,富邦證券,9600,64,671,-607,2.52,7,sell
9/16,2892,中國信託,6160,161,6,155,0.64,8,buy
9/16,2892,第一金-中山,5389,1,510,-509,2.11,8,sell
9/16,2892,群益金鼎-瑞豐,0039003100380075,65,3,62,0.26,9,buy
9/16,2892,土銀,1030,0,389,-389,1.61,9,sell
9/16,2892,元大-上新莊,0039003800330047,61,0,61,0.25,10,buy
9/16,2892,富隆證券,5110,0,250,-250,1.04,10,sell
9/16,2892,富邦-南員林,0039003600310052,61,3,58,0.24,11,buy
9/16,2892,陽信-石牌,8711,1,201,-200,0.83,11,sell
9/16,2892,口袋證券,6620,56,4,52,0.22,12,buy
9/16,2892,玉山-高雄,8843,1,152,-151,0.63,12,sell
9/16,2892,台新-佳里,0039004200320077,52,1,51,0.21,13,buy
9/16,2892,土銀-新竹,1035,0,137,-137,0.57,13,sell
9/16,2892,元大-台中,9812,48,0,48,0.2,14,buy
9/16,2892,國泰-敦南,8888,69,198,-129,0.53,14,sell
9/16,2892,光和-溪湖,6381,41,1,40,0.17,15,buy
9/16,2892,台新-松德,0039004200320061,3,122,-119,0.49,15,sell
9/16,2409,凱基-台北,9268,22175,13112,9063,3.45,1,buy
9/16,2409,國票-北高雄,003700370039004a,163,10190,-10027,3.82,1,sell
9/16,2409,台灣摩根士丹利,1470,10876,2217,8659,3.29,2,buy
9/16,2409,中國信託-新竹,6165,117,2172,-2055,0.78,2,sell
9/16,2409,港商野村,1560,8048,310,7738,2.94,3,buy
9/16,2409,凱基-林口,9257,131,1765,-1634,0.62,3,sell
9/16,2409,元大證券,9800,23855,17882,5973,2.27,4,buy
9/16,2409,統一,5850,1172,2715,-1543,0.59,4,sell
9/16,2409,新加坡商瑞銀,1650,8567,2597,5970,2.27,5,buy
9/16,2409,永豐金證券,0039004100300030,2691,3891,-1200,0.46,5,sell
9/16,2409,美商高盛,1480,13377,8165,5212,1.98,6,buy
9/16,2409,第一金-桃園,5385,232,1294,-1062,0.4,6,sell
9/16,2409,美林,1440,6803,2135,4668,1.78,7,buy
9/16,2409,國泰-敦南,8888,7293,8214,-921,0.35,7,sell
9/16,2409,摩根大通,8440,7699,3116,4583,1.74,8,buy
9/16,2409,元大-斗六,0039003800300043,249,1124,-875,0.33,8,sell
9/16,2409,花旗環球,1590,2373,186,2187,0.83,9,buy
9/16,2409,兆豐-三民,0037003000300068,75,763,-688,0.26,9,sell
9/16,2409,富邦證券,9600,1403,298,1105,0.42,10,buy
9/16,2409,國泰-新莊,8886,334,894,-560,0.21,10,sell
9/16,2409,統一-城中,5854,1274,178,1096,0.42,11,buy
9/16,2409,兆豐-永和,0037003000300058,70,595,-525,0.2,11,sell
9/16,2409,群益金鼎,9100,2044,1362,682,0.26,12,buy
9/16,2409,富邦-永和,9654,377,888,-511,0.19,12,sell
9/16,2409,國泰證券,8880,628,20,608,0.23,13,buy
9/16,2409,富邦-南屯,9666,208,711,-503,0.19,13,sell
9/16,2409,元大-竹科,003900380030004b,6784,6262,522,0.2,14,buy
9/16,2409,凱基,9200,813,1270,-457,0.17,14,sell
9/16,2409,永豐金-內湖,0039004100390067,807,327,480,0.18,15,buy
9/16,2409,統一-金門,0035003800350057,15,464,-449,0.17,15,sell
9/16,2886,台灣摩根士丹利,1470,3136,1231,1905,7.2,1,buy
9/16,2886,港商麥格理,1360,0,8012,-8012,30.28,1,sell
9/16,2886,美商高盛,1480,3395,2335,1060,4.01,2,buy
9/16,2886,美林,1440,366,2551,-2185,8.26,2,sell
9/16,2886,永豐金證券,0039004100300030,906,132,774,2.92,3,buy
9/16,2886,摩根大通,8440,1517,1988,-471,1.78,3,sell
9/16,2886,元大-林森,0039003800330042,632,1,631,2.38,4,buy
9/16,2886,凱基-中壢,9285,10,403,-393,1.49,4,sell
9/16,2886,中國信託,6160,662,81,581,2.2,5,buy
9/16,2886,香港上海匯豐,8960,0,392,-392,1.48,5,sell
9/16,2886,元大-彰化民生,003900380039004a,505,1,504,1.9,6,buy
9/16,2886,永豐金-匯立,0039004100380031,3,355,-352,1.33,6,sell
9/16,2886,港商野村,1560,538,68,470,1.78,7,buy
9/16,2886,新加坡商瑞銀,1650,680,895,-215,0.81,7,sell
9/16,2886,花旗環球,1590,795,416,379,1.43,8,buy
9/16,2886,凱基,9200,547,708,-161,0.61,8,sell
9/16,2886,新光-桃園,8565,211,2,209,0.79,9,buy
9/16,2886,法銀巴黎,8900,36,165,-129,0.49,9,sell
9/16,2886,台新-台南,0039004200310036,211,20,191,0.72,10,buy
9/16,2886,第一金-高雄,5383,1,123,-122,0.46,10,sell
9/16,2886,國泰-敦南,8888,385,226,159,0.6,11,buy
9/16,2886,美好,5260,8,100,-92,0.35,11,sell
9/16,2886,元大證券,9800,1841,1691,150,0.57,12,buy
9/16,2886,台新-台北,0039004200320030,0,58,-58,0.22,12,sell
9/16,2886,元大-豐原,9838,112,0,112,0.42,13,buy
9/16,2886,統一-中壢,5853,3,60,-57,0.22,13,sell
9/16,2886,富邦證券,9600,95,0,95,0.36,14,buy
9/16,2886,國票證券,7790,21,71,-50,0.19,14,sell
9/16,2886,凱基-台南,9211,95,1,94,0.36,15,buy
9/16,2886,元大-桃園,0039003800380042,1,48,-47,0.18,15,sell
9/16,2883,富邦證券,9600,11712,64,11648,26.37,1,buy
9/16,2883,港商麥格理,1360,0,5063,-5063,11.46,1,sell
9/16,2883,美林,1440,9676,1388,8288,18.76,2,buy
9/16,2883,台灣摩根士丹利,1470,1091,4870,-3779,8.56,2,sell
9/16,2883,美商高盛,1480,3707,1057,2650,6.0,3,buy
9/16,2883,富隆證券,5110,0,750,-750,1.7,3,sell
9/16,2883,摩根大通,8440,2462,1804,658,1.49,4,buy
9/16,2883,花旗環球,1590,926,1638,-712,1.61,4,sell
9/16,2883,元大-四維,9831,367,24,343,0.78,5,buy
9/16,2883,永豐金-南京,0039004100390053,1,708,-707,1.6,5,sell
9/16,2883,京城,8490,320,4,316,0.72,6,buy
9/16,2883,新光,8560,43,505,-462,1.05,6,sell
9/16,2883,台新-台北,0039004200320030,300,4,296,0.67,7,buy
9/16,2883,富邦-台北,9623,16,436,-420,0.95,7,sell
9/16,2883,合庫-彰化,1028,248,6,242,0.55,8,buy
9/16,2883,兆豐-台中港,7005,9,422,-413,0.94,8,sell
9/16,2883,港商野村,1560,418,193,225,0.51,9,buy
9/16,2883,元大-中壢,9834,167,555,-388,0.88,9,sell
9/16,2883,永豐金證券,0039004100300030,342,153,189,0.43,10,buy
9/16,2883,新加坡商瑞銀,1650,2116,2484,-368,0.83,10,sell
9/16,2883,宏遠證券,1260,148,0,148,0.34,11,buy
9/16,2883,香港上海匯豐,8960,0,352,-352,0.8,11,sell
9/16,2883,華南永昌,9300,163,16,147,0.33,12,buy
9/16,2883,永豐金-台南,0039004100390068,22,365,-343,0.78,12,sell
9/16,2883,凱基,9200,152,9,143,0.32,13,buy
9/16,2883,富邦-台南,9667,5,343,-338,0.77,13,sell
9/16,2883,美好,5260,180,40,140,0.32,14,buy
9/16,2883,國泰-敦南,8888,104,433,-329,0.74,14,sell
9/16,2883,永豐金-匯立,0039004100380031,127,0,127,0.29,15,buy
9/16,2883,兆豐-北高雄,0037003000300049,12,333,-321,0.73,15,sell
9/16,2887,花旗環球,1590,9716,1084,8632,13.36,1,buy
9/16,2887,元大證券,9800,2479,5808,-3329,5.15,1,sell
9/16,2887,永豐金證券,0039004100300030,9111,634,8477,13.12,2,buy
9/16,2887,華南永昌-南京,9326,355,2422,-2067,3.2,2,sell
9/16,2887,新加坡商瑞銀,1650,7849,1740,6109,9.45,3,buy
9/16,2887,美林,1440,544,2360,-1816,2.81,3,sell
9/16,2887,港商野村,1560,1457,482,975,1.51,4,buy
9/16,2887,美商高盛,1480,3280,4946,-1666,2.58,4,sell
9/16,2887,富邦證券,9600,2203,1303,900,1.39,5,buy
9/16,2887,凱基-台北,9268,2574,3798,-1224,1.89,5,sell
9/16,2887,永豐金-中壢,0039004100390039,411,13,398,0.62,6,buy
9/16,2887,群益金鼎-延平,0039003100380078,2,1025,-1023,1.58,6,sell
9/16,2887,大和國泰,8890,354,0,354,0.55,7,buy
9/16,2887,台灣摩根士丹利,1470,3274,3952,-678,1.05,7,sell
9/16,2887,國泰-高雄,8881,561,230,331,0.51,8,buy
9/16,2887,中國信託-文心,6164,2,500,-498,0.77,8,sell
9/16,2887,台新-高雄,0039004200310067,327,58,269,0.42,9,buy
9/16,2887,華南永昌-嘉義,9314,0,485,-485,0.75,9,sell
9/16,2887,華南永昌-大甲,9315,246,2,244,0.38,10,buy
9/16,2887,國票-內壢,7798,0,477,-477,0.74,10,sell
9/16,2887,群益金鼎-忠孝,0039003100380057,256,17,239,0.37,11,buy
9/16,2887,香港上海匯豐,8960,52,521,-469,0.73,11,sell
9/16,2887,臺銀-民權,1043,230,10,220,0.34,12,buy
9/16,2887,凱基,9200,1148,1556,-408,0.63,12,sell
9/16,2887,群益金鼎-潭子,0039003100330044,194,2,192,0.3,13,buy
9/16,2887,凱基-東勢,0039003200310059,0,400,-400,0.62,13,sell
9/16,2887,元大-復北,9872,169,9,160,0.25,14,buy
9/16,2887,富邦-台北,9623,135,505,-370,0.57,14,sell
9/16,2887,康和,8450,159,20,139,0.22,15,buy
9/16,2887,永豐金-板新,003900410039004a,85,443,-358,0.55,15,sell
9/16,5880,永豐金證券,0039004100300030,3295,258,3037,15.3,1,buy
9/16,5880,美林,1440,122,1916,-1794,9.04,1,sell
9/16,5880,台灣摩根士丹利,1470,3104,835,2269,11.43,2,buy
9/16,5880,摩根大通,8440,1438,2315,-877,4.42,2,sell
9/16,5880,美商高盛,1480,2421,1170,1251,6.3,3,buy
9/16,5880,元大-上新莊,0039003800330047,1,640,-639,3.22,3,sell
9/16,5880,花旗環球,1590,1471,866,605,3.05,4,buy
9/16,5880,香港上海匯豐,8960,0,616,-616,3.1,4,sell
9/16,5880,兆豐-台中港,7005,460,25,435,2.19,5,buy
9/16,5880,台新-同大,0039004200320050,15,327,-312,1.57,5,sell
9/16,5880,元大證券,9800,599,187,412,2.08,6,buy
9/16,5880,國泰-館前,0038003800380041,4,284,-280,1.41,6,sell
9/16,5880,永豐金-永康,0039004100390063,303,15,288,1.45,7,buy
9/16,5880,合庫證券,1020,16,277,-261,1.31,7,sell
9/16,5880,凱基-台北,9268,1450,1169,281,1.42,8,buy
9/16,5880,港商野村,1560,5,227,-222,1.12,8,sell
9/16,5880,富邦-永康,003900360031005a,201,0,201,1.01,9,buy
9/16,5880,土銀,1030,4,180,-176,0.89,9,sell
9/16,5880,元大-大甲,0039003800390055,199,0,199,1.0,10,buy
9/16,5880,永豐金-高雄,0039004100390065,11,156,-145,0.73,10,sell
9/16,5880,群益金鼎-永和,003900310038004a,126,0,126,0.63,11,buy
9/16,5880,台新-佳里,0039004200320077,0,141,-141,0.71,11,sell
9/16,5880,元大-博愛,0039003800320042,143,30,113,0.57,12,buy
9/16,5880,元大-左營,0039003800390044,2,134,-132,0.66,12,sell
9/16,5880,兆豐-埔墘,003700300030004e,100,0,100,0.5,13,buy
9/16,5880,富邦-七賢,003900360031004b,11,139,-128,0.64,13,sell
9/16,5880,土銀-台南,1032,81,0,81,0.41,14,buy
9/16,5880,合庫-西台中,0031003000320046,12,130,-118,0.59,14,sell
9/16,5880,永豐金-台南,0039004100390068,101,23,78,0.39,15,buy
9/16,5880,台新,0039004200300030,17,131,-114,0.57,15,sell
9/16,1815,永豐金-中正,0039004100390055,682,37,645,1.49,1,buy
9/16,1815,元大證券,9800,3656,5126,-1470,3.39,1,sell
9/16,1815,台灣摩根士丹利,1470,1740,1255,485,1.12,2,buy
9/16,1815,花旗環球,1590,18,1296,-1278,2.95,2,sell
9/16,1815,永豐金證券,0039004100300030,777,328,449,1.04,3,buy
9/16,1815,新加坡商瑞銀,1650,264,1230,-966,2.23,3,sell
9/16,1815,台新,0039004200300030,695,317,378,0.87,4,buy
9/16,1815,港商野村,1560,89,481,-392,0.9,4,sell
9/16,1815,華南永昌,9300,403,85,318,0.73,5,buy
9/16,1815,美林,1440,9,398,-389,0.9,5,sell
9/16,1815,統一,5850,534,234,300,0.69,6,buy
9/16,1815,摩根大通,8440,788,1130,-342,0.79,6,sell
9/16,1815,富邦-南屯,9666,235,30,205,0.47,7,buy
9/16,1815,凱基-台北,9268,3395,3713,-318,0.73,7,sell
9/16,1815,永豐金-市政,0039004100390057,154,50,104,0.24,8,buy
9/16,1815,港商麥格理,1360,0,268,-268,0.62,8,sell
9/16,1815,兆豐-新竹,0037003000300056,117,14,103,0.24,9,buy
9/16,1815,凱基-羅東,9258,6,238,-232,0.54,9,sell
9/16,1815,台新-松德,0039004200320061,120,24,96,0.22,10,buy
9/16,1815,兆豐證券,7000,22,216,-194,0.45,10,sell
9/16,1815,華南永昌-南京,9326,136,53,83,0.19,11,buy
9/16,1815,美商高盛,1480,48,241,-193,0.45,11,sell
9/16,1815,國票-中和,0037003700390058,184,106,78,0.18,12,buy
9/16,1815,元大-天母,0039003800310049,40,155,-115,0.27,12,sell
9/16,1815,凱基-高雄,9206,94,20,74,0.17,13,buy
9/16,1815,新光,8560,489,605,-116,0.27,13,sell
9/16,1815,台新-建北,0039004200310038,505,448,57,0.13,14,buy
9/16,1815,元大-彰化民生,003900380039004a,37,109,-72,0.17,14,sell
9/16,1815,宏遠證券,1260,73,21,52,0.12,15,buy
9/16,1815,德信-中正,6912,5,60,-55,0.13,15,sell
9/16,0056,元大證券,9800,2905,906,1999,11.46,1,buy
9/16,0056,合庫證券,1020,22,1212,-1190,6.82,1,sell
9/16,0056,國泰證券,8880,697,0,697,3.99,2,buy
9/16,0056,凱基-台北,9268,1414,2437,-1023,5.86,2,sell
9/16,0056,新加坡商瑞銀,1650,1213,533,680,3.9,3,buy
9/16,0056,國泰-敦南,8888,345,695,-350,2.01,3,sell
9/16,0056,國泰-台中,8882,628,85,543,3.11,4,buy
9/16,0056,合庫-彰化,1028,4,246,-242,1.39,4,sell
9/16,0056,富邦證券,9600,839,500,339,1.94,5,buy
9/16,0056,兆豐-忠孝,0037003000300061,6,198,-192,1.1,5,sell
9/16,0056,第一金-自由,0035003300380045,210,16,194,1.11,6,buy
9/16,0056,臺銀,1040,101,270,-169,0.97,6,sell
9/16,0056,彰銀-台中,1233,172,17,155,0.89,7,buy
9/16,0056,元大-太平,0039003800310051,3,156,-153,0.88,7,sell
9/16,0056,統一-基隆,0035003800350041,161,16,145,0.83,8,buy
9/16,0056,元大-竹科,003900380030004b,5,135,-130,0.75,8,sell
9/16,0056,凱基-林口,9257,129,6,123,0.7,9,buy
9/16,0056,永豐金-中和,0039004100390042,5,135,-130,0.75,9,sell
9/16,0056,兆豐-三重,7008,112,2,110,0.63,10,buy
9/16,0056,永豐金-台中,003900410039004c,5,111,-106,0.61,10,sell
9/16,0056,永興,5600,91,3,88,0.5,11,buy
9/16,0056,國票-台東,7791,0,92,-92,0.53,11,sell
9/16,0056,統一-新台中,0035003800350044,93,6,87,0.5,12,buy
9/16,0056,元大-永春,9852,7,92,-85,0.49,12,sell
9/16,0056,元大-永康,9829,88,3,85,0.49,13,buy
9/16,0056,永豐金-竹北,0039004100390050,0,85,-85,0.49,13,sell
9/16,0056,華南永昌-東昇,9386,96,11,85,0.49,14,buy
9/16,0056,永豐金-台南,0039004100390068,2,85,-83,0.48,14,sell
9/16,0056,台新,0039004200300030,207,126,81,0.46,15,buy
9/16,0056,玉山-數位,003800380034004d,16,98,-82,0.47,15,sell
9/16,2889,台灣摩根士丹利,1470,4535,236,4299,22.56,1,buy
9/16,2889,富邦-新營,9693,0,2502,-2502,13.13,1,sell
9/16,2889,凱基-台北,9268,2936,954,1982,10.4,2,buy
9/16,2889,群益金鼎,9100,10,1735,-1725,9.05,2,sell
9/16,2889,新加坡商瑞銀,1650,1822,94,1728,9.07,3,buy
9/16,2889,兆豐-南京,0037003000300050,10,1361,-1351,7.09,3,sell
9/16,2889,華南永昌-小港,9323,1268,1,1267,6.65,4,buy
9/16,2889,富邦-南京,0039003600310043,0,606,-606,3.18,4,sell
9/16,2889,美林,1440,1279,319,960,5.04,5,buy
9/16,2889,聯邦-台南,8588,30,497,-467,2.45,5,sell
9/16,2889,台新-埔里,0039004200320059,591,21,570,2.99,6,buy
9/16,2889,國泰-館前,0038003800380041,1,377,-376,1.97,6,sell
9/16,2889,美商高盛,1480,1092,614,478,2.51,7,buy
9/16,2889,凱基-台南,9211,10,343,-333,1.75,7,sell
9/16,2889,台灣企銀-岡山,1119,300,2,298,1.56,8,buy
9/16,2889,台新-同大,0039004200320050,0,277,-277,1.45,8,sell
9/16,2889,港商野村,1560,563,382,181,0.95,9,buy
9/16,2889,亞東-台中,2187,5,272,-267,1.4,9,sell
9/16,2889,第一金-高雄,5383,182,16,166,0.87,10,buy
9/16,2889,凱基-信義,9216,0,256,-256,1.34,10,sell
9/16,2889,統一-金門,0035003800350057,120,10,110,0.58,11,buy
9/16,2889,元大-小港,003900380039005a,0,166,-166,0.87,11,sell
9/16,2889,富邦-青埔,003900360031004e,100,0,100,0.52,12,buy
9/16,2889,臺銀-高雄,0031003000340043,1,152,-151,0.79,12,sell
9/16,2889,合庫-自強,0031003000320043,101,10,91,0.48,13,buy
9/16,2889,國票-南京,003700370039006e,0,146,-146,0.77,13,sell
9/16,2889,元大-內湖,003900380039004e,102,16,86,0.45,14,buy
9/16,2889,國泰-敦南,8888,90,222,-132,0.69,14,sell
9/16,2889,永豐金-中正,0039004100390055,80,2,78,0.41,15,buy
9/16,2889,國泰-台中,8882,15,139,-124,0.65,15,sell
9/16,1326,凱基-台北,9268,1749,507,1242,7.81,1,buy
9/16,1326,台灣摩根士丹利,1470,562,1738,-1176,7.39,1,sell
9/16,1326,永豐金證券,0039004100300030,193,91,102,0.64,2,buy
9/16,1326,法銀巴黎,8900,42,658,-616,3.87,2,sell
9/16,1326,元大-雙和,9874,112,12,100,0.63,3,buy
9/16,1326,摩根大通,8440,472,1005,-533,3.35,3,sell
9/16,1326,永豐金-台南,0039004100390068,112,14,98,0.62,4,buy
9/16,1326,新加坡商瑞銀,1650,118,439,-321,2.02,4,sell
9/16,1326,美好-中壢,5266,96,0,96,0.6,5,buy
9/16,1326,港商野村,1560,29,346,-317,1.99,5,sell
9/16,1326,美商高盛,1480,1301,1212,89,0.56,6,buy
9/16,1326,凱基,9200,9,271,-262,1.65,6,sell
9/16,1326,臺銀-臺中,0031003000340041,144,84,60,0.38,7,buy
9/16,1326,元大證券,9800,667,874,-207,1.3,7,sell
9/16,1326,凱基-彰化,0039003200300047,74,14,60,0.38,8,buy
9/16,1326,國票-敦北法人,0037003700390063,6,196,-190,1.19,8,sell
9/16,1326,凱基-站前,0039003200300046,92,33,59,0.37,9,buy
9/16,1326,富邦證券,9600,99,274,-175,1.1,9,sell
9/16,1326,華南永昌-板橋,9349,60,2,58,0.36,10,buy
9/16,1326,華南永昌-三重,9369,10,163,-153,0.96,10,sell
9/16,1326,花旗環球,1590,217,164,53,0.33,11,buy
9/16,1326,富邦-板橋,9655,53,196,-143,0.9,11,sell
9/16,1326,日茂,5960,51,0,51,0.32,12,buy
9/16,1326,台新-花蓮,0039004200320079,8,120,-112,0.7,12,sell
9/16,1326,兆豐-新竹,0037003000300056,56,6,50,0.31,13,buy
9/16,1326,元大-大甲,0039003800390055,1,107,-106,0.67,13,sell
9/16,1326,合庫-桃園,0031003000320045,48,1,47,0.3,14,buy
9/16,1326,兆豐-員林,003700300030006b,18,107,-89,0.56,14,sell
9/16,1326,台新,0039004200300030,95,50,45,0.28,15,buy
9/16,1326,國泰-台中,8882,111,173,-62,0.39,15,sell
9/16,2880,摩根大通,8440,4072,1014,3058,16.76,1,buy
9/16,2880,玉山證券,8840,214,1461,-1247,6.83,1,sell
9/16,2880,台灣摩根士丹利,1470,3558,1978,1580,8.66,2,buy
9/16,2880,美林,1440,509,1411,-902,4.94,2,sell
9/16,2880,台新-台北,0039004200320030,1175,30,1145,6.28,3,buy
9/16,2880,新加坡商瑞銀,1650,419,1235,-816,4.47,3,sell
9/16,2880,國泰證券,8880,675,25,650,3.56,4,buy
9/16,2880,光和-嘉義,0036003300380041,0,720,-720,3.95,4,sell
9/16,2880,第一金,5380,636,0,636,3.49,5,buy
9/16,2880,美商高盛,1480,419,1032,-613,3.36,5,sell
9/16,2880,富邦證券,9600,608,0,608,3.33,6,buy
9/16,2880,土銀,1030,4,420,-416,2.28,6,sell
9/16,2880,元大證券,9800,959,419,540,2.96,7,buy
9/16,2880,元大-永和,9891,3,362,-359,1.97,7,sell
9/16,2880,凱基,9200,451,0,451,2.47,8,buy
9/16,2880,群益金鼎-古亭,0039003100380043,0,308,-308,1.69,8,sell
9/16,2880,港商麥格理,1360,828,517,311,1.7,9,buy
9/16,2880,富隆證券,5110,0,250,-250,1.37,9,sell
9/16,2880,中國信託,6160,127,47,80,0.44,10,buy
9/16,2880,香港上海匯豐,8960,0,222,-222,1.22,10,sell
9/16,2880,凱基-中壢,9285,75,0,75,0.41,11,buy
9/16,2880,永豐金-鳳山,0039004100360031,0,194,-194,1.06,11,sell
9/16,2880,華南永昌-中正,9359,103,38,65,0.36,12,buy
9/16,2880,兆豐-台中港,7005,1,146,-145,0.79,12,sell
9/16,2880,口袋證券,6620,58,3,55,0.3,13,buy
9/16,2880,台灣企銀,1110,0,113,-113,0.62,13,sell
9/16,2880,統一-新竹,5857,52,7,45,0.25,14,buy
9/16,2880,永豐金證券,0039004100300030,362,465,-103,0.56,14,sell
9/16,2880,玉山-雙和,8841,35,0,35,0.19,15,buy
9/16,2880,凱基-嘉義,9252,0,101,-101,0.55,15,sell
9/16,1301,元大證券,9800,3088,1097,1991,10.6,1,buy
9/16,1301,摩根大通,8440,206,2423,-2217,11.81,1,sell
9/16,1301,富邦證券,9600,2174,777,1397,7.44,2,buy
9/16,1301,凱基,9200,0,1715,-1715,9.13,2,sell
9/16,1301,花旗環球,1590,722,130,592,3.15,3,buy
9/16,1301,新加坡商瑞銀,1650,141,1676,-1535,8.17,3,sell
9/16,1301,凱基-台北,9268,1134,650,484,2.58,4,buy
9/16,1301,台灣摩根士丹利,1470,875,2041,-1166,6.21,4,sell
9/16,1301,港商野村,1560,397,27,370,1.97,5,buy
9/16,1301,美商高盛,1480,494,1164,-670,3.57,5,sell
9/16,1301,兆豐-鹿港,0037003000300066,353,1,352,1.87,6,buy
9/16,1301,法銀巴黎,8900,3,332,-329,1.75,6,sell
9/16,1301,聯邦-台南,8588,303,102,201,1.07,7,buy
9/16,1301,國票-敦北法人,0037003700390063,5,252,-247,1.32,7,sell
9/16,1301,群益金鼎-竹南,0039003100380069,161,13,148,0.79,8,buy
9/16,1301,(牛牛牛)亞-鑫豐,0036003000310064,21,211,-190,1.01,8,sell
9/16,1301,永豐金-新莊,0039004100390048,122,22,100,0.53,9,buy
9/16,1301,富邦-板橋,9655,47,227,-180,0.96,9,sell
9/16,1301,富邦-屏東,0039003600310059,182,90,92,0.49,10,buy
9/16,1301,元大-復北,9872,4,114,-110,0.59,10,sell
9/16,1301,土銀,1030,113,24,89,0.47,11,buy
9/16,1301,美林,1440,106,179,-73,0.39,11,sell
9/16,1301,華南永昌,9300,103,22,81,0.43,12,buy
9/16,1301,台灣企銀-九如,1113,0,72,-72,0.38,12,sell
9/16,1301,元大-草屯,0039003800390045,82,7,75,0.4,13,buy
9/16,1301,元大-雙和,9874,15,74,-59,0.31,13,sell
9/16,1301,國泰-敦南,8888,141,82,59,0.31,14,buy
9/16,1301,合庫-自強,0031003000320043,2,51,-49,0.26,14,sell
9/16,1301,永豐金證券,0039004100300030,81,23,58,0.31,15,buy
9/16,1301,永豐金-匯立,0039004100380031,0,48,-48,0.26,15,sell
9/16,3045,台灣摩根士丹利,1470,888,98,790,9.57,1,buy
9/16,3045,富邦證券,9600,18,523,-505,6.12,1,sell
9/16,3045,凱基-台北,9268,1625,949,676,8.19,2,buy
9/16,3045,美商高盛,1480,151,472,-321,3.89,2,sell
9/16,3045,凱基,9200,661,0,661,8.01,3,buy
9/16,3045,統一,5850,70,389,-319,3.86,3,sell
9/16,3045,元大證券,9800,921,321,600,7.27,4,buy
9/16,3045,港商野村,1560,2,287,-285,3.45,4,sell
9/16,3045,兆豐-忠孝,0037003000300061,329,0,329,3.98,5,buy
9/16,3045,國泰證券,8880,54,302,-248,3.0,5,sell
9/16,3045,永豐金證券,0039004100300030,407,88,319,3.86,6,buy
9/16,3045,兆豐證券,7000,0,165,-165,2.0,6,sell
9/16,3045,新加坡商瑞銀,1650,563,421,142,1.72,7,buy
9/16,3045,群益金鼎,9100,1,159,-158,1.91,7,sell
9/16,3045,法銀巴黎,8900,44,0,44,0.53,8,buy
9/16,3045,元大-復北,9872,0,141,-141,1.71,8,sell
9/16,3045,花旗環球,1590,69,38,31,0.38,9,buy
9/16,3045,統一-南京,0035003800350055,0,129,-129,1.56,9,sell
9/16,3045,元大-崇德,0039003800310053,30,0,30,0.36,10,buy
9/16,3045,富邦-左營,0039003600360046,0,100,-100,1.21,10,sell
9/16,3045,凱基-竹科,9272,37,9,28,0.34,11,buy
9/16,3045,兆豐-南京,0037003000300050,0,60,-60,0.73,11,sell
9/16,3045,口袋證券,6620,23,0,23,0.28,12,buy
9/16,3045,華南永昌-新莊,9305,0,60,-60,0.73,12,sell
9/16,3045,玉山-雙和,8841,23,5,18,0.22,13,buy
9/16,3045,富邦-仁愛,9676,1,57,-56,0.68,13,sell
9/16,3045,永全-南崁,6451,13,0,13,0.16,14,buy
9/16,3045,美林,1440,159,212,-53,0.64,14,sell
9/16,3045,群益金鼎-鳳山,0039003100380063,10,0,10,0.12,15,buy
9/16,3045,兆豐-台中港,7005,0,51,-51,0.62,15,sell
9/16,2845,美商高盛,1480,1759,614,1145,12.85,1,buy
9/16,2845,京城-嘉義,8492,0,1048,-1048,11.76,1,sell
9/16,2845,台灣摩根士丹利,1470,1206,261,945,10.61,2,buy
9/16,2845,永豐金證券,0039004100300030,31,1046,-1015,11.39,2,sell
9/16,2845,台新,0039004200300030,680,11,669,7.51,3,buy
9/16,2845,凱基-台北,9268,644,1086,-442,4.96,3,sell
9/16,2845,港商野村,1560,498,0,498,5.59,4,buy
9/16,2845,摩根大通,8440,828,1219,-391,4.39,4,sell
9/16,2845,新加坡商瑞銀,1650,398,251,147,1.65,5,buy
9/16,2845,元大-高雄,003900380031006d,0,380,-380,4.27,5,sell
9/16,2845,聯邦-大業,8586,140,0,140,1.57,6,buy
9/16,2845,統一-嘉義,5858,0,246,-246,2.76,6,sell
9/16,2845,富邦-板橋,9655,109,5,104,1.17,7,buy
9/16,2845,兆豐-竹北,7007,0,168,-168,1.89,7,sell
9/16,2845,花旗環球,1590,167,87,80,0.9,8,buy
9/16,2845,台新-宜蘭,0039004200320055,0,101,-101,1.13,8,sell
9/16,2845,群益金鼎-新莊,0039003100380047,90,15,75,0.84,9,buy
9/16,2845,國票-敦北法人,0037003700390063,0,100,-100,1.12,9,sell
9/16,2845,新光,8560,80,20,60,0.67,10,buy
9/16,2845,玉山-士林,0038003800340041,0,100,-100,1.12,10,sell
9/16,2845,國票-九鼎,0037003700390050,58,0,58,0.65,11,buy
9/16,2845,台新-城東,0039004200320072,0,100,-100,1.12,11,sell
9/16,2845,富邦-永和,9654,50,0,50,0.56,12,buy
9/16,2845,宏遠-台南,0031003200360044,0,90,-90,1.01,12,sell
9/16,2845,新光-高雄,8562,52,3,49,0.55,13,buy
9/16,2845,台灣企銀-建成,0031003100310042,0,50,-50,0.56,13,sell
9/16,2845,元大-敦化,9833,50,2,48,0.54,14,buy
9/16,2845,國泰-館前,0038003800380041,4,50,-46,0.52,14,sell
9/16,2845,富邦-陽明,9604,34,0,34,0.38,15,buy
9/16,2845,陽信-石牌,8711,0,41,-41,0.46,15,sell
9/16,2812,台灣摩根士丹利,1470,2191,549,1642,14.27,1,buy
9/16,2812,富邦證券,9600,7,1952,-1945,16.9,1,sell
9/16,2812,美商高盛,1480,1422,138,1284,11.16,2,buy
9/16,2812,台新-文心,003900420032007a,3,755,-752,6.53,2,sell
9/16,2812,福邦-新竹,6489,517,0,517,4.49,3,buy
9/16,2812,台中銀-台北,6115,0,456,-456,3.96,3,sell
9/16,2812,彰銀,1230,500,0,500,4.34,4,buy
9/16,2812,花旗環球,1590,167,620,-453,3.94,4,sell
9/16,2812,凱基-台北,9268,717,220,497,4.32,5,buy
9/16,2812,摩根大通,8440,535,888,-353,3.07,5,sell
9/16,2812,第一金-忠孝,0035003300380044,265,2,263,2.29,6,buy
9/16,2812,美林,1440,59,235,-176,1.53,6,sell
9/16,2812,新光-台中,8561,261,2,259,2.25,7,buy
9/16,2812,新加坡商瑞銀,1650,111,278,-167,1.45,7,sell
9/16,2812,台新,0039004200300030,225,28,197,1.71,8,buy
9/16,2812,統一-台中,5856,166,330,-164,1.43,8,sell
9/16,2812,台中銀,6110,308,137,171,1.49,9,buy
9/16,2812,台新-松德,0039004200320061,0,140,-140,1.22,9,sell
9/16,2812,兆豐-埔墘,003700300030004e,147,0,147,1.28,10,buy
9/16,2812,元大證券,9800,212,337,-125,1.09,10,sell
9/16,2812,凱基-桃園,9208,122,0,122,1.06,11,buy
9/16,2812,永豐金-竹科,0039004100390058,1,125,-124,1.08,11,sell
9/16,2812,凱基-竹科,9272,116,13,103,0.9,12,buy
9/16,2812,元大-內湖,003900380039004e,0,120,-120,1.04,12,sell
9/16,2812,元大-長榮,0039003800390049,100,2,98,0.85,13,buy
9/16,2812,元大-信義安和,0039003800300052,2,121,-119,1.03,13,sell
9/16,2812,富邦-仁愛,9676,103,10,93,0.81,14,buy
9/16,2812,富邦-中壢,9636,6,111,-105,0.91,14,sell
9/16,2812,兆豐-台南,7006,91,2,89,0.77,15,buy
9/16,2812,兆豐-來福,0037003000300043,7,112,-105,0.91,15,sell
9/16,2890,富邦證券,9600,8893,0,8893,22.64,1,buy
9/16,2890,台灣摩根士丹利,1470,937,11548,-10611,27.02,1,sell
9/16,2890,凱基,9200,7625,1376,6249,15.91,2,buy
9/16,2890,摩根大通,8440,1265,5633,-4368,11.12,2,sell
9/16,2890,港商野村,1560,5997,482,5515,14.04,3,buy
9/16,2890,美林,1440,587,1812,-1225,3.12,3,sell
9/16,2890,香港上海匯豐,8960,1890,543,1347,3.43,4,buy
9/16,2890,新加坡商瑞銀,1650,549,1714,-1165,2.97,4,sell
9/16,2890,永豐金證券,0039004100300030,1343,181,1162,2.96,5,buy
9/16,2890,美商高盛,1480,1607,2754,-1147,2.92,5,sell
9/16,2890,台新,0039004200300030,290,13,277,0.71,6,buy
9/16,2890,元大-中壢,9834,1,1001,-1000,2.55,6,sell
9/16,2890,元大證券,9800,1552,1377,175,0.45,7,buy
9/16,2890,凱基-台北,9268,1213,2056,-843,2.15,7,sell
9/16,2890,永豐金-匯立,0039004100380031,184,48,136,0.35,8,buy
9/16,2890,第一金-高雄,5383,10,710,-700,1.78,8,sell
9/16,2890,永豐金-虎尾,0039004100390062,113,3,110,0.28,9,buy
9/16,2890,花旗環球,1590,792,1401,-609,1.55,9,sell
9/16,2890,中國信託,6160,106,3,103,0.26,10,buy
9/16,2890,群益金鼎-古亭,0039003100380043,2,401,-399,1.02,10,sell
9/16,2890,元大-敦南,0039003800390050,100,0,100,0.25,11,buy
9/16,2890,康和,8450,1,334,-333,0.85,11,sell
9/16,2890,中國信託-忠孝,6162,105,26,79,0.2,12,buy
9/16,2890,兆豐-來福,0037003000300043,5,232,-227,0.58,12,sell
9/16,2890,群益金鼎-新竹,9186,76,11,65,0.17,13,buy
9/16,2890,富隆證券,5110,0,210,-210,0.53,13,sell
9/16,2890,永豐金-台南,0039004100390068,169,107,62,0.16,14,buy
9/16,2890,富邦-台北,9623,4,121,-117,0.3,14,sell
9/16,2890,臺銀,1040,87,26,61,0.16,15,buy
9/16,2890,永豐金-亞灣,0039004100390061,14,118,-104,0.26,15,sell
9/16,2324,凱基-台北,9268,2607,742,1865,8.31,1,buy
9/16,2324,港商野村,1560,0,3140,-3140,13.98,1,sell
9/16,2324,台灣摩根士丹利,1470,2500,1236,1264,5.63,2,buy
9/16,2324,摩根大通,8440,626,2293,-1667,7.42,2,sell
9/16,2324,花旗環球,1590,1221,108,1113,4.96,3,buy
9/16,2324,美商高盛,1480,1234,2750,-1516,6.75,3,sell
9/16,2324,永豐金-內湖,0039004100390067,306,0,306,1.36,4,buy
9/16,2324,新加坡商瑞銀,1650,353,993,-640,2.85,4,sell
9/16,2324,香港上海匯豐,8960,270,26,244,1.09,5,buy
9/16,2324,富邦證券,9600,60,665,-605,2.69,5,sell
9/16,2324,港商麥格理,1360,328,103,225,1.0,6,buy
9/16,2324,國泰-板橋,003800380038004b,83,542,-459,2.04,6,sell
9/16,2324,台新-台南,0039004200310036,175,15,160,0.71,7,buy
9/16,2324,永豐金證券,0039004100300030,195,406,-211,0.94,7,sell
9/16,2324,新光,8560,233,115,118,0.53,8,buy
9/16,2324,宏遠證券,1260,0,200,-200,0.89,8,sell
9/16,2324,元大-北投,0039003800390041,121,6,115,0.51,9,buy
9/16,2324,元大證券,9800,484,681,-197,0.88,9,sell
9/16,2324,華南永昌-桃園,9352,155,46,109,0.49,10,buy
9/16,2324,元大-中壢,9834,70,223,-153,0.68,10,sell
9/16,2324,元大-竹北,0039003800310042,108,3,105,0.47,11,buy
9/16,2324,華南永昌-麻豆,9308,29,152,-123,0.55,11,sell
9/16,2324,臺銀-高雄,0031003000340043,109,21,88,0.39,12,buy
9/16,2324,國泰證券,8880,9,123,-114,0.51,12,sell
9/16,2324,台新,0039004200300030,178,94,84,0.37,13,buy
9/16,2324,法銀巴黎,8900,0,94,-94,0.42,13,sell
9/16,2324,美林,1440,413,330,83,0.37,14,buy
9/16,2324,台新-新店,0039004200320032,9,100,-91,0.41,14,sell
9/16,2324,國泰-敦南,8888,467,387,80,0.36,15,buy
9/16,2324,永豐金-埔里,0039004100370039,13,104,-91,0.41,15,sell
9/16,3231,凱基-士林,9238,5604,3,5601,17.24,1,buy
9/16,3231,摩根大通,8440,346,4039,-3693,11.37,1,sell
9/16,3231,花旗環球,1590,3227,751,2476,7.62,2,buy
9/16,3231,台灣摩根士丹利,1470,118,2388,-2270,6.99,2,sell
9/16,3231,富邦證券,9600,964,29,935,2.88,3,buy
9/16,3231,凱基-台北,9268,1601,3194,-1593,4.9,3,sell
9/16,3231,致和-台北,7031,800,21,779,2.4,4,buy
9/16,3231,美林,1440,315,1794,-1479,4.55,4,sell
9/16,3231,永豐金證券,0039004100300030,701,106,595,1.83,5,buy
9/16,3231,美商高盛,1480,1454,2758,-1304,4.01,5,sell
9/16,3231,凱基-長庚,9233,600,29,571,1.76,6,buy
9/16,3231,元大證券,9800,2409,3058,-649,2.0,6,sell
9/16,3231,統一,5850,425,150,275,0.85,7,buy
9/16,3231,中國信託-忠孝,6162,14,510,-496,1.53,7,sell
9/16,3231,國泰-忠孝,8887,272,9,263,0.81,8,buy
9/16,3231,法銀巴黎,8900,0,372,-372,1.14,8,sell
9/16,3231,群益金鼎,9100,231,50,181,0.56,9,buy
9/16,3231,元大-天母,0039003800310049,37,389,-352,1.08,9,sell
9/16,3231,凱基-高美館,9215,186,10,176,0.54,10,buy
9/16,3231,凱基,9200,1520,1783,-263,0.81,10,sell
9/16,3231,臺銀,1040,169,37,132,0.41,11,buy
9/16,3231,新加坡商瑞銀,1650,1800,2027,-227,0.7,11,sell
9/16,3231,第一金-桃園,5385,97,37,60,0.18,12,buy
9/16,3231,合庫-自強,0031003000320043,9,233,-224,0.69,12,sell
9/16,3231,元大-草屯,0039003800390045,99,54,45,0.14,13,buy
9/16,3231,元大-長榮,0039003800390049,15,217,-202,0.62,13,sell
9/16,3231,群益金鼎-東門,0039003100380044,53,12,41,0.13,14,buy
9/16,3231,中國信託,6160,52,238,-186,0.57,14,sell
9/16,3231,華南永昌-嘉義,9314,39,2,37,0.11,15,buy
9/16,3231,香港上海匯豐,8960,44,208,-164,0.5,15,sell
9/16,1101,元大證券,9800,4586,292,4294,24.46,1,buy
9/16,1101,台灣摩根士丹利,1470,814,6126,-5312,30.26,1,sell
9/16,1101,國泰證券,8880,1790,0,1790,10.2,2,buy
9/16,1101,摩根大通,8440,523,1274,-751,4.28,2,sell
9/16,1101,美林,1440,720,194,526,3.0,3,buy
9/16,1101,統一,5850,17,502,-485,2.76,3,sell
9/16,1101,台中銀-員林,6114,231,0,231,1.32,4,buy
9/16,1101,中國信託,6160,152,633,-481,2.74,4,sell
9/16,1101,新光-桃園,8565,206,3,203,1.16,5,buy
9/16,1101,群益金鼎,9100,5,347,-342,1.95,5,sell
9/16,1101,凱基-台北,9268,2081,1895,186,1.06,6,buy
9/16,1101,新加坡商瑞銀,1650,140,446,-306,1.74,6,sell
9/16,1101,永豐金證券,0039004100300030,242,90,152,0.87,7,buy
9/16,1101,(牛牛牛)亞-鑫豐,0036003000310064,8,286,-278,1.58,7,sell
9/16,1101,元大-斗信,9884,126,0,126,0.72,8,buy
9/16,1101,(牛牛牛)亞-網路,6012,2,268,-266,1.52,8,sell
9/16,1101,新光,8560,201,77,124,0.71,9,buy
9/16,1101,大和國泰,8890,0,200,-200,1.14,9,sell
9/16,1101,永豐金-南投,003900410039004d,104,0,104,0.59,10,buy
9/16,1101,玉山-板橋,8846,2,135,-133,0.76,10,sell
9/16,1101,永豐金-台南,0039004100390068,104,4,100,0.57,11,buy
9/16,1101,元大-信義安和,0039003800300052,0,116,-116,0.66,11,sell
9/16,1101,兆豐證券,7000,115,24,91,0.52,12,buy
9/16,1101,國票-九鼎,0037003700390050,1,101,-100,0.57,12,sell
9/16,1101,台新-台南,0039004200310036,90,4,86,0.49,13,buy
9/16,1101,台灣企銀-北高雄,0031003100310046,0,66,-66,0.38,13,sell
9/16,1101,國泰-台中,8882,79,7,72,0.41,14,buy
9/16,1101,富邦-木柵,003900360031004d,0,62,-62,0.35,14,sell
9/16,1101,臺銀-臺南,1042,103,33,70,0.4,15,buy
9/16,1101,中國信託-新竹,6165,0,60,-60,0.34,15,sell
9/16,2634,台灣摩根士丹利,1470,1370,44,1326,12.94,1,buy
9/16,2634,國泰-敦南,8888,106,402,-296,2.89,1,sell
9/16,2634,群益金鼎,9100,832,8,824,8.04,2,buy
9/16,2634,永全證券,6450,10,157,-147,1.43,2,sell
9/16,2634,元大證券,9800,1176,408,768,7.49,3,buy
9/16,2634,富邦-台北,9623,2,130,-128,1.25,3,sell
9/16,2634,凱基-台北,9268,1062,670,392,3.82,4,buy
9/16,2634,永豐金-古亭,0039004100390064,1,118,-117,1.14,4,sell
9/16,2634,凱基,9200,255,1,254,2.48,5,buy
9/16,2634,美好,5260,1,108,-107,1.04,5,sell
9/16,2634,國泰證券,8880,237,1,236,2.3,6,buy
9/16,2634,元大-桃園,0039003800380042,40,128,-88,0.86,6,sell
9/16,2634,法銀巴黎,8900,229,0,229,2.23,7,buy
9/16,2634,凱基-八德,003900320031004d,9,96,-87,0.85,7,sell
9/16,2634,統一,5850,232,10,222,2.17,8,buy
9/16,2634,永豐金-永康,0039004100390063,18,101,-83,0.81,8,sell
9/16,2634,宏遠證券,1260,156,5,151,1.47,9,buy
9/16,2634,花旗環球,1590,12,87,-75,0.73,9,sell
9/16,2634,中國信託,6160,155,21,134,1.31,10,buy
9/16,2634,群益金鼎-土城,003900310033004e,9,82,-73,0.71,10,sell
9/16,2634,永豐金證券,0039004100300030,193,66,127,1.24,11,buy
9/16,2634,第一金-桃園,5385,2,74,-72,0.7,11,sell
9/16,2634,港商野村,1560,86,13,73,0.71,12,buy
9/16,2634,元大-板橋三民,9879,2,69,-67,0.65,12,sell
9/16,2634,美林,1440,80,23,57,0.56,13,buy
9/16,2634,統一-台中,5856,2,67,-65,0.63,13,sell
9/16,2634,摩根大通,8440,247,199,48,0.47,14,buy
9/16,2634,國泰-館前,0038003800380041,12,75,-63,0.61,14,sell
9/16,2634,統一-士林,003500380035004d,51,8,43,0.42,15,buy
9/16,2634,台新-大裕,003900420032006c,16,70,-54,0.53,15,sell
9/16,6919,花旗環球,1590,535,42,493,11.83,1,buy
9/16,6919,摩根大通,8440,108,464,-356,8.54,1,sell
9/16,6919,元大-中壢,9834,113,12,101,2.42,2,buy
9/16,6919,大昌-桃園,6465,0,219,-219,5.26,2,sell
9/16,6919,台灣摩根士丹利,1470,248,178,70,1.68,3,buy
9/16,6919,美商高盛,1480,102,270,-168,4.03,3,sell
9/16,6919,元大-成功,003900380039004c,68,2,66,1.58,4,buy
9/16,6919,新加坡商瑞銀,1650,8,135,-127,3.05,4,sell
9/16,6919,第一金-忠孝,0035003300380044,61,0,61,1.46,5,buy
9/16,6919,永豐金-中壢,0039004100390039,0,50,-50,1.2,5,sell
9/16,6919,群益金鼎-內湖,0039003100380064,50,0,50,1.2,6,buy
9/16,6919,陽信-石牌,8711,5,39,-34,0.82,6,sell
9/16,6919,元大-中和,0039003800390065,53,3,50,1.2,7,buy
9/16,6919,(牛牛牛)亞-鑫豐,0036003000310064,0,32,-32,0.77,7,sell
9/16,6919,國泰-桃園,8885,101,55,46,1.1,8,buy
9/16,6919,國票-長城,0037003700390075,0,29,-29,0.7,8,sell
9/16,6919,凱基-台北,9268,284,247,37,0.89,9,buy
9/16,6919,聯邦-高雄,8581,1,28,-27,0.65,9,sell
9/16,6919,元大-博愛,0039003800320042,39,3,36,0.86,10,buy
9/16,6919,台新,0039004200300030,25,49,-24,0.58,10,sell
9/16,6919,元大-龍潭,9858,35,2,33,0.79,11,buy
9/16,6919,永豐金證券,0039004100300030,38,61,-23,0.55,11,sell
9/16,6919,康和-南崁,0038003400350053,33,5,28,0.67,12,buy
9/16,6919,永豐金-中正,0039004100390055,15,36,-21,0.5,12,sell
9/16,6919,元大-信義安和,0039003800300052,28,0,28,0.67,13,buy
9/16,6919,凱基-竹科,9272,5,24,-19,0.46,13,sell
9/16,6919,元大-敦南,0039003800390050,27,0,27,0.65,14,buy
9/16,6919,元大-汐止,0039003800390051,1,18,-17,0.41,14,sell
9/16,6919,凱基-桃園,9208,40,18,22,0.53,15,buy
9/16,6919,富邦-仁愛,9676,13,29,-16,0.38,15,sell
9/16,2327,永豐金證券,0039004100300030,630,338,292,1.05,1,buy
9/16,2327,美林,1440,1161,3801,-2640,9.49,1,sell
9/16,2327,國泰-敦南,8888,1078,795,283,1.02,2,buy
9/16,2327,新加坡商瑞銀,1650,345,1211,-866,3.11,2,sell
9/16,2327,凱基-台北,9268,1207,966,241,0.87,3,buy
9/16,2327,摩根大通,8440,414,1180,-766,2.75,3,sell
9/16,2327,陽信-石牌,8711,124,8,116,0.42,4,buy
9/16,2327,美商高盛,1480,1024,1614,-590,2.12,4,sell
9/16,2327,國票-安和,003700370039005a,115,3,112,0.4,5,buy
9/16,2327,港商野村,1560,31,604,-573,2.06,5,sell
9/16,2327,凱基,9200,335,227,108,0.39,6,buy
9/16,2327,台灣摩根士丹利,1470,1773,2273,-500,1.8,6,sell
9/16,2327,聯邦-大業,8586,102,8,94,0.34,7,buy
9/16,2327,康和,8450,0,360,-360,1.29,7,sell
9/16,2327,富邦-台北,9623,141,79,62,0.22,8,buy
9/16,2327,國票-敦北法人,0037003700390063,4,351,-347,1.25,8,sell
9/16,2327,富邦-新竹,9647,94,33,61,0.22,9,buy
9/16,2327,亞東,2180,5,202,-197,0.71,9,sell
9/16,2327,凱基-板橋,0039003200300041,57,4,53,0.19,10,buy
9/16,2327,統一,5850,53,164,-111,0.4,10,sell
9/16,2327,凱基-大里,0039003200300057,164,111,53,0.19,11,buy
9/16,2327,永豐金-信義,0039004100390052,5,104,-99,0.36,11,sell
9/16,2327,國泰-桃園,8885,109,58,51,0.18,12,buy
9/16,2327,元大證券,9800,2269,2354,-85,0.31,12,sell
9/16,2327,台新-安南,003900420032005a,62,14,48,0.17,13,buy
9/16,2327,富邦證券,9600,302,370,-68,0.24,13,sell
9/16,2327,華南永昌-岡山,9324,51,3,48,0.17,14,buy
9/16,2327,富邦-員林,9672,19,85,-66,0.24,14,sell
9/16,2327,台新-高雄,0039004200310067,83,39,44,0.16,15,buy
9/16,2327,統一-士林,003500380035004d,25,88,-63,0.23,15,sell
9/16,9904,玉山證券,8840,3240,11,3229,24.9,1,buy
9/16,9904,凱基-台北,9268,455,1891,-1436,11.07,1,sell
9/16,9904,台灣摩根士丹利,1470,2384,343,2041,15.74,2,buy
9/16,9904,摩根大通,8440,508,1716,-1208,9.32,2,sell
9/16,9904,亞東-新竹,2184,1203,600,603,4.65,3,buy
9/16,9904,美商高盛,1480,350,1323,-973,7.5,3,sell
9/16,9904,兆豐-大同,0037003000300053,500,0,500,3.86,4,buy
9/16,9904,港商野村,1560,0,824,-824,6.35,4,sell
9/16,9904,群益金鼎,9100,289,8,281,2.17,5,buy
9/16,9904,新加坡商瑞銀,1650,259,989,-730,5.63,5,sell
9/16,9904,美林,1440,636,365,271,2.09,6,buy
9/16,9904,永豐金-桃園,0039004100390078,0,500,-500,3.86,6,sell
9/16,9904,富邦證券,9600,158,0,158,1.22,7,buy
9/16,9904,永豐金-市政,0039004100390057,13,267,-254,1.96,7,sell
9/16,9904,華南永昌-大安,9307,128,2,126,0.97,8,buy
9/16,9904,花旗環球,1590,44,232,-188,1.45,8,sell
9/16,9904,統一-高雄,5851,100,0,100,0.77,9,buy
9/16,9904,元大-雙和,9874,0,151,-151,1.16,9,sell
9/16,9904,台新-中原,0039004200320067,100,0,100,0.77,10,buy
9/16,9904,富邦-台北,9623,4,106,-102,0.79,10,sell
9/16,9904,富邦-台中,003900360035004b,106,8,98,0.76,11,buy
9/16,9904,群益金鼎-新莊,0039003100380047,5,105,-100,0.77,11,sell
9/16,9904,富邦-建國,9658,100,12,88,0.68,12,buy
9/16,9904,元大-館前,003900380034004b,0,100,-100,0.77,12,sell
9/16,9904,新光-台中,8561,75,9,66,0.51,13,buy
9/16,9904,凱基-台中,9204,0,95,-95,0.73,13,sell
9/16,9904,玉山-台南,8847,64,1,63,0.49,14,buy
9/16,9904,中國信託-忠孝,6162,0,81,-81,0.62,14,sell
9/16,9904,富邦-板橋,9655,60,0,60,0.46,15,buy
9/16,9904,元大-屏東民生,0039003800310068,40,120,-80,0.62,15,sell
9/16,3036,美林,1440,677,165,512,6.99,1,buy
9/16,3036,摩根大通,8440,35,2030,-1995,27.25,1,sell
9/16,3036,永豐金證券,0039004100300030,465,42,423,5.78,2,buy
9/16,3036,凱基,9200,1,664,-663,9.05,2,sell
9/16,3036,凱基-台北,9268,629,353,276,3.77,3,buy
9/16,3036,台灣摩根士丹利,1470,733,1267,-534,7.29,3,sell
9/16,3036,美商高盛,1480,561,300,261,3.56,4,buy
9/16,3036,新加坡商瑞銀,1650,339,794,-455,6.21,4,sell
9/16,3036,中國信託,6160,256,1,255,3.48,5,buy
9/16,3036,元大證券,9800,169,423,-254,3.47,5,sell
9/16,3036,永豐金-竹科,0039004100390058,204,0,204,2.79,6,buy
9/16,3036,花旗環球,1590,49,280,-231,3.15,6,sell
9/16,3036,港商野村,1560,219,38,181,2.47,7,buy
9/16,3036,元大-敦南,0039003800390050,4,60,-56,0.76,7,sell
9/16,3036,港商麥格理,1360,247,100,147,2.01,8,buy
9/16,3036,台新-潮州,0039004200320043,0,33,-33,0.45,8,sell
9/16,3036,台新,0039004200300030,116,1,115,1.57,9,buy
9/16,3036,口袋證券,6620,11,44,-33,0.45,9,sell
9/16,3036,富邦-仁愛,9676,114,2,112,1.53,10,buy
9/16,3036,富邦-木柵,003900360031004d,15,46,-31,0.42,10,sell
9/16,3036,國泰-敦南,8888,49,10,39,0.53,11,buy
9/16,3036,永豐金-匯立,0039004100380031,0,17,-17,0.23,11,sell
9/16,3036,新光,8560,40,2,38,0.52,12,buy
9/16,3036,群益金鼎-高盛,9105,0,10,-10,0.14,12,sell
9/16,3036,國票-安和,003700370039005a,52,17,35,0.48,13,buy
9/16,3036,凱基-新豐,9266,1,10,-9,0.12,13,sell
9/16,3036,玉山-高雄,8843,34,0,34,0.46,14,buy
9/16,3036,富邦證券,9600,1,9,-8,0.11,14,sell
9/16,3036,富邦-竹北,9624,31,0,31,0.42,15,buy
9/16,3036,台中銀,6110,1,9,-8,0.11,15,sell
9/16,8112,凱基-台南,9211,204,1,203,4.15,1,buy
9/16,8112,台灣摩根士丹利,1470,71,1602,-1531,31.32,1,sell
9/16,8112,元大-大同,0039003800390047,110,0,110,2.25,2,buy
9/16,8112,美商高盛,1480,17,426,-409,8.37,2,sell
9/16,8112,臺銀,1040,64,5,59,1.21,3,buy
9/16,8112,美林,1440,25,303,-278,5.69,3,sell
9/16,8112,新光,8560,61,5,56,1.15,4,buy
9/16,8112,花旗環球,1590,4,176,-172,3.52,4,sell
9/16,8112,富邦-中壢,9636,55,1,54,1.1,5,buy
9/16,8112,摩根大通,8440,119,286,-167,3.42,5,sell
9/16,8112,國票-南京,003700370039006e,50,0,50,1.02,6,buy
9/16,8112,港商野村,1560,0,141,-141,2.88,6,sell
9/16,8112,凱基-台北,9268,231,182,49,1.0,7,buy
9/16,8112,永豐金證券,0039004100300030,149,247,-98,2.0,7,sell
9/16,8112,台新,0039004200300030,40,6,34,0.7,8,buy
9/16,8112,兆豐證券,7000,2,68,-66,1.35,8,sell
9/16,8112,國泰-敦南,8888,78,44,34,0.7,9,buy
9/16,8112,群益金鼎,9100,27,76,-49,1.0,9,sell
9/16,8112,群益金鼎-竹南,0039003100380069,31,0,31,0.63,10,buy
9/16,8112,富邦證券,9600,1,36,-35,0.72,10,sell
9/16,8112,國泰-館前,0038003800380041,49,20,29,0.59,11,buy
9/16,8112,中國信託-永康,6163,4,29,-25,0.51,11,sell
9/16,8112,台新-高雄,0039004200310067,28,0,28,0.57,12,buy
9/16,8112,口袋證券,6620,3,26,-23,0.47,12,sell
9/16,8112,凱基-湖口,003900320030004e,28,1,27,0.55,13,buy
9/16,8112,群益金鼎-大甲,0039003100380067,10,31,-21,0.43,13,sell
9/16,8112,華南永昌-豐原,9366,30,3,27,0.55,14,buy
9/16,8112,宏遠-台中,003100320036004c,3,19,-16,0.33,14,sell
9/16,8112,元大-鹿港,0039003800390053,27,1,26,0.53,15,buy
9/16,8112,富邦-永康,003900360031005a,0,16,-16,0.33,15,sell
9/16,1216,台灣摩根士丹利,1470,1580,113,1467,20.34,1,buy
9/16,1216,摩根大通,8440,199,1485,-1286,17.83,1,sell
9/16,1216,美商高盛,1480,1847,952,895,12.41,2,buy
9/16,1216,元大證券,9800,186,724,-538,7.46,2,sell
9/16,1216,凱基-台北,9268,480,173,307,4.26,3,buy
9/16,1216,國泰證券,8880,6,515,-509,7.06,3,sell
9/16,1216,台新-高雄,0039004200310067,205,2,203,2.81,4,buy
9/16,1216,凱基,9200,54,410,-356,4.93,4,sell
9/16,1216,永豐金證券,0039004100300030,241,53,188,2.61,5,buy
9/16,1216,富邦證券,9600,667,1000,-333,4.62,5,sell
9/16,1216,花旗環球,1590,270,102,168,2.33,6,buy
9/16,1216,永豐金-匯立,0039004100380031,93,418,-325,4.51,6,sell
9/16,1216,新光,8560,78,12,66,0.91,7,buy
9/16,1216,新加坡商瑞銀,1650,149,361,-212,2.94,7,sell
9/16,1216,華南永昌-中正,9359,40,0,40,0.55,8,buy
9/16,1216,美林,1440,8,109,-101,1.4,8,sell
9/16,1216,台新-同大,0039004200320050,34,0,34,0.47,9,buy
9/16,1216,第一金-忠孝,0035003300380044,1,81,-80,1.11,9,sell
9/16,1216,群益金鼎-市府,0039003100300044,30,0,30,0.42,10,buy
9/16,1216,港商野村,1560,164,232,-68,0.94,10,sell
9/16,1216,永豐金-板盛,0039004100390059,30,0,30,0.42,11,buy
9/16,1216,香港上海匯豐,8960,0,48,-48,0.67,11,sell
9/16,1216,新光-新竹,8563,29,0,29,0.4,12,buy
9/16,1216,台新-板橋,0039004200320062,2,35,-33,0.46,12,sell
9/16,1216,國泰-台南,8884,27,0,27,0.37,13,buy
9/16,1216,玉山-板橋,8846,0,27,-27,0.37,13,sell
9/16,1216,港商麥格理,1360,25,0,25,0.35,14,buy
9/16,1216,富邦-台中,003900360035004b,0,15,-15,0.21,14,sell
9/16,1216,中國信託,6160,41,20,21,0.29,15,buy
9/16,1216,台新-五權西,0039004200320035,0,13,-13,0.18,15,sell
9/16,5876,群益金鼎,9100,672,4,668,10.7,1,buy
9/16,5876,第一金-路竹,0035003300380050,0,750,-750,12.01,1,sell
9/16,5876,富邦證券,9600,633,0,633,10.14,2,buy
9/16,5876,摩根大通,8440,363,1015,-652,10.44,2,sell
9/16,5876,永豐金證券,0039004100300030,530,17,513,8.21,3,buy
9/16,5876,美商高盛,1480,196,704,-508,8.13,3,sell
9/16,5876,凱基-台北,9268,1043,632,411,6.58,4,buy
9/16,5876,華南永昌,9300,1,269,-268,4.29,4,sell
9/16,5876,花旗環球,1590,397,107,290,4.64,5,buy
9/16,5876,港商野村,1560,10,149,-139,2.23,5,sell
9/16,5876,美林,1440,404,153,251,4.02,6,buy
9/16,5876,台灣摩根士丹利,1470,508,636,-128,2.05,6,sell
9/16,5876,新加坡商瑞銀,1650,318,222,96,1.54,7,buy
9/16,5876,台新,0039004200300030,2,101,-99,1.59,7,sell
9/16,5876,口袋證券,6620,58,1,57,0.91,8,buy
9/16,5876,台新-台北,0039004200320030,0,80,-80,1.28,8,sell
9/16,5876,富邦-新竹,9647,41,0,41,0.66,9,buy
9/16,5876,第一金-安和,003500330038006a,0,70,-70,1.12,9,sell
9/16,5876,元大-松江,9801,36,2,34,0.54,10,buy
9/16,5876,富邦-敦南,9663,0,65,-65,1.04,10,sell
9/16,5876,玉山-雙和,8841,33,0,33,0.53,11,buy
9/16,5876,高橋-龍潭,5321,0,60,-60,0.96,11,sell
9/16,5876,元大-羅東,0039003800320041,30,0,30,0.48,12,buy
9/16,5876,永豐金-台南,0039004100390068,1,50,-49,0.78,12,sell
9/16,5876,國泰證券,8880,26,0,26,0.42,13,buy
9/16,5876,群益金鼎-館前,0039003100330059,0,46,-46,0.74,13,sell
9/16,5876,光和,6380,20,0,20,0.32,14,buy
9/16,5876,富邦-陽明,9604,4,47,-43,0.69,14,sell
9/16,5876,國票-南港,7795,20,0,20,0.32,15,buy
9/16,5876,香港上海匯豐,8960,0,25,-25,0.4,15,sell
9/16,1102,凱基-台北,9268,1470,136,1334,24.98,1,buy
9/16,1102,台灣摩根士丹利,1470,14,1038,-1024,19.17,1,sell
9/16,1102,中國信託,6160,410,21,389,7.28,2,buy
9/16,1102,新加坡商瑞銀,1650,62,629,-567,10.62,2,sell
9/16,1102,凱基,9200,338,80,258,4.83,3,buy
9/16,1102,美林,1440,150,675,-525,9.83,3,sell
9/16,1102,群益金鼎,9100,363,133,230,4.31,4,buy
9/16,1102,摩根大通,8440,289,709,-420,7.86,4,sell
9/16,1102,花旗環球,1590,159,35,124,2.32,5,buy
9/16,1102,港商野村,1560,0,190,-190,3.56,5,sell
9/16,1102,美商高盛,1480,395,319,76,1.42,6,buy
9/16,1102,元大-蘆洲,9857,0,161,-161,3.01,6,sell
9/16,1102,群益金鼎-中港,9138,60,0,60,1.12,7,buy
9/16,1102,統一,5850,16,154,-138,2.58,7,sell
9/16,1102,元大-小港,003900380039005a,60,0,60,1.12,8,buy
9/16,1102,富邦-台南,9667,1,100,-99,1.85,8,sell
9/16,1102,臺銀,1040,53,0,53,0.99,9,buy
9/16,1102,元大證券,9800,19,80,-61,1.14,9,sell
9/16,1102,凱基-三重,9205,42,0,42,0.79,10,buy
9/16,1102,大和國泰,8890,0,48,-48,0.9,10,sell
9/16,1102,富邦-建國,9658,41,0,41,0.77,11,buy
9/16,1102,富邦-和美,0039003600310050,1,35,-34,0.64,11,sell
9/16,1102,台新-高雄,0039004200310067,40,1,39,0.73,12,buy
9/16,1102,國泰證券,8880,57,89,-32,0.6,12,sell
9/16,1102,華南永昌,9300,80,45,35,0.66,13,buy
9/16,1102,元大-沙鹿,0039003800300064,3,30,-27,0.51,13,sell
9/16,1102,台新-中壢,0039004200310079,33,0,33,0.62,14,buy
9/16,1102,元大-竹山,0039003800310052,0,24,-24,0.45,14,sell
9/16,1102,大昌-新店,6464,31,0,31,0.58,15,buy
9/16,1102,凱基-永華,9235,0,14,-14,0.26,15,sell
9/16,2834,台灣摩根士丹利,1470,8618,408,8210,27.68,1,buy
9/16,2834,國票-敦北法人,0037003700390063,0,4476,-4476,15.09,1,sell
9/16,2834,美商高盛,1480,5134,1072,4062,13.69,2,buy
9/16,2834,華南永昌-世貿,9334,0,1336,-1336,4.5,2,sell
9/16,2834,港商麥格理,1360,579,0,579,1.95,3,buy
9/16,2834,國票-長城,0037003700390075,0,1003,-1003,3.38,3,sell
9/16,2834,國泰-桃園,8885,404,32,372,1.25,4,buy
9/16,2834,摩根大通,8440,1126,2042,-916,3.09,4,sell
9/16,2834,統一-南京,0035003800350055,300,1,299,1.01,5,buy
9/16,2834,土銀-嘉義,1034,1,503,-502,1.69,5,sell
9/16,2834,元大-新莊,9898,243,6,237,0.8,6,buy
9/16,2834,玉山-高雄,8843,69,546,-477,1.61,6,sell
9/16,2834,台新-虎尾,003900420032004e,230,0,230,0.78,7,buy
9/16,2834,港商野村,1560,0,432,-432,1.46,7,sell
9/16,2834,合庫-自強,0031003000320043,202,5,197,0.66,8,buy
9/16,2834,國泰-新竹,003800380038004e,0,317,-317,1.07,8,sell
9/16,2834,花旗環球,1590,573,398,175,0.59,9,buy
9/16,2834,台灣企銀,1110,5,302,-297,1.0,9,sell
9/16,2834,富邦-中壢,9636,170,12,158,0.53,10,buy
9/16,2834,合庫-西台中,0031003000320046,0,266,-266,0.9,10,sell
9/16,2834,凱基-高雄,9206,135,4,131,0.44,11,buy
9/16,2834,凱基-台北,9268,2672,2909,-237,0.8,11,sell
9/16,2834,第一金-自由,0035003300380045,127,2,125,0.42,12,buy
9/16,2834,新加坡商瑞銀,1650,686,916,-230,0.78,12,sell
9/16,2834,台新,0039004200300030,183,62,121,0.41,13,buy
9/16,2834,美好-基隆,5267,0,206,-206,0.69,13,sell
9/16,2834,台新-三民,0039004200310033,120,4,116,0.39,14,buy
9/16,2834,京城-嘉義,8492,0,201,-201,0.68,14,sell
9/16,2834,台灣企銀-岡山,1119,610,500,110,0.37,15,buy
9/16,2834,兆豐-麻豆,0037003000300047,0,200,-200,0.67,15,sell
9/16,2897,美商高盛,1480,1183,818,365,6.49,1,buy
9/16,2897,康和-台南,8458,0,450,-450,8.0,1,sell
9/16,2897,康和-仁愛,0038003400350046,310,0,310,5.51,2,buy
9/16,2897,富邦-二林,0039003600320042,0,380,-380,6.76,2,sell
9/16,2897,元大-敦南,0039003800390050,200,0,200,3.56,3,buy
9/16,2897,永豐金-亞灣,0039004100390061,5,330,-325,5.78,3,sell
9/16,2897,台新-城中,0039004200320045,202,5,197,3.5,4,buy
9/16,2897,元大-高雄,003900380031006d,0,210,-210,3.73,4,sell
9/16,2897,新加坡商瑞銀,1650,143,0,143,2.54,5,buy
9/16,2897,摩根大通,8440,219,391,-172,3.06,5,sell
9/16,2897,台灣摩根士丹利,1470,198,69,129,2.29,6,buy
9/16,2897,港商野村,1560,0,155,-155,2.76,6,sell
9/16,2897,凱基-三重,9205,105,0,105,1.87,7,buy
9/16,2897,凱基-台北,9268,195,334,-139,2.47,7,sell
9/16,2897,統一-敦南,5852,100,0,100,1.78,8,buy
9/16,2897,高橋,5320,3,135,-132,2.35,8,sell
9/16,2897,玉山-桃園,0038003800340046,100,0,100,1.78,9,buy
9/16,2897,元大-松江,9801,0,130,-130,2.31,9,sell
9/16,2897,華南永昌-豐原,9366,100,0,100,1.78,10,buy
9/16,2897,土銀-台中,1031,0,130,-130,2.31,10,sell
9/16,2897,臺銀-高雄,0031003000340043,103,15,88,1.56,11,buy
9/16,2897,合庫-台南,1022,0,120,-120,2.13,11,sell
9/16,2897,富邦-陽明,9604,83,0,83,1.48,12,buy
9/16,2897,統一-台中,5856,1,113,-112,1.99,12,sell
9/16,2897,富邦-仁愛,9676,69,0,69,1.23,13,buy
9/16,2897,國票-桃園,0037003700390072,0,100,-100,1.78,13,sell
9/16,2897,玉山-雙和,8841,64,0,64,1.14,14,buy
9/16,2897,國泰-台中,8882,6,81,-75,1.33,14,sell
9/16,2897,台新-烏日,0039004200320063,50,0,50,0.89,15,buy
9/16,2897,元大-鳳山,003900380033005a,0,50,-50,0.89,15,sell
9/16,2885,美商高盛,1480,3305,785,2520,17.94,1,buy
9/16,2885,凱基,9200,27,1618,-1591,11.33,1,sell
9/16,2885,元大-台北,0039003800300068,1361,12,1349,9.6,2,buy
9/16,2885,新加坡商瑞銀,1650,316,1577,-1261,8.98,2,sell
9/16,2885,台灣摩根士丹利,1470,1660,766,894,6.36,3,buy
9/16,2885,港商野村,1560,106,999,-893,6.36,3,sell
9/16,2885,元大證券,9800,894,256,638,4.54,4,buy
9/16,2885,香港上海匯豐,8960,0,860,-860,6.12,4,sell
9/16,2885,港商麥格理,1360,400,0,400,2.85,5,buy
9/16,2885,富邦證券,9600,27,790,-763,5.43,5,sell
9/16,2885,摩根大通,8440,1475,1095,380,2.71,6,buy
9/16,2885,凱基-台北,9268,450,901,-451,3.21,6,sell
9/16,2885,國泰證券,8880,379,1,378,2.69,7,buy
9/16,2885,元大-三民,0039003800390046,0,109,-109,0.78,7,sell
9/16,2885,台新,0039004200300030,354,32,322,2.29,8,buy
9/16,2885,中國信託,6160,103,192,-89,0.63,8,sell
9/16,2885,臺銀,1040,216,5,211,1.5,9,buy
9/16,2885,國泰-板橋,003800380038004b,3,86,-83,0.59,9,sell
9/16,2885,花旗環球,1590,668,490,178,1.27,10,buy
9/16,2885,國泰-敦南,8888,83,147,-64,0.46,10,sell
9/16,2885,美林,1440,382,279,103,0.73,11,buy
9/16,2885,玉山證券,8840,1,54,-53,0.38,11,sell
9/16,2885,日進,5660,60,0,60,0.43,12,buy
9/16,2885,永豐金-鳳山,0039004100360031,0,50,-50,0.36,12,sell
9/16,2885,凱基-信義,9216,50,2,48,0.34,13,buy
9/16,2885,元大-北府,0039003800300044,0,50,-50,0.36,13,sell
9/16,2885,元大-苗栗,003900380031004d,45,2,43,0.31,14,buy
9/16,2885,京城,8490,0,50,-50,0.36,14,sell
9/16,2885,富邦-花蓮,9621,50,8,42,0.3,15,buy
9/16,2885,台新-三民,0039004200310033,0,50,-50,0.36,15,sell
9/16,2354,花旗環球,1590,303,20,283,4.6,1,buy
9/16,2354,合庫證券,1020,0,216,-216,3.51,1,sell
9/16,2354,台灣摩根士丹利,1470,609,389,220,3.58,2,buy
9/16,2354,大昌-安康,6462,3,209,-206,3.35,2,sell
9/16,2354,新加坡商瑞銀,1650,429,243,186,3.02,3,buy
9/16,2354,兆豐-埔墘,003700300030004e,0,198,-198,3.22,3,sell
9/16,2354,凱基,9200,118,0,118,1.92,4,buy
9/16,2354,國泰證券,8880,0,105,-105,1.71,4,sell
9/16,2354,富邦證券,9600,123,10,113,1.84,5,buy
9/16,2354,台灣企銀-台中,1111,0,88,-88,1.43,5,sell
9/16,2354,摩根大通,8440,194,112,82,1.33,6,buy
9/16,2354,合庫-高雄,1023,13,76,-63,1.02,6,sell
9/16,2354,華南永昌-竹北,9339,76,0,76,1.24,7,buy
9/16,2354,元大-忠孝,9871,5,53,-48,0.78,7,sell
9/16,2354,華南永昌-東昇,9386,72,0,72,1.17,8,buy
9/16,2354,富邦-台北,9623,6,53,-47,0.76,8,sell
9/16,2354,兆豐-來福,0037003000300043,70,1,69,1.12,9,buy
9/16,2354,玉山證券,8840,1,46,-45,0.73,9,sell
9/16,2354,群益金鼎,9100,74,14,60,0.98,10,buy
9/16,2354,元大證券,9800,232,276,-44,0.72,10,sell
9/16,2354,兆豐-三民,0037003000300068,49,0,49,0.8,11,buy
9/16,2354,凱基-高美館,9215,6,48,-42,0.68,11,sell
9/16,2354,土銀-白河,0031003000330043,46,0,46,0.75,12,buy
9/16,2354,富邦-岡山,9616,0,40,-40,0.65,12,sell
9/16,2354,富邦-嘉義,9692,40,5,35,0.57,13,buy
9/16,2354,元大-四維,9831,3,43,-40,0.65,13,sell
9/16,2354,港商野村,1560,33,0,33,0.54,14,buy
9/16,2354,台新,0039004200300030,32,70,-38,0.62,14,sell
9/16,2354,美好-楊梅,5262,40,7,33,0.54,15,buy
9/16,2354,富邦-陽明,9604,4,38,-34,0.55,15,sell
9/16,0050,元大證券,9800,11301,5982,5319,7.34,1,buy
9/16,0050,凱基,9200,3366,13644,-10278,14.19,1,sell
9/16,0050,統一,5850,4007,155,3852,5.32,2,buy
9/16,0050,凱基-台北,9268,9289,15421,-6132,8.46,2,sell
9/16,0050,群益金鼎,9100,2521,15,2506,3.46,3,buy
9/16,0050,永豐金證券,0039004100300030,4487,7973,-3486,4.81,3,sell
9/16,0050,國泰證券,8880,1859,1,1858,2.56,4,buy
9/16,0050,富邦證券,9600,3640,6225,-2585,3.57,4,sell
9/16,0050,國票證券,7790,528,12,516,0.71,5,buy
9/16,0050,陽信-石牌,8711,2,918,-916,1.26,5,sell
9/16,0050,國泰-敦南,8888,1850,1427,423,0.58,6,buy
9/16,0050,法銀巴黎,8900,5,668,-663,0.92,6,sell
9/16,0050,台中銀,6110,329,4,325,0.45,7,buy
9/16,0050,華南永昌-中正,9359,21,673,-652,0.9,7,sell
9/16,0050,摩根大通,8440,319,0,319,0.44,8,buy
9/16,0050,元大-彰化民生,003900380039004a,17,520,-503,0.69,8,sell
9/16,0050,中國信託,6160,2230,1939,291,0.4,9,buy
9/16,0050,華南永昌-古亭,9309,19,264,-245,0.34,9,sell
9/16,0050,富邦-台中,003900360035004b,306,50,256,0.35,10,buy
9/16,0050,華南永昌,9300,41,280,-239,0.33,10,sell
9/16,0050,元大-館前,003900380034004b,827,610,217,0.3,11,buy
9/16,0050,元大-復北,9872,38,252,-214,0.3,11,sell
9/16,0050,國泰-忠孝,8887,251,38,213,0.29,12,buy
9/16,0050,第一金-中山,5389,23,159,-136,0.19,12,sell
9/16,0050,富邦-建國,9658,211,19,192,0.27,13,buy
9/16,0050,凱基-市府,0039003200300044,14,137,-123,0.17,13,sell
9/16,0050,永豐金-松山,0039004100390031,196,34,162,0.22,14,buy
9/16,0050,新光,8560,266,377,-111,0.15,14,sell
9/16,0050,永豐金-台南,0039004100390068,172,43,129,0.18,15,buy
9/16,0050,兆豐-台南,7006,21,105,-84,0.12,15,sell
9/16,1303,凱基-台北,9268,3367,2362,1005,2.09,1,buy
9/16,1303,摩根大通,8440,737,4336,-3599,7.5,1,sell
9/16,1303,統一,5850,1143,205,938,1.95,2,buy
9/16,1303,美商高盛,1480,2658,3941,-1283,2.67,2,sell
9/16,1303,永豐金證券,0039004100300030,1078,327,751,1.56,3,buy
9/16,1303,新加坡商瑞銀,1650,1085,2316,-1231,2.56,3,sell
9/16,1303,富邦證券,9600,660,88,572,1.19,4,buy
9/16,1303,台灣摩根士丹利,1470,1946,2925,-979,2.04,4,sell
9/16,1303,兆豐證券,7000,613,77,536,1.12,5,buy
9/16,1303,美林,1440,202,575,-373,0.78,5,sell
9/16,1303,華南永昌-中正,9359,533,63,470,0.98,6,buy
9/16,1303,元大-蘆洲,9857,45,281,-236,0.49,6,sell
9/16,1303,第一金,5380,417,21,396,0.82,7,buy
9/16,1303,統一-城中,5854,105,314,-209,0.44,7,sell
9/16,1303,台新,0039004200300030,485,223,262,0.55,8,buy
9/16,1303,凱基-城中,9227,32,226,-194,0.4,8,sell
9/16,1303,凱基,9200,261,11,250,0.52,9,buy
9/16,1303,港商野村,1560,2,170,-168,0.35,9,sell
9/16,1303,元大-大灣,9815,218,17,201,0.42,10,buy
9/16,1303,富邦-台北,9623,246,412,-166,0.35,10,sell
9/16,1303,富邦-南屯,9666,230,31,199,0.41,11,buy
9/16,1303,元大-復北,9872,193,330,-137,0.29,11,sell
9/16,1303,國泰證券,8880,251,64,187,0.39,12,buy
9/16,1303,元大-仁愛,003900380033006a,12,81,-69,0.14,12,sell
9/16,1303,花旗環球,1590,326,155,171,0.36,13,buy
9/16,1303,聯邦證券,8580,3,70,-67,0.14,13,sell
9/16,1303,元大證券,9800,2609,2480,129,0.27,14,buy
9/16,1303,群益金鼎-市府,0039003100300044,29,95,-66,0.14,14,sell
9/16,1303,元大-大天母,9893,136,29,107,0.22,15,buy
9/16,1303,香港上海匯豐,8960,30,94,-64,0.13,15,sell
9/16,6505,統一,5850,2401,273,2128,8.82,1,buy
9/16,6505,美商高盛,1480,807,3621,-2814,11.66,1,sell
9/16,6505,富邦證券,9600,634,178,456,1.89,2,buy
9/16,6505,摩根大通,8440,357,2961,-2604,10.79,2,sell
9/16,6505,永豐金證券,0039004100300030,525,168,357,1.48,3,buy
9/16,6505,台灣摩根士丹利,1470,579,2206,-1627,6.74,3,sell
9/16,6505,元大-斗六,0039003800300043,270,27,243,1.01,4,buy
9/16,6505,法銀巴黎,8900,0,311,-311,1.29,4,sell
9/16,6505,國泰-敦南,8888,500,322,178,0.74,5,buy
9/16,6505,美林,1440,348,648,-300,1.24,5,sell
9/16,6505,元大證券,9800,1167,1005,162,0.67,6,buy
9/16,6505,香港上海匯豐,8960,0,246,-246,1.02,6,sell
9/16,6505,元大-桃園,0039003800380042,152,16,136,0.56,7,buy
9/16,6505,凱基-台北,9268,853,1017,-164,0.68,7,sell
9/16,6505,國泰-台中,8882,154,27,127,0.53,8,buy
9/16,6505,國票-九鼎,0037003700390050,41,200,-159,0.66,8,sell
9/16,6505,凱基,9200,730,608,122,0.51,9,buy
9/16,6505,富邦-台中,003900360035004b,31,106,-75,0.31,9,sell
9/16,6505,元大-清水,0039003800300065,121,9,112,0.46,10,buy
9/16,6505,元大-復北,9872,7,69,-62,0.26,10,sell
9/16,6505,合庫-高雄,1023,135,23,112,0.46,11,buy
9/16,6505,凱基-三重,9205,7,68,-61,0.25,11,sell
9/16,6505,新光,8560,238,131,107,0.44,12,buy
9/16,6505,華南永昌-高雄,9303,21,70,-49,0.2,12,sell
9/16,6505,富邦-敦南,9663,137,38,99,0.41,13,buy
9/16,6505,富邦-八德,0039003600330041,5,45,-40,0.17,13,sell
9/16,6505,元大-和平,9863,82,9,73,0.3,14,buy
9/16,6505,台新-中港,0039004200320069,16,54,-38,0.16,14,sell
9/16,6505,統一-新台中,0035003800350044,73,1,72,0.3,15,buy
9/16,6505,群益金鼎-高盛,9105,3,41,-38,0.16,15,sell
9/16,2801,富邦證券,9600,8331,1,8330,21.01,1,buy
9/16,2801,凱基-台北,9268,1482,4368,-2886,7.28,1,sell
9/16,2801,凱基,9200,4154,461,3693,9.31,2,buy
9/16,2801,富邦-陽明,9604,86,2808,-2722,6.86,2,sell
9/16,2801,台灣摩根士丹利,1470,4474,1494,2980,7.51,3,buy
9/16,2801,花旗環球,1590,511,1597,-1086,2.74,3,sell
9/16,2801,新加坡商瑞銀,1650,4083,2590,1493,3.76,4,buy
9/16,2801,摩根大通,8440,1031,2055,-1024,2.58,4,sell
9/16,2801,彰銀,1230,1078,146,932,2.35,5,buy
9/16,2801,香港上海匯豐,8960,0,651,-651,1.64,5,sell
9/16,2801,兆豐證券,7000,375,0,375,0.95,6,buy
9/16,2801,兆豐-台中港,7005,5,555,-550,1.39,6,sell
9/16,2801,華南永昌-大甲,9315,345,1,344,0.87,7,buy
9/16,2801,台灣企銀-太平,1115,0,470,-470,1.19,7,sell
9/16,2801,兆豐-麻豆,0037003000300047,245,11,234,0.59,8,buy
9/16,2801,元大證券,9800,600,1039,-439,1.11,8,sell
9/16,2801,美林,1440,309,91,218,0.55,9,buy
9/16,2801,新光,8560,13,424,-411,1.04,9,sell
9/16,2801,美商高盛,1480,3998,3780,218,0.55,10,buy
9/16,2801,台新-緯城,0039004200320041,11,417,-406,1.02,10,sell
9/16,2801,永豐金證券,0039004100300030,528,324,204,0.51,11,buy
9/16,2801,元大-沙鹿,0039003800300064,8,383,-375,0.95,11,sell
9/16,2801,群益金鼎-大甲,0039003100380067,206,4,202,0.51,12,buy
9/16,2801,富邦-台東,9608,0,374,-374,0.94,12,sell
9/16,2801,美好,5260,201,4,197,0.5,13,buy
9/16,2801,玉山-城中,0038003800340045,2,340,-338,0.85,13,sell
9/16,2801,合庫-自強,0031003000320043,219,42,177,0.45,14,buy
9/16,2801,富隆證券,5110,0,300,-300,0.76,14,sell
9/16,2801,玉山-左營,0038003800340044,131,4,127,0.32,15,buy
9/16,2801,元大-大甲,0039003800390055,7,260,-253,0.64,15,sell
9/16,1409,凱基-台北,9268,816,403,413,4.99,1,buy
9/16,1409,台灣摩根士丹利,1470,207,1049,-842,10.17,1,sell
9/16,1409,國泰證券,8880,449,37,412,4.98,2,buy
9/16,1409,新加坡商瑞銀,1650,382,845,-463,5.59,2,sell
9/16,1409,凱基,9200,227,0,227,2.74,3,buy
9/16,1409,摩根大通,8440,147,410,-263,3.18,3,sell
9/16,1409,美商高盛,1480,762,595,167,2.02,4,buy
9/16,1409,元大證券,9800,142,401,-259,3.13,4,sell
9/16,1409,元大-虎尾,003900380030006c,93,0,93,1.12,5,buy
9/16,1409,國票-安和,003700370039005a,0,200,-200,2.42,5,sell
9/16,1409,富邦-陽明,9604,95,23,72,0.87,6,buy
9/16,1409,美林,1440,216,408,-192,2.32,6,sell
9/16,1409,元大-基隆孝二,003900380036004b,72,0,72,0.87,7,buy
9/16,1409,永豐金-高雄,0039004100390065,1,146,-145,1.75,7,sell
9/16,1409,康和-高雄,003800340035004a,65,0,65,0.79,8,buy
9/16,1409,美好-楊梅,5262,31,160,-129,1.56,8,sell
9/16,1409,美好,5260,60,0,60,0.72,9,buy
9/16,1409,元大-府城,0039003800300075,1,127,-126,1.52,9,sell
9/16,1409,元大-彰化民生,003900380039004a,55,2,53,0.64,10,buy
9/16,1409,新光-台南,8564,28,132,-104,1.26,10,sell
9/16,1409,凱基-興隆,9289,51,0,51,0.62,11,buy
9/16,1409,元大-六合,0039003800320043,0,102,-102,1.23,11,sell
9/16,1409,康和-南崁,0038003400350053,50,0,50,0.6,12,buy
9/16,1409,群益金鼎-館前,0039003100330059,1,102,-101,1.22,12,sell
9/16,1409,凱基-三峽,0039003200310045,50,0,50,0.6,13,buy
9/16,1409,富邦-中壢,9636,10,110,-100,1.21,13,sell
9/16,1409,元大-樹林,003900380039006a,52,4,48,0.58,14,buy
9/16,1409,群益金鼎,9100,11,104,-93,1.12,14,sell
9/16,1409,凱基-高美館,9215,72,34,38,0.46,15,buy
9/16,1409,元大-土城,9897,3,83,-80,0.97,15,sell
9/16,5351,花旗環球,1590,367,0,367,6.22,1,buy
9/16,5351,摩根大通,8440,80,561,-481,8.15,1,sell
9/16,5351,富邦-台中,003900360035004b,231,2,229,3.88,2,buy
9/16,5351,台灣摩根士丹利,1470,313,692,-379,6.42,2,sell
9/16,5351,凱基-台北,9268,472,253,219,3.71,3,buy
9/16,5351,國票-天祥,0037003700390056,0,310,-310,5.25,3,sell
9/16,5351,元大證券,9800,522,383,139,2.36,4,buy
9/16,5351,台灣企銀-豐原,1118,0,300,-300,5.08,4,sell
9/16,5351,元大-竹山,0039003800310052,104,5,99,1.68,5,buy
9/16,5351,新加坡商瑞銀,1650,49,272,-223,3.78,5,sell
9/16,5351,元大-大灣,9815,103,8,95,1.61,6,buy
9/16,5351,元大-新營,9825,1,153,-152,2.58,6,sell
9/16,5351,國泰-忠孝,8887,77,15,62,1.05,7,buy
9/16,5351,元大-中壢,9834,20,59,-39,0.66,7,sell
9/16,5351,美林,1440,77,25,52,0.88,8,buy
9/16,5351,光和-嘉義,0036003300380041,0,39,-39,0.66,8,sell
9/16,5351,新光,8560,69,25,44,0.75,9,buy
9/16,5351,元大-土城,9897,1,40,-39,0.66,9,sell
9/16,5351,兆豐-南門,0037003000300067,43,0,43,0.73,10,buy
9/16,5351,合庫-基隆,1025,3,37,-34,0.58,10,sell
9/16,5351,日茂-南投,5962,40,0,40,0.68,11,buy
9/16,5351,統一-高雄,5851,0,31,-31,0.53,11,sell
9/16,5351,華南永昌-台中,9302,43,4,39,0.66,12,buy
9/16,5351,永豐金-桃盛,003900410039004e,1,32,-31,0.53,12,sell
9/16,5351,美商高盛,1480,30,0,30,0.51,13,buy
9/16,5351,富邦-永和,9654,5,32,-27,0.46,13,sell
9/16,5351,兆豐-城中,0037003000300057,31,1,30,0.51,14,buy
9/16,5351,玉山-台南,8847,14,37,-23,0.39,14,sell
9/16,5351,永豐金-板盛,0039004100390059,32,2,30,0.51,15,buy
9/16,5351,高橋-內壢,5323,3,25,-22,0.37,15,sell
9/16,8039,台灣摩根士丹利,1470,751,263,488,3.93,1,buy
9/16,8039,摩根大通,8440,151,1882,-1731,13.93,1,sell
9/16,8039,元大-信義安和,0039003800300052,250,0,250,2.01,2,buy
9/16,8039,永豐金證券,0039004100300030,128,447,-319,2.57,2,sell
9/16,8039,凱基-台北,9268,1019,797,222,1.79,3,buy
9/16,8039,美商高盛,1480,236,494,-258,2.08,3,sell
9/16,8039,台新-林園,0039004200320037,145,8,137,1.1,4,buy
9/16,8039,元大證券,9800,678,820,-142,1.14,4,sell
9/16,8039,富邦-敦南,9663,109,8,101,0.81,5,buy
9/16,8039,元大-台北,0039003800300068,9,114,-105,0.85,5,sell
9/16,8039,富邦-左營,0039003600360046,110,14,96,0.77,6,buy
9/16,8039,富邦證券,9600,64,157,-93,0.75,6,sell
9/16,8039,華南永昌,9300,86,22,64,0.52,7,buy
9/16,8039,統一-竹南,003500380035006d,6,90,-84,0.68,7,sell
9/16,8039,群益金鼎-東大,9135,63,4,59,0.47,8,buy
9/16,8039,凱基,9200,0,62,-62,0.5,8,sell
9/16,8039,永豐金-萬盛,0039004100390032,49,9,40,0.32,9,buy
9/16,8039,港商野村,1560,0,53,-53,0.43,9,sell
9/16,8039,國泰-敦南,8888,545,507,38,0.31,10,buy
9/16,8039,永豐金-南京,0039004100390053,13,38,-25,0.2,10,sell
9/16,8039,群益金鼎-西松,9136,40,2,38,0.31,11,buy
9/16,8039,光和-花壇,6385,26,51,-25,0.2,11,sell
9/16,8039,美林,1440,59,22,37,0.3,12,buy
9/16,8039,台新-城東,0039004200320072,5,30,-25,0.2,12,sell
9/16,8039,台新-緯城,0039004200320041,36,4,32,0.26,13,buy
9/16,8039,統一,5850,53,77,-24,0.19,13,sell
9/16,8039,台新-同大,0039004200320050,44,12,32,0.26,14,buy
9/16,8039,群益金鼎-內湖,0039003100380064,5,25,-20,0.16,14,sell
9/16,8039,新光,8560,97,67,30,0.24,15,buy
9/16,8039,玉山-桃園,0038003800340046,10,27,-17,0.14,15,sell
9/16,2884,港商野村,1560,7085,669,6416,15.55,1,buy
9/16,2884,美林,1440,576,3222,-2646,6.41,1,sell
9/16,2884,富邦證券,9600,6855,1670,5185,12.57,2,buy
9/16,2884,玉山-板橋,8846,16,2069,-2053,4.98,2,sell
9/16,2884,美商高盛,1480,5889,1275,4614,11.18,3,buy
9/16,2884,台灣摩根士丹利,1470,963,2796,-1833,4.44,3,sell
9/16,2884,凱基-台北,9268,4530,2014,2516,6.1,4,buy
9/16,2884,統一,5850,4,1662,-1658,4.02,4,sell
9/16,2884,元大-中壢,9834,1010,30,980,2.38,5,buy
9/16,2884,群益金鼎,9100,442,1510,-1068,2.59,5,sell
9/16,2884,中國信託,6160,927,35,892,2.16,6,buy
9/16,2884,元大證券,9800,1174,1918,-744,1.8,6,sell
9/16,2884,永豐金證券,0039004100300030,1095,261,834,2.02,7,buy
9/16,2884,玉山-城中,0038003800340045,11,650,-639,1.55,7,sell
9/16,2884,花旗環球,1590,1877,1689,188,0.46,8,buy
9/16,2884,群益金鼎-海山,9108,36,657,-621,1.51,8,sell
9/16,2884,群益金鼎-大甲,0039003100380067,204,19,185,0.45,9,buy
9/16,2884,摩根大通,8440,1878,2411,-533,1.29,9,sell
9/16,2884,華南永昌-大甲,9315,143,1,142,0.34,10,buy
9/16,2884,香港上海匯豐,8960,0,429,-429,1.04,10,sell
9/16,2884,統一-三重,003500380035004a,104,3,101,0.24,11,buy
9/16,2884,康和,8450,3,414,-411,1.0,11,sell
9/16,2884,土銀-彰化,0031003000330042,120,38,82,0.2,12,buy
9/16,2884,富邦-仁愛,9676,13,423,-410,0.99,12,sell
9/16,2884,宏遠證券,1260,89,7,82,0.2,13,buy
9/16,2884,凱基,9200,745,1153,-408,0.99,13,sell
9/16,2884,華南永昌,9300,91,12,79,0.19,14,buy
9/16,2884,玉山-新竹,0038003800340048,15,417,-402,0.97,14,sell
9/16,2884,國票證券,7790,76,8,68,0.16,15,buy
9/16,2884,國泰-台南,8884,28,424,-396,0.96,15,sell
9/16,4938,凱基-台北,9268,939,183,756,11.29,1,buy
9/16,4938,元大證券,9800,80,2854,-2774,41.41,1,sell
9/16,4938,永豐金證券,0039004100300030,685,30,655,9.78,2,buy
9/16,4938,台灣摩根士丹利,1470,363,925,-562,8.39,2,sell
9/16,4938,美商高盛,1480,889,302,587,8.76,3,buy
9/16,4938,國票-敦北法人,0037003700390063,0,300,-300,4.48,3,sell
9/16,4938,花旗環球,1590,436,161,275,4.11,4,buy
9/16,4938,凱基,9200,64,352,-288,4.3,4,sell
9/16,4938,摩根大通,8440,497,290,207,3.09,5,buy
9/16,4938,港商野村,1560,28,122,-94,1.4,5,sell
9/16,4938,新加坡商瑞銀,1650,352,148,204,3.05,6,buy
9/16,4938,華南永昌,9300,39,114,-75,1.12,6,sell
9/16,4938,國泰-敦南,8888,150,14,136,2.03,7,buy
9/16,4938,香港上海匯豐,8960,4,75,-71,1.06,7,sell
9/16,4938,兆豐-岡山,0037003000300073,120,0,120,1.79,8,buy
9/16,4938,法銀巴黎,8900,2,67,-65,0.97,8,sell
9/16,4938,美林,1440,134,46,88,1.31,9,buy
9/16,4938,台新-新興,003900420032006f,4,30,-26,0.39,9,sell
9/16,4938,群益金鼎-東門,0039003100380044,50,0,50,0.75,10,buy
9/16,4938,第一金-光復,0035003300380043,0,16,-16,0.24,10,sell
9/16,4938,玉山證券,8840,51,2,49,0.73,11,buy
9/16,4938,元大-南投,0039003800310044,8,21,-13,0.19,11,sell
9/16,4938,群益金鼎,9100,122,77,45,0.67,12,buy
9/16,4938,元大-新竹經國,9859,0,12,-12,0.18,12,sell
9/16,4938,富邦-陽明,9604,48,6,42,0.63,13,buy
9/16,4938,土銀-南港,0031003000330046,0,10,-10,0.15,13,sell
9/16,4938,致和-崇德,0037003000330042,36,0,36,0.54,14,buy
9/16,4938,元大-萬華,0039003800310071,4,13,-9,0.13,14,sell
9/16,4938,臺銀,1040,34,1,33,0.49,15,buy
9/16,4938,兆豐-天母,003700300030004c,0,8,-8,0.12,15,sell
9/16,2301,凱基-台北,9268,1324,434,890,6.53,1,buy
9/16,2301,富邦證券,9600,190,1565,-1375,10.08,1,sell
9/16,2301,美林,1440,507,25,482,3.54,2,buy
9/16,2301,元大證券,9800,561,1863,-1302,9.55,2,sell
9/16,2301,花旗環球,1590,419,52,367,2.69,3,buy
9/16,2301,凱基,9200,414,1183,-769,5.64,3,sell
9/16,2301,美商高盛,1480,706,410,296,2.17,4,buy
9/16,2301,摩根大通,8440,171,801,-630,4.62,4,sell
9/16,2301,永豐金證券,0039004100300030,441,261,180,1.32,5,buy
9/16,2301,新加坡商瑞銀,1650,219,504,-285,2.09,5,sell
9/16,2301,港商麥格理,1360,405,262,143,1.05,6,buy
9/16,2301,中國信託,6160,17,264,-247,1.81,6,sell
9/16,2301,台灣摩根士丹利,1470,693,612,81,0.59,7,buy
9/16,2301,法銀巴黎,8900,6,154,-148,1.09,7,sell
9/16,2301,國泰-敦南,8888,244,165,79,0.58,8,buy
9/16,2301,國票證券,7790,10,130,-120,0.88,8,sell
9/16,2301,元大-仁愛,003900380033006a,70,3,67,0.49,9,buy
9/16,2301,國票-嘉義,0037003700390048,1,48,-47,0.34,9,sell
9/16,2301,凱基-城中,9227,69,4,65,0.48,10,buy
9/16,2301,華南永昌-長虹,9333,54,101,-47,0.34,10,sell
9/16,2301,富邦-南京,0039003600310043,62,8,54,0.4,11,buy
9/16,2301,永豐金-三重,003900410039004b,22,57,-35,0.26,11,sell
9/16,2301,群益金鼎,9100,316,275,41,0.3,12,buy
9/16,2301,新光-高雄,8562,12,44,-32,0.23,12,sell
9/16,2301,新光-桃園,8565,42,3,39,0.29,13,buy
9/16,2301,宏遠證券,1260,2,30,-28,0.21,13,sell
9/16,2301,港商野村,1560,75,37,38,0.28,14,buy
9/16,2301,統一,5850,106,132,-26,0.19,14,sell
9/16,2301,富邦-岡山,9616,31,2,29,0.21,15,buy
9/16,2301,富邦-左營,0039003600360046,5,28,-23,0.17,15,sell
9/16,3605,摩根大通,8440,2043,889,1154,5.5,1,buy
9/16,3605,國泰-敦南,8888,548,770,-222,1.06,1,sell
9/16,3605,富邦證券,9600,1382,342,1040,4.96,2,buy
9/16,3605,華南永昌,9300,107,329,-222,1.06,2,sell
9/16,3605,統一,5850,762,157,605,2.88,3,buy
9/16,3605,台灣摩根士丹利,1470,334,463,-129,0.61,3,sell
9/16,3605,國票-安和,003700370039005a,443,47,396,1.89,4,buy
9/16,3605,富邦-左營,0039003600360046,4,115,-111,0.53,4,sell
9/16,3605,元大證券,9800,1336,982,354,1.69,5,buy
9/16,3605,富邦-中壢,9636,32,126,-94,0.45,5,sell
9/16,3605,統一-城中,5854,343,22,321,1.53,6,buy
9/16,3605,合庫證券,1020,26,107,-81,0.39,6,sell
9/16,3605,富邦-嘉義,9692,338,40,298,1.42,7,buy
9/16,3605,富邦-台北,9623,47,124,-77,0.37,7,sell
9/16,3605,群益金鼎,9100,470,251,219,1.04,8,buy
9/16,3605,元大-新營,9825,11,79,-68,0.32,8,sell
9/16,3605,美林,1440,317,116,201,0.96,9,buy
9/16,3605,新光,8560,77,142,-65,0.31,9,sell
9/16,3605,群益金鼎-台北,0039003100380058,212,22,190,0.91,10,buy
9/16,3605,宏遠-高雄,0031003200360051,15,80,-65,0.31,10,sell
9/16,3605,國泰證券,8880,213,77,136,0.65,11,buy
9/16,3605,花旗環球,1590,0,59,-59,0.28,11,sell
9/16,3605,凱基-台北,9268,1730,1611,119,0.57,12,buy
9/16,3605,兆豐-忠孝,0037003000300061,12,66,-54,0.26,12,sell
9/16,3605,元大-中崙,9813,116,6,110,0.52,13,buy
9/16,3605,永豐金-台南,0039004100390068,26,72,-46,0.22,13,sell
9/16,3605,群益金鼎-館前,0039003100330059,175,100,75,0.36,14,buy
9/16,3605,元大-館前,003900380034004b,28,72,-44,0.21,14,sell
9/16,3605,元大-仁愛,003900380033006a,77,7,70,0.33,15,buy
9/16,3605,台新-屏新,0039004200320071,5,49,-44,0.21,15,sell
9/16,2542,合庫證券,1020,1900,5,1895,16.08,1,buy
9/16,2542,台灣摩根士丹利,1470,163,2242,-2079,17.64,1,sell
9/16,2542,國泰證券,8880,1520,21,1499,12.72,2,buy
9/16,2542,新加坡商瑞銀,1650,4,917,-913,7.75,2,sell
9/16,2542,永豐金證券,0039004100300030,1266,61,1205,10.22,3,buy
9/16,2542,摩根大通,8440,228,1100,-872,7.4,3,sell
9/16,2542,兆豐證券,7000,1055,0,1055,8.95,4,buy
9/16,2542,凱基-台北,9268,479,1257,-778,6.6,4,sell
9/16,2542,富邦證券,9600,762,0,762,6.46,5,buy
9/16,2542,京城,8490,0,440,-440,3.73,5,sell
9/16,2542,統一,5850,501,0,501,4.25,6,buy
9/16,2542,永豐金-中正,0039004100390055,1,360,-359,3.05,6,sell
9/16,2542,大和國泰,8890,500,0,500,4.24,7,buy
9/16,2542,康和-仁愛,0038003400350046,0,301,-301,2.55,7,sell
9/16,2542,台新-高雄,0039004200310067,57,2,55,0.47,8,buy
9/16,2542,統一-永和,0035003800350042,0,300,-300,2.55,8,sell
9/16,2542,台新-基隆,0039004200320053,50,0,50,0.42,9,buy
9/16,2542,兆豐-大同,0037003000300053,0,300,-300,2.55,9,sell
9/16,2542,統一-員林,0035003800350049,49,0,49,0.42,10,buy
9/16,2542,美林,1440,17,250,-233,1.98,10,sell
9/16,2542,中國信託-高雄,003600310036004b,43,0,43,0.36,11,buy
9/16,2542,美商高盛,1480,566,791,-225,1.91,11,sell
9/16,2542,元大-西螺,0039003800310069,43,0,43,0.36,12,buy
9/16,2542,聯邦-雙和,8584,0,100,-100,0.85,12,sell
9/16,2542,群益金鼎-土城,003900310033004e,40,0,40,0.34,13,buy
9/16,2542,港商野村,1560,0,94,-94,0.8,13,sell
9/16,2542,富邦-南京,0039003600310043,40,0,40,0.34,14,buy
9/16,2542,美好-蘆洲,5261,0,70,-70,0.59,14,sell
9/16,2542,元大-彰化民生,003900380039004a,33,0,33,0.28,15,buy
9/16,2542,統一-士林,003500380035004d,30,100,-70,0.59,15,sell
9/16,3105,美商高盛,1480,2849,2030,819,2.8,1,buy
9/16,3105,凱基-台北,9268,2128,2708,-580,1.98,1,sell
9/16,3105,摩根大通,8440,1216,840,376,1.29,2,buy
9/16,3105,台灣摩根士丹利,1470,480,839,-359,1.23,2,sell
9/16,3105,富邦證券,9600,379,87,292,1.0,3,buy
9/16,3105,新加坡商瑞銀,1650,761,1095,-334,1.14,3,sell
9/16,3105,群益金鼎-忠孝,0039003100380057,253,7,246,0.84,4,buy
9/16,3105,國泰-敦南,8888,1026,1187,-161,0.55,4,sell
9/16,3105,凱基,9200,308,78,230,0.79,5,buy
9/16,3105,港商野村,1560,152,276,-124,0.42,5,sell
9/16,3105,群益金鼎-台北,0039003100380058,175,2,173,0.59,6,buy
9/16,3105,永豐金證券,0039004100300030,443,567,-124,0.42,6,sell
9/16,3105,群益金鼎-中壢,0039003100380041,157,17,140,0.48,7,buy
9/16,3105,統一-城中,5854,11,77,-66,0.23,7,sell
9/16,3105,兆豐-天母,003700300030004c,128,19,109,0.37,8,buy
9/16,3105,兆豐-板橋,0037003000300042,13,76,-63,0.22,8,sell
9/16,3105,元大證券,9800,1913,1811,102,0.35,9,buy
9/16,3105,元大-信義安和,0039003800300052,3,63,-60,0.21,9,sell
9/16,3105,永豐金-豐原,0039004100390051,124,32,92,0.31,10,buy
9/16,3105,香港上海匯豐,8960,0,48,-48,0.16,10,sell
9/16,3105,群益金鼎,9100,516,427,89,0.3,11,buy
9/16,3105,群益金鼎-敦南,9101,35,80,-45,0.15,11,sell
9/16,3105,凱基-士林,9238,122,44,78,0.27,12,buy
9/16,3105,元大-北屯,0039003800390064,25,66,-41,0.14,12,sell
9/16,3105,美林,1440,459,394,65,0.22,13,buy
9/16,3105,統一-敦南,5852,16,54,-38,0.13,13,sell
9/16,3105,台新-松江,0039004200310035,77,13,64,0.22,14,buy
9/16,3105,大昌-新竹,6463,49,85,-36,0.12,14,sell
9/16,3105,國泰證券,8880,97,43,54,0.18,15,buy
9/16,3105,福勝,6950,36,69,-33,0.11,15,sell
9/16,2027,新加坡商瑞銀,1650,3548,950,2598,18.2,1,buy
9/16,2027,台灣摩根士丹利,1470,179,1805,-1626,11.39,1,sell
9/16,2027,凱基,9200,2676,185,2491,17.45,2,buy
9/16,2027,摩根大通,8440,958,2041,-1083,7.59,2,sell
9/16,2027,永豐金-匯立,0039004100380031,1027,0,1027,7.19,3,buy
9/16,2027,凱基-台北,9268,529,1275,-746,5.22,3,sell
9/16,2027,富邦證券,9600,243,0,243,1.7,4,buy
9/16,2027,兆豐證券,7000,25,565,-540,3.78,4,sell
9/16,2027,永豐金證券,0039004100300030,218,34,184,1.29,5,buy
9/16,2027,元大-龍潭,9858,4,366,-362,2.54,5,sell
9/16,2027,花旗環球,1590,194,48,146,1.02,6,buy
9/16,2027,元大-中壢,9834,2,328,-326,2.28,6,sell
9/16,2027,港商野村,1560,118,7,111,0.78,7,buy
9/16,2027,美林,1440,57,281,-224,1.57,7,sell
9/16,2027,中國信託-新竹,6165,100,3,97,0.68,8,buy
9/16,2027,美商高盛,1480,1073,1245,-172,1.2,8,sell
9/16,2027,富邦-中壢,9636,108,12,96,0.67,9,buy
9/16,2027,台新,0039004200300030,10,172,-162,1.13,9,sell
9/16,2027,法銀巴黎,8900,90,0,90,0.63,10,buy
9/16,2027,凱基-基隆,0039003200300048,5,155,-150,1.05,10,sell
9/16,2027,國票-敦北法人,0037003700390063,69,0,69,0.48,11,buy
9/16,2027,統一-南京,0035003800350055,3,117,-114,0.8,11,sell
9/16,2027,兆豐-員林,003700300030006b,69,0,69,0.48,12,buy
9/16,2027,陽信-台南,8714,0,90,-90,0.63,12,sell
9/16,2027,群益金鼎,9100,63,13,50,0.35,13,buy
9/16,2027,富邦-板橋,9655,7,94,-87,0.61,13,sell
9/16,2027,元大-長榮,0039003800390049,44,0,44,0.31,14,buy
9/16,2027,玉山-士林,0038003800340041,0,81,-81,0.57,14,sell
9/16,2027,口袋證券,6620,42,1,41,0.29,15,buy
9/16,2027,玉山-嘉義,8848,1,65,-64,0.45,15,sell
9/16,2855,永豐金證券,0039004100300030,1603,4,1599,34.83,1,buy
9/16,2855,富邦證券,9600,2,627,-625,13.61,1,sell
9/16,2855,玉山證券,8840,481,11,470,10.24,2,buy
9/16,2855,新加坡商瑞銀,1650,11,562,-551,12.0,2,sell
9/16,2855,台新,0039004200300030,211,2,209,4.55,3,buy
9/16,2855,凱基-台北,9268,325,579,-254,5.53,3,sell
9/16,2855,元大-南勢角,0039003800340045,94,0,94,2.05,4,buy
9/16,2855,台灣摩根士丹利,1470,144,392,-248,5.4,4,sell
9/16,2855,國泰-敦南,8888,83,30,53,1.15,5,buy
9/16,2855,美林,1440,25,230,-205,4.47,5,sell
9/16,2855,統一-中壢,5853,40,0,40,0.87,6,buy
9/16,2855,摩根大通,8440,62,234,-172,3.75,6,sell
9/16,2855,統一-屏東,5859,38,2,36,0.78,7,buy
9/16,2855,元大-和平,9863,0,130,-130,2.83,7,sell
9/16,2855,統一-台中,5856,32,0,32,0.7,8,buy
9/16,2855,元大-北港,9837,0,100,-100,2.18,8,sell
9/16,2855,富邦-斗六,0039003600320047,31,0,31,0.68,9,buy
9/16,2855,元大證券,9800,95,160,-65,1.42,9,sell
9/16,2855,群益金鼎-土城,003900310033004e,30,1,29,0.63,10,buy
9/16,2855,亞東-板橋,2181,0,51,-51,1.11,10,sell
9/16,2855,華南永昌-大安,9307,86,60,26,0.57,11,buy
9/16,2855,土銀-台南,1032,0,50,-50,1.09,11,sell
9/16,2855,富邦-陽明,9604,48,23,25,0.54,12,buy
9/16,2855,統一-台南,5855,7,56,-49,1.07,12,sell
9/16,2855,富邦-南員林,0039003600310052,23,0,23,0.5,13,buy
9/16,2855,美商高盛,1480,104,148,-44,0.96,13,sell
9/16,2855,華南永昌-嘉義,9314,23,0,23,0.5,14,buy
9/16,2855,花旗環球,1590,21,56,-35,0.76,14,sell
9/16,2855,元大-崇德,0039003800310053,25,5,20,0.44,15,buy
9/16,2855,臺銀,1040,1,31,-30,0.65,15,sell
9/16,1402,群益金鼎,9100,381,32,349,2.96,1,buy
9/16,1402,統一,5850,13,1909,-1896,16.1,1,sell
9/16,1402,臺銀-高雄,0031003000340043,325,5,320,2.72,2,buy
9/16,1402,大和國泰,8890,0,1020,-1020,8.66,2,sell
9/16,1402,國泰證券,8880,354,44,310,2.63,3,buy
9/16,1402,新加坡商瑞銀,1650,125,1137,-1012,8.59,3,sell
9/16,1402,玉山-高雄,8843,165,0,165,1.4,4,buy
9/16,1402,摩根大通,8440,428,1064,-636,5.4,4,sell
9/16,1402,台新,0039004200300030,143,0,143,1.21,5,buy
9/16,1402,元大-土城,9897,0,512,-512,4.35,5,sell
9/16,1402,臺銀,1040,136,0,136,1.15,6,buy
9/16,1402,美林,1440,35,493,-458,3.89,6,sell
9/16,1402,元大-高雄,003900380031006d,129,0,129,1.1,7,buy
9/16,1402,美商高盛,1480,433,765,-332,2.82,7,sell
9/16,1402,花旗環球,1590,195,81,114,0.97,8,buy
9/16,1402,凱基-台北,9268,558,818,-260,2.21,8,sell
9/16,1402,元大-雙和,9874,113,0,113,0.96,9,buy
9/16,1402,富邦-中壢,9636,10,241,-231,1.96,9,sell
9/16,1402,富邦-頭份,0039003600320050,112,0,112,0.95,10,buy
9/16,1402,凱基,9200,351,578,-227,1.93,10,sell
9/16,1402,群益金鼎-台南,9185,110,0,110,0.93,11,buy
9/16,1402,中國信託,6160,19,190,-171,1.45,11,sell
9/16,1402,大昌,6460,97,0,97,0.82,12,buy
9/16,1402,台灣摩根士丹利,1470,545,691,-146,1.24,12,sell
9/16,1402,統一-嘉義,5858,107,22,85,0.72,13,buy
9/16,1402,元大證券,9800,276,352,-76,0.65,13,sell
9/16,1402,兆豐-新營,003700300030004b,89,5,84,0.71,14,buy
9/16,1402,華南永昌-南京,9326,5,57,-52,0.44,14,sell
9/16,1402,元大-敦化,9833,82,0,82,0.7,15,buy
9/16,1402,中國信託-高雄,003600310036004b,21,70,-49,0.42,15,sell
9/16,3374,永豐金證券,0039004100300030,580,106,474,3.63,1,buy
9/16,3374,台灣摩根士丹利,1470,528,1996,-1468,11.26,1,sell
9/16,3374,美商高盛,1480,637,423,214,1.64,2,buy
9/16,3374,凱基-台北,9268,812,1235,-423,3.24,2,sell
9/16,3374,元大證券,9800,834,621,213,1.63,3,buy
9/16,3374,摩根大通,8440,85,472,-387,2.97,3,sell
9/16,3374,花旗環球,1590,112,0,112,0.86,4,buy
9/16,3374,新加坡商瑞銀,1650,196,567,-371,2.84,4,sell
9/16,3374,兆豐-大安,003700300030006a,106,13,93,0.71,5,buy
9/16,3374,凱基,9200,147,451,-304,2.33,5,sell
9/16,3374,群益金鼎-台北,0039003100380058,94,5,89,0.68,6,buy
9/16,3374,宏遠證券,1260,8,275,-267,2.05,6,sell
9/16,3374,中國信託,6160,132,50,82,0.63,7,buy
9/16,3374,國票-北高雄,003700370039004a,111,241,-130,1.0,7,sell
9/16,3374,統一-敦南,5852,91,15,76,0.58,8,buy
9/16,3374,台新-台北,0039004200320030,141,221,-80,0.61,8,sell
9/16,3374,康和,8450,75,0,75,0.58,9,buy
9/16,3374,國泰證券,8880,41,114,-73,0.56,9,sell
9/16,3374,統一,5850,145,85,60,0.46,10,buy
9/16,3374,美林,1440,118,174,-56,0.43,10,sell
9/16,3374,富邦-仁愛,9676,66,12,54,0.41,11,buy
9/16,3374,港商野村,1560,0,52,-52,0.4,11,sell
9/16,3374,台新-西松,003900420032006e,54,0,54,0.41,12,buy
9/16,3374,合庫證券,1020,18,49,-31,0.24,12,sell
9/16,3374,兆豐-民生,0037003000300063,55,2,53,0.41,13,buy
9/16,3374,國泰-板橋,003800380038004b,65,90,-25,0.19,13,sell
9/16,3374,富邦-嘉義,9692,106,55,51,0.39,14,buy
9/16,3374,凱基-市府,0039003200300044,3,23,-20,0.15,14,sell
9/16,3374,兆豐-北高雄,0037003000300049,62,13,49,0.38,15,buy
9/16,3374,元大-大里,0039003800310067,17,35,-18,0.14,15,sell
9/16,2481,美商高盛,1480,5283,1046,4237,6.81,1,buy
9/16,2481,國泰-敦南,8888,1528,2445,-917,1.47,1,sell
9/16,2481,元大證券,9800,9401,5394,4007,6.44,2,buy
9/16,2481,群益金鼎-忠孝,0039003100380057,13,324,-311,0.5,2,sell
9/16,2481,富邦證券,9600,3210,560,2650,4.26,3,buy
9/16,2481,國泰-台中,8882,180,416,-236,0.38,3,sell
9/16,2481,台新-台北,0039004200320030,2410,19,2391,3.84,4,buy
9/16,2481,國泰-板橋,003800380038004b,213,449,-236,0.38,4,sell
9/16,2481,凱基-站前,0039003200300046,2244,162,2082,3.35,5,buy
9/16,2481,台新-高雄,0039004200310067,140,368,-228,0.37,5,sell
9/16,2481,國票-安和,003700370039005a,1572,69,1503,2.42,6,buy
9/16,2481,統一-城中,5854,8,232,-224,0.36,6,sell
9/16,2481,新加坡商瑞銀,1650,1646,256,1390,2.23,7,buy
9/16,2481,新光-新竹,8563,121,333,-212,0.34,7,sell
9/16,2481,台灣摩根士丹利,1470,2510,1250,1260,2.03,8,buy
9/16,2481,永豐金-市政,0039004100390057,110,304,-194,0.31,8,sell
9/16,2481,摩根大通,8440,1961,1068,893,1.44,9,buy
9/16,2481,凱基-中壢,9285,23,203,-180,0.29,9,sell
9/16,2481,永豐金證券,0039004100300030,1292,408,884,1.42,10,buy
9/16,2481,第一金-台南,5384,15,194,-179,0.29,10,sell
9/16,2481,統一,5850,1005,170,835,1.34,11,buy
9/16,2481,國泰-館前,0038003800380041,106,279,-173,0.28,11,sell
9/16,2481,港商野村,1560,970,218,752,1.21,12,buy
9/16,2481,富邦-木柵,003900360031004d,125,284,-159,0.26,12,sell
9/16,2481,群益金鼎,9100,878,244,634,1.02,13,buy
9/16,2481,新光,8560,266,424,-158,0.25,13,sell
9/16,2481,花旗環球,1590,316,68,248,0.4,14,buy
9/16,2481,永豐金-台南,0039004100390068,98,247,-149,0.24,14,sell
9/16,2481,永豐金-豐原,0039004100390051,215,82,133,0.21,15,buy
9/16,2481,國泰-高雄,8881,222,361,-139,0.22,15,sell
9/16,2353,美商高盛,1480,4088,440,3648,20.22,1,buy
9/16,2353,國泰-敦南,8888,78,757,-679,3.76,1,sell
9/16,2353,凱基,9200,2270,318,1952,10.82,2,buy
9/16,2353,元大-桃園,0039003800380042,1,491,-490,2.72,2,sell
9/16,2353,永豐金證券,0039004100300030,2130,232,1898,10.52,3,buy
9/16,2353,華南永昌-古亭,9309,0,238,-238,1.32,3,sell
9/16,2353,台灣摩根士丹利,1470,2150,296,1854,10.28,4,buy
9/16,2353,美林,1440,135,364,-229,1.27,4,sell
9/16,2353,群益金鼎,9100,1021,17,1004,5.56,5,buy
9/16,2353,富邦-台中,003900360035004b,3,227,-224,1.24,5,sell
9/16,2353,新加坡商瑞銀,1650,833,8,825,4.57,6,buy
9/16,2353,永豐金-台南,0039004100390068,6,225,-219,1.21,6,sell
9/16,2353,元大證券,9800,702,385,317,1.76,7,buy
9/16,2353,聯邦-台南,8588,0,214,-214,1.19,7,sell
9/16,2353,中國信託-忠孝,6162,228,3,225,1.25,8,buy
9/16,2353,花旗環球,1590,362,573,-211,1.17,8,sell
9/16,2353,富邦-新營,9693,138,19,119,0.66,9,buy
9/16,2353,新光,8560,31,232,-201,1.11,9,sell
9/16,2353,香港上海匯豐,8960,72,16,56,0.31,10,buy
9/16,2353,(牛牛牛)亞-鑫豐,0036003000310064,0,194,-194,1.08,10,sell
9/16,2353,國票證券,7790,62,7,55,0.3,11,buy
9/16,2353,華南永昌,9300,0,172,-172,0.95,11,sell
9/16,2353,兆豐-桃鶯,0037003000300055,53,6,47,0.26,12,buy
9/16,2353,富邦證券,9600,173,339,-166,0.92,12,sell
9/16,2353,中國信託,6160,56,13,43,0.24,13,buy
9/16,2353,群益金鼎-彰化,9187,30,187,-157,0.87,13,sell
9/16,2353,光和-高雄,0036003300380044,43,0,43,0.24,14,buy
9/16,2353,元大-鳳山,003900380033005a,1,151,-150,0.83,14,sell
9/16,2353,元大-員林中山,9835,43,13,30,0.17,15,buy
9/16,2353,凱基-台北,9268,452,596,-144,0.8,15,sell
9/16,6147,凱基,9200,2582,11,2571,3.96,1,buy
9/16,6147,台灣摩根士丹利,1470,1445,6562,-5117,7.89,1,sell
9/16,6147,摩根大通,8440,5216,3517,1699,2.62,2,buy
9/16,6147,新加坡商瑞銀,1650,581,2116,-1535,2.37,2,sell
9/16,6147,永豐金證券,0039004100300030,1539,439,1100,1.7,3,buy
9/16,6147,美商高盛,1480,3304,4118,-814,1.26,3,sell
9/16,6147,富邦證券,9600,1637,599,1038,1.6,4,buy
9/16,6147,凱基-宜蘭,003900320030004d,13,531,-518,0.8,4,sell
9/16,6147,美林,1440,1549,529,1020,1.57,5,buy
9/16,6147,台新,0039004200300030,402,836,-434,0.67,5,sell
9/16,6147,國泰證券,8880,327,44,283,0.44,6,buy
9/16,6147,合庫證券,1020,41,373,-332,0.51,6,sell
9/16,6147,花旗環球,1590,276,40,236,0.36,7,buy
9/16,6147,群益金鼎,9100,546,862,-316,0.49,7,sell
9/16,6147,群益金鼎-台北,0039003100380058,204,5,199,0.31,8,buy
9/16,6147,統一,5850,226,507,-281,0.43,8,sell
9/16,6147,元大-敦化,9833,305,111,194,0.3,9,buy
9/16,6147,富邦-嘉義,9692,173,450,-277,0.43,9,sell
9/16,6147,永豐金-板新,003900410039004a,247,98,149,0.23,10,buy
9/16,6147,港商野村,1560,346,603,-257,0.4,10,sell
9/16,6147,兆豐-天母,003700300030004c,137,5,132,0.2,11,buy
9/16,6147,元大-大同,0039003800390047,33,163,-130,0.2,11,sell
9/16,6147,凱基-台北,9268,3762,3647,115,0.18,12,buy
9/16,6147,凱基-雙和,0039003200300043,10,117,-107,0.16,12,sell
9/16,6147,永豐金-內湖,0039004100390067,144,31,113,0.17,13,buy
9/16,6147,永豐金-中壢,0039004100390039,21,124,-103,0.16,13,sell
9/16,6147,國泰-敦南,8888,1987,1881,106,0.16,14,buy
9/16,6147,華南永昌-嘉義,9314,13,110,-97,0.15,14,sell
9/16,6147,永豐金-豐原,0039004100390051,123,26,97,0.15,15,buy
9/16,6147,台新-建北,0039004200310038,74,149,-75,0.12,15,sell
9/16,2344,美商高盛,1480,6353,1427,4926,6.02,1,buy
9/16,2344,摩根大通,8440,1726,4268,-2542,3.11,1,sell
9/16,2344,美林,1440,4200,247,3953,4.83,2,buy
9/16,2344,國泰-敦南,8888,2125,3040,-915,1.12,2,sell
9/16,2344,凱基-台北,9268,5834,2573,3261,3.99,3,buy
9/16,2344,富邦證券,9600,423,1114,-691,0.84,3,sell
9/16,2344,元大證券,9800,8753,5735,3018,3.69,4,buy
9/16,2344,元大-新生,0039003800310058,19,632,-613,0.75,4,sell
9/16,2344,新加坡商瑞銀,1650,4438,1896,2542,3.11,5,buy
9/16,2344,兆豐證券,7000,38,521,-483,0.59,5,sell
9/16,2344,花旗環球,1590,2451,99,2352,2.88,6,buy
9/16,2344,華南永昌-豐原,9366,57,371,-314,0.38,6,sell
9/16,2344,統一,5850,1432,154,1278,1.56,7,buy
9/16,2344,玉山-高雄,8843,111,417,-306,0.37,7,sell
9/16,2344,群益金鼎-潭子,0039003100330044,1022,44,978,1.2,8,buy
9/16,2344,美好-富順,003500320036004b,12,258,-246,0.3,8,sell
9/16,2344,港商野村,1560,909,174,735,0.9,9,buy
9/16,2344,元大-館前,003900380034004b,15,236,-221,0.27,9,sell
9/16,2344,台灣摩根士丹利,1470,5495,4769,726,0.89,10,buy
9/16,2344,新光,8560,414,635,-221,0.27,10,sell
9/16,2344,永豐金證券,0039004100300030,1038,440,598,0.73,11,buy
9/16,2344,永豐金-台南,0039004100390068,130,334,-204,0.25,11,sell
9/16,2344,法銀巴黎,8900,428,0,428,0.52,12,buy
9/16,2344,國泰-板橋,003800380038004b,316,477,-161,0.2,12,sell
9/16,2344,群益金鼎-台北,0039003100380058,318,19,299,0.37,13,buy
9/16,2344,國泰-桃園,8885,154,312,-158,0.19,13,sell
9/16,2344,群益金鼎,9100,1202,939,263,0.32,14,buy
9/16,2344,富邦-台南,9667,50,208,-158,0.19,14,sell
9/16,2344,統一-城中,5854,333,81,252,0.31,15,buy
9/16,2344,凱基-大直,9218,41,190,-149,0.18,15,sell
9/16,3293,合庫證券,1020,261,0,261,22.16,1,buy
9/16,3293,港商野村,1560,3,82,-79,6.71,1,sell
9/16,3293,台灣摩根士丹利,1470,164,122,42,3.57,2,buy
9/16,3293,土銀-彰化,0031003000330042,4,30,-26,2.21,2,sell
9/16,3293,群益金鼎,9100,43,3,40,3.4,3,buy
9/16,3293,國泰-敦南,8888,10,35,-25,2.12,3,sell
9/16,3293,摩根大通,8440,137,104,33,2.8,4,buy
9/16,3293,美商高盛,1480,76,99,-23,1.95,4,sell
9/16,3293,新加坡商瑞銀,1650,81,52,29,2.46,5,buy
9/16,3293,元大證券,9800,16,39,-23,1.95,5,sell
9/16,3293,凱基-台北,9268,109,88,21,1.78,6,buy
9/16,3293,香港上海匯豐,8960,0,11,-11,0.93,6,sell
9/16,3293,美林,1440,42,25,17,1.44,7,buy
9/16,3293,中國信託,6160,3,14,-11,0.93,7,sell
9/16,3293,元大-內湖,003900380039004e,10,0,10,0.85,8,buy
9/16,3293,兆豐-公益,003700300030004a,0,8,-8,0.68,8,sell
9/16,3293,花旗環球,1590,11,2,9,0.76,9,buy
9/16,3293,統一-南京,0035003800350055,0,8,-8,0.68,9,sell
9/16,3293,元大-天母,0039003800310049,9,1,8,0.68,10,buy
9/16,3293,富邦-台北,9623,0,7,-7,0.59,10,sell
9/16,3293,永豐金證券,0039004100300030,11,6,5,0.42,11,buy
9/16,3293,華南永昌-長虹,9333,0,7,-7,0.59,11,sell
9/16,3293,台新-松德,0039004200320061,4,0,4,0.34,12,buy
9/16,3293,凱基-市府,0039003200300044,0,6,-6,0.51,12,sell
9/16,3293,元大-北投,0039003800390041,5,1,4,0.34,13,buy
9/16,3293,台新-高雄,0039004200310067,0,6,-6,0.51,13,sell
9/16,3293,玉山-板橋,8846,3,0,3,0.25,14,buy
9/16,3293,富邦-永和,9654,1,7,-6,0.51,14,sell
9/16,3293,富邦-竹北,9624,2,0,2,0.17,15,buy
9/16,3293,元大-福營,0039003800310046,0,6,-6,0.51,15,sell
9/16,6274,摩根大通,8440,666,174,492,6.89,1,buy
9/16,6274,台灣摩根士丹利,1470,330,535,-205,2.87,1,sell
9/16,6274,凱基-台北,9268,500,323,177,2.48,2,buy
9/16,6274,台新,0039004200300030,34,167,-133,1.86,2,sell
9/16,6274,國泰證券,8880,178,12,166,2.32,3,buy
9/16,6274,美商高盛,1480,626,752,-126,1.76,3,sell
9/16,6274,富邦證券,9600,259,178,81,1.13,4,buy
9/16,6274,新加坡商瑞銀,1650,136,219,-83,1.16,4,sell
9/16,6274,美林,1440,128,59,69,0.97,5,buy
9/16,6274,兆豐證券,7000,8,74,-66,0.92,5,sell
9/16,6274,國票-天祥,0037003700390056,63,3,60,0.84,6,buy
9/16,6274,元大證券,9800,554,606,-52,0.73,6,sell
9/16,6274,富邦-南京,0039003600310043,54,7,47,0.66,7,buy
9/16,6274,國票-敦北法人,0037003700390063,1,41,-40,0.56,7,sell
9/16,6274,華南永昌,9300,71,35,36,0.5,8,buy
9/16,6274,國泰-敦南,8888,117,146,-29,0.41,8,sell
9/16,6274,凱基-城中,9227,38,2,36,0.5,9,buy
9/16,6274,元大-敦化,9833,50,78,-28,0.39,9,sell
9/16,6274,花旗環球,1590,47,12,35,0.49,10,buy
9/16,6274,聯邦證券,8580,1,26,-25,0.35,10,sell
9/16,6274,港商野村,1560,108,73,35,0.49,11,buy
9/16,6274,凱基,9200,41,65,-24,0.34,11,sell
9/16,6274,群益金鼎,9100,46,15,31,0.43,12,buy
9/16,6274,港商麥格理,1360,0,23,-23,0.32,12,sell
9/16,6274,永豐金證券,0039004100300030,134,105,29,0.41,13,buy
9/16,6274,凱基-高雄,9206,12,35,-23,0.32,13,sell
9/16,6274,統一,5850,91,63,28,0.39,14,buy
9/16,6274,玉山證券,8840,10,32,-22,0.31,14,sell
9/16,6274,元大-新生,0039003800310058,22,3,19,0.27,15,buy
9/16,6274,富邦-新板,0039003600310048,6,25,-19,0.27,15,sell
9/16,2408,元大證券,9800,4312,2388,1924,5.28,1,buy
9/16,2408,永豐金證券,0039004100300030,318,1214,-896,2.46,1,sell
9/16,2408,美林,1440,1239,145,1094,3.0,2,buy
9/16,2408,國泰-敦南,8888,926,1296,-370,1.02,2,sell
9/16,2408,台灣摩根士丹利,1470,3421,2419,1002,2.75,3,buy
9/16,2408,台新,0039004200300030,224,555,-331,0.91,3,sell
9/16,2408,新加坡商瑞銀,1650,1385,414,971,2.66,4,buy
9/16,2408,新光,8560,331,538,-207,0.57,4,sell
9/16,2408,美商高盛,1480,1841,974,867,2.38,5,buy
9/16,2408,康和-新竹,8456,40,217,-177,0.49,5,sell
9/16,2408,凱基,9200,810,0,810,2.22,6,buy
9/16,2408,大和國泰,8890,0,160,-160,0.44,6,sell
9/16,2408,凱基-台北,9268,1560,908,652,1.79,7,buy
9/16,2408,元大-敦南,0039003800390050,15,131,-116,0.32,7,sell
9/16,2408,富邦證券,9600,585,33,552,1.51,8,buy
9/16,2408,兆豐-城中,0037003000300057,7,115,-108,0.3,8,sell
9/16,2408,統一,5850,812,273,539,1.48,9,buy
9/16,2408,元大-南投,0039003800310044,26,119,-93,0.26,9,sell
9/16,2408,摩根大通,8440,780,515,265,0.73,10,buy
9/16,2408,兆豐-嘉義,7001,18,94,-76,0.21,10,sell
9/16,2408,港商野村,1560,334,77,257,0.71,11,buy
9/16,2408,永豐金-桃盛,003900410039004e,16,91,-75,0.21,11,sell
9/16,2408,第一金-高雄,5383,174,18,156,0.43,12,buy
9/16,2408,台新-建北,0039004200310038,30,97,-67,0.18,12,sell
9/16,2408,花旗環球,1590,507,411,96,0.26,13,buy
9/16,2408,凱基-長庚,9233,23,89,-66,0.18,13,sell
9/16,2408,第一金-自由,0035003300380045,115,41,74,0.2,14,buy
9/16,2408,富邦-仁愛,9676,26,89,-63,0.17,14,sell
9/16,2408,兆豐-天母,003700300030004c,89,18,71,0.19,15,buy
9/16,2408,華南永昌-大安,9307,7,70,-63,0.17,15,sell
9/16,6005,凱基,9200,805,0,805,8.25,1,buy
9/16,6005,富邦證券,9600,70,3247,-3177,32.56,1,sell
9/16,6005,統一-南京,0035003800350055,301,0,301,3.09,2,buy
9/16,6005,玉山證券,8840,8,497,-489,5.01,2,sell
9/16,6005,新光,8560,193,34,159,1.63,3,buy
9/16,6005,台新,0039004200300030,93,453,-360,3.69,3,sell
9/16,6005,美商高盛,1480,789,646,143,1.47,4,buy
9/16,6005,元大-大同,0039003800390047,11,318,-307,3.15,4,sell
9/16,6005,美林,1440,170,33,137,1.4,5,buy
9/16,6005,港商野村,1560,3,273,-270,2.77,5,sell
9/16,6005,元大-四維,9831,124,5,119,1.22,6,buy
9/16,6005,元大-和平,9863,0,190,-190,1.95,6,sell
9/16,6005,凱基-台南,9211,115,3,112,1.15,7,buy
9/16,6005,摩根大通,8440,279,453,-174,1.78,7,sell
9/16,6005,富邦-永康,003900360031005a,102,0,102,1.05,8,buy
9/16,6005,花旗環球,1590,100,211,-111,1.14,8,sell
9/16,6005,國泰-敦南,8888,119,42,77,0.79,9,buy
9/16,6005,華南永昌-長虹,9333,3,110,-107,1.1,9,sell
9/16,6005,凱基-嘉義,9252,71,0,71,0.73,10,buy
9/16,6005,元大證券,9800,239,343,-104,1.07,10,sell
9/16,6005,玉山-高雄,8843,113,42,71,0.73,11,buy
9/16,6005,國泰-新莊,8886,42,118,-76,0.78,11,sell
9/16,6005,元大-台北,0039003800300068,63,1,62,0.64,12,buy
9/16,6005,台灣摩根士丹利,1470,293,363,-70,0.72,12,sell
9/16,6005,玉山-台中,0038003800340042,65,3,62,0.64,13,buy
9/16,6005,台新-西松,003900420032006e,5,59,-54,0.55,13,sell
9/16,6005,新加坡商瑞銀,1650,182,120,62,0.64,14,buy
9/16,6005,富邦-港都,0039003600320051,3,54,-51,0.52,14,sell
9/16,6005,富邦-新竹,9647,61,1,60,0.62,15,buy
9/16,6005,法銀巴黎,8900,0,48,-48,0.49,15,sell
9/16,2637,台灣摩根士丹利,1470,1433,143,1290,17.87,1,buy
9/16,2637,台新-台北,0039004200320030,0,282,-282,3.91,1,sell
9/16,2637,新加坡商瑞銀,1650,931,91,840,11.63,2,buy
9/16,2637,中國信託,6160,5,278,-273,3.78,2,sell
9/16,2637,港商麥格理,1360,286,0,286,3.96,3,buy
9/16,2637,第一金,5380,11,159,-148,2.05,3,sell
9/16,2637,凱基-台北,9268,741,460,281,3.89,4,buy
9/16,2637,國票-敦北法人,0037003700390063,0,110,-110,1.52,4,sell
9/16,2637,美商高盛,1480,760,570,190,2.63,5,buy
9/16,2637,富邦證券,9600,24,111,-87,1.2,5,sell
9/16,2637,摩根大通,8440,355,180,175,2.42,6,buy
9/16,2637,台新-高雄,0039004200310067,5,76,-71,0.98,6,sell
9/16,2637,統一-南京,0035003800350055,89,1,88,1.22,7,buy
9/16,2637,統一-屏東,5859,0,62,-62,0.86,7,sell
9/16,2637,美林,1440,59,15,44,0.61,8,buy
9/16,2637,統一-內湖,0035003800350062,0,60,-60,0.83,8,sell
9/16,2637,凱基,9200,41,8,33,0.46,9,buy
9/16,2637,元大-大雅,0039003800330069,1,52,-51,0.71,9,sell
9/16,2637,統一-三重,003500380035004a,94,61,33,0.46,10,buy
9/16,2637,凱基-林口,9257,16,62,-46,0.64,10,sell
9/16,2637,花旗環球,1590,101,74,27,0.37,11,buy
9/16,2637,國泰-敦南,8888,45,90,-45,0.62,11,sell
9/16,2637,永豐金-潮州,0039004100390071,27,1,26,0.36,12,buy
9/16,2637,富邦-高雄,9659,2,46,-44,0.61,12,sell
9/16,2637,華南永昌,9300,33,9,24,0.33,13,buy
9/16,2637,元大-頭份,0039003800330055,4,47,-43,0.6,13,sell
9/16,2637,港商野村,1560,20,0,20,0.28,14,buy
9/16,2637,新光,8560,14,56,-42,0.58,14,sell
9/16,2637,玉山-新莊,8842,19,1,18,0.25,15,buy
9/16,2637,土銀-白河,0031003000330043,40,81,-41,0.57,15,sell
9/16,2337,台灣摩根士丹利,1470,4024,645,3379,15.84,1,buy
9/16,2337,永豐金-匯立,0039004100380031,3,1344,-1341,6.29,1,sell
9/16,2337,港商野村,1560,1059,2,1057,4.95,2,buy
9/16,2337,國泰證券,8880,222,1210,-988,4.63,2,sell
9/16,2337,美商高盛,1480,1648,855,793,3.72,3,buy
9/16,2337,元大-新生,0039003800310058,0,402,-402,1.88,3,sell
9/16,2337,凱基-台北,9268,1919,1231,688,3.22,4,buy
9/16,2337,元大證券,9800,1429,1645,-216,1.01,4,sell
9/16,2337,新加坡商瑞銀,1650,1289,778,511,2.4,5,buy
9/16,2337,國泰-敦南,8888,399,599,-200,0.94,5,sell
9/16,2337,花旗環球,1590,356,23,333,1.56,6,buy
9/16,2337,兆豐-南京,0037003000300050,0,175,-175,0.82,6,sell
9/16,2337,美林,1440,370,94,276,1.29,7,buy
9/16,2337,富邦-公益,0039003600310046,9,168,-159,0.75,7,sell
9/16,2337,元大-大天母,9893,130,6,124,0.58,8,buy
9/16,2337,永豐金-竹科,0039004100390058,55,185,-130,0.61,8,sell
9/16,2337,中國信託-文心,6164,132,8,124,0.58,9,buy
9/16,2337,摩根大通,8440,772,881,-109,0.51,9,sell
9/16,2337,富邦證券,9600,91,4,87,0.41,10,buy
9/16,2337,富邦-南京,0039003600310043,16,117,-101,0.47,10,sell
9/16,2337,元大-豐原,9838,82,18,64,0.3,11,buy
9/16,2337,台新-台北,0039004200320030,2,101,-99,0.46,11,sell
9/16,2337,台新,0039004200300030,184,120,64,0.3,12,buy
9/16,2337,元大-復北,9872,2,69,-67,0.31,12,sell
9/16,2337,兆豐-桃鶯,0037003000300055,68,12,56,0.26,13,buy
9/16,2337,富邦-永康,003900360031005a,1,66,-65,0.3,13,sell
9/16,2337,群益金鼎-永和,003900310038004a,78,25,53,0.25,14,buy
9/16,2337,玉山-城中,0038003800340045,4,66,-62,0.29,14,sell
9/16,2337,凱基,9200,50,0,50,0.23,15,buy
9/16,2337,高橋-龍潭,5321,6,67,-61,0.29,15,sell
9/16,2472,美商高盛,1480,292,59,233,14.34,1,buy
9/16,2472,永豐金證券,0039004100300030,7,516,-509,31.32,1,sell
9/16,2472,凱基-台北,9268,189,58,131,8.06,2,buy
9/16,2472,凱基-土城,003900320031004a,10,30,-20,1.23,2,sell
9/16,2472,美林,1440,113,5,108,6.65,3,buy
9/16,2472,群益金鼎-敦南,9101,0,14,-14,0.86,3,sell
9/16,2472,摩根大通,8440,51,21,30,1.85,4,buy
9/16,2472,兆豐-寶成,0037003000300072,0,12,-12,0.74,4,sell
9/16,2472,新加坡商瑞銀,1650,72,51,21,1.29,5,buy
9/16,2472,富邦-員林,9672,0,10,-10,0.62,5,sell
9/16,2472,臺銀-高雄,0031003000340043,12,1,11,0.68,6,buy
9/16,2472,第一金-華江,0035003300380057,1,11,-10,0.62,6,sell
9/16,2472,台灣摩根士丹利,1470,129,118,11,0.68,7,buy
9/16,2472,富邦-陽明,9604,0,10,-10,0.62,7,sell
9/16,2472,元大-南投,0039003800310044,11,1,10,0.62,8,buy
9/16,2472,國泰-敦南,8888,20,29,-9,0.55,8,sell
9/16,2472,玉山-新竹,0038003800340048,7,0,7,0.43,9,buy
9/16,2472,群益金鼎,9100,4,11,-7,0.43,9,sell
9/16,2472,元大-雙和,9874,12,6,6,0.37,10,buy
9/16,2472,元大-台中中港,0039003800390042,0,6,-6,0.37,10,sell
9/16,2472,兆豐-南京,0037003000300050,6,0,6,0.37,11,buy
9/16,2472,元大-三重,0039003800380043,1,6,-5,0.31,11,sell
9/16,2472,國票-南京,003700370039006e,6,1,5,0.31,12,buy
9/16,2472,凱基-高美館,9215,4,9,-5,0.31,12,sell
9/16,2472,群益金鼎-海山,9108,5,0,5,0.31,13,buy
9/16,2472,元大-大雅,0039003800330069,1,5,-4,0.25,13,sell
9/16,2472,凱基-高雄,9206,5,0,5,0.31,14,buy
9/16,2472,元大-博愛,0039003800320042,0,4,-4,0.25,14,sell
9/16,2472,永豐金-彰化,0039004100390073,5,1,4,0.25,15,buy
9/16,2472,華南永昌,9300,0,4,-4,0.25,15,sell
9/16,3211,統一,5850,124,13,111,4.21,1,buy
9/16,3211,台灣摩根士丹利,1470,14,247,-233,8.85,1,sell
9/16,3211,新加坡商瑞銀,1650,100,2,98,3.72,2,buy
9/16,3211,華南永昌,9300,4,155,-151,5.73,2,sell
9/16,3211,群益金鼎-中壢,0039003100380041,63,5,58,2.2,3,buy
9/16,3211,國票-天祥,0037003700390056,0,50,-50,1.9,3,sell
9/16,3211,富邦證券,9600,71,14,57,2.16,4,buy
9/16,3211,摩根大通,8440,3,48,-45,1.71,4,sell
9/16,3211,元大證券,9800,141,112,29,1.1,5,buy
9/16,3211,永豐金證券,0039004100300030,62,100,-38,1.44,5,sell
9/16,3211,華南永昌-林口,9317,16,3,13,0.49,6,buy
9/16,3211,元大-西屯,0039003800300077,4,23,-19,0.72,6,sell
9/16,3211,元大-台南,9896,14,1,13,0.49,7,buy
9/16,3211,統一-仁愛,0035003800350063,1,16,-15,0.57,7,sell
9/16,3211,群益金鼎-建成,003900310038004c,15,3,12,0.46,8,buy
9/16,3211,德信,6910,0,15,-15,0.57,8,sell
9/16,3211,永豐金-桃園,0039004100390078,15,3,12,0.46,9,buy
9/16,3211,美林,1440,8,20,-12,0.46,9,sell
9/16,3211,台新,0039004200300030,38,26,12,0.46,10,buy
9/16,3211,國泰-忠孝,8887,3,11,-8,0.3,10,sell
9/16,3211,康和-台中,8455,10,0,10,0.38,11,buy
9/16,3211,玉山-新莊,8842,7,15,-8,0.3,11,sell
9/16,3211,台新-西松,003900420032006e,10,0,10,0.38,12,buy
9/16,3211,華南永昌-世貿,9334,1,8,-7,0.27,12,sell
9/16,3211,凱基,9200,11,1,10,0.38,13,buy
9/16,3211,富邦-建國,9658,8,15,-7,0.27,13,sell
9/16,3211,聯邦-台南,8588,10,0,10,0.38,14,buy
9/16,3211,元大-復北,9872,0,6,-6,0.23,14,sell
9/16,3211,永豐金-新莊,0039004100390048,12,2,10,0.38,15,buy
9/16,3211,元大-斗六,0039003800300043,1,6,-5,0.19,15,sell
9/16,3264,美商高盛,1480,412,120,292,8.2,1,buy
9/16,3264,摩根大通,8440,18,821,-803,22.56,1,sell
9/16,3264,台灣摩根士丹利,1470,247,66,181,5.09,2,buy
9/16,3264,法銀巴黎,8900,4,271,-267,7.5,2,sell
9/16,3264,美林,1440,179,7,172,4.83,3,buy
9/16,3264,統一,5850,17,180,-163,4.58,3,sell
9/16,3264,凱基-台北,9268,305,214,91,2.56,4,buy
9/16,3264,新加坡商瑞銀,1650,12,107,-95,2.67,4,sell
9/16,3264,元大-仁愛,003900380033006a,52,0,52,1.46,5,buy
9/16,3264,宏遠-民生,1261,1,77,-76,2.14,5,sell
9/16,3264,永豐金-桃園,0039004100390078,49,7,42,1.18,6,buy
9/16,3264,富邦證券,9600,26,101,-75,2.11,6,sell
9/16,3264,元大-四維,9831,37,0,37,1.04,7,buy
9/16,3264,元大證券,9800,135,201,-66,1.85,7,sell
9/16,3264,群益金鼎,9100,62,27,35,0.98,8,buy
9/16,3264,永豐金證券,0039004100300030,23,88,-65,1.83,8,sell
9/16,3264,國泰證券,8880,33,0,33,0.93,9,buy
9/16,3264,凱基,9200,60,102,-42,1.18,9,sell
9/16,3264,元大-佳里,0039003800310065,35,4,31,0.87,10,buy
9/16,3264,港商野村,1560,0,40,-40,1.12,10,sell
9/16,3264,元大-竹北,0039003800310042,25,2,23,0.65,11,buy
9/16,3264,統一-新台中,0035003800350044,3,40,-37,1.04,11,sell
9/16,3264,第一金-高雄,5383,23,1,22,0.62,12,buy
9/16,3264,凱基-五股,0039003200310047,2,32,-30,0.84,12,sell
9/16,3264,富邦-建國,9658,17,2,15,0.42,13,buy
9/16,3264,兆豐-南京,0037003000300050,0,20,-20,0.56,13,sell
9/16,3264,國泰-台中,8882,20,6,14,0.39,14,buy
9/16,3264,凱基-城中,9227,0,20,-20,0.56,14,sell
9/16,3264,元大-台北,0039003800300068,15,3,12,0.34,15,buy
9/16,3264,元大-南京,9862,23,40,-17,0.48,15,sell
9/16,8046,美商高盛,1480,916,540,376,4.73,1,buy
9/16,8046,摩根大通,8440,117,348,-231,2.9,1,sell
9/16,8046,富邦證券,9600,387,68,319,4.01,2,buy
9/16,8046,台灣摩根士丹利,1470,224,444,-220,2.77,2,sell
9/16,8046,元大證券,9800,582,412,170,2.14,3,buy
9/16,8046,美林,1440,248,442,-194,2.44,3,sell
9/16,8046,花旗環球,1590,117,10,107,1.35,4,buy
9/16,8046,永豐金證券,0039004100300030,174,321,-147,1.85,4,sell
9/16,8046,新加坡商瑞銀,1650,357,255,102,1.28,5,buy
9/16,8046,中國信託,6160,98,217,-119,1.5,5,sell
9/16,8046,統一,5850,139,37,102,1.28,6,buy
9/16,8046,凱基-台北,9268,501,548,-47,0.59,6,sell
9/16,8046,凱基,9200,87,17,70,0.88,7,buy
9/16,8046,富邦-永和,9654,57,90,-33,0.41,7,sell
9/16,8046,凱基-站前,0039003200300046,45,11,34,0.43,8,buy
9/16,8046,國泰-敦南,8888,305,334,-29,0.36,8,sell
9/16,8046,華南永昌,9300,81,52,29,0.36,9,buy
9/16,8046,元大-中山北路,0039003800300061,6,33,-27,0.34,9,sell
9/16,8046,港商野村,1560,123,97,26,0.33,10,buy
9/16,8046,港商麥格理,1360,14,39,-25,0.31,10,sell
9/16,8046,華南永昌-竹北,9339,22,2,20,0.25,11,buy
9/16,8046,國泰-松江,8883,3,24,-21,0.26,11,sell
9/16,8046,台新-建北,0039004200310038,22,3,19,0.24,12,buy
9/16,8046,永興,5600,3,22,-19,0.24,12,sell
9/16,8046,富邦-台北,9623,38,20,18,0.23,13,buy
9/16,8046,國泰證券,8880,28,43,-15,0.19,13,sell
9/16,8046,群益金鼎,9100,34,18,16,0.2,14,buy
9/16,8046,元大-板橋,0039003800390043,7,20,-13,0.16,14,sell
9/16,8046,台新,0039004200300030,95,80,15,0.19,15,buy
9/16,8046,兆豐-岡山,0037003000300073,0,12,-12,0.15,15,sell
9/16,6449,台灣摩根士丹利,1470,67,13,54,12.16,1,buy
9/16,6449,玉山-高雄,8843,0,55,-55,12.39,1,sell
9/16,6449,華南永昌-高雄,9303,28,0,28,6.31,2,buy
9/16,6449,新加坡商瑞銀,1650,14,25,-11,2.48,2,sell
9/16,6449,美商高盛,1480,51,33,18,4.05,3,buy
9/16,6449,兆豐-高雄,003700300030005a,0,10,-10,2.25,3,sell
9/16,6449,群益金鼎,9100,21,6,15,3.38,4,buy
9/16,6449,元大-北港,9837,0,9,-9,2.03,4,sell
9/16,6449,凱基-站前,0039003200300046,10,0,10,2.25,5,buy
9/16,6449,富邦-桃園,9665,6,15,-9,2.03,5,sell
9/16,6449,美林,1440,21,12,9,2.03,6,buy
9/16,6449,國票證券,7790,5,14,-9,2.03,6,sell
9/16,6449,富邦-高雄,9659,6,0,6,1.35,7,buy
9/16,6449,新光,8560,3,11,-8,1.8,7,sell
9/16,6449,兆豐-寶成,0037003000300072,5,0,5,1.13,8,buy
9/16,6449,土銀-台南,1032,0,6,-6,1.35,8,sell
9/16,6449,玉山證券,8840,6,2,4,0.9,9,buy
9/16,6449,兆豐-台中,7003,0,6,-6,1.35,9,sell
9/16,6449,合庫-嘉義,1024,4,0,4,0.9,10,buy
9/16,6449,(牛牛牛)亞-鑫豐,0036003000310064,0,5,-5,1.13,10,sell
9/16,6449,國泰-敦南,8888,13,10,3,0.68,11,buy
9/16,6449,花旗環球,1590,0,3,-3,0.68,11,sell
9/16,6449,玉山-板橋,8846,3,0,3,0.68,12,buy
9/16,6449,元大-中壢,9834,0,3,-3,0.68,12,sell
9/16,6449,富邦-新竹,9647,3,0,3,0.68,13,buy
9/16,6449,元大-內湖,003900380039004e,0,2,-2,0.45,13,sell
9/16,6449,元大-新店中正,0039003800340043,3,0,3,0.68,14,buy
9/16,6449,合庫證券,1020,0,2,-2,0.45,14,sell
9/16,6449,摩根大通,8440,13,10,3,0.68,15,buy
9/16,6449,大昌-新店,6464,0,2,-2,0.45,15,sell
9/16,2492,凱基-台北,9268,1733,802,931,6.16,1,buy
9/16,2492,新加坡商瑞銀,1650,201,734,-533,3.53,1,sell
9/16,2492,台灣摩根士丹利,1470,1042,401,641,4.24,2,buy
9/16,2492,元大證券,9800,631,1144,-513,3.4,2,sell
9/16,2492,美林,1440,325,85,240,1.59,3,buy
9/16,2492,富邦證券,9600,120,514,-394,2.61,3,sell
9/16,2492,兆豐證券,7000,221,6,215,1.42,4,buy
9/16,2492,永豐金證券,0039004100300030,92,482,-390,2.58,4,sell
9/16,2492,花旗環球,1590,128,15,113,0.75,5,buy
9/16,2492,康和,8450,7,302,-295,1.95,5,sell
9/16,2492,康和-台中,8455,118,14,104,0.69,6,buy
9/16,2492,國票-敦北法人,0037003700390063,3,253,-250,1.66,6,sell
9/16,2492,元大-福營,0039003800310046,100,13,87,0.58,7,buy
9/16,2492,永豐金-信義,0039004100390052,8,208,-200,1.32,7,sell
9/16,2492,凱基-嘉義,9252,88,6,82,0.54,8,buy
9/16,2492,摩根大通,8440,527,690,-163,1.08,8,sell
9/16,2492,元大-博愛,0039003800320042,82,9,73,0.48,9,buy
9/16,2492,美商高盛,1480,717,868,-151,1.0,9,sell
9/16,2492,港商野村,1560,70,0,70,0.46,10,buy
9/16,2492,台新,0039004200300030,116,224,-108,0.72,10,sell
9/16,2492,華南永昌-南京,9326,125,76,49,0.32,11,buy
9/16,2492,永豐金-桃盛,003900410039004e,11,66,-55,0.36,11,sell
9/16,2492,富邦-新店,9661,61,12,49,0.32,12,buy
9/16,2492,中國信託,6160,41,95,-54,0.36,12,sell
9/16,2492,群益金鼎-中港,9138,49,5,44,0.29,13,buy
9/16,2492,富邦-南京,0039003600310043,13,61,-48,0.32,13,sell
9/16,2492,法銀巴黎,8900,43,0,43,0.28,14,buy
9/16,2492,富邦-台北,9623,23,67,-44,0.29,14,sell
9/16,2492,安泰,8380,42,5,37,0.24,15,buy
9/16,2492,中國信託-忠孝,6162,23,51,-28,0.19,15,sell
9/16,9945,玉山證券,8840,562,3,559,13.76,1,buy
9/16,9945,新光-新竹,8563,0,477,-477,11.74,1,sell
9/16,9945,台灣摩根士丹利,1470,455,130,325,8.0,2,buy
9/16,9945,美林,1440,21,312,-291,7.16,2,sell
9/16,9945,國票證券,7790,182,2,180,4.43,3,buy
9/16,9945,港商野村,1560,56,168,-112,2.76,3,sell
9/16,9945,新加坡商瑞銀,1650,201,82,119,2.93,4,buy
9/16,9945,台新-同大,0039004200320050,0,105,-105,2.58,4,sell
9/16,9945,元大證券,9800,165,53,112,2.76,5,buy
9/16,9945,群益金鼎-竹南,0039003100380069,6,74,-68,1.67,5,sell
9/16,9945,凱基-台北,9268,323,227,96,2.36,6,buy
9/16,9945,美好-苗栗,5265,0,49,-49,1.21,6,sell
9/16,9945,元大-中山北路,0039003800300061,50,0,50,1.23,7,buy
9/16,9945,統一-東湖,0035003800350052,1,48,-47,1.16,7,sell
9/16,9945,花旗環球,1590,97,52,45,1.11,8,buy
9/16,9945,摩根大通,8440,259,305,-46,1.13,8,sell
9/16,9945,群益金鼎-高盛,9105,36,0,36,0.89,9,buy
9/16,9945,富邦-仁愛,9676,13,56,-43,1.06,9,sell
9/16,9945,永豐金證券,0039004100300030,49,16,33,0.81,10,buy
9/16,9945,第一金-中壢,0035003300380059,10,47,-37,0.91,10,sell
9/16,9945,富邦-敦南,9663,25,0,25,0.62,11,buy
9/16,9945,元大-東泰,9817,1,37,-36,0.89,11,sell
9/16,9945,統一-三重,003500380035004a,30,10,20,0.49,12,buy
9/16,9945,永豐金-敦北,0039004100380039,0,34,-34,0.84,12,sell
9/16,9945,凱基-台中,9204,20,0,20,0.49,13,buy
9/16,9945,元大-汐止,0039003800390051,3,36,-33,0.81,13,sell
9/16,9945,華南永昌-大安,9307,30,10,20,0.49,14,buy
9/16,9945,富邦-板橋,9655,0,30,-30,0.74,14,sell
9/16,9945,元大-仁愛,003900380033006a,20,0,20,0.49,15,buy
9/16,9945,永豐金-中正,0039004100390055,1,30,-29,0.71,15,sell
9/16,6213,元大證券,9800,1926,936,990,4.65,1,buy
9/16,6213,台灣摩根士丹利,1470,1051,1709,-658,3.09,1,sell
9/16,6213,摩根大通,8440,1274,863,411,1.93,2,buy
9/16,6213,陽信-石牌,8711,13,446,-433,2.03,2,sell
9/16,6213,美商高盛,1480,890,634,256,1.2,3,buy
9/16,6213,凱基-台北,9268,1281,1605,-324,1.52,3,sell
9/16,6213,兆豐證券,7000,227,2,225,1.06,4,buy
9/16,6213,美林,1440,258,408,-150,0.7,4,sell
9/16,6213,永豐金-匯立,0039004100380031,156,0,156,0.73,5,buy
9/16,6213,港商野村,1560,38,155,-117,0.55,5,sell
9/16,6213,花旗環球,1590,166,33,133,0.63,6,buy
9/16,6213,富邦證券,9600,265,368,-103,0.48,6,sell
9/16,6213,兆豐-鹿港,0037003000300066,103,4,99,0.47,7,buy
9/16,6213,永豐金證券,0039004100300030,271,368,-97,0.46,7,sell
9/16,6213,永豐金-松山,0039004100390031,119,27,92,0.43,8,buy
9/16,6213,元大-內湖,003900380039004e,33,123,-90,0.42,8,sell
9/16,6213,中國信託,6160,155,63,92,0.43,9,buy
9/16,6213,國泰-敦南,8888,551,633,-82,0.39,9,sell
9/16,6213,台新,0039004200300030,278,205,73,0.34,10,buy
9/16,6213,元大-中山北路,0039003800300061,16,69,-53,0.25,10,sell
9/16,6213,富邦-青埔,003900360031004e,104,36,68,0.32,11,buy
9/16,6213,永豐金-南京,0039004100390053,13,65,-52,0.24,11,sell
9/16,6213,港商麥格理,1360,65,0,65,0.31,12,buy
9/16,6213,富邦-中壢,9636,35,85,-50,0.23,12,sell
9/16,6213,凱基-彰化,0039003200300047,72,9,63,0.3,13,buy
9/16,6213,永豐金-忠孝,0039004100390044,33,76,-43,0.2,13,sell
9/16,6213,元大-信義安和,0039003800300052,58,6,52,0.24,14,buy
9/16,6213,永豐金-市政,0039004100390057,54,90,-36,0.17,14,sell
9/16,6213,富邦-板橋,9655,102,52,50,0.23,15,buy
9/16,6213,永豐金-台南,0039004100390068,17,46,-29,0.14,15,sell
9/16,8070,台灣摩根士丹利,1470,105,51,54,6.07,1,buy
9/16,8070,新光,8560,4,93,-89,10.0,1,sell
9/16,8070,凱基-高雄,9206,36,0,36,4.04,2,buy
9/16,8070,元大-高雄,003900380031006d,2,74,-72,8.09,2,sell
9/16,8070,美商高盛,1480,62,35,27,3.03,3,buy
9/16,8070,元大證券,9800,13,71,-58,6.52,3,sell
9/16,8070,玉山-桃園,0038003800340046,25,0,25,2.81,4,buy
9/16,8070,摩根大通,8440,41,84,-43,4.83,4,sell
9/16,8070,元大-敦南,0039003800390050,25,0,25,2.81,5,buy
9/16,8070,永豐金-桃園,0039004100390078,0,20,-20,2.25,5,sell
9/16,8070,凱基-台北,9268,70,50,20,2.25,6,buy
9/16,8070,新加坡商瑞銀,1650,32,50,-18,2.02,6,sell
9/16,8070,國泰-敦南,8888,28,9,19,2.13,7,buy
9/16,8070,花旗環球,1590,4,17,-13,1.46,7,sell
9/16,8070,永豐金證券,0039004100300030,22,3,19,2.13,8,buy
9/16,8070,中國信託,6160,0,13,-13,1.46,8,sell
9/16,8070,元大-成功,003900380039004c,14,0,14,1.57,9,buy
9/16,8070,美林,1440,19,31,-12,1.35,9,sell
9/16,8070,元大-松山,0039003800310070,12,0,12,1.35,10,buy
9/16,8070,華南永昌-桃園,9352,0,12,-12,1.35,10,sell
9/16,8070,永豐金-亞灣,0039004100390061,11,0,11,1.24,11,buy
9/16,8070,亞東,2180,0,10,-10,1.12,11,sell
9/16,8070,兆豐-三民,0037003000300068,10,0,10,1.12,12,buy
9/16,8070,台灣企銀-台中,1111,0,10,-10,1.12,12,sell
9/16,8070,凱基-高美館,9215,9,0,9,1.01,13,buy
9/16,8070,第一金-豐原,003500330038004e,0,10,-10,1.12,13,sell
9/16,8070,合庫-台中,1021,8,0,8,0.9,14,buy
9/16,8070,群益金鼎-古亭,0039003100380043,0,10,-10,1.12,14,sell
9/16,8070,永全-南崁,6451,8,0,8,0.9,15,buy
9/16,8070,國泰-館前,0038003800380041,2,10,-8,0.9,15,sell
9/16,6488,摩根大通,8440,722,296,426,6.39,1,buy
9/16,6488,美商高盛,1480,328,781,-453,6.8,1,sell
9/16,6488,花旗環球,1590,331,29,302,4.53,2,buy
9/16,6488,港商麥格理,1360,0,284,-284,4.26,2,sell
9/16,6488,新加坡商瑞銀,1650,268,93,175,2.63,3,buy
9/16,6488,元大證券,9800,345,517,-172,2.58,3,sell
9/16,6488,凱基,9200,174,115,59,0.89,4,buy
9/16,6488,台灣摩根士丹利,1470,171,332,-161,2.42,4,sell
9/16,6488,富邦證券,9600,140,92,48,0.72,5,buy
9/16,6488,港商野村,1560,7,101,-94,1.41,5,sell
9/16,6488,玉山-景美,8849,54,7,47,0.71,6,buy
9/16,6488,台新,0039004200300030,38,87,-49,0.74,6,sell
9/16,6488,凱基-台北,9268,538,503,35,0.53,7,buy
9/16,6488,富邦-永和,9654,11,44,-33,0.5,7,sell
9/16,6488,富邦-三重,9677,36,3,33,0.5,8,buy
9/16,6488,群益金鼎,9100,42,74,-32,0.48,8,sell
9/16,6488,永豐金證券,0039004100300030,54,36,18,0.27,9,buy
9/16,6488,美林,1440,69,86,-17,0.26,9,sell
9/16,6488,元大-大同,0039003800390047,17,2,15,0.23,10,buy
9/16,6488,法銀巴黎,8900,0,16,-16,0.24,10,sell
9/16,6488,國票-九鼎,0037003700390050,15,1,14,0.21,11,buy
9/16,6488,土銀-嘉義,1034,4,17,-13,0.2,11,sell
9/16,6488,國泰證券,8880,20,8,12,0.18,12,buy
9/16,6488,永豐金-大園,0039004100390038,8,21,-13,0.2,12,sell
9/16,6488,群益金鼎-土城,003900310033004e,13,1,12,0.18,13,buy
9/16,6488,統一,5850,11,21,-10,0.15,13,sell
9/16,6488,中國信託-三重,6161,15,3,12,0.18,14,buy
9/16,6488,台中銀-台北,6115,1,11,-10,0.15,14,sell
9/16,6488,第一金,5380,12,2,10,0.15,15,buy
9/16,6488,新光-高雄,8562,20,30,-10,0.15,15,sell
9/16,6257,凱基-台北,9268,476,74,402,12.93,1,buy
9/16,6257,凱基,9200,16,748,-732,23.54,1,sell
9/16,6257,美商高盛,1480,368,115,253,8.14,2,buy
9/16,6257,新加坡商瑞銀,1650,96,259,-163,5.24,2,sell
9/16,6257,台灣摩根士丹利,1470,283,77,206,6.63,3,buy
9/16,6257,富邦證券,9600,15,65,-50,1.61,3,sell
9/16,6257,花旗環球,1590,74,7,67,2.16,4,buy
9/16,6257,兆豐-新竹,0037003000300056,6,52,-46,1.48,4,sell
9/16,6257,元大證券,9800,175,133,42,1.35,5,buy
9/16,6257,群益金鼎-新店,0039003100380046,1,30,-29,0.93,5,sell
9/16,6257,摩根大通,8440,164,125,39,1.25,6,buy
9/16,6257,兆豐-員林,003700300030006b,3,22,-19,0.61,6,sell
9/16,6257,國票-九鼎,0037003700390050,30,3,27,0.87,7,buy
9/16,6257,元大-斗信,9884,0,16,-16,0.51,7,sell
9/16,6257,台新-基隆,0039004200320053,31,10,21,0.68,8,buy
9/16,6257,元大-大甲,0039003800390055,5,21,-16,0.51,8,sell
9/16,6257,永豐金證券,0039004100300030,31,14,17,0.55,9,buy
9/16,6257,(牛牛牛)亞-鑫豐,0036003000310064,0,15,-15,0.48,9,sell
9/16,6257,中國信託-永康,6163,20,4,16,0.51,10,buy
9/16,6257,國泰-敦南,8888,19,34,-15,0.48,10,sell
9/16,6257,統一,5850,19,4,15,0.48,11,buy
9/16,6257,中國信託,6160,16,27,-11,0.35,11,sell
9/16,6257,康和-板橋,0038003400350044,18,4,14,0.45,12,buy
9/16,6257,富邦-彰化,0039003600350055,0,11,-11,0.35,12,sell
9/16,6257,兆豐-竹北,7007,17,4,13,0.42,13,buy
9/16,6257,新光-台南,8564,4,15,-11,0.35,13,sell
9/16,6257,美林,1440,63,50,13,0.42,14,buy
9/16,6257,富邦-三峽,003900360032004a,0,10,-10,0.32,14,sell
9/16,6257,群益金鼎-中壢,0039003100380041,12,0,12,0.39,15,buy
9/16,6257,合庫-嘉義,1024,6,16,-10,0.32,15,sell
9/16,0052,凱基,9200,1806,0,1806,14.7,1,buy
9/16,0052,凱基-台北,9268,767,4958,-4191,34.11,1,sell
9/16,0052,富邦證券,9600,1548,123,1425,11.6,2,buy
9/16,0052,元大證券,9800,1012,1565,-553,4.5,2,sell
9/16,0052,永豐金證券,0039004100300030,1267,472,795,6.47,3,buy
9/16,0052,統一,5850,9,310,-301,2.45,3,sell
9/16,0052,新加坡商瑞銀,1650,762,390,372,3.03,4,buy
9/16,0052,凱基-竹北,9234,3,274,-271,2.21,4,sell
9/16,0052,中國信託,6160,192,27,165,1.34,5,buy
9/16,0052,群益金鼎,9100,402,652,-250,2.03,5,sell
9/16,0052,國泰證券,8880,146,0,146,1.19,6,buy
9/16,0052,國泰-館前,0038003800380041,43,183,-140,1.14,6,sell
9/16,0052,統一-松江,003500380035005a,84,6,78,0.63,7,buy
9/16,0052,陽信-石牌,8711,2,125,-123,1.0,7,sell
9/16,0052,台新-新營,0039004200310031,68,2,66,0.54,8,buy
9/16,0052,康和,8450,0,105,-105,0.85,8,sell
9/16,0052,新光,8560,82,28,54,0.44,9,buy
9/16,0052,富邦-中壢,9636,12,94,-82,0.67,9,sell
9/16,0052,永豐金-高雄,0039004100390065,52,0,52,0.42,10,buy
9/16,0052,永豐金-板新,003900410039004a,31,80,-49,0.4,10,sell
9/16,0052,台新,0039004200300030,87,45,42,0.34,11,buy
9/16,0052,國泰-台南,8884,23,72,-49,0.4,11,sell
9/16,0052,元大-員林,9889,40,0,40,0.33,12,buy
9/16,0052,兆豐-台中港,7005,2,50,-48,0.39,12,sell
9/16,0052,國票-博愛,003700370039007a,36,0,36,0.29,13,buy
9/16,0052,華南永昌-台中,9302,4,50,-46,0.37,13,sell
9/16,0052,元大-上新莊,0039003800330047,36,0,36,0.29,14,buy
9/16,0052,新光-高雄,8562,12,55,-43,0.35,14,sell
9/16,0052,國泰-高雄,8881,55,19,36,0.29,15,buy
9/16,0052,群益金鼎-天母,0039003100380050,0,40,-40,0.33,15,sell
