date,stock_code,broker_name,broker_id,buy_vol,sell_vol,net_vol,pct,rank,side
9/08,2330,美商高盛,1480,3969,1698,2271,7.98,1,buy
9/08,2330,港商麥格理,1360,585,2523,-1938,6.81,1,sell
9/08,2330,元大證券,9800,3104,1570,1534,5.39,2,buy
9/08,2330,港商野村,1560,316,871,-555,1.95,2,sell
9/08,2330,新加坡商瑞銀,1650,1995,617,1378,4.85,3,buy
9/08,2330,花旗環球,1590,225,490,-265,0.93,3,sell
9/08,2330,摩根大通,8440,2947,1788,1159,4.08,4,buy
9/08,2330,法銀巴黎,8900,31,225,-194,0.68,4,sell
9/08,2330,美林,1440,1234,392,842,2.96,5,buy
9/08,2330,華南永昌,9300,109,261,-152,0.53,5,sell
9/08,2330,凱基-台北,9268,1133,459,674,2.37,6,buy
9/08,2330,國泰-敦南,8888,255,391,-136,0.48,6,sell
9/08,2330,台灣摩根士丹利,1470,1665,1074,591,2.08,7,buy
9/08,2330,合庫證券,1020,12,103,-91,0.32,7,sell
9/08,2330,統一,5850,660,159,501,1.76,8,buy
9/08,2330,華南永昌-中正,9359,17,107,-90,0.32,8,sell
9/08,2330,宏遠證券,1260,410,65,345,1.21,9,buy
9/08,2330,彰銀,1230,11,95,-84,0.3,9,sell
9/08,2330,國泰證券,8880,331,73,258,0.91,10,buy
9/08,2330,富邦-台北,9623,31,107,-76,0.27,10,sell
9/08,2330,國票-敦北法人,0037003700390063,261,13,248,0.87,11,buy
9/08,2330,新光-台中,8561,37,110,-73,0.26,11,sell
9/08,2330,大和國泰,8890,264,28,236,0.83,12,buy
9/08,2330,新光,8560,83,156,-73,0.26,12,sell
9/08,2330,永豐金證券,0039004100300030,549,339,210,0.74,13,buy
9/08,2330,玉山-台南,8847,10,80,-70,0.25,13,sell
9/08,2330,永豐金-匯立,0039004100380031,455,247,208,0.73,14,buy
9/08,2330,台新-五權西,0039004200320035,1,67,-66,0.23,14,sell
9/08,2330,兆豐證券,7000,225,32,193,0.68,15,buy
9/08,2330,國泰-板橋,003800380038004b,28,92,-64,0.23,15,sell
9/08,2317,凱基,9200,4817,101,4716,11.81,1,buy
9/08,2317,摩根大通,8440,1847,6628,-4781,11.98,1,sell
9/08,2317,元大證券,9800,5646,4372,1274,3.19,2,buy
9/08,2317,台灣摩根士丹利,1470,1008,4195,-3187,7.98,2,sell
9/08,2317,花旗環球,1590,438,15,423,1.06,3,buy
9/08,2317,國票-敦北法人,0037003700390063,59,3001,-2942,7.37,3,sell
9/08,2317,國泰-敦南,8888,504,198,306,0.77,4,buy
9/08,2317,美林,1440,204,2982,-2778,6.96,4,sell
9/08,2317,玉山證券,8840,293,63,230,0.58,5,buy
9/08,2317,新加坡商瑞銀,1650,1516,3182,-1666,4.17,5,sell
9/08,2317,國泰-台中,8882,274,52,222,0.56,6,buy
9/08,2317,港商野村,1560,2,1085,-1083,2.71,6,sell
9/08,2317,宏遠-台南,0031003200360044,207,3,204,0.51,7,buy
9/08,2317,統一,5850,36,1080,-1044,2.62,7,sell
9/08,2317,新光,8560,296,99,197,0.49,8,buy
9/08,2317,美商高盛,1480,1956,2704,-748,1.87,8,sell
9/08,2317,兆豐-南門,0037003000300067,164,0,164,0.41,9,buy
9/08,2317,港商麥格理,1360,591,1323,-732,1.83,9,sell
9/08,2317,合庫-台中,1021,167,23,144,0.36,10,buy
9/08,2317,台新,0039004200300030,409,835,-426,1.07,10,sell
9/08,2317,合庫-鳳山,1029,143,3,140,0.35,11,buy
9/08,2317,凱基-台北,9268,641,998,-357,0.89,11,sell
9/08,2317,富邦-陽明,9604,166,29,137,0.34,12,buy
9/08,2317,永豐金證券,0039004100300030,137,374,-237,0.59,12,sell
9/08,2317,台新-板橋,0039004200320062,131,7,124,0.31,13,buy
9/08,2317,永豐金-匯立,0039004100380031,34,122,-88,0.22,13,sell
9/08,2317,香港上海匯豐,8960,166,45,121,0.3,14,buy
9/08,2317,群益金鼎-大甲,0039003100380067,21,103,-82,0.21,14,sell
9/08,2317,富邦-宜蘭,9686,121,4,117,0.29,15,buy
9/08,2317,華南永昌,9300,91,154,-63,0.16,15,sell
9/08,2454,台灣摩根士丹利,1470,594,344,250,3.84,1,buy
9/08,2454,新加坡商瑞銀,1650,227,414,-187,2.87,1,sell
9/08,2454,港商麥格理,1360,298,164,134,2.06,2,buy
9/08,2454,元大證券,9800,339,503,-164,2.52,2,sell
9/08,2454,永豐金-匯立,0039004100380031,134,31,103,1.58,3,buy
9/08,2454,凱基-台北,9268,274,411,-137,2.1,3,sell
9/08,2454,大和國泰,8890,108,26,82,1.26,4,buy
9/08,2454,富邦證券,9600,82,179,-97,1.49,4,sell
9/08,2454,美林,1440,243,191,52,0.8,5,buy
9/08,2454,元大-館前,003900380034004b,26,118,-92,1.41,5,sell
9/08,2454,花旗環球,1590,113,67,46,0.71,6,buy
9/08,2454,統一,5850,14,82,-68,1.04,6,sell
9/08,2454,美商高盛,1480,295,260,35,0.54,7,buy
9/08,2454,統一-南京,0035003800350055,22,63,-41,0.63,7,sell
9/08,2454,台新,0039004200300030,80,49,31,0.48,8,buy
9/08,2454,元大-大安,003900380033004e,2,42,-40,0.61,8,sell
9/08,2454,永豐金-台南,0039004100390068,44,13,31,0.48,9,buy
9/08,2454,國票-敦北法人,0037003700390063,7,39,-32,0.49,9,sell
9/08,2454,台新-五權西,0039004200320035,47,25,22,0.34,10,buy
9/08,2454,兆豐證券,7000,7,30,-23,0.35,10,sell
9/08,2454,香港上海匯豐,8960,25,6,19,0.29,11,buy
9/08,2454,永豐金證券,0039004100300030,47,69,-22,0.34,11,sell
9/08,2454,台新-府城,0039004200320039,20,4,16,0.25,12,buy
9/08,2454,第一金,5380,3,25,-22,0.34,12,sell
9/08,2454,國票-博愛,003700370039007a,62,47,15,0.23,13,buy
9/08,2454,中國信託,6160,23,42,-19,0.29,13,sell
9/08,2454,元大-淡水,9899,15,1,14,0.21,14,buy
9/08,2454,凱基,9200,17,34,-17,0.26,14,sell
9/08,2454,群益金鼎,9100,75,61,14,0.21,15,buy
9/08,2454,群益金鼎-敦南,9101,5,21,-16,0.25,15,sell
9/08,2308,美林,1440,224,91,133,2.1,1,buy
9/08,2308,港商麥格理,1360,64,512,-448,7.08,1,sell
9/08,2308,摩根大通,8440,405,305,100,1.58,2,buy
9/08,2308,群益金鼎,9100,37,407,-370,5.84,2,sell
9/08,2308,凱基-文心,9297,59,0,59,0.93,3,buy
9/08,2308,永豐金-匯立,0039004100380031,80,331,-251,3.96,3,sell
9/08,2308,統一-新台中,0035003800350044,55,3,52,0.82,4,buy
9/08,2308,元大證券,9800,358,540,-182,2.87,4,sell
9/08,2308,新加坡商瑞銀,1650,620,569,51,0.81,5,buy
9/08,2308,法銀巴黎,8900,2,83,-81,1.28,5,sell
9/08,2308,玉山-新莊,8842,50,1,49,0.77,6,buy
9/08,2308,香港上海匯豐,8960,35,101,-66,1.04,6,sell
9/08,2308,台中銀-高雄,6116,49,0,49,0.77,7,buy
9/08,2308,凱基-台北,9268,167,230,-63,0.99,7,sell
9/08,2308,國泰-敦南,8888,119,71,48,0.76,8,buy
9/08,2308,聯邦證券,8580,3,60,-57,0.9,8,sell
9/08,2308,宏遠-民生,1261,46,1,45,0.71,9,buy
9/08,2308,台新-台北,0039004200320030,3,53,-50,0.79,9,sell
9/08,2308,永豐金證券,0039004100300030,65,22,43,0.68,10,buy
9/08,2308,台灣摩根士丹利,1470,476,525,-49,0.77,10,sell
9/08,2308,元大-復北,9872,35,3,32,0.51,11,buy
9/08,2308,元大-館前,003900380034004b,2,50,-48,0.76,11,sell
9/08,2308,合庫-自強,0031003000320043,32,1,31,0.49,12,buy
9/08,2308,統一,5850,7,42,-35,0.55,12,sell
9/08,2308,臺銀-民權,1043,30,1,29,0.46,13,buy
9/08,2308,兆豐-新竹,0037003000300056,3,36,-33,0.52,13,sell
9/08,2308,合庫證券,1020,35,7,28,0.44,14,buy
9/08,2308,凱基,9200,33,65,-32,0.51,14,sell
9/08,2308,彰銀,1230,28,3,25,0.39,15,buy
9/08,2308,華南永昌,9300,31,61,-30,0.47,15,sell
9/08,2382,港商麥格理,1360,3451,895,2556,7.35,1,buy
9/08,2382,新加坡商瑞銀,1650,1061,6220,-5159,14.83,1,sell
9/08,2382,永豐金-匯立,0039004100380031,1982,0,1982,5.7,2,buy
9/08,2382,花旗環球,1590,671,3881,-3210,9.23,2,sell
9/08,2382,國泰-敦南,8888,541,137,404,1.16,3,buy
9/08,2382,台灣摩根士丹利,1470,821,3794,-2973,8.55,3,sell
9/08,2382,新光,8560,331,44,287,0.82,4,buy
9/08,2382,美商高盛,1480,775,3342,-2567,7.38,4,sell
9/08,2382,國票-南京,003700370039006e,389,126,263,0.76,5,buy
9/08,2382,摩根大通,8440,2470,4359,-1889,5.43,5,sell
9/08,2382,富邦-仁愛,9676,267,16,251,0.72,6,buy
9/08,2382,元大證券,9800,1507,2589,-1082,3.11,6,sell
9/08,2382,香港上海匯豐,8960,237,19,218,0.63,7,buy
9/08,2382,國泰證券,8880,19,1000,-981,2.82,7,sell
9/08,2382,國泰-高雄,8881,229,16,213,0.61,8,buy
9/08,2382,凱基-台北,9268,1047,1999,-952,2.74,8,sell
9/08,2382,凱基,9200,193,11,182,0.52,9,buy
9/08,2382,台新-基隆,0039004200320053,15,501,-486,1.4,9,sell
9/08,2382,華南永昌,9300,187,8,179,0.51,10,buy
9/08,2382,美林,1440,711,1126,-415,1.19,10,sell
9/08,2382,華南永昌-大安,9307,172,2,170,0.49,11,buy
9/08,2382,兆豐-民生,0037003000300063,12,259,-247,0.71,11,sell
9/08,2382,兆豐-桃園,003700300030004d,170,6,164,0.47,12,buy
9/08,2382,臺銀,1040,62,304,-242,0.7,12,sell
9/08,2382,第一金-嘉義,003500330038004d,162,0,162,0.47,13,buy
9/08,2382,港商野村,1560,137,244,-107,0.31,13,sell
9/08,2382,國泰-板橋,003800380038004b,159,13,146,0.42,14,buy
9/08,2382,國票-安和,003700370039005a,14,100,-86,0.25,14,sell
9/08,2382,富邦-建國,9658,140,2,138,0.4,15,buy
9/08,2382,元大-新店中正,0039003800340043,27,95,-68,0.2,15,sell
9/08,2891,統一,5850,4924,3,4921,17.72,1,buy
9/08,2891,美商高盛,1480,863,3512,-2649,9.54,1,sell
9/08,2891,台灣摩根士丹利,1470,3078,776,2302,8.29,2,buy
9/08,2891,新加坡商瑞銀,1650,2916,4586,-1670,6.01,2,sell
9/08,2891,元大證券,9800,2425,1029,1396,5.03,3,buy
9/08,2891,港商麥格理,1360,482,1775,-1293,4.66,3,sell
9/08,2891,摩根大通,8440,4384,3277,1107,3.99,4,buy
9/08,2891,康和,8450,5,1001,-996,3.59,4,sell
9/08,2891,港商野村,1560,1090,0,1090,3.93,5,buy
9/08,2891,台新-台北,0039004200320030,0,507,-507,1.83,5,sell
9/08,2891,凱基-台北,9268,2305,1287,1018,3.67,6,buy
9/08,2891,永豐金-中和,0039004100390042,0,504,-504,1.82,6,sell
9/08,2891,臺銀,1040,286,19,267,0.96,7,buy
9/08,2891,花旗環球,1590,131,588,-457,1.65,7,sell
9/08,2891,富邦證券,9600,266,12,254,0.91,8,buy
9/08,2891,永豐金證券,0039004100300030,122,419,-297,1.07,8,sell
9/08,2891,香港上海匯豐,8960,249,0,249,0.9,9,buy
9/08,2891,國泰-敦南,8888,72,323,-251,0.9,9,sell
9/08,2891,大昌,6460,101,1,100,0.36,10,buy
9/08,2891,華南永昌-大安,9307,1,187,-186,0.67,10,sell
9/08,2891,凱基,9200,661,571,90,0.32,11,buy
9/08,2891,兆豐-員林,003700300030006b,2,125,-123,0.44,11,sell
9/08,2891,台新-台中,0039004200310068,102,20,82,0.3,12,buy
9/08,2891,永豐金-敦南,0039004100380046,6,128,-122,0.44,12,sell
9/08,2891,國泰-館前,0038003800380041,101,21,80,0.29,13,buy
9/08,2891,致和-金華,7034,41,149,-108,0.39,13,sell
9/08,2891,永豐金-匯立,0039004100380031,77,0,77,0.28,14,buy
9/08,2891,國泰-松江,8883,9,116,-107,0.39,14,sell
9/08,2891,國票-敦北法人,0037003700390063,55,1,54,0.19,15,buy
9/08,2891,玉山證券,8840,31,137,-106,0.38,15,sell
9/08,2881,台灣摩根士丹利,1470,4119,2279,1840,15.26,1,buy
9/08,2881,美商高盛,1480,373,1655,-1282,10.63,1,sell
9/08,2881,新加坡商瑞銀,1650,1102,114,988,8.19,2,buy
9/08,2881,港商麥格理,1360,269,1324,-1055,8.75,2,sell
9/08,2881,大和國泰,8890,400,0,400,3.32,3,buy
9/08,2881,美林,1440,182,766,-584,4.84,3,sell
9/08,2881,元大證券,9800,945,593,352,2.92,4,buy
9/08,2881,凱基-台北,9268,214,691,-477,3.96,4,sell
9/08,2881,摩根大通,8440,1541,1238,303,2.51,5,buy
9/08,2881,凱基,9200,332,546,-214,1.77,5,sell
9/08,2881,第一金,5380,201,1,200,1.66,6,buy
9/08,2881,永豐金證券,0039004100300030,37,190,-153,1.27,6,sell
9/08,2881,港商野村,1560,83,0,83,0.69,7,buy
9/08,2881,統一,5850,7,150,-143,1.19,7,sell
9/08,2881,香港上海匯豐,8960,111,44,67,0.56,8,buy
9/08,2881,永豐金-北高雄,0039004100390072,0,141,-141,1.17,8,sell
9/08,2881,永豐金-板新,003900410039004a,63,5,58,0.48,9,buy
9/08,2881,國泰證券,8880,32,100,-68,0.56,9,sell
9/08,2881,富邦證券,9600,56,2,54,0.45,10,buy
9/08,2881,中國信託,6160,2,56,-54,0.45,10,sell
9/08,2881,花旗環球,1590,101,48,53,0.44,11,buy
9/08,2881,元大-雙和,9874,1,52,-51,0.42,11,sell
9/08,2881,彰銀,1230,50,0,50,0.41,12,buy
9/08,2881,兆豐-城中,0037003000300057,425,467,-42,0.35,12,sell
9/08,2881,康和,8450,52,2,50,0.41,13,buy
9/08,2881,凱基-板橋,0039003200300041,0,38,-38,0.32,13,sell
9/08,2881,永豐金-匯立,0039004100380031,31,0,31,0.26,14,buy
9/08,2881,亞東,2180,0,35,-35,0.29,14,sell
9/08,2881,富邦-公益,0039003600310046,26,1,25,0.21,15,buy
9/08,2881,統一-中壢,5853,0,30,-30,0.25,15,sell
9/08,2882,永豐金-匯立,0039004100380031,3102,1742,1360,6.85,1,buy
9/08,2882,美商高盛,1480,690,3109,-2419,12.19,1,sell
9/08,2882,元大證券,9800,2457,1135,1322,6.66,2,buy
9/08,2882,台灣摩根士丹利,1470,733,2944,-2211,11.14,2,sell
9/08,2882,摩根大通,8440,1743,553,1190,6.0,3,buy
9/08,2882,美林,1440,493,1761,-1268,6.39,3,sell
9/08,2882,港商野村,1560,703,0,703,3.54,4,buy
9/08,2882,港商麥格理,1360,976,1474,-498,2.51,4,sell
9/08,2882,康和,8450,620,0,620,3.12,5,buy
9/08,2882,永豐金-中和,0039004100390042,2,493,-491,2.47,5,sell
9/08,2882,統一,5850,648,106,542,2.73,6,buy
9/08,2882,永豐金-松山,0039004100390031,5,349,-344,1.73,6,sell
9/08,2882,華南永昌-敦南,9347,400,4,396,2.0,7,buy
9/08,2882,國泰-館前,0038003800380041,35,221,-186,0.94,7,sell
9/08,2882,新加坡商瑞銀,1650,825,434,391,1.97,8,buy
9/08,2882,永豐金證券,0039004100300030,70,212,-142,0.72,8,sell
9/08,2882,永豐金-台中,003900410039004c,236,17,219,1.1,9,buy
9/08,2882,宏遠-台中,003100320036004c,0,128,-128,0.65,9,sell
9/08,2882,彰銀,1230,203,0,203,1.02,10,buy
9/08,2882,華南永昌-民權,9312,130,250,-120,0.6,10,sell
9/08,2882,凱基-台北,9268,890,730,160,0.81,11,buy
9/08,2882,台新-建北,0039004200310038,1,111,-110,0.55,11,sell
9/08,2882,華南永昌-大安,9307,105,2,103,0.52,12,buy
9/08,2882,美好-中壢,5266,0,100,-100,0.5,12,sell
9/08,2882,台新-大裕,003900420032006c,92,2,90,0.45,13,buy
9/08,2882,富邦-新竹,9647,6,102,-96,0.48,13,sell
9/08,2882,國票-敦北法人,0037003700390063,87,1,86,0.43,14,buy
9/08,2882,富邦-建國,9658,2,78,-76,0.38,14,sell
9/08,2882,香港上海匯豐,8960,132,57,75,0.38,15,buy
9/08,2882,法銀巴黎,8900,18,80,-62,0.31,15,sell
9/08,2303,永豐金證券,0039004100300030,5739,2377,3362,1.53,1,buy
9/08,2303,元大證券,9800,13846,35878,-22032,10.05,1,sell
9/08,2303,國泰-敦南,8888,5683,2603,3080,1.41,2,buy
9/08,2303,摩根大通,8440,3084,23101,-20017,9.13,2,sell
9/08,2303,兆豐證券,7000,5922,3332,2590,1.18,3,buy
9/08,2303,台灣摩根士丹利,1470,3444,17658,-14214,6.49,3,sell
9/08,2303,宏遠證券,1260,2805,656,2149,0.98,4,buy
9/08,2303,美商高盛,1480,2909,13089,-10180,4.64,4,sell
9/08,2303,中國信託,6160,2589,857,1732,0.79,5,buy
9/08,2303,富邦證券,9600,6515,15116,-8601,3.92,5,sell
9/08,2303,凱基-市府,0039003200300044,1596,33,1563,0.71,6,buy
9/08,2303,美林,1440,1113,5564,-4451,2.03,6,sell
9/08,2303,富邦-仁愛,9676,1576,162,1414,0.65,7,buy
9/08,2303,凱基-站前,0039003200300046,599,4143,-3544,1.62,7,sell
9/08,2303,香港上海匯豐,8960,1328,50,1278,0.58,8,buy
9/08,2303,凱基-永和,9207,103,2610,-2507,1.14,8,sell
9/08,2303,元大-新莊,9898,1321,104,1217,0.56,9,buy
9/08,2303,港商野村,1560,198,1795,-1597,0.73,9,sell
9/08,2303,元大-土城永寧,9875,1185,51,1134,0.52,10,buy
9/08,2303,國票-敦北法人,0037003700390063,103,1348,-1245,0.57,10,sell
9/08,2303,新光,8560,1741,658,1083,0.49,11,buy
9/08,2303,新加坡商瑞銀,1650,2784,4022,-1238,0.56,11,sell
9/08,2303,華南永昌,9300,996,237,759,0.35,12,buy
9/08,2303,國票-安和,003700370039005a,389,1614,-1225,0.56,12,sell
9/08,2303,凱基-台北,9268,8977,8328,649,0.3,13,buy
9/08,2303,元大-大安,003900380033004e,92,1022,-930,0.42,13,sell
9/08,2303,國泰-台中,8882,976,393,583,0.27,14,buy
9/08,2303,富邦-嘉義,9692,293,1216,-923,0.42,14,sell
9/08,2303,富邦-台北,9623,971,394,577,0.26,15,buy
9/08,2303,群益金鼎,9100,858,1765,-907,0.41,15,sell
9/08,3711,美林,1440,901,113,788,5.95,1,buy
9/08,3711,元大證券,9800,724,1926,-1202,9.07,1,sell
9/08,3711,新加坡商瑞銀,1650,1175,478,697,5.26,2,buy
9/08,3711,富邦證券,9600,147,1017,-870,6.57,2,sell
9/08,3711,台灣摩根士丹利,1470,1327,872,455,3.43,3,buy
9/08,3711,永豐金-匯立,0039004100380031,39,669,-630,4.75,3,sell
9/08,3711,台新-台北,0039004200320030,348,16,332,2.51,4,buy
9/08,3711,兆豐證券,7000,0,522,-522,3.94,4,sell
9/08,3711,統一,5850,357,47,310,2.34,5,buy
9/08,3711,永豐金-台南,0039004100390068,4,109,-105,0.79,5,sell
9/08,3711,香港上海匯豐,8960,315,18,297,2.24,6,buy
9/08,3711,永豐金證券,0039004100300030,94,192,-98,0.74,6,sell
9/08,3711,摩根大通,8440,1463,1174,289,2.18,7,buy
9/08,3711,美商高盛,1480,743,838,-95,0.72,7,sell
9/08,3711,凱基-台北,9268,624,432,192,1.45,8,buy
9/08,3711,台新-松德,0039004200320061,6,68,-62,0.47,8,sell
9/08,3711,凱基,9200,175,26,149,1.12,9,buy
9/08,3711,台新,0039004200300030,19,65,-46,0.35,9,sell
9/08,3711,國票-敦北法人,0037003700390063,211,101,110,0.83,10,buy
9/08,3711,華南永昌,9300,22,62,-40,0.3,10,sell
9/08,3711,大和國泰,8890,105,0,105,0.79,11,buy
9/08,3711,中國信託,6160,12,50,-38,0.29,11,sell
9/08,3711,港商麥格理,1360,419,364,55,0.42,12,buy
9/08,3711,合庫證券,1020,3,38,-35,0.26,12,sell
9/08,3711,群益金鼎,9100,245,199,46,0.35,13,buy
9/08,3711,元大-敦南,0039003800390050,2,31,-29,0.22,13,sell
9/08,3711,元大-信義,003900380039006d,40,2,38,0.29,14,buy
9/08,3711,群益金鼎-敦南,9101,0,25,-25,0.19,14,sell
9/08,3711,玉山證券,8840,45,8,37,0.28,15,buy
9/08,3711,港商野村,1560,56,81,-25,0.19,15,sell
9/08,2603,新加坡商瑞銀,1650,1510,422,1088,17.2,1,buy
9/08,2603,台灣摩根士丹利,1470,43,1484,-1441,22.78,1,sell
9/08,2603,花旗環球,1590,397,0,397,6.28,2,buy
9/08,2603,美商高盛,1480,126,569,-443,7.0,2,sell
9/08,2603,永豐金-新莊,0039004100390048,123,1,122,1.93,3,buy
9/08,2603,凱基-台北,9268,80,472,-392,6.2,3,sell
9/08,2603,國泰證券,8880,102,1,101,1.6,4,buy
9/08,2603,合庫證券,1020,5,336,-331,5.23,4,sell
9/08,2603,國泰-板橋,003800380038004b,78,5,73,1.15,5,buy
9/08,2603,凱基-城中,9227,0,204,-204,3.23,5,sell
9/08,2603,富邦-台北,9623,65,4,61,0.96,6,buy
9/08,2603,凱基,9200,5,169,-164,2.59,6,sell
9/08,2603,富邦-仁愛,9676,60,2,58,0.92,7,buy
9/08,2603,永豐金-萬盛,0039004100390032,3,130,-127,2.01,7,sell
9/08,2603,國泰-敦南,8888,117,66,51,0.81,8,buy
9/08,2603,港商麥格理,1360,35,157,-122,1.93,8,sell
9/08,2603,新光,8560,60,10,50,0.79,9,buy
9/08,2603,摩根大通,8440,231,297,-66,1.04,9,sell
9/08,2603,美林,1440,60,13,47,0.74,10,buy
9/08,2603,永豐金證券,0039004100300030,16,53,-37,0.58,10,sell
9/08,2603,元大-大雅,0039003800330069,42,0,42,0.66,11,buy
9/08,2603,兆豐-大同,0037003000300053,0,30,-30,0.47,11,sell
9/08,2603,台灣企銀-太平,1115,31,0,31,0.49,12,buy
9/08,2603,中國信託-中壢,0036003100360041,1,26,-25,0.4,12,sell
9/08,2603,富邦證券,9600,87,57,30,0.47,13,buy
9/08,2603,國泰-高雄,8881,8,26,-18,0.28,13,sell
9/08,2603,元大-斗六,0039003800300043,30,0,30,0.47,14,buy
9/08,2603,華南永昌-台中,9302,2,17,-15,0.24,14,sell
9/08,2603,台新-建北,0039004200310038,30,0,30,0.47,15,buy
9/08,2603,永豐金-中正,0039004100390055,30,44,-14,0.22,15,sell
9/08,2609,永豐金證券,0039004100300030,992,67,925,5.95,1,buy
9/08,2609,台灣摩根士丹利,1470,788,2294,-1506,9.69,1,sell
9/08,2609,美林,1440,652,415,237,1.52,2,buy
9/08,2609,新加坡商瑞銀,1650,699,1667,-968,6.23,2,sell
9/08,2609,元大證券,9800,737,501,236,1.52,3,buy
9/08,2609,美商高盛,1480,303,1271,-968,6.23,3,sell
9/08,2609,統一-城中,5854,220,0,220,1.42,4,buy
9/08,2609,台新-虎尾,003900420032004e,4,764,-760,4.89,4,sell
9/08,2609,摩根大通,8440,453,252,201,1.29,5,buy
9/08,2609,合庫證券,1020,9,740,-731,4.7,5,sell
9/08,2609,群益金鼎-天母,0039003100380050,161,41,120,0.77,6,buy
9/08,2609,永豐金-萬盛,0039004100390032,2,157,-155,1.0,6,sell
9/08,2609,富邦-仁愛,9676,119,13,106,0.68,7,buy
9/08,2609,永豐金-南投,003900410039004d,5,145,-140,0.9,7,sell
9/08,2609,法銀巴黎,8900,130,28,102,0.66,8,buy
9/08,2609,凱基,9200,0,114,-114,0.73,8,sell
9/08,2609,華南永昌,9300,108,11,97,0.62,9,buy
9/08,2609,台灣企銀-北高雄,0031003100310046,0,102,-102,0.66,9,sell
9/08,2609,富邦證券,9600,189,95,94,0.6,10,buy
9/08,2609,華南永昌-高雄,9303,23,97,-74,0.48,10,sell
9/08,2609,永豐金-天母,0039004100390047,91,0,91,0.59,11,buy
9/08,2609,永豐金-竹科,0039004100390058,0,72,-72,0.46,11,sell
9/08,2609,(牛牛牛)亞-鑫豐,0036003000310064,93,12,81,0.52,12,buy
9/08,2609,元大-竹科,003900380030004b,7,67,-60,0.39,12,sell
9/08,2609,光和,6380,78,2,76,0.49,13,buy
9/08,2609,凱基-台北,9268,501,561,-60,0.39,13,sell
9/08,2609,台新,0039004200300030,115,45,70,0.45,14,buy
9/08,2609,富邦-公益,0039003600310046,10,61,-51,0.33,14,sell
9/08,2609,國泰-敦南,8888,245,183,62,0.4,15,buy
9/08,2609,凱基-五股,0039003200310047,11,59,-48,0.31,15,sell
9/08,2615,永豐金證券,0039004100300030,208,44,164,1.44,1,buy
9/08,2615,元大證券,9800,198,1273,-1075,9.46,1,sell
9/08,2615,凱基-屏東,0039003200320043,151,0,151,1.33,2,buy
9/08,2615,台灣摩根士丹利,1470,1709,2480,-771,6.78,2,sell
9/08,2615,華南永昌-敦南,9347,150,0,150,1.32,3,buy
9/08,2615,摩根大通,8440,362,954,-592,5.21,3,sell
9/08,2615,國泰證券,8880,144,7,137,1.21,4,buy
9/08,2615,台新-虎尾,003900420032004e,3,501,-498,4.38,4,sell
9/08,2615,國泰-敦南,8888,224,120,104,0.91,5,buy
9/08,2615,中國信託,6160,14,111,-97,0.85,5,sell
9/08,2615,美林,1440,237,156,81,0.71,6,buy
9/08,2615,群益金鼎-民權,9131,46,125,-79,0.69,6,sell
9/08,2615,華南永昌,9300,105,26,79,0.69,7,buy
9/08,2615,國泰-松江,8883,7,84,-77,0.68,7,sell
9/08,2615,元大-館前,003900380034004b,74,1,73,0.64,8,buy
9/08,2615,凱基-台北,9268,642,716,-74,0.65,8,sell
9/08,2615,台中銀-豐原,0036003100310041,73,0,73,0.64,9,buy
9/08,2615,新加坡商瑞銀,1650,224,297,-73,0.64,9,sell
9/08,2615,臺銀-臺中,0031003000340041,75,3,72,0.63,10,buy
9/08,2615,合庫證券,1020,56,122,-66,0.58,10,sell
9/08,2615,元大-大雅,0039003800330069,66,2,64,0.56,11,buy
9/08,2615,港商麥格理,1360,6,66,-60,0.53,11,sell
9/08,2615,新光,8560,139,77,62,0.55,12,buy
9/08,2615,群益金鼎-萬華,0039003100330049,3,51,-48,0.42,12,sell
9/08,2615,兆豐-台中港,7005,61,1,60,0.53,13,buy
9/08,2615,美商高盛,1480,240,287,-47,0.41,13,sell
9/08,2615,(牛牛牛)亞-鑫豐,0036003000310064,63,4,59,0.52,14,buy
9/08,2615,凱基,9200,0,42,-42,0.37,14,sell
9/08,2615,富邦-仁愛,9676,71,12,59,0.52,15,buy
9/08,2615,富邦-台北,9623,17,55,-38,0.33,15,sell
9/08,2618,美林,1440,1930,13,1917,18.69,1,buy
9/08,2618,美商高盛,1480,402,1202,-800,7.8,1,sell
9/08,2618,港商麥格理,1360,1653,233,1420,13.85,2,buy
9/08,2618,凱基-台北,9268,264,653,-389,3.79,2,sell
9/08,2618,花旗環球,1590,763,17,746,7.27,3,buy
9/08,2618,元大-樹林,003900380039006a,20,250,-230,2.24,3,sell
9/08,2618,摩根大通,8440,900,189,711,6.93,4,buy
9/08,2618,永豐金-松山,0039004100390031,9,217,-208,2.03,4,sell
9/08,2618,新加坡商瑞銀,1650,631,280,351,3.42,5,buy
9/08,2618,凱基-五股,0039003200310047,0,205,-205,2.0,5,sell
9/08,2618,國泰證券,8880,319,14,305,2.97,6,buy
9/08,2618,台灣摩根士丹利,1470,1277,1474,-197,1.92,6,sell
9/08,2618,富邦證券,9600,136,1,135,1.32,7,buy
9/08,2618,國泰-敦南,8888,40,229,-189,1.84,7,sell
9/08,2618,永豐金-中正,0039004100390055,138,41,97,0.95,8,buy
9/08,2618,永豐金證券,0039004100300030,7,149,-142,1.38,8,sell
9/08,2618,元大-復北,9872,60,9,51,0.5,9,buy
9/08,2618,兆豐-忠孝,0037003000300061,1,117,-116,1.13,9,sell
9/08,2618,香港上海匯豐,8960,49,0,49,0.48,10,buy
9/08,2618,永豐金-新莊,0039004100390048,0,102,-102,0.99,10,sell
9/08,2618,兆豐-台中,7003,50,9,41,0.4,11,buy
9/08,2618,華南永昌-長虹,9333,0,101,-101,0.98,11,sell
9/08,2618,法銀巴黎,8900,40,0,40,0.39,12,buy
9/08,2618,新光,8560,44,136,-92,0.9,12,sell
9/08,2618,凱基-三峽,0039003200310045,25,0,25,0.24,13,buy
9/08,2618,統一-敦南,5852,0,86,-86,0.84,13,sell
9/08,2618,富邦-台北,9623,62,41,21,0.2,14,buy
9/08,2618,國泰-高雄,8881,0,77,-77,0.75,14,sell
9/08,2618,永豐金-敦南,0039004100380046,20,6,14,0.14,15,buy
9/08,2618,康和,8450,0,56,-56,0.55,15,sell
9/08,3037,永豐金-匯立,0039004100380031,1229,0,1229,6.95,1,buy
9/08,3037,台灣摩根士丹利,1470,353,1312,-959,5.42,1,sell
9/08,3037,美林,1440,1071,109,962,5.44,2,buy
9/08,3037,元大證券,9800,1705,2290,-585,3.31,2,sell
9/08,3037,美商高盛,1480,2860,1927,933,5.27,3,buy
9/08,3037,國票-敦北法人,0037003700390063,4,318,-314,1.78,3,sell
9/08,3037,花旗環球,1590,336,192,144,0.81,4,buy
9/08,3037,群益金鼎,9100,233,472,-239,1.35,4,sell
9/08,3037,摩根大通,8440,1094,952,142,0.8,5,buy
9/08,3037,港商野村,1560,63,292,-229,1.29,5,sell
9/08,3037,新加坡商瑞銀,1650,732,592,140,0.79,6,buy
9/08,3037,群益金鼎-古亭,0039003100380043,2,224,-222,1.26,6,sell
9/08,3037,中國信託-松江,6167,95,13,82,0.46,7,buy
9/08,3037,凱基,9200,5,223,-218,1.23,7,sell
9/08,3037,華南永昌-世貿,9334,82,5,77,0.44,8,buy
9/08,3037,永豐金證券,0039004100300030,102,290,-188,1.06,8,sell
9/08,3037,宏遠證券,1260,70,1,69,0.39,9,buy
9/08,3037,凱基-台北,9268,599,778,-179,1.01,9,sell
9/08,3037,港商麥格理,1360,81,18,63,0.36,10,buy
9/08,3037,華南永昌,9300,133,291,-158,0.89,10,sell
9/08,3037,兆豐證券,7000,43,16,27,0.15,11,buy
9/08,3037,台新,0039004200300030,88,232,-144,0.81,11,sell
9/08,3037,中國信託,6160,86,60,26,0.15,12,buy
9/08,3037,富邦證券,9600,112,247,-135,0.76,12,sell
9/08,3037,國泰-忠孝,8887,63,37,26,0.15,13,buy
9/08,3037,康和,8450,2,108,-106,0.6,13,sell
9/08,3037,玉山-板橋,8846,31,6,25,0.14,14,buy
9/08,3037,元大-雙和,9874,10,112,-102,0.58,14,sell
9/08,3037,富邦-南港,0039003600320041,28,8,20,0.11,15,buy
9/08,3037,元大-鳳山,003900380033005a,7,78,-71,0.4,15,sell
9/08,2345,香港上海匯豐,8960,117,6,111,1.72,1,buy
9/08,2345,新加坡商瑞銀,1650,134,1668,-1534,23.82,1,sell
9/08,2345,國泰-敦南,8888,135,38,97,1.51,2,buy
9/08,2345,凱基,9200,36,432,-396,6.15,2,sell
9/08,2345,統一,5850,124,51,73,1.13,3,buy
9/08,2345,永豐金證券,0039004100300030,169,431,-262,4.07,3,sell
9/08,2345,法銀巴黎,8900,74,12,62,0.96,4,buy
9/08,2345,美商高盛,1480,144,397,-253,3.93,4,sell
9/08,2345,華南永昌,9300,48,3,45,0.7,5,buy
9/08,2345,花旗環球,1590,20,213,-193,3.0,5,sell
9/08,2345,國泰-板橋,003800380038004b,44,4,40,0.62,6,buy
9/08,2345,國票-敦北法人,0037003700390063,5,171,-166,2.58,6,sell
9/08,2345,凱基-台北,9268,288,252,36,0.56,7,buy
9/08,2345,港商野村,1560,23,160,-137,2.13,7,sell
9/08,2345,新光,8560,48,15,33,0.51,8,buy
9/08,2345,國泰證券,8880,18,154,-136,2.11,8,sell
9/08,2345,富邦-新竹,9647,31,1,30,0.47,9,buy
9/08,2345,元大證券,9800,451,513,-62,0.96,9,sell
9/08,2345,玉山證券,8840,43,14,29,0.45,10,buy
9/08,2345,美林,1440,47,105,-58,0.9,10,sell
9/08,2345,富邦-建國,9658,28,1,27,0.42,11,buy
9/08,2345,台灣摩根士丹利,1470,409,434,-25,0.39,11,sell
9/08,2345,群益金鼎-台北,0039003100380058,27,0,27,0.42,12,buy
9/08,2345,摩根大通,8440,168,190,-22,0.34,12,sell
9/08,2345,國泰-台中,8882,36,10,26,0.4,13,buy
9/08,2345,台新,0039004200300030,38,56,-18,0.28,13,sell
9/08,2345,永豐金-中正,0039004100390055,29,4,25,0.39,14,buy
9/08,2345,宏遠-民生,1261,2,20,-18,0.28,14,sell
9/08,2345,永豐金-市政,0039004100390057,28,5,23,0.36,15,buy
9/08,2345,港商麥格理,1360,43,61,-18,0.28,15,sell
9/08,3006,元大-頭份,0039003800330055,589,242,347,1.92,1,buy
9/08,3006,新加坡商瑞銀,1650,298,1267,-969,5.36,1,sell
9/08,3006,兆豐-新竹,0037003000300056,261,14,247,1.37,2,buy
9/08,3006,元大證券,9800,1349,2164,-815,4.51,2,sell
9/08,3006,永豐金-竹北,0039004100390050,489,258,231,1.28,3,buy
9/08,3006,美商高盛,1480,3,516,-513,2.84,3,sell
9/08,3006,富邦-公益,0039003600310046,185,7,178,0.98,4,buy
9/08,3006,摩根大通,8440,294,522,-228,1.26,4,sell
9/08,3006,元大-樹林,003900380039006a,151,12,139,0.77,5,buy
9/08,3006,富邦-陽明,9604,30,215,-185,1.02,5,sell
9/08,3006,元大-土城,9897,134,1,133,0.74,6,buy
9/08,3006,台灣摩根士丹利,1470,21,194,-173,0.96,6,sell
9/08,3006,永豐金-松山,0039004100390031,144,23,121,0.67,7,buy
9/08,3006,台新,0039004200300030,150,237,-87,0.48,7,sell
9/08,3006,港商野村,1560,656,539,117,0.65,8,buy
9/08,3006,兆豐-桃園,003700300030004d,13,76,-63,0.35,8,sell
9/08,3006,台灣企銀-豐原,1118,212,95,117,0.65,9,buy
9/08,3006,台新-松德,0039004200320061,19,76,-57,0.32,9,sell
9/08,3006,群益金鼎,9100,303,226,77,0.43,10,buy
9/08,3006,國票-中和,0037003700390058,5,62,-57,0.32,10,sell
9/08,3006,凱基-三重,9205,71,5,66,0.36,11,buy
9/08,3006,元大-福營,0039003800310046,9,59,-50,0.28,11,sell
9/08,3006,台新-高雄,0039004200310067,109,49,60,0.33,12,buy
9/08,3006,統一,5850,41,87,-46,0.25,12,sell
9/08,3006,元大-和平,9863,74,19,55,0.3,13,buy
9/08,3006,台新-屏新,0039004200320071,4,43,-39,0.22,13,sell
9/08,3006,日茂,5960,51,1,50,0.28,14,buy
9/08,3006,華南永昌-朴子,9329,5,40,-35,0.19,14,sell
9/08,3006,富邦-新竹,9647,72,22,50,0.28,15,buy
9/08,3006,永豐金-天母,0039004100390047,14,48,-34,0.19,15,sell
9/08,2379,花旗環球,1590,334,41,293,6.06,1,buy
9/08,2379,台灣摩根士丹利,1470,201,778,-577,11.93,1,sell
9/08,2379,美商高盛,1480,411,136,275,5.69,2,buy
9/08,2379,永豐金-匯立,0039004100380031,7,494,-487,10.07,2,sell
9/08,2379,摩根大通,8440,224,63,161,3.33,3,buy
9/08,2379,元大證券,9800,479,626,-147,3.04,3,sell
9/08,2379,美林,1440,158,72,86,1.78,4,buy
9/08,2379,中國信託,6160,44,189,-145,3.0,4,sell
9/08,2379,國泰-敦南,8888,75,24,51,1.05,5,buy
9/08,2379,兆豐證券,7000,8,123,-115,2.38,5,sell
9/08,2379,元大-六合,0039003800320043,56,8,48,0.99,6,buy
9/08,2379,凱基-台北,9268,269,379,-110,2.28,6,sell
9/08,2379,永豐金-竹科,0039004100390058,51,5,46,0.95,7,buy
9/08,2379,新加坡商瑞銀,1650,132,232,-100,2.07,7,sell
9/08,2379,大昌-新竹,6463,29,0,29,0.6,8,buy
9/08,2379,合庫證券,1020,3,102,-99,2.05,8,sell
9/08,2379,玉山-台中,0038003800340042,28,2,26,0.54,9,buy
9/08,2379,富邦證券,9600,91,185,-94,1.94,9,sell
9/08,2379,第一金-忠孝,0035003300380044,25,0,25,0.52,10,buy
9/08,2379,華南永昌-中正,9359,2,40,-38,0.79,10,sell
9/08,2379,元大-雙和,9874,23,1,22,0.46,11,buy
9/08,2379,永豐金證券,0039004100300030,72,109,-37,0.77,11,sell
9/08,2379,元大-大雅,0039003800330069,18,0,18,0.37,12,buy
9/08,2379,統一,5850,18,52,-34,0.7,12,sell
9/08,2379,元大-竹科,003900380030004b,22,5,17,0.35,13,buy
9/08,2379,兆豐-台中,7003,7,37,-30,0.62,13,sell
9/08,2379,港商野村,1560,105,89,16,0.33,14,buy
9/08,2379,香港上海匯豐,8960,8,35,-27,0.56,14,sell
9/08,2379,北城證券,7750,16,0,16,0.33,15,buy
9/08,2379,大和國泰,8890,0,23,-23,0.48,15,sell
9/08,3034,摩根大通,8440,299,71,228,11.16,1,buy
9/08,3034,美林,1440,71,324,-253,12.38,1,sell
9/08,3034,台灣摩根士丹利,1470,261,170,91,4.45,2,buy
9/08,3034,新加坡商瑞銀,1650,104,256,-152,7.44,2,sell
9/08,3034,凱基,9200,84,3,81,3.96,3,buy
9/08,3034,凱基-台北,9268,69,204,-135,6.61,3,sell
9/08,3034,統一,5850,74,11,63,3.08,4,buy
9/08,3034,美商高盛,1480,134,210,-76,3.72,4,sell
9/08,3034,台新,0039004200300030,62,15,47,2.3,5,buy
9/08,3034,花旗環球,1590,27,64,-37,1.81,5,sell
9/08,3034,港商麥格理,1360,102,71,31,1.52,6,buy
9/08,3034,第一金-高雄,5383,0,20,-20,0.98,6,sell
9/08,3034,群益金鼎,9100,51,24,27,1.32,7,buy
9/08,3034,永豐金證券,0039004100300030,18,35,-17,0.83,7,sell
9/08,3034,亞東-新竹,2184,17,1,16,0.78,8,buy
9/08,3034,香港上海匯豐,8960,2,18,-16,0.78,8,sell
9/08,3034,國票-敦北法人,0037003700390063,16,1,15,0.73,9,buy
9/08,3034,第一金-路竹,0035003300380050,0,10,-10,0.49,9,sell
9/08,3034,法銀巴黎,8900,13,0,13,0.64,10,buy
9/08,3034,國票-彰化,0037003700390057,0,7,-7,0.34,10,sell
9/08,3034,兆豐-天母,003700300030004c,10,0,10,0.49,11,buy
9/08,3034,凱基-鳳山,9274,0,7,-7,0.34,11,sell
9/08,3034,台新-台中,0039004200310068,9,0,9,0.44,12,buy
9/08,3034,玉山-信義,0038003800340043,2,8,-6,0.29,12,sell
9/08,3034,元大證券,9800,96,88,8,0.39,13,buy
9/08,3034,華南永昌,9300,0,6,-6,0.29,13,sell
9/08,3034,國泰-敦南,8888,17,11,6,0.29,14,buy
9/08,3034,元大-太平,0039003800310051,2,7,-5,0.24,14,sell
9/08,3034,元大-內湖民權,9867,5,0,5,0.24,15,buy
9/08,3034,凱基-高美館,9215,3,7,-4,0.2,15,sell
9/08,2412,台灣摩根士丹利,1470,1933,234,1699,15.19,1,buy
9/08,2412,臺銀,1040,7,827,-820,7.33,1,sell
9/08,2412,美商高盛,1480,1654,0,1654,14.78,2,buy
9/08,2412,群益金鼎,9100,1,606,-605,5.41,2,sell
9/08,2412,中國信託,6160,1021,22,999,8.93,3,buy
9/08,2412,永豐金-內湖,0039004100390067,6,273,-267,2.39,3,sell
9/08,2412,摩根大通,8440,819,40,779,6.96,4,buy
9/08,2412,港商麥格理,1360,195,424,-229,2.05,4,sell
9/08,2412,新加坡商瑞銀,1650,709,7,702,6.27,5,buy
9/08,2412,統一,5850,0,202,-202,1.81,5,sell
9/08,2412,元大證券,9800,313,178,135,1.21,6,buy
9/08,2412,富邦證券,9600,16,202,-186,1.66,6,sell
9/08,2412,凱基-台北,9268,1297,1183,114,1.02,7,buy
9/08,2412,統一-台南,5855,7,121,-114,1.02,7,sell
9/08,2412,國泰證券,8880,120,18,102,0.91,8,buy
9/08,2412,美林,1440,35,148,-113,1.01,8,sell
9/08,2412,華南永昌-台南,9306,50,0,50,0.45,9,buy
9/08,2412,新光,8560,57,168,-111,0.99,9,sell
9/08,2412,群益金鼎-東大,9135,1045,997,48,0.43,10,buy
9/08,2412,華南永昌-南京,9326,0,104,-104,0.93,10,sell
9/08,2412,香港上海匯豐,8960,46,1,45,0.4,11,buy
9/08,2412,華南永昌,9300,16,109,-93,0.83,11,sell
9/08,2412,花旗環球,1590,39,1,38,0.34,12,buy
9/08,2412,國泰-敦南,8888,5,89,-84,0.75,12,sell
9/08,2412,法銀巴黎,8900,34,0,34,0.3,13,buy
9/08,2412,元大-台中,9812,4,85,-81,0.72,13,sell
9/08,2412,合庫-嘉義,1024,20,1,19,0.17,14,buy
9/08,2412,第一金-澎湖,5387,0,74,-74,0.66,14,sell
9/08,2412,玉山證券,8840,20,2,18,0.16,15,buy
9/08,2412,富邦-陽明,9604,7,73,-66,0.59,15,sell
9/08,2409,新加坡商瑞銀,1650,32136,7827,24309,3.9,1,buy
9/08,2409,富邦證券,9600,17449,32500,-15051,2.41,1,sell
9/08,2409,台灣摩根士丹利,1470,36241,12508,23733,3.8,2,buy
9/08,2409,凱基-站前,0039003200300046,5739,12759,-7020,1.13,2,sell
9/08,2409,美商高盛,1480,23701,5899,17802,2.85,3,buy
9/08,2409,凱基-台北,9268,36061,42551,-6490,1.04,3,sell
9/08,2409,美林,1440,20699,5064,15635,2.51,4,buy
9/08,2409,兆豐證券,7000,525,4913,-4388,0.7,4,sell
9/08,2409,永豐金證券,0039004100300030,18357,11092,7265,1.16,5,buy
9/08,2409,富邦-嘉義,9692,937,4309,-3372,0.54,5,sell
9/08,2409,摩根大通,8440,8790,4612,4178,0.67,6,buy
9/08,2409,富邦-南屯,9666,686,4048,-3362,0.54,6,sell
9/08,2409,台新,0039004200300030,5132,2824,2308,0.37,7,buy
9/08,2409,第一金-桃園,5385,889,3351,-2462,0.39,7,sell
9/08,2409,花旗環球,1590,2144,36,2108,0.34,8,buy
9/08,2409,港商野村,1560,1928,4287,-2359,0.38,8,sell
9/08,2409,元大證券,9800,47496,45483,2013,0.32,9,buy
9/08,2409,統一,5850,3799,5884,-2085,0.33,9,sell
9/08,2409,群益金鼎,9100,9931,8479,1452,0.23,10,buy
9/08,2409,凱基-豐中,9223,241,2030,-1789,0.29,10,sell
9/08,2409,元大-新生,0039003800310058,1374,83,1291,0.21,11,buy
9/08,2409,富邦-永和,9654,1013,2289,-1276,0.2,11,sell
9/08,2409,凱基-竹科,9272,1373,350,1023,0.16,12,buy
9/08,2409,永豐金-員林,0039004100390043,560,1516,-956,0.15,12,sell
9/08,2409,元大-高雄,003900380031006d,1555,676,879,0.14,13,buy
9/08,2409,華南永昌-鳳山,9331,370,1296,-926,0.15,13,sell
9/08,2409,凱基,9200,1767,950,817,0.13,14,buy
9/08,2409,元大-板橋,0039003800390043,1102,1990,-888,0.14,14,sell
9/08,2409,元大-新竹經國,9859,1532,846,686,0.11,15,buy
9/08,2409,國泰-敦南,8888,15670,16469,-799,0.13,15,sell
9/08,2886,摩根大通,8440,3758,1078,2680,10.97,1,buy
9/08,2886,統一,5850,71,3441,-3370,13.8,1,sell
9/08,2886,台灣摩根士丹利,1470,2553,369,2184,8.94,2,buy
9/08,2886,土銀,1030,11,2112,-2101,8.6,2,sell
9/08,2886,花旗環球,1590,1805,52,1753,7.18,3,buy
9/08,2886,國票-敦北法人,0037003700390063,0,1401,-1401,5.74,3,sell
9/08,2886,新加坡商瑞銀,1650,1848,300,1548,6.34,4,buy
9/08,2886,富邦證券,9600,153,1008,-855,3.5,4,sell
9/08,2886,美商高盛,1480,2290,806,1484,6.08,5,buy
9/08,2886,玉山證券,8840,9,784,-775,3.17,5,sell
9/08,2886,港商麥格理,1360,2187,1297,890,3.64,6,buy
9/08,2886,臺銀,1040,13,388,-375,1.54,6,sell
9/08,2886,元大證券,9800,2490,1645,845,3.46,7,buy
9/08,2886,元大-大天母,9893,2,361,-359,1.47,7,sell
9/08,2886,國泰證券,8880,843,0,843,3.45,8,buy
9/08,2886,福邦證券,6480,0,300,-300,1.23,8,sell
9/08,2886,美林,1440,1842,1181,661,2.71,9,buy
9/08,2886,台新,0039004200300030,24,308,-284,1.16,9,sell
9/08,2886,群益金鼎,9100,807,212,595,2.44,10,buy
9/08,2886,法銀巴黎,8900,0,163,-163,0.67,10,sell
9/08,2886,港商野村,1560,434,13,421,1.72,11,buy
9/08,2886,永豐金-松山,0039004100390031,21,142,-121,0.5,11,sell
9/08,2886,元大-彰化民生,003900380039004a,174,32,142,0.58,12,buy
9/08,2886,國泰-敦南,8888,59,174,-115,0.47,12,sell
9/08,2886,凱基,9200,272,170,102,0.42,13,buy
9/08,2886,元大-北屯,0039003800390064,5,117,-112,0.46,13,sell
9/08,2886,凱基-台北,9268,1095,1017,78,0.32,14,buy
9/08,2886,合庫-鳳山,1029,0,107,-107,0.44,14,sell
9/08,2886,香港上海匯豐,8960,53,0,53,0.22,15,buy
9/08,2886,台新-左楠,0039004200310064,0,106,-106,0.43,15,sell
9/08,2892,港商麥格理,1360,3261,223,3038,11.02,1,buy
9/08,2892,國泰證券,8880,8,8020,-8012,29.07,1,sell
9/08,2892,美林,1440,3078,79,2999,10.88,2,buy
9/08,2892,群益金鼎,9100,194,1390,-1196,4.34,2,sell
9/08,2892,摩根大通,8440,2960,300,2660,9.65,3,buy
9/08,2892,土銀,1030,48,701,-653,2.37,3,sell
9/08,2892,第一金,5380,2326,151,2175,7.89,4,buy
9/08,2892,國票-博愛,003700370039007a,5,648,-643,2.33,4,sell
9/08,2892,台灣摩根士丹利,1470,2842,1112,1730,6.28,5,buy
9/08,2892,陽信-石牌,8711,0,400,-400,1.45,5,sell
9/08,2892,美商高盛,1480,2619,1216,1403,5.09,6,buy
9/08,2892,華南永昌-台南,9306,0,324,-324,1.18,6,sell
9/08,2892,新加坡商瑞銀,1650,1646,876,770,2.79,7,buy
9/08,2892,第一金-中山,5389,9,320,-311,1.13,7,sell
9/08,2892,凱基-台北,9268,3032,2267,765,2.78,8,buy
9/08,2892,凱基-高美館,9215,0,252,-252,0.91,8,sell
9/08,2892,花旗環球,1590,521,15,506,1.84,9,buy
9/08,2892,群益金鼎-台中,9184,5,240,-235,0.85,9,sell
9/08,2892,富邦-內湖,9627,500,8,492,1.79,10,buy
9/08,2892,華南永昌-南京,9326,0,232,-232,0.84,10,sell
9/08,2892,元大證券,9800,1324,881,443,1.61,11,buy
9/08,2892,凱基-高雄,9206,0,200,-200,0.73,11,sell
9/08,2892,港商野村,1560,376,57,319,1.16,12,buy
9/08,2892,國泰-敦南,8888,21,172,-151,0.55,12,sell
9/08,2892,兆豐證券,7000,241,0,241,0.87,13,buy
9/08,2892,臺銀-高雄,0031003000340043,89,195,-106,0.38,13,sell
9/08,2892,凱基-中壢,9285,100,4,96,0.35,14,buy
9/08,2892,臺銀,1040,9,113,-104,0.38,14,sell
9/08,2892,富邦-板橋,9655,101,12,89,0.32,15,buy
9/08,2892,玉山-高雄,8843,62,158,-96,0.35,15,sell
9/08,6770,美商高盛,1480,13784,6911,6873,3.98,1,buy
9/08,6770,台灣摩根士丹利,1470,5474,10052,-4578,2.65,1,sell
9/08,6770,玉山證券,8840,1028,167,861,0.5,2,buy
9/08,6770,元大證券,9800,12495,16503,-4008,2.32,2,sell
9/08,6770,富邦-永和,9654,1033,268,765,0.44,3,buy
9/08,6770,凱基-台北,9268,12633,16203,-3570,2.07,3,sell
9/08,6770,富邦-台北,9623,940,445,495,0.29,4,buy
9/08,6770,富邦證券,9600,785,3363,-2578,1.49,4,sell
9/08,6770,法銀巴黎,8900,414,1,413,0.24,5,buy
9/08,6770,台新,0039004200300030,1247,3337,-2090,1.21,5,sell
9/08,6770,國泰-敦南,8888,6932,6529,403,0.23,6,buy
9/08,6770,新加坡商瑞銀,1650,3298,5305,-2007,1.16,6,sell
9/08,6770,玉山-左營,0038003800340044,628,270,358,0.21,7,buy
9/08,6770,摩根大通,8440,965,2074,-1109,0.64,7,sell
9/08,6770,台新-台中,0039004200310068,721,372,349,0.2,8,buy
9/08,6770,凱基-宜蘭,003900320030004d,38,535,-497,0.29,8,sell
9/08,6770,國泰-松江,8883,670,354,316,0.18,9,buy
9/08,6770,永豐金證券,0039004100300030,755,1193,-438,0.25,9,sell
9/08,6770,國票-中和,0037003700390058,426,191,235,0.14,10,buy
9/08,6770,台新-建北,0039004200310038,144,506,-362,0.21,10,sell
9/08,6770,台新-永和,0039004200320042,346,122,224,0.13,11,buy
9/08,6770,美林,1440,971,1260,-289,0.17,11,sell
9/08,6770,兆豐-三民,0037003000300068,251,27,224,0.13,12,buy
9/08,6770,玉山-新竹,0038003800340048,89,373,-284,0.16,12,sell
9/08,6770,新光-台中,8561,862,653,209,0.12,13,buy
9/08,6770,高橋-內壢,5323,47,289,-242,0.14,13,sell
9/08,6770,永豐金-大園,0039004100390038,505,298,207,0.12,14,buy
9/08,6770,兆豐-松德,0037003000300069,98,319,-221,0.13,14,sell
9/08,6770,國泰-台中,8882,1110,911,199,0.12,15,buy
9/08,6770,台新-信義,0039004200320048,174,378,-204,0.12,15,sell
9/08,2883,摩根大通,8440,8275,1444,6831,19.8,1,buy
9/08,2883,台灣摩根士丹利,1470,826,4966,-4140,12.0,1,sell
9/08,2883,美林,1440,2231,208,2023,5.86,2,buy
9/08,2883,元大證券,9800,1730,3591,-1861,5.39,2,sell
9/08,2883,凱基,9200,2017,61,1956,5.67,3,buy
9/08,2883,康和,8450,403,1686,-1283,3.72,3,sell
9/08,2883,花旗環球,1590,1965,899,1066,3.09,4,buy
9/08,2883,凱基-台北,9268,1363,2336,-973,2.82,4,sell
9/08,2883,台新-台北,0039004200320030,922,223,699,2.03,5,buy
9/08,2883,港商麥格理,1360,896,1611,-715,2.07,5,sell
9/08,2883,新加坡商瑞銀,1650,1715,1083,632,1.83,6,buy
9/08,2883,美商高盛,1480,666,1334,-668,1.94,6,sell
9/08,2883,港商野村,1560,608,0,608,1.76,7,buy
9/08,2883,元大-草屯,0039003800390045,9,519,-510,1.48,7,sell
9/08,2883,凱基-雙和,0039003200300043,548,34,514,1.49,8,buy
9/08,2883,永豐金-中和,0039004100390042,6,471,-465,1.35,8,sell
9/08,2883,光和-高雄,0036003300380044,471,3,468,1.36,9,buy
9/08,2883,法銀巴黎,8900,15,445,-430,1.25,9,sell
9/08,2883,台新,0039004200300030,468,89,379,1.1,10,buy
9/08,2883,兆豐-桃園,003700300030004d,2,321,-319,0.92,10,sell
9/08,2883,富邦-宜蘭,9686,300,14,286,0.83,11,buy
9/08,2883,新光,8560,129,367,-238,0.69,11,sell
9/08,2883,富邦-台南,9667,271,35,236,0.68,12,buy
9/08,2883,國票-敦北法人,0037003700390063,0,153,-153,0.44,12,sell
9/08,2883,宏遠-光隆,0031003200360069,156,0,156,0.45,13,buy
9/08,2883,兆豐-台中港,7005,0,148,-148,0.43,13,sell
9/08,2883,元大-敦化,9833,152,2,150,0.43,14,buy
9/08,2883,富邦-陽明,9604,11,150,-139,0.4,14,sell
9/08,2883,富邦-高雄,9659,142,36,106,0.31,15,buy
9/08,2883,第一金-忠孝,0035003300380044,18,154,-136,0.39,15,sell
9/08,0050,凱基-台北,9268,18084,7493,10591,14.08,1,buy
9/08,0050,摩根大通,8440,0,1706,-1706,2.27,1,sell
9/08,0050,元大證券,9800,14861,11580,3281,4.36,2,buy
9/08,0050,元大-館前,003900380034004b,288,1589,-1301,1.73,2,sell
9/08,0050,美商高盛,1480,2000,15,1985,2.64,3,buy
9/08,0050,國泰-敦南,8888,1797,2884,-1087,1.44,3,sell
9/08,0050,宏遠證券,1260,1079,33,1046,1.39,4,buy
9/08,0050,新加坡商瑞銀,1650,388,1298,-910,1.21,4,sell
9/08,0050,國泰證券,8880,949,59,890,1.18,5,buy
9/08,0050,康和,8450,63,663,-600,0.8,5,sell
9/08,0050,凱基,9200,1264,387,877,1.17,6,buy
9/08,0050,國泰-台中,8882,205,653,-448,0.6,6,sell
9/08,0050,新光,8560,1200,623,577,0.77,7,buy
9/08,0050,台新,0039004200300030,1088,1467,-379,0.5,7,sell
9/08,0050,富邦證券,9600,712,142,570,0.76,8,buy
9/08,0050,國泰-板橋,003800380038004b,213,444,-231,0.31,8,sell
9/08,0050,第一金,5380,602,39,563,0.75,9,buy
9/08,0050,臺銀-臺南,1042,87,314,-227,0.3,9,sell
9/08,0050,群益金鼎-竹南,0039003100380069,402,10,392,0.52,10,buy
9/08,0050,兆豐-北高雄,0037003000300049,16,221,-205,0.27,10,sell
9/08,0050,臺銀,1040,609,218,391,0.52,11,buy
9/08,0050,群益金鼎,9100,317,521,-204,0.27,11,sell
9/08,0050,兆豐證券,7000,409,18,391,0.52,12,buy
9/08,0050,永豐金-板新,003900410039004a,171,367,-196,0.26,12,sell
9/08,0050,中國信託,6160,1546,1218,328,0.44,13,buy
9/08,0050,元大-楊梅,0039003800370041,35,226,-191,0.25,13,sell
9/08,0050,凱基-站前,0039003200300046,420,95,325,0.43,14,buy
9/08,0050,台新-台中,0039004200310068,91,275,-184,0.24,14,sell
9/08,0050,元大-中山北路,0039003800300061,470,149,321,0.43,15,buy
9/08,0050,富邦-台中,003900360035004b,32,195,-163,0.22,15,sell
9/08,0056,元大證券,9800,1112,233,879,5.08,1,buy
9/08,0056,臺銀,1040,243,1035,-792,4.58,1,sell
9/08,0056,元大-木柵,003900380033004d,628,8,620,3.58,2,buy
9/08,0056,富邦證券,9600,140,843,-703,4.06,2,sell
9/08,0056,國泰證券,8880,250,15,235,1.36,3,buy
9/08,0056,中國信託,6160,308,826,-518,2.99,3,sell
9/08,0056,合庫-台中,1021,252,21,231,1.33,4,buy
9/08,0056,元大-內湖,003900380039004e,20,515,-495,2.86,4,sell
9/08,0056,第一金,5380,212,3,209,1.21,5,buy
9/08,0056,凱基-台北,9268,1700,2099,-399,2.31,5,sell
9/08,0056,新光,8560,425,239,186,1.07,6,buy
9/08,0056,新加坡商瑞銀,1650,304,688,-384,2.22,6,sell
9/08,0056,群益金鼎-桃園,9189,150,0,150,0.87,7,buy
9/08,0056,台灣摩根士丹利,1470,82,317,-235,1.36,7,sell
9/08,0056,凱基-中山,9229,149,9,140,0.81,8,buy
9/08,0056,永豐金-台南,0039004100390068,26,195,-169,0.98,8,sell
9/08,0056,兆豐證券,7000,144,5,139,0.8,9,buy
9/08,0056,元大-新店中正,0039003800340043,32,171,-139,0.8,9,sell
9/08,0056,華南永昌,9300,188,51,137,0.79,10,buy
9/08,0056,元大-楊梅,0039003800370041,45,175,-130,0.75,10,sell
9/08,0056,臺銀-新竹,1045,123,16,107,0.62,11,buy
9/08,0056,永豐金-竹北,0039004100390050,22,148,-126,0.73,11,sell
9/08,0056,統一-城中,5854,101,0,101,0.58,12,buy
9/08,0056,元大-信義,003900380039006d,13,109,-96,0.55,12,sell
9/08,0056,富邦-中壢,9636,135,37,98,0.57,13,buy
9/08,0056,華南永昌-世貿,9334,5,101,-96,0.55,13,sell
9/08,0056,元大-屏東,9892,107,11,96,0.55,14,buy
9/08,0056,永豐金-嘉義,003900410039006a,10,91,-81,0.47,14,sell
9/08,0056,台新,0039004200300030,175,80,95,0.55,15,buy
9/08,0056,國票-九鼎,0037003700390050,8,70,-62,0.36,15,sell
9/08,1815,元大證券,9800,17441,6744,10697,9.25,1,buy
9/08,1815,台灣摩根士丹利,1470,417,2980,-2563,2.22,1,sell
9/08,1815,摩根大通,8440,4801,3125,1676,1.45,2,buy
9/08,1815,凱基-信義,9216,473,2465,-1992,1.72,2,sell
9/08,1815,凱基-台北,9268,8998,7328,1670,1.44,3,buy
9/08,1815,新加坡商瑞銀,1650,1239,2795,-1556,1.34,3,sell
9/08,1815,富邦-敦南,9663,1078,212,866,0.75,4,buy
9/08,1815,美商高盛,1480,12079,13462,-1383,1.2,4,sell
9/08,1815,港商野村,1560,993,263,730,0.63,5,buy
9/08,1815,永豐金-忠孝,0039004100390044,56,775,-719,0.62,5,sell
9/08,1815,台新-同大,0039004200320050,767,82,685,0.59,6,buy
9/08,1815,中國信託,6160,377,1084,-707,0.61,6,sell
9/08,1815,元大-信義安和,0039003800300052,691,108,583,0.5,7,buy
9/08,1815,富邦-建國,9658,442,1041,-599,0.52,7,sell
9/08,1815,凱基-羅東,9258,304,8,296,0.26,8,buy
9/08,1815,台新,0039004200300030,1010,1572,-562,0.49,8,sell
9/08,1815,康和,8450,428,144,284,0.25,9,buy
9/08,1815,統一,5850,823,1173,-350,0.3,9,sell
9/08,1815,台中銀-豐原,0036003100310041,339,57,282,0.24,10,buy
9/08,1815,國泰證券,8880,404,729,-325,0.28,10,sell
9/08,1815,群益金鼎,9100,522,247,275,0.24,11,buy
9/08,1815,永豐金-虎尾,0039004100390062,13,331,-318,0.27,11,sell
9/08,1815,康和-台北,0038003400350055,280,7,273,0.24,12,buy
9/08,1815,群益金鼎-忠孝,0039003100380057,324,552,-228,0.2,12,sell
9/08,1815,群益金鼎-館前,0039003100330059,417,155,262,0.23,13,buy
9/08,1815,台新-建北,0039004200310038,108,329,-221,0.19,13,sell
9/08,1815,元大-天母,0039003800310049,428,171,257,0.22,14,buy
9/08,1815,群益金鼎-台北,0039003100380058,808,1019,-211,0.18,14,sell
9/08,1815,凱基,9200,438,212,226,0.2,15,buy
9/08,1815,元大-忠孝,9871,51,261,-210,0.18,15,sell
9/08,2887,凱基,9200,17525,786,16739,25.96,1,buy
9/08,2887,美商高盛,1480,2827,9691,-6864,10.64,1,sell
9/08,2887,永豐金-匯立,0039004100380031,4996,321,4675,7.25,2,buy
9/08,2887,凱基-台北,9268,4427,6196,-1769,2.74,2,sell
9/08,2887,台灣摩根士丹利,1470,5479,1825,3654,5.67,3,buy
9/08,2887,富邦證券,9600,137,1520,-1383,2.14,3,sell
9/08,2887,元大證券,9800,5455,2691,2764,4.29,4,buy
9/08,2887,美林,1440,745,1727,-982,1.52,4,sell
9/08,2887,新加坡商瑞銀,1650,2723,803,1920,2.98,5,buy
9/08,2887,永豐金-中和,0039004100390042,6,839,-833,1.29,5,sell
9/08,2887,摩根大通,8440,4245,3086,1159,1.8,6,buy
9/08,2887,港商麥格理,1360,1618,2429,-811,1.26,6,sell
9/08,2887,群益金鼎,9100,1390,299,1091,1.69,7,buy
9/08,2887,永豐金證券,0039004100300030,244,858,-614,0.95,7,sell
9/08,2887,台新-台北,0039004200320030,854,38,816,1.27,8,buy
9/08,2887,國泰-敦南,8888,253,841,-588,0.91,8,sell
9/08,2887,凱基-頭份,9296,510,23,487,0.76,9,buy
9/08,2887,富邦-台中,003900360035004b,6,548,-542,0.84,9,sell
9/08,2887,康和,8450,392,37,355,0.55,10,buy
9/08,2887,兆豐-民生,0037003000300063,1,444,-443,0.69,10,sell
9/08,2887,港商野村,1560,211,0,211,0.33,11,buy
9/08,2887,新光,8560,80,502,-422,0.65,11,sell
9/08,2887,玉山-城中,0038003800340045,221,49,172,0.27,12,buy
9/08,2887,永豐金-高雄,0039004100390065,0,361,-361,0.56,12,sell
9/08,2887,元大-忠孝,9871,152,15,137,0.21,13,buy
9/08,2887,花旗環球,1590,326,643,-317,0.49,13,sell
9/08,2887,國票證券,7790,170,37,133,0.21,14,buy
9/08,2887,國泰-高雄,8881,58,353,-295,0.46,14,sell
9/08,2887,華南永昌-板橋,9349,128,27,101,0.16,15,buy
9/08,2887,富邦-仁愛,9676,8,251,-243,0.38,15,sell
9/08,5880,美商高盛,1480,2773,476,2297,11.46,1,buy
9/08,5880,凱基-台北,9268,236,1436,-1200,5.99,1,sell
9/08,5880,港商麥格理,1360,2191,130,2061,10.29,2,buy
9/08,5880,華南永昌-古亭,9309,11,1151,-1140,5.69,2,sell
9/08,5880,美林,1440,2165,150,2015,10.06,3,buy
9/08,5880,台灣摩根士丹利,1470,687,1776,-1089,5.44,3,sell
9/08,5880,摩根大通,8440,2692,821,1871,9.34,4,buy
9/08,5880,土銀,1030,5,803,-798,3.98,4,sell
9/08,5880,永豐金-高雄,0039004100390065,951,1,950,4.74,5,buy
9/08,5880,光和-高雄,0036003300380044,2,510,-508,2.54,5,sell
9/08,5880,新加坡商瑞銀,1650,1404,511,893,4.46,6,buy
9/08,5880,國泰-敦南,8888,65,468,-403,2.01,6,sell
9/08,5880,元大證券,9800,1467,709,758,3.78,7,buy
9/08,5880,合庫-嘉義,1024,20,340,-320,1.6,7,sell
9/08,5880,華南永昌-民權,9312,311,0,311,1.55,8,buy
9/08,5880,群益金鼎-永和,003900310038004a,1,275,-274,1.37,8,sell
9/08,5880,德信,6910,281,1,280,1.4,9,buy
9/08,5880,中國信託-嘉義,6168,51,310,-259,1.29,9,sell
9/08,5880,元大-北屯,0039003800390064,300,56,244,1.22,10,buy
9/08,5880,群益金鼎-嘉義,003900310038004d,0,239,-239,1.19,10,sell
9/08,5880,土銀-嘉義,1034,230,0,230,1.15,11,buy
9/08,5880,群益金鼎-中港,9138,0,207,-207,1.03,11,sell
9/08,5880,兆豐證券,7000,207,36,171,0.85,12,buy
9/08,5880,台新-高雄,0039004200310067,7,190,-183,0.91,12,sell
9/08,5880,港商野村,1560,148,0,148,0.74,13,buy
9/08,5880,合庫證券,1020,8,186,-178,0.89,13,sell
9/08,5880,花旗環球,1590,124,0,124,0.62,14,buy
9/08,5880,統一,5850,40,211,-171,0.85,14,sell
9/08,5880,國票-南科,0037003700390065,100,1,99,0.49,15,buy
9/08,5880,群益金鼎-三民,9188,0,170,-170,0.85,15,sell
9/08,1605,富邦證券,9600,2001,2,1999,13.35,1,buy
9/08,1605,玉山-城中,0038003800340045,0,752,-752,5.02,1,sell
9/08,1605,台灣摩根士丹利,1470,1918,472,1446,9.65,2,buy
9/08,1605,元大-斗六,0039003800300043,1,371,-370,2.47,2,sell
9/08,1605,新加坡商瑞銀,1650,1341,338,1003,6.7,3,buy
9/08,1605,中國信託,6160,17,344,-327,2.18,3,sell
9/08,1605,美商高盛,1480,1208,673,535,3.57,4,buy
9/08,1605,康和,8450,20,240,-220,1.47,4,sell
9/08,1605,元大-館前,003900380034004b,521,25,496,3.31,5,buy
9/08,1605,國泰-敦南,8888,118,322,-204,1.36,5,sell
9/08,1605,凱基-台北,9268,767,483,284,1.9,6,buy
9/08,1605,國票-敦北法人,0037003700390063,0,200,-200,1.34,6,sell
9/08,1605,美林,1440,334,66,268,1.79,7,buy
9/08,1605,國泰-忠孝,8887,0,166,-166,1.11,7,sell
9/08,1605,元大-員林中山,9835,272,4,268,1.79,8,buy
9/08,1605,台新,0039004200300030,23,182,-159,1.06,8,sell
9/08,1605,永豐金-古亭,0039004100390064,258,59,199,1.33,9,buy
9/08,1605,統一-平鎮,0035003800350067,0,151,-151,1.01,9,sell
9/08,1605,摩根大通,8440,309,121,188,1.26,10,buy
9/08,1605,富邦-台南,9667,25,156,-131,0.87,10,sell
9/08,1605,元大證券,9800,726,566,160,1.07,11,buy
9/08,1605,元大-竹科,003900380030004b,2,107,-105,0.7,11,sell
9/08,1605,統一-三重,003500380035004a,111,7,104,0.69,12,buy
9/08,1605,富邦-陽明,9604,41,144,-103,0.69,12,sell
9/08,1605,法銀巴黎,8900,92,0,92,0.61,13,buy
9/08,1605,兆豐-大同,0037003000300053,0,100,-100,0.67,13,sell
9/08,1605,新光-高雄,8562,108,17,91,0.61,14,buy
9/08,1605,港商野村,1560,0,69,-69,0.46,14,sell
9/08,1605,凱基-三峽,0039003200310045,82,3,79,0.53,15,buy
9/08,1605,國泰-板橋,003800380038004b,34,102,-68,0.45,15,sell
9/08,0052,台新,0039004200300030,5095,138,4957,21.98,1,buy
9/08,0052,元大證券,9800,2208,5611,-3403,15.09,1,sell
9/08,0052,凱基-台北,9268,4860,380,4480,19.87,2,buy
9/08,0052,新加坡商瑞銀,1650,64,1336,-1272,5.64,2,sell
9/08,0052,中國信託,6160,868,68,800,3.55,3,buy
9/08,0052,永豐金證券,0039004100300030,659,1482,-823,3.65,3,sell
9/08,0052,富邦證券,9600,1538,809,729,3.23,4,buy
9/08,0052,康和,8450,0,556,-556,2.47,4,sell
9/08,0052,群益金鼎,9100,855,337,518,2.3,5,buy
9/08,0052,永豐金-忠孝,0039004100390044,6,459,-453,2.01,5,sell
9/08,0052,台中銀-豐原,0036003100310041,427,0,427,1.89,6,buy
9/08,0052,國泰-敦南,8888,175,559,-384,1.7,6,sell
9/08,0052,合庫-台中,1021,349,23,326,1.45,7,buy
9/08,0052,國泰-高雄,8881,36,345,-309,1.37,7,sell
9/08,0052,統一,5850,358,73,285,1.26,8,buy
9/08,0052,凱基-苗栗,9276,0,130,-130,0.58,8,sell
9/08,0052,兆豐證券,7000,200,2,198,0.88,9,buy
9/08,0052,合庫證券,1020,3,125,-122,0.54,9,sell
9/08,0052,元大-成功,003900380039004c,90,14,76,0.34,10,buy
9/08,0052,永豐金-市政,0039004100390057,15,132,-117,0.52,10,sell
9/08,0052,第一金-高雄,5383,102,27,75,0.33,11,buy
9/08,0052,永豐金-桃園,0039004100390078,8,119,-111,0.49,11,sell
9/08,0052,元大-龍潭,9858,92,29,63,0.28,12,buy
9/08,0052,國泰-板橋,003800380038004b,30,132,-102,0.45,12,sell
9/08,0052,群益金鼎-大甲,0039003100380067,68,5,63,0.28,13,buy
9/08,0052,統一-東湖,0035003800350052,6,103,-97,0.43,13,sell
9/08,0052,第一金,5380,82,24,58,0.26,14,buy
9/08,0052,元大-板橋,0039003800390043,11,103,-92,0.41,14,sell
9/08,0052,(牛牛牛)亞-鑫豐,0036003000310064,74,21,53,0.24,15,buy
9/08,0052,國泰-台中,8882,41,133,-92,0.41,15,sell
9/08,1301,摩根大通,8440,2822,624,2198,7.78,1,buy
9/08,1301,元大證券,9800,1343,6193,-4850,17.17,1,sell
9/08,1301,凱基-台北,9268,2060,1011,1049,3.71,2,buy
9/08,1301,元大-松江,9801,15,3918,-3903,13.82,2,sell
9/08,1301,美商高盛,1480,1830,1020,810,2.87,3,buy
9/08,1301,富邦-新店,9661,88,1523,-1435,5.08,3,sell
9/08,1301,永豐金-匯立,0039004100380031,687,0,687,2.43,4,buy
9/08,1301,康和,8450,61,1203,-1142,4.04,4,sell
9/08,1301,美林,1440,674,149,525,1.86,5,buy
9/08,1301,國票-敦北法人,0037003700390063,6,1026,-1020,3.61,5,sell
9/08,1301,法銀巴黎,8900,294,16,278,0.98,6,buy
9/08,1301,台灣摩根士丹利,1470,1009,1602,-593,2.1,6,sell
9/08,1301,群益金鼎-竹南,0039003100380069,241,0,241,0.85,7,buy
9/08,1301,台新-台北,0039004200320030,0,503,-503,1.78,7,sell
9/08,1301,國泰-敦南,8888,319,108,211,0.75,8,buy
9/08,1301,港商麥格理,1360,20,390,-370,1.31,8,sell
9/08,1301,聯邦-台南,8588,204,0,204,0.72,9,buy
9/08,1301,凱基,9200,11,350,-339,1.2,9,sell
9/08,1301,臺銀,1040,209,22,187,0.66,10,buy
9/08,1301,富邦證券,9600,101,331,-230,0.81,10,sell
9/08,1301,新光,8560,321,140,181,0.64,11,buy
9/08,1301,宏遠證券,1260,11,200,-189,0.67,11,sell
9/08,1301,元大-大同,0039003800390047,158,5,153,0.54,12,buy
9/08,1301,玉山-台中,0038003800340042,27,209,-182,0.64,12,sell
9/08,1301,統一-金門,0035003800350057,173,21,152,0.54,13,buy
9/08,1301,兆豐證券,7000,5,140,-135,0.48,13,sell
9/08,1301,元大-竹山,0039003800310052,155,9,146,0.52,14,buy
9/08,1301,國泰-台中,8882,78,207,-129,0.46,14,sell
9/08,1301,統一-城中,5854,271,140,131,0.46,15,buy
9/08,1301,新加坡商瑞銀,1650,281,404,-123,0.44,15,sell
9/08,1216,美商高盛,1480,3303,402,2901,22.94,1,buy
9/08,1216,香港上海匯豐,8960,64,3036,-2972,23.5,1,sell
9/08,1216,美林,1440,1355,39,1316,10.41,2,buy
9/08,1216,國泰證券,8880,34,1265,-1231,9.73,2,sell
9/08,1216,摩根大通,8440,1489,295,1194,9.44,3,buy
9/08,1216,臺銀,1040,2,728,-726,5.74,3,sell
9/08,1216,台灣摩根士丹利,1470,1284,123,1161,9.18,4,buy
9/08,1216,凱基-站前,0039003200300046,0,508,-508,4.02,4,sell
9/08,1216,元大證券,9800,1285,239,1046,8.27,5,buy
9/08,1216,新光-台中,8561,1,211,-210,1.66,5,sell
9/08,1216,玉山證券,8840,755,10,745,5.89,6,buy
9/08,1216,合庫證券,1020,0,203,-203,1.61,6,sell
9/08,1216,新加坡商瑞銀,1650,879,181,698,5.52,7,buy
9/08,1216,第一金-澎湖,5387,0,170,-170,1.34,7,sell
9/08,1216,凱基-台北,9268,576,167,409,3.23,8,buy
9/08,1216,國泰-敦南,8888,11,127,-116,0.92,8,sell
9/08,1216,港商野村,1560,318,0,318,2.51,9,buy
9/08,1216,大昌-新竹,6463,0,90,-90,0.71,9,sell
9/08,1216,法銀巴黎,8900,63,0,63,0.5,10,buy
9/08,1216,玉山-城中,0038003800340045,0,88,-88,0.7,10,sell
9/08,1216,凱基,9200,34,0,34,0.27,11,buy
9/08,1216,元大-板橋,0039003800390043,0,84,-84,0.66,11,sell
9/08,1216,花旗環球,1590,32,0,32,0.25,12,buy
9/08,1216,新百王,6210,0,83,-83,0.66,12,sell
9/08,1216,富邦證券,9600,31,13,18,0.14,13,buy
9/08,1216,新光,8560,15,96,-81,0.64,13,sell
9/08,1216,永豐金-新莊,0039004100390048,30,13,17,0.13,14,buy
9/08,1216,統一-內湖,0035003800350062,0,77,-77,0.61,14,sell
9/08,1216,國票證券,7790,22,5,17,0.13,15,buy
9/08,1216,統一,5850,0,62,-62,0.49,15,sell
9/08,1326,永豐金-台南,0039004100390068,333,67,266,1.1,1,buy
9/08,1326,台灣摩根士丹利,1470,105,2648,-2543,10.53,1,sell
9/08,1326,元大-館前,003900380034004b,322,66,256,1.06,2,buy
9/08,1326,美商高盛,1480,1480,3656,-2176,9.01,2,sell
9/08,1326,國泰-敦南,8888,556,336,220,0.91,3,buy
9/08,1326,新加坡商瑞銀,1650,245,954,-709,2.93,3,sell
9/08,1326,台新-五權西,0039004200320035,237,21,216,0.89,4,buy
9/08,1326,美林,1440,337,984,-647,2.68,4,sell
9/08,1326,凱基-台北,9268,1174,961,213,0.88,5,buy
9/08,1326,元大證券,9800,1304,1788,-484,2.0,5,sell
9/08,1326,元大-北投,0039003800390041,216,6,210,0.87,6,buy
9/08,1326,第一金,5380,24,478,-454,1.88,6,sell
9/08,1326,永豐金-屏東,0039004100360039,189,1,188,0.78,7,buy
9/08,1326,港商麥格理,1360,16,388,-372,1.54,7,sell
9/08,1326,臺銀,1040,164,4,160,0.66,8,buy
9/08,1326,第一金-台南,5384,36,221,-185,0.77,8,sell
9/08,1326,富邦-台北,9623,157,17,140,0.58,9,buy
9/08,1326,新光-新竹,8563,25,129,-104,0.43,9,sell
9/08,1326,新光-桃園,8565,208,83,125,0.52,10,buy
9/08,1326,統一,5850,54,154,-100,0.41,10,sell
9/08,1326,元大-復北,9872,148,28,120,0.5,11,buy
9/08,1326,凱基,9200,0,81,-81,0.34,11,sell
9/08,1326,摩根大通,8440,1071,959,112,0.46,12,buy
9/08,1326,台新,0039004200300030,59,136,-77,0.32,12,sell
9/08,1326,富邦-建國,9658,126,14,112,0.46,13,buy
9/08,1326,台新-松德,0039004200320061,27,99,-72,0.3,13,sell
9/08,1326,康和-高雄,003800340035004a,106,1,105,0.43,14,buy
9/08,1326,凱基-南崁,9256,7,73,-66,0.27,14,sell
9/08,1326,元大-路竹,0039003800310043,105,5,100,0.41,15,buy
9/08,1326,群益金鼎-潭子,0039003100330044,8,72,-64,0.26,15,sell
9/08,2344,台灣摩根士丹利,1470,29485,902,28583,12.86,1,buy
9/08,2344,國泰-敦南,8888,4913,8800,-3887,1.75,1,sell
9/08,2344,美商高盛,1480,21997,3854,18143,8.16,2,buy
9/08,2344,國泰-台中,8882,885,1774,-889,0.4,2,sell
9/08,2344,摩根大通,8440,16714,1022,15692,7.06,3,buy
9/08,2344,新光,8560,1102,1927,-825,0.37,3,sell
9/08,2344,元大證券,9800,24812,14517,10295,4.63,4,buy
9/08,2344,國泰-桃園,8885,505,1207,-702,0.32,4,sell
9/08,2344,新加坡商瑞銀,1650,11086,2396,8690,3.91,5,buy
9/08,2344,國泰-板橋,003800380038004b,795,1462,-667,0.3,5,sell
9/08,2344,美林,1440,8673,1631,7042,3.17,6,buy
9/08,2344,中國信託,6160,459,1051,-592,0.27,6,sell
9/08,2344,港商野村,1560,3143,632,2511,1.13,7,buy
9/08,2344,玉山證券,8840,198,779,-581,0.26,7,sell
9/08,2344,永豐金-匯立,0039004100380031,2096,290,1806,0.81,8,buy
9/08,2344,合庫-西台中,0031003000320046,129,701,-572,0.26,8,sell
9/08,2344,凱基-台北,9268,8864,7651,1213,0.55,9,buy
9/08,2344,富邦-陽明,9604,284,818,-534,0.24,9,sell
9/08,2344,香港上海匯豐,8960,1067,38,1029,0.46,10,buy
9/08,2344,台新-台中,0039004200310068,260,789,-529,0.24,10,sell
9/08,2344,元大-信義,003900380039006d,1064,177,887,0.4,11,buy
9/08,2344,元大-博愛,0039003800320042,242,763,-521,0.23,11,sell
9/08,2344,群益金鼎,9100,1543,722,821,0.37,12,buy
9/08,2344,富邦-永和,9654,333,848,-515,0.23,12,sell
9/08,2344,永豐金證券,0039004100300030,4261,3551,710,0.32,13,buy
9/08,2344,富邦-桃園,9665,96,587,-491,0.22,13,sell
9/08,2344,國泰證券,8880,609,65,544,0.24,14,buy
9/08,2344,富邦-仁愛,9676,229,713,-484,0.22,14,sell
9/08,2344,統一-南京,0035003800350055,1168,625,543,0.24,15,buy
9/08,2344,富邦-中壢,9636,150,628,-478,0.22,15,sell
9/08,3481,國泰-敦南,8888,6210,4746,1464,0.78,1,buy
9/08,3481,港商野村,1560,290,9669,-9379,4.99,1,sell
9/08,3481,合庫證券,1020,1428,334,1094,0.58,2,buy
9/08,3481,凱基-台北,9268,8821,17673,-8852,4.7,2,sell
9/08,3481,兆豐-新莊,0037003000300077,1053,60,993,0.53,3,buy
9/08,3481,元大證券,9800,13582,21630,-8048,4.28,3,sell
9/08,3481,華南永昌-新莊,9305,918,135,783,0.42,4,buy
9/08,3481,美商高盛,1480,3277,10226,-6949,3.69,4,sell
9/08,3481,國泰-台南,8884,1025,321,704,0.37,5,buy
9/08,3481,新加坡商瑞銀,1650,466,4368,-3902,2.07,5,sell
9/08,3481,元大-金華,9878,745,52,693,0.37,6,buy
9/08,3481,富邦證券,9600,2282,5382,-3100,1.65,6,sell
9/08,3481,富邦-台北,9623,1214,602,612,0.33,7,buy
9/08,3481,台灣摩根士丹利,1470,2802,5429,-2627,1.4,7,sell
9/08,3481,華南永昌-古亭,9309,612,49,563,0.3,8,buy
9/08,3481,港商麥格理,1360,178,2033,-1855,0.99,8,sell
9/08,3481,國泰證券,8880,511,23,488,0.26,9,buy
9/08,3481,永豐金-匯立,0039004100380031,0,1482,-1482,0.79,9,sell
9/08,3481,元大-大雅,0039003800330069,634,216,418,0.22,10,buy
9/08,3481,玉山-新莊,8842,569,1930,-1361,0.72,10,sell
9/08,3481,群益金鼎-開元,9134,479,82,397,0.21,11,buy
9/08,3481,摩根大通,8440,1252,2326,-1074,0.57,11,sell
9/08,3481,元大-內湖,003900380039004e,481,116,365,0.19,12,buy
9/08,3481,台新-嘉義,0039004200320049,158,1140,-982,0.52,12,sell
9/08,3481,富邦-永和,9654,772,410,362,0.19,13,buy
9/08,3481,凱基,9200,1,594,-593,0.32,13,sell
9/08,3481,兆豐-彰化,0037003000300064,442,82,360,0.19,14,buy
9/08,3481,元大-新竹經國,9859,143,724,-581,0.31,14,sell
9/08,3481,國泰-台中,8882,1340,983,357,0.19,15,buy
9/08,3481,元大-天母,0039003800310049,227,664,-437,0.23,15,sell
9/08,6182,元大-土城,9897,433,10,423,0.72,1,buy
9/08,6182,凱基-台北,9268,4835,6317,-1482,2.53,1,sell
9/08,6182,摩根大通,8440,513,100,413,0.7,2,buy
9/08,6182,台灣摩根士丹利,1470,546,1774,-1228,2.1,2,sell
9/08,6182,國泰-敦南,8888,2190,1800,390,0.67,3,buy
9/08,6182,美林,1440,200,1024,-824,1.41,3,sell
9/08,6182,中國信託-松江,6167,318,23,295,0.5,4,buy
9/08,6182,新加坡商瑞銀,1650,415,1190,-775,1.32,4,sell
9/08,6182,元大-新莊,9898,280,89,191,0.33,5,buy
9/08,6182,港商野村,1560,507,1061,-554,0.95,5,sell
9/08,6182,國泰-板橋,003800380038004b,441,268,173,0.3,6,buy
9/08,6182,元大證券,9800,5142,5689,-547,0.93,6,sell
9/08,6182,新光-台中,8561,363,194,169,0.29,7,buy
9/08,6182,富邦-仁愛,9676,98,505,-407,0.69,7,sell
9/08,6182,凱基-市政,9239,196,31,165,0.28,8,buy
9/08,6182,台新-世貿,0039004200320075,70,422,-352,0.6,8,sell
9/08,6182,新光-台南,8564,214,74,140,0.24,9,buy
9/08,6182,國票-安和,003700370039005a,17,364,-347,0.59,9,sell
9/08,6182,凱基-員林,9231,121,11,110,0.19,10,buy
9/08,6182,第一金-大稻埕,0035003300380046,26,180,-154,0.26,10,sell
9/08,6182,新光,8560,502,403,99,0.17,11,buy
9/08,6182,美商高盛,1480,829,968,-139,0.24,11,sell
9/08,6182,台灣企銀-竹北,1117,113,18,95,0.16,12,buy
9/08,6182,統一,5850,201,322,-121,0.21,12,sell
9/08,6182,永豐金-北高雄,0039004100390072,134,41,93,0.16,13,buy
9/08,6182,中國信託,6160,172,291,-119,0.2,13,sell
9/08,6182,玉山-高雄,8843,211,129,82,0.14,14,buy
9/08,6182,凱基-城中,9227,37,134,-97,0.17,14,sell
9/08,6182,華南永昌-鳳山,9331,109,27,82,0.14,15,buy
9/08,6182,台中銀,6110,40,131,-91,0.16,15,sell
9/08,2327,統一,5850,1133,132,1001,2.54,1,buy
9/08,2327,富邦-新店,9661,72,3783,-3711,9.41,1,sell
9/08,2327,花旗環球,1590,1131,189,942,2.39,2,buy
9/08,2327,康和,8450,64,1964,-1900,4.82,2,sell
9/08,2327,永豐金-匯立,0039004100380031,600,0,600,1.52,3,buy
9/08,2327,台灣摩根士丹利,1470,1930,3709,-1779,4.51,3,sell
9/08,2327,富邦-虎尾,9697,531,6,525,1.33,4,buy
9/08,2327,華南永昌,9300,98,1127,-1029,2.61,4,sell
9/08,2327,國泰-敦南,8888,1325,952,373,0.95,5,buy
9/08,2327,新加坡商瑞銀,1650,600,1362,-762,1.93,5,sell
9/08,2327,國票-敦北法人,0037003700390063,313,4,309,0.78,6,buy
9/08,2327,凱基-台北,9268,1186,1755,-569,1.44,6,sell
9/08,2327,臺銀,1040,254,22,232,0.59,7,buy
9/08,2327,美商高盛,1480,2151,2651,-500,1.27,7,sell
9/08,2327,港商野村,1560,182,1,181,0.46,8,buy
9/08,2327,永豐金-敦北,0039004100380039,37,518,-481,1.22,8,sell
9/08,2327,元大證券,9800,2495,2316,179,0.45,9,buy
9/08,2327,凱基,9200,101,554,-453,1.15,9,sell
9/08,2327,大和國泰,8890,150,0,150,0.38,10,buy
9/08,2327,摩根大通,8440,738,1121,-383,0.97,10,sell
9/08,2327,法銀巴黎,8900,145,2,143,0.36,11,buy
9/08,2327,中國信託-松江,6167,21,215,-194,0.49,11,sell
9/08,2327,兆豐-民生,0037003000300063,158,23,135,0.34,12,buy
9/08,2327,華南永昌-台中,9302,69,218,-149,0.38,12,sell
9/08,2327,玉山證券,8840,188,56,132,0.33,13,buy
9/08,2327,永豐金-內湖,0039004100390067,33,173,-140,0.36,13,sell
9/08,2327,元大-虎尾,003900380030006c,129,12,117,0.3,14,buy
9/08,2327,港商麥格理,1360,42,161,-119,0.3,14,sell
9/08,2327,凱基-斗六,9281,109,2,107,0.27,15,buy
9/08,2327,美林,1440,154,235,-81,0.21,15,sell
9/08,5904,美商高盛,1480,560,99,461,17.4,1,buy
9/08,5904,凱基-台北,9268,142,425,-283,10.68,1,sell
9/08,5904,美林,1440,130,1,129,4.87,2,buy
9/08,5904,華南永昌-基隆,9322,2,100,-98,3.7,2,sell
9/08,5904,元大-大灣,9815,89,0,89,3.36,3,buy
9/08,5904,元大-龍潭,9858,2,90,-88,3.32,3,sell
9/08,5904,摩根大通,8440,90,18,72,2.72,4,buy
9/08,5904,台灣摩根士丹利,1470,146,213,-67,2.53,4,sell
9/08,5904,元大證券,9800,142,90,52,1.96,5,buy
9/08,5904,元大-頭份,0039003800330055,6,35,-29,1.09,5,sell
9/08,5904,安泰,8380,51,1,50,1.89,6,buy
9/08,5904,陽信-高雄,8713,0,25,-25,0.94,6,sell
9/08,5904,臺銀-高雄,0031003000340043,24,1,23,0.87,7,buy
9/08,5904,群益金鼎-東大,9135,2,23,-21,0.79,7,sell
9/08,5904,新加坡商瑞銀,1650,45,29,16,0.6,8,buy
9/08,5904,國票證券,7790,8,26,-18,0.68,8,sell
9/08,5904,第一金-安和,003500330038006a,17,4,13,0.49,9,buy
9/08,5904,華南永昌-楠梓,9332,4,21,-17,0.64,9,sell
9/08,5904,台新,0039004200300030,17,6,11,0.42,10,buy
9/08,5904,新光-台中,8561,3,19,-16,0.6,10,sell
9/08,5904,統一-三多,0035003800350051,10,0,10,0.38,11,buy
9/08,5904,群益金鼎-台中,9184,2,18,-16,0.6,11,sell
9/08,5904,元大-大同,0039003800390047,11,1,10,0.38,12,buy
9/08,5904,永豐金-天母,0039004100390047,1,17,-16,0.6,12,sell
9/08,5904,國泰-館前,0038003800380041,13,4,9,0.34,13,buy
9/08,5904,元大-樹林,003900380039006a,2,15,-13,0.49,13,sell
9/08,5904,永豐金-新竹,0039004100390037,8,0,8,0.3,14,buy
9/08,5904,富邦-內湖,9627,4,18,-14,0.53,14,sell
9/08,5904,臺銀-臺南,1042,7,0,7,0.26,15,buy
9/08,5904,港商麥格理,1360,0,13,-13,0.49,15,sell
9/08,2834,台灣摩根士丹利,1470,10929,796,10133,15.62,1,buy
9/08,2834,台新-城東,0039004200320072,32,6117,-6085,9.38,1,sell
9/08,2834,新加坡商瑞銀,1650,6984,114,6870,10.59,2,buy
9/08,2834,美商高盛,1480,5990,9356,-3366,5.19,2,sell
9/08,2834,摩根大通,8440,5144,112,5032,7.76,3,buy
9/08,2834,中國信託,6160,23,2134,-2111,3.25,3,sell
9/08,2834,永豐金證券,0039004100300030,3751,148,3603,5.55,4,buy
9/08,2834,華南永昌-苗栗,9362,0,1005,-1005,1.55,4,sell
9/08,2834,國票-長城,0037003700390075,3400,0,3400,5.24,5,buy
9/08,2834,華南永昌-敦南,9347,0,903,-903,1.39,5,sell
9/08,2834,港商野村,1560,3232,0,3232,4.98,6,buy
9/08,2834,統一-台南,5855,10,684,-674,1.04,6,sell
9/08,2834,凱基-台北,9268,2576,970,1606,2.48,7,buy
9/08,2834,凱基-竹科,9272,10,611,-601,0.93,7,sell
9/08,2834,凱基-市政,9239,1381,4,1377,2.12,8,buy
9/08,2834,元大-南京,9862,3,585,-582,0.9,8,sell
9/08,2834,元大-南屯,9853,962,28,934,1.44,9,buy
9/08,2834,玉山-高雄,8843,13,588,-575,0.89,9,sell
9/08,2834,台新-城中,0039004200320045,1138,273,865,1.33,10,buy
9/08,2834,統一-三重,003500380035004a,10,544,-534,0.82,10,sell
9/08,2834,花旗環球,1590,832,0,832,1.28,11,buy
9/08,2834,凱基-汐止,9226,5,539,-534,0.82,11,sell
9/08,2834,富邦-公益,0039003600310046,822,38,784,1.21,12,buy
9/08,2834,陽信-高雄,8713,0,500,-500,0.77,12,sell
9/08,2834,永豐金-南投,003900410039004d,602,6,596,0.92,13,buy
9/08,2834,凱基-中壢,9285,37,465,-428,0.66,13,sell
9/08,2834,國泰證券,8880,509,26,483,0.74,14,buy
9/08,2834,臺銀-臺南,1042,4,406,-402,0.62,14,sell
9/08,2834,法銀巴黎,8900,485,14,471,0.73,15,buy
9/08,2834,玉山-左營,0038003800340044,16,400,-384,0.59,15,sell
9/08,5388,元大-和平,9863,132,0,132,3.25,1,buy
9/08,5388,摩根大通,8440,52,532,-480,11.83,1,sell
9/08,5388,台中銀-台北,6115,50,0,50,1.23,2,buy
9/08,5388,凱基,9200,0,409,-409,10.08,2,sell
9/08,5388,元大-內湖民權,9867,52,6,46,1.13,3,buy
9/08,5388,凱基-台北,9268,148,499,-351,8.65,3,sell
9/08,5388,國票-九鼎,0037003700390050,45,1,44,1.08,4,buy
9/08,5388,元大證券,9800,47,280,-233,5.74,4,sell
9/08,5388,台灣企銀-台中,1111,43,1,42,1.04,5,buy
9/08,5388,美商高盛,1480,12,152,-140,3.45,5,sell
9/08,5388,新光-新竹,8563,37,0,37,0.91,6,buy
9/08,5388,富邦-員林,9672,10,143,-133,3.28,6,sell
9/08,5388,元大-四維,9831,37,1,36,0.89,7,buy
9/08,5388,台灣摩根士丹利,1470,14,99,-85,2.1,7,sell
9/08,5388,凱基-三重,9205,40,5,35,0.86,8,buy
9/08,5388,統一-仁愛,0035003800350063,0,75,-75,1.85,8,sell
9/08,5388,富邦-內湖,9627,34,0,34,0.84,9,buy
9/08,5388,美林,1440,0,68,-68,1.68,9,sell
9/08,5388,國泰-敦南,8888,63,32,31,0.76,10,buy
9/08,5388,群益金鼎-台南,9185,0,46,-46,1.13,10,sell
9/08,5388,元大-台中,9812,31,0,31,0.76,11,buy
9/08,5388,台新,0039004200300030,71,110,-39,0.96,11,sell
9/08,5388,元大-敦南,0039003800390050,33,3,30,0.74,12,buy
9/08,5388,合庫證券,1020,2,40,-38,0.94,12,sell
9/08,5388,台新-成功,003900420032006d,30,0,30,0.74,13,buy
9/08,5388,第一金-台南,5384,4,42,-38,0.94,13,sell
9/08,5388,元大-內湖,003900380039004e,33,4,29,0.71,14,buy
9/08,5388,新百王,6210,5,42,-37,0.91,14,sell
9/08,5388,富邦-陽明,9604,27,0,27,0.67,15,buy
9/08,5388,臺銀-高雄,0031003000340043,16,53,-37,0.91,15,sell
9/08,3036,元大-復北,9872,251,1,250,4.43,1,buy
9/08,3036,新加坡商瑞銀,1650,169,1060,-891,15.79,1,sell
9/08,3036,合庫證券,1020,123,0,123,2.18,2,buy
9/08,3036,摩根大通,8440,89,870,-781,13.84,2,sell
9/08,3036,凱基-台北,9268,283,169,114,2.02,3,buy
9/08,3036,台灣摩根士丹利,1470,172,572,-400,7.09,3,sell
9/08,3036,香港上海匯豐,8960,111,5,106,1.88,4,buy
9/08,3036,港商麥格理,1360,3,271,-268,4.75,4,sell
9/08,3036,台新-緯城,0039004200320041,100,0,100,1.77,5,buy
9/08,3036,元大證券,9800,352,598,-246,4.36,5,sell
9/08,3036,台新-潮州,0039004200320043,67,0,67,1.19,6,buy
9/08,3036,富邦證券,9600,1,110,-109,1.93,6,sell
9/08,3036,新光,8560,63,3,60,1.06,7,buy
9/08,3036,華南永昌-淡水,9316,0,100,-100,1.77,7,sell
9/08,3036,美林,1440,83,27,56,0.99,8,buy
9/08,3036,玉山證券,8840,11,105,-94,1.67,8,sell
9/08,3036,法銀巴黎,8900,70,17,53,0.94,9,buy
9/08,3036,美商高盛,1480,252,332,-80,1.42,9,sell
9/08,3036,富邦-竹北,9624,53,0,53,0.94,10,buy
9/08,3036,元大-永春,9852,8,64,-56,0.99,10,sell
9/08,3036,第一金-桃園,5385,52,0,52,0.92,11,buy
9/08,3036,港商野村,1560,0,55,-55,0.97,11,sell
9/08,3036,康和-延平,8451,51,0,51,0.9,12,buy
9/08,3036,福勝,6950,1,30,-29,0.51,12,sell
9/08,3036,永豐金-松山,0039004100390031,51,1,50,0.89,13,buy
9/08,3036,統一,5850,3,28,-25,0.44,13,sell
9/08,3036,國泰-敦南,8888,83,34,49,0.87,14,buy
9/08,3036,元大-土城永寧,9875,1,25,-24,0.43,14,sell
9/08,3036,永豐金-忠孝,0039004100390044,39,1,38,0.67,15,buy
9/08,3036,永豐金證券,0039004100300030,19,36,-17,0.3,15,sell
9/08,2880,美林,1440,2625,32,2593,19.56,1,buy
9/08,2880,港商麥格理,1360,119,965,-846,6.38,1,sell
9/08,2880,摩根大通,8440,2358,382,1976,14.91,2,buy
9/08,2880,台灣摩根士丹利,1470,372,975,-603,4.55,2,sell
9/08,2880,新加坡商瑞銀,1650,2029,653,1376,10.38,3,buy
9/08,2880,華南永昌-忠孝,9325,0,401,-401,3.03,3,sell
9/08,2880,統一,5850,817,1,816,6.16,4,buy
9/08,2880,花旗環球,1590,98,469,-371,2.8,4,sell
9/08,2880,第一金,5380,735,1,734,5.54,5,buy
9/08,2880,凱基-高美館,9215,0,213,-213,1.61,5,sell
9/08,2880,美商高盛,1480,617,299,318,2.4,6,buy
9/08,2880,凱基,9200,1,200,-199,1.5,6,sell
9/08,2880,港商野村,1560,209,0,209,1.58,7,buy
9/08,2880,玉山-台南,8847,0,195,-195,1.47,7,sell
9/08,2880,元大證券,9800,721,564,157,1.18,8,buy
9/08,2880,大昌-安康,6462,2,151,-149,1.12,8,sell
9/08,2880,凱基-台北,9268,1219,1077,142,1.07,9,buy
9/08,2880,國泰-敦南,8888,10,139,-129,0.97,9,sell
9/08,2880,香港上海匯豐,8960,41,0,41,0.31,10,buy
9/08,2880,國泰-高雄,8881,2,126,-124,0.94,10,sell
9/08,2880,凱基-中壢,9285,50,9,41,0.31,11,buy
9/08,2880,華南永昌-台中,9302,2,115,-113,0.85,11,sell
9/08,2880,國票證券,7790,41,8,33,0.25,12,buy
9/08,2880,統一-士林,003500380035004d,0,105,-105,0.79,12,sell
9/08,2880,富邦-木柵,003900360031004d,35,4,31,0.23,13,buy
9/08,2880,群益金鼎-台中,9184,0,101,-101,0.76,13,sell
9/08,2880,富邦證券,9600,38,7,31,0.23,14,buy
9/08,2880,統一-東湖,0035003800350052,0,97,-97,0.73,14,sell
9/08,2880,日茂,5960,40,14,26,0.2,15,buy
9/08,2880,中國信託,6160,0,83,-83,0.63,15,sell
9/08,3045,元大證券,9800,960,113,847,19.0,1,buy
9/08,3045,第一金,5380,0,517,-517,11.6,1,sell
9/08,3045,美商高盛,1480,665,56,609,13.66,2,buy
9/08,3045,凱基-城中,9227,1,500,-499,11.2,2,sell
9/08,3045,摩根大通,8440,609,176,433,9.72,3,buy
9/08,3045,凱基-台北,9268,303,581,-278,6.24,3,sell
9/08,3045,美林,1440,317,10,307,6.89,4,buy
9/08,3045,兆豐-桃園,003700300030004d,167,367,-200,4.49,4,sell
9/08,3045,台灣摩根士丹利,1470,231,38,193,4.33,5,buy
9/08,3045,富邦證券,9600,7,164,-157,3.52,5,sell
9/08,3045,新加坡商瑞銀,1650,173,0,173,3.88,6,buy
9/08,3045,元大-復北,9872,0,156,-156,3.5,6,sell
9/08,3045,港商麥格理,1360,303,188,115,2.58,7,buy
9/08,3045,台灣企銀,1110,0,120,-120,2.69,7,sell
9/08,3045,香港上海匯豐,8960,56,0,56,1.26,8,buy
9/08,3045,福邦證券,6480,0,100,-100,2.24,8,sell
9/08,3045,花旗環球,1590,72,25,47,1.05,9,buy
9/08,3045,華南永昌-麻豆,9308,0,50,-50,1.12,9,sell
9/08,3045,富邦-建國,9658,44,3,41,0.92,10,buy
9/08,3045,兆豐-寶成,0037003000300072,0,40,-40,0.9,10,sell
9/08,3045,富邦-內湖,9627,13,0,13,0.29,11,buy
9/08,3045,元大-南屯,9853,0,40,-40,0.9,11,sell
9/08,3045,玉山-城中,0038003800340045,10,0,10,0.22,12,buy
9/08,3045,華南永昌-高雄,9303,0,32,-32,0.72,12,sell
9/08,3045,華南永昌,9300,11,2,9,0.2,13,buy
9/08,3045,國泰-敦南,8888,0,22,-22,0.49,13,sell
9/08,3045,凱基-新店,0039003200300056,10,1,9,0.2,14,buy
9/08,3045,統一,5850,0,22,-22,0.49,14,sell
9/08,3045,元大-忠孝,9871,12,8,4,0.09,15,buy
9/08,3045,第一金-台南,5384,0,21,-21,0.47,15,sell
9/08,2889,台灣摩根士丹利,1470,2356,5,2351,18.6,1,buy
9/08,2889,美好,5260,0,1370,-1370,10.84,1,sell
9/08,2889,凱基-台北,9268,1654,614,1040,8.23,2,buy
9/08,2889,群益金鼎,9100,16,1055,-1039,8.22,2,sell
9/08,2889,新加坡商瑞銀,1650,1038,459,579,4.58,3,buy
9/08,2889,富邦-宜蘭,9686,0,821,-821,6.49,3,sell
9/08,2889,美林,1440,509,32,477,3.77,4,buy
9/08,2889,富邦-南京,0039003600310043,26,701,-675,5.34,4,sell
9/08,2889,花旗環球,1590,389,0,389,3.08,5,buy
9/08,2889,富邦-新營,9693,3,655,-652,5.16,5,sell
9/08,2889,摩根大通,8440,548,201,347,2.75,6,buy
9/08,2889,台新-同大,0039004200320050,2,360,-358,2.83,6,sell
9/08,2889,台中銀-豐原,0036003100310041,310,40,270,2.14,7,buy
9/08,2889,台新-五權西,0039004200320035,10,363,-353,2.79,7,sell
9/08,2889,元大-新竹,9816,260,2,258,2.04,8,buy
9/08,2889,聯邦-台南,8588,0,324,-324,2.56,8,sell
9/08,2889,土銀-嘉義,1034,171,2,169,1.34,9,buy
9/08,2889,元大-北屯,0039003800390064,0,202,-202,1.6,9,sell
9/08,2889,統一-敦南,5852,168,2,166,1.31,10,buy
9/08,2889,凱基-中壢,9285,0,171,-171,1.35,10,sell
9/08,2889,聯邦證券,8580,150,0,150,1.19,11,buy
9/08,2889,國泰-敦南,8888,101,259,-158,1.25,11,sell
9/08,2889,新光-台中,8561,115,4,111,0.88,12,buy
9/08,2889,元大-向上,9824,0,95,-95,0.75,12,sell
9/08,2889,合庫-自強,0031003000320043,101,0,101,0.8,13,buy
9/08,2889,元大-屏東民生,0039003800310068,7,101,-94,0.74,13,sell
9/08,2889,台新-埔里,0039004200320059,100,0,100,0.79,14,buy
9/08,2889,華南永昌-朴子,9329,9,101,-92,0.73,14,sell
9/08,2889,元大-大甲,0039003800390055,100,2,98,0.78,15,buy
9/08,2889,群益金鼎-東門,0039003100380044,2,91,-89,0.7,15,sell
9/08,2845,美商高盛,1480,1407,534,873,6.99,1,buy
9/08,2845,凱基-中壢,9285,5,2233,-2228,17.84,1,sell
9/08,2845,台灣摩根士丹利,1470,1435,624,811,6.49,2,buy
9/08,2845,凱基-豐中,9223,0,256,-256,2.05,2,sell
9/08,2845,美林,1440,515,162,353,2.83,3,buy
9/08,2845,摩根大通,8440,743,997,-254,2.03,3,sell
9/08,2845,花旗環球,1590,303,0,303,2.43,4,buy
9/08,2845,元大-豐原站前,0039003800390057,8,236,-228,1.83,4,sell
9/08,2845,光和-高雄,0036003300380044,300,3,297,2.38,5,buy
9/08,2845,元大-大天母,9893,10,235,-225,1.8,5,sell
9/08,2845,凱基-台北,9268,1086,917,169,1.35,6,buy
9/08,2845,華南永昌-竹北,9339,251,450,-199,1.59,6,sell
9/08,2845,元大證券,9800,626,474,152,1.22,7,buy
9/08,2845,富邦證券,9600,1,167,-166,1.33,7,sell
9/08,2845,玉山-雙和,8841,103,0,103,0.82,8,buy
9/08,2845,土銀-台中,1031,0,150,-150,1.2,8,sell
9/08,2845,兆豐-南門,0037003000300067,102,1,101,0.81,9,buy
9/08,2845,港商野村,1560,0,144,-144,1.15,9,sell
9/08,2845,永豐金-南投,003900410039004d,100,0,100,0.8,10,buy
9/08,2845,凱基-東勢,0039003200310059,0,128,-128,1.02,10,sell
9/08,2845,土銀-新竹,1035,97,0,97,0.78,11,buy
9/08,2845,華南永昌-斗六,9327,0,101,-101,0.81,11,sell
9/08,2845,兆豐-竹北,7007,90,0,90,0.72,12,buy
9/08,2845,兆豐-新莊,0037003000300077,0,100,-100,0.8,12,sell
9/08,2845,台新,0039004200300030,167,81,86,0.69,13,buy
9/08,2845,國泰-敦南,8888,68,151,-83,0.66,13,sell
9/08,2845,國票-北高雄,003700370039004a,200,131,69,0.55,14,buy
9/08,2845,元大-中山北路,0039003800300061,0,71,-71,0.57,14,sell
9/08,2845,新光-高雄,8562,77,10,67,0.54,15,buy
9/08,2845,新光-台南,8564,14,80,-66,0.53,15,sell
9/08,2812,美林,1440,1230,44,1186,11.18,1,buy
9/08,2812,富邦-台南,9667,5,560,-555,5.23,1,sell
9/08,2812,台灣摩根士丹利,1470,1302,466,836,7.88,2,buy
9/08,2812,台新,0039004200300030,104,482,-378,3.56,2,sell
9/08,2812,港商野村,1560,606,0,606,5.71,3,buy
9/08,2812,永豐金-桃園,0039004100390078,3,339,-336,3.17,3,sell
9/08,2812,凱基-豐中,9223,507,9,498,4.69,4,buy
9/08,2812,國泰-台中,8882,16,225,-209,1.97,4,sell
9/08,2812,新加坡商瑞銀,1650,1227,774,453,4.27,5,buy
9/08,2812,玉山-城中,0038003800340045,0,200,-200,1.88,5,sell
9/08,2812,凱基-台北,9268,693,241,452,4.26,6,buy
9/08,2812,華南永昌-竹北,9339,0,200,-200,1.88,6,sell
9/08,2812,美商高盛,1480,912,516,396,3.73,7,buy
9/08,2812,國泰-敦南,8888,60,249,-189,1.78,7,sell
9/08,2812,台中銀,6110,320,50,270,2.54,8,buy
9/08,2812,康和-新竹,8456,0,168,-168,1.58,8,sell
9/08,2812,富邦證券,9600,168,0,168,1.58,9,buy
9/08,2812,元大-清水,0039003800300065,1,155,-154,1.45,9,sell
9/08,2812,新光-桃園,8565,159,7,152,1.43,10,buy
9/08,2812,第一金-忠孝,0035003300380044,0,148,-148,1.39,10,sell
9/08,2812,永豐金-南投,003900410039004d,111,0,111,1.05,11,buy
9/08,2812,群益金鼎-中港,9138,0,134,-134,1.26,11,sell
9/08,2812,德信-新營,6913,100,0,100,0.94,12,buy
9/08,2812,元大-鳳山,003900380033005a,0,128,-128,1.21,12,sell
9/08,2812,元大-竹北,0039003800310042,100,0,100,0.94,13,buy
9/08,2812,永豐金-台南,0039004100390068,10,135,-125,1.18,13,sell
9/08,2812,富邦-新店,9661,100,2,98,0.92,14,buy
9/08,2812,群益金鼎-新莊,0039003100380047,0,119,-119,1.12,14,sell
9/08,2812,花旗環球,1590,265,175,90,0.85,15,buy
9/08,2812,元大-新竹,9816,0,103,-103,0.97,15,sell
9/08,2027,摩根大通,8440,2351,64,2287,18.76,1,buy
9/08,2027,國泰證券,8880,1,5552,-5551,45.53,1,sell
9/08,2027,新加坡商瑞銀,1650,1749,85,1664,13.65,2,buy
9/08,2027,凱基-市政,9239,0,240,-240,1.97,2,sell
9/08,2027,凱基-台北,9268,1616,101,1515,12.43,3,buy
9/08,2027,元大-館前,003900380034004b,0,162,-162,1.33,3,sell
9/08,2027,美商高盛,1480,1562,284,1278,10.48,4,buy
9/08,2027,統一,5850,0,107,-107,0.88,4,sell
9/08,2027,美林,1440,834,4,830,6.81,5,buy
9/08,2027,華南永昌-苗栗,9362,0,104,-104,0.85,5,sell
9/08,2027,台灣摩根士丹利,1470,702,389,313,2.57,6,buy
9/08,2027,元大-上新莊,0039003800330047,0,101,-101,0.83,6,sell
9/08,2027,法銀巴黎,8900,243,0,243,1.99,7,buy
9/08,2027,國票-博愛,003700370039007a,2,103,-101,0.83,7,sell
9/08,2027,群益金鼎-彰化,9187,170,1,169,1.39,8,buy
9/08,2027,(牛牛牛)亞-鑫豐,0036003000310064,10,96,-86,0.71,8,sell
9/08,2027,富邦證券,9600,155,20,135,1.11,9,buy
9/08,2027,兆豐證券,7000,45,120,-75,0.62,9,sell
9/08,2027,第一金,5380,121,0,121,0.99,10,buy
9/08,2027,台新,0039004200300030,2,75,-73,0.6,10,sell
9/08,2027,大和國泰,8890,100,0,100,0.82,11,buy
9/08,2027,元大-草屯,0039003800390045,8,70,-62,0.51,11,sell
9/08,2027,中國信託,6160,78,25,53,0.43,12,buy
9/08,2027,元大-金華,9878,0,57,-57,0.47,12,sell
9/08,2027,華南永昌-基隆,9322,60,12,48,0.39,13,buy
9/08,2027,台新-台南,0039004200310036,1,57,-56,0.46,13,sell
9/08,2027,元大證券,9800,351,307,44,0.36,14,buy
9/08,2027,日進,5660,1,56,-55,0.45,14,sell
9/08,2027,富邦-木柵,003900360031004d,27,0,27,0.22,15,buy
9/08,2027,亞東,2180,2,54,-52,0.43,15,sell
9/08,2884,統一,5850,11275,196,11079,16.56,1,buy
9/08,2884,美商高盛,1480,1111,11976,-10865,16.24,1,sell
9/08,2884,摩根大通,8440,11636,4162,7474,11.17,2,buy
9/08,2884,凱基-台北,9268,3067,6500,-3433,5.13,2,sell
9/08,2884,永豐金-匯立,0039004100380031,6483,0,6483,9.69,3,buy
9/08,2884,港商麥格理,1360,552,1878,-1326,1.98,3,sell
9/08,2884,新加坡商瑞銀,1650,5898,3447,2451,3.66,4,buy
9/08,2884,玉山證券,8840,80,1145,-1065,1.59,4,sell
9/08,2884,美林,1440,2674,446,2228,3.33,5,buy
9/08,2884,新光-台中,8561,19,977,-958,1.43,5,sell
9/08,2884,凱基,9200,2219,325,1894,2.83,6,buy
9/08,2884,玉山-板橋,8846,47,948,-901,1.35,6,sell
9/08,2884,中國信託,6160,1428,174,1254,1.87,7,buy
9/08,2884,新光,8560,103,848,-745,1.11,7,sell
9/08,2884,港商野村,1560,1319,210,1109,1.66,8,buy
9/08,2884,陽信-台南,8714,14,666,-652,0.97,8,sell
9/08,2884,元大證券,9800,4142,3041,1101,1.65,9,buy
9/08,2884,玉山-台中,0038003800340042,13,486,-473,0.71,9,sell
9/08,2884,富邦證券,9600,711,76,635,0.95,10,buy
9/08,2884,國泰-敦南,8888,325,787,-462,0.69,10,sell
9/08,2884,富隆證券,5110,565,0,565,0.84,11,buy
9/08,2884,凱基-竹科,9272,7,419,-412,0.62,11,sell
9/08,2884,群益金鼎-海山,9108,493,13,480,0.72,12,buy
9/08,2884,玉山-高雄,8843,49,412,-363,0.54,12,sell
9/08,2884,兆豐-寶成,0037003000300072,203,11,192,0.29,13,buy
9/08,2884,永豐金證券,0039004100300030,54,377,-323,0.48,13,sell
9/08,2884,國票證券,7790,205,13,192,0.29,14,buy
9/08,2884,群益金鼎-永和,003900310038004a,42,341,-299,0.45,14,sell
9/08,2884,富邦-仁愛,9676,279,126,153,0.23,15,buy
9/08,2884,玉山-城中,0038003800340045,39,317,-278,0.42,15,sell
9/08,3231,凱基-站前,0039003200300046,2676,28,2648,2.15,1,buy
9/08,3231,台灣摩根士丹利,1470,3140,18868,-15728,12.76,1,sell
9/08,3231,台新,0039004200300030,2675,182,2493,2.02,2,buy
9/08,3231,美商高盛,1480,4874,16690,-11816,9.59,2,sell
9/08,3231,富邦證券,9600,4256,2101,2155,1.75,3,buy
9/08,3231,新加坡商瑞銀,1650,1772,8656,-6884,5.59,3,sell
9/08,3231,永豐金證券,0039004100300030,2820,889,1931,1.57,4,buy
9/08,3231,元大證券,9800,12783,17440,-4657,3.78,4,sell
9/08,3231,摩根大通,8440,8048,6151,1897,1.54,5,buy
9/08,3231,港商麥格理,1360,674,4527,-3853,3.13,5,sell
9/08,3231,永豐金-萬盛,0039004100390032,1084,19,1065,0.86,6,buy
9/08,3231,花旗環球,1590,1475,3432,-1957,1.59,6,sell
9/08,3231,華南永昌,9300,999,161,838,0.68,7,buy
9/08,3231,凱基-台北,9268,6565,8229,-1664,1.35,7,sell
9/08,3231,國泰-敦南,8888,1579,800,779,0.63,8,buy
9/08,3231,美林,1440,3108,4607,-1499,1.22,8,sell
9/08,3231,凱基,9200,819,46,773,0.63,9,buy
9/08,3231,港商野村,1560,1326,1735,-409,0.33,9,sell
9/08,3231,統一,5850,1100,443,657,0.53,10,buy
9/08,3231,凱基-高美館,9215,95,440,-345,0.28,10,sell
9/08,3231,富邦-嘉義,9692,1800,1243,557,0.45,11,buy
9/08,3231,華南永昌-世貿,9334,155,439,-284,0.23,11,sell
9/08,3231,台新-台北,0039004200320030,445,23,422,0.34,12,buy
9/08,3231,新光,8560,715,990,-275,0.22,12,sell
9/08,3231,國泰證券,8880,483,111,372,0.3,13,buy
9/08,3231,兆豐-忠孝,0037003000300061,90,328,-238,0.19,13,sell
9/08,3231,亞東-高雄,2186,363,1,362,0.29,14,buy
9/08,3231,法銀巴黎,8900,32,221,-189,0.15,14,sell
9/08,3231,群益金鼎-大安,0039003100380065,348,0,348,0.28,15,buy
9/08,3231,永豐金-中和,0039004100390042,42,221,-179,0.15,15,sell
9/08,1101,摩根大通,8440,1535,262,1273,7.61,1,buy
9/08,1101,台灣摩根士丹利,1470,91,4104,-4013,23.99,1,sell
9/08,1101,美商高盛,1480,2369,1429,940,5.62,2,buy
9/08,1101,合庫證券,1020,1,1130,-1129,6.75,2,sell
9/08,1101,華南永昌-楠梓,9332,520,0,520,3.11,3,buy
9/08,1101,統一,5850,9,821,-812,4.85,3,sell
9/08,1101,富邦-桃園,9665,408,26,382,2.28,4,buy
9/08,1101,凱基-台北,9268,791,1364,-573,3.42,4,sell
9/08,1101,元大證券,9800,603,281,322,1.92,5,buy
9/08,1101,宏遠證券,1260,10,400,-390,2.33,5,sell
9/08,1101,台新-九如,0039004200320031,300,10,290,1.73,6,buy
9/08,1101,新光,8560,382,696,-314,1.88,6,sell
9/08,1101,新加坡商瑞銀,1650,307,58,249,1.49,7,buy
9/08,1101,台新-同大,0039004200320050,13,302,-289,1.73,7,sell
9/08,1101,永豐金-亞灣,0039004100390061,178,6,172,1.03,8,buy
9/08,1101,凱基-站前,0039003200300046,27,231,-204,1.22,8,sell
9/08,1101,美林,1440,284,126,158,0.94,9,buy
9/08,1101,富邦-建國,9658,37,210,-173,1.03,9,sell
9/08,1101,元大-成功,003900380039004c,150,0,150,0.9,10,buy
9/08,1101,臺銀-臺中,0031003000340041,438,607,-169,1.01,10,sell
9/08,1101,元大-桃興,9894,140,2,138,0.82,11,buy
9/08,1101,富邦-新竹,9647,28,173,-145,0.87,11,sell
9/08,1101,港商野村,1560,130,2,128,0.77,12,buy
9/08,1101,法銀巴黎,8900,0,96,-96,0.57,12,sell
9/08,1101,永豐金-古亭,0039004100390064,122,0,122,0.73,13,buy
9/08,1101,台新-基隆,0039004200320053,0,85,-85,0.51,13,sell
9/08,1101,彰銀,1230,113,1,112,0.67,14,buy
9/08,1101,合庫-台中,1021,9,92,-83,0.5,14,sell
9/08,1101,台中銀-員林,6114,106,0,106,0.63,15,buy
9/08,1101,台新-高雄,0039004200310067,3,62,-59,0.35,15,sell
9/08,6919,凱基-台北,9268,758,372,386,4.95,1,buy
9/08,6919,永豐金-敦南,0039004100380046,5,1049,-1044,13.39,1,sell
9/08,6919,國泰-敦南,8888,242,81,161,2.06,2,buy
9/08,6919,美商高盛,1480,78,935,-857,10.99,2,sell
9/08,6919,元大-大雅,0039003800330069,95,1,94,1.21,3,buy
9/08,6919,元大-敦南,0039003800390050,30,725,-695,8.91,3,sell
9/08,6919,臺銀-臺中,0031003000340041,93,1,92,1.18,4,buy
9/08,6919,台灣摩根士丹利,1470,39,606,-567,7.27,4,sell
9/08,6919,華南永昌-中正,9359,84,9,75,0.96,5,buy
9/08,6919,摩根大通,8440,129,506,-377,4.84,5,sell
9/08,6919,國票-安和,003700370039005a,67,1,66,0.85,6,buy
9/08,6919,台新,0039004200300030,50,287,-237,3.04,6,sell
9/08,6919,新光,8560,78,23,55,0.71,7,buy
9/08,6919,國票-台中,0037003700390076,9,150,-141,1.81,7,sell
9/08,6919,元大-羅東,0039003800320041,55,2,53,0.68,8,buy
9/08,6919,元大-新生,0039003800310058,2,61,-59,0.76,8,sell
9/08,6919,玉山-雙和,8841,58,12,46,0.59,9,buy
9/08,6919,凱基-埔墘,9288,15,65,-50,0.64,9,sell
9/08,6919,玉山-台中,0038003800340042,50,4,46,0.59,10,buy
9/08,6919,臺銀-高雄,0031003000340043,33,78,-45,0.58,10,sell
9/08,6919,元大-台北,0039003800300068,56,11,45,0.58,11,buy
9/08,6919,元大-台南,9896,11,51,-40,0.51,11,sell
9/08,6919,國泰-台中,8882,45,4,41,0.53,12,buy
9/08,6919,元大-旗山,003900380031006e,7,45,-38,0.49,12,sell
9/08,6919,元大-北投,0039003800390041,42,1,41,0.53,13,buy
9/08,6919,兆豐-桃園,003700300030004d,6,41,-35,0.45,13,sell
9/08,6919,富邦-竹北,9624,68,28,40,0.51,14,buy
9/08,6919,凱基,9200,0,34,-34,0.44,14,sell
9/08,6919,新加坡商瑞銀,1650,68,30,38,0.49,15,buy
9/08,6919,凱基-東港,9212,2,29,-27,0.35,15,sell
9/08,2481,凱基-台北,9268,1779,1276,503,1.87,1,buy
9/08,2481,摩根大通,8440,173,2631,-2458,9.15,1,sell
9/08,2481,國泰-敦南,8888,893,503,390,1.45,2,buy
9/08,2481,台灣摩根士丹利,1470,337,2288,-1951,7.26,2,sell
9/08,2481,兆豐證券,7000,246,11,235,0.88,3,buy
9/08,2481,新加坡商瑞銀,1650,12,1594,-1582,5.89,3,sell
9/08,2481,凱基-三重,9205,191,18,173,0.64,4,buy
9/08,2481,美商高盛,1480,189,1357,-1168,4.35,4,sell
9/08,2481,新光-新竹,8563,292,124,168,0.63,5,buy
9/08,2481,美林,1440,76,679,-603,2.25,5,sell
9/08,2481,第一金-台南,5384,174,10,164,0.61,6,buy
9/08,2481,港商野村,1560,0,596,-596,2.22,6,sell
9/08,2481,台新,0039004200300030,267,128,139,0.52,7,buy
9/08,2481,元大證券,9800,1953,2344,-391,1.46,7,sell
9/08,2481,統一-城中,5854,181,45,136,0.51,8,buy
9/08,2481,花旗環球,1590,0,301,-301,1.12,8,sell
9/08,2481,中國信託,6160,175,69,106,0.39,9,buy
9/08,2481,永豐金證券,0039004100300030,161,425,-264,0.98,9,sell
9/08,2481,新光,8560,265,164,101,0.38,10,buy
9/08,2481,群益金鼎-士林,9137,10,170,-160,0.6,10,sell
9/08,2481,凱基-員林,9231,100,0,100,0.37,11,buy
9/08,2481,華南永昌,9300,51,210,-159,0.59,11,sell
9/08,2481,富邦-木柵,003900360031004d,116,22,94,0.35,12,buy
9/08,2481,台新-建北,0039004200310038,27,185,-158,0.59,12,sell
9/08,2481,國泰-板橋,003800380038004b,184,93,91,0.34,13,buy
9/08,2481,富邦證券,9600,172,302,-130,0.48,13,sell
9/08,2481,國泰-台中,8882,174,89,85,0.32,14,buy
9/08,2481,統一,5850,80,201,-121,0.45,14,sell
9/08,2481,中國信託-高雄,003600310036004b,108,26,82,0.31,15,buy
9/08,2481,國泰證券,8880,103,215,-112,0.42,15,sell
9/08,8112,統一-台南,5855,313,5,308,5.63,1,buy
9/08,8112,美商高盛,1480,25,841,-816,14.92,1,sell
9/08,8112,兆豐證券,7000,111,4,107,1.96,2,buy
9/08,8112,凱基-台北,9268,201,762,-561,10.26,2,sell
9/08,8112,華南永昌-台中,9302,106,3,103,1.88,3,buy
9/08,8112,摩根大通,8440,29,364,-335,6.13,3,sell
9/08,8112,凱基-新莊,0039003200310053,55,0,55,1.01,4,buy
9/08,8112,美林,1440,16,316,-300,5.49,4,sell
9/08,8112,宏遠-台中,003100320036004c,54,0,54,0.99,5,buy
9/08,8112,台灣摩根士丹利,1470,0,210,-210,3.84,5,sell
9/08,8112,華南永昌-中正,9359,53,3,50,0.91,6,buy
9/08,8112,新加坡商瑞銀,1650,95,272,-177,3.24,6,sell
9/08,8112,國泰-敦南,8888,100,54,46,0.84,7,buy
9/08,8112,富邦-木柵,003900360031004d,8,176,-168,3.07,7,sell
9/08,8112,台新-新竹,0039004200320047,44,0,44,0.8,8,buy
9/08,8112,永豐金-彰化,0039004100390073,3,96,-93,1.7,8,sell
9/08,8112,元大-大統,003900380031007a,48,7,41,0.75,9,buy
9/08,8112,元大證券,9800,143,229,-86,1.57,9,sell
9/08,8112,兆豐-嘉義,7001,37,0,37,0.68,10,buy
9/08,8112,台中銀-豐原,0036003100310041,3,33,-30,0.55,10,sell
9/08,8112,凱基-高美館,9215,35,0,35,0.64,11,buy
9/08,8112,華南永昌-南京,9326,3,32,-29,0.53,11,sell
9/08,8112,國泰-館前,0038003800380041,38,3,35,0.64,12,buy
9/08,8112,統一,5850,42,67,-25,0.46,12,sell
9/08,8112,新光,8560,80,45,35,0.64,13,buy
9/08,8112,元大-景美,0039003800340048,1,25,-24,0.44,13,sell
9/08,8112,台新-文心,003900420032007a,34,0,34,0.62,14,buy
9/08,8112,兆豐-新營,003700300030004b,3,25,-22,0.4,14,sell
9/08,8112,富邦-陽明,9604,38,7,31,0.57,15,buy
9/08,8112,元大-彰化民生,003900380039004a,0,22,-22,0.4,15,sell
9/08,1303,花旗環球,1590,2667,71,2596,3.98,1,buy
9/08,1303,台灣摩根士丹利,1470,2069,3043,-974,1.49,1,sell
9/08,1303,新加坡商瑞銀,1650,3576,1793,1783,2.73,2,buy
9/08,1303,美林,1440,396,996,-600,0.92,2,sell
9/08,1303,富邦證券,9600,2244,1088,1156,1.77,3,buy
9/08,1303,港商麥格理,1360,88,547,-459,0.7,3,sell
9/08,1303,永豐金-匯立,0039004100380031,729,0,729,1.12,4,buy
9/08,1303,凱基-台北,9268,3905,4245,-340,0.52,4,sell
9/08,1303,富邦-嘉義,9692,685,153,532,0.82,5,buy
9/08,1303,摩根大通,8440,1751,2062,-311,0.48,5,sell
9/08,1303,元大證券,9800,4533,4029,504,0.77,6,buy
9/08,1303,群益金鼎,9100,390,687,-297,0.46,6,sell
9/08,1303,大和國泰,8890,390,0,390,0.6,7,buy
9/08,1303,國泰-敦南,8888,1776,2070,-294,0.45,7,sell
9/08,1303,台新-建北,0039004200310038,322,102,220,0.34,8,buy
9/08,1303,凱基,9200,107,390,-283,0.43,8,sell
9/08,1303,群益金鼎-民權,9131,243,33,210,0.32,9,buy
9/08,1303,港商野村,1560,300,511,-211,0.32,9,sell
9/08,1303,美商高盛,1480,5024,4829,195,0.3,10,buy
9/08,1303,凱基-台東,003900320030005a,25,215,-190,0.29,10,sell
9/08,1303,玉山證券,8840,279,86,193,0.3,11,buy
9/08,1303,統一-南京,0035003800350055,178,365,-187,0.29,11,sell
9/08,1303,永豐金-信義,0039004100390052,139,18,121,0.19,12,buy
9/08,1303,元大-復北,9872,335,511,-176,0.27,12,sell
9/08,1303,富邦-建國,9658,352,237,115,0.18,13,buy
9/08,1303,富邦-彰化,0039003600350055,23,161,-138,0.21,13,sell
9/08,1303,永豐金證券,0039004100300030,482,369,113,0.17,14,buy
9/08,1303,中國信託-文心,6164,35,171,-136,0.21,14,sell
9/08,1303,香港上海匯豐,8960,110,0,110,0.17,15,buy
9/08,1303,元大-中山北路,0039003800300061,108,242,-134,0.21,15,sell
9/08,2492,摩根大通,8440,1777,1242,535,2.1,1,buy
9/08,2492,美商高盛,1480,1014,2136,-1122,4.41,1,sell
9/08,2492,富邦證券,9600,631,122,509,2.0,2,buy
9/08,2492,凱基-台北,9268,1091,1847,-756,2.97,2,sell
9/08,2492,港商野村,1560,431,127,304,1.2,3,buy
9/08,2492,元大證券,9800,1989,2618,-629,2.47,3,sell
9/08,2492,兆豐-民生,0037003000300063,205,5,200,0.79,4,buy
9/08,2492,台新-松德,0039004200320061,31,261,-230,0.9,4,sell
9/08,2492,大昌-桃園,6465,164,7,157,0.62,5,buy
9/08,2492,統一,5850,28,236,-208,0.82,5,sell
9/08,2492,國票-敦北法人,0037003700390063,164,56,108,0.42,6,buy
9/08,2492,元大-蘆洲,9857,42,237,-195,0.77,6,sell
9/08,2492,國泰-敦南,8888,746,638,108,0.42,7,buy
9/08,2492,新加坡商瑞銀,1650,652,844,-192,0.76,7,sell
9/08,2492,凱基,9200,129,31,98,0.39,8,buy
9/08,2492,富邦-南港,0039003600320041,10,156,-146,0.57,8,sell
9/08,2492,國泰證券,8880,86,22,64,0.25,9,buy
9/08,2492,美林,1440,103,243,-140,0.55,9,sell
9/08,2492,元大-中壢,9834,94,39,55,0.22,10,buy
9/08,2492,凱基-城中,9227,7,145,-138,0.54,10,sell
9/08,2492,玉山-台中,0038003800340042,77,25,52,0.2,11,buy
9/08,2492,元大-博愛,0039003800320042,20,113,-93,0.37,11,sell
9/08,2492,台灣摩根士丹利,1470,1289,1245,44,0.17,12,buy
9/08,2492,富邦-敦南,9663,20,112,-92,0.36,12,sell
9/08,2492,元大-員林中山,9835,60,18,42,0.17,13,buy
9/08,2492,凱基-信義,9216,31,120,-89,0.35,13,sell
9/08,2492,國泰-台中,8882,175,136,39,0.15,14,buy
9/08,2492,元大-館前,003900380034004b,20,90,-70,0.28,14,sell
9/08,2492,永豐金-古亭,0039004100390064,49,13,36,0.14,15,buy
9/08,2492,國票證券,7790,27,89,-62,0.24,15,sell
9/08,8069,富邦證券,9600,705,20,685,12.97,1,buy
9/08,8069,台灣摩根士丹利,1470,93,2056,-1963,37.16,1,sell
9/08,8069,永豐金-內湖,0039004100390067,201,2,199,3.77,2,buy
9/08,8069,凱基-台北,9268,102,344,-242,4.58,2,sell
9/08,8069,富邦-彰化,0039003600350055,102,0,102,1.93,3,buy
9/08,8069,新加坡商瑞銀,1650,141,357,-216,4.09,3,sell
9/08,8069,國泰-敦南,8888,64,5,59,1.12,4,buy
9/08,8069,華南永昌-虎尾,9377,2,135,-133,2.52,4,sell
9/08,8069,第一金-台南,5384,47,0,47,0.89,5,buy
9/08,8069,港商野村,1560,2,121,-119,2.25,5,sell
9/08,8069,兆豐-新竹,0037003000300056,31,0,31,0.59,6,buy
9/08,8069,港商麥格理,1360,11,87,-76,1.44,6,sell
9/08,8069,法銀巴黎,8900,31,0,31,0.59,7,buy
9/08,8069,宏遠證券,1260,0,50,-50,0.95,7,sell
9/08,8069,台新-府城,0039004200320039,42,13,29,0.55,8,buy
9/08,8069,合庫證券,1020,5,54,-49,0.93,8,sell
9/08,8069,玉山-大里,003800380034004a,28,0,28,0.53,9,buy
9/08,8069,摩根大通,8440,168,200,-32,0.61,9,sell
9/08,8069,華南永昌-長虹,9333,34,7,27,0.51,10,buy
9/08,8069,富邦-南京,0039003600310043,2,31,-29,0.55,10,sell
9/08,8069,土銀,1030,24,0,24,0.45,11,buy
9/08,8069,第一金,5380,1,22,-21,0.4,11,sell
9/08,8069,凱基-松山,9217,22,0,22,0.42,12,buy
9/08,8069,台中銀-台北,6115,0,20,-20,0.38,12,sell
9/08,8069,元大-板橋三民,9879,24,3,21,0.4,13,buy
9/08,8069,元大-蘆洲,9857,8,21,-13,0.25,13,sell
9/08,8069,國泰-板橋,003800380038004b,33,12,21,0.4,14,buy
9/08,8069,美林,1440,462,472,-10,0.19,14,sell
9/08,8069,兆豐-桃鶯,0037003000300055,21,0,21,0.4,15,buy
9/08,8069,台新-北新莊,0039004200320038,0,10,-10,0.19,15,sell
9/08,2449,國泰證券,8880,806,10,796,4.95,1,buy
9/08,2449,美商高盛,1480,199,1737,-1538,9.56,1,sell
9/08,2449,統一-新竹,5857,165,2,163,1.01,2,buy
9/08,2449,元大證券,9800,758,1428,-670,4.17,2,sell
9/08,2449,國泰-敦南,8888,465,323,142,0.88,3,buy
9/08,2449,凱基-台北,9268,596,1248,-652,4.05,3,sell
9/08,2449,華南永昌,9300,214,93,121,0.75,4,buy
9/08,2449,香港上海匯豐,8960,16,538,-522,3.25,4,sell
9/08,2449,國泰-松江,8883,149,35,114,0.71,5,buy
9/08,2449,摩根大通,8440,214,637,-423,2.63,5,sell
9/08,2449,國泰-桃園,8885,89,27,62,0.39,6,buy
9/08,2449,新加坡商瑞銀,1650,148,485,-337,2.09,6,sell
9/08,2449,元大-虎尾,003900380030006c,58,1,57,0.35,7,buy
9/08,2449,台灣摩根士丹利,1470,483,768,-285,1.77,7,sell
9/08,2449,富邦證券,9600,378,324,54,0.34,8,buy
9/08,2449,台新-松德,0039004200320061,16,197,-181,1.13,8,sell
9/08,2449,元大-大同,0039003800390047,52,3,49,0.3,9,buy
9/08,2449,港商麥格理,1360,5,170,-165,1.03,9,sell
9/08,2449,富邦-台北,9623,107,58,49,0.3,10,buy
9/08,2449,元大-大天母,9893,16,153,-137,0.85,10,sell
9/08,2449,元大-南投,0039003800310044,47,2,45,0.28,11,buy
9/08,2449,統一,5850,40,172,-132,0.82,11,sell
9/08,2449,統一-南京,0035003800350055,44,1,43,0.27,12,buy
9/08,2449,花旗環球,1590,429,548,-119,0.74,12,sell
9/08,2449,國泰-台中,8882,88,46,42,0.26,13,buy
9/08,2449,美林,1440,236,346,-110,0.68,13,sell
9/08,2449,台新-台中,0039004200310068,74,32,42,0.26,14,buy
9/08,2449,凱基-土城,003900320031004a,11,98,-87,0.54,14,sell
9/08,2449,宏遠證券,1260,44,3,41,0.25,15,buy
9/08,2449,凱基-信義,9216,5,61,-56,0.35,15,sell
9/08,2610,摩根大通,8440,3460,10,3450,22.78,1,buy
9/08,2610,華南永昌-中正,9359,0,799,-799,5.27,1,sell
9/08,2610,美商高盛,1480,2352,305,2047,13.51,2,buy
9/08,2610,華南永昌-板橋,9349,1,381,-380,2.51,2,sell
9/08,2610,凱基-台北,9268,1556,264,1292,8.53,3,buy
9/08,2610,元大-樹林,003900380039006a,0,370,-370,2.44,3,sell
9/08,2610,台灣摩根士丹利,1470,1217,177,1040,6.87,4,buy
9/08,2610,合庫-台中,1021,0,366,-366,2.42,4,sell
9/08,2610,玉山-台中,0038003800340042,1021,17,1004,6.63,5,buy
9/08,2610,群益金鼎-開元,9134,2,333,-331,2.19,5,sell
9/08,2610,國泰證券,8880,908,21,887,5.86,6,buy
9/08,2610,國泰-敦南,8888,44,356,-312,2.06,6,sell
9/08,2610,元大證券,9800,674,262,412,2.72,7,buy
9/08,2610,中國信託-高雄,003600310036004b,5,308,-303,2.0,7,sell
9/08,2610,港商野村,1560,342,3,339,2.24,8,buy
9/08,2610,凱基-大里,0039003200300057,0,301,-301,1.99,8,sell
9/08,2610,美林,1440,329,59,270,1.78,9,buy
9/08,2610,凱基,9200,261,547,-286,1.89,9,sell
9/08,2610,富邦證券,9600,240,60,180,1.19,10,buy
9/08,2610,凱基-竹科,9272,0,265,-265,1.75,10,sell
9/08,2610,新加坡商瑞銀,1650,189,33,156,1.03,11,buy
9/08,2610,台新,0039004200300030,12,271,-259,1.71,11,sell
9/08,2610,國泰-桃園,8885,171,57,114,0.75,12,buy
9/08,2610,新光,8560,41,298,-257,1.7,12,sell
9/08,2610,永豐金證券,0039004100300030,136,25,111,0.73,13,buy
9/08,2610,兆豐-新莊,0037003000300077,0,250,-250,1.65,13,sell
9/08,2610,兆豐-彰化,0037003000300064,83,1,82,0.54,14,buy
9/08,2610,富邦-仁愛,9676,15,207,-192,1.27,14,sell
9/08,2610,第一金-澎湖,5387,96,25,71,0.47,15,buy
9/08,2610,統一-屏東,5859,5,177,-172,1.14,15,sell
9/08,3702,新加坡商瑞銀,1650,960,90,870,23.1,1,buy
9/08,3702,美商高盛,1480,135,653,-518,13.75,1,sell
9/08,3702,港商麥格理,1360,150,0,150,3.98,2,buy
9/08,3702,台灣摩根士丹利,1470,51,505,-454,12.06,2,sell
9/08,3702,凱基-台北,9268,423,320,103,2.73,3,buy
9/08,3702,摩根大通,8440,42,286,-244,6.48,3,sell
9/08,3702,玉山-雙和,8841,82,0,82,2.18,4,buy
9/08,3702,第一金-華江,0035003300380057,13,70,-57,1.51,4,sell
9/08,3702,美林,1440,82,4,78,2.07,5,buy
9/08,3702,富邦-南京,0039003600310043,0,55,-55,1.46,5,sell
9/08,3702,群益金鼎,9100,91,16,75,1.99,6,buy
9/08,3702,第一金-高雄,5383,0,52,-52,1.38,6,sell
9/08,3702,中國信託,6160,87,19,68,1.81,7,buy
9/08,3702,台新-大裕,003900420032006c,1,50,-49,1.3,7,sell
9/08,3702,凱基-士林,9238,61,1,60,1.59,8,buy
9/08,3702,凱基-城中,9227,1,44,-43,1.14,8,sell
9/08,3702,元大證券,9800,278,227,51,1.35,9,buy
9/08,3702,華南永昌-東昇,9386,1,43,-42,1.12,9,sell
9/08,3702,富邦證券,9600,63,13,50,1.33,10,buy
9/08,3702,港商野村,1560,2,38,-36,0.96,10,sell
9/08,3702,國票-敦北法人,0037003700390063,44,0,44,1.17,11,buy
9/08,3702,亞東-新竹,2184,0,32,-32,0.85,11,sell
9/08,3702,華南永昌,9300,41,4,37,0.98,12,buy
9/08,3702,統一,5850,4,35,-31,0.82,12,sell
9/08,3702,兆豐-彰化,0037003000300064,30,0,30,0.8,13,buy
9/08,3702,元大-屏南,0039003800310072,1,31,-30,0.8,13,sell
9/08,3702,香港上海匯豐,8960,28,0,28,0.74,14,buy
9/08,3702,華南永昌-世貿,9334,0,27,-27,0.72,14,sell
9/08,3702,富邦-中壢,9636,26,0,26,0.69,15,buy
9/08,3702,元大-忠孝,9871,2,27,-25,0.66,15,sell
9/08,4958,美商高盛,1480,2887,1094,1793,5.36,1,buy
9/08,4958,元大證券,9800,2529,3289,-760,2.27,1,sell
9/08,4958,新加坡商瑞銀,1650,1808,887,921,2.75,2,buy
9/08,4958,摩根大通,8440,1057,1710,-653,1.95,2,sell
9/08,4958,永豐金證券,0039004100300030,1129,236,893,2.67,3,buy
9/08,4958,凱基-台北,9268,1473,1804,-331,0.99,3,sell
9/08,4958,凱基,9200,501,59,442,1.32,4,buy
9/08,4958,港商野村,1560,396,664,-268,0.8,4,sell
9/08,4958,國泰證券,8880,393,32,361,1.08,5,buy
9/08,4958,美林,1440,187,402,-215,0.64,5,sell
9/08,4958,國票-敦北法人,0037003700390063,275,29,246,0.74,6,buy
9/08,4958,華南永昌,9300,274,434,-160,0.48,6,sell
9/08,4958,玉山證券,8840,171,58,113,0.34,7,buy
9/08,4958,大和國泰,8890,0,140,-140,0.42,7,sell
9/08,4958,兆豐-台中,7003,107,13,94,0.28,8,buy
9/08,4958,台灣摩根士丹利,1470,1363,1475,-112,0.33,8,sell
9/08,4958,富邦證券,9600,423,340,83,0.25,9,buy
9/08,4958,第一金-澎湖,5387,8,93,-85,0.25,9,sell
9/08,4958,法銀巴黎,8900,72,0,72,0.22,10,buy
9/08,4958,新光,8560,213,295,-82,0.25,10,sell
9/08,4958,兆豐證券,7000,95,24,71,0.21,11,buy
9/08,4958,港商麥格理,1360,4,75,-71,0.21,11,sell
9/08,4958,統一,5850,419,351,68,0.2,12,buy
9/08,4958,台新-世貿,0039004200320075,15,77,-62,0.19,12,sell
9/08,4958,元大-永和,9891,75,10,65,0.19,13,buy
9/08,4958,國泰-桃園,8885,114,173,-59,0.18,13,sell
9/08,4958,第一金-中山,5389,72,11,61,0.18,14,buy
9/08,4958,國泰-敦南,8888,1026,1082,-56,0.17,14,sell
9/08,4958,台新-台北,0039004200320030,63,5,58,0.17,15,buy
9/08,4958,元大-南勢角,0039003800340045,13,68,-55,0.16,15,sell
9/08,1409,凱基-台北,9268,1157,783,374,4.27,1,buy
9/08,1409,凱基,9200,0,266,-266,3.04,1,sell
9/08,1409,富邦-南屯,9666,302,5,297,3.39,2,buy
9/08,1409,永豐金證券,0039004100300030,54,304,-250,2.86,2,sell
9/08,1409,(牛牛牛)亞-鑫豐,0036003000310064,144,12,132,1.51,3,buy
9/08,1409,富邦-岡山,9616,5,206,-201,2.3,3,sell
9/08,1409,港商野村,1560,116,0,116,1.32,4,buy
9/08,1409,宏遠-桃園,1262,1,180,-179,2.04,4,sell
9/08,1409,港商麥格理,1360,100,0,100,1.14,5,buy
9/08,1409,統一-台中,5856,34,212,-178,2.03,5,sell
9/08,1409,台新,0039004200300030,111,26,85,0.97,6,buy
9/08,1409,陽信-台中,8715,0,120,-120,1.37,6,sell
9/08,1409,富邦-港都,0039003600320051,82,6,76,0.87,7,buy
9/08,1409,台灣企銀-太平,1115,5,122,-117,1.34,7,sell
9/08,1409,新加坡商瑞銀,1650,141,79,62,0.71,8,buy
9/08,1409,永豐金-竹科,0039004100390058,5,112,-107,1.22,8,sell
9/08,1409,永豐金-大園,0039004100390038,60,3,57,0.65,9,buy
9/08,1409,群益金鼎-市府,0039003100300044,3,103,-100,1.14,9,sell
9/08,1409,凱基-中壢,9285,56,3,53,0.61,10,buy
9/08,1409,凱基-中山,9229,0,99,-99,1.13,10,sell
9/08,1409,中國信託-中壢,0036003100360041,57,6,51,0.58,11,buy
9/08,1409,元大-六合,0039003800320043,5,100,-95,1.08,11,sell
9/08,1409,台新-松德,0039004200320061,49,3,46,0.53,12,buy
9/08,1409,元大-豐原站前,0039003800390057,7,96,-89,1.02,12,sell
9/08,1409,兆豐-天母,003700300030004c,45,0,45,0.51,13,buy
9/08,1409,富邦-新竹,9647,11,99,-88,1.01,13,sell
9/08,1409,國泰-松江,8883,45,0,45,0.51,14,buy
9/08,1409,群益金鼎-民權,9131,2,88,-86,0.98,14,sell
9/08,1409,美林,1440,89,46,43,0.49,15,buy
9/08,1409,摩根大通,8440,150,221,-71,0.81,15,sell
9/08,6147,新光,8560,800,306,494,0.99,1,buy
9/08,6147,台灣摩根士丹利,1470,613,2863,-2250,4.51,1,sell
9/08,6147,國泰-台中,8882,669,189,480,0.96,2,buy
9/08,6147,新加坡商瑞銀,1650,60,2179,-2119,4.25,2,sell
9/08,6147,摩根大通,8440,3780,3369,411,0.82,3,buy
9/08,6147,美商高盛,1480,1375,2855,-1480,2.97,3,sell
9/08,6147,宏遠證券,1260,389,31,358,0.72,4,buy
9/08,6147,元大證券,9800,4502,5753,-1251,2.51,4,sell
9/08,6147,國泰-敦南,8888,1668,1333,335,0.67,5,buy
9/08,6147,凱基-台北,9268,2664,3038,-374,0.75,5,sell
9/08,6147,富邦-仁愛,9676,355,37,318,0.64,6,buy
9/08,6147,永豐金證券,0039004100300030,384,732,-348,0.7,6,sell
9/08,6147,凱基-站前,0039003200300046,343,113,230,0.46,7,buy
9/08,6147,港商野村,1560,4,298,-294,0.59,7,sell
9/08,6147,華南永昌-南京,9326,299,84,215,0.43,8,buy
9/08,6147,元大-敦化,9833,282,496,-214,0.43,8,sell
9/08,6147,凱基,9200,325,138,187,0.38,9,buy
9/08,6147,統一-南京,0035003800350055,484,658,-174,0.35,9,sell
9/08,6147,統一-城中,5854,183,13,170,0.34,10,buy
9/08,6147,元大-忠孝,9871,89,217,-128,0.26,10,sell
9/08,6147,永豐金-豐原,0039004100390051,186,34,152,0.3,11,buy
9/08,6147,國泰證券,8880,190,309,-119,0.24,11,sell
9/08,6147,國泰-松江,8883,215,92,123,0.25,12,buy
9/08,6147,玉山證券,8840,78,191,-113,0.23,12,sell
9/08,6147,元大-新營,9825,119,14,105,0.21,13,buy
9/08,6147,元大-信義安和,0039003800300052,53,146,-93,0.19,13,sell
9/08,6147,永豐金-板新,003900410039004a,152,52,100,0.2,14,buy
9/08,6147,群益金鼎,9100,354,446,-92,0.18,14,sell
9/08,6147,台新-西松,003900420032006e,116,18,98,0.2,15,buy
9/08,6147,統一-竹南,003500380035006d,3,79,-76,0.15,15,sell
9/08,5351,國票-北高雄,003700370039004a,529,21,508,1.68,1,buy
9/08,5351,凱基-台北,9268,1271,3530,-2259,7.48,1,sell
9/08,5351,國泰-敦南,8888,1044,738,306,1.01,2,buy
9/08,5351,摩根大通,8440,1099,2700,-1601,5.3,2,sell
9/08,5351,美商高盛,1480,285,40,245,0.81,3,buy
9/08,5351,新加坡商瑞銀,1650,699,2034,-1335,4.42,3,sell
9/08,5351,臺銀-高雄,0031003000340043,149,32,117,0.39,4,buy
9/08,5351,港商野村,1560,182,918,-736,2.44,4,sell
9/08,5351,統一-城中,5854,120,16,104,0.34,5,buy
9/08,5351,台灣摩根士丹利,1470,3,538,-535,1.77,5,sell
9/08,5351,新光,8560,330,226,104,0.34,6,buy
9/08,5351,元大證券,9800,2544,2991,-447,1.48,6,sell
9/08,5351,元大-大里,0039003800310067,153,50,103,0.34,7,buy
9/08,5351,宏遠-高雄,0031003200360051,13,239,-226,0.75,7,sell
9/08,5351,永豐金-羅東,0039004100390041,104,11,93,0.31,8,buy
9/08,5351,美林,1440,64,252,-188,0.62,8,sell
9/08,5351,富邦-建國,9658,131,47,84,0.28,9,buy
9/08,5351,花旗環球,1590,78,211,-133,0.44,9,sell
9/08,5351,國泰-板橋,003800380038004b,129,52,77,0.25,10,buy
9/08,5351,中國信託-三重,6161,23,146,-123,0.41,10,sell
9/08,5351,統一-板橋,0035003800350050,82,5,77,0.25,11,buy
9/08,5351,統一-新營,0035003800350045,29,149,-120,0.4,11,sell
9/08,5351,玉山證券,8840,108,32,76,0.25,12,buy
9/08,5351,永豐金-板盛,0039004100390059,67,179,-112,0.37,12,sell
9/08,5351,永豐金證券,0039004100300030,196,124,72,0.24,13,buy
9/08,5351,台新-安南,003900420032005a,22,118,-96,0.32,13,sell
9/08,5351,元大-雙和,9874,107,35,72,0.24,14,buy
9/08,5351,元大-大統,003900380031007a,34,111,-77,0.25,14,sell
9/08,5351,富邦-新莊,0039003600320044,88,18,70,0.23,15,buy
9/08,5351,華南永昌-中正,9359,10,77,-67,0.22,15,sell
9/08,2890,美商高盛,1480,4470,504,3966,13.22,1,buy
9/08,2890,新加坡商瑞銀,1650,2771,5588,-2817,9.39,1,sell
9/08,2890,摩根大通,8440,6696,3586,3110,10.36,2,buy
9/08,2890,統一,5850,24,1508,-1484,4.94,2,sell
9/08,2890,元大證券,9800,4060,2516,1544,5.14,3,buy
9/08,2890,港商麥格理,1360,600,1261,-661,2.2,3,sell
9/08,2890,港商野村,1560,1144,0,1144,3.81,4,buy
9/08,2890,凱基-台北,9268,1791,2441,-650,2.17,4,sell
9/08,2890,美林,1440,1200,114,1086,3.62,5,buy
9/08,2890,國泰-敦南,8888,43,600,-557,1.86,5,sell
9/08,2890,永豐金證券,0039004100300030,1270,249,1021,3.4,6,buy
9/08,2890,第一金-高雄,5383,0,502,-502,1.67,6,sell
9/08,2890,台灣摩根士丹利,1470,1684,831,853,2.84,7,buy
9/08,2890,群益金鼎-古亭,0039003100380043,0,273,-273,0.91,7,sell
9/08,2890,群益金鼎,9100,909,654,255,0.85,8,buy
9/08,2890,富邦-陽明,9604,74,294,-220,0.73,8,sell
9/08,2890,富邦證券,9600,162,9,153,0.51,9,buy
9/08,2890,永豐金-萬盛,0039004100390032,2,161,-159,0.53,9,sell
9/08,2890,台灣企銀-台中,1111,100,0,100,0.33,10,buy
9/08,2890,永豐金-市政,0039004100390057,9,148,-139,0.46,10,sell
9/08,2890,凱基-湖口,003900320030004e,100,11,89,0.3,11,buy
9/08,2890,元大-龍潭,9858,3,141,-138,0.46,11,sell
9/08,2890,台新-緯城,0039004200320041,70,1,69,0.23,12,buy
9/08,2890,富邦-台北,9623,2,130,-128,0.43,12,sell
9/08,2890,永豐金-亞灣,0039004100390061,82,18,64,0.21,13,buy
9/08,2890,台新,0039004200300030,10,133,-123,0.41,13,sell
9/08,2890,國票證券,7790,69,7,62,0.21,14,buy
9/08,2890,凱基-城中,9227,0,115,-115,0.38,14,sell
9/08,2890,群益金鼎-新竹,9186,51,3,48,0.16,15,buy
9/08,2890,新光-桃園,8565,6,120,-114,0.38,15,sell
9/08,1402,美商高盛,1480,1685,201,1484,19.97,1,buy
9/08,1402,中國信託,6160,45,1206,-1161,15.62,1,sell
9/08,1402,亞東,2180,390,0,390,5.25,2,buy
9/08,1402,凱基,9200,129,1064,-935,12.58,2,sell
9/08,1402,凱基-台北,9268,800,461,339,4.56,3,buy
9/08,1402,台新,0039004200300030,39,858,-819,11.02,3,sell
9/08,1402,台灣摩根士丹利,1470,655,390,265,3.57,4,buy
9/08,1402,永全-八德,6452,0,270,-270,3.63,4,sell
9/08,1402,美林,1440,192,8,184,2.48,5,buy
9/08,1402,元大-福營,0039003800310046,1,251,-250,3.36,5,sell
9/08,1402,新加坡商瑞銀,1650,470,317,153,2.06,6,buy
9/08,1402,宏遠-館前,0031003200360055,0,150,-150,2.02,6,sell
9/08,1402,摩根大通,8440,179,55,124,1.67,7,buy
9/08,1402,凱基-中山,9229,0,150,-150,2.02,7,sell
9/08,1402,新光-桃園,8565,102,0,102,1.37,8,buy
9/08,1402,凱基-員林,9231,0,100,-100,1.35,8,sell
9/08,1402,兆豐證券,7000,100,0,100,1.35,9,buy
9/08,1402,宏遠-高雄,0031003200360051,0,90,-90,1.21,9,sell
9/08,1402,元大-六合,0039003800320043,87,6,81,1.09,10,buy
9/08,1402,元大-民生三民,0039003800390058,0,52,-52,0.7,10,sell
9/08,1402,富邦-青埔,003900360031004e,80,0,80,1.08,11,buy
9/08,1402,元大-內湖,003900380039004e,0,50,-50,0.67,11,sell
9/08,1402,統一-東湖,0035003800350052,80,1,79,1.06,12,buy
9/08,1402,永豐金-亞灣,0039004100390061,1,45,-44,0.59,12,sell
9/08,1402,香港上海匯豐,8960,68,0,68,0.92,13,buy
9/08,1402,富邦-南京,0039003600310043,8,47,-39,0.52,13,sell
9/08,1402,花旗環球,1590,65,0,65,0.87,14,buy
9/08,1402,群益金鼎-桃園,9189,0,38,-38,0.51,14,sell
9/08,1402,群益金鼎-館前,0039003100330059,60,0,60,0.81,15,buy
9/08,1402,富邦-岡山,9616,1,30,-29,0.39,15,sell
9/08,2542,合庫證券,1020,550,0,550,13.64,1,buy
9/08,2542,台灣摩根士丹利,1470,54,882,-828,20.53,1,sell
9/08,2542,富邦證券,9600,543,0,543,13.46,2,buy
9/08,2542,兆豐-大同,0037003000300053,1,400,-399,9.89,2,sell
9/08,2542,凱基-台北,9268,335,136,199,4.93,3,buy
9/08,2542,永豐金-中正,0039004100390055,0,300,-300,7.44,3,sell
9/08,2542,兆豐-忠孝,0037003000300061,101,0,101,2.5,4,buy
9/08,2542,永豐金證券,0039004100300030,22,197,-175,4.34,4,sell
9/08,2542,台灣企銀-岡山,1119,63,0,63,1.56,5,buy
9/08,2542,統一-士林,003500380035004d,0,125,-125,3.1,5,sell
9/08,2542,花旗環球,1590,68,8,60,1.49,6,buy
9/08,2542,群益金鼎-土城,003900310033004e,0,102,-102,2.53,6,sell
9/08,2542,元大-上新莊,0039003800330047,40,0,40,0.99,7,buy
9/08,2542,統一-永和,0035003800350042,2,90,-88,2.18,7,sell
9/08,2542,美林,1440,42,5,37,0.92,8,buy
9/08,2542,永豐金-忠孝,0039004100390044,0,65,-65,1.61,8,sell
9/08,2542,國泰-敦南,8888,42,17,25,0.62,9,buy
9/08,2542,統一-新營,0035003800350045,0,58,-58,1.44,9,sell
9/08,2542,第一金-華江,0035003300380057,23,0,23,0.57,10,buy
9/08,2542,新加坡商瑞銀,1650,126,180,-54,1.34,10,sell
9/08,2542,富邦-南京,0039003600310043,21,0,21,0.52,11,buy
9/08,2542,富邦-彰化,0039003600350055,0,40,-40,0.99,11,sell
9/08,2542,合庫-台中,1021,21,0,21,0.52,12,buy
9/08,2542,中國信託,6160,18,55,-37,0.92,12,sell
9/08,2542,第一金-中壢,0035003300380059,20,0,20,0.5,13,buy
9/08,2542,元大-鳳中,0039003800350043,1,38,-37,0.92,13,sell
9/08,2542,摩根大通,8440,198,178,20,0.5,14,buy
9/08,2542,新光,8560,31,63,-32,0.79,14,sell
9/08,2542,元大-內湖,003900380039004e,19,0,19,0.47,15,buy
9/08,2542,美商高盛,1480,353,378,-25,0.62,15,sell
9/08,2801,凱基,9200,8502,0,8502,24.47,1,buy
9/08,2801,美商高盛,1480,1056,5877,-4821,13.88,1,sell
9/08,2801,港商麥格理,1360,3658,75,3583,10.31,2,buy
9/08,2801,富邦-陽明,9604,259,2183,-1924,5.54,2,sell
9/08,2801,港商野村,1560,1600,0,1600,4.61,3,buy
9/08,2801,凱基-台北,9268,1023,2500,-1477,4.25,3,sell
9/08,2801,富邦-內湖,9627,1405,16,1389,4.0,4,buy
9/08,2801,台灣摩根士丹利,1470,885,2282,-1397,4.02,4,sell
9/08,2801,摩根大通,8440,1918,808,1110,3.19,5,buy
9/08,2801,花旗環球,1590,66,1146,-1080,3.11,5,sell
9/08,2801,永豐金-南京,0039004100390053,980,25,955,2.75,6,buy
9/08,2801,華南永昌-台中,9302,9,1037,-1028,2.96,6,sell
9/08,2801,國泰證券,8880,793,30,763,2.2,7,buy
9/08,2801,富邦-仁愛,9676,15,562,-547,1.57,7,sell
9/08,2801,美林,1440,1007,455,552,1.59,8,buy
9/08,2801,永豐金證券,0039004100300030,41,447,-406,1.17,8,sell
9/08,2801,富邦-公益,0039003600310046,452,11,441,1.27,9,buy
9/08,2801,彰銀,1230,17,381,-364,1.05,9,sell
9/08,2801,永豐金-新竹,0039004100390037,413,2,411,1.18,10,buy
9/08,2801,凱基-台中,9204,71,420,-349,1.0,10,sell
9/08,2801,中國信託-忠孝,6162,401,4,397,1.14,11,buy
9/08,2801,華南永昌-民權,9312,5,311,-306,0.88,11,sell
9/08,2801,永豐金-松山,0039004100390031,391,1,390,1.12,12,buy
9/08,2801,華南永昌-小港,9323,10,267,-257,0.74,12,sell
9/08,2801,國泰-松江,8883,205,1,204,0.59,13,buy
9/08,2801,凱基-站前,0039003200300046,10,238,-228,0.66,13,sell
9/08,2801,新加坡商瑞銀,1650,2515,2312,203,0.58,14,buy
9/08,2801,致和證券,7030,0,202,-202,0.58,14,sell
9/08,2801,元大證券,9800,829,688,141,0.41,15,buy
9/08,2801,國泰-忠孝,8887,2,201,-199,0.57,15,sell
9/08,4938,國票-敦北法人,0037003700390063,1807,1,1806,15.34,1,buy
9/08,4938,台灣摩根士丹利,1470,55,3834,-3779,32.09,1,sell
9/08,4938,統一,5850,1529,18,1511,12.83,2,buy
9/08,4938,新加坡商瑞銀,1650,139,1401,-1262,10.72,2,sell
9/08,4938,花旗環球,1590,437,4,433,3.68,3,buy
9/08,4938,美商高盛,1480,248,981,-733,6.23,3,sell
9/08,4938,元大證券,9800,1034,630,404,3.43,4,buy
9/08,4938,港商麥格理,1360,30,555,-525,4.46,4,sell
9/08,4938,美林,1440,520,210,310,2.63,5,buy
9/08,4938,凱基-台北,9268,243,754,-511,4.34,5,sell
9/08,4938,凱基-東港,9212,101,0,101,0.86,6,buy
9/08,4938,摩根大通,8440,410,578,-168,1.43,6,sell
9/08,4938,臺銀,1040,100,0,100,0.85,7,buy
9/08,4938,港商野村,1560,0,160,-160,1.36,7,sell
9/08,4938,第一金-光復,0035003300380043,100,0,100,0.85,8,buy
9/08,4938,宏遠-中和,0031003200360048,2,70,-68,0.58,8,sell
9/08,4938,元大-新莊,9898,93,5,88,0.75,9,buy
9/08,4938,國票證券,7790,6,46,-40,0.34,9,sell
9/08,4938,新光-桃園,8565,82,1,81,0.69,10,buy
9/08,4938,元大-高雄,003900380031006d,4,40,-36,0.31,10,sell
9/08,4938,富邦-台北,9623,71,2,69,0.59,11,buy
9/08,4938,國泰-敦南,8888,57,86,-29,0.25,11,sell
9/08,4938,光和-溪湖,6381,66,1,65,0.55,12,buy
9/08,4938,凱基-竹北,9234,23,43,-20,0.17,12,sell
9/08,4938,富邦-陽明,9604,105,42,63,0.54,13,buy
9/08,4938,富邦-仁愛,9676,37,56,-19,0.16,13,sell
9/08,4938,元大-信義,003900380039006d,58,0,58,0.49,14,buy
9/08,4938,統一-桃園,0035003800350048,3,22,-19,0.16,14,sell
9/08,4938,元大-土城永寧,9875,57,1,56,0.48,15,buy
9/08,4938,永豐金證券,0039004100300030,37,55,-18,0.15,15,sell
9/08,3105,國泰證券,8880,3145,6,3139,18.12,1,buy
9/08,3105,摩根大通,8440,208,2001,-1793,10.35,1,sell
9/08,3105,永豐金證券,0039004100300030,469,281,188,1.09,2,buy
9/08,3105,美商高盛,1480,480,1232,-752,4.34,2,sell
9/08,3105,港商野村,1560,267,124,143,0.83,3,buy
9/08,3105,國票-安和,003700370039005a,14,408,-394,2.27,3,sell
9/08,3105,凱基-台北,9268,1767,1658,109,0.63,4,buy
9/08,3105,台灣摩根士丹利,1470,386,597,-211,1.22,4,sell
9/08,3105,聯邦證券,8580,32,0,32,0.18,5,buy
9/08,3105,新加坡商瑞銀,1650,174,353,-179,1.03,5,sell
9/08,3105,新光-桃園,8565,62,37,25,0.14,6,buy
9/08,3105,凱基,9200,4,179,-175,1.01,6,sell
9/08,3105,國泰-敦南,8888,447,422,25,0.14,7,buy
9/08,3105,美林,1440,64,216,-152,0.88,7,sell
9/08,3105,永豐金-信義,0039004100390052,33,9,24,0.14,8,buy
9/08,3105,元大-員林中山,9835,4,71,-67,0.39,8,sell
9/08,3105,兆豐證券,7000,23,0,23,0.13,9,buy
9/08,3105,富邦-公益,0039003600310046,19,86,-67,0.39,9,sell
9/08,3105,玉山-台中,0038003800340042,31,8,23,0.13,10,buy
9/08,3105,統一,5850,62,125,-63,0.36,10,sell
9/08,3105,康和-台北,0038003400350055,24,2,22,0.13,11,buy
9/08,3105,元大-和平,9863,4,58,-54,0.31,11,sell
9/08,3105,玉山證券,8840,77,57,20,0.12,12,buy
9/08,3105,富邦-建國,9658,16,58,-42,0.24,12,sell
9/08,3105,群益金鼎-東大,9135,25,7,18,0.1,13,buy
9/08,3105,富邦-台北,9623,46,86,-40,0.23,13,sell
9/08,3105,台新,0039004200300030,110,93,17,0.1,14,buy
9/08,3105,法銀巴黎,8900,6,41,-35,0.2,14,sell
9/08,3105,元大-內湖,003900380039004e,48,31,17,0.1,15,buy
9/08,3105,華南永昌-忠孝,9325,0,34,-34,0.2,15,sell
9/08,2301,美商高盛,1480,1432,1091,341,1.8,1,buy
9/08,2301,摩根大通,8440,1116,3483,-2367,12.47,1,sell
9/08,2301,新加坡商瑞銀,1650,613,342,271,1.43,2,buy
9/08,2301,台新-台北,0039004200320030,7,803,-796,4.19,2,sell
9/08,2301,國票證券,7790,278,17,261,1.38,3,buy
9/08,2301,宏遠證券,1260,6,405,-399,2.1,3,sell
9/08,2301,永豐金證券,0039004100300030,363,106,257,1.35,4,buy
9/08,2301,群益金鼎,9100,83,479,-396,2.09,4,sell
9/08,2301,兆豐-忠孝,0037003000300061,173,10,163,0.86,5,buy
9/08,2301,台灣摩根士丹利,1470,1274,1577,-303,1.6,5,sell
9/08,2301,統一,5850,219,74,145,0.76,6,buy
9/08,2301,元大證券,9800,958,1190,-232,1.22,6,sell
9/08,2301,港商野村,1560,244,115,129,0.68,7,buy
9/08,2301,富邦證券,9600,347,559,-212,1.12,7,sell
9/08,2301,美林,1440,458,341,117,0.62,8,buy
9/08,2301,永豐金-豐原,0039004100390051,6,139,-133,0.7,8,sell
9/08,2301,華南永昌,9300,140,53,87,0.46,9,buy
9/08,2301,凱基-科園,9254,1,113,-112,0.59,9,sell
9/08,2301,凱基,9200,142,65,77,0.41,10,buy
9/08,2301,合庫證券,1020,25,74,-49,0.26,10,sell
9/08,2301,康和-仁愛,0038003400350046,55,0,55,0.29,11,buy
9/08,2301,統一-屏東,5859,3,51,-48,0.25,11,sell
9/08,2301,華南永昌-長虹,9333,56,1,55,0.29,12,buy
9/08,2301,聯邦-三重,8585,8,55,-47,0.25,12,sell
9/08,2301,國泰-新莊,8886,67,14,53,0.28,13,buy
9/08,2301,群益金鼎-天母,0039003100380050,1,48,-47,0.25,13,sell
9/08,2301,國票-中正,7797,59,8,51,0.27,14,buy
9/08,2301,花旗環球,1590,17,60,-43,0.23,14,sell
9/08,2301,富邦-台北,9623,115,66,49,0.26,15,buy
9/08,2301,華南永昌-大甲,9315,3,46,-43,0.23,15,sell
9/08,2855,永豐金證券,0039004100300030,1013,29,984,18.76,1,buy
9/08,2855,凱基-台北,9268,163,857,-694,13.23,1,sell
9/08,2855,港商野村,1560,907,22,885,16.87,2,buy
9/08,2855,台灣摩根士丹利,1470,75,616,-541,10.31,2,sell
9/08,2855,(牛牛牛)亞證券,6010,430,0,430,8.2,3,buy
9/08,2855,元大證券,9800,146,278,-132,2.52,3,sell
9/08,2855,花旗環球,1590,210,0,210,4.0,4,buy
9/08,2855,華南永昌-大安,9307,27,141,-114,2.17,4,sell
9/08,2855,台新-林園,0039004200320037,130,0,130,2.48,5,buy
9/08,2855,兆豐-寶成,0037003000300072,0,105,-105,2.0,5,sell
9/08,2855,元大-南勢角,0039003800340045,101,0,101,1.93,6,buy
9/08,2855,華南永昌-鳳山,9331,0,105,-105,2.0,6,sell
9/08,2855,美林,1440,134,52,82,1.56,7,buy
9/08,2855,兆豐-民生,0037003000300063,0,101,-101,1.93,7,sell
9/08,2855,台新-新興,003900420032006f,71,1,70,1.33,8,buy
9/08,2855,美商高盛,1480,140,231,-91,1.73,8,sell
9/08,2855,華南永昌-南京,9326,50,1,49,0.93,9,buy
9/08,2855,永豐金-匯立,0039004100380031,0,75,-75,1.43,9,sell
9/08,2855,兆豐-北高雄,0037003000300049,50,3,47,0.9,10,buy
9/08,2855,國泰-板橋,003800380038004b,4,73,-69,1.32,10,sell
9/08,2855,新加坡商瑞銀,1650,183,147,36,0.69,11,buy
9/08,2855,兆豐-員林,003700300030006b,0,65,-65,1.24,11,sell
9/08,2855,玉山-板橋,8846,40,4,36,0.69,12,buy
9/08,2855,合庫-自強,0031003000320043,1,56,-55,1.05,12,sell
9/08,2855,福勝,6950,26,0,26,0.5,13,buy
9/08,2855,群益金鼎-古亭,0039003100380043,1,50,-49,0.93,13,sell
9/08,2855,元大-竹北,0039003800310042,25,0,25,0.48,14,buy
9/08,2855,國泰-敦南,8888,7,54,-47,0.9,14,sell
9/08,2855,第一金-路竹,0035003300380050,20,0,20,0.38,15,buy
9/08,2855,元大-學甲,003900380033004b,0,45,-45,0.86,15,sell
9/08,4979,新加坡商瑞銀,1650,785,60,725,5.67,1,buy
9/08,4979,永豐金證券,0039004100300030,70,512,-442,3.46,1,sell
9/08,4979,台灣摩根士丹利,1470,557,134,423,3.31,2,buy
9/08,4979,華南永昌-竹北,9339,8,146,-138,1.08,2,sell
9/08,4979,康和,8450,297,25,272,2.13,3,buy
9/08,4979,統一-敦南,5852,8,143,-135,1.06,3,sell
9/08,4979,美林,1440,391,190,201,1.57,4,buy
9/08,4979,國泰-敦南,8888,331,436,-105,0.82,4,sell
9/08,4979,港商野村,1560,260,65,195,1.52,5,buy
9/08,4979,統一-城中,5854,20,99,-79,0.62,5,sell
9/08,4979,中國信託,6160,222,27,195,1.52,6,buy
9/08,4979,新光,8560,141,197,-56,0.44,6,sell
9/08,4979,群益金鼎-東大,9135,197,11,186,1.45,7,buy
9/08,4979,群益金鼎,9100,130,180,-50,0.39,7,sell
9/08,4979,凱基-台北,9268,683,514,169,1.32,8,buy
9/08,4979,國票-安和,003700370039005a,9,51,-42,0.33,8,sell
9/08,4979,台新,0039004200300030,240,88,152,1.19,9,buy
9/08,4979,元大-員林中山,9835,8,47,-39,0.3,9,sell
9/08,4979,富邦證券,9600,232,102,130,1.02,10,buy
9/08,4979,統一,5850,128,163,-35,0.27,10,sell
9/08,4979,凱基-站前,0039003200300046,111,21,90,0.7,11,buy
9/08,4979,富邦-木柵,003900360031004d,8,41,-33,0.26,11,sell
9/08,4979,凱基,9200,119,38,81,0.63,12,buy
9/08,4979,統一-三重,003500380035004a,20,52,-32,0.25,12,sell
9/08,4979,永豐金-敦南,0039004100380046,122,48,74,0.58,13,buy
9/08,4979,元大-台北,0039003800300068,19,49,-30,0.23,13,sell
9/08,4979,元大證券,9800,784,744,40,0.31,14,buy
9/08,4979,元大-敦化,9833,4,33,-29,0.23,14,sell
9/08,4979,美商高盛,1480,524,493,31,0.24,15,buy
9/08,4979,富邦-高雄,9659,27,56,-29,0.23,15,sell
9/08,3532,永豐金-竹科,0039004100390058,92,4,88,0.94,1,buy
9/08,3532,摩根大通,8440,75,241,-166,1.77,1,sell
9/08,3532,永豐金-匯立,0039004100380031,70,0,70,0.75,2,buy
9/08,3532,富邦證券,9600,144,244,-100,1.07,2,sell
9/08,3532,大昌-樹林,6461,50,4,46,0.49,3,buy
9/08,3532,台新-大裕,003900420032006c,7,102,-95,1.01,3,sell
9/08,3532,永豐金證券,0039004100300030,93,51,42,0.45,4,buy
9/08,3532,群益金鼎-大安,0039003100380065,1,69,-68,0.73,4,sell
9/08,3532,凱基-台北,9268,950,909,41,0.44,5,buy
9/08,3532,台灣摩根士丹利,1470,55,122,-67,0.71,5,sell
9/08,3532,亞東-新竹,2184,45,5,40,0.43,6,buy
9/08,3532,美商高盛,1480,298,329,-31,0.33,6,sell
9/08,3532,富邦-台北,9623,96,58,38,0.41,7,buy
9/08,3532,台新-緯城,0039004200320041,5,30,-25,0.27,7,sell
9/08,3532,凱基-城中,9227,40,6,34,0.36,8,buy
9/08,3532,富邦-三重,9677,6,26,-20,0.21,8,sell
9/08,3532,台灣企銀-岡山,1119,32,0,32,0.34,9,buy
9/08,3532,群益金鼎,9100,115,135,-20,0.21,9,sell
9/08,3532,兆豐-忠孝,0037003000300061,41,11,30,0.32,10,buy
9/08,3532,華南永昌-高雄,9303,65,85,-20,0.21,10,sell
9/08,3532,永豐金-員林,0039004100390043,35,9,26,0.28,11,buy
9/08,3532,兆豐-復興,0037003000300070,2,20,-18,0.19,11,sell
9/08,3532,元大-天母,0039003800310049,22,3,19,0.2,12,buy
9/08,3532,凱基-高美館,9215,17,35,-18,0.19,12,sell
9/08,3532,國票-安和,003700370039005a,21,2,19,0.2,13,buy
9/08,3532,富邦-敦南,9663,2,20,-18,0.19,13,sell
9/08,3532,華南永昌-基隆,9322,42,23,19,0.2,14,buy
9/08,3532,統一-城中,5854,9,25,-16,0.17,14,sell
9/08,3532,玉山-台中,0038003800340042,26,9,17,0.18,15,buy
9/08,3532,國票-北高雄,003700370039004a,2,15,-13,0.14,15,sell
9/08,3374,台灣摩根士丹利,1470,311,42,269,7.51,1,buy
9/08,3374,元大證券,9800,43,174,-131,3.66,1,sell
9/08,3374,凱基-台北,9268,207,1,206,5.75,2,buy
9/08,3374,兆豐-台中港,7005,0,86,-86,2.4,2,sell
9/08,3374,摩根大通,8440,107,0,107,2.99,3,buy
9/08,3374,華南永昌-南京,9326,9,78,-69,1.93,3,sell
9/08,3374,國泰-台中,8882,91,25,66,1.84,4,buy
9/08,3374,群益金鼎,9100,37,88,-51,1.42,4,sell
9/08,3374,兆豐-民生,0037003000300063,58,3,55,1.54,5,buy
9/08,3374,華南永昌-桃園,9352,0,50,-50,1.4,5,sell
9/08,3374,美林,1440,53,5,48,1.34,6,buy
9/08,3374,統一-新竹,5857,2,48,-46,1.28,6,sell
9/08,3374,花旗環球,1590,45,0,45,1.26,7,buy
9/08,3374,華南永昌-台中,9302,3,45,-42,1.17,7,sell
9/08,3374,宏遠證券,1260,33,1,32,0.89,8,buy
9/08,3374,元大-歸仁,0039003800310061,1,41,-40,1.12,8,sell
9/08,3374,永豐金-內湖,0039004100390067,34,2,32,0.89,9,buy
9/08,3374,臺銀,1040,3,39,-36,1.01,9,sell
9/08,3374,國票-北高雄,003700370039004a,58,28,30,0.84,10,buy
9/08,3374,台新-台北,0039004200320030,2,31,-29,0.81,10,sell
9/08,3374,統一,5850,160,132,28,0.78,11,buy
9/08,3374,國泰-敦南,8888,37,65,-28,0.78,11,sell
9/08,3374,華南永昌-中正,9359,28,2,26,0.73,12,buy
9/08,3374,凱基,9200,3,29,-26,0.73,12,sell
9/08,3374,兆豐-北高雄,0037003000300049,27,2,25,0.7,13,buy
9/08,3374,永豐金-南京,0039004100390053,5,30,-25,0.7,13,sell
9/08,3374,統一-仁愛,0035003800350063,27,2,25,0.7,14,buy
9/08,3374,群益金鼎-內湖,0039003100380064,1,24,-23,0.64,14,sell
9/08,3374,中國信託,6160,27,4,23,0.64,15,buy
9/08,3374,元大-新竹,9816,0,22,-22,0.61,15,sell
9/08,2633,富邦證券,9600,518,0,518,19.36,1,buy
9/08,2633,永豐金-匯立,0039004100380031,0,260,-260,9.72,1,sell
9/08,2633,新加坡商瑞銀,1650,403,122,281,10.5,2,buy
9/08,2633,元大-上新莊,0039003800330047,0,250,-250,9.35,2,sell
9/08,2633,摩根大通,8440,412,173,239,8.93,3,buy
9/08,2633,台灣摩根士丹利,1470,67,238,-171,6.39,3,sell
9/08,2633,美商高盛,1480,275,86,189,7.07,4,buy
9/08,2633,元大-嘉義,0039003800390067,0,121,-121,4.52,4,sell
9/08,2633,永豐金證券,0039004100300030,104,0,104,3.89,5,buy
9/08,2633,凱基-台北,9268,100,199,-99,3.7,5,sell
9/08,2633,元大證券,9800,168,69,99,3.7,6,buy
9/08,2633,港商麥格理,1360,9,75,-66,2.47,6,sell
9/08,2633,香港上海匯豐,8960,48,0,48,1.79,7,buy
9/08,2633,兆豐-復興,0037003000300070,0,50,-50,1.87,7,sell
9/08,2633,新光-台南,8564,38,0,38,1.42,8,buy
9/08,2633,永豐金-南京,0039004100390053,0,49,-49,1.83,8,sell
9/08,2633,富邦-台中,003900360035004b,40,2,38,1.42,9,buy
9/08,2633,永豐金-敦北,0039004100380039,3,50,-47,1.76,9,sell
9/08,2633,彰銀-台中,1233,30,0,30,1.12,10,buy
9/08,2633,富邦-新店,9661,1,32,-31,1.16,10,sell
9/08,2633,永豐金-鳳山,0039004100360031,20,0,20,0.75,11,buy
9/08,2633,華南永昌-潮州,9328,0,30,-30,1.12,11,sell
9/08,2633,永豐金-新竹,0039004100390037,20,5,15,0.56,12,buy
9/08,2633,玉山-桃園,0038003800340046,0,30,-30,1.12,12,sell
9/08,2633,元大-中壢,9834,13,0,13,0.49,13,buy
9/08,2633,元大-博愛,0039003800320042,2,30,-28,1.05,13,sell
9/08,2633,兆豐-新竹,0037003000300056,12,0,12,0.45,14,buy
9/08,2633,富邦-台北,9623,0,24,-24,0.9,14,sell
9/08,2633,富邦-員林,9672,12,0,12,0.45,15,buy
9/08,2633,中國信託-文心,6164,0,14,-14,0.52,15,sell
9/08,2337,美商高盛,1480,7539,2967,4572,7.77,1,buy
9/08,2337,元大證券,9800,3497,4406,-909,1.54,1,sell
9/08,2337,新加坡商瑞銀,1650,3357,1669,1688,2.87,2,buy
9/08,2337,群益金鼎-大安,0039003100380065,78,681,-603,1.02,2,sell
9/08,2337,摩根大通,8440,1617,530,1087,1.85,3,buy
9/08,2337,永豐金證券,0039004100300030,323,713,-390,0.66,3,sell
9/08,2337,花旗環球,1590,848,0,848,1.44,4,buy
9/08,2337,富邦-桃園,9665,31,297,-266,0.45,4,sell
9/08,2337,台灣摩根士丹利,1470,3052,2566,486,0.83,5,buy
9/08,2337,統一-土城,0035003800350059,7,241,-234,0.4,5,sell
9/08,2337,台新-花蓮,0039004200320079,220,17,203,0.34,6,buy
9/08,2337,台新,0039004200300030,293,525,-232,0.39,6,sell
9/08,2337,元大-台中,9812,230,34,196,0.33,7,buy
9/08,2337,國泰-敦南,8888,1490,1696,-206,0.35,7,sell
9/08,2337,永豐金-竹科,0039004100390058,220,91,129,0.22,8,buy
9/08,2337,陽信-高雄,8713,23,228,-205,0.35,8,sell
9/08,2337,宏遠-高雄,0031003200360051,280,154,126,0.21,9,buy
9/08,2337,新光,8560,321,496,-175,0.3,9,sell
9/08,2337,富邦-南京,0039003600310043,251,126,125,0.21,10,buy
9/08,2337,台中銀,6110,122,267,-145,0.25,10,sell
9/08,2337,台新-安南,003900420032005a,152,30,122,0.21,11,buy
9/08,2337,國泰-台中,8882,237,348,-111,0.19,11,sell
9/08,2337,宏遠證券,1260,124,4,120,0.2,12,buy
9/08,2337,兆豐-南京,0037003000300050,37,144,-107,0.18,12,sell
9/08,2337,港商麥格理,1360,140,24,116,0.2,13,buy
9/08,2337,凱基-台北,9268,3629,3729,-100,0.17,13,sell
9/08,2337,台新-五權西,0039004200320035,227,118,109,0.19,14,buy
9/08,2337,統一-新竹,5857,39,135,-96,0.16,14,sell
9/08,2337,國泰-忠孝,8887,200,91,109,0.19,15,buy
9/08,2337,永豐金-敦北,0039004100380039,9,99,-90,0.15,15,sell
9/08,3293,群益金鼎,9100,72,2,70,6.31,1,buy
9/08,3293,美商高盛,1480,133,260,-127,11.45,1,sell
9/08,3293,永豐金-匯立,0039004100380031,50,0,50,4.51,2,buy
9/08,3293,台灣摩根士丹利,1470,36,99,-63,5.68,2,sell
9/08,3293,元大證券,9800,63,34,29,2.61,3,buy
9/08,3293,新加坡商瑞銀,1650,21,76,-55,4.96,3,sell
9/08,3293,國泰證券,8880,21,1,20,1.8,4,buy
9/08,3293,永豐金證券,0039004100300030,6,28,-22,1.98,4,sell
9/08,3293,香港上海匯豐,8960,17,0,17,1.53,5,buy
9/08,3293,凱基-台北,9268,94,111,-17,1.53,5,sell
9/08,3293,台新,0039004200300030,14,2,12,1.08,6,buy
9/08,3293,凱基-三重,9205,0,16,-16,1.44,6,sell
9/08,3293,富邦-和美,0039003600310050,10,0,10,0.9,7,buy
9/08,3293,國泰-敦南,8888,18,33,-15,1.35,7,sell
9/08,3293,元大-敦化,9833,6,0,6,0.54,8,buy
9/08,3293,兆豐-公益,003700300030004a,0,12,-12,1.08,8,sell
9/08,3293,元大-彰化,0039003800310047,6,0,6,0.54,9,buy
9/08,3293,群益金鼎-萬華,0039003100330049,0,11,-11,0.99,9,sell
9/08,3293,國泰-台中,8882,7,1,6,0.54,10,buy
9/08,3293,台新-屏東,003900420031006e,0,10,-10,0.9,10,sell
9/08,3293,新光-高雄,8562,7,2,5,0.45,11,buy
9/08,3293,美林,1440,38,47,-9,0.81,11,sell
9/08,3293,台新-大昌,0039004200320044,5,0,5,0.45,12,buy
9/08,3293,台新-高雄,0039004200310067,2,9,-7,0.63,12,sell
9/08,3293,土銀-彰化,0031003000330042,5,0,5,0.45,13,buy
9/08,3293,元大-三民,0039003800390046,2,9,-7,0.63,13,sell
9/08,3293,元大-內湖,003900380039004e,5,0,5,0.45,14,buy
9/08,3293,玉山-城中,0038003800340045,0,7,-7,0.63,14,sell
9/08,3293,摩根大通,8440,32,28,4,0.36,15,buy
9/08,3293,聯邦證券,8580,0,6,-6,0.54,15,sell
9/08,8150,美林,1440,334,155,179,1.29,1,buy
9/08,8150,台灣摩根士丹利,1470,495,1449,-954,6.87,1,sell
9/08,8150,國泰-敦南,8888,552,400,152,1.09,2,buy
9/08,8150,美商高盛,1480,802,1695,-893,6.43,2,sell
9/08,8150,凱基-台北,9268,1023,897,126,0.91,3,buy
9/08,8150,新加坡商瑞銀,1650,196,1059,-863,6.21,3,sell
9/08,8150,摩根大通,8440,209,103,106,0.76,4,buy
9/08,8150,富邦證券,9600,180,423,-243,1.75,4,sell
9/08,8150,永豐金-匯立,0039004100380031,106,0,106,0.76,5,buy
9/08,8150,港商野村,1560,4,167,-163,1.17,5,sell
9/08,8150,永豐金證券,0039004100300030,138,84,54,0.39,6,buy
9/08,8150,香港上海匯豐,8960,0,149,-149,1.07,6,sell
9/08,8150,國泰-台中,8882,113,63,50,0.36,7,buy
9/08,8150,元大證券,9800,473,620,-147,1.06,7,sell
9/08,8150,富邦-板橋,9655,57,12,45,0.32,8,buy
9/08,8150,凱基-科園,9254,0,83,-83,0.6,8,sell
9/08,8150,華南永昌-台中,9302,44,4,40,0.29,9,buy
9/08,8150,元大-斗信,9884,16,62,-46,0.33,9,sell
9/08,8150,新光-新竹,8563,52,12,40,0.29,10,buy
9/08,8150,台新-松德,0039004200320061,3,42,-39,0.28,10,sell
9/08,8150,永豐金-復興,003900410039005a,41,1,40,0.29,11,buy
9/08,8150,國泰-忠孝,8887,19,58,-39,0.28,11,sell
9/08,8150,聯邦-雙和,8584,39,2,37,0.27,12,buy
9/08,8150,兆豐-員林,003700300030006b,5,41,-36,0.26,12,sell
9/08,8150,兆豐-寶成,0037003000300072,36,0,36,0.26,13,buy
9/08,8150,富邦-新莊,0039003600320044,18,54,-36,0.26,13,sell
9/08,8150,新光,8560,96,61,35,0.25,14,buy
9/08,8150,凱基-虎尾,9236,1,33,-32,0.23,14,sell
9/08,8150,永豐金-新店,0039004100390069,34,1,33,0.24,15,buy
9/08,8150,中國信託-忠孝,6162,19,51,-32,0.23,15,sell
9/08,2637,永豐金-竹科,0039004100390058,172,1,171,9.35,1,buy
9/08,2637,美商高盛,1480,62,307,-245,13.4,1,sell
9/08,2637,元大證券,9800,169,68,101,5.52,2,buy
9/08,2637,台新,0039004200300030,5,111,-106,5.8,2,sell
9/08,2637,摩根大通,8440,176,76,100,5.47,3,buy
9/08,2637,台灣摩根士丹利,1470,68,137,-69,3.77,3,sell
9/08,2637,永豐金-匯立,0039004100380031,63,0,63,3.44,4,buy
9/08,2637,永豐金-三重,003900410039004b,0,57,-57,3.12,4,sell
9/08,2637,港商麥格理,1360,56,0,56,3.06,5,buy
9/08,2637,玉山-新莊,8842,1,51,-50,2.73,5,sell
9/08,2637,元大-大雅,0039003800330069,58,2,56,3.06,6,buy
9/08,2637,元大-頭份,0039003800330055,4,40,-36,1.97,6,sell
9/08,2637,宏遠-館前,0031003200360055,31,0,31,1.69,7,buy
9/08,2637,新加坡商瑞銀,1650,117,149,-32,1.75,7,sell
9/08,2637,永豐金-永康,0039004100390063,31,0,31,1.69,8,buy
9/08,2637,國票-中和,0037003700390058,0,20,-20,1.09,8,sell
9/08,2637,第一金-台中,5382,30,0,30,1.64,9,buy
9/08,2637,口袋證券,6620,1,18,-17,0.93,9,sell
9/08,2637,華南永昌-台南,9306,25,0,25,1.37,10,buy
9/08,2637,兆豐-城中,0037003000300057,0,16,-16,0.87,10,sell
9/08,2637,統一-南京,0035003800350055,20,0,20,1.09,11,buy
9/08,2637,香港上海匯豐,8960,0,16,-16,0.87,11,sell
9/08,2637,國泰-台中,8882,14,1,13,0.71,12,buy
9/08,2637,台新-左楠,0039004200310064,0,15,-15,0.82,12,sell
9/08,2637,兆豐-虎尾,0037003000300046,10,0,10,0.55,13,buy
9/08,2637,元大-豐原站前,0039003800390057,1,13,-12,0.66,13,sell
9/08,2637,永豐金-桃園,0039004100390078,10,0,10,0.55,14,buy
9/08,2637,永豐金證券,0039004100300030,4,15,-11,0.6,14,sell
9/08,2637,亞東-板橋,2181,10,0,10,0.55,15,buy
9/08,2637,台新-台中,0039004200310068,1,12,-11,0.6,15,sell
9/08,6505,凱基,9200,1261,76,1185,10.42,1,buy
9/08,6505,美商高盛,1480,485,2590,-2105,18.52,1,sell
9/08,6505,華南永昌,9300,1092,16,1076,9.47,2,buy
9/08,6505,摩根大通,8440,153,437,-284,2.5,2,sell
9/08,6505,美林,1440,899,260,639,5.62,3,buy
9/08,6505,元大證券,9800,531,650,-119,1.05,3,sell
9/08,6505,玉山證券,8840,378,6,372,3.27,4,buy
9/08,6505,台新-台中,0039004200310068,32,144,-112,0.99,4,sell
9/08,6505,凱基-台北,9268,550,267,283,2.49,5,buy
9/08,6505,玉山-台中,0038003800340042,9,88,-79,0.69,5,sell
9/08,6505,中國信託,6160,307,27,280,2.46,6,buy
9/08,6505,台新,0039004200300030,41,101,-60,0.53,6,sell
9/08,6505,富邦-台北,9623,104,19,85,0.75,7,buy
9/08,6505,永豐金-羅東,0039004100390041,1,60,-59,0.52,7,sell
9/08,6505,第一金,5380,81,4,77,0.68,8,buy
9/08,6505,兆豐-三民,0037003000300068,2,50,-48,0.42,8,sell
9/08,6505,台灣摩根士丹利,1470,455,399,56,0.49,9,buy
9/08,6505,新光,8560,76,122,-46,0.4,9,sell
9/08,6505,新加坡商瑞銀,1650,222,169,53,0.47,10,buy
9/08,6505,富邦-中壢,9636,7,53,-46,0.4,10,sell
9/08,6505,花旗環球,1590,46,6,40,0.35,11,buy
9/08,6505,元大-向上,9824,0,46,-46,0.4,11,sell
9/08,6505,群益金鼎-民權,9131,37,2,35,0.31,12,buy
9/08,6505,合庫-基隆,1025,5,46,-41,0.36,12,sell
9/08,6505,台新-中港,0039004200320069,41,6,35,0.31,13,buy
9/08,6505,元大-博愛,0039003800320042,10,49,-39,0.34,13,sell
9/08,6505,元大-佳里,0039003800310065,59,27,32,0.28,14,buy
9/08,6505,國票-南科,0037003700390065,0,33,-33,0.29,14,sell
9/08,6505,國泰-敦南,8888,170,138,32,0.28,15,buy
9/08,6505,元大-土城永寧,9875,14,46,-32,0.28,15,sell
9/08,6274,永豐金證券,0039004100300030,443,128,315,6.28,1,buy
9/08,6274,元大證券,9800,372,779,-407,8.12,1,sell
9/08,6274,國泰證券,8880,192,82,110,2.19,2,buy
9/08,6274,台灣摩根士丹利,1470,173,458,-285,5.69,2,sell
9/08,6274,台新-世貿,0039004200320075,65,1,64,1.28,3,buy
9/08,6274,凱基-台北,9268,285,468,-183,3.65,3,sell
9/08,6274,美林,1440,53,1,52,1.04,4,buy
9/08,6274,摩根大通,8440,3,101,-98,1.95,4,sell
9/08,6274,統一,5850,56,15,41,0.82,5,buy
9/08,6274,港商野村,1560,0,77,-77,1.54,5,sell
9/08,6274,華南永昌-豐原,9366,38,0,38,0.76,6,buy
9/08,6274,台新,0039004200300030,31,87,-56,1.12,6,sell
9/08,6274,康和,8450,35,0,35,0.7,7,buy
9/08,6274,新加坡商瑞銀,1650,107,161,-54,1.08,7,sell
9/08,6274,元大-上新莊,0039003800330047,28,0,28,0.56,8,buy
9/08,6274,群益金鼎,9100,46,100,-54,1.08,8,sell
9/08,6274,國泰-敦南,8888,100,72,28,0.56,9,buy
9/08,6274,富邦證券,9600,41,92,-51,1.02,9,sell
9/08,6274,永豐金-信義,0039004100390052,25,1,24,0.48,10,buy
9/08,6274,國票-敦北法人,0037003700390063,2,52,-50,1.0,10,sell
9/08,6274,華南永昌,9300,24,6,18,0.36,11,buy
9/08,6274,凱基-信義,9216,3,47,-44,0.88,11,sell
9/08,6274,國泰-台中,8882,32,17,15,0.3,12,buy
9/08,6274,美商高盛,1480,268,308,-40,0.8,12,sell
9/08,6274,永豐金-台中,003900410039004c,16,1,15,0.3,13,buy
9/08,6274,中國信託,6160,5,41,-36,0.72,13,sell
9/08,6274,凱基-彰化,0039003200300047,15,1,14,0.28,14,buy
9/08,6274,凱基,9200,2,28,-26,0.52,14,sell
9/08,6274,新光,8560,34,21,13,0.26,15,buy
9/08,6274,台新-花蓮,0039004200320079,5,30,-25,0.5,15,sell
9/08,1785,台新-新營,0039004200310031,52,10,42,1.53,1,buy
9/08,1785,新加坡商瑞銀,1650,47,328,-281,10.23,1,sell
9/08,1785,美好-富順,003500320036004b,42,0,42,1.53,2,buy
9/08,1785,摩根大通,8440,54,186,-132,4.81,2,sell
9/08,1785,第一金-華江,0035003300380057,42,2,40,1.46,3,buy
9/08,1785,台灣摩根士丹利,1470,4,126,-122,4.44,3,sell
9/08,1785,中國信託-高雄,003600310036004b,37,0,37,1.35,4,buy
9/08,1785,美林,1440,1,87,-86,3.13,4,sell
9/08,1785,國泰-館前,0038003800380041,42,9,33,1.2,5,buy
9/08,1785,美商高盛,1480,78,151,-73,2.66,5,sell
9/08,1785,富邦-公益,0039003600310046,30,2,28,1.02,6,buy
9/08,1785,凱基-台北,9268,156,223,-67,2.44,6,sell
9/08,1785,凱基-市政,9239,22,2,20,0.73,7,buy
9/08,1785,統一-嘉義,5858,0,51,-51,1.86,7,sell
9/08,1785,聯邦-大業,8586,20,1,19,0.69,8,buy
9/08,1785,香港上海匯豐,8960,0,51,-51,1.86,8,sell
9/08,1785,新光,8560,25,7,18,0.66,9,buy
9/08,1785,統一-土城,0035003800350059,13,51,-38,1.38,9,sell
9/08,1785,富邦-永康,003900360031005a,18,4,14,0.51,10,buy
9/08,1785,元大證券,9800,120,149,-29,1.06,10,sell
9/08,1785,元大-樹林,003900380039006a,14,1,13,0.47,11,buy
9/08,1785,兆豐-公益,003700300030004a,1,27,-26,0.95,11,sell
9/08,1785,台新-城東,0039004200320072,14,1,13,0.47,12,buy
9/08,1785,第一金-彰化,5386,1,20,-19,0.69,12,sell
9/08,1785,康和-澎湖,0038003400350045,18,6,12,0.44,13,buy
9/08,1785,新光-桃園,8565,8,27,-19,0.69,13,sell
9/08,1785,新光-新竹,8563,48,36,12,0.44,14,buy
9/08,1785,元大-中山北路,0039003800300061,2,20,-18,0.66,14,sell
9/08,1785,合庫-桃園,0031003000320045,21,9,12,0.44,15,buy
9/08,1785,富邦-中壢,9636,1,17,-16,0.58,15,sell
9/08,6257,國泰-敦南,8888,181,72,109,1.53,1,buy
9/08,6257,新加坡商瑞銀,1650,43,1319,-1276,17.89,1,sell
9/08,6257,台新-左楠,0039004200310064,102,2,100,1.4,2,buy
9/08,6257,美林,1440,35,709,-674,9.45,2,sell
9/08,6257,兆豐-桃鶯,0037003000300055,50,1,49,0.69,3,buy
9/08,6257,美商高盛,1480,211,836,-625,8.76,3,sell
9/08,6257,元大-左營,0039003800390044,40,1,39,0.55,4,buy
9/08,6257,摩根大通,8440,92,668,-576,8.07,4,sell
9/08,6257,元大-彰化,0039003800310047,36,1,35,0.49,5,buy
9/08,6257,台灣摩根士丹利,1470,25,368,-343,4.81,5,sell
9/08,6257,國票-和平,003700370039006a,36,3,33,0.46,6,buy
9/08,6257,凱基-台北,9268,206,264,-58,0.81,6,sell
9/08,6257,港商麥格理,1360,33,0,33,0.46,7,buy
9/08,6257,統一,5850,19,61,-42,0.59,7,sell
9/08,6257,凱基-三重,9205,30,2,28,0.39,8,buy
9/08,6257,港商野村,1560,10,50,-40,0.56,8,sell
9/08,6257,凱基-松山,9217,38,11,27,0.38,9,buy
9/08,6257,凱基,9200,0,35,-35,0.49,9,sell
9/08,6257,第一金-華江,0035003300380057,26,0,26,0.36,10,buy
9/08,6257,群益金鼎-大甲,0039003100380067,11,44,-33,0.46,10,sell
9/08,6257,華南永昌-麻豆,9308,30,5,25,0.35,11,buy
9/08,6257,凱基-和平,9255,3,20,-17,0.24,11,sell
9/08,6257,富邦-公益,0039003600310046,26,1,25,0.35,12,buy
9/08,6257,凱基-內湖,9287,3,20,-17,0.24,12,sell
9/08,6257,富邦-新竹,9647,28,3,25,0.35,13,buy
9/08,6257,群益金鼎,9100,132,145,-13,0.18,13,sell
9/08,6257,康和-內湖,0038003400350041,62,37,25,0.35,14,buy
9/08,6257,凱基-新店,0039003200300056,0,13,-13,0.18,14,sell
9/08,6257,玉山-板橋,8846,61,37,24,0.34,15,buy
9/08,6257,永豐金-天母,0039004100390047,2,14,-12,0.17,15,sell
9/08,2472,美商高盛,1480,262,21,241,10.96,1,buy
9/08,2472,凱基-站前,0039003200300046,3,500,-497,22.61,1,sell
9/08,2472,凱基-台北,9268,296,158,138,6.28,2,buy
9/08,2472,元大證券,9800,121,254,-133,6.05,2,sell
9/08,2472,新加坡商瑞銀,1650,62,27,35,1.59,3,buy
9/08,2472,國泰證券,8880,0,86,-86,3.91,3,sell
9/08,2472,摩根大通,8440,57,33,24,1.09,4,buy
9/08,2472,合庫證券,1020,2,52,-50,2.27,4,sell
9/08,2472,港商野村,1560,23,0,23,1.05,5,buy
9/08,2472,元大-左營,0039003800390044,0,30,-30,1.36,5,sell
9/08,2472,台中銀-員林,6114,24,3,21,0.96,6,buy
9/08,2472,統一-永和,0035003800350042,1,30,-29,1.32,6,sell
9/08,2472,永豐金-板新,003900410039004a,21,0,21,0.96,7,buy
9/08,2472,國票-敦北法人,0037003700390063,0,20,-20,0.91,7,sell
9/08,2472,合庫-桃園,0031003000320045,20,0,20,0.91,8,buy
9/08,2472,群益金鼎-竹南,0039003100380069,1,20,-19,0.86,8,sell
9/08,2472,群益金鼎-大甲,0039003100380067,18,1,17,0.77,9,buy
9/08,2472,元大-蘆洲,9857,1,20,-19,0.86,9,sell
9/08,2472,台灣摩根士丹利,1470,93,78,15,0.68,10,buy
9/08,2472,台新-台中,0039004200310068,1,17,-16,0.73,10,sell
9/08,2472,群益金鼎-敦南,9101,12,0,12,0.55,11,buy
9/08,2472,群益金鼎,9100,13,28,-15,0.68,11,sell
9/08,2472,統一-中壢,5853,12,0,12,0.55,12,buy
9/08,2472,臺銀-民權,1043,0,15,-15,0.68,12,sell
9/08,2472,元大-中壢,9834,16,5,11,0.5,13,buy
9/08,2472,群益金鼎-東湖,003900310038004b,0,15,-15,0.68,13,sell
9/08,2472,群益金鼎-瑞豐,0039003100380075,11,1,10,0.45,14,buy
9/08,2472,元大-館前,003900380034004b,2,16,-14,0.64,14,sell
9/08,2472,富邦-建國,9658,12,2,10,0.45,15,buy
9/08,2472,凱基,9200,0,12,-12,0.55,15,sell
9/08,6415,美林,1440,264,47,217,7.8,1,buy
9/08,6415,台灣摩根士丹利,1470,74,218,-144,5.17,1,sell
9/08,6415,香港上海匯豐,8960,76,2,74,2.66,2,buy
9/08,6415,新加坡商瑞銀,1650,150,271,-121,4.35,2,sell
9/08,6415,富邦證券,9600,525,467,58,2.08,3,buy
9/08,6415,凱基-台北,9268,174,271,-97,3.49,3,sell
9/08,6415,美商高盛,1480,232,193,39,1.4,4,buy
9/08,6415,摩根大通,8440,42,116,-74,2.66,4,sell
9/08,6415,港商麥格理,1360,24,0,24,0.86,5,buy
9/08,6415,元大證券,9800,181,223,-42,1.51,5,sell
9/08,6415,富邦-三峽,003900360032004a,20,0,20,0.72,6,buy
9/08,6415,港商野村,1560,2,38,-36,1.29,6,sell
9/08,6415,凱基-竹北,9234,11,0,11,0.4,7,buy
9/08,6415,元大-華山,0039003800310055,0,30,-30,1.08,7,sell
9/08,6415,元大-彰化民生,003900380039004a,11,0,11,0.4,8,buy
9/08,6415,玉山-高雄,8843,2,31,-29,1.04,8,sell
9/08,6415,康和-台中,8455,10,0,10,0.36,9,buy
9/08,6415,元大-大天母,9893,2,23,-21,0.75,9,sell
9/08,6415,國泰-新莊,8886,12,3,9,0.32,10,buy
9/08,6415,台新-三民,0039004200310033,9,22,-13,0.47,10,sell
9/08,6415,合庫-桃園,0031003000320045,12,3,9,0.32,11,buy
9/08,6415,元大-民雄,0039003800310056,0,12,-12,0.43,11,sell
9/08,6415,台新,0039004200300030,25,16,9,0.32,12,buy
9/08,6415,元大-敦南,0039003800390050,0,12,-12,0.43,12,sell
9/08,6415,國泰-敦南,8888,23,16,7,0.25,13,buy
9/08,6415,新光-新竹,8563,4,15,-11,0.4,13,sell
9/08,6415,元大-桃興,9894,9,2,7,0.25,14,buy
9/08,6415,統一,5850,1,8,-7,0.25,14,sell
9/08,6415,元大-斗六,0039003800300043,8,1,7,0.25,15,buy
9/08,6415,凱基-大直,9218,0,6,-6,0.22,15,sell
9/08,8028,永豐金證券,0039004100300030,495,19,476,9.19,1,buy
9/08,8028,摩根大通,8440,78,973,-895,17.27,1,sell
9/08,8028,國泰-敦南,8888,109,33,76,1.47,2,buy
9/08,8028,台灣摩根士丹利,1470,54,916,-862,16.64,2,sell
9/08,8028,富邦-板橋,9655,73,3,70,1.35,3,buy
9/08,8028,美商高盛,1480,99,773,-674,13.01,3,sell
9/08,8028,合庫-桃園,0031003000320045,45,1,44,0.85,4,buy
9/08,8028,新加坡商瑞銀,1650,35,257,-222,4.28,4,sell
9/08,8028,國泰-台中,8882,45,5,40,0.77,5,buy
9/08,8028,凱基-台北,9268,129,267,-138,2.66,5,sell
9/08,8028,光和,6380,35,0,35,0.68,6,buy
9/08,8028,美林,1440,3,107,-104,2.01,6,sell
9/08,8028,華南永昌,9300,32,2,30,0.58,7,buy
9/08,8028,群益金鼎-土城,003900310033004e,4,60,-56,1.08,7,sell
9/08,8028,元大-中壢,9834,35,6,29,0.56,8,buy
9/08,8028,元大證券,9800,383,411,-28,0.54,8,sell
9/08,8028,群益金鼎-萬華,0039003100330049,28,3,25,0.48,9,buy
9/08,8028,永豐金-板盛,0039004100390059,1,27,-26,0.5,9,sell
9/08,8028,台新-高雄,0039004200310067,27,3,24,0.46,10,buy
9/08,8028,大昌-樹林,6461,3,24,-21,0.41,10,sell
9/08,8028,統一-敦南,5852,28,6,22,0.42,11,buy
9/08,8028,台灣企銀-九如,1113,0,20,-20,0.39,11,sell
9/08,8028,富邦-公益,0039003600310046,21,1,20,0.39,12,buy
9/08,8028,統一,5850,6,23,-17,0.33,12,sell
9/08,8028,華南永昌-台中,9302,25,5,20,0.39,13,buy
9/08,8028,元大-台中,9812,1,18,-17,0.33,13,sell
9/08,8028,花旗環球,1590,37,17,20,0.39,14,buy
9/08,8028,富邦-新板,0039003600310048,5,20,-15,0.29,14,sell
9/08,8028,富邦-永和,9654,22,3,19,0.37,15,buy
9/08,8028,第一金-豐原,003500330038004e,6,21,-15,0.29,15,sell
9/08,5536,摩根大通,8440,63,43,20,3.23,1,buy
9/08,5536,花旗環球,1590,0,78,-78,12.58,1,sell
9/08,5536,元大證券,9800,44,32,12,1.94,2,buy
9/08,5536,富邦-台北,9623,2,60,-58,9.35,2,sell
9/08,5536,第一金-中壢,0035003300380059,12,0,12,1.94,3,buy
9/08,5536,台灣摩根士丹利,1470,13,56,-43,6.94,3,sell
9/08,5536,元大-桃園,0039003800380042,10,0,10,1.61,4,buy
9/08,5536,美商高盛,1480,37,59,-22,3.55,4,sell
9/08,5536,國泰-敦南,8888,14,6,8,1.29,5,buy
9/08,5536,港商麥格理,1360,0,18,-18,2.9,5,sell
9/08,5536,凱基-站前,0039003200300046,9,2,7,1.13,6,buy
9/08,5536,兆豐-台中,7003,0,17,-17,2.74,6,sell
9/08,5536,台新-台南,0039004200310036,6,0,6,0.97,7,buy
9/08,5536,群益金鼎,9100,1,15,-14,2.26,7,sell
9/08,5536,元大-竹北,0039003800310042,5,0,5,0.81,8,buy
9/08,5536,新加坡商瑞銀,1650,29,37,-8,1.29,8,sell
9/08,5536,台新-五權西,0039004200320035,6,1,5,0.81,9,buy
9/08,5536,富邦證券,9600,0,8,-8,1.29,9,sell
9/08,5536,台新,0039004200300030,5,0,5,0.81,10,buy
9/08,5536,台新-松德,0039004200320061,0,4,-4,0.65,10,sell
9/08,5536,群益金鼎-三重,0039003100330067,4,0,4,0.65,11,buy
9/08,5536,華南永昌-中正,9359,1,5,-4,0.65,11,sell
9/08,5536,臺銀-臺中,0031003000340041,4,0,4,0.65,12,buy
9/08,5536,凱基,9200,0,4,-4,0.65,12,sell
9/08,5536,元大-忠孝,9871,4,0,4,0.65,13,buy
9/08,5536,統一,5850,2,5,-3,0.48,13,sell
9/08,5536,富邦-陽明,9604,5,1,4,0.65,14,buy
9/08,5536,美好,5260,0,3,-3,0.48,14,sell
9/08,5536,第一金-新竹,0035003300380042,4,0,4,0.65,15,buy
9/08,5536,合庫-自強,0031003000320043,0,3,-3,0.48,15,sell
9/08,9945,美商高盛,1480,614,194,420,17.09,1,buy
9/08,9945,台灣摩根士丹利,1470,124,284,-160,6.51,1,sell
9/08,9945,新加坡商瑞銀,1650,255,56,199,8.1,2,buy
9/08,9945,國票-天祥,0037003700390056,0,120,-120,4.88,2,sell
9/08,9945,凱基-台北,9268,117,10,107,4.35,3,buy
9/08,9945,元大-古亭,003900380039006b,0,120,-120,4.88,3,sell
9/08,9945,元大-府城,0039003800300075,100,1,99,4.03,4,buy
9/08,9945,國泰-敦南,8888,20,138,-118,4.8,4,sell
9/08,9945,元大證券,9800,126,47,79,3.22,5,buy
9/08,9945,群益金鼎-延平,0039003100380078,0,100,-100,4.07,5,sell
9/08,9945,永豐金-中正,0039004100390055,65,1,64,2.6,6,buy
9/08,9945,中國信託-忠孝,6162,0,81,-81,3.3,6,sell
9/08,9945,安泰,8380,50,0,50,2.04,7,buy
9/08,9945,國票-北投,7792,0,50,-50,2.04,7,sell
9/08,9945,摩根大通,8440,86,41,45,1.83,8,buy
9/08,9945,新光,8560,14,57,-43,1.75,8,sell
9/08,9945,美林,1440,51,10,41,1.67,9,buy
9/08,9945,華南永昌-大安,9307,0,40,-40,1.63,9,sell
9/08,9945,第一金-中山,5389,30,0,30,1.22,10,buy
9/08,9945,元大-頭份,0039003800330055,0,30,-30,1.22,10,sell
9/08,9945,福邦證券,6480,28,0,28,1.14,11,buy
9/08,9945,中國信託,6160,0,23,-23,0.94,11,sell
9/08,9945,富邦-永和,9654,33,7,26,1.06,12,buy
9/08,9945,永豐金-市政,0039004100390057,0,23,-23,0.94,12,sell
9/08,9945,國泰-忠孝,8887,22,0,22,0.9,13,buy
9/08,9945,富邦-南員林,0039003600310052,0,21,-21,0.85,13,sell
9/08,9945,台新-文心,003900420032007a,22,1,21,0.85,14,buy
9/08,9945,(牛牛牛)亞-網路,6012,0,21,-21,0.85,14,sell
9/08,9945,凱基-市政,9239,20,0,20,0.81,15,buy
9/08,9945,國泰-館前,0038003800380041,1,22,-21,0.85,15,sell
9/08,2316,台灣摩根士丹利,1470,208,25,183,10.3,1,buy
9/08,2316,摩根大通,8440,33,172,-139,7.83,1,sell
9/08,2316,第一金-嘉義,003500330038004d,74,3,71,4.0,2,buy
9/08,2316,凱基-台北,9268,125,241,-116,6.53,2,sell
9/08,2316,美商高盛,1480,214,162,52,2.93,3,buy
9/08,2316,元大-鳳山,003900380033005a,1,34,-33,1.86,3,sell
9/08,2316,新百王,6210,40,0,40,2.25,4,buy
9/08,2316,新加坡商瑞銀,1650,20,48,-28,1.58,4,sell
9/08,2316,元大-復北,9872,36,1,35,1.97,5,buy
9/08,2316,統一,5850,10,33,-23,1.3,5,sell
9/08,2316,港商野村,1560,40,26,14,0.79,6,buy
9/08,2316,第一金-頭份,0035003300380049,10,30,-20,1.13,6,sell
9/08,2316,新光,8560,18,5,13,0.73,7,buy
9/08,2316,富邦證券,9600,19,36,-17,0.96,7,sell
9/08,2316,群益金鼎-三重,0039003100330067,15,2,13,0.73,8,buy
9/08,2316,玉山-板橋,8846,0,17,-17,0.96,8,sell
9/08,2316,玉山-高雄,8843,12,0,12,0.68,9,buy
9/08,2316,元大-大里,0039003800310067,3,20,-17,0.96,9,sell
9/08,2316,元大-崇德,0039003800310053,12,1,11,0.62,10,buy
9/08,2316,花旗環球,1590,0,13,-13,0.73,10,sell
9/08,2316,富邦-新莊,0039003600320044,10,0,10,0.56,11,buy
9/08,2316,台新-緯城,0039004200320041,1,12,-11,0.62,11,sell
9/08,2316,宏遠-台中,003100320036004c,7,0,7,0.39,12,buy
9/08,2316,台新-建北,0039004200310038,0,7,-7,0.39,12,sell
9/08,2316,美好-蘆洲,5261,21,15,6,0.34,13,buy
9/08,2316,元大-善化,0039003800310079,1,7,-6,0.34,13,sell
9/08,2316,元大-府城,0039003800300075,6,0,6,0.34,14,buy
9/08,2316,美林,1440,15,21,-6,0.34,14,sell
9/08,2316,元大-發財,0039003800310045,6,0,6,0.34,15,buy
9/08,2316,亞東,2180,0,6,-6,0.34,15,sell
