date,stock_code,broker_name,broker_id,buy_vol,sell_vol,net_vol,pct,rank,side
10/07,2330,台灣摩根士丹利,1470,1621,663,958,6.16,1,buy
10/07,2330,港商野村,1560,144,1766,-1622,10.42,1,sell
10/07,2330,法銀巴黎,8900,791,9,782,5.03,2,buy
10/07,2330,港商麥格理,1360,437,1217,-780,5.01,2,sell
10/07,2330,凱基-台北,9268,599,148,451,2.9,3,buy
10/07,2330,永豐金-匯立,0039004100380031,30,719,-689,4.43,3,sell
10/07,2330,群益金鼎,9100,366,21,345,2.22,4,buy
10/07,2330,新加坡商瑞銀,1650,281,676,-395,2.54,4,sell
10/07,2330,元大證券,9800,850,572,278,1.79,5,buy
10/07,2330,凱基,9200,109,405,-296,1.9,5,sell
10/07,2330,美商高盛,1480,900,692,208,1.34,6,buy
10/07,2330,香港上海匯豐,8960,114,355,-241,1.55,6,sell
10/07,2330,富邦證券,9600,589,400,189,1.21,7,buy
10/07,2330,第一金-高雄,5383,1,155,-154,0.99,7,sell
10/07,2330,統一,5850,257,131,126,0.81,8,buy
10/07,2330,國泰證券,8880,52,196,-144,0.93,8,sell
10/07,2330,兆豐-中壢,0037003000300062,111,0,111,0.71,9,buy
10/07,2330,美林,1440,680,808,-128,0.82,9,sell
10/07,2330,摩根大通,8440,1128,1020,108,0.69,10,buy
10/07,2330,永豐金-萬盛,0039004100390032,3,103,-100,0.64,10,sell
10/07,2330,永豐金證券,0039004100300030,183,81,102,0.66,11,buy
10/07,2330,中國信託-三重,6161,5,102,-97,0.62,11,sell
10/07,2330,土銀,1030,89,1,88,0.57,12,buy
10/07,2330,兆豐-城中,0037003000300057,21,115,-94,0.6,12,sell
10/07,2330,大和國泰,8890,107,25,82,0.53,13,buy
10/07,2330,國泰-敦南,8888,139,221,-82,0.53,13,sell
10/07,2330,中國信託,6160,114,40,74,0.48,14,buy
10/07,2330,元大-土城永寧,9875,4,54,-50,0.32,14,sell
10/07,2330,華南永昌,9300,96,26,70,0.45,15,buy
10/07,2330,凱基-高美館,9215,6,49,-43,0.28,15,sell
10/07,2317,永豐金-匯立,0039004100380031,1268,10,1258,3.49,1,buy
10/07,2317,台灣摩根士丹利,1470,351,4599,-4248,11.77,1,sell
10/07,2317,花旗環球,1590,1495,601,894,2.48,2,buy
10/07,2317,新加坡商瑞銀,1650,1578,4869,-3291,9.12,2,sell
10/07,2317,港商麥格理,1360,950,253,697,1.93,3,buy
10/07,2317,摩根大通,8440,393,3469,-3076,8.52,3,sell
10/07,2317,聯邦-大業,8586,662,4,658,1.82,4,buy
10/07,2317,凱基-台北,9268,642,2149,-1507,4.18,4,sell
10/07,2317,國泰-敦南,8888,751,222,529,1.47,5,buy
10/07,2317,美商高盛,1480,2096,3093,-997,2.76,5,sell
10/07,2317,國泰證券,8880,420,18,402,1.11,6,buy
10/07,2317,元大證券,9800,610,1590,-980,2.72,6,sell
10/07,2317,香港上海匯豐,8960,357,74,283,0.78,7,buy
10/07,2317,華南永昌,9300,58,840,-782,2.17,7,sell
10/07,2317,新光,8560,364,139,225,0.62,8,buy
10/07,2317,美林,1440,402,1134,-732,2.03,8,sell
10/07,2317,凱基,9200,505,282,223,0.62,9,buy
10/07,2317,富邦證券,9600,461,1166,-705,1.95,9,sell
10/07,2317,台灣企銀-屏東,1116,157,1,156,0.43,10,buy
10/07,2317,統一,5850,341,630,-289,0.8,10,sell
10/07,2317,統一-新竹,5857,160,6,154,0.43,11,buy
10/07,2317,永豐金證券,0039004100300030,147,346,-199,0.55,11,sell
10/07,2317,凱基-台南,9211,182,30,152,0.42,12,buy
10/07,2317,兆豐證券,7000,38,232,-194,0.54,12,sell
10/07,2317,新光-台中,8561,168,56,112,0.31,13,buy
10/07,2317,凱基-五股,0039003200310047,5,176,-171,0.47,13,sell
10/07,2317,兆豐-桃鶯,0037003000300055,115,4,111,0.31,14,buy
10/07,2317,國票-敦北法人,0037003700390063,100,259,-159,0.44,14,sell
10/07,2317,宏遠-台南,0031003200360044,106,1,105,0.29,15,buy
10/07,2317,凱基-高美館,9215,92,236,-144,0.4,15,sell
10/07,2454,國泰-敦南,8888,197,45,152,2.0,1,buy
10/07,2454,摩根大通,8440,293,1129,-836,10.99,1,sell
10/07,2454,兆豐證券,7000,123,1,122,1.6,2,buy
10/07,2454,美商高盛,1480,156,929,-773,10.16,2,sell
10/07,2454,美林,1440,176,93,83,1.09,3,buy
10/07,2454,富邦證券,9600,160,757,-597,7.85,3,sell
10/07,2454,(牛牛牛)亞證券,6010,82,0,82,1.08,4,buy
10/07,2454,台灣摩根士丹利,1470,324,506,-182,2.39,4,sell
10/07,2454,永豐金-內湖,0039004100390067,83,3,80,1.05,5,buy
10/07,2454,統一,5850,61,205,-144,1.89,5,sell
10/07,2454,台新,0039004200300030,74,19,55,0.72,6,buy
10/07,2454,花旗環球,1590,43,166,-123,1.62,6,sell
10/07,2454,中國信託,6160,58,8,50,0.66,7,buy
10/07,2454,港商野村,1560,8,130,-122,1.6,7,sell
10/07,2454,中國信託-文心,6164,57,9,48,0.63,8,buy
10/07,2454,新加坡商瑞銀,1650,130,232,-102,1.34,8,sell
10/07,2454,國泰-台中,8882,52,10,42,0.55,9,buy
10/07,2454,元大證券,9800,260,353,-93,1.22,9,sell
10/07,2454,富邦-建國,9658,47,7,40,0.53,10,buy
10/07,2454,群益金鼎,9100,46,137,-91,1.2,10,sell
10/07,2454,國泰-板橋,003800380038004b,45,9,36,0.47,11,buy
10/07,2454,中國信託-忠孝,6162,16,105,-89,1.17,11,sell
10/07,2454,華南永昌-高雄,9303,25,2,23,0.3,12,buy
10/07,2454,凱基,9200,67,143,-76,1.0,12,sell
10/07,2454,富邦-仁愛,9676,28,5,23,0.3,13,buy
10/07,2454,凱基-台北,9268,157,219,-62,0.82,13,sell
10/07,2454,國泰-館前,0038003800380041,34,12,22,0.29,14,buy
10/07,2454,富邦-台北,9623,40,100,-60,0.79,14,sell
10/07,2454,富邦-陽明,9604,29,8,21,0.28,15,buy
10/07,2454,永豐金-匯立,0039004100380031,42,98,-56,0.74,15,sell
10/07,2308,花旗環球,1590,575,158,417,4.17,1,buy
10/07,2308,元大證券,9800,333,1026,-693,6.94,1,sell
10/07,2308,港商麥格理,1360,397,50,347,3.47,2,buy
10/07,2308,新加坡商瑞銀,1650,199,809,-610,6.11,2,sell
10/07,2308,中國信託,6160,293,41,252,2.52,3,buy
10/07,2308,美林,1440,44,494,-450,4.5,3,sell
10/07,2308,大和國泰,8890,178,0,178,1.78,4,buy
10/07,2308,美商高盛,1480,340,789,-449,4.49,4,sell
10/07,2308,宏遠證券,1260,202,55,147,1.47,5,buy
10/07,2308,港商野村,1560,4,284,-280,2.8,5,sell
10/07,2308,富邦證券,9600,189,77,112,1.12,6,buy
10/07,2308,台灣摩根士丹利,1470,540,812,-272,2.72,6,sell
10/07,2308,國泰-敦南,8888,195,105,90,0.9,7,buy
10/07,2308,華南永昌,9300,42,261,-219,2.19,7,sell
10/07,2308,永豐金-匯立,0039004100380031,249,171,78,0.78,8,buy
10/07,2308,群益金鼎-忠孝,0039003100380057,5,168,-163,1.63,8,sell
10/07,2308,香港上海匯豐,8960,170,106,64,0.64,9,buy
10/07,2308,國泰證券,8880,125,253,-128,1.28,9,sell
10/07,2308,康和,8450,85,26,59,0.59,10,buy
10/07,2308,凱基-台北,9268,367,455,-88,0.88,10,sell
10/07,2308,(牛牛牛)亞證券,6010,45,0,45,0.45,11,buy
10/07,2308,統一,5850,136,204,-68,0.68,11,sell
10/07,2308,兆豐證券,7000,147,104,43,0.43,12,buy
10/07,2308,宏遠-民生,1261,2,47,-45,0.45,12,sell
10/07,2308,國票-敦北法人,0037003700390063,37,0,37,0.37,13,buy
10/07,2308,第一金-中山,5389,4,46,-42,0.42,13,sell
10/07,2308,台新,0039004200300030,62,31,31,0.31,14,buy
10/07,2308,富邦-南屯,9666,6,45,-39,0.39,14,sell
10/07,2308,永豐金證券,0039004100300030,183,152,31,0.31,15,buy
10/07,2308,凱基-板橋,0039003200300041,2,30,-28,0.28,15,sell
10/07,2382,花旗環球,1590,802,3,799,8.28,1,buy
10/07,2382,凱基,9200,20,752,-732,7.58,1,sell
10/07,2382,美商高盛,1480,993,380,613,6.35,2,buy
10/07,2382,港商野村,1560,0,409,-409,4.24,2,sell
10/07,2382,國泰證券,8880,514,2,512,5.3,3,buy
10/07,2382,永豐金證券,0039004100300030,24,394,-370,3.83,3,sell
10/07,2382,富邦證券,9600,562,96,466,4.83,4,buy
10/07,2382,美林,1440,308,648,-340,3.52,4,sell
10/07,2382,台灣摩根士丹利,1470,854,588,266,2.76,5,buy
10/07,2382,大和國泰,8890,0,300,-300,3.11,5,sell
10/07,2382,凱基-士林,9238,251,4,247,2.56,6,buy
10/07,2382,臺銀,1040,4,168,-164,1.7,6,sell
10/07,2382,新加坡商瑞銀,1650,700,549,151,1.56,7,buy
10/07,2382,統一-新竹,5857,0,151,-151,1.56,7,sell
10/07,2382,凱基-林口,9257,154,3,151,1.56,8,buy
10/07,2382,摩根大通,8440,621,766,-145,1.5,8,sell
10/07,2382,元大-大雅,0039003800330069,89,6,83,0.86,9,buy
10/07,2382,凱基-高美館,9215,4,110,-106,1.1,9,sell
10/07,2382,統一-台中,5856,83,1,82,0.85,10,buy
10/07,2382,凱基-台北,9268,112,183,-71,0.74,10,sell
10/07,2382,法銀巴黎,8900,67,2,65,0.67,11,buy
10/07,2382,中國信託-高雄,003600310036004b,2,62,-60,0.62,11,sell
10/07,2382,永豐金-匯立,0039004100380031,56,0,56,0.58,12,buy
10/07,2382,元大證券,9800,523,571,-48,0.5,12,sell
10/07,2382,統一-南京,0035003800350055,56,7,49,0.51,13,buy
10/07,2382,國泰-敦南,8888,62,108,-46,0.48,13,sell
10/07,2382,元大-信義,003900380039006d,50,1,49,0.51,14,buy
10/07,2382,統一-仁愛,0035003800350063,0,40,-40,0.41,14,sell
10/07,2382,中國信託-忠孝,6162,56,7,49,0.51,15,buy
10/07,2382,永豐金-屏東,0039004100360039,0,38,-38,0.39,15,sell
10/07,2891,元大證券,9800,2143,489,1654,8.12,1,buy
10/07,2891,國票-敦北法人,0037003700390063,0,2889,-2889,14.19,1,sell
10/07,2891,美商高盛,1480,2522,1564,958,4.71,2,buy
10/07,2891,華南永昌-中正,9359,1,738,-737,3.62,2,sell
10/07,2891,凱基-台北,9268,1321,566,755,3.71,3,buy
10/07,2891,華南永昌,9300,7,637,-630,3.09,3,sell
10/07,2891,美林,1440,693,52,641,3.15,4,buy
10/07,2891,新加坡商瑞銀,1650,3953,4559,-606,2.98,4,sell
10/07,2891,國泰證券,8880,611,0,611,3.0,5,buy
10/07,2891,元大-中崙,9813,24,352,-328,1.61,5,sell
10/07,2891,港商野村,1560,472,6,466,2.29,6,buy
10/07,2891,國泰-敦南,8888,80,264,-184,0.9,6,sell
10/07,2891,香港上海匯豐,8960,452,0,452,2.22,7,buy
10/07,2891,凱基-新莊,0039003200310053,1,94,-93,0.46,7,sell
10/07,2891,花旗環球,1590,347,21,326,1.6,8,buy
10/07,2891,凱基-中山,9229,1,82,-81,0.4,8,sell
10/07,2891,富邦證券,9600,469,160,309,1.52,9,buy
10/07,2891,元大-天母,0039003800310049,5,81,-76,0.37,9,sell
10/07,2891,永豐金-匯立,0039004100380031,318,31,287,1.41,10,buy
10/07,2891,兆豐-北高雄,0037003000300049,0,71,-71,0.35,10,sell
10/07,2891,凱基,9200,927,688,239,1.17,11,buy
10/07,2891,群益金鼎-南京,0039003100380045,6,63,-57,0.28,11,sell
10/07,2891,摩根大通,8440,860,702,158,0.78,12,buy
10/07,2891,永豐金-市政,0039004100390057,11,67,-56,0.28,12,sell
10/07,2891,港商麥格理,1360,151,0,151,0.74,13,buy
10/07,2891,統一-基隆,0035003800350041,4,60,-56,0.28,13,sell
10/07,2891,國票-長城,0037003700390075,168,23,145,0.71,14,buy
10/07,2891,中國信託,6160,47,96,-49,0.24,14,sell
10/07,2891,法銀巴黎,8900,136,0,136,0.67,15,buy
10/07,2891,富邦-永和,9654,5,49,-44,0.22,15,sell
10/07,2881,新加坡商瑞銀,1650,1754,69,1685,13.78,1,buy
10/07,2881,統一-南京,0035003800350055,0,1823,-1823,14.91,1,sell
10/07,2881,永豐金-匯立,0039004100380031,1420,0,1420,11.61,2,buy
10/07,2881,凱基,9200,23,619,-596,4.87,2,sell
10/07,2881,台灣摩根士丹利,1470,2822,1791,1031,8.43,3,buy
10/07,2881,美林,1440,210,745,-535,4.38,3,sell
10/07,2881,港商野村,1560,200,1,199,1.63,4,buy
10/07,2881,元大證券,9800,228,430,-202,1.65,4,sell
10/07,2881,彰銀,1230,160,2,158,1.29,5,buy
10/07,2881,群益金鼎,9100,266,402,-136,1.11,5,sell
10/07,2881,元大-東泰,9817,120,0,120,0.98,6,buy
10/07,2881,兆豐-城中,0037003000300057,511,646,-135,1.1,6,sell
10/07,2881,摩根大通,8440,812,727,85,0.7,7,buy
10/07,2881,花旗環球,1590,265,369,-104,0.85,7,sell
10/07,2881,凱基-台北,9268,558,482,76,0.62,8,buy
10/07,2881,美好,5260,0,53,-53,0.43,8,sell
10/07,2881,國泰證券,8880,74,12,62,0.51,9,buy
10/07,2881,群益金鼎-竹南,0039003100380069,0,52,-52,0.43,9,sell
10/07,2881,法銀巴黎,8900,59,3,56,0.46,10,buy
10/07,2881,富邦-中壢,9636,1,52,-51,0.42,10,sell
10/07,2881,元大-竹科,003900380030004b,45,3,42,0.34,11,buy
10/07,2881,富邦-台北,9623,14,60,-46,0.38,11,sell
10/07,2881,兆豐證券,7000,44,2,42,0.34,12,buy
10/07,2881,國泰-敦南,8888,32,75,-43,0.35,12,sell
10/07,2881,富邦證券,9600,40,3,37,0.3,13,buy
10/07,2881,香港上海匯豐,8960,108,149,-41,0.34,13,sell
10/07,2881,大和國泰,8890,33,0,33,0.27,14,buy
10/07,2881,元大-學甲,003900380033004b,1,35,-34,0.28,14,sell
10/07,2881,國泰-高雄,8881,35,4,31,0.25,15,buy
10/07,2881,玉山-高雄,8843,2,31,-29,0.24,15,sell
10/07,2882,美商高盛,1480,5828,1027,4801,21.92,1,buy
10/07,2882,統一-南京,0035003800350055,3,2160,-2157,9.85,1,sell
10/07,2882,香港上海匯豐,8960,3337,0,3337,15.23,2,buy
10/07,2882,美林,1440,212,1640,-1428,6.52,2,sell
10/07,2882,新加坡商瑞銀,1650,2421,240,2181,9.96,3,buy
10/07,2882,統一-台中,5856,0,1016,-1016,4.64,3,sell
10/07,2882,台灣摩根士丹利,1470,1857,386,1471,6.72,4,buy
10/07,2882,摩根大通,8440,1330,2307,-977,4.46,4,sell
10/07,2882,國泰證券,8880,649,0,649,2.96,5,buy
10/07,2882,元大證券,9800,1959,2772,-813,3.71,5,sell
10/07,2882,凱基-台北,9268,802,387,415,1.89,6,buy
10/07,2882,凱基,9200,1,655,-654,2.99,6,sell
10/07,2882,花旗環球,1590,387,7,380,1.73,7,buy
10/07,2882,法銀巴黎,8900,58,651,-593,2.71,7,sell
10/07,2882,永豐金-匯立,0039004100380031,240,0,240,1.1,8,buy
10/07,2882,合庫-台中,1021,0,505,-505,2.31,8,sell
10/07,2882,富邦證券,9600,244,13,231,1.05,9,buy
10/07,2882,兆豐-新竹,0037003000300056,0,501,-501,2.29,9,sell
10/07,2882,第一金-新興,0035003300380041,100,2,98,0.45,10,buy
10/07,2882,群益金鼎,9100,167,503,-336,1.53,10,sell
10/07,2882,福勝,6950,50,1,49,0.22,11,buy
10/07,2882,國泰-敦南,8888,66,396,-330,1.51,11,sell
10/07,2882,玉山證券,8840,80,32,48,0.22,12,buy
10/07,2882,港商野村,1560,0,290,-290,1.32,12,sell
10/07,2882,大昌,6460,51,3,48,0.22,13,buy
10/07,2882,永豐金-中和,0039004100390042,3,204,-201,0.92,13,sell
10/07,2882,合庫-自強,0031003000320043,26,2,24,0.11,14,buy
10/07,2882,國泰-館前,0038003800380041,1,153,-152,0.69,14,sell
10/07,2882,富邦-仁愛,9676,33,13,20,0.09,15,buy
10/07,2882,華南永昌,9300,1,137,-136,0.62,15,sell
10/07,2303,永豐金證券,0039004100300030,2743,774,1969,1.32,1,buy
10/07,2303,元大證券,9800,8569,14925,-6356,4.28,1,sell
10/07,2303,國泰證券,8880,2651,1029,1622,1.09,2,buy
10/07,2303,凱基-台北,9268,4048,10239,-6191,4.16,2,sell
10/07,2303,花旗環球,1590,1373,4,1369,0.92,3,buy
10/07,2303,統一,5850,970,6677,-5707,3.84,3,sell
10/07,2303,國泰-敦南,8888,3666,2311,1355,0.91,4,buy
10/07,2303,台灣摩根士丹利,1470,4071,8163,-4092,2.75,4,sell
10/07,2303,富邦-台北,9623,1627,676,951,0.64,5,buy
10/07,2303,美商高盛,1480,7264,10513,-3249,2.19,5,sell
10/07,2303,永豐金-信義,0039004100390052,908,67,841,0.57,6,buy
10/07,2303,港商麥格理,1360,35,3107,-3072,2.07,6,sell
10/07,2303,永豐金-忠孝,0039004100390044,749,26,723,0.49,7,buy
10/07,2303,凱基,9200,1607,3751,-2144,1.44,7,sell
10/07,2303,富邦-陽明,9604,838,168,670,0.45,8,buy
10/07,2303,美林,1440,3843,5794,-1951,1.31,8,sell
10/07,2303,宏遠-台南,0031003200360044,645,12,633,0.43,9,buy
10/07,2303,大和國泰,8890,0,1460,-1460,0.98,9,sell
10/07,2303,康和-嘉義,8459,721,91,630,0.42,10,buy
10/07,2303,港商野村,1560,0,1416,-1416,0.95,10,sell
10/07,2303,群益金鼎-南京,0039003100380045,600,70,530,0.36,11,buy
10/07,2303,國票-敦北法人,0037003700390063,160,1406,-1246,0.84,11,sell
10/07,2303,新加坡商瑞銀,1650,7425,6982,443,0.3,12,buy
10/07,2303,華南永昌,9300,384,1336,-952,0.64,12,sell
10/07,2303,元大-虎尾,003900380030006c,493,50,443,0.3,13,buy
10/07,2303,摩根大通,8440,1832,2661,-829,0.56,13,sell
10/07,2303,永豐金-板新,003900410039004a,502,78,424,0.29,14,buy
10/07,2303,凱基-城中,9227,247,1021,-774,0.52,14,sell
10/07,2303,國泰-台中,8882,855,476,379,0.25,15,buy
10/07,2303,宏遠證券,1260,242,932,-690,0.46,15,sell
10/07,3711,永豐金證券,0039004100300030,348,113,235,2.85,1,buy
10/07,3711,台灣摩根士丹利,1470,326,944,-618,7.5,1,sell
10/07,3711,彰銀,1230,231,50,181,2.2,2,buy
10/07,3711,元大證券,9800,253,627,-374,4.54,2,sell
10/07,3711,國票-敦北法人,0037003700390063,138,0,138,1.68,3,buy
10/07,3711,富邦證券,9600,61,414,-353,4.29,3,sell
10/07,3711,美林,1440,204,75,129,1.57,4,buy
10/07,3711,花旗環球,1590,144,429,-285,3.46,4,sell
10/07,3711,香港上海匯豐,8960,185,69,116,1.41,5,buy
10/07,3711,群益金鼎,9100,93,353,-260,3.16,5,sell
10/07,3711,統一,5850,174,78,96,1.17,6,buy
10/07,3711,新加坡商瑞銀,1650,729,880,-151,1.83,6,sell
10/07,3711,法銀巴黎,8900,64,2,62,0.75,7,buy
10/07,3711,凱基,9200,6,154,-148,1.8,7,sell
10/07,3711,國泰-敦南,8888,154,105,49,0.59,8,buy
10/07,3711,美商高盛,1480,264,393,-129,1.57,8,sell
10/07,3711,永豐金-匯立,0039004100380031,109,65,44,0.53,9,buy
10/07,3711,玉山證券,8840,18,119,-101,1.23,9,sell
10/07,3711,元大-彰化民生,003900380039004a,53,13,40,0.49,10,buy
10/07,3711,港商野村,1560,70,153,-83,1.01,10,sell
10/07,3711,富邦-台南,9667,36,3,33,0.4,11,buy
10/07,3711,凱基-台北,9268,226,278,-52,0.63,11,sell
10/07,3711,國泰-高雄,8881,50,20,30,0.36,12,buy
10/07,3711,統一-南京,0035003800350055,9,58,-49,0.59,12,sell
10/07,3711,富邦-內湖,9627,25,2,23,0.28,13,buy
10/07,3711,新光,8560,65,97,-32,0.39,13,sell
10/07,3711,國泰-板橋,003800380038004b,41,18,23,0.28,14,buy
10/07,3711,康和,8450,1,30,-29,0.35,14,sell
10/07,3711,兆豐-天母,003700300030004c,22,1,21,0.25,15,buy
10/07,3711,台灣企銀-太平,1115,1,27,-26,0.32,15,sell
10/07,2603,永豐金-新莊,0039004100390048,453,0,453,5.49,1,buy
10/07,2603,富邦-台北,9623,35,804,-769,9.32,1,sell
10/07,2603,統一-南京,0035003800350055,366,0,366,4.44,2,buy
10/07,2603,統一,5850,4,736,-732,8.87,2,sell
10/07,2603,新加坡商瑞銀,1650,447,112,335,4.06,3,buy
10/07,2603,凱基-台北,9268,202,854,-652,7.9,3,sell
10/07,2603,國泰證券,8880,256,7,249,3.02,4,buy
10/07,2603,花旗環球,1590,17,324,-307,3.72,4,sell
10/07,2603,香港上海匯豐,8960,165,0,165,2.0,5,buy
10/07,2603,美林,1440,53,300,-247,2.99,5,sell
10/07,2603,摩根大通,8440,524,398,126,1.53,6,buy
10/07,2603,台灣摩根士丹利,1470,334,568,-234,2.84,6,sell
10/07,2603,國泰-敦南,8888,165,62,103,1.25,7,buy
10/07,2603,凱基-城中,9227,1,201,-200,2.42,7,sell
10/07,2603,富邦證券,9600,115,38,77,0.93,8,buy
10/07,2603,群益金鼎,9100,148,303,-155,1.88,8,sell
10/07,2603,永豐金-內湖,0039004100390067,57,0,57,0.69,9,buy
10/07,2603,法銀巴黎,8900,37,150,-113,1.37,9,sell
10/07,2603,玉山-大里,003800380034004a,61,9,52,0.63,10,buy
10/07,2603,港商野村,1560,80,180,-100,1.21,10,sell
10/07,2603,元大-內湖民權,9867,51,0,51,0.62,11,buy
10/07,2603,玉山-新莊,8842,2,102,-100,1.21,11,sell
10/07,2603,新光,8560,59,15,44,0.53,12,buy
10/07,2603,元大證券,9800,1061,1109,-48,0.58,12,sell
10/07,2603,富邦-仁愛,9676,51,9,42,0.51,13,buy
10/07,2603,元大-淡水,9899,7,50,-43,0.52,13,sell
10/07,2603,國票-南科,0037003700390065,40,0,40,0.48,14,buy
10/07,2603,凱基-高雄,9206,1,40,-39,0.47,14,sell
10/07,2603,富邦-板橋,9655,35,1,34,0.41,15,buy
10/07,2603,大展-台南,5058,1,39,-38,0.46,15,sell
10/07,2609,摩根大通,8440,2102,701,1401,14.71,1,buy
10/07,2609,台灣摩根士丹利,1470,178,1001,-823,8.64,1,sell
10/07,2609,香港上海匯豐,8960,870,0,870,9.13,2,buy
10/07,2609,港商野村,1560,28,652,-624,6.55,2,sell
10/07,2609,凱基-台北,9268,672,119,553,5.8,3,buy
10/07,2609,美林,1440,66,521,-455,4.78,3,sell
10/07,2609,國票-敦北法人,0037003700390063,350,0,350,3.67,4,buy
10/07,2609,美商高盛,1480,834,1138,-304,3.19,4,sell
10/07,2609,新加坡商瑞銀,1650,841,712,129,1.35,5,buy
10/07,2609,元大證券,9800,380,582,-202,2.12,5,sell
10/07,2609,花旗環球,1590,397,309,88,0.92,6,buy
10/07,2609,富邦證券,9600,2,108,-106,1.11,6,sell
10/07,2609,福邦證券,6480,50,0,50,0.52,7,buy
10/07,2609,法銀巴黎,8900,2,76,-74,0.78,7,sell
10/07,2609,凱基-基隆,0039003200300048,51,2,49,0.51,8,buy
10/07,2609,永豐金-天母,0039004100390047,11,69,-58,0.61,8,sell
10/07,2609,宏遠-台南,0031003200360044,34,0,34,0.36,9,buy
10/07,2609,永豐金-北高雄,0039004100390072,3,57,-54,0.57,9,sell
10/07,2609,元大-豐原站前,0039003800390057,37,3,34,0.36,10,buy
10/07,2609,永豐金證券,0039004100300030,17,70,-53,0.56,10,sell
10/07,2609,台新-北新莊,0039004200320038,36,4,32,0.34,11,buy
10/07,2609,元大-北府,0039003800300044,3,54,-51,0.54,11,sell
10/07,2609,元大-汐止,0039003800390051,31,0,31,0.33,12,buy
10/07,2609,元大-東泰,9817,1,49,-48,0.5,12,sell
10/07,2609,兆豐證券,7000,30,0,30,0.31,13,buy
10/07,2609,永豐金-萬盛,0039004100390032,5,50,-45,0.47,13,sell
10/07,2609,台新-三重,0039004200320033,30,0,30,0.31,14,buy
10/07,2609,合庫-基隆,1025,0,44,-44,0.46,14,sell
10/07,2609,元大-新生,0039003800310058,24,0,24,0.25,15,buy
10/07,2609,凱基-土城,003900320031004a,8,52,-44,0.46,15,sell
10/07,2615,花旗環球,1590,1066,6,1060,18.46,1,buy
10/07,2615,台新-台北,0039004200320030,1,638,-637,11.1,1,sell
10/07,2615,永豐金證券,0039004100300030,313,59,254,4.42,2,buy
10/07,2615,元大-復北,9872,44,400,-356,6.2,2,sell
10/07,2615,中國信託-松江,6167,250,0,250,4.35,3,buy
10/07,2615,台灣摩根士丹利,1470,287,544,-257,4.48,3,sell
10/07,2615,凱基-台北,9268,769,532,237,4.13,4,buy
10/07,2615,新加坡商瑞銀,1650,208,322,-114,1.99,4,sell
10/07,2615,香港上海匯豐,8960,143,0,143,2.49,5,buy
10/07,2615,群益金鼎,9100,5,111,-106,1.85,5,sell
10/07,2615,元大證券,9800,411,361,50,0.87,6,buy
10/07,2615,台新-西松,003900420032006e,0,103,-103,1.79,6,sell
10/07,2615,華南永昌-板橋,9349,45,0,45,0.78,7,buy
10/07,2615,元大-中崙,9813,0,78,-78,1.36,7,sell
10/07,2615,美商高盛,1480,262,226,36,0.63,8,buy
10/07,2615,摩根大通,8440,50,126,-76,1.32,8,sell
10/07,2615,台新-板橋,0039004200320062,29,0,29,0.51,9,buy
10/07,2615,中國信託,6160,4,54,-50,0.87,9,sell
10/07,2615,元大-沙鹿,0039003800300064,31,6,25,0.44,10,buy
10/07,2615,台新-新竹,0039004200320047,0,50,-50,0.87,10,sell
10/07,2615,合庫-台南,1022,23,1,22,0.38,11,buy
10/07,2615,台新,0039004200300030,4,49,-45,0.78,11,sell
10/07,2615,兆豐-台南,7006,20,0,20,0.35,12,buy
10/07,2615,凱基-板橋,0039003200300041,1,42,-41,0.71,12,sell
10/07,2615,光和,6380,21,4,17,0.3,13,buy
10/07,2615,元大-四維,9831,1,38,-37,0.64,13,sell
10/07,2615,統一-中壢,5853,15,0,15,0.26,14,buy
10/07,2615,元大-豐原站前,0039003800390057,0,31,-31,0.54,14,sell
10/07,2615,凱基-土城,003900320031004a,15,0,15,0.26,15,buy
10/07,2615,永豐金-板盛,0039004100390059,0,30,-30,0.52,15,sell
10/07,2618,凱基,9200,751,0,751,10.6,1,buy
10/07,2618,台灣摩根士丹利,1470,372,1401,-1029,14.52,1,sell
10/07,2618,摩根大通,8440,1468,748,720,10.16,2,buy
10/07,2618,元大證券,9800,207,742,-535,7.55,2,sell
10/07,2618,美商高盛,1480,771,485,286,4.04,3,buy
10/07,2618,群益金鼎-新竹,9186,0,244,-244,3.44,3,sell
10/07,2618,富邦證券,9600,253,3,250,3.53,4,buy
10/07,2618,群益金鼎-基隆,0039003100330045,0,180,-180,2.54,4,sell
10/07,2618,兆豐證券,7000,233,0,233,3.29,5,buy
10/07,2618,新百王,6210,5,163,-158,2.23,5,sell
10/07,2618,美林,1440,313,99,214,3.02,6,buy
10/07,2618,國泰-台南,8884,2,160,-158,2.23,6,sell
10/07,2618,元大-善化,0039003800310079,201,2,199,2.81,7,buy
10/07,2618,新加坡商瑞銀,1650,100,255,-155,2.19,7,sell
10/07,2618,國泰證券,8880,202,11,191,2.7,8,buy
10/07,2618,中國信託,6160,3,151,-148,2.09,8,sell
10/07,2618,港商野村,1560,242,52,190,2.68,9,buy
10/07,2618,合庫-彰化,1028,1,85,-84,1.19,9,sell
10/07,2618,凱基-台北,9268,313,161,152,2.15,10,buy
10/07,2618,群益金鼎-新莊,0039003100380047,3,85,-82,1.16,10,sell
10/07,2618,永豐金-匯立,0039004100380031,73,0,73,1.03,11,buy
10/07,2618,國泰-館前,0038003800380041,1,55,-54,0.76,11,sell
10/07,2618,凱基-站前,0039003200300046,61,5,56,0.79,12,buy
10/07,2618,台新-西松,003900420032006e,0,40,-40,0.56,12,sell
10/07,2618,花旗環球,1590,63,14,49,0.69,13,buy
10/07,2618,玉山證券,8840,1,37,-36,0.51,13,sell
10/07,2618,元大-松江,9801,34,1,33,0.47,14,buy
10/07,2618,統一-松江,003500380035005a,1,31,-30,0.42,14,sell
10/07,2618,香港上海匯豐,8960,30,0,30,0.42,15,buy
10/07,2618,群益金鼎-三民,9188,1,31,-30,0.42,15,sell
10/07,3037,台灣摩根士丹利,1470,1491,247,1244,13.6,1,buy
10/07,3037,永豐金-匯立,0039004100380031,45,944,-899,9.83,1,sell
10/07,3037,美商高盛,1480,1346,492,854,9.33,2,buy
10/07,3037,國泰證券,8880,109,706,-597,6.53,2,sell
10/07,3037,花旗環球,1590,697,89,608,6.65,3,buy
10/07,3037,美林,1440,161,383,-222,2.43,3,sell
10/07,3037,摩根大通,8440,291,105,186,2.03,4,buy
10/07,3037,大和國泰,8890,0,150,-150,1.64,4,sell
10/07,3037,新加坡商瑞銀,1650,332,158,174,1.9,5,buy
10/07,3037,元大證券,9800,755,893,-138,1.51,5,sell
10/07,3037,台新-北新莊,0039004200320038,61,1,60,0.66,6,buy
10/07,3037,凱基,9200,3,135,-132,1.44,6,sell
10/07,3037,元大-鳳山,003900380033005a,57,3,54,0.59,7,buy
10/07,3037,富邦證券,9600,53,169,-116,1.27,7,sell
10/07,3037,兆豐-北高雄,0037003000300049,52,11,41,0.45,8,buy
10/07,3037,群益金鼎,9100,116,205,-89,0.97,8,sell
10/07,3037,兆豐證券,7000,71,31,40,0.44,9,buy
10/07,3037,台新,0039004200300030,54,137,-83,0.91,9,sell
10/07,3037,法銀巴黎,8900,23,0,23,0.25,10,buy
10/07,3037,玉山證券,8840,32,96,-64,0.7,10,sell
10/07,3037,富隆證券,5110,20,0,20,0.22,11,buy
10/07,3037,國票-敦北法人,0037003700390063,1,61,-60,0.66,11,sell
10/07,3037,香港上海匯豐,8960,16,0,16,0.17,12,buy
10/07,3037,臺銀,1040,4,62,-58,0.63,12,sell
10/07,3037,永豐金-新莊,0039004100390048,19,4,15,0.16,13,buy
10/07,3037,統一,5850,21,75,-54,0.59,13,sell
10/07,3037,第一金,5380,16,4,12,0.13,14,buy
10/07,3037,統一-士林,003500380035004d,2,52,-50,0.55,14,sell
10/07,3037,凱基-城中,9227,23,11,12,0.13,15,buy
10/07,3037,康和,8450,1,43,-42,0.46,15,sell
10/07,2345,新加坡商瑞銀,1650,996,273,723,13.88,1,buy
10/07,2345,摩根大通,8440,127,589,-462,8.87,1,sell
10/07,2345,元大-龍潭,9858,157,53,104,2.0,2,buy
10/07,2345,富邦證券,9600,33,171,-138,2.65,2,sell
10/07,2345,中國信託-忠孝,6162,63,5,58,1.11,3,buy
10/07,2345,元大證券,9800,348,479,-131,2.52,3,sell
10/07,2345,統一-中壢,5853,46,4,42,0.81,4,buy
10/07,2345,台灣摩根士丹利,1470,115,228,-113,2.17,4,sell
10/07,2345,永豐金證券,0039004100300030,135,96,39,0.75,5,buy
10/07,2345,群益金鼎,9100,66,172,-106,2.04,5,sell
10/07,2345,兆豐-北高雄,0037003000300049,41,2,39,0.75,6,buy
10/07,2345,美商高盛,1480,276,356,-80,1.54,6,sell
10/07,2345,國票-長城,0037003700390075,35,1,34,0.65,7,buy
10/07,2345,香港上海匯豐,8960,6,80,-74,1.42,7,sell
10/07,2345,凱基-台北,9268,233,201,32,0.61,8,buy
10/07,2345,美林,1440,88,159,-71,1.36,8,sell
10/07,2345,康和-板橋,0038003400350044,30,0,30,0.58,9,buy
10/07,2345,港商野村,1560,24,91,-67,1.29,9,sell
10/07,2345,法銀巴黎,8900,26,1,25,0.48,10,buy
10/07,2345,花旗環球,1590,26,89,-63,1.21,10,sell
10/07,2345,富邦-永和,9654,21,4,17,0.33,11,buy
10/07,2345,凱基,9200,29,80,-51,0.98,11,sell
10/07,2345,港商麥格理,1360,27,11,16,0.31,12,buy
10/07,2345,富邦-嘉義,9692,2,51,-49,0.94,12,sell
10/07,2345,國泰-敦南,8888,70,54,16,0.31,13,buy
10/07,2345,國泰證券,8880,18,61,-43,0.83,13,sell
10/07,2345,群益金鼎-士林,9137,16,1,15,0.29,14,buy
10/07,2345,統一,5850,20,56,-36,0.69,14,sell
10/07,2345,群益金鼎-丹鳳,0039003100380073,15,0,15,0.29,15,buy
10/07,2345,國票-敦北法人,0037003700390063,2,26,-24,0.46,15,sell
10/07,3006,元大證券,9800,505,284,221,4.29,1,buy
10/07,3006,新加坡商瑞銀,1650,46,854,-808,15.68,1,sell
10/07,3006,元大-大同,0039003800390047,79,2,77,1.49,2,buy
10/07,3006,摩根大通,8440,135,382,-247,4.79,2,sell
10/07,3006,國泰-敦南,8888,160,90,70,1.36,3,buy
10/07,3006,美商高盛,1480,216,384,-168,3.26,3,sell
10/07,3006,凱基,9200,51,0,51,0.99,4,buy
10/07,3006,台灣摩根士丹利,1470,2,111,-109,2.11,4,sell
10/07,3006,元大-路竹,0039003800310043,42,0,42,0.81,5,buy
10/07,3006,群益金鼎-東大,9135,1,48,-47,0.91,5,sell
10/07,3006,群益金鼎,9100,145,107,38,0.74,6,buy
10/07,3006,元大-竹北,0039003800310042,1,33,-32,0.62,6,sell
10/07,3006,永豐金證券,0039004100300030,109,73,36,0.7,7,buy
10/07,3006,永豐金-中正,0039004100390055,6,35,-29,0.56,7,sell
10/07,3006,花旗環球,1590,25,0,25,0.49,8,buy
10/07,3006,統一,5850,15,42,-27,0.52,8,sell
10/07,3006,元大-淡水,9899,25,3,22,0.43,9,buy
10/07,3006,新百王,6210,51,78,-27,0.52,9,sell
10/07,3006,台新-世貿,0039004200320075,26,5,21,0.41,10,buy
10/07,3006,凱基-中港,9202,1,28,-27,0.52,10,sell
10/07,3006,兆豐-民生,0037003000300063,20,0,20,0.39,11,buy
10/07,3006,港商野村,1560,16,41,-25,0.49,11,sell
10/07,3006,凱基-站前,0039003200300046,19,2,17,0.33,12,buy
10/07,3006,富邦-內湖,9627,3,27,-24,0.47,12,sell
10/07,3006,國泰-板橋,003800380038004b,38,21,17,0.33,13,buy
10/07,3006,合庫-鳳山,1029,0,24,-24,0.47,13,sell
10/07,3006,群益金鼎-新莊,0039003100380047,17,1,16,0.31,14,buy
10/07,3006,台新-三重,0039004200320033,4,26,-22,0.43,14,sell
10/07,3006,台新,0039004200300030,37,21,16,0.31,15,buy
10/07,3006,富邦-南港,0039003600320041,2,22,-20,0.39,15,sell
10/07,2379,統一,5850,91,19,72,5.07,1,buy
10/07,2379,摩根大通,8440,51,240,-189,13.31,1,sell
10/07,2379,元大證券,9800,126,76,50,3.52,2,buy
10/07,2379,台灣摩根士丹利,1470,26,167,-141,9.93,2,sell
10/07,2379,中國信託,6160,31,6,25,1.76,3,buy
10/07,2379,美林,1440,12,95,-83,5.85,3,sell
10/07,2379,群益金鼎-海山,9108,19,0,19,1.34,4,buy
10/07,2379,港商麥格理,1360,0,70,-70,4.93,4,sell
10/07,2379,富邦-台中,003900360035004b,20,1,19,1.34,5,buy
10/07,2379,花旗環球,1590,6,52,-46,3.24,5,sell
10/07,2379,富邦-新竹,9647,21,4,17,1.2,6,buy
10/07,2379,港商野村,1560,9,49,-40,2.82,6,sell
10/07,2379,兆豐證券,7000,16,0,16,1.13,7,buy
10/07,2379,美商高盛,1480,41,80,-39,2.75,7,sell
10/07,2379,富邦-仁愛,9676,16,0,16,1.13,8,buy
10/07,2379,國泰證券,8880,1,40,-39,2.75,8,sell
10/07,2379,統一-敦南,5852,14,0,14,0.99,9,buy
10/07,2379,凱基-台北,9268,32,70,-38,2.68,9,sell
10/07,2379,群益金鼎-館前,0039003100330059,11,0,11,0.77,10,buy
10/07,2379,凱基-站前,0039003200300046,3,22,-19,1.34,10,sell
10/07,2379,永豐金-新竹,0039004100390037,10,0,10,0.7,11,buy
10/07,2379,永豐金證券,0039004100300030,22,35,-13,0.92,11,sell
10/07,2379,元大-竹北,0039003800310042,12,2,10,0.7,12,buy
10/07,2379,群益金鼎,9100,5,14,-9,0.63,12,sell
10/07,2379,富邦證券,9600,12,2,10,0.7,13,buy
10/07,2379,富邦-公益,0039003600310046,2,8,-6,0.42,13,sell
10/07,2379,富邦-屏東,0039003600310059,10,0,10,0.7,14,buy
10/07,2379,元大-永春,9852,2,6,-4,0.28,14,sell
10/07,2379,元大-大統,003900380031007a,9,0,9,0.63,15,buy
10/07,2379,凱基,9200,1,5,-4,0.28,15,sell
10/07,3034,元大證券,9800,288,84,204,10.04,1,buy
10/07,3034,摩根大通,8440,19,383,-364,17.92,1,sell
10/07,3034,(牛牛牛)亞證券,6010,109,0,109,5.37,2,buy
10/07,3034,台灣摩根士丹利,1470,38,371,-333,16.4,2,sell
10/07,3034,美林,1440,98,39,59,2.9,3,buy
10/07,3034,美商高盛,1480,68,239,-171,8.42,3,sell
10/07,3034,華南永昌-高雄,9303,50,0,50,2.46,4,buy
10/07,3034,新加坡商瑞銀,1650,35,134,-99,4.87,4,sell
10/07,3034,富邦證券,9600,56,11,45,2.22,5,buy
10/07,3034,凱基-台北,9268,51,149,-98,4.83,5,sell
10/07,3034,兆豐證券,7000,33,0,33,1.62,6,buy
10/07,3034,群益金鼎,9100,8,56,-48,2.36,6,sell
10/07,3034,亞東-新竹,2184,28,0,28,1.38,7,buy
10/07,3034,花旗環球,1590,25,64,-39,1.92,7,sell
10/07,3034,群益金鼎-台南,9185,20,0,20,0.98,8,buy
10/07,3034,港商野村,1560,9,47,-38,1.87,8,sell
10/07,3034,台新,0039004200300030,23,4,19,0.94,9,buy
10/07,3034,永豐金-匯立,0039004100380031,0,32,-32,1.58,9,sell
10/07,3034,國泰-敦南,8888,29,14,15,0.74,10,buy
10/07,3034,凱基,9200,0,31,-31,1.53,10,sell
10/07,3034,兆豐-永和,0037003000300058,14,0,14,0.69,11,buy
10/07,3034,元大-豐原站前,0039003800390057,0,21,-21,1.03,11,sell
10/07,3034,香港上海匯豐,8960,13,0,13,0.64,12,buy
10/07,3034,台新-九如,0039004200320031,1,21,-20,0.98,12,sell
10/07,3034,新光-高雄,8562,13,1,12,0.59,13,buy
10/07,3034,永豐金-永康,0039004100390063,0,20,-20,0.98,13,sell
10/07,3034,兆豐-北高雄,0037003000300049,10,0,10,0.49,14,buy
10/07,3034,玉山-新莊,8842,7,14,-7,0.34,14,sell
10/07,3034,元大-東泰,9817,10,1,9,0.44,15,buy
10/07,3034,元大-新竹經國,9859,1,8,-7,0.34,15,sell
10/07,2412,凱基-台北,9268,1328,396,932,13.16,1,buy
10/07,2412,中國信託,6160,99,1518,-1419,20.04,1,sell
10/07,2412,富邦證券,9600,948,418,530,7.48,2,buy
10/07,2412,元大證券,9800,325,878,-553,7.81,2,sell
10/07,2412,國泰證券,8880,863,501,362,5.11,3,buy
10/07,2412,宏遠證券,1260,0,500,-500,7.06,3,sell
10/07,2412,摩根大通,8440,474,120,354,5.0,4,buy
10/07,2412,臺銀-臺南,1042,0,205,-205,2.9,4,sell
10/07,2412,花旗環球,1590,297,1,296,4.18,5,buy
10/07,2412,永豐金-匯立,0039004100380031,118,177,-59,0.83,5,sell
10/07,2412,美林,1440,209,8,201,2.84,6,buy
10/07,2412,港商麥格理,1360,22,73,-51,0.72,6,sell
10/07,2412,美商高盛,1480,486,331,155,2.19,7,buy
10/07,2412,華南永昌-台南,9306,0,41,-41,0.58,7,sell
10/07,2412,新加坡商瑞銀,1650,212,59,153,2.16,8,buy
10/07,2412,國泰-敦南,8888,34,67,-33,0.47,8,sell
10/07,2412,法銀巴黎,8900,111,0,111,1.57,9,buy
10/07,2412,台新-九如,0039004200320031,0,29,-29,0.41,9,sell
10/07,2412,統一-城中,5854,100,0,100,1.41,10,buy
10/07,2412,兆豐-埔墘,003700300030004e,0,24,-24,0.34,10,sell
10/07,2412,台灣摩根士丹利,1470,521,451,70,0.99,11,buy
10/07,2412,第一金-忠孝,0035003300380044,0,20,-20,0.28,11,sell
10/07,2412,香港上海匯豐,8960,42,0,42,0.59,12,buy
10/07,2412,統一-敦南,5852,0,15,-15,0.21,12,sell
10/07,2412,台中銀-員林,6114,20,2,18,0.25,13,buy
10/07,2412,富邦-南京,0039003600310043,0,15,-15,0.21,13,sell
10/07,2412,兆豐證券,7000,13,0,13,0.18,14,buy
10/07,2412,凱基,9200,0,15,-15,0.21,14,sell
10/07,2412,元大-新店中正,0039003800340043,10,0,10,0.14,15,buy
10/07,2412,凱基-桃園,9208,0,14,-14,0.2,15,sell
10/07,2892,國票-敦北法人,0037003700390063,2499,0,2499,18.07,1,buy
10/07,2892,新加坡商瑞銀,1650,1197,2726,-1529,11.05,1,sell
10/07,2892,美商高盛,1480,2275,488,1787,12.92,2,buy
10/07,2892,港商麥格理,1360,0,1414,-1414,10.22,2,sell
10/07,2892,美林,1440,1255,11,1244,8.99,3,buy
10/07,2892,花旗環球,1590,155,908,-753,5.44,3,sell
10/07,2892,摩根大通,8440,685,125,560,4.05,4,buy
10/07,2892,元大證券,9800,165,855,-690,4.99,4,sell
10/07,2892,華南永昌,9300,579,28,551,3.98,5,buy
10/07,2892,國泰證券,8880,5,526,-521,3.77,5,sell
10/07,2892,凱基-台北,9268,1443,1057,386,2.79,6,buy
10/07,2892,新光,8560,97,495,-398,2.88,6,sell
10/07,2892,亞東,2180,152,1,151,1.09,7,buy
10/07,2892,台灣摩根士丹利,1470,343,710,-367,2.65,7,sell
10/07,2892,兆豐證券,7000,127,0,127,0.92,8,buy
10/07,2892,永豐金證券,0039004100300030,30,182,-152,1.1,8,sell
10/07,2892,香港上海匯豐,8960,124,0,124,0.9,9,buy
10/07,2892,華南永昌-中正,9359,0,100,-100,0.72,9,sell
10/07,2892,法銀巴黎,8900,222,99,123,0.89,10,buy
10/07,2892,中國信託-嘉義,6168,203,301,-98,0.71,10,sell
10/07,2892,凱基,9200,126,8,118,0.85,11,buy
10/07,2892,國票-中和,0037003700390058,0,89,-89,0.64,11,sell
10/07,2892,合庫-台南,1022,121,9,112,0.81,12,buy
10/07,2892,凱基-埔墘,9288,0,80,-80,0.58,12,sell
10/07,2892,港商野村,1560,81,31,50,0.36,13,buy
10/07,2892,致和-崇德,0037003000330042,60,125,-65,0.47,13,sell
10/07,2892,台新-台北,0039004200320030,54,6,48,0.35,14,buy
10/07,2892,國泰-台南,8884,6,69,-63,0.46,14,sell
10/07,2892,元大-草屯,0039003800390045,57,13,44,0.32,15,buy
10/07,2892,國票-台南,0037003700390044,7,69,-62,0.45,15,sell
10/07,6770,國泰-敦南,8888,2694,1501,1193,1.29,1,buy
10/07,6770,美商高盛,1480,2662,15936,-13274,14.33,1,sell
10/07,6770,玉山-左營,0038003800340044,530,35,495,0.53,2,buy
10/07,6770,台灣摩根士丹利,1470,990,10088,-9098,9.82,2,sell
10/07,6770,第一金-中山,5389,471,11,460,0.5,3,buy
10/07,6770,美林,1440,578,6433,-5855,6.32,3,sell
10/07,6770,台新-左楠,0039004200310064,552,157,395,0.43,4,buy
10/07,6770,新加坡商瑞銀,1650,841,5531,-4690,5.06,4,sell
10/07,6770,新光,8560,662,282,380,0.41,5,buy
10/07,6770,元大證券,9800,4551,7009,-2458,2.65,5,sell
10/07,6770,富邦-陽明,9604,660,282,378,0.41,6,buy
10/07,6770,統一-南京,0035003800350055,428,1898,-1470,1.59,6,sell
10/07,6770,富邦-永和,9654,496,185,311,0.34,7,buy
10/07,6770,康和,8450,15,1422,-1407,1.52,7,sell
10/07,6770,凱基-市政,9239,421,111,310,0.33,8,buy
10/07,6770,摩根大通,8440,1546,2765,-1219,1.32,8,sell
10/07,6770,元大-嘉義,0039003800390067,325,69,256,0.28,9,buy
10/07,6770,永豐金證券,0039004100300030,690,1510,-820,0.89,9,sell
10/07,6770,國泰-板橋,003800380038004b,425,183,242,0.26,10,buy
10/07,6770,港商野村,1560,0,499,-499,0.54,10,sell
10/07,6770,元大-蘆洲,9857,263,28,235,0.25,11,buy
10/07,6770,永豐金-信義,0039004100390052,30,408,-378,0.41,11,sell
10/07,6770,凱基-三重,9205,303,77,226,0.24,12,buy
10/07,6770,凱基,9200,0,254,-254,0.27,12,sell
10/07,6770,永豐金-市政,0039004100390057,320,94,226,0.24,13,buy
10/07,6770,花旗環球,1590,40,273,-233,0.25,13,sell
10/07,6770,美好,5260,232,11,221,0.24,14,buy
10/07,6770,統一,5850,76,284,-208,0.22,14,sell
10/07,6770,富邦-新板,0039003600310048,280,60,220,0.24,15,buy
10/07,6770,凱基-中港,9202,68,203,-135,0.15,15,sell
10/07,2886,摩根大通,8440,2240,172,2068,13.2,1,buy
10/07,2886,群益金鼎,9100,14,5193,-5179,33.05,1,sell
10/07,2886,國票-敦北法人,0037003700390063,2031,50,1981,12.64,2,buy
10/07,2886,統一,5850,18,1552,-1534,9.79,2,sell
10/07,2886,新加坡商瑞銀,1650,1500,57,1443,9.21,3,buy
10/07,2886,富邦證券,9600,84,546,-462,2.95,3,sell
10/07,2886,美商高盛,1480,1805,446,1359,8.67,4,buy
10/07,2886,元大證券,9800,960,1397,-437,2.79,4,sell
10/07,2886,凱基-台北,9268,1083,408,675,4.31,5,buy
10/07,2886,中國信託,6160,26,216,-190,1.21,5,sell
10/07,2886,華南永昌,9300,595,29,566,3.61,6,buy
10/07,2886,群益金鼎-彰化,9187,101,274,-173,1.1,6,sell
10/07,2886,統一-南京,0035003800350055,549,0,549,3.5,7,buy
10/07,2886,永豐金證券,0039004100300030,112,268,-156,1.0,7,sell
10/07,2886,美林,1440,455,2,453,2.89,8,buy
10/07,2886,群益金鼎-南京,0039003100380045,3,137,-134,0.86,8,sell
10/07,2886,台灣摩根士丹利,1470,711,316,395,2.52,9,buy
10/07,2886,元大-龍潭,9858,4,134,-130,0.83,9,sell
10/07,2886,港商麥格理,1360,237,0,237,1.51,10,buy
10/07,2886,國泰-敦南,8888,52,172,-120,0.77,10,sell
10/07,2886,新光,8560,303,177,126,0.8,11,buy
10/07,2886,凱基,9200,1,59,-58,0.37,11,sell
10/07,2886,法銀巴黎,8900,130,10,120,0.77,12,buy
10/07,2886,群益金鼎-瑞豐,0039003100380075,1,55,-54,0.34,12,sell
10/07,2886,香港上海匯豐,8960,129,20,109,0.7,13,buy
10/07,2886,元大-南屯,9853,8,60,-52,0.33,13,sell
10/07,2886,花旗環球,1590,193,88,105,0.67,14,buy
10/07,2886,國票-南京,003700370039006e,0,52,-52,0.33,14,sell
10/07,2886,台新-嘉義,0039004200320049,84,0,84,0.54,15,buy
10/07,2886,兆豐-忠孝,0037003000300061,5,56,-51,0.33,15,sell
10/07,1301,台灣摩根士丹利,1470,17815,968,16847,14.4,1,buy
10/07,1301,大和國泰,8890,0,1750,-1750,1.5,1,sell
10/07,1301,美商高盛,1480,12396,763,11633,9.94,2,buy
10/07,1301,富邦-敦南,9663,7,1608,-1601,1.37,2,sell
10/07,1301,富邦證券,9600,9587,125,9462,8.09,3,buy
10/07,1301,凱基-新莊,0039003200310053,4,714,-710,0.61,3,sell
10/07,1301,新加坡商瑞銀,1650,5792,198,5594,4.78,4,buy
10/07,1301,元大-復北,9872,19,728,-709,0.61,4,sell
10/07,1301,元大證券,9800,11289,7006,4283,3.66,5,buy
10/07,1301,富邦-仁愛,9676,58,757,-699,0.6,5,sell
10/07,1301,統一-城中,5854,4527,562,3965,3.39,6,buy
10/07,1301,新光,8560,340,953,-613,0.52,6,sell
10/07,1301,凱基-城中,9227,3312,148,3164,2.7,7,buy
10/07,1301,台新,0039004200300030,290,816,-526,0.45,7,sell
10/07,1301,港商麥格理,1360,3031,6,3025,2.59,8,buy
10/07,1301,永豐金-竹北,0039004100390050,24,542,-518,0.44,8,sell
10/07,1301,美林,1440,3098,96,3002,2.57,9,buy
10/07,1301,永豐金-大園,0039004100390038,11,521,-510,0.44,9,sell
10/07,1301,凱基-台北,9268,6601,3705,2896,2.48,10,buy
10/07,1301,永豐金-萬盛,0039004100390032,28,484,-456,0.39,10,sell
10/07,1301,摩根大通,8440,3188,697,2491,2.13,11,buy
10/07,1301,凱基-站前,0039003200300046,20,469,-449,0.38,11,sell
10/07,1301,國票-安和,003700370039005a,2524,60,2464,2.11,12,buy
10/07,1301,元大-館前,003900380034004b,17,464,-447,0.38,12,sell
10/07,1301,統一,5850,2327,221,2106,1.8,13,buy
10/07,1301,台新-台北,0039004200320030,8,449,-441,0.38,13,sell
10/07,1301,群益金鼎,9100,2188,773,1415,1.21,14,buy
10/07,1301,中國信託,6160,30,459,-429,0.37,14,sell
10/07,1301,國票-敦北法人,0037003700390063,2722,1881,841,0.72,15,buy
10/07,1301,永豐金-敦南,0039004100380046,211,633,-422,0.36,15,sell
10/07,8150,美商高盛,1480,4630,2353,2277,6.53,1,buy
10/07,8150,台灣摩根士丹利,1470,67,4209,-4142,11.87,1,sell
10/07,8150,富邦證券,9600,1983,1043,940,2.69,2,buy
10/07,8150,元大證券,9800,3095,4545,-1450,4.16,2,sell
10/07,8150,華南永昌,9300,1031,129,902,2.59,3,buy
10/07,8150,康和-台北,0038003400350055,8,300,-292,0.84,3,sell
10/07,8150,美林,1440,900,10,890,2.55,4,buy
10/07,8150,富邦-嘉義,9692,141,428,-287,0.82,4,sell
10/07,8150,新加坡商瑞銀,1650,1519,949,570,1.63,5,buy
10/07,8150,摩根大通,8440,200,472,-272,0.78,5,sell
10/07,8150,元大-崇德,0039003800310053,535,29,506,1.45,6,buy
10/07,8150,永豐金證券,0039004100300030,149,411,-262,0.75,6,sell
10/07,8150,台新,0039004200300030,295,182,113,0.32,7,buy
10/07,8150,國泰-敦南,8888,1403,1597,-194,0.56,7,sell
10/07,8150,華南永昌-竹北,9339,105,1,104,0.3,8,buy
10/07,8150,富邦-台北,9623,110,293,-183,0.52,8,sell
10/07,8150,元大-忠孝,9871,154,51,103,0.3,9,buy
10/07,8150,第一金-華江,0035003300380057,38,200,-162,0.46,9,sell
10/07,8150,統一-敦南,5852,97,19,78,0.22,10,buy
10/07,8150,凱基,9200,17,179,-162,0.46,10,sell
10/07,8150,(牛牛牛)亞-網路,6012,86,9,77,0.22,11,buy
10/07,8150,統一,5850,160,314,-154,0.44,11,sell
10/07,8150,第一金,5380,75,4,71,0.2,12,buy
10/07,8150,台新-台北,0039004200320030,5,141,-136,0.39,12,sell
10/07,8150,凱基-彰化,0039003200300047,95,32,63,0.18,13,buy
10/07,8150,兆豐-南京,0037003000300050,30,125,-95,0.27,13,sell
10/07,8150,法銀巴黎,8900,55,1,54,0.15,14,buy
10/07,8150,新光,8560,146,231,-85,0.24,14,sell
10/07,8150,元大-高雄,003900380031006d,78,27,51,0.15,15,buy
10/07,8150,台中銀-台北,6115,6,84,-78,0.22,15,sell
10/07,3105,摩根大通,8440,1366,196,1170,5.16,1,buy
10/07,3105,群益金鼎,9100,265,2900,-2635,11.62,1,sell
10/07,3105,富邦證券,9600,1088,178,910,4.01,2,buy
10/07,3105,凱基,9200,7,2634,-2627,11.58,2,sell
10/07,3105,台灣摩根士丹利,1470,1743,881,862,3.8,3,buy
10/07,3105,港商野村,1560,79,477,-398,1.75,3,sell
10/07,3105,元大證券,9800,2213,1634,579,2.55,4,buy
10/07,3105,群益金鼎-古亭,0039003100380043,16,235,-219,0.97,4,sell
10/07,3105,美商高盛,1480,1300,1091,209,0.92,5,buy
10/07,3105,新加坡商瑞銀,1650,186,374,-188,0.83,5,sell
10/07,3105,國泰-敦南,8888,664,546,118,0.52,6,buy
10/07,3105,永豐金-匯立,0039004100380031,0,142,-142,0.63,6,sell
10/07,3105,玉山-台中,0038003800340042,82,13,69,0.3,7,buy
10/07,3105,群益金鼎-三民,9188,9,126,-117,0.52,7,sell
10/07,3105,元大-北投,0039003800390041,70,10,60,0.26,8,buy
10/07,3105,永豐金-敦南,0039004100380046,30,124,-94,0.41,8,sell
10/07,3105,國泰-板橋,003800380038004b,134,77,57,0.25,9,buy
10/07,3105,美林,1440,97,172,-75,0.33,9,sell
10/07,3105,永豐金證券,0039004100300030,216,160,56,0.25,10,buy
10/07,3105,凱基-台北,9268,1056,1124,-68,0.3,10,sell
10/07,3105,國票-安和,003700370039005a,55,8,47,0.21,11,buy
10/07,3105,富邦-台南,9667,13,75,-62,0.27,11,sell
10/07,3105,統一,5850,136,90,46,0.2,12,buy
10/07,3105,富邦-七賢,003900360031004b,17,64,-47,0.21,12,sell
10/07,3105,華南永昌-竹北,9339,141,99,42,0.19,13,buy
10/07,3105,富邦-台北,9623,97,141,-44,0.19,13,sell
10/07,3105,元大-敦化,9833,43,2,41,0.18,14,buy
10/07,3105,凱基-信義,9216,51,84,-33,0.15,14,sell
10/07,3105,元大-沙鹿,0039003800300064,58,17,41,0.18,15,buy
10/07,3105,元大-和平,9863,17,42,-25,0.11,15,sell
10/07,1605,美商高盛,1480,8297,516,7781,16.43,1,buy
10/07,1605,國泰-敦南,8888,579,1157,-578,1.22,1,sell
10/07,1605,摩根大通,8440,5421,23,5398,11.4,2,buy
10/07,1605,富邦-新竹,9647,35,458,-423,0.89,2,sell
10/07,1605,台灣摩根士丹利,1470,4169,295,3874,8.18,3,buy
10/07,1605,新光,8560,92,485,-393,0.83,3,sell
10/07,1605,凱基,9200,2842,0,2842,6.0,4,buy
10/07,1605,玉山-大里,003800380034004a,18,393,-375,0.79,4,sell
10/07,1605,凱基-台北,9268,3537,1627,1910,4.03,5,buy
10/07,1605,凱基-站前,0039003200300046,36,368,-332,0.7,5,sell
10/07,1605,元大證券,9800,2915,1179,1736,3.67,6,buy
10/07,1605,台新,0039004200300030,155,479,-324,0.68,6,sell
10/07,1605,新加坡商瑞銀,1650,2775,1464,1311,2.77,7,buy
10/07,1605,玉山-高雄,8843,23,330,-307,0.65,7,sell
10/07,1605,美林,1440,1024,3,1021,2.16,8,buy
10/07,1605,元大-竹山,0039003800310052,5,294,-289,0.61,8,sell
10/07,1605,永豐金-南京,0039004100390053,383,30,353,0.75,9,buy
10/07,1605,富邦-台中,003900360035004b,14,301,-287,0.61,9,sell
10/07,1605,元大-台南,9896,309,75,234,0.49,10,buy
10/07,1605,華南永昌-板橋,9349,1,281,-280,0.59,10,sell
10/07,1605,永豐金-松山,0039004100390031,345,119,226,0.48,11,buy
10/07,1605,凱基-市府,0039003200300044,2,270,-268,0.57,11,sell
10/07,1605,中國信託-忠孝,6162,180,28,152,0.32,12,buy
10/07,1605,玉山-景美,8849,2,261,-259,0.55,12,sell
10/07,1605,富邦-建國,9658,237,96,141,0.3,13,buy
10/07,1605,富邦-南港,0039003600320041,1403,1644,-241,0.51,13,sell
10/07,1605,大昌,6460,150,28,122,0.26,14,buy
10/07,1605,國泰-台中,8882,97,333,-236,0.5,14,sell
10/07,1605,統一-松江,003500380035005a,101,1,100,0.21,15,buy
10/07,1605,中國信託,6160,42,278,-236,0.5,15,sell
10/07,5347,美林,1440,4180,208,3972,21.27,1,buy
10/07,5347,港商麥格理,1360,0,1732,-1732,9.28,1,sell
10/07,5347,港商野村,1560,2213,1,2212,11.85,2,buy
10/07,5347,美商高盛,1480,365,1670,-1305,6.99,2,sell
10/07,5347,元大證券,9800,1955,1635,320,1.71,3,buy
10/07,5347,台灣摩根士丹利,1470,126,895,-769,4.12,3,sell
10/07,5347,國票-敦北法人,0037003700390063,245,2,243,1.3,4,buy
10/07,5347,群益金鼎-台北,0039003100380058,0,679,-679,3.64,4,sell
10/07,5347,華南永昌,9300,217,6,211,1.13,5,buy
10/07,5347,新加坡商瑞銀,1650,202,822,-620,3.32,5,sell
10/07,5347,統一,5850,260,53,207,1.11,6,buy
10/07,5347,凱基-台北,9268,526,1102,-576,3.08,6,sell
10/07,5347,富邦-建國,9658,209,5,204,1.09,7,buy
10/07,5347,國泰證券,8880,5,522,-517,2.77,7,sell
10/07,5347,元大-蘆洲,9857,119,13,106,0.57,8,buy
10/07,5347,群益金鼎-南京,0039003100380045,2,514,-512,2.74,8,sell
10/07,5347,富邦-台北,9623,120,20,100,0.54,9,buy
10/07,5347,凱基,9200,0,408,-408,2.18,9,sell
10/07,5347,永豐金證券,0039004100300030,220,126,94,0.5,10,buy
10/07,5347,摩根大通,8440,434,725,-291,1.56,10,sell
10/07,5347,統一-城中,5854,89,0,89,0.48,11,buy
10/07,5347,花旗環球,1590,23,287,-264,1.41,11,sell
10/07,5347,凱基-站前,0039003200300046,93,20,73,0.39,12,buy
10/07,5347,大和國泰,8890,0,250,-250,1.34,12,sell
10/07,5347,群益金鼎-松山,9103,52,2,50,0.27,13,buy
10/07,5347,群益金鼎,9100,195,416,-221,1.18,13,sell
10/07,5347,兆豐-埔墘,003700300030004e,50,0,50,0.27,14,buy
10/07,5347,台新-西松,003900420032006e,0,116,-116,0.62,14,sell
10/07,5347,永豐金-匯立,0039004100380031,48,0,48,0.26,15,buy
10/07,5347,富邦證券,9600,521,631,-110,0.59,15,sell
10/07,1314,台灣摩根士丹利,1470,4184,110,4074,13.79,1,buy
10/07,1314,國泰-敦南,8888,582,1284,-702,2.38,1,sell
10/07,1314,凱基-台北,9268,4036,860,3176,10.75,2,buy
10/07,1314,永豐金-亞灣,0039004100390061,59,597,-538,1.82,2,sell
10/07,1314,摩根大通,8440,3156,1066,2090,7.07,3,buy
10/07,1314,永豐金-北高雄,0039004100390072,1,433,-432,1.46,3,sell
10/07,1314,兆豐-忠孝,0037003000300061,1998,6,1992,6.74,4,buy
10/07,1314,國泰-台中,8882,60,468,-408,1.38,4,sell
10/07,1314,新加坡商瑞銀,1650,1225,73,1152,3.9,5,buy
10/07,1314,玉山-高雄,8843,16,424,-408,1.38,5,sell
10/07,1314,元大證券,9800,1761,999,762,2.58,6,buy
10/07,1314,富邦-建國,9658,17,369,-352,1.19,6,sell
10/07,1314,美商高盛,1480,1218,619,599,2.03,7,buy
10/07,1314,凱基-高美館,9215,2,353,-351,1.19,7,sell
10/07,1314,美林,1440,414,2,412,1.39,8,buy
10/07,1314,元大-中和,0039003800390065,1,304,-303,1.03,8,sell
10/07,1314,港商野村,1560,227,0,227,0.77,9,buy
10/07,1314,台新,0039004200300030,37,334,-297,1.01,9,sell
10/07,1314,元大-清水,0039003800300065,208,18,190,0.64,10,buy
10/07,1314,永豐金-鳳山,0039004100360031,5,267,-262,0.89,10,sell
10/07,1314,凱基-湖口,003900320030004e,206,27,179,0.61,11,buy
10/07,1314,永豐金證券,0039004100300030,33,272,-239,0.81,11,sell
10/07,1314,永興-台中,5603,200,77,123,0.42,12,buy
10/07,1314,華南永昌-斗六,9327,5,237,-232,0.79,12,sell
10/07,1314,第一金-桃園,5385,131,16,115,0.39,13,buy
10/07,1314,兆豐-員林,003700300030006b,0,210,-210,0.71,13,sell
10/07,1314,元大-嘉義,0039003800390067,120,11,109,0.37,14,buy
10/07,1314,新光,8560,282,486,-204,0.69,14,sell
10/07,1314,國票-桃園,0037003700390072,205,105,100,0.34,15,buy
10/07,1314,台灣企銀-桃園,0031003100310045,0,200,-200,0.68,15,sell
10/07,2883,美商高盛,1480,10070,2434,7636,20.45,1,buy
10/07,2883,華南永昌-忠孝,9325,0,2689,-2689,7.2,1,sell
10/07,2883,永豐金-匯立,0039004100380031,6433,2221,4212,11.28,2,buy
10/07,2883,台新-城中,0039004200320045,2,1892,-1890,5.06,2,sell
10/07,2883,統一-南京,0035003800350055,2950,1,2949,7.9,3,buy
10/07,2883,台灣摩根士丹利,1470,2381,3405,-1024,2.74,3,sell
10/07,2883,美林,1440,1429,31,1398,3.74,4,buy
10/07,2883,法銀巴黎,8900,39,533,-494,1.32,4,sell
10/07,2883,凱基-台北,9268,1441,876,565,1.51,5,buy
10/07,2883,國泰-館前,0038003800380041,13,354,-341,0.91,5,sell
10/07,2883,華南永昌,9300,634,99,535,1.43,6,buy
10/07,2883,富邦-宜蘭,9686,0,307,-307,0.82,6,sell
10/07,2883,元大證券,9800,1213,880,333,0.89,7,buy
10/07,2883,凱基,9200,68,371,-303,0.81,7,sell
10/07,2883,摩根大通,8440,1743,1489,254,0.68,8,buy
10/07,2883,永豐金-中和,0039004100390042,10,308,-298,0.8,8,sell
10/07,2883,國票證券,7790,211,4,207,0.55,9,buy
10/07,2883,港商野村,1560,372,644,-272,0.73,9,sell
10/07,2883,凱基-土城,003900320031004a,174,7,167,0.45,10,buy
10/07,2883,富邦證券,9600,77,342,-265,0.71,10,sell
10/07,2883,新加坡商瑞銀,1650,1391,1233,158,0.42,11,buy
10/07,2883,凱基-站前,0039003200300046,22,284,-262,0.7,11,sell
10/07,2883,凱基-永和,9207,141,33,108,0.29,12,buy
10/07,2883,國泰-敦南,8888,207,445,-238,0.64,12,sell
10/07,2883,亞東,2180,109,16,93,0.25,13,buy
10/07,2883,群益金鼎-台南,9185,0,202,-202,0.54,13,sell
10/07,2883,永豐金-桃園,0039004100390078,108,23,85,0.23,14,buy
10/07,2883,凱基-高雄,9206,7,198,-191,0.51,14,sell
10/07,2883,永豐金證券,0039004100300030,152,84,68,0.18,15,buy
10/07,2883,群益金鼎-高盛,9105,3,183,-180,0.48,15,sell
10/07,1718,新加坡商瑞銀,1650,1447,75,1372,5.78,1,buy
10/07,1718,華南永昌-楠梓,9332,16,671,-655,2.76,1,sell
10/07,1718,美商高盛,1480,2157,1383,774,3.26,2,buy
10/07,1718,群益金鼎,9100,41,539,-498,2.1,2,sell
10/07,1718,美林,1440,356,5,351,1.48,3,buy
10/07,1718,元大-竹北,0039003800310042,2,442,-440,1.86,3,sell
10/07,1718,台灣摩根士丹利,1470,861,539,322,1.36,4,buy
10/07,1718,富邦-建國,9658,5,352,-347,1.46,4,sell
10/07,1718,玉山-高雄,8843,337,25,312,1.32,5,buy
10/07,1718,元大-汐止,0039003800390051,92,327,-235,0.99,5,sell
10/07,1718,凱基-台北,9268,2233,2001,232,0.98,6,buy
10/07,1718,兆豐-員林,003700300030006b,17,202,-185,0.78,6,sell
10/07,1718,國泰-館前,0038003800380041,208,12,196,0.83,7,buy
10/07,1718,台新,0039004200300030,307,485,-178,0.75,7,sell
10/07,1718,元大-豐原站前,0039003800390057,180,0,180,0.76,8,buy
10/07,1718,元大-文心興安,9854,17,173,-156,0.66,8,sell
10/07,1718,華南永昌-鶯歌,9319,151,8,143,0.6,9,buy
10/07,1718,凱基-台中,9204,60,210,-150,0.63,9,sell
10/07,1718,國泰-台中,8882,180,46,134,0.56,10,buy
10/07,1718,永豐金-鳳山,0039004100360031,12,160,-148,0.62,10,sell
10/07,1718,富邦-和美,0039003600310050,216,91,125,0.53,11,buy
10/07,1718,富邦-新店,9661,3,147,-144,0.61,11,sell
10/07,1718,凱基-五股,0039003200310047,129,20,109,0.46,12,buy
10/07,1718,凱基-三峽,0039003200310045,5,135,-130,0.55,12,sell
10/07,1718,華南永昌-基隆,9322,112,4,108,0.46,13,buy
10/07,1718,元大-鑫永和,9888,29,156,-127,0.54,13,sell
10/07,1718,元大-屏南,0039003800310072,106,2,104,0.44,14,buy
10/07,1718,宏遠-桃園,1262,0,108,-108,0.46,14,sell
10/07,1718,富邦-新竹,9647,103,1,102,0.43,15,buy
10/07,1718,致和-佳里,7032,20,123,-103,0.43,15,sell
10/07,0050,凱基,9200,6170,1268,4902,7.96,1,buy
10/07,0050,凱基-台北,9268,3568,17850,-14282,23.2,1,sell
10/07,0050,國泰-敦南,8888,3127,1192,1935,3.14,2,buy
10/07,0050,永豐金證券,0039004100300030,1083,8643,-7560,12.28,2,sell
10/07,0050,國泰-桃園,8885,1201,128,1073,1.74,3,buy
10/07,0050,元大證券,9800,3361,8156,-4795,7.79,3,sell
10/07,0050,國泰證券,8880,875,8,867,1.41,4,buy
10/07,0050,國票證券,7790,124,1473,-1349,2.19,4,sell
10/07,0050,台新-城東,0039004200320072,708,8,700,1.14,5,buy
10/07,0050,中國信託,6160,978,2149,-1171,1.9,5,sell
10/07,0050,國票-中和,0037003700390058,514,0,514,0.83,6,buy
10/07,0050,華南永昌,9300,1058,1923,-865,1.4,6,sell
10/07,0050,富邦-仁愛,9676,393,47,346,0.56,7,buy
10/07,0050,摩根大通,8440,0,722,-722,1.17,7,sell
10/07,0050,國泰-板橋,003800380038004b,449,135,314,0.51,8,buy
10/07,0050,新加坡商瑞銀,1650,59,632,-573,0.93,8,sell
10/07,0050,花旗環球,1590,300,0,300,0.49,9,buy
10/07,0050,兆豐-復興,0037003000300070,62,324,-262,0.43,9,sell
10/07,0050,富邦-板橋,9655,331,65,266,0.43,10,buy
10/07,0050,兆豐證券,7000,15,208,-193,0.31,10,sell
10/07,0050,富邦證券,9600,585,341,244,0.4,11,buy
10/07,0050,彰銀-七賢,1232,4,190,-186,0.3,11,sell
10/07,0050,國泰-館前,0038003800380041,330,90,240,0.39,12,buy
10/07,0050,法銀巴黎,8900,0,170,-170,0.28,12,sell
10/07,0050,康和,8450,288,49,239,0.39,13,buy
10/07,0050,宏遠-新化,0031003200360058,8,96,-88,0.14,13,sell
10/07,0050,元大-桃園,0039003800380042,268,29,239,0.39,14,buy
10/07,0050,港商野村,1560,0,87,-87,0.14,14,sell
10/07,0050,群益金鼎-桃園,9189,229,12,217,0.35,15,buy
10/07,0050,高橋,5320,19,102,-83,0.13,15,sell
10/07,0056,國泰-敦南,8888,1099,752,347,1.22,1,buy
10/07,0056,元大證券,9800,1673,8735,-7062,24.8,1,sell
10/07,0056,玉山-嘉義,8848,306,21,285,1.0,2,buy
10/07,0056,凱基-台北,9268,512,3454,-2942,10.33,2,sell
10/07,0056,中國信託,6160,437,153,284,1.0,3,buy
10/07,0056,永豐金證券,0039004100300030,398,1182,-784,2.75,3,sell
10/07,0056,國泰證券,8880,269,17,252,0.89,4,buy
10/07,0056,華南永昌-南京,9326,100,342,-242,0.85,4,sell
10/07,0056,國泰-桃園,8885,322,77,245,0.86,5,buy
10/07,0056,新加坡商瑞銀,1650,6,229,-223,0.78,5,sell
10/07,0056,台新,0039004200300030,346,122,224,0.79,6,buy
10/07,0056,凱基-永康,9278,4,208,-204,0.72,6,sell
10/07,0056,凱基-竹科,9272,214,6,208,0.73,7,buy
10/07,0056,元大-豐原站前,0039003800390057,29,219,-190,0.67,7,sell
10/07,0056,元大-汐止,0039003800390051,221,24,197,0.69,8,buy
10/07,0056,元大-竹科,003900380030004b,18,137,-119,0.42,8,sell
10/07,0056,新光,8560,421,269,152,0.53,9,buy
10/07,0056,元大-博愛,0039003800320042,70,189,-119,0.42,9,sell
10/07,0056,富邦-新竹,9647,219,71,148,0.52,10,buy
10/07,0056,華南永昌-淡水,9316,50,167,-117,0.41,10,sell
10/07,0056,富邦證券,9600,291,144,147,0.52,11,buy
10/07,0056,元大-中崙,9813,20,111,-91,0.32,11,sell
10/07,0056,口袋證券,6620,167,37,130,0.46,12,buy
10/07,0056,元大-土城永寧,9875,18,107,-89,0.31,12,sell
10/07,0056,元大-淡水,9899,132,10,122,0.43,13,buy
10/07,0056,合庫-彰化,1028,14,90,-76,0.27,13,sell
10/07,0056,元大-基隆孝二,003900380036004b,128,14,114,0.4,14,buy
10/07,0056,華南永昌-高雄,9303,50,122,-72,0.25,14,sell
10/07,0056,玉山-台南,8847,127,18,109,0.38,15,buy
10/07,0056,兆豐-新營,003700300030004b,5,72,-67,0.24,15,sell
10/07,2324,港商麥格理,1360,1722,59,1663,7.6,1,buy
10/07,2324,摩根大通,8440,317,3690,-3373,15.42,1,sell
10/07,2324,台灣摩根士丹利,1470,1967,1281,686,3.14,2,buy
10/07,2324,美商高盛,1480,708,2009,-1301,5.95,2,sell
10/07,2324,永豐金-中壢,0039004100390039,293,48,245,1.12,3,buy
10/07,2324,永豐金-匯立,0039004100380031,0,1120,-1120,5.12,3,sell
10/07,2324,元大-潮州,003900380031005a,243,3,240,1.1,4,buy
10/07,2324,凱基-台北,9268,714,1163,-449,2.05,4,sell
10/07,2324,花旗環球,1590,221,24,197,0.9,5,buy
10/07,2324,新加坡商瑞銀,1650,1917,2344,-427,1.95,5,sell
10/07,2324,致和-金華,7034,158,2,156,0.71,6,buy
10/07,2324,香港上海匯豐,8960,0,231,-231,1.06,6,sell
10/07,2324,元大證券,9800,1311,1164,147,0.67,7,buy
10/07,2324,港商野村,1560,10,217,-207,0.95,7,sell
10/07,2324,元大-嘉義,0039003800390067,160,21,139,0.64,8,buy
10/07,2324,玉山-新莊,8842,43,220,-177,0.81,8,sell
10/07,2324,合庫證券,1020,125,3,122,0.56,9,buy
10/07,2324,兆豐-台中港,7005,40,197,-157,0.72,9,sell
10/07,2324,國泰-敦南,8888,474,356,118,0.54,10,buy
10/07,2324,法銀巴黎,8900,12,150,-138,0.63,10,sell
10/07,2324,元大-鹿港,0039003800390053,119,10,109,0.5,11,buy
10/07,2324,第一金-台南,5384,16,137,-121,0.55,11,sell
10/07,2324,富邦-陽明,9604,118,14,104,0.48,12,buy
10/07,2324,元大-中崙,9813,5,103,-98,0.45,12,sell
10/07,2324,凱基-基隆,0039003200300048,108,6,102,0.47,13,buy
10/07,2324,群益金鼎,9100,30,114,-84,0.38,13,sell
10/07,2324,永全-八德,6452,100,0,100,0.46,14,buy
10/07,2324,台新-台中,0039004200310068,25,107,-82,0.37,14,sell
10/07,2324,國泰-館前,0038003800380041,155,55,100,0.46,15,buy
10/07,2324,玉山-大里,003800380034004a,11,89,-78,0.36,15,sell
10/07,3231,國泰-敦南,8888,652,170,482,1.8,1,buy
10/07,3231,新加坡商瑞銀,1650,123,2943,-2820,10.54,1,sell
10/07,3231,摩根大通,8440,484,135,349,1.3,2,buy
10/07,3231,元大證券,9800,1049,3280,-2231,8.34,2,sell
10/07,3231,富邦-台北,9623,344,20,324,1.21,3,buy
10/07,3231,美商高盛,1480,1372,3392,-2020,7.55,3,sell
10/07,3231,元大-大天母,9893,321,5,316,1.18,4,buy
10/07,3231,台灣摩根士丹利,1470,944,2733,-1789,6.69,4,sell
10/07,3231,元大-竹科,003900380030004b,296,14,282,1.05,5,buy
10/07,3231,花旗環球,1590,153,1436,-1283,4.8,5,sell
10/07,3231,玉山-新莊,8842,257,45,212,0.79,6,buy
10/07,3231,港商麥格理,1360,177,1000,-823,3.08,6,sell
10/07,3231,亞東-高雄,2186,208,1,207,0.77,7,buy
10/07,3231,凱基-士林,9238,18,802,-784,2.93,7,sell
10/07,3231,新光,8560,249,67,182,0.68,8,buy
10/07,3231,兆豐證券,7000,108,727,-619,2.31,8,sell
10/07,3231,群益金鼎,9100,272,110,162,0.61,9,buy
10/07,3231,永豐金證券,0039004100300030,125,691,-566,2.12,9,sell
10/07,3231,華南永昌-南京,9326,167,38,129,0.48,10,buy
10/07,3231,國泰證券,8880,12,577,-565,2.11,10,sell
10/07,3231,富邦-嘉義,9692,147,17,130,0.49,11,buy
10/07,3231,香港上海匯豐,8960,34,450,-416,1.56,11,sell
10/07,3231,康和-板橋,0038003400350044,125,2,123,0.46,12,buy
10/07,3231,凱基-台北,9268,461,863,-402,1.5,12,sell
10/07,3231,國泰-板橋,003800380038004b,155,39,116,0.43,13,buy
10/07,3231,兆豐-大同,0037003000300053,9,350,-341,1.28,13,sell
10/07,3231,新光-台中,8561,123,11,112,0.42,14,buy
10/07,3231,(牛牛牛)亞證券,6010,0,320,-320,1.2,14,sell
10/07,3231,元大-成功,003900380039004c,103,0,103,0.39,15,buy
10/07,3231,第一金,5380,28,187,-159,0.59,15,sell
10/07,2002,兆豐-鹿港,0037003000300066,1335,0,1335,5.95,1,buy
10/07,2002,新加坡商瑞銀,1650,791,2484,-1693,7.55,1,sell
10/07,2002,摩根大通,8440,1609,717,892,3.98,2,buy
10/07,2002,凱基-台北,9268,1683,3130,-1447,6.45,2,sell
10/07,2002,美商高盛,1480,2169,1398,771,3.44,3,buy
10/07,2002,元大證券,9800,267,1542,-1275,5.69,3,sell
10/07,2002,臺銀-民權,1043,699,116,583,2.6,4,buy
10/07,2002,美林,1440,864,2018,-1154,5.15,4,sell
10/07,2002,富邦-新竹,9647,513,15,498,2.22,5,buy
10/07,2002,華南永昌,9300,31,1013,-982,4.38,5,sell
10/07,2002,凱基-城中,9227,457,10,447,1.99,6,buy
10/07,2002,台灣摩根士丹利,1470,395,1040,-645,2.88,6,sell
10/07,2002,華南永昌-楠梓,9332,391,16,375,1.67,7,buy
10/07,2002,台灣企銀-北高雄,0031003100310046,3,332,-329,1.47,7,sell
10/07,2002,港商麥格理,1360,261,0,261,1.16,8,buy
10/07,2002,中國信託,6160,25,288,-263,1.17,8,sell
10/07,2002,元大-木柵,003900380033004d,250,0,250,1.11,9,buy
10/07,2002,富邦-台北,9623,26,174,-148,0.66,9,sell
10/07,2002,富邦-左營,0039003600360046,236,6,230,1.03,10,buy
10/07,2002,華南永昌-彰化,9363,1,123,-122,0.54,10,sell
10/07,2002,兆豐證券,7000,228,0,228,1.02,11,buy
10/07,2002,港商野村,1560,0,113,-113,0.5,11,sell
10/07,2002,國泰-台中,8882,261,33,228,1.02,12,buy
10/07,2002,台灣企銀-民雄,0031003100310041,0,100,-100,0.45,12,sell
10/07,2002,華南永昌-鳳山,9331,211,2,209,0.93,13,buy
10/07,2002,美好-蘆洲,5261,0,100,-100,0.45,13,sell
10/07,2002,華南永昌-虎尾,9377,205,4,201,0.9,14,buy
10/07,2002,元大-竹北,0039003800310042,5,92,-87,0.39,14,sell
10/07,2002,香港上海匯豐,8960,163,0,163,0.73,15,buy
10/07,2002,臺銀-金山,0031003000340044,17,104,-87,0.39,15,sell
10/07,2356,富邦證券,9600,607,4,603,6.22,1,buy
10/07,2356,美商高盛,1480,345,1355,-1010,10.42,1,sell
10/07,2356,法銀巴黎,8900,783,204,579,5.97,2,buy
10/07,2356,美林,1440,58,931,-873,9.0,2,sell
10/07,2356,富邦-竹科,0039003600320043,139,0,139,1.43,3,buy
10/07,2356,台灣摩根士丹利,1470,415,1281,-866,8.93,3,sell
10/07,2356,華南永昌,9300,112,7,105,1.08,4,buy
10/07,2356,元大證券,9800,242,1103,-861,8.88,4,sell
10/07,2356,港商野村,1560,104,2,102,1.05,5,buy
10/07,2356,新加坡商瑞銀,1650,124,551,-427,4.4,5,sell
10/07,2356,永豐金證券,0039004100300030,113,54,59,0.61,6,buy
10/07,2356,花旗環球,1590,34,422,-388,4.0,6,sell
10/07,2356,元大-福營,0039003800310046,59,5,54,0.56,7,buy
10/07,2356,摩根大通,8440,156,323,-167,1.72,7,sell
10/07,2356,華南永昌-古亭,9309,52,0,52,0.54,8,buy
10/07,2356,富邦-內湖,9627,8,101,-93,0.96,8,sell
10/07,2356,臺銀-新竹,1045,48,1,47,0.48,9,buy
10/07,2356,(牛牛牛)亞-網路,6012,3,72,-69,0.71,9,sell
10/07,2356,台中銀,6110,51,5,46,0.47,10,buy
10/07,2356,國票-九鼎,0037003700390050,7,76,-69,0.71,10,sell
10/07,2356,統一-中壢,5853,45,0,45,0.46,11,buy
10/07,2356,台灣企銀,1110,0,50,-50,0.52,11,sell
10/07,2356,國泰-桃園,8885,66,21,45,0.46,12,buy
10/07,2356,元大-蘆洲,9857,3,33,-30,0.31,12,sell
10/07,2356,國泰-敦南,8888,137,93,44,0.45,13,buy
10/07,2356,宏遠-台南,0031003200360044,1,30,-29,0.3,13,sell
10/07,2356,凱基-湖口,003900320030004e,49,7,42,0.43,14,buy
10/07,2356,台新-左楠,0039004200310064,10,32,-22,0.23,14,sell
10/07,2356,元大-台中中港,0039003800390042,41,0,41,0.42,15,buy
10/07,2356,元大-高雄,003900380031006d,7,29,-22,0.23,15,sell
10/07,2344,元大證券,9800,9626,5566,4060,6.41,1,buy
10/07,2344,永豐金證券,0039004100300030,291,966,-675,1.06,1,sell
10/07,2344,摩根大通,8440,3767,546,3221,5.08,2,buy
10/07,2344,凱基-信義,9216,3,508,-505,0.8,2,sell
10/07,2344,美商高盛,1480,4910,2186,2724,4.3,3,buy
10/07,2344,富邦-南京,0039003600310043,41,545,-504,0.8,3,sell
10/07,2344,新加坡商瑞銀,1650,4618,2694,1924,3.04,4,buy
10/07,2344,台灣摩根士丹利,1470,6910,7409,-499,0.79,4,sell
10/07,2344,美林,1440,2095,858,1237,1.95,5,buy
10/07,2344,國泰-敦南,8888,1363,1852,-489,0.77,5,sell
10/07,2344,富邦證券,9600,1194,312,882,1.39,6,buy
10/07,2344,凱基-新豐,9266,20,368,-348,0.55,6,sell
10/07,2344,港商野村,1560,639,23,616,0.97,7,buy
10/07,2344,凱基-台北,9268,1735,2018,-283,0.45,7,sell
10/07,2344,花旗環球,1590,545,24,521,0.82,8,buy
10/07,2344,新光,8560,328,546,-218,0.34,8,sell
10/07,2344,統一,5850,597,382,215,0.34,9,buy
10/07,2344,元大-豐原站前,0039003800390057,113,329,-216,0.34,9,sell
10/07,2344,華南永昌-頭份,9343,177,17,160,0.25,10,buy
10/07,2344,兆豐-嘉義,7001,23,233,-210,0.33,10,sell
10/07,2344,永豐金-敦南,0039004100380046,161,54,107,0.17,11,buy
10/07,2344,元大-博愛,0039003800320042,59,218,-159,0.25,11,sell
10/07,2344,永豐金-內湖,0039004100390067,103,27,76,0.12,12,buy
10/07,2344,華南永昌-大甲,9315,8,163,-155,0.24,12,sell
10/07,2344,美好-富順,003500320036004b,120,44,76,0.12,13,buy
10/07,2344,凱基-中壢,9285,24,179,-155,0.24,13,sell
10/07,2344,永豐金-匯立,0039004100380031,68,0,68,0.11,14,buy
10/07,2344,永豐金-大園,0039004100390038,18,172,-154,0.24,14,sell
10/07,2344,法銀巴黎,8900,83,15,68,0.11,15,buy
10/07,2344,國泰-台中,8882,181,325,-144,0.23,15,sell
10/07,2408,國泰-敦南,8888,1189,667,522,1.36,1,buy
10/07,2408,美商高盛,1480,2034,4352,-2318,6.03,1,sell
10/07,2408,兆豐-中壢,0037003000300062,393,104,289,0.75,2,buy
10/07,2408,第一金-自由,0035003300380045,54,1828,-1774,4.62,2,sell
10/07,2408,新光,8560,413,243,170,0.44,3,buy
10/07,2408,統一-新台中,0035003800350044,24,1628,-1604,4.18,3,sell
10/07,2408,群益金鼎-中港,9138,175,32,143,0.37,4,buy
10/07,2408,花旗環球,1590,67,1264,-1197,3.12,4,sell
10/07,2408,兆豐-大同,0037003000300053,135,3,132,0.34,5,buy
10/07,2408,摩根大通,8440,457,1516,-1059,2.76,5,sell
10/07,2408,國泰-高雄,8881,168,47,121,0.32,6,buy
10/07,2408,新加坡商瑞銀,1650,951,1957,-1006,2.62,6,sell
10/07,2408,元大-南屯,9853,126,11,115,0.3,7,buy
10/07,2408,美林,1440,310,1052,-742,1.93,7,sell
10/07,2408,國泰-館前,0038003800380041,179,66,113,0.29,8,buy
10/07,2408,台灣摩根士丹利,1470,1662,2176,-514,1.34,8,sell
10/07,2408,國泰-台中,8882,233,131,102,0.27,9,buy
10/07,2408,富邦證券,9600,296,687,-391,1.02,9,sell
10/07,2408,富邦-南屯,9666,132,31,101,0.26,10,buy
10/07,2408,元大證券,9800,2855,3228,-373,0.97,10,sell
10/07,2408,台新-安南,003900420032005a,119,19,100,0.26,11,buy
10/07,2408,台新,0039004200300030,203,526,-323,0.84,11,sell
10/07,2408,陽信-石牌,8711,105,10,95,0.25,12,buy
10/07,2408,香港上海匯豐,8960,40,294,-254,0.66,12,sell
10/07,2408,國泰-桃園,8885,186,103,83,0.22,13,buy
10/07,2408,港商野村,1560,16,239,-223,0.58,13,sell
10/07,2408,國泰-板橋,003800380038004b,196,113,83,0.22,14,buy
10/07,2408,華南永昌,9300,98,319,-221,0.58,14,sell
10/07,2408,富邦-岡山,9616,80,2,78,0.2,15,buy
10/07,2408,凱基,9200,6,192,-186,0.48,15,sell
10/07,1326,摩根大通,8440,4258,170,4088,6.66,1,buy
10/07,1326,富邦證券,9600,71,2107,-2036,3.32,1,sell
10/07,1326,美商高盛,1480,4925,975,3950,6.44,2,buy
10/07,1326,永豐金-匯立,0039004100380031,0,1047,-1047,1.71,2,sell
10/07,1326,新加坡商瑞銀,1650,4146,615,3531,5.75,3,buy
10/07,1326,元大-發財,0039003800310045,30,597,-567,0.92,3,sell
10/07,1326,台灣摩根士丹利,1470,2473,954,1519,2.47,4,buy
10/07,1326,富邦-敦南,9663,29,406,-377,0.61,4,sell
10/07,1326,元大證券,9800,6149,4836,1313,2.14,5,buy
10/07,1326,元大-復北,9872,24,395,-371,0.6,5,sell
10/07,1326,美林,1440,1135,405,730,1.19,6,buy
10/07,1326,華南永昌,9300,53,315,-262,0.43,6,sell
10/07,1326,法銀巴黎,8900,625,33,592,0.96,7,buy
10/07,1326,台新-五權西,0039004200320035,56,316,-260,0.42,7,sell
10/07,1326,花旗環球,1590,623,32,591,0.96,8,buy
10/07,1326,元大-頭份,0039003800330055,89,335,-246,0.4,8,sell
10/07,1326,統一-城中,5854,555,51,504,0.82,9,buy
10/07,1326,聯邦-台南,8588,7,244,-237,0.39,9,sell
10/07,1326,凱基-台北,9268,2866,2499,367,0.6,10,buy
10/07,1326,新光,8560,438,647,-209,0.34,10,sell
10/07,1326,康和,8450,374,12,362,0.59,11,buy
10/07,1326,合庫證券,1020,41,247,-206,0.34,11,sell
10/07,1326,港商野村,1560,610,276,334,0.54,12,buy
10/07,1326,兆豐-公益,003700300030004a,15,220,-205,0.33,12,sell
10/07,1326,合庫-高雄,1023,360,127,233,0.38,13,buy
10/07,1326,國泰-松江,8883,32,224,-192,0.31,13,sell
10/07,1326,元大-斗六,0039003800300043,264,54,210,0.34,14,buy
10/07,1326,凱基-市政,9239,14,193,-179,0.29,14,sell
10/07,1326,亞東-新竹,2184,200,3,197,0.32,15,buy
10/07,1326,富邦-台北,9623,169,342,-173,0.28,15,sell
10/07,5880,新加坡商瑞銀,1650,2134,228,1906,13.2,1,buy
10/07,5880,凱基,9200,44,360,-316,2.19,1,sell
10/07,5880,凱基-台北,9268,1969,261,1708,11.83,2,buy
10/07,5880,華南永昌-朴子,9329,0,313,-313,2.17,2,sell
10/07,5880,群益金鼎,9100,1581,34,1547,10.71,3,buy
10/07,5880,玉山-高雄,8843,1,251,-250,1.73,3,sell
10/07,5880,元大證券,9800,1002,267,735,5.09,4,buy
10/07,5880,合庫證券,1020,4,236,-232,1.61,4,sell
10/07,5880,花旗環球,1590,538,6,532,3.68,5,buy
10/07,5880,國泰-敦南,8888,74,282,-208,1.44,5,sell
10/07,5880,台灣摩根士丹利,1470,1113,655,458,3.17,6,buy
10/07,5880,群益金鼎-南京,0039003100380045,0,205,-205,1.42,6,sell
10/07,5880,美林,1440,440,31,409,2.83,7,buy
10/07,5880,群益金鼎-新莊,0039003100380047,0,170,-170,1.18,7,sell
10/07,5880,港商麥格理,1360,395,0,395,2.73,8,buy
10/07,5880,合庫-基隆,1025,0,165,-165,1.14,8,sell
10/07,5880,華南永昌-大安,9307,340,3,337,2.33,9,buy
10/07,5880,永豐金-三重,003900410039004b,2,156,-154,1.07,9,sell
10/07,5880,統一-南京,0035003800350055,328,20,308,2.13,10,buy
10/07,5880,元大-大同,0039003800390047,0,154,-154,1.07,10,sell
10/07,5880,凱基-市政,9239,307,1,306,2.12,11,buy
10/07,5880,中國信託-嘉義,6168,6,153,-147,1.02,11,sell
10/07,5880,統一-三重,003500380035004a,201,4,197,1.36,12,buy
10/07,5880,第一金-台南,5384,3,144,-141,0.98,12,sell
10/07,5880,元大-仁愛,003900380033006a,177,16,161,1.11,13,buy
10/07,5880,元大-四維,9831,2,126,-124,0.86,13,sell
10/07,5880,香港上海匯豐,8960,126,0,126,0.87,14,buy
10/07,5880,群益金鼎-瑞豐,0039003100380075,0,120,-120,0.83,14,sell
10/07,5880,摩根大通,8440,719,604,115,0.8,15,buy
10/07,5880,臺銀,1040,3,113,-110,0.76,15,sell
10/07,2887,國票-敦北法人,0037003700390063,3828,7,3821,14.04,1,buy
10/07,2887,富邦-台北,9623,17,1224,-1207,4.44,1,sell
10/07,2887,美商高盛,1480,3861,2255,1606,5.9,2,buy
10/07,2887,凱基,9200,1,917,-916,3.37,2,sell
10/07,2887,新加坡商瑞銀,1650,2559,1063,1496,5.5,3,buy
10/07,2887,富邦-嘉義,9692,3,615,-612,2.25,3,sell
10/07,2887,元大證券,9800,3245,1874,1371,5.04,4,buy
10/07,2887,台新-台南,0039004200310036,4,425,-421,1.55,4,sell
10/07,2887,摩根大通,8440,1612,454,1158,4.26,5,buy
10/07,2887,第一金-豐原,003500330038004e,10,409,-399,1.47,5,sell
10/07,2887,台灣摩根士丹利,1470,1735,736,999,3.67,6,buy
10/07,2887,合庫-高雄,1023,1,374,-373,1.37,6,sell
10/07,2887,美林,1440,985,41,944,3.47,7,buy
10/07,2887,元大-南屯,9853,33,355,-322,1.18,7,sell
10/07,2887,華南永昌,9300,824,28,796,2.93,8,buy
10/07,2887,中國信託,6160,20,239,-219,0.8,8,sell
10/07,2887,新光,8560,744,266,478,1.76,9,buy
10/07,2887,富邦-宜蘭,9686,0,202,-202,0.74,9,sell
10/07,2887,花旗環球,1590,473,47,426,1.57,10,buy
10/07,2887,港商麥格理,1360,0,201,-201,0.74,10,sell
10/07,2887,香港上海匯豐,8960,291,0,291,1.07,11,buy
10/07,2887,元大-台中中港,0039003800390042,1,190,-189,0.69,11,sell
10/07,2887,大昌-桃園,6465,183,2,181,0.67,12,buy
10/07,2887,富邦-新莊,0039003600320044,0,151,-151,0.55,12,sell
10/07,2887,法銀巴黎,8900,147,1,146,0.54,13,buy
10/07,2887,統一-高雄,5851,15,163,-148,0.54,13,sell
10/07,2887,國票-台南,0037003700390044,107,2,105,0.39,14,buy
10/07,2887,統一,5850,1,149,-148,0.54,14,sell
10/07,2887,富邦-竹科,0039003600320043,63,1,62,0.23,15,buy
10/07,2887,元大-內湖,003900380039004e,11,151,-140,0.51,15,sell
10/07,2801,美商高盛,1480,3390,313,3077,27.19,1,buy
10/07,2801,元大證券,9800,334,1980,-1646,14.54,1,sell
10/07,2801,台灣摩根士丹利,1470,661,50,611,5.4,2,buy
10/07,2801,第一金-中壢,0035003300380059,15,410,-395,3.49,2,sell
10/07,2801,凱基-台北,9268,1740,1215,525,4.64,3,buy
10/07,2801,華南永昌-大安,9307,0,385,-385,3.4,3,sell
10/07,2801,群益金鼎-中港,9138,389,0,389,3.44,4,buy
10/07,2801,摩根大通,8440,243,622,-379,3.35,4,sell
10/07,2801,新加坡商瑞銀,1650,473,122,351,3.1,5,buy
10/07,2801,永豐金-台南,0039004100390068,40,343,-303,2.68,5,sell
10/07,2801,美林,1440,285,51,234,2.07,6,buy
10/07,2801,凱基,9200,1,264,-263,2.32,6,sell
10/07,2801,華南永昌-鳳山,9331,191,5,186,1.64,7,buy
10/07,2801,華南永昌-新莊,9305,0,235,-235,2.08,7,sell
10/07,2801,花旗環球,1590,456,299,157,1.39,8,buy
10/07,2801,元大-仁愛,003900380033006a,0,183,-183,1.62,8,sell
10/07,2801,元大-大安,003900380033004e,150,0,150,1.33,9,buy
10/07,2801,致和證券,7030,2,161,-159,1.4,9,sell
10/07,2801,統一-新營,0035003800350045,120,2,118,1.04,10,buy
10/07,2801,元大-斗六,0039003800300043,0,141,-141,1.25,10,sell
10/07,2801,土銀,1030,105,0,105,0.93,11,buy
10/07,2801,台新-成功,003900420032006d,0,130,-130,1.15,11,sell
10/07,2801,元大-龍潭,9858,105,8,97,0.86,12,buy
10/07,2801,國泰-敦南,8888,49,172,-123,1.09,12,sell
10/07,2801,新光,8560,124,34,90,0.8,13,buy
10/07,2801,永豐金-市政,0039004100390057,4,126,-122,1.08,13,sell
10/07,2801,香港上海匯豐,8960,81,0,81,0.72,14,buy
10/07,2801,臺銀-金山,0031003000340044,1,110,-109,0.96,14,sell
10/07,2801,台新,0039004200300030,87,14,73,0.64,15,buy
10/07,2801,凱基-彰化,0039003200300047,14,115,-101,0.89,15,sell
10/07,1815,台灣摩根士丹利,1470,7885,4487,3398,3.23,1,buy
10/07,1815,國泰-敦南,8888,2759,3419,-660,0.63,1,sell
10/07,1815,群益金鼎,9100,1807,160,1647,1.57,2,buy
10/07,1815,元大證券,9800,10125,10691,-566,0.54,2,sell
10/07,1815,美商高盛,1480,2811,1234,1577,1.5,3,buy
10/07,1815,美林,1440,127,532,-405,0.39,3,sell
10/07,1815,新加坡商瑞銀,1650,2552,1231,1321,1.26,4,buy
10/07,1815,摩根大通,8440,828,1137,-309,0.29,4,sell
10/07,1815,國泰證券,8880,1599,353,1246,1.19,5,buy
10/07,1815,新光,8560,811,1119,-308,0.29,5,sell
10/07,1815,統一,5850,2047,1147,900,0.86,6,buy
10/07,1815,永豐金-敦南,0039004100380046,189,469,-280,0.27,6,sell
10/07,1815,凱基-桃園,9208,668,116,552,0.53,7,buy
10/07,1815,永豐金證券,0039004100300030,1065,1310,-245,0.23,7,sell
10/07,1815,康和-仁愛,0038003400350046,477,60,417,0.4,8,buy
10/07,1815,富邦-木柵,003900360031004d,271,452,-181,0.17,8,sell
10/07,1815,富邦證券,9600,1427,1062,365,0.35,9,buy
10/07,1815,永全-南崁,6451,66,239,-173,0.16,9,sell
10/07,1815,第一金,5380,441,82,359,0.34,10,buy
10/07,1815,華南永昌-嘉義,9314,113,241,-128,0.12,10,sell
10/07,1815,中國信託,6160,721,376,345,0.33,11,buy
10/07,1815,群益金鼎-桃園,9189,33,160,-127,0.12,11,sell
10/07,1815,凱基,9200,360,55,305,0.29,12,buy
10/07,1815,凱基-東勢,0039003200310059,11,136,-125,0.12,12,sell
10/07,1815,宏遠-高雄,0031003200360051,308,58,250,0.24,13,buy
10/07,1815,玉山-嘉義,8848,61,186,-125,0.12,13,sell
10/07,1815,元大-信義安和,0039003800300052,254,16,238,0.23,14,buy
10/07,1815,富邦-新板,0039003600310048,109,219,-110,0.1,14,sell
10/07,1815,統一-南京,0035003800350055,283,56,227,0.22,15,buy
10/07,1815,元大-清水,0039003800300065,77,183,-106,0.1,15,sell
10/07,2890,元大證券,9800,3029,480,2549,13.11,1,buy
10/07,2890,台灣摩根士丹利,1470,22,3346,-3324,17.1,1,sell
10/07,2890,中國信託,6160,2235,34,2201,11.32,2,buy
10/07,2890,美林,1440,761,3623,-2862,14.72,2,sell
10/07,2890,大和國泰,8890,2168,0,2168,11.15,3,buy
10/07,2890,美商高盛,1480,830,2535,-1705,8.77,3,sell
10/07,2890,花旗環球,1590,673,52,621,3.19,4,buy
10/07,2890,新加坡商瑞銀,1650,866,1806,-940,4.83,4,sell
10/07,2890,凱基,9200,388,10,378,1.94,5,buy
10/07,2890,凱基-台北,9268,716,1592,-876,4.51,5,sell
10/07,2890,國票-敦北法人,0037003700390063,163,0,163,0.84,6,buy
10/07,2890,摩根大通,8440,599,1415,-816,4.2,6,sell
10/07,2890,國泰-敦南,8888,222,73,149,0.77,7,buy
10/07,2890,港商麥格理,1360,0,813,-813,4.18,7,sell
10/07,2890,永豐金-台南,0039004100390068,177,34,143,0.74,8,buy
10/07,2890,香港上海匯豐,8960,136,820,-684,3.52,8,sell
10/07,2890,華南永昌-長虹,9333,122,0,122,0.63,9,buy
10/07,2890,港商野村,1560,154,420,-266,1.37,9,sell
10/07,2890,亞東-板橋,2181,121,0,121,0.62,10,buy
10/07,2890,群益金鼎-忠孝,0039003100380057,3,200,-197,1.01,10,sell
10/07,2890,永豐金-高雄,0039004100390065,114,3,111,0.57,11,buy
10/07,2890,統一,5850,51,151,-100,0.51,11,sell
10/07,2890,兆豐-天母,003700300030004c,101,0,101,0.52,12,buy
10/07,2890,台新-佳里,0039004200320077,5,76,-71,0.37,12,sell
10/07,2890,新光,8560,102,11,91,0.47,13,buy
10/07,2890,國泰證券,8880,5,59,-54,0.28,13,sell
10/07,2890,元大-崇德,0039003800310053,88,0,88,0.45,14,buy
10/07,2890,第一金-台南,5384,9,49,-40,0.21,14,sell
10/07,2890,元大-雙和,9874,76,0,76,0.39,15,buy
10/07,2890,國票證券,7790,1,37,-36,0.19,15,sell
10/07,2884,新加坡商瑞銀,1650,1606,108,1498,12.66,1,buy
10/07,2884,富邦證券,9600,31,561,-530,4.48,1,sell
10/07,2884,凱基-台北,9268,1204,321,883,7.47,2,buy
10/07,2884,港商野村,1560,1,350,-349,2.95,2,sell
10/07,2884,摩根大通,8440,1495,668,827,6.99,3,buy
10/07,2884,元大-台北,0039003800300068,1,348,-347,2.93,3,sell
10/07,2884,統一-南京,0035003800350055,679,0,679,5.74,4,buy
10/07,2884,群益金鼎-海山,9108,0,242,-242,2.05,4,sell
10/07,2884,凱基,9200,527,12,515,4.35,5,buy
10/07,2884,玉山證券,8840,23,240,-217,1.83,5,sell
10/07,2884,港商麥格理,1360,273,0,273,2.31,6,buy
10/07,2884,國泰-敦南,8888,49,257,-208,1.76,6,sell
10/07,2884,華南永昌-台南,9306,245,2,243,2.05,7,buy
10/07,2884,元大證券,9800,1049,1239,-190,1.61,7,sell
10/07,2884,香港上海匯豐,8960,201,3,198,1.67,8,buy
10/07,2884,美商高盛,1480,971,1143,-172,1.45,8,sell
10/07,2884,華南永昌,9300,164,16,148,1.25,9,buy
10/07,2884,新光,8560,16,144,-128,1.08,9,sell
10/07,2884,花旗環球,1590,255,152,103,0.87,10,buy
10/07,2884,永豐金-中正,0039004100390055,61,188,-127,1.07,10,sell
10/07,2884,亞東,2180,100,4,96,0.81,11,buy
10/07,2884,新光-桃園,8565,3,109,-106,0.9,11,sell
10/07,2884,台灣摩根士丹利,1470,479,397,82,0.69,12,buy
10/07,2884,富邦-彰化,0039003600350055,0,106,-106,0.9,12,sell
10/07,2884,兆豐證券,7000,79,0,79,0.67,13,buy
10/07,2884,玉山-板橋,8846,16,105,-89,0.75,13,sell
10/07,2884,國泰-新竹,003800380038004e,66,0,66,0.56,14,buy
10/07,2884,玉山-高雄,8843,2,83,-81,0.68,14,sell
10/07,2884,台新-松江,0039004200310035,53,1,52,0.44,15,buy
10/07,2884,玉山-大里,003800380034004a,13,69,-56,0.47,15,sell
10/07,8112,凱基-台南,9211,205,1,204,6.75,1,buy
10/07,8112,摩根大通,8440,114,374,-260,8.6,1,sell
10/07,8112,台灣摩根士丹利,1470,143,35,108,3.57,2,buy
10/07,8112,華南永昌-頭份,9343,0,135,-135,4.47,2,sell
10/07,8112,群益金鼎-瑞豐,0039003100380075,53,0,53,1.75,3,buy
10/07,8112,美商高盛,1480,62,134,-72,2.38,3,sell
10/07,8112,富邦-台東,9608,42,1,41,1.36,4,buy
10/07,8112,國泰-新莊,8886,0,61,-61,2.02,4,sell
10/07,8112,花旗環球,1590,38,0,38,1.26,5,buy
10/07,8112,凱基-台北,9268,193,243,-50,1.65,5,sell
10/07,8112,富邦-永和,9654,39,3,36,1.19,6,buy
10/07,8112,宏遠-台中,003100320036004c,16,58,-42,1.39,6,sell
10/07,8112,台新-大裕,003900420032006c,33,3,30,0.99,7,buy
10/07,8112,彰銀,1230,1,40,-39,1.29,7,sell
10/07,8112,元大證券,9800,41,13,28,0.93,8,buy
10/07,8112,宏遠-館前,0031003200360055,1,36,-35,1.16,8,sell
10/07,8112,元大-桃園,0039003800380042,26,1,25,0.83,9,buy
10/07,8112,元大-復北,9872,0,35,-35,1.16,9,sell
10/07,8112,臺銀,1040,27,3,24,0.79,10,buy
10/07,8112,兆豐-小港,0037003000300052,2,35,-33,1.09,10,sell
10/07,8112,國泰-敦南,8888,53,29,24,0.79,11,buy
10/07,8112,港商野村,1560,52,85,-33,1.09,11,sell
10/07,8112,臺銀-金山,0031003000340044,24,0,24,0.79,12,buy
10/07,8112,永豐金-大園,0039004100390038,0,30,-30,0.99,12,sell
10/07,8112,統一-高雄,5851,22,0,22,0.73,13,buy
10/07,8112,元大-大同,0039003800390047,0,27,-27,0.89,13,sell
10/07,8112,凱基-新莊,0039003200310053,20,0,20,0.66,14,buy
10/07,8112,兆豐-桃園,003700300030004d,3,30,-27,0.89,14,sell
10/07,8112,臺銀-臺中,0031003000340041,20,1,19,0.63,15,buy
10/07,8112,元大-豐原站前,0039003800390057,0,25,-25,0.83,15,sell
10/07,2633,永豐金證券,0039004100300030,321,0,321,15.72,1,buy
10/07,2633,富邦證券,9600,0,558,-558,27.33,1,sell
10/07,2633,美林,1440,276,0,276,13.52,2,buy
10/07,2633,台灣摩根士丹利,1470,2,160,-158,7.74,2,sell
10/07,2633,摩根大通,8440,418,220,198,9.7,3,buy
10/07,2633,華南永昌-岡山,9324,0,70,-70,3.43,3,sell
10/07,2633,新加坡商瑞銀,1650,181,3,178,8.72,4,buy
10/07,2633,美商高盛,1480,106,161,-55,2.69,4,sell
10/07,2633,兆豐證券,7000,68,0,68,3.33,5,buy
10/07,2633,凱基-台北,9268,170,216,-46,2.25,5,sell
10/07,2633,元大-中壢,9834,60,0,60,2.94,6,buy
10/07,2633,台新-埔里,0039004200320059,0,40,-40,1.96,6,sell
10/07,2633,國泰-敦南,8888,36,10,26,1.27,7,buy
10/07,2633,國泰-台南,8884,4,41,-37,1.81,7,sell
10/07,2633,富邦-北港,0039003600390043,20,0,20,0.98,8,buy
10/07,2633,玉山-士林,0038003800340041,0,30,-30,1.47,8,sell
10/07,2633,永豐金-台中,003900410039004c,16,0,16,0.78,9,buy
10/07,2633,群益金鼎-大甲,0039003100380067,0,30,-30,1.47,9,sell
10/07,2633,花旗環球,1590,16,3,13,0.64,10,buy
10/07,2633,永豐金-中正,0039004100390055,0,28,-28,1.37,10,sell
10/07,2633,凱基-竹北,9234,10,0,10,0.49,11,buy
10/07,2633,元大-六合,0039003800320043,0,20,-20,0.98,11,sell
10/07,2633,土銀-嘉義,1034,10,0,10,0.49,12,buy
10/07,2633,玉山-左營,0038003800340044,0,14,-14,0.69,12,sell
10/07,2633,永興-台中,5603,10,0,10,0.49,13,buy
10/07,2633,臺銀-臺南,1042,1,14,-13,0.64,13,sell
10/07,2633,統一-高雄,5851,10,0,10,0.49,14,buy
10/07,2633,元大-龍潭,9858,0,12,-12,0.59,14,sell
10/07,2633,兆豐-西螺,0037003000300044,10,0,10,0.49,15,buy
10/07,2633,富邦-建國,9658,0,11,-11,0.54,15,sell
10/07,5871,永豐金-匯立,0039004100380031,581,0,581,14.66,1,buy
10/07,5871,台灣摩根士丹利,1470,78,692,-614,15.49,1,sell
10/07,5871,凱基-員林,9231,257,0,257,6.48,2,buy
10/07,5871,美商高盛,1480,324,550,-226,5.7,2,sell
10/07,5871,凱基-台北,9268,410,186,224,5.65,3,buy
10/07,5871,元大證券,9800,44,210,-166,4.19,3,sell
10/07,5871,港商麥格理,1360,192,0,192,4.84,4,buy
10/07,5871,凱基-北門,9283,0,161,-161,4.06,4,sell
10/07,5871,新加坡商瑞銀,1650,308,156,152,3.83,5,buy
10/07,5871,富邦證券,9600,1,152,-151,3.81,5,sell
10/07,5871,法銀巴黎,8900,149,28,121,3.05,6,buy
10/07,5871,元大-彰化,0039003800310047,1,96,-95,2.4,6,sell
10/07,5871,摩根大通,8440,120,60,60,1.51,7,buy
10/07,5871,國泰-敦南,8888,10,64,-54,1.36,7,sell
10/07,5871,兆豐-嘉義,7001,50,0,50,1.26,8,buy
10/07,5871,新光-桃園,8565,0,43,-43,1.08,8,sell
10/07,5871,港商野村,1560,44,0,44,1.11,9,buy
10/07,5871,中國信託,6160,6,47,-41,1.03,9,sell
10/07,5871,玉山-台南,8847,37,1,36,0.91,10,buy
10/07,5871,美林,1440,9,48,-39,0.98,10,sell
10/07,5871,玉山-高雄,8843,60,38,22,0.55,11,buy
10/07,5871,花旗環球,1590,61,99,-38,0.96,11,sell
10/07,5871,富邦-新竹,9647,22,1,21,0.53,12,buy
10/07,5871,富邦-竹科,0039003600320043,3,39,-36,0.91,12,sell
10/07,5871,新光-新竹,8563,30,9,21,0.53,13,buy
10/07,5871,群益金鼎,9100,7,42,-35,0.88,13,sell
10/07,5871,群益金鼎-鳳山,0039003100380063,20,1,19,0.48,14,buy
10/07,5871,永豐金證券,0039004100300030,48,79,-31,0.78,14,sell
10/07,5871,國泰-松江,8883,18,0,18,0.45,15,buy
10/07,5871,凱基-大直,9218,0,31,-31,0.78,15,sell
10/07,6116,合庫證券,1020,819,265,554,2.01,1,buy
10/07,6116,美商高盛,1480,1712,4452,-2740,9.96,1,sell
10/07,6116,台灣摩根士丹利,1470,1187,643,544,1.98,2,buy
10/07,6116,元大證券,9800,1064,2125,-1061,3.86,2,sell
10/07,6116,元大-北港,9837,531,26,505,1.84,3,buy
10/07,6116,摩根大通,8440,59,1070,-1011,3.68,3,sell
10/07,6116,台新-花蓮,0039004200320079,264,1,263,0.96,4,buy
10/07,6116,凱基-台北,9268,1467,2100,-633,2.3,4,sell
10/07,6116,第一金-新興,0035003300380041,243,8,235,0.85,5,buy
10/07,6116,永豐金-新竹,0039004100390037,3,410,-407,1.48,5,sell
10/07,6116,凱基-新豐,9266,179,5,174,0.63,6,buy
10/07,6116,凱基,9200,0,394,-394,1.43,6,sell
10/07,6116,台新-新興,003900420032006f,168,8,160,0.58,7,buy
10/07,6116,永豐金-潮州,0039004100390071,5,246,-241,0.88,7,sell
10/07,6116,元大-南投,0039003800310044,116,2,114,0.41,8,buy
10/07,6116,大昌-新店,6464,77,188,-111,0.4,8,sell
10/07,6116,國泰-高雄,8881,153,40,113,0.41,9,buy
10/07,6116,富邦-台北,9623,172,276,-104,0.38,9,sell
10/07,6116,統一-三重,003500380035004a,111,6,105,0.38,10,buy
10/07,6116,陽信-石牌,8711,4,104,-100,0.36,10,sell
10/07,6116,元大-大同,0039003800390047,109,4,105,0.38,11,buy
10/07,6116,美林,1440,2,94,-92,0.33,11,sell
10/07,6116,統一-中壢,5853,100,6,94,0.34,12,buy
10/07,6116,永豐金-竹科,0039004100390058,11,98,-87,0.32,12,sell
10/07,6116,富邦-中壢,9636,132,39,93,0.34,13,buy
10/07,6116,台新-同大,0039004200320050,33,114,-81,0.29,13,sell
10/07,6116,元大-北三重,0039003800390056,103,18,85,0.31,14,buy
10/07,6116,第一金-台中,5382,36,103,-67,0.24,14,sell
10/07,6116,國泰-敦南,8888,1094,1011,83,0.3,15,buy
10/07,6116,國泰-忠孝,8887,55,117,-62,0.23,15,sell
10/07,2812,凱基-台北,9268,1898,212,1686,16.43,1,buy
10/07,2812,統一-板橋,0035003800350050,0,1000,-1000,9.74,1,sell
10/07,2812,台灣摩根士丹利,1470,1468,121,1347,13.12,2,buy
10/07,2812,凱基-竹科,9272,17,877,-860,8.38,2,sell
10/07,2812,新加坡商瑞銀,1650,989,1,988,9.63,3,buy
10/07,2812,台新,0039004200300030,25,540,-515,5.02,3,sell
10/07,2812,美林,1440,921,75,846,8.24,4,buy
10/07,2812,台新-中港,0039004200320069,0,358,-358,3.49,4,sell
10/07,2812,美商高盛,1480,856,255,601,5.86,5,buy
10/07,2812,元大-羅東,0039003800320041,4,326,-322,3.14,5,sell
10/07,2812,花旗環球,1590,299,13,286,2.79,6,buy
10/07,2812,富邦-桃園,9665,1,150,-149,1.45,6,sell
10/07,2812,摩根大通,8440,309,35,274,2.67,7,buy
10/07,2812,元大-汐止,0039003800390051,5,134,-129,1.26,7,sell
10/07,2812,台中銀,6110,306,163,143,1.39,8,buy
10/07,2812,新光-新竹,8563,15,132,-117,1.14,8,sell
10/07,2812,凱基-三峽,0039003200310045,112,10,102,0.99,9,buy
10/07,2812,第一金-豐原,003500330038004e,0,112,-112,1.09,9,sell
10/07,2812,中國信託-文心,6164,107,6,101,0.98,10,buy
10/07,2812,富邦-三重,9677,2,113,-111,1.08,10,sell
10/07,2812,宏遠-台南,0031003200360044,100,0,100,0.97,11,buy
10/07,2812,土銀-台中,1031,0,100,-100,0.97,11,sell
10/07,2812,元大-淡水,9899,61,0,61,0.59,12,buy
10/07,2812,富邦-永和,9654,3,103,-100,0.97,12,sell
10/07,2812,元大-清水,0039003800300065,55,0,55,0.54,13,buy
10/07,2812,臺銀-民權,1043,3,101,-98,0.95,13,sell
10/07,2812,富邦-竹北,9624,50,1,49,0.48,14,buy
10/07,2812,國泰-敦南,8888,74,165,-91,0.89,14,sell
10/07,2812,大昌-新竹,6463,49,0,49,0.48,15,buy
10/07,2812,台新-同大,0039004200320050,0,90,-90,0.88,15,sell
10/07,9904,美商高盛,1480,2924,344,2580,17.93,1,buy
10/07,9904,康和,8450,0,1000,-1000,6.95,1,sell
10/07,9904,台灣摩根士丹利,1470,2424,129,2295,15.95,2,buy
10/07,9904,台新-松江,0039004200310035,10,1010,-1000,6.95,2,sell
10/07,9904,新加坡商瑞銀,1650,1992,53,1939,13.47,3,buy
10/07,9904,國泰-高雄,8881,0,615,-615,4.27,3,sell
10/07,9904,凱基-台北,9268,1323,69,1254,8.71,4,buy
10/07,9904,合庫-高雄,1023,0,495,-495,3.44,4,sell
10/07,9904,摩根大通,8440,1110,94,1016,7.06,5,buy
10/07,9904,康和-高雄,003800340035004a,0,480,-480,3.34,5,sell
10/07,9904,兆豐證券,7000,319,0,319,2.22,6,buy
10/07,9904,花旗環球,1590,804,1153,-349,2.43,6,sell
10/07,9904,元大-三峽,0039003800310041,310,2,308,2.14,7,buy
10/07,9904,港商野村,1560,302,606,-304,2.11,7,sell
10/07,9904,京城,8490,300,0,300,2.08,8,buy
10/07,9904,富邦-台北,9623,7,242,-235,1.63,8,sell
10/07,9904,元大-楊梅,0039003800370041,202,4,198,1.38,9,buy
10/07,9904,合庫證券,1020,0,212,-212,1.47,9,sell
10/07,9904,元大證券,9800,314,140,174,1.21,10,buy
10/07,9904,富邦-三重,9677,0,210,-210,1.46,10,sell
10/07,9904,凱基-新店,0039003200300056,155,0,155,1.08,11,buy
10/07,9904,第一金-自由,0035003300380045,0,205,-205,1.42,11,sell
10/07,9904,凱基,9200,135,0,135,0.94,12,buy
10/07,9904,新光-台中,8561,0,191,-191,1.33,12,sell
10/07,9904,富邦證券,9600,95,2,93,0.65,13,buy
10/07,9904,群益金鼎,9100,12,178,-166,1.15,13,sell
10/07,9904,台新,0039004200300030,133,42,91,0.63,14,buy
10/07,9904,新光,8560,7,151,-144,1.0,14,sell
10/07,9904,富邦-新竹,9647,101,19,82,0.57,15,buy
10/07,9904,大昌,6460,4,146,-142,0.99,15,sell
10/07,2542,台灣摩根士丹利,1470,1718,0,1718,20.3,1,buy
10/07,2542,台新-台北,0039004200320030,1,1020,-1019,12.04,1,sell
10/07,2542,美林,1440,1651,238,1413,16.69,2,buy
10/07,2542,摩根大通,8440,321,1206,-885,10.45,2,sell
10/07,2542,凱基-台北,9268,800,48,752,8.88,3,buy
10/07,2542,港商麥格理,1360,0,266,-266,3.14,3,sell
10/07,2542,港商野村,1560,425,0,425,5.02,4,buy
10/07,2542,第一金-高雄,5383,0,257,-257,3.04,4,sell
10/07,2542,美商高盛,1480,686,331,355,4.19,5,buy
10/07,2542,國泰證券,8880,0,220,-220,2.6,5,sell
10/07,2542,兆豐證券,7000,208,4,204,2.41,6,buy
10/07,2542,永豐金-市政,0039004100390057,0,201,-201,2.37,6,sell
10/07,2542,新加坡商瑞銀,1650,191,33,158,1.87,7,buy
10/07,2542,富邦-陽明,9604,0,159,-159,1.88,7,sell
10/07,2542,玉山-台中,0038003800340042,140,5,135,1.59,8,buy
10/07,2542,新光,8560,11,131,-120,1.42,8,sell
10/07,2542,富邦-宜蘭,9686,123,1,122,1.44,9,buy
10/07,2542,花旗環球,1590,7,120,-113,1.33,9,sell
10/07,2542,富邦證券,9600,761,662,99,1.17,10,buy
10/07,2542,元大-金門,003900380031004e,0,112,-112,1.32,10,sell
10/07,2542,永豐金證券,0039004100300030,107,62,45,0.53,11,buy
10/07,2542,群益金鼎,9100,15,116,-101,1.19,11,sell
10/07,2542,富邦-內湖,9627,50,5,45,0.53,12,buy
10/07,2542,合庫證券,1020,1,101,-100,1.18,12,sell
10/07,2542,玉山-嘉義,8848,38,2,36,0.43,13,buy
10/07,2542,彰銀,1230,0,100,-100,1.18,13,sell
10/07,2542,永豐金-桃園,0039004100390078,31,2,29,0.34,14,buy
10/07,2542,華南永昌-麻豆,9308,0,68,-68,0.8,14,sell
10/07,2542,元大-員林,9889,27,5,22,0.26,15,buy
10/07,2542,台新-城東,0039004200320072,0,64,-64,0.76,15,sell
10/07,8028,國票-敦北法人,0037003700390063,400,1,399,5.35,1,buy
10/07,8028,美商高盛,1480,106,208,-102,1.37,1,sell
10/07,8028,台灣摩根士丹利,1470,340,113,227,3.04,2,buy
10/07,8028,凱基-台北,9268,445,536,-91,1.22,2,sell
10/07,8028,永豐金-板新,003900410039004a,229,24,205,2.75,3,buy
10/07,8028,統一,5850,74,149,-75,1.01,3,sell
10/07,8028,華南永昌-中正,9359,90,25,65,0.87,4,buy
10/07,8028,凱基-站前,0039003200300046,8,63,-55,0.74,4,sell
10/07,8028,凱基,9200,58,0,58,0.78,5,buy
10/07,8028,中國信託-忠孝,6162,3,55,-52,0.7,5,sell
10/07,8028,元大證券,9800,535,481,54,0.72,6,buy
10/07,8028,新加坡商瑞銀,1650,77,126,-49,0.66,6,sell
10/07,8028,凱基-中山,9229,49,4,45,0.6,7,buy
10/07,8028,元大-大天母,9893,3,43,-40,0.54,7,sell
10/07,8028,美好-市政,003500320036004d,50,5,45,0.6,8,buy
10/07,8028,摩根大通,8440,8,45,-37,0.5,8,sell
10/07,8028,美林,1440,86,50,36,0.48,9,buy
10/07,8028,富邦-南京,0039003600310043,15,50,-35,0.47,9,sell
10/07,8028,亞東-板橋,2181,60,30,30,0.4,10,buy
10/07,8028,第一金-自由,0035003300380045,8,41,-33,0.44,10,sell
10/07,8028,兆豐-新竹,0037003000300056,56,30,26,0.35,11,buy
10/07,8028,華南永昌-彰化,9363,3,29,-26,0.35,11,sell
10/07,8028,新光,8560,63,41,22,0.29,12,buy
10/07,8028,第一金-路竹,0035003300380050,8,33,-25,0.34,12,sell
10/07,8028,臺銀-臺中,0031003000340041,48,26,22,0.29,13,buy
10/07,8028,中國信託-中壢,0036003100360041,6,27,-21,0.28,13,sell
10/07,8028,新光-台中,8561,47,25,22,0.29,14,buy
10/07,8028,凱基-大直,9218,1,22,-21,0.28,14,sell
10/07,8028,永豐金證券,0039004100300030,69,50,19,0.25,15,buy
10/07,8028,玉山-桃園,0038003800340046,3,24,-21,0.28,15,sell
10/07,4938,港商麥格理,1360,498,0,498,14.77,1,buy
10/07,4938,港商野村,1560,0,482,-482,14.29,1,sell
10/07,4938,中國信託,6160,250,58,192,5.69,2,buy
10/07,4938,美商高盛,1480,41,269,-228,6.76,2,sell
10/07,4938,香港上海匯豐,8960,190,0,190,5.63,3,buy
10/07,4938,台灣摩根士丹利,1470,338,501,-163,4.83,3,sell
10/07,4938,永豐金-板盛,0039004100390059,121,1,120,3.56,4,buy
10/07,4938,第一金-路竹,0035003300380050,0,107,-107,3.17,4,sell
10/07,4938,美林,1440,177,85,92,2.73,5,buy
10/07,4938,兆豐證券,7000,100,205,-105,3.11,5,sell
10/07,4938,摩根大通,8440,266,190,76,2.25,6,buy
10/07,4938,群益金鼎,9100,3,101,-98,2.91,6,sell
10/07,4938,群益金鼎-大安,0039003100380065,75,0,75,2.22,7,buy
10/07,4938,凱基-台北,9268,88,136,-48,1.42,7,sell
10/07,4938,富邦證券,9600,71,11,60,1.78,8,buy
10/07,4938,富邦-高雄,9659,0,34,-34,1.01,8,sell
10/07,4938,元大證券,9800,292,242,50,1.48,9,buy
10/07,4938,新加坡商瑞銀,1650,104,135,-31,0.92,9,sell
10/07,4938,新光,8560,28,2,26,0.77,10,buy
10/07,4938,富邦-陽明,9604,0,28,-28,0.83,10,sell
10/07,4938,台新,0039004200300030,23,0,23,0.68,11,buy
10/07,4938,永豐金證券,0039004100300030,14,35,-21,0.62,11,sell
10/07,4938,花旗環球,1590,45,24,21,0.62,12,buy
10/07,4938,元大-台南,9896,0,21,-21,0.62,12,sell
10/07,4938,華南永昌-頭份,9343,20,0,20,0.59,13,buy
10/07,4938,美好,5260,0,20,-20,0.59,13,sell
10/07,4938,元大-大安,003900380033004e,20,0,20,0.59,14,buy
10/07,4938,台中銀-員林,6114,0,20,-20,0.59,14,sell
10/07,4938,國泰-板橋,003800380038004b,21,3,18,0.53,15,buy
10/07,4938,永豐金-新竹,0039004100390037,0,20,-20,0.59,15,sell
10/07,6505,凱基,9200,3269,11,3258,9.71,1,buy
10/07,6505,元大證券,9800,4113,5468,-1355,4.04,1,sell
10/07,6505,富邦證券,9600,2586,286,2300,6.85,2,buy
10/07,6505,凱基-台北,9268,1602,2298,-696,2.07,2,sell
10/07,6505,美商高盛,1480,2721,1360,1361,4.05,3,buy
10/07,6505,香港上海匯豐,8960,0,415,-415,1.24,3,sell
10/07,6505,永豐金證券,0039004100300030,1299,213,1086,3.24,4,buy
10/07,6505,台灣摩根士丹利,1470,1355,1692,-337,1.0,4,sell
10/07,6505,新加坡商瑞銀,1650,1407,468,939,2.8,5,buy
10/07,6505,永興-水湳,5602,0,263,-263,0.78,5,sell
10/07,6505,美林,1440,868,254,614,1.83,6,buy
10/07,6505,康和-嘉義,8459,34,259,-225,0.67,6,sell
10/07,6505,群益金鼎-台北,0039003100380058,473,4,469,1.4,7,buy
10/07,6505,元大-土城,9897,12,150,-138,0.41,7,sell
10/07,6505,兆豐-忠孝,0037003000300061,312,110,202,0.6,8,buy
10/07,6505,臺銀-民權,1043,8,146,-138,0.41,8,sell
10/07,6505,群益金鼎,9100,359,167,192,0.57,9,buy
10/07,6505,台中銀-豐原,0036003100310041,11,138,-127,0.38,9,sell
10/07,6505,元大-長榮,0039003800390049,211,68,143,0.43,10,buy
10/07,6505,(牛牛牛)亞-鑫豐,0036003000310064,18,132,-114,0.34,10,sell
10/07,6505,港商麥格理,1360,128,0,128,0.38,11,buy
10/07,6505,美好-蘆洲,5261,8,115,-107,0.32,11,sell
10/07,6505,花旗環球,1590,144,18,126,0.38,12,buy
10/07,6505,華南永昌-高雄,9303,5,105,-100,0.3,12,sell
10/07,6505,台新-台北,0039004200320030,135,10,125,0.37,13,buy
10/07,6505,元大-北屯,0039003800390064,18,118,-100,0.3,13,sell
10/07,6505,兆豐-中壢,0037003000300062,147,23,124,0.37,14,buy
10/07,6505,第一金-華江,0035003300380057,27,127,-100,0.3,14,sell
10/07,6505,元大-萬華,0039003800310071,127,15,112,0.33,15,buy
10/07,6505,凱基-羅東,9258,6,103,-97,0.29,15,sell
10/07,1303,美商高盛,1480,9218,3678,5540,4.62,1,buy
10/07,1303,凱基,9200,480,2520,-2040,1.7,1,sell
10/07,1303,摩根大通,8440,3714,915,2799,2.33,2,buy
10/07,1303,港商麥格理,1360,0,1269,-1269,1.06,2,sell
10/07,1303,新加坡商瑞銀,1650,4493,1729,2764,2.3,3,buy
10/07,1303,元大-復北,9872,350,896,-546,0.46,3,sell
10/07,1303,台灣摩根士丹利,1470,3972,2875,1097,0.91,4,buy
10/07,1303,兆豐-忠孝,0037003000300061,93,544,-451,0.38,4,sell
10/07,1303,元大-敦南,0039003800390050,1131,149,982,0.82,5,buy
10/07,1303,凱基-信義,9216,691,1074,-383,0.32,5,sell
10/07,1303,元大證券,9800,13025,12291,734,0.61,6,buy
10/07,1303,華南永昌,9300,225,593,-368,0.31,6,sell
10/07,1303,統一,5850,1471,863,608,0.51,7,buy
10/07,1303,富邦-仁愛,9676,168,493,-325,0.27,7,sell
10/07,1303,兆豐證券,7000,692,130,562,0.47,8,buy
10/07,1303,台新-松江,0039004200310035,50,341,-291,0.24,8,sell
10/07,1303,美林,1440,1335,797,538,0.45,9,buy
10/07,1303,康和,8450,48,328,-280,0.23,9,sell
10/07,1303,(牛牛牛)亞證券,6010,470,9,461,0.38,10,buy
10/07,1303,元大-崇德,0039003800310053,109,363,-254,0.21,10,sell
10/07,1303,富邦證券,9600,1937,1551,386,0.32,11,buy
10/07,1303,合庫-桃園,0031003000320045,49,296,-247,0.21,11,sell
10/07,1303,國票-敦北法人,0037003700390063,335,52,283,0.24,12,buy
10/07,1303,台新-嘉義,0039004200320049,42,259,-217,0.18,12,sell
10/07,1303,法銀巴黎,8900,232,3,229,0.19,13,buy
10/07,1303,永豐金-匯立,0039004100380031,5,221,-216,0.18,13,sell
10/07,1303,台新-松德,0039004200320061,313,95,218,0.18,14,buy
10/07,1303,元大-忠孝,9871,99,299,-200,0.17,14,sell
10/07,1303,第一金,5380,325,125,200,0.17,15,buy
10/07,1303,港商野村,1560,214,408,-194,0.16,15,sell
10/07,2610,富邦證券,9600,2653,197,2456,25.93,1,buy
10/07,2610,合庫-台中,1021,0,368,-368,3.89,1,sell
10/07,2610,美商高盛,1480,1476,426,1050,11.09,2,buy
10/07,2610,新光,8560,8,336,-328,3.46,2,sell
10/07,2610,富邦-陽明,9604,708,8,700,7.39,3,buy
10/07,2610,玉山-信義,0038003800340043,15,300,-285,3.01,3,sell
10/07,2610,台新-彰化,003900420032004d,499,6,493,5.21,4,buy
10/07,2610,凱基-台北,9268,145,428,-283,2.99,4,sell
10/07,2610,美林,1440,355,27,328,3.46,5,buy
10/07,2610,國泰-台中,8882,5,210,-205,2.16,5,sell
10/07,2610,華南永昌-世貿,9334,300,1,299,3.16,6,buy
10/07,2610,台新-城中,0039004200320045,3,135,-132,1.39,6,sell
10/07,2610,台灣摩根士丹利,1470,587,428,159,1.68,7,buy
10/07,2610,國泰-板橋,003800380038004b,4,131,-127,1.34,7,sell
10/07,2610,元大-龍潭,9858,197,91,106,1.12,8,buy
10/07,2610,永豐金-市政,0039004100390057,0,122,-122,1.29,8,sell
10/07,2610,台灣企銀-民雄,0031003100310041,100,1,99,1.05,9,buy
10/07,2610,合庫-基隆,1025,2,122,-120,1.27,9,sell
10/07,2610,兆豐證券,7000,88,0,88,0.93,10,buy
10/07,2610,康和-屏東,0038003400350058,0,119,-119,1.26,10,sell
10/07,2610,中國信託,6160,127,47,80,0.84,11,buy
10/07,2610,統一-台南,5855,0,115,-115,1.21,11,sell
10/07,2610,永豐金-彰化,0039004100390073,70,2,68,0.72,12,buy
10/07,2610,富邦-仁愛,9676,1,108,-107,1.13,12,sell
10/07,2610,新光-高雄,8562,70,12,58,0.61,13,buy
10/07,2610,國泰-敦南,8888,108,215,-107,1.13,13,sell
10/07,2610,新光-台中,8561,71,18,53,0.56,14,buy
10/07,2610,永豐金-敦南,0039004100380046,1,82,-81,0.86,14,sell
10/07,2610,第一金,5380,48,0,48,0.51,15,buy
10/07,2610,元大-善化,0039003800310079,2,79,-77,0.81,15,sell
10/07,6147,美商高盛,1480,8921,2164,6757,8.45,1,buy
10/07,6147,國泰-台中,8882,173,1385,-1212,1.52,1,sell
10/07,6147,台灣摩根士丹利,1470,5881,1395,4486,5.61,2,buy
10/07,6147,國泰-敦南,8888,1507,2618,-1111,1.39,2,sell
10/07,6147,元大證券,9800,7433,4682,2751,3.44,3,buy
10/07,6147,美林,1440,313,1368,-1055,1.32,3,sell
10/07,6147,統一,5850,2980,404,2576,3.22,4,buy
10/07,6147,華南永昌-南京,9326,98,587,-489,0.61,4,sell
10/07,6147,新加坡商瑞銀,1650,2356,88,2268,2.84,5,buy
10/07,6147,元大-大同,0039003800390047,10,366,-356,0.45,5,sell
10/07,6147,國泰證券,8880,2561,336,2225,2.78,6,buy
10/07,6147,國泰-板橋,003800380038004b,151,460,-309,0.39,6,sell
10/07,6147,富邦證券,9600,5929,4385,1544,1.93,7,buy
10/07,6147,凱基,9200,919,1211,-292,0.37,7,sell
10/07,6147,國票-敦北法人,0037003700390063,999,141,858,1.07,8,buy
10/07,6147,永豐金-萬盛,0039004100390032,19,290,-271,0.34,8,sell
10/07,6147,華南永昌,9300,900,75,825,1.03,9,buy
10/07,6147,永豐金-匯立,0039004100380031,0,259,-259,0.32,9,sell
10/07,6147,摩根大通,8440,1158,343,815,1.02,10,buy
10/07,6147,康和,8450,21,253,-232,0.29,10,sell
10/07,6147,玉山證券,8840,913,169,744,0.93,11,buy
10/07,6147,富邦-台北,9623,116,308,-192,0.24,11,sell
10/07,6147,群益金鼎,9100,1332,674,658,0.82,12,buy
10/07,6147,富邦-仁愛,9676,158,350,-192,0.24,12,sell
10/07,6147,永豐金證券,0039004100300030,1496,1036,460,0.58,13,buy
10/07,6147,玉山-城中,0038003800340045,21,204,-183,0.23,13,sell
10/07,6147,港商野村,1560,489,47,442,0.55,14,buy
10/07,6147,國泰-館前,0038003800380041,131,307,-176,0.22,14,sell
10/07,6147,凱基-站前,0039003200300046,1197,774,423,0.53,15,buy
10/07,6147,永豐金-市政,0039004100390057,174,348,-174,0.22,15,sell
10/07,2855,新加坡商瑞銀,1650,303,63,240,6.21,1,buy
10/07,2855,摩根大通,8440,9,334,-325,8.4,1,sell
10/07,2855,凱基-台北,9268,272,121,151,3.9,2,buy
10/07,2855,凱基-雙和,0039003200300043,0,235,-235,6.08,2,sell
10/07,2855,兆豐-公益,003700300030004a,87,4,83,2.15,3,buy
10/07,2855,美商高盛,1480,267,432,-165,4.27,3,sell
10/07,2855,兆豐證券,7000,78,0,78,2.02,4,buy
10/07,2855,台灣摩根士丹利,1470,264,414,-150,3.88,4,sell
10/07,2855,華南永昌-嘉義,9314,66,1,65,1.68,5,buy
10/07,2855,富邦-南員林,0039003600310052,0,150,-150,3.88,5,sell
10/07,2855,台新-新營,0039004200310031,80,19,61,1.58,6,buy
10/07,2855,永豐金證券,0039004100300030,105,252,-147,3.8,6,sell
10/07,2855,台新-林園,0039004200320037,60,0,60,1.55,7,buy
10/07,2855,凱基-中壢,9285,1,75,-74,1.91,7,sell
10/07,2855,元大-四維,9831,51,0,51,1.32,8,buy
10/07,2855,永豐金-匯立,0039004100380031,0,63,-63,1.63,8,sell
10/07,2855,港商野村,1560,51,3,48,1.24,9,buy
10/07,2855,富邦-二林,0039003600320042,1,56,-55,1.42,9,sell
10/07,2855,凱基-竹科,9272,46,0,46,1.19,10,buy
10/07,2855,凱基,9200,0,50,-50,1.29,10,sell
10/07,2855,元大證券,9800,128,96,32,0.83,11,buy
10/07,2855,美林,1440,5,53,-48,1.24,11,sell
10/07,2855,群益金鼎-古亭,0039003100380043,40,10,30,0.78,12,buy
10/07,2855,宏遠-光隆,0031003200360069,0,45,-45,1.16,12,sell
10/07,2855,臺銀-臺南,1042,50,22,28,0.72,13,buy
10/07,2855,永豐金-大園,0039004100390038,0,41,-41,1.06,13,sell
10/07,2855,國泰-敦南,8888,91,64,27,0.7,14,buy
10/07,2855,元大-北投,0039003800390041,1,41,-40,1.03,14,sell
10/07,2855,統一-新竹,5857,31,4,27,0.7,15,buy
10/07,2855,富邦-南京,0039003600310043,7,42,-35,0.91,15,sell
10/07,1101,凱基,9200,4946,2203,2743,11.03,1,buy
10/07,1101,台灣摩根士丹利,1470,629,2374,-1745,7.02,1,sell
10/07,1101,凱基-台北,9268,2276,733,1543,6.21,2,buy
10/07,1101,華南永昌,9300,5,549,-544,2.19,2,sell
10/07,1101,元大證券,9800,3094,1612,1482,5.96,3,buy
10/07,1101,永豐金-板新,003900410039004a,16,408,-392,1.58,3,sell
10/07,1101,新加坡商瑞銀,1650,1463,714,749,3.01,4,buy
10/07,1101,富邦-竹東,9625,0,359,-359,1.44,4,sell
10/07,1101,國票-長城,0037003700390075,500,3,497,2.0,5,buy
10/07,1101,中國信託,6160,7,283,-276,1.11,5,sell
10/07,1101,美林,1440,414,28,386,1.55,6,buy
10/07,1101,第一金-華江,0035003300380057,0,235,-235,0.95,6,sell
10/07,1101,彰銀,1230,351,3,348,1.4,7,buy
10/07,1101,兆豐-桃園,003700300030004d,10,229,-219,0.88,7,sell
10/07,1101,富邦-板橋,9655,233,13,220,0.88,8,buy
10/07,1101,統一-敦南,5852,0,201,-201,0.81,8,sell
10/07,1101,元大-金門,003900380031004e,196,1,195,0.78,9,buy
10/07,1101,統一,5850,24,223,-199,0.8,9,sell
10/07,1101,元大-大益,9814,201,19,182,0.73,10,buy
10/07,1101,元大-南崁,0039003800300051,2,200,-198,0.8,10,sell
10/07,1101,富邦證券,9600,173,25,148,0.6,11,buy
10/07,1101,元大-仁愛,003900380033006a,3,191,-188,0.76,11,sell
10/07,1101,港商野村,1560,147,0,147,0.59,12,buy
10/07,1101,永豐金證券,0039004100300030,56,226,-170,0.68,12,sell
10/07,1101,新光,8560,514,384,130,0.52,13,buy
10/07,1101,群益金鼎-延平,0039003100380078,4,162,-158,0.64,13,sell
10/07,1101,中國信託-新竹,6165,124,4,120,0.48,14,buy
10/07,1101,國泰-敦南,8888,163,286,-123,0.49,14,sell
10/07,1101,兆豐-竹北,7007,100,0,100,0.4,15,buy
10/07,1101,宏遠-民生,1261,17,140,-123,0.49,15,sell
10/07,2409,國泰-敦南,8888,12701,10761,1940,0.55,1,buy
10/07,2409,美商高盛,1480,7114,29495,-22381,6.4,1,sell
10/07,2409,台新-台南,0039004200310036,1756,282,1474,0.42,2,buy
10/07,2409,摩根大通,8440,417,22386,-21969,6.28,2,sell
10/07,2409,富邦-台北,9623,2125,751,1374,0.39,3,buy
10/07,2409,台灣摩根士丹利,1470,2228,13736,-11508,3.29,3,sell
10/07,2409,美好-蘆洲,5261,1310,98,1212,0.35,4,buy
10/07,2409,凱基-台北,9268,14992,23267,-8275,2.37,4,sell
10/07,2409,富邦-南屯,9666,1416,232,1184,0.34,5,buy
10/07,2409,新加坡商瑞銀,1650,4994,10800,-5806,1.66,5,sell
10/07,2409,群益金鼎-高盛,9105,1177,85,1092,0.31,6,buy
10/07,2409,港商野村,1560,391,3650,-3259,0.93,6,sell
10/07,2409,華南永昌-竹北,9339,1169,170,999,0.29,7,buy
10/07,2409,凱基,9200,30,3015,-2985,0.85,7,sell
10/07,2409,元大-大里,0039003800310067,1585,604,981,0.28,8,buy
10/07,2409,美林,1440,690,2126,-1436,0.41,8,sell
10/07,2409,新光,8560,3323,2375,948,0.27,9,buy
10/07,2409,新光-新竹,8563,1061,1963,-902,0.26,9,sell
10/07,2409,富邦-斗六,0039003600320047,1156,223,933,0.27,10,buy
10/07,2409,元大證券,9800,27897,28642,-745,0.21,10,sell
10/07,2409,富邦-公益,0039003600310046,922,187,735,0.21,11,buy
10/07,2409,兆豐-松德,0037003000300069,28,732,-704,0.2,11,sell
10/07,2409,富邦-南京,0039003600310043,863,196,667,0.19,12,buy
10/07,2409,群益金鼎,9100,1768,2394,-626,0.18,12,sell
10/07,2409,玉山-新莊,8842,890,243,647,0.19,13,buy
10/07,2409,國票-南崁,0037003700390045,102,686,-584,0.17,13,sell
10/07,2409,國泰-板橋,003800380038004b,2508,1873,635,0.18,14,buy
10/07,2409,元大-楊梅,0039003800370041,818,1386,-568,0.16,14,sell
10/07,2409,永豐金-台南,0039004100390068,980,395,585,0.17,15,buy
10/07,2409,統一-城中,5854,334,844,-510,0.15,15,sell
10/07,2027,摩根大通,8440,1847,138,1709,20.34,1,buy
10/07,2027,台灣摩根士丹利,1470,149,1174,-1025,12.2,1,sell
10/07,2027,新加坡商瑞銀,1650,1676,220,1456,17.33,2,buy
10/07,2027,台新-台北,0039004200320030,0,1008,-1008,12.0,2,sell
10/07,2027,美商高盛,1480,947,267,680,8.09,3,buy
10/07,2027,康和,8450,20,1015,-995,11.84,3,sell
10/07,2027,國泰證券,8880,364,11,353,4.2,4,buy
10/07,2027,凱基,9200,1,675,-674,8.02,4,sell
10/07,2027,港商野村,1560,198,0,198,2.36,5,buy
10/07,2027,香港上海匯豐,8960,0,367,-367,4.37,5,sell
10/07,2027,美林,1440,191,56,135,1.61,6,buy
10/07,2027,第一金-路竹,0035003300380050,3,243,-240,2.86,6,sell
10/07,2027,光和,6380,116,0,116,1.38,7,buy
10/07,2027,凱基-和平,9255,6,225,-219,2.61,7,sell
10/07,2027,台新-西松,003900420032006e,65,1,64,0.76,8,buy
10/07,2027,國泰-敦南,8888,33,241,-208,2.48,8,sell
10/07,2027,凱基-台北,9268,451,393,58,0.69,9,buy
10/07,2027,富邦-虎尾,9697,2,100,-98,1.17,9,sell
10/07,2027,凱基-中山,9229,45,0,45,0.54,10,buy
10/07,2027,元大-竹科,003900380030004b,0,75,-75,0.89,10,sell
10/07,2027,元大-中壢,9834,43,0,43,0.51,11,buy
10/07,2027,第一金,5380,1,75,-74,0.88,11,sell
10/07,2027,國泰-板橋,003800380038004b,41,0,41,0.49,12,buy
10/07,2027,富邦-木柵,003900360031004d,0,50,-50,0.6,12,sell
10/07,2027,元大-大甲,0039003800390055,40,0,40,0.48,13,buy
10/07,2027,元大-彰化民生,003900380039004a,0,48,-48,0.57,13,sell
10/07,2027,元大-大雅,0039003800330069,40,2,38,0.45,14,buy
10/07,2027,元大-屏南,0039003800310072,0,46,-46,0.55,14,sell
10/07,2027,國票證券,7790,47,12,35,0.42,15,buy
10/07,2027,美好-蘆洲,5261,9,50,-41,0.49,15,sell
10/07,2327,統一,5850,2199,485,1714,1.85,1,buy
10/07,2327,凱基-台北,9268,3740,4297,-557,0.6,1,sell
10/07,2327,台灣摩根士丹利,1470,4124,2646,1478,1.59,2,buy
10/07,2327,摩根大通,8440,920,1472,-552,0.59,2,sell
10/07,2327,美林,1440,1967,977,990,1.07,3,buy
10/07,2327,凱基-竹科,9272,86,615,-529,0.57,3,sell
10/07,2327,新加坡商瑞銀,1650,2916,2176,740,0.8,4,buy
10/07,2327,元大-土城永寧,9875,397,915,-518,0.56,4,sell
10/07,2327,群益金鼎,9100,1266,555,711,0.77,5,buy
10/07,2327,國泰-敦南,8888,3152,3580,-428,0.46,5,sell
10/07,2327,永豐金證券,0039004100300030,2291,1681,610,0.66,6,buy
10/07,2327,美商高盛,1480,5785,6090,-305,0.33,6,sell
10/07,2327,富邦證券,9600,2411,1811,600,0.65,7,buy
10/07,2327,元大-新盛,9869,137,344,-207,0.22,7,sell
10/07,2327,元大證券,9800,6669,6118,551,0.59,8,buy
10/07,2327,元大-大同,0039003800390047,95,225,-130,0.14,8,sell
10/07,2327,兆豐證券,7000,459,42,417,0.45,9,buy
10/07,2327,元大-員林中山,9835,61,188,-127,0.14,9,sell
10/07,2327,凱基,9200,497,94,403,0.43,10,buy
10/07,2327,永豐金-復興,003900410039005a,150,260,-110,0.12,10,sell
10/07,2327,台新,0039004200300030,1156,805,351,0.38,11,buy
10/07,2327,富邦-新板,0039003600310048,72,170,-98,0.11,11,sell
10/07,2327,康和,8450,428,145,283,0.31,12,buy
10/07,2327,國泰-板橋,003800380038004b,371,465,-94,0.1,12,sell
10/07,2327,永豐金-匯立,0039004100380031,277,9,268,0.29,13,buy
10/07,2327,元大-虎尾,003900380030006c,73,157,-84,0.09,13,sell
10/07,2327,大和國泰,8890,210,0,210,0.23,14,buy
10/07,2327,國泰-高雄,8881,252,335,-83,0.09,14,sell
10/07,2327,凱基-站前,0039003200300046,321,159,162,0.17,15,buy
10/07,2327,港商野村,1560,458,540,-82,0.09,15,sell
10/07,3264,元大證券,9800,1435,726,709,5.03,1,buy
10/07,3264,新加坡商瑞銀,1650,74,637,-563,4.0,1,sell
10/07,3264,中國信託-忠孝,6162,619,52,567,4.02,2,buy
10/07,3264,富邦證券,9600,239,729,-490,3.48,2,sell
10/07,3264,美商高盛,1480,356,28,328,2.33,3,buy
10/07,3264,台灣摩根士丹利,1470,383,784,-401,2.85,3,sell
10/07,3264,台新-五權西,0039004200320035,155,22,133,0.94,4,buy
10/07,3264,凱基-台北,9268,475,749,-274,1.94,4,sell
10/07,3264,凱基-中港,9202,108,3,105,0.75,5,buy
10/07,3264,永豐金-信義,0039004100390052,3,206,-203,1.44,5,sell
10/07,3264,台新-安南,003900420032005a,109,10,99,0.7,6,buy
10/07,3264,元大-中壢,9834,33,220,-187,1.33,6,sell
10/07,3264,華南永昌-南京,9326,137,49,88,0.62,7,buy
10/07,3264,元大-鳳中,0039003800350043,15,127,-112,0.79,7,sell
10/07,3264,(牛牛牛)亞證券,6010,85,0,85,0.6,8,buy
10/07,3264,台新-三重,0039004200320033,1,89,-88,0.62,8,sell
10/07,3264,台新,0039004200300030,170,90,80,0.57,9,buy
10/07,3264,美林,1440,160,239,-79,0.56,9,sell
10/07,3264,國泰-敦南,8888,321,252,69,0.49,10,buy
10/07,3264,新百王,6210,62,117,-55,0.39,10,sell
10/07,3264,香港上海匯豐,8960,65,0,65,0.46,11,buy
10/07,3264,摩根大通,8440,549,603,-54,0.38,11,sell
10/07,3264,永豐金證券,0039004100300030,177,114,63,0.45,12,buy
10/07,3264,永豐金-桃園,0039004100390078,42,92,-50,0.35,12,sell
10/07,3264,中國信託,6160,90,28,62,0.44,13,buy
10/07,3264,台中銀,6110,7,55,-48,0.34,13,sell
10/07,3264,華南永昌-台中,9302,73,13,60,0.43,14,buy
10/07,3264,富邦-三峽,003900360032004a,39,78,-39,0.28,14,sell
10/07,3264,兆豐證券,7000,61,3,58,0.41,15,buy
10/07,3264,玉山-景美,8849,8,46,-38,0.27,15,sell
10/07,1402,美商高盛,1480,1326,215,1111,13.22,1,buy
10/07,1402,永豐金-匯立,0039004100380031,0,910,-910,10.83,1,sell
10/07,1402,新加坡商瑞銀,1650,1071,2,1069,12.72,2,buy
10/07,1402,臺銀-新竹,1045,0,312,-312,3.71,2,sell
10/07,1402,台灣摩根士丹利,1470,1079,110,969,11.53,3,buy
10/07,1402,新光,8560,0,236,-236,2.81,3,sell
10/07,1402,摩根大通,8440,1101,179,922,10.97,4,buy
10/07,1402,國泰-敦南,8888,40,164,-124,1.48,4,sell
10/07,1402,凱基-台北,9268,717,63,654,7.78,5,buy
10/07,1402,群益金鼎-嘉義,003900310038004d,0,105,-105,1.25,5,sell
10/07,1402,美林,1440,586,36,550,6.54,6,buy
10/07,1402,華南永昌-岡山,9324,0,105,-105,1.25,6,sell
10/07,1402,亞東,2180,287,37,250,2.97,7,buy
10/07,1402,元大-北屯,0039003800390064,0,101,-101,1.2,7,sell
10/07,1402,群益金鼎-新竹,9186,205,3,202,2.4,8,buy
10/07,1402,兆豐-大安,003700300030006a,0,100,-100,1.19,8,sell
10/07,1402,凱基-市政,9239,182,0,182,2.17,9,buy
10/07,1402,元大-雙和,9874,11,109,-98,1.17,9,sell
10/07,1402,港商野村,1560,121,0,121,1.44,10,buy
10/07,1402,統一-嘉義,5858,5,101,-96,1.14,10,sell
10/07,1402,凱基-東勢,0039003200310059,81,0,81,0.96,11,buy
10/07,1402,(牛牛牛)亞-鑫豐,0036003000310064,10,99,-89,1.06,11,sell
10/07,1402,亞東-台中,2187,55,0,55,0.65,12,buy
10/07,1402,元大-板橋,0039003800390043,3,89,-86,1.02,12,sell
10/07,1402,宏遠-館前,0031003200360055,50,0,50,0.59,13,buy
10/07,1402,國泰-板橋,003800380038004b,3,89,-86,1.02,13,sell
10/07,1402,永豐金-大園,0039004100390038,50,6,44,0.52,14,buy
10/07,1402,玉山-台中,0038003800340042,0,78,-78,0.93,14,sell
10/07,1402,凱基-市府,0039003200300044,40,0,40,0.48,15,buy
10/07,1402,凱基-桃園,9208,1,77,-76,0.9,15,sell
10/07,6274,台灣摩根士丹利,1470,958,454,504,4.12,1,buy
10/07,6274,富邦證券,9600,78,632,-554,4.53,1,sell
10/07,6274,國票-台中,0037003700390076,207,1,206,1.69,2,buy
10/07,6274,元大證券,9800,762,1212,-450,3.68,2,sell
10/07,6274,凱基-台北,9268,904,727,177,1.45,3,buy
10/07,6274,美商高盛,1480,505,906,-401,3.28,3,sell
10/07,6274,永豐金-敦北,0039004100380039,111,6,105,0.86,4,buy
10/07,6274,摩根大通,8440,200,584,-384,3.14,4,sell
10/07,6274,元大-新盛,9869,109,8,101,0.83,5,buy
10/07,6274,國泰證券,8880,16,259,-243,1.99,5,sell
10/07,6274,兆豐證券,7000,211,111,100,0.82,6,buy
10/07,6274,統一,5850,140,329,-189,1.55,6,sell
10/07,6274,元大-敦南,0039003800390050,93,14,79,0.65,7,buy
10/07,6274,國票-安和,003700370039005a,27,170,-143,1.17,7,sell
10/07,6274,兆豐-北高雄,0037003000300049,58,3,55,0.45,8,buy
10/07,6274,群益金鼎,9100,93,196,-103,0.84,8,sell
10/07,6274,華南永昌,9300,74,21,53,0.43,9,buy
10/07,6274,統一-城中,5854,20,113,-93,0.76,9,sell
10/07,6274,國泰-敦南,8888,265,215,50,0.41,10,buy
10/07,6274,群益金鼎-台北,0039003100380058,21,111,-90,0.74,10,sell
10/07,6274,國票-敦北法人,0037003700390063,33,1,32,0.26,11,buy
10/07,6274,美林,1440,50,117,-67,0.55,11,sell
10/07,6274,台新-松江,0039004200310035,32,4,28,0.23,12,buy
10/07,6274,中國信託,6160,49,78,-29,0.24,12,sell
10/07,6274,富邦-桃園,9665,38,11,27,0.22,13,buy
10/07,6274,凱基,9200,74,100,-26,0.21,13,sell
10/07,6274,富邦-木柵,003900360031004d,35,9,26,0.21,14,buy
10/07,6274,玉山-新竹,0038003800340048,8,33,-25,0.2,14,sell
10/07,6274,永豐金-匯立,0039004100380031,25,0,25,0.2,15,buy
10/07,6274,康和-台北,0038003400350055,2,27,-25,0.2,15,sell
10/07,3481,元大證券,9800,12168,7264,4904,4.81,1,buy
10/07,3481,統一,5850,143,1314,-1171,1.15,1,sell
10/07,3481,摩根大通,8440,4405,1274,3131,3.07,2,buy
10/07,3481,富邦-台北,9623,486,1248,-762,0.75,2,sell
10/07,3481,中國信託,6160,2260,422,1838,1.8,3,buy
10/07,3481,凱基-信義,9216,1,635,-634,0.62,3,sell
10/07,3481,新加坡商瑞銀,1650,1885,519,1366,1.34,4,buy
10/07,3481,新光,8560,713,1344,-631,0.62,4,sell
10/07,3481,富邦證券,9600,1729,776,953,0.94,5,buy
10/07,3481,群益金鼎-東大,9135,50,619,-569,0.56,5,sell
10/07,3481,元大-竹科,003900380030004b,681,89,592,0.58,6,buy
10/07,3481,國泰-敦南,8888,3067,3611,-544,0.53,6,sell
10/07,3481,元大-新營,9825,676,157,519,0.51,7,buy
10/07,3481,群益金鼎,9100,428,850,-422,0.41,7,sell
10/07,3481,凱基-員林,9231,524,15,509,0.5,8,buy
10/07,3481,富邦-敦南,9663,130,541,-411,0.4,8,sell
10/07,3481,台灣摩根士丹利,1470,1686,1180,506,0.5,9,buy
10/07,3481,國泰-台中,8882,348,731,-383,0.38,9,sell
10/07,3481,凱基,9200,461,38,423,0.42,10,buy
10/07,3481,美林,1440,915,1243,-328,0.32,10,sell
10/07,3481,凱基-台北,9268,2993,2579,414,0.41,11,buy
10/07,3481,元大-彰化民生,003900380039004a,36,354,-318,0.31,11,sell
10/07,3481,永豐金-松山,0039004100390031,467,139,328,0.32,12,buy
10/07,3481,宏遠-館前,0031003200360055,26,320,-294,0.29,12,sell
10/07,3481,元大-清水,0039003800300065,404,99,305,0.3,13,buy
10/07,3481,香港上海匯豐,8960,82,375,-293,0.29,13,sell
10/07,3481,永豐金-市政,0039004100390057,541,295,246,0.24,14,buy
10/07,3481,群益金鼎-古亭,0039003100380043,19,304,-285,0.28,14,sell
10/07,3481,群益金鼎-永和,003900310038004a,293,51,242,0.24,15,buy
10/07,3481,凱基-嘉義,9252,22,306,-284,0.28,15,sell
10/07,2885,新加坡商瑞銀,1650,4646,799,3847,24.64,1,buy
10/07,2885,國票-敦北法人,0037003700390063,0,3100,-3100,19.86,1,sell
10/07,2885,美商高盛,1480,4078,519,3559,22.8,2,buy
10/07,2885,花旗環球,1590,230,1565,-1335,8.55,2,sell
10/07,2885,元大證券,9800,956,382,574,3.68,3,buy
10/07,2885,台新-台北,0039004200320030,0,509,-509,3.26,3,sell
10/07,2885,港商野村,1560,438,2,436,2.79,4,buy
10/07,2885,華南永昌,9300,2,332,-330,2.11,4,sell
10/07,2885,凱基,9200,401,8,393,2.52,5,buy
10/07,2885,第一金-高雄,5383,0,190,-190,1.22,5,sell
10/07,2885,美林,1440,359,10,349,2.24,6,buy
10/07,2885,香港上海匯豐,8960,214,390,-176,1.13,6,sell
10/07,2885,法銀巴黎,8900,261,0,261,1.67,7,buy
10/07,2885,國泰-敦南,8888,65,223,-158,1.01,7,sell
10/07,2885,國泰證券,8880,258,17,241,1.54,8,buy
10/07,2885,新光,8560,16,152,-136,0.87,8,sell
10/07,2885,台灣摩根士丹利,1470,543,363,180,1.15,9,buy
10/07,2885,合庫-自強,0031003000320043,0,126,-126,0.81,9,sell
10/07,2885,凱基-台北,9268,600,497,103,0.66,10,buy
10/07,2885,永豐金證券,0039004100300030,114,215,-101,0.65,10,sell
10/07,2885,元大-台北,0039003800300068,76,7,69,0.44,11,buy
10/07,2885,中國信託-忠孝,6162,0,101,-101,0.65,11,sell
10/07,2885,亞東,2180,64,1,63,0.4,12,buy
10/07,2885,統一-南京,0035003800350055,0,91,-91,0.58,12,sell
10/07,2885,兆豐證券,7000,51,0,51,0.33,13,buy
10/07,2885,永興-台中,5603,0,90,-90,0.58,13,sell
10/07,2885,臺銀-民權,1043,42,1,41,0.26,14,buy
10/07,2885,華南永昌-基隆,9322,1,78,-77,0.49,14,sell
10/07,2885,富邦證券,9600,40,3,37,0.24,15,buy
10/07,2885,富邦-北港,0039003600390043,0,74,-74,0.47,15,sell
10/07,6669,大和國泰,8890,120,0,120,4.15,1,buy
10/07,6669,台灣摩根士丹利,1470,105,480,-375,12.96,1,sell
10/07,6669,港商麥格理,1360,81,0,81,2.8,2,buy
10/07,6669,美林,1440,22,258,-236,8.15,2,sell
10/07,6669,新加坡商瑞銀,1650,87,24,63,2.18,3,buy
10/07,6669,元大證券,9800,194,345,-151,5.22,3,sell
10/07,6669,富邦-台北,9623,62,3,59,2.04,4,buy
10/07,6669,美商高盛,1480,115,193,-78,2.7,4,sell
10/07,6669,摩根大通,8440,94,47,47,1.62,5,buy
10/07,6669,兆豐-中壢,0037003000300062,1,56,-55,1.9,5,sell
10/07,6669,凱基-台北,9268,91,44,47,1.62,6,buy
10/07,6669,富邦證券,9600,40,85,-45,1.55,6,sell
10/07,6669,群益金鼎-東大,9135,43,2,41,1.42,7,buy
10/07,6669,統一-南京,0035003800350055,16,60,-44,1.52,7,sell
10/07,6669,永豐金-匯立,0039004100380031,30,0,30,1.04,8,buy
10/07,6669,統一-中壢,5853,0,40,-40,1.38,8,sell
10/07,6669,群益金鼎-台北,0039003100380058,20,0,20,0.69,9,buy
10/07,6669,港商野村,1560,0,32,-32,1.11,9,sell
10/07,6669,元大-蘆洲,9857,22,3,19,0.66,10,buy
10/07,6669,群益金鼎-南京,0039003100380045,0,23,-23,0.79,10,sell
10/07,6669,國泰-敦南,8888,43,27,16,0.55,11,buy
10/07,6669,群益金鼎-敦南,9101,1,21,-20,0.69,11,sell
10/07,6669,元大-大直,9846,15,0,15,0.52,12,buy
10/07,6669,凱基-大安,9291,0,18,-18,0.62,12,sell
10/07,6669,凱基-五股,0039003200310047,15,1,14,0.48,13,buy
10/07,6669,凱基,9200,19,36,-17,0.59,13,sell
10/07,6669,富邦-建國,9658,16,3,13,0.45,14,buy
10/07,6669,國票-南京,003700370039006e,0,13,-13,0.45,14,sell
10/07,6669,凱基-大直,9218,11,0,11,0.38,15,buy
10/07,6669,永豐金-敦南,0039004100380046,4,16,-12,0.41,15,sell
10/07,6239,凱基,9200,351,45,306,2.07,1,buy
10/07,6239,台灣摩根士丹利,1470,177,1792,-1615,10.95,1,sell
10/07,6239,群益金鼎-大安,0039003100380065,283,55,228,1.55,2,buy
10/07,6239,元大證券,9800,750,1753,-1003,6.8,2,sell
10/07,6239,港商野村,1560,225,0,225,1.53,3,buy
10/07,6239,美商高盛,1480,295,1042,-747,5.06,3,sell
10/07,6239,永豐金-匯立,0039004100380031,215,0,215,1.46,4,buy
10/07,6239,新加坡商瑞銀,1650,119,721,-602,4.08,4,sell
10/07,6239,國泰-敦南,8888,458,262,196,1.33,5,buy
10/07,6239,摩根大通,8440,183,757,-574,3.89,5,sell
10/07,6239,宏遠證券,1260,184,14,170,1.15,6,buy
10/07,6239,港商麥格理,1360,0,391,-391,2.65,6,sell
10/07,6239,新光,8560,174,69,105,0.71,7,buy
10/07,6239,凱基-台北,9268,373,541,-168,1.14,7,sell
10/07,6239,台新-成功,003900420032006d,105,4,101,0.68,8,buy
10/07,6239,群益金鼎,9100,223,302,-79,0.54,8,sell
10/07,6239,大和國泰,8890,100,0,100,0.68,9,buy
10/07,6239,凱基-士林,9238,8,76,-68,0.46,9,sell
10/07,6239,兆豐-台中,7003,86,5,81,0.55,10,buy
10/07,6239,凱基-信義,9216,4,60,-56,0.38,10,sell
10/07,6239,統一-三多,0035003800350051,84,7,77,0.52,11,buy
10/07,6239,群益金鼎-崇德,0039003100330055,73,116,-43,0.29,11,sell
10/07,6239,凱基-興隆,9289,63,1,62,0.42,12,buy
10/07,6239,第一金-中山,5389,5,48,-43,0.29,12,sell
10/07,6239,國泰-松江,8883,63,2,61,0.41,13,buy
10/07,6239,富邦-虎尾,9697,1,42,-41,0.28,13,sell
10/07,6239,元大-鳳山,003900380033005a,63,3,60,0.41,14,buy
10/07,6239,國票-中正,7797,7,41,-34,0.23,14,sell
10/07,6239,台新,0039004200300030,119,64,55,0.37,15,buy
10/07,6239,統一-新台中,0035003800350044,6,32,-26,0.18,15,sell
10/07,2845,新加坡商瑞銀,1650,778,104,674,15.31,1,buy
10/07,2845,富邦-敦南,9663,0,707,-707,16.06,1,sell
10/07,2845,美商高盛,1480,415,25,390,8.86,2,buy
10/07,2845,台灣摩根士丹利,1470,28,359,-331,7.52,2,sell
10/07,2845,元大-林森,0039003800330042,300,0,300,6.82,3,buy
10/07,2845,國票-內壢,7798,0,200,-200,4.54,3,sell
10/07,2845,群益金鼎-新莊,0039003100380047,271,0,271,6.16,4,buy
10/07,2845,美林,1440,50,185,-135,3.07,4,sell
10/07,2845,凱基-台北,9268,214,13,201,4.57,5,buy
10/07,2845,永豐金-北高雄,0039004100390072,0,104,-104,2.36,5,sell
10/07,2845,新光-高雄,8562,102,0,102,2.32,6,buy
10/07,2845,元大-板橋,0039003800390043,2,104,-102,2.32,6,sell
10/07,2845,土銀-高雄,1033,100,0,100,2.27,7,buy
10/07,2845,元大-桃園,0039003800380042,0,95,-95,2.16,7,sell
10/07,2845,台新,0039004200300030,216,144,72,1.64,8,buy
10/07,2845,元大-台中,9812,69,152,-83,1.89,8,sell
10/07,2845,富邦-花蓮,9621,64,0,64,1.45,9,buy
10/07,2845,元大證券,9800,33,103,-70,1.59,9,sell
10/07,2845,新百王,6210,58,0,58,1.32,10,buy
10/07,2845,台新-新營,0039004200310031,5,70,-65,1.48,10,sell
10/07,2845,元大-樹林,003900380039006a,57,1,56,1.27,11,buy
10/07,2845,第一金-華江,0035003300380057,0,65,-65,1.48,11,sell
10/07,2845,大展,5050,50,0,50,1.14,12,buy
10/07,2845,富邦-彰化,0039003600350055,0,59,-59,1.34,12,sell
10/07,2845,安泰,8380,46,1,45,1.02,13,buy
10/07,2845,統一-台南,5855,1,50,-49,1.11,13,sell
10/07,2845,臺銀-臺中,0031003000340041,41,0,41,0.93,14,buy
10/07,2845,永豐金-台南,0039004100390068,1,46,-45,1.02,14,sell
10/07,2845,富邦-基隆,9614,40,0,40,0.91,15,buy
10/07,2845,永豐金證券,0039004100300030,2,46,-44,1.0,15,sell
10/07,4979,統一,5850,430,58,372,3.06,1,buy
10/07,4979,摩根大通,8440,118,747,-629,5.17,1,sell
10/07,4979,台灣摩根士丹利,1470,411,285,126,1.04,2,buy
10/07,4979,新加坡商瑞銀,1650,18,135,-117,0.96,2,sell
10/07,4979,國票-敦北法人,0037003700390063,115,11,104,0.86,3,buy
10/07,4979,凱基-台北,9268,675,776,-101,0.83,3,sell
10/07,4979,永豐金-信義,0039004100390052,106,9,97,0.8,4,buy
10/07,4979,港商野村,1560,60,133,-73,0.6,4,sell
10/07,4979,康和,8450,84,4,80,0.66,5,buy
10/07,4979,兆豐-忠孝,0037003000300061,10,80,-70,0.58,5,sell
10/07,4979,華南永昌-古亭,9309,64,5,59,0.49,6,buy
10/07,4979,凱基,9200,7,74,-67,0.55,6,sell
10/07,4979,台新-松德,0039004200320061,68,13,55,0.45,7,buy
10/07,4979,美林,1440,64,118,-54,0.44,7,sell
10/07,4979,元大證券,9800,1157,1108,49,0.4,8,buy
10/07,4979,國泰證券,8880,85,136,-51,0.42,8,sell
10/07,4979,元大-館前,003900380034004b,52,15,37,0.3,9,buy
10/07,4979,第一金-自由,0035003300380045,8,47,-39,0.32,9,sell
10/07,4979,永豐金-板新,003900410039004a,99,68,31,0.25,10,buy
10/07,4979,合庫-高雄,1023,6,38,-32,0.26,10,sell
10/07,4979,國泰-忠孝,8887,57,27,30,0.25,11,buy
10/07,4979,永豐金-員林,0039004100390043,4,26,-22,0.18,11,sell
10/07,4979,合庫證券,1020,44,16,28,0.23,12,buy
10/07,4979,陽信-石牌,8711,11,30,-19,0.16,12,sell
10/07,4979,華南永昌-桃園,9352,33,4,29,0.24,13,buy
10/07,4979,永豐金-復興,003900410039005a,3,21,-18,0.15,13,sell
10/07,4979,台新-建北,0039004200310038,59,31,28,0.23,14,buy
10/07,4979,兆豐-板橋,0037003000300042,11,28,-17,0.14,14,sell
10/07,4979,兆豐-民生,0037003000300063,29,4,25,0.21,15,buy
10/07,4979,永豐金證券,0039004100300030,185,202,-17,0.14,15,sell
10/07,2313,國泰-敦南,8888,2186,1759,427,0.7,1,buy
10/07,2313,新加坡商瑞銀,1650,796,3025,-2229,3.67,1,sell
10/07,2313,永豐金-匯立,0039004100380031,392,0,392,0.65,2,buy
10/07,2313,台灣摩根士丹利,1470,2668,4526,-1858,3.06,2,sell
10/07,2313,港商麥格理,1360,326,0,326,0.54,3,buy
10/07,2313,美商高盛,1480,2918,4425,-1507,2.48,3,sell
10/07,2313,富邦-台北,9623,360,183,177,0.29,4,buy
10/07,2313,永豐金證券,0039004100300030,373,1160,-787,1.3,4,sell
10/07,2313,國泰-台中,8882,425,267,158,0.26,5,buy
10/07,2313,凱基,9200,13,773,-760,1.25,5,sell
10/07,2313,兆豐-嘉義,7001,199,49,150,0.25,6,buy
10/07,2313,富邦證券,9600,555,1281,-726,1.2,6,sell
10/07,2313,群益金鼎,9100,699,552,147,0.24,7,buy
10/07,2313,美林,1440,651,1353,-702,1.16,7,sell
10/07,2313,凱基-桃園,9208,203,67,136,0.22,8,buy
10/07,2313,國泰證券,8880,267,918,-651,1.07,8,sell
10/07,2313,新光,8560,519,391,128,0.21,9,buy
10/07,2313,摩根大通,8440,656,1123,-467,0.77,9,sell
10/07,2313,元大-北屯,0039003800390064,158,36,122,0.2,10,buy
10/07,2313,統一,5850,221,587,-366,0.6,10,sell
10/07,2313,富邦-新板,0039003600310048,175,63,112,0.18,11,buy
10/07,2313,永豐金-市政,0039004100390057,125,370,-245,0.4,11,sell
10/07,2313,兆豐-城中,0037003000300057,121,19,102,0.17,12,buy
10/07,2313,香港上海匯豐,8960,0,238,-238,0.39,12,sell
10/07,2313,華南永昌-長虹,9333,280,180,100,0.16,13,buy
10/07,2313,華南永昌,9300,139,371,-232,0.38,13,sell
10/07,2313,台新,0039004200300030,490,395,95,0.16,14,buy
10/07,2313,大和國泰,8890,0,146,-146,0.24,14,sell
10/07,2313,凱基-竹科,9272,147,59,88,0.14,15,buy
10/07,2313,凱基-台北,9268,2975,3116,-141,0.23,15,sell
10/07,2880,統一-南京,0035003800350055,2444,2,2442,23.1,1,buy
10/07,2880,陽信-石牌,8711,0,501,-501,4.74,1,sell
10/07,2880,花旗環球,1590,825,54,771,7.29,2,buy
10/07,2880,國泰-敦南,8888,24,299,-275,2.6,2,sell
10/07,2880,摩根大通,8440,979,250,729,6.9,3,buy
10/07,2880,台中銀-台北,6115,0,262,-262,2.48,3,sell
10/07,2880,新加坡商瑞銀,1650,696,233,463,4.38,4,buy
10/07,2880,港商野村,1560,189,347,-158,1.49,4,sell
10/07,2880,群益金鼎,9100,534,264,270,2.55,5,buy
10/07,2880,北城證券,7750,0,150,-150,1.42,5,sell
10/07,2880,美商高盛,1480,896,654,242,2.29,6,buy
10/07,2880,新光,8560,2,110,-108,1.02,6,sell
10/07,2880,美林,1440,375,139,236,2.23,7,buy
10/07,2880,元大-淡水,9899,0,107,-107,1.01,7,sell
10/07,2880,香港上海匯豐,8960,187,18,169,1.6,8,buy
10/07,2880,元大-大同,0039003800390047,0,104,-104,0.98,8,sell
10/07,2880,凱基,9200,159,8,151,1.43,9,buy
10/07,2880,康和,8450,0,100,-100,0.95,9,sell
10/07,2880,元大-屏東,9892,123,6,117,1.11,10,buy
10/07,2880,凱基-汐止,9226,0,99,-99,0.94,10,sell
10/07,2880,凱基-台北,9268,535,425,110,1.04,11,buy
10/07,2880,永豐金-市政,0039004100390057,5,103,-98,0.93,11,sell
10/07,2880,兆豐證券,7000,74,0,74,0.7,12,buy
10/07,2880,富邦-中壢,9636,7,76,-69,0.65,12,sell
10/07,2880,凱基-埔墘,9288,68,1,67,0.63,13,buy
10/07,2880,國泰-台中,8882,5,71,-66,0.62,13,sell
10/07,2880,法銀巴黎,8900,113,73,40,0.38,14,buy
10/07,2880,新光-新竹,8563,0,65,-65,0.61,14,sell
10/07,2880,國票證券,7790,40,2,38,0.36,15,buy
10/07,2880,群益金鼎-海山,9108,0,63,-63,0.6,15,sell
10/07,2472,美商高盛,1480,747,641,106,1.11,1,buy
10/07,2472,台灣摩根士丹利,1470,253,487,-234,2.45,1,sell
10/07,2472,兆豐證券,7000,93,10,83,0.87,2,buy
10/07,2472,摩根大通,8440,96,324,-228,2.39,2,sell
10/07,2472,永豐金證券,0039004100300030,88,18,70,0.73,3,buy
10/07,2472,元大-中壢,9834,18,209,-191,2.0,3,sell
10/07,2472,元大證券,9800,556,491,65,0.68,4,buy
10/07,2472,花旗環球,1590,7,137,-130,1.36,4,sell
10/07,2472,元大-竹科,003900380030004b,58,5,53,0.56,5,buy
10/07,2472,凱基-台北,9268,680,727,-47,0.49,5,sell
10/07,2472,凱基-大直,9218,55,4,51,0.53,6,buy
10/07,2472,港商野村,1560,56,102,-46,0.48,6,sell
10/07,2472,群益金鼎,9100,93,45,48,0.5,7,buy
10/07,2472,富邦-建國,9658,14,58,-44,0.46,7,sell
10/07,2472,彰銀,1230,58,11,47,0.49,8,buy
10/07,2472,元大-六合,0039003800320043,6,48,-42,0.44,8,sell
10/07,2472,第一金-中山,5389,46,3,43,0.45,9,buy
10/07,2472,元大-大甲,0039003800390055,4,40,-36,0.38,9,sell
10/07,2472,富邦-南京,0039003600310043,53,11,42,0.44,10,buy
10/07,2472,新光-高雄,8562,14,47,-33,0.35,10,sell
10/07,2472,元大-文心興安,9854,48,13,35,0.37,11,buy
10/07,2472,元大-東港,0039003800390066,1,34,-33,0.35,11,sell
10/07,2472,永豐金-南投,003900410039004d,38,7,31,0.33,12,buy
10/07,2472,玉山-信義,0038003800340043,14,45,-31,0.33,12,sell
10/07,2472,元大-大天母,9893,47,17,30,0.31,13,buy
10/07,2472,元大-花蓮,9856,10,36,-26,0.27,13,sell
10/07,2472,凱基,9200,30,0,30,0.31,14,buy
10/07,2472,富邦-員林,9672,100,125,-25,0.26,14,sell
10/07,2472,台新-城東,0039004200320072,39,13,26,0.27,15,buy
10/07,2472,聯邦-高雄,8581,2,23,-21,0.22,15,sell
10/07,6005,台新-台中,0039004200310068,523,1,522,10.02,1,buy
10/07,6005,台灣摩根士丹利,1470,78,1217,-1139,21.86,1,sell
10/07,6005,摩根大通,8440,282,116,166,3.19,2,buy
10/07,6005,美商高盛,1480,173,671,-498,9.56,2,sell
10/07,6005,台新-林園,0039004200320037,140,0,140,2.69,3,buy
10/07,6005,元大-大雅,0039003800330069,1,212,-211,4.05,3,sell
10/07,6005,富邦-南京,0039003600310043,131,0,131,2.51,4,buy
10/07,6005,花旗環球,1590,16,207,-191,3.67,4,sell
10/07,6005,永豐金-古亭,0039004100390064,131,0,131,2.51,5,buy
10/07,6005,中國信託-中壢,0036003100360041,0,179,-179,3.44,5,sell
10/07,6005,台新,0039004200300030,138,21,117,2.25,6,buy
10/07,6005,凱基-台北,9268,53,206,-153,2.94,6,sell
10/07,6005,美林,1440,135,28,107,2.05,7,buy
10/07,6005,永豐金-高雄,0039004100390065,0,120,-120,2.3,7,sell
10/07,6005,富邦-新莊,0039003600320044,103,0,103,1.98,8,buy
10/07,6005,華南永昌-楠梓,9332,1,108,-107,2.05,8,sell
10/07,6005,兆豐-北高雄,0037003000300049,100,0,100,1.92,9,buy
10/07,6005,統一-中壢,5853,2,102,-100,1.92,9,sell
10/07,6005,富邦-板橋,9655,101,9,92,1.77,10,buy
10/07,6005,群益金鼎-三重,0039003100330067,2,101,-99,1.9,10,sell
10/07,6005,新光-台南,8564,92,2,90,1.73,11,buy
10/07,6005,永豐金-忠孝,0039004100390044,0,47,-47,0.9,11,sell
10/07,6005,兆豐-公益,003700300030004a,76,0,76,1.46,12,buy
10/07,6005,玉山-數位,003800380034004d,6,51,-45,0.86,12,sell
10/07,6005,港商野村,1560,73,0,73,1.4,13,buy
10/07,6005,凱基-長庚,9233,0,41,-41,0.79,13,sell
10/07,6005,元大證券,9800,133,62,71,1.36,14,buy
10/07,6005,永豐金證券,0039004100300030,21,59,-38,0.73,14,sell
10/07,6005,元大-四維,9831,106,41,65,1.25,15,buy
10/07,6005,新加坡商瑞銀,1650,104,141,-37,0.71,15,sell
10/07,2455,摩根大通,8440,960,315,645,4.2,1,buy
10/07,2455,台灣摩根士丹利,1470,580,1523,-943,6.14,1,sell
10/07,2455,新加坡商瑞銀,1650,578,217,361,2.35,2,buy
10/07,2455,凱基,9200,3,588,-585,3.81,2,sell
10/07,2455,凱基-台北,9268,842,590,252,1.64,3,buy
10/07,2455,群益金鼎,9100,340,761,-421,2.74,3,sell
10/07,2455,美商高盛,1480,696,449,247,1.61,4,buy
10/07,2455,華南永昌,9300,32,329,-297,1.93,4,sell
10/07,2455,香港上海匯豐,8960,197,5,192,1.25,5,buy
10/07,2455,新光,8560,127,399,-272,1.77,5,sell
10/07,2455,美林,1440,283,164,119,0.77,6,buy
10/07,2455,富邦證券,9600,565,810,-245,1.59,6,sell
10/07,2455,法銀巴黎,8900,111,0,111,0.72,7,buy
10/07,2455,玉山證券,8840,27,227,-200,1.3,7,sell
10/07,2455,國泰證券,8880,151,53,98,0.64,8,buy
10/07,2455,福邦證券,6480,11,189,-178,1.16,8,sell
10/07,2455,華南永昌-竹北,9339,94,40,54,0.35,9,buy
10/07,2455,統一,5850,47,200,-153,1.0,9,sell
10/07,2455,元大-崇德,0039003800310053,59,13,46,0.3,10,buy
10/07,2455,中國信託,6160,49,199,-150,0.98,10,sell
10/07,2455,永豐金-桃園,0039004100390078,63,20,43,0.28,11,buy
10/07,2455,永豐金-匯立,0039004100380031,0,149,-149,0.97,11,sell
10/07,2455,元大-館前,003900380034004b,44,3,41,0.27,12,buy
10/07,2455,元大證券,9800,1065,1210,-145,0.94,12,sell
10/07,2455,富邦-台北,9623,53,15,38,0.25,13,buy
10/07,2455,港商野村,1560,17,142,-125,0.81,13,sell
10/07,2455,凱基-東勢,0039003200310059,41,4,37,0.24,14,buy
10/07,2455,國票-安和,003700370039005a,21,72,-51,0.33,14,sell
10/07,2455,國泰-館前,0038003800380041,98,63,35,0.23,15,buy
10/07,2455,台新-西松,003900420032006e,2,52,-50,0.33,15,sell
10/07,3706,美商高盛,1480,1066,123,943,30.69,1,buy
10/07,3706,凱基-豐中,9223,0,82,-82,2.67,1,sell
10/07,3706,花旗環球,1590,201,0,201,6.54,2,buy
10/07,3706,京城,8490,1,63,-62,2.02,2,sell
10/07,3706,元大證券,9800,84,12,72,2.34,3,buy
10/07,3706,元大-仁愛,003900380033006a,0,50,-50,1.63,3,sell
10/07,3706,新光,8560,84,24,60,1.95,4,buy
10/07,3706,永豐金-台南,0039004100390068,4,52,-48,1.56,4,sell
10/07,3706,臺銀,1040,50,2,48,1.56,5,buy
10/07,3706,元大-汐止,0039003800390051,0,36,-36,1.17,5,sell
10/07,3706,摩根大通,8440,33,4,29,0.94,6,buy
10/07,3706,元大-板橋三民,9879,2,37,-35,1.14,6,sell
10/07,3706,新光-台中,8561,31,9,22,0.72,7,buy
10/07,3706,國票-南崁,0037003700390045,33,66,-33,1.07,7,sell
10/07,3706,康和-高雄,003800340035004a,22,1,21,0.68,8,buy
10/07,3706,台新-彰化,003900420032004d,0,33,-33,1.07,8,sell
10/07,3706,永豐金-中正,0039004100390055,23,2,21,0.68,9,buy
10/07,3706,永豐金證券,0039004100300030,5,37,-32,1.04,9,sell
10/07,3706,凱基-桃園,9208,22,2,20,0.65,10,buy
10/07,3706,凱基-台北,9268,238,270,-32,1.04,10,sell
10/07,3706,元大-新盛,9869,20,0,20,0.65,11,buy
10/07,3706,群益金鼎-民權,9131,0,31,-31,1.01,11,sell
10/07,3706,元大-楊梅,0039003800370041,21,2,19,0.62,12,buy
10/07,3706,元大-金門,003900380031004e,0,31,-31,1.01,12,sell
10/07,3706,兆豐-來福,0037003000300043,20,1,19,0.62,13,buy
10/07,3706,元大-成功,003900380039004c,0,26,-26,0.85,13,sell
10/07,3706,元大-六合,0039003800320043,18,0,18,0.59,14,buy
10/07,3706,玉山證券,8840,1,27,-26,0.85,14,sell
10/07,3706,永豐金-南投,003900410039004d,12,0,12,0.39,15,buy
10/07,3706,台灣摩根士丹利,1470,171,196,-25,0.81,15,sell
10/07,2834,凱基-台北,9268,1604,112,1492,13.12,1,buy
10/07,2834,美商高盛,1480,129,2423,-2294,20.17,1,sell
10/07,2834,國票-長城,0037003700390075,1000,10,990,8.7,2,buy
10/07,2834,台灣摩根士丹利,1470,363,727,-364,3.2,2,sell
10/07,2834,法銀巴黎,8900,754,0,754,6.63,3,buy
10/07,2834,台新-同大,0039004200320050,3,284,-281,2.47,3,sell
10/07,2834,新加坡商瑞銀,1650,692,358,334,2.94,4,buy
10/07,2834,華南永昌-三重,9369,0,203,-203,1.78,4,sell
10/07,2834,摩根大通,8440,610,391,219,1.93,5,buy
10/07,2834,台灣企銀,1110,0,181,-181,1.59,5,sell
10/07,2834,元大-金門,003900380031004e,214,0,214,1.88,6,buy
10/07,2834,新光,8560,36,213,-177,1.56,6,sell
10/07,2834,土銀-嘉義,1034,216,10,206,1.81,7,buy
10/07,2834,台灣企銀-桃園,0031003100310045,0,173,-173,1.52,7,sell
10/07,2834,永豐金-台南,0039004100390068,184,4,180,1.58,8,buy
10/07,2834,元大-學甲,003900380033004b,0,172,-172,1.51,8,sell
10/07,2834,凱基-市政,9239,170,4,166,1.46,9,buy
10/07,2834,統一-東湖,0035003800350052,0,155,-155,1.36,9,sell
10/07,2834,元大-敦南,0039003800390050,151,0,151,1.33,10,buy
10/07,2834,陽信-台中,8715,0,154,-154,1.35,10,sell
10/07,2834,臺銀-臺南,1042,142,1,141,1.24,11,buy
10/07,2834,元大-斗信,9884,48,167,-119,1.05,11,sell
10/07,2834,元大證券,9800,557,419,138,1.21,12,buy
10/07,2834,兆豐-西螺,0037003000300044,2,100,-98,0.86,12,sell
10/07,2834,凱基-基隆,0039003200300048,100,1,99,0.87,13,buy
10/07,2834,永豐金-敦南,0039004100380046,4,100,-96,0.84,13,sell
10/07,2834,元大-屏南,0039003800310072,100,4,96,0.84,14,buy
10/07,2834,富邦-嘉義,9692,4,96,-92,0.81,14,sell
10/07,2834,富邦-北港,0039003600390043,100,7,93,0.82,15,buy
10/07,2834,元大-路竹,0039003800310043,2,90,-88,0.77,15,sell
10/07,8039,新加坡商瑞銀,1650,760,76,684,3.76,1,buy
10/07,8039,美商高盛,1480,322,754,-432,2.38,1,sell
10/07,8039,群益金鼎,9100,948,374,574,3.16,2,buy
10/07,8039,凱基,9200,3,232,-229,1.26,2,sell
10/07,8039,元大證券,9800,1356,1012,344,1.89,3,buy
10/07,8039,富邦-南港,0039003600320041,3,122,-119,0.65,3,sell
10/07,8039,統一-南京,0035003800350055,302,2,300,1.65,4,buy
10/07,8039,元大-員林中山,9835,3,121,-118,0.65,4,sell
10/07,8039,凱基-台北,9268,866,613,253,1.39,5,buy
10/07,8039,台新-大裕,003900420032006c,6,111,-105,0.58,5,sell
10/07,8039,凱基-永和,9207,226,3,223,1.23,6,buy
10/07,8039,群益金鼎-東大,9135,106,209,-103,0.57,6,sell
10/07,8039,統一-松江,003500380035005a,192,3,189,1.04,7,buy
10/07,8039,美林,1440,231,331,-100,0.55,7,sell
10/07,8039,元大-台北,0039003800300068,185,43,142,0.78,8,buy
10/07,8039,台新,0039004200300030,173,266,-93,0.51,8,sell
10/07,8039,台灣摩根士丹利,1470,447,345,102,0.56,9,buy
10/07,8039,永豐金-萬盛,0039004100390032,77,164,-87,0.48,9,sell
10/07,8039,新光,8560,312,216,96,0.53,10,buy
10/07,8039,宏遠證券,1260,12,94,-82,0.45,10,sell
10/07,8039,國票-博愛,003700370039007a,75,12,63,0.35,11,buy
10/07,8039,凱基-和平,9255,3,83,-80,0.44,11,sell
10/07,8039,國票-安和,003700370039005a,132,70,62,0.34,12,buy
10/07,8039,陽信,8710,64,143,-79,0.43,12,sell
10/07,8039,統一,5850,152,91,61,0.34,13,buy
10/07,8039,統一-敦南,5852,21,91,-70,0.38,13,sell
10/07,8039,元大-敦南,0039003800390050,72,16,56,0.31,14,buy
10/07,8039,富邦-台北,9623,88,152,-64,0.35,14,sell
10/07,8039,兆豐-忠孝,0037003000300061,68,15,53,0.29,15,buy
10/07,8039,群益金鼎-館前,0039003100330059,55,115,-60,0.33,15,sell
10/07,2301,台灣摩根士丹利,1470,2269,765,1504,9.19,1,buy
10/07,2301,富邦證券,9600,192,1250,-1058,6.47,1,sell
10/07,2301,美商高盛,1480,1631,806,825,5.04,2,buy
10/07,2301,花旗環球,1590,42,718,-676,4.13,2,sell
10/07,2301,摩根大通,8440,905,119,786,4.8,3,buy
10/07,2301,港商野村,1560,45,701,-656,4.01,3,sell
10/07,2301,凱基,9200,659,10,649,3.97,4,buy
10/07,2301,元大證券,9800,1040,1470,-430,2.63,4,sell
10/07,2301,美林,1440,518,77,441,2.7,5,buy
10/07,2301,凱基-台北,9268,548,927,-379,2.32,5,sell
10/07,2301,新加坡商瑞銀,1650,826,409,417,2.55,6,buy
10/07,2301,永豐金證券,0039004100300030,94,437,-343,2.1,6,sell
10/07,2301,香港上海匯豐,8960,226,13,213,1.3,7,buy
10/07,2301,國泰-桃園,8885,22,111,-89,0.54,7,sell
10/07,2301,華南永昌,9300,180,21,159,0.97,8,buy
10/07,2301,永豐金-桃園,0039004100390078,8,92,-84,0.51,8,sell
10/07,2301,國泰證券,8880,149,3,146,0.89,9,buy
10/07,2301,富邦-岡山,9616,0,51,-51,0.31,9,sell
10/07,2301,法銀巴黎,8900,86,2,84,0.51,10,buy
10/07,2301,華南永昌-長虹,9333,65,113,-48,0.29,10,sell
10/07,2301,元大-成功,003900380039004c,77,12,65,0.4,11,buy
10/07,2301,國泰-板橋,003800380038004b,25,74,-49,0.3,11,sell
10/07,2301,華南永昌-大甲,9315,51,0,51,0.31,12,buy
10/07,2301,台新-城東,0039004200320072,9,51,-42,0.26,12,sell
10/07,2301,群益金鼎-大甲,0039003100380067,52,7,45,0.28,13,buy
10/07,2301,台新-世貿,0039004200320075,1,42,-41,0.25,13,sell
10/07,2301,玉山-信義,0038003800340043,49,5,44,0.27,14,buy
10/07,2301,中國信託,6160,37,77,-40,0.24,14,sell
10/07,2301,台新-大裕,003900420032006c,41,3,38,0.23,15,buy
10/07,2301,第一金-華江,0035003300380057,9,42,-33,0.2,15,sell
10/07,6449,富邦證券,9600,427,44,383,4.74,1,buy
10/07,6449,台灣摩根士丹利,1470,82,413,-331,4.1,1,sell
10/07,6449,永豐金-竹科,0039004100390058,76,7,69,0.85,2,buy
10/07,6449,永豐金-市政,0039004100390057,14,159,-145,1.8,2,sell
10/07,6449,台新,0039004200300030,120,58,62,0.77,3,buy
10/07,6449,華南永昌-竹北,9339,22,104,-82,1.02,3,sell
10/07,6449,康和-台中,8455,55,2,53,0.66,4,buy
10/07,6449,富邦-竹科,0039003600320043,5,55,-50,0.62,4,sell
10/07,6449,新光,8560,115,67,48,0.59,5,buy
10/07,6449,元大證券,9800,339,387,-48,0.59,5,sell
10/07,6449,群益金鼎-東門,0039003100380044,42,2,40,0.5,6,buy
10/07,6449,港商野村,1560,33,80,-47,0.58,6,sell
10/07,6449,凱基-大直,9218,62,27,35,0.43,7,buy
10/07,6449,元大-成功,003900380039004c,6,49,-43,0.53,7,sell
10/07,6449,新光-台中,8561,47,16,31,0.38,8,buy
10/07,6449,美商高盛,1480,403,442,-39,0.48,8,sell
10/07,6449,合庫-桃園,0031003000320045,34,3,31,0.38,9,buy
10/07,6449,第一金-台南,5384,13,51,-38,0.47,9,sell
10/07,6449,國泰-敦南,8888,159,130,29,0.36,10,buy
10/07,6449,美林,1440,51,83,-32,0.4,10,sell
10/07,6449,統一,5850,58,29,29,0.36,11,buy
10/07,6449,元大-大益,9814,4,35,-31,0.38,11,sell
10/07,6449,永豐金-三重,003900410039004b,30,3,27,0.33,12,buy
10/07,6449,大昌-樹林,6461,4,33,-29,0.36,12,sell
10/07,6449,永豐金-中正,0039004100390055,29,3,26,0.32,13,buy
10/07,6449,玉山-板橋,8846,11,38,-27,0.33,13,sell
10/07,6449,摩根大通,8440,103,78,25,0.31,14,buy
10/07,6449,高橋-龍潭,5321,8,34,-26,0.32,14,sell
10/07,6449,元大-永春,9852,30,8,22,0.27,15,buy
10/07,6449,台新-高雄,0039004200310067,83,109,-26,0.32,15,sell
