date,stock_code,broker_name,broker_id,buy_vol,sell_vol,net_vol,pct,rank,side
8/28,2330,摩根大通,8440,2876,628,2248,15.44,1,buy
8/28,2330,花旗環球,1590,280,1167,-887,6.09,1,sell
8/28,2330,永豐金-匯立,0039004100380031,1348,223,1125,7.72,2,buy
8/28,2330,台灣摩根士丹利,1470,399,885,-486,3.34,2,sell
8/28,2330,港商麥格理,1360,424,132,292,2.0,3,buy
8/28,2330,凱基,9200,42,475,-433,2.97,3,sell
8/28,2330,凱基-台北,9268,416,191,225,1.54,4,buy
8/28,2330,統一,5850,212,623,-411,2.82,4,sell
8/28,2330,新加坡商瑞銀,1650,716,564,152,1.04,5,buy
8/28,2330,群益金鼎,9100,37,239,-202,1.39,5,sell
8/28,2330,中國信託,6160,168,80,88,0.6,6,buy
8/28,2330,美商高盛,1480,871,1001,-130,0.89,6,sell
8/28,2330,第一金-高雄,5383,91,7,84,0.58,7,buy
8/28,2330,港商野村,1560,166,295,-129,0.89,7,sell
8/28,2330,香港上海匯豐,8960,170,93,77,0.53,8,buy
8/28,2330,華南永昌,9300,76,198,-122,0.84,8,sell
8/28,2330,群益金鼎-東門,0039003100380044,45,3,42,0.29,9,buy
8/28,2330,華南永昌-世貿,9334,0,95,-95,0.65,9,sell
8/28,2330,第一金-員林,5381,43,4,39,0.27,10,buy
8/28,2330,永豐金-松山,0039004100390031,6,89,-83,0.57,10,sell
8/28,2330,法銀巴黎,8900,174,137,37,0.25,11,buy
8/28,2330,富邦證券,9600,95,172,-77,0.53,11,sell
8/28,2330,美林,1440,756,722,34,0.23,12,buy
8/28,2330,元大-館前,003900380034004b,20,91,-71,0.49,12,sell
8/28,2330,永豐金證券,0039004100300030,368,339,29,0.2,13,buy
8/28,2330,元大證券,9800,920,982,-62,0.43,13,sell
8/28,2330,富邦-左營,0039003600360046,32,8,24,0.16,14,buy
8/28,2330,富邦-台南,9667,6,61,-55,0.38,14,sell
8/28,2330,國票-敦北法人,0037003700390063,28,5,23,0.16,15,buy
8/28,2330,凱基-雙和,0039003200300043,0,55,-55,0.38,15,sell
8/28,2317,香港上海匯豐,8960,3410,21,3389,10.74,1,buy
8/28,2317,摩根大通,8440,845,4289,-3444,10.92,1,sell
8/28,2317,台灣摩根士丹利,1470,2375,1376,999,3.17,2,buy
8/28,2317,元大證券,9800,2027,4921,-2894,9.17,2,sell
8/28,2317,美林,1440,1471,499,972,3.08,3,buy
8/28,2317,國票-敦北法人,0037003700390063,5,1007,-1002,3.18,3,sell
8/28,2317,永豐金證券,0039004100300030,844,236,608,1.93,4,buy
8/28,2317,花旗環球,1590,334,674,-340,1.08,4,sell
8/28,2317,港商麥格理,1360,543,63,480,1.52,5,buy
8/28,2317,中國信託,6160,60,313,-253,0.8,5,sell
8/28,2317,新加坡商瑞銀,1650,808,427,381,1.21,6,buy
8/28,2317,國泰證券,8880,15,261,-246,0.78,6,sell
8/28,2317,美商高盛,1480,1808,1467,341,1.08,7,buy
8/28,2317,凱基-台北,9268,1531,1758,-227,0.72,7,sell
8/28,2317,元大-忠孝鼎富,0039003800320046,255,2,253,0.8,8,buy
8/28,2317,台新,0039004200300030,265,463,-198,0.63,8,sell
8/28,2317,兆豐-三民,0037003000300068,217,17,200,0.63,9,buy
8/28,2317,兆豐證券,7000,32,222,-190,0.6,9,sell
8/28,2317,永豐金-匯立,0039004100380031,471,276,195,0.62,10,buy
8/28,2317,統一,5850,96,233,-137,0.43,10,sell
8/28,2317,富邦-員林,9672,168,36,132,0.42,11,buy
8/28,2317,富邦證券,9600,180,288,-108,0.34,11,sell
8/28,2317,港商野村,1560,186,75,111,0.35,12,buy
8/28,2317,凱基-台南,9211,42,141,-99,0.31,12,sell
8/28,2317,富邦-內湖,9627,112,10,102,0.32,13,buy
8/28,2317,元大-敦化,9833,8,106,-98,0.31,13,sell
8/28,2317,兆豐-新營,003700300030004b,112,16,96,0.3,14,buy
8/28,2317,中國信託-高雄,003600310036004b,15,113,-98,0.31,14,sell
8/28,2317,華南永昌-台中,9302,122,28,94,0.3,15,buy
8/28,2317,合庫-台中,1021,41,106,-65,0.21,15,sell
8/28,2454,港商野村,1560,458,55,403,8.47,1,buy
8/28,2454,凱基,9200,17,164,-147,3.09,1,sell
8/28,2454,永豐金-匯立,0039004100380031,307,5,302,6.35,2,buy
8/28,2454,花旗環球,1590,30,124,-94,1.98,2,sell
8/28,2454,美林,1440,381,140,241,5.07,3,buy
8/28,2454,凱基-台北,9268,157,242,-85,1.79,3,sell
8/28,2454,台灣摩根士丹利,1470,359,198,161,3.38,4,buy
8/28,2454,新加坡商瑞銀,1650,193,274,-81,1.7,4,sell
8/28,2454,國泰證券,8880,112,7,105,2.21,5,buy
8/28,2454,中國信託,6160,3,66,-63,1.32,5,sell
8/28,2454,摩根大通,8440,305,201,104,2.19,6,buy
8/28,2454,台新-五權西,0039004200320035,2,52,-50,1.05,6,sell
8/28,2454,群益金鼎-開元,9134,100,0,100,2.1,7,buy
8/28,2454,國泰-敦南,8888,38,79,-41,0.86,7,sell
8/28,2454,元大證券,9800,195,141,54,1.13,8,buy
8/28,2454,永豐金證券,0039004100300030,28,66,-38,0.8,8,sell
8/28,2454,法銀巴黎,8900,51,1,50,1.05,9,buy
8/28,2454,元大-北屯,0039003800390064,0,31,-31,0.65,9,sell
8/28,2454,宏遠證券,1260,50,4,46,0.97,10,buy
8/28,2454,富邦-敦南,9663,12,35,-23,0.48,10,sell
8/28,2454,大和國泰,8890,38,0,38,0.8,11,buy
8/28,2454,群益金鼎-大安,0039003100380065,0,22,-22,0.46,11,sell
8/28,2454,兆豐證券,7000,33,3,30,0.63,12,buy
8/28,2454,富邦-永和,9654,4,25,-21,0.44,12,sell
8/28,2454,凱基-員林,9231,30,0,30,0.63,13,buy
8/28,2454,第一金-澎湖,5387,0,21,-21,0.44,13,sell
8/28,2454,富邦證券,9600,200,174,26,0.55,14,buy
8/28,2454,富邦-建國,9658,7,28,-21,0.44,14,sell
8/28,2454,國票-南崁,0037003700390045,24,1,23,0.48,15,buy
8/28,2454,國泰-松江,8883,6,24,-18,0.38,15,sell
8/28,2308,摩根大通,8440,2616,1758,858,6.4,1,buy
8/28,2308,美林,1440,618,955,-337,2.52,1,sell
8/28,2308,富邦證券,9600,564,230,334,2.49,2,buy
8/28,2308,台灣摩根士丹利,1470,542,844,-302,2.25,2,sell
8/28,2308,國泰證券,8880,240,40,200,1.49,3,buy
8/28,2308,康和,8450,13,191,-178,1.33,3,sell
8/28,2308,永豐金-匯立,0039004100380031,200,26,174,1.3,4,buy
8/28,2308,凱基-台北,9268,587,685,-98,0.73,4,sell
8/28,2308,宏遠證券,1260,129,19,110,0.82,5,buy
8/28,2308,永豐金-板新,003900410039004a,5,59,-54,0.4,5,sell
8/28,2308,港商野村,1560,150,46,104,0.78,6,buy
8/28,2308,國泰-敦南,8888,157,210,-53,0.4,6,sell
8/28,2308,統一,5850,104,12,92,0.69,7,buy
8/28,2308,華南永昌-東勢,9358,4,47,-43,0.32,7,sell
8/28,2308,台新-台北,0039004200320030,93,5,88,0.66,8,buy
8/28,2308,永豐金證券,0039004100300030,162,205,-43,0.32,8,sell
8/28,2308,新加坡商瑞銀,1650,510,423,87,0.65,9,buy
8/28,2308,土銀-台中,1031,4,42,-38,0.28,9,sell
8/28,2308,大和國泰,8890,81,0,81,0.6,10,buy
8/28,2308,玉山證券,8840,24,62,-38,0.28,10,sell
8/28,2308,群益金鼎,9100,164,89,75,0.56,11,buy
8/28,2308,富邦-建國,9658,11,41,-30,0.22,11,sell
8/28,2308,凱基,9200,134,69,65,0.49,12,buy
8/28,2308,元大-鳳山,003900380033005a,3,34,-31,0.23,12,sell
8/28,2308,法銀巴黎,8900,55,1,54,0.4,13,buy
8/28,2308,兆豐-永和,0037003000300058,1,30,-29,0.22,13,sell
8/28,2308,群益金鼎-忠孝,0039003100380057,52,7,45,0.34,14,buy
8/28,2308,元大-南屯,9853,8,37,-29,0.22,14,sell
8/28,2308,元大-虎尾,003900380030006c,47,4,43,0.32,15,buy
8/28,2308,宏遠-館前,0031003200360055,0,27,-27,0.2,15,sell
8/28,2382,港商麥格理,1360,1993,36,1957,18.27,1,buy
8/28,2382,元大證券,9800,635,2463,-1828,17.07,1,sell
8/28,2382,台灣摩根士丹利,1470,1084,324,760,7.1,2,buy
8/28,2382,新加坡商瑞銀,1650,531,1499,-968,9.04,2,sell
8/28,2382,兆豐證券,7000,351,3,348,3.25,3,buy
8/28,2382,花旗環球,1590,37,674,-637,5.95,3,sell
8/28,2382,美林,1440,483,168,315,2.94,4,buy
8/28,2382,港商野村,1560,42,502,-460,4.3,4,sell
8/28,2382,美商高盛,1480,563,325,238,2.22,5,buy
8/28,2382,華南永昌,9300,18,353,-335,3.13,5,sell
8/28,2382,國泰-敦南,8888,137,81,56,0.52,6,buy
8/28,2382,玉山證券,8840,8,117,-109,1.02,6,sell
8/28,2382,統一,5850,106,60,46,0.43,7,buy
8/28,2382,凱基-中壢,9285,1,98,-97,0.91,7,sell
8/28,2382,第一金,5380,65,31,34,0.32,8,buy
8/28,2382,法銀巴黎,8900,17,114,-97,0.91,8,sell
8/28,2382,華南永昌-豐原,9366,31,0,31,0.29,9,buy
8/28,2382,群益金鼎,9100,52,119,-67,0.63,9,sell
8/28,2382,凱基-台北,9268,484,454,30,0.28,10,buy
8/28,2382,統一-敦南,5852,0,45,-45,0.42,10,sell
8/28,2382,富邦-北港,0039003600390043,29,0,29,0.27,11,buy
8/28,2382,國泰證券,8880,3,42,-39,0.36,11,sell
8/28,2382,永豐金-南京,0039004100390053,31,3,28,0.26,12,buy
8/28,2382,華南永昌-南京,9326,1,35,-34,0.32,12,sell
8/28,2382,富邦-南屯,9666,37,11,26,0.24,13,buy
8/28,2382,合庫證券,1020,2,35,-33,0.31,13,sell
8/28,2382,大昌-樹林,6461,21,0,21,0.2,14,buy
8/28,2382,凱基-士林,9238,72,100,-28,0.26,14,sell
8/28,2382,元大-景美,0039003800340048,24,3,21,0.2,15,buy
8/28,2382,彰銀,1230,4,31,-27,0.25,15,sell
8/28,2891,國泰證券,8880,4581,3,4578,23.28,1,buy
8/28,2891,美林,1440,121,2762,-2641,13.43,1,sell
8/28,2891,凱基,9200,2003,0,2003,10.19,2,buy
8/28,2891,新加坡商瑞銀,1650,1267,3077,-1810,9.21,2,sell
8/28,2891,永豐金-匯立,0039004100380031,1825,27,1798,9.14,3,buy
8/28,2891,凱基-台北,9268,668,1462,-794,4.04,3,sell
8/28,2891,美商高盛,1480,2205,1189,1016,5.17,4,buy
8/28,2891,花旗環球,1590,610,1392,-782,3.98,4,sell
8/28,2891,元大證券,9800,1052,658,394,2.0,5,buy
8/28,2891,港商麥格理,1360,17,717,-700,3.56,5,sell
8/28,2891,港商野村,1560,161,0,161,0.82,6,buy
8/28,2891,台灣摩根士丹利,1470,597,968,-371,1.89,6,sell
8/28,2891,凱基-市政,9239,102,1,101,0.51,7,buy
8/28,2891,摩根大通,8440,2188,2465,-277,1.41,7,sell
8/28,2891,第一金,5380,50,0,50,0.25,8,buy
8/28,2891,永豐金證券,0039004100300030,107,377,-270,1.37,8,sell
8/28,2891,凱基-士林,9238,46,1,45,0.23,9,buy
8/28,2891,永豐金-板新,003900410039004a,4,215,-211,1.07,9,sell
8/28,2891,凱基-羅東,9258,39,0,39,0.2,10,buy
8/28,2891,國泰-敦南,8888,29,229,-200,1.02,10,sell
8/28,2891,台中銀,6110,30,0,30,0.15,11,buy
8/28,2891,合庫-台中,1021,1,156,-155,0.79,11,sell
8/28,2891,兆豐-三重,7008,30,0,30,0.15,12,buy
8/28,2891,永豐金-敦北,0039004100380039,1,101,-100,0.51,12,sell
8/28,2891,玉山-桃園,0038003800340046,30,3,27,0.14,13,buy
8/28,2891,元大-敦南,0039003800390050,0,81,-81,0.41,13,sell
8/28,2891,台新-三重,0039004200320033,25,4,21,0.11,14,buy
8/28,2891,元大-天母,0039003800310049,0,80,-80,0.41,14,sell
8/28,2891,元大-北三重,0039003800390056,31,10,21,0.11,15,buy
8/28,2891,台新,0039004200300030,13,93,-80,0.41,15,sell
8/28,2881,國泰證券,8880,3624,1,3623,21.83,1,buy
8/28,2881,台灣摩根士丹利,1470,925,2164,-1239,7.47,1,sell
8/28,2881,永豐金-匯立,0039004100380031,2083,0,2083,12.55,2,buy
8/28,2881,花旗環球,1590,73,805,-732,4.41,2,sell
8/28,2881,台新-台北,0039004200320030,740,4,736,4.44,3,buy
8/28,2881,美商高盛,1480,778,1422,-644,3.88,3,sell
8/28,2881,凱基,9200,560,16,544,3.28,4,buy
8/28,2881,元大證券,9800,639,1157,-518,3.12,4,sell
8/28,2881,凱基-台北,9268,1354,847,507,3.06,5,buy
8/28,2881,中國信託,6160,11,443,-432,2.6,5,sell
8/28,2881,富邦-建國,9658,372,34,338,2.04,6,buy
8/28,2881,美林,1440,115,480,-365,2.2,6,sell
8/28,2881,凱基-中壢,9285,206,7,199,1.2,7,buy
8/28,2881,國泰-館前,0038003800380041,12,260,-248,1.49,7,sell
8/28,2881,統一,5850,126,3,123,0.74,8,buy
8/28,2881,群益金鼎,9100,105,300,-195,1.18,8,sell
8/28,2881,康和,8450,105,0,105,0.63,9,buy
8/28,2881,永豐金證券,0039004100300030,29,201,-172,1.04,9,sell
8/28,2881,富邦證券,9600,109,9,100,0.6,10,buy
8/28,2881,元大-北屯,0039003800390064,0,124,-124,0.75,10,sell
8/28,2881,永豐金-松山,0039004100390031,104,9,95,0.57,11,buy
8/28,2881,摩根大通,8440,2060,2180,-120,0.72,11,sell
8/28,2881,港商野村,1560,86,31,55,0.33,12,buy
8/28,2881,華南永昌-小港,9323,0,103,-103,0.62,12,sell
8/28,2881,富邦-桃園,9665,56,11,45,0.27,13,buy
8/28,2881,元大-歸仁,0039003800310061,1,92,-91,0.55,13,sell
8/28,2881,華南永昌-彰化,9363,39,2,37,0.22,14,buy
8/28,2881,永豐金-台中,003900410039004c,2,90,-88,0.53,14,sell
8/28,2881,新加坡商瑞銀,1650,578,552,26,0.16,15,buy
8/28,2881,玉山-板橋,8846,1,86,-85,0.51,15,sell
8/28,2882,美商高盛,1480,3314,1451,1863,9.68,1,buy
8/28,2882,國泰-館前,0038003800380041,9,898,-889,4.62,1,sell
8/28,2882,美林,1440,2019,209,1810,9.41,2,buy
8/28,2882,摩根大通,8440,112,926,-814,4.23,2,sell
8/28,2882,台灣摩根士丹利,1470,2474,1120,1354,7.04,3,buy
8/28,2882,合庫-台中,1021,2,516,-514,2.67,3,sell
8/28,2882,國泰證券,8880,1206,1,1205,6.26,4,buy
8/28,2882,永豐金-匯立,0039004100380031,26,537,-511,2.66,4,sell
8/28,2882,國泰-松江,8883,1000,24,976,5.07,5,buy
8/28,2882,永豐金-桃盛,003900410039004e,0,503,-503,2.61,5,sell
8/28,2882,富邦證券,9600,895,105,790,4.11,6,buy
8/28,2882,花旗環球,1590,339,799,-460,2.39,6,sell
8/28,2882,凱基-台北,9268,1301,516,785,4.08,7,buy
8/28,2882,富邦-永和,9654,1,308,-307,1.6,7,sell
8/28,2882,群益金鼎,9100,542,150,392,2.04,8,buy
8/28,2882,富邦-新店,9661,3,293,-290,1.51,8,sell
8/28,2882,新加坡商瑞銀,1650,1438,1182,256,1.33,9,buy
8/28,2882,國泰-板橋,003800380038004b,11,236,-225,1.17,9,sell
8/28,2882,兆豐-寶成,0037003000300072,260,23,237,1.23,10,buy
8/28,2882,凱基-高雄,9206,101,322,-221,1.15,10,sell
8/28,2882,永豐金-新莊,0039004100390048,182,8,174,0.9,11,buy
8/28,2882,國泰-敦南,8888,69,256,-187,0.97,11,sell
8/28,2882,港商野村,1560,162,13,149,0.77,12,buy
8/28,2882,華南永昌-大安,9307,1,141,-140,0.73,12,sell
8/28,2882,台新,0039004200300030,195,76,119,0.62,13,buy
8/28,2882,永豐金證券,0039004100300030,157,286,-129,0.67,13,sell
8/28,2882,統一,5850,149,47,102,0.53,14,buy
8/28,2882,中國信託-高雄,003600310036004b,3,130,-127,0.66,14,sell
8/28,2882,美好-中壢,5266,100,0,100,0.52,15,buy
8/28,2882,永豐金-台中,003900410039004c,1,127,-126,0.65,15,sell
8/28,2303,元大證券,9800,52721,13598,39123,12.01,1,buy
8/28,2303,國泰-敦南,8888,2201,9089,-6888,2.12,1,sell
8/28,2303,台灣摩根士丹利,1470,24763,1359,23404,7.19,2,buy
8/28,2303,新光,8560,683,2724,-2041,0.63,2,sell
8/28,2303,美商高盛,1480,24849,3324,21525,6.61,3,buy
8/28,2303,元大-土城永寧,9875,837,2526,-1689,0.52,3,sell
8/28,2303,富邦-新店,9661,25646,7255,18391,5.65,4,buy
8/28,2303,香港上海匯豐,8960,0,1600,-1600,0.49,4,sell
8/28,2303,港商野村,1560,14246,252,13994,4.3,5,buy
8/28,2303,富邦-台北,9623,214,1591,-1377,0.42,5,sell
8/28,2303,富邦證券,9600,29001,17861,11140,3.42,6,buy
8/28,2303,國泰-台中,8882,376,1690,-1314,0.4,6,sell
8/28,2303,新加坡商瑞銀,1650,12233,2237,9996,3.07,7,buy
8/28,2303,元大-民生三民,0039003800390058,382,1645,-1263,0.39,7,sell
8/28,2303,凱基-信義,9216,6031,207,5824,1.79,8,buy
8/28,2303,國泰-板橋,003800380038004b,368,1508,-1140,0.35,8,sell
8/28,2303,摩根大通,8440,8624,3693,4931,1.51,9,buy
8/28,2303,富邦-建國,9658,159,1291,-1132,0.35,9,sell
8/28,2303,國票-敦北法人,0037003700390063,6774,2186,4588,1.41,10,buy
8/28,2303,台新-高雄,0039004200310067,184,1232,-1048,0.32,10,sell
8/28,2303,國票-安和,003700370039005a,6031,2678,3353,1.03,11,buy
8/28,2303,元大-蘆洲,9857,128,1126,-998,0.31,11,sell
8/28,2303,大和國泰,8890,3000,0,3000,0.92,12,buy
8/28,2303,富邦-陽明,9604,110,1044,-934,0.29,12,sell
8/28,2303,凱基-城中,9227,3040,246,2794,0.86,13,buy
8/28,2303,元大-草屯,0039003800390045,105,1016,-911,0.28,13,sell
8/28,2303,中國信託,6160,4098,1402,2696,0.83,14,buy
8/28,2303,永豐金-板新,003900410039004a,179,1077,-898,0.28,14,sell
8/28,2303,港商麥格理,1360,2593,190,2403,0.74,15,buy
8/28,2303,國泰-桃園,8885,254,1132,-878,0.27,15,sell
8/28,3711,摩根大通,8440,1314,178,1136,6.12,1,buy
8/28,3711,花旗環球,1590,29,1464,-1435,7.73,1,sell
8/28,3711,元大證券,9800,1868,1038,830,4.47,2,buy
8/28,3711,美林,1440,647,1372,-725,3.9,2,sell
8/28,3711,群益金鼎,9100,745,144,601,3.24,3,buy
8/28,3711,新加坡商瑞銀,1650,214,614,-400,2.15,3,sell
8/28,3711,永豐金-信義,0039004100390052,487,6,481,2.59,4,buy
8/28,3711,美商高盛,1480,755,1088,-333,1.79,4,sell
8/28,3711,國泰證券,8880,546,111,435,2.34,5,buy
8/28,3711,台灣摩根士丹利,1470,763,968,-205,1.1,5,sell
8/28,3711,群益金鼎-大安,0039003100380065,419,7,412,2.22,6,buy
8/28,3711,永豐金-台南,0039004100390068,7,118,-111,0.6,6,sell
8/28,3711,國票-敦北法人,0037003700390063,403,11,392,2.11,7,buy
8/28,3711,國泰-敦南,8888,318,422,-104,0.56,7,sell
8/28,3711,富邦證券,9600,479,110,369,1.99,8,buy
8/28,3711,香港上海匯豐,8960,0,67,-67,0.36,8,sell
8/28,3711,康和,8450,283,33,250,1.35,9,buy
8/28,3711,台新-左楠,0039004200310064,20,71,-51,0.27,9,sell
8/28,3711,凱基,9200,249,2,247,1.33,10,buy
8/28,3711,元大-大統,003900380031007a,3,52,-49,0.26,10,sell
8/28,3711,港商野村,1560,282,72,210,1.13,11,buy
8/28,3711,元大-六合,0039003800320043,7,53,-46,0.25,11,sell
8/28,3711,德信,6910,141,5,136,0.73,12,buy
8/28,3711,國票-長城,0037003700390075,3,48,-45,0.24,12,sell
8/28,3711,法銀巴黎,8900,129,0,129,0.69,13,buy
8/28,3711,兆豐-彰化,0037003000300064,25,70,-45,0.24,13,sell
8/28,3711,港商麥格理,1360,102,5,97,0.52,14,buy
8/28,3711,元大-高雄,003900380031006d,17,60,-43,0.23,14,sell
8/28,3711,國票證券,7790,76,3,73,0.39,15,buy
8/28,3711,玉山-信義,0038003800340043,12,53,-41,0.22,15,sell
8/28,2603,永豐金-新莊,0039004100390048,511,0,511,6.19,1,buy
8/28,2603,台灣摩根士丹利,1470,168,785,-617,7.47,1,sell
8/28,2603,花旗環球,1590,649,169,480,5.81,2,buy
8/28,2603,凱基-台北,9268,255,803,-548,6.64,2,sell
8/28,2603,第一金,5380,220,0,220,2.66,3,buy
8/28,2603,摩根大通,8440,93,525,-432,5.23,3,sell
8/28,2603,永豐金-匯立,0039004100380031,200,0,200,2.42,4,buy
8/28,2603,新加坡商瑞銀,1650,163,560,-397,4.81,4,sell
8/28,2603,元大證券,9800,1471,1280,191,2.31,5,buy
8/28,2603,美商高盛,1480,569,875,-306,3.71,5,sell
8/28,2603,香港上海匯豐,8960,179,0,179,2.17,6,buy
8/28,2603,中國信託,6160,9,139,-130,1.57,6,sell
8/28,2603,凱基,9200,176,0,176,2.13,7,buy
8/28,2603,永豐金證券,0039004100300030,68,160,-92,1.11,7,sell
8/28,2603,美林,1440,183,27,156,1.89,8,buy
8/28,2603,統一-新竹,5857,0,80,-80,0.97,8,sell
8/28,2603,永豐金-竹科,0039004100390058,114,7,107,1.3,9,buy
8/28,2603,元大-屏東,9892,1,68,-67,0.81,9,sell
8/28,2603,國泰-松江,8883,60,5,55,0.67,10,buy
8/28,2603,富邦-斗六,0039003600320047,0,59,-59,0.71,10,sell
8/28,2603,合庫-桃園,0031003000320045,53,1,52,0.63,11,buy
8/28,2603,亞東-新竹,2184,0,50,-50,0.61,11,sell
8/28,2603,玉山證券,8840,55,9,46,0.56,12,buy
8/28,2603,港商麥格理,1360,59,106,-47,0.57,12,sell
8/28,2603,台新,0039004200300030,59,33,26,0.31,13,buy
8/28,2603,群益金鼎-敦南,9101,3,42,-39,0.47,13,sell
8/28,2603,臺銀,1040,31,5,26,0.31,14,buy
8/28,2603,群益金鼎-丹鳳,0039003100380073,2,40,-38,0.46,14,sell
8/28,2603,統一,5850,19,0,19,0.23,15,buy
8/28,2603,港商野村,1560,15,46,-31,0.38,15,sell
8/28,2609,永豐金-彰化,0039004100390073,557,11,546,1.27,1,buy
8/28,2609,美商高盛,1480,186,9481,-9295,21.62,1,sell
8/28,2609,香港上海匯豐,8960,470,0,470,1.09,2,buy
8/28,2609,摩根大通,8440,165,4180,-4015,9.34,2,sell
8/28,2609,國泰-敦南,8888,1154,753,401,0.93,3,buy
8/28,2609,台灣摩根士丹利,1470,1163,3379,-2216,5.15,3,sell
8/28,2609,國泰-台中,8882,410,68,342,0.8,4,buy
8/28,2609,新加坡商瑞銀,1650,243,1440,-1197,2.78,4,sell
8/28,2609,富邦-仁愛,9676,341,20,321,0.75,5,buy
8/28,2609,花旗環球,1590,144,1245,-1101,2.56,5,sell
8/28,2609,台新-新店,0039004200320032,447,133,314,0.73,6,buy
8/28,2609,港商野村,1560,43,321,-278,0.65,6,sell
8/28,2609,國票-敦北法人,0037003700390063,314,8,306,0.71,7,buy
8/28,2609,富邦證券,9600,161,404,-243,0.57,7,sell
8/28,2609,永豐金證券,0039004100300030,452,155,297,0.69,8,buy
8/28,2609,元大證券,9800,3163,3351,-188,0.44,8,sell
8/28,2609,台新,0039004200300030,512,219,293,0.68,9,buy
8/28,2609,富邦-台北,9623,261,418,-157,0.37,9,sell
8/28,2609,美林,1440,1181,888,293,0.68,10,buy
8/28,2609,永豐金-新店,0039004100390069,2,93,-91,0.21,10,sell
8/28,2609,富邦-建國,9658,290,22,268,0.62,11,buy
8/28,2609,港商麥格理,1360,1,90,-89,0.21,11,sell
8/28,2609,群益金鼎-竹南,0039003100380069,263,6,257,0.6,12,buy
8/28,2609,國票證券,7790,60,130,-70,0.16,12,sell
8/28,2609,凱基-台北,9268,2115,1866,249,0.58,13,buy
8/28,2609,台新-文心,003900420032007a,45,104,-59,0.14,13,sell
8/28,2609,兆豐-南京,0037003000300050,205,1,204,0.47,14,buy
8/28,2609,元大-龍潭,9858,94,149,-55,0.13,14,sell
8/28,2609,新光,8560,346,151,195,0.45,15,buy
8/28,2609,國泰-松江,8883,28,80,-52,0.12,15,sell
8/28,2615,凱基-台北,9268,1922,1134,788,3.59,1,buy
8/28,2615,美商高盛,1480,1380,2243,-863,3.93,1,sell
8/28,2615,香港上海匯豐,8960,736,0,736,3.35,2,buy
8/28,2615,花旗環球,1590,71,547,-476,2.17,2,sell
8/28,2615,美林,1440,615,47,568,2.59,3,buy
8/28,2615,凱基,9200,1,419,-418,1.91,3,sell
8/28,2615,永豐金-匯立,0039004100380031,560,0,560,2.55,4,buy
8/28,2615,台新,0039004200300030,168,383,-215,0.98,4,sell
8/28,2615,台灣摩根士丹利,1470,810,312,498,2.27,5,buy
8/28,2615,港商麥格理,1360,0,187,-187,0.85,5,sell
8/28,2615,元大證券,9800,1767,1446,321,1.46,6,buy
8/28,2615,合庫證券,1020,7,170,-163,0.74,6,sell
8/28,2615,新加坡商瑞銀,1650,986,755,231,1.05,7,buy
8/28,2615,凱基-林口,9257,40,200,-160,0.73,7,sell
8/28,2615,永豐金-市政,0039004100390057,264,51,213,0.97,8,buy
8/28,2615,國泰-敦南,8888,340,472,-132,0.6,8,sell
8/28,2615,法銀巴黎,8900,171,1,170,0.77,9,buy
8/28,2615,摩根大通,8440,826,942,-116,0.53,9,sell
8/28,2615,元大-斗六,0039003800300043,143,20,123,0.56,10,buy
8/28,2615,富邦-斗六,0039003600320047,152,252,-100,0.46,10,sell
8/28,2615,元大-員林中山,9835,94,5,89,0.41,11,buy
8/28,2615,富邦-左營,0039003600360046,3,102,-99,0.45,11,sell
8/28,2615,台新-北新莊,0039004200320038,90,4,86,0.39,12,buy
8/28,2615,凱基-信義,9216,10,108,-98,0.45,12,sell
8/28,2615,凱基-屏東,0039003200320043,119,45,74,0.34,13,buy
8/28,2615,富邦-台北,9623,122,214,-92,0.42,13,sell
8/28,2615,國票-台中,0037003700390076,73,1,72,0.33,14,buy
8/28,2615,美好-中壢,5266,10,96,-86,0.39,14,sell
8/28,2615,群益金鼎-市府,0039003100300044,64,9,55,0.25,15,buy
8/28,2615,台新-城東,0039004200320072,4,88,-84,0.38,15,sell
8/28,2618,花旗環球,1590,3076,171,2905,14.13,1,buy
8/28,2618,美商高盛,1480,475,4125,-3650,17.75,1,sell
8/28,2618,元大-松江,9801,2647,4,2643,12.85,2,buy
8/28,2618,台灣摩根士丹利,1470,604,3394,-2790,13.57,2,sell
8/28,2618,宏遠證券,1260,1000,0,1000,4.86,3,buy
8/28,2618,新加坡商瑞銀,1650,422,1926,-1504,7.31,3,sell
8/28,2618,美林,1440,280,23,257,1.25,4,buy
8/28,2618,摩根大通,8440,791,1834,-1043,5.07,4,sell
8/28,2618,元大證券,9800,876,638,238,1.16,5,buy
8/28,2618,凱基-台北,9268,793,1432,-639,3.11,5,sell
8/28,2618,國泰-敦南,8888,287,54,233,1.13,6,buy
8/28,2618,富邦-新店,9661,46,596,-550,2.67,6,sell
8/28,2618,兆豐-台中,7003,231,3,228,1.11,7,buy
8/28,2618,永豐金證券,0039004100300030,148,572,-424,2.06,7,sell
8/28,2618,合庫-西台中,0031003000320046,236,20,216,1.05,8,buy
8/28,2618,國泰-新莊,8886,14,341,-327,1.59,8,sell
8/28,2618,玉山證券,8840,171,10,161,0.78,9,buy
8/28,2618,中國信託,6160,36,295,-259,1.26,9,sell
8/28,2618,永豐金-大園,0039004100390038,195,51,144,0.7,10,buy
8/28,2618,台新-城東,0039004200320072,11,266,-255,1.24,10,sell
8/28,2618,新光,8560,201,72,129,0.63,11,buy
8/28,2618,(牛牛牛)亞-鑫豐,0036003000310064,25,204,-179,0.87,11,sell
8/28,2618,兆豐-復興,0037003000300070,110,0,110,0.53,12,buy
8/28,2618,華南永昌-古亭,9309,73,216,-143,0.7,12,sell
8/28,2618,富邦-台北,9623,108,7,101,0.49,13,buy
8/28,2618,台新,0039004200300030,118,257,-139,0.68,13,sell
8/28,2618,華南永昌-長虹,9333,100,1,99,0.48,14,buy
8/28,2618,富邦-中壢,9636,36,154,-118,0.57,14,sell
8/28,2618,元大-新盛,9869,105,6,99,0.48,15,buy
8/28,2618,永豐金-三重,003900410039004b,2,100,-98,0.48,15,sell
8/28,3037,花旗環球,1590,2226,280,1946,6.8,1,buy
8/28,3037,摩根大通,8440,1262,1709,-447,1.56,1,sell
8/28,3037,新加坡商瑞銀,1650,1979,743,1236,4.32,2,buy
8/28,3037,群益金鼎-台北,0039003100380058,104,510,-406,1.42,2,sell
8/28,3037,美商高盛,1480,2126,1363,763,2.67,3,buy
8/28,3037,國泰證券,8880,11,396,-385,1.34,3,sell
8/28,3037,台灣摩根士丹利,1470,1889,1440,449,1.57,4,buy
8/28,3037,元大-土城永寧,9875,40,409,-369,1.29,4,sell
8/28,3037,富邦證券,9600,899,686,213,0.74,5,buy
8/28,3037,凱基-台北,9268,665,1002,-337,1.18,5,sell
8/28,3037,美林,1440,338,142,196,0.68,6,buy
8/28,3037,港商野村,1560,170,453,-283,0.99,6,sell
8/28,3037,永豐金-匯立,0039004100380031,217,22,195,0.68,7,buy
8/28,3037,永豐金證券,0039004100300030,126,402,-276,0.96,7,sell
8/28,3037,港商麥格理,1360,179,5,174,0.61,8,buy
8/28,3037,永豐金-萬盛,0039004100390032,64,251,-187,0.65,8,sell
8/28,3037,香港上海匯豐,8960,217,101,116,0.41,9,buy
8/28,3037,國泰-敦南,8888,493,662,-169,0.59,9,sell
8/28,3037,大和國泰,8890,197,105,92,0.32,10,buy
8/28,3037,統一,5850,111,262,-151,0.53,10,sell
8/28,3037,法銀巴黎,8900,84,2,82,0.29,11,buy
8/28,3037,康和,8450,6,118,-112,0.39,11,sell
8/28,3037,統一-南京,0035003800350055,118,38,80,0.28,12,buy
8/28,3037,凱基-竹科,9272,11,115,-104,0.36,12,sell
8/28,3037,中國信託,6160,189,111,78,0.27,13,buy
8/28,3037,富邦-中壢,9636,30,116,-86,0.3,13,sell
8/28,3037,國票-安和,003700370039005a,89,21,68,0.24,14,buy
8/28,3037,永豐金-信義,0039004100390052,1,82,-81,0.28,14,sell
8/28,3037,華南永昌,9300,180,115,65,0.23,15,buy
8/28,3037,合庫-自強,0031003000320043,20,97,-77,0.27,15,sell
8/28,2345,凱基-站前,0039003200300046,173,5,168,7.07,1,buy
8/28,2345,台灣摩根士丹利,1470,28,211,-183,7.71,1,sell
8/28,2345,台新,0039004200300030,116,13,103,4.34,2,buy
8/28,2345,美商高盛,1480,189,300,-111,4.67,2,sell
8/28,2345,國票-天祥,0037003700390056,120,80,40,1.68,3,buy
8/28,2345,摩根大通,8440,44,114,-70,2.95,3,sell
8/28,2345,華南永昌,9300,65,30,35,1.47,4,buy
8/28,2345,香港上海匯豐,8960,5,68,-63,2.65,4,sell
8/28,2345,元大-鳳山,003900380033005a,25,0,25,1.05,5,buy
8/28,2345,統一,5850,15,57,-42,1.77,5,sell
8/28,2345,元大證券,9800,226,201,25,1.05,6,buy
8/28,2345,凱基-台北,9268,90,127,-37,1.56,6,sell
8/28,2345,康和-仁愛,0038003400350046,22,0,22,0.93,7,buy
8/28,2345,新加坡商瑞銀,1650,17,52,-35,1.47,7,sell
8/28,2345,大和國泰,8890,20,0,20,0.84,8,buy
8/28,2345,永豐金-匯立,0039004100380031,9,40,-31,1.31,8,sell
8/28,2345,兆豐-天母,003700300030004c,20,0,20,0.84,9,buy
8/28,2345,花旗環球,1590,8,33,-25,1.05,9,sell
8/28,2345,富邦證券,9600,27,8,19,0.8,10,buy
8/28,2345,港商麥格理,1360,5,29,-24,1.01,10,sell
8/28,2345,國泰證券,8880,18,0,18,0.76,11,buy
8/28,2345,凱基,9200,27,43,-16,0.67,11,sell
8/28,2345,富邦-建國,9658,21,4,17,0.72,12,buy
8/28,2345,港商野村,1560,5,18,-13,0.55,12,sell
8/28,2345,兆豐-松德,0037003000300069,16,1,15,0.63,13,buy
8/28,2345,永豐金證券,0039004100300030,56,68,-12,0.51,13,sell
8/28,2345,台灣企銀,1110,15,2,13,0.55,14,buy
8/28,2345,康和-板橋,0038003400350044,0,10,-10,0.42,14,sell
8/28,2345,國票-敦北法人,0037003700390063,11,0,11,0.46,15,buy
8/28,2345,玉山-桃園,0038003800340046,0,7,-7,0.29,15,sell
8/28,3006,元大-大同,0039003800390047,327,11,316,3.31,1,buy
8/28,3006,元大證券,9800,504,1044,-540,5.66,1,sell
8/28,3006,台灣企銀-豐原,1118,165,0,165,1.73,2,buy
8/28,3006,富邦-新店,9661,19,282,-263,2.76,2,sell
8/28,3006,摩根大通,8440,340,245,95,1.0,3,buy
8/28,3006,港商野村,1560,144,404,-260,2.72,3,sell
8/28,3006,港商麥格理,1360,81,0,81,0.85,4,buy
8/28,3006,群益金鼎-忠孝,0039003100380057,0,194,-194,2.03,4,sell
8/28,3006,永豐金證券,0039004100300030,210,141,69,0.72,5,buy
8/28,3006,宏遠證券,1260,2,151,-149,1.56,5,sell
8/28,3006,元大-花蓮,9856,72,8,64,0.67,6,buy
8/28,3006,兆豐-桃園,003700300030004d,35,111,-76,0.8,6,sell
8/28,3006,元大-三民,0039003800390046,54,6,48,0.5,7,buy
8/28,3006,新加坡商瑞銀,1650,413,475,-62,0.65,7,sell
8/28,3006,宏遠-館前,0031003200360055,56,8,48,0.5,8,buy
8/28,3006,元大-頭份,0039003800330055,221,276,-55,0.58,8,sell
8/28,3006,富邦-中壢,9636,112,71,41,0.43,9,buy
8/28,3006,台灣摩根士丹利,1470,71,120,-49,0.51,9,sell
8/28,3006,元大-台中中港,0039003800390042,41,2,39,0.41,10,buy
8/28,3006,美商高盛,1480,4,51,-47,0.49,10,sell
8/28,3006,永豐金-大園,0039004100390038,43,5,38,0.4,11,buy
8/28,3006,永豐金-新店,0039004100390069,17,63,-46,0.48,11,sell
8/28,3006,永豐金-天母,0039004100390047,50,21,29,0.3,12,buy
8/28,3006,富邦-高雄,9659,4,47,-43,0.45,12,sell
8/28,3006,台新-台中,0039004200310068,39,12,27,0.28,13,buy
8/28,3006,永豐金-竹科,0039004100390058,63,104,-41,0.43,13,sell
8/28,3006,元大-士林,003900380031006a,31,5,26,0.27,14,buy
8/28,3006,中國信託,6160,15,56,-41,0.43,14,sell
8/28,3006,永豐金-竹北,0039004100390050,25,1,24,0.25,15,buy
8/28,3006,永豐金-內湖,0039004100390067,9,50,-41,0.43,15,sell
8/28,2379,兆豐證券,7000,104,0,104,8.98,1,buy
8/28,2379,台灣摩根士丹利,1470,62,309,-247,21.33,1,sell
8/28,2379,美商高盛,1480,135,46,89,7.69,2,buy
8/28,2379,美林,1440,4,148,-144,12.44,2,sell
8/28,2379,摩根大通,8440,111,53,58,5.01,3,buy
8/28,2379,元大證券,9800,32,95,-63,5.44,3,sell
8/28,2379,富邦證券,9600,52,12,40,3.45,4,buy
8/28,2379,凱基-台北,9268,76,126,-50,4.32,4,sell
8/28,2379,永豐金-萬盛,0039004100390032,20,0,20,1.73,5,buy
8/28,2379,花旗環球,1590,16,30,-14,1.21,5,sell
8/28,2379,新加坡商瑞銀,1650,70,52,18,1.55,6,buy
8/28,2379,華南永昌-林口,9317,3,13,-10,0.86,6,sell
8/28,2379,國泰證券,8880,15,0,15,1.3,7,buy
8/28,2379,國票-彰化,0037003700390057,0,6,-6,0.52,7,sell
8/28,2379,華南永昌-中正,9359,14,1,13,1.12,8,buy
8/28,2379,玉山-嘉義,8848,0,6,-6,0.52,8,sell
8/28,2379,港商麥格理,1360,13,0,13,1.12,9,buy
8/28,2379,港商野村,1560,1,6,-5,0.43,9,sell
8/28,2379,凱基-站前,0039003200300046,14,2,12,1.04,10,buy
8/28,2379,新光-新竹,8563,0,4,-4,0.35,10,sell
8/28,2379,永豐金-信義,0039004100390052,10,0,10,0.86,11,buy
8/28,2379,元大-豐原,9838,3,7,-4,0.35,11,sell
8/28,2379,大和國泰,8890,10,0,10,0.86,12,buy
8/28,2379,永豐金-新莊,0039004100390048,0,4,-4,0.35,12,sell
8/28,2379,國泰-板橋,003800380038004b,15,7,8,0.69,13,buy
8/28,2379,台新,0039004200300030,1,5,-4,0.35,13,sell
8/28,2379,元大-新竹經國,9859,7,1,6,0.52,14,buy
8/28,2379,台新-松德,0039004200320061,0,4,-4,0.35,14,sell
8/28,2379,凱基,9200,10,4,6,0.52,15,buy
8/28,2379,第一金-新竹,0035003300380042,1,4,-3,0.26,15,sell
8/28,3034,台灣摩根士丹利,1470,656,174,482,16.92,1,buy
8/28,3034,港商野村,1560,19,907,-888,31.18,1,sell
8/28,3034,凱基,9200,307,11,296,10.39,2,buy
8/28,3034,美林,1440,59,372,-313,10.99,2,sell
8/28,3034,凱基-台北,9268,189,82,107,3.76,3,buy
8/28,3034,兆豐證券,7000,1,53,-52,1.83,3,sell
8/28,3034,新加坡商瑞銀,1650,292,198,94,3.3,4,buy
8/28,3034,花旗環球,1590,13,63,-50,1.76,4,sell
8/28,3034,富邦-羅東,9634,72,1,71,2.49,5,buy
8/28,3034,群益金鼎-高雄,9183,0,21,-21,0.74,5,sell
8/28,3034,法銀巴黎,8900,57,0,57,2.0,6,buy
8/28,3034,凱基-大直,9218,0,10,-10,0.35,6,sell
8/28,3034,兆豐-台中港,7005,49,1,48,1.69,7,buy
8/28,3034,統一-城中,5854,0,10,-10,0.35,7,sell
8/28,3034,元大證券,9800,101,71,30,1.05,8,buy
8/28,3034,台新-中港,0039004200320069,0,10,-10,0.35,8,sell
8/28,3034,摩根大通,8440,172,145,27,0.95,9,buy
8/28,3034,元大-竹科,003900380030004b,1,9,-8,0.28,9,sell
8/28,3034,美商高盛,1480,129,115,14,0.49,10,buy
8/28,3034,第一金-大稻埕,0035003300380046,0,7,-7,0.25,10,sell
8/28,3034,光和-和美,6383,10,0,10,0.35,11,buy
8/28,3034,永豐金-中壢,0039004100390039,0,6,-6,0.21,11,sell
8/28,3034,玉山-信義,0038003800340043,9,0,9,0.32,12,buy
8/28,3034,元大-左營,0039003800390044,0,6,-6,0.21,12,sell
8/28,3034,永全-南崁,6451,11,2,9,0.32,13,buy
8/28,3034,台新,0039004200300030,11,16,-5,0.18,13,sell
8/28,3034,大昌-新店,6464,13,4,9,0.32,14,buy
8/28,3034,元大-台南,9896,0,5,-5,0.18,14,sell
8/28,3034,元大-金華,9878,8,0,8,0.28,15,buy
8/28,3034,臺銀-臺中,0031003000340041,2,7,-5,0.18,15,sell
8/28,2412,元大證券,9800,1386,38,1348,11.52,1,buy
8/28,2412,摩根大通,8440,152,2112,-1960,16.75,1,sell
8/28,2412,合庫-台南,1022,617,40,577,4.93,2,buy
8/28,2412,美商高盛,1480,262,1945,-1683,14.38,2,sell
8/28,2412,中國信託,6160,531,0,531,4.54,3,buy
8/28,2412,新加坡商瑞銀,1650,95,851,-756,6.46,3,sell
8/28,2412,臺銀-臺南,1042,507,2,505,4.32,4,buy
8/28,2412,(牛牛牛)亞證券,6010,0,600,-600,5.13,4,sell
8/28,2412,統一,5850,501,72,429,3.67,5,buy
8/28,2412,港商野村,1560,0,498,-498,4.26,5,sell
8/28,2412,花旗環球,1590,497,80,417,3.56,6,buy
8/28,2412,美林,1440,46,444,-398,3.4,6,sell
8/28,2412,新光,8560,390,50,340,2.91,7,buy
8/28,2412,臺銀,1040,26,302,-276,2.36,7,sell
8/28,2412,凱基-台北,9268,795,503,292,2.5,8,buy
8/28,2412,台新-信義,0039004200320048,806,1021,-215,1.84,8,sell
8/28,2412,富邦證券,9600,253,1,252,2.15,9,buy
8/28,2412,台新,0039004200300030,15,208,-193,1.65,9,sell
8/28,2412,大和國泰,8890,190,0,190,1.62,10,buy
8/28,2412,港商麥格理,1360,2,107,-105,0.9,10,sell
8/28,2412,第一金-台南,5384,123,0,123,1.05,11,buy
8/28,2412,群益金鼎-永和,003900310038004a,139,188,-49,0.42,11,sell
8/28,2412,台灣摩根士丹利,1470,495,373,122,1.04,12,buy
8/28,2412,國票-新莊,0037003700390047,2,50,-48,0.41,12,sell
8/28,2412,玉山-台中,0038003800340042,81,10,71,0.61,13,buy
8/28,2412,亞東-台南,2185,0,44,-44,0.38,13,sell
8/28,2412,富邦-新店,9661,46,0,46,0.39,14,buy
8/28,2412,元大-竹科,003900380030004b,21,56,-35,0.3,14,sell
8/28,2412,元大-台中,9812,43,0,43,0.37,15,buy
8/28,2412,兆豐-小港,0037003000300052,0,34,-34,0.29,15,sell
8/28,0056,元大證券,9800,6368,184,6184,32.11,1,buy
8/28,0056,國泰-敦南,8888,327,897,-570,2.96,1,sell
8/28,0056,凱基-台北,9268,2946,105,2841,14.75,2,buy
8/28,0056,中國信託,6160,298,718,-420,2.18,2,sell
8/28,0056,富邦證券,9600,286,78,208,1.08,3,buy
8/28,0056,永豐金-敦北,0039004100380039,0,268,-268,1.39,3,sell
8/28,0056,國泰證券,8880,203,2,201,1.04,4,buy
8/28,0056,元大-鳳中,0039003800350043,8,263,-255,1.32,4,sell
8/28,0056,凱基-高雄,9206,138,11,127,0.66,5,buy
8/28,0056,元大-草屯,0039003800390045,38,263,-225,1.17,5,sell
8/28,0056,第一金,5380,116,12,104,0.54,6,buy
8/28,0056,國泰-館前,0038003800380041,69,252,-183,0.95,6,sell
8/28,0056,永豐金證券,0039004100300030,263,162,101,0.52,7,buy
8/28,0056,元大-中壢,9834,31,206,-175,0.91,7,sell
8/28,0056,臺銀,1040,167,72,95,0.49,8,buy
8/28,0056,新加坡商瑞銀,1650,521,687,-166,0.86,8,sell
8/28,0056,兆豐證券,7000,107,15,92,0.48,9,buy
8/28,0056,台新-高雄,0039004200310067,29,189,-160,0.83,9,sell
8/28,0056,玉山-大里,003800380034004a,95,13,82,0.43,10,buy
8/28,0056,元大-桃興,9894,7,162,-155,0.8,10,sell
8/28,0056,富邦-樹林,0039003600320045,92,14,78,0.41,11,buy
8/28,0056,宏遠-光隆,0031003200360069,4,133,-129,0.67,11,sell
8/28,0056,兆豐-三重,7008,61,5,56,0.29,12,buy
8/28,0056,元大-大里,0039003800310067,12,135,-123,0.64,12,sell
8/28,0056,富邦-新莊,0039003600320044,66,11,55,0.29,13,buy
8/28,0056,元大-龍潭,9858,26,149,-123,0.64,13,sell
8/28,0056,新光,8560,297,248,49,0.25,14,buy
8/28,0056,台新-三民,0039004200310033,4,124,-120,0.62,14,sell
8/28,0056,富邦-永康,003900360031005a,55,6,49,0.25,15,buy
8/28,0056,富邦-花蓮,9621,27,142,-115,0.6,15,sell
8/28,2408,新加坡商瑞銀,1650,5128,2397,2731,3.54,1,buy
8/28,2408,元大證券,9800,6762,9965,-3203,4.16,1,sell
8/28,2408,美商高盛,1480,4287,2986,1301,1.69,2,buy
8/28,2408,凱基,9200,22,847,-825,1.07,2,sell
8/28,2408,法銀巴黎,8900,455,28,427,0.55,3,buy
8/28,2408,富邦證券,9600,248,964,-716,0.93,3,sell
8/28,2408,台灣摩根士丹利,1470,5636,5361,275,0.36,4,buy
8/28,2408,摩根大通,8440,1270,1738,-468,0.61,4,sell
8/28,2408,玉山-城中,0038003800340045,261,83,178,0.23,5,buy
8/28,2408,統一,5850,234,631,-397,0.52,5,sell
8/28,2408,凱基-站前,0039003200300046,343,182,161,0.21,6,buy
8/28,2408,台新-安南,003900420032005a,28,418,-390,0.51,6,sell
8/28,2408,凱基-高美館,9215,266,119,147,0.19,7,buy
8/28,2408,永豐金證券,0039004100300030,727,1047,-320,0.42,7,sell
8/28,2408,國泰-敦南,8888,2402,2274,128,0.17,8,buy
8/28,2408,美林,1440,628,938,-310,0.4,8,sell
8/28,2408,中國信託-高雄,003600310036004b,236,114,122,0.16,9,buy
8/28,2408,台新,0039004200300030,502,752,-250,0.32,9,sell
8/28,2408,台新-五權西,0039004200320035,352,230,122,0.16,10,buy
8/28,2408,第一金,5380,29,245,-216,0.28,10,sell
8/28,2408,美好-富順,003500320036004b,131,9,122,0.16,11,buy
8/28,2408,港商野村,1560,310,475,-165,0.21,11,sell
8/28,2408,凱基-台南,9211,154,34,120,0.16,12,buy
8/28,2408,華南永昌,9300,125,285,-160,0.21,12,sell
8/28,2408,永豐金-市政,0039004100390057,246,128,118,0.15,13,buy
8/28,2408,港商麥格理,1360,37,183,-146,0.19,13,sell
8/28,2408,國票-安和,003700370039005a,168,55,113,0.15,14,buy
8/28,2408,中國信託,6160,177,316,-139,0.18,14,sell
8/28,2408,台新-西松,003900420032006e,132,23,109,0.14,15,buy
8/28,2408,富邦-永康,003900360031005a,22,160,-138,0.18,15,sell
8/28,2883,摩根大通,8440,3355,443,2912,14.3,1,buy
8/28,2883,宏遠-光隆,0031003200360069,0,1337,-1337,6.56,1,sell
8/28,2883,美商高盛,1480,2750,744,2006,9.85,2,buy
8/28,2883,花旗環球,1590,246,1075,-829,4.07,2,sell
8/28,2883,港商野村,1560,1309,48,1261,6.19,3,buy
8/28,2883,玉山-桃園,0038003800340046,46,332,-286,1.4,3,sell
8/28,2883,凱基-台北,9268,1910,822,1088,5.34,4,buy
8/28,2883,兆豐-台中港,7005,2,275,-273,1.34,4,sell
8/28,2883,元大證券,9800,1931,949,982,4.82,5,buy
8/28,2883,新光,8560,14,285,-271,1.33,5,sell
8/28,2883,新加坡商瑞銀,1650,1185,305,880,4.32,6,buy
8/28,2883,臺銀-臺中,0031003000340041,0,210,-210,1.03,6,sell
8/28,2883,美林,1440,694,100,594,2.92,7,buy
8/28,2883,永豐金-高雄,0039004100390065,3,211,-208,1.02,7,sell
8/28,2883,國泰-松江,8883,681,162,519,2.55,8,buy
8/28,2883,國泰-敦南,8888,69,253,-184,0.9,8,sell
8/28,2883,大和國泰,8890,509,0,509,2.5,9,buy
8/28,2883,台新,0039004200300030,10,185,-175,0.86,9,sell
8/28,2883,香港上海匯豐,8960,411,10,401,1.97,10,buy
8/28,2883,凱基-中山,9229,1,150,-149,0.73,10,sell
8/28,2883,永豐金-匯立,0039004100380031,282,0,282,1.38,11,buy
8/28,2883,元大-大雅,0039003800330069,0,132,-132,0.65,11,sell
8/28,2883,台灣摩根士丹利,1470,1886,1761,125,0.61,12,buy
8/28,2883,凱基-站前,0039003200300046,13,140,-127,0.62,12,sell
8/28,2883,兆豐-桃園,003700300030004d,121,14,107,0.53,13,buy
8/28,2883,富邦-嘉義,9692,2,123,-121,0.59,13,sell
8/28,2883,華南永昌-中正,9359,60,10,50,0.25,14,buy
8/28,2883,國泰-館前,0038003800380041,6,123,-117,0.57,14,sell
8/28,2883,群益金鼎-大甲,0039003100380067,50,1,49,0.24,15,buy
8/28,2883,永豐金證券,0039004100300030,52,160,-108,0.53,15,sell
8/28,1605,富邦證券,9600,2070,102,1968,11.04,1,buy
8/28,1605,凱基-斗六,9281,12,1020,-1008,5.66,1,sell
8/28,1605,凱基-台北,9268,1617,678,939,5.27,2,buy
8/28,1605,中國信託,6160,21,831,-810,4.54,2,sell
8/28,1605,台灣摩根士丹利,1470,1200,371,829,4.65,3,buy
8/28,1605,國票-敦北法人,0037003700390063,5,623,-618,3.47,3,sell
8/28,1605,摩根大通,8440,821,185,636,3.57,4,buy
8/28,1605,元大證券,9800,517,1094,-577,3.24,4,sell
8/28,1605,永豐金-南京,0039004100390053,533,5,528,2.96,5,buy
8/28,1605,新加坡商瑞銀,1650,333,716,-383,2.15,5,sell
8/28,1605,中國信託-忠孝,6162,353,11,342,1.92,6,buy
8/28,1605,元大-太平,0039003800310051,51,401,-350,1.96,6,sell
8/28,1605,凱基-竹東,9273,284,1,283,1.59,7,buy
8/28,1605,元大-中和,0039003800390065,4,210,-206,1.16,7,sell
8/28,1605,玉山-台中,0038003800340042,257,4,253,1.42,8,buy
8/28,1605,元大-福營,0039003800310046,8,160,-152,0.85,8,sell
8/28,1605,港商麥格理,1360,191,0,191,1.07,9,buy
8/28,1605,美商高盛,1480,801,934,-133,0.75,9,sell
8/28,1605,國泰-敦南,8888,416,235,181,1.02,10,buy
8/28,1605,國泰-桃園,8885,55,175,-120,0.67,10,sell
8/28,1605,統一-南京,0035003800350055,185,6,179,1.0,11,buy
8/28,1605,元大-北投,0039003800390041,6,119,-113,0.63,11,sell
8/28,1605,元大-台北,0039003800300068,161,8,153,0.86,12,buy
8/28,1605,花旗環球,1590,71,184,-113,0.63,12,sell
8/28,1605,元大-斗六,0039003800300043,102,8,94,0.53,13,buy
8/28,1605,永豐金-中正,0039004100390055,1,109,-108,0.61,13,sell
8/28,1605,美林,1440,144,50,94,0.53,14,buy
8/28,1605,凱基-板橋,0039003200300041,10,105,-95,0.53,14,sell
8/28,1605,國泰-高雄,8881,109,31,78,0.44,15,buy
8/28,1605,元大-民雄,0039003800310056,13,103,-90,0.5,15,sell
8/28,2886,台灣摩根士丹利,1470,15602,615,14987,24.09,1,buy
8/28,2886,台新,0039004200300030,27,13799,-13772,22.14,1,sell
8/28,2886,美商高盛,1480,8955,303,8652,13.91,2,buy
8/28,2886,國泰證券,8880,13,2111,-2098,3.37,2,sell
8/28,2886,摩根大通,8440,8947,1198,7749,12.46,3,buy
8/28,2886,玉山證券,8840,7,1815,-1808,2.91,3,sell
8/28,2886,新加坡商瑞銀,1650,4800,828,3972,6.39,4,buy
8/28,2886,法銀巴黎,8900,0,1429,-1429,2.3,4,sell
8/28,2886,元大證券,9800,6528,3583,2945,4.73,5,buy
8/28,2886,永豐金-萬盛,0039004100390032,3,1342,-1339,2.15,5,sell
8/28,2886,美林,1440,3978,1545,2433,3.91,6,buy
8/28,2886,富邦證券,9600,82,1416,-1334,2.14,6,sell
8/28,2886,凱基-台北,9268,5264,2934,2330,3.75,7,buy
8/28,2886,華南永昌,9300,6,1133,-1127,1.81,7,sell
8/28,2886,港商野村,1560,1464,172,1292,2.08,8,buy
8/28,2886,台中銀,6110,10,1048,-1038,1.67,8,sell
8/28,2886,香港上海匯豐,8960,145,0,145,0.23,9,buy
8/28,2886,國泰-敦南,8888,102,962,-860,1.38,9,sell
8/28,2886,國票證券,7790,93,10,83,0.13,10,buy
8/28,2886,富邦-陽明,9604,5,665,-660,1.06,10,sell
8/28,2886,凱基,9200,112,77,35,0.06,11,buy
8/28,2886,花旗環球,1590,323,944,-621,1.0,11,sell
8/28,2886,凱基-中港,9202,34,11,23,0.04,12,buy
8/28,2886,富邦-青埔,003900360031004e,3,603,-600,0.96,12,sell
8/28,2886,元大-新莊,9898,49,30,19,0.03,13,buy
8/28,2886,港商麥格理,1360,0,498,-498,0.8,13,sell
8/28,2886,富邦-岡山,9616,20,3,17,0.03,14,buy
8/28,2886,統一,5850,48,525,-477,0.77,14,sell
8/28,2886,台新-台北,0039004200320030,20,3,17,0.03,15,buy
8/28,2886,新光,8560,168,629,-461,0.74,15,sell
8/28,0050,永豐金證券,0039004100300030,18441,3398,15043,19.25,1,buy
8/28,0050,國泰-敦南,8888,876,4122,-3246,4.15,1,sell
8/28,0050,富邦證券,9600,14382,81,14301,18.3,2,buy
8/28,0050,法銀巴黎,8900,3,1901,-1898,2.43,2,sell
8/28,0050,凱基-台北,9268,11139,2961,8178,10.46,3,buy
8/28,0050,中國信託,6160,429,1444,-1015,1.3,3,sell
8/28,0050,元大證券,9800,8806,5825,2981,3.81,4,buy
8/28,0050,華南永昌-古亭,9309,0,967,-967,1.24,4,sell
8/28,0050,台新,0039004200300030,2698,1039,1659,2.12,5,buy
8/28,0050,國票-敦北法人,0037003700390063,0,816,-816,1.04,5,sell
8/28,0050,國泰證券,8880,1163,20,1143,1.46,6,buy
8/28,0050,富邦-仁愛,9676,63,741,-678,0.87,6,sell
8/28,0050,凱基,9200,739,5,734,0.94,7,buy
8/28,0050,國票-安和,003700370039005a,4,507,-503,0.64,7,sell
8/28,0050,美商高盛,1480,541,135,406,0.52,8,buy
8/28,0050,元大-新竹,9816,16,470,-454,0.58,8,sell
8/28,0050,第一金,5380,310,67,243,0.31,9,buy
8/28,0050,國泰-台中,8882,121,546,-425,0.54,9,sell
8/28,0050,兆豐證券,7000,264,61,203,0.26,10,buy
8/28,0050,元大-蘆洲中正,0039003800390049,8,394,-386,0.49,10,sell
8/28,0050,臺銀,1040,385,182,203,0.26,11,buy
8/28,0050,國泰-館前,0038003800380041,99,480,-381,0.49,11,sell
8/28,0050,群益金鼎-天母,0039003100380050,240,43,197,0.25,12,buy
8/28,0050,新加坡商瑞銀,1650,1308,1670,-362,0.46,12,sell
8/28,0050,新光,8560,945,761,184,0.24,13,buy
8/28,0050,台新-高雄,0039004200310067,62,404,-342,0.44,13,sell
8/28,0050,聯邦證券,8580,220,49,171,0.22,14,buy
8/28,0050,統一,5850,273,615,-342,0.44,14,sell
8/28,0050,元大-信義安和,0039003800300052,154,10,144,0.18,15,buy
8/28,0050,國泰-板橋,003800380038004b,187,520,-333,0.43,15,sell
8/28,6770,台灣摩根士丹利,1470,8371,5252,3119,2.45,1,buy
8/28,6770,凱基-台北,9268,5390,6603,-1213,0.95,1,sell
8/28,6770,美林,1440,2396,682,1714,1.34,2,buy
8/28,6770,美商高盛,1480,5204,6202,-998,0.78,2,sell
8/28,6770,摩根大通,8440,2703,2247,456,0.36,3,buy
8/28,6770,新加坡商瑞銀,1650,3809,4691,-882,0.69,3,sell
8/28,6770,富邦-永和,9654,936,552,384,0.3,4,buy
8/28,6770,元大證券,9800,8668,9191,-523,0.41,4,sell
8/28,6770,富隆證券,5110,420,80,340,0.27,5,buy
8/28,6770,富邦-新板,0039003600310048,85,400,-315,0.25,5,sell
8/28,6770,凱基-林口,9257,461,128,333,0.26,6,buy
8/28,6770,永豐金證券,0039004100300030,923,1177,-254,0.2,6,sell
8/28,6770,群益金鼎-大安,0039003100380065,630,304,326,0.26,7,buy
8/28,6770,元大-佳里,0039003800310065,541,795,-254,0.2,7,sell
8/28,6770,兆豐-台中,7003,348,51,297,0.23,8,buy
8/28,6770,富邦-建國,9658,255,463,-208,0.16,8,sell
8/28,6770,台新-高雄,0039004200310067,414,207,207,0.16,9,buy
8/28,6770,台新-五權西,0039004200320035,211,417,-206,0.16,9,sell
8/28,6770,華南永昌-嘉義,9314,980,800,180,0.14,10,buy
8/28,6770,凱基-東港,9212,102,292,-190,0.15,10,sell
8/28,6770,元大-鹿港,0039003800390053,365,188,177,0.14,11,buy
8/28,6770,永豐金-桃園,0039004100390078,147,310,-163,0.13,11,sell
8/28,6770,元大-忠孝,9871,975,803,172,0.13,12,buy
8/28,6770,第一金-頭份,0035003300380049,90,233,-143,0.11,12,sell
8/28,6770,元大-板橋,0039003800390043,287,124,163,0.13,13,buy
8/28,6770,台新-松江,0039004200310035,14,157,-143,0.11,13,sell
8/28,6770,兆豐-新竹,0037003000300056,206,63,143,0.11,14,buy
8/28,6770,台新,0039004200300030,837,979,-142,0.11,14,sell
8/28,6770,永豐金-板新,003900410039004a,442,303,139,0.11,15,buy
8/28,6770,新光,8560,798,935,-137,0.11,15,sell
8/28,1216,台灣摩根士丹利,1470,1162,604,558,5.44,1,buy
8/28,1216,摩根大通,8440,153,1534,-1381,13.45,1,sell
8/28,1216,元大證券,9800,497,235,262,2.55,2,buy
8/28,1216,玉山證券,8840,8,1052,-1044,10.17,2,sell
8/28,1216,第一金,5380,126,0,126,1.23,3,buy
8/28,1216,中國信託,6160,6,917,-911,8.87,3,sell
8/28,1216,華南永昌-東勢,9358,125,0,125,1.22,4,buy
8/28,1216,國泰證券,8880,1,710,-709,6.91,4,sell
8/28,1216,福勝,6950,119,0,119,1.16,5,buy
8/28,1216,凱基-站前,0039003200300046,10,501,-491,4.78,5,sell
8/28,1216,元大-敦化,9833,105,2,103,1.0,6,buy
8/28,1216,新加坡商瑞銀,1650,606,1082,-476,4.64,6,sell
8/28,1216,元大-上新莊,0039003800330047,101,0,101,0.98,7,buy
8/28,1216,港商野村,1560,4,219,-215,2.09,7,sell
8/28,1216,元大-板橋,0039003800390043,90,10,80,0.78,8,buy
8/28,1216,花旗環球,1590,90,220,-130,1.27,8,sell
8/28,1216,聯邦-台南,8588,77,0,77,0.75,9,buy
8/28,1216,永豐金證券,0039004100300030,55,161,-106,1.03,9,sell
8/28,1216,統一-台南,5855,70,2,68,0.66,10,buy
8/28,1216,美商高盛,1480,1132,1233,-101,0.98,10,sell
8/28,1216,玉山-台南,8847,66,0,66,0.64,11,buy
8/28,1216,美林,1440,58,131,-73,0.71,11,sell
8/28,1216,元大-雙和,9874,64,0,64,0.62,12,buy
8/28,1216,國票證券,7790,5,60,-55,0.54,12,sell
8/28,1216,永豐金-中壢,0039004100390039,60,0,60,0.58,13,buy
8/28,1216,永豐金-板新,003900410039004a,4,41,-37,0.36,13,sell
8/28,1216,亞東-新竹,2184,60,0,60,0.58,14,buy
8/28,1216,群益金鼎-土城,003900310033004e,2,32,-30,0.29,14,sell
8/28,1216,臺銀-高雄,0031003000340043,59,1,58,0.57,15,buy
8/28,1216,凱基-大里,0039003200300057,0,30,-30,0.29,15,sell
8/28,2324,新加坡商瑞銀,1650,3217,235,2982,6.84,1,buy
8/28,2324,美林,1440,856,5098,-4242,9.73,1,sell
8/28,2324,凱基-台北,9268,4134,1866,2268,5.2,2,buy
8/28,2324,摩根大通,8440,1081,2874,-1793,4.11,2,sell
8/28,2324,美商高盛,1480,3720,3309,411,0.94,3,buy
8/28,2324,永豐金-匯立,0039004100380031,0,420,-420,0.96,3,sell
8/28,2324,元大-太平,0039003800310051,465,123,342,0.78,4,buy
8/28,2324,花旗環球,1590,84,473,-389,0.89,4,sell
8/28,2324,富邦-陽明,9604,551,230,321,0.74,5,buy
8/28,2324,富邦-三重,9677,28,320,-292,0.67,5,sell
8/28,2324,玉山-嘉義,8848,331,28,303,0.7,6,buy
8/28,2324,台灣摩根士丹利,1470,3402,3635,-233,0.53,6,sell
8/28,2324,永豐金-竹科,0039004100390058,248,7,241,0.55,7,buy
8/28,2324,兆豐-台南,7006,1,226,-225,0.52,7,sell
8/28,2324,統一-永和,0035003800350042,206,2,204,0.47,8,buy
8/28,2324,口袋證券,6620,67,262,-195,0.45,8,sell
8/28,2324,港商野村,1560,224,58,166,0.38,9,buy
8/28,2324,凱基,9200,0,184,-184,0.42,9,sell
8/28,2324,元大-三民,0039003800390046,196,35,161,0.37,10,buy
8/28,2324,兆豐-竹北,7007,7,171,-164,0.38,10,sell
8/28,2324,台新-高雄,0039004200310067,178,43,135,0.31,11,buy
8/28,2324,凱基-城中,9227,42,201,-159,0.36,11,sell
8/28,2324,永豐金證券,0039004100300030,311,195,116,0.27,12,buy
8/28,2324,元大-萬華,0039003800310071,10,138,-128,0.29,12,sell
8/28,2324,元大-木柵,003900380033004d,119,4,115,0.26,13,buy
8/28,2324,國泰-台中,8882,199,326,-127,0.29,13,sell
8/28,2324,第一金-彰化,5386,145,33,112,0.26,14,buy
8/28,2324,合庫-高雄,1023,17,143,-126,0.29,14,sell
8/28,2324,元大-西屯,0039003800300077,193,82,111,0.25,15,buy
8/28,2324,亞東-高雄,2186,0,120,-120,0.28,15,sell
8/28,1402,京城-嘉義,8492,469,0,469,5.2,1,buy
8/28,1402,台灣摩根士丹利,1470,48,1743,-1695,18.8,1,sell
8/28,1402,美林,1440,443,4,439,4.87,2,buy
8/28,1402,摩根大通,8440,31,796,-765,8.49,2,sell
8/28,1402,元大證券,9800,562,316,246,2.73,3,buy
8/28,1402,美商高盛,1480,477,1165,-688,7.63,3,sell
8/28,1402,群益金鼎-台南,9185,165,0,165,1.83,4,buy
8/28,1402,凱基-台北,9268,207,841,-634,7.03,4,sell
8/28,1402,新光,8560,242,85,157,1.74,5,buy
8/28,1402,國泰-忠孝,8887,0,520,-520,5.77,5,sell
8/28,1402,國泰-敦南,8888,151,38,113,1.25,6,buy
8/28,1402,花旗環球,1590,43,515,-472,5.24,6,sell
8/28,1402,宏遠-館前,0031003200360055,100,0,100,1.11,7,buy
8/28,1402,港商野村,1560,0,319,-319,3.54,7,sell
8/28,1402,元大-蘆洲,9857,85,0,85,0.94,8,buy
8/28,1402,凱基-桃園,9208,9,125,-116,1.29,8,sell
8/28,1402,凱基-台南,9211,83,0,83,0.92,9,buy
8/28,1402,台新-桃園,0039004200320076,0,100,-100,1.11,9,sell
8/28,1402,元大-內湖,003900380039004e,100,17,83,0.92,10,buy
8/28,1402,元大-草屯,0039003800390045,12,103,-91,1.01,10,sell
8/28,1402,兆豐-三民,0037003000300068,80,0,80,0.89,11,buy
8/28,1402,群益金鼎-開元,9134,2,51,-49,0.54,11,sell
8/28,1402,玉山-信義,0038003800340043,74,0,74,0.82,12,buy
8/28,1402,富邦-內湖,9627,2,35,-33,0.37,12,sell
8/28,1402,臺銀,1040,68,0,68,0.75,13,buy
8/28,1402,國泰-台中,8882,23,54,-31,0.34,13,sell
8/28,1402,凱基-站前,0039003200300046,66,0,66,0.73,14,buy
8/28,1402,臺銀-臺中,0031003000340041,2,31,-29,0.32,14,sell
8/28,1402,(牛牛牛)亞-鑫豐,0036003000310064,56,0,56,0.62,15,buy
8/28,1402,元大-花蓮,9856,1,28,-27,0.3,15,sell
8/28,1815,台灣摩根士丹利,1470,12013,3628,8385,6.51,1,buy
8/28,1815,永豐金-忠孝,0039004100390044,76,1301,-1225,0.95,1,sell
8/28,1815,美商高盛,1480,8640,3359,5281,4.1,2,buy
8/28,1815,國泰-敦南,8888,2553,3740,-1187,0.92,2,sell
8/28,1815,摩根大通,8440,4917,528,4389,3.41,3,buy
8/28,1815,台新-城東,0039004200320072,62,1124,-1062,0.82,3,sell
8/28,1815,凱基-台北,9268,8970,5631,3339,2.59,4,buy
8/28,1815,華南永昌-南京,9326,201,1119,-918,0.71,4,sell
8/28,1815,新加坡商瑞銀,1650,3114,1642,1472,1.14,5,buy
8/28,1815,群益金鼎-松山,9103,50,935,-885,0.69,5,sell
8/28,1815,元大證券,9800,14027,12661,1366,1.06,6,buy
8/28,1815,新光,8560,707,1257,-550,0.43,6,sell
8/28,1815,凱基-城中,9227,1533,492,1041,0.81,7,buy
8/28,1815,台新-台中,0039004200310068,238,743,-505,0.39,7,sell
8/28,1815,兆豐證券,7000,1274,279,995,0.77,8,buy
8/28,1815,台新-台南,0039004200310036,78,468,-390,0.3,8,sell
8/28,1815,富邦-嘉義,9692,1245,310,935,0.73,9,buy
8/28,1815,群益金鼎-彰化,9187,49,393,-344,0.27,9,sell
8/28,1815,富邦-仁愛,9676,1193,285,908,0.71,10,buy
8/28,1815,群益金鼎-敦南,9101,31,362,-331,0.26,10,sell
8/28,1815,永豐金-敦南,0039004100380046,869,190,679,0.53,11,buy
8/28,1815,永全-南崁,6451,25,310,-285,0.22,11,sell
8/28,1815,港商麥格理,1360,640,0,640,0.5,12,buy
8/28,1815,中國信託,6160,278,554,-276,0.21,12,sell
8/28,1815,富邦證券,9600,951,322,629,0.49,13,buy
8/28,1815,群益金鼎-土城,003900310033004e,32,288,-256,0.2,13,sell
8/28,1815,凱基,9200,1291,693,598,0.46,14,buy
8/28,1815,凱基-竹科,9272,87,343,-256,0.2,14,sell
8/28,1815,華南永昌,9300,896,377,519,0.4,15,buy
8/28,1815,永豐金-員林,0039004100390043,54,303,-249,0.19,15,sell
8/28,2892,台灣摩根士丹利,1470,17823,195,17628,26.24,1,buy
8/28,2892,台新,0039004200300030,24,18343,-18319,27.27,1,sell
8/28,2892,凱基-台北,9268,12236,3285,8951,13.32,2,buy
8/28,2892,國泰證券,8880,8,5000,-4992,7.43,2,sell
8/28,2892,美商高盛,1480,7764,842,6922,10.3,3,buy
8/28,2892,土銀,1030,0,1311,-1311,1.95,3,sell
8/28,2892,美林,1440,4968,667,4301,6.4,4,buy
8/28,2892,玉山證券,8840,26,815,-789,1.17,4,sell
8/28,2892,摩根大通,8440,7862,5163,2699,4.02,5,buy
8/28,2892,國票-敦北法人,0037003700390063,0,504,-504,0.75,5,sell
8/28,2892,港商野村,1560,1577,62,1515,2.26,6,buy
8/28,2892,玉山-高雄,8843,27,495,-468,0.7,6,sell
8/28,2892,新加坡商瑞銀,1650,6113,5156,957,1.42,7,buy
8/28,2892,第一金-路竹,0035003300380050,2,402,-400,0.6,7,sell
8/28,2892,元大證券,9800,3343,2663,680,1.01,8,buy
8/28,2892,兆豐-竹北,7007,0,345,-345,0.51,8,sell
8/28,2892,凱基-大直,9218,100,0,100,0.15,9,buy
8/28,2892,群益金鼎-彰化,9187,100,424,-324,0.48,9,sell
8/28,2892,富邦-板橋,9655,112,39,73,0.11,10,buy
8/28,2892,兆豐-寶成,0037003000300072,1,309,-308,0.46,10,sell
8/28,2892,法銀巴黎,8900,57,0,57,0.08,11,buy
8/28,2892,國泰-桃園,8885,8,314,-306,0.46,11,sell
8/28,2892,元大-花蓮,9856,43,7,36,0.05,12,buy
8/28,2892,國泰-敦南,8888,108,405,-297,0.44,12,sell
8/28,2892,臺銀-新竹,1045,36,0,36,0.05,13,buy
8/28,2892,花旗環球,1590,604,866,-262,0.39,13,sell
8/28,2892,第一金-嘉義,003500330038004d,108,77,31,0.05,14,buy
8/28,2892,新光,8560,65,285,-220,0.33,14,sell
8/28,2892,台灣企銀,1110,72,44,28,0.04,15,buy
8/28,2892,元大-竹科,003900380030004b,3,218,-215,0.32,15,sell
8/28,2002,元大-士林,003900380031006a,967,2,965,4.28,1,buy
8/28,2002,台灣摩根士丹利,1470,59,3776,-3717,16.48,1,sell
8/28,2002,國票-安和,003700370039005a,947,0,947,4.2,2,buy
8/28,2002,美商高盛,1480,820,3535,-2715,12.04,2,sell
8/28,2002,元大-中壢,9834,476,51,425,1.88,3,buy
8/28,2002,凱基-台北,9268,143,1935,-1792,7.95,3,sell
8/28,2002,玉山-左營,0038003800340044,423,1,422,1.87,4,buy
8/28,2002,新加坡商瑞銀,1650,301,1747,-1446,6.41,4,sell
8/28,2002,康和-台南,8458,373,0,373,1.65,5,buy
8/28,2002,摩根大通,8440,107,1470,-1363,6.04,5,sell
8/28,2002,臺銀-高雄,0031003000340043,352,6,346,1.53,6,buy
8/28,2002,京城-嘉義,8492,12,755,-743,3.29,6,sell
8/28,2002,台新-屏東,003900420031006e,341,2,339,1.5,7,buy
8/28,2002,永豐金-羅東,0039004100390041,20,523,-503,2.23,7,sell
8/28,2002,兆豐證券,7000,296,0,296,1.31,8,buy
8/28,2002,第一金-忠孝,0035003300380044,2,303,-301,1.33,8,sell
8/28,2002,華南永昌-台中,9302,315,34,281,1.25,9,buy
8/28,2002,花旗環球,1590,549,794,-245,1.09,9,sell
8/28,2002,新光,8560,380,112,268,1.19,10,buy
8/28,2002,港商野村,1560,291,508,-217,0.96,10,sell
8/28,2002,凱基-城中,9227,311,50,261,1.16,11,buy
8/28,2002,永全-南崁,6451,0,203,-203,0.9,11,sell
8/28,2002,元大-基隆孝二,003900380036004b,207,2,205,0.91,12,buy
8/28,2002,統一-松江,003500380035005a,0,200,-200,0.89,12,sell
8/28,2002,元大-發財,0039003800310045,203,1,202,0.9,13,buy
8/28,2002,元大-忠孝,9871,3,201,-198,0.88,13,sell
8/28,2002,富邦-斗六,0039003600320047,207,9,198,0.88,14,buy
8/28,2002,台新-新營,0039004200310031,34,208,-174,0.77,14,sell
8/28,2002,永豐金-三重,003900410039004b,196,18,178,0.79,15,buy
8/28,2002,元大-竹科,003900380030004b,4,177,-173,0.77,15,sell
8/28,2301,台灣摩根士丹利,1470,11819,2103,9716,19.69,1,buy
8/28,2301,摩根大通,8440,2299,4381,-2082,4.22,1,sell
8/28,2301,港商麥格理,1360,1049,15,1034,2.1,2,buy
8/28,2301,美商高盛,1480,3961,5973,-2012,4.08,2,sell
8/28,2301,香港上海匯豐,8960,971,21,950,1.92,3,buy
8/28,2301,永豐金-匯立,0039004100380031,0,952,-952,1.93,3,sell
8/28,2301,華南永昌,9300,557,82,475,0.96,4,buy
8/28,2301,元大證券,9800,3841,4681,-840,1.7,4,sell
8/28,2301,大和國泰,8890,349,0,349,0.71,5,buy
8/28,2301,新加坡商瑞銀,1650,668,1495,-827,1.68,5,sell
8/28,2301,玉山證券,8840,459,128,331,0.67,6,buy
8/28,2301,凱基-台北,9268,2204,2721,-517,1.05,6,sell
8/28,2301,群益金鼎,9100,854,564,290,0.59,7,buy
8/28,2301,花旗環球,1590,59,335,-276,0.56,7,sell
8/28,2301,凱基,9200,328,80,248,0.5,8,buy
8/28,2301,美林,1440,531,783,-252,0.51,8,sell
8/28,2301,華南永昌-世貿,9334,254,15,239,0.48,9,buy
8/28,2301,國泰-敦南,8888,819,1044,-225,0.46,9,sell
8/28,2301,兆豐證券,7000,201,7,194,0.39,10,buy
8/28,2301,元大-大同,0039003800390047,19,182,-163,0.33,10,sell
8/28,2301,群益金鼎-台北,0039003100380058,257,149,108,0.22,11,buy
8/28,2301,福邦證券,6480,4,139,-135,0.27,11,sell
8/28,2301,統一,5850,201,94,107,0.22,12,buy
8/28,2301,港商野村,1560,51,169,-118,0.24,12,sell
8/28,2301,台新-台北,0039004200320030,152,49,103,0.21,13,buy
8/28,2301,永豐金-南京,0039004100390053,24,138,-114,0.23,13,sell
8/28,2301,台新,0039004200300030,336,241,95,0.19,14,buy
8/28,2301,富邦-台北,9623,86,196,-110,0.22,14,sell
8/28,2301,國泰-新莊,8886,140,52,88,0.18,15,buy
8/28,2301,國票-天祥,0037003700390056,16,119,-103,0.21,15,sell
8/28,0052,凱基-台北,9268,5883,168,5715,37.52,1,buy
8/28,0052,統一,5850,520,1338,-818,5.37,1,sell
8/28,0052,元大證券,9800,1928,749,1179,7.74,2,buy
8/28,0052,台新,0039004200300030,270,720,-450,2.95,2,sell
8/28,0052,群益金鼎,9100,1050,17,1033,6.78,3,buy
8/28,0052,國泰-敦南,8888,238,622,-384,2.52,3,sell
8/28,0052,富邦證券,9600,516,24,492,3.23,4,buy
8/28,0052,永豐金證券,0039004100300030,160,486,-326,2.14,4,sell
8/28,0052,國泰證券,8880,190,10,180,1.18,5,buy
8/28,0052,亞東-板橋,2181,1,203,-202,1.33,5,sell
8/28,0052,臺銀,1040,134,7,127,0.83,6,buy
8/28,0052,國泰-台中,8882,49,175,-126,0.83,6,sell
8/28,0052,中國信託,6160,102,34,68,0.45,7,buy
8/28,0052,富邦-建國,9658,15,137,-122,0.8,7,sell
8/28,0052,元大-和平,9863,60,3,57,0.37,8,buy
8/28,0052,凱基-台南,9211,11,133,-122,0.8,8,sell
8/28,0052,元大-南屯,9853,45,5,40,0.26,9,buy
8/28,0052,國泰-桃園,8885,9,118,-109,0.72,9,sell
8/28,0052,凱基-內埔,9225,38,3,35,0.23,10,buy
8/28,0052,國泰-板橋,003800380038004b,24,126,-102,0.67,10,sell
8/28,0052,國泰-新莊,8886,111,81,30,0.2,11,buy
8/28,0052,台新-安南,003900420032005a,2,103,-101,0.66,11,sell
8/28,0052,群益金鼎-嘉義,003900310038004d,35,7,28,0.18,12,buy
8/28,0052,康和-仁愛,0038003400350046,0,100,-100,0.66,12,sell
8/28,0052,康和,8450,186,159,27,0.18,13,buy
8/28,0052,新加坡商瑞銀,1650,587,683,-96,0.63,13,sell
8/28,0052,兆豐-新竹,0037003000300056,28,3,25,0.16,14,buy
8/28,0052,台新-高雄,0039004200310067,14,105,-91,0.6,14,sell
8/28,0052,兆豐-桃園,003700300030004d,33,9,24,0.16,15,buy
8/28,0052,永豐金-竹科,0039004100390058,3,88,-85,0.56,15,sell
8/28,2834,凱基-台北,9268,6362,602,5760,17.27,1,buy
8/28,2834,元大證券,9800,703,5607,-4904,14.7,1,sell
8/28,2834,台灣摩根士丹利,1470,5904,647,5257,15.76,2,buy
8/28,2834,華南永昌-台南,9306,2,4255,-4253,12.75,2,sell
8/28,2834,美林,1440,2404,543,1861,5.58,3,buy
8/28,2834,永豐金-敦南,0039004100380046,3,3950,-3947,11.83,3,sell
8/28,2834,美商高盛,1480,3901,2054,1847,5.54,4,buy
8/28,2834,台新-草屯,0039004200320058,0,1907,-1907,5.72,4,sell
8/28,2834,摩根大通,8440,2356,1354,1002,3.0,5,buy
8/28,2834,新加坡商瑞銀,1650,565,1159,-594,1.78,5,sell
8/28,2834,富邦證券,9600,551,0,551,1.65,6,buy
8/28,2834,合庫-彰化,1028,0,433,-433,1.3,6,sell
8/28,2834,國票-長城,0037003700390075,500,0,500,1.5,7,buy
8/28,2834,華南永昌-敦南,9347,3,339,-336,1.01,7,sell
8/28,2834,花旗環球,1590,3270,2788,482,1.45,8,buy
8/28,2834,富邦-中壢,9636,21,330,-309,0.93,8,sell
8/28,2834,新百王,6210,374,151,223,0.67,9,buy
8/28,2834,元大-草屯,0039003800390045,2,300,-298,0.89,9,sell
8/28,2834,台新-新店,0039004200320032,200,5,195,0.58,10,buy
8/28,2834,永豐金證券,0039004100300030,99,248,-149,0.45,10,sell
8/28,2834,臺銀-臺南,1042,622,471,151,0.45,11,buy
8/28,2834,華南永昌-基隆,9322,0,116,-116,0.35,11,sell
8/28,2834,國票-中正,7797,150,2,148,0.44,12,buy
8/28,2834,兆豐-來福,0037003000300043,0,110,-110,0.33,12,sell
8/28,2834,永豐金-匯立,0039004100380031,140,0,140,0.42,13,buy
8/28,2834,凱基-站前,0039003200300046,2,111,-109,0.33,13,sell
8/28,2834,凱基-桃園,9208,131,8,123,0.37,14,buy
8/28,2834,台灣企銀-民雄,0031003100310041,0,100,-100,0.3,14,sell
8/28,2834,玉山-城中,0038003800340045,114,2,112,0.34,15,buy
8/28,2834,凱基-竹東,9273,1,100,-99,0.3,15,sell
8/28,3481,元大證券,9800,35053,25097,9956,3.16,1,buy
8/28,3481,花旗環球,1590,800,2971,-2171,0.69,1,sell
8/28,3481,台灣摩根士丹利,1470,17022,9234,7788,2.48,2,buy
8/28,3481,新光,8560,2571,3770,-1199,0.38,2,sell
8/28,3481,富邦證券,9600,18983,12274,6709,2.13,3,buy
8/28,3481,元大-金華,9878,653,1600,-947,0.3,3,sell
8/28,3481,新加坡商瑞銀,1650,5580,1425,4155,1.32,4,buy
8/28,3481,國泰-敦南,8888,8785,9713,-928,0.3,4,sell
8/28,3481,凱基-台北,9268,28548,25209,3339,1.06,5,buy
8/28,3481,元大-汐止,0039003800390051,365,904,-539,0.17,5,sell
8/28,3481,港商野村,1560,5812,3614,2198,0.7,6,buy
8/28,3481,國泰-板橋,003800380038004b,1395,1900,-505,0.16,6,sell
8/28,3481,美商高盛,1480,4256,2685,1571,0.5,7,buy
8/28,3481,元大-彰化民生,003900380039004a,613,1116,-503,0.16,7,sell
8/28,3481,凱基,9200,1463,12,1451,0.46,8,buy
8/28,3481,國泰-台中,8882,1427,1915,-488,0.16,8,sell
8/28,3481,群益金鼎,9100,5150,3839,1311,0.42,9,buy
8/28,3481,富邦-高雄,9659,651,1118,-467,0.15,9,sell
8/28,3481,永豐金證券,0039004100300030,3008,1805,1203,0.38,10,buy
8/28,3481,元大-彰化,0039003800310047,156,617,-461,0.15,10,sell
8/28,3481,台新-嘉義,0039004200320049,1187,238,949,0.3,11,buy
8/28,3481,元大-北屯,0039003800390064,371,828,-457,0.15,11,sell
8/28,3481,富邦-永和,9654,1435,580,855,0.27,12,buy
8/28,3481,富邦-台南,9667,385,837,-452,0.14,12,sell
8/28,3481,美林,1440,2450,1821,629,0.2,13,buy
8/28,3481,群益金鼎-開元,9134,249,698,-449,0.14,13,sell
8/28,3481,摩根大通,8440,3632,3035,597,0.19,14,buy
8/28,3481,國泰-館前,0038003800380041,1356,1766,-410,0.13,14,sell
8/28,3481,宏遠證券,1260,574,72,502,0.16,15,buy
8/28,3481,富邦-仁愛,9676,357,756,-399,0.13,15,sell
8/28,2610,元大-松江,9801,6082,8,6074,22.67,1,buy
8/28,2610,美商高盛,1480,201,4730,-4529,16.9,1,sell
8/28,2610,宏遠-光隆,0031003200360069,2040,2,2038,7.61,2,buy
8/28,2610,台灣摩根士丹利,1470,229,4532,-4303,16.06,2,sell
8/28,2610,新光,8560,714,28,686,2.56,3,buy
8/28,2610,摩根大通,8440,149,3586,-3437,12.83,3,sell
8/28,2610,台新-城中,0039004200320045,503,5,498,1.86,4,buy
8/28,2610,凱基-台北,9268,425,3047,-2622,9.79,4,sell
8/28,2610,大昌-新竹,6463,491,40,451,1.68,5,buy
8/28,2610,美林,1440,21,1337,-1316,4.91,5,sell
8/28,2610,富邦-八德,0039003600330041,404,4,400,1.49,6,buy
8/28,2610,港商野村,1560,1,1105,-1104,4.12,6,sell
8/28,2610,中國信託-高雄,003600310036004b,395,8,387,1.44,7,buy
8/28,2610,新加坡商瑞銀,1650,333,1301,-968,3.61,7,sell
8/28,2610,華南永昌-中正,9359,304,0,304,1.13,8,buy
8/28,2610,元大證券,9800,495,1175,-680,2.54,8,sell
8/28,2610,富邦-陽明,9604,254,10,244,0.91,9,buy
8/28,2610,凱基,9200,0,200,-200,0.75,9,sell
8/28,2610,玉山-信義,0038003800340043,242,5,237,0.88,10,buy
8/28,2610,聯邦-興中,8587,0,150,-150,0.56,10,sell
8/28,2610,元大-大里,0039003800310067,241,9,232,0.87,11,buy
8/28,2610,元大-花蓮,9856,14,153,-139,0.52,11,sell
8/28,2610,國泰-敦南,8888,344,134,210,0.78,12,buy
8/28,2610,統一-中壢,5853,86,220,-134,0.5,12,sell
8/28,2610,元大-左營,0039003800390044,211,12,199,0.74,13,buy
8/28,2610,中國信託-新竹,6165,1,122,-121,0.45,13,sell
8/28,2610,群益金鼎-館前,0039003100330059,188,0,188,0.7,14,buy
8/28,2610,台中銀-豐原,0036003100310041,4,101,-97,0.36,14,sell
8/28,2610,富邦-台北,9623,183,6,177,0.66,15,buy
8/28,2610,台新-三重,0039004200320033,2,65,-63,0.24,15,sell
8/28,2327,富邦證券,9600,4992,1076,3916,5.14,1,buy
8/28,2327,美商高盛,1480,1994,6239,-4245,5.57,1,sell
8/28,2327,元大證券,9800,10093,7625,2468,3.24,2,buy
8/28,2327,凱基-站前,0039003200300046,116,1199,-1083,1.42,2,sell
8/28,2327,凱基-城中,9227,2135,37,2098,2.76,3,buy
8/28,2327,台灣摩根士丹利,1470,3147,4171,-1024,1.34,3,sell
8/28,2327,凱基-台北,9268,5383,3755,1628,2.14,4,buy
8/28,2327,宏遠證券,1260,28,541,-513,0.67,4,sell
8/28,2327,統一,5850,1913,307,1606,2.11,5,buy
8/28,2327,國泰-敦南,8888,1699,2211,-512,0.67,5,sell
8/28,2327,摩根大通,8440,2944,1626,1318,1.73,6,buy
8/28,2327,國泰-板橋,003800380038004b,224,421,-197,0.26,6,sell
8/28,2327,國票-敦北法人,0037003700390063,1330,34,1296,1.7,7,buy
8/28,2327,第一金-台南,5384,105,282,-177,0.23,7,sell
8/28,2327,美林,1440,1138,357,781,1.03,8,buy
8/28,2327,國泰-台中,8882,304,470,-166,0.22,8,sell
8/28,2327,國票-安和,003700370039005a,866,150,716,0.94,9,buy
8/28,2327,富邦-台北,9623,193,359,-166,0.22,9,sell
8/28,2327,統一-城中,5854,722,32,690,0.91,10,buy
8/28,2327,元大-台北,0039003800300068,39,148,-109,0.14,10,sell
8/28,2327,康和,8450,535,5,530,0.7,11,buy
8/28,2327,新光,8560,1060,1168,-108,0.14,11,sell
8/28,2327,群益金鼎,9100,954,630,324,0.43,12,buy
8/28,2327,華南永昌-台中,9302,45,152,-107,0.14,12,sell
8/28,2327,法銀巴黎,8900,315,2,313,0.41,13,buy
8/28,2327,大昌,6460,77,181,-104,0.14,13,sell
8/28,2327,兆豐-中壢,0037003000300062,231,17,214,0.28,14,buy
8/28,2327,富邦-建國,9658,98,196,-98,0.13,14,sell
8/28,2327,凱基,9200,412,201,211,0.28,15,buy
8/28,2327,富邦-新板,0039003600310048,28,117,-89,0.12,15,sell
8/28,6182,富邦證券,9600,1111,276,835,1.22,1,buy
8/28,6182,新加坡商瑞銀,1650,826,2575,-1749,2.56,1,sell
8/28,6182,群益金鼎,9100,431,152,279,0.41,2,buy
8/28,6182,兆豐證券,7000,35,1210,-1175,1.72,2,sell
8/28,6182,兆豐-中壢,0037003000300062,260,23,237,0.35,3,buy
8/28,6182,凱基-台北,9268,4541,5074,-533,0.78,3,sell
8/28,6182,富邦-新店,9661,363,160,203,0.3,4,buy
8/28,6182,美林,1440,33,482,-449,0.66,4,sell
8/28,6182,國泰-敦南,8888,2467,2282,185,0.27,5,buy
8/28,6182,台灣摩根士丹利,1470,993,1420,-427,0.62,5,sell
8/28,6182,元大-天母,0039003800310049,236,63,173,0.25,6,buy
8/28,6182,統一,5850,577,979,-402,0.59,6,sell
8/28,6182,富邦-新板,0039003600310048,190,59,131,0.19,7,buy
8/28,6182,彰銀-台中,1233,19,403,-384,0.56,7,sell
8/28,6182,元大-中崙,9813,374,248,126,0.18,8,buy
8/28,6182,國泰-板橋,003800380038004b,596,900,-304,0.44,8,sell
8/28,6182,合庫-基隆,1025,149,27,122,0.18,9,buy
8/28,6182,元大證券,9800,7455,7680,-225,0.33,9,sell
8/28,6182,亞東,2180,132,11,121,0.18,10,buy
8/28,6182,聯邦-興中,8587,39,240,-201,0.29,10,sell
8/28,6182,華南永昌-竹北,9339,207,91,116,0.17,11,buy
8/28,6182,凱基-員林,9231,216,410,-194,0.28,11,sell
8/28,6182,新光-台中,8561,347,233,114,0.17,12,buy
8/28,6182,港商野村,1560,66,199,-133,0.19,12,sell
8/28,6182,凱基-基隆,0039003200300048,136,24,112,0.16,13,buy
8/28,6182,富邦-三重,9677,153,278,-125,0.18,13,sell
8/28,6182,國泰-館前,0038003800380041,303,193,110,0.16,14,buy
8/28,6182,群益金鼎-館前,0039003100330059,172,274,-102,0.15,14,sell
8/28,6182,富邦-永和,9654,233,133,100,0.15,15,buy
8/28,6182,國票-安和,003700370039005a,78,172,-94,0.14,15,sell
8/28,2409,凱基-台北,9268,11995,5176,6819,5.38,1,buy
8/28,2409,港商野村,1560,0,3000,-3000,2.37,1,sell
8/28,2409,元大證券,9800,12611,8765,3846,3.04,2,buy
8/28,2409,國泰-敦南,8888,1752,2880,-1128,0.89,2,sell
8/28,2409,新加坡商瑞銀,1650,4791,1223,3568,2.82,3,buy
8/28,2409,美商高盛,1480,3132,3960,-828,0.65,3,sell
8/28,2409,台灣摩根士丹利,1470,6516,2953,3563,2.81,4,buy
8/28,2409,陽信-高雄,8713,12,638,-626,0.49,4,sell
8/28,2409,美林,1440,4661,2915,1746,1.38,5,buy
8/28,2409,花旗環球,1590,140,734,-594,0.47,5,sell
8/28,2409,元大-北屯,0039003800390064,1341,53,1288,1.02,6,buy
8/28,2409,元大-文心,9868,39,569,-530,0.42,6,sell
8/28,2409,富邦證券,9600,1533,522,1011,0.8,7,buy
8/28,2409,國泰-台中,8882,578,1026,-448,0.35,7,sell
8/28,2409,台新-花蓮,0039004200320079,899,84,815,0.64,8,buy
8/28,2409,元大-斗六,0039003800300043,88,536,-448,0.35,8,sell
8/28,2409,摩根大通,8440,1608,866,742,0.59,9,buy
8/28,2409,群益金鼎-館前,0039003100330059,741,1152,-411,0.32,9,sell
8/28,2409,兆豐-大同,0037003000300053,710,21,689,0.54,10,buy
8/28,2409,臺銀-臺中,0031003000340041,169,550,-381,0.3,10,sell
8/28,2409,兆豐-員林,003700300030006b,673,139,534,0.42,11,buy
8/28,2409,台新-桃園,0039004200320076,32,410,-378,0.3,11,sell
8/28,2409,兆豐-台中港,7005,652,161,491,0.39,12,buy
8/28,2409,富邦-敦南,9663,257,616,-359,0.28,12,sell
8/28,2409,宏遠-台中,003100320036004c,476,28,448,0.35,13,buy
8/28,2409,兆豐-桃園,003700300030004d,58,396,-338,0.27,13,sell
8/28,2409,康和,8450,404,9,395,0.31,14,buy
8/28,2409,第一金-桃園,5385,580,915,-335,0.26,14,sell
8/28,2409,台中銀-豐原,0036003100310041,511,123,388,0.31,15,buy
8/28,2409,元大-中壢,9834,236,562,-326,0.26,15,sell
8/28,2801,摩根大通,8440,5407,1470,3937,20.68,1,buy
8/28,2801,花旗環球,1590,203,2496,-2293,12.05,1,sell
8/28,2801,永豐金證券,0039004100300030,1152,21,1131,5.94,2,buy
8/28,2801,美商高盛,1480,706,2583,-1877,9.86,2,sell
8/28,2801,美林,1440,1102,103,999,5.25,3,buy
8/28,2801,新加坡商瑞銀,1650,310,1441,-1131,5.94,3,sell
8/28,2801,富邦-陽明,9604,746,14,732,3.85,4,buy
8/28,2801,凱基-台北,9268,1179,2181,-1002,5.26,4,sell
8/28,2801,富邦-新店,9661,266,10,256,1.34,5,buy
8/28,2801,彰銀-七賢,1232,2,750,-748,3.93,5,sell
8/28,2801,第一金-新興,0035003300380041,218,0,218,1.15,6,buy
8/28,2801,台灣摩根士丹利,1470,646,1196,-550,2.89,6,sell
8/28,2801,統一-三重,003500380035004a,201,0,201,1.06,7,buy
8/28,2801,元大證券,9800,459,862,-403,2.12,7,sell
8/28,2801,港商野村,1560,177,29,148,0.78,8,buy
8/28,2801,亞東-台南,2185,0,350,-350,1.84,8,sell
8/28,2801,國泰-松江,8883,117,3,114,0.6,9,buy
8/28,2801,元大-台中,9812,2,281,-279,1.47,9,sell
8/28,2801,永豐金-台中,003900410039004c,112,4,108,0.57,10,buy
8/28,2801,台新,0039004200300030,39,313,-274,1.44,10,sell
8/28,2801,元大-斗信,9884,111,5,106,0.56,11,buy
8/28,2801,台新-三民,0039004200310033,6,266,-260,1.37,11,sell
8/28,2801,致和-府前,7033,105,0,105,0.55,12,buy
8/28,2801,富邦-基隆,9614,0,233,-233,1.22,12,sell
8/28,2801,國泰-忠孝,8887,102,0,102,0.54,13,buy
8/28,2801,富邦-仁愛,9676,15,207,-192,1.01,13,sell
8/28,2801,群益金鼎-新竹,9186,100,0,100,0.53,14,buy
8/28,2801,元大-員林中山,9835,12,132,-120,0.63,14,sell
8/28,2801,土銀-彰化,0031003000330042,100,0,100,0.53,15,buy
8/28,2801,富邦-永康,003900360031005a,0,83,-83,0.44,15,sell
8/28,2492,富邦證券,9600,4492,1147,3345,6.35,1,buy
8/28,2492,國泰-敦南,8888,1040,1686,-646,1.23,1,sell
8/28,2492,凱基-城中,9227,3285,529,2756,5.23,2,buy
8/28,2492,新加坡商瑞銀,1650,544,1099,-555,1.05,2,sell
8/28,2492,凱基-台北,9268,4294,2134,2160,4.1,3,buy
8/28,2492,群益金鼎-大安,0039003100380065,26,336,-310,0.59,3,sell
8/28,2492,國票-安和,003700370039005a,1515,100,1415,2.69,4,buy
8/28,2492,凱基-站前,0039003200300046,284,507,-223,0.42,4,sell
8/28,2492,國票-敦北法人,0037003700390063,1391,14,1377,2.62,5,buy
8/28,2492,永豐金-中正,0039004100390055,275,442,-167,0.32,5,sell
8/28,2492,統一,5850,1404,242,1162,2.21,6,buy
8/28,2492,元大-大里,0039003800310067,58,222,-164,0.31,6,sell
8/28,2492,統一-城中,5854,1140,27,1113,2.11,7,buy
8/28,2492,富邦-台北,9623,97,256,-159,0.3,7,sell
8/28,2492,摩根大通,8440,1629,603,1026,1.95,8,buy
8/28,2492,國泰-台中,8882,219,376,-157,0.3,8,sell
8/28,2492,康和,8450,589,10,579,1.1,9,buy
8/28,2492,玉山-台中,0038003800340042,33,189,-156,0.3,9,sell
8/28,2492,兆豐-民生,0037003000300063,308,13,295,0.56,10,buy
8/28,2492,台新,0039004200300030,229,379,-150,0.28,10,sell
8/28,2492,元大證券,9800,4065,3819,246,0.47,11,buy
8/28,2492,新光,8560,286,419,-133,0.25,11,sell
8/28,2492,凱基,9200,250,11,239,0.45,12,buy
8/28,2492,國泰-板橋,003800380038004b,187,316,-129,0.25,12,sell
8/28,2492,美林,1440,675,440,235,0.45,13,buy
8/28,2492,台新-北新莊,0039004200320038,6,118,-112,0.21,13,sell
8/28,2492,港商野村,1560,236,38,198,0.38,14,buy
8/28,2492,玉山-高雄,8843,52,162,-110,0.21,14,sell
8/28,2492,凱基-興隆,9289,200,10,190,0.36,15,buy
8/28,2492,永豐金-南京,0039004100390053,54,156,-102,0.19,15,sell
8/28,5904,永豐金-匯立,0039004100380031,305,0,305,5.51,1,buy
8/28,5904,美商高盛,1480,59,1180,-1121,20.24,1,sell
8/28,5904,摩根大通,8440,207,15,192,3.47,2,buy
8/28,5904,台灣摩根士丹利,1470,111,439,-328,5.92,2,sell
8/28,5904,國泰-敦南,8888,230,108,122,2.2,3,buy
8/28,5904,新加坡商瑞銀,1650,276,490,-214,3.86,3,sell
8/28,5904,凱基-台北,9268,194,136,58,1.05,4,buy
8/28,5904,美林,1440,13,207,-194,3.5,4,sell
8/28,5904,台新,0039004200300030,66,22,44,0.79,5,buy
8/28,5904,華南永昌-高雄,9303,16,156,-140,2.53,5,sell
8/28,5904,台新-大昌,0039004200320044,42,0,42,0.76,6,buy
8/28,5904,兆豐-高雄,003700300030005a,6,110,-104,1.88,6,sell
8/28,5904,元大-清水,0039003800300065,42,1,41,0.74,7,buy
8/28,5904,永豐金-高雄,0039004100390065,10,88,-78,1.41,7,sell
8/28,5904,國泰-桃園,8885,71,34,37,0.67,8,buy
8/28,5904,群益金鼎-海山,9108,2,56,-54,0.98,8,sell
8/28,5904,新光,8560,68,34,34,0.61,9,buy
8/28,5904,康和-內湖,0038003400350041,0,47,-47,0.85,9,sell
8/28,5904,國泰-板橋,003800380038004b,34,5,29,0.52,10,buy
8/28,5904,凱基-新莊,0039003200310053,3,31,-28,0.51,10,sell
8/28,5904,國泰-松江,8883,28,1,27,0.49,11,buy
8/28,5904,元大-左營,0039003800390044,8,32,-24,0.43,11,sell
8/28,5904,台新-潮州,0039004200320043,25,0,25,0.45,12,buy
8/28,5904,元大-樹林,003900380039006a,3,27,-24,0.43,12,sell
8/28,5904,台新-三民,0039004200310033,26,1,25,0.45,13,buy
8/28,5904,富邦-嘉義,9692,4,26,-22,0.4,13,sell
8/28,5904,第一金-桃園,5385,41,17,24,0.43,14,buy
8/28,5904,凱基-永和,9207,3,23,-20,0.36,14,sell
8/28,5904,臺銀-臺中,0031003000340041,28,5,23,0.42,15,buy
8/28,5904,凱基-八德,003900320031004d,0,20,-20,0.36,15,sell
8/28,2812,兆豐-台中港,7005,671,0,671,9.35,1,buy
8/28,2812,元大證券,9800,46,1646,-1600,22.3,1,sell
8/28,2812,玉山-板橋,8846,409,0,409,5.7,2,buy
8/28,2812,摩根大通,8440,22,1291,-1269,17.69,2,sell
8/28,2812,亞東-台中,2187,386,0,386,5.38,3,buy
8/28,2812,美商高盛,1480,41,1186,-1145,15.96,3,sell
8/28,2812,美林,1440,325,4,321,4.47,4,buy
8/28,2812,台灣摩根士丹利,1470,121,498,-377,5.26,4,sell
8/28,2812,宏遠-桃園,1262,300,0,300,4.18,5,buy
8/28,2812,港商野村,1560,0,207,-207,2.89,5,sell
8/28,2812,兆豐-鹿港,0037003000300066,245,0,245,3.42,6,buy
8/28,2812,永豐金-匯立,0039004100380031,0,170,-170,2.37,6,sell
8/28,2812,富邦-嘉義,9692,198,10,188,2.62,7,buy
8/28,2812,凱基-台北,9268,184,339,-155,2.16,7,sell
8/28,2812,國泰-敦南,8888,181,68,113,1.58,8,buy
8/28,2812,兆豐-桃園,003700300030004d,0,150,-150,2.09,8,sell
8/28,2812,富邦-仁愛,9676,108,4,104,1.45,9,buy
8/28,2812,華南永昌-斗六,9327,1,100,-99,1.38,9,sell
8/28,2812,新光-桃園,8565,109,8,101,1.41,10,buy
8/28,2812,花旗環球,1590,0,89,-89,1.24,10,sell
8/28,2812,富邦-新店,9661,100,0,100,1.39,11,buy
8/28,2812,合庫-彰化,1028,2,80,-78,1.09,11,sell
8/28,2812,富邦-中壢,9636,74,0,74,1.03,12,buy
8/28,2812,華南永昌-基隆,9322,32,99,-67,0.93,12,sell
8/28,2812,群益金鼎-中港,9138,63,0,63,0.88,13,buy
8/28,2812,台中銀-員林,6114,16,61,-45,0.63,13,sell
8/28,2812,永豐金證券,0039004100300030,61,0,61,0.85,14,buy
8/28,2812,台中銀,6110,8,40,-32,0.45,14,sell
8/28,2812,臺銀-高雄,0031003000340043,63,7,56,0.78,15,buy
8/28,2812,台新-台中,0039004200310068,4,24,-20,0.28,15,sell
8/28,1303,新加坡商瑞銀,1650,9561,2414,7147,3.72,1,buy
8/28,1303,富邦證券,9600,1760,11950,-10190,5.3,1,sell
8/28,1303,台灣摩根士丹利,1470,12150,6618,5532,2.88,2,buy
8/28,1303,凱基-城中,9227,502,6138,-5636,2.93,2,sell
8/28,1303,摩根大通,8440,8467,4690,3777,1.97,3,buy
8/28,1303,凱基-台北,9268,11361,16374,-5013,2.61,3,sell
8/28,1303,美商高盛,1480,9444,7572,1872,0.97,4,buy
8/28,1303,美林,1440,1901,6471,-4570,2.38,4,sell
8/28,1303,永豐金-匯立,0039004100380031,1834,0,1834,0.95,5,buy
8/28,1303,統一,5850,868,4284,-3416,1.78,5,sell
8/28,1303,凱基,9200,2823,1145,1678,0.87,6,buy
8/28,1303,統一-城中,5854,673,3657,-2984,1.55,6,sell
8/28,1303,元大證券,9800,18459,17223,1236,0.64,7,buy
8/28,1303,國票-安和,003700370039005a,438,3200,-2762,1.44,7,sell
8/28,1303,國泰-敦南,8888,7069,5907,1162,0.6,8,buy
8/28,1303,國票-敦北法人,0037003700390063,839,3449,-2610,1.36,8,sell
8/28,1303,港商野村,1560,1688,615,1073,0.56,9,buy
8/28,1303,群益金鼎-台北,0039003100380058,52,1154,-1102,0.57,9,sell
8/28,1303,大和國泰,8890,1000,0,1000,0.52,10,buy
8/28,1303,國泰證券,8880,352,1136,-784,0.41,10,sell
8/28,1303,台新-草屯,0039004200320058,652,33,619,0.32,11,buy
8/28,1303,香港上海匯豐,8960,83,866,-783,0.41,11,sell
8/28,1303,玉山證券,8840,909,297,612,0.32,12,buy
8/28,1303,群益金鼎,9100,1322,2030,-708,0.37,12,sell
8/28,1303,元大-土城永寧,9875,935,395,540,0.28,13,buy
8/28,1303,康和,8450,8,491,-483,0.25,13,sell
8/28,1303,元大-北投,0039003800390041,503,143,360,0.19,14,buy
8/28,1303,花旗環球,1590,148,473,-325,0.17,14,sell
8/28,1303,第一金,5380,404,51,353,0.18,15,buy
8/28,1303,富邦-南屯,9666,131,435,-304,0.16,15,sell
8/28,2884,統一,5850,1976,49,1927,9.75,1,buy
8/28,2884,美林,1440,994,4165,-3171,16.05,1,sell
8/28,2884,台新-建北,0039004200310038,1560,0,1560,7.89,2,buy
8/28,2884,美商高盛,1480,603,3421,-2818,14.26,2,sell
8/28,2884,統一-基隆,0035003800350041,1004,0,1004,5.08,3,buy
8/28,2884,華南永昌-台南,9306,3,1402,-1399,7.08,3,sell
8/28,2884,摩根大通,8440,3231,2578,653,3.3,4,buy
8/28,2884,凱基-台北,9268,680,1518,-838,4.24,4,sell
8/28,2884,玉山-台中,0038003800340042,538,9,529,2.68,5,buy
8/28,2884,港商野村,1560,221,496,-275,1.39,5,sell
8/28,2884,康和,8450,396,0,396,2.0,6,buy
8/28,2884,花旗環球,1590,730,961,-231,1.17,6,sell
8/28,2884,元大-大雅,0039003800330069,302,6,296,1.5,7,buy
8/28,2884,台灣摩根士丹利,1470,203,377,-174,0.88,7,sell
8/28,2884,香港上海匯豐,8960,272,0,272,1.38,8,buy
8/28,2884,元大-板橋三民,9879,7,162,-155,0.78,8,sell
8/28,2884,元大-敦南,0039003800390050,166,0,166,0.84,9,buy
8/28,2884,兆豐-竹北,7007,2,145,-143,0.72,9,sell
8/28,2884,富邦證券,9600,180,14,166,0.84,10,buy
8/28,2884,第一金-自由,0035003300380045,2,120,-118,0.6,10,sell
8/28,2884,永豐金-匯立,0039004100380031,141,0,141,0.71,11,buy
8/28,2884,玉山-城中,0038003800340045,9,112,-103,0.52,11,sell
8/28,2884,玉山-板橋,8846,165,50,115,0.58,12,buy
8/28,2884,元大-南屯,9853,6,63,-57,0.29,12,sell
8/28,2884,元大-沙鹿,0039003800300064,116,7,109,0.55,13,buy
8/28,2884,群益金鼎-鳳山,0039003100380063,0,51,-51,0.26,13,sell
8/28,2884,陽信-台南,8714,100,0,100,0.51,14,buy
8/28,2884,台灣企銀-岡山,1119,0,49,-49,0.25,14,sell
8/28,2884,新光-桃園,8565,99,1,98,0.5,15,buy
8/28,2884,群益金鼎-瑞豐,0039003100380075,1,46,-45,0.23,15,sell
8/28,2344,新加坡商瑞銀,1650,10308,8503,1805,1.18,1,buy
8/28,2344,元大證券,9800,16624,26270,-9646,6.29,1,sell
8/28,2344,國泰-敦南,8888,5359,4010,1349,0.88,2,buy
8/28,2344,台灣摩根士丹利,1470,4097,12200,-8103,5.28,2,sell
8/28,2344,台新-安南,003900420032005a,1461,190,1271,0.83,3,buy
8/28,2344,凱基-台北,9268,4180,10406,-6226,4.06,3,sell
8/28,2344,台新-新莊,0039004200310039,736,109,627,0.41,4,buy
8/28,2344,美林,1440,939,6985,-6046,3.94,4,sell
8/28,2344,元大-桃興,9894,620,89,531,0.35,5,buy
8/28,2344,美商高盛,1480,4918,7084,-2166,1.41,5,sell
8/28,2344,凱基-文心,9297,550,27,523,0.34,6,buy
8/28,2344,中國信託,6160,563,2621,-2058,1.34,6,sell
8/28,2344,新光-新竹,8563,771,276,495,0.32,7,buy
8/28,2344,富邦證券,9600,584,2193,-1609,1.05,7,sell
8/28,2344,元大-中山北路,0039003800300061,606,196,410,0.27,8,buy
8/28,2344,統一,5850,270,1728,-1458,0.95,8,sell
8/28,2344,玉山-桃園,0038003800340046,489,105,384,0.25,9,buy
8/28,2344,永豐金證券,0039004100300030,848,1954,-1106,0.72,9,sell
8/28,2344,(牛牛牛)亞-鑫豐,0036003000310064,463,95,368,0.24,10,buy
8/28,2344,港商野村,1560,207,957,-750,0.49,10,sell
8/28,2344,新光,8560,1332,1017,315,0.21,11,buy
8/28,2344,群益金鼎,9100,599,1103,-504,0.33,11,sell
8/28,2344,宏遠-中和,0031003200360048,365,59,306,0.2,12,buy
8/28,2344,凱基-站前,0039003200300046,444,944,-500,0.33,12,sell
8/28,2344,台新,0039004200300030,985,715,270,0.18,13,buy
8/28,2344,凱基,9200,88,515,-427,0.28,13,sell
8/28,2344,元大-竹北,0039003800310042,393,125,268,0.17,14,buy
8/28,2344,港商麥格理,1360,91,353,-262,0.17,14,sell
8/28,2344,國泰-台中,8882,974,711,263,0.17,15,buy
8/28,2344,凱基-大里,0039003200300057,231,457,-226,0.15,15,sell
8/28,2027,美商高盛,1480,955,409,546,5.26,1,buy
8/28,2027,元大證券,9800,333,1873,-1540,14.83,1,sell
8/28,2027,富邦證券,9600,533,2,531,5.11,2,buy
8/28,2027,新加坡商瑞銀,1650,211,1481,-1270,12.23,2,sell
8/28,2027,台新-台南,0039004200310036,552,31,521,5.02,3,buy
8/28,2027,台灣摩根士丹利,1470,173,880,-707,6.81,3,sell
8/28,2027,港商麥格理,1360,451,0,451,4.34,4,buy
8/28,2027,元大-古亭,003900380039006b,0,294,-294,2.83,4,sell
8/28,2027,凱基-台北,9268,669,396,273,2.63,5,buy
8/28,2027,國票-天祥,0037003700390056,6,203,-197,1.9,5,sell
8/28,2027,兆豐-台南,7006,263,15,248,2.39,6,buy
8/28,2027,永豐金-台中,003900410039004c,3,113,-110,1.06,6,sell
8/28,2027,臺銀-新竹,1045,135,1,134,1.29,7,buy
8/28,2027,元大-潮州,003900380031005a,2,107,-105,1.01,7,sell
8/28,2027,陽信-台南,8714,130,0,130,1.25,8,buy
8/28,2027,凱基-和平,9255,1,100,-99,0.95,8,sell
8/28,2027,富邦-永和,9654,178,51,127,1.22,9,buy
8/28,2027,兆豐證券,7000,565,660,-95,0.91,9,sell
8/28,2027,花旗環球,1590,134,23,111,1.07,10,buy
8/28,2027,港商野村,1560,14,86,-72,0.69,10,sell
8/28,2027,永豐金-台南,0039004100390068,132,26,106,1.02,11,buy
8/28,2027,永豐金-南京,0039004100390053,2,46,-44,0.42,11,sell
8/28,2027,玉山-高雄,8843,101,0,101,0.97,12,buy
8/28,2027,摩根大通,8440,390,432,-42,0.4,12,sell
8/28,2027,美林,1440,153,69,84,0.81,13,buy
8/28,2027,永豐金-敦北,0039004100380039,0,41,-41,0.39,13,sell
8/28,2027,台新,0039004200300030,94,18,76,0.73,14,buy
8/28,2027,華南永昌-基隆,9322,0,40,-40,0.39,14,sell
8/28,2027,富邦-公益,0039003600310046,62,1,61,0.59,15,buy
8/28,2027,康和,8450,3,37,-34,0.33,15,sell
8/28,5880,新加坡商瑞銀,1650,1795,612,1183,12.6,1,buy
8/28,5880,花旗環球,1590,138,472,-334,3.56,1,sell
8/28,5880,元大證券,9800,1211,29,1182,12.59,2,buy
8/28,5880,聯邦證券,8580,5,276,-271,2.89,2,sell
8/28,5880,玉山-景美,8849,1071,6,1065,11.35,3,buy
8/28,5880,元大-彰化民生,003900380039004a,1,226,-225,2.4,3,sell
8/28,5880,台灣摩根士丹利,1470,842,247,595,6.34,4,buy
8/28,5880,中國信託-忠孝,6162,0,210,-210,2.24,4,sell
8/28,5880,富邦-公益,0039003600310046,241,1,240,2.56,5,buy
8/28,5880,元大-上新莊,0039003800330047,0,201,-201,2.14,5,sell
8/28,5880,美林,1440,188,0,188,2.0,6,buy
8/28,5880,凱基-豐中,9223,0,184,-184,1.96,6,sell
8/28,5880,國泰-板橋,003800380038004b,259,93,166,1.77,7,buy
8/28,5880,玉山-桃園,0038003800340046,0,136,-136,1.45,7,sell
8/28,5880,美商高盛,1480,838,710,128,1.36,8,buy
8/28,5880,國泰-敦南,8888,43,155,-112,1.19,8,sell
8/28,5880,元大-員林中山,9835,123,1,122,1.3,9,buy
8/28,5880,富邦-敦南,9663,0,108,-108,1.15,9,sell
8/28,5880,港商野村,1560,121,0,121,1.29,10,buy
8/28,5880,合庫-嘉義,1024,0,106,-106,1.13,10,sell
8/28,5880,永豐金-新竹,0039004100390037,123,19,104,1.11,11,buy
8/28,5880,中國信託-嘉義,6168,0,104,-104,1.11,11,sell
8/28,5880,台新-高雄,0039004200310067,98,13,85,0.91,12,buy
8/28,5880,元大-大統,003900380031007a,0,100,-100,1.07,12,sell
8/28,5880,土銀-台南,1032,82,4,78,0.83,13,buy
8/28,5880,摩根大通,8440,273,371,-98,1.04,13,sell
8/28,5880,永豐金-台南,0039004100390068,80,14,66,0.7,14,buy
8/28,5880,元大-斗六,0039003800300043,0,88,-88,0.94,14,sell
8/28,5880,富邦-新莊,0039003600320044,58,0,58,0.62,15,buy
8/28,5880,富邦-竹東,9625,0,75,-75,0.8,15,sell
8/28,2885,富邦證券,9600,1910,246,1664,12.09,1,buy
8/28,2885,國泰證券,8880,11,1450,-1439,10.46,1,sell
8/28,2885,摩根大通,8440,2399,1495,904,6.57,2,buy
8/28,2885,台灣摩根士丹利,1470,171,1122,-951,6.91,2,sell
8/28,2885,美林,1440,939,364,575,4.18,3,buy
8/28,2885,美商高盛,1480,658,1398,-740,5.38,3,sell
8/28,2885,元大證券,9800,984,438,546,3.97,4,buy
8/28,2885,中國信託,6160,3,385,-382,2.78,4,sell
8/28,2885,陽信,8710,401,0,401,2.91,5,buy
8/28,2885,新加坡商瑞銀,1650,1070,1395,-325,2.36,5,sell
8/28,2885,永豐金-匯立,0039004100380031,495,183,312,2.27,6,buy
8/28,2885,元大-台北,0039003800300068,20,170,-150,1.09,6,sell
8/28,2885,元大-員林中山,9835,203,10,193,1.4,7,buy
8/28,2885,花旗環球,1590,594,705,-111,0.81,7,sell
8/28,2885,凱基-台北,9268,801,625,176,1.28,8,buy
8/28,2885,元大-信義,003900380039006d,4,100,-96,0.7,8,sell
8/28,2885,永豐金-板新,003900410039004a,172,6,166,1.21,9,buy
8/28,2885,凱基-豐中,9223,0,79,-79,0.57,9,sell
8/28,2885,永豐金-亞灣,0039004100390061,82,0,82,0.6,10,buy
8/28,2885,國票-敦北法人,0037003700390063,1,74,-73,0.53,10,sell
8/28,2885,華南永昌-大安,9307,72,0,72,0.52,11,buy
8/28,2885,元大-太平,0039003800310051,2,73,-71,0.52,11,sell
8/28,2885,永豐金-桃園,0039004100390078,45,1,44,0.32,12,buy
8/28,2885,宏遠-光隆,0031003200360069,0,66,-66,0.48,12,sell
8/28,2885,富邦-八德,0039003600330041,46,2,44,0.32,13,buy
8/28,2885,永豐金-竹科,0039004100390058,3,63,-60,0.44,13,sell
8/28,2885,元大-蘆洲,9857,51,8,43,0.31,14,buy
8/28,2885,元大-沙鹿,0039003800300064,3,62,-59,0.43,14,sell
8/28,2885,元大-員林,9889,41,0,41,0.3,15,buy
8/28,2885,港商野村,1560,0,54,-54,0.39,15,sell
8/28,9904,元大-民生三民,0039003800390058,755,0,755,3.3,1,buy
8/28,9904,新加坡商瑞銀,1650,382,6422,-6040,26.43,1,sell
8/28,9904,第一金-自由,0035003300380045,606,0,606,2.65,2,buy
8/28,9904,台灣摩根士丹利,1470,47,2885,-2838,12.42,2,sell
8/28,9904,玉山-高雄,8843,469,10,459,2.01,3,buy
8/28,9904,美商高盛,1480,277,3084,-2807,12.28,3,sell
8/28,9904,群益金鼎-三民,9188,420,19,401,1.75,4,buy
8/28,9904,凱基-台北,9268,302,2995,-2693,11.78,4,sell
8/28,9904,國泰-館前,0038003800380041,365,3,362,1.58,5,buy
8/28,9904,摩根大通,8440,9,1496,-1487,6.51,5,sell
8/28,9904,新光,8560,385,45,340,1.49,6,buy
8/28,9904,元大證券,9800,257,1069,-812,3.55,6,sell
8/28,9904,元大-館前,003900380034004b,334,2,332,1.45,7,buy
8/28,9904,港商野村,1560,0,498,-498,2.18,7,sell
8/28,9904,群益金鼎-北高雄,0039003100330052,309,2,307,1.34,8,buy
8/28,9904,國泰-桃園,8885,124,427,-303,1.33,8,sell
8/28,9904,富邦-三重,9677,311,5,306,1.34,9,buy
8/28,9904,美林,1440,103,356,-253,1.11,9,sell
8/28,9904,中國信託-嘉義,6168,277,0,277,1.21,10,buy
8/28,9904,富邦-敦南,9663,15,200,-185,0.81,10,sell
8/28,9904,國泰-敦南,8888,299,61,238,1.04,11,buy
8/28,9904,元大-文心興安,9854,8,118,-110,0.48,11,sell
8/28,9904,富邦-建國,9658,232,1,231,1.01,12,buy
8/28,9904,元大-板橋三民,9879,9,103,-94,0.41,12,sell
8/28,9904,富邦-板橋,9655,226,4,222,0.97,13,buy
8/28,9904,法銀巴黎,8900,0,93,-93,0.41,13,sell
8/28,9904,元大-土城永寧,9875,213,0,213,0.93,14,buy
8/28,9904,凱基-板橋,0039003200300041,5,75,-70,0.31,14,sell
8/28,9904,玉山-左營,0038003800340044,222,10,212,0.93,15,buy
8/28,9904,花旗環球,1590,49,114,-65,0.28,15,sell
8/28,4958,新加坡商瑞銀,1650,1872,1070,802,2.34,1,buy
8/28,4958,美林,1440,243,890,-647,1.89,1,sell
8/28,4958,富邦證券,9600,979,218,761,2.22,2,buy
8/28,4958,台灣摩根士丹利,1470,2343,2617,-274,0.8,2,sell
8/28,4958,美商高盛,1480,1508,1244,264,0.77,3,buy
8/28,4958,凱基,9200,45,301,-256,0.75,3,sell
8/28,4958,群益金鼎,9100,661,489,172,0.5,4,buy
8/28,4958,彰銀,1230,14,234,-220,0.64,4,sell
8/28,4958,統一,5850,257,94,163,0.48,5,buy
8/28,4958,永豐金-板新,003900410039004a,63,257,-194,0.57,5,sell
8/28,4958,港商野村,1560,189,63,126,0.37,6,buy
8/28,4958,元大證券,9800,3304,3459,-155,0.45,6,sell
8/28,4958,摩根大通,8440,498,379,119,0.35,7,buy
8/28,4958,國泰證券,8880,50,150,-100,0.29,7,sell
8/28,4958,凱基-城中,9227,127,21,106,0.31,8,buy
8/28,4958,花旗環球,1590,19,117,-98,0.29,8,sell
8/28,4958,國泰-台中,8882,318,221,97,0.28,9,buy
8/28,4958,第一金-彰化,5386,16,98,-82,0.24,9,sell
8/28,4958,統一-南京,0035003800350055,141,77,64,0.19,10,buy
8/28,4958,第一金,5380,8,73,-65,0.19,10,sell
8/28,4958,元大-萬華,0039003800310071,68,10,58,0.17,11,buy
8/28,4958,富邦-敦南,9663,51,103,-52,0.15,11,sell
8/28,4958,凱基-台北,9268,2059,2003,56,0.16,12,buy
8/28,4958,永豐金-南京,0039004100390053,43,78,-35,0.1,12,sell
8/28,4958,兆豐-桃鶯,0037003000300055,75,20,55,0.16,13,buy
8/28,4958,康和-嘉義,8459,25,60,-35,0.1,13,sell
8/28,4958,玉山證券,8840,119,69,50,0.15,14,buy
8/28,4958,台新-世貿,0039004200320075,13,46,-33,0.1,14,sell
8/28,4958,台新,0039004200300030,322,276,46,0.13,15,buy
8/28,4958,康和,8450,9,41,-32,0.09,15,sell
8/28,6005,凱基,9200,330,0,330,6.98,1,buy
8/28,6005,美商高盛,1480,224,656,-432,9.14,1,sell
8/28,6005,台新-林園,0039004200320037,280,0,280,5.92,2,buy
8/28,6005,凱基-台北,9268,268,563,-295,6.24,2,sell
8/28,6005,台新,0039004200300030,283,35,248,5.25,3,buy
8/28,6005,台灣摩根士丹利,1470,207,386,-179,3.79,3,sell
8/28,6005,凱基-市政,9239,186,0,186,3.93,4,buy
8/28,6005,新加坡商瑞銀,1650,171,307,-136,2.88,4,sell
8/28,6005,美林,1440,157,32,125,2.64,5,buy
8/28,6005,元大-板橋,0039003800390043,0,100,-100,2.12,5,sell
8/28,6005,台新-屏東,003900420031006e,120,0,120,2.54,6,buy
8/28,6005,花旗環球,1590,34,117,-83,1.76,6,sell
8/28,6005,群益金鼎-東門,0039003100380044,79,0,79,1.67,7,buy
8/28,6005,凱基-嘉義,9252,6,68,-62,1.31,7,sell
8/28,6005,港商野村,1560,73,4,69,1.46,8,buy
8/28,6005,玉山-桃園,0038003800340046,1,55,-54,1.14,8,sell
8/28,6005,新光,8560,109,44,65,1.38,9,buy
8/28,6005,台新-新店,0039004200320032,1,55,-54,1.14,9,sell
8/28,6005,統一-南京,0035003800350055,63,5,58,1.23,10,buy
8/28,6005,台新-五權西,0039004200320035,1,52,-51,1.08,10,sell
8/28,6005,元大-敦南,0039003800390050,47,0,47,0.99,11,buy
8/28,6005,元大-大統,003900380031007a,0,48,-48,1.02,11,sell
8/28,6005,富邦-板橋,9655,42,2,40,0.85,12,buy
8/28,6005,元大-東港,0039003800390066,1,44,-43,0.91,12,sell
8/28,6005,宏遠-桃園,1262,40,0,40,0.85,13,buy
8/28,6005,香港上海匯豐,8960,0,42,-42,0.89,13,sell
8/28,6005,永豐金-桃盛,003900410039004e,38,0,38,0.8,14,buy
8/28,6005,富邦-陽明,9604,27,59,-32,0.68,14,sell
8/28,6005,群益金鼎-開元,9134,36,0,36,0.76,15,buy
8/28,6005,摩根大通,8440,95,127,-32,0.68,15,sell
8/28,2880,台灣摩根士丹利,1470,8676,530,8146,26.93,1,buy
8/28,2880,國泰證券,8880,4,3384,-3380,11.17,1,sell
8/28,2880,美商高盛,1480,7438,1377,6061,20.04,2,buy
8/28,2880,台新,0039004200300030,8,3061,-3053,10.09,2,sell
8/28,2880,港商野村,1560,1471,80,1391,4.6,3,buy
8/28,2880,兆豐證券,7000,0,1501,-1501,4.96,3,sell
8/28,2880,美林,1440,1156,370,786,2.6,4,buy
8/28,2880,富邦-永和,9654,6,934,-928,3.07,4,sell
8/28,2880,摩根大通,8440,1473,833,640,2.12,5,buy
8/28,2880,玉山證券,8840,2,546,-544,1.8,5,sell
8/28,2880,凱基-台北,9268,2731,2439,292,0.97,6,buy
8/28,2880,中國信託,6160,3,459,-456,1.51,6,sell
8/28,2880,新加坡商瑞銀,1650,1069,928,141,0.47,7,buy
8/28,2880,永豐金證券,0039004100300030,77,425,-348,1.15,7,sell
8/28,2880,土銀-玉里,1036,80,2,78,0.26,8,buy
8/28,2880,土銀,1030,10,268,-258,0.85,8,sell
8/28,2880,凱基-屏東,0039003200320043,69,5,64,0.21,9,buy
8/28,2880,兆豐-寶成,0037003000300072,5,253,-248,0.82,9,sell
8/28,2880,臺銀-民權,1043,35,12,23,0.08,10,buy
8/28,2880,國泰-敦南,8888,64,310,-246,0.81,10,sell
8/28,2880,永豐金-敦北,0039004100380039,28,6,22,0.07,11,buy
8/28,2880,新光-桃園,8565,1,213,-212,0.7,11,sell
8/28,2880,臺銀-新竹,1045,45,26,19,0.06,12,buy
8/28,2880,華南永昌,9300,1,192,-191,0.63,12,sell
8/28,2880,華南永昌-中正,9359,50,35,15,0.05,13,buy
8/28,2880,花旗環球,1590,1239,1416,-177,0.59,13,sell
8/28,2880,台新-松德,0039004200320061,19,8,11,0.04,14,buy
8/28,2880,統一,5850,13,156,-143,0.47,14,sell
8/28,2880,國票證券,7790,35,25,10,0.03,15,buy
8/28,2880,第一金-忠孝,0035003300380044,113,251,-138,0.46,15,sell
8/28,8069,摩根大通,8440,663,197,466,8.96,1,buy
8/28,8069,美林,1440,0,1442,-1442,27.71,1,sell
8/28,8069,港商野村,1560,397,42,355,6.82,2,buy
8/28,8069,花旗環球,1590,67,486,-419,8.05,2,sell
8/28,8069,台灣摩根士丹利,1470,691,369,322,6.19,3,buy
8/28,8069,大和國泰,8890,0,250,-250,4.8,3,sell
8/28,8069,新加坡商瑞銀,1650,447,151,296,5.69,4,buy
8/28,8069,永豐金-匯立,0039004100380031,3,82,-79,1.52,4,sell
8/28,8069,凱基-台北,9268,443,210,233,4.48,5,buy
8/28,8069,合庫-台中,1021,5,62,-57,1.1,5,sell
8/28,8069,永豐金證券,0039004100300030,200,22,178,3.42,6,buy
8/28,8069,凱基-彰化,0039003200300047,0,50,-50,0.96,6,sell
8/28,8069,土銀,1030,135,0,135,2.59,7,buy
8/28,8069,國泰-敦南,8888,25,68,-43,0.83,7,sell
8/28,8069,凱基,9200,118,0,118,2.27,8,buy
8/28,8069,群益金鼎-台南,9185,0,41,-41,0.79,8,sell
8/28,8069,元大證券,9800,260,174,86,1.65,9,buy
8/28,8069,法銀巴黎,8900,0,38,-38,0.73,9,sell
8/28,8069,美商高盛,1480,309,241,68,1.31,10,buy
8/28,8069,兆豐-大同,0037003000300053,0,33,-33,0.63,10,sell
8/28,8069,永豐金-板盛,0039004100390059,51,9,42,0.81,11,buy
8/28,8069,國票-南崁,0037003700390045,0,32,-32,0.62,11,sell
8/28,8069,群益金鼎-台北,0039003100380058,40,0,40,0.77,12,buy
8/28,8069,群益金鼎-大安,0039003100380065,0,30,-30,0.58,12,sell
8/28,8069,元大-長庚,0039003800380056,39,0,39,0.75,13,buy
8/28,8069,富邦-南京,0039003600310043,1,22,-21,0.4,13,sell
8/28,8069,光和-高雄,0036003300380044,31,0,31,0.6,14,buy
8/28,8069,第一金-豐原,003500330038004e,0,15,-15,0.29,14,sell
8/28,8069,凱基-湖口,003900320030004e,26,6,20,0.38,15,buy
8/28,8069,兆豐-新莊,0037003000300077,0,15,-15,0.29,15,sell
8/28,1718,花旗環球,1590,804,31,773,5.36,1,buy
8/28,1718,富邦-木柵,003900360031004d,0,400,-400,2.77,1,sell
8/28,1718,新光-高雄,8562,697,40,657,4.56,2,buy
8/28,1718,台灣摩根士丹利,1470,476,786,-310,2.15,2,sell
8/28,1718,新光-桃園,8565,225,4,221,1.53,3,buy
8/28,1718,元大-板橋,0039003800390043,69,342,-273,1.89,3,sell
8/28,1718,台新-屏新,0039004200320071,203,0,203,1.41,4,buy
8/28,1718,國泰-館前,0038003800380041,422,655,-233,1.62,4,sell
8/28,1718,美林,1440,194,1,193,1.34,5,buy
8/28,1718,國泰-敦南,8888,300,518,-218,1.51,5,sell
8/28,1718,群益金鼎-東大,9135,175,1,174,1.21,6,buy
8/28,1718,群益金鼎-桃園,9189,2,156,-154,1.07,6,sell
8/28,1718,凱基-五股,0039003200310047,115,0,115,0.8,7,buy
8/28,1718,合庫-台中,1021,10,163,-153,1.06,7,sell
8/28,1718,元大-大里,0039003800310067,149,38,111,0.77,8,buy
8/28,1718,玉山-信義,0038003800340043,0,114,-114,0.79,8,sell
8/28,1718,富邦-建國,9658,110,5,105,0.73,9,buy
8/28,1718,元大-文心興安,9854,11,109,-98,0.68,9,sell
8/28,1718,德信,6910,100,0,100,0.69,10,buy
8/28,1718,凱基-站前,0039003200300046,9,105,-96,0.67,10,sell
8/28,1718,永豐金-信義,0039004100390052,100,0,100,0.69,11,buy
8/28,1718,台新-信義,0039004200320048,1,81,-80,0.55,11,sell
8/28,1718,玉山-左營,0038003800340044,91,4,87,0.6,12,buy
8/28,1718,統一-桃園,0035003800350048,12,85,-73,0.51,12,sell
8/28,1718,美好-蘆洲,5261,85,4,81,0.56,13,buy
8/28,1718,中國信託-中壢,0036003100360041,28,101,-73,0.51,13,sell
8/28,1718,摩根大通,8440,347,275,72,0.5,14,buy
8/28,1718,臺銀-新竹,1045,11,82,-71,0.49,14,sell
8/28,1718,合庫-三重,0031003000320047,55,1,54,0.37,15,buy
8/28,1718,富邦-新竹,9647,16,83,-67,0.46,15,sell
8/28,2887,美商高盛,1480,7584,3930,3654,10.84,1,buy
8/28,2887,華南永昌-台南,9306,10,3492,-3482,10.33,1,sell
8/28,2887,凱基,9200,1333,2,1331,3.95,2,buy
8/28,2887,國泰證券,8880,52,2036,-1984,5.89,2,sell
8/28,2887,港商麥格理,1360,769,9,760,2.26,3,buy
8/28,2887,元大-萬華,0039003800310071,12,1333,-1321,3.92,3,sell
8/28,2887,統一,5850,477,47,430,1.28,4,buy
8/28,2887,美林,1440,303,1549,-1246,3.7,4,sell
8/28,2887,合庫-鳳山,1029,419,6,413,1.23,5,buy
8/28,2887,凱基-台北,9268,656,1891,-1235,3.67,5,sell
8/28,2887,台新,0039004200300030,505,112,393,1.17,6,buy
8/28,2887,台灣摩根士丹利,1470,951,1836,-885,2.63,6,sell
8/28,2887,富邦-宜蘭,9686,406,50,356,1.06,7,buy
8/28,2887,新加坡商瑞銀,1650,1361,2200,-839,2.49,7,sell
8/28,2887,台新-台中,0039004200310068,279,18,261,0.77,8,buy
8/28,2887,摩根大通,8440,996,1727,-731,2.17,8,sell
8/28,2887,國泰-敦南,8888,598,344,254,0.75,9,buy
8/28,2887,香港上海匯豐,8960,0,674,-674,2.0,9,sell
8/28,2887,新光,8560,385,140,245,0.73,10,buy
8/28,2887,花旗環球,1590,902,1530,-628,1.86,10,sell
8/28,2887,國泰-高雄,8881,314,73,241,0.72,11,buy
8/28,2887,港商野村,1560,27,407,-380,1.13,11,sell
8/28,2887,土銀,1030,203,0,203,0.6,12,buy
8/28,2887,永豐金-敦南,0039004100380046,13,251,-238,0.71,12,sell
8/28,2887,元大-中和,0039003800390065,205,2,203,0.6,13,buy
8/28,2887,元大-仁愛,003900380033006a,7,150,-143,0.42,13,sell
8/28,2887,台灣企銀-台中,1111,200,0,200,0.59,14,buy
8/28,2887,群益金鼎,9100,367,492,-125,0.37,14,sell
8/28,2887,兆豐-台中港,7005,203,4,199,0.59,15,buy
8/28,2887,合庫-自強,0031003000320043,37,149,-112,0.33,15,sell
8/28,5388,兆豐-台中,7003,30,0,30,1.69,1,buy
8/28,5388,台灣摩根士丹利,1470,14,286,-272,15.3,1,sell
8/28,5388,華南永昌-板橋,9349,31,3,28,1.57,2,buy
8/28,5388,美商高盛,1480,15,191,-176,9.9,2,sell
8/28,5388,陽信,8710,25,0,25,1.41,3,buy
8/28,5388,香港上海匯豐,8960,0,88,-88,4.95,3,sell
8/28,5388,元大-和平,9863,31,8,23,1.29,4,buy
8/28,5388,凱基-雙和,0039003200300043,7,47,-40,2.25,4,sell
8/28,5388,合庫-新竹,0031003000320041,26,4,22,1.24,5,buy
8/28,5388,新加坡商瑞銀,1650,31,65,-34,1.91,5,sell
8/28,5388,永豐金-復興,003900410039005a,22,1,21,1.18,6,buy
8/28,5388,元大-新營,9825,0,32,-32,1.8,6,sell
8/28,5388,永豐金-敦南,0039004100380046,19,0,19,1.07,7,buy
8/28,5388,國泰-敦南,8888,16,47,-31,1.74,7,sell
8/28,5388,台新-台中,0039004200310068,18,1,17,0.96,8,buy
8/28,5388,美林,1440,53,80,-27,1.52,8,sell
8/28,5388,華南永昌-林口,9317,17,0,17,0.96,9,buy
8/28,5388,永豐金-新莊,0039004100390048,2,22,-20,1.12,9,sell
8/28,5388,富邦-仁愛,9676,19,2,17,0.96,10,buy
8/28,5388,凱基-台北,9268,37,54,-17,0.96,10,sell
8/28,5388,元大-鹿港,0039003800390053,19,3,16,0.9,11,buy
8/28,5388,中國信託-新竹,6165,1,17,-16,0.9,11,sell
8/28,5388,凱基-埔墘,9288,15,0,15,0.84,12,buy
8/28,5388,第一金-華江,0035003300380057,1,15,-14,0.79,12,sell
8/28,5388,台新-草屯,0039004200320058,14,0,14,0.79,13,buy
8/28,5388,兆豐證券,7000,1,14,-13,0.73,13,sell
8/28,5388,元大-士林,003900380031006a,13,0,13,0.73,14,buy
8/28,5388,摩根大通,8440,31,43,-12,0.67,14,sell
8/28,5388,元大-中壢,9834,12,0,12,0.67,15,buy
8/28,5388,元大-新莊,9898,7,17,-10,0.56,15,sell
8/28,3702,美商高盛,1480,1240,185,1055,6.89,1,buy
8/28,3702,國票-敦北法人,0037003700390063,2,1806,-1804,11.78,1,sell
8/28,3702,群益金鼎-民權,9131,369,0,369,2.41,2,buy
8/28,3702,台新-台北,0039004200320030,6,1424,-1418,9.26,2,sell
8/28,3702,永豐金證券,0039004100300030,286,13,273,1.78,3,buy
8/28,3702,(牛牛牛)亞證券,6010,0,1400,-1400,9.14,3,sell
8/28,3702,港商麥格理,1360,267,21,246,1.61,4,buy
8/28,3702,福邦證券,6480,1,1200,-1199,7.83,4,sell
8/28,3702,新加坡商瑞銀,1650,944,708,236,1.54,5,buy
8/28,3702,群益金鼎,9100,13,1001,-988,6.45,5,sell
8/28,3702,元大-草屯,0039003800390045,216,16,200,1.31,6,buy
8/28,3702,華南永昌-麻豆,9308,5,858,-853,5.57,6,sell
8/28,3702,凱基-台北,9268,910,715,195,1.27,7,buy
8/28,3702,台新,0039004200300030,93,589,-496,3.24,7,sell
8/28,3702,國泰-敦南,8888,222,34,188,1.23,8,buy
8/28,3702,兆豐證券,7000,0,423,-423,2.76,8,sell
8/28,3702,玉山證券,8840,143,29,114,0.74,9,buy
8/28,3702,美林,1440,18,417,-399,2.61,9,sell
8/28,3702,台灣摩根士丹利,1470,406,293,113,0.74,10,buy
8/28,3702,中國信託,6160,61,362,-301,1.97,10,sell
8/28,3702,花旗環球,1590,192,79,113,0.74,11,buy
8/28,3702,摩根大通,8440,271,514,-243,1.59,11,sell
8/28,3702,新光,8560,148,36,112,0.73,12,buy
8/28,3702,富邦證券,9600,119,314,-195,1.27,12,sell
8/28,3702,元大-內湖民權,9867,107,0,107,0.7,13,buy
8/28,3702,凱基-站前,0039003200300046,11,150,-139,0.91,13,sell
8/28,3702,凱基-鳳山,9274,103,2,101,0.66,14,buy
8/28,3702,元大證券,9800,589,715,-126,0.82,14,sell
8/28,3702,元大-土城,9897,95,2,93,0.61,15,buy
8/28,3702,合庫證券,1020,8,116,-108,0.71,15,sell
8/28,5483,新光,8560,389,130,259,1.44,1,buy
8/28,5483,新加坡商瑞銀,1650,259,981,-722,4.0,1,sell
8/28,5483,台灣摩根士丹利,1470,705,478,227,1.26,2,buy
8/28,5483,美商高盛,1480,366,780,-414,2.29,2,sell
8/28,5483,港商麥格理,1360,174,0,174,0.96,3,buy
8/28,5483,摩根大通,8440,57,364,-307,1.7,3,sell
8/28,5483,富邦-新店,9661,133,14,119,0.66,4,buy
8/28,5483,元大證券,9800,2516,2654,-138,0.76,4,sell
8/28,5483,元大-松江,9801,113,11,102,0.57,5,buy
8/28,5483,美林,1440,114,225,-111,0.62,5,sell
8/28,5483,國票-敦北法人,0037003700390063,98,4,94,0.52,6,buy
8/28,5483,凱基-台北,9268,936,995,-59,0.33,6,sell
8/28,5483,國泰-敦南,8888,600,540,60,0.33,7,buy
8/28,5483,富邦-中壢,9636,83,131,-48,0.27,7,sell
8/28,5483,港商野村,1560,64,4,60,0.33,8,buy
8/28,5483,永豐金-新莊,0039004100390048,14,59,-45,0.25,8,sell
8/28,5483,元大-豐原,9838,77,19,58,0.32,9,buy
8/28,5483,永豐金-忠孝,0039004100390044,17,60,-43,0.24,9,sell
8/28,5483,永豐金-潮州,0039004100390071,61,3,58,0.32,10,buy
8/28,5483,元大-北三重,0039003800390056,34,75,-41,0.23,10,sell
8/28,5483,元大-北屯,0039003800390064,73,16,57,0.32,11,buy
8/28,5483,永豐金證券,0039004100300030,152,189,-37,0.21,11,sell
8/28,5483,華南永昌-敦南,9347,72,17,55,0.3,12,buy
8/28,5483,永豐金-虎尾,0039004100390062,2,39,-37,0.21,12,sell
8/28,5483,元大-中崙,9813,47,2,45,0.25,13,buy
8/28,5483,凱基-竹科,9272,6,41,-35,0.19,13,sell
8/28,5483,富邦-南屯,9666,49,6,43,0.24,14,buy
8/28,5483,第一金-頭份,0035003300380049,6,37,-31,0.17,14,sell
8/28,5483,元大-鳳中,0039003800350043,49,8,41,0.23,15,buy
8/28,5483,臺銀-臺中,0031003000340041,39,70,-31,0.17,15,sell
8/28,2890,新加坡商瑞銀,1650,5901,2218,3683,21.37,1,buy
8/28,2890,摩根大通,8440,3178,4315,-1137,6.6,1,sell
8/28,2890,美林,1440,2611,177,2434,14.12,2,buy
8/28,2890,台灣摩根士丹利,1470,553,1337,-784,4.55,2,sell
8/28,2890,陽信,8710,101,1,100,0.58,3,buy
8/28,2890,花旗環球,1590,633,1348,-715,4.15,3,sell
8/28,2890,凱基-台北,9268,520,430,90,0.52,4,buy
8/28,2890,群益金鼎-古亭,0039003100380043,0,612,-612,3.55,4,sell
8/28,2890,台新,0039004200300030,82,11,71,0.41,5,buy
8/28,2890,第一金-高雄,5383,10,610,-600,3.48,5,sell
8/28,2890,國票-敦北法人,0037003700390063,90,23,67,0.39,6,buy
8/28,2890,元大證券,9800,272,817,-545,3.16,6,sell
8/28,2890,國泰-新莊,8886,60,4,56,0.32,7,buy
8/28,2890,美商高盛,1480,1048,1437,-389,2.26,7,sell
8/28,2890,法銀巴黎,8900,57,4,53,0.31,8,buy
8/28,2890,永豐金證券,0039004100300030,36,371,-335,1.94,8,sell
8/28,2890,國泰-板橋,003800380038004b,53,1,52,0.3,9,buy
8/28,2890,兆豐-高雄,003700300030005a,0,206,-206,1.2,9,sell
8/28,2890,大昌-安康,6462,50,0,50,0.29,10,buy
8/28,2890,統一,5850,2,198,-196,1.14,10,sell
8/28,2890,華南永昌,9300,44,2,42,0.24,11,buy
8/28,2890,永豐金-中正,0039004100390055,3,81,-78,0.45,11,sell
8/28,2890,華南永昌-虎尾,9377,40,1,39,0.23,12,buy
8/28,2890,富邦-仁愛,9676,33,107,-74,0.43,12,sell
8/28,2890,合庫-彰化,1028,35,0,35,0.2,13,buy
8/28,2890,臺銀-臺南,1042,2,73,-71,0.41,13,sell
8/28,2890,第一金-中壢,0035003300380059,35,2,33,0.19,14,buy
8/28,2890,永豐金-中壢,0039004100390039,0,66,-66,0.38,14,sell
8/28,2890,第一金,5380,32,0,32,0.19,15,buy
8/28,2890,(牛牛牛)亞-鑫豐,0036003000310064,14,74,-60,0.35,15,sell
8/28,4979,兆豐-大同,0037003000300053,254,0,254,10.0,1,buy
8/28,4979,國泰證券,8880,3,277,-274,10.78,1,sell
8/28,4979,凱基-台北,9268,132,4,128,5.04,2,buy
8/28,4979,群益金鼎-台北,0039003100380058,1,169,-168,6.61,2,sell
8/28,4979,摩根大通,8440,110,0,110,4.33,3,buy
8/28,4979,統一-敦南,5852,1,126,-125,4.92,3,sell
8/28,4979,統一-三重,003500380035004a,125,25,100,3.94,4,buy
8/28,4979,凱基-站前,0039003200300046,0,109,-109,4.29,4,sell
8/28,4979,國票證券,7790,85,2,83,3.27,5,buy
8/28,4979,兆豐證券,7000,0,106,-106,4.17,5,sell
8/28,4979,永豐金-信義,0039004100390052,75,2,73,2.87,6,buy
8/28,4979,凱基,9200,0,46,-46,1.81,6,sell
8/28,4979,永豐金-萬盛,0039004100390032,71,0,71,2.79,7,buy
8/28,4979,台新-建北,0039004200310038,1,30,-29,1.14,7,sell
8/28,4979,統一,5850,68,19,49,1.93,8,buy
8/28,4979,華南永昌-彰化,9363,0,24,-24,0.94,8,sell
8/28,4979,華南永昌-南京,9326,49,2,47,1.85,9,buy
8/28,4979,國泰-板橋,003800380038004b,5,27,-22,0.87,9,sell
8/28,4979,群益金鼎-館前,0039003100330059,46,3,43,1.69,10,buy
8/28,4979,元大-南京,9862,5,27,-22,0.87,10,sell
8/28,4979,群益金鼎,9100,42,1,41,1.61,11,buy
8/28,4979,元大-台北,0039003800300068,0,19,-19,0.75,11,sell
8/28,4979,宏遠-高雄,0031003200360051,36,1,35,1.38,12,buy
8/28,4979,美商高盛,1480,2,20,-18,0.71,12,sell
8/28,4979,台新,0039004200300030,44,10,34,1.34,13,buy
8/28,4979,國泰-台中,8882,1,18,-17,0.67,13,sell
8/28,4979,元大證券,9800,39,7,32,1.26,14,buy
8/28,4979,國泰-敦南,8888,18,33,-15,0.59,14,sell
8/28,4979,國票-安和,003700370039005a,31,0,31,1.22,15,buy
8/28,4979,第一金-路竹,0035003300380050,0,14,-14,0.55,15,sell
8/28,4938,新加坡商瑞銀,1650,913,250,663,10.18,1,buy
8/28,4938,港商野村,1560,7,2219,-2212,33.95,1,sell
8/28,4938,凱基-台北,9268,575,79,496,7.61,2,buy
8/28,4938,台灣摩根士丹利,1470,258,963,-705,10.82,2,sell
8/28,4938,美林,1440,510,155,355,5.45,3,buy
8/28,4938,元大證券,9800,214,521,-307,4.71,3,sell
8/28,4938,摩根大通,8440,523,248,275,4.22,4,buy
8/28,4938,美商高盛,1480,270,566,-296,4.54,4,sell
8/28,4938,大和國泰,8890,200,0,200,3.07,5,buy
8/28,4938,國泰-忠孝,8887,2,140,-138,2.12,5,sell
8/28,4938,凱基-東港,9212,100,0,100,1.53,6,buy
8/28,4938,元大-基隆孝二,003900380036004b,3,120,-117,1.8,6,sell
8/28,4938,富邦-陽明,9604,87,0,87,1.34,7,buy
8/28,4938,元大-和平,9863,0,40,-40,0.61,7,sell
8/28,4938,宏遠-桃園,1262,83,0,83,1.27,8,buy
8/28,4938,宏遠-民生,1261,0,40,-40,0.61,8,sell
8/28,4938,凱基-大直,9218,80,0,80,1.23,9,buy
8/28,4938,凱基-台中,9204,3,37,-34,0.52,9,sell
8/28,4938,元大-三民,0039003800390046,75,1,74,1.14,10,buy
8/28,4938,群益金鼎-館前,0039003100330059,0,20,-20,0.31,10,sell
8/28,4938,兆豐-公益,003700300030004a,61,0,61,0.94,11,buy
8/28,4938,國泰-台中,8882,2,16,-14,0.21,11,sell
8/28,4938,永豐金-豐原,0039004100390051,65,7,58,0.89,12,buy
8/28,4938,法銀巴黎,8900,0,13,-13,0.2,12,sell
8/28,4938,香港上海匯豐,8960,56,0,56,0.86,13,buy
8/28,4938,富邦-嘉義,9692,0,12,-12,0.18,13,sell
8/28,4938,凱基-敦北,9237,54,0,54,0.83,14,buy
8/28,4938,元大-忠孝,9871,0,11,-11,0.17,14,sell
8/28,4938,新光,8560,47,3,44,0.68,15,buy
8/28,4938,第一金-豐原,003500330038004e,1,12,-11,0.17,15,sell
8/28,2313,美林,1440,3900,1703,2197,2.52,1,buy
8/28,2313,凱基-台北,9268,5533,8157,-2624,3.01,1,sell
8/28,2313,美商高盛,1480,3260,2533,727,0.83,2,buy
8/28,2313,富邦證券,9600,792,3411,-2619,3.0,2,sell
8/28,2313,永豐金-忠孝,0039004100390044,629,49,580,0.67,3,buy
8/28,2313,凱基-城中,9227,50,2297,-2247,2.58,3,sell
8/28,2313,台新,0039004200300030,1048,480,568,0.65,4,buy
8/28,2313,國票-敦北法人,0037003700390063,131,1396,-1265,1.45,4,sell
8/28,2313,台新-城東,0039004200320072,542,31,511,0.59,5,buy
8/28,2313,新加坡商瑞銀,1650,767,1665,-898,1.03,5,sell
8/28,2313,兆豐證券,7000,669,184,485,0.56,6,buy
8/28,2313,元大-土城永寧,9875,63,877,-814,0.93,6,sell
8/28,2313,凱基-市府,0039003200300044,448,36,412,0.47,7,buy
8/28,2313,摩根大通,8440,1134,1900,-766,0.88,7,sell
8/28,2313,港商野村,1560,643,238,405,0.46,8,buy
8/28,2313,統一,5850,687,1435,-748,0.86,8,sell
8/28,2313,華南永昌-南京,9326,541,139,402,0.46,9,buy
8/28,2313,統一-城中,5854,58,729,-671,0.77,9,sell
8/28,2313,港商麥格理,1360,373,0,373,0.43,10,buy
8/28,2313,元大證券,9800,8892,9252,-360,0.41,10,sell
8/28,2313,華南永昌,9300,655,406,249,0.29,11,buy
8/28,2313,國票-安和,003700370039005a,520,797,-277,0.32,11,sell
8/28,2313,凱基,9200,471,226,245,0.28,12,buy
8/28,2313,富邦-南屯,9666,49,300,-251,0.29,12,sell
8/28,2313,法銀巴黎,8900,247,7,240,0.28,13,buy
8/28,2313,台新-高雄,0039004200310067,169,375,-206,0.24,13,sell
8/28,2313,群益金鼎-松山,9103,245,10,235,0.27,14,buy
8/28,2313,群益金鼎-館前,0039003100330059,42,231,-189,0.22,14,sell
8/28,2313,華南永昌-長虹,9333,281,71,210,0.24,15,buy
8/28,2313,富邦-板橋,9655,156,314,-158,0.18,15,sell
8/28,3105,摩根大通,8440,2585,1057,1528,3.11,1,buy
8/28,3105,元大證券,9800,4373,10022,-5649,11.48,1,sell
8/28,3105,花旗環球,1590,1485,57,1428,2.9,2,buy
8/28,3105,凱基-台北,9268,2574,3883,-1309,2.66,2,sell
8/28,3105,國票-安和,003700370039005a,844,46,798,1.62,3,buy
8/28,3105,國票-敦北法人,0037003700390063,66,746,-680,1.38,3,sell
8/28,3105,台灣摩根士丹利,1470,2992,2363,629,1.28,4,buy
8/28,3105,富邦證券,9600,317,728,-411,0.84,4,sell
8/28,3105,群益金鼎,9100,1261,753,508,1.03,5,buy
8/28,3105,統一,5850,277,661,-384,0.78,5,sell
8/28,3105,玉山證券,8840,689,220,469,0.95,6,buy
8/28,3105,台新,0039004200300030,261,515,-254,0.52,6,sell
8/28,3105,富邦-新店,9661,487,63,424,0.86,7,buy
8/28,3105,康和,8450,6,239,-233,0.47,7,sell
8/28,3105,華南永昌-中正,9359,192,13,179,0.36,8,buy
8/28,3105,元大-台北,0039003800300068,57,252,-195,0.4,8,sell
8/28,3105,新加坡商瑞銀,1650,861,714,147,0.3,9,buy
8/28,3105,凱基-信義,9216,40,222,-182,0.37,9,sell
8/28,3105,兆豐證券,7000,146,2,144,0.29,10,buy
8/28,3105,美商高盛,1480,2752,2900,-148,0.3,10,sell
8/28,3105,永豐金-南京,0039004100390053,167,35,132,0.27,11,buy
8/28,3105,統一-敦南,5852,80,176,-96,0.2,11,sell
8/28,3105,國泰-敦南,8888,1342,1220,122,0.25,12,buy
8/28,3105,富邦-板橋,9655,130,221,-91,0.18,12,sell
8/28,3105,元大-羅東,0039003800320041,131,26,105,0.21,13,buy
8/28,3105,華南永昌-台中,9302,21,85,-64,0.13,13,sell
8/28,3105,新光,8560,780,681,99,0.2,14,buy
8/28,3105,華南永昌-高雄,9303,55,114,-59,0.12,14,sell
8/28,3105,凱基,9200,336,253,83,0.17,15,buy
8/28,3105,永豐金-古亭,0039004100390064,66,122,-56,0.11,15,sell
8/28,2855,美商高盛,1480,495,136,359,10.51,1,buy
8/28,2855,華南永昌-竹北,9339,0,101,-101,2.96,1,sell
8/28,2855,新加坡商瑞銀,1650,278,63,215,6.29,2,buy
8/28,2855,彰銀-台中,1233,1,91,-90,2.63,2,sell
8/28,2855,台灣摩根士丹利,1470,247,80,167,4.89,3,buy
8/28,2855,華南永昌-中正,9359,0,65,-65,1.9,3,sell
8/28,2855,元大證券,9800,286,160,126,3.69,4,buy
8/28,2855,花旗環球,1590,13,75,-62,1.81,4,sell
8/28,2855,美林,1440,186,84,102,2.99,5,buy
8/28,2855,永豐金-台南,0039004100390068,2,51,-49,1.43,5,sell
8/28,2855,台新-林園,0039004200320037,101,0,101,2.96,6,buy
8/28,2855,統一-三重,003500380035004a,0,49,-49,1.43,6,sell
8/28,2855,富邦-二林,0039003600320042,63,0,63,1.84,7,buy
8/28,2855,中國信託-永康,6163,1,46,-45,1.32,7,sell
8/28,2855,富邦-羅東,9634,65,2,63,1.84,8,buy
8/28,2855,凱基-台北,9268,359,401,-42,1.23,8,sell
8/28,2855,第一金,5380,60,0,60,1.76,9,buy
8/28,2855,永豐金-彰化,0039004100390073,0,35,-35,1.02,9,sell
8/28,2855,永豐金-天母,0039004100390047,52,0,52,1.52,10,buy
8/28,2855,永豐金-南投,003900410039004d,13,41,-28,0.82,10,sell
8/28,2855,台新-新店,0039004200320032,44,0,44,1.29,11,buy
8/28,2855,統一-台中,5856,0,27,-27,0.79,11,sell
8/28,2855,統一-新竹,5857,42,0,42,1.23,12,buy
8/28,2855,土銀-士林,1039,0,27,-27,0.79,12,sell
8/28,2855,摩根大通,8440,176,139,37,1.08,13,buy
8/28,2855,新光-台南,8564,0,24,-24,0.7,13,sell
8/28,2855,港商野村,1560,27,0,27,0.79,14,buy
8/28,2855,合庫證券,1020,0,23,-23,0.67,14,sell
8/28,2855,群益金鼎-東大,9135,21,1,20,0.59,15,buy
8/28,2855,元大-雙和,9874,0,21,-21,0.61,15,sell
8/28,2542,美商高盛,1480,1075,191,884,16.24,1,buy
8/28,2542,群益金鼎-新竹,9186,0,900,-900,16.53,1,sell
8/28,2542,合庫證券,1020,463,1,462,8.48,2,buy
8/28,2542,元大證券,9800,27,741,-714,13.11,2,sell
8/28,2542,港商麥格理,1360,246,14,232,4.26,3,buy
8/28,2542,統一-永和,0035003800350042,0,433,-433,7.95,3,sell
8/28,2542,凱基-台北,9268,302,149,153,2.81,4,buy
8/28,2542,台灣摩根士丹利,1470,84,263,-179,3.29,4,sell
8/28,2542,新光,8560,120,10,110,2.02,5,buy
8/28,2542,新加坡商瑞銀,1650,31,201,-170,3.12,5,sell
8/28,2542,永豐金證券,0039004100300030,143,34,109,2.0,6,buy
8/28,2542,康和-仁愛,0038003400350046,0,150,-150,2.75,6,sell
8/28,2542,兆豐-忠孝,0037003000300061,80,0,80,1.47,7,buy
8/28,2542,兆豐-桃園,003700300030004d,1,100,-99,1.82,7,sell
8/28,2542,華南永昌-淡水,9316,60,5,55,1.01,8,buy
8/28,2542,台新-花蓮,0039004200320079,6,93,-87,1.6,8,sell
8/28,2542,摩根大通,8440,105,70,35,0.64,9,buy
8/28,2542,富邦-花蓮,9621,4,61,-57,1.05,9,sell
8/28,2542,陽信-石牌,8711,35,0,35,0.64,10,buy
8/28,2542,國票證券,7790,6,63,-57,1.05,10,sell
8/28,2542,國泰-台中,8882,53,18,35,0.64,11,buy
8/28,2542,統一,5850,8,51,-43,0.79,11,sell
8/28,2542,群益金鼎-中壢,0039003100380041,33,0,33,0.61,12,buy
8/28,2542,玉山證券,8840,1,40,-39,0.72,12,sell
8/28,2542,國泰-敦南,8888,95,63,32,0.59,13,buy
8/28,2542,元大-斗信,9884,5,43,-38,0.7,13,sell
8/28,2542,元大-文心,9868,31,0,31,0.57,14,buy
8/28,2542,新百王,6210,0,35,-35,0.64,14,sell
8/28,2542,致和-高雄,7036,30,0,30,0.55,15,buy
8/28,2542,元大-嘉義,0039003800390067,8,41,-33,0.61,15,sell
8/28,5425,中國信託,6160,835,124,711,1.44,1,buy
8/28,5425,凱基-台北,9268,3855,5749,-1894,3.82,1,sell
8/28,5425,新光-新竹,8563,520,107,413,0.83,2,buy
8/28,5425,美商高盛,1480,882,1811,-929,1.88,2,sell
8/28,5425,富邦證券,9600,3556,3160,396,0.8,3,buy
8/28,5425,台灣摩根士丹利,1470,844,1234,-390,0.79,3,sell
8/28,5425,統一,5850,600,328,272,0.55,4,buy
8/28,5425,新加坡商瑞銀,1650,802,1187,-385,0.78,4,sell
8/28,5425,元大-永康,9829,216,14,202,0.41,5,buy
8/28,5425,美林,1440,223,522,-299,0.6,5,sell
8/28,5425,第一金-新興,0035003300380041,164,18,146,0.29,6,buy
8/28,5425,摩根大通,8440,213,510,-297,0.6,6,sell
8/28,5425,元大-沙鹿,0039003800300064,186,59,127,0.26,7,buy
8/28,5425,港商野村,1560,186,436,-250,0.5,7,sell
8/28,5425,台新-五權西,0039004200320035,134,31,103,0.21,8,buy
8/28,5425,群益金鼎,9100,395,637,-242,0.49,8,sell
8/28,5425,元大-虎尾,003900380030006c,134,37,97,0.2,9,buy
8/28,5425,元大證券,9800,4287,4516,-229,0.46,9,sell
8/28,5425,國泰-台中,8882,296,207,89,0.18,10,buy
8/28,5425,統一-嘉義,5858,5,128,-123,0.25,10,sell
8/28,5425,群益金鼎-民權,9131,123,33,90,0.18,11,buy
8/28,5425,國票證券,7790,224,323,-99,0.2,11,sell
8/28,5425,台新,0039004200300030,489,402,87,0.18,12,buy
8/28,5425,臺銀-高雄,0031003000340043,95,193,-98,0.2,12,sell
8/28,5425,凱基-虎尾,9236,126,40,86,0.17,13,buy
8/28,5425,合庫-新竹,0031003000320041,5,83,-78,0.16,13,sell
8/28,5425,群益金鼎-南京,0039003100380045,88,7,81,0.16,14,buy
8/28,5425,富邦-仁愛,9676,54,125,-71,0.14,14,sell
8/28,5425,凱基-士林,9238,92,17,75,0.15,15,buy
8/28,5425,中國信託-永康,6163,67,134,-67,0.14,15,sell
8/28,6805,台灣摩根士丹利,1470,503,233,270,7.38,1,buy
8/28,6805,凱基-士林,9238,6,115,-109,2.98,1,sell
8/28,6805,台新,0039004200300030,225,85,140,3.82,2,buy
8/28,6805,群益金鼎-新莊,0039003100380047,3,103,-100,2.73,2,sell
8/28,6805,富邦證券,9600,162,26,136,3.71,3,buy
8/28,6805,元大-鳳山,003900380033005a,9,93,-84,2.29,3,sell
8/28,6805,美商高盛,1480,239,110,129,3.52,4,buy
8/28,6805,凱基-台北,9268,249,306,-57,1.56,4,sell
8/28,6805,元大-天母,0039003800310049,108,13,95,2.59,5,buy
8/28,6805,凱基-信義,9216,64,115,-51,1.39,5,sell
8/28,6805,華南永昌,9300,73,14,59,1.61,6,buy
8/28,6805,美林,1440,2,49,-47,1.28,6,sell
8/28,6805,統一-敦南,5852,59,4,55,1.5,7,buy
8/28,6805,國泰-松江,8883,3,48,-45,1.23,7,sell
8/28,6805,兆豐-新竹,0037003000300056,38,1,37,1.01,8,buy
8/28,6805,宏遠證券,1260,0,44,-44,1.2,8,sell
8/28,6805,(牛牛牛)亞證券,6010,31,0,31,0.85,9,buy
8/28,6805,康和,8450,0,41,-41,1.12,9,sell
8/28,6805,兆豐-北高雄,0037003000300049,100,70,30,0.82,10,buy
8/28,6805,凱基-站前,0039003200300046,17,58,-41,1.12,10,sell
8/28,6805,統一,5850,67,43,24,0.66,11,buy
8/28,6805,永豐金證券,0039004100300030,19,51,-32,0.87,11,sell
8/28,6805,兆豐證券,7000,24,1,23,0.63,12,buy
8/28,6805,國泰-敦南,8888,45,75,-30,0.82,12,sell
8/28,6805,統一-仁愛,0035003800350063,30,7,23,0.63,13,buy
8/28,6805,元大-南屯,9853,3,24,-21,0.57,13,sell
8/28,6805,元大-松江,9801,28,8,20,0.55,14,buy
8/28,6805,兆豐-大同,0037003000300053,0,20,-20,0.55,14,sell
8/28,6805,摩根大通,8440,55,38,17,0.46,15,buy
8/28,6805,台新-安南,003900420032005a,0,20,-20,0.55,15,sell
8/28,5347,台灣摩根士丹利,1470,4317,1276,3041,13.92,1,buy
8/28,5347,新加坡商瑞銀,1650,427,2676,-2249,10.3,1,sell
8/28,5347,群益金鼎,9100,1047,289,758,3.47,2,buy
8/28,5347,花旗環球,1590,50,1494,-1444,6.61,2,sell
8/28,5347,凱基-台北,9268,1654,1343,311,1.42,3,buy
8/28,5347,國票-敦北法人,0037003700390063,15,345,-330,1.51,3,sell
8/28,5347,元大證券,9800,2288,2040,248,1.14,4,buy
8/28,5347,中國信託,6160,47,273,-226,1.03,4,sell
8/28,5347,美林,1440,225,62,163,0.75,5,buy
8/28,5347,港商麥格理,1360,0,170,-170,0.78,5,sell
8/28,5347,摩根大通,8440,368,209,159,0.73,6,buy
8/28,5347,元大-豐原站前,0039003800390057,16,127,-111,0.51,6,sell
8/28,5347,第一金-大稻埕,0035003300380046,123,0,123,0.56,7,buy
8/28,5347,元大-嘉義,0039003800390067,29,84,-55,0.25,7,sell
8/28,5347,港商野村,1560,189,98,91,0.42,8,buy
8/28,5347,凱基-站前,0039003200300046,45,97,-52,0.24,8,sell
8/28,5347,第一金-安和,003500330038006a,131,45,86,0.39,9,buy
8/28,5347,群益金鼎-新竹,9186,1,50,-49,0.22,9,sell
8/28,5347,國泰證券,8880,109,31,78,0.36,10,buy
8/28,5347,統一,5850,124,169,-45,0.21,10,sell
8/28,5347,玉山證券,8840,101,29,72,0.33,11,buy
8/28,5347,元大-大同,0039003800390047,35,76,-41,0.19,11,sell
8/28,5347,富邦-花蓮,9621,78,21,57,0.26,12,buy
8/28,5347,凱基-台南,9211,13,54,-41,0.19,12,sell
8/28,5347,群益金鼎-開元,9134,56,5,51,0.23,13,buy
8/28,5347,統一-中壢,5853,12,52,-40,0.18,13,sell
8/28,5347,台新-高雄,0039004200310067,85,38,47,0.22,14,buy
8/28,5347,第一金-中壢,0035003300380059,5,43,-38,0.17,14,sell
8/28,5347,台新-中港,0039004200320069,54,9,45,0.21,15,buy
8/28,5347,統一-宜蘭,0035003800350053,2,40,-38,0.17,15,sell
8/28,8150,台灣摩根士丹利,1470,1941,404,1537,6.9,1,buy
8/28,8150,國泰-敦南,8888,703,817,-114,0.51,1,sell
8/28,8150,新加坡商瑞銀,1650,689,52,637,2.86,2,buy
8/28,8150,凱基-台南,9211,27,127,-100,0.45,2,sell
8/28,8150,美商高盛,1480,2187,1800,387,1.74,3,buy
8/28,8150,新光,8560,203,298,-95,0.43,3,sell
8/28,8150,元大-沙鹿,0039003800300064,268,31,237,1.06,4,buy
8/28,8150,永豐金證券,0039004100300030,187,278,-91,0.41,4,sell
8/28,8150,摩根大通,8440,283,117,166,0.75,5,buy
8/28,8150,元大-民雄,0039003800310056,5,89,-84,0.38,5,sell
8/28,8150,中國信託,6160,216,97,119,0.53,6,buy
8/28,8150,國泰-台南,8884,73,152,-79,0.35,6,sell
8/28,8150,凱基-台北,9268,1269,1165,104,0.47,7,buy
8/28,8150,元大-福營,0039003800310046,11,88,-77,0.35,7,sell
8/28,8150,元大-善化,0039003800310079,175,100,75,0.34,8,buy
8/28,8150,台新,0039004200300030,91,150,-59,0.26,8,sell
8/28,8150,花旗環球,1590,83,8,75,0.34,9,buy
8/28,8150,國泰-忠孝,8887,20,78,-58,0.26,9,sell
8/28,8150,國票證券,7790,72,16,56,0.25,10,buy
8/28,8150,台新-台南,0039004200310036,21,79,-58,0.26,10,sell
8/28,8150,合庫-台中,1021,107,57,50,0.22,11,buy
8/28,8150,合庫-桃園,0031003000320045,17,73,-56,0.25,11,sell
8/28,8150,玉山-左營,0038003800340044,71,29,42,0.19,12,buy
8/28,8150,玉山-台中,0038003800340042,30,84,-54,0.24,12,sell
8/28,8150,永豐金-新店,0039004100390069,52,11,41,0.18,13,buy
8/28,8150,富邦-花蓮,9621,26,77,-51,0.23,13,sell
8/28,8150,華南永昌-民權,9312,39,3,36,0.16,14,buy
8/28,8150,國泰-館前,0038003800380041,47,96,-49,0.22,14,sell
8/28,8150,第一金-大稻埕,0035003300380046,38,5,33,0.15,15,buy
8/28,8150,凱基-竹科,9272,8,51,-43,0.19,15,sell
8/28,8358,凱基-信義,9216,4979,1021,3958,9.66,1,buy
8/28,8358,元大證券,9800,3266,4482,-1216,2.97,1,sell
8/28,8358,富邦證券,9600,4128,513,3615,8.82,2,buy
8/28,8358,美商高盛,1480,574,1153,-579,1.41,2,sell
8/28,8358,國票-安和,003700370039005a,313,26,287,0.7,3,buy
8/28,8358,凱基-台北,9268,2344,2628,-284,0.69,3,sell
8/28,8358,福邦證券,6480,214,15,199,0.49,4,buy
8/28,8358,台新-文心,003900420032007a,26,235,-209,0.51,4,sell
8/28,8358,美林,1440,716,547,169,0.41,5,buy
8/28,8358,元大-大安,003900380033004e,235,437,-202,0.49,5,sell
8/28,8358,國泰證券,8880,176,27,149,0.36,6,buy
8/28,8358,凱基,9200,68,268,-200,0.49,6,sell
8/28,8358,永豐金-信義,0039004100390052,147,27,120,0.29,7,buy
8/28,8358,兆豐-新竹,0037003000300056,36,226,-190,0.46,7,sell
8/28,8358,新光-新竹,8563,166,59,107,0.26,8,buy
8/28,8358,富邦-仁愛,9676,77,235,-158,0.39,8,sell
8/28,8358,富邦-嘉義,9692,246,143,103,0.25,9,buy
8/28,8358,永豐金-敦北,0039004100380039,90,248,-158,0.39,9,sell
8/28,8358,富邦-永和,9654,153,78,75,0.18,10,buy
8/28,8358,國泰-敦南,8888,1303,1442,-139,0.34,10,sell
8/28,8358,群益金鼎-大安,0039003100380065,124,54,70,0.17,11,buy
8/28,8358,元大-蘆洲,9857,55,191,-136,0.33,11,sell
8/28,8358,大昌-新店,6464,87,20,67,0.16,12,buy
8/28,8358,統一,5850,341,461,-120,0.29,12,sell
8/28,8358,台中銀-豐原,0036003100310041,72,11,61,0.15,13,buy
8/28,8358,元大-北投,0039003800390041,102,216,-114,0.28,13,sell
8/28,8358,統一-南京,0035003800350055,122,63,59,0.14,14,buy
8/28,8358,(牛牛牛)亞證券,6010,0,110,-110,0.27,14,sell
8/28,8358,元大-內湖民權,9867,93,44,49,0.12,15,buy
8/28,8358,美好,5260,0,106,-106,0.26,15,sell
8/28,2637,永豐金-竹科,0039004100390058,260,0,260,5.82,1,buy
8/28,2637,摩根大通,8440,23,356,-333,7.46,1,sell
8/28,2637,美林,1440,122,32,90,2.02,2,buy
8/28,2637,台灣摩根士丹利,1470,309,632,-323,7.24,2,sell
8/28,2637,富邦-八德,0039003600330041,53,1,52,1.16,3,buy
8/28,2637,美商高盛,1480,108,342,-234,5.24,3,sell
8/28,2637,第一金,5380,50,0,50,1.12,4,buy
8/28,2637,新加坡商瑞銀,1650,256,480,-224,5.02,4,sell
8/28,2637,兆豐-虎尾,0037003000300046,50,0,50,1.12,5,buy
8/28,2637,凱基-台北,9268,117,317,-200,4.48,5,sell
8/28,2637,元大證券,9800,375,330,45,1.01,6,buy
8/28,2637,福勝,6950,0,47,-47,1.05,6,sell
8/28,2637,國泰-台中,8882,46,4,42,0.94,7,buy
8/28,2637,富邦-二林,0039003600320042,3,46,-43,0.96,7,sell
8/28,2637,台新-台北,0039004200320030,43,1,42,0.94,8,buy
8/28,2637,國泰-忠孝,8887,3,37,-34,0.76,8,sell
8/28,2637,永豐金-天母,0039004100390047,42,1,41,0.92,9,buy
8/28,2637,新光-台中,8561,10,38,-28,0.63,9,sell
8/28,2637,第一金-澎湖,5387,44,3,41,0.92,10,buy
8/28,2637,國票證券,7790,13,41,-28,0.63,10,sell
8/28,2637,玉山-新莊,8842,36,0,36,0.81,11,buy
8/28,2637,元大-屏東民生,0039003800310068,3,26,-23,0.52,11,sell
8/28,2637,國泰-敦南,8888,78,42,36,0.81,12,buy
8/28,2637,台新-文心,003900420032007a,4,27,-23,0.52,12,sell
8/28,2637,富邦-永和,9654,35,1,34,0.76,13,buy
8/28,2637,臺銀-臺南,1042,0,22,-22,0.49,13,sell
8/28,2637,新光,8560,36,7,29,0.65,14,buy
8/28,2637,中國信託-新竹,6165,0,21,-21,0.47,14,sell
8/28,2637,富邦-七賢,003900360031004b,30,5,25,0.56,15,buy
8/28,2637,統一-松江,003500380035005a,0,20,-20,0.45,15,sell
8/28,6505,摩根大通,8440,536,89,447,4.43,1,buy
8/28,6505,富邦-基隆,9614,3,718,-715,7.09,1,sell
8/28,6505,中國信託-忠孝,6162,307,8,299,2.97,2,buy
8/28,6505,新加坡商瑞銀,1650,175,598,-423,4.2,2,sell
8/28,6505,合庫-台中,1021,124,2,122,1.21,3,buy
8/28,6505,凱基-台北,9268,240,651,-411,4.08,3,sell
8/28,6505,元大-大里,0039003800310067,116,3,113,1.12,4,buy
8/28,6505,台灣摩根士丹利,1470,606,967,-361,3.58,4,sell
8/28,6505,元大-大同,0039003800390047,110,3,107,1.06,5,buy
8/28,6505,彰銀-七賢,1232,0,280,-280,2.78,5,sell
8/28,6505,新光,8560,130,60,70,0.69,6,buy
8/28,6505,富邦-港都,0039003600320051,1,143,-142,1.41,6,sell
8/28,6505,台新,0039004200300030,99,32,67,0.66,7,buy
8/28,6505,花旗環球,1590,18,149,-131,1.3,7,sell
8/28,6505,土銀-嘉義,1034,67,1,66,0.65,8,buy
8/28,6505,港商野村,1560,8,135,-127,1.26,8,sell
8/28,6505,富邦證券,9600,151,92,59,0.59,9,buy
8/28,6505,玉山-台中,0038003800340042,27,125,-98,0.97,9,sell
8/28,6505,康和-板橋,0038003400350044,61,3,58,0.58,10,buy
8/28,6505,元大證券,9800,302,384,-82,0.81,10,sell
8/28,6505,國泰證券,8880,49,1,48,0.48,11,buy
8/28,6505,兆豐-岡山,0037003000300073,0,71,-71,0.7,11,sell
8/28,6505,臺銀-民權,1043,60,13,47,0.47,12,buy
8/28,6505,台新-中港,0039004200320069,42,103,-61,0.61,12,sell
8/28,6505,群益金鼎-嘉義,003900310038004d,48,4,44,0.44,13,buy
8/28,6505,台新-緯城,0039004200320041,0,42,-42,0.42,13,sell
8/28,6505,台新-烏日,0039004200320063,43,0,43,0.43,14,buy
8/28,6505,國票-中港,003700370039006d,0,41,-41,0.41,14,sell
8/28,6505,凱基-中壢,9285,49,8,41,0.41,15,buy
8/28,6505,元大-南投,0039003800310044,1,41,-40,0.4,15,sell
8/28,3293,花旗環球,1590,499,86,413,14.72,1,buy
8/28,3293,元大證券,9800,78,700,-622,22.17,1,sell
8/28,3293,凱基-台北,9268,388,63,325,11.59,2,buy
8/28,3293,富邦證券,9600,25,527,-502,17.9,2,sell
8/28,3293,台灣摩根士丹利,1470,225,97,128,4.56,3,buy
8/28,3293,永豐金證券,0039004100300030,6,506,-500,17.83,3,sell
8/28,3293,美商高盛,1480,164,53,111,3.96,4,buy
8/28,3293,統一-高雄,5851,1,32,-31,1.11,4,sell
8/28,3293,新加坡商瑞銀,1650,171,84,87,3.1,5,buy
8/28,3293,台新,0039004200300030,11,40,-29,1.03,5,sell
8/28,3293,摩根大通,8440,78,9,69,2.46,6,buy
8/28,3293,美林,1440,42,64,-22,0.78,6,sell
8/28,3293,港商麥格理,1360,79,12,67,2.39,7,buy
8/28,3293,新光,8560,15,33,-18,0.64,7,sell
8/28,3293,兆豐證券,7000,51,0,51,1.82,8,buy
8/28,3293,兆豐-台中,7003,1,16,-15,0.53,8,sell
8/28,3293,凱基-城中,9227,25,0,25,0.89,9,buy
8/28,3293,港商野村,1560,2,13,-11,0.39,9,sell
8/28,3293,永豐金-新店,0039004100390069,19,0,19,0.68,10,buy
8/28,3293,永豐金-三重,003900410039004b,1,12,-11,0.39,10,sell
8/28,3293,土銀-彰化,0031003000330042,16,0,16,0.57,11,buy
8/28,3293,元大-信義,003900380039006d,0,9,-9,0.32,11,sell
8/28,3293,群益金鼎-中山,0039003100380048,14,0,14,0.5,12,buy
8/28,3293,兆豐-虎尾,0037003000300046,0,5,-5,0.18,12,sell
8/28,3293,國泰-忠孝,8887,14,0,14,0.5,13,buy
8/28,3293,華南永昌-大安,9307,0,5,-5,0.18,13,sell
8/28,3293,元大-新莊,9898,16,3,13,0.46,14,buy
8/28,3293,聯邦-忠孝,8583,0,3,-3,0.11,14,sell
8/28,3293,香港上海匯豐,8960,11,0,11,0.39,15,buy
8/28,3293,元大-小港,003900380039005a,1,4,-3,0.11,15,sell
8/28,2337,台灣摩根士丹利,1470,2179,1450,729,2.43,1,buy
8/28,2337,元大證券,9800,2037,2689,-652,2.17,1,sell
8/28,2337,新加坡商瑞銀,1650,819,350,469,1.56,2,buy
8/28,2337,摩根大通,8440,1986,2466,-480,1.6,2,sell
8/28,2337,富邦-敦南,9663,325,32,293,0.97,3,buy
8/28,2337,富隆證券,5110,0,200,-200,0.67,3,sell
8/28,2337,兆豐-民生,0037003000300063,178,5,173,0.58,4,buy
8/28,2337,花旗環球,1590,108,294,-186,0.62,4,sell
8/28,2337,兆豐-中壢,0037003000300062,167,22,145,0.48,5,buy
8/28,2337,美商高盛,1480,1963,2144,-181,0.6,5,sell
8/28,2337,群益金鼎-基隆,0039003100330045,191,50,141,0.47,6,buy
8/28,2337,美林,1440,232,406,-174,0.58,6,sell
8/28,2337,元大-桃興,9894,130,20,110,0.37,7,buy
8/28,2337,統一,5850,51,216,-165,0.55,7,sell
8/28,2337,凱基-桃園,9208,156,47,109,0.36,8,buy
8/28,2337,富邦證券,9600,137,291,-154,0.51,8,sell
8/28,2337,永豐金-高雄,0039004100390065,137,29,108,0.36,9,buy
8/28,2337,群益金鼎-大甲,0039003100380067,19,165,-146,0.49,9,sell
8/28,2337,宏遠-高雄,0031003200360051,100,3,97,0.32,10,buy
8/28,2337,康和,8450,0,145,-145,0.48,10,sell
8/28,2337,永豐金-新店,0039004100390069,123,28,95,0.32,11,buy
8/28,2337,華南永昌,9300,36,173,-137,0.46,11,sell
8/28,2337,富邦-台北,9623,286,213,73,0.24,12,buy
8/28,2337,康和-台北,0038003400350055,8,104,-96,0.32,12,sell
8/28,2337,新光,8560,455,388,67,0.22,13,buy
8/28,2337,合庫-自強,0031003000320043,25,120,-95,0.32,13,sell
8/28,2337,群益金鼎-東大,9135,100,37,63,0.21,14,buy
8/28,2337,富邦-花蓮,9621,38,126,-88,0.29,14,sell
8/28,2337,台新-吉利,0039004200320057,68,7,61,0.2,15,buy
8/28,2337,元大-民生三民,0039003800390058,10,84,-74,0.25,15,sell
8/28,2360,港商野村,1560,169,19,150,10.11,1,buy
8/28,2360,統一,5850,36,155,-119,8.02,1,sell
8/28,2360,永豐金證券,0039004100300030,173,31,142,9.57,2,buy
8/28,2360,台灣摩根士丹利,1470,54,159,-105,7.08,2,sell
8/28,2360,凱基-台北,9268,60,24,36,2.43,3,buy
8/28,2360,花旗環球,1590,40,117,-77,5.19,3,sell
8/28,2360,元大證券,9800,125,97,28,1.89,4,buy
8/28,2360,華南永昌,9300,1,25,-24,1.62,4,sell
8/28,2360,摩根大通,8440,98,71,27,1.82,5,buy
8/28,2360,兆豐證券,7000,0,13,-13,0.88,5,sell
8/28,2360,國票-安和,003700370039005a,23,5,18,1.21,6,buy
8/28,2360,元大-大統,003900380031007a,1,10,-9,0.61,6,sell
8/28,2360,玉山證券,8840,14,2,12,0.81,7,buy
8/28,2360,美林,1440,13,21,-8,0.54,7,sell
8/28,2360,美商高盛,1480,114,106,8,0.54,8,buy
8/28,2360,凱基,9200,5,13,-8,0.54,8,sell
8/28,2360,群益金鼎-高雄,9183,7,0,7,0.47,9,buy
8/28,2360,凱基-竹科,9272,1,7,-6,0.4,9,sell
8/28,2360,統一-南京,0035003800350055,6,0,6,0.4,10,buy
8/28,2360,永豐金-匯立,0039004100380031,43,49,-6,0.4,10,sell
8/28,2360,新加坡商瑞銀,1650,123,118,5,0.34,11,buy
8/28,2360,中國信託-文心,6164,2,7,-5,0.34,11,sell
8/28,2360,群益金鼎-台中,9184,5,0,5,0.34,12,buy
8/28,2360,台中銀,6110,0,5,-5,0.34,12,sell
8/28,2360,康和,8450,5,0,5,0.34,13,buy
8/28,2360,永豐金-新莊,0039004100390048,1,6,-5,0.34,13,sell
8/28,2360,宏遠-高雄,0031003200360051,6,1,5,0.34,14,buy
8/28,2360,國泰-敦南,8888,9,13,-4,0.27,14,sell
8/28,2360,統一-仁愛,0035003800350063,4,0,4,0.27,15,buy
8/28,2360,元大-新莊,9898,1,5,-4,0.27,15,sell
8/28,1785,台灣摩根士丹利,1470,256,34,222,7.16,1,buy
8/28,1785,摩根大通,8440,4,124,-120,3.87,1,sell
8/28,1785,美商高盛,1480,303,177,126,4.06,2,buy
8/28,1785,元大證券,9800,61,142,-81,2.61,2,sell
8/28,1785,新加坡商瑞銀,1650,76,4,72,2.32,3,buy
8/28,1785,凱基-高雄,9206,4,62,-58,1.87,3,sell
8/28,1785,群益金鼎-鳳山,0039003100380063,62,3,59,1.9,4,buy
8/28,1785,中國信託-永康,6163,1,50,-49,1.58,4,sell
8/28,1785,花旗環球,1590,31,3,28,0.9,5,buy
8/28,1785,永豐金-中正,0039004100390055,4,48,-44,1.42,5,sell
8/28,1785,土銀-和平,1038,26,0,26,0.84,6,buy
8/28,1785,國票-南港,7795,0,40,-40,1.29,6,sell
8/28,1785,合庫-自強,0031003000320043,22,0,22,0.71,7,buy
8/28,1785,群益金鼎-中山,0039003100380048,2,37,-35,1.13,7,sell
8/28,1785,台新-新營,0039004200310031,22,0,22,0.71,8,buy
8/28,1785,凱基-嘉義,9252,1,35,-34,1.1,8,sell
8/28,1785,統一-士林,003500380035004d,29,8,21,0.68,9,buy
8/28,1785,中國信託-忠孝,6162,1,33,-32,1.03,9,sell
8/28,1785,台新-大昌,0039004200320044,21,0,21,0.68,10,buy
8/28,1785,國泰-敦南,8888,39,70,-31,1.0,10,sell
8/28,1785,群益金鼎-建成,003900310038004c,20,0,20,0.64,11,buy
8/28,1785,康和-嘉義,8459,0,29,-29,0.94,11,sell
8/28,1785,兆豐-台南,7006,17,1,16,0.52,12,buy
8/28,1785,美林,1440,3,31,-28,0.9,12,sell
8/28,1785,永豐金-竹科,0039004100390058,15,0,15,0.48,13,buy
8/28,1785,元大-新莊,9898,39,67,-28,0.9,13,sell
8/28,1785,元大-西螺,0039003800310069,15,0,15,0.48,14,buy
8/28,1785,富邦-左營,0039003600360046,3,25,-22,0.71,14,sell
8/28,1785,國泰-高雄,8881,27,14,13,0.42,15,buy
8/28,1785,元大-永康,9829,10,30,-20,0.64,15,sell
8/28,8028,永豐金-羅東,0039004100390041,42,0,42,1.82,1,buy
8/28,8028,台灣摩根士丹利,1470,62,455,-393,17.01,1,sell
8/28,8028,美商高盛,1480,115,85,30,1.3,2,buy
8/28,8028,元大-內湖民權,9867,0,84,-84,3.64,2,sell
8/28,8028,美林,1440,53,27,26,1.13,3,buy
8/28,8028,台新-高雄,0039004200310067,7,67,-60,2.6,3,sell
8/28,8028,凱基-埔墘,9288,24,1,23,1.0,4,buy
8/28,8028,凱基-台北,9268,133,191,-58,2.51,4,sell
8/28,8028,富邦-台中,003900360035004b,21,0,21,0.91,5,buy
8/28,8028,富邦證券,9600,6,58,-52,2.25,5,sell
8/28,8028,群益金鼎-萬華,0039003100330049,20,1,19,0.82,6,buy
8/28,8028,國票-天祥,0037003700390056,0,40,-40,1.73,6,sell
8/28,8028,元大-大里,0039003800310067,17,0,17,0.74,7,buy
8/28,8028,元大-新營,9825,3,33,-30,1.3,7,sell
8/28,8028,富邦-彰化,0039003600350055,16,0,16,0.69,8,buy
8/28,8028,新加坡商瑞銀,1650,7,36,-29,1.26,8,sell
8/28,8028,玉山證券,8840,17,2,15,0.65,9,buy
8/28,8028,富邦-仁愛,9676,8,37,-29,1.26,9,sell
8/28,8028,永豐金-板新,003900410039004a,14,1,13,0.56,10,buy
8/28,8028,港商野村,1560,3,20,-17,0.74,10,sell
8/28,8028,國票證券,7790,18,5,13,0.56,11,buy
8/28,8028,美好,5260,1,15,-14,0.61,11,sell
8/28,8028,台新-宜蘭,0039004200320055,13,0,13,0.56,12,buy
8/28,8028,新光-台中,8561,3,15,-12,0.52,12,sell
8/28,8028,第一金-自由,0035003300380045,19,6,13,0.56,13,buy
8/28,8028,元大-三峽,0039003800310041,0,11,-11,0.48,13,sell
8/28,8028,國泰-台中,8882,35,22,13,0.56,14,buy
8/28,8028,凱基-內埔,9225,0,10,-10,0.43,14,sell
8/28,8028,合庫-台中,1021,14,2,12,0.52,15,buy
8/28,8028,臺銀-高雄,0031003000340043,1,11,-10,0.43,15,sell
8/28,6257,台灣摩根士丹利,1470,1721,288,1433,10.59,1,buy
8/28,6257,宏遠-館前,0031003200360055,6,602,-596,4.4,1,sell
8/28,6257,美商高盛,1480,1690,259,1431,10.57,2,buy
8/28,6257,台新,0039004200300030,80,398,-318,2.35,2,sell
8/28,6257,新加坡商瑞銀,1650,650,204,446,3.3,3,buy
8/28,6257,富邦-彰化,0039003600350055,2,203,-201,1.49,3,sell
8/28,6257,群益金鼎-大安,0039003100380065,430,4,426,3.15,4,buy
8/28,6257,國票-桃園,0037003700390072,3,144,-141,1.04,4,sell
8/28,6257,港商野村,1560,379,34,345,2.55,5,buy
8/28,6257,凱基-台北,9268,927,1055,-128,0.95,5,sell
8/28,6257,永豐金證券,0039004100300030,392,60,332,2.45,6,buy
8/28,6257,台新-三重,0039004200320033,13,134,-121,0.89,6,sell
8/28,6257,摩根大通,8440,377,130,247,1.82,7,buy
8/28,6257,玉山證券,8840,11,125,-114,0.84,7,sell
8/28,6257,永豐金-信義,0039004100390052,228,11,217,1.6,8,buy
8/28,6257,元大-永和,9891,9,101,-92,0.68,8,sell
8/28,6257,國票-敦北法人,0037003700390063,211,8,203,1.5,9,buy
8/28,6257,國票-長城,0037003700390075,6,91,-85,0.63,9,sell
8/28,6257,美好-泰山,5263,151,3,148,1.09,10,buy
8/28,6257,永豐金-桃園,0039004100390078,13,87,-74,0.55,10,sell
8/28,6257,群益金鼎,9100,249,131,118,0.87,11,buy
8/28,6257,元大-汐止,0039003800390051,5,64,-59,0.44,11,sell
8/28,6257,統一,5850,148,33,115,0.85,12,buy
8/28,6257,兆豐-桃鶯,0037003000300055,2,55,-53,0.39,12,sell
8/28,6257,法銀巴黎,8900,115,1,114,0.84,13,buy
8/28,6257,華南永昌-桃園,9352,7,60,-53,0.39,13,sell
8/28,6257,凱基,9200,110,14,96,0.71,14,buy
8/28,6257,(牛牛牛)亞-鑫豐,0036003000310064,2,51,-49,0.36,14,sell
8/28,6257,永豐金-忠孝,0039004100390044,100,9,91,0.67,15,buy
8/28,6257,元大-大甲,0039003800390055,13,60,-47,0.35,15,sell
8/28,6147,花旗環球,1590,2401,0,2401,4.52,1,buy
8/28,6147,美商高盛,1480,838,3759,-2921,5.49,1,sell
8/28,6147,摩根大通,8440,1610,1180,430,0.81,2,buy
8/28,6147,台灣摩根士丹利,1470,2645,3934,-1289,2.42,2,sell
8/28,6147,國泰-敦南,8888,1695,1272,423,0.8,3,buy
8/28,6147,元大證券,9800,5216,6327,-1111,2.09,3,sell
8/28,6147,永豐金-南京,0039004100390053,304,64,240,0.45,4,buy
8/28,6147,永豐金證券,0039004100300030,793,1518,-725,1.36,4,sell
8/28,6147,華南永昌-南京,9326,668,457,211,0.4,5,buy
8/28,6147,新加坡商瑞銀,1650,170,859,-689,1.3,5,sell
8/28,6147,美好,5260,168,5,163,0.31,6,buy
8/28,6147,港商野村,1560,167,824,-657,1.24,6,sell
8/28,6147,宏遠證券,1260,222,76,146,0.27,7,buy
8/28,6147,凱基-信義,9216,78,592,-514,0.97,7,sell
8/28,6147,元大-信義安和,0039003800300052,140,1,139,0.26,8,buy
8/28,6147,兆豐-天母,003700300030004c,12,455,-443,0.83,8,sell
8/28,6147,富邦-建國,9658,176,43,133,0.25,9,buy
8/28,6147,凱基-斗六,9281,7,407,-400,0.75,9,sell
8/28,6147,第一金,5380,178,50,128,0.24,10,buy
8/28,6147,凱基-台北,9268,3270,3485,-215,0.4,10,sell
8/28,6147,元大-南京,9862,217,89,128,0.24,11,buy
8/28,6147,國票-博愛,003700370039007a,64,278,-214,0.4,11,sell
8/28,6147,凱基-鳳山,9274,170,48,122,0.23,12,buy
8/28,6147,美林,1440,41,245,-204,0.38,12,sell
8/28,6147,玉山-高雄,8843,168,48,120,0.23,13,buy
8/28,6147,國泰證券,8880,289,469,-180,0.34,13,sell
8/28,6147,中國信託,6160,373,253,120,0.23,14,buy
8/28,6147,永豐金-市政,0039004100390057,177,355,-178,0.33,14,sell
8/28,6147,康和-屏東,0038003400350058,155,35,120,0.23,15,buy
8/28,6147,兆豐-民生,0037003000300063,82,249,-167,0.31,15,sell
8/28,5536,美商高盛,1480,102,39,63,7.39,1,buy
8/28,5536,港商野村,1560,5,153,-148,17.37,1,sell
8/28,5536,新加坡商瑞銀,1650,100,41,59,6.92,2,buy
8/28,5536,玉山證券,8840,1,46,-45,5.28,2,sell
8/28,5536,台灣摩根士丹利,1470,48,18,30,3.52,3,buy
8/28,5536,凱基-台北,9268,22,44,-22,2.58,3,sell
8/28,5536,摩根大通,8440,60,40,20,2.35,4,buy
8/28,5536,富邦-台北,9623,3,15,-12,1.41,4,sell
8/28,5536,法銀巴黎,8900,17,0,17,2.0,5,buy
8/28,5536,合庫-台中,1021,0,12,-12,1.41,5,sell
8/28,5536,富邦-新竹,9647,14,0,14,1.64,6,buy
8/28,5536,凱基-城中,9227,0,11,-11,1.29,6,sell
8/28,5536,第一金-中壢,0035003300380059,11,0,11,1.29,7,buy
8/28,5536,國泰-台中,8882,3,9,-6,0.7,7,sell
8/28,5536,國泰證券,8880,11,0,11,1.29,8,buy
8/28,5536,國泰-敦南,8888,8,15,-7,0.82,8,sell
8/28,5536,統一-台南,5855,10,0,10,1.17,9,buy
8/28,5536,中國信託,6160,2,7,-5,0.59,9,sell
8/28,5536,港商麥格理,1360,9,0,9,1.06,10,buy
8/28,5536,元大-台中,9812,0,4,-4,0.47,10,sell
8/28,5536,國票-長城,0037003700390075,6,0,6,0.7,11,buy
8/28,5536,永豐金-市政,0039004100390057,0,4,-4,0.47,11,sell
8/28,5536,第一金-自由,0035003300380045,9,3,6,0.7,12,buy
8/28,5536,玉山-板橋,8846,0,3,-3,0.35,12,sell
8/28,5536,台新,0039004200300030,11,5,6,0.7,13,buy
8/28,5536,統一-平鎮,0035003800350067,0,3,-3,0.35,13,sell
8/28,5536,元大證券,9800,63,57,6,0.7,14,buy
8/28,5536,元大-中山北路,0039003800300061,0,3,-3,0.35,14,sell
8/28,5536,華南永昌-斗六,9327,6,0,6,0.7,15,buy
8/28,5536,元大-木柵,003900380033004d,1,4,-3,0.35,15,sell
8/28,6415,富邦-仁愛,9676,190,8,182,3.43,1,buy
8/28,6415,台灣摩根士丹利,1470,201,523,-322,6.06,1,sell
8/28,6415,國泰-敦南,8888,101,33,68,1.28,2,buy
8/28,6415,港商麥格理,1360,0,240,-240,4.52,2,sell
8/28,6415,國泰證券,8880,69,8,61,1.15,3,buy
8/28,6415,元大證券,9800,399,633,-234,4.41,3,sell
8/28,6415,香港上海匯豐,8960,57,0,57,1.07,4,buy
8/28,6415,凱基-台北,9268,247,474,-227,4.27,4,sell
8/28,6415,兆豐-台中,7003,59,8,51,0.96,5,buy
8/28,6415,新加坡商瑞銀,1650,475,682,-207,3.9,5,sell
8/28,6415,美商高盛,1480,272,232,40,0.75,6,buy
8/28,6415,美林,1440,72,246,-174,3.28,6,sell
8/28,6415,台新-大昌,0039004200320044,40,0,40,0.75,7,buy
8/28,6415,港商野村,1560,18,179,-161,3.03,7,sell
8/28,6415,國泰-板橋,003800380038004b,44,20,24,0.45,8,buy
8/28,6415,花旗環球,1590,19,131,-112,2.11,8,sell
8/28,6415,富邦證券,9600,52,29,23,0.43,9,buy
8/28,6415,永豐金證券,0039004100300030,55,108,-53,1.0,9,sell
8/28,6415,兆豐-松德,0037003000300069,32,12,20,0.38,10,buy
8/28,6415,第一金-路竹,0035003300380050,12,50,-38,0.72,10,sell
8/28,6415,華南永昌-長虹,9333,24,5,19,0.36,11,buy
8/28,6415,兆豐證券,7000,5,21,-16,0.3,11,sell
8/28,6415,兆豐-寶成,0037003000300072,20,2,18,0.34,12,buy
8/28,6415,富邦-竹北,9624,2,14,-12,0.23,12,sell
8/28,6415,新光,8560,72,54,18,0.34,13,buy
8/28,6415,兆豐-埔墘,003700300030004e,0,10,-10,0.19,13,sell
8/28,6415,宏遠證券,1260,32,15,17,0.32,14,buy
8/28,6415,富邦-新竹,9647,5,14,-9,0.17,14,sell
8/28,6415,台新-潮州,0039004200320043,20,4,16,0.3,15,buy
8/28,6415,群益金鼎-士林,9137,4,11,-7,0.13,15,sell
8/28,9945,元大-府城,0039003800300075,411,3,408,3.94,1,buy
8/28,9945,華南永昌,9300,3,1716,-1713,16.53,1,sell
8/28,9945,新光,8560,591,207,384,3.71,2,buy
8/28,9945,台灣摩根士丹利,1470,136,1201,-1065,10.28,2,sell
8/28,9945,統一-東湖,0035003800350052,311,0,311,3.0,3,buy
8/28,9945,凱基-台北,9268,195,1219,-1024,9.88,3,sell
8/28,9945,永豐金-中正,0039004100390055,282,1,281,2.71,4,buy
8/28,9945,美商高盛,1480,199,1020,-821,7.92,4,sell
8/28,9945,群益金鼎-新莊,0039003100380047,183,0,183,1.77,5,buy
8/28,9945,新加坡商瑞銀,1650,162,876,-714,6.89,5,sell
8/28,9945,國泰-敦南,8888,207,45,162,1.56,6,buy
8/28,9945,摩根大通,8440,120,605,-485,4.68,6,sell
8/28,9945,永豐金-匯立,0039004100380031,135,0,135,1.3,7,buy
8/28,9945,美林,1440,10,192,-182,1.76,7,sell
8/28,9945,台新-屏東,003900420031006e,135,1,134,1.29,8,buy
8/28,9945,富邦-台北,9623,36,193,-157,1.52,8,sell
8/28,9945,兆豐-松德,0037003000300069,127,0,127,1.23,9,buy
8/28,9945,國票-敦北法人,0037003700390063,0,110,-110,1.06,9,sell
8/28,9945,華南永昌-豐原,9366,112,0,112,1.08,10,buy
8/28,9945,凱基-高雄,9206,3,107,-104,1.0,10,sell
8/28,9945,富邦-八德,0039003600330041,112,0,112,1.08,11,buy
8/28,9945,永豐金-市政,0039004100390057,7,108,-101,0.97,11,sell
8/28,9945,永豐金-竹科,0039004100390058,117,6,111,1.07,12,buy
8/28,9945,中國信託-忠孝,6162,34,120,-86,0.83,12,sell
8/28,9945,元大-基隆孝二,003900380036004b,107,0,107,1.03,13,buy
8/28,9945,華南永昌-小港,9323,13,90,-77,0.74,13,sell
8/28,9945,玉山-新莊,8842,101,0,101,0.97,14,buy
8/28,9945,港商野村,1560,0,74,-74,0.71,14,sell
8/28,9945,兆豐-公益,003700300030004a,106,12,94,0.91,15,buy
8/28,9945,花旗環球,1590,24,96,-72,0.69,15,sell
8/28,2316,台灣摩根士丹利,1470,302,80,222,9.36,1,buy
8/28,2316,港商野村,1560,14,87,-73,3.08,1,sell
8/28,2316,美商高盛,1480,192,106,86,3.63,2,buy
8/28,2316,凱基-台北,9268,94,165,-71,2.99,2,sell
8/28,2316,美林,1440,48,12,36,1.52,3,buy
8/28,2316,華南永昌-嘉義,9314,21,76,-55,2.32,3,sell
8/28,2316,富邦-台南,9667,32,2,30,1.26,4,buy
8/28,2316,合庫證券,1020,0,30,-30,1.26,4,sell
8/28,2316,富邦-永和,9654,31,10,21,0.89,5,buy
8/28,2316,新加坡商瑞銀,1650,5,26,-21,0.89,5,sell
8/28,2316,台新-板橋,0039004200320062,43,23,20,0.84,6,buy
8/28,2316,第一金-頭份,0035003300380049,0,20,-20,0.84,6,sell
8/28,2316,永豐金-松山,0039004100390031,28,9,19,0.8,7,buy
8/28,2316,統一-三重,003500380035004a,2,20,-18,0.76,7,sell
8/28,2316,華南永昌-竹北,9339,18,0,18,0.76,8,buy
8/28,2316,花旗環球,1590,5,22,-17,0.72,8,sell
8/28,2316,凱基-市府,0039003200300044,60,43,17,0.72,9,buy
8/28,2316,聯邦-忠孝,8583,0,16,-16,0.67,9,sell
8/28,2316,新光-新竹,8563,23,7,16,0.67,10,buy
8/28,2316,永豐金-高雄,0039004100390065,1,14,-13,0.55,10,sell
8/28,2316,統一,5850,25,10,15,0.63,11,buy
8/28,2316,元大-新莊,9898,1,12,-11,0.46,11,sell
8/28,2316,國泰-敦南,8888,60,47,13,0.55,12,buy
8/28,2316,國泰-桃園,8885,3,14,-11,0.46,12,sell
8/28,2316,富邦證券,9600,29,16,13,0.55,13,buy
8/28,2316,群益金鼎-屏東,0039003100330048,0,11,-11,0.46,13,sell
8/28,2316,永豐金證券,0039004100300030,33,20,13,0.55,14,buy
8/28,2316,中國信託-三重,6161,0,10,-10,0.42,14,sell
8/28,2316,新光,8560,31,20,11,0.46,15,buy
8/28,2316,元大-內湖民權,9867,1,11,-10,0.42,15,sell
