date,stock_code,broker_name,broker_id,buy_vol,sell_vol,net_vol,pct,rank,side
7/15,2330,元大證券,9800,3411,1808,1603,5.36,1,buy
7/15,2330,摩根大通,8440,2951,6238,-3287,10.99,1,sell
7/15,2330,凱基-台北,9268,1086,194,892,2.98,2,buy
7/15,2330,台灣摩根士丹利,1470,481,2919,-2438,8.15,2,sell
7/15,2330,國泰證券,8880,799,166,633,2.12,3,buy
7/15,2330,花旗環球,1590,752,1961,-1209,4.04,3,sell
7/15,2330,新加坡商瑞銀,1650,1761,1161,600,2.01,4,buy
7/15,2330,美林,1440,2003,2884,-881,2.95,4,sell
7/15,2330,港商野村,1560,692,120,572,1.91,5,buy
7/15,2330,凱基,9200,282,695,-413,1.38,5,sell
7/15,2330,港商麥格理,1360,803,310,493,1.65,6,buy
7/15,2330,香港上海匯豐,8960,195,567,-372,1.24,6,sell
7/15,2330,兆豐證券,7000,333,13,320,1.07,7,buy
7/15,2330,永豐金-匯立,0039004100380031,168,416,-248,0.83,7,sell
7/15,2330,元大-信義,003900380039006d,224,3,221,0.74,8,buy
7/15,2330,群益金鼎,9100,276,421,-145,0.48,8,sell
7/15,2330,中國信託,6160,585,381,204,0.68,9,buy
7/15,2330,凱基-中港,9202,3,110,-107,0.36,9,sell
7/15,2330,凱基-中山,9229,212,11,201,0.67,10,buy
7/15,2330,華南永昌,9300,75,181,-106,0.35,10,sell
7/15,2330,第一金,5380,118,1,117,0.39,11,buy
7/15,2330,富邦-台北,9623,24,96,-72,0.24,11,sell
7/15,2330,凱基-高美館,9215,133,16,117,0.39,12,buy
7/15,2330,台新-台北,0039004200320030,387,434,-47,0.16,12,sell
7/15,2330,中國信託-忠孝,6162,141,29,112,0.37,13,buy
7/15,2330,元大-士林,003900380031006a,16,60,-44,0.15,13,sell
7/15,2330,福邦證券,6480,105,0,105,0.35,14,buy
7/15,2330,華南永昌-南京,9326,15,50,-35,0.12,14,sell
7/15,2330,法銀巴黎,8900,117,16,101,0.34,15,buy
7/15,2330,台新,0039004200300030,74,107,-33,0.11,15,sell
7/15,2317,國泰證券,8880,3170,3,3167,8.77,1,buy
7/15,2317,台灣企銀,1110,3,1410,-1407,3.9,1,sell
7/15,2317,花旗環球,1590,2032,361,1671,4.63,2,buy
7/15,2317,富邦證券,9600,41,1210,-1169,3.24,2,sell
7/15,2317,大和國泰,8890,1342,0,1342,3.72,3,buy
7/15,2317,新加坡商瑞銀,1650,2151,3092,-941,2.61,3,sell
7/15,2317,港商野村,1560,1509,233,1276,3.53,4,buy
7/15,2317,港商麥格理,1360,94,944,-850,2.35,4,sell
7/15,2317,元大證券,9800,2622,1672,950,2.63,5,buy
7/15,2317,凱基-台北,9268,2785,3533,-748,2.07,5,sell
7/15,2317,美林,1440,765,206,559,1.55,6,buy
7/15,2317,摩根大通,8440,2312,3053,-741,2.05,6,sell
7/15,2317,永豐金證券,0039004100300030,659,104,555,1.54,7,buy
7/15,2317,美商高盛,1480,1725,2028,-303,0.84,7,sell
7/15,2317,永豐金-匯立,0039004100380031,550,8,542,1.5,8,buy
7/15,2317,華南永昌-敦南,9347,6,275,-269,0.74,8,sell
7/15,2317,國票-南京,003700370039006e,502,5,497,1.38,9,buy
7/15,2317,統一-新竹,5857,8,270,-262,0.73,9,sell
7/15,2317,台灣摩根士丹利,1470,1651,1285,366,1.01,10,buy
7/15,2317,第一金-高雄,5383,11,261,-250,0.69,10,sell
7/15,2317,兆豐證券,7000,251,6,245,0.68,11,buy
7/15,2317,台新,0039004200300030,196,429,-233,0.65,11,sell
7/15,2317,凱基,9200,173,0,173,0.48,12,buy
7/15,2317,國泰-敦南,8888,250,415,-165,0.46,12,sell
7/15,2317,第一金-華江,0035003300380057,102,15,87,0.24,13,buy
7/15,2317,第一金-中山,5389,4,161,-157,0.43,13,sell
7/15,2317,群益金鼎-大甲,0039003100380067,99,18,81,0.22,14,buy
7/15,2317,玉山-大里,003800380034004a,16,160,-144,0.4,14,sell
7/15,2317,台新-安南,003900420032005a,78,7,71,0.2,15,buy
7/15,2317,新光,8560,119,248,-129,0.36,15,sell
7/15,2454,國泰證券,8880,379,55,324,4.47,1,buy
7/15,2454,摩根大通,8440,836,1648,-812,11.2,1,sell
7/15,2454,新加坡商瑞銀,1650,620,298,322,4.44,2,buy
7/15,2454,美商高盛,1480,216,705,-489,6.74,2,sell
7/15,2454,永豐金證券,0039004100300030,364,77,287,3.96,3,buy
7/15,2454,美林,1440,230,676,-446,6.15,3,sell
7/15,2454,統一,5850,307,68,239,3.3,4,buy
7/15,2454,凱基-台北,9268,204,348,-144,1.99,4,sell
7/15,2454,凱基,9200,291,88,203,2.8,5,buy
7/15,2454,富邦證券,9600,33,176,-143,1.97,5,sell
7/15,2454,元大證券,9800,726,615,111,1.53,6,buy
7/15,2454,大和國泰,8890,5,77,-72,0.99,6,sell
7/15,2454,港商麥格理,1360,152,85,67,0.92,7,buy
7/15,2454,港商野村,1560,120,171,-51,0.7,7,sell
7/15,2454,元大-龍潭,9858,64,1,63,0.87,8,buy
7/15,2454,聯邦-興中,8587,11,25,-14,0.19,8,sell
7/15,2454,永豐金-匯立,0039004100380031,74,12,62,0.85,9,buy
7/15,2454,台新-五權西,0039004200320035,0,13,-13,0.18,9,sell
7/15,2454,中國信託-忠孝,6162,53,4,49,0.68,10,buy
7/15,2454,統一-敦南,5852,2,15,-13,0.18,10,sell
7/15,2454,國票-敦北法人,0037003700390063,30,0,30,0.41,11,buy
7/15,2454,台灣摩根士丹利,1470,372,383,-11,0.15,11,sell
7/15,2454,香港上海匯豐,8960,54,24,30,0.41,12,buy
7/15,2454,新光,8560,29,38,-9,0.12,12,sell
7/15,2454,國泰-敦南,8888,70,42,28,0.39,13,buy
7/15,2454,元大-員林,9889,1,10,-9,0.12,13,sell
7/15,2454,宏遠證券,1260,23,0,23,0.32,14,buy
7/15,2454,元大-信義安和,0039003800300052,1,10,-9,0.12,14,sell
7/15,2454,華南永昌,9300,23,4,19,0.26,15,buy
7/15,2454,玉山-高雄,8843,6,15,-9,0.12,15,sell
7/15,2308,台灣摩根士丹利,1470,1628,369,1259,14.35,1,buy
7/15,2308,摩根大通,8440,646,2443,-1797,20.49,1,sell
7/15,2308,新加坡商瑞銀,1650,602,169,433,4.94,2,buy
7/15,2308,美商高盛,1480,373,797,-424,4.83,2,sell
7/15,2308,花旗環球,1590,454,105,349,3.98,3,buy
7/15,2308,美林,1440,69,440,-371,4.23,3,sell
7/15,2308,元大證券,9800,827,498,329,3.75,4,buy
7/15,2308,國票-敦北法人,0037003700390063,19,270,-251,2.86,4,sell
7/15,2308,香港上海匯豐,8960,331,91,240,2.74,5,buy
7/15,2308,統一,5850,36,270,-234,2.67,5,sell
7/15,2308,凱基-台北,9268,556,340,216,2.46,6,buy
7/15,2308,台新,0039004200300030,28,129,-101,1.15,6,sell
7/15,2308,港商野村,1560,146,39,107,1.22,7,buy
7/15,2308,群益金鼎,9100,9,47,-38,0.43,7,sell
7/15,2308,國泰證券,8880,99,3,96,1.09,8,buy
7/15,2308,宏遠證券,1260,0,30,-30,0.34,8,sell
7/15,2308,台新-台北,0039004200320030,87,6,81,0.92,9,buy
7/15,2308,永豐金證券,0039004100300030,186,213,-27,0.31,9,sell
7/15,2308,法銀巴黎,8900,96,17,79,0.9,10,buy
7/15,2308,元大-館前,003900380034004b,2,25,-23,0.26,10,sell
7/15,2308,港商麥格理,1360,106,33,73,0.83,11,buy
7/15,2308,富邦-新店,9661,9,26,-17,0.19,11,sell
7/15,2308,第一金-中山,5389,67,2,65,0.74,12,buy
7/15,2308,元大-大甲,0039003800390055,1,18,-17,0.19,12,sell
7/15,2308,元大-豐原站前,0039003800390057,59,1,58,0.66,13,buy
7/15,2308,元大-文心興安,9854,4,19,-15,0.17,13,sell
7/15,2308,凱基,9200,115,59,56,0.64,14,buy
7/15,2308,元大-復北,9872,23,35,-12,0.14,14,sell
7/15,2308,中國信託,6160,63,31,32,0.36,15,buy
7/15,2308,兆豐-桃園,003700300030004d,1,12,-11,0.13,15,sell
7/15,2382,元大證券,9800,2959,773,2186,10.0,1,buy
7/15,2382,摩根大通,8440,246,3446,-3200,14.64,1,sell
7/15,2382,台新,0039004200300030,1125,83,1042,4.77,2,buy
7/15,2382,台灣摩根士丹利,1470,1301,2325,-1024,4.68,2,sell
7/15,2382,富邦證券,9600,1382,380,1002,4.58,3,buy
7/15,2382,法銀巴黎,8900,0,729,-729,3.34,3,sell
7/15,2382,新加坡商瑞銀,1650,1798,820,978,4.47,4,buy
7/15,2382,凱基,9200,199,784,-585,2.68,4,sell
7/15,2382,永豐金證券,0039004100300030,875,114,761,3.48,5,buy
7/15,2382,港商麥格理,1360,8,349,-341,1.56,5,sell
7/15,2382,華南永昌-中正,9359,714,4,710,3.25,6,buy
7/15,2382,統一,5850,118,333,-215,0.98,6,sell
7/15,2382,凱基-台北,9268,1652,946,706,3.23,7,buy
7/15,2382,港商野村,1560,22,237,-215,0.98,7,sell
7/15,2382,國票-敦北法人,0037003700390063,667,3,664,3.04,8,buy
7/15,2382,元大-淡水,9899,8,211,-203,0.93,8,sell
7/15,2382,國泰證券,8880,284,30,254,1.16,9,buy
7/15,2382,元大-新盛,9869,5,184,-179,0.82,9,sell
7/15,2382,花旗環球,1590,499,291,208,0.95,10,buy
7/15,2382,凱基-城中,9227,8,172,-164,0.75,10,sell
7/15,2382,土銀,1030,206,11,195,0.89,11,buy
7/15,2382,群益金鼎,9100,2,157,-155,0.71,11,sell
7/15,2382,永豐金-萬盛,0039004100390032,199,9,190,0.87,12,buy
7/15,2382,新光,8560,64,193,-129,0.59,12,sell
7/15,2382,永豐金-敦北,0039004100380039,181,2,179,0.82,13,buy
7/15,2382,兆豐-高雄,003700300030005a,7,118,-111,0.51,13,sell
7/15,2382,康和,8450,218,70,148,0.68,14,buy
7/15,2382,中國信託-高雄,003600310036004b,12,100,-88,0.4,14,sell
7/15,2382,永豐金-匯立,0039004100380031,146,0,146,0.67,15,buy
7/15,2382,元大-內湖,003900380039004e,17,106,-89,0.41,15,sell
7/15,2891,凱基-台北,9268,4697,1259,3438,4.36,1,buy
7/15,2891,摩根大通,8440,6074,13262,-7188,9.11,1,sell
7/15,2891,美林,1440,4549,1659,2890,3.66,2,buy
7/15,2891,台新-台北,0039004200320030,53,6510,-6457,8.19,2,sell
7/15,2891,新加坡商瑞銀,1650,4062,2564,1498,1.9,3,buy
7/15,2891,花旗環球,1590,1398,7268,-5870,7.44,3,sell
7/15,2891,港商野村,1560,1354,113,1241,1.57,4,buy
7/15,2891,富邦證券,9600,3819,7262,-3443,4.37,4,sell
7/15,2891,台灣摩根士丹利,1470,5580,4812,768,0.97,5,buy
7/15,2891,永豐金-匯立,0039004100380031,76,2256,-2180,2.76,5,sell
7/15,2891,中國信託-高雄,003600310036004b,718,67,651,0.83,6,buy
7/15,2891,國泰證券,8880,61,2146,-2085,2.64,6,sell
7/15,2891,國泰-敦南,8888,940,298,642,0.81,7,buy
7/15,2891,美商高盛,1480,4587,6472,-1885,2.39,7,sell
7/15,2891,玉山-高雄,8843,588,18,570,0.72,8,buy
7/15,2891,台新,0039004200300030,337,1395,-1058,1.34,8,sell
7/15,2891,華南永昌-高雄,9303,549,0,549,0.7,9,buy
7/15,2891,永豐金證券,0039004100300030,954,1851,-897,1.14,9,sell
7/15,2891,國泰-板橋,003800380038004b,759,265,494,0.63,10,buy
7/15,2891,元大證券,9800,9220,9982,-762,0.97,10,sell
7/15,2891,法銀巴黎,8900,432,25,407,0.52,11,buy
7/15,2891,統一,5850,177,840,-663,0.84,11,sell
7/15,2891,中國信託,6160,525,146,379,0.48,12,buy
7/15,2891,華南永昌-中正,9359,17,550,-533,0.68,12,sell
7/15,2891,新光,8560,612,262,350,0.44,13,buy
7/15,2891,宏遠證券,1260,2,504,-502,0.64,13,sell
7/15,2891,元大-東泰,9817,350,24,326,0.41,14,buy
7/15,2891,凱基,9200,248,505,-257,0.33,14,sell
7/15,2891,富邦-永和,9654,344,25,319,0.4,15,buy
7/15,2891,國票-敦北法人,0037003700390063,66,259,-193,0.24,15,sell
7/15,2881,新加坡商瑞銀,1650,8089,1801,6288,22.79,1,buy
7/15,2881,摩根大通,8440,1157,4352,-3195,11.58,1,sell
7/15,2881,港商麥格理,1360,1586,11,1575,5.71,2,buy
7/15,2881,美商高盛,1480,2218,3042,-824,2.99,2,sell
7/15,2881,台灣摩根士丹利,1470,2715,1218,1497,5.43,3,buy
7/15,2881,富邦證券,9600,62,690,-628,2.28,3,sell
7/15,2881,花旗環球,1590,1015,253,762,2.76,4,buy
7/15,2881,玉山證券,8840,16,623,-607,2.2,4,sell
7/15,2881,元大證券,9800,1832,1147,685,2.48,5,buy
7/15,2881,永豐金證券,0039004100300030,62,551,-489,1.77,5,sell
7/15,2881,永豐金-匯立,0039004100380031,595,0,595,2.16,6,buy
7/15,2881,統一-內湖,0035003800350062,0,419,-419,1.52,6,sell
7/15,2881,凱基-台北,9268,1700,1374,326,1.18,7,buy
7/15,2881,玉山-高雄,8843,1,339,-338,1.23,7,sell
7/15,2881,元大-基隆孝二,003900380036004b,290,5,285,1.03,8,buy
7/15,2881,華南永昌-高雄,9303,51,358,-307,1.11,8,sell
7/15,2881,港商野村,1560,287,4,283,1.03,9,buy
7/15,2881,元大-北屯,0039003800390064,1,306,-305,1.11,9,sell
7/15,2881,香港上海匯豐,8960,271,0,271,0.98,10,buy
7/15,2881,彰銀,1230,1,293,-292,1.06,10,sell
7/15,2881,美林,1440,679,466,213,0.77,11,buy
7/15,2881,國泰-高雄,8881,0,277,-277,1.0,11,sell
7/15,2881,永豐金-台南,0039004100390068,202,20,182,0.66,12,buy
7/15,2881,永豐金-新莊,0039004100390048,0,219,-219,0.79,12,sell
7/15,2881,華南永昌-中正,9359,160,5,155,0.56,13,buy
7/15,2881,國泰-敦南,8888,56,230,-174,0.63,13,sell
7/15,2881,富邦-青埔,003900360031004e,106,3,103,0.37,14,buy
7/15,2881,富邦-仁愛,9676,8,163,-155,0.56,14,sell
7/15,2881,兆豐證券,7000,100,7,93,0.34,15,buy
7/15,2881,國票-敦北法人,0037003700390063,0,131,-131,0.47,15,sell
7/15,2882,元大證券,9800,2604,1172,1432,6.98,1,buy
7/15,2882,摩根大通,8440,3288,4897,-1609,7.84,1,sell
7/15,2882,新加坡商瑞銀,1650,1906,758,1148,5.59,2,buy
7/15,2882,永豐金證券,0039004100300030,215,1349,-1134,5.53,2,sell
7/15,2882,花旗環球,1590,1330,226,1104,5.38,3,buy
7/15,2882,富邦證券,9600,79,665,-586,2.86,3,sell
7/15,2882,元大-館前,003900380034004b,1006,8,998,4.86,4,buy
7/15,2882,台灣摩根士丹利,1470,1191,1586,-395,1.93,4,sell
7/15,2882,永豐金-匯立,0039004100380031,1012,442,570,2.78,5,buy
7/15,2882,凱基-台北,9268,712,986,-274,1.34,5,sell
7/15,2882,香港上海匯豐,8960,140,0,140,0.68,6,buy
7/15,2882,美林,1440,299,568,-269,1.31,6,sell
7/15,2882,港商野村,1560,180,43,137,0.67,7,buy
7/15,2882,群益金鼎,9100,30,164,-134,0.65,7,sell
7/15,2882,國泰證券,8880,233,109,124,0.6,8,buy
7/15,2882,國泰-敦南,8888,201,312,-111,0.54,8,sell
7/15,2882,致和-崇德,0037003000330042,101,0,101,0.49,9,buy
7/15,2882,永豐金-中正,0039004100390055,3,107,-104,0.51,9,sell
7/15,2882,群益金鼎-開元,9134,100,0,100,0.49,10,buy
7/15,2882,元大-台北,0039003800300068,1,102,-101,0.49,10,sell
7/15,2882,群益金鼎-館前,0039003100330059,150,50,100,0.49,11,buy
7/15,2882,新光-台中,8561,27,119,-92,0.45,11,sell
7/15,2882,中國信託,6160,179,80,99,0.48,12,buy
7/15,2882,富邦-建國,9658,25,110,-85,0.41,12,sell
7/15,2882,兆豐-南京,0037003000300050,60,0,60,0.29,13,buy
7/15,2882,國泰-板橋,003800380038004b,43,120,-77,0.38,13,sell
7/15,2882,永豐金-市政,0039004100390057,60,3,57,0.28,14,buy
7/15,2882,美商高盛,1480,793,856,-63,0.31,14,sell
7/15,2882,凱基-士林,9238,64,7,57,0.28,15,buy
7/15,2882,國泰-台中,8882,26,79,-53,0.26,15,sell
7/15,2303,美商高盛,1480,17390,6022,11368,10.25,1,buy
7/15,2303,國泰證券,8880,1193,10099,-8906,8.03,1,sell
7/15,2303,統一,5850,6633,1036,5597,5.04,2,buy
7/15,2303,摩根大通,8440,2441,10816,-8375,7.55,2,sell
7/15,2303,永豐金證券,0039004100300030,5713,1172,4541,4.09,3,buy
7/15,2303,元大證券,9800,3267,9691,-6424,5.79,3,sell
7/15,2303,元大-內湖,003900380039004e,3705,50,3655,3.29,4,buy
7/15,2303,台灣摩根士丹利,1470,1672,4221,-2549,2.3,4,sell
7/15,2303,凱基-松山,9217,3534,82,3452,3.11,5,buy
7/15,2303,永豐金-復興,003900410039005a,138,2676,-2538,2.29,5,sell
7/15,2303,元大-蘆洲,9857,1769,76,1693,1.53,6,buy
7/15,2303,兆豐證券,7000,113,2072,-1959,1.77,6,sell
7/15,2303,中國信託,6160,1646,457,1189,1.07,7,buy
7/15,2303,香港上海匯豐,8960,55,940,-885,0.8,7,sell
7/15,2303,新加坡商瑞銀,1650,1722,642,1080,0.97,8,buy
7/15,2303,富邦-仁愛,9676,159,961,-802,0.72,8,sell
7/15,2303,統一-高雄,5851,770,18,752,0.68,9,buy
7/15,2303,永豐金-敦南,0039004100380046,149,928,-779,0.7,9,sell
7/15,2303,凱基-城中,9227,749,61,688,0.62,10,buy
7/15,2303,亞東-板橋,2181,20,790,-770,0.69,10,sell
7/15,2303,凱基,9200,1001,347,654,0.59,11,buy
7/15,2303,元大-南京,9862,80,689,-609,0.55,11,sell
7/15,2303,新光,8560,1019,371,648,0.58,12,buy
7/15,2303,凱基-台北,9268,1575,2169,-594,0.54,12,sell
7/15,2303,群益金鼎,9100,1049,425,624,0.56,13,buy
7/15,2303,宏遠證券,1260,117,590,-473,0.43,13,sell
7/15,2303,元大-虎尾,003900380030006c,550,41,509,0.46,14,buy
7/15,2303,元大-北屯,0039003800390064,34,375,-341,0.31,14,sell
7/15,2303,國票-安和,003700370039005a,562,73,489,0.44,15,buy
7/15,2303,國泰-敦南,8888,967,1267,-300,0.27,15,sell
7/15,3711,永豐金-匯立,0039004100380031,1944,182,1762,6.68,1,buy
7/15,3711,摩根大通,8440,961,2754,-1793,6.8,1,sell
7/15,3711,台灣摩根士丹利,1470,2210,547,1663,6.3,2,buy
7/15,3711,花旗環球,1590,950,2161,-1211,4.59,2,sell
7/15,3711,美商高盛,1480,2476,1310,1166,4.42,3,buy
7/15,3711,群益金鼎,9100,159,481,-322,1.22,3,sell
7/15,3711,元大證券,9800,3294,2382,912,3.46,4,buy
7/15,3711,香港上海匯豐,8960,231,496,-265,1.0,4,sell
7/15,3711,統一,5850,892,89,803,3.04,5,buy
7/15,3711,國泰-敦南,8888,337,539,-202,0.77,5,sell
7/15,3711,新加坡商瑞銀,1650,1184,447,737,2.79,6,buy
7/15,3711,凱基-士林,9238,19,196,-177,0.67,6,sell
7/15,3711,兆豐證券,7000,528,5,523,1.98,7,buy
7/15,3711,永豐金-南投,003900410039004d,9,158,-149,0.56,7,sell
7/15,3711,港商野村,1560,519,107,412,1.56,8,buy
7/15,3711,中國信託,6160,42,133,-91,0.34,8,sell
7/15,3711,凱基-台北,9268,995,639,356,1.35,9,buy
7/15,3711,國泰-台中,8882,63,147,-84,0.32,9,sell
7/15,3711,富邦證券,9600,671,380,291,1.1,10,buy
7/15,3711,台中銀,6110,5,86,-81,0.31,10,sell
7/15,3711,港商麥格理,1360,345,81,264,1.0,11,buy
7/15,3711,元大-古亭,003900380039006b,17,83,-66,0.25,11,sell
7/15,3711,國票-敦北法人,0037003700390063,260,6,254,0.96,12,buy
7/15,3711,元大-雙和,9874,9,74,-65,0.25,12,sell
7/15,3711,永豐金證券,0039004100300030,522,317,205,0.78,13,buy
7/15,3711,中國信託-文心,6164,6,70,-64,0.24,13,sell
7/15,3711,法銀巴黎,8900,199,5,194,0.74,14,buy
7/15,3711,永豐金-亞灣,0039004100390061,3,65,-62,0.24,14,sell
7/15,3711,凱基,9200,403,231,172,0.65,15,buy
7/15,3711,台新-左楠,0039004200310064,29,90,-61,0.23,15,sell
7/15,2603,港商野村,1560,3225,5,3220,20.66,1,buy
7/15,2603,兆豐證券,7000,32,1173,-1141,7.32,1,sell
7/15,2603,台灣摩根士丹利,1470,3073,231,2842,18.23,2,buy
7/15,2603,國泰證券,8880,4,900,-896,5.75,2,sell
7/15,2603,摩根大通,8440,1919,333,1586,10.17,3,buy
7/15,2603,統一-南京,0035003800350055,1,824,-823,5.28,3,sell
7/15,2603,新加坡商瑞銀,1650,1230,71,1159,7.44,4,buy
7/15,2603,永豐金證券,0039004100300030,226,605,-379,2.43,4,sell
7/15,2603,美商高盛,1480,1236,283,953,6.11,5,buy
7/15,2603,臺銀-臺南,1042,6,273,-267,1.71,5,sell
7/15,2603,凱基-台北,9268,1215,333,882,5.66,6,buy
7/15,2603,永豐金-匯立,0039004100380031,0,261,-261,1.67,6,sell
7/15,2603,花旗環球,1590,622,6,616,3.95,7,buy
7/15,2603,國泰-敦南,8888,98,321,-223,1.43,7,sell
7/15,2603,元大證券,9800,785,461,324,2.08,8,buy
7/15,2603,第一金-台南,5384,2,207,-205,1.32,8,sell
7/15,2603,統一-新竹,5857,162,18,144,0.92,9,buy
7/15,2603,福邦-新竹,6489,0,169,-169,1.08,9,sell
7/15,2603,美林,1440,61,8,53,0.34,10,buy
7/15,2603,元大-南京,9862,1,156,-155,0.99,10,sell
7/15,2603,富邦-新竹,9647,64,17,47,0.3,11,buy
7/15,2603,新光,8560,34,166,-132,0.85,11,sell
7/15,2603,永豐金-永康,0039004100390063,33,1,32,0.21,12,buy
7/15,2603,國泰-板橋,003800380038004b,9,134,-125,0.8,12,sell
7/15,2603,台灣企銀-埔墘,0031003100310047,15,0,15,0.1,13,buy
7/15,2603,富邦證券,9600,13,127,-114,0.73,13,sell
7/15,2603,法銀巴黎,8900,15,1,14,0.09,14,buy
7/15,2603,群益金鼎-永和,003900310038004a,0,113,-113,0.72,14,sell
7/15,2603,富邦-台中,003900360035004b,32,19,13,0.08,15,buy
7/15,2603,福勝,6950,0,105,-105,0.67,15,sell
7/15,2609,花旗環球,1590,3434,14,3420,16.96,1,buy
7/15,2609,元大-員林中山,9835,2,361,-359,1.78,1,sell
7/15,2609,台灣摩根士丹利,1470,2641,650,1991,9.87,2,buy
7/15,2609,永豐金-古亭,0039004100390064,12,312,-300,1.49,2,sell
7/15,2609,凱基-台北,9268,3007,1048,1959,9.71,3,buy
7/15,2609,群益金鼎-高盛,9105,1,267,-266,1.32,3,sell
7/15,2609,新加坡商瑞銀,1650,1285,194,1091,5.41,4,buy
7/15,2609,元大-鹿港,0039003800390053,3,233,-230,1.14,4,sell
7/15,2609,元大證券,9800,1173,393,780,3.87,5,buy
7/15,2609,台新-大裕,003900420032006c,14,181,-167,0.83,5,sell
7/15,2609,摩根大通,8440,863,135,728,3.61,6,buy
7/15,2609,國泰-敦南,8888,118,270,-152,0.75,6,sell
7/15,2609,永豐金-匯立,0039004100380031,354,0,354,1.76,7,buy
7/15,2609,富邦-高雄,9659,20,170,-150,0.74,7,sell
7/15,2609,港商野村,1560,416,82,334,1.66,8,buy
7/15,2609,美商高盛,1480,1899,2048,-149,0.74,8,sell
7/15,2609,港商麥格理,1360,206,0,206,1.02,9,buy
7/15,2609,國泰-桃園,8885,81,222,-141,0.7,9,sell
7/15,2609,美林,1440,294,136,158,0.78,10,buy
7/15,2609,凱基-大里,0039003200300057,8,142,-134,0.66,10,sell
7/15,2609,法銀巴黎,8900,175,31,144,0.71,11,buy
7/15,2609,元大-善化,0039003800310079,17,133,-116,0.58,11,sell
7/15,2609,群益金鼎-嘉義,003900310038004d,160,47,113,0.56,12,buy
7/15,2609,美好-基隆,5267,0,114,-114,0.57,12,sell
7/15,2609,永興-台中,5603,82,4,78,0.39,13,buy
7/15,2609,合庫-基隆,1025,2,111,-109,0.54,13,sell
7/15,2609,永豐金-中正,0039004100390055,108,30,78,0.39,14,buy
7/15,2609,永全-南崁,6451,0,109,-109,0.54,14,sell
7/15,2609,富邦證券,9600,78,4,74,0.37,15,buy
7/15,2609,台新-城東,0039004200320072,0,106,-106,0.53,15,sell
7/15,2615,台灣摩根士丹利,1470,1739,138,1601,14.87,1,buy
7/15,2615,國泰證券,8880,3,416,-413,3.84,1,sell
7/15,2615,摩根大通,8440,1471,708,763,7.09,2,buy
7/15,2615,富邦-花蓮,9621,1,274,-273,2.54,2,sell
7/15,2615,元大證券,9800,1208,537,671,6.23,3,buy
7/15,2615,台灣企銀-豐原,1118,59,267,-208,1.93,3,sell
7/15,2615,美商高盛,1480,941,322,619,5.75,4,buy
7/15,2615,國泰-敦南,8888,58,208,-150,1.39,4,sell
7/15,2615,美林,1440,516,35,481,4.47,5,buy
7/15,2615,新光,8560,14,129,-115,1.07,5,sell
7/15,2615,花旗環球,1590,459,82,377,3.5,6,buy
7/15,2615,凱基-屏東,0039003200320043,0,110,-110,1.02,6,sell
7/15,2615,凱基-台北,9268,1040,681,359,3.34,7,buy
7/15,2615,富邦-陽明,9604,0,92,-92,0.85,7,sell
7/15,2615,港商麥格理,1360,163,19,144,1.34,8,buy
7/15,2615,元大-虎尾,003900380030006c,5,91,-86,0.8,8,sell
7/15,2615,統一-平鎮,0035003800350067,120,2,118,1.1,9,buy
7/15,2615,富邦-新店,9661,2,76,-74,0.69,9,sell
7/15,2615,國泰-桃園,8885,100,20,80,0.74,10,buy
7/15,2615,台新-板橋,0039004200320062,0,73,-73,0.68,10,sell
7/15,2615,美好-基隆,5267,73,7,66,0.61,11,buy
7/15,2615,兆豐-新竹,0037003000300056,0,71,-71,0.66,11,sell
7/15,2615,永豐金證券,0039004100300030,140,85,55,0.51,12,buy
7/15,2615,合庫證券,1020,53,121,-68,0.63,12,sell
7/15,2615,富邦-建國,9658,67,17,50,0.46,13,buy
7/15,2615,元大-仁愛,003900380033006a,3,70,-67,0.62,13,sell
7/15,2615,台新,0039004200300030,83,34,49,0.46,14,buy
7/15,2615,永豐金-市政,0039004100390057,11,75,-64,0.59,14,sell
7/15,2615,臺銀-臺中,0031003000340041,60,15,45,0.42,15,buy
7/15,2615,凱基-士林,9238,0,56,-56,0.52,15,sell
7/15,2618,摩根大通,8440,11096,2478,8618,16.51,1,buy
7/15,2618,玉山證券,8840,79,6842,-6763,12.96,1,sell
7/15,2618,元大證券,9800,7404,2627,4777,9.15,2,buy
7/15,2618,永豐金證券,0039004100300030,73,4202,-4129,7.91,2,sell
7/15,2618,美商高盛,1480,5007,1115,3892,7.46,3,buy
7/15,2618,國泰證券,8880,2,2279,-2277,4.36,3,sell
7/15,2618,永豐金-匯立,0039004100380031,2557,0,2557,4.9,4,buy
7/15,2618,新加坡商瑞銀,1650,2029,2937,-908,1.74,4,sell
7/15,2618,凱基,9200,1870,2,1868,3.58,5,buy
7/15,2618,國泰-敦南,8888,329,662,-333,0.64,5,sell
7/15,2618,美林,1440,1861,121,1740,3.33,6,buy
7/15,2618,富邦-板橋,9655,44,319,-275,0.53,6,sell
7/15,2618,凱基-台北,9268,3493,2557,936,1.79,7,buy
7/15,2618,合庫-西台中,0031003000320046,5,222,-217,0.42,7,sell
7/15,2618,花旗環球,1590,1734,932,802,1.54,8,buy
7/15,2618,凱基-彰化,0039003200300047,4,212,-208,0.4,8,sell
7/15,2618,香港上海匯豐,8960,721,0,721,1.38,9,buy
7/15,2618,康和,8450,201,401,-200,0.38,9,sell
7/15,2618,法銀巴黎,8900,397,59,338,0.65,10,buy
7/15,2618,兆豐-台中,7003,202,376,-174,0.33,10,sell
7/15,2618,港商野村,1560,358,48,310,0.59,11,buy
7/15,2618,美好-富順,003500320036004b,2,171,-169,0.32,11,sell
7/15,2618,彰銀-台中,1233,227,27,200,0.38,12,buy
7/15,2618,永全證券,6450,11,177,-166,0.32,12,sell
7/15,2618,凱基-高雄,9206,202,6,196,0.38,13,buy
7/15,2618,華南永昌,9300,32,191,-159,0.3,13,sell
7/15,2618,元大-樹林,003900380039006a,233,53,180,0.34,14,buy
7/15,2618,凱基-岡山,9209,0,151,-151,0.29,14,sell
7/15,2618,群益金鼎-大甲,0039003100380067,176,18,158,0.3,15,buy
7/15,2618,富邦-建國,9658,11,155,-144,0.28,15,sell
7/15,3037,元大證券,9800,4153,2954,1199,3.17,1,buy
7/15,3037,美商高盛,1480,1529,2522,-993,2.63,1,sell
7/15,3037,統一,5850,1174,269,905,2.4,2,buy
7/15,3037,美林,1440,545,1133,-588,1.56,2,sell
7/15,3037,法銀巴黎,8900,912,12,900,2.38,3,buy
7/15,3037,摩根大通,8440,844,1326,-482,1.28,3,sell
7/15,3037,富邦證券,9600,1061,422,639,1.69,4,buy
7/15,3037,永豐金-匯立,0039004100380031,26,489,-463,1.23,4,sell
7/15,3037,永豐金證券,0039004100300030,867,369,498,1.32,5,buy
7/15,3037,花旗環球,1590,219,631,-412,1.09,5,sell
7/15,3037,永豐金-敦北,0039004100380039,538,41,497,1.32,6,buy
7/15,3037,凱基-台北,9268,2452,2837,-385,1.02,6,sell
7/15,3037,國票-敦北法人,0037003700390063,437,19,418,1.11,7,buy
7/15,3037,國泰-敦南,8888,1038,1179,-141,0.37,7,sell
7/15,3037,國泰-忠孝,8887,282,74,208,0.55,8,buy
7/15,3037,中國信託,6160,110,195,-85,0.22,8,sell
7/15,3037,港商野村,1560,288,98,190,0.5,9,buy
7/15,3037,新加坡商瑞銀,1650,633,713,-80,0.21,9,sell
7/15,3037,群益金鼎,9100,459,276,183,0.48,10,buy
7/15,3037,富邦-建國,9658,63,142,-79,0.21,10,sell
7/15,3037,國泰證券,8880,623,513,110,0.29,11,buy
7/15,3037,統一-城中,5854,103,170,-67,0.18,11,sell
7/15,3037,台新,0039004200300030,370,272,98,0.26,12,buy
7/15,3037,玉山-板橋,8846,58,118,-60,0.16,12,sell
7/15,3037,元大-鳳山,003900380033005a,116,22,94,0.25,13,buy
7/15,3037,華南永昌-板橋,9349,20,80,-60,0.16,13,sell
7/15,3037,凱基,9200,116,29,87,0.23,14,buy
7/15,3037,富邦-陽明,9604,44,101,-57,0.15,14,sell
7/15,3037,台新-大裕,003900420032006c,88,13,75,0.2,15,buy
7/15,3037,新光,8560,279,335,-56,0.15,15,sell
7/15,2345,美林,1440,168,31,137,6.65,1,buy
7/15,2345,摩根大通,8440,123,313,-190,9.23,1,sell
7/15,2345,元大證券,9800,207,94,113,5.49,2,buy
7/15,2345,美商高盛,1480,64,184,-120,5.83,2,sell
7/15,2345,花旗環球,1590,148,66,82,3.98,3,buy
7/15,2345,台灣摩根士丹利,1470,89,200,-111,5.39,3,sell
7/15,2345,新加坡商瑞銀,1650,138,79,59,2.87,4,buy
7/15,2345,中國信託,6160,0,52,-52,2.53,4,sell
7/15,2345,凱基,9200,58,8,50,2.43,5,buy
7/15,2345,富邦證券,9600,25,63,-38,1.85,5,sell
7/15,2345,群益金鼎,9100,37,7,30,1.46,6,buy
7/15,2345,港商麥格理,1360,48,74,-26,1.26,6,sell
7/15,2345,統一,5850,64,41,23,1.12,7,buy
7/15,2345,永豐金證券,0039004100300030,74,99,-25,1.21,7,sell
7/15,2345,國泰證券,8880,35,13,22,1.07,8,buy
7/15,2345,港商野村,1560,7,25,-18,0.87,8,sell
7/15,2345,凱基-台北,9268,154,135,19,0.92,9,buy
7/15,2345,台新-西松,003900420032006e,0,15,-15,0.73,9,sell
7/15,2345,永豐金-匯立,0039004100380031,15,3,12,0.58,10,buy
7/15,2345,凱基-站前,0039003200300046,3,11,-8,0.39,10,sell
7/15,2345,兆豐證券,7000,11,0,11,0.53,11,buy
7/15,2345,法銀巴黎,8900,0,7,-7,0.34,11,sell
7/15,2345,國票-台中,0037003700390076,10,0,10,0.49,12,buy
7/15,2345,國票證券,7790,0,6,-6,0.29,12,sell
7/15,2345,香港上海匯豐,8960,47,40,7,0.34,13,buy
7/15,2345,台新-板橋,0039004200320062,1,4,-3,0.15,13,sell
7/15,2345,統一-士林,003500380035004d,6,1,5,0.24,14,buy
7/15,2345,永豐金-南京,0039004100390053,0,3,-3,0.15,14,sell
7/15,2345,康和-內湖,0038003400350041,5,0,5,0.24,15,buy
7/15,2345,凱基-大直,9218,1,4,-3,0.15,15,sell
7/15,3006,摩根大通,8440,1551,89,1462,11.5,1,buy
7/15,3006,台灣企銀-桃園,0031003100310045,0,176,-176,1.38,1,sell
7/15,3006,台灣摩根士丹利,1470,1285,263,1022,8.04,2,buy
7/15,3006,元大-大里,0039003800310067,8,138,-130,1.02,2,sell
7/15,3006,美商高盛,1480,1039,168,871,6.85,3,buy
7/15,3006,新光,8560,27,157,-130,1.02,3,sell
7/15,3006,港商野村,1560,642,2,640,5.04,4,buy
7/15,3006,國泰-敦南,8888,85,212,-127,1.0,4,sell
7/15,3006,新加坡商瑞銀,1650,615,40,575,4.52,5,buy
7/15,3006,台新-安南,003900420032005a,1,120,-119,0.94,5,sell
7/15,3006,元大證券,9800,1049,540,509,4.0,6,buy
7/15,3006,聯邦證券,8580,1,112,-111,0.87,6,sell
7/15,3006,凱基-台北,9268,873,436,437,3.44,7,buy
7/15,3006,永豐金證券,0039004100300030,71,169,-98,0.77,7,sell
7/15,3006,美林,1440,399,8,391,3.08,8,buy
7/15,3006,富邦-內湖,9627,9,91,-82,0.65,8,sell
7/15,3006,富邦證券,9600,323,103,220,1.73,9,buy
7/15,3006,統一-板橋,0035003800350050,6,79,-73,0.57,9,sell
7/15,3006,群益金鼎,9100,252,49,203,1.6,10,buy
7/15,3006,兆豐-忠孝,0037003000300061,9,80,-71,0.56,10,sell
7/15,3006,永豐金-竹北,0039004100390050,203,17,186,1.46,11,buy
7/15,3006,新光-台中,8561,18,84,-66,0.52,11,sell
7/15,3006,富邦-南京,0039003600310043,132,38,94,0.74,12,buy
7/15,3006,國泰證券,8880,20,83,-63,0.5,12,sell
7/15,3006,富邦-板橋,9655,108,24,84,0.66,13,buy
7/15,3006,富邦-建國,9658,14,76,-62,0.49,13,sell
7/15,3006,花旗環球,1590,98,23,75,0.59,14,buy
7/15,3006,富邦-竹北,9624,1,57,-56,0.44,14,sell
7/15,3006,國票-中正,7797,62,2,60,0.47,15,buy
7/15,3006,凱基-彰化,0039003200300047,12,65,-53,0.42,15,sell
7/15,2379,國泰證券,8880,165,7,158,5.52,1,buy
7/15,2379,摩根大通,8440,70,493,-423,14.77,1,sell
7/15,2379,新加坡商瑞銀,1650,209,61,148,5.17,2,buy
7/15,2379,美林,1440,110,283,-173,6.04,2,sell
7/15,2379,永豐金證券,0039004100300030,177,47,130,4.54,3,buy
7/15,2379,港商野村,1560,0,54,-54,1.89,3,sell
7/15,2379,港商麥格理,1360,99,0,99,3.46,4,buy
7/15,2379,元大證券,9800,279,332,-53,1.85,4,sell
7/15,2379,凱基-城中,9227,71,0,71,2.48,5,buy
7/15,2379,台灣摩根士丹利,1470,211,256,-45,1.57,5,sell
7/15,2379,美商高盛,1480,144,78,66,2.3,6,buy
7/15,2379,凱基-台北,9268,177,204,-27,0.94,6,sell
7/15,2379,永豐金-匯立,0039004100380031,118,70,48,1.68,7,buy
7/15,2379,元大-和平,9863,0,20,-20,0.7,7,sell
7/15,2379,玉山-城中,0038003800340045,32,1,31,1.08,8,buy
7/15,2379,兆豐證券,7000,0,15,-15,0.52,8,sell
7/15,2379,國票證券,7790,23,3,20,0.7,9,buy
7/15,2379,統一-士林,003500380035004d,10,19,-9,0.31,9,sell
7/15,2379,凱基,9200,18,6,12,0.42,10,buy
7/15,2379,富邦-板橋,9655,5,14,-9,0.31,10,sell
7/15,2379,法銀巴黎,8900,12,0,12,0.42,11,buy
7/15,2379,富邦證券,9600,26,35,-9,0.31,11,sell
7/15,2379,華南永昌-台中,9302,11,0,11,0.38,12,buy
7/15,2379,合庫-台中,1021,0,8,-8,0.28,12,sell
7/15,2379,群益金鼎-海山,9108,7,0,7,0.24,13,buy
7/15,2379,元大-鑫永和,9888,2,9,-7,0.24,13,sell
7/15,2379,群益金鼎-古亭,0039003100380043,7,0,7,0.24,14,buy
7/15,2379,永豐金-松山,0039004100390031,10,16,-6,0.21,14,sell
7/15,2379,台新,0039004200300030,13,6,7,0.24,15,buy
7/15,2379,元大-敦南,0039003800390050,10,16,-6,0.21,15,sell
7/15,3034,永豐金-匯立,0039004100380031,647,0,647,14.25,1,buy
7/15,3034,群益金鼎,9100,45,396,-351,7.73,1,sell
7/15,3034,美商高盛,1480,691,371,320,7.05,2,buy
7/15,3034,國泰證券,8880,1,327,-326,7.18,2,sell
7/15,3034,花旗環球,1590,150,9,141,3.11,3,buy
7/15,3034,玉山證券,8840,2,324,-322,7.09,3,sell
7/15,3034,港商麥格理,1360,93,3,90,1.98,4,buy
7/15,3034,富邦證券,9600,12,220,-208,4.58,4,sell
7/15,3034,永豐金證券,0039004100300030,181,100,81,1.78,5,buy
7/15,3034,臺銀,1040,3,129,-126,2.78,5,sell
7/15,3034,凱基,9200,34,11,23,0.51,6,buy
7/15,3034,台灣摩根士丹利,1470,163,265,-102,2.25,6,sell
7/15,3034,元大-民生三民,0039003800390058,22,0,22,0.48,7,buy
7/15,3034,美林,1440,144,234,-90,1.98,7,sell
7/15,3034,元大-竹南,0039003800330056,15,0,15,0.33,8,buy
7/15,3034,港商野村,1560,2,89,-87,1.92,8,sell
7/15,3034,群益金鼎-東湖,003900310038004b,15,0,15,0.33,9,buy
7/15,3034,新加坡商瑞銀,1650,158,217,-59,1.3,9,sell
7/15,3034,香港上海匯豐,8960,12,0,12,0.26,10,buy
7/15,3034,凱基-台北,9268,169,225,-56,1.23,10,sell
7/15,3034,富邦-南港,0039003600320041,12,0,12,0.26,11,buy
7/15,3034,凱基-湖口,003900320030004e,2,38,-36,0.79,11,sell
7/15,3034,國泰-台中,8882,17,6,11,0.24,12,buy
7/15,3034,統一,5850,7,33,-26,0.57,12,sell
7/15,3034,凱基-彰化,0039003200300047,11,0,11,0.24,13,buy
7/15,3034,凱基-站前,0039003200300046,1,13,-12,0.26,13,sell
7/15,3034,統一-平鎮,0035003800350067,11,0,11,0.24,14,buy
7/15,3034,玉山-板橋,8846,0,12,-12,0.26,14,sell
7/15,3034,國泰-敦南,8888,29,19,10,0.22,15,buy
7/15,3034,永豐金-台中,003900410039004c,2,13,-11,0.24,15,sell
7/15,2412,台灣摩根士丹利,1470,1715,424,1291,12.09,1,buy
7/15,2412,美林,1440,8,1499,-1491,13.96,1,sell
7/15,2412,花旗環球,1590,685,91,594,5.56,2,buy
7/15,2412,美商高盛,1480,252,1035,-783,7.33,2,sell
7/15,2412,摩根大通,8440,1349,767,582,5.45,3,buy
7/15,2412,凱基-台北,9268,149,797,-648,6.07,3,sell
7/15,2412,元大證券,9800,943,731,212,1.98,4,buy
7/15,2412,永豐金證券,0039004100300030,63,547,-484,4.53,4,sell
7/15,2412,凱基-中壢,9285,190,0,190,1.78,5,buy
7/15,2412,國泰證券,8880,155,518,-363,3.4,5,sell
7/15,2412,元大-北府,0039003800300044,115,0,115,1.08,6,buy
7/15,2412,永豐金-匯立,0039004100380031,0,340,-340,3.18,6,sell
7/15,2412,新光-台中,8561,91,0,91,0.85,7,buy
7/15,2412,彰銀,1230,6,261,-255,2.39,7,sell
7/15,2412,國泰-敦南,8888,124,38,86,0.81,8,buy
7/15,2412,富邦證券,9600,24,254,-230,2.15,8,sell
7/15,2412,新加坡商瑞銀,1650,1249,1170,79,0.74,9,buy
7/15,2412,永豐金-萬盛,0039004100390032,4,203,-199,1.86,9,sell
7/15,2412,新光,8560,63,2,61,0.57,10,buy
7/15,2412,統一,5850,3,138,-135,1.26,10,sell
7/15,2412,中國信託,6160,86,35,51,0.48,11,buy
7/15,2412,合庫-台南,1022,1,100,-99,0.93,11,sell
7/15,2412,台新-三民,0039004200310033,171,121,50,0.47,12,buy
7/15,2412,富邦-左營,0039003600360046,4,100,-96,0.9,12,sell
7/15,2412,富邦-中壢,9636,42,1,41,0.38,13,buy
7/15,2412,凱基-嘉義,9252,2,93,-91,0.85,13,sell
7/15,2412,香港上海匯豐,8960,50,9,41,0.38,14,buy
7/15,2412,元大-敦南,0039003800390050,2,88,-86,0.81,14,sell
7/15,2412,元大-屏東,9892,40,0,40,0.37,15,buy
7/15,2412,第一金-新竹,0035003300380042,6,63,-57,0.53,15,sell
7/15,2890,花旗環球,1590,3152,251,2901,8.97,1,buy
7/15,2890,第一金-高雄,5383,3,5383,-5380,16.63,1,sell
7/15,2890,永豐金-匯立,0039004100380031,2026,0,2026,6.26,2,buy
7/15,2890,富邦證券,9600,1184,4483,-3299,10.19,2,sell
7/15,2890,港商麥格理,1360,1877,33,1844,5.7,3,buy
7/15,2890,國泰證券,8880,60,1860,-1800,5.56,3,sell
7/15,2890,台灣摩根士丹利,1470,3823,2112,1711,5.29,4,buy
7/15,2890,美林,1440,669,2145,-1476,4.56,4,sell
7/15,2890,香港上海匯豐,8960,1689,226,1463,4.52,5,buy
7/15,2890,中國信託,6160,55,815,-760,2.35,5,sell
7/15,2890,統一,5850,1316,12,1304,4.03,6,buy
7/15,2890,永豐金-新莊,0039004100390048,4,641,-637,1.97,6,sell
7/15,2890,元大證券,9800,2116,832,1284,3.97,7,buy
7/15,2890,群益金鼎,9100,66,571,-505,1.56,7,sell
7/15,2890,美商高盛,1480,2691,1538,1153,3.56,8,buy
7/15,2890,凱基-台北,9268,2718,3130,-412,1.27,8,sell
7/15,2890,摩根大通,8440,2730,2309,421,1.3,9,buy
7/15,2890,兆豐-北高雄,0037003000300049,3,183,-180,0.56,9,sell
7/15,2890,港商野村,1560,341,5,336,1.04,10,buy
7/15,2890,土銀-建國,0031003000330041,0,114,-114,0.35,10,sell
7/15,2890,國票證券,7790,301,6,295,0.91,11,buy
7/15,2890,玉山-新莊,8842,1,75,-74,0.23,11,sell
7/15,2890,新加坡商瑞銀,1650,2327,2127,200,0.62,12,buy
7/15,2890,永豐金-桃園,0039004100390078,6,71,-65,0.2,12,sell
7/15,2890,統一-高雄,5851,164,0,164,0.51,13,buy
7/15,2890,統一-城中,5854,0,51,-51,0.16,13,sell
7/15,2890,元大-中和,0039003800390065,102,3,99,0.31,14,buy
7/15,2890,台新-新興,003900420032006f,5,56,-51,0.16,14,sell
7/15,2890,法銀巴黎,8900,123,25,98,0.3,15,buy
7/15,2890,凱基-員林,9231,0,50,-50,0.15,15,sell
7/15,2610,美商高盛,1480,5908,988,4920,10.16,1,buy
7/15,2610,群益金鼎,9100,214,5368,-5154,10.65,1,sell
7/15,2610,台灣摩根士丹利,1470,5316,614,4702,9.71,2,buy
7/15,2610,凱基,9200,113,5254,-5141,10.62,2,sell
7/15,2610,摩根大通,8440,4818,215,4603,9.51,3,buy
7/15,2610,台新,0039004200300030,182,5205,-5023,10.37,3,sell
7/15,2610,花旗環球,1590,3055,761,2294,4.74,4,buy
7/15,2610,元大證券,9800,2164,3289,-1125,2.32,4,sell
7/15,2610,美林,1440,2790,498,2292,4.73,5,buy
7/15,2610,永豐金證券,0039004100300030,179,606,-427,0.88,5,sell
7/15,2610,永豐金-匯立,0039004100380031,1812,0,1812,3.74,6,buy
7/15,2610,新光,8560,364,711,-347,0.72,6,sell
7/15,2610,新加坡商瑞銀,1650,2127,868,1259,2.6,7,buy
7/15,2610,元大-板橋三民,9879,12,269,-257,0.53,7,sell
7/15,2610,中國信託-高雄,003600310036004b,1170,92,1078,2.23,8,buy
7/15,2610,國票證券,7790,22,275,-253,0.52,8,sell
7/15,2610,兆豐-板橋,0037003000300042,1004,91,913,1.89,9,buy
7/15,2610,國泰-台中,8882,85,316,-231,0.48,9,sell
7/15,2610,香港上海匯豐,8960,1034,316,718,1.48,10,buy
7/15,2610,凱基-台北,9268,2576,2789,-213,0.44,10,sell
7/15,2610,法銀巴黎,8900,347,1,346,0.71,11,buy
7/15,2610,第一金-新興,0035003300380041,14,227,-213,0.44,11,sell
7/15,2610,新光-台南,8564,238,28,210,0.43,12,buy
7/15,2610,新光-台中,8561,130,339,-209,0.43,12,sell
7/15,2610,台灣企銀-太平,1115,204,0,204,0.42,13,buy
7/15,2610,兆豐-天母,003700300030004c,0,203,-203,0.42,13,sell
7/15,2610,兆豐證券,7000,190,21,169,0.35,14,buy
7/15,2610,永豐金-桃園,0039004100390078,26,228,-202,0.42,14,sell
7/15,2610,玉山-城中,0038003800340045,172,16,156,0.32,15,buy
7/15,2610,安泰-大發,8381,0,192,-192,0.4,15,sell
7/15,2892,美商高盛,1480,8152,550,7602,13.85,1,buy
7/15,2892,元大-敦南,0039003800390050,0,24230,-24230,44.16,1,sell
7/15,2892,台灣摩根士丹利,1470,6985,1194,5791,10.55,2,buy
7/15,2892,美林,1440,1037,6581,-5544,10.1,2,sell
7/15,2892,凱基-台北,9268,7340,1900,5440,9.91,3,buy
7/15,2892,摩根大通,8440,1222,4787,-3565,6.5,3,sell
7/15,2892,新加坡商瑞銀,1650,7323,2128,5195,9.47,4,buy
7/15,2892,富邦證券,9600,6,824,-818,1.49,4,sell
7/15,2892,台新-台北,0039004200320030,2001,114,1887,3.44,5,buy
7/15,2892,香港上海匯豐,8960,215,782,-567,1.03,5,sell
7/15,2892,凱基,9200,1736,8,1728,3.15,6,buy
7/15,2892,元大-台中,9812,2,346,-344,0.63,6,sell
7/15,2892,花旗環球,1590,1704,153,1551,2.83,7,buy
7/15,2892,凱基-斗六,9281,0,189,-189,0.34,7,sell
7/15,2892,元大證券,9800,3557,2258,1299,2.37,8,buy
7/15,2892,群益金鼎,9100,30,170,-140,0.26,8,sell
7/15,2892,宏遠證券,1260,843,11,832,1.52,9,buy
7/15,2892,兆豐-虎尾,0037003000300046,5,132,-127,0.23,9,sell
7/15,2892,台新-新莊,0039004200310039,286,0,286,0.52,10,buy
7/15,2892,統一-士林,003500380035004d,2,120,-118,0.22,10,sell
7/15,2892,元大-北府,0039003800300044,207,1,206,0.38,11,buy
7/15,2892,華南永昌,9300,21,138,-117,0.21,11,sell
7/15,2892,彰銀,1230,202,0,202,0.37,12,buy
7/15,2892,第一金,5380,3,116,-113,0.21,12,sell
7/15,2892,玉山-高雄,8843,207,6,201,0.37,13,buy
7/15,2892,第一金-高雄,5383,1,80,-79,0.14,13,sell
7/15,2892,台新-城中,0039004200320045,200,0,200,0.36,14,buy
7/15,2892,玉山證券,8840,48,119,-71,0.13,14,sell
7/15,2892,新光,8560,167,37,130,0.24,15,buy
7/15,2892,國票-北高雄,003700370039004a,0,40,-40,0.07,15,sell
7/15,2887,群益金鼎,9100,9260,507,8753,11.18,1,buy
7/15,2887,美商高盛,1480,1339,14358,-13019,16.63,1,sell
7/15,2887,港商麥格理,1360,8560,36,8524,10.89,2,buy
7/15,2887,凱基-台北,9268,2567,7982,-5415,6.92,2,sell
7/15,2887,花旗環球,1590,5398,350,5048,6.45,3,buy
7/15,2887,台灣摩根士丹利,1470,1904,5820,-3916,5.0,3,sell
7/15,2887,永豐金-匯立,0039004100380031,4939,0,4939,6.31,4,buy
7/15,2887,摩根大通,8440,1586,5183,-3597,4.59,4,sell
7/15,2887,元大證券,9800,9872,5785,4087,5.22,5,buy
7/15,2887,美林,1440,1819,4644,-2825,3.61,5,sell
7/15,2887,元大-館前,003900380034004b,2002,9,1993,2.55,6,buy
7/15,2887,新加坡商瑞銀,1650,3296,5362,-2066,2.64,6,sell
7/15,2887,永豐金證券,0039004100300030,2604,730,1874,2.39,7,buy
7/15,2887,永豐金-亞灣,0039004100390061,31,1546,-1515,1.94,7,sell
7/15,2887,華南永昌-南京,9326,1110,14,1096,1.4,8,buy
7/15,2887,富邦-陽明,9604,527,1975,-1448,1.85,8,sell
7/15,2887,統一,5850,1400,376,1024,1.31,9,buy
7/15,2887,國泰證券,8880,477,1552,-1075,1.37,9,sell
7/15,2887,元大-大同,0039003800390047,934,11,923,1.18,10,buy
7/15,2887,台新-烏日,0039004200320063,0,1021,-1021,1.3,10,sell
7/15,2887,元大-四維,9831,740,29,711,0.91,11,buy
7/15,2887,玉山-桃園,0038003800340046,6,817,-811,1.04,11,sell
7/15,2887,元大-中和,0039003800390065,600,0,600,0.77,12,buy
7/15,2887,聯邦-大業,8586,0,608,-608,0.78,12,sell
7/15,2887,台新-台北,0039004200320030,408,5,403,0.51,13,buy
7/15,2887,永豐金-中壢,0039004100390039,41,603,-562,0.72,13,sell
7/15,2887,康和,8450,370,20,350,0.45,14,buy
7/15,2887,元大-六合,0039003800320043,1,548,-547,0.7,14,sell
7/15,2887,凱基-宜蘭,003900320030004d,316,4,312,0.4,15,buy
7/15,2887,元大-淡水,9899,6,487,-481,0.61,15,sell
7/15,2883,美林,1440,6425,236,6189,12.1,1,buy
7/15,2883,永豐金證券,0039004100300030,901,8334,-7433,14.54,1,sell
7/15,2883,台灣摩根士丹利,1470,5220,1060,4160,8.14,2,buy
7/15,2883,康和,8450,106,2902,-2796,5.47,2,sell
7/15,2883,摩根大通,8440,4668,1345,3323,6.5,3,buy
7/15,2883,國泰證券,8880,90,2372,-2282,4.46,3,sell
7/15,2883,美商高盛,1480,4213,1681,2532,4.95,4,buy
7/15,2883,富邦證券,9600,116,1927,-1811,3.54,4,sell
7/15,2883,花旗環球,1590,2778,264,2514,4.92,5,buy
7/15,2883,永豐金-匯立,0039004100380031,0,1211,-1211,2.37,5,sell
7/15,2883,元大證券,9800,6125,3689,2436,4.76,6,buy
7/15,2883,台新-台北,0039004200320030,13,1007,-994,1.94,6,sell
7/15,2883,香港上海匯豐,8960,1380,0,1380,2.7,7,buy
7/15,2883,台新,0039004200300030,227,609,-382,0.75,7,sell
7/15,2883,港商野村,1560,875,32,843,1.65,8,buy
7/15,2883,第一金-員林,5381,2,362,-360,0.7,8,sell
7/15,2883,土銀-嘉義,1034,612,3,609,1.19,9,buy
7/15,2883,國票-敦北法人,0037003700390063,0,360,-360,0.7,9,sell
7/15,2883,港商麥格理,1360,496,0,496,0.97,10,buy
7/15,2883,第一金-忠孝,0035003300380044,10,364,-354,0.69,10,sell
7/15,2883,新加坡商瑞銀,1650,1779,1437,342,0.67,11,buy
7/15,2883,華南永昌-敦南,9347,0,354,-354,0.69,11,sell
7/15,2883,華南永昌-高雄,9303,301,5,296,0.58,12,buy
7/15,2883,康和-南崁,0038003400350053,0,330,-330,0.65,12,sell
7/15,2883,凱基-宜蘭,003900320030004d,240,2,238,0.47,13,buy
7/15,2883,富邦-建國,9658,18,348,-330,0.65,13,sell
7/15,2883,凱基-雙和,0039003200300043,245,24,221,0.43,14,buy
7/15,2883,第一金,5380,39,361,-322,0.63,14,sell
7/15,2883,群益金鼎-松山,9103,200,0,200,0.39,15,buy
7/15,2883,台新-五權西,0039004200320035,2,319,-317,0.62,15,sell
7/15,1301,台灣摩根士丹利,1470,10334,3951,6383,4.35,1,buy
7/15,1301,港商野村,1560,662,2618,-1956,1.33,1,sell
7/15,1301,國票-敦北法人,0037003700390063,1986,178,1808,1.23,2,buy
7/15,1301,元大-桃園,0039003800380042,232,1358,-1126,0.77,2,sell
7/15,1301,富邦-敦南,9663,1832,641,1191,0.81,3,buy
7/15,1301,高橋-內壢,5323,17,1021,-1004,0.68,3,sell
7/15,1301,凱基-台南,9211,956,111,845,0.58,4,buy
7/15,1301,摩根大通,8440,3765,4648,-883,0.6,4,sell
7/15,1301,永豐金-匯立,0039004100380031,800,0,800,0.54,5,buy
7/15,1301,元大-信義安和,0039003800300052,66,764,-698,0.48,5,sell
7/15,1301,美林,1440,2319,1610,709,0.48,6,buy
7/15,1301,富邦證券,9600,491,1162,-671,0.46,6,sell
7/15,1301,康和-台中,8455,642,33,609,0.41,7,buy
7/15,1301,台新-建北,0039004200310038,994,1562,-568,0.39,7,sell
7/15,1301,元大證券,9800,12377,11794,583,0.4,8,buy
7/15,1301,富邦-南屯,9666,87,602,-515,0.35,8,sell
7/15,1301,花旗環球,1590,565,45,520,0.35,9,buy
7/15,1301,玉山-嘉義,8848,133,568,-435,0.3,9,sell
7/15,1301,元大-發財,0039003800310045,637,138,499,0.34,10,buy
7/15,1301,元大-台北,0039003800300068,59,395,-336,0.23,10,sell
7/15,1301,兆豐-民生,0037003000300063,514,16,498,0.34,11,buy
7/15,1301,華南永昌-長虹,9333,163,485,-322,0.22,11,sell
7/15,1301,元大-天母,0039003800310049,557,121,436,0.3,12,buy
7/15,1301,凱基-台北,9268,8100,8406,-306,0.21,12,sell
7/15,1301,美商高盛,1480,10365,9986,379,0.26,13,buy
7/15,1301,國泰-敦南,8888,2818,3123,-305,0.21,13,sell
7/15,1301,永豐金證券,0039004100300030,1360,1029,331,0.23,14,buy
7/15,1301,元大-中壢,9834,132,388,-256,0.17,14,sell
7/15,1301,法銀巴黎,8900,444,154,290,0.2,15,buy
7/15,1301,第一金-華江,0035003300380057,133,377,-244,0.17,15,sell
7/15,2409,永豐金證券,0039004100300030,14445,1305,13140,6.47,1,buy
7/15,2409,美商高盛,1480,3772,13028,-9256,4.56,1,sell
7/15,2409,永豐金-匯立,0039004100380031,2015,0,2015,0.99,2,buy
7/15,2409,新加坡商瑞銀,1650,869,7443,-6574,3.24,2,sell
7/15,2409,美好-蘆洲,5261,1645,316,1329,0.65,3,buy
7/15,2409,凱基-台北,9268,15151,20670,-5519,2.72,3,sell
7/15,2409,國泰-敦南,8888,6031,5007,1024,0.5,4,buy
7/15,2409,元大證券,9800,22932,25662,-2730,1.34,4,sell
7/15,2409,元大-鳳中,0039003800350043,957,291,666,0.33,5,buy
7/15,2409,台灣摩根士丹利,1470,2427,5029,-2602,1.28,5,sell
7/15,2409,元大-文心,9868,731,134,597,0.29,6,buy
7/15,2409,摩根大通,8440,569,3133,-2564,1.26,6,sell
7/15,2409,國泰-館前,0038003800380041,1120,593,527,0.26,7,buy
7/15,2409,美林,1440,441,2516,-2075,1.02,7,sell
7/15,2409,元大-南屯,9853,644,174,470,0.23,8,buy
7/15,2409,統一,5850,459,1439,-980,0.48,8,sell
7/15,2409,兆豐-北高雄,0037003000300049,608,160,448,0.22,9,buy
7/15,2409,法銀巴黎,8900,111,995,-884,0.44,9,sell
7/15,2409,富邦-新竹,9647,896,456,440,0.22,10,buy
7/15,2409,合庫證券,1020,73,645,-572,0.28,10,sell
7/15,2409,元大-沙鹿,0039003800300064,569,148,421,0.21,11,buy
7/15,2409,富邦-竹科,0039003600320043,158,700,-542,0.27,11,sell
7/15,2409,兆豐-忠孝,0037003000300061,737,328,409,0.2,12,buy
7/15,2409,統一-城中,5854,163,664,-501,0.25,12,sell
7/15,2409,華南永昌,9300,622,217,405,0.2,13,buy
7/15,2409,元大-新生,0039003800310058,35,514,-479,0.24,13,sell
7/15,2409,花旗環球,1590,496,113,383,0.19,14,buy
7/15,2409,國票-敦北法人,0037003700390063,262,738,-476,0.23,14,sell
7/15,2409,富邦-公益,0039003600310046,525,148,377,0.19,15,buy
7/15,2409,元大-內湖民權,9867,104,480,-376,0.19,15,sell
7/15,5880,美林,1440,6115,471,5644,28.23,1,buy
7/15,5880,新加坡商瑞銀,1650,1334,2375,-1041,5.21,1,sell
7/15,5880,凱基-台北,9268,2706,361,2345,11.73,2,buy
7/15,5880,群益金鼎-宜蘭,003900310038007a,0,900,-900,4.5,2,sell
7/15,5880,元大證券,9800,1921,523,1398,6.99,3,buy
7/15,5880,台新-高雄,0039004200310067,1,844,-843,4.22,3,sell
7/15,5880,花旗環球,1590,1009,131,878,4.39,4,buy
7/15,5880,國泰證券,8880,19,700,-681,3.41,4,sell
7/15,5880,合庫證券,1020,714,162,552,2.76,5,buy
7/15,5880,第一金-中山,5389,0,513,-513,2.57,5,sell
7/15,5880,法銀巴黎,8900,470,3,467,2.34,6,buy
7/15,5880,統一-新營,0035003800350045,0,505,-505,2.53,6,sell
7/15,5880,美商高盛,1480,1282,915,367,1.84,7,buy
7/15,5880,國泰-敦南,8888,21,374,-353,1.77,7,sell
7/15,5880,華南永昌-南京,9326,156,3,153,0.77,8,buy
7/15,5880,群益金鼎-三民,9188,0,273,-273,1.37,8,sell
7/15,5880,康和-嘉義,8459,120,0,120,0.6,9,buy
7/15,5880,合庫-高雄,1023,8,277,-269,1.35,9,sell
7/15,5880,富邦-南港,0039003600320041,104,4,100,0.5,10,buy
7/15,5880,凱基-中山,9229,0,226,-226,1.13,10,sell
7/15,5880,元大-左營,0039003800390044,106,12,94,0.47,11,buy
7/15,5880,新光-台中,8561,3,216,-213,1.07,11,sell
7/15,5880,國票-北高雄,003700370039004a,100,14,86,0.43,12,buy
7/15,5880,富邦-台南,9667,15,214,-199,1.0,12,sell
7/15,5880,群益金鼎-永和,003900310038004a,95,11,84,0.42,13,buy
7/15,5880,合庫-台中,1021,6,197,-191,0.96,13,sell
7/15,5880,第一金-台中,5382,70,0,70,0.35,14,buy
7/15,5880,永豐金證券,0039004100300030,57,218,-161,0.81,14,sell
7/15,5880,美好-富順,003500320036004b,60,0,60,0.3,15,buy
7/15,5880,群益金鼎,9100,7,166,-159,0.8,15,sell
7/15,2886,摩根大通,8440,3211,962,2249,8.51,1,buy
7/15,2886,富邦證券,9600,709,4115,-3406,12.89,1,sell
7/15,2886,宏遠證券,1260,2100,0,2100,7.94,2,buy
7/15,2886,元大-敦南,0039003800390050,0,2932,-2932,11.09,2,sell
7/15,2886,元大證券,9800,3125,1298,1827,6.91,3,buy
7/15,2886,新加坡商瑞銀,1650,2013,3705,-1692,6.4,3,sell
7/15,2886,花旗環球,1590,1607,263,1344,5.08,4,buy
7/15,2886,凱基,9200,6,1575,-1569,5.94,4,sell
7/15,2886,中國信託,6160,1153,38,1115,4.22,5,buy
7/15,2886,美商高盛,1480,1146,2691,-1545,5.84,5,sell
7/15,2886,凱基-台北,9268,2306,1244,1062,4.02,6,buy
7/15,2886,美林,1440,674,1512,-838,3.17,6,sell
7/15,2886,港商野村,1560,533,24,509,1.93,7,buy
7/15,2886,國泰證券,8880,143,791,-648,2.45,7,sell
7/15,2886,新光,8560,386,124,262,0.99,8,buy
7/15,2886,台新-嘉義,0039004200320049,0,500,-500,1.89,8,sell
7/15,2886,福邦證券,6480,202,5,197,0.75,9,buy
7/15,2886,台灣摩根士丹利,1470,1871,2332,-461,1.74,9,sell
7/15,2886,群益金鼎-敦南,9101,174,6,168,0.64,10,buy
7/15,2886,群益金鼎,9100,12,165,-153,0.58,10,sell
7/15,2886,兆豐-忠孝,0037003000300061,227,82,145,0.55,11,buy
7/15,2886,台新-中港,0039004200320069,0,150,-150,0.57,11,sell
7/15,2886,富邦-台北,9623,107,1,106,0.4,12,buy
7/15,2886,香港上海匯豐,8960,145,279,-134,0.51,12,sell
7/15,2886,元大-大同,0039003800390047,106,3,103,0.39,13,buy
7/15,2886,康和-南崁,0038003400350053,0,100,-100,0.38,13,sell
7/15,2886,永豐金證券,0039004100300030,144,55,89,0.34,14,buy
7/15,2886,國票證券,7790,6,80,-74,0.28,14,sell
7/15,2886,富邦-新竹,9647,104,26,78,0.3,15,buy
7/15,2886,元大-竹北,0039003800310042,5,46,-41,0.16,15,sell
7/15,2449,統一,5850,2692,60,2632,11.0,1,buy
7/15,2449,永豐金-匯立,0039004100380031,0,2056,-2056,8.59,1,sell
7/15,2449,美商高盛,1480,2975,850,2125,8.88,2,buy
7/15,2449,美林,1440,354,902,-548,2.29,2,sell
7/15,2449,凱基-台北,9268,1906,945,961,4.02,3,buy
7/15,2449,台灣摩根士丹利,1470,2779,3250,-471,1.97,3,sell
7/15,2449,富邦證券,9600,641,136,505,2.11,4,buy
7/15,2449,香港上海匯豐,8960,4,461,-457,1.91,4,sell
7/15,2449,摩根大通,8440,973,689,284,1.19,5,buy
7/15,2449,凱基,9200,1,393,-392,1.64,5,sell
7/15,2449,國泰證券,8880,257,37,220,0.92,6,buy
7/15,2449,新加坡商瑞銀,1650,757,1010,-253,1.06,6,sell
7/15,2449,花旗環球,1590,237,19,218,0.91,7,buy
7/15,2449,康和-台中,8455,11,106,-95,0.4,7,sell
7/15,2449,永豐金證券,0039004100300030,313,116,197,0.82,8,buy
7/15,2449,新光-新竹,8563,91,166,-75,0.31,8,sell
7/15,2449,華南永昌,9300,179,51,128,0.53,9,buy
7/15,2449,台新-大裕,003900420032006c,4,78,-74,0.31,9,sell
7/15,2449,港商野村,1560,188,69,119,0.5,10,buy
7/15,2449,元大-北屯,0039003800390064,1,74,-73,0.31,10,sell
7/15,2449,元大證券,9800,1589,1496,93,0.39,11,buy
7/15,2449,國泰-敦南,8888,444,512,-68,0.28,11,sell
7/15,2449,元大-豐原站前,0039003800390057,73,14,59,0.25,12,buy
7/15,2449,台灣企銀-埔墘,0031003100310047,0,61,-61,0.25,12,sell
7/15,2449,大和國泰,8890,57,0,57,0.24,13,buy
7/15,2449,台新-西松,003900420032006e,29,87,-58,0.24,13,sell
7/15,2449,永豐金-內湖,0039004100390067,53,9,44,0.18,14,buy
7/15,2449,康和,8450,3,61,-58,0.24,14,sell
7/15,2449,富邦-建國,9658,70,28,42,0.18,15,buy
7/15,2449,台新,0039004200300030,195,252,-57,0.24,15,sell
7/15,1314,台灣摩根士丹利,1470,3982,1769,2213,4.86,1,buy
7/15,1314,凱基-台北,9268,590,3801,-3211,7.06,1,sell
7/15,1314,摩根大通,8440,3045,1549,1496,3.29,2,buy
7/15,1314,台新-虎尾,003900420032004e,516,1840,-1324,2.91,2,sell
7/15,1314,國票-九鼎,0037003700390050,820,19,801,1.76,3,buy
7/15,1314,富邦-新店,9661,38,1052,-1014,2.23,3,sell
7/15,1314,美林,1440,1270,698,572,1.26,4,buy
7/15,1314,元大-草屯,0039003800390045,75,1043,-968,2.13,4,sell
7/15,1314,新加坡商瑞銀,1650,1356,822,534,1.17,5,buy
7/15,1314,臺銀-臺南,1042,158,644,-486,1.07,5,sell
7/15,1314,凱基-屏東,0039003200320043,503,3,500,1.1,6,buy
7/15,1314,台新-新營,0039004200310031,132,560,-428,0.94,6,sell
7/15,1314,富邦-和美,0039003600310050,514,34,480,1.05,7,buy
7/15,1314,第一金-路竹,0035003300380050,36,317,-281,0.62,7,sell
7/15,1314,光和-溪湖,6381,497,36,461,1.01,8,buy
7/15,1314,富邦-公益,0039003600310046,48,327,-279,0.61,8,sell
7/15,1314,永豐金-萬盛,0039004100390032,465,33,432,0.95,9,buy
7/15,1314,永豐金-鳳山,0039004100360031,119,361,-242,0.53,9,sell
7/15,1314,港商野村,1560,384,0,384,0.84,10,buy
7/15,1314,台新-城中,0039004200320045,3,244,-241,0.53,10,sell
7/15,1314,富邦-內湖,9627,380,19,361,0.79,11,buy
7/15,1314,第一金-員林,5381,57,280,-223,0.49,11,sell
7/15,1314,永豐金證券,0039004100300030,843,486,357,0.78,12,buy
7/15,1314,富邦-南員林,0039003600310052,133,341,-208,0.46,12,sell
7/15,1314,康和-仁愛,0038003400350046,320,10,310,0.68,13,buy
7/15,1314,兆豐-嘉義,7001,10,216,-206,0.45,13,sell
7/15,1314,兆豐-大同,0037003000300053,310,15,295,0.65,14,buy
7/15,1314,國泰-桃園,8885,230,429,-199,0.44,14,sell
7/15,1314,國泰-台中,8882,416,133,283,0.62,15,buy
7/15,1314,元大-永和,9891,23,220,-197,0.43,15,sell
7/15,0050,摩根大通,8440,21744,500,21244,19.38,1,buy
7/15,0050,第一金,5380,136,48657,-48521,44.25,1,sell
7/15,0050,元大證券,9800,19207,7064,12143,11.08,2,buy
7/15,0050,永豐金證券,0039004100300030,4205,10218,-6013,5.48,2,sell
7/15,0050,富邦證券,9600,7827,166,7661,6.99,3,buy
7/15,0050,台新,0039004200300030,1680,3264,-1584,1.44,3,sell
7/15,0050,凱基,9200,5244,557,4687,4.27,4,buy
7/15,0050,國泰-敦南,8888,1790,2527,-737,0.67,4,sell
7/15,0050,中國信託,6160,3174,428,2746,2.5,5,buy
7/15,0050,台灣摩根士丹利,1470,13,502,-489,0.45,5,sell
7/15,0050,統一,5850,2829,169,2660,2.43,6,buy
7/15,0050,法銀巴黎,8900,17,313,-296,0.27,6,sell
7/15,0050,國泰證券,8880,2464,35,2429,2.22,7,buy
7/15,0050,新光,8560,321,576,-255,0.23,7,sell
7/15,0050,美林,1440,2280,0,2280,2.08,8,buy
7/15,0050,宏遠-高雄,0031003200360051,3,246,-243,0.22,8,sell
7/15,0050,凱基-台北,9268,5074,3162,1912,1.74,9,buy
7/15,0050,國泰-桃園,8885,180,412,-232,0.21,9,sell
7/15,0050,群益金鼎,9100,1423,78,1345,1.23,10,buy
7/15,0050,國泰-台南,8884,105,337,-232,0.21,10,sell
7/15,0050,新加坡商瑞銀,1650,2349,1752,597,0.54,11,buy
7/15,0050,兆豐-三民,0037003000300068,21,208,-187,0.17,11,sell
7/15,0050,富邦-內湖,9627,612,69,543,0.5,12,buy
7/15,0050,富邦-八德,0039003600330041,30,191,-161,0.15,12,sell
7/15,0050,華南永昌,9300,416,54,362,0.33,13,buy
7/15,0050,國票-中港,003700370039006d,7,158,-151,0.14,13,sell
7/15,0050,臺銀-金山,0031003000340044,417,65,352,0.32,14,buy
7/15,0050,富邦-仁愛,9676,59,204,-145,0.13,14,sell
7/15,0050,第一金-忠孝,0035003300380044,315,27,288,0.26,15,buy
7/15,0050,國泰-台中,8882,255,392,-137,0.12,15,sell
7/15,3481,元大證券,9800,30697,26530,4167,1.57,1,buy
7/15,3481,美商高盛,1480,4840,22843,-18003,6.77,1,sell
7/15,3481,台灣摩根士丹利,1470,14398,11140,3258,1.22,2,buy
7/15,3481,摩根大通,8440,987,13162,-12175,4.58,2,sell
7/15,3481,花旗環球,1590,2667,158,2509,0.94,3,buy
7/15,3481,凱基-台北,9268,12571,21062,-8491,3.19,3,sell
7/15,3481,香港上海匯豐,8960,2144,0,2144,0.81,4,buy
7/15,3481,新加坡商瑞銀,1650,1864,4680,-2816,1.06,4,sell
7/15,3481,國泰-敦南,8888,10267,8651,1616,0.61,5,buy
7/15,3481,富邦證券,9600,704,1455,-751,0.28,5,sell
7/15,3481,凱基-竹科,9272,1754,254,1500,0.56,6,buy
7/15,3481,法銀巴黎,8900,65,710,-645,0.24,6,sell
7/15,3481,富邦-仁愛,9676,1562,754,808,0.3,7,buy
7/15,3481,永豐金-匯立,0039004100380031,0,438,-438,0.16,7,sell
7/15,3481,(牛牛牛)亞-鑫豐,0036003000310064,841,107,734,0.28,8,buy
7/15,3481,元大-信義安和,0039003800300052,88,508,-420,0.16,8,sell
7/15,3481,凱基-鳳山,9274,805,198,607,0.23,9,buy
7/15,3481,新光,8560,2140,2532,-392,0.15,9,sell
7/15,3481,元大-景美,0039003800340048,964,370,594,0.22,10,buy
7/15,3481,兆豐-新營,003700300030004b,388,747,-359,0.13,10,sell
7/15,3481,富邦-南員林,0039003600310052,713,130,583,0.22,11,buy
7/15,3481,永豐金-松山,0039004100390031,202,532,-330,0.12,11,sell
7/15,3481,富邦-公益,0039003600310046,799,237,562,0.21,12,buy
7/15,3481,臺銀-新竹,1045,191,520,-329,0.12,12,sell
7/15,3481,永豐金-竹北,0039004100390050,617,70,547,0.21,13,buy
7/15,3481,福邦-新竹,6489,6,272,-266,0.1,13,sell
7/15,3481,國泰-館前,0038003800380041,1290,785,505,0.19,14,buy
7/15,3481,群益金鼎-古亭,0039003100380043,186,434,-248,0.09,14,sell
7/15,3481,台新,0039004200300030,1813,1310,503,0.19,15,buy
7/15,3481,永豐金-信義,0039004100390052,34,276,-242,0.09,15,sell
7/15,0056,凱基-台北,9268,8966,672,8294,26.16,1,buy
7/15,0056,台灣摩根士丹利,1470,17,2106,-2089,6.59,1,sell
7/15,0056,新加坡商瑞銀,1650,1900,86,1814,5.72,2,buy
7/15,0056,國泰-敦南,8888,901,1612,-711,2.24,2,sell
7/15,0056,國泰證券,8880,660,3,657,2.07,3,buy
7/15,0056,元大證券,9800,2038,2732,-694,2.19,3,sell
7/15,0056,富邦證券,9600,548,34,514,1.62,4,buy
7/15,0056,群益金鼎-大甲,0039003100380067,4,540,-536,1.69,4,sell
7/15,0056,元大-金華,9878,351,19,332,1.05,5,buy
7/15,0056,台新-高雄,0039004200310067,58,510,-452,1.43,5,sell
7/15,0056,富邦-青埔,003900360031004e,308,25,283,0.89,6,buy
7/15,0056,永豐金證券,0039004100300030,571,975,-404,1.27,6,sell
7/15,0056,第一金-華江,0035003300380057,249,33,216,0.68,7,buy
7/15,0056,新光,8560,84,376,-292,0.92,7,sell
7/15,0056,華南永昌,9300,200,23,177,0.56,8,buy
7/15,0056,元大-清水,0039003800300065,16,241,-225,0.71,8,sell
7/15,0056,富邦-高雄,9659,190,21,169,0.53,9,buy
7/15,0056,元大-大里,0039003800310067,40,264,-224,0.71,9,sell
7/15,0056,凱基,9200,127,0,127,0.4,10,buy
7/15,0056,凱基-林口,9257,14,237,-223,0.7,10,sell
7/15,0056,中農,8520,117,3,114,0.36,11,buy
7/15,0056,國泰-館前,0038003800380041,103,319,-216,0.68,11,sell
7/15,0056,元大-基隆孝二,003900380036004b,101,3,98,0.31,12,buy
7/15,0056,中國信託-文心,6164,58,273,-215,0.68,12,sell
7/15,0056,元大-歸仁,0039003800310061,104,11,93,0.29,13,buy
7/15,0056,富邦-木柵,003900360031004d,27,212,-185,0.58,13,sell
7/15,0056,玉山證券,8840,130,43,87,0.27,14,buy
7/15,0056,臺銀,1040,52,214,-162,0.51,14,sell
7/15,0056,元大-桃興,9894,104,21,83,0.26,15,buy
7/15,0056,元大-蘆洲中正,0039003800390049,16,176,-160,0.5,15,sell
7/15,6116,台新-新興,003900420032006f,1459,33,1426,3.96,1,buy
7/15,6116,凱基-台北,9268,2515,5602,-3087,8.56,1,sell
7/15,6116,永豐金-亞灣,0039004100390061,1156,23,1133,3.14,2,buy
7/15,6116,台灣摩根士丹利,1470,401,1663,-1262,3.5,2,sell
7/15,6116,富邦-七賢,003900360031004b,1134,16,1118,3.1,3,buy
7/15,6116,新加坡商瑞銀,1650,588,1717,-1129,3.13,3,sell
7/15,6116,華南永昌-台中,9302,746,43,703,1.95,4,buy
7/15,6116,摩根大通,8440,263,1367,-1104,3.06,4,sell
7/15,6116,中國信託,6160,598,90,508,1.41,5,buy
7/15,6116,光和-溪湖,6381,4,462,-458,1.27,5,sell
7/15,6116,永豐金-新莊,0039004100390048,455,6,449,1.25,6,buy
7/15,6116,美商高盛,1480,376,750,-374,1.04,6,sell
7/15,6116,元大-館前,003900380034004b,432,8,424,1.18,7,buy
7/15,6116,群益金鼎-館前,0039003100330059,69,361,-292,0.81,7,sell
7/15,6116,新光,8560,783,405,378,1.05,8,buy
7/15,6116,土銀-彰化,0031003000330042,11,250,-239,0.66,8,sell
7/15,6116,統一-高雄,5851,381,6,375,1.04,9,buy
7/15,6116,美林,1440,200,411,-211,0.59,9,sell
7/15,6116,玉山-板橋,8846,237,16,221,0.61,10,buy
7/15,6116,富邦-竹東,9625,39,187,-148,0.41,10,sell
7/15,6116,富邦-新竹,9647,247,33,214,0.59,11,buy
7/15,6116,元大證券,9800,1870,2010,-140,0.39,11,sell
7/15,6116,花旗環球,1590,203,0,203,0.56,12,buy
7/15,6116,富邦-三重,9677,20,154,-134,0.37,12,sell
7/15,6116,台新-緯城,0039004200320041,209,8,201,0.56,13,buy
7/15,6116,台新-九如,0039004200320031,3,120,-117,0.32,13,sell
7/15,6116,華南永昌-鳳山,9331,172,23,149,0.41,14,buy
7/15,6116,元大-花蓮,9856,28,144,-116,0.32,14,sell
7/15,6116,統一-嘉義,5858,160,13,147,0.41,15,buy
7/15,6116,群益金鼎-潭子,0039003100330044,8,105,-97,0.27,15,sell
7/15,2344,元大證券,9800,23508,9982,13526,14.22,1,buy
7/15,2344,國泰-敦南,8888,606,2295,-1689,1.78,1,sell
7/15,2344,富邦證券,9600,13157,5342,7815,8.21,2,buy
7/15,2344,國泰證券,8880,76,1612,-1536,1.61,2,sell
7/15,2344,康和,8450,3904,55,3849,4.05,3,buy
7/15,2344,統一-新竹,5857,12,535,-523,0.55,3,sell
7/15,2344,美林,1440,4055,1039,3016,3.17,4,buy
7/15,2344,新光,8560,157,655,-498,0.52,4,sell
7/15,2344,美商高盛,1480,3789,942,2847,2.99,5,buy
7/15,2344,花旗環球,1590,46,478,-432,0.45,5,sell
7/15,2344,台灣摩根士丹利,1470,3568,883,2685,2.82,6,buy
7/15,2344,凱基-宜蘭,003900320030004d,27,442,-415,0.44,6,sell
7/15,2344,新加坡商瑞銀,1650,3114,571,2543,2.67,7,buy
7/15,2344,群益金鼎-新竹,9186,4,417,-413,0.43,7,sell
7/15,2344,凱基-台北,9268,5982,4059,1923,2.02,8,buy
7/15,2344,永豐金證券,0039004100300030,87,454,-367,0.39,8,sell
7/15,2344,港商野村,1560,1545,5,1540,1.62,9,buy
7/15,2344,大昌-安康,6462,1,334,-333,0.35,9,sell
7/15,2344,摩根大通,8440,4185,2732,1453,1.53,10,buy
7/15,2344,台新,0039004200300030,178,500,-322,0.34,10,sell
7/15,2344,永豐金-匯立,0039004100380031,495,0,495,0.52,11,buy
7/15,2344,統一-宜蘭,0035003800350053,1,316,-315,0.33,11,sell
7/15,2344,港商麥格理,1360,467,21,446,0.47,12,buy
7/15,2344,富邦-陽明,9604,30,335,-305,0.32,12,sell
7/15,2344,富邦-嘉義,9692,720,283,437,0.46,13,buy
7/15,2344,富邦-台南,9667,160,460,-300,0.32,13,sell
7/15,2344,群益金鼎-館前,0039003100330059,424,69,355,0.37,14,buy
7/15,2344,國泰-板橋,003800380038004b,73,367,-294,0.31,14,sell
7/15,2344,國票-敦北法人,0037003700390063,359,36,323,0.34,15,buy
7/15,2344,群益金鼎-大安,0039003100380065,12,276,-264,0.28,15,sell
7/15,9904,美商高盛,1480,4203,476,3727,22.55,1,buy
7/15,9904,永豐金-匯立,0039004100380031,0,3737,-3737,22.61,1,sell
7/15,9904,台灣摩根士丹利,1470,1954,34,1920,11.62,2,buy
7/15,9904,統一,5850,6,1905,-1899,11.49,2,sell
7/15,9904,新加坡商瑞銀,1650,1638,324,1314,7.95,3,buy
7/15,9904,花旗環球,1590,343,1734,-1391,8.42,3,sell
7/15,9904,富邦-三重,9677,502,0,502,3.04,4,buy
7/15,9904,國泰證券,8880,2,324,-322,1.95,4,sell
7/15,9904,元大證券,9800,727,276,451,2.73,5,buy
7/15,9904,永豐金-竹北,0039004100390050,0,300,-300,1.82,5,sell
7/15,9904,元大-彰化,0039003800310047,201,1,200,1.21,6,buy
7/15,9904,永豐金證券,0039004100300030,130,375,-245,1.48,6,sell
7/15,9904,新光,8560,228,54,174,1.05,7,buy
7/15,9904,永豐金-南京,0039004100390053,1,240,-239,1.45,7,sell
7/15,9904,美林,1440,246,84,162,0.98,8,buy
7/15,9904,台新-大昌,0039004200320044,0,205,-205,1.24,8,sell
7/15,9904,華南永昌-大安,9307,144,0,144,0.87,9,buy
7/15,9904,元大-北投,0039003800390041,507,705,-198,1.2,9,sell
7/15,9904,凱基-市府,0039003200300044,104,4,100,0.61,10,buy
7/15,9904,富邦-南員林,0039003600310052,15,200,-185,1.12,10,sell
7/15,9904,元大-文心興安,9854,100,0,100,0.61,11,buy
7/15,9904,合庫-高雄,1023,0,120,-120,0.73,11,sell
7/15,9904,元大-彰化民生,003900380039004a,86,1,85,0.51,12,buy
7/15,9904,凱基,9200,0,113,-113,0.68,12,sell
7/15,9904,元大-華山,0039003800310055,85,0,85,0.51,13,buy
7/15,9904,元大-竹南,0039003800330056,0,103,-103,0.62,13,sell
7/15,9904,摩根大通,8440,1295,1212,83,0.5,14,buy
7/15,9904,元大-善化,0039003800310079,0,93,-93,0.56,14,sell
7/15,9904,台新,0039004200300030,82,10,72,0.44,15,buy
7/15,9904,港商野村,1560,26,95,-69,0.42,15,sell
7/15,1101,美林,1440,3471,235,3236,10.74,1,buy
7/15,1101,花旗環球,1590,711,1434,-723,2.4,1,sell
7/15,1101,新加坡商瑞銀,1650,2695,315,2380,7.9,2,buy
7/15,1101,富邦-南京,0039003600310043,7,630,-623,2.07,2,sell
7/15,1101,美商高盛,1480,3507,1479,2028,6.73,3,buy
7/15,1101,第一金-自由,0035003300380045,3,602,-599,1.99,3,sell
7/15,1101,港商野村,1560,1729,181,1548,5.14,4,buy
7/15,1101,元大-台中中港,0039003800390042,0,423,-423,1.4,4,sell
7/15,1101,凱基-台北,9268,4035,3096,939,3.12,5,buy
7/15,1101,台新-虎尾,003900420032004e,0,400,-400,1.33,5,sell
7/15,1101,元大證券,9800,1466,633,833,2.76,6,buy
7/15,1101,台新-信義,0039004200320048,0,353,-353,1.17,6,sell
7/15,1101,摩根大通,8440,1617,1059,558,1.85,7,buy
7/15,1101,群益金鼎-延平,0039003100380078,0,320,-320,1.06,7,sell
7/15,1101,國票-桃園,0037003700390072,510,13,497,1.65,8,buy
7/15,1101,國泰-敦南,8888,82,385,-303,1.01,8,sell
7/15,1101,兆豐-板橋,0037003000300042,410,0,410,1.36,9,buy
7/15,1101,元大-樹林,003900380039006a,63,358,-295,0.98,9,sell
7/15,1101,法銀巴黎,8900,319,33,286,0.95,10,buy
7/15,1101,元大-彰化民生,003900380039004a,40,312,-272,0.9,10,sell
7/15,1101,台新-左楠,0039004200310064,236,16,220,0.73,11,buy
7/15,1101,第一金,5380,5,257,-252,0.84,11,sell
7/15,1101,富邦-建國,9658,204,23,181,0.6,12,buy
7/15,1101,國泰-忠孝,8887,0,227,-227,0.75,12,sell
7/15,1101,台灣企銀-嘉義,1114,175,0,175,0.58,13,buy
7/15,1101,合庫-新竹,0031003000320041,4,225,-221,0.73,13,sell
7/15,1101,富邦證券,9600,178,7,171,0.57,14,buy
7/15,1101,台新-城東,0039004200320072,0,217,-217,0.72,14,sell
7/15,1101,台灣摩根士丹利,1470,2655,2503,152,0.5,15,buy
7/15,1101,臺銀-民權,1043,1,213,-212,0.7,15,sell
7/15,3231,台灣摩根士丹利,1470,4493,1569,2924,11.22,1,buy
7/15,3231,土銀,1030,5,2595,-2590,9.93,1,sell
7/15,3231,美林,1440,933,210,723,2.77,2,buy
7/15,3231,台新,0039004200300030,104,1979,-1875,7.19,2,sell
7/15,3231,港商野村,1560,696,9,687,2.64,3,buy
7/15,3231,摩根大通,8440,1760,3563,-1803,6.92,3,sell
7/15,3231,元大證券,9800,1949,1444,505,1.94,4,buy
7/15,3231,新加坡商瑞銀,1650,411,863,-452,1.73,4,sell
7/15,3231,中國信託-忠孝,6162,508,11,497,1.91,5,buy
7/15,3231,花旗環球,1590,349,782,-433,1.66,5,sell
7/15,3231,港商麥格理,1360,410,0,410,1.57,6,buy
7/15,3231,凱基-台北,9268,1905,2330,-425,1.63,6,sell
7/15,3231,統一,5850,338,11,327,1.25,7,buy
7/15,3231,群益金鼎,9100,108,481,-373,1.43,7,sell
7/15,3231,中國信託,6160,353,36,317,1.22,8,buy
7/15,3231,康和-板橋,0038003400350044,11,320,-309,1.19,8,sell
7/15,3231,元大-新店中正,0039003800340043,214,13,201,0.77,9,buy
7/15,3231,國泰證券,8880,3,264,-261,1.0,9,sell
7/15,3231,華南永昌,9300,207,16,191,0.73,10,buy
7/15,3231,兆豐-員林,003700300030006b,3,216,-213,0.82,10,sell
7/15,3231,凱基,9200,185,4,181,0.69,11,buy
7/15,3231,大和國泰,8890,0,206,-206,0.79,11,sell
7/15,3231,合庫證券,1020,164,25,139,0.53,12,buy
7/15,3231,美商高盛,1480,505,706,-201,0.77,12,sell
7/15,3231,元大-桃園,0039003800380042,131,13,118,0.45,13,buy
7/15,3231,國泰-館前,0038003800380041,55,149,-94,0.36,13,sell
7/15,3231,玉山-高雄,8843,137,21,116,0.44,14,buy
7/15,3231,玉山證券,8840,58,142,-84,0.32,14,sell
7/15,3231,兆豐證券,7000,114,1,113,0.43,15,buy
7/15,3231,國泰-台南,8884,15,70,-55,0.21,15,sell
7/15,1102,亞東,2180,2262,42,2220,8.74,1,buy
7/15,1102,美商高盛,1480,721,5070,-4349,17.11,1,sell
7/15,1102,台中銀,6110,1511,0,1511,5.95,2,buy
7/15,1102,台灣摩根士丹利,1470,900,5073,-4173,16.42,2,sell
7/15,1102,中國信託,6160,1405,52,1353,5.32,3,buy
7/15,1102,摩根大通,8440,145,2527,-2382,9.37,3,sell
7/15,1102,群益金鼎,9100,1367,37,1330,5.23,4,buy
7/15,1102,富邦-仁愛,9676,19,1580,-1561,6.14,4,sell
7/15,1102,國泰證券,8880,1203,10,1193,4.69,5,buy
7/15,1102,新加坡商瑞銀,1650,294,1361,-1067,4.2,5,sell
7/15,1102,富邦證券,9600,1178,0,1178,4.64,6,buy
7/15,1102,港商野村,1560,0,922,-922,3.63,6,sell
7/15,1102,永豐金-萬盛,0039004100390032,868,18,850,3.35,7,buy
7/15,1102,富邦-公益,0039003600310046,5,881,-876,3.45,7,sell
7/15,1102,永豐金證券,0039004100300030,1256,512,744,2.93,8,buy
7/15,1102,凱基-台北,9268,1476,2045,-569,2.24,8,sell
7/15,1102,台新-台北,0039004200320030,580,1,579,2.28,9,buy
7/15,1102,統一,5850,6,318,-312,1.23,9,sell
7/15,1102,永豐金-中和,0039004100390042,549,5,544,2.14,10,buy
7/15,1102,凱基-市府,0039003200300044,13,317,-304,1.2,10,sell
7/15,1102,元大-成功,003900380039004c,405,0,405,1.59,11,buy
7/15,1102,第一金-新興,0035003300380041,1,300,-299,1.18,11,sell
7/15,1102,凱基,9200,382,2,380,1.5,12,buy
7/15,1102,凱基-民權,0039003200310043,1,181,-180,0.71,12,sell
7/15,1102,康和,8450,400,100,300,1.18,13,buy
7/15,1102,元大-台中,9812,0,103,-103,0.41,13,sell
7/15,1102,元大證券,9800,395,205,190,0.75,14,buy
7/15,1102,元大-台北,0039003800300068,9,112,-103,0.41,14,sell
7/15,1102,宏遠-館前,0031003200360055,152,2,150,0.59,15,buy
7/15,1102,元大-大天母,9893,9,106,-97,0.38,15,sell
7/15,2324,富邦證券,9600,2912,6,2906,8.76,1,buy
7/15,2324,永豐金-匯立,0039004100380031,196,3747,-3551,10.71,1,sell
7/15,2324,台灣摩根士丹利,1470,3146,922,2224,6.7,2,buy
7/15,2324,凱基-台北,9268,1682,3090,-1408,4.24,2,sell
7/15,2324,元大證券,9800,4050,2107,1943,5.86,3,buy
7/15,2324,宏遠證券,1260,1,1202,-1201,3.62,3,sell
7/15,2324,新加坡商瑞銀,1650,1390,512,878,2.65,4,buy
7/15,2324,港商麥格理,1360,112,444,-332,1.0,4,sell
7/15,2324,摩根大通,8440,2620,1875,745,2.25,5,buy
7/15,2324,國泰-敦南,8888,460,746,-286,0.86,5,sell
7/15,2324,香港上海匯豐,8960,613,56,557,1.68,6,buy
7/15,2324,(牛牛牛)亞-鑫豐,0036003000310064,16,246,-230,0.69,6,sell
7/15,2324,港商野村,1560,545,0,545,1.64,7,buy
7/15,2324,元大-善化,0039003800310079,40,189,-149,0.45,7,sell
7/15,2324,富邦-台北,9623,468,30,438,1.32,8,buy
7/15,2324,統一,5850,115,263,-148,0.45,8,sell
7/15,2324,永豐金證券,0039004100300030,725,370,355,1.07,9,buy
7/15,2324,富邦-板橋,9655,31,141,-110,0.33,9,sell
7/15,2324,美商高盛,1480,1952,1626,326,0.98,10,buy
7/15,2324,富邦-羅東,9634,72,165,-93,0.28,10,sell
7/15,2324,花旗環球,1590,365,112,253,0.76,11,buy
7/15,2324,台新-世貿,0039004200320075,7,99,-92,0.28,11,sell
7/15,2324,國票證券,7790,227,8,219,0.66,12,buy
7/15,2324,合庫-西台中,0031003000320046,12,102,-90,0.27,12,sell
7/15,2324,國票-長城,0037003700390075,201,1,200,0.6,13,buy
7/15,2324,新光,8560,212,298,-86,0.26,13,sell
7/15,2324,致和-金華,7034,173,14,159,0.48,14,buy
7/15,2324,兆豐-台中港,7005,3,87,-84,0.25,14,sell
7/15,2324,玉山-城中,0038003800340045,121,4,117,0.35,15,buy
7/15,2324,元大-中壢,9834,23,100,-77,0.23,15,sell
7/15,6770,港商野村,1560,15946,1,15945,8.07,1,buy
7/15,6770,國泰-敦南,8888,600,3936,-3336,1.69,1,sell
7/15,6770,凱基-信義,9216,25990,16098,9892,5.01,2,buy
7/15,6770,新光,8560,337,1477,-1140,0.58,2,sell
7/15,6770,富邦證券,9600,17463,7584,9879,5.0,3,buy
7/15,6770,富邦-永和,9654,214,1290,-1076,0.54,3,sell
7/15,6770,凱基-台北,9268,12466,2687,9779,4.95,4,buy
7/15,6770,華南永昌-忠孝,9325,10,866,-856,0.43,4,sell
7/15,6770,元大證券,9800,22076,13759,8317,4.21,5,buy
7/15,6770,永豐金-市政,0039004100390057,50,806,-756,0.38,5,sell
7/15,6770,美商高盛,1480,9328,1181,8147,4.12,6,buy
7/15,6770,富邦-公益,0039003600310046,17,740,-723,0.37,6,sell
7/15,6770,摩根大通,8440,7632,1231,6401,3.24,7,buy
7/15,6770,花旗環球,1590,9,693,-684,0.35,7,sell
7/15,6770,統一,5850,5606,388,5218,2.64,8,buy
7/15,6770,國泰-板橋,003800380038004b,60,693,-633,0.32,8,sell
7/15,6770,元大-土城永寧,9875,7398,2898,4500,2.28,9,buy
7/15,6770,國泰-台中,8882,90,718,-628,0.32,9,sell
7/15,6770,台灣摩根士丹利,1470,5853,1695,4158,2.1,10,buy
7/15,6770,元大-大同,0039003800390047,13,591,-578,0.29,10,sell
7/15,6770,美林,1440,4467,627,3840,1.94,11,buy
7/15,6770,國泰-桃園,8885,72,635,-563,0.28,11,sell
7/15,6770,凱基-城中,9227,18247,15125,3122,1.58,12,buy
7/15,6770,玉山證券,8840,21,562,-541,0.27,12,sell
7/15,6770,元大-忠孝鼎富,0039003800320046,2504,11,2493,1.26,13,buy
7/15,6770,第一金-光復,0035003300380043,20,557,-537,0.27,13,sell
7/15,6770,富邦-嘉義,9692,3108,1118,1990,1.01,14,buy
7/15,6770,合庫-桃園,0031003000320045,2,532,-530,0.27,14,sell
7/15,6770,富邦-台北,9623,1478,699,779,0.39,15,buy
7/15,6770,兆豐-台中,7003,5,527,-522,0.26,15,sell
7/15,1605,凱基-台北,9268,2985,1440,1545,6.74,1,buy
7/15,1605,富邦-台北,9623,39,462,-423,1.85,1,sell
7/15,1605,美商高盛,1480,2084,680,1404,6.13,2,buy
7/15,1605,(牛牛牛)亞-鑫豐,0036003000310064,113,380,-267,1.17,2,sell
7/15,1605,新加坡商瑞銀,1650,1335,207,1128,4.92,3,buy
7/15,1605,台新,0039004200300030,78,287,-209,0.91,3,sell
7/15,1605,美林,1440,1063,310,753,3.29,4,buy
7/15,1605,合庫-三重,0031003000320047,1,201,-200,0.87,4,sell
7/15,1605,統一,5850,840,141,699,3.05,5,buy
7/15,1605,國泰-敦南,8888,246,431,-185,0.81,5,sell
7/15,1605,摩根大通,8440,1234,554,680,2.97,6,buy
7/15,1605,華南永昌-內壢,9337,1,153,-152,0.66,6,sell
7/15,1605,台灣摩根士丹利,1470,1760,1110,650,2.84,7,buy
7/15,1605,群益金鼎-海山,9108,23,174,-151,0.66,7,sell
7/15,1605,國票-中和,0037003700390058,500,31,469,2.05,8,buy
7/15,1605,元大-仁愛,003900380033006a,14,146,-132,0.58,8,sell
7/15,1605,永豐金-內湖,0039004100390067,443,26,417,1.82,9,buy
7/15,1605,台新-佳里,0039004200320077,7,125,-118,0.51,9,sell
7/15,1605,元大證券,9800,1580,1319,261,1.14,10,buy
7/15,1605,凱基,9200,1,116,-115,0.5,10,sell
7/15,1605,花旗環球,1590,269,43,226,0.99,11,buy
7/15,1605,國票-南科,0037003700390065,30,143,-113,0.49,11,sell
7/15,1605,永豐金證券,0039004100300030,316,162,154,0.67,12,buy
7/15,1605,第一金-台南,5384,7,112,-105,0.46,12,sell
7/15,1605,國票證券,7790,122,18,104,0.45,13,buy
7/15,1605,第一金-桃園,5385,22,125,-103,0.45,13,sell
7/15,1605,元大-內湖,003900380039004e,68,4,64,0.28,14,buy
7/15,1605,富邦-花蓮,9621,1,104,-103,0.45,14,sell
7/15,1605,富邦證券,9600,61,3,58,0.25,15,buy
7/15,1605,統一-彰化,0035003800350046,22,124,-102,0.45,15,sell
7/15,2002,台灣摩根士丹利,1470,3928,855,3073,9.39,1,buy
7/15,2002,美商高盛,1480,3065,4623,-1558,4.76,1,sell
7/15,2002,凱基-台北,9268,4040,1646,2394,7.31,2,buy
7/15,2002,元大-忠孝,9871,3,1025,-1022,3.12,2,sell
7/15,2002,美林,1440,2497,422,2075,6.34,3,buy
7/15,2002,富邦證券,9600,12,597,-585,1.79,3,sell
7/15,2002,花旗環球,1590,1803,130,1673,5.11,4,buy
7/15,2002,摩根大通,8440,1032,1609,-577,1.76,4,sell
7/15,2002,元大證券,9800,2489,853,1636,5.0,5,buy
7/15,2002,元大-萬華,0039003800310071,3,501,-498,1.52,5,sell
7/15,2002,國票-長城,0037003700390075,1000,0,1000,3.05,6,buy
7/15,2002,聯邦-台南,8588,10,508,-498,1.52,6,sell
7/15,2002,凱基-林口,9257,802,0,802,2.45,7,buy
7/15,2002,元大-台中,9812,0,489,-489,1.49,7,sell
7/15,2002,法銀巴黎,8900,708,79,629,1.92,8,buy
7/15,2002,凱基-東港,9212,0,427,-427,1.3,8,sell
7/15,2002,富邦-板橋,9655,542,96,446,1.36,9,buy
7/15,2002,兆豐-台中港,7005,11,323,-312,0.95,9,sell
7/15,2002,元大-林園,003900380031004b,410,17,393,1.2,10,buy
7/15,2002,富邦-港都,0039003600320051,0,311,-311,0.95,10,sell
7/15,2002,永豐金證券,0039004100300030,342,128,214,0.65,11,buy
7/15,2002,(牛牛牛)亞-鑫豐,0036003000310064,40,338,-298,0.91,11,sell
7/15,2002,兆豐-鹿港,0037003000300066,203,5,198,0.6,12,buy
7/15,2002,元大-土城學府,9822,2,285,-283,0.86,12,sell
7/15,2002,兆豐證券,7000,170,0,170,0.52,13,buy
7/15,2002,國泰-高雄,8881,60,342,-282,0.86,13,sell
7/15,2002,凱基-東勢,0039003200310059,166,2,164,0.5,14,buy
7/15,2002,玉山-高雄,8843,19,239,-220,0.67,14,sell
7/15,2002,第一金-忠孝,0035003300380044,156,10,146,0.45,15,buy
7/15,2002,華南永昌-小港,9323,10,223,-213,0.65,15,sell
7/15,2353,台灣摩根士丹利,1470,6461,1075,5386,11.72,1,buy
7/15,2353,統一,5850,561,19140,-18579,40.44,1,sell
7/15,2353,美商高盛,1480,5647,1871,3776,8.22,2,buy
7/15,2353,合庫證券,1020,33,2014,-1981,4.31,2,sell
7/15,2353,台新-新興,003900420032006f,1453,0,1453,3.16,3,buy
7/15,2353,美好-蘆洲,5261,115,1314,-1199,2.61,3,sell
7/15,2353,凱基-台北,9268,4272,2829,1443,3.14,4,buy
7/15,2353,統一-中壢,5853,4,661,-657,1.43,4,sell
7/15,2353,永豐金-亞灣,0039004100390061,1189,59,1130,2.46,5,buy
7/15,2353,台新-嘉義,0039004200320049,15,468,-453,0.99,5,sell
7/15,2353,康和,8450,956,1,955,2.08,6,buy
7/15,2353,元大-北府,0039003800300044,16,354,-338,0.74,6,sell
7/15,2353,美林,1440,1503,692,811,1.77,7,buy
7/15,2353,第一金-路竹,0035003300380050,25,302,-277,0.6,7,sell
7/15,2353,港商野村,1560,883,161,722,1.57,8,buy
7/15,2353,台新,0039004200300030,66,297,-231,0.5,8,sell
7/15,2353,富邦-台北,9623,704,10,694,1.51,9,buy
7/15,2353,元大-永和,9891,27,252,-225,0.49,9,sell
7/15,2353,富邦-七賢,003900360031004b,696,14,682,1.48,10,buy
7/15,2353,統一-新台中,0035003800350044,1,102,-101,0.22,10,sell
7/15,2353,新加坡商瑞銀,1650,1351,911,440,0.96,11,buy
7/15,2353,永豐金-松山,0039004100390031,7,107,-100,0.22,11,sell
7/15,2353,凱基-東港,9212,404,3,401,0.87,12,buy
7/15,2353,永豐金-中正,0039004100390055,31,126,-95,0.21,12,sell
7/15,2353,國泰-館前,0038003800380041,299,48,251,0.55,13,buy
7/15,2353,元大-新竹經國,9859,5,89,-84,0.18,13,sell
7/15,2353,國票證券,7790,242,11,231,0.5,14,buy
7/15,2353,台新-宜蘭,0039004200320055,12,90,-78,0.17,14,sell
7/15,2353,聯邦-台南,8588,330,100,230,0.5,15,buy
7/15,2353,(牛牛牛)亞-網路,6012,18,95,-77,0.17,15,sell
7/15,2105,凱基-台北,9268,790,133,657,8.39,1,buy
7/15,2105,統一,5850,15,2038,-2023,25.83,1,sell
7/15,2105,台灣摩根士丹利,1470,846,202,644,8.22,2,buy
7/15,2105,富邦證券,9600,7,800,-793,10.13,2,sell
7/15,2105,美林,1440,666,42,624,7.97,3,buy
7/15,2105,永豐金證券,0039004100300030,71,605,-534,6.82,3,sell
7/15,2105,花旗環球,1590,553,0,553,7.06,4,buy
7/15,2105,群益金鼎,9100,5,104,-99,1.26,4,sell
7/15,2105,摩根大通,8440,570,261,309,3.95,5,buy
7/15,2105,元大-南投,0039003800310044,8,107,-99,1.26,5,sell
7/15,2105,港商野村,1560,282,0,282,3.6,6,buy
7/15,2105,國泰證券,8880,1,91,-90,1.15,6,sell
7/15,2105,元大證券,9800,466,315,151,1.93,7,buy
7/15,2105,玉山-士林,0038003800340041,21,110,-89,1.14,7,sell
7/15,2105,美商高盛,1480,579,449,130,1.66,8,buy
7/15,2105,凱基-東勢,0039003200310059,0,69,-69,0.88,8,sell
7/15,2105,凱基,9200,120,2,118,1.51,9,buy
7/15,2105,永豐金-南投,003900410039004d,0,60,-60,0.77,9,sell
7/15,2105,台新-烏日,0039004200320063,100,0,100,1.28,10,buy
7/15,2105,石橋證券,7080,0,51,-51,0.65,10,sell
7/15,2105,元大-台中,9812,100,1,99,1.26,11,buy
7/15,2105,新光-台中,8561,12,61,-49,0.63,11,sell
7/15,2105,新加坡商瑞銀,1650,274,176,98,1.25,12,buy
7/15,2105,元大-大天母,9893,2,40,-38,0.49,12,sell
7/15,2105,群益金鼎-大甲,0039003100380067,102,6,96,1.23,13,buy
7/15,2105,土銀-士林,1039,0,29,-29,0.37,13,sell
7/15,2105,富邦-和美,0039003600310050,87,3,84,1.07,14,buy
7/15,2105,臺銀-臺南,1042,9,37,-28,0.36,14,sell
7/15,2105,元大-崇德,0039003800310053,70,1,69,0.88,15,buy
7/15,2105,元大-員林中山,9835,12,39,-27,0.34,15,sell
7/15,4904,摩根大通,8440,2330,359,1971,24.13,1,buy
7/15,4904,凱基,9200,50,1652,-1602,19.62,1,sell
7/15,4904,美林,1440,1866,356,1510,18.49,2,buy
7/15,4904,美商高盛,1480,225,1222,-997,12.21,2,sell
7/15,4904,花旗環球,1590,544,155,389,4.76,3,buy
7/15,4904,凱基-台北,9268,192,1009,-817,10.0,3,sell
7/15,4904,永豐金證券,0039004100300030,292,24,268,3.28,4,buy
7/15,4904,新加坡商瑞銀,1650,170,752,-582,7.13,4,sell
7/15,4904,亞東,2180,220,0,220,2.69,5,buy
7/15,4904,台灣摩根士丹利,1470,528,914,-386,4.73,5,sell
7/15,4904,元大證券,9800,628,525,103,1.26,6,buy
7/15,4904,香港上海匯豐,8960,0,303,-303,3.71,6,sell
7/15,4904,法銀巴黎,8900,135,35,100,1.22,7,buy
7/15,4904,國泰證券,8880,1,179,-178,2.18,7,sell
7/15,4904,富邦-建國,9658,91,0,91,1.11,8,buy
7/15,4904,(牛牛牛)亞-鑫豐,0036003000310064,2,40,-38,0.47,8,sell
7/15,4904,亞東-台南,2185,81,1,80,0.98,9,buy
7/15,4904,臺銀-高雄,0031003000340043,2,34,-32,0.39,9,sell
7/15,4904,富邦證券,9600,79,0,79,0.97,10,buy
7/15,4904,合庫證券,1020,0,32,-32,0.39,10,sell
7/15,4904,中國信託,6160,48,2,46,0.56,11,buy
7/15,4904,永豐金-中壢,0039004100390039,17,34,-17,0.21,11,sell
7/15,4904,華南永昌-鳳山,9331,40,0,40,0.49,12,buy
7/15,4904,富邦-中壢,9636,0,16,-16,0.2,12,sell
7/15,4904,玉山證券,8840,28,0,28,0.34,13,buy
7/15,4904,新光-高雄,8562,1,17,-16,0.2,13,sell
7/15,4904,第一金,5380,28,1,27,0.33,14,buy
7/15,4904,凱基-新店,0039003200300056,0,11,-11,0.13,14,sell
7/15,4904,台新-台北,0039004200320030,25,0,25,0.31,15,buy
7/15,4904,元大-苗栗,003900380031004d,0,11,-11,0.13,15,sell
7/15,2880,港商麥格理,1360,3626,0,3626,18.12,1,buy
7/15,2880,美商高盛,1480,546,4354,-3808,19.03,1,sell
7/15,2880,國泰證券,8880,2696,44,2652,13.25,2,buy
7/15,2880,台中銀-台北,6115,0,2923,-2923,14.61,2,sell
7/15,2880,元大證券,9800,2126,699,1427,7.13,3,buy
7/15,2880,合庫證券,1020,4,1003,-999,4.99,3,sell
7/15,2880,凱基,9200,1202,0,1202,6.01,4,buy
7/15,2880,摩根大通,8440,909,1851,-942,4.71,4,sell
7/15,2880,花旗環球,1590,870,126,744,3.72,5,buy
7/15,2880,新加坡商瑞銀,1650,822,1550,-728,3.64,5,sell
7/15,2880,永豐金證券,0039004100300030,395,13,382,1.91,6,buy
7/15,2880,兆豐-北高雄,0037003000300049,0,400,-400,2.0,6,sell
7/15,2880,凱基-台北,9268,1462,1146,316,1.58,7,buy
7/15,2880,土銀-建國,0031003000330041,0,320,-320,1.6,7,sell
7/15,2880,台灣摩根士丹利,1470,1903,1748,155,0.77,8,buy
7/15,2880,宏遠證券,1260,0,190,-190,0.95,8,sell
7/15,2880,香港上海匯豐,8960,124,0,124,0.62,9,buy
7/15,2880,美林,1440,494,673,-179,0.89,9,sell
7/15,2880,華南永昌,9300,159,73,86,0.43,10,buy
7/15,2880,群益金鼎,9100,9,159,-150,0.75,10,sell
7/15,2880,法銀巴黎,8900,71,3,68,0.34,11,buy
7/15,2880,宏遠-台南,0031003200360044,0,101,-101,0.5,11,sell
7/15,2880,第一金,5380,55,2,53,0.26,12,buy
7/15,2880,富邦證券,9600,515,614,-99,0.49,12,sell
7/15,2880,台新-台北,0039004200320030,52,0,52,0.26,13,buy
7/15,2880,永豐金-三重,003900410039004b,2,98,-96,0.48,13,sell
7/15,2880,玉山證券,8840,55,7,48,0.24,14,buy
7/15,2880,國泰-松江,8883,0,50,-50,0.25,14,sell
7/15,2880,華南永昌-小港,9323,34,1,33,0.16,15,buy
7/15,2880,玉山-高雄,8843,0,45,-45,0.22,15,sell
7/15,1303,富邦證券,9600,9930,1051,8879,5.61,1,buy
7/15,1303,新加坡商瑞銀,1650,2745,11405,-8660,5.47,1,sell
7/15,1303,群益金鼎,9100,7130,771,6359,4.02,2,buy
7/15,1303,美商高盛,1480,4727,9799,-5072,3.2,2,sell
7/15,1303,永豐金-匯立,0039004100380031,2527,58,2469,1.56,3,buy
7/15,1303,凱基-台北,9268,8465,12294,-3829,2.42,3,sell
7/15,1303,國票-敦北法人,0037003700390063,2012,182,1830,1.16,4,buy
7/15,1303,港商野村,1560,116,2891,-2775,1.75,4,sell
7/15,1303,統一,5850,2617,910,1707,1.08,5,buy
7/15,1303,元大證券,9800,15640,18342,-2702,1.71,5,sell
7/15,1303,凱基,9200,1434,116,1318,0.83,6,buy
7/15,1303,台灣摩根士丹利,1470,4041,6636,-2595,1.64,6,sell
7/15,1303,大和國泰,8890,1262,0,1262,0.8,7,buy
7/15,1303,摩根大通,8440,5565,7510,-1945,1.23,7,sell
7/15,1303,國票-安和,003700370039005a,1355,127,1228,0.78,8,buy
7/15,1303,美林,1440,1796,3192,-1396,0.88,8,sell
7/15,1303,花旗環球,1590,1170,71,1099,0.69,9,buy
7/15,1303,台新-建北,0039004200310038,128,591,-463,0.29,9,sell
7/15,1303,台新,0039004200300030,2044,981,1063,0.67,10,buy
7/15,1303,華南永昌,9300,401,843,-442,0.28,10,sell
7/15,1303,香港上海匯豐,8960,934,0,934,0.59,11,buy
7/15,1303,兆豐-鹿港,0037003000300066,38,470,-432,0.27,11,sell
7/15,1303,玉山證券,8840,927,180,747,0.47,12,buy
7/15,1303,兆豐-忠孝,0037003000300061,61,486,-425,0.27,12,sell
7/15,1303,國泰證券,8880,1046,353,693,0.44,13,buy
7/15,1303,華南永昌-忠孝,9325,22,409,-387,0.24,13,sell
7/15,1303,統一-城中,5854,2902,2304,598,0.38,14,buy
7/15,1303,兆豐證券,7000,179,526,-347,0.22,14,sell
7/15,1303,凱基-城中,9227,2828,2363,465,0.29,15,buy
7/15,1303,富邦-台中,003900360035004b,138,473,-335,0.21,15,sell
7/15,2408,台灣摩根士丹利,1470,8191,5075,3116,1.97,1,buy
7/15,2408,摩根大通,8440,2246,4556,-2310,1.46,1,sell
7/15,2408,統一,5850,3514,741,2773,1.75,2,buy
7/15,2408,凱基-台北,9268,9206,10770,-1564,0.99,2,sell
7/15,2408,新加坡商瑞銀,1650,4612,2444,2168,1.37,3,buy
7/15,2408,國泰-敦南,8888,5019,5710,-691,0.44,3,sell
7/15,2408,美林,1440,3315,1272,2043,1.29,4,buy
7/15,2408,富邦-南屯,9666,191,590,-399,0.25,4,sell
7/15,2408,凱基,9200,1914,38,1876,1.18,5,buy
7/15,2408,永豐金證券,0039004100300030,2873,3272,-399,0.25,5,sell
7/15,2408,大和國泰,8890,1176,0,1176,0.74,6,buy
7/15,2408,台新,0039004200300030,945,1279,-334,0.21,6,sell
7/15,2408,國泰證券,8880,1153,171,982,0.62,7,buy
7/15,2408,玉山-城中,0038003800340045,298,572,-274,0.17,7,sell
7/15,2408,元大證券,9800,15768,14948,820,0.52,8,buy
7/15,2408,國泰-台中,8882,927,1200,-273,0.17,8,sell
7/15,2408,富邦證券,9600,1555,998,557,0.35,9,buy
7/15,2408,元大-北投,0039003800390041,264,526,-262,0.17,9,sell
7/15,2408,華南永昌-南京,9326,750,261,489,0.31,10,buy
7/15,2408,元大-林森,0039003800330042,47,281,-234,0.15,10,sell
7/15,2408,國票-敦北法人,0037003700390063,666,183,483,0.3,11,buy
7/15,2408,國泰-館前,0038003800380041,480,701,-221,0.14,11,sell
7/15,2408,中國信託,6160,849,467,382,0.24,12,buy
7/15,2408,元大-大同,0039003800390047,103,296,-193,0.12,12,sell
7/15,2408,兆豐證券,7000,460,84,376,0.24,13,buy
7/15,2408,新光,8560,1312,1500,-188,0.12,13,sell
7/15,2408,法銀巴黎,8900,426,74,352,0.22,14,buy
7/15,2408,元大-南屯,9853,212,399,-187,0.12,14,sell
7/15,2408,兆豐-松德,0037003000300069,397,79,318,0.2,15,buy
7/15,2408,福邦證券,6480,4,163,-159,0.1,15,sell
7/15,2884,美商高盛,1480,5650,1937,3713,11.07,1,buy
7/15,2884,土銀,1030,1,2447,-2446,7.29,1,sell
7/15,2884,花旗環球,1590,3522,930,2592,7.73,2,buy
7/15,2884,摩根大通,8440,3876,5801,-1925,5.74,2,sell
7/15,2884,美林,1440,1584,254,1330,3.96,3,buy
7/15,2884,凱基-台北,9268,1652,3179,-1527,4.55,3,sell
7/15,2884,元大證券,9800,2582,1288,1294,3.86,4,buy
7/15,2884,台灣摩根士丹利,1470,3522,4835,-1313,3.91,4,sell
7/15,2884,新加坡商瑞銀,1650,2060,789,1271,3.79,5,buy
7/15,2884,富邦證券,9600,20,1267,-1247,3.72,5,sell
7/15,2884,台新-建北,0039004200310038,1029,1,1028,3.06,6,buy
7/15,2884,台新,0039004200300030,22,1139,-1117,3.33,6,sell
7/15,2884,玉山證券,8840,1081,155,926,2.76,7,buy
7/15,2884,凱基,9200,10,913,-903,2.69,7,sell
7/15,2884,統一,5850,1725,1226,499,1.49,8,buy
7/15,2884,港商麥格理,1360,98,811,-713,2.13,8,sell
7/15,2884,兆豐證券,7000,392,2,390,1.16,9,buy
7/15,2884,統一-新台中,0035003800350044,0,510,-510,1.52,9,sell
7/15,2884,港商野村,1560,302,40,262,0.78,10,buy
7/15,2884,玉山-台南,8847,15,352,-337,1.0,10,sell
7/15,2884,康和,8450,250,0,250,0.75,11,buy
7/15,2884,玉山-大里,003800380034004a,26,254,-228,0.68,11,sell
7/15,2884,香港上海匯豐,8960,206,0,206,0.61,12,buy
7/15,2884,凱基-文心,9297,0,224,-224,0.67,12,sell
7/15,2884,群益金鼎,9100,418,229,189,0.56,13,buy
7/15,2884,台新-林園,0039004200320037,0,200,-200,0.6,13,sell
7/15,2884,永豐金證券,0039004100300030,240,72,168,0.5,14,buy
7/15,2884,統一-內湖,0035003800350062,1,160,-159,0.47,14,sell
7/15,2884,合庫-桃園,0031003000320045,103,0,103,0.31,15,buy
7/15,2884,永豐金-市政,0039004100390057,12,165,-153,0.46,15,sell
7/15,1402,台灣摩根士丹利,1470,6745,883,5862,16.29,1,buy
7/15,1402,合庫證券,1020,3,9111,-9108,25.31,1,sell
7/15,1402,美林,1440,4310,125,4185,11.63,2,buy
7/15,1402,富邦證券,9600,172,2755,-2583,7.18,2,sell
7/15,1402,港商野村,1560,3574,14,3560,9.89,3,buy
7/15,1402,康和,8450,1500,3322,-1822,5.06,3,sell
7/15,1402,永豐金證券,0039004100300030,2989,110,2879,8.0,4,buy
7/15,1402,凱基-台北,9268,1064,2736,-1672,4.65,4,sell
7/15,1402,美商高盛,1480,3195,749,2446,6.8,5,buy
7/15,1402,花旗環球,1590,587,1978,-1391,3.87,5,sell
7/15,1402,摩根大通,8440,2773,425,2348,6.53,6,buy
7/15,1402,華南永昌-中正,9359,0,949,-949,2.64,6,sell
7/15,1402,元大證券,9800,2896,767,2129,5.92,7,buy
7/15,1402,臺銀,1040,35,525,-490,1.36,7,sell
7/15,1402,統一,5850,506,23,483,1.34,8,buy
7/15,1402,港商麥格理,1360,0,415,-415,1.15,8,sell
7/15,1402,新加坡商瑞銀,1650,871,546,325,0.9,9,buy
7/15,1402,凱基-三重,9205,0,364,-364,1.01,9,sell
7/15,1402,台灣企銀-屏東,1116,303,0,303,0.84,10,buy
7/15,1402,臺銀-民權,1043,10,303,-293,0.81,10,sell
7/15,1402,國泰證券,8880,264,25,239,0.66,11,buy
7/15,1402,臺銀-新竹,1045,4,274,-270,0.75,11,sell
7/15,1402,國票證券,7790,230,66,164,0.46,12,buy
7/15,1402,臺銀-臺中,0031003000340041,1,246,-245,0.68,12,sell
7/15,1402,香港上海匯豐,8960,160,0,160,0.44,13,buy
7/15,1402,臺銀-金山,0031003000340044,5,220,-215,0.6,13,sell
7/15,1402,中國信託,6160,160,50,110,0.31,14,buy
7/15,1402,華南永昌-岡山,9324,16,200,-184,0.51,14,sell
7/15,1402,富邦-陽明,9604,126,22,104,0.29,15,buy
7/15,1402,元大-台北,0039003800300068,7,181,-174,0.48,15,sell
7/15,2356,摩根大通,8440,4191,1525,2666,5.98,1,buy
7/15,2356,台新-台北,0039004200320030,4,9003,-8999,20.18,1,sell
7/15,2356,美商高盛,1480,1042,472,570,1.28,2,buy
7/15,2356,台灣摩根士丹利,1470,2689,5490,-2801,6.28,2,sell
7/15,2356,兆豐-東門,0037003000300048,508,0,508,1.14,3,buy
7/15,2356,富邦證券,9600,37,2807,-2770,6.21,3,sell
7/15,2356,港商麥格理,1360,507,0,507,1.14,4,buy
7/15,2356,台新,0039004200300030,390,2947,-2557,5.73,4,sell
7/15,2356,元大證券,9800,2413,1909,504,1.13,5,buy
7/15,2356,土銀,1030,8,1650,-1642,3.68,5,sell
7/15,2356,凱基-台北,9268,2537,2095,442,0.99,6,buy
7/15,2356,花旗環球,1590,290,1380,-1090,2.44,6,sell
7/15,2356,凱基,9200,427,2,425,0.95,7,buy
7/15,2356,華南永昌,9300,34,1045,-1011,2.27,7,sell
7/15,2356,國泰-敦南,8888,798,444,354,0.79,8,buy
7/15,2356,兆豐證券,7000,33,1034,-1001,2.24,8,sell
7/15,2356,陽信,8710,336,101,235,0.53,9,buy
7/15,2356,宏遠證券,1260,3,990,-987,2.21,9,sell
7/15,2356,台新-吉利,0039004200320057,249,19,230,0.52,10,buy
7/15,2356,群益金鼎,9100,98,525,-427,0.96,10,sell
7/15,2356,華南永昌-林口,9317,231,8,223,0.5,11,buy
7/15,2356,美林,1440,256,662,-406,0.91,11,sell
7/15,2356,美好,5260,216,0,216,0.48,12,buy
7/15,2356,永豐金證券,0039004100300030,1273,1483,-210,0.47,12,sell
7/15,2356,法銀巴黎,8900,319,105,214,0.48,13,buy
7/15,2356,國泰證券,8880,8,147,-139,0.31,13,sell
7/15,2356,元大-新莊,9898,267,56,211,0.47,14,buy
7/15,2356,元大-東泰,9817,45,174,-129,0.29,14,sell
7/15,2356,新光,8560,303,97,206,0.46,15,buy
7/15,2356,國票證券,7790,12,98,-86,0.19,15,sell
7/15,1409,群益金鼎-三民,9188,448,1,447,1.98,1,buy
7/15,1409,美商高盛,1480,297,3631,-3334,14.79,1,sell
7/15,1409,華南永昌-鶯歌,9319,407,9,398,1.77,2,buy
7/15,1409,台灣摩根士丹利,1470,260,1842,-1582,7.02,2,sell
7/15,1409,玉山-景美,8849,312,9,303,1.34,3,buy
7/15,1409,摩根大通,8440,134,1348,-1214,5.39,3,sell
7/15,1409,聯邦-大業,8586,264,1,263,1.17,4,buy
7/15,1409,凱基-台北,9268,808,1240,-432,1.92,4,sell
7/15,1409,元大-雙和,9874,225,24,201,0.89,5,buy
7/15,1409,新加坡商瑞銀,1650,2,409,-407,1.81,5,sell
7/15,1409,元大-善化,0039003800310079,203,25,178,0.79,6,buy
7/15,1409,美林,1440,22,345,-323,1.43,6,sell
7/15,1409,富邦-永和,9654,167,6,161,0.71,7,buy
7/15,1409,富邦-竹東,9625,11,305,-294,1.3,7,sell
7/15,1409,玉山-高雄,8843,154,2,152,0.67,8,buy
7/15,1409,玉山-雙和,8841,58,323,-265,1.18,8,sell
7/15,1409,華南永昌-虎尾,9377,149,9,140,0.62,9,buy
7/15,1409,凱基-桃園,9208,28,228,-200,0.89,9,sell
7/15,1409,國泰-敦南,8888,415,296,119,0.53,10,buy
7/15,1409,元大證券,9800,1565,1737,-172,0.76,10,sell
7/15,1409,元大-台中中港,0039003800390042,119,1,118,0.52,11,buy
7/15,1409,中國信託-忠孝,6162,8,180,-172,0.76,11,sell
7/15,1409,富邦-台南,9667,118,5,113,0.5,12,buy
7/15,1409,港商野村,1560,76,230,-154,0.68,12,sell
7/15,1409,新光,8560,303,191,112,0.5,13,buy
7/15,1409,永豐金-新莊,0039004100390048,36,158,-122,0.54,13,sell
7/15,1409,富邦-板橋,9655,119,11,108,0.48,14,buy
7/15,1409,富邦-岡山,9616,6,122,-116,0.51,14,sell
7/15,1409,永豐金-員林,0039004100390043,94,0,94,0.42,15,buy
7/15,1409,國票證券,7790,25,139,-114,0.51,15,sell
7/15,1714,台新,0039004200300030,308,65,243,1.08,1,buy
7/15,1714,台灣摩根士丹利,1470,1090,3118,-2028,8.98,1,sell
7/15,1714,花旗環球,1590,217,0,217,0.96,2,buy
7/15,1714,新加坡商瑞銀,1650,12,1034,-1022,4.52,2,sell
7/15,1714,台新-北中壢,003900420032004c,220,20,200,0.89,3,buy
7/15,1714,摩根大通,8440,262,813,-551,2.44,3,sell
7/15,1714,永豐金-市政,0039004100390057,215,28,187,0.83,4,buy
7/15,1714,玉山-台南,8847,57,515,-458,2.03,4,sell
7/15,1714,元大-北投,0039003800390041,182,1,181,0.8,5,buy
7/15,1714,凱基-台北,9268,1201,1635,-434,1.92,5,sell
7/15,1714,永豐金-匯立,0039004100380031,181,0,181,0.8,6,buy
7/15,1714,美商高盛,1480,323,606,-283,1.25,6,sell
7/15,1714,元大-館前,003900380034004b,183,21,162,0.72,7,buy
7/15,1714,美林,1440,141,409,-268,1.19,7,sell
7/15,1714,元大-中壢,9834,167,18,149,0.66,8,buy
7/15,1714,群益金鼎-潭子,0039003100330044,0,233,-233,1.03,8,sell
7/15,1714,新光,8560,201,75,126,0.56,9,buy
7/15,1714,富邦-基隆,9614,9,189,-180,0.8,9,sell
7/15,1714,群益金鼎-敦南,9101,131,5,126,0.56,10,buy
7/15,1714,富邦-板橋,9655,16,122,-106,0.47,10,sell
7/15,1714,群益金鼎-竹南,0039003100380069,146,21,125,0.55,11,buy
7/15,1714,兆豐-三重,7008,0,100,-100,0.44,11,sell
7/15,1714,元大-松山,0039003800310070,126,6,120,0.53,12,buy
7/15,1714,港商野村,1560,0,90,-90,0.4,12,sell
7/15,1714,元大證券,9800,1254,1135,119,0.53,13,buy
7/15,1714,元大-草屯,0039003800390045,36,122,-86,0.38,13,sell
7/15,1714,群益金鼎-南京,0039003100380045,124,10,114,0.5,14,buy
7/15,1714,華南永昌-板橋,9349,26,103,-77,0.34,14,sell
7/15,1714,元大-鳳中,0039003800350043,131,18,113,0.5,15,buy
7/15,1714,富邦-建國,9658,23,100,-77,0.34,15,sell
7/15,2801,台灣摩根士丹利,1470,2364,633,1731,13.37,1,buy
7/15,2801,摩根大通,8440,238,2346,-2108,16.29,1,sell
7/15,2801,群益金鼎-宜蘭,003900310038007a,900,5,895,6.91,2,buy
7/15,2801,永豐金-匯立,0039004100380031,0,1015,-1015,7.84,2,sell
7/15,2801,美商高盛,1480,1499,631,868,6.71,3,buy
7/15,2801,永豐金-潮州,0039004100390071,0,900,-900,6.95,3,sell
7/15,2801,新加坡商瑞銀,1650,753,103,650,5.02,4,buy
7/15,2801,第一金-忠孝,0035003300380044,2,604,-602,4.65,4,sell
7/15,2801,花旗環球,1590,775,202,573,4.43,5,buy
7/15,2801,永豐金證券,0039004100300030,33,323,-290,2.24,5,sell
7/15,2801,凱基-台北,9268,1154,628,526,4.06,6,buy
7/15,2801,元大-大灣,9815,10,210,-200,1.55,6,sell
7/15,2801,華南永昌-高雄,9303,320,0,320,2.47,7,buy
7/15,2801,富邦-台中,003900360035004b,0,190,-190,1.47,7,sell
7/15,2801,美林,1440,533,214,319,2.46,8,buy
7/15,2801,元大-大里,0039003800310067,1,127,-126,0.97,8,sell
7/15,2801,元大證券,9800,831,587,244,1.89,9,buy
7/15,2801,群益金鼎,9100,9,130,-121,0.93,9,sell
7/15,2801,彰銀,1230,245,11,234,1.81,10,buy
7/15,2801,永豐金-台南,0039004100390068,9,128,-119,0.92,10,sell
7/15,2801,群益金鼎-萬華,0039003100330049,232,20,212,1.64,11,buy
7/15,2801,凱基-台中,9204,40,150,-110,0.85,11,sell
7/15,2801,台新-虎尾,003900420032004e,200,0,200,1.55,12,buy
7/15,2801,群益金鼎-士林,9137,0,100,-100,0.77,12,sell
7/15,2801,元大-旗山,003900380031006e,151,0,151,1.17,13,buy
7/15,2801,第一金,5380,0,96,-96,0.74,13,sell
7/15,2801,元大-豐原站前,0039003800390057,129,8,121,0.93,14,buy
7/15,2801,新光,8560,13,108,-95,0.73,14,sell
7/15,2801,玉山-高雄,8843,106,0,106,0.82,15,buy
7/15,2801,群益金鼎-嘉義,003900310038004d,8,103,-95,0.73,15,sell
7/15,2845,台灣摩根士丹利,1470,4145,191,3954,26.3,1,buy
7/15,2845,第一金-忠孝,0035003300380044,100,583,-483,3.21,1,sell
7/15,2845,美商高盛,1480,2059,287,1772,11.79,2,buy
7/15,2845,台新,0039004200300030,571,1050,-479,3.19,2,sell
7/15,2845,光和-田中,6382,918,0,918,6.11,3,buy
7/15,2845,華南永昌-新莊,9305,0,386,-386,2.57,3,sell
7/15,2845,新加坡商瑞銀,1650,1021,488,533,3.55,4,buy
7/15,2845,國票-北高雄,003700370039004a,0,368,-368,2.45,4,sell
7/15,2845,摩根大通,8440,1171,766,405,2.69,5,buy
7/15,2845,康和-台南,8458,0,304,-304,2.02,5,sell
7/15,2845,聯邦-高雄,8581,400,0,400,2.66,6,buy
7/15,2845,華南永昌-豐原,9366,0,300,-300,2.0,6,sell
7/15,2845,元大證券,9800,1086,689,397,2.64,7,buy
7/15,2845,富邦-新店,9661,9,301,-292,1.94,7,sell
7/15,2845,花旗環球,1590,315,0,315,2.1,8,buy
7/15,2845,元大-大天母,9893,1112,1399,-287,1.91,8,sell
7/15,2845,凱基-台北,9268,386,168,218,1.45,9,buy
7/15,2845,台新-左楠,0039004200310064,0,280,-280,1.86,9,sell
7/15,2845,富邦-港都,0039003600320051,201,1,200,1.33,10,buy
7/15,2845,元大-和平,9863,0,200,-200,1.33,10,sell
7/15,2845,港商野村,1560,249,65,184,1.22,11,buy
7/15,2845,元大-板橋,0039003800390043,0,192,-192,1.28,11,sell
7/15,2845,美林,1440,71,2,69,0.46,12,buy
7/15,2845,台灣企銀-建成,0031003100310042,0,182,-182,1.21,12,sell
7/15,2845,宏遠-桃園,1262,50,0,50,0.33,13,buy
7/15,2845,台新-中港,0039004200320069,0,177,-177,1.18,13,sell
7/15,2845,統一-高雄,5851,30,0,30,0.2,14,buy
7/15,2845,玉山-台南,8847,10,166,-156,1.04,14,sell
7/15,2845,凱基-中壢,9285,36,7,29,0.19,15,buy
7/15,2845,永豐金證券,0039004100300030,152,294,-142,0.94,15,sell
7/15,5876,台灣摩根士丹利,1470,2851,1325,1526,12.07,1,buy
7/15,5876,美商高盛,1480,553,1746,-1193,9.43,1,sell
7/15,5876,國泰證券,8880,1513,128,1385,10.95,2,buy
7/15,5876,新加坡商瑞銀,1650,913,2013,-1100,8.7,2,sell
7/15,5876,永豐金證券,0039004100300030,1238,34,1204,9.52,3,buy
7/15,5876,華南永昌,9300,0,645,-645,5.1,3,sell
7/15,5876,永豐金-匯立,0039004100380031,965,0,965,7.63,4,buy
7/15,5876,摩根大通,8440,475,1096,-621,4.91,4,sell
7/15,5876,元大證券,9800,612,188,424,3.35,5,buy
7/15,5876,凱基-台北,9268,616,1100,-484,3.83,5,sell
7/15,5876,新光,8560,461,37,424,3.35,6,buy
7/15,5876,國票-長城,0037003700390075,0,258,-258,2.04,6,sell
7/15,5876,花旗環球,1590,836,657,179,1.42,7,buy
7/15,5876,元大-頭份,0039003800330055,0,101,-101,0.8,7,sell
7/15,5876,富邦-港都,0039003600320051,100,0,100,0.79,8,buy
7/15,5876,永豐金-板新,003900410039004a,0,100,-100,0.79,8,sell
7/15,5876,台新-城中,0039004200320045,100,0,100,0.79,9,buy
7/15,5876,國泰-敦南,8888,54,143,-89,0.7,9,sell
7/15,5876,美林,1440,228,149,79,0.62,10,buy
7/15,5876,元大-北三重,0039003800390056,0,79,-79,0.62,10,sell
7/15,5876,合庫證券,1020,75,9,66,0.52,11,buy
7/15,5876,國泰-桃園,8885,1,64,-63,0.5,11,sell
7/15,5876,群益金鼎-中山,0039003100380048,51,2,49,0.39,12,buy
7/15,5876,(牛牛牛)亞證券,6010,0,59,-59,0.47,12,sell
7/15,5876,凱基-竹東,9273,40,0,40,0.32,13,buy
7/15,5876,國泰-板橋,003800380038004b,1,60,-59,0.47,13,sell
7/15,5876,元大-信義,003900380039006d,38,2,36,0.28,14,buy
7/15,5876,第一金-中壢,0035003300380059,0,54,-54,0.43,14,sell
7/15,5876,群益金鼎-松山,9103,22,0,22,0.17,15,buy
7/15,5876,凱基-雙和,0039003200300043,0,50,-50,0.4,15,sell
7/15,1216,台新,0039004200300030,3813,1355,2458,10.17,1,buy
7/15,1216,凱基,9200,0,2000,-2000,8.28,1,sell
7/15,1216,凱基-台北,9268,2631,1184,1447,5.99,2,buy
7/15,1216,港商野村,1560,81,1950,-1869,7.73,2,sell
7/15,1216,香港上海匯豐,8960,1047,0,1047,4.33,3,buy
7/15,1216,永豐金證券,0039004100300030,245,2073,-1828,7.56,3,sell
7/15,1216,新加坡商瑞銀,1650,2238,1193,1045,4.32,4,buy
7/15,1216,花旗環球,1590,280,911,-631,2.61,4,sell
7/15,1216,元大證券,9800,2329,1307,1022,4.23,5,buy
7/15,1216,兆豐證券,7000,0,500,-500,2.07,5,sell
7/15,1216,台新-台北,0039004200320030,1000,35,965,3.99,6,buy
7/15,1216,美商高盛,1480,1292,1780,-488,2.02,6,sell
7/15,1216,中國信託,6160,743,155,588,2.43,7,buy
7/15,1216,富邦-台北,9623,2,428,-426,1.76,7,sell
7/15,1216,台灣摩根士丹利,1470,3272,2718,554,2.29,8,buy
7/15,1216,國泰證券,8880,4,305,-301,1.25,8,sell
7/15,1216,群益金鼎,9100,299,17,282,1.17,9,buy
7/15,1216,富邦-桃園,9665,0,147,-147,0.61,9,sell
7/15,1216,富邦證券,9600,2107,1830,277,1.15,10,buy
7/15,1216,永豐金-新莊,0039004100390048,1,110,-109,0.45,10,sell
7/15,1216,港商麥格理,1360,205,3,202,0.84,11,buy
7/15,1216,元大-蘆洲,9857,1,108,-107,0.44,11,sell
7/15,1216,元大-館前,003900380034004b,273,94,179,0.74,12,buy
7/15,1216,國泰-館前,0038003800380041,0,95,-95,0.39,12,sell
7/15,1216,美林,1440,726,624,102,0.42,13,buy
7/15,1216,國泰-板橋,003800380038004b,7,89,-82,0.34,13,sell
7/15,1216,法銀巴黎,8900,68,20,48,0.2,14,buy
7/15,1216,摩根大通,8440,552,626,-74,0.31,14,sell
7/15,1216,元大-新盛,9869,38,0,38,0.16,15,buy
7/15,1216,新光,8560,14,83,-69,0.29,15,sell
7/15,3702,凱基-台北,9268,3031,1573,1458,6.49,1,buy
7/15,3702,美商高盛,1480,221,2382,-2161,9.62,1,sell
7/15,3702,台新-台北,0039004200320030,1002,4,998,4.45,2,buy
7/15,3702,華南永昌,9300,21,1279,-1258,5.6,2,sell
7/15,3702,香港上海匯豐,8960,1000,217,783,3.49,3,buy
7/15,3702,摩根大通,8440,1493,2715,-1222,5.44,3,sell
7/15,3702,國泰證券,8880,549,14,535,2.38,4,buy
7/15,3702,新加坡商瑞銀,1650,725,1533,-808,3.6,4,sell
7/15,3702,元大-天母,0039003800310049,432,13,419,1.87,5,buy
7/15,3702,美林,1440,398,821,-423,1.88,5,sell
7/15,3702,新光,8560,356,81,275,1.22,6,buy
7/15,3702,富邦證券,9600,714,1097,-383,1.71,6,sell
7/15,3702,港商野村,1560,265,60,205,0.91,7,buy
7/15,3702,台灣摩根士丹利,1470,1896,2278,-382,1.7,7,sell
7/15,3702,元大證券,9800,977,814,163,0.73,8,buy
7/15,3702,永豐金-匯立,0039004100380031,0,193,-193,0.86,8,sell
7/15,3702,統一,5850,152,22,130,0.58,9,buy
7/15,3702,群益金鼎,9100,148,336,-188,0.84,9,sell
7/15,3702,康和-板橋,0038003400350044,124,13,111,0.49,10,buy
7/15,3702,凱基-市府,0039003200300044,1,135,-134,0.6,10,sell
7/15,3702,永豐金證券,0039004100300030,424,317,107,0.48,11,buy
7/15,3702,元大-基隆孝二,003900380036004b,3,133,-130,0.58,11,sell
7/15,3702,宏遠-台南,0031003200360044,106,0,106,0.47,12,buy
7/15,3702,華南永昌-麻豆,9308,10,125,-115,0.51,12,sell
7/15,3702,凱基,9200,103,1,102,0.45,13,buy
7/15,3702,花旗環球,1590,160,253,-93,0.41,13,sell
7/15,3702,永豐金-板新,003900410039004a,119,17,102,0.45,14,buy
7/15,3702,永豐金-嘉義,003900410039006a,0,89,-89,0.4,14,sell
7/15,3702,永豐金-古亭,0039004100390064,95,8,87,0.39,15,buy
7/15,3702,元大-台南,9896,34,101,-67,0.3,15,sell
7/15,2377,元大證券,9800,1947,655,1292,10.62,1,buy
7/15,2377,港商野村,1560,40,585,-545,4.48,1,sell
7/15,2377,國泰證券,8880,582,5,577,4.74,2,buy
7/15,2377,美林,1440,16,268,-252,2.07,2,sell
7/15,2377,永豐金-匯立,0039004100380031,378,2,376,3.09,3,buy
7/15,2377,第一金-澎湖,5387,0,201,-201,1.65,3,sell
7/15,2377,統一,5850,241,27,214,1.76,4,buy
7/15,2377,港商麥格理,1360,0,192,-192,1.58,4,sell
7/15,2377,康和,8450,194,1,193,1.59,5,buy
7/15,2377,花旗環球,1590,23,142,-119,0.98,5,sell
7/15,2377,台新-三民,0039004200310033,133,1,132,1.09,6,buy
7/15,2377,元大-桃興,9894,1,104,-103,0.85,6,sell
7/15,2377,永豐金證券,0039004100300030,206,88,118,0.97,7,buy
7/15,2377,臺銀-民權,1043,5,107,-102,0.84,7,sell
7/15,2377,美商高盛,1480,187,103,84,0.69,8,buy
7/15,2377,國票-南京,003700370039006e,1,100,-99,0.81,8,sell
7/15,2377,台新-台南,0039004200310036,73,7,66,0.54,9,buy
7/15,2377,國票-長城,0037003700390075,6,83,-77,0.63,9,sell
7/15,2377,新加坡商瑞銀,1650,592,530,62,0.51,10,buy
7/15,2377,群益金鼎-永和,003900310038004a,7,80,-73,0.6,10,sell
7/15,2377,富邦證券,9600,164,110,54,0.44,11,buy
7/15,2377,凱基-板橋,0039003200300041,12,84,-72,0.59,11,sell
7/15,2377,新光-高雄,8562,66,12,54,0.44,12,buy
7/15,2377,凱基-台北,9268,511,583,-72,0.59,12,sell
7/15,2377,凱基-城中,9227,49,3,46,0.38,13,buy
7/15,2377,國泰-敦南,8888,196,246,-50,0.41,13,sell
7/15,2377,群益金鼎-屏東,0039003100330048,43,1,42,0.35,14,buy
7/15,2377,第一金-光復,0035003300380043,0,43,-43,0.35,14,sell
7/15,2377,中國信託-忠孝,6162,42,5,37,0.3,15,buy
7/15,2377,統一-三多,0035003800350051,1,41,-40,0.33,15,sell
7/15,2352,大昌-樹林,6461,1107,445,662,6.73,1,buy
7/15,2352,台灣摩根士丹利,1470,66,1221,-1155,11.75,1,sell
7/15,2352,美商高盛,1480,1096,485,611,6.22,2,buy
7/15,2352,美林,1440,27,535,-508,5.17,2,sell
7/15,2352,台新,0039004200300030,401,27,374,3.8,3,buy
7/15,2352,凱基-台北,9268,254,679,-425,4.32,3,sell
7/15,2352,元大-府城,0039003800300075,251,0,251,2.55,4,buy
7/15,2352,摩根大通,8440,503,706,-203,2.07,4,sell
7/15,2352,元大證券,9800,533,292,241,2.45,5,buy
7/15,2352,國票-博愛,003700370039007a,0,170,-170,1.73,5,sell
7/15,2352,群益金鼎-士林,9137,192,0,192,1.95,6,buy
7/15,2352,富邦-竹東,9625,1,121,-120,1.22,6,sell
7/15,2352,新加坡商瑞銀,1650,591,448,143,1.45,7,buy
7/15,2352,兆豐證券,7000,2,101,-99,1.01,7,sell
7/15,2352,永豐金證券,0039004100300030,393,275,118,1.2,8,buy
7/15,2352,永全-八德,6452,0,91,-91,0.93,8,sell
7/15,2352,台新-三民,0039004200310033,74,5,69,0.7,9,buy
7/15,2352,花旗環球,1590,98,164,-66,0.67,9,sell
7/15,2352,凱基,9200,200,135,65,0.66,10,buy
7/15,2352,彰銀,1230,0,61,-61,0.62,10,sell
7/15,2352,群益金鼎,9100,80,19,61,0.62,11,buy
7/15,2352,彰銀-台中,1233,0,55,-55,0.56,11,sell
7/15,2352,新光,8560,118,60,58,0.59,12,buy
7/15,2352,華南永昌,9300,3,51,-48,0.49,12,sell
7/15,2352,統一-三重,003500380035004a,55,0,55,0.56,13,buy
7/15,2352,美好-富順,003500320036004b,5,50,-45,0.46,13,sell
7/15,2352,第一金-嘉義,003500330038004d,51,0,51,0.52,14,buy
7/15,2352,元大-新莊,9898,6,45,-39,0.4,14,sell
7/15,2352,中國信託-嘉義,6168,52,1,51,0.52,15,buy
7/15,2352,台新-大裕,003900420032006c,1,40,-39,0.4,15,sell
7/15,3706,元大證券,9800,2281,323,1958,16.79,1,buy
7/15,3706,摩根大通,8440,320,876,-556,4.77,1,sell
7/15,3706,凱基-台北,9268,1496,590,906,7.77,2,buy
7/15,3706,美林,1440,6,255,-249,2.14,2,sell
7/15,3706,台新-松江,0039004200310035,154,2,152,1.3,3,buy
7/15,3706,新加坡商瑞銀,1650,1,161,-160,1.37,3,sell
7/15,3706,凱基,9200,68,1,67,0.57,4,buy
7/15,3706,新光-台中,8561,32,188,-156,1.34,4,sell
7/15,3706,中國信託-高雄,003600310036004b,67,17,50,0.43,5,buy
7/15,3706,富邦-陽明,9604,31,153,-122,1.05,5,sell
7/15,3706,玉山-新竹,0038003800340048,51,7,44,0.38,6,buy
7/15,3706,兆豐-北高雄,0037003000300049,7,90,-83,0.71,6,sell
7/15,3706,群益金鼎,9100,113,69,44,0.38,7,buy
7/15,3706,光和-溪湖,6381,1,63,-62,0.53,7,sell
7/15,3706,玉山-士林,0038003800340041,52,11,41,0.35,8,buy
7/15,3706,第一金-彰化,5386,13,65,-52,0.45,8,sell
7/15,3706,元大-佳里,0039003800310065,53,14,39,0.33,9,buy
7/15,3706,合庫-鳳山,1029,1,50,-49,0.42,9,sell
7/15,3706,(牛牛牛)亞-鑫豐,0036003000310064,64,26,38,0.33,10,buy
7/15,3706,元大-新竹經國,9859,6,55,-49,0.42,10,sell
7/15,3706,元大-虎尾,003900380030006c,53,16,37,0.32,11,buy
7/15,3706,元大-台南,9896,10,59,-49,0.42,11,sell
7/15,3706,元大-龍潭,9858,56,20,36,0.31,12,buy
7/15,3706,凱基-竹北,9234,12,60,-48,0.41,12,sell
7/15,3706,群益金鼎-潭子,0039003100330044,42,6,36,0.31,13,buy
7/15,3706,國泰-敦南,8888,168,215,-47,0.4,13,sell
7/15,3706,台新-建北,0039004200310038,41,6,35,0.3,14,buy
7/15,3706,富邦-台北,9623,54,100,-46,0.39,14,sell
7/15,3706,永豐金-市政,0039004100390057,55,22,33,0.28,15,buy
7/15,3706,永豐金-屏東,0039004100360039,22,67,-45,0.39,15,sell
7/15,3045,台灣摩根士丹利,1470,1812,259,1553,22.39,1,buy
7/15,3045,永豐金證券,0039004100300030,95,998,-903,13.02,1,sell
7/15,3045,美商高盛,1480,1084,253,831,11.98,2,buy
7/15,3045,康和,8450,0,410,-410,5.91,2,sell
7/15,3045,花旗環球,1590,435,14,421,6.07,3,buy
7/15,3045,永豐金-中壢,0039004100390039,40,450,-410,5.91,3,sell
7/15,3045,港商野村,1560,255,5,250,3.6,4,buy
7/15,3045,統一,5850,3,334,-331,4.77,4,sell
7/15,3045,永豐金-竹北,0039004100390050,110,0,110,1.59,5,buy
7/15,3045,摩根大通,8440,345,629,-284,4.09,5,sell
7/15,3045,元大證券,9800,613,520,93,1.34,6,buy
7/15,3045,凱基-台北,9268,463,739,-276,3.98,6,sell
7/15,3045,港商麥格理,1360,78,0,78,1.12,7,buy
7/15,3045,合庫證券,1020,0,200,-200,2.88,7,sell
7/15,3045,中國信託,6160,60,4,56,0.81,8,buy
7/15,3045,新加坡商瑞銀,1650,114,279,-165,2.38,8,sell
7/15,3045,法銀巴黎,8900,44,0,44,0.63,9,buy
7/15,3045,國泰證券,8880,1,153,-152,2.19,9,sell
7/15,3045,台新-中壢,0039004200310079,30,0,30,0.43,10,buy
7/15,3045,美林,1440,23,158,-135,1.95,10,sell
7/15,3045,臺銀,1040,19,0,19,0.27,11,buy
7/15,3045,群益金鼎,9100,22,74,-52,0.75,11,sell
7/15,3045,臺銀-民權,1043,16,1,15,0.22,12,buy
7/15,3045,永豐金-永康,0039004100390063,193,240,-47,0.68,12,sell
7/15,3045,元大-南屯,9853,15,0,15,0.22,13,buy
7/15,3045,台新-三民,0039004200310033,1,45,-44,0.63,13,sell
7/15,3045,元大-台南,9896,13,0,13,0.19,14,buy
7/15,3045,統一-城中,5854,0,40,-40,0.58,14,sell
7/15,3045,臺銀-臺南,1042,12,0,12,0.17,15,buy
7/15,3045,兆豐-桃園,003700300030004d,240,280,-40,0.58,15,sell
7/15,5347,台新-台北,0039004200320030,2372,5,2367,6.52,1,buy
7/15,5347,凱基-台北,9268,1715,3594,-1879,5.18,1,sell
7/15,5347,花旗環球,1590,2388,190,2198,6.05,2,buy
7/15,5347,摩根大通,8440,864,2305,-1441,3.97,2,sell
7/15,5347,永豐金-匯立,0039004100380031,1420,7,1413,3.89,3,buy
7/15,5347,美林,1440,113,961,-848,2.34,3,sell
7/15,5347,兆豐-民生,0037003000300063,907,7,900,2.48,4,buy
7/15,5347,凱基,9200,219,1014,-795,2.19,4,sell
7/15,5347,玉山證券,8840,616,66,550,1.51,5,buy
7/15,5347,(牛牛牛)亞證券,6010,190,870,-680,1.87,5,sell
7/15,5347,台新,0039004200300030,461,119,342,0.94,6,buy
7/15,5347,台灣摩根士丹利,1470,1091,1634,-543,1.5,6,sell
7/15,5347,富邦證券,9600,339,62,277,0.76,7,buy
7/15,5347,新加坡商瑞銀,1650,442,887,-445,1.23,7,sell
7/15,5347,富邦-仁愛,9676,290,41,249,0.69,8,buy
7/15,5347,中國信託,6160,89,496,-407,1.12,8,sell
7/15,5347,富邦-台北,9623,382,140,242,0.67,9,buy
7/15,5347,永豐金證券,0039004100300030,431,833,-402,1.11,9,sell
7/15,5347,統一-城中,5854,221,12,209,0.58,10,buy
7/15,5347,國泰證券,8880,71,447,-376,1.04,10,sell
7/15,5347,台新-城中,0039004200320045,201,4,197,0.54,11,buy
7/15,5347,統一,5850,260,497,-237,0.65,11,sell
7/15,5347,群益金鼎,9100,454,284,170,0.47,12,buy
7/15,5347,永豐金-萬盛,0039004100390032,15,220,-205,0.56,12,sell
7/15,5347,富邦-木柵,003900360031004d,161,31,130,0.36,13,buy
7/15,5347,元大證券,9800,3232,3368,-136,0.37,13,sell
7/15,5347,元大-樹林,003900380039006a,138,17,121,0.33,14,buy
7/15,5347,港商麥格理,1360,77,207,-130,0.36,14,sell
7/15,5347,國票-敦北法人,0037003700390063,136,17,119,0.33,15,buy
7/15,5347,元大-大同,0039003800390047,15,142,-127,0.35,15,sell
7/15,4958,永豐金證券,0039004100300030,1056,476,580,1.01,1,buy
7/15,4958,台灣摩根士丹利,1470,2072,5475,-3403,5.95,1,sell
7/15,4958,元大證券,9800,6084,5613,471,0.82,2,buy
7/15,4958,新加坡商瑞銀,1650,714,2777,-2063,3.61,2,sell
7/15,4958,中國信託,6160,466,150,316,0.55,3,buy
7/15,4958,美林,1440,133,1443,-1310,2.29,3,sell
7/15,4958,國泰-敦南,8888,1754,1488,266,0.47,4,buy
7/15,4958,港商野村,1560,115,1109,-994,1.74,4,sell
7/15,4958,福邦證券,6480,194,3,191,0.33,5,buy
7/15,4958,元大-土城永寧,9875,144,1031,-887,1.55,5,sell
7/15,4958,國泰-桃園,8885,347,195,152,0.27,6,buy
7/15,4958,凱基-台北,9268,2712,3300,-588,1.03,6,sell
7/15,4958,玉山-大里,003800380034004a,200,54,146,0.26,7,buy
7/15,4958,摩根大通,8440,1343,1695,-352,0.62,7,sell
7/15,4958,新光,8560,532,390,142,0.25,8,buy
7/15,4958,花旗環球,1590,487,658,-171,0.3,8,sell
7/15,4958,富邦-高雄,9659,174,45,129,0.23,9,buy
7/15,4958,台新,0039004200300030,428,566,-138,0.24,9,sell
7/15,4958,港商麥格理,1360,131,4,127,0.22,10,buy
7/15,4958,凱基-松山,9217,111,201,-90,0.16,10,sell
7/15,4958,兆豐-北高雄,0037003000300049,177,50,127,0.22,11,buy
7/15,4958,華南永昌-中正,9359,48,128,-80,0.14,11,sell
7/15,4958,第一金-澎湖,5387,138,24,114,0.2,12,buy
7/15,4958,台新-建北,0039004200310038,83,163,-80,0.14,12,sell
7/15,4958,元大-台北,0039003800300068,259,150,109,0.19,13,buy
7/15,4958,富邦證券,9600,170,246,-76,0.13,13,sell
7/15,4958,群益金鼎-台北,0039003100380058,137,34,103,0.18,14,buy
7/15,4958,永豐金-萬盛,0039004100390032,45,110,-65,0.11,14,sell
7/15,4958,高橋-內壢,5323,106,4,102,0.18,15,buy
7/15,4958,統一,5850,235,296,-61,0.11,15,sell
7/15,2885,花旗環球,1590,2634,185,2449,7.86,1,buy
7/15,2885,永豐金-匯立,0039004100380031,350,6898,-6548,21.02,1,sell
7/15,2885,台灣摩根士丹利,1470,4916,3156,1760,5.65,2,buy
7/15,2885,永豐金證券,0039004100300030,479,3229,-2750,8.83,2,sell
7/15,2885,統一,5850,1607,68,1539,4.94,3,buy
7/15,2885,新加坡商瑞銀,1650,1728,4223,-2495,8.01,3,sell
7/15,2885,元大證券,9800,2332,802,1530,4.91,4,buy
7/15,2885,摩根大通,8440,1051,2817,-1766,5.67,4,sell
7/15,2885,群益金鼎,9100,1352,325,1027,3.3,5,buy
7/15,2885,中國信託,6160,45,1111,-1066,3.42,5,sell
7/15,2885,凱基,9200,1005,0,1005,3.23,6,buy
7/15,2885,國泰證券,8880,24,896,-872,2.8,6,sell
7/15,2885,美林,1440,957,194,763,2.45,7,buy
7/15,2885,合庫證券,1020,4,130,-126,0.4,7,sell
7/15,2885,富邦證券,9600,819,269,550,1.77,8,buy
7/15,2885,凱基-高雄,9206,243,346,-103,0.33,8,sell
7/15,2885,美商高盛,1480,2071,1728,343,1.1,9,buy
7/15,2885,台新-城東,0039004200320072,3,104,-101,0.32,9,sell
7/15,2885,永興-台中,5603,251,0,251,0.81,10,buy
7/15,2885,國票-北投,7792,27,100,-73,0.23,10,sell
7/15,2885,土銀,1030,251,0,251,0.81,11,buy
7/15,2885,兆豐-南京,0037003000300050,0,50,-50,0.16,11,sell
7/15,2885,凱基-台北,9268,1611,1369,242,0.78,12,buy
7/15,2885,宏遠-台中,003100320036004c,0,50,-50,0.16,12,sell
7/15,2885,港商野村,1560,261,63,198,0.64,13,buy
7/15,2885,元大-草屯,0039003800390045,9,56,-47,0.15,13,sell
7/15,2885,香港上海匯豐,8960,196,0,196,0.63,14,buy
7/15,2885,元大-大里,0039003800310067,7,44,-37,0.12,14,sell
7/15,2885,玉山-嘉義,8848,156,1,155,0.5,15,buy
7/15,2885,富邦-永和,9654,11,45,-34,0.11,15,sell
7/15,6005,元大證券,9800,518,227,291,5.88,1,buy
7/15,6005,台灣摩根士丹利,1470,157,1253,-1096,22.13,1,sell
7/15,6005,凱基-台北,9268,552,271,281,5.67,2,buy
7/15,6005,美商高盛,1480,114,529,-415,8.38,2,sell
7/15,6005,花旗環球,1590,140,8,132,2.67,3,buy
7/15,6005,康和-永和,0038003400350042,1,220,-219,4.42,3,sell
7/15,6005,第一金-員林,5381,119,0,119,2.4,4,buy
7/15,6005,新加坡商瑞銀,1650,52,258,-206,4.16,4,sell
7/15,6005,凱基-大安,9291,96,0,96,1.94,5,buy
7/15,6005,國泰證券,8880,0,192,-192,3.88,5,sell
7/15,6005,元大-敦南,0039003800390050,81,0,81,1.64,6,buy
7/15,6005,永豐金證券,0039004100300030,8,136,-128,2.58,6,sell
7/15,6005,台新,0039004200300030,72,1,71,1.43,7,buy
7/15,6005,摩根大通,8440,139,253,-114,2.3,7,sell
7/15,6005,合庫-桃園,0031003000320045,60,0,60,1.21,8,buy
7/15,6005,永豐金-羅東,0039004100390041,5,91,-86,1.74,8,sell
7/15,6005,美好-市政,003500320036004d,40,0,40,0.81,9,buy
7/15,6005,永豐金-板盛,0039004100390059,3,63,-60,1.21,9,sell
7/15,6005,群益金鼎-古亭,0039003100380043,32,0,32,0.65,10,buy
7/15,6005,富邦-竹東,9625,4,52,-48,0.97,10,sell
7/15,6005,富邦-台北,9623,43,12,31,0.63,11,buy
7/15,6005,第一金-豐原,003500330038004e,7,51,-44,0.89,11,sell
7/15,6005,第一金-嘉義,003500330038004d,30,0,30,0.61,12,buy
7/15,6005,凱基-台南,9211,1,40,-39,0.79,12,sell
7/15,6005,中國信託-文心,6164,40,10,30,0.61,13,buy
7/15,6005,群益金鼎-南京,0039003100380045,0,30,-30,0.61,13,sell
7/15,6005,玉山證券,8840,31,3,28,0.57,14,buy
7/15,6005,元大-北港,9837,1,30,-29,0.59,14,sell
7/15,6005,群益金鼎-東門,0039003100380044,27,0,27,0.55,15,buy
7/15,6005,合庫-自強,0031003000320043,6,32,-26,0.52,15,sell
7/15,6919,群益金鼎,9100,890,43,847,8.6,1,buy
7/15,6919,美林,1440,10,1444,-1434,14.56,1,sell
7/15,6919,摩根大通,8440,385,196,189,1.92,2,buy
7/15,6919,元大-南京,9862,12,312,-300,3.05,2,sell
7/15,6919,元大證券,9800,783,633,150,1.52,3,buy
7/15,6919,康和-台北,0038003400350055,56,302,-246,2.5,3,sell
7/15,6919,群益金鼎-民權,9131,151,2,149,1.51,4,buy
7/15,6919,凱基-台北,9268,754,942,-188,1.91,4,sell
7/15,6919,元大-員林,9889,147,5,142,1.44,5,buy
7/15,6919,國泰-敦南,8888,127,253,-126,1.28,5,sell
7/15,6919,統一-敦南,5852,109,4,105,1.07,6,buy
7/15,6919,群益金鼎-北高雄,0039003100330052,0,51,-51,0.52,6,sell
7/15,6919,福邦證券,6480,106,1,105,1.07,7,buy
7/15,6919,元大-內湖,003900380039004e,2,51,-49,0.5,7,sell
7/15,6919,第一金-忠孝,0035003300380044,101,0,101,1.03,8,buy
7/15,6919,大昌-桃園,6465,36,83,-47,0.48,8,sell
7/15,6919,花旗環球,1590,106,8,98,0.99,9,buy
7/15,6919,元大-博愛,0039003800320042,3,44,-41,0.42,9,sell
7/15,6919,台灣摩根士丹利,1470,222,126,96,0.97,10,buy
7/15,6919,國泰-館前,0038003800380041,79,114,-35,0.36,10,sell
7/15,6919,美商高盛,1480,336,256,80,0.81,11,buy
7/15,6919,群益金鼎-基隆,0039003100330045,3,37,-34,0.35,11,sell
7/15,6919,香港上海匯豐,8960,68,0,68,0.69,12,buy
7/15,6919,凱基-永華,9235,32,66,-34,0.35,12,sell
7/15,6919,凱基-站前,0039003200300046,132,66,66,0.67,13,buy
7/15,6919,安泰,8380,2,32,-30,0.3,13,sell
7/15,6919,新加坡商瑞銀,1650,107,46,61,0.62,14,buy
7/15,6919,新光-台南,8564,8,36,-28,0.28,14,sell
7/15,6919,康和,8450,69,14,55,0.56,15,buy
7/15,6919,台新-信義,0039004200320048,0,25,-25,0.25,15,sell
7/15,2301,永豐金-匯立,0039004100380031,2169,17,2152,15.48,1,buy
7/15,2301,摩根大通,8440,209,1475,-1266,9.11,1,sell
7/15,2301,美商高盛,1480,1334,512,822,5.91,2,buy
7/15,2301,華南永昌,9300,18,405,-387,2.78,2,sell
7/15,2301,台灣摩根士丹利,1470,1124,506,618,4.45,3,buy
7/15,2301,新加坡商瑞銀,1650,344,649,-305,2.19,3,sell
7/15,2301,美林,1440,340,78,262,1.89,4,buy
7/15,2301,群益金鼎,9100,86,373,-287,2.06,4,sell
7/15,2301,花旗環球,1590,184,34,150,1.08,5,buy
7/15,2301,富邦證券,9600,65,305,-240,1.73,5,sell
7/15,2301,永豐金證券,0039004100300030,190,76,114,0.82,6,buy
7/15,2301,中國信託,6160,40,249,-209,1.5,6,sell
7/15,2301,富邦-仁愛,9676,154,47,107,0.77,7,buy
7/15,2301,元大-館前,003900380034004b,8,96,-88,0.63,7,sell
7/15,2301,中國信託-三重,6161,102,3,99,0.71,8,buy
7/15,2301,富邦-斗六,0039003600320047,4,88,-84,0.6,8,sell
7/15,2301,台新-五權西,0039004200320035,101,2,99,0.71,9,buy
7/15,2301,元大證券,9800,1132,1211,-79,0.57,9,sell
7/15,2301,富邦-內湖,9627,98,16,82,0.59,10,buy
7/15,2301,國泰-敦南,8888,143,204,-61,0.44,10,sell
7/15,2301,國泰-新莊,8886,73,9,64,0.46,11,buy
7/15,2301,國票-中正,7797,5,66,-61,0.44,11,sell
7/15,2301,台新-屏新,0039004200320071,43,3,40,0.29,12,buy
7/15,2301,國泰證券,8880,50,101,-51,0.37,12,sell
7/15,2301,元大-中和,0039003800390065,43,5,38,0.27,13,buy
7/15,2301,新光,8560,68,115,-47,0.34,13,sell
7/15,2301,彰銀-七賢,1232,30,0,30,0.22,14,buy
7/15,2301,華南永昌-長虹,9333,9,51,-42,0.3,14,sell
7/15,2301,兆豐證券,7000,36,9,27,0.19,15,buy
7/15,2301,凱基-松山,9217,37,69,-32,0.23,15,sell
7/15,2006,元大證券,9800,774,116,658,19.47,1,buy
7/15,2006,合庫證券,1020,0,311,-311,9.2,1,sell
7/15,2006,台灣摩根士丹利,1470,693,126,567,16.78,2,buy
7/15,2006,國票-敦北法人,0037003700390063,0,200,-200,5.92,2,sell
7/15,2006,摩根大通,8440,451,287,164,4.85,3,buy
7/15,2006,福邦證券,6480,0,139,-139,4.11,3,sell
7/15,2006,美商高盛,1480,342,181,161,4.76,4,buy
7/15,2006,統一-新台中,0035003800350044,0,100,-100,2.96,4,sell
7/15,2006,花旗環球,1590,46,0,46,1.36,5,buy
7/15,2006,玉山-新莊,8842,1,61,-60,1.78,5,sell
7/15,2006,玉山證券,8840,42,3,39,1.15,6,buy
7/15,2006,兆豐-南門,0037003000300067,0,50,-50,1.48,6,sell
7/15,2006,港商野村,1560,41,6,35,1.04,7,buy
7/15,2006,華南永昌-內壢,9337,0,50,-50,1.48,7,sell
7/15,2006,美林,1440,46,13,33,0.98,8,buy
7/15,2006,凱基-台北,9268,233,275,-42,1.24,8,sell
7/15,2006,凱基,9200,28,1,27,0.8,9,buy
7/15,2006,新加坡商瑞銀,1650,169,210,-41,1.21,9,sell
7/15,2006,永豐金證券,0039004100300030,40,19,21,0.62,10,buy
7/15,2006,台新-宜蘭,0039004200320055,0,23,-23,0.68,10,sell
7/15,2006,元大-南屯,9853,12,1,11,0.33,11,buy
7/15,2006,國泰-台南,8884,10,28,-18,0.53,11,sell
7/15,2006,元大-頭份,0039003800330055,10,0,10,0.3,12,buy
7/15,2006,台新-高雄,0039004200310067,0,18,-18,0.53,12,sell
7/15,2006,元大-斗信,9884,13,3,10,0.3,13,buy
7/15,2006,安泰-大發,8381,0,16,-16,0.47,13,sell
7/15,2006,元大-北三重,0039003800390056,7,0,7,0.21,14,buy
7/15,2006,富邦-台南,9667,0,16,-16,0.47,14,sell
7/15,2006,台新-松德,0039004200320061,17,10,7,0.21,15,buy
7/15,2006,元大-歸仁,0039003800310061,0,16,-16,0.47,15,sell
7/15,6176,元大證券,9800,674,81,593,18.65,1,buy
7/15,6176,台灣摩根士丹利,1470,136,414,-278,8.74,1,sell
7/15,6176,華南永昌-苗栗,9362,170,0,170,5.35,2,buy
7/15,6176,華南永昌,9300,1,242,-241,7.58,2,sell
7/15,6176,永豐金-彰化,0039004100390073,102,1,101,3.18,3,buy
7/15,6176,凱基-台北,9268,160,395,-235,7.39,3,sell
7/15,6176,群益金鼎,9100,79,13,66,2.08,4,buy
7/15,6176,摩根大通,8440,162,298,-136,4.28,4,sell
7/15,6176,港商野村,1560,71,11,60,1.89,5,buy
7/15,6176,新加坡商瑞銀,1650,107,234,-127,3.99,5,sell
7/15,6176,台新-西松,003900420032006e,36,0,36,1.13,6,buy
7/15,6176,富邦-板橋,9655,6,57,-51,1.6,6,sell
7/15,6176,玉山-信義,0038003800340043,34,0,34,1.07,7,buy
7/15,6176,元大-桃園,0039003800380042,2,32,-30,0.94,7,sell
7/15,6176,花旗環球,1590,32,0,32,1.01,8,buy
7/15,6176,國票-台南,0037003700390044,1,20,-19,0.6,8,sell
7/15,6176,永豐金-永康,0039004100390063,30,0,30,0.94,9,buy
7/15,6176,第一金-中山,5389,0,19,-19,0.6,9,sell
7/15,6176,華南永昌-高雄,9303,23,0,23,0.72,10,buy
7/15,6176,富邦-台南,9667,0,18,-18,0.57,10,sell
7/15,6176,群益金鼎-中港,9138,21,0,21,0.66,11,buy
7/15,6176,富邦-永和,9654,0,18,-18,0.57,11,sell
7/15,6176,凱基-台南,9211,20,0,20,0.63,12,buy
7/15,6176,元大-台中,9812,3,19,-16,0.5,12,sell
7/15,6176,兆豐-永和,0037003000300058,20,0,20,0.63,13,buy
7/15,6176,合庫-台中,1021,0,15,-15,0.47,13,sell
7/15,6176,國泰-台南,8884,20,2,18,0.57,14,buy
7/15,6176,兆豐-大安,003700300030006a,0,12,-12,0.38,14,sell
7/15,6176,富邦-高雄,9659,16,0,16,0.5,15,buy
7/15,6176,統一-桃園,0035003800350048,0,11,-11,0.35,15,sell
7/15,4938,元大證券,9800,1497,280,1217,19.67,1,buy
7/15,4938,港商野村,1560,0,1201,-1201,19.41,1,sell
7/15,4938,花旗環球,1590,487,29,458,7.4,2,buy
7/15,4938,富邦證券,9600,2,373,-371,6.0,2,sell
7/15,4938,美林,1440,554,199,355,5.74,3,buy
7/15,4938,美商高盛,1480,339,519,-180,2.91,3,sell
7/15,4938,摩根大通,8440,513,176,337,5.45,4,buy
7/15,4938,凱基-東港,9212,0,150,-150,2.42,4,sell
7/15,4938,永豐金-匯立,0039004100380031,307,0,307,4.96,5,buy
7/15,4938,凱基-台北,9268,311,442,-131,2.12,5,sell
7/15,4938,新加坡商瑞銀,1650,367,137,230,3.72,6,buy
7/15,4938,統一-台中,5856,8,135,-127,2.05,6,sell
7/15,4938,永豐金證券,0039004100300030,122,8,114,1.84,7,buy
7/15,4938,國泰證券,8880,4,76,-72,1.16,7,sell
7/15,4938,新光,8560,55,8,47,0.76,8,buy
7/15,4938,富邦-仁愛,9676,9,79,-70,1.13,8,sell
7/15,4938,第一金-彰化,5386,42,0,42,0.68,9,buy
7/15,4938,群益金鼎-基隆,0039003100330045,0,42,-42,0.68,9,sell
7/15,4938,永豐金-信義,0039004100390052,23,0,23,0.37,10,buy
7/15,4938,群益金鼎-東湖,003900310038004b,1,35,-34,0.55,10,sell
7/15,4938,群益金鼎-市府,0039003100300044,20,0,20,0.32,11,buy
7/15,4938,台灣摩根士丹利,1470,412,445,-33,0.53,11,sell
7/15,4938,第一金-嘉義,003500330038004d,20,1,19,0.31,12,buy
7/15,4938,康和-嘉義,8459,0,30,-30,0.48,12,sell
7/15,4938,凱基-高雄,9206,26,8,18,0.29,13,buy
7/15,4938,富邦-彰化,0039003600350055,0,30,-30,0.48,13,sell
7/15,4938,統一-永和,0035003800350042,15,0,15,0.24,14,buy
7/15,4938,富邦-建國,9658,3,31,-28,0.45,14,sell
7/15,4938,國泰-台南,8884,14,1,13,0.21,15,buy
7/15,4938,元大-羅東,0039003800320041,0,27,-27,0.44,15,sell
7/15,3036,台灣摩根士丹利,1470,1285,134,1151,13.43,1,buy
7/15,3036,台新,0039004200300030,29,1095,-1066,12.44,1,sell
7/15,3036,凱基-台北,9268,764,399,365,4.26,2,buy
7/15,3036,凱基,9200,129,1026,-897,10.46,2,sell
7/15,3036,新加坡商瑞銀,1650,434,152,282,3.29,3,buy
7/15,3036,富邦證券,9600,60,674,-614,7.16,3,sell
7/15,3036,花旗環球,1590,184,6,178,2.08,4,buy
7/15,3036,華南永昌,9300,21,532,-511,5.96,4,sell
7/15,3036,摩根大通,8440,398,232,166,1.94,5,buy
7/15,3036,美商高盛,1480,324,752,-428,4.99,5,sell
7/15,3036,港商麥格理,1360,124,0,124,1.45,6,buy
7/15,3036,大和國泰,8890,0,392,-392,4.57,6,sell
7/15,3036,港商野村,1560,117,0,117,1.36,7,buy
7/15,3036,元大-台北,0039003800300068,3,322,-319,3.72,7,sell
7/15,3036,玉山-景美,8849,113,2,111,1.29,8,buy
7/15,3036,群益金鼎,9100,29,268,-239,2.79,8,sell
7/15,3036,土銀,1030,109,0,109,1.27,9,buy
7/15,3036,永豐金證券,0039004100300030,41,279,-238,2.78,9,sell
7/15,3036,香港上海匯豐,8960,100,0,100,1.17,10,buy
7/15,3036,永豐金-匯立,0039004100380031,0,180,-180,2.1,10,sell
7/15,3036,國泰-敦南,8888,115,35,80,0.93,11,buy
7/15,3036,群益金鼎-民權,9131,1,95,-94,1.1,11,sell
7/15,3036,群益金鼎-忠孝,0039003100380057,63,0,63,0.73,12,buy
7/15,3036,宏遠證券,1260,12,68,-56,0.65,12,sell
7/15,3036,康和,8450,58,0,58,0.68,13,buy
7/15,3036,凱基-城中,9227,1,53,-52,0.61,13,sell
7/15,3036,元大-北投,0039003800390041,52,0,52,0.61,14,buy
7/15,3036,華南永昌-台中,9302,3,48,-45,0.52,14,sell
7/15,3036,元大-屏東民生,0039003800310068,49,0,49,0.57,15,buy
7/15,3036,凱基-新莊,0039003200310053,1,40,-39,0.45,15,sell
7/15,1319,美商高盛,1480,174,49,125,6.45,1,buy
7/15,1319,台灣摩根士丹利,1470,74,383,-309,15.94,1,sell
7/15,1319,凱基-台北,9268,109,12,97,5.0,2,buy
7/15,1319,永豐金證券,0039004100300030,26,299,-273,14.08,2,sell
7/15,1319,摩根大通,8440,303,224,79,4.07,3,buy
7/15,1319,美林,1440,52,210,-158,8.15,3,sell
7/15,1319,元大-金華,9878,70,0,70,3.61,4,buy
7/15,1319,玉山證券,8840,1,104,-103,5.31,4,sell
7/15,1319,合庫-三重,0031003000320047,68,14,54,2.78,5,buy
7/15,1319,新加坡商瑞銀,1650,12,100,-88,4.54,5,sell
7/15,1319,台新-屏新,0039004200320071,23,0,23,1.19,6,buy
7/15,1319,元大證券,9800,55,85,-30,1.55,6,sell
7/15,1319,統一,5850,26,5,21,1.08,7,buy
7/15,1319,玉山-新莊,8842,2,31,-29,1.5,7,sell
7/15,1319,新光-桃園,8565,20,1,19,0.98,8,buy
7/15,1319,元大-永康,9829,3,28,-25,1.29,8,sell
7/15,1319,台新,0039004200300030,18,0,18,0.93,9,buy
7/15,1319,花旗環球,1590,25,38,-13,0.67,9,sell
7/15,1319,永豐金-台中,003900410039004c,17,0,17,0.88,10,buy
7/15,1319,元大-復北,9872,0,8,-8,0.41,10,sell
7/15,1319,富邦-陽明,9604,16,0,16,0.83,11,buy
7/15,1319,國泰-新莊,8886,1,8,-7,0.36,11,sell
7/15,1319,凱基-中港,9202,15,0,15,0.77,12,buy
7/15,1319,凱基-長庚,9233,3,9,-6,0.31,12,sell
7/15,1319,群益金鼎-台中,9184,14,0,14,0.72,13,buy
7/15,1319,元大-敦南,0039003800390050,0,6,-6,0.31,13,sell
7/15,1319,元大-佳里,0039003800310065,15,1,14,0.72,14,buy
7/15,1319,富邦證券,9600,2,8,-6,0.31,14,sell
7/15,1319,台中銀-豐原,0036003100310041,12,0,12,0.62,15,buy
7/15,1319,國泰-桃園,8885,2,8,-6,0.31,15,sell
7/15,9907,凱基-台北,9268,914,77,837,18.93,1,buy
7/15,9907,統一,5850,0,1575,-1575,35.63,1,sell
7/15,9907,台灣摩根士丹利,1470,714,80,634,14.34,2,buy
7/15,9907,合庫證券,1020,0,1147,-1147,25.94,2,sell
7/15,9907,美商高盛,1480,552,148,404,9.14,3,buy
7/15,9907,台新-新店,0039004200320032,0,88,-88,1.99,3,sell
7/15,9907,新加坡商瑞銀,1650,406,38,368,8.32,4,buy
7/15,9907,華南永昌-林口,9317,0,43,-43,0.97,4,sell
7/15,9907,美林,1440,343,102,241,5.45,5,buy
7/15,9907,中國信託-中壢,0036003100360041,0,30,-30,0.68,5,sell
7/15,9907,港商野村,1560,205,41,164,3.71,6,buy
7/15,9907,台新-高雄,0039004200310067,4,31,-27,0.61,6,sell
7/15,9907,花旗環球,1590,95,0,95,2.15,7,buy
7/15,9907,元大-內湖,003900380039004e,0,26,-26,0.59,7,sell
7/15,9907,臺銀-民權,1043,81,0,81,1.83,8,buy
7/15,9907,富邦-七賢,003900360031004b,1,24,-23,0.52,8,sell
7/15,9907,元大證券,9800,143,82,61,1.38,9,buy
7/15,9907,台灣企銀-太平,1115,0,20,-20,0.45,9,sell
7/15,9907,土銀-南港,0031003000330046,40,0,40,0.9,10,buy
7/15,9907,致和-崇德,0037003000330042,1,21,-20,0.45,10,sell
7/15,9907,統一-新竹,5857,30,0,30,0.68,11,buy
7/15,9907,國票-南科,0037003700390065,0,20,-20,0.45,11,sell
7/15,9907,華南永昌-麻豆,9308,30,0,30,0.68,12,buy
7/15,9907,元大-新盛,9869,0,20,-20,0.45,12,sell
7/15,9907,兆豐-城中,0037003000300057,30,0,30,0.68,13,buy
7/15,9907,中國信託,6160,0,18,-18,0.41,13,sell
7/15,9907,台新-屏新,0039004200320071,29,0,29,0.66,14,buy
7/15,9907,永豐金-高雄,0039004100390065,0,18,-18,0.41,14,sell
7/15,9907,摩根大通,8440,193,173,20,0.45,15,buy
7/15,9907,富邦-仁愛,9676,2,19,-17,0.38,15,sell
7/15,6147,富邦證券,9600,5048,1449,3599,14.22,1,buy
7/15,6147,港商麥格理,1360,0,1000,-1000,3.95,1,sell
7/15,6147,台灣摩根士丹利,1470,1394,591,803,3.17,2,buy
7/15,6147,統一,5850,53,801,-748,2.96,2,sell
7/15,6147,美林,1440,627,50,577,2.28,3,buy
7/15,6147,凱基-台北,9268,864,1443,-579,2.29,3,sell
7/15,6147,永豐金證券,0039004100300030,664,185,479,1.89,4,buy
7/15,6147,國泰證券,8880,12,457,-445,1.76,4,sell
7/15,6147,新加坡商瑞銀,1650,829,427,402,1.59,5,buy
7/15,6147,凱基,9200,221,477,-256,1.01,5,sell
7/15,6147,元大-士林,003900380031006a,404,24,380,1.5,6,buy
7/15,6147,台新,0039004200300030,415,599,-184,0.73,6,sell
7/15,6147,永豐金-敦南,0039004100380046,427,122,305,1.2,7,buy
7/15,6147,國泰-敦南,8888,303,471,-168,0.66,7,sell
7/15,6147,台新-永和,0039004200320042,273,4,269,1.06,8,buy
7/15,6147,元大-敦化,9833,43,205,-162,0.64,8,sell
7/15,6147,元大-新莊,9898,680,458,222,0.88,9,buy
7/15,6147,華南永昌-彰化,9363,1,129,-128,0.51,9,sell
7/15,6147,富邦-永和,9654,258,40,218,0.86,10,buy
7/15,6147,永豐金-萬盛,0039004100390032,6,113,-107,0.42,10,sell
7/15,6147,摩根大通,8440,474,290,184,0.73,11,buy
7/15,6147,群益金鼎-大安,0039003100380065,2,106,-104,0.41,11,sell
7/15,6147,元大-中和,0039003800390065,183,19,164,0.65,12,buy
7/15,6147,富邦-新竹,9647,17,104,-87,0.34,12,sell
7/15,6147,美商高盛,1480,614,468,146,0.58,13,buy
7/15,6147,第一金-新竹,0035003300380042,8,95,-87,0.34,13,sell
7/15,6147,花旗環球,1590,126,0,126,0.5,14,buy
7/15,6147,元大-蘆洲中正,0039003800390049,4,85,-81,0.32,14,sell
7/15,6147,永豐金-敦北,0039004100380039,107,7,100,0.4,15,buy
7/15,6147,兆豐-大同,0037003000300053,0,74,-74,0.29,15,sell
7/15,6239,美商高盛,1480,1912,448,1464,8.85,1,buy
7/15,6239,元大-大雅,0039003800330069,19,800,-781,4.72,1,sell
7/15,6239,港商麥格理,1360,414,0,414,2.5,2,buy
7/15,6239,美林,1440,526,1147,-621,3.75,2,sell
7/15,6239,永豐金證券,0039004100300030,410,65,345,2.08,3,buy
7/15,6239,台新,0039004200300030,94,412,-318,1.92,3,sell
7/15,6239,元大證券,9800,1747,1439,308,1.86,4,buy
7/15,6239,統一,5850,40,349,-309,1.87,4,sell
7/15,6239,兆豐證券,7000,260,37,223,1.35,5,buy
7/15,6239,摩根大通,8440,443,644,-201,1.21,5,sell
7/15,6239,新加坡商瑞銀,1650,455,246,209,1.26,6,buy
7/15,6239,大和國泰,8890,0,186,-186,1.12,6,sell
7/15,6239,富邦-永康,003900360031005a,149,6,143,0.86,7,buy
7/15,6239,玉山證券,8840,24,208,-184,1.11,7,sell
7/15,6239,凱基,9200,143,3,140,0.85,8,buy
7/15,6239,凱基-台北,9268,913,1074,-161,0.97,8,sell
7/15,6239,宏遠證券,1260,98,4,94,0.57,9,buy
7/15,6239,玉山-板橋,8846,21,174,-153,0.92,9,sell
7/15,6239,華南永昌-竹北,9339,71,1,70,0.42,10,buy
7/15,6239,華南永昌-忠孝,9325,3,67,-64,0.39,10,sell
7/15,6239,台灣摩根士丹利,1470,1240,1174,66,0.4,11,buy
7/15,6239,中國信託,6160,50,102,-52,0.31,11,sell
7/15,6239,群益金鼎,9100,212,148,64,0.39,12,buy
7/15,6239,光和-溪湖,6381,1,52,-51,0.31,12,sell
7/15,6239,港商野村,1560,115,69,46,0.28,13,buy
7/15,6239,兆豐-桃鶯,0037003000300055,4,54,-50,0.3,13,sell
7/15,6239,康和-台北,0038003400350055,48,4,44,0.27,14,buy
7/15,6239,國泰證券,8880,81,130,-49,0.3,14,sell
7/15,6239,元大-松江,9801,48,7,41,0.25,15,buy
7/15,6239,台新-城東,0039004200320072,4,53,-49,0.3,15,sell
7/15,2385,港商野村,1560,745,0,745,34.06,1,buy
7/15,2385,台灣企銀,1110,2,400,-398,18.2,1,sell
7/15,2385,花旗環球,1590,67,13,54,2.47,2,buy
7/15,2385,美商高盛,1480,5,187,-182,8.32,2,sell
7/15,2385,國票-敦北法人,0037003700390063,50,1,49,2.24,3,buy
7/15,2385,台灣摩根士丹利,1470,91,226,-135,6.17,3,sell
7/15,2385,摩根大通,8440,226,182,44,2.01,4,buy
7/15,2385,永豐金-匯立,0039004100380031,0,115,-115,5.26,4,sell
7/15,2385,美林,1440,67,27,40,1.83,5,buy
7/15,2385,凱基-台北,9268,36,134,-98,4.48,5,sell
7/15,2385,元大證券,9800,122,86,36,1.65,6,buy
7/15,2385,新加坡商瑞銀,1650,3,96,-93,4.25,6,sell
7/15,2385,新光,8560,30,1,29,1.33,7,buy
7/15,2385,兆豐證券,7000,30,101,-71,3.25,7,sell
7/15,2385,兆豐-三民,0037003000300068,20,0,20,0.91,8,buy
7/15,2385,玉山-新莊,8842,3,41,-38,1.74,8,sell
7/15,2385,凱基-站前,0039003200300046,15,0,15,0.69,9,buy
7/15,2385,國泰證券,8880,4,37,-33,1.51,9,sell
7/15,2385,富邦-仁愛,9676,14,0,14,0.64,10,buy
7/15,2385,富邦-陽明,9604,7,29,-22,1.01,10,sell
7/15,2385,富邦-台北,9623,13,1,12,0.55,11,buy
7/15,2385,群益金鼎-嘉義,003900310038004d,0,22,-22,1.01,11,sell
7/15,2385,玉山-桃園,0038003800340046,20,8,12,0.55,12,buy
7/15,2385,國票-台南,0037003700390044,0,20,-20,0.91,12,sell
7/15,2385,國泰-新莊,8886,12,1,11,0.5,13,buy
7/15,2385,元大-大益,9814,1,20,-19,0.87,13,sell
7/15,2385,統一-高雄,5851,11,0,11,0.5,14,buy
7/15,2385,元大-信義安和,0039003800300052,0,14,-14,0.64,14,sell
7/15,2385,群益金鼎-民權,9131,11,0,11,0.5,15,buy
7/15,2385,台中銀-豐原,0036003100310041,0,13,-13,0.59,15,sell
7/15,2441,元大證券,9800,840,312,528,9.87,1,buy
7/15,2441,華南永昌-東勢,9358,1,102,-101,1.89,1,sell
7/15,2441,台灣摩根士丹利,1470,825,425,400,7.48,2,buy
7/15,2441,華南永昌-竹北,9339,0,67,-67,1.25,2,sell
7/15,2441,美商高盛,1480,228,125,103,1.92,3,buy
7/15,2441,凱基-台北,9268,464,522,-58,1.08,3,sell
7/15,2441,康和-嘉義,8459,102,5,97,1.81,4,buy
7/15,2441,富邦-南京,0039003600310043,0,53,-53,0.99,4,sell
7/15,2441,美林,1440,53,0,53,0.99,5,buy
7/15,2441,凱基-松山,9217,32,82,-50,0.93,5,sell
7/15,2441,港商野村,1560,57,15,42,0.78,6,buy
7/15,2441,元大-竹南,0039003800330056,6,53,-47,0.88,6,sell
7/15,2441,花旗環球,1590,39,0,39,0.73,7,buy
7/15,2441,元大-六合,0039003800320043,0,36,-36,0.67,7,sell
7/15,2441,摩根大通,8440,134,103,31,0.58,8,buy
7/15,2441,群益金鼎-古亭,0039003100380043,0,32,-32,0.6,8,sell
7/15,2441,兆豐-新竹,0037003000300056,30,2,28,0.52,9,buy
7/15,2441,新加坡商瑞銀,1650,83,110,-27,0.5,9,sell
7/15,2441,元大-中壢,9834,31,4,27,0.5,10,buy
7/15,2441,群益金鼎-永和,003900310038004a,2,26,-24,0.45,10,sell
7/15,2441,富邦-頭份,0039003600320050,41,14,27,0.5,11,buy
7/15,2441,富邦-建國,9658,2,26,-24,0.45,11,sell
7/15,2441,永豐金證券,0039004100300030,59,34,25,0.47,12,buy
7/15,2441,國泰-館前,0038003800380041,3,26,-23,0.43,12,sell
7/15,2441,華南永昌,9300,32,8,24,0.45,13,buy
7/15,2441,元大-大甲,0039003800390055,1,22,-21,0.39,13,sell
7/15,2441,群益金鼎-鳳山,0039003100380063,22,1,21,0.39,14,buy
7/15,2441,國票-桃園,0037003700390072,0,21,-21,0.39,14,sell
7/15,2441,元大-發財,0039003800310045,25,4,21,0.39,15,buy
7/15,2441,台新-新興,003900420032006f,0,20,-20,0.37,15,sell
7/15,2207,元大證券,9800,50,8,42,15.11,1,buy
7/15,2207,台灣摩根士丹利,1470,13,33,-20,7.19,1,sell
7/15,2207,花旗環球,1590,34,2,32,11.51,2,buy
7/15,2207,台灣企銀-北高雄,0031003100310046,0,20,-20,7.19,2,sell
7/15,2207,美商高盛,1480,38,21,17,6.12,3,buy
7/15,2207,凱基-台北,9268,21,33,-12,4.32,3,sell
7/15,2207,新加坡商瑞銀,1650,26,12,14,5.04,4,buy
7/15,2207,摩根大通,8440,28,37,-9,3.24,4,sell
7/15,2207,港商野村,1560,10,0,10,3.6,5,buy
7/15,2207,群益金鼎,9100,1,7,-6,2.16,5,sell
7/15,2207,凱基,9200,6,0,6,2.16,6,buy
7/15,2207,群益金鼎-台南,9185,0,6,-6,2.16,6,sell
7/15,2207,美林,1440,9,4,5,1.8,7,buy
7/15,2207,台新-三民,0039004200310033,0,6,-6,2.16,7,sell
7/15,2207,新光,8560,5,1,4,1.44,8,buy
7/15,2207,國泰-敦南,8888,0,5,-5,1.8,8,sell
7/15,2207,法銀巴黎,8900,4,0,4,1.44,9,buy
7/15,2207,土銀-花蓮,1037,0,5,-5,1.8,9,sell
7/15,2207,香港上海匯豐,8960,3,0,3,1.08,10,buy
7/15,2207,台灣企銀-太平,1115,0,5,-5,1.8,10,sell
7/15,2207,台新-安南,003900420032005a,3,0,3,1.08,11,buy
7/15,2207,元大-彰化,0039003800310047,0,3,-3,1.08,11,sell
7/15,2207,永豐金-市政,0039004100390057,2,0,2,0.72,12,buy
7/15,2207,富邦-新板,0039003600310048,0,2,-2,0.72,12,sell
7/15,2207,兆豐-寶成,0037003000300072,2,0,2,0.72,13,buy
7/15,2207,群益金鼎-高雄,9183,0,2,-2,0.72,13,sell
7/15,2207,永豐金證券,0039004100300030,3,1,2,0.72,14,buy
7/15,2207,富邦-板橋,9655,0,2,-2,0.72,14,sell
7/15,2207,台新-松德,0039004200320061,2,0,2,0.72,15,buy
7/15,2207,美好-富順,003500320036004b,0,2,-2,0.72,15,sell
7/15,0052,群益金鼎,9100,2217,862,1355,7.37,1,buy
7/15,0052,元大證券,9800,2174,3636,-1462,7.96,1,sell
7/15,0052,台新,0039004200300030,1183,75,1108,6.03,2,buy
7/15,0052,新加坡商瑞銀,1650,1310,1926,-616,3.35,2,sell
7/15,0052,凱基,9200,924,3,921,5.01,3,buy
7/15,0052,永豐金證券,0039004100300030,418,872,-454,2.47,3,sell
7/15,0052,凱基-台北,9268,2570,1872,698,3.8,4,buy
7/15,0052,康和,8450,53,441,-388,2.11,4,sell
7/15,0052,宏遠證券,1260,360,0,360,1.96,5,buy
7/15,0052,富邦-仁愛,9676,52,258,-206,1.12,5,sell
7/15,0052,統一,5850,429,86,343,1.87,6,buy
7/15,0052,國泰-敦南,8888,200,371,-171,0.93,6,sell
7/15,0052,富邦證券,9600,634,299,335,1.82,7,buy
7/15,0052,富邦-樹林,0039003600320045,4,157,-153,0.83,7,sell
7/15,0052,兆豐證券,7000,240,5,235,1.28,8,buy
7/15,0052,聯邦證券,8580,1,129,-128,0.7,8,sell
7/15,0052,國泰證券,8880,154,1,153,0.83,9,buy
7/15,0052,第一金-高雄,5383,2,122,-120,0.65,9,sell
7/15,0052,中國信託,6160,295,206,89,0.48,10,buy
7/15,0052,康和-仁愛,0038003400350046,11,106,-95,0.52,10,sell
7/15,0052,國泰-松江,8883,65,4,61,0.33,11,buy
7/15,0052,國泰-板橋,003800380038004b,78,171,-93,0.51,11,sell
7/15,0052,兆豐-天母,003700300030004c,50,7,43,0.23,12,buy
7/15,0052,國泰-高雄,8881,38,116,-78,0.42,12,sell
7/15,0052,兆豐-岡山,0037003000300073,40,0,40,0.22,13,buy
7/15,0052,美好-中壢,5266,1,71,-70,0.38,13,sell
7/15,0052,元大-羅東,0039003800320041,39,3,36,0.2,14,buy
7/15,0052,臺銀-高雄,0031003000340043,21,88,-67,0.36,14,sell
7/15,0052,華南永昌-中正,9359,35,4,31,0.17,15,buy
7/15,0052,元大-樹林,003900380039006a,5,67,-62,0.34,15,sell
