date,stock_code,broker_name,broker_id,buy_vol,sell_vol,net_vol,pct,rank,side
9/09,2330,美林,1440,1541,839,702,4.22,1,buy
9/09,2330,元大證券,9800,1166,2484,-1318,7.92,1,sell
9/09,2330,台灣摩根士丹利,1470,1435,950,485,2.92,2,buy
9/09,2330,美商高盛,1480,951,1652,-701,4.21,2,sell
9/09,2330,統一,5850,572,108,464,2.79,3,buy
9/09,2330,港商麥格理,1360,553,1230,-677,4.07,3,sell
9/09,2330,花旗環球,1590,312,59,253,1.52,4,buy
9/09,2330,富邦證券,9600,156,608,-452,2.72,4,sell
9/09,2330,港商野村,1560,362,163,199,1.2,5,buy
9/09,2330,摩根大通,8440,1375,1810,-435,2.61,5,sell
9/09,2330,康和,8450,159,1,158,0.95,6,buy
9/09,2330,凱基-台北,9268,292,618,-326,1.96,6,sell
9/09,2330,兆豐證券,7000,116,7,109,0.66,7,buy
9/09,2330,大和國泰,8890,0,137,-137,0.82,7,sell
9/09,2330,元大-中和,0039003800390065,103,1,102,0.61,8,buy
9/09,2330,新加坡商瑞銀,1650,1323,1449,-126,0.76,8,sell
9/09,2330,統一-仁愛,0035003800350063,65,0,65,0.39,9,buy
9/09,2330,台新,0039004200300030,48,159,-111,0.67,9,sell
9/09,2330,元大-四維,9831,57,2,55,0.33,10,buy
9/09,2330,香港上海匯豐,8960,32,113,-81,0.49,10,sell
9/09,2330,富邦-台北,9623,66,17,49,0.29,11,buy
9/09,2330,凱基,9200,25,97,-72,0.43,11,sell
9/09,2330,永豐金-匯立,0039004100380031,455,406,49,0.29,12,buy
9/09,2330,法銀巴黎,8900,4,46,-42,0.25,12,sell
9/09,2330,凱基-三多,9275,46,0,46,0.28,13,buy
9/09,2330,宏遠-桃園,1262,1,35,-34,0.2,13,sell
9/09,2330,群益金鼎,9100,114,68,46,0.28,14,buy
9/09,2330,第一金-中壢,0035003300380059,15,42,-27,0.16,14,sell
9/09,2330,國泰證券,8880,110,66,44,0.26,15,buy
9/09,2330,富邦-新竹,9647,15,41,-26,0.16,15,sell
9/09,2317,美商高盛,1480,2113,334,1779,9.01,1,buy
9/09,2317,港商麥格理,1360,628,2144,-1516,7.68,1,sell
9/09,2317,元大證券,9800,2554,841,1713,8.67,2,buy
9/09,2317,台灣摩根士丹利,1470,1387,2609,-1222,6.19,2,sell
9/09,2317,花旗環球,1590,1479,326,1153,5.84,3,buy
9/09,2317,國泰證券,8880,5,397,-392,1.98,3,sell
9/09,2317,凱基-台北,9268,568,91,477,2.41,4,buy
9/09,2317,第一金,5380,0,294,-294,1.49,4,sell
9/09,2317,美林,1440,875,411,464,2.35,5,buy
9/09,2317,富邦證券,9600,19,222,-203,1.03,5,sell
9/09,2317,港商野村,1560,251,6,245,1.24,6,buy
9/09,2317,臺銀,1040,12,212,-200,1.01,6,sell
9/09,2317,華南永昌,9300,264,25,239,1.21,7,buy
9/09,2317,中國信託-中壢,0036003100360041,9,203,-194,0.98,7,sell
9/09,2317,台新,0039004200300030,325,230,95,0.48,8,buy
9/09,2317,元大-基隆,0039003800390059,7,151,-144,0.73,8,sell
9/09,2317,新加坡商瑞銀,1650,604,511,93,0.47,9,buy
9/09,2317,華南永昌-頭份,9343,11,120,-109,0.55,9,sell
9/09,2317,玉山證券,8840,99,14,85,0.43,10,buy
9/09,2317,元大-太平,0039003800310051,12,108,-96,0.49,10,sell
9/09,2317,中國信託,6160,130,52,78,0.39,11,buy
9/09,2317,國泰-敦南,8888,167,255,-88,0.45,11,sell
9/09,2317,摩根大通,8440,1367,1305,62,0.31,12,buy
9/09,2317,第一金-忠孝,0035003300380044,14,102,-88,0.45,12,sell
9/09,2317,中國信託-忠孝,6162,72,13,59,0.3,13,buy
9/09,2317,玉山-雙和,8841,2,87,-85,0.43,13,sell
9/09,2317,陽信-高雄,8713,53,0,53,0.27,14,buy
9/09,2317,新光,8560,129,206,-77,0.39,14,sell
9/09,2317,福邦證券,6480,50,1,49,0.25,15,buy
9/09,2317,康和-永和,0038003400350042,0,75,-75,0.38,15,sell
9/09,2454,富邦證券,9600,174,60,114,2.12,1,buy
9/09,2454,美林,1440,236,450,-214,3.98,1,sell
9/09,2454,永豐金證券,0039004100300030,142,50,92,1.71,2,buy
9/09,2454,香港上海匯豐,8960,1,157,-156,2.9,2,sell
9/09,2454,元大證券,9800,430,357,73,1.36,3,buy
9/09,2454,港商野村,1560,59,207,-148,2.75,3,sell
9/09,2454,凱基-站前,0039003200300046,57,9,48,0.89,4,buy
9/09,2454,台灣摩根士丹利,1470,310,437,-127,2.36,4,sell
9/09,2454,統一,5850,70,27,43,0.8,5,buy
9/09,2454,美商高盛,1480,306,413,-107,1.99,5,sell
9/09,2454,港商麥格理,1360,107,75,32,0.6,6,buy
9/09,2454,花旗環球,1590,58,164,-106,1.97,6,sell
9/09,2454,富邦-敦南,9663,26,2,24,0.45,7,buy
9/09,2454,凱基-台北,9268,264,343,-79,1.47,7,sell
9/09,2454,華南永昌-小港,9323,23,2,21,0.39,8,buy
9/09,2454,國泰證券,8880,4,56,-52,0.97,8,sell
9/09,2454,摩根大通,8440,278,259,19,0.35,9,buy
9/09,2454,元大-館前,003900380034004b,6,30,-24,0.45,9,sell
9/09,2454,凱基,9200,24,8,16,0.3,10,buy
9/09,2454,元大-新盛,9869,2,20,-18,0.33,10,sell
9/09,2454,富邦-台北,9623,46,32,14,0.26,11,buy
9/09,2454,富邦-永和,9654,7,21,-14,0.26,11,sell
9/09,2454,華南永昌-台中,9302,20,7,13,0.24,12,buy
9/09,2454,統一-南京,0035003800350055,3,17,-14,0.26,12,sell
9/09,2454,國泰-敦南,8888,73,61,12,0.22,13,buy
9/09,2454,第一金,5380,1,15,-14,0.26,13,sell
9/09,2454,統一-城中,5854,18,6,12,0.22,14,buy
9/09,2454,(牛牛牛)亞-鑫豐,0036003000310064,0,14,-14,0.26,14,sell
9/09,2454,元大-南屯,9853,17,6,11,0.2,15,buy
9/09,2454,國票-安和,003700370039005a,3,15,-12,0.22,15,sell
9/09,2308,摩根大通,8440,856,430,426,5.31,1,buy
9/09,2308,富邦證券,9600,131,473,-342,4.26,1,sell
9/09,2308,永豐金-匯立,0039004100380031,417,24,393,4.9,2,buy
9/09,2308,美商高盛,1480,535,871,-336,4.19,2,sell
9/09,2308,花旗環球,1590,415,25,390,4.86,3,buy
9/09,2308,國票-敦北法人,0037003700390063,1,301,-300,3.74,3,sell
9/09,2308,台灣摩根士丹利,1470,750,507,243,3.03,4,buy
9/09,2308,永豐金證券,0039004100300030,59,353,-294,3.67,4,sell
9/09,2308,凱基-台北,9268,480,250,230,2.87,5,buy
9/09,2308,美林,1440,212,484,-272,3.39,5,sell
9/09,2308,元大-忠孝鼎富,0039003800320046,58,0,58,0.72,6,buy
9/09,2308,統一,5850,37,244,-207,2.58,6,sell
9/09,2308,國泰證券,8880,111,58,53,0.66,7,buy
9/09,2308,元大證券,9800,584,693,-109,1.36,7,sell
9/09,2308,元大-四維,9831,41,3,38,0.47,8,buy
9/09,2308,兆豐證券,7000,1,90,-89,1.11,8,sell
9/09,2308,華南永昌-台中,9302,55,22,33,0.41,9,buy
9/09,2308,港商麥格理,1360,66,109,-43,0.54,9,sell
9/09,2308,香港上海匯豐,8960,32,1,31,0.39,10,buy
9/09,2308,凱基-站前,0039003200300046,8,44,-36,0.45,10,sell
9/09,2308,新加坡商瑞銀,1650,270,243,27,0.34,11,buy
9/09,2308,元大-松山,0039003800310070,3,36,-33,0.41,11,sell
9/09,2308,土銀-花蓮,1037,20,0,20,0.25,12,buy
9/09,2308,元大-館前,003900380034004b,5,35,-30,0.37,12,sell
9/09,2308,群益金鼎-東門,0039003100380044,18,1,17,0.21,13,buy
9/09,2308,港商野村,1560,96,118,-22,0.27,13,sell
9/09,2308,福邦證券,6480,15,1,14,0.17,14,buy
9/09,2308,凱基,9200,21,40,-19,0.24,14,sell
9/09,2308,永豐金-天母,0039004100390047,16,4,12,0.15,15,buy
9/09,2308,永豐金-大園,0039004100390038,8,25,-17,0.21,15,sell
9/09,2382,港商麥格理,1360,3265,976,2289,8.72,1,buy
9/09,2382,國泰證券,8880,2,1614,-1612,6.14,1,sell
9/09,2382,美商高盛,1480,2869,857,2012,7.66,2,buy
9/09,2382,大和國泰,8890,150,500,-350,1.33,2,sell
9/09,2382,元大證券,9800,3417,1594,1823,6.94,3,buy
9/09,2382,元大-台中,9812,1,333,-332,1.26,3,sell
9/09,2382,新加坡商瑞銀,1650,2007,321,1686,6.42,4,buy
9/09,2382,國票-南京,003700370039006e,2,268,-266,1.01,4,sell
9/09,2382,富邦證券,9600,1214,115,1099,4.19,5,buy
9/09,2382,國泰-敦南,8888,126,364,-238,0.91,5,sell
9/09,2382,美林,1440,1626,538,1088,4.14,6,buy
9/09,2382,新光,8560,18,240,-222,0.85,6,sell
9/09,2382,港商野村,1560,1536,483,1053,4.01,7,buy
9/09,2382,永豐金-萬盛,0039004100390032,9,203,-194,0.74,7,sell
9/09,2382,摩根大通,8440,1725,764,961,3.66,8,buy
9/09,2382,富邦-南京,0039003600310043,0,183,-183,0.7,8,sell
9/09,2382,法銀巴黎,8900,525,0,525,2.0,9,buy
9/09,2382,兆豐-桃園,003700300030004d,1,162,-161,0.61,9,sell
9/09,2382,花旗環球,1590,608,85,523,1.99,10,buy
9/09,2382,凱基-台北,9268,1755,1906,-151,0.58,10,sell
9/09,2382,兆豐證券,7000,501,158,343,1.31,11,buy
9/09,2382,凱基,9200,65,215,-150,0.57,11,sell
9/09,2382,台灣摩根士丹利,1470,1844,1627,217,0.83,12,buy
9/09,2382,富邦-建國,9658,0,128,-128,0.49,12,sell
9/09,2382,中國信託,6160,185,86,99,0.38,13,buy
9/09,2382,富邦-三重,9677,13,136,-123,0.47,13,sell
9/09,2382,凱基-三重,9205,46,11,35,0.13,14,buy
9/09,2382,永豐金-桃園,0039004100390078,1,114,-113,0.43,14,sell
9/09,2382,國票-安和,003700370039005a,54,33,21,0.08,15,buy
9/09,2382,福邦證券,6480,0,102,-102,0.39,15,sell
9/09,2891,台新,0039004200300030,2447,62,2385,8.16,1,buy
9/09,2891,美商高盛,1480,1463,4879,-3416,11.69,1,sell
9/09,2891,台灣摩根士丹利,1470,2344,1221,1123,3.84,2,buy
9/09,2891,永豐金-匯立,0039004100380031,1042,4025,-2983,10.21,2,sell
9/09,2891,京城,8490,1005,0,1005,3.44,3,buy
9/09,2891,摩根大通,8440,1315,3672,-2357,8.06,3,sell
9/09,2891,元大證券,9800,2104,1226,878,3.0,4,buy
9/09,2891,花旗環球,1590,221,2152,-1931,6.61,4,sell
9/09,2891,富邦證券,9600,651,3,648,2.22,5,buy
9/09,2891,美林,1440,303,1813,-1510,5.17,5,sell
9/09,2891,國泰-敦南,8888,450,115,335,1.15,6,buy
9/09,2891,港商麥格理,1360,479,1366,-887,3.03,6,sell
9/09,2891,新光,8560,310,64,246,0.84,7,buy
9/09,2891,國泰證券,8880,35,821,-786,2.69,7,sell
9/09,2891,港商野村,1560,349,122,227,0.78,8,buy
9/09,2891,永豐金證券,0039004100300030,455,1092,-637,2.18,8,sell
9/09,2891,中國信託-永康,6163,225,4,221,0.76,9,buy
9/09,2891,新加坡商瑞銀,1650,923,1504,-581,1.99,9,sell
9/09,2891,華南永昌-小港,9323,184,1,183,0.63,10,buy
9/09,2891,凱基-台北,9268,156,721,-565,1.93,10,sell
9/09,2891,國泰-松江,8883,159,0,159,0.54,11,buy
9/09,2891,元大-基隆孝二,003900380036004b,13,250,-237,0.81,11,sell
9/09,2891,中國信託,6160,196,44,152,0.52,12,buy
9/09,2891,兆豐-員林,003700300030006b,25,208,-183,0.63,12,sell
9/09,2891,致和-金華,7034,178,33,145,0.5,13,buy
9/09,2891,統一,5850,61,142,-81,0.28,13,sell
9/09,2891,華南永昌-大安,9307,144,2,142,0.49,14,buy
9/09,2891,元大-北三重,0039003800390056,34,112,-78,0.27,14,sell
9/09,2891,國泰-板橋,003800380038004b,159,26,133,0.46,15,buy
9/09,2891,兆豐-三重,7008,6,80,-74,0.25,15,sell
9/09,2881,新加坡商瑞銀,1650,3495,2211,1284,7.77,1,buy
9/09,2881,摩根大通,8440,714,3951,-3237,19.58,1,sell
9/09,2881,第一金,5380,471,1,470,2.84,2,buy
9/09,2881,凱基-台北,9268,194,854,-660,3.99,2,sell
9/09,2881,香港上海匯豐,8960,443,4,439,2.66,3,buy
9/09,2881,台灣摩根士丹利,1470,2587,2927,-340,2.06,3,sell
9/09,2881,永豐金-匯立,0039004100380031,429,8,421,2.55,4,buy
9/09,2881,港商野村,1560,1,273,-272,1.65,4,sell
9/09,2881,美商高盛,1480,1245,855,390,2.36,5,buy
9/09,2881,美林,1440,186,348,-162,0.98,5,sell
9/09,2881,大和國泰,8890,253,0,253,1.53,6,buy
9/09,2881,兆豐-南門,0037003000300067,2,103,-101,0.61,6,sell
9/09,2881,港商麥格理,1360,381,203,178,1.08,7,buy
9/09,2881,元大證券,9800,1534,1622,-88,0.53,7,sell
9/09,2881,兆豐-城中,0037003000300057,768,598,170,1.03,8,buy
9/09,2881,法銀巴黎,8900,0,77,-77,0.47,8,sell
9/09,2881,花旗環球,1590,173,20,153,0.93,9,buy
9/09,2881,富邦-陽明,9604,21,76,-55,0.33,9,sell
9/09,2881,富邦-台北,9623,183,43,140,0.85,10,buy
9/09,2881,元大-板橋,0039003800390043,2,52,-50,0.3,10,sell
9/09,2881,凱基,9200,260,186,74,0.45,11,buy
9/09,2881,元大-台南,9896,5,47,-42,0.25,11,sell
9/09,2881,台中銀-台北,6115,60,0,60,0.36,12,buy
9/09,2881,台新,0039004200300030,12,51,-39,0.24,12,sell
9/09,2881,彰銀,1230,53,0,53,0.32,13,buy
9/09,2881,玉山-板橋,8846,4,38,-34,0.21,13,sell
9/09,2881,永豐金-板新,003900410039004a,53,2,51,0.31,14,buy
9/09,2881,新光-新竹,8563,43,74,-31,0.19,14,sell
9/09,2881,中國信託-忠孝,6162,39,1,38,0.23,15,buy
9/09,2881,群益金鼎,9100,150,176,-26,0.16,15,sell
9/09,2882,花旗環球,1590,2800,1663,1137,4.83,1,buy
9/09,2882,台灣摩根士丹利,1470,389,3743,-3354,14.24,1,sell
9/09,2882,美商高盛,1480,1909,1410,499,2.12,2,buy
9/09,2882,美林,1440,1537,2754,-1217,5.17,2,sell
9/09,2882,港商野村,1560,601,144,457,1.94,3,buy
9/09,2882,元大證券,9800,3118,3610,-492,2.09,3,sell
9/09,2882,凱基-台北,9268,1043,657,386,1.64,4,buy
9/09,2882,新加坡商瑞銀,1650,1471,1943,-472,2.0,4,sell
9/09,2882,華南永昌-敦南,9347,211,1,210,0.89,5,buy
9/09,2882,香港上海匯豐,8960,0,418,-418,1.78,5,sell
9/09,2882,港商麥格理,1360,149,19,130,0.55,6,buy
9/09,2882,國泰-館前,0038003800380041,52,414,-362,1.54,6,sell
9/09,2882,華南永昌-苗栗,9362,380,264,116,0.49,7,buy
9/09,2882,康和,8450,0,250,-250,1.06,7,sell
9/09,2882,凱基-高雄,9206,196,86,110,0.47,8,buy
9/09,2882,元大-善化,0039003800310079,7,207,-200,0.85,8,sell
9/09,2882,(牛牛牛)亞證券,6010,100,0,100,0.42,9,buy
9/09,2882,陽信,8710,6,200,-194,0.82,9,sell
9/09,2882,康和-永和,0038003400350042,100,0,100,0.42,10,buy
9/09,2882,摩根大通,8440,1049,1234,-185,0.79,10,sell
9/09,2882,(牛牛牛)亞-鑫豐,0036003000310064,94,4,90,0.38,11,buy
9/09,2882,統一,5850,103,245,-142,0.6,11,sell
9/09,2882,華南永昌-大安,9307,88,7,81,0.34,12,buy
9/09,2882,法銀巴黎,8900,0,92,-92,0.39,12,sell
9/09,2882,國泰-敦南,8888,250,170,80,0.34,13,buy
9/09,2882,元大-大甲,0039003800390055,21,100,-79,0.34,13,sell
9/09,2882,中國信託,6160,109,34,75,0.32,14,buy
9/09,2882,聯邦-三重,8585,0,71,-71,0.3,14,sell
9/09,2882,凱基-台南,9211,71,1,70,0.3,15,buy
9/09,2882,永豐金證券,0039004100300030,135,201,-66,0.28,15,sell
9/09,2303,統一,5850,8151,2723,5428,2.01,1,buy
9/09,2303,元大證券,9800,25625,33108,-7483,2.76,1,sell
9/09,2303,台灣摩根士丹利,1470,13950,9402,4548,1.68,2,buy
9/09,2303,凱基-台北,9268,9341,14667,-5326,1.97,2,sell
9/09,2303,富邦證券,9600,7227,2930,4297,1.59,3,buy
9/09,2303,摩根大通,8440,6052,10102,-4050,1.5,3,sell
9/09,2303,港商野村,1560,4704,599,4105,1.52,4,buy
9/09,2303,凱基-城中,9227,407,4097,-3690,1.36,4,sell
9/09,2303,美林,1440,6328,2314,4014,1.48,5,buy
9/09,2303,統一-城中,5854,698,2962,-2264,0.84,5,sell
9/09,2303,美商高盛,1480,15342,11874,3468,1.28,6,buy
9/09,2303,國票-敦北法人,0037003700390063,223,1964,-1741,0.64,6,sell
9/09,2303,花旗環球,1590,2506,436,2070,0.76,7,buy
9/09,2303,凱基-站前,0039003200300046,3521,5202,-1681,0.62,7,sell
9/09,2303,凱基,9200,2378,443,1935,0.71,8,buy
9/09,2303,群益金鼎-大安,0039003100380065,1064,2424,-1360,0.5,8,sell
9/09,2303,台新,0039004200300030,2865,1101,1764,0.65,9,buy
9/09,2303,兆豐證券,7000,2916,4093,-1177,0.43,9,sell
9/09,2303,國泰證券,8880,2213,470,1743,0.64,10,buy
9/09,2303,國泰-敦南,8888,4990,5871,-881,0.33,10,sell
9/09,2303,華南永昌,9300,2364,765,1599,0.59,11,buy
9/09,2303,康和,8450,116,895,-779,0.29,11,sell
9/09,2303,群益金鼎-台北,0039003100380058,2879,1484,1395,0.52,12,buy
9/09,2303,元大-土城永寧,9875,2134,2704,-570,0.21,12,sell
9/09,2303,宏遠證券,1260,1259,87,1172,0.43,13,buy
9/09,2303,群益金鼎-館前,0039003100330059,216,739,-523,0.19,13,sell
9/09,2303,中國信託,6160,1951,842,1109,0.41,14,buy
9/09,2303,國票-安和,003700370039005a,391,904,-513,0.19,14,sell
9/09,2303,凱基-信義,9216,4130,3028,1102,0.41,15,buy
9/09,2303,兆豐-民生,0037003000300063,121,612,-491,0.18,15,sell
9/09,3711,台灣摩根士丹利,1470,4039,453,3586,15.62,1,buy
9/09,3711,美林,1440,1152,2826,-1674,7.29,1,sell
9/09,3711,美商高盛,1480,2938,680,2258,9.84,2,buy
9/09,3711,群益金鼎,9100,199,681,-482,2.1,2,sell
9/09,3711,元大證券,9800,3094,1559,1535,6.69,3,buy
9/09,3711,國泰-敦南,8888,182,544,-362,1.58,3,sell
9/09,3711,新加坡商瑞銀,1650,1763,581,1182,5.15,4,buy
9/09,3711,群益金鼎-大安,0039003100380065,0,232,-232,1.01,4,sell
9/09,3711,花旗環球,1590,862,21,841,3.66,5,buy
9/09,3711,凱基,9200,70,283,-213,0.93,5,sell
9/09,3711,香港上海匯豐,8960,628,37,591,2.57,6,buy
9/09,3711,兆豐-大同,0037003000300053,2,154,-152,0.66,6,sell
9/09,3711,永豐金證券,0039004100300030,415,145,270,1.18,7,buy
9/09,3711,統一-新台中,0035003800350044,3,120,-117,0.51,7,sell
9/09,3711,大和國泰,8890,177,0,177,0.77,8,buy
9/09,3711,富邦證券,9600,585,694,-109,0.47,8,sell
9/09,3711,摩根大通,8440,555,388,167,0.73,9,buy
9/09,3711,國泰-板橋,003800380038004b,28,129,-101,0.44,9,sell
9/09,3711,港商麥格理,1360,219,55,164,0.71,10,buy
9/09,3711,元大-台北,0039003800300068,2,93,-91,0.4,10,sell
9/09,3711,國泰證券,8880,178,57,121,0.53,11,buy
9/09,3711,國泰-台中,8882,52,141,-89,0.39,11,sell
9/09,3711,凱基-台北,9268,1078,983,95,0.41,12,buy
9/09,3711,台新-左楠,0039004200310064,6,84,-78,0.34,12,sell
9/09,3711,台新-松德,0039004200320061,65,13,52,0.23,13,buy
9/09,3711,中國信託,6160,28,100,-72,0.31,13,sell
9/09,3711,兆豐證券,7000,61,12,49,0.21,14,buy
9/09,3711,新光,8560,50,115,-65,0.28,14,sell
9/09,3711,台新,0039004200300030,178,133,45,0.2,15,buy
9/09,3711,元大-桃園,0039003800380042,9,68,-59,0.26,15,sell
9/09,2603,摩根大通,8440,1218,89,1129,13.06,1,buy
9/09,2603,兆豐-大同,0037003000300053,0,390,-390,4.51,1,sell
9/09,2603,美林,1440,752,78,674,7.79,2,buy
9/09,2603,永豐金-中正,0039004100390055,2,322,-320,3.7,2,sell
9/09,2603,花旗環球,1590,439,2,437,5.05,3,buy
9/09,2603,新加坡商瑞銀,1650,1041,1310,-269,3.11,3,sell
9/09,2603,元大證券,9800,731,388,343,3.97,4,buy
9/09,2603,美商高盛,1480,767,1026,-259,3.0,4,sell
9/09,2603,凱基-台北,9268,495,153,342,3.96,5,buy
9/09,2603,合庫-高雄,1023,3,144,-141,1.63,5,sell
9/09,2603,台灣摩根士丹利,1470,788,671,117,1.35,6,buy
9/09,2603,第一金,5380,6,121,-115,1.33,6,sell
9/09,2603,港商麥格理,1360,95,0,95,1.1,7,buy
9/09,2603,國泰-敦南,8888,43,131,-88,1.02,7,sell
9/09,2603,凱基,9200,111,47,64,0.74,8,buy
9/09,2603,富邦-板橋,9655,7,79,-72,0.83,8,sell
9/09,2603,合庫證券,1020,114,57,57,0.66,9,buy
9/09,2603,新光,8560,25,80,-55,0.64,9,sell
9/09,2603,華南永昌-麻豆,9308,51,0,51,0.59,10,buy
9/09,2603,華南永昌-竹北,9339,0,50,-50,0.58,10,sell
9/09,2603,元大-發財,0039003800310045,50,0,50,0.58,11,buy
9/09,2603,康和-仁愛,0038003400350046,0,50,-50,0.58,11,sell
9/09,2603,永豐金-匯立,0039004100380031,57,11,46,0.53,12,buy
9/09,2603,元大-台中,9812,2,49,-47,0.54,12,sell
9/09,2603,永豐金證券,0039004100300030,71,30,41,0.47,13,buy
9/09,2603,台新,0039004200300030,29,61,-32,0.37,13,sell
9/09,2603,凱基-竹科,9272,40,4,36,0.42,14,buy
9/09,2603,元大-善化,0039003800310079,0,32,-32,0.37,14,sell
9/09,2603,兆豐證券,7000,40,6,34,0.39,15,buy
9/09,2603,群益金鼎-南京,0039003100380045,1,31,-30,0.35,15,sell
9/09,2609,香港上海匯豐,8960,2900,0,2900,9.17,1,buy
9/09,2609,美商高盛,1480,1075,4686,-3611,11.42,1,sell
9/09,2609,美林,1440,2887,445,2442,7.72,2,buy
9/09,2609,港商野村,1560,361,682,-321,1.01,2,sell
9/09,2609,凱基-台北,9268,2427,722,1705,5.39,3,buy
9/09,2609,國泰-敦南,8888,331,549,-218,0.69,3,sell
9/09,2609,摩根大通,8440,4502,2878,1624,5.13,4,buy
9/09,2609,新光,8560,80,226,-146,0.46,4,sell
9/09,2609,台灣摩根士丹利,1470,2042,761,1281,4.05,5,buy
9/09,2609,土銀-嘉義,1034,3,142,-139,0.44,5,sell
9/09,2609,新加坡商瑞銀,1650,2466,1672,794,2.51,6,buy
9/09,2609,光和,6380,4,135,-131,0.41,6,sell
9/09,2609,元大證券,9800,1685,990,695,2.2,7,buy
9/09,2609,第一金-新興,0035003300380041,3,133,-130,0.41,7,sell
9/09,2609,兆豐-復興,0037003000300070,654,0,654,2.07,8,buy
9/09,2609,富邦-板橋,9655,18,143,-125,0.4,8,sell
9/09,2609,凱基-士林,9238,309,28,281,0.89,9,buy
9/09,2609,國票-北高雄,003700370039004a,163,285,-122,0.39,9,sell
9/09,2609,國票-北投,7792,150,5,145,0.46,10,buy
9/09,2609,台新,0039004200300030,61,175,-114,0.36,10,sell
9/09,2609,臺銀-金山,0031003000340044,123,26,97,0.31,11,buy
9/09,2609,元大-台南,9896,22,119,-97,0.31,11,sell
9/09,2609,凱基-鳳山,9274,106,20,86,0.27,12,buy
9/09,2609,(牛牛牛)亞-鑫豐,0036003000310064,6,101,-95,0.3,12,sell
9/09,2609,法銀巴黎,8900,58,0,58,0.18,13,buy
9/09,2609,元大-信義,003900380039006d,34,127,-93,0.29,13,sell
9/09,2609,富邦-仁愛,9676,95,50,45,0.14,14,buy
9/09,2609,國泰-新莊,8886,11,101,-90,0.28,14,sell
9/09,2609,元大-竹科,003900380030004b,56,13,43,0.14,15,buy
9/09,2609,元大-板橋,0039003800390043,4,93,-89,0.28,15,sell
9/09,2615,美林,1440,5437,224,5213,20.51,1,buy
9/09,2615,美商高盛,1480,687,2733,-2046,8.05,1,sell
9/09,2615,新加坡商瑞銀,1650,797,18,779,3.06,2,buy
9/09,2615,港商麥格理,1360,139,1588,-1449,5.7,2,sell
9/09,2615,凱基-台北,9268,1453,1160,293,1.15,3,buy
9/09,2615,國票證券,7790,35,855,-820,3.23,3,sell
9/09,2615,凱基,9200,313,84,229,0.9,4,buy
9/09,2615,台灣摩根士丹利,1470,1665,2433,-768,3.02,4,sell
9/09,2615,花旗環球,1590,618,416,202,0.79,5,buy
9/09,2615,元大證券,9800,2025,2260,-235,0.92,5,sell
9/09,2615,香港上海匯豐,8960,138,0,138,0.54,6,buy
9/09,2615,摩根大通,8440,1691,1909,-218,0.86,6,sell
9/09,2615,群益金鼎,9100,269,148,121,0.48,7,buy
9/09,2615,國泰-敦南,8888,268,449,-181,0.71,7,sell
9/09,2615,台新,0039004200300030,218,100,118,0.46,8,buy
9/09,2615,元大-台北,0039003800300068,21,198,-177,0.7,8,sell
9/09,2615,永豐金證券,0039004100300030,159,66,93,0.37,9,buy
9/09,2615,凱基-屏東,0039003200320043,0,153,-153,0.6,9,sell
9/09,2615,新光-台南,8564,105,12,93,0.37,10,buy
9/09,2615,新光-新竹,8563,33,146,-113,0.44,10,sell
9/09,2615,群益金鼎-基隆,0039003100330045,100,12,88,0.35,11,buy
9/09,2615,元大-館前,003900380034004b,41,140,-99,0.39,11,sell
9/09,2615,國泰-板橋,003800380038004b,102,33,69,0.27,12,buy
9/09,2615,華南永昌,9300,28,126,-98,0.39,12,sell
9/09,2615,富邦-建國,9658,98,34,64,0.25,13,buy
9/09,2615,港商野村,1560,88,177,-89,0.35,13,sell
9/09,2615,群益金鼎-民權,9131,124,66,58,0.23,14,buy
9/09,2615,臺銀-臺中,0031003000340041,19,101,-82,0.32,14,sell
9/09,2615,富邦-台中,003900360035004b,81,23,58,0.23,15,buy
9/09,2615,合庫證券,1020,19,100,-81,0.32,15,sell
9/09,2618,元大證券,9800,2185,353,1832,15.84,1,buy
9/09,2618,國泰證券,8880,14,1879,-1865,16.13,1,sell
9/09,2618,永豐金-匯立,0039004100380031,1288,43,1245,10.77,2,buy
9/09,2618,香港上海匯豐,8960,0,1156,-1156,10.0,2,sell
9/09,2618,港商麥格理,1360,1095,7,1088,9.41,3,buy
9/09,2618,新加坡商瑞銀,1650,730,1727,-997,8.62,3,sell
9/09,2618,台灣摩根士丹利,1470,1456,439,1017,8.79,4,buy
9/09,2618,美商高盛,1480,654,1083,-429,3.71,4,sell
9/09,2618,凱基-台北,9268,687,103,584,5.05,5,buy
9/09,2618,摩根大通,8440,265,580,-315,2.72,5,sell
9/09,2618,兆豐-台中,7003,384,0,384,3.32,6,buy
9/09,2618,康和-內湖,0038003400350041,0,204,-204,1.76,6,sell
9/09,2618,美林,1440,198,14,184,1.59,7,buy
9/09,2618,台灣企銀-建成,0031003100310042,0,100,-100,0.86,7,sell
9/09,2618,永豐金證券,0039004100300030,192,27,165,1.43,8,buy
9/09,2618,富邦證券,9600,114,204,-90,0.78,8,sell
9/09,2618,花旗環球,1590,683,531,152,1.31,9,buy
9/09,2618,玉山證券,8840,1,91,-90,0.78,9,sell
9/09,2618,永豐金-中正,0039004100390055,100,1,99,0.86,10,buy
9/09,2618,國泰-敦南,8888,35,105,-70,0.61,10,sell
9/09,2618,永豐金-新莊,0039004100390048,100,1,99,0.86,11,buy
9/09,2618,港商野村,1560,0,52,-52,0.45,11,sell
9/09,2618,法銀巴黎,8900,82,20,62,0.54,12,buy
9/09,2618,永豐金-員林,0039004100390043,0,52,-52,0.45,12,sell
9/09,2618,群益金鼎-開元,9134,52,2,50,0.43,13,buy
9/09,2618,凱基-中港,9202,0,45,-45,0.39,13,sell
9/09,2618,永豐金-台中,003900410039004c,51,1,50,0.43,14,buy
9/09,2618,凱基-永和,9207,0,43,-43,0.37,14,sell
9/09,2618,元大-台北,0039003800300068,31,0,31,0.27,15,buy
9/09,2618,富邦-建國,9658,1,44,-43,0.37,15,sell
9/09,3037,美商高盛,1480,3128,1511,1617,7.58,1,buy
9/09,3037,新加坡商瑞銀,1650,455,1031,-576,2.7,1,sell
9/09,3037,花旗環球,1590,1334,27,1307,6.13,2,buy
9/09,3037,凱基,9200,29,208,-179,0.84,2,sell
9/09,3037,港商麥格理,1360,1135,99,1036,4.86,3,buy
9/09,3037,國泰-敦南,8888,478,642,-164,0.77,3,sell
9/09,3037,元大證券,9800,2281,1863,418,1.96,4,buy
9/09,3037,台灣摩根士丹利,1470,1176,1324,-148,0.69,4,sell
9/09,3037,美林,1440,464,50,414,1.94,5,buy
9/09,3037,國票-敦北法人,0037003700390063,6,124,-118,0.55,5,sell
9/09,3037,凱基-台北,9268,1240,977,263,1.23,6,buy
9/09,3037,摩根大通,8440,488,587,-99,0.46,6,sell
9/09,3037,統一,5850,252,58,194,0.91,7,buy
9/09,3037,中國信託,6160,47,124,-77,0.36,7,sell
9/09,3037,富邦證券,9600,307,114,193,0.9,8,buy
9/09,3037,台新,0039004200300030,106,171,-65,0.3,8,sell
9/09,3037,華南永昌,9300,164,37,127,0.6,9,buy
9/09,3037,新光,8560,128,194,-66,0.31,9,sell
9/09,3037,台新-城中,0039004200320045,88,15,73,0.34,10,buy
9/09,3037,國泰-桃園,8885,49,107,-58,0.27,10,sell
9/09,3037,國票-安和,003700370039005a,63,19,44,0.21,11,buy
9/09,3037,群益金鼎,9100,164,213,-49,0.23,11,sell
9/09,3037,台新-文心,003900420032007a,44,11,33,0.15,12,buy
9/09,3037,元大-北屯,0039003800390064,2,51,-49,0.23,12,sell
9/09,3037,宏遠證券,1260,27,0,27,0.13,13,buy
9/09,3037,永豐金-桃園,0039004100390078,21,68,-47,0.22,13,sell
9/09,3037,兆豐證券,7000,33,8,25,0.12,14,buy
9/09,3037,富邦-新竹,9647,24,69,-45,0.21,14,sell
9/09,3037,元大-六合,0039003800320043,33,9,24,0.11,15,buy
9/09,3037,玉山-高雄,8843,25,67,-42,0.2,15,sell
9/09,2345,台灣摩根士丹利,1470,573,137,436,12.37,1,buy
9/09,2345,元大證券,9800,167,425,-258,7.32,1,sell
9/09,2345,美商高盛,1480,423,103,320,9.08,2,buy
9/09,2345,群益金鼎,9100,55,184,-129,3.66,2,sell
9/09,2345,美林,1440,367,53,314,8.91,3,buy
9/09,2345,台新,0039004200300030,14,139,-125,3.55,3,sell
9/09,2345,摩根大通,8440,334,83,251,7.12,4,buy
9/09,2345,康和,8450,0,77,-77,2.18,4,sell
9/09,2345,凱基-台北,9268,222,87,135,3.83,5,buy
9/09,2345,國票-台中,0037003700390076,0,64,-64,1.82,5,sell
9/09,2345,港商野村,1560,112,27,85,2.41,6,buy
9/09,2345,大和國泰,8890,0,62,-62,1.76,6,sell
9/09,2345,花旗環球,1590,90,38,52,1.48,7,buy
9/09,2345,富邦證券,9600,9,57,-48,1.36,7,sell
9/09,2345,新加坡商瑞銀,1650,273,251,22,0.62,8,buy
9/09,2345,永豐金證券,0039004100300030,23,70,-47,1.33,8,sell
9/09,2345,富邦-仁愛,9676,26,14,12,0.34,9,buy
9/09,2345,華南永昌,9300,1,36,-35,0.99,9,sell
9/09,2345,統一-士林,003500380035004d,15,5,10,0.28,10,buy
9/09,2345,兆豐證券,7000,5,38,-33,0.94,10,sell
9/09,2345,宏遠-台中,003100320036004c,10,1,9,0.26,11,buy
9/09,2345,宏遠證券,1260,0,32,-32,0.91,11,sell
9/09,2345,國泰證券,8880,12,3,9,0.26,12,buy
9/09,2345,統一,5850,17,46,-29,0.82,12,sell
9/09,2345,群益金鼎-東湖,003900310038004b,10,2,8,0.23,13,buy
9/09,2345,中國信託,6160,9,38,-29,0.82,13,sell
9/09,2345,法銀巴黎,8900,8,0,8,0.23,14,buy
9/09,2345,群益金鼎-台北,0039003100380058,0,26,-26,0.74,14,sell
9/09,2345,兆豐-南京,0037003000300050,8,1,7,0.2,15,buy
9/09,2345,國泰-敦南,8888,25,49,-24,0.68,15,sell
9/09,3006,凱基-台北,9268,2234,1300,934,5.42,1,buy
9/09,3006,台新,0039004200300030,185,582,-397,2.3,1,sell
9/09,3006,新加坡商瑞銀,1650,1059,195,864,5.01,2,buy
9/09,3006,新百王,6210,5,167,-162,0.94,2,sell
9/09,3006,元大證券,9800,1466,889,577,3.35,3,buy
9/09,3006,台灣企銀-豐原,1118,201,344,-143,0.83,3,sell
9/09,3006,港商野村,1560,609,240,369,2.14,4,buy
9/09,3006,富邦-內湖,9627,7,114,-107,0.62,4,sell
9/09,3006,摩根大通,8440,528,226,302,1.75,5,buy
9/09,3006,永豐金-天母,0039004100390047,6,112,-106,0.62,5,sell
9/09,3006,永豐金證券,0039004100300030,345,119,226,1.31,6,buy
9/09,3006,元大-樹林,003900380039006a,110,203,-93,0.54,6,sell
9/09,3006,富邦-陽明,9604,218,36,182,1.06,7,buy
9/09,3006,聯邦證券,8580,22,110,-88,0.51,7,sell
9/09,3006,法銀巴黎,8900,152,0,152,0.88,8,buy
9/09,3006,新光,8560,74,159,-85,0.49,8,sell
9/09,3006,凱基-中港,9202,155,8,147,0.85,9,buy
9/09,3006,元大-頭份,0039003800330055,54,137,-83,0.48,9,sell
9/09,3006,凱基-鳳山,9274,142,3,139,0.81,10,buy
9/09,3006,台新-建北,0039004200310038,25,96,-71,0.41,10,sell
9/09,3006,元大-雙和,9874,153,44,109,0.63,11,buy
9/09,3006,國泰-敦南,8888,318,388,-70,0.41,11,sell
9/09,3006,永豐金-匯立,0039004100380031,89,0,89,0.52,12,buy
9/09,3006,元大-學甲,003900380033004b,3,71,-68,0.39,12,sell
9/09,3006,香港上海匯豐,8960,94,7,87,0.5,13,buy
9/09,3006,群益金鼎-宜蘭,003900310038007a,3,68,-65,0.38,13,sell
9/09,3006,元大-和平,9863,92,22,70,0.41,14,buy
9/09,3006,永豐金-新莊,0039004100390048,3,60,-57,0.33,14,sell
9/09,3006,群益金鼎,9100,256,188,68,0.39,15,buy
9/09,3006,凱基-竹科,9272,23,74,-51,0.3,15,sell
9/09,2379,台灣摩根士丹利,1470,544,53,491,16.09,1,buy
9/09,2379,大和國泰,8890,0,263,-263,8.62,1,sell
9/09,2379,花旗環球,1590,284,8,276,9.04,2,buy
9/09,2379,台灣企銀,1110,1,200,-199,6.52,2,sell
9/09,2379,摩根大通,8440,318,186,132,4.33,3,buy
9/09,2379,華南永昌-中正,9359,2,98,-96,3.15,3,sell
9/09,2379,港商麥格理,1360,134,7,127,4.16,4,buy
9/09,2379,土銀,1030,0,72,-72,2.36,4,sell
9/09,2379,新加坡商瑞銀,1650,189,74,115,3.77,5,buy
9/09,2379,統一,5850,11,71,-60,1.97,5,sell
9/09,2379,永豐金證券,0039004100300030,54,17,37,1.21,6,buy
9/09,2379,群益金鼎,9100,4,51,-47,1.54,6,sell
9/09,2379,富邦-台北,9623,26,2,24,0.79,7,buy
9/09,2379,元大-六合,0039003800320043,10,53,-43,1.41,7,sell
9/09,2379,元大證券,9800,248,226,22,0.72,8,buy
9/09,2379,永豐金-萬盛,0039004100390032,0,42,-42,1.38,8,sell
9/09,2379,美商高盛,1480,163,143,20,0.66,9,buy
9/09,2379,元大-雙和,9874,2,22,-20,0.66,9,sell
9/09,2379,法銀巴黎,8900,18,0,18,0.59,10,buy
9/09,2379,群益金鼎-大安,0039003100380065,0,14,-14,0.46,10,sell
9/09,2379,華南永昌-淡水,9316,8,0,8,0.26,11,buy
9/09,2379,凱基,9200,6,20,-14,0.46,11,sell
9/09,2379,玉山-大里,003800380034004a,12,4,8,0.26,12,buy
9/09,2379,美林,1440,126,139,-13,0.43,12,sell
9/09,2379,兆豐證券,7000,8,0,8,0.26,13,buy
9/09,2379,富邦-中壢,9636,0,12,-12,0.39,13,sell
9/09,2379,元大-北投,0039003800390041,8,1,7,0.23,14,buy
9/09,2379,富邦證券,9600,13,25,-12,0.39,14,sell
9/09,2379,台新-松德,0039004200320061,7,1,6,0.2,15,buy
9/09,2379,永豐金-板盛,0039004100390059,0,11,-11,0.36,15,sell
9/09,3034,台灣摩根士丹利,1470,593,122,471,12.6,1,buy
9/09,3034,富邦證券,9600,8,702,-694,18.56,1,sell
9/09,3034,新加坡商瑞銀,1650,454,134,320,8.56,2,buy
9/09,3034,美林,1440,195,344,-149,3.99,2,sell
9/09,3034,元大證券,9800,545,263,282,7.54,3,buy
9/09,3034,香港上海匯豐,8960,0,41,-41,1.1,3,sell
9/09,3034,摩根大通,8440,279,113,166,4.44,4,buy
9/09,3034,國泰-敦南,8888,10,45,-35,0.94,4,sell
9/09,3034,美商高盛,1480,374,233,141,3.77,5,buy
9/09,3034,國泰-板橋,003800380038004b,4,32,-28,0.75,5,sell
9/09,3034,凱基-台北,9268,330,207,123,3.29,6,buy
9/09,3034,元大-員林中山,9835,0,27,-27,0.72,6,sell
9/09,3034,港商野村,1560,126,4,122,3.26,7,buy
9/09,3034,合庫-桃園,0031003000320045,0,26,-26,0.7,7,sell
9/09,3034,群益金鼎,9100,171,56,115,3.08,8,buy
9/09,3034,亞東-新竹,2184,0,21,-21,0.56,8,sell
9/09,3034,元大-中山北路,0039003800300061,87,1,86,2.3,9,buy
9/09,3034,康和-台中,8455,1,21,-20,0.53,9,sell
9/09,3034,富邦-永和,9654,36,6,30,0.8,10,buy
9/09,3034,國泰證券,8880,0,16,-16,0.43,10,sell
9/09,3034,花旗環球,1590,42,27,15,0.4,11,buy
9/09,3034,元大-士林,003900380031006a,1,16,-15,0.4,11,sell
9/09,3034,國票-安和,003700370039005a,14,2,12,0.32,12,buy
9/09,3034,元大-金華,9878,0,14,-14,0.37,12,sell
9/09,3034,台新-松德,0039004200320061,11,1,10,0.27,13,buy
9/09,3034,永豐金-新竹,0039004100390037,2,14,-12,0.32,13,sell
9/09,3034,永豐金-匯立,0039004100380031,12,2,10,0.27,14,buy
9/09,3034,凱基-鳳山,9274,1,13,-12,0.32,14,sell
9/09,3034,港商麥格理,1360,12,3,9,0.24,15,buy
9/09,3034,元大-館前,003900380034004b,0,12,-12,0.32,15,sell
9/09,2412,美商高盛,1480,2584,443,2141,21.85,1,buy
9/09,2412,臺銀,1040,0,818,-818,8.35,1,sell
9/09,2412,新加坡商瑞銀,1650,1476,235,1241,12.67,2,buy
9/09,2412,富邦證券,9600,1,800,-799,8.16,2,sell
9/09,2412,中國信託,6160,520,40,480,4.9,3,buy
9/09,2412,土銀,1030,0,722,-722,7.37,3,sell
9/09,2412,群益金鼎,9100,464,19,445,4.54,4,buy
9/09,2412,美林,1440,147,684,-537,5.48,4,sell
9/09,2412,永豐金證券,0039004100300030,457,37,420,4.29,5,buy
9/09,2412,摩根大通,8440,119,460,-341,3.48,5,sell
9/09,2412,港商野村,1560,514,106,408,4.16,6,buy
9/09,2412,新光,8560,13,228,-215,2.19,6,sell
9/09,2412,凱基-台北,9268,607,206,401,4.09,7,buy
9/09,2412,國泰-敦南,8888,11,101,-90,0.92,7,sell
9/09,2412,元大證券,9800,488,152,336,3.43,8,buy
9/09,2412,台新,0039004200300030,6,74,-68,0.69,8,sell
9/09,2412,港商麥格理,1360,262,0,262,2.67,9,buy
9/09,2412,凱基-嘉義,9252,0,60,-60,0.61,9,sell
9/09,2412,台灣摩根士丹利,1470,428,172,256,2.61,10,buy
9/09,2412,玉山證券,8840,2,59,-57,0.58,10,sell
9/09,2412,花旗環球,1590,142,15,127,1.3,11,buy
9/09,2412,富邦-敦南,9663,1,58,-57,0.58,11,sell
9/09,2412,香港上海匯豐,8960,111,0,111,1.13,12,buy
9/09,2412,華南永昌-台南,9306,0,56,-56,0.57,12,sell
9/09,2412,合庫-台南,1022,55,0,55,0.56,13,buy
9/09,2412,兆豐-板橋,0037003000300042,0,55,-55,0.56,13,sell
9/09,2412,統一-城中,5854,19,0,19,0.19,14,buy
9/09,2412,富邦-頭份,0039003600320050,0,54,-54,0.55,14,sell
9/09,2412,元大-新店中正,0039003800340043,20,3,17,0.17,15,buy
9/09,2412,凱基-東港,9212,2,56,-54,0.55,15,sell
9/09,2409,台灣摩根士丹利,1470,37202,15046,22156,3.75,1,buy
9/09,2409,台新-台北,0039004200320030,92,10241,-10149,1.72,1,sell
9/09,2409,凱基-台北,9268,49853,35029,14824,2.51,2,buy
9/09,2409,元大證券,9800,40850,44432,-3582,0.61,2,sell
9/09,2409,摩根大通,8440,20431,7737,12694,2.15,3,buy
9/09,2409,國泰-敦南,8888,15116,17306,-2190,0.37,3,sell
9/09,2409,美商高盛,1480,25968,13961,12007,2.03,4,buy
9/09,2409,元大-高雄,003900380031006d,1593,3495,-1902,0.32,4,sell
9/09,2409,港商野村,1560,12483,2132,10351,1.75,5,buy
9/09,2409,元大-新生,0039003800310058,97,1368,-1271,0.22,5,sell
9/09,2409,美林,1440,11869,2693,9176,1.56,6,buy
9/09,2409,富邦-木柵,003900360031004d,1026,2249,-1223,0.21,6,sell
9/09,2409,中國信託,6160,4898,1633,3265,0.55,7,buy
9/09,2409,台新-大裕,003900420032006c,453,1652,-1199,0.2,7,sell
9/09,2409,花旗環球,1590,2470,296,2174,0.37,8,buy
9/09,2409,福勝,6950,168,1367,-1199,0.2,8,sell
9/09,2409,永豐金證券,0039004100300030,10489,8348,2141,0.36,9,buy
9/09,2409,國泰證券,8880,1530,2603,-1073,0.18,9,sell
9/09,2409,兆豐-台中港,7005,2021,522,1499,0.25,10,buy
9/09,2409,元大-中壢,9834,1412,2453,-1041,0.18,10,sell
9/09,2409,富邦證券,9600,3082,2115,967,0.16,11,buy
9/09,2409,台新-北新莊,0039004200320038,112,1140,-1028,0.17,11,sell
9/09,2409,元大-竹科,003900380030004b,2087,1276,811,0.14,12,buy
9/09,2409,台新,0039004200300030,3375,4263,-888,0.15,12,sell
9/09,2409,凱基,9200,1061,319,742,0.13,13,buy
9/09,2409,富邦-板橋,9655,1158,1887,-729,0.12,13,sell
9/09,2409,港商麥格理,1360,870,128,742,0.13,14,buy
9/09,2409,富邦-永和,9654,1028,1725,-697,0.12,14,sell
9/09,2409,統一,5850,2492,1797,695,0.12,15,buy
9/09,2409,凱基-竹科,9272,377,1061,-684,0.12,15,sell
9/09,2886,港商麥格理,1360,1688,3,1685,11.33,1,buy
9/09,2886,摩根大通,8440,808,3548,-2740,18.42,1,sell
9/09,2886,統一,5850,1534,17,1517,10.2,2,buy
9/09,2886,富邦證券,9600,2,1201,-1199,8.06,2,sell
9/09,2886,台灣摩根士丹利,1470,1623,907,716,4.81,3,buy
9/09,2886,凱基-台北,9268,444,1399,-955,6.42,3,sell
9/09,2886,元大-林森,0039003800330042,613,6,607,4.08,4,buy
9/09,2886,兆豐證券,7000,1,285,-284,1.91,4,sell
9/09,2886,永豐金證券,0039004100300030,591,78,513,3.45,5,buy
9/09,2886,法銀巴黎,8900,0,164,-164,1.1,5,sell
9/09,2886,台新,0039004200300030,288,49,239,1.61,6,buy
9/09,2886,元大證券,9800,1043,1181,-138,0.93,6,sell
9/09,2886,花旗環球,1590,162,17,145,0.97,7,buy
9/09,2886,群益金鼎,9100,29,159,-130,0.87,7,sell
9/09,2886,元大-新莊,9898,76,2,74,0.5,8,buy
9/09,2886,新加坡商瑞銀,1650,725,846,-121,0.81,8,sell
9/09,2886,元大-彰化民生,003900380039004a,75,1,74,0.5,9,buy
9/09,2886,中國信託,6160,253,355,-102,0.69,9,sell
9/09,2886,美林,1440,1036,968,68,0.46,10,buy
9/09,2886,土銀,1030,3,97,-94,0.63,10,sell
9/09,2886,永豐金-松山,0039004100390031,51,1,50,0.34,11,buy
9/09,2886,凱基-中港,9202,5,82,-77,0.52,11,sell
9/09,2886,國泰-桃園,8885,50,2,48,0.32,12,buy
9/09,2886,群益金鼎-古亭,0039003100380043,0,71,-71,0.48,12,sell
9/09,2886,富邦-陽明,9604,38,1,37,0.25,13,buy
9/09,2886,港商野村,1560,201,258,-57,0.38,13,sell
9/09,2886,臺銀-臺南,1042,39,3,36,0.24,14,buy
9/09,2886,宏遠證券,1260,0,50,-50,0.34,14,sell
9/09,2886,永豐金-竹科,0039004100390058,51,15,36,0.24,15,buy
9/09,2886,永豐金-匯立,0039004100380031,0,23,-23,0.15,15,sell
9/09,2892,美商高盛,1480,8428,4025,4403,14.37,1,buy
9/09,2892,國泰證券,8880,39,6001,-5962,19.46,1,sell
9/09,2892,摩根大通,8440,4488,991,3497,11.41,2,buy
9/09,2892,新加坡商瑞銀,1650,1253,4974,-3721,12.14,2,sell
9/09,2892,中國信託,6160,2171,3,2168,7.08,3,buy
9/09,2892,凱基-台北,9268,862,3762,-2900,9.47,3,sell
9/09,2892,花旗環球,1590,2170,16,2154,7.03,4,buy
9/09,2892,台灣摩根士丹利,1470,1783,4151,-2368,7.73,4,sell
9/09,2892,永豐金證券,0039004100300030,1033,58,975,3.18,5,buy
9/09,2892,元大-信義,003900380039006d,0,270,-270,0.88,5,sell
9/09,2892,港商麥格理,1360,744,0,744,2.43,6,buy
9/09,2892,陽信-石牌,8711,0,242,-242,0.79,6,sell
9/09,2892,群益金鼎,9100,1176,493,683,2.23,7,buy
9/09,2892,第一金-中山,5389,9,155,-146,0.48,7,sell
9/09,2892,元大證券,9800,1664,1054,610,1.99,8,buy
9/09,2892,富邦-台北,9623,13,116,-103,0.34,8,sell
9/09,2892,美林,1440,765,235,530,1.73,9,buy
9/09,2892,富邦-板橋,9655,7,107,-100,0.33,9,sell
9/09,2892,元大-六合,0039003800320043,200,0,200,0.65,10,buy
9/09,2892,玉山證券,8840,26,125,-99,0.32,10,sell
9/09,2892,華南永昌-中正,9359,150,18,132,0.43,11,buy
9/09,2892,元大-南京,9862,8,80,-72,0.23,11,sell
9/09,2892,台新-台中,0039004200310068,108,4,104,0.34,12,buy
9/09,2892,玉山-高雄,8843,7,65,-58,0.19,12,sell
9/09,2892,凱基-嘉義,9252,101,0,101,0.33,13,buy
9/09,2892,第一金-安和,003500330038006a,18,70,-52,0.17,13,sell
9/09,2892,中國信託-嘉義,6168,250,152,98,0.32,14,buy
9/09,2892,國票證券,7790,11,63,-52,0.17,14,sell
9/09,2892,元大-桃園,0039003800380042,100,25,75,0.24,15,buy
9/09,2892,凱基-新店,0039003200300056,5,55,-50,0.16,15,sell
9/09,2883,統一,5850,3357,58,3299,6.32,1,buy
9/09,2883,台灣摩根士丹利,1470,633,8945,-8312,15.92,1,sell
9/09,2883,兆豐證券,7000,2581,1,2580,4.94,2,buy
9/09,2883,凱基-台北,9268,570,5915,-5345,10.23,2,sell
9/09,2883,法銀巴黎,8900,2462,4,2458,4.71,3,buy
9/09,2883,摩根大通,8440,1607,5974,-4367,8.36,3,sell
9/09,2883,國泰證券,8880,2009,12,1997,3.82,4,buy
9/09,2883,美商高盛,1480,1593,4413,-2820,5.4,4,sell
9/09,2883,富邦證券,9600,1344,47,1297,2.48,5,buy
9/09,2883,美林,1440,392,2552,-2160,4.14,5,sell
9/09,2883,陽信,8710,1232,6,1226,2.35,6,buy
9/09,2883,花旗環球,1590,176,1260,-1084,2.08,6,sell
9/09,2883,群益金鼎,9100,1407,659,748,1.43,7,buy
9/09,2883,新加坡商瑞銀,1650,2089,2786,-697,1.33,7,sell
9/09,2883,凱基-高雄,9206,610,6,604,1.16,8,buy
9/09,2883,元大證券,9800,5990,6408,-418,0.8,8,sell
9/09,2883,港商野村,1560,1128,693,435,0.83,9,buy
9/09,2883,台新,0039004200300030,244,569,-325,0.62,9,sell
9/09,2883,台中銀-員林,6114,310,0,310,0.59,10,buy
9/09,2883,國泰-館前,0038003800380041,101,335,-234,0.45,10,sell
9/09,2883,中國信託-忠孝,6162,289,1,288,0.55,11,buy
9/09,2883,香港上海匯豐,8960,0,211,-211,0.4,11,sell
9/09,2883,群益金鼎-新莊,0039003100380047,263,1,262,0.5,12,buy
9/09,2883,凱基-員林,9231,2,151,-149,0.29,12,sell
9/09,2883,新光,8560,429,167,262,0.5,13,buy
9/09,2883,永豐金-竹科,0039004100390058,16,130,-114,0.22,13,sell
9/09,2883,兆豐-台中港,7005,296,34,262,0.5,14,buy
9/09,2883,永豐金-桃園,0039004100390078,10,117,-107,0.2,14,sell
9/09,2883,兆豐-北高雄,0037003000300049,260,9,251,0.48,15,buy
9/09,2883,華南永昌-斗六,9327,27,125,-98,0.19,15,sell
9/09,0056,元大證券,9800,3098,1563,1535,9.68,1,buy
9/09,0056,臺銀,1040,69,1070,-1001,6.31,1,sell
9/09,0056,凱基-台北,9268,2007,1278,729,4.6,2,buy
9/09,0056,國泰-敦南,8888,367,711,-344,2.17,2,sell
9/09,0056,永豐金證券,0039004100300030,617,111,506,3.19,3,buy
9/09,0056,中國信託,6160,379,559,-180,1.14,3,sell
9/09,0056,元大-內湖,003900380039004e,523,27,496,3.13,4,buy
9/09,0056,元大-南屯,9853,8,174,-166,1.05,4,sell
9/09,0056,新加坡商瑞銀,1650,419,198,221,1.39,5,buy
9/09,0056,國泰-台中,8882,63,210,-147,0.93,5,sell
9/09,0056,元大-雙和,9874,216,28,188,1.19,6,buy
9/09,0056,凱基-站前,0039003200300046,21,120,-99,0.62,6,sell
9/09,0056,永豐金-敦北,0039004100380039,199,29,170,1.07,7,buy
9/09,0056,台新-虎尾,003900420032004e,11,105,-94,0.59,7,sell
9/09,0056,凱基-中山,9229,167,14,153,0.97,8,buy
9/09,0056,新光,8560,50,140,-90,0.57,8,sell
9/09,0056,國泰證券,8880,172,50,122,0.77,9,buy
9/09,0056,富邦-台南,9667,16,99,-83,0.52,9,sell
9/09,0056,台灣摩根士丹利,1470,107,0,107,0.67,10,buy
9/09,0056,台新,0039004200300030,52,134,-82,0.52,10,sell
9/09,0056,致和-崇德,0037003000330042,105,0,105,0.66,11,buy
9/09,0056,第一金-光復,0035003300380043,1,76,-75,0.47,11,sell
9/09,0056,日茂-埔里,5961,105,0,105,0.66,12,buy
9/09,0056,華南永昌,9300,9,80,-71,0.45,12,sell
9/09,0056,富邦-高雄,9659,105,14,91,0.57,13,buy
9/09,0056,玉山-雙和,8841,19,82,-63,0.4,13,sell
9/09,0056,凱基-桃園,9208,91,6,85,0.54,14,buy
9/09,0056,元大-西屯,0039003800300077,9,67,-58,0.37,14,sell
9/09,0056,元大-豐原站前,0039003800390057,85,4,81,0.51,15,buy
9/09,0056,富邦-花蓮,9621,6,65,-59,0.37,15,sell
9/09,0050,永豐金證券,0039004100300030,8651,1650,7001,15.19,1,buy
9/09,0050,凱基-台北,9268,5180,8079,-2899,6.29,1,sell
9/09,0050,台灣摩根士丹利,1470,3635,32,3603,7.82,2,buy
9/09,0050,中國信託,6160,995,2957,-1962,4.26,2,sell
9/09,0050,凱基,9200,2780,157,2623,5.69,3,buy
9/09,0050,元大證券,9800,1319,2570,-1251,2.71,3,sell
9/09,0050,國泰證券,8880,608,74,534,1.16,4,buy
9/09,0050,國泰-敦南,8888,1505,2216,-711,1.54,4,sell
9/09,0050,富邦證券,9600,529,45,484,1.05,5,buy
9/09,0050,台新,0039004200300030,324,861,-537,1.16,5,sell
9/09,0050,元大-信義安和,0039003800300052,460,9,451,0.98,6,buy
9/09,0050,元大-館前,003900380034004b,224,734,-510,1.11,6,sell
9/09,0050,富邦-板橋,9655,476,179,297,0.64,7,buy
9/09,0050,土銀,1030,11,212,-201,0.44,7,sell
9/09,0050,康和,8450,249,32,217,0.47,8,buy
9/09,0050,國泰-新莊,8886,56,241,-185,0.4,8,sell
9/09,0050,兆豐-民生,0037003000300063,186,0,186,0.4,9,buy
9/09,0050,新光-台中,8561,142,323,-181,0.39,9,sell
9/09,0050,康和-板橋,0038003400350044,174,8,166,0.36,10,buy
9/09,0050,元大-竹科,003900380030004b,42,221,-179,0.39,10,sell
9/09,0050,富邦-新店,9661,288,132,156,0.34,11,buy
9/09,0050,國泰-館前,0038003800380041,173,346,-173,0.38,11,sell
9/09,0050,統一-宜蘭,0035003800350053,113,7,106,0.23,12,buy
9/09,0050,新光,8560,265,426,-161,0.35,12,sell
9/09,0050,凱基-彰化,0039003200300047,99,14,85,0.18,13,buy
9/09,0050,華南永昌,9300,52,205,-153,0.33,13,sell
9/09,0050,元大-東泰,9817,102,19,83,0.18,14,buy
9/09,0050,國泰-桃園,8885,215,359,-144,0.31,14,sell
9/09,0050,兆豐-公益,003700300030004a,87,16,71,0.15,15,buy
9/09,0050,(牛牛牛)亞-鑫豐,0036003000310064,112,249,-137,0.3,15,sell
9/09,1815,凱基,9200,11048,56,10992,15.75,1,buy
9/09,1815,美商高盛,1480,1688,10788,-9100,13.04,1,sell
9/09,1815,元大證券,9800,3395,2124,1271,1.82,2,buy
9/09,1815,新加坡商瑞銀,1650,330,8624,-8294,11.88,2,sell
9/09,1815,富邦-嘉義,9692,1775,941,834,1.19,3,buy
9/09,1815,凱基-台北,9268,3407,7502,-4095,5.87,3,sell
9/09,1815,國泰-敦南,8888,2177,1372,805,1.15,4,buy
9/09,1815,摩根大通,8440,180,3911,-3731,5.35,4,sell
9/09,1815,富邦-建國,9658,516,144,372,0.53,5,buy
9/09,1815,港商野村,1560,0,2611,-2611,3.74,5,sell
9/09,1815,永豐金證券,0039004100300030,699,341,358,0.51,6,buy
9/09,1815,康和,8450,28,1133,-1105,1.58,6,sell
9/09,1815,新光,8560,748,469,279,0.4,7,buy
9/09,1815,美林,1440,192,1220,-1028,1.47,7,sell
9/09,1815,富邦-新店,9661,279,48,231,0.33,8,buy
9/09,1815,富邦-敦南,9663,62,921,-859,1.23,8,sell
9/09,1815,元大-台北,0039003800300068,245,19,226,0.32,9,buy
9/09,1815,國泰證券,8880,63,626,-563,0.81,9,sell
9/09,1815,富邦-台北,9623,252,95,157,0.22,10,buy
9/09,1815,台灣摩根士丹利,1470,3,523,-520,0.74,10,sell
9/09,1815,永豐金-忠孝,0039004100390044,169,12,157,0.22,11,buy
9/09,1815,康和-台北,0038003400350055,4,275,-271,0.39,11,sell
9/09,1815,台新-敦南,0039004200320051,183,30,153,0.22,12,buy
9/09,1815,台中銀-豐原,0036003100310041,75,340,-265,0.38,12,sell
9/09,1815,永豐金-桃園,0039004100390078,200,49,151,0.22,13,buy
9/09,1815,香港上海匯豐,8960,0,250,-250,0.36,13,sell
9/09,1815,中國信託,6160,404,254,150,0.21,14,buy
9/09,1815,群益金鼎,9100,109,352,-243,0.35,14,sell
9/09,1815,台新,0039004200300030,648,514,134,0.19,15,buy
9/09,1815,元大-蘆洲,9857,170,292,-122,0.17,15,sell
9/09,2887,第一金,5380,10726,7,10719,15.53,1,buy
9/09,2887,台灣摩根士丹利,1470,308,11471,-11163,16.17,1,sell
9/09,2887,富邦證券,9600,6357,205,6152,8.91,2,buy
9/09,2887,美商高盛,1480,1828,12160,-10332,14.97,2,sell
9/09,2887,美林,1440,4298,346,3952,5.73,3,buy
9/09,2887,凱基-台北,9268,741,7830,-7089,10.27,3,sell
9/09,2887,永豐金證券,0039004100300030,4012,561,3451,5.0,4,buy
9/09,2887,摩根大通,8440,1176,7013,-5837,8.46,4,sell
9/09,2887,永豐金-匯立,0039004100380031,3483,352,3131,4.54,5,buy
9/09,2887,新加坡商瑞銀,1650,2037,6774,-4737,6.86,5,sell
9/09,2887,港商麥格理,1360,1314,0,1314,1.9,6,buy
9/09,2887,玉山-景美,8849,29,1215,-1186,1.72,6,sell
9/09,2887,新光,8560,1197,185,1012,1.47,7,buy
9/09,2887,元大證券,9800,3346,4376,-1030,1.49,7,sell
9/09,2887,國泰證券,8880,905,0,905,1.31,8,buy
9/09,2887,花旗環球,1590,413,1442,-1029,1.49,8,sell
9/09,2887,華南永昌,9300,766,38,728,1.05,9,buy
9/09,2887,第一金-中山,5389,4,300,-296,0.43,9,sell
9/09,2887,富邦-左營,0039003600360046,537,2,535,0.78,10,buy
9/09,2887,玉山-台南,8847,21,286,-265,0.38,10,sell
9/09,2887,國泰-敦南,8888,746,373,373,0.54,11,buy
9/09,2887,元大-大里,0039003800310067,64,310,-246,0.36,11,sell
9/09,2887,永豐金-板新,003900410039004a,301,31,270,0.39,12,buy
9/09,2887,富邦-新板,0039003600310048,10,155,-145,0.21,12,sell
9/09,2887,群益金鼎,9100,1029,763,266,0.39,13,buy
9/09,2887,國票證券,7790,12,153,-141,0.2,13,sell
9/09,2887,中國信託,6160,449,194,255,0.37,14,buy
9/09,2887,兆豐證券,7000,5,133,-128,0.19,14,sell
9/09,2887,台新,0039004200300030,354,127,227,0.33,15,buy
9/09,2887,群益金鼎-西松,9136,23,151,-128,0.19,15,sell
9/09,5880,港商麥格理,1360,2696,0,2696,17.8,1,buy
9/09,5880,摩根大通,8440,447,2643,-2196,14.5,1,sell
9/09,5880,新加坡商瑞銀,1650,2413,1001,1412,9.32,2,buy
9/09,5880,凱基-台北,9268,240,1869,-1629,10.76,2,sell
9/09,5880,美商高盛,1480,2191,1070,1121,7.4,3,buy
9/09,5880,港商野村,1560,213,743,-530,3.5,3,sell
9/09,5880,法銀巴黎,8900,765,0,765,5.05,4,buy
9/09,5880,華南永昌-古亭,9309,0,373,-373,2.46,4,sell
9/09,5880,元大證券,9800,1459,750,709,4.68,5,buy
9/09,5880,國票-台南,0037003700390044,2,200,-198,1.31,5,sell
9/09,5880,第一金-台南,5384,252,2,250,1.65,6,buy
9/09,5880,華南永昌-斗六,9327,0,129,-129,0.85,6,sell
9/09,5880,土銀-嘉義,1034,220,0,220,1.45,7,buy
9/09,5880,富邦-板橋,9655,4,126,-122,0.81,7,sell
9/09,5880,花旗環球,1590,199,5,194,1.28,8,buy
9/09,5880,土銀,1030,3,118,-115,0.76,8,sell
9/09,5880,德信,6910,190,0,190,1.25,9,buy
9/09,5880,富邦-高雄,9659,6,110,-104,0.69,9,sell
9/09,5880,中國信託,6160,155,5,150,0.99,10,buy
9/09,5880,美好-富順,003500320036004b,0,101,-101,0.67,10,sell
9/09,5880,土銀-台南,1032,210,80,130,0.86,11,buy
9/09,5880,統一-新竹,5857,5,102,-97,0.64,11,sell
9/09,5880,臺銀-高雄,0031003000340043,106,20,86,0.57,12,buy
9/09,5880,元大-大益,9814,0,79,-79,0.52,12,sell
9/09,5880,美林,1440,183,108,75,0.5,13,buy
9/09,5880,台中銀,6110,1,74,-73,0.48,13,sell
9/09,5880,華南永昌-基隆,9322,65,4,61,0.4,14,buy
9/09,5880,合庫-自強,0031003000320043,1,72,-71,0.47,14,sell
9/09,5880,元大-旗山,003900380031006e,69,8,61,0.4,15,buy
9/09,5880,合庫證券,1020,23,93,-70,0.46,15,sell
9/09,6770,美林,1440,3047,736,2311,2.02,1,buy
9/09,6770,兆豐-新竹,0037003000300056,61,668,-607,0.53,1,sell
9/09,6770,港商野村,1560,2033,116,1917,1.68,2,buy
9/09,6770,國泰-敦南,8888,3768,4362,-594,0.52,2,sell
9/09,6770,台灣摩根士丹利,1470,3619,2389,1230,1.08,3,buy
9/09,6770,元大-善化,0039003800310079,127,449,-322,0.28,3,sell
9/09,6770,花旗環球,1590,1172,21,1151,1.01,4,buy
9/09,6770,永豐金-桃盛,003900410039004e,78,325,-247,0.22,4,sell
9/09,6770,美商高盛,1480,8577,7456,1121,0.98,5,buy
9/09,6770,元大-鹿港,0039003800390053,117,315,-198,0.17,5,sell
9/09,6770,凱基-台北,9268,6608,5638,970,0.85,6,buy
9/09,6770,新光,8560,758,955,-197,0.17,6,sell
9/09,6770,富邦證券,9600,1155,455,700,0.61,7,buy
9/09,6770,富邦-永和,9654,869,1063,-194,0.17,7,sell
9/09,6770,新加坡商瑞銀,1650,3585,3013,572,0.5,8,buy
9/09,6770,中國信託-新竹,6165,65,258,-193,0.17,8,sell
9/09,6770,摩根大通,8440,1915,1351,564,0.49,9,buy
9/09,6770,致和-佳里,7032,169,341,-172,0.15,9,sell
9/09,6770,元大-岡山,0039003800350046,397,13,384,0.34,10,buy
9/09,6770,玉山證券,8840,359,528,-169,0.15,10,sell
9/09,6770,元大證券,9800,10752,10418,334,0.29,11,buy
9/09,6770,元大-莒光,003900380031004c,106,273,-167,0.15,11,sell
9/09,6770,兆豐-民生,0037003000300063,326,36,290,0.25,12,buy
9/09,6770,富邦-台中,003900360035004b,153,321,-168,0.15,12,sell
9/09,6770,法銀巴黎,8900,282,1,281,0.25,13,buy
9/09,6770,元大-佳里,0039003800310065,49,214,-165,0.14,13,sell
9/09,6770,凱基-板橋,0039003200300041,367,90,277,0.24,14,buy
9/09,6770,國泰-桃園,8885,389,548,-159,0.14,14,sell
9/09,6770,永豐金-匯立,0039004100380031,250,0,250,0.22,15,buy
9/09,6770,富邦-台北,9623,622,776,-154,0.13,15,sell
9/09,1301,美商高盛,1480,3773,282,3491,12.96,1,buy
9/09,1301,國泰證券,8880,35,1237,-1202,4.46,1,sell
9/09,1301,台灣摩根士丹利,1470,2372,215,2157,8.01,2,buy
9/09,1301,中國信託,6160,24,1089,-1065,3.95,2,sell
9/09,1301,凱基-台北,9268,2967,1165,1802,6.69,3,buy
9/09,1301,第一金,5380,14,624,-610,2.27,3,sell
9/09,1301,摩根大通,8440,2341,746,1595,5.92,4,buy
9/09,1301,元大證券,9800,1682,2055,-373,1.39,4,sell
9/09,1301,美林,1440,1245,42,1203,4.47,5,buy
9/09,1301,群益金鼎-竹南,0039003100380069,0,301,-301,1.12,5,sell
9/09,1301,新加坡商瑞銀,1650,1090,27,1063,3.95,6,buy
9/09,1301,國泰-敦南,8888,192,425,-233,0.87,6,sell
9/09,1301,法銀巴黎,8900,584,0,584,2.17,7,buy
9/09,1301,統一-竹南,003500380035006d,4,230,-226,0.84,7,sell
9/09,1301,港商野村,1560,430,49,381,1.41,8,buy
9/09,1301,富邦證券,9600,210,424,-214,0.79,8,sell
9/09,1301,元大-員林,9889,130,8,122,0.45,9,buy
9/09,1301,聯邦-台南,8588,12,207,-195,0.72,9,sell
9/09,1301,元大-林森,0039003800330042,103,8,95,0.35,10,buy
9/09,1301,亞東-新竹,2184,1,186,-185,0.69,10,sell
9/09,1301,台新-永和,0039004200320042,77,4,73,0.27,11,buy
9/09,1301,兆豐證券,7000,2,174,-172,0.64,11,sell
9/09,1301,國票證券,7790,76,3,73,0.27,12,buy
9/09,1301,統一-城中,5854,65,221,-156,0.58,12,sell
9/09,1301,兆豐-台中港,7005,109,38,71,0.26,13,buy
9/09,1301,凱基-松山,9217,3,148,-145,0.54,13,sell
9/09,1301,群益金鼎-延平,0039003100380078,80,11,69,0.26,14,buy
9/09,1301,新光-台中,8561,17,142,-125,0.46,14,sell
9/09,1301,花旗環球,1590,65,6,59,0.22,15,buy
9/09,1301,元大-內湖民權,9867,4,129,-125,0.46,15,sell
9/09,1326,美商高盛,1480,5271,730,4541,12.19,1,buy
9/09,1326,元大-信義,003900380039006d,13,2525,-2512,6.74,1,sell
9/09,1326,新加坡商瑞銀,1650,2778,624,2154,5.78,2,buy
9/09,1326,第一金,5380,45,813,-768,2.06,2,sell
9/09,1326,摩根大通,8440,2377,304,2073,5.57,3,buy
9/09,1326,中國信託-忠孝,6162,152,735,-583,1.57,3,sell
9/09,1326,凱基-台北,9268,3169,1431,1738,4.67,4,buy
9/09,1326,港商野村,1560,67,586,-519,1.39,4,sell
9/09,1326,台灣摩根士丹利,1470,2526,1203,1323,3.55,5,buy
9/09,1326,國泰證券,8880,26,369,-343,0.92,5,sell
9/09,1326,法銀巴黎,8900,822,13,809,2.17,6,buy
9/09,1326,台新-五權西,0039004200320035,172,512,-340,0.91,6,sell
9/09,1326,元大證券,9800,2748,2513,235,0.63,7,buy
9/09,1326,富邦-新莊,0039003600320044,6,308,-302,0.81,7,sell
9/09,1326,聯邦-台南,8588,251,40,211,0.57,8,buy
9/09,1326,元大-竹山,0039003800310052,24,323,-299,0.8,8,sell
9/09,1326,永豐金證券,0039004100300030,293,141,152,0.41,9,buy
9/09,1326,福邦證券,6480,0,230,-230,0.62,9,sell
9/09,1326,凱基,9200,151,0,151,0.41,10,buy
9/09,1326,國泰-敦南,8888,636,861,-225,0.6,10,sell
9/09,1326,統一,5850,169,67,102,0.27,11,buy
9/09,1326,元大-北投,0039003800390041,17,221,-204,0.55,11,sell
9/09,1326,花旗環球,1590,97,7,90,0.24,12,buy
9/09,1326,中國信託,6160,30,206,-176,0.47,12,sell
9/09,1326,富邦證券,9600,196,123,73,0.2,13,buy
9/09,1326,富邦-台北,9623,131,289,-158,0.42,13,sell
9/09,1326,台新-草屯,0039004200320058,62,3,59,0.16,14,buy
9/09,1326,兆豐證券,7000,0,143,-143,0.38,14,sell
9/09,1326,大昌-桃園,6465,66,7,59,0.16,15,buy
9/09,1326,元大-館前,003900380034004b,120,262,-142,0.38,15,sell
9/09,2889,台灣摩根士丹利,1470,4792,426,4366,29.34,1,buy
9/09,2889,群益金鼎,9100,14,1204,-1190,8.0,1,sell
9/09,2889,新加坡商瑞銀,1650,1913,336,1577,10.6,2,buy
9/09,2889,中國信託-中壢,0036003100360041,0,1021,-1021,6.86,2,sell
9/09,2889,國泰-板橋,003800380038004b,1043,114,929,6.24,3,buy
9/09,2889,新光-桃園,8565,12,998,-986,6.63,3,sell
9/09,2889,台中銀-豐原,0036003100310041,299,1,298,2.0,4,buy
9/09,2889,美好,5260,0,700,-700,4.7,4,sell
9/09,2889,土銀-嘉義,1034,240,7,233,1.57,5,buy
9/09,2889,富邦-南京,0039003600310043,4,700,-696,4.68,5,sell
9/09,2889,凱基-科園,9254,225,0,225,1.51,6,buy
9/09,2889,彰銀,1230,10,601,-591,3.97,6,sell
9/09,2889,元大-北投,0039003800390041,164,1,163,1.1,7,buy
9/09,2889,凱基-台北,9268,343,932,-589,3.96,7,sell
9/09,2889,摩根大通,8440,375,251,124,0.83,8,buy
9/09,2889,富邦-陽明,9604,31,422,-391,2.63,8,sell
9/09,2889,美商高盛,1480,926,806,120,0.81,9,buy
9/09,2889,凱基-宜蘭,003900320030004d,0,312,-312,2.1,9,sell
9/09,2889,兆豐-桃園,003700300030004d,140,30,110,0.74,10,buy
9/09,2889,凱基-中山,9229,0,300,-300,2.02,10,sell
9/09,2889,元大-雙和,9874,110,3,107,0.72,11,buy
9/09,2889,臺銀,1040,1,300,-299,2.01,11,sell
9/09,2889,亞東-台中,2187,100,0,100,0.67,12,buy
9/09,2889,玉山-高雄,8843,5,228,-223,1.5,12,sell
9/09,2889,花旗環球,1590,95,0,95,0.64,13,buy
9/09,2889,(牛牛牛)亞-網路,6012,2,171,-169,1.14,13,sell
9/09,2889,元大-員林,9889,100,8,92,0.62,14,buy
9/09,2889,聯邦-台南,8588,0,160,-160,1.08,14,sell
9/09,2889,宏遠-台南,0031003200360044,92,0,92,0.62,15,buy
9/09,2889,新光-台中,8561,9,151,-142,0.95,15,sell
9/09,0052,凱基,9200,2116,0,2116,17.61,1,buy
9/09,0052,中國信託,6160,581,1254,-673,5.6,1,sell
9/09,0052,群益金鼎,9100,1632,10,1622,13.5,2,buy
9/09,0052,康和,8450,10,469,-459,3.82,2,sell
9/09,0052,元大證券,9800,1658,882,776,6.46,3,buy
9/09,0052,富邦證券,9600,55,505,-450,3.75,3,sell
9/09,0052,台新,0039004200300030,613,197,416,3.46,4,buy
9/09,0052,凱基-台北,9268,737,1144,-407,3.39,4,sell
9/09,0052,第一金-路竹,0035003300380050,329,15,314,2.61,5,buy
9/09,0052,國泰-館前,0038003800380041,55,253,-198,1.65,5,sell
9/09,0052,新加坡商瑞銀,1650,884,573,311,2.59,6,buy
9/09,0052,國泰-敦南,8888,148,293,-145,1.21,6,sell
9/09,0052,永豐金證券,0039004100300030,452,338,114,0.95,7,buy
9/09,0052,第一金-高雄,5383,0,107,-107,0.89,7,sell
9/09,0052,永豐金-南京,0039004100390053,106,2,104,0.87,8,buy
9/09,0052,統一-東湖,0035003800350052,7,100,-93,0.77,8,sell
9/09,0052,玉山-新莊,8842,52,4,48,0.4,9,buy
9/09,0052,富邦-建國,9658,30,110,-80,0.67,9,sell
9/09,0052,永豐金-北高雄,0039004100390072,36,0,36,0.3,10,buy
9/09,0052,富邦-台北,9623,8,86,-78,0.65,10,sell
9/09,0052,國泰證券,8880,48,14,34,0.28,11,buy
9/09,0052,元大-成功,003900380039004c,5,81,-76,0.63,11,sell
9/09,0052,永豐金-台中,003900410039004c,35,12,23,0.19,12,buy
9/09,0052,國票-北高雄,003700370039004a,0,75,-75,0.62,12,sell
9/09,0052,元大-大雅,0039003800330069,31,11,20,0.17,13,buy
9/09,0052,永豐金-敦南,0039004100380046,1,70,-69,0.57,13,sell
9/09,0052,元大-三民,0039003800390046,22,5,17,0.14,14,buy
9/09,0052,元大-草屯,0039003800390045,8,59,-51,0.42,14,sell
9/09,0052,元大-虎尾,003900380030006c,17,3,14,0.12,15,buy
9/09,0052,新光,8560,14,64,-50,0.42,15,sell
9/09,3045,摩根大通,8440,1200,329,871,10.72,1,buy
9/09,3045,凱基-城中,9227,0,1401,-1401,17.24,1,sell
9/09,3045,群益金鼎,9100,947,184,763,9.39,2,buy
9/09,3045,富邦證券,9600,0,1001,-1001,12.32,2,sell
9/09,3045,台灣摩根士丹利,1470,743,42,701,8.62,3,buy
9/09,3045,康和,8450,0,400,-400,4.92,3,sell
9/09,3045,永豐金證券,0039004100300030,559,60,499,6.14,4,buy
9/09,3045,中國信託,6160,0,151,-151,1.86,4,sell
9/09,3045,美商高盛,1480,535,112,423,5.2,5,buy
9/09,3045,凱基,9200,359,507,-148,1.82,5,sell
9/09,3045,港商野村,1560,291,0,291,3.58,6,buy
9/09,3045,統一,5850,4,152,-148,1.82,6,sell
9/09,3045,港商麥格理,1360,278,0,278,3.42,7,buy
9/09,3045,福邦證券,6480,0,145,-145,1.78,7,sell
9/09,3045,新加坡商瑞銀,1650,279,14,265,3.26,8,buy
9/09,3045,凱基-台北,9268,298,383,-85,1.05,8,sell
9/09,3045,(牛牛牛)亞證券,6010,200,0,200,2.46,9,buy
9/09,3045,第一金-台南,5384,0,82,-82,1.01,9,sell
9/09,3045,元大證券,9800,314,140,174,2.14,10,buy
9/09,3045,國泰-板橋,003800380038004b,0,60,-60,0.74,10,sell
9/09,3045,美林,1440,213,50,163,2.01,11,buy
9/09,3045,聯邦-忠孝,8583,0,51,-51,0.63,11,sell
9/09,3045,華南永昌,9300,200,50,150,1.85,12,buy
9/09,3045,兆豐-桃園,003700300030004d,210,260,-50,0.62,12,sell
9/09,3045,富邦-建國,9658,91,6,85,1.05,13,buy
9/09,3045,(牛牛牛)亞-鑫豐,0036003000310064,1,44,-43,0.53,13,sell
9/09,3045,台新-高雄,0039004200310067,73,8,65,0.8,14,buy
9/09,3045,群益金鼎-高雄,9183,0,40,-40,0.49,14,sell
9/09,3045,花旗環球,1590,30,0,30,0.37,15,buy
9/09,3045,富邦-板橋,9655,0,35,-35,0.43,15,sell
9/09,2880,永豐金-匯立,0039004100380031,1597,35,1562,17.13,1,buy
9/09,2880,台灣摩根士丹利,1470,603,1630,-1027,11.26,1,sell
9/09,2880,港商麥格理,1360,293,0,293,3.21,2,buy
9/09,2880,凱基-台北,9268,333,841,-508,5.57,2,sell
9/09,2880,摩根大通,8440,812,538,274,3.0,3,buy
9/09,2880,美林,1440,293,745,-452,4.96,3,sell
9/09,2880,元大證券,9800,733,470,263,2.88,4,buy
9/09,2880,花旗環球,1590,106,444,-338,3.71,4,sell
9/09,2880,凱基-鳳山,9274,140,0,140,1.53,5,buy
9/09,2880,元大-大里德芳,0039003800330057,2,193,-191,2.09,5,sell
9/09,2880,中國信託,6160,106,2,104,1.14,6,buy
9/09,2880,香港上海匯豐,8960,0,177,-177,1.94,6,sell
9/09,2880,群益金鼎-瑞豐,0039003100380075,62,0,62,0.68,7,buy
9/09,2880,群益金鼎,9100,23,184,-161,1.77,7,sell
9/09,2880,群益金鼎-海山,9108,65,4,61,0.67,8,buy
9/09,2880,國票證券,7790,4,143,-139,1.52,8,sell
9/09,2880,華南永昌-中正,9359,75,31,44,0.48,9,buy
9/09,2880,玉山證券,8840,4,78,-74,0.81,9,sell
9/09,2880,大昌-安康,6462,36,0,36,0.39,10,buy
9/09,2880,美商高盛,1480,700,759,-59,0.65,10,sell
9/09,2880,元大-新竹,9816,33,1,32,0.35,11,buy
9/09,2880,玉山-高雄,8843,20,70,-50,0.55,11,sell
9/09,2880,國泰-敦南,8888,133,104,29,0.32,12,buy
9/09,2880,元大-屏東,9892,2,50,-48,0.53,12,sell
9/09,2880,國泰證券,8880,27,0,27,0.3,13,buy
9/09,2880,華南永昌-大甲,9315,0,45,-45,0.49,13,sell
9/09,2880,亞東,2180,29,4,25,0.27,14,buy
9/09,2880,中國信託-三重,6161,5,45,-40,0.44,14,sell
9/09,2880,國票-台南,0037003700390044,39,14,25,0.27,15,buy
9/09,2880,富邦-建國,9658,6,42,-36,0.39,15,sell
9/09,1216,美商高盛,1480,2731,388,2343,27.46,1,buy
9/09,1216,摩根大通,8440,225,2635,-2410,28.24,1,sell
9/09,1216,元大證券,9800,1272,160,1112,13.03,2,buy
9/09,1216,港商麥格理,1360,415,1200,-785,9.2,2,sell
9/09,1216,港商野村,1560,466,0,466,5.46,3,buy
9/09,1216,臺銀,1040,2,702,-700,8.2,3,sell
9/09,1216,凱基-台北,9268,432,222,210,2.46,4,buy
9/09,1216,台灣摩根士丹利,1470,646,1184,-538,6.3,4,sell
9/09,1216,台灣企銀-建成,0031003100310042,100,0,100,1.17,5,buy
9/09,1216,新加坡商瑞銀,1650,249,678,-429,5.03,5,sell
9/09,1216,元大-沙鹿,0039003800300064,60,0,60,0.7,6,buy
9/09,1216,香港上海匯豐,8960,173,576,-403,4.72,6,sell
9/09,1216,新光-台中,8561,59,6,53,0.62,7,buy
9/09,1216,國泰證券,8880,1,92,-91,1.07,7,sell
9/09,1216,華南永昌-東勢,9358,50,0,50,0.59,8,buy
9/09,1216,富邦證券,9600,1,76,-75,0.88,8,sell
9/09,1216,兆豐-新竹,0037003000300056,49,0,49,0.57,9,buy
9/09,1216,國票證券,7790,7,24,-17,0.2,9,sell
9/09,1216,玉山-大里,003800380034004a,47,0,47,0.55,10,buy
9/09,1216,群益金鼎,9100,96,107,-11,0.13,10,sell
9/09,1216,花旗環球,1590,81,34,47,0.55,11,buy
9/09,1216,統一,5850,10,19,-9,0.11,11,sell
9/09,1216,元大-中崙,9813,41,0,41,0.48,12,buy
9/09,1216,永豐金-匯立,0039004100380031,13,22,-9,0.11,12,sell
9/09,1216,兆豐-嘉義,7001,32,0,32,0.38,13,buy
9/09,1216,永豐金-員林,0039004100390043,0,7,-7,0.08,13,sell
9/09,1216,美林,1440,78,49,29,0.34,14,buy
9/09,1216,兆豐-竹北,7007,0,6,-6,0.07,14,sell
9/09,1216,國泰-高雄,8881,26,0,26,0.3,15,buy
9/09,1216,凱基-高雄,9206,13,19,-6,0.07,15,sell
9/09,6182,美商高盛,1480,590,126,464,2.33,1,buy
9/09,6182,元大證券,9800,1288,1814,-526,2.65,1,sell
9/09,6182,永豐金證券,0039004100300030,401,79,322,1.62,2,buy
9/09,6182,摩根大通,8440,25,445,-420,2.11,2,sell
9/09,6182,新加坡商瑞銀,1650,308,1,307,1.54,3,buy
9/09,6182,台灣摩根士丹利,1470,38,363,-325,1.63,3,sell
9/09,6182,凱基,9200,300,6,294,1.48,4,buy
9/09,6182,國泰-板橋,003800380038004b,231,369,-138,0.69,4,sell
9/09,6182,凱基-台北,9268,1932,1782,150,0.75,5,buy
9/09,6182,元大-忠孝,9871,11,128,-117,0.59,5,sell
9/09,6182,國票-安和,003700370039005a,406,261,145,0.73,6,buy
9/09,6182,凱基-城中,9227,4,118,-114,0.57,6,sell
9/09,6182,美林,1440,565,429,136,0.68,7,buy
9/09,6182,國票-嘉義,0037003700390048,3,106,-103,0.52,7,sell
9/09,6182,華南永昌,9300,143,24,119,0.6,8,buy
9/09,6182,永豐金-天母,0039004100390047,23,123,-100,0.5,8,sell
9/09,6182,國泰-台南,8884,97,27,70,0.35,9,buy
9/09,6182,兆豐-忠孝,0037003000300061,12,110,-98,0.49,9,sell
9/09,6182,國泰-敦南,8888,698,632,66,0.33,10,buy
9/09,6182,玉山-雙和,8841,6,54,-48,0.24,10,sell
9/09,6182,元大-豐原,9838,60,6,54,0.27,11,buy
9/09,6182,港商野村,1560,3,49,-46,0.23,11,sell
9/09,6182,高橋-龍潭,5321,53,13,40,0.2,12,buy
9/09,6182,群益金鼎,9100,98,142,-44,0.22,12,sell
9/09,6182,凱基-士林,9238,53,14,39,0.2,13,buy
9/09,6182,中國信託-新竹,6165,13,55,-42,0.21,13,sell
9/09,6182,凱基-板橋,0039003200300041,42,3,39,0.2,14,buy
9/09,6182,玉山-信義,0038003800340043,31,72,-41,0.21,14,sell
9/09,6182,台新-屏新,0039004200320071,61,31,30,0.15,15,buy
9/09,6182,台新-松德,0039004200320061,16,57,-41,0.21,15,sell
9/09,2327,大和國泰,8890,562,0,562,2.03,1,buy
9/09,2327,美林,1440,64,1050,-986,3.56,1,sell
9/09,2327,康和,8450,411,51,360,1.3,2,buy
9/09,2327,美商高盛,1480,1381,2256,-875,3.16,2,sell
9/09,2327,富邦證券,9600,483,237,246,0.89,3,buy
9/09,2327,摩根大通,8440,534,1330,-796,2.88,3,sell
9/09,2327,凱基-台北,9268,1233,1033,200,0.72,4,buy
9/09,2327,新加坡商瑞銀,1650,497,1014,-517,1.87,4,sell
9/09,2327,港商麥格理,1360,182,4,178,0.64,5,buy
9/09,2327,台中銀-豐原,0036003100310041,17,417,-400,1.45,5,sell
9/09,2327,國票-敦北法人,0037003700390063,171,4,167,0.6,6,buy
9/09,2327,港商野村,1560,2,290,-288,1.04,6,sell
9/09,2327,統一-南京,0035003800350055,301,140,161,0.58,7,buy
9/09,2327,富邦-台北,9623,79,344,-265,0.96,7,sell
9/09,2327,國泰-敦南,8888,1007,878,129,0.47,8,buy
9/09,2327,元大證券,9800,2028,2241,-213,0.77,8,sell
9/09,2327,兆豐-南京,0037003000300050,118,11,107,0.39,9,buy
9/09,2327,凱基-大里,0039003200300057,147,324,-177,0.64,9,sell
9/09,2327,花旗環球,1590,139,49,90,0.33,10,buy
9/09,2327,凱基-興隆,9289,2,151,-149,0.54,10,sell
9/09,2327,元大-博愛,0039003800320042,98,30,68,0.25,11,buy
9/09,2327,永豐金證券,0039004100300030,177,324,-147,0.53,11,sell
9/09,2327,台新-大裕,003900420032006c,77,22,55,0.2,12,buy
9/09,2327,台灣摩根士丹利,1470,1474,1611,-137,0.5,12,sell
9/09,2327,永豐金-信義,0039004100390052,61,11,50,0.18,13,buy
9/09,2327,統一,5850,96,147,-51,0.18,13,sell
9/09,2327,兆豐-中壢,0037003000300062,56,11,45,0.16,14,buy
9/09,2327,國泰證券,8880,34,79,-45,0.16,14,sell
9/09,2327,華南永昌-新莊,9305,37,0,37,0.13,15,buy
9/09,2327,台新-建北,0039004200310038,21,61,-40,0.14,15,sell
9/09,6919,凱基-台北,9268,535,148,387,7.66,1,buy
9/09,6919,永豐金-敦南,0039004100380046,1,884,-883,17.48,1,sell
9/09,6919,元大證券,9800,357,154,203,4.02,2,buy
9/09,6919,美商高盛,1480,78,451,-373,7.38,2,sell
9/09,6919,凱基-站前,0039003200300046,88,16,72,1.43,3,buy
9/09,6919,國票-嘉義,0037003700390048,2,127,-125,2.47,3,sell
9/09,6919,統一-三重,003500380035004a,72,16,56,1.11,4,buy
9/09,6919,宏遠證券,1260,0,100,-100,1.98,4,sell
9/09,6919,臺銀-高雄,0031003000340043,81,26,55,1.09,5,buy
9/09,6919,元大-成功,003900380039004c,30,128,-98,1.94,5,sell
9/09,6919,國泰-敦南,8888,169,115,54,1.07,6,buy
9/09,6919,群益金鼎-中壢,0039003100380041,5,83,-78,1.54,6,sell
9/09,6919,台灣摩根士丹利,1470,270,228,42,0.83,7,buy
9/09,6919,群益金鼎-新店,0039003100380046,0,55,-55,1.09,7,sell
9/09,6919,台新-文心,003900420032007a,41,0,41,0.81,8,buy
9/09,6919,華南永昌-中正,9359,14,67,-53,1.05,8,sell
9/09,6919,凱基-埔墘,9288,40,1,39,0.77,9,buy
9/09,6919,華南永昌-南京,9326,2,52,-50,0.99,9,sell
9/09,6919,元大-雙和,9874,35,3,32,0.63,10,buy
9/09,6919,元大-復北,9872,5,45,-40,0.79,10,sell
9/09,6919,富邦-和美,0039003600310050,28,0,28,0.55,11,buy
9/09,6919,元大-北三重,0039003800390056,1,29,-28,0.55,11,sell
9/09,6919,香港上海匯豐,8960,25,0,25,0.49,12,buy
9/09,6919,臺銀-民權,1043,0,26,-26,0.51,12,sell
9/09,6919,玉山-雙和,8841,25,0,25,0.49,13,buy
9/09,6919,法銀巴黎,8900,0,22,-22,0.44,13,sell
9/09,6919,玉山證券,8840,26,3,23,0.46,14,buy
9/09,6919,國票-安和,003700370039005a,1,21,-20,0.4,14,sell
9/09,6919,元大-林森,0039003800330042,20,0,20,0.4,15,buy
9/09,6919,中國信託-三重,6161,0,20,-20,0.4,15,sell
9/09,3036,台灣摩根士丹利,1470,653,10,643,17.73,1,buy
9/09,3036,摩根大通,8440,232,886,-654,18.04,1,sell
9/09,3036,凱基-台北,9268,500,322,178,4.91,2,buy
9/09,3036,港商麥格理,1360,3,509,-506,13.95,2,sell
9/09,3036,美商高盛,1480,358,223,135,3.72,3,buy
9/09,3036,美林,1440,29,160,-131,3.61,3,sell
9/09,3036,港商野村,1560,115,0,115,3.17,4,buy
9/09,3036,富邦證券,9600,0,71,-71,1.96,4,sell
9/09,3036,花旗環球,1590,107,0,107,2.95,5,buy
9/09,3036,永豐金證券,0039004100300030,18,51,-33,0.91,5,sell
9/09,3036,新加坡商瑞銀,1650,202,110,92,2.54,6,buy
9/09,3036,國泰-敦南,8888,31,63,-32,0.88,6,sell
9/09,3036,法銀巴黎,8900,68,0,68,1.88,7,buy
9/09,3036,高橋,5320,0,30,-30,0.83,7,sell
9/09,3036,合庫證券,1020,60,0,60,1.65,8,buy
9/09,3036,元大-土城,9897,2,31,-29,0.8,8,sell
9/09,3036,凱基,9200,53,0,53,1.46,9,buy
9/09,3036,群益金鼎,9100,19,42,-23,0.63,9,sell
9/09,3036,元大證券,9800,169,129,40,1.1,10,buy
9/09,3036,國泰-台中,8882,12,33,-21,0.58,10,sell
9/09,3036,第一金-桃園,5385,36,0,36,0.99,11,buy
9/09,3036,日茂-南投,5962,0,20,-20,0.55,11,sell
9/09,3036,永豐金-內湖,0039004100390067,30,0,30,0.83,12,buy
9/09,3036,永豐金-台南,0039004100390068,2,21,-19,0.52,12,sell
9/09,3036,富邦-竹北,9624,22,0,22,0.61,13,buy
9/09,3036,國泰證券,8880,1,19,-18,0.5,13,sell
9/09,3036,中國信託,6160,18,2,16,0.44,14,buy
9/09,3036,新光,8560,9,26,-17,0.47,14,sell
9/09,3036,玉山-數位,003800380034004d,20,5,15,0.41,15,buy
9/09,3036,華南永昌-苗栗,9362,0,17,-17,0.47,15,sell
9/09,3231,台灣摩根士丹利,1470,8609,642,7967,11.92,1,buy
9/09,3231,花旗環球,1590,61,6053,-5992,8.96,1,sell
9/09,3231,元大證券,9800,10509,5733,4776,7.15,2,buy
9/09,3231,港商麥格理,1360,87,5894,-5807,8.69,2,sell
9/09,3231,凱基-士林,9238,4346,84,4262,6.38,3,buy
9/09,3231,港商野村,1560,936,2950,-2014,3.01,3,sell
9/09,3231,美林,1440,4024,536,3488,5.22,4,buy
9/09,3231,凱基-站前,0039003200300046,16,1467,-1451,2.17,4,sell
9/09,3231,新加坡商瑞銀,1650,5503,2560,2943,4.4,5,buy
9/09,3231,統一,5850,114,1321,-1207,1.81,5,sell
9/09,3231,富邦證券,9600,2110,1155,955,1.43,6,buy
9/09,3231,凱基-台北,9268,3272,3840,-568,0.85,6,sell
9/09,3231,富邦-建國,9658,540,123,417,0.62,7,buy
9/09,3231,永豐金-萬盛,0039004100390032,5,527,-522,0.78,7,sell
9/09,3231,元大-天母,0039003800310049,430,20,410,0.61,8,buy
9/09,3231,富邦-嘉義,9692,338,851,-513,0.77,8,sell
9/09,3231,摩根大通,8440,3089,2696,393,0.59,9,buy
9/09,3231,美商高盛,1480,3990,4393,-403,0.6,9,sell
9/09,3231,合庫-自強,0031003000320043,385,17,368,0.55,10,buy
9/09,3231,亞東-高雄,2186,1,362,-361,0.54,10,sell
9/09,3231,兆豐-復興,0037003000300070,1671,1304,367,0.55,11,buy
9/09,3231,元大-中山北路,0039003800300061,3,309,-306,0.46,11,sell
9/09,3231,凱基-三重,9205,369,38,331,0.5,12,buy
9/09,3231,永豐金-內湖,0039004100390067,6,309,-303,0.45,12,sell
9/09,3231,中國信託,6160,405,120,285,0.43,13,buy
9/09,3231,玉山-新莊,8842,219,423,-204,0.31,13,sell
9/09,3231,大和國泰,8890,260,0,260,0.39,14,buy
9/09,3231,國泰-敦南,8888,537,724,-187,0.28,14,sell
9/09,3231,元大-斗六,0039003800300043,251,20,231,0.35,15,buy
9/09,3231,永豐金證券,0039004100300030,299,482,-183,0.27,15,sell
9/09,2344,國泰-敦南,8888,5501,3023,2478,1.76,1,buy
9/09,2344,美商高盛,1480,2406,19287,-16881,12.02,1,sell
9/09,2344,永豐金-匯立,0039004100380031,1344,54,1290,0.92,2,buy
9/09,2344,台灣摩根士丹利,1470,1342,13614,-12272,8.74,2,sell
9/09,2344,新光,8560,1634,705,929,0.66,3,buy
9/09,2344,摩根大通,8440,1234,11833,-10599,7.55,3,sell
9/09,2344,花旗環球,1590,891,55,836,0.6,4,buy
9/09,2344,新加坡商瑞銀,1650,3357,12367,-9010,6.42,4,sell
9/09,2344,國泰-館前,0038003800380041,717,203,514,0.37,5,buy
9/09,2344,元大證券,9800,10725,18856,-8131,5.79,5,sell
9/09,2344,國泰-台中,8882,1038,572,466,0.33,6,buy
9/09,2344,凱基-台北,9268,3440,5577,-2137,1.52,6,sell
9/09,2344,富邦-陽明,9604,675,221,454,0.32,7,buy
9/09,2344,美林,1440,974,2215,-1241,0.88,7,sell
9/09,2344,玉山證券,8840,562,110,452,0.32,8,buy
9/09,2344,港商麥格理,1360,63,572,-509,0.36,8,sell
9/09,2344,國泰-板橋,003800380038004b,809,399,410,0.29,9,buy
9/09,2344,富邦證券,9600,850,1308,-458,0.33,9,sell
9/09,2344,富邦-仁愛,9676,549,144,405,0.29,10,buy
9/09,2344,凱基,9200,0,425,-425,0.3,10,sell
9/09,2344,元大-新莊,9898,624,228,396,0.28,11,buy
9/09,2344,群益金鼎,9100,890,1255,-365,0.26,11,sell
9/09,2344,新光-台中,8561,618,232,386,0.27,12,buy
9/09,2344,台新,0039004200300030,1525,1794,-269,0.19,12,sell
9/09,2344,國泰-桃園,8885,837,479,358,0.25,13,buy
9/09,2344,國票-敦北法人,0037003700390063,89,347,-258,0.18,13,sell
9/09,2344,群益金鼎-新竹,9186,342,7,335,0.24,14,buy
9/09,2344,永豐金證券,0039004100300030,978,1215,-237,0.17,14,sell
9/09,2344,富邦-南屯,9666,415,105,310,0.22,15,buy
9/09,2344,元大-中山北路,0039003800300061,331,505,-174,0.12,15,sell
9/09,2845,摩根大通,8440,1613,323,1290,16.54,1,buy
9/09,2845,群益金鼎,9100,9,2249,-2240,28.73,1,sell
9/09,2845,新加坡商瑞銀,1650,448,4,444,5.69,2,buy
9/09,2845,美林,1440,0,750,-750,9.62,2,sell
9/09,2845,光和-高雄,0036003300380044,370,0,370,4.74,3,buy
9/09,2845,台灣摩根士丹利,1470,853,1047,-194,2.49,3,sell
9/09,2845,美商高盛,1480,644,425,219,2.81,4,buy
9/09,2845,群益金鼎-台北,0039003100380058,1,150,-149,1.91,4,sell
9/09,2845,華南永昌-斗六,9327,200,0,200,2.56,5,buy
9/09,2845,凱基-台北,9268,362,471,-109,1.4,5,sell
9/09,2845,玉山-雙和,8841,170,6,164,2.1,6,buy
9/09,2845,合庫-基隆,1025,0,100,-100,1.28,6,sell
9/09,2845,國泰-桃園,8885,299,172,127,1.63,7,buy
9/09,2845,台新-城東,0039004200320072,0,100,-100,1.28,7,sell
9/09,2845,花旗環球,1590,106,0,106,1.36,8,buy
9/09,2845,美好-蘆洲,5261,0,100,-100,1.28,8,sell
9/09,2845,元大證券,9800,298,218,80,1.03,9,buy
9/09,2845,華南永昌-竹北,9339,200,260,-60,0.77,9,sell
9/09,2845,富邦-建國,9658,66,2,64,0.82,10,buy
9/09,2845,元大-大里,0039003800310067,24,82,-58,0.74,10,sell
9/09,2845,第一金-彰化,5386,66,10,56,0.72,11,buy
9/09,2845,高橋,5320,6,60,-54,0.69,11,sell
9/09,2845,國泰-敦南,8888,75,24,51,0.65,12,buy
9/09,2845,台新-林園,0039004200320037,0,50,-50,0.64,12,sell
9/09,2845,富邦-板橋,9655,53,3,50,0.64,13,buy
9/09,2845,宏遠證券,1260,0,40,-40,0.51,13,sell
9/09,2845,新光,8560,60,11,49,0.63,14,buy
9/09,2845,國泰-台南,8884,0,40,-40,0.51,14,sell
9/09,2845,元大-大益,9814,44,2,42,0.54,15,buy
9/09,2845,致和-高雄,7036,4,40,-36,0.46,15,sell
9/09,2408,花旗環球,1590,417,17,400,1.07,1,buy
9/09,2408,台灣摩根士丹利,1470,1576,3387,-1811,4.83,1,sell
9/09,2408,美林,1440,581,251,330,0.88,2,buy
9/09,2408,美商高盛,1480,483,2251,-1768,4.71,2,sell
9/09,2408,永豐金-匯立,0039004100380031,336,46,290,0.77,3,buy
9/09,2408,元大證券,9800,2304,3628,-1324,3.53,3,sell
9/09,2408,永豐金證券,0039004100300030,408,193,215,0.57,4,buy
9/09,2408,富邦證券,9600,247,1058,-811,2.16,4,sell
9/09,2408,國泰-敦南,8888,1320,1156,164,0.44,5,buy
9/09,2408,凱基-台北,9268,1125,1533,-408,1.09,5,sell
9/09,2408,美好-富順,003500320036004b,163,6,157,0.42,6,buy
9/09,2408,港商麥格理,1360,51,348,-297,0.79,6,sell
9/09,2408,新光,8560,399,260,139,0.37,7,buy
9/09,2408,元大-中山北路,0039003800300061,110,397,-287,0.76,7,sell
9/09,2408,凱基,9200,129,12,117,0.31,8,buy
9/09,2408,港商野村,1560,195,394,-199,0.53,8,sell
9/09,2408,第一金-高雄,5383,119,15,104,0.28,9,buy
9/09,2408,康和-台北,0038003400350055,14,205,-191,0.51,9,sell
9/09,2408,(牛牛牛)亞-鑫豐,0036003000310064,104,14,90,0.24,10,buy
9/09,2408,新加坡商瑞銀,1650,1970,2135,-165,0.44,10,sell
9/09,2408,國泰-桃園,8885,212,131,81,0.22,11,buy
9/09,2408,國票-敦北法人,0037003700390063,10,108,-98,0.26,11,sell
9/09,2408,摩根大通,8440,1399,1317,82,0.22,12,buy
9/09,2408,合庫-自強,0031003000320043,28,125,-97,0.26,12,sell
9/09,2408,國泰-台中,8882,330,255,75,0.2,13,buy
9/09,2408,台新-虎尾,003900420032004e,125,212,-87,0.23,13,sell
9/09,2408,統一-敦南,5852,86,17,69,0.18,14,buy
9/09,2408,富邦-永和,9654,125,207,-82,0.22,14,sell
9/09,2408,台新-安南,003900420032005a,96,28,68,0.18,15,buy
9/09,2408,康和,8450,32,103,-71,0.19,15,sell
9/09,2884,永豐金-匯立,0039004100380031,10233,0,10233,16.24,1,buy
9/09,2884,摩根大通,8440,755,9704,-8949,14.2,1,sell
9/09,2884,第一金,5380,3066,2,3064,4.86,2,buy
9/09,2884,美商高盛,1480,3922,12804,-8882,14.1,2,sell
9/09,2884,陽信-台南,8714,1500,0,1500,2.38,3,buy
9/09,2884,新加坡商瑞銀,1650,1573,5130,-3557,5.65,3,sell
9/09,2884,港商麥格理,1360,1522,511,1011,1.6,4,buy
9/09,2884,美林,1440,4624,8011,-3387,5.38,4,sell
9/09,2884,國泰-敦南,8888,1137,395,742,1.18,5,buy
9/09,2884,凱基-台北,9268,901,4178,-3277,5.2,5,sell
9/09,2884,統一-士林,003500380035004d,612,2,610,0.97,6,buy
9/09,2884,港商野村,1560,950,2632,-1682,2.67,6,sell
9/09,2884,永豐金證券,0039004100300030,507,120,387,0.61,7,buy
9/09,2884,花旗環球,1590,795,1995,-1200,1.9,7,sell
9/09,2884,中國信託,6160,316,8,308,0.49,8,buy
9/09,2884,台灣摩根士丹利,1470,2508,3191,-683,1.08,8,sell
9/09,2884,玉山證券,8840,434,136,298,0.47,9,buy
9/09,2884,凱基-高美館,9215,74,662,-588,0.93,9,sell
9/09,2884,群益金鼎-海山,9108,260,0,260,0.41,10,buy
9/09,2884,國票證券,7790,38,409,-371,0.59,10,sell
9/09,2884,新光,8560,313,53,260,0.41,11,buy
9/09,2884,永豐金-板盛,0039004100390059,26,236,-210,0.33,11,sell
9/09,2884,玉山-台中,0038003800340042,295,59,236,0.37,12,buy
9/09,2884,富邦-新竹,9647,71,256,-185,0.29,12,sell
9/09,2884,香港上海匯豐,8960,262,27,235,0.37,13,buy
9/09,2884,兆豐-寶成,0037003000300072,40,216,-176,0.28,13,sell
9/09,2884,玉山-士林,0038003800340041,244,10,234,0.37,14,buy
9/09,2884,群益金鼎-永和,003900310038004a,28,176,-148,0.23,14,sell
9/09,2884,玉山-大里,003800380034004a,240,36,204,0.32,15,buy
9/09,2884,華南永昌-長虹,9333,11,130,-119,0.19,15,sell
9/09,8112,群益金鼎,9100,1491,482,1009,4.72,1,buy
9/09,8112,摩根大通,8440,57,2043,-1986,9.3,1,sell
9/09,8112,永豐金證券,0039004100300030,1002,97,905,4.24,2,buy
9/09,8112,凱基-台北,9268,925,2876,-1951,9.13,2,sell
9/09,8112,台新-台北,0039004200320030,274,0,274,1.28,3,buy
9/09,8112,美林,1440,4,1265,-1261,5.9,3,sell
9/09,8112,元大-大同,0039003800390047,244,7,237,1.11,4,buy
9/09,8112,美商高盛,1480,308,1533,-1225,5.73,4,sell
9/09,8112,兆豐-小港,0037003000300052,239,7,232,1.09,5,buy
9/09,8112,台灣摩根士丹利,1470,4,1077,-1073,5.02,5,sell
9/09,8112,第一金-安和,003500330038006a,181,0,181,0.85,6,buy
9/09,8112,港商野村,1560,0,1037,-1037,4.85,6,sell
9/09,8112,富邦證券,9600,152,3,149,0.7,7,buy
9/09,8112,花旗環球,1590,7,441,-434,2.03,7,sell
9/09,8112,群益金鼎-基隆,0039003100330045,147,4,143,0.67,8,buy
9/09,8112,新加坡商瑞銀,1650,143,421,-278,1.3,8,sell
9/09,8112,國泰-桃園,8885,114,18,96,0.45,9,buy
9/09,8112,元大-松山,0039003800310070,23,167,-144,0.67,9,sell
9/09,8112,華南永昌-高雄,9303,103,10,93,0.44,10,buy
9/09,8112,合庫-台南,1022,51,188,-137,0.64,10,sell
9/09,8112,中國信託-高雄,003600310036004b,115,23,92,0.43,11,buy
9/09,8112,統一,5850,75,189,-114,0.53,11,sell
9/09,8112,合庫-台中,1021,89,7,82,0.38,12,buy
9/09,8112,富邦-斗六,0039003600320047,3,78,-75,0.35,12,sell
9/09,8112,永豐金-員林,0039004100390043,83,2,81,0.38,13,buy
9/09,8112,永全-南崁,6451,7,82,-75,0.35,13,sell
9/09,8112,國泰-敦南,8888,326,247,79,0.37,14,buy
9/09,8112,台新-高雄,0039004200310067,45,118,-73,0.34,14,sell
9/09,8112,富邦-木柵,003900360031004d,97,22,75,0.35,15,buy
9/09,8112,元大-大統,003900380031007a,14,87,-73,0.34,15,sell
9/09,2481,凱基-台北,9268,2009,1515,494,2.12,1,buy
9/09,2481,摩根大通,8440,530,2815,-2285,9.83,1,sell
9/09,2481,台灣摩根士丹利,1470,1004,761,243,1.04,2,buy
9/09,2481,美林,1440,112,684,-572,2.46,2,sell
9/09,2481,凱基,9200,109,0,109,0.47,3,buy
9/09,2481,國票-長城,0037003700390075,24,525,-501,2.15,3,sell
9/09,2481,凱基-員林,9231,101,1,100,0.43,4,buy
9/09,2481,中國信託,6160,63,480,-417,1.79,4,sell
9/09,2481,國泰-敦南,8888,601,526,75,0.32,5,buy
9/09,2481,美商高盛,1480,729,1001,-272,1.17,5,sell
9/09,2481,第一金-豐原,003500330038004e,69,3,66,0.28,6,buy
9/09,2481,新加坡商瑞銀,1650,243,394,-151,0.65,6,sell
9/09,2481,新光,8560,203,139,64,0.28,7,buy
9/09,2481,花旗環球,1590,36,162,-126,0.54,7,sell
9/09,2481,國泰-台中,8882,137,77,60,0.26,8,buy
9/09,2481,統一-城中,5854,49,174,-125,0.54,8,sell
9/09,2481,國泰-板橋,003800380038004b,186,129,57,0.25,9,buy
9/09,2481,統一,5850,93,193,-100,0.43,9,sell
9/09,2481,台新-台中,0039004200310068,115,61,54,0.23,10,buy
9/09,2481,富邦-木柵,003900360031004d,18,97,-79,0.34,10,sell
9/09,2481,統一-仁愛,0035003800350063,85,31,54,0.23,11,buy
9/09,2481,元大-台中中港,0039003800390042,66,145,-79,0.34,11,sell
9/09,2481,富邦-新店,9661,74,25,49,0.21,12,buy
9/09,2481,元大-潮州,003900380031005a,14,82,-68,0.29,12,sell
9/09,2481,元大-彰化民生,003900380039004a,61,13,48,0.21,13,buy
9/09,2481,元大-竹科,003900380030004b,16,76,-60,0.26,13,sell
9/09,2481,永豐金-板新,003900410039004a,58,16,42,0.18,14,buy
9/09,2481,台新,0039004200300030,126,182,-56,0.24,14,sell
9/09,2481,元大-忠孝,9871,121,80,41,0.18,15,buy
9/09,2481,富邦證券,9600,257,310,-53,0.23,15,sell
9/09,2449,摩根大通,8440,2753,806,1947,15.58,1,buy
9/09,2449,台灣摩根士丹利,1470,272,950,-678,5.43,1,sell
9/09,2449,台新-五權西,0039004200320035,133,2,131,1.05,2,buy
9/09,2449,新加坡商瑞銀,1650,208,653,-445,3.56,2,sell
9/09,2449,台新,0039004200300030,165,86,79,0.63,3,buy
9/09,2449,港商麥格理,1360,15,424,-409,3.27,3,sell
9/09,2449,元大-太平,0039003800310051,89,20,69,0.55,4,buy
9/09,2449,元大證券,9800,730,921,-191,1.53,4,sell
9/09,2449,台中銀,6110,76,16,60,0.48,5,buy
9/09,2449,花旗環球,1590,21,211,-190,1.52,5,sell
9/09,2449,統一-敦南,5852,67,10,57,0.46,6,buy
9/09,2449,永豐金-匯立,0039004100380031,11,112,-101,0.81,6,sell
9/09,2449,台新-建北,0039004200310038,54,10,44,0.35,7,buy
9/09,2449,美林,1440,44,138,-94,0.75,7,sell
9/09,2449,玉山-嘉義,8848,48,7,41,0.33,8,buy
9/09,2449,凱基-台北,9268,1090,1172,-82,0.66,8,sell
9/09,2449,合庫證券,1020,38,3,35,0.28,9,buy
9/09,2449,美商高盛,1480,403,476,-73,0.58,9,sell
9/09,2449,元大-大天母,9893,35,3,32,0.26,10,buy
9/09,2449,永豐金-竹北,0039004100390050,1,66,-65,0.52,10,sell
9/09,2449,兆豐-桃鶯,0037003000300055,31,1,30,0.24,11,buy
9/09,2449,統一-三重,003500380035004a,9,67,-58,0.46,11,sell
9/09,2449,富邦-內湖,9627,38,12,26,0.21,12,buy
9/09,2449,國泰-敦南,8888,246,296,-50,0.4,12,sell
9/09,2449,彰銀,1230,26,2,24,0.19,13,buy
9/09,2449,光和-溪湖,6381,4,53,-49,0.39,13,sell
9/09,2449,元大-南崁,0039003800300051,23,1,22,0.18,14,buy
9/09,2449,永豐金證券,0039004100300030,141,182,-41,0.33,14,sell
9/09,2449,合庫-西台中,0031003000320046,22,3,19,0.15,15,buy
9/09,2449,第一金-中山,5389,2,38,-36,0.29,15,sell
9/09,5388,美林,1440,90,1,89,4.47,1,buy
9/09,5388,摩根大通,8440,10,271,-261,13.12,1,sell
9/09,5388,凱基-台北,9268,165,122,43,2.16,2,buy
9/09,5388,美商高盛,1480,22,147,-125,6.28,2,sell
9/09,5388,國泰-敦南,8888,42,11,31,1.56,3,buy
9/09,5388,香港上海匯豐,8960,0,104,-104,5.23,3,sell
9/09,5388,國泰證券,8880,30,3,27,1.36,4,buy
9/09,5388,凱基,9200,10,100,-90,4.52,4,sell
9/09,5388,玉山-新莊,8842,37,11,26,1.31,5,buy
9/09,5388,康和-台南,8458,0,60,-60,3.02,5,sell
9/09,5388,國票-南港,7795,23,0,23,1.16,6,buy
9/09,5388,第一金-台南,5384,5,63,-58,2.91,6,sell
9/09,5388,第一金-嘉義,003500330038004d,21,0,21,1.06,7,buy
9/09,5388,凱基-桃園,9208,4,61,-57,2.86,7,sell
9/09,5388,永豐金-大園,0039004100390038,21,0,21,1.06,8,buy
9/09,5388,致和-東門,7035,0,50,-50,2.51,8,sell
9/09,5388,台新-城東,0039004200320072,20,0,20,1.01,9,buy
9/09,5388,台灣摩根士丹利,1470,21,55,-34,1.71,9,sell
9/09,5388,統一-宜蘭,0035003800350053,20,0,20,1.01,10,buy
9/09,5388,臺銀-民權,1043,27,57,-30,1.51,10,sell
9/09,5388,新光,8560,27,8,19,0.95,11,buy
9/09,5388,國泰-板橋,003800380038004b,7,34,-27,1.36,11,sell
9/09,5388,合庫-自強,0031003000320043,19,0,19,0.95,12,buy
9/09,5388,台中銀-豐原,0036003100310041,0,24,-24,1.21,12,sell
9/09,5388,凱基-三重,9205,18,0,18,0.9,13,buy
9/09,5388,群益金鼎-新店,0039003100380046,0,22,-22,1.11,13,sell
9/09,5388,華南永昌-潮州,9328,16,0,16,0.8,14,buy
9/09,5388,花旗環球,1590,0,19,-19,0.95,14,sell
9/09,5388,兆豐-南京,0037003000300050,14,0,14,0.7,15,buy
9/09,5388,群益金鼎-宜蘭,003900310038007a,1,20,-19,0.95,15,sell
9/09,5904,美林,1440,951,76,875,17.44,1,buy
9/09,5904,台灣摩根士丹利,1470,408,624,-216,4.31,1,sell
9/09,5904,美商高盛,1480,1212,779,433,8.63,2,buy
9/09,5904,凱基-台北,9268,376,574,-198,3.95,2,sell
9/09,5904,元大證券,9800,372,88,284,5.66,3,buy
9/09,5904,新加坡商瑞銀,1650,5,114,-109,2.17,3,sell
9/09,5904,摩根大通,8440,216,8,208,4.15,4,buy
9/09,5904,國泰-敦南,8888,47,126,-79,1.57,4,sell
9/09,5904,統一-新竹,5857,60,2,58,1.16,5,buy
9/09,5904,台新-板橋,0039004200320062,1,70,-69,1.38,5,sell
9/09,5904,光和-嘉義,0036003300380041,51,0,51,1.02,6,buy
9/09,5904,港商麥格理,1360,0,64,-64,1.28,6,sell
9/09,5904,永豐金-高雄,0039004100390065,46,10,36,0.72,7,buy
9/09,5904,富邦-台北,9623,1,64,-63,1.26,7,sell
9/09,5904,國票證券,7790,28,4,24,0.48,8,buy
9/09,5904,新光,8560,11,53,-42,0.84,8,sell
9/09,5904,台新-埔里,0039004200320059,22,0,22,0.44,9,buy
9/09,5904,臺銀-高雄,0031003000340043,0,36,-36,0.72,9,sell
9/09,5904,兆豐-新莊,0037003000300077,21,3,18,0.36,10,buy
9/09,5904,國泰-台中,8882,9,44,-35,0.7,10,sell
9/09,5904,台新-松德,0039004200320061,21,9,12,0.24,11,buy
9/09,5904,光和-溪湖,6381,0,34,-34,0.68,11,sell
9/09,5904,臺銀,1040,22,10,12,0.24,12,buy
9/09,5904,國泰-板橋,003800380038004b,5,36,-31,0.62,12,sell
9/09,5904,元大-彰化民生,003900380039004a,12,0,12,0.24,13,buy
9/09,5904,元大-土城永寧,9875,0,28,-28,0.56,13,sell
9/09,5904,台新-西松,003900420032006e,15,3,12,0.24,14,buy
9/09,5904,永豐金證券,0039004100300030,12,38,-26,0.52,14,sell
9/09,5904,光和,6380,11,0,11,0.22,15,buy
9/09,5904,富邦-新店,9661,0,25,-25,0.5,15,sell
9/09,3033,群益金鼎,9100,432,149,283,2.8,1,buy
9/09,3033,美商高盛,1480,52,1433,-1381,13.68,1,sell
9/09,3033,臺銀-臺南,1042,225,0,225,2.23,2,buy
9/09,3033,台灣摩根士丹利,1470,16,1332,-1316,13.03,2,sell
9/09,3033,凱基-台北,9268,814,639,175,1.73,3,buy
9/09,3033,新加坡商瑞銀,1650,2,804,-802,7.94,3,sell
9/09,3033,美好-楊梅,5262,171,0,171,1.69,4,buy
9/09,3033,摩根大通,8440,217,928,-711,7.04,4,sell
9/09,3033,新光,8560,146,28,118,1.17,5,buy
9/09,3033,(牛牛牛)亞-鑫豐,0036003000310064,30,480,-450,4.46,5,sell
9/09,3033,光和,6380,119,2,117,1.16,6,buy
9/09,3033,美林,1440,0,426,-426,4.22,6,sell
9/09,3033,華南永昌-中正,9359,109,1,108,1.07,7,buy
9/09,3033,港商野村,1560,0,364,-364,3.6,7,sell
9/09,3033,國泰-松江,8883,99,12,87,0.86,8,buy
9/09,3033,元大證券,9800,431,519,-88,0.87,8,sell
9/09,3033,台新-台南,0039004200310036,85,2,83,0.82,9,buy
9/09,3033,凱基-斗六,9281,7,85,-78,0.77,9,sell
9/09,3033,國泰-敦南,8888,153,70,83,0.82,10,buy
9/09,3033,富邦-台中,003900360035004b,11,87,-76,0.75,10,sell
9/09,3033,統一,5850,70,8,62,0.61,11,buy
9/09,3033,國票-南崁,0037003700390045,2,50,-48,0.48,11,sell
9/09,3033,元大-府城,0039003800300075,51,0,51,0.51,12,buy
9/09,3033,國票證券,7790,41,88,-47,0.47,12,sell
9/09,3033,華南永昌,9300,51,1,50,0.5,13,buy
9/09,3033,永豐金-松山,0039004100390031,16,60,-44,0.44,13,sell
9/09,3033,凱基-桃園,9208,49,3,46,0.46,14,buy
9/09,3033,華南永昌-忠孝,9325,2,40,-38,0.38,14,sell
9/09,3033,國泰-台中,8882,67,22,45,0.45,15,buy
9/09,3033,兆豐-寶成,0037003000300072,3,30,-27,0.27,15,sell
9/09,8069,台灣摩根士丹利,1470,865,181,684,12.12,1,buy
9/09,8069,美商高盛,1480,393,1461,-1068,18.93,1,sell
9/09,8069,富邦證券,9600,558,55,503,8.91,2,buy
9/09,8069,國泰證券,8880,1,573,-572,10.14,2,sell
9/09,8069,凱基-台北,9268,694,208,486,8.61,3,buy
9/09,8069,大和國泰,8890,0,370,-370,6.56,3,sell
9/09,8069,花旗環球,1590,300,52,248,4.39,4,buy
9/09,8069,港商野村,1560,88,240,-152,2.69,4,sell
9/09,8069,新加坡商瑞銀,1650,247,144,103,1.83,5,buy
9/09,8069,法銀巴黎,8900,8,64,-56,0.99,5,sell
9/09,8069,中國信託,6160,54,4,50,0.89,6,buy
9/09,8069,亞東,2180,0,33,-33,0.58,6,sell
9/09,8069,新光,8560,56,13,43,0.76,7,buy
9/09,8069,凱基-中山,9229,0,27,-27,0.48,7,sell
9/09,8069,美林,1440,214,179,35,0.62,8,buy
9/09,8069,凱基,9200,3,26,-23,0.41,8,sell
9/09,8069,富邦-高雄,9659,44,9,35,0.62,9,buy
9/09,8069,玉山-雙和,8841,0,21,-21,0.37,9,sell
9/09,8069,元大-大統,003900380031007a,34,3,31,0.55,10,buy
9/09,8069,元大-莒光,003900380031004c,0,21,-21,0.37,10,sell
9/09,8069,台新-台中,0039004200310068,27,2,25,0.44,11,buy
9/09,8069,富邦-木柵,003900360031004d,0,18,-18,0.32,11,sell
9/09,8069,第一金-台南,5384,22,0,22,0.39,12,buy
9/09,8069,群益金鼎,9100,23,40,-17,0.3,12,sell
9/09,8069,富邦-斗六,0039003600320047,21,0,21,0.37,13,buy
9/09,8069,摩根大通,8440,155,170,-15,0.27,13,sell
9/09,8069,富邦-南京,0039003600310043,25,4,21,0.37,14,buy
9/09,8069,元大-大同,0039003800390047,0,14,-14,0.25,14,sell
9/09,8069,永豐金-板新,003900410039004a,18,0,18,0.32,15,buy
9/09,8069,國泰-敦南,8888,32,45,-13,0.23,15,sell
9/09,2834,摩根大通,8440,6617,1440,5177,8.71,1,buy
9/09,2834,新加坡商瑞銀,1650,3433,7272,-3839,6.46,1,sell
9/09,2834,台灣摩根士丹利,1470,5628,726,4902,8.25,2,buy
9/09,2834,永豐金-匯立,0039004100380031,27,2729,-2702,4.55,2,sell
9/09,2834,元大證券,9800,6206,1765,4441,7.47,3,buy
9/09,2834,華南永昌-敦南,9347,4,2371,-2367,3.98,3,sell
9/09,2834,凱基-台北,9268,7896,4119,3777,6.36,4,buy
9/09,2834,中國信託,6160,122,2065,-1943,3.27,4,sell
9/09,2834,元大-南屯,9853,2397,41,2356,3.96,5,buy
9/09,2834,美商高盛,1480,4535,5968,-1433,2.41,5,sell
9/09,2834,美林,1440,1924,58,1866,3.14,6,buy
9/09,2834,國泰-板橋,003800380038004b,26,1310,-1284,2.16,6,sell
9/09,2834,凱基-市政,9239,1845,1,1844,3.1,7,buy
9/09,2834,國票-長城,0037003700390075,510,1400,-890,1.5,7,sell
9/09,2834,富邦-公益,0039003600310046,1417,8,1409,2.37,8,buy
9/09,2834,永豐金-南投,003900410039004d,3,601,-598,1.01,8,sell
9/09,2834,台新-烏日,0039004200320063,1380,15,1365,2.3,9,buy
9/09,2834,凱基-台南,9211,21,565,-544,0.92,9,sell
9/09,2834,永豐金-板新,003900410039004a,1479,219,1260,2.12,10,buy
9/09,2834,港商野村,1560,32,533,-501,0.84,10,sell
9/09,2834,香港上海匯豐,8960,661,0,661,1.11,11,buy
9/09,2834,合庫證券,1020,26,493,-467,0.79,11,sell
9/09,2834,群益金鼎-宜蘭,003900310038007a,564,22,542,0.91,12,buy
9/09,2834,大昌-新竹,6463,0,464,-464,0.78,12,sell
9/09,2834,元大-金門,003900380031004e,528,3,525,0.88,13,buy
9/09,2834,國泰-敦南,8888,328,734,-406,0.68,13,sell
9/09,2834,(牛牛牛)亞-鑫豐,0036003000310064,550,56,494,0.83,14,buy
9/09,2834,玉山-新竹,0038003800340048,1,396,-395,0.66,14,sell
9/09,2834,元大-大里德芳,0039003800330057,356,105,251,0.42,15,buy
9/09,2834,兆豐-台中港,7005,7,376,-369,0.62,15,sell
9/09,5483,新加坡商瑞銀,1650,543,69,474,9.98,1,buy
9/09,5483,港商野村,1560,0,244,-244,5.14,1,sell
9/09,5483,美林,1440,369,52,317,6.67,2,buy
9/09,5483,摩根大通,8440,175,318,-143,3.01,2,sell
9/09,5483,凱基-台北,9268,457,247,210,4.42,3,buy
9/09,5483,新光,8560,36,142,-106,2.23,3,sell
9/09,5483,富邦-台北,9623,86,31,55,1.16,4,buy
9/09,5483,美商高盛,1480,249,324,-75,1.58,4,sell
9/09,5483,美好-蘆洲,5261,41,1,40,0.84,5,buy
9/09,5483,群益金鼎,9100,20,60,-40,0.84,5,sell
9/09,5483,國票-安和,003700370039005a,31,4,27,0.57,6,buy
9/09,5483,元大-清水,0039003800300065,1,31,-30,0.63,6,sell
9/09,5483,元大-樹林,003900380039006a,26,6,20,0.42,7,buy
9/09,5483,宏遠證券,1260,0,22,-22,0.46,7,sell
9/09,5483,台新,0039004200300030,28,16,12,0.25,8,buy
9/09,5483,合庫-高雄,1023,2,22,-20,0.42,8,sell
9/09,5483,中國信託,6160,28,16,12,0.25,9,buy
9/09,5483,元大-民雄,0039003800310056,2,22,-20,0.42,9,sell
9/09,5483,華南永昌-基隆,9322,12,1,11,0.23,10,buy
9/09,5483,玉山-新莊,8842,1,21,-20,0.42,10,sell
9/09,5483,富邦-南京,0039003600310043,13,2,11,0.23,11,buy
9/09,5483,兆豐-南京,0037003000300050,0,20,-20,0.42,11,sell
9/09,5483,新光-高雄,8562,20,10,10,0.21,12,buy
9/09,5483,富邦-高雄,9659,2,22,-20,0.42,12,sell
9/09,5483,土銀-南港,0031003000330046,10,0,10,0.21,13,buy
9/09,5483,國泰-敦南,8888,73,93,-20,0.42,13,sell
9/09,5483,高橋-龍潭,5321,12,3,9,0.19,14,buy
9/09,5483,凱基-三多,9275,0,19,-19,0.4,14,sell
9/09,5483,永豐金-板新,003900410039004a,13,4,9,0.19,15,buy
9/09,5483,永豐金-敦北,0039004100380039,1,18,-17,0.36,15,sell
9/09,1303,美商高盛,1480,4162,3017,1145,1.69,1,buy
9/09,1303,摩根大通,8440,1970,5333,-3363,4.97,1,sell
9/09,1303,港商麥格理,1360,730,0,730,1.08,2,buy
9/09,1303,台灣摩根士丹利,1470,1122,3528,-2406,3.56,2,sell
9/09,1303,國泰證券,8880,789,89,700,1.04,3,buy
9/09,1303,富邦證券,9600,542,1538,-996,1.47,3,sell
9/09,1303,凱基-台北,9268,4482,3824,658,0.97,4,buy
9/09,1303,美林,1440,659,1582,-923,1.37,4,sell
9/09,1303,花旗環球,1590,685,84,601,0.89,5,buy
9/09,1303,富邦-嘉義,9692,1075,1556,-481,0.71,5,sell
9/09,1303,統一,5850,645,184,461,0.68,6,buy
9/09,1303,第一金-高雄,5383,25,352,-327,0.48,6,sell
9/09,1303,元大-大天母,9893,477,37,440,0.65,7,buy
9/09,1303,元大-北屯,0039003800390064,55,263,-208,0.31,7,sell
9/09,1303,永豐金證券,0039004100300030,836,585,251,0.37,8,buy
9/09,1303,永豐金-市政,0039004100390057,124,326,-202,0.3,8,sell
9/09,1303,元大-天母,0039003800310049,291,66,225,0.33,9,buy
9/09,1303,新加坡商瑞銀,1650,2077,2278,-201,0.3,9,sell
9/09,1303,大和國泰,8890,194,0,194,0.29,10,buy
9/09,1303,港商野村,1560,275,422,-147,0.22,10,sell
9/09,1303,群益金鼎-忠孝,0039003100380057,187,12,175,0.26,11,buy
9/09,1303,凱基,9200,156,302,-146,0.22,11,sell
9/09,1303,台新,0039004200300030,676,512,164,0.24,12,buy
9/09,1303,富邦-仁愛,9676,215,337,-122,0.18,12,sell
9/09,1303,兆豐-北高雄,0037003000300049,263,131,132,0.2,13,buy
9/09,1303,富邦-敦南,9663,45,151,-106,0.16,13,sell
9/09,1303,玉山證券,8840,195,71,124,0.18,14,buy
9/09,1303,台新-松德,0039004200320061,50,155,-105,0.16,14,sell
9/09,1303,元大-楊梅,0039003800370041,145,37,108,0.16,15,buy
9/09,1303,台新-建北,0039004200310038,187,285,-98,0.14,15,sell
9/09,5351,港商野村,1560,318,6,312,3.45,1,buy
9/09,5351,台灣摩根士丹利,1470,43,230,-187,2.07,1,sell
9/09,5351,摩根大通,8440,655,406,249,2.75,2,buy
9/09,5351,新加坡商瑞銀,1650,467,604,-137,1.51,2,sell
9/09,5351,凱基-台北,9268,608,405,203,2.24,3,buy
9/09,5351,合庫-基隆,1025,3,112,-109,1.2,3,sell
9/09,5351,花旗環球,1590,264,117,147,1.62,4,buy
9/09,5351,國泰-敦南,8888,202,289,-87,0.96,4,sell
9/09,5351,華南永昌-頭份,9343,144,2,142,1.57,5,buy
9/09,5351,永豐金-永康,0039004100390063,2,82,-80,0.88,5,sell
9/09,5351,富邦-苗栗,9657,133,3,130,1.44,6,buy
9/09,5351,永豐金-桃盛,003900410039004e,5,54,-49,0.54,6,sell
9/09,5351,元大證券,9800,819,695,124,1.37,7,buy
9/09,5351,台灣企銀-豐原,1118,200,242,-42,0.46,7,sell
9/09,5351,華南永昌-彰化,9363,122,0,122,1.35,8,buy
9/09,5351,國泰-桃園,8885,23,55,-32,0.35,8,sell
9/09,5351,美林,1440,150,74,76,0.84,9,buy
9/09,5351,聯邦-雙和,8584,3,34,-31,0.34,9,sell
9/09,5351,永豐金-敦南,0039004100380046,55,3,52,0.57,10,buy
9/09,5351,兆豐-竹北,7007,3,34,-31,0.34,10,sell
9/09,5351,永豐金-高雄,0039004100390065,46,2,44,0.49,11,buy
9/09,5351,香港上海匯豐,8960,0,31,-31,0.34,11,sell
9/09,5351,元大-北三重,0039003800390056,44,4,40,0.44,12,buy
9/09,5351,永豐金-中壢,0039004100390039,11,41,-30,0.33,12,sell
9/09,5351,群益金鼎-東湖,003900310038004b,36,3,33,0.36,13,buy
9/09,5351,國票-博愛,003700370039007a,28,57,-29,0.32,13,sell
9/09,5351,(牛牛牛)亞-鑫豐,0036003000310064,37,5,32,0.35,14,buy
9/09,5351,新光-台中,8561,26,53,-27,0.3,14,sell
9/09,5351,台新,0039004200300030,78,46,32,0.35,15,buy
9/09,5351,永豐金證券,0039004100300030,39,65,-26,0.29,15,sell
9/09,2610,永豐金-中正,0039004100390055,980,0,980,11.12,1,buy
9/09,2610,摩根大通,8440,394,1094,-700,7.94,1,sell
9/09,2610,群益金鼎-三民,9188,501,0,501,5.68,2,buy
9/09,2610,凱基-台北,9268,331,975,-644,7.31,2,sell
9/09,2610,台灣摩根士丹利,1470,587,210,377,4.28,3,buy
9/09,2610,國票-南港,7795,2,630,-628,7.12,3,sell
9/09,2610,港商野村,1560,355,0,355,4.03,4,buy
9/09,2610,合庫-彰化,1028,0,553,-553,6.27,4,sell
9/09,2610,臺銀-民權,1043,216,0,216,2.45,5,buy
9/09,2610,美商高盛,1480,505,1003,-498,5.65,5,sell
9/09,2610,永豐金證券,0039004100300030,227,24,203,2.3,6,buy
9/09,2610,玉山-城中,0038003800340045,1,450,-449,5.09,6,sell
9/09,2610,富邦-仁愛,9676,213,11,202,2.29,7,buy
9/09,2610,新加坡商瑞銀,1650,64,252,-188,2.13,7,sell
9/09,2610,永豐金-竹科,0039004100390058,157,2,155,1.76,8,buy
9/09,2610,富邦證券,9600,0,167,-167,1.89,8,sell
9/09,2610,中國信託,6160,169,21,148,1.68,9,buy
9/09,2610,群益金鼎-古亭,0039003100380043,1,166,-165,1.87,9,sell
9/09,2610,花旗環球,1590,150,4,146,1.66,10,buy
9/09,2610,美林,1440,40,185,-145,1.64,10,sell
9/09,2610,凱基-台南,9211,124,0,124,1.41,11,buy
9/09,2610,元大-土城,9897,9,131,-122,1.38,11,sell
9/09,2610,大昌-新店,6464,124,17,107,1.21,12,buy
9/09,2610,永豐金-板新,003900410039004a,3,105,-102,1.16,12,sell
9/09,2610,新光,8560,98,3,95,1.08,13,buy
9/09,2610,凱基-三重,9205,2,81,-79,0.9,13,sell
9/09,2610,富邦-台北,9623,108,23,85,0.96,14,buy
9/09,2610,第一金-澎湖,5387,1,64,-63,0.71,14,sell
9/09,2610,元大-汐止,0039003800390051,102,20,82,0.93,15,buy
9/09,2610,永全-南崁,6451,0,60,-60,0.68,15,sell
9/09,1101,凱基-台北,9268,7763,668,7095,21.04,1,buy
9/09,1101,凱基,9200,1,2357,-2356,6.99,1,sell
9/09,1101,美商高盛,1480,4869,1017,3852,11.43,2,buy
9/09,1101,台灣摩根士丹利,1470,1144,2967,-1823,5.41,2,sell
9/09,1101,新加坡商瑞銀,1650,3849,276,3573,10.6,3,buy
9/09,1101,永豐金-匯立,0039004100380031,0,1793,-1793,5.32,3,sell
9/09,1101,摩根大通,8440,3091,521,2570,7.62,4,buy
9/09,1101,群益金鼎-三民,9188,3,1205,-1202,3.57,4,sell
9/09,1101,港商麥格理,1360,1743,0,1743,5.17,5,buy
9/09,1101,富邦-桃園,9665,107,1293,-1186,3.52,5,sell
9/09,1101,元大-松山,0039003800310070,1739,3,1736,5.15,6,buy
9/09,1101,中國信託-高雄,003600310036004b,4,1080,-1076,3.19,6,sell
9/09,1101,美林,1440,1739,17,1722,5.11,7,buy
9/09,1101,富邦-新板,0039003600310048,5,1040,-1035,3.07,7,sell
9/09,1101,康和-台北,0038003400350055,200,0,200,0.59,8,buy
9/09,1101,玉山-台南,8847,14,704,-690,2.05,8,sell
9/09,1101,元大-成功,003900380039004c,201,16,185,0.55,9,buy
9/09,1101,臺銀,1040,25,613,-588,1.74,9,sell
9/09,1101,港商野村,1560,140,0,140,0.42,10,buy
9/09,1101,台新-信義,0039004200320048,22,513,-491,1.46,10,sell
9/09,1101,富邦-員林,9672,198,90,108,0.32,11,buy
9/09,1101,臺銀-臺中,0031003000340041,42,429,-387,1.15,11,sell
9/09,1101,群益金鼎,9100,110,10,100,0.3,12,buy
9/09,1101,新光,8560,49,378,-329,0.98,12,sell
9/09,1101,凱基-竹北,9234,100,2,98,0.29,13,buy
9/09,1101,富邦-南京,0039003600310043,11,319,-308,0.91,13,sell
9/09,1101,台新-嘉義,0039004200320049,103,5,98,0.29,14,buy
9/09,1101,群益金鼎-台南,9185,0,272,-272,0.81,14,sell
9/09,1101,兆豐-桃鶯,0037003000300055,100,4,96,0.28,15,buy
9/09,1101,宏遠-民生,1261,0,245,-245,0.73,15,sell
9/09,9904,摩根大通,8440,1486,594,892,8.55,1,buy
9/09,9904,港商野村,1560,6,2725,-2719,26.07,1,sell
9/09,9904,合庫-高雄,1023,500,0,500,4.79,2,buy
9/09,9904,香港上海匯豐,8960,0,1256,-1256,12.04,2,sell
9/09,9904,亞東-新竹,2184,500,0,500,4.79,3,buy
9/09,9904,花旗環球,1590,27,1232,-1205,11.55,3,sell
9/09,9904,國泰-館前,0038003800380041,360,0,360,3.45,4,buy
9/09,9904,台灣摩根士丹利,1470,407,1285,-878,8.42,4,sell
9/09,9904,合庫證券,1020,316,0,316,3.03,5,buy
9/09,9904,美商高盛,1480,614,813,-199,1.91,5,sell
9/09,9904,(牛牛牛)亞-鑫豐,0036003000310064,229,0,229,2.2,6,buy
9/09,9904,法銀巴黎,8900,0,187,-187,1.79,6,sell
9/09,9904,元大-路竹,0039003800310043,200,0,200,1.92,7,buy
9/09,9904,凱基-台北,9268,159,320,-161,1.54,7,sell
9/09,9904,永豐金證券,0039004100300030,120,8,112,1.07,8,buy
9/09,9904,新加坡商瑞銀,1650,167,257,-90,0.86,8,sell
9/09,9904,國泰-高雄,8881,111,11,100,0.96,9,buy
9/09,9904,元大證券,9800,156,207,-51,0.49,9,sell
9/09,9904,台新,0039004200300030,108,14,94,0.9,10,buy
9/09,9904,新光,8560,46,96,-50,0.48,10,sell
9/09,9904,元大-莒光,003900380031004c,80,0,80,0.77,11,buy
9/09,9904,亞東-板橋,2181,0,40,-40,0.38,11,sell
9/09,9904,永興-水湳,5602,74,0,74,0.71,12,buy
9/09,9904,臺銀-臺南,1042,20,58,-38,0.36,12,sell
9/09,9904,元大-屏東民生,0039003800310068,70,0,70,0.67,13,buy
9/09,9904,土銀-嘉義,1034,5,42,-37,0.35,13,sell
9/09,9904,元大-敦化,9833,70,0,70,0.67,14,buy
9/09,9904,元大-新竹經國,9859,0,34,-34,0.33,14,sell
9/09,9904,兆豐-城中,0037003000300057,64,0,64,0.61,15,buy
9/09,9904,群益金鼎-中港,9138,0,30,-30,0.29,15,sell
9/09,3702,凱基-士林,9238,1601,10,1591,16.11,1,buy
9/09,3702,富邦證券,9600,21,771,-750,7.59,1,sell
9/09,3702,新加坡商瑞銀,1650,1780,228,1552,15.71,2,buy
9/09,3702,美商高盛,1480,455,1183,-728,7.37,2,sell
9/09,3702,摩根大通,8440,1692,367,1325,13.42,3,buy
9/09,3702,群益金鼎,9100,13,478,-465,4.71,3,sell
9/09,3702,凱基-台北,9268,906,310,596,6.03,4,buy
9/09,3702,台灣摩根士丹利,1470,192,643,-451,4.57,4,sell
9/09,3702,港商野村,1560,128,0,128,1.3,5,buy
9/09,3702,永豐金-萬盛,0039004100390032,1,288,-287,2.91,5,sell
9/09,3702,玉山-雙和,8841,81,1,80,0.81,6,buy
9/09,3702,凱基,9200,100,341,-241,2.44,6,sell
9/09,3702,港商麥格理,1360,90,31,59,0.6,7,buy
9/09,3702,中國信託,6160,64,258,-194,1.96,7,sell
9/09,3702,永豐金-內湖,0039004100390067,53,3,50,0.51,8,buy
9/09,3702,國票-敦北法人,0037003700390063,2,152,-150,1.52,8,sell
9/09,3702,花旗環球,1590,44,0,44,0.45,9,buy
9/09,3702,凱基-城中,9227,2,110,-108,1.09,9,sell
9/09,3702,元大-善化,0039003800310079,50,6,44,0.45,10,buy
9/09,3702,元大-土城,9897,0,101,-101,1.02,10,sell
9/09,3702,兆豐證券,7000,40,0,40,0.4,11,buy
9/09,3702,兆豐-南門,0037003000300067,1,100,-99,1.0,11,sell
9/09,3702,玉山-台中,0038003800340042,47,11,36,0.36,12,buy
9/09,3702,永豐金證券,0039004100300030,23,99,-76,0.77,12,sell
9/09,3702,凱基-科園,9254,20,0,20,0.2,13,buy
9/09,3702,亞東-新竹,2184,0,70,-70,0.71,13,sell
9/09,3702,元大-大天母,9893,22,3,19,0.19,14,buy
9/09,3702,凱基-站前,0039003200300046,1,66,-65,0.66,14,sell
9/09,3702,臺銀-新竹,1045,19,2,17,0.17,15,buy
9/09,3702,富邦-台北,9623,3,60,-57,0.58,15,sell
9/09,2492,元大證券,9800,2899,2241,658,2.52,1,buy
9/09,2492,美商高盛,1480,787,2226,-1439,5.52,1,sell
9/09,2492,康和,8450,680,57,623,2.39,2,buy
9/09,2492,台灣摩根士丹利,1470,794,1384,-590,2.26,2,sell
9/09,2492,永豐金證券,0039004100300030,447,193,254,0.97,3,buy
9/09,2492,新加坡商瑞銀,1650,326,911,-585,2.24,3,sell
9/09,2492,國票-敦北法人,0037003700390063,257,6,251,0.96,4,buy
9/09,2492,國泰證券,8880,13,424,-411,1.58,4,sell
9/09,2492,群益金鼎,9100,891,708,183,0.7,5,buy
9/09,2492,凱基-台北,9268,1532,1880,-348,1.33,5,sell
9/09,2492,元大-金華,9878,149,11,138,0.53,6,buy
9/09,2492,美林,1440,189,409,-220,0.84,6,sell
9/09,2492,群益金鼎-中港,9138,121,3,118,0.45,7,buy
9/09,2492,摩根大通,8440,706,902,-196,0.75,7,sell
9/09,2492,永豐金-信義,0039004100390052,93,9,84,0.32,8,buy
9/09,2492,大昌-桃園,6465,10,161,-151,0.58,8,sell
9/09,2492,國泰-敦南,8888,834,776,58,0.22,9,buy
9/09,2492,港商野村,1560,108,203,-95,0.36,9,sell
9/09,2492,永豐金-敦南,0039004100380046,85,30,55,0.21,10,buy
9/09,2492,台新-台北,0039004200320030,22,98,-76,0.29,10,sell
9/09,2492,國票-九鼎,0037003700390050,80,27,53,0.2,11,buy
9/09,2492,花旗環球,1590,22,91,-69,0.26,11,sell
9/09,2492,元大-大里,0039003800310067,79,27,52,0.2,12,buy
9/09,2492,元大-天母,0039003800310049,8,67,-59,0.23,12,sell
9/09,2492,聯邦-高雄,8581,54,3,51,0.2,13,buy
9/09,2492,統一,5850,118,177,-59,0.23,13,sell
9/09,2492,陽信-石牌,8711,54,4,50,0.19,14,buy
9/09,2492,群益金鼎-東大,9135,15,72,-57,0.22,14,sell
9/09,2492,致和-南京,7038,51,1,50,0.19,15,buy
9/09,2492,元大-發財,0039003800310045,21,75,-54,0.21,15,sell
9/09,2890,永豐金-匯立,0039004100380031,5660,26,5634,21.66,1,buy
9/09,2890,凱基-台北,9268,315,6074,-5759,22.14,1,sell
9/09,2890,花旗環球,1590,3477,167,3310,12.73,2,buy
9/09,2890,摩根大通,8440,1299,3078,-1779,6.84,2,sell
9/09,2890,美商高盛,1480,2814,1668,1146,4.41,3,buy
9/09,2890,台灣摩根士丹利,1470,218,1965,-1747,6.72,3,sell
9/09,2890,新加坡商瑞銀,1650,3834,3319,515,1.98,4,buy
9/09,2890,港商野村,1560,19,1640,-1621,6.23,4,sell
9/09,2890,台灣企銀-台中,1111,313,0,313,1.2,5,buy
9/09,2890,富邦證券,9600,17,859,-842,3.24,5,sell
9/09,2890,元大證券,9800,2099,1850,249,0.96,6,buy
9/09,2890,法銀巴黎,8900,0,527,-527,2.03,6,sell
9/09,2890,玉山-高雄,8843,206,30,176,0.68,7,buy
9/09,2890,美林,1440,257,573,-316,1.21,7,sell
9/09,2890,中國信託,6160,175,3,172,0.66,8,buy
9/09,2890,香港上海匯豐,8960,0,160,-160,0.62,8,sell
9/09,2890,致和-崇德,0037003000330042,160,0,160,0.62,9,buy
9/09,2890,華南永昌-岡山,9324,3,156,-153,0.59,9,sell
9/09,2890,港商麥格理,1360,159,42,117,0.45,10,buy
9/09,2890,群益金鼎-崇德,0039003100330055,0,112,-112,0.43,10,sell
9/09,2890,玉山證券,8840,116,7,109,0.42,11,buy
9/09,2890,美好-蘆洲,5261,10,112,-102,0.39,11,sell
9/09,2890,台新-桃園,0039004200320076,100,0,100,0.38,12,buy
9/09,2890,陽信,8710,0,100,-100,0.38,12,sell
9/09,2890,富邦-陽明,9604,95,2,93,0.36,13,buy
9/09,2890,第一金-忠孝,0035003300380044,5,101,-96,0.37,13,sell
9/09,2890,永豐金證券,0039004100300030,249,163,86,0.33,14,buy
9/09,2890,凱基,9200,1,71,-70,0.27,14,sell
9/09,2890,群益金鼎,9100,514,441,73,0.28,15,buy
9/09,2890,國票證券,7790,13,81,-68,0.26,15,sell
9/09,1402,台灣摩根士丹利,1470,894,138,756,11.96,1,buy
9/09,1402,元大證券,9800,299,1600,-1301,20.58,1,sell
9/09,1402,美商高盛,1480,791,228,563,8.91,2,buy
9/09,1402,凱基,9200,0,612,-612,9.68,2,sell
9/09,1402,亞東,2180,478,10,468,7.4,3,buy
9/09,1402,合庫證券,1020,0,483,-483,7.64,3,sell
9/09,1402,摩根大通,8440,398,77,321,5.08,4,buy
9/09,1402,群益金鼎,9100,30,437,-407,6.44,4,sell
9/09,1402,凱基-台北,9268,629,337,292,4.62,5,buy
9/09,1402,統一,5850,18,295,-277,4.38,5,sell
9/09,1402,新加坡商瑞銀,1650,312,149,163,2.58,6,buy
9/09,1402,京城-嘉義,8492,0,125,-125,1.98,6,sell
9/09,1402,港商野村,1560,116,0,116,1.83,7,buy
9/09,1402,富邦證券,9600,0,119,-119,1.88,7,sell
9/09,1402,台新-中壢,0039004200310079,100,0,100,1.58,8,buy
9/09,1402,元大-汐止,0039003800390051,5,110,-105,1.66,8,sell
9/09,1402,凱基-宜蘭,003900320030004d,75,0,75,1.19,9,buy
9/09,1402,中國信託-松江,6167,0,100,-100,1.58,9,sell
9/09,1402,花旗環球,1590,135,65,70,1.11,10,buy
9/09,1402,台新-中港,0039004200320069,0,80,-80,1.27,10,sell
9/09,1402,富邦-青埔,003900360031004e,60,1,59,0.93,11,buy
9/09,1402,群益金鼎-新莊,0039003100380047,0,70,-70,1.11,11,sell
9/09,1402,中國信託,6160,53,3,50,0.79,12,buy
9/09,1402,永豐金-亞灣,0039004100390061,3,45,-42,0.66,12,sell
9/09,1402,群益金鼎-中港,9138,50,0,50,0.79,13,buy
9/09,1402,兆豐-西螺,0037003000300044,0,35,-35,0.55,13,sell
9/09,1402,元大-北港,9837,40,0,40,0.63,14,buy
9/09,1402,永豐金證券,0039004100300030,97,124,-27,0.43,14,sell
9/09,1402,群益金鼎-台南,9185,40,0,40,0.63,15,buy
9/09,1402,華南永昌-板橋,9349,0,25,-25,0.4,15,sell
9/09,2542,永豐金證券,0039004100300030,1227,18,1209,14.86,1,buy
9/09,2542,兆豐-大同,0037003000300053,0,500,-500,6.15,1,sell
9/09,2542,合庫證券,1020,714,30,684,8.41,2,buy
9/09,2542,康和-仁愛,0038003400350046,0,400,-400,4.92,2,sell
9/09,2542,第一金,5380,656,0,656,8.06,3,buy
9/09,2542,永豐金-中正,0039004100390055,2,390,-388,4.77,3,sell
9/09,2542,美商高盛,1480,788,282,506,6.22,4,buy
9/09,2542,摩根大通,8440,81,313,-232,2.85,4,sell
9/09,2542,統一,5850,509,5,504,6.2,5,buy
9/09,2542,合庫-台中,1021,4,210,-206,2.53,5,sell
9/09,2542,美林,1440,680,276,404,4.97,6,buy
9/09,2542,統一-永和,0035003800350042,0,200,-200,2.46,6,sell
9/09,2542,凱基-台北,9268,745,415,330,4.06,7,buy
9/09,2542,國泰-台南,8884,4,128,-124,1.52,7,sell
9/09,2542,華南永昌-東昇,9386,258,0,258,3.17,8,buy
9/09,2542,台灣摩根士丹利,1470,476,588,-112,1.38,8,sell
9/09,2542,港商麥格理,1360,234,0,234,2.88,9,buy
9/09,2542,國泰-敦南,8888,48,149,-101,1.24,9,sell
9/09,2542,新加坡商瑞銀,1650,222,73,149,1.83,10,buy
9/09,2542,兆豐-桃園,003700300030004d,0,84,-84,1.03,10,sell
9/09,2542,元大證券,9800,194,75,119,1.46,11,buy
9/09,2542,統一-新台中,0035003800350044,0,82,-82,1.01,11,sell
9/09,2542,群益金鼎,9100,227,149,78,0.96,12,buy
9/09,2542,永豐金-忠孝,0039004100390044,0,72,-72,0.89,12,sell
9/09,2542,中國信託,6160,133,76,57,0.7,13,buy
9/09,2542,永豐金-桃園,0039004100390078,3,64,-61,0.75,13,sell
9/09,2542,國泰證券,8880,50,0,50,0.61,14,buy
9/09,2542,元大-草屯,0039003800390045,0,61,-61,0.75,14,sell
9/09,2542,元大-北府,0039003800300044,50,4,46,0.57,15,buy
9/09,2542,台新,0039004200300030,1,58,-57,0.7,15,sell
9/09,2801,富邦-陽明,9604,2610,492,2118,7.3,1,buy
9/09,2801,新加坡商瑞銀,1650,737,7883,-7146,24.63,1,sell
9/09,2801,兆豐-新營,003700300030004b,1917,3,1914,6.6,2,buy
9/09,2801,凱基-台北,9268,677,3018,-2341,8.07,2,sell
9/09,2801,港商麥格理,1360,1905,0,1905,6.57,3,buy
9/09,2801,花旗環球,1590,125,1423,-1298,4.47,3,sell
9/09,2801,台新,0039004200300030,886,25,861,2.97,4,buy
9/09,2801,美林,1440,191,1455,-1264,4.36,4,sell
9/09,2801,富邦-新莊,0039003600320044,410,1,409,1.41,5,buy
9/09,2801,台灣摩根士丹利,1470,861,2071,-1210,4.17,5,sell
9/09,2801,凱基-松山,9217,407,1,406,1.4,6,buy
9/09,2801,永豐金-桃盛,003900410039004e,59,900,-841,2.9,6,sell
9/09,2801,彰銀-七賢,1232,374,30,344,1.19,7,buy
9/09,2801,美商高盛,1480,1792,2619,-827,2.85,7,sell
9/09,2801,元大證券,9800,1130,800,330,1.14,8,buy
9/09,2801,永豐金-匯立,0039004100380031,0,610,-610,2.1,8,sell
9/09,2801,第一金-安和,003500330038006a,281,0,281,0.97,9,buy
9/09,2801,香港上海匯豐,8960,0,366,-366,1.26,9,sell
9/09,2801,元大-鹿港,0039003800390053,278,49,229,0.79,10,buy
9/09,2801,法銀巴黎,8900,0,260,-260,0.9,10,sell
9/09,2801,國泰-敦南,8888,320,110,210,0.72,11,buy
9/09,2801,摩根大通,8440,578,777,-199,0.69,11,sell
9/09,2801,港商野村,1560,208,0,208,0.72,12,buy
9/09,2801,群益金鼎,9100,39,230,-191,0.66,12,sell
9/09,2801,永豐金-永康,0039004100390063,210,6,204,0.7,13,buy
9/09,2801,國泰-松江,8883,15,201,-186,0.64,13,sell
9/09,2801,華南永昌-內壢,9337,205,2,203,0.7,14,buy
9/09,2801,第一金-中山,5389,2,150,-148,0.51,14,sell
9/09,2801,台新-五權西,0039004200320035,186,1,185,0.64,15,buy
9/09,2801,元大-北投,0039003800390041,3,112,-109,0.38,15,sell
9/09,4938,台新-台北,0039004200320030,1002,4,998,15.38,1,buy
9/09,4938,港商野村,1560,125,1750,-1625,25.04,1,sell
9/09,4938,美林,1440,979,49,930,14.33,2,buy
9/09,4938,元大-和平,9863,0,292,-292,4.5,2,sell
9/09,4938,台灣摩根士丹利,1470,660,299,361,5.56,3,buy
9/09,4938,摩根大通,8440,156,371,-215,3.31,3,sell
9/09,4938,凱基-台北,9268,510,206,304,4.68,4,buy
9/09,4938,花旗環球,1590,238,405,-167,2.57,4,sell
9/09,4938,富邦證券,9600,315,68,247,3.81,5,buy
9/09,4938,大和國泰,8890,0,146,-146,2.25,5,sell
9/09,4938,台新-新店,0039004200320032,160,0,160,2.47,6,buy
9/09,4938,港商麥格理,1360,0,127,-127,1.96,6,sell
9/09,4938,兆豐證券,7000,63,2,61,0.94,7,buy
9/09,4938,元大證券,9800,264,375,-111,1.71,7,sell
9/09,4938,元大-土城永寧,9875,43,1,42,0.65,8,buy
9/09,4938,元大-內湖,003900380039004e,2,100,-98,1.51,8,sell
9/09,4938,美好,5260,40,0,40,0.62,9,buy
9/09,4938,永豐金-松山,0039004100390031,3,76,-73,1.12,9,sell
9/09,4938,國泰-敦南,8888,48,14,34,0.52,10,buy
9/09,4938,新加坡商瑞銀,1650,293,355,-62,0.96,10,sell
9/09,4938,台新-林園,0039004200320037,30,0,30,0.46,11,buy
9/09,4938,凱基-湖口,003900320030004e,1,53,-52,0.8,11,sell
9/09,4938,群益金鼎,9100,111,86,25,0.39,12,buy
9/09,4938,永豐金-市政,0039004100390057,1,42,-41,0.63,12,sell
9/09,4938,致和證券,7030,20,0,20,0.31,13,buy
9/09,4938,光和-溪湖,6381,0,34,-34,0.52,13,sell
9/09,4938,富邦-左營,0039003600360046,20,0,20,0.31,14,buy
9/09,4938,新光-高雄,8562,2,29,-27,0.42,14,sell
9/09,4938,富邦-板橋,9655,27,7,20,0.31,15,buy
9/09,4938,富邦-和美,0039003600310050,0,27,-27,0.42,15,sell
9/09,3105,摩根大通,8440,2342,977,1365,3.75,1,buy
9/09,3105,國泰-敦南,8888,897,1186,-289,0.79,1,sell
9/09,3105,永豐金證券,0039004100300030,2363,1053,1310,3.6,2,buy
9/09,3105,國票-安和,003700370039005a,37,289,-252,0.69,2,sell
9/09,3105,新加坡商瑞銀,1650,1945,678,1267,3.48,3,buy
9/09,3105,港商野村,1560,265,392,-127,0.35,3,sell
9/09,3105,美商高盛,1480,2041,1436,605,1.66,4,buy
9/09,3105,新光,8560,244,361,-117,0.32,4,sell
9/09,3105,凱基-台北,9268,2653,2167,486,1.33,5,buy
9/09,3105,群益金鼎-忠孝,0039003100380057,8,109,-101,0.28,5,sell
9/09,3105,台新,0039004200300030,553,279,274,0.75,6,buy
9/09,3105,統一-城中,5854,33,134,-101,0.28,6,sell
9/09,3105,元大證券,9800,3652,3379,273,0.75,7,buy
9/09,3105,台灣摩根士丹利,1470,1335,1432,-97,0.27,7,sell
9/09,3105,凱基,9200,207,21,186,0.51,8,buy
9/09,3105,元大-北投,0039003800390041,28,110,-82,0.23,8,sell
9/09,3105,群益金鼎-東大,9135,348,168,180,0.49,9,buy
9/09,3105,法銀巴黎,8900,0,82,-82,0.23,9,sell
9/09,3105,永豐金-豐原,0039004100390051,197,19,178,0.49,10,buy
9/09,3105,永豐金-中正,0039004100390055,49,124,-75,0.21,10,sell
9/09,3105,花旗環球,1590,176,0,176,0.48,11,buy
9/09,3105,群益金鼎,9100,394,468,-74,0.2,11,sell
9/09,3105,統一,5850,295,135,160,0.44,12,buy
9/09,3105,台新-五權西,0039004200320035,2,73,-71,0.2,12,sell
9/09,3105,康和,8450,151,4,147,0.4,13,buy
9/09,3105,玉山-台中,0038003800340042,85,156,-71,0.2,13,sell
9/09,3105,美林,1440,493,347,146,0.4,14,buy
9/09,3105,玉山證券,8840,40,107,-67,0.18,14,sell
9/09,3105,兆豐證券,7000,128,7,121,0.33,15,buy
9/09,3105,國泰-台中,8882,169,235,-66,0.18,15,sell
9/09,2855,康和,8450,1000,0,1000,18.22,1,buy
9/09,2855,凱基-台北,9268,224,878,-654,11.92,1,sell
9/09,2855,國票-敦北法人,0037003700390063,1000,0,1000,18.22,2,buy
9/09,2855,台灣摩根士丹利,1470,48,626,-578,10.53,2,sell
9/09,2855,富邦證券,9600,274,84,190,3.46,3,buy
9/09,2855,新加坡商瑞銀,1650,87,390,-303,5.52,3,sell
9/09,2855,台新-林園,0039004200320037,121,0,121,2.2,4,buy
9/09,2855,美商高盛,1480,338,553,-215,3.92,4,sell
9/09,2855,花旗環球,1590,156,44,112,2.04,5,buy
9/09,2855,摩根大通,8440,142,316,-174,3.17,5,sell
9/09,2855,兆豐-復興,0037003000300070,100,0,100,1.82,6,buy
9/09,2855,美林,1440,5,138,-133,2.42,6,sell
9/09,2855,凱基-站前,0039003200300046,50,1,49,0.89,7,buy
9/09,2855,華南永昌-中正,9359,0,94,-94,1.71,7,sell
9/09,2855,元大-忠孝,9871,42,0,42,0.77,8,buy
9/09,2855,玉山-士林,0038003800340041,1,79,-78,1.42,8,sell
9/09,2855,陽信-高雄,8713,40,0,40,0.73,9,buy
9/09,2855,彰銀,1230,4,62,-58,1.06,9,sell
9/09,2855,群益金鼎-開元,9134,40,0,40,0.73,10,buy
9/09,2855,永豐金證券,0039004100300030,1,58,-57,1.04,10,sell
9/09,2855,富邦-板橋,9655,40,1,39,0.71,11,buy
9/09,2855,富邦-新板,0039003600310048,1,53,-52,0.95,11,sell
9/09,2855,台新,0039004200300030,58,21,37,0.67,12,buy
9/09,2855,大展,5050,0,50,-50,0.91,12,sell
9/09,2855,華南永昌-嘉義,9314,35,3,32,0.58,13,buy
9/09,2855,國泰-板橋,003800380038004b,5,44,-39,0.71,13,sell
9/09,2855,宏遠-桃園,1262,30,0,30,0.55,14,buy
9/09,2855,台新-緯城,0039004200320041,0,36,-36,0.66,14,sell
9/09,2855,統一-新台中,0035003800350044,43,20,23,0.42,15,buy
9/09,2855,永豐金-板新,003900410039004a,2,33,-31,0.56,15,sell
9/09,2301,摩根大通,8440,1248,327,921,6.75,1,buy
9/09,2301,台灣摩根士丹利,1470,320,1666,-1346,9.87,1,sell
9/09,2301,花旗環球,1590,824,171,653,4.79,2,buy
9/09,2301,群益金鼎,9100,153,884,-731,5.36,2,sell
9/09,2301,凱基-台北,9268,1178,732,446,3.27,3,buy
9/09,2301,凱基,9200,21,355,-334,2.45,3,sell
9/09,2301,玉山-雙和,8841,219,18,201,1.47,4,buy
9/09,2301,兆豐證券,7000,5,310,-305,2.24,4,sell
9/09,2301,港商麥格理,1360,175,0,175,1.28,5,buy
9/09,2301,康和,8450,2,306,-304,2.23,5,sell
9/09,2301,元大證券,9800,1345,1222,123,0.9,6,buy
9/09,2301,富邦證券,9600,113,275,-162,1.19,6,sell
9/09,2301,美商高盛,1480,905,800,105,0.77,7,buy
9/09,2301,兆豐-忠孝,0037003000300061,22,175,-153,1.12,7,sell
9/09,2301,香港上海匯豐,8960,105,0,105,0.77,8,buy
9/09,2301,華南永昌-長虹,9333,7,54,-47,0.34,8,sell
9/09,2301,美林,1440,580,484,96,0.7,9,buy
9/09,2301,玉山-景美,8849,7,40,-33,0.24,9,sell
9/09,2301,永豐金-桃園,0039004100390078,94,4,90,0.66,10,buy
9/09,2301,富邦-敦南,9663,1,33,-32,0.23,10,sell
9/09,2301,凱基-竹科,9272,56,4,52,0.38,11,buy
9/09,2301,富邦-岡山,9616,2,32,-30,0.22,11,sell
9/09,2301,華南永昌,9300,52,17,35,0.26,12,buy
9/09,2301,永豐金-大園,0039004100390038,6,31,-25,0.18,12,sell
9/09,2301,統一-平鎮,0035003800350067,37,3,34,0.25,13,buy
9/09,2301,中國信託-三重,6161,2,24,-22,0.16,13,sell
9/09,2301,永豐金-匯立,0039004100380031,93,62,31,0.23,14,buy
9/09,2301,國票-和平,003700370039006a,2,23,-21,0.15,14,sell
9/09,2301,富邦-仁愛,9676,45,15,30,0.22,15,buy
9/09,2301,統一,5850,19,40,-21,0.15,15,sell
9/09,3532,永豐金證券,0039004100300030,587,88,499,5.44,1,buy
9/09,3532,美林,1440,108,237,-129,1.41,1,sell
9/09,3532,統一,5850,428,27,401,4.37,2,buy
9/09,3532,摩根大通,8440,164,271,-107,1.17,2,sell
9/09,3532,凱基-台北,9268,1203,805,398,4.34,3,buy
9/09,3532,兆豐-台中,7003,0,83,-83,0.9,3,sell
9/09,3532,國票-敦北法人,0037003700390063,152,2,150,1.63,4,buy
9/09,3532,富邦-台北,9623,26,101,-75,0.82,4,sell
9/09,3532,新加坡商瑞銀,1650,227,86,141,1.54,5,buy
9/09,3532,國泰-敦南,8888,235,302,-67,0.73,5,sell
9/09,3532,中國信託,6160,154,34,120,1.31,6,buy
9/09,3532,元大-松山,0039003800310070,2,61,-59,0.64,6,sell
9/09,3532,香港上海匯豐,8960,102,0,102,1.11,7,buy
9/09,3532,台新,0039004200300030,60,99,-39,0.43,7,sell
9/09,3532,富邦證券,9600,174,77,97,1.06,8,buy
9/09,3532,玉山-台中,0038003800340042,15,47,-32,0.35,8,sell
9/09,3532,國泰證券,8880,84,4,80,0.87,9,buy
9/09,3532,康和-台中,8455,9,39,-30,0.33,9,sell
9/09,3532,康和,8450,75,5,70,0.76,10,buy
9/09,3532,玉山-新竹,0038003800340048,5,34,-29,0.32,10,sell
9/09,3532,群益金鼎-內湖,0039003100380064,62,4,58,0.63,11,buy
9/09,3532,元大-台中,9812,3,28,-25,0.27,11,sell
9/09,3532,美商高盛,1480,358,322,36,0.39,12,buy
9/09,3532,兆豐-忠孝,0037003000300061,5,27,-22,0.24,12,sell
9/09,3532,元大-潮州,003900380031005a,25,1,24,0.26,13,buy
9/09,3532,國泰-館前,0038003800380041,19,40,-21,0.23,13,sell
9/09,3532,華南永昌-南京,9326,32,11,21,0.23,14,buy
9/09,3532,國票-安和,003700370039005a,3,24,-21,0.23,14,sell
9/09,3532,凱基-信義,9216,20,0,20,0.22,15,buy
9/09,3532,華南永昌-頭份,9343,3,23,-20,0.22,15,sell
9/09,3481,台灣摩根士丹利,1470,34841,2906,31935,10.54,1,buy
9/09,3481,國泰-敦南,8888,6859,10234,-3375,1.11,1,sell
9/09,3481,美商高盛,1480,22597,7099,15498,5.12,2,buy
9/09,3481,富邦-永和,9654,1548,3379,-1831,0.6,2,sell
9/09,3481,凱基-台北,9268,25258,10351,14907,4.92,3,buy
9/09,3481,元大-金華,9878,179,1735,-1556,0.51,3,sell
9/09,3481,新加坡商瑞銀,1650,6665,496,6169,2.04,4,buy
9/09,3481,台新-台南,0039004200310036,425,1752,-1327,0.44,4,sell
9/09,3481,港商野村,1560,6195,275,5920,1.95,5,buy
9/09,3481,新光,8560,1956,3126,-1170,0.39,5,sell
9/09,3481,摩根大通,8440,6081,2594,3487,1.15,6,buy
9/09,3481,合庫證券,1020,218,1221,-1003,0.33,6,sell
9/09,3481,元大證券,9800,30209,27094,3115,1.03,7,buy
9/09,3481,元大-新生,0039003800310058,207,1136,-929,0.31,7,sell
9/09,3481,台新-文心,003900420032007a,3134,298,2836,0.94,8,buy
9/09,3481,國泰-台中,8882,1234,2087,-853,0.28,8,sell
9/09,3481,美林,1440,3400,1165,2235,0.74,9,buy
9/09,3481,台新,0039004200300030,1026,1869,-843,0.28,9,sell
9/09,3481,群益金鼎,9100,4803,3098,1705,0.56,10,buy
9/09,3481,元大-成功,003900380039004c,231,900,-669,0.22,10,sell
9/09,3481,港商麥格理,1360,1632,18,1614,0.53,11,buy
9/09,3481,元大-竹科,003900380030004b,138,727,-589,0.19,11,sell
9/09,3481,康和,8450,1689,167,1522,0.5,12,buy
9/09,3481,國泰-板橋,003800380038004b,955,1500,-545,0.18,12,sell
9/09,3481,法銀巴黎,8900,1268,5,1263,0.42,13,buy
9/09,3481,國泰-桃園,8885,704,1227,-523,0.17,13,sell
9/09,3481,永豐金證券,0039004100300030,4239,3278,961,0.32,14,buy
9/09,3481,陽信-高雄,8713,174,678,-504,0.17,14,sell
9/09,3481,凱基,9200,686,0,686,0.23,15,buy
9/09,3481,元大-彰化民生,003900380039004a,382,875,-493,0.16,15,sell
9/09,4979,國票-敦北法人,0037003700390063,578,4,574,3.56,1,buy
9/09,4979,台灣摩根士丹利,1470,246,737,-491,3.05,1,sell
9/09,4979,兆豐-大同,0037003000300053,360,43,317,1.97,2,buy
9/09,4979,美林,1440,61,489,-428,2.66,2,sell
9/09,4979,福邦證券,6480,224,3,221,1.37,3,buy
9/09,4979,凱基-台北,9268,527,793,-266,1.65,3,sell
9/09,4979,富邦-陽明,9604,150,36,114,0.71,4,buy
9/09,4979,群益金鼎-東大,9135,14,204,-190,1.18,4,sell
9/09,4979,新光,8560,221,150,71,0.44,5,buy
9/09,4979,中國信託,6160,48,189,-141,0.87,5,sell
9/09,4979,台新-台北,0039004200320030,74,6,68,0.42,6,buy
9/09,4979,元大證券,9800,1304,1441,-137,0.85,6,sell
9/09,4979,富邦證券,9600,113,50,63,0.39,7,buy
9/09,4979,群益金鼎-大安,0039003100380065,0,119,-119,0.74,7,sell
9/09,4979,玉山-高雄,8843,95,36,59,0.37,8,buy
9/09,4979,(牛牛牛)亞證券,6010,1,104,-103,0.64,8,sell
9/09,4979,群益金鼎-台北,0039003100380058,55,0,55,0.34,9,buy
9/09,4979,摩根大通,8440,106,204,-98,0.61,9,sell
9/09,4979,國泰證券,8880,87,34,53,0.33,10,buy
9/09,4979,新加坡商瑞銀,1650,236,316,-80,0.5,10,sell
9/09,4979,統一-土城,0035003800350059,56,10,46,0.29,11,buy
9/09,4979,凱基-信義,9216,9,72,-63,0.39,11,sell
9/09,4979,國泰-敦南,8888,483,440,43,0.27,12,buy
9/09,4979,兆豐-忠孝,0037003000300061,11,73,-62,0.38,12,sell
9/09,4979,第一金,5380,47,8,39,0.24,13,buy
9/09,4979,統一,5850,89,150,-61,0.38,13,sell
9/09,4979,凱基-市府,0039003200300044,48,14,34,0.21,14,buy
9/09,4979,群益金鼎,9100,99,156,-57,0.35,14,sell
9/09,4979,美商高盛,1480,954,922,32,0.2,15,buy
9/09,4979,統一-板橋,0035003800350050,8,59,-51,0.32,15,sell
9/09,3374,凱基-台北,9268,190,3,187,7.49,1,buy
9/09,3374,富邦-嘉義,9692,2,126,-124,4.96,1,sell
9/09,3374,美商高盛,1480,93,0,93,3.72,2,buy
9/09,3374,兆豐-台中港,7005,1,106,-105,4.2,2,sell
9/09,3374,摩根大通,8440,72,0,72,2.88,3,buy
9/09,3374,群益金鼎-南京,0039003100380045,5,82,-77,3.08,3,sell
9/09,3374,群益金鼎,9100,81,24,57,2.28,4,buy
9/09,3374,國泰-台中,8882,10,42,-32,1.28,4,sell
9/09,3374,台灣摩根士丹利,1470,143,92,51,2.04,5,buy
9/09,3374,統一-南京,0035003800350055,1,30,-29,1.16,5,sell
9/09,3374,國泰證券,8880,42,10,32,1.28,6,buy
9/09,3374,第一金-大稻埕,0035003300380046,0,26,-26,1.04,6,sell
9/09,3374,統一-敦南,5852,32,5,27,1.08,7,buy
9/09,3374,統一-仁愛,0035003800350063,6,27,-21,0.84,7,sell
9/09,3374,華南永昌-中正,9359,25,1,24,0.96,8,buy
9/09,3374,台新-台北,0039004200320030,3,20,-17,0.68,8,sell
9/09,3374,群益金鼎-民權,9131,21,0,21,0.84,9,buy
9/09,3374,玉山-板橋,8846,0,16,-16,0.64,9,sell
9/09,3374,第一金-忠孝,0035003300380044,21,0,21,0.84,10,buy
9/09,3374,兆豐-大安,003700300030006a,0,15,-15,0.6,10,sell
9/09,3374,元大-信義,003900380039006d,21,4,17,0.68,11,buy
9/09,3374,新光-台南,8564,1,15,-14,0.56,11,sell
9/09,3374,合庫證券,1020,20,5,15,0.6,12,buy
9/09,3374,元大-新莊,9898,1,13,-12,0.48,12,sell
9/09,3374,台新-西松,003900420032006e,15,0,15,0.6,13,buy
9/09,3374,凱基-基隆,0039003200300048,0,12,-12,0.48,13,sell
9/09,3374,國泰-敦南,8888,43,29,14,0.56,14,buy
9/09,3374,群益金鼎-忠孝,0039003100380057,0,12,-12,0.48,14,sell
9/09,3374,統一-板橋,0035003800350050,15,1,14,0.56,15,buy
9/09,3374,富邦-永和,9654,3,14,-11,0.44,15,sell
9/09,2633,富邦-新店,9661,160,0,160,8.38,1,buy
9/09,2633,台灣摩根士丹利,1470,5,318,-313,16.4,1,sell
9/09,2633,永豐金證券,0039004100300030,153,0,153,8.01,2,buy
9/09,2633,花旗環球,1590,25,179,-154,8.07,2,sell
9/09,2633,中國信託,6160,131,0,131,6.86,3,buy
9/09,2633,凱基-竹東,9273,0,90,-90,4.71,3,sell
9/09,2633,新加坡商瑞銀,1650,113,60,53,2.78,4,buy
9/09,2633,美商高盛,1480,73,157,-84,4.4,4,sell
9/09,2633,元大-福營,0039003800310046,52,0,52,2.72,5,buy
9/09,2633,摩根大通,8440,428,464,-36,1.89,5,sell
9/09,2633,永興,5600,50,0,50,2.62,6,buy
9/09,2633,富邦-陽明,9604,1,34,-33,1.73,6,sell
9/09,2633,群益金鼎-海山,9108,50,0,50,2.62,7,buy
9/09,2633,永豐金-板新,003900410039004a,0,30,-30,1.57,7,sell
9/09,2633,元大證券,9800,70,22,48,2.51,8,buy
9/09,2633,華南永昌-長虹,9333,0,20,-20,1.05,8,sell
9/09,2633,美林,1440,99,69,30,1.57,9,buy
9/09,2633,元大-台北,0039003800300068,0,17,-17,0.89,9,sell
9/09,2633,國泰-台中,8882,50,21,29,1.52,10,buy
9/09,2633,華南永昌-古亭,9309,5,20,-15,0.79,10,sell
9/09,2633,新光,8560,42,15,27,1.41,11,buy
9/09,2633,台中銀-員林,6114,0,14,-14,0.73,11,sell
9/09,2633,台灣企銀-桃園,0031003100310045,20,0,20,1.05,12,buy
9/09,2633,元大-新莊,9898,0,13,-13,0.68,12,sell
9/09,2633,台新-台北,0039004200320030,15,0,15,0.79,13,buy
9/09,2633,永豐金-桃盛,003900410039004e,0,12,-12,0.63,13,sell
9/09,2633,美好-蘆洲,5261,13,0,13,0.68,14,buy
9/09,2633,元大-中壢,9834,0,12,-12,0.63,14,sell
9/09,2633,富邦-三重,9677,13,0,13,0.68,15,buy
9/09,2633,元大-崇德,0039003800310053,1,12,-11,0.58,15,sell
9/09,2353,美商高盛,1480,2826,110,2716,18.78,1,buy
9/09,2353,摩根大通,8440,398,973,-575,3.98,1,sell
9/09,2353,台灣摩根士丹利,1470,2495,410,2085,14.42,2,buy
9/09,2353,國泰-敦南,8888,52,408,-356,2.46,2,sell
9/09,2353,新加坡商瑞銀,1650,1484,86,1398,9.67,3,buy
9/09,2353,第一金-路竹,0035003300380050,21,226,-205,1.42,3,sell
9/09,2353,凱基-台北,9268,1546,173,1373,9.5,4,buy
9/09,2353,日茂-埔里,5961,0,202,-202,1.4,4,sell
9/09,2353,港商野村,1560,419,0,419,2.9,5,buy
9/09,2353,凱基,9200,0,202,-202,1.4,5,sell
9/09,2353,群益金鼎-竹南,0039003100380069,100,4,96,0.66,6,buy
9/09,2353,群益金鼎-彰化,9187,17,180,-163,1.13,6,sell
9/09,2353,富邦-基隆,9614,101,11,90,0.62,7,buy
9/09,2353,玉山-左營,0038003800340044,3,143,-140,0.97,7,sell
9/09,2353,陽信-石牌,8711,93,11,82,0.57,8,buy
9/09,2353,宏遠-桃園,1262,0,121,-121,0.84,8,sell
9/09,2353,元大證券,9800,326,263,63,0.44,9,buy
9/09,2353,中農,8520,4,107,-103,0.71,9,sell
9/09,2353,新光,8560,310,259,51,0.35,10,buy
9/09,2353,凱基-虎尾,9236,3,101,-98,0.68,10,sell
9/09,2353,群益金鼎-台中,9184,50,1,49,0.34,11,buy
9/09,2353,美林,1440,8,105,-97,0.67,11,sell
9/09,2353,元大-敦南,0039003800390050,45,0,45,0.31,12,buy
9/09,2353,臺銀-民權,1043,0,95,-95,0.66,12,sell
9/09,2353,富邦證券,9600,81,37,44,0.3,13,buy
9/09,2353,永豐金-埔里,0039004100370039,9,101,-92,0.64,13,sell
9/09,2353,元大-新竹,9816,56,15,41,0.28,14,buy
9/09,2353,元大-桃園,0039003800380042,10,102,-92,0.64,14,sell
9/09,2353,兆豐-北高雄,0037003000300049,40,1,39,0.27,15,buy
9/09,2353,凱基-台南,9211,10,99,-89,0.62,15,sell
9/09,2337,摩根大通,8440,2226,1082,1144,3.46,1,buy
9/09,2337,美商高盛,1480,1319,2845,-1526,4.62,1,sell
9/09,2337,美林,1440,1068,303,765,2.32,2,buy
9/09,2337,台灣摩根士丹利,1470,1294,2114,-820,2.48,2,sell
9/09,2337,凱基-斗六,9281,734,0,734,2.22,3,buy
9/09,2337,台新-花蓮,0039004200320079,18,265,-247,0.75,3,sell
9/09,2337,統一,5850,762,111,651,1.97,4,buy
9/09,2337,元大證券,9800,2152,2300,-148,0.45,4,sell
9/09,2337,港商野村,1560,1060,492,568,1.72,5,buy
9/09,2337,元大-竹東,0039003800330066,176,313,-137,0.41,5,sell
9/09,2337,花旗環球,1590,525,95,430,1.3,6,buy
9/09,2337,富邦-花蓮,9621,6,104,-98,0.3,6,sell
9/09,2337,台新-安南,003900420032005a,408,5,403,1.22,7,buy
9/09,2337,元大-信義安和,0039003800300052,4,93,-89,0.27,7,sell
9/09,2337,元大-斗信,9884,213,16,197,0.6,8,buy
9/09,2337,凱基-竹東,9273,3,76,-73,0.22,8,sell
9/09,2337,群益金鼎,9100,190,79,111,0.34,9,buy
9/09,2337,華南永昌-新莊,9305,57,129,-72,0.22,9,sell
9/09,2337,凱基,9200,108,0,108,0.33,10,buy
9/09,2337,國泰-台中,8882,263,332,-69,0.21,10,sell
9/09,2337,富邦-南員林,0039003600310052,121,14,107,0.32,11,buy
9/09,2337,新光-台中,8561,59,119,-60,0.18,11,sell
9/09,2337,富邦-台北,9623,232,173,59,0.18,12,buy
9/09,2337,國泰-高雄,8881,65,123,-58,0.18,12,sell
9/09,2337,國票-安和,003700370039005a,57,2,55,0.17,13,buy
9/09,2337,玉山-城中,0038003800340045,9,64,-55,0.17,13,sell
9/09,2337,元大-忠孝,9871,64,15,49,0.15,14,buy
9/09,2337,國泰-敦南,8888,876,929,-53,0.16,14,sell
9/09,2337,元大-士林,003900380031006a,74,26,48,0.15,15,buy
9/09,2337,台新-台中,0039004200310068,95,146,-51,0.15,15,sell
9/09,3293,摩根大通,8440,189,63,126,12.49,1,buy
9/09,3293,港商野村,1560,6,93,-87,8.62,1,sell
9/09,3293,凱基,9200,35,0,35,3.47,2,buy
9/09,3293,美商高盛,1480,48,114,-66,6.54,2,sell
9/09,3293,台灣摩根士丹利,1470,150,123,27,2.68,3,buy
9/09,3293,永豐金-匯立,0039004100380031,0,63,-63,6.24,3,sell
9/09,3293,凱基-台北,9268,105,81,24,2.38,4,buy
9/09,3293,統一-敦南,5852,1,46,-45,4.46,4,sell
9/09,3293,永豐金證券,0039004100300030,26,6,20,1.98,5,buy
9/09,3293,新加坡商瑞銀,1650,2,41,-39,3.87,5,sell
9/09,3293,凱基-竹科,9272,10,0,10,0.99,6,buy
9/09,3293,玉山-台中,0038003800340042,1,13,-12,1.19,6,sell
9/09,3293,花旗環球,1590,50,41,9,0.89,7,buy
9/09,3293,國泰-敦南,8888,9,19,-10,0.99,7,sell
9/09,3293,台新-成功,003900420032006d,9,0,9,0.89,8,buy
9/09,3293,台新,0039004200300030,5,14,-9,0.89,8,sell
9/09,3293,富邦-宜蘭,9686,7,0,7,0.69,9,buy
9/09,3293,凱基-市府,0039003200300044,0,8,-8,0.79,9,sell
9/09,3293,玉山-城中,0038003800340045,7,0,7,0.69,10,buy
9/09,3293,中國信託-忠孝,6162,2,9,-7,0.69,10,sell
9/09,3293,玉山-大里,003800380034004a,6,0,6,0.59,11,buy
9/09,3293,土銀-建國,0031003000330041,0,6,-6,0.59,11,sell
9/09,3293,合庫-桃園,0031003000320045,7,1,6,0.59,12,buy
9/09,3293,國票-和平,003700370039006a,0,5,-5,0.5,12,sell
9/09,3293,元大-內湖,003900380039004e,6,1,5,0.5,13,buy
9/09,3293,元大-左營,0039003800390044,0,5,-5,0.5,13,sell
9/09,3293,土銀-花蓮,1037,5,0,5,0.5,14,buy
9/09,3293,兆豐證券,7000,0,4,-4,0.4,14,sell
9/09,3293,富邦-花蓮,9621,4,0,4,0.4,15,buy
9/09,3293,富邦-台北,9623,1,4,-3,0.3,15,sell
9/09,8150,美商高盛,1480,4082,970,3112,8.09,1,buy
9/09,8150,群益金鼎-士林,9137,9,1270,-1261,3.28,1,sell
9/09,8150,摩根大通,8440,2053,410,1643,4.27,2,buy
9/09,8150,元大-沙鹿,0039003800300064,19,464,-445,1.16,2,sell
9/09,8150,台灣摩根士丹利,1470,2003,676,1327,3.45,3,buy
9/09,8150,美林,1440,932,1322,-390,1.01,3,sell
9/09,8150,凱基-台北,9268,3372,2153,1219,3.17,4,buy
9/09,8150,國泰-敦南,8888,983,1366,-383,1.0,4,sell
9/09,8150,新加坡商瑞銀,1650,1584,376,1208,3.14,5,buy
9/09,8150,兆豐-岡山,0037003000300073,4,306,-302,0.79,5,sell
9/09,8150,花旗環球,1590,870,2,868,2.26,6,buy
9/09,8150,臺銀-金山,0031003000340044,4,143,-139,0.36,6,sell
9/09,8150,富邦證券,9600,760,50,710,1.85,7,buy
9/09,8150,台新-台中,0039004200310068,64,191,-127,0.33,7,sell
9/09,8150,永豐金-匯立,0039004100380031,236,0,236,0.61,8,buy
9/09,8150,富邦-台北,9623,70,171,-101,0.26,8,sell
9/09,8150,元大證券,9800,3575,3385,190,0.49,9,buy
9/09,8150,永豐金-萬盛,0039004100390032,14,103,-89,0.23,9,sell
9/09,8150,香港上海匯豐,8960,187,2,185,0.48,10,buy
9/09,8150,國泰-台中,8882,168,252,-84,0.22,10,sell
9/09,8150,港商野村,1560,156,62,94,0.24,11,buy
9/09,8150,富邦-南員林,0039003600310052,27,111,-84,0.22,11,sell
9/09,8150,法銀巴黎,8900,56,1,55,0.14,12,buy
9/09,8150,華南永昌-麻豆,9308,15,89,-74,0.19,12,sell
9/09,8150,國票證券,7790,84,29,55,0.14,13,buy
9/09,8150,富邦-板橋,9655,69,143,-74,0.19,13,sell
9/09,8150,致和-佳里,7032,42,6,36,0.09,14,buy
9/09,8150,凱基,9200,0,72,-72,0.19,14,sell
9/09,8150,元大-北港,9837,52,19,33,0.09,15,buy
9/09,8150,合庫-台中,1021,18,89,-71,0.18,15,sell
9/09,2637,新加坡商瑞銀,1650,322,6,316,10.62,1,buy
9/09,2637,聯邦-台南,8588,0,90,-90,3.02,1,sell
9/09,2637,摩根大通,8440,373,81,292,9.81,2,buy
9/09,2637,台灣摩根士丹利,1470,62,139,-77,2.59,2,sell
9/09,2637,凱基-台北,9268,334,131,203,6.82,3,buy
9/09,2637,國泰-敦南,8888,19,79,-60,2.02,3,sell
9/09,2637,香港上海匯豐,8960,192,0,192,6.45,4,buy
9/09,2637,統一-內湖,0035003800350062,0,54,-54,1.81,4,sell
9/09,2637,美商高盛,1480,371,232,139,4.67,5,buy
9/09,2637,第一金-澎湖,5387,5,58,-53,1.78,5,sell
9/09,2637,富邦證券,9600,88,9,79,2.65,6,buy
9/09,2637,統一-三重,003500380035004a,2,38,-36,1.21,6,sell
9/09,2637,元大證券,9800,140,72,68,2.28,7,buy
9/09,2637,華南永昌-高雄,9303,0,33,-33,1.11,7,sell
9/09,2637,第一金,5380,50,0,50,1.68,8,buy
9/09,2637,群益金鼎-館前,0039003100330059,0,32,-32,1.08,8,sell
9/09,2637,永豐金-天母,0039004100390047,48,3,45,1.51,9,buy
9/09,2637,統一-三多,0035003800350051,0,30,-30,1.01,9,sell
9/09,2637,統一-南京,0035003800350055,50,10,40,1.34,10,buy
9/09,2637,群益金鼎-崇德,0039003100330055,0,22,-22,0.74,10,sell
9/09,2637,美林,1440,41,2,39,1.31,11,buy
9/09,2637,凱基-員林,9231,0,21,-21,0.71,11,sell
9/09,2637,永豐金-竹科,0039004100390058,39,0,39,1.31,12,buy
9/09,2637,元大-楊梅,0039003800370041,5,25,-20,0.67,12,sell
9/09,2637,花旗環球,1590,37,0,37,1.24,13,buy
9/09,2637,國票-桃園,0037003700390072,0,20,-20,0.67,13,sell
9/09,2637,元大-竹山,0039003800310052,32,3,29,0.97,14,buy
9/09,2637,富邦-敦南,9663,0,19,-19,0.64,14,sell
9/09,2637,群益金鼎-鳳山,0039003100380063,33,10,23,0.77,15,buy
9/09,2637,新光,8560,9,28,-19,0.64,15,sell
9/09,6274,台灣摩根士丹利,1470,835,299,536,6.28,1,buy
9/09,6274,永豐金證券,0039004100300030,97,2468,-2371,27.78,1,sell
9/09,6274,永豐金-匯立,0039004100380031,392,0,392,4.59,2,buy
9/09,6274,台新,0039004200300030,36,277,-241,2.82,2,sell
9/09,6274,新加坡商瑞銀,1650,647,278,369,4.32,3,buy
9/09,6274,統一,5850,101,213,-112,1.31,3,sell
9/09,6274,美商高盛,1480,735,372,363,4.25,4,buy
9/09,6274,群益金鼎,9100,43,146,-103,1.21,4,sell
9/09,6274,摩根大通,8440,266,51,215,2.52,5,buy
9/09,6274,富邦證券,9600,55,155,-100,1.17,5,sell
9/09,6274,康和,8450,101,2,99,1.16,6,buy
9/09,6274,港商野村,1560,120,211,-91,1.07,6,sell
9/09,6274,凱基-台北,9268,463,377,86,1.01,7,buy
9/09,6274,元大證券,9800,592,677,-85,1.0,7,sell
9/09,6274,玉山證券,8840,57,3,54,0.63,8,buy
9/09,6274,美林,1440,9,80,-71,0.83,8,sell
9/09,6274,中國信託,6160,116,63,53,0.62,9,buy
9/09,6274,大和國泰,8890,0,66,-66,0.77,9,sell
9/09,6274,花旗環球,1590,44,0,44,0.52,10,buy
9/09,6274,凱基,9200,64,123,-59,0.69,10,sell
9/09,6274,國泰-敦南,8888,129,97,32,0.37,11,buy
9/09,6274,群益金鼎-松山,9103,4,19,-15,0.18,11,sell
9/09,6274,元大-西螺,0039003800310069,31,4,27,0.32,12,buy
9/09,6274,凱基-中山,9229,6,18,-12,0.14,12,sell
9/09,6274,華南永昌-南京,9326,26,3,23,0.27,13,buy
9/09,6274,凱基-五股,0039003200310047,2,14,-12,0.14,13,sell
9/09,6274,國泰證券,8880,52,32,20,0.23,14,buy
9/09,6274,華南永昌-台南,9306,4,15,-11,0.13,14,sell
9/09,6274,永豐金-南京,0039004100390053,20,2,18,0.21,15,buy
9/09,6274,台新-松江,0039004200310035,7,18,-11,0.13,15,sell
9/09,6505,美商高盛,1480,5613,1723,3890,8.48,1,buy
9/09,6505,凱基-台南,9211,7,461,-454,0.99,1,sell
9/09,6505,台灣摩根士丹利,1470,4299,1190,3109,6.78,2,buy
9/09,6505,合庫-高雄,1023,31,463,-432,0.94,2,sell
9/09,6505,新加坡商瑞銀,1650,2686,692,1994,4.35,3,buy
9/09,6505,元大-佳里,0039003800310065,31,322,-291,0.63,3,sell
9/09,6505,摩根大通,8440,2504,606,1898,4.14,4,buy
9/09,6505,香港上海匯豐,8960,0,288,-288,0.63,4,sell
9/09,6505,凱基-台北,9268,3159,1449,1710,3.73,5,buy
9/09,6505,新光,8560,146,412,-266,0.58,5,sell
9/09,6505,台新,0039004200300030,1628,421,1207,2.63,6,buy
9/09,6505,國泰-敦南,8888,583,837,-254,0.55,6,sell
9/09,6505,港商野村,1560,864,48,816,1.78,7,buy
9/09,6505,玉山-嘉義,8848,4,223,-219,0.48,7,sell
9/09,6505,凱基,9200,834,20,814,1.78,8,buy
9/09,6505,元大-花蓮,9856,3,222,-219,0.48,8,sell
9/09,6505,元大證券,9800,3678,2929,749,1.63,9,buy
9/09,6505,國泰-高雄,8881,28,240,-212,0.46,9,sell
9/09,6505,統一,5850,876,149,727,1.59,10,buy
9/09,6505,富邦-嘉義,9692,153,349,-196,0.43,10,sell
9/09,6505,富邦-南屯,9666,516,53,463,1.01,11,buy
9/09,6505,玉山-景美,8849,8,182,-174,0.38,11,sell
9/09,6505,元大-信義安和,0039003800300052,452,12,440,0.96,12,buy
9/09,6505,富邦-南京,0039003600310043,32,196,-164,0.36,12,sell
9/09,6505,富邦證券,9600,443,60,383,0.84,13,buy
9/09,6505,富邦-板橋,9655,42,206,-164,0.36,13,sell
9/09,6505,玉山證券,8840,431,58,373,0.81,14,buy
9/09,6505,元大-蘆洲,9857,35,194,-159,0.35,14,sell
9/09,6505,國票證券,7790,408,46,362,0.79,15,buy
9/09,6505,元大-大同,0039003800390047,100,257,-157,0.34,15,sell
9/09,2027,兆豐證券,7000,765,0,765,5.38,1,buy
9/09,2027,台灣摩根士丹利,1470,377,1772,-1395,9.8,1,sell
9/09,2027,群益金鼎,9100,854,315,539,3.79,2,buy
9/09,2027,元大證券,9800,215,1312,-1097,7.71,2,sell
9/09,2027,花旗環球,1590,443,1,442,3.11,3,buy
9/09,2027,新加坡商瑞銀,1650,17,943,-926,6.51,3,sell
9/09,2027,摩根大通,8440,1536,1114,422,2.97,4,buy
9/09,2027,美商高盛,1480,783,1557,-774,5.44,4,sell
9/09,2027,玉山-台南,8847,301,1,300,2.11,5,buy
9/09,2027,國泰證券,8880,1,579,-578,4.06,5,sell
9/09,2027,永豐金證券,0039004100300030,579,349,230,1.62,6,buy
9/09,2027,康和,8450,15,345,-330,2.32,6,sell
9/09,2027,凱基-台北,9268,1025,806,219,1.54,7,buy
9/09,2027,中國信託-三重,6161,0,200,-200,1.41,7,sell
9/09,2027,台新-台南,0039004200310036,171,0,171,1.2,8,buy
9/09,2027,凱基-和平,9255,22,218,-196,1.38,8,sell
9/09,2027,富邦-基隆,9614,119,1,118,0.83,9,buy
9/09,2027,永豐金-南京,0039004100390053,0,150,-150,1.05,9,sell
9/09,2027,凱基-三重,9205,104,0,104,0.73,10,buy
9/09,2027,統一,5850,4,129,-125,0.88,10,sell
9/09,2027,統一-南京,0035003800350055,110,10,100,0.7,11,buy
9/09,2027,元大-大統,003900380031007a,5,125,-120,0.84,11,sell
9/09,2027,玉山-高雄,8843,87,0,87,0.61,12,buy
9/09,2027,永豐金-板盛,0039004100390059,2,116,-114,0.8,12,sell
9/09,2027,玉山-士林,0038003800340041,70,0,70,0.49,13,buy
9/09,2027,美林,1440,46,153,-107,0.75,13,sell
9/09,2027,合庫-台南,1022,55,0,55,0.39,14,buy
9/09,2027,港商野村,1560,105,205,-100,0.7,14,sell
9/09,2027,元大-三民,0039003800390046,56,3,53,0.37,15,buy
9/09,2027,元大-羅東,0039003800320041,3,100,-97,0.68,15,sell
9/09,2812,永豐金-板盛,0039004100390059,1044,0,1044,3.6,1,buy
9/09,2812,台灣摩根士丹利,1470,284,4098,-3814,13.16,1,sell
9/09,2812,統一-板橋,0035003800350050,1001,0,1001,3.45,2,buy
9/09,2812,新加坡商瑞銀,1650,186,2737,-2551,8.8,2,sell
9/09,2812,新光-台中,8561,828,231,597,2.06,3,buy
9/09,2812,美商高盛,1480,167,2704,-2537,8.75,3,sell
9/09,2812,花旗環球,1590,485,0,485,1.67,4,buy
9/09,2812,凱基-台北,9268,589,2163,-1574,5.43,4,sell
9/09,2812,新光-新竹,8563,438,30,408,1.41,5,buy
9/09,2812,摩根大通,8440,1023,2238,-1215,4.19,5,sell
9/09,2812,台中銀,6110,378,16,362,1.25,6,buy
9/09,2812,華南永昌-斗六,9327,92,1252,-1160,4.0,6,sell
9/09,2812,福邦-新竹,6489,350,0,350,1.21,7,buy
9/09,2812,元大-竹山,0039003800310052,44,594,-550,1.9,7,sell
9/09,2812,凱基-新豐,9266,286,0,286,0.99,8,buy
9/09,2812,元大-大甲,0039003800390055,56,600,-544,1.88,8,sell
9/09,2812,陽信-石牌,8711,279,0,279,0.96,9,buy
9/09,2812,群益金鼎-宜蘭,003900310038007a,1,508,-507,1.75,9,sell
9/09,2812,國泰-館前,0038003800380041,331,106,225,0.78,10,buy
9/09,2812,港商野村,1560,125,585,-460,1.59,10,sell
9/09,2812,玉山-新竹,0038003800340048,219,0,219,0.76,11,buy
9/09,2812,元大證券,9800,1515,1778,-263,0.91,11,sell
9/09,2812,統一-台中,5856,200,4,196,0.68,12,buy
9/09,2812,元大-中壢,9834,67,260,-193,0.67,12,sell
9/09,2812,宏遠-桃園,1262,304,111,193,0.67,13,buy
9/09,2812,台中銀-豐原,0036003100310041,19,210,-191,0.66,13,sell
9/09,2812,富邦-陽明,9604,215,27,188,0.65,14,buy
9/09,2812,凱基-科園,9254,0,164,-164,0.57,14,sell
9/09,2812,台新,0039004200300030,227,59,168,0.58,15,buy
9/09,2812,合庫-台南,1022,3,141,-138,0.48,15,sell
9/09,1785,凱基-台北,9268,342,150,192,9.69,1,buy
9/09,1785,花旗環球,1590,0,93,-93,4.69,1,sell
9/09,1785,台灣摩根士丹利,1470,169,25,144,7.27,2,buy
9/09,1785,兆豐-嘉義,7001,0,63,-63,3.18,2,sell
9/09,1785,美商高盛,1480,175,33,142,7.16,3,buy
9/09,1785,富邦-中壢,9636,1,42,-41,2.07,3,sell
9/09,1785,美林,1440,163,30,133,6.71,4,buy
9/09,1785,統一-永和,0035003800350042,0,25,-25,1.26,4,sell
9/09,1785,摩根大通,8440,95,13,82,4.14,5,buy
9/09,1785,凱基-內埔,9225,0,23,-23,1.16,5,sell
9/09,1785,統一-敦南,5852,60,0,60,3.03,6,buy
9/09,1785,富邦-竹北,9624,0,23,-23,1.16,6,sell
9/09,1785,永豐金-板新,003900410039004a,53,16,37,1.87,7,buy
9/09,1785,國票-中和,0037003700390058,1,23,-22,1.11,7,sell
9/09,1785,富邦-樹林,0039003600320045,23,0,23,1.16,8,buy
9/09,1785,群益金鼎-台北,0039003100380058,0,20,-20,1.01,8,sell
9/09,1785,永豐金-市政,0039004100390057,23,1,22,1.11,9,buy
9/09,1785,第一金-台南,5384,0,20,-20,1.01,9,sell
9/09,1785,統一-仁愛,0035003800350063,13,0,13,0.66,10,buy
9/09,1785,富邦-和美,0039003600310050,2,20,-18,0.91,10,sell
9/09,1785,兆豐-小港,0037003000300052,16,3,13,0.66,11,buy
9/09,1785,國泰-敦南,8888,23,41,-18,0.91,11,sell
9/09,1785,群益金鼎-開元,9134,11,0,11,0.55,12,buy
9/09,1785,凱基-台南,9211,2,18,-16,0.81,12,sell
9/09,1785,新加坡商瑞銀,1650,22,11,11,0.55,13,buy
9/09,1785,台新-吉利,0039004200320057,0,16,-16,0.81,13,sell
9/09,1785,元大-內湖民權,9867,10,0,10,0.5,14,buy
9/09,1785,富邦-桃園,9665,0,15,-15,0.76,14,sell
9/09,1785,群益金鼎-中港,9138,12,2,10,0.5,15,buy
9/09,1785,統一-土城,0035003800350059,0,12,-12,0.61,15,sell
9/09,3211,凱基-台北,9268,578,244,334,6.65,1,buy
9/09,3211,國票-安和,003700370039005a,4,783,-779,15.52,1,sell
9/09,3211,台灣摩根士丹利,1470,220,122,98,1.95,2,buy
9/09,3211,台新,0039004200300030,46,771,-725,14.44,2,sell
9/09,3211,美商高盛,1480,117,59,58,1.16,3,buy
9/09,3211,永豐金證券,0039004100300030,147,355,-208,4.14,3,sell
9/09,3211,新加坡商瑞銀,1650,60,17,43,0.86,4,buy
9/09,3211,兆豐證券,7000,2,147,-145,2.89,4,sell
9/09,3211,摩根大通,8440,67,24,43,0.86,5,buy
9/09,3211,凱基-信義,9216,1,58,-57,1.14,5,sell
9/09,3211,元大證券,9800,341,303,38,0.76,6,buy
9/09,3211,富邦證券,9600,4,53,-49,0.98,6,sell
9/09,3211,群益金鼎,9100,66,32,34,0.68,7,buy
9/09,3211,花旗環球,1590,4,47,-43,0.86,7,sell
9/09,3211,港商野村,1560,44,17,27,0.54,8,buy
9/09,3211,永豐金-信義,0039004100390052,0,33,-33,0.66,8,sell
9/09,3211,富邦-仁愛,9676,26,0,26,0.52,9,buy
9/09,3211,美林,1440,17,44,-27,0.54,9,sell
9/09,3211,國泰-敦南,8888,106,81,25,0.5,10,buy
9/09,3211,台新-九如,0039004200320031,0,23,-23,0.46,10,sell
9/09,3211,新光,8560,43,21,22,0.44,11,buy
9/09,3211,德信,6910,0,20,-20,0.4,11,sell
9/09,3211,統一-桃園,0035003800350048,22,3,19,0.38,12,buy
9/09,3211,國票證券,7790,4,23,-19,0.38,12,sell
9/09,3211,華南永昌-基隆,9322,22,4,18,0.36,13,buy
9/09,3211,永豐金-屏東,0039004100360039,1,20,-19,0.38,13,sell
9/09,3211,台新-板橋,0039004200320062,26,8,18,0.36,14,buy
9/09,3211,國泰證券,8880,2,19,-17,0.34,14,sell
9/09,3211,福勝,6950,17,0,17,0.34,15,buy
9/09,3211,凱基-站前,0039003200300046,17,34,-17,0.34,15,sell
9/09,2472,美商高盛,1480,229,28,201,14.54,1,buy
9/09,2472,富邦證券,9600,2,504,-502,36.32,1,sell
9/09,2472,新加坡商瑞銀,1650,80,5,75,5.43,2,buy
9/09,2472,美林,1440,15,42,-27,1.95,2,sell
9/09,2472,凱基-台北,9268,125,80,45,3.26,3,buy
9/09,2472,新光,8560,8,27,-19,1.37,3,sell
9/09,2472,摩根大通,8440,48,4,44,3.18,4,buy
9/09,2472,玉山-嘉義,8848,0,16,-16,1.16,4,sell
9/09,2472,台灣摩根士丹利,1470,53,23,30,2.17,5,buy
9/09,2472,富邦-新竹,9647,1,16,-15,1.09,5,sell
9/09,2472,中國信託-高雄,003600310036004b,23,1,22,1.59,6,buy
9/09,2472,群益金鼎-敦南,9101,0,12,-12,0.87,6,sell
9/09,2472,元大-北府,0039003800300044,20,0,20,1.45,7,buy
9/09,2472,永豐金-市政,0039004100390057,0,11,-11,0.8,7,sell
9/09,2472,港商野村,1560,15,0,15,1.09,8,buy
9/09,2472,元大證券,9800,60,70,-10,0.72,8,sell
9/09,2472,安泰,8380,14,0,14,1.01,9,buy
9/09,2472,富邦-新店,9661,4,11,-7,0.51,9,sell
9/09,2472,國泰-敦南,8888,23,12,11,0.8,10,buy
9/09,2472,富邦-台北,9623,4,11,-7,0.51,10,sell
9/09,2472,玉山-信義,0038003800340043,11,0,11,0.8,11,buy
9/09,2472,凱基-台南,9211,0,7,-7,0.51,11,sell
9/09,2472,凱基-站前,0039003200300046,11,0,11,0.8,12,buy
9/09,2472,兆豐-竹北,7007,2,8,-6,0.43,12,sell
9/09,2472,元大-華山,0039003800310055,10,0,10,0.72,13,buy
9/09,2472,富邦-竹科,0039003600320043,0,6,-6,0.43,13,sell
9/09,2472,群益金鼎-東門,0039003100380044,9,0,9,0.65,14,buy
9/09,2472,元大-大雅,0039003800330069,2,7,-5,0.36,14,sell
9/09,2472,永豐金證券,0039004100300030,9,1,8,0.58,15,buy
9/09,2472,凱基-屏東,0039003200320043,0,5,-5,0.36,15,sell
9/09,6257,美商高盛,1480,993,210,783,15.4,1,buy
9/09,6257,美林,1440,94,224,-130,2.56,1,sell
9/09,6257,台灣摩根士丹利,1470,560,90,470,9.25,2,buy
9/09,6257,群益金鼎-台中,9184,0,39,-39,0.77,2,sell
9/09,6257,凱基-台北,9268,494,69,425,8.36,3,buy
9/09,6257,富邦-台中,003900360035004b,4,43,-39,0.77,3,sell
9/09,6257,新加坡商瑞銀,1650,244,43,201,3.95,4,buy
9/09,6257,台新,0039004200300030,11,47,-36,0.71,4,sell
9/09,6257,永豐金證券,0039004100300030,165,31,134,2.64,5,buy
9/09,6257,永豐金-松山,0039004100390031,2,37,-35,0.69,5,sell
9/09,6257,群益金鼎,9100,213,91,122,2.4,6,buy
9/09,6257,國泰-板橋,003800380038004b,13,47,-34,0.67,6,sell
9/09,6257,花旗環球,1590,110,0,110,2.16,7,buy
9/09,6257,元大-大甲,0039003800390055,2,36,-34,0.67,7,sell
9/09,6257,摩根大通,8440,243,154,89,1.75,8,buy
9/09,6257,國票-和平,003700370039006a,0,33,-33,0.65,8,sell
9/09,6257,元大證券,9800,208,139,69,1.36,9,buy
9/09,6257,港商野村,1560,2,34,-32,0.63,9,sell
9/09,6257,玉山證券,8840,74,17,57,1.12,10,buy
9/09,6257,元大-彰化,0039003800310047,14,45,-31,0.61,10,sell
9/09,6257,香港上海匯豐,8960,36,0,36,0.71,11,buy
9/09,6257,華南永昌-台中,9302,2,33,-31,0.61,11,sell
9/09,6257,玉山-台南,8847,26,3,23,0.45,12,buy
9/09,6257,兆豐-桃鶯,0037003000300055,0,25,-25,0.49,12,sell
9/09,6257,群益金鼎-大甲,0039003100380067,23,5,18,0.35,13,buy
9/09,6257,(牛牛牛)亞-鑫豐,0036003000310064,0,24,-24,0.47,13,sell
9/09,6257,統一-平鎮,0035003800350067,15,2,13,0.26,14,buy
9/09,6257,富邦-公益,0039003600310046,1,25,-24,0.47,14,sell
9/09,6257,富邦-三峽,003900360032004a,15,3,12,0.24,15,buy
9/09,6257,國泰-敦南,8888,68,92,-24,0.47,15,sell
9/09,9945,摩根大通,8440,568,164,404,13.18,1,buy
9/09,9945,元大-東泰,9817,0,273,-273,8.91,1,sell
9/09,9945,台灣摩根士丹利,1470,339,5,334,10.9,2,buy
9/09,9945,元大-土城學府,9822,0,158,-158,5.15,2,sell
9/09,9945,凱基-台北,9268,322,120,202,6.59,3,buy
9/09,9945,永豐金-敦北,0039004100380039,4,130,-126,4.11,3,sell
9/09,9945,富邦-新竹,9647,103,0,103,3.36,4,buy
9/09,9945,大昌-安康,6462,0,125,-125,4.08,4,sell
9/09,9945,國票-南港,7795,105,12,93,3.03,5,buy
9/09,9945,國票-敦北法人,0037003700390063,0,110,-110,3.59,5,sell
9/09,9945,美商高盛,1480,392,304,88,2.87,6,buy
9/09,9945,玉山-左營,0038003800340044,2,86,-84,2.74,6,sell
9/09,9945,彰銀,1230,72,0,72,2.35,7,buy
9/09,9945,兆豐-三重,7008,0,70,-70,2.28,7,sell
9/09,9945,新加坡商瑞銀,1650,218,153,65,2.12,8,buy
9/09,9945,港商野村,1560,72,141,-69,2.25,8,sell
9/09,9945,元大證券,9800,98,51,47,1.53,9,buy
9/09,9945,富邦-建國,9658,0,69,-69,2.25,9,sell
9/09,9945,統一-中壢,5853,20,0,20,0.65,10,buy
9/09,9945,凱基-羅東,9258,0,37,-37,1.21,10,sell
9/09,9945,花旗環球,1590,21,2,19,0.62,11,buy
9/09,9945,國泰-敦南,8888,7,42,-35,1.14,11,sell
9/09,9945,凱基-士林,9238,16,0,16,0.52,12,buy
9/09,9945,台新-中壢,0039004200310079,0,33,-33,1.08,12,sell
9/09,9945,兆豐-復興,0037003000300070,15,0,15,0.49,13,buy
9/09,9945,凱基-嘉義,9252,0,31,-31,1.01,13,sell
9/09,9945,元大-信義,003900380039006d,15,0,15,0.49,14,buy
9/09,9945,永豐金-敦南,0039004100380046,2,32,-30,0.98,14,sell
9/09,9945,台新-大昌,0039004200320044,21,6,15,0.49,15,buy
9/09,9945,臺銀-臺南,1042,2,30,-28,0.91,15,sell
9/09,2316,凱基-台北,9268,341,139,202,10.99,1,buy
9/09,2316,第一金-嘉義,003500330038004d,5,73,-68,3.7,1,sell
9/09,2316,台灣摩根士丹利,1470,221,26,195,10.61,2,buy
9/09,2316,摩根大通,8440,102,160,-58,3.16,2,sell
9/09,2316,美商高盛,1480,132,65,67,3.65,3,buy
9/09,2316,國票-安和,003700370039005a,0,55,-55,2.99,3,sell
9/09,2316,美林,1440,54,2,52,2.83,4,buy
9/09,2316,凱基-竹北,9234,1,27,-26,1.41,4,sell
9/09,2316,統一,5850,40,7,33,1.8,5,buy
9/09,2316,國泰-敦南,8888,48,73,-25,1.36,5,sell
9/09,2316,港商野村,1560,46,19,27,1.47,6,buy
9/09,2316,新加坡商瑞銀,1650,17,40,-23,1.25,6,sell
9/09,2316,元大證券,9800,66,42,24,1.31,7,buy
9/09,2316,國泰-高雄,8881,40,55,-15,0.82,7,sell
9/09,2316,口袋證券,6620,33,16,17,0.92,8,buy
9/09,2316,華南永昌-嘉義,9314,12,25,-13,0.71,8,sell
9/09,2316,新百王,6210,15,0,15,0.82,9,buy
9/09,2316,元大-清水,0039003800300065,0,13,-13,0.71,9,sell
9/09,2316,凱基-永華,9235,14,0,14,0.76,10,buy
9/09,2316,華南永昌-苗栗,9362,0,11,-11,0.6,10,sell
9/09,2316,群益金鼎-鳳山,0039003100380063,12,0,12,0.65,11,buy
9/09,2316,富邦-八德,0039003600330041,2,13,-11,0.6,11,sell
9/09,2316,元大-屏南,0039003800310072,10,0,10,0.54,12,buy
9/09,2316,富邦-南京,0039003600310043,1,11,-10,0.54,12,sell
9/09,2316,第一金,5380,10,0,10,0.54,13,buy
9/09,2316,元大-館前,003900380034004b,0,10,-10,0.54,13,sell
9/09,2316,凱基-板橋,0039003200300041,9,0,9,0.49,14,buy
9/09,2316,元大-金門,003900380031004e,0,9,-9,0.49,14,sell
9/09,2316,凱基-中壢,9285,9,1,8,0.44,15,buy
9/09,2316,中國信託,6160,0,9,-9,0.49,15,sell
9/09,6213,元大證券,9800,1667,1291,376,2.53,1,buy
9/09,6213,台灣摩根士丹利,1470,531,989,-458,3.08,1,sell
9/09,6213,新加坡商瑞銀,1650,578,216,362,2.43,2,buy
9/09,6213,陽信-石牌,8711,13,175,-162,1.09,2,sell
9/09,6213,凱基-台北,9268,2000,1699,301,2.02,3,buy
9/09,6213,群益金鼎-台北,0039003100380058,1,115,-114,0.77,3,sell
9/09,6213,摩根大通,8440,707,511,196,1.32,4,buy
9/09,6213,永豐金證券,0039004100300030,74,140,-66,0.44,4,sell
9/09,6213,美商高盛,1480,1086,908,178,1.2,5,buy
9/09,6213,統一,5850,54,116,-62,0.42,5,sell
9/09,6213,合庫-新竹,0031003000320041,131,4,127,0.85,6,buy
9/09,6213,國泰-敦南,8888,318,371,-53,0.36,6,sell
9/09,6213,港商野村,1560,178,100,78,0.52,7,buy
9/09,6213,玉山-板橋,8846,21,59,-38,0.26,7,sell
9/09,6213,華南永昌,9300,106,35,71,0.48,8,buy
9/09,6213,華南永昌-板橋,9349,4,40,-36,0.24,8,sell
9/09,6213,富邦-青埔,003900360031004e,75,5,70,0.47,9,buy
9/09,6213,群益金鼎,9100,179,208,-29,0.19,9,sell
9/09,6213,兆豐-天母,003700300030004c,63,3,60,0.4,10,buy
9/09,6213,元大-西屯,0039003800300077,10,39,-29,0.19,10,sell
9/09,6213,凱基,9200,58,0,58,0.39,11,buy
9/09,6213,元大-忠孝,9871,24,53,-29,0.19,11,sell
9/09,6213,永豐金-匯立,0039004100380031,46,0,46,0.31,12,buy
9/09,6213,國泰證券,8880,8,32,-24,0.16,12,sell
9/09,6213,花旗環球,1590,54,13,41,0.28,13,buy
9/09,6213,新光-台中,8561,20,42,-22,0.15,13,sell
9/09,6213,元大-仁愛,003900380033006a,45,9,36,0.24,14,buy
9/09,6213,華南永昌-基隆,9322,6,28,-22,0.15,14,sell
9/09,6213,統一-城中,5854,51,16,35,0.24,15,buy
9/09,6213,永全-南崁,6451,0,22,-22,0.15,15,sell
