date,stock_code,broker_name,broker_id,buy_vol,sell_vol,net_vol,pct,rank,side
8/03,2330,美林,1440,2436,1192,1244,3.76,1,buy
8/03,2330,台灣摩根士丹利,1470,1143,8710,-7567,22.86,1,sell
8/03,2330,國泰證券,8880,717,19,698,2.11,2,buy
8/03,2330,摩根大通,8440,2851,4428,-1577,4.76,2,sell
8/03,2330,康和,8450,520,0,520,1.57,3,buy
8/03,2330,凱基-台北,9268,627,1727,-1100,3.32,3,sell
8/03,2330,新加坡商瑞銀,1650,2523,2031,492,1.49,4,buy
8/03,2330,香港上海匯豐,8960,168,1140,-972,2.94,4,sell
8/03,2330,美商高盛,1480,1452,1161,291,0.88,5,buy
8/03,2330,富邦證券,9600,201,965,-764,2.31,5,sell
8/03,2330,富邦-南京,0039003600310043,287,5,282,0.85,6,buy
8/03,2330,港商野村,1560,225,565,-340,1.03,6,sell
8/03,2330,中國信託,6160,360,82,278,0.84,7,buy
8/03,2330,凱基-信義,9216,32,305,-273,0.82,7,sell
8/03,2330,國泰-敦南,8888,429,163,266,0.8,8,buy
8/03,2330,凱基,9200,216,470,-254,0.77,8,sell
8/03,2330,花旗環球,1590,1070,828,242,0.73,9,buy
8/03,2330,港商麥格理,1360,146,376,-230,0.69,9,sell
8/03,2330,大和國泰,8890,201,0,201,0.61,10,buy
8/03,2330,法銀巴黎,8900,0,211,-211,0.64,10,sell
8/03,2330,新光,8560,209,45,164,0.5,11,buy
8/03,2330,元大證券,9800,2352,2478,-126,0.38,11,sell
8/03,2330,統一,5850,228,94,134,0.4,12,buy
8/03,2330,永豐金-匯立,0039004100380031,278,394,-116,0.35,12,sell
8/03,2330,台新,0039004200300030,186,71,115,0.35,13,buy
8/03,2330,華南永昌,9300,71,123,-52,0.16,13,sell
8/03,2330,兆豐-城中,0037003000300057,131,19,112,0.34,14,buy
8/03,2330,永豐金-古亭,0039004100390064,8,59,-51,0.15,14,sell
8/03,2330,元大-士林,003900380031006a,144,32,112,0.34,15,buy
8/03,2330,元大-復北,9872,30,64,-34,0.1,15,sell
8/03,2317,元大證券,9800,8957,4658,4299,8.16,1,buy
8/03,2317,凱基-台北,9268,1248,3195,-1947,3.7,1,sell
8/03,2317,美商高盛,1480,5384,1968,3416,6.49,2,buy
8/03,2317,永豐金-匯立,0039004100380031,35,1403,-1368,2.6,2,sell
8/03,2317,新加坡商瑞銀,1650,3441,1318,2123,4.03,3,buy
8/03,2317,花旗環球,1590,333,1174,-841,1.6,3,sell
8/03,2317,港商麥格理,1360,1750,223,1527,2.9,4,buy
8/03,2317,凱基-站前,0039003200300046,30,636,-606,1.15,4,sell
8/03,2317,台灣摩根士丹利,1470,3672,2556,1116,2.12,5,buy
8/03,2317,法銀巴黎,8900,28,504,-476,0.9,5,sell
8/03,2317,中國信託,6160,1040,82,958,1.82,6,buy
8/03,2317,富邦證券,9600,371,844,-473,0.9,6,sell
8/03,2317,永豐金證券,0039004100300030,1526,903,623,1.18,7,buy
8/03,2317,香港上海匯豐,8960,282,753,-471,0.89,7,sell
8/03,2317,港商野村,1560,554,30,524,0.99,8,buy
8/03,2317,摩根大通,8440,2028,2461,-433,0.82,8,sell
8/03,2317,美林,1440,1860,1342,518,0.98,9,buy
8/03,2317,國泰-敦南,8888,490,779,-289,0.55,9,sell
8/03,2317,國票-南京,003700370039006e,506,6,500,0.95,10,buy
8/03,2317,中國信託-永康,6163,47,240,-193,0.37,10,sell
8/03,2317,元大-虎尾,003900380030006c,338,20,318,0.6,11,buy
8/03,2317,台灣企銀-台南,1112,13,200,-187,0.36,11,sell
8/03,2317,台新-台北,0039004200320030,300,69,231,0.44,12,buy
8/03,2317,群益金鼎,9100,487,667,-180,0.34,12,sell
8/03,2317,國泰-台南,8884,260,54,206,0.39,13,buy
8/03,2317,新光,8560,209,385,-176,0.33,13,sell
8/03,2317,國票-南科,0037003700390065,232,42,190,0.36,14,buy
8/03,2317,第一金-高雄,5383,45,204,-159,0.3,14,sell
8/03,2317,玉山-高雄,8843,235,84,151,0.29,15,buy
8/03,2317,富邦-員林,9672,16,141,-125,0.24,15,sell
8/03,2454,台新-台北,0039004200320030,736,29,707,9.42,1,buy
8/03,2454,台灣摩根士丹利,1470,211,433,-222,2.96,1,sell
8/03,2454,新加坡商瑞銀,1650,869,286,583,7.77,2,buy
8/03,2454,富邦證券,9600,69,281,-212,2.82,2,sell
8/03,2454,凱基-城中,9227,508,89,419,5.58,3,buy
8/03,2454,摩根大通,8440,311,439,-128,1.71,3,sell
8/03,2454,華南永昌,9300,242,11,231,3.08,4,buy
8/03,2454,凱基-台北,9268,154,281,-127,1.69,4,sell
8/03,2454,永豐金-匯立,0039004100380031,271,50,221,2.94,5,buy
8/03,2454,國泰-敦南,8888,35,138,-103,1.37,5,sell
8/03,2454,美林,1440,482,266,216,2.88,6,buy
8/03,2454,元大證券,9800,617,712,-95,1.27,6,sell
8/03,2454,國票-安和,003700370039005a,207,44,163,2.17,7,buy
8/03,2454,凱基-信義,9216,14,89,-75,1.0,7,sell
8/03,2454,港商麥格理,1360,155,0,155,2.07,8,buy
8/03,2454,台新-五權西,0039004200320035,0,54,-54,0.72,8,sell
8/03,2454,港商野村,1560,173,26,147,1.96,9,buy
8/03,2454,香港上海匯豐,8960,12,66,-54,0.72,9,sell
8/03,2454,元大-士林,003900380031006a,123,10,113,1.51,10,buy
8/03,2454,凱基-竹科,9272,2,54,-52,0.69,10,sell
8/03,2454,美商高盛,1480,232,122,110,1.47,11,buy
8/03,2454,新光,8560,9,59,-50,0.67,11,sell
8/03,2454,國票-敦北法人,0037003700390063,143,42,101,1.35,12,buy
8/03,2454,統一-城中,5854,1,47,-46,0.61,12,sell
8/03,2454,統一,5850,144,58,86,1.15,13,buy
8/03,2454,富邦-中壢,9636,0,37,-37,0.49,13,sell
8/03,2454,永豐金證券,0039004100300030,120,52,68,0.91,14,buy
8/03,2454,國泰-板橋,003800380038004b,5,36,-31,0.41,14,sell
8/03,2454,法銀巴黎,8900,66,6,60,0.8,15,buy
8/03,2454,富邦-仁愛,9676,5,34,-29,0.39,15,sell
8/03,2308,台灣摩根士丹利,1470,961,470,491,2.87,1,buy
8/03,2308,美林,1440,858,2651,-1793,10.48,1,sell
8/03,2308,富邦證券,9600,560,205,355,2.07,2,buy
8/03,2308,摩根大通,8440,447,1529,-1082,6.32,2,sell
8/03,2308,港商麥格理,1360,353,42,311,1.82,3,buy
8/03,2308,法銀巴黎,8900,14,1030,-1016,5.94,3,sell
8/03,2308,新加坡商瑞銀,1650,788,516,272,1.59,4,buy
8/03,2308,凱基-台北,9268,929,1308,-379,2.22,4,sell
8/03,2308,國泰證券,8880,417,174,243,1.42,5,buy
8/03,2308,美商高盛,1480,643,949,-306,1.79,5,sell
8/03,2308,國泰-敦南,8888,363,225,138,0.81,6,buy
8/03,2308,凱基,9200,120,340,-220,1.29,6,sell
8/03,2308,彰銀,1230,139,12,127,0.74,7,buy
8/03,2308,花旗環球,1590,301,497,-196,1.15,7,sell
8/03,2308,大和國泰,8890,123,24,99,0.58,8,buy
8/03,2308,統一,5850,52,185,-133,0.78,8,sell
8/03,2308,華南永昌,9300,108,27,81,0.47,9,buy
8/03,2308,康和,8450,13,137,-124,0.72,9,sell
8/03,2308,中國信託,6160,108,29,79,0.46,10,buy
8/03,2308,國票-敦北法人,0037003700390063,20,120,-100,0.58,10,sell
8/03,2308,永豐金-匯立,0039004100380031,85,6,79,0.46,11,buy
8/03,2308,香港上海匯豐,8960,15,113,-98,0.57,11,sell
8/03,2308,元大證券,9800,1387,1315,72,0.42,12,buy
8/03,2308,第一金,5380,9,105,-96,0.56,12,sell
8/03,2308,元大-館前,003900380034004b,52,4,48,0.28,13,buy
8/03,2308,港商野村,1560,150,229,-79,0.46,13,sell
8/03,2308,富邦-仁愛,9676,49,8,41,0.24,14,buy
8/03,2308,群益金鼎,9100,129,178,-49,0.29,14,sell
8/03,2308,兆豐證券,7000,133,92,41,0.24,15,buy
8/03,2308,國票-安和,003700370039005a,15,61,-46,0.27,15,sell
8/03,2382,台灣摩根士丹利,1470,8742,755,7987,27.2,1,buy
8/03,2382,港商野村,1560,457,2501,-2044,6.96,1,sell
8/03,2382,美林,1440,2238,1638,600,2.04,2,buy
8/03,2382,港商麥格理,1360,7,1660,-1653,5.63,2,sell
8/03,2382,富邦證券,9600,416,5,411,1.4,3,buy
8/03,2382,花旗環球,1590,150,1685,-1535,5.23,3,sell
8/03,2382,凱基-高美館,9215,466,77,389,1.32,4,buy
8/03,2382,摩根大通,8440,742,1557,-815,2.78,4,sell
8/03,2382,凱基-台北,9268,1475,1171,304,1.04,5,buy
8/03,2382,元大證券,9800,2406,3185,-779,2.65,5,sell
8/03,2382,法銀巴黎,8900,351,56,295,1.0,6,buy
8/03,2382,美商高盛,1480,2555,3167,-612,2.08,6,sell
8/03,2382,台新,0039004200300030,321,61,260,0.89,7,buy
8/03,2382,香港上海匯豐,8960,196,470,-274,0.93,7,sell
8/03,2382,新加坡商瑞銀,1650,1304,1151,153,0.52,8,buy
8/03,2382,永豐金證券,0039004100300030,157,383,-226,0.77,8,sell
8/03,2382,凱基,9200,257,125,132,0.45,9,buy
8/03,2382,新光,8560,85,200,-115,0.39,9,sell
8/03,2382,兆豐證券,7000,103,5,98,0.33,10,buy
8/03,2382,國票-九鼎,0037003700390050,7,115,-108,0.37,10,sell
8/03,2382,國票-安和,003700370039005a,82,1,81,0.28,11,buy
8/03,2382,(牛牛牛)亞-鑫豐,0036003000310064,30,134,-104,0.35,11,sell
8/03,2382,群益金鼎-大甲,0039003100380067,82,8,74,0.25,12,buy
8/03,2382,台中銀,6110,3,106,-103,0.35,12,sell
8/03,2382,元大-基隆孝二,003900380036004b,69,10,59,0.2,13,buy
8/03,2382,統一-新竹,5857,8,105,-97,0.33,13,sell
8/03,2382,兆豐-新營,003700300030004b,60,4,56,0.19,14,buy
8/03,2382,大和國泰,8890,10,100,-90,0.31,14,sell
8/03,2382,第一金-忠孝,0035003300380044,57,2,55,0.19,15,buy
8/03,2382,群益金鼎,9100,161,241,-80,0.27,15,sell
8/03,2891,美商高盛,1480,5760,2068,3692,9.18,1,buy
8/03,2891,土銀,1030,2,4374,-4372,10.88,1,sell
8/03,2891,美林,1440,2875,369,2506,6.23,2,buy
8/03,2891,福邦證券,6480,0,3090,-3090,7.69,2,sell
8/03,2891,富邦證券,9600,4110,1633,2477,6.16,3,buy
8/03,2891,統一,5850,50,3045,-2995,7.45,3,sell
8/03,2891,摩根大通,8440,6972,4642,2330,5.8,4,buy
8/03,2891,花旗環球,1590,658,1961,-1303,3.24,4,sell
8/03,2891,凱基,9200,2616,324,2292,5.7,5,buy
8/03,2891,香港上海匯豐,8960,95,786,-691,1.72,5,sell
8/03,2891,元大證券,9800,5013,4071,942,2.34,6,buy
8/03,2891,永豐金證券,0039004100300030,1175,1747,-572,1.42,6,sell
8/03,2891,港商野村,1560,757,12,745,1.85,7,buy
8/03,2891,港商麥格理,1360,74,617,-543,1.35,7,sell
8/03,2891,新加坡商瑞銀,1650,855,351,504,1.25,8,buy
8/03,2891,永豐金-匯立,0039004100380031,465,758,-293,0.73,8,sell
8/03,2891,台灣摩根士丹利,1470,3002,2573,429,1.07,9,buy
8/03,2891,凱基-竹東,9273,20,298,-278,0.69,9,sell
8/03,2891,聯邦-雙和,8584,106,1,105,0.26,10,buy
8/03,2891,法銀巴黎,8900,156,421,-265,0.66,10,sell
8/03,2891,台新-新店,0039004200320032,101,20,81,0.2,11,buy
8/03,2891,台新-中原,0039004200320067,1,131,-130,0.32,11,sell
8/03,2891,元大-民雄,0039003800310056,80,0,80,0.2,12,buy
8/03,2891,元大-大天母,9893,0,113,-113,0.28,12,sell
8/03,2891,元大-四維,9831,76,9,67,0.17,13,buy
8/03,2891,永豐金-台中,003900410039004c,8,109,-101,0.25,13,sell
8/03,2891,國泰證券,8880,50,3,47,0.12,14,buy
8/03,2891,凱基-台北,9268,1958,2055,-97,0.24,14,sell
8/03,2891,兆豐-松德,0037003000300069,35,0,35,0.09,15,buy
8/03,2891,台新-嘉義,0039004200320049,9,93,-84,0.21,15,sell
8/03,2881,永豐金證券,0039004100300030,3804,1254,2550,11.54,1,buy
8/03,2881,台灣摩根士丹利,1470,1201,4205,-3004,13.6,1,sell
8/03,2881,元大證券,9800,3944,1691,2253,10.2,2,buy
8/03,2881,凱基-台北,9268,1284,3140,-1856,8.4,2,sell
8/03,2881,美商高盛,1480,2204,912,1292,5.85,3,buy
8/03,2881,摩根大通,8440,516,1366,-850,3.85,3,sell
8/03,2881,統一,5850,921,8,913,4.13,4,buy
8/03,2881,凱基,9200,9,815,-806,3.65,4,sell
8/03,2881,富邦證券,9600,862,166,696,3.15,5,buy
8/03,2881,玉山證券,8840,28,611,-583,2.64,5,sell
8/03,2881,兆豐-城中,0037003000300057,1046,876,170,0.77,6,buy
8/03,2881,花旗環球,1590,203,621,-418,1.89,6,sell
8/03,2881,美林,1440,801,639,162,0.73,7,buy
8/03,2881,香港上海匯豐,8960,57,374,-317,1.44,7,sell
8/03,2881,港商野村,1560,127,0,127,0.57,8,buy
8/03,2881,永豐金-匯立,0039004100380031,160,319,-159,0.72,8,sell
8/03,2881,(牛牛牛)亞-鑫豐,0036003000310064,620,519,101,0.46,9,buy
8/03,2881,法銀巴黎,8900,9,160,-151,0.68,9,sell
8/03,2881,台新-高雄,0039004200310067,111,13,98,0.44,10,buy
8/03,2881,新加坡商瑞銀,1650,607,735,-128,0.58,10,sell
8/03,2881,元大-大同,0039003800390047,63,0,63,0.29,11,buy
8/03,2881,華南永昌-民權,9312,0,100,-100,0.45,11,sell
8/03,2881,台新-中原,0039004200320067,50,1,49,0.22,12,buy
8/03,2881,永豐金-台中,003900410039004c,4,73,-69,0.31,12,sell
8/03,2881,凱基-竹科,9272,51,2,49,0.22,13,buy
8/03,2881,凱基-站前,0039003200300046,4,70,-66,0.3,13,sell
8/03,2881,富邦-岡山,9616,41,0,41,0.19,14,buy
8/03,2881,元大-雙和,9874,6,71,-65,0.29,14,sell
8/03,2881,富邦-建國,9658,55,16,39,0.18,15,buy
8/03,2881,華南永昌-高雄,9303,1,43,-42,0.19,15,sell
8/03,2882,元大證券,9800,7120,3995,3125,12.1,1,buy
8/03,2882,台灣摩根士丹利,1470,140,2954,-2814,10.89,1,sell
8/03,2882,富邦證券,9600,1274,96,1178,4.56,2,buy
8/03,2882,凱基-台北,9268,585,1853,-1268,4.91,2,sell
8/03,2882,統一,5850,1017,5,1012,3.92,3,buy
8/03,2882,花旗環球,1590,329,1355,-1026,3.97,3,sell
8/03,2882,國票-敦北法人,0037003700390063,936,2,934,3.62,4,buy
8/03,2882,新加坡商瑞銀,1650,742,1510,-768,2.97,4,sell
8/03,2882,(牛牛牛)亞證券,6010,933,0,933,3.61,5,buy
8/03,2882,永豐金-新莊,0039004100390048,52,504,-452,1.75,5,sell
8/03,2882,美商高盛,1480,1844,959,885,3.43,6,buy
8/03,2882,香港上海匯豐,8960,56,418,-362,1.4,6,sell
8/03,2882,永豐金證券,0039004100300030,788,372,416,1.61,7,buy
8/03,2882,凱基,9200,15,272,-257,0.99,7,sell
8/03,2882,國泰證券,8880,400,8,392,1.52,8,buy
8/03,2882,法銀巴黎,8900,3,242,-239,0.93,8,sell
8/03,2882,聯邦-雙和,8584,300,0,300,1.16,9,buy
8/03,2882,美林,1440,976,1201,-225,0.87,9,sell
8/03,2882,港商麥格理,1360,241,0,241,0.93,10,buy
8/03,2882,康和,8450,0,200,-200,0.77,10,sell
8/03,2882,兆豐-寶成,0037003000300072,204,13,191,0.74,11,buy
8/03,2882,摩根大通,8440,1454,1638,-184,0.71,11,sell
8/03,2882,元大-蘆洲中正,0039003800390049,150,3,147,0.57,12,buy
8/03,2882,港商野村,1560,19,178,-159,0.62,12,sell
8/03,2882,合庫-自強,0031003000320043,205,60,145,0.56,13,buy
8/03,2882,富邦-建國,9658,10,165,-155,0.6,13,sell
8/03,2882,合庫-台南,1022,107,8,99,0.38,14,buy
8/03,2882,群益金鼎,9100,59,198,-139,0.54,14,sell
8/03,2882,中國信託-文心,6164,101,5,96,0.37,15,buy
8/03,2882,國泰-館前,0038003800380041,27,150,-123,0.48,15,sell
8/03,2303,元大證券,9800,43647,37695,5952,1.6,1,buy
8/03,2303,美商高盛,1480,7669,34355,-26686,7.16,1,sell
8/03,2303,康和,8450,3799,61,3738,1.0,2,buy
8/03,2303,台灣摩根士丹利,1470,2291,20809,-18518,4.97,2,sell
8/03,2303,國泰-敦南,8888,8157,4478,3679,0.99,3,buy
8/03,2303,富邦證券,9600,10650,29053,-18403,4.94,3,sell
8/03,2303,永豐金證券,0039004100300030,5166,1759,3407,0.91,4,buy
8/03,2303,元大-土城永寧,9875,249,16746,-16497,4.43,4,sell
8/03,2303,華南永昌,9300,2991,806,2185,0.59,5,buy
8/03,2303,摩根大通,8440,28339,40076,-11737,3.15,5,sell
8/03,2303,香港上海匯豐,8960,2501,531,1970,0.53,6,buy
8/03,2303,凱基-台北,9268,26442,33961,-7519,2.02,6,sell
8/03,2303,臺銀,1040,2121,186,1935,0.52,7,buy
8/03,2303,新加坡商瑞銀,1650,13677,21097,-7420,1.99,7,sell
8/03,2303,國泰證券,8880,2081,285,1796,0.48,8,buy
8/03,2303,統一,5850,1417,6548,-5131,1.38,8,sell
8/03,2303,富邦-桃園,9665,1961,184,1777,0.48,9,buy
8/03,2303,美林,1440,4144,8303,-4159,1.12,9,sell
8/03,2303,大和國泰,8890,1553,0,1553,0.42,10,buy
8/03,2303,元大-松江,9801,292,3783,-3491,0.94,10,sell
8/03,2303,統一-仁愛,0035003800350063,1455,33,1422,0.38,11,buy
8/03,2303,花旗環球,1590,575,3481,-2906,0.78,11,sell
8/03,2303,福邦證券,6480,1421,1,1420,0.38,12,buy
8/03,2303,國票-安和,003700370039005a,599,2942,-2343,0.63,12,sell
8/03,2303,永豐金-信義,0039004100390052,1334,78,1256,0.34,13,buy
8/03,2303,凱基-信義,9216,233,2533,-2300,0.62,13,sell
8/03,2303,新光,8560,2186,1175,1011,0.27,14,buy
8/03,2303,元大-士林,003900380031006a,520,2030,-1510,0.41,14,sell
8/03,2303,臺銀-民權,1043,1000,57,943,0.25,15,buy
8/03,2303,港商野村,1560,636,1529,-893,0.24,15,sell
8/03,3711,港商麥格理,1360,2886,153,2733,16.1,1,buy
8/03,3711,美商高盛,1480,661,1706,-1045,6.16,1,sell
8/03,3711,永豐金-匯立,0039004100380031,1875,64,1811,10.67,2,buy
8/03,3711,國票-安和,003700370039005a,25,511,-486,2.86,2,sell
8/03,3711,台新-台北,0039004200320030,1680,55,1625,9.57,3,buy
8/03,3711,群益金鼎,9100,87,406,-319,1.88,3,sell
8/03,3711,摩根大通,8440,1479,356,1123,6.61,4,buy
8/03,3711,富邦-仁愛,9676,2,320,-318,1.87,4,sell
8/03,3711,美林,1440,982,274,708,4.17,5,buy
8/03,3711,凱基-城中,9227,32,315,-283,1.67,5,sell
8/03,3711,台灣摩根士丹利,1470,995,533,462,2.72,6,buy
8/03,3711,永豐金-虎尾,0039004100390062,0,276,-276,1.63,6,sell
8/03,3711,新加坡商瑞銀,1650,1114,666,448,2.64,7,buy
8/03,3711,港商野村,1560,208,437,-229,1.35,7,sell
8/03,3711,大和國泰,8890,259,0,259,1.53,8,buy
8/03,3711,凱基-台北,9268,221,403,-182,1.07,8,sell
8/03,3711,中國信託,6160,250,35,215,1.27,9,buy
8/03,3711,富邦證券,9600,586,755,-169,1.0,9,sell
8/03,3711,元大證券,9800,1259,1103,156,0.92,10,buy
8/03,3711,永豐金證券,0039004100300030,166,326,-160,0.94,10,sell
8/03,3711,國票-敦北法人,0037003700390063,100,5,95,0.56,11,buy
8/03,3711,國泰-敦南,8888,33,188,-155,0.91,11,sell
8/03,3711,國票證券,7790,93,6,87,0.51,12,buy
8/03,3711,凱基-中港,9202,28,173,-145,0.85,12,sell
8/03,3711,台中銀,6110,70,7,63,0.37,13,buy
8/03,3711,香港上海匯豐,8960,1,145,-144,0.85,13,sell
8/03,3711,法銀巴黎,8900,45,6,39,0.23,14,buy
8/03,3711,元大-土城永寧,9875,0,137,-137,0.81,14,sell
8/03,3711,群益金鼎-西松,9136,36,2,34,0.2,15,buy
8/03,3711,元大-中崙,9813,0,131,-131,0.77,15,sell
8/03,2603,新加坡商瑞銀,1650,1584,244,1340,16.83,1,buy
8/03,2603,群益金鼎,9100,101,817,-716,8.99,1,sell
8/03,2603,美商高盛,1480,1092,155,937,11.77,2,buy
8/03,2603,富邦證券,9600,21,204,-183,2.3,2,sell
8/03,2603,台灣摩根士丹利,1470,1081,177,904,11.35,3,buy
8/03,2603,元大-大同,0039003800390047,0,124,-124,1.56,3,sell
8/03,2603,摩根大通,8440,531,124,407,5.11,4,buy
8/03,2603,統一-新竹,5857,1,105,-104,1.31,4,sell
8/03,2603,兆豐-大同,0037003000300053,355,0,355,4.46,5,buy
8/03,2603,國泰-館前,0038003800380041,0,103,-103,1.29,5,sell
8/03,2603,永豐金-中正,0039004100390055,272,14,258,3.24,6,buy
8/03,2603,台灣企銀-岡山,1119,0,102,-102,1.28,6,sell
8/03,2603,元大證券,9800,470,219,251,3.15,7,buy
8/03,2603,第一金-安和,003500330038006a,1,102,-101,1.27,7,sell
8/03,2603,永豐金證券,0039004100300030,283,107,176,2.21,8,buy
8/03,2603,陽信,8710,1,100,-99,1.24,8,sell
8/03,2603,凱基-台北,9268,350,216,134,1.68,9,buy
8/03,2603,美林,1440,13,96,-83,1.04,9,sell
8/03,2603,花旗環球,1590,194,66,128,1.61,10,buy
8/03,2603,國泰-敦南,8888,50,131,-81,1.02,10,sell
8/03,2603,合庫-高雄,1023,131,8,123,1.54,11,buy
8/03,2603,統一-新台中,0035003800350044,2,83,-81,1.02,11,sell
8/03,2603,台新-新興,003900420032006f,68,13,55,0.69,12,buy
8/03,2603,國泰-板橋,003800380038004b,24,104,-80,1.0,12,sell
8/03,2603,法銀巴黎,8900,62,9,53,0.67,13,buy
8/03,2603,新光,8560,18,90,-72,0.9,13,sell
8/03,2603,永豐金-中和,0039004100390042,50,0,50,0.63,14,buy
8/03,2603,台新-草屯,0039004200320058,0,70,-70,0.88,14,sell
8/03,2603,港商麥格理,1360,60,17,43,0.54,15,buy
8/03,2603,新百王,6210,0,55,-55,0.69,15,sell
8/03,2609,美商高盛,1480,2001,247,1754,15.06,1,buy
8/03,2609,富邦證券,9600,596,1227,-631,5.42,1,sell
8/03,2609,摩根大通,8440,556,53,503,4.32,2,buy
8/03,2609,台灣摩根士丹利,1470,1723,2283,-560,4.81,2,sell
8/03,2609,元大證券,9800,619,241,378,3.25,3,buy
8/03,2609,美林,1440,17,284,-267,2.29,3,sell
8/03,2609,新加坡商瑞銀,1650,594,493,101,0.87,4,buy
8/03,2609,永豐金-中和,0039004100390042,6,220,-214,1.84,4,sell
8/03,2609,富邦-新莊,0039003600320044,84,1,83,0.71,5,buy
8/03,2609,國泰-敦南,8888,70,165,-95,0.82,5,sell
8/03,2609,凱基-台北,9268,977,907,70,0.6,6,buy
8/03,2609,元大-蘆洲,9857,29,106,-77,0.66,6,sell
8/03,2609,元大-板橋,0039003800390043,68,0,68,0.58,7,buy
8/03,2609,永豐金證券,0039004100300030,28,104,-76,0.65,7,sell
8/03,2609,光和-田中,6382,61,0,61,0.52,8,buy
8/03,2609,華南永昌-岡山,9324,3,69,-66,0.57,8,sell
8/03,2609,新光,8560,70,19,51,0.44,9,buy
8/03,2609,港商麥格理,1360,0,66,-66,0.57,9,sell
8/03,2609,元大-府城,0039003800300075,39,1,38,0.33,10,buy
8/03,2609,香港上海匯豐,8960,10,76,-66,0.57,10,sell
8/03,2609,華南永昌,9300,38,3,35,0.3,11,buy
8/03,2609,臺銀-金山,0031003000340044,2,60,-58,0.5,11,sell
8/03,2609,臺銀-臺南,1042,41,7,34,0.29,12,buy
8/03,2609,元大-淡水,9899,3,50,-47,0.4,12,sell
8/03,2609,中國信託-中壢,0036003100360041,30,2,28,0.24,13,buy
8/03,2609,國泰-桃園,8885,15,61,-46,0.4,13,sell
8/03,2609,凱基-鳳山,9274,48,21,27,0.23,14,buy
8/03,2609,元大-木柵,003900380033004d,0,44,-44,0.38,14,sell
8/03,2609,富邦-高雄,9659,50,24,26,0.22,15,buy
8/03,2609,台新-屏東,003900420031006e,0,41,-41,0.35,15,sell
8/03,2615,台灣摩根士丹利,1470,1087,52,1035,15.55,1,buy
8/03,2615,第一金-桃園,5385,0,453,-453,6.81,1,sell
8/03,2615,美商高盛,1480,889,73,816,12.26,2,buy
8/03,2615,凱基-台北,9268,360,583,-223,3.35,2,sell
8/03,2615,元大證券,9800,868,273,595,8.94,3,buy
8/03,2615,元大-台北,0039003800300068,0,147,-147,2.21,3,sell
8/03,2615,美林,1440,179,3,176,2.64,4,buy
8/03,2615,玉山-台南,8847,1,125,-124,1.86,4,sell
8/03,2615,摩根大通,8440,231,101,130,1.95,5,buy
8/03,2615,第一金,5380,0,120,-120,1.8,5,sell
8/03,2615,花旗環球,1590,155,52,103,1.55,6,buy
8/03,2615,元大-員林中山,9835,2,111,-109,1.64,6,sell
8/03,2615,陽信-石牌,8711,100,3,97,1.46,7,buy
8/03,2615,富邦證券,9600,196,300,-104,1.56,7,sell
8/03,2615,法銀巴黎,8900,107,22,85,1.28,8,buy
8/03,2615,光和,6380,0,101,-101,1.52,8,sell
8/03,2615,宏遠證券,1260,80,1,79,1.19,9,buy
8/03,2615,凱基,9200,6,64,-58,0.87,9,sell
8/03,2615,新加坡商瑞銀,1650,164,101,63,0.95,10,buy
8/03,2615,兆豐-桃園,003700300030004d,6,61,-55,0.83,10,sell
8/03,2615,合庫-高雄,1023,64,6,58,0.87,11,buy
8/03,2615,合庫證券,1020,1,51,-50,0.75,11,sell
8/03,2615,群益金鼎-宜蘭,003900310038007a,50,2,48,0.72,12,buy
8/03,2615,第一金-安和,003500330038006a,0,50,-50,0.75,12,sell
8/03,2615,群益金鼎-嘉義,003900310038004d,44,1,43,0.65,13,buy
8/03,2615,國票-台中,0037003700390076,1,50,-49,0.74,13,sell
8/03,2615,國泰-館前,0038003800380041,56,14,42,0.63,14,buy
8/03,2615,國泰-台中,8882,9,57,-48,0.72,14,sell
8/03,2615,富邦-員林,9672,39,1,38,0.57,15,buy
8/03,2615,國泰-敦南,8888,57,102,-45,0.68,15,sell
8/03,2618,富邦證券,9600,7240,4,7236,17.96,1,buy
8/03,2618,元大-松江,9801,31,10013,-9982,24.77,1,sell
8/03,2618,台灣摩根士丹利,1470,6547,1488,5059,12.55,2,buy
8/03,2618,永豐金證券,0039004100300030,643,2648,-2005,4.98,2,sell
8/03,2618,元大證券,9800,5314,2950,2364,5.87,3,buy
8/03,2618,國泰證券,8880,6,1850,-1844,4.58,3,sell
8/03,2618,新加坡商瑞銀,1650,2612,618,1994,4.95,4,buy
8/03,2618,凱基,9200,13,1474,-1461,3.63,4,sell
8/03,2618,摩根大通,8440,5777,3895,1882,4.67,5,buy
8/03,2618,國票-敦北法人,0037003700390063,1,505,-504,1.25,5,sell
8/03,2618,花旗環球,1590,1219,175,1044,2.59,6,buy
8/03,2618,美林,1440,244,637,-393,0.98,6,sell
8/03,2618,永豐金-內湖,0039004100390067,302,20,282,0.7,7,buy
8/03,2618,新光,8560,151,513,-362,0.9,7,sell
8/03,2618,第一金-新竹,0035003300380042,132,1,131,0.33,8,buy
8/03,2618,凱基-站前,0039003200300046,18,230,-212,0.53,8,sell
8/03,2618,統一-敦南,5852,173,46,127,0.32,9,buy
8/03,2618,元大-佳里,0039003800310065,8,173,-165,0.41,9,sell
8/03,2618,國票-安和,003700370039005a,100,0,100,0.25,10,buy
8/03,2618,國泰-敦南,8888,240,402,-162,0.4,10,sell
8/03,2618,國票-南京,003700370039006e,102,3,99,0.25,11,buy
8/03,2618,台新-中港,0039004200320069,5,134,-129,0.32,11,sell
8/03,2618,台新-新營,0039004200310031,125,40,85,0.21,12,buy
8/03,2618,國泰-忠孝,8887,0,102,-102,0.25,12,sell
8/03,2618,群益金鼎-新莊,0039003100380047,132,57,75,0.19,13,buy
8/03,2618,元大-鳳中,0039003800350043,5,105,-100,0.25,13,sell
8/03,2618,元大-鳳山,003900380033005a,73,3,70,0.17,14,buy
8/03,2618,香港上海匯豐,8960,21,117,-96,0.24,14,sell
8/03,2618,亞東,2180,69,4,65,0.16,15,buy
8/03,2618,第一金-華江,0035003300380057,7,100,-93,0.23,15,sell
8/03,3037,台灣摩根士丹利,1470,2109,1295,814,3.61,1,buy
8/03,3037,元大證券,9800,1560,1959,-399,1.77,1,sell
8/03,3037,摩根大通,8440,943,132,811,3.6,2,buy
8/03,3037,美林,1440,572,911,-339,1.5,2,sell
8/03,3037,宏遠證券,1260,785,11,774,3.43,3,buy
8/03,3037,兆豐證券,7000,116,401,-285,1.26,3,sell
8/03,3037,富邦證券,9600,2085,1418,667,2.96,4,buy
8/03,3037,花旗環球,1590,11,240,-229,1.02,4,sell
8/03,3037,美商高盛,1480,1385,761,624,2.77,5,buy
8/03,3037,元大-土城永寧,9875,132,354,-222,0.98,5,sell
8/03,3037,台新-台北,0039004200320030,1044,422,622,2.76,6,buy
8/03,3037,國泰-敦南,8888,295,476,-181,0.8,6,sell
8/03,3037,華南永昌,9300,540,67,473,2.1,7,buy
8/03,3037,凱基-台北,9268,1127,1284,-157,0.7,7,sell
8/03,3037,國票-敦北法人,0037003700390063,393,22,371,1.65,8,buy
8/03,3037,永豐金-匯立,0039004100380031,12,160,-148,0.66,8,sell
8/03,3037,新加坡商瑞銀,1650,1031,684,347,1.54,9,buy
8/03,3037,新光,8560,58,203,-145,0.64,9,sell
8/03,3037,群益金鼎-台北,0039003100380058,347,6,341,1.51,10,buy
8/03,3037,凱基-竹科,9272,5,143,-138,0.61,10,sell
8/03,3037,國泰證券,8880,432,115,317,1.41,11,buy
8/03,3037,華南永昌-竹北,9339,1,133,-132,0.59,11,sell
8/03,3037,凱基,9200,348,56,292,1.3,12,buy
8/03,3037,元大-北屯,0039003800390064,5,98,-93,0.41,12,sell
8/03,3037,凱基-站前,0039003200300046,1089,811,278,1.23,13,buy
8/03,3037,永豐金-忠孝,0039004100390044,50,141,-91,0.4,13,sell
8/03,3037,凱基-信義,9216,174,6,168,0.75,14,buy
8/03,3037,富邦-竹科,0039003600320043,6,89,-83,0.37,14,sell
8/03,3037,大和國泰,8890,160,0,160,0.71,15,buy
8/03,3037,香港上海匯豐,8960,3,74,-71,0.31,15,sell
8/03,2345,國票-敦北法人,0037003700390063,459,1,458,12.29,1,buy
8/03,2345,台灣摩根士丹利,1470,35,611,-576,15.45,1,sell
8/03,2345,新加坡商瑞銀,1650,401,186,215,5.77,2,buy
8/03,2345,摩根大通,8440,66,207,-141,3.78,2,sell
8/03,2345,富邦證券,9600,248,40,208,5.58,3,buy
8/03,2345,美商高盛,1480,136,262,-126,3.38,3,sell
8/03,2345,永豐金-匯立,0039004100380031,175,17,158,4.24,4,buy
8/03,2345,元大證券,9800,286,357,-71,1.9,4,sell
8/03,2345,凱基-城中,9227,122,1,121,3.25,5,buy
8/03,2345,群益金鼎,9100,41,105,-64,1.72,5,sell
8/03,2345,國票-安和,003700370039005a,74,1,73,1.96,6,buy
8/03,2345,富邦-仁愛,9676,4,66,-62,1.66,6,sell
8/03,2345,統一-城中,5854,64,1,63,1.69,7,buy
8/03,2345,國泰證券,8880,11,63,-52,1.39,7,sell
8/03,2345,永豐金-萬盛,0039004100390032,60,0,60,1.61,8,buy
8/03,2345,花旗環球,1590,12,62,-50,1.34,8,sell
8/03,2345,凱基-台北,9268,272,212,60,1.61,9,buy
8/03,2345,永豐金證券,0039004100300030,32,72,-40,1.07,9,sell
8/03,2345,凱基,9200,73,24,49,1.31,10,buy
8/03,2345,美林,1440,189,216,-27,0.72,10,sell
8/03,2345,大和國泰,8890,70,40,30,0.8,11,buy
8/03,2345,合庫證券,1020,2,28,-26,0.7,11,sell
8/03,2345,台新,0039004200300030,51,25,26,0.7,12,buy
8/03,2345,康和-仁愛,0038003400350046,35,60,-25,0.67,12,sell
8/03,2345,港商麥格理,1360,35,10,25,0.67,13,buy
8/03,2345,國泰-敦南,8888,17,30,-13,0.35,13,sell
8/03,2345,元大-員林中山,9835,21,0,21,0.56,14,buy
8/03,2345,港商野村,1560,54,65,-11,0.3,14,sell
8/03,2345,統一,5850,107,89,18,0.48,15,buy
8/03,2345,中國信託-忠孝,6162,0,10,-10,0.27,15,sell
8/03,3006,台灣摩根士丹利,1470,1043,5,1038,18.38,1,buy
8/03,3006,元大-新莊,9898,0,152,-152,2.69,1,sell
8/03,3006,摩根大通,8440,528,177,351,6.22,2,buy
8/03,3006,群益金鼎-大甲,0039003100380067,0,144,-144,2.55,2,sell
8/03,3006,統一,5850,365,30,335,5.93,3,buy
8/03,3006,國票-台中,0037003700390076,0,141,-141,2.5,3,sell
8/03,3006,港商野村,1560,349,21,328,5.81,4,buy
8/03,3006,永豐金-古亭,0039004100390064,0,102,-102,1.81,4,sell
8/03,3006,富邦-陽明,9604,201,10,191,3.38,5,buy
8/03,3006,永豐金-埔里,0039004100370039,0,100,-100,1.77,5,sell
8/03,3006,群益金鼎,9100,152,15,137,2.43,6,buy
8/03,3006,國泰-敦南,8888,26,119,-93,1.65,6,sell
8/03,3006,富邦-建國,9658,142,18,124,2.2,7,buy
8/03,3006,華南永昌-南京,9326,0,85,-85,1.51,7,sell
8/03,3006,凱基-台北,9268,325,229,96,1.7,8,buy
8/03,3006,元大-內湖民權,9867,1,65,-64,1.13,8,sell
8/03,3006,華南永昌,9300,102,10,92,1.63,9,buy
8/03,3006,國泰證券,8880,6,66,-60,1.06,9,sell
8/03,3006,元大證券,9800,437,360,77,1.36,10,buy
8/03,3006,富邦-台北,9623,1,51,-50,0.89,10,sell
8/03,3006,美商高盛,1480,143,71,72,1.28,11,buy
8/03,3006,永豐金證券,0039004100300030,5,45,-40,0.71,11,sell
8/03,3006,凱基,9200,75,5,70,1.24,12,buy
8/03,3006,國泰-板橋,003800380038004b,8,45,-37,0.66,12,sell
8/03,3006,國票-安和,003700370039005a,111,43,68,1.2,13,buy
8/03,3006,元大-彰化,0039003800310047,0,34,-34,0.6,13,sell
8/03,3006,凱基-站前,0039003200300046,93,48,45,0.8,14,buy
8/03,3006,元大-樹林,003900380039006a,1,32,-31,0.55,14,sell
8/03,3006,美林,1440,41,6,35,0.62,15,buy
8/03,3006,康和-高雄,003800340035004a,0,29,-29,0.51,15,sell
8/03,2379,美商高盛,1480,702,202,500,8.81,1,buy
8/03,2379,新加坡商瑞銀,1650,441,864,-423,7.45,1,sell
8/03,2379,台灣摩根士丹利,1470,802,351,451,7.95,2,buy
8/03,2379,法銀巴黎,8900,12,283,-271,4.78,2,sell
8/03,2379,臺銀,1040,222,15,207,3.65,3,buy
8/03,2379,凱基-台北,9268,426,578,-152,2.68,3,sell
8/03,2379,美林,1440,226,99,127,2.24,4,buy
8/03,2379,凱基,9200,4,117,-113,1.99,4,sell
8/03,2379,富邦證券,9600,135,70,65,1.15,5,buy
8/03,2379,花旗環球,1590,45,93,-48,0.85,5,sell
8/03,2379,港商麥格理,1360,50,10,40,0.7,6,buy
8/03,2379,國泰-敦南,8888,70,97,-27,0.48,6,sell
8/03,2379,統一,5850,37,2,35,0.62,7,buy
8/03,2379,港商野村,1560,28,52,-24,0.42,7,sell
8/03,2379,富邦-南屯,9666,32,0,32,0.56,8,buy
8/03,2379,凱基-竹科,9272,1,22,-21,0.37,8,sell
8/03,2379,台新-安南,003900420032005a,30,0,30,0.53,9,buy
8/03,2379,第一金-大稻埕,0035003300380046,1,21,-20,0.35,9,sell
8/03,2379,華南永昌-中正,9359,30,0,30,0.53,10,buy
8/03,2379,香港上海匯豐,8960,2,21,-19,0.33,10,sell
8/03,2379,元大證券,9800,425,400,25,0.44,11,buy
8/03,2379,元大-民雄,0039003800310056,20,38,-18,0.32,11,sell
8/03,2379,富邦-台北,9623,31,7,24,0.42,12,buy
8/03,2379,永豐金-匯立,0039004100380031,0,18,-18,0.32,12,sell
8/03,2379,永豐金證券,0039004100300030,129,115,14,0.25,13,buy
8/03,2379,中國信託-文心,6164,0,13,-13,0.23,13,sell
8/03,2379,台新-松德,0039004200320061,15,3,12,0.21,14,buy
8/03,2379,元大-竹科,003900380030004b,4,17,-13,0.23,14,sell
8/03,2379,元大-文心興安,9854,13,2,11,0.19,15,buy
8/03,2379,富邦-新竹,9647,18,29,-11,0.19,15,sell
8/03,3034,摩根大通,8440,746,156,590,17.13,1,buy
8/03,3034,凱基-台北,9268,150,555,-405,11.76,1,sell
8/03,3034,美林,1440,344,27,317,9.2,2,buy
8/03,3034,富邦證券,9600,4,308,-304,8.82,2,sell
8/03,3034,港商野村,1560,197,7,190,5.52,3,buy
8/03,3034,台灣摩根士丹利,1470,175,369,-194,5.63,3,sell
8/03,3034,法銀巴黎,8900,123,6,117,3.4,4,buy
8/03,3034,美商高盛,1480,148,312,-164,4.76,4,sell
8/03,3034,第一金-新竹,0035003300380042,23,1,22,0.64,5,buy
8/03,3034,港商麥格理,1360,7,171,-164,4.76,5,sell
8/03,3034,宏遠-新化,0031003200360058,20,0,20,0.58,6,buy
8/03,3034,花旗環球,1590,46,72,-26,0.75,6,sell
8/03,3034,國泰-台南,8884,11,0,11,0.32,7,buy
8/03,3034,新加坡商瑞銀,1650,87,113,-26,0.75,7,sell
8/03,3034,元大證券,9800,324,313,11,0.32,8,buy
8/03,3034,康和,8450,3,25,-22,0.64,8,sell
8/03,3034,國票-敦北法人,0037003700390063,12,2,10,0.29,9,buy
8/03,3034,凱基,9200,1,15,-14,0.41,9,sell
8/03,3034,國泰-館前,0038003800380041,11,1,10,0.29,10,buy
8/03,3034,華南永昌,9300,19,32,-13,0.38,10,sell
8/03,3034,群益金鼎,9100,35,26,9,0.26,11,buy
8/03,3034,國泰-敦南,8888,15,27,-12,0.35,11,sell
8/03,3034,玉山-城中,0038003800340045,13,4,9,0.26,12,buy
8/03,3034,元大-南投,0039003800310044,0,11,-11,0.32,12,sell
8/03,3034,合庫-新竹,0031003000320041,13,4,9,0.26,13,buy
8/03,3034,台新-松德,0039004200320061,2,13,-11,0.32,13,sell
8/03,3034,國泰-板橋,003800380038004b,17,9,8,0.23,14,buy
8/03,3034,新光-台中,8561,0,7,-7,0.2,14,sell
8/03,3034,台新-府城,0039004200320039,9,2,7,0.2,15,buy
8/03,3034,凱基-高美館,9215,3,9,-6,0.17,15,sell
8/03,2412,美商高盛,1480,1677,24,1653,15.71,1,buy
8/03,2412,凱基-台北,9268,74,1520,-1446,13.75,1,sell
8/03,2412,新加坡商瑞銀,1650,1305,122,1183,11.25,2,buy
8/03,2412,元大證券,9800,383,1085,-702,6.67,2,sell
8/03,2412,台灣摩根士丹利,1470,777,348,429,4.08,3,buy
8/03,2412,台新-城東,0039004200320072,3,502,-499,4.74,3,sell
8/03,2412,美林,1440,619,289,330,3.14,4,buy
8/03,2412,臺銀,1040,13,502,-489,4.65,4,sell
8/03,2412,永豐金-內湖,0039004100390067,107,3,104,0.99,5,buy
8/03,2412,凱基,9200,6,454,-448,4.26,5,sell
8/03,2412,富邦證券,9600,91,3,88,0.84,6,buy
8/03,2412,花旗環球,1590,7,421,-414,3.94,6,sell
8/03,2412,中國信託,6160,88,1,87,0.83,7,buy
8/03,2412,土銀-台中,1031,10,380,-370,3.52,7,sell
8/03,2412,土銀-高雄,1033,74,2,72,0.68,8,buy
8/03,2412,群益金鼎-南京,0039003100380045,17,378,-361,3.43,8,sell
8/03,2412,永豐金證券,0039004100300030,124,60,64,0.61,9,buy
8/03,2412,摩根大通,8440,780,1103,-323,3.07,9,sell
8/03,2412,玉山證券,8840,85,22,63,0.6,10,buy
8/03,2412,土銀,1030,3,300,-297,2.82,10,sell
8/03,2412,統一-台南,5855,58,8,50,0.48,11,buy
8/03,2412,富邦-建國,9658,12,190,-178,1.69,11,sell
8/03,2412,永豐金-台中,003900410039004c,49,0,49,0.47,12,buy
8/03,2412,香港上海匯豐,8960,22,166,-144,1.37,12,sell
8/03,2412,群益金鼎-東湖,003900310038004b,88,40,48,0.46,13,buy
8/03,2412,華南永昌,9300,1,100,-99,0.94,13,sell
8/03,2412,台新,0039004200300030,49,2,47,0.45,14,buy
8/03,2412,法銀巴黎,8900,9,88,-79,0.75,14,sell
8/03,2412,臺銀-金山,0031003000340044,49,6,43,0.41,15,buy
8/03,2412,國票-九鼎,0037003700390050,1,60,-59,0.56,15,sell
8/03,2884,玉山證券,8840,4451,103,4348,10.37,1,buy
8/03,2884,摩根大通,8440,1401,9297,-7896,18.83,1,sell
8/03,2884,新加坡商瑞銀,1650,6114,1876,4238,10.11,2,buy
8/03,2884,美商高盛,1480,2917,4382,-1465,3.49,2,sell
8/03,2884,花旗環球,1590,4889,1578,3311,7.9,3,buy
8/03,2884,台灣摩根士丹利,1470,272,1546,-1274,3.04,3,sell
8/03,2884,台新-建北,0039004200310038,2805,3,2802,6.68,4,buy
8/03,2884,台新-高雄,0039004200310067,30,1038,-1008,2.4,4,sell
8/03,2884,元大證券,9800,5467,3768,1699,4.05,5,buy
8/03,2884,台新-新興,003900420032006f,2,686,-684,1.63,5,sell
8/03,2884,統一,5850,1011,18,993,2.37,6,buy
8/03,2884,香港上海匯豐,8960,116,616,-500,1.19,6,sell
8/03,2884,兆豐證券,7000,406,8,398,0.95,7,buy
8/03,2884,群益金鼎,9100,95,588,-493,1.18,7,sell
8/03,2884,凱基-台北,9268,3200,3048,152,0.36,8,buy
8/03,2884,法銀巴黎,8900,0,457,-457,1.09,8,sell
8/03,2884,港商野村,1560,617,472,145,0.35,9,buy
8/03,2884,美林,1440,2249,2562,-313,0.75,9,sell
8/03,2884,富邦證券,9600,417,291,126,0.3,10,buy
8/03,2884,玉山-新莊,8842,5,306,-301,0.72,10,sell
8/03,2884,群益金鼎-永和,003900310038004a,94,3,91,0.22,11,buy
8/03,2884,兆豐-寶成,0037003000300072,0,231,-231,0.55,11,sell
8/03,2884,國泰證券,8880,95,4,91,0.22,12,buy
8/03,2884,永豐金證券,0039004100300030,554,781,-227,0.54,12,sell
8/03,2884,富邦-頭份,0039003600320050,110,21,89,0.21,13,buy
8/03,2884,凱基-站前,0039003200300046,3,161,-158,0.38,13,sell
8/03,2884,台新-三民,0039004200310033,62,0,62,0.15,14,buy
8/03,2884,元大-員林,9889,102,255,-153,0.36,14,sell
8/03,2884,元大-金華,9878,63,4,59,0.14,15,buy
8/03,2884,華南永昌,9300,13,151,-138,0.33,15,sell
8/03,2883,凱基,9200,5013,29,4984,8.52,1,buy
8/03,2883,兆豐證券,7000,0,4050,-4050,6.92,1,sell
8/03,2883,康和,8450,3155,55,3100,5.3,2,buy
8/03,2883,國票-敦北法人,0037003700390063,4,3483,-3479,5.94,2,sell
8/03,2883,台新,0039004200300030,4795,1814,2981,5.09,3,buy
8/03,2883,新加坡商瑞銀,1650,1029,4184,-3155,5.39,3,sell
8/03,2883,元大證券,9800,4482,2997,1485,2.54,4,buy
8/03,2883,永豐金證券,0039004100300030,1244,4273,-3029,5.18,4,sell
8/03,2883,美林,1440,2330,1347,983,1.68,5,buy
8/03,2883,花旗環球,1590,700,3187,-2487,4.25,5,sell
8/03,2883,凱基-竹東,9273,502,0,502,0.86,6,buy
8/03,2883,華南永昌,9300,52,2536,-2484,4.24,6,sell
8/03,2883,永豐金-台南,0039004100390068,344,29,315,0.54,7,buy
8/03,2883,凱基-台北,9268,2349,3651,-1302,2.22,7,sell
8/03,2883,兆豐-台中港,7005,463,149,314,0.54,8,buy
8/03,2883,香港上海匯豐,8960,532,1786,-1254,2.14,8,sell
8/03,2883,富邦-和美,0039003600310050,316,6,310,0.53,9,buy
8/03,2883,台灣摩根士丹利,1470,3526,4767,-1241,2.12,9,sell
8/03,2883,元大-大雅,0039003800330069,276,1,275,0.47,10,buy
8/03,2883,美商高盛,1480,2812,3669,-857,1.46,10,sell
8/03,2883,新光,8560,409,142,267,0.46,11,buy
8/03,2883,法銀巴黎,8900,38,425,-387,0.66,11,sell
8/03,2883,台新-信義,0039004200320048,450,191,259,0.44,12,buy
8/03,2883,永豐金-內湖,0039004100390067,195,455,-260,0.44,12,sell
8/03,2883,元大-路竹,0039003800310043,208,0,208,0.36,13,buy
8/03,2883,統一-敦南,5852,28,262,-234,0.4,13,sell
8/03,2883,第一金-中山,5389,200,20,180,0.31,14,buy
8/03,2883,元大-天母,0039003800310049,3,203,-200,0.34,14,sell
8/03,2883,國泰-敦南,8888,652,474,178,0.3,15,buy
8/03,2883,凱基-站前,0039003200300046,40,228,-188,0.32,15,sell
8/03,3231,台灣摩根士丹利,1470,9964,3363,6601,4.06,1,buy
8/03,3231,凱基-士林,9238,134,3503,-3369,2.07,1,sell
8/03,3231,元大證券,9800,26072,20822,5250,3.23,2,buy
8/03,3231,港商野村,1560,448,2838,-2390,1.47,2,sell
8/03,3231,新加坡商瑞銀,1650,6387,1605,4782,2.94,3,buy
8/03,3231,台灣企銀,1110,133,2326,-2193,1.35,3,sell
8/03,3231,群益金鼎,9100,4326,1318,3008,1.85,4,buy
8/03,3231,花旗環球,1590,491,1848,-1357,0.84,4,sell
8/03,3231,富邦證券,9600,4347,1803,2544,1.57,5,buy
8/03,3231,永豐金-敦北,0039004100380039,83,846,-763,0.47,5,sell
8/03,3231,美商高盛,1480,6291,4019,2272,1.4,6,buy
8/03,3231,台新,0039004200300030,1325,1963,-638,0.39,6,sell
8/03,3231,摩根大通,8440,4217,2219,1998,1.23,7,buy
8/03,3231,國泰-敦南,8888,4183,4741,-558,0.34,7,sell
8/03,3231,(牛牛牛)亞證券,6010,1338,2,1336,0.82,8,buy
8/03,3231,大昌-新店,6464,98,575,-477,0.29,8,sell
8/03,3231,國泰證券,8880,1471,473,998,0.61,9,buy
8/03,3231,國票-安和,003700370039005a,1647,2123,-476,0.29,9,sell
8/03,3231,統一,5850,1325,353,972,0.6,10,buy
8/03,3231,富邦-仁愛,9676,115,445,-330,0.2,10,sell
8/03,3231,宏遠證券,1260,999,56,943,0.58,11,buy
8/03,3231,永豐金證券,0039004100300030,1810,2104,-294,0.18,11,sell
8/03,3231,新光,8560,2224,1470,754,0.46,12,buy
8/03,3231,元大-大雅,0039003800330069,256,541,-285,0.18,12,sell
8/03,3231,群益金鼎-台北,0039003100380058,805,57,748,0.46,13,buy
8/03,3231,國泰-台中,8882,740,1011,-271,0.17,13,sell
8/03,3231,玉山證券,8840,869,329,540,0.33,14,buy
8/03,3231,永豐金-南投,003900410039004d,87,352,-265,0.16,14,sell
8/03,3231,富邦-嘉義,9692,1475,967,508,0.31,15,buy
8/03,3231,富邦-板橋,9655,537,799,-262,0.16,15,sell
8/03,5880,美商高盛,1480,2934,795,2139,6.94,1,buy
8/03,5880,凱基-台北,9268,1025,4315,-3290,10.67,1,sell
8/03,5880,土銀,1030,1652,1,1651,5.35,2,buy
8/03,5880,美林,1440,491,2217,-1726,5.6,2,sell
8/03,5880,摩根大通,8440,6113,4668,1445,4.69,3,buy
8/03,5880,華南永昌,9300,109,1089,-980,3.18,3,sell
8/03,5880,群益金鼎,9100,1407,2,1405,4.56,4,buy
8/03,5880,花旗環球,1590,241,1216,-975,3.16,4,sell
8/03,5880,元大-苗栗,003900380031004d,1252,9,1243,4.03,5,buy
8/03,5880,台灣摩根士丹利,1470,1351,1914,-563,1.83,5,sell
8/03,5880,新加坡商瑞銀,1650,1790,897,893,2.9,6,buy
8/03,5880,法銀巴黎,8900,0,463,-463,1.5,6,sell
8/03,5880,凱基-埔墘,9288,400,0,400,1.3,7,buy
8/03,5880,元大-南投,0039003800310044,12,450,-438,1.42,7,sell
8/03,5880,台新-新營,0039004200310031,214,0,214,0.69,8,buy
8/03,5880,凱基-東勢,0039003200310059,0,430,-430,1.39,8,sell
8/03,5880,元大證券,9800,1137,935,202,0.65,9,buy
8/03,5880,香港上海匯豐,8960,63,483,-420,1.36,9,sell
8/03,5880,永豐金-市政,0039004100390057,212,26,186,0.6,10,buy
8/03,5880,元大-新竹,9816,3,308,-305,0.99,10,sell
8/03,5880,玉山-雙和,8841,155,3,152,0.49,11,buy
8/03,5880,凱基-東港,9212,1,301,-300,0.97,11,sell
8/03,5880,富邦證券,9600,151,3,148,0.48,12,buy
8/03,5880,臺銀-臺南,1042,21,282,-261,0.85,12,sell
8/03,5880,元大-員林,9889,163,19,144,0.47,13,buy
8/03,5880,台新-屏新,0039004200320071,0,254,-254,0.82,13,sell
8/03,5880,華南永昌-高雄,9303,138,0,138,0.45,14,buy
8/03,5880,凱基-台南,9211,4,243,-239,0.77,14,sell
8/03,5880,港商野村,1560,126,1,125,0.41,15,buy
8/03,5880,永豐金證券,0039004100300030,47,281,-234,0.76,15,sell
8/03,2002,兆豐-新竹,0037003000300056,1008,0,1008,4.41,1,buy
8/03,2002,新加坡商瑞銀,1650,1013,3513,-2500,10.93,1,sell
8/03,2002,國票-安和,003700370039005a,401,2,399,1.74,2,buy
8/03,2002,摩根大通,8440,747,2358,-1611,7.05,2,sell
8/03,2002,永豐金-台南,0039004100390068,368,16,352,1.54,3,buy
8/03,2002,台灣摩根士丹利,1470,1813,2801,-988,4.32,3,sell
8/03,2002,(牛牛牛)亞-鑫豐,0036003000310064,312,13,299,1.31,4,buy
8/03,2002,永豐金證券,0039004100300030,41,766,-725,3.17,4,sell
8/03,2002,元大-屏東,9892,265,10,255,1.12,5,buy
8/03,2002,花旗環球,1590,440,970,-530,2.32,5,sell
8/03,2002,富邦-高雄,9659,241,5,236,1.03,6,buy
8/03,2002,元大-台南,9896,55,507,-452,1.98,6,sell
8/03,2002,第一金-桃園,5385,222,5,217,0.95,7,buy
8/03,2002,香港上海匯豐,8960,72,514,-442,1.93,7,sell
8/03,2002,群益金鼎-中港,9138,208,5,203,0.89,8,buy
8/03,2002,元大證券,9800,525,935,-410,1.79,8,sell
8/03,2002,臺銀,1040,171,1,170,0.74,9,buy
8/03,2002,凱基,9200,33,359,-326,1.43,9,sell
8/03,2002,華南永昌-長虹,9333,159,0,159,0.7,10,buy
8/03,2002,美林,1440,125,414,-289,1.26,10,sell
8/03,2002,新光,8560,166,14,152,0.66,11,buy
8/03,2002,國泰-敦南,8888,265,534,-269,1.18,11,sell
8/03,2002,兆豐證券,7000,148,4,144,0.63,12,buy
8/03,2002,元大-民雄,0039003800310056,4,253,-249,1.09,12,sell
8/03,2002,美商高盛,1480,1550,1418,132,0.58,13,buy
8/03,2002,兆豐-岡山,0037003000300073,4,204,-200,0.87,13,sell
8/03,2002,臺銀-高雄,0031003000340043,178,55,123,0.54,14,buy
8/03,2002,法銀巴黎,8900,15,196,-181,0.79,14,sell
8/03,2002,台新-高雄,0039004200310067,138,17,121,0.53,15,buy
8/03,2002,兆豐-北高雄,0037003000300049,26,149,-123,0.54,15,sell
8/03,2867,元大證券,9800,9021,1236,7785,38.34,1,buy
8/03,2867,兆豐-大同,0037003000300053,0,4000,-4000,19.7,1,sell
8/03,2867,台灣摩根士丹利,1470,1881,181,1700,8.37,2,buy
8/03,2867,凱基,9200,727,1967,-1240,6.11,2,sell
8/03,2867,永豐金證券,0039004100300030,1194,12,1182,5.82,3,buy
8/03,2867,美商高盛,1480,1541,2775,-1234,6.08,3,sell
8/03,2867,新加坡商瑞銀,1650,1097,75,1022,5.03,4,buy
8/03,2867,凱基-台北,9268,523,1606,-1083,5.33,4,sell
8/03,2867,統一,5850,969,70,899,4.43,5,buy
8/03,2867,臺銀-金山,0031003000340044,0,658,-658,3.24,5,sell
8/03,2867,花旗環球,1590,265,5,260,1.28,6,buy
8/03,2867,康和,8450,0,600,-600,2.96,6,sell
8/03,2867,統一-士林,003500380035004d,200,0,200,0.99,7,buy
8/03,2867,摩根大通,8440,0,524,-524,2.58,7,sell
8/03,2867,統一-員林,0035003800350049,140,0,140,0.69,8,buy
8/03,2867,新光,8560,6,481,-475,2.34,8,sell
8/03,2867,美好-蘆洲,5261,120,5,115,0.57,9,buy
8/03,2867,統一-東湖,0035003800350052,0,439,-439,2.16,9,sell
8/03,2867,國泰-敦南,8888,237,129,108,0.53,10,buy
8/03,2867,統一-三多,0035003800350051,0,308,-308,1.52,10,sell
8/03,2867,元大-中壢,9834,62,4,58,0.29,11,buy
8/03,2867,美林,1440,0,238,-238,1.17,11,sell
8/03,2867,高橋,5320,71,20,51,0.25,12,buy
8/03,2867,凱基-桃園,9208,12,239,-227,1.12,12,sell
8/03,2867,福勝,6950,35,0,35,0.17,13,buy
8/03,2867,玉山-新莊,8842,1,220,-219,1.08,13,sell
8/03,2867,兆豐-北高雄,0037003000300049,61,30,31,0.15,14,buy
8/03,2867,富邦-公益,0039003600310046,0,151,-151,0.74,14,sell
8/03,2867,永豐金-彰化,0039004100390073,31,0,31,0.15,15,buy
8/03,2867,港商野村,1560,0,144,-144,0.71,15,sell
8/03,2610,摩根大通,8440,5991,992,4999,16.94,1,buy
8/03,2610,凱基-台北,9268,539,4412,-3873,13.12,1,sell
8/03,2610,台灣摩根士丹利,1470,4703,248,4455,15.09,2,buy
8/03,2610,群益金鼎,9100,219,1865,-1646,5.58,2,sell
8/03,2610,美林,1440,3674,1979,1695,5.74,3,buy
8/03,2610,永豐金-高雄,0039004100390065,1,1436,-1435,4.86,3,sell
8/03,2610,新加坡商瑞銀,1650,1720,61,1659,5.62,4,buy
8/03,2610,永豐金證券,0039004100300030,53,734,-681,2.31,4,sell
8/03,2610,美商高盛,1480,2238,1252,986,3.34,5,buy
8/03,2610,富邦證券,9600,124,673,-549,1.86,5,sell
8/03,2610,香港上海匯豐,8960,763,194,569,1.93,6,buy
8/03,2610,永全-南崁,6451,5,538,-533,1.81,6,sell
8/03,2610,國泰證券,8880,276,0,276,0.94,7,buy
8/03,2610,第一金-嘉義,003500330038004d,6,535,-529,1.79,7,sell
8/03,2610,新光,8560,243,56,187,0.63,8,buy
8/03,2610,元大-木柵,003900380033004d,0,503,-503,1.7,8,sell
8/03,2610,新光-高雄,8562,156,9,147,0.5,9,buy
8/03,2610,國泰-高雄,8881,89,539,-450,1.52,9,sell
8/03,2610,元大-北府,0039003800300044,124,9,115,0.39,10,buy
8/03,2610,群益金鼎-嘉義,003900310038004d,4,226,-222,0.75,10,sell
8/03,2610,凱基-城中,9227,118,16,102,0.35,11,buy
8/03,2610,富邦-新店,9661,26,197,-171,0.58,11,sell
8/03,2610,華南永昌-世貿,9334,100,0,100,0.34,12,buy
8/03,2610,國泰-敦南,8888,221,385,-164,0.56,12,sell
8/03,2610,新光-新竹,8563,101,7,94,0.32,13,buy
8/03,2610,永全證券,6450,0,161,-161,0.55,13,sell
8/03,2610,中國信託-高雄,003600310036004b,101,16,85,0.29,14,buy
8/03,2610,合庫-鳳山,1029,0,151,-151,0.51,14,sell
8/03,2610,群益金鼎-彰化,9187,100,21,79,0.27,15,buy
8/03,2610,凱基-桃園,9208,10,144,-134,0.45,15,sell
8/03,2887,富邦證券,9600,4582,8,4574,9.41,1,buy
8/03,2887,華南永昌,9300,146,3813,-3667,7.55,1,sell
8/03,2887,美商高盛,1480,5847,3077,2770,5.7,2,buy
8/03,2887,花旗環球,1590,548,3032,-2484,5.11,2,sell
8/03,2887,新加坡商瑞銀,1650,5567,3897,1670,3.44,3,buy
8/03,2887,美林,1440,1421,2867,-1446,2.98,3,sell
8/03,2887,元大證券,9800,7493,6214,1279,2.63,4,buy
8/03,2887,凱基-台北,9268,1304,2524,-1220,2.51,4,sell
8/03,2887,元大-南屯,9853,401,7,394,0.81,5,buy
8/03,2887,香港上海匯豐,8960,128,929,-801,1.65,5,sell
8/03,2887,永豐金證券,0039004100300030,864,557,307,0.63,6,buy
8/03,2887,摩根大通,8440,3536,4333,-797,1.64,6,sell
8/03,2887,凱基-三多,9275,206,1,205,0.42,7,buy
8/03,2887,台灣摩根士丹利,1470,1515,2241,-726,1.49,7,sell
8/03,2887,港商麥格理,1360,197,0,197,0.41,8,buy
8/03,2887,兆豐-岡山,0037003000300073,24,594,-570,1.17,8,sell
8/03,2887,富邦-台中,003900360035004b,224,31,193,0.4,9,buy
8/03,2887,永豐金-匯立,0039004100380031,0,490,-490,1.01,9,sell
8/03,2887,國泰-高雄,8881,285,111,174,0.36,10,buy
8/03,2887,凱基,9200,36,445,-409,0.84,10,sell
8/03,2887,華南永昌-古亭,9309,170,0,170,0.35,11,buy
8/03,2887,富邦-竹北,9624,15,397,-382,0.79,11,sell
8/03,2887,台新,0039004200300030,297,133,164,0.34,12,buy
8/03,2887,元大-沙鹿,0039003800300064,8,320,-312,0.64,12,sell
8/03,2887,元大-雙和,9874,152,0,152,0.31,13,buy
8/03,2887,元大-向上,9824,7,233,-226,0.47,13,sell
8/03,2887,元大-大統,003900380031007a,146,1,145,0.3,14,buy
8/03,2887,法銀巴黎,8900,97,300,-203,0.42,14,sell
8/03,2887,新光,8560,377,233,144,0.3,15,buy
8/03,2887,元大-蘆洲,9857,25,210,-185,0.38,15,sell
8/03,2890,港商麥格理,1360,5319,36,5283,19.89,1,buy
8/03,2890,凱基-台北,9268,677,3278,-2601,9.79,1,sell
8/03,2890,元大證券,9800,4034,1354,2680,10.09,2,buy
8/03,2890,第一金-高雄,5383,8,2258,-2250,8.47,2,sell
8/03,2890,美商高盛,1480,4625,2413,2212,8.33,3,buy
8/03,2890,新加坡商瑞銀,1650,772,2932,-2160,8.13,3,sell
8/03,2890,美林,1440,1139,670,469,1.77,4,buy
8/03,2890,凱基,9200,112,1230,-1118,4.21,4,sell
8/03,2890,永豐金證券,0039004100300030,507,269,238,0.9,5,buy
8/03,2890,花旗環球,1590,372,1468,-1096,4.13,5,sell
8/03,2890,永豐金-高雄,0039004100390065,151,0,151,0.57,6,buy
8/03,2890,台灣摩根士丹利,1470,2678,3475,-797,3.0,6,sell
8/03,2890,港商野村,1560,104,1,103,0.39,7,buy
8/03,2890,香港上海匯豐,8960,66,731,-665,2.5,7,sell
8/03,2890,永豐金-南投,003900410039004d,90,0,90,0.34,8,buy
8/03,2890,摩根大通,8440,2558,3119,-561,2.11,8,sell
8/03,2890,永豐金-台中,003900410039004c,61,16,45,0.17,9,buy
8/03,2890,法銀巴黎,8900,0,272,-272,1.02,9,sell
8/03,2890,永豐金-市政,0039004100390057,64,27,37,0.14,10,buy
8/03,2890,元大-大雅,0039003800330069,8,109,-101,0.38,10,sell
8/03,2890,新光,8560,57,22,35,0.13,11,buy
8/03,2890,華南永昌-中正,9359,0,100,-100,0.38,11,sell
8/03,2890,永豐金-台南,0039004100390068,109,75,34,0.13,12,buy
8/03,2890,永豐金-新竹,0039004100390037,1,96,-95,0.36,12,sell
8/03,2890,元大-苗栗,003900380031004d,34,1,33,0.12,13,buy
8/03,2890,國泰證券,8880,20,102,-82,0.31,13,sell
8/03,2890,元大-南京,9862,37,5,32,0.12,14,buy
8/03,2890,台灣企銀-嘉義,1114,0,51,-51,0.19,14,sell
8/03,2890,永豐金-萬盛,0039004100390032,63,32,31,0.12,15,buy
8/03,2890,群益金鼎-東門,0039003100380044,6,51,-45,0.17,15,sell
8/03,2886,新加坡商瑞銀,1650,5633,1877,3756,9.84,1,buy
8/03,2886,台灣摩根士丹利,1470,881,6089,-5208,13.65,1,sell
8/03,2886,統一,5850,3521,31,3490,9.14,2,buy
8/03,2886,摩根大通,8440,1875,5402,-3527,9.24,2,sell
8/03,2886,臺銀,1040,2317,22,2295,6.01,3,buy
8/03,2886,凱基-台北,9268,2042,4692,-2650,6.94,3,sell
8/03,2886,土銀,1030,2009,3,2006,5.26,4,buy
8/03,2886,群益金鼎,9100,167,1851,-1684,4.41,4,sell
8/03,2886,永豐金證券,0039004100300030,2888,1009,1879,4.92,5,buy
8/03,2886,花旗環球,1590,317,1741,-1424,3.73,5,sell
8/03,2886,美商高盛,1480,2056,423,1633,4.28,6,buy
8/03,2886,凱基,9200,69,1462,-1393,3.65,6,sell
8/03,2886,富邦證券,9600,1378,7,1371,3.59,7,buy
8/03,2886,台新-高雄,0039004200310067,24,1038,-1014,2.66,7,sell
8/03,2886,元大證券,9800,5264,4444,820,2.15,8,buy
8/03,2886,香港上海匯豐,8960,76,688,-612,1.6,8,sell
8/03,2886,國票-敦北法人,0037003700390063,513,0,513,1.34,9,buy
8/03,2886,法銀巴黎,8900,0,362,-362,0.95,9,sell
8/03,2886,新光-新竹,8563,186,10,176,0.46,10,buy
8/03,2886,新光,8560,44,169,-125,0.33,10,sell
8/03,2886,兆豐-城中,0037003000300057,124,29,95,0.25,11,buy
8/03,2886,兆豐-寶成,0037003000300072,1,112,-111,0.29,11,sell
8/03,2886,元大-桃園,0039003800380042,140,46,94,0.25,12,buy
8/03,2886,兆豐-松德,0037003000300069,1,101,-100,0.26,12,sell
8/03,2886,富邦-板橋,9655,78,4,74,0.19,13,buy
8/03,2886,永興-台中,5603,1,100,-99,0.26,13,sell
8/03,2886,第一金-安和,003500330038006a,69,7,62,0.16,14,buy
8/03,2886,玉山-城中,0038003800340045,2,89,-87,0.23,14,sell
8/03,2886,國泰-松江,8883,51,1,50,0.13,15,buy
8/03,2886,台新,0039004200300030,66,151,-85,0.22,15,sell
8/03,2892,台新,0039004200300030,6776,83,6693,13.85,1,buy
8/03,2892,台灣摩根士丹利,1470,446,11225,-10779,22.31,1,sell
8/03,2892,富邦證券,9600,6456,3,6453,13.36,2,buy
8/03,2892,凱基,9200,619,5409,-4790,9.91,2,sell
8/03,2892,國泰證券,8880,5078,33,5045,10.44,3,buy
8/03,2892,新加坡商瑞銀,1650,1157,5382,-4225,8.74,3,sell
8/03,2892,土銀,1030,1601,1,1600,3.31,4,buy
8/03,2892,美林,1440,376,3346,-2970,6.15,4,sell
8/03,2892,永豐金證券,0039004100300030,1907,358,1549,3.21,5,buy
8/03,2892,凱基-台北,9268,2367,4744,-2377,4.92,5,sell
8/03,2892,元大證券,9800,3521,2105,1416,2.93,6,buy
8/03,2892,摩根大通,8440,2283,3712,-1429,2.96,6,sell
8/03,2892,宏遠證券,1260,785,0,785,1.62,7,buy
8/03,2892,美商高盛,1480,3860,4509,-649,1.34,7,sell
8/03,2892,國票-敦北法人,0037003700390063,578,0,578,1.2,8,buy
8/03,2892,香港上海匯豐,8960,86,547,-461,0.95,8,sell
8/03,2892,統一,5850,900,357,543,1.12,9,buy
8/03,2892,法銀巴黎,8900,0,382,-382,0.79,9,sell
8/03,2892,大和國泰,8890,358,0,358,0.74,10,buy
8/03,2892,富邦-竹科,0039003600320043,1,330,-329,0.68,10,sell
8/03,2892,亞東,2180,255,11,244,0.5,11,buy
8/03,2892,港商野村,1560,0,242,-242,0.5,11,sell
8/03,2892,花旗環球,1590,1278,1087,191,0.4,12,buy
8/03,2892,元大-龍潭,9858,5,161,-156,0.32,12,sell
8/03,2892,台新-台北,0039004200320030,161,10,151,0.31,13,buy
8/03,2892,華南永昌-淡水,9316,2,105,-103,0.21,13,sell
8/03,2892,群益金鼎-敦南,9101,150,0,150,0.31,14,buy
8/03,2892,永豐金-台南,0039004100390068,19,117,-98,0.2,14,sell
8/03,2892,國泰-敦南,8888,196,60,136,0.28,15,buy
8/03,2892,華南永昌-斗六,9327,13,110,-97,0.2,15,sell
8/03,3045,台灣摩根士丹利,1470,1072,78,994,9.1,1,buy
8/03,3045,富邦證券,9600,8,1363,-1355,12.4,1,sell
8/03,3045,花旗環球,1590,735,66,669,6.12,2,buy
8/03,3045,凱基-台北,9268,362,1269,-907,8.3,2,sell
8/03,3045,美商高盛,1480,953,294,659,6.03,3,buy
8/03,3045,美林,1440,96,800,-704,6.44,3,sell
8/03,3045,統一-永和,0035003800350042,500,0,500,4.57,4,buy
8/03,3045,摩根大通,8440,243,773,-530,4.85,4,sell
8/03,3045,美好-高雄,5264,300,0,300,2.74,5,buy
8/03,3045,台新-城東,0039004200320072,0,450,-450,4.12,5,sell
8/03,3045,永豐金-永康,0039004100390063,396,144,252,2.31,6,buy
8/03,3045,法銀巴黎,8900,0,391,-391,3.58,6,sell
8/03,3045,中國信託,6160,136,0,136,1.24,7,buy
8/03,3045,玉山證券,8840,10,204,-194,1.78,7,sell
8/03,3045,兆豐-桃園,003700300030004d,265,130,135,1.24,8,buy
8/03,3045,凱基,9200,1,189,-188,1.72,8,sell
8/03,3045,富邦-仁愛,9676,111,0,111,1.02,9,buy
8/03,3045,群益金鼎-南京,0039003100380045,7,172,-165,1.51,9,sell
8/03,3045,永豐金-信義,0039004100390052,110,0,110,1.01,10,buy
8/03,3045,香港上海匯豐,8960,12,166,-154,1.41,10,sell
8/03,3045,國泰-敦南,8888,70,14,56,0.51,11,buy
8/03,3045,港商野村,1560,1,124,-123,1.13,11,sell
8/03,3045,新加坡商瑞銀,1650,1213,1160,53,0.48,12,buy
8/03,3045,群益金鼎,9100,153,248,-95,0.87,12,sell
8/03,3045,台新-新店,0039004200320032,54,2,52,0.48,13,buy
8/03,3045,臺銀,1040,3,60,-57,0.52,13,sell
8/03,3045,元大-潮州,003900380031005a,50,0,50,0.46,14,buy
8/03,3045,元大證券,9800,209,238,-29,0.27,14,sell
8/03,3045,永豐金-內湖,0039004100390067,45,0,45,0.41,15,buy
8/03,3045,台新-城中,0039004200320045,0,25,-25,0.23,15,sell
8/03,1402,台灣摩根士丹利,1470,1518,44,1474,14.26,1,buy
8/03,1402,國泰證券,8880,1,2300,-2299,22.25,1,sell
8/03,1402,凱基-台北,9268,1144,465,679,6.57,2,buy
8/03,1402,元大證券,9800,888,2174,-1286,12.44,2,sell
8/03,1402,花旗環球,1590,598,102,496,4.8,3,buy
8/03,1402,摩根大通,8440,648,1474,-826,7.99,3,sell
8/03,1402,美商高盛,1480,685,301,384,3.72,4,buy
8/03,1402,美林,1440,297,895,-598,5.79,4,sell
8/03,1402,新光,8560,263,61,202,1.95,5,buy
8/03,1402,香港上海匯豐,8960,0,432,-432,4.18,5,sell
8/03,1402,台新-中港,0039004200320069,160,2,158,1.53,6,buy
8/03,1402,新加坡商瑞銀,1650,70,384,-314,3.04,6,sell
8/03,1402,國泰-館前,0038003800380041,107,0,107,1.04,7,buy
8/03,1402,台新,0039004200300030,36,189,-153,1.48,7,sell
8/03,1402,元大-鑫永和,9888,101,0,101,0.98,8,buy
8/03,1402,凱基,9200,19,132,-113,1.09,8,sell
8/03,1402,新光-台中,8561,87,0,87,0.84,9,buy
8/03,1402,永豐金證券,0039004100300030,27,104,-77,0.75,9,sell
8/03,1402,國泰-敦南,8888,85,2,83,0.8,10,buy
8/03,1402,永豐金-台南,0039004100390068,4,80,-76,0.74,10,sell
8/03,1402,臺銀-臺中,0031003000340041,102,21,81,0.78,11,buy
8/03,1402,法銀巴黎,8900,0,68,-68,0.66,11,sell
8/03,1402,群益金鼎,9100,104,26,78,0.75,12,buy
8/03,1402,台新-高雄,0039004200310067,24,90,-66,0.64,12,sell
8/03,1402,元大-仁愛,003900380033006a,67,0,67,0.65,13,buy
8/03,1402,元大-板橋,0039003800390043,0,38,-38,0.37,13,sell
8/03,1402,元大-雙和,9874,70,9,61,0.59,14,buy
8/03,1402,元大-忠孝,9871,2,40,-38,0.37,14,sell
8/03,1402,元大-龍潭,9858,61,0,61,0.59,15,buy
8/03,1402,富邦-三重,9677,0,31,-31,0.3,15,sell
8/03,5876,元大證券,9800,1737,381,1356,15.76,1,buy
8/03,5876,中國信託,6160,26,819,-793,9.22,1,sell
8/03,5876,凱基-台北,9268,1248,526,722,8.39,2,buy
8/03,5876,新加坡商瑞銀,1650,466,1024,-558,6.49,2,sell
8/03,5876,美商高盛,1480,882,354,528,6.14,3,buy
8/03,5876,華南永昌-中正,9359,3,456,-453,5.26,3,sell
8/03,5876,群益金鼎-南京,0039003100380045,258,13,245,2.85,4,buy
8/03,5876,摩根大通,8440,1413,1822,-409,4.75,4,sell
8/03,5876,美林,1440,253,106,147,1.71,5,buy
8/03,5876,凱基,9200,10,229,-219,2.55,5,sell
8/03,5876,永豐金-萬盛,0039004100390032,62,10,52,0.6,6,buy
8/03,5876,法銀巴黎,8900,7,156,-149,1.73,6,sell
8/03,5876,永豐金-台南,0039004100390068,50,0,50,0.58,7,buy
8/03,5876,台灣摩根士丹利,1470,627,754,-127,1.48,7,sell
8/03,5876,台新-城中,0039004200320045,50,1,49,0.57,8,buy
8/03,5876,兆豐-城中,0037003000300057,14,133,-119,1.38,8,sell
8/03,5876,玉山-城中,0038003800340045,30,0,30,0.35,9,buy
8/03,5876,花旗環球,1590,155,268,-113,1.31,9,sell
8/03,5876,台新-北新莊,0039004200320038,30,0,30,0.35,10,buy
8/03,5876,台新,0039004200300030,15,121,-106,1.23,10,sell
8/03,5876,富邦-仁愛,9676,25,0,25,0.29,11,buy
8/03,5876,兆豐證券,7000,0,89,-89,1.03,11,sell
8/03,5876,永豐金-內湖,0039004100390067,25,0,25,0.29,12,buy
8/03,5876,大和國泰,8890,0,89,-89,1.03,12,sell
8/03,5876,元大-西屯,0039003800300077,22,0,22,0.26,13,buy
8/03,5876,香港上海匯豐,8960,77,165,-88,1.02,13,sell
8/03,5876,元大-北投,0039003800390041,22,0,22,0.26,14,buy
8/03,5876,元大-台北,0039003800300068,2,84,-82,0.95,14,sell
8/03,5876,台新-台北,0039004200320030,21,0,21,0.24,15,buy
8/03,5876,凱基-林口,9257,0,50,-50,0.58,15,sell
8/03,6505,凱基-台北,9268,4063,2213,1850,6.05,1,buy
8/03,6505,元大-天母,0039003800310049,1,964,-963,3.15,1,sell
8/03,6505,摩根大通,8440,1712,711,1001,3.27,2,buy
8/03,6505,新加坡商瑞銀,1650,880,1554,-674,2.2,2,sell
8/03,6505,美林,1440,705,160,545,1.78,3,buy
8/03,6505,凱基-科園,9254,6,610,-604,1.98,3,sell
8/03,6505,花旗環球,1590,453,37,416,1.36,4,buy
8/03,6505,台新-建北,0039004200310038,36,513,-477,1.56,4,sell
8/03,6505,台新-安南,003900420032005a,310,8,302,0.99,5,buy
8/03,6505,香港上海匯豐,8960,49,447,-398,1.3,5,sell
8/03,6505,法銀巴黎,8900,264,16,248,0.81,6,buy
8/03,6505,富邦-建國,9658,31,366,-335,1.1,6,sell
8/03,6505,永豐金-中和,0039004100390042,226,10,216,0.71,7,buy
8/03,6505,華南永昌,9300,103,385,-282,0.92,7,sell
8/03,6505,群益金鼎-中港,9138,199,6,193,0.63,8,buy
8/03,6505,凱基,9200,8,268,-260,0.85,8,sell
8/03,6505,元大證券,9800,2143,1993,150,0.49,9,buy
8/03,6505,台灣摩根士丹利,1470,989,1213,-224,0.73,9,sell
8/03,6505,永豐金證券,0039004100300030,587,448,139,0.45,10,buy
8/03,6505,元大-屏東,9892,6,208,-202,0.66,10,sell
8/03,6505,美商高盛,1480,1906,1790,116,0.38,11,buy
8/03,6505,富邦-新板,0039003600310048,91,287,-196,0.64,11,sell
8/03,6505,元大-文心,9868,166,73,93,0.3,12,buy
8/03,6505,永豐金-內湖,0039004100390067,21,209,-188,0.61,12,sell
8/03,6505,中國信託-永康,6163,114,26,88,0.29,13,buy
8/03,6505,元大-桃園,0039003800380042,30,218,-188,0.61,13,sell
8/03,6505,群益金鼎,9100,330,249,81,0.26,14,buy
8/03,6505,合庫-高雄,1023,34,206,-172,0.56,14,sell
8/03,6505,港商野村,1560,117,45,72,0.24,15,buy
8/03,6505,光和-嘉義,0036003300380041,35,158,-123,0.4,15,sell
8/03,2324,台灣摩根士丹利,1470,7650,2624,5026,11.36,1,buy
8/03,2324,美林,1440,1182,3411,-2229,5.04,1,sell
8/03,2324,摩根大通,8440,4749,969,3780,8.55,2,buy
8/03,2324,統一,5850,135,1054,-919,2.08,2,sell
8/03,2324,美商高盛,1480,4907,1438,3469,7.84,3,buy
8/03,2324,國泰證券,8880,12,853,-841,1.9,3,sell
8/03,2324,元大證券,9800,2448,1391,1057,2.39,4,buy
8/03,2324,花旗環球,1590,89,582,-493,1.11,4,sell
8/03,2324,新加坡商瑞銀,1650,2187,1551,636,1.44,5,buy
8/03,2324,兆豐-台中,7003,10,502,-492,1.11,5,sell
8/03,2324,富邦證券,9600,359,114,245,0.55,6,buy
8/03,2324,永豐金-中正,0039004100390055,30,459,-429,0.97,6,sell
8/03,2324,宏遠-中和,0031003200360048,243,4,239,0.54,7,buy
8/03,2324,群益金鼎-大安,0039003100380065,6,408,-402,0.91,7,sell
8/03,2324,永豐金證券,0039004100300030,400,198,202,0.46,8,buy
8/03,2324,宏遠-高雄,0031003200360051,11,410,-399,0.9,8,sell
8/03,2324,香港上海匯豐,8960,158,0,158,0.36,9,buy
8/03,2324,(牛牛牛)亞-鑫豐,0036003000310064,240,571,-331,0.75,9,sell
8/03,2324,富邦-花蓮,9621,116,9,107,0.24,10,buy
8/03,2324,國票-敦北法人,0037003700390063,8,322,-314,0.71,10,sell
8/03,2324,元大-鑫永和,9888,109,8,101,0.23,11,buy
8/03,2324,國票-九鼎,0037003700390050,258,566,-308,0.7,11,sell
8/03,2324,元大-草屯,0039003800390045,165,67,98,0.22,12,buy
8/03,2324,華南永昌-林口,9317,26,316,-290,0.66,12,sell
8/03,2324,元大-天母,0039003800310049,106,9,97,0.22,13,buy
8/03,2324,凱基-台北,9268,1802,2079,-277,0.63,13,sell
8/03,2324,光和-嘉義,0036003300380041,95,14,81,0.18,14,buy
8/03,2324,永豐金-信義,0039004100390052,50,239,-189,0.43,14,sell
8/03,2324,富邦-敦南,9663,103,27,76,0.17,15,buy
8/03,2324,國票-南京,003700370039006e,7,187,-180,0.41,15,sell
8/03,0050,富邦證券,9600,32841,1442,31399,18.52,1,buy
8/03,0050,統一,5850,708,13709,-13001,7.67,1,sell
8/03,0050,國泰證券,8880,4553,113,4440,2.62,2,buy
8/03,0050,凱基,9200,700,13681,-12981,7.66,2,sell
8/03,0050,國泰-敦南,8888,4121,3139,982,0.58,3,buy
8/03,0050,元大證券,9800,16361,27014,-10653,6.29,3,sell
8/03,0050,花旗環球,1590,706,0,706,0.42,4,buy
8/03,0050,永豐金證券,0039004100300030,35341,39693,-4352,2.57,4,sell
8/03,0050,臺銀,1040,790,104,686,0.4,5,buy
8/03,0050,港商野村,1560,0,2386,-2386,1.41,5,sell
8/03,0050,新光,8560,1509,941,568,0.34,6,buy
8/03,0050,群益金鼎,9100,311,2107,-1796,1.06,6,sell
8/03,0050,國泰-高雄,8881,772,219,553,0.33,7,buy
8/03,0050,中國信託,6160,1146,2530,-1384,0.82,7,sell
8/03,0050,第一金,5380,611,81,530,0.31,8,buy
8/03,0050,國票證券,7790,36,1072,-1036,0.61,8,sell
8/03,0050,凱基-台北,9268,7710,7220,490,0.29,9,buy
8/03,0050,台新,0039004200300030,1620,2572,-952,0.56,9,sell
8/03,0050,合庫證券,1020,533,119,414,0.24,10,buy
8/03,0050,台灣摩根士丹利,1470,1265,2117,-852,0.5,10,sell
8/03,0050,玉山-雙和,8841,448,38,410,0.24,11,buy
8/03,0050,元大-忠孝鼎富,0039003800320046,19,804,-785,0.46,11,sell
8/03,0050,合庫-台中,1021,409,57,352,0.21,12,buy
8/03,0050,康和,8450,107,869,-762,0.45,12,sell
8/03,0050,新百王,6210,388,45,343,0.2,13,buy
8/03,0050,摩根大通,8440,142,756,-614,0.36,13,sell
8/03,0050,台新-台中,0039004200310068,418,160,258,0.15,14,buy
8/03,0050,永豐金-市政,0039004100390057,269,869,-600,0.35,14,sell
8/03,0050,第一金-台南,5384,258,42,216,0.13,15,buy
8/03,0050,統一-敦南,5852,26,517,-491,0.29,15,sell
8/03,0056,台灣摩根士丹利,1470,5143,18,5125,13.43,1,buy
8/03,0056,永豐金證券,0039004100300030,2298,5558,-3260,8.55,1,sell
8/03,0056,元大證券,9800,6738,3922,2816,7.38,2,buy
8/03,0056,新加坡商瑞銀,1650,331,1042,-711,1.86,2,sell
8/03,0056,凱基-台北,9268,5969,3294,2675,7.01,3,buy
8/03,0056,國票-敦北法人,0037003700390063,3,665,-662,1.74,3,sell
8/03,0056,國泰證券,8880,1038,63,975,2.56,4,buy
8/03,0056,台灣企銀-竹北,1117,0,518,-518,1.36,4,sell
8/03,0056,凱基,9200,292,30,262,0.69,5,buy
8/03,0056,國泰-敦南,8888,804,1149,-345,0.9,5,sell
8/03,0056,富邦-建國,9658,341,100,241,0.63,6,buy
8/03,0056,華南永昌-長虹,9333,13,303,-290,0.76,6,sell
8/03,0056,中國信託,6160,318,97,221,0.58,7,buy
8/03,0056,國泰-松江,8883,28,311,-283,0.74,7,sell
8/03,0056,兆豐-三重,7008,320,105,215,0.56,8,buy
8/03,0056,元大-竹科,003900380030004b,16,259,-243,0.64,8,sell
8/03,0056,富邦證券,9600,397,249,148,0.39,9,buy
8/03,0056,新光,8560,260,473,-213,0.56,9,sell
8/03,0056,元大-桃園,0039003800380042,161,24,137,0.36,10,buy
8/03,0056,華南永昌-民權,9312,30,242,-212,0.56,10,sell
8/03,0056,台新,0039004200300030,322,191,131,0.34,11,buy
8/03,0056,兆豐-新莊,0037003000300077,0,211,-211,0.55,11,sell
8/03,0056,第一金,5380,147,16,131,0.34,12,buy
8/03,0056,凱基-站前,0039003200300046,30,231,-201,0.53,12,sell
8/03,0056,國票-嘉義,0037003700390048,120,1,119,0.31,13,buy
8/03,0056,華南永昌-潮州,9328,5,185,-180,0.47,13,sell
8/03,0056,合庫證券,1020,131,24,107,0.28,14,buy
8/03,0056,新光-台南,8564,32,191,-159,0.42,14,sell
8/03,0056,元大-新竹,9816,123,24,99,0.26,15,buy
8/03,0056,富邦-板橋,9655,49,191,-142,0.37,15,sell
8/03,6770,群益金鼎-大安,0039003100380065,2668,51,2617,1.26,1,buy
8/03,6770,元大證券,9800,14151,24926,-10775,5.2,1,sell
8/03,6770,國泰-敦南,8888,7381,5647,1734,0.84,2,buy
8/03,6770,美商高盛,1480,2056,11808,-9752,4.7,2,sell
8/03,6770,元大-草屯,0039003800390045,1570,252,1318,0.64,3,buy
8/03,6770,摩根大通,8440,2858,12443,-9585,4.62,3,sell
8/03,6770,統一-仁愛,0035003800350063,1170,31,1139,0.55,4,buy
8/03,6770,新加坡商瑞銀,1650,4345,9890,-5545,2.68,4,sell
8/03,6770,兆豐-民生,0037003000300063,678,19,659,0.32,5,buy
8/03,6770,富邦-台北,9623,455,4270,-3815,1.84,5,sell
8/03,6770,台新-五權西,0039004200320035,747,91,656,0.32,6,buy
8/03,6770,台灣摩根士丹利,1470,13566,16161,-2595,1.25,6,sell
8/03,6770,新光,8560,2176,1649,527,0.25,7,buy
8/03,6770,港商野村,1560,205,1974,-1769,0.85,7,sell
8/03,6770,凱基-市府,0039003200300044,531,16,515,0.25,8,buy
8/03,6770,凱基-台北,9268,14583,16131,-1548,0.75,8,sell
8/03,6770,永豐金-信義,0039004100390052,536,31,505,0.24,9,buy
8/03,6770,富邦證券,9600,269,1726,-1457,0.7,9,sell
8/03,6770,玉山-台南,8847,713,216,497,0.24,10,buy
8/03,6770,凱基-城中,9227,146,1411,-1265,0.61,10,sell
8/03,6770,合庫證券,1020,607,113,494,0.24,11,buy
8/03,6770,美林,1440,1409,2406,-997,0.48,11,sell
8/03,6770,康和,8450,837,352,485,0.23,12,buy
8/03,6770,台新-府城,0039004200320039,21,609,-588,0.28,12,sell
8/03,6770,台新,0039004200300030,1691,1245,446,0.22,13,buy
8/03,6770,富邦-桃園,9665,292,795,-503,0.24,13,sell
8/03,6770,元大-高雄,003900380031006d,559,142,417,0.2,14,buy
8/03,6770,統一,5850,634,1104,-470,0.23,14,sell
8/03,6770,國泰-台中,8882,1287,874,413,0.2,15,buy
8/03,6770,台新-成功,003900420032006d,100,555,-455,0.22,15,sell
8/03,1314,台灣摩根士丹利,1470,2804,852,1952,9.09,1,buy
8/03,1314,美商高盛,1480,768,3351,-2583,12.02,1,sell
8/03,1314,國票-北高雄,003700370039004a,1020,28,992,4.62,2,buy
8/03,1314,摩根大通,8440,268,2280,-2012,9.37,2,sell
8/03,1314,凱基-岡山,9209,240,0,240,1.12,3,buy
8/03,1314,統一-台中,5856,0,864,-864,4.02,3,sell
8/03,1314,元大-大統,003900380031007a,227,5,222,1.03,4,buy
8/03,1314,凱基-文心,9297,5,700,-695,3.24,4,sell
8/03,1314,凱基-虎尾,9236,210,0,210,0.98,5,buy
8/03,1314,永豐金-大園,0039004100390038,5,512,-507,2.36,5,sell
8/03,1314,新加坡商瑞銀,1650,388,180,208,0.97,6,buy
8/03,1314,元大證券,9800,810,1174,-364,1.69,6,sell
8/03,1314,華南永昌-斗六,9327,205,10,195,0.91,7,buy
8/03,1314,富邦證券,9600,3,306,-303,1.41,7,sell
8/03,1314,港商野村,1560,190,0,190,0.88,8,buy
8/03,1314,香港上海匯豐,8960,0,228,-228,1.06,8,sell
8/03,1314,國泰-敦南,8888,872,682,190,0.88,9,buy
8/03,1314,華南永昌-苗栗,9362,5,200,-195,0.91,9,sell
8/03,1314,元大-鳳中,0039003800350043,198,25,173,0.81,10,buy
8/03,1314,元大-員林中山,9835,65,220,-155,0.72,10,sell
8/03,1314,富邦-陽明,9604,176,8,168,0.78,11,buy
8/03,1314,國泰-台中,8882,89,231,-142,0.66,11,sell
8/03,1314,華南永昌-朴子,9329,163,0,163,0.76,12,buy
8/03,1314,台新-新竹,0039004200320047,20,150,-130,0.61,12,sell
8/03,1314,中國信託-松江,6167,161,0,161,0.75,13,buy
8/03,1314,台新-左楠,0039004200310064,17,124,-107,0.5,13,sell
8/03,1314,中國信託,6160,165,13,152,0.71,14,buy
8/03,1314,富邦-仁愛,9676,49,150,-101,0.47,14,sell
8/03,1314,花旗環球,1590,133,3,130,0.61,15,buy
8/03,1314,凱基-桃園,9208,18,106,-88,0.41,15,sell
8/03,3481,港商野村,1560,4800,1643,3157,0.83,1,buy
8/03,3481,美商高盛,1480,8172,18193,-10021,2.64,1,sell
8/03,3481,國泰-敦南,8888,15553,13424,2129,0.56,2,buy
8/03,3481,凱基-台北,9268,13662,19836,-6174,1.63,2,sell
8/03,3481,凱基-東港,9212,1736,144,1592,0.42,3,buy
8/03,3481,凱基-站前,0039003200300046,557,6152,-5595,1.48,3,sell
8/03,3481,國泰-台中,8882,3148,2247,901,0.24,4,buy
8/03,3481,元大證券,9800,44238,46942,-2704,0.71,4,sell
8/03,3481,國泰證券,8880,1054,267,787,0.21,5,buy
8/03,3481,台灣摩根士丹利,1470,5039,7249,-2210,0.58,5,sell
8/03,3481,永豐金-彰化,0039004100390073,798,247,551,0.15,6,buy
8/03,3481,統一,5850,2540,4729,-2189,0.58,6,sell
8/03,3481,兆豐-忠孝,0037003000300061,796,288,508,0.13,7,buy
8/03,3481,元大-蘆洲,9857,991,3092,-2101,0.55,7,sell
8/03,3481,宏遠證券,1260,565,82,483,0.13,8,buy
8/03,3481,富邦證券,9600,9200,11204,-2004,0.53,8,sell
8/03,3481,台新-中壢,0039004200310079,620,251,369,0.1,9,buy
8/03,3481,富邦-南屯,9666,490,2437,-1947,0.51,9,sell
8/03,3481,台中銀-豐原,0036003100310041,492,129,363,0.1,10,buy
8/03,3481,美林,1440,2533,3706,-1173,0.31,10,sell
8/03,3481,永豐金-埔里,0039004100370039,3771,3414,357,0.09,11,buy
8/03,3481,華南永昌,9300,455,1613,-1158,0.31,11,sell
8/03,3481,富邦-高雄,9659,1093,737,356,0.09,12,buy
8/03,3481,永豐金證券,0039004100300030,2330,3398,-1068,0.28,12,sell
8/03,3481,元大-彰化民生,003900380039004a,952,600,352,0.09,13,buy
8/03,3481,摩根大通,8440,987,2044,-1057,0.28,13,sell
8/03,3481,台新,0039004200300030,3278,2927,351,0.09,14,buy
8/03,3481,土銀-建國,0031003000330041,55,1024,-969,0.26,14,sell
8/03,3481,富邦-永和,9654,839,508,331,0.09,15,buy
8/03,3481,富邦-桃園,9665,336,1121,-785,0.21,15,sell
8/03,2353,台灣摩根士丹利,1470,3051,750,2301,12.41,1,buy
8/03,2353,群益金鼎,9100,174,1814,-1640,8.84,1,sell
8/03,2353,美商高盛,1480,1962,878,1084,5.84,2,buy
8/03,2353,摩根大通,8440,1249,2639,-1390,7.49,2,sell
8/03,2353,港商麥格理,1360,776,0,776,4.18,3,buy
8/03,2353,統一,5850,40,666,-626,3.38,3,sell
8/03,2353,凱基-台北,9268,1459,740,719,3.88,4,buy
8/03,2353,第一金-員林,5381,12,379,-367,1.98,4,sell
8/03,2353,國泰-桃園,8885,508,7,501,2.7,5,buy
8/03,2353,兆豐-台中,7003,0,357,-357,1.92,5,sell
8/03,2353,港商野村,1560,361,0,361,1.95,6,buy
8/03,2353,群益金鼎-台北,0039003100380058,0,300,-300,1.62,6,sell
8/03,2353,凱基-東港,9212,302,3,299,1.61,7,buy
8/03,2353,花旗環球,1590,22,306,-284,1.53,7,sell
8/03,2353,富邦證券,9600,287,118,169,0.91,8,buy
8/03,2353,永豐金-敦北,0039004100380039,7,206,-199,1.07,8,sell
8/03,2353,新光-桃園,8565,156,79,77,0.42,9,buy
8/03,2353,香港上海匯豐,8960,0,189,-189,1.02,9,sell
8/03,2353,永豐金-新莊,0039004100390048,63,1,62,0.33,10,buy
8/03,2353,合庫-鳳山,1029,5,180,-175,0.94,10,sell
8/03,2353,富邦-左營,0039003600360046,59,0,59,0.32,11,buy
8/03,2353,群益金鼎-大安,0039003100380065,279,450,-171,0.92,11,sell
8/03,2353,元大-屏南,0039003800310072,54,1,53,0.29,12,buy
8/03,2353,永豐金-板盛,0039004100390059,23,176,-153,0.82,12,sell
8/03,2353,群益金鼎-新竹,9186,52,1,51,0.27,13,buy
8/03,2353,新加坡商瑞銀,1650,519,662,-143,0.77,13,sell
8/03,2353,第一金-豐原,003500330038004e,51,3,48,0.26,14,buy
8/03,2353,群益金鼎-潭子,0039003100330044,0,116,-116,0.63,14,sell
8/03,2353,元大-竹山,0039003800310052,47,0,47,0.25,15,buy
8/03,2353,凱基,9200,11,117,-106,0.57,15,sell
8/03,2812,永豐金證券,0039004100300030,4672,96,4576,13.23,1,buy
8/03,2812,台中銀-台北,6115,6,3204,-3198,9.25,1,sell
8/03,2812,台中銀-豐原,0036003100310041,2067,127,1940,5.61,2,buy
8/03,2812,台灣摩根士丹利,1470,1511,4198,-2687,7.77,2,sell
8/03,2812,美商高盛,1480,2571,1370,1201,3.47,3,buy
8/03,2812,台中銀,6110,81,1064,-983,2.84,3,sell
8/03,2812,康和-澎湖,0038003400350045,1081,30,1051,3.04,4,buy
8/03,2812,摩根大通,8440,2337,3103,-766,2.21,4,sell
8/03,2812,新加坡商瑞銀,1650,942,41,901,2.61,5,buy
8/03,2812,永豐金-亞灣,0039004100390061,5,636,-631,1.82,5,sell
8/03,2812,統一,5850,749,2,747,2.16,6,buy
8/03,2812,美林,1440,175,804,-629,1.82,6,sell
8/03,2812,凱基-台北,9268,2699,2174,525,1.52,7,buy
8/03,2812,元大-大同,0039003800390047,3,520,-517,1.49,7,sell
8/03,2812,花旗環球,1590,405,25,380,1.1,8,buy
8/03,2812,群益金鼎-宜蘭,003900310038007a,0,460,-460,1.33,8,sell
8/03,2812,永豐金-鳳山,0039004100360031,401,23,378,1.09,9,buy
8/03,2812,群益金鼎-東湖,003900310038004b,7,350,-343,0.99,9,sell
8/03,2812,合庫證券,1020,300,0,300,0.87,10,buy
8/03,2812,元大證券,9800,116,450,-334,0.97,10,sell
8/03,2812,第一金-澎湖,5387,285,0,285,0.82,11,buy
8/03,2812,玉山-板橋,8846,47,348,-301,0.87,11,sell
8/03,2812,台新-中港,0039004200320069,267,0,267,0.77,12,buy
8/03,2812,國泰-台南,8884,29,323,-294,0.85,12,sell
8/03,2812,康和,8450,239,0,239,0.69,13,buy
8/03,2812,新光-高雄,8562,24,302,-278,0.8,13,sell
8/03,2812,元大-楊梅,0039003800370041,206,5,201,0.58,14,buy
8/03,2812,香港上海匯豐,8960,0,261,-261,0.75,14,sell
8/03,2812,元大-員林中山,9835,206,8,198,0.57,15,buy
8/03,2812,富邦-仁愛,9676,50,297,-247,0.71,15,sell
8/03,6147,美商高盛,1480,3524,1204,2320,5.63,1,buy
8/03,6147,富邦證券,9600,1428,3914,-2486,6.03,1,sell
8/03,6147,元大-忠孝鼎富,0039003800320046,618,71,547,1.33,2,buy
8/03,6147,凱基,9200,30,2048,-2018,4.89,2,sell
8/03,6147,美林,1440,1105,609,496,1.2,3,buy
8/03,6147,凱基-台北,9268,2946,4598,-1652,4.01,3,sell
8/03,6147,台新-城東,0039004200320072,542,53,489,1.19,4,buy
8/03,6147,台灣摩根士丹利,1470,4,1112,-1108,2.69,4,sell
8/03,6147,富邦-仁愛,9676,506,44,462,1.12,5,buy
8/03,6147,元大-敦化,9833,65,834,-769,1.86,5,sell
8/03,6147,華南永昌,9300,581,176,405,0.98,6,buy
8/03,6147,摩根大通,8440,1724,2358,-634,1.54,6,sell
8/03,6147,統一,5850,689,330,359,0.87,7,buy
8/03,6147,兆豐-民生,0037003000300063,57,570,-513,1.24,7,sell
8/03,6147,國泰-敦南,8888,1151,813,338,0.82,8,buy
8/03,6147,新加坡商瑞銀,1650,1045,1408,-363,0.88,8,sell
8/03,6147,永豐金-竹北,0039004100390050,345,11,334,0.81,9,buy
8/03,6147,永豐金-萬盛,0039004100390032,10,244,-234,0.57,9,sell
8/03,6147,元大證券,9800,4324,4002,322,0.78,10,buy
8/03,6147,國泰證券,8880,66,292,-226,0.55,10,sell
8/03,6147,元大-忠孝,9871,376,56,320,0.78,11,buy
8/03,6147,新光,8560,190,389,-199,0.48,11,sell
8/03,6147,華南永昌-大安,9307,311,1,310,0.75,12,buy
8/03,6147,永豐金證券,0039004100300030,399,565,-166,0.4,12,sell
8/03,6147,凱基-大安,9291,303,3,300,0.73,13,buy
8/03,6147,港商野村,1560,184,350,-166,0.4,13,sell
8/03,6147,國票-安和,003700370039005a,682,418,264,0.64,14,buy
8/03,6147,富邦-嘉義,9692,654,795,-141,0.34,14,sell
8/03,6147,香港上海匯豐,8960,265,38,227,0.55,15,buy
8/03,6147,群益金鼎,9100,206,328,-122,0.3,15,sell
8/03,4904,台灣摩根士丹利,1470,1861,106,1755,16.6,1,buy
8/03,4904,台新,0039004200300030,3,4140,-4137,39.14,1,sell
8/03,4904,美商高盛,1480,1403,118,1285,12.16,2,buy
8/03,4904,富邦證券,9600,16,614,-598,5.66,2,sell
8/03,4904,新加坡商瑞銀,1650,1143,159,984,9.31,3,buy
8/03,4904,台新-城東,0039004200320072,0,412,-412,3.9,3,sell
8/03,4904,元大證券,9800,1283,794,489,4.63,4,buy
8/03,4904,花旗環球,1590,61,175,-114,1.08,4,sell
8/03,4904,凱基-台北,9268,904,738,166,1.57,5,buy
8/03,4904,華南永昌,9300,122,224,-102,0.96,5,sell
8/03,4904,摩根大通,8440,487,345,142,1.34,6,buy
8/03,4904,港商野村,1560,0,94,-94,0.89,6,sell
8/03,4904,台新-三民,0039004200310033,710,583,127,1.2,7,buy
8/03,4904,香港上海匯豐,8960,9,77,-68,0.64,7,sell
8/03,4904,永豐金-永康,0039004100390063,333,233,100,0.95,8,buy
8/03,4904,凱基,9200,9,63,-54,0.51,8,sell
8/03,4904,港商麥格理,1360,84,0,84,0.79,9,buy
8/03,4904,彰銀,1230,0,30,-30,0.28,9,sell
8/03,4904,亞東,2180,65,1,64,0.61,10,buy
8/03,4904,中國信託-忠孝,6162,0,23,-23,0.22,10,sell
8/03,4904,台灣企銀,1110,34,0,34,0.32,11,buy
8/03,4904,統一,5850,10,31,-21,0.2,11,sell
8/03,4904,新光-高雄,8562,43,16,27,0.26,12,buy
8/03,4904,台新-五權西,0039004200320035,0,20,-20,0.19,12,sell
8/03,4904,永豐金-市政,0039004100390057,33,10,23,0.22,13,buy
8/03,4904,法銀巴黎,8900,2,18,-16,0.15,13,sell
8/03,4904,台新-大昌,0039004200320044,22,0,22,0.21,14,buy
8/03,4904,元大-中壢,9834,4,20,-16,0.15,14,sell
8/03,4904,富邦-台北,9623,24,2,22,0.21,15,buy
8/03,4904,美林,1440,301,316,-15,0.14,15,sell
8/03,4938,台灣摩根士丹利,1470,2054,547,1507,11.69,1,buy
8/03,4938,港商野村,1560,210,3726,-3516,27.26,1,sell
8/03,4938,美商高盛,1480,1531,108,1423,11.03,2,buy
8/03,4938,富邦-永和,9654,43,220,-177,1.37,2,sell
8/03,4938,元大證券,9800,1848,535,1313,10.18,3,buy
8/03,4938,新光,8560,19,180,-161,1.25,3,sell
8/03,4938,摩根大通,8440,1257,202,1055,8.18,4,buy
8/03,4938,國泰-敦南,8888,30,140,-110,0.85,4,sell
8/03,4938,凱基-台北,9268,1519,560,959,7.44,5,buy
8/03,4938,台新-大裕,003900420032006c,0,90,-90,0.7,5,sell
8/03,4938,新加坡商瑞銀,1650,972,180,792,6.14,6,buy
8/03,4938,光和-溪湖,6381,0,83,-83,0.64,6,sell
8/03,4938,法銀巴黎,8900,530,33,497,3.85,7,buy
8/03,4938,美林,1440,290,370,-80,0.62,7,sell
8/03,4938,花旗環球,1590,494,147,347,2.69,8,buy
8/03,4938,國泰-台南,8884,0,67,-67,0.52,8,sell
8/03,4938,富邦證券,9600,237,3,234,1.81,9,buy
8/03,4938,香港上海匯豐,8960,25,87,-62,0.48,9,sell
8/03,4938,兆豐-員林,003700300030006b,83,10,73,0.57,10,buy
8/03,4938,富邦-內湖,9627,0,61,-61,0.47,10,sell
8/03,4938,永豐金證券,0039004100300030,165,121,44,0.34,11,buy
8/03,4938,凱基,9200,7,66,-59,0.46,11,sell
8/03,4938,玉山-新竹,0038003800340048,40,4,36,0.28,12,buy
8/03,4938,元大-北府,0039003800300044,0,56,-56,0.43,12,sell
8/03,4938,統一,5850,55,20,35,0.27,13,buy
8/03,4938,元大-敦化,9833,10,61,-51,0.4,13,sell
8/03,4938,國票證券,7790,41,9,32,0.25,14,buy
8/03,4938,台新,0039004200300030,11,61,-50,0.39,14,sell
8/03,4938,永豐金-匯立,0039004100380031,31,0,31,0.24,15,buy
8/03,4938,富邦-板橋,9655,7,57,-50,0.39,15,sell
8/03,2105,華南永昌-高雄,9303,340,0,340,5.91,1,buy
8/03,2105,統一,5850,21,600,-579,10.07,1,sell
8/03,2105,凱基-雙和,0039003200300043,200,0,200,3.48,2,buy
8/03,2105,摩根大通,8440,523,1003,-480,8.34,2,sell
8/03,2105,元大-沙鹿,0039003800300064,162,0,162,2.82,3,buy
8/03,2105,美商高盛,1480,382,747,-365,6.35,3,sell
8/03,2105,台新-同大,0039004200320050,113,0,113,1.96,4,buy
8/03,2105,台灣摩根士丹利,1470,149,452,-303,5.27,4,sell
8/03,2105,群益金鼎-三民,9188,105,0,105,1.83,5,buy
8/03,2105,元大證券,9800,72,341,-269,4.68,5,sell
8/03,2105,富邦證券,9600,73,1,72,1.25,6,buy
8/03,2105,新加坡商瑞銀,1650,165,409,-244,4.24,6,sell
8/03,2105,合庫-台中,1021,63,0,63,1.1,7,buy
8/03,2105,花旗環球,1590,33,208,-175,3.04,7,sell
8/03,2105,台新-虎尾,003900420032004e,120,60,60,1.04,8,buy
8/03,2105,美林,1440,112,277,-165,2.87,8,sell
8/03,2105,富邦-南員林,0039003600310052,50,0,50,0.87,9,buy
8/03,2105,凱基-新莊,0039003200310053,15,150,-135,2.35,9,sell
8/03,2105,元大-豐原站前,0039003800390057,44,0,44,0.76,10,buy
8/03,2105,香港上海匯豐,8960,0,119,-119,2.07,10,sell
8/03,2105,富邦-員林,9672,42,0,42,0.73,11,buy
8/03,2105,凱基-台北,9268,284,353,-69,1.2,11,sell
8/03,2105,富邦-台南,9667,47,5,42,0.73,12,buy
8/03,2105,凱基,9200,11,79,-68,1.18,12,sell
8/03,2105,台新-府城,0039004200320039,42,0,42,0.73,13,buy
8/03,2105,法銀巴黎,8900,0,67,-67,1.16,13,sell
8/03,2105,富邦-台北,9623,40,0,40,0.7,14,buy
8/03,2105,華南永昌,9300,3,67,-64,1.11,14,sell
8/03,2105,群益金鼎-忠孝,0039003100380057,37,0,37,0.64,15,buy
8/03,2105,第一金-桃園,5385,20,69,-49,0.85,15,sell
8/03,2845,美商高盛,1480,1321,743,578,5.91,1,buy
8/03,2845,凱基-台北,9268,43,1816,-1773,18.13,1,sell
8/03,2845,土銀-嘉義,1034,500,0,500,5.11,2,buy
8/03,2845,國泰證券,8880,0,881,-881,9.01,2,sell
8/03,2845,富邦-板橋,9655,413,2,411,4.2,3,buy
8/03,2845,元大證券,9800,588,960,-372,3.8,3,sell
8/03,2845,玉山-新竹,0038003800340048,351,0,351,3.59,4,buy
8/03,2845,新加坡商瑞銀,1650,215,496,-281,2.87,4,sell
8/03,2845,元大-板橋,0039003800390043,301,100,201,2.06,5,buy
8/03,2845,香港上海匯豐,8960,0,220,-220,2.25,5,sell
8/03,2845,亞東-台中,2187,187,0,187,1.91,6,buy
8/03,2845,法銀巴黎,8900,0,190,-190,1.94,6,sell
8/03,2845,富邦證券,9600,186,0,186,1.9,7,buy
8/03,2845,花旗環球,1590,66,239,-173,1.77,7,sell
8/03,2845,凱基-站前,0039003200300046,141,0,141,1.44,8,buy
8/03,2845,台灣摩根士丹利,1470,226,392,-166,1.7,8,sell
8/03,2845,玉山-城中,0038003800340045,123,0,123,1.26,9,buy
8/03,2845,凱基,9200,1,111,-110,1.12,9,sell
8/03,2845,國票-安和,003700370039005a,100,0,100,1.02,10,buy
8/03,2845,康和-台南,8458,0,100,-100,1.02,10,sell
8/03,2845,國泰-敦南,8888,95,9,86,0.88,11,buy
8/03,2845,永豐金證券,0039004100300030,2,71,-69,0.71,11,sell
8/03,2845,摩根大通,8440,1183,1104,79,0.81,12,buy
8/03,2845,凱基-湖口,003900320030004e,0,60,-60,0.61,12,sell
8/03,2845,永豐金-新店,0039004100390069,73,0,73,0.75,13,buy
8/03,2845,元大-四維,9831,0,60,-60,0.61,13,sell
8/03,2845,元大-文心,9868,68,0,68,0.7,14,buy
8/03,2845,美林,1440,513,558,-45,0.46,14,sell
8/03,2845,新光,8560,58,5,53,0.54,15,buy
8/03,2845,凱基-竹北,9234,0,30,-30,0.31,15,sell
8/03,1303,元大證券,9800,20824,15092,5732,3.96,1,buy
8/03,1303,台灣摩根士丹利,1470,788,13453,-12665,8.74,1,sell
8/03,1303,康和,8450,4508,527,3981,2.75,2,buy
8/03,1303,美商高盛,1480,3939,14852,-10913,7.53,2,sell
8/03,1303,國泰證券,8880,2982,241,2741,1.89,3,buy
8/03,1303,元大-土城永寧,9875,88,10331,-10243,7.07,3,sell
8/03,1303,凱基,9200,2701,185,2516,1.74,4,buy
8/03,1303,新加坡商瑞銀,1650,3342,8501,-5159,3.56,4,sell
8/03,1303,富邦-新店,9661,2366,67,2299,1.59,5,buy
8/03,1303,摩根大通,8440,4831,9452,-4621,3.19,5,sell
8/03,1303,台新,0039004200300030,2914,820,2094,1.45,6,buy
8/03,1303,凱基-台北,9268,6390,10072,-3682,2.54,6,sell
8/03,1303,聯邦證券,8580,1642,40,1602,1.11,7,buy
8/03,1303,富邦證券,9600,2018,3287,-1269,0.88,7,sell
8/03,1303,永豐金證券,0039004100300030,2074,834,1240,0.86,8,buy
8/03,1303,港商野村,1560,50,972,-922,0.64,8,sell
8/03,1303,福邦證券,6480,888,9,879,0.61,9,buy
8/03,1303,美林,1440,1558,2144,-586,0.4,9,sell
8/03,1303,宏遠證券,1260,894,49,845,0.58,10,buy
8/03,1303,華南永昌-世貿,9334,25,517,-492,0.34,10,sell
8/03,1303,國泰-敦南,8888,4136,3339,797,0.55,11,buy
8/03,1303,花旗環球,1590,192,538,-346,0.24,11,sell
8/03,1303,香港上海匯豐,8960,1027,233,794,0.55,12,buy
8/03,1303,統一-城中,5854,529,762,-233,0.16,12,sell
8/03,1303,國票-敦北法人,0037003700390063,1159,438,721,0.5,13,buy
8/03,1303,元大-復北,9872,702,900,-198,0.14,13,sell
8/03,1303,元大-松江,9801,735,83,652,0.45,14,buy
8/03,1303,華南永昌-竹北,9339,30,157,-127,0.09,14,sell
8/03,1303,富邦-台北,9623,762,191,571,0.39,15,buy
8/03,1303,富邦-嘉義,9692,744,852,-108,0.07,15,sell
8/03,2449,永豐金證券,0039004100300030,2409,226,2183,6.9,1,buy
8/03,2449,凱基-台北,9268,1448,3886,-2438,7.7,1,sell
8/03,2449,兆豐證券,7000,1817,27,1790,5.65,2,buy
8/03,2449,美商高盛,1480,1000,3198,-2198,6.94,2,sell
8/03,2449,凱基,9200,657,72,585,1.85,3,buy
8/03,2449,摩根大通,8440,1241,2695,-1454,4.59,3,sell
8/03,2449,港商麥格理,1360,464,0,464,1.47,4,buy
8/03,2449,富邦證券,9600,138,1140,-1002,3.17,4,sell
8/03,2449,華南永昌,9300,251,20,231,0.73,5,buy
8/03,2449,美林,1440,347,1295,-948,2.99,5,sell
8/03,2449,國泰-敦南,8888,759,559,200,0.63,6,buy
8/03,2449,新加坡商瑞銀,1650,412,1069,-657,2.08,6,sell
8/03,2449,台新-五權西,0039004200320035,116,1,115,0.36,7,buy
8/03,2449,港商野村,1560,228,772,-544,1.72,7,sell
8/03,2449,法銀巴黎,8900,131,18,113,0.36,8,buy
8/03,2449,台灣摩根士丹利,1470,2461,2803,-342,1.08,8,sell
8/03,2449,花旗環球,1590,348,243,105,0.33,9,buy
8/03,2449,凱基-城中,9227,8,331,-323,1.02,9,sell
8/03,2449,大和國泰,8890,100,0,100,0.32,10,buy
8/03,2449,國票-安和,003700370039005a,6,250,-244,0.77,10,sell
8/03,2449,合庫-西台中,0031003000320046,103,7,96,0.3,11,buy
8/03,2449,國票-敦北法人,0037003700390063,101,265,-164,0.52,11,sell
8/03,2449,台新-台中,0039004200310068,185,91,94,0.3,12,buy
8/03,2449,統一-城中,5854,13,161,-148,0.47,12,sell
8/03,2449,土銀-新竹,1035,90,4,86,0.27,13,buy
8/03,2449,元大證券,9800,2127,2239,-112,0.35,13,sell
8/03,2449,華南永昌-大甲,9315,94,9,85,0.27,14,buy
8/03,2449,群益金鼎,9100,225,325,-100,0.32,14,sell
8/03,2449,永豐金-南投,003900410039004d,84,0,84,0.27,15,buy
8/03,2449,聯邦證券,8580,0,100,-100,0.32,15,sell
8/03,1714,第一金-自由,0035003300380045,1742,2,1740,9.25,1,buy
8/03,1714,凱基-台北,9268,1234,2340,-1106,5.88,1,sell
8/03,1714,元大證券,9800,2030,955,1075,5.72,2,buy
8/03,1714,台灣摩根士丹利,1470,658,1105,-447,2.38,2,sell
8/03,1714,元大-竹科,003900380030004b,691,8,683,3.63,3,buy
8/03,1714,美商高盛,1480,1046,1491,-445,2.37,3,sell
8/03,1714,日進,5660,300,0,300,1.6,4,buy
8/03,1714,永豐金證券,0039004100300030,95,537,-442,2.35,4,sell
8/03,1714,國泰證券,8880,292,3,289,1.54,5,buy
8/03,1714,美林,1440,0,367,-367,1.95,5,sell
8/03,1714,第一金-台南,5384,266,5,261,1.39,6,buy
8/03,1714,富邦-基隆,9614,25,337,-312,1.66,6,sell
8/03,1714,統一-南京,0035003800350055,256,6,250,1.33,7,buy
8/03,1714,元大-南投,0039003800310044,44,331,-287,1.53,7,sell
8/03,1714,兆豐-中壢,0037003000300062,218,6,212,1.13,8,buy
8/03,1714,康和-嘉義,8459,1,271,-270,1.44,8,sell
8/03,1714,群益金鼎-館前,0039003100330059,220,50,170,0.9,9,buy
8/03,1714,摩根大通,8440,398,624,-226,1.2,9,sell
8/03,1714,華南永昌-台南,9306,153,22,131,0.7,10,buy
8/03,1714,元大-鹿港,0039003800390053,1,213,-212,1.13,10,sell
8/03,1714,凱基-板橋,0039003200300041,102,7,95,0.51,11,buy
8/03,1714,台新-永和,0039004200320042,1,201,-200,1.06,11,sell
8/03,1714,富邦-虎尾,9697,95,1,94,0.5,12,buy
8/03,1714,富邦-木柵,003900360031004d,2,200,-198,1.05,12,sell
8/03,1714,台新-世貿,0039004200320075,90,0,90,0.48,13,buy
8/03,1714,凱基-南崁,9256,5,165,-160,0.85,13,sell
8/03,1714,元大-信義安和,0039003800300052,90,1,89,0.47,14,buy
8/03,1714,華南永昌-斗六,9327,2,161,-159,0.85,14,sell
8/03,1714,元大-北投,0039003800390041,88,5,83,0.44,15,buy
8/03,1714,華南永昌,9300,24,178,-154,0.82,15,sell
8/03,1802,群益金鼎-永和,003900310038004a,847,12,835,2.63,1,buy
8/03,1802,台灣摩根士丹利,1470,1634,3267,-1633,5.14,1,sell
8/03,1802,美商高盛,1480,786,297,489,1.54,2,buy
8/03,1802,統一,5850,83,221,-138,0.43,2,sell
8/03,1802,玉山-大里,003800380034004a,247,33,214,0.67,3,buy
8/03,1802,凱基-站前,0039003200300046,17,140,-123,0.39,3,sell
8/03,1802,美林,1440,499,343,156,0.49,4,buy
8/03,1802,富邦-桃園,9665,26,123,-97,0.31,4,sell
8/03,1802,花旗環球,1590,187,46,141,0.44,5,buy
8/03,1802,玉山-新莊,8842,37,129,-92,0.29,5,sell
8/03,1802,元大-沙鹿,0039003800300064,113,11,102,0.32,6,buy
8/03,1802,玉山-板橋,8846,32,120,-88,0.28,6,sell
8/03,1802,富邦-建國,9658,116,17,99,0.31,7,buy
8/03,1802,兆豐-南門,0037003000300067,2,84,-82,0.26,7,sell
8/03,1802,永豐金證券,0039004100300030,369,272,97,0.31,8,buy
8/03,1802,香港上海匯豐,8960,0,80,-80,0.25,8,sell
8/03,1802,富邦證券,9600,257,174,83,0.26,9,buy
8/03,1802,凱基,9200,8,84,-76,0.24,9,sell
8/03,1802,統一-新台中,0035003800350044,83,11,72,0.23,10,buy
8/03,1802,群益金鼎-北高雄,0039003100330052,4,79,-75,0.24,10,sell
8/03,1802,富邦-南屯,9666,77,14,63,0.2,11,buy
8/03,1802,凱基-台北,9268,2729,2799,-70,0.22,11,sell
8/03,1802,群益金鼎-中壢,0039003100380041,111,48,63,0.2,12,buy
8/03,1802,國泰證券,8880,22,85,-63,0.2,12,sell
8/03,1802,國泰-台中,8882,194,131,63,0.2,13,buy
8/03,1802,國票證券,7790,24,86,-62,0.2,13,sell
8/03,1802,富邦-左營,0039003600360046,89,27,62,0.2,14,buy
8/03,1802,元大-中壢,9834,46,104,-58,0.18,14,sell
8/03,1802,中國信託-松江,6167,56,3,53,0.17,15,buy
8/03,1802,永豐金-松山,0039004100390031,101,159,-58,0.18,15,sell
8/03,2337,新加坡商瑞銀,1650,8237,133,8104,16.17,1,buy
8/03,2337,美商高盛,1480,2261,4366,-2105,4.2,1,sell
8/03,2337,摩根大通,8440,3913,955,2958,5.9,2,buy
8/03,2337,元大證券,9800,4289,6123,-1834,3.66,2,sell
8/03,2337,康和,8450,901,1,900,1.8,3,buy
8/03,2337,群益金鼎-內湖,0039003100380064,15,883,-868,1.73,3,sell
8/03,2337,富邦-南屯,9666,833,205,628,1.25,4,buy
8/03,2337,港商野村,1560,80,457,-377,0.75,4,sell
8/03,2337,凱基-中壢,9285,623,45,578,1.15,5,buy
8/03,2337,台灣摩根士丹利,1470,1063,1421,-358,0.71,5,sell
8/03,2337,凱基-站前,0039003200300046,430,38,392,0.78,6,buy
8/03,2337,永豐金證券,0039004100300030,224,461,-237,0.47,6,sell
8/03,2337,永豐金-員林,0039004100390043,347,11,336,0.67,7,buy
8/03,2337,富邦-仁愛,9676,41,263,-222,0.44,7,sell
8/03,2337,國票-安和,003700370039005a,408,144,264,0.53,8,buy
8/03,2337,國泰-敦南,8888,1336,1533,-197,0.39,8,sell
8/03,2337,永豐金-匯立,0039004100380031,226,0,226,0.45,9,buy
8/03,2337,凱基-台北,9268,3867,4035,-168,0.34,9,sell
8/03,2337,凱基-市政,9239,251,41,210,0.42,10,buy
8/03,2337,第一金-新興,0035003300380041,9,177,-168,0.34,10,sell
8/03,2337,永豐金-內湖,0039004100390067,238,32,206,0.41,11,buy
8/03,2337,富邦-板橋,9655,65,232,-167,0.33,11,sell
8/03,2337,元大-沙鹿,0039003800300064,159,26,133,0.27,12,buy
8/03,2337,元大-大灣,9815,7,157,-150,0.3,12,sell
8/03,2337,花旗環球,1590,125,0,125,0.25,13,buy
8/03,2337,富邦-台南,9667,168,305,-137,0.27,13,sell
8/03,2337,台新-安南,003900420032005a,311,208,103,0.21,14,buy
8/03,2337,統一,5850,68,193,-125,0.25,14,sell
8/03,2337,統一-基隆,0035003800350041,108,19,89,0.18,15,buy
8/03,2337,凱基-南崁,9256,7,131,-124,0.25,15,sell
8/03,2880,中國信託,6160,5506,32,5474,17.09,1,buy
8/03,2880,凱基,9200,31,3249,-3218,10.05,1,sell
8/03,2880,永豐金證券,0039004100300030,3334,270,3064,9.57,2,buy
8/03,2880,摩根大通,8440,2212,4615,-2403,7.5,2,sell
8/03,2880,土銀,1030,1744,0,1744,5.45,3,buy
8/03,2880,台灣摩根士丹利,1470,1323,3683,-2360,7.37,3,sell
8/03,2880,國泰證券,8880,1010,71,939,2.93,4,buy
8/03,2880,美商高盛,1480,1599,3820,-2221,6.94,4,sell
8/03,2880,富邦證券,9600,693,22,671,2.1,5,buy
8/03,2880,美林,1440,1033,2368,-1335,4.17,5,sell
8/03,2880,元大證券,9800,1862,1196,666,2.08,6,buy
8/03,2880,花旗環球,1590,583,1853,-1270,3.97,6,sell
8/03,2880,港商野村,1560,374,0,374,1.17,7,buy
8/03,2880,華南永昌,9300,15,692,-677,2.11,7,sell
8/03,2880,日進,5660,201,1,200,0.62,8,buy
8/03,2880,香港上海匯豐,8960,111,519,-408,1.27,8,sell
8/03,2880,元大-大里德芳,0039003800330057,171,1,170,0.53,9,buy
8/03,2880,法銀巴黎,8900,0,344,-344,1.07,9,sell
8/03,2880,元大-台南,9896,116,5,111,0.35,10,buy
8/03,2880,國票證券,7790,5,60,-55,0.17,10,sell
8/03,2880,康和,8450,100,0,100,0.31,11,buy
8/03,2880,合庫-自強,0031003000320043,1,54,-53,0.17,11,sell
8/03,2880,凱基-台北,9268,2573,2505,68,0.21,12,buy
8/03,2880,凱基-屏東,0039003200320043,0,50,-50,0.16,12,sell
8/03,2880,統一-彰化,0035003800350046,55,0,55,0.17,13,buy
8/03,2880,華南永昌-麻豆,9308,5,51,-46,0.14,13,sell
8/03,2880,元大-斗信,9884,47,4,43,0.13,14,buy
8/03,2880,統一-嘉義,5858,2,47,-45,0.14,14,sell
8/03,2880,台新-新店,0039004200320032,108,66,42,0.13,15,buy
8/03,2880,聯邦-興中,8587,0,40,-40,0.12,15,sell
8/03,2408,元大證券,9800,11928,4274,7654,13.19,1,buy
8/03,2408,花旗環球,1590,117,1705,-1588,2.74,1,sell
8/03,2408,美商高盛,1480,5980,163,5817,10.03,2,buy
8/03,2408,凱基-台北,9268,2233,2933,-700,1.21,2,sell
8/03,2408,台灣摩根士丹利,1470,5474,1153,4321,7.45,3,buy
8/03,2408,國泰-敦南,8888,1007,1640,-633,1.09,3,sell
8/03,2408,港商野村,1560,2796,96,2700,4.65,4,buy
8/03,2408,統一-城中,5854,6,608,-602,1.04,4,sell
8/03,2408,新加坡商瑞銀,1650,1685,616,1069,1.84,5,buy
8/03,2408,元大-和平,9863,28,533,-505,0.87,5,sell
8/03,2408,康和,8450,1036,70,966,1.67,6,buy
8/03,2408,永豐金證券,0039004100300030,479,945,-466,0.8,6,sell
8/03,2408,國泰證券,8880,496,31,465,0.8,7,buy
8/03,2408,美林,1440,2077,2528,-451,0.78,7,sell
8/03,2408,凱基,9200,491,46,445,0.77,8,buy
8/03,2408,群益金鼎,9100,549,968,-419,0.72,8,sell
8/03,2408,永豐金-內湖,0039004100390067,328,48,280,0.48,9,buy
8/03,2408,永豐金-敦北,0039004100380039,28,380,-352,0.61,9,sell
8/03,2408,富邦-台北,9623,485,212,273,0.47,10,buy
8/03,2408,富邦-桃園,9665,558,883,-325,0.56,10,sell
8/03,2408,富邦證券,9600,2506,2287,219,0.38,11,buy
8/03,2408,元大-三民,0039003800390046,17,281,-264,0.46,11,sell
8/03,2408,兆豐-嘉義,7001,369,165,204,0.35,12,buy
8/03,2408,國票-敦北法人,0037003700390063,293,512,-219,0.38,12,sell
8/03,2408,統一,5850,249,74,175,0.3,13,buy
8/03,2408,凱基-市政,9239,318,533,-215,0.37,13,sell
8/03,2408,元大-崇德,0039003800310053,232,67,165,0.28,14,buy
8/03,2408,中國信託-忠孝,6162,11,214,-203,0.35,14,sell
8/03,2408,國票證券,7790,258,150,108,0.19,15,buy
8/03,2408,富邦-高雄,9659,29,228,-199,0.34,15,sell
8/03,1326,元大證券,9800,2846,2052,794,2.75,1,buy
8/03,1326,美商高盛,1480,1221,4290,-3069,10.61,1,sell
8/03,1326,兆豐證券,7000,401,0,401,1.39,2,buy
8/03,1326,台灣摩根士丹利,1470,316,3225,-2909,10.06,2,sell
8/03,1326,摩根大通,8440,1339,959,380,1.31,3,buy
8/03,1326,元大-天母,0039003800310049,3,1121,-1118,3.87,3,sell
8/03,1326,花旗環球,1590,678,317,361,1.25,4,buy
8/03,1326,新加坡商瑞銀,1650,819,1542,-723,2.5,4,sell
8/03,1326,合庫-彰化,1028,242,5,237,0.82,5,buy
8/03,1326,統一,5850,33,616,-583,2.02,5,sell
8/03,1326,高橋-龍潭,5321,231,11,220,0.76,6,buy
8/03,1326,美林,1440,353,723,-370,1.28,6,sell
8/03,1326,國泰-敦南,8888,490,283,207,0.72,7,buy
8/03,1326,凱基,9200,5,138,-133,0.46,7,sell
8/03,1326,中國信託-忠孝,6162,409,209,200,0.69,8,buy
8/03,1326,元大-民雄,0039003800310056,17,134,-117,0.4,8,sell
8/03,1326,富邦-嘉義,9692,174,9,165,0.57,9,buy
8/03,1326,香港上海匯豐,8960,40,147,-107,0.37,9,sell
8/03,1326,富邦-板橋,9655,199,50,149,0.52,10,buy
8/03,1326,元大-淡水,9899,9,114,-105,0.36,10,sell
8/03,1326,元大-成功,003900380039004c,169,34,135,0.47,11,buy
8/03,1326,亞東-台南,2185,1,105,-104,0.36,11,sell
8/03,1326,永豐金-台南,0039004100390068,143,18,125,0.43,12,buy
8/03,1326,元大-古亭,003900380039006b,6,105,-99,0.34,12,sell
8/03,1326,群益金鼎-中港,9138,138,15,123,0.43,13,buy
8/03,1326,港商野村,1560,11,99,-88,0.3,13,sell
8/03,1326,元大-員林中山,9835,105,2,103,0.36,14,buy
8/03,1326,法銀巴黎,8900,1,82,-81,0.28,14,sell
8/03,1326,新光,8560,214,114,100,0.35,15,buy
8/03,1326,凱基-板橋,0039003200300041,4,68,-64,0.22,15,sell
8/03,1409,台灣摩根士丹利,1470,974,355,619,4.96,1,buy
8/03,1409,凱基-台北,9268,573,1547,-974,7.81,1,sell
8/03,1409,新加坡商瑞銀,1650,505,200,305,2.44,2,buy
8/03,1409,元大-華山,0039003800310055,6,187,-181,1.45,2,sell
8/03,1409,美商高盛,1480,885,602,283,2.27,3,buy
8/03,1409,華南永昌-竹北,9339,3,151,-148,1.19,3,sell
8/03,1409,台新,0039004200300030,336,153,183,1.47,4,buy
8/03,1409,富邦-永和,9654,2,108,-106,0.85,4,sell
8/03,1409,新光-高雄,8562,211,33,178,1.43,5,buy
8/03,1409,摩根大通,8440,1033,1130,-97,0.78,5,sell
8/03,1409,元大-沙鹿,0039003800300064,213,47,166,1.33,6,buy
8/03,1409,台新-大裕,003900420032006c,5,100,-95,0.76,6,sell
8/03,1409,元大-成功,003900380039004c,160,1,159,1.27,7,buy
8/03,1409,永豐金證券,0039004100300030,52,131,-79,0.63,7,sell
8/03,1409,元大證券,9800,731,590,141,1.13,8,buy
8/03,1409,彰銀-台中,1233,0,70,-70,0.56,8,sell
8/03,1409,台新-信義,0039004200320048,166,32,134,1.07,9,buy
8/03,1409,統一-屏東,5859,6,65,-59,0.47,9,sell
8/03,1409,玉山證券,8840,117,14,103,0.83,10,buy
8/03,1409,群益金鼎-彰化,9187,2,61,-59,0.47,10,sell
8/03,1409,第一金-自由,0035003300380045,106,13,93,0.75,11,buy
8/03,1409,永豐金-中壢,0039004100390039,2,60,-58,0.46,11,sell
8/03,1409,美林,1440,256,170,86,0.69,12,buy
8/03,1409,元大-台中中港,0039003800390042,0,53,-53,0.42,12,sell
8/03,1409,港商野村,1560,85,0,85,0.68,13,buy
8/03,1409,元大-中壢,9834,2,54,-52,0.42,13,sell
8/03,1409,華南永昌,9300,153,81,72,0.58,14,buy
8/03,1409,台灣企銀-桃園,0031003100310045,0,52,-52,0.42,14,sell
8/03,1409,元大-屏南,0039003800310072,73,2,71,0.57,15,buy
8/03,1409,國票-博愛,003700370039007a,8,60,-52,0.42,15,sell
8/03,2344,新加坡商瑞銀,1650,9609,846,8763,11.3,1,buy
8/03,2344,凱基-台北,9268,5589,7754,-2165,2.79,1,sell
8/03,2344,台灣摩根士丹利,1470,6922,953,5969,7.7,2,buy
8/03,2344,富邦證券,9600,2838,4863,-2025,2.61,2,sell
8/03,2344,摩根大通,8440,6280,347,5933,7.65,3,buy
8/03,2344,國票-安和,003700370039005a,406,1947,-1541,1.99,3,sell
8/03,2344,美商高盛,1480,4026,322,3704,4.78,4,buy
8/03,2344,永豐金-匯立,0039004100380031,145,1683,-1538,1.98,4,sell
8/03,2344,凱基-信義,9216,6494,3508,2986,3.85,5,buy
8/03,2344,凱基-市政,9239,63,1459,-1396,1.8,5,sell
8/03,2344,元大證券,9800,7795,5584,2211,2.85,6,buy
8/03,2344,凱基-虎尾,9236,502,1716,-1214,1.57,6,sell
8/03,2344,兆豐-板橋,0037003000300042,1004,6,998,1.29,7,buy
8/03,2344,統一-城中,5854,55,1094,-1039,1.34,7,sell
8/03,2344,元大-館前,003900380034004b,959,100,859,1.11,8,buy
8/03,2344,凱基-站前,0039003200300046,477,1173,-696,0.9,8,sell
8/03,2344,美林,1440,1850,1021,829,1.07,9,buy
8/03,2344,國泰-敦南,8888,965,1532,-567,0.73,9,sell
8/03,2344,港商野村,1560,656,0,656,0.85,10,buy
8/03,2344,國票-敦北法人,0037003700390063,638,1067,-429,0.55,10,sell
8/03,2344,凱基-市府,0039003200300044,607,26,581,0.75,11,buy
8/03,2344,國泰證券,8880,43,408,-365,0.47,11,sell
8/03,2344,台新,0039004200300030,1036,490,546,0.7,12,buy
8/03,2344,元大-台北,0039003800300068,1035,1378,-343,0.44,12,sell
8/03,2344,華南永昌-大安,9307,443,42,401,0.52,13,buy
8/03,2344,富邦-嘉義,9692,60,400,-340,0.44,13,sell
8/03,2344,國泰-松江,8883,375,78,297,0.38,14,buy
8/03,2344,富邦-南京,0039003600310043,18,345,-327,0.42,14,sell
8/03,2344,元大-古亭,003900380039006b,279,16,263,0.34,15,buy
8/03,2344,新光,8560,115,435,-320,0.41,15,sell
8/03,2406,凱基-台北,9268,752,457,295,3.85,1,buy
8/03,2406,摩根大通,8440,76,507,-431,5.63,1,sell
8/03,2406,美商高盛,1480,231,90,141,1.84,2,buy
8/03,2406,玉山-台南,8847,0,154,-154,2.01,2,sell
8/03,2406,第一金-彰化,5386,100,3,97,1.27,3,buy
8/03,2406,新加坡商瑞銀,1650,94,240,-146,1.91,3,sell
8/03,2406,花旗環球,1590,73,0,73,0.95,4,buy
8/03,2406,統一-南京,0035003800350055,4,130,-126,1.65,4,sell
8/03,2406,國票-中和,0037003700390058,138,65,73,0.95,5,buy
8/03,2406,康和-澎湖,0038003400350045,3,126,-123,1.61,5,sell
8/03,2406,港商野村,1560,66,0,66,0.86,6,buy
8/03,2406,群益金鼎,9100,101,192,-91,1.19,6,sell
8/03,2406,統一-屏東,5859,70,6,64,0.84,7,buy
8/03,2406,富邦-公益,0039003600310046,15,106,-91,1.19,7,sell
8/03,2406,(牛牛牛)亞-鑫豐,0036003000310064,72,8,64,0.84,8,buy
8/03,2406,華南永昌,9300,8,68,-60,0.78,8,sell
8/03,2406,永豐金-市政,0039004100390057,63,2,61,0.8,9,buy
8/03,2406,富邦-羅東,9634,12,72,-60,0.78,9,sell
8/03,2406,台灣摩根士丹利,1470,177,123,54,0.71,10,buy
8/03,2406,元大-斗信,9884,24,76,-52,0.68,10,sell
8/03,2406,凱基-東港,9212,74,20,54,0.71,11,buy
8/03,2406,元大-內湖,003900380039004e,1,52,-51,0.67,11,sell
8/03,2406,台新-烏日,0039004200320063,55,2,53,0.69,12,buy
8/03,2406,群益金鼎-松山,9103,0,51,-51,0.67,12,sell
8/03,2406,玉山-左營,0038003800340044,58,16,42,0.55,13,buy
8/03,2406,台新,0039004200300030,30,80,-50,0.65,13,sell
8/03,2406,永豐金-彰化,0039004100390073,39,2,37,0.48,14,buy
8/03,2406,康和-台北,0038003400350055,10,54,-44,0.57,14,sell
8/03,2406,國泰-台中,8882,47,11,36,0.47,15,buy
8/03,2406,永豐金證券,0039004100300030,33,74,-41,0.54,15,sell
8/03,2801,土銀,1030,20349,1,20348,40.51,1,buy
8/03,2801,摩根大通,8440,694,5455,-4761,9.48,1,sell
8/03,2801,永豐金證券,0039004100300030,4317,272,4045,8.05,2,buy
8/03,2801,台灣摩根士丹利,1470,697,4367,-3670,7.31,2,sell
8/03,2801,富邦證券,9600,2009,2,2007,4.0,3,buy
8/03,2801,新加坡商瑞銀,1650,936,4582,-3646,7.26,3,sell
8/03,2801,富邦-陽明,9604,1241,103,1138,2.27,4,buy
8/03,2801,凱基-台北,9268,1925,5296,-3371,6.71,4,sell
8/03,2801,永豐金-市政,0039004100390057,910,284,626,1.25,5,buy
8/03,2801,永豐金-匯立,0039004100380031,0,2679,-2679,5.33,5,sell
8/03,2801,國泰-松江,8883,504,18,486,0.97,6,buy
8/03,2801,美林,1440,986,2244,-1258,2.5,6,sell
8/03,2801,國票-和平,003700370039006a,463,0,463,0.92,7,buy
8/03,2801,美商高盛,1480,2310,3547,-1237,2.46,7,sell
8/03,2801,第一金-台中,5382,403,1,402,0.8,8,buy
8/03,2801,港商野村,1560,0,1208,-1208,2.41,8,sell
8/03,2801,富邦-公益,0039003600310046,361,86,275,0.55,9,buy
8/03,2801,兆豐-彰化,0037003000300064,0,717,-717,1.43,9,sell
8/03,2801,元大-上新莊,0039003800330047,413,201,212,0.42,10,buy
8/03,2801,群益金鼎-中港,9138,0,702,-702,1.4,10,sell
8/03,2801,元大-蘆洲,9857,218,10,208,0.41,11,buy
8/03,2801,國泰證券,8880,21,500,-479,0.95,11,sell
8/03,2801,國泰-台中,8882,222,21,201,0.4,12,buy
8/03,2801,國泰-館前,0038003800380041,239,623,-384,0.76,12,sell
8/03,2801,彰銀,1230,322,123,199,0.4,13,buy
8/03,2801,元大-蘆洲中正,0039003800390049,4,377,-373,0.74,13,sell
8/03,2801,國票-長城,0037003700390075,170,20,150,0.3,14,buy
8/03,2801,台灣企銀-太平,1115,0,350,-350,0.7,14,sell
8/03,2801,群益金鼎,9100,172,42,130,0.26,15,buy
8/03,2801,花旗環球,1590,424,757,-333,0.66,15,sell
8/03,2542,台中銀,6110,1204,2,1202,27.71,1,buy
8/03,2542,台灣摩根士丹利,1470,20,915,-895,20.63,1,sell
8/03,2542,美林,1440,860,181,679,15.65,2,buy
8/03,2542,摩根大通,8440,74,401,-327,7.54,2,sell
8/03,2542,元大證券,9800,151,92,59,1.36,3,buy
8/03,2542,凱基-台北,9268,264,432,-168,3.87,3,sell
8/03,2542,花旗環球,1590,58,3,55,1.27,4,buy
8/03,2542,永豐金證券,0039004100300030,76,213,-137,3.16,4,sell
8/03,2542,統一-敦南,5852,42,1,41,0.95,5,buy
8/03,2542,香港上海匯豐,8960,0,94,-94,2.17,5,sell
8/03,2542,華南永昌-鳳山,9331,30,0,30,0.69,6,buy
8/03,2542,新加坡商瑞銀,1650,22,112,-90,2.07,6,sell
8/03,2542,高橋,5320,22,0,22,0.51,7,buy
8/03,2542,美商高盛,1480,483,565,-82,1.89,7,sell
8/03,2542,富邦-台南,9667,21,0,21,0.48,8,buy
8/03,2542,台灣企銀-岡山,1119,0,74,-74,1.71,8,sell
8/03,2542,元大-嘉義,0039003800390067,20,0,20,0.46,9,buy
8/03,2542,凱基,9200,0,65,-65,1.5,9,sell
8/03,2542,富邦-建國,9658,24,4,20,0.46,10,buy
8/03,2542,群益金鼎-新店,0039003100380046,0,52,-52,1.2,10,sell
8/03,2542,港商野村,1560,17,0,17,0.39,11,buy
8/03,2542,群益金鼎-萬華,0039003100330049,0,50,-50,1.15,11,sell
8/03,2542,元大-士林,003900380031006a,16,2,14,0.32,12,buy
8/03,2542,新光,8560,30,71,-41,0.95,12,sell
8/03,2542,元大-龍潭,9858,13,0,13,0.3,13,buy
8/03,2542,國泰證券,8880,0,40,-40,0.92,13,sell
8/03,2542,華南永昌-彰化,9363,19,6,13,0.3,14,buy
8/03,2542,台新-北中壢,003900420032004c,1,34,-33,0.76,14,sell
8/03,2542,玉山-桃園,0038003800340046,12,0,12,0.28,15,buy
8/03,2542,元大-新竹經國,9859,0,30,-30,0.69,15,sell
8/03,1216,美商高盛,1480,2059,174,1885,11.37,1,buy
8/03,1216,富邦證券,9600,3,7594,-7591,45.8,1,sell
8/03,1216,摩根大通,8440,2119,868,1251,7.55,2,buy
8/03,1216,元大證券,9800,160,1750,-1590,9.59,2,sell
8/03,1216,美林,1440,1133,32,1101,6.64,3,buy
8/03,1216,台新,0039004200300030,54,1365,-1311,7.91,3,sell
8/03,1216,新加坡商瑞銀,1650,1074,100,974,5.88,4,buy
8/03,1216,國票-敦北法人,0037003700390063,0,885,-885,5.34,4,sell
8/03,1216,凱基-台北,9268,1691,908,783,4.72,5,buy
8/03,1216,香港上海匯豐,8960,26,210,-184,1.11,5,sell
8/03,1216,凱基,9200,645,170,475,2.87,6,buy
8/03,1216,凱基-站前,0039003200300046,5,154,-149,0.9,6,sell
8/03,1216,第一金-澎湖,5387,460,0,460,2.78,7,buy
8/03,1216,凱基-虎尾,9236,0,80,-80,0.48,7,sell
8/03,1216,永豐金-桃盛,003900410039004e,400,0,400,2.41,8,buy
8/03,1216,亞東-台南,2185,4,19,-15,0.09,8,sell
8/03,1216,福勝,6950,174,0,174,1.05,9,buy
8/03,1216,富邦-建國,9658,6,20,-14,0.08,9,sell
8/03,1216,法銀巴黎,8900,265,103,162,0.98,10,buy
8/03,1216,中國信託-永康,6163,7,20,-13,0.08,10,sell
8/03,1216,花旗環球,1590,597,449,148,0.89,11,buy
8/03,1216,統一-新台中,0035003800350044,6,17,-11,0.07,11,sell
8/03,1216,港商麥格理,1360,129,0,129,0.78,12,buy
8/03,1216,元大-民雄,0039003800310056,0,10,-10,0.06,12,sell
8/03,1216,中國信託-忠孝,6162,126,3,123,0.74,13,buy
8/03,1216,群益金鼎,9100,13,21,-8,0.05,13,sell
8/03,1216,永豐金證券,0039004100300030,249,128,121,0.73,14,buy
8/03,1216,兆豐-台南,7006,0,7,-7,0.04,14,sell
8/03,1216,台灣摩根士丹利,1470,927,814,113,0.68,15,buy
8/03,1216,康和-台中,8455,0,6,-6,0.04,15,sell
8/03,3706,台灣摩根士丹利,1470,1363,52,1311,15.15,1,buy
8/03,3706,玉山-左營,0038003800340044,6,207,-201,2.32,1,sell
8/03,3706,摩根大通,8440,802,90,712,8.23,2,buy
8/03,3706,群益金鼎,9100,139,217,-78,0.9,2,sell
8/03,3706,美商高盛,1480,538,48,490,5.66,3,buy
8/03,3706,國泰-館前,0038003800380041,13,88,-75,0.87,3,sell
8/03,3706,凱基-台北,9268,842,367,475,5.49,4,buy
8/03,3706,元大-高雄,003900380031006d,31,99,-68,0.79,4,sell
8/03,3706,新加坡商瑞銀,1650,440,122,318,3.67,5,buy
8/03,3706,國泰-台南,8884,11,71,-60,0.69,5,sell
8/03,3706,元大-彰化民生,003900380039004a,182,14,168,1.94,6,buy
8/03,3706,華南永昌,9300,14,70,-56,0.65,6,sell
8/03,3706,元大證券,9800,349,238,111,1.28,7,buy
8/03,3706,台新,0039004200300030,9,63,-54,0.62,7,sell
8/03,3706,玉山證券,8840,105,15,90,1.04,8,buy
8/03,3706,香港上海匯豐,8960,6,58,-52,0.6,8,sell
8/03,3706,富邦證券,9600,100,15,85,0.98,9,buy
8/03,3706,元大-新竹經國,9859,4,53,-49,0.57,9,sell
8/03,3706,中國信託,6160,92,11,81,0.94,10,buy
8/03,3706,富邦-陽明,9604,20,69,-49,0.57,10,sell
8/03,3706,國票-敦北法人,0037003700390063,76,1,75,0.87,11,buy
8/03,3706,新光,8560,32,79,-47,0.54,11,sell
8/03,3706,富邦-台北,9623,76,16,60,0.69,12,buy
8/03,3706,富邦-建國,9658,65,112,-47,0.54,12,sell
8/03,3706,凱基-三重,9205,56,7,49,0.57,13,buy
8/03,3706,玉山-新竹,0038003800340048,11,57,-46,0.53,13,sell
8/03,3706,美林,1440,199,156,43,0.5,14,buy
8/03,3706,元大-台南,9896,6,51,-45,0.52,14,sell
8/03,3706,花旗環球,1590,41,4,37,0.43,15,buy
8/03,3706,第一金-華江,0035003300380057,6,51,-45,0.52,15,sell
8/03,5871,新加坡商瑞銀,1650,1261,419,842,14.05,1,buy
8/03,5871,摩根大通,8440,385,921,-536,8.95,1,sell
8/03,5871,美林,1440,676,0,676,11.28,2,buy
8/03,5871,凱基-台北,9268,610,1145,-535,8.93,2,sell
8/03,5871,台灣摩根士丹利,1470,450,20,430,7.18,3,buy
8/03,5871,港商野村,1560,44,255,-211,3.52,3,sell
8/03,5871,美商高盛,1480,829,552,277,4.62,4,buy
8/03,5871,元大證券,9800,166,363,-197,3.29,4,sell
8/03,5871,花旗環球,1590,297,105,192,3.2,5,buy
8/03,5871,宏遠-館前,0031003200360055,0,120,-120,2.0,5,sell
8/03,5871,群益金鼎,9100,154,11,143,2.39,6,buy
8/03,5871,永豐金證券,0039004100300030,27,133,-106,1.77,6,sell
8/03,5871,永豐金-桃園,0039004100390078,23,1,22,0.37,7,buy
8/03,5871,國票-九鼎,0037003700390050,2,102,-100,1.67,7,sell
8/03,5871,臺銀-新竹,1045,15,0,15,0.25,8,buy
8/03,5871,兆豐證券,7000,10,110,-100,1.67,8,sell
8/03,5871,富邦-頭份,0039003600320050,22,7,15,0.25,9,buy
8/03,5871,香港上海匯豐,8960,8,79,-71,1.18,9,sell
8/03,5871,永豐金-匯立,0039004100380031,14,0,14,0.23,10,buy
8/03,5871,法銀巴黎,8900,0,58,-58,0.97,10,sell
8/03,5871,台新-基隆,0039004200320053,11,0,11,0.18,11,buy
8/03,5871,亞東,2180,0,50,-50,0.83,11,sell
8/03,5871,臺銀-民權,1043,12,2,10,0.17,12,buy
8/03,5871,凱基,9200,3,50,-47,0.78,12,sell
8/03,5871,永豐金-板盛,0039004100390059,11,1,10,0.17,13,buy
8/03,5871,合庫-嘉義,1024,0,40,-40,0.67,13,sell
8/03,5871,康和-永和,0038003400350042,8,0,8,0.13,14,buy
8/03,5871,新光-台南,8564,0,35,-35,0.58,14,sell
8/03,5871,凱基-大里,0039003200300057,8,0,8,0.13,15,buy
8/03,5871,新光,8560,214,248,-34,0.57,15,sell
8/03,3702,摩根大通,8440,1254,383,871,12.55,1,buy
8/03,3702,群益金鼎,9100,57,808,-751,10.82,1,sell
8/03,3702,美商高盛,1480,537,76,461,6.64,2,buy
8/03,3702,華南永昌,9300,78,443,-365,5.26,2,sell
8/03,3702,新加坡商瑞銀,1650,466,26,440,6.34,3,buy
8/03,3702,富邦證券,9600,26,273,-247,3.56,3,sell
8/03,3702,凱基-台北,9268,875,478,397,5.72,4,buy
8/03,3702,聯邦證券,8580,6,239,-233,3.36,4,sell
8/03,3702,港商野村,1560,376,0,376,5.42,5,buy
8/03,3702,永豐金-天母,0039004100390047,0,218,-218,3.14,5,sell
8/03,3702,台灣摩根士丹利,1470,736,363,373,5.38,6,buy
8/03,3702,花旗環球,1590,0,193,-193,2.78,6,sell
8/03,3702,美林,1440,164,0,164,2.36,7,buy
8/03,3702,香港上海匯豐,8960,0,184,-184,2.65,7,sell
8/03,3702,元大-土城,9897,119,7,112,1.61,8,buy
8/03,3702,國票-長城,0037003700390075,3,158,-155,2.23,8,sell
8/03,3702,港商麥格理,1360,71,0,71,1.02,9,buy
8/03,3702,元大證券,9800,547,607,-60,0.86,9,sell
8/03,3702,永豐金證券,0039004100300030,81,11,70,1.01,10,buy
8/03,3702,富邦-仁愛,9676,6,57,-51,0.74,10,sell
8/03,3702,國票證券,7790,64,3,61,0.88,11,buy
8/03,3702,永豐金-古亭,0039004100390064,1,48,-47,0.68,11,sell
8/03,3702,國泰-忠孝,8887,51,4,47,0.68,12,buy
8/03,3702,台新-松江,0039004200310035,0,38,-38,0.55,12,sell
8/03,3702,國泰證券,8880,40,0,40,0.58,13,buy
8/03,3702,凱基,9200,6,44,-38,0.55,13,sell
8/03,3702,元大-新盛,9869,20,1,19,0.27,14,buy
8/03,3702,富邦-高雄,9659,2,31,-29,0.42,14,sell
8/03,3702,永豐金-新店,0039004100390069,14,0,14,0.2,15,buy
8/03,3702,富邦-竹科,0039003600320043,0,29,-29,0.42,15,sell
8/03,2885,永豐金-匯立,0039004100380031,2092,80,2012,6.64,1,buy
8/03,2885,港商麥格理,1360,0,1841,-1841,6.07,1,sell
8/03,2885,美林,1440,3185,1456,1729,5.7,2,buy
8/03,2885,港商野村,1560,358,2042,-1684,5.55,2,sell
8/03,2885,凱基,9200,1754,199,1555,5.13,3,buy
8/03,2885,法銀巴黎,8900,68,1302,-1234,4.07,3,sell
8/03,2885,台新,0039004200300030,1451,6,1445,4.77,4,buy
8/03,2885,凱基-台北,9268,1951,3170,-1219,4.02,4,sell
8/03,2885,永豐金證券,0039004100300030,1644,293,1351,4.46,5,buy
8/03,2885,香港上海匯豐,8960,68,1279,-1211,3.99,5,sell
8/03,2885,統一,5850,1164,22,1142,3.77,6,buy
8/03,2885,台灣摩根士丹利,1470,1887,3094,-1207,3.98,6,sell
8/03,2885,富邦證券,9600,1232,98,1134,3.74,7,buy
8/03,2885,土銀,1030,1,1021,-1020,3.36,7,sell
8/03,2885,摩根大通,8440,2806,1967,839,2.77,8,buy
8/03,2885,美商高盛,1480,2694,3269,-575,1.9,8,sell
8/03,2885,新光-新竹,8563,532,1,531,1.75,9,buy
8/03,2885,花旗環球,1590,727,1289,-562,1.85,9,sell
8/03,2885,元大-台北,0039003800300068,451,7,444,1.46,10,buy
8/03,2885,華南永昌,9300,2,217,-215,0.71,10,sell
8/03,2885,元大證券,9800,1553,1170,383,1.26,11,buy
8/03,2885,富隆證券,5110,0,150,-150,0.49,11,sell
8/03,2885,元大-新營,9825,286,2,284,0.94,12,buy
8/03,2885,元大-發財,0039003800310045,0,111,-111,0.37,12,sell
8/03,2885,國泰證券,8880,310,94,216,0.71,13,buy
8/03,2885,元大-永和,9891,8,114,-106,0.35,13,sell
8/03,2885,統一-三多,0035003800350051,51,0,51,0.17,14,buy
8/03,2885,兆豐-南京,0037003000300050,0,100,-100,0.33,14,sell
8/03,2885,富邦-二林,0039003600320042,54,3,51,0.17,15,buy
8/03,2885,凱基-站前,0039003200300046,50,149,-99,0.33,15,sell
8/03,8046,元大證券,9800,487,287,200,3.27,1,buy
8/03,8046,凱基-台北,9268,120,586,-466,7.61,1,sell
8/03,8046,摩根大通,8440,455,288,167,2.73,2,buy
8/03,8046,台灣摩根士丹利,1470,902,1237,-335,5.47,2,sell
8/03,8046,香港上海匯豐,8960,142,19,123,2.01,3,buy
8/03,8046,富邦證券,9600,82,304,-222,3.63,3,sell
8/03,8046,美商高盛,1480,165,59,106,1.73,4,buy
8/03,8046,凱基-城中,9227,0,170,-170,2.78,4,sell
8/03,8046,中國信託,6160,84,10,74,1.21,5,buy
8/03,8046,新加坡商瑞銀,1650,29,182,-153,2.5,5,sell
8/03,8046,台新,0039004200300030,127,55,72,1.18,6,buy
8/03,8046,美林,1440,210,338,-128,2.09,6,sell
8/03,8046,群益金鼎-三民,9188,69,0,69,1.13,7,buy
8/03,8046,統一-城中,5854,2,80,-78,1.27,7,sell
8/03,8046,國票證券,7790,68,6,62,1.01,8,buy
8/03,8046,兆豐-北高雄,0037003000300049,0,70,-70,1.14,8,sell
8/03,8046,凱基-站前,0039003200300046,60,10,50,0.82,9,buy
8/03,8046,國票-敦北法人,0037003700390063,1,70,-69,1.13,9,sell
8/03,8046,群益金鼎-台北,0039003100380058,50,0,50,0.82,10,buy
8/03,8046,元大-新莊,9898,2,61,-59,0.96,10,sell
8/03,8046,永豐金-南京,0039004100390053,49,3,46,0.75,11,buy
8/03,8046,國票-安和,003700370039005a,35,83,-48,0.78,11,sell
8/03,8046,永豐金證券,0039004100300030,72,29,43,0.7,12,buy
8/03,8046,中國信託-中壢,0036003100360041,1,31,-30,0.49,12,sell
8/03,8046,台新-台北,0039004200320030,40,2,38,0.62,13,buy
8/03,8046,華南永昌-竹北,9339,1,31,-30,0.49,13,sell
8/03,8046,兆豐-大安,003700300030006a,38,1,37,0.6,14,buy
8/03,8046,群益金鼎-館前,0039003100330059,30,58,-28,0.46,14,sell
8/03,8046,凱基,9200,85,50,35,0.57,15,buy
8/03,8046,元大-南京,9862,3,28,-25,0.41,15,sell
8/03,2352,台灣摩根士丹利,1470,832,107,725,13.56,1,buy
8/03,2352,富邦-台北,9623,7,216,-209,3.91,1,sell
8/03,2352,新加坡商瑞銀,1650,652,60,592,11.08,2,buy
8/03,2352,統一,5850,17,197,-180,3.37,2,sell
8/03,2352,美商高盛,1480,620,306,314,5.87,3,buy
8/03,2352,摩根大通,8440,204,298,-94,1.76,3,sell
8/03,2352,凱基-台北,9268,585,379,206,3.85,4,buy
8/03,2352,群益金鼎-士林,9137,0,82,-82,1.53,4,sell
8/03,2352,港商野村,1560,179,0,179,3.35,5,buy
8/03,2352,大昌-樹林,6461,4,67,-63,1.18,5,sell
8/03,2352,花旗環球,1590,120,0,120,2.25,6,buy
8/03,2352,香港上海匯豐,8960,26,83,-57,1.07,6,sell
8/03,2352,美林,1440,212,107,105,1.96,7,buy
8/03,2352,元大-新莊,9898,9,61,-52,0.97,7,sell
8/03,2352,永豐金-嘉義,003900410039006a,101,0,101,1.89,8,buy
8/03,2352,兆豐-永和,0037003000300058,0,46,-46,0.86,8,sell
8/03,2352,凱基-松山,9217,101,4,97,1.81,9,buy
8/03,2352,國泰-敦南,8888,29,70,-41,0.77,9,sell
8/03,2352,富邦-三峽,003900360032004a,51,0,51,0.95,10,buy
8/03,2352,元大-北投,0039003800390041,1,41,-40,0.75,10,sell
8/03,2352,華南永昌-嘉義,9314,50,2,48,0.9,11,buy
8/03,2352,中農,8520,0,40,-40,0.75,11,sell
8/03,2352,統一-三多,0035003800350051,40,0,40,0.75,12,buy
8/03,2352,元大-汐止,0039003800390051,0,39,-39,0.73,12,sell
8/03,2352,元大-大里,0039003800310067,43,5,38,0.71,13,buy
8/03,2352,富邦-陽明,9604,11,46,-35,0.65,13,sell
8/03,2352,永豐金-豐原,0039004100390051,38,0,38,0.71,14,buy
8/03,2352,元大-基隆,0039003800390059,4,38,-34,0.64,14,sell
8/03,2352,元大-新生,0039003800310058,30,0,30,0.56,15,buy
8/03,2352,永豐金證券,0039004100300030,26,61,-35,0.65,15,sell
8/03,8069,台灣摩根士丹利,1470,1130,321,809,10.93,1,buy
8/03,8069,摩根大通,8440,304,1042,-738,9.97,1,sell
8/03,8069,富邦-仁愛,9676,445,7,438,5.92,2,buy
8/03,8069,港商麥格理,1360,6,675,-669,9.04,2,sell
8/03,8069,凱基-台北,9268,590,483,107,1.45,3,buy
8/03,8069,花旗環球,1590,27,228,-201,2.72,3,sell
8/03,8069,華南永昌-長虹,9333,101,0,101,1.37,4,buy
8/03,8069,美林,1440,45,225,-180,2.43,4,sell
8/03,8069,元大證券,9800,482,405,77,1.04,5,buy
8/03,8069,富邦-高雄,9659,4,63,-59,0.8,5,sell
8/03,8069,港商野村,1560,75,0,75,1.01,6,buy
8/03,8069,台新-台中,0039004200310068,4,48,-44,0.59,6,sell
8/03,8069,華南永昌-東昇,9386,70,6,64,0.86,7,buy
8/03,8069,第一金-桃園,5385,1,40,-39,0.53,7,sell
8/03,8069,富邦證券,9600,122,59,63,0.85,8,buy
8/03,8069,永豐金-中正,0039004100390055,4,35,-31,0.42,8,sell
8/03,8069,華南永昌-南京,9326,53,3,50,0.68,9,buy
8/03,8069,新加坡商瑞銀,1650,170,200,-30,0.41,9,sell
8/03,8069,兆豐證券,7000,51,14,37,0.5,10,buy
8/03,8069,香港上海匯豐,8960,11,35,-24,0.32,10,sell
8/03,8069,富邦-板橋,9655,34,3,31,0.42,11,buy
8/03,8069,台新-松德,0039004200320061,12,32,-20,0.27,11,sell
8/03,8069,法銀巴黎,8900,42,12,30,0.41,12,buy
8/03,8069,新光-高雄,8562,4,25,-21,0.28,12,sell
8/03,8069,永豐金-竹北,0039004100390050,28,1,27,0.36,13,buy
8/03,8069,永豐金證券,0039004100300030,24,45,-21,0.28,13,sell
8/03,8069,永豐金-中壢,0039004100390039,20,0,20,0.27,14,buy
8/03,8069,永豐金-新竹,0039004100390037,6,26,-20,0.27,14,sell
8/03,8069,美商高盛,1480,454,438,16,0.22,15,buy
8/03,8069,台新-中壢,0039004200310079,1,21,-20,0.27,15,sell
8/03,6005,兆豐證券,7000,2204,0,2204,28.53,1,buy
8/03,6005,摩根大通,8440,78,1060,-982,12.71,1,sell
8/03,6005,聯邦-台南,8588,238,0,238,3.08,2,buy
8/03,6005,美商高盛,1480,388,820,-432,5.59,2,sell
8/03,6005,元大證券,9800,671,550,121,1.57,3,buy
8/03,6005,凱基-台北,9268,366,664,-298,3.86,3,sell
8/03,6005,台新-屏東,003900420031006e,103,2,101,1.31,4,buy
8/03,6005,永豐金證券,0039004100300030,28,271,-243,3.15,4,sell
8/03,6005,富邦-陽明,9604,56,0,56,0.72,5,buy
8/03,6005,統一-南京,0035003800350055,1,200,-199,2.58,5,sell
8/03,6005,元大-成功,003900380039004c,41,0,41,0.53,6,buy
8/03,6005,永豐金-市政,0039004100390057,5,163,-158,2.05,6,sell
8/03,6005,元大-板橋,0039003800390043,40,0,40,0.52,7,buy
8/03,6005,香港上海匯豐,8960,4,159,-155,2.01,7,sell
8/03,6005,永豐金-中和,0039004100390042,36,2,34,0.44,8,buy
8/03,6005,花旗環球,1590,24,163,-139,1.8,8,sell
8/03,6005,港商野村,1560,34,0,34,0.44,9,buy
8/03,6005,美林,1440,13,139,-126,1.63,9,sell
8/03,6005,合庫證券,1020,28,0,28,0.36,10,buy
8/03,6005,永豐金-高雄,0039004100390065,0,100,-100,1.29,10,sell
8/03,6005,元大-台南,9896,27,1,26,0.34,11,buy
8/03,6005,新加坡商瑞銀,1650,55,139,-84,1.09,11,sell
8/03,6005,台中銀-台北,6115,25,0,25,0.32,12,buy
8/03,6005,凱基-三重,9205,0,72,-72,0.93,12,sell
8/03,6005,群益金鼎-忠孝,0039003100380057,40,15,25,0.32,13,buy
8/03,6005,法銀巴黎,8900,0,66,-66,0.85,13,sell
8/03,6005,富邦-台中,003900360035004b,32,9,23,0.3,14,buy
8/03,6005,群益金鼎-新莊,0039003100380047,0,61,-61,0.79,14,sell
8/03,6005,台新-三民,0039004200310033,23,1,22,0.28,15,buy
8/03,6005,元大-南勢角,0039003800340045,5,58,-53,0.69,15,sell
8/03,6182,台灣摩根士丹利,1470,1501,342,1159,17.8,1,buy
8/03,6182,統一,5850,103,346,-243,3.73,1,sell
8/03,6182,永豐金證券,0039004100300030,478,160,318,4.88,2,buy
8/03,6182,元大證券,9800,147,292,-145,2.23,2,sell
8/03,6182,摩根大通,8440,419,138,281,4.32,3,buy
8/03,6182,美林,1440,170,297,-127,1.95,3,sell
8/03,6182,富邦證券,9600,203,5,198,3.04,4,buy
8/03,6182,凱基-羅東,9258,0,106,-106,1.63,4,sell
8/03,6182,美商高盛,1480,209,85,124,1.9,5,buy
8/03,6182,元大-西屯,0039003800300077,0,90,-90,1.38,5,sell
8/03,6182,中國信託,6160,124,14,110,1.69,6,buy
8/03,6182,凱基-台北,9268,2,82,-80,1.23,6,sell
8/03,6182,群益金鼎-敦南,9101,100,0,100,1.54,7,buy
8/03,6182,國票-安和,003700370039005a,51,130,-79,1.21,7,sell
8/03,6182,凱基-市政,9239,105,19,86,1.32,8,buy
8/03,6182,元大-虎尾,003900380030006c,2,73,-71,1.09,8,sell
8/03,6182,玉山證券,8840,71,9,62,0.95,9,buy
8/03,6182,元大-文心興安,9854,1,70,-69,1.06,9,sell
8/03,6182,花旗環球,1590,59,0,59,0.91,10,buy
8/03,6182,康和,8450,5,59,-54,0.83,10,sell
8/03,6182,第一金-忠孝,0035003300380044,47,0,47,0.72,11,buy
8/03,6182,亞東,2180,0,54,-54,0.83,11,sell
8/03,6182,群益金鼎-土城,003900310033004e,42,0,42,0.64,12,buy
8/03,6182,元大-忠孝,9871,20,74,-54,0.83,12,sell
8/03,6182,元大-嘉義,0039003800390067,35,2,33,0.51,13,buy
8/03,6182,富邦-台南,9667,8,58,-50,0.77,13,sell
8/03,6182,凱基-鳳山,9274,25,0,25,0.38,14,buy
8/03,6182,新光-台南,8564,16,64,-48,0.74,14,sell
8/03,6182,元大-桃興,9894,23,0,23,0.35,15,buy
8/03,6182,凱基-信義,9216,0,48,-48,0.74,15,sell
8/03,2327,摩根大通,8440,2232,369,1863,8.3,1,buy
8/03,2327,元大證券,9800,761,3321,-2560,11.41,1,sell
8/03,2327,富邦證券,9600,2094,435,1659,7.39,2,buy
8/03,2327,元大-竹科,003900380030004b,12,1015,-1003,4.47,2,sell
8/03,2327,國票-安和,003700370039005a,1531,31,1500,6.69,3,buy
8/03,2327,元大-館前,003900380034004b,4,503,-499,2.22,3,sell
8/03,2327,美商高盛,1480,1691,521,1170,5.21,4,buy
8/03,2327,花旗環球,1590,3,371,-368,1.64,4,sell
8/03,2327,新加坡商瑞銀,1650,1050,183,867,3.86,5,buy
8/03,2327,兆豐-虎尾,0037003000300046,0,274,-274,1.22,5,sell
8/03,2327,統一-城中,5854,810,12,798,3.56,6,buy
8/03,2327,凱基-永和,9207,0,252,-252,1.12,6,sell
8/03,2327,國票-敦北法人,0037003700390063,806,8,798,3.56,7,buy
8/03,2327,國泰-敦南,8888,209,415,-206,0.92,7,sell
8/03,2327,凱基-城中,9227,722,6,716,3.19,8,buy
8/03,2327,凱基-市政,9239,95,274,-179,0.8,8,sell
8/03,2327,凱基-台北,9268,1497,873,624,2.78,9,buy
8/03,2327,兆豐證券,7000,7,179,-172,0.77,9,sell
8/03,2327,群益金鼎-台北,0039003100380058,423,3,420,1.87,10,buy
8/03,2327,凱基-站前,0039003200300046,22,175,-153,0.68,10,sell
8/03,2327,群益金鼎,9100,416,18,398,1.77,11,buy
8/03,2327,新光,8560,59,175,-116,0.52,11,sell
8/03,2327,統一,5850,839,458,381,1.7,12,buy
8/03,2327,元大-虎尾,003900380030006c,2,104,-102,0.45,12,sell
8/03,2327,大和國泰,8890,225,0,225,1.0,13,buy
8/03,2327,富邦-台北,9623,97,189,-92,0.41,13,sell
8/03,2327,國泰證券,8880,225,5,220,0.98,14,buy
8/03,2327,統一-士林,003500380035004d,9,87,-78,0.35,14,sell
8/03,2327,港商麥格理,1360,188,0,188,0.84,15,buy
8/03,2327,香港上海匯豐,8960,0,74,-74,0.33,15,sell
8/03,9904,摩根大通,8440,2725,595,2130,14.34,1,buy
8/03,9904,富邦證券,9600,0,663,-663,4.46,1,sell
8/03,9904,台灣摩根士丹利,1470,1730,364,1366,9.2,2,buy
8/03,9904,凱基-台北,9268,1895,2286,-391,2.63,2,sell
8/03,9904,美商高盛,1480,2016,1612,404,2.72,3,buy
8/03,9904,花旗環球,1590,118,365,-247,1.66,3,sell
8/03,9904,元大-羅東,0039003800320041,255,0,255,1.72,4,buy
8/03,9904,台新-同大,0039004200320050,0,200,-200,1.35,4,sell
8/03,9904,元大證券,9800,846,673,173,1.16,5,buy
8/03,9904,永豐金-彰化,0039004100390073,9,206,-197,1.33,5,sell
8/03,9904,富邦-陽明,9604,183,15,168,1.13,6,buy
8/03,9904,元大-和平,9863,330,520,-190,1.28,6,sell
8/03,9904,新加坡商瑞銀,1650,453,313,140,0.94,7,buy
8/03,9904,國泰-館前,0038003800380041,14,181,-167,1.12,7,sell
8/03,9904,第一金-彰化,5386,151,11,140,0.94,8,buy
8/03,9904,永豐金證券,0039004100300030,25,189,-164,1.1,8,sell
8/03,9904,元大-鹿港,0039003800390053,118,1,117,0.79,9,buy
8/03,9904,永豐金-匯立,0039004100380031,0,157,-157,1.06,9,sell
8/03,9904,群益金鼎-中壢,0039003100380041,115,0,115,0.77,10,buy
8/03,9904,元大-內湖民權,9867,100,253,-153,1.03,10,sell
8/03,9904,永豐金-內湖,0039004100390067,147,56,91,0.61,11,buy
8/03,9904,香港上海匯豐,8960,0,148,-148,1.0,11,sell
8/03,9904,富邦-台北,9623,110,28,82,0.55,12,buy
8/03,9904,凱基-五股,0039003200310047,3,130,-127,0.86,12,sell
8/03,9904,元大-土城永寧,9875,80,0,80,0.54,13,buy
8/03,9904,國泰-敦南,8888,24,150,-126,0.85,13,sell
8/03,9904,富邦-仁愛,9676,72,3,69,0.46,14,buy
8/03,9904,美林,1440,343,459,-116,0.78,14,sell
8/03,9904,永豐金-板新,003900410039004a,61,0,61,0.41,15,buy
8/03,9904,新光-台中,8561,7,123,-116,0.78,15,sell
8/03,2368,國票-敦北法人,0037003700390063,476,71,405,8.03,1,buy
8/03,2368,美商高盛,1480,113,618,-505,10.02,1,sell
8/03,2368,摩根大通,8440,589,206,383,7.6,2,buy
8/03,2368,合庫證券,1020,0,360,-360,7.14,2,sell
8/03,2368,台灣摩根士丹利,1470,582,326,256,5.08,3,buy
8/03,2368,新加坡商瑞銀,1650,176,454,-278,5.51,3,sell
8/03,2368,富邦證券,9600,170,30,140,2.78,4,buy
8/03,2368,臺銀,1040,0,181,-181,3.59,4,sell
8/03,2368,美林,1440,303,165,138,2.74,5,buy
8/03,2368,富邦-板橋,9655,7,99,-92,1.83,5,sell
8/03,2368,元大證券,9800,553,427,126,2.5,6,buy
8/03,2368,港商野村,1560,7,76,-69,1.37,6,sell
8/03,2368,凱基-台北,9268,407,287,120,2.38,7,buy
8/03,2368,香港上海匯豐,8960,6,48,-42,0.83,7,sell
8/03,2368,富邦-南屯,9666,115,1,114,2.26,8,buy
8/03,2368,永豐金-員林,0039004100390043,0,38,-38,0.75,8,sell
8/03,2368,國泰證券,8880,90,9,81,1.61,9,buy
8/03,2368,永豐金-南京,0039004100390053,1,35,-34,0.67,9,sell
8/03,2368,台新-台北,0039004200320030,60,5,55,1.09,10,buy
8/03,2368,群益金鼎-民權,9131,5,35,-30,0.6,10,sell
8/03,2368,台新,0039004200300030,64,14,50,0.99,11,buy
8/03,2368,大和國泰,8890,0,25,-25,0.5,11,sell
8/03,2368,港商麥格理,1360,49,0,49,0.97,12,buy
8/03,2368,富邦-南京,0039003600310043,0,25,-25,0.5,12,sell
8/03,2368,永豐金-內湖,0039004100390067,39,1,38,0.75,13,buy
8/03,2368,群益金鼎,9100,27,50,-23,0.46,13,sell
8/03,2368,土銀-台中,1031,38,0,38,0.75,14,buy
8/03,2368,台新-敦南,0039004200320051,0,20,-20,0.4,14,sell
8/03,2368,台新-安南,003900420032005a,30,2,28,0.56,15,buy
8/03,2368,富邦-嘉義,9692,0,17,-17,0.34,15,sell
8/03,3090,摩根大通,8440,1200,529,671,6.57,1,buy
8/03,3090,港商麥格理,1360,2,2731,-2729,26.73,1,sell
8/03,3090,華南永昌,9300,274,21,253,2.48,2,buy
8/03,3090,凱基-台北,9268,268,716,-448,4.39,2,sell
8/03,3090,元大-竹科,003900380030004b,232,0,232,2.27,3,buy
8/03,3090,元大證券,9800,569,965,-396,3.88,3,sell
8/03,3090,美商高盛,1480,446,266,180,1.76,4,buy
8/03,3090,永豐金-中正,0039004100390055,2,120,-118,1.16,4,sell
8/03,3090,富邦證券,9600,305,141,164,1.61,5,buy
8/03,3090,華南永昌-竹北,9339,3,88,-85,0.83,5,sell
8/03,3090,台新-城東,0039004200320072,155,2,153,1.5,6,buy
8/03,3090,元大-內湖民權,9867,54,134,-80,0.78,6,sell
8/03,3090,富邦-嘉義,9692,413,308,105,1.03,7,buy
8/03,3090,群益金鼎-南京,0039003100380045,7,86,-79,0.77,7,sell
8/03,3090,統一,5850,345,259,86,0.84,8,buy
8/03,3090,凱基-大直,9218,0,50,-50,0.49,8,sell
8/03,3090,國票-中和,0037003700390058,80,2,78,0.76,9,buy
8/03,3090,台新-安南,003900420032005a,0,50,-50,0.49,9,sell
8/03,3090,美林,1440,147,72,75,0.73,10,buy
8/03,3090,永豐金-高雄,0039004100390065,5,52,-47,0.46,10,sell
8/03,3090,台灣摩根士丹利,1470,283,227,56,0.55,11,buy
8/03,3090,富邦-台北,9623,19,64,-45,0.44,11,sell
8/03,3090,元大-永春,9852,57,2,55,0.54,12,buy
8/03,3090,富邦-台南,9667,3,45,-42,0.41,12,sell
8/03,3090,元大-汐止,0039003800390051,54,2,52,0.51,13,buy
8/03,3090,群益金鼎-東大,9135,5,46,-41,0.4,13,sell
8/03,3090,永豐金-嘉義,003900410039006a,52,0,52,0.51,14,buy
8/03,3090,台新-敦南,0039004200320051,0,32,-32,0.31,14,sell
8/03,3090,新光,8560,72,22,50,0.49,15,buy
8/03,3090,富邦-南屯,9666,6,38,-32,0.31,15,sell
8/03,2481,元大證券,9800,3144,847,2297,28.63,1,buy
8/03,2481,兆豐-岡山,0037003000300073,0,200,-200,2.49,1,sell
8/03,2481,美商高盛,1480,600,230,370,4.61,2,buy
8/03,2481,台新-高雄,0039004200310067,19,193,-174,2.17,2,sell
8/03,2481,凱基-台北,9268,726,424,302,3.76,3,buy
8/03,2481,新加坡商瑞銀,1650,5,179,-174,2.17,3,sell
8/03,2481,凱基-員林,9231,102,2,100,1.25,4,buy
8/03,2481,元大-大里,0039003800310067,3,161,-158,1.97,4,sell
8/03,2481,康和-台南,8458,53,13,40,0.5,5,buy
8/03,2481,摩根大通,8440,83,216,-133,1.66,5,sell
8/03,2481,富邦-南屯,9666,50,14,36,0.45,6,buy
8/03,2481,台灣摩根士丹利,1470,91,217,-126,1.57,6,sell
8/03,2481,永豐金-萬盛,0039004100390032,37,5,32,0.4,7,buy
8/03,2481,國泰-敦南,8888,110,198,-88,1.1,7,sell
8/03,2481,元大-大同,0039003800390047,43,11,32,0.4,8,buy
8/03,2481,凱基-高雄,9206,5,64,-59,0.74,8,sell
8/03,2481,統一-仁愛,0035003800350063,30,0,30,0.37,9,buy
8/03,2481,富邦-陽明,9604,4,58,-54,0.67,9,sell
8/03,2481,國泰證券,8880,30,1,29,0.36,10,buy
8/03,2481,美林,1440,44,95,-51,0.64,10,sell
8/03,2481,富邦-和美,0039003600310050,30,2,28,0.35,11,buy
8/03,2481,玉山-新莊,8842,6,46,-40,0.5,11,sell
8/03,2481,宏遠-館前,0031003200360055,23,0,23,0.29,12,buy
8/03,2481,群益金鼎-忠孝,0039003100380057,0,36,-36,0.45,12,sell
8/03,2481,中國信託,6160,54,32,22,0.27,13,buy
8/03,2481,台新-台中,0039004200310068,34,68,-34,0.42,13,sell
8/03,2481,大和國泰,8890,21,0,21,0.26,14,buy
8/03,2481,元大-三民,0039003800390046,3,37,-34,0.42,14,sell
8/03,2481,合庫-高雄,1023,21,2,19,0.24,15,buy
8/03,2481,富邦-仁愛,9676,5,37,-32,0.4,15,sell
8/03,2385,港商野村,1560,757,72,685,22.39,1,buy
8/03,2385,玉山證券,8840,3,600,-597,19.52,1,sell
8/03,2385,美商高盛,1480,275,95,180,5.88,2,buy
8/03,2385,台灣摩根士丹利,1470,36,198,-162,5.3,2,sell
8/03,2385,港商麥格理,1360,150,0,150,4.9,3,buy
8/03,2385,元大證券,9800,127,286,-159,5.2,3,sell
8/03,2385,凱基-台北,9268,186,147,39,1.27,4,buy
8/03,2385,摩根大通,8440,36,183,-147,4.81,4,sell
8/03,2385,國泰-敦南,8888,45,15,30,0.98,5,buy
8/03,2385,國泰證券,8880,18,145,-127,4.15,5,sell
8/03,2385,美林,1440,519,492,27,0.88,6,buy
8/03,2385,富邦證券,9600,2,100,-98,3.2,6,sell
8/03,2385,玉山-台中,0038003800340042,21,0,21,0.69,7,buy
8/03,2385,新加坡商瑞銀,1650,4,67,-63,2.06,7,sell
8/03,2385,元大-楊梅,0039003800370041,20,0,20,0.65,8,buy
8/03,2385,花旗環球,1590,5,57,-52,1.7,8,sell
8/03,2385,國票-安和,003700370039005a,20,0,20,0.65,9,buy
8/03,2385,香港上海匯豐,8960,0,41,-41,1.34,9,sell
8/03,2385,台新-西松,003900420032006e,19,1,18,0.59,10,buy
8/03,2385,台新-埔里,0039004200320059,1,30,-29,0.95,10,sell
8/03,2385,玉山-板橋,8846,11,0,11,0.36,11,buy
8/03,2385,臺銀,1040,16,40,-24,0.78,11,sell
8/03,2385,富邦-新莊,0039003600320044,12,1,11,0.36,12,buy
8/03,2385,統一,5850,3,20,-17,0.56,12,sell
8/03,2385,元大-花蓮,9856,10,0,10,0.33,13,buy
8/03,2385,凱基,9200,2,18,-16,0.52,13,sell
8/03,2385,宏遠-光隆,0031003200360069,12,2,10,0.33,14,buy
8/03,2385,法銀巴黎,8900,0,15,-15,0.49,14,sell
8/03,2385,第一金-華江,0035003300380057,11,1,10,0.33,15,buy
8/03,2385,永豐金-市政,0039004100390057,0,11,-11,0.36,15,sell
8/03,3036,永豐金證券,0039004100300030,1540,44,1496,16.3,1,buy
8/03,3036,凱基-台北,9268,325,1282,-957,10.42,1,sell
8/03,3036,富邦證券,9600,486,22,464,5.05,2,buy
8/03,3036,美林,1440,6,560,-554,6.03,2,sell
8/03,3036,凱基,9200,314,30,284,3.09,3,buy
8/03,3036,富邦-宜蘭,9686,1,422,-421,4.59,3,sell
8/03,3036,凱基-士林,9238,270,0,270,2.94,4,buy
8/03,3036,摩根大通,8440,104,500,-396,4.31,4,sell
8/03,3036,國泰證券,8880,217,20,197,2.15,5,buy
8/03,3036,花旗環球,1590,0,114,-114,1.24,5,sell
8/03,3036,群益金鼎,9100,314,138,176,1.92,6,buy
8/03,3036,台灣摩根士丹利,1470,1525,1632,-107,1.17,6,sell
8/03,3036,新加坡商瑞銀,1650,434,329,105,1.14,7,buy
8/03,3036,美商高盛,1480,546,649,-103,1.12,7,sell
8/03,3036,中國信託,6160,103,6,97,1.06,8,buy
8/03,3036,華南永昌-台中,9302,0,82,-82,0.89,8,sell
8/03,3036,永豐金-內湖,0039004100390067,96,0,96,1.05,9,buy
8/03,3036,群益金鼎-台中,9184,5,73,-68,0.74,9,sell
8/03,3036,玉山-大里,003800380034004a,97,6,91,0.99,10,buy
8/03,3036,台新-敦南,0039004200320051,32,87,-55,0.6,10,sell
8/03,3036,宏遠證券,1260,67,1,66,0.72,11,buy
8/03,3036,香港上海匯豐,8960,0,51,-51,0.56,11,sell
8/03,3036,華南永昌,9300,51,2,49,0.53,12,buy
8/03,3036,國泰-敦南,8888,27,69,-42,0.46,12,sell
8/03,3036,台新,0039004200300030,49,7,42,0.46,13,buy
8/03,3036,華南永昌-鶯歌,9319,7,42,-35,0.38,13,sell
8/03,3036,國泰-松江,8883,34,0,34,0.37,14,buy
8/03,3036,富邦-新店,9661,0,29,-29,0.32,14,sell
8/03,3036,元大-內湖,003900380039004e,31,1,30,0.33,15,buy
8/03,3036,凱基-城中,9227,36,62,-26,0.28,15,sell
8/03,2492,凱基-市政,9239,302,0,302,13.29,1,buy
8/03,2492,元大證券,9800,22,1064,-1042,45.84,1,sell
8/03,2492,統一,5850,314,79,235,10.34,2,buy
8/03,2492,兆豐-南門,0037003000300067,0,99,-99,4.36,2,sell
8/03,2492,台灣摩根士丹利,1470,271,74,197,8.67,3,buy
8/03,2492,永豐金-中正,0039004100390055,0,82,-82,3.61,3,sell
8/03,2492,元大-土城永寧,9875,154,0,154,6.78,4,buy
8/03,2492,摩根大通,8440,4,60,-56,2.46,4,sell
8/03,2492,第一金-忠孝,0035003300380044,100,0,100,4.4,5,buy
8/03,2492,凱基-桃園,9208,0,47,-47,2.07,5,sell
8/03,2492,永豐金證券,0039004100300030,100,5,95,4.18,6,buy
8/03,2492,美林,1440,0,45,-45,1.98,6,sell
8/03,2492,元大-樹林,003900380039006a,60,2,58,2.55,7,buy
8/03,2492,台中銀-台北,6115,0,40,-40,1.76,7,sell
8/03,2492,康和,8450,52,0,52,2.29,8,buy
8/03,2492,中國信託-永康,6163,0,23,-23,1.01,8,sell
8/03,2492,永豐金-高雄,0039004100390065,51,0,51,2.24,9,buy
8/03,2492,香港上海匯豐,8960,0,19,-19,0.84,9,sell
8/03,2492,台新,0039004200300030,54,13,41,1.8,10,buy
8/03,2492,元大-內湖民權,9867,20,32,-12,0.53,10,sell
8/03,2492,元大-上新莊,0039003800330047,34,0,34,1.5,11,buy
8/03,2492,元大-基隆,0039003800390059,0,12,-12,0.53,11,sell
8/03,2492,美商高盛,1480,129,96,33,1.45,12,buy
8/03,2492,統一-高雄,5851,0,11,-11,0.48,12,sell
8/03,2492,凱基-台北,9268,40,7,33,1.45,13,buy
8/03,2492,凱基,9200,0,11,-11,0.48,13,sell
8/03,2492,統一-土城,0035003800350059,30,0,30,1.32,14,buy
8/03,2492,元大-忠孝鼎富,0039003800320046,0,10,-10,0.44,14,sell
8/03,2492,富邦-敦南,9663,22,2,20,0.88,15,buy
8/03,2492,凱基-松山,9217,0,10,-10,0.44,15,sell
8/03,9907,永全-南崁,6451,200,0,200,7.92,1,buy
8/03,9907,凱基-台北,9268,88,492,-404,16.0,1,sell
8/03,9907,花旗環球,1590,140,0,140,5.54,2,buy
8/03,9907,台灣摩根士丹利,1470,40,356,-316,12.51,2,sell
8/03,9907,富邦-新店,9661,72,0,72,2.85,3,buy
8/03,9907,美商高盛,1480,71,362,-291,11.52,3,sell
8/03,9907,元大-內湖,003900380039004e,64,0,64,2.53,4,buy
8/03,9907,富邦證券,9600,0,259,-259,10.26,4,sell
8/03,9907,元大-左營,0039003800390044,60,0,60,2.38,5,buy
8/03,9907,摩根大通,8440,76,227,-151,5.98,5,sell
8/03,9907,元大-彰化民生,003900380039004a,60,0,60,2.38,6,buy
8/03,9907,台新-台北,0039004200320030,0,100,-100,3.96,6,sell
8/03,9907,國票-北高雄,003700370039004a,56,0,56,2.22,7,buy
8/03,9907,美林,1440,2,87,-85,3.37,7,sell
8/03,9907,臺銀,1040,54,0,54,2.14,8,buy
8/03,9907,香港上海匯豐,8960,0,47,-47,1.86,8,sell
8/03,9907,富邦-彰化,0039003600350055,50,0,50,1.98,9,buy
8/03,9907,永豐金證券,0039004100300030,8,52,-44,1.74,9,sell
8/03,9907,台新,0039004200300030,50,0,50,1.98,10,buy
8/03,9907,統一-台南,5855,0,40,-40,1.58,10,sell
8/03,9907,德信,6910,37,0,37,1.47,11,buy
8/03,9907,台新-屏東,003900420031006e,0,40,-40,1.58,11,sell
8/03,9907,群益金鼎-北高雄,0039003100330052,40,5,35,1.39,12,buy
8/03,9907,元大證券,9800,27,59,-32,1.27,12,sell
8/03,9907,臺銀-民權,1043,30,0,30,1.19,13,buy
8/03,9907,凱基,9200,5,36,-31,1.23,13,sell
8/03,9907,第一金-新竹,0035003300380042,30,0,30,1.19,14,buy
8/03,9907,凱基-高美館,9215,5,30,-25,0.99,14,sell
8/03,9907,康和-嘉義,8459,30,0,30,1.19,15,buy
8/03,9907,國票-台南,0037003700390044,0,23,-23,0.91,15,sell
8/03,8150,台灣摩根士丹利,1470,2137,1243,894,1.84,1,buy
8/03,8150,摩根大通,8440,1557,6837,-5280,10.84,1,sell
8/03,8150,美商高盛,1480,3545,2832,713,1.46,2,buy
8/03,8150,元大證券,9800,5103,8633,-3530,7.25,2,sell
8/03,8150,凱基,9200,525,32,493,1.01,3,buy
8/03,8150,港商野村,1560,36,821,-785,1.61,3,sell
8/03,8150,永豐金證券,0039004100300030,775,375,400,0.82,4,buy
8/03,8150,新加坡商瑞銀,1650,314,770,-456,0.94,4,sell
8/03,8150,富邦證券,9600,523,200,323,0.66,5,buy
8/03,8150,永豐金-員林,0039004100390043,40,441,-401,0.82,5,sell
8/03,8150,中國信託,6160,401,81,320,0.66,6,buy
8/03,8150,凱基-三重,9205,69,265,-196,0.4,6,sell
8/03,8150,花旗環球,1590,287,1,286,0.59,7,buy
8/03,8150,凱基-站前,0039003200300046,68,226,-158,0.32,7,sell
8/03,8150,香港上海匯豐,8960,312,38,274,0.56,8,buy
8/03,8150,凱基-城中,9227,12,148,-136,0.28,8,sell
8/03,8150,國泰-敦南,8888,1631,1362,269,0.55,9,buy
8/03,8150,群益金鼎-大安,0039003100380065,36,126,-90,0.18,9,sell
8/03,8150,統一,5850,299,51,248,0.51,10,buy
8/03,8150,凱基-東港,9212,61,127,-66,0.14,10,sell
8/03,8150,兆豐證券,7000,243,4,239,0.49,11,buy
8/03,8150,玉山-景美,8849,130,186,-56,0.12,11,sell
8/03,8150,群益金鼎-西松,9136,215,10,205,0.42,12,buy
8/03,8150,富邦-左營,0039003600360046,25,75,-50,0.1,12,sell
8/03,8150,凱基-台北,9268,2999,2803,196,0.4,13,buy
8/03,8150,永豐金-松山,0039004100390031,42,88,-46,0.09,13,sell
8/03,8150,永豐金-彰化,0039004100390073,185,9,176,0.36,14,buy
8/03,8150,華南永昌-南京,9326,179,219,-40,0.08,14,sell
8/03,8150,法銀巴黎,8900,168,0,168,0.35,15,buy
8/03,8150,日進,5660,24,59,-35,0.07,15,sell
8/03,8358,台灣摩根士丹利,1470,1133,259,874,11.27,1,buy
8/03,8358,凱基,9200,13,2000,-1987,25.62,1,sell
8/03,8358,凱基-台北,9268,1024,270,754,9.72,2,buy
8/03,8358,富邦證券,9600,3,261,-258,3.33,2,sell
8/03,8358,元大證券,9800,832,353,479,6.18,3,buy
8/03,8358,港商野村,1560,0,138,-138,1.78,3,sell
8/03,8358,美商高盛,1480,608,199,409,5.27,4,buy
8/03,8358,新光,8560,29,163,-134,1.73,4,sell
8/03,8358,摩根大通,8440,564,272,292,3.77,5,buy
8/03,8358,玉山證券,8840,7,131,-124,1.6,5,sell
8/03,8358,凱基-城中,9227,130,3,127,1.64,6,buy
8/03,8358,(牛牛牛)亞證券,6010,0,101,-101,1.3,6,sell
8/03,8358,富邦-高雄,9659,128,2,126,1.62,7,buy
8/03,8358,台中銀-台北,6115,0,60,-60,0.77,7,sell
8/03,8358,兆豐-台中,7003,140,26,114,1.47,8,buy
8/03,8358,新加坡商瑞銀,1650,46,92,-46,0.59,8,sell
8/03,8358,凱基-市政,9239,102,36,66,0.85,9,buy
8/03,8358,國泰-敦南,8888,90,119,-29,0.37,9,sell
8/03,8358,美林,1440,78,19,59,0.76,10,buy
8/03,8358,永豐金-埔里,0039004100370039,1,24,-23,0.3,10,sell
8/03,8358,國票證券,7790,121,66,55,0.71,11,buy
8/03,8358,中國信託-高雄,003600310036004b,4,26,-22,0.28,11,sell
8/03,8358,凱基-三重,9205,44,4,40,0.52,12,buy
8/03,8358,凱基-板橋,0039003200300041,2,24,-22,0.28,12,sell
8/03,8358,凱基-員林,9231,30,0,30,0.39,13,buy
8/03,8358,元大-高雄,003900380031006d,3,25,-22,0.28,13,sell
8/03,8358,玉山-數位,003800380034004d,26,1,25,0.32,14,buy
8/03,8358,國票-彰化,0037003700390057,0,20,-20,0.26,14,sell
8/03,8358,統一-台中,5856,22,4,18,0.23,15,buy
8/03,8358,華南永昌-中正,9359,3,22,-19,0.25,15,sell
8/03,2356,美林,1440,3357,16,3341,9.87,1,buy
8/03,2356,群益金鼎,9100,421,4598,-4177,12.34,1,sell
8/03,2356,台灣摩根士丹利,1470,3936,823,3113,9.2,2,buy
8/03,2356,台新,0039004200300030,110,389,-279,0.82,2,sell
8/03,2356,摩根大通,8440,2619,787,1832,5.41,3,buy
8/03,2356,國泰-敦南,8888,353,602,-249,0.74,3,sell
8/03,2356,新加坡商瑞銀,1650,1877,397,1480,4.37,4,buy
8/03,2356,台新-吉利,0039004200320057,20,230,-210,0.62,4,sell
8/03,2356,花旗環球,1590,1559,267,1292,3.82,5,buy
8/03,2356,香港上海匯豐,8960,78,242,-164,0.48,5,sell
8/03,2356,凱基-台北,9268,3098,2436,662,1.96,6,buy
8/03,2356,新光,8560,125,269,-144,0.43,6,sell
8/03,2356,美商高盛,1480,1288,703,585,1.73,7,buy
8/03,2356,凱基-高美館,9215,1,143,-142,0.42,7,sell
8/03,2356,元大證券,9800,3354,2833,521,1.54,8,buy
8/03,2356,元大-東泰,9817,483,621,-138,0.41,8,sell
8/03,2356,兆豐-嘉義,7001,312,9,303,0.9,9,buy
8/03,2356,元大-中壢,9834,21,158,-137,0.4,9,sell
8/03,2356,永豐金證券,0039004100300030,491,251,240,0.71,10,buy
8/03,2356,元大-福營,0039003800310046,10,134,-124,0.37,10,sell
8/03,2356,法銀巴黎,8900,226,35,191,0.56,11,buy
8/03,2356,港商麥格理,1360,5,126,-121,0.36,11,sell
8/03,2356,國票證券,7790,174,30,144,0.43,12,buy
8/03,2356,合庫-嘉義,1024,3,119,-116,0.34,12,sell
8/03,2356,富邦證券,9600,107,7,100,0.3,13,buy
8/03,2356,第一金-豐原,003500330038004e,4,119,-115,0.34,13,sell
8/03,2356,台新-台北,0039004200320030,83,8,75,0.22,14,buy
8/03,2356,凱基-八德,003900320031004d,17,118,-101,0.3,14,sell
8/03,2356,國泰證券,8880,81,7,74,0.22,15,buy
8/03,2356,元大-大灣,9815,13,113,-100,0.3,15,sell
8/03,2301,台新-台北,0039004200320030,2994,12,2982,12.79,1,buy
8/03,2301,美林,1440,1507,2005,-498,2.14,1,sell
8/03,2301,凱基-城中,9227,3176,342,2834,12.16,2,buy
8/03,2301,國泰-敦南,8888,2,375,-373,1.6,2,sell
8/03,2301,富邦證券,9600,3272,1343,1929,8.27,3,buy
8/03,2301,富邦-陽明,9604,1,201,-200,0.86,3,sell
8/03,2301,國票-安和,003700370039005a,996,201,795,3.41,4,buy
8/03,2301,凱基-台北,9268,356,544,-188,0.81,4,sell
8/03,2301,元大證券,9800,891,205,686,2.94,5,buy
8/03,2301,台新,0039004200300030,21,197,-176,0.75,5,sell
8/03,2301,群益金鼎,9100,786,191,595,2.55,6,buy
8/03,2301,華南永昌-豐原,9366,0,127,-127,0.54,6,sell
8/03,2301,統一,5850,771,300,471,2.02,7,buy
8/03,2301,國泰-台中,8882,2,129,-127,0.54,7,sell
8/03,2301,國票-博愛,003700370039007a,388,5,383,1.64,8,buy
8/03,2301,新光,8560,6,125,-119,0.51,8,sell
8/03,2301,永豐金-內湖,0039004100390067,323,3,320,1.37,9,buy
8/03,2301,大昌-桃園,6465,0,104,-104,0.45,9,sell
8/03,2301,元大-北投,0039003800390041,351,33,318,1.36,10,buy
8/03,2301,富邦-台北,9623,100,202,-102,0.44,10,sell
8/03,2301,統一-城中,5854,482,167,315,1.35,11,buy
8/03,2301,國泰-高雄,8881,0,95,-95,0.41,11,sell
8/03,2301,國票-敦北法人,0037003700390063,470,176,294,1.26,12,buy
8/03,2301,國票-台中,0037003700390076,0,93,-93,0.4,12,sell
8/03,2301,摩根大通,8440,289,28,261,1.12,13,buy
8/03,2301,富邦-永和,9654,1,92,-91,0.39,13,sell
8/03,2301,永豐金-忠孝,0039004100390044,259,14,245,1.05,14,buy
8/03,2301,台新-信義,0039004200320048,0,89,-89,0.38,14,sell
8/03,2301,新加坡商瑞銀,1650,639,412,227,0.97,15,buy
8/03,2301,國票-長城,0037003700390075,0,86,-86,0.37,15,sell
8/03,0052,富邦證券,9600,1665,11,1654,8.08,1,buy
8/03,0052,新加坡商瑞銀,1650,347,3797,-3450,16.86,1,sell
8/03,0052,新光,8560,619,34,585,2.86,2,buy
8/03,0052,群益金鼎,9100,15,1057,-1042,5.09,2,sell
8/03,0052,永豐金證券,0039004100300030,1104,519,585,2.86,3,buy
8/03,0052,凱基-台北,9268,1501,2269,-768,3.75,3,sell
8/03,0052,元大證券,9800,2995,2435,560,2.74,4,buy
8/03,0052,統一,5850,322,750,-428,2.09,4,sell
8/03,0052,國泰證券,8880,272,3,269,1.31,5,buy
8/03,0052,港商野村,1560,0,303,-303,1.48,5,sell
8/03,0052,群益金鼎-天母,0039003100380050,243,1,242,1.18,6,buy
8/03,0052,中國信託,6160,80,299,-219,1.07,6,sell
8/03,0052,兆豐證券,7000,197,1,196,0.96,7,buy
8/03,0052,摩根大通,8440,0,175,-175,0.86,7,sell
8/03,0052,統一-桃園,0035003800350048,203,10,193,0.94,8,buy
8/03,0052,元大-樹林,003900380039006a,8,170,-162,0.79,8,sell
8/03,0052,華南永昌-虎尾,9377,188,2,186,0.91,9,buy
8/03,0052,玉山-高雄,8843,50,174,-124,0.61,9,sell
8/03,0052,台新,0039004200300030,1375,1193,182,0.89,10,buy
8/03,0052,第一金-高雄,5383,3,117,-114,0.56,10,sell
8/03,0052,國泰-館前,0038003800380041,195,30,165,0.81,11,buy
8/03,0052,元大-楊梅,0039003800370041,4,104,-100,0.49,11,sell
8/03,0052,宏遠證券,1260,164,1,163,0.8,12,buy
8/03,0052,亞東-板橋,2181,4,98,-94,0.46,12,sell
8/03,0052,元大-新竹經國,9859,160,7,153,0.75,13,buy
8/03,0052,元大-新莊,9898,15,106,-91,0.44,13,sell
8/03,0052,元大-台北,0039003800300068,148,26,122,0.6,14,buy
8/03,0052,新光-新竹,8563,24,102,-78,0.38,14,sell
8/03,0052,永豐金-天母,0039004100390047,127,7,120,0.59,15,buy
8/03,0052,元大-汐止,0039003800390051,36,108,-72,0.35,15,sell
