date,stock_code,broker_name,broker_id,buy_vol,sell_vol,net_vol,pct,rank,side
10/08,2330,永豐金證券,0039004100300030,918,48,870,3.84,1,buy
10/08,2330,港商麥格理,1360,165,5243,-5078,22.41,1,sell
10/08,2330,美商高盛,1480,1301,570,731,3.23,2,buy
10/08,2330,永豐金-匯立,0039004100380031,71,2713,-2642,11.66,2,sell
10/08,2330,台灣摩根士丹利,1470,1034,591,443,1.96,3,buy
10/08,2330,摩根大通,8440,309,1938,-1629,7.19,3,sell
10/08,2330,國泰證券,8880,306,0,306,1.35,4,buy
10/08,2330,美林,1440,358,1663,-1305,5.76,4,sell
10/08,2330,國泰-敦南,8888,367,78,289,1.28,5,buy
10/08,2330,新加坡商瑞銀,1650,1446,2149,-703,3.1,5,sell
10/08,2330,群益金鼎,9100,294,40,254,1.12,6,buy
10/08,2330,花旗環球,1590,552,1101,-549,2.42,6,sell
10/08,2330,凱基-雙和,0039003200300043,225,1,224,0.99,7,buy
10/08,2330,大和國泰,8890,0,549,-549,2.42,7,sell
10/08,2330,群益金鼎-北高雄,0039003100330052,220,2,218,0.96,8,buy
10/08,2330,元大證券,9800,862,1338,-476,2.1,8,sell
10/08,2330,第一金-高雄,5383,224,35,189,0.83,9,buy
10/08,2330,香港上海匯豐,8960,73,445,-372,1.64,9,sell
10/08,2330,(牛牛牛)亞證券,6010,180,0,180,0.79,10,buy
10/08,2330,富邦證券,9600,185,395,-210,0.93,10,sell
10/08,2330,統一,5850,243,85,158,0.7,11,buy
10/08,2330,第一金-中山,5389,10,101,-91,0.4,11,sell
10/08,2330,新光,8560,197,67,130,0.57,12,buy
10/08,2330,台新-西松,003900420032006e,74,125,-51,0.23,12,sell
10/08,2330,國泰-台中,8882,156,32,124,0.55,13,buy
10/08,2330,凱基-中港,9202,35,84,-49,0.22,13,sell
10/08,2330,永豐金-萬盛,0039004100390032,130,9,121,0.53,14,buy
10/08,2330,兆豐-忠孝,0037003000300061,64,86,-22,0.1,14,sell
10/08,2330,中國信託,6160,225,105,120,0.53,15,buy
10/08,2330,元大-基隆孝二,003900380036004b,11,29,-18,0.08,15,sell
10/08,2317,凱基,9200,2630,367,2263,5.62,1,buy
10/08,2317,台灣摩根士丹利,1470,50,5880,-5830,14.48,1,sell
10/08,2317,國泰-敦南,8888,835,194,641,1.59,2,buy
10/08,2317,新加坡商瑞銀,1650,1598,7022,-5424,13.48,2,sell
10/08,2317,香港上海匯豐,8960,629,12,617,1.53,3,buy
10/08,2317,美商高盛,1480,520,3959,-3439,8.54,3,sell
10/08,2317,群益金鼎,9100,527,24,503,1.25,4,buy
10/08,2317,摩根大通,8440,446,3699,-3253,8.08,4,sell
10/08,2317,中國信託,6160,398,44,354,0.88,5,buy
10/08,2317,凱基-台北,9268,302,3350,-3048,7.57,5,sell
10/08,2317,國泰證券,8880,323,3,320,0.8,6,buy
10/08,2317,港商麥格理,1360,71,1625,-1554,3.86,6,sell
10/08,2317,元大-員林中山,9835,237,0,237,0.59,7,buy
10/08,2317,美林,1440,809,2330,-1521,3.78,7,sell
10/08,2317,富邦證券,9600,1207,977,230,0.57,8,buy
10/08,2317,花旗環球,1590,246,1235,-989,2.46,8,sell
10/08,2317,合庫證券,1020,246,19,227,0.56,9,buy
10/08,2317,元大證券,9800,493,1120,-627,1.56,9,sell
10/08,2317,新光,8560,288,69,219,0.54,10,buy
10/08,2317,永豐金-匯立,0039004100380031,128,637,-509,1.26,10,sell
10/08,2317,華南永昌-敦南,9347,209,1,208,0.52,11,buy
10/08,2317,新百王,6210,15,195,-180,0.45,11,sell
10/08,2317,第一金,5380,197,0,197,0.49,12,buy
10/08,2317,凱基-高美館,9215,52,219,-167,0.41,12,sell
10/08,2317,合庫-台中,1021,191,13,178,0.44,13,buy
10/08,2317,統一-東湖,0035003800350052,11,145,-134,0.33,13,sell
10/08,2317,永豐金-竹科,0039004100390058,181,6,175,0.43,14,buy
10/08,2317,港商野村,1560,145,232,-87,0.22,14,sell
10/08,2317,國泰-台中,8882,287,116,171,0.42,15,buy
10/08,2317,永豐金-豐原,0039004100390051,11,74,-63,0.16,15,sell
10/08,2454,港商麥格理,1360,280,25,255,2.92,1,buy
10/08,2454,富邦證券,9600,42,797,-755,8.63,1,sell
10/08,2454,國泰-敦南,8888,226,63,163,1.86,2,buy
10/08,2454,美林,1440,28,682,-654,7.48,2,sell
10/08,2454,凱基,9200,142,53,89,1.02,3,buy
10/08,2454,美商高盛,1480,379,964,-585,6.69,3,sell
10/08,2454,富邦-建國,9658,58,9,49,0.56,4,buy
10/08,2454,台灣摩根士丹利,1470,196,737,-541,6.18,4,sell
10/08,2454,元大-北屯,0039003800390064,54,9,45,0.51,5,buy
10/08,2454,花旗環球,1590,100,412,-312,3.57,5,sell
10/08,2454,新光,8560,78,38,40,0.46,6,buy
10/08,2454,中國信託,6160,32,309,-277,3.17,6,sell
10/08,2454,國泰-板橋,003800380038004b,51,12,39,0.45,7,buy
10/08,2454,統一-內湖,0035003800350062,3,201,-198,2.26,7,sell
10/08,2454,土銀,1030,40,2,38,0.43,8,buy
10/08,2454,摩根大通,8440,223,397,-174,1.99,8,sell
10/08,2454,國泰-台中,8882,47,12,35,0.4,9,buy
10/08,2454,永豐金-匯立,0039004100380031,30,176,-146,1.67,9,sell
10/08,2454,富邦-中壢,9636,32,3,29,0.33,10,buy
10/08,2454,台新-台北,0039004200320030,6,102,-96,1.1,10,sell
10/08,2454,富邦-新竹,9647,37,9,28,0.32,11,buy
10/08,2454,永豐金證券,0039004100300030,114,177,-63,0.72,11,sell
10/08,2454,國泰-桃園,8885,36,10,26,0.3,12,buy
10/08,2454,元大證券,9800,593,655,-62,0.71,12,sell
10/08,2454,第一金-高雄,5383,28,2,26,0.3,13,buy
10/08,2454,國泰證券,8880,14,69,-55,0.63,13,sell
10/08,2454,國泰-館前,0038003800380041,56,32,24,0.27,14,buy
10/08,2454,港商野村,1560,49,99,-50,0.57,14,sell
10/08,2454,第一金-自由,0035003300380045,40,16,24,0.27,15,buy
10/08,2454,統一,5850,50,88,-38,0.43,15,sell
10/08,2308,凱基,9200,181,5,176,3.32,1,buy
10/08,2308,台灣摩根士丹利,1470,254,620,-366,6.91,1,sell
10/08,2308,富邦證券,9600,126,2,124,2.34,2,buy
10/08,2308,美商高盛,1480,405,686,-281,5.31,2,sell
10/08,2308,群益金鼎-忠孝,0039003100380057,102,1,101,1.91,3,buy
10/08,2308,花旗環球,1590,50,320,-270,5.1,3,sell
10/08,2308,新加坡商瑞銀,1650,485,394,91,1.72,4,buy
10/08,2308,元大證券,9800,280,427,-147,2.78,4,sell
10/08,2308,美林,1440,303,227,76,1.44,5,buy
10/08,2308,永豐金-匯立,0039004100380031,27,125,-98,1.85,5,sell
10/08,2308,華南永昌,9300,77,2,75,1.42,6,buy
10/08,2308,大和國泰,8890,1,81,-80,1.51,6,sell
10/08,2308,摩根大通,8440,309,242,67,1.27,7,buy
10/08,2308,凱基-台北,9268,99,167,-68,1.28,7,sell
10/08,2308,玉山證券,8840,65,2,63,1.19,8,buy
10/08,2308,群益金鼎-西松,9136,3,52,-49,0.93,8,sell
10/08,2308,國票-敦北法人,0037003700390063,53,2,51,0.96,9,buy
10/08,2308,港商野村,1560,11,52,-41,0.77,9,sell
10/08,2308,群益金鼎,9100,82,37,45,0.85,10,buy
10/08,2308,台新,0039004200300030,18,44,-26,0.49,10,sell
10/08,2308,永豐金證券,0039004100300030,69,26,43,0.81,11,buy
10/08,2308,元大-豐原站前,0039003800390057,3,28,-25,0.47,11,sell
10/08,2308,港商麥格理,1360,70,28,42,0.79,12,buy
10/08,2308,宏遠證券,1260,0,20,-20,0.38,12,sell
10/08,2308,富邦-建國,9658,29,6,23,0.43,13,buy
10/08,2308,元大-忠孝,9871,5,23,-18,0.34,13,sell
10/08,2308,香港上海匯豐,8960,73,50,23,0.43,14,buy
10/08,2308,統一,5850,10,25,-15,0.28,14,sell
10/08,2308,合庫-西台中,0031003000320046,21,0,21,0.4,15,buy
10/08,2308,台新-台南,0039004200310036,6,20,-14,0.26,15,sell
10/08,2382,國泰證券,8880,746,56,690,3.94,1,buy
10/08,2382,摩根大通,8440,847,2726,-1879,10.72,1,sell
10/08,2382,福邦證券,6480,560,0,560,3.2,2,buy
10/08,2382,美林,1440,318,1869,-1551,8.85,2,sell
10/08,2382,富邦證券,9600,414,34,380,2.17,3,buy
10/08,2382,台灣摩根士丹利,1470,316,1806,-1490,8.5,3,sell
10/08,2382,群益金鼎,9100,613,260,353,2.01,4,buy
10/08,2382,凱基-士林,9238,17,1005,-988,5.64,4,sell
10/08,2382,國泰-敦南,8888,289,95,194,1.11,5,buy
10/08,2382,新加坡商瑞銀,1650,568,1310,-742,4.24,5,sell
10/08,2382,凱基,9200,184,7,177,1.01,6,buy
10/08,2382,美商高盛,1480,592,1330,-738,4.21,6,sell
10/08,2382,第一金-嘉義,003500330038004d,152,0,152,0.87,7,buy
10/08,2382,中國信託,6160,94,562,-468,2.67,7,sell
10/08,2382,新光,8560,157,43,114,0.65,8,buy
10/08,2382,花旗環球,1590,25,395,-370,2.11,8,sell
10/08,2382,大和國泰,8890,100,0,100,0.57,9,buy
10/08,2382,凱基-台北,9268,227,435,-208,1.19,9,sell
10/08,2382,玉山-高雄,8843,92,0,92,0.53,10,buy
10/08,2382,元大證券,9800,1183,1328,-145,0.83,10,sell
10/08,2382,永豐金-市政,0039004100390057,91,4,87,0.5,11,buy
10/08,2382,元大-草屯,0039003800390045,35,174,-139,0.79,11,sell
10/08,2382,元大-金門,003900380031004e,82,2,80,0.46,12,buy
10/08,2382,港商野村,1560,112,244,-132,0.75,12,sell
10/08,2382,富邦-建國,9658,85,5,80,0.46,13,buy
10/08,2382,香港上海匯豐,8960,56,149,-93,0.53,13,sell
10/08,2382,中國信託-高雄,003600310036004b,83,4,79,0.45,14,buy
10/08,2382,永豐金-匯立,0039004100380031,46,137,-91,0.52,14,sell
10/08,2382,富邦-台北,9623,79,8,71,0.41,15,buy
10/08,2382,元大-南屯,9853,17,101,-84,0.48,15,sell
10/08,2891,永豐金證券,0039004100300030,1918,128,1790,7.57,1,buy
10/08,2891,美林,1440,331,5568,-5237,22.15,1,sell
10/08,2891,富邦證券,9600,1632,16,1616,6.84,2,buy
10/08,2891,美商高盛,1480,714,4315,-3601,15.23,2,sell
10/08,2891,凱基,9200,1395,3,1392,5.89,3,buy
10/08,2891,摩根大通,8440,98,1386,-1288,5.45,3,sell
10/08,2891,永豐金-板新,003900410039004a,543,0,543,2.3,4,buy
10/08,2891,凱基-台北,9268,187,1254,-1067,4.51,4,sell
10/08,2891,國泰-敦南,8888,551,56,495,2.09,5,buy
10/08,2891,新加坡商瑞銀,1650,688,1737,-1049,4.44,5,sell
10/08,2891,元大證券,9800,2515,2265,250,1.06,6,buy
10/08,2891,台灣摩根士丹利,1470,847,1799,-952,4.03,6,sell
10/08,2891,中國信託,6160,205,12,193,0.82,7,buy
10/08,2891,法銀巴黎,8900,0,904,-904,3.82,7,sell
10/08,2891,群益金鼎-南京,0039003100380045,186,0,186,0.79,8,buy
10/08,2891,港商野村,1560,5,740,-735,3.11,8,sell
10/08,2891,新光,8560,177,12,165,0.7,9,buy
10/08,2891,永豐金-匯立,0039004100380031,289,866,-577,2.44,9,sell
10/08,2891,中農,8520,163,0,163,0.69,10,buy
10/08,2891,香港上海匯豐,8960,19,400,-381,1.61,10,sell
10/08,2891,玉山證券,8840,130,1,129,0.55,11,buy
10/08,2891,華南永昌-中正,9359,21,250,-229,0.97,11,sell
10/08,2891,華南永昌-大安,9307,114,1,113,0.48,12,buy
10/08,2891,第一金,5380,20,120,-100,0.42,12,sell
10/08,2891,統一-南京,0035003800350055,113,1,112,0.47,13,buy
10/08,2891,凱基-台南,9211,29,100,-71,0.3,13,sell
10/08,2891,永豐金-新竹,0039004100390037,109,1,108,0.46,14,buy
10/08,2891,港商麥格理,1360,7,70,-63,0.27,14,sell
10/08,2891,永豐金-南投,003900410039004d,102,0,102,0.43,15,buy
10/08,2891,花旗環球,1590,309,347,-38,0.16,15,sell
10/08,2881,港商麥格理,1360,3349,0,3349,23.7,1,buy
10/08,2881,摩根大通,8440,85,3079,-2994,21.19,1,sell
10/08,2881,永豐金-匯立,0039004100380031,2483,436,2047,14.49,2,buy
10/08,2881,美商高盛,1480,254,2408,-2154,15.24,2,sell
10/08,2881,永豐金證券,0039004100300030,1309,48,1261,8.92,3,buy
10/08,2881,台灣摩根士丹利,1470,2,1877,-1875,13.27,3,sell
10/08,2881,元大證券,9800,2139,952,1187,8.4,4,buy
10/08,2881,美林,1440,81,900,-819,5.8,4,sell
10/08,2881,群益金鼎,9100,326,21,305,2.16,5,buy
10/08,2881,花旗環球,1590,22,781,-759,5.37,5,sell
10/08,2881,新加坡商瑞銀,1650,527,238,289,2.05,6,buy
10/08,2881,港商野村,1560,3,697,-694,4.91,6,sell
10/08,2881,兆豐-城中,0037003000300057,622,402,220,1.56,7,buy
10/08,2881,法銀巴黎,8900,25,438,-413,2.92,7,sell
10/08,2881,永豐金-復興,003900410039005a,110,0,110,0.78,8,buy
10/08,2881,凱基-台北,9268,72,448,-376,2.66,8,sell
10/08,2881,凱基,9200,100,7,93,0.66,9,buy
10/08,2881,元大-屏東民生,0039003800310068,0,120,-120,0.85,9,sell
10/08,2881,台新-新店,0039004200320032,60,2,58,0.41,10,buy
10/08,2881,香港上海匯豐,8960,0,68,-68,0.48,10,sell
10/08,2881,美好,5260,51,0,51,0.36,11,buy
10/08,2881,元大-嘉義,0039003800390067,1,31,-30,0.21,11,sell
10/08,2881,永豐金-內湖,0039004100390067,50,0,50,0.35,12,buy
10/08,2881,統一,5850,4,27,-23,0.16,12,sell
10/08,2881,國泰-敦南,8888,69,27,42,0.3,13,buy
10/08,2881,元大-斗信,9884,1,16,-15,0.11,13,sell
10/08,2881,元大-東泰,9817,41,0,41,0.29,14,buy
10/08,2881,臺銀,1040,6,18,-12,0.08,14,sell
10/08,2881,土銀-和平,1038,36,0,36,0.25,15,buy
10/08,2881,凱基-中山,9229,0,12,-12,0.08,15,sell
10/08,2882,凱基,9200,1481,3,1478,7.64,1,buy
10/08,2882,美商高盛,1480,389,3326,-2937,15.19,1,sell
10/08,2882,富邦證券,9600,1144,19,1125,5.82,2,buy
10/08,2882,美林,1440,1258,3077,-1819,9.41,2,sell
10/08,2882,合庫-台中,1021,502,0,502,2.6,3,buy
10/08,2882,台灣摩根士丹利,1470,730,1808,-1078,5.58,3,sell
10/08,2882,國泰-敦南,8888,398,10,388,2.01,4,buy
10/08,2882,法銀巴黎,8900,0,1052,-1052,5.44,4,sell
10/08,2882,群益金鼎-館前,0039003100330059,1106,733,373,1.93,5,buy
10/08,2882,元大證券,9800,1868,2866,-998,5.16,5,sell
10/08,2882,港商野村,1560,322,3,319,1.65,6,buy
10/08,2882,花旗環球,1590,72,852,-780,4.03,6,sell
10/08,2882,香港上海匯豐,8960,304,9,295,1.53,7,buy
10/08,2882,摩根大通,8440,156,889,-733,3.79,7,sell
10/08,2882,台新-信義,0039004200320048,1043,780,263,1.36,8,buy
10/08,2882,新加坡商瑞銀,1650,879,1404,-525,2.72,8,sell
10/08,2882,華南永昌-敦南,9347,206,0,206,1.07,9,buy
10/08,2882,永豐金-匯立,0039004100380031,9,426,-417,2.16,9,sell
10/08,2882,宏遠證券,1260,200,0,200,1.03,10,buy
10/08,2882,凱基-台北,9268,305,511,-206,1.07,10,sell
10/08,2882,群益金鼎,9100,180,0,180,0.93,11,buy
10/08,2882,凱基-市政,9239,12,87,-75,0.39,11,sell
10/08,2882,永豐金證券,0039004100300030,230,59,171,0.88,12,buy
10/08,2882,富邦-三重,9677,3,60,-57,0.29,12,sell
10/08,2882,永豐金-亞灣,0039004100390061,299,150,149,0.77,13,buy
10/08,2882,元大-北屯,0039003800390064,2,52,-50,0.26,13,sell
10/08,2882,統一,5850,177,35,142,0.73,14,buy
10/08,2882,臺銀-金山,0031003000340044,2,50,-48,0.25,14,sell
10/08,2882,群益金鼎-永和,003900310038004a,200,60,140,0.72,15,buy
10/08,2882,新光-台中,8561,14,45,-31,0.16,15,sell
10/08,2303,永豐金證券,0039004100300030,3416,938,2478,2.98,1,buy
10/08,2303,元大證券,9800,3528,9109,-5581,6.72,1,sell
10/08,2303,大和國泰,8890,1449,0,1449,1.74,2,buy
10/08,2303,摩根大通,8440,272,4970,-4698,5.66,2,sell
10/08,2303,永豐金-匯立,0039004100380031,1775,666,1109,1.34,3,buy
10/08,2303,美商高盛,1480,4523,8495,-3972,4.78,3,sell
10/08,2303,富邦證券,9600,4822,3783,1039,1.25,4,buy
10/08,2303,台灣摩根士丹利,1470,1234,4260,-3026,3.64,4,sell
10/08,2303,凱基-信義,9216,1011,8,1003,1.21,5,buy
10/08,2303,凱基-台北,9268,3029,4881,-1852,2.23,5,sell
10/08,2303,統一,5850,1699,755,944,1.14,6,buy
10/08,2303,花旗環球,1590,178,1912,-1734,2.09,6,sell
10/08,2303,港商野村,1560,1063,305,758,0.91,7,buy
10/08,2303,美林,1440,963,2487,-1524,1.83,7,sell
10/08,2303,中國信託,6160,895,138,757,0.91,8,buy
10/08,2303,國票-敦北法人,0037003700390063,21,1008,-987,1.19,8,sell
10/08,2303,元大-大雅,0039003800330069,928,340,588,0.71,9,buy
10/08,2303,凱基,9200,94,899,-805,0.97,9,sell
10/08,2303,國泰-敦南,8888,1862,1290,572,0.69,10,buy
10/08,2303,兆豐證券,7000,609,1341,-732,0.88,10,sell
10/08,2303,元大-中山北路,0039003800300061,535,34,501,0.6,11,buy
10/08,2303,群益金鼎,9100,1091,1794,-703,0.85,11,sell
10/08,2303,宏遠證券,1260,416,15,401,0.48,12,buy
10/08,2303,統一-台中,5856,84,661,-577,0.69,12,sell
10/08,2303,統一-南京,0035003800350055,408,16,392,0.47,13,buy
10/08,2303,法銀巴黎,8900,74,490,-416,0.5,13,sell
10/08,2303,群益金鼎-大安,0039003100380065,333,6,327,0.39,14,buy
10/08,2303,凱基-站前,0039003200300046,115,503,-388,0.47,14,sell
10/08,2303,元大-士林,003900380031006a,351,69,282,0.34,15,buy
10/08,2303,元大-彰化,0039003800310047,73,435,-362,0.44,15,sell
10/08,3711,美商高盛,1480,1803,347,1456,9.27,1,buy
10/08,3711,元大證券,9800,880,2528,-1648,10.5,1,sell
10/08,3711,台灣摩根士丹利,1470,1618,490,1128,7.18,2,buy
10/08,3711,新加坡商瑞銀,1650,892,2181,-1289,8.21,2,sell
10/08,3711,香港上海匯豐,8960,1436,504,932,5.94,3,buy
10/08,3711,中國信託,6160,16,337,-321,2.04,3,sell
10/08,3711,凱基,9200,995,122,873,5.56,4,buy
10/08,3711,永豐金-匯立,0039004100380031,81,275,-194,1.24,4,sell
10/08,3711,富邦證券,9600,447,69,378,2.41,5,buy
10/08,3711,華南永昌-高雄,9303,4,189,-185,1.18,5,sell
10/08,3711,康和,8450,200,1,199,1.27,6,buy
10/08,3711,港商野村,1560,78,227,-149,0.95,6,sell
10/08,3711,摩根大通,8440,713,529,184,1.17,7,buy
10/08,3711,兆豐證券,7000,4,146,-142,0.9,7,sell
10/08,3711,凱基-台北,9268,808,650,158,1.01,8,buy
10/08,3711,法銀巴黎,8900,19,149,-130,0.83,8,sell
10/08,3711,國泰證券,8880,132,9,123,0.78,9,buy
10/08,3711,新光,8560,53,143,-90,0.57,9,sell
10/08,3711,永豐金-信義,0039004100390052,111,1,110,0.7,10,buy
10/08,3711,中國信託-高雄,003600310036004b,10,96,-86,0.55,10,sell
10/08,3711,統一-仁愛,0035003800350063,97,0,97,0.62,11,buy
10/08,3711,美林,1440,221,305,-84,0.54,11,sell
10/08,3711,華南永昌,9300,136,46,90,0.57,12,buy
10/08,3711,統一-三重,003500380035004a,6,74,-68,0.43,12,sell
10/08,3711,富邦-南屯,9666,127,52,75,0.48,13,buy
10/08,3711,(牛牛牛)亞證券,6010,0,68,-68,0.43,13,sell
10/08,3711,統一,5850,87,16,71,0.45,14,buy
10/08,3711,國泰-敦南,8888,156,221,-65,0.41,14,sell
10/08,3711,兆豐-民生,0037003000300063,71,5,66,0.42,15,buy
10/08,3711,元大-虎尾,003900380030006c,114,174,-60,0.38,15,sell
10/08,2603,元大證券,9800,1803,201,1602,23.68,1,buy
10/08,2603,花旗環球,1590,68,1214,-1146,16.94,1,sell
10/08,2603,富邦證券,9600,377,79,298,4.41,2,buy
10/08,2603,美商高盛,1480,347,1064,-717,10.6,2,sell
10/08,2603,法銀巴黎,8900,280,0,280,4.14,3,buy
10/08,2603,美林,1440,232,852,-620,9.16,3,sell
10/08,2603,統一,5850,176,9,167,2.47,4,buy
10/08,2603,摩根大通,8440,359,881,-522,7.72,4,sell
10/08,2603,中國信託,6160,135,21,114,1.69,5,buy
10/08,2603,高橋,5320,0,32,-32,0.47,5,sell
10/08,2603,永豐金-彰化,0039004100390073,83,3,80,1.18,6,buy
10/08,2603,台灣摩根士丹利,1470,395,424,-29,0.43,6,sell
10/08,2603,華南永昌,9300,74,3,71,1.05,7,buy
10/08,2603,永豐金-中正,0039004100390055,3,23,-20,0.3,7,sell
10/08,2603,港商麥格理,1360,62,0,62,0.92,8,buy
10/08,2603,兆豐-大同,0037003000300053,0,20,-20,0.3,8,sell
10/08,2603,亞東-新竹,2184,50,0,50,0.74,9,buy
10/08,2603,兆豐-台中港,7005,0,19,-19,0.28,9,sell
10/08,2603,凱基-台北,9268,73,33,40,0.59,10,buy
10/08,2603,玉山證券,8840,3,21,-18,0.27,10,sell
10/08,2603,元大-四維,9831,35,1,34,0.5,11,buy
10/08,2603,台新-嘉義,0039004200320049,0,16,-16,0.24,11,sell
10/08,2603,國泰證券,8880,65,34,31,0.46,12,buy
10/08,2603,兆豐-公益,003700300030004a,0,15,-15,0.22,12,sell
10/08,2603,元大-信義,003900380039006d,31,0,31,0.46,13,buy
10/08,2603,玉山-景美,8849,1,16,-15,0.22,13,sell
10/08,2603,永豐金證券,0039004100300030,99,70,29,0.43,14,buy
10/08,2603,元大-花蓮,9856,1,15,-14,0.21,14,sell
10/08,2603,港商野村,1560,28,0,28,0.41,15,buy
10/08,2603,元大-屏東民生,0039003800310068,0,14,-14,0.21,15,sell
10/08,2609,新加坡商瑞銀,1650,3046,643,2403,13.32,1,buy
10/08,2609,港商野村,1560,43,538,-495,2.74,1,sell
10/08,2609,凱基-台北,9268,1878,178,1700,9.42,2,buy
10/08,2609,花旗環球,1590,33,319,-286,1.59,2,sell
10/08,2609,中國信託,6160,1392,73,1319,7.31,3,buy
10/08,2609,台灣摩根士丹利,1470,530,813,-283,1.57,3,sell
10/08,2609,永豐金-匯立,0039004100380031,1207,0,1207,6.69,4,buy
10/08,2609,國泰-敦南,8888,162,444,-282,1.56,4,sell
10/08,2609,元大證券,9800,2143,1132,1011,5.6,5,buy
10/08,2609,美林,1440,90,314,-224,1.24,5,sell
10/08,2609,摩根大通,8440,1519,1169,350,1.94,6,buy
10/08,2609,元大-北投,0039003800390041,0,154,-154,0.85,6,sell
10/08,2609,美商高盛,1480,1719,1527,192,1.06,7,buy
10/08,2609,元大-仁愛,003900380033006a,3,144,-141,0.78,7,sell
10/08,2609,凱基,9200,129,2,127,0.7,8,buy
10/08,2609,元大-基隆孝二,003900380036004b,3,135,-132,0.73,8,sell
10/08,2609,永豐金-彰化,0039004100390073,101,7,94,0.52,9,buy
10/08,2609,永豐金-古亭,0039004100390064,5,130,-125,0.69,9,sell
10/08,2609,聯邦-雙和,8584,100,14,86,0.48,10,buy
10/08,2609,華南永昌-基隆,9322,5,116,-111,0.62,10,sell
10/08,2609,富邦證券,9600,81,3,78,0.43,11,buy
10/08,2609,凱基-站前,0039003200300046,1,110,-109,0.6,11,sell
10/08,2609,統一,5850,75,18,57,0.32,12,buy
10/08,2609,元大-天母,0039003800310049,0,104,-104,0.58,12,sell
10/08,2609,富邦-建國,9658,69,30,39,0.22,13,buy
10/08,2609,國票-北高雄,003700370039004a,156,254,-98,0.54,13,sell
10/08,2609,永豐金-萬盛,0039004100390032,64,31,33,0.18,14,buy
10/08,2609,國泰-板橋,003800380038004b,44,142,-98,0.54,14,sell
10/08,2609,國泰證券,8880,31,0,31,0.17,15,buy
10/08,2609,台新-三重,0039004200320033,31,128,-97,0.54,15,sell
10/08,2615,新加坡商瑞銀,1650,1383,304,1079,13.69,1,buy
10/08,2615,元大-復北,9872,3,1046,-1043,13.23,1,sell
10/08,2615,元大證券,9800,741,273,468,5.94,2,buy
10/08,2615,第一金,5380,4,1046,-1042,13.22,2,sell
10/08,2615,富邦-南港,0039003600320041,301,0,301,3.82,3,buy
10/08,2615,凱基,9200,20,508,-488,6.19,3,sell
10/08,2615,美商高盛,1480,450,187,263,3.34,4,buy
10/08,2615,摩根大通,8440,171,425,-254,3.22,4,sell
10/08,2615,香港上海匯豐,8960,233,1,232,2.94,5,buy
10/08,2615,花旗環球,1590,2,163,-161,2.04,5,sell
10/08,2615,台灣摩根士丹利,1470,790,690,100,1.27,6,buy
10/08,2615,永豐金-匯立,0039004100380031,0,79,-79,1.0,6,sell
10/08,2615,法銀巴黎,8900,117,37,80,1.01,7,buy
10/08,2615,美林,1440,144,201,-57,0.72,7,sell
10/08,2615,凱基-台南,9211,60,4,56,0.71,8,buy
10/08,2615,元大-館前,003900380034004b,6,36,-30,0.38,8,sell
10/08,2615,富邦-仁愛,9676,37,3,34,0.43,9,buy
10/08,2615,凱基-虎尾,9236,14,44,-30,0.38,9,sell
10/08,2615,日進,5660,34,0,34,0.43,10,buy
10/08,2615,兆豐-北高雄,0037003000300049,3,33,-30,0.38,10,sell
10/08,2615,台新-建北,0039004200310038,35,4,31,0.39,11,buy
10/08,2615,合庫-高雄,1023,4,32,-28,0.36,11,sell
10/08,2615,富邦-嘉義,9692,53,24,29,0.37,12,buy
10/08,2615,華南永昌-忠孝,9325,0,20,-20,0.25,12,sell
10/08,2615,國泰-敦南,8888,97,68,29,0.37,13,buy
10/08,2615,兆豐-城中,0037003000300057,0,20,-20,0.25,13,sell
10/08,2615,玉山-板橋,8846,30,2,28,0.36,14,buy
10/08,2615,台中銀-員林,6114,1,21,-20,0.25,14,sell
10/08,2615,富邦-台北,9623,40,13,27,0.34,15,buy
10/08,2615,國泰-高雄,8881,12,25,-13,0.16,15,sell
10/08,2618,花旗環球,1590,1648,564,1084,10.03,1,buy
10/08,2618,美林,1440,95,3264,-3169,29.33,1,sell
10/08,2618,凱基,9200,889,0,889,8.23,2,buy
10/08,2618,美商高盛,1480,247,1474,-1227,11.36,2,sell
10/08,2618,摩根大通,8440,1364,647,717,6.64,3,buy
10/08,2618,台灣摩根士丹利,1470,535,1033,-498,4.61,3,sell
10/08,2618,港商野村,1560,538,0,538,4.98,4,buy
10/08,2618,永豐金-匯立,0039004100380031,8,399,-391,3.62,4,sell
10/08,2618,兆豐證券,7000,701,206,495,4.58,5,buy
10/08,2618,第一金,5380,0,205,-205,1.9,5,sell
10/08,2618,法銀巴黎,8900,221,42,179,1.66,6,buy
10/08,2618,元大-北投,0039003800390041,0,141,-141,1.31,6,sell
10/08,2618,國泰-桃園,8885,162,1,161,1.49,7,buy
10/08,2618,新加坡商瑞銀,1650,342,459,-117,1.08,7,sell
10/08,2618,香港上海匯豐,8960,122,3,119,1.1,8,buy
10/08,2618,元大-復北,9872,2,70,-68,0.63,8,sell
10/08,2618,國泰證券,8880,128,11,117,1.08,9,buy
10/08,2618,華南永昌,9300,9,69,-60,0.56,9,sell
10/08,2618,富邦-新板,0039003600310048,101,3,98,0.91,10,buy
10/08,2618,富邦-仁愛,9676,11,60,-49,0.45,10,sell
10/08,2618,兆豐-寶成,0037003000300072,84,0,84,0.78,11,buy
10/08,2618,中國信託,6160,7,48,-41,0.38,11,sell
10/08,2618,新光,8560,83,9,74,0.68,12,buy
10/08,2618,兆豐-台中港,7005,1,31,-30,0.28,12,sell
10/08,2618,國泰-板橋,003800380038004b,67,10,57,0.53,13,buy
10/08,2618,永豐金-高雄,0039004100390065,1,28,-27,0.25,13,sell
10/08,2618,國泰-忠孝,8887,58,1,57,0.53,14,buy
10/08,2618,統一,5850,3,30,-27,0.25,14,sell
10/08,2618,兆豐-三重,7008,52,0,52,0.48,15,buy
10/08,2618,台新,0039004200300030,6,29,-23,0.21,15,sell
10/08,3037,美商高盛,1480,1299,601,698,8.09,1,buy
10/08,3037,兆豐證券,7000,63,586,-523,6.06,1,sell
10/08,3037,台灣摩根士丹利,1470,958,321,637,7.38,2,buy
10/08,3037,永豐金證券,0039004100300030,39,507,-468,5.42,2,sell
10/08,3037,新加坡商瑞銀,1650,799,358,441,5.11,3,buy
10/08,3037,富邦證券,9600,31,374,-343,3.98,3,sell
10/08,3037,美林,1440,457,217,240,2.78,4,buy
10/08,3037,台新,0039004200300030,59,241,-182,2.11,4,sell
10/08,3037,元大-土城永寧,9875,98,5,93,1.08,5,buy
10/08,3037,凱基-站前,0039003200300046,32,183,-151,1.75,5,sell
10/08,3037,凱基,9200,102,17,85,0.99,6,buy
10/08,3037,兆豐-南京,0037003000300050,0,150,-150,1.74,6,sell
10/08,3037,凱基-台北,9268,340,302,38,0.44,7,buy
10/08,3037,花旗環球,1590,144,258,-114,1.32,7,sell
10/08,3037,台新-基隆,0039004200320053,34,4,30,0.35,8,buy
10/08,3037,元大證券,9800,907,1015,-108,1.25,8,sell
10/08,3037,富邦-台北,9623,39,12,27,0.31,9,buy
10/08,3037,法銀巴黎,8900,2,86,-84,0.97,9,sell
10/08,3037,富邦-桃園,9665,29,3,26,0.3,10,buy
10/08,3037,宏遠證券,1260,3,78,-75,0.87,10,sell
10/08,3037,群益金鼎-丹鳳,0039003100380073,25,0,25,0.29,11,buy
10/08,3037,永豐金-匯立,0039004100380031,16,80,-64,0.74,11,sell
10/08,3037,凱基-科園,9254,28,9,19,0.22,12,buy
10/08,3037,大和國泰,8890,0,60,-60,0.7,12,sell
10/08,3037,元大-桃興,9894,22,4,18,0.21,13,buy
10/08,3037,群益金鼎-敦南,9101,5,55,-50,0.58,13,sell
10/08,3037,台新-台中,0039004200310068,23,6,17,0.2,14,buy
10/08,3037,台灣企銀-埔墘,0031003100310047,2,50,-48,0.56,14,sell
10/08,3037,富邦-永和,9654,23,7,16,0.19,15,buy
10/08,3037,華南永昌,9300,66,112,-46,0.53,15,sell
10/08,2345,美商高盛,1480,638,174,464,10.38,1,buy
10/08,2345,台灣摩根士丹利,1470,166,792,-626,14.01,1,sell
10/08,2345,新加坡商瑞銀,1650,683,433,250,5.59,2,buy
10/08,2345,花旗環球,1590,11,103,-92,2.06,2,sell
10/08,2345,港商麥格理,1360,172,8,164,3.67,3,buy
10/08,2345,永豐金-匯立,0039004100380031,8,85,-77,1.72,3,sell
10/08,2345,美林,1440,172,43,129,2.89,4,buy
10/08,2345,香港上海匯豐,8960,0,59,-59,1.32,4,sell
10/08,2345,富邦證券,9600,171,53,118,2.64,5,buy
10/08,2345,國泰-板橋,003800380038004b,2,36,-34,0.76,5,sell
10/08,2345,群益金鼎,9100,135,45,90,2.01,6,buy
10/08,2345,富邦-永和,9654,2,36,-34,0.76,6,sell
10/08,2345,凱基-信義,9216,86,6,80,1.79,7,buy
10/08,2345,凱基-台北,9268,140,166,-26,0.58,7,sell
10/08,2345,(牛牛牛)亞證券,6010,74,0,74,1.66,8,buy
10/08,2345,國票證券,7790,2,19,-17,0.38,8,sell
10/08,2345,永豐金證券,0039004100300030,239,189,50,1.12,9,buy
10/08,2345,國泰-敦南,8888,41,57,-16,0.36,9,sell
10/08,2345,統一,5850,60,14,46,1.03,10,buy
10/08,2345,群益金鼎-士林,9137,0,17,-17,0.38,10,sell
10/08,2345,大和國泰,8890,39,0,39,0.87,11,buy
10/08,2345,玉山證券,8840,11,24,-13,0.29,11,sell
10/08,2345,元大證券,9800,171,132,39,0.87,12,buy
10/08,2345,新光,8560,19,32,-13,0.29,12,sell
10/08,2345,富邦-台北,9623,59,25,34,0.76,13,buy
10/08,2345,台新,0039004200300030,17,30,-13,0.29,13,sell
10/08,2345,第一金-忠孝,0035003300380044,23,0,23,0.51,14,buy
10/08,2345,富邦-陽明,9604,4,16,-12,0.27,14,sell
10/08,2345,統一-士林,003500380035004d,44,21,23,0.51,15,buy
10/08,2345,玉山-信義,0038003800340043,1,14,-13,0.29,15,sell
10/08,3006,香港上海匯豐,8960,109,14,95,1.38,1,buy
10/08,3006,新加坡商瑞銀,1650,122,971,-849,12.29,1,sell
10/08,3006,國泰-敦南,8888,179,90,89,1.29,2,buy
10/08,3006,摩根大通,8440,243,1011,-768,11.12,2,sell
10/08,3006,新百王,6210,115,43,72,1.04,3,buy
10/08,3006,美商高盛,1480,144,643,-499,7.23,3,sell
10/08,3006,第一金-新興,0035003300380041,57,1,56,0.81,4,buy
10/08,3006,元大證券,9800,435,643,-208,3.01,4,sell
10/08,3006,台新,0039004200300030,83,36,47,0.68,5,buy
10/08,3006,凱基-台北,9268,168,264,-96,1.39,5,sell
10/08,3006,聯邦證券,8580,54,18,36,0.52,6,buy
10/08,3006,台灣摩根士丹利,1470,4,68,-64,0.93,6,sell
10/08,3006,富邦-板橋,9655,52,17,35,0.51,7,buy
10/08,3006,港商野村,1560,38,95,-57,0.83,7,sell
10/08,3006,富邦-內湖,9627,36,5,31,0.45,8,buy
10/08,3006,永豐金證券,0039004100300030,69,112,-43,0.62,8,sell
10/08,3006,永豐金-天母,0039004100390047,42,18,24,0.35,9,buy
10/08,3006,統一-仁愛,0035003800350063,0,37,-37,0.54,9,sell
10/08,3006,元大-屏東民生,0039003800310068,23,1,22,0.32,10,buy
10/08,3006,國泰-桃園,8885,21,47,-26,0.38,10,sell
10/08,3006,元大-楊梅,0039003800370041,24,2,22,0.32,11,buy
10/08,3006,大展,5050,3,27,-24,0.35,11,sell
10/08,3006,台新-新店,0039004200320032,22,0,22,0.32,12,buy
10/08,3006,富邦-建國,9658,16,38,-22,0.32,12,sell
10/08,3006,合庫-桃園,0031003000320045,30,10,20,0.29,13,buy
10/08,3006,國票證券,7790,30,52,-22,0.32,13,sell
10/08,3006,富邦-新店,9661,33,13,20,0.29,14,buy
10/08,3006,永豐金-亞灣,0039004100390061,3,24,-21,0.3,14,sell
10/08,3006,群益金鼎-彰化,9187,23,3,20,0.29,15,buy
10/08,3006,兆豐-新竹,0037003000300056,7,28,-21,0.3,15,sell
10/08,2379,新加坡商瑞銀,1650,233,103,130,11.05,1,buy
10/08,2379,華南永昌-中正,9359,1,52,-51,4.33,1,sell
10/08,2379,群益金鼎,9100,144,20,124,10.54,2,buy
10/08,2379,美商高盛,1480,40,89,-49,4.16,2,sell
10/08,2379,美林,1440,153,40,113,9.6,3,buy
10/08,2379,花旗環球,1590,30,62,-32,2.72,3,sell
10/08,2379,第一金,5380,20,0,20,1.7,4,buy
10/08,2379,國泰證券,8880,11,30,-19,1.61,4,sell
10/08,2379,港商野村,1560,29,16,13,1.1,5,buy
10/08,2379,永豐金證券,0039004100300030,5,23,-18,1.53,5,sell
10/08,2379,富邦-屏東,0039003600310059,10,0,10,0.85,6,buy
10/08,2379,摩根大通,8440,124,140,-16,1.36,6,sell
10/08,2379,國泰-新莊,8886,12,3,9,0.76,7,buy
10/08,2379,凱基-台北,9268,27,42,-15,1.27,7,sell
10/08,2379,永豐金-大園,0039004100390038,10,2,8,0.68,8,buy
10/08,2379,台灣摩根士丹利,1470,90,104,-14,1.19,8,sell
10/08,2379,永豐金-匯立,0039004100380031,8,1,7,0.59,9,buy
10/08,2379,元大證券,9800,54,66,-12,1.02,9,sell
10/08,2379,中國信託,6160,27,21,6,0.51,10,buy
10/08,2379,富邦-新竹,9647,1,12,-11,0.93,10,sell
10/08,2379,統一-新竹,5857,5,0,5,0.42,11,buy
10/08,2379,元大-新生,0039003800310058,0,10,-10,0.85,11,sell
10/08,2379,元大-新莊,9898,5,0,5,0.42,12,buy
10/08,2379,群益金鼎-建成,003900310038004c,0,9,-9,0.76,12,sell
10/08,2379,富邦證券,9600,5,0,5,0.42,13,buy
10/08,2379,元大-民雄,0039003800310056,0,9,-9,0.76,13,sell
10/08,2379,法銀巴黎,8900,5,1,4,0.34,14,buy
10/08,2379,永豐金-新莊,0039004100390048,0,5,-5,0.42,14,sell
10/08,2379,富邦-高雄,9659,3,0,3,0.25,15,buy
10/08,2379,元大-左營,0039003800390044,0,5,-5,0.42,15,sell
10/08,3034,花旗環球,1590,513,114,399,17.55,1,buy
10/08,3034,華南永昌,9300,1,391,-390,17.15,1,sell
10/08,3034,新加坡商瑞銀,1650,296,52,244,10.73,2,buy
10/08,3034,美林,1440,16,265,-249,10.95,2,sell
10/08,3034,元大證券,9800,288,108,180,7.92,3,buy
10/08,3034,摩根大通,8440,77,297,-220,9.67,3,sell
10/08,3034,港商野村,1560,196,31,165,7.26,4,buy
10/08,3034,台灣摩根士丹利,1470,90,268,-178,7.83,4,sell
10/08,3034,群益金鼎,9100,160,16,144,6.33,5,buy
10/08,3034,凱基,9200,12,66,-54,2.37,5,sell
10/08,3034,凱基-台北,9268,68,44,24,1.06,6,buy
10/08,3034,富邦證券,9600,3,48,-45,1.98,6,sell
10/08,3034,永豐金-匯立,0039004100380031,24,4,20,0.88,7,buy
10/08,3034,美商高盛,1480,120,133,-13,0.57,7,sell
10/08,3034,法銀巴黎,8900,20,0,20,0.88,8,buy
10/08,3034,凱基-內埔,9225,0,12,-12,0.53,8,sell
10/08,3034,國泰證券,8880,20,1,19,0.84,9,buy
10/08,3034,富邦-建國,9658,0,9,-9,0.4,9,sell
10/08,3034,台新-林園,0039004200320037,18,1,17,0.75,10,buy
10/08,3034,群益金鼎-民權,9131,0,8,-8,0.35,10,sell
10/08,3034,永豐金證券,0039004100300030,28,12,16,0.7,11,buy
10/08,3034,元大-博愛,0039003800320042,0,8,-8,0.35,11,sell
10/08,3034,永豐金-桃園,0039004100390078,10,0,10,0.44,12,buy
10/08,3034,元大-和平,9863,0,8,-8,0.35,12,sell
10/08,3034,台新-板橋,0039004200320062,10,1,9,0.4,13,buy
10/08,3034,台新-台中,0039004200310068,0,6,-6,0.26,13,sell
10/08,3034,臺銀,1040,8,0,8,0.35,14,buy
10/08,3034,中國信託,6160,2,8,-6,0.26,14,sell
10/08,3034,亞東-新竹,2184,7,0,7,0.31,15,buy
10/08,3034,凱基-高美館,9215,0,6,-6,0.26,15,sell
10/08,2412,香港上海匯豐,8960,1322,4,1318,14.39,1,buy
10/08,2412,宏遠證券,1260,0,500,-500,5.46,1,sell
10/08,2412,台灣摩根士丹利,1470,823,81,742,8.1,2,buy
10/08,2412,摩根大通,8440,154,531,-377,4.12,2,sell
10/08,2412,富邦證券,9600,1061,351,710,7.75,3,buy
10/08,2412,群益金鼎-敦南,9101,0,236,-236,2.58,3,sell
10/08,2412,永豐金證券,0039004100300030,505,27,478,5.22,4,buy
10/08,2412,法銀巴黎,8900,4,221,-217,2.37,4,sell
10/08,2412,美林,1440,507,181,326,3.56,5,buy
10/08,2412,美商高盛,1480,423,564,-141,1.54,5,sell
10/08,2412,新加坡商瑞銀,1650,349,95,254,2.77,6,buy
10/08,2412,華南永昌-鳳山,9331,0,107,-107,1.17,6,sell
10/08,2412,群益金鼎,9100,193,4,189,2.06,7,buy
10/08,2412,國泰-館前,0038003800380041,2,107,-105,1.15,7,sell
10/08,2412,富邦-建國,9658,180,4,176,1.92,8,buy
10/08,2412,台新-大昌,0039004200320044,0,98,-98,1.07,8,sell
10/08,2412,國泰證券,8880,99,0,99,1.08,9,buy
10/08,2412,富邦-新板,0039003600310048,1,96,-95,1.04,9,sell
10/08,2412,花旗環球,1590,102,21,81,0.88,10,buy
10/08,2412,港商麥格理,1360,0,77,-77,0.84,10,sell
10/08,2412,華南永昌,9300,588,512,76,0.83,11,buy
10/08,2412,國泰-敦南,8888,9,83,-74,0.81,11,sell
10/08,2412,中國信託,6160,99,23,76,0.83,12,buy
10/08,2412,統一,5850,301,370,-69,0.75,12,sell
10/08,2412,統一-城中,5854,50,0,50,0.55,13,buy
10/08,2412,元大證券,9800,63,123,-60,0.66,13,sell
10/08,2412,元大-復北,9872,40,1,39,0.43,14,buy
10/08,2412,元大-大里,0039003800310067,0,60,-60,0.66,14,sell
10/08,2412,台新-台中,0039004200310068,40,4,36,0.39,15,buy
10/08,2412,凱基-台北,9268,864,917,-53,0.58,15,sell
10/08,1301,港商野村,1560,12987,327,12660,5.16,1,buy
10/08,1301,富邦證券,9600,566,10122,-9556,3.89,1,sell
10/08,1301,美商高盛,1480,11687,6753,4934,2.01,2,buy
10/08,1301,元大證券,9800,24510,30079,-5569,2.27,2,sell
10/08,1301,新加坡商瑞銀,1650,7129,2931,4198,1.71,3,buy
10/08,1301,凱基-城中,9227,181,3474,-3293,1.34,3,sell
10/08,1301,群益金鼎-台北,0039003100380058,3641,472,3169,1.29,4,buy
10/08,1301,國票-敦北法人,0037003700390063,3665,6422,-2757,1.12,4,sell
10/08,1301,台灣摩根士丹利,1470,7934,5442,2492,1.02,5,buy
10/08,1301,富邦-桃園,9665,277,2059,-1782,0.73,5,sell
10/08,1301,美林,1440,3445,1321,2124,0.87,6,buy
10/08,1301,群益金鼎,9100,2451,3713,-1262,0.51,6,sell
10/08,1301,元大-北投,0039003800390041,2535,426,2109,0.86,7,buy
10/08,1301,第一金,5380,110,1098,-988,0.4,7,sell
10/08,1301,凱基-台北,9268,16698,15279,1419,0.58,8,buy
10/08,1301,群益金鼎-高盛,9105,218,1051,-833,0.34,8,sell
10/08,1301,華南永昌,9300,1887,554,1333,0.54,9,buy
10/08,1301,富邦-公益,0039003600310046,288,1035,-747,0.3,9,sell
10/08,1301,凱基-信義,9216,1508,308,1200,0.49,10,buy
10/08,1301,富邦-板橋,9655,303,864,-561,0.23,10,sell
10/08,1301,國泰證券,8880,1310,236,1074,0.44,11,buy
10/08,1301,元大-花蓮,9856,226,757,-531,0.22,11,sell
10/08,1301,摩根大通,8440,4589,3641,948,0.39,12,buy
10/08,1301,花旗環球,1590,129,590,-461,0.19,12,sell
10/08,1301,富邦-中壢,9636,932,271,661,0.27,13,buy
10/08,1301,群益金鼎-館前,0039003100330059,173,605,-432,0.18,13,sell
10/08,1301,台新-虎尾,003900420032004e,571,37,534,0.22,14,buy
10/08,1301,兆豐-小港,0037003000300052,154,561,-407,0.17,14,sell
10/08,1301,台新,0039004200300030,1573,1042,531,0.22,15,buy
10/08,1301,台新-新營,0039004200310031,146,518,-372,0.15,15,sell
10/08,2892,美商高盛,1480,2486,703,1783,12.13,1,buy
10/08,2892,摩根大通,8440,752,2110,-1358,9.23,1,sell
10/08,2892,新光,8560,940,39,901,6.13,2,buy
10/08,2892,花旗環球,1590,643,1241,-598,4.07,2,sell
10/08,2892,港商野村,1560,684,14,670,4.56,3,buy
10/08,2892,法銀巴黎,8900,0,440,-440,2.99,3,sell
10/08,2892,元大證券,9800,1101,741,360,2.45,4,buy
10/08,2892,永豐金-匯立,0039004100380031,249,661,-412,2.8,4,sell
10/08,2892,統一,5850,354,37,317,2.16,5,buy
10/08,2892,第一金-新興,0035003300380041,1,260,-259,1.76,5,sell
10/08,2892,台灣摩根士丹利,1470,2210,1931,279,1.9,6,buy
10/08,2892,新加坡商瑞銀,1650,1962,2144,-182,1.24,6,sell
10/08,2892,元大-鹿港,0039003800390053,250,1,249,1.69,7,buy
10/08,2892,富邦-竹東,9625,0,150,-150,1.02,7,sell
10/08,2892,中國信託-嘉義,6168,201,1,200,1.36,8,buy
10/08,2892,國泰證券,8880,37,178,-141,0.96,8,sell
10/08,2892,玉山證券,8840,161,13,148,1.01,9,buy
10/08,2892,凱基,9200,2,128,-126,0.86,9,sell
10/08,2892,凱基-汐止,9226,100,0,100,0.68,10,buy
10/08,2892,玉山-嘉義,8848,0,100,-100,0.68,10,sell
10/08,2892,富邦-員林,9672,80,0,80,0.54,11,buy
10/08,2892,華南永昌-中正,9359,0,100,-100,0.68,11,sell
10/08,2892,凱基-台北,9268,853,778,75,0.51,12,buy
10/08,2892,美林,1440,259,347,-88,0.6,12,sell
10/08,2892,國票-敦北法人,0037003700390063,67,0,67,0.46,13,buy
10/08,2892,凱基-市政,9239,0,81,-81,0.55,13,sell
10/08,2892,第一金,5380,51,0,51,0.35,14,buy
10/08,2892,凱基-埔墘,9288,0,80,-80,0.54,14,sell
10/08,2892,元大-龍潭,9858,33,1,32,0.22,15,buy
10/08,2892,台新-三重,0039004200320033,0,75,-75,0.51,15,sell
10/08,2886,美商高盛,1480,4276,147,4129,17.28,1,buy
10/08,2886,花旗環球,1590,607,4235,-3628,15.18,1,sell
10/08,2886,台灣摩根士丹利,1470,2909,443,2466,10.32,2,buy
10/08,2886,統一,5850,51,3638,-3587,15.01,2,sell
10/08,2886,元大證券,9800,1970,464,1506,6.3,3,buy
10/08,2886,摩根大通,8440,872,2951,-2079,8.7,3,sell
10/08,2886,合庫-高雄,1023,1458,5,1453,6.08,4,buy
10/08,2886,凱基-站前,0039003200300046,6,986,-980,4.1,4,sell
10/08,2886,香港上海匯豐,8960,1406,12,1394,5.83,5,buy
10/08,2886,法銀巴黎,8900,0,543,-543,2.27,5,sell
10/08,2886,新光,8560,721,60,661,2.77,6,buy
10/08,2886,宏遠證券,1260,0,422,-422,1.77,6,sell
10/08,2886,新加坡商瑞銀,1650,3695,3341,354,1.48,7,buy
10/08,2886,台新,0039004200300030,144,540,-396,1.66,7,sell
10/08,2886,美林,1440,592,297,295,1.23,8,buy
10/08,2886,國票-敦北法人,0037003700390063,18,300,-282,1.18,8,sell
10/08,2886,永豐金證券,0039004100300030,306,47,259,1.08,9,buy
10/08,2886,富邦證券,9600,67,246,-179,0.75,9,sell
10/08,2886,富邦-陽明,9604,100,23,77,0.32,10,buy
10/08,2886,凱基-台北,9268,1807,1977,-170,0.71,10,sell
10/08,2886,新光-台中,8561,72,2,70,0.29,11,buy
10/08,2886,第一金,5380,15,161,-146,0.61,11,sell
10/08,2886,華南永昌-大安,9307,62,2,60,0.25,12,buy
10/08,2886,華南永昌-林口,9317,165,264,-99,0.41,12,sell
10/08,2886,群益金鼎-彰化,9187,55,1,54,0.23,13,buy
10/08,2886,凱基-市政,9239,4,76,-72,0.3,13,sell
10/08,2886,元大-景美,0039003800340048,42,1,41,0.17,14,buy
10/08,2886,元大-板橋三民,9879,18,67,-49,0.21,14,sell
10/08,2886,元大-學甲,003900380033004b,40,0,40,0.17,15,buy
10/08,2886,群益金鼎-南京,0039003100380045,1,50,-49,0.21,15,sell
10/08,6770,第一金-桃園,5385,789,203,586,0.51,1,buy
10/08,6770,美商高盛,1480,4661,11707,-7046,6.16,1,sell
10/08,6770,國泰-敦南,8888,3485,2948,537,0.47,2,buy
10/08,6770,凱基-台北,9268,2917,7520,-4603,4.03,2,sell
10/08,6770,元大-嘉義,0039003800390067,471,108,363,0.32,3,buy
10/08,6770,新加坡商瑞銀,1650,3265,6872,-3607,3.16,3,sell
10/08,6770,凱基-台南,9211,415,68,347,0.3,4,buy
10/08,6770,台灣摩根士丹利,1470,4129,7694,-3565,3.12,4,sell
10/08,6770,元大-大甲,0039003800390055,334,41,293,0.26,5,buy
10/08,6770,摩根大通,8440,1355,3284,-1929,1.69,5,sell
10/08,6770,凱基-市政,9239,582,331,251,0.22,6,buy
10/08,6770,凱基-信義,9216,49,1554,-1505,1.32,6,sell
10/08,6770,元大-竹山,0039003800310052,284,62,222,0.19,7,buy
10/08,6770,美林,1440,1593,2612,-1019,0.89,7,sell
10/08,6770,凱基-永康,9278,277,64,213,0.19,8,buy
10/08,6770,永豐金證券,0039004100300030,560,1179,-619,0.54,8,sell
10/08,6770,新光,8560,786,580,206,0.18,9,buy
10/08,6770,元大-民生三民,0039003800390058,34,440,-406,0.36,9,sell
10/08,6770,元大-花蓮,9856,312,107,205,0.18,10,buy
10/08,6770,群益金鼎,9100,1562,1968,-406,0.36,10,sell
10/08,6770,玉山-左營,0038003800340044,273,74,199,0.17,11,buy
10/08,6770,兆豐-台中,7003,79,469,-390,0.34,11,sell
10/08,6770,國泰-台中,8882,652,464,188,0.16,12,buy
10/08,6770,元大證券,9800,7778,8001,-223,0.2,12,sell
10/08,6770,富邦-三重,9677,249,73,176,0.15,13,buy
10/08,6770,法銀巴黎,8900,15,206,-191,0.17,13,sell
10/08,6770,永豐金-大園,0039004100390038,319,148,171,0.15,14,buy
10/08,6770,花旗環球,1590,4,171,-167,0.15,14,sell
10/08,6770,元大-草屯,0039003800390045,335,164,171,0.15,15,buy
10/08,6770,凱基,9200,20,169,-149,0.13,15,sell
10/08,8150,新加坡商瑞銀,1650,2275,844,1431,3.87,1,buy
10/08,8150,康和,8450,6,2007,-2001,5.41,1,sell
10/08,8150,美商高盛,1480,4701,3553,1148,3.1,2,buy
10/08,8150,元大-松江,9801,12,1712,-1700,4.6,2,sell
10/08,8150,富邦證券,9600,2370,1895,475,1.28,3,buy
10/08,8150,富邦-新店,9661,35,1053,-1018,2.75,3,sell
10/08,8150,群益金鼎-東大,9135,496,101,395,1.07,4,buy
10/08,8150,元大證券,9800,4137,4697,-560,1.51,4,sell
10/08,8150,凱基-台北,9268,1889,1641,248,0.67,5,buy
10/08,8150,港商野村,1560,309,749,-440,1.19,5,sell
10/08,8150,元大-忠孝,9871,260,112,148,0.4,6,buy
10/08,8150,台新-台北,0039004200320030,7,404,-397,1.07,6,sell
10/08,8150,國泰-敦南,8888,1536,1395,141,0.38,7,buy
10/08,8150,台灣摩根士丹利,1470,121,324,-203,0.55,7,sell
10/08,8150,花旗環球,1590,380,265,115,0.31,8,buy
10/08,8150,凱基-中壢,9285,8,173,-165,0.45,8,sell
10/08,8150,中國信託,6160,222,117,105,0.28,9,buy
10/08,8150,華南永昌,9300,140,228,-88,0.24,9,sell
10/08,8150,富邦-仁愛,9676,118,19,99,0.27,10,buy
10/08,8150,永豐金-中正,0039004100390055,47,126,-79,0.21,10,sell
10/08,8150,元大-和平,9863,96,2,94,0.25,11,buy
10/08,8150,港商麥格理,1360,0,60,-60,0.16,11,sell
10/08,8150,富邦-竹科,0039003600320043,83,11,72,0.19,12,buy
10/08,8150,元大-西螺,0039003800310069,14,68,-54,0.15,12,sell
10/08,8150,台新,0039004200300030,267,209,58,0.16,13,buy
10/08,8150,群益金鼎-敦南,9101,26,66,-40,0.11,13,sell
10/08,8150,元大-長庚,0039003800380056,71,16,55,0.15,14,buy
10/08,8150,台新-吉利,0039004200320057,24,64,-40,0.11,14,sell
10/08,8150,統一-南京,0035003800350055,57,7,50,0.14,15,buy
10/08,8150,凱基-竹科,9272,18,56,-38,0.1,15,sell
10/08,1314,台灣摩根士丹利,1470,7159,205,6954,12.31,1,buy
10/08,1314,國泰-敦南,8888,765,2471,-1706,3.02,1,sell
10/08,1314,摩根大通,8440,4135,889,3246,5.75,2,buy
10/08,1314,凱基-屏東,0039003200320043,13,704,-691,1.22,2,sell
10/08,1314,新加坡商瑞銀,1650,3283,131,3152,5.58,3,buy
10/08,1314,台新-高雄,0039004200310067,115,706,-591,1.05,3,sell
10/08,1314,美商高盛,1480,4832,1845,2987,5.29,4,buy
10/08,1314,兆豐-西螺,0037003000300044,5,557,-552,0.98,4,sell
10/08,1314,元大證券,9800,4865,2762,2103,3.72,5,buy
10/08,1314,美好-楊梅,5262,16,411,-395,0.7,5,sell
10/08,1314,第一金-路竹,0035003300380050,1482,67,1415,2.51,6,buy
10/08,1314,日茂,5960,66,394,-328,0.58,6,sell
10/08,1314,美林,1440,952,0,952,1.69,7,buy
10/08,1314,新光,8560,210,538,-328,0.58,7,sell
10/08,1314,凱基-台北,9268,3673,2957,716,1.27,8,buy
10/08,1314,元大-苑裡,0039003800390061,4,324,-320,0.57,8,sell
10/08,1314,凱基-中港,9202,704,83,621,1.1,9,buy
10/08,1314,土銀-新竹,1035,6,320,-314,0.56,9,sell
10/08,1314,臺銀-高雄,0031003000340043,688,81,607,1.07,10,buy
10/08,1314,新光-高雄,8562,93,391,-298,0.53,10,sell
10/08,1314,兆豐-忠孝,0037003000300061,511,133,378,0.67,11,buy
10/08,1314,華南永昌-鳳山,9331,35,327,-292,0.52,11,sell
10/08,1314,台新,0039004200300030,616,266,350,0.62,12,buy
10/08,1314,元大-大里,0039003800310067,45,332,-287,0.51,12,sell
10/08,1314,群益金鼎-竹南,0039003100380069,328,56,272,0.48,13,buy
10/08,1314,富邦-桃園,9665,59,310,-251,0.44,13,sell
10/08,1314,群益金鼎-古亭,0039003100380043,226,10,216,0.38,14,buy
10/08,1314,富邦-員林,9672,9,252,-243,0.43,14,sell
10/08,1314,華南永昌-鶯歌,9319,213,6,207,0.37,15,buy
10/08,1314,富邦-陽明,9604,52,291,-239,0.42,15,sell
10/08,3105,美商高盛,1480,2133,395,1738,10.54,1,buy
10/08,3105,富邦證券,9600,185,4579,-4394,26.65,1,sell
10/08,3105,台灣摩根士丹利,1470,1416,368,1048,6.36,2,buy
10/08,3105,群益金鼎,9100,199,427,-228,1.38,2,sell
10/08,3105,摩根大通,8440,1078,203,875,5.31,3,buy
10/08,3105,港商麥格理,1360,0,226,-226,1.37,3,sell
10/08,3105,美林,1440,409,12,397,2.41,4,buy
10/08,3105,港商野村,1560,63,148,-85,0.52,4,sell
10/08,3105,凱基-台北,9268,1069,712,357,2.17,5,buy
10/08,3105,新光,8560,134,212,-78,0.47,5,sell
10/08,3105,新加坡商瑞銀,1650,361,56,305,1.85,6,buy
10/08,3105,中農,8520,2,71,-69,0.42,6,sell
10/08,3105,元大證券,9800,1470,1192,278,1.69,7,buy
10/08,3105,華南永昌,9300,47,108,-61,0.37,7,sell
10/08,3105,康和,8450,90,6,84,0.51,8,buy
10/08,3105,統一,5850,52,97,-45,0.27,8,sell
10/08,3105,富邦-南京,0039003600310043,70,18,52,0.32,9,buy
10/08,3105,凱基-桃園,9208,10,49,-39,0.24,9,sell
10/08,3105,凱基-松山,9217,55,9,46,0.28,10,buy
10/08,3105,第一金,5380,3,33,-30,0.18,10,sell
10/08,3105,富邦-台北,9623,98,59,39,0.24,11,buy
10/08,3105,永豐金證券,0039004100300030,274,303,-29,0.18,11,sell
10/08,3105,凱基-信義,9216,42,5,37,0.22,12,buy
10/08,3105,康和-板橋,0038003400350044,13,41,-28,0.17,12,sell
10/08,3105,玉山-台中,0038003800340042,61,28,33,0.2,13,buy
10/08,3105,台新-成功,003900420032006d,3,27,-24,0.15,13,sell
10/08,3105,台中銀-高雄,6116,31,0,31,0.19,14,buy
10/08,3105,新光-新竹,8563,22,43,-21,0.13,14,sell
10/08,3105,凱基-新莊,0039003200310053,41,10,31,0.19,15,buy
10/08,3105,群益金鼎-內湖,0039003100380064,5,26,-21,0.13,15,sell
10/08,5347,美商高盛,1480,2056,861,1195,11.31,1,buy
10/08,5347,港商麥格理,1360,0,1146,-1146,10.84,1,sell
10/08,5347,美林,1440,933,29,904,8.55,2,buy
10/08,5347,群益金鼎,9100,120,913,-793,7.5,2,sell
10/08,5347,台灣摩根士丹利,1470,783,413,370,3.5,3,buy
10/08,5347,國票-敦北法人,0037003700390063,32,503,-471,4.46,3,sell
10/08,5347,凱基-台北,9268,638,269,369,3.49,4,buy
10/08,5347,元大證券,9800,357,653,-296,2.8,4,sell
10/08,5347,富邦證券,9600,353,53,300,2.84,5,buy
10/08,5347,華南永昌,9300,6,255,-249,2.36,5,sell
10/08,5347,統一,5850,164,26,138,1.31,6,buy
10/08,5347,永豐金-匯立,0039004100380031,0,210,-210,1.99,6,sell
10/08,5347,新加坡商瑞銀,1650,495,364,131,1.24,7,buy
10/08,5347,摩根大通,8440,363,553,-190,1.8,7,sell
10/08,5347,兆豐-埔墘,003700300030004e,101,1,100,0.95,8,buy
10/08,5347,法銀巴黎,8900,34,125,-91,0.86,8,sell
10/08,5347,富邦-建國,9658,80,4,76,0.72,9,buy
10/08,5347,統一-城中,5854,1,89,-88,0.83,9,sell
10/08,5347,新光,8560,77,39,38,0.36,10,buy
10/08,5347,香港上海匯豐,8960,0,81,-81,0.77,10,sell
10/08,5347,永豐金證券,0039004100300030,73,35,38,0.36,11,buy
10/08,5347,玉山-台南,8847,2,83,-81,0.77,11,sell
10/08,5347,群益金鼎-高盛,9105,32,0,32,0.3,12,buy
10/08,5347,凱基,9200,111,154,-43,0.41,12,sell
10/08,5347,群益金鼎-大安,0039003100380065,30,0,30,0.28,13,buy
10/08,5347,花旗環球,1590,11,47,-36,0.34,13,sell
10/08,5347,永全-南崁,6451,31,1,30,0.28,14,buy
10/08,5347,中國信託-忠孝,6162,13,43,-30,0.28,14,sell
10/08,5347,元大-花蓮,9856,33,4,29,0.27,15,buy
10/08,5347,國泰-忠孝,8887,12,40,-28,0.26,15,sell
10/08,1326,美商高盛,1480,4868,1327,3541,4.3,1,buy
10/08,1326,元大證券,9800,7961,10316,-2355,2.86,1,sell
10/08,1326,摩根大通,8440,3284,825,2459,2.99,2,buy
10/08,1326,香港上海匯豐,8960,0,1308,-1308,1.59,2,sell
10/08,1326,新加坡商瑞銀,1650,3451,1227,2224,2.7,3,buy
10/08,1326,華南永昌,9300,187,1193,-1006,1.22,3,sell
10/08,1326,富邦-桃園,9665,1489,52,1437,1.74,4,buy
10/08,1326,花旗環球,1590,51,627,-576,0.7,4,sell
10/08,1326,美林,1440,1382,772,610,0.74,5,buy
10/08,1326,元大-斗信,9884,193,729,-536,0.65,5,sell
10/08,1326,台新-虎尾,003900420032004e,542,47,495,0.6,6,buy
10/08,1326,台灣摩根士丹利,1470,2148,2616,-468,0.57,6,sell
10/08,1326,凱基-彰化,0039003200300047,640,158,482,0.59,7,buy
10/08,1326,永豐金-匯立,0039004100380031,0,414,-414,0.5,7,sell
10/08,1326,中國信託-忠孝,6162,479,53,426,0.52,8,buy
10/08,1326,群益金鼎-彰化,9187,34,380,-346,0.42,8,sell
10/08,1326,凱基-台北,9268,3133,2752,381,0.46,9,buy
10/08,1326,永豐金證券,0039004100300030,533,838,-305,0.37,9,sell
10/08,1326,統一-屏東,5859,399,65,334,0.41,10,buy
10/08,1326,國泰-敦南,8888,1634,1915,-281,0.34,10,sell
10/08,1326,永豐金-中壢,0039004100390039,320,40,280,0.34,11,buy
10/08,1326,群益金鼎-民權,9131,51,252,-201,0.24,11,sell
10/08,1326,兆豐-忠孝,0037003000300061,805,611,194,0.24,12,buy
10/08,1326,第一金-台南,5384,175,371,-196,0.24,12,sell
10/08,1326,元大-大里德芳,0039003800330057,275,100,175,0.21,13,buy
10/08,1326,第一金-中壢,0035003300380059,39,227,-188,0.23,13,sell
10/08,1326,群益金鼎,9100,900,732,168,0.2,14,buy
10/08,1326,元大-羅東,0039003800320041,65,250,-185,0.22,14,sell
10/08,1326,永豐金-敦北,0039004100380039,175,19,156,0.19,15,buy
10/08,1326,台新,0039004200300030,662,828,-166,0.2,15,sell
10/08,6257,宏遠證券,1260,254,22,232,0.89,1,buy
10/08,6257,台灣摩根士丹利,1470,923,1811,-888,3.42,1,sell
10/08,6257,美商高盛,1480,1576,1394,182,0.7,2,buy
10/08,6257,美林,1440,119,502,-383,1.48,2,sell
10/08,6257,新加坡商瑞銀,1650,571,405,166,0.64,3,buy
10/08,6257,永豐金證券,0039004100300030,236,543,-307,1.18,3,sell
10/08,6257,永豐金-信義,0039004100390052,155,16,139,0.54,4,buy
10/08,6257,元大證券,9800,2581,2885,-304,1.17,4,sell
10/08,6257,永豐金-匯立,0039004100380031,125,6,119,0.46,5,buy
10/08,6257,凱基-台北,9268,1457,1607,-150,0.58,5,sell
10/08,6257,富邦證券,9600,309,209,100,0.39,6,buy
10/08,6257,元大-大同,0039003800390047,31,133,-102,0.39,6,sell
10/08,6257,摩根大通,8440,266,184,82,0.32,7,buy
10/08,6257,統一,5850,226,318,-92,0.35,7,sell
10/08,6257,法銀巴黎,8900,65,2,63,0.24,8,buy
10/08,6257,華南永昌,9300,53,144,-91,0.35,8,sell
10/08,6257,國泰-敦南,8888,774,711,63,0.24,9,buy
10/08,6257,元大-古亭,003900380039006b,33,115,-82,0.32,9,sell
10/08,6257,兆豐-大安,003700300030006a,62,2,60,0.23,10,buy
10/08,6257,康和,8450,31,89,-58,0.22,10,sell
10/08,6257,港商野村,1560,93,33,60,0.23,11,buy
10/08,6257,統一-士林,003500380035004d,42,88,-46,0.18,11,sell
10/08,6257,凱基-中港,9202,65,6,59,0.23,12,buy
10/08,6257,中國信託-三重,6161,18,56,-38,0.15,12,sell
10/08,6257,元大-金華,9878,64,17,47,0.18,13,buy
10/08,6257,群益金鼎-敦南,9101,24,58,-34,0.13,13,sell
10/08,6257,花旗環球,1590,47,0,47,0.18,14,buy
10/08,6257,國票-南科,0037003700390065,15,47,-32,0.12,14,sell
10/08,6257,國泰證券,8880,68,24,44,0.17,15,buy
10/08,6257,凱基-高雄,9206,21,51,-30,0.12,15,sell
10/08,1605,元大-員林中山,9835,544,1,543,2.28,1,buy
10/08,1605,元大證券,9800,503,2374,-1871,7.87,1,sell
10/08,1605,元大-汐止,0039003800390051,279,6,273,1.15,2,buy
10/08,1605,台灣摩根士丹利,1470,181,1745,-1564,6.58,2,sell
10/08,1605,永豐金-古亭,0039004100390064,255,7,248,1.04,3,buy
10/08,1605,凱基-大安,9291,2,799,-797,3.35,3,sell
10/08,1605,第一金-桃園,5385,335,110,225,0.95,4,buy
10/08,1605,新加坡商瑞銀,1650,195,867,-672,2.83,4,sell
10/08,1605,凱基-台南,9211,244,24,220,0.93,5,buy
10/08,1605,美林,1440,234,847,-613,2.58,5,sell
10/08,1605,國票-北高雄,003700370039004a,209,0,209,0.88,6,buy
10/08,1605,美商高盛,1480,706,1198,-492,2.07,6,sell
10/08,1605,康和-板橋,0038003400350044,210,5,205,0.86,7,buy
10/08,1605,中國信託-嘉義,6168,11,309,-298,1.25,7,sell
10/08,1605,富邦-台中,003900360035004b,267,85,182,0.77,8,buy
10/08,1605,永豐金證券,0039004100300030,141,427,-286,1.2,8,sell
10/08,1605,亞東,2180,171,12,159,0.67,9,buy
10/08,1605,摩根大通,8440,236,481,-245,1.03,9,sell
10/08,1605,元大-草屯,0039003800390045,195,41,154,0.65,10,buy
10/08,1605,凱基-台北,9268,633,843,-210,0.88,10,sell
10/08,1605,元大-天母,0039003800310049,146,1,145,0.61,11,buy
10/08,1605,宏遠-台南,0031003200360044,56,240,-184,0.77,11,sell
10/08,1605,富邦-新竹,9647,163,22,141,0.59,12,buy
10/08,1605,永豐金-松山,0039004100390031,26,207,-181,0.76,12,sell
10/08,1605,元大-南投,0039003800310044,142,11,131,0.55,13,buy
10/08,1605,港商野村,1560,0,151,-151,0.63,13,sell
10/08,1605,台新,0039004200300030,195,65,130,0.55,14,buy
10/08,1605,(牛牛牛)亞-鑫豐,0036003000310064,43,183,-140,0.59,14,sell
10/08,1605,凱基-台中,9204,123,1,122,0.51,15,buy
10/08,1605,國票-內壢,7798,2,138,-136,0.57,15,sell
10/08,6505,富邦證券,9600,15795,659,15136,36.63,1,buy
10/08,6505,美商高盛,1480,442,3848,-3406,8.24,1,sell
10/08,6505,國泰證券,8880,1528,8,1520,3.68,2,buy
10/08,6505,台灣摩根士丹利,1470,211,3239,-3028,7.33,2,sell
10/08,6505,華南永昌,9300,1111,52,1059,2.56,3,buy
10/08,6505,摩根大通,8440,142,2594,-2452,5.93,3,sell
10/08,6505,元大-天母,0039003800310049,204,7,197,0.48,4,buy
10/08,6505,新加坡商瑞銀,1650,176,1968,-1792,4.34,4,sell
10/08,6505,統一,5850,440,252,188,0.45,5,buy
10/08,6505,凱基-台北,9268,1799,3419,-1620,3.92,5,sell
10/08,6505,華南永昌-大甲,9315,168,21,147,0.36,6,buy
10/08,6505,群益金鼎-開元,9134,5,956,-951,2.3,6,sell
10/08,6505,凱基-中山,9229,131,13,118,0.29,7,buy
10/08,6505,元大證券,9800,3579,4512,-933,2.26,7,sell
10/08,6505,群益金鼎-瑞豐,0039003100380075,121,23,98,0.24,8,buy
10/08,6505,美林,1440,79,854,-775,1.88,8,sell
10/08,6505,兆豐-三民,0037003000300068,83,12,71,0.17,9,buy
10/08,6505,花旗環球,1590,55,442,-387,0.94,9,sell
10/08,6505,群益金鼎-台中,9184,144,78,66,0.16,10,buy
10/08,6505,兆豐證券,7000,0,339,-339,0.82,10,sell
10/08,6505,華南永昌-虎尾,9377,83,17,66,0.16,11,buy
10/08,6505,元大-博愛,0039003800320042,46,327,-281,0.68,11,sell
10/08,6505,凱基,9200,112,50,62,0.15,12,buy
10/08,6505,港商野村,1560,8,162,-154,0.37,12,sell
10/08,6505,元大-竹山,0039003800310052,79,19,60,0.15,13,buy
10/08,6505,永豐金-松山,0039004100390031,25,154,-129,0.31,13,sell
10/08,6505,中國信託-忠孝,6162,72,18,54,0.13,14,buy
10/08,6505,中國信託,6160,68,194,-126,0.3,14,sell
10/08,6505,群益金鼎,9100,184,134,50,0.12,15,buy
10/08,6505,台新-北中壢,003900420032004c,7,125,-118,0.29,15,sell
10/08,0050,國泰-敦南,8888,5683,1069,4614,4.66,1,buy
10/08,0050,凱基-台北,9268,1456,23552,-22096,22.32,1,sell
10/08,0050,新光,8560,1809,212,1597,1.61,2,buy
10/08,0050,永豐金證券,0039004100300030,4679,18529,-13850,13.99,2,sell
10/08,0050,凱基,9200,2375,1129,1246,1.26,3,buy
10/08,0050,元大證券,9800,4011,14698,-10687,10.8,3,sell
10/08,0050,國泰證券,8880,1029,4,1025,1.04,4,buy
10/08,0050,群益金鼎,9100,321,5478,-5157,5.21,4,sell
10/08,0050,國泰-台中,8882,1068,168,900,0.91,5,buy
10/08,0050,台灣摩根士丹利,1470,0,5097,-5097,5.15,5,sell
10/08,0050,國泰-桃園,8885,874,115,759,0.77,6,buy
10/08,0050,群益金鼎-西松,9136,55,2801,-2746,2.77,6,sell
10/08,0050,國泰-板橋,003800380038004b,917,219,698,0.71,7,buy
10/08,0050,凱基-城中,9227,66,1910,-1844,1.86,7,sell
10/08,0050,台新-城東,0039004200320072,653,11,642,0.65,8,buy
10/08,0050,中國信託,6160,1948,3525,-1577,1.59,8,sell
10/08,0050,第一金,5380,650,32,618,0.62,9,buy
10/08,0050,法銀巴黎,8900,0,1553,-1553,1.57,9,sell
10/08,0050,元大-博愛,0039003800320042,674,80,594,0.6,10,buy
10/08,0050,富邦證券,9600,2392,3818,-1426,1.44,10,sell
10/08,0050,台新,0039004200300030,1155,609,546,0.55,11,buy
10/08,0050,美商高盛,1480,5,313,-308,0.31,11,sell
10/08,0050,宏遠證券,1260,565,20,545,0.55,12,buy
10/08,0050,康和,8450,97,394,-297,0.3,12,sell
10/08,0050,臺銀,1040,602,60,542,0.55,13,buy
10/08,0050,新加坡商瑞銀,1650,775,993,-218,0.22,13,sell
10/08,0050,華南永昌,9300,602,76,526,0.53,14,buy
10/08,0050,摩根大通,8440,0,159,-159,0.16,14,sell
10/08,0050,國泰-館前,0038003800380041,542,73,469,0.47,15,buy
10/08,0050,兆豐-民生,0037003000300063,105,255,-150,0.15,15,sell
10/08,0056,國泰-敦南,8888,1800,343,1457,3.57,1,buy
10/08,0056,元大證券,9800,1238,18882,-17644,43.18,1,sell
10/08,0056,中國信託-忠孝,6162,928,14,914,2.24,2,buy
10/08,0056,凱基-台北,9268,158,6427,-6269,15.34,2,sell
10/08,0056,元大-花蓮,9856,558,9,549,1.34,3,buy
10/08,0056,永豐金證券,0039004100300030,500,5956,-5456,13.35,3,sell
10/08,0056,新光,8560,556,96,460,1.13,4,buy
10/08,0056,新加坡商瑞銀,1650,0,641,-641,1.57,4,sell
10/08,0056,中國信託,6160,503,88,415,1.02,5,buy
10/08,0056,群益金鼎,9100,95,400,-305,0.75,5,sell
10/08,0056,元大-路竹,0039003800310043,400,5,395,0.97,6,buy
10/08,0056,凱基-永康,9278,26,251,-225,0.55,6,sell
10/08,0056,國泰證券,8880,360,0,360,0.88,7,buy
10/08,0056,富邦證券,9600,263,414,-151,0.37,7,sell
10/08,0056,國泰-板橋,003800380038004b,389,34,355,0.87,8,buy
10/08,0056,元大-龍潭,9858,62,174,-112,0.27,8,sell
10/08,0056,元大-中崙,9813,333,8,325,0.8,9,buy
10/08,0056,國票-嘉義,0037003700390048,2,110,-108,0.26,9,sell
10/08,0056,臺銀,1040,337,45,292,0.71,10,buy
10/08,0056,富邦-台中,003900360035004b,116,198,-82,0.2,10,sell
10/08,0056,富邦-新竹,9647,303,11,292,0.71,11,buy
10/08,0056,台新-三重,0039004200320033,20,90,-70,0.17,11,sell
10/08,0056,第一金,5380,261,1,260,0.64,12,buy
10/08,0056,國票-彰化,0037003700390057,3,52,-49,0.12,12,sell
10/08,0056,台新,0039004200300030,337,97,240,0.59,13,buy
10/08,0056,永豐金-信義,0039004100390052,6,53,-47,0.12,13,sell
10/08,0056,國泰-台中,8882,295,55,240,0.59,14,buy
10/08,0056,台灣摩根士丹利,1470,3,44,-41,0.1,14,sell
10/08,0056,國泰-桃園,8885,270,59,211,0.52,15,buy
10/08,0056,凱基-台東,003900320030005a,11,52,-41,0.1,15,sell
10/08,2324,港商麥格理,1360,548,0,548,2.47,1,buy
10/08,2324,美林,1440,628,2802,-2174,9.82,1,sell
10/08,2324,元大-北投,0039003800390041,435,0,435,1.96,2,buy
10/08,2324,摩根大通,8440,689,2808,-2119,9.57,2,sell
10/08,2324,中國信託-忠孝,6162,431,21,410,1.85,3,buy
10/08,2324,美商高盛,1480,105,1777,-1672,7.55,3,sell
10/08,2324,國泰-敦南,8888,646,351,295,1.33,4,buy
10/08,2324,台灣摩根士丹利,1470,57,1715,-1658,7.49,4,sell
10/08,2324,元大-松山,0039003800310070,265,7,258,1.17,5,buy
10/08,2324,凱基-台北,9268,610,1753,-1143,5.16,5,sell
10/08,2324,合庫證券,1020,220,0,220,0.99,6,buy
10/08,2324,花旗環球,1590,26,798,-772,3.49,6,sell
10/08,2324,香港上海匯豐,8960,213,0,213,0.96,7,buy
10/08,2324,元大-忠孝鼎富,0039003800320046,0,700,-700,3.16,7,sell
10/08,2324,國泰-館前,0038003800380041,234,36,198,0.89,8,buy
10/08,2324,元大證券,9800,533,1080,-547,2.47,8,sell
10/08,2324,富邦-仁愛,9676,195,6,189,0.85,9,buy
10/08,2324,凱基-三多,9275,7,300,-293,1.32,9,sell
10/08,2324,元大-內湖民權,9867,176,6,170,0.77,10,buy
10/08,2324,永豐金-匯立,0039004100380031,0,286,-286,1.29,10,sell
10/08,2324,富邦證券,9600,170,5,165,0.75,11,buy
10/08,2324,臺銀,1040,26,257,-231,1.04,11,sell
10/08,2324,新光,8560,229,81,148,0.67,12,buy
10/08,2324,國泰證券,8880,2,156,-154,0.7,12,sell
10/08,2324,第一金-華江,0035003300380057,154,10,144,0.65,13,buy
10/08,2324,元大-花蓮,9856,35,185,-150,0.68,13,sell
10/08,2324,富邦-永和,9654,149,20,129,0.58,14,buy
10/08,2324,致和-金華,7034,6,155,-149,0.67,14,sell
10/08,2324,富邦-陽明,9604,130,12,118,0.53,15,buy
10/08,2324,兆豐-台中港,7005,35,181,-146,0.66,15,sell
10/08,2409,國泰-敦南,8888,8955,5590,3365,1.22,1,buy
10/08,2409,美商高盛,1480,2256,22765,-20509,7.45,1,sell
10/08,2409,元大-信義安和,0039003800300052,1769,105,1664,0.6,2,buy
10/08,2409,台灣摩根士丹利,1470,870,15185,-14315,5.2,2,sell
10/08,2409,群益金鼎-高盛,9105,1723,102,1621,0.59,3,buy
10/08,2409,凱基-台北,9268,10070,22052,-11982,4.35,3,sell
10/08,2409,凱基-林口,9257,1755,202,1553,0.56,4,buy
10/08,2409,摩根大通,8440,154,8066,-7912,2.87,4,sell
10/08,2409,富邦-新板,0039003600310048,945,265,680,0.25,5,buy
10/08,2409,美林,1440,10,6152,-6142,2.23,5,sell
10/08,2409,元大-三民,0039003800390046,793,150,643,0.23,6,buy
10/08,2409,台新-虎尾,003900420032004e,105,5237,-5132,1.86,6,sell
10/08,2409,元大-高雄,003900380031006d,1015,402,613,0.22,7,buy
10/08,2409,永豐金證券,0039004100300030,1836,4440,-2604,0.95,7,sell
10/08,2409,元大-北屯,0039003800390064,681,96,585,0.21,8,buy
10/08,2409,元大證券,9800,13519,15961,-2442,0.89,8,sell
10/08,2409,元大-大雅,0039003800330069,755,175,580,0.21,9,buy
10/08,2409,凱基-斗六,9281,60,2434,-2374,0.86,9,sell
10/08,2409,國泰-板橋,003800380038004b,1629,1066,563,0.2,10,buy
10/08,2409,台新-宜蘭,0039004200320055,302,2611,-2309,0.84,10,sell
10/08,2409,國票-安和,003700370039005a,640,86,554,0.2,11,buy
10/08,2409,群益金鼎,9100,1483,3546,-2063,0.75,11,sell
10/08,2409,玉山-新莊,8842,787,254,533,0.19,12,buy
10/08,2409,富邦-南屯,9666,436,2130,-1694,0.62,12,sell
10/08,2409,元大-仁愛,003900380033006a,688,158,530,0.19,13,buy
10/08,2409,凱基,9200,8,1271,-1263,0.46,13,sell
10/08,2409,國泰-台中,8882,1619,1091,528,0.19,14,buy
10/08,2409,國泰證券,8880,128,1275,-1147,0.42,14,sell
10/08,2409,元大-蘆洲,9857,1035,516,519,0.19,15,buy
10/08,2409,台新,0039004200300030,2105,3061,-956,0.35,15,sell
10/08,2344,國泰-敦南,8888,2449,1717,732,1.04,1,buy
10/08,2344,美商高盛,1480,2448,8154,-5706,8.11,1,sell
10/08,2344,香港上海匯豐,8960,658,3,655,0.93,2,buy
10/08,2344,台灣摩根士丹利,1470,2463,5111,-2648,3.77,2,sell
10/08,2344,中國信託,6160,710,136,574,0.82,3,buy
10/08,2344,新加坡商瑞銀,1650,3645,5848,-2203,3.13,3,sell
10/08,2344,新光,8560,851,517,334,0.47,4,buy
10/08,2344,元大證券,9800,6578,8517,-1939,2.76,4,sell
10/08,2344,元大-館前,003900380034004b,385,135,250,0.36,5,buy
10/08,2344,美林,1440,1433,2597,-1164,1.66,5,sell
10/08,2344,永豐金-市政,0039004100390057,414,180,234,0.33,6,buy
10/08,2344,摩根大通,8440,489,1652,-1163,1.65,6,sell
10/08,2344,台新,0039004200300030,542,310,232,0.33,7,buy
10/08,2344,元大-北投,0039003800390041,61,928,-867,1.23,7,sell
10/08,2344,統一-新竹,5857,250,24,226,0.32,8,buy
10/08,2344,統一,5850,140,747,-607,0.86,8,sell
10/08,2344,國泰-板橋,003800380038004b,376,189,187,0.27,9,buy
10/08,2344,凱基-台北,9268,1531,2025,-494,0.7,9,sell
10/08,2344,凱基-高美館,9215,247,66,181,0.26,10,buy
10/08,2344,花旗環球,1590,3,282,-279,0.4,10,sell
10/08,2344,港商野村,1560,212,42,170,0.24,11,buy
10/08,2344,富邦證券,9600,756,978,-222,0.32,11,sell
10/08,2344,富邦-仁愛,9676,295,128,167,0.24,12,buy
10/08,2344,元大-信義,003900380039006d,35,213,-178,0.25,12,sell
10/08,2344,元大-鳳中,0039003800350043,227,66,161,0.23,13,buy
10/08,2344,華南永昌-頭份,9343,26,193,-167,0.24,13,sell
10/08,2344,永豐金證券,0039004100300030,449,295,154,0.22,14,buy
10/08,2344,國票-南科,0037003700390065,72,220,-148,0.21,14,sell
10/08,2344,富邦-敦南,9663,194,45,149,0.21,15,buy
10/08,2344,兆豐-三民,0037003000300068,77,186,-109,0.15,15,sell
10/08,2002,台灣摩根士丹利,1470,3003,357,2646,9.91,1,buy
10/08,2002,凱基-林口,9257,4,2002,-1998,7.48,1,sell
10/08,2002,美商高盛,1480,3715,1316,2399,8.98,2,buy
10/08,2002,中國信託,6160,61,1570,-1509,5.65,2,sell
10/08,2002,凱基-台北,9268,2094,856,1238,4.63,3,buy
10/08,2002,臺銀-金山,0031003000340044,6,509,-503,1.88,3,sell
10/08,2002,新加坡商瑞銀,1650,2307,1196,1111,4.16,4,buy
10/08,2002,大和國泰,8890,0,500,-500,1.87,4,sell
10/08,2002,美林,1440,2494,1412,1082,4.05,5,buy
10/08,2002,國泰-敦南,8888,128,516,-388,1.45,5,sell
10/08,2002,花旗環球,1590,1168,183,985,3.69,6,buy
10/08,2002,華南永昌-嘉義,9314,2,280,-278,1.04,6,sell
10/08,2002,富邦證券,9600,789,23,766,2.87,7,buy
10/08,2002,元大證券,9800,521,773,-252,0.94,7,sell
10/08,2002,摩根大通,8440,2122,1374,748,2.8,8,buy
10/08,2002,台新-高雄,0039004200310067,28,242,-214,0.8,8,sell
10/08,2002,國泰-桃園,8885,379,82,297,1.11,9,buy
10/08,2002,富邦-竹北,9624,1,211,-210,0.79,9,sell
10/08,2002,兆豐證券,7000,264,1,263,0.98,10,buy
10/08,2002,永全-八德,6452,0,202,-202,0.76,10,sell
10/08,2002,凱基-東勢,0039003200310059,200,0,200,0.75,11,buy
10/08,2002,(牛牛牛)亞-鑫豐,0036003000310064,16,206,-190,0.71,11,sell
10/08,2002,永豐金-桃園,0039004100390078,202,13,189,0.71,12,buy
10/08,2002,華南永昌-虎尾,9377,0,182,-182,0.68,12,sell
10/08,2002,第一金-自由,0035003300380045,200,16,184,0.69,13,buy
10/08,2002,永豐金-匯立,0039004100380031,0,166,-166,0.62,13,sell
10/08,2002,台新-世貿,0039004200320075,201,27,174,0.65,14,buy
10/08,2002,玉山-大里,003800380034004a,1,160,-159,0.6,14,sell
10/08,2002,臺銀-臺中,0031003000340041,208,40,168,0.63,15,buy
10/08,2002,法銀巴黎,8900,317,470,-153,0.57,15,sell
10/08,1815,台灣摩根士丹利,1470,5870,4431,1439,1.49,1,buy
10/08,1815,美商高盛,1480,2804,3934,-1130,1.17,1,sell
10/08,1815,凱基,9200,1393,46,1347,1.39,2,buy
10/08,1815,凱基-台北,9268,5308,6072,-764,0.79,2,sell
10/08,1815,富邦-陽明,9604,593,212,381,0.39,3,buy
10/08,1815,港商野村,1560,45,698,-653,0.68,3,sell
10/08,1815,永豐金證券,0039004100300030,1213,892,321,0.33,4,buy
10/08,1815,國泰證券,8880,672,1273,-601,0.62,4,sell
10/08,1815,群益金鼎,9100,585,277,308,0.32,5,buy
10/08,1815,新加坡商瑞銀,1650,2647,3118,-471,0.49,5,sell
10/08,1815,台新-五權西,0039004200320035,348,47,301,0.31,6,buy
10/08,1815,富邦證券,9600,732,1201,-469,0.49,6,sell
10/08,1815,群益金鼎-台北,0039003100380058,1316,1020,296,0.31,7,buy
10/08,1815,兆豐-民生,0037003000300063,12,233,-221,0.23,7,sell
10/08,1815,台新-敦南,0039004200320051,376,125,251,0.26,8,buy
10/08,1815,元大-新盛,9869,52,256,-204,0.21,8,sell
10/08,1815,中國信託-高雄,003600310036004b,314,92,222,0.23,9,buy
10/08,1815,宏遠-民生,1261,13,211,-198,0.2,9,sell
10/08,1815,新光,8560,1027,812,215,0.22,10,buy
10/08,1815,凱基-竹北,9234,86,277,-191,0.2,10,sell
10/08,1815,凱基-員林,9231,210,20,190,0.2,11,buy
10/08,1815,兆豐-高雄,003700300030005a,44,208,-164,0.17,11,sell
10/08,1815,富邦-建國,9658,469,291,178,0.18,12,buy
10/08,1815,中國信託,6160,419,580,-161,0.17,12,sell
10/08,1815,國泰-敦南,8888,3388,3212,176,0.18,13,buy
10/08,1815,台新-松德,0039004200320061,52,208,-156,0.16,13,sell
10/08,1815,富邦-桃園,9665,284,125,159,0.16,14,buy
10/08,1815,永豐金-員林,0039004100390043,23,177,-154,0.16,14,sell
10/08,1815,統一-台中,5856,256,105,151,0.16,15,buy
10/08,1815,元大-信義安和,0039003800300052,110,247,-137,0.14,15,sell
10/08,1312,美商高盛,1480,4061,632,3429,15.37,1,buy
10/08,1312,凱基,9200,0,2200,-2200,9.86,1,sell
10/08,1312,摩根大通,8440,2342,173,2169,9.72,2,buy
10/08,1312,台新,0039004200300030,168,602,-434,1.94,2,sell
10/08,1312,台灣摩根士丹利,1470,2236,94,2142,9.6,3,buy
10/08,1312,永豐金-台中,003900410039004c,6,235,-229,1.03,3,sell
10/08,1312,美林,1440,412,1,411,1.84,4,buy
10/08,1312,凱基-苗栗,9276,0,226,-226,1.01,4,sell
10/08,1312,新加坡商瑞銀,1650,626,243,383,1.72,5,buy
10/08,1312,永豐金-亞灣,0039004100390061,2,227,-225,1.01,5,sell
10/08,1312,港商野村,1560,407,118,289,1.3,6,buy
10/08,1312,統一-永和,0035003800350042,0,200,-200,0.9,6,sell
10/08,1312,永豐金證券,0039004100300030,323,91,232,1.04,7,buy
10/08,1312,台新-永和,0039004200320042,0,197,-197,0.88,7,sell
10/08,1312,富邦-竹北,9624,202,2,200,0.9,8,buy
10/08,1312,群益金鼎-北高雄,0039003100330052,20,202,-182,0.82,8,sell
10/08,1312,國票-北投,7792,150,0,150,0.67,9,buy
10/08,1312,國泰-敦南,8888,293,442,-149,0.67,9,sell
10/08,1312,凱基-台北,9268,1473,1338,135,0.6,10,buy
10/08,1312,台新-文心,003900420032007a,0,116,-116,0.52,10,sell
10/08,1312,永豐金-新莊,0039004100390048,143,11,132,0.59,11,buy
10/08,1312,中國信託,6160,56,168,-112,0.5,11,sell
10/08,1312,富邦-竹東,9625,181,62,119,0.53,12,buy
10/08,1312,永豐金-忠孝,0039004100390044,2,112,-110,0.49,12,sell
10/08,1312,土銀,1030,100,2,98,0.44,13,buy
10/08,1312,華南永昌-鶯歌,9319,6,114,-108,0.48,13,sell
10/08,1312,元大-員林,9889,101,8,93,0.42,14,buy
10/08,1312,華南永昌-竹北,9339,2,103,-101,0.45,14,sell
10/08,1312,台新-宜蘭,0039004200320055,100,8,92,0.41,15,buy
10/08,1312,永豐金-敦北,0039004100380039,7,106,-99,0.44,15,sell
10/08,1102,美商高盛,1480,2135,168,1967,18.25,1,buy
10/08,1102,國票-敦北法人,0037003700390063,0,623,-623,5.78,1,sell
10/08,1102,花旗環球,1590,1607,173,1434,13.3,2,buy
10/08,1102,凱基,9200,0,470,-470,4.36,2,sell
10/08,1102,凱基-台北,9268,1607,176,1431,13.27,3,buy
10/08,1102,土銀,1030,1,400,-399,3.7,3,sell
10/08,1102,新加坡商瑞銀,1650,1288,94,1194,11.08,4,buy
10/08,1102,富邦-南京,0039003600310043,0,351,-351,3.26,4,sell
10/08,1102,台灣摩根士丹利,1470,1282,297,985,9.14,5,buy
10/08,1102,台新-高雄,0039004200310067,1,347,-346,3.21,5,sell
10/08,1102,亞東,2180,518,12,506,4.69,6,buy
10/08,1102,永豐金證券,0039004100300030,34,277,-243,2.25,6,sell
10/08,1102,群益金鼎,9100,487,26,461,4.28,7,buy
10/08,1102,華南永昌,9300,0,217,-217,2.01,7,sell
10/08,1102,元大證券,9800,426,79,347,3.22,8,buy
10/08,1102,華南永昌-頭份,9343,0,140,-140,1.3,8,sell
10/08,1102,兆豐-復興,0037003000300070,200,0,200,1.86,9,buy
10/08,1102,亞東-新竹,2184,0,136,-136,1.26,9,sell
10/08,1102,摩根大通,8440,266,103,163,1.51,10,buy
10/08,1102,國泰-敦南,8888,7,139,-132,1.22,10,sell
10/08,1102,美林,1440,163,80,83,0.77,11,buy
10/08,1102,中國信託-三重,6161,0,132,-132,1.22,11,sell
10/08,1102,富邦-台中,003900360035004b,45,4,41,0.38,12,buy
10/08,1102,統一-東湖,0035003800350052,0,123,-123,1.14,12,sell
10/08,1102,群益金鼎-中港,9138,110,70,40,0.37,13,buy
10/08,1102,元大-復北,9872,0,116,-116,1.08,13,sell
10/08,1102,凱基-三峽,0039003200310045,42,4,38,0.35,14,buy
10/08,1102,統一-南京,0035003800350055,0,110,-110,1.02,14,sell
10/08,1102,兆豐-寶成,0037003000300072,30,2,28,0.26,15,buy
10/08,1102,富邦-台北,9623,8,113,-105,0.97,15,sell
10/08,2887,元大證券,9800,8584,2739,5845,12.53,1,buy
10/08,2887,台灣摩根士丹利,1470,1097,6199,-5102,10.94,1,sell
10/08,2887,富邦證券,9600,3018,1060,1958,4.2,2,buy
10/08,2887,美商高盛,1480,1242,6075,-4833,10.36,2,sell
10/08,2887,新加坡商瑞銀,1650,6135,4623,1512,3.24,3,buy
10/08,2887,國泰證券,8880,11,3531,-3520,7.55,3,sell
10/08,2887,國泰-敦南,8888,673,151,522,1.12,4,buy
10/08,2887,美林,1440,725,3771,-3046,6.53,4,sell
10/08,2887,富邦-宜蘭,9686,498,0,498,1.07,5,buy
10/08,2887,摩根大通,8440,276,3049,-2773,5.94,5,sell
10/08,2887,富邦-羅東,9634,473,1,472,1.01,6,buy
10/08,2887,法銀巴黎,8900,0,2068,-2068,4.43,6,sell
10/08,2887,統一,5850,559,100,459,0.98,7,buy
10/08,2887,花旗環球,1590,110,1861,-1751,3.75,7,sell
10/08,2887,第一金-豐原,003500330038004e,409,0,409,0.88,8,buy
10/08,2887,凱基-台北,9268,170,1618,-1448,3.1,8,sell
10/08,2887,永豐金證券,0039004100300030,781,381,400,0.86,9,buy
10/08,2887,港商野村,1560,1,1064,-1063,2.28,9,sell
10/08,2887,新光,8560,493,125,368,0.79,10,buy
10/08,2887,永豐金-匯立,0039004100380031,610,1254,-644,1.38,10,sell
10/08,2887,台新-高雄,0039004200310067,298,25,273,0.59,11,buy
10/08,2887,元大-鳳山,003900380033005a,15,336,-321,0.69,11,sell
10/08,2887,富邦-陽明,9604,288,28,260,0.56,12,buy
10/08,2887,華南永昌-頭份,9343,21,116,-95,0.2,12,sell
10/08,2887,中國信託,6160,237,7,230,0.49,13,buy
10/08,2887,富邦-竹科,0039003600320043,33,100,-67,0.14,13,sell
10/08,2887,元大-向上,9824,202,0,202,0.43,14,buy
10/08,2887,凱基-高雄,9206,12,75,-63,0.14,14,sell
10/08,2887,台新-城東,0039004200320072,169,6,163,0.35,15,buy
10/08,2887,兆豐-西螺,0037003000300044,2,47,-45,0.1,15,sell
10/08,2801,美商高盛,1480,6594,1451,5143,27.06,1,buy
10/08,2801,台新-城東,0039004200320072,1,1660,-1659,8.73,1,sell
10/08,2801,台灣摩根士丹利,1470,3147,546,2601,13.69,2,buy
10/08,2801,摩根大通,8440,44,1531,-1487,7.82,2,sell
10/08,2801,新光,8560,978,105,873,4.59,3,buy
10/08,2801,永豐金-匯立,0039004100380031,39,970,-931,4.9,3,sell
10/08,2801,新加坡商瑞銀,1650,1474,660,814,4.28,4,buy
10/08,2801,花旗環球,1590,5,492,-487,2.56,4,sell
10/08,2801,統一,5850,416,1,415,2.18,5,buy
10/08,2801,法銀巴黎,8900,0,473,-473,2.49,5,sell
10/08,2801,富邦-木柵,003900360031004d,402,6,396,2.08,6,buy
10/08,2801,台中銀-員林,6114,0,303,-303,1.59,6,sell
10/08,2801,港商麥格理,1360,363,0,363,1.91,7,buy
10/08,2801,第一金-中壢,0035003300380059,4,294,-290,1.53,7,sell
10/08,2801,凱基-頭份,9296,272,0,272,1.43,8,buy
10/08,2801,美林,1440,37,298,-261,1.37,8,sell
10/08,2801,第一金-中山,5389,200,0,200,1.05,9,buy
10/08,2801,富邦-竹東,9625,5,191,-186,0.98,9,sell
10/08,2801,華南永昌-高雄,9303,122,3,119,0.63,10,buy
10/08,2801,康和-內湖,0038003400350041,0,167,-167,0.88,10,sell
10/08,2801,富邦-北港,0039003600390043,111,1,110,0.58,11,buy
10/08,2801,永豐金-桃盛,003900410039004e,5,151,-146,0.77,11,sell
10/08,2801,群益金鼎-北高雄,0039003100330052,100,0,100,0.53,12,buy
10/08,2801,元大-斗六,0039003800300043,1,138,-137,0.72,12,sell
10/08,2801,群益金鼎-台中,9184,103,29,74,0.39,13,buy
10/08,2801,第一金-自由,0035003300380045,0,124,-124,0.65,13,sell
10/08,2801,台新-安南,003900420032005a,64,5,59,0.31,14,buy
10/08,2801,凱基-台北,9268,1727,1848,-121,0.64,14,sell
10/08,2801,合庫-嘉義,1024,61,3,58,0.31,15,buy
10/08,2801,玉山-城中,0038003800340045,0,117,-117,0.62,15,sell
10/08,2890,中國信託,6160,4510,6,4504,22.3,1,buy
10/08,2890,美商高盛,1480,560,4865,-4305,21.32,1,sell
10/08,2890,元大證券,9800,1823,569,1254,6.21,2,buy
10/08,2890,美林,1440,1110,4947,-3837,19.0,2,sell
10/08,2890,富邦證券,9600,1083,78,1005,4.98,3,buy
10/08,2890,台灣摩根士丹利,1470,282,1732,-1450,7.18,3,sell
10/08,2890,新加坡商瑞銀,1650,1548,701,847,4.19,4,buy
10/08,2890,花旗環球,1590,10,1099,-1089,5.39,4,sell
10/08,2890,法銀巴黎,8900,814,34,780,3.86,5,buy
10/08,2890,摩根大通,8440,708,1285,-577,2.86,5,sell
10/08,2890,第一金,5380,724,0,724,3.59,6,buy
10/08,2890,永豐金-匯立,0039004100380031,54,481,-427,2.11,6,sell
10/08,2890,凱基-台北,9268,983,458,525,2.6,7,buy
10/08,2890,凱基-湖口,003900320030004e,5,230,-225,1.11,7,sell
10/08,2890,統一,5850,280,57,223,1.1,8,buy
10/08,2890,華南永昌-鶯歌,9319,1,214,-213,1.05,8,sell
10/08,2890,玉山-高雄,8843,214,25,189,0.94,9,buy
10/08,2890,港商野村,1560,1071,1185,-114,0.56,9,sell
10/08,2890,美好-蘆洲,5261,125,4,121,0.6,10,buy
10/08,2890,(牛牛牛)亞證券,6010,0,83,-83,0.41,10,sell
10/08,2890,安泰-楠梓,8382,104,0,104,0.52,11,buy
10/08,2890,兆豐-天母,003700300030004c,0,50,-50,0.25,11,sell
10/08,2890,永豐金-鳳山,0039004100360031,108,4,104,0.52,12,buy
10/08,2890,群益金鼎-忠孝,0039003100380057,0,50,-50,0.25,12,sell
10/08,2890,永豐金-台南,0039004100390068,121,29,92,0.46,13,buy
10/08,2890,元大-四維,9831,2,51,-49,0.24,13,sell
10/08,2890,國票-敦北法人,0037003700390063,83,0,83,0.41,14,buy
10/08,2890,美好-富順,003500320036004b,4,49,-45,0.22,14,sell
10/08,2890,台新-佳里,0039004200320077,77,0,77,0.38,15,buy
10/08,2890,香港上海匯豐,8960,0,40,-40,0.2,15,sell
10/08,2884,凱基-台北,9268,1945,171,1774,11.49,1,buy
10/08,2884,摩根大通,8440,504,3871,-3367,21.8,1,sell
10/08,2884,元大證券,9800,1737,721,1016,6.58,2,buy
10/08,2884,台灣摩根士丹利,1470,610,2193,-1583,10.25,2,sell
10/08,2884,新加坡商瑞銀,1650,1462,769,693,4.49,3,buy
10/08,2884,永豐金-匯立,0039004100380031,337,1029,-692,4.48,3,sell
10/08,2884,美商高盛,1480,1400,985,415,2.69,4,buy
10/08,2884,法銀巴黎,8900,0,648,-648,4.2,4,sell
10/08,2884,凱基,9200,368,0,368,2.38,5,buy
10/08,2884,美林,1440,36,678,-642,4.16,5,sell
10/08,2884,富邦證券,9600,290,26,264,1.71,6,buy
10/08,2884,港商野村,1560,64,300,-236,1.53,6,sell
10/08,2884,花旗環球,1590,536,275,261,1.69,7,buy
10/08,2884,中國信託,6160,5,239,-234,1.52,7,sell
10/08,2884,陽信-台南,8714,200,0,200,1.29,8,buy
10/08,2884,第一金-桃園,5385,9,202,-193,1.25,8,sell
10/08,2884,玉山-嘉義,8848,155,7,148,0.96,9,buy
10/08,2884,港商麥格理,1360,0,106,-106,0.69,9,sell
10/08,2884,永豐金證券,0039004100300030,218,78,140,0.91,10,buy
10/08,2884,統一-桃園,0035003800350048,5,102,-97,0.63,10,sell
10/08,2884,玉山證券,8840,143,9,134,0.87,11,buy
10/08,2884,元大-鳳山,003900380033005a,3,82,-79,0.51,11,sell
10/08,2884,國泰證券,8880,148,21,127,0.82,12,buy
10/08,2884,國票證券,7790,0,80,-80,0.52,12,sell
10/08,2884,統一,5850,172,54,118,0.76,13,buy
10/08,2884,新光,8560,76,147,-71,0.46,13,sell
10/08,2884,玉山-高雄,8843,121,10,111,0.72,14,buy
10/08,2884,第一金-員林,5381,0,57,-57,0.37,14,sell
10/08,2884,第一金-大稻埕,0035003300380046,100,0,100,0.65,15,buy
10/08,2884,台新-文心,003900420032007a,0,33,-33,0.21,15,sell
10/08,6116,永豐金證券,0039004100300030,607,69,538,2.85,1,buy
10/08,6116,台灣摩根士丹利,1470,35,1268,-1233,6.52,1,sell
10/08,6116,凱基-台北,9268,926,511,415,2.2,2,buy
10/08,6116,美商高盛,1480,768,1883,-1115,5.9,2,sell
10/08,6116,國泰-敦南,8888,792,454,338,1.79,3,buy
10/08,6116,台新-花蓮,0039004200320079,40,952,-912,4.83,3,sell
10/08,6116,元大-復北,9872,302,1,301,1.59,4,buy
10/08,6116,元大證券,9800,639,1264,-625,3.31,4,sell
10/08,6116,第一金-新興,0035003300380041,183,2,181,0.96,5,buy
10/08,6116,第一金-華江,0035003300380057,20,405,-385,2.04,5,sell
10/08,6116,富邦-宜蘭,9686,235,71,164,0.87,6,buy
10/08,6116,華南永昌-小港,9323,63,439,-376,1.99,6,sell
10/08,6116,合庫證券,1020,160,8,152,0.8,7,buy
10/08,6116,元大-龍潭,9858,33,330,-297,1.57,7,sell
10/08,6116,美林,1440,145,0,145,0.77,8,buy
10/08,6116,新加坡商瑞銀,1650,54,313,-259,1.37,8,sell
10/08,6116,陽信-石牌,8711,120,0,120,0.63,9,buy
10/08,6116,群益金鼎-東湖,003900310038004b,4,250,-246,1.3,9,sell
10/08,6116,土銀,1030,109,1,108,0.57,10,buy
10/08,6116,元大-屏南,0039003800310072,39,274,-235,1.24,10,sell
10/08,6116,台新,0039004200300030,178,71,107,0.57,11,buy
10/08,6116,台新-同大,0039004200320050,13,161,-148,0.78,11,sell
10/08,6116,凱基-三多,9275,105,0,105,0.56,12,buy
10/08,6116,高橋,5320,8,153,-145,0.77,12,sell
10/08,6116,國泰-板橋,003800380038004b,129,32,97,0.51,13,buy
10/08,6116,富邦-仁愛,9676,23,147,-124,0.66,13,sell
10/08,6116,元大-永康,9829,103,8,95,0.5,14,buy
10/08,6116,元大-大同,0039003800390047,1,104,-103,0.54,14,sell
10/08,6116,合庫-基隆,1025,121,35,86,0.46,15,buy
10/08,6116,凱基,9200,0,100,-100,0.53,15,sell
10/08,2356,新加坡商瑞銀,1650,1148,287,861,7.98,1,buy
10/08,2356,摩根大通,8440,29,1060,-1031,9.56,1,sell
10/08,2356,港商野村,1560,652,30,622,5.76,2,buy
10/08,2356,台灣摩根士丹利,1470,871,1857,-986,9.14,2,sell
10/08,2356,合庫證券,1020,517,4,513,4.75,3,buy
10/08,2356,美商高盛,1480,183,1089,-906,8.4,3,sell
10/08,2356,宏遠-館前,0031003200360055,205,0,205,1.9,4,buy
10/08,2356,美林,1440,74,664,-590,5.47,4,sell
10/08,2356,元大證券,9800,436,273,163,1.51,5,buy
10/08,2356,花旗環球,1590,64,544,-480,4.45,5,sell
10/08,2356,富邦證券,9600,153,4,149,1.38,6,buy
10/08,2356,永豐金-匯立,0039004100380031,0,289,-289,2.68,6,sell
10/08,2356,新光-台中,8561,142,13,129,1.2,7,buy
10/08,2356,富邦-竹科,0039003600320043,5,142,-137,1.27,7,sell
10/08,2356,康和-石牌,0038003400350052,103,0,103,0.95,8,buy
10/08,2356,(牛牛牛)亞-網路,6012,1,104,-103,0.95,8,sell
10/08,2356,國泰證券,8880,103,0,103,0.95,9,buy
10/08,2356,永豐金-豐原,0039004100390051,0,102,-102,0.95,9,sell
10/08,2356,國泰-敦南,8888,213,120,93,0.86,10,buy
10/08,2356,兆豐-北高雄,0037003000300049,3,101,-98,0.91,10,sell
10/08,2356,宏遠證券,1260,63,0,63,0.58,11,buy
10/08,2356,凱基-台北,9268,293,390,-97,0.9,11,sell
10/08,2356,兆豐-三民,0037003000300068,63,1,62,0.57,12,buy
10/08,2356,兆豐-南門,0037003000300067,3,75,-72,0.67,12,sell
10/08,2356,新光,8560,100,41,59,0.55,13,buy
10/08,2356,中國信託-中壢,0036003100360041,3,67,-64,0.59,13,sell
10/08,2356,兆豐證券,7000,54,0,54,0.5,14,buy
10/08,2356,第一金-台中,5382,0,51,-51,0.47,14,sell
10/08,2356,富邦-仁愛,9676,47,1,46,0.43,15,buy
10/08,2356,第一金-彰化,5386,5,53,-48,0.44,15,sell
10/08,5871,凱基-員林,9231,369,0,369,11.56,1,buy
10/08,5871,台灣摩根士丹利,1470,61,594,-533,16.7,1,sell
10/08,5871,新加坡商瑞銀,1650,167,81,86,2.69,2,buy
10/08,5871,花旗環球,1590,15,408,-393,12.31,2,sell
10/08,5871,(牛牛牛)亞-鑫豐,0036003000310064,69,1,68,2.13,3,buy
10/08,5871,美商高盛,1480,69,351,-282,8.83,3,sell
10/08,5871,(牛牛牛)亞-網路,6012,62,0,62,1.94,4,buy
10/08,5871,永豐金-匯立,0039004100380031,65,194,-129,4.04,4,sell
10/08,5871,元大證券,9800,185,131,54,1.69,5,buy
10/08,5871,法銀巴黎,8900,0,86,-86,2.69,5,sell
10/08,5871,玉山-高雄,8843,50,2,48,1.5,6,buy
10/08,5871,摩根大通,8440,14,78,-64,2.01,6,sell
10/08,5871,永豐金證券,0039004100300030,66,19,47,1.47,7,buy
10/08,5871,富邦證券,9600,3,45,-42,1.32,7,sell
10/08,5871,新光-新竹,8563,52,5,47,1.47,8,buy
10/08,5871,美林,1440,0,34,-34,1.07,8,sell
10/08,5871,德信,6910,40,0,40,1.25,9,buy
10/08,5871,新光,8560,51,80,-29,0.91,9,sell
10/08,5871,合庫-嘉義,1024,40,2,38,1.19,10,buy
10/08,5871,富邦-陽明,9604,2,31,-29,0.91,10,sell
10/08,5871,新光-桃園,8565,34,0,34,1.07,11,buy
10/08,5871,玉山-士林,0038003800340041,3,32,-29,0.91,11,sell
10/08,5871,國泰-高雄,8881,32,2,30,0.94,12,buy
10/08,5871,富邦-竹科,0039003600320043,8,34,-26,0.81,12,sell
10/08,5871,凱基-台北,9268,114,85,29,0.91,13,buy
10/08,5871,玉山-台南,8847,9,32,-23,0.72,13,sell
10/08,5871,統一,5850,28,5,23,0.72,14,buy
10/08,5871,台新,0039004200300030,10,31,-21,0.66,14,sell
10/08,5871,新光-台中,8561,22,0,22,0.69,15,buy
10/08,5871,富邦-高雄,9659,0,20,-20,0.63,15,sell
10/08,8112,元大-頭份,0039003800330055,210,1,209,1.75,1,buy
10/08,8112,凱基-台北,9268,444,1552,-1108,9.26,1,sell
10/08,8112,元大-羅東,0039003800320041,138,0,138,1.15,2,buy
10/08,8112,台灣摩根士丹利,1470,242,1114,-872,7.29,2,sell
10/08,8112,凱基-站前,0039003200300046,126,3,123,1.03,3,buy
10/08,8112,美商高盛,1480,102,717,-615,5.14,3,sell
10/08,8112,永豐金-市政,0039004100390057,124,2,122,1.02,4,buy
10/08,8112,統一,5850,26,552,-526,4.4,4,sell
10/08,8112,元大-土城,9897,100,6,94,0.79,5,buy
10/08,8112,宏遠證券,1260,2,401,-399,3.33,5,sell
10/08,8112,元大-樹林,003900380039006a,98,7,91,0.76,6,buy
10/08,8112,凱基-台南,9211,24,413,-389,3.25,6,sell
10/08,8112,摩根大通,8440,653,564,89,0.74,7,buy
10/08,8112,彰銀,1230,4,171,-167,1.4,7,sell
10/08,8112,合庫-基隆,1025,86,2,84,0.7,8,buy
10/08,8112,元大-大同,0039003800390047,11,141,-130,1.09,8,sell
10/08,8112,玉山-新莊,8842,112,29,83,0.69,9,buy
10/08,8112,港商野村,1560,5,87,-82,0.69,9,sell
10/08,8112,富邦-建國,9658,81,2,79,0.66,10,buy
10/08,8112,元大-仁愛,003900380033006a,15,87,-72,0.6,10,sell
10/08,8112,新加坡商瑞銀,1650,175,97,78,0.65,11,buy
10/08,8112,臺銀,1040,31,91,-60,0.5,11,sell
10/08,8112,大昌-樹林,6461,87,10,77,0.64,12,buy
10/08,8112,永豐金證券,0039004100300030,81,127,-46,0.38,12,sell
10/08,8112,國泰-敦南,8888,250,178,72,0.6,13,buy
10/08,8112,永豐金-中壢,0039004100390039,6,49,-43,0.36,13,sell
10/08,8112,新光,8560,141,73,68,0.57,14,buy
10/08,8112,富邦-新竹,9647,13,56,-43,0.36,14,sell
10/08,8112,富邦-竹科,0039003600320043,74,8,66,0.55,15,buy
10/08,8112,元大-汐止,0039003800390051,15,57,-42,0.35,15,sell
10/08,2633,永豐金證券,0039004100300030,1619,18,1601,37.6,1,buy
10/08,2633,凱基,9200,0,1938,-1938,45.51,1,sell
10/08,2633,美林,1440,637,97,540,12.68,2,buy
10/08,2633,中國信託,6160,5,465,-460,10.8,2,sell
10/08,2633,台灣摩根士丹利,1470,358,11,347,8.15,3,buy
10/08,2633,元大證券,9800,27,256,-229,5.38,3,sell
10/08,2633,美商高盛,1480,477,164,313,7.35,4,buy
10/08,2633,凱基-台北,9268,0,212,-212,4.98,4,sell
10/08,2633,新加坡商瑞銀,1650,256,139,117,2.75,5,buy
10/08,2633,花旗環球,1590,2,164,-162,3.8,5,sell
10/08,2633,元大-中壢,9834,52,0,52,1.22,6,buy
10/08,2633,永豐金-匯立,0039004100380031,32,116,-84,1.97,6,sell
10/08,2633,國泰證券,8880,43,0,43,1.01,7,buy
10/08,2633,康和-台南,8458,0,50,-50,1.17,7,sell
10/08,2633,元大-竹北,0039003800310042,34,0,34,0.8,8,buy
10/08,2633,福勝,6950,0,37,-37,0.87,8,sell
10/08,2633,摩根大通,8440,249,217,32,0.75,9,buy
10/08,2633,群益金鼎-鳳山,0039003100380063,2,18,-16,0.38,9,sell
10/08,2633,華南永昌-中正,9359,20,0,20,0.47,10,buy
10/08,2633,永豐金-桃盛,003900410039004e,0,16,-16,0.38,10,sell
10/08,2633,元大-中山北路,0039003800300061,20,0,20,0.47,11,buy
10/08,2633,新光,8560,11,24,-13,0.31,11,sell
10/08,2633,凱基-市政,9239,15,0,15,0.35,12,buy
10/08,2633,富邦-虎尾,9697,0,13,-13,0.31,12,sell
10/08,2633,凱基-虎尾,9236,11,0,11,0.26,13,buy
10/08,2633,臺銀-臺中,0031003000340041,0,11,-11,0.26,13,sell
10/08,2633,統一-台中,5856,10,0,10,0.23,14,buy
10/08,2633,第一金-自由,0035003300380045,0,10,-10,0.23,14,sell
10/08,2633,元大-仁愛,003900380033006a,10,0,10,0.23,15,buy
10/08,2633,凱基-鳳山,9274,0,10,-10,0.23,15,sell
10/08,2812,台中銀,6110,300,87,213,5.41,1,buy
10/08,2812,新加坡商瑞銀,1650,49,194,-145,3.68,1,sell
10/08,2812,聯邦證券,8580,206,0,206,5.23,2,buy
10/08,2812,元大-樹林,003900380039006a,0,137,-137,3.48,2,sell
10/08,2812,華南永昌-林口,9317,204,0,204,5.18,3,buy
10/08,2812,元大證券,9800,91,228,-137,3.48,3,sell
10/08,2812,美商高盛,1480,211,79,132,3.35,4,buy
10/08,2812,第一金-豐原,003500330038004e,0,111,-111,2.82,4,sell
10/08,2812,摩根大通,8440,226,97,129,3.27,5,buy
10/08,2812,台新,0039004200300030,6,107,-101,2.56,5,sell
10/08,2812,凱基-台北,9268,277,149,128,3.25,6,buy
10/08,2812,凱基-三多,9275,0,100,-100,2.54,6,sell
10/08,2812,合庫-高雄,1023,101,0,101,2.56,7,buy
10/08,2812,富邦-新店,9661,0,100,-100,2.54,7,sell
10/08,2812,合庫-台南,1022,101,0,101,2.56,8,buy
10/08,2812,凱基-虎尾,9236,0,81,-81,2.06,8,sell
10/08,2812,臺銀-金山,0031003000340044,101,0,101,2.56,9,buy
10/08,2812,元大-林森,0039003800330042,1,64,-63,1.6,9,sell
10/08,2812,國泰-桃園,8885,54,1,53,1.35,10,buy
10/08,2812,新光-高雄,8562,1,64,-63,1.6,10,sell
10/08,2812,台新-同大,0039004200320050,50,0,50,1.27,11,buy
10/08,2812,群益金鼎-北高雄,0039003100330052,0,61,-61,1.55,11,sell
10/08,2812,富邦-竹北,9624,50,0,50,1.27,12,buy
10/08,2812,台新-中港,0039004200320069,0,45,-45,1.14,12,sell
10/08,2812,美林,1440,120,72,48,1.22,13,buy
10/08,2812,國泰-板橋,003800380038004b,3,43,-40,1.02,13,sell
10/08,2812,富邦-仁愛,9676,56,9,47,1.19,14,buy
10/08,2812,群益金鼎-中港,9138,2,39,-37,0.94,14,sell
10/08,2812,國泰-館前,0038003800380041,58,14,44,1.12,15,buy
10/08,2812,元大-館前,003900380034004b,0,36,-36,0.91,15,sell
10/08,2834,富邦-陽明,9604,1557,16,1541,8.53,1,buy
10/08,2834,國票-長城,0037003700390075,0,5001,-5001,27.7,1,sell
10/08,2834,第一金-自由,0035003300380045,1312,14,1298,7.19,2,buy
10/08,2834,美商高盛,1480,682,3580,-2898,16.05,2,sell
10/08,2834,福邦-新竹,6489,950,0,950,5.26,3,buy
10/08,2834,台灣摩根士丹利,1470,246,1632,-1386,7.68,3,sell
10/08,2834,元大證券,9800,1015,305,710,3.93,4,buy
10/08,2834,新加坡商瑞銀,1650,429,1137,-708,3.92,4,sell
10/08,2834,國泰-桃園,8885,524,1,523,2.9,5,buy
10/08,2834,富邦-彰化,0039003600350055,1,400,-399,2.21,5,sell
10/08,2834,凱基-台北,9268,1073,620,453,2.51,6,buy
10/08,2834,摩根大通,8440,999,1343,-344,1.91,6,sell
10/08,2834,玉山證券,8840,364,1,363,2.01,7,buy
10/08,2834,花旗環球,1590,0,245,-245,1.36,7,sell
10/08,2834,土銀-嘉義,1034,310,0,310,1.72,8,buy
10/08,2834,美林,1440,1,193,-192,1.06,8,sell
10/08,2834,國泰-敦南,8888,298,78,220,1.22,9,buy
10/08,2834,永豐金-竹科,0039004100390058,7,125,-118,0.65,9,sell
10/08,2834,華南永昌-苗栗,9362,202,0,202,1.12,10,buy
10/08,2834,永豐金-鳳山,0039004100360031,51,162,-111,0.61,10,sell
10/08,2834,永豐金-台南,0039004100390068,173,0,173,0.96,11,buy
10/08,2834,美好-中壢,5266,0,108,-108,0.6,11,sell
10/08,2834,凱基-竹科,9272,180,11,169,0.94,12,buy
10/08,2834,兆豐-高雄,003700300030005a,7,103,-96,0.53,12,sell
10/08,2834,兆豐-台中港,7005,165,1,164,0.91,13,buy
10/08,2834,新光-高雄,8562,17,106,-89,0.49,13,sell
10/08,2834,富邦-南員林,0039003600310052,161,0,161,0.89,14,buy
10/08,2834,元大-土城永寧,9875,3,91,-88,0.49,14,sell
10/08,2834,臺銀-臺南,1042,160,5,155,0.86,15,buy
10/08,2834,永豐金-高雄,0039004100390065,3,68,-65,0.36,15,sell
10/08,1303,摩根大通,8440,2660,1685,975,1.33,1,buy
10/08,1303,美商高盛,1480,2032,6904,-4872,6.63,1,sell
10/08,1303,國泰證券,8880,611,75,536,0.73,2,buy
10/08,1303,台灣摩根士丹利,1470,1844,5565,-3721,5.07,2,sell
10/08,1303,國泰-敦南,8888,2481,1959,522,0.71,3,buy
10/08,1303,美林,1440,623,2265,-1642,2.24,3,sell
10/08,1303,台新-五權西,0039004200320035,237,8,229,0.31,4,buy
10/08,1303,元大證券,9800,6933,8135,-1202,1.64,4,sell
10/08,1303,第一金,5380,328,106,222,0.3,5,buy
10/08,1303,新加坡商瑞銀,1650,1037,1958,-921,1.25,5,sell
10/08,1303,富邦證券,9600,638,428,210,0.29,6,buy
10/08,1303,永豐金-匯立,0039004100380031,126,1011,-885,1.21,6,sell
10/08,1303,大和國泰,8890,202,0,202,0.28,7,buy
10/08,1303,兆豐-南京,0037003000300050,30,520,-490,0.67,7,sell
10/08,1303,國泰-板橋,003800380038004b,475,305,170,0.23,8,buy
10/08,1303,統一-南京,0035003800350055,128,465,-337,0.46,8,sell
10/08,1303,華南永昌-高雄,9303,257,96,161,0.22,9,buy
10/08,1303,凱基,9200,1245,1550,-305,0.42,9,sell
10/08,1303,華南永昌-東昇,9386,158,11,147,0.2,10,buy
10/08,1303,群益金鼎,9100,731,1025,-294,0.4,10,sell
10/08,1303,國泰-台中,8882,447,302,145,0.2,11,buy
10/08,1303,花旗環球,1590,25,317,-292,0.4,11,sell
10/08,1303,元大-三民,0039003800390046,199,56,143,0.19,12,buy
10/08,1303,富邦-台北,9623,225,512,-287,0.39,12,sell
10/08,1303,台新-中原,0039004200320067,161,20,141,0.19,13,buy
10/08,1303,台新-松德,0039004200320061,34,275,-241,0.33,13,sell
10/08,1303,國泰-桃園,8885,346,210,136,0.19,14,buy
10/08,1303,統一,5850,140,373,-233,0.32,14,sell
10/08,1303,元大-信義安和,0039003800300052,162,32,130,0.18,15,buy
10/08,1303,法銀巴黎,8900,40,254,-214,0.29,15,sell
10/08,3231,台灣摩根士丹利,1470,7357,576,6781,14.86,1,buy
10/08,3231,凱基-士林,9238,3,8811,-8808,19.31,1,sell
10/08,3231,凱基-台北,9268,7200,1623,5577,12.23,2,buy
10/08,3231,兆豐-中壢,0037003000300062,2,1974,-1972,4.32,2,sell
10/08,3231,美商高盛,1480,5146,921,4225,9.26,3,buy
10/08,3231,富邦證券,9600,239,976,-737,1.62,3,sell
10/08,3231,新加坡商瑞銀,1650,4876,1606,3270,7.17,4,buy
10/08,3231,台新,0039004200300030,74,794,-720,1.58,4,sell
10/08,3231,元大證券,9800,6317,4021,2296,5.03,5,buy
10/08,3231,美林,1440,401,1060,-659,1.44,5,sell
10/08,3231,華南永昌,9300,639,112,527,1.16,6,buy
10/08,3231,凱基,9200,93,679,-586,1.28,6,sell
10/08,3231,中國信託,6160,721,339,382,0.84,7,buy
10/08,3231,國泰證券,8880,9,468,-459,1.01,7,sell
10/08,3231,摩根大通,8440,1339,1022,317,0.69,8,buy
10/08,3231,凱基-三重,9205,7,412,-405,0.89,8,sell
10/08,3231,台中銀-豐原,0036003100310041,208,9,199,0.44,9,buy
10/08,3231,元大-竹科,003900380030004b,17,382,-365,0.8,9,sell
10/08,3231,港商野村,1560,199,60,139,0.3,10,buy
10/08,3231,合庫-自強,0031003000320043,4,319,-315,0.69,10,sell
10/08,3231,兆豐-天母,003700300030004c,132,20,112,0.25,11,buy
10/08,3231,國泰-敦南,8888,219,469,-250,0.55,11,sell
10/08,3231,花旗環球,1590,724,631,93,0.2,12,buy
10/08,3231,群益金鼎,9100,47,283,-236,0.52,12,sell
10/08,3231,統一,5850,132,51,81,0.18,13,buy
10/08,3231,永豐金證券,0039004100300030,233,465,-232,0.51,13,sell
10/08,3231,兆豐-大同,0037003000300053,411,340,71,0.16,14,buy
10/08,3231,富邦-台北,9623,38,253,-215,0.47,14,sell
10/08,3231,法銀巴黎,8900,73,9,64,0.14,15,buy
10/08,3231,玉山-新莊,8842,19,231,-212,0.46,15,sell
10/08,2883,永豐金-匯立,0039004100380031,5560,588,4972,10.34,1,buy
10/08,2883,台灣摩根士丹利,1470,329,10998,-10669,22.19,1,sell
10/08,2883,富邦證券,9600,1977,90,1887,3.93,2,buy
10/08,2883,凱基-雙和,0039003200300043,35,6004,-5969,12.42,2,sell
10/08,2883,凱基,9200,2027,183,1844,3.84,3,buy
10/08,2883,美林,1440,1060,3102,-2042,4.25,3,sell
10/08,2883,美商高盛,1480,5372,3981,1391,2.89,4,buy
10/08,2883,凱基-台北,9268,1204,3177,-1973,4.1,4,sell
10/08,2883,康和,8450,1127,5,1122,2.33,5,buy
10/08,2883,花旗環球,1590,33,1763,-1730,3.6,5,sell
10/08,2883,國泰證券,8880,922,2,920,1.91,6,buy
10/08,2883,摩根大通,8440,603,2162,-1559,3.24,6,sell
10/08,2883,國泰-敦南,8888,814,270,544,1.13,7,buy
10/08,2883,華南永昌-忠孝,9325,6,1104,-1098,2.28,7,sell
10/08,2883,永豐金證券,0039004100300030,487,115,372,0.77,8,buy
10/08,2883,港商野村,1560,1056,1997,-941,1.96,8,sell
10/08,2883,新光-台中,8561,359,28,331,0.69,9,buy
10/08,2883,元大證券,9800,3586,4444,-858,1.78,9,sell
10/08,2883,元大-桃興,9894,306,1,305,0.63,10,buy
10/08,2883,法銀巴黎,8900,0,741,-741,1.54,10,sell
10/08,2883,兆豐-台中港,7005,259,2,257,0.53,11,buy
10/08,2883,第一金-大稻埕,0035003300380046,1,300,-299,0.62,11,sell
10/08,2883,兆豐-公益,003700300030004a,214,3,211,0.44,12,buy
10/08,2883,富邦-彰化,0039003600350055,27,294,-267,0.56,12,sell
10/08,2883,元大-東泰,9817,216,11,205,0.43,13,buy
10/08,2883,凱基-虎尾,9236,14,203,-189,0.39,13,sell
10/08,2883,玉山-新莊,8842,187,0,187,0.39,14,buy
10/08,2883,國票證券,7790,41,150,-109,0.23,14,sell
10/08,2883,台新-城東,0039004200320072,182,4,178,0.37,15,buy
10/08,2883,元大-彰化民生,003900380039004a,5,103,-98,0.2,15,sell
10/08,2610,富邦-陽明,9604,1342,0,1342,16.48,1,buy
10/08,2610,元大證券,9800,37,2652,-2615,32.12,1,sell
10/08,2610,台新-彰化,003900420032004d,1002,0,1002,12.31,2,buy
10/08,2610,台灣企銀-民雄,0031003100310041,1,383,-382,4.69,2,sell
10/08,2610,新加坡商瑞銀,1650,952,237,715,8.78,3,buy
10/08,2610,花旗環球,1590,0,369,-369,4.53,3,sell
10/08,2610,台灣摩根士丹利,1470,611,121,490,6.02,4,buy
10/08,2610,摩根大通,8440,178,435,-257,3.16,4,sell
10/08,2610,美林,1440,386,105,281,3.45,5,buy
10/08,2610,凱基,9200,0,250,-250,3.07,5,sell
10/08,2610,凱基-台北,9268,392,130,262,3.22,6,buy
10/08,2610,大昌-新竹,6463,0,214,-214,2.63,6,sell
10/08,2610,新光,8560,205,14,191,2.35,7,buy
10/08,2610,華南永昌-世貿,9334,1,200,-199,2.44,7,sell
10/08,2610,凱基-科園,9254,103,0,103,1.27,8,buy
10/08,2610,兆豐證券,7000,0,168,-168,2.06,8,sell
10/08,2610,群益金鼎-大甲,0039003100380067,70,0,70,0.86,9,buy
10/08,2610,美商高盛,1480,123,274,-151,1.85,9,sell
10/08,2610,國泰-敦南,8888,99,34,65,0.8,10,buy
10/08,2610,新光-台中,8561,100,189,-89,1.09,10,sell
10/08,2610,玉山-信義,0038003800340043,62,0,62,0.76,11,buy
10/08,2610,元大-中壢,9834,4,63,-59,0.72,11,sell
10/08,2610,元大-大灣,9815,51,0,51,0.63,12,buy
10/08,2610,凱基-高美館,9215,6,62,-56,0.69,12,sell
10/08,2610,台新-宜蘭,0039004200320055,50,0,50,0.61,13,buy
10/08,2610,元大-龍潭,9858,98,152,-54,0.66,13,sell
10/08,2610,第一金-澎湖,5387,50,0,50,0.61,14,buy
10/08,2610,富邦-八德,0039003600330041,4,53,-49,0.6,14,sell
10/08,2610,國泰-高雄,8881,52,2,50,0.61,15,buy
10/08,2610,台灣企銀,1110,5,51,-46,0.57,15,sell
10/08,6147,宏遠證券,1260,575,11,564,1.16,1,buy
10/08,6147,富邦證券,9600,698,2632,-1934,3.98,1,sell
10/08,6147,國票-敦北法人,0037003700390063,335,21,314,0.65,2,buy
10/08,6147,美商高盛,1480,2022,3950,-1928,3.97,2,sell
10/08,6147,中國信託,6160,483,172,311,0.64,3,buy
10/08,6147,台灣摩根士丹利,1470,1701,2783,-1082,2.23,3,sell
10/08,6147,美林,1440,404,142,262,0.54,4,buy
10/08,6147,新加坡商瑞銀,1650,392,1323,-931,1.92,4,sell
10/08,6147,台新,0039004200300030,617,377,240,0.49,5,buy
10/08,6147,元大證券,9800,4367,5199,-832,1.71,5,sell
10/08,6147,中國信託-新竹,6165,247,25,222,0.46,6,buy
10/08,6147,統一,5850,185,1014,-829,1.71,6,sell
10/08,6147,華南永昌,9300,257,74,183,0.38,7,buy
10/08,6147,永豐金證券,0039004100300030,416,906,-490,1.01,7,sell
10/08,6147,玉山證券,8840,305,130,175,0.36,8,buy
10/08,6147,兆豐-天母,003700300030004c,4,402,-398,0.82,8,sell
10/08,6147,元大-大同,0039003800390047,184,18,166,0.34,9,buy
10/08,6147,摩根大通,8440,1178,1436,-258,0.53,9,sell
10/08,6147,港商野村,1560,617,452,165,0.34,10,buy
10/08,6147,國泰-松江,8883,69,320,-251,0.52,10,sell
10/08,6147,新光,8560,404,254,150,0.31,11,buy
10/08,6147,凱基-台北,9268,2976,3223,-247,0.51,11,sell
10/08,6147,國泰-敦南,8888,1664,1524,140,0.29,12,buy
10/08,6147,凱基,9200,330,550,-220,0.45,12,sell
10/08,6147,群益金鼎-民權,9131,151,12,139,0.29,13,buy
10/08,6147,元大-忠孝,9871,93,285,-192,0.4,13,sell
10/08,6147,群益金鼎,9100,897,762,135,0.28,14,buy
10/08,6147,元大-士林,003900380031006a,45,231,-186,0.38,14,sell
10/08,6147,第一金-新竹,0035003300380042,130,25,105,0.22,15,buy
10/08,6147,中國信託-忠孝,6162,115,281,-166,0.34,15,sell
10/08,2542,台灣摩根士丹利,1470,2045,31,2014,25.54,1,buy
10/08,2542,國泰證券,8880,113,884,-771,9.78,1,sell
10/08,2542,港商野村,1560,930,25,905,11.47,2,buy
10/08,2542,中國信託,6160,15,476,-461,5.85,2,sell
10/08,2542,美林,1440,677,238,439,5.57,3,buy
10/08,2542,元大-大同,0039003800390047,0,374,-374,4.74,3,sell
10/08,2542,美商高盛,1480,563,163,400,5.07,4,buy
10/08,2542,永豐金-市政,0039004100390057,0,202,-202,2.56,4,sell
10/08,2542,新加坡商瑞銀,1650,520,127,393,4.98,5,buy
10/08,2542,摩根大通,8440,512,655,-143,1.81,5,sell
10/08,2542,國泰-台南,8884,151,40,111,1.41,6,buy
10/08,2542,群益金鼎,9100,66,209,-143,1.81,6,sell
10/08,2542,富邦-宜蘭,9686,95,0,95,1.2,7,buy
10/08,2542,國泰-台中,8882,3,144,-141,1.79,7,sell
10/08,2542,元大-員林,9889,53,1,52,0.66,8,buy
10/08,2542,元大證券,9800,152,284,-132,1.67,8,sell
10/08,2542,兆豐-桃園,003700300030004d,50,1,49,0.62,9,buy
10/08,2542,富邦-竹東,9625,0,121,-121,1.53,9,sell
10/08,2542,宏遠-桃園,1262,40,0,40,0.51,10,buy
10/08,2542,兆豐-忠孝,0037003000300061,1,112,-111,1.41,10,sell
10/08,2542,中國信託-永康,6163,35,4,31,0.39,11,buy
10/08,2542,花旗環球,1590,66,167,-101,1.28,11,sell
10/08,2542,元大-六合,0039003800320043,30,2,28,0.36,12,buy
10/08,2542,合庫證券,1020,0,81,-81,1.03,12,sell
10/08,2542,富邦-桃園,9665,30,2,28,0.36,13,buy
10/08,2542,華南永昌-楠梓,9332,1,75,-74,0.94,13,sell
10/08,2542,元大-永和,9891,25,1,24,0.3,14,buy
10/08,2542,新光,8560,6,72,-66,0.84,14,sell
10/08,2542,台新-北中壢,003900420032004c,23,0,23,0.29,15,buy
10/08,2542,國泰-敦南,8888,75,134,-59,0.75,15,sell
10/08,8028,凱基,9200,87,0,87,3.18,1,buy
10/08,8028,凱基-台北,9268,52,228,-176,6.44,1,sell
10/08,8028,國泰證券,8880,88,26,62,2.27,2,buy
10/08,8028,凱基-埔墘,9288,0,170,-170,6.22,2,sell
10/08,8028,國泰-敦南,8888,121,66,55,2.01,3,buy
10/08,8028,美商高盛,1480,74,188,-114,4.17,3,sell
10/08,8028,凱基-科園,9254,24,0,24,0.88,4,buy
10/08,8028,新加坡商瑞銀,1650,25,89,-64,2.34,4,sell
10/08,8028,群益金鼎-崇德,0039003100330055,25,1,24,0.88,5,buy
10/08,8028,台灣摩根士丹利,1470,71,120,-49,1.79,5,sell
10/08,8028,玉山-景美,8849,22,0,22,0.81,6,buy
10/08,8028,元大證券,9800,97,146,-49,1.79,6,sell
10/08,8028,元大-永春,9852,24,4,20,0.73,7,buy
10/08,8028,港商野村,1560,1,44,-43,1.57,7,sell
10/08,8028,華南永昌-桃園,9352,20,0,20,0.73,8,buy
10/08,8028,群益金鼎-板橋,0039003100380042,1,27,-26,0.95,8,sell
10/08,8028,亞東-板橋,2181,23,4,19,0.7,9,buy
10/08,8028,美林,1440,1,27,-26,0.95,9,sell
10/08,8028,華南永昌-台中,9302,19,2,17,0.62,10,buy
10/08,8028,大昌-新店,6464,4,24,-20,0.73,10,sell
10/08,8028,永豐金-板新,003900410039004a,18,2,16,0.59,11,buy
10/08,8028,富邦-台中,003900360035004b,3,20,-17,0.62,11,sell
10/08,8028,大昌-樹林,6461,18,3,15,0.55,12,buy
10/08,8028,統一,5850,12,28,-16,0.59,12,sell
10/08,8028,群益金鼎-市府,0039003100300044,30,15,15,0.55,13,buy
10/08,8028,富邦-三峽,003900360032004a,1,16,-15,0.55,13,sell
10/08,8028,元大-新盛,9869,16,2,14,0.51,14,buy
10/08,8028,台新,0039004200300030,12,25,-13,0.48,14,sell
10/08,8028,臺銀-臺中,0031003000340041,15,3,12,0.44,15,buy
10/08,8028,永豐金-台中,003900410039004c,0,13,-13,0.48,15,sell
10/08,2027,中國信託,6160,3040,29,3011,25.57,1,buy
10/08,2027,第一金,5380,1,1150,-1149,9.76,1,sell
10/08,2027,新加坡商瑞銀,1650,2606,630,1976,16.78,2,buy
10/08,2027,國泰證券,8880,0,688,-688,5.84,2,sell
10/08,2027,摩根大通,8440,789,403,386,3.28,3,buy
10/08,2027,美商高盛,1480,704,1236,-532,4.52,3,sell
10/08,2027,凱基-中壢,9285,345,0,345,2.93,4,buy
10/08,2027,(牛牛牛)亞-鑫豐,0036003000310064,2,421,-419,3.56,4,sell
10/08,2027,港商野村,1560,138,0,138,1.17,5,buy
10/08,2027,台灣摩根士丹利,1470,429,716,-287,2.44,5,sell
10/08,2027,元大證券,9800,287,156,131,1.11,6,buy
10/08,2027,凱基-台北,9268,335,555,-220,1.87,6,sell
10/08,2027,中國信託-高雄,003600310036004b,74,16,58,0.49,7,buy
10/08,2027,香港上海匯豐,8960,0,163,-163,1.38,7,sell
10/08,2027,富邦-虎尾,9697,65,10,55,0.47,8,buy
10/08,2027,美林,1440,116,258,-142,1.21,8,sell
10/08,2027,第一金-桃園,5385,55,7,48,0.41,9,buy
10/08,2027,凱基-高雄,9206,0,100,-100,0.85,9,sell
10/08,2027,富邦證券,9600,70,23,47,0.4,10,buy
10/08,2027,凱基-和平,9255,0,100,-100,0.85,10,sell
10/08,2027,聯邦-大業,8586,40,0,40,0.34,11,buy
10/08,2027,元大-大甲,0039003800390055,288,381,-93,0.79,11,sell
10/08,2027,花旗環球,1590,38,0,38,0.32,12,buy
10/08,2027,兆豐-台南,7006,8,88,-80,0.68,12,sell
10/08,2027,永豐金證券,0039004100300030,73,42,31,0.26,13,buy
10/08,2027,元大-南投,0039003800310044,0,79,-79,0.67,13,sell
10/08,2027,台新,0039004200300030,42,12,30,0.25,14,buy
10/08,2027,永豐金-內湖,0039004100390067,2,70,-68,0.58,14,sell
10/08,2027,第一金-忠孝,0035003300380044,30,1,29,0.25,15,buy
10/08,2027,凱基-市政,9239,40,107,-67,0.57,15,sell
10/08,1101,元大證券,9800,3894,1210,2684,8.12,1,buy
10/08,1101,凱基,9200,1,3484,-3483,10.54,1,sell
10/08,1101,摩根大通,8440,2582,531,2051,6.2,2,buy
10/08,1101,第一金-路竹,0035003300380050,24,1486,-1462,4.42,2,sell
10/08,1101,台灣摩根士丹利,1470,2994,1483,1511,4.57,3,buy
10/08,1101,國票-敦北法人,0037003700390063,0,770,-770,2.33,3,sell
10/08,1101,凱基-台北,9268,2467,1064,1403,4.24,4,buy
10/08,1101,中國信託,6160,34,682,-648,1.96,4,sell
10/08,1101,美林,1440,1505,165,1340,4.05,5,buy
10/08,1101,玉山證券,8840,12,490,-478,1.45,5,sell
10/08,1101,美商高盛,1480,2186,1647,539,1.63,6,buy
10/08,1101,群益金鼎-竹南,0039003100380069,10,320,-310,0.94,6,sell
10/08,1101,群益金鼎-大甲,0039003100380067,500,24,476,1.44,7,buy
10/08,1101,元大-桃園,0039003800380042,16,260,-244,0.74,7,sell
10/08,1101,港商野村,1560,426,0,426,1.29,8,buy
10/08,1101,國票-博愛,003700370039007a,16,249,-233,0.7,8,sell
10/08,1101,富邦-新竹,9647,453,79,374,1.13,9,buy
10/08,1101,國票-南科,0037003700390065,2,203,-201,0.61,9,sell
10/08,1101,富邦-台北,9623,398,104,294,0.89,10,buy
10/08,1101,元大-南崁,0039003800300051,12,200,-188,0.57,10,sell
10/08,1101,美好-苗栗,5265,250,5,245,0.74,11,buy
10/08,1101,合庫-三重,0031003000320047,17,204,-187,0.57,11,sell
10/08,1101,凱基-東勢,0039003200310059,266,27,239,0.72,12,buy
10/08,1101,新光-台中,8561,91,265,-174,0.53,12,sell
10/08,1101,合庫-彰化,1028,308,71,237,0.72,13,buy
10/08,1101,元大-斗信,9884,14,187,-173,0.52,13,sell
10/08,1101,華南永昌-潮州,9328,243,30,213,0.64,14,buy
10/08,1101,台新,0039004200300030,85,249,-164,0.5,14,sell
10/08,1101,富邦-高雄,9659,207,5,202,0.61,15,buy
10/08,1101,永豐金-桃盛,003900410039004e,1,164,-163,0.49,15,sell
10/08,9904,美商高盛,1480,2412,720,1692,11.09,1,buy
10/08,9904,臺銀,1040,1,663,-662,4.34,1,sell
10/08,9904,台灣摩根士丹利,1470,3321,1749,1572,10.3,2,buy
10/08,9904,國泰-台中,8882,18,328,-310,2.03,2,sell
10/08,9904,新加坡商瑞銀,1650,1463,120,1343,8.8,3,buy
10/08,9904,兆豐-鹿港,0037003000300066,2,308,-306,2.0,3,sell
10/08,9904,凱基-台北,9268,1380,113,1267,8.3,4,buy
10/08,9904,群益金鼎-建成,003900310038004c,0,300,-300,1.97,4,sell
10/08,9904,港商野村,1560,1212,578,634,4.15,5,buy
10/08,9904,玉山-高雄,8843,155,403,-248,1.62,5,sell
10/08,9904,元大證券,9800,586,103,483,3.16,6,buy
10/08,9904,高橋-龍潭,5321,0,245,-245,1.61,6,sell
10/08,9904,第一金-忠孝,0035003300380044,213,2,211,1.38,7,buy
10/08,9904,美林,1440,175,418,-243,1.59,7,sell
10/08,9904,國泰證券,8880,196,0,196,1.28,8,buy
10/08,9904,摩根大通,8440,861,1103,-242,1.59,8,sell
10/08,9904,花旗環球,1590,230,52,178,1.17,9,buy
10/08,9904,土銀-建國,0031003000330041,0,220,-220,1.44,9,sell
10/08,9904,富邦-建國,9658,191,14,177,1.16,10,buy
10/08,9904,兆豐-員林,003700300030006b,0,154,-154,1.01,10,sell
10/08,9904,富邦-板橋,9655,140,11,129,0.85,11,buy
10/08,9904,臺銀-高雄,0031003000340043,1,144,-143,0.94,11,sell
10/08,9904,凱基-汐止,9226,100,0,100,0.66,12,buy
10/08,9904,凱基-豐中,9223,0,130,-130,0.85,12,sell
10/08,9904,統一-板橋,0035003800350050,60,0,60,0.39,13,buy
10/08,9904,國泰-館前,0038003800380041,0,122,-122,0.8,13,sell
10/08,9904,凱基-城中,9227,55,0,55,0.36,14,buy
10/08,9904,宏遠-新化,0031003200360058,0,120,-120,0.79,14,sell
10/08,9904,第一金-澎湖,5387,49,1,48,0.31,15,buy
10/08,9904,元大-土城永寧,9875,2,121,-119,0.78,15,sell
10/08,2855,美商高盛,1480,834,104,730,20.55,1,buy
10/08,2855,摩根大通,8440,22,170,-148,4.17,1,sell
10/08,2855,台灣摩根士丹利,1470,579,106,473,13.31,2,buy
10/08,2855,元大-東港,0039003800390066,0,113,-113,3.18,2,sell
10/08,2855,凱基-台北,9268,407,65,342,9.63,3,buy
10/08,2855,統一-台南,5855,0,112,-112,3.15,3,sell
10/08,2855,新加坡商瑞銀,1650,407,135,272,7.66,4,buy
10/08,2855,凱基,9200,0,100,-100,2.81,4,sell
10/08,2855,凱基-雙和,0039003200300043,115,1,114,3.21,5,buy
10/08,2855,元大-清水,0039003800300065,0,85,-85,2.39,5,sell
10/08,2855,富邦-台北,9623,100,20,80,2.25,6,buy
10/08,2855,台新-新營,0039004200310031,35,118,-83,2.34,6,sell
10/08,2855,元大證券,9800,124,73,51,1.44,7,buy
10/08,2855,國泰-敦南,8888,12,74,-62,1.75,7,sell
10/08,2855,花旗環球,1590,52,4,48,1.35,8,buy
10/08,2855,富邦-羅東,9634,2,60,-58,1.63,8,sell
10/08,2855,國泰證券,8880,43,0,43,1.21,9,buy
10/08,2855,統一-仁愛,0035003800350063,1,51,-50,1.41,9,sell
10/08,2855,永豐金-內湖,0039004100390067,35,0,35,0.99,10,buy
10/08,2855,永豐金證券,0039004100300030,5,54,-49,1.38,10,sell
10/08,2855,美林,1440,121,88,33,0.93,11,buy
10/08,2855,國泰-新莊,8886,2,51,-49,1.38,11,sell
10/08,2855,兆豐-南門,0037003000300067,21,0,21,0.59,12,buy
10/08,2855,臺銀-臺南,1042,1,46,-45,1.27,12,sell
10/08,2855,元大-淡水,9899,20,1,19,0.53,13,buy
10/08,2855,富邦-新營,9693,0,42,-42,1.18,13,sell
10/08,2855,台新,0039004200300030,25,9,16,0.45,14,buy
10/08,2855,統一-敦南,5852,0,37,-37,1.04,14,sell
10/08,2855,統一-新台中,0035003800350044,20,4,16,0.45,15,buy
10/08,2855,群益金鼎-天母,0039003100380050,0,35,-35,0.99,15,sell
10/08,2327,新加坡商瑞銀,1650,3717,2553,1164,2.46,1,buy
10/08,2327,台灣摩根士丹利,1470,1615,4214,-2599,5.5,1,sell
10/08,2327,元大-土城永寧,9875,839,10,829,1.75,2,buy
10/08,2327,康和,8450,85,2251,-2166,4.59,2,sell
10/08,2327,國泰-敦南,8888,1438,1089,349,0.74,3,buy
10/08,2327,美商高盛,1480,1486,2834,-1348,2.85,3,sell
10/08,2327,統一,5850,518,172,346,0.73,4,buy
10/08,2327,富邦-新店,9661,71,1016,-945,2.0,4,sell
10/08,2327,新光,8560,424,274,150,0.32,5,buy
10/08,2327,港商野村,1560,27,957,-930,1.97,5,sell
10/08,2327,康和-台中,8455,147,27,120,0.25,6,buy
10/08,2327,元大證券,9800,2694,3407,-713,1.51,6,sell
10/08,2327,群益金鼎-大安,0039003100380065,115,5,110,0.23,7,buy
10/08,2327,國泰證券,8880,54,750,-696,1.47,7,sell
10/08,2327,富邦-台北,9623,220,116,104,0.22,8,buy
10/08,2327,摩根大通,8440,160,800,-640,1.35,8,sell
10/08,2327,富邦-虎尾,9697,115,11,104,0.22,9,buy
10/08,2327,美林,1440,715,1354,-639,1.35,9,sell
10/08,2327,國票-安和,003700370039005a,202,111,91,0.19,10,buy
10/08,2327,大和國泰,8890,230,867,-637,1.35,10,sell
10/08,2327,國泰-台中,8882,324,233,91,0.19,11,buy
10/08,2327,永豐金證券,0039004100300030,1196,1692,-496,1.05,11,sell
10/08,2327,國泰-桃園,8885,205,117,88,0.19,12,buy
10/08,2327,華南永昌,9300,69,547,-478,1.01,12,sell
10/08,2327,富邦-建國,9658,150,62,88,0.19,13,buy
10/08,2327,宏遠證券,1260,87,463,-376,0.8,13,sell
10/08,2327,國泰-高雄,8881,178,92,86,0.18,14,buy
10/08,2327,統一-南京,0035003800350055,51,243,-192,0.41,14,sell
10/08,2327,元大-信義,003900380039006d,97,12,85,0.18,15,buy
10/08,2327,國票-敦北法人,0037003700390063,12,202,-190,0.4,15,sell
10/08,6446,新加坡商瑞銀,1650,151,41,110,5.96,1,buy
10/08,6446,摩根大通,8440,28,179,-151,8.18,1,sell
10/08,6446,華南永昌,9300,76,5,71,3.85,2,buy
10/08,6446,凱基-台北,9268,108,181,-73,3.96,2,sell
10/08,6446,美商高盛,1480,341,274,67,3.63,3,buy
10/08,6446,台灣摩根士丹利,1470,20,93,-73,3.96,3,sell
10/08,6446,美林,1440,51,16,35,1.9,4,buy
10/08,6446,第一金-豐原,003500330038004e,3,62,-59,3.2,4,sell
10/08,6446,統一,5850,21,1,20,1.08,5,buy
10/08,6446,元大-敦南,0039003800390050,0,31,-31,1.68,5,sell
10/08,6446,富邦證券,9600,23,7,16,0.87,6,buy
10/08,6446,港商野村,1560,3,26,-23,1.25,6,sell
10/08,6446,元大-景美,0039003800340048,70,55,15,0.81,7,buy
10/08,6446,永豐金-竹科,0039004100390058,1,22,-21,1.14,7,sell
10/08,6446,元大-嘉義,0039003800390067,11,1,10,0.54,8,buy
10/08,6446,花旗環球,1590,14,28,-14,0.76,8,sell
10/08,6446,元大-台中,9812,11,1,10,0.54,9,buy
10/08,6446,永豐金-匯立,0039004100380031,9,22,-13,0.7,9,sell
10/08,6446,元大證券,9800,73,65,8,0.43,10,buy
10/08,6446,元大-大統,003900380031007a,0,11,-11,0.6,10,sell
10/08,6446,統一-南京,0035003800350055,8,1,7,0.38,11,buy
10/08,6446,法銀巴黎,8900,3,13,-10,0.54,11,sell
10/08,6446,元大-林森,0039003800330042,11,4,7,0.38,12,buy
10/08,6446,台新-建北,0039004200310038,0,10,-10,0.54,12,sell
10/08,6446,富邦-新竹,9647,7,1,6,0.33,13,buy
10/08,6446,土銀-彰化,0031003000330042,0,10,-10,0.54,13,sell
10/08,6446,台新-城東,0039004200320072,9,3,6,0.33,14,buy
10/08,6446,永豐金證券,0039004100300030,7,16,-9,0.49,14,sell
10/08,6446,(牛牛牛)亞-鑫豐,0036003000310064,6,1,5,0.27,15,buy
10/08,6446,富邦-新板,0039003600310048,2,10,-8,0.43,15,sell
10/08,3264,美商高盛,1480,1754,52,1702,10.52,1,buy
10/08,3264,摩根大通,8440,277,1865,-1588,9.81,1,sell
10/08,3264,兆豐-民生,0037003000300063,222,3,219,1.35,2,buy
10/08,3264,凱基-台北,9268,852,1329,-477,2.95,2,sell
10/08,3264,元大-高雄,003900380031006d,221,7,214,1.32,3,buy
10/08,3264,台灣摩根士丹利,1470,528,932,-404,2.5,3,sell
10/08,3264,富邦證券,9600,497,335,162,1.0,4,buy
10/08,3264,元大證券,9800,722,1037,-315,1.95,4,sell
10/08,3264,(牛牛牛)亞證券,6010,116,0,116,0.72,5,buy
10/08,3264,元大-仁愛,003900380033006a,46,240,-194,1.2,5,sell
10/08,3264,台新-安南,003900420032005a,122,19,103,0.64,6,buy
10/08,3264,新加坡商瑞銀,1650,166,342,-176,1.09,6,sell
10/08,3264,凱基-中山,9229,107,9,98,0.61,7,buy
10/08,3264,永豐金-信義,0039004100390052,153,301,-148,0.91,7,sell
10/08,3264,富邦-南屯,9666,77,5,72,0.44,8,buy
10/08,3264,凱基-埔墘,9288,7,119,-112,0.69,8,sell
10/08,3264,群益金鼎,9100,250,190,60,0.37,9,buy
10/08,3264,美林,1440,64,164,-100,0.62,9,sell
10/08,3264,台新-五權西,0039004200320035,59,4,55,0.34,10,buy
10/08,3264,凱基-城中,9227,7,99,-92,0.57,10,sell
10/08,3264,凱基-大直,9218,61,11,50,0.31,11,buy
10/08,3264,元大-成功,003900380039004c,12,78,-66,0.41,11,sell
10/08,3264,中國信託-忠孝,6162,97,49,48,0.3,12,buy
10/08,3264,花旗環球,1590,41,106,-65,0.4,12,sell
10/08,3264,永豐金證券,0039004100300030,289,245,44,0.27,13,buy
10/08,3264,兆豐-忠孝,0037003000300061,28,87,-59,0.36,13,sell
10/08,3264,華南永昌-桃園,9352,97,57,40,0.25,14,buy
10/08,3264,華南永昌,9300,25,75,-50,0.31,14,sell
10/08,3264,永豐金-板盛,0039004100390059,54,18,36,0.22,15,buy
10/08,3264,凱基-中港,9202,8,41,-33,0.2,15,sell
10/08,1402,元大證券,9800,459,156,303,6.91,1,buy
10/08,1402,花旗環球,1590,0,415,-415,9.46,1,sell
10/08,1402,摩根大通,8440,632,344,288,6.57,2,buy
10/08,1402,統一-台南,5855,0,150,-150,3.42,2,sell
10/08,1402,亞東,2180,286,1,285,6.5,3,buy
10/08,1402,玉山-城中,0038003800340045,0,105,-105,2.39,3,sell
10/08,1402,凱基-東勢,0039003200310059,198,0,198,4.52,4,buy
10/08,1402,國泰證券,8880,0,103,-103,2.35,4,sell
10/08,1402,永豐金-屏東,0039004100360039,140,0,140,3.19,5,buy
10/08,1402,元大-文心興安,9854,6,100,-94,2.14,5,sell
10/08,1402,台灣摩根士丹利,1470,435,300,135,3.08,6,buy
10/08,1402,台新-三民,0039004200310033,0,90,-90,2.05,6,sell
10/08,1402,港商野村,1560,144,13,131,2.99,7,buy
10/08,1402,康和-嘉義,8459,0,88,-88,2.01,7,sell
10/08,1402,新加坡商瑞銀,1650,212,89,123,2.81,8,buy
10/08,1402,永豐金證券,0039004100300030,9,72,-63,1.44,8,sell
10/08,1402,臺銀-新竹,1045,100,0,100,2.28,9,buy
10/08,1402,中國信託,6160,0,50,-50,1.14,9,sell
10/08,1402,富邦-桃園,9665,77,0,77,1.76,10,buy
10/08,1402,元大-民雄,0039003800310056,84,132,-48,1.09,10,sell
10/08,1402,統一,5850,70,13,57,1.3,11,buy
10/08,1402,元大-台中,9812,0,43,-43,0.98,11,sell
10/08,1402,新光,8560,74,33,41,0.94,12,buy
10/08,1402,富邦-頭份,0039003600320050,0,41,-41,0.94,12,sell
10/08,1402,凱基-站前,0039003200300046,36,2,34,0.78,13,buy
10/08,1402,元大-小港,003900380039005a,0,40,-40,0.91,13,sell
10/08,1402,富邦-陽明,9604,42,13,29,0.66,14,buy
10/08,1402,元大-樹林,003900380039006a,0,36,-36,0.82,14,sell
10/08,1402,群益金鼎-基隆,0039003100330045,25,0,25,0.57,15,buy
10/08,1402,美林,1440,175,210,-35,0.8,15,sell
10/08,6274,美商高盛,1480,741,464,277,3.5,1,buy
10/08,6274,統一-城中,5854,3,124,-121,1.53,1,sell
10/08,6274,新加坡商瑞銀,1650,377,131,246,3.11,2,buy
10/08,6274,群益金鼎-台北,0039003100380058,72,182,-110,1.39,2,sell
10/08,6274,台灣摩根士丹利,1470,537,362,175,2.21,3,buy
10/08,6274,國票-台中,0037003700390076,1,102,-101,1.28,3,sell
10/08,6274,凱基-台北,9268,475,310,165,2.08,4,buy
10/08,6274,凱基,9200,129,219,-90,1.14,4,sell
10/08,6274,富邦證券,9600,152,56,96,1.21,5,buy
10/08,6274,元大-敦南,0039003800390050,9,83,-74,0.93,5,sell
10/08,6274,宏遠證券,1260,67,6,61,0.77,6,buy
10/08,6274,永豐金證券,0039004100300030,41,112,-71,0.9,6,sell
10/08,6274,台新-台北,0039004200320030,63,11,52,0.66,7,buy
10/08,6274,摩根大通,8440,357,419,-62,0.78,7,sell
10/08,6274,港商野村,1560,77,26,51,0.64,8,buy
10/08,6274,台新,0039004200300030,78,133,-55,0.69,8,sell
10/08,6274,美林,1440,117,72,45,0.57,9,buy
10/08,6274,台新-大裕,003900420032006c,6,36,-30,0.38,9,sell
10/08,6274,元大證券,9800,612,568,44,0.56,10,buy
10/08,6274,大和國泰,8890,0,25,-25,0.32,10,sell
10/08,6274,統一-內湖,0035003800350062,45,5,40,0.51,11,buy
10/08,6274,兆豐-南門,0037003000300067,2,27,-25,0.32,11,sell
10/08,6274,富邦-台北,9623,54,15,39,0.49,12,buy
10/08,6274,元大-竹科,003900380030004b,2,26,-24,0.3,12,sell
10/08,6274,凱基-永和,9207,30,0,30,0.38,13,buy
10/08,6274,台新-建北,0039004200310038,20,41,-21,0.27,13,sell
10/08,6274,統一,5850,123,94,29,0.37,14,buy
10/08,6274,台新-松德,0039004200320061,12,32,-20,0.25,14,sell
10/08,6274,群益金鼎,9100,147,122,25,0.32,15,buy
10/08,6274,永豐金-敦南,0039004100380046,7,27,-20,0.25,15,sell
10/08,3481,中國信託,6160,1932,804,1128,1.41,1,buy
10/08,3481,元大證券,9800,4325,8691,-4366,5.46,1,sell
10/08,3481,國泰-敦南,8888,2754,1794,960,1.2,2,buy
10/08,3481,花旗環球,1590,62,3939,-3877,4.85,2,sell
10/08,3481,元大-新莊,9898,641,126,515,0.64,3,buy
10/08,3481,美林,1440,242,4099,-3857,4.82,3,sell
10/08,3481,元大-成功,003900380039004c,514,33,481,0.6,4,buy
10/08,3481,美商高盛,1480,473,2992,-2519,3.15,4,sell
10/08,3481,新光,8560,593,262,331,0.41,5,buy
10/08,3481,新加坡商瑞銀,1650,631,2762,-2131,2.66,5,sell
10/08,3481,第一金-桃園,5385,495,175,320,0.4,6,buy
10/08,3481,摩根大通,8440,402,1822,-1420,1.78,6,sell
10/08,3481,國泰-板橋,003800380038004b,715,425,290,0.36,7,buy
10/08,3481,台灣摩根士丹利,1470,761,1766,-1005,1.26,7,sell
10/08,3481,群益金鼎-北高雄,0039003100330052,236,1,235,0.29,8,buy
10/08,3481,富邦證券,9600,315,1193,-878,1.1,8,sell
10/08,3481,永豐金-桃園,0039004100390078,347,112,235,0.29,9,buy
10/08,3481,凱基-台北,9268,1082,1941,-859,1.07,9,sell
10/08,3481,元大-北投,0039003800390041,295,60,235,0.29,10,buy
10/08,3481,元大-新竹經國,9859,70,746,-676,0.85,10,sell
10/08,3481,群益金鼎,9100,780,559,221,0.28,11,buy
10/08,3481,永豐金-匯立,0039004100380031,0,528,-528,0.66,11,sell
10/08,3481,群益金鼎-海山,9108,335,121,214,0.27,12,buy
10/08,3481,凱基-信義,9216,30,501,-471,0.59,12,sell
10/08,3481,玉山-高雄,8843,270,59,211,0.26,13,buy
10/08,3481,元大-竹科,003900380030004b,71,536,-465,0.58,13,sell
10/08,3481,玉山-左營,0038003800340044,231,25,206,0.26,14,buy
10/08,3481,元大-清水,0039003800300065,82,409,-327,0.41,14,sell
10/08,3481,國泰-桃園,8885,498,295,203,0.25,15,buy
10/08,3481,康和,8450,3,272,-269,0.34,15,sell
10/08,6239,凱基,9200,791,42,749,4.69,1,buy
10/08,6239,元大證券,9800,628,976,-348,2.18,1,sell
10/08,6239,富邦證券,9600,831,193,638,4.0,2,buy
10/08,6239,群益金鼎-大安,0039003100380065,0,325,-325,2.04,2,sell
10/08,6239,統一-竹南,003500380035006d,593,5,588,3.69,3,buy
10/08,6239,元大-虎尾,003900380030006c,289,574,-285,1.79,3,sell
10/08,6239,美商高盛,1480,1369,846,523,3.28,4,buy
10/08,6239,美林,1440,126,406,-280,1.75,4,sell
10/08,6239,台灣摩根士丹利,1470,589,338,251,1.57,5,buy
10/08,6239,永豐金證券,0039004100300030,121,342,-221,1.39,5,sell
10/08,6239,摩根大通,8440,827,599,228,1.43,6,buy
10/08,6239,兆豐-三民,0037003000300068,224,414,-190,1.19,6,sell
10/08,6239,元大-鳳山,003900380033005a,110,8,102,0.64,7,buy
10/08,6239,宏遠證券,1260,9,185,-176,1.1,7,sell
10/08,6239,凱基-台北,9268,455,373,82,0.51,8,buy
10/08,6239,永豐金-大園,0039004100390038,16,135,-119,0.75,8,sell
10/08,6239,統一-仁愛,0035003800350063,62,8,54,0.34,9,buy
10/08,6239,新光,8560,100,209,-109,0.68,9,sell
10/08,6239,台灣企銀-豐原,1118,53,1,52,0.33,10,buy
10/08,6239,康和,8450,4,99,-95,0.6,10,sell
10/08,6239,港商野村,1560,50,0,50,0.31,11,buy
10/08,6239,兆豐-台中,7003,1,82,-81,0.51,11,sell
10/08,6239,永豐金-松山,0039004100390031,57,10,47,0.29,12,buy
10/08,6239,統一-松江,003500380035005a,2,57,-55,0.34,12,sell
10/08,6239,統一,5850,79,38,41,0.26,13,buy
10/08,6239,華南永昌-林口,9317,0,54,-54,0.34,13,sell
10/08,6239,元大-竹南,0039003800330056,40,5,35,0.22,14,buy
10/08,6239,群益金鼎-敦南,9101,3,54,-51,0.32,14,sell
10/08,6239,玉山-嘉義,8848,53,23,30,0.19,15,buy
10/08,6239,新光-台中,8561,108,156,-48,0.3,15,sell
10/08,2845,永豐金證券,0039004100300030,482,28,454,16.01,1,buy
10/08,2845,美林,1440,36,540,-504,17.78,1,sell
10/08,2845,凱基-台北,9268,293,14,279,9.84,2,buy
10/08,2845,台灣摩根士丹利,1470,12,447,-435,15.34,2,sell
10/08,2845,華南永昌-麻豆,9308,224,0,224,7.9,3,buy
10/08,2845,富邦-台南,9667,0,206,-206,7.27,3,sell
10/08,2845,美商高盛,1480,176,19,157,5.54,4,buy
10/08,2845,兆豐-松德,0037003000300069,0,139,-139,4.9,4,sell
10/08,2845,玉山-台南,8847,100,0,100,3.53,5,buy
10/08,2845,元大-高雄,003900380031006d,2,107,-105,3.7,5,sell
10/08,2845,新百王,6210,100,0,100,3.53,6,buy
10/08,2845,新光-台中,8561,0,84,-84,2.96,6,sell
10/08,2845,兆豐-三重,7008,77,0,77,2.72,7,buy
10/08,2845,摩根大通,8440,111,182,-71,2.5,7,sell
10/08,2845,元大-大益,9814,70,0,70,2.47,8,buy
10/08,2845,花旗環球,1590,0,60,-60,2.12,8,sell
10/08,2845,台新-新莊,0039004200310039,50,0,50,1.76,9,buy
10/08,2845,玉山-板橋,8846,5,56,-51,1.8,9,sell
10/08,2845,國票-南科,0037003700390065,40,0,40,1.41,10,buy
10/08,2845,富邦-樹林,0039003600320045,0,38,-38,1.34,10,sell
10/08,2845,元大-民雄,0039003800310056,40,0,40,1.41,11,buy
10/08,2845,元大-桃園,0039003800380042,0,35,-35,1.23,11,sell
10/08,2845,永豐金-市政,0039004100390057,39,2,37,1.31,12,buy
10/08,2845,凱基-員林,9231,1,34,-33,1.16,12,sell
10/08,2845,富邦-新竹,9647,37,2,35,1.23,13,buy
10/08,2845,群益金鼎-板橋,0039003100380042,0,30,-30,1.06,13,sell
10/08,2845,第一金-忠孝,0035003300380044,21,0,21,0.74,14,buy
10/08,2845,元大-板橋,0039003800390043,0,28,-28,0.99,14,sell
10/08,2845,石橋證券,7080,20,0,20,0.71,15,buy
10/08,2845,第一金-台中,5382,0,26,-26,0.92,15,sell
10/08,4979,統一-三重,003500380035004a,102,7,95,2.64,1,buy
10/08,4979,統一,5850,20,348,-328,9.1,1,sell
10/08,4979,富邦-建國,9658,65,4,61,1.69,2,buy
10/08,4979,美商高盛,1480,93,243,-150,4.16,2,sell
10/08,4979,富邦-桃園,9665,36,0,36,1.0,3,buy
10/08,4979,合庫-高雄,1023,5,71,-66,1.83,3,sell
10/08,4979,國泰-敦南,8888,74,45,29,0.8,4,buy
10/08,4979,元大證券,9800,255,312,-57,1.58,4,sell
10/08,4979,國票-長城,0037003700390075,21,2,19,0.53,5,buy
10/08,4979,台新-松德,0039004200320061,5,60,-55,1.53,5,sell
10/08,4979,富邦-仁愛,9676,24,5,19,0.53,6,buy
10/08,4979,美林,1440,0,53,-53,1.47,6,sell
10/08,4979,元大-信義,003900380039006d,19,1,18,0.5,7,buy
10/08,4979,新加坡商瑞銀,1650,21,73,-52,1.44,7,sell
10/08,4979,玉山-高雄,8843,23,6,17,0.47,8,buy
10/08,4979,台灣摩根士丹利,1470,117,166,-49,1.36,8,sell
10/08,4979,富邦-高雄,9659,18,2,16,0.44,9,buy
10/08,4979,港商野村,1560,0,46,-46,1.28,9,sell
10/08,4979,富邦-竹科,0039003600320043,14,0,14,0.39,10,buy
10/08,4979,國泰證券,8880,2,42,-40,1.11,10,sell
10/08,4979,玉山-嘉義,8848,15,2,13,0.36,11,buy
10/08,4979,永豐金證券,0039004100300030,27,56,-29,0.8,11,sell
10/08,4979,國泰-台中,8882,24,11,13,0.36,12,buy
10/08,4979,摩根大通,8440,23,52,-29,0.8,12,sell
10/08,4979,台新-三民,0039004200310033,13,1,12,0.33,13,buy
10/08,4979,凱基-和平,9255,0,29,-29,0.8,13,sell
10/08,4979,華南永昌-板橋,9349,15,3,12,0.33,14,buy
10/08,4979,台新-建北,0039004200310038,6,27,-21,0.58,14,sell
10/08,4979,新光,8560,43,33,10,0.28,15,buy
10/08,4979,凱基,9200,3,24,-21,0.58,15,sell
10/08,2885,新加坡商瑞銀,1650,5545,782,4763,23.59,1,buy
10/08,2885,花旗環球,1590,259,3824,-3565,17.66,1,sell
10/08,2885,凱基,9200,2092,37,2055,10.18,2,buy
10/08,2885,美商高盛,1480,899,3287,-2388,11.83,2,sell
10/08,2885,元大-崇德,0039003800310053,414,1,413,2.05,3,buy
10/08,2885,美林,1440,126,1859,-1733,8.58,3,sell
10/08,2885,元大證券,9800,1038,660,378,1.87,4,buy
10/08,2885,富邦證券,9600,720,2069,-1349,6.68,4,sell
10/08,2885,香港上海匯豐,8960,332,11,321,1.59,5,buy
10/08,2885,第一金,5380,6,1203,-1197,5.93,5,sell
10/08,2885,宏遠證券,1260,238,0,238,1.18,6,buy
10/08,2885,台灣摩根士丹利,1470,376,1444,-1068,5.29,6,sell
10/08,2885,統一,5850,287,72,215,1.06,7,buy
10/08,2885,摩根大通,8440,308,1227,-919,4.55,7,sell
10/08,2885,福邦證券,6480,200,0,200,0.99,8,buy
10/08,2885,永豐金-板新,003900410039004a,18,493,-475,2.35,8,sell
10/08,2885,華南永昌,9300,169,10,159,0.79,9,buy
10/08,2885,法銀巴黎,8900,0,445,-445,2.2,9,sell
10/08,2885,彰銀,1230,109,0,109,0.54,10,buy
10/08,2885,凱基-台北,9268,280,459,-179,0.89,10,sell
10/08,2885,永豐金-鳳山,0039004100360031,101,0,101,0.5,11,buy
10/08,2885,港商野村,1560,49,161,-112,0.55,11,sell
10/08,2885,國票-北投,7792,101,0,101,0.5,12,buy
10/08,2885,(牛牛牛)亞證券,6010,0,79,-79,0.39,12,sell
10/08,2885,永豐金證券,0039004100300030,286,185,101,0.5,13,buy
10/08,2885,凱基-信義,9216,2,58,-56,0.28,13,sell
10/08,2885,元大-苗栗,003900380031004d,94,1,93,0.46,14,buy
10/08,2885,福勝,6950,4,50,-46,0.23,14,sell
10/08,2885,美好,5260,79,0,79,0.39,15,buy
10/08,2885,國票證券,7790,12,54,-42,0.21,15,sell
10/08,2408,台灣摩根士丹利,1470,6406,1147,5259,8.15,1,buy
10/08,2408,國泰-敦南,8888,1145,2131,-986,1.53,1,sell
10/08,2408,美商高盛,1480,5408,1247,4161,6.45,2,buy
10/08,2408,永豐金證券,0039004100300030,231,763,-532,0.82,2,sell
10/08,2408,新加坡商瑞銀,1650,4446,735,3711,5.75,3,buy
10/08,2408,新光,8560,369,808,-439,0.68,3,sell
10/08,2408,元大證券,9800,7830,4458,3372,5.23,4,buy
10/08,2408,玉山-城中,0038003800340045,42,361,-319,0.49,4,sell
10/08,2408,花旗環球,1590,2047,320,1727,2.68,5,buy
10/08,2408,陽信-石牌,8711,20,329,-309,0.48,5,sell
10/08,2408,統一-新台中,0035003800350044,1601,33,1568,2.43,6,buy
10/08,2408,群益金鼎,9100,427,703,-276,0.43,6,sell
10/08,2408,摩根大通,8440,1948,499,1449,2.25,7,buy
10/08,2408,富邦-桃園,9665,50,318,-268,0.42,7,sell
10/08,2408,富邦-新店,9661,1559,130,1429,2.22,8,buy
10/08,2408,台新-建北,0039004200310038,49,317,-268,0.42,8,sell
10/08,2408,凱基-站前,0039003200300046,1523,108,1415,2.19,9,buy
10/08,2408,國泰-館前,0038003800380041,199,415,-216,0.33,9,sell
10/08,2408,第一金-自由,0035003300380045,1697,684,1013,1.57,10,buy
10/08,2408,國泰-桃園,8885,148,357,-209,0.32,10,sell
10/08,2408,凱基-台北,9268,2604,1675,929,1.44,11,buy
10/08,2408,富邦-仁愛,9676,37,231,-194,0.3,11,sell
10/08,2408,美林,1440,1200,572,628,0.97,12,buy
10/08,2408,富邦-台北,9623,164,355,-191,0.3,12,sell
10/08,2408,統一,5850,520,124,396,0.61,13,buy
10/08,2408,國泰-台中,8882,209,391,-182,0.28,13,sell
10/08,2408,香港上海匯豐,8960,427,31,396,0.61,14,buy
10/08,2408,凱基,9200,36,216,-180,0.28,14,sell
10/08,2408,兆豐-復興,0037003000300070,212,12,200,0.31,15,buy
10/08,2408,台新,0039004200300030,258,436,-178,0.28,15,sell
10/08,6669,摩根大通,8440,153,5,148,6.79,1,buy
10/08,6669,台灣摩根士丹利,1470,58,207,-149,6.84,1,sell
10/08,6669,新加坡商瑞銀,1650,177,62,115,5.28,2,buy
10/08,6669,美林,1440,68,204,-136,6.24,2,sell
10/08,6669,富邦證券,9600,44,2,42,1.93,3,buy
10/08,6669,凱基-站前,0039003200300046,12,62,-50,2.29,3,sell
10/08,6669,群益金鼎,9100,62,22,40,1.84,4,buy
10/08,6669,群益金鼎-台北,0039003100380058,0,50,-50,2.29,4,sell
10/08,6669,美商高盛,1480,103,64,39,1.79,5,buy
10/08,6669,香港上海匯豐,8960,0,45,-45,2.07,5,sell
10/08,6669,台中銀-豐原,0036003100310041,34,4,30,1.38,6,buy
10/08,6669,花旗環球,1590,22,60,-38,1.74,6,sell
10/08,6669,凱基-台北,9268,253,223,30,1.38,7,buy
10/08,6669,兆豐證券,7000,4,30,-26,1.19,7,sell
10/08,6669,國票-敦北法人,0037003700390063,25,2,23,1.06,8,buy
10/08,6669,統一,5850,14,37,-23,1.06,8,sell
10/08,6669,統一-南京,0035003800350055,22,1,21,0.96,9,buy
10/08,6669,台新-城中,0039004200320045,4,24,-20,0.92,9,sell
10/08,6669,永豐金-北高雄,0039004100390072,13,0,13,0.6,10,buy
10/08,6669,港商野村,1560,4,24,-20,0.92,10,sell
10/08,6669,港商麥格理,1360,15,2,13,0.6,11,buy
10/08,6669,統一-桃園,0035003800350048,1,13,-12,0.55,11,sell
10/08,6669,元大-博愛,0039003800320042,14,1,13,0.6,12,buy
10/08,6669,華南永昌-長虹,9333,2,12,-10,0.46,12,sell
10/08,6669,富邦-永和,9654,19,9,10,0.46,13,buy
10/08,6669,兆豐-南京,0037003000300050,0,10,-10,0.46,13,sell
10/08,6669,凱基,9200,22,13,9,0.41,14,buy
10/08,6669,富邦-新板,0039003600310048,1,11,-10,0.46,14,sell
10/08,6669,永豐金-屏東,0039004100360039,10,2,8,0.37,15,buy
10/08,6669,國泰-敦南,8888,18,27,-9,0.41,15,sell
10/08,6005,港商野村,1560,193,0,193,3.31,1,buy
10/08,6005,台灣摩根士丹利,1470,5,1470,-1465,25.1,1,sell
10/08,6005,元大證券,9800,242,61,181,3.1,2,buy
10/08,6005,新加坡商瑞銀,1650,55,407,-352,6.03,2,sell
10/08,6005,統一-中壢,5853,152,0,152,2.6,3,buy
10/08,6005,美商高盛,1480,148,464,-316,5.41,3,sell
10/08,6005,元大-板橋,0039003800390043,110,0,110,1.88,4,buy
10/08,6005,凱基-台北,9268,229,431,-202,3.46,4,sell
10/08,6005,台新-台中,0039004200310068,106,2,104,1.78,5,buy
10/08,6005,摩根大通,8440,169,347,-178,3.05,5,sell
10/08,6005,群益金鼎-基隆,0039003100330045,100,0,100,1.71,6,buy
10/08,6005,元大-新竹經國,9859,7,123,-116,1.99,6,sell
10/08,6005,永豐金-古亭,0039004100390064,101,20,81,1.39,7,buy
10/08,6005,花旗環球,1590,2,114,-112,1.92,7,sell
10/08,6005,第一金-新興,0035003300380041,80,0,80,1.37,8,buy
10/08,6005,富邦-新莊,0039003600320044,1,100,-99,1.7,8,sell
10/08,6005,玉山-高雄,8843,79,1,78,1.34,9,buy
10/08,6005,新光,8560,50,136,-86,1.47,9,sell
10/08,6005,華南永昌-潮州,9328,77,0,77,1.32,10,buy
10/08,6005,元大-新莊,9898,5,88,-83,1.42,10,sell
10/08,6005,群益金鼎-南京,0039003100380045,70,0,70,1.2,11,buy
10/08,6005,元大-淡水,9899,3,75,-72,1.23,11,sell
10/08,6005,合庫-高雄,1023,73,4,69,1.18,12,buy
10/08,6005,元大-南屯,9853,5,65,-60,1.03,12,sell
10/08,6005,台新-松德,0039004200320061,62,0,62,1.06,13,buy
10/08,6005,富邦-宜蘭,9686,2,58,-56,0.96,13,sell
10/08,6005,群益金鼎-開元,9134,60,0,60,1.03,14,buy
10/08,6005,法銀巴黎,8900,0,52,-52,0.89,14,sell
10/08,6005,群益金鼎-天母,0039003100380050,51,0,51,0.87,15,buy
10/08,6005,新光-桃園,8565,0,49,-49,0.84,15,sell
10/08,2880,國泰證券,8880,982,0,982,11.02,1,buy
10/08,2880,台灣摩根士丹利,1470,396,1752,-1356,15.21,1,sell
10/08,2880,元大證券,9800,1059,355,704,7.9,2,buy
10/08,2880,法銀巴黎,8900,0,528,-528,5.92,2,sell
10/08,2880,新加坡商瑞銀,1650,832,400,432,4.85,3,buy
10/08,2880,摩根大通,8440,876,1266,-390,4.38,3,sell
10/08,2880,永豐金證券,0039004100300030,427,31,396,4.44,4,buy
10/08,2880,美商高盛,1480,698,1033,-335,3.76,4,sell
10/08,2880,富邦證券,9600,337,0,337,3.78,5,buy
10/08,2880,美林,1440,54,383,-329,3.69,5,sell
10/08,2880,群益金鼎-桃園,9189,208,0,208,2.33,6,buy
10/08,2880,香港上海匯豐,8960,78,394,-316,3.55,6,sell
10/08,2880,康和,8450,100,0,100,1.12,7,buy
10/08,2880,永豐金-匯立,0039004100380031,7,273,-266,2.98,7,sell
10/08,2880,國票-敦北法人,0037003700390063,62,0,62,0.7,8,buy
10/08,2880,花旗環球,1590,348,599,-251,2.82,8,sell
10/08,2880,新光,8560,59,8,51,0.57,9,buy
10/08,2880,土銀-玉里,1036,0,110,-110,1.23,9,sell
10/08,2880,國泰-敦南,8888,74,42,32,0.36,10,buy
10/08,2880,凱基-台北,9268,191,297,-106,1.19,10,sell
10/08,2880,國泰-板橋,003800380038004b,32,0,32,0.36,11,buy
10/08,2880,港商麥格理,1360,0,103,-103,1.16,11,sell
10/08,2880,國泰-台中,8882,32,2,30,0.34,12,buy
10/08,2880,元大-北投,0039003800390041,7,82,-75,0.84,12,sell
10/08,2880,群益金鼎,9100,27,4,23,0.26,13,buy
10/08,2880,華南永昌-南京,9326,3,41,-38,0.43,13,sell
10/08,2880,元大-士林,003900380031006a,22,0,22,0.25,14,buy
10/08,2880,元大-佳里,0039003800310065,1,37,-36,0.4,14,sell
10/08,2880,元大-四維,9831,21,0,21,0.24,15,buy
10/08,2880,國票證券,7790,3,36,-33,0.37,15,sell
10/08,2449,富邦證券,9600,2716,505,2211,4.24,1,buy
10/08,2449,統一,5850,484,5258,-4774,9.15,1,sell
10/08,2449,台灣摩根士丹利,1470,4550,2683,1867,3.58,2,buy
10/08,2449,美林,1440,371,1942,-1571,3.01,2,sell
10/08,2449,國泰證券,8880,1263,10,1253,2.4,3,buy
10/08,2449,凱基-站前,0039003200300046,118,1410,-1292,2.48,3,sell
10/08,2449,美商高盛,1480,2438,1392,1046,2.01,4,buy
10/08,2449,元大證券,9800,3775,4728,-953,1.83,4,sell
10/08,2449,港商麥格理,1360,1000,17,983,1.88,5,buy
10/08,2449,(牛牛牛)亞證券,6010,0,580,-580,1.11,5,sell
10/08,2449,國票-安和,003700370039005a,850,45,805,1.54,6,buy
10/08,2449,摩根大通,8440,230,641,-411,0.79,6,sell
10/08,2449,群益金鼎-台北,0039003100380058,616,7,609,1.17,7,buy
10/08,2449,群益金鼎-敦南,9101,21,383,-362,0.69,7,sell
10/08,2449,凱基-信義,9216,279,1,278,0.53,8,buy
10/08,2449,凱基-台北,9268,3749,4087,-338,0.65,8,sell
10/08,2449,群益金鼎-大安,0039003100380065,287,88,199,0.38,9,buy
10/08,2449,永豐金證券,0039004100300030,730,1059,-329,0.63,9,sell
10/08,2449,國泰-敦南,8888,1094,917,177,0.34,10,buy
10/08,2449,第一金-中山,5389,12,315,-303,0.58,10,sell
10/08,2449,台新-台北,0039004200320030,176,14,162,0.31,11,buy
10/08,2449,花旗環球,1590,190,475,-285,0.55,11,sell
10/08,2449,富邦-新板,0039003600310048,179,26,153,0.29,12,buy
10/08,2449,凱基,9200,368,627,-259,0.5,12,sell
10/08,2449,元大-大直,9846,138,11,127,0.24,13,buy
10/08,2449,法銀巴黎,8900,9,255,-246,0.47,13,sell
10/08,2449,台新,0039004200300030,401,284,117,0.22,14,buy
10/08,2449,新加坡商瑞銀,1650,799,1017,-218,0.42,14,sell
10/08,2449,永豐金-萬盛,0039004100390032,138,31,107,0.21,15,buy
10/08,2449,群益金鼎,9100,318,512,-194,0.37,15,sell
10/08,3706,台灣摩根士丹利,1470,1076,70,1006,22.74,1,buy
10/08,3706,美商高盛,1480,137,447,-310,7.01,1,sell
10/08,3706,元大證券,9800,418,35,383,8.66,2,buy
10/08,3706,元大-雙和,9874,5,103,-98,2.22,2,sell
10/08,3706,花旗環球,1590,196,2,194,4.39,3,buy
10/08,3706,臺銀-高雄,0031003000340043,7,105,-98,2.22,3,sell
10/08,3706,凱基-台北,9268,366,238,128,2.89,4,buy
10/08,3706,華南永昌-岡山,9324,7,70,-63,1.42,4,sell
10/08,3706,摩根大通,8440,252,172,80,1.81,5,buy
10/08,3706,國泰-敦南,8888,43,96,-53,1.2,5,sell
10/08,3706,新加坡商瑞銀,1650,57,10,47,1.06,6,buy
10/08,3706,港商野村,1560,0,52,-52,1.18,6,sell
10/08,3706,臺銀,1040,35,7,28,0.63,7,buy
10/08,3706,國泰-館前,0038003800380041,7,59,-52,1.18,7,sell
10/08,3706,美林,1440,28,1,27,0.61,8,buy
10/08,3706,富邦-陽明,9604,17,63,-46,1.04,8,sell
10/08,3706,富邦-敦南,9663,26,1,25,0.57,9,buy
10/08,3706,凱基-科園,9254,0,35,-35,0.79,9,sell
10/08,3706,大昌-新竹,6463,26,6,20,0.45,10,buy
10/08,3706,永豐金-新竹,0039004100390037,4,36,-32,0.72,10,sell
10/08,3706,第一金-員林,5381,20,0,20,0.45,11,buy
10/08,3706,中國信託,6160,4,31,-27,0.61,11,sell
10/08,3706,凱基-士林,9238,26,7,19,0.43,12,buy
10/08,3706,凱基-台南,9211,13,40,-27,0.61,12,sell
10/08,3706,台新-基隆,0039004200320053,19,1,18,0.41,13,buy
10/08,3706,富邦-新竹,9647,9,36,-27,0.61,13,sell
10/08,3706,永豐金-中正,0039004100390055,24,7,17,0.38,14,buy
10/08,3706,富邦-嘉義,9692,3,28,-25,0.57,14,sell
10/08,3706,玉山-左營,0038003800340044,20,4,16,0.36,15,buy
10/08,3706,彰銀-七賢,1232,1,24,-23,0.52,15,sell
10/08,2472,第一金-中山,5389,98,45,53,0.79,1,buy
10/08,2472,台灣摩根士丹利,1470,43,726,-683,10.15,1,sell
10/08,2472,台新,0039004200300030,97,44,53,0.79,2,buy
10/08,2472,美商高盛,1480,177,773,-596,8.86,2,sell
10/08,2472,統一-新台中,0035003800350044,55,5,50,0.74,3,buy
10/08,2472,摩根大通,8440,32,280,-248,3.69,3,sell
10/08,2472,元大-文心興安,9854,43,5,38,0.56,4,buy
10/08,2472,凱基-台北,9268,310,478,-168,2.5,4,sell
10/08,2472,富邦-三峽,003900360032004a,37,0,37,0.55,5,buy
10/08,2472,新加坡商瑞銀,1650,181,346,-165,2.45,5,sell
10/08,2472,元大-和平,9863,41,4,37,0.55,6,buy
10/08,2472,花旗環球,1590,0,81,-81,1.2,6,sell
10/08,2472,國泰-敦南,8888,179,149,30,0.45,7,buy
10/08,2472,元大-蘆洲,9857,24,93,-69,1.03,7,sell
10/08,2472,元大-鹿港,0039003800390053,33,3,30,0.45,8,buy
10/08,2472,凱基-大直,9218,3,53,-50,0.74,8,sell
10/08,2472,統一-台中,5856,29,0,29,0.43,9,buy
10/08,2472,玉山-新莊,8842,6,42,-36,0.54,9,sell
10/08,2472,富邦-新店,9661,31,6,25,0.37,10,buy
10/08,2472,美林,1440,19,49,-30,0.45,10,sell
10/08,2472,統一-城中,5854,29,5,24,0.36,11,buy
10/08,2472,元大證券,9800,374,401,-27,0.4,11,sell
10/08,2472,富邦-新營,9693,23,0,23,0.34,12,buy
10/08,2472,元大-南屯,9853,3,23,-20,0.3,12,sell
10/08,2472,聯邦-高雄,8581,23,1,22,0.33,13,buy
10/08,2472,元大-復北,9872,3,22,-19,0.28,13,sell
10/08,2472,永豐金-台南,0039004100390068,25,3,22,0.33,14,buy
10/08,2472,港商野村,1560,2,20,-18,0.27,14,sell
10/08,2472,元大-大甲,0039003800390055,25,4,21,0.31,15,buy
10/08,2472,國泰證券,8880,6,20,-14,0.21,15,sell
10/08,2455,台灣摩根士丹利,1470,723,132,591,9.49,1,buy
10/08,2455,摩根大通,8440,186,709,-523,8.4,1,sell
10/08,2455,美商高盛,1480,614,213,401,6.44,2,buy
10/08,2455,台新-台北,0039004200320030,0,120,-120,1.93,2,sell
10/08,2455,港商野村,1560,244,0,244,3.92,3,buy
10/08,2455,凱基-信義,9216,1,100,-99,1.59,3,sell
10/08,2455,花旗環球,1590,138,3,135,2.17,4,buy
10/08,2455,凱基-台北,9268,291,377,-86,1.38,4,sell
10/08,2455,美林,1440,133,2,131,2.1,5,buy
10/08,2455,群益金鼎,9100,93,173,-80,1.29,5,sell
10/08,2455,新加坡商瑞銀,1650,237,131,106,1.7,6,buy
10/08,2455,台中銀-豐原,0036003100310041,6,67,-61,0.98,6,sell
10/08,2455,兆豐-北高雄,0037003000300049,53,2,51,0.82,7,buy
10/08,2455,華南永昌,9300,31,75,-44,0.71,7,sell
10/08,2455,元大-小港,003900380039005a,32,3,29,0.47,8,buy
10/08,2455,玉山-高雄,8843,17,60,-43,0.69,8,sell
10/08,2455,永全-南崁,6451,20,0,20,0.32,9,buy
10/08,2455,富邦-台北,9623,14,47,-33,0.53,9,sell
10/08,2455,統一-士林,003500380035004d,24,7,17,0.27,10,buy
10/08,2455,玉山-桃園,0038003800340046,5,35,-30,0.48,10,sell
10/08,2455,華南永昌-小港,9323,21,5,16,0.26,11,buy
10/08,2455,永豐金-市政,0039004100390057,4,31,-27,0.43,11,sell
10/08,2455,中國信託,6160,66,51,15,0.24,12,buy
10/08,2455,國泰-敦南,8888,159,182,-23,0.37,12,sell
10/08,2455,台新-松德,0039004200320061,15,2,13,0.21,13,buy
10/08,2455,中國信託-三重,6161,2,23,-21,0.34,13,sell
10/08,2455,富邦-敦南,9663,19,7,12,0.19,14,buy
10/08,2455,國泰-館前,0038003800380041,6,25,-19,0.31,14,sell
10/08,2455,富邦-青埔,003900360031004e,18,8,10,0.16,15,buy
10/08,2455,元大-中崙,9813,2,18,-16,0.26,15,sell
10/08,8039,永豐金-忠孝,0039004100390044,516,44,472,0.78,1,buy
10/08,8039,元大證券,9800,5244,5578,-334,0.55,1,sell
10/08,8039,台新-城東,0039004200320072,445,78,367,0.61,2,buy
10/08,8039,永豐金-萬盛,0039004100390032,71,358,-287,0.48,2,sell
10/08,8039,美林,1440,472,136,336,0.56,3,buy
10/08,8039,群益金鼎-東大,9135,355,559,-204,0.34,3,sell
10/08,8039,群益金鼎-松山,9103,313,14,299,0.5,4,buy
10/08,8039,新加坡商瑞銀,1650,568,759,-191,0.32,4,sell
10/08,8039,凱基-斗六,9281,286,2,284,0.47,5,buy
10/08,8039,美商高盛,1480,1089,1246,-157,0.26,5,sell
10/08,8039,華南永昌,9300,546,274,272,0.45,6,buy
10/08,8039,永豐金-信義,0039004100390052,44,186,-142,0.24,6,sell
10/08,8039,台新-松德,0039004200320061,286,57,229,0.38,7,buy
10/08,8039,摩根大通,8440,482,618,-136,0.23,7,sell
10/08,8039,統一,5850,543,347,196,0.33,8,buy
10/08,8039,台灣摩根士丹利,1470,1000,1130,-130,0.22,8,sell
10/08,8039,大昌-新店,6464,222,45,177,0.29,9,buy
10/08,8039,群益金鼎,9100,881,998,-117,0.19,9,sell
10/08,8039,凱基,9200,281,131,150,0.25,10,buy
10/08,8039,宏遠證券,1260,38,137,-99,0.16,10,sell
10/08,8039,元大-員林中山,9835,231,85,146,0.24,11,buy
10/08,8039,凱基-永和,9207,383,476,-93,0.15,11,sell
10/08,8039,元大-台北,0039003800300068,172,34,138,0.23,12,buy
10/08,8039,台新-新興,003900420032006f,26,118,-92,0.15,12,sell
10/08,8039,元大-彰化,0039003800310047,179,45,134,0.22,13,buy
10/08,8039,凱基-台北,9268,3781,3872,-91,0.15,13,sell
10/08,8039,元大-和平,9863,180,47,133,0.22,14,buy
10/08,8039,富邦證券,9600,181,260,-79,0.13,14,sell
10/08,8039,台新-台中,0039004200310068,360,227,133,0.22,15,buy
10/08,8039,永豐金-屏東,0039004100360039,65,142,-77,0.13,15,sell
10/08,2301,富邦-桃園,9665,610,9,601,4.42,1,buy
10/08,2301,台灣摩根士丹利,1470,498,1565,-1067,7.84,1,sell
10/08,2301,富邦證券,9600,1157,611,546,4.01,2,buy
10/08,2301,摩根大通,8440,179,562,-383,2.82,2,sell
10/08,2301,元大-敦化,9833,158,3,155,1.14,3,buy
10/08,2301,永豐金證券,0039004100300030,122,471,-349,2.57,3,sell
10/08,2301,凱基-台北,9268,562,487,75,0.55,4,buy
10/08,2301,兆豐證券,7000,5,302,-297,2.18,4,sell
10/08,2301,台新-西松,003900420032006e,76,1,75,0.55,5,buy
10/08,2301,永豐金-匯立,0039004100380031,2,207,-205,1.51,5,sell
10/08,2301,國泰-板橋,003800380038004b,83,23,60,0.44,6,buy
10/08,2301,花旗環球,1590,15,163,-148,1.09,6,sell
10/08,2301,元大-雙和,9874,67,10,57,0.42,7,buy
10/08,2301,美林,1440,472,602,-130,0.96,7,sell
10/08,2301,德信-中正,6912,53,3,50,0.37,8,buy
10/08,2301,元大證券,9800,857,973,-116,0.85,8,sell
10/08,2301,富邦-仁愛,9676,91,42,49,0.36,9,buy
10/08,2301,華南永昌,9300,41,122,-81,0.6,9,sell
10/08,2301,台新-高雄,0039004200310067,76,30,46,0.34,10,buy
10/08,2301,國票-台南,0037003700390044,2,52,-50,0.37,10,sell
10/08,2301,玉山-城中,0038003800340045,52,8,44,0.32,11,buy
10/08,2301,凱基-中港,9202,11,51,-40,0.29,11,sell
10/08,2301,群益金鼎-台南,9185,51,9,42,0.31,12,buy
10/08,2301,永豐金-敦南,0039004100380046,45,84,-39,0.29,12,sell
10/08,2301,凱基-站前,0039003200300046,99,58,41,0.3,13,buy
10/08,2301,土銀-新竹,1035,2,40,-38,0.28,13,sell
10/08,2301,合庫-鳳山,1029,46,5,41,0.3,14,buy
10/08,2301,玉山-信義,0038003800340043,10,48,-38,0.28,14,sell
10/08,2301,新加坡商瑞銀,1650,689,649,40,0.29,15,buy
10/08,2301,兆豐-忠孝,0037003000300061,25,57,-32,0.24,15,sell
10/08,2383,新加坡商瑞銀,1650,224,66,158,8.51,1,buy
10/08,2383,美商高盛,1480,142,214,-72,3.88,1,sell
10/08,2383,台灣摩根士丹利,1470,188,104,84,4.53,2,buy
10/08,2383,美林,1440,28,94,-66,3.56,2,sell
10/08,2383,凱基,9200,45,10,35,1.89,3,buy
10/08,2383,群益金鼎,9100,31,87,-56,3.02,3,sell
10/08,2383,群益金鼎-忠孝,0039003100380057,21,0,21,1.13,4,buy
10/08,2383,摩根大通,8440,52,94,-42,2.26,4,sell
10/08,2383,群益金鼎-內湖,0039003100380064,11,0,11,0.59,5,buy
10/08,2383,兆豐證券,7000,1,27,-26,1.4,5,sell
10/08,2383,國票證券,7790,13,2,11,0.59,6,buy
10/08,2383,花旗環球,1590,24,47,-23,1.24,6,sell
10/08,2383,富邦-台北,9623,10,0,10,0.54,7,buy
10/08,2383,富邦證券,9600,29,49,-20,1.08,7,sell
10/08,2383,統一,5850,31,22,9,0.48,8,buy
10/08,2383,永豐金-匯立,0039004100380031,4,24,-20,1.08,8,sell
10/08,2383,國泰-新莊,8886,12,3,9,0.48,9,buy
10/08,2383,富邦-陽明,9604,3,20,-17,0.92,9,sell
10/08,2383,凱基-站前,0039003200300046,12,4,8,0.43,10,buy
10/08,2383,永豐金證券,0039004100300030,15,31,-16,0.86,10,sell
10/08,2383,港商野村,1560,33,26,7,0.38,11,buy
10/08,2383,中國信託,6160,3,15,-12,0.65,11,sell
10/08,2383,統一-板橋,0035003800350050,5,0,5,0.27,12,buy
10/08,2383,華南永昌,9300,13,23,-10,0.54,12,sell
10/08,2383,凱基-桃園,9208,8,3,5,0.27,13,buy
10/08,2383,國泰證券,8880,11,21,-10,0.54,13,sell
10/08,2383,國票-敦北法人,0037003700390063,5,0,5,0.27,14,buy
10/08,2383,元大-鳳山,003900380033005a,1,9,-8,0.43,14,sell
10/08,2383,永豐金-敦南,0039004100380046,11,6,5,0.27,15,buy
10/08,2383,凱基-台北,9268,46,54,-8,0.43,15,sell
