date,stock_code,broker_name,broker_id,buy_vol,sell_vol,net_vol,pct,rank,side
8/31,2330,新加坡商瑞銀,1650,5074,2461,2613,9.01,1,buy
8/31,2330,美商高盛,1480,375,3316,-2941,10.14,1,sell
8/31,2330,台灣摩根士丹利,1470,2820,1574,1246,4.3,2,buy
8/31,2330,摩根大通,8440,2052,4379,-2327,8.02,2,sell
8/31,2330,香港上海匯豐,8960,815,209,606,2.09,3,buy
8/31,2330,港商麥格理,1360,1172,3094,-1922,6.63,3,sell
8/31,2330,美林,1440,2336,1782,554,1.91,4,buy
8/31,2330,永豐金-匯立,0039004100380031,327,1937,-1610,5.55,4,sell
8/31,2330,花旗環球,1590,1222,807,415,1.43,5,buy
8/31,2330,永豐金證券,0039004100300030,126,715,-589,2.03,5,sell
8/31,2330,元大證券,9800,1297,937,360,1.24,6,buy
8/31,2330,法銀巴黎,8900,27,561,-534,1.84,6,sell
8/31,2330,富邦證券,9600,1224,977,247,0.85,7,buy
8/31,2330,凱基-三多,9275,4,385,-381,1.31,7,sell
8/31,2330,凱基-雙和,0039003200300043,190,2,188,0.65,8,buy
8/31,2330,統一,5850,43,386,-343,1.18,8,sell
8/31,2330,國泰-敦南,8888,223,87,136,0.47,9,buy
8/31,2330,凱基-台北,9268,460,643,-183,0.63,9,sell
8/31,2330,宏遠證券,1260,123,20,103,0.36,10,buy
8/31,2330,群益金鼎,9100,54,203,-149,0.51,10,sell
8/31,2330,永豐金-松山,0039004100390031,96,7,89,0.31,11,buy
8/31,2330,凱基,9200,23,138,-115,0.4,11,sell
8/31,2330,臺銀,1040,96,20,76,0.26,12,buy
8/31,2330,兆豐證券,7000,9,82,-73,0.25,12,sell
8/31,2330,土銀,1030,64,1,63,0.22,13,buy
8/31,2330,中國信託,6160,89,155,-66,0.23,13,sell
8/31,2330,第一金-中山,5389,65,2,63,0.22,14,buy
8/31,2330,凱基-站前,0039003200300046,28,88,-60,0.21,14,sell
8/31,2330,國票-南港,7795,63,2,61,0.21,15,buy
8/31,2330,港商野村,1560,223,261,-38,0.13,15,sell
8/31,2317,台灣摩根士丹利,1470,2694,950,1744,4.95,1,buy
8/31,2317,摩根大通,8440,889,7070,-6181,17.55,1,sell
8/31,2317,新加坡商瑞銀,1650,7450,5738,1712,4.86,2,buy
8/31,2317,元大證券,9800,1760,3465,-1705,4.84,2,sell
8/31,2317,花旗環球,1590,1768,606,1162,3.3,3,buy
8/31,2317,美商高盛,1480,1975,2761,-786,2.23,3,sell
8/31,2317,國票-南京,003700370039006e,504,1,503,1.43,4,buy
8/31,2317,永豐金證券,0039004100300030,145,482,-337,0.96,4,sell
8/31,2317,美林,1440,1578,1079,499,1.42,5,buy
8/31,2317,凱基-台北,9268,741,1045,-304,0.86,5,sell
8/31,2317,富邦證券,9600,742,384,358,1.02,6,buy
8/31,2317,新百王,6210,20,321,-301,0.85,6,sell
8/31,2317,法銀巴黎,8900,606,285,321,0.91,7,buy
8/31,2317,永豐金-匯立,0039004100380031,81,376,-295,0.84,7,sell
8/31,2317,元大-南屯,9853,315,9,306,0.87,8,buy
8/31,2317,凱基-屏東,0039003200320043,0,163,-163,0.46,8,sell
8/31,2317,港商麥格理,1360,750,448,302,0.86,9,buy
8/31,2317,玉山-左營,0038003800340044,47,190,-143,0.41,9,sell
8/31,2317,兆豐-南門,0037003000300067,191,6,185,0.53,10,buy
8/31,2317,凱基-中山,9229,16,156,-140,0.4,10,sell
8/31,2317,台新,0039004200300030,381,282,99,0.28,11,buy
8/31,2317,台新-中港,0039004200320069,2,116,-114,0.32,11,sell
8/31,2317,國泰-台中,8882,216,130,86,0.24,12,buy
8/31,2317,統一,5850,52,161,-109,0.31,12,sell
8/31,2317,富邦-台北,9623,112,45,67,0.19,13,buy
8/31,2317,香港上海匯豐,8960,360,453,-93,0.26,13,sell
8/31,2317,玉山-新莊,8842,91,25,66,0.19,14,buy
8/31,2317,富邦-內湖,9627,25,116,-91,0.26,14,sell
8/31,2317,富邦-仁愛,9676,86,24,62,0.18,15,buy
8/31,2317,大和國泰,8890,171,250,-79,0.22,15,sell
8/31,2454,港商麥格理,1360,1230,193,1037,14.45,1,buy
8/31,2454,新加坡商瑞銀,1650,765,1462,-697,9.71,1,sell
8/31,2454,花旗環球,1590,224,41,183,2.55,2,buy
8/31,2454,摩根大通,8440,265,702,-437,6.09,2,sell
8/31,2454,元大證券,9800,482,343,139,1.94,3,buy
8/31,2454,富邦證券,9600,79,364,-285,3.97,3,sell
8/31,2454,富邦-台北,9623,86,7,79,1.1,4,buy
8/31,2454,香港上海匯豐,8960,32,257,-225,3.13,4,sell
8/31,2454,永豐金-內湖,0039004100390067,44,1,43,0.6,5,buy
8/31,2454,美商高盛,1480,272,490,-218,3.04,5,sell
8/31,2454,中國信託,6160,28,3,25,0.35,6,buy
8/31,2454,台灣摩根士丹利,1470,548,741,-193,2.69,6,sell
8/31,2454,兆豐證券,7000,26,4,22,0.31,7,buy
8/31,2454,統一,5850,34,111,-77,1.07,7,sell
8/31,2454,國泰-敦南,8888,67,46,21,0.29,8,buy
8/31,2454,凱基-台北,9268,172,249,-77,1.07,8,sell
8/31,2454,永豐金-復興,003900410039005a,21,1,20,0.28,9,buy
8/31,2454,凱基,9200,23,64,-41,0.57,9,sell
8/31,2454,群益金鼎-敦南,9101,19,1,18,0.25,10,buy
8/31,2454,凱基-信義,9216,2,34,-32,0.45,10,sell
8/31,2454,富邦-新竹,9647,23,8,15,0.21,11,buy
8/31,2454,永豐金證券,0039004100300030,101,132,-31,0.43,11,sell
8/31,2454,第一金-澎湖,5387,16,1,15,0.21,12,buy
8/31,2454,永豐金-新竹,0039004100390037,3,23,-20,0.28,12,sell
8/31,2454,土銀,1030,15,2,13,0.18,13,buy
8/31,2454,群益金鼎,9100,29,45,-16,0.22,13,sell
8/31,2454,華南永昌-小港,9323,13,1,12,0.17,14,buy
8/31,2454,凱基-員林,9231,1,15,-14,0.2,14,sell
8/31,2454,兆豐-天母,003700300030004c,11,0,11,0.15,15,buy
8/31,2454,群益金鼎-市府,0039003100300044,1,14,-13,0.18,15,sell
8/31,2308,花旗環球,1590,1130,380,750,8.56,1,buy
8/31,2308,美商高盛,1480,403,1235,-832,9.5,1,sell
8/31,2308,港商麥格理,1360,480,25,455,5.19,2,buy
8/31,2308,摩根大通,8440,578,924,-346,3.95,2,sell
8/31,2308,港商野村,1560,283,30,253,2.89,3,buy
8/31,2308,元大證券,9800,327,633,-306,3.49,3,sell
8/31,2308,美林,1440,481,313,168,1.92,4,buy
8/31,2308,永豐金證券,0039004100300030,51,216,-165,1.88,4,sell
8/31,2308,永豐金-匯立,0039004100380031,256,116,140,1.6,5,buy
8/31,2308,凱基-台北,9268,279,416,-137,1.56,5,sell
8/31,2308,台灣摩根士丹利,1470,509,385,124,1.42,6,buy
8/31,2308,富邦證券,9600,110,209,-99,1.13,6,sell
8/31,2308,新加坡商瑞銀,1650,1146,1031,115,1.31,7,buy
8/31,2308,兆豐證券,7000,8,104,-96,1.1,7,sell
8/31,2308,群益金鼎,9100,90,33,57,0.65,8,buy
8/31,2308,大和國泰,8890,4,82,-78,0.89,8,sell
8/31,2308,凱基,9200,45,6,39,0.45,9,buy
8/31,2308,康和,8450,7,61,-54,0.62,9,sell
8/31,2308,香港上海匯豐,8960,62,35,27,0.31,10,buy
8/31,2308,法銀巴黎,8900,6,37,-31,0.35,10,sell
8/31,2308,元大-敦南,0039003800390050,26,1,25,0.29,11,buy
8/31,2308,永豐金-敦北,0039004100380039,3,30,-27,0.31,11,sell
8/31,2308,美好,5260,24,2,22,0.25,12,buy
8/31,2308,宏遠-民生,1261,1,26,-25,0.29,12,sell
8/31,2308,元大-台南,9896,22,2,20,0.23,13,buy
8/31,2308,國票-安和,003700370039005a,1,22,-21,0.24,13,sell
8/31,2308,元大-鳳山,003900380033005a,20,1,19,0.22,14,buy
8/31,2308,國泰證券,8880,37,56,-19,0.22,14,sell
8/31,2308,台新-台北,0039004200320030,20,5,15,0.17,15,buy
8/31,2308,富邦-仁愛,9676,7,26,-19,0.22,15,sell
8/31,2382,花旗環球,1590,2305,575,1730,10.64,1,buy
8/31,2382,美林,1440,1349,2768,-1419,8.73,1,sell
8/31,2382,台灣摩根士丹利,1470,1600,449,1151,7.08,2,buy
8/31,2382,摩根大通,8440,1311,1914,-603,3.71,2,sell
8/31,2382,康和,8450,881,10,871,5.36,3,buy
8/31,2382,富邦證券,9600,70,454,-384,2.36,3,sell
8/31,2382,新加坡商瑞銀,1650,1773,1228,545,3.35,4,buy
8/31,2382,臺銀,1040,0,322,-322,1.98,4,sell
8/31,2382,元大證券,9800,1605,1103,502,3.09,5,buy
8/31,2382,兆豐證券,7000,17,306,-289,1.78,5,sell
8/31,2382,凱基,9200,381,5,376,2.31,6,buy
8/31,2382,永豐金證券,0039004100300030,19,193,-174,1.07,6,sell
8/31,2382,永豐金-匯立,0039004100380031,324,0,324,1.99,7,buy
8/31,2382,凱基-士林,9238,34,155,-121,0.74,7,sell
8/31,2382,美商高盛,1480,1568,1263,305,1.88,8,buy
8/31,2382,新光,8560,14,115,-101,0.62,8,sell
8/31,2382,港商麥格理,1360,337,39,298,1.83,9,buy
8/31,2382,國泰-敦南,8888,51,139,-88,0.54,9,sell
8/31,2382,群益金鼎,9100,238,105,133,0.82,10,buy
8/31,2382,統一,5850,3,73,-70,0.43,10,sell
8/31,2382,港商野村,1560,85,9,76,0.47,11,buy
8/31,2382,中國信託-高雄,003600310036004b,1,61,-60,0.37,11,sell
8/31,2382,法銀巴黎,8900,79,18,61,0.38,12,buy
8/31,2382,富邦-台北,9623,14,73,-59,0.36,12,sell
8/31,2382,中國信託,6160,101,49,52,0.32,13,buy
8/31,2382,安泰,8380,0,51,-51,0.31,13,sell
8/31,2382,凱基-中壢,9285,50,8,42,0.26,14,buy
8/31,2382,中國信託-忠孝,6162,7,51,-44,0.27,14,sell
8/31,2382,香港上海匯豐,8960,48,8,40,0.25,15,buy
8/31,2382,永豐金-桃園,0039004100390078,5,48,-43,0.26,15,sell
8/31,2891,台灣摩根士丹利,1470,5231,2314,2917,7.37,1,buy
8/31,2891,富邦證券,9600,520,3602,-3082,7.79,1,sell
8/31,2891,兆豐證券,7000,2215,0,2215,5.6,2,buy
8/31,2891,花旗環球,1590,858,2579,-1721,4.35,2,sell
8/31,2891,摩根大通,8440,5173,3274,1899,4.8,3,buy
8/31,2891,凱基-台北,9268,1062,2263,-1201,3.03,3,sell
8/31,2891,新加坡商瑞銀,1650,9103,7785,1318,3.33,4,buy
8/31,2891,美商高盛,1480,2756,3571,-815,2.06,4,sell
8/31,2891,港商麥格理,1360,1223,176,1047,2.65,5,buy
8/31,2891,永豐金證券,0039004100300030,192,817,-625,1.58,5,sell
8/31,2891,第一金,5380,992,1,991,2.5,6,buy
8/31,2891,港商野村,1560,506,1112,-606,1.53,6,sell
8/31,2891,永豐金-匯立,0039004100380031,519,211,308,0.78,7,buy
8/31,2891,元大證券,9800,1516,2065,-549,1.39,7,sell
8/31,2891,凱基,9200,148,26,122,0.31,8,buy
8/31,2891,法銀巴黎,8900,437,917,-480,1.21,8,sell
8/31,2891,永豐金-萬盛,0039004100390032,91,5,86,0.22,9,buy
8/31,2891,永豐金-板新,003900410039004a,2,201,-199,0.5,9,sell
8/31,2891,永豐金-忠孝,0039004100390044,65,1,64,0.16,10,buy
8/31,2891,華南永昌-嘉義,9314,0,125,-125,0.32,10,sell
8/31,2891,群益金鼎,9100,282,233,49,0.12,11,buy
8/31,2891,國泰-台中,8882,2,120,-118,0.3,11,sell
8/31,2891,玉山-士林,0038003800340041,43,0,43,0.11,12,buy
8/31,2891,中國信託-文心,6164,18,114,-96,0.24,12,sell
8/31,2891,富邦-板橋,9655,49,8,41,0.1,13,buy
8/31,2891,國泰-忠孝,8887,6,81,-75,0.19,13,sell
8/31,2891,統一,5850,102,64,38,0.1,14,buy
8/31,2891,香港上海匯豐,8960,271,339,-68,0.17,14,sell
8/31,2891,群益金鼎-三民,9188,36,0,36,0.09,15,buy
8/31,2891,元大-南投,0039003800310044,1,64,-63,0.16,15,sell
8/31,2881,花旗環球,1590,5718,1108,4610,13.84,1,buy
8/31,2881,台灣摩根士丹利,1470,746,7364,-6618,19.86,1,sell
8/31,2881,新加坡商瑞銀,1650,6291,3752,2539,7.62,2,buy
8/31,2881,凱基-台北,9268,787,3460,-2673,8.02,2,sell
8/31,2881,元大證券,9800,3591,1493,2098,6.3,3,buy
8/31,2881,美商高盛,1480,2275,4642,-2367,7.1,3,sell
8/31,2881,港商麥格理,1360,1747,89,1658,4.98,4,buy
8/31,2881,香港上海匯豐,8960,139,859,-720,2.16,4,sell
8/31,2881,摩根大通,8440,4583,3611,972,2.92,5,buy
8/31,2881,永豐金證券,0039004100300030,36,507,-471,1.41,5,sell
8/31,2881,美林,1440,1783,1147,636,1.91,6,buy
8/31,2881,第一金-中山,5389,6,201,-195,0.59,6,sell
8/31,2881,富邦-建國,9658,398,21,377,1.13,7,buy
8/31,2881,法銀巴黎,8900,8,185,-177,0.53,7,sell
8/31,2881,港商野村,1560,368,35,333,1.0,8,buy
8/31,2881,凱基-中壢,9285,15,135,-120,0.36,8,sell
8/31,2881,富邦-永和,9654,305,14,291,0.87,9,buy
8/31,2881,永豐金-松山,0039004100390031,7,103,-96,0.29,9,sell
8/31,2881,富邦證券,9600,438,285,153,0.46,10,buy
8/31,2881,國泰-敦南,8888,60,122,-62,0.19,10,sell
8/31,2881,凱基,9200,151,19,132,0.4,11,buy
8/31,2881,國泰-高雄,8881,3,64,-61,0.18,11,sell
8/31,2881,統一-三重,003500380035004a,130,0,130,0.39,12,buy
8/31,2881,富邦-仁愛,9676,8,63,-55,0.17,12,sell
8/31,2881,合庫-台中,1021,200,131,69,0.21,13,buy
8/31,2881,兆豐-城中,0037003000300057,865,916,-51,0.15,13,sell
8/31,2881,台新-安南,003900420032005a,50,2,48,0.14,14,buy
8/31,2881,凱基-市政,9239,5,55,-50,0.15,14,sell
8/31,2881,台新-信義,0039004200320048,45,1,44,0.13,15,buy
8/31,2881,(牛牛牛)亞-鑫豐,0036003000310064,4,47,-43,0.13,15,sell
8/31,2882,台灣摩根士丹利,1470,10398,2718,7680,12.81,1,buy
8/31,2882,新加坡商瑞銀,1650,12050,22720,-10670,17.8,1,sell
8/31,2882,美商高盛,1480,8919,1854,7065,11.78,2,buy
8/31,2882,港商麥格理,1360,543,1647,-1104,1.84,2,sell
8/31,2882,元大證券,9800,5508,2316,3192,5.32,3,buy
8/31,2882,國泰-館前,0038003800380041,15,1010,-995,1.66,3,sell
8/31,2882,富邦證券,9600,2791,263,2528,4.22,4,buy
8/31,2882,國泰-敦南,8888,154,616,-462,0.77,4,sell
8/31,2882,凱基-台北,9268,3659,1959,1700,2.84,5,buy
8/31,2882,彰銀,1230,1,441,-440,0.73,5,sell
8/31,2882,兆豐證券,7000,1501,33,1468,2.45,6,buy
8/31,2882,永豐金證券,0039004100300030,222,584,-362,0.6,6,sell
8/31,2882,摩根大通,8440,2926,2454,472,0.79,7,buy
8/31,2882,台新-台北,0039004200320030,1,308,-307,0.51,7,sell
8/31,2882,凱基-彰化,0039003200300047,388,18,370,0.62,8,buy
8/31,2882,中國信託-高雄,003600310036004b,5,289,-284,0.47,8,sell
8/31,2882,兆豐-鹿港,0037003000300066,184,28,156,0.26,9,buy
8/31,2882,兆豐-寶成,0037003000300072,0,274,-274,0.46,9,sell
8/31,2882,富邦-台北,9623,234,111,123,0.21,10,buy
8/31,2882,永豐金-台中,003900410039004c,166,417,-251,0.42,10,sell
8/31,2882,永豐金-匯立,0039004100380031,350,237,113,0.19,11,buy
8/31,2882,美林,1440,4041,4288,-247,0.41,11,sell
8/31,2882,群益金鼎,9100,447,344,103,0.17,12,buy
8/31,2882,合庫-自強,0031003000320043,0,243,-243,0.41,12,sell
8/31,2882,美好-中壢,5266,101,6,95,0.16,13,buy
8/31,2882,富邦-羅東,9634,22,229,-207,0.35,13,sell
8/31,2882,兆豐-南京,0037003000300050,124,39,85,0.14,14,buy
8/31,2882,新光,8560,26,206,-180,0.3,14,sell
8/31,2882,永豐金-松山,0039004100390031,121,58,63,0.11,15,buy
8/31,2882,富邦-建國,9658,40,218,-178,0.3,15,sell
8/31,2303,美林,1440,18982,4788,14194,6.52,1,buy
8/31,2303,元大證券,9800,18403,37712,-19309,8.87,1,sell
8/31,2303,國泰證券,8880,6466,263,6203,2.85,2,buy
8/31,2303,富邦證券,9600,6172,16474,-10302,4.73,2,sell
8/31,2303,群益金鼎,9100,7588,2598,4990,2.29,3,buy
8/31,2303,美商高盛,1480,8668,14143,-5475,2.52,3,sell
8/31,2303,台新,0039004200300030,5681,1527,4154,1.91,4,buy
8/31,2303,台灣摩根士丹利,1470,5780,10945,-5165,2.37,4,sell
8/31,2303,永豐金證券,0039004100300030,2918,884,2034,0.93,5,buy
8/31,2303,國票-敦北法人,0037003700390063,43,4610,-4567,2.1,5,sell
8/31,2303,凱基,9200,1931,468,1463,0.67,6,buy
8/31,2303,新加坡商瑞銀,1650,14196,17702,-3506,1.61,6,sell
8/31,2303,兆豐證券,7000,1121,17,1104,0.51,7,buy
8/31,2303,凱基-信義,9216,2859,6359,-3500,1.61,7,sell
8/31,2303,國泰-敦南,8888,2858,1815,1043,0.48,8,buy
8/31,2303,國票-安和,003700370039005a,54,3547,-3493,1.6,8,sell
8/31,2303,玉山證券,8840,1052,245,807,0.37,9,buy
8/31,2303,港商野村,1560,799,3561,-2762,1.27,9,sell
8/31,2303,中國信託,6160,1231,611,620,0.28,10,buy
8/31,2303,凱基-城中,9227,490,3058,-2568,1.18,10,sell
8/31,2303,國泰-高雄,8881,734,169,565,0.26,11,buy
8/31,2303,摩根大通,8440,10139,12664,-2525,1.16,11,sell
8/31,2303,統一-南京,0035003800350055,559,32,527,0.24,12,buy
8/31,2303,統一-城中,5854,277,2599,-2322,1.07,12,sell
8/31,2303,康和,8450,543,96,447,0.21,13,buy
8/31,2303,元大-忠孝鼎富,0039003800320046,10,1383,-1373,0.63,13,sell
8/31,2303,統一-台中,5856,470,50,420,0.19,14,buy
8/31,2303,香港上海匯豐,8960,743,1862,-1119,0.51,14,sell
8/31,2303,元大-金華,9878,479,64,415,0.19,15,buy
8/31,2303,港商麥格理,1360,1768,2749,-981,0.45,15,sell
8/31,3711,國泰-敦南,8888,724,183,541,1.63,1,buy
8/31,3711,美商高盛,1480,633,5279,-4646,14.0,1,sell
8/31,3711,中國信託,6160,392,41,351,1.06,2,buy
8/31,3711,新加坡商瑞銀,1650,1696,3085,-1389,4.19,2,sell
8/31,3711,香港上海匯豐,8960,371,40,331,1.0,3,buy
8/31,3711,國泰證券,8880,60,1184,-1124,3.39,3,sell
8/31,3711,永豐金-台南,0039004100390068,238,7,231,0.7,4,buy
8/31,3711,統一,5850,222,1330,-1108,3.34,4,sell
8/31,3711,玉山證券,8840,211,25,186,0.56,5,buy
8/31,3711,富邦證券,9600,435,1448,-1013,3.05,5,sell
8/31,3711,新光,8560,320,152,168,0.51,6,buy
8/31,3711,台灣摩根士丹利,1470,2225,3225,-1000,3.01,6,sell
8/31,3711,花旗環球,1590,438,276,162,0.49,7,buy
8/31,3711,凱基,9200,102,1082,-980,2.95,7,sell
8/31,3711,國泰-台中,8882,187,28,159,0.48,8,buy
8/31,3711,摩根大通,8440,901,1817,-916,2.76,8,sell
8/31,3711,永豐金-市政,0039004100390057,154,27,127,0.38,9,buy
8/31,3711,國票-敦北法人,0037003700390063,46,961,-915,2.76,9,sell
8/31,3711,港商麥格理,1360,187,63,124,0.37,10,buy
8/31,3711,美林,1440,584,1322,-738,2.22,10,sell
8/31,3711,富邦-陽明,9604,140,18,122,0.37,11,buy
8/31,3711,元大證券,9800,2082,2658,-576,1.74,11,sell
8/31,3711,富邦-建國,9658,153,36,117,0.35,12,buy
8/31,3711,永豐金-信義,0039004100390052,8,484,-476,1.43,12,sell
8/31,3711,第一金-華江,0035003300380057,130,20,110,0.33,13,buy
8/31,3711,康和,8450,0,250,-250,0.75,13,sell
8/31,3711,台新,0039004200300030,193,86,107,0.32,14,buy
8/31,3711,凱基-台北,9268,702,910,-208,0.63,14,sell
8/31,3711,國泰-板橋,003800380038004b,144,47,97,0.29,15,buy
8/31,3711,第一金,5380,7,184,-177,0.53,15,sell
8/31,2603,美林,1440,1318,186,1132,10.48,1,buy
8/31,2603,台灣摩根士丹利,1470,237,2138,-1901,17.59,1,sell
8/31,2603,元大證券,9800,1618,579,1039,9.62,2,buy
8/31,2603,新加坡商瑞銀,1650,1748,2420,-672,6.22,2,sell
8/31,2603,花旗環球,1590,741,77,664,6.15,3,buy
8/31,2603,凱基-台北,9268,294,699,-405,3.75,3,sell
8/31,2603,凱基-城中,9227,400,6,394,3.65,4,buy
8/31,2603,美商高盛,1480,570,808,-238,2.2,4,sell
8/31,2603,香港上海匯豐,8960,231,0,231,2.14,5,buy
8/31,2603,港商野村,1560,2,196,-194,1.8,5,sell
8/31,2603,玉山證券,8840,105,3,102,0.94,6,buy
8/31,2603,元大-府城,0039003800300075,0,101,-101,0.93,6,sell
8/31,2603,國票-敦北法人,0037003700390063,100,0,100,0.93,7,buy
8/31,2603,永豐金證券,0039004100300030,35,122,-87,0.81,7,sell
8/31,2603,中國信託,6160,135,36,99,0.92,8,buy
8/31,2603,台新-建北,0039004200310038,22,76,-54,0.5,8,sell
8/31,2603,台新,0039004200300030,160,65,95,0.88,9,buy
8/31,2603,永興,5600,1,45,-44,0.41,9,sell
8/31,2603,永豐金-中和,0039004100390042,46,0,46,0.43,10,buy
8/31,2603,土銀,1030,0,41,-41,0.38,10,sell
8/31,2603,合庫-基隆,1025,41,0,41,0.38,11,buy
8/31,2603,凱基-中壢,9285,3,36,-33,0.31,11,sell
8/31,2603,富邦-虎尾,9697,34,1,33,0.31,12,buy
8/31,2603,統一-中壢,5853,0,30,-30,0.28,12,sell
8/31,2603,第一金,5380,30,0,30,0.28,13,buy
8/31,2603,宏遠證券,1260,0,27,-27,0.25,13,sell
8/31,2603,富邦-仁愛,9676,60,31,29,0.27,14,buy
8/31,2603,新光-台中,8561,37,63,-26,0.24,14,sell
8/31,2603,統一-板橋,0035003800350050,26,1,25,0.23,15,buy
8/31,2603,華南永昌-麻豆,9308,0,23,-23,0.21,15,sell
8/31,2609,台灣摩根士丹利,1470,63820,6836,56984,26.02,1,buy
8/31,2609,新加坡商瑞銀,1650,29634,104426,-74792,34.15,1,sell
8/31,2609,美商高盛,1480,36643,4634,32009,14.61,2,buy
8/31,2609,港商麥格理,1360,346,6076,-5730,2.62,2,sell
8/31,2609,美林,1440,13732,2328,11404,5.21,3,buy
8/31,2609,元大證券,9800,3344,7803,-4459,2.04,3,sell
8/31,2609,花旗環球,1590,16530,11862,4668,2.13,4,buy
8/31,2609,凱基-台北,9268,6196,10083,-3887,1.77,4,sell
8/31,2609,群益金鼎,9100,3816,625,3191,1.46,5,buy
8/31,2609,永豐金-匯立,0039004100380031,45,2202,-2157,0.98,5,sell
8/31,2609,台新-虎尾,003900420032004e,1918,32,1886,0.86,6,buy
8/31,2609,港商野村,1560,337,2026,-1689,0.77,6,sell
8/31,2609,摩根大通,8440,12265,10817,1448,0.66,7,buy
8/31,2609,法銀巴黎,8900,21,814,-793,0.36,7,sell
8/31,2609,香港上海匯豐,8960,2782,1408,1374,0.63,8,buy
8/31,2609,國泰-敦南,8888,1315,1951,-636,0.29,8,sell
8/31,2609,富邦證券,9600,1416,601,815,0.37,9,buy
8/31,2609,國泰-台中,8882,251,642,-391,0.18,9,sell
8/31,2609,群益金鼎-海山,9108,511,216,295,0.13,10,buy
8/31,2609,台新-新店,0039004200320032,28,376,-348,0.16,10,sell
8/31,2609,凱基,9200,318,31,287,0.13,11,buy
8/31,2609,永豐金證券,0039004100300030,241,586,-345,0.16,11,sell
8/31,2609,國泰-板橋,003800380038004b,531,303,228,0.1,12,buy
8/31,2609,元大-仁愛,003900380033006a,146,450,-304,0.14,12,sell
8/31,2609,致和-東門,7035,124,2,122,0.06,13,buy
8/31,2609,新光,8560,284,531,-247,0.11,13,sell
8/31,2609,台新-三重,0039004200320033,124,22,102,0.05,14,buy
8/31,2609,群益金鼎-竹南,0039003100380069,27,270,-243,0.11,14,sell
8/31,2609,元大-學甲,003900380033004b,142,43,99,0.05,15,buy
8/31,2609,合庫-基隆,1025,24,258,-234,0.11,15,sell
8/31,2615,美林,1440,2477,1047,1430,3.54,1,buy
8/31,2615,美商高盛,1480,1001,3361,-2360,5.84,1,sell
8/31,2615,永豐金證券,0039004100300030,1318,501,817,2.02,2,buy
8/31,2615,台灣摩根士丹利,1470,3131,5334,-2203,5.45,2,sell
8/31,2615,元大證券,9800,1294,865,429,1.06,3,buy
8/31,2615,摩根大通,8440,295,1870,-1575,3.9,3,sell
8/31,2615,香港上海匯豐,8960,393,0,393,0.97,4,buy
8/31,2615,新加坡商瑞銀,1650,1881,3072,-1191,2.95,4,sell
8/31,2615,國泰-敦南,8888,1078,861,217,0.54,5,buy
8/31,2615,台新-虎尾,003900420032004e,11,1028,-1017,2.52,5,sell
8/31,2615,永豐金-桃盛,003900410039004e,234,24,210,0.52,6,buy
8/31,2615,元大-信義安和,0039003800300052,10,742,-732,1.81,6,sell
8/31,2615,兆豐-三民,0037003000300068,217,9,208,0.51,7,buy
8/31,2615,凱基-台北,9268,2478,3033,-555,1.37,7,sell
8/31,2615,台新-北新莊,0039004200320038,182,14,168,0.42,8,buy
8/31,2615,港商野村,1560,2,425,-423,1.05,8,sell
8/31,2615,台新,0039004200300030,423,259,164,0.41,9,buy
8/31,2615,花旗環球,1590,294,493,-199,0.49,9,sell
8/31,2615,華南永昌,9300,223,59,164,0.41,10,buy
8/31,2615,永豐金-敦北,0039004100380039,1013,1212,-199,0.49,10,sell
8/31,2615,法銀巴黎,8900,177,25,152,0.38,11,buy
8/31,2615,港商麥格理,1360,1,152,-151,0.37,11,sell
8/31,2615,國泰-高雄,8881,241,108,133,0.33,12,buy
8/31,2615,永豐金-內湖,0039004100390067,24,145,-121,0.3,12,sell
8/31,2615,玉山-士林,0038003800340041,114,16,98,0.24,13,buy
8/31,2615,元大-員林中山,9835,120,208,-88,0.22,13,sell
8/31,2615,大昌,6460,125,32,93,0.23,14,buy
8/31,2615,群益金鼎,9100,540,598,-58,0.14,14,sell
8/31,2615,永豐金-中正,0039004100390055,141,52,89,0.22,15,buy
8/31,2615,群益金鼎-市府,0039003100300044,304,358,-54,0.13,15,sell
8/31,2618,元大證券,9800,3793,965,2828,13.49,1,buy
8/31,2618,台灣摩根士丹利,1470,1167,3281,-2114,10.09,1,sell
8/31,2618,花旗環球,1590,1905,159,1746,8.33,2,buy
8/31,2618,港商野村,1560,15,1056,-1041,4.97,2,sell
8/31,2618,富邦證券,9600,840,65,775,3.7,3,buy
8/31,2618,美林,1440,877,1785,-908,4.33,3,sell
8/31,2618,國票-敦北法人,0037003700390063,466,0,466,2.22,4,buy
8/31,2618,新加坡商瑞銀,1650,1976,2657,-681,3.25,4,sell
8/31,2618,摩根大通,8440,2741,2322,419,2.0,5,buy
8/31,2618,港商麥格理,1360,23,578,-555,2.65,5,sell
8/31,2618,永豐金證券,0039004100300030,760,367,393,1.87,6,buy
8/31,2618,臺銀-臺南,1042,0,415,-415,1.98,6,sell
8/31,2618,元大-松江,9801,402,32,370,1.77,7,buy
8/31,2618,法銀巴黎,8900,0,268,-268,1.28,7,sell
8/31,2618,統一-南京,0035003800350055,301,2,299,1.43,8,buy
8/31,2618,統一-中壢,5853,1,255,-254,1.21,8,sell
8/31,2618,香港上海匯豐,8960,332,43,289,1.38,9,buy
8/31,2618,元大-學甲,003900380033004b,0,201,-201,0.96,9,sell
8/31,2618,凱基-台北,9268,1894,1652,242,1.15,10,buy
8/31,2618,凱基-虎尾,9236,0,157,-157,0.75,10,sell
8/31,2618,元大-景美,0039003800340048,240,0,240,1.14,11,buy
8/31,2618,統一-敦南,5852,0,122,-122,0.58,11,sell
8/31,2618,凱基-站前,0039003200300046,356,200,156,0.74,12,buy
8/31,2618,美商高盛,1480,1043,1160,-117,0.56,12,sell
8/31,2618,富邦-板橋,9655,58,6,52,0.25,13,buy
8/31,2618,台新-永和,0039004200320042,10,122,-112,0.53,13,sell
8/31,2618,元大-鹿港,0039003800390053,51,1,50,0.24,14,buy
8/31,2618,玉山證券,8840,1,112,-111,0.53,14,sell
8/31,2618,元大-復北,9872,50,1,49,0.23,15,buy
8/31,2618,京城,8490,0,100,-100,0.48,15,sell
8/31,3037,美商高盛,1480,481,0,481,11.43,1,buy
8/31,3037,富邦證券,9600,45,636,-591,14.05,1,sell
8/31,3037,港商麥格理,1360,426,0,426,10.13,2,buy
8/31,3037,統一,5850,8,379,-371,8.82,2,sell
8/31,3037,大和國泰,8890,351,0,351,8.34,3,buy
8/31,3037,統一-城中,5854,3,358,-355,8.44,3,sell
8/31,3037,台灣摩根士丹利,1470,270,0,270,6.42,4,buy
8/31,3037,元大證券,9800,433,762,-329,7.82,4,sell
8/31,3037,美林,1440,215,0,215,5.11,5,buy
8/31,3037,國票-安和,003700370039005a,4,295,-291,6.92,5,sell
8/31,3037,國泰證券,8880,204,0,204,4.85,6,buy
8/31,3037,凱基-台北,9268,179,401,-222,5.28,6,sell
8/31,3037,花旗環球,1590,129,0,129,3.07,7,buy
8/31,3037,國票-敦北法人,0037003700390063,8,196,-188,4.47,7,sell
8/31,3037,新加坡商瑞銀,1650,119,0,119,2.83,8,buy
8/31,3037,元大-和平,9863,1,120,-119,2.83,8,sell
8/31,3037,永豐金-匯立,0039004100380031,93,0,93,2.21,9,buy
8/31,3037,富邦-台北,9623,5,114,-109,2.59,9,sell
8/31,3037,摩根大通,8440,93,0,93,2.21,10,buy
8/31,3037,元大-仁愛,003900380033006a,0,71,-71,1.69,10,sell
8/31,3037,香港上海匯豐,8960,68,0,68,1.62,11,buy
8/31,3037,群益金鼎,9100,21,80,-59,1.4,11,sell
8/31,3037,台新,0039004200300030,36,13,23,0.55,12,buy
8/31,3037,國票證券,7790,2,57,-55,1.31,12,sell
8/31,3037,合庫-台南,1022,16,0,16,0.38,13,buy
8/31,3037,元大-竹科,003900380030004b,2,51,-49,1.16,13,sell
8/31,3037,永豐金-新莊,0039004100390048,12,0,12,0.29,14,buy
8/31,3037,第一金-台中,5382,0,45,-45,1.07,14,sell
8/31,3037,永豐金-忠孝,0039004100390044,11,0,11,0.26,15,buy
8/31,3037,元大-台北,0039003800300068,0,21,-21,0.5,15,sell
8/31,2345,港商麥格理,1360,381,128,253,5.64,1,buy
8/31,2345,富邦證券,9600,51,537,-486,10.84,1,sell
8/31,2345,美商高盛,1480,500,250,250,5.57,2,buy
8/31,2345,統一,5850,8,217,-209,4.66,2,sell
8/31,2345,凱基-台北,9268,393,155,238,5.31,3,buy
8/31,2345,新加坡商瑞銀,1650,273,462,-189,4.21,3,sell
8/31,2345,福邦證券,6480,91,0,91,2.03,4,buy
8/31,2345,元大證券,9800,186,362,-176,3.92,4,sell
8/31,2345,國泰-敦南,8888,75,27,48,1.07,5,buy
8/31,2345,台灣摩根士丹利,1470,137,285,-148,3.3,5,sell
8/31,2345,富邦-敦南,9663,46,7,39,0.87,6,buy
8/31,2345,凱基,9200,3,114,-111,2.47,6,sell
8/31,2345,華南永昌-大安,9307,27,0,27,0.6,7,buy
8/31,2345,美林,1440,89,179,-90,2.01,7,sell
8/31,2345,永豐金-信義,0039004100390052,23,1,22,0.49,8,buy
8/31,2345,兆豐證券,7000,0,75,-75,1.67,8,sell
8/31,2345,香港上海匯豐,8960,16,0,16,0.36,9,buy
8/31,2345,永豐金證券,0039004100300030,139,207,-68,1.52,9,sell
8/31,2345,國泰-板橋,003800380038004b,20,4,16,0.36,10,buy
8/31,2345,國泰證券,8880,58,117,-59,1.32,10,sell
8/31,2345,新光,8560,26,12,14,0.31,11,buy
8/31,2345,摩根大通,8440,129,186,-57,1.27,11,sell
8/31,2345,統一-基隆,0035003800350041,13,0,13,0.29,12,buy
8/31,2345,花旗環球,1590,32,80,-48,1.07,12,sell
8/31,2345,凱基-站前,0039003200300046,17,5,12,0.27,13,buy
8/31,2345,(牛牛牛)亞證券,6010,0,47,-47,1.05,13,sell
8/31,2345,富邦-建國,9658,17,5,12,0.27,14,buy
8/31,2345,群益金鼎,9100,22,62,-40,0.89,14,sell
8/31,2345,元大-南崁,0039003800300051,10,0,10,0.22,15,buy
8/31,2345,玉山證券,8840,13,41,-28,0.62,15,sell
8/31,3006,摩根大通,8440,2041,454,1587,6.83,1,buy
8/31,3006,富邦-陽明,9604,50,358,-308,1.33,1,sell
8/31,3006,新加坡商瑞銀,1650,1198,253,945,4.07,2,buy
8/31,3006,元大-大同,0039003800390047,16,258,-242,1.04,2,sell
8/31,3006,富邦證券,9600,628,14,614,2.64,3,buy
8/31,3006,美商高盛,1480,3,166,-163,0.7,3,sell
8/31,3006,元大證券,9800,2907,2393,514,2.21,4,buy
8/31,3006,富邦-板橋,9655,23,153,-130,0.56,4,sell
8/31,3006,台灣摩根士丹利,1470,498,65,433,1.86,5,buy
8/31,3006,永豐金證券,0039004100300030,181,300,-119,0.51,5,sell
8/31,3006,統一-南京,0035003800350055,315,33,282,1.21,6,buy
8/31,3006,富邦-公益,0039003600310046,23,133,-110,0.47,6,sell
8/31,3006,美林,1440,435,210,225,0.97,7,buy
8/31,3006,新光,8560,158,245,-87,0.37,7,sell
8/31,3006,花旗環球,1590,444,273,171,0.74,8,buy
8/31,3006,元大-竹北,0039003800310042,19,102,-83,0.36,8,sell
8/31,3006,兆豐-南京,0037003000300050,177,49,128,0.55,9,buy
8/31,3006,凱基-湖口,003900320030004e,8,86,-78,0.34,9,sell
8/31,3006,統一,5850,192,67,125,0.54,10,buy
8/31,3006,聯邦證券,8580,6,83,-77,0.33,10,sell
8/31,3006,群益金鼎,9100,677,566,111,0.48,11,buy
8/31,3006,富邦-中壢,9636,19,92,-73,0.31,11,sell
8/31,3006,華南永昌,9300,155,48,107,0.46,12,buy
8/31,3006,富邦-台北,9623,88,159,-71,0.31,12,sell
8/31,3006,台新-宜蘭,0039004200320055,101,3,98,0.42,13,buy
8/31,3006,兆豐-南門,0037003000300067,40,110,-70,0.3,13,sell
8/31,3006,永豐金-匯立,0039004100380031,111,17,94,0.4,14,buy
8/31,3006,元大-三民,0039003800390046,6,70,-64,0.28,14,sell
8/31,3006,元大-大甲,0039003800390055,105,19,86,0.37,15,buy
8/31,3006,華南永昌-桃園,9352,14,72,-58,0.25,15,sell
8/31,2379,新加坡商瑞銀,1650,1035,639,396,13.54,1,buy
8/31,2379,元大證券,9800,37,495,-458,15.66,1,sell
8/31,2379,美林,1440,318,160,158,5.4,2,buy
8/31,2379,摩根大通,8440,179,443,-264,9.03,2,sell
8/31,2379,康和,8450,100,0,100,3.42,3,buy
8/31,2379,美商高盛,1480,129,184,-55,1.88,3,sell
8/31,2379,花旗環球,1590,186,87,99,3.38,4,buy
8/31,2379,元大-苑裡,0039003800390061,0,50,-50,1.71,4,sell
8/31,2379,台灣摩根士丹利,1470,357,280,77,2.63,5,buy
8/31,2379,富邦證券,9600,13,46,-33,1.13,5,sell
8/31,2379,台新,0039004200300030,41,3,38,1.3,6,buy
8/31,2379,統一-敦南,5852,0,30,-30,1.03,6,sell
8/31,2379,兆豐證券,7000,25,0,25,0.85,7,buy
8/31,2379,法銀巴黎,8900,0,17,-17,0.58,7,sell
8/31,2379,彰銀,1230,15,0,15,0.51,8,buy
8/31,2379,華南永昌-潮州,9328,0,15,-15,0.51,8,sell
8/31,2379,凱基-站前,0039003200300046,9,0,9,0.31,9,buy
8/31,2379,永豐金證券,0039004100300030,20,33,-13,0.44,9,sell
8/31,2379,富邦-頭份,0039003600320050,7,0,7,0.24,10,buy
8/31,2379,凱基-台北,9268,62,72,-10,0.34,10,sell
8/31,2379,華南永昌-中正,9359,5,0,5,0.17,11,buy
8/31,2379,富邦-七賢,003900360031004b,0,10,-10,0.34,11,sell
8/31,2379,國泰-敦南,8888,11,6,5,0.17,12,buy
8/31,2379,台新-台中,0039004200310068,0,6,-6,0.21,12,sell
8/31,2379,富邦-永和,9654,5,1,4,0.14,13,buy
8/31,2379,玉山-新竹,0038003800340048,0,5,-5,0.17,13,sell
8/31,2379,玉山-新莊,8842,4,0,4,0.14,14,buy
8/31,2379,玉山-台南,8847,2,6,-4,0.14,14,sell
8/31,2379,大和國泰,8890,4,0,4,0.14,15,buy
8/31,2379,元大-天母,0039003800310049,4,8,-4,0.14,15,sell
8/31,3034,台灣摩根士丹利,1470,1310,147,1163,21.2,1,buy
8/31,3034,摩根大通,8440,238,1392,-1154,21.04,1,sell
8/31,3034,群益金鼎,9100,468,5,463,8.44,2,buy
8/31,3034,國泰證券,8880,0,301,-301,5.49,2,sell
8/31,3034,新加坡商瑞銀,1650,1973,1549,424,7.73,3,buy
8/31,3034,美商高盛,1480,61,289,-228,4.16,3,sell
8/31,3034,美林,1440,629,511,118,2.15,4,buy
8/31,3034,港商麥格理,1360,9,207,-198,3.61,4,sell
8/31,3034,凱基-台北,9268,126,99,27,0.49,5,buy
8/31,3034,花旗環球,1590,56,173,-117,2.13,5,sell
8/31,3034,香港上海匯豐,8960,33,9,24,0.44,6,buy
8/31,3034,富邦證券,9600,12,102,-90,1.64,6,sell
8/31,3034,法銀巴黎,8900,18,4,14,0.26,7,buy
8/31,3034,港商野村,1560,1,43,-42,0.77,7,sell
8/31,3034,富邦-三重,9677,11,0,11,0.2,8,buy
8/31,3034,元大-和平,9863,0,40,-40,0.73,8,sell
8/31,3034,永豐金證券,0039004100300030,30,19,11,0.2,9,buy
8/31,3034,兆豐-台中港,7005,15,33,-18,0.33,9,sell
8/31,3034,凱基-科園,9254,10,0,10,0.18,10,buy
8/31,3034,元大-新店中正,0039003800340043,1,14,-13,0.24,10,sell
8/31,3034,永豐金-匯立,0039004100380031,9,0,9,0.16,11,buy
8/31,3034,永豐金-松山,0039004100390031,0,12,-12,0.22,11,sell
8/31,3034,台新-敦南,0039004200320051,6,0,6,0.11,12,buy
8/31,3034,第一金-路竹,0035003300380050,0,11,-11,0.2,12,sell
8/31,3034,大昌-新店,6464,9,3,6,0.11,13,buy
8/31,3034,群益金鼎-中壢,0039003100380041,0,10,-10,0.18,13,sell
8/31,3034,元大-大益,9814,8,3,5,0.09,14,buy
8/31,3034,凱基-桃園,9208,0,9,-9,0.16,14,sell
8/31,3034,永興-台中,5603,5,0,5,0.09,15,buy
8/31,3034,國泰-板橋,003800380038004b,1,10,-9,0.16,15,sell
8/31,2412,凱基-台北,9268,2791,476,2315,14.98,1,buy
8/31,2412,新加坡商瑞銀,1650,3502,6673,-3171,20.52,1,sell
8/31,2412,台灣摩根士丹利,1470,2038,455,1583,10.25,2,buy
8/31,2412,美林,1440,346,2014,-1668,10.8,2,sell
8/31,2412,花旗環球,1590,1114,218,896,5.8,3,buy
8/31,2412,摩根大通,8440,171,920,-749,4.85,3,sell
8/31,2412,中國信託,6160,569,19,550,3.56,4,buy
8/31,2412,臺銀,1040,15,502,-487,3.15,4,sell
8/31,2412,美商高盛,1480,1292,828,464,3.0,5,buy
8/31,2412,台新,0039004200300030,4,207,-203,1.31,5,sell
8/31,2412,臺銀-臺南,1042,301,7,294,1.9,6,buy
8/31,2412,永豐金證券,0039004100300030,17,197,-180,1.16,6,sell
8/31,2412,富邦證券,9600,309,114,195,1.26,7,buy
8/31,2412,合庫-台南,1022,28,166,-138,0.89,7,sell
8/31,2412,香港上海匯豐,8960,200,23,177,1.15,8,buy
8/31,2412,港商麥格理,1360,369,477,-108,0.7,8,sell
8/31,2412,統一,5850,100,0,100,0.65,9,buy
8/31,2412,元大證券,9800,122,201,-79,0.51,9,sell
8/31,2412,華南永昌,9300,100,0,100,0.65,10,buy
8/31,2412,富邦-新板,0039003600310048,1,70,-69,0.45,10,sell
8/31,2412,國泰-新莊,8886,87,1,86,0.56,11,buy
8/31,2412,玉山-城中,0038003800340045,1,54,-53,0.34,11,sell
8/31,2412,富邦-敦南,9663,51,0,51,0.33,12,buy
8/31,2412,永豐金-永康,0039004100390063,40,72,-32,0.21,12,sell
8/31,2412,元大-南京,9862,50,0,50,0.32,13,buy
8/31,2412,凱基-汐止,9226,0,27,-27,0.17,13,sell
8/31,2412,元大-竹山,0039003800310052,40,0,40,0.26,14,buy
8/31,2412,富邦-豐原,003900360033004c,0,23,-23,0.15,14,sell
8/31,2412,玉山-台中,0038003800340042,31,0,31,0.2,15,buy
8/31,2412,土銀-台中,1031,0,23,-23,0.15,15,sell
8/31,0056,元大證券,9800,21472,368,21104,37.37,1,buy
8/31,0056,國泰-敦南,8888,386,2711,-2325,4.12,1,sell
8/31,0056,凱基-台北,9268,15851,8311,7540,13.35,2,buy
8/31,0056,臺銀,1040,12,1517,-1505,2.67,2,sell
8/31,0056,永豐金證券,0039004100300030,3175,730,2445,4.33,3,buy
8/31,0056,中國信託-忠孝,6162,14,897,-883,1.56,3,sell
8/31,0056,中國信託,6160,2837,416,2421,4.29,4,buy
8/31,0056,兆豐-新竹,0037003000300056,5,728,-723,1.28,4,sell
8/31,0056,摩根大通,8440,1169,0,1169,2.07,5,buy
8/31,0056,新光,8560,136,655,-519,0.92,5,sell
8/31,0056,富邦證券,9600,671,65,606,1.07,6,buy
8/31,0056,兆豐-來福,0037003000300043,9,381,-372,0.66,6,sell
8/31,0056,新加坡商瑞銀,1650,1085,530,555,0.98,7,buy
8/31,0056,口袋證券,6620,24,357,-333,0.59,7,sell
8/31,0056,國泰證券,8880,433,24,409,0.72,8,buy
8/31,0056,富邦-陽明,9604,14,348,-334,0.59,8,sell
8/31,0056,元大-內湖,003900380039004e,515,113,402,0.71,9,buy
8/31,0056,國泰-館前,0038003800380041,114,448,-334,0.59,9,sell
8/31,0056,台新-高雄,0039004200310067,217,93,124,0.22,10,buy
8/31,0056,國泰-桃園,8885,33,335,-302,0.53,10,sell
8/31,0056,兆豐-民生,0037003000300063,127,5,122,0.22,11,buy
8/31,0056,台新,0039004200300030,143,437,-294,0.52,11,sell
8/31,0056,台中銀-豐原,0036003100310041,105,28,77,0.14,12,buy
8/31,0056,新光-高雄,8562,7,284,-277,0.49,12,sell
8/31,0056,群益金鼎-敦南,9101,89,15,74,0.13,13,buy
8/31,0056,元大-頭份,0039003800330055,4,277,-273,0.48,13,sell
8/31,0056,凱基,9200,72,0,72,0.13,14,buy
8/31,0056,國泰-台中,8882,98,357,-259,0.46,14,sell
8/31,0056,兆豐-三重,7008,211,140,71,0.13,15,buy
8/31,0056,合庫-鳳山,1029,33,267,-234,0.41,15,sell
8/31,6770,台灣摩根士丹利,1470,33417,5994,27423,13.21,1,buy
8/31,6770,花旗環球,1590,315,4825,-4510,2.17,1,sell
8/31,6770,新加坡商瑞銀,1650,27863,5532,22331,10.76,2,buy
8/31,6770,國泰-敦南,8888,3763,6020,-2257,1.09,2,sell
8/31,6770,摩根大通,8440,11328,2968,8360,4.03,3,buy
8/31,6770,國泰-板橋,003800380038004b,558,2520,-1962,0.95,3,sell
8/31,6770,美商高盛,1480,11490,5391,6099,2.94,4,buy
8/31,6770,富邦-永和,9654,590,2363,-1773,0.85,4,sell
8/31,6770,富邦證券,9600,5177,126,5051,2.43,5,buy
8/31,6770,華南永昌-板橋,9349,116,1325,-1209,0.58,5,sell
8/31,6770,凱基-台北,9268,15581,10984,4597,2.21,6,buy
8/31,6770,凱基-信義,9216,119,1044,-925,0.45,6,sell
8/31,6770,美林,1440,3478,774,2704,1.3,7,buy
8/31,6770,新光,8560,726,1384,-658,0.32,7,sell
8/31,6770,元大證券,9800,18159,15727,2432,1.17,8,buy
8/31,6770,永豐金-大園,0039004100390038,265,849,-584,0.28,8,sell
8/31,6770,凱基,9200,1351,85,1266,0.61,9,buy
8/31,6770,國泰-台中,8882,673,1230,-557,0.27,9,sell
8/31,6770,元大-台北,0039003800300068,504,309,195,0.09,10,buy
8/31,6770,國泰-忠孝,8887,260,808,-548,0.26,10,sell
8/31,6770,富邦-南屯,9666,527,337,190,0.09,11,buy
8/31,6770,華南永昌-嘉義,9314,220,763,-543,0.26,11,sell
8/31,6770,兆豐-新竹,0037003000300056,486,298,188,0.09,12,buy
8/31,6770,台灣企銀-竹北,1117,62,590,-528,0.25,12,sell
8/31,6770,兆豐-民生,0037003000300063,248,96,152,0.07,13,buy
8/31,6770,高橋,5320,178,697,-519,0.25,13,sell
8/31,6770,元大-三峽,0039003800310041,294,143,151,0.07,14,buy
8/31,6770,元大-新莊,9898,855,1251,-396,0.19,14,sell
8/31,6770,國票-敦北法人,0037003700390063,255,108,147,0.07,15,buy
8/31,6770,元大-中壢,9834,364,740,-376,0.18,15,sell
8/31,2883,新加坡商瑞銀,1650,34660,15397,19263,18.95,1,buy
8/31,2883,美商高盛,1480,4123,11473,-7350,7.23,1,sell
8/31,2883,永豐金-匯立,0039004100380031,8920,897,8023,7.89,2,buy
8/31,2883,摩根大通,8440,2307,6292,-3985,3.92,2,sell
8/31,2883,美林,1440,8581,3717,4864,4.79,3,buy
8/31,2883,永豐金證券,0039004100300030,60,1285,-1225,1.21,3,sell
8/31,2883,港商麥格理,1360,6936,2101,4835,4.76,4,buy
8/31,2883,大昌-新店,6464,7,1207,-1200,1.18,4,sell
8/31,2883,元大證券,9800,10941,7519,3422,3.37,5,buy
8/31,2883,香港上海匯豐,8960,371,1463,-1092,1.07,5,sell
8/31,2883,台灣摩根士丹利,1470,6877,4838,2039,2.01,6,buy
8/31,2883,中國信託,6160,4,1053,-1049,1.03,6,sell
8/31,2883,兆豐-寶成,0037003000300072,814,13,801,0.79,7,buy
8/31,2883,花旗環球,1590,1265,1991,-726,0.71,7,sell
8/31,2883,元大-彰化民生,003900380039004a,711,39,672,0.66,8,buy
8/31,2883,凱基-高雄,9206,1,616,-615,0.61,8,sell
8/31,2883,第一金-員林,5381,310,7,303,0.3,9,buy
8/31,2883,元大-草屯,0039003800390045,6,608,-602,0.59,9,sell
8/31,2883,第一金-忠孝,0035003300380044,362,123,239,0.24,10,buy
8/31,2883,華南永昌-台中,9302,9,543,-534,0.53,10,sell
8/31,2883,港商野村,1560,377,166,211,0.21,11,buy
8/31,2883,玉山證券,8840,15,478,-463,0.46,11,sell
8/31,2883,群益金鼎-松山,9103,500,313,187,0.18,12,buy
8/31,2883,(牛牛牛)亞-鑫豐,0036003000310064,23,479,-456,0.45,12,sell
8/31,2883,凱基-中壢,9285,210,38,172,0.17,13,buy
8/31,2883,第一金-路竹,0035003300380050,58,471,-413,0.41,13,sell
8/31,2883,群益金鼎,9100,766,665,101,0.1,14,buy
8/31,2883,凱基-高美館,9215,6,417,-411,0.4,14,sell
8/31,2883,台灣企銀-民雄,0031003100310041,91,3,88,0.09,15,buy
8/31,2883,凱基-中山,9229,12,411,-399,0.39,15,sell
8/31,2408,新加坡商瑞銀,1650,51047,14637,36410,22.93,1,buy
8/31,2408,美商高盛,1480,5685,28954,-23269,14.66,1,sell
8/31,2408,港商麥格理,1360,8835,0,8835,5.56,2,buy
8/31,2408,摩根大通,8440,10294,29439,-19145,12.06,2,sell
8/31,2408,美林,1440,4577,1583,2994,1.89,3,buy
8/31,2408,台灣摩根士丹利,1470,9909,13676,-3767,2.37,3,sell
8/31,2408,富邦證券,9600,3343,647,2696,1.7,4,buy
8/31,2408,香港上海匯豐,8960,1055,2964,-1909,1.2,4,sell
8/31,2408,花旗環球,1590,5614,3607,2007,1.26,5,buy
8/31,2408,永豐金證券,0039004100300030,656,1434,-778,0.49,5,sell
8/31,2408,永豐金-匯立,0039004100380031,1657,254,1403,0.88,6,buy
8/31,2408,群益金鼎,9100,435,981,-546,0.34,6,sell
8/31,2408,港商野村,1560,1459,654,805,0.51,7,buy
8/31,2408,元大證券,9800,10543,10913,-370,0.23,7,sell
8/31,2408,凱基-台北,9268,6982,6389,593,0.37,8,buy
8/31,2408,統一,5850,246,520,-274,0.17,8,sell
8/31,2408,康和-台北,0038003400350055,543,30,513,0.32,9,buy
8/31,2408,凱基,9200,68,336,-268,0.17,9,sell
8/31,2408,法銀巴黎,8900,484,43,441,0.28,10,buy
8/31,2408,第一金,5380,22,264,-242,0.15,10,sell
8/31,2408,元大-三民,0039003800390046,165,55,110,0.07,11,buy
8/31,2408,台中銀-豐原,0036003100310041,35,273,-238,0.15,11,sell
8/31,2408,台新-新莊,0039004200310039,155,63,92,0.06,12,buy
8/31,2408,國泰-敦南,8888,1902,2132,-230,0.14,12,sell
8/31,2408,第一金-高雄,5383,118,38,80,0.05,13,buy
8/31,2408,(牛牛牛)亞-鑫豐,0036003000310064,65,240,-175,0.11,13,sell
8/31,2408,大和國泰,8890,79,0,79,0.05,14,buy
8/31,2408,華南永昌,9300,112,242,-130,0.08,14,sell
8/31,2408,華南永昌-南京,9326,146,67,79,0.05,15,buy
8/31,2408,元大-台北,0039003800300068,184,307,-123,0.08,15,sell
8/31,1605,凱基-台北,9268,3230,905,2325,10.45,1,buy
8/31,1605,新加坡商瑞銀,1650,3533,5036,-1503,6.76,1,sell
8/31,1605,美商高盛,1480,1765,686,1079,4.85,2,buy
8/31,1605,元大證券,9800,830,1365,-535,2.41,2,sell
8/31,1605,永豐金-南京,0039004100390053,666,9,657,2.95,3,buy
8/31,1605,摩根大通,8440,1119,1415,-296,1.33,3,sell
8/31,1605,群益金鼎-敦南,9101,403,6,397,1.78,4,buy
8/31,1605,凱基-市政,9239,9,278,-269,1.21,4,sell
8/31,1605,富邦-南港,0039003600320041,398,7,391,1.76,5,buy
8/31,1605,富邦證券,9600,25,246,-221,0.99,5,sell
8/31,1605,美林,1440,689,386,303,1.36,6,buy
8/31,1605,港商麥格理,1360,0,219,-219,0.98,6,sell
8/31,1605,花旗環球,1590,298,96,202,0.91,7,buy
8/31,1605,元大-竹科,003900380030004b,14,210,-196,0.88,7,sell
8/31,1605,永興-水湳,5602,202,2,200,0.9,8,buy
8/31,1605,永豐金證券,0039004100300030,71,263,-192,0.86,8,sell
8/31,1605,中國信託-忠孝,6162,182,7,175,0.79,9,buy
8/31,1605,國泰-台南,8884,11,186,-175,0.79,9,sell
8/31,1605,華南永昌-板橋,9349,155,0,155,0.7,10,buy
8/31,1605,元大-桃興,9894,6,173,-167,0.75,10,sell
8/31,1605,華南永昌-苗栗,9362,101,3,98,0.44,11,buy
8/31,1605,元大-台南,9896,4,162,-158,0.71,11,sell
8/31,1605,元大-斗六,0039003800300043,101,5,96,0.43,12,buy
8/31,1605,法銀巴黎,8900,0,144,-144,0.65,12,sell
8/31,1605,元大-太平,0039003800310051,101,13,88,0.4,13,buy
8/31,1605,富邦-二林,0039003600320042,1,123,-122,0.55,13,sell
8/31,1605,凱基,9200,132,49,83,0.37,14,buy
8/31,1605,國票-九鼎,0037003700390050,10,127,-117,0.53,14,sell
8/31,1605,台灣摩根士丹利,1470,1305,1227,78,0.35,15,buy
8/31,1605,中國信託,6160,5,116,-111,0.5,15,sell
8/31,2892,台灣摩根士丹利,1470,16180,987,15193,17.28,1,buy
8/31,2892,新加坡商瑞銀,1650,11279,29018,-17739,20.17,1,sell
8/31,2892,凱基-台北,9268,19909,6225,13684,15.56,2,buy
8/31,2892,土銀,1030,0,8507,-8507,9.67,2,sell
8/31,2892,美商高盛,1480,13266,2196,11070,12.59,3,buy
8/31,2892,國泰證券,8880,113,4000,-3887,4.42,3,sell
8/31,2892,美林,1440,9893,5648,4245,4.83,4,buy
8/31,2892,台新,0039004200300030,16,2927,-2911,3.31,4,sell
8/31,2892,永豐金-匯立,0039004100380031,2144,0,2144,2.44,5,buy
8/31,2892,港商麥格理,1360,618,3402,-2784,3.17,5,sell
8/31,2892,花旗環球,1590,1674,292,1382,1.57,6,buy
8/31,2892,富邦證券,9600,278,1534,-1256,1.43,6,sell
8/31,2892,元大證券,9800,2911,1890,1021,1.16,7,buy
8/31,2892,亞東,2180,5,488,-483,0.55,7,sell
8/31,2892,港商野村,1560,501,56,445,0.51,8,buy
8/31,2892,摩根大通,8440,4033,4512,-479,0.54,8,sell
8/31,2892,新光,8560,603,229,374,0.43,9,buy
8/31,2892,永豐金證券,0039004100300030,150,605,-455,0.52,9,sell
8/31,2892,法銀巴黎,8900,302,33,269,0.31,10,buy
8/31,2892,凱基-三多,9275,1,402,-401,0.46,10,sell
8/31,2892,凱基-市政,9239,216,2,214,0.24,11,buy
8/31,2892,永興,5600,1,300,-299,0.34,11,sell
8/31,2892,第一金-大稻埕,0035003300380046,192,21,171,0.19,12,buy
8/31,2892,富邦-永和,9654,0,284,-284,0.32,12,sell
8/31,2892,香港上海匯豐,8960,240,120,120,0.14,13,buy
8/31,2892,國泰-敦南,8888,115,375,-260,0.3,13,sell
8/31,2892,凱基-站前,0039003200300046,127,27,100,0.11,14,buy
8/31,2892,富邦-板橋,9655,8,203,-195,0.22,14,sell
8/31,2892,元大-士林,003900380031006a,80,4,76,0.09,15,buy
8/31,2892,第一金-台南,5384,10,172,-162,0.18,15,sell
8/31,2886,摩根大通,8440,5646,2181,3465,10.22,1,buy
8/31,2886,富邦證券,9600,430,4441,-4011,11.83,1,sell
8/31,2886,台灣摩根士丹利,1470,5030,2022,3008,8.87,2,buy
8/31,2886,新加坡商瑞銀,1650,4849,7071,-2222,6.55,2,sell
8/31,2886,永豐金-匯立,0039004100380031,2692,0,2692,7.94,3,buy
8/31,2886,美林,1440,1704,3186,-1482,4.37,3,sell
8/31,2886,美商高盛,1480,3592,1013,2579,7.61,4,buy
8/31,2886,元大證券,9800,802,2043,-1241,3.66,4,sell
8/31,2886,花旗環球,1590,1284,478,806,2.38,5,buy
8/31,2886,港商麥格理,1360,1306,2094,-788,2.32,5,sell
8/31,2886,凱基,9200,704,20,684,2.02,6,buy
8/31,2886,台新,0039004200300030,43,800,-757,2.23,6,sell
8/31,2886,第一金,5380,329,0,329,0.97,7,buy
8/31,2886,港商野村,1560,58,736,-678,2.0,7,sell
8/31,2886,玉山證券,8840,179,8,171,0.5,8,buy
8/31,2886,永豐金證券,0039004100300030,37,532,-495,1.46,8,sell
8/31,2886,華南永昌-林口,9317,151,2,149,0.44,9,buy
8/31,2886,凱基-台北,9268,1562,1911,-349,1.03,9,sell
8/31,2886,凱基-市政,9239,148,3,145,0.43,10,buy
8/31,2886,台中銀,6110,0,300,-300,0.88,10,sell
8/31,2886,兆豐證券,7000,141,1,140,0.41,11,buy
8/31,2886,統一,5850,60,347,-287,0.85,11,sell
8/31,2886,臺銀-臺南,1042,150,20,130,0.38,12,buy
8/31,2886,玉山-景美,8849,2,211,-209,0.62,12,sell
8/31,2886,香港上海匯豐,8960,218,131,87,0.26,13,buy
8/31,2886,(牛牛牛)亞-鑫豐,0036003000310064,9,131,-122,0.36,13,sell
8/31,2886,富邦-板橋,9655,70,4,66,0.19,14,buy
8/31,2886,凱基-新豐,9266,0,114,-114,0.34,14,sell
8/31,2886,第一金-光復,0035003300380043,52,0,52,0.15,15,buy
8/31,2886,玉山-高雄,8843,8,105,-97,0.29,15,sell
8/31,0050,國泰證券,8880,2981,8,2973,4.3,1,buy
8/31,0050,法銀巴黎,8900,3,9742,-9739,14.09,1,sell
8/31,0050,富邦證券,9600,1057,240,817,1.18,2,buy
8/31,0050,凱基-台北,9268,8150,12237,-4087,5.91,2,sell
8/31,0050,國泰-敦南,8888,2512,1780,732,1.06,3,buy
8/31,0050,台灣摩根士丹利,1470,211,1771,-1560,2.26,3,sell
8/31,0050,凱基,9200,570,5,565,0.82,4,buy
8/31,0050,元大證券,9800,5207,6692,-1485,2.15,4,sell
8/31,0050,統一,5850,503,95,408,0.59,5,buy
8/31,0050,中國信託,6160,1802,3114,-1312,1.9,5,sell
8/31,0050,群益金鼎,9100,455,47,408,0.59,6,buy
8/31,0050,國票證券,7790,20,1060,-1040,1.5,6,sell
8/31,0050,中國信託-高雄,003600310036004b,2024,1663,361,0.52,7,buy
8/31,0050,第一金-豐原,003500330038004e,17,543,-526,0.76,7,sell
8/31,0050,美好,5260,337,0,337,0.49,8,buy
8/31,0050,元大-內湖,003900380039004e,107,530,-423,0.61,8,sell
8/31,0050,兆豐證券,7000,322,33,289,0.42,9,buy
8/31,0050,元大-大天母,9893,49,427,-378,0.55,9,sell
8/31,0050,永豐金-忠孝,0039004100390044,250,35,215,0.31,10,buy
8/31,0050,永豐金-台南,0039004100390068,123,377,-254,0.37,10,sell
8/31,0050,國泰-台中,8882,506,300,206,0.3,11,buy
8/31,0050,新加坡商瑞銀,1650,1106,1333,-227,0.33,11,sell
8/31,0050,摩根大通,8440,205,0,205,0.3,12,buy
8/31,0050,元大-三民,0039003800390046,93,286,-193,0.28,12,sell
8/31,0050,新光,8560,667,475,192,0.28,13,buy
8/31,0050,元大-桃興,9894,42,215,-173,0.25,13,sell
8/31,0050,玉山證券,8840,272,84,188,0.27,14,buy
8/31,0050,(牛牛牛)亞-鑫豐,0036003000310064,149,276,-127,0.18,14,sell
8/31,0050,元大-雙和,9874,199,18,181,0.26,15,buy
8/31,0050,永豐金證券,0039004100300030,1797,1900,-103,0.15,15,sell
8/31,1216,富邦證券,9600,2424,117,2307,15.98,1,buy
8/31,1216,玉山證券,8840,2,1062,-1060,7.34,1,sell
8/31,1216,花旗環球,1590,1409,294,1115,7.72,2,buy
8/31,1216,新加坡商瑞銀,1650,2067,3091,-1024,7.09,2,sell
8/31,1216,台灣摩根士丹利,1470,1445,376,1069,7.4,3,buy
8/31,1216,華南永昌,9300,0,913,-913,6.32,3,sell
8/31,1216,美商高盛,1480,2606,1542,1064,7.37,4,buy
8/31,1216,凱基-台北,9268,519,1268,-749,5.19,4,sell
8/31,1216,港商野村,1560,464,22,442,3.06,5,buy
8/31,1216,台新-城東,0039004200320072,1,500,-499,3.46,5,sell
8/31,1216,香港上海匯豐,8960,124,0,124,0.86,6,buy
8/31,1216,國泰證券,8880,3,500,-497,3.44,6,sell
8/31,1216,元大-仁愛,003900380033006a,54,0,54,0.37,7,buy
8/31,1216,元大證券,9800,666,1071,-405,2.81,7,sell
8/31,1216,第一金-忠孝,0035003300380044,30,0,30,0.21,8,buy
8/31,1216,摩根大通,8440,1081,1294,-213,1.48,8,sell
8/31,1216,美林,1440,651,625,26,0.18,9,buy
8/31,1216,永豐金證券,0039004100300030,14,188,-174,1.21,9,sell
8/31,1216,台新-高雄,0039004200310067,21,1,20,0.14,10,buy
8/31,1216,法銀巴黎,8900,31,139,-108,0.75,10,sell
8/31,1216,台新,0039004200300030,18,5,13,0.09,11,buy
8/31,1216,港商麥格理,1360,96,186,-90,0.62,11,sell
8/31,1216,凱基-湖口,003900320030004e,11,0,11,0.08,12,buy
8/31,1216,臺銀-臺中,0031003000340041,0,88,-88,0.61,12,sell
8/31,1216,國泰-館前,0038003800380041,11,0,11,0.08,13,buy
8/31,1216,凱基-站前,0039003200300046,1,60,-59,0.41,13,sell
8/31,1216,北城證券,7750,10,0,10,0.07,14,buy
8/31,1216,群益金鼎-敦南,9101,1,46,-45,0.31,14,sell
8/31,1216,富邦-花蓮,9621,20,10,10,0.07,15,buy
8/31,1216,永豐金-中壢,0039004100390039,0,45,-45,0.31,15,sell
8/31,2324,台灣摩根士丹利,1470,6401,380,6021,11.03,1,buy
8/31,2324,港商麥格理,1360,50,3728,-3678,6.74,1,sell
8/31,2324,凱基-台北,9268,3782,849,2933,5.37,2,buy
8/31,2324,摩根大通,8440,2244,3294,-1050,1.92,2,sell
8/31,2324,美林,1440,9093,6200,2893,5.3,3,buy
8/31,2324,統一-嘉義,5858,10,896,-886,1.62,3,sell
8/31,2324,花旗環球,1590,2710,452,2258,4.14,4,buy
8/31,2324,富邦-永和,9654,223,744,-521,0.95,4,sell
8/31,2324,香港上海匯豐,8960,859,0,859,1.57,5,buy
8/31,2324,國泰-敦南,8888,508,845,-337,0.62,5,sell
8/31,2324,新加坡商瑞銀,1650,2459,1619,840,1.54,6,buy
8/31,2324,華南永昌-林口,9317,65,358,-293,0.54,6,sell
8/31,2324,永豐金證券,0039004100300030,893,507,386,0.71,7,buy
8/31,2324,玉山-嘉義,8848,18,303,-285,0.52,7,sell
8/31,2324,美商高盛,1480,5978,5666,312,0.57,8,buy
8/31,2324,(牛牛牛)亞-鑫豐,0036003000310064,74,335,-261,0.48,8,sell
8/31,2324,華南永昌,9300,371,176,195,0.36,9,buy
8/31,2324,富邦-台北,9623,43,284,-241,0.44,9,sell
8/31,2324,國票-新莊,0037003700390047,130,3,127,0.23,10,buy
8/31,2324,新光,8560,256,470,-214,0.39,10,sell
8/31,2324,永豐金-敦南,0039004100380046,232,144,88,0.16,11,buy
8/31,2324,法銀巴黎,8900,0,209,-209,0.38,11,sell
8/31,2324,凱基-板橋,0039003200300041,109,27,82,0.15,12,buy
8/31,2324,國泰證券,8880,32,216,-184,0.34,12,sell
8/31,2324,元大-太平,0039003800310051,115,34,81,0.15,13,buy
8/31,2324,中國信託-忠孝,6162,29,183,-154,0.28,13,sell
8/31,2324,富邦-屏東,0039003600310059,77,4,73,0.13,14,buy
8/31,2324,富邦-羅東,9634,7,152,-145,0.27,14,sell
8/31,2324,統一,5850,200,130,70,0.13,15,buy
8/31,2324,元大-板橋,0039003800390043,18,161,-143,0.26,15,sell
8/31,1402,美商高盛,1480,2669,450,2219,14.98,1,buy
8/31,1402,摩根大通,8440,676,5068,-4392,29.66,1,sell
8/31,1402,花旗環球,1590,1110,103,1007,6.8,2,buy
8/31,1402,美林,1440,1805,2618,-813,5.49,2,sell
8/31,1402,凱基-台北,9268,1389,409,980,6.62,3,buy
8/31,1402,宏遠-館前,0031003200360055,1,450,-449,3.03,3,sell
8/31,1402,台灣摩根士丹利,1470,1252,376,876,5.92,4,buy
8/31,1402,永豐金證券,0039004100300030,87,224,-137,0.93,4,sell
8/31,1402,香港上海匯豐,8960,449,0,449,3.03,5,buy
8/31,1402,臺銀-臺中,0031003000340041,1,100,-99,0.67,5,sell
8/31,1402,元大-土城,9897,368,6,362,2.44,6,buy
8/31,1402,元大-士林,003900380031006a,0,86,-86,0.58,6,sell
8/31,1402,元大證券,9800,347,160,187,1.26,7,buy
8/31,1402,新光,8560,48,128,-80,0.54,7,sell
8/31,1402,元大-頭份,0039003800330055,151,0,151,1.02,8,buy
8/31,1402,玉山-信義,0038003800340043,0,74,-74,0.5,8,sell
8/31,1402,國泰-高雄,8881,143,10,133,0.9,9,buy
8/31,1402,群益金鼎-台南,9185,0,70,-70,0.47,9,sell
8/31,1402,新加坡商瑞銀,1650,2184,2056,128,0.86,10,buy
8/31,1402,凱基-永康,9278,1,68,-67,0.45,10,sell
8/31,1402,統一,5850,114,5,109,0.74,11,buy
8/31,1402,(牛牛牛)亞-鑫豐,0036003000310064,14,72,-58,0.39,11,sell
8/31,1402,玉山-板橋,8846,100,6,94,0.63,12,buy
8/31,1402,臺銀,1040,0,51,-51,0.34,12,sell
8/31,1402,國泰-台中,8882,91,1,90,0.61,13,buy
8/31,1402,富邦-青埔,003900360031004e,5,56,-51,0.34,13,sell
8/31,1402,元大-新竹經國,9859,53,1,52,0.35,14,buy
8/31,1402,美好-苗栗,5265,0,50,-50,0.34,14,sell
8/31,1402,台新-緯城,0039004200320041,50,0,50,0.34,15,buy
8/31,1402,富邦-花蓮,9621,0,40,-40,0.27,15,sell
8/31,2887,新加坡商瑞銀,1650,70447,30272,40175,22.58,1,buy
8/31,2887,摩根大通,8440,12981,31185,-18204,10.23,1,sell
8/31,2887,元大-北投,0039003800390041,5005,60,4945,2.78,2,buy
8/31,2887,美商高盛,1480,18222,23719,-5497,3.09,2,sell
8/31,2887,元大證券,9800,8691,4619,4072,2.29,3,buy
8/31,2887,元大-土城,9897,0,3216,-3216,1.81,3,sell
8/31,2887,港商麥格理,1360,5016,1294,3722,2.09,4,buy
8/31,2887,元大-仁愛,003900380033006a,1,1972,-1971,1.11,4,sell
8/31,2887,港商野村,1560,3794,182,3612,2.03,5,buy
8/31,2887,美林,1440,6401,7989,-1588,0.89,5,sell
8/31,2887,富邦證券,9600,3720,472,3248,1.83,6,buy
8/31,2887,合庫-台南,1022,1,1559,-1558,0.88,6,sell
8/31,2887,花旗環球,1590,5844,2833,3011,1.69,7,buy
8/31,2887,台灣摩根士丹利,1470,6441,7636,-1195,0.67,7,sell
8/31,2887,元大-中和,0039003800390065,2815,30,2785,1.57,8,buy
8/31,2887,統一-南京,0035003800350055,21,1189,-1168,0.66,8,sell
8/31,2887,永豐金-匯立,0039004100380031,1941,305,1636,0.92,9,buy
8/31,2887,永豐金證券,0039004100300030,229,1252,-1023,0.57,9,sell
8/31,2887,華南永昌-敦南,9347,1307,5,1302,0.73,10,buy
8/31,2887,台新,0039004200300030,324,1086,-762,0.43,10,sell
8/31,2887,凱基-台北,9268,10512,9355,1157,0.65,11,buy
8/31,2887,富邦-左營,0039003600360046,16,748,-732,0.41,11,sell
8/31,2887,統一,5850,667,30,637,0.36,12,buy
8/31,2887,合庫-鳳山,1029,0,725,-725,0.41,12,sell
8/31,2887,法銀巴黎,8900,562,56,506,0.28,13,buy
8/31,2887,永豐金-新莊,0039004100390048,200,898,-698,0.39,13,sell
8/31,2887,中國信託,6160,430,83,347,0.2,14,buy
8/31,2887,新光,8560,100,656,-556,0.31,14,sell
8/31,2887,國泰-高雄,8881,374,151,223,0.13,15,buy
8/31,2887,兆豐-岡山,0037003000300073,0,509,-509,0.29,15,sell
8/31,2002,美商高盛,1480,3155,1180,1975,5.84,1,buy
8/31,2002,元大-虎尾,003900380030006c,0,3503,-3503,10.36,1,sell
8/31,2002,凱基-台北,9268,2490,1140,1350,3.99,2,buy
8/31,2002,港商麥格理,1360,0,3481,-3481,10.29,2,sell
8/31,2002,花旗環球,1590,1241,467,774,2.29,3,buy
8/31,2002,台灣摩根士丹利,1470,1654,4760,-3106,9.18,3,sell
8/31,2002,第一金-自由,0035003300380045,330,2,328,0.97,4,buy
8/31,2002,摩根大通,8440,2188,3122,-934,2.76,4,sell
8/31,2002,台新-高雄,0039004200310067,305,11,294,0.87,5,buy
8/31,2002,元大證券,9800,900,1669,-769,2.27,5,sell
8/31,2002,光和,6380,268,2,266,0.79,6,buy
8/31,2002,凱基-雙和,0039003200300043,9,524,-515,1.52,6,sell
8/31,2002,元大-中壢,9834,279,16,263,0.78,7,buy
8/31,2002,統一,5850,20,414,-394,1.16,7,sell
8/31,2002,土銀-玉里,1036,254,0,254,0.75,8,buy
8/31,2002,(牛牛牛)亞-鑫豐,0036003000310064,45,371,-326,0.96,8,sell
8/31,2002,國泰-敦南,8888,373,130,243,0.72,9,buy
8/31,2002,永豐金證券,0039004100300030,113,397,-284,0.84,9,sell
8/31,2002,永豐金-匯立,0039004100380031,336,95,241,0.71,10,buy
8/31,2002,新加坡商瑞銀,1650,5099,5351,-252,0.74,10,sell
8/31,2002,新光,8560,225,0,225,0.67,11,buy
8/31,2002,富邦證券,9600,62,286,-224,0.66,11,sell
8/31,2002,華南永昌-南京,9326,207,3,204,0.6,12,buy
8/31,2002,富邦-台北,9623,66,276,-210,0.62,12,sell
8/31,2002,富邦-台南,9667,187,4,183,0.54,13,buy
8/31,2002,港商野村,1560,289,479,-190,0.56,13,sell
8/31,2002,香港上海匯豐,8960,163,0,163,0.48,14,buy
8/31,2002,台新-世貿,0039004200320075,11,200,-189,0.56,14,sell
8/31,2002,兆豐-中壢,0037003000300062,151,0,151,0.45,15,buy
8/31,2002,法銀巴黎,8900,0,125,-125,0.37,15,sell
8/31,1815,美商高盛,1480,5323,3600,1723,2.14,1,buy
8/31,1815,永豐金證券,0039004100300030,984,2835,-1851,2.29,1,sell
8/31,1815,摩根大通,8440,2117,662,1455,1.8,2,buy
8/31,1815,元大證券,9800,8618,10264,-1646,2.04,2,sell
8/31,1815,永豐金-虎尾,0039004100390062,328,46,282,0.35,3,buy
8/31,1815,台灣摩根士丹利,1470,3103,4333,-1230,1.52,3,sell
8/31,1815,凱基,9200,355,87,268,0.33,4,buy
8/31,1815,凱基-城中,9227,22,1153,-1131,1.4,4,sell
8/31,1815,永豐金-敦南,0039004100380046,479,244,235,0.29,5,buy
8/31,1815,兆豐證券,7000,4,1013,-1009,1.25,5,sell
8/31,1815,玉山-高雄,8843,354,139,215,0.27,6,buy
8/31,1815,新加坡商瑞銀,1650,779,1412,-633,0.78,6,sell
8/31,1815,台新,0039004200300030,817,624,193,0.24,7,buy
8/31,1815,富邦證券,9600,501,943,-442,0.55,7,sell
8/31,1815,台新-安南,003900420032005a,216,31,185,0.23,8,buy
8/31,1815,群益金鼎-館前,0039003100330059,88,418,-330,0.41,8,sell
8/31,1815,凱基-羅東,9258,221,39,182,0.23,9,buy
8/31,1815,玉山-嘉義,8848,76,274,-198,0.25,9,sell
8/31,1815,元大-南屯,9853,270,108,162,0.2,10,buy
8/31,1815,港商野村,1560,254,447,-193,0.24,10,sell
8/31,1815,群益金鼎-大安,0039003100380065,160,8,152,0.19,11,buy
8/31,1815,統一,5850,540,722,-182,0.23,11,sell
8/31,1815,群益金鼎-開元,9134,167,19,148,0.18,12,buy
8/31,1815,國票證券,7790,22,183,-161,0.2,12,sell
8/31,1815,合庫-桃園,0031003000320045,179,37,142,0.18,13,buy
8/31,1815,元大-大天母,9893,394,539,-145,0.18,13,sell
8/31,1815,兆豐-新竹,0037003000300056,150,32,118,0.15,14,buy
8/31,1815,台新-松德,0039004200320061,30,157,-127,0.16,14,sell
8/31,1815,大昌-新竹,6463,126,8,118,0.15,15,buy
8/31,1815,元大-南勢角,0039003800340045,19,134,-115,0.14,15,sell
8/31,0052,群益金鼎,9100,470,18,452,3.5,1,buy
8/31,0052,中國信託,6160,394,1909,-1515,11.72,1,sell
8/31,0052,元大證券,9800,1725,1283,442,3.42,2,buy
8/31,0052,永豐金證券,0039004100300030,169,1157,-988,7.64,2,sell
8/31,0052,凱基,9200,313,0,313,2.42,3,buy
8/31,0052,新加坡商瑞銀,1650,853,1552,-699,5.41,3,sell
8/31,0052,康和,8450,263,0,263,2.03,4,buy
8/31,0052,富邦證券,9600,285,738,-453,3.5,4,sell
8/31,0052,凱基-台北,9268,1018,793,225,1.74,5,buy
8/31,0052,群益金鼎-新莊,0039003100380047,9,271,-262,2.03,5,sell
8/31,0052,台新-高雄,0039004200310067,234,25,209,1.62,6,buy
8/31,0052,新光-新竹,8563,29,200,-171,1.32,6,sell
8/31,0052,國泰證券,8880,157,1,156,1.21,7,buy
8/31,0052,元大-北港,9837,10,124,-114,0.88,7,sell
8/31,0052,元大-和平,9863,150,1,149,1.15,8,buy
8/31,0052,第一金-高雄,5383,5,100,-95,0.73,8,sell
8/31,0052,國泰-板橋,003800380038004b,132,17,115,0.89,9,buy
8/31,0052,美好-中壢,5266,2,82,-80,0.62,9,sell
8/31,0052,富邦-三峽,003900360032004a,144,57,87,0.67,10,buy
8/31,0052,國泰-台中,8882,40,98,-58,0.45,10,sell
8/31,0052,台新,0039004200300030,137,66,71,0.55,11,buy
8/31,0052,華南永昌-東勢,9358,4,56,-52,0.4,11,sell
8/31,0052,第一金-新興,0035003300380041,63,1,62,0.48,12,buy
8/31,0052,玉山-大里,003800380034004a,55,102,-47,0.36,12,sell
8/31,0052,兆豐-高雄,003700300030005a,62,1,61,0.47,13,buy
8/31,0052,凱基-斗六,9281,1,47,-46,0.36,13,sell
8/31,0052,元大-中崙,9813,63,9,54,0.42,14,buy
8/31,0052,元大-大甲,0039003800390055,2,48,-46,0.36,14,sell
8/31,0052,永豐金-敦北,0039004100380039,51,0,51,0.39,15,buy
8/31,0052,合庫-鳳山,1029,3,47,-44,0.34,15,sell
8/31,2301,元大證券,9800,2297,1639,658,2.51,1,buy
8/31,2301,摩根大通,8440,1860,5783,-3923,14.95,1,sell
8/31,2301,台灣摩根士丹利,1470,1490,1106,384,1.46,2,buy
8/31,2301,花旗環球,1590,322,1373,-1051,4.0,2,sell
8/31,2301,群益金鼎,9100,627,278,349,1.33,3,buy
8/31,2301,群益金鼎-台北,0039003100380058,0,605,-605,2.31,3,sell
8/31,2301,富邦-南京,0039003600310043,231,14,217,0.83,4,buy
8/31,2301,永豐金-匯立,0039004100380031,41,453,-412,1.57,4,sell
8/31,2301,台新-台北,0039004200320030,205,13,192,0.73,5,buy
8/31,2301,富邦證券,9600,219,552,-333,1.27,5,sell
8/31,2301,凱基-台北,9268,1144,1007,137,0.52,6,buy
8/31,2301,新加坡商瑞銀,1650,1816,2128,-312,1.19,6,sell
8/31,2301,華南永昌-中正,9359,123,0,123,0.47,7,buy
8/31,2301,凱基-彰化,0039003200300047,16,138,-122,0.46,7,sell
8/31,2301,國泰-新莊,8886,151,30,121,0.46,8,buy
8/31,2301,港商麥格理,1360,180,280,-100,0.38,8,sell
8/31,2301,凱基,9200,228,107,121,0.46,9,buy
8/31,2301,元大-學甲,003900380033004b,12,111,-99,0.38,9,sell
8/31,2301,凱基-高雄,9206,111,22,89,0.34,10,buy
8/31,2301,美商高盛,1480,1442,1534,-92,0.35,10,sell
8/31,2301,國泰-敦南,8888,404,321,83,0.32,11,buy
8/31,2301,富邦-陽明,9604,39,116,-77,0.29,11,sell
8/31,2301,統一-城中,5854,77,8,69,0.26,12,buy
8/31,2301,統一,5850,151,222,-71,0.27,12,sell
8/31,2301,永豐金-中正,0039004100390055,78,9,69,0.26,13,buy
8/31,2301,華南永昌-南京,9326,18,87,-69,0.26,13,sell
8/31,2301,台新-建北,0039004200310038,113,47,66,0.25,14,buy
8/31,2301,永豐金證券,0039004100300030,168,228,-60,0.23,14,sell
8/31,2301,聯邦證券,8580,64,0,64,0.24,15,buy
8/31,2301,元大-和平,9863,6,62,-56,0.21,15,sell
8/31,2834,台灣摩根士丹利,1470,240485,29517,210968,29.88,1,buy
8/31,2834,新加坡商瑞銀,1650,79602,431213,-351611,49.81,1,sell
8/31,2834,美商高盛,1480,168194,4312,163882,23.21,2,buy
8/31,2834,元大證券,9800,7815,42033,-34218,4.85,2,sell
8/31,2834,美林,1440,51377,13253,38124,5.4,3,buy
8/31,2834,花旗環球,1590,30245,45072,-14827,2.1,3,sell
8/31,2834,凱基-台北,9268,50565,23843,26722,3.79,4,buy
8/31,2834,華南永昌-敦南,9347,0,9000,-9000,1.27,4,sell
8/31,2834,摩根大通,8440,44309,29723,14586,2.07,5,buy
8/31,2834,永豐金-匯立,0039004100380031,83,8017,-7934,1.12,5,sell
8/31,2834,國票-長城,0037003700390075,3000,2,2998,0.42,6,buy
8/31,2834,香港上海匯豐,8960,3822,9794,-5972,0.85,6,sell
8/31,2834,富邦-羅東,9634,421,80,341,0.05,7,buy
8/31,2834,法銀巴黎,8900,31,3332,-3301,0.47,7,sell
8/31,2834,國泰-松江,8883,301,11,290,0.04,8,buy
8/31,2834,港商野村,1560,2268,5202,-2934,0.42,8,sell
8/31,2834,(牛牛牛)亞證券,6010,200,0,200,0.03,9,buy
8/31,2834,富邦證券,9600,188,2865,-2677,0.38,9,sell
8/31,2834,華南永昌-斗六,9327,175,22,153,0.02,10,buy
8/31,2834,港商麥格理,1360,14502,16360,-1858,0.26,10,sell
8/31,2834,凱基-城中,9227,112,0,112,0.02,11,buy
8/31,2834,玉山-新莊,8842,45,1012,-967,0.14,11,sell
8/31,2834,國票-中和,0037003700390058,116,6,110,0.02,12,buy
8/31,2834,臺銀-臺南,1042,3,657,-654,0.09,12,sell
8/31,2834,德信-和平,6915,100,0,100,0.01,13,buy
8/31,2834,凱基-豐中,9223,70,606,-536,0.08,13,sell
8/31,2834,亞東,2180,101,1,100,0.01,14,buy
8/31,2834,玉山-新竹,0038003800340048,5,526,-521,0.07,14,sell
8/31,2834,元大-台南,9896,102,5,97,0.01,15,buy
8/31,2834,國泰-高雄,8881,113,570,-457,0.06,15,sell
8/31,2610,台灣摩根士丹利,1470,2022,104,1918,8.63,1,buy
8/31,2610,美商高盛,1480,2857,8579,-5722,25.76,1,sell
8/31,2610,凱基-台北,9268,1899,253,1646,7.41,2,buy
8/31,2610,港商麥格理,1360,0,1932,-1932,8.7,2,sell
8/31,2610,新加坡商瑞銀,1650,3313,2014,1299,5.85,3,buy
8/31,2610,摩根大通,8440,2347,2993,-646,2.91,3,sell
8/31,2610,花旗環球,1590,818,103,715,3.22,4,buy
8/31,2610,富邦-中壢,9636,12,417,-405,1.82,4,sell
8/31,2610,凱基,9200,621,9,612,2.75,5,buy
8/31,2610,凱基-竹科,9272,2,202,-200,0.9,5,sell
8/31,2610,中國信託-高雄,003600310036004b,451,2,449,2.02,6,buy
8/31,2610,凱基-台南,9211,6,204,-198,0.89,6,sell
8/31,2610,香港上海匯豐,8960,461,107,354,1.59,7,buy
8/31,2610,台灣企銀-嘉義,1114,7,200,-193,0.87,7,sell
8/31,2610,新光,8560,276,40,236,1.06,8,buy
8/31,2610,永豐金證券,0039004100300030,96,279,-183,0.82,8,sell
8/31,2610,合庫-台中,1021,232,0,232,1.04,9,buy
8/31,2610,富邦-三重,9677,5,153,-148,0.67,9,sell
8/31,2610,富邦-仁愛,9676,230,6,224,1.01,10,buy
8/31,2610,元大-府城,0039003800300075,3,108,-105,0.47,10,sell
8/31,2610,台新-城中,0039004200320045,204,0,204,0.92,11,buy
8/31,2610,華南永昌,9300,16,119,-103,0.46,11,sell
8/31,2610,美林,1440,389,221,168,0.76,12,buy
8/31,2610,臺銀-臺南,1042,7,109,-102,0.46,12,sell
8/31,2610,元大-土城永寧,9875,162,1,161,0.72,13,buy
8/31,2610,永豐金-市政,0039004100390057,2,100,-98,0.44,13,sell
8/31,2610,國泰-敦南,8888,180,45,135,0.61,14,buy
8/31,2610,元大-林園,003900380031004b,0,95,-95,0.43,14,sell
8/31,2610,永豐金-松山,0039004100390031,129,1,128,0.58,15,buy
8/31,2610,第一金-高雄,5383,1,93,-92,0.41,15,sell
8/31,3481,美林,1440,8670,2034,6636,2.51,1,buy
8/31,3481,富邦證券,9600,1400,12844,-11444,4.33,1,sell
8/31,3481,元大-天母,0039003800310049,1390,312,1078,0.41,2,buy
8/31,3481,台灣摩根士丹利,1470,16835,23653,-6818,2.58,2,sell
8/31,3481,花旗環球,1590,1053,87,966,0.37,3,buy
8/31,3481,元大證券,9800,21147,26666,-5519,2.09,3,sell
8/31,3481,群益金鼎-古亭,0039003100380043,830,106,724,0.27,4,buy
8/31,3481,摩根大通,8440,3160,5933,-2773,1.05,4,sell
8/31,3481,富邦-新板,0039003600310048,698,95,603,0.23,5,buy
8/31,3481,新加坡商瑞銀,1650,4600,6790,-2190,0.83,5,sell
8/31,3481,國泰-敦南,8888,7962,7451,511,0.19,6,buy
8/31,3481,群益金鼎,9100,2145,3632,-1487,0.56,6,sell
8/31,3481,富邦-建國,9658,966,465,501,0.19,7,buy
8/31,3481,美商高盛,1480,2476,3639,-1163,0.44,7,sell
8/31,3481,凱基-林口,9257,508,60,448,0.17,8,buy
8/31,3481,永豐金證券,0039004100300030,1225,2342,-1117,0.42,8,sell
8/31,3481,台新,0039004200300030,1670,1226,444,0.17,9,buy
8/31,3481,法銀巴黎,8900,0,784,-784,0.3,9,sell
8/31,3481,新光-台中,8561,1067,631,436,0.16,10,buy
8/31,3481,港商野村,1560,366,1135,-769,0.29,10,sell
8/31,3481,華南永昌-頭份,9343,451,96,355,0.13,11,buy
8/31,3481,永豐金-羅東,0039004100390041,957,1595,-638,0.24,11,sell
8/31,3481,富邦-員林,9672,493,142,351,0.13,12,buy
8/31,3481,國泰-松江,8883,1215,1724,-509,0.19,12,sell
8/31,3481,永豐金-市政,0039004100390057,662,328,334,0.13,13,buy
8/31,3481,合庫-基隆,1025,51,504,-453,0.17,13,sell
8/31,3481,中國信託-文心,6164,650,330,320,0.12,14,buy
8/31,3481,統一,5850,634,1046,-412,0.16,14,sell
8/31,3481,元大-松江,9801,738,418,320,0.12,15,buy
8/31,3481,永豐金-匯立,0039004100380031,11,366,-355,0.13,15,sell
8/31,2327,國泰-敦南,8888,2198,980,1218,1.71,1,buy
8/31,2327,台灣摩根士丹利,1470,892,6891,-5999,8.4,1,sell
8/31,2327,新光,8560,736,304,432,0.6,2,buy
8/31,2327,凱基-台北,9268,2278,7179,-4901,6.86,2,sell
8/31,2327,花旗環球,1590,952,524,428,0.6,3,buy
8/31,2327,富邦證券,9600,1077,5575,-4498,6.3,3,sell
8/31,2327,台新,0039004200300030,808,381,427,0.6,4,buy
8/31,2327,美商高盛,1480,1373,4924,-3551,4.97,4,sell
8/31,2327,國泰-台中,8882,473,194,279,0.39,5,buy
8/31,2327,凱基-城中,9227,36,2092,-2056,2.88,5,sell
8/31,2327,元大-中山北路,0039003800300061,277,24,253,0.35,6,buy
8/31,2327,統一,5850,570,2020,-1450,2.03,6,sell
8/31,2327,兆豐證券,7000,550,320,230,0.32,7,buy
8/31,2327,元大證券,9800,4710,6094,-1384,1.94,7,sell
8/31,2327,富邦-虎尾,9697,266,43,223,0.31,8,buy
8/31,2327,國票-敦北法人,0037003700390063,229,1407,-1178,1.65,8,sell
8/31,2327,國泰-板橋,003800380038004b,322,132,190,0.27,9,buy
8/31,2327,摩根大通,8440,811,1840,-1029,1.44,9,sell
8/31,2327,玉山證券,8840,336,158,178,0.25,10,buy
8/31,2327,統一-城中,5854,32,702,-670,0.94,10,sell
8/31,2327,兆豐-中壢,0037003000300062,459,281,178,0.25,11,buy
8/31,2327,國票-安和,003700370039005a,102,745,-643,0.9,11,sell
8/31,2327,國票-九鼎,0037003700390050,211,39,172,0.24,12,buy
8/31,2327,群益金鼎,9100,503,1138,-635,0.89,12,sell
8/31,2327,富邦-台北,9623,295,123,172,0.24,13,buy
8/31,2327,宏遠證券,1260,30,590,-560,0.78,13,sell
8/31,2327,國泰-高雄,8881,241,79,162,0.23,14,buy
8/31,2327,美林,1440,392,928,-536,0.75,14,sell
8/31,2327,國泰-館前,0038003800380041,312,151,161,0.23,15,buy
8/31,2327,凱基,9200,125,587,-462,0.65,15,sell
8/31,6182,國泰-敦南,8888,1050,630,420,1.45,1,buy
8/31,6182,元大證券,9800,1951,2955,-1004,3.46,1,sell
8/31,6182,美林,1440,827,430,397,1.37,2,buy
8/31,6182,摩根大通,8440,585,1551,-966,3.33,2,sell
8/31,6182,兆豐-岡山,0037003000300073,217,6,211,0.73,3,buy
8/31,6182,美商高盛,1480,526,1292,-766,2.64,3,sell
8/31,6182,新光,8560,370,161,209,0.72,4,buy
8/31,6182,富邦證券,9600,236,875,-639,2.21,4,sell
8/31,6182,國票-安和,003700370039005a,178,10,168,0.58,5,buy
8/31,6182,台灣摩根士丹利,1470,194,760,-566,1.95,5,sell
8/31,6182,富邦-台北,9623,205,89,116,0.4,6,buy
8/31,6182,凱基-台北,9268,1794,2199,-405,1.4,6,sell
8/31,6182,國票-嘉義,0037003700390048,115,2,113,0.39,7,buy
8/31,6182,國泰證券,8880,10,360,-350,1.21,7,sell
8/31,6182,新加坡商瑞銀,1650,587,478,109,0.38,8,buy
8/31,6182,富邦-板橋,9655,79,358,-279,0.96,8,sell
8/31,6182,元大-新莊,9898,140,39,101,0.35,9,buy
8/31,6182,富邦-內湖,9627,24,258,-234,0.81,9,sell
8/31,6182,台新-屏新,0039004200320071,114,14,100,0.35,10,buy
8/31,6182,群益金鼎,9100,52,250,-198,0.68,10,sell
8/31,6182,國泰-台中,8882,166,95,71,0.25,11,buy
8/31,6182,花旗環球,1590,2,195,-193,0.67,11,sell
8/31,6182,台新-永和,0039004200320042,79,9,70,0.24,12,buy
8/31,6182,統一,5850,48,238,-190,0.66,12,sell
8/31,6182,群益金鼎-新竹,9186,100,32,68,0.23,13,buy
8/31,6182,永豐金-竹科,0039004100390058,41,208,-167,0.58,13,sell
8/31,6182,台新-板橋,0039004200320062,76,12,64,0.22,14,buy
8/31,6182,陽信-石牌,8711,7,147,-140,0.48,14,sell
8/31,6182,台新-台中,0039004200310068,107,48,59,0.2,15,buy
8/31,6182,亞東-板橋,2181,4,143,-139,0.48,15,sell
8/31,2492,美商高盛,1480,3153,1310,1843,3.17,1,buy
8/31,2492,凱基-城中,9227,72,2789,-2717,4.68,1,sell
8/31,2492,美林,1440,1417,604,813,1.4,2,buy
8/31,2492,富邦證券,9600,969,3322,-2353,4.05,2,sell
8/31,2492,國泰-敦南,8888,1570,984,586,1.01,3,buy
8/31,2492,凱基-台北,9268,3948,6030,-2082,3.59,3,sell
8/31,2492,新加坡商瑞銀,1650,2072,1579,493,0.85,4,buy
8/31,2492,國票-敦北法人,0037003700390063,109,1495,-1386,2.39,4,sell
8/31,2492,群益金鼎-大安,0039003100380065,493,16,477,0.82,5,buy
8/31,2492,康和,8450,306,1424,-1118,1.93,5,sell
8/31,2492,國票-長城,0037003700390075,507,33,474,0.82,6,buy
8/31,2492,統一-城中,5854,93,1209,-1116,1.92,6,sell
8/31,2492,美好-蘆洲,5261,152,28,124,0.21,7,buy
8/31,2492,國票-安和,003700370039005a,28,1135,-1107,1.91,7,sell
8/31,2492,國泰-台中,8882,331,219,112,0.19,8,buy
8/31,2492,統一,5850,186,1284,-1098,1.89,8,sell
8/31,2492,台新,0039004200300030,340,230,110,0.19,9,buy
8/31,2492,元大證券,9800,5704,6636,-932,1.61,9,sell
8/31,2492,富邦-建國,9658,154,46,108,0.19,10,buy
8/31,2492,兆豐-民生,0037003000300063,22,469,-447,0.77,10,sell
8/31,2492,富邦-竹科,0039003600320043,123,22,101,0.17,11,buy
8/31,2492,台灣摩根士丹利,1470,1743,2118,-375,0.65,11,sell
8/31,2492,台新-高雄,0039004200310067,205,120,85,0.15,12,buy
8/31,2492,摩根大通,8440,1040,1335,-295,0.51,12,sell
8/31,2492,富邦-仁愛,9676,178,95,83,0.14,13,buy
8/31,2492,永豐金-信義,0039004100390052,7,216,-209,0.36,13,sell
8/31,2492,國泰-板橋,003800380038004b,197,116,81,0.14,14,buy
8/31,2492,永豐金-敦北,0039004100380039,24,219,-195,0.34,14,sell
8/31,2492,國泰-桃園,8885,210,129,81,0.14,15,buy
8/31,2492,統一-仁愛,0035003800350063,20,206,-186,0.32,15,sell
8/31,5904,美林,1440,779,0,779,14.11,1,buy
8/31,5904,港商麥格理,1360,0,448,-448,8.12,1,sell
8/31,5904,新加坡商瑞銀,1650,798,297,501,9.08,2,buy
8/31,5904,康和,8450,1,400,-399,7.23,2,sell
8/31,5904,花旗環球,1590,152,0,152,2.75,3,buy
8/31,5904,兆豐-公益,003700300030004a,3,200,-197,3.57,3,sell
8/31,5904,兆豐-埔墘,003700300030004e,82,0,82,1.49,4,buy
8/31,5904,美商高盛,1480,1329,1479,-150,2.72,4,sell
8/31,5904,台新-新莊,0039004200310039,61,2,59,1.07,5,buy
8/31,5904,元大-大天母,9893,0,103,-103,1.87,5,sell
8/31,5904,永豐金-匯立,0039004100380031,51,0,51,0.92,6,buy
8/31,5904,台灣摩根士丹利,1470,155,229,-74,1.34,6,sell
8/31,5904,台新-埔里,0039004200320059,23,0,23,0.42,7,buy
8/31,5904,凱基-台北,9268,82,125,-43,0.78,7,sell
8/31,5904,國泰-台中,8882,16,2,14,0.25,8,buy
8/31,5904,玉山-左營,0038003800340044,0,24,-24,0.43,8,sell
8/31,5904,京城-嘉義,8492,16,2,14,0.25,9,buy
8/31,5904,台新,0039004200300030,10,30,-20,0.36,9,sell
8/31,5904,元大-上新莊,0039003800330047,13,0,13,0.24,10,buy
8/31,5904,兆豐-高雄,003700300030005a,1,20,-19,0.34,10,sell
8/31,5904,玉山-板橋,8846,13,0,13,0.24,11,buy
8/31,5904,元大-北投,0039003800390041,4,22,-18,0.33,11,sell
8/31,5904,元大-內湖,003900380039004e,12,1,11,0.2,12,buy
8/31,5904,元大-成功,003900380039004c,4,21,-17,0.31,12,sell
8/31,5904,統一-桃園,0035003800350048,14,3,11,0.2,13,buy
8/31,5904,永豐金證券,0039004100300030,12,28,-16,0.29,13,sell
8/31,5904,大昌-樹林,6461,12,1,11,0.2,14,buy
8/31,5904,第一金-桃園,5385,7,22,-15,0.27,14,sell
8/31,5904,國票-天祥,0037003700390056,11,0,11,0.2,15,buy
8/31,5904,國泰-敦南,8888,79,94,-15,0.27,15,sell
8/31,2812,香港上海匯豐,8960,2013,0,2013,14.74,1,buy
8/31,2812,元大證券,9800,145,2355,-2210,16.18,1,sell
8/31,2812,凱基-台北,9268,1686,243,1443,10.56,2,buy
8/31,2812,永豐金-新莊,0039004100390048,20,782,-762,5.58,2,sell
8/31,2812,富邦-羅東,9634,1160,10,1150,8.42,3,buy
8/31,2812,統一-板橋,0035003800350050,0,500,-500,3.66,3,sell
8/31,2812,美林,1440,1122,6,1116,8.17,4,buy
8/31,2812,元大-士林,003900380031006a,0,402,-402,2.94,4,sell
8/31,2812,美商高盛,1480,1327,348,979,7.17,5,buy
8/31,2812,國泰-台中,8882,10,312,-302,2.21,5,sell
8/31,2812,新加坡商瑞銀,1650,2380,1695,685,5.02,6,buy
8/31,2812,宏遠-桃園,1262,0,300,-300,2.2,6,sell
8/31,2812,台灣摩根士丹利,1470,1135,647,488,3.57,7,buy
8/31,2812,華南永昌-豐原,9366,30,329,-299,2.19,7,sell
8/31,2812,元大-台中,9812,429,11,418,3.06,8,buy
8/31,2812,凱基-虎尾,9236,1,237,-236,1.73,8,sell
8/31,2812,花旗環球,1590,303,28,275,2.01,9,buy
8/31,2812,台新,0039004200300030,18,198,-180,1.32,9,sell
8/31,2812,亞東-台中,2187,109,4,105,0.77,10,buy
8/31,2812,元大-屏南,0039003800310072,0,170,-170,1.24,10,sell
8/31,2812,合庫-彰化,1028,61,10,51,0.37,11,buy
8/31,2812,凱基-民權,0039003200310043,0,148,-148,1.08,11,sell
8/31,2812,元大-嘉義,0039003800390067,50,0,50,0.37,12,buy
8/31,2812,國泰-敦南,8888,15,138,-123,0.9,12,sell
8/31,2812,凱基-竹北,9234,42,2,40,0.29,13,buy
8/31,2812,統一-台中,5856,0,116,-116,0.85,13,sell
8/31,2812,台新-埔里,0039004200320059,40,1,39,0.29,14,buy
8/31,2812,凱基-新豐,9266,0,111,-111,0.81,14,sell
8/31,2812,台新-三重,0039004200320033,30,0,30,0.22,15,buy
8/31,2812,元大-大甲,0039003800390055,2,109,-107,0.78,15,sell
8/31,2801,美商高盛,1480,2902,1182,1720,6.09,1,buy
8/31,2801,第一金-新興,0035003300380041,8,1030,-1022,3.62,1,sell
8/31,2801,凱基-台北,9268,2858,1361,1497,5.3,2,buy
8/31,2801,兆豐-板橋,0037003000300042,3,730,-727,2.58,2,sell
8/31,2801,港商野村,1560,1110,24,1086,3.85,3,buy
8/31,2801,富邦-竹北,9624,2,499,-497,1.76,3,sell
8/31,2801,彰銀-七賢,1232,1015,0,1015,3.6,4,buy
8/31,2801,華南永昌-台中,9302,15,426,-411,1.46,4,sell
8/31,2801,第一金,5380,589,0,589,2.09,5,buy
8/31,2801,永豐金-鳳山,0039004100360031,0,348,-348,1.23,5,sell
8/31,2801,摩根大通,8440,2506,1977,529,1.87,6,buy
8/31,2801,富邦-陽明,9604,9,313,-304,1.08,6,sell
8/31,2801,花旗環球,1590,785,267,518,1.84,7,buy
8/31,2801,永豐金-板盛,0039004100390059,7,290,-283,1.0,7,sell
8/31,2801,台灣摩根士丹利,1470,3466,3022,444,1.57,8,buy
8/31,2801,永豐金證券,0039004100300030,94,344,-250,0.89,8,sell
8/31,2801,永豐金-匯立,0039004100380031,428,0,428,1.52,9,buy
8/31,2801,元大-屏南,0039003800310072,4,236,-232,0.82,9,sell
8/31,2801,富邦證券,9600,460,180,280,0.99,10,buy
8/31,2801,統一-三重,003500380035004a,0,200,-200,0.71,10,sell
8/31,2801,美林,1440,687,462,225,0.8,11,buy
8/31,2801,富邦-仁愛,9676,4,188,-184,0.65,11,sell
8/31,2801,新加坡商瑞銀,1650,4819,4596,223,0.79,12,buy
8/31,2801,永豐金-桃盛,003900410039004e,0,178,-178,0.63,12,sell
8/31,2801,元大-內湖民權,9867,100,2,98,0.35,13,buy
8/31,2801,日茂-埔里,5961,0,175,-175,0.62,13,sell
8/31,2801,土銀-台南,1032,65,1,64,0.23,14,buy
8/31,2801,國票-長城,0037003700390075,0,163,-163,0.58,14,sell
8/31,2801,台新-新營,0039004200310031,61,2,59,0.21,15,buy
8/31,2801,國泰-敦南,8888,110,258,-148,0.52,15,sell
8/31,2885,摩根大通,8440,6537,1935,4602,8.24,1,buy
8/31,2885,港商麥格理,1360,688,3701,-3013,5.39,1,sell
8/31,2885,花旗環球,1590,4401,463,3938,7.05,2,buy
8/31,2885,新加坡商瑞銀,1650,22917,25385,-2468,4.42,2,sell
8/31,2885,台灣摩根士丹利,1470,4907,970,3937,7.05,3,buy
8/31,2885,元大證券,9800,283,2292,-2009,3.6,3,sell
8/31,2885,美商高盛,1480,7245,4251,2994,5.36,4,buy
8/31,2885,玉山證券,8840,64,1036,-972,1.74,4,sell
8/31,2885,美林,1440,3364,2100,1264,2.26,5,buy
8/31,2885,港商野村,1560,56,847,-791,1.42,5,sell
8/31,2885,臺銀,1040,302,4,298,0.53,6,buy
8/31,2885,富邦證券,9600,81,860,-779,1.39,6,sell
8/31,2885,永豐金-匯立,0039004100380031,491,271,220,0.39,7,buy
8/31,2885,凱基-三多,9275,0,500,-500,0.9,7,sell
8/31,2885,台灣企銀-台中,1111,100,0,100,0.18,8,buy
8/31,2885,永豐金證券,0039004100300030,50,489,-439,0.79,8,sell
8/31,2885,第一金,5380,64,3,61,0.11,9,buy
8/31,2885,凱基-台北,9268,1371,1637,-266,0.48,9,sell
8/31,2885,元大-內湖民權,9867,55,8,47,0.08,10,buy
8/31,2885,元大-員林中山,9835,0,213,-213,0.38,10,sell
8/31,2885,元大-北屯,0039003800390064,49,3,46,0.08,11,buy
8/31,2885,永豐金-鳳山,0039004100360031,3,206,-203,0.36,11,sell
8/31,2885,福邦證券,6480,40,0,40,0.07,12,buy
8/31,2885,香港上海匯豐,8960,571,723,-152,0.27,12,sell
8/31,2885,凱基-五股,0039003200310047,40,1,39,0.07,13,buy
8/31,2885,光和,6380,0,150,-150,0.27,13,sell
8/31,2885,土銀-玉里,1036,30,0,30,0.05,14,buy
8/31,2885,國泰-敦南,8888,119,242,-123,0.22,14,sell
8/31,2885,永豐金-板新,003900410039004a,31,5,26,0.05,15,buy
8/31,2885,元大-楊梅,0039003800370041,6,118,-112,0.2,15,sell
8/31,5483,元大-斗六,0039003800300043,610,5,605,3.84,1,buy
8/31,5483,台灣摩根士丹利,1470,417,2040,-1623,10.29,1,sell
8/31,5483,永豐金證券,0039004100300030,484,72,412,2.61,2,buy
8/31,5483,美商高盛,1480,163,1069,-906,5.75,2,sell
8/31,5483,台灣企銀,1110,209,4,205,1.3,3,buy
8/31,5483,新加坡商瑞銀,1650,82,930,-848,5.38,3,sell
8/31,5483,統一-敦南,5852,133,0,133,0.84,4,buy
8/31,5483,元大證券,9800,1016,1796,-780,4.95,4,sell
8/31,5483,港商麥格理,1360,186,61,125,0.79,5,buy
8/31,5483,美林,1440,44,634,-590,3.74,5,sell
8/31,5483,第一金-自由,0035003300380045,120,5,115,0.73,6,buy
8/31,5483,摩根大通,8440,302,632,-330,2.09,6,sell
8/31,5483,玉山證券,8840,119,5,114,0.72,7,buy
8/31,5483,港商野村,1560,54,354,-300,1.9,7,sell
8/31,5483,國泰-敦南,8888,371,272,99,0.63,8,buy
8/31,5483,凱基,9200,1,200,-199,1.26,8,sell
8/31,5483,富邦-台南,9667,144,46,98,0.62,9,buy
8/31,5483,凱基-台北,9268,964,1137,-173,1.1,9,sell
8/31,5483,玉山-城中,0038003800340045,92,8,84,0.53,10,buy
8/31,5483,群益金鼎,9100,269,378,-109,0.69,10,sell
8/31,5483,國泰-台中,8882,102,31,71,0.45,11,buy
8/31,5483,元大-崇德,0039003800310053,7,110,-103,0.65,11,sell
8/31,5483,新光,8560,130,64,66,0.42,12,buy
8/31,5483,國泰證券,8880,13,69,-56,0.36,12,sell
8/31,5483,元大-北港,9837,82,18,64,0.41,13,buy
8/31,5483,群益金鼎-南京,0039003100380045,16,65,-49,0.31,13,sell
8/31,5483,土銀,1030,54,1,53,0.34,14,buy
8/31,5483,兆豐證券,7000,7,54,-47,0.3,14,sell
8/31,5483,富邦-新竹,9647,100,50,50,0.32,15,buy
8/31,5483,統一,5850,43,86,-43,0.27,15,sell
8/31,8069,元大證券,9800,1787,695,1092,8.78,1,buy
8/31,8069,美林,1440,349,2420,-2071,16.65,1,sell
8/31,8069,港商野村,1560,619,156,463,3.72,2,buy
8/31,8069,花旗環球,1590,270,1307,-1037,8.34,2,sell
8/31,8069,永豐金-內湖,0039004100390067,134,6,128,1.03,3,buy
8/31,8069,美商高盛,1480,537,1172,-635,5.11,3,sell
8/31,8069,永豐金-匯立,0039004100380031,132,19,113,0.91,4,buy
8/31,8069,新加坡商瑞銀,1650,809,1374,-565,4.54,4,sell
8/31,8069,元大-新店中正,0039003800340043,97,5,92,0.74,5,buy
8/31,8069,港商麥格理,1360,58,557,-499,4.01,5,sell
8/31,8069,香港上海匯豐,8960,90,0,90,0.72,6,buy
8/31,8069,凱基,9200,162,527,-365,2.93,6,sell
8/31,8069,國泰-敦南,8888,101,30,71,0.57,7,buy
8/31,8069,凱基-台北,9268,632,871,-239,1.92,7,sell
8/31,8069,群益金鼎-大安,0039003100380065,70,0,70,0.56,8,buy
8/31,8069,台灣摩根士丹利,1470,812,966,-154,1.24,8,sell
8/31,8069,宏遠-桃園,1262,56,0,56,0.45,9,buy
8/31,8069,華南永昌,9300,6,146,-140,1.13,9,sell
8/31,8069,新光,8560,71,20,51,0.41,10,buy
8/31,8069,摩根大通,8440,279,398,-119,0.96,10,sell
8/31,8069,富邦-竹科,0039003600320043,55,6,49,0.39,11,buy
8/31,8069,法銀巴黎,8900,0,94,-94,0.76,11,sell
8/31,8069,富邦證券,9600,77,32,45,0.36,12,buy
8/31,8069,永豐金證券,0039004100300030,60,143,-83,0.67,12,sell
8/31,8069,元大-仁愛,003900380033006a,45,0,45,0.36,13,buy
8/31,8069,群益金鼎-台北,0039003100380058,0,40,-40,0.32,13,sell
8/31,8069,元大-館前,003900380034004b,45,0,45,0.36,14,buy
8/31,8069,永豐金-板盛,0039004100390059,8,46,-38,0.31,14,sell
8/31,8069,台新-松德,0039004200320061,43,0,43,0.35,15,buy
8/31,8069,國票-北高雄,003700370039004a,3,23,-20,0.16,15,sell
8/31,2344,新加坡商瑞銀,1650,139294,50566,88728,26.0,1,buy
8/31,2344,美商高盛,1480,7510,68520,-61010,17.88,1,sell
8/31,2344,花旗環球,1590,25307,5030,20277,5.94,2,buy
8/31,2344,摩根大通,8440,26040,74166,-48126,14.1,2,sell
8/31,2344,港商麥格理,1360,9301,203,9098,2.67,3,buy
8/31,2344,台灣摩根士丹利,1470,7734,33739,-26005,7.62,3,sell
8/31,2344,元大證券,9800,21867,12894,8973,2.63,4,buy
8/31,2344,香港上海匯豐,8960,4338,6954,-2616,0.77,4,sell
8/31,2344,凱基-台北,9268,15560,9380,6180,1.81,5,buy
8/31,2344,元大-館前,003900380034004b,113,2290,-2177,0.64,5,sell
8/31,2344,美林,1440,11125,5007,6118,1.79,6,buy
8/31,2344,康和-台北,0038003400350055,49,1721,-1672,0.49,6,sell
8/31,2344,富邦證券,9600,8770,2854,5916,1.73,7,buy
8/31,2344,凱基,9200,211,764,-553,0.16,7,sell
8/31,2344,永豐金-匯立,0039004100380031,4003,407,3596,1.05,8,buy
8/31,2344,國泰-敦南,8888,3155,3616,-461,0.14,8,sell
8/31,2344,港商野村,1560,2689,908,1781,0.52,9,buy
8/31,2344,玉山-台南,8847,82,393,-311,0.09,9,sell
8/31,2344,永豐金證券,0039004100300030,1438,774,664,0.19,10,buy
8/31,2344,凱基-城中,9227,54,289,-235,0.07,10,sell
8/31,2344,玉山-新莊,8842,616,132,484,0.14,11,buy
8/31,2344,群益金鼎-台南,9185,26,260,-234,0.07,11,sell
8/31,2344,群益金鼎,9100,674,288,386,0.11,12,buy
8/31,2344,元大-台北,0039003800300068,57,273,-216,0.06,12,sell
8/31,2344,凱基-大里,0039003200300057,257,48,209,0.06,13,buy
8/31,2344,中國信託-文心,6164,112,302,-190,0.06,13,sell
8/31,2344,大和國泰,8890,193,0,193,0.06,14,buy
8/31,2344,合庫-桃園,0031003000320045,47,202,-155,0.05,14,sell
8/31,2344,台灣企銀-竹北,1117,156,6,150,0.04,15,buy
8/31,2344,國泰-桃園,8885,288,436,-148,0.04,15,sell
8/31,2027,統一,5850,4105,15,4090,24.93,1,buy
8/31,2027,元大證券,9800,194,2254,-2060,12.55,1,sell
8/31,2027,香港上海匯豐,8960,2540,0,2540,15.48,2,buy
8/31,2027,新加坡商瑞銀,1650,106,1985,-1879,11.45,2,sell
8/31,2027,花旗環球,1590,393,9,384,2.34,3,buy
8/31,2027,台灣摩根士丹利,1470,612,1748,-1136,6.92,3,sell
8/31,2027,聯邦-高雄,8581,300,0,300,1.83,4,buy
8/31,2027,台新-台南,0039004200310036,21,691,-670,4.08,4,sell
8/31,2027,美商高盛,1480,1028,893,135,0.82,5,buy
8/31,2027,摩根大通,8440,642,1235,-593,3.61,5,sell
8/31,2027,富邦-台北,9623,123,6,117,0.71,6,buy
8/31,2027,凱基-和平,9255,0,500,-500,3.05,6,sell
8/31,2027,華南永昌-苗栗,9362,102,0,102,0.62,7,buy
8/31,2027,凱基-台北,9268,1244,1618,-374,2.28,7,sell
8/31,2027,元大-大里,0039003800310067,81,2,79,0.48,8,buy
8/31,2027,永豐金證券,0039004100300030,78,411,-333,2.03,8,sell
8/31,2027,陽信-石牌,8711,75,12,63,0.38,9,buy
8/31,2027,第一金-高雄,5383,0,207,-207,1.26,9,sell
8/31,2027,凱基-虎尾,9236,64,4,60,0.37,10,buy
8/31,2027,群益金鼎-中壢,0039003100380041,11,191,-180,1.1,10,sell
8/31,2027,元大-善化,0039003800310079,59,4,55,0.34,11,buy
8/31,2027,港商野村,1560,6,161,-155,0.94,11,sell
8/31,2027,元大-發財,0039003800310045,57,2,55,0.34,12,buy
8/31,2027,臺銀-新竹,1045,1,105,-104,0.63,12,sell
8/31,2027,國票-博愛,003700370039007a,118,66,52,0.32,13,buy
8/31,2027,台灣企銀-岡山,1119,0,100,-100,0.61,13,sell
8/31,2027,元大-基隆孝二,003900380036004b,52,1,51,0.31,14,buy
8/31,2027,統一-台中,5856,14,65,-51,0.31,14,sell
8/31,2027,永豐金-敦北,0039004100380039,48,1,47,0.29,15,buy
8/31,2027,凱基-市政,9239,2,53,-51,0.31,15,sell
8/31,2884,花旗環球,1590,10061,1951,8110,10.86,1,buy
8/31,2884,凱基-台北,9268,5213,10829,-5616,7.52,1,sell
8/31,2884,新加坡商瑞銀,1650,23853,20730,3123,4.18,2,buy
8/31,2884,元大-北投,0039003800390041,21,5078,-5057,6.77,2,sell
8/31,2884,台灣摩根士丹利,1470,5557,2925,2632,3.53,3,buy
8/31,2884,美林,1440,3113,4846,-1733,2.32,3,sell
8/31,2884,法銀巴黎,8900,2739,604,2135,2.86,4,buy
8/31,2884,永豐金證券,0039004100300030,203,1768,-1565,2.1,4,sell
8/31,2884,統一,5850,1859,117,1742,2.33,5,buy
8/31,2884,元大證券,9800,1240,2722,-1482,1.99,5,sell
8/31,2884,港商麥格理,1360,2612,877,1735,2.32,6,buy
8/31,2884,玉山證券,8840,17,409,-392,0.53,6,sell
8/31,2884,台新-建北,0039004200310038,1657,7,1650,2.21,7,buy
8/31,2884,元大-高雄,003900380031006d,0,310,-310,0.42,7,sell
8/31,2884,美商高盛,1480,5066,3862,1204,1.61,8,buy
8/31,2884,新光,8560,13,242,-229,0.31,8,sell
8/31,2884,香港上海匯豐,8960,1324,264,1060,1.42,9,buy
8/31,2884,國泰-敦南,8888,163,390,-227,0.3,9,sell
8/31,2884,永豐金-匯立,0039004100380031,1219,168,1051,1.41,10,buy
8/31,2884,玉山-城中,0038003800340045,2,222,-220,0.29,10,sell
8/31,2884,台新,0039004200300030,1222,182,1040,1.39,11,buy
8/31,2884,元大-北屯,0039003800390064,0,213,-213,0.29,11,sell
8/31,2884,港商野村,1560,444,54,390,0.52,12,buy
8/31,2884,玉山-信義,0038003800340043,34,226,-192,0.26,12,sell
8/31,2884,康和,8450,200,0,200,0.27,13,buy
8/31,2884,中國信託,6160,6,175,-169,0.23,13,sell
8/31,2884,摩根大通,8440,3560,3405,155,0.21,14,buy
8/31,2884,玉山-新莊,8842,18,158,-140,0.19,14,sell
8/31,2884,大和國泰,8890,118,0,118,0.16,15,buy
8/31,2884,新光-桃園,8565,0,117,-117,0.16,15,sell
8/31,5880,新加坡商瑞銀,1650,23948,16637,7311,16.1,1,buy
8/31,5880,美商高盛,1480,1417,3761,-2344,5.16,1,sell
8/31,5880,美林,1440,2816,268,2548,5.61,2,buy
8/31,5880,永豐金-匯立,0039004100380031,552,2520,-1968,4.33,2,sell
8/31,5880,元大證券,9800,2516,1454,1062,2.34,3,buy
8/31,5880,華南永昌-古亭,9309,0,930,-930,2.05,3,sell
8/31,5880,摩根大通,8440,3634,2770,864,1.9,4,buy
8/31,5880,凱基-台北,9268,1287,2148,-861,1.9,4,sell
8/31,5880,花旗環球,1590,1283,509,774,1.7,5,buy
8/31,5880,永豐金證券,0039004100300030,34,499,-465,1.02,5,sell
8/31,5880,港商麥格理,1360,1179,459,720,1.59,6,buy
8/31,5880,合庫-台南,1022,2,273,-271,0.6,6,sell
8/31,5880,玉山-景美,8849,630,15,615,1.35,7,buy
8/31,5880,富邦證券,9600,28,289,-261,0.57,7,sell
8/31,5880,台灣摩根士丹利,1470,2704,2101,603,1.33,8,buy
8/31,5880,元大-員林,9889,4,223,-219,0.48,8,sell
8/31,5880,永豐金-高雄,0039004100390065,500,2,498,1.1,9,buy
8/31,5880,富邦-敦南,9663,0,212,-212,0.47,9,sell
8/31,5880,香港上海匯豐,8960,443,131,312,0.69,10,buy
8/31,5880,富邦-新莊,0039003600320044,0,202,-202,0.44,10,sell
8/31,5880,土銀-花蓮,1037,187,0,187,0.41,11,buy
8/31,5880,國泰-敦南,8888,80,281,-201,0.44,11,sell
8/31,5880,大和國泰,8890,135,0,135,0.3,12,buy
8/31,5880,合庫-彰化,1028,17,204,-187,0.41,12,sell
8/31,5880,台灣企銀,1110,100,0,100,0.22,13,buy
8/31,5880,永豐金-桃園,0039004100390078,0,177,-177,0.39,13,sell
8/31,5880,第一金-嘉義,003500330038004d,100,0,100,0.22,14,buy
8/31,5880,新光-桃園,8565,0,172,-172,0.38,14,sell
8/31,5880,兆豐-埔墘,003700300030004e,100,7,93,0.2,15,buy
8/31,5880,兆豐-北高雄,0037003000300049,0,171,-171,0.38,15,sell
8/31,1303,元大證券,9800,29258,18700,10558,6.23,1,buy
8/31,1303,國泰-敦南,8888,4079,5911,-1832,1.08,1,sell
8/31,1303,富邦證券,9600,10774,1938,8836,5.21,2,buy
8/31,1303,摩根大通,8440,2586,4321,-1735,1.02,2,sell
8/31,1303,台新-台北,0039004200320030,6804,875,5929,3.5,3,buy
8/31,1303,華南永昌,9300,581,1702,-1121,0.66,3,sell
8/31,1303,美商高盛,1480,8906,4730,4176,2.46,4,buy
8/31,1303,永豐金證券,0039004100300030,1387,2320,-933,0.55,4,sell
8/31,1303,群益金鼎,9100,3643,1043,2600,1.53,5,buy
8/31,1303,元大-復北,9872,498,1190,-692,0.41,5,sell
8/31,1303,國票-敦北法人,0037003700390063,2646,79,2567,1.51,6,buy
8/31,1303,富邦-台北,9623,210,835,-625,0.37,6,sell
8/31,1303,台灣摩根士丹利,1470,8416,6138,2278,1.34,7,buy
8/31,1303,港商野村,1560,366,970,-604,0.36,7,sell
8/31,1303,凱基-台北,9268,9820,7573,2247,1.33,8,buy
8/31,1303,玉山-新莊,8842,119,700,-581,0.34,8,sell
8/31,1303,統一,5850,4238,2147,2091,1.23,9,buy
8/31,1303,元大-敦化,9833,767,1285,-518,0.31,9,sell
8/31,1303,凱基-信義,9216,1710,76,1634,0.96,10,buy
8/31,1303,美林,1440,1857,2308,-451,0.27,10,sell
8/31,1303,花旗環球,1590,1773,299,1474,0.87,11,buy
8/31,1303,新光,8560,749,1198,-449,0.26,11,sell
8/31,1303,凱基-城中,9227,1475,238,1237,0.73,12,buy
8/31,1303,玉山-高雄,8843,127,540,-413,0.24,12,sell
8/31,1303,國票-安和,003700370039005a,1285,131,1154,0.68,13,buy
8/31,1303,元大-北投,0039003800390041,243,625,-382,0.23,13,sell
8/31,1303,新加坡商瑞銀,1650,3414,2897,517,0.3,14,buy
8/31,1303,台新,0039004200300030,1067,1416,-349,0.21,14,sell
8/31,1303,凱基,9200,554,49,505,0.3,15,buy
8/31,1303,富邦-仁愛,9676,140,477,-337,0.2,15,sell
8/31,9904,美商高盛,1480,3416,169,3247,16.92,1,buy
8/31,9904,新加坡商瑞銀,1650,2546,4369,-1823,9.5,1,sell
8/31,9904,香港上海匯豐,8960,2831,0,2831,14.75,2,buy
8/31,9904,玉山-高雄,8843,0,430,-430,2.24,2,sell
8/31,9904,凱基-台北,9268,2564,1011,1553,8.09,3,buy
8/31,9904,摩根大通,8440,1142,1556,-414,2.16,3,sell
8/31,9904,台灣摩根士丹利,1470,1565,151,1414,7.37,4,buy
8/31,9904,港商野村,1560,0,366,-366,1.91,4,sell
8/31,9904,美林,1440,1373,186,1187,6.19,5,buy
8/31,9904,國泰-敦南,8888,36,366,-330,1.72,5,sell
8/31,9904,富邦-公益,0039003600310046,462,12,450,2.35,6,buy
8/31,9904,元大-雙和,9874,7,317,-310,1.62,6,sell
8/31,9904,元大-民生三民,0039003800390058,250,0,250,1.3,7,buy
8/31,9904,凱基-台中,9204,0,277,-277,1.44,7,sell
8/31,9904,元大-萬華,0039003800310071,250,1,249,1.3,8,buy
8/31,9904,元大證券,9800,275,528,-253,1.32,8,sell
8/31,9904,華南永昌,9300,237,47,190,0.99,9,buy
8/31,9904,元大-館前,003900380034004b,101,309,-208,1.08,9,sell
8/31,9904,台新-府城,0039004200320039,90,1,89,0.46,10,buy
8/31,9904,玉山-左營,0038003800340044,0,207,-207,1.08,10,sell
8/31,9904,新光-新竹,8563,58,0,58,0.3,11,buy
8/31,9904,新光,8560,10,216,-206,1.07,11,sell
8/31,9904,永豐金-敦南,0039004100380046,56,0,56,0.29,12,buy
8/31,9904,元大-敦南,0039003800390050,0,205,-205,1.07,12,sell
8/31,9904,中國信託-永康,6163,50,0,50,0.26,13,buy
8/31,9904,第一金-自由,0035003300380045,4,200,-196,1.02,13,sell
8/31,9904,富邦-新店,9661,56,14,42,0.22,14,buy
8/31,9904,凱基-高雄,9206,3,181,-178,0.93,14,sell
8/31,9904,兆豐證券,7000,42,1,41,0.21,15,buy
8/31,9904,玉山-嘉義,8848,6,155,-149,0.78,15,sell
8/31,6005,凱基-台北,9268,957,276,681,8.39,1,buy
8/31,6005,新加坡商瑞銀,1650,1375,3202,-1827,22.51,1,sell
8/31,6005,摩根大通,8440,705,328,377,4.64,2,buy
8/31,6005,台灣摩根士丹利,1470,346,817,-471,5.8,2,sell
8/31,6005,凱基,9200,275,0,275,3.39,3,buy
8/31,6005,美商高盛,1480,1128,1523,-395,4.87,3,sell
8/31,6005,台新-林園,0039004200320037,174,0,174,2.14,4,buy
8/31,6005,花旗環球,1590,73,212,-139,1.71,4,sell
8/31,6005,富邦-羅東,9634,102,1,101,1.24,5,buy
8/31,6005,玉山-台中,0038003800340042,1,124,-123,1.52,5,sell
8/31,6005,凱基-城中,9227,98,0,98,1.21,6,buy
8/31,6005,元大-中壢,9834,2,74,-72,0.89,6,sell
8/31,6005,兆豐-復興,0037003000300070,81,0,81,1.0,7,buy
8/31,6005,港商野村,1560,44,109,-65,0.8,7,sell
8/31,6005,永豐金-大園,0039004100390038,80,0,80,0.99,8,buy
8/31,6005,台新,0039004200300030,56,111,-55,0.68,8,sell
8/31,6005,永豐金-市政,0039004100390057,80,1,79,0.97,9,buy
8/31,6005,永豐金證券,0039004100300030,15,69,-54,0.67,9,sell
8/31,6005,華南永昌-高雄,9303,70,7,63,0.78,10,buy
8/31,6005,凱基-站前,0039003200300046,6,52,-46,0.57,10,sell
8/31,6005,國泰-敦南,8888,67,18,49,0.6,11,buy
8/31,6005,凱基-嘉義,9252,19,51,-32,0.39,11,sell
8/31,6005,美林,1440,131,85,46,0.57,12,buy
8/31,6005,兆豐-寶成,0037003000300072,0,30,-30,0.37,12,sell
8/31,6005,(牛牛牛)亞-鑫豐,0036003000310064,40,0,40,0.49,13,buy
8/31,6005,第一金-嘉義,003500330038004d,1,30,-29,0.36,13,sell
8/31,6005,合庫-新竹,0031003000320041,40,0,40,0.49,14,buy
8/31,6005,元大-東泰,9817,2,30,-28,0.34,14,sell
8/31,6005,群益金鼎-高盛,9105,39,0,39,0.48,15,buy
8/31,6005,元大-古亭,003900380039006b,0,25,-25,0.31,15,sell
8/31,5388,群益金鼎-高雄,9183,101,1,100,3.94,1,buy
8/31,5388,美商高盛,1480,188,511,-323,12.74,1,sell
8/31,5388,凱基-台北,9268,171,86,85,3.35,2,buy
8/31,5388,新加坡商瑞銀,1650,81,267,-186,7.33,2,sell
8/31,5388,安泰,8380,43,0,43,1.7,3,buy
8/31,5388,花旗環球,1590,7,176,-169,6.66,3,sell
8/31,5388,統一-南京,0035003800350055,32,0,32,1.26,4,buy
8/31,5388,香港上海匯豐,8960,0,121,-121,4.77,4,sell
8/31,5388,富邦-建國,9658,36,4,32,1.26,5,buy
8/31,5388,凱基,9200,0,115,-115,4.53,5,sell
8/31,5388,華南永昌-虎尾,9377,35,5,30,1.18,6,buy
8/31,5388,美林,1440,45,135,-90,3.55,6,sell
8/31,5388,凱基-林口,9257,24,0,24,0.95,7,buy
8/31,5388,港商野村,1560,1,55,-54,2.13,7,sell
8/31,5388,台灣摩根士丹利,1470,120,97,23,0.91,8,buy
8/31,5388,華南永昌-林口,9317,0,40,-40,1.58,8,sell
8/31,5388,國泰-敦南,8888,39,17,22,0.87,9,buy
8/31,5388,摩根大通,8440,154,178,-24,0.95,9,sell
8/31,5388,新光-台南,8564,22,0,22,0.87,10,buy
8/31,5388,台新,0039004200300030,1,16,-15,0.59,10,sell
8/31,5388,群益金鼎-土城,003900310033004e,20,0,20,0.79,11,buy
8/31,5388,國泰-板橋,003800380038004b,5,19,-14,0.55,11,sell
8/31,5388,福勝,6950,20,0,20,0.79,12,buy
8/31,5388,統一-員林,0035003800350049,0,12,-12,0.47,12,sell
8/31,5388,國泰-忠孝,8887,20,0,20,0.79,13,buy
8/31,5388,兆豐證券,7000,9,21,-12,0.47,13,sell
8/31,5388,凱基-八德,003900320031004d,20,0,20,0.79,14,buy
8/31,5388,富邦-永康,003900360031005a,1,13,-12,0.47,14,sell
8/31,5388,凱基-站前,0039003200300046,18,0,18,0.71,15,buy
8/31,5388,台新-松德,0039004200320061,1,12,-11,0.43,15,sell
8/31,2449,群益金鼎,9100,1014,351,663,1.76,1,buy
8/31,2449,美商高盛,1480,784,4924,-4140,10.99,1,sell
8/31,2449,華南永昌,9300,700,65,635,1.69,2,buy
8/31,2449,台灣摩根士丹利,1470,381,4276,-3895,10.34,2,sell
8/31,2449,國泰-敦南,8888,1118,509,609,1.62,3,buy
8/31,2449,摩根大通,8440,115,3942,-3827,10.16,3,sell
8/31,2449,國泰證券,8880,396,91,305,0.81,4,buy
8/31,2449,凱基-台北,9268,910,3029,-2119,5.62,4,sell
8/31,2449,凱基,9200,366,84,282,0.75,5,buy
8/31,2449,新加坡商瑞銀,1650,927,2357,-1430,3.8,5,sell
8/31,2449,統一,5850,569,328,241,0.64,6,buy
8/31,2449,港商野村,1560,39,698,-659,1.75,6,sell
8/31,2449,凱基-三重,9205,225,15,210,0.56,7,buy
8/31,2449,香港上海匯豐,8960,44,552,-508,1.35,7,sell
8/31,2449,統一-新竹,5857,185,4,181,0.48,8,buy
8/31,2449,元大證券,9800,2882,3206,-324,0.86,8,sell
8/31,2449,國泰-板橋,003800380038004b,196,38,158,0.42,9,buy
8/31,2449,台新,0039004200300030,350,672,-322,0.85,9,sell
8/31,2449,統一-南京,0035003800350055,190,39,151,0.4,10,buy
8/31,2449,永豐金-信義,0039004100390052,12,273,-261,0.69,10,sell
8/31,2449,統一-城中,5854,150,4,146,0.39,11,buy
8/31,2449,康和,8450,14,207,-193,0.51,11,sell
8/31,2449,台新-大裕,003900420032006c,146,5,141,0.37,12,buy
8/31,2449,永豐金證券,0039004100300030,445,577,-132,0.35,12,sell
8/31,2449,新光,8560,250,125,125,0.33,13,buy
8/31,2449,港商麥格理,1360,17,146,-129,0.34,13,sell
8/31,2449,凱基-站前,0039003200300046,148,26,122,0.32,14,buy
8/31,2449,富邦-南屯,9666,55,169,-114,0.3,14,sell
8/31,2449,國票-九鼎,0037003700390050,134,12,122,0.32,15,buy
8/31,2449,群益金鼎-台北,0039003100380058,7,100,-93,0.25,15,sell
8/31,3702,美商高盛,1480,1137,689,448,4.02,1,buy
8/31,3702,永豐金證券,0039004100300030,117,1721,-1604,14.4,1,sell
8/31,3702,凱基-台北,9268,758,443,315,2.83,2,buy
8/31,3702,富邦證券,9600,14,726,-712,6.39,2,sell
8/31,3702,中國信託,6160,202,15,187,1.68,3,buy
8/31,3702,港商麥格理,1360,0,488,-488,4.38,3,sell
8/31,3702,花旗環球,1590,173,16,157,1.41,4,buy
8/31,3702,華南永昌-長虹,9333,3,329,-326,2.93,4,sell
8/31,3702,摩根大通,8440,903,750,153,1.37,5,buy
8/31,3702,台新,0039004200300030,26,305,-279,2.5,5,sell
8/31,3702,元大-北三重,0039003800390056,105,2,103,0.92,6,buy
8/31,3702,港商野村,1560,0,256,-256,2.3,6,sell
8/31,3702,第一金-台南,5384,103,2,101,0.91,7,buy
8/31,3702,合庫證券,1020,6,203,-197,1.77,7,sell
8/31,3702,香港上海匯豐,8960,92,2,90,0.81,8,buy
8/31,3702,華南永昌-嘉義,9314,2,140,-138,1.24,8,sell
8/31,3702,美林,1440,140,74,66,0.59,9,buy
8/31,3702,新加坡商瑞銀,1650,565,685,-120,1.08,9,sell
8/31,3702,玉山-桃園,0038003800340046,63,4,59,0.53,10,buy
8/31,3702,華南永昌-內壢,9337,0,74,-74,0.66,10,sell
8/31,3702,國泰-敦南,8888,113,62,51,0.46,11,buy
8/31,3702,凱基-鳳山,9274,20,94,-74,0.66,11,sell
8/31,3702,合庫-桃園,0031003000320045,52,3,49,0.44,12,buy
8/31,3702,台灣摩根士丹利,1470,603,670,-67,0.6,12,sell
8/31,3702,群益金鼎-新竹,9186,61,12,49,0.44,13,buy
8/31,3702,大和國泰,8890,0,65,-65,0.58,13,sell
8/31,3702,第一金-中壢,0035003300380059,48,4,44,0.39,14,buy
8/31,3702,兆豐證券,7000,4,65,-61,0.55,14,sell
8/31,3702,聯邦證券,8580,45,2,43,0.39,15,buy
8/31,3702,凱基,9200,12,67,-55,0.49,15,sell
8/31,1718,美商高盛,1480,1920,100,1820,13.41,1,buy
8/31,1718,國泰-敦南,8888,118,440,-322,2.37,1,sell
8/31,1718,新加坡商瑞銀,1650,1640,226,1414,10.42,2,buy
8/31,1718,新光-桃園,8565,11,289,-278,2.05,2,sell
8/31,1718,凱基-台北,9268,1735,814,921,6.79,3,buy
8/31,1718,摩根大通,8440,415,690,-275,2.03,3,sell
8/31,1718,台灣摩根士丹利,1470,990,292,698,5.14,4,buy
8/31,1718,(牛牛牛)亞-網路,6012,1,231,-230,1.69,4,sell
8/31,1718,新光-高雄,8562,278,73,205,1.51,5,buy
8/31,1718,元大-文心興安,9854,8,208,-200,1.47,5,sell
8/31,1718,美林,1440,209,10,199,1.47,6,buy
8/31,1718,合庫-彰化,1028,0,188,-188,1.39,6,sell
8/31,1718,港商野村,1560,185,0,185,1.36,7,buy
8/31,1718,元大-鳳山,003900380033005a,5,142,-137,1.01,7,sell
8/31,1718,富邦-北港,0039003600390043,102,0,102,0.75,8,buy
8/31,1718,元大-大里,0039003800310067,3,137,-134,0.99,8,sell
8/31,1718,永豐金-鳳山,0039004100360031,121,20,101,0.74,9,buy
8/31,1718,元大-西屯,0039003800300077,3,126,-123,0.91,9,sell
8/31,1718,德信,6910,100,2,98,0.72,10,buy
8/31,1718,元大-成功,003900380039004c,3,125,-122,0.9,10,sell
8/31,1718,凱基-桃園,9208,115,20,95,0.7,11,buy
8/31,1718,台新-板橋,0039004200320062,20,141,-121,0.89,11,sell
8/31,1718,合庫-鳳山,1029,92,0,92,0.68,12,buy
8/31,1718,凱基-五股,0039003200310047,0,115,-115,0.85,12,sell
8/31,1718,聯邦證券,8580,60,5,55,0.41,13,buy
8/31,1718,台新-新店,0039004200320032,0,111,-111,0.82,13,sell
8/31,1718,第一金-豐原,003500330038004e,53,3,50,0.37,14,buy
8/31,1718,元大-汐止,0039003800390051,42,147,-105,0.77,14,sell
8/31,1718,群益金鼎-台南,9185,50,1,49,0.36,15,buy
8/31,1718,元大-板橋,0039003800390043,22,125,-103,0.76,15,sell
8/31,4958,元大證券,9800,6019,5043,976,1.99,1,buy
8/31,4958,美林,1440,452,1332,-880,1.79,1,sell
8/31,4958,永豐金-匯立,0039004100380031,757,0,757,1.54,2,buy
8/31,4958,國泰-敦南,8888,1192,1495,-303,0.62,2,sell
8/31,4958,新加坡商瑞銀,1650,3064,2327,737,1.5,3,buy
8/31,4958,國泰-台中,8882,314,507,-193,0.39,3,sell
8/31,4958,國票-安和,003700370039005a,815,115,700,1.43,4,buy
8/31,4958,凱基-城中,9227,109,247,-138,0.28,4,sell
8/31,4958,台灣摩根士丹利,1470,2577,1966,611,1.24,5,buy
8/31,4958,港商野村,1560,354,489,-135,0.27,5,sell
8/31,4958,群益金鼎,9100,1398,841,557,1.13,6,buy
8/31,4958,摩根大通,8440,772,901,-129,0.26,6,sell
8/31,4958,凱基-台北,9268,3296,2873,423,0.86,7,buy
8/31,4958,富邦-中壢,9636,43,145,-102,0.21,7,sell
8/31,4958,玉山證券,8840,523,159,364,0.74,8,buy
8/31,4958,美商高盛,1480,1828,1931,-103,0.21,8,sell
8/31,4958,花旗環球,1590,496,164,332,0.68,9,buy
8/31,4958,富邦-高雄,9659,37,123,-86,0.18,9,sell
8/31,4958,統一-南京,0035003800350055,360,70,290,0.59,10,buy
8/31,4958,新光,8560,309,380,-71,0.14,10,sell
8/31,4958,凱基,9200,281,4,277,0.56,11,buy
8/31,4958,國泰-板橋,003800380038004b,192,257,-65,0.13,11,sell
8/31,4958,凱基-信義,9216,215,7,208,0.42,12,buy
8/31,4958,國泰-館前,0038003800380041,410,474,-64,0.13,12,sell
8/31,4958,法銀巴黎,8900,227,56,171,0.35,13,buy
8/31,4958,元大-苑裡,0039003800390061,26,84,-58,0.12,13,sell
8/31,4958,群益金鼎-大安,0039003100380065,204,42,162,0.33,14,buy
8/31,4958,群益金鼎-桃園,9189,24,80,-56,0.11,14,sell
8/31,4958,中國信託,6160,265,120,145,0.3,15,buy
8/31,4958,元大-萬華,0039003800310071,29,83,-54,0.11,15,sell
8/31,6239,群益金鼎-新竹,9186,311,0,311,1.98,1,buy
8/31,6239,新加坡商瑞銀,1650,223,2288,-2065,13.13,1,sell
8/31,6239,國泰-敦南,8888,456,247,209,1.33,2,buy
8/31,6239,美商高盛,1480,456,1655,-1199,7.62,2,sell
8/31,6239,永豐金-大園,0039004100390038,124,1,123,0.78,3,buy
8/31,6239,摩根大通,8440,261,1312,-1051,6.68,3,sell
8/31,6239,國票-桃園,0037003700390072,84,1,83,0.53,4,buy
8/31,6239,台灣摩根士丹利,1470,297,960,-663,4.21,4,sell
8/31,6239,富邦-新竹,9647,96,18,78,0.5,5,buy
8/31,6239,元大證券,9800,1244,1813,-569,3.62,5,sell
8/31,6239,國泰-板橋,003800380038004b,85,15,70,0.44,6,buy
8/31,6239,凱基-台北,9268,395,880,-485,3.08,6,sell
8/31,6239,富邦-竹北,9624,70,6,64,0.41,7,buy
8/31,6239,康和,8450,0,450,-450,2.86,7,sell
8/31,6239,新光,8560,113,53,60,0.38,8,buy
8/31,6239,美林,1440,73,463,-390,2.48,8,sell
8/31,6239,富邦-南屯,9666,65,8,57,0.36,9,buy
8/31,6239,港商野村,1560,7,288,-281,1.79,9,sell
8/31,6239,元大-樹林,003900380039006a,58,2,56,0.36,10,buy
8/31,6239,富邦證券,9600,89,295,-206,1.31,10,sell
8/31,6239,永豐金-亞灣,0039004100390061,58,3,55,0.35,11,buy
8/31,6239,兆豐證券,7000,135,301,-166,1.06,11,sell
8/31,6239,永豐金-桃園,0039004100390078,65,12,53,0.34,12,buy
8/31,6239,永豐金證券,0039004100300030,114,194,-80,0.51,12,sell
8/31,6239,元大-大天母,9893,53,1,52,0.33,13,buy
8/31,6239,群益金鼎,9100,195,265,-70,0.44,13,sell
8/31,6239,元大-員林,9889,58,8,50,0.32,14,buy
8/31,6239,法銀巴黎,8900,0,69,-69,0.44,14,sell
8/31,6239,華南永昌-台中,9302,85,39,46,0.29,15,buy
8/31,6239,永豐金-古亭,0039004100390064,6,57,-51,0.32,15,sell
8/31,8150,新加坡商瑞銀,1650,1524,583,941,5.96,1,buy
8/31,8150,美商高盛,1480,648,3960,-3312,20.99,1,sell
8/31,8150,摩根大通,8440,693,398,295,1.87,2,buy
8/31,8150,台灣摩根士丹利,1470,360,1752,-1392,8.82,2,sell
8/31,8150,國泰-敦南,8888,481,294,187,1.19,3,buy
8/31,8150,凱基-台北,9268,734,1089,-355,2.25,3,sell
8/31,8150,香港上海匯豐,8960,265,82,183,1.16,4,buy
8/31,8150,美林,1440,35,192,-157,1.0,4,sell
8/31,8150,合庫-台中,1021,86,15,71,0.45,5,buy
8/31,8150,元大證券,9800,852,962,-110,0.7,5,sell
8/31,8150,國票-敦北法人,0037003700390063,60,1,59,0.37,6,buy
8/31,8150,法銀巴黎,8900,0,96,-96,0.61,6,sell
8/31,8150,群益金鼎-宜蘭,003900310038007a,59,1,58,0.37,7,buy
8/31,8150,中國信託-忠孝,6162,13,56,-43,0.27,7,sell
8/31,8150,元大-屏東,9892,65,9,56,0.35,8,buy
8/31,8150,富邦-新竹,9647,22,65,-43,0.27,8,sell
8/31,8150,元大-板橋,0039003800390043,69,18,51,0.32,9,buy
8/31,8150,群益金鼎,9100,159,201,-42,0.27,9,sell
8/31,8150,元大-龍潭,9858,66,16,50,0.32,10,buy
8/31,8150,台新-新營,0039004200310031,8,46,-38,0.24,10,sell
8/31,8150,凱基-中壢,9285,52,2,50,0.32,11,buy
8/31,8150,國票證券,7790,7,42,-35,0.22,11,sell
8/31,8150,台新-台中,0039004200310068,65,19,46,0.29,12,buy
8/31,8150,元大-林園,003900380031004b,0,30,-30,0.19,12,sell
8/31,8150,永豐金-新店,0039004100390069,51,6,45,0.29,13,buy
8/31,8150,元大-文心興安,9854,6,36,-30,0.19,13,sell
8/31,8150,兆豐-台中港,7005,88,51,37,0.23,14,buy
8/31,8150,合庫-高雄,1023,2,31,-29,0.18,14,sell
8/31,8150,富邦-新板,0039003600310048,47,11,36,0.23,15,buy
8/31,8150,華南永昌-民權,9312,3,32,-29,0.18,15,sell
8/31,2880,美林,1440,9914,455,9459,19.47,1,buy
8/31,2880,土銀,1030,1,8526,-8525,17.55,1,sell
8/31,2880,新加坡商瑞銀,1650,13421,7764,5657,11.64,2,buy
8/31,2880,花旗環球,1590,571,3726,-3155,6.49,2,sell
8/31,2880,台灣摩根士丹利,1470,8303,3067,5236,10.78,3,buy
8/31,2880,摩根大通,8440,3074,5222,-2148,4.42,3,sell
8/31,2880,美商高盛,1480,4823,1354,3469,7.14,4,buy
8/31,2880,元大證券,9800,1392,3310,-1918,3.95,4,sell
8/31,2880,港商麥格理,1360,785,0,785,1.62,5,buy
8/31,2880,玉山證券,8840,2,1647,-1645,3.39,5,sell
8/31,2880,永豐金-匯立,0039004100380031,557,0,557,1.15,6,buy
8/31,2880,中國信託,6160,12,1066,-1054,2.17,6,sell
8/31,2880,港商野村,1560,429,190,239,0.49,7,buy
8/31,2880,富邦證券,9600,78,914,-836,1.72,7,sell
8/31,2880,凱基-中壢,9285,101,5,96,0.2,8,buy
8/31,2880,台新-大昌,0039004200320044,1,706,-705,1.45,8,sell
8/31,2880,台中銀-豐原,0036003100310041,72,27,45,0.09,9,buy
8/31,2880,永豐金證券,0039004100300030,86,635,-549,1.13,9,sell
8/31,2880,合庫-高雄,1023,50,7,43,0.09,10,buy
8/31,2880,香港上海匯豐,8960,124,525,-401,0.83,10,sell
8/31,2880,國票證券,7790,56,20,36,0.07,11,buy
8/31,2880,凱基-台北,9268,2343,2730,-387,0.8,11,sell
8/31,2880,凱基-屏東,0039003200320043,30,2,28,0.06,12,buy
8/31,2880,法銀巴黎,8900,70,334,-264,0.54,12,sell
8/31,2880,大昌-新竹,6463,38,14,24,0.05,13,buy
8/31,2880,台灣企銀,1110,0,201,-201,0.41,13,sell
8/31,2880,元大-和平,9863,20,1,19,0.04,14,buy
8/31,2880,元大-員林中山,9835,0,160,-160,0.33,14,sell
8/31,2880,元大-館前,003900380034004b,24,8,16,0.03,15,buy
8/31,2880,華南永昌,9300,5,143,-138,0.28,15,sell
8/31,2890,台灣摩根士丹利,1470,9399,883,8516,13.52,1,buy
8/31,2890,第一金-高雄,5383,0,2568,-2568,4.08,1,sell
8/31,2890,美商高盛,1480,9247,1844,7403,11.76,2,buy
8/31,2890,新加坡商瑞銀,1650,13615,15627,-2012,3.2,2,sell
8/31,2890,美林,1440,6185,2008,4177,6.63,3,buy
8/31,2890,元大-中壢,9834,0,1849,-1849,2.94,3,sell
8/31,2890,永豐金-匯立,0039004100380031,4151,0,4151,6.59,4,buy
8/31,2890,元大證券,9800,1689,2925,-1236,1.96,4,sell
8/31,2890,摩根大通,8440,6980,5360,1620,2.57,5,buy
8/31,2890,凱基-台北,9268,3094,4081,-987,1.57,5,sell
8/31,2890,港商野村,1560,883,258,625,0.99,6,buy
8/31,2890,群益金鼎-古亭,0039003100380043,0,916,-916,1.45,6,sell
8/31,2890,香港上海匯豐,8960,598,354,244,0.39,7,buy
8/31,2890,富邦-仁愛,9676,14,913,-899,1.43,7,sell
8/31,2890,國票證券,7790,166,4,162,0.26,8,buy
8/31,2890,港商麥格理,1360,1180,2037,-857,1.36,8,sell
8/31,2890,福邦證券,6480,100,3,97,0.15,9,buy
8/31,2890,台新-建北,0039004200310038,0,603,-603,0.96,9,sell
8/31,2890,群益金鼎-新竹,9186,102,7,95,0.15,10,buy
8/31,2890,永豐金-中正,0039004100390055,4,570,-566,0.9,10,sell
8/31,2890,花旗環球,1590,1101,1016,85,0.13,11,buy
8/31,2890,永豐金-竹科,0039004100390058,3,470,-467,0.74,11,sell
8/31,2890,兆豐-天母,003700300030004c,60,0,60,0.1,12,buy
8/31,2890,富邦證券,9600,381,768,-387,0.61,12,sell
8/31,2890,群益金鼎,9100,536,490,46,0.07,13,buy
8/31,2890,永豐金-台南,0039004100390068,39,330,-291,0.46,13,sell
8/31,2890,統一-高雄,5851,30,2,28,0.04,14,buy
8/31,2890,國泰-敦南,8888,57,342,-285,0.45,14,sell
8/31,2890,元大-斗信,9884,31,7,24,0.04,15,buy
8/31,2890,玉山-高雄,8843,3,283,-280,0.44,15,sell
8/31,4979,永豐金證券,0039004100300030,135,6,129,6.08,1,buy
8/31,4979,富邦證券,9600,0,458,-458,21.59,1,sell
8/31,4979,摩根大通,8440,109,0,109,5.14,2,buy
8/31,4979,凱基-興隆,9289,0,100,-100,4.71,2,sell
8/31,4979,凱基-台北,9268,71,5,66,3.11,3,buy
8/31,4979,凱基-松山,9217,2,60,-58,2.73,3,sell
8/31,4979,統一,5850,76,11,65,3.06,4,buy
8/31,4979,美商高盛,1480,62,110,-48,2.26,4,sell
8/31,4979,新加坡商瑞銀,1650,55,0,55,2.59,5,buy
8/31,4979,凱基-站前,0039003200300046,2,47,-45,2.12,5,sell
8/31,4979,台灣摩根士丹利,1470,59,8,51,2.4,6,buy
8/31,4979,國泰證券,8880,4,49,-45,2.12,6,sell
8/31,4979,兆豐-大同,0037003000300053,50,0,50,2.36,7,buy
8/31,4979,群益金鼎-台北,0039003100380058,0,34,-34,1.6,7,sell
8/31,4979,華南永昌-南京,9326,53,4,49,2.31,8,buy
8/31,4979,元大-南京,9862,0,32,-32,1.51,8,sell
8/31,4979,國票證券,7790,30,0,30,1.41,9,buy
8/31,4979,中國信託,6160,6,34,-28,1.32,9,sell
8/31,4979,凱基-市政,9239,32,4,28,1.32,10,buy
8/31,4979,元大-天母,0039003800310049,0,25,-25,1.18,10,sell
8/31,4979,群益金鼎-東大,9135,28,3,25,1.18,11,buy
8/31,4979,統一-東湖,0035003800350052,2,24,-22,1.04,11,sell
8/31,4979,玉山-板橋,8846,24,0,24,1.13,12,buy
8/31,4979,永豐金-永康,0039004100390063,2,24,-22,1.04,12,sell
8/31,4979,康和,8450,25,2,23,1.08,13,buy
8/31,4979,美好-市政,003500320036004d,4,24,-20,0.94,13,sell
8/31,4979,群益金鼎-館前,0039003100330059,28,5,23,1.08,14,buy
8/31,4979,元大-和平,9863,0,18,-18,0.85,14,sell
8/31,4979,華南永昌-竹北,9339,20,0,20,0.94,15,buy
8/31,4979,元大證券,9800,7,21,-14,0.66,15,sell
8/31,4938,新加坡商瑞銀,1650,9396,6252,3144,15.17,1,buy
8/31,4938,摩根大通,8440,1082,3548,-2466,11.9,1,sell
8/31,4938,美林,1440,2038,33,2005,9.68,2,buy
8/31,4938,港商麥格理,1360,0,1037,-1037,5.0,2,sell
8/31,4938,凱基-台北,9268,1710,290,1420,6.85,3,buy
8/31,4938,美商高盛,1480,718,1344,-626,3.02,3,sell
8/31,4938,台灣摩根士丹利,1470,1531,983,548,2.64,4,buy
8/31,4938,元大證券,9800,503,784,-281,1.36,4,sell
8/31,4938,花旗環球,1590,695,159,536,2.59,5,buy
8/31,4938,富邦-陽明,9604,17,271,-254,1.23,5,sell
8/31,4938,第一金-光復,0035003300380043,210,6,204,0.98,6,buy
8/31,4938,富邦證券,9600,50,284,-234,1.13,6,sell
8/31,4938,兆豐-公益,003700300030004a,142,2,140,0.68,7,buy
8/31,4938,國泰-敦南,8888,65,161,-96,0.46,7,sell
8/31,4938,凱基-東港,9212,100,0,100,0.48,8,buy
8/31,4938,新光,8560,6,77,-71,0.34,8,sell
8/31,4938,臺銀,1040,117,31,86,0.42,9,buy
8/31,4938,元大-土城永寧,9875,0,69,-69,0.33,9,sell
8/31,4938,凱基,9200,95,13,82,0.4,10,buy
8/31,4938,元大-三民,0039003800390046,3,71,-68,0.33,10,sell
8/31,4938,香港上海匯豐,8960,170,114,56,0.27,11,buy
8/31,4938,元大-大同,0039003800390047,1,50,-49,0.24,11,sell
8/31,4938,永豐金-匯立,0039004100380031,52,0,52,0.25,12,buy
8/31,4938,統一-敦南,5852,0,46,-46,0.22,12,sell
8/31,4938,永豐金證券,0039004100300030,184,133,51,0.25,13,buy
8/31,4938,臺銀-臺中,0031003000340041,2,46,-44,0.21,13,sell
8/31,4938,凱基-大直,9218,41,0,41,0.2,14,buy
8/31,4938,元大-竹北,0039003800310042,3,36,-33,0.16,14,sell
8/31,4938,兆豐-南京,0037003000300050,36,0,36,0.17,15,buy
8/31,4938,富邦-二林,0039003600320042,0,32,-32,0.15,15,sell
8/31,2313,花旗環球,1590,2853,67,2786,4.12,1,buy
8/31,2313,凱基-台北,9268,3255,4386,-1131,1.67,1,sell
8/31,2313,群益金鼎,9100,2240,732,1508,2.23,2,buy
8/31,2313,國泰-敦南,8888,2041,2528,-487,0.72,2,sell
8/31,2313,美商高盛,1480,3620,2339,1281,1.89,3,buy
8/31,2313,群益金鼎-忠孝,0039003100380057,12,245,-233,0.34,3,sell
8/31,2313,新加坡商瑞銀,1650,2280,1065,1215,1.8,4,buy
8/31,2313,富邦-敦南,9663,199,382,-183,0.27,4,sell
8/31,2313,摩根大通,8440,1591,456,1135,1.68,5,buy
8/31,2313,香港上海匯豐,8960,0,177,-177,0.26,5,sell
8/31,2313,永豐金證券,0039004100300030,1556,426,1130,1.67,6,buy
8/31,2313,華南永昌-長虹,9333,109,265,-156,0.23,6,sell
8/31,2313,元大證券,9800,9510,8411,1099,1.63,7,buy
8/31,2313,兆豐-忠孝,0037003000300061,28,179,-151,0.22,7,sell
8/31,2313,台灣摩根士丹利,1470,2952,1996,956,1.41,8,buy
8/31,2313,兆豐-西螺,0037003000300044,8,140,-132,0.2,8,sell
8/31,2313,統一,5850,665,301,364,0.54,9,buy
8/31,2313,台新,0039004200300030,412,544,-132,0.2,9,sell
8/31,2313,華南永昌,9300,385,95,290,0.43,10,buy
8/31,2313,元大-大同,0039003800390047,29,154,-125,0.18,10,sell
8/31,2313,美林,1440,538,326,212,0.31,11,buy
8/31,2313,元大-大里,0039003800310067,55,173,-118,0.17,11,sell
8/31,2313,永豐金-中正,0039004100390055,200,92,108,0.16,12,buy
8/31,2313,臺銀-高雄,0031003000340043,67,184,-117,0.17,12,sell
8/31,2313,台新-西松,003900420032006e,116,24,92,0.14,13,buy
8/31,2313,合庫證券,1020,17,131,-114,0.17,13,sell
8/31,2313,兆豐-南京,0037003000300050,160,80,80,0.12,14,buy
8/31,2313,國泰-台中,8882,382,491,-109,0.16,14,sell
8/31,2313,元大-松江,9801,127,51,76,0.11,15,buy
8/31,2313,國泰-桃園,8885,238,339,-101,0.15,15,sell
8/31,3105,永豐金證券,0039004100300030,1261,780,481,0.93,1,buy
8/31,3105,摩根大通,8440,1024,3306,-2282,4.41,1,sell
8/31,3105,凱基,9200,462,29,433,0.84,2,buy
8/31,3105,美商高盛,1480,1967,3458,-1491,2.88,2,sell
8/31,3105,國票-安和,003700370039005a,507,78,429,0.83,3,buy
8/31,3105,富邦-新店,9661,101,1422,-1321,2.55,3,sell
8/31,3105,台新,0039004200300030,689,280,409,0.79,4,buy
8/31,3105,美林,1440,105,1052,-947,1.83,4,sell
8/31,3105,華南永昌,9300,532,198,334,0.65,5,buy
8/31,3105,台灣摩根士丹利,1470,1225,2007,-782,1.51,5,sell
8/31,3105,康和,8450,267,62,205,0.4,6,buy
8/31,3105,新加坡商瑞銀,1650,512,1175,-663,1.28,6,sell
8/31,3105,玉山證券,8840,256,95,161,0.31,7,buy
8/31,3105,凱基-台北,9268,3201,3615,-414,0.8,7,sell
8/31,3105,永豐金-信義,0039004100390052,175,19,156,0.3,8,buy
8/31,3105,香港上海匯豐,8960,0,127,-127,0.25,8,sell
8/31,3105,國泰證券,8880,210,64,146,0.28,9,buy
8/31,3105,元大證券,9800,4827,4950,-123,0.24,9,sell
8/31,3105,兆豐-天母,003700300030004c,145,11,134,0.26,10,buy
8/31,3105,元大-松山,0039003800310070,24,132,-108,0.21,10,sell
8/31,3105,國泰-敦南,8888,1769,1638,131,0.25,11,buy
8/31,3105,福邦證券,6480,1,101,-100,0.19,11,sell
8/31,3105,統一,5850,375,251,124,0.24,12,buy
8/31,3105,富邦證券,9600,231,285,-54,0.1,12,sell
8/31,3105,群益金鼎,9100,697,576,121,0.23,13,buy
8/31,3105,群益金鼎-敦南,9101,41,92,-51,0.1,13,sell
8/31,3105,凱基-信義,9216,123,7,116,0.22,14,buy
8/31,3105,永豐金-南京,0039004100390053,45,89,-44,0.08,14,sell
8/31,3105,元大-員林中山,9835,132,24,108,0.21,15,buy
8/31,3105,元大-發財,0039003800310045,15,51,-36,0.07,15,sell
8/31,2855,富邦證券,9600,420,0,420,11.87,1,buy
8/31,2855,元大-南勢角,0039003800340045,0,117,-117,3.31,1,sell
8/31,2855,台灣摩根士丹利,1470,453,133,320,9.04,2,buy
8/31,2855,元大-仁愛,003900380033006a,2,104,-102,2.88,2,sell
8/31,2855,花旗環球,1590,255,7,248,7.01,3,buy
8/31,2855,凱基-嘉義,9252,0,84,-84,2.37,3,sell
8/31,2855,元大證券,9800,238,82,156,4.41,4,buy
8/31,2855,凱基-台北,9268,319,398,-79,2.23,4,sell
8/31,2855,摩根大通,8440,209,117,92,2.6,5,buy
8/31,2855,群益金鼎-開元,9134,0,73,-73,2.06,5,sell
8/31,2855,永豐金-萬盛,0039004100390032,90,0,90,2.54,6,buy
8/31,2855,永豐金-南投,003900410039004d,0,71,-71,2.01,6,sell
8/31,2855,台新-林園,0039004200320037,90,0,90,2.54,7,buy
8/31,2855,美林,1440,35,105,-70,1.98,7,sell
8/31,2855,兆豐-復興,0037003000300070,81,0,81,2.29,8,buy
8/31,2855,元大-中壢,9834,3,70,-67,1.89,8,sell
8/31,2855,統一-屏東,5859,57,1,56,1.58,9,buy
8/31,2855,新加坡商瑞銀,1650,210,277,-67,1.89,9,sell
8/31,2855,元大-善化,0039003800310079,43,6,37,1.05,10,buy
8/31,2855,凱基-中山,9229,0,60,-60,1.7,10,sell
8/31,2855,永豐金-內湖,0039004100390067,23,0,23,0.65,11,buy
8/31,2855,玉山-台中,0038003800340042,0,51,-51,1.44,11,sell
8/31,2855,華南永昌-竹北,9339,20,0,20,0.57,12,buy
8/31,2855,國泰-敦南,8888,1,52,-51,1.44,12,sell
8/31,2855,台新-新店,0039004200320032,20,5,15,0.42,13,buy
8/31,2855,永豐金證券,0039004100300030,1,48,-47,1.33,13,sell
8/31,2855,元大-南屯,9853,15,0,15,0.42,14,buy
8/31,2855,元大-東港,0039003800390066,0,41,-41,1.16,14,sell
8/31,2855,永豐金-鳳山,0039004100360031,14,1,13,0.37,15,buy
8/31,2855,元大-桃園,0039003800380042,1,33,-32,0.9,15,sell
8/31,2542,第一金,5380,857,0,857,15.43,1,buy
8/31,2542,元大證券,9800,45,1618,-1573,28.32,1,sell
8/31,2542,兆豐證券,7000,388,0,388,6.98,2,buy
8/31,2542,台灣摩根士丹利,1470,162,578,-416,7.49,2,sell
8/31,2542,美商高盛,1480,542,277,265,4.77,3,buy
8/31,2542,新加坡商瑞銀,1650,261,472,-211,3.8,3,sell
8/31,2542,合庫證券,1020,242,1,241,4.34,4,buy
8/31,2542,兆豐-大同,0037003000300053,3,208,-205,3.69,4,sell
8/31,2542,第一金-路竹,0035003300380050,152,0,152,2.74,5,buy
8/31,2542,元大-豐原站前,0039003800390057,0,110,-110,1.98,5,sell
8/31,2542,摩根大通,8440,202,90,112,2.02,6,buy
8/31,2542,康和-仁愛,0038003400350046,0,104,-104,1.87,6,sell
8/31,2542,國泰-敦南,8888,166,60,106,1.91,7,buy
8/31,2542,永豐金-中正,0039004100390055,0,82,-82,1.48,7,sell
8/31,2542,富邦-羅東,9634,101,0,101,1.82,8,buy
8/31,2542,兆豐-復興,0037003000300070,0,69,-69,1.24,8,sell
8/31,2542,香港上海匯豐,8960,56,0,56,1.01,9,buy
8/31,2542,永豐金證券,0039004100300030,68,136,-68,1.22,9,sell
8/31,2542,永豐金-匯立,0039004100380031,49,0,49,0.88,10,buy
8/31,2542,元大-大甲,0039003800390055,1,55,-54,0.97,10,sell
8/31,2542,國泰-台中,8882,45,2,43,0.77,11,buy
8/31,2542,富邦-豐原,003900360033004c,0,50,-50,0.9,11,sell
8/31,2542,華南永昌-淡水,9316,40,0,40,0.72,12,buy
8/31,2542,兆豐-桃園,003700300030004d,0,50,-50,0.9,12,sell
8/31,2542,美林,1440,42,5,37,0.67,13,buy
8/31,2542,國泰-松江,8883,0,50,-50,0.9,13,sell
8/31,2542,富邦-敦南,9663,29,0,29,0.52,14,buy
8/31,2542,華南永昌-朴子,9329,4,50,-46,0.83,14,sell
8/31,2542,國泰-板橋,003800380038004b,38,12,26,0.47,15,buy
8/31,2542,華南永昌,9300,5,50,-45,0.81,15,sell
8/31,3374,富邦證券,9600,3459,372,3087,7.3,1,buy
8/31,3374,凱基-台北,9268,3044,3752,-708,1.67,1,sell
8/31,3374,台灣摩根士丹利,1470,2025,934,1091,2.58,2,buy
8/31,3374,統一,5850,373,765,-392,0.93,2,sell
8/31,3374,凱基,9200,1072,40,1032,2.44,3,buy
8/31,3374,華南永昌,9300,50,418,-368,0.87,3,sell
8/31,3374,中國信託,6160,1072,128,944,2.23,4,buy
8/31,3374,富邦-敦南,9663,34,395,-361,0.85,4,sell
8/31,3374,國泰證券,8880,933,53,880,2.08,5,buy
8/31,3374,元大-松江,9801,71,347,-276,0.65,5,sell
8/31,3374,群益金鼎-台北,0039003100380058,1177,300,877,2.07,6,buy
8/31,3374,富邦-板橋,9655,82,305,-223,0.53,6,sell
8/31,3374,美商高盛,1480,2054,1209,845,2.0,7,buy
8/31,3374,新光-台南,8564,31,228,-197,0.47,7,sell
8/31,3374,新加坡商瑞銀,1650,1499,679,820,1.94,8,buy
8/31,3374,國泰-敦南,8888,827,1020,-193,0.46,8,sell
8/31,3374,台新-台北,0039004200320030,522,56,466,1.1,9,buy
8/31,3374,永豐金證券,0039004100300030,764,947,-183,0.43,9,sell
8/31,3374,群益金鼎,9100,856,548,308,0.73,10,buy
8/31,3374,致和證券,7030,1,180,-179,0.42,10,sell
8/31,3374,元大-中崙,9813,312,28,284,0.67,11,buy
8/31,3374,統一-敦南,5852,240,416,-176,0.42,11,sell
8/31,3374,港商野村,1560,269,44,225,0.53,12,buy
8/31,3374,凱基-站前,0039003200300046,41,203,-162,0.38,12,sell
8/31,3374,第一金-忠孝,0035003300380044,200,33,167,0.39,13,buy
8/31,3374,群益金鼎-大安,0039003100380065,76,227,-151,0.36,13,sell
8/31,3374,宏遠證券,1260,161,10,151,0.36,14,buy
8/31,3374,台新-世貿,0039004200320075,7,158,-151,0.36,14,sell
8/31,3374,凱基-興隆,9289,102,4,98,0.23,15,buy
8/31,3374,元大-金華,9878,9,150,-141,0.33,15,sell
8/31,3211,永豐金證券,0039004100300030,143,36,107,2.28,1,buy
8/31,3211,台灣摩根士丹利,1470,152,500,-348,7.42,1,sell
8/31,3211,國票-天祥,0037003700390056,104,2,102,2.17,2,buy
8/31,3211,富邦證券,9600,26,243,-217,4.63,2,sell
8/31,3211,摩根大通,8440,77,41,36,0.77,3,buy
8/31,3211,美林,1440,22,166,-144,3.07,3,sell
8/31,3211,富邦-仁愛,9676,45,12,33,0.7,4,buy
8/31,3211,新加坡商瑞銀,1650,234,292,-58,1.24,4,sell
8/31,3211,凱基-士林,9238,33,2,31,0.66,5,buy
8/31,3211,凱基-台北,9268,290,333,-43,0.92,5,sell
8/31,3211,元大證券,9800,253,227,26,0.55,6,buy
8/31,3211,華南永昌,9300,59,97,-38,0.81,6,sell
8/31,3211,元大-大統,003900380031007a,24,2,22,0.47,7,buy
8/31,3211,元大-南勢角,0039003800340045,0,35,-35,0.75,7,sell
8/31,3211,致和-崇德,0037003000330042,23,1,22,0.47,8,buy
8/31,3211,美商高盛,1480,237,270,-33,0.7,8,sell
8/31,3211,國泰-敦南,8888,129,108,21,0.45,9,buy
8/31,3211,統一,5850,12,37,-25,0.53,9,sell
8/31,3211,聯邦-興中,8587,20,0,20,0.43,10,buy
8/31,3211,安泰,8380,0,24,-24,0.51,10,sell
8/31,3211,港商野村,1560,64,46,18,0.38,11,buy
8/31,3211,國票證券,7790,13,35,-22,0.47,11,sell
8/31,3211,臺銀-新竹,1045,18,2,16,0.34,12,buy
8/31,3211,花旗環球,1590,5,22,-17,0.36,12,sell
8/31,3211,台新-永和,0039004200320042,19,3,16,0.34,13,buy
8/31,3211,華南永昌-南京,9326,2,16,-14,0.3,13,sell
8/31,3211,元大-四維,9831,21,5,16,0.34,14,buy
8/31,3211,宏遠證券,1260,0,14,-14,0.3,14,sell
8/31,3211,第一金-華江,0035003300380057,19,4,15,0.32,15,buy
8/31,3211,中國信託-忠孝,6162,1,14,-13,0.28,15,sell
8/31,5425,永豐金-內湖,0039004100390067,152,12,140,1.37,1,buy
8/31,5425,新加坡商瑞銀,1650,332,784,-452,4.43,1,sell
8/31,5425,凱基-台北,9268,679,549,130,1.27,2,buy
8/31,5425,美商高盛,1480,105,507,-402,3.94,2,sell
8/31,5425,富邦-台北,9623,121,22,99,0.97,3,buy
8/31,5425,元大證券,9800,891,1237,-346,3.39,3,sell
8/31,5425,新光,8560,169,76,93,0.91,4,buy
8/31,5425,群益金鼎,9100,204,389,-185,1.81,4,sell
8/31,5425,群益金鼎-民權,9131,67,5,62,0.61,5,buy
8/31,5425,統一-東湖,0035003800350052,6,180,-174,1.71,5,sell
8/31,5425,中國信託-高雄,003600310036004b,63,9,54,0.53,6,buy
8/31,5425,港商野村,1560,39,197,-158,1.55,6,sell
8/31,5425,香港上海匯豐,8960,54,0,54,0.53,7,buy
8/31,5425,統一,5850,26,182,-156,1.53,7,sell
8/31,5425,土銀-嘉義,1034,51,0,51,0.5,8,buy
8/31,5425,台灣摩根士丹利,1470,71,177,-106,1.04,8,sell
8/31,5425,元大-員林中山,9835,50,2,48,0.47,9,buy
8/31,5425,富邦證券,9600,51,145,-94,0.92,9,sell
8/31,5425,永豐金-桃園,0039004100390078,54,6,48,0.47,10,buy
8/31,5425,摩根大通,8440,7,88,-81,0.79,10,sell
8/31,5425,宏遠-光隆,0031003200360069,45,1,44,0.43,11,buy
8/31,5425,台新,0039004200300030,82,137,-55,0.54,11,sell
8/31,5425,富邦-仁愛,9676,118,78,40,0.39,12,buy
8/31,5425,中國信託,6160,28,78,-50,0.49,12,sell
8/31,5425,富邦-新店,9661,64,25,39,0.38,13,buy
8/31,5425,富邦-敦南,9663,12,59,-47,0.46,13,sell
8/31,5425,國泰-敦南,8888,255,217,38,0.37,14,buy
8/31,5425,美林,1440,9,44,-35,0.34,14,sell
8/31,5425,永豐金-市政,0039004100390057,51,17,34,0.33,15,buy
8/31,5425,元大-信義安和,0039003800300052,0,30,-30,0.29,15,sell
8/31,5347,摩根大通,8440,3394,795,2599,19.3,1,buy
8/31,5347,花旗環球,1590,757,3410,-2653,19.71,1,sell
8/31,5347,玉山證券,8840,720,9,711,5.28,2,buy
8/31,5347,群益金鼎,9100,68,1147,-1079,8.01,2,sell
8/31,5347,新加坡商瑞銀,1650,1390,819,571,4.24,3,buy
8/31,5347,台灣摩根士丹利,1470,460,853,-393,2.92,3,sell
8/31,5347,元大-嘉義,0039003800390067,82,2,80,0.59,4,buy
8/31,5347,美商高盛,1480,286,662,-376,2.79,4,sell
8/31,5347,香港上海匯豐,8960,75,0,75,0.56,5,buy
8/31,5347,元大證券,9800,690,1015,-325,2.41,5,sell
8/31,5347,港商野村,1560,141,66,75,0.56,6,buy
8/31,5347,美林,1440,328,514,-186,1.38,6,sell
8/31,5347,國泰-敦南,8888,160,118,42,0.31,7,buy
8/31,5347,統一,5850,28,135,-107,0.79,7,sell
8/31,5347,合庫-彰化,1028,47,6,41,0.3,8,buy
8/31,5347,永豐金-匯立,0039004100380031,4,100,-96,0.71,8,sell
8/31,5347,群益金鼎-嘉義,003900310038004d,33,1,32,0.24,9,buy
8/31,5347,凱基-台北,9268,559,645,-86,0.64,9,sell
8/31,5347,元大-高雄,003900380031006d,32,2,30,0.22,10,buy
8/31,5347,元大-豐原站前,0039003800390057,10,90,-80,0.59,10,sell
8/31,5347,統一-城中,5854,30,0,30,0.22,11,buy
8/31,5347,中國信託-文心,6164,13,87,-74,0.55,11,sell
8/31,5347,富邦-建國,9658,31,1,30,0.22,12,buy
8/31,5347,元大-清水,0039003800300065,3,30,-27,0.2,12,sell
8/31,5347,群益金鼎-士林,9137,29,1,28,0.21,13,buy
8/31,5347,群益金鼎-萬華,0039003100330049,2,26,-24,0.18,13,sell
8/31,5347,富邦-青埔,003900360031004e,32,5,27,0.2,14,buy
8/31,5347,國泰-台南,8884,15,38,-23,0.17,14,sell
8/31,5347,元大-土城永寧,9875,24,3,21,0.16,15,buy
8/31,5347,元大-蘆洲,9857,10,33,-23,0.17,15,sell
8/31,2637,台灣摩根士丹利,1470,951,280,671,13.56,1,buy
8/31,2637,美商高盛,1480,249,809,-560,11.32,1,sell
8/31,2637,新加坡商瑞銀,1650,766,621,145,2.93,2,buy
8/31,2637,國泰-台中,8882,7,88,-81,1.64,2,sell
8/31,2637,香港上海匯豐,8960,111,0,111,2.24,3,buy
8/31,2637,中國信託-新竹,6165,1,52,-51,1.03,3,sell
8/31,2637,花旗環球,1590,112,11,101,2.04,4,buy
8/31,2637,兆豐-虎尾,0037003000300046,1,50,-49,0.99,4,sell
8/31,2637,永豐金-天母,0039004100390047,112,12,100,2.02,5,buy
8/31,2637,臺銀-民權,1043,0,45,-45,0.91,5,sell
8/31,2637,國泰-忠孝,8887,57,1,56,1.13,6,buy
8/31,2637,玉山證券,8840,13,52,-39,0.79,6,sell
8/31,2637,元大-龍潭,9858,49,5,44,0.89,7,buy
8/31,2637,永豐金-匯立,0039004100380031,0,35,-35,0.71,7,sell
8/31,2637,美林,1440,78,36,42,0.85,8,buy
8/31,2637,凱基-台北,9268,295,327,-32,0.65,8,sell
8/31,2637,合庫-台中,1021,31,4,27,0.55,9,buy
8/31,2637,永豐金-竹科,0039004100390058,5,31,-26,0.53,9,sell
8/31,2637,凱基,9200,25,1,24,0.48,10,buy
8/31,2637,凱基-高美館,9215,0,20,-20,0.4,10,sell
8/31,2637,法銀巴黎,8900,24,2,22,0.44,11,buy
8/31,2637,元大證券,9800,142,162,-20,0.4,11,sell
8/31,2637,永豐金-新莊,0039004100390048,20,0,20,0.4,12,buy
8/31,2637,元大-大雅,0039003800330069,0,20,-20,0.4,12,sell
8/31,2637,富邦-高雄,9659,22,2,20,0.4,13,buy
8/31,2637,港商野村,1560,2,21,-19,0.38,13,sell
8/31,2637,元大-敦化,9833,19,0,19,0.38,14,buy
8/31,2637,元大-蘆洲,9857,1,20,-19,0.38,14,sell
8/31,2637,元大-敦南,0039003800390050,20,5,15,0.3,15,buy
8/31,2637,亞東-板橋,2181,0,17,-17,0.34,15,sell
8/31,3293,台灣摩根士丹利,1470,6370,719,5651,24.37,1,buy
8/31,3293,新加坡商瑞銀,1650,2899,11257,-8358,36.05,1,sell
8/31,3293,美商高盛,1480,4687,688,3999,17.25,2,buy
8/31,3293,花旗環球,1590,546,1432,-886,3.82,2,sell
8/31,3293,美林,1440,1995,454,1541,6.65,3,buy
8/31,3293,國泰證券,8880,3,625,-622,2.68,3,sell
8/31,3293,摩根大通,8440,2281,1366,915,3.95,4,buy
8/31,3293,元大證券,9800,202,819,-617,2.66,4,sell
8/31,3293,凱基-台北,9268,1078,797,281,1.21,5,buy
8/31,3293,凱基,9200,10,545,-535,2.31,5,sell
8/31,3293,新光,8560,161,39,122,0.53,6,buy
8/31,3293,永豐金證券,0039004100300030,15,478,-463,2.0,6,sell
8/31,3293,第一金-華江,0035003300380057,51,6,45,0.19,7,buy
8/31,3293,富邦證券,9600,134,548,-414,1.79,7,sell
8/31,3293,元大-信義,003900380039006d,27,5,22,0.09,8,buy
8/31,3293,永豐金-匯立,0039004100380031,5,285,-280,1.21,8,sell
8/31,3293,凱基-市府,0039003200300044,16,1,15,0.06,9,buy
8/31,3293,港商麥格理,1360,1174,1415,-241,1.04,9,sell
8/31,3293,台灣企銀,1110,14,1,13,0.06,10,buy
8/31,3293,香港上海匯豐,8960,126,308,-182,0.78,10,sell
8/31,3293,富邦-桃園,9665,12,0,12,0.05,11,buy
8/31,3293,港商野村,1560,16,196,-180,0.78,11,sell
8/31,3293,凱基-中港,9202,11,0,11,0.05,12,buy
8/31,3293,法銀巴黎,8900,2,99,-97,0.42,12,sell
8/31,3293,凱基-三峽,0039003200310045,12,1,11,0.05,13,buy
8/31,3293,大昌-桃園,6465,0,20,-20,0.09,13,sell
8/31,3293,永豐金-市政,0039004100390057,12,1,11,0.05,14,buy
8/31,3293,大和國泰,8890,0,12,-12,0.05,14,sell
8/31,3293,元大-嘉義,0039003800390067,10,0,10,0.04,15,buy
8/31,3293,台新-台南,0039004200310036,5,16,-11,0.05,15,sell
8/31,6505,美商高盛,1480,2717,1086,1631,9.49,1,buy
8/31,6505,摩根大通,8440,394,966,-572,3.33,1,sell
8/31,6505,台灣摩根士丹利,1470,1839,543,1296,7.54,2,buy
8/31,6505,凱基-台北,9268,519,959,-440,2.56,2,sell
8/31,6505,新加坡商瑞銀,1650,1279,389,890,5.18,3,buy
8/31,6505,中國信託-忠孝,6162,73,378,-305,1.77,3,sell
8/31,6505,凱基-台南,9211,557,19,538,3.13,4,buy
8/31,6505,香港上海匯豐,8960,4,234,-230,1.34,4,sell
8/31,6505,港商麥格理,1360,281,0,281,1.63,5,buy
8/31,6505,華南永昌-彰化,9363,13,215,-202,1.17,5,sell
8/31,6505,玉山證券,8840,219,12,207,1.2,6,buy
8/31,6505,國泰-敦南,8888,285,458,-173,1.01,6,sell
8/31,6505,光和-嘉義,0036003300380041,201,0,201,1.17,7,buy
8/31,6505,新光,8560,205,337,-132,0.77,7,sell
8/31,6505,元大證券,9800,511,347,164,0.95,8,buy
8/31,6505,永豐金證券,0039004100300030,215,342,-127,0.74,8,sell
8/31,6505,康和-永和,0038003400350042,129,7,122,0.71,9,buy
8/31,6505,永豐金-敦北,0039004100380039,3,124,-121,0.7,9,sell
8/31,6505,彰銀-七賢,1232,100,0,100,0.58,10,buy
8/31,6505,合庫-台中,1021,8,129,-121,0.7,10,sell
8/31,6505,統一,5850,124,35,89,0.52,11,buy
8/31,6505,統一-城中,5854,26,145,-119,0.69,11,sell
8/31,6505,富邦-永和,9654,167,82,85,0.49,12,buy
8/31,6505,元大-新莊,9898,24,138,-114,0.66,12,sell
8/31,6505,元大-館前,003900380034004b,191,138,53,0.31,13,buy
8/31,6505,元大-萬華,0039003800310071,3,92,-89,0.52,13,sell
8/31,6505,永豐金-竹科,0039004100390058,58,6,52,0.3,14,buy
8/31,6505,統一-新竹,5857,3,87,-84,0.49,14,sell
8/31,6505,元大-仁愛,003900380033006a,57,6,51,0.3,15,buy
8/31,6505,台新-建北,0039004200310038,39,117,-78,0.45,15,sell
8/31,8358,新加坡商瑞銀,1650,4618,1280,3338,6.69,1,buy
8/31,8358,凱基-信義,9216,1848,6431,-4583,9.19,1,sell
8/31,8358,元大證券,9800,5272,4598,674,1.35,2,buy
8/31,8358,富邦證券,9600,898,4051,-3153,6.32,2,sell
8/31,8358,群益金鼎,9100,1122,587,535,1.07,3,buy
8/31,8358,摩根大通,8440,673,1543,-870,1.74,3,sell
8/31,8358,華南永昌,9300,457,44,413,0.83,4,buy
8/31,8358,國票-敦北法人,0037003700390063,8,303,-295,0.59,4,sell
8/31,8358,美商高盛,1480,1757,1567,190,0.38,5,buy
8/31,8358,富邦-南屯,9666,33,238,-205,0.41,5,sell
8/31,8358,元大-松江,9801,214,34,180,0.36,6,buy
8/31,8358,台灣摩根士丹利,1470,620,819,-199,0.4,6,sell
8/31,8358,國泰-敦南,8888,1361,1190,171,0.34,7,buy
8/31,8358,富邦-嘉義,9692,184,355,-171,0.34,7,sell
8/31,8358,國泰證券,8880,214,54,160,0.32,8,buy
8/31,8358,統一,5850,262,372,-110,0.22,8,sell
8/31,8358,統一-南京,0035003800350055,169,14,155,0.31,9,buy
8/31,8358,新光-新竹,8563,72,177,-105,0.21,9,sell
8/31,8358,凱基-台北,9268,4410,4256,154,0.31,10,buy
8/31,8358,兆豐-北高雄,0037003000300049,15,120,-105,0.21,10,sell
8/31,8358,台新-西松,003900420032006e,158,44,114,0.23,11,buy
8/31,8358,花旗環球,1590,122,219,-97,0.19,11,sell
8/31,8358,新光,8560,321,236,85,0.17,12,buy
8/31,8358,宏遠-民生,1261,1,81,-80,0.16,12,sell
8/31,8358,元大-學甲,003900380033004b,91,7,84,0.17,13,buy
8/31,8358,群益金鼎-竹南,0039003100380069,101,171,-70,0.14,13,sell
8/31,8358,永豐金證券,0039004100300030,361,282,79,0.16,14,buy
8/31,8358,群益金鼎-崇德,0039003100330055,29,81,-52,0.1,14,sell
8/31,8358,台新,0039004200300030,338,267,71,0.14,15,buy
8/31,8358,永豐金-敦北,0039004100380039,29,76,-47,0.09,15,sell
8/31,2337,摩根大通,8440,2927,925,2002,5.56,1,buy
8/31,2337,永豐金證券,0039004100300030,126,2116,-1990,5.53,1,sell
8/31,2337,美商高盛,1480,5142,3702,1440,4.0,2,buy
8/31,2337,國票-敦北法人,0037003700390063,3,1485,-1482,4.12,2,sell
8/31,2337,台灣摩根士丹利,1470,2532,1456,1076,2.99,3,buy
8/31,2337,香港上海匯豐,8960,56,1148,-1092,3.03,3,sell
8/31,2337,兆豐-中壢,0037003000300062,779,8,771,2.14,4,buy
8/31,2337,元大證券,9800,1890,2717,-827,2.3,4,sell
8/31,2337,新加坡商瑞銀,1650,2645,2000,645,1.79,5,buy
8/31,2337,凱基,9200,30,773,-743,2.06,5,sell
8/31,2337,美林,1440,542,203,339,0.94,6,buy
8/31,2337,華南永昌,9300,116,850,-734,2.04,6,sell
8/31,2337,台新,0039004200300030,253,104,149,0.41,7,buy
8/31,2337,富邦證券,9600,127,746,-619,1.72,7,sell
8/31,2337,新光,8560,401,256,145,0.4,8,buy
8/31,2337,港商野村,1560,482,1093,-611,1.7,8,sell
8/31,2337,國泰-敦南,8888,879,735,144,0.4,9,buy
8/31,2337,國泰證券,8880,7,202,-195,0.54,9,sell
8/31,2337,群益金鼎-新竹,9186,107,11,96,0.27,10,buy
8/31,2337,大和國泰,8890,0,194,-194,0.54,10,sell
8/31,2337,凱基-南崁,9256,95,3,92,0.26,11,buy
8/31,2337,凱基-台北,9268,1628,1786,-158,0.44,11,sell
8/31,2337,富邦-桃園,9665,93,27,66,0.18,12,buy
8/31,2337,第一金-彰化,5386,10,135,-125,0.35,12,sell
8/31,2337,臺銀-新竹,1045,75,10,65,0.18,13,buy
8/31,2337,光和-溪湖,6381,15,108,-93,0.26,13,sell
8/31,2337,華南永昌-鶯歌,9319,69,6,63,0.18,14,buy
8/31,2337,永豐金-新店,0039004100390069,7,100,-93,0.26,14,sell
8/31,2337,元大-莒光,003900380031004c,75,14,61,0.17,15,buy
8/31,2337,永豐金-內湖,0039004100390067,16,108,-92,0.26,15,sell
8/31,8028,台灣摩根士丹利,1470,496,15,481,12.43,1,buy
8/31,8028,富邦證券,9600,12,1764,-1752,45.26,1,sell
8/31,8028,美商高盛,1480,569,164,405,10.46,2,buy
8/31,8028,國票-敦北法人,0037003700390063,0,184,-184,4.75,2,sell
8/31,8028,凱基-台北,9268,380,104,276,7.13,3,buy
8/31,8028,美林,1440,50,201,-151,3.9,3,sell
8/31,8028,摩根大通,8440,130,48,82,2.12,4,buy
8/31,8028,永豐金證券,0039004100300030,37,103,-66,1.7,4,sell
8/31,8028,統一-三多,0035003800350051,52,1,51,1.32,5,buy
8/31,8028,新加坡商瑞銀,1650,148,210,-62,1.6,5,sell
8/31,8028,國泰-敦南,8888,49,15,34,0.88,6,buy
8/31,8028,宏遠證券,1260,6,55,-49,1.27,6,sell
8/31,8028,凱基-埔墘,9288,31,0,31,0.8,7,buy
8/31,8028,元大證券,9800,212,233,-21,0.54,7,sell
8/31,8028,永豐金-匯立,0039004100380031,28,0,28,0.72,8,buy
8/31,8028,富邦-樹林,0039003600320045,1,18,-17,0.44,8,sell
8/31,8028,群益金鼎-東大,9135,23,0,23,0.59,9,buy
8/31,8028,合庫-自強,0031003000320043,3,15,-12,0.31,9,sell
8/31,8028,元大-萬華,0039003800310071,24,3,21,0.54,10,buy
8/31,8028,永豐金-萬盛,0039004100390032,2,11,-9,0.23,10,sell
8/31,8028,富邦-仁愛,9676,16,3,13,0.34,11,buy
8/31,8028,新光-高雄,8562,3,10,-7,0.18,11,sell
8/31,8028,國泰-台中,8882,22,9,13,0.34,12,buy
8/31,8028,宏遠-館前,0031003200360055,1,6,-5,0.13,12,sell
8/31,8028,凱基-中壢,9285,13,0,13,0.34,13,buy
8/31,8028,元大-東泰,9817,0,5,-5,0.13,13,sell
8/31,8028,統一-新竹,5857,13,0,13,0.34,14,buy
8/31,8028,元大-內湖,003900380039004e,0,4,-4,0.1,14,sell
8/31,8028,合庫-台中,1021,13,1,12,0.31,15,buy
8/31,8028,永豐金-新店,0039004100390069,1,5,-4,0.1,15,sell
8/31,2360,台灣摩根士丹利,1470,475,84,391,16.75,1,buy
8/31,2360,摩根大通,8440,74,263,-189,8.1,1,sell
8/31,2360,美商高盛,1480,216,112,104,4.46,2,buy
8/31,2360,國泰證券,8880,5,156,-151,6.47,2,sell
8/31,2360,新加坡商瑞銀,1650,225,162,63,2.7,3,buy
8/31,2360,美林,1440,56,185,-129,5.53,3,sell
8/31,2360,台新,0039004200300030,53,1,52,2.23,4,buy
8/31,2360,兆豐證券,7000,0,91,-91,3.9,4,sell
8/31,2360,香港上海匯豐,8960,53,15,38,1.63,5,buy
8/31,2360,永豐金證券,0039004100300030,28,102,-74,3.17,5,sell
8/31,2360,凱基-台北,9268,108,87,21,0.9,6,buy
8/31,2360,花旗環球,1590,61,98,-37,1.59,6,sell
8/31,2360,群益金鼎,9100,36,16,20,0.86,7,buy
8/31,2360,統一,5850,3,29,-26,1.11,7,sell
8/31,2360,港商野村,1560,31,14,17,0.73,8,buy
8/31,2360,華南永昌,9300,1,24,-23,0.99,8,sell
8/31,2360,中國信託,6160,16,0,16,0.69,9,buy
8/31,2360,合庫證券,1020,1,16,-15,0.64,9,sell
8/31,2360,法銀巴黎,8900,9,1,8,0.34,10,buy
8/31,2360,第一金,5380,0,14,-14,0.6,10,sell
8/31,2360,元大-新莊,9898,8,2,6,0.26,11,buy
8/31,2360,凱基,9200,1,15,-14,0.6,11,sell
8/31,2360,凱基-埔墘,9288,8,2,6,0.26,12,buy
8/31,2360,統一-南京,0035003800350055,0,12,-12,0.51,12,sell
8/31,2360,台新-敦南,0039004200320051,6,0,6,0.26,13,buy
8/31,2360,富邦證券,9600,17,28,-11,0.47,13,sell
8/31,2360,宏遠-高雄,0031003200360051,6,1,5,0.21,14,buy
8/31,2360,康和,8450,1,12,-11,0.47,14,sell
8/31,2360,凱基-大安,9291,5,0,5,0.21,15,buy
8/31,2360,富邦-台中,003900360035004b,0,10,-10,0.43,15,sell
8/31,1785,富邦-建國,9658,195,7,188,4.45,1,buy
8/31,1785,台灣摩根士丹利,1470,16,478,-462,10.95,1,sell
8/31,1785,第一金-自由,0035003300380045,137,0,137,3.25,2,buy
8/31,1785,摩根大通,8440,24,462,-438,10.38,2,sell
8/31,1785,永豐金-竹科,0039004100390058,99,5,94,2.23,3,buy
8/31,1785,港商野村,1560,1,246,-245,5.8,3,sell
8/31,1785,新光-新竹,8563,71,17,54,1.28,4,buy
8/31,1785,凱基-台北,9268,168,289,-121,2.87,4,sell
8/31,1785,凱基-台中,9204,53,0,53,1.26,5,buy
8/31,1785,美林,1440,45,109,-64,1.52,5,sell
8/31,1785,統一-台中,5856,50,2,48,1.14,6,buy
8/31,1785,美商高盛,1480,122,180,-58,1.37,6,sell
8/31,1785,永豐金-台南,0039004100390068,47,2,45,1.07,7,buy
8/31,1785,元大-太平,0039003800310051,6,54,-48,1.14,7,sell
8/31,1785,元大-永康,9829,45,0,45,1.07,8,buy
8/31,1785,合庫-台中,1021,5,42,-37,0.88,8,sell
8/31,1785,玉山-高雄,8843,38,5,33,0.78,9,buy
8/31,1785,合庫-彰化,1028,2,27,-25,0.59,9,sell
8/31,1785,永豐金-南京,0039004100390053,31,0,31,0.73,10,buy
8/31,1785,玉山-景美,8849,1,23,-22,0.52,10,sell
8/31,1785,群益金鼎-新店,0039003100380046,31,0,31,0.73,11,buy
8/31,1785,永豐金-永康,0039004100390063,0,20,-20,0.47,11,sell
8/31,1785,元大-新莊,9898,48,19,29,0.69,12,buy
8/31,1785,統一-新台中,0035003800350044,0,20,-20,0.47,12,sell
8/31,1785,玉山-板橋,8846,29,0,29,0.69,13,buy
8/31,1785,國泰-桃園,8885,4,21,-17,0.4,13,sell
8/31,1785,元大-大雅,0039003800330069,36,10,26,0.62,14,buy
8/31,1785,凱基-中港,9202,1,16,-15,0.36,14,sell
8/31,1785,元大-大益,9814,23,0,23,0.54,15,buy
8/31,1785,華南永昌-大安,9307,0,15,-15,0.36,15,sell
8/31,3231,台灣摩根士丹利,1470,3722,358,3364,8.64,1,buy
8/31,3231,元大證券,9800,3813,6498,-2685,6.89,1,sell
8/31,3231,群益金鼎,9100,1271,182,1089,2.8,2,buy
8/31,3231,凱基-台北,9268,1701,3823,-2122,5.45,2,sell
8/31,3231,元大-天母,0039003800310049,612,5,607,1.56,3,buy
8/31,3231,台新-基隆,0039004200320053,16,1763,-1747,4.49,3,sell
8/31,3231,花旗環球,1590,1442,881,561,1.44,4,buy
8/31,3231,摩根大通,8440,2358,3828,-1470,3.77,4,sell
8/31,3231,港商野村,1560,466,95,371,0.95,5,buy
8/31,3231,富邦證券,9600,95,864,-769,1.97,5,sell
8/31,3231,北城證券,7750,318,4,314,0.81,6,buy
8/31,3231,美商高盛,1480,3386,4147,-761,1.95,6,sell
8/31,3231,凱基-士林,9238,297,3,294,0.75,7,buy
8/31,3231,美林,1440,1024,1493,-469,1.2,7,sell
8/31,3231,群益金鼎-東大,9135,285,4,281,0.72,8,buy
8/31,3231,富邦-南京,0039003600310043,11,475,-464,1.19,8,sell
8/31,3231,統一,5850,336,61,275,0.71,9,buy
8/31,3231,新加坡商瑞銀,1650,4324,4710,-386,0.99,9,sell
8/31,3231,第一金,5380,340,70,270,0.69,10,buy
8/31,3231,香港上海匯豐,8960,105,453,-348,0.89,10,sell
8/31,3231,永豐金證券,0039004100300030,333,173,160,0.41,11,buy
8/31,3231,華南永昌,9300,54,282,-228,0.59,11,sell
8/31,3231,臺銀,1040,190,36,154,0.4,12,buy
8/31,3231,元大-中和,0039003800390065,11,155,-144,0.37,12,sell
8/31,3231,富邦-陽明,9604,157,16,141,0.36,13,buy
8/31,3231,富邦-台北,9623,86,158,-72,0.18,13,sell
8/31,3231,台新,0039004200300030,232,98,134,0.34,14,buy
8/31,3231,高橋,5320,15,77,-62,0.16,14,sell
8/31,3231,國票-安和,003700370039005a,140,8,132,0.34,15,buy
8/31,3231,國票證券,7790,17,68,-51,0.13,15,sell
8/31,6257,統一,5850,342,89,253,2.08,1,buy
8/31,6257,美商高盛,1480,148,2083,-1935,15.88,1,sell
8/31,6257,群益金鼎-大安,0039003100380065,144,1,143,1.17,2,buy
8/31,6257,台灣摩根士丹利,1470,289,1586,-1297,10.64,2,sell
8/31,6257,新光,8560,216,93,123,1.01,3,buy
8/31,6257,摩根大通,8440,89,825,-736,6.04,3,sell
8/31,6257,國泰-敦南,8888,198,96,102,0.84,4,buy
8/31,6257,美林,1440,10,392,-382,3.13,4,sell
8/31,6257,台新-三重,0039004200320033,76,14,62,0.51,5,buy
8/31,6257,凱基-台北,9268,331,704,-373,3.06,5,sell
8/31,6257,凱基-雙和,0039003200300043,61,7,54,0.44,6,buy
8/31,6257,新加坡商瑞銀,1650,126,492,-366,3.0,6,sell
8/31,6257,香港上海匯豐,8960,51,0,51,0.42,7,buy
8/31,6257,永豐金證券,0039004100300030,65,276,-211,1.73,7,sell
8/31,6257,富邦-台北,9623,72,27,45,0.37,8,buy
8/31,6257,華南永昌,9300,22,227,-205,1.68,8,sell
8/31,6257,富邦-中壢,9636,48,3,45,0.37,9,buy
8/31,6257,國票-敦北法人,0037003700390063,22,204,-182,1.49,9,sell
8/31,6257,元大-新莊,9898,49,5,44,0.36,10,buy
8/31,6257,港商麥格理,1360,66,216,-150,1.23,10,sell
8/31,6257,元大-蘆洲,9857,50,7,43,0.35,11,buy
8/31,6257,永豐金-信義,0039004100390052,64,190,-126,1.03,11,sell
8/31,6257,中國信託-高雄,003600310036004b,44,3,41,0.34,12,buy
8/31,6257,法銀巴黎,8900,0,113,-113,0.93,12,sell
8/31,6257,群益金鼎-內湖,0039003100380064,41,1,40,0.33,13,buy
8/31,6257,凱基,9200,1,105,-104,0.85,13,sell
8/31,6257,國票-台南,0037003700390044,40,1,39,0.32,14,buy
8/31,6257,元大證券,9800,627,708,-81,0.66,14,sell
8/31,6257,富邦-敦南,9663,43,3,40,0.33,15,buy
8/31,6257,港商野村,1560,21,101,-80,0.66,15,sell
8/31,3036,永豐金-匯立,0039004100380031,635,0,635,14.46,1,buy
8/31,3036,摩根大通,8440,95,489,-394,8.97,1,sell
8/31,3036,凱基-雙和,0039003200300043,302,0,302,6.88,2,buy
8/31,3036,港商麥格理,1360,0,342,-342,7.79,2,sell
8/31,3036,台灣摩根士丹利,1470,833,678,155,3.53,3,buy
8/31,3036,美商高盛,1480,86,338,-252,5.74,3,sell
8/31,3036,美林,1440,74,21,53,1.21,4,buy
8/31,3036,凱基-台北,9268,137,367,-230,5.24,4,sell
8/31,3036,兆豐-南京,0037003000300050,52,0,52,1.18,5,buy
8/31,3036,花旗環球,1590,44,196,-152,3.46,5,sell
8/31,3036,合庫證券,1020,53,2,51,1.16,6,buy
8/31,3036,元大證券,9800,165,283,-118,2.69,6,sell
8/31,3036,法銀巴黎,8900,65,14,51,1.16,7,buy
8/31,3036,臺銀,1040,11,100,-89,2.03,7,sell
8/31,3036,永豐金-鳳山,0039004100360031,53,4,49,1.12,8,buy
8/31,3036,港商野村,1560,6,69,-63,1.43,8,sell
8/31,3036,元大-南京,9862,30,0,30,0.68,9,buy
8/31,3036,永豐金證券,0039004100300030,10,70,-60,1.37,9,sell
8/31,3036,臺銀-民權,1043,26,1,25,0.57,10,buy
8/31,3036,台新-九如,0039004200320031,5,56,-51,1.16,10,sell
8/31,3036,合庫-三重,0031003000320047,22,1,21,0.48,11,buy
8/31,3036,中國信託-中壢,0036003100360041,0,33,-33,0.75,11,sell
8/31,3036,元大-竹山,0039003800310052,19,0,19,0.43,12,buy
8/31,3036,新加坡商瑞銀,1650,411,440,-29,0.66,12,sell
8/31,3036,統一,5850,26,7,19,0.43,13,buy
8/31,3036,群益金鼎-忠孝,0039003100380057,1,24,-23,0.52,13,sell
8/31,3036,新光,8560,28,11,17,0.39,14,buy
8/31,3036,玉山-大里,003800380034004a,2,25,-23,0.52,14,sell
8/31,3036,國泰-敦南,8888,32,15,17,0.39,15,buy
8/31,3036,大展,5050,0,21,-21,0.48,15,sell
8/31,5536,美林,1440,149,7,142,17.79,1,buy
8/31,5536,美商高盛,1480,50,139,-89,11.15,1,sell
8/31,5536,凱基,9200,35,0,35,4.39,2,buy
8/31,5536,台灣摩根士丹利,1470,16,102,-86,10.78,2,sell
8/31,5536,永豐金證券,0039004100300030,31,2,29,3.63,3,buy
8/31,5536,新加坡商瑞銀,1650,4,77,-73,9.15,3,sell
8/31,5536,元大證券,9800,69,53,16,2.01,4,buy
8/31,5536,港商麥格理,1360,0,42,-42,5.26,4,sell
8/31,5536,富邦-台南,9667,6,1,5,0.63,5,buy
8/31,5536,凱基-台北,9268,18,41,-23,2.88,5,sell
8/31,5536,群益金鼎,9100,17,12,5,0.63,6,buy
8/31,5536,華南永昌-內壢,9337,0,21,-21,2.63,6,sell
8/31,5536,台新-五權西,0039004200320035,5,0,5,0.63,7,buy
8/31,5536,富邦證券,9600,1,5,-4,0.5,7,sell
8/31,5536,凱基-中港,9202,4,0,4,0.5,8,buy
8/31,5536,富邦-仁愛,9676,2,6,-4,0.5,8,sell
8/31,5536,國票-南崁,0037003700390045,4,0,4,0.5,9,buy
8/31,5536,統一,5850,5,8,-3,0.38,9,sell
8/31,5536,大和國泰,8890,4,0,4,0.5,10,buy
8/31,5536,摩根大通,8440,48,51,-3,0.38,10,sell
8/31,5536,國泰-敦南,8888,10,6,4,0.5,11,buy
8/31,5536,元大-屏東,9892,1,4,-3,0.38,11,sell
8/31,5536,富邦-台北,9623,6,3,3,0.38,12,buy
8/31,5536,元大-莒光,003900380031004c,1,4,-3,0.38,12,sell
8/31,5536,元大-博愛,0039003800320042,3,0,3,0.38,13,buy
8/31,5536,元大-土城學府,9822,0,2,-2,0.25,13,sell
8/31,5536,港商野村,1560,11,8,3,0.38,14,buy
8/31,5536,元大-南京,9862,0,2,-2,0.25,14,sell
8/31,5536,美好-蘆洲,5261,3,0,3,0.38,15,buy
8/31,5536,華南永昌-潮州,9328,0,1,-1,0.13,15,sell
8/31,9945,香港上海匯豐,8960,649,0,649,14.52,1,buy
8/31,9945,台灣摩根士丹利,1470,20,702,-682,15.26,1,sell
8/31,9945,新加坡商瑞銀,1650,750,251,499,11.16,2,buy
8/31,9945,摩根大通,8440,32,650,-618,13.83,2,sell
8/31,9945,永豐金-中正,0039004100390055,100,0,100,2.24,3,buy
8/31,9945,凱基-台北,9268,89,534,-445,9.96,3,sell
8/31,9945,華南永昌-豐原,9366,100,0,100,2.24,4,buy
8/31,9945,元大-信義安和,0039003800300052,0,110,-110,2.46,4,sell
8/31,9945,元大-歸仁,0039003800310061,67,2,65,1.45,5,buy
8/31,9945,凱基-高雄,9206,1,103,-102,2.28,5,sell
8/31,9945,富邦-桃園,9665,60,2,58,1.3,6,buy
8/31,9945,中國信託-忠孝,6162,1,90,-89,1.99,6,sell
8/31,9945,玉山證券,8840,57,0,57,1.28,7,buy
8/31,9945,永豐金證券,0039004100300030,9,84,-75,1.68,7,sell
8/31,9945,兆豐-復興,0037003000300070,50,0,50,1.12,8,buy
8/31,9945,台新-新營,0039004200310031,0,48,-48,1.07,8,sell
8/31,9945,國泰證券,8880,50,2,48,1.07,9,buy
8/31,9945,富邦-建國,9658,0,47,-47,1.05,9,sell
8/31,9945,富邦證券,9600,44,0,44,0.98,10,buy
8/31,9945,元大證券,9800,55,99,-44,0.98,10,sell
8/31,9945,宏遠-高雄,0031003200360051,40,0,40,0.89,11,buy
8/31,9945,美林,1440,18,61,-43,0.96,11,sell
8/31,9945,凱基-台中,9204,38,0,38,0.85,12,buy
8/31,9945,富邦-中壢,9636,13,50,-37,0.83,12,sell
8/31,9945,永豐金-松山,0039004100390031,38,0,38,0.85,13,buy
8/31,9945,北城證券,7750,1,34,-33,0.74,13,sell
8/31,9945,永豐金-亞灣,0039004100390061,30,0,30,0.67,14,buy
8/31,9945,花旗環球,1590,35,67,-32,0.72,14,sell
8/31,9945,美好,5260,30,0,30,0.67,15,buy
8/31,9945,台新-台南,0039004200310036,3,31,-28,0.63,15,sell
8/31,6415,花旗環球,1590,427,165,262,5.89,1,buy
8/31,6415,台新-基隆,0039004200320053,5,356,-351,7.89,1,sell
8/31,6415,新加坡商瑞銀,1650,108,7,101,2.27,2,buy
8/31,6415,台灣摩根士丹利,1470,166,441,-275,6.18,2,sell
8/31,6415,新光,8560,65,21,44,0.99,3,buy
8/31,6415,美林,1440,10,278,-268,6.02,3,sell
8/31,6415,國票證券,7790,79,35,44,0.99,4,buy
8/31,6415,摩根大通,8440,51,307,-256,5.75,4,sell
8/31,6415,國泰-敦南,8888,83,47,36,0.81,5,buy
8/31,6415,凱基-台北,9268,120,313,-193,4.34,5,sell
8/31,6415,永豐金-匯立,0039004100380031,53,24,29,0.65,6,buy
8/31,6415,美商高盛,1480,185,367,-182,4.09,6,sell
8/31,6415,元大-太平,0039003800310051,24,0,24,0.54,7,buy
8/31,6415,富邦-板橋,9655,17,122,-105,2.36,7,sell
8/31,6415,元大-桃興,9894,23,0,23,0.52,8,buy
8/31,6415,港商麥格理,1360,0,104,-104,2.34,8,sell
8/31,6415,永豐金-桃園,0039004100390078,22,0,22,0.49,9,buy
8/31,6415,富邦證券,9600,1,76,-75,1.69,9,sell
8/31,6415,香港上海匯豐,8960,22,0,22,0.49,10,buy
8/31,6415,元大證券,9800,246,300,-54,1.21,10,sell
8/31,6415,台新-潮州,0039004200320043,33,11,22,0.49,11,buy
8/31,6415,富邦-南京,0039003600310043,16,68,-52,1.17,11,sell
8/31,6415,台新-高雄,0039004200310067,25,4,21,0.47,12,buy
8/31,6415,港商野村,1560,0,52,-52,1.17,12,sell
8/31,6415,台新,0039004200300030,42,21,21,0.47,13,buy
8/31,6415,統一,5850,8,46,-38,0.85,13,sell
8/31,6415,元大-蘆洲,9857,20,1,19,0.43,14,buy
8/31,6415,國票-安和,003700370039005a,1,36,-35,0.79,14,sell
8/31,6415,康和-內湖,0038003400350041,19,0,19,0.43,15,buy
8/31,6415,國票-敦北法人,0037003700390063,5,35,-30,0.67,15,sell
