date,stock_code,broker_name,broker_id,buy_vol,sell_vol,net_vol,pct,rank,side
9/14,2330,群益金鼎,9100,717,8,709,3.31,1,buy
9/14,2330,凱基-台北,9268,201,3196,-2995,13.96,1,sell
9/14,2330,國泰-敦南,8888,447,52,395,1.84,2,buy
9/14,2330,新加坡商瑞銀,1650,499,2267,-1768,8.24,2,sell
9/14,2330,華南永昌,9300,320,29,291,1.36,3,buy
9/14,2330,美商高盛,1480,239,1942,-1703,7.94,3,sell
9/14,2330,凱基,9200,351,67,284,1.32,4,buy
9/14,2330,港商野村,1560,640,2040,-1400,6.53,4,sell
9/14,2330,台新,0039004200300030,219,58,161,0.75,5,buy
9/14,2330,台灣摩根士丹利,1470,686,1917,-1231,5.74,5,sell
9/14,2330,土銀,1030,145,0,145,0.68,6,buy
9/14,2330,港商麥格理,1360,267,996,-729,3.4,6,sell
9/14,2330,彰銀,1230,119,1,118,0.55,7,buy
9/14,2330,摩根大通,8440,879,1465,-586,2.73,7,sell
9/14,2330,臺銀,1040,141,25,116,0.54,8,buy
9/14,2330,美林,1440,155,623,-468,2.18,8,sell
9/14,2330,國泰-台中,8882,129,17,112,0.52,9,buy
9/14,2330,富邦證券,9600,54,411,-357,1.66,9,sell
9/14,2330,國泰-板橋,003800380038004b,110,7,103,0.48,10,buy
9/14,2330,國票-敦北法人,0037003700390063,16,325,-309,1.44,10,sell
9/14,2330,元大-新竹經國,9859,97,4,93,0.43,11,buy
9/14,2330,第一金,5380,30,260,-230,1.07,11,sell
9/14,2330,新光,8560,162,69,93,0.43,12,buy
9/14,2330,永豐金證券,0039004100300030,263,467,-204,0.95,12,sell
9/14,2330,元大-天母,0039003800310049,95,5,90,0.42,13,buy
9/14,2330,群益金鼎-北高雄,0039003100330052,6,178,-172,0.8,13,sell
9/14,2330,華南永昌-中正,9359,86,2,84,0.39,14,buy
9/14,2330,法銀巴黎,8900,55,219,-164,0.76,14,sell
9/14,2330,玉山證券,8840,108,30,78,0.36,15,buy
9/14,2330,永豐金-匯立,0039004100380031,152,273,-121,0.56,15,sell
9/14,2317,摩根大通,8440,3228,614,2614,11.74,1,buy
9/14,2317,台灣摩根士丹利,1470,962,3353,-2391,10.74,1,sell
9/14,2317,港商野村,1560,2081,368,1713,7.7,2,buy
9/14,2317,新加坡商瑞銀,1650,1379,1974,-595,2.67,2,sell
9/14,2317,國泰證券,8880,1025,4,1021,4.59,3,buy
9/14,2317,港商麥格理,1360,181,757,-576,2.59,3,sell
9/14,2317,統一,5850,424,27,397,1.78,4,buy
9/14,2317,永豐金-匯立,0039004100380031,183,714,-531,2.39,4,sell
9/14,2317,元大證券,9800,1205,851,354,1.59,5,buy
9/14,2317,美林,1440,787,1156,-369,1.66,5,sell
9/14,2317,群益金鼎,9100,294,19,275,1.24,6,buy
9/14,2317,凱基,9200,4,271,-267,1.2,6,sell
9/14,2317,美商高盛,1480,1943,1708,235,1.06,7,buy
9/14,2317,花旗環球,1590,52,313,-261,1.17,7,sell
9/14,2317,富邦證券,9600,260,29,231,1.04,8,buy
9/14,2317,大和國泰,8890,0,180,-180,0.81,8,sell
9/14,2317,元大-大里,0039003800310067,118,12,106,0.48,9,buy
9/14,2317,富邦-台北,9623,27,202,-175,0.79,9,sell
9/14,2317,台新,0039004200300030,282,184,98,0.44,10,buy
9/14,2317,永豐金證券,0039004100300030,206,340,-134,0.6,10,sell
9/14,2317,富邦-台中,003900360035004b,94,22,72,0.32,11,buy
9/14,2317,國泰-館前,0038003800380041,38,158,-120,0.54,11,sell
9/14,2317,大昌-安康,6462,59,5,54,0.24,12,buy
9/14,2317,中國信託,6160,320,438,-118,0.53,12,sell
9/14,2317,台新-安南,003900420032005a,52,6,46,0.21,13,buy
9/14,2317,國泰-台中,8882,45,149,-104,0.47,13,sell
9/14,2317,永豐金-市政,0039004100390057,55,10,45,0.2,14,buy
9/14,2317,宏遠-台南,0031003200360044,4,105,-101,0.45,14,sell
9/14,2317,台新-中港,0039004200320069,47,3,44,0.2,15,buy
9/14,2317,中國信託-高雄,003600310036004b,6,104,-98,0.44,15,sell
9/14,2454,新加坡商瑞銀,1650,542,116,426,6.96,1,buy
9/14,2454,富邦證券,9600,37,338,-301,4.92,1,sell
9/14,2454,永豐金-匯立,0039004100380031,368,27,341,5.57,2,buy
9/14,2454,花旗環球,1590,15,199,-184,3.01,2,sell
9/14,2454,元大證券,9800,431,213,218,3.56,3,buy
9/14,2454,台灣摩根士丹利,1470,480,582,-102,1.67,3,sell
9/14,2454,美商高盛,1480,445,291,154,2.52,4,buy
9/14,2454,摩根大通,8440,405,476,-71,1.16,4,sell
9/14,2454,凱基-台北,9268,331,205,126,2.06,5,buy
9/14,2454,元大-敦化,9833,2,72,-70,1.14,5,sell
9/14,2454,元大-館前,003900380034004b,56,5,51,0.83,6,buy
9/14,2454,凱基,9200,19,84,-65,1.06,6,sell
9/14,2454,美林,1440,293,256,37,0.6,7,buy
9/14,2454,玉山證券,8840,29,79,-50,0.82,7,sell
9/14,2454,凱基-站前,0039003200300046,44,9,35,0.57,8,buy
9/14,2454,群益金鼎-敦南,9101,3,44,-41,0.67,8,sell
9/14,2454,宏遠證券,1260,39,5,34,0.56,9,buy
9/14,2454,富邦-建國,9658,11,40,-29,0.47,9,sell
9/14,2454,群益金鼎-忠孝,0039003100380057,37,6,31,0.51,10,buy
9/14,2454,群益金鼎,9100,40,64,-24,0.39,10,sell
9/14,2454,台新-西松,003900420032006e,16,2,14,0.23,11,buy
9/14,2454,國泰-敦南,8888,67,88,-21,0.34,11,sell
9/14,2454,永豐金-古亭,0039004100390064,12,1,11,0.18,12,buy
9/14,2454,港商野村,1560,61,82,-21,0.34,12,sell
9/14,2454,兆豐-彰化,0037003000300064,17,7,10,0.16,13,buy
9/14,2454,聯邦-台南,8588,0,20,-20,0.33,13,sell
9/14,2454,統一,5850,70,60,10,0.16,14,buy
9/14,2454,富邦-永和,9654,6,22,-16,0.26,14,sell
9/14,2454,國票-敦北法人,0037003700390063,11,2,9,0.15,15,buy
9/14,2454,富邦-台南,9667,5,21,-16,0.26,15,sell
9/14,2308,摩根大通,8440,897,197,700,8.02,1,buy
9/14,2308,新加坡商瑞銀,1650,298,1753,-1455,16.67,1,sell
9/14,2308,元大證券,9800,1142,495,647,7.41,2,buy
9/14,2308,港商麥格理,1360,84,1119,-1035,11.86,2,sell
9/14,2308,台灣摩根士丹利,1470,866,227,639,7.32,3,buy
9/14,2308,兆豐證券,7000,2,538,-536,6.14,3,sell
9/14,2308,美商高盛,1480,910,290,620,7.11,4,buy
9/14,2308,美林,1440,203,450,-247,2.83,4,sell
9/14,2308,凱基-台北,9268,595,319,276,3.16,5,buy
9/14,2308,台新-台北,0039004200320030,7,156,-149,1.71,5,sell
9/14,2308,港商野村,1560,292,69,223,2.56,6,buy
9/14,2308,花旗環球,1590,8,119,-111,1.27,6,sell
9/14,2308,永豐金證券,0039004100300030,164,81,83,0.95,7,buy
9/14,2308,國泰證券,8880,19,115,-96,1.1,7,sell
9/14,2308,元大-館前,003900380034004b,54,2,52,0.6,8,buy
9/14,2308,富邦證券,9600,108,183,-75,0.86,8,sell
9/14,2308,統一,5850,63,22,41,0.47,9,buy
9/14,2308,宏遠-民生,1261,2,61,-59,0.68,9,sell
9/14,2308,土銀,1030,34,0,34,0.39,10,buy
9/14,2308,國票-敦北法人,0037003700390063,2,56,-54,0.62,10,sell
9/14,2308,中國信託,6160,40,10,30,0.34,11,buy
9/14,2308,第一金,5380,1,49,-48,0.55,11,sell
9/14,2308,凱基,9200,52,23,29,0.33,12,buy
9/14,2308,台中銀,6110,3,47,-44,0.5,12,sell
9/14,2308,凱基-大里,0039003200300057,27,0,27,0.31,13,buy
9/14,2308,康和,8450,2,43,-41,0.47,13,sell
9/14,2308,國泰-敦南,8888,106,81,25,0.29,14,buy
9/14,2308,大和國泰,8890,0,40,-40,0.46,14,sell
9/14,2308,凱基-站前,0039003200300046,26,1,25,0.29,15,buy
9/14,2308,兆豐-忠孝,0037003000300061,15,42,-27,0.31,15,sell
9/14,2382,統一,5850,1012,2,1010,12.58,1,buy
9/14,2382,永豐金-匯立,0039004100380031,54,1258,-1204,14.99,1,sell
9/14,2382,台灣摩根士丹利,1470,1007,231,776,9.66,2,buy
9/14,2382,國泰證券,8880,12,1007,-995,12.39,2,sell
9/14,2382,元大證券,9800,1015,613,402,5.01,3,buy
9/14,2382,港商野村,1560,95,414,-319,3.97,3,sell
9/14,2382,新加坡商瑞銀,1650,407,86,321,4.0,4,buy
9/14,2382,臺銀,1040,3,314,-311,3.87,4,sell
9/14,2382,富邦證券,9600,317,19,298,3.71,5,buy
9/14,2382,美商高盛,1480,504,702,-198,2.47,5,sell
9/14,2382,凱基-台北,9268,413,242,171,2.13,6,buy
9/14,2382,台新-潮州,0039004200320043,1,90,-89,1.11,6,sell
9/14,2382,摩根大通,8440,379,250,129,1.61,7,buy
9/14,2382,永豐金-潮州,0039004100390071,1,88,-87,1.08,7,sell
9/14,2382,福邦證券,6480,100,0,100,1.25,8,buy
9/14,2382,元大-北投,0039003800390041,5,90,-85,1.06,8,sell
9/14,2382,美林,1440,520,437,83,1.03,9,buy
9/14,2382,元大-敦南,0039003800390050,1,58,-57,0.71,9,sell
9/14,2382,永豐金證券,0039004100300030,123,53,70,0.87,10,buy
9/14,2382,元大-四維,9831,0,46,-46,0.57,10,sell
9/14,2382,國泰-忠孝,8887,43,2,41,0.51,11,buy
9/14,2382,玉山-左營,0038003800340044,3,46,-43,0.54,11,sell
9/14,2382,法銀巴黎,8900,38,1,37,0.46,12,buy
9/14,2382,兆豐-三民,0037003000300068,1,43,-42,0.52,12,sell
9/14,2382,兆豐證券,7000,32,0,32,0.4,13,buy
9/14,2382,凱基,9200,76,115,-39,0.49,13,sell
9/14,2382,香港上海匯豐,8960,31,1,30,0.37,14,buy
9/14,2382,花旗環球,1590,13,49,-36,0.45,14,sell
9/14,2382,兆豐-永和,0037003000300058,25,0,25,0.31,15,buy
9/14,2382,元大-信義,003900380039006d,0,30,-30,0.37,15,sell
9/14,2891,台灣摩根士丹利,1470,4276,270,4006,14.3,1,buy
9/14,2891,美林,1440,844,4236,-3392,12.1,1,sell
9/14,2891,凱基-台北,9268,4290,770,3520,12.56,2,buy
9/14,2891,摩根大通,8440,4101,5654,-1553,5.54,2,sell
9/14,2891,新光,8560,2294,491,1803,6.43,3,buy
9/14,2891,華南永昌-中正,9359,0,872,-872,3.11,3,sell
9/14,2891,新加坡商瑞銀,1650,1605,199,1406,5.02,4,buy
9/14,2891,富邦證券,9600,9,391,-382,1.36,4,sell
9/14,2891,美商高盛,1480,3621,2432,1189,4.24,5,buy
9/14,2891,國票-敦北法人,0037003700390063,0,375,-375,1.34,5,sell
9/14,2891,永豐金-匯立,0039004100380031,696,0,696,2.48,6,buy
9/14,2891,合庫證券,1020,10,378,-368,1.31,6,sell
9/14,2891,元大證券,9800,1343,1123,220,0.79,7,buy
9/14,2891,國泰-敦南,8888,119,451,-332,1.18,7,sell
9/14,2891,中國信託-永康,6163,202,19,183,0.65,8,buy
9/14,2891,福邦證券,6480,0,304,-304,1.08,8,sell
9/14,2891,凱基-台南,9211,200,28,172,0.61,9,buy
9/14,2891,國泰-松江,8883,4,305,-301,1.07,9,sell
9/14,2891,港商野村,1560,350,231,119,0.42,10,buy
9/14,2891,台新-城東,0039004200320072,2,298,-296,1.06,10,sell
9/14,2891,永豐金證券,0039004100300030,355,241,114,0.41,11,buy
9/14,2891,第一金,5380,143,377,-234,0.84,11,sell
9/14,2891,玉山-雙和,8841,100,9,91,0.32,12,buy
9/14,2891,富邦-南港,0039003600320041,0,172,-172,0.61,12,sell
9/14,2891,群益金鼎,9100,165,81,84,0.3,13,buy
9/14,2891,中國信託,6160,53,203,-150,0.54,13,sell
9/14,2891,中國信託-高雄,003600310036004b,74,21,53,0.19,14,buy
9/14,2891,華南永昌-大安,9307,16,154,-138,0.49,14,sell
9/14,2891,土銀-新竹,1035,51,2,49,0.17,15,buy
9/14,2891,法銀巴黎,8900,89,215,-126,0.45,15,sell
9/14,2881,台灣摩根士丹利,1470,5493,1797,3696,19.95,1,buy
9/14,2881,美商高盛,1480,1244,1662,-418,2.26,1,sell
9/14,2881,元大證券,9800,1497,609,888,4.79,2,buy
9/14,2881,永豐金-板新,003900410039004a,2,401,-399,2.15,2,sell
9/14,2881,港商野村,1560,669,173,496,2.68,3,buy
9/14,2881,兆豐-高雄,003700300030005a,0,266,-266,1.44,3,sell
9/14,2881,摩根大通,8440,1023,583,440,2.37,4,buy
9/14,2881,群益金鼎-南京,0039003100380045,6,186,-180,0.97,4,sell
9/14,2881,凱基-台北,9268,1097,789,308,1.66,5,buy
9/14,2881,新加坡商瑞銀,1650,558,712,-154,0.83,5,sell
9/14,2881,第一金-新興,0035003300380041,251,1,250,1.35,6,buy
9/14,2881,兆豐-城中,0037003000300057,871,1020,-149,0.8,6,sell
9/14,2881,永豐金-匯立,0039004100380031,322,149,173,0.93,7,buy
9/14,2881,富邦-台北,9623,45,189,-144,0.78,7,sell
9/14,2881,富隆證券,5110,143,0,143,0.77,8,buy
9/14,2881,永豐金-復興,003900410039005a,51,182,-131,0.71,8,sell
9/14,2881,康和,8450,146,18,128,0.69,9,buy
9/14,2881,美林,1440,119,238,-119,0.64,9,sell
9/14,2881,元大-東泰,9817,2391,2272,119,0.64,10,buy
9/14,2881,國泰-敦南,8888,79,192,-113,0.61,10,sell
9/14,2881,富邦-青埔,003900360031004e,101,3,98,0.53,11,buy
9/14,2881,富邦-二林,0039003600320042,0,110,-110,0.59,11,sell
9/14,2881,凱基,9200,362,265,97,0.52,12,buy
9/14,2881,法銀巴黎,8900,7,116,-109,0.59,12,sell
9/14,2881,群益金鼎-大甲,0039003100380067,62,3,59,0.32,13,buy
9/14,2881,富邦-新店,9661,7,103,-96,0.52,13,sell
9/14,2881,富邦-台中,003900360035004b,106,49,57,0.31,14,buy
9/14,2881,元大-桃興,9894,0,88,-88,0.47,14,sell
9/14,2881,台新-花蓮,0039004200320079,41,7,34,0.18,15,buy
9/14,2881,富邦-仁愛,9676,4,84,-80,0.43,15,sell
9/14,2882,台灣摩根士丹利,1470,4634,744,3890,20.8,1,buy
9/14,2882,摩根大通,8440,1145,2543,-1398,7.48,1,sell
9/14,2882,港商野村,1560,860,2,858,4.59,2,buy
9/14,2882,美商高盛,1480,723,1835,-1112,5.95,2,sell
9/14,2882,台新,0039004200300030,643,37,606,3.24,3,buy
9/14,2882,花旗環球,1590,4,998,-994,5.32,3,sell
9/14,2882,凱基,9200,840,272,568,3.04,4,buy
9/14,2882,新加坡商瑞銀,1650,563,1175,-612,3.27,4,sell
9/14,2882,元大證券,9800,2339,1913,426,2.28,5,buy
9/14,2882,國泰-館前,0038003800380041,11,563,-552,2.95,5,sell
9/14,2882,永豐金證券,0039004100300030,484,92,392,2.1,6,buy
9/14,2882,港商麥格理,1360,92,608,-516,2.76,6,sell
9/14,2882,永豐金-匯立,0039004100380031,318,0,318,1.7,7,buy
9/14,2882,富邦-建國,9658,9,126,-117,0.63,7,sell
9/14,2882,美林,1440,1162,880,282,1.51,8,buy
9/14,2882,第一金-大稻埕,0035003300380046,0,114,-114,0.61,8,sell
9/14,2882,富隆證券,5110,264,0,264,1.41,9,buy
9/14,2882,宏遠證券,1260,0,105,-105,0.56,9,sell
9/14,2882,永豐金-板新,003900410039004a,260,23,237,1.27,10,buy
9/14,2882,凱基-高雄,9206,49,149,-100,0.53,10,sell
9/14,2882,國票-敦北法人,0037003700390063,138,1,137,0.73,11,buy
9/14,2882,群益金鼎-館前,0039003100330059,6,105,-99,0.53,11,sell
9/14,2882,華南永昌-敦南,9347,100,0,100,0.53,12,buy
9/14,2882,台新-大裕,003900420032006c,12,97,-85,0.45,12,sell
9/14,2882,元大-館前,003900380034004b,100,5,95,0.51,13,buy
9/14,2882,中國信託,6160,68,153,-85,0.45,13,sell
9/14,2882,富邦-彰化,0039003600350055,100,8,92,0.49,14,buy
9/14,2882,元大-大同,0039003800390047,0,81,-81,0.43,14,sell
9/14,2882,群益金鼎,9100,116,41,75,0.4,15,buy
9/14,2882,國泰-敦南,8888,109,184,-75,0.4,15,sell
9/14,2303,美商高盛,1480,12703,8232,4471,3.37,1,buy
9/14,2303,香港上海匯豐,8960,0,1625,-1625,1.23,1,sell
9/14,2303,元大證券,9800,13486,9160,4326,3.26,2,buy
9/14,2303,新加坡商瑞銀,1650,2434,3981,-1547,1.17,2,sell
9/14,2303,美林,1440,4510,443,4067,3.07,3,buy
9/14,2303,國泰-敦南,8888,2778,3732,-954,0.72,3,sell
9/14,2303,港商野村,1560,2283,273,2010,1.52,4,buy
9/14,2303,凱基-台北,9268,3878,4599,-721,0.54,4,sell
9/14,2303,台灣摩根士丹利,1470,9459,7755,1704,1.29,5,buy
9/14,2303,康和,8450,26,743,-717,0.54,5,sell
9/14,2303,富邦證券,9600,5810,4664,1146,0.86,6,buy
9/14,2303,福邦證券,6480,207,827,-620,0.47,6,sell
9/14,2303,台新-台北,0039004200320030,1216,81,1135,0.86,7,buy
9/14,2303,新光-新竹,8563,115,685,-570,0.43,7,sell
9/14,2303,華南永昌,9300,1098,373,725,0.55,8,buy
9/14,2303,兆豐-民生,0037003000300063,22,528,-506,0.38,8,sell
9/14,2303,永豐金-匯立,0039004100380031,530,0,530,0.4,9,buy
9/14,2303,統一-仁愛,0035003800350063,16,516,-500,0.38,9,sell
9/14,2303,凱基-站前,0039003200300046,778,264,514,0.39,10,buy
9/14,2303,永豐金-萬盛,0039004100390032,60,409,-349,0.26,10,sell
9/14,2303,永豐金-台南,0039004100390068,608,105,503,0.38,11,buy
9/14,2303,統一-敦南,5852,471,774,-303,0.23,11,sell
9/14,2303,第一金-自由,0035003300380045,1057,581,476,0.36,12,buy
9/14,2303,元大-竹科,003900380030004b,91,347,-256,0.19,12,sell
9/14,2303,凱基-興隆,9289,474,37,437,0.33,13,buy
9/14,2303,中國信託-高雄,003600310036004b,107,348,-241,0.18,13,sell
9/14,2303,兆豐證券,7000,988,553,435,0.33,14,buy
9/14,2303,富邦-南屯,9666,84,306,-222,0.17,14,sell
9/14,2303,合庫-高雄,1023,506,98,408,0.31,15,buy
9/14,2303,元大-松江,9801,55,266,-211,0.16,15,sell
9/14,3711,台灣摩根士丹利,1470,1236,475,761,8.03,1,buy
9/14,3711,摩根大通,8440,1084,1810,-726,7.66,1,sell
9/14,3711,凱基,9200,819,135,684,7.22,2,buy
9/14,3711,新加坡商瑞銀,1650,215,700,-485,5.12,2,sell
9/14,3711,港商野村,1560,327,1,326,3.44,3,buy
9/14,3711,永豐金-匯立,0039004100380031,126,303,-177,1.87,3,sell
9/14,3711,元大證券,9800,792,534,258,2.72,4,buy
9/14,3711,國泰證券,8880,15,181,-166,1.75,4,sell
9/14,3711,凱基-台北,9268,375,212,163,1.72,5,buy
9/14,3711,富邦證券,9600,35,173,-138,1.46,5,sell
9/14,3711,華南永昌-高雄,9303,82,3,79,0.83,6,buy
9/14,3711,第一金,5380,1,90,-89,0.94,6,sell
9/14,3711,美林,1440,161,129,32,0.34,7,buy
9/14,3711,台中銀,6110,1,85,-84,0.89,7,sell
9/14,3711,土銀,1030,33,4,29,0.31,8,buy
9/14,3711,永豐金證券,0039004100300030,91,172,-81,0.85,8,sell
9/14,3711,群益金鼎,9100,84,65,19,0.2,9,buy
9/14,3711,大和國泰,8890,0,80,-80,0.84,9,sell
9/14,3711,國泰-板橋,003800380038004b,44,27,17,0.18,10,buy
9/14,3711,華南永昌,9300,9,80,-71,0.75,10,sell
9/14,3711,元大-民生三民,0039003800390058,16,3,13,0.14,11,buy
9/14,3711,花旗環球,1590,83,138,-55,0.58,11,sell
9/14,3711,元大-天母,0039003800310049,13,0,13,0.14,12,buy
9/14,3711,中國信託-高雄,003600310036004b,14,67,-53,0.56,12,sell
9/14,3711,中國信託-三重,6161,15,3,12,0.13,13,buy
9/14,3711,台新-台北,0039004200320030,2,46,-44,0.46,13,sell
9/14,3711,元大-大同,0039003800390047,12,1,11,0.12,14,buy
9/14,3711,國泰-敦南,8888,142,182,-40,0.42,14,sell
9/14,3711,兆豐-台南,7006,13,2,11,0.12,15,buy
9/14,3711,統一-仁愛,0035003800350063,1,32,-31,0.33,15,sell
9/14,2603,國泰證券,8880,2905,5,2900,22.46,1,buy
9/14,2603,台灣摩根士丹利,1470,449,2429,-1980,15.34,1,sell
9/14,2603,美商高盛,1480,2104,882,1222,9.47,2,buy
9/14,2603,摩根大通,8440,199,1149,-950,7.36,2,sell
9/14,2603,台新,0039004200300030,738,28,710,5.5,3,buy
9/14,2603,新加坡商瑞銀,1650,195,1103,-908,7.03,3,sell
9/14,2603,花旗環球,1590,672,8,664,5.14,4,buy
9/14,2603,元大證券,9800,697,1518,-821,6.36,4,sell
9/14,2603,富邦證券,9600,556,28,528,4.09,5,buy
9/14,2603,凱基-台北,9268,199,619,-420,3.25,5,sell
9/14,2603,華南永昌,9300,409,18,391,3.03,6,buy
9/14,2603,群益金鼎-東湖,003900310038004b,1,179,-178,1.38,6,sell
9/14,2603,永豐金-匯立,0039004100380031,267,0,267,2.07,7,buy
9/14,2603,永豐金證券,0039004100300030,35,213,-178,1.38,7,sell
9/14,2603,元大-雙和,9874,251,4,247,1.91,8,buy
9/14,2603,法銀巴黎,8900,0,77,-77,0.6,8,sell
9/14,2603,元大-台北,0039003800300068,113,4,109,0.84,9,buy
9/14,2603,國泰-敦南,8888,84,159,-75,0.58,9,sell
9/14,2603,元大-府城,0039003800300075,90,1,89,0.69,10,buy
9/14,2603,港商野村,1560,176,247,-71,0.55,10,sell
9/14,2603,群益金鼎-西松,9136,84,1,83,0.64,11,buy
9/14,2603,新光-高雄,8562,8,78,-70,0.54,11,sell
9/14,2603,中農,8520,21,1,20,0.15,12,buy
9/14,2603,凱基-屏東,0039003200320043,10,69,-59,0.46,12,sell
9/14,2603,福邦證券,6480,20,0,20,0.15,13,buy
9/14,2603,臺銀-金山,0031003000340044,3,38,-35,0.27,13,sell
9/14,2603,香港上海匯豐,8960,18,0,18,0.14,14,buy
9/14,2603,富邦-仁愛,9676,29,58,-29,0.22,14,sell
9/14,2603,富邦-三重,9677,20,3,17,0.13,15,buy
9/14,2603,富邦-木柵,003900360031004d,190,219,-29,0.22,15,sell
9/14,2609,花旗環球,1590,1638,66,1572,5.21,1,buy
9/14,2609,新加坡商瑞銀,1650,900,3902,-3002,9.94,1,sell
9/14,2609,美林,1440,1774,1209,565,1.87,2,buy
9/14,2609,台灣摩根士丹利,1470,649,2131,-1482,4.91,2,sell
9/14,2609,元大-雙和,9874,519,15,504,1.67,3,buy
9/14,2609,凱基-台北,9268,835,1753,-918,3.04,3,sell
9/14,2609,永興-台中,5603,502,0,502,1.66,4,buy
9/14,2609,港商野村,1560,0,889,-889,2.94,4,sell
9/14,2609,永豐金-匯立,0039004100380031,2588,2147,441,1.46,5,buy
9/14,2609,元大證券,9800,1285,1636,-351,1.16,5,sell
9/14,2609,富邦-仁愛,9676,165,10,155,0.51,6,buy
9/14,2609,美商高盛,1480,2032,2357,-325,1.08,6,sell
9/14,2609,永豐金-永康,0039004100390063,133,3,130,0.43,7,buy
9/14,2609,致和-高雄,7036,0,169,-169,0.56,7,sell
9/14,2609,台新,0039004200300030,330,200,130,0.43,8,buy
9/14,2609,凱基,9200,0,85,-85,0.28,8,sell
9/14,2609,元大-仁愛,003900380033006a,128,4,124,0.41,9,buy
9/14,2609,台新-彰化,003900420032004d,2,61,-59,0.2,9,sell
9/14,2609,永豐金-彰化,0039004100390073,124,12,112,0.37,10,buy
9/14,2609,摩根大通,8440,714,760,-46,0.15,10,sell
9/14,2609,新光,8560,308,223,85,0.28,11,buy
9/14,2609,台新-三重,0039004200320033,12,53,-41,0.14,11,sell
9/14,2609,台新-北新莊,0039004200320038,82,2,80,0.26,12,buy
9/14,2609,臺銀-金山,0031003000340044,14,54,-40,0.13,12,sell
9/14,2609,富邦-嘉義,9692,97,29,68,0.23,13,buy
9/14,2609,元大-台南,9896,21,58,-37,0.12,13,sell
9/14,2609,元大-大雅,0039003800330069,91,25,66,0.22,14,buy
9/14,2609,永豐金證券,0039004100300030,337,373,-36,0.12,14,sell
9/14,2609,國票-北高雄,003700370039004a,230,166,64,0.21,15,buy
9/14,2609,第一金-台南,5384,37,71,-34,0.11,15,sell
9/14,2615,台灣摩根士丹利,1470,1736,768,968,7.34,1,buy
9/14,2615,群益金鼎-永和,003900310038004a,6,353,-347,2.63,1,sell
9/14,2615,華南永昌,9300,854,40,814,6.17,2,buy
9/14,2615,新加坡商瑞銀,1650,5,331,-326,2.47,2,sell
9/14,2615,永豐金-匯立,0039004100380031,601,0,601,4.56,3,buy
9/14,2615,港商野村,1560,90,405,-315,2.39,3,sell
9/14,2615,凱基-台北,9268,972,745,227,1.72,4,buy
9/14,2615,元大證券,9800,416,618,-202,1.53,4,sell
9/14,2615,美林,1440,921,754,167,1.27,5,buy
9/14,2615,第一金-安和,003500330038006a,9,183,-174,1.32,5,sell
9/14,2615,凱基-信義,9216,170,10,160,1.21,6,buy
9/14,2615,群益金鼎,9100,68,200,-132,1.0,6,sell
9/14,2615,元大-南屯,9853,67,10,57,0.43,7,buy
9/14,2615,美商高盛,1480,383,488,-105,0.8,7,sell
9/14,2615,台新-安南,003900420032005a,55,2,53,0.4,8,buy
9/14,2615,永豐金證券,0039004100300030,60,138,-78,0.59,8,sell
9/14,2615,富邦-南屯,9666,57,4,53,0.4,9,buy
9/14,2615,美好-中壢,5266,3,74,-71,0.54,9,sell
9/14,2615,凱基,9200,53,20,33,0.25,10,buy
9/14,2615,國泰-敦南,8888,353,424,-71,0.54,10,sell
9/14,2615,摩根大通,8440,769,738,31,0.24,11,buy
9/14,2615,台新,0039004200300030,85,150,-65,0.49,11,sell
9/14,2615,第一金-員林,5381,48,19,29,0.22,12,buy
9/14,2615,台新-板橋,0039004200320062,1,64,-63,0.48,12,sell
9/14,2615,新光-台中,8561,71,42,29,0.22,13,buy
9/14,2615,元大-發財,0039003800310045,20,80,-60,0.46,13,sell
9/14,2615,元大-四維,9831,37,9,28,0.21,14,buy
9/14,2615,元大-竹北,0039003800310042,0,55,-55,0.42,14,sell
9/14,2615,兆豐-寶成,0037003000300072,22,0,22,0.17,15,buy
9/14,2615,玉山-左營,0038003800340044,3,55,-52,0.39,15,sell
9/14,2618,花旗環球,1590,1611,71,1540,14.27,1,buy
9/14,2618,美商高盛,1480,605,2417,-1812,16.79,1,sell
9/14,2618,元大證券,9800,1276,682,594,5.5,2,buy
9/14,2618,摩根大通,8440,225,568,-343,3.18,2,sell
9/14,2618,新加坡商瑞銀,1650,575,217,358,3.32,3,buy
9/14,2618,凱基-台北,9268,547,816,-269,2.49,3,sell
9/14,2618,永豐金-匯立,0039004100380031,276,0,276,2.56,4,buy
9/14,2618,華南永昌,9300,6,167,-161,1.49,4,sell
9/14,2618,新光,8560,312,63,249,2.31,5,buy
9/14,2618,美林,1440,664,768,-104,0.96,5,sell
9/14,2618,港商野村,1560,1321,1112,209,1.94,6,buy
9/14,2618,凱基,9200,157,239,-82,0.76,6,sell
9/14,2618,群益金鼎-大安,0039003100380065,200,0,200,1.85,7,buy
9/14,2618,富邦-板橋,9655,4,85,-81,0.75,7,sell
9/14,2618,港商麥格理,1360,162,0,162,1.5,8,buy
9/14,2618,永豐金證券,0039004100300030,34,110,-76,0.7,8,sell
9/14,2618,凱基-高美館,9215,48,3,45,0.42,9,buy
9/14,2618,元大-萬華,0039003800310071,0,64,-64,0.59,9,sell
9/14,2618,台中銀-員林,6114,40,0,40,0.37,10,buy
9/14,2618,元大-台北,0039003800300068,1,63,-62,0.57,10,sell
9/14,2618,元大-屏東,9892,31,5,26,0.24,11,buy
9/14,2618,統一-金門,0035003800350057,1,55,-54,0.5,11,sell
9/14,2618,元大-大灣,9815,24,0,24,0.22,12,buy
9/14,2618,富邦-南屯,9666,0,50,-50,0.46,12,sell
9/14,2618,元大-草屯,0039003800390045,24,1,23,0.21,13,buy
9/14,2618,富邦-新竹,9647,6,53,-47,0.44,13,sell
9/14,2618,第一金-自由,0035003300380045,22,2,20,0.19,14,buy
9/14,2618,法銀巴黎,8900,26,72,-46,0.43,14,sell
9/14,2618,第一金-嘉義,003500330038004d,20,0,20,0.19,15,buy
9/14,2618,永豐金-敦北,0039004100380039,1,37,-36,0.33,15,sell
9/14,3037,美林,1440,647,59,588,4.47,1,buy
9/14,3037,凱基-站前,0039003200300046,15,818,-803,6.11,1,sell
9/14,3037,台灣摩根士丹利,1470,958,375,583,4.44,2,buy
9/14,3037,摩根大通,8440,474,920,-446,3.39,2,sell
9/14,3037,凱基-台北,9268,899,590,309,2.35,3,buy
9/14,3037,群益金鼎,9100,112,396,-284,2.16,3,sell
9/14,3037,富邦證券,9600,314,18,296,2.25,4,buy
9/14,3037,美商高盛,1480,967,1231,-264,2.01,4,sell
9/14,3037,港商野村,1560,341,78,263,2.0,5,buy
9/14,3037,元大證券,9800,1239,1502,-263,2.0,5,sell
9/14,3037,永豐金-匯立,0039004100380031,240,9,231,1.76,6,buy
9/14,3037,永豐金證券,0039004100300030,84,264,-180,1.37,6,sell
9/14,3037,新加坡商瑞銀,1650,596,407,189,1.44,7,buy
9/14,3037,台新,0039004200300030,50,171,-121,0.92,7,sell
9/14,3037,臺銀,1040,128,9,119,0.91,8,buy
9/14,3037,富邦-台北,9623,40,119,-79,0.6,8,sell
9/14,3037,統一-新竹,5857,82,2,80,0.61,9,buy
9/14,3037,華南永昌-高雄,9303,4,69,-65,0.49,9,sell
9/14,3037,玉山證券,8840,105,30,75,0.57,10,buy
9/14,3037,華南永昌-中正,9359,202,256,-54,0.41,10,sell
9/14,3037,國泰證券,8880,53,10,43,0.33,11,buy
9/14,3037,凱基,9200,1,52,-51,0.39,11,sell
9/14,3037,凱基-興隆,9289,42,2,40,0.3,12,buy
9/14,3037,統一,5850,43,81,-38,0.29,12,sell
9/14,3037,中國信託,6160,68,28,40,0.3,13,buy
9/14,3037,花旗環球,1590,26,58,-32,0.24,13,sell
9/14,3037,台新-建北,0039004200310038,39,13,26,0.2,14,buy
9/14,3037,華南永昌-竹北,9339,1,26,-25,0.19,14,sell
9/14,3037,國泰-敦南,8888,274,255,19,0.14,15,buy
9/14,3037,元大-六合,0039003800320043,4,28,-24,0.18,15,sell
9/14,2345,台灣摩根士丹利,1470,811,55,756,24.63,1,buy
9/14,2345,永豐金-匯立,0039004100380031,22,665,-643,20.95,1,sell
9/14,2345,摩根大通,8440,307,22,285,9.29,2,buy
9/14,2345,富邦證券,9600,8,374,-366,11.93,2,sell
9/14,2345,美商高盛,1480,314,85,229,7.46,3,buy
9/14,2345,美林,1440,39,265,-226,7.36,3,sell
9/14,2345,元大證券,9800,281,74,207,6.74,4,buy
9/14,2345,法銀巴黎,8900,6,231,-225,7.33,4,sell
9/14,2345,新加坡商瑞銀,1650,205,139,66,2.15,5,buy
9/14,2345,永豐金證券,0039004100300030,82,262,-180,5.87,5,sell
9/14,2345,港商野村,1560,109,50,59,1.92,6,buy
9/14,2345,中國信託,6160,11,138,-127,4.14,6,sell
9/14,2345,凱基-台北,9268,133,96,37,1.21,7,buy
9/14,2345,國泰證券,8880,6,86,-80,2.61,7,sell
9/14,2345,群益金鼎-丹鳳,0039003100380073,31,0,31,1.01,8,buy
9/14,2345,凱基,9200,15,68,-53,1.73,8,sell
9/14,2345,國泰-敦南,8888,25,13,12,0.39,9,buy
9/14,2345,兆豐證券,7000,0,15,-15,0.49,9,sell
9/14,2345,國泰-館前,0038003800380041,14,3,11,0.36,10,buy
9/14,2345,統一,5850,11,22,-11,0.36,10,sell
9/14,2345,群益金鼎,9100,35,25,10,0.33,11,buy
9/14,2345,福邦證券,6480,2,8,-6,0.2,11,sell
9/14,2345,兆豐-復興,0037003000300070,7,0,7,0.23,12,buy
9/14,2345,中國信託-文心,6164,1,5,-4,0.13,12,sell
9/14,2345,康和-內湖,0038003400350041,6,0,6,0.2,13,buy
9/14,2345,兆豐-東門,0037003000300048,0,4,-4,0.13,13,sell
9/14,2345,第一金-忠孝,0035003300380044,7,1,6,0.2,14,buy
9/14,2345,元大-信義,003900380039006d,0,4,-4,0.13,14,sell
9/14,2345,元大-板橋,0039003800390043,5,0,5,0.16,15,buy
9/14,2345,國票-安和,003700370039005a,1,5,-4,0.13,15,sell
9/14,3006,國泰-敦南,8888,310,197,113,0.82,1,buy
9/14,3006,摩根大通,8440,177,1037,-860,6.26,1,sell
9/14,3006,聯邦證券,8580,125,38,87,0.63,2,buy
9/14,3006,美商高盛,1480,396,949,-553,4.02,2,sell
9/14,3006,永豐金證券,0039004100300030,205,120,85,0.62,3,buy
9/14,3006,元大證券,9800,1006,1494,-488,3.55,3,sell
9/14,3006,富邦-台北,9623,119,48,71,0.52,4,buy
9/14,3006,新加坡商瑞銀,1650,506,928,-422,3.07,4,sell
9/14,3006,元大-大同,0039003800390047,69,0,69,0.5,5,buy
9/14,3006,台灣摩根士丹利,1470,11,393,-382,2.78,5,sell
9/14,3006,群益金鼎-館前,0039003100330059,63,4,59,0.43,6,buy
9/14,3006,元大-頭份,0039003800330055,12,318,-306,2.23,6,sell
9/14,3006,花旗環球,1590,63,5,58,0.42,7,buy
9/14,3006,群益金鼎,9100,127,331,-204,1.48,7,sell
9/14,3006,新光,8560,115,58,57,0.41,8,buy
9/14,3006,港商野村,1560,123,326,-203,1.48,8,sell
9/14,3006,元大-員林中山,9835,67,10,57,0.41,9,buy
9/14,3006,美林,1440,110,297,-187,1.36,9,sell
9/14,3006,凱基-湖口,003900320030004e,52,5,47,0.34,10,buy
9/14,3006,元大-土城,9897,11,188,-177,1.29,10,sell
9/14,3006,富邦-建國,9658,124,86,38,0.28,11,buy
9/14,3006,統一,5850,39,170,-131,0.95,11,sell
9/14,3006,富邦-陽明,9604,42,5,37,0.27,12,buy
9/14,3006,元大-樹林,003900380039006a,11,138,-127,0.92,12,sell
9/14,3006,元大-大統,003900380031007a,34,2,32,0.23,13,buy
9/14,3006,凱基-台北,9268,975,1082,-107,0.78,13,sell
9/14,3006,台新-台中,0039004200310068,63,32,31,0.23,14,buy
9/14,3006,永豐金-竹科,0039004100390058,43,134,-91,0.66,14,sell
9/14,3006,凱基-竹科,9272,34,4,30,0.22,15,buy
9/14,3006,群益金鼎-延平,0039003100380078,20,93,-73,0.53,15,sell
9/14,2379,台灣摩根士丹利,1470,622,77,545,20.04,1,buy
9/14,2379,國泰證券,8880,0,400,-400,14.71,1,sell
9/14,2379,美商高盛,1480,298,108,190,6.99,2,buy
9/14,2379,港商麥格理,1360,5,157,-152,5.59,2,sell
9/14,2379,元大證券,9800,259,117,142,5.22,3,buy
9/14,2379,花旗環球,1590,2,88,-86,3.16,3,sell
9/14,2379,摩根大通,8440,270,133,137,5.04,4,buy
9/14,2379,土銀,1030,0,69,-69,2.54,4,sell
9/14,2379,港商野村,1560,140,3,137,5.04,5,buy
9/14,2379,華南永昌,9300,0,45,-45,1.66,5,sell
9/14,2379,新加坡商瑞銀,1650,206,74,132,4.85,6,buy
9/14,2379,統一,5850,6,40,-34,1.25,6,sell
9/14,2379,永豐金-匯立,0039004100380031,22,0,22,0.81,7,buy
9/14,2379,彰銀,1230,0,20,-20,0.74,7,sell
9/14,2379,凱基-台北,9268,159,143,16,0.59,8,buy
9/14,2379,台新-台北,0039004200320030,0,20,-20,0.74,8,sell
9/14,2379,美林,1440,77,64,13,0.48,9,buy
9/14,2379,北城證券,7750,1,19,-18,0.66,9,sell
9/14,2379,富邦證券,9600,18,8,10,0.37,10,buy
9/14,2379,國泰-台中,8882,3,19,-16,0.59,10,sell
9/14,2379,群益金鼎-潭子,0039003100330044,10,0,10,0.37,11,buy
9/14,2379,元大-竹科,003900380030004b,3,18,-15,0.55,11,sell
9/14,2379,中國信託-中壢,0036003100360041,9,0,9,0.33,12,buy
9/14,2379,國泰-敦南,8888,21,35,-14,0.51,12,sell
9/14,2379,台新-松德,0039004200320061,9,3,6,0.22,13,buy
9/14,2379,永豐金-松山,0039004100390031,0,11,-11,0.4,13,sell
9/14,2379,合庫證券,1020,7,2,5,0.18,14,buy
9/14,2379,第一金-忠孝,0035003300380044,0,10,-10,0.37,14,sell
9/14,2379,第一金-自由,0035003300380045,6,2,4,0.15,15,buy
9/14,2379,富邦-板橋,9655,1,9,-8,0.29,15,sell
9/14,3034,美商高盛,1480,549,208,341,9.62,1,buy
9/14,3034,摩根大通,8440,375,838,-463,13.06,1,sell
9/14,3034,新加坡商瑞銀,1650,342,19,323,9.11,2,buy
9/14,3034,凱基,9200,20,190,-170,4.79,2,sell
9/14,3034,港商野村,1560,289,1,288,8.12,3,buy
9/14,3034,華南永昌,9300,5,131,-126,3.55,3,sell
9/14,3034,美林,1440,206,4,202,5.7,4,buy
9/14,3034,福邦證券,6480,0,85,-85,2.4,4,sell
9/14,3034,凱基-台北,9268,293,108,185,5.22,5,buy
9/14,3034,富邦-羅東,9634,0,44,-44,1.24,5,sell
9/14,3034,台灣摩根士丹利,1470,200,73,127,3.58,6,buy
9/14,3034,永豐金證券,0039004100300030,20,56,-36,1.02,6,sell
9/14,3034,富邦證券,9600,77,0,77,2.17,7,buy
9/14,3034,玉山證券,8840,0,25,-25,0.71,7,sell
9/14,3034,花旗環球,1590,56,7,49,1.38,8,buy
9/14,3034,法銀巴黎,8900,6,25,-19,0.54,8,sell
9/14,3034,元大證券,9800,166,119,47,1.33,9,buy
9/14,3034,新光,8560,3,22,-19,0.54,9,sell
9/14,3034,中國信託-高雄,003600310036004b,40,0,40,1.13,10,buy
9/14,3034,香港上海匯豐,8960,0,17,-17,0.48,10,sell
9/14,3034,港商麥格理,1360,85,59,26,0.73,11,buy
9/14,3034,台新-成功,003900420032006d,0,17,-17,0.48,11,sell
9/14,3034,統一,5850,25,1,24,0.68,12,buy
9/14,3034,永豐金-市政,0039004100390057,6,23,-17,0.48,12,sell
9/14,3034,凱基-大直,9218,20,0,20,0.56,13,buy
9/14,3034,國泰-館前,0038003800380041,10,23,-13,0.37,13,sell
9/14,3034,永全-南崁,6451,20,1,19,0.54,14,buy
9/14,3034,群益金鼎-永和,003900310038004a,2,15,-13,0.37,14,sell
9/14,3034,統一-南京,0035003800350055,25,6,19,0.54,15,buy
9/14,3034,群益金鼎-彰化,9187,1,14,-13,0.37,15,sell
9/14,2412,台灣摩根士丹利,1470,4609,71,4538,24.14,1,buy
9/14,2412,富邦證券,9600,53,1004,-951,5.06,1,sell
9/14,2412,美商高盛,1480,3438,197,3241,17.24,2,buy
9/14,2412,台新-建北,0039004200310038,1,850,-849,4.52,2,sell
9/14,2412,摩根大通,8440,2205,882,1323,7.04,3,buy
9/14,2412,國票-北高雄,003700370039004a,0,705,-705,3.75,3,sell
9/14,2412,新加坡商瑞銀,1650,1505,449,1056,5.62,4,buy
9/14,2412,台新,0039004200300030,10,675,-665,3.54,4,sell
9/14,2412,凱基-台北,9268,1347,738,609,3.24,5,buy
9/14,2412,彰銀,1230,0,555,-555,2.95,5,sell
9/14,2412,永豐金-匯立,0039004100380031,388,0,388,2.06,6,buy
9/14,2412,國泰-敦南,8888,18,266,-248,1.32,6,sell
9/14,2412,香港上海匯豐,8960,371,6,365,1.94,7,buy
9/14,2412,元大證券,9800,127,333,-206,1.1,7,sell
9/14,2412,中國信託,6160,512,171,341,1.81,8,buy
9/14,2412,元大-永康,9829,0,200,-200,1.06,8,sell
9/14,2412,港商野村,1560,257,2,255,1.36,9,buy
9/14,2412,國泰-板橋,003800380038004b,5,150,-145,0.77,9,sell
9/14,2412,群益金鼎,9100,282,153,129,0.69,10,buy
9/14,2412,新光,8560,2,148,-146,0.78,10,sell
9/14,2412,花旗環球,1590,157,66,91,0.48,11,buy
9/14,2412,法銀巴黎,8900,46,186,-140,0.74,11,sell
9/14,2412,合庫-西台中,0031003000320046,39,6,33,0.18,12,buy
9/14,2412,元大-板橋三民,9879,0,126,-126,0.67,12,sell
9/14,2412,元大-善化,0039003800310079,30,6,24,0.13,13,buy
9/14,2412,富邦-敦南,9663,0,118,-118,0.63,13,sell
9/14,2412,台新-松德,0039004200320061,35,18,17,0.09,14,buy
9/14,2412,國泰-高雄,8881,0,116,-116,0.62,14,sell
9/14,2412,國泰證券,8880,14,0,14,0.07,15,buy
9/14,2412,臺銀-高雄,0031003000340043,0,116,-116,0.62,15,sell
9/14,2892,美林,1440,5907,937,4970,13.42,1,buy
9/14,2892,國泰證券,8880,23,6004,-5981,16.15,1,sell
9/14,2892,美商高盛,1480,5201,1217,3984,10.76,2,buy
9/14,2892,新加坡商瑞銀,1650,935,2730,-1795,4.85,2,sell
9/14,2892,台新,0039004200300030,4052,97,3955,10.68,3,buy
9/14,2892,凱基-台北,9268,2131,3691,-1560,4.21,3,sell
9/14,2892,台灣摩根士丹利,1470,4602,2056,2546,6.87,4,buy
9/14,2892,土銀,1030,0,834,-834,2.25,4,sell
9/14,2892,台新-虎尾,003900420032004e,998,1,997,2.69,5,buy
9/14,2892,宏遠-中和,0031003200360048,44,542,-498,1.34,5,sell
9/14,2892,花旗環球,1590,961,113,848,2.29,6,buy
9/14,2892,法銀巴黎,8900,20,497,-477,1.29,6,sell
9/14,2892,港商野村,1560,847,12,835,2.25,7,buy
9/14,2892,臺銀-高雄,0031003000340043,60,487,-427,1.15,7,sell
9/14,2892,港商麥格理,1360,749,140,609,1.64,8,buy
9/14,2892,陽信-石牌,8711,0,402,-402,1.09,8,sell
9/14,2892,永豐金-匯立,0039004100380031,459,0,459,1.24,9,buy
9/14,2892,元大-內湖民權,9867,0,390,-390,1.05,9,sell
9/14,2892,永豐金證券,0039004100300030,761,372,389,1.05,10,buy
9/14,2892,摩根大通,8440,837,1196,-359,0.97,10,sell
9/14,2892,元大證券,9800,1672,1435,237,0.64,11,buy
9/14,2892,第一金-中山,5389,2,329,-327,0.88,11,sell
9/14,2892,凱基-中壢,9285,200,10,190,0.51,12,buy
9/14,2892,凱基-城中,9227,1,275,-274,0.74,12,sell
9/14,2892,台新-屏新,0039004200320071,200,10,190,0.51,13,buy
9/14,2892,玉山證券,8840,17,284,-267,0.72,13,sell
9/14,2892,中國信託,6160,209,44,165,0.45,14,buy
9/14,2892,永豐金-埔里,0039004100370039,0,203,-203,0.55,14,sell
9/14,2892,群益金鼎-古亭,0039003100380043,175,11,164,0.44,15,buy
9/14,2892,永豐金-古亭,0039004100390064,0,202,-202,0.55,15,sell
9/14,2886,新光,8560,2866,91,2775,12.32,1,buy
9/14,2886,土銀,1030,0,1780,-1780,7.9,1,sell
9/14,2886,港商野村,1560,1891,26,1865,8.28,2,buy
9/14,2886,華南永昌,9300,11,1109,-1098,4.88,2,sell
9/14,2886,台灣摩根士丹利,1470,2131,663,1468,6.52,3,buy
9/14,2886,國泰證券,8880,65,1000,-935,4.15,3,sell
9/14,2886,富邦證券,9600,1282,19,1263,5.61,4,buy
9/14,2886,美林,1440,303,996,-693,3.08,4,sell
9/14,2886,中國信託,6160,911,76,835,3.71,5,buy
9/14,2886,凱基,9200,90,758,-668,2.97,5,sell
9/14,2886,凱基-台北,9268,1597,1199,398,1.77,6,buy
9/14,2886,玉山證券,8840,2,533,-531,2.36,6,sell
9/14,2886,美商高盛,1480,1893,1558,335,1.49,7,buy
9/14,2886,富隆證券,5110,100,500,-400,1.78,7,sell
9/14,2886,花旗環球,1590,361,31,330,1.47,8,buy
9/14,2886,凱基-市政,9239,1,327,-326,1.45,8,sell
9/14,2886,摩根大通,8440,1566,1246,320,1.42,9,buy
9/14,2886,元大-永康,9829,1,277,-276,1.23,9,sell
9/14,2886,元大-大直,9846,300,3,297,1.32,10,buy
9/14,2886,元大-彰化民生,003900380039004a,0,268,-268,1.19,10,sell
9/14,2886,台新,0039004200300030,310,44,266,1.18,11,buy
9/14,2886,新加坡商瑞銀,1650,275,531,-256,1.14,11,sell
9/14,2886,元大證券,9800,1299,1070,229,1.02,12,buy
9/14,2886,兆豐-公益,003700300030004a,4,182,-178,0.79,12,sell
9/14,2886,永豐金-匯立,0039004100380031,251,25,226,1.0,13,buy
9/14,2886,元大-館前,003900380034004b,31,158,-127,0.56,13,sell
9/14,2886,凱基-中壢,9285,200,15,185,0.82,14,buy
9/14,2886,群益金鼎-潭子,0039003100330044,0,122,-122,0.54,14,sell
9/14,2886,永豐金-萬盛,0039004100390032,111,6,105,0.47,15,buy
9/14,2886,統一-新台中,0035003800350044,2,115,-113,0.5,15,sell
9/14,2409,國泰-敦南,8888,9874,7024,2850,0.91,1,buy
9/14,2409,摩根大通,8440,5238,28628,-23390,7.5,1,sell
9/14,2409,元大-蘆洲,9857,3343,507,2836,0.91,2,buy
9/14,2409,台灣摩根士丹利,1470,444,15082,-14638,4.69,2,sell
9/14,2409,國票-博愛,003700370039007a,1721,562,1159,0.37,3,buy
9/14,2409,新加坡商瑞銀,1650,2355,16502,-14147,4.54,3,sell
9/14,2409,中國信託-新竹,6165,1213,171,1042,0.33,4,buy
9/14,2409,美商高盛,1480,8451,22396,-13945,4.47,4,sell
9/14,2409,富邦-永和,9654,1276,268,1008,0.32,5,buy
9/14,2409,凱基-台北,9268,9146,19039,-9893,3.17,5,sell
9/14,2409,華南永昌,9300,1499,499,1000,0.32,6,buy
9/14,2409,港商野村,1560,460,7941,-7481,2.4,6,sell
9/14,2409,大昌-新店,6464,1042,114,928,0.3,7,buy
9/14,2409,永豐金證券,0039004100300030,2213,6658,-4445,1.43,7,sell
9/14,2409,國泰-台中,8882,2246,1489,757,0.24,8,buy
9/14,2409,美林,1440,871,4897,-4026,1.29,8,sell
9/14,2409,元大-草屯,0039003800390045,1214,485,729,0.23,9,buy
9/14,2409,群益金鼎,9100,3681,6316,-2635,0.85,9,sell
9/14,2409,元大-雙和,9874,930,273,657,0.21,10,buy
9/14,2409,元大證券,9800,15306,16756,-1450,0.47,10,sell
9/14,2409,台新-彰化,003900420032004d,768,116,652,0.21,11,buy
9/14,2409,永豐金-敦南,0039004100380046,206,1114,-908,0.29,11,sell
9/14,2409,第一金-桃園,5385,1032,408,624,0.2,12,buy
9/14,2409,德信,6910,158,1045,-887,0.28,12,sell
9/14,2409,富邦-板橋,9655,965,350,615,0.2,13,buy
9/14,2409,永豐金-信義,0039004100390052,71,737,-666,0.21,13,sell
9/14,2409,國泰-館前,0038003800380041,1338,753,585,0.19,14,buy
9/14,2409,元大-鹿港,0039003800390053,627,1204,-577,0.19,14,sell
9/14,2409,康和-台南,8458,657,74,583,0.19,15,buy
9/14,2409,群益金鼎-大安,0039003100380065,155,685,-530,0.17,15,sell
9/14,2883,新加坡商瑞銀,1650,2668,242,2426,5.67,1,buy
9/14,2883,元大證券,9800,2490,3978,-1488,3.48,1,sell
9/14,2883,台灣摩根士丹利,1470,4402,2035,2367,5.53,2,buy
9/14,2883,港商麥格理,1360,214,1304,-1090,2.55,2,sell
9/14,2883,美商高盛,1480,3796,2468,1328,3.1,3,buy
9/14,2883,摩根大通,8440,2664,3515,-851,1.99,3,sell
9/14,2883,台新-虎尾,003900420032004e,1005,0,1005,2.35,4,buy
9/14,2883,國泰-松江,8883,27,374,-347,0.81,4,sell
9/14,2883,陽信,8710,715,35,680,1.59,5,buy
9/14,2883,國泰-館前,0038003800380041,24,353,-329,0.77,5,sell
9/14,2883,永豐金-南京,0039004100390053,702,256,446,1.04,6,buy
9/14,2883,法銀巴黎,8900,22,319,-297,0.69,6,sell
9/14,2883,花旗環球,1590,6021,5637,384,0.9,7,buy
9/14,2883,大昌-桃園,6465,2,298,-296,0.69,7,sell
9/14,2883,永豐金-板新,003900410039004a,421,37,384,0.9,8,buy
9/14,2883,中國信託-永康,6163,27,241,-214,0.5,8,sell
9/14,2883,永豐金證券,0039004100300030,601,219,382,0.89,9,buy
9/14,2883,兆豐-三重,7008,0,208,-208,0.49,9,sell
9/14,2883,永豐金-匯立,0039004100380031,623,266,357,0.83,10,buy
9/14,2883,富邦-台北,9623,207,414,-207,0.48,10,sell
9/14,2883,富隆證券,5110,750,450,300,0.7,11,buy
9/14,2883,富邦-左營,0039003600360046,39,244,-205,0.48,11,sell
9/14,2883,台新-台北,0039004200320030,300,8,292,0.68,12,buy
9/14,2883,元大-楊梅,0039003800370041,15,217,-202,0.47,12,sell
9/14,2883,富邦-新竹,9647,268,29,239,0.56,13,buy
9/14,2883,凱基-中山,9229,22,178,-156,0.36,13,sell
9/14,2883,福邦證券,6480,205,1,204,0.48,14,buy
9/14,2883,凱基-鳳山,9274,3,158,-155,0.36,14,sell
9/14,2883,凱基-中壢,9285,215,16,199,0.47,15,buy
9/14,2883,永豐金-市政,0039004100390057,28,181,-153,0.36,15,sell
9/14,5880,美商高盛,1480,3976,176,3800,16.72,1,buy
9/14,5880,法銀巴黎,8900,0,1407,-1407,6.19,1,sell
9/14,5880,新加坡商瑞銀,1650,4047,1025,3022,13.3,2,buy
9/14,5880,美林,1440,51,945,-894,3.93,2,sell
9/14,5880,永豐金-匯立,0039004100380031,1164,0,1164,5.12,3,buy
9/14,5880,玉山-雙和,8841,6,382,-376,1.65,3,sell
9/14,5880,台灣摩根士丹利,1470,1704,854,850,3.74,4,buy
9/14,5880,國泰-敦南,8888,53,414,-361,1.59,4,sell
9/14,5880,凱基-台北,9268,2512,1892,620,2.73,5,buy
9/14,5880,元大-博愛,0039003800320042,1,319,-318,1.4,5,sell
9/14,5880,元大證券,9800,711,374,337,1.48,6,buy
9/14,5880,土銀,1030,1,311,-310,1.36,6,sell
9/14,5880,凱基-台南,9211,281,10,271,1.19,7,buy
9/14,5880,合庫證券,1020,58,354,-296,1.3,7,sell
9/14,5880,元大-大同,0039003800390047,261,40,221,0.97,8,buy
9/14,5880,土銀-南港,0031003000330046,0,268,-268,1.18,8,sell
9/14,5880,群益金鼎-鳳山,0039003100380063,230,24,206,0.91,9,buy
9/14,5880,華南永昌-岡山,9324,85,314,-229,1.01,9,sell
9/14,5880,凱基-中壢,9285,220,26,194,0.85,10,buy
9/14,5880,中國信託,6160,63,276,-213,0.94,10,sell
9/14,5880,元大-員林中山,9835,189,7,182,0.8,11,buy
9/14,5880,華南永昌-頭份,9343,12,212,-200,0.88,11,sell
9/14,5880,港商野村,1560,331,161,170,0.75,12,buy
9/14,5880,美好-富順,003500320036004b,5,188,-183,0.81,12,sell
9/14,5880,華南永昌-世貿,9334,150,2,148,0.65,13,buy
9/14,5880,土銀-嘉義,1034,4,169,-165,0.73,13,sell
9/14,5880,德信,6910,130,1,129,0.57,14,buy
9/14,5880,臺銀-民權,1043,7,170,-163,0.72,14,sell
9/14,5880,土銀-台南,1032,97,0,97,0.43,15,buy
9/14,5880,兆豐-公益,003700300030004a,10,165,-155,0.68,15,sell
9/14,1815,國泰-敦南,8888,1957,1337,620,1.17,1,buy
9/14,1815,凱基-台北,9268,2735,5986,-3251,6.14,1,sell
9/14,1815,中國信託-中壢,0036003100360041,288,21,267,0.5,2,buy
9/14,1815,新加坡商瑞銀,1650,868,3671,-2803,5.29,2,sell
9/14,1815,富邦-桃園,9665,319,66,253,0.48,3,buy
9/14,1815,美商高盛,1480,94,1749,-1655,3.12,3,sell
9/14,1815,台新-台南,0039004200310036,304,69,235,0.44,4,buy
9/14,1815,港商野村,1560,536,1791,-1255,2.37,4,sell
9/14,1815,台新-建北,0039004200310038,470,239,231,0.44,5,buy
9/14,1815,台灣摩根士丹利,1470,0,978,-978,1.85,5,sell
9/14,1815,永豐金-忠孝,0039004100390044,261,45,216,0.41,6,buy
9/14,1815,富邦-嘉義,9692,1136,2088,-952,1.8,6,sell
9/14,1815,元大證券,9800,5841,5670,171,0.32,7,buy
9/14,1815,美林,1440,23,891,-868,1.64,7,sell
9/14,1815,凱基-竹北,9234,197,32,165,0.31,8,buy
9/14,1815,摩根大通,8440,951,1742,-791,1.49,8,sell
9/14,1815,永豐金-竹北,0039004100390050,145,8,137,0.26,9,buy
9/14,1815,國泰證券,8880,84,768,-684,1.29,9,sell
9/14,1815,新光-桃園,8565,303,172,131,0.25,10,buy
9/14,1815,凱基,9200,26,629,-603,1.14,10,sell
9/14,1815,第一金-忠孝,0035003300380044,143,11,132,0.25,11,buy
9/14,1815,永豐金證券,0039004100300030,293,827,-534,1.01,11,sell
9/14,1815,國泰-館前,0038003800380041,186,57,129,0.24,12,buy
9/14,1815,玉山證券,8840,218,527,-309,0.58,12,sell
9/14,1815,兆豐-台中港,7005,298,174,124,0.23,13,buy
9/14,1815,美好,5260,14,230,-216,0.41,13,sell
9/14,1815,富邦-新板,0039003600310048,269,149,120,0.23,14,buy
9/14,1815,元大-善化,0039003800310079,61,218,-157,0.3,14,sell
9/14,1815,聯邦證券,8580,134,18,116,0.22,15,buy
9/14,1815,兆豐證券,7000,9,157,-148,0.28,15,sell
9/14,2887,新光,8560,4074,436,3638,8.71,1,buy
9/14,2887,永豐金-板新,003900410039004a,4,1129,-1125,2.69,1,sell
9/14,2887,摩根大通,8440,5933,2703,3230,7.74,2,buy
9/14,2887,港商麥格理,1360,356,1439,-1083,2.59,2,sell
9/14,2887,美林,1440,2946,360,2586,6.19,3,buy
9/14,2887,華南永昌-南京,9326,36,852,-816,1.95,3,sell
9/14,2887,富邦證券,9600,2669,111,2558,6.13,4,buy
9/14,2887,華南永昌-嘉義,9314,1,621,-620,1.48,4,sell
9/14,2887,台灣摩根士丹利,1470,2959,1255,1704,4.08,5,buy
9/14,2887,中國信託,6160,7,491,-484,1.16,5,sell
9/14,2887,元大證券,9800,3829,2245,1584,3.79,6,buy
9/14,2887,兆豐-北高雄,0037003000300049,6,411,-405,0.97,6,sell
9/14,2887,群益金鼎,9100,895,384,511,1.22,7,buy
9/14,2887,富邦-左營,0039003600360046,10,342,-332,0.8,7,sell
9/14,2887,統一-敦南,5852,501,55,446,1.07,8,buy
9/14,2887,國泰-敦南,8888,370,652,-282,0.68,8,sell
9/14,2887,永豐金證券,0039004100300030,796,396,400,0.96,9,buy
9/14,2887,凱基,9200,478,746,-268,0.64,9,sell
9/14,2887,凱基-台北,9268,1877,1577,300,0.72,10,buy
9/14,2887,台新-台中,0039004200310068,76,312,-236,0.57,10,sell
9/14,2887,元大-三民,0039003800390046,284,22,262,0.63,11,buy
9/14,2887,花旗環球,1590,43,274,-231,0.55,11,sell
9/14,2887,群益金鼎-大甲,0039003100380067,226,25,201,0.48,12,buy
9/14,2887,國票-南科,0037003700390065,0,220,-220,0.53,12,sell
9/14,2887,華南永昌-大甲,9315,188,3,185,0.44,13,buy
9/14,2887,台新-台南,0039004200310036,11,228,-217,0.52,13,sell
9/14,2887,台新-三民,0039004200310033,126,7,119,0.28,14,buy
9/14,2887,新加坡商瑞銀,1650,1013,1218,-205,0.49,14,sell
9/14,2887,兆豐-桃鶯,0037003000300055,126,11,115,0.28,15,buy
9/14,2887,玉山-城中,0038003800340045,21,224,-203,0.49,15,sell
9/14,0056,國泰證券,8880,825,5,820,4.34,1,buy
9/14,0056,凱基-台北,9268,536,4699,-4163,22.03,1,sell
9/14,0056,元大證券,9800,1403,802,601,3.18,2,buy
9/14,0056,中國信託,6160,174,1555,-1381,7.31,2,sell
9/14,0056,永豐金證券,0039004100300030,691,330,361,1.91,3,buy
9/14,0056,凱基-基隆,0039003200300048,7,293,-286,1.51,3,sell
9/14,0056,凱基,9200,261,0,261,1.38,4,buy
9/14,0056,華南永昌-桃園,9352,4,124,-120,0.64,4,sell
9/14,0056,摩根大通,8440,242,0,242,1.28,5,buy
9/14,0056,華南永昌-林口,9317,7,106,-99,0.52,5,sell
9/14,0056,富邦證券,9600,209,7,202,1.07,6,buy
9/14,0056,兆豐-三重,7008,4,90,-86,0.46,6,sell
9/14,0056,富邦-台中,003900360035004b,176,29,147,0.78,7,buy
9/14,0056,國泰-松江,8883,15,90,-75,0.4,7,sell
9/14,0056,第一金,5380,131,20,111,0.59,8,buy
9/14,0056,台新-高雄,0039004200310067,63,133,-70,0.37,8,sell
9/14,0056,元大-竹北,0039003800310042,100,9,91,0.48,9,buy
9/14,0056,國泰-板橋,003800380038004b,83,151,-68,0.36,9,sell
9/14,0056,康和,8450,88,0,88,0.47,10,buy
9/14,0056,新光-桃園,8565,20,88,-68,0.36,10,sell
9/14,0056,永豐金-忠孝,0039004100390044,104,16,88,0.47,11,buy
9/14,0056,凱基-東勢,0039003200310059,22,84,-62,0.33,11,sell
9/14,0056,華南永昌,9300,127,48,79,0.42,12,buy
9/14,0056,元大-善化,0039003800310079,16,75,-59,0.31,12,sell
9/14,0056,國泰-敦南,8888,832,754,78,0.41,13,buy
9/14,0056,華南永昌-岡山,9324,8,65,-57,0.3,13,sell
9/14,0056,富邦-內湖,9627,95,17,78,0.41,14,buy
9/14,0056,國泰-忠孝,8887,7,63,-56,0.3,14,sell
9/14,0056,新加坡商瑞銀,1650,858,782,76,0.4,15,buy
9/14,0056,永豐金-敦北,0039004100380039,8,58,-50,0.26,15,sell
9/14,2889,台灣摩根士丹利,1470,2928,357,2571,15.0,1,buy
9/14,2889,群益金鼎,9100,21,2421,-2400,14.0,1,sell
9/14,2889,美商高盛,1480,2722,172,2550,14.88,2,buy
9/14,2889,富邦-新營,9693,3,2135,-2132,12.44,2,sell
9/14,2889,凱基-台北,9268,2160,575,1585,9.25,3,buy
9/14,2889,富邦-南京,0039003600310043,6,1621,-1615,9.42,3,sell
9/14,2889,港商野村,1560,498,0,498,2.91,4,buy
9/14,2889,國票-南京,003700370039006e,0,1003,-1003,5.85,4,sell
9/14,2889,台新,0039004200300030,510,38,472,2.75,5,buy
9/14,2889,聯邦-台南,8588,5,521,-516,3.01,5,sell
9/14,2889,新加坡商瑞銀,1650,373,30,343,2.0,6,buy
9/14,2889,台新-同大,0039004200320050,1,428,-427,2.49,6,sell
9/14,2889,摩根大通,8440,679,337,342,2.0,7,buy
9/14,2889,美好,5260,0,250,-250,1.46,7,sell
9/14,2889,美林,1440,579,254,325,1.9,8,buy
9/14,2889,合庫-自強,0031003000320043,0,222,-222,1.3,8,sell
9/14,2889,國票-敦北法人,0037003700390063,300,6,294,1.72,9,buy
9/14,2889,國票-南科,0037003700390065,3,202,-199,1.16,9,sell
9/14,2889,凱基-高雄,9206,226,30,196,1.14,10,buy
9/14,2889,富邦-虎尾,9697,0,192,-192,1.12,10,sell
9/14,2889,國票-北高雄,003700370039004a,149,0,149,0.87,11,buy
9/14,2889,凱基-台南,9211,31,208,-177,1.03,11,sell
9/14,2889,富邦-竹北,9624,150,5,145,0.85,12,buy
9/14,2889,新光-台南,8564,10,185,-175,1.02,12,sell
9/14,2889,富邦-宜蘭,9686,131,1,130,0.76,13,buy
9/14,2889,宏遠-新化,0031003200360058,115,228,-113,0.66,13,sell
9/14,2889,富邦-中壢,9636,127,18,109,0.64,14,buy
9/14,2889,台新-成功,003900420032006d,11,106,-95,0.55,14,sell
9/14,2889,兆豐-板橋,0037003000300042,101,0,101,0.59,15,buy
9/14,2889,大昌-新店,6464,11,101,-90,0.53,15,sell
9/14,3045,兆豐-忠孝,0037003000300061,671,0,671,14.59,1,buy
9/14,3045,凱基,9200,1,1379,-1378,29.96,1,sell
9/14,3045,台灣摩根士丹利,1470,632,49,583,12.68,2,buy
9/14,3045,台新-高雄,0039004200310067,0,285,-285,6.2,2,sell
9/14,3045,元大證券,9800,504,12,492,10.7,3,buy
9/14,3045,永豐金證券,0039004100300030,8,234,-226,4.91,3,sell
9/14,3045,永豐金-匯立,0039004100380031,293,0,293,6.37,4,buy
9/14,3045,臺銀,1040,0,201,-201,4.37,4,sell
9/14,3045,美商高盛,1480,304,16,288,6.26,5,buy
9/14,3045,宏遠證券,1260,0,134,-134,2.91,5,sell
9/14,3045,富邦-左營,0039003600360046,200,0,200,4.35,6,buy
9/14,3045,新光-高雄,8562,0,102,-102,2.22,6,sell
9/14,3045,法銀巴黎,8900,191,13,178,3.87,7,buy
9/14,3045,凱基-台北,9268,92,194,-102,2.22,7,sell
9/14,3045,美林,1440,139,35,104,2.26,8,buy
9/14,3045,摩根大通,8440,185,229,-44,0.96,8,sell
9/14,3045,富邦-中壢,9636,101,0,101,2.2,9,buy
9/14,3045,台灣企銀,1110,0,40,-40,0.87,9,sell
9/14,3045,國泰證券,8880,110,10,100,2.17,10,buy
9/14,3045,富邦-羅東,9634,0,35,-35,0.76,10,sell
9/14,3045,第一金,5380,106,14,92,2.0,11,buy
9/14,3045,港商麥格理,1360,14,42,-28,0.61,11,sell
9/14,3045,新加坡商瑞銀,1650,64,22,42,0.91,12,buy
9/14,3045,國泰-敦南,8888,0,28,-28,0.61,12,sell
9/14,3045,(牛牛牛)亞-網路,6012,30,1,29,0.63,13,buy
9/14,3045,元大-復北,9872,0,25,-25,0.54,13,sell
9/14,3045,港商野村,1560,29,1,28,0.61,14,buy
9/14,3045,富邦-仁愛,9676,0,25,-25,0.54,14,sell
9/14,3045,元大-崇德,0039003800310053,26,0,26,0.57,15,buy
9/14,3045,花旗環球,1590,4,26,-22,0.48,15,sell
9/14,2880,摩根大通,8440,3057,618,2439,21.52,1,buy
9/14,2880,土銀,1030,1,910,-909,8.02,1,sell
9/14,2880,華南永昌-中正,9359,816,88,728,6.42,2,buy
9/14,2880,美林,1440,1,494,-493,4.35,2,sell
9/14,2880,凱基-台北,9268,1207,607,600,5.29,3,buy
9/14,2880,美商高盛,1480,468,914,-446,3.94,3,sell
9/14,2880,台灣摩根士丹利,1470,1034,758,276,2.44,4,buy
9/14,2880,富隆證券,5110,0,250,-250,2.21,4,sell
9/14,2880,永豐金-匯立,0039004100380031,247,0,247,2.18,5,buy
9/14,2880,中國信託,6160,3,240,-237,2.09,5,sell
9/14,2880,元大證券,9800,494,334,160,1.41,6,buy
9/14,2880,玉山-台南,8847,1,215,-214,1.89,6,sell
9/14,2880,凱基-中壢,9285,102,0,102,0.9,7,buy
9/14,2880,合庫-台南,1022,0,200,-200,1.76,7,sell
9/14,2880,元大-屏東,9892,105,5,100,0.88,8,buy
9/14,2880,新加坡商瑞銀,1650,863,984,-121,1.07,8,sell
9/14,2880,國泰-敦南,8888,176,98,78,0.69,9,buy
9/14,2880,法銀巴黎,8900,7,127,-120,1.06,9,sell
9/14,2880,花旗環球,1590,534,481,53,0.47,10,buy
9/14,2880,華南永昌-台中,9302,29,149,-120,1.06,10,sell
9/14,2880,元大-台北,0039003800300068,53,3,50,0.44,11,buy
9/14,2880,永豐金-台南,0039004100390068,1,95,-94,0.83,11,sell
9/14,2880,華南永昌-林口,9317,44,0,44,0.39,12,buy
9/14,2880,大昌-安康,6462,0,82,-82,0.72,12,sell
9/14,2880,元大-崇德,0039003800310053,41,0,41,0.36,13,buy
9/14,2880,群益金鼎-竹南,0039003100380069,1,81,-80,0.71,13,sell
9/14,2880,國票證券,7790,58,23,35,0.31,14,buy
9/14,2880,統一-新竹,5857,0,62,-62,0.55,14,sell
9/14,2880,國泰證券,8880,33,0,33,0.29,15,buy
9/14,2880,元大-信義,003900380039006d,39,100,-61,0.54,15,sell
9/14,1326,富邦證券,9600,1667,678,989,3.54,1,buy
9/14,1326,台灣摩根士丹利,1470,775,3906,-3131,11.21,1,sell
9/14,1326,凱基-台北,9268,1474,640,834,2.99,2,buy
9/14,1326,新加坡商瑞銀,1650,349,2277,-1928,6.9,2,sell
9/14,1326,美林,1440,1063,650,413,1.48,3,buy
9/14,1326,摩根大通,8440,398,2158,-1760,6.3,3,sell
9/14,1326,元大-復北,9872,236,8,228,0.82,4,buy
9/14,1326,港商野村,1560,300,696,-396,1.42,4,sell
9/14,1326,臺銀,1040,216,9,207,0.74,5,buy
9/14,1326,凱基,9200,0,380,-380,1.36,5,sell
9/14,1326,新光,8560,277,101,176,0.63,6,buy
9/14,1326,富邦-嘉義,9692,51,405,-354,1.27,6,sell
9/14,1326,台新-五權西,0039004200320035,207,41,166,0.59,7,buy
9/14,1326,元大證券,9800,1686,2017,-331,1.19,7,sell
9/14,1326,永豐金-屏東,0039004100360039,209,64,145,0.52,8,buy
9/14,1326,永豐金-台南,0039004100390068,34,360,-326,1.17,8,sell
9/14,1326,國泰-台南,8884,153,15,138,0.49,9,buy
9/14,1326,美商高盛,1480,1902,2171,-269,0.96,9,sell
9/14,1326,永豐金-高雄,0039004100390065,109,1,108,0.39,10,buy
9/14,1326,華南永昌,9300,40,257,-217,0.78,10,sell
9/14,1326,凱基-站前,0039003200300046,103,16,87,0.31,11,buy
9/14,1326,兆豐-台中港,7005,16,209,-193,0.69,11,sell
9/14,1326,國泰-松江,8883,97,14,83,0.3,12,buy
9/14,1326,法銀巴黎,8900,0,120,-120,0.43,12,sell
9/14,1326,高橋,5320,126,45,81,0.29,13,buy
9/14,1326,永興-台中,5603,15,132,-117,0.42,13,sell
9/14,1326,彰銀,1230,105,26,79,0.28,14,buy
9/14,1326,國泰-敦南,8888,535,628,-93,0.33,14,sell
9/14,1326,富邦-陽明,9604,98,23,75,0.27,15,buy
9/14,1326,永豐金-匯立,0039004100380031,0,70,-70,0.25,15,sell
9/14,2812,福邦-新竹,6489,1298,0,1298,7.83,1,buy
9/14,2812,台中銀-台北,6115,0,4606,-4606,27.8,1,sell
9/14,2812,台新-屏新,0039004200320071,998,0,998,6.02,2,buy
9/14,2812,玉山-大里,003800380034004a,2,212,-210,1.27,2,sell
9/14,2812,台灣摩根士丹利,1470,1213,569,644,3.89,3,buy
9/14,2812,群益金鼎-新店,0039003100380046,1,200,-199,1.2,3,sell
9/14,2812,美商高盛,1480,1001,461,540,3.26,4,buy
9/14,2812,新加坡商瑞銀,1650,640,822,-182,1.1,4,sell
9/14,2812,統一-台南,5855,563,80,483,2.91,5,buy
9/14,2812,元大-桃園,0039003800380042,0,150,-150,0.91,5,sell
9/14,2812,國泰-館前,0038003800380041,354,31,323,1.95,6,buy
9/14,2812,永豐金-板新,003900410039004a,12,160,-148,0.89,6,sell
9/14,2812,凱基-台北,9268,1170,908,262,1.58,7,buy
9/14,2812,國泰-桃園,8885,9,151,-142,0.86,7,sell
9/14,2812,富邦-仁愛,9676,206,4,202,1.22,8,buy
9/14,2812,高橋,5320,0,137,-137,0.83,8,sell
9/14,2812,福邦證券,6480,200,0,200,1.21,9,buy
9/14,2812,新光,8560,79,206,-127,0.77,9,sell
9/14,2812,花旗環球,1590,260,61,199,1.2,10,buy
9/14,2812,富邦-高雄,9659,1,106,-105,0.63,10,sell
9/14,2812,富邦-永康,003900360031005a,176,2,174,1.05,11,buy
9/14,2812,國票-南科,0037003700390065,2,102,-100,0.6,11,sell
9/14,2812,摩根大通,8440,785,624,161,0.97,12,buy
9/14,2812,中農,8520,1,100,-99,0.6,12,sell
9/14,2812,兆豐-新營,003700300030004b,372,223,149,0.9,13,buy
9/14,2812,宏遠-民生,1261,0,90,-90,0.54,13,sell
9/14,2812,第一金-新竹,0035003300380042,151,14,137,0.83,14,buy
9/14,2812,元大-福營,0039003800310046,4,88,-84,0.51,14,sell
9/14,2812,兆豐-埔墘,003700300030004e,118,0,118,0.71,15,buy
9/14,2812,台新,0039004200300030,93,173,-80,0.48,15,sell
9/14,2845,台灣摩根士丹利,1470,4527,573,3954,30.11,1,buy
9/14,2845,台新,0039004200300030,161,759,-598,4.55,1,sell
9/14,2845,凱基-台北,9268,1732,452,1280,9.75,2,buy
9/14,2845,富邦-建國,9658,0,385,-385,2.93,2,sell
9/14,2845,新加坡商瑞銀,1650,925,329,596,4.54,3,buy
9/14,2845,凱基-站前,0039003200300046,0,370,-370,2.82,3,sell
9/14,2845,凱基-中壢,9285,300,1,299,2.28,4,buy
9/14,2845,元大-大天母,9893,0,338,-338,2.57,4,sell
9/14,2845,富邦-台中,003900360035004b,305,59,246,1.87,5,buy
9/14,2845,美林,1440,35,373,-338,2.57,5,sell
9/14,2845,美商高盛,1480,1079,870,209,1.59,6,buy
9/14,2845,摩根大通,8440,979,1261,-282,2.15,6,sell
9/14,2845,永豐金-鳳山,0039004100360031,105,0,105,0.8,7,buy
9/14,2845,群益金鼎-台北,0039003100380058,0,270,-270,2.06,7,sell
9/14,2845,台新-台中,0039004200310068,100,3,97,0.74,8,buy
9/14,2845,群益金鼎-高盛,9105,0,250,-250,1.9,8,sell
9/14,2845,元大-蘆洲中正,0039003800390049,102,6,96,0.73,9,buy
9/14,2845,兆豐-鹿港,0037003000300066,0,234,-234,1.78,9,sell
9/14,2845,宏遠-台南,0031003200360044,90,0,90,0.69,10,buy
9/14,2845,新光,8560,2,223,-221,1.68,10,sell
9/14,2845,元大-館前,003900380034004b,100,22,78,0.59,11,buy
9/14,2845,玉山-台南,8847,0,200,-200,1.52,11,sell
9/14,2845,群益金鼎-鳳山,0039003100380063,70,0,70,0.53,12,buy
9/14,2845,福勝,6950,0,122,-122,0.93,12,sell
9/14,2845,元大-草屯,0039003800390045,71,5,66,0.5,13,buy
9/14,2845,永豐金-新店,0039004100390069,0,122,-122,0.93,13,sell
9/14,2845,花旗環球,1590,71,15,56,0.43,14,buy
9/14,2845,群益金鼎-新莊,0039003100380047,0,118,-118,0.9,14,sell
9/14,2845,國泰-忠孝,8887,50,0,50,0.38,15,buy
9/14,2845,凱基-五股,0039003200310047,0,118,-118,0.9,15,sell
9/14,1216,美商高盛,1480,2571,158,2413,25.68,1,buy
9/14,1216,摩根大通,8440,713,3197,-2484,26.44,1,sell
9/14,1216,台灣摩根士丹利,1470,1287,54,1233,13.12,2,buy
9/14,1216,永豐金-匯立,0039004100380031,38,2340,-2302,24.5,2,sell
9/14,1216,花旗環球,1590,1058,66,992,10.56,3,buy
9/14,1216,富邦證券,9600,507,1213,-706,7.51,3,sell
9/14,1216,元大證券,9800,588,210,378,4.02,4,buy
9/14,1216,國泰證券,8880,10,500,-490,5.21,4,sell
9/14,1216,凱基-台北,9268,596,230,366,3.9,5,buy
9/14,1216,港商野村,1560,81,420,-339,3.61,5,sell
9/14,1216,新加坡商瑞銀,1650,408,83,325,3.46,6,buy
9/14,1216,美林,1440,41,206,-165,1.76,6,sell
9/14,1216,第一金-澎湖,5387,106,29,77,0.82,7,buy
9/14,1216,華南永昌-古亭,9309,1,80,-79,0.84,7,sell
9/14,1216,國泰-敦南,8888,63,2,61,0.65,8,buy
9/14,1216,第一金-忠孝,0035003300380044,1,40,-39,0.42,8,sell
9/14,1216,台灣企銀,1110,63,6,57,0.61,9,buy
9/14,1216,臺銀-金山,0031003000340044,3,24,-21,0.22,9,sell
9/14,1216,永豐金證券,0039004100300030,76,24,52,0.55,10,buy
9/14,1216,兆豐-新竹,0037003000300056,0,18,-18,0.19,10,sell
9/14,1216,新光,8560,96,46,50,0.53,11,buy
9/14,1216,台灣企銀-岡山,1119,0,15,-15,0.16,11,sell
9/14,1216,福勝,6950,50,0,50,0.53,12,buy
9/14,1216,港商麥格理,1360,48,62,-14,0.15,12,sell
9/14,1216,台新-同大,0039004200320050,42,0,42,0.45,13,buy
9/14,1216,台新,0039004200300030,2,15,-13,0.14,13,sell
9/14,1216,台新-屏新,0039004200320071,21,0,21,0.22,14,buy
9/14,1216,永豐金-竹科,0039004100390058,2,14,-12,0.13,14,sell
9/14,1216,富邦-新店,9661,20,0,20,0.21,15,buy
9/14,1216,法銀巴黎,8900,22,34,-12,0.13,15,sell
9/14,1301,台新-台北,0039004200320030,590,2,588,2.47,1,buy
9/14,1301,美商高盛,1480,614,3406,-2792,11.71,1,sell
9/14,1301,凱基-台北,9268,1307,889,418,1.75,2,buy
9/14,1301,新加坡商瑞銀,1650,110,2756,-2646,11.1,2,sell
9/14,1301,富邦-屏東,0039003600310059,331,12,319,1.34,3,buy
9/14,1301,台灣摩根士丹利,1470,588,2131,-1543,6.47,3,sell
9/14,1301,凱基-松山,9217,236,5,231,0.97,4,buy
9/14,1301,美林,1440,55,1184,-1129,4.73,4,sell
9/14,1301,富邦-竹東,9625,223,3,220,0.92,5,buy
9/14,1301,摩根大通,8440,604,1585,-981,4.11,5,sell
9/14,1301,臺銀,1040,218,13,205,0.86,6,buy
9/14,1301,元大-新盛,9869,53,608,-555,2.33,6,sell
9/14,1301,聯邦-台南,8588,206,5,201,0.84,7,buy
9/14,1301,元大證券,9800,1223,1750,-527,2.21,7,sell
9/14,1301,統一-城中,5854,281,110,171,0.72,8,buy
9/14,1301,港商野村,1560,7,359,-352,1.48,8,sell
9/14,1301,富邦-板橋,9655,276,124,152,0.64,9,buy
9/14,1301,凱基,9200,3,154,-151,0.63,9,sell
9/14,1301,元大-中崙,9813,189,63,126,0.53,10,buy
9/14,1301,台新,0039004200300030,69,205,-136,0.57,10,sell
9/14,1301,元大-竹山,0039003800310052,121,2,119,0.5,11,buy
9/14,1301,元大-鳳山,003900380033005a,15,110,-95,0.4,11,sell
9/14,1301,元大-復北,9872,230,116,114,0.48,12,buy
9/14,1301,第一金,5380,6,101,-95,0.4,12,sell
9/14,1301,國泰證券,8880,118,7,111,0.47,13,buy
9/14,1301,法銀巴黎,8900,7,87,-80,0.34,13,sell
9/14,1301,群益金鼎-宜蘭,003900310038007a,110,9,101,0.42,14,buy
9/14,1301,花旗環球,1590,0,68,-68,0.29,14,sell
9/14,1301,凱基-嘉義,9252,97,1,96,0.4,15,buy
9/14,1301,永豐金證券,0039004100300030,193,243,-50,0.21,15,sell
9/14,2324,花旗環球,1590,3680,75,3605,9.07,1,buy
9/14,2324,美商高盛,1480,2425,6552,-4127,10.39,1,sell
9/14,2324,美林,1440,2872,91,2781,7.0,2,buy
9/14,2324,港商野村,1560,1,4062,-4061,10.22,2,sell
9/14,2324,凱基-台北,9268,2338,964,1374,3.46,3,buy
9/14,2324,港商麥格理,1360,2995,4584,-1589,4.0,3,sell
9/14,2324,元大證券,9800,2548,1768,780,1.96,4,buy
9/14,2324,元大-北投,0039003800390041,271,819,-548,1.38,4,sell
9/14,2324,群益金鼎-東湖,003900310038004b,778,3,775,1.95,5,buy
9/14,2324,元大-潮州,003900380031005a,3,512,-509,1.28,5,sell
9/14,2324,摩根大通,8440,1743,986,757,1.91,6,buy
9/14,2324,台灣摩根士丹利,1470,1302,1755,-453,1.14,6,sell
9/14,2324,永豐金-匯立,0039004100380031,539,0,539,1.36,7,buy
9/14,2324,富邦證券,9600,57,302,-245,0.62,7,sell
9/14,2324,兆豐-天母,003700300030004c,303,17,286,0.72,8,buy
9/14,2324,統一,5850,50,272,-222,0.56,8,sell
9/14,2324,富邦-建國,9658,222,7,215,0.54,9,buy
9/14,2324,土銀-新竹,1035,4,212,-208,0.52,9,sell
9/14,2324,中國信託-新竹,6165,186,1,185,0.47,10,buy
9/14,2324,華南永昌-小港,9323,16,201,-185,0.47,10,sell
9/14,2324,中農,8520,152,4,148,0.37,11,buy
9/14,2324,新光-高雄,8562,32,206,-174,0.44,11,sell
9/14,2324,群益金鼎-大安,0039003100380065,140,0,140,0.35,12,buy
9/14,2324,國泰證券,8880,79,246,-167,0.42,12,sell
9/14,2324,華南永昌-岡山,9324,129,20,109,0.27,13,buy
9/14,2324,元大-新營,9825,17,174,-157,0.4,13,sell
9/14,2324,新光,8560,315,219,96,0.24,14,buy
9/14,2324,元大-敦南,0039003800390050,27,167,-140,0.35,14,sell
9/14,2324,中國信託,6160,191,116,75,0.19,15,buy
9/14,2324,新加坡商瑞銀,1650,1687,1820,-133,0.33,15,sell
9/14,3231,國泰證券,8880,1560,15,1545,4.49,1,buy
9/14,3231,摩根大通,8440,581,6701,-6120,17.8,1,sell
9/14,3231,第一金,5380,848,18,830,2.41,2,buy
9/14,3231,新加坡商瑞銀,1650,960,4644,-3684,10.71,2,sell
9/14,3231,台新-基隆,0039004200320053,716,2,714,2.08,3,buy
9/14,3231,港商野村,1560,297,1320,-1023,2.97,3,sell
9/14,3231,永豐金證券,0039004100300030,594,109,485,1.41,4,buy
9/14,3231,台灣摩根士丹利,1470,2031,2627,-596,1.73,4,sell
9/14,3231,美商高盛,1480,1753,1283,470,1.37,5,buy
9/14,3231,元大證券,9800,1825,2421,-596,1.73,5,sell
9/14,3231,國泰-敦南,8888,614,260,354,1.03,6,buy
9/14,3231,凱基-台北,9268,1231,1760,-529,1.54,6,sell
9/14,3231,兆豐-中壢,0037003000300062,310,5,305,0.89,7,buy
9/14,3231,花旗環球,1590,354,796,-442,1.29,7,sell
9/14,3231,富邦-建國,9658,208,10,198,0.58,8,buy
9/14,3231,美林,1440,307,715,-408,1.19,8,sell
9/14,3231,台新,0039004200300030,287,89,198,0.58,9,buy
9/14,3231,合庫-自強,0031003000320043,28,371,-343,1.0,9,sell
9/14,3231,凱基-新莊,0039003200310053,272,105,167,0.49,10,buy
9/14,3231,元大-敦南,0039003800390050,87,206,-119,0.35,10,sell
9/14,3231,臺銀,1040,165,31,134,0.39,11,buy
9/14,3231,永豐金-信義,0039004100390052,64,170,-106,0.31,11,sell
9/14,3231,富邦證券,9600,357,230,127,0.37,12,buy
9/14,3231,國票-安和,003700370039005a,30,128,-98,0.28,12,sell
9/14,3231,華南永昌,9300,227,117,110,0.32,13,buy
9/14,3231,兆豐-城中,0037003000300057,19,114,-95,0.28,13,sell
9/14,3231,新光,8560,220,112,108,0.31,14,buy
9/14,3231,永豐金-敦北,0039004100380039,19,110,-91,0.26,14,sell
9/14,3231,凱基-高美館,9215,127,27,100,0.29,15,buy
9/14,3231,富隆證券,5110,0,80,-80,0.23,15,sell
9/14,3481,凱基-東港,9212,1799,85,1714,1.57,1,buy
9/14,3481,群益金鼎-大安,0039003100380065,55,1897,-1842,1.69,1,sell
9/14,3481,永豐金-豐原,0039004100390051,1548,31,1517,1.39,2,buy
9/14,3481,港商麥格理,1360,170,1164,-994,0.91,2,sell
9/14,3481,元大證券,9800,10838,9678,1160,1.06,3,buy
9/14,3481,新加坡商瑞銀,1650,556,1382,-826,0.76,3,sell
9/14,3481,花旗環球,1590,1154,238,916,0.84,4,buy
9/14,3481,德信,6910,18,727,-709,0.65,4,sell
9/14,3481,富邦-南屯,9666,1030,222,808,0.74,5,buy
9/14,3481,凱基-台北,9268,6392,6938,-546,0.5,5,sell
9/14,3481,美商高盛,1480,4309,3530,779,0.72,6,buy
9/14,3481,摩根大通,8440,945,1473,-528,0.48,6,sell
9/14,3481,臺銀,1040,889,188,701,0.64,7,buy
9/14,3481,台灣摩根士丹利,1470,2603,3112,-509,0.47,7,sell
9/14,3481,美林,1440,825,552,273,0.25,8,buy
9/14,3481,新光,8560,713,1127,-414,0.38,8,sell
9/14,3481,富邦證券,9600,606,364,242,0.22,9,buy
9/14,3481,台新-花蓮,0039004200320079,53,438,-385,0.35,9,sell
9/14,3481,永豐金-北高雄,0039004100390072,324,99,225,0.21,10,buy
9/14,3481,大昌-新店,6464,61,420,-359,0.33,10,sell
9/14,3481,致和-崇德,0037003000330042,258,37,221,0.2,11,buy
9/14,3481,中國信託-新竹,6165,1078,1318,-240,0.22,11,sell
9/14,3481,台新-安南,003900420032005a,251,36,215,0.2,12,buy
9/14,3481,台新-板橋,0039004200320062,82,320,-238,0.22,12,sell
9/14,3481,華南永昌-南京,9326,336,121,215,0.2,13,buy
9/14,3481,元大-新營,9825,106,333,-227,0.21,13,sell
9/14,3481,元大-斗六,0039003800300043,279,70,209,0.19,14,buy
9/14,3481,台新-埔里,0039004200320059,21,232,-211,0.19,14,sell
9/14,3481,元大-台北,0039003800300068,224,37,187,0.17,15,buy
9/14,3481,富邦-台北,9623,598,785,-187,0.17,15,sell
9/14,2344,國泰-敦南,8888,4955,1876,3079,2.49,1,buy
9/14,2344,台灣摩根士丹利,1470,2121,14154,-12033,9.75,1,sell
9/14,2344,國泰-台中,8882,991,384,607,0.49,2,buy
9/14,2344,摩根大通,8440,377,10973,-10596,8.59,2,sell
9/14,2344,美好-富順,003500320036004b,502,9,493,0.4,3,buy
9/14,2344,國泰證券,8880,42,6317,-6275,5.08,3,sell
9/14,2344,玉山-高雄,8843,534,64,470,0.38,4,buy
9/14,2344,新加坡商瑞銀,1650,2019,8206,-6187,5.01,4,sell
9/14,2344,新光,8560,1204,761,443,0.36,5,buy
9/14,2344,美商高盛,1480,644,6344,-5700,4.62,5,sell
9/14,2344,華南永昌-高雄,9303,478,51,427,0.35,6,buy
9/14,2344,元大-館前,003900380034004b,95,4052,-3957,3.21,6,sell
9/14,2344,國泰-桃園,8885,714,322,392,0.32,7,buy
9/14,2344,統一,5850,165,3574,-3409,2.76,7,sell
9/14,2344,國泰-板橋,003800380038004b,737,363,374,0.3,8,buy
9/14,2344,凱基,9200,6,2776,-2770,2.24,8,sell
9/14,2344,富邦-仁愛,9676,522,160,362,0.29,9,buy
9/14,2344,台新,0039004200300030,1058,3490,-2432,1.97,9,sell
9/14,2344,元大-中壢,9834,429,100,329,0.27,10,buy
9/14,2344,美林,1440,763,3020,-2257,1.83,10,sell
9/14,2344,富邦-永和,9654,427,105,322,0.26,11,buy
9/14,2344,港商野村,1560,763,2298,-1535,1.24,11,sell
9/14,2344,台新-大裕,003900420032006c,338,16,322,0.26,12,buy
9/14,2344,凱基-台北,9268,3958,5278,-1320,1.07,12,sell
9/14,2344,台新-高雄,0039004200310067,440,123,317,0.26,13,buy
9/14,2344,永豐金-匯立,0039004100380031,79,1367,-1288,1.04,13,sell
9/14,2344,富邦-陽明,9604,481,168,313,0.25,14,buy
9/14,2344,中國信託,6160,584,1745,-1161,0.94,14,sell
9/14,2344,富邦-板橋,9655,378,71,307,0.25,15,buy
9/14,2344,元大證券,9800,5807,6930,-1123,0.91,15,sell
9/14,6182,港商野村,1560,1033,0,1033,5.69,1,buy
9/14,6182,統一-台南,5855,2,305,-303,1.67,1,sell
9/14,6182,美林,1440,973,213,760,4.19,2,buy
9/14,6182,國泰證券,8880,3,303,-300,1.65,2,sell
9/14,6182,台灣摩根士丹利,1470,737,122,615,3.39,3,buy
9/14,6182,台新-世貿,0039004200320075,6,277,-271,1.49,3,sell
9/14,6182,花旗環球,1590,303,37,266,1.47,4,buy
9/14,6182,永豐金-竹科,0039004100390058,5,251,-246,1.36,4,sell
9/14,6182,元大證券,9800,2073,1847,226,1.25,5,buy
9/14,6182,台新-成功,003900420032006d,13,215,-202,1.11,5,sell
9/14,6182,凱基-台北,9268,1418,1254,164,0.9,6,buy
9/14,6182,凱基,9200,0,168,-168,0.93,6,sell
9/14,6182,凱基-新豐,9266,129,14,115,0.63,7,buy
9/14,6182,新光,8560,121,288,-167,0.92,7,sell
9/14,6182,永豐金-內湖,0039004100390067,113,2,111,0.61,8,buy
9/14,6182,富邦-新店,9661,14,174,-160,0.88,8,sell
9/14,6182,美商高盛,1480,366,297,69,0.38,9,buy
9/14,6182,統一,5850,29,188,-159,0.88,9,sell
9/14,6182,台新-台中,0039004200310068,99,33,66,0.36,10,buy
9/14,6182,摩根大通,8440,113,215,-102,0.56,10,sell
9/14,6182,凱基-屏東,0039003200320043,60,0,60,0.33,11,buy
9/14,6182,群益金鼎-新竹,9186,18,116,-98,0.54,11,sell
9/14,6182,富邦-羅東,9634,62,11,51,0.28,12,buy
9/14,6182,元大-鹿港,0039003800390053,21,117,-96,0.53,12,sell
9/14,6182,合庫-基隆,1025,49,5,44,0.24,13,buy
9/14,6182,新加坡商瑞銀,1650,82,170,-88,0.49,13,sell
9/14,6182,陽信-石牌,8711,71,34,37,0.2,14,buy
9/14,6182,群益金鼎,9100,67,146,-79,0.44,14,sell
9/14,6182,中國信託-文心,6164,75,46,29,0.16,15,buy
9/14,6182,法銀巴黎,8900,0,75,-75,0.41,15,sell
9/14,2634,華南永昌-敦南,9347,182,1,181,1.91,1,buy
9/14,2634,凱基-台北,9268,119,729,-610,6.45,1,sell
9/14,2634,群益金鼎-中港,9138,146,22,124,1.31,2,buy
9/14,2634,元大證券,9800,682,946,-264,2.79,2,sell
9/14,2634,美商高盛,1480,407,295,112,1.18,3,buy
9/14,2634,台灣摩根士丹利,1470,16,279,-263,2.78,3,sell
9/14,2634,台中銀-台北,6115,110,0,110,1.16,4,buy
9/14,2634,港商野村,1560,0,186,-186,1.97,4,sell
9/14,2634,元大-北投,0039003800390041,119,13,106,1.12,5,buy
9/14,2634,台新-城中,0039004200320045,22,113,-91,0.96,5,sell
9/14,2634,元大-高雄,003900380031006d,88,4,84,0.89,6,buy
9/14,2634,富邦證券,9600,89,177,-88,0.93,6,sell
9/14,2634,美林,1440,90,7,83,0.88,7,buy
9/14,2634,群益金鼎,9100,103,179,-76,0.8,7,sell
9/14,2634,元大-文心,9868,85,4,81,0.86,8,buy
9/14,2634,統一,5850,7,79,-72,0.76,8,sell
9/14,2634,台新-烏日,0039004200320063,80,7,73,0.77,9,buy
9/14,2634,國泰-台中,8882,37,102,-65,0.69,9,sell
9/14,2634,國票-南科,0037003700390065,53,2,51,0.54,10,buy
9/14,2634,國泰證券,8880,0,50,-50,0.53,10,sell
9/14,2634,統一-士林,003500380035004d,78,30,48,0.51,11,buy
9/14,2634,永豐金證券,0039004100300030,77,123,-46,0.49,11,sell
9/14,2634,統一-竹南,003500380035006d,46,1,45,0.48,12,buy
9/14,2634,凱基-竹北,9234,13,56,-43,0.45,12,sell
9/14,2634,元大-桃園,0039003800380042,49,8,41,0.43,13,buy
9/14,2634,摩根大通,8440,30,70,-40,0.42,13,sell
9/14,2634,元大-佳里,0039003800310065,50,9,41,0.43,14,buy
9/14,2634,元大-花蓮,9856,17,57,-40,0.42,14,sell
9/14,2634,台新,0039004200300030,75,39,36,0.38,15,buy
9/14,2634,元大-土城學府,9822,0,38,-38,0.4,15,sell
9/14,0050,元大證券,9800,16100,2988,13112,14.26,1,buy
9/14,0050,凱基-台北,9268,2336,35106,-32770,35.64,1,sell
9/14,0050,國泰證券,8880,2915,16,2899,3.15,2,buy
9/14,0050,永豐金證券,0039004100300030,2533,16541,-14008,15.23,2,sell
9/14,0050,中國信託,6160,4156,1500,2656,2.89,3,buy
9/14,0050,富邦證券,9600,815,5105,-4290,4.67,3,sell
9/14,0050,國泰-敦南,8888,3905,1527,2378,2.59,4,buy
9/14,0050,法銀巴黎,8900,4,3178,-3174,3.45,4,sell
9/14,0050,富邦-永和,9654,1107,45,1062,1.15,5,buy
9/14,0050,凱基,9200,1830,3572,-1742,1.89,5,sell
9/14,0050,台新,0039004200300030,1432,812,620,0.67,6,buy
9/14,0050,台灣企銀-太平,1115,16,458,-442,0.48,6,sell
9/14,0050,凱基-興隆,9289,560,3,557,0.61,7,buy
9/14,0050,台灣摩根士丹利,1470,57,432,-375,0.41,7,sell
9/14,0050,元大-館前,003900380034004b,584,37,547,0.59,8,buy
9/14,0050,康和,8450,15,328,-313,0.34,8,sell
9/14,0050,新加坡商瑞銀,1650,1022,572,450,0.49,9,buy
9/14,0050,土銀,1030,133,404,-271,0.29,9,sell
9/14,0050,國泰-台中,8882,571,184,387,0.42,10,buy
9/14,0050,臺銀-臺中,0031003000340041,143,317,-174,0.19,10,sell
9/14,0050,永豐金-台南,0039004100390068,418,45,373,0.41,11,buy
9/14,0050,大昌-新竹,6463,12,176,-164,0.18,11,sell
9/14,0050,統一,5850,456,84,372,0.4,12,buy
9/14,0050,富邦-三重,9677,103,208,-105,0.11,12,sell
9/14,0050,富邦-台北,9623,409,41,368,0.4,13,buy
9/14,0050,元大-新盛,9869,63,162,-99,0.11,13,sell
9/14,0050,華南永昌,9300,437,78,359,0.39,14,buy
9/14,0050,台中銀-台北,6115,8,63,-55,0.06,14,sell
9/14,0050,國泰-板橋,003800380038004b,499,150,349,0.38,15,buy
9/14,0050,永豐金-忠孝,0039004100390044,56,110,-54,0.06,15,sell
9/14,2327,台灣摩根士丹利,1470,2570,597,1973,8.85,1,buy
9/14,2327,元大證券,9800,1829,4029,-2200,9.87,1,sell
9/14,2327,美商高盛,1480,2777,1024,1753,7.87,2,buy
9/14,2327,國票-敦北法人,0037003700390063,5,1328,-1323,5.94,2,sell
9/14,2327,美林,1440,628,159,469,2.1,3,buy
9/14,2327,摩根大通,8440,512,1324,-812,3.64,3,sell
9/14,2327,凱基-台北,9268,1082,632,450,2.02,4,buy
9/14,2327,凱基,9200,44,436,-392,1.76,4,sell
9/14,2327,新加坡商瑞銀,1650,670,277,393,1.76,5,buy
9/14,2327,永豐金證券,0039004100300030,304,581,-277,1.24,5,sell
9/14,2327,港商野村,1560,302,2,300,1.35,6,buy
9/14,2327,統一,5850,35,207,-172,0.77,6,sell
9/14,2327,花旗環球,1590,144,5,139,0.62,7,buy
9/14,2327,永豐金-信義,0039004100390052,5,105,-100,0.45,7,sell
9/14,2327,玉山證券,8840,153,19,134,0.6,8,buy
9/14,2327,台中銀,6110,15,105,-90,0.4,8,sell
9/14,2327,富邦證券,9600,473,347,126,0.57,9,buy
9/14,2327,大和國泰,8890,0,79,-79,0.35,9,sell
9/14,2327,國泰證券,8880,124,20,104,0.47,10,buy
9/14,2327,新光-新竹,8563,30,105,-75,0.34,10,sell
9/14,2327,凱基-大里,0039003200300057,193,119,74,0.33,11,buy
9/14,2327,華南永昌-南京,9326,122,186,-64,0.29,11,sell
9/14,2327,凱基-員林,9231,56,6,50,0.22,12,buy
9/14,2327,兆豐-大安,003700300030006a,3,60,-57,0.26,12,sell
9/14,2327,福勝,6950,57,8,49,0.22,13,buy
9/14,2327,康和,8450,1,58,-57,0.26,13,sell
9/14,2327,國泰-板橋,003800380038004b,172,128,44,0.2,14,buy
9/14,2327,統一-仁愛,0035003800350063,2,49,-47,0.21,14,sell
9/14,2327,臺銀,1040,59,22,37,0.17,15,buy
9/14,2327,華南永昌-古亭,9309,2,42,-40,0.18,15,sell
9/14,9904,摩根大通,8440,649,282,367,4.97,1,buy
9/14,9904,美商高盛,1480,571,2481,-1910,25.89,1,sell
9/14,9904,新加坡商瑞銀,1650,418,104,314,4.26,2,buy
9/14,9904,台灣摩根士丹利,1470,467,1383,-916,12.42,2,sell
9/14,9904,富邦-永康,003900360031005a,201,0,201,2.72,3,buy
9/14,9904,花旗環球,1590,0,217,-217,2.94,3,sell
9/14,9904,富邦-公益,0039003600310046,154,0,154,2.09,4,buy
9/14,9904,台新-新莊,0039004200310039,0,200,-200,2.71,4,sell
9/14,9904,台中銀-員林,6114,146,0,146,1.98,5,buy
9/14,9904,兆豐-松德,0037003000300069,1,139,-138,1.87,5,sell
9/14,9904,凱基-台北,9268,377,237,140,1.9,6,buy
9/14,9904,港商野村,1560,0,115,-115,1.56,6,sell
9/14,9904,國泰-館前,0038003800380041,129,2,127,1.72,7,buy
9/14,9904,美林,1440,26,132,-106,1.44,7,sell
9/14,9904,元大-南屯,9853,89,0,89,1.21,8,buy
9/14,9904,元大-鹿港,0039003800390053,3,100,-97,1.31,8,sell
9/14,9904,永豐金證券,0039004100300030,116,44,72,0.98,9,buy
9/14,9904,富邦-南京,0039003600310043,3,85,-82,1.11,9,sell
9/14,9904,新光,8560,93,26,67,0.91,10,buy
9/14,9904,元大-北港,9837,5,80,-75,1.02,10,sell
9/14,9904,凱基-三峽,0039003200310045,65,0,65,0.88,11,buy
9/14,9904,統一,5850,9,80,-71,0.96,11,sell
9/14,9904,兆豐-高雄,003700300030005a,61,0,61,0.83,12,buy
9/14,9904,富邦-北港,0039003600390043,3,70,-67,0.91,12,sell
9/14,9904,合庫-彰化,1028,57,0,57,0.77,13,buy
9/14,9904,台新,0039004200300030,144,211,-67,0.91,13,sell
9/14,9904,永豐金-中和,0039004100390042,54,0,54,0.73,14,buy
9/14,9904,土銀-台中,1031,0,61,-61,0.83,14,sell
9/14,9904,統一-三多,0035003800350051,52,0,52,0.7,15,buy
9/14,9904,富邦-羅東,9634,8,66,-58,0.79,15,sell
9/14,6919,元大-北屯,0039003800390064,100,0,100,3.49,1,buy
9/14,6919,群益金鼎,9100,24,312,-288,10.06,1,sell
9/14,6919,凱基-桃園,9208,88,14,74,2.59,2,buy
9/14,6919,摩根大通,8440,117,286,-169,5.9,2,sell
9/14,6919,中國信託-忠孝,6162,64,2,62,2.17,3,buy
9/14,6919,台灣摩根士丹利,1470,0,132,-132,4.61,3,sell
9/14,6919,元大-復北,9872,40,1,39,1.36,4,buy
9/14,6919,美商高盛,1480,55,127,-72,2.52,4,sell
9/14,6919,台新-中壢,0039004200310079,33,1,32,1.12,5,buy
9/14,6919,元大-永和,9891,1,64,-63,2.2,5,sell
9/14,6919,台新,0039004200300030,37,5,32,1.12,6,buy
9/14,6919,華南永昌-大安,9307,0,60,-60,2.1,6,sell
9/14,6919,國泰-敦南,8888,72,47,25,0.87,7,buy
9/14,6919,聯邦-高雄,8581,10,54,-44,1.54,7,sell
9/14,6919,玉山-板橋,8846,23,0,23,0.8,8,buy
9/14,6919,凱基-台北,9268,172,215,-43,1.5,8,sell
9/14,6919,元大-旗山,003900380031006e,21,0,21,0.73,9,buy
9/14,6919,元大-福營,0039003800310046,4,41,-37,1.29,9,sell
9/14,6919,致和-佳里,7032,23,2,21,0.73,10,buy
9/14,6919,玉山-雙和,8841,11,43,-32,1.12,10,sell
9/14,6919,合庫-台中,1021,20,1,19,0.66,11,buy
9/14,6919,元大-六合,0039003800320043,5,35,-30,1.05,11,sell
9/14,6919,臺銀-高雄,0031003000340043,21,2,19,0.66,12,buy
9/14,6919,元大-桃園,0039003800380042,1,30,-29,1.01,12,sell
9/14,6919,永豐金證券,0039004100300030,29,11,18,0.63,13,buy
9/14,6919,元大-北投,0039003800390041,8,37,-29,1.01,13,sell
9/14,6919,元大-永春,9852,17,0,17,0.59,14,buy
9/14,6919,富邦-永和,9654,6,32,-26,0.91,14,sell
9/14,6919,元大證券,9800,129,113,16,0.56,15,buy
9/14,6919,華南永昌,9300,2,20,-18,0.63,15,sell
9/14,1101,群益金鼎-三民,9188,823,2,821,2.29,1,buy
9/14,1101,台灣摩根士丹利,1470,616,9148,-8532,23.85,1,sell
9/14,1101,台新-九如,0039004200320031,813,0,813,2.27,2,buy
9/14,1101,凱基-台北,9268,670,6719,-6049,16.91,2,sell
9/14,1101,華南永昌-楠梓,9332,673,1,672,1.88,3,buy
9/14,1101,摩根大通,8440,223,4823,-4600,12.86,3,sell
9/14,1101,永豐金-市政,0039004100390057,554,3,551,1.54,4,buy
9/14,1101,美商高盛,1480,225,3770,-3545,9.91,4,sell
9/14,1101,元大證券,9800,1336,802,534,1.49,5,buy
9/14,1101,新加坡商瑞銀,1650,2,1772,-1770,4.95,5,sell
9/14,1101,(牛牛牛)亞-鑫豐,0036003000310064,448,4,444,1.24,6,buy
9/14,1101,美林,1440,468,1735,-1267,3.54,6,sell
9/14,1101,國泰-敦南,8888,489,68,421,1.18,7,buy
9/14,1101,花旗環球,1590,0,362,-362,1.01,7,sell
9/14,1101,元大-大天母,9893,413,0,413,1.15,8,buy
9/14,1101,法銀巴黎,8900,0,286,-286,0.8,8,sell
9/14,1101,富邦-新竹,9647,554,169,385,1.08,9,buy
9/14,1101,永豐金證券,0039004100300030,146,341,-195,0.55,9,sell
9/14,1101,新光-新竹,8563,389,5,384,1.07,10,buy
9/14,1101,國票-博愛,003700370039007a,82,200,-118,0.33,10,sell
9/14,1101,(牛牛牛)亞-網路,6012,334,0,334,0.93,11,buy
9/14,1101,台新-新莊,0039004200310039,41,147,-106,0.3,11,sell
9/14,1101,宏遠-民生,1261,322,0,322,0.9,12,buy
9/14,1101,元大-文心興安,9854,53,152,-99,0.28,12,sell
9/14,1101,台中銀-員林,6114,310,0,310,0.87,13,buy
9/14,1101,富邦證券,9600,33,107,-74,0.21,13,sell
9/14,1101,新光,8560,680,370,310,0.87,14,buy
9/14,1101,高橋-龍潭,5321,41,102,-61,0.17,14,sell
9/14,1101,康和,8450,300,0,300,0.84,15,buy
9/14,1101,兆豐證券,7000,61,120,-59,0.16,15,sell
9/14,3036,美商高盛,1480,633,37,596,17.23,1,buy
9/14,3036,摩根大通,8440,199,789,-590,17.06,1,sell
9/14,3036,凱基-台北,9268,498,160,338,9.77,2,buy
9/14,3036,台新-台北,0039004200320030,1,271,-270,7.81,2,sell
9/14,3036,美林,1440,157,18,139,4.02,3,buy
9/14,3036,國泰證券,8880,1,87,-86,2.49,3,sell
9/14,3036,台灣摩根士丹利,1470,185,124,61,1.76,4,buy
9/14,3036,新加坡商瑞銀,1650,201,254,-53,1.53,4,sell
9/14,3036,港商野村,1560,127,82,45,1.3,5,buy
9/14,3036,元大-木柵,003900380033004d,0,50,-50,1.45,5,sell
9/14,3036,富邦證券,9600,36,1,35,1.01,6,buy
9/14,3036,花旗環球,1590,94,133,-39,1.13,6,sell
9/14,3036,凱基-城中,9227,18,1,17,0.49,7,buy
9/14,3036,中國信託,6160,17,51,-34,0.98,7,sell
9/14,3036,元大-竹山,0039003800310052,16,1,15,0.43,8,buy
9/14,3036,永豐金-南京,0039004100390053,0,33,-33,0.95,8,sell
9/14,3036,凱基-中山,9229,18,3,15,0.43,9,buy
9/14,3036,凱基-士林,9238,0,31,-31,0.9,9,sell
9/14,3036,國泰-台南,8884,18,5,13,0.38,10,buy
9/14,3036,群益金鼎-新店,0039003100380046,1,31,-30,0.87,10,sell
9/14,3036,富邦-竹北,9624,14,1,13,0.38,11,buy
9/14,3036,永豐金-萬盛,0039004100390032,0,29,-29,0.84,11,sell
9/14,3036,國票-敦北法人,0037003700390063,12,0,12,0.35,12,buy
9/14,3036,富邦-宜蘭,9686,0,25,-25,0.72,12,sell
9/14,3036,群益金鼎,9100,27,16,11,0.32,13,buy
9/14,3036,臺銀-臺南,1042,1,23,-22,0.64,13,sell
9/14,3036,永豐金-桃園,0039004100390078,11,0,11,0.32,14,buy
9/14,3036,元大證券,9800,112,131,-19,0.55,14,sell
9/14,3036,合庫-基隆,1025,11,0,11,0.32,15,buy
9/14,3036,玉山-台中,0038003800340042,1,16,-15,0.43,15,sell
9/14,5876,台灣摩根士丹利,1470,2153,104,2049,22.56,1,buy
9/14,5876,摩根大通,8440,448,1282,-834,9.18,1,sell
9/14,5876,國泰證券,8880,1927,0,1927,21.22,2,buy
9/14,5876,玉山證券,8840,0,471,-471,5.19,2,sell
9/14,5876,新加坡商瑞銀,1650,935,49,886,9.75,3,buy
9/14,5876,華南永昌,9300,18,485,-467,5.14,3,sell
9/14,5876,永豐金-匯立,0039004100380031,308,0,308,3.39,4,buy
9/14,5876,福邦-新竹,6489,0,348,-348,3.83,4,sell
9/14,5876,台新,0039004200300030,300,9,291,3.2,5,buy
9/14,5876,美商高盛,1480,577,798,-221,2.43,5,sell
9/14,5876,港商野村,1560,275,37,238,2.62,6,buy
9/14,5876,永豐金-中和,0039004100390042,0,188,-188,2.07,6,sell
9/14,5876,美林,1440,273,61,212,2.33,7,buy
9/14,5876,(牛牛牛)亞證券,6010,0,168,-168,1.85,7,sell
9/14,5876,群益金鼎-新竹,9186,101,1,100,1.1,8,buy
9/14,5876,國泰-板橋,003800380038004b,0,143,-143,1.57,8,sell
9/14,5876,華南永昌-基隆,9322,80,1,79,0.87,9,buy
9/14,5876,凱基-台北,9268,484,600,-116,1.28,9,sell
9/14,5876,元大證券,9800,197,124,73,0.8,10,buy
9/14,5876,富邦-南京,0039003600310043,0,114,-114,1.26,10,sell
9/14,5876,華南永昌-長虹,9333,58,1,57,0.63,11,buy
9/14,5876,華南永昌-大安,9307,0,108,-108,1.19,11,sell
9/14,5876,永豐金證券,0039004100300030,103,57,46,0.51,12,buy
9/14,5876,華南永昌-古亭,9309,0,103,-103,1.13,12,sell
9/14,5876,高橋-龍潭,5321,40,2,38,0.42,13,buy
9/14,5876,第一金-路竹,0035003300380050,0,100,-100,1.1,13,sell
9/14,5876,國票證券,7790,31,1,30,0.33,14,buy
9/14,5876,華南永昌-台中,9302,0,77,-77,0.85,14,sell
9/14,5876,富邦證券,9600,20,0,20,0.22,15,buy
9/14,5876,第一金-安和,003500330038006a,8,80,-72,0.79,15,sell
9/14,1102,亞東,2180,589,56,533,9.23,1,buy
9/14,1102,國泰證券,8880,232,986,-754,13.06,1,sell
9/14,1102,凱基-台北,9268,648,134,514,8.9,2,buy
9/14,1102,永豐金證券,0039004100300030,130,525,-395,6.84,2,sell
9/14,1102,台灣摩根士丹利,1470,1013,567,446,7.73,3,buy
9/14,1102,美林,1440,207,536,-329,5.7,3,sell
9/14,1102,中國信託,6160,310,1,309,5.35,4,buy
9/14,1102,港商野村,1560,0,323,-323,5.6,4,sell
9/14,1102,摩根大通,8440,589,312,277,4.8,5,buy
9/14,1102,第一金,5380,0,235,-235,4.07,5,sell
9/14,1102,元大證券,9800,367,198,169,2.93,6,buy
9/14,1102,新加坡商瑞銀,1650,25,158,-133,2.3,6,sell
9/14,1102,美商高盛,1480,720,594,126,2.18,7,buy
9/14,1102,玉山-台南,8847,0,88,-88,1.52,7,sell
9/14,1102,玉山-信義,0038003800340043,55,0,55,0.95,8,buy
9/14,1102,新光-桃園,8565,0,80,-80,1.39,8,sell
9/14,1102,元大-土城永寧,9875,54,0,54,0.94,9,buy
9/14,1102,凱基-永和,9207,0,60,-60,1.04,9,sell
9/14,1102,臺銀,1040,50,1,49,0.85,10,buy
9/14,1102,合庫-台中,1021,0,44,-44,0.76,10,sell
9/14,1102,兆豐-新營,003700300030004b,35,0,35,0.61,11,buy
9/14,1102,花旗環球,1590,0,43,-43,0.74,11,sell
9/14,1102,法銀巴黎,8900,34,0,34,0.59,12,buy
9/14,1102,新光,8560,2,40,-38,0.66,12,sell
9/14,1102,永豐金-鳳山,0039004100360031,29,0,29,0.5,13,buy
9/14,1102,元大-中山北路,0039003800300061,0,35,-35,0.61,13,sell
9/14,1102,國泰-台南,8884,34,7,27,0.47,14,buy
9/14,1102,合庫-鳳山,1029,1,33,-32,0.55,14,sell
9/14,1102,港商麥格理,1360,22,0,22,0.38,15,buy
9/14,1102,第一金-員林,5381,1,33,-32,0.55,15,sell
9/14,2834,台灣摩根士丹利,1470,9945,399,9546,13.21,1,buy
9/14,2834,永豐金-板新,003900410039004a,534,9930,-9396,13.01,1,sell
9/14,2834,美商高盛,1480,10141,2393,7748,10.72,2,buy
9/14,2834,第一金-頭份,0035003300380049,1,2427,-2426,3.36,2,sell
9/14,2834,國票-長城,0037003700390075,6900,0,6900,9.55,3,buy
9/14,2834,摩根大通,8440,2286,4568,-2282,3.16,3,sell
9/14,2834,美林,1440,5991,74,5917,8.19,4,buy
9/14,2834,新加坡商瑞銀,1650,1019,3139,-2120,2.93,4,sell
9/14,2834,國泰-桃園,8885,3219,91,3128,4.33,5,buy
9/14,2834,元大-嘉義,0039003800390067,107,2117,-2010,2.78,5,sell
9/14,2834,凱基-台北,9268,6525,4971,1554,2.15,6,buy
9/14,2834,元大-彰化民生,003900380039004a,6,1539,-1533,2.12,6,sell
9/14,2834,永豐金-匯立,0039004100380031,1711,163,1548,2.14,7,buy
9/14,2834,玉山-嘉義,8848,118,1456,-1338,1.85,7,sell
9/14,2834,港商野村,1560,1330,60,1270,1.76,8,buy
9/14,2834,華南永昌-敦南,9347,0,1299,-1299,1.8,8,sell
9/14,2834,土銀-嘉義,1034,1000,26,974,1.35,9,buy
9/14,2834,玉山-高雄,8843,21,1244,-1223,1.69,9,sell
9/14,2834,台灣企銀-岡山,1119,810,270,540,0.75,10,buy
9/14,2834,合庫-彰化,1028,17,1101,-1084,1.5,10,sell
9/14,2834,聯邦證券,8580,409,9,400,0.55,11,buy
9/14,2834,法銀巴黎,8900,0,809,-809,1.12,11,sell
9/14,2834,華南永昌-虎尾,9377,402,11,391,0.54,12,buy
9/14,2834,元大-三民,0039003800390046,22,651,-629,0.87,12,sell
9/14,2834,華南永昌-岡山,9324,385,70,315,0.44,13,buy
9/14,2834,凱基-市府,0039003200300044,9,602,-593,0.82,13,sell
9/14,2834,富邦-台中,003900360035004b,305,18,287,0.4,14,buy
9/14,2834,凱基-城中,9227,4,477,-473,0.65,14,sell
9/14,2834,臺銀-民權,1043,314,31,283,0.39,15,buy
9/14,2834,第一金-華江,0035003300380057,34,503,-469,0.65,15,sell
9/14,2897,新加坡商瑞銀,1650,2297,146,2151,16.02,1,buy
9/14,2897,凱基,9200,0,1500,-1500,11.17,1,sell
9/14,2897,摩根大通,8440,1225,298,927,6.9,2,buy
9/14,2897,華南永昌-中正,9359,0,890,-890,6.63,2,sell
9/14,2897,美商高盛,1480,1309,406,903,6.72,3,buy
9/14,2897,兆豐-東門,0037003000300048,0,600,-600,4.47,3,sell
9/14,2897,富邦-仁愛,9676,668,2,666,4.96,4,buy
9/14,2897,統一-三多,0035003800350051,0,320,-320,2.38,4,sell
9/14,2897,美林,1440,665,147,518,3.86,5,buy
9/14,2897,美好-蘆洲,5261,15,310,-295,2.2,5,sell
9/14,2897,國票-北高雄,003700370039004a,480,82,398,2.96,6,buy
9/14,2897,玉山-板橋,8846,1,270,-269,2.0,6,sell
9/14,2897,富邦-陽明,9604,285,5,280,2.08,7,buy
9/14,2897,群益金鼎-鳳山,0039003100380063,2,260,-258,1.92,7,sell
9/14,2897,港商野村,1560,253,0,253,1.88,8,buy
9/14,2897,元大-花蓮,9856,0,184,-184,1.37,8,sell
9/14,2897,富邦-公益,0039003600310046,227,9,218,1.62,9,buy
9/14,2897,富邦-新竹,9647,8,154,-146,1.09,9,sell
9/14,2897,群益金鼎-新竹,9186,201,1,200,1.49,10,buy
9/14,2897,元大-莒光,003900380031004c,5,150,-145,1.08,10,sell
9/14,2897,群益金鼎-土城,003900310033004e,192,6,186,1.38,11,buy
9/14,2897,統一-宜蘭,0035003800350053,0,123,-123,0.92,11,sell
9/14,2897,群益金鼎-板橋,0039003100380042,180,0,180,1.34,12,buy
9/14,2897,群益金鼎-東大,9135,17,140,-123,0.92,12,sell
9/14,2897,國票-安和,003700370039005a,150,1,149,1.11,13,buy
9/14,2897,華南永昌-林口,9317,0,110,-110,0.82,13,sell
9/14,2897,元大證券,9800,285,138,147,1.09,14,buy
9/14,2897,富邦-嘉義,9692,1,108,-107,0.8,14,sell
9/14,2897,台灣摩根士丹利,1470,564,429,135,1.01,15,buy
9/14,2897,宏遠-台中,003100320036004c,0,107,-107,0.8,15,sell
9/14,1314,統一-台中,5856,1625,1,1624,10.7,1,buy
9/14,1314,永豐金-市政,0039004100390057,1,310,-309,2.04,1,sell
9/14,1314,凱基-文心,9297,1354,40,1314,8.66,2,buy
9/14,1314,港商野村,1560,0,307,-307,2.02,2,sell
9/14,1314,台灣摩根士丹利,1470,1323,350,973,6.41,3,buy
9/14,1314,國泰-敦南,8888,106,394,-288,1.9,3,sell
9/14,1314,凱基-台北,9268,1610,669,941,6.2,4,buy
9/14,1314,永豐金-鳳山,0039004100360031,38,275,-237,1.56,4,sell
9/14,1314,華南永昌-斗六,9327,1001,150,851,5.61,5,buy
9/14,1314,富邦-台北,9623,3,232,-229,1.51,5,sell
9/14,1314,摩根大通,8440,1793,1271,522,3.44,6,buy
9/14,1314,統一-平鎮,0035003800350067,15,206,-191,1.26,6,sell
9/14,1314,美商高盛,1480,719,479,240,1.58,7,buy
9/14,1314,台新,0039004200300030,25,214,-189,1.25,7,sell
9/14,1314,凱基-中壢,9285,231,0,231,1.52,8,buy
9/14,1314,福邦證券,6480,15,197,-182,1.2,8,sell
9/14,1314,合庫-嘉義,1024,200,5,195,1.29,9,buy
9/14,1314,宏遠-台南,0031003200360044,0,170,-170,1.12,9,sell
9/14,1314,美林,1440,243,50,193,1.27,10,buy
9/14,1314,富邦-新板,0039003600310048,6,168,-162,1.07,10,sell
9/14,1314,高橋-內壢,5323,167,5,162,1.07,11,buy
9/14,1314,台新-府城,0039004200320039,0,158,-158,1.04,11,sell
9/14,1314,永豐金-亞灣,0039004100390061,172,11,161,1.06,12,buy
9/14,1314,華南永昌-高雄,9303,2,142,-140,0.92,12,sell
9/14,1314,元大-板橋,0039003800390043,122,0,122,0.8,13,buy
9/14,1314,花旗環球,1590,0,109,-109,0.72,13,sell
9/14,1314,國泰-桃園,8885,149,35,114,0.75,14,buy
9/14,1314,兆豐-彰化,0037003000300064,0,105,-105,0.69,14,sell
9/14,1314,國票證券,7790,128,27,101,0.67,15,buy
9/14,1314,台新-桃園,0039004200320076,0,102,-102,0.67,15,sell
9/14,2884,港商野村,1560,4887,4,4883,11.48,1,buy
9/14,2884,新加坡商瑞銀,1650,684,5142,-4458,10.48,1,sell
9/14,2884,第一金,5380,3568,8,3560,8.37,2,buy
9/14,2884,摩根大通,8440,1793,6034,-4241,9.97,2,sell
9/14,2884,玉山證券,8840,3301,111,3190,7.5,3,buy
9/14,2884,美商高盛,1480,2107,6325,-4218,9.92,3,sell
9/14,2884,港商麥格理,1360,2724,160,2564,6.03,4,buy
9/14,2884,美林,1440,90,3781,-3691,8.68,4,sell
9/14,2884,永豐金證券,0039004100300030,2572,155,2417,5.68,5,buy
9/14,2884,台灣摩根士丹利,1470,618,2413,-1795,4.22,5,sell
9/14,2884,群益金鼎,9100,1088,134,954,2.24,6,buy
9/14,2884,元大證券,9800,1205,2839,-1634,3.84,6,sell
9/14,2884,新光,8560,749,176,573,1.35,7,buy
9/14,2884,玉山-城中,0038003800340045,23,854,-831,1.95,7,sell
9/14,2884,凱基-台北,9268,3079,2625,454,1.07,8,buy
9/14,2884,花旗環球,1590,51,713,-662,1.56,8,sell
9/14,2884,大和國泰,8890,420,0,420,0.99,9,buy
9/14,2884,富隆證券,5110,0,400,-400,0.94,9,sell
9/14,2884,富邦證券,9600,318,2,316,0.74,10,buy
9/14,2884,國票-南崁,0037003700390045,0,291,-291,0.68,10,sell
9/14,2884,富邦-仁愛,9676,319,12,307,0.72,11,buy
9/14,2884,群益金鼎-永和,003900310038004a,15,285,-270,0.63,11,sell
9/14,2884,玉山-雙和,8841,312,14,298,0.7,12,buy
9/14,2884,法銀巴黎,8900,18,196,-178,0.42,12,sell
9/14,2884,陽信-台南,8714,200,0,200,0.47,13,buy
9/14,2884,統一-新竹,5857,20,176,-156,0.37,13,sell
9/14,2884,永豐金-匯立,0039004100380031,189,0,189,0.44,14,buy
9/14,2884,國票證券,7790,21,148,-127,0.3,14,sell
9/14,2884,台新,0039004200300030,203,57,146,0.34,15,buy
9/14,2884,凱基-永華,9235,9,100,-91,0.21,15,sell
9/14,1303,元大證券,9800,6626,3994,2632,4.79,1,buy
9/14,1303,美商高盛,1480,2137,5660,-3523,6.41,1,sell
9/14,1303,統一,5850,852,206,646,1.18,2,buy
9/14,1303,新加坡商瑞銀,1650,1948,3103,-1155,2.1,2,sell
9/14,1303,港商野村,1560,750,126,624,1.14,3,buy
9/14,1303,摩根大通,8440,1147,2152,-1005,1.83,3,sell
9/14,1303,(牛牛牛)亞證券,6010,600,2,598,1.09,4,buy
9/14,1303,統一-城中,5854,189,864,-675,1.23,4,sell
9/14,1303,永豐金證券,0039004100300030,1000,430,570,1.04,5,buy
9/14,1303,華南永昌-南京,9326,75,656,-581,1.06,5,sell
9/14,1303,美林,1440,1082,579,503,0.92,6,buy
9/14,1303,凱基,9200,312,843,-531,0.97,6,sell
9/14,1303,國泰證券,8880,560,96,464,0.84,7,buy
9/14,1303,凱基-台北,9268,1423,1876,-453,0.82,7,sell
9/14,1303,富邦-仁愛,9676,370,138,232,0.42,8,buy
9/14,1303,台新,0039004200300030,555,802,-247,0.45,8,sell
9/14,1303,台新-西松,003900420032006e,220,7,213,0.39,9,buy
9/14,1303,台灣摩根士丹利,1470,1491,1713,-222,0.4,9,sell
9/14,1303,元大-蘆洲,9857,260,50,210,0.38,10,buy
9/14,1303,聯邦-大業,8586,22,213,-191,0.35,10,sell
9/14,1303,中國信託,6160,306,178,128,0.23,11,buy
9/14,1303,凱基-城中,9227,11,158,-147,0.27,11,sell
9/14,1303,臺銀,1040,136,29,107,0.19,12,buy
9/14,1303,富邦-木柵,003900360031004d,43,168,-125,0.23,12,sell
9/14,1303,元大-復北,9872,601,498,103,0.19,13,buy
9/14,1303,永豐金-竹北,0039004100390050,27,135,-108,0.2,13,sell
9/14,1303,富邦-基隆,9614,96,13,83,0.15,14,buy
9/14,1303,元大-楊梅,0039003800370041,72,177,-105,0.19,14,sell
9/14,1303,富邦證券,9600,332,253,79,0.14,15,buy
9/14,1303,花旗環球,1590,2,97,-95,0.17,15,sell
9/14,6770,美林,1440,3394,524,2870,3.17,1,buy
9/14,6770,新加坡商瑞銀,1650,1677,4113,-2436,2.69,1,sell
9/14,6770,凱基-台北,9268,5345,2827,2518,2.78,2,buy
9/14,6770,永豐金-市政,0039004100390057,224,996,-772,0.85,2,sell
9/14,6770,台灣摩根士丹利,1470,7419,6063,1356,1.5,3,buy
9/14,6770,富邦-新竹,9647,124,675,-551,0.61,3,sell
9/14,6770,永豐金-匯立,0039004100380031,1229,0,1229,1.36,4,buy
9/14,6770,新光,8560,699,1042,-343,0.38,4,sell
9/14,6770,港商野村,1560,1093,57,1036,1.14,5,buy
9/14,6770,永豐金證券,0039004100300030,968,1307,-339,0.37,5,sell
9/14,6770,台灣企銀-竹北,1117,611,13,598,0.66,6,buy
9/14,6770,群益金鼎,9100,321,653,-332,0.37,6,sell
9/14,6770,美商高盛,1480,8491,7911,580,0.64,7,buy
9/14,6770,玉山-城中,0038003800340045,53,370,-317,0.35,7,sell
9/14,6770,元大-岡山,0039003800350046,464,117,347,0.38,8,buy
9/14,6770,台新-西松,003900420032006e,184,472,-288,0.32,8,sell
9/14,6770,元大-員林中山,9835,466,194,272,0.3,9,buy
9/14,6770,國票-敦北法人,0037003700390063,27,239,-212,0.23,9,sell
9/14,6770,元大-佳里,0039003800310065,409,249,160,0.18,10,buy
9/14,6770,台新,0039004200300030,548,758,-210,0.23,10,sell
9/14,6770,凱基-新豐,9266,214,83,131,0.14,11,buy
9/14,6770,元大-花蓮,9856,77,275,-198,0.22,11,sell
9/14,6770,中國信託-高雄,003600310036004b,286,161,125,0.14,12,buy
9/14,6770,玉山-左營,0038003800340044,88,262,-174,0.19,12,sell
9/14,6770,元大證券,9800,8347,8234,113,0.12,13,buy
9/14,6770,新光-台中,8561,341,509,-168,0.19,13,sell
9/14,6770,花旗環球,1590,165,59,106,0.12,14,buy
9/14,6770,元大-板橋,0039003800390043,65,232,-167,0.18,14,sell
9/14,6770,富邦-板橋,9655,337,232,105,0.12,15,buy
9/14,6770,台新-三重,0039004200320033,61,223,-162,0.18,15,sell
9/14,8112,凱基-台北,9268,548,308,240,5.41,1,buy
9/14,8112,美商高盛,1480,96,515,-419,9.44,1,sell
9/14,8112,永豐金證券,0039004100300030,106,35,71,1.6,2,buy
9/14,8112,台灣摩根士丹利,1470,69,472,-403,9.08,2,sell
9/14,8112,元大-大同,0039003800390047,61,6,55,1.24,3,buy
9/14,8112,摩根大通,8440,31,222,-191,4.3,3,sell
9/14,8112,港商野村,1560,43,0,43,0.97,4,buy
9/14,8112,元大證券,9800,253,412,-159,3.58,4,sell
9/14,8112,兆豐-小港,0037003000300052,38,0,38,0.86,5,buy
9/14,8112,台新-板橋,0039004200320062,3,114,-111,2.5,5,sell
9/14,8112,華南永昌-豐原,9366,33,1,32,0.72,6,buy
9/14,8112,美林,1440,3,113,-110,2.48,6,sell
9/14,8112,元大-上新莊,0039003800330047,31,1,30,0.68,7,buy
9/14,8112,華南永昌-高雄,9303,7,46,-39,0.88,7,sell
9/14,8112,群益金鼎,9100,44,14,30,0.68,8,buy
9/14,8112,國泰-敦南,8888,78,117,-39,0.88,8,sell
9/14,8112,新光,8560,39,10,29,0.65,9,buy
9/14,8112,元大-大安,003900380033004e,5,36,-31,0.7,9,sell
9/14,8112,中國信託-高雄,003600310036004b,32,8,24,0.54,10,buy
9/14,8112,元大-中壢,9834,10,35,-25,0.56,10,sell
9/14,8112,台中銀,6110,24,2,22,0.5,11,buy
9/14,8112,凱基-高美館,9215,56,80,-24,0.54,11,sell
9/14,8112,華南永昌-麻豆,9308,21,0,21,0.47,12,buy
9/14,8112,凱基-宜蘭,003900320030004d,2,23,-21,0.47,12,sell
9/14,8112,凱基-汐止,9226,20,0,20,0.45,13,buy
9/14,8112,第一金-桃園,5385,13,34,-21,0.47,13,sell
9/14,8112,富邦-基隆,9614,20,0,20,0.45,14,buy
9/14,8112,富邦-南京,0039003600310043,2,22,-20,0.45,14,sell
9/14,8112,大昌-新店,6464,42,23,19,0.43,15,buy
9/14,8112,永豐金-中壢,0039004100390039,0,19,-19,0.43,15,sell
9/14,5351,永豐金-匯立,0039004100380031,484,0,484,7.61,1,buy
9/14,5351,台灣摩根士丹利,1470,18,586,-568,8.94,1,sell
9/14,5351,凱基-台北,9268,688,329,359,5.65,2,buy
9/14,5351,美商高盛,1480,0,202,-202,3.18,2,sell
9/14,5351,新加坡商瑞銀,1650,604,339,265,4.17,3,buy
9/14,5351,國泰-敦南,8888,93,248,-155,2.44,3,sell
9/14,5351,摩根大通,8440,430,232,198,3.12,4,buy
9/14,5351,台新-草屯,0039004200320058,0,78,-78,1.23,4,sell
9/14,5351,永豐金證券,0039004100300030,65,13,52,0.82,5,buy
9/14,5351,富邦-陽明,9604,10,80,-70,1.1,5,sell
9/14,5351,中國信託-嘉義,6168,56,6,50,0.79,6,buy
9/14,5351,第一金-華江,0035003300380057,5,72,-67,1.05,6,sell
9/14,5351,花旗環球,1590,52,4,48,0.76,7,buy
9/14,5351,台新-新店,0039004200320032,2,56,-54,0.85,7,sell
9/14,5351,港商野村,1560,114,73,41,0.65,8,buy
9/14,5351,兆豐-板橋,0037003000300042,1,54,-53,0.83,8,sell
9/14,5351,永豐金-敦南,0039004100380046,31,2,29,0.46,9,buy
9/14,5351,統一-城中,5854,3,53,-50,0.79,9,sell
9/14,5351,元大-大雅,0039003800330069,33,5,28,0.44,10,buy
9/14,5351,凱基-市政,9239,2,50,-48,0.76,10,sell
9/14,5351,永豐金-中壢,0039004100390039,28,1,27,0.42,11,buy
9/14,5351,兆豐-南門,0037003000300067,7,47,-40,0.63,11,sell
9/14,5351,元大-復北,9872,30,3,27,0.42,12,buy
9/14,5351,富邦-木柵,003900360031004d,1,38,-37,0.58,12,sell
9/14,5351,凱基-台南,9211,24,2,22,0.35,13,buy
9/14,5351,台中銀-員林,6114,6,39,-33,0.52,13,sell
9/14,5351,合庫-西台中,0031003000320046,21,0,21,0.33,14,buy
9/14,5351,中國信託,6160,8,37,-29,0.46,14,sell
9/14,5351,凱基-竹北,9234,23,3,20,0.31,15,buy
9/14,5351,富邦-板橋,9655,23,53,-30,0.47,15,sell
9/14,4938,兆豐證券,7000,601,5,596,12.56,1,buy
9/14,4938,台灣摩根士丹利,1470,425,871,-446,9.4,1,sell
9/14,4938,凱基,9200,491,37,454,9.57,2,buy
9/14,4938,元大證券,9800,158,493,-335,7.06,2,sell
9/14,4938,福邦證券,6480,387,0,387,8.15,3,buy
9/14,4938,美商高盛,1480,63,382,-319,6.72,3,sell
9/14,4938,凱基-台北,9268,484,230,254,5.35,4,buy
9/14,4938,摩根大通,8440,357,553,-196,4.13,4,sell
9/14,4938,元大-土城永寧,9875,101,0,101,2.13,5,buy
9/14,4938,花旗環球,1590,0,168,-168,3.54,5,sell
9/14,4938,永豐金-匯立,0039004100380031,68,0,68,1.43,6,buy
9/14,4938,玉山證券,8840,19,156,-137,2.89,6,sell
9/14,4938,富邦證券,9600,74,7,67,1.41,7,buy
9/14,4938,元大-六合,0039003800320043,0,56,-56,1.18,7,sell
9/14,4938,華南永昌,9300,67,1,66,1.39,8,buy
9/14,4938,新加坡商瑞銀,1650,368,413,-45,0.95,8,sell
9/14,4938,玉山-左營,0038003800340044,62,0,62,1.31,9,buy
9/14,4938,港商野村,1560,25,65,-40,0.84,9,sell
9/14,4938,台新,0039004200300030,57,19,38,0.8,10,buy
9/14,4938,新百王,6210,0,40,-40,0.84,10,sell
9/14,4938,富邦-陽明,9604,40,7,33,0.7,11,buy
9/14,4938,新光-桃園,8565,0,36,-36,0.76,11,sell
9/14,4938,富邦-敦南,9663,26,0,26,0.55,12,buy
9/14,4938,凱基-埔墘,9288,0,35,-35,0.74,12,sell
9/14,4938,兆豐-天母,003700300030004c,25,0,25,0.53,13,buy
9/14,4938,元大-彰化民生,003900380039004a,1,34,-33,0.7,13,sell
9/14,4938,臺銀,1040,25,3,22,0.46,14,buy
9/14,4938,永豐金證券,0039004100300030,26,59,-33,0.7,14,sell
9/14,4938,美好,5260,21,0,21,0.44,15,buy
9/14,4938,群益金鼎,9100,21,49,-28,0.59,15,sell
9/14,1409,美商高盛,1480,1058,36,1022,10.27,1,buy
9/14,1409,台灣摩根士丹利,1470,165,772,-607,6.1,1,sell
9/14,1409,美林,1440,971,79,892,8.96,2,buy
9/14,1409,新加坡商瑞銀,1650,166,682,-516,5.18,2,sell
9/14,1409,凱基-台北,9268,756,422,334,3.36,3,buy
9/14,1409,摩根大通,8440,97,426,-329,3.3,3,sell
9/14,1409,元大證券,9800,727,496,231,2.32,4,buy
9/14,1409,元大-雙和,9874,3,302,-299,3.0,4,sell
9/14,1409,華南永昌-斗六,9327,172,69,103,1.03,5,buy
9/14,1409,兆豐證券,7000,0,253,-253,2.54,5,sell
9/14,1409,第一金-新興,0035003300380041,102,1,101,1.01,6,buy
9/14,1409,富邦-台北,9623,12,141,-129,1.3,6,sell
9/14,1409,元大-鳳山,003900380033005a,103,2,101,1.01,7,buy
9/14,1409,合庫證券,1020,1,109,-108,1.08,7,sell
9/14,1409,新光-台中,8561,96,24,72,0.72,8,buy
9/14,1409,群益金鼎-竹南,0039003100380069,9,109,-100,1.0,8,sell
9/14,1409,元大-金門,003900380031004e,63,5,58,0.58,9,buy
9/14,1409,玉山-景美,8849,2,100,-98,0.98,9,sell
9/14,1409,元大-復北,9872,62,11,51,0.51,10,buy
9/14,1409,富邦-嘉義,9692,3,96,-93,0.93,10,sell
9/14,1409,合庫-新竹,0031003000320041,50,0,50,0.5,11,buy
9/14,1409,富邦-頭份,0039003600320050,6,84,-78,0.78,11,sell
9/14,1409,富邦-陽明,9604,50,2,48,0.48,12,buy
9/14,1409,富邦-竹北,9624,10,84,-74,0.74,12,sell
9/14,1409,致和-高雄,7036,47,0,47,0.47,13,buy
9/14,1409,港商野村,1560,0,70,-70,0.7,13,sell
9/14,1409,光和,6380,41,4,37,0.37,14,buy
9/14,1409,元大-虎尾,003900380030006c,2,72,-70,0.7,14,sell
9/14,1409,臺銀-臺南,1042,52,16,36,0.36,15,buy
9/14,1409,元大-屏東民生,0039003800310068,20,83,-63,0.63,15,sell
9/14,6147,新加坡商瑞銀,1650,3634,470,3164,7.57,1,buy
9/14,6147,凱基,9200,139,1051,-912,2.18,1,sell
9/14,6147,台灣摩根士丹利,1470,2881,1091,1790,4.28,2,buy
9/14,6147,華南永昌-南京,9326,24,783,-759,1.82,2,sell
9/14,6147,群益金鼎,9100,1638,566,1072,2.56,3,buy
9/14,6147,華南永昌,9300,83,594,-511,1.22,3,sell
9/14,6147,美商高盛,1480,2758,1882,876,2.09,4,buy
9/14,6147,國泰證券,8880,7,374,-367,0.88,4,sell
9/14,6147,元大證券,9800,3873,3100,773,1.85,5,buy
9/14,6147,凱基-大安,9291,25,315,-290,0.69,5,sell
9/14,6147,富邦證券,9600,1748,1054,694,1.66,6,buy
9/14,6147,永豐金-信義,0039004100390052,28,282,-254,0.61,6,sell
9/14,6147,兆豐證券,7000,442,3,439,1.05,7,buy
9/14,6147,國泰-敦南,8888,937,1167,-230,0.55,7,sell
9/14,6147,福邦證券,6480,324,5,319,0.76,8,buy
9/14,6147,台新-西松,003900420032006e,6,221,-215,0.51,8,sell
9/14,6147,摩根大通,8440,737,542,195,0.47,9,buy
9/14,6147,國票-天祥,0037003700390056,6,207,-201,0.48,9,sell
9/14,6147,統一,5850,434,248,186,0.44,10,buy
9/14,6147,國泰-板橋,003800380038004b,232,400,-168,0.4,10,sell
9/14,6147,美林,1440,171,4,167,0.4,11,buy
9/14,6147,華南永昌-大安,9307,29,187,-158,0.38,11,sell
9/14,6147,永豐金-匯立,0039004100380031,128,0,128,0.31,12,buy
9/14,6147,統一-仁愛,0035003800350063,11,137,-126,0.3,12,sell
9/14,6147,永豐金證券,0039004100300030,529,446,83,0.2,13,buy
9/14,6147,第一金,5380,20,145,-125,0.3,13,sell
9/14,6147,玉山證券,8840,178,99,79,0.19,14,buy
9/14,6147,永豐金-內湖,0039004100390067,21,141,-120,0.29,14,sell
9/14,6147,凱基-大里,0039003200300057,158,96,62,0.15,15,buy
9/14,6147,元大-新竹經國,9859,39,149,-110,0.26,15,sell
9/14,8069,花旗環球,1590,376,4,372,9.21,1,buy
9/14,8069,美商高盛,1480,485,1516,-1031,25.53,1,sell
9/14,8069,凱基-台北,9268,380,96,284,7.03,2,buy
9/14,8069,國票-安和,003700370039005a,2,252,-250,6.19,2,sell
9/14,8069,富邦證券,9600,294,37,257,6.36,3,buy
9/14,8069,元大證券,9800,195,325,-130,3.22,3,sell
9/14,8069,台灣摩根士丹利,1470,352,113,239,5.92,4,buy
9/14,8069,合庫證券,1020,1,106,-105,2.6,4,sell
9/14,8069,永豐金-匯立,0039004100380031,96,0,96,2.38,5,buy
9/14,8069,美林,1440,22,117,-95,2.35,5,sell
9/14,8069,港商野村,1560,68,0,68,1.68,6,buy
9/14,8069,華南永昌,9300,4,83,-79,1.96,6,sell
9/14,8069,永豐金證券,0039004100300030,284,218,66,1.63,7,buy
9/14,8069,大展,5050,0,45,-45,1.11,7,sell
9/14,8069,中國信託-文心,6164,30,0,30,0.74,8,buy
9/14,8069,永豐金-竹北,0039004100390050,0,20,-20,0.5,8,sell
9/14,8069,香港上海匯豐,8960,25,1,24,0.59,9,buy
9/14,8069,台中銀,6110,0,15,-15,0.37,9,sell
9/14,8069,永豐金-台中,003900410039004c,21,3,18,0.45,10,buy
9/14,8069,元大-大同,0039003800390047,0,14,-14,0.35,10,sell
9/14,8069,國泰-敦南,8888,27,13,14,0.35,11,buy
9/14,8069,國泰-板橋,003800380038004b,2,13,-11,0.27,11,sell
9/14,8069,凱基-永康,9278,13,0,13,0.32,12,buy
9/14,8069,華南永昌-台中,9302,0,11,-11,0.27,12,sell
9/14,8069,富邦-南京,0039003600310043,13,0,13,0.32,13,buy
9/14,8069,群益金鼎-三民,9188,1,11,-10,0.25,13,sell
9/14,8069,元大-中壢,9834,11,0,11,0.27,14,buy
9/14,8069,元大-斗信,9884,1,11,-10,0.25,14,sell
9/14,8069,永豐金-中壢,0039004100390039,11,0,11,0.27,15,buy
9/14,8069,凱基-信義,9216,0,10,-10,0.25,15,sell
9/14,5388,凱基-台北,9268,145,114,31,2.51,1,buy
9/14,5388,永豐金-匯立,0039004100380031,0,115,-115,9.32,1,sell
9/14,5388,元大證券,9800,54,24,30,2.43,2,buy
9/14,5388,美林,1440,18,65,-47,3.81,2,sell
9/14,5388,摩根大通,8440,65,36,29,2.35,3,buy
9/14,5388,新加坡商瑞銀,1650,141,188,-47,3.81,3,sell
9/14,5388,台灣摩根士丹利,1470,45,21,24,1.94,4,buy
9/14,5388,富邦-羅東,9634,0,42,-42,3.4,4,sell
9/14,5388,凱基-東港,9212,22,0,22,1.78,5,buy
9/14,5388,群益金鼎,9100,6,45,-39,3.16,5,sell
9/14,5388,元大-民生三民,0039003800390058,20,0,20,1.62,6,buy
9/14,5388,京城,8490,0,21,-21,1.7,6,sell
9/14,5388,元大-大益,9814,18,0,18,1.46,7,buy
9/14,5388,富邦-彰化,0039003600350055,0,19,-19,1.54,7,sell
9/14,5388,國票-中和,0037003700390058,16,0,16,1.3,8,buy
9/14,5388,美商高盛,1480,72,90,-18,1.46,8,sell
9/14,5388,港商野村,1560,15,0,15,1.22,9,buy
9/14,5388,台新,0039004200300030,1,18,-17,1.38,9,sell
9/14,5388,新光,8560,24,10,14,1.13,10,buy
9/14,5388,統一,5850,1,18,-17,1.38,10,sell
9/14,5388,元大-和平,9863,12,0,12,0.97,11,buy
9/14,5388,兆豐證券,7000,0,14,-14,1.13,11,sell
9/14,5388,凱基-民權,0039003200310043,10,0,10,0.81,12,buy
9/14,5388,國泰-高雄,8881,2,13,-11,0.89,12,sell
9/14,5388,元大-土城學府,9822,10,0,10,0.81,13,buy
9/14,5388,台新-台南,0039004200310036,1,10,-9,0.73,13,sell
9/14,5388,大昌-樹林,6461,8,0,8,0.65,14,buy
9/14,5388,富邦-竹科,0039003600320043,1,10,-9,0.73,14,sell
9/14,5388,元大-松江,9801,8,0,8,0.65,15,buy
9/14,5388,國泰-桃園,8885,0,6,-6,0.49,15,sell
9/14,2890,美林,1440,7624,1062,6562,20.98,1,buy
9/14,2890,凱基-台北,9268,1458,5232,-3774,12.07,1,sell
9/14,2890,台新,0039004200300030,3877,62,3815,12.2,2,buy
9/14,2890,台灣摩根士丹利,1470,904,3149,-2245,7.18,2,sell
9/14,2890,港商野村,1560,1443,19,1424,4.55,3,buy
9/14,2890,花旗環球,1590,4,2050,-2046,6.54,3,sell
9/14,2890,美商高盛,1480,2522,1470,1052,3.36,4,buy
9/14,2890,新加坡商瑞銀,1650,752,1686,-934,2.99,4,sell
9/14,2890,永豐金證券,0039004100300030,1468,490,978,3.13,5,buy
9/14,2890,法銀巴黎,8900,9,640,-631,2.02,5,sell
9/14,2890,永豐金-豐原,0039004100390051,976,11,965,3.09,6,buy
9/14,2890,第一金-高雄,5383,8,505,-497,1.59,6,sell
9/14,2890,富隆證券,5110,500,0,500,1.6,7,buy
9/14,2890,合庫-桃園,0031003000320045,0,281,-281,0.9,7,sell
9/14,2890,台新-城中,0039004200320045,272,0,272,0.87,8,buy
9/14,2890,香港上海匯豐,8960,20,262,-242,0.77,8,sell
9/14,2890,群益金鼎-新竹,9186,202,1,201,0.64,9,buy
9/14,2890,美好-蘆洲,5261,1,235,-234,0.75,9,sell
9/14,2890,永豐金-亞灣,0039004100390061,208,21,187,0.6,10,buy
9/14,2890,永豐金-板新,003900410039004a,12,224,-212,0.68,10,sell
9/14,2890,永豐金-匯立,0039004100380031,2118,1943,175,0.56,11,buy
9/14,2890,永豐金-萬盛,0039004100390032,2,182,-180,0.58,11,sell
9/14,2890,華南永昌,9300,81,10,71,0.23,12,buy
9/14,2890,元大證券,9800,1102,1260,-158,0.51,12,sell
9/14,2890,摩根大通,8440,2250,2182,68,0.22,13,buy
9/14,2890,富邦-台北,9623,4,153,-149,0.48,13,sell
9/14,2890,國票證券,7790,77,19,58,0.19,14,buy
9/14,2890,國泰-敦南,8888,98,236,-138,0.44,14,sell
9/14,2890,華南永昌-岡山,9324,60,7,53,0.17,15,buy
9/14,2890,元大-龍潭,9858,1,114,-113,0.36,15,sell
9/14,2801,新光,8560,6121,100,6021,11.12,1,buy
9/14,2801,台新-建北,0039004200310038,4,7505,-7501,13.85,1,sell
9/14,2801,美林,1440,4077,31,4046,7.47,2,buy
9/14,2801,台灣摩根士丹利,1470,2013,6789,-4776,8.82,2,sell
9/14,2801,摩根大通,8440,4648,2390,2258,4.17,3,buy
9/14,2801,美商高盛,1480,2084,5702,-3618,6.68,3,sell
9/14,2801,永豐金-匯立,0039004100380031,1501,87,1414,2.61,4,buy
9/14,2801,新加坡商瑞銀,1650,1947,4080,-2133,3.94,4,sell
9/14,2801,富邦-陽明,9604,2371,1193,1178,2.17,5,buy
9/14,2801,富邦-南員林,0039003600310052,66,741,-675,1.25,5,sell
9/14,2801,彰銀,1230,1126,96,1030,1.9,6,buy
9/14,2801,富邦-竹北,9624,0,572,-572,1.06,6,sell
9/14,2801,台新-虎尾,003900420032004e,1008,1,1007,1.86,7,buy
9/14,2801,宏遠-新化,0031003200360058,11,516,-505,0.93,7,sell
9/14,2801,華南永昌-大甲,9315,724,4,720,1.33,8,buy
9/14,2801,花旗環球,1590,0,500,-500,0.92,8,sell
9/14,2801,富邦-內湖,9627,503,4,499,0.92,9,buy
9/14,2801,元大-永和,9891,7,441,-434,0.8,9,sell
9/14,2801,國票-南京,003700370039006e,502,14,488,0.9,10,buy
9/14,2801,凱基-台北,9268,3199,3633,-434,0.8,10,sell
9/14,2801,凱基-豐中,9223,455,4,451,0.83,11,buy
9/14,2801,國票-安和,003700370039005a,1,414,-413,0.76,11,sell
9/14,2801,國泰-松江,8883,468,29,439,0.81,12,buy
9/14,2801,元大證券,9800,822,1213,-391,0.72,12,sell
9/14,2801,群益金鼎-大甲,0039003100380067,438,8,430,0.79,13,buy
9/14,2801,華南永昌-楠梓,9332,5,312,-307,0.57,13,sell
9/14,2801,彰銀-七賢,1232,615,235,380,0.7,14,buy
9/14,2801,永豐金-桃園,0039004100390078,10,279,-269,0.5,14,sell
9/14,2801,台新-大裕,003900420032006c,390,31,359,0.66,15,buy
9/14,2801,法銀巴黎,8900,0,259,-259,0.48,15,sell
9/14,2542,兆豐-忠孝,0037003000300061,1013,1,1012,11.28,1,buy
9/14,2542,台灣摩根士丹利,1470,52,2122,-2070,23.08,1,sell
9/14,2542,永豐金證券,0039004100300030,764,45,719,8.02,2,buy
9/14,2542,美林,1440,2,559,-557,6.21,2,sell
9/14,2542,凱基-台北,9268,1176,493,683,7.61,3,buy
9/14,2542,新加坡商瑞銀,1650,5,520,-515,5.74,3,sell
9/14,2542,新光,8560,606,155,451,5.03,4,buy
9/14,2542,摩根大通,8440,251,713,-462,5.15,4,sell
9/14,2542,合庫證券,1020,184,2,182,2.03,5,buy
9/14,2542,康和-台北,0038003400350055,1,400,-399,4.45,5,sell
9/14,2542,元大證券,9800,237,81,156,1.74,6,buy
9/14,2542,康和-仁愛,0038003400350046,0,300,-300,3.34,6,sell
9/14,2542,台灣企銀-岡山,1119,100,0,100,1.11,7,buy
9/14,2542,兆豐-南京,0037003000300050,6,200,-194,2.16,7,sell
9/14,2542,元大-土城學府,9822,90,0,90,1.0,8,buy
9/14,2542,美商高盛,1480,530,691,-161,1.79,8,sell
9/14,2542,元大-花蓮,9856,74,1,73,0.81,9,buy
9/14,2542,元大-金門,003900380031004e,5,138,-133,1.48,9,sell
9/14,2542,國泰-敦南,8888,110,42,68,0.76,10,buy
9/14,2542,新光-高雄,8562,10,133,-123,1.37,10,sell
9/14,2542,統一-台南,5855,54,0,54,0.6,11,buy
9/14,2542,兆豐-大同,0037003000300053,0,115,-115,1.28,11,sell
9/14,2542,台新-屏東,003900420031006e,50,0,50,0.56,12,buy
9/14,2542,港商野村,1560,0,106,-106,1.18,12,sell
9/14,2542,元大-西螺,0039003800310069,45,0,45,0.5,13,buy
9/14,2542,富邦-敦南,9663,35,141,-106,1.18,13,sell
9/14,2542,玉山-新竹,0038003800340048,45,3,42,0.47,14,buy
9/14,2542,陽信-石牌,8711,21,100,-79,0.88,14,sell
9/14,2542,凱基-新莊,0039003200310053,42,0,42,0.47,15,buy
9/14,2542,臺銀-臺南,1042,8,81,-73,0.81,15,sell
9/14,1402,美商高盛,1480,899,183,716,8.51,1,buy
9/14,1402,群益金鼎,9100,18,938,-920,10.93,1,sell
9/14,1402,永豐金-匯立,0039004100380031,301,0,301,3.58,2,buy
9/14,1402,凱基,9200,57,932,-875,10.4,2,sell
9/14,1402,新光,8560,259,36,223,2.65,3,buy
9/14,1402,統一,5850,23,880,-857,10.18,3,sell
9/14,1402,國泰證券,8880,183,1,182,2.16,4,buy
9/14,1402,摩根大通,8440,370,1212,-842,10.0,4,sell
9/14,1402,國泰-館前,0038003800380041,106,3,103,1.22,5,buy
9/14,1402,美林,1440,13,339,-326,3.87,5,sell
9/14,1402,兆豐證券,7000,100,0,100,1.19,6,buy
9/14,1402,台灣摩根士丹利,1470,561,864,-303,3.6,6,sell
9/14,1402,合庫-自強,0031003000320043,99,0,99,1.18,7,buy
9/14,1402,新加坡商瑞銀,1650,18,175,-157,1.87,7,sell
9/14,1402,亞東,2180,85,0,85,1.01,8,buy
9/14,1402,元大-新莊,9898,3,139,-136,1.62,8,sell
9/14,1402,凱基-站前,0039003200300046,84,0,84,1.0,9,buy
9/14,1402,永豐金證券,0039004100300030,24,136,-112,1.33,9,sell
9/14,1402,兆豐-新營,003700300030004b,82,0,82,0.97,10,buy
9/14,1402,元大-民生三民,0039003800390058,0,101,-101,1.2,10,sell
9/14,1402,(牛牛牛)亞-鑫豐,0036003000310064,83,6,77,0.91,11,buy
9/14,1402,凱基-林口,9257,2,100,-98,1.16,11,sell
9/14,1402,凱基-市政,9239,74,0,74,0.88,12,buy
9/14,1402,永豐金-忠孝,0039004100390044,7,85,-78,0.93,12,sell
9/14,1402,元大-雙和,9874,97,24,73,0.87,13,buy
9/14,1402,花旗環球,1590,5,62,-57,0.68,13,sell
9/14,1402,元大-中和,0039003800390065,88,19,69,0.82,14,buy
9/14,1402,富邦-三重,9677,12,60,-48,0.57,14,sell
9/14,1402,臺銀,1040,81,20,61,0.72,15,buy
9/14,1402,國票證券,7790,1,47,-46,0.55,15,sell
9/14,3105,新加坡商瑞銀,1650,842,156,686,5.04,1,buy
9/14,3105,台新,0039004200300030,100,416,-316,2.32,1,sell
9/14,3105,美商高盛,1480,742,275,467,3.43,2,buy
9/14,3105,富邦證券,9600,46,305,-259,1.9,2,sell
9/14,3105,美林,1440,456,30,426,3.13,3,buy
9/14,3105,富邦-新店,9661,59,238,-179,1.32,3,sell
9/14,3105,台灣摩根士丹利,1470,634,218,416,3.06,4,buy
9/14,3105,康和,8450,1,103,-102,0.75,4,sell
9/14,3105,元大證券,9800,1082,838,244,1.79,5,buy
9/14,3105,群益金鼎-忠孝,0039003100380057,3,105,-102,0.75,5,sell
9/14,3105,凱基-台北,9268,1304,1083,221,1.62,6,buy
9/14,3105,台中銀,6110,11,97,-86,0.63,6,sell
9/14,3105,永豐金證券,0039004100300030,496,427,69,0.51,7,buy
9/14,3105,新光-新竹,8563,29,114,-85,0.62,7,sell
9/14,3105,永豐金-匯立,0039004100380031,58,0,58,0.43,8,buy
9/14,3105,國泰-敦南,8888,321,392,-71,0.52,8,sell
9/14,3105,港商野村,1560,101,45,56,0.41,9,buy
9/14,3105,中國信託-文心,6164,12,66,-54,0.4,9,sell
9/14,3105,摩根大通,8440,483,428,55,0.4,10,buy
9/14,3105,台新-建北,0039004200310038,24,77,-53,0.39,10,sell
9/14,3105,群益金鼎-中壢,0039003100380041,59,9,50,0.37,11,buy
9/14,3105,元大-松江,9801,10,60,-50,0.37,11,sell
9/14,3105,國票-敦北法人,0037003700390063,53,4,49,0.36,12,buy
9/14,3105,港商麥格理,1360,163,199,-36,0.26,12,sell
9/14,3105,玉山-台中,0038003800340042,81,52,29,0.21,13,buy
9/14,3105,永豐金-新莊,0039004100390048,9,44,-35,0.26,13,sell
9/14,3105,永豐金-豐原,0039004100390051,69,48,21,0.15,14,buy
9/14,3105,富邦-永和,9654,15,48,-33,0.24,14,sell
9/14,3105,台新-松德,0039004200320061,32,12,20,0.15,15,buy
9/14,3105,群益金鼎-南京,0039003100380045,4,36,-32,0.24,15,sell
9/14,2855,台灣摩根士丹利,1470,1858,199,1659,27.85,1,buy
9/14,2855,永豐金-南投,003900410039004d,0,123,-123,2.06,1,sell
9/14,2855,港商野村,1560,842,20,822,13.8,2,buy
9/14,2855,元大-南投,0039003800310044,0,122,-122,2.05,2,sell
9/14,2855,美商高盛,1480,554,251,303,5.09,3,buy
9/14,2855,國泰-敦南,8888,7,105,-98,1.65,3,sell
9/14,2855,美林,1440,260,110,150,2.52,4,buy
9/14,2855,台新-台北,0039004200320030,0,95,-95,1.59,4,sell
9/14,2855,摩根大通,8440,207,107,100,1.68,5,buy
9/14,2855,中國信託-新竹,6165,0,80,-80,1.34,5,sell
9/14,2855,永豐金-天母,0039004100390047,100,0,100,1.68,6,buy
9/14,2855,台新-吉利,0039004200320057,0,70,-70,1.18,6,sell
9/14,2855,國泰證券,8880,86,0,86,1.44,7,buy
9/14,2855,國票-嘉義,0037003700390048,2,71,-69,1.16,7,sell
9/14,2855,元大證券,9800,206,161,45,0.76,8,buy
9/14,2855,新光,8560,2,71,-69,1.16,8,sell
9/14,2855,台新-林園,0039004200320037,40,0,40,0.67,9,buy
9/14,2855,永豐金-松山,0039004100390031,10,74,-64,1.07,9,sell
9/14,2855,台灣企銀-民雄,0031003100310041,25,0,25,0.42,10,buy
9/14,2855,統一-士林,003500380035004d,1,62,-61,1.02,10,sell
9/14,2855,台新-府城,0039004200320039,20,0,20,0.34,11,buy
9/14,2855,統一-宜蘭,0035003800350053,0,53,-53,0.89,11,sell
9/14,2855,元大-敦南,0039003800390050,20,2,18,0.3,12,buy
9/14,2855,國泰-松江,8883,2,54,-52,0.87,12,sell
9/14,2855,美好-市政,003500320036004d,15,0,15,0.25,13,buy
9/14,2855,富邦-板橋,9655,2,53,-51,0.86,13,sell
9/14,2855,康和-永和,0038003400350042,13,0,13,0.22,14,buy
9/14,2855,宏遠-桃園,1262,1,50,-49,0.82,14,sell
9/14,2855,台新-松德,0039004200320061,18,6,12,0.2,15,buy
9/14,2855,凱基-敦北,9237,0,48,-48,0.81,15,sell
9/14,2027,兆豐證券,7000,853,25,828,9.04,1,buy
9/14,2027,摩根大通,8440,287,1198,-911,9.95,1,sell
9/14,2027,美商高盛,1480,1024,480,544,5.94,2,buy
9/14,2027,凱基-台北,9268,407,976,-569,6.22,2,sell
9/14,2027,兆豐-員林,003700300030006b,168,0,168,1.84,3,buy
9/14,2027,美林,1440,171,605,-434,4.74,3,sell
9/14,2027,元大-土城,9897,107,0,107,1.17,4,buy
9/14,2027,永豐金證券,0039004100300030,18,429,-411,4.49,4,sell
9/14,2027,陽信-台南,8714,93,0,93,1.02,5,buy
9/14,2027,富邦證券,9600,0,320,-320,3.5,5,sell
9/14,2027,臺銀,1040,105,15,90,0.98,6,buy
9/14,2027,國票-天祥,0037003700390056,0,300,-300,3.28,6,sell
9/14,2027,國泰-高雄,8881,126,41,85,0.93,7,buy
9/14,2027,群益金鼎,9100,195,483,-288,3.15,7,sell
9/14,2027,元大-斗六,0039003800300043,77,1,76,0.83,8,buy
9/14,2027,新加坡商瑞銀,1650,705,924,-219,2.39,8,sell
9/14,2027,玉山-台中,0038003800340042,74,0,74,0.81,9,buy
9/14,2027,台灣摩根士丹利,1470,335,529,-194,2.12,9,sell
9/14,2027,第一金-嘉義,003500330038004d,64,0,64,0.7,10,buy
9/14,2027,群益金鼎-忠孝,0039003100380057,3,110,-107,1.17,10,sell
9/14,2027,富邦-台北,9623,81,22,59,0.64,11,buy
9/14,2027,土銀-新竹,1035,0,105,-105,1.15,11,sell
9/14,2027,元大-歸仁,0039003800310061,63,5,58,0.63,12,buy
9/14,2027,元大-基隆孝二,003900380036004b,0,100,-100,1.09,12,sell
9/14,2027,凱基,9200,95,42,53,0.58,13,buy
9/14,2027,元大-館前,003900380034004b,3,80,-77,0.84,13,sell
9/14,2027,永豐金-虎尾,0039004100390062,45,0,45,0.49,14,buy
9/14,2027,元大-金門,003900380031004e,0,64,-64,0.7,14,sell
9/14,2027,新光-台中,8561,46,2,44,0.48,15,buy
9/14,2027,第一金-高雄,5383,20,76,-56,0.61,15,sell
9/14,2301,美商高盛,1480,1072,209,863,6.99,1,buy
9/14,2301,台灣摩根士丹利,1470,746,2183,-1437,11.65,1,sell
9/14,2301,花旗環球,1590,659,6,653,5.29,2,buy
9/14,2301,永豐金-匯立,0039004100380031,65,957,-892,7.23,2,sell
9/14,2301,美林,1440,628,61,567,4.6,3,buy
9/14,2301,永豐金證券,0039004100300030,78,315,-237,1.92,3,sell
9/14,2301,港商野村,1560,539,16,523,4.24,4,buy
9/14,2301,元大證券,9800,1337,1472,-135,1.09,4,sell
9/14,2301,凱基-台北,9268,814,515,299,2.42,5,buy
9/14,2301,大和國泰,8890,0,90,-90,0.73,5,sell
9/14,2301,富邦證券,9600,315,19,296,2.4,6,buy
9/14,2301,國泰-敦南,8888,202,284,-82,0.66,6,sell
9/14,2301,新加坡商瑞銀,1650,615,327,288,2.33,7,buy
9/14,2301,第一金-華江,0035003300380057,13,89,-76,0.62,7,sell
9/14,2301,法銀巴黎,8900,144,32,112,0.91,8,buy
9/14,2301,兆豐證券,7000,21,87,-66,0.53,8,sell
9/14,2301,元大-敦化,9833,56,3,53,0.43,9,buy
9/14,2301,中國信託,6160,81,128,-47,0.38,9,sell
9/14,2301,摩根大通,8440,426,373,53,0.43,10,buy
9/14,2301,新光,8560,38,82,-44,0.36,10,sell
9/14,2301,元大-三民,0039003800390046,54,3,51,0.41,11,buy
9/14,2301,統一,5850,49,91,-42,0.34,11,sell
9/14,2301,富邦-台北,9623,130,91,39,0.32,12,buy
9/14,2301,元大-北三重,0039003800390056,1,32,-31,0.25,12,sell
9/14,2301,統一-台南,5855,31,0,31,0.25,13,buy
9/14,2301,凱基,9200,12,41,-29,0.24,13,sell
9/14,2301,群益金鼎-古亭,0039003100380043,24,10,14,0.11,14,buy
9/14,2301,凱基-信義,9216,0,25,-25,0.2,14,sell
9/14,2301,光和,6380,16,2,14,0.11,15,buy
9/14,2301,台新,0039004200300030,37,61,-24,0.19,15,sell
9/14,3374,美商高盛,1480,1078,209,869,4.92,1,buy
9/14,3374,群益金鼎-台北,0039003100380058,376,1607,-1231,6.97,1,sell
9/14,3374,台灣摩根士丹利,1470,764,187,577,3.27,2,buy
9/14,3374,台新-台北,0039004200320030,5,650,-645,3.65,2,sell
9/14,3374,群益金鼎,9100,522,189,333,1.88,3,buy
9/14,3374,中國信託,6160,67,451,-384,2.17,3,sell
9/14,3374,富邦-嘉義,9692,357,55,302,1.71,4,buy
9/14,3374,兆豐證券,7000,9,327,-318,1.8,4,sell
9/14,3374,凱基-台北,9268,1379,1183,196,1.11,5,buy
9/14,3374,新加坡商瑞銀,1650,383,676,-293,1.66,5,sell
9/14,3374,摩根大通,8440,477,346,131,0.74,6,buy
9/14,3374,凱基,9200,11,235,-224,1.27,6,sell
9/14,3374,台新-西松,003900420032006e,86,12,74,0.42,7,buy
9/14,3374,國泰證券,8880,45,240,-195,1.1,7,sell
9/14,3374,永豐金證券,0039004100300030,308,240,68,0.38,8,buy
9/14,3374,富邦-中壢,9636,44,170,-126,0.71,8,sell
9/14,3374,華南永昌-斗六,9327,55,5,50,0.28,9,buy
9/14,3374,統一,5850,197,311,-114,0.65,9,sell
9/14,3374,富邦-仁愛,9676,79,30,49,0.28,10,buy
9/14,3374,元大-忠孝,9871,27,91,-64,0.36,10,sell
9/14,3374,國票-北高雄,003700370039004a,225,185,40,0.23,11,buy
9/14,3374,永豐金-信義,0039004100390052,56,111,-55,0.31,11,sell
9/14,3374,群益金鼎-中壢,0039003100380041,69,29,40,0.23,12,buy
9/14,3374,兆豐-城中,0037003000300057,2,41,-39,0.22,12,sell
9/14,3374,永豐金-匯立,0039004100380031,36,0,36,0.2,13,buy
9/14,3374,統一-敦南,5852,24,63,-39,0.22,13,sell
9/14,3374,第一金-忠孝,0035003300380044,43,11,32,0.18,14,buy
9/14,3374,元大-竹科,003900380030004b,21,59,-38,0.22,14,sell
9/14,3374,花旗環球,1590,36,6,30,0.17,15,buy
9/14,3374,華南永昌-竹北,9339,3,37,-34,0.19,15,sell
9/14,3406,台灣摩根士丹利,1470,386,149,237,4.9,1,buy
9/14,3406,富邦-新竹,9647,2,230,-228,4.71,1,sell
9/14,3406,凱基-台北,9268,495,318,177,3.66,2,buy
9/14,3406,兆豐-新竹,0037003000300056,1,221,-220,4.55,2,sell
9/14,3406,美商高盛,1480,331,181,150,3.1,3,buy
9/14,3406,台新-西松,003900420032006e,0,167,-167,3.45,3,sell
9/14,3406,統一,5850,182,41,141,2.91,4,buy
9/14,3406,永豐金證券,0039004100300030,113,239,-126,2.6,4,sell
9/14,3406,新加坡商瑞銀,1650,266,196,70,1.45,5,buy
9/14,3406,日進,5660,0,124,-124,2.56,5,sell
9/14,3406,元大-大灣,9815,48,3,45,0.93,6,buy
9/14,3406,兆豐證券,7000,16,91,-75,1.55,6,sell
9/14,3406,凱基-城中,9227,38,3,35,0.72,7,buy
9/14,3406,中國信託,6160,13,82,-69,1.43,7,sell
9/14,3406,聯邦證券,8580,32,0,32,0.66,8,buy
9/14,3406,永豐金-豐原,0039004100390051,30,98,-68,1.4,8,sell
9/14,3406,富邦-中壢,9636,30,1,29,0.6,9,buy
9/14,3406,台新,0039004200300030,19,82,-63,1.3,9,sell
9/14,3406,永豐金-信義,0039004100390052,35,11,24,0.5,10,buy
9/14,3406,元大-大直,9846,0,51,-51,1.05,10,sell
9/14,3406,凱基,9200,40,19,21,0.43,11,buy
9/14,3406,港商野村,1560,9,59,-50,1.03,11,sell
9/14,3406,永豐金-敦北,0039004100380039,26,5,21,0.43,12,buy
9/14,3406,美林,1440,35,82,-47,0.97,12,sell
9/14,3406,統一-敦南,5852,23,3,20,0.41,13,buy
9/14,3406,元大證券,9800,228,262,-34,0.7,13,sell
9/14,3406,國泰-敦南,8888,87,68,19,0.39,14,buy
9/14,3406,元大-信義,003900380039006d,0,32,-32,0.66,14,sell
9/14,3406,富邦證券,9600,47,28,19,0.39,15,buy
9/14,3406,花旗環球,1590,11,41,-30,0.62,15,sell
9/14,3532,元大證券,9800,1037,379,658,12.23,1,buy
9/14,3532,凱基-台北,9268,445,705,-260,4.83,1,sell
9/14,3532,國泰-敦南,8888,197,163,34,0.63,2,buy
9/14,3532,富邦-嘉義,9692,6,209,-203,3.77,2,sell
9/14,3532,元大-虎尾,003900380030006c,38,12,26,0.48,3,buy
9/14,3532,摩根大通,8440,24,187,-163,3.03,3,sell
9/14,3532,群益金鼎,9100,67,44,23,0.43,4,buy
9/14,3532,美商高盛,1480,150,218,-68,1.26,4,sell
9/14,3532,元大-松山,0039003800310070,30,10,20,0.37,5,buy
9/14,3532,新加坡商瑞銀,1650,16,70,-54,1.0,5,sell
9/14,3532,凱基-高美館,9215,28,8,20,0.37,6,buy
9/14,3532,凱基-信義,9216,0,48,-48,0.89,6,sell
9/14,3532,凱基-城中,9227,16,0,16,0.3,7,buy
9/14,3532,台灣摩根士丹利,1470,46,92,-46,0.85,7,sell
9/14,3532,富邦-宜蘭,9686,22,6,16,0.3,8,buy
9/14,3532,群益金鼎-內湖,0039003100380064,2,28,-26,0.48,8,sell
9/14,3532,元大-楊梅,0039003800370041,28,14,14,0.26,9,buy
9/14,3532,元大-南屯,9853,2,22,-20,0.37,9,sell
9/14,3532,群益金鼎-東門,0039003100380044,19,7,12,0.22,10,buy
9/14,3532,元大-岡山,0039003800350046,0,17,-17,0.32,10,sell
9/14,3532,富邦-仁愛,9676,15,4,11,0.2,11,buy
9/14,3532,富邦-高雄,9659,19,35,-16,0.3,11,sell
9/14,3532,群益金鼎-大甲,0039003100380067,13,2,11,0.2,12,buy
9/14,3532,永豐金-南京,0039004100390053,1,16,-15,0.28,12,sell
9/14,3532,元大-潮州,003900380031005a,16,5,11,0.2,13,buy
9/14,3532,國票證券,7790,5,17,-12,0.22,13,sell
9/14,3532,口袋證券,6620,21,10,11,0.2,14,buy
9/14,3532,元大-士林,003900380031006a,11,23,-12,0.22,14,sell
9/14,3532,美林,1440,47,37,10,0.19,15,buy
9/14,3532,永豐金-永康,0039004100390063,6,17,-11,0.2,15,sell
9/14,2353,港商麥格理,1360,1610,0,1610,13.81,1,buy
9/14,2353,美林,1440,87,1810,-1723,14.78,1,sell
9/14,2353,港商野村,1560,1337,0,1337,11.47,2,buy
9/14,2353,富邦-台中,003900360035004b,1,1002,-1001,8.59,2,sell
9/14,2353,富邦證券,9600,1195,4,1191,10.22,3,buy
9/14,2353,凱基,9200,27,486,-459,3.94,3,sell
9/14,2353,花旗環球,1590,751,74,677,5.81,4,buy
9/14,2353,元大-鳳山,003900380033005a,1,159,-158,1.36,4,sell
9/14,2353,元大證券,9800,738,258,480,4.12,5,buy
9/14,2353,群益金鼎-開元,9134,1,154,-153,1.31,5,sell
9/14,2353,新加坡商瑞銀,1650,579,179,400,3.43,6,buy
9/14,2353,凱基-東港,9212,0,105,-105,0.9,6,sell
9/14,2353,美商高盛,1480,816,471,345,2.96,7,buy
9/14,2353,群益金鼎-竹南,0039003100380069,0,103,-103,0.88,7,sell
9/14,2353,台新,0039004200300030,243,19,224,1.92,8,buy
9/14,2353,群益金鼎-彰化,9187,5,100,-95,0.81,8,sell
9/14,2353,摩根大通,8440,264,158,106,0.91,9,buy
9/14,2353,光和-溪湖,6381,0,67,-67,0.57,9,sell
9/14,2353,元大-員林中山,9835,119,18,101,0.87,10,buy
9/14,2353,新光,8560,100,167,-67,0.57,10,sell
9/14,2353,富邦-板橋,9655,94,19,75,0.64,11,buy
9/14,2353,國泰-敦南,8888,53,119,-66,0.57,11,sell
9/14,2353,華南永昌-嘉義,9314,77,13,64,0.55,12,buy
9/14,2353,富邦-敦南,9663,2,60,-58,0.5,12,sell
9/14,2353,凱基-苗栗,9276,50,0,50,0.43,13,buy
9/14,2353,群益金鼎-館前,0039003100330059,0,58,-58,0.5,13,sell
9/14,2353,新光-新竹,8563,50,1,49,0.42,14,buy
9/14,2353,富邦-八德,0039003600330041,0,57,-57,0.49,14,sell
9/14,2353,元大-內湖,003900380039004e,52,4,48,0.41,15,buy
9/14,2353,第一金-安和,003500330038006a,2,57,-55,0.47,15,sell
9/14,3706,凱基-高雄,9206,201,1,200,2.3,1,buy
9/14,3706,美林,1440,11,1139,-1128,12.99,1,sell
9/14,3706,台灣摩根士丹利,1470,169,0,169,1.95,2,buy
9/14,3706,凱基-台北,9268,414,1454,-1040,11.98,2,sell
9/14,3706,國泰-敦南,8888,179,60,119,1.37,3,buy
9/14,3706,摩根大通,8440,5,709,-704,8.11,3,sell
9/14,3706,台新-永和,0039004200320042,105,0,105,1.21,4,buy
9/14,3706,國泰證券,8880,14,454,-440,5.07,4,sell
9/14,3706,國票-台中,0037003700390076,93,0,93,1.07,5,buy
9/14,3706,港商野村,1560,9,443,-434,5.0,5,sell
9/14,3706,第一金-華江,0035003300380057,88,1,87,1.0,6,buy
9/14,3706,永豐金證券,0039004100300030,62,362,-300,3.46,6,sell
9/14,3706,元大-斗信,9884,83,1,82,0.94,7,buy
9/14,3706,美商高盛,1480,91,366,-275,3.17,7,sell
9/14,3706,富邦-陽明,9604,91,30,61,0.7,8,buy
9/14,3706,元大證券,9800,355,541,-186,2.14,8,sell
9/14,3706,台新,0039004200300030,95,41,54,0.62,9,buy
9/14,3706,花旗環球,1590,0,181,-181,2.08,9,sell
9/14,3706,元大-東泰,9817,54,6,48,0.55,10,buy
9/14,3706,群益金鼎,9100,39,202,-163,1.88,10,sell
9/14,3706,聯邦證券,8580,51,5,46,0.53,11,buy
9/14,3706,永豐金-萬盛,0039004100390032,6,133,-127,1.46,11,sell
9/14,3706,凱基-城中,9227,46,0,46,0.53,12,buy
9/14,3706,富邦-台東,9608,6,70,-64,0.74,12,sell
9/14,3706,第一金-員林,5381,56,12,44,0.51,13,buy
9/14,3706,群益金鼎-新店,0039003100380046,1,55,-54,0.62,13,sell
9/14,3706,臺銀-高雄,0031003000340043,55,15,40,0.46,14,buy
9/14,3706,致和-東門,7035,0,50,-50,0.58,14,sell
9/14,3706,統一-新台中,0035003800350044,39,0,39,0.45,15,buy
9/14,3706,港商麥格理,1360,5,42,-37,0.43,15,sell
9/14,2337,永豐金-匯立,0039004100380031,930,426,504,2.26,1,buy
9/14,2337,台灣摩根士丹利,1470,785,4237,-3452,15.49,1,sell
9/14,2337,新加坡商瑞銀,1650,993,696,297,1.33,2,buy
9/14,2337,美商高盛,1480,754,2682,-1928,8.65,2,sell
9/14,2337,國泰-敦南,8888,660,472,188,0.84,3,buy
9/14,2337,摩根大通,8440,502,1014,-512,2.3,3,sell
9/14,2337,富邦-公益,0039003600310046,175,6,169,0.76,4,buy
9/14,2337,港商野村,1560,160,608,-448,2.01,4,sell
9/14,2337,兆豐-南京,0037003000300050,151,6,145,0.65,5,buy
9/14,2337,美林,1440,59,387,-328,1.47,5,sell
9/14,2337,玉山證券,8840,147,10,137,0.61,6,buy
9/14,2337,凱基-台北,9268,1426,1683,-257,1.15,6,sell
9/14,2337,富邦-新竹,9647,168,68,100,0.45,7,buy
9/14,2337,元大-大里,0039003800310067,37,129,-92,0.41,7,sell
9/14,2337,玉山-城中,0038003800340045,80,3,77,0.35,8,buy
9/14,2337,元大-和平,9863,14,105,-91,0.41,8,sell
9/14,2337,華南永昌-台中,9302,84,11,73,0.33,9,buy
9/14,2337,永豐金-竹北,0039004100390050,10,96,-86,0.39,9,sell
9/14,2337,元大證券,9800,1371,1301,70,0.31,10,buy
9/14,2337,國票-敦北法人,0037003700390063,3,80,-77,0.35,10,sell
9/14,2337,元大-斗信,9884,74,6,68,0.31,11,buy
9/14,2337,永豐金-竹科,0039004100390058,79,147,-68,0.31,11,sell
9/14,2337,台新,0039004200300030,154,88,66,0.3,12,buy
9/14,2337,元大-台中,9812,10,59,-49,0.22,12,sell
9/14,2337,高橋-龍潭,5321,66,7,59,0.26,13,buy
9/14,2337,永豐金證券,0039004100300030,93,142,-49,0.22,13,sell
9/14,2337,元大-復北,9872,61,2,59,0.26,14,buy
9/14,2337,統一,5850,16,63,-47,0.21,14,sell
9/14,2337,元大-高雄,003900380031006d,62,4,58,0.26,15,buy
9/14,2337,新百王,6210,10,50,-40,0.18,15,sell
9/14,3293,凱基-台北,9268,97,18,79,9.81,1,buy
9/14,3293,花旗環球,1590,35,107,-72,8.94,1,sell
9/14,3293,美林,1440,56,0,56,6.96,2,buy
9/14,3293,摩根大通,8440,24,69,-45,5.59,2,sell
9/14,3293,永豐金-匯立,0039004100380031,42,1,41,5.09,3,buy
9/14,3293,中國信託,6160,1,32,-31,3.85,3,sell
9/14,3293,港商野村,1560,33,0,33,4.1,4,buy
9/14,3293,新光,8560,3,20,-17,2.11,4,sell
9/14,3293,美商高盛,1480,70,47,23,2.86,5,buy
9/14,3293,富邦-仁愛,9676,10,22,-12,1.49,5,sell
9/14,3293,台新,0039004200300030,22,4,18,2.24,6,buy
9/14,3293,法銀巴黎,8900,0,11,-11,1.37,6,sell
9/14,3293,元大-內湖民權,9867,12,0,12,1.49,7,buy
9/14,3293,富邦-和美,0039003600310050,0,10,-10,1.24,7,sell
9/14,3293,群益金鼎-崇德,0039003100330055,10,0,10,1.24,8,buy
9/14,3293,台灣摩根士丹利,1470,54,64,-10,1.24,8,sell
9/14,3293,元大證券,9800,26,18,8,0.99,9,buy
9/14,3293,香港上海匯豐,8960,4,14,-10,1.24,9,sell
9/14,3293,永豐金證券,0039004100300030,18,10,8,0.99,10,buy
9/14,3293,京城-嘉義,8492,0,7,-7,0.87,10,sell
9/14,3293,元大-忠孝,9871,5,0,5,0.62,11,buy
9/14,3293,群益金鼎,9100,2,9,-7,0.87,11,sell
9/14,3293,國泰-敦南,8888,11,7,4,0.5,12,buy
9/14,3293,台新-緯城,0039004200320041,0,6,-6,0.75,12,sell
9/14,3293,元大-大雅,0039003800330069,4,0,4,0.5,13,buy
9/14,3293,元大-鳳山,003900380033005a,1,7,-6,0.75,13,sell
9/14,3293,中國信託-高雄,003600310036004b,4,0,4,0.5,14,buy
9/14,3293,第一金-桃園,5385,0,6,-6,0.75,14,sell
9/14,3293,台新-高雄,0039004200310067,4,0,4,0.5,15,buy
9/14,3293,富邦-板橋,9655,1,7,-6,0.75,15,sell
9/14,6274,摩根大通,8440,371,155,216,2.9,1,buy
9/14,6274,富邦證券,9600,16,270,-254,3.41,1,sell
9/14,6274,美林,1440,191,9,182,2.45,2,buy
9/14,6274,台灣摩根士丹利,1470,251,435,-184,2.47,2,sell
9/14,6274,統一,5850,239,97,142,1.91,3,buy
9/14,6274,元大證券,9800,803,861,-58,0.78,3,sell
9/14,6274,凱基,9200,157,30,127,1.71,4,buy
9/14,6274,國泰-敦南,8888,142,188,-46,0.62,4,sell
9/14,6274,新加坡商瑞銀,1650,273,157,116,1.56,5,buy
9/14,6274,華南永昌-豐原,9366,2,43,-41,0.55,5,sell
9/14,6274,玉山證券,8840,125,24,101,1.36,6,buy
9/14,6274,華南永昌-中正,9359,3,38,-35,0.47,6,sell
9/14,6274,統一-敦南,5852,100,21,79,1.06,7,buy
9/14,6274,群益金鼎,9100,50,74,-24,0.32,7,sell
9/14,6274,凱基-台北,9268,413,339,74,0.99,8,buy
9/14,6274,國泰-板橋,003800380038004b,28,51,-23,0.31,8,sell
9/14,6274,康和,8450,103,31,72,0.97,9,buy
9/14,6274,新光-新竹,8563,6,26,-20,0.27,9,sell
9/14,6274,美商高盛,1480,563,502,61,0.82,10,buy
9/14,6274,凱基-站前,0039003200300046,12,29,-17,0.23,10,sell
9/14,6274,富邦-嘉義,9692,77,24,53,0.71,11,buy
9/14,6274,元大-樹林,003900380039006a,4,21,-17,0.23,11,sell
9/14,6274,彰銀,1230,38,0,38,0.51,12,buy
9/14,6274,台新,0039004200300030,34,50,-16,0.22,12,sell
9/14,6274,國泰證券,8880,188,152,36,0.48,13,buy
9/14,6274,新光,8560,30,46,-16,0.22,13,sell
9/14,6274,凱基-信義,9216,36,1,35,0.47,14,buy
9/14,6274,元大-員林中山,9835,0,15,-15,0.2,14,sell
9/14,6274,富邦-台北,9623,61,27,34,0.46,15,buy
9/14,6274,元大-淡水,9899,2,17,-15,0.2,15,sell
9/14,2637,國泰證券,8880,850,0,850,22.22,1,buy
9/14,2637,美商高盛,1480,174,855,-681,17.8,1,sell
9/14,2637,花旗環球,1590,663,7,656,17.15,2,buy
9/14,2637,台灣摩根士丹利,1470,121,563,-442,11.56,2,sell
9/14,2637,富邦證券,9600,326,29,297,7.76,3,buy
9/14,2637,合庫證券,1020,0,201,-201,5.25,3,sell
9/14,2637,美林,1440,171,49,122,3.19,4,buy
9/14,2637,摩根大通,8440,62,248,-186,4.86,4,sell
9/14,2637,永豐金-匯立,0039004100380031,66,0,66,1.73,5,buy
9/14,2637,凱基-台北,9268,125,297,-172,4.5,5,sell
9/14,2637,永豐金證券,0039004100300030,45,12,33,0.86,6,buy
9/14,2637,新加坡商瑞銀,1650,107,187,-80,2.09,6,sell
9/14,2637,永豐金-竹科,0039004100390058,27,1,26,0.68,7,buy
9/14,2637,永豐金-三重,003900410039004b,2,53,-51,1.33,7,sell
9/14,2637,群益金鼎-古亭,0039003100380043,14,0,14,0.37,8,buy
9/14,2637,富邦-南京,0039003600310043,0,51,-51,1.33,8,sell
9/14,2637,中國信託-忠孝,6162,10,0,10,0.26,9,buy
9/14,2637,元大-草屯,0039003800390045,1,31,-30,0.78,9,sell
9/14,2637,元大-基隆孝二,003900380036004b,12,2,10,0.26,10,buy
9/14,2637,富邦-永和,9654,1,26,-25,0.65,10,sell
9/14,2637,美好-高雄,5264,10,0,10,0.26,11,buy
9/14,2637,統一,5850,2,26,-24,0.63,11,sell
9/14,2637,亞東-板橋,2181,10,0,10,0.26,12,buy
9/14,2637,統一-內湖,0035003800350062,0,20,-20,0.52,12,sell
9/14,2637,玉山證券,8840,10,0,10,0.26,13,buy
9/14,2637,國泰-敦南,8888,27,45,-18,0.47,13,sell
9/14,2637,口袋證券,6620,8,0,8,0.21,14,buy
9/14,2637,元大-成功,003900380039004c,14,31,-17,0.44,14,sell
9/14,2637,中國信託,6160,18,10,8,0.21,15,buy
9/14,2637,凱基-市府,0039003200300044,0,15,-15,0.39,15,sell
9/14,2408,國泰-敦南,8888,1565,913,652,1.32,1,buy
9/14,2408,摩根大通,8440,294,3076,-2782,5.65,1,sell
9/14,2408,永豐金證券,0039004100300030,1072,639,433,0.88,2,buy
9/14,2408,群益金鼎,9100,343,2704,-2361,4.8,2,sell
9/14,2408,兆豐-高雄,003700300030005a,351,30,321,0.65,3,buy
9/14,2408,美商高盛,1480,465,2103,-1638,3.33,3,sell
9/14,2408,永豐金-新莊,0039004100390048,260,15,245,0.5,4,buy
9/14,2408,凱基-台北,9268,1998,3603,-1605,3.26,4,sell
9/14,2408,凱基-新豐,9266,255,33,222,0.45,5,buy
9/14,2408,新加坡商瑞銀,1650,713,2156,-1443,2.93,5,sell
9/14,2408,元大-信義,003900380039006d,223,10,213,0.43,6,buy
9/14,2408,元大證券,9800,4935,6259,-1324,2.69,6,sell
9/14,2408,永豐金-敦南,0039004100380046,152,18,134,0.27,7,buy
9/14,2408,台灣摩根士丹利,1470,2863,3650,-787,1.6,7,sell
9/14,2408,國泰-台中,8882,349,223,126,0.26,8,buy
9/14,2408,統一,5850,138,807,-669,1.36,8,sell
9/14,2408,國泰-板橋,003800380038004b,231,105,126,0.26,9,buy
9/14,2408,凱基,9200,4,609,-605,1.23,9,sell
9/14,2408,兆豐-麻豆,0037003000300047,113,2,111,0.23,10,buy
9/14,2408,美林,1440,149,634,-485,0.99,10,sell
9/14,2408,中國信託,6160,188,79,109,0.22,11,buy
9/14,2408,港商野村,1560,377,861,-484,0.98,11,sell
9/14,2408,國泰-館前,0038003800380041,250,145,105,0.21,12,buy
9/14,2408,第一金-自由,0035003300380045,64,498,-434,0.88,12,sell
9/14,2408,兆豐-大同,0037003000300053,127,22,105,0.21,13,buy
9/14,2408,華南永昌,9300,115,517,-402,0.82,13,sell
9/14,2408,國泰-桃園,8885,239,135,104,0.21,14,buy
9/14,2408,國泰證券,8880,9,269,-260,0.53,14,sell
9/14,2408,富邦-建國,9658,158,55,103,0.21,15,buy
9/14,2408,香港上海匯豐,8960,0,224,-224,0.46,15,sell
9/14,2472,美商高盛,1480,248,31,217,14.67,1,buy
9/14,2472,富邦證券,9600,4,504,-500,33.81,1,sell
9/14,2472,美林,1440,109,14,95,6.42,2,buy
9/14,2472,國票-敦北法人,0037003700390063,1,51,-50,3.38,2,sell
9/14,2472,台灣摩根士丹利,1470,125,47,78,5.27,3,buy
9/14,2472,華南永昌-竹北,9339,0,24,-24,1.62,3,sell
9/14,2472,凱基-台北,9268,143,88,55,3.72,4,buy
9/14,2472,元大-六合,0039003800320043,0,10,-10,0.68,4,sell
9/14,2472,港商野村,1560,38,0,38,2.57,5,buy
9/14,2472,永興,5600,0,9,-9,0.61,5,sell
9/14,2472,新加坡商瑞銀,1650,56,28,28,1.89,6,buy
9/14,2472,玉山-台中,0038003800340042,0,9,-9,0.61,6,sell
9/14,2472,摩根大通,8440,48,24,24,1.62,7,buy
9/14,2472,凱基-市府,0039003200300044,0,9,-9,0.61,7,sell
9/14,2472,元大-南投,0039003800310044,14,1,13,0.88,8,buy
9/14,2472,華南永昌-南京,9326,3,12,-9,0.61,8,sell
9/14,2472,兆豐-嘉義,7001,11,1,10,0.68,9,buy
9/14,2472,永豐金-信義,0039004100390052,0,8,-8,0.54,9,sell
9/14,2472,群益金鼎-瑞豐,0039003100380075,10,0,10,0.68,10,buy
9/14,2472,康和-永和,0038003400350042,0,6,-6,0.41,10,sell
9/14,2472,凱基-宜蘭,003900320030004d,11,1,10,0.68,11,buy
9/14,2472,元大-雙和,9874,0,5,-5,0.34,11,sell
9/14,2472,花旗環球,1590,10,3,7,0.47,12,buy
9/14,2472,凱基-桃園,9208,0,5,-5,0.34,12,sell
9/14,2472,兆豐-公益,003700300030004a,6,0,6,0.41,13,buy
9/14,2472,永豐金-市政,0039004100390057,1,6,-5,0.34,13,sell
9/14,2472,華南永昌-麻豆,9308,7,1,6,0.41,14,buy
9/14,2472,中國信託-忠孝,6162,0,4,-4,0.27,14,sell
9/14,2472,安泰,8380,5,0,5,0.34,15,buy
9/14,2472,凱基-站前,0039003200300046,1,5,-4,0.27,15,sell
9/14,3211,永豐金證券,0039004100300030,132,41,91,3.79,1,buy
9/14,3211,台灣摩根士丹利,1470,34,194,-160,6.67,1,sell
9/14,3211,摩根大通,8440,66,20,46,1.92,2,buy
9/14,3211,凱基-台北,9268,211,269,-58,2.42,2,sell
9/14,3211,美林,1440,47,19,28,1.17,3,buy
9/14,3211,花旗環球,1590,14,70,-56,2.33,3,sell
9/14,3211,台新-城東,0039004200320072,24,0,24,1.0,4,buy
9/14,3211,元大-北屯,0039003800390064,2,45,-43,1.79,4,sell
9/14,3211,元大證券,9800,243,220,23,0.96,5,buy
9/14,3211,永豐金-竹科,0039004100390058,2,44,-42,1.75,5,sell
9/14,3211,富邦證券,9600,27,9,18,0.75,6,buy
9/14,3211,台新-大裕,003900420032006c,5,34,-29,1.21,6,sell
9/14,3211,統一-板橋,0035003800350050,16,0,16,0.67,7,buy
9/14,3211,群益金鼎,9100,10,30,-20,0.83,7,sell
9/14,3211,統一-仁愛,0035003800350063,15,0,15,0.63,8,buy
9/14,3211,元大-旗山,003900380031006e,0,15,-15,0.63,8,sell
9/14,3211,港商野村,1560,17,4,13,0.54,9,buy
9/14,3211,富邦-和美,0039003600310050,2,15,-13,0.54,9,sell
9/14,3211,兆豐-寶成,0037003000300072,12,0,12,0.5,10,buy
9/14,3211,富邦-台北,9623,4,17,-13,0.54,10,sell
9/14,3211,國票-敦北法人,0037003700390063,11,0,11,0.46,11,buy
9/14,3211,元大-大統,003900380031007a,1,12,-11,0.46,11,sell
9/14,3211,美商高盛,1480,40,30,10,0.42,12,buy
9/14,3211,富邦-基隆,9614,0,10,-10,0.42,12,sell
9/14,3211,凱基-高雄,9206,10,0,10,0.42,13,buy
9/14,3211,聯邦-興中,8587,0,10,-10,0.42,13,sell
9/14,3211,康和-高雄,003800340035004a,12,3,9,0.38,14,buy
9/14,3211,凱基-鳳山,9274,0,7,-7,0.29,14,sell
9/14,3211,彰銀-七賢,1232,12,3,9,0.38,15,buy
9/14,3211,台新-府城,0039004200320039,1,8,-7,0.29,15,sell
9/14,1785,台灣摩根士丹利,1470,212,17,195,5.72,1,buy
9/14,1785,摩根大通,8440,66,326,-260,7.63,1,sell
9/14,1785,美林,1440,147,0,147,4.31,2,buy
9/14,1785,台新-新營,0039004200310031,2,133,-131,3.84,2,sell
9/14,1785,元大-六合,0039003800320043,80,1,79,2.32,3,buy
9/14,1785,美商高盛,1480,221,305,-84,2.46,3,sell
9/14,1785,福勝,6950,43,1,42,1.23,4,buy
9/14,1785,元大-屏南,0039003800310072,0,66,-66,1.94,4,sell
9/14,1785,元大證券,9800,287,255,32,0.94,5,buy
9/14,1785,凱基-中壢,9285,3,68,-65,1.91,5,sell
9/14,1785,港商野村,1560,50,18,32,0.94,6,buy
9/14,1785,富邦-竹科,0039003600320043,3,50,-47,1.38,6,sell
9/14,1785,新光,8560,42,12,30,0.88,7,buy
9/14,1785,臺銀-金山,0031003000340044,0,44,-44,1.29,7,sell
9/14,1785,台新,0039004200300030,32,5,27,0.79,8,buy
9/14,1785,群益金鼎,9100,9,44,-35,1.03,8,sell
9/14,1785,富邦-中壢,9636,28,3,25,0.73,9,buy
9/14,1785,中國信託-高雄,003600310036004b,0,35,-35,1.03,9,sell
9/14,1785,臺銀-新竹,1045,25,0,25,0.73,10,buy
9/14,1785,群益金鼎-彰化,9187,1,36,-35,1.03,10,sell
9/14,1785,華南永昌-南京,9326,54,30,24,0.7,11,buy
9/14,1785,合庫證券,1020,3,36,-33,0.97,11,sell
9/14,1785,華南永昌-台南,9306,32,9,23,0.67,12,buy
9/14,1785,華南永昌,9300,8,39,-31,0.91,12,sell
9/14,1785,永豐金-大園,0039004100390038,22,3,19,0.56,13,buy
9/14,1785,新光-新竹,8563,3,33,-30,0.88,13,sell
9/14,1785,合庫-桃園,0031003000320045,21,4,17,0.5,14,buy
9/14,1785,元大-汐止,0039003800390051,3,30,-27,0.79,14,sell
9/14,1785,富邦-台北,9623,23,6,17,0.5,15,buy
9/14,1785,土銀-和平,1038,0,26,-26,0.76,15,sell
9/14,2885,台灣摩根士丹利,1470,2418,732,1686,11.54,1,buy
9/14,2885,中國信託,6160,11,1018,-1007,6.89,1,sell
9/14,2885,永豐金-匯立,0039004100380031,1247,0,1247,8.54,2,buy
9/14,2885,摩根大通,8440,1223,1599,-376,2.57,2,sell
9/14,2885,元大-台北,0039003800300068,1112,21,1091,7.47,3,buy
9/14,2885,新加坡商瑞銀,1650,460,755,-295,2.02,3,sell
9/14,2885,美商高盛,1480,1902,1102,800,5.48,4,buy
9/14,2885,元大-敦南,0039003800390050,3,251,-248,1.7,4,sell
9/14,2885,港商野村,1560,692,8,684,4.68,5,buy
9/14,2885,法銀巴黎,8900,41,269,-228,1.56,5,sell
9/14,2885,花旗環球,1590,354,23,331,2.27,6,buy
9/14,2885,凱基-台北,9268,541,729,-188,1.29,6,sell
9/14,2885,富邦證券,9600,195,11,184,1.26,7,buy
9/14,2885,國泰-敦南,8888,63,231,-168,1.15,7,sell
9/14,2885,臺銀,1040,139,5,134,0.92,8,buy
9/14,2885,華南永昌-長虹,9333,0,143,-143,0.98,8,sell
9/14,2885,元大-楊梅,0039003800370041,102,6,96,0.66,9,buy
9/14,2885,永豐金證券,0039004100300030,297,415,-118,0.81,9,sell
9/14,2885,群益金鼎,9100,209,118,91,0.62,10,buy
9/14,2885,(牛牛牛)亞-鑫豐,0036003000310064,10,116,-106,0.73,10,sell
9/14,2885,華南永昌-岡山,9324,56,6,50,0.34,11,buy
9/14,2885,元大-博愛,0039003800320042,17,122,-105,0.72,11,sell
9/14,2885,宏遠證券,1260,40,0,40,0.27,12,buy
9/14,2885,元大-向上,9824,0,104,-104,0.71,12,sell
9/14,2885,元大-斗信,9884,80,42,38,0.26,13,buy
9/14,2885,永豐金-竹科,0039004100390058,5,101,-96,0.66,13,sell
9/14,2885,玉山-嘉義,8848,50,15,35,0.24,14,buy
9/14,2885,玉山證券,8840,56,150,-94,0.64,14,sell
9/14,2885,元大-基隆,0039003800390059,41,6,35,0.24,15,buy
9/14,2885,國票-敦北法人,0037003700390063,3,91,-88,0.6,15,sell
9/14,6257,美商高盛,1480,628,248,380,12.18,1,buy
9/14,6257,新加坡商瑞銀,1650,99,334,-235,7.53,1,sell
9/14,6257,台灣摩根士丹利,1470,192,35,157,5.03,2,buy
9/14,6257,統一,5850,5,132,-127,4.07,2,sell
9/14,6257,凱基-台北,9268,211,142,69,2.21,3,buy
9/14,6257,花旗環球,1590,0,67,-67,2.15,3,sell
9/14,6257,美林,1440,116,61,55,1.76,4,buy
9/14,6257,玉山-信義,0038003800340043,0,61,-61,1.96,4,sell
9/14,6257,兆豐-公益,003700300030004a,18,0,18,0.58,5,buy
9/14,6257,元大-南勢角,0039003800340045,1,41,-40,1.28,5,sell
9/14,6257,元大-萬華,0039003800310071,21,5,16,0.51,6,buy
9/14,6257,統一-士林,003500380035004d,0,31,-31,0.99,6,sell
9/14,6257,元大-四維,9831,18,4,14,0.45,7,buy
9/14,6257,凱基-站前,0039003200300046,1,32,-31,0.99,7,sell
9/14,6257,群益金鼎-台南,9185,11,0,11,0.35,8,buy
9/14,6257,群益金鼎-東大,9135,0,30,-30,0.96,8,sell
9/14,6257,第一金-高雄,5383,13,2,11,0.35,9,buy
9/14,6257,永豐金-內湖,0039004100390067,0,30,-30,0.96,9,sell
9/14,6257,國票-九鼎,0037003700390050,15,5,10,0.32,10,buy
9/14,6257,摩根大通,8440,92,116,-24,0.77,10,sell
9/14,6257,永豐金-台中,003900410039004c,11,1,10,0.32,11,buy
9/14,6257,兆豐-埔墘,003700300030004e,0,22,-22,0.71,11,sell
9/14,6257,兆豐-新竹,0037003000300056,12,2,10,0.32,12,buy
9/14,6257,國票-台南,0037003700390044,1,17,-16,0.51,12,sell
9/14,6257,國票證券,7790,12,3,9,0.29,13,buy
9/14,6257,康和-板橋,0038003400350044,3,17,-14,0.45,13,sell
9/14,6257,玉山證券,8840,12,3,9,0.29,14,buy
9/14,6257,凱基-科園,9254,2,15,-13,0.42,14,sell
9/14,6257,元大-西螺,0039003800310069,10,1,9,0.29,15,buy
9/14,6257,元大-彰化,0039003800310047,0,12,-12,0.38,15,sell
9/14,3264,凱基-台北,9268,473,232,241,4.57,1,buy
9/14,3264,摩根大通,8440,56,485,-429,8.14,1,sell
9/14,3264,新加坡商瑞銀,1650,274,94,180,3.42,2,buy
9/14,3264,台新,0039004200300030,26,434,-408,7.74,2,sell
9/14,3264,台灣摩根士丹利,1470,239,80,159,3.02,3,buy
9/14,3264,港商野村,1560,164,560,-396,7.51,3,sell
9/14,3264,中國信託,6160,103,3,100,1.9,4,buy
9/14,3264,美商高盛,1480,329,515,-186,3.53,4,sell
9/14,3264,華南永昌,9300,68,12,56,1.06,5,buy
9/14,3264,凱基,9200,66,146,-80,1.52,5,sell
9/14,3264,合庫-自強,0031003000320043,52,2,50,0.95,6,buy
9/14,3264,國泰證券,8880,1,73,-72,1.37,6,sell
9/14,3264,永豐金-匯立,0039004100380031,49,0,49,0.93,7,buy
9/14,3264,台新-建北,0039004200310038,1,69,-68,1.29,7,sell
9/14,3264,富邦證券,9600,188,143,45,0.85,8,buy
9/14,3264,永豐金-天母,0039004100390047,0,48,-48,0.91,8,sell
9/14,3264,國泰-敦南,8888,92,53,39,0.74,9,buy
9/14,3264,元大-善化,0039003800310079,4,44,-40,0.76,9,sell
9/14,3264,第一金,5380,36,0,36,0.68,10,buy
9/14,3264,美林,1440,51,88,-37,0.7,10,sell
9/14,3264,兆豐證券,7000,31,2,29,0.55,11,buy
9/14,3264,統一,5850,20,55,-35,0.66,11,sell
9/14,3264,元大-桃興,9894,26,0,26,0.49,12,buy
9/14,3264,凱基-鳳山,9274,1,24,-23,0.44,12,sell
9/14,3264,華南永昌-桃園,9352,26,0,26,0.49,13,buy
9/14,3264,元大-四維,9831,1,23,-22,0.42,13,sell
9/14,3264,第一金-高雄,5383,25,1,24,0.46,14,buy
9/14,3264,國票證券,7790,3,23,-20,0.38,14,sell
9/14,3264,元大-豐原,9838,45,21,24,0.46,15,buy
9/14,3264,土銀-新竹,1035,3,15,-12,0.23,15,sell
9/14,8046,美商高盛,1480,587,321,266,4.33,1,buy
9/14,8046,凱基-站前,0039003200300046,14,513,-499,8.13,1,sell
9/14,8046,花旗環球,1590,200,14,186,3.03,2,buy
9/14,8046,兆豐證券,7000,1,500,-499,8.13,2,sell
9/14,8046,永豐金證券,0039004100300030,247,91,156,2.54,3,buy
9/14,8046,摩根大通,8440,316,431,-115,1.87,3,sell
9/14,8046,新加坡商瑞銀,1650,300,207,93,1.51,4,buy
9/14,8046,大和國泰,8890,0,41,-41,0.67,4,sell
9/14,8046,港商野村,1560,83,0,83,1.35,5,buy
9/14,8046,美林,1440,161,201,-40,0.65,5,sell
9/14,8046,凱基-台北,9268,379,309,70,1.14,6,buy
9/14,8046,永豐金-敦南,0039004100380046,15,28,-13,0.21,6,sell
9/14,8046,港商麥格理,1360,57,3,54,0.88,7,buy
9/14,8046,第一金-嘉義,003500330038004d,1,12,-11,0.18,7,sell
9/14,8046,元大證券,9800,415,367,48,0.78,8,buy
9/14,8046,元大-雙和,9874,2,13,-11,0.18,8,sell
9/14,8046,香港上海匯豐,8960,42,0,42,0.68,9,buy
9/14,8046,永豐金-信義,0039004100390052,2,12,-10,0.16,9,sell
9/14,8046,統一,5850,43,7,36,0.59,10,buy
9/14,8046,國票-敦北法人,0037003700390063,2,12,-10,0.16,10,sell
9/14,8046,華南永昌,9300,95,60,35,0.57,11,buy
9/14,8046,台新,0039004200300030,18,26,-8,0.13,11,sell
9/14,8046,凱基-興隆,9289,33,0,33,0.54,12,buy
9/14,8046,元大-台北,0039003800300068,52,59,-7,0.11,12,sell
9/14,8046,台灣摩根士丹利,1470,359,332,27,0.44,13,buy
9/14,8046,元大-龍潭,9858,2,8,-6,0.1,13,sell
9/14,8046,統一-城中,5854,12,0,12,0.2,14,buy
9/14,8046,富邦-花蓮,9621,3,8,-5,0.08,14,sell
9/14,8046,富邦-木柵,003900360031004d,13,1,12,0.2,15,buy
9/14,8046,富邦-新竹,9647,5,10,-5,0.08,15,sell
9/14,9945,凱基-台北,9268,373,47,326,11.65,1,buy
9/14,9945,永豐金-中正,0039004100390055,0,300,-300,10.72,1,sell
9/14,9945,美商高盛,1480,427,207,220,7.86,2,buy
9/14,9945,新加坡商瑞銀,1650,66,313,-247,8.83,2,sell
9/14,9945,摩根大通,8440,286,91,195,6.97,3,buy
9/14,9945,美林,1440,3,227,-224,8.01,3,sell
9/14,9945,國票證券,7790,106,0,106,3.79,4,buy
9/14,9945,元大-汐止,0039003800390051,1,121,-120,4.29,4,sell
9/14,9945,中國信託-文心,6164,68,1,67,2.39,5,buy
9/14,9945,群益金鼎-延平,0039003100380078,1,100,-99,3.54,5,sell
9/14,9945,國泰-敦南,8888,98,34,64,2.29,6,buy
9/14,9945,港商野村,1560,0,77,-77,2.75,6,sell
9/14,9945,元大-歸仁,0039003800310061,48,0,48,1.72,7,buy
9/14,9945,台灣摩根士丹利,1470,98,174,-76,2.72,7,sell
9/14,9945,元大-成功,003900380039004c,40,0,40,1.43,8,buy
9/14,9945,國票-南港,7795,4,70,-66,2.36,8,sell
9/14,9945,北城證券,7750,33,0,33,1.18,9,buy
9/14,9945,合庫-高雄,1023,0,64,-64,2.29,9,sell
9/14,9945,台新-三重,0039004200320033,27,0,27,0.96,10,buy
9/14,9945,台新-基隆,0039004200320053,0,55,-55,1.97,10,sell
9/14,9945,法銀巴黎,8900,23,0,23,0.82,11,buy
9/14,9945,元大-中壢,9834,0,51,-51,1.82,11,sell
9/14,9945,元大證券,9800,57,36,21,0.75,12,buy
9/14,9945,凱基-永和,9207,0,50,-50,1.79,12,sell
9/14,9945,統一,5850,29,9,20,0.71,13,buy
9/14,9945,玉山-景美,8849,1,43,-42,1.5,13,sell
9/14,9945,華南永昌-鳳山,9331,20,0,20,0.71,14,buy
9/14,9945,花旗環球,1590,0,33,-33,1.18,14,sell
9/14,9945,安泰-大發,8381,20,0,20,0.71,15,buy
9/14,9945,土銀-新竹,1035,2,30,-28,1.0,15,sell
9/14,6239,美商高盛,1480,804,380,424,5.98,1,buy
9/14,6239,(牛牛牛)亞證券,6010,0,946,-946,13.34,1,sell
9/14,6239,群益金鼎-新竹,9186,413,1,412,5.81,2,buy
9/14,6239,永豐金-亞灣,0039004100390061,6,107,-101,1.42,2,sell
9/14,6239,摩根大通,8440,526,147,379,5.35,3,buy
9/14,6239,永豐金-桃盛,003900410039004e,8,88,-80,1.13,3,sell
9/14,6239,永豐金證券,0039004100300030,275,62,213,3.0,4,buy
9/14,6239,國票-安和,003700370039005a,12,77,-65,0.92,4,sell
9/14,6239,台灣摩根士丹利,1470,356,184,172,2.43,5,buy
9/14,6239,台新-安南,003900420032005a,0,63,-63,0.89,5,sell
9/14,6239,美林,1440,300,130,170,2.4,6,buy
9/14,6239,元大-龍潭,9858,1,63,-62,0.87,6,sell
9/14,6239,元大證券,9800,512,364,148,2.09,7,buy
9/14,6239,富邦證券,9600,3,63,-60,0.85,7,sell
9/14,6239,永豐金-匯立,0039004100380031,147,0,147,2.07,8,buy
9/14,6239,兆豐-大同,0037003000300053,0,50,-50,0.71,8,sell
9/14,6239,凱基-台北,9268,305,236,69,0.97,9,buy
9/14,6239,新加坡商瑞銀,1650,269,309,-40,0.56,9,sell
9/14,6239,群益金鼎-東大,9135,36,0,36,0.51,10,buy
9/14,6239,宏遠證券,1260,3,43,-40,0.56,10,sell
9/14,6239,凱基-興隆,9289,30,0,30,0.42,11,buy
9/14,6239,統一-敦南,5852,1,39,-38,0.54,11,sell
9/14,6239,群益金鼎,9100,93,65,28,0.39,12,buy
9/14,6239,合庫-西台中,0031003000320046,10,39,-29,0.41,12,sell
9/14,6239,港商野村,1560,61,34,27,0.38,13,buy
9/14,6239,元大-內湖,003900380039004e,1,28,-27,0.38,13,sell
9/14,6239,統一-新營,0035003800350045,20,0,20,0.28,14,buy
9/14,6239,元大-樹林,003900380039006a,2,27,-25,0.35,14,sell
9/14,6239,華南永昌-桃園,9352,20,1,19,0.27,15,buy
9/14,6239,玉山-信義,0038003800340043,3,28,-25,0.35,15,sell
9/14,2316,港商野村,1560,67,0,67,6.16,1,buy
9/14,2316,國票-敦北法人,0037003700390063,0,95,-95,8.74,1,sell
9/14,2316,新加坡商瑞銀,1650,64,33,31,2.85,2,buy
9/14,2316,台灣摩根士丹利,1470,65,108,-43,3.96,2,sell
9/14,2316,美林,1440,25,1,24,2.21,3,buy
9/14,2316,美商高盛,1480,31,74,-43,3.96,3,sell
9/14,2316,中國信託-文心,6164,22,0,22,2.02,4,buy
9/14,2316,新光-桃園,8565,0,17,-17,1.56,4,sell
9/14,2316,華南永昌-嘉義,9314,65,45,20,1.84,5,buy
9/14,2316,花旗環球,1590,1,16,-15,1.38,5,sell
9/14,2316,凱基-高美館,9215,15,2,13,1.2,6,buy
9/14,2316,永豐金-北高雄,0039004100390072,1,13,-12,1.1,6,sell
9/14,2316,摩根大通,8440,77,67,10,0.92,7,buy
9/14,2316,凱基-永康,9278,0,11,-11,1.01,7,sell
9/14,2316,富邦-羅東,9634,10,0,10,0.92,8,buy
9/14,2316,台新,0039004200300030,5,16,-11,1.01,8,sell
9/14,2316,玉山-景美,8849,7,0,7,0.64,9,buy
9/14,2316,華南永昌-岡山,9324,0,10,-10,0.92,9,sell
9/14,2316,陽信-台南,8714,7,0,7,0.64,10,buy
9/14,2316,玉山-台中,0038003800340042,0,7,-7,0.64,10,sell
9/14,2316,永豐金證券,0039004100300030,15,9,6,0.55,11,buy
9/14,2316,中國信託-高雄,003600310036004b,1,7,-6,0.55,11,sell
9/14,2316,新光,8560,17,12,5,0.46,12,buy
9/14,2316,元大-中山北路,0039003800300061,0,6,-6,0.55,12,sell
9/14,2316,富邦-仁愛,9676,5,0,5,0.46,13,buy
9/14,2316,第一金-安和,003500330038006a,0,5,-5,0.46,13,sell
9/14,2316,高橋,5320,5,0,5,0.46,14,buy
9/14,2316,元大-金門,003900380031004e,0,5,-5,0.46,14,sell
9/14,2316,統一-嘉義,5858,5,0,5,0.46,15,buy
9/14,2316,元大-四維,9831,0,5,-5,0.46,15,sell
9/14,6213,大昌-新店,6464,530,15,515,5.07,1,buy
9/14,6213,摩根大通,8440,395,839,-444,4.37,1,sell
9/14,6213,美商高盛,1480,733,358,375,3.69,2,buy
9/14,6213,元大-內湖,003900380039004e,25,134,-109,1.07,2,sell
9/14,6213,港商野村,1560,316,4,312,3.07,3,buy
9/14,6213,兆豐-高雄,003700300030005a,6,114,-108,1.06,3,sell
9/14,6213,美林,1440,343,34,309,3.04,4,buy
9/14,6213,凱基,9200,4,92,-88,0.87,4,sell
9/14,6213,台灣摩根士丹利,1470,488,349,139,1.37,5,buy
9/14,6213,元大-成功,003900380039004c,6,79,-73,0.72,5,sell
9/14,6213,凱基-台北,9268,971,849,122,1.2,6,buy
9/14,6213,玉山-板橋,8846,18,84,-66,0.65,6,sell
9/14,6213,新加坡商瑞銀,1650,351,303,48,0.47,7,buy
9/14,6213,永豐金-內湖,0039004100390067,6,54,-48,0.47,7,sell
9/14,6213,合庫-新竹,0031003000320041,42,1,41,0.4,8,buy
9/14,6213,台新,0039004200300030,97,142,-45,0.44,8,sell
9/14,6213,元大證券,9800,804,772,32,0.31,9,buy
9/14,6213,凱基-內湖,9287,0,45,-45,0.44,9,sell
9/14,6213,玉山-士林,0038003800340041,24,4,20,0.2,10,buy
9/14,6213,永豐金證券,0039004100300030,191,234,-43,0.42,10,sell
9/14,6213,富邦-竹東,9625,26,6,20,0.2,11,buy
9/14,6213,台新-台南,0039004200310036,13,47,-34,0.33,11,sell
9/14,6213,永豐金-松山,0039004100390031,25,10,15,0.15,12,buy
9/14,6213,玉山-台中,0038003800340042,14,47,-33,0.32,12,sell
9/14,6213,群益金鼎-竹南,0039003100380069,47,33,14,0.14,13,buy
9/14,6213,凱基-高雄,9206,3,33,-30,0.3,13,sell
9/14,6213,元大-高雄,003900380031006d,18,5,13,0.13,14,buy
9/14,6213,統一,5850,11,40,-29,0.29,14,sell
9/14,6213,富邦-三重,9677,18,5,13,0.13,15,buy
9/14,6213,群益金鼎-新竹,9186,2,30,-28,0.28,15,sell
9/14,6005,凱基-台北,9268,345,137,208,5.26,1,buy
9/14,6005,凱基-站前,0039003200300046,4,202,-198,5.0,1,sell
9/14,6005,台灣摩根士丹利,1470,271,76,195,4.93,2,buy
9/14,6005,摩根大通,8440,131,310,-179,4.52,2,sell
9/14,6005,凱基,9200,190,0,190,4.8,3,buy
9/14,6005,凱基-虎尾,9236,1,140,-139,3.51,3,sell
9/14,6005,美商高盛,1480,524,373,151,3.82,4,buy
9/14,6005,新光-台南,8564,31,133,-102,2.58,4,sell
9/14,6005,元大-大里,0039003800310067,137,1,136,3.44,5,buy
9/14,6005,群益金鼎-南京,0039003100380045,0,101,-101,2.55,5,sell
9/14,6005,新加坡商瑞銀,1650,209,89,120,3.03,6,buy
9/14,6005,第一金-豐原,003500330038004e,0,66,-66,1.67,6,sell
9/14,6005,美林,1440,147,34,113,2.86,7,buy
9/14,6005,第一金-頭份,0035003300380049,0,62,-62,1.57,7,sell
9/14,6005,港商野村,1560,97,0,97,2.45,8,buy
9/14,6005,凱基-高美館,9215,0,62,-62,1.57,8,sell
9/14,6005,元大證券,9800,176,82,94,2.38,9,buy
9/14,6005,新光,8560,17,73,-56,1.42,9,sell
9/14,6005,元大-斗信,9884,65,0,65,1.64,10,buy
9/14,6005,永豐金-中正,0039004100390055,0,49,-49,1.24,10,sell
9/14,6005,富邦-羅東,9634,60,0,60,1.52,11,buy
9/14,6005,永豐金-台南,0039004100390068,0,47,-47,1.19,11,sell
9/14,6005,凱基-鳳山,9274,40,0,40,1.01,12,buy
9/14,6005,富邦-台北,9623,1,40,-39,0.99,12,sell
9/14,6005,華南永昌-岡山,9324,35,1,34,0.86,13,buy
9/14,6005,國泰-板橋,003800380038004b,3,35,-32,0.81,13,sell
9/14,6005,群益金鼎-崇德,0039003100330055,30,0,30,0.76,14,buy
9/14,6005,富邦-八德,0039003600330041,0,30,-30,0.76,14,sell
9/14,6005,群益金鼎-桃園,9189,31,1,30,0.76,15,buy
9/14,6005,花旗環球,1590,1,29,-28,0.71,15,sell
9/14,0052,凱基,9200,862,0,862,7.49,1,buy
9/14,0052,凱基-台北,9268,105,1908,-1803,15.67,1,sell
9/14,0052,富邦-竹北,9624,309,4,305,2.65,2,buy
9/14,0052,中國信託,6160,361,1714,-1353,11.76,2,sell
9/14,0052,國泰-敦南,8888,377,155,222,1.93,3,buy
9/14,0052,永豐金證券,0039004100300030,419,1295,-876,7.61,3,sell
9/14,0052,國泰證券,8880,212,0,212,1.84,4,buy
9/14,0052,群益金鼎,9100,20,452,-432,3.75,4,sell
9/14,0052,宏遠證券,1260,174,0,174,1.51,5,buy
9/14,0052,富邦證券,9600,120,515,-395,3.43,5,sell
9/14,0052,臺銀,1040,156,20,136,1.18,6,buy
9/14,0052,新加坡商瑞銀,1650,435,759,-324,2.82,6,sell
9/14,0052,富邦-南京,0039003600310043,95,2,93,0.81,7,buy
9/14,0052,台新,0039004200300030,98,330,-232,2.02,7,sell
9/14,0052,富邦-台北,9623,105,15,90,0.78,8,buy
9/14,0052,元大證券,9800,555,740,-185,1.61,8,sell
9/14,0052,元大-中壢,9834,81,16,65,0.56,9,buy
9/14,0052,台新-草屯,0039004200320058,2,152,-150,1.3,9,sell
9/14,0052,(牛牛牛)亞-鑫豐,0036003000310064,63,3,60,0.52,10,buy
9/14,0052,康和,8450,140,247,-107,0.93,10,sell
9/14,0052,陽信-石牌,8711,52,0,52,0.45,11,buy
9/14,0052,土銀-嘉義,1034,11,79,-68,0.59,11,sell
9/14,0052,富邦-仁愛,9676,67,16,51,0.44,12,buy
9/14,0052,台灣企銀-民雄,0031003100310041,3,70,-67,0.58,12,sell
9/14,0052,凱基-新莊,0039003200310053,51,1,50,0.43,13,buy
9/14,0052,元大-南京,9862,15,70,-55,0.48,13,sell
9/14,0052,華南永昌-竹北,9339,45,3,42,0.37,14,buy
9/14,0052,永豐金-板新,003900410039004a,21,59,-38,0.33,14,sell
9/14,0052,凱基-屏東,0039003200320043,42,0,42,0.37,15,buy
9/14,0052,合庫證券,1020,17,53,-36,0.31,15,sell
