date,stock_code,broker_name,broker_id,buy_vol,sell_vol,net_vol,pct,rank,side
9/18,2330,摩根大通,8440,7768,2389,5379,14.46,1,buy
9/18,2330,元大證券,9800,1671,4531,-2860,7.69,1,sell
9/18,2330,香港上海匯豐,8960,1601,2,1599,4.3,2,buy
9/18,2330,中國信託,6160,12,1709,-1697,4.56,2,sell
9/18,2330,永豐金證券,0039004100300030,1478,113,1365,3.67,3,buy
9/18,2330,美林,1440,729,1443,-714,1.92,3,sell
9/18,2330,美商高盛,1480,3875,2551,1324,3.56,4,buy
9/18,2330,凱基-台北,9268,1921,2288,-367,0.99,4,sell
9/18,2330,港商麥格理,1360,1726,538,1188,3.19,5,buy
9/18,2330,富邦證券,9600,104,398,-294,0.79,5,sell
9/18,2330,港商野村,1560,1017,542,475,1.28,6,buy
9/18,2330,國泰-敦南,8888,85,314,-229,0.62,6,sell
9/18,2330,台灣摩根士丹利,1470,1807,1435,372,1.0,7,buy
9/18,2330,凱基-雙和,0039003200300043,2,207,-205,0.55,7,sell
9/18,2330,大和國泰,8890,262,16,246,0.66,8,buy
9/18,2330,第一金-台中,5382,1,132,-131,0.35,8,sell
9/18,2330,法銀巴黎,8900,270,25,245,0.66,9,buy
9/18,2330,凱基-永和,9207,1,124,-123,0.33,9,sell
9/18,2330,永豐金-匯立,0039004100380031,764,543,221,0.59,10,buy
9/18,2330,國泰證券,8880,703,825,-122,0.33,10,sell
9/18,2330,國票-敦北法人,0037003700390063,215,13,202,0.54,11,buy
9/18,2330,新加坡商瑞銀,1650,1678,1799,-121,0.33,11,sell
9/18,2330,群益金鼎,9100,226,35,191,0.51,12,buy
9/18,2330,台中銀,6110,0,100,-100,0.27,12,sell
9/18,2330,凱基,9200,301,112,189,0.51,13,buy
9/18,2330,元大-新竹經國,9859,5,94,-89,0.24,13,sell
9/18,2330,台新-五權西,0039004200320035,82,9,73,0.2,14,buy
9/18,2330,宏遠-高雄,0031003200360051,7,92,-85,0.23,14,sell
9/18,2330,統一-仁愛,0035003800350063,42,2,40,0.11,15,buy
9/18,2330,台新-城東,0039004200320072,5,90,-85,0.23,15,sell
9/18,2317,花旗環球,1590,4200,1735,2465,5.54,1,buy
9/18,2317,摩根大通,8440,5349,9651,-4302,9.67,1,sell
9/18,2317,美商高盛,1480,3729,1763,1966,4.42,2,buy
9/18,2317,美林,1440,579,2486,-1907,4.28,2,sell
9/18,2317,群益金鼎,9100,746,93,653,1.47,3,buy
9/18,2317,台灣摩根士丹利,1470,2481,4018,-1537,3.45,3,sell
9/18,2317,永豐金-匯立,0039004100380031,743,296,447,1.0,4,buy
9/18,2317,香港上海匯豐,8960,396,1793,-1397,3.14,4,sell
9/18,2317,元大-虎尾,003900380030006c,355,1,354,0.8,5,buy
9/18,2317,凱基-台北,9268,553,1908,-1355,3.04,5,sell
9/18,2317,元大證券,9800,3693,3345,348,0.78,6,buy
9/18,2317,法銀巴黎,8900,144,1209,-1065,2.39,6,sell
9/18,2317,富邦證券,9600,477,145,332,0.75,7,buy
9/18,2317,中國信託,6160,245,1118,-873,1.96,7,sell
9/18,2317,兆豐-埔墘,003700300030004e,329,3,326,0.73,8,buy
9/18,2317,兆豐證券,7000,95,864,-769,1.73,8,sell
9/18,2317,聯邦-大業,8586,313,1,312,0.7,9,buy
9/18,2317,港商麥格理,1360,47,599,-552,1.24,9,sell
9/18,2317,凱基-高美館,9215,293,1,292,0.66,10,buy
9/18,2317,凱基,9200,315,857,-542,1.22,10,sell
9/18,2317,永豐金證券,0039004100300030,490,204,286,0.64,11,buy
9/18,2317,港商野村,1560,15,526,-511,1.15,11,sell
9/18,2317,中國信託-高雄,003600310036004b,262,5,257,0.58,12,buy
9/18,2317,凱基-中山,9229,22,158,-136,0.31,12,sell
9/18,2317,台新,0039004200300030,670,439,231,0.52,13,buy
9/18,2317,第一金-高雄,5383,6,103,-97,0.22,13,sell
9/18,2317,國泰-敦南,8888,328,191,137,0.31,14,buy
9/18,2317,國票-敦北法人,0037003700390063,155,202,-47,0.11,14,sell
9/18,2317,富邦-頭份,0039003600320050,129,3,126,0.28,15,buy
9/18,2317,統一-台中,5856,12,56,-44,0.1,15,sell
9/18,2454,摩根大通,8440,1140,150,990,9.97,1,buy
9/18,2454,中國信託,6160,12,1071,-1059,10.66,1,sell
9/18,2454,元大證券,9800,955,499,456,4.59,2,buy
9/18,2454,港商野村,1560,43,244,-201,2.02,2,sell
9/18,2454,台灣摩根士丹利,1470,800,354,446,4.49,3,buy
9/18,2454,香港上海匯豐,8960,73,195,-122,1.23,3,sell
9/18,2454,美林,1440,512,185,327,3.29,4,buy
9/18,2454,土銀,1030,0,118,-118,1.19,4,sell
9/18,2454,美商高盛,1480,716,438,278,2.8,5,buy
9/18,2454,法銀巴黎,8900,27,116,-89,0.9,5,sell
9/18,2454,港商麥格理,1360,299,57,242,2.44,6,buy
9/18,2454,國泰-敦南,8888,79,158,-79,0.8,6,sell
9/18,2454,新加坡商瑞銀,1650,668,432,236,2.38,7,buy
9/18,2454,元大-館前,003900380034004b,32,98,-66,0.66,7,sell
9/18,2454,凱基-台北,9268,499,365,134,1.35,8,buy
9/18,2454,元大-忠孝鼎富,0039003800320046,0,66,-66,0.66,8,sell
9/18,2454,花旗環球,1590,436,328,108,1.09,9,buy
9/18,2454,富邦-台北,9623,18,68,-50,0.5,9,sell
9/18,2454,永豐金證券,0039004100300030,161,53,108,1.09,10,buy
9/18,2454,元大-北屯,0039003800390064,6,46,-40,0.4,10,sell
9/18,2454,永豐金-內湖,0039004100390067,118,32,86,0.87,11,buy
9/18,2454,元大-南屯,9853,14,43,-29,0.29,11,sell
9/18,2454,群益金鼎,9100,129,45,84,0.85,12,buy
9/18,2454,永豐金-亞灣,0039004100390061,6,34,-28,0.28,12,sell
9/18,2454,富邦證券,9600,324,254,70,0.7,13,buy
9/18,2454,富邦-新竹,9647,6,32,-26,0.26,13,sell
9/18,2454,宏遠-高雄,0031003200360051,60,3,57,0.57,14,buy
9/18,2454,第一金-高雄,5383,1,25,-24,0.24,14,sell
9/18,2454,統一,5850,100,48,52,0.52,15,buy
9/18,2454,國泰-板橋,003800380038004b,15,38,-23,0.23,15,sell
9/18,2308,美商高盛,1480,2004,374,1630,12.84,1,buy
9/18,2308,富邦證券,9600,42,1106,-1064,8.38,1,sell
9/18,2308,摩根大通,8440,1776,253,1523,11.99,2,buy
9/18,2308,永豐金-匯立,0039004100380031,127,1052,-925,7.28,2,sell
9/18,2308,台灣摩根士丹利,1470,1307,292,1015,7.99,3,buy
9/18,2308,永豐金證券,0039004100300030,440,1154,-714,5.62,3,sell
9/18,2308,美林,1440,666,465,201,1.58,4,buy
9/18,2308,元大證券,9800,1012,1364,-352,2.77,4,sell
9/18,2308,統一,5850,172,9,163,1.28,5,buy
9/18,2308,港商麥格理,1360,227,456,-229,1.8,5,sell
9/18,2308,大和國泰,8890,152,3,149,1.17,6,buy
9/18,2308,新加坡商瑞銀,1650,585,755,-170,1.34,6,sell
9/18,2308,法銀巴黎,8900,163,27,136,1.07,7,buy
9/18,2308,國泰-敦南,8888,72,146,-74,0.58,7,sell
9/18,2308,花旗環球,1590,580,447,133,1.05,8,buy
9/18,2308,宏遠證券,1260,46,101,-55,0.43,8,sell
9/18,2308,凱基-台北,9268,707,578,129,1.02,9,buy
9/18,2308,群益金鼎,9100,62,109,-47,0.37,9,sell
9/18,2308,凱基,9200,83,5,78,0.61,10,buy
9/18,2308,台新-台北,0039004200320030,58,96,-38,0.3,10,sell
9/18,2308,康和,8450,75,4,71,0.56,11,buy
9/18,2308,香港上海匯豐,8960,94,125,-31,0.24,11,sell
9/18,2308,國泰證券,8880,82,25,57,0.45,12,buy
9/18,2308,國票-敦北法人,0037003700390063,20,50,-30,0.24,12,sell
9/18,2308,群益金鼎-忠孝,0039003100380057,51,1,50,0.39,13,buy
9/18,2308,新光,8560,33,61,-28,0.22,13,sell
9/18,2308,第一金-中山,5389,50,2,48,0.38,14,buy
9/18,2308,永豐金-大園,0039004100390038,0,28,-28,0.22,14,sell
9/18,2308,統一-基隆,0035003800350041,39,1,38,0.3,15,buy
9/18,2308,玉山-大里,003800380034004a,4,30,-26,0.2,15,sell
9/18,2382,永豐金證券,0039004100300030,2448,107,2341,10.88,1,buy
9/18,2382,花旗環球,1590,1057,4503,-3446,16.02,1,sell
9/18,2382,群益金鼎,9100,1200,118,1082,5.03,2,buy
9/18,2382,新加坡商瑞銀,1650,384,1849,-1465,6.81,2,sell
9/18,2382,富邦證券,9600,1022,47,975,4.53,3,buy
9/18,2382,國泰證券,8880,158,1208,-1050,4.88,3,sell
9/18,2382,元大證券,9800,2256,1628,628,2.92,4,buy
9/18,2382,摩根大通,8440,1090,1818,-728,3.38,4,sell
9/18,2382,中國信託,6160,343,23,320,1.49,5,buy
9/18,2382,台灣摩根士丹利,1470,2037,2718,-681,3.16,5,sell
9/18,2382,美商高盛,1480,1210,905,305,1.42,6,buy
9/18,2382,香港上海匯豐,8960,19,390,-371,1.72,6,sell
9/18,2382,大和國泰,8890,278,0,278,1.29,7,buy
9/18,2382,法銀巴黎,8900,79,345,-266,1.24,7,sell
9/18,2382,美林,1440,1050,799,251,1.17,8,buy
9/18,2382,港商野村,1560,195,394,-199,0.92,8,sell
9/18,2382,凱基-台北,9268,1223,1027,196,0.91,9,buy
9/18,2382,第一金-嘉義,003500330038004d,3,151,-148,0.69,9,sell
9/18,2382,凱基,9200,289,109,180,0.84,10,buy
9/18,2382,華南永昌-大安,9307,1,85,-84,0.39,10,sell
9/18,2382,港商麥格理,1360,264,84,180,0.84,11,buy
9/18,2382,華南永昌-新莊,9305,4,31,-27,0.13,11,sell
9/18,2382,玉山-台南,8847,172,1,171,0.79,12,buy
9/18,2382,台新-永和,0039004200320042,0,23,-23,0.11,12,sell
9/18,2382,永豐金-匯立,0039004100380031,89,8,81,0.38,13,buy
9/18,2382,統一-士林,003500380035004d,0,21,-21,0.1,13,sell
9/18,2382,台新-潮州,0039004200320043,53,3,50,0.23,14,buy
9/18,2382,台新-新店,0039004200320032,5,25,-20,0.09,14,sell
9/18,2382,群益金鼎-南京,0039003100380045,47,4,43,0.2,15,buy
9/18,2382,華南永昌-中正,9359,7,27,-20,0.09,15,sell
9/18,2891,摩根大通,8440,20744,6241,14503,19.37,1,buy
9/18,2891,港商麥格理,1360,19,6103,-6084,8.13,1,sell
9/18,2891,永豐金證券,0039004100300030,3592,1062,2530,3.38,2,buy
9/18,2891,台灣摩根士丹利,1470,9460,13834,-4374,5.84,2,sell
9/18,2891,花旗環球,1590,5196,3248,1948,2.6,3,buy
9/18,2891,元大證券,9800,5983,8883,-2900,3.87,3,sell
9/18,2891,中國信託,6160,1465,63,1402,1.87,4,buy
9/18,2891,美林,1440,2779,4985,-2206,2.95,4,sell
9/18,2891,凱基-台北,9268,2555,1274,1281,1.71,5,buy
9/18,2891,新加坡商瑞銀,1650,2220,4405,-2185,2.92,5,sell
9/18,2891,永豐金-匯立,0039004100380031,653,83,570,0.76,6,buy
9/18,2891,群益金鼎,9100,652,2083,-1431,1.91,6,sell
9/18,2891,統一,5850,525,298,227,0.3,7,buy
9/18,2891,玉山證券,8840,109,1414,-1305,1.74,7,sell
9/18,2891,國泰-敦南,8888,408,182,226,0.3,8,buy
9/18,2891,富邦證券,9600,744,2002,-1258,1.68,8,sell
9/18,2891,第一金,5380,185,4,181,0.24,9,buy
9/18,2891,凱基,9200,494,1620,-1126,1.5,9,sell
9/18,2891,新光,8560,252,80,172,0.23,10,buy
9/18,2891,香港上海匯豐,8960,394,1448,-1054,1.41,10,sell
9/18,2891,永豐金-新竹,0039004100390037,203,54,149,0.2,11,buy
9/18,2891,法銀巴黎,8900,749,1767,-1018,1.36,11,sell
9/18,2891,台新-城中,0039004200320045,176,50,126,0.17,12,buy
9/18,2891,港商野村,1560,2,676,-674,0.9,12,sell
9/18,2891,元大-中崙,9813,110,2,108,0.14,13,buy
9/18,2891,統一-新竹,5857,35,451,-416,0.56,13,sell
9/18,2891,聯邦-雙和,8584,100,0,100,0.13,14,buy
9/18,2891,國票-安和,003700370039005a,1,310,-309,0.41,14,sell
9/18,2891,富邦-台北,9623,119,26,93,0.12,15,buy
9/18,2891,國票-敦北法人,0037003700390063,1,300,-299,0.4,15,sell
9/18,2881,大和國泰,8890,2433,0,2433,8.74,1,buy
9/18,2881,元大證券,9800,1552,3861,-2309,8.29,1,sell
9/18,2881,花旗環球,1590,3084,1610,1474,5.29,2,buy
9/18,2881,美林,1440,171,1897,-1726,6.2,2,sell
9/18,2881,港商野村,1560,836,106,730,2.62,3,buy
9/18,2881,台新,0039004200300030,29,1405,-1376,4.94,3,sell
9/18,2881,摩根大通,8440,3699,3075,624,2.24,4,buy
9/18,2881,法銀巴黎,8900,610,1515,-905,3.25,4,sell
9/18,2881,永豐金證券,0039004100300030,601,122,479,1.72,5,buy
9/18,2881,台灣摩根士丹利,1470,1135,2013,-878,3.15,5,sell
9/18,2881,中國信託,6160,350,61,289,1.04,6,buy
9/18,2881,新加坡商瑞銀,1650,1713,2430,-717,2.58,6,sell
9/18,2881,凱基,9200,334,98,236,0.85,7,buy
9/18,2881,凱基-台北,9268,662,1267,-605,2.17,7,sell
9/18,2881,富邦-建國,9658,266,31,235,0.84,8,buy
9/18,2881,富邦-青埔,003900360031004e,33,440,-407,1.46,8,sell
9/18,2881,凱基-羅東,9258,139,1,138,0.5,9,buy
9/18,2881,富邦證券,9600,6,344,-338,1.21,9,sell
9/18,2881,富邦-台北,9623,163,27,136,0.49,10,buy
9/18,2881,香港上海匯豐,8960,709,1047,-338,1.21,10,sell
9/18,2881,富邦-仁愛,9676,177,55,122,0.44,11,buy
9/18,2881,國泰證券,8880,5,193,-188,0.68,11,sell
9/18,2881,兆豐-城中,0037003000300057,608,514,94,0.34,12,buy
9/18,2881,元大-新竹,9816,4,41,-37,0.13,12,sell
9/18,2881,玉山-新莊,8842,84,4,80,0.29,13,buy
9/18,2881,富邦-虎尾,9697,1,27,-26,0.09,13,sell
9/18,2881,華南永昌-大安,9307,81,1,80,0.29,14,buy
9/18,2881,華南永昌-新莊,9305,0,25,-25,0.09,14,sell
9/18,2881,凱基-內湖,9287,81,3,78,0.28,15,buy
9/18,2881,德信-新營,6913,0,22,-22,0.08,15,sell
9/18,2882,摩根大通,8440,5666,3204,2462,5.67,1,buy
9/18,2882,凱基,9200,173,7683,-7510,17.29,1,sell
9/18,2882,花旗環球,1590,3312,2036,1276,2.94,2,buy
9/18,2882,香港上海匯豐,8960,45,3006,-2961,6.82,2,sell
9/18,2882,港商麥格理,1360,1117,0,1117,2.57,3,buy
9/18,2882,美林,1440,386,2722,-2336,5.38,3,sell
9/18,2882,新加坡商瑞銀,1650,5535,4457,1078,2.48,4,buy
9/18,2882,美商高盛,1480,1716,3146,-1430,3.29,4,sell
9/18,2882,港商野村,1560,1711,649,1062,2.45,5,buy
9/18,2882,元大證券,9800,3184,4503,-1319,3.04,5,sell
9/18,2882,統一-台中,5856,1010,0,1010,2.33,6,buy
9/18,2882,法銀巴黎,8900,704,997,-293,0.67,6,sell
9/18,2882,台灣摩根士丹利,1470,3620,2836,784,1.8,7,buy
9/18,2882,元大-頭份,0039003800330055,3,142,-139,0.32,7,sell
9/18,2882,華南永昌-敦南,9347,703,0,703,1.62,8,buy
9/18,2882,富邦證券,9600,17,144,-127,0.29,8,sell
9/18,2882,永豐金證券,0039004100300030,623,23,600,1.38,9,buy
9/18,2882,凱基-台北,9268,879,990,-111,0.26,9,sell
9/18,2882,統一,5850,483,125,358,0.82,10,buy
9/18,2882,國泰-桃園,8885,34,103,-69,0.16,10,sell
9/18,2882,中國信託,6160,391,104,287,0.66,11,buy
9/18,2882,凱基-信義,9216,10,60,-50,0.12,11,sell
9/18,2882,國泰-敦南,8888,475,199,276,0.64,12,buy
9/18,2882,台新-三民,0039004200310033,6,55,-49,0.11,12,sell
9/18,2882,永豐金-匯立,0039004100380031,493,229,264,0.61,13,buy
9/18,2882,富邦-內湖,9627,5,52,-47,0.11,13,sell
9/18,2882,華南永昌-苗栗,9362,514,327,187,0.43,14,buy
9/18,2882,元大-文心興安,9854,1,47,-46,0.11,14,sell
9/18,2882,凱基-高雄,9206,271,88,183,0.42,15,buy
9/18,2882,群益金鼎-館前,0039003100330059,1285,1328,-43,0.1,15,sell
9/18,2303,台灣摩根士丹利,1470,22131,9197,12934,4.23,1,buy
9/18,2303,凱基-信義,9216,137,4726,-4589,1.5,1,sell
9/18,2303,美林,1440,14688,4598,10090,3.3,2,buy
9/18,2303,美商高盛,1480,19951,23446,-3495,1.14,2,sell
9/18,2303,凱基-站前,0039003200300046,5918,704,5214,1.71,3,buy
9/18,2303,群益金鼎,9100,8083,11373,-3290,1.08,3,sell
9/18,2303,國泰證券,8880,5447,1354,4093,1.34,4,buy
9/18,2303,香港上海匯豐,8960,1344,3507,-2163,0.71,4,sell
9/18,2303,凱基,9200,5143,1225,3918,1.28,5,buy
9/18,2303,花旗環球,1590,3749,5742,-1993,0.65,5,sell
9/18,2303,摩根大通,8440,9656,5873,3783,1.24,6,buy
9/18,2303,新光,8560,1948,3830,-1882,0.62,6,sell
9/18,2303,統一,5850,4520,1212,3308,1.08,7,buy
9/18,2303,玉山證券,8840,577,2447,-1870,0.61,7,sell
9/18,2303,永豐金-匯立,0039004100380031,3131,0,3131,1.03,8,buy
9/18,2303,國泰-敦南,8888,4998,6402,-1404,0.46,8,sell
9/18,2303,富邦證券,9600,14324,11213,3111,1.02,9,buy
9/18,2303,永豐金-松山,0039004100390031,201,1492,-1291,0.42,9,sell
9/18,2303,台新,0039004200300030,5365,2525,2840,0.93,10,buy
9/18,2303,台新-台北,0039004200320030,1436,2504,-1068,0.35,10,sell
9/18,2303,元大證券,9800,24354,21793,2561,0.84,11,buy
9/18,2303,元大-土城永寧,9875,89,1157,-1068,0.35,11,sell
9/18,2303,法銀巴黎,8900,2662,591,2071,0.68,12,buy
9/18,2303,華南永昌,9300,2159,3050,-891,0.29,12,sell
9/18,2303,港商麥格理,1360,2763,737,2026,0.66,13,buy
9/18,2303,元大-南京,9862,111,824,-713,0.23,13,sell
9/18,2303,玉山-台南,8847,2336,914,1422,0.47,14,buy
9/18,2303,元大-大同,0039003800390047,100,718,-618,0.2,14,sell
9/18,2303,中國信託,6160,2324,1003,1321,0.43,15,buy
9/18,2303,第一金-新興,0035003300380041,160,765,-605,0.2,15,sell
9/18,3711,摩根大通,8440,3567,944,2623,9.96,1,buy
9/18,3711,香港上海匯豐,8960,25,1254,-1229,4.67,1,sell
9/18,3711,元大證券,9800,3586,1186,2400,9.12,2,buy
9/18,3711,新加坡商瑞銀,1650,3523,4381,-858,3.26,2,sell
9/18,3711,台灣摩根士丹利,1470,2536,494,2042,7.76,3,buy
9/18,3711,第一金,5380,12,701,-689,2.62,3,sell
9/18,3711,美商高盛,1480,2822,1608,1214,4.61,4,buy
9/18,3711,國泰-敦南,8888,121,425,-304,1.15,4,sell
9/18,3711,凱基-台北,9268,1546,545,1001,3.8,5,buy
9/18,3711,花旗環球,1590,1180,1470,-290,1.1,5,sell
9/18,3711,群益金鼎,9100,811,142,669,2.54,6,buy
9/18,3711,康和,8450,0,151,-151,0.57,6,sell
9/18,3711,美林,1440,651,337,314,1.19,7,buy
9/18,3711,統一-新台中,0035003800350044,1,125,-124,0.47,7,sell
9/18,3711,富邦-南屯,9666,303,23,280,1.06,8,buy
9/18,3711,台新-高雄,0039004200310067,14,132,-118,0.45,8,sell
9/18,3711,港商野村,1560,347,89,258,0.98,9,buy
9/18,3711,永豐金-匯立,0039004100380031,40,156,-116,0.44,9,sell
9/18,3711,凱基,9200,255,34,221,0.84,10,buy
9/18,3711,國泰-板橋,003800380038004b,28,140,-112,0.43,10,sell
9/18,3711,富邦證券,9600,417,212,205,0.78,11,buy
9/18,3711,台新-左楠,0039004200310064,4,111,-107,0.41,11,sell
9/18,3711,統一,5850,235,37,198,0.75,12,buy
9/18,3711,台新-台南,0039004200310036,38,143,-105,0.4,12,sell
9/18,3711,(牛牛牛)亞證券,6010,150,0,150,0.57,13,buy
9/18,3711,國泰證券,8880,7,102,-95,0.36,13,sell
9/18,3711,港商麥格理,1360,148,8,140,0.53,14,buy
9/18,3711,元大-六合,0039003800320043,6,101,-95,0.36,14,sell
9/18,3711,永豐金證券,0039004100300030,224,112,112,0.43,15,buy
9/18,3711,元大-台北,0039003800300068,1,80,-79,0.3,15,sell
9/18,2603,花旗環球,1590,865,318,547,5.12,1,buy
9/18,2603,摩根大通,8440,906,1912,-1006,9.41,1,sell
9/18,2603,台灣摩根士丹利,1470,933,487,446,4.17,2,buy
9/18,2603,香港上海匯豐,8960,7,391,-384,3.59,2,sell
9/18,2603,永豐金-匯立,0039004100380031,366,0,366,3.42,3,buy
9/18,2603,統一,5850,25,301,-276,2.58,3,sell
9/18,2603,國泰證券,8880,264,1,263,2.46,4,buy
9/18,2603,元大證券,9800,1287,1488,-201,1.88,4,sell
9/18,2603,港商麥格理,1360,220,0,220,2.06,5,buy
9/18,2603,凱基,9200,101,199,-98,0.92,5,sell
9/18,2603,港商野村,1560,288,73,215,2.01,6,buy
9/18,2603,凱基-台北,9268,229,315,-86,0.8,6,sell
9/18,2603,美商高盛,1480,865,681,184,1.72,7,buy
9/18,2603,國泰-敦南,8888,93,164,-71,0.66,7,sell
9/18,2603,華南永昌-林口,9317,173,51,122,1.14,8,buy
9/18,2603,中國信託-忠孝,6162,0,42,-42,0.39,8,sell
9/18,2603,元大-府城,0039003800300075,96,0,96,0.9,9,buy
9/18,2603,富邦-板橋,9655,15,55,-40,0.37,9,sell
9/18,2603,美林,1440,177,91,86,0.8,10,buy
9/18,2603,富邦證券,9600,102,140,-38,0.36,10,sell
9/18,2603,永豐金證券,0039004100300030,317,246,71,0.66,11,buy
9/18,2603,元大-大天母,9893,84,121,-37,0.35,11,sell
9/18,2603,法銀巴黎,8900,190,137,53,0.5,12,buy
9/18,2603,宏遠證券,1260,0,30,-30,0.28,12,sell
9/18,2603,新光-高雄,8562,65,16,49,0.46,13,buy
9/18,2603,元大-板橋,0039003800390043,2,27,-25,0.23,13,sell
9/18,2603,玉山證券,8840,39,13,26,0.24,14,buy
9/18,2603,群益金鼎-古亭,0039003100380043,11,36,-25,0.23,14,sell
9/18,2603,元大-文心,9868,31,5,26,0.24,15,buy
9/18,2603,群益金鼎-敦南,9101,4,27,-23,0.22,15,sell
9/18,2609,台灣摩根士丹利,1470,4040,2159,1881,3.97,1,buy
9/18,2609,摩根大通,8440,1777,5890,-4113,8.69,1,sell
9/18,2609,永豐金證券,0039004100300030,2323,448,1875,3.96,2,buy
9/18,2609,元大證券,9800,2920,4966,-2046,4.32,2,sell
9/18,2609,華南永昌-東昇,9386,619,35,584,1.23,3,buy
9/18,2609,新加坡商瑞銀,1650,2035,3865,-1830,3.86,3,sell
9/18,2609,永興-台中,5603,1003,502,501,1.06,4,buy
9/18,2609,群益金鼎,9100,250,1471,-1221,2.58,4,sell
9/18,2609,國泰-敦南,8888,1049,757,292,0.62,5,buy
9/18,2609,香港上海匯豐,8960,18,472,-454,0.96,5,sell
9/18,2609,港商野村,1560,448,157,291,0.61,6,buy
9/18,2609,凱基-台北,9268,1359,1792,-433,0.91,6,sell
9/18,2609,元大-楊梅,0039003800370041,267,26,241,0.51,7,buy
9/18,2609,美商高盛,1480,2895,3183,-288,0.61,7,sell
9/18,2609,凱基-基隆,0039003200300048,200,24,176,0.37,8,buy
9/18,2609,永豐金-內湖,0039004100390067,142,383,-241,0.51,8,sell
9/18,2609,美林,1440,847,680,167,0.35,9,buy
9/18,2609,國泰-高雄,8881,202,428,-226,0.48,9,sell
9/18,2609,凱基-嘉義,9252,143,2,141,0.3,10,buy
9/18,2609,臺銀-臺南,1042,26,245,-219,0.46,10,sell
9/18,2609,國泰-桃園,8885,273,131,142,0.3,11,buy
9/18,2609,花旗環球,1590,1634,1817,-183,0.39,11,sell
9/18,2609,新光,8560,343,204,139,0.29,12,buy
9/18,2609,港商麥格理,1360,120,263,-143,0.3,12,sell
9/18,2609,富邦-花蓮,9621,154,23,131,0.28,13,buy
9/18,2609,元大-新店中正,0039003800340043,244,381,-137,0.29,13,sell
9/18,2609,台新-台南,0039004200310036,141,12,129,0.27,14,buy
9/18,2609,富邦-台北,9623,65,181,-116,0.24,14,sell
9/18,2609,國票-九鼎,0037003700390050,276,148,128,0.27,15,buy
9/18,2609,凱基-內埔,9225,1,107,-106,0.22,15,sell
9/18,2615,摩根大通,8440,2977,652,2325,7.61,1,buy
9/18,2615,凱基-台北,9268,1531,2647,-1116,3.65,1,sell
9/18,2615,港商麥格理,1360,950,6,944,3.09,2,buy
9/18,2615,永豐金證券,0039004100300030,542,1225,-683,2.24,2,sell
9/18,2615,富邦-仁愛,9676,835,101,734,2.4,3,buy
9/18,2615,元大-大天母,9893,4,312,-308,1.01,3,sell
9/18,2615,美林,1440,515,301,214,0.7,4,buy
9/18,2615,凱基,9200,233,528,-295,0.97,4,sell
9/18,2615,富邦-木柵,003900360031004d,242,35,207,0.68,5,buy
9/18,2615,香港上海匯豐,8960,48,316,-268,0.88,5,sell
9/18,2615,國泰-館前,0038003800380041,297,95,202,0.66,6,buy
9/18,2615,元大證券,9800,1759,1991,-232,0.76,6,sell
9/18,2615,凱基-台南,9211,221,25,196,0.64,7,buy
9/18,2615,國泰-敦南,8888,574,765,-191,0.63,7,sell
9/18,2615,統一-城中,5854,205,10,195,0.64,8,buy
9/18,2615,台新-新店,0039004200320032,1,156,-155,0.51,8,sell
9/18,2615,富邦證券,9600,214,50,164,0.54,9,buy
9/18,2615,台灣摩根士丹利,1470,3272,3426,-154,0.5,9,sell
9/18,2615,美商高盛,1480,1508,1351,157,0.51,10,buy
9/18,2615,新加坡商瑞銀,1650,812,937,-125,0.41,10,sell
9/18,2615,國泰證券,8880,188,46,142,0.46,11,buy
9/18,2615,永豐金-內湖,0039004100390067,118,242,-124,0.41,11,sell
9/18,2615,凱基-中山,9229,128,23,105,0.34,12,buy
9/18,2615,富邦-永和,9654,48,156,-108,0.35,12,sell
9/18,2615,中國信託-永康,6163,111,12,99,0.32,13,buy
9/18,2615,台新,0039004200300030,146,227,-81,0.27,13,sell
9/18,2615,元大-草屯,0039003800390045,123,26,97,0.32,14,buy
9/18,2615,富邦-台中,003900360035004b,27,104,-77,0.25,14,sell
9/18,2615,富邦-南屯,9666,124,42,82,0.27,15,buy
9/18,2615,永豐金-中正,0039004100390055,13,85,-72,0.24,15,sell
9/18,2618,華南永昌,9300,5062,8,5054,15.02,1,buy
9/18,2618,摩根大通,8440,2056,10223,-8167,24.27,1,sell
9/18,2618,元大證券,9800,7012,3128,3884,11.54,2,buy
9/18,2618,台灣摩根士丹利,1470,1322,5428,-4106,12.2,2,sell
9/18,2618,花旗環球,1590,3646,170,3476,10.33,3,buy
9/18,2618,港商野村,1560,0,1545,-1545,4.59,3,sell
9/18,2618,港商麥格理,1360,2078,0,2078,6.17,4,buy
9/18,2618,凱基-台北,9268,675,1885,-1210,3.6,4,sell
9/18,2618,國泰證券,8880,1308,38,1270,3.77,5,buy
9/18,2618,美林,1440,397,1517,-1120,3.33,5,sell
9/18,2618,永豐金-匯立,0039004100380031,258,16,242,0.72,6,buy
9/18,2618,美商高盛,1480,1766,2689,-923,2.74,6,sell
9/18,2618,國泰-敦南,8888,248,80,168,0.5,7,buy
9/18,2618,新加坡商瑞銀,1650,743,1471,-728,2.16,7,sell
9/18,2618,永豐金證券,0039004100300030,785,644,141,0.42,8,buy
9/18,2618,法銀巴黎,8900,161,276,-115,0.34,8,sell
9/18,2618,國泰-忠孝,8887,102,0,102,0.3,9,buy
9/18,2618,香港上海匯豐,8960,34,147,-113,0.34,9,sell
9/18,2618,第一金-頭份,0035003300380049,85,2,83,0.25,10,buy
9/18,2618,元大-新店中正,0039003800340043,6,85,-79,0.23,10,sell
9/18,2618,凱基-站前,0039003200300046,83,4,79,0.23,11,buy
9/18,2618,元大-復北,9872,7,64,-57,0.17,11,sell
9/18,2618,新光,8560,153,80,73,0.22,12,buy
9/18,2618,兆豐-忠孝,0037003000300061,108,164,-56,0.17,12,sell
9/18,2618,元大-松江,9801,74,7,67,0.2,13,buy
9/18,2618,北城證券,7750,5,50,-45,0.13,13,sell
9/18,2618,兆豐證券,7000,69,5,64,0.19,14,buy
9/18,2618,光和-高雄,0036003300380044,50,91,-41,0.12,14,sell
9/18,2618,凱基,9200,347,283,64,0.19,15,buy
9/18,2618,台新,0039004200300030,14,51,-37,0.11,15,sell
9/18,3037,台灣摩根士丹利,1470,2201,406,1795,12.42,1,buy
9/18,3037,美商高盛,1480,1132,1603,-471,3.26,1,sell
9/18,3037,元大證券,9800,1936,1068,868,6.0,2,buy
9/18,3037,美林,1440,469,863,-394,2.73,2,sell
9/18,3037,凱基-台北,9268,936,400,536,3.71,3,buy
9/18,3037,國泰-敦南,8888,158,389,-231,1.6,3,sell
9/18,3037,摩根大通,8440,1306,782,524,3.62,4,buy
9/18,3037,法銀巴黎,8900,23,129,-106,0.73,4,sell
9/18,3037,富邦證券,9600,901,408,493,3.41,5,buy
9/18,3037,凱基-信義,9216,1,64,-63,0.44,5,sell
9/18,3037,港商麥格理,1360,515,59,456,3.15,6,buy
9/18,3037,兆豐-忠孝,0037003000300061,2,57,-55,0.38,6,sell
9/18,3037,花旗環球,1590,549,232,317,2.19,7,buy
9/18,3037,富邦-仁愛,9676,7,60,-53,0.37,7,sell
9/18,3037,新加坡商瑞銀,1650,647,371,276,1.91,8,buy
9/18,3037,國泰-板橋,003800380038004b,15,66,-51,0.35,8,sell
9/18,3037,港商野村,1560,280,46,234,1.62,9,buy
9/18,3037,兆豐-台中,7003,11,62,-51,0.35,9,sell
9/18,3037,兆豐證券,7000,125,3,122,0.84,10,buy
9/18,3037,富邦-台北,9623,10,58,-48,0.33,10,sell
9/18,3037,統一,5850,122,17,105,0.73,11,buy
9/18,3037,國票-敦北法人,0037003700390063,58,105,-47,0.33,11,sell
9/18,3037,群益金鼎,9100,215,116,99,0.68,12,buy
9/18,3037,富邦-建國,9658,5,52,-47,0.33,12,sell
9/18,3037,凱基,9200,67,19,48,0.33,13,buy
9/18,3037,兆豐-新竹,0037003000300056,9,52,-43,0.3,13,sell
9/18,3037,香港上海匯豐,8960,187,143,44,0.3,14,buy
9/18,3037,國泰-桃園,8885,15,55,-40,0.28,14,sell
9/18,3037,凱基-桃園,9208,62,22,40,0.28,15,buy
9/18,3037,新光-台中,8561,32,73,-41,0.28,15,sell
9/18,2345,美商高盛,1480,669,206,463,7.94,1,buy
9/18,2345,台灣摩根士丹利,1470,759,2400,-1641,28.15,1,sell
9/18,2345,新加坡商瑞銀,1650,736,423,313,5.37,2,buy
9/18,2345,國票-敦北法人,0037003700390063,48,551,-503,8.63,2,sell
9/18,2345,元大證券,9800,446,228,218,3.74,3,buy
9/18,2345,玉山證券,8840,22,131,-109,1.87,3,sell
9/18,2345,永豐金-匯立,0039004100380031,194,3,191,3.28,4,buy
9/18,2345,中國信託,6160,5,114,-109,1.87,4,sell
9/18,2345,群益金鼎,9100,219,34,185,3.17,5,buy
9/18,2345,港商麥格理,1360,11,93,-82,1.41,5,sell
9/18,2345,凱基-台北,9268,258,123,135,2.32,6,buy
9/18,2345,富邦證券,9600,31,91,-60,1.03,6,sell
9/18,2345,摩根大通,8440,358,236,122,2.09,7,buy
9/18,2345,國泰證券,8880,24,84,-60,1.03,7,sell
9/18,2345,兆豐證券,7000,138,30,108,1.85,8,buy
9/18,2345,法銀巴黎,8900,3,47,-44,0.75,8,sell
9/18,2345,永豐金證券,0039004100300030,111,30,81,1.39,9,buy
9/18,2345,日茂,5960,0,18,-18,0.31,9,sell
9/18,2345,美林,1440,103,36,67,1.15,10,buy
9/18,2345,宏遠證券,1260,12,30,-18,0.31,10,sell
9/18,2345,港商野村,1560,98,43,55,0.94,11,buy
9/18,2345,元大-彰化民生,003900380039004a,0,15,-15,0.26,11,sell
9/18,2345,大和國泰,8890,101,50,51,0.87,12,buy
9/18,2345,元大-崇德,0039003800310053,1,14,-13,0.22,12,sell
9/18,2345,統一,5850,83,33,50,0.86,13,buy
9/18,2345,福邦證券,6480,0,13,-13,0.22,13,sell
9/18,2345,國票-安和,003700370039005a,45,0,45,0.77,14,buy
9/18,2345,香港上海匯豐,8960,55,64,-9,0.15,14,sell
9/18,2345,凱基,9200,55,22,33,0.57,15,buy
9/18,2345,元大-中和,0039003800390065,0,3,-3,0.05,15,sell
9/18,3006,美商高盛,1480,1564,484,1080,7.56,1,buy
9/18,3006,台灣摩根士丹利,1470,256,465,-209,1.46,1,sell
9/18,3006,元大證券,9800,1661,723,938,6.56,2,buy
9/18,3006,永豐金證券,0039004100300030,232,423,-191,1.34,2,sell
9/18,3006,凱基-台北,9268,1009,474,535,3.74,3,buy
9/18,3006,摩根大通,8440,422,605,-183,1.28,3,sell
9/18,3006,國泰證券,8880,509,69,440,3.08,4,buy
9/18,3006,元大-大同,0039003800390047,89,250,-161,1.13,4,sell
9/18,3006,港商野村,1560,467,30,437,3.06,5,buy
9/18,3006,永豐金-竹北,0039004100390050,7,142,-135,0.94,5,sell
9/18,3006,新加坡商瑞銀,1650,801,452,349,2.44,6,buy
9/18,3006,富邦-新竹,9647,15,127,-112,0.78,6,sell
9/18,3006,統一,5850,170,21,149,1.04,7,buy
9/18,3006,國泰-敦南,8888,265,368,-103,0.72,7,sell
9/18,3006,凱基,9200,129,1,128,0.9,8,buy
9/18,3006,花旗環球,1590,7,64,-57,0.4,8,sell
9/18,3006,元大-頭份,0039003800330055,278,191,87,0.61,9,buy
9/18,3006,兆豐-民生,0037003000300063,3,58,-55,0.38,9,sell
9/18,3006,大和國泰,8890,72,0,72,0.5,10,buy
9/18,3006,元大-大里,0039003800310067,10,64,-54,0.38,10,sell
9/18,3006,港商麥格理,1360,67,2,65,0.45,11,buy
9/18,3006,新光,8560,53,106,-53,0.37,11,sell
9/18,3006,永豐金-匯立,0039004100380031,50,0,50,0.35,12,buy
9/18,3006,第一金-忠孝,0035003300380044,2,51,-49,0.34,12,sell
9/18,3006,元大-土城,9897,131,83,48,0.34,13,buy
9/18,3006,元大-士林,003900380031006a,16,64,-48,0.34,13,sell
9/18,3006,凱基-高雄,9206,76,34,42,0.29,14,buy
9/18,3006,富邦-竹科,0039003600320043,7,54,-47,0.33,14,sell
9/18,3006,法銀巴黎,8900,41,0,41,0.29,15,buy
9/18,3006,台新-板橋,0039004200320062,6,52,-46,0.32,15,sell
9/18,2379,摩根大通,8440,384,65,319,12.57,1,buy
9/18,2379,台灣企銀,1110,0,452,-452,17.82,1,sell
9/18,2379,台灣摩根士丹利,1470,360,91,269,10.6,2,buy
9/18,2379,國泰證券,8880,4,250,-246,9.7,2,sell
9/18,2379,凱基-台北,9268,289,127,162,6.39,3,buy
9/18,2379,富邦證券,9600,0,85,-85,3.35,3,sell
9/18,2379,港商麥格理,1360,135,4,131,5.16,4,buy
9/18,2379,港商野村,1560,16,73,-57,2.25,4,sell
9/18,2379,美商高盛,1480,178,62,116,4.57,5,buy
9/18,2379,法銀巴黎,8900,4,45,-41,1.62,5,sell
9/18,2379,美林,1440,104,14,90,3.55,6,buy
9/18,2379,康和,8450,0,40,-40,1.58,6,sell
9/18,2379,永豐金證券,0039004100300030,111,39,72,2.84,7,buy
9/18,2379,中國信託,6160,4,41,-37,1.46,7,sell
9/18,2379,台新,0039004200300030,50,2,48,1.89,8,buy
9/18,2379,香港上海匯豐,8960,11,40,-29,1.14,8,sell
9/18,2379,玉山-雙和,8841,27,0,27,1.06,9,buy
9/18,2379,土銀,1030,0,28,-28,1.1,9,sell
9/18,2379,新加坡商瑞銀,1650,115,89,26,1.02,10,buy
9/18,2379,大和國泰,8890,0,28,-28,1.1,10,sell
9/18,2379,花旗環球,1590,201,182,19,0.75,11,buy
9/18,2379,元大證券,9800,219,245,-26,1.02,11,sell
9/18,2379,凱基,9200,28,17,11,0.43,12,buy
9/18,2379,第一金-頭份,0035003300380049,0,20,-20,0.79,12,sell
9/18,2379,富邦-永和,9654,11,0,11,0.43,13,buy
9/18,2379,康和-台中,8455,0,19,-19,0.75,13,sell
9/18,2379,元大-民雄,0039003800310056,9,0,9,0.35,14,buy
9/18,2379,富邦-三重,9677,2,16,-14,0.55,14,sell
9/18,2379,中國信託-中壢,0036003100360041,8,0,8,0.32,15,buy
9/18,2379,華南永昌-林口,9317,5,16,-11,0.43,15,sell
9/18,3034,摩根大通,8440,974,468,506,10.7,1,buy
9/18,3034,香港上海匯豐,8960,100,314,-214,4.52,1,sell
9/18,3034,凱基,9200,368,98,270,5.71,2,buy
9/18,3034,兆豐證券,7000,9,209,-200,4.23,2,sell
9/18,3034,凱基-台北,9268,349,86,263,5.56,3,buy
9/18,3034,元大-大同,0039003800390047,0,128,-128,2.71,3,sell
9/18,3034,美商高盛,1480,660,403,257,5.43,4,buy
9/18,3034,群益金鼎,9100,27,93,-66,1.4,4,sell
9/18,3034,花旗環球,1590,303,139,164,3.47,5,buy
9/18,3034,兆豐-新竹,0037003000300056,0,53,-53,1.12,5,sell
9/18,3034,台灣摩根士丹利,1470,267,158,109,2.3,6,buy
9/18,3034,法銀巴黎,8900,3,52,-49,1.04,6,sell
9/18,3034,港商麥格理,1360,275,173,102,2.16,7,buy
9/18,3034,國泰-板橋,003800380038004b,1,43,-42,0.89,7,sell
9/18,3034,美林,1440,164,78,86,1.82,8,buy
9/18,3034,群益金鼎-忠孝,0039003100380057,0,30,-30,0.63,8,sell
9/18,3034,永豐金-匯立,0039004100380031,75,0,75,1.59,9,buy
9/18,3034,台新,0039004200300030,10,33,-23,0.49,9,sell
9/18,3034,元大證券,9800,230,193,37,0.78,10,buy
9/18,3034,元大-成功,003900380039004c,1,24,-23,0.49,10,sell
9/18,3034,第一金,5380,35,8,27,0.57,11,buy
9/18,3034,康和-台中,8455,1,22,-21,0.44,11,sell
9/18,3034,台新-林園,0039004200320037,20,1,19,0.4,12,buy
9/18,3034,國泰-敦南,8888,40,57,-17,0.36,12,sell
9/18,3034,華南永昌-台中,9302,18,2,16,0.34,13,buy
9/18,3034,凱基-市政,9239,0,15,-15,0.32,13,sell
9/18,3034,凱基-內埔,9225,18,3,15,0.32,14,buy
9/18,3034,港商野村,1560,37,52,-15,0.32,14,sell
9/18,3034,台新-板橋,0039004200320062,15,0,15,0.32,15,buy
9/18,3034,群益金鼎-彰化,9187,0,14,-14,0.3,15,sell
9/18,2412,新加坡商瑞銀,1650,11594,5985,5609,20.27,1,buy
9/18,2412,摩根大通,8440,1263,2727,-1464,5.29,1,sell
9/18,2412,美林,1440,3646,2462,1184,4.28,2,buy
9/18,2412,統一,5850,1,1385,-1384,5.0,2,sell
9/18,2412,花旗環球,1590,2039,907,1132,4.09,3,buy
9/18,2412,永豐金-匯立,0039004100380031,0,1148,-1148,4.15,3,sell
9/18,2412,台灣摩根士丹利,1470,1583,745,838,3.03,4,buy
9/18,2412,元大證券,9800,1115,1606,-491,1.77,4,sell
9/18,2412,美商高盛,1480,1383,647,736,2.66,5,buy
9/18,2412,富邦證券,9600,31,521,-490,1.77,5,sell
9/18,2412,香港上海匯豐,8960,704,38,666,2.41,6,buy
9/18,2412,華南永昌-中正,9359,0,451,-451,1.63,6,sell
9/18,2412,凱基-台北,9268,1373,769,604,2.18,7,buy
9/18,2412,法銀巴黎,8900,19,394,-375,1.36,7,sell
9/18,2412,臺銀-臺南,1042,301,20,281,1.02,8,buy
9/18,2412,永豐金證券,0039004100300030,177,441,-264,0.95,8,sell
9/18,2412,合庫-西台中,0031003000320046,69,12,57,0.21,9,buy
9/18,2412,永豐金-新竹,0039004100390037,10,258,-248,0.9,9,sell
9/18,2412,台新-潮州,0039004200320043,50,0,50,0.18,10,buy
9/18,2412,兆豐-台中,7003,0,227,-227,0.82,10,sell
9/18,2412,凱基,9200,62,19,43,0.16,11,buy
9/18,2412,台新-城東,0039004200320072,0,201,-201,0.73,11,sell
9/18,2412,群益金鼎,9100,47,8,39,0.14,12,buy
9/18,2412,中國信託,6160,149,280,-131,0.47,12,sell
9/18,2412,永豐金-潮州,0039004100390071,50,12,38,0.14,13,buy
9/18,2412,新光,8560,6,135,-129,0.47,13,sell
9/18,2412,群益金鼎-東大,9135,300,266,34,0.12,14,buy
9/18,2412,國泰-敦南,8888,6,121,-115,0.42,14,sell
9/18,2412,國泰證券,8880,11,0,11,0.04,15,buy
9/18,2412,富邦-敦南,9663,0,106,-106,0.38,15,sell
9/18,2892,台灣摩根士丹利,1470,11330,2377,8953,17.05,1,buy
9/18,2892,新加坡商瑞銀,1650,999,7492,-6493,12.36,1,sell
9/18,2892,花旗環球,1590,7456,2083,5373,10.23,2,buy
9/18,2892,合庫-高雄,1023,46,3235,-3189,6.07,2,sell
9/18,2892,美商高盛,1480,4328,2269,2059,3.92,3,buy
9/18,2892,群益金鼎,9100,546,3504,-2958,5.63,3,sell
9/18,2892,永豐金證券,0039004100300030,1902,1036,866,1.65,4,buy
9/18,2892,富邦證券,9600,731,2853,-2122,4.04,4,sell
9/18,2892,摩根大通,8440,3878,3518,360,0.69,5,buy
9/18,2892,元大證券,9800,3609,5369,-1760,3.35,5,sell
9/18,2892,統一-三重,003500380035004a,276,1,275,0.52,6,buy
9/18,2892,元大-民生三民,0039003800390058,3,1625,-1622,3.09,6,sell
9/18,2892,富邦-花蓮,9621,212,4,208,0.4,7,buy
9/18,2892,統一,5850,19,1228,-1209,2.3,7,sell
9/18,2892,富邦-陽明,9604,205,9,196,0.37,8,buy
9/18,2892,美林,1440,457,1602,-1145,2.18,8,sell
9/18,2892,國泰-敦南,8888,416,228,188,0.36,9,buy
9/18,2892,法銀巴黎,8900,1188,2280,-1092,2.08,9,sell
9/18,2892,第一金-台南,5384,213,27,186,0.35,10,buy
9/18,2892,凱基-中壢,9285,10,809,-799,1.52,10,sell
9/18,2892,港商麥格理,1360,181,0,181,0.34,11,buy
9/18,2892,台新,0039004200300030,122,755,-633,1.21,11,sell
9/18,2892,永豐金-匯立,0039004100380031,180,0,180,0.34,12,buy
9/18,2892,元大-板橋,0039003800390043,8,519,-511,0.97,12,sell
9/18,2892,中國信託,6160,341,186,155,0.3,13,buy
9/18,2892,港商野村,1560,226,536,-310,0.59,13,sell
9/18,2892,國泰-板橋,003800380038004b,156,15,141,0.27,14,buy
9/18,2892,永豐金-新店,0039004100390069,11,207,-196,0.37,14,sell
9/18,2892,元大-大益,9814,148,17,131,0.25,15,buy
9/18,2892,華南永昌-嘉義,9314,9,183,-174,0.33,15,sell
9/18,2409,統一,5850,5481,1534,3947,1.13,1,buy
9/18,2409,法銀巴黎,8900,1484,14231,-12747,3.65,1,sell
9/18,2409,元大證券,9800,32319,29449,2870,0.82,2,buy
9/18,2409,美林,1440,3091,15656,-12565,3.6,2,sell
9/18,2409,富邦證券,9600,5502,3177,2325,0.67,3,buy
9/18,2409,新加坡商瑞銀,1650,4885,14431,-9546,2.74,3,sell
9/18,2409,凱基,9200,2239,260,1979,0.57,4,buy
9/18,2409,美商高盛,1480,5693,12048,-6355,1.82,4,sell
9/18,2409,永豐金-信義,0039004100390052,1849,35,1814,0.52,5,buy
9/18,2409,台灣摩根士丹利,1470,3640,9883,-6243,1.79,5,sell
9/18,2409,花旗環球,1590,3399,1661,1738,0.5,6,buy
9/18,2409,摩根大通,8440,3145,8338,-5193,1.49,6,sell
9/18,2409,凱基-中山,9229,1385,85,1300,0.37,7,buy
9/18,2409,港商野村,1560,3624,6221,-2597,0.74,7,sell
9/18,2409,國票-敦北法人,0037003700390063,1584,304,1280,0.37,8,buy
9/18,2409,富邦-南員林,0039003600310052,172,1018,-846,0.24,8,sell
9/18,2409,港商麥格理,1360,2455,1218,1237,0.35,9,buy
9/18,2409,凱基-站前,0039003200300046,204,954,-750,0.22,9,sell
9/18,2409,康和,8450,1302,80,1222,0.35,10,buy
9/18,2409,元大-信義安和,0039003800300052,1303,1858,-555,0.16,10,sell
9/18,2409,新光,8560,3273,2081,1192,0.34,11,buy
9/18,2409,香港上海匯豐,8960,0,543,-543,0.16,11,sell
9/18,2409,元大-新竹經國,9859,1326,157,1169,0.34,12,buy
9/18,2409,元大-竹科,003900380030004b,267,808,-541,0.16,12,sell
9/18,2409,元大-新生,0039003800310058,1170,34,1136,0.33,13,buy
9/18,2409,兆豐-員林,003700300030006b,184,672,-488,0.14,13,sell
9/18,2409,群益金鼎-大安,0039003100380065,3311,2292,1019,0.29,14,buy
9/18,2409,兆豐-彰化,0037003000300064,58,535,-477,0.14,14,sell
9/18,2409,國泰-敦南,8888,9150,8151,999,0.29,15,buy
9/18,2409,陽信-高雄,8713,68,533,-465,0.13,15,sell
9/18,2886,台灣摩根士丹利,1470,8041,2812,5229,11.13,1,buy
9/18,2886,統一,5850,75,6358,-6283,13.38,1,sell
9/18,2886,花旗環球,1590,6139,2438,3701,7.88,2,buy
9/18,2886,新加坡商瑞銀,1650,412,5299,-4887,10.4,2,sell
9/18,2886,元大證券,9800,6790,4330,2460,5.24,3,buy
9/18,2886,港商麥格理,1360,127,1463,-1336,2.84,3,sell
9/18,2886,新光,8560,1138,87,1051,2.24,4,buy
9/18,2886,法銀巴黎,8900,97,1104,-1007,2.14,4,sell
9/18,2886,元大-學甲,003900380033004b,525,0,525,1.12,5,buy
9/18,2886,美林,1440,950,1870,-920,1.96,5,sell
9/18,2886,港商野村,1560,359,8,351,0.75,6,buy
9/18,2886,永豐金證券,0039004100300030,4205,4986,-781,1.66,6,sell
9/18,2886,中國信託,6160,314,11,303,0.65,7,buy
9/18,2886,台新,0039004200300030,41,723,-682,1.45,7,sell
9/18,2886,國泰-敦南,8888,428,235,193,0.41,8,buy
9/18,2886,永豐金-匯立,0039004100380031,505,1026,-521,1.11,8,sell
9/18,2886,國泰-板橋,003800380038004b,135,35,100,0.21,9,buy
9/18,2886,土銀,1030,10,400,-390,0.83,9,sell
9/18,2886,元大-龍潭,9858,83,7,76,0.16,10,buy
9/18,2886,凱基-台北,9268,2240,2544,-304,0.65,10,sell
9/18,2886,永豐金-竹科,0039004100390058,62,0,62,0.13,11,buy
9/18,2886,富邦證券,9600,76,241,-165,0.35,11,sell
9/18,2886,美商高盛,1480,3409,3351,58,0.12,12,buy
9/18,2886,富邦-永和,9654,14,110,-96,0.2,12,sell
9/18,2886,富邦-仁愛,9676,60,3,57,0.12,13,buy
9/18,2886,玉山-大里,003800380034004a,3,68,-65,0.14,13,sell
9/18,2886,群益金鼎-三民,9188,76,20,56,0.12,14,buy
9/18,2886,台新-台北,0039004200320030,6,69,-63,0.13,14,sell
9/18,2886,元大-內湖民權,9867,51,0,51,0.11,15,buy
9/18,2886,台新-左楠,0039004200310064,5,56,-51,0.11,15,sell
9/18,6770,摩根大通,8440,30526,1242,29284,16.76,1,buy
9/18,6770,美林,1440,2467,5149,-2682,1.54,1,sell
9/18,6770,台灣摩根士丹利,1470,16755,1075,15680,8.97,2,buy
9/18,6770,國泰-敦南,8888,2696,5195,-2499,1.43,2,sell
9/18,6770,美商高盛,1480,15672,2608,13064,7.48,3,buy
9/18,6770,玉山證券,8840,65,1187,-1122,0.64,3,sell
9/18,6770,凱基-台北,9268,16025,3699,12326,7.05,4,buy
9/18,6770,富邦-永和,9654,427,1486,-1059,0.61,4,sell
9/18,6770,新加坡商瑞銀,1650,8299,4674,3625,2.07,5,buy
9/18,6770,新光,8560,632,1372,-740,0.42,5,sell
9/18,6770,元大證券,9800,11210,8328,2882,1.65,6,buy
9/18,6770,富邦-板橋,9655,142,853,-711,0.41,6,sell
9/18,6770,永豐金證券,0039004100300030,3621,930,2691,1.54,7,buy
9/18,6770,致和-崇德,0037003000330042,11,581,-570,0.33,7,sell
9/18,6770,中國信託,6160,3037,459,2578,1.48,8,buy
9/18,6770,凱基-台南,9211,85,638,-553,0.32,8,sell
9/18,6770,凱基,9200,1725,60,1665,0.95,9,buy
9/18,6770,永豐金-大園,0039004100390038,85,636,-551,0.32,9,sell
9/18,6770,港商麥格理,1360,1222,0,1222,0.7,10,buy
9/18,6770,永豐金-市政,0039004100390057,115,665,-550,0.31,10,sell
9/18,6770,港商野村,1560,1325,150,1175,0.67,11,buy
9/18,6770,國泰-台中,8882,432,980,-548,0.31,11,sell
9/18,6770,永豐金-信義,0039004100390052,1231,69,1162,0.67,12,buy
9/18,6770,國票-桃園,0037003700390072,22,549,-527,0.3,12,sell
9/18,6770,康和,8450,1013,58,955,0.55,13,buy
9/18,6770,元大-中壢,9834,251,769,-518,0.3,13,sell
9/18,6770,群益金鼎-大安,0039003100380065,2663,1764,899,0.51,14,buy
9/18,6770,台新-台中,0039004200310068,159,617,-458,0.26,14,sell
9/18,6770,台新,0039004200300030,1715,973,742,0.42,15,buy
9/18,6770,群益金鼎-東門,0039003100380044,85,530,-445,0.25,15,sell
9/18,2883,花旗環球,1590,20199,3226,16973,20.81,1,buy
9/18,2883,美商高盛,1480,2280,10709,-8429,10.33,1,sell
9/18,2883,港商野村,1560,4421,866,3555,4.36,2,buy
9/18,2883,新加坡商瑞銀,1650,4719,12476,-7757,9.51,2,sell
9/18,2883,元大證券,9800,9418,6263,3155,3.87,3,buy
9/18,2883,摩根大通,8440,4409,10871,-6462,7.92,3,sell
9/18,2883,永豐金證券,0039004100300030,1768,83,1685,2.07,4,buy
9/18,2883,美林,1440,3919,9287,-5368,6.58,4,sell
9/18,2883,香港上海匯豐,8960,2013,740,1273,1.56,5,buy
9/18,2883,台灣摩根士丹利,1470,2036,5682,-3646,4.47,5,sell
9/18,2883,港商麥格理,1360,1210,0,1210,1.48,6,buy
9/18,2883,凱基-中壢,9285,136,1524,-1388,1.7,6,sell
9/18,2883,元大-草屯,0039003800390045,560,9,551,0.68,7,buy
9/18,2883,法銀巴黎,8900,314,1603,-1289,1.58,7,sell
9/18,2883,兆豐-台中港,7005,587,95,492,0.6,8,buy
9/18,2883,統一,5850,87,1338,-1251,1.53,8,sell
9/18,2883,國泰-敦南,8888,995,582,413,0.51,9,buy
9/18,2883,康和,8450,16,855,-839,1.03,9,sell
9/18,2883,永豐金-台南,0039004100390068,393,15,378,0.46,10,buy
9/18,2883,富邦-新板,0039003600310048,40,452,-412,0.51,10,sell
9/18,2883,中國信託,6160,349,27,322,0.39,11,buy
9/18,2883,富邦證券,9600,65,454,-389,0.48,11,sell
9/18,2883,元大-館前,003900380034004b,439,197,242,0.3,12,buy
9/18,2883,永豐金-中壢,0039004100390039,23,400,-377,0.46,12,sell
9/18,2883,台灣企銀-九如,1113,238,0,238,0.29,13,buy
9/18,2883,凱基-永華,9235,6,310,-304,0.37,13,sell
9/18,2883,群益金鼎-台南,9185,230,0,230,0.28,14,buy
9/18,2883,富邦-新店,9661,44,282,-238,0.29,14,sell
9/18,2883,元大-大雅,0039003800330069,273,50,223,0.27,15,buy
9/18,2883,凱基-台北,9268,1468,1707,-239,0.29,15,sell
9/18,5880,花旗環球,1590,9048,1265,7783,25.38,1,buy
9/18,5880,美林,1440,682,3265,-2583,8.42,1,sell
9/18,5880,美商高盛,1480,2809,1501,1308,4.27,2,buy
9/18,5880,新加坡商瑞銀,1650,1865,4314,-2449,7.99,2,sell
9/18,5880,元大證券,9800,3188,1914,1274,4.15,3,buy
9/18,5880,統一,5850,35,1831,-1796,5.86,3,sell
9/18,5880,永豐金證券,0039004100300030,467,109,358,1.17,4,buy
9/18,5880,摩根大通,8440,3086,4483,-1397,4.56,4,sell
9/18,5880,中國信託,6160,330,4,326,1.06,5,buy
9/18,5880,凱基-台北,9268,457,1668,-1211,3.95,5,sell
9/18,5880,福邦-新竹,6489,287,0,287,0.94,6,buy
9/18,5880,法銀巴黎,8900,510,1042,-532,1.73,6,sell
9/18,5880,元大-北三重,0039003800390056,201,0,201,0.66,7,buy
9/18,5880,港商野村,1560,150,504,-354,1.15,7,sell
9/18,5880,國票-安和,003700370039005a,201,3,198,0.65,8,buy
9/18,5880,元大-北屯,0039003800390064,0,301,-301,0.98,8,sell
9/18,5880,港商麥格理,1360,194,0,194,0.63,9,buy
9/18,5880,香港上海匯豐,8960,24,309,-285,0.93,9,sell
9/18,5880,中國信託-嘉義,6168,207,52,155,0.51,10,buy
9/18,5880,富邦-公益,0039003600310046,1,250,-249,0.81,10,sell
9/18,5880,台新-西松,003900420032006e,150,0,150,0.49,11,buy
9/18,5880,元大-大甲,0039003800390055,4,182,-178,0.58,11,sell
9/18,5880,德信,6910,141,1,140,0.46,12,buy
9/18,5880,元大-花蓮,9856,0,168,-168,0.55,12,sell
9/18,5880,國泰證券,8880,141,22,119,0.39,13,buy
9/18,5880,台灣摩根士丹利,1470,1820,1968,-148,0.48,13,sell
9/18,5880,凱基,9200,105,1,104,0.34,14,buy
9/18,5880,元大-博愛,0039003800320042,1,146,-145,0.47,14,sell
9/18,5880,兆豐-三重,7008,92,0,92,0.3,15,buy
9/18,5880,群益金鼎-中山,0039003100380048,0,128,-128,0.42,15,sell
9/18,2887,花旗環球,1590,39977,4816,35161,25.48,1,buy
9/18,2887,台灣摩根士丹利,1470,5840,18795,-12955,9.39,1,sell
9/18,2887,元大證券,9800,20247,15683,4564,3.31,2,buy
9/18,2887,美商高盛,1480,1186,13543,-12357,8.95,2,sell
9/18,2887,華南永昌-南京,9326,1963,110,1853,1.34,3,buy
9/18,2887,新加坡商瑞銀,1650,1477,10123,-8646,6.26,3,sell
9/18,2887,台新,0039004200300030,2505,922,1583,1.15,4,buy
9/18,2887,凱基-台北,9268,1538,8203,-6665,4.83,4,sell
9/18,2887,國票-內壢,7798,1012,1,1011,0.73,5,buy
9/18,2887,美林,1440,1119,5230,-4111,2.98,5,sell
9/18,2887,國泰-敦南,8888,1522,662,860,0.62,6,buy
9/18,2887,法銀巴黎,8900,954,3358,-2404,1.74,6,sell
9/18,2887,中國信託,6160,875,376,499,0.36,7,buy
9/18,2887,富邦證券,9600,28,2345,-2317,1.68,7,sell
9/18,2887,元大-松江,9801,477,0,477,0.35,8,buy
9/18,2887,玉山證券,8840,181,1894,-1713,1.24,8,sell
9/18,2887,富邦-台北,9623,431,87,344,0.25,9,buy
9/18,2887,凱基,9200,788,2282,-1494,1.08,9,sell
9/18,2887,兆豐-岡山,0037003000300073,302,0,302,0.22,10,buy
9/18,2887,香港上海匯豐,8960,259,1558,-1299,0.94,10,sell
9/18,2887,元大-敦南,0039003800390050,315,26,289,0.21,11,buy
9/18,2887,摩根大通,8440,15705,16971,-1266,0.92,11,sell
9/18,2887,元大-松山,0039003800310070,263,3,260,0.19,12,buy
9/18,2887,永豐金證券,0039004100300030,2949,4008,-1059,0.77,12,sell
9/18,2887,群益金鼎-彰化,9187,297,39,258,0.19,13,buy
9/18,2887,群益金鼎-西松,9136,16,911,-895,0.65,13,sell
9/18,2887,新光-台中,8561,551,310,241,0.17,14,buy
9/18,2887,康和,8450,28,829,-801,0.58,14,sell
9/18,2887,港商野村,1560,251,11,240,0.17,15,buy
9/18,2887,元大-四維,9831,187,786,-599,0.43,15,sell
9/18,0056,元大證券,9800,2929,374,2555,13.23,1,buy
9/18,0056,永豐金證券,0039004100300030,889,2842,-1953,10.12,1,sell
9/18,0056,富邦-中壢,9636,441,73,368,1.91,2,buy
9/18,0056,凱基-台北,9268,778,2414,-1636,8.47,2,sell
9/18,0056,新光,8560,417,93,324,1.68,3,buy
9/18,0056,新加坡商瑞銀,1650,209,955,-746,3.86,3,sell
9/18,0056,國泰證券,8880,296,5,291,1.51,4,buy
9/18,0056,台灣摩根士丹利,1470,1,452,-451,2.34,4,sell
9/18,0056,臺銀,1040,277,10,267,1.38,5,buy
9/18,0056,元大-豐原,9838,14,223,-209,1.08,5,sell
9/18,0056,元大-汐止,0039003800390051,285,53,232,1.2,6,buy
9/18,0056,元大-竹北,0039003800310042,28,223,-195,1.01,6,sell
9/18,0056,富邦證券,9600,258,50,208,1.08,7,buy
9/18,0056,中國信託,6160,193,388,-195,1.01,7,sell
9/18,0056,第一金-自由,0035003300380045,221,16,205,1.06,8,buy
9/18,0056,國泰-敦南,8888,461,628,-167,0.87,8,sell
9/18,0056,第一金,5380,204,0,204,1.06,9,buy
9/18,0056,永豐金-忠孝,0039004100390044,44,172,-128,0.66,9,sell
9/18,0056,台新-高雄,0039004200310067,218,23,195,1.01,10,buy
9/18,0056,台新-台中,0039004200310068,55,184,-129,0.67,10,sell
9/18,0056,富邦-建國,9658,209,29,180,0.93,11,buy
9/18,0056,凱基-大直,9218,0,110,-110,0.57,11,sell
9/18,0056,摩根大通,8440,178,0,178,0.92,12,buy
9/18,0056,台新-新竹,0039004200320047,5,109,-104,0.54,12,sell
9/18,0056,玉山-新竹,0038003800340048,206,34,172,0.89,13,buy
9/18,0056,兆豐-南門,0037003000300067,4,98,-94,0.49,13,sell
9/18,0056,玉山證券,8840,236,79,157,0.81,14,buy
9/18,0056,永豐金-中壢,0039004100390039,14,102,-88,0.46,14,sell
9/18,0056,元大-基隆孝二,003900380036004b,161,13,148,0.77,15,buy
9/18,0056,富邦-青埔,003900360031004e,37,118,-81,0.42,15,sell
9/18,2880,台灣摩根士丹利,1470,11318,2279,9039,25.46,1,buy
9/18,2880,美林,1440,2876,7946,-5070,14.28,1,sell
9/18,2880,花旗環球,1590,5986,2643,3343,9.42,2,buy
9/18,2880,新加坡商瑞銀,1650,615,4393,-3778,10.64,2,sell
9/18,2880,美商高盛,1480,2206,1038,1168,3.29,3,buy
9/18,2880,統一,5850,48,1511,-1463,4.12,3,sell
9/18,2880,凱基-台北,9268,1573,722,851,2.4,4,buy
9/18,2880,元大證券,9800,1413,2791,-1378,3.88,4,sell
9/18,2880,永豐金證券,0039004100300030,503,156,347,0.98,5,buy
9/18,2880,港商野村,1560,8,1024,-1016,2.86,5,sell
9/18,2880,中國信託,6160,333,9,324,0.91,6,buy
9/18,2880,國泰證券,8880,6,714,-708,1.99,6,sell
9/18,2880,摩根大通,8440,3651,3339,312,0.88,7,buy
9/18,2880,法銀巴黎,8900,220,870,-650,1.83,7,sell
9/18,2880,統一-三多,0035003800350051,106,4,102,0.29,8,buy
9/18,2880,富邦證券,9600,1,451,-450,1.27,8,sell
9/18,2880,國泰-敦南,8888,293,209,84,0.24,9,buy
9/18,2880,凱基-中壢,9285,2,406,-404,1.14,9,sell
9/18,2880,華南永昌-中正,9359,82,6,76,0.21,10,buy
9/18,2880,香港上海匯豐,8960,27,294,-267,0.75,10,sell
9/18,2880,富邦-陽明,9604,64,14,50,0.14,11,buy
9/18,2880,港商麥格理,1360,2,152,-150,0.42,11,sell
9/18,2880,富邦-左營,0039003600360046,43,0,43,0.12,12,buy
9/18,2880,元大-屏東,9892,4,134,-130,0.37,12,sell
9/18,2880,元大-和平,9863,41,1,40,0.11,13,buy
9/18,2880,華南永昌-嘉義,9314,12,137,-125,0.35,13,sell
9/18,2880,統一-新營,0035003800350045,41,1,40,0.11,14,buy
9/18,2880,國票證券,7790,9,122,-113,0.32,14,sell
9/18,2880,新光-新竹,8563,33,2,31,0.09,15,buy
9/18,2880,高橋-龍潭,5321,0,85,-85,0.24,15,sell
9/18,2889,華南永昌-小港,9323,1359,0,1359,6.82,1,buy
9/18,2889,摩根大通,8440,950,3378,-2428,12.19,1,sell
9/18,2889,華南永昌-世貿,9334,1320,0,1320,6.63,2,buy
9/18,2889,美商高盛,1480,866,2698,-1832,9.2,2,sell
9/18,2889,富邦-中壢,9636,565,104,461,2.31,3,buy
9/18,2889,台灣摩根士丹利,1470,1571,2851,-1280,6.43,3,sell
9/18,2889,港商麥格理,1360,376,0,376,1.89,4,buy
9/18,2889,富邦-青埔,003900360031004e,5,1198,-1193,5.99,4,sell
9/18,2889,國泰-館前,0038003800380041,339,13,326,1.64,5,buy
9/18,2889,美林,1440,4,1139,-1135,5.7,5,sell
9/18,2889,群益金鼎-新竹,9186,320,0,320,1.61,6,buy
9/18,2889,凱基-台北,9268,557,1586,-1029,5.17,6,sell
9/18,2889,花旗環球,1590,287,26,261,1.31,7,buy
9/18,2889,新加坡商瑞銀,1650,262,990,-728,3.66,7,sell
9/18,2889,第一金-台南,5384,256,1,255,1.28,8,buy
9/18,2889,玉山-城中,0038003800340045,102,510,-408,2.05,8,sell
9/18,2889,(牛牛牛)亞-鑫豐,0036003000310064,222,12,210,1.05,9,buy
9/18,2889,富邦-南京,0039003600310043,18,391,-373,1.87,9,sell
9/18,2889,元大證券,9800,1101,905,196,0.98,10,buy
9/18,2889,兆豐-南京,0037003000300050,0,300,-300,1.51,10,sell
9/18,2889,國泰-敦南,8888,275,85,190,0.95,11,buy
9/18,2889,土銀-嘉義,1034,2,267,-265,1.33,11,sell
9/18,2889,華南永昌-鳳山,9331,189,7,182,0.91,12,buy
9/18,2889,兆豐-三民,0037003000300068,25,250,-225,1.13,12,sell
9/18,2889,新光,8560,177,5,172,0.86,13,buy
9/18,2889,港商野村,1560,0,208,-208,1.04,13,sell
9/18,2889,(牛牛牛)亞-網路,6012,190,26,164,0.82,14,buy
9/18,2889,兆豐-桃園,003700300030004d,2,147,-145,0.73,14,sell
9/18,2889,元大-大里德芳,0039003800330057,152,0,152,0.76,15,buy
9/18,2889,凱基-台南,9211,10,101,-91,0.46,15,sell
9/18,1326,美林,1440,1725,352,1373,5.64,1,buy
9/18,1326,美商高盛,1480,935,4306,-3371,13.84,1,sell
9/18,1326,凱基-台北,9268,1563,481,1082,4.44,2,buy
9/18,1326,元大-信義,003900380039006d,7,1007,-1000,4.11,2,sell
9/18,1326,摩根大通,8440,1936,1501,435,1.79,3,buy
9/18,1326,台灣摩根士丹利,1470,775,1220,-445,1.83,3,sell
9/18,1326,港商麥格理,1360,359,0,359,1.47,4,buy
9/18,1326,新加坡商瑞銀,1650,1459,1812,-353,1.45,4,sell
9/18,1326,臺銀,1040,219,4,215,0.88,5,buy
9/18,1326,法銀巴黎,8900,68,320,-252,1.03,5,sell
9/18,1326,國泰-敦南,8888,525,349,176,0.72,6,buy
9/18,1326,元大證券,9800,2106,2356,-250,1.03,6,sell
9/18,1326,華南永昌-麻豆,9308,188,15,173,0.71,7,buy
9/18,1326,花旗環球,1590,1569,1813,-244,1.0,7,sell
9/18,1326,富邦-竹科,0039003600320043,118,17,101,0.41,8,buy
9/18,1326,永豐金-內湖,0039004100390067,61,257,-196,0.8,8,sell
9/18,1326,國泰-台南,8884,119,32,87,0.36,9,buy
9/18,1326,永豐金證券,0039004100300030,106,213,-107,0.44,9,sell
9/18,1326,第一金-彰化,5386,95,20,75,0.31,10,buy
9/18,1326,中國信託-高雄,003600310036004b,17,90,-73,0.3,10,sell
9/18,1326,凱基,9200,70,0,70,0.29,11,buy
9/18,1326,國票-南科,0037003700390065,18,86,-68,0.28,11,sell
9/18,1326,富邦-頭份,0039003600320050,70,0,70,0.29,12,buy
9/18,1326,彰銀-七賢,1232,0,50,-50,0.21,12,sell
9/18,1326,富邦-板橋,9655,91,21,70,0.29,13,buy
9/18,1326,富邦-南員林,0039003600310052,16,65,-49,0.2,13,sell
9/18,1326,台灣企銀-九如,1113,69,1,68,0.28,14,buy
9/18,1326,華南永昌-板橋,9349,3,51,-48,0.2,14,sell
9/18,1326,香港上海匯豐,8960,67,0,67,0.28,15,buy
9/18,1326,兆豐-中壢,0037003000300062,5,50,-45,0.18,15,sell
9/18,1301,凱基,9200,3854,0,3854,13.32,1,buy
9/18,1301,美商高盛,1480,1116,4050,-2934,10.14,1,sell
9/18,1301,港商麥格理,1360,2983,0,2983,10.31,2,buy
9/18,1301,台灣摩根士丹利,1470,473,2107,-1634,5.65,2,sell
9/18,1301,富邦證券,9600,3218,629,2589,8.95,3,buy
9/18,1301,永豐金證券,0039004100300030,124,1349,-1225,4.24,3,sell
9/18,1301,永豐金-匯立,0039004100380031,1618,0,1618,5.59,4,buy
9/18,1301,華南永昌,9300,30,886,-856,2.96,4,sell
9/18,1301,花旗環球,1590,2336,1122,1214,4.2,5,buy
9/18,1301,摩根大通,8440,1499,2282,-783,2.71,5,sell
9/18,1301,亞東-新竹,2184,402,1,401,1.39,6,buy
9/18,1301,美林,1440,323,750,-427,1.48,6,sell
9/18,1301,土銀,1030,388,12,376,1.3,7,buy
9/18,1301,凱基-台北,9268,853,1264,-411,1.42,7,sell
9/18,1301,臺銀,1040,205,14,191,0.66,8,buy
9/18,1301,元大證券,9800,1836,2185,-349,1.21,8,sell
9/18,1301,台新,0039004200300030,251,70,181,0.63,9,buy
9/18,1301,法銀巴黎,8900,72,403,-331,1.14,9,sell
9/18,1301,台新-台南,0039004200310036,107,13,94,0.32,10,buy
9/18,1301,永豐金-新莊,0039004100390048,6,227,-221,0.76,10,sell
9/18,1301,中農,8520,90,1,89,0.31,11,buy
9/18,1301,聯邦-台南,8588,1,204,-203,0.7,11,sell
9/18,1301,台灣企銀-九如,1113,59,2,57,0.2,12,buy
9/18,1301,凱基-松山,9217,2,146,-144,0.5,12,sell
9/18,1301,中國信託,6160,68,19,49,0.17,13,buy
9/18,1301,大和國泰,8890,0,142,-142,0.49,13,sell
9/18,1301,永豐金-市政,0039004100390057,61,16,45,0.16,14,buy
9/18,1301,香港上海匯豐,8960,7,149,-142,0.49,14,sell
9/18,1301,富邦-板橋,9655,56,21,35,0.12,15,buy
9/18,1301,群益金鼎-民權,9131,1,142,-141,0.49,15,sell
9/18,2812,台灣摩根士丹利,1470,5186,1788,3398,13.63,1,buy
9/18,2812,美林,1440,56,5392,-5336,21.4,1,sell
9/18,2812,福邦-新竹,6489,1798,0,1798,7.21,2,buy
9/18,2812,摩根大通,8440,544,4685,-4141,16.61,2,sell
9/18,2812,美商高盛,1480,1971,672,1299,5.21,3,buy
9/18,2812,台中銀-台北,6115,0,3702,-3702,14.85,3,sell
9/18,2812,港商麥格理,1360,814,0,814,3.27,4,buy
9/18,2812,新加坡商瑞銀,1650,961,2782,-1821,7.3,4,sell
9/18,2812,花旗環球,1590,691,41,650,2.61,5,buy
9/18,2812,台新-文心,003900420032007a,7,756,-749,3.0,5,sell
9/18,2812,彰銀,1230,605,0,605,2.43,6,buy
9/18,2812,港商野村,1560,0,314,-314,1.26,6,sell
9/18,2812,華南永昌-林口,9317,501,0,501,2.01,7,buy
9/18,2812,富邦-中壢,9636,16,239,-223,0.89,7,sell
9/18,2812,富邦-仁愛,9676,417,7,410,1.64,8,buy
9/18,2812,合庫-自強,0031003000320043,26,223,-197,0.79,8,sell
9/18,2812,新光-桃園,8565,408,0,408,1.64,9,buy
9/18,2812,元大-楊梅,0039003800370041,2,133,-131,0.53,9,sell
9/18,2812,宏遠-桃園,1262,400,0,400,1.6,10,buy
9/18,2812,富邦-高雄,9659,5,101,-96,0.39,10,sell
9/18,2812,永豐金-新莊,0039004100390048,400,1,399,1.6,11,buy
9/18,2812,國票-九鼎,0037003700390050,3,75,-72,0.29,11,sell
9/18,2812,台新-高雄,0039004200310067,444,71,373,1.5,12,buy
9/18,2812,元大-永康,9829,4,65,-61,0.24,12,sell
9/18,2812,台中銀,6110,341,12,329,1.32,13,buy
9/18,2812,永豐金-虎尾,0039004100390062,5,66,-61,0.24,13,sell
9/18,2812,凱基-台北,9268,1048,770,278,1.12,14,buy
9/18,2812,美好-泰山,5263,2,60,-58,0.23,14,sell
9/18,2812,兆豐-台中港,7005,235,1,234,0.94,15,buy
9/18,2812,永豐金-潮州,0039004100390071,6,50,-44,0.18,15,sell
9/18,2324,群益金鼎,9100,6475,209,6266,12.01,1,buy
9/18,2324,新加坡商瑞銀,1650,4101,14405,-10304,19.76,1,sell
9/18,2324,台灣摩根士丹利,1470,5762,2237,3525,6.76,2,buy
9/18,2324,港商野村,1560,376,4833,-4457,8.55,2,sell
9/18,2324,美商高盛,1480,7000,4565,2435,4.67,3,buy
9/18,2324,香港上海匯豐,8960,233,1502,-1269,2.43,3,sell
9/18,2324,摩根大通,8440,4485,2552,1933,3.71,4,buy
9/18,2324,元大-北投,0039003800390041,487,1206,-719,1.38,4,sell
9/18,2324,凱基-台北,9268,2687,1404,1283,2.46,5,buy
9/18,2324,永豐金-板新,003900410039004a,30,329,-299,0.57,5,sell
9/18,2324,美林,1440,1488,363,1125,2.16,6,buy
9/18,2324,富邦-南京,0039003600310043,7,256,-249,0.48,6,sell
9/18,2324,花旗環球,1590,2879,2417,462,0.89,7,buy
9/18,2324,元大證券,9800,1748,1917,-169,0.32,7,sell
9/18,2324,永豐金證券,0039004100300030,502,193,309,0.59,8,buy
9/18,2324,台新,0039004200300030,71,213,-142,0.27,8,sell
9/18,2324,第一金-員林,5381,221,31,190,0.36,9,buy
9/18,2324,光和-高雄,0036003300380044,4,124,-120,0.23,9,sell
9/18,2324,華南永昌-板橋,9349,188,8,180,0.35,10,buy
9/18,2324,元大-竹北,0039003800310042,4,113,-109,0.21,10,sell
9/18,2324,港商麥格理,1360,173,0,173,0.33,11,buy
9/18,2324,元大-松山,0039003800310070,168,272,-104,0.2,11,sell
9/18,2324,法銀巴黎,8900,166,0,166,0.32,12,buy
9/18,2324,國泰-敦南,8888,375,467,-92,0.18,12,sell
9/18,2324,統一-南京,0035003800350055,160,1,159,0.3,13,buy
9/18,2324,元大-桃園,0039003800380042,8,97,-89,0.17,13,sell
9/18,2324,兆豐-台中港,7005,177,37,140,0.27,14,buy
9/18,2324,臺銀,1040,11,99,-88,0.17,14,sell
9/18,2324,大和國泰,8890,127,0,127,0.24,15,buy
9/18,2324,台新-中壢,0039004200310079,28,109,-81,0.16,15,sell
9/18,2002,兆豐-新竹,0037003000300056,2252,11,2241,8.87,1,buy
9/18,2002,元大證券,9800,1131,2505,-1374,5.44,1,sell
9/18,2002,摩根大通,8440,4489,2848,1641,6.5,2,buy
9/18,2002,台灣摩根士丹利,1470,945,2281,-1336,5.29,2,sell
9/18,2002,美林,1440,1514,232,1282,5.08,3,buy
9/18,2002,法銀巴黎,8900,46,1236,-1190,4.71,3,sell
9/18,2002,兆豐-桃園,003700300030004d,391,0,391,1.55,4,buy
9/18,2002,福邦-新竹,6489,0,700,-700,2.77,4,sell
9/18,2002,兆豐證券,7000,377,2,375,1.49,5,buy
9/18,2002,香港上海匯豐,8960,63,579,-516,2.04,5,sell
9/18,2002,美商高盛,1480,891,575,316,1.25,6,buy
9/18,2002,花旗環球,1590,4065,4376,-311,1.23,6,sell
9/18,2002,元大-清水,0039003800300065,297,4,293,1.16,7,buy
9/18,2002,兆豐-新營,003700300030004b,3,240,-237,0.94,7,sell
9/18,2002,永豐金證券,0039004100300030,243,20,223,0.88,8,buy
9/18,2002,新加坡商瑞銀,1650,986,1195,-209,0.83,8,sell
9/18,2002,凱基,9200,191,0,191,0.76,9,buy
9/18,2002,聯邦-雙和,8584,0,200,-200,0.79,9,sell
9/18,2002,凱基-台北,9268,913,732,181,0.72,10,buy
9/18,2002,兆豐-南門,0037003000300067,0,167,-167,0.66,10,sell
9/18,2002,永豐金-匯立,0039004100380031,268,88,180,0.71,11,buy
9/18,2002,國票-九鼎,0037003700390050,0,159,-159,0.63,11,sell
9/18,2002,宏遠-中和,0031003200360048,180,1,179,0.71,12,buy
9/18,2002,元大-高雄,003900380031006d,11,120,-109,0.43,12,sell
9/18,2002,凱基-林口,9257,144,0,144,0.57,13,buy
9/18,2002,永豐金-市政,0039004100390057,9,111,-102,0.4,13,sell
9/18,2002,新光-新竹,8563,133,18,115,0.46,14,buy
9/18,2002,華南永昌,9300,8,108,-100,0.4,14,sell
9/18,2002,中國信託,6160,136,28,108,0.43,15,buy
9/18,2002,元大-蘆洲,9857,11,109,-98,0.39,15,sell
9/18,1101,港商麥格理,1360,2677,0,2677,12.41,1,buy
9/18,1101,台灣摩根士丹利,1470,305,3245,-2940,13.63,1,sell
9/18,1101,元大證券,9800,2054,196,1858,8.61,2,buy
9/18,1101,新加坡商瑞銀,1650,302,2729,-2427,11.25,2,sell
9/18,1101,花旗環球,1590,1475,692,783,3.63,3,buy
9/18,1101,美林,1440,2871,4470,-1599,7.41,3,sell
9/18,1101,台新-信義,0039004200320048,309,3,306,1.42,4,buy
9/18,1101,北城證券,7750,2,934,-932,4.32,4,sell
9/18,1101,群益金鼎-三民,9188,300,0,300,1.39,5,buy
9/18,1101,摩根大通,8440,915,1575,-660,3.06,5,sell
9/18,1101,玉山-高雄,8843,234,10,224,1.04,6,buy
9/18,1101,美商高盛,1480,1907,2420,-513,2.38,6,sell
9/18,1101,群益金鼎-台南,9185,201,0,201,0.93,7,buy
9/18,1101,宏遠證券,1260,2,281,-279,1.29,7,sell
9/18,1101,土銀-建國,0031003000330041,160,0,160,0.74,8,buy
9/18,1101,港商野村,1560,0,235,-235,1.09,8,sell
9/18,1101,玉山-台中,0038003800340042,166,10,156,0.72,9,buy
9/18,1101,凱基-興隆,9289,2,200,-198,0.92,9,sell
9/18,1101,群益金鼎-中港,9138,122,0,122,0.57,10,buy
9/18,1101,合庫-高雄,1023,3,126,-123,0.57,10,sell
9/18,1101,華南永昌-大安,9307,120,10,110,0.51,11,buy
9/18,1101,凱基-高雄,9206,0,101,-101,0.47,11,sell
9/18,1101,元大-台中中港,0039003800390042,113,7,106,0.49,12,buy
9/18,1101,凱基-高美館,9215,12,101,-89,0.41,12,sell
9/18,1101,(牛牛牛)亞-鑫豐,0036003000310064,109,4,105,0.49,13,buy
9/18,1101,群益金鼎-新莊,0039003100380047,10,70,-60,0.28,13,sell
9/18,1101,元大-羅東,0039003800320041,101,0,101,0.47,14,buy
9/18,1101,元大-高雄,003900380031006d,5,60,-55,0.25,14,sell
9/18,1101,台灣企銀-北高雄,0031003100310046,101,0,101,0.47,15,buy
9/18,1101,凱基-松山,9217,2,53,-51,0.24,15,sell
9/18,3231,第一金,5380,3459,3,3456,8.63,1,buy
9/18,3231,新加坡商瑞銀,1650,1621,3348,-1727,4.31,1,sell
9/18,3231,元大證券,9800,5132,2945,2187,5.46,2,buy
9/18,3231,港商麥格理,1360,0,1626,-1626,4.06,2,sell
9/18,3231,凱基-台北,9268,2285,754,1531,3.82,3,buy
9/18,3231,港商野村,1560,0,1623,-1623,4.05,3,sell
9/18,3231,台灣摩根士丹利,1470,3281,2469,812,2.03,4,buy
9/18,3231,香港上海匯豐,8960,190,1283,-1093,2.73,4,sell
9/18,3231,統一,5850,684,43,641,1.6,5,buy
9/18,3231,大和國泰,8890,3,819,-816,2.04,5,sell
9/18,3231,永豐金證券,0039004100300030,653,254,399,1.0,6,buy
9/18,3231,摩根大通,8440,3129,3907,-778,1.94,6,sell
9/18,3231,元大-基隆孝二,003900380036004b,356,30,326,0.81,7,buy
9/18,3231,美林,1440,832,1203,-371,0.93,7,sell
9/18,3231,中國信託-永康,6163,316,3,313,0.78,8,buy
9/18,3231,國泰證券,8880,123,460,-337,0.84,8,sell
9/18,3231,凱基-士林,9238,316,21,295,0.74,9,buy
9/18,3231,法銀巴黎,8900,27,281,-254,0.63,9,sell
9/18,3231,富邦證券,9600,495,249,246,0.61,10,buy
9/18,3231,兆豐證券,7000,32,253,-221,0.55,10,sell
9/18,3231,美商高盛,1480,3337,3177,160,0.4,11,buy
9/18,3231,玉山證券,8840,24,242,-218,0.54,11,sell
9/18,3231,中國信託-高雄,003600310036004b,160,11,149,0.37,12,buy
9/18,3231,凱基,9200,95,299,-204,0.51,12,sell
9/18,3231,群益金鼎,9100,316,172,144,0.36,13,buy
9/18,3231,凱基-新豐,9266,4,125,-121,0.3,13,sell
9/18,3231,花旗環球,1590,2857,2727,130,0.32,14,buy
9/18,3231,統一-新竹,5857,3,109,-106,0.26,14,sell
9/18,3231,凱基-高美館,9215,109,22,87,0.22,15,buy
9/18,3231,統一-敦南,5852,10,90,-80,0.2,15,sell
9/18,6919,凱基-台北,9268,619,239,380,6.1,1,buy
9/18,6919,摩根大通,8440,559,862,-303,4.87,1,sell
9/18,6919,花旗環球,1590,405,206,199,3.2,2,buy
9/18,6919,國泰-板橋,003800380038004b,29,218,-189,3.04,2,sell
9/18,6919,美林,1440,253,102,151,2.43,3,buy
9/18,6919,元大證券,9800,226,408,-182,2.92,3,sell
9/18,6919,富邦-新店,9661,110,11,99,1.59,4,buy
9/18,6919,台灣摩根士丹利,1470,229,356,-127,2.04,4,sell
9/18,6919,美商高盛,1480,440,362,78,1.25,5,buy
9/18,6919,大昌-桃園,6465,62,163,-101,1.62,5,sell
9/18,6919,元大-內湖民權,9867,72,2,70,1.12,6,buy
9/18,6919,國票-安和,003700370039005a,5,102,-97,1.56,6,sell
9/18,6919,第一金-新竹,0035003300380042,90,21,69,1.11,7,buy
9/18,6919,元大-台北,0039003800300068,41,111,-70,1.12,7,sell
9/18,6919,國票-博愛,003700370039007a,51,1,50,0.8,8,buy
9/18,6919,元大-永和,9891,2,55,-53,0.85,8,sell
9/18,6919,永豐金-中正,0039004100390055,56,9,47,0.75,9,buy
9/18,6919,凱基-民權,0039003200310043,2,55,-53,0.85,9,sell
9/18,6919,凱基-埔墘,9288,40,0,40,0.64,10,buy
9/18,6919,永豐金-新莊,0039004100390048,1,43,-42,0.67,10,sell
9/18,6919,元大-新盛,9869,37,1,36,0.58,11,buy
9/18,6919,第一金-光復,0035003300380043,0,32,-32,0.51,11,sell
9/18,6919,玉山-新竹,0038003800340048,34,2,32,0.51,12,buy
9/18,6919,元大-高雄,003900380031006d,1,24,-23,0.37,12,sell
9/18,6919,國泰-敦南,8888,142,110,32,0.51,13,buy
9/18,6919,富邦-中壢,9636,2,23,-21,0.34,13,sell
9/18,6919,康和,8450,32,1,31,0.5,14,buy
9/18,6919,富邦-台北,9623,6,27,-21,0.34,14,sell
9/18,6919,玉山證券,8840,47,19,28,0.45,15,buy
9/18,6919,美好-蘆洲,5261,0,20,-20,0.32,15,sell
9/18,9904,元大證券,9800,2398,227,2171,11.27,1,buy
9/18,9904,新加坡商瑞銀,1650,988,4292,-3304,17.15,1,sell
9/18,9904,永豐金證券,0039004100300030,1132,8,1124,5.84,2,buy
9/18,9904,台灣摩根士丹利,1470,573,3846,-3273,16.99,2,sell
9/18,9904,花旗環球,1590,1335,279,1056,5.48,3,buy
9/18,9904,美林,1440,776,3142,-2366,12.28,3,sell
9/18,9904,摩根大通,8440,2337,1317,1020,5.3,4,buy
9/18,9904,香港上海匯豐,8960,0,803,-803,4.17,4,sell
9/18,9904,港商麥格理,1360,1008,0,1008,5.23,5,buy
9/18,9904,元大-南屯,9853,22,665,-643,3.34,5,sell
9/18,9904,美商高盛,1480,1039,238,801,4.16,6,buy
9/18,9904,兆豐-大同,0037003000300053,0,500,-500,2.6,6,sell
9/18,9904,華南永昌-大安,9307,413,0,413,2.14,7,buy
9/18,9904,元大-民生三民,0039003800390058,20,250,-230,1.19,7,sell
9/18,9904,國泰-館前,0038003800380041,301,4,297,1.54,8,buy
9/18,9904,港商野村,1560,449,655,-206,1.07,8,sell
9/18,9904,華南永昌-基隆,9322,270,0,270,1.4,9,buy
9/18,9904,元大-北投,0039003800390041,0,200,-200,1.04,9,sell
9/18,9904,亞東,2180,203,0,203,1.05,10,buy
9/18,9904,永豐金-羅東,0039004100390041,1,94,-93,0.48,10,sell
9/18,9904,聯邦證券,8580,200,0,200,1.04,11,buy
9/18,9904,兆豐-竹北,7007,0,50,-50,0.26,11,sell
9/18,9904,兆豐-高雄,003700300030005a,153,0,153,0.79,12,buy
9/18,9904,新光-高雄,8562,2,43,-41,0.21,12,sell
9/18,9904,兆豐-台中港,7005,136,1,135,0.7,13,buy
9/18,9904,元大-蘆洲,9857,21,60,-39,0.2,13,sell
9/18,9904,台新,0039004200300030,137,10,127,0.66,14,buy
9/18,9904,元大-虎尾,003900380030006c,0,37,-37,0.19,14,sell
9/18,9904,國泰證券,8880,126,10,116,0.6,15,buy
9/18,9904,永豐金-大園,0039004100390038,1,38,-37,0.19,15,sell
9/18,8112,國泰-桃園,8885,85,2,83,1.74,1,buy
9/18,8112,美商高盛,1480,98,633,-535,11.22,1,sell
9/18,8112,華南永昌-麻豆,9308,75,0,75,1.57,2,buy
9/18,8112,美林,1440,109,540,-431,9.04,2,sell
9/18,8112,凱基-中山,9229,57,3,54,1.13,3,buy
9/18,8112,台灣摩根士丹利,1470,256,676,-420,8.81,3,sell
9/18,8112,石橋證券,7080,58,5,53,1.11,4,buy
9/18,8112,花旗環球,1590,111,331,-220,4.61,4,sell
9/18,8112,台新,0039004200300030,53,1,52,1.09,5,buy
9/18,8112,群益金鼎-基隆,0039003100330045,0,141,-141,2.96,5,sell
9/18,8112,摩根大通,8440,333,286,47,0.99,6,buy
9/18,8112,元大-信義,003900380039006d,0,100,-100,2.1,6,sell
9/18,8112,元大-虎尾,003900380030006c,43,0,43,0.9,7,buy
9/18,8112,富邦-建國,9658,5,101,-96,2.01,7,sell
9/18,8112,富邦-三重,9677,41,0,41,0.86,8,buy
9/18,8112,新加坡商瑞銀,1650,84,160,-76,1.59,8,sell
9/18,8112,新光,8560,45,10,35,0.73,9,buy
9/18,8112,凱基-台北,9268,92,166,-74,1.55,9,sell
9/18,8112,富邦-新竹,9647,55,20,35,0.73,10,buy
9/18,8112,福邦證券,6480,0,51,-51,1.07,10,sell
9/18,8112,華南永昌-中正,9359,32,0,32,0.67,11,buy
9/18,8112,永豐金-桃盛,003900410039004e,5,50,-45,0.94,11,sell
9/18,8112,富邦-仁愛,9676,31,2,29,0.61,12,buy
9/18,8112,兆豐-埔墘,003700300030004e,1,35,-34,0.71,12,sell
9/18,8112,元大-內湖,003900380039004e,28,0,28,0.59,13,buy
9/18,8112,國票-北投,7792,0,30,-30,0.63,13,sell
9/18,8112,永豐金-員林,0039004100390043,26,0,26,0.55,14,buy
9/18,8112,元大-草屯,0039003800390045,3,30,-27,0.57,14,sell
9/18,8112,群益金鼎-丹鳳,0039003100380073,25,1,24,0.5,15,buy
9/18,8112,康和-永和,0038003400350042,0,18,-18,0.38,15,sell
9/18,2634,台灣摩根士丹利,1470,368,5,363,8.02,1,buy
9/18,2634,中國信託,6160,8,186,-178,3.93,1,sell
9/18,2634,港商野村,1560,206,0,206,4.55,2,buy
9/18,2634,國泰-館前,0038003800380041,1,129,-128,2.83,2,sell
9/18,2634,玉山-信義,0038003800340043,228,40,188,4.15,3,buy
9/18,2634,元大證券,9800,129,230,-101,2.23,3,sell
9/18,2634,華南永昌-東昇,9386,172,1,171,3.78,4,buy
9/18,2634,台灣企銀-九如,1113,1,100,-99,2.19,4,sell
9/18,2634,摩根大通,8440,200,29,171,3.78,5,buy
9/18,2634,國泰-敦南,8888,61,148,-87,1.92,5,sell
9/18,2634,富邦-羅東,9634,109,2,107,2.36,6,buy
9/18,2634,永豐金-市政,0039004100390057,12,82,-70,1.55,6,sell
9/18,2634,凱基-台北,9268,245,148,97,2.14,7,buy
9/18,2634,富邦-竹東,9625,3,66,-63,1.39,7,sell
9/18,2634,康和-嘉義,8459,73,1,72,1.59,8,buy
9/18,2634,統一-新竹,5857,1,59,-58,1.28,8,sell
9/18,2634,台灣企銀-台中,1111,60,0,60,1.33,9,buy
9/18,2634,永豐金-埔里,0039004100370039,6,55,-49,1.08,9,sell
9/18,2634,美林,1440,59,0,59,1.3,10,buy
9/18,2634,元大-和平,9863,0,49,-49,1.08,10,sell
9/18,2634,元大-竹山,0039003800310052,53,0,53,1.17,11,buy
9/18,2634,永豐金-古亭,0039004100390064,3,51,-48,1.06,11,sell
9/18,2634,美商高盛,1480,92,40,52,1.15,12,buy
9/18,2634,永豐金-嘉義,003900410039006a,0,46,-46,1.02,12,sell
9/18,2634,元大-大里,0039003800310067,54,6,48,1.06,13,buy
9/18,2634,台新-新營,0039004200310031,4,50,-46,1.02,13,sell
9/18,2634,德信-新營,6913,50,5,45,0.99,14,buy
9/18,2634,永豐金-永康,0039004100390063,26,67,-41,0.91,14,sell
9/18,2634,凱基-站前,0039003200300046,45,12,33,0.73,15,buy
9/18,2634,富邦-竹北,9624,0,39,-39,0.86,15,sell
9/18,2327,凱基-台北,9268,1873,553,1320,5.03,1,buy
9/18,2327,新加坡商瑞銀,1650,515,1212,-697,2.66,1,sell
9/18,2327,美商高盛,1480,2816,1994,822,3.13,2,buy
9/18,2327,國泰-敦南,8888,594,844,-250,0.95,2,sell
9/18,2327,國票-安和,003700370039005a,720,13,707,2.7,3,buy
9/18,2327,統一,5850,177,410,-233,0.89,3,sell
9/18,2327,摩根大通,8440,1606,1022,584,2.23,4,buy
9/18,2327,華南永昌,9300,36,173,-137,0.52,4,sell
9/18,2327,永豐金-匯立,0039004100380031,510,0,510,1.94,5,buy
9/18,2327,國票-敦北法人,0037003700390063,24,137,-113,0.43,5,sell
9/18,2327,凱基,9200,530,84,446,1.7,6,buy
9/18,2327,法銀巴黎,8900,35,145,-110,0.42,6,sell
9/18,2327,群益金鼎,9100,593,237,356,1.36,7,buy
9/18,2327,香港上海匯豐,8960,34,109,-75,0.29,7,sell
9/18,2327,花旗環球,1590,599,377,222,0.85,8,buy
9/18,2327,新光,8560,115,185,-70,0.27,8,sell
9/18,2327,兆豐-中壢,0037003000300062,227,7,220,0.84,9,buy
9/18,2327,元大-復北,9872,8,77,-69,0.26,9,sell
9/18,2327,富邦證券,9600,372,161,211,0.8,10,buy
9/18,2327,富邦-新板,0039003600310048,25,90,-65,0.25,10,sell
9/18,2327,港商麥格理,1360,405,203,202,0.77,11,buy
9/18,2327,康和,8450,13,72,-59,0.22,11,sell
9/18,2327,群益金鼎-大安,0039003100380065,162,25,137,0.52,12,buy
9/18,2327,宏遠證券,1260,50,106,-56,0.21,12,sell
9/18,2327,華南永昌-南京,9326,129,24,105,0.4,13,buy
9/18,2327,港商野村,1560,16,71,-55,0.21,13,sell
9/18,2327,台灣摩根士丹利,1470,1942,1846,96,0.37,14,buy
9/18,2327,元大-高雄,003900380031006d,21,75,-54,0.21,14,sell
9/18,2327,第一金-台中,5382,96,5,91,0.35,15,buy
9/18,2327,國泰-桃園,8885,66,119,-53,0.2,15,sell
9/18,3036,華南永昌,9300,461,15,446,3.53,1,buy
9/18,3036,摩根大通,8440,995,2147,-1152,9.12,1,sell
9/18,3036,元大證券,9800,1149,789,360,2.85,2,buy
9/18,3036,美商高盛,1480,534,1569,-1035,8.19,2,sell
9/18,3036,元大-頭份,0039003800330055,237,0,237,1.88,3,buy
9/18,3036,凱基-台北,9268,442,1223,-781,6.18,3,sell
9/18,3036,富邦證券,9600,225,7,218,1.73,4,buy
9/18,3036,新加坡商瑞銀,1650,224,592,-368,2.91,4,sell
9/18,3036,華南永昌-大安,9307,228,24,204,1.61,5,buy
9/18,3036,富邦-宜蘭,9686,7,282,-275,2.18,5,sell
9/18,3036,中國信託,6160,215,26,189,1.5,6,buy
9/18,3036,國票-安和,003700370039005a,13,239,-226,1.79,6,sell
9/18,3036,花旗環球,1590,381,230,151,1.2,7,buy
9/18,3036,國泰證券,8880,66,253,-187,1.48,7,sell
9/18,3036,台新,0039004200300030,146,30,116,0.92,8,buy
9/18,3036,亞東,2180,1,100,-99,0.78,8,sell
9/18,3036,國泰-敦南,8888,247,140,107,0.85,9,buy
9/18,3036,台灣摩根士丹利,1470,508,597,-89,0.7,9,sell
9/18,3036,元大-復北,9872,106,2,104,0.82,10,buy
9/18,3036,港商野村,1560,58,132,-74,0.59,10,sell
9/18,3036,元大-土城,9897,98,9,89,0.7,11,buy
9/18,3036,國票-和平,003700370039006a,1,52,-51,0.4,11,sell
9/18,3036,永豐金證券,0039004100300030,186,105,81,0.64,12,buy
9/18,3036,新光-新竹,8563,22,72,-50,0.4,12,sell
9/18,3036,元大-樹林,003900380039006a,79,2,77,0.61,13,buy
9/18,3036,港商麥格理,1360,4,52,-48,0.38,13,sell
9/18,3036,臺銀-民權,1043,67,5,62,0.49,14,buy
9/18,3036,元大-大里,0039003800310067,24,64,-40,0.32,14,sell
9/18,3036,群益金鼎,9100,209,154,55,0.44,15,buy
9/18,3036,玉山-大里,003800380034004a,4,44,-40,0.32,15,sell
9/18,3045,美林,1440,3879,352,3527,19.46,1,buy
9/18,3045,摩根大通,8440,1914,5947,-4033,22.25,1,sell
9/18,3045,中國信託,6160,2963,2,2961,16.34,2,buy
9/18,3045,國票-台南,0037003700390044,0,956,-956,5.27,2,sell
9/18,3045,美商高盛,1480,1290,409,881,4.86,3,buy
9/18,3045,新加坡商瑞銀,1650,1046,1828,-782,4.31,3,sell
9/18,3045,花旗環球,1590,870,336,534,2.95,4,buy
9/18,3045,統一,5850,60,633,-573,3.16,4,sell
9/18,3045,富邦-左營,0039003600360046,200,1,199,1.1,5,buy
9/18,3045,凱基-台北,9268,1317,1788,-471,2.6,5,sell
9/18,3045,港商麥格理,1360,138,0,138,0.76,6,buy
9/18,3045,台灣摩根士丹利,1470,744,1172,-428,2.36,6,sell
9/18,3045,永豐金-忠孝,0039004100390044,124,0,124,0.68,7,buy
9/18,3045,國泰證券,8880,5,240,-235,1.3,7,sell
9/18,3045,永豐金證券,0039004100300030,151,48,103,0.57,8,buy
9/18,3045,法銀巴黎,8900,6,179,-173,0.95,8,sell
9/18,3045,兆豐-桃園,003700300030004d,416,337,79,0.44,9,buy
9/18,3045,元大證券,9800,767,861,-94,0.52,9,sell
9/18,3045,永豐金-板盛,0039004100390059,66,0,66,0.36,10,buy
9/18,3045,兆豐-公益,003700300030004a,5,81,-76,0.42,10,sell
9/18,3045,永豐金-匯立,0039004100380031,49,0,49,0.27,11,buy
9/18,3045,凱基-市府,0039003200300044,0,65,-65,0.36,11,sell
9/18,3045,凱基,9200,33,0,33,0.18,12,buy
9/18,3045,富邦-板橋,9655,0,58,-58,0.32,12,sell
9/18,3045,富邦-新店,9661,30,0,30,0.17,13,buy
9/18,3045,元大-忠孝,9871,0,45,-45,0.25,13,sell
9/18,3045,兆豐-忠孝,0037003000300061,20,0,20,0.11,14,buy
9/18,3045,元大-竹科,003900380030004b,0,31,-31,0.17,14,sell
9/18,3045,永豐金-松山,0039004100390031,22,11,11,0.06,15,buy
9/18,3045,華南永昌-鶯歌,9319,0,30,-30,0.17,15,sell
9/18,2845,美商高盛,1480,1080,433,647,5.31,1,buy
9/18,2845,摩根大通,8440,580,2609,-2029,16.64,1,sell
9/18,2845,新光,8560,368,46,322,2.64,2,buy
9/18,2845,台灣摩根士丹利,1470,480,2290,-1810,14.85,2,sell
9/18,2845,台新-屏新,0039004200320071,302,0,302,2.48,3,buy
9/18,2845,新加坡商瑞銀,1650,265,1281,-1016,8.33,3,sell
9/18,2845,元大證券,9800,1028,743,285,2.34,4,buy
9/18,2845,美林,1440,115,745,-630,5.17,4,sell
9/18,2845,華南永昌-新莊,9305,470,198,272,2.23,5,buy
9/18,2845,法銀巴黎,8900,12,322,-310,2.54,5,sell
9/18,2845,富邦-板橋,9655,237,5,232,1.9,6,buy
9/18,2845,凱基-中壢,9285,2,300,-298,2.44,6,sell
9/18,2845,元大-沙鹿,0039003800300064,215,0,215,1.76,7,buy
9/18,2845,美好-中和,0035003200360041,0,100,-100,0.82,7,sell
9/18,2845,美好-蘆洲,5261,208,0,208,1.71,8,buy
9/18,2845,台新-板橋,0039004200320062,0,80,-80,0.66,8,sell
9/18,2845,花旗環球,1590,407,218,189,1.55,9,buy
9/18,2845,統一-新台中,0035003800350044,12,64,-52,0.43,9,sell
9/18,2845,台新,0039004200300030,185,0,185,1.52,10,buy
9/18,2845,華南永昌-長虹,9333,0,50,-50,0.41,10,sell
9/18,2845,玉山-雙和,8841,147,4,143,1.17,11,buy
9/18,2845,元大-竹北,0039003800310042,7,53,-46,0.38,11,sell
9/18,2845,永豐金證券,0039004100300030,140,7,133,1.09,12,buy
9/18,2845,元大-雙和,9874,0,35,-35,0.29,12,sell
9/18,2845,群益金鼎-新莊,0039003100380047,131,0,131,1.07,13,buy
9/18,2845,元大-長榮,0039003800390049,2,35,-33,0.27,13,sell
9/18,2845,富邦-南員林,0039003600310052,115,0,115,0.94,14,buy
9/18,2845,元大-高雄,003900380031006d,0,27,-27,0.22,14,sell
9/18,2845,富邦-陽明,9604,105,0,105,0.86,15,buy
9/18,2845,群益金鼎-台中,9184,0,26,-26,0.21,15,sell
9/18,2885,花旗環球,1590,19285,5042,14243,29.22,1,buy
9/18,2885,永豐金證券,0039004100300030,670,4841,-4171,8.56,1,sell
9/18,2885,永豐金-匯立,0039004100380031,4103,51,4052,8.31,2,buy
9/18,2885,美商高盛,1480,2728,5710,-2982,6.12,2,sell
9/18,2885,港商麥格理,1360,3341,0,3341,6.85,3,buy
9/18,2885,美林,1440,993,3526,-2533,5.2,3,sell
9/18,2885,新加坡商瑞銀,1650,4151,2820,1331,2.73,4,buy
9/18,2885,台灣摩根士丹利,1470,2571,4987,-2416,4.96,4,sell
9/18,2885,中國信託-文心,6164,1097,0,1097,2.25,5,buy
9/18,2885,凱基-台北,9268,952,3160,-2208,4.53,5,sell
9/18,2885,中國信託,6160,307,13,294,0.6,6,buy
9/18,2885,摩根大通,8440,3719,5471,-1752,3.59,6,sell
9/18,2885,臺銀,1040,208,19,189,0.39,7,buy
9/18,2885,香港上海匯豐,8960,114,1593,-1479,3.03,7,sell
9/18,2885,元大-台北,0039003800300068,160,99,61,0.13,8,buy
9/18,2885,國泰證券,8880,614,1741,-1127,2.31,8,sell
9/18,2885,台灣企銀-台中,1111,50,2,48,0.1,9,buy
9/18,2885,法銀巴黎,8900,147,1100,-953,1.96,9,sell
9/18,2885,元大-中崙,9813,38,7,31,0.06,10,buy
9/18,2885,元大證券,9800,1038,1775,-737,1.51,10,sell
9/18,2885,元大-新生,0039003800310058,28,1,27,0.06,11,buy
9/18,2885,凱基,9200,73,538,-465,0.95,11,sell
9/18,2885,兆豐證券,7000,24,0,24,0.05,12,buy
9/18,2885,華南永昌,9300,7,403,-396,0.81,12,sell
9/18,2885,元大-大同,0039003800390047,24,2,22,0.05,13,buy
9/18,2885,港商野村,1560,41,294,-253,0.52,13,sell
9/18,2885,福勝,6950,20,0,20,0.04,14,buy
9/18,2885,富邦證券,9600,41,203,-162,0.33,14,sell
9/18,2885,元大-苗栗,003900380031004d,21,1,20,0.04,15,buy
9/18,2885,國泰-敦南,8888,189,347,-158,0.32,15,sell
9/18,1314,港商麥格理,1360,10536,164,10372,6.86,1,buy
9/18,1314,凱基-城中,9227,3,7725,-7722,5.11,1,sell
9/18,1314,凱基-桃園,9208,2173,36,2137,1.41,2,buy
9/18,1314,凱基-台北,9268,4297,11987,-7690,5.09,2,sell
9/18,1314,美林,1440,5128,3232,1896,1.25,3,buy
9/18,1314,第一金-路竹,0035003300380050,58,4176,-4118,2.73,3,sell
9/18,1314,新加坡商瑞銀,1650,3512,2393,1119,0.74,4,buy
9/18,1314,統一,5850,177,3114,-2937,1.94,4,sell
9/18,1314,美商高盛,1480,5543,4588,955,0.63,5,buy
9/18,1314,凱基-市政,9239,21,2009,-1988,1.32,5,sell
9/18,1314,中國信託,6160,1338,477,861,0.57,6,buy
9/18,1314,台灣摩根士丹利,1470,6120,8005,-1885,1.25,6,sell
9/18,1314,凱基-站前,0039003200300046,1071,253,818,0.54,7,buy
9/18,1314,國泰-台中,8882,532,1939,-1407,0.93,7,sell
9/18,1314,台新-台北,0039004200320030,804,1,803,0.53,8,buy
9/18,1314,元大證券,9800,9425,10690,-1265,0.84,8,sell
9/18,1314,中農,8520,715,63,652,0.43,9,buy
9/18,1314,新百王,6210,168,1147,-979,0.65,9,sell
9/18,1314,凱基-鳳山,9274,650,42,608,0.4,10,buy
9/18,1314,統一-台中,5856,58,697,-639,0.42,10,sell
9/18,1314,群益金鼎,9100,4029,3430,599,0.4,11,buy
9/18,1314,台新-緯城,0039004200320041,94,600,-506,0.33,11,sell
9/18,1314,玉山-大里,003800380034004a,759,161,598,0.4,12,buy
9/18,1314,永豐金-亞灣,0039004100390061,681,1124,-443,0.29,12,sell
9/18,1314,兆豐-城中,0037003000300057,487,12,475,0.31,13,buy
9/18,1314,新光,8560,859,1293,-434,0.29,13,sell
9/18,1314,台新-桃園,0039004200320076,451,49,402,0.27,14,buy
9/18,1314,亞東-台南,2185,0,426,-426,0.28,14,sell
9/18,1314,台新-中原,0039004200320067,700,299,401,0.27,15,buy
9/18,1314,群益金鼎-東門,0039003100380044,23,429,-406,0.27,15,sell
9/18,5876,花旗環球,1590,1520,540,980,9.95,1,buy
9/18,5876,美林,1440,464,1055,-591,6.0,1,sell
9/18,5876,台灣摩根士丹利,1470,1464,933,531,5.39,2,buy
9/18,5876,美商高盛,1480,691,1256,-565,5.74,2,sell
9/18,5876,永豐金證券,0039004100300030,622,128,494,5.02,3,buy
9/18,5876,新加坡商瑞銀,1650,141,693,-552,5.61,3,sell
9/18,5876,凱基-台北,9268,852,420,432,4.39,4,buy
9/18,5876,摩根大通,8440,1386,1718,-332,3.37,4,sell
9/18,5876,港商野村,1560,228,126,102,1.04,5,buy
9/18,5876,富邦-陽明,9604,1,206,-205,2.08,5,sell
9/18,5876,群益金鼎,9100,126,24,102,1.04,6,buy
9/18,5876,法銀巴黎,8900,160,349,-189,1.92,6,sell
9/18,5876,中國信託,6160,105,3,102,1.04,7,buy
9/18,5876,香港上海匯豐,8960,23,157,-134,1.36,7,sell
9/18,5876,港商麥格理,1360,91,0,91,0.92,8,buy
9/18,5876,元大證券,9800,535,668,-133,1.35,8,sell
9/18,5876,凱基,9200,60,2,58,0.59,9,buy
9/18,5876,永豐金-中和,0039004100390042,0,128,-128,1.3,9,sell
9/18,5876,統一-永和,0035003800350042,51,0,51,0.52,10,buy
9/18,5876,第一金-安和,003500330038006a,0,76,-76,0.77,10,sell
9/18,5876,元大-新店中正,0039003800340043,40,1,39,0.4,11,buy
9/18,5876,群益金鼎-新竹,9186,2,65,-63,0.64,11,sell
9/18,5876,永豐金-松山,0039004100390031,37,1,36,0.37,12,buy
9/18,5876,華南永昌,9300,31,80,-49,0.5,12,sell
9/18,5876,元大-鑫永和,9888,52,30,22,0.22,13,buy
9/18,5876,群益金鼎-古亭,0039003100380043,5,50,-45,0.46,13,sell
9/18,5876,華南永昌-台中,9302,22,0,22,0.22,14,buy
9/18,5876,國泰-台中,8882,3,46,-43,0.44,14,sell
9/18,5876,臺銀-民權,1043,58,36,22,0.22,15,buy
9/18,5876,富邦-板橋,9655,3,32,-29,0.29,15,sell
9/18,2834,台灣摩根士丹利,1470,8299,5308,2991,3.74,1,buy
9/18,2834,摩根大通,8440,1403,13506,-12103,15.15,1,sell
9/18,2834,元大-嘉義,0039003800390067,2066,34,2032,2.54,2,buy
9/18,2834,新加坡商瑞銀,1650,2135,11469,-9334,11.68,2,sell
9/18,2834,永豐金證券,0039004100300030,1819,17,1802,2.26,3,buy
9/18,2834,港商野村,1560,0,3762,-3762,4.71,3,sell
9/18,2834,花旗環球,1590,1893,640,1253,1.57,4,buy
9/18,2834,國票-長城,0037003700390075,0,3501,-3501,4.38,4,sell
9/18,2834,福邦-新竹,6489,998,0,998,1.25,5,buy
9/18,2834,凱基-台北,9268,5736,8651,-2915,3.65,5,sell
9/18,2834,土銀-嘉義,1034,874,7,867,1.08,6,buy
9/18,2834,美林,1440,12685,14328,-1643,2.06,6,sell
9/18,2834,元大證券,9800,2851,2044,807,1.01,7,buy
9/18,2834,亞東,2180,17,561,-544,0.68,7,sell
9/18,2834,台新-高雄,0039004200310067,883,202,681,0.85,8,buy
9/18,2834,元大-中壢,9834,205,709,-504,0.63,8,sell
9/18,2834,國泰-敦南,8888,842,290,552,0.69,9,buy
9/18,2834,美商高盛,1480,2830,3125,-295,0.37,9,sell
9/18,2834,國泰-板橋,003800380038004b,550,29,521,0.65,10,buy
9/18,2834,(牛牛牛)亞-鑫豐,0036003000310064,159,387,-228,0.29,10,sell
9/18,2834,玉山-高雄,8843,493,2,491,0.61,11,buy
9/18,2834,兆豐-鹿港,0037003000300066,82,266,-184,0.23,11,sell
9/18,2834,臺銀-高雄,0031003000340043,468,21,447,0.56,12,buy
9/18,2834,台新-林園,0039004200320037,27,203,-176,0.22,12,sell
9/18,2834,富邦-新板,0039003600310048,459,20,439,0.55,13,buy
9/18,2834,新光-桃園,8565,73,220,-147,0.18,13,sell
9/18,2834,國票-中港,003700370039006d,425,0,425,0.53,14,buy
9/18,2834,元大-松江,9801,4,150,-146,0.18,14,sell
9/18,2834,新光,8560,726,306,420,0.53,15,buy
9/18,2834,永興,5600,5,140,-135,0.17,15,sell
9/18,2897,福邦-新竹,6489,400,0,400,5.69,1,buy
9/18,2897,群益金鼎-新竹,9186,0,998,-998,14.2,1,sell
9/18,2897,美商高盛,1480,779,515,264,3.76,2,buy
9/18,2897,港商麥格理,1360,1,874,-873,12.43,2,sell
9/18,2897,摩根大通,8440,593,350,243,3.46,3,buy
9/18,2897,新加坡商瑞銀,1650,11,674,-663,9.44,3,sell
9/18,2897,台新-基隆,0039004200320053,214,4,210,2.99,4,buy
9/18,2897,台灣企銀-屏東,1116,0,370,-370,5.27,4,sell
9/18,2897,大昌-樹林,6461,200,0,200,2.85,5,buy
9/18,2897,富邦-青埔,003900360031004e,0,200,-200,2.85,5,sell
9/18,2897,第一金,5380,177,0,177,2.52,6,buy
9/18,2897,新光,8560,4,190,-186,2.65,6,sell
9/18,2897,富邦-仁愛,9676,166,0,166,2.36,7,buy
9/18,2897,台灣摩根士丹利,1470,233,409,-176,2.5,7,sell
9/18,2897,元大證券,9800,302,150,152,2.16,8,buy
9/18,2897,凱基-台北,9268,304,443,-139,1.98,8,sell
9/18,2897,國票-北高雄,003700370039004a,272,120,152,2.16,9,buy
9/18,2897,台新-新莊,0039004200310039,1,101,-100,1.42,9,sell
9/18,2897,安泰,8380,140,0,140,1.99,10,buy
9/18,2897,兆豐-松德,0037003000300069,0,50,-50,0.71,10,sell
9/18,2897,永豐金證券,0039004100300030,124,4,120,1.71,11,buy
9/18,2897,國票-桃園,0037003700390072,0,50,-50,0.71,11,sell
9/18,2897,凱基-屏東,0039003200320043,100,0,100,1.42,12,buy
9/18,2897,康和-永和,0038003400350042,0,50,-50,0.71,12,sell
9/18,2897,元大-台中中港,0039003800390042,98,0,98,1.39,13,buy
9/18,2897,合庫-台南,1022,0,41,-41,0.58,13,sell
9/18,2897,凱基-嘉義,9252,102,28,74,1.05,14,buy
9/18,2897,中國信託-高雄,003600310036004b,0,36,-36,0.51,14,sell
9/18,2897,臺銀-民權,1043,255,182,73,1.04,15,buy
9/18,2897,凱基-竹北,9234,0,30,-30,0.43,15,sell
9/18,1216,港商麥格理,1360,2311,1,2310,13.92,1,buy
9/18,1216,富邦證券,9600,56,1861,-1805,10.88,1,sell
9/18,1216,美商高盛,1480,2717,482,2235,13.47,2,buy
9/18,1216,新加坡商瑞銀,1650,692,1851,-1159,6.98,2,sell
9/18,1216,凱基,9200,1228,14,1214,7.32,3,buy
9/18,1216,國泰證券,8880,3,1115,-1112,6.7,3,sell
9/18,1216,凱基-台北,9268,1195,279,916,5.52,4,buy
9/18,1216,摩根大通,8440,1442,2516,-1074,6.47,4,sell
9/18,1216,台灣摩根士丹利,1470,1654,1022,632,3.81,5,buy
9/18,1216,永豐金-匯立,0039004100380031,976,1867,-891,5.37,5,sell
9/18,1216,永豐金證券,0039004100300030,275,48,227,1.37,6,buy
9/18,1216,元大證券,9800,761,1295,-534,3.22,6,sell
9/18,1216,花旗環球,1590,1584,1448,136,0.82,7,buy
9/18,1216,大和國泰,8890,6,440,-434,2.62,7,sell
9/18,1216,國票-北投,7792,100,0,100,0.6,8,buy
9/18,1216,凱基-中壢,9285,0,429,-429,2.59,8,sell
9/18,1216,新光,8560,72,3,69,0.42,9,buy
9/18,1216,法銀巴黎,8900,70,490,-420,2.53,9,sell
9/18,1216,群益金鼎-南京,0039003100380045,60,0,60,0.36,10,buy
9/18,1216,香港上海匯豐,8960,42,364,-322,1.94,10,sell
9/18,1216,美林,1440,321,265,56,0.34,11,buy
9/18,1216,港商野村,1560,14,104,-90,0.54,11,sell
9/18,1216,台新-五權西,0039004200320035,50,0,50,0.3,12,buy
9/18,1216,元大-林森,0039003800330042,0,88,-88,0.53,12,sell
9/18,1216,第一金-澎湖,5387,36,0,36,0.22,13,buy
9/18,1216,統一-嘉義,5858,3,31,-28,0.17,13,sell
9/18,1216,永豐金-市政,0039004100390057,36,0,36,0.22,14,buy
9/18,1216,群益金鼎,9100,71,94,-23,0.14,14,sell
9/18,1216,永豐金-板盛,0039004100390059,30,0,30,0.18,15,buy
9/18,1216,統一,5850,10,30,-20,0.12,15,sell
9/18,1303,花旗環球,1590,9076,1364,7712,9.49,1,buy
9/18,1303,美商高盛,1480,5154,11273,-6119,7.53,1,sell
9/18,1303,元大證券,9800,5647,4996,651,0.8,2,buy
9/18,1303,凱基-台北,9268,3028,6742,-3714,4.57,2,sell
9/18,1303,國泰證券,8880,666,67,599,0.74,3,buy
9/18,1303,新加坡商瑞銀,1650,3233,5990,-2757,3.39,3,sell
9/18,1303,永豐金證券,0039004100300030,1241,795,446,0.55,4,buy
9/18,1303,港商麥格理,1360,169,2607,-2438,3.0,4,sell
9/18,1303,凱基,9200,518,84,434,0.53,5,buy
9/18,1303,美林,1440,346,2545,-2199,2.71,5,sell
9/18,1303,群益金鼎-士林,9137,432,17,415,0.51,6,buy
9/18,1303,港商野村,1560,142,812,-670,0.82,6,sell
9/18,1303,國泰-敦南,8888,2021,1752,269,0.33,7,buy
9/18,1303,富邦證券,9600,684,1294,-610,0.75,7,sell
9/18,1303,富邦-台北,9623,476,228,248,0.31,8,buy
9/18,1303,法銀巴黎,8900,43,532,-489,0.6,8,sell
9/18,1303,統一-城中,5854,436,219,217,0.27,9,buy
9/18,1303,香港上海匯豐,8960,77,555,-478,0.59,9,sell
9/18,1303,(牛牛牛)亞證券,6010,200,0,200,0.25,10,buy
9/18,1303,宏遠證券,1260,7,406,-399,0.49,10,sell
9/18,1303,康和-台中,8455,237,52,185,0.23,11,buy
9/18,1303,第一金-高雄,5383,33,304,-271,0.33,11,sell
9/18,1303,新光,8560,593,427,166,0.2,12,buy
9/18,1303,華南永昌-南京,9326,102,362,-260,0.32,12,sell
9/18,1303,富邦-木柵,003900360031004d,189,32,157,0.19,13,buy
9/18,1303,元大-松江,9801,66,255,-189,0.23,13,sell
9/18,1303,永豐金-市政,0039004100390057,251,99,152,0.19,14,buy
9/18,1303,台灣摩根士丹利,1470,3811,4000,-189,0.23,14,sell
9/18,1303,國泰-板橋,003800380038004b,395,248,147,0.18,15,buy
9/18,1303,新光-新竹,8563,63,162,-99,0.12,15,sell
9/18,0050,凱基,9200,12626,52,12574,14.5,1,buy
9/18,0050,大和國泰,8890,0,5966,-5966,6.88,1,sell
9/18,0050,元大證券,9800,13555,5403,8152,9.4,2,buy
9/18,0050,永豐金證券,0039004100300030,3832,6654,-2822,3.25,2,sell
9/18,0050,統一,5850,3666,522,3144,3.63,3,buy
9/18,0050,國泰-敦南,8888,1169,3643,-2474,2.85,3,sell
9/18,0050,凱基-城中,9227,2786,61,2725,3.14,4,buy
9/18,0050,凱基-台北,9268,4487,6796,-2309,2.66,4,sell
9/18,0050,台新,0039004200300030,3503,843,2660,3.07,5,buy
9/18,0050,國泰-台中,8882,245,694,-449,0.52,5,sell
9/18,0050,華南永昌-大安,9307,2304,38,2266,2.61,6,buy
9/18,0050,新加坡商瑞銀,1650,964,1400,-436,0.5,6,sell
9/18,0050,兆豐-板橋,0037003000300042,1608,69,1539,1.77,7,buy
9/18,0050,新光-高雄,8562,28,463,-435,0.5,7,sell
9/18,0050,國票-敦北法人,0037003700390063,1303,3,1300,1.5,8,buy
9/18,0050,玉山-台南,8847,51,391,-340,0.39,8,sell
9/18,0050,宏遠-桃園,1262,1300,14,1286,1.48,9,buy
9/18,0050,國泰-台南,8884,80,374,-294,0.34,9,sell
9/18,0050,群益金鼎-西松,9136,1329,93,1236,1.43,10,buy
9/18,0050,富邦-仁愛,9676,32,318,-286,0.33,10,sell
9/18,0050,台新-板橋,0039004200320062,1327,185,1142,1.32,11,buy
9/18,0050,國泰-高雄,8881,116,371,-255,0.29,11,sell
9/18,0050,國票證券,7790,1145,37,1108,1.28,12,buy
9/18,0050,富邦-台南,9667,35,281,-246,0.28,12,sell
9/18,0050,國泰證券,8880,1110,70,1040,1.2,13,buy
9/18,0050,玉山證券,8840,216,453,-237,0.27,13,sell
9/18,0050,中國信託,6160,1448,520,928,1.07,14,buy
9/18,0050,合庫-台中,1021,23,257,-234,0.27,14,sell
9/18,0050,富邦證券,9600,5307,4493,814,0.94,15,buy
9/18,0050,國泰-館前,0038003800380041,105,335,-230,0.27,15,sell
9/18,2801,富邦-陽明,9604,2626,680,1946,4.27,1,buy
9/18,2801,摩根大通,8440,2015,8930,-6915,15.18,1,sell
9/18,2801,永豐金證券,0039004100300030,2561,1187,1374,3.02,2,buy
9/18,2801,美林,1440,840,3141,-2301,5.05,2,sell
9/18,2801,花旗環球,1590,2742,1472,1270,2.79,3,buy
9/18,2801,台灣摩根士丹利,1470,2931,4484,-1553,3.41,3,sell
9/18,2801,國泰-敦南,8888,639,255,384,0.84,4,buy
9/18,2801,永豐金-中壢,0039004100390039,11,865,-854,1.87,4,sell
9/18,2801,富邦-花蓮,9621,328,0,328,0.72,5,buy
9/18,2801,凱基-台北,9268,3492,3982,-490,1.08,5,sell
9/18,2801,國泰-松江,8883,317,26,291,0.64,6,buy
9/18,2801,法銀巴黎,8900,245,663,-418,0.92,6,sell
9/18,2801,中國信託,6160,316,33,283,0.62,7,buy
9/18,2801,香港上海匯豐,8960,28,393,-365,0.8,7,sell
9/18,2801,凱基-台中,9204,254,2,252,0.55,8,buy
9/18,2801,元大證券,9800,3669,3952,-283,0.62,8,sell
9/18,2801,元大-大里德芳,0039003800330057,259,25,234,0.51,9,buy
9/18,2801,富邦-公益,0039003600310046,34,302,-268,0.59,9,sell
9/18,2801,兆豐-寶成,0037003000300072,230,3,227,0.5,10,buy
9/18,2801,元大-東港,0039003800390066,8,260,-252,0.55,10,sell
9/18,2801,國泰-新莊,8886,196,5,191,0.42,11,buy
9/18,2801,合庫-彰化,1028,1,212,-211,0.46,11,sell
9/18,2801,元大-草屯,0039003800390045,196,8,188,0.41,12,buy
9/18,2801,永豐金-桃園,0039004100390078,12,202,-190,0.42,12,sell
9/18,2801,永豐金-台南,0039004100390068,206,26,180,0.4,13,buy
9/18,2801,富邦證券,9600,11,195,-184,0.4,13,sell
9/18,2801,台新,0039004200300030,202,30,172,0.38,14,buy
9/18,2801,元大-仁愛,003900380033006a,3,167,-164,0.36,14,sell
9/18,2801,兆豐-新營,003700300030004b,173,11,162,0.36,15,buy
9/18,2801,永豐金-永康,0039004100390063,13,174,-161,0.35,15,sell
9/18,6505,富邦證券,9600,1918,152,1766,7.95,1,buy
9/18,6505,美商高盛,1480,612,3185,-2573,11.59,1,sell
9/18,6505,摩根大通,8440,2263,574,1689,7.61,2,buy
9/18,6505,台灣摩根士丹利,1470,1001,2097,-1096,4.94,2,sell
9/18,6505,凱基,9200,830,108,722,3.25,3,buy
9/18,6505,美林,1440,317,931,-614,2.77,3,sell
9/18,6505,玉山證券,8840,564,18,546,2.46,4,buy
9/18,6505,港商麥格理,1360,70,404,-334,1.5,4,sell
9/18,6505,新加坡商瑞銀,1650,1194,756,438,1.97,5,buy
9/18,6505,永豐金-內湖,0039004100390067,61,239,-178,0.8,5,sell
9/18,6505,元大證券,9800,1598,1168,430,1.94,6,buy
9/18,6505,富邦-北港,0039003600390043,25,177,-152,0.68,6,sell
9/18,6505,花旗環球,1590,1070,883,187,0.84,7,buy
9/18,6505,香港上海匯豐,8960,116,263,-147,0.66,7,sell
9/18,6505,第一金,5380,168,3,165,0.74,8,buy
9/18,6505,華南永昌,9300,17,149,-132,0.59,8,sell
9/18,6505,法銀巴黎,8900,99,1,98,0.44,9,buy
9/18,6505,港商野村,1560,12,143,-131,0.59,9,sell
9/18,6505,統一,5850,238,144,94,0.42,10,buy
9/18,6505,元大-東泰,9817,2,83,-81,0.36,10,sell
9/18,6505,國泰證券,8880,471,390,81,0.36,11,buy
9/18,6505,富邦-虎尾,9697,2,82,-80,0.36,11,sell
9/18,6505,玉山-新莊,8842,92,12,80,0.36,12,buy
9/18,6505,聯邦-忠孝,8583,6,82,-76,0.34,12,sell
9/18,6505,元大-長庚,0039003800380056,80,3,77,0.35,13,buy
9/18,6505,凱基-台北,9268,463,535,-72,0.32,13,sell
9/18,6505,永豐金證券,0039004100300030,196,126,70,0.32,14,buy
9/18,6505,國票-長城,0037003700390075,17,87,-70,0.32,14,sell
9/18,6505,元大-內湖,003900380039004e,83,16,67,0.3,15,buy
9/18,6505,台新,0039004200300030,104,172,-68,0.31,15,sell
9/18,5351,摩根大通,8440,1407,453,954,8.86,1,buy
9/18,5351,台灣摩根士丹利,1470,614,1404,-790,7.34,1,sell
9/18,5351,港商麥格理,1360,253,0,253,2.35,2,buy
9/18,5351,美商高盛,1480,0,114,-114,1.06,2,sell
9/18,5351,元大證券,9800,731,592,139,1.29,3,buy
9/18,5351,國泰-忠孝,8887,23,134,-111,1.03,3,sell
9/18,5351,凱基-台北,9268,681,571,110,1.02,4,buy
9/18,5351,永豐金-中壢,0039004100390039,32,105,-73,0.68,4,sell
9/18,5351,元大-四維,9831,141,35,106,0.98,5,buy
9/18,5351,富邦-仁愛,9676,15,63,-48,0.45,5,sell
9/18,5351,宏遠-高雄,0031003200360051,100,0,100,0.93,6,buy
9/18,5351,新光-台中,8561,39,87,-48,0.45,6,sell
9/18,5351,元大-府城,0039003800300075,103,6,97,0.9,7,buy
9/18,5351,國泰-高雄,8881,18,62,-44,0.41,7,sell
9/18,5351,第一金-桃園,5385,83,6,77,0.71,8,buy
9/18,5351,合庫-西台中,0031003000320046,8,51,-43,0.4,8,sell
9/18,5351,永豐金-嘉義,003900410039006a,75,0,75,0.7,9,buy
9/18,5351,花旗環球,1590,12,54,-42,0.39,9,sell
9/18,5351,群益金鼎-市府,0039003100300044,59,0,59,0.55,10,buy
9/18,5351,永豐金-敦南,0039004100380046,10,50,-40,0.37,10,sell
9/18,5351,兆豐-員林,003700300030006b,60,7,53,0.49,11,buy
9/18,5351,台中銀,6110,4,42,-38,0.35,11,sell
9/18,5351,新光,8560,108,64,44,0.41,12,buy
9/18,5351,統一-高雄,5851,0,35,-35,0.32,12,sell
9/18,5351,元大-復北,9872,45,4,41,0.38,13,buy
9/18,5351,美林,1440,17,52,-35,0.32,13,sell
9/18,5351,(牛牛牛)亞-鑫豐,0036003000310064,66,26,40,0.37,14,buy
9/18,5351,永豐金-板新,003900410039004a,8,41,-33,0.31,14,sell
9/18,5351,群益金鼎-館前,0039003100330059,40,2,38,0.35,15,buy
9/18,5351,元大-大益,9814,3,36,-33,0.31,15,sell
9/18,2884,花旗環球,1590,7359,3162,4197,4.66,1,buy
9/18,2884,摩根大通,8440,5844,12052,-6208,6.89,1,sell
9/18,2884,永豐金證券,0039004100300030,5100,2031,3069,3.41,2,buy
9/18,2884,美商高盛,1480,3318,8026,-4708,5.23,2,sell
9/18,2884,港商野村,1560,3548,2299,1249,1.39,3,buy
9/18,2884,新加坡商瑞銀,1650,2741,6633,-3892,4.32,3,sell
9/18,2884,國泰-敦南,8888,1574,717,857,0.95,4,buy
9/18,2884,港商麥格理,1360,246,3864,-3618,4.02,4,sell
9/18,2884,台灣摩根士丹利,1470,5194,4559,635,0.71,5,buy
9/18,2884,凱基-台北,9268,2376,4473,-2097,2.33,5,sell
9/18,2884,陽信-台南,8714,802,200,602,0.67,6,buy
9/18,2884,凱基,9200,471,2448,-1977,2.2,6,sell
9/18,2884,中國信託,6160,525,49,476,0.53,7,buy
9/18,2884,群益金鼎,9100,1486,3417,-1931,2.14,7,sell
9/18,2884,新光,8560,793,330,463,0.51,8,buy
9/18,2884,元大證券,9800,6861,8445,-1584,1.76,8,sell
9/18,2884,美林,1440,6717,6254,463,0.51,9,buy
9/18,2884,香港上海匯豐,8960,409,1986,-1577,1.75,9,sell
9/18,2884,玉山-台南,8847,447,36,411,0.46,10,buy
9/18,2884,法銀巴黎,8900,686,1621,-935,1.04,10,sell
9/18,2884,凱基-中山,9229,382,2,380,0.42,11,buy
9/18,2884,台新,0039004200300030,464,1090,-626,0.7,11,sell
9/18,2884,富邦-永和,9654,361,24,337,0.37,12,buy
9/18,2884,富邦證券,9600,76,551,-475,0.53,12,sell
9/18,2884,台新-潮州,0039004200320043,276,16,260,0.29,13,buy
9/18,2884,玉山-城中,0038003800340045,136,516,-380,0.42,13,sell
9/18,2884,統一-基隆,0035003800350041,249,1,248,0.28,14,buy
9/18,2884,群益金鼎-永和,003900310038004a,13,262,-249,0.28,14,sell
9/18,2884,富邦-建國,9658,425,200,225,0.25,15,buy
9/18,2884,凱基-永華,9235,4,216,-212,0.24,15,sell
9/18,1409,凱基-台北,9268,620,343,277,3.66,1,buy
9/18,1409,美林,1440,80,673,-593,7.84,1,sell
9/18,1409,國泰證券,8880,214,21,193,2.55,2,buy
9/18,1409,摩根大通,8440,50,436,-386,5.11,2,sell
9/18,1409,華南永昌-豐原,9366,152,6,146,1.93,3,buy
9/18,1409,港商麥格理,1360,0,285,-285,3.77,3,sell
9/18,1409,永豐金證券,0039004100300030,148,35,113,1.49,4,buy
9/18,1409,美商高盛,1480,297,571,-274,3.62,4,sell
9/18,1409,元大-苑裡,0039003800390061,112,0,112,1.48,5,buy
9/18,1409,彰銀-台中,1233,0,200,-200,2.65,5,sell
9/18,1409,富邦-新板,0039003600310048,95,7,88,1.16,6,buy
9/18,1409,新加坡商瑞銀,1650,75,233,-158,2.09,6,sell
9/18,1409,花旗環球,1590,86,0,86,1.14,7,buy
9/18,1409,群益金鼎-潭子,0039003100330044,0,157,-157,2.08,7,sell
9/18,1409,富邦-敦南,9663,72,5,67,0.89,8,buy
9/18,1409,永豐金-內湖,0039004100390067,12,115,-103,1.36,8,sell
9/18,1409,華南永昌-麻豆,9308,54,0,54,0.71,9,buy
9/18,1409,玉山-桃園,0038003800340046,6,102,-96,1.27,9,sell
9/18,1409,凱基-長庚,9233,54,5,49,0.65,10,buy
9/18,1409,元大-成功,003900380039004c,9,87,-78,1.03,10,sell
9/18,1409,第一金-新竹,0035003300380042,50,5,45,0.6,11,buy
9/18,1409,聯邦-大業,8586,0,61,-61,0.81,11,sell
9/18,1409,台新-新營,0039004200310031,42,0,42,0.56,12,buy
9/18,1409,華南永昌-敦南,9347,0,50,-50,0.66,12,sell
9/18,1409,凱基-東勢,0039003200310059,43,1,42,0.56,13,buy
9/18,1409,台新-新竹,0039004200320047,1,50,-49,0.65,13,sell
9/18,1409,凱基-台中,9204,40,1,39,0.52,14,buy
9/18,1409,華南永昌-岡山,9324,4,51,-47,0.62,14,sell
9/18,1409,富邦-陽明,9604,40,3,37,0.49,15,buy
9/18,1409,國泰-敦南,8888,92,130,-38,0.5,15,sell
9/18,2542,富邦證券,9600,2788,0,2788,11.02,1,buy
9/18,2542,美林,1440,274,1967,-1693,6.69,1,sell
9/18,2542,元大證券,9800,2616,961,1655,6.54,2,buy
9/18,2542,美商高盛,1480,1771,2676,-905,3.58,2,sell
9/18,2542,台新,0039004200300030,1675,132,1543,6.1,3,buy
9/18,2542,永豐金-中正,0039004100390055,5,612,-607,2.4,3,sell
9/18,2542,新加坡商瑞銀,1650,1282,252,1030,4.07,4,buy
9/18,2542,統一-永和,0035003800350042,4,604,-600,2.37,4,sell
9/18,2542,群益金鼎,9100,1003,9,994,3.93,5,buy
9/18,2542,康和-仁愛,0038003400350046,0,600,-600,2.37,5,sell
9/18,2542,國泰證券,8880,891,14,877,3.47,6,buy
9/18,2542,兆豐-大同,0037003000300053,1,600,-599,2.37,6,sell
9/18,2542,港商麥格理,1360,473,32,441,1.74,7,buy
9/18,2542,凱基-台北,9268,1216,1604,-388,1.53,7,sell
9/18,2542,兆豐證券,7000,300,0,300,1.19,8,buy
9/18,2542,摩根大通,8440,188,547,-359,1.42,8,sell
9/18,2542,中國信託,6160,236,41,195,0.77,9,buy
9/18,2542,合庫-台中,1021,14,347,-333,1.32,9,sell
9/18,2542,元大-長榮,0039003800390049,118,7,111,0.44,10,buy
9/18,2542,永豐金證券,0039004100300030,322,623,-301,1.19,10,sell
9/18,2542,凱基-中壢,9285,130,19,111,0.44,11,buy
9/18,2542,統一-東湖,0035003800350052,11,191,-180,0.71,11,sell
9/18,2542,元大-景美,0039003800340048,117,30,87,0.34,12,buy
9/18,2542,台灣摩根士丹利,1470,1296,1464,-168,0.66,12,sell
9/18,2542,兆豐-寶成,0037003000300072,104,26,78,0.31,13,buy
9/18,2542,兆豐-忠孝,0037003000300061,12,173,-161,0.64,13,sell
9/18,2542,中農,8520,72,0,72,0.28,14,buy
9/18,2542,華南永昌-大甲,9315,3,154,-151,0.6,14,sell
9/18,2542,花旗環球,1590,103,32,71,0.28,15,buy
9/18,2542,華南永昌-虎尾,9377,7,151,-144,0.57,15,sell
9/18,2105,花旗環球,1590,432,141,291,4.34,1,buy
9/18,2105,美林,1440,336,1785,-1449,21.61,1,sell
9/18,2105,凱基-竹北,9234,279,0,279,4.16,2,buy
9/18,2105,香港上海匯豐,8960,0,706,-706,10.53,2,sell
9/18,2105,元大證券,9800,277,21,256,3.82,3,buy
9/18,2105,摩根大通,8440,742,1267,-525,7.83,3,sell
9/18,2105,台灣摩根士丹利,1470,832,609,223,3.33,4,buy
9/18,2105,新加坡商瑞銀,1650,527,752,-225,3.36,4,sell
9/18,2105,永豐金-中和,0039004100390042,146,0,146,2.18,5,buy
9/18,2105,元大-員林中山,9835,18,140,-122,1.82,5,sell
9/18,2105,美商高盛,1480,272,131,141,2.1,6,buy
9/18,2105,港商野村,1560,0,88,-88,1.31,6,sell
9/18,2105,兆豐-忠孝,0037003000300061,111,0,111,1.66,7,buy
9/18,2105,凱基-松山,9217,4,53,-49,0.73,7,sell
9/18,2105,台新-同大,0039004200320050,108,0,108,1.61,8,buy
9/18,2105,港商麥格理,1360,235,279,-44,0.66,8,sell
9/18,2105,永豐金證券,0039004100300030,78,5,73,1.09,9,buy
9/18,2105,福勝,6950,0,30,-30,0.45,9,sell
9/18,2105,兆豐證券,7000,73,5,68,1.01,10,buy
9/18,2105,中農,8520,0,15,-15,0.22,10,sell
9/18,2105,兆豐-新莊,0037003000300077,54,0,54,0.81,11,buy
9/18,2105,台新,0039004200300030,1,16,-15,0.22,11,sell
9/18,2105,法銀巴黎,8900,53,0,53,0.79,12,buy
9/18,2105,元大-樹林,003900380039006a,0,12,-12,0.18,12,sell
9/18,2105,合庫-桃園,0031003000320045,52,1,51,0.76,13,buy
9/18,2105,第一金-桃園,5385,1,12,-11,0.16,13,sell
9/18,2105,元大-崇德,0039003800310053,50,0,50,0.75,14,buy
9/18,2105,美好-泰山,5263,0,10,-10,0.15,14,sell
9/18,2105,富邦-台北,9623,52,3,49,0.73,15,buy
9/18,2105,華南永昌-虎尾,9377,0,10,-10,0.15,15,sell
9/18,2633,永豐金證券,0039004100300030,3822,63,3759,21.06,1,buy
9/18,2633,新加坡商瑞銀,1650,1038,9004,-7966,44.62,1,sell
9/18,2633,台灣摩根士丹利,1470,3140,342,2798,15.67,2,buy
9/18,2633,美林,1440,860,4344,-3484,19.52,2,sell
9/18,2633,美商高盛,1480,1060,240,820,4.59,3,buy
9/18,2633,凱基-台北,9268,505,1064,-559,3.13,3,sell
9/18,2633,元大證券,9800,632,39,593,3.32,4,buy
9/18,2633,香港上海匯豐,8960,282,673,-391,2.19,4,sell
9/18,2633,永豐金-匯立,0039004100380031,451,0,451,2.53,5,buy
9/18,2633,花旗環球,1590,312,675,-363,2.03,5,sell
9/18,2633,福勝,6950,254,0,254,1.42,6,buy
9/18,2633,摩根大通,8440,554,851,-297,1.66,6,sell
9/18,2633,永豐金-高雄,0039004100390065,237,2,235,1.32,7,buy
9/18,2633,港商野村,1560,0,133,-133,0.75,7,sell
9/18,2633,台中銀-豐原,0036003100310041,219,0,219,1.23,8,buy
9/18,2633,統一-三重,003500380035004a,2,80,-78,0.44,8,sell
9/18,2633,港商麥格理,1360,182,0,182,1.02,9,buy
9/18,2633,法銀巴黎,8900,8,56,-48,0.27,9,sell
9/18,2633,元大-員林中山,9835,111,0,111,0.62,10,buy
9/18,2633,統一-嘉義,5858,2,41,-39,0.22,10,sell
9/18,2633,國泰-敦南,8888,107,5,102,0.57,11,buy
9/18,2633,台新-府城,0039004200320039,0,24,-24,0.13,11,sell
9/18,2633,新光,8560,102,0,102,0.57,12,buy
9/18,2633,元大-信義,003900380039006d,1,13,-12,0.07,12,sell
9/18,2633,富邦-陽明,9604,87,0,87,0.49,13,buy
9/18,2633,元大-桃園,0039003800380042,0,9,-9,0.05,13,sell
9/18,2633,元大-草屯,0039003800390045,84,0,84,0.47,14,buy
9/18,2633,兆豐證券,7000,1,8,-7,0.04,14,sell
9/18,2633,台新-五權西,0039004200320035,73,0,73,0.41,15,buy
9/18,2633,亞東,2180,1,6,-5,0.03,15,sell
9/18,4958,國泰證券,8880,863,7,856,2.87,1,buy
9/18,4958,新加坡商瑞銀,1650,647,5401,-4754,15.94,1,sell
9/18,4958,摩根大通,8440,1831,1108,723,2.42,2,buy
9/18,4958,台灣摩根士丹利,1470,1211,2923,-1712,5.74,2,sell
9/18,4958,元大證券,9800,2270,1679,591,1.98,3,buy
9/18,4958,香港上海匯豐,8960,3,1366,-1363,4.57,3,sell
9/18,4958,國泰-敦南,8888,985,547,438,1.47,4,buy
9/18,4958,花旗環球,1590,433,1308,-875,2.93,4,sell
9/18,4958,凱基-台北,9268,1398,1211,187,0.63,5,buy
9/18,4958,美商高盛,1480,299,796,-497,1.67,5,sell
9/18,4958,新光,8560,276,114,162,0.54,6,buy
9/18,4958,永豐金證券,0039004100300030,280,777,-497,1.67,6,sell
9/18,4958,群益金鼎,9100,539,384,155,0.52,7,buy
9/18,4958,凱基,9200,18,363,-345,1.16,7,sell
9/18,4958,台新,0039004200300030,220,122,98,0.33,8,buy
9/18,4958,港商野村,1560,125,428,-303,1.02,8,sell
9/18,4958,港商麥格理,1360,96,18,78,0.26,9,buy
9/18,4958,中國信託,6160,112,398,-286,0.96,9,sell
9/18,4958,台新-城中,0039004200320045,99,26,73,0.24,10,buy
9/18,4958,美林,1440,79,363,-284,0.95,10,sell
9/18,4958,中國信託-忠孝,6162,89,17,72,0.24,11,buy
9/18,4958,宏遠證券,1260,21,270,-249,0.84,11,sell
9/18,4958,國泰-板橋,003800380038004b,132,65,67,0.22,12,buy
9/18,4958,富邦證券,9600,228,463,-235,0.79,12,sell
9/18,4958,元大-龍潭,9858,83,20,63,0.21,13,buy
9/18,4958,法銀巴黎,8900,11,227,-216,0.72,13,sell
9/18,4958,國泰-桃園,8885,177,113,64,0.21,14,buy
9/18,4958,大和國泰,8890,1,210,-209,0.7,14,sell
9/18,4958,中國信託-永康,6163,76,16,60,0.2,15,buy
9/18,4958,福邦證券,6480,1,210,-209,0.7,15,sell
9/18,8039,凱基-台北,9268,1827,968,859,4.55,1,buy
9/18,8039,摩根大通,8440,310,2341,-2031,10.75,1,sell
9/18,8039,元大證券,9800,1812,1196,616,3.26,2,buy
9/18,8039,新加坡商瑞銀,1650,159,452,-293,1.55,2,sell
9/18,8039,國票-安和,003700370039005a,556,34,522,2.76,3,buy
9/18,8039,富邦證券,9600,49,139,-90,0.48,3,sell
9/18,8039,美商高盛,1480,1027,543,484,2.56,4,buy
9/18,8039,台新-成功,003900420032006d,10,89,-79,0.42,4,sell
9/18,8039,台灣摩根士丹利,1470,1008,629,379,2.01,5,buy
9/18,8039,花旗環球,1590,9,76,-67,0.35,5,sell
9/18,8039,凱基-信義,9216,234,4,230,1.22,6,buy
9/18,8039,元大-台北,0039003800300068,74,137,-63,0.33,6,sell
9/18,8039,港商麥格理,1360,167,0,167,0.88,7,buy
9/18,8039,台新,0039004200300030,73,135,-62,0.33,7,sell
9/18,8039,群益金鼎-東大,9135,372,224,148,0.78,8,buy
9/18,8039,永豐金-天母,0039004100390047,10,69,-59,0.31,8,sell
9/18,8039,美林,1440,250,153,97,0.51,9,buy
9/18,8039,國泰-敦南,8888,668,727,-59,0.31,9,sell
9/18,8039,港商野村,1560,123,38,85,0.45,10,buy
9/18,8039,中國信託-文心,6164,14,57,-43,0.23,10,sell
9/18,8039,統一-三多,0035003800350051,85,5,80,0.42,11,buy
9/18,8039,國泰-板橋,003800380038004b,90,132,-42,0.22,11,sell
9/18,8039,群益金鼎,9100,263,195,68,0.36,12,buy
9/18,8039,美好-泰山,5263,89,128,-39,0.21,12,sell
9/18,8039,合庫-高雄,1023,88,21,67,0.35,13,buy
9/18,8039,富邦-竹北,9624,2,38,-36,0.19,13,sell
9/18,8039,台新-緯城,0039004200320041,59,8,51,0.27,14,buy
9/18,8039,元大-三民,0039003800390046,8,42,-34,0.18,14,sell
9/18,8039,凱基-市府,0039003200300044,52,10,42,0.22,15,buy
9/18,8039,玉山-高雄,8843,13,46,-33,0.17,15,sell
9/18,2301,摩根大通,8440,5905,1611,4294,17.79,1,buy
9/18,2301,港商野村,1560,336,1981,-1645,6.81,1,sell
9/18,2301,法銀巴黎,8900,1511,210,1301,5.39,2,buy
9/18,2301,美林,1440,166,1778,-1612,6.68,2,sell
9/18,2301,中國信託,6160,464,34,430,1.78,3,buy
9/18,2301,港商麥格理,1360,209,1695,-1486,6.16,3,sell
9/18,2301,永豐金證券,0039004100300030,360,50,310,1.28,4,buy
9/18,2301,美商高盛,1480,440,1828,-1388,5.75,4,sell
9/18,2301,香港上海匯豐,8960,756,515,241,1.0,5,buy
9/18,2301,台灣摩根士丹利,1470,2437,3713,-1276,5.29,5,sell
9/18,2301,玉山-台南,8847,229,10,219,0.91,6,buy
9/18,2301,永豐金-匯立,0039004100380031,37,623,-586,2.43,6,sell
9/18,2301,群益金鼎,9100,367,177,190,0.79,7,buy
9/18,2301,元大證券,9800,1077,1632,-555,2.3,7,sell
9/18,2301,富邦證券,9600,272,89,183,0.76,8,buy
9/18,2301,新加坡商瑞銀,1650,720,1238,-518,2.15,8,sell
9/18,2301,台新-大裕,003900420032006c,112,8,104,0.43,9,buy
9/18,2301,康和,8450,3,53,-50,0.21,9,sell
9/18,2301,花旗環球,1590,698,605,93,0.39,10,buy
9/18,2301,台新-台中,0039004200310068,18,61,-43,0.18,10,sell
9/18,2301,國泰證券,8880,321,254,67,0.28,11,buy
9/18,2301,群益金鼎-大安,0039003100380065,16,57,-41,0.17,11,sell
9/18,2301,元大-土城學府,9822,59,3,56,0.23,12,buy
9/18,2301,第一金-新興,0035003300380041,5,32,-27,0.11,12,sell
9/18,2301,元大-大里,0039003800310067,52,6,46,0.19,13,buy
9/18,2301,凱基-中港,9202,2,27,-25,0.1,13,sell
9/18,2301,富邦-永和,9654,64,20,44,0.18,14,buy
9/18,2301,凱基-市府,0039003200300044,2,23,-21,0.09,14,sell
9/18,2301,玉山-景美,8849,41,2,39,0.16,15,buy
9/18,2301,群益金鼎-海山,9108,0,21,-21,0.09,15,sell
9/18,1714,群益金鼎-板橋,0039003100380042,441,0,441,5.75,1,buy
9/18,1714,摩根大通,8440,21,1326,-1305,17.02,1,sell
9/18,1714,永豐金-匯立,0039004100380031,259,0,259,3.38,2,buy
9/18,1714,元大證券,9800,206,599,-393,5.13,2,sell
9/18,1714,臺銀-臺中,0031003000340041,122,0,122,1.59,3,buy
9/18,1714,美商高盛,1480,88,438,-350,4.56,3,sell
9/18,1714,新光-台中,8561,111,0,111,1.45,4,buy
9/18,1714,新加坡商瑞銀,1650,0,219,-219,2.86,4,sell
9/18,1714,國泰-敦南,8888,221,120,101,1.32,5,buy
9/18,1714,台灣摩根士丹利,1470,99,316,-217,2.83,5,sell
9/18,1714,凱基-雙和,0039003200300043,100,0,100,1.3,6,buy
9/18,1714,凱基-八德,003900320031004d,0,145,-145,1.89,6,sell
9/18,1714,凱基-三峽,0039003200310045,100,0,100,1.3,7,buy
9/18,1714,凱基-南崁,9256,6,149,-143,1.86,7,sell
9/18,1714,凱基-和平,9255,100,0,100,1.3,8,buy
9/18,1714,中國信託,6160,23,159,-136,1.77,8,sell
9/18,1714,群益金鼎-西松,9136,100,4,96,1.25,9,buy
9/18,1714,華南永昌-麻豆,9308,0,134,-134,1.75,9,sell
9/18,1714,兆豐-來福,0037003000300043,96,1,95,1.24,10,buy
9/18,1714,美林,1440,94,217,-123,1.6,10,sell
9/18,1714,台新-高雄,0039004200310067,90,9,81,1.06,11,buy
9/18,1714,永豐金-板新,003900410039004a,115,176,-61,0.8,11,sell
9/18,1714,華南永昌-豐原,9366,71,0,71,0.93,12,buy
9/18,1714,國泰證券,8880,0,53,-53,0.69,12,sell
9/18,1714,統一,5850,62,0,62,0.81,13,buy
9/18,1714,群益金鼎-鳳山,0039003100380063,0,48,-48,0.63,13,sell
9/18,1714,永豐金-亞灣,0039004100390061,55,0,55,0.72,14,buy
9/18,1714,合庫-桃園,0031003000320045,8,54,-46,0.6,14,sell
9/18,1714,富邦-三重,9677,54,0,54,0.7,15,buy
9/18,1714,永豐金-竹北,0039004100390050,6,51,-45,0.59,15,sell
9/18,2890,港商野村,1560,9032,160,8872,17.37,1,buy
9/18,2890,摩根大通,8440,3436,11070,-7634,14.95,1,sell
9/18,2890,花旗環球,1590,5881,2549,3332,6.52,2,buy
9/18,2890,美林,1440,1526,3804,-2278,4.46,2,sell
9/18,2890,永豐金-匯立,0039004100380031,3059,780,2279,4.46,3,buy
9/18,2890,港商麥格理,1360,369,2611,-2242,4.39,3,sell
9/18,2890,永豐金證券,0039004100300030,1145,245,900,1.76,4,buy
9/18,2890,台灣摩根士丹利,1470,4945,7009,-2064,4.04,4,sell
9/18,2890,凱基,9200,1160,296,864,1.69,5,buy
9/18,2890,美商高盛,1480,2469,4480,-2011,3.94,5,sell
9/18,2890,凱基-台北,9268,2016,1211,805,1.58,6,buy
9/18,2890,統一,5850,124,1227,-1103,2.16,6,sell
9/18,2890,香港上海匯豐,8960,720,47,673,1.32,7,buy
9/18,2890,永豐金-豐原,0039004100390051,1,899,-898,1.76,7,sell
9/18,2890,中國信託,6160,404,5,399,0.78,8,buy
9/18,2890,新加坡商瑞銀,1650,1003,1811,-808,1.58,8,sell
9/18,2890,永豐金-亞灣,0039004100390061,223,5,218,0.43,9,buy
9/18,2890,法銀巴黎,8900,515,1261,-746,1.46,9,sell
9/18,2890,華南永昌-竹北,9339,130,0,130,0.25,10,buy
9/18,2890,台新,0039004200300030,51,524,-473,0.93,10,sell
9/18,2890,華南永昌,9300,109,6,103,0.2,11,buy
9/18,2890,富邦證券,9600,111,351,-240,0.47,11,sell
9/18,2890,永豐金-台南,0039004100390068,99,8,91,0.18,12,buy
9/18,2890,富邦-敦南,9663,114,310,-196,0.38,12,sell
9/18,2890,合庫-桃園,0031003000320045,90,0,90,0.18,13,buy
9/18,2890,合庫-彰化,1028,0,160,-160,0.31,13,sell
9/18,2890,永豐金-松山,0039004100390031,78,13,65,0.13,14,buy
9/18,2890,中國信託-忠孝,6162,124,245,-121,0.24,14,sell
9/18,2890,永豐金-敦南,0039004100380046,73,11,62,0.12,15,buy
9/18,2890,高橋-龍潭,5321,1,91,-90,0.18,15,sell
9/18,1815,元大證券,9800,14560,10142,4418,4.56,1,buy
9/18,1815,摩根大通,8440,3332,5415,-2083,2.15,1,sell
9/18,1815,台灣摩根士丹利,1470,8226,5555,2671,2.76,2,buy
9/18,1815,國泰-敦南,8888,1375,2571,-1196,1.24,2,sell
9/18,1815,統一,5850,3208,632,2576,2.66,3,buy
9/18,1815,台中銀-豐原,0036003100310041,318,1017,-699,0.72,3,sell
9/18,1815,國票-安和,003700370039005a,2686,781,1905,1.97,4,buy
9/18,1815,永豐金-忠孝,0039004100390044,79,684,-605,0.63,4,sell
9/18,1815,新加坡商瑞銀,1650,6185,4584,1601,1.65,5,buy
9/18,1815,美商高盛,1480,36,574,-538,0.56,5,sell
9/18,1815,凱基-台北,9268,5533,4096,1437,1.48,6,buy
9/18,1815,群益金鼎-大安,0039003100380065,2,469,-467,0.48,6,sell
9/18,1815,港商野村,1560,1773,366,1407,1.45,7,buy
9/18,1815,富邦-台中,003900360035004b,51,334,-283,0.29,7,sell
9/18,1815,美林,1440,1180,164,1016,1.05,8,buy
9/18,1815,國票-長城,0037003700390075,36,313,-277,0.29,8,sell
9/18,1815,永豐金-敦北,0039004100380039,1987,1012,975,1.01,9,buy
9/18,1815,永豐金證券,0039004100300030,462,719,-257,0.27,9,sell
9/18,1815,富邦-嘉義,9692,2129,1173,956,0.99,10,buy
9/18,1815,國泰-板橋,003800380038004b,139,377,-238,0.25,10,sell
9/18,1815,凱基-市府,0039003200300044,814,37,777,0.8,11,buy
9/18,1815,台新-敦南,0039004200320051,28,245,-217,0.22,11,sell
9/18,1815,群益金鼎,9100,1018,242,776,0.8,12,buy
9/18,1815,國泰-台中,8882,211,421,-210,0.22,12,sell
9/18,1815,台新,0039004200300030,1078,362,716,0.74,13,buy
9/18,1815,永豐金-員林,0039004100390043,28,236,-208,0.21,13,sell
9/18,1815,國泰證券,8880,821,130,691,0.71,14,buy
9/18,1815,新光,8560,669,840,-171,0.18,14,sell
9/18,1815,群益金鼎-海山,9108,673,63,610,0.63,15,buy
9/18,1815,永全-南崁,6451,12,178,-166,0.17,15,sell
9/18,3105,台灣摩根士丹利,1470,5192,1626,3566,8.03,1,buy
9/18,3105,國泰-敦南,8888,1081,1439,-358,0.81,1,sell
9/18,3105,美商高盛,1480,3505,1537,1968,4.43,2,buy
9/18,3105,新光,8560,261,434,-173,0.39,2,sell
9/18,3105,元大證券,9800,4620,3330,1290,2.91,3,buy
9/18,3105,國票-長城,0037003700390075,13,168,-155,0.35,3,sell
9/18,3105,摩根大通,8440,2513,1643,870,1.96,4,buy
9/18,3105,元大-松江,9801,36,188,-152,0.34,4,sell
9/18,3105,美林,1440,1035,373,662,1.49,5,buy
9/18,3105,港商野村,1560,370,496,-126,0.28,5,sell
9/18,3105,凱基-台北,9268,2095,1769,326,0.73,6,buy
9/18,3105,兆豐-天母,003700300030004c,22,128,-106,0.24,6,sell
9/18,3105,富邦證券,9600,434,166,268,0.6,7,buy
9/18,3105,永豐金證券,0039004100300030,733,831,-98,0.22,7,sell
9/18,3105,港商麥格理,1360,284,99,185,0.42,8,buy
9/18,3105,元大-中壢,9834,89,185,-96,0.22,8,sell
9/18,3105,新加坡商瑞銀,1650,530,391,139,0.31,9,buy
9/18,3105,國泰-板橋,003800380038004b,152,245,-93,0.21,9,sell
9/18,3105,花旗環球,1590,174,55,119,0.27,10,buy
9/18,3105,華南永昌,9300,64,156,-92,0.21,10,sell
9/18,3105,台新-五權西,0039004200320035,113,14,99,0.22,11,buy
9/18,3105,國票-台中,0037003700390076,16,102,-86,0.19,11,sell
9/18,3105,群益金鼎,9100,476,380,96,0.22,12,buy
9/18,3105,康和,8450,25,109,-84,0.19,12,sell
9/18,3105,凱基,9200,238,152,86,0.19,13,buy
9/18,3105,大昌-新竹,6463,8,85,-77,0.17,13,sell
9/18,3105,國票-安和,003700370039005a,159,78,81,0.18,14,buy
9/18,3105,永豐金-桃園,0039004100390078,37,113,-76,0.17,14,sell
9/18,3105,群益金鼎-台北,0039003100380058,166,88,78,0.18,15,buy
9/18,3105,台新-大裕,003900420032006c,92,168,-76,0.17,15,sell
9/18,2027,美商高盛,1480,1845,355,1490,12.02,1,buy
9/18,2027,摩根大通,8440,1940,4973,-3033,24.46,1,sell
9/18,2027,台灣摩根士丹利,1470,1651,792,859,6.93,2,buy
9/18,2027,國票-天祥,0037003700390056,0,361,-361,2.91,2,sell
9/18,2027,凱基-台北,9268,1389,726,663,5.35,3,buy
9/18,2027,凱基-大安,9291,1,264,-263,2.12,3,sell
9/18,2027,美林,1440,685,51,634,5.11,4,buy
9/18,2027,港商野村,1560,0,168,-168,1.35,4,sell
9/18,2027,新加坡商瑞銀,1650,1134,712,422,3.4,5,buy
9/18,2027,國票-博愛,003700370039007a,0,137,-137,1.1,5,sell
9/18,2027,元大證券,9800,1056,878,178,1.44,6,buy
9/18,2027,新光,8560,22,131,-109,0.88,6,sell
9/18,2027,花旗環球,1590,158,32,126,1.02,7,buy
9/18,2027,富邦證券,9600,16,121,-105,0.85,7,sell
9/18,2027,康和-延平,8451,81,0,81,0.65,8,buy
9/18,2027,凱基-三重,9205,0,102,-102,0.82,8,sell
9/18,2027,兆豐-城中,0037003000300057,50,0,50,0.4,9,buy
9/18,2027,第一金,5380,0,100,-100,0.81,9,sell
9/18,2027,大昌,6460,50,2,48,0.39,10,buy
9/18,2027,元大-敦南,0039003800390050,0,41,-41,0.33,10,sell
9/18,2027,臺銀-高雄,0031003000340043,47,4,43,0.35,11,buy
9/18,2027,元大-善化,0039003800310079,15,55,-40,0.32,11,sell
9/18,2027,港商麥格理,1360,40,0,40,0.32,12,buy
9/18,2027,光和-高雄,0036003300380044,0,39,-39,0.31,12,sell
9/18,2027,國票-和平,003700370039006a,40,2,38,0.31,13,buy
9/18,2027,凱基-五股,0039003200310047,3,42,-39,0.31,13,sell
9/18,2027,統一-台中,5856,41,3,38,0.31,14,buy
9/18,2027,大和國泰,8890,0,34,-34,0.27,14,sell
9/18,2027,兆豐-員林,003700300030006b,38,0,38,0.31,15,buy
9/18,2027,元大-崇德,0039003800310053,6,36,-30,0.24,15,sell
9/18,2855,永豐金證券,0039004100300030,540,209,331,7.35,1,buy
9/18,2855,摩根大通,8440,221,411,-190,4.22,1,sell
9/18,2855,新加坡商瑞銀,1650,409,110,299,6.64,2,buy
9/18,2855,凱基-站前,0039003200300046,1,124,-123,2.73,2,sell
9/18,2855,美商高盛,1480,422,134,288,6.4,3,buy
9/18,2855,土銀-士林,1039,0,118,-118,2.62,3,sell
9/18,2855,台灣摩根士丹利,1470,489,205,284,6.31,4,buy
9/18,2855,台新-台北,0039004200320030,10,123,-113,2.51,4,sell
9/18,2855,凱基-台北,9268,420,183,237,5.26,5,buy
9/18,2855,國票-嘉義,0037003700390048,0,104,-104,2.31,5,sell
9/18,2855,元大-台北,0039003800300068,146,4,142,3.15,6,buy
9/18,2855,美林,1440,30,95,-65,1.44,6,sell
9/18,2855,港商麥格理,1360,136,0,136,3.02,7,buy
9/18,2855,凱基-竹科,9272,0,64,-64,1.42,7,sell
9/18,2855,華南永昌-高雄,9303,119,1,118,2.62,8,buy
9/18,2855,統一-士林,003500380035004d,0,62,-62,1.38,8,sell
9/18,2855,統一-三重,003500380035004a,111,0,111,2.47,9,buy
9/18,2855,兆豐-新竹,0037003000300056,0,57,-57,1.27,9,sell
9/18,2855,元大-南屯,9853,45,0,45,1.0,10,buy
9/18,2855,凱基-新豐,9266,0,46,-46,1.02,10,sell
9/18,2855,兆豐-公益,003700300030004a,50,6,44,0.98,11,buy
9/18,2855,元大-大同,0039003800390047,1,47,-46,1.02,11,sell
9/18,2855,元大證券,9800,122,81,41,0.91,12,buy
9/18,2855,富邦-中壢,9636,5,50,-45,1.0,12,sell
9/18,2855,元大-和平,9863,30,0,30,0.67,13,buy
9/18,2855,元大-桃興,9894,0,40,-40,0.89,13,sell
9/18,2855,統一-城中,5854,31,4,27,0.6,14,buy
9/18,2855,玉山-桃園,0038003800340046,0,37,-37,0.82,14,sell
9/18,2855,國泰-敦南,8888,60,35,25,0.56,15,buy
9/18,2855,統一,5850,13,46,-33,0.73,15,sell
9/18,2481,台灣摩根士丹利,1470,1658,334,1324,3.32,1,buy
9/18,2481,美商高盛,1480,1720,2076,-356,0.89,1,sell
9/18,2481,元大證券,9800,5452,4169,1283,3.21,2,buy
9/18,2481,摩根大通,8440,491,757,-266,0.67,2,sell
9/18,2481,凱基-台北,9268,2688,2059,629,1.58,3,buy
9/18,2481,統一-城中,5854,10,202,-192,0.48,3,sell
9/18,2481,兆豐證券,7000,605,4,601,1.51,4,buy
9/18,2481,富邦-木柵,003900360031004d,103,261,-158,0.4,4,sell
9/18,2481,新加坡商瑞銀,1650,1524,964,560,1.4,5,buy
9/18,2481,第一金-台南,5384,36,192,-156,0.39,5,sell
9/18,2481,美林,1440,317,61,256,0.64,6,buy
9/18,2481,元大-豐原站前,0039003800390057,35,176,-141,0.35,6,sell
9/18,2481,港商野村,1560,169,31,138,0.35,7,buy
9/18,2481,兆豐-岡山,0037003000300073,21,157,-136,0.34,7,sell
9/18,2481,華南永昌,9300,163,40,123,0.31,8,buy
9/18,2481,臺銀-臺中,0031003000340041,41,172,-131,0.33,8,sell
9/18,2481,國泰證券,8880,114,1,113,0.28,9,buy
9/18,2481,華南永昌-鳳山,9331,29,159,-130,0.33,9,sell
9/18,2481,港商麥格理,1360,107,0,107,0.27,10,buy
9/18,2481,元大-台北,0039003800300068,122,243,-121,0.3,10,sell
9/18,2481,凱基,9200,107,0,107,0.27,11,buy
9/18,2481,統一-三重,003500380035004a,57,158,-101,0.25,11,sell
9/18,2481,富邦-仁愛,9676,147,41,106,0.27,12,buy
9/18,2481,台新-城東,0039004200320072,22,123,-101,0.25,12,sell
9/18,2481,台新-板橋,0039004200320062,123,22,101,0.25,13,buy
9/18,2481,凱基-三峽,0039003200310045,7,94,-87,0.22,13,sell
9/18,2481,富邦-南港,0039003600320041,142,43,99,0.25,14,buy
9/18,2481,凱基-中山,9229,19,99,-80,0.2,14,sell
9/18,2481,國票證券,7790,123,46,77,0.19,15,buy
9/18,2481,元大-台南,9896,28,106,-78,0.2,15,sell
9/18,6147,台灣摩根士丹利,1470,4619,2002,2617,3.54,1,buy
9/18,6147,凱基,9200,724,1660,-936,1.27,1,sell
9/18,6147,摩根大通,8440,5677,3196,2481,3.36,2,buy
9/18,6147,富邦-嘉義,9692,252,845,-593,0.8,2,sell
9/18,6147,富邦證券,9600,2035,310,1725,2.34,3,buy
9/18,6147,國泰-敦南,8888,1900,2486,-586,0.79,3,sell
9/18,6147,統一,5850,1736,379,1357,1.84,4,buy
9/18,6147,美林,1440,143,710,-567,0.77,4,sell
9/18,6147,新加坡商瑞銀,1650,2577,1339,1238,1.68,5,buy
9/18,6147,華南永昌-中正,9359,203,703,-500,0.68,5,sell
9/18,6147,美商高盛,1480,3477,2337,1140,1.54,6,buy
9/18,6147,兆豐-忠孝,0037003000300061,24,359,-335,0.45,6,sell
9/18,6147,元大證券,9800,7977,6982,995,1.35,7,buy
9/18,6147,永豐金-豐原,0039004100390051,26,276,-250,0.34,7,sell
9/18,6147,花旗環球,1590,749,0,749,1.01,8,buy
9/18,6147,第一金-新竹,0035003300380042,21,213,-192,0.26,8,sell
9/18,6147,華南永昌-南京,9326,899,182,717,0.97,9,buy
9/18,6147,港商野村,1560,91,281,-190,0.26,9,sell
9/18,6147,凱基-台北,9268,5176,4470,706,0.96,10,buy
9/18,6147,國泰-板橋,003800380038004b,248,417,-169,0.23,10,sell
9/18,6147,中國信託,6160,738,273,465,0.63,11,buy
9/18,6147,國票-天祥,0037003700390056,8,172,-164,0.22,11,sell
9/18,6147,台新,0039004200300030,886,571,315,0.43,12,buy
9/18,6147,新光,8560,380,542,-162,0.22,12,sell
9/18,6147,元大-新生,0039003800310058,299,15,284,0.38,13,buy
9/18,6147,凱基-斗六,9281,2,153,-151,0.2,13,sell
9/18,6147,富邦-南屯,9666,331,69,262,0.35,14,buy
9/18,6147,大昌-桃園,6465,37,175,-138,0.19,14,sell
9/18,6147,凱基-城中,9227,336,105,231,0.31,15,buy
9/18,6147,永豐金-敦南,0039004100380046,52,184,-132,0.18,15,sell
9/18,3374,永豐金證券,0039004100300030,368,115,253,1.85,1,buy
9/18,3374,台灣摩根士丹利,1470,383,1002,-619,4.52,1,sell
9/18,3374,凱基,9200,262,10,252,1.84,2,buy
9/18,3374,新加坡商瑞銀,1650,191,678,-487,3.56,2,sell
9/18,3374,統一,5850,210,34,176,1.29,3,buy
9/18,3374,凱基-鳳山,9274,2,81,-79,0.58,3,sell
9/18,3374,富邦證券,9600,284,111,173,1.26,4,buy
9/18,3374,凱基-台北,9268,717,786,-69,0.5,4,sell
9/18,3374,富邦-嘉義,9692,440,338,102,0.74,5,buy
9/18,3374,美商高盛,1480,663,712,-49,0.36,5,sell
9/18,3374,國泰-台中,8882,211,111,100,0.73,6,buy
9/18,3374,摩根大通,8440,594,641,-47,0.34,6,sell
9/18,3374,國泰證券,8880,114,35,79,0.58,7,buy
9/18,3374,富邦-仁愛,9676,36,61,-25,0.18,7,sell
9/18,3374,群益金鼎-台北,0039003100380058,89,11,78,0.57,8,buy
9/18,3374,宏遠-台中,003100320036004c,21,46,-25,0.18,8,sell
9/18,3374,統一-仁愛,0035003800350063,117,40,77,0.56,9,buy
9/18,3374,富邦-和美,0039003600310050,6,28,-22,0.16,9,sell
9/18,3374,港商麥格理,1360,50,0,50,0.37,10,buy
9/18,3374,台新-台北,0039004200320030,10,32,-22,0.16,10,sell
9/18,3374,群益金鼎-大安,0039003100380065,90,42,48,0.35,11,buy
9/18,3374,永豐金-台南,0039004100390068,41,61,-20,0.15,11,sell
9/18,3374,華南永昌-中正,9359,48,5,43,0.31,12,buy
9/18,3374,群益金鼎-嘉義,003900310038004d,2,21,-19,0.14,12,sell
9/18,3374,法銀巴黎,8900,39,0,39,0.28,13,buy
9/18,3374,群益金鼎-開元,9134,3,22,-19,0.14,13,sell
9/18,3374,花旗環球,1590,48,14,34,0.25,14,buy
9/18,3374,兆豐-忠孝,0037003000300061,13,32,-19,0.14,14,sell
9/18,3374,群益金鼎,9100,265,231,34,0.25,15,buy
9/18,3374,富邦-建國,9658,28,46,-18,0.13,15,sell
9/18,4938,永豐金-匯立,0039004100380031,1048,0,1048,11.59,1,buy
9/18,4938,港商野村,1560,0,1844,-1844,20.4,1,sell
9/18,4938,摩根大通,8440,2268,1455,813,8.99,2,buy
9/18,4938,美商高盛,1480,236,988,-752,8.32,2,sell
9/18,4938,新加坡商瑞銀,1650,737,481,256,2.83,3,buy
9/18,4938,香港上海匯豐,8960,92,417,-325,3.6,3,sell
9/18,4938,美林,1440,360,107,253,2.8,4,buy
9/18,4938,台灣摩根士丹利,1470,647,865,-218,2.41,4,sell
9/18,4938,花旗環球,1590,977,739,238,2.63,5,buy
9/18,4938,法銀巴黎,8900,119,295,-176,1.95,5,sell
9/18,4938,華南永昌-鳳山,9331,211,0,211,2.33,6,buy
9/18,4938,元大證券,9800,303,433,-130,1.44,6,sell
9/18,4938,永豐金證券,0039004100300030,324,214,110,1.22,7,buy
9/18,4938,兆豐-岡山,0037003000300073,1,120,-119,1.32,7,sell
9/18,4938,富邦-南京,0039003600310043,100,1,99,1.1,8,buy
9/18,4938,第一金-台南,5384,0,40,-40,0.44,8,sell
9/18,4938,港商麥格理,1360,82,10,72,0.8,9,buy
9/18,4938,宏遠證券,1260,3,25,-22,0.24,9,sell
9/18,4938,國泰-敦南,8888,66,30,36,0.4,10,buy
9/18,4938,國票-桃園,0037003700390072,0,20,-20,0.22,10,sell
9/18,4938,凱基,9200,51,15,36,0.4,11,buy
9/18,4938,富邦-北港,0039003600390043,0,20,-20,0.22,11,sell
9/18,4938,群益金鼎,9100,84,55,29,0.32,12,buy
9/18,4938,台新-世貿,0039004200320075,0,20,-20,0.22,12,sell
9/18,4938,華南永昌,9300,29,0,29,0.32,13,buy
9/18,4938,台新-敦南,0039004200320051,3,20,-17,0.19,13,sell
9/18,4938,群益金鼎-萬華,0039003100330049,20,0,20,0.22,14,buy
9/18,4938,國票證券,7790,0,16,-16,0.18,14,sell
9/18,4938,永全證券,6450,20,0,20,0.22,15,buy
9/18,4938,富邦證券,9600,8,22,-14,0.15,15,sell
9/18,2353,凱基-台北,9268,1791,221,1570,6.81,1,buy
9/18,2353,美商高盛,1480,3058,7364,-4306,18.69,1,sell
9/18,2353,台灣摩根士丹利,1470,2383,1305,1078,4.68,2,buy
9/18,2353,摩根大通,8440,2436,3814,-1378,5.98,2,sell
9/18,2353,富邦證券,9600,510,34,476,2.07,3,buy
9/18,2353,兆豐-復興,0037003000300070,0,399,-399,1.73,3,sell
9/18,2353,新加坡商瑞銀,1650,1022,693,329,1.43,4,buy
9/18,2353,第一金-豐原,003500330038004e,25,421,-396,1.72,4,sell
9/18,2353,花旗環球,1590,1539,1247,292,1.27,5,buy
9/18,2353,凱基-竹北,9234,16,281,-265,1.15,5,sell
9/18,2353,元大證券,9800,1121,862,259,1.12,6,buy
9/18,2353,香港上海匯豐,8960,0,257,-257,1.12,6,sell
9/18,2353,美林,1440,431,198,233,1.01,7,buy
9/18,2353,港商野村,1560,0,147,-147,0.64,7,sell
9/18,2353,華南永昌,9300,202,1,201,0.87,8,buy
9/18,2353,富邦-南員林,0039003600310052,6,95,-89,0.39,8,sell
9/18,2353,港商麥格理,1360,184,0,184,0.8,9,buy
9/18,2353,台新-同大,0039004200320050,16,95,-79,0.34,9,sell
9/18,2353,玉山-信義,0038003800340043,124,3,121,0.53,10,buy
9/18,2353,兆豐-鹿港,0037003000300066,0,65,-65,0.28,10,sell
9/18,2353,群益金鼎,9100,255,137,118,0.51,11,buy
9/18,2353,臺銀-高雄,0031003000340043,19,78,-59,0.26,11,sell
9/18,2353,元大-桃園,0039003800380042,136,25,111,0.48,12,buy
9/18,2353,統一-南京,0035003800350055,6,61,-55,0.24,12,sell
9/18,2353,群益金鼎-彰化,9187,118,9,109,0.47,13,buy
9/18,2353,華南永昌-板橋,9349,0,51,-51,0.22,13,sell
9/18,2353,陽信-石牌,8711,109,0,109,0.47,14,buy
9/18,2353,第一金-新竹,0035003300380042,1,50,-49,0.21,14,sell
9/18,2353,大昌-新竹,6463,108,0,108,0.47,15,buy
9/18,2353,凱基-新莊,0039003200310053,1,44,-43,0.19,15,sell
9/18,2610,台新,0039004200300030,2882,5,2877,11.88,1,buy
9/18,2610,美商高盛,1480,538,3148,-2610,10.77,1,sell
9/18,2610,花旗環球,1590,2995,1357,1638,6.76,2,buy
9/18,2610,美林,1440,817,3201,-2384,9.84,2,sell
9/18,2610,永豐金證券,0039004100300030,1783,846,937,3.87,3,buy
9/18,2610,凱基,9200,444,2169,-1725,7.12,3,sell
9/18,2610,凱基-基隆,0039003200300048,323,22,301,1.24,4,buy
9/18,2610,元大-三民,0039003800390046,0,559,-559,2.31,4,sell
9/18,2610,群益金鼎-潭子,0039003100330044,239,0,239,0.99,5,buy
9/18,2610,港商麥格理,1360,806,1311,-505,2.08,5,sell
9/18,2610,中國信託,6160,215,55,160,0.66,6,buy
9/18,2610,台灣摩根士丹利,1470,2221,2612,-391,1.61,6,sell
9/18,2610,新加坡商瑞銀,1650,974,841,133,0.55,7,buy
9/18,2610,摩根大通,8440,1543,1739,-196,0.81,7,sell
9/18,2610,新光,8560,393,279,114,0.47,8,buy
9/18,2610,港商野村,1560,0,186,-186,0.77,8,sell
9/18,2610,康和-屏東,0038003400350058,111,0,111,0.46,9,buy
9/18,2610,凱基-台北,9268,609,744,-135,0.56,9,sell
9/18,2610,兆豐證券,7000,111,1,110,0.45,10,buy
9/18,2610,元大證券,9800,2809,2899,-90,0.37,10,sell
9/18,2610,富邦-仁愛,9676,127,23,104,0.43,11,buy
9/18,2610,國泰-桃園,8885,51,120,-69,0.28,11,sell
9/18,2610,元大-林森,0039003800330042,100,0,100,0.41,12,buy
9/18,2610,富邦-和美,0039003600310050,5,53,-48,0.2,12,sell
9/18,2610,國票-內壢,7798,100,0,100,0.41,13,buy
9/18,2610,永豐金-豐原,0039004100390051,1,45,-44,0.18,13,sell
9/18,2610,國泰-敦南,8888,144,46,98,0.4,14,buy
9/18,2610,康和-嘉義,8459,1,40,-39,0.16,14,sell
9/18,2610,永豐金-大園,0039004100390038,89,3,86,0.35,15,buy
9/18,2610,元大-景美,0039003800340048,0,35,-35,0.14,15,sell
9/18,2344,新加坡商瑞銀,1650,26792,7805,18987,13.77,1,buy
9/18,2344,國泰證券,8880,98,5054,-4956,3.59,1,sell
9/18,2344,美商高盛,1480,8914,1985,6929,5.02,2,buy
9/18,2344,國泰-敦南,8888,2851,4776,-1925,1.4,2,sell
9/18,2344,凱基-台北,9268,6408,1548,4860,3.52,3,buy
9/18,2344,康和-台北,0038003400350055,9,963,-954,0.69,3,sell
9/18,2344,元大證券,9800,11476,7308,4168,3.02,4,buy
9/18,2344,第一金-華江,0035003300380057,209,1010,-801,0.58,4,sell
9/18,2344,美林,1440,5144,2062,3082,2.23,5,buy
9/18,2344,群益金鼎-士林,9137,19,759,-740,0.54,5,sell
9/18,2344,台灣摩根士丹利,1470,6834,4465,2369,1.72,6,buy
9/18,2344,台新,0039004200300030,633,1148,-515,0.37,6,sell
9/18,2344,花旗環球,1590,2522,802,1720,1.25,7,buy
9/18,2344,新光,8560,786,1254,-468,0.34,7,sell
9/18,2344,富邦證券,9600,2960,1360,1600,1.16,8,buy
9/18,2344,國泰-台中,8882,621,983,-362,0.26,8,sell
9/18,2344,凱基,9200,1568,7,1561,1.13,9,buy
9/18,2344,兆豐-南京,0037003000300050,35,370,-335,0.24,9,sell
9/18,2344,永豐金證券,0039004100300030,1527,726,801,0.58,10,buy
9/18,2344,富邦-仁愛,9676,229,561,-332,0.24,10,sell
9/18,2344,港商野村,1560,1819,1152,667,0.48,11,buy
9/18,2344,國泰-板橋,003800380038004b,321,645,-324,0.23,11,sell
9/18,2344,群益金鼎,9100,1126,518,608,0.44,12,buy
9/18,2344,富邦-建國,9658,142,455,-313,0.23,12,sell
9/18,2344,宏遠證券,1260,562,36,526,0.38,13,buy
9/18,2344,國泰-桃園,8885,271,566,-295,0.21,13,sell
9/18,2344,摩根大通,8440,4418,4105,313,0.23,14,buy
9/18,2344,凱基-桃園,9208,50,316,-266,0.19,14,sell
9/18,2344,元大-新生,0039003800310058,535,226,309,0.22,15,buy
9/18,2344,元大-新莊,9898,101,360,-259,0.19,15,sell
9/18,6274,新加坡商瑞銀,1650,1264,83,1181,12.27,1,buy
9/18,6274,摩根大通,8440,541,1731,-1190,12.36,1,sell
9/18,6274,花旗環球,1590,322,14,308,3.2,2,buy
9/18,6274,富邦證券,9600,50,254,-204,2.12,2,sell
9/18,6274,美林,1440,335,68,267,2.77,3,buy
9/18,6274,群益金鼎,9100,38,233,-195,2.03,3,sell
9/18,6274,凱基-台北,9268,775,585,190,1.97,4,buy
9/18,6274,元大證券,9800,589,784,-195,2.03,4,sell
9/18,6274,港商麥格理,1360,233,74,159,1.65,5,buy
9/18,6274,統一,5850,126,273,-147,1.53,5,sell
9/18,6274,港商野村,1560,158,61,97,1.01,6,buy
9/18,6274,台灣摩根士丹利,1470,417,530,-113,1.17,6,sell
9/18,6274,美商高盛,1480,747,684,63,0.65,7,buy
9/18,6274,華南永昌,9300,14,92,-78,0.81,7,sell
9/18,6274,富邦-桃園,9665,61,7,54,0.56,8,buy
9/18,6274,台新-台北,0039004200320030,7,79,-72,0.75,8,sell
9/18,6274,統一-敦南,5852,59,18,41,0.43,9,buy
9/18,6274,國票-敦北法人,0037003700390063,0,70,-70,0.73,9,sell
9/18,6274,永豐金證券,0039004100300030,153,118,35,0.36,10,buy
9/18,6274,大和國泰,8890,0,52,-52,0.54,10,sell
9/18,6274,香港上海匯豐,8960,82,48,34,0.35,11,buy
9/18,6274,群益金鼎-台北,0039003100380058,1,43,-42,0.44,11,sell
9/18,6274,富邦-新板,0039003600310048,23,1,22,0.23,12,buy
9/18,6274,凱基,9200,48,88,-40,0.42,12,sell
9/18,6274,永豐金-匯立,0039004100380031,21,0,21,0.22,13,buy
9/18,6274,法銀巴黎,8900,0,39,-39,0.41,13,sell
9/18,6274,台新-大裕,003900420032006c,22,2,20,0.21,14,buy
9/18,6274,凱基-站前,0039003200300046,3,41,-38,0.39,14,sell
9/18,6274,元大-北投,0039003800390041,23,2,21,0.22,15,buy
9/18,6274,合庫證券,1020,10,31,-21,0.22,15,sell
9/18,3293,摩根大通,8440,1179,416,763,18.33,1,buy
9/18,3293,美商高盛,1480,38,906,-868,20.86,1,sell
9/18,3293,花旗環球,1590,606,38,568,13.65,2,buy
9/18,3293,美林,1440,55,472,-417,10.02,2,sell
9/18,3293,新加坡商瑞銀,1650,1051,531,520,12.49,3,buy
9/18,3293,凱基-台北,9268,33,441,-408,9.8,3,sell
9/18,3293,華南永昌,9300,121,1,120,2.88,4,buy
9/18,3293,台灣摩根士丹利,1470,26,391,-365,8.77,4,sell
9/18,3293,港商麥格理,1360,100,0,100,2.4,5,buy
9/18,3293,港商野村,1560,0,127,-127,3.05,5,sell
9/18,3293,法銀巴黎,8900,50,1,49,1.18,6,buy
9/18,3293,兆豐-板橋,0037003000300042,0,45,-45,1.08,6,sell
9/18,3293,永豐金-內湖,0039004100390067,40,0,40,0.96,7,buy
9/18,3293,元大證券,9800,181,201,-20,0.48,7,sell
9/18,3293,中國信託,6160,32,2,30,0.72,8,buy
9/18,3293,統一-新台中,0035003800350044,1,20,-19,0.46,8,sell
9/18,3293,新光,8560,43,19,24,0.58,9,buy
9/18,3293,香港上海匯豐,8960,0,18,-18,0.43,9,sell
9/18,3293,兆豐-大安,003700300030006a,14,0,14,0.34,10,buy
9/18,3293,統一-三重,003500380035004a,0,15,-15,0.36,10,sell
9/18,3293,臺銀-高雄,0031003000340043,10,0,10,0.24,11,buy
9/18,3293,元大-羅東,0039003800320041,0,10,-10,0.24,11,sell
9/18,3293,凱基-竹北,9234,12,4,8,0.19,12,buy
9/18,3293,大展-台南,5058,0,8,-8,0.19,12,sell
9/18,3293,第一金-桃園,5385,8,0,8,0.19,13,buy
9/18,3293,群益金鼎-新店,0039003100380046,0,7,-7,0.17,13,sell
9/18,3293,富邦-左營,0039003600360046,7,0,7,0.17,14,buy
9/18,3293,玉山-台中,0038003800340042,1,8,-7,0.17,14,sell
9/18,3293,美好,5260,6,0,6,0.14,15,buy
9/18,3293,富邦-永康,003900360031005a,1,8,-7,0.17,15,sell
9/18,6005,台新-草屯,0039004200320058,1149,0,1149,13.18,1,buy
9/18,6005,摩根大通,8440,735,1910,-1175,13.48,1,sell
9/18,6005,凱基,9200,760,5,755,8.66,2,buy
9/18,6005,新加坡商瑞銀,1650,292,1071,-779,8.94,2,sell
9/18,6005,台灣摩根士丹利,1470,772,478,294,3.37,3,buy
9/18,6005,元大證券,9800,171,572,-401,4.6,3,sell
9/18,6005,港商麥格理,1360,382,112,270,3.1,4,buy
9/18,6005,國泰證券,8880,0,287,-287,3.29,4,sell
9/18,6005,法銀巴黎,8900,308,50,258,2.96,5,buy
9/18,6005,美商高盛,1480,459,687,-228,2.62,5,sell
9/18,6005,凱基-台北,9268,407,166,241,2.77,6,buy
9/18,6005,港商野村,1560,17,226,-209,2.4,6,sell
9/18,6005,群益金鼎-海山,9108,180,30,150,1.72,7,buy
9/18,6005,香港上海匯豐,8960,0,133,-133,1.53,7,sell
9/18,6005,花旗環球,1590,190,58,132,1.51,8,buy
9/18,6005,元大-四維,9831,2,120,-118,1.35,8,sell
9/18,6005,華南永昌-彰化,9363,105,0,105,1.2,9,buy
9/18,6005,元大-北屯,0039003800390064,3,105,-102,1.17,9,sell
9/18,6005,兆豐-公益,003700300030004a,100,30,70,0.8,10,buy
9/18,6005,元大-南屯,9853,0,102,-102,1.17,10,sell
9/18,6005,元大-斗信,9884,108,40,68,0.78,11,buy
9/18,6005,凱基-嘉義,9252,0,90,-90,1.03,11,sell
9/18,6005,第一金-忠孝,0035003300380044,62,1,61,0.7,12,buy
9/18,6005,國泰-館前,0038003800380041,3,88,-85,0.98,12,sell
9/18,6005,元大-基隆孝二,003900380036004b,60,0,60,0.69,13,buy
9/18,6005,群益金鼎-永和,003900310038004a,0,77,-77,0.88,13,sell
9/18,6005,台新-五權西,0039004200320035,55,2,53,0.61,14,buy
9/18,6005,第一金-安和,003500330038006a,2,69,-67,0.77,14,sell
9/18,6005,台新,0039004200300030,67,18,49,0.56,15,buy
9/18,6005,永豐金-市政,0039004100390057,14,67,-53,0.61,15,sell
9/18,2637,花旗環球,1590,305,15,290,13.79,1,buy
9/18,2637,國泰證券,8880,33,218,-185,8.8,1,sell
9/18,2637,港商麥格理,1360,99,0,99,4.71,2,buy
9/18,2637,元大-忠孝,9871,0,100,-100,4.76,2,sell
9/18,2637,凱基-台北,9268,208,116,92,4.37,3,buy
9/18,2637,第一金-澎湖,5387,0,80,-80,3.8,3,sell
9/18,2637,摩根大通,8440,171,96,75,3.57,4,buy
9/18,2637,美商高盛,1480,297,376,-79,3.76,4,sell
9/18,2637,新加坡商瑞銀,1650,87,14,73,3.47,5,buy
9/18,2637,元大證券,9800,96,151,-55,2.62,5,sell
9/18,2637,美林,1440,58,0,58,2.76,6,buy
9/18,2637,華南永昌-高雄,9303,4,53,-49,2.33,6,sell
9/18,2637,凱基-中港,9202,25,0,25,1.19,7,buy
9/18,2637,元大-台北,0039003800300068,0,40,-40,1.9,7,sell
9/18,2637,元大-草屯,0039003800390045,23,0,23,1.09,8,buy
9/18,2637,富邦證券,9600,10,45,-35,1.66,8,sell
9/18,2637,元大-大雅,0039003800330069,30,10,20,0.95,9,buy
9/18,2637,台灣企銀-台中,1111,0,20,-20,0.95,9,sell
9/18,2637,元大-新竹經國,9859,20,1,19,0.9,10,buy
9/18,2637,凱基-林口,9257,0,15,-15,0.71,10,sell
9/18,2637,國泰-館前,0038003800380041,22,4,18,0.86,11,buy
9/18,2637,華南永昌-鶯歌,9319,0,13,-13,0.62,11,sell
9/18,2637,元大-敦化,9833,15,0,15,0.71,12,buy
9/18,2637,兆豐-桃鶯,0037003000300055,0,11,-11,0.52,12,sell
9/18,2637,永豐金證券,0039004100300030,16,2,14,0.67,13,buy
9/18,2637,國泰-台中,8882,7,17,-10,0.48,13,sell
9/18,2637,元大-沙鹿,0039003800300064,12,0,12,0.57,14,buy
9/18,2637,華南永昌-楠梓,9332,0,10,-10,0.48,14,sell
9/18,2637,康和-高雄,003800340035004a,10,0,10,0.48,15,buy
9/18,2637,群益金鼎-鳳山,0039003100380063,0,10,-10,0.48,15,sell
9/18,2472,摩根大通,8440,4621,501,4120,70.88,1,buy
9/18,2472,美商高盛,1480,228,1619,-1391,23.93,1,sell
9/18,2472,元大-彰化民生,003900380039004a,41,0,41,0.71,2,buy
9/18,2472,新加坡商瑞銀,1650,32,807,-775,13.33,2,sell
9/18,2472,元大-中崙,9813,24,0,24,0.41,3,buy
9/18,2472,台灣摩根士丹利,1470,32,593,-561,9.65,3,sell
9/18,2472,富邦-建國,9658,20,2,18,0.31,4,buy
9/18,2472,凱基-站前,0039003200300046,1,503,-502,8.64,4,sell
9/18,2472,富邦-基隆,9614,12,0,12,0.21,5,buy
9/18,2472,美林,1440,4,421,-417,7.17,5,sell
9/18,2472,華南永昌,9300,11,0,11,0.19,6,buy
9/18,2472,凱基-台北,9268,191,418,-227,3.91,6,sell
9/18,2472,富邦-陽明,9604,15,5,10,0.17,7,buy
9/18,2472,花旗環球,1590,14,210,-196,3.37,7,sell
9/18,2472,元大證券,9800,30,21,9,0.15,8,buy
9/18,2472,群益金鼎-瑞豐,0039003100380075,0,28,-28,0.48,8,sell
9/18,2472,日茂-埔里,5961,8,0,8,0.14,9,buy
9/18,2472,港商野村,1560,4,29,-25,0.43,9,sell
9/18,2472,華南永昌-小港,9323,8,0,8,0.14,10,buy
9/18,2472,富邦-二林,0039003600320042,1,22,-21,0.36,10,sell
9/18,2472,統一-桃園,0035003800350048,8,1,7,0.12,11,buy
9/18,2472,元大-南投,0039003800310044,1,17,-16,0.28,11,sell
9/18,2472,台新-草屯,0039004200320058,5,0,5,0.09,12,buy
9/18,2472,凱基-土城,003900320031004a,0,15,-15,0.26,12,sell
9/18,2472,元大-敦化,9833,5,0,5,0.09,13,buy
9/18,2472,永豐金-敦南,0039004100380046,2,15,-13,0.22,13,sell
9/18,2472,元大-板橋三民,9879,4,0,4,0.07,14,buy
9/18,2472,國泰-敦南,8888,17,30,-13,0.22,14,sell
9/18,2472,元大-旗山,003900380031006e,5,1,4,0.07,15,buy
9/18,2472,凱基-宜蘭,003900320030004d,0,11,-11,0.19,15,sell
9/18,1402,花旗環球,1590,1445,431,1014,6.26,1,buy
9/18,1402,國票-敦北法人,0037003700390063,0,1690,-1690,10.43,1,sell
9/18,1402,台灣摩根士丹利,1470,1557,692,865,5.34,2,buy
9/18,1402,美林,1440,974,2181,-1207,7.45,2,sell
9/18,1402,永豐金證券,0039004100300030,853,12,841,5.19,3,buy
9/18,1402,凱基,9200,86,1207,-1121,6.92,3,sell
9/18,1402,摩根大通,8440,1342,566,776,4.79,4,buy
9/18,1402,新加坡商瑞銀,1650,3593,4634,-1041,6.42,4,sell
9/18,1402,香港上海匯豐,8960,262,0,262,1.62,5,buy
9/18,1402,永豐金-忠孝,0039004100390044,20,200,-180,1.11,5,sell
9/18,1402,凱基-台北,9268,937,681,256,1.58,6,buy
9/18,1402,元大證券,9800,754,907,-153,0.94,6,sell
9/18,1402,港商麥格理,1360,496,285,211,1.3,7,buy
9/18,1402,國泰-板橋,003800380038004b,13,108,-95,0.59,7,sell
9/18,1402,美商高盛,1480,1276,1120,156,0.96,8,buy
9/18,1402,元大-雙和,9874,1,69,-68,0.42,8,sell
9/18,1402,中國信託,6160,113,4,109,0.67,9,buy
9/18,1402,美好,5260,0,60,-60,0.37,9,sell
9/18,1402,富邦-新店,9661,107,0,107,0.66,10,buy
9/18,1402,永豐金-匯立,0039004100380031,0,37,-37,0.23,10,sell
9/18,1402,台新,0039004200300030,99,18,81,0.5,11,buy
9/18,1402,華南永昌-古亭,9309,4,41,-37,0.23,11,sell
9/18,1402,統一,5850,77,6,71,0.44,12,buy
9/18,1402,統一-新營,0035003800350045,0,28,-28,0.17,12,sell
9/18,1402,國票證券,7790,84,23,61,0.38,13,buy
9/18,1402,富邦-彰化,0039003600350055,0,20,-20,0.12,13,sell
9/18,1402,法銀巴黎,8900,61,0,61,0.38,14,buy
9/18,1402,永豐金-市政,0039004100390057,2,20,-18,0.11,14,sell
9/18,1402,國票-內壢,7798,60,0,60,0.37,15,buy
9/18,1402,元大-中崙,9813,0,17,-17,0.1,15,sell
9/18,2337,新加坡商瑞銀,1650,15072,5238,9834,17.55,1,buy
9/18,2337,美商高盛,1480,5685,15113,-9428,16.83,1,sell
9/18,2337,摩根大通,8440,7075,4792,2283,4.07,2,buy
9/18,2337,凱基,9200,73,852,-779,1.39,2,sell
9/18,2337,台灣摩根士丹利,1470,3463,1710,1753,3.13,3,buy
9/18,2337,玉山證券,8840,13,637,-624,1.11,3,sell
9/18,2337,港商麥格理,1360,1740,0,1740,3.11,4,buy
9/18,2337,富邦-敦南,9663,27,339,-312,0.56,4,sell
9/18,2337,花旗環球,1590,2313,583,1730,3.09,5,buy
9/18,2337,國泰-敦南,8888,434,746,-312,0.56,5,sell
9/18,2337,香港上海匯豐,8960,545,37,508,0.91,6,buy
9/18,2337,兆豐-南京,0037003000300050,3,274,-271,0.48,6,sell
9/18,2337,法銀巴黎,8900,598,107,491,0.88,7,buy
9/18,2337,美林,1440,1329,1551,-222,0.4,7,sell
9/18,2337,兆豐-中壢,0037003000300062,429,9,420,0.75,8,buy
9/18,2337,富邦證券,9600,741,961,-220,0.39,8,sell
9/18,2337,富隆證券,5110,231,0,231,0.41,9,buy
9/18,2337,元大-大天母,9893,4,168,-164,0.29,9,sell
9/18,2337,永豐金證券,0039004100300030,259,79,180,0.32,10,buy
9/18,2337,凱基-高美館,9215,61,195,-134,0.24,10,sell
9/18,2337,元大證券,9800,3489,3317,172,0.31,11,buy
9/18,2337,華南永昌-虎尾,9377,5,139,-134,0.24,11,sell
9/18,2337,台新-同大,0039004200320050,123,42,81,0.14,12,buy
9/18,2337,元大-基隆孝二,003900380036004b,4,114,-110,0.2,12,sell
9/18,2337,第一金-新興,0035003300380041,100,20,80,0.14,13,buy
9/18,2337,華南永昌-斗六,9327,2,108,-106,0.19,13,sell
9/18,2337,凱基-桃園,9208,107,31,76,0.14,14,buy
9/18,2337,福邦證券,6480,0,101,-101,0.18,14,sell
9/18,2337,兆豐-桃鶯,0037003000300055,70,14,56,0.1,15,buy
9/18,2337,富邦-台北,9623,104,202,-98,0.17,15,sell
9/18,2408,摩根大通,8440,13628,1067,12561,15.8,1,buy
9/18,2408,永豐金證券,0039004100300030,429,2669,-2240,2.82,1,sell
9/18,2408,元大證券,9800,9748,3919,5829,7.33,2,buy
9/18,2408,國泰-敦南,8888,868,2362,-1494,1.88,2,sell
9/18,2408,美林,1440,5112,91,5021,6.31,3,buy
9/18,2408,元大-中山北路,0039003800300061,83,501,-418,0.53,3,sell
9/18,2408,台灣摩根士丹利,1470,6091,2612,3479,4.38,4,buy
9/18,2408,新光,8560,338,686,-348,0.44,4,sell
9/18,2408,新加坡商瑞銀,1650,7269,4171,3098,3.9,5,buy
9/18,2408,兆豐-高雄,003700300030005a,6,344,-338,0.43,5,sell
9/18,2408,統一,5850,2905,145,2760,3.47,6,buy
9/18,2408,台中銀-豐原,0036003100310041,9,344,-335,0.42,6,sell
9/18,2408,美商高盛,1480,4903,3205,1698,2.14,7,buy
9/18,2408,國泰-台中,8882,204,533,-329,0.41,7,sell
9/18,2408,凱基-台北,9268,3637,1987,1650,2.08,8,buy
9/18,2408,國泰-板橋,003800380038004b,160,460,-300,0.38,8,sell
9/18,2408,富邦證券,9600,1190,43,1147,1.44,9,buy
9/18,2408,國泰-桃園,8885,210,491,-281,0.35,9,sell
9/18,2408,國泰證券,8880,817,12,805,1.01,10,buy
9/18,2408,國泰-館前,0038003800380041,113,392,-279,0.35,10,sell
9/18,2408,港商野村,1560,688,54,634,0.8,11,buy
9/18,2408,富邦-桃園,9665,172,434,-262,0.33,11,sell
9/18,2408,港商麥格理,1360,642,15,627,0.79,12,buy
9/18,2408,凱基-新豐,9266,38,273,-235,0.3,12,sell
9/18,2408,凱基,9200,394,4,390,0.49,13,buy
9/18,2408,富邦-陽明,9604,40,262,-222,0.28,13,sell
9/18,2408,康和-台北,0038003400350055,514,234,280,0.35,14,buy
9/18,2408,統一-台中,5856,17,233,-216,0.27,14,sell
9/18,2408,花旗環球,1590,584,327,257,0.32,15,buy
9/18,2408,統一-南京,0035003800350055,4,205,-201,0.25,15,sell
9/18,2492,凱基-台北,9268,1624,420,1204,7.78,1,buy
9/18,2492,富邦證券,9600,117,530,-413,2.67,1,sell
9/18,2492,美商高盛,1480,1302,521,781,5.04,2,buy
9/18,2492,國票-敦北法人,0037003700390063,4,312,-308,1.99,2,sell
9/18,2492,台灣摩根士丹利,1470,877,170,707,4.57,3,buy
9/18,2492,國泰-敦南,8888,351,484,-133,0.86,3,sell
9/18,2492,摩根大通,8440,1069,485,584,3.77,4,buy
9/18,2492,康和,8450,4,104,-100,0.65,4,sell
9/18,2492,永豐金-匯立,0039004100380031,364,0,364,2.35,5,buy
9/18,2492,國泰證券,8880,11,102,-91,0.59,5,sell
9/18,2492,元大證券,9800,1216,904,312,2.02,6,buy
9/18,2492,富邦-彰化,0039003600350055,3,75,-72,0.47,6,sell
9/18,2492,美林,1440,359,117,242,1.56,7,buy
9/18,2492,元大-大里,0039003800310067,18,89,-71,0.46,7,sell
9/18,2492,永豐金-中正,0039004100390055,208,10,198,1.28,8,buy
9/18,2492,華南永昌-中正,9359,1,68,-67,0.43,8,sell
9/18,2492,新加坡商瑞銀,1650,334,172,162,1.05,9,buy
9/18,2492,群益金鼎-南京,0039003100380045,34,99,-65,0.42,9,sell
9/18,2492,凱基-站前,0039003200300046,172,26,146,0.94,10,buy
9/18,2492,安泰,8380,4,60,-56,0.36,10,sell
9/18,2492,花旗環球,1590,99,4,95,0.61,11,buy
9/18,2492,元大-龍潭,9858,12,67,-55,0.36,11,sell
9/18,2492,永豐金-內湖,0039004100390067,56,5,51,0.33,12,buy
9/18,2492,統一-土城,0035003800350059,0,53,-53,0.34,12,sell
9/18,2492,台新-建北,0039004200310038,70,20,50,0.32,13,buy
9/18,2492,群益金鼎-土城,003900310033004e,5,57,-52,0.34,13,sell
9/18,2492,元大-台南,9896,60,19,41,0.26,14,buy
9/18,2492,致和-南京,7038,0,51,-51,0.33,14,sell
9/18,2492,第一金-頭份,0035003300380049,43,3,40,0.26,15,buy
9/18,2492,元大-蘆洲,9857,26,70,-44,0.28,15,sell
9/18,6239,台灣摩根士丹利,1470,2272,61,2211,10.88,1,buy
9/18,6239,新加坡商瑞銀,1650,1494,3228,-1734,8.53,1,sell
9/18,6239,美商高盛,1480,2259,578,1681,8.27,2,buy
9/18,6239,國泰證券,8880,124,1481,-1357,6.68,2,sell
9/18,6239,凱基-台北,9268,1782,465,1317,6.48,3,buy
9/18,6239,凱基,9200,231,1008,-777,3.82,3,sell
9/18,6239,摩根大通,8440,1274,157,1117,5.5,4,buy
9/18,6239,港商野村,1560,123,653,-530,2.61,4,sell
9/18,6239,元大證券,9800,1380,849,531,2.61,5,buy
9/18,6239,統一,5850,167,333,-166,0.82,5,sell
9/18,6239,美林,1440,654,219,435,2.14,6,buy
9/18,6239,兆豐證券,7000,10,147,-137,0.67,6,sell
9/18,6239,花旗環球,1590,260,92,168,0.83,7,buy
9/18,6239,富邦證券,9600,161,268,-107,0.53,7,sell
9/18,6239,群益金鼎-新竹,9186,158,4,154,0.76,8,buy
9/18,6239,香港上海匯豐,8960,16,113,-97,0.48,8,sell
9/18,6239,凱基-高雄,9206,160,51,109,0.54,9,buy
9/18,6239,元大-北三重,0039003800390056,11,94,-83,0.41,9,sell
9/18,6239,永豐金證券,0039004100300030,169,64,105,0.52,10,buy
9/18,6239,國泰-板橋,003800380038004b,48,125,-77,0.38,10,sell
9/18,6239,法銀巴黎,8900,103,0,103,0.51,11,buy
9/18,6239,群益金鼎,9100,502,578,-76,0.37,11,sell
9/18,6239,港商麥格理,1360,80,0,80,0.39,12,buy
9/18,6239,玉山-高雄,8843,17,88,-71,0.35,12,sell
9/18,6239,永豐金-亞灣,0039004100390061,67,10,57,0.28,13,buy
9/18,6239,國票-桃園,0037003700390072,3,73,-70,0.34,13,sell
9/18,6239,台新-五權西,0039004200320035,52,2,50,0.25,14,buy
9/18,6239,新光,8560,50,114,-64,0.31,14,sell
9/18,6239,凱基-台中,9204,57,9,48,0.24,15,buy
9/18,6239,玉山-嘉義,8848,16,67,-51,0.25,15,sell
9/18,6449,國泰-板橋,003800380038004b,55,0,55,12.2,1,buy
9/18,6449,摩根大通,8440,2,61,-59,13.08,1,sell
9/18,6449,凱基-台北,9268,68,28,40,8.87,2,buy
9/18,6449,新加坡商瑞銀,1650,0,18,-18,3.99,2,sell
9/18,6449,富邦-新店,9661,15,2,13,2.88,3,buy
9/18,6449,兆豐-彰化,0037003000300064,0,15,-15,3.33,3,sell
9/18,6449,凱基-民權,0039003200310043,10,0,10,2.22,4,buy
9/18,6449,美林,1440,0,12,-12,2.66,4,sell
9/18,6449,台新-永和,0039004200320042,10,0,10,2.22,5,buy
9/18,6449,京城,8490,0,8,-8,1.77,5,sell
9/18,6449,凱基-宜蘭,003900320030004d,10,1,9,2.0,6,buy
9/18,6449,新光,8560,1,8,-7,1.55,6,sell
9/18,6449,元大-新莊,9898,8,1,7,1.55,7,buy
9/18,6449,元大-苑裡,0039003800390061,0,6,-6,1.33,7,sell
9/18,6449,大昌-安康,6462,7,0,7,1.55,8,buy
9/18,6449,土銀-玉里,1036,0,5,-5,1.11,8,sell
9/18,6449,永豐金-敦南,0039004100380046,6,0,6,1.33,9,buy
9/18,6449,玉山-嘉義,8848,0,5,-5,1.11,9,sell
9/18,6449,元大證券,9800,10,5,5,1.11,10,buy
9/18,6449,永豐金-松山,0039004100390031,0,5,-5,1.11,10,sell
9/18,6449,元大-中壢,9834,5,0,5,1.11,11,buy
9/18,6449,台新-大昌,0039004200320044,0,5,-5,1.11,11,sell
9/18,6449,群益金鼎-中山,0039003100380048,5,0,5,1.11,12,buy
9/18,6449,台新,0039004200300030,1,5,-4,0.89,12,sell
9/18,6449,元大-仁愛,003900380033006a,5,0,5,1.11,13,buy
9/18,6449,富邦-南京,0039003600310043,0,3,-3,0.67,13,sell
9/18,6449,統一,5850,5,0,5,1.11,14,buy
9/18,6449,亞東-板橋,2181,0,3,-3,0.67,14,sell
9/18,6449,台灣摩根士丹利,1470,17,13,4,0.89,15,buy
9/18,6449,高橋-內壢,5323,1,4,-3,0.67,15,sell
9/18,3481,凱基-台北,9268,11282,7528,3754,2.96,1,buy
9/18,3481,摩根大通,8440,5989,19147,-13158,10.36,1,sell
9/18,3481,台灣摩根士丹利,1470,7747,4400,3347,2.64,2,buy
9/18,3481,美商高盛,1480,3203,15611,-12408,9.77,2,sell
9/18,3481,港商麥格理,1360,2310,233,2077,1.64,3,buy
9/18,3481,美林,1440,266,3896,-3630,2.86,3,sell
9/18,3481,兆豐-民生,0037003000300063,1454,4,1450,1.14,4,buy
9/18,3481,元大證券,9800,6008,8944,-2936,2.31,4,sell
9/18,3481,國泰-敦南,8888,4103,3218,885,0.7,5,buy
9/18,3481,中國信託,6160,502,2317,-1815,1.43,5,sell
9/18,3481,國票-台中,0037003700390076,707,37,670,0.53,6,buy
9/18,3481,凱基-中壢,9285,142,1095,-953,0.75,6,sell
9/18,3481,凱基-台南,9211,624,91,533,0.42,7,buy
9/18,3481,臺銀,1040,95,817,-722,0.57,7,sell
9/18,3481,元大-士林,003900380031006a,483,33,450,0.35,8,buy
9/18,3481,群益金鼎,9100,2779,3462,-683,0.54,8,sell
9/18,3481,元大-清水,0039003800300065,458,69,389,0.31,9,buy
9/18,3481,群益金鼎-永和,003900310038004a,30,703,-673,0.53,9,sell
9/18,3481,台新-世貿,0039004200320075,359,21,338,0.27,10,buy
9/18,3481,法銀巴黎,8900,85,688,-603,0.47,10,sell
9/18,3481,中國信託-新竹,6165,373,51,322,0.25,11,buy
9/18,3481,元大-高雄,003900380031006d,201,619,-418,0.33,11,sell
9/18,3481,富邦-新竹,9647,477,157,320,0.25,12,buy
9/18,3481,統一,5850,258,519,-261,0.21,12,sell
9/18,3481,中國信託-高雄,003600310036004b,495,176,319,0.25,13,buy
9/18,3481,凱基-竹北,9234,104,361,-257,0.2,13,sell
9/18,3481,花旗環球,1590,2585,2272,313,0.25,14,buy
9/18,3481,中國信託-永康,6163,159,411,-252,0.2,14,sell
9/18,3481,合庫證券,1020,319,27,292,0.23,15,buy
9/18,3481,凱基,9200,97,322,-225,0.18,15,sell
9/18,8046,國泰證券,8880,880,60,820,8.06,1,buy
9/18,8046,美商高盛,1480,493,1656,-1163,11.43,1,sell
9/18,8046,港商野村,1560,772,57,715,7.03,2,buy
9/18,8046,美林,1440,106,526,-420,4.13,2,sell
9/18,8046,摩根大通,8440,2177,1571,606,5.96,3,buy
9/18,8046,中國信託,6160,17,320,-303,2.98,3,sell
9/18,8046,富邦證券,9600,223,27,196,1.93,4,buy
9/18,8046,元大證券,9800,642,915,-273,2.68,4,sell
9/18,8046,花旗環球,1590,194,77,117,1.15,5,buy
9/18,8046,永豐金證券,0039004100300030,231,499,-268,2.63,5,sell
9/18,8046,港商麥格理,1360,124,25,99,0.97,6,buy
9/18,8046,台灣摩根士丹利,1470,291,514,-223,2.19,6,sell
9/18,8046,凱基-台北,9268,423,361,62,0.61,7,buy
9/18,8046,統一,5850,31,146,-115,1.13,7,sell
9/18,8046,凱基,9200,51,10,41,0.4,8,buy
9/18,8046,香港上海匯豐,8960,0,74,-74,0.73,8,sell
9/18,8046,富邦-新竹,9647,26,1,25,0.25,9,buy
9/18,8046,新加坡商瑞銀,1650,360,420,-60,0.59,9,sell
9/18,8046,元大-內湖,003900380039004e,30,6,24,0.24,10,buy
9/18,8046,富邦-台北,9623,11,40,-29,0.29,10,sell
9/18,8046,富邦-高雄,9659,44,23,21,0.21,11,buy
9/18,8046,凱基-站前,0039003200300046,19,40,-21,0.21,11,sell
9/18,8046,新光-台中,8561,40,20,20,0.2,12,buy
9/18,8046,元大-高雄,003900380031006d,5,23,-18,0.18,12,sell
9/18,8046,統一-內湖,0035003800350062,19,1,18,0.18,13,buy
9/18,8046,台新,0039004200300030,24,41,-17,0.17,13,sell
9/18,8046,國泰-敦南,8888,204,187,17,0.17,14,buy
9/18,8046,台新-建北,0039004200310038,3,19,-16,0.16,14,sell
9/18,8046,玉山-台南,8847,27,11,16,0.16,15,buy
9/18,8046,國泰-館前,0038003800380041,8,23,-15,0.15,15,sell
9/18,6488,摩根大通,8440,2045,81,1964,12.38,1,buy
9/18,6488,元大證券,9800,1810,3123,-1313,8.28,1,sell
9/18,6488,凱基-台北,9268,1493,954,539,3.4,2,buy
9/18,6488,美林,1440,140,729,-589,3.71,2,sell
9/18,6488,台灣摩根士丹利,1470,794,258,536,3.38,3,buy
9/18,6488,花旗環球,1590,79,354,-275,1.73,3,sell
9/18,6488,美商高盛,1480,991,741,250,1.58,4,buy
9/18,6488,富邦證券,9600,103,328,-225,1.42,4,sell
9/18,6488,凱基,9200,167,4,163,1.03,5,buy
9/18,6488,中國信託,6160,45,171,-126,0.79,5,sell
9/18,6488,兆豐-新竹,0037003000300056,121,4,117,0.74,6,buy
9/18,6488,新加坡商瑞銀,1650,307,420,-113,0.71,6,sell
9/18,6488,台新,0039004200300030,168,58,110,0.69,7,buy
9/18,6488,國泰-敦南,8888,460,567,-107,0.67,7,sell
9/18,6488,永豐金-復興,003900410039005a,102,3,99,0.62,8,buy
9/18,6488,兆豐-大安,003700300030006a,15,104,-89,0.56,8,sell
9/18,6488,康和,8450,85,2,83,0.52,9,buy
9/18,6488,法銀巴黎,8900,3,53,-50,0.32,9,sell
9/18,6488,(牛牛牛)亞-網路,6012,62,0,62,0.39,10,buy
9/18,6488,永豐金-南投,003900410039004d,16,59,-43,0.27,10,sell
9/18,6488,大和國泰,8890,50,0,50,0.32,11,buy
9/18,6488,富邦-台北,9623,25,62,-37,0.23,11,sell
9/18,6488,永豐金-大園,0039004100390038,54,13,41,0.26,12,buy
9/18,6488,富邦-三重,9677,6,43,-37,0.23,12,sell
9/18,6488,國票證券,7790,45,6,39,0.25,13,buy
9/18,6488,港商野村,1560,54,88,-34,0.21,13,sell
9/18,6488,香港上海匯豐,8960,52,19,33,0.21,14,buy
9/18,6488,玉山-景美,8849,7,36,-29,0.18,14,sell
9/18,6488,港商麥格理,1360,42,10,32,0.2,15,buy
9/18,6488,陽信-石牌,8711,6,34,-28,0.18,15,sell
9/18,6669,凱基-城中,9227,230,11,219,5.14,1,buy
9/18,6669,元大證券,9800,551,870,-319,7.49,1,sell
9/18,6669,中國信託,6160,126,4,122,2.87,2,buy
9/18,6669,花旗環球,1590,98,339,-241,5.66,2,sell
9/18,6669,新光,8560,65,28,37,0.87,3,buy
9/18,6669,群益金鼎,9100,52,199,-147,3.45,3,sell
9/18,6669,港商麥格理,1360,156,123,33,0.78,4,buy
9/18,6669,台新-台北,0039004200320030,1,91,-90,2.11,4,sell
9/18,6669,美林,1440,126,95,31,0.73,5,buy
9/18,6669,統一,5850,37,126,-89,2.09,5,sell
9/18,6669,國泰-敦南,8888,40,21,19,0.45,6,buy
9/18,6669,香港上海匯豐,8960,51,131,-80,1.88,6,sell
9/18,6669,兆豐-板橋,0037003000300042,19,3,16,0.38,7,buy
9/18,6669,摩根大通,8440,223,275,-52,1.22,7,sell
9/18,6669,凱基-市政,9239,31,15,16,0.38,8,buy
9/18,6669,元大-館前,003900380034004b,6,53,-47,1.1,8,sell
9/18,6669,玉山-高雄,8843,23,7,16,0.38,9,buy
9/18,6669,元大-善化,0039003800310079,1,36,-35,0.82,9,sell
9/18,6669,合庫證券,1020,17,3,14,0.33,10,buy
9/18,6669,永豐金-匯立,0039004100380031,6,40,-34,0.8,10,sell
9/18,6669,華南永昌-中正,9359,12,0,12,0.28,11,buy
9/18,6669,新加坡商瑞銀,1650,46,77,-31,0.73,11,sell
9/18,6669,元大-南京,9862,16,5,11,0.26,12,buy
9/18,6669,永豐金證券,0039004100300030,51,66,-15,0.35,12,sell
9/18,6669,國泰-松江,8883,11,0,11,0.26,13,buy
9/18,6669,兆豐證券,7000,5,19,-14,0.33,13,sell
9/18,6669,國票-南崁,0037003700390045,10,0,10,0.23,14,buy
9/18,6669,國泰證券,8880,11,24,-13,0.31,14,sell
9/18,6669,富邦-新板,0039003600310048,11,1,10,0.23,15,buy
9/18,6669,合庫-嘉義,1024,1,13,-12,0.28,15,sell
9/18,2383,花旗環球,1590,566,85,481,13.27,1,buy
9/18,2383,凱基-站前,0039003200300046,4,358,-354,9.77,1,sell
9/18,2383,富邦證券,9600,250,43,207,5.71,2,buy
9/18,2383,美商高盛,1480,260,517,-257,7.09,2,sell
9/18,2383,台灣摩根士丹利,1470,283,148,135,3.72,3,buy
9/18,2383,兆豐證券,7000,35,255,-220,6.07,3,sell
9/18,2383,永豐金證券,0039004100300030,136,52,84,2.32,4,buy
9/18,2383,國泰證券,8880,16,151,-135,3.72,4,sell
9/18,2383,凱基,9200,108,42,66,1.82,5,buy
9/18,2383,新加坡商瑞銀,1650,76,158,-82,2.26,5,sell
9/18,2383,元大證券,9800,450,386,64,1.77,6,buy
9/18,2383,台新,0039004200300030,22,89,-67,1.85,6,sell
9/18,2383,元大-台北,0039003800300068,25,0,25,0.69,7,buy
9/18,2383,香港上海匯豐,8960,11,44,-33,0.91,7,sell
9/18,2383,摩根大通,8440,177,152,25,0.69,8,buy
9/18,2383,統一,5850,11,42,-31,0.86,8,sell
9/18,2383,國票-長城,0037003700390075,22,0,22,0.61,9,buy
9/18,2383,永豐金-忠孝,0039004100390044,2,30,-28,0.77,9,sell
9/18,2383,富邦-仁愛,9676,18,2,16,0.44,10,buy
9/18,2383,法銀巴黎,8900,9,29,-20,0.55,10,sell
9/18,2383,國泰-敦南,8888,46,35,11,0.3,11,buy
9/18,2383,國票-敦北法人,0037003700390063,1,14,-13,0.36,11,sell
9/18,2383,群益金鼎-土城,003900310033004e,10,0,10,0.28,12,buy
9/18,2383,大和國泰,8890,0,13,-13,0.36,12,sell
9/18,2383,永豐金-市政,0039004100390057,11,1,10,0.28,13,buy
9/18,2383,富邦-南屯,9666,2,12,-10,0.28,13,sell
9/18,2383,富邦-新竹,9647,10,1,9,0.25,14,buy
9/18,2383,凱基-台北,9268,53,63,-10,0.28,14,sell
9/18,2383,元大-南屯,9853,12,4,8,0.22,15,buy
9/18,2383,台新-安南,003900420032005a,0,9,-9,0.25,15,sell
9/18,0052,群益金鼎,9100,5763,378,5385,32.39,1,buy
9/18,0052,國泰-敦南,8888,169,854,-685,4.12,1,sell
9/18,0052,元大證券,9800,2710,33,2677,16.1,2,buy
9/18,0052,福勝,6950,0,250,-250,1.5,2,sell
9/18,0052,中國信託,6160,1399,630,769,4.63,3,buy
9/18,0052,元大-大里德芳,0039003800330057,0,173,-173,1.04,3,sell
9/18,0052,永豐金證券,0039004100300030,1573,893,680,4.09,4,buy
9/18,0052,新光-新竹,8563,10,164,-154,0.93,4,sell
9/18,0052,新加坡商瑞銀,1650,497,267,230,1.38,5,buy
9/18,0052,富邦證券,9600,193,335,-142,0.85,5,sell
9/18,0052,統一,5850,209,10,199,1.2,6,buy
9/18,0052,富邦-三峽,003900360032004a,15,156,-141,0.85,6,sell
9/18,0052,台新,0039004200300030,294,203,91,0.55,7,buy
9/18,0052,康和,8450,65,202,-137,0.82,7,sell
9/18,0052,國泰證券,8880,88,9,79,0.48,8,buy
9/18,0052,永豐金-板新,003900410039004a,7,144,-137,0.82,8,sell
9/18,0052,富邦-新竹,9647,94,23,71,0.43,9,buy
9/18,0052,國泰-新莊,8886,7,133,-126,0.76,9,sell
9/18,0052,華南永昌-虎尾,9377,62,14,48,0.29,10,buy
9/18,0052,宏遠證券,1260,3,104,-101,0.61,10,sell
9/18,0052,凱基,9200,44,2,42,0.25,11,buy
9/18,0052,國泰-館前,0038003800380041,20,109,-89,0.54,11,sell
9/18,0052,統一-桃園,0035003800350048,36,1,35,0.21,12,buy
9/18,0052,富邦-仁愛,9676,3,88,-85,0.51,12,sell
9/18,0052,新光,8560,142,119,23,0.14,13,buy
9/18,0052,華南永昌-南京,9326,3,86,-83,0.5,13,sell
9/18,0052,富邦-永康,003900360031005a,21,3,18,0.11,14,buy
9/18,0052,元大-淡水,9899,6,88,-82,0.49,14,sell
9/18,0052,凱基-大直,9218,20,2,18,0.11,15,buy
9/18,0052,國票-內壢,7798,1,83,-82,0.49,15,sell
