date,stock_code,broker_name,broker_id,buy_vol,sell_vol,net_vol,pct,rank,side
9/01,2330,新加坡商瑞銀,1650,4413,1685,2728,14.51,1,buy
9/01,2330,花旗環球,1590,147,527,-380,2.02,1,sell
9/01,2330,美商高盛,1480,1650,342,1308,6.96,2,buy
9/01,2330,元大證券,9800,621,960,-339,1.8,2,sell
9/01,2330,台灣摩根士丹利,1470,1533,718,815,4.33,3,buy
9/01,2330,兆豐證券,7000,4,309,-305,1.62,3,sell
9/01,2330,摩根大通,8440,2206,1450,756,4.02,4,buy
9/01,2330,凱基-三多,9275,0,284,-284,1.51,4,sell
9/01,2330,永豐金證券,0039004100300030,719,187,532,2.83,5,buy
9/01,2330,永豐金-匯立,0039004100380031,173,448,-275,1.46,5,sell
9/01,2330,中國信託,6160,617,124,493,2.62,6,buy
9/01,2330,國泰-敦南,8888,61,335,-274,1.46,6,sell
9/01,2330,大和國泰,8890,441,2,439,2.33,7,buy
9/01,2330,統一,5850,46,267,-221,1.18,7,sell
9/01,2330,凱基-台北,9268,676,249,427,2.27,8,buy
9/01,2330,第一金-台中,5382,1,133,-132,0.7,8,sell
9/01,2330,美林,1440,921,504,417,2.22,9,buy
9/01,2330,國泰證券,8880,58,180,-122,0.65,9,sell
9/01,2330,富邦證券,9600,626,272,354,1.88,10,buy
9/01,2330,台新,0039004200300030,35,134,-99,0.53,10,sell
9/01,2330,港商麥格理,1360,242,30,212,1.13,11,buy
9/01,2330,新光,8560,38,134,-96,0.51,11,sell
9/01,2330,法銀巴黎,8900,256,98,158,0.84,12,buy
9/01,2330,第一金-彰化,5386,1,82,-81,0.43,12,sell
9/01,2330,凱基,9200,140,70,70,0.37,13,buy
9/01,2330,國票-南港,7795,10,85,-75,0.4,13,sell
9/01,2330,群益金鼎,9100,109,42,67,0.36,14,buy
9/01,2330,康和,8450,2,73,-71,0.38,14,sell
9/01,2330,港商野村,1560,260,213,47,0.25,15,buy
9/01,2330,國泰-館前,0038003800380041,12,71,-59,0.31,15,sell
9/01,2317,新加坡商瑞銀,1650,3843,719,3124,10.45,1,buy
9/01,2317,摩根大通,8440,3311,3830,-519,1.74,1,sell
9/01,2317,台灣摩根士丹利,1470,3647,913,2734,9.14,2,buy
9/01,2317,國泰證券,8880,14,355,-341,1.14,2,sell
9/01,2317,美商高盛,1480,2723,451,2272,7.6,3,buy
9/01,2317,華南永昌,9300,121,393,-272,0.91,3,sell
9/01,2317,元大證券,9800,3706,1480,2226,7.44,4,buy
9/01,2317,台新-板橋,0039004200320062,2,247,-245,0.82,4,sell
9/01,2317,美林,1440,1148,48,1100,3.68,5,buy
9/01,2317,香港上海匯豐,8960,18,228,-210,0.7,5,sell
9/01,2317,花旗環球,1590,1127,92,1035,3.46,6,buy
9/01,2317,富邦-斗六,0039003600320047,0,205,-205,0.69,6,sell
9/01,2317,統一,5850,1120,94,1026,3.43,7,buy
9/01,2317,凱基,9200,125,322,-197,0.66,7,sell
9/01,2317,永豐金-匯立,0039004100380031,681,8,673,2.25,8,buy
9/01,2317,國泰-敦南,8888,303,476,-173,0.58,8,sell
9/01,2317,港商麥格理,1360,564,32,532,1.78,9,buy
9/01,2317,元大-南屯,9853,7,172,-165,0.55,9,sell
9/01,2317,凱基-台北,9268,914,665,249,0.83,10,buy
9/01,2317,新光,8560,51,212,-161,0.54,10,sell
9/01,2317,富邦證券,9600,252,18,234,0.78,11,buy
9/01,2317,兆豐-南門,0037003000300067,10,161,-151,0.5,11,sell
9/01,2317,法銀巴黎,8900,196,0,196,0.66,12,buy
9/01,2317,凱基-台南,9211,4,153,-149,0.5,12,sell
9/01,2317,台灣企銀-台中,1111,135,14,121,0.4,13,buy
9/01,2317,國泰-高雄,8881,15,147,-132,0.44,13,sell
9/01,2317,兆豐證券,7000,127,6,121,0.4,14,buy
9/01,2317,玉山-新莊,8842,11,135,-124,0.41,14,sell
9/01,2317,港商野村,1560,136,23,113,0.38,15,buy
9/01,2317,中國信託-文心,6164,2,125,-123,0.41,15,sell
9/01,2454,統一,5850,634,11,623,15.82,1,buy
9/01,2454,土銀,1030,0,153,-153,3.88,1,sell
9/01,2454,富邦證券,9600,638,31,607,15.41,2,buy
9/01,2454,國泰-敦南,8888,4,153,-149,3.78,2,sell
9/01,2454,元大證券,9800,494,20,474,12.03,3,buy
9/01,2454,新加坡商瑞銀,1650,24,130,-106,2.69,3,sell
9/01,2454,美林,1440,217,11,206,5.23,4,buy
9/01,2454,花旗環球,1590,1,102,-101,2.56,4,sell
9/01,2454,凱基-台北,9268,244,68,176,4.47,5,buy
9/01,2454,富邦-中壢,9636,1,100,-99,2.51,5,sell
9/01,2454,國票-安和,003700370039005a,156,3,153,3.88,6,buy
9/01,2454,摩根大通,8440,0,61,-61,1.55,6,sell
9/01,2454,凱基-城中,9227,105,3,102,2.59,7,buy
9/01,2454,凱基,9200,50,110,-60,1.52,7,sell
9/01,2454,元大-竹科,003900380030004b,100,6,94,2.39,8,buy
9/01,2454,元大-台北,0039003800300068,8,54,-46,1.17,8,sell
9/01,2454,凱基-永和,9207,68,1,67,1.7,9,buy
9/01,2454,富邦-敦南,9663,1,37,-36,0.91,9,sell
9/01,2454,華南永昌-忠孝,9325,66,3,63,1.6,10,buy
9/01,2454,永豐金證券,0039004100300030,17,52,-35,0.89,10,sell
9/01,2454,元大-士林,003900380031006a,61,5,56,1.42,11,buy
9/01,2454,台灣摩根士丹利,1470,0,35,-35,0.89,11,sell
9/01,2454,群益金鼎-海山,9108,53,1,52,1.32,12,buy
9/01,2454,富邦-建國,9658,0,30,-30,0.76,12,sell
9/01,2454,凱基-松山,9217,51,6,45,1.14,13,buy
9/01,2454,國泰-台中,8882,0,28,-28,0.71,13,sell
9/01,2454,凱基-信義,9216,48,5,43,1.09,14,buy
9/01,2454,國泰-板橋,003800380038004b,1,28,-27,0.69,14,sell
9/01,2454,統一-士林,003500380035004d,42,1,41,1.04,15,buy
9/01,2454,國泰-館前,0038003800380041,0,26,-26,0.66,15,sell
9/01,2308,新加坡商瑞銀,1650,624,364,260,3.55,1,buy
9/01,2308,美林,1440,187,577,-390,5.32,1,sell
9/01,2308,群益金鼎,9100,233,37,196,2.67,2,buy
9/01,2308,花旗環球,1590,114,417,-303,4.13,2,sell
9/01,2308,台新,0039004200300030,205,49,156,2.13,3,buy
9/01,2308,港商野村,1560,52,213,-161,2.2,3,sell
9/01,2308,富邦證券,9600,114,4,110,1.5,4,buy
9/01,2308,摩根大通,8440,585,681,-96,1.31,4,sell
9/01,2308,永豐金證券,0039004100300030,141,56,85,1.16,5,buy
9/01,2308,大和國泰,8890,0,74,-74,1.01,5,sell
9/01,2308,統一,5850,116,43,73,1.0,6,buy
9/01,2308,臺銀,1040,4,56,-52,0.71,6,sell
9/01,2308,永豐金-匯立,0039004100380031,79,12,67,0.91,7,buy
9/01,2308,臺銀-民權,1043,2,49,-47,0.64,7,sell
9/01,2308,兆豐-忠孝,0037003000300061,66,5,61,0.83,8,buy
9/01,2308,台灣摩根士丹利,1470,207,244,-37,0.5,8,sell
9/01,2308,凱基-站前,0039003200300046,74,15,59,0.8,9,buy
9/01,2308,香港上海匯豐,8960,5,41,-36,0.49,9,sell
9/01,2308,國票-敦北法人,0037003700390063,52,2,50,0.68,10,buy
9/01,2308,富邦-台北,9623,17,50,-33,0.45,10,sell
9/01,2308,宏遠-民生,1261,42,2,40,0.55,11,buy
9/01,2308,元大證券,9800,445,476,-31,0.42,11,sell
9/01,2308,港商麥格理,1360,64,24,40,0.55,12,buy
9/01,2308,國泰證券,8880,36,60,-24,0.33,12,sell
9/01,2308,元大-復北,9872,47,7,40,0.55,13,buy
9/01,2308,玉山證券,8840,10,35,-25,0.34,13,sell
9/01,2308,凱基-台北,9268,191,156,35,0.48,14,buy
9/01,2308,元大-金華,9878,3,27,-24,0.33,14,sell
9/01,2308,台新-台北,0039004200320030,34,3,31,0.42,15,buy
9/01,2308,玉山-信義,0038003800340043,2,26,-24,0.33,15,sell
9/01,2382,美商高盛,1480,2298,361,1937,13.68,1,buy
9/01,2382,國泰證券,8880,100,1514,-1414,9.99,1,sell
9/01,2382,富邦證券,9600,925,2,923,6.52,2,buy
9/01,2382,港商麥格理,1360,362,1000,-638,4.51,2,sell
9/01,2382,華南永昌,9300,939,23,916,6.47,3,buy
9/01,2382,港商野村,1560,132,689,-557,3.93,3,sell
9/01,2382,凱基,9200,926,49,877,6.19,4,buy
9/01,2382,第一金,5380,1,302,-301,2.13,4,sell
9/01,2382,統一,5850,509,8,501,3.54,5,buy
9/01,2382,福邦證券,6480,0,300,-300,2.12,5,sell
9/01,2382,國票-南京,003700370039006e,500,0,500,3.53,6,buy
9/01,2382,台灣摩根士丹利,1470,423,668,-245,1.73,6,sell
9/01,2382,美林,1440,403,22,381,2.69,7,buy
9/01,2382,國泰-敦南,8888,102,194,-92,0.65,7,sell
9/01,2382,元大證券,9800,1241,934,307,2.17,8,buy
9/01,2382,香港上海匯豐,8960,16,100,-84,0.59,8,sell
9/01,2382,摩根大通,8440,792,544,248,1.75,9,buy
9/01,2382,元大-龍潭,9858,5,75,-70,0.49,9,sell
9/01,2382,花旗環球,1590,168,78,90,0.64,10,buy
9/01,2382,國票-長城,0037003700390075,0,60,-60,0.42,10,sell
9/01,2382,新加坡商瑞銀,1650,635,550,85,0.6,11,buy
9/01,2382,富邦-建國,9658,6,61,-55,0.39,11,sell
9/01,2382,元大-草屯,0039003800390045,102,19,83,0.59,12,buy
9/01,2382,富邦-斗六,0039003600320047,0,51,-51,0.36,12,sell
9/01,2382,中國信託,6160,104,22,82,0.58,13,buy
9/01,2382,台新,0039004200300030,22,72,-50,0.35,13,sell
9/01,2382,群益金鼎-東湖,003900310038004b,84,16,68,0.48,14,buy
9/01,2382,華南永昌-基隆,9322,5,54,-49,0.35,14,sell
9/01,2382,康和-內湖,0038003400350041,50,5,45,0.32,15,buy
9/01,2382,國票-台中,0037003700390076,0,49,-49,0.35,15,sell
9/01,2891,花旗環球,1590,6822,118,6704,16.87,1,buy
9/01,2891,凱基-台北,9268,338,5577,-5239,13.19,1,sell
9/01,2891,法銀巴黎,8900,3996,311,3685,9.28,2,buy
9/01,2891,台灣摩根士丹利,1470,222,4079,-3857,9.71,2,sell
9/01,2891,永豐金證券,0039004100300030,3945,429,3516,8.85,3,buy
9/01,2891,台新-台北,0039004200320030,10,1197,-1187,2.99,3,sell
9/01,2891,中國信託,6160,2580,175,2405,6.05,4,buy
9/01,2891,富邦證券,9600,309,1403,-1094,2.75,4,sell
9/01,2891,美商高盛,1480,4725,2647,2078,5.23,5,buy
9/01,2891,元大證券,9800,1426,2424,-998,2.51,5,sell
9/01,2891,(牛牛牛)亞證券,6010,2070,0,2070,5.21,6,buy
9/01,2891,國泰證券,8880,23,1010,-987,2.48,6,sell
9/01,2891,玉山證券,8840,2012,50,1962,4.94,7,buy
9/01,2891,凱基,9200,218,841,-623,1.57,7,sell
9/01,2891,永豐金-匯立,0039004100380031,2409,521,1888,4.75,8,buy
9/01,2891,新加坡商瑞銀,1650,2005,2564,-559,1.41,8,sell
9/01,2891,美林,1440,464,277,187,0.47,9,buy
9/01,2891,凱基-中壢,9285,1,522,-521,1.31,9,sell
9/01,2891,港商麥格理,1360,172,0,172,0.43,10,buy
9/01,2891,摩根大通,8440,2767,3162,-395,0.99,10,sell
9/01,2891,國票-安和,003700370039005a,151,21,130,0.33,11,buy
9/01,2891,國泰-敦南,8888,56,353,-297,0.75,11,sell
9/01,2891,元大-南京,9862,118,4,114,0.29,12,buy
9/01,2891,元大-天母,0039003800310049,1,223,-222,0.56,12,sell
9/01,2891,康和-仁愛,0038003400350046,100,0,100,0.25,13,buy
9/01,2891,凱基-站前,0039003200300046,2,219,-217,0.55,13,sell
9/01,2891,統一-南京,0035003800350055,90,0,90,0.23,14,buy
9/01,2891,美好-楊梅,5262,1,191,-190,0.48,14,sell
9/01,2891,玉山-雙和,8841,101,15,86,0.22,15,buy
9/01,2891,中國信託-文心,6164,3,187,-184,0.46,15,sell
9/01,2881,凱基,9200,1951,120,1831,9.45,1,buy
9/01,2881,美商高盛,1480,1654,4095,-2441,12.6,1,sell
9/01,2881,摩根大通,8440,4142,2985,1157,5.97,2,buy
9/01,2881,台灣摩根士丹利,1470,381,1353,-972,5.02,2,sell
9/01,2881,元大證券,9800,1877,988,889,4.59,3,buy
9/01,2881,凱基-台北,9268,854,1733,-879,4.54,3,sell
9/01,2881,港商麥格理,1360,882,39,843,4.35,4,buy
9/01,2881,花旗環球,1590,89,794,-705,3.64,4,sell
9/01,2881,國泰證券,8880,805,4,801,4.14,5,buy
9/01,2881,美林,1440,244,897,-653,3.37,5,sell
9/01,2881,富邦-建國,9658,378,47,331,1.71,6,buy
9/01,2881,新加坡商瑞銀,1650,1177,1493,-316,1.63,6,sell
9/01,2881,台新-台北,0039004200320030,507,196,311,1.61,7,buy
9/01,2881,統一-三重,003500380035004a,0,130,-130,0.67,7,sell
9/01,2881,合庫-鳳山,1029,252,1,251,1.3,8,buy
9/01,2881,國泰-敦南,8888,61,135,-74,0.38,8,sell
9/01,2881,兆豐-岡山,0037003000300073,201,0,201,1.04,9,buy
9/01,2881,國票-安和,003700370039005a,2,75,-73,0.38,9,sell
9/01,2881,法銀巴黎,8900,156,13,143,0.74,10,buy
9/01,2881,合庫-台中,1021,1,72,-71,0.37,10,sell
9/01,2881,中國信託,6160,157,44,113,0.58,11,buy
9/01,2881,富邦-仁愛,9676,9,68,-59,0.3,11,sell
9/01,2881,兆豐-南門,0037003000300067,100,3,97,0.5,12,buy
9/01,2881,元大-北屯,0039003800390064,0,58,-58,0.3,12,sell
9/01,2881,富邦-新板,0039003600310048,100,6,94,0.49,13,buy
9/01,2881,元大-台南,9896,1,57,-56,0.29,13,sell
9/01,2881,元大-南崁,0039003800300051,60,3,57,0.29,14,buy
9/01,2881,台新-中壢,0039004200310079,50,95,-45,0.23,14,sell
9/01,2881,美好,5260,50,0,50,0.26,15,buy
9/01,2881,統一-中壢,5853,0,44,-44,0.23,15,sell
9/01,2882,摩根大通,8440,5154,1646,3508,14.47,1,buy
9/01,2882,凱基-台北,9268,328,3123,-2795,11.53,1,sell
9/01,2882,臺銀,1040,2849,5,2844,11.73,2,buy
9/01,2882,新加坡商瑞銀,1650,1435,3808,-2373,9.79,2,sell
9/01,2882,永豐金證券,0039004100300030,2454,653,1801,7.43,3,buy
9/01,2882,台灣摩根士丹利,1470,1017,2756,-1739,7.17,3,sell
9/01,2882,國泰證券,8880,1116,7,1109,4.57,4,buy
9/01,2882,國泰-館前,0038003800380041,63,805,-742,3.06,4,sell
9/01,2882,亞東,2180,256,2,254,1.05,5,buy
9/01,2882,法銀巴黎,8900,5,436,-431,1.78,5,sell
9/01,2882,群益金鼎-三重,0039003100330067,240,2,238,0.98,6,buy
9/01,2882,美商高盛,1480,1354,1670,-316,1.3,6,sell
9/01,2882,港商野村,1560,268,43,225,0.93,7,buy
9/01,2882,花旗環球,1590,127,421,-294,1.21,7,sell
9/01,2882,中國信託,6160,167,12,155,0.64,8,buy
9/01,2882,美林,1440,572,864,-292,1.2,8,sell
9/01,2882,聯邦-大業,8586,100,0,100,0.41,9,buy
9/01,2882,凱基,9200,108,394,-286,1.18,9,sell
9/01,2882,凱基-大直,9218,94,2,92,0.38,10,buy
9/01,2882,富邦證券,9600,6,269,-263,1.08,10,sell
9/01,2882,元大證券,9800,1526,1445,81,0.33,11,buy
9/01,2882,元大-竹南,0039003800330056,1,97,-96,0.4,11,sell
9/01,2882,聯邦-雙和,8584,71,0,71,0.29,12,buy
9/01,2882,凱基-基隆,0039003200300048,0,90,-90,0.37,12,sell
9/01,2882,富邦-新店,9661,75,20,55,0.23,13,buy
9/01,2882,台新-松德,0039004200320061,18,102,-84,0.35,13,sell
9/01,2882,台新-林園,0039004200320037,81,30,51,0.21,14,buy
9/01,2882,國泰-敦南,8888,159,241,-82,0.34,14,sell
9/01,2882,永豐金-亞灣,0039004100390061,54,8,46,0.19,15,buy
9/01,2882,統一-敦南,5852,19,88,-69,0.28,15,sell
9/01,2303,富邦證券,9600,10087,3393,6694,3.03,1,buy
9/01,2303,美商高盛,1480,11722,22084,-10362,4.69,1,sell
9/01,2303,凱基-站前,0039003200300046,6832,1119,5713,2.59,2,buy
9/01,2303,摩根大通,8440,6810,14598,-7788,3.53,2,sell
9/01,2303,花旗環球,1590,4467,649,3818,1.73,3,buy
9/01,2303,台灣摩根士丹利,1470,5052,10073,-5021,2.28,3,sell
9/01,2303,康和,8450,3400,581,2819,1.28,4,buy
9/01,2303,凱基-台北,9268,7333,12146,-4813,2.18,4,sell
9/01,2303,台新,0039004200300030,3859,1141,2718,1.23,5,buy
9/01,2303,港商野村,1560,2194,5967,-3773,1.71,5,sell
9/01,2303,國泰證券,8880,3767,1052,2715,1.23,6,buy
9/01,2303,新加坡商瑞銀,1650,2462,6110,-3648,1.65,6,sell
9/01,2303,永豐金證券,0039004100300030,3993,1600,2393,1.08,7,buy
9/01,2303,香港上海匯豐,8960,196,1743,-1547,0.7,7,sell
9/01,2303,元大證券,9800,21779,19488,2291,1.04,8,buy
9/01,2303,法銀巴黎,8900,115,1031,-916,0.42,8,sell
9/01,2303,統一-台中,5856,2339,101,2238,1.01,9,buy
9/01,2303,國泰-高雄,8881,895,1364,-469,0.21,9,sell
9/01,2303,統一,5850,2847,975,1872,0.85,10,buy
9/01,2303,華南永昌,9300,735,1170,-435,0.2,10,sell
9/01,2303,永豐金-台南,0039004100390068,1905,176,1729,0.78,11,buy
9/01,2303,群益金鼎-中港,9138,20,434,-414,0.19,11,sell
9/01,2303,凱基,9200,3191,1514,1677,0.76,12,buy
9/01,2303,元大-金華,9878,112,483,-371,0.17,12,sell
9/01,2303,富邦-永康,003900360031005a,1752,238,1514,0.69,13,buy
9/01,2303,富邦-板橋,9655,201,568,-367,0.17,13,sell
9/01,2303,統一-仁愛,0035003800350063,1500,82,1418,0.64,14,buy
9/01,2303,群益金鼎-東門,0039003100380044,49,365,-316,0.14,14,sell
9/01,2303,永豐金-信義,0039004100390052,1457,88,1369,0.62,15,buy
9/01,2303,凱基-城中,9227,228,540,-312,0.14,15,sell
9/01,3711,台灣摩根士丹利,1470,4179,272,3907,15.74,1,buy
9/01,3711,富邦證券,9600,829,1661,-832,3.35,1,sell
9/01,3711,美商高盛,1480,2272,385,1887,7.6,2,buy
9/01,3711,永豐金證券,0039004100300030,349,1057,-708,2.85,2,sell
9/01,3711,元大證券,9800,2078,1116,962,3.88,3,buy
9/01,3711,國泰-敦南,8888,204,525,-321,1.29,3,sell
9/01,3711,摩根大通,8440,3374,2731,643,2.59,4,buy
9/01,3711,香港上海匯豐,8960,16,264,-248,1.0,4,sell
9/01,3711,國泰證券,8880,555,35,520,2.1,5,buy
9/01,3711,大和國泰,8890,0,178,-178,0.72,5,sell
9/01,3711,美林,1440,713,273,440,1.77,6,buy
9/01,3711,群益金鼎-大安,0039003100380065,10,186,-176,0.71,6,sell
9/01,3711,永豐金-匯立,0039004100380031,406,63,343,1.38,7,buy
9/01,3711,統一,5850,393,526,-133,0.54,7,sell
9/01,3711,新加坡商瑞銀,1650,1145,810,335,1.35,8,buy
9/01,3711,台新,0039004200300030,94,212,-118,0.48,8,sell
9/01,3711,凱基-台北,9268,1163,877,286,1.15,9,buy
9/01,3711,新光,8560,85,196,-111,0.45,9,sell
9/01,3711,花旗環球,1590,303,21,282,1.14,10,buy
9/01,3711,元大-六合,0039003800320043,9,98,-89,0.36,10,sell
9/01,3711,港商野村,1560,421,154,267,1.08,11,buy
9/01,3711,富邦-建國,9658,37,125,-88,0.35,11,sell
9/01,3711,凱基,9200,217,6,211,0.85,12,buy
9/01,3711,國泰-台中,8882,32,117,-85,0.34,12,sell
9/01,3711,宏遠證券,1260,207,6,201,0.81,13,buy
9/01,3711,群益金鼎-台南,9185,6,84,-78,0.31,13,sell
9/01,3711,康和,8450,200,1,199,0.8,14,buy
9/01,3711,國票-安和,003700370039005a,0,72,-72,0.29,14,sell
9/01,3711,國票-敦北法人,0037003700390063,201,11,190,0.77,15,buy
9/01,3711,國泰-板橋,003800380038004b,44,113,-69,0.28,15,sell
9/01,2603,美商高盛,1480,1839,442,1397,11.08,1,buy
9/01,2603,摩根大通,8440,1021,2955,-1934,15.34,1,sell
9/01,2603,新加坡商瑞銀,1650,1496,175,1321,10.48,2,buy
9/01,2603,中國信託,6160,55,1141,-1086,8.62,2,sell
9/01,2603,花旗環球,1590,1199,57,1142,9.06,3,buy
9/01,2603,凱基-城中,9227,0,400,-400,3.17,3,sell
9/01,2603,富邦證券,9600,1220,92,1128,8.95,4,buy
9/01,2603,凱基-台北,9268,439,770,-331,2.63,4,sell
9/01,2603,元大證券,9800,1705,668,1037,8.23,5,buy
9/01,2603,凱基-屏東,0039003200320043,0,181,-181,1.44,5,sell
9/01,2603,香港上海匯豐,8960,391,2,389,3.09,6,buy
9/01,2603,台灣摩根士丹利,1470,620,769,-149,1.18,6,sell
9/01,2603,統一,5850,211,72,139,1.1,7,buy
9/01,2603,群益金鼎-東湖,003900310038004b,9,136,-127,1.01,7,sell
9/01,2603,彰銀,1230,101,1,100,0.79,8,buy
9/01,2603,富邦-彰化,0039003600350055,0,99,-99,0.79,8,sell
9/01,2603,玉山-新莊,8842,61,4,57,0.45,9,buy
9/01,2603,兆豐-高雄,003700300030005a,0,79,-79,0.63,9,sell
9/01,2603,富邦-建國,9658,60,9,51,0.4,10,buy
9/01,2603,國泰-敦南,8888,84,161,-77,0.61,10,sell
9/01,2603,華南永昌-新莊,9305,56,6,50,0.4,11,buy
9/01,2603,永豐金-三重,003900410039004b,2,73,-71,0.56,11,sell
9/01,2603,法銀巴黎,8900,36,2,34,0.27,12,buy
9/01,2603,永豐金證券,0039004100300030,23,91,-68,0.54,12,sell
9/01,2603,群益金鼎-敦南,9101,29,3,26,0.21,13,buy
9/01,2603,富邦-陽明,9604,20,82,-62,0.49,13,sell
9/01,2603,凱基,9200,91,70,21,0.17,14,buy
9/01,2603,台新,0039004200300030,14,60,-46,0.36,14,sell
9/01,2603,第一金-新興,0035003300380041,30,9,21,0.17,15,buy
9/01,2603,永豐金-松山,0039004100390031,6,51,-45,0.36,15,sell
9/01,2609,花旗環球,1590,1568,0,1568,3.15,1,buy
9/01,2609,台灣摩根士丹利,1470,1099,5515,-4416,8.88,1,sell
9/01,2609,國泰-敦南,8888,1488,929,559,1.12,2,buy
9/01,2609,美商高盛,1480,442,3877,-3435,6.91,2,sell
9/01,2609,凱基-台北,9268,3465,3071,394,0.79,3,buy
9/01,2609,新加坡商瑞銀,1650,1471,4792,-3321,6.68,3,sell
9/01,2609,凱基-台南,9211,360,20,340,0.68,4,buy
9/01,2609,摩根大通,8440,647,2388,-1741,3.5,4,sell
9/01,2609,台新-新店,0039004200320032,369,39,330,0.66,5,buy
9/01,2609,法銀巴黎,8900,76,1806,-1730,3.48,5,sell
9/01,2609,富邦-建國,9658,357,29,328,0.66,6,buy
9/01,2609,台新-虎尾,003900420032004e,518,2008,-1490,3.0,6,sell
9/01,2609,國泰-松江,8883,339,22,317,0.64,7,buy
9/01,2609,元大證券,9800,2592,3995,-1403,2.82,7,sell
9/01,2609,統一,5850,690,434,256,0.51,8,buy
9/01,2609,美林,1440,774,1308,-534,1.07,8,sell
9/01,2609,新光,8560,332,106,226,0.45,9,buy
9/01,2609,群益金鼎-海山,9108,27,327,-300,0.6,9,sell
9/01,2609,國票-北高雄,003700370039004a,396,193,203,0.41,10,buy
9/01,2609,永豐金證券,0039004100300030,279,526,-247,0.5,10,sell
9/01,2609,國泰-台中,8882,305,104,201,0.4,11,buy
9/01,2609,華南永昌-虎尾,9377,17,230,-213,0.43,11,sell
9/01,2609,元大-北投,0039003800390041,195,15,180,0.36,12,buy
9/01,2609,國泰-板橋,003800380038004b,288,492,-204,0.41,12,sell
9/01,2609,國泰-館前,0038003800380041,256,98,158,0.32,13,buy
9/01,2609,元大-竹科,003900380030004b,17,208,-191,0.38,13,sell
9/01,2609,台新-高雄,0039004200310067,285,134,151,0.3,14,buy
9/01,2609,元大-斗信,9884,47,229,-182,0.37,14,sell
9/01,2609,元大-大雅,0039003800330069,161,13,148,0.3,15,buy
9/01,2609,富邦-仁愛,9676,102,269,-167,0.34,15,sell
9/01,2615,美林,1440,3234,137,3097,16.26,1,buy
9/01,2615,凱基-台北,9268,775,1427,-652,3.42,1,sell
9/01,2615,元大證券,9800,1726,820,906,4.76,2,buy
9/01,2615,台灣摩根士丹利,1470,1443,2054,-611,3.21,2,sell
9/01,2615,港商野村,1560,457,67,390,2.05,3,buy
9/01,2615,第一金-高雄,5383,1,302,-301,1.58,3,sell
9/01,2615,花旗環球,1590,458,84,374,1.96,4,buy
9/01,2615,永豐金-敦北,0039004100380039,12,305,-293,1.54,4,sell
9/01,2615,富邦證券,9600,294,6,288,1.51,5,buy
9/01,2615,兆豐-埔墘,003700300030004e,0,201,-201,1.06,5,sell
9/01,2615,香港上海匯豐,8960,230,2,228,1.2,6,buy
9/01,2615,臺銀-臺南,1042,8,154,-146,0.77,6,sell
9/01,2615,富邦-彰化,0039003600350055,200,3,197,1.03,7,buy
9/01,2615,群益金鼎-高盛,9105,4,118,-114,0.6,7,sell
9/01,2615,凱基-三重,9205,175,5,170,0.89,8,buy
9/01,2615,國泰-敦南,8888,253,364,-111,0.58,8,sell
9/01,2615,統一-平鎮,0035003800350067,150,8,142,0.75,9,buy
9/01,2615,美商高盛,1480,1078,1183,-105,0.55,9,sell
9/01,2615,法銀巴黎,8900,124,0,124,0.65,10,buy
9/01,2615,第一金,5380,5,103,-98,0.51,10,sell
9/01,2615,群益金鼎,9100,232,143,89,0.47,11,buy
9/01,2615,臺銀-金山,0031003000340044,1,91,-90,0.47,11,sell
9/01,2615,兆豐-彰化,0037003000300064,65,0,65,0.34,12,buy
9/01,2615,台新,0039004200300030,124,210,-86,0.45,12,sell
9/01,2615,凱基,9200,61,0,61,0.32,13,buy
9/01,2615,富邦-台北,9623,115,199,-84,0.44,13,sell
9/01,2615,華南永昌-嘉義,9314,76,20,56,0.29,14,buy
9/01,2615,統一,5850,42,117,-75,0.39,14,sell
9/01,2615,凱基-彰化,0039003200300047,88,36,52,0.27,15,buy
9/01,2615,華南永昌,9300,26,99,-73,0.38,15,sell
9/01,2618,富邦證券,9600,3816,23,3793,20.21,1,buy
9/01,2618,摩根大通,8440,2184,3382,-1198,6.38,1,sell
9/01,2618,永豐金-匯立,0039004100380031,1515,0,1515,8.07,2,buy
9/01,2618,美商高盛,1480,168,959,-791,4.21,2,sell
9/01,2618,元大證券,9800,2013,877,1136,6.05,3,buy
9/01,2618,法銀巴黎,8900,100,706,-606,3.23,3,sell
9/01,2618,台灣摩根士丹利,1470,3781,2693,1088,5.8,4,buy
9/01,2618,凱基-台北,9268,386,824,-438,2.33,4,sell
9/01,2618,新加坡商瑞銀,1650,1439,521,918,4.89,5,buy
9/01,2618,富邦-新竹,9647,1,407,-406,2.16,5,sell
9/01,2618,花旗環球,1590,927,76,851,4.53,6,buy
9/01,2618,美林,1440,125,477,-352,1.88,6,sell
9/01,2618,港商麥格理,1360,131,0,131,0.7,7,buy
9/01,2618,兆豐-新竹,0037003000300056,0,307,-307,1.64,7,sell
9/01,2618,永豐金證券,0039004100300030,226,114,112,0.6,8,buy
9/01,2618,合庫-西台中,0031003000320046,0,260,-260,1.39,8,sell
9/01,2618,合庫-三重,0031003000320047,64,2,62,0.33,9,buy
9/01,2618,臺銀-臺南,1042,0,253,-253,1.35,9,sell
9/01,2618,中國信託,6160,66,8,58,0.31,10,buy
9/01,2618,元大-南崁,0039003800300051,4,204,-200,1.07,10,sell
9/01,2618,臺銀-新竹,1045,58,7,51,0.27,11,buy
9/01,2618,富邦-新店,9661,20,217,-197,1.05,11,sell
9/01,2618,元大-鹿港,0039003800390053,54,5,49,0.26,12,buy
9/01,2618,統一-內湖,0035003800350062,0,167,-167,0.89,12,sell
9/01,2618,凱基,9200,329,296,33,0.18,13,buy
9/01,2618,國泰-敦南,8888,44,187,-143,0.76,13,sell
9/01,2618,統一,5850,31,2,29,0.15,14,buy
9/01,2618,群益金鼎-嘉義,003900310038004d,1,141,-140,0.75,14,sell
9/01,2618,兆豐-台中港,7005,28,3,25,0.13,15,buy
9/01,2618,兆豐-台中,7003,0,121,-121,0.64,15,sell
9/01,3037,美商高盛,1480,14796,3902,10894,11.56,1,buy
9/01,3037,港商麥格理,1360,65,2554,-2489,2.64,1,sell
9/01,3037,統一,5850,3317,1413,1904,2.02,2,buy
9/01,3037,元大證券,9800,9657,11237,-1580,1.68,2,sell
9/01,3037,凱基-台北,9268,4230,3227,1003,1.06,3,buy
9/01,3037,富邦證券,9600,1043,2585,-1542,1.64,3,sell
9/01,3037,永豐金-匯立,0039004100380031,694,120,574,0.61,4,buy
9/01,3037,摩根大通,8440,2768,3940,-1172,1.24,4,sell
9/01,3037,凱基-城中,9227,611,140,471,0.5,5,buy
9/01,3037,凱基-站前,0039003200300046,152,1140,-988,1.05,5,sell
9/01,3037,國票-敦北法人,0037003700390063,360,99,261,0.28,6,buy
9/01,3037,新加坡商瑞銀,1650,1536,2442,-906,0.96,6,sell
9/01,3037,永豐金-內湖,0039004100390067,304,98,206,0.22,7,buy
9/01,3037,花旗環球,1590,155,821,-666,0.71,7,sell
9/01,3037,統一-敦南,5852,296,92,204,0.22,8,buy
9/01,3037,凱基,9200,286,852,-566,0.6,8,sell
9/01,3037,中國信託,6160,694,512,182,0.19,9,buy
9/01,3037,台灣摩根士丹利,1470,4104,4637,-533,0.57,9,sell
9/01,3037,兆豐證券,7000,401,266,135,0.14,10,buy
9/01,3037,美林,1440,1950,2343,-393,0.42,10,sell
9/01,3037,元大-鳳山,003900380033005a,183,52,131,0.14,11,buy
9/01,3037,元大-新盛,9869,45,360,-315,0.33,11,sell
9/01,3037,元大-民生三民,0039003800390058,158,38,120,0.13,12,buy
9/01,3037,台新-北新莊,0039004200320038,16,301,-285,0.3,12,sell
9/01,3037,國泰證券,8880,979,874,105,0.11,13,buy
9/01,3037,永豐金證券,0039004100300030,879,1163,-284,0.3,13,sell
9/01,3037,台新-西松,003900420032006e,3027,2929,98,0.1,14,buy
9/01,3037,(牛牛牛)亞證券,6010,2,226,-224,0.24,14,sell
9/01,3037,永豐金-信義,0039004100390052,114,17,97,0.1,15,buy
9/01,3037,宏遠-館前,0031003200360055,15,205,-190,0.2,15,sell
9/01,2345,新加坡商瑞銀,1650,408,28,380,8.17,1,buy
9/01,2345,台灣摩根士丹利,1470,287,609,-322,6.92,1,sell
9/01,2345,富邦證券,9600,281,25,256,5.5,2,buy
9/01,2345,永豐金證券,0039004100300030,117,221,-104,2.24,2,sell
9/01,2345,國泰證券,8880,200,20,180,3.87,3,buy
9/01,2345,中國信託,6160,12,65,-53,1.14,3,sell
9/01,2345,香港上海匯豐,8960,160,0,160,3.44,4,buy
9/01,2345,大和國泰,8890,20,66,-46,0.99,4,sell
9/01,2345,台新,0039004200300030,175,25,150,3.22,5,buy
9/01,2345,港商麥格理,1360,6,49,-43,0.92,5,sell
9/01,2345,國票-安和,003700370039005a,111,2,109,2.34,6,buy
9/01,2345,第一金,5380,0,43,-43,0.92,6,sell
9/01,2345,康和,8450,101,2,99,2.13,7,buy
9/01,2345,國泰-敦南,8888,35,71,-36,0.77,7,sell
9/01,2345,統一,5850,82,21,61,1.31,8,buy
9/01,2345,國票-敦北法人,0037003700390063,78,101,-23,0.49,8,sell
9/01,2345,摩根大通,8440,259,207,52,1.12,9,buy
9/01,2345,元大-崇德,0039003800310053,10,33,-23,0.49,9,sell
9/01,2345,元大證券,9800,393,347,46,0.99,10,buy
9/01,2345,美林,1440,54,74,-20,0.43,10,sell
9/01,2345,兆豐證券,7000,82,39,43,0.92,11,buy
9/01,2345,凱基-台北,9268,219,239,-20,0.43,11,sell
9/01,2345,凱基,9200,40,5,35,0.75,12,buy
9/01,2345,國泰-板橋,003800380038004b,3,23,-20,0.43,12,sell
9/01,2345,兆豐-天母,003700300030004c,35,1,34,0.73,13,buy
9/01,2345,臺銀,1040,1,20,-19,0.41,13,sell
9/01,2345,永豐金-員林,0039004100390043,29,3,26,0.56,14,buy
9/01,2345,華南永昌,9300,10,28,-18,0.39,14,sell
9/01,2345,台新-松江,0039004200310035,26,1,25,0.54,15,buy
9/01,2345,合庫-三重,0031003000320047,0,17,-17,0.37,15,sell
9/01,3006,永豐金證券,0039004100300030,538,139,399,2.16,1,buy
9/01,3006,新加坡商瑞銀,1650,243,2666,-2423,13.09,1,sell
9/01,3006,元大-大同,0039003800390047,398,3,395,2.13,2,buy
9/01,3006,港商野村,1560,205,1583,-1378,7.45,2,sell
9/01,3006,國泰-敦南,8888,438,235,203,1.1,3,buy
9/01,3006,元大證券,9800,1295,2554,-1259,6.8,3,sell
9/01,3006,聯邦證券,8580,149,4,145,0.78,4,buy
9/01,3006,摩根大通,8440,523,1423,-900,4.86,4,sell
9/01,3006,富邦證券,9600,182,45,137,0.74,5,buy
9/01,3006,凱基-台北,9268,436,1224,-788,4.26,5,sell
9/01,3006,新光,8560,242,112,130,0.7,6,buy
9/01,3006,台灣摩根士丹利,1470,1,631,-630,3.4,6,sell
9/01,3006,統一-城中,5854,137,15,122,0.66,7,buy
9/01,3006,美商高盛,1480,6,438,-432,2.33,7,sell
9/01,3006,港商麥格理,1360,118,0,118,0.64,8,buy
9/01,3006,美林,1440,67,448,-381,2.06,8,sell
9/01,3006,台新-台北,0039004200320030,108,0,108,0.58,9,buy
9/01,3006,富邦-陽明,9604,41,240,-199,1.08,9,sell
9/01,3006,富邦-木柵,003900360031004d,123,20,103,0.56,10,buy
9/01,3006,元大-頭份,0039003800330055,154,296,-142,0.77,10,sell
9/01,3006,凱基-湖口,003900320030004e,109,7,102,0.55,11,buy
9/01,3006,元大-土城,9897,47,175,-128,0.69,11,sell
9/01,3006,永豐金-天母,0039004100390047,87,1,86,0.46,12,buy
9/01,3006,群益金鼎,9100,265,295,-30,0.16,12,sell
9/01,3006,富邦-內湖,9627,88,5,83,0.45,13,buy
9/01,3006,富邦-高雄,9659,8,38,-30,0.16,13,sell
9/01,3006,凱基-站前,0039003200300046,95,15,80,0.43,14,buy
9/01,3006,兆豐-民生,0037003000300063,1,30,-29,0.16,14,sell
9/01,3006,元大-三民,0039003800390046,84,6,78,0.42,15,buy
9/01,3006,凱基-中山,9229,14,42,-28,0.15,15,sell
9/01,2379,國泰證券,8880,232,0,232,8.82,1,buy
9/01,2379,摩根大通,8440,118,536,-418,15.89,1,sell
9/01,2379,臺銀,1040,201,1,200,7.6,2,buy
9/01,2379,台灣摩根士丹利,1470,70,225,-155,5.89,2,sell
9/01,2379,美林,1440,191,31,160,6.08,3,buy
9/01,2379,中國信託,6160,6,125,-119,4.52,3,sell
9/01,2379,群益金鼎,9100,158,23,135,5.13,4,buy
9/01,2379,凱基-台北,9268,189,245,-56,2.13,4,sell
9/01,2379,港商野村,1560,131,5,126,4.79,5,buy
9/01,2379,凱基,9200,25,67,-42,1.6,5,sell
9/01,2379,新加坡商瑞銀,1650,216,111,105,3.99,6,buy
9/01,2379,美商高盛,1480,53,90,-37,1.41,6,sell
9/01,2379,合庫證券,1020,100,1,99,3.76,7,buy
9/01,2379,華南永昌-高雄,9303,1,25,-24,0.91,7,sell
9/01,2379,富邦證券,9600,86,1,85,3.23,8,buy
9/01,2379,港商麥格理,1360,22,44,-22,0.84,8,sell
9/01,2379,永豐金-萬盛,0039004100390032,20,0,20,0.76,9,buy
9/01,2379,統一-士林,003500380035004d,0,15,-15,0.57,9,sell
9/01,2379,永豐金證券,0039004100300030,43,31,12,0.46,10,buy
9/01,2379,國泰-敦南,8888,15,26,-11,0.42,10,sell
9/01,2379,花旗環球,1590,27,15,12,0.46,11,buy
9/01,2379,法銀巴黎,8900,6,16,-10,0.38,11,sell
9/01,2379,華南永昌,9300,13,1,12,0.46,12,buy
9/01,2379,元大-內湖民權,9867,0,10,-10,0.38,12,sell
9/01,2379,國票-博愛,003700370039007a,11,0,11,0.42,13,buy
9/01,2379,富邦-永和,9654,5,14,-9,0.34,13,sell
9/01,2379,康和-高雄,003800340035004a,10,0,10,0.38,14,buy
9/01,2379,元大-中山北路,0039003800300061,0,8,-8,0.3,14,sell
9/01,2379,康和-板橋,0038003400350044,10,2,8,0.3,15,buy
9/01,2379,元大-大統,003900380031007a,2,9,-7,0.27,15,sell
9/01,3034,摩根大通,8440,915,241,674,15.63,1,buy
9/01,3034,凱基,9200,6,469,-463,10.74,1,sell
9/01,3034,中國信託,6160,472,5,467,10.83,2,buy
9/01,3034,國泰證券,8880,51,503,-452,10.48,2,sell
9/01,3034,台灣摩根士丹利,1470,289,40,249,5.77,3,buy
9/01,3034,宏遠證券,1260,0,395,-395,9.16,3,sell
9/01,3034,群益金鼎,9100,210,25,185,4.29,4,buy
9/01,3034,華南永昌,9300,17,249,-232,5.38,4,sell
9/01,3034,美商高盛,1480,342,170,172,3.99,5,buy
9/01,3034,國票-敦北法人,0037003700390063,0,105,-105,2.44,5,sell
9/01,3034,新加坡商瑞銀,1650,371,234,137,3.18,6,buy
9/01,3034,臺銀,1040,0,72,-72,1.67,6,sell
9/01,3034,港商野村,1560,148,12,136,3.15,7,buy
9/01,3034,兆豐證券,7000,0,59,-59,1.37,7,sell
9/01,3034,元大證券,9800,277,160,117,2.71,8,buy
9/01,3034,元大-南投,0039003800310044,1,30,-29,0.67,8,sell
9/01,3034,元大-中山北路,0039003800300061,69,3,66,1.53,9,buy
9/01,3034,國票證券,7790,1,28,-27,0.63,9,sell
9/01,3034,凱基-台北,9268,416,362,54,1.25,10,buy
9/01,3034,兆豐-寶成,0037003000300072,1,26,-25,0.58,10,sell
9/01,3034,永豐金證券,0039004100300030,59,15,44,1.02,11,buy
9/01,3034,港商麥格理,1360,40,64,-24,0.56,11,sell
9/01,3034,法銀巴黎,8900,25,9,16,0.37,12,buy
9/01,3034,華南永昌-台中,9302,2,25,-23,0.53,12,sell
9/01,3034,台新-松德,0039004200320061,16,2,14,0.32,13,buy
9/01,3034,玉山證券,8840,1,22,-21,0.49,13,sell
9/01,3034,統一-南京,0035003800350055,10,0,10,0.23,14,buy
9/01,3034,凱基-科園,9254,0,17,-17,0.39,14,sell
9/01,3034,台新-板橋,0039004200320062,11,2,9,0.21,15,buy
9/01,3034,台新-屏東,003900420031006e,0,17,-17,0.39,15,sell
9/01,2412,台灣摩根士丹利,1470,1053,107,946,13.73,1,buy
9/01,2412,元大證券,9800,174,677,-503,7.3,1,sell
9/01,2412,凱基-台北,9268,754,182,572,8.3,2,buy
9/01,2412,臺銀,1040,0,502,-502,7.29,2,sell
9/01,2412,美商高盛,1480,852,542,310,4.5,3,buy
9/01,2412,富邦證券,9600,2,313,-311,4.51,3,sell
9/01,2412,新加坡商瑞銀,1650,410,223,187,2.71,4,buy
9/01,2412,中國信託,6160,530,800,-270,3.92,4,sell
9/01,2412,美林,1440,161,20,141,2.05,5,buy
9/01,2412,新光,8560,19,249,-230,3.34,5,sell
9/01,2412,統一,5850,109,0,109,1.58,6,buy
9/01,2412,台新,0039004200300030,8,221,-213,3.09,6,sell
9/01,2412,港商麥格理,1360,91,0,91,1.32,7,buy
9/01,2412,摩根大通,8440,386,523,-137,1.99,7,sell
9/01,2412,花旗環球,1590,69,3,66,0.96,8,buy
9/01,2412,國票-新莊,0037003700390047,0,110,-110,1.6,8,sell
9/01,2412,國泰-桃園,8885,66,5,61,0.89,9,buy
9/01,2412,凱基-城中,9227,0,80,-80,1.16,9,sell
9/01,2412,元大-高雄,003900380031006d,41,1,40,0.58,10,buy
9/01,2412,富邦-南員林,0039003600310052,0,42,-42,0.61,10,sell
9/01,2412,兆豐-新竹,0037003000300056,35,0,35,0.51,11,buy
9/01,2412,元大-天母,0039003800310049,0,41,-41,0.6,11,sell
9/01,2412,凱基,9200,30,0,30,0.44,12,buy
9/01,2412,元大-成功,003900380039004c,1,35,-34,0.49,12,sell
9/01,2412,華南永昌-嘉義,9314,20,0,20,0.29,13,buy
9/01,2412,法銀巴黎,8900,39,70,-31,0.45,13,sell
9/01,2412,華南永昌,9300,19,1,18,0.26,14,buy
9/01,2412,合庫-台南,1022,410,436,-26,0.38,14,sell
9/01,2412,台新-基隆,0039004200320053,18,0,18,0.26,15,buy
9/01,2412,新光-新竹,8563,5,25,-20,0.29,15,sell
9/01,0056,元大證券,9800,6338,188,6150,21.61,1,buy
9/01,0056,中國信託,6160,310,2983,-2673,9.39,1,sell
9/01,0056,永豐金證券,0039004100300030,4611,334,4277,15.03,2,buy
9/01,0056,凱基-台北,9268,2136,3677,-1541,5.42,2,sell
9/01,0056,富邦證券,9600,1682,78,1604,5.64,3,buy
9/01,0056,兆豐-新竹,0037003000300056,65,937,-872,3.06,3,sell
9/01,0056,摩根大通,8440,507,0,507,1.78,4,buy
9/01,0056,國泰-敦南,8888,514,966,-452,1.59,4,sell
9/01,0056,花旗環球,1590,370,0,370,1.3,5,buy
9/01,0056,國票-天祥,0037003700390056,2,368,-366,1.29,5,sell
9/01,0056,國泰證券,8880,378,12,366,1.29,6,buy
9/01,0056,國泰-台中,8882,159,478,-319,1.12,6,sell
9/01,0056,元大-苑裡,0039003800390061,171,30,141,0.5,7,buy
9/01,0056,台新-高雄,0039004200310067,39,291,-252,0.89,7,sell
9/01,0056,致和-崇德,0037003000330042,102,5,97,0.34,8,buy
9/01,0056,台新,0039004200300030,115,360,-245,0.86,8,sell
9/01,0056,玉山-新莊,8842,121,32,89,0.31,9,buy
9/01,0056,玉山證券,8840,60,297,-237,0.83,9,sell
9/01,0056,合庫-自強,0031003000320043,100,14,86,0.3,10,buy
9/01,0056,國泰-館前,0038003800380041,107,332,-225,0.79,10,sell
9/01,0056,群益金鼎-東大,9135,103,18,85,0.3,11,buy
9/01,0056,富邦-新竹,9647,56,248,-192,0.67,11,sell
9/01,0056,玉山-板橋,8846,81,5,76,0.27,12,buy
9/01,0056,永豐金-中壢,0039004100390039,30,209,-179,0.63,12,sell
9/01,0056,新光,8560,399,326,73,0.26,13,buy
9/01,0056,凱基-大直,9218,0,173,-173,0.61,13,sell
9/01,0056,富邦-竹東,9625,87,16,71,0.25,14,buy
9/01,0056,永全-八德,6452,6,175,-169,0.59,14,sell
9/01,0056,臺銀-金山,0031003000340044,73,10,63,0.22,15,buy
9/01,0056,台新-信義,0039004200320048,12,165,-153,0.54,15,sell
9/01,0050,凱基-台北,9268,42275,732,41543,37.4,1,buy
9/01,0050,國泰-敦南,8888,984,7155,-6171,5.56,1,sell
9/01,0050,元大證券,9800,14178,2337,11841,10.66,2,buy
9/01,0050,法銀巴黎,8900,0,2270,-2270,2.04,2,sell
9/01,0050,凱基,9200,12149,822,11327,10.2,3,buy
9/01,0050,富邦證券,9600,1024,2104,-1080,0.97,3,sell
9/01,0050,永豐金證券,0039004100300030,10771,2180,8591,7.73,4,buy
9/01,0050,新光,8560,165,1158,-993,0.89,4,sell
9/01,0050,統一,5850,2312,443,1869,1.68,5,buy
9/01,0050,國泰-板橋,003800380038004b,149,932,-783,0.7,5,sell
9/01,0050,群益金鼎,9100,1788,234,1554,1.4,6,buy
9/01,0050,台新,0039004200300030,1089,1842,-753,0.68,6,sell
9/01,0050,國泰證券,8880,1692,174,1518,1.37,7,buy
9/01,0050,國泰-台中,8882,406,1110,-704,0.63,7,sell
9/01,0050,新加坡商瑞銀,1650,2854,1728,1126,1.01,8,buy
9/01,0050,國泰-桃園,8885,90,794,-704,0.63,8,sell
9/01,0050,國票證券,7790,893,34,859,0.77,9,buy
9/01,0050,元大-中壢,9834,78,659,-581,0.52,9,sell
9/01,0050,中國信託,6160,1629,962,667,0.6,10,buy
9/01,0050,國泰-館前,0038003800380041,96,656,-560,0.5,10,sell
9/01,0050,康和,8450,362,24,338,0.3,11,buy
9/01,0050,富邦-板橋,9655,76,594,-518,0.47,11,sell
9/01,0050,台灣摩根士丹利,1470,322,4,318,0.29,12,buy
9/01,0050,新光-台中,8561,56,565,-509,0.46,12,sell
9/01,0050,兆豐-民生,0037003000300063,293,45,248,0.22,13,buy
9/01,0050,元大-新竹經國,9859,5,461,-456,0.41,13,sell
9/01,0050,元大-台南,9896,294,89,205,0.18,14,buy
9/01,0050,元大-新竹,9816,26,482,-456,0.41,14,sell
9/01,0050,第一金-中山,5389,256,70,186,0.17,15,buy
9/01,0050,凱基-城中,9227,19,471,-452,0.41,15,sell
9/01,2883,美林,1440,8175,749,7426,13.33,1,buy
9/01,2883,群益金鼎-新莊,0039003100380047,10,1295,-1285,2.31,1,sell
9/01,2883,富邦證券,9600,5614,78,5536,9.94,2,buy
9/01,2883,元大-彰化民生,003900380039004a,20,1269,-1249,2.24,2,sell
9/01,2883,台灣摩根士丹利,1470,7292,2669,4623,8.3,3,buy
9/01,2883,摩根大通,8440,1976,3053,-1077,1.93,3,sell
9/01,2883,新加坡商瑞銀,1650,5569,1102,4467,8.02,4,buy
9/01,2883,中國信託,6160,100,1082,-982,1.76,4,sell
9/01,2883,港商野村,1560,1051,11,1040,1.87,5,buy
9/01,2883,兆豐-寶成,0037003000300072,28,829,-801,1.44,5,sell
9/01,2883,凱基-台北,9268,2688,1768,920,1.65,6,buy
9/01,2883,美商高盛,1480,4275,5074,-799,1.43,6,sell
9/01,2883,凱基-雙和,0039003200300043,455,21,434,0.78,7,buy
9/01,2883,國泰-松江,8883,53,781,-728,1.31,7,sell
9/01,2883,元大證券,9800,4408,3979,429,0.77,8,buy
9/01,2883,統一,5850,60,757,-697,1.25,8,sell
9/01,2883,美好-楊梅,5262,350,5,345,0.62,9,buy
9/01,2883,花旗環球,1590,359,965,-606,1.09,9,sell
9/01,2883,法銀巴黎,8900,341,0,341,0.61,10,buy
9/01,2883,元大-萬華,0039003800310071,0,569,-569,1.02,10,sell
9/01,2883,群益金鼎-台南,9185,357,40,317,0.57,11,buy
9/01,2883,大昌-新店,6464,36,530,-494,0.89,11,sell
9/01,2883,台新-草屯,0039004200320058,198,14,184,0.33,12,buy
9/01,2883,彰銀,1230,6,468,-462,0.83,12,sell
9/01,2883,宏遠-光隆,0031003200360069,161,18,143,0.26,13,buy
9/01,2883,台新-台北,0039004200320030,16,468,-452,0.81,13,sell
9/01,2883,富邦-新板,0039003600310048,221,86,135,0.24,14,buy
9/01,2883,陽信-石牌,8711,10,415,-405,0.73,14,sell
9/01,2883,凱基-板橋,0039003200300041,180,47,133,0.24,15,buy
9/01,2883,凱基-長庚,9233,22,413,-391,0.7,15,sell
9/01,2892,華南永昌,9300,3512,24,3488,10.16,1,buy
9/01,2892,國泰證券,8880,376,4005,-3629,10.57,1,sell
9/01,2892,美林,1440,3650,256,3394,9.89,2,buy
9/01,2892,凱基,9200,415,2829,-2414,7.03,2,sell
9/01,2892,台灣摩根士丹利,1470,4753,1603,3150,9.18,3,buy
9/01,2892,永豐金-萬盛,0039004100390032,0,2149,-2149,6.26,3,sell
9/01,2892,凱基-台北,9268,3877,1001,2876,8.38,4,buy
9/01,2892,統一-內湖,0035003800350062,0,1005,-1005,2.93,4,sell
9/01,2892,港商野村,1560,2362,10,2352,6.85,5,buy
9/01,2892,土銀,1030,1,991,-990,2.88,5,sell
9/01,2892,美商高盛,1480,2899,1501,1398,4.07,6,buy
9/01,2892,台新-新店,0039004200320032,0,305,-305,0.89,6,sell
9/01,2892,新加坡商瑞銀,1650,3273,2211,1062,3.09,7,buy
9/01,2892,國泰-敦南,8888,147,438,-291,0.85,7,sell
9/01,2892,花旗環球,1590,1080,56,1024,2.98,8,buy
9/01,2892,香港上海匯豐,8960,177,403,-226,0.66,8,sell
9/01,2892,港商麥格理,1360,369,0,369,1.08,9,buy
9/01,2892,摩根大通,8440,2658,2837,-179,0.52,9,sell
9/01,2892,凱基-員林,9231,106,0,106,0.31,10,buy
9/01,2892,中國信託-嘉義,6168,100,265,-165,0.48,10,sell
9/01,2892,凱基-中壢,9285,101,10,91,0.27,11,buy
9/01,2892,台新-大裕,003900420032006c,1,161,-160,0.47,11,sell
9/01,2892,國票-長城,0037003700390075,90,0,90,0.26,12,buy
9/01,2892,國票-台南,0037003700390044,6,165,-159,0.46,12,sell
9/01,2892,永豐金-台南,0039004100390068,101,13,88,0.26,13,buy
9/01,2892,元大-林森,0039003800330042,6,162,-156,0.45,13,sell
9/01,2892,富邦證券,9600,72,0,72,0.21,14,buy
9/01,2892,富邦-中壢,9636,0,147,-147,0.43,14,sell
9/01,2892,永豐金-匯立,0039004100380031,70,0,70,0.2,15,buy
9/01,2892,第一金-台南,5384,1,140,-139,0.41,15,sell
9/01,2886,台灣摩根士丹利,1470,5476,1019,4457,14.5,1,buy
9/01,2886,永豐金證券,0039004100300030,2299,5886,-3587,11.67,1,sell
9/01,2886,美商高盛,1480,3067,716,2351,7.65,2,buy
9/01,2886,宏遠證券,1260,0,2430,-2430,7.9,2,sell
9/01,2886,摩根大通,8440,5012,2810,2202,7.16,3,buy
9/01,2886,花旗環球,1590,191,1753,-1562,5.08,3,sell
9/01,2886,港商野村,1560,1221,28,1193,3.88,4,buy
9/01,2886,康和,8450,0,1200,-1200,3.9,4,sell
9/01,2886,美林,1440,2846,2195,651,2.12,5,buy
9/01,2886,富邦證券,9600,48,1002,-954,3.1,5,sell
9/01,2886,元大證券,9800,1802,1263,539,1.75,6,buy
9/01,2886,凱基,9200,278,1117,-839,2.73,6,sell
9/01,2886,新加坡商瑞銀,1650,1806,1455,351,1.14,7,buy
9/01,2886,台新,0039004200300030,43,813,-770,2.5,7,sell
9/01,2886,法銀巴黎,8900,332,9,323,1.05,8,buy
9/01,2886,國票-敦北法人,0037003700390063,1,680,-679,2.21,8,sell
9/01,2886,兆豐證券,7000,303,3,300,0.98,9,buy
9/01,2886,凱基-台北,9268,1670,2173,-503,1.64,9,sell
9/01,2886,港商麥格理,1360,137,0,137,0.45,10,buy
9/01,2886,新光-新竹,8563,10,462,-452,1.47,10,sell
9/01,2886,富邦-陽明,9604,132,10,122,0.4,11,buy
9/01,2886,中國信託-高雄,003600310036004b,11,384,-373,1.21,11,sell
9/01,2886,國泰證券,8880,111,3,108,0.35,12,buy
9/01,2886,福邦證券,6480,0,300,-300,0.98,12,sell
9/01,2886,永豐金-桃園,0039004100390078,107,6,101,0.33,13,buy
9/01,2886,玉山-景美,8849,4,227,-223,0.73,13,sell
9/01,2886,新光,8560,149,65,84,0.27,14,buy
9/01,2886,元大-大天母,9893,3,176,-173,0.56,14,sell
9/01,2886,國泰-館前,0038003800380041,75,10,65,0.21,15,buy
9/01,2886,台灣企銀-太平,1115,0,65,-65,0.21,15,sell
9/01,1605,富邦證券,9600,1078,59,1019,6.36,1,buy
9/01,1605,台灣摩根士丹利,1470,673,1576,-903,5.63,1,sell
9/01,1605,元大-佳里,0039003800310065,288,3,285,1.78,2,buy
9/01,1605,美商高盛,1480,813,1585,-772,4.82,2,sell
9/01,1605,元大-員林中山,9835,293,12,281,1.75,3,buy
9/01,1605,新加坡商瑞銀,1650,572,1330,-758,4.73,3,sell
9/01,1605,台新-佳里,0039004200320077,242,0,242,1.51,4,buy
9/01,1605,凱基,9200,38,357,-319,1.99,4,sell
9/01,1605,永豐金-南京,0039004100390053,230,3,227,1.42,5,buy
9/01,1605,凱基-台北,9268,593,861,-268,1.67,5,sell
9/01,1605,摩根大通,8440,483,310,173,1.08,6,buy
9/01,1605,元大-斗六,0039003800300043,11,222,-211,1.32,6,sell
9/01,1605,元大-福營,0039003800310046,145,15,130,0.81,7,buy
9/01,1605,花旗環球,1590,58,263,-205,1.28,7,sell
9/01,1605,玉山-信義,0038003800340043,109,2,107,0.67,8,buy
9/01,1605,臺銀-高雄,0031003000340043,40,184,-144,0.9,8,sell
9/01,1605,法銀巴黎,8900,92,0,92,0.57,9,buy
9/01,1605,富邦-陽明,9604,71,166,-95,0.59,9,sell
9/01,1605,富邦-台北,9623,93,8,85,0.53,10,buy
9/01,1605,元大-內湖,003900380039004e,5,97,-92,0.57,10,sell
9/01,1605,永豐金-敦南,0039004100380046,86,3,83,0.52,11,buy
9/01,1605,第一金-桃園,5385,13,105,-92,0.57,11,sell
9/01,1605,國泰-忠孝,8887,81,7,74,0.46,12,buy
9/01,1605,美林,1440,259,342,-83,0.52,12,sell
9/01,1605,中國信託-忠孝,6162,77,11,66,0.41,13,buy
9/01,1605,元大-桃興,9894,2,64,-62,0.39,13,sell
9/01,1605,臺銀,1040,74,13,61,0.38,14,buy
9/01,1605,合庫-高雄,1023,2,60,-58,0.36,14,sell
9/01,1605,永豐金-新莊,0039004100390048,72,13,59,0.37,15,buy
9/01,1605,華南永昌-中正,9359,8,60,-52,0.32,15,sell
9/01,6770,國泰-敦南,8888,5301,2574,2727,1.8,1,buy
9/01,6770,台灣摩根士丹利,1470,402,24056,-23654,15.64,1,sell
9/01,6770,新光,8560,2117,650,1467,0.97,2,buy
9/01,6770,美商高盛,1480,1198,18612,-17414,11.51,2,sell
9/01,6770,富邦-永和,9654,1450,203,1247,0.82,3,buy
9/01,6770,新加坡商瑞銀,1650,1000,15640,-14640,9.68,3,sell
9/01,6770,富邦-建國,9658,1080,228,852,0.56,4,buy
9/01,6770,凱基-台北,9268,4195,14215,-10020,6.62,4,sell
9/01,6770,凱基-東港,9212,607,20,587,0.39,5,buy
9/01,6770,摩根大通,8440,542,6951,-6409,4.24,5,sell
9/01,6770,國泰-台中,8882,1002,434,568,0.38,6,buy
9/01,6770,元大證券,9800,7937,14272,-6335,4.19,6,sell
9/01,6770,富邦-台北,9623,966,437,529,0.35,7,buy
9/01,6770,美林,1440,130,1979,-1849,1.22,7,sell
9/01,6770,永豐金-大園,0039004100390038,553,42,511,0.34,8,buy
9/01,6770,台新-永和,0039004200320042,84,391,-307,0.2,8,sell
9/01,6770,台灣企銀-竹北,1117,578,69,509,0.34,9,buy
9/01,6770,群益金鼎,9100,1419,1724,-305,0.2,9,sell
9/01,6770,富邦-陽明,9604,593,92,501,0.33,10,buy
9/01,6770,元大-台北,0039003800300068,219,509,-290,0.19,10,sell
9/01,6770,國泰-板橋,003800380038004b,874,377,497,0.33,11,buy
9/01,6770,永豐金證券,0039004100300030,937,1193,-256,0.17,11,sell
9/01,6770,高橋,5320,601,111,490,0.32,12,buy
9/01,6770,富邦-南屯,9666,236,455,-219,0.14,12,sell
9/01,6770,玉山-新竹,0038003800340048,517,40,477,0.32,13,buy
9/01,6770,玉山-新莊,8842,250,338,-88,0.06,13,sell
9/01,6770,富邦證券,9600,2251,1798,453,0.3,14,buy
9/01,6770,凱基,9200,42,110,-68,0.04,14,sell
9/01,6770,元大-中壢,9834,878,427,451,0.3,15,buy
9/01,6770,凱基-永康,9278,164,225,-61,0.04,15,sell
9/01,2887,大和國泰,8890,13122,0,13122,15.18,1,buy
9/01,2887,凱基-台北,9268,2792,7038,-4246,4.91,1,sell
9/01,2887,美商高盛,1480,8385,3247,5138,5.94,2,buy
9/01,2887,永豐金-匯立,0039004100380031,49,2529,-2480,2.87,2,sell
9/01,2887,美林,1440,6325,1961,4364,5.05,3,buy
9/01,2887,永豐金證券,0039004100300030,286,1463,-1177,1.36,3,sell
9/01,2887,新加坡商瑞銀,1650,7539,3502,4037,4.67,4,buy
9/01,2887,玉山-信義,0038003800340043,2,1091,-1089,1.26,4,sell
9/01,2887,華南永昌,9300,2934,92,2842,3.29,5,buy
9/01,2887,統一-南京,0035003800350055,24,1034,-1010,1.17,5,sell
9/01,2887,摩根大通,8440,5307,2499,2808,3.25,6,buy
9/01,2887,台灣摩根士丹利,1470,5036,5879,-843,0.98,6,sell
9/01,2887,凱基,9200,3725,993,2732,3.16,7,buy
9/01,2887,香港上海匯豐,8960,66,831,-765,0.89,7,sell
9/01,2887,元大證券,9800,8253,5942,2311,2.67,8,buy
9/01,2887,台新-高雄,0039004200310067,98,747,-649,0.75,8,sell
9/01,2887,港商麥格理,1360,1508,0,1508,1.74,9,buy
9/01,2887,元大-仁愛,003900380033006a,20,646,-626,0.72,9,sell
9/01,2887,華南永昌-敦南,9347,1381,8,1373,1.59,10,buy
9/01,2887,元大-淡水,9899,5,525,-520,0.6,10,sell
9/01,2887,永豐金-復興,003900410039005a,1301,6,1295,1.5,11,buy
9/01,2887,國泰-敦南,8888,316,831,-515,0.6,11,sell
9/01,2887,法銀巴黎,8900,1040,57,983,1.14,12,buy
9/01,2887,新光,8560,340,812,-472,0.55,12,sell
9/01,2887,中國信託,6160,647,88,559,0.65,13,buy
9/01,2887,元大-六合,0039003800320043,146,541,-395,0.46,13,sell
9/01,2887,港商野村,1560,653,153,500,0.58,14,buy
9/01,2887,富邦-陽明,9604,19,394,-375,0.43,14,sell
9/01,2887,華南永昌-大甲,9315,539,108,431,0.5,15,buy
9/01,2887,富邦-和美,0039003600310050,6,366,-360,0.42,15,sell
9/01,1402,國泰證券,8880,3547,3,3544,21.95,1,buy
9/01,1402,凱基-台北,9268,609,1365,-756,4.68,1,sell
9/01,1402,新加坡商瑞銀,1650,1940,358,1582,9.8,2,buy
9/01,1402,元大-雙和,9874,30,429,-399,2.47,2,sell
9/01,1402,美林,1440,1616,69,1547,9.58,3,buy
9/01,1402,新光,8560,64,424,-360,2.23,3,sell
9/01,1402,花旗環球,1590,1077,353,724,4.48,4,buy
9/01,1402,美商高盛,1480,1232,1576,-344,2.13,4,sell
9/01,1402,香港上海匯豐,8960,400,0,400,2.48,5,buy
9/01,1402,臺銀-新竹,1045,1,205,-204,1.26,5,sell
9/01,1402,台灣摩根士丹利,1470,1606,1330,276,1.71,6,buy
9/01,1402,台新,0039004200300030,18,209,-191,1.18,6,sell
9/01,1402,亞東,2180,313,44,269,1.67,7,buy
9/01,1402,群益金鼎-台南,9185,3,181,-178,1.1,7,sell
9/01,1402,宏遠-館前,0031003200360055,261,0,261,1.62,8,buy
9/01,1402,統一,5850,16,191,-175,1.08,8,sell
9/01,1402,元大-福營,0039003800310046,250,9,241,1.49,9,buy
9/01,1402,元大-仁愛,003900380033006a,0,147,-147,0.91,9,sell
9/01,1402,國票-南港,7795,120,0,120,0.74,10,buy
9/01,1402,元大-高雄,003900380031006d,0,132,-132,0.82,10,sell
9/01,1402,合庫證券,1020,117,2,115,0.71,11,buy
9/01,1402,合庫-自強,0031003000320043,3,125,-122,0.76,11,sell
9/01,1402,台灣企銀-太平,1115,100,0,100,0.62,12,buy
9/01,1402,統一-嘉義,5858,7,127,-120,0.74,12,sell
9/01,1402,中國信託-永康,6163,100,3,97,0.6,13,buy
9/01,1402,元大-蘆洲,9857,0,117,-117,0.72,13,sell
9/01,1402,群益金鼎,9100,150,53,97,0.6,14,buy
9/01,1402,新光-新竹,8563,8,119,-111,0.69,14,sell
9/01,1402,中國信託,6160,100,4,96,0.59,15,buy
9/01,1402,群益金鼎-中港,9138,2,109,-107,0.66,15,sell
9/01,1216,台灣摩根士丹利,1470,2072,354,1718,15.93,1,buy
9/01,1216,國泰證券,8880,3,1500,-1497,13.88,1,sell
9/01,1216,富邦證券,9600,1629,807,822,7.62,2,buy
9/01,1216,摩根大通,8440,789,1683,-894,8.29,2,sell
9/01,1216,美商高盛,1480,1352,578,774,7.18,3,buy
9/01,1216,康和,8450,0,600,-600,5.56,3,sell
9/01,1216,美林,1440,610,151,459,4.26,4,buy
9/01,1216,新加坡商瑞銀,1650,705,1300,-595,5.52,4,sell
9/01,1216,港商麥格理,1360,441,0,441,4.09,5,buy
9/01,1216,台新-城東,0039004200320072,3,501,-498,4.62,5,sell
9/01,1216,港商野村,1560,397,99,298,2.76,6,buy
9/01,1216,凱基-站前,0039003200300046,5,500,-495,4.59,6,sell
9/01,1216,台新-台北,0039004200320030,200,0,200,1.85,7,buy
9/01,1216,凱基-台北,9268,636,846,-210,1.95,7,sell
9/01,1216,元大證券,9800,393,274,119,1.1,8,buy
9/01,1216,花旗環球,1590,111,276,-165,1.53,8,sell
9/01,1216,法銀巴黎,8900,67,0,67,0.62,9,buy
9/01,1216,永豐金-松山,0039004100390031,1,136,-135,1.25,9,sell
9/01,1216,新光-台中,8561,50,2,48,0.44,10,buy
9/01,1216,永豐金證券,0039004100300030,33,149,-116,1.08,10,sell
9/01,1216,國泰-敦南,8888,59,22,37,0.34,11,buy
9/01,1216,合庫證券,1020,5,100,-95,0.88,11,sell
9/01,1216,元大-北投,0039003800390041,28,6,22,0.2,12,buy
9/01,1216,凱基,9200,5,62,-57,0.53,12,sell
9/01,1216,臺銀-金山,0031003000340044,21,0,21,0.19,13,buy
9/01,1216,富邦-台北,9623,3,22,-19,0.18,13,sell
9/01,1216,第一金,5380,20,0,20,0.19,14,buy
9/01,1216,富邦-公益,0039003600310046,1,17,-16,0.15,14,sell
9/01,1216,新光-台南,8564,14,1,13,0.12,15,buy
9/01,1216,彰銀-台中,1233,0,14,-14,0.13,15,sell
9/01,1815,美商高盛,1480,6747,2059,4688,6.77,1,buy
9/01,1815,凱基,9200,112,1153,-1041,1.5,1,sell
9/01,1815,台灣摩根士丹利,1470,6053,1544,4509,6.52,2,buy
9/01,1815,永豐金證券,0039004100300030,928,1592,-664,0.96,2,sell
9/01,1815,凱基-台北,9268,5769,4340,1429,2.06,3,buy
9/01,1815,國泰-敦南,8888,1634,2074,-440,0.64,3,sell
9/01,1815,新加坡商瑞銀,1650,2991,1667,1324,1.91,4,buy
9/01,1815,華南永昌,9300,81,506,-425,0.61,4,sell
9/01,1815,摩根大通,8440,1484,622,862,1.25,5,buy
9/01,1815,凱基-羅東,9258,21,305,-284,0.41,5,sell
9/01,1815,元大證券,9800,7268,6535,733,1.06,6,buy
9/01,1815,國泰-桃園,8885,141,374,-233,0.34,6,sell
9/01,1815,統一,5850,1411,698,713,1.03,7,buy
9/01,1815,國泰-台中,8882,313,519,-206,0.3,7,sell
9/01,1815,新光,8560,1190,617,573,0.83,8,buy
9/01,1815,元大-忠孝,9871,33,233,-200,0.29,8,sell
9/01,1815,港商野村,1560,330,0,330,0.48,9,buy
9/01,1815,台新,0039004200300030,444,629,-185,0.27,9,sell
9/01,1815,元大-大天母,9893,579,253,326,0.47,10,buy
9/01,1815,富邦-桃園,9665,44,222,-178,0.26,10,sell
9/01,1815,兆豐證券,7000,272,61,211,0.3,11,buy
9/01,1815,富邦-陽明,9604,114,287,-173,0.25,11,sell
9/01,1815,富邦-木柵,003900360031004d,283,85,198,0.29,12,buy
9/01,1815,華南永昌-台南,9306,32,200,-168,0.24,12,sell
9/01,1815,凱基-信義,9216,186,11,175,0.25,13,buy
9/01,1815,群益金鼎-開元,9134,13,175,-162,0.23,13,sell
9/01,1815,群益金鼎-中壢,0039003100380041,241,86,155,0.22,14,buy
9/01,1815,永豐金-桃盛,003900410039004e,69,230,-161,0.23,14,sell
9/01,1815,永豐金-敦南,0039004100380046,383,237,146,0.21,15,buy
9/01,1815,國泰-忠孝,8887,73,223,-150,0.22,15,sell
9/01,2002,兆豐-鹿港,0037003000300066,1793,16,1777,6.85,1,buy
9/01,2002,台灣摩根士丹利,1470,32,8111,-8079,31.12,1,sell
9/01,2002,摩根大通,8440,2484,1069,1415,5.45,2,buy
9/01,2002,富邦證券,9600,37,1043,-1006,3.88,2,sell
9/01,2002,光和-田中,6382,995,53,942,3.63,3,buy
9/01,2002,華南永昌-嘉義,9314,14,482,-468,1.8,3,sell
9/01,2002,美商高盛,1480,2550,1625,925,3.56,4,buy
9/01,2002,聯邦證券,8580,0,340,-340,1.31,4,sell
9/01,2002,群益金鼎,9100,1067,203,864,3.33,5,buy
9/01,2002,第一金-新興,0035003300380041,1,293,-292,1.12,5,sell
9/01,2002,花旗環球,1590,534,0,534,2.06,6,buy
9/01,2002,華南永昌-小港,9323,1,262,-261,1.01,6,sell
9/01,2002,新加坡商瑞銀,1650,1562,1237,325,1.25,7,buy
9/01,2002,凱基-城中,9227,2,260,-258,0.99,7,sell
9/01,2002,富邦-內湖,9627,283,2,281,1.08,8,buy
9/01,2002,凱基-台北,9268,892,1130,-238,0.92,8,sell
9/01,2002,永豐金-竹北,0039004100390050,279,4,275,1.06,9,buy
9/01,2002,元大-民雄,0039003800310056,2,207,-205,0.79,9,sell
9/01,2002,國票-博愛,003700370039007a,235,2,233,0.9,10,buy
9/01,2002,元大-東港,0039003800390066,4,188,-184,0.71,10,sell
9/01,2002,兆豐證券,7000,230,0,230,0.89,11,buy
9/01,2002,凱基-基隆,0039003200300048,2,162,-160,0.62,11,sell
9/01,2002,港商野村,1560,230,11,219,0.84,12,buy
9/01,2002,富邦-板橋,9655,120,265,-145,0.56,12,sell
9/01,2002,元大-北港,9837,197,5,192,0.74,13,buy
9/01,2002,台新-五權西,0039004200320035,204,336,-132,0.51,13,sell
9/01,2002,永豐金證券,0039004100300030,207,21,186,0.72,14,buy
9/01,2002,玉山-城中,0038003800340045,5,116,-111,0.43,14,sell
9/01,2002,玉山-台中,0038003800340042,198,17,181,0.7,15,buy
9/01,2002,玉山-台南,8847,5,114,-109,0.42,15,sell
9/01,0052,凱基-台北,9268,10141,245,9896,42.18,1,buy
9/01,0052,國泰-敦南,8888,160,1118,-958,4.08,1,sell
9/01,0052,元大證券,9800,3191,432,2759,11.76,2,buy
9/01,0052,中國信託,6160,117,605,-488,2.08,2,sell
9/01,0052,中國信託-新竹,6165,1539,26,1513,6.45,3,buy
9/01,0052,台新-高雄,0039004200310067,1,331,-330,1.41,3,sell
9/01,0052,永豐金證券,0039004100300030,2363,874,1489,6.35,4,buy
9/01,0052,永豐金-板新,003900410039004a,6,239,-233,0.99,4,sell
9/01,0052,新加坡商瑞銀,1650,1434,496,938,4.0,5,buy
9/01,0052,國泰-台中,8882,25,234,-209,0.89,5,sell
9/01,0052,台新,0039004200300030,631,251,380,1.62,6,buy
9/01,0052,台新-成功,003900420032006d,0,196,-196,0.84,6,sell
9/01,0052,富邦證券,9600,330,117,213,0.91,7,buy
9/01,0052,新光,8560,12,184,-172,0.73,7,sell
9/01,0052,康和,8450,305,98,207,0.88,8,buy
9/01,0052,富邦-中壢,9636,35,200,-165,0.7,8,sell
9/01,0052,永豐金-忠孝,0039004100390044,204,17,187,0.8,9,buy
9/01,0052,富邦-仁愛,9676,14,167,-153,0.65,9,sell
9/01,0052,群益金鼎,9100,209,52,157,0.67,10,buy
9/01,0052,臺銀,1040,4,157,-153,0.65,10,sell
9/01,0052,兆豐-員林,003700300030006b,115,17,98,0.42,11,buy
9/01,0052,國泰-板橋,003800380038004b,13,156,-143,0.61,11,sell
9/01,0052,國泰證券,8880,111,16,95,0.4,12,buy
9/01,0052,元大-龍潭,9858,11,147,-136,0.58,12,sell
9/01,0052,第一金-高雄,5383,100,6,94,0.4,13,buy
9/01,0052,國泰-桃園,8885,12,146,-134,0.57,13,sell
9/01,0052,富邦-七賢,003900360031004b,51,13,38,0.16,14,buy
9/01,0052,元大-和平,9863,1,128,-127,0.54,14,sell
9/01,0052,大昌-新店,6464,51,21,30,0.13,15,buy
9/01,0052,兆豐-桃園,003700300030004d,0,122,-122,0.52,15,sell
9/01,2408,國泰-敦南,8888,3056,1396,1660,2.02,1,buy
9/01,2408,摩根大通,8440,464,11818,-11354,13.79,1,sell
9/01,2408,永豐金證券,0039004100300030,1229,388,841,1.02,2,buy
9/01,2408,台灣摩根士丹利,1470,812,10197,-9385,11.4,2,sell
9/01,2408,法銀巴黎,8900,495,40,455,0.55,3,buy
9/01,2408,美商高盛,1480,693,9366,-8673,10.53,3,sell
9/01,2408,新光,8560,1018,601,417,0.51,4,buy
9/01,2408,新加坡商瑞銀,1650,1335,5351,-4016,4.88,4,sell
9/01,2408,國泰-台中,8882,677,320,357,0.43,5,buy
9/01,2408,元大證券,9800,3701,7084,-3383,4.11,5,sell
9/01,2408,國泰-桃園,8885,530,181,349,0.42,6,buy
9/01,2408,美林,1440,227,1643,-1416,1.72,6,sell
9/01,2408,富邦-仁愛,9676,417,72,345,0.42,7,buy
9/01,2408,統一,5850,748,2112,-1364,1.66,7,sell
9/01,2408,國泰-板橋,003800380038004b,610,273,337,0.41,8,buy
9/01,2408,富邦證券,9600,382,1428,-1046,1.27,8,sell
9/01,2408,永豐金-信義,0039004100390052,342,7,335,0.41,9,buy
9/01,2408,港商野村,1560,396,1372,-976,1.19,9,sell
9/01,2408,玉山證券,8840,368,53,315,0.38,10,buy
9/01,2408,凱基-台北,9268,1901,2774,-873,1.06,10,sell
9/01,2408,花旗環球,1590,319,5,314,0.38,11,buy
9/01,2408,群益金鼎,9100,815,1513,-698,0.85,11,sell
9/01,2408,美好-富順,003500320036004b,324,12,312,0.38,12,buy
9/01,2408,凱基,9200,32,470,-438,0.53,12,sell
9/01,2408,(牛牛牛)亞-鑫豐,0036003000310064,334,23,311,0.38,13,buy
9/01,2408,元大-館前,003900380034004b,79,372,-293,0.36,13,sell
9/01,2408,富邦-台北,9623,498,202,296,0.36,14,buy
9/01,2408,永豐金-匯立,0039004100380031,22,184,-162,0.2,14,sell
9/01,2408,富邦-中壢,9636,330,35,295,0.36,15,buy
9/01,2408,中國信託-高雄,003600310036004b,173,283,-110,0.13,15,sell
9/01,2324,合庫證券,1020,1232,3,1229,2.65,1,buy
9/01,2324,美商高盛,1480,2527,5941,-3414,7.36,1,sell
9/01,2324,群益金鼎-東湖,003900310038004b,762,24,738,1.59,2,buy
9/01,2324,台灣摩根士丹利,1470,2114,5513,-3399,7.32,2,sell
9/01,2324,元大-羅東,0039003800320041,731,2,729,1.57,3,buy
9/01,2324,摩根大通,8440,922,4079,-3157,6.8,3,sell
9/01,2324,香港上海匯豐,8960,837,236,601,1.29,4,buy
9/01,2324,港商野村,1560,0,1023,-1023,2.2,4,sell
9/01,2324,台新,0039004200300030,706,111,595,1.28,5,buy
9/01,2324,永豐金證券,0039004100300030,284,1282,-998,2.15,5,sell
9/01,2324,花旗環球,1590,708,176,532,1.15,6,buy
9/01,2324,富邦-台北,9623,252,1157,-905,1.95,6,sell
9/01,2324,國泰-敦南,8888,982,616,366,0.79,7,buy
9/01,2324,凱基-台北,9268,1357,2211,-854,1.84,7,sell
9/01,2324,富邦-永和,9654,804,486,318,0.69,8,buy
9/01,2324,國泰證券,8880,8,832,-824,1.78,8,sell
9/01,2324,(牛牛牛)亞-鑫豐,0036003000310064,263,35,228,0.49,9,buy
9/01,2324,新加坡商瑞銀,1650,1718,2462,-744,1.6,9,sell
9/01,2324,大昌,6460,184,12,172,0.37,10,buy
9/01,2324,第一金-台中,5382,8,273,-265,0.57,10,sell
9/01,2324,富邦-陽明,9604,336,171,165,0.36,11,buy
9/01,2324,華南永昌,9300,223,437,-214,0.46,11,sell
9/01,2324,元大-新竹經國,9859,145,4,141,0.3,12,buy
9/01,2324,群益金鼎,9100,544,745,-201,0.43,12,sell
9/01,2324,國票-九鼎,0037003700390050,207,71,136,0.29,13,buy
9/01,2324,富邦證券,9600,428,628,-200,0.43,13,sell
9/01,2324,華南永昌-台南,9306,138,5,133,0.29,14,buy
9/01,2324,美林,1440,205,401,-196,0.42,14,sell
9/01,2324,國泰-板橋,003800380038004b,205,72,133,0.29,15,buy
9/01,2324,致和-佳里,7032,14,202,-188,0.41,15,sell
9/01,1326,美商高盛,1480,16573,3828,12745,10.72,1,buy
9/01,1326,富邦證券,9600,286,3027,-2741,2.3,1,sell
9/01,1326,台灣摩根士丹利,1470,12819,2044,10775,9.06,2,buy
9/01,1326,凱基-台北,9268,6127,7765,-1638,1.38,2,sell
9/01,1326,摩根大通,8440,10240,652,9588,8.06,3,buy
9/01,1326,新光-高雄,8562,69,935,-866,0.73,3,sell
9/01,1326,新加坡商瑞銀,1650,7208,924,6284,5.28,4,buy
9/01,1326,富邦-南屯,9666,62,916,-854,0.72,4,sell
9/01,1326,美林,1440,3714,636,3078,2.59,5,buy
9/01,1326,港商野村,1560,545,1344,-799,0.67,5,sell
9/01,1326,統一,5850,2909,771,2138,1.8,6,buy
9/01,1326,凱基-城中,9227,21,710,-689,0.58,6,sell
9/01,1326,元大證券,9800,11031,9148,1883,1.58,7,buy
9/01,1326,台新-同大,0039004200320050,19,590,-571,0.48,7,sell
9/01,1326,香港上海匯豐,8960,1794,40,1754,1.47,8,buy
9/01,1326,元大-竹科,003900380030004b,66,613,-547,0.46,8,sell
9/01,1326,兆豐證券,7000,1241,18,1223,1.03,9,buy
9/01,1326,元大-復北,9872,130,670,-540,0.45,9,sell
9/01,1326,元大-天母,0039003800310049,1050,40,1010,0.85,10,buy
9/01,1326,富邦-板橋,9655,80,612,-532,0.45,10,sell
9/01,1326,國泰證券,8880,581,54,527,0.44,11,buy
9/01,1326,國票-台中,0037003700390076,16,508,-492,0.41,11,sell
9/01,1326,兆豐-虎尾,0037003000300046,524,33,491,0.41,12,buy
9/01,1326,合庫證券,1020,13,503,-490,0.41,12,sell
9/01,1326,群益金鼎,9100,2554,2149,405,0.34,13,buy
9/01,1326,凱基-站前,0039003200300046,131,597,-466,0.39,13,sell
9/01,1326,法銀巴黎,8900,529,143,386,0.32,14,buy
9/01,1326,元大-發財,0039003800310045,30,449,-419,0.35,14,sell
9/01,1326,兆豐-台中,7003,375,42,333,0.28,15,buy
9/01,1326,富邦-嘉義,9692,86,502,-416,0.35,15,sell
9/01,2834,國票-長城,0037003700390075,5104,0,5104,8.82,1,buy
9/01,2834,富邦證券,9600,12,3891,-3879,6.7,1,sell
9/01,2834,美林,1440,2869,534,2335,4.03,2,buy
9/01,2834,華南永昌-敦南,9347,4,3733,-3729,6.44,2,sell
9/01,2834,凱基-台北,9268,6182,4358,1824,3.15,3,buy
9/01,2834,新加坡商瑞銀,1650,3546,7211,-3665,6.33,3,sell
9/01,2834,台灣摩根士丹利,1470,4531,2942,1589,2.74,4,buy
9/01,2834,美商高盛,1480,5377,7894,-2517,4.35,4,sell
9/01,2834,臺銀-臺南,1042,1177,18,1159,2.0,5,buy
9/01,2834,台新-城東,0039004200320072,23,1523,-1500,2.59,5,sell
9/01,2834,摩根大通,8440,2579,1665,914,1.58,6,buy
9/01,2834,元大證券,9800,2073,3287,-1214,2.1,6,sell
9/01,2834,群益金鼎-竹南,0039003100380069,915,12,903,1.56,7,buy
9/01,2834,第一金-忠孝,0035003300380044,0,911,-911,1.57,7,sell
9/01,2834,統一,5850,884,79,805,1.39,8,buy
9/01,2834,致和-金華,7034,0,889,-889,1.54,8,sell
9/01,2834,港商野村,1560,1291,509,782,1.35,9,buy
9/01,2834,台新-高雄,0039004200310067,233,839,-606,1.05,9,sell
9/01,2834,凱基-中山,9229,520,26,494,0.85,10,buy
9/01,2834,永豐金-匯立,0039004100380031,0,544,-544,0.94,10,sell
9/01,2834,法銀巴黎,8900,491,0,491,0.85,11,buy
9/01,2834,凱基-豐中,9223,17,554,-537,0.93,11,sell
9/01,2834,華南永昌-苗栗,9362,502,18,484,0.84,12,buy
9/01,2834,群益金鼎-永和,003900310038004a,38,540,-502,0.87,12,sell
9/01,2834,永豐金-台中,003900410039004c,362,7,355,0.61,13,buy
9/01,2834,凱基-台南,9211,41,433,-392,0.68,13,sell
9/01,2834,元大-民生三民,0039003800390058,350,0,350,0.6,14,buy
9/01,2834,合庫-高雄,1023,8,303,-295,0.51,14,sell
9/01,2834,富邦-基隆,9614,352,6,346,0.6,15,buy
9/01,2834,元大-屏東民生,0039003800310068,2,249,-247,0.43,15,sell
9/01,2610,香港上海匯豐,8960,1772,118,1654,13.28,1,buy
9/01,2610,花旗環球,1590,255,2215,-1960,15.74,1,sell
9/01,2610,富邦證券,9600,885,79,806,6.47,2,buy
9/01,2610,摩根大通,8440,142,1139,-997,8.01,2,sell
9/01,2610,台灣摩根士丹利,1470,1296,535,761,6.11,3,buy
9/01,2610,新加坡商瑞銀,1650,104,670,-566,4.55,3,sell
9/01,2610,富邦-桃園,9665,705,15,690,5.54,4,buy
9/01,2610,玉山-新莊,8842,3,302,-299,2.4,4,sell
9/01,2610,元大-松江,9801,413,1,412,3.31,5,buy
9/01,2610,新光-台中,8561,0,216,-216,1.73,5,sell
9/01,2610,港商麥格理,1360,270,0,270,2.17,6,buy
9/01,2610,中國信託-高雄,003600310036004b,36,203,-167,1.34,6,sell
9/01,2610,美商高盛,1480,1067,833,234,1.88,7,buy
9/01,2610,美林,1440,133,281,-148,1.19,7,sell
9/01,2610,合庫-台中,1021,135,6,129,1.04,8,buy
9/01,2610,國泰-敦南,8888,74,220,-146,1.17,8,sell
9/01,2610,華南永昌-中正,9359,104,0,104,0.84,9,buy
9/01,2610,兆豐-高雄,003700300030005a,3,141,-138,1.11,9,sell
9/01,2610,元大-松山,0039003800310070,103,0,103,0.83,10,buy
9/01,2610,群益金鼎-松山,9103,0,135,-135,1.08,10,sell
9/01,2610,凱基-市政,9239,104,2,102,0.82,11,buy
9/01,2610,富邦-台南,9667,0,106,-106,0.85,11,sell
9/01,2610,臺銀-新竹,1045,102,0,102,0.82,12,buy
9/01,2610,元大-華山,0039003800310055,0,100,-100,0.8,12,sell
9/01,2610,第一金-台中,5382,101,0,101,0.81,13,buy
9/01,2610,永興-大墩,5604,0,100,-100,0.8,13,sell
9/01,2610,元大-西屯,0039003800300077,100,0,100,0.8,14,buy
9/01,2610,新光,8560,34,128,-94,0.75,14,sell
9/01,2610,永豐金-台中,003900410039004c,101,13,88,0.71,15,buy
9/01,2610,凱基-台北,9268,388,480,-92,0.74,15,sell
9/01,3481,凱基-台北,9268,9956,7626,2330,1.69,1,buy
9/01,3481,台灣摩根士丹利,1470,3106,11549,-8443,6.12,1,sell
9/01,3481,玉山-新莊,8842,1335,200,1135,0.82,2,buy
9/01,3481,美商高盛,1480,1303,3255,-1952,1.41,2,sell
9/01,3481,凱基-永和,9207,930,30,900,0.65,3,buy
9/01,3481,永豐金證券,0039004100300030,713,1983,-1270,0.92,3,sell
9/01,3481,元大-成功,003900380039004c,946,151,795,0.58,4,buy
9/01,3481,群益金鼎,9100,2035,2871,-836,0.61,4,sell
9/01,3481,群益金鼎-中壢,0039003100380041,726,123,603,0.44,5,buy
9/01,3481,元大證券,9800,9154,9970,-816,0.59,5,sell
9/01,3481,富邦-台北,9623,1191,640,551,0.4,6,buy
9/01,3481,台新,0039004200300030,884,1291,-407,0.29,6,sell
9/01,3481,元大-和平,9863,558,9,549,0.4,7,buy
9/01,3481,香港上海匯豐,8960,11,342,-331,0.24,7,sell
9/01,3481,國泰-敦南,8888,4972,4499,473,0.34,8,buy
9/01,3481,群益金鼎-新竹,9186,21,342,-321,0.23,8,sell
9/01,3481,新光,8560,1602,1156,446,0.32,9,buy
9/01,3481,國票證券,7790,153,470,-317,0.23,9,sell
9/01,3481,港商麥格理,1360,428,40,388,0.28,10,buy
9/01,3481,富邦-新板,0039003600310048,164,457,-293,0.21,10,sell
9/01,3481,法銀巴黎,8900,461,84,377,0.27,11,buy
9/01,3481,元大-中山北路,0039003800300061,54,334,-280,0.2,11,sell
9/01,3481,富邦-永和,9654,729,356,373,0.27,12,buy
9/01,3481,群益金鼎-東門,0039003100380044,146,415,-269,0.19,12,sell
9/01,3481,國泰-台中,8882,1138,777,361,0.26,13,buy
9/01,3481,元大-中壢,9834,332,580,-248,0.18,13,sell
9/01,3481,合庫證券,1020,504,176,328,0.24,14,buy
9/01,3481,統一-松江,003500380035005a,5,240,-235,0.17,14,sell
9/01,3481,元大-彰化民生,003900380039004a,397,126,271,0.2,15,buy
9/01,3481,彰銀-台中,1233,81,315,-234,0.17,15,sell
9/01,2327,新加坡商瑞銀,1650,5240,942,4298,9.56,1,buy
9/01,2327,富邦證券,9600,378,1166,-788,1.75,1,sell
9/01,2327,台灣摩根士丹利,1470,4046,994,3052,6.79,2,buy
9/01,2327,群益金鼎,9100,206,831,-625,1.39,2,sell
9/01,2327,富邦-新店,9661,835,54,781,1.74,3,buy
9/01,2327,永豐金證券,0039004100300030,634,1205,-571,1.27,3,sell
9/01,2327,美林,1440,1200,431,769,1.71,4,buy
9/01,2327,香港上海匯豐,8960,16,522,-506,1.13,4,sell
9/01,2327,永豐金-匯立,0039004100380031,470,0,470,1.05,5,buy
9/01,2327,華南永昌,9300,168,637,-469,1.04,5,sell
9/01,2327,凱基-台北,9268,2018,1624,394,0.88,6,buy
9/01,2327,美商高盛,1480,1965,2299,-334,0.74,6,sell
9/01,2327,兆豐-中壢,0037003000300062,290,7,283,0.63,7,buy
9/01,2327,中國信託,6160,90,386,-296,0.66,7,sell
9/01,2327,國票-敦北法人,0037003700390063,369,94,275,0.61,8,buy
9/01,2327,國泰證券,8880,31,317,-286,0.64,8,sell
9/01,2327,摩根大通,8440,1061,902,159,0.35,9,buy
9/01,2327,國泰-敦南,8888,1293,1567,-274,0.61,9,sell
9/01,2327,港商野村,1560,591,493,98,0.22,10,buy
9/01,2327,台新,0039004200300030,221,485,-264,0.59,10,sell
9/01,2327,統一-南京,0035003800350055,152,80,72,0.16,11,buy
9/01,2327,元大證券,9800,2747,2952,-205,0.46,11,sell
9/01,2327,法銀巴黎,8900,81,16,65,0.14,12,buy
9/01,2327,元大-中山北路,0039003800300061,35,240,-205,0.46,12,sell
9/01,2327,凱基-敦北,9237,61,13,48,0.11,13,buy
9/01,2327,統一,5850,170,366,-196,0.44,13,sell
9/01,2327,國票-安和,003700370039005a,98,52,46,0.1,14,buy
9/01,2327,新光,8560,276,444,-168,0.37,14,sell
9/01,2327,花旗環球,1590,152,107,45,0.1,15,buy
9/01,2327,凱基,9200,242,370,-128,0.28,15,sell
9/01,6182,元大證券,9800,15268,4520,10748,14.76,1,buy
9/01,6182,國泰-敦南,8888,1551,2745,-1194,1.64,1,sell
9/01,6182,富邦證券,9600,6393,1750,4643,6.37,2,buy
9/01,6182,華南永昌-頭份,9343,13,931,-918,1.26,2,sell
9/01,6182,摩根大通,8440,2237,187,2050,2.81,3,buy
9/01,6182,富邦-新店,9661,39,376,-337,0.46,3,sell
9/01,6182,凱基-信義,9216,2407,432,1975,2.71,4,buy
9/01,6182,新光,8560,250,578,-328,0.45,4,sell
9/01,6182,統一,5850,1843,124,1719,2.36,5,buy
9/01,6182,國票-中港,003700370039006d,50,366,-316,0.43,5,sell
9/01,6182,台灣摩根士丹利,1470,1957,356,1601,2.2,6,buy
9/01,6182,國泰-台中,8882,271,567,-296,0.41,6,sell
9/01,6182,凱基-台北,9268,4421,2958,1463,2.01,7,buy
9/01,6182,富邦-台北,9623,113,383,-270,0.37,7,sell
9/01,6182,美林,1440,2016,785,1231,1.69,8,buy
9/01,6182,國票證券,7790,10,273,-263,0.36,8,sell
9/01,6182,新加坡商瑞銀,1650,1338,151,1187,1.63,9,buy
9/01,6182,富邦-港都,0039003600320051,11,274,-263,0.36,9,sell
9/01,6182,美商高盛,1480,1965,809,1156,1.59,10,buy
9/01,6182,台新,0039004200300030,277,499,-222,0.3,10,sell
9/01,6182,凱基,9200,810,1,809,1.11,11,buy
9/01,6182,兆豐-岡山,0037003000300073,5,225,-220,0.3,11,sell
9/01,6182,永豐金-敦北,0039004100380039,818,44,774,1.06,12,buy
9/01,6182,新百王,6210,33,249,-216,0.3,12,sell
9/01,6182,統一-員林,0035003800350049,454,25,429,0.59,13,buy
9/01,6182,花旗環球,1590,8,220,-212,0.29,13,sell
9/01,6182,富邦-嘉義,9692,595,335,260,0.36,14,buy
9/01,6182,群益金鼎-大安,0039003100380065,4,208,-204,0.28,14,sell
9/01,6182,凱基-豐中,9223,319,74,245,0.34,15,buy
9/01,6182,國泰-桃園,8885,147,343,-196,0.27,15,sell
9/01,5904,華南永昌-苗栗,9362,302,0,302,4.06,1,buy
9/01,5904,美商高盛,1480,69,1520,-1451,19.53,1,sell
9/01,5904,國泰-敦南,8888,298,51,247,3.32,2,buy
9/01,5904,台灣摩根士丹利,1470,37,1120,-1083,14.57,2,sell
9/01,5904,港商麥格理,1360,184,0,184,2.48,3,buy
9/01,5904,新加坡商瑞銀,1650,3,883,-880,11.84,3,sell
9/01,5904,摩根大通,8440,267,102,165,2.22,4,buy
9/01,5904,美林,1440,11,610,-599,8.06,4,sell
9/01,5904,玉山-左營,0038003800340044,119,8,111,1.49,5,buy
9/01,5904,港商野村,1560,0,404,-404,5.44,5,sell
9/01,5904,彰銀-七賢,1232,105,0,105,1.41,6,buy
9/01,5904,永豐金證券,0039004100300030,70,291,-221,2.97,6,sell
9/01,5904,新光,8560,85,17,68,0.92,7,buy
9/01,5904,京城-嘉義,8492,10,168,-158,2.13,7,sell
9/01,5904,台新,0039004200300030,67,6,61,0.82,8,buy
9/01,5904,花旗環球,1590,5,136,-131,1.76,8,sell
9/01,5904,國泰-松江,8883,61,0,61,0.82,9,buy
9/01,5904,凱基-台北,9268,19,101,-82,1.1,9,sell
9/01,5904,第一金-桃園,5385,54,2,52,0.7,10,buy
9/01,5904,富邦-永康,003900360031005a,1,60,-59,0.79,10,sell
9/01,5904,國泰-館前,0038003800380041,55,4,51,0.69,11,buy
9/01,5904,聯邦-大業,8586,1,36,-35,0.47,11,sell
9/01,5904,台新-中港,0039004200320069,50,0,50,0.67,12,buy
9/01,5904,富邦-新莊,0039003600320044,103,131,-28,0.38,12,sell
9/01,5904,國票-彰化,0037003700390057,43,0,43,0.58,13,buy
9/01,5904,元大證券,9800,159,183,-24,0.32,13,sell
9/01,5904,國泰-板橋,003800380038004b,46,3,43,0.58,14,buy
9/01,5904,富邦-台中,003900360035004b,8,30,-22,0.3,14,sell
9/01,5904,國泰-台中,8882,52,13,39,0.52,15,buy
9/01,5904,康和-高雄,003800340035004a,1,21,-20,0.27,15,sell
9/01,2492,港商野村,1560,1786,301,1485,4.13,1,buy
9/01,2492,美林,1440,500,1562,-1062,2.95,1,sell
9/01,2492,康和,8450,356,27,329,0.91,2,buy
9/01,2492,新加坡商瑞銀,1650,404,1444,-1040,2.89,2,sell
9/01,2492,花旗環球,1590,322,15,307,0.85,3,buy
9/01,2492,台灣摩根士丹利,1470,995,1578,-583,1.62,3,sell
9/01,2492,兆豐-民生,0037003000300063,227,11,216,0.6,4,buy
9/01,2492,美商高盛,1480,1208,1551,-343,0.95,4,sell
9/01,2492,富邦-彰化,0039003600350055,161,17,144,0.4,5,buy
9/01,2492,兆豐-新竹,0037003000300056,15,165,-150,0.42,5,sell
9/01,2492,富邦-台北,9623,165,59,106,0.29,6,buy
9/01,2492,凱基-台北,9268,1880,2004,-124,0.34,6,sell
9/01,2492,凱基-雙和,0039003200300043,136,34,102,0.28,7,buy
9/01,2492,凱基-興隆,9289,58,166,-108,0.3,7,sell
9/01,2492,凱基-員林,9231,113,14,99,0.28,8,buy
9/01,2492,台新-板橋,0039004200320062,28,131,-103,0.29,8,sell
9/01,2492,台新-松江,0039004200310035,110,13,97,0.27,9,buy
9/01,2492,富邦-建國,9658,56,141,-85,0.24,9,sell
9/01,2492,國泰-台中,8882,276,194,82,0.23,10,buy
9/01,2492,凱基,9200,14,77,-63,0.18,10,sell
9/01,2492,港商麥格理,1360,96,16,80,0.22,11,buy
9/01,2492,元大-鳳中,0039003800350043,72,121,-49,0.14,11,sell
9/01,2492,摩根大通,8440,672,595,77,0.21,12,buy
9/01,2492,凱基-大安,9291,20,66,-46,0.13,12,sell
9/01,2492,華南永昌-竹北,9339,86,13,73,0.2,13,buy
9/01,2492,富邦-竹科,0039003600320043,51,93,-42,0.12,13,sell
9/01,2492,新光,8560,354,292,62,0.17,14,buy
9/01,2492,中國信託-忠孝,6162,56,97,-41,0.11,14,sell
9/01,2492,玉山-左營,0038003800340044,92,34,58,0.16,15,buy
9/01,2492,永豐金-員林,0039004100390043,35,72,-37,0.1,15,sell
9/01,2885,摩根大通,8440,6313,846,5467,29.93,1,buy
9/01,2885,永興-台中,5603,0,1012,-1012,5.54,1,sell
9/01,2885,美商高盛,1480,1621,163,1458,7.98,2,buy
9/01,2885,華南永昌,9300,53,620,-567,3.1,2,sell
9/01,2885,新加坡商瑞銀,1650,1580,505,1075,5.89,3,buy
9/01,2885,凱基,9200,62,629,-567,3.1,3,sell
9/01,2885,國泰證券,8880,1013,31,982,5.38,4,buy
9/01,2885,香港上海匯豐,8960,25,554,-529,2.9,4,sell
9/01,2885,台灣摩根士丹利,1470,1248,693,555,3.04,5,buy
9/01,2885,凱基-台北,9268,569,1000,-431,2.36,5,sell
9/01,2885,港商野村,1560,227,11,216,1.18,6,buy
9/01,2885,統一,5850,1,351,-350,1.92,6,sell
9/01,2885,美林,1440,676,463,213,1.17,7,buy
9/01,2885,永豐金證券,0039004100300030,106,433,-327,1.79,7,sell
9/01,2885,港商麥格理,1360,173,0,173,0.95,8,buy
9/01,2885,永豐金-鳳山,0039004100360031,12,221,-209,1.14,8,sell
9/01,2885,永豐金-板新,003900410039004a,100,10,90,0.49,9,buy
9/01,2885,元大-旗山,003900380031006e,0,163,-163,0.89,9,sell
9/01,2885,花旗環球,1590,911,826,85,0.47,10,buy
9/01,2885,華南永昌-基隆,9322,0,145,-145,0.79,10,sell
9/01,2885,富邦-八德,0039003600330041,90,26,64,0.35,11,buy
9/01,2885,元大-敦南,0039003800390050,11,141,-130,0.71,11,sell
9/01,2885,永豐金-中壢,0039004100390039,70,9,61,0.33,12,buy
9/01,2885,新光,8560,10,128,-118,0.65,12,sell
9/01,2885,國票證券,7790,64,4,60,0.33,13,buy
9/01,2885,中國信託,6160,9,121,-112,0.61,13,sell
9/01,2885,合庫-新竹,0031003000320041,50,4,46,0.25,14,buy
9/01,2885,第一金-澎湖,5387,0,100,-100,0.55,14,sell
9/01,2885,統一-新營,0035003800350045,47,1,46,0.25,15,buy
9/01,2885,群益金鼎-中港,9138,0,100,-100,0.55,15,sell
9/01,2409,元大-竹科,003900380030004b,2604,1068,1536,1.43,1,buy
9/01,2409,美商高盛,1480,3136,7947,-4811,4.49,1,sell
9/01,2409,富邦-南港,0039003600320041,634,39,595,0.56,2,buy
9/01,2409,凱基-台北,9268,3655,6715,-3060,2.86,2,sell
9/01,2409,港商麥格理,1360,534,3,531,0.5,3,buy
9/01,2409,台灣摩根士丹利,1470,573,3191,-2618,2.44,3,sell
9/01,2409,統一-高雄,5851,560,40,520,0.49,4,buy
9/01,2409,新加坡商瑞銀,1650,2365,4510,-2145,2.0,4,sell
9/01,2409,富邦-仁愛,9676,575,100,475,0.44,5,buy
9/01,2409,元大證券,9800,4073,6082,-2009,1.87,5,sell
9/01,2409,元大-中山北路,0039003800300061,550,76,474,0.44,6,buy
9/01,2409,富邦證券,9600,1732,3218,-1486,1.39,6,sell
9/01,2409,富邦-台北,9623,911,443,468,0.44,7,buy
9/01,2409,港商野村,1560,109,1070,-961,0.9,7,sell
9/01,2409,元大-斗六,0039003800300043,532,66,466,0.43,8,buy
9/01,2409,元大-北港,9837,96,730,-634,0.59,8,sell
9/01,2409,永豐金-新竹,0039004100390037,688,230,458,0.43,9,buy
9/01,2409,兆豐-員林,003700300030006b,56,647,-591,0.55,9,sell
9/01,2409,台新-建北,0039004200310038,537,105,432,0.4,10,buy
9/01,2409,華南永昌-朴子,9329,38,498,-460,0.43,10,sell
9/01,2409,元大-復北,9872,537,109,428,0.4,11,buy
9/01,2409,台中銀-豐原,0036003100310041,62,448,-386,0.36,11,sell
9/01,2409,元大-大里,0039003800310067,615,212,403,0.38,12,buy
9/01,2409,群益金鼎-屏東,0039003100330048,23,331,-308,0.29,12,sell
9/01,2409,玉山-城中,0038003800340045,441,45,396,0.37,13,buy
9/01,2409,群益金鼎-西松,9136,66,352,-286,0.27,13,sell
9/01,2409,凱基-湖口,003900320030004e,590,239,351,0.33,14,buy
9/01,2409,群益金鼎-新竹,9186,21,298,-277,0.26,14,sell
9/01,2409,元大-北屯,0039003800390064,474,126,348,0.32,15,buy
9/01,2409,台新-新莊,0039004200310039,34,305,-271,0.25,15,sell
9/01,8069,港商野村,1560,2309,934,1375,16.51,1,buy
9/01,8069,美林,1440,86,1344,-1258,15.1,1,sell
9/01,8069,台灣摩根士丹利,1470,1330,230,1100,13.21,2,buy
9/01,8069,花旗環球,1590,464,1355,-891,10.7,2,sell
9/01,8069,美商高盛,1480,711,154,557,6.69,3,buy
9/01,8069,摩根大通,8440,531,698,-167,2.01,3,sell
9/01,8069,兆豐-新竹,0037003000300056,178,0,178,2.14,4,buy
9/01,8069,兆豐-松德,0037003000300069,7,148,-141,1.69,4,sell
9/01,8069,國泰證券,8880,107,1,106,1.27,5,buy
9/01,8069,凱基-彰化,0039003200300047,1,100,-99,1.19,5,sell
9/01,8069,永豐金證券,0039004100300030,134,56,78,0.94,6,buy
9/01,8069,凱基-台北,9268,360,432,-72,0.86,6,sell
9/01,8069,元大證券,9800,380,317,63,0.76,7,buy
9/01,8069,兆豐-永和,0037003000300058,0,50,-50,0.6,7,sell
9/01,8069,港商麥格理,1360,104,61,43,0.52,8,buy
9/01,8069,國票-南崁,0037003700390045,10,52,-42,0.5,8,sell
9/01,8069,新加坡商瑞銀,1650,180,142,38,0.46,9,buy
9/01,8069,富邦證券,9600,12,49,-37,0.44,9,sell
9/01,8069,群益金鼎-東門,0039003100380044,34,1,33,0.4,10,buy
9/01,8069,華南永昌-長虹,9333,0,31,-31,0.37,10,sell
9/01,8069,富邦-仁愛,9676,33,6,27,0.32,11,buy
9/01,8069,臺銀-新竹,1045,0,30,-30,0.36,11,sell
9/01,8069,凱基-中山,9229,26,0,26,0.31,12,buy
9/01,8069,玉山-新竹,0038003800340048,1,22,-21,0.25,12,sell
9/01,8069,凱基,9200,64,43,21,0.25,13,buy
9/01,8069,元大-三民,0039003800390046,0,21,-21,0.25,13,sell
9/01,8069,富邦-中壢,9636,22,7,15,0.18,14,buy
9/01,8069,台新,0039004200300030,6,27,-21,0.25,14,sell
9/01,8069,台新-建北,0039004200310038,18,5,13,0.16,15,buy
9/01,8069,新光,8560,8,28,-20,0.24,15,sell
9/01,2027,凱基-台北,9268,2231,231,2000,15.46,1,buy
9/01,2027,台灣摩根士丹利,1470,404,1595,-1191,9.21,1,sell
9/01,2027,富邦證券,9600,1258,7,1251,9.67,2,buy
9/01,2027,陽信-台南,8714,0,337,-337,2.61,2,sell
9/01,2027,美林,1440,1032,0,1032,7.98,3,buy
9/01,2027,臺銀-新竹,1045,0,333,-333,2.57,3,sell
9/01,2027,富邦-基隆,9614,669,360,309,2.39,4,buy
9/01,2027,第一金-高雄,5383,0,190,-190,1.47,4,sell
9/01,2027,國泰證券,8880,315,7,308,2.38,5,buy
9/01,2027,新光,8560,31,218,-187,1.45,5,sell
9/01,2027,花旗環球,1590,196,6,190,1.47,6,buy
9/01,2027,永豐金-松山,0039004100390031,2,171,-169,1.31,6,sell
9/01,2027,元大證券,9800,335,211,124,0.96,7,buy
9/01,2027,永豐金證券,0039004100300030,9,138,-129,1.0,7,sell
9/01,2027,法銀巴黎,8900,105,0,105,0.81,8,buy
9/01,2027,台新,0039004200300030,7,130,-123,0.95,8,sell
9/01,2027,元大-善化,0039003800310079,103,3,100,0.77,9,buy
9/01,2027,台灣企銀-岡山,1119,0,102,-102,0.79,9,sell
9/01,2027,第一金,5380,100,0,100,0.77,10,buy
9/01,2027,康和,8450,0,100,-100,0.77,10,sell
9/01,2027,群益金鼎-永和,003900310038004a,101,2,99,0.77,11,buy
9/01,2027,富邦-港都,0039003600320051,4,102,-98,0.76,11,sell
9/01,2027,永豐金-台南,0039004100390068,81,16,65,0.5,12,buy
9/01,2027,國泰-敦南,8888,63,156,-93,0.72,12,sell
9/01,2027,凱基-市政,9239,61,4,57,0.44,13,buy
9/01,2027,元大-館前,003900380034004b,16,104,-88,0.68,13,sell
9/01,2027,元大-永春,9852,51,1,50,0.39,14,buy
9/01,2027,摩根大通,8440,621,705,-84,0.65,14,sell
9/01,2027,台新-信義,0039004200320048,50,2,48,0.37,15,buy
9/01,2027,凱基-竹東,9273,0,80,-80,0.62,15,sell
9/01,1301,元大證券,9800,10105,6499,3606,5.19,1,buy
9/01,1301,美商高盛,1480,2525,3756,-1231,1.77,1,sell
9/01,1301,摩根大通,8440,4029,492,3537,5.09,2,buy
9/01,1301,宏遠證券,1260,7,1092,-1085,1.56,2,sell
9/01,1301,新加坡商瑞銀,1650,4395,1038,3357,4.83,3,buy
9/01,1301,國泰證券,8880,12,1014,-1002,1.44,3,sell
9/01,1301,台灣摩根士丹利,1470,3838,1387,2451,3.53,4,buy
9/01,1301,兆豐-嘉義,7001,24,513,-489,0.7,4,sell
9/01,1301,美林,1440,2687,483,2204,3.17,5,buy
9/01,1301,國泰-敦南,8888,702,1114,-412,0.59,5,sell
9/01,1301,元大-松江,9801,2039,64,1975,2.84,6,buy
9/01,1301,元大-員林中山,9835,126,460,-334,0.48,6,sell
9/01,1301,港商野村,1560,1980,125,1855,2.67,7,buy
9/01,1301,統一-城中,5854,416,700,-284,0.41,7,sell
9/01,1301,凱基-台北,9268,4211,2492,1719,2.47,8,buy
9/01,1301,新光,8560,540,824,-284,0.41,8,sell
9/01,1301,永豐金-匯立,0039004100380031,888,0,888,1.28,9,buy
9/01,1301,富邦-新板,0039003600310048,26,306,-280,0.4,9,sell
9/01,1301,凱基,9200,714,10,704,1.01,10,buy
9/01,1301,兆豐-公益,003700300030004a,10,287,-277,0.4,10,sell
9/01,1301,法銀巴黎,8900,563,39,524,0.75,11,buy
9/01,1301,富邦-仁愛,9676,39,301,-262,0.38,11,sell
9/01,1301,群益金鼎,9100,2607,2141,466,0.67,12,buy
9/01,1301,富邦-台南,9667,33,260,-227,0.33,12,sell
9/01,1301,群益金鼎-高盛,9105,436,40,396,0.57,13,buy
9/01,1301,凱基-台南,9211,16,238,-222,0.32,13,sell
9/01,1301,富邦證券,9600,618,244,374,0.54,14,buy
9/01,1301,康和-台南,8458,1,211,-210,0.3,14,sell
9/01,1301,康和,8450,376,24,352,0.51,15,buy
9/01,1301,國票-敦北法人,0037003700390063,19,223,-204,0.29,15,sell
9/01,1717,台灣摩根士丹利,1470,4891,1146,3745,7.11,1,buy
9/01,1717,台新,0039004200300030,261,1014,-753,1.43,1,sell
9/01,1717,摩根大通,8440,3669,1039,2630,4.99,2,buy
9/01,1717,國泰-敦南,8888,1336,1781,-445,0.84,2,sell
9/01,1717,新加坡商瑞銀,1650,3161,873,2288,4.34,3,buy
9/01,1717,高橋-龍潭,5321,32,316,-284,0.54,3,sell
9/01,1717,美商高盛,1480,2650,1287,1363,2.59,4,buy
9/01,1717,統一-高雄,5851,2,224,-222,0.42,4,sell
9/01,1717,凱基,9200,608,0,608,1.15,5,buy
9/01,1717,國泰-台南,8884,92,255,-163,0.31,5,sell
9/01,1717,美林,1440,1016,493,523,0.99,6,buy
9/01,1717,新光,8560,317,461,-144,0.27,6,sell
9/01,1717,元大證券,9800,3144,2759,385,0.73,7,buy
9/01,1717,玉山證券,8840,65,209,-144,0.27,7,sell
9/01,1717,富邦證券,9600,864,481,383,0.73,8,buy
9/01,1717,元大-博愛,0039003800320042,55,186,-131,0.25,8,sell
9/01,1717,富邦-台北,9623,310,122,188,0.36,9,buy
9/01,1717,元大-三民,0039003800390046,51,177,-126,0.24,9,sell
9/01,1717,第一金-新興,0035003300380041,203,19,184,0.35,10,buy
9/01,1717,國泰-板橋,003800380038004b,153,275,-122,0.23,10,sell
9/01,1717,德信-中正,6912,172,4,168,0.32,11,buy
9/01,1717,元大-土城,9897,24,125,-101,0.19,11,sell
9/01,1717,國票證券,7790,292,125,167,0.32,12,buy
9/01,1717,華南永昌-忠孝,9325,687,788,-101,0.19,12,sell
9/01,1717,華南永昌-中正,9359,156,21,135,0.26,13,buy
9/01,1717,元大-路竹,0039003800310043,75,176,-101,0.19,13,sell
9/01,1717,中國信託,6160,278,158,120,0.23,14,buy
9/01,1717,台新-敦南,0039004200320051,9,101,-92,0.17,14,sell
9/01,1717,統一,5850,174,62,112,0.21,15,buy
9/01,1717,富邦-建國,9658,112,202,-90,0.17,15,sell
9/01,2884,富邦證券,9600,3574,48,3526,9.03,1,buy
9/01,2884,美林,1440,551,3687,-3136,8.03,1,sell
9/01,2884,港商麥格理,1360,3367,0,3367,8.62,2,buy
9/01,2884,凱基-台北,9268,1243,3592,-2349,6.01,2,sell
9/01,2884,台新-建北,0039004200310038,1104,14,1090,2.79,3,buy
9/01,2884,美商高盛,1480,2458,4649,-2191,5.61,3,sell
9/01,2884,永豐金證券,0039004100300030,1064,114,950,2.43,4,buy
9/01,2884,摩根大通,8440,5217,7010,-1793,4.59,4,sell
9/01,2884,國泰證券,8880,899,27,872,2.23,5,buy
9/01,2884,元大證券,9800,2238,3787,-1549,3.97,5,sell
9/01,2884,合庫-高雄,1023,803,1,802,2.05,6,buy
9/01,2884,法銀巴黎,8900,291,1439,-1148,2.94,6,sell
9/01,2884,新加坡商瑞銀,1650,1913,1160,753,1.93,7,buy
9/01,2884,台灣摩根士丹利,1470,733,1789,-1056,2.7,7,sell
9/01,2884,統一,5850,577,25,552,1.41,8,buy
9/01,2884,花旗環球,1590,210,906,-696,1.78,8,sell
9/01,2884,康和,8450,473,8,465,1.19,9,buy
9/01,2884,統一-士林,003500380035004d,132,432,-300,0.77,9,sell
9/01,2884,凱基-豐中,9223,433,1,432,1.11,10,buy
9/01,2884,永豐金-匯立,0039004100380031,0,254,-254,0.65,10,sell
9/01,2884,凱基-中壢,9285,361,5,356,0.91,11,buy
9/01,2884,臺銀-新竹,1045,0,158,-158,0.4,11,sell
9/01,2884,台新-台南,0039004200310036,255,15,240,0.61,12,buy
9/01,2884,台灣企銀-岡山,1119,130,271,-141,0.36,12,sell
9/01,2884,玉山-信義,0038003800340043,260,25,235,0.6,13,buy
9/01,2884,凱基-板橋,0039003200300041,5,144,-139,0.36,13,sell
9/01,2884,第一金-忠孝,0035003300380044,201,1,200,0.51,14,buy
9/01,2884,凱基,9200,317,447,-130,0.33,14,sell
9/01,2884,玉山-嘉義,8848,256,91,165,0.42,15,buy
9/01,2884,群益金鼎-桃園,9189,0,105,-105,0.27,15,sell
9/01,1303,港商麥格理,1360,3345,65,3280,2.53,1,buy
9/01,1303,富邦證券,9600,1418,8659,-7241,5.59,1,sell
9/01,1303,國泰-敦南,8888,4743,3234,1509,1.17,2,buy
9/01,1303,台新-台北,0039004200320030,443,6639,-6196,4.79,2,sell
9/01,1303,美林,1440,1725,687,1038,0.8,3,buy
9/01,1303,凱基-台北,9268,7451,12243,-4792,3.7,3,sell
9/01,1303,法銀巴黎,8900,647,12,635,0.49,4,buy
9/01,1303,台灣摩根士丹利,1470,3061,7662,-4601,3.55,4,sell
9/01,1303,元大-北投,0039003800390041,656,79,577,0.45,5,buy
9/01,1303,美商高盛,1480,6603,10270,-3667,2.83,5,sell
9/01,1303,大和國泰,8890,482,0,482,0.37,6,buy
9/01,1303,元大證券,9800,14054,16164,-2110,1.63,6,sell
9/01,1303,永豐金證券,0039004100300030,1063,601,462,0.36,7,buy
9/01,1303,統一,5850,400,1850,-1450,1.12,7,sell
9/01,1303,國票-天祥,0037003700390056,430,8,422,0.33,8,buy
9/01,1303,凱基-城中,9227,48,1302,-1254,0.97,8,sell
9/01,1303,台新,0039004200300030,891,488,403,0.31,9,buy
9/01,1303,凱基-信義,9216,196,1110,-914,0.71,9,sell
9/01,1303,統一-南京,0035003800350055,382,38,344,0.27,10,buy
9/01,1303,國票-安和,003700370039005a,112,919,-807,0.62,10,sell
9/01,1303,中國信託,6160,775,437,338,0.26,11,buy
9/01,1303,新加坡商瑞銀,1650,4397,5179,-782,0.6,11,sell
9/01,1303,元大-復北,9872,675,377,298,0.23,12,buy
9/01,1303,國票-敦北法人,0037003700390063,663,1370,-707,0.55,12,sell
9/01,1303,國泰-板橋,003800380038004b,729,437,292,0.23,13,buy
9/01,1303,富邦-南屯,9666,78,627,-549,0.42,13,sell
9/01,1303,新光,8560,831,546,285,0.22,14,buy
9/01,1303,群益金鼎-館前,0039003100330059,89,615,-526,0.41,14,sell
9/01,1303,元大-松江,9801,312,53,259,0.2,15,buy
9/01,1303,統一-城中,5854,701,951,-250,0.19,15,sell
9/01,5880,新加坡商瑞銀,1650,2573,997,1576,10.41,1,buy
9/01,5880,永豐金證券,0039004100300030,32,3145,-3113,20.56,1,sell
9/01,5880,富邦證券,9600,805,0,805,5.32,2,buy
9/01,5880,美商高盛,1480,383,949,-566,3.74,2,sell
9/01,5880,元大證券,9800,994,420,574,3.79,3,buy
9/01,5880,美林,1440,619,1002,-383,2.53,3,sell
9/01,5880,永豐金-高雄,0039004100390065,405,2,403,2.66,4,buy
9/01,5880,台灣摩根士丹利,1470,710,977,-267,1.76,4,sell
9/01,5880,摩根大通,8440,1718,1406,312,2.06,5,buy
9/01,5880,元大-四維,9831,9,250,-241,1.59,5,sell
9/01,5880,花旗環球,1590,236,26,210,1.39,6,buy
9/01,5880,華南永昌-斗六,9327,14,201,-187,1.24,6,sell
9/01,5880,元大-旗山,003900380031006e,172,4,168,1.11,7,buy
9/01,5880,群益金鼎-瑞豐,0039003100380075,0,150,-150,0.99,7,sell
9/01,5880,永豐金-新竹,0039004100390037,115,0,115,0.76,8,buy
9/01,5880,亞東-新竹,2184,10,138,-128,0.85,8,sell
9/01,5880,法銀巴黎,8900,198,97,101,0.67,9,buy
9/01,5880,富邦-桃園,9665,2,106,-104,0.69,9,sell
9/01,5880,合庫-彰化,1028,99,4,95,0.63,10,buy
9/01,5880,群益金鼎-新莊,0039003100380047,0,101,-101,0.67,10,sell
9/01,5880,玉山-景美,8849,92,2,90,0.59,11,buy
9/01,5880,華南永昌,9300,6,104,-98,0.65,11,sell
9/01,5880,聯邦-雙和,8584,85,0,85,0.56,12,buy
9/01,5880,群益金鼎-潭子,0039003100330044,5,102,-97,0.64,12,sell
9/01,5880,元大-民雄,0039003800310056,85,0,85,0.56,13,buy
9/01,5880,中國信託,6160,29,107,-78,0.52,13,sell
9/01,5880,光和-嘉義,0036003300380041,75,0,75,0.5,14,buy
9/01,5880,華南永昌-基隆,9322,4,80,-76,0.5,14,sell
9/01,5880,港商野村,1560,441,371,70,0.46,15,buy
9/01,5880,台新,0039004200300030,31,101,-70,0.46,15,sell
9/01,6005,凱基,9200,1324,0,1324,14.4,1,buy
9/01,6005,永豐金證券,0039004100300030,7,1707,-1700,18.49,1,sell
9/01,6005,台灣摩根士丹利,1470,924,172,752,8.18,2,buy
9/01,6005,永豐金-市政,0039004100390057,157,603,-446,4.85,2,sell
9/01,6005,摩根大通,8440,890,223,667,7.26,3,buy
9/01,6005,台新-永和,0039004200320042,1,190,-189,2.06,3,sell
9/01,6005,凱基-台北,9268,1075,441,634,6.9,4,buy
9/01,6005,台新-五權西,0039004200320035,0,126,-126,1.37,4,sell
9/01,6005,美商高盛,1480,862,342,520,5.66,5,buy
9/01,6005,永豐金-中正,0039004100390055,0,115,-115,1.25,5,sell
9/01,6005,美林,1440,322,138,184,2.0,6,buy
9/01,6005,群益金鼎-中壢,0039003100380041,0,105,-105,1.14,6,sell
9/01,6005,港商野村,1560,208,36,172,1.87,7,buy
9/01,6005,凱基-城中,9227,1,104,-103,1.12,7,sell
9/01,6005,台新-林園,0039004200320037,152,1,151,1.64,8,buy
9/01,6005,富邦-建國,9658,1,99,-98,1.07,8,sell
9/01,6005,法銀巴黎,8900,111,0,111,1.21,9,buy
9/01,6005,富邦-中壢,9636,1,98,-97,1.06,9,sell
9/01,6005,新加坡商瑞銀,1650,292,192,100,1.09,10,buy
9/01,6005,元大-新竹經國,9859,0,95,-95,1.03,10,sell
9/01,6005,宏遠-桃園,1262,80,0,80,0.87,11,buy
9/01,6005,玉山-桃園,0038003800340046,5,99,-94,1.02,11,sell
9/01,6005,元大-士林,003900380031006a,110,32,78,0.85,12,buy
9/01,6005,元大-板橋,0039003800390043,8,102,-94,1.02,12,sell
9/01,6005,(牛牛牛)亞-鑫豐,0036003000310064,132,56,76,0.83,13,buy
9/01,6005,富邦-板橋,9655,7,91,-84,0.91,13,sell
9/01,6005,元大-蘆洲,9857,61,1,60,0.65,14,buy
9/01,6005,新光,8560,51,133,-82,0.89,14,sell
9/01,6005,元大證券,9800,199,141,58,0.63,15,buy
9/01,6005,元大-新莊,9898,0,79,-79,0.86,15,sell
9/01,5388,土銀,1030,85,0,85,3.73,1,buy
9/01,5388,美商高盛,1480,9,284,-275,12.08,1,sell
9/01,5388,玉山-左營,0038003800340044,52,0,52,2.28,2,buy
9/01,5388,摩根大通,8440,7,221,-214,9.4,2,sell
9/01,5388,法銀巴黎,8900,51,0,51,2.24,3,buy
9/01,5388,元大證券,9800,24,172,-148,6.5,3,sell
9/01,5388,凱基-雙和,0039003200300043,44,2,42,1.85,4,buy
9/01,5388,台灣摩根士丹利,1470,17,126,-109,4.79,4,sell
9/01,5388,元大-內湖,003900380039004e,42,1,41,1.8,5,buy
9/01,5388,凱基,9200,10,100,-90,3.95,5,sell
9/01,5388,安泰,8380,40,0,40,1.76,6,buy
9/01,5388,凱基-台北,9268,117,203,-86,3.78,6,sell
9/01,5388,台新-三民,0039004200310033,37,1,36,1.58,7,buy
9/01,5388,新加坡商瑞銀,1650,32,110,-78,3.43,7,sell
9/01,5388,元大-內湖民權,9867,36,1,35,1.54,8,buy
9/01,5388,玉山-新莊,8842,1,60,-59,2.59,8,sell
9/01,5388,國泰-敦南,8888,45,12,33,1.45,9,buy
9/01,5388,香港上海匯豐,8960,0,50,-50,2.2,9,sell
9/01,5388,美林,1440,40,10,30,1.32,10,buy
9/01,5388,元大-豐原站前,0039003800390057,0,50,-50,2.2,10,sell
9/01,5388,華南永昌-板橋,9349,30,1,29,1.27,11,buy
9/01,5388,元大-嘉義,0039003800390067,0,47,-47,2.07,11,sell
9/01,5388,凱基-八德,003900320031004d,26,1,25,1.1,12,buy
9/01,5388,合庫-自強,0031003000320043,4,40,-36,1.58,12,sell
9/01,5388,永豐金-新莊,0039004100390048,24,1,23,1.01,13,buy
9/01,5388,台新-中港,0039004200320069,0,30,-30,1.32,13,sell
9/01,5388,台中銀-豐原,0036003100310041,23,0,23,1.01,14,buy
9/01,5388,港商野村,1560,0,29,-29,1.27,14,sell
9/01,5388,群益金鼎-延平,0039003100380078,22,0,22,0.97,15,buy
9/01,5388,花旗環球,1590,1,20,-19,0.83,15,sell
9/01,2332,凱基-台北,9268,587,223,364,4.68,1,buy
9/01,2332,美商高盛,1480,81,850,-769,9.89,1,sell
9/01,2332,元大-永和,9891,202,0,202,2.6,2,buy
9/01,2332,台灣摩根士丹利,1470,182,418,-236,3.03,2,sell
9/01,2332,元大-館前,003900380034004b,121,2,119,1.53,3,buy
9/01,2332,凱基-中壢,9285,24,237,-213,2.74,3,sell
9/01,2332,新加坡商瑞銀,1650,96,7,89,1.14,4,buy
9/01,2332,元大-虎尾,003900380030006c,10,200,-190,2.44,4,sell
9/01,2332,美林,1440,123,37,86,1.11,5,buy
9/01,2332,摩根大通,8440,120,217,-97,1.25,5,sell
9/01,2332,第一金-中壢,0035003300380059,88,2,86,1.11,6,buy
9/01,2332,新光-台中,8561,11,103,-92,1.18,6,sell
9/01,2332,群益金鼎-鳳山,0039003100380063,81,2,79,1.02,7,buy
9/01,2332,華南永昌-高雄,9303,1,71,-70,0.9,7,sell
9/01,2332,第一金-忠孝,0035003300380044,72,0,72,0.93,8,buy
9/01,2332,統一-桃園,0035003800350048,1,65,-64,0.82,8,sell
9/01,2332,國票-南科,0037003700390065,80,8,72,0.93,9,buy
9/01,2332,永豐金-敦南,0039004100380046,150,211,-61,0.78,9,sell
9/01,2332,富邦-新竹,9647,66,5,61,0.78,10,buy
9/01,2332,康和-板橋,0038003400350044,0,60,-60,0.77,10,sell
9/01,2332,中國信託-忠孝,6162,61,2,59,0.76,11,buy
9/01,2332,國泰-台中,8882,19,78,-59,0.76,11,sell
9/01,2332,富邦-二林,0039003600320042,57,0,57,0.73,12,buy
9/01,2332,群益金鼎-古亭,0039003100380043,0,55,-55,0.71,12,sell
9/01,2332,凱基-桃園,9208,59,3,56,0.72,13,buy
9/01,2332,合庫-自強,0031003000320043,1,53,-52,0.67,13,sell
9/01,2332,富邦-樹林,0039003600320045,60,4,56,0.72,14,buy
9/01,2332,兆豐-永和,0037003000300058,0,51,-51,0.66,14,sell
9/01,2332,富邦-陽明,9604,62,10,52,0.67,15,buy
9/01,2332,國票-和平,003700370039006a,0,50,-50,0.64,15,sell
9/01,3702,花旗環球,1590,373,5,368,3.48,1,buy
9/01,3702,富邦證券,9600,89,1572,-1483,14.03,1,sell
9/01,3702,新加坡商瑞銀,1650,917,634,283,2.68,2,buy
9/01,3702,香港上海匯豐,8960,0,1202,-1202,11.37,2,sell
9/01,3702,統一,5850,260,1,259,2.45,3,buy
9/01,3702,台新-台北,0039004200320030,1,700,-699,6.61,3,sell
9/01,3702,元大-北三重,0039003800390056,233,4,229,2.17,4,buy
9/01,3702,永豐金證券,0039004100300030,122,501,-379,3.59,4,sell
9/01,3702,凱基-台北,9268,559,333,226,2.14,5,buy
9/01,3702,元大證券,9800,443,694,-251,2.37,5,sell
9/01,3702,第一金-台南,5384,211,1,210,1.99,6,buy
9/01,3702,台新,0039004200300030,213,330,-117,1.11,6,sell
9/01,3702,美林,1440,283,119,164,1.55,7,buy
9/01,3702,凱基-城中,9227,0,101,-101,0.96,7,sell
9/01,3702,台新-佳里,0039004200320077,122,0,122,1.15,8,buy
9/01,3702,富邦-敦南,9663,7,100,-93,0.88,8,sell
9/01,3702,美商高盛,1480,1113,1002,111,1.05,9,buy
9/01,3702,港商麥格理,1360,0,92,-92,0.87,9,sell
9/01,3702,兆豐-復興,0037003000300070,110,0,110,1.04,10,buy
9/01,3702,康和-屏東,0038003400350058,0,66,-66,0.62,10,sell
9/01,3702,港商野村,1560,232,126,106,1.0,11,buy
9/01,3702,凱基-站前,0039003200300046,3,64,-61,0.58,11,sell
9/01,3702,華南永昌,9300,157,65,92,0.87,12,buy
9/01,3702,台灣摩根士丹利,1470,434,463,-29,0.27,12,sell
9/01,3702,摩根大通,8440,422,337,85,0.8,13,buy
9/01,3702,台新-三重,0039004200320033,10,32,-22,0.21,13,sell
9/01,3702,國票-中和,0037003700390058,74,0,74,0.7,14,buy
9/01,3702,凱基,9200,103,119,-16,0.15,14,sell
9/01,3702,群益金鼎-開元,9134,62,1,61,0.58,15,buy
9/01,3702,台新-世貿,0039004200320075,1,16,-15,0.14,15,sell
9/01,5483,元大證券,9800,2167,704,1463,9.04,1,buy
9/01,5483,台灣摩根士丹利,1470,876,1454,-578,3.57,1,sell
9/01,5483,新加坡商瑞銀,1650,1711,412,1299,8.02,2,buy
9/01,5483,凱基,9200,19,176,-157,0.97,2,sell
9/01,5483,美商高盛,1480,1269,257,1012,6.25,3,buy
9/01,5483,新光,8560,125,261,-136,0.84,3,sell
9/01,5483,凱基-台北,9268,1379,711,668,4.13,4,buy
9/01,5483,國泰-敦南,8888,282,414,-132,0.82,4,sell
9/01,5483,美林,1440,349,41,308,1.9,5,buy
9/01,5483,兆豐-大同,0037003000300053,1,125,-124,0.77,5,sell
9/01,5483,港商麥格理,1360,179,0,179,1.11,6,buy
9/01,5483,國票-敦北法人,0037003700390063,4,102,-98,0.61,6,sell
9/01,5483,港商野村,1560,165,22,143,0.88,7,buy
9/01,5483,富邦-台南,9667,14,111,-97,0.6,7,sell
9/01,5483,合庫-西台中,0031003000320046,105,7,98,0.61,8,buy
9/01,5483,兆豐證券,7000,12,102,-90,0.56,8,sell
9/01,5483,群益金鼎,9100,144,66,78,0.48,9,buy
9/01,5483,台新-城中,0039004200320045,3,63,-60,0.37,9,sell
9/01,5483,國票-九鼎,0037003700390050,79,39,40,0.25,10,buy
9/01,5483,統一-城中,5854,9,68,-59,0.36,10,sell
9/01,5483,群益金鼎-館前,0039003100330059,36,1,35,0.22,11,buy
9/01,5483,群益金鼎-大甲,0039003100380067,6,61,-55,0.34,11,sell
9/01,5483,統一,5850,56,26,30,0.19,12,buy
9/01,5483,永豐金-忠孝,0039004100390044,4,56,-52,0.32,12,sell
9/01,5483,台新-松德,0039004200320061,49,20,29,0.18,13,buy
9/01,5483,元大-鳳中,0039003800350043,12,61,-49,0.3,13,sell
9/01,5483,兆豐-松德,0037003000300069,39,11,28,0.17,14,buy
9/01,5483,花旗環球,1590,18,66,-48,0.3,14,sell
9/01,5483,聯邦-雙和,8584,31,3,28,0.17,15,buy
9/01,5483,永豐金-敦北,0039004100380039,7,55,-48,0.3,15,sell
9/01,9904,凱基-台北,9268,1050,69,981,14.04,1,buy
9/01,9904,美商高盛,1480,248,1091,-843,12.07,1,sell
9/01,9904,新加坡商瑞銀,1650,661,365,296,4.24,2,buy
9/01,9904,花旗環球,1590,45,434,-389,5.57,2,sell
9/01,9904,香港上海匯豐,8960,252,0,252,3.61,3,buy
9/01,9904,台灣摩根士丹利,1470,259,492,-233,3.34,3,sell
9/01,9904,台新,0039004200300030,310,66,244,3.49,4,buy
9/01,9904,中國信託-高雄,003600310036004b,0,207,-207,2.96,4,sell
9/01,9904,富邦-公益,0039003600310046,202,18,184,2.63,5,buy
9/01,9904,港商野村,1560,0,120,-120,1.72,5,sell
9/01,9904,美林,1440,203,41,162,2.32,6,buy
9/01,9904,永豐金-彰化,0039004100390073,0,111,-111,1.59,6,sell
9/01,9904,土銀-台中,1031,121,0,121,1.73,7,buy
9/01,9904,富邦-中壢,9636,4,105,-101,1.45,7,sell
9/01,9904,元大-大雅,0039003800330069,80,2,78,1.12,8,buy
9/01,9904,合庫證券,1020,0,100,-100,1.43,8,sell
9/01,9904,華南永昌,9300,134,62,72,1.03,9,buy
9/01,9904,中國信託-嘉義,6168,2,97,-95,1.36,9,sell
9/01,9904,元大-花蓮,9856,52,0,52,0.74,10,buy
9/01,9904,凱基-斗六,9281,0,95,-95,1.36,10,sell
9/01,9904,統一-桃園,0035003800350048,50,0,50,0.72,11,buy
9/01,9904,元大-小港,003900380039005a,50,144,-94,1.35,11,sell
9/01,9904,台新-潮州,0039004200320043,50,0,50,0.72,12,buy
9/01,9904,元大-文心,9868,1,80,-79,1.13,12,sell
9/01,9904,統一,5850,53,5,48,0.69,13,buy
9/01,9904,群益金鼎-東門,0039003100380044,0,72,-72,1.03,13,sell
9/01,9904,元大-大里,0039003800310067,48,0,48,0.69,14,buy
9/01,9904,永豐金-松山,0039004100390031,4,72,-68,0.97,14,sell
9/01,9904,兆豐-三民,0037003000300068,42,0,42,0.6,15,buy
9/01,9904,兆豐-南京,0037003000300050,0,56,-56,0.8,15,sell
9/01,4958,摩根大通,8440,3677,767,2910,4.06,1,buy
9/01,4958,國泰-敦南,8888,1351,2061,-710,0.99,1,sell
9/01,4958,元大證券,9800,8991,6280,2711,3.78,2,buy
9/01,4958,元大-土城學府,9822,36,460,-424,0.59,2,sell
9/01,4958,美商高盛,1480,3784,1180,2604,3.63,3,buy
9/01,4958,凱基-台北,9268,4260,4621,-361,0.5,3,sell
9/01,4958,統一,5850,1397,243,1154,1.61,4,buy
9/01,4958,元大-大同,0039003800390047,37,325,-288,0.4,4,sell
9/01,4958,台灣摩根士丹利,1470,4829,3693,1136,1.58,5,buy
9/01,4958,新光,8560,363,593,-230,0.32,5,sell
9/01,4958,台新,0039004200300030,1923,791,1132,1.58,6,buy
9/01,4958,永豐金證券,0039004100300030,641,845,-204,0.28,6,sell
9/01,4958,凱基,9200,1077,243,834,1.16,7,buy
9/01,4958,國泰-板橋,003800380038004b,172,355,-183,0.26,7,sell
9/01,4958,新加坡商瑞銀,1650,1851,1042,809,1.13,8,buy
9/01,4958,國泰-台中,8882,275,441,-166,0.23,8,sell
9/01,4958,華南永昌,9300,916,123,793,1.11,9,buy
9/01,4958,港商野村,1560,225,374,-149,0.21,9,sell
9/01,4958,國泰證券,8880,835,83,752,1.05,10,buy
9/01,4958,富邦-仁愛,9676,108,245,-137,0.19,10,sell
9/01,4958,富邦證券,9600,1001,272,729,1.02,11,buy
9/01,4958,元大-中壢,9834,121,241,-120,0.17,11,sell
9/01,4958,美林,1440,1244,637,607,0.85,12,buy
9/01,4958,玉山-城中,0038003800340045,22,139,-117,0.16,12,sell
9/01,4958,凱基-信義,9216,2468,1925,543,0.76,13,buy
9/01,4958,元大-新莊,9898,63,172,-109,0.15,13,sell
9/01,4958,國票-安和,003700370039005a,667,144,523,0.73,14,buy
9/01,4958,國泰-桃園,8885,228,337,-109,0.15,14,sell
9/01,4958,康和,8450,523,38,485,0.68,15,buy
9/01,4958,富邦-新竹,9647,85,194,-109,0.15,15,sell
9/01,1409,元大-永春,9852,648,161,487,0.74,1,buy
9/01,1409,凱基-台北,9268,2283,6974,-4691,7.16,1,sell
9/01,1409,玉山-新莊,8842,448,34,414,0.63,2,buy
9/01,1409,台灣摩根士丹利,1470,1993,4571,-2578,3.94,2,sell
9/01,1409,國泰-敦南,8888,1098,769,329,0.5,3,buy
9/01,1409,美商高盛,1480,1654,3671,-2017,3.08,3,sell
9/01,1409,統一-南京,0035003800350055,419,101,318,0.49,4,buy
9/01,1409,港商野村,1560,96,1290,-1194,1.82,4,sell
9/01,1409,兆豐-台中,7003,349,33,316,0.48,5,buy
9/01,1409,台新-新竹,0039004200320047,31,786,-755,1.15,5,sell
9/01,1409,元大-雙和,9874,361,49,312,0.48,6,buy
9/01,1409,美林,1440,161,840,-679,1.04,6,sell
9/01,1409,國泰證券,8880,327,73,254,0.39,7,buy
9/01,1409,新光-高雄,8562,87,683,-596,0.91,7,sell
9/01,1409,永豐金-市政,0039004100390057,331,80,251,0.38,8,buy
9/01,1409,摩根大通,8440,625,1190,-565,0.86,8,sell
9/01,1409,國泰-松江,8883,250,33,217,0.33,9,buy
9/01,1409,新加坡商瑞銀,1650,2095,2402,-307,0.47,9,sell
9/01,1409,永豐金證券,0039004100300030,450,241,209,0.32,10,buy
9/01,1409,臺銀,1040,78,376,-298,0.46,10,sell
9/01,1409,富邦-宜蘭,9686,235,41,194,0.3,11,buy
9/01,1409,台新,0039004200300030,232,499,-267,0.41,11,sell
9/01,1409,凱基,9200,193,3,190,0.29,12,buy
9/01,1409,富邦-羅東,9634,42,307,-265,0.4,12,sell
9/01,1409,富邦-南京,0039003600310043,1027,841,186,0.28,13,buy
9/01,1409,中國信託-三重,6161,11,253,-242,0.37,13,sell
9/01,1409,元大-博愛,0039003800320042,257,76,181,0.28,14,buy
9/01,1409,統一-三重,003500380035004a,59,274,-215,0.33,14,sell
9/01,1409,群益金鼎-士林,9137,215,36,179,0.27,15,buy
9/01,1409,元大-復北,9872,58,264,-206,0.31,15,sell
9/01,6239,美商高盛,1480,2683,377,2306,15.11,1,buy
9/01,6239,美林,1440,64,730,-666,4.36,1,sell
9/01,6239,新加坡商瑞銀,1650,1282,279,1003,6.57,2,buy
9/01,6239,富邦證券,9600,62,286,-224,1.47,2,sell
9/01,6239,台灣摩根士丹利,1470,907,146,761,4.99,3,buy
9/01,6239,國泰-敦南,8888,180,347,-167,1.09,3,sell
9/01,6239,元大證券,9800,1351,782,569,3.73,4,buy
9/01,6239,凱基,9200,212,369,-157,1.03,4,sell
9/01,6239,群益金鼎,9100,390,162,228,1.49,5,buy
9/01,6239,華南永昌-台中,9302,27,86,-59,0.39,5,sell
9/01,6239,摩根大通,8440,625,464,161,1.05,6,buy
9/01,6239,新光,8560,61,119,-58,0.38,6,sell
9/01,6239,花旗環球,1590,155,6,149,0.98,7,buy
9/01,6239,國票-桃園,0037003700390072,1,58,-57,0.37,7,sell
9/01,6239,群益金鼎-永和,003900310038004a,141,8,133,0.87,8,buy
9/01,6239,統一-城中,5854,8,64,-56,0.37,8,sell
9/01,6239,凱基-台北,9268,647,523,124,0.81,9,buy
9/01,6239,凱基-中壢,9285,5,56,-51,0.33,9,sell
9/01,6239,兆豐-天母,003700300030004c,123,2,121,0.79,10,buy
9/01,6239,致和-崇德,0037003000330042,2,52,-50,0.33,10,sell
9/01,6239,永豐金證券,0039004100300030,176,67,109,0.71,11,buy
9/01,6239,永豐金-亞灣,0039004100390061,9,57,-48,0.31,11,sell
9/01,6239,合庫-三重,0031003000320047,102,4,98,0.64,12,buy
9/01,6239,元大-大天母,9893,19,63,-44,0.29,12,sell
9/01,6239,群益金鼎-新竹,9186,94,11,83,0.54,13,buy
9/01,6239,富邦-南京,0039003600310043,25,66,-41,0.27,13,sell
9/01,6239,台新,0039004200300030,158,87,71,0.47,14,buy
9/01,6239,元大-中崙,9813,16,57,-41,0.27,14,sell
9/01,6239,國票證券,7790,55,8,47,0.31,15,buy
9/01,6239,永豐金-桃園,0039004100390078,26,67,-41,0.27,15,sell
9/01,2449,富邦證券,9600,3555,87,3468,6.5,1,buy
9/01,2449,國泰-板橋,003800380038004b,132,661,-529,0.99,1,sell
9/01,2449,元大證券,9800,7379,4405,2974,5.58,2,buy
9/01,2449,國泰-敦南,8888,1012,1518,-506,0.95,2,sell
9/01,2449,統一,5850,2189,126,2063,3.87,3,buy
9/01,2449,凱基-台北,9268,2321,2759,-438,0.82,3,sell
9/01,2449,新加坡商瑞銀,1650,2046,632,1414,2.65,4,buy
9/01,2449,合庫-西台中,0031003000320046,74,323,-249,0.47,4,sell
9/01,2449,台灣摩根士丹利,1470,2285,1134,1151,2.16,5,buy
9/01,2449,宏遠證券,1260,9,214,-205,0.38,5,sell
9/01,2449,國票-敦北法人,0037003700390063,1060,15,1045,1.96,6,buy
9/01,2449,美商高盛,1480,2170,2345,-175,0.33,6,sell
9/01,2449,永豐金證券,0039004100300030,1408,637,771,1.45,7,buy
9/01,2449,永豐金-市政,0039004100390057,61,230,-169,0.32,7,sell
9/01,2449,港商野村,1560,766,225,541,1.01,8,buy
9/01,2449,國泰-桃園,8885,113,266,-153,0.29,8,sell
9/01,2449,兆豐證券,7000,581,195,386,0.72,9,buy
9/01,2449,合庫-高雄,1023,20,144,-124,0.23,9,sell
9/01,2449,美林,1440,749,368,381,0.71,10,buy
9/01,2449,統一-新竹,5857,18,137,-119,0.22,10,sell
9/01,2449,統一-南京,0035003800350055,532,262,270,0.51,11,buy
9/01,2449,元大-忠孝鼎富,0039003800320046,4,121,-117,0.22,11,sell
9/01,2449,凱基-站前,0039003200300046,326,89,237,0.44,12,buy
9/01,2449,元大-成功,003900380039004c,34,148,-114,0.21,12,sell
9/01,2449,元大-斗六,0039003800300043,260,49,211,0.4,13,buy
9/01,2449,國泰-台南,8884,82,191,-109,0.2,13,sell
9/01,2449,花旗環球,1590,321,131,190,0.36,14,buy
9/01,2449,富邦-新竹,9647,63,169,-106,0.2,14,sell
9/01,2449,群益金鼎,9100,476,291,185,0.35,15,buy
9/01,2449,元大-大甲,0039003800390055,166,263,-97,0.18,15,sell
9/01,6919,國泰-敦南,8888,561,203,358,1.92,1,buy
9/01,6919,台灣摩根士丹利,1470,53,3329,-3276,17.56,1,sell
9/01,6919,群益金鼎-民權,9131,321,46,275,1.47,2,buy
9/01,6919,摩根大通,8440,216,2382,-2166,11.61,2,sell
9/01,6919,元大-北屯,0039003800390064,239,3,236,1.26,3,buy
9/01,6919,凱基-台北,9268,677,1846,-1169,6.27,3,sell
9/01,6919,中國信託,6160,194,13,181,0.97,4,buy
9/01,6919,美商高盛,1480,230,1208,-978,5.24,4,sell
9/01,6919,新光,8560,211,71,140,0.75,5,buy
9/01,6919,元大證券,9800,1590,2188,-598,3.21,5,sell
9/01,6919,玉山-雙和,8841,137,1,136,0.73,6,buy
9/01,6919,新加坡商瑞銀,1650,231,753,-522,2.8,6,sell
9/01,6919,大昌-桃園,6465,132,1,131,0.7,7,buy
9/01,6919,宏遠證券,1260,0,200,-200,1.07,7,sell
9/01,6919,永豐金-南京,0039004100390053,128,0,128,0.69,8,buy
9/01,6919,富邦證券,9600,8,184,-176,0.94,8,sell
9/01,6919,國票-南京,003700370039006e,132,9,123,0.66,9,buy
9/01,6919,法銀巴黎,8900,21,184,-163,0.87,9,sell
9/01,6919,永豐金-新竹,0039004100390037,98,4,94,0.5,10,buy
9/01,6919,第一金,5380,5,155,-150,0.8,10,sell
9/01,6919,國票-嘉義,0037003700390048,93,0,93,0.5,11,buy
9/01,6919,凱基-基隆,0039003200300048,13,131,-118,0.63,11,sell
9/01,6919,花旗環球,1590,191,102,89,0.48,12,buy
9/01,6919,統一-三重,003500380035004a,19,130,-111,0.59,12,sell
9/01,6919,第一金-員林,5381,87,3,84,0.45,13,buy
9/01,6919,華南永昌-鶯歌,9319,10,102,-92,0.49,13,sell
9/01,6919,元大-永和,9891,81,0,81,0.43,14,buy
9/01,6919,合庫證券,1020,34,117,-83,0.44,14,sell
9/01,6919,玉山-台中,0038003800340042,94,16,78,0.42,15,buy
9/01,6919,凱基-站前,0039003200300046,26,104,-78,0.42,15,sell
9/01,2633,富邦證券,9600,573,0,573,18.91,1,buy
9/01,2633,永豐金-竹北,0039004100390050,1,200,-199,6.57,1,sell
9/01,2633,美林,1440,499,0,499,16.47,2,buy
9/01,2633,摩根大通,8440,228,378,-150,4.95,2,sell
9/01,2633,永豐金證券,0039004100300030,233,34,199,6.57,3,buy
9/01,2633,凱基-台北,9268,231,377,-146,4.82,3,sell
9/01,2633,國泰證券,8880,149,2,147,4.85,4,buy
9/01,2633,元大-中壢,9834,0,121,-121,3.99,4,sell
9/01,2633,港商野村,1560,84,0,84,2.77,5,buy
9/01,2633,新加坡商瑞銀,1650,90,177,-87,2.87,5,sell
9/01,2633,港商麥格理,1360,61,0,61,2.01,6,buy
9/01,2633,元大-草屯,0039003800390045,0,50,-50,1.65,6,sell
9/01,2633,凱基,9200,19,0,19,0.63,7,buy
9/01,2633,國泰-板橋,003800380038004b,2,49,-47,1.55,7,sell
9/01,2633,永豐金-南京,0039004100390053,11,0,11,0.36,8,buy
9/01,2633,兆豐-麻豆,0037003000300047,0,35,-35,1.16,8,sell
9/01,2633,新光-桃園,8565,10,0,10,0.33,9,buy
9/01,2633,凱基-高美館,9215,0,30,-30,0.99,9,sell
9/01,2633,元大-永春,9852,11,1,10,0.33,10,buy
9/01,2633,元大-桃興,9894,0,30,-30,0.99,10,sell
9/01,2633,永豐金-敦北,0039004100380039,6,0,6,0.2,11,buy
9/01,2633,富邦-中壢,9636,0,28,-28,0.92,11,sell
9/01,2633,富邦-港都,0039003600320051,5,0,5,0.17,12,buy
9/01,2633,元大-信義安和,0039003800300052,2,28,-26,0.86,12,sell
9/01,2633,元大-東港,0039003800390066,5,0,5,0.17,13,buy
9/01,2633,國泰-敦南,8888,6,32,-26,0.86,13,sell
9/01,2633,凱基-站前,0039003200300046,4,0,4,0.13,14,buy
9/01,2633,國泰-台中,8882,0,25,-25,0.83,14,sell
9/01,2633,統一-新營,0035003800350045,6,2,4,0.13,15,buy
9/01,2633,台新-台北,0039004200320030,0,21,-21,0.69,15,sell
9/01,2481,統一,5850,1400,188,1212,3.33,1,buy
9/01,2481,台灣摩根士丹利,1470,1088,2082,-994,2.73,1,sell
9/01,2481,群益金鼎-忠孝,0039003100380057,672,15,657,1.81,2,buy
9/01,2481,美林,1440,113,718,-605,1.66,2,sell
9/01,2481,台新-台北,0039004200320030,363,14,349,0.96,3,buy
9/01,2481,美商高盛,1480,2343,2845,-502,1.38,3,sell
9/01,2481,台新-建北,0039004200310038,351,69,282,0.78,4,buy
9/01,2481,元大-三重,0039003800380043,16,292,-276,0.76,4,sell
9/01,2481,摩根大通,8440,509,256,253,0.7,5,buy
9/01,2481,元大證券,9800,5090,5320,-230,0.63,5,sell
9/01,2481,新加坡商瑞銀,1650,1506,1320,186,0.51,6,buy
9/01,2481,凱基-台北,9268,1523,1728,-205,0.56,6,sell
9/01,2481,富邦證券,9600,563,380,183,0.5,7,buy
9/01,2481,富邦-和美,0039003600310050,16,217,-201,0.55,7,sell
9/01,2481,國泰證券,8880,210,52,158,0.43,8,buy
9/01,2481,統一-城中,5854,15,171,-156,0.43,8,sell
9/01,2481,群益金鼎,9100,544,399,145,0.4,9,buy
9/01,2481,第一金-台南,5384,47,193,-146,0.4,9,sell
9/01,2481,國票-安和,003700370039005a,135,15,120,0.33,10,buy
9/01,2481,永豐金-中壢,0039004100390039,11,135,-124,0.34,10,sell
9/01,2481,永豐金證券,0039004100300030,337,236,101,0.28,11,buy
9/01,2481,玉山-新莊,8842,78,195,-117,0.32,11,sell
9/01,2481,永豐金-復興,003900410039005a,116,16,100,0.27,12,buy
9/01,2481,凱基-站前,0039003200300046,400,516,-116,0.32,12,sell
9/01,2481,台中銀,6110,125,28,97,0.27,13,buy
9/01,2481,港商野村,1560,40,147,-107,0.29,13,sell
9/01,2481,中國信託,6160,160,64,96,0.26,14,buy
9/01,2481,花旗環球,1590,0,92,-92,0.25,14,sell
9/01,2481,永豐金-敦南,0039004100380046,294,212,82,0.23,15,buy
9/01,2481,凱基-台南,9211,43,86,-43,0.12,15,sell
9/01,2880,美商高盛,1480,4563,700,3863,16.49,1,buy
9/01,2880,元大證券,9800,1390,3225,-1835,7.83,1,sell
9/01,2880,美林,1440,5220,2606,2614,11.16,2,buy
9/01,2880,花旗環球,1590,151,1984,-1833,7.82,2,sell
9/01,2880,台灣摩根士丹利,1470,2503,495,2008,8.57,3,buy
9/01,2880,康和,8450,0,1800,-1800,7.68,3,sell
9/01,2880,摩根大通,8440,1625,919,706,3.01,4,buy
9/01,2880,土銀,1030,0,810,-810,3.46,4,sell
9/01,2880,港商野村,1560,664,18,646,2.76,5,buy
9/01,2880,中國信託,6160,52,475,-423,1.81,5,sell
9/01,2880,法銀巴黎,8900,245,71,174,0.74,6,buy
9/01,2880,台灣企銀,1110,0,241,-241,1.03,6,sell
9/01,2880,港商麥格理,1360,126,0,126,0.54,7,buy
9/01,2880,永豐金證券,0039004100300030,284,499,-215,0.92,7,sell
9/01,2880,國泰證券,8880,111,3,108,0.46,8,buy
9/01,2880,台新-大昌,0039004200320044,4,205,-201,0.86,8,sell
9/01,2880,新加坡商瑞銀,1650,1047,950,97,0.41,9,buy
9/01,2880,富邦-南京,0039003600310043,1,179,-178,0.76,9,sell
9/01,2880,富邦證券,9600,81,0,81,0.35,10,buy
9/01,2880,國泰-敦南,8888,46,165,-119,0.51,10,sell
9/01,2880,元大-南屯,9853,67,0,67,0.29,11,buy
9/01,2880,大昌-新竹,6463,0,82,-82,0.35,11,sell
9/01,2880,華南永昌-淡水,9316,71,5,66,0.28,12,buy
9/01,2880,台新,0039004200300030,4,85,-81,0.35,12,sell
9/01,2880,華南永昌-竹北,9339,62,5,57,0.24,13,buy
9/01,2880,土銀-高雄,1033,0,80,-80,0.34,13,sell
9/01,2880,華南永昌-彰化,9363,51,3,48,0.2,14,buy
9/01,2880,元大-東泰,9817,1,75,-74,0.32,14,sell
9/01,2880,香港上海匯豐,8960,45,0,45,0.19,15,buy
9/01,2880,合庫-台南,1022,1,72,-71,0.3,15,sell
9/01,2890,美林,1440,3901,358,3543,14.21,1,buy
9/01,2890,元大-中壢,9834,0,2005,-2005,8.04,1,sell
9/01,2890,美商高盛,1480,2792,389,2403,9.64,2,buy
9/01,2890,凱基-台北,9268,1067,2921,-1854,7.44,2,sell
9/01,2890,港商野村,1560,2065,10,2055,8.24,3,buy
9/01,2890,第一金-高雄,5383,6,1210,-1204,4.83,3,sell
9/01,2890,花旗環球,1590,1243,493,750,3.01,4,buy
9/01,2890,台新-府城,0039004200320039,0,790,-790,3.17,4,sell
9/01,2890,新加坡商瑞銀,1650,2444,1835,609,2.44,5,buy
9/01,2890,台新-高雄,0039004200310067,3,661,-658,2.64,5,sell
9/01,2890,摩根大通,8440,2756,2273,483,1.94,6,buy
9/01,2890,統一,5850,28,584,-556,2.23,6,sell
9/01,2890,港商麥格理,1360,298,0,298,1.2,7,buy
9/01,2890,中國信託-永康,6163,0,401,-401,1.61,7,sell
9/01,2890,台灣摩根士丹利,1470,1943,1742,201,0.81,8,buy
9/01,2890,統一-內湖,0035003800350062,1,293,-292,1.17,8,sell
9/01,2890,永豐金證券,0039004100300030,367,243,124,0.5,9,buy
9/01,2890,富邦-仁愛,9676,4,210,-206,0.83,9,sell
9/01,2890,富邦-青埔,003900360031004e,100,1,99,0.4,10,buy
9/01,2890,台新-桃園,0039004200320076,40,188,-148,0.59,10,sell
9/01,2890,臺銀-臺南,1042,102,5,97,0.39,11,buy
9/01,2890,國票-博愛,003700370039007a,0,140,-140,0.56,11,sell
9/01,2890,永全證券,6450,91,2,89,0.36,12,buy
9/01,2890,法銀巴黎,8900,493,626,-133,0.53,12,sell
9/01,2890,元大證券,9800,1758,1681,77,0.31,13,buy
9/01,2890,玉山證券,8840,6,108,-102,0.41,13,sell
9/01,2890,永豐金-亞灣,0039004100390061,75,5,70,0.28,14,buy
9/01,2890,光和-溪湖,6381,0,94,-94,0.38,14,sell
9/01,2890,華南永昌-小港,9323,58,3,55,0.22,15,buy
9/01,2890,元大-路竹,0039003800310043,10,103,-93,0.37,15,sell
9/01,4938,大和國泰,8890,1200,0,1200,14.99,1,buy
9/01,4938,港商野村,1560,5,1443,-1438,17.96,1,sell
9/01,4938,富邦證券,9600,681,5,676,8.44,2,buy
9/01,4938,永豐金證券,0039004100300030,31,633,-602,7.52,2,sell
9/01,4938,富邦-南京,0039003600310043,240,9,231,2.88,3,buy
9/01,4938,台灣摩根士丹利,1470,242,812,-570,7.12,3,sell
9/01,4938,花旗環球,1590,301,85,216,2.7,4,buy
9/01,4938,美商高盛,1480,315,657,-342,4.27,4,sell
9/01,4938,新加坡商瑞銀,1650,456,265,191,2.39,5,buy
9/01,4938,凱基-台北,9268,483,755,-272,3.4,5,sell
9/01,4938,富邦-高雄,9659,101,4,97,1.21,6,buy
9/01,4938,元大證券,9800,260,400,-140,1.75,6,sell
9/01,4938,美林,1440,254,168,86,1.07,7,buy
9/01,4938,兆豐證券,7000,24,91,-67,0.84,7,sell
9/01,4938,康和-台中,8455,82,2,80,1.0,8,buy
9/01,4938,群益金鼎,9100,74,130,-56,0.7,8,sell
9/01,4938,合庫-新竹,0031003000320041,70,0,70,0.87,9,buy
9/01,4938,永豐金-豐原,0039004100390051,0,55,-55,0.69,9,sell
9/01,4938,中國信託,6160,74,6,68,0.85,10,buy
9/01,4938,元大-斗信,9884,3,55,-52,0.65,10,sell
9/01,4938,摩根大通,8440,352,286,66,0.82,11,buy
9/01,4938,元大-民生三民,0039003800390058,0,45,-45,0.56,11,sell
9/01,4938,華南永昌-三重,9369,55,0,55,0.69,12,buy
9/01,4938,台中銀-員林,6114,0,30,-30,0.37,12,sell
9/01,4938,國票-安和,003700370039005a,53,2,51,0.64,13,buy
9/01,4938,陽信,8710,1,30,-29,0.36,13,sell
9/01,4938,臺銀-高雄,0031003000340043,53,14,39,0.49,14,buy
9/01,4938,凱基,9200,64,89,-25,0.31,14,sell
9/01,4938,凱基-士林,9238,41,4,37,0.46,15,buy
9/01,4938,元大-雙和,9874,2,27,-25,0.31,15,sell
9/01,2301,台新-台北,0039004200320030,470,0,470,2.59,1,buy
9/01,2301,台灣摩根士丹利,1470,529,1913,-1384,7.64,1,sell
9/01,2301,美林,1440,524,82,442,2.44,2,buy
9/01,2301,摩根大通,8440,1658,2958,-1300,7.18,2,sell
9/01,2301,群益金鼎,9100,424,188,236,1.3,3,buy
9/01,2301,美商高盛,1480,947,1538,-591,3.26,3,sell
9/01,2301,兆豐證券,7000,250,20,230,1.27,4,buy
9/01,2301,富邦證券,9600,245,750,-505,2.79,4,sell
9/01,2301,國泰證券,8880,186,4,182,1.0,5,buy
9/01,2301,港商野村,1560,9,257,-248,1.37,5,sell
9/01,2301,華南永昌,9300,160,41,119,0.66,6,buy
9/01,2301,福邦證券,6480,2,173,-171,0.94,6,sell
9/01,2301,群益金鼎-開元,9134,108,4,104,0.57,7,buy
9/01,2301,元大-仁愛,003900380033006a,4,109,-105,0.58,7,sell
9/01,2301,法銀巴黎,8900,89,15,74,0.41,8,buy
9/01,2301,兆豐-忠孝,0037003000300061,5,104,-99,0.55,8,sell
9/01,2301,新加坡商瑞銀,1650,325,252,73,0.4,9,buy
9/01,2301,兆豐-台中,7003,10,105,-95,0.52,9,sell
9/01,2301,富邦-南京,0039003600310043,62,6,56,0.31,10,buy
9/01,2301,永豐金-內湖,0039004100390067,12,104,-92,0.51,10,sell
9/01,2301,國泰-敦南,8888,359,306,53,0.29,11,buy
9/01,2301,元大-信義,003900380039006d,9,92,-83,0.46,11,sell
9/01,2301,凱基-嘉義,9252,56,5,51,0.28,12,buy
9/01,2301,台新,0039004200300030,96,167,-71,0.39,12,sell
9/01,2301,富邦-頭份,0039003600320050,50,2,48,0.27,13,buy
9/01,2301,富邦-敦南,9663,14,83,-69,0.38,13,sell
9/01,2301,富邦-陽明,9604,63,19,44,0.24,14,buy
9/01,2301,台新-松江,0039004200310035,34,101,-67,0.37,14,sell
9/01,2301,元大-鹿港,0039003800390053,63,21,42,0.23,15,buy
9/01,2301,統一,5850,112,175,-63,0.35,15,sell
9/01,4979,永豐金證券,0039004100300030,112,2,110,5.08,1,buy
9/01,4979,富邦證券,9600,0,473,-473,21.84,1,sell
9/01,4979,摩根大通,8440,90,0,90,4.16,2,buy
9/01,4979,元大證券,9800,27,386,-359,16.57,2,sell
9/01,4979,台灣摩根士丹利,1470,91,5,86,3.97,3,buy
9/01,4979,統一,5850,108,362,-254,11.73,3,sell
9/01,4979,兆豐-大同,0037003000300053,50,0,50,2.31,4,buy
9/01,4979,群益金鼎-大安,0039003100380065,2,66,-64,2.95,4,sell
9/01,4979,國泰-敦南,8888,59,23,36,1.66,5,buy
9/01,4979,台新-大昌,0039004200320044,0,32,-32,1.48,5,sell
9/01,4979,永豐金-高雄,0039004100390065,30,0,30,1.39,6,buy
9/01,4979,富邦-南屯,9666,2,23,-21,0.97,6,sell
9/01,4979,統一-新竹,5857,27,0,27,1.25,7,buy
9/01,4979,元大-竹東,0039003800330066,0,18,-18,0.83,7,sell
9/01,4979,群益金鼎-永和,003900310038004a,25,0,25,1.15,8,buy
9/01,4979,國泰-松江,8883,2,20,-18,0.83,8,sell
9/01,4979,華南永昌-竹北,9339,24,0,24,1.11,9,buy
9/01,4979,兆豐證券,7000,2,18,-16,0.74,9,sell
9/01,4979,玉山-板橋,8846,25,1,24,1.11,10,buy
9/01,4979,群益期貨,2210,0,12,-12,0.55,10,sell
9/01,4979,康和,8450,22,0,22,1.02,11,buy
9/01,4979,玉山-桃園,0038003800340046,4,16,-12,0.55,11,sell
9/01,4979,元大-花蓮,9856,21,0,21,0.97,12,buy
9/01,4979,玉山-高雄,8843,0,12,-12,0.55,12,sell
9/01,4979,凱基-站前,0039003200300046,24,3,21,0.97,13,buy
9/01,4979,永豐金-南京,0039004100390053,0,11,-11,0.51,13,sell
9/01,4979,美商高盛,1480,21,1,20,0.92,14,buy
9/01,4979,永豐金-桃盛,003900410039004e,0,11,-11,0.51,14,sell
9/01,4979,凱基-鳳山,9274,22,3,19,0.88,15,buy
9/01,4979,新加坡商瑞銀,1650,0,9,-9,0.42,15,sell
9/01,3105,摩根大通,8440,3619,236,3383,5.95,1,buy
9/01,3105,國泰-敦南,8888,1398,2050,-652,1.15,1,sell
9/01,3105,群益金鼎,9100,3066,647,2419,4.26,2,buy
9/01,3105,華南永昌,9300,91,451,-360,0.63,2,sell
9/01,3105,台灣摩根士丹利,1470,2893,823,2070,3.64,3,buy
9/01,3105,台新,0039004200300030,330,620,-290,0.51,3,sell
9/01,3105,富邦證券,9600,2223,329,1894,3.33,4,buy
9/01,3105,中國信託-三重,6161,39,266,-227,0.4,4,sell
9/01,3105,新加坡商瑞銀,1650,1992,606,1386,2.44,5,buy
9/01,3105,新光,8560,364,562,-198,0.35,5,sell
9/01,3105,凱基-城中,9227,1120,110,1010,1.78,6,buy
9/01,3105,元大-士林,003900380031006a,26,223,-197,0.35,6,sell
9/01,3105,統一,5850,1169,193,976,1.72,7,buy
9/01,3105,元大-永和,9891,28,217,-189,0.33,7,sell
9/01,3105,元大證券,9800,7096,6122,974,1.71,8,buy
9/01,3105,永豐金證券,0039004100300030,542,727,-185,0.33,8,sell
9/01,3105,美林,1440,985,178,807,1.42,9,buy
9/01,3105,富邦-台北,9623,93,259,-166,0.29,9,sell
9/01,3105,美商高盛,1480,2688,1932,756,1.33,10,buy
9/01,3105,國泰-台中,8882,227,385,-158,0.28,10,sell
9/01,3105,統一-城中,5854,503,37,466,0.82,11,buy
9/01,3105,凱基-信義,9216,8,161,-153,0.27,11,sell
9/01,3105,港商野村,1560,431,120,311,0.55,12,buy
9/01,3105,元大-員林中山,9835,95,236,-141,0.25,12,sell
9/01,3105,國票-安和,003700370039005a,697,475,222,0.39,13,buy
9/01,3105,元大-北投,0039003800390041,34,174,-140,0.25,13,sell
9/01,3105,國票-敦北法人,0037003700390063,219,47,172,0.3,14,buy
9/01,3105,富邦-新板,0039003600310048,43,167,-124,0.22,14,sell
9/01,3105,永豐金-敦北,0039004100380039,289,122,167,0.29,15,buy
9/01,3105,永豐金-南京,0039004100390053,36,155,-119,0.21,15,sell
9/01,2542,國泰證券,8880,1667,37,1630,20.14,1,buy
9/01,2542,台灣摩根士丹利,1470,171,796,-625,7.72,1,sell
9/01,2542,富邦證券,9600,1477,0,1477,18.25,2,buy
9/01,2542,摩根大通,8440,126,628,-502,6.2,2,sell
9/01,2542,中國信託,6160,1000,9,991,12.24,3,buy
9/01,2542,兆豐-大同,0037003000300053,0,300,-300,3.71,3,sell
9/01,2542,港商麥格理,1360,389,10,379,4.68,4,buy
9/01,2542,康和-仁愛,0038003400350046,0,282,-282,3.48,4,sell
9/01,2542,合庫證券,1020,258,2,256,3.16,5,buy
9/01,2542,美林,1440,21,253,-232,2.87,5,sell
9/01,2542,福勝,6950,113,1,112,1.38,6,buy
9/01,2542,永豐金-松山,0039004100390031,0,214,-214,2.64,6,sell
9/01,2542,永豐金證券,0039004100300030,134,84,50,0.62,7,buy
9/01,2542,永豐金-中正,0039004100390055,4,204,-200,2.47,7,sell
9/01,2542,凱基-新莊,0039003200310053,41,0,41,0.51,8,buy
9/01,2542,統一-永和,0035003800350042,0,200,-200,2.47,8,sell
9/01,2542,華南永昌-虎尾,9377,40,0,40,0.49,9,buy
9/01,2542,凱基-台北,9268,573,731,-158,1.95,9,sell
9/01,2542,元大-敦化,9833,41,3,38,0.47,10,buy
9/01,2542,兆豐-忠孝,0037003000300061,1,146,-145,1.79,10,sell
9/01,2542,兆豐-台中港,7005,35,2,33,0.41,11,buy
9/01,2542,第一金-路竹,0035003300380050,0,142,-142,1.75,11,sell
9/01,2542,玉山-新竹,0038003800340048,31,0,31,0.38,12,buy
9/01,2542,美商高盛,1480,465,601,-136,1.68,12,sell
9/01,2542,元大-民生三民,0039003800390058,30,0,30,0.37,13,buy
9/01,2542,元大證券,9800,85,219,-134,1.66,13,sell
9/01,2542,永豐金-永康,0039004100390063,25,0,25,0.31,14,buy
9/01,2542,國泰-敦南,8888,15,127,-112,1.38,14,sell
9/01,2542,中國信託-嘉義,6168,21,1,20,0.25,15,buy
9/01,2542,永豐金-忠孝,0039004100390044,0,92,-92,1.14,15,sell
9/01,2855,大和國泰,8890,1000,0,1000,19.58,1,buy
9/01,2855,凱基-台北,9268,123,872,-749,14.66,1,sell
9/01,2855,凱基,9200,555,0,555,10.87,2,buy
9/01,2855,摩根大通,8440,92,553,-461,9.03,2,sell
9/01,2855,(牛牛牛)亞證券,6010,410,0,410,8.03,3,buy
9/01,2855,美商高盛,1480,137,300,-163,3.19,3,sell
9/01,2855,華南永昌-大安,9307,138,2,136,2.66,4,buy
9/01,2855,新加坡商瑞銀,1650,183,291,-108,2.11,4,sell
9/01,2855,港商麥格理,1360,133,0,133,2.6,5,buy
9/01,2855,華南永昌-中正,9359,0,90,-90,1.76,5,sell
9/01,2855,統一-新竹,5857,85,4,81,1.59,6,buy
9/01,2855,花旗環球,1590,0,87,-87,1.7,6,sell
9/01,2855,台新-林園,0039004200320037,60,0,60,1.17,7,buy
9/01,2855,元大證券,9800,154,235,-81,1.59,7,sell
9/01,2855,台新,0039004200300030,56,1,55,1.08,8,buy
9/01,2855,台灣摩根士丹利,1470,259,334,-75,1.47,8,sell
9/01,2855,永豐金-松山,0039004100390031,60,6,54,1.06,9,buy
9/01,2855,新光,8560,14,67,-53,1.04,9,sell
9/01,2855,永豐金-萬盛,0039004100390032,40,5,35,0.69,10,buy
9/01,2855,永豐金-天母,0039004100390047,0,53,-53,1.04,10,sell
9/01,2855,元大-雙和,9874,37,8,29,0.57,11,buy
9/01,2855,永豐金-南投,003900410039004d,12,61,-49,0.96,11,sell
9/01,2855,永豐金-鳳山,0039004100360031,30,1,29,0.57,12,buy
9/01,2855,元大-南勢角,0039003800340045,2,49,-47,0.92,12,sell
9/01,2855,兆豐-竹北,7007,28,0,28,0.55,13,buy
9/01,2855,永豐金-信義,0039004100390052,0,43,-43,0.84,13,sell
9/01,2855,元大-龍潭,9858,25,0,25,0.49,14,buy
9/01,2855,元大-中壢,9834,4,47,-43,0.84,14,sell
9/01,2855,玉山證券,8840,29,8,21,0.41,15,buy
9/01,2855,合庫證券,1020,0,42,-42,0.82,15,sell
9/01,2313,元大證券,9800,7875,4980,2895,5.21,1,buy
9/01,2313,台灣摩根士丹利,1470,3237,5160,-1923,3.46,1,sell
9/01,2313,台新,0039004200300030,909,346,563,1.01,2,buy
9/01,2313,美商高盛,1480,1777,3189,-1412,2.54,2,sell
9/01,2313,法銀巴黎,8900,525,0,525,0.94,3,buy
9/01,2313,凱基-台北,9268,2620,3636,-1016,1.83,3,sell
9/01,2313,群益金鼎,9100,1088,568,520,0.94,4,buy
9/01,2313,美林,1440,276,926,-650,1.17,4,sell
9/01,2313,華南永昌,9300,577,76,501,0.9,5,buy
9/01,2313,國泰-敦南,8888,1715,1888,-173,0.31,5,sell
9/01,2313,統一,5850,564,216,348,0.63,6,buy
9/01,2313,新加坡商瑞銀,1650,1200,1372,-172,0.31,6,sell
9/01,2313,摩根大通,8440,812,487,325,0.58,7,buy
9/01,2313,港商野村,1560,137,275,-138,0.25,7,sell
9/01,2313,康和,8450,334,29,305,0.55,8,buy
9/01,2313,元大-東泰,9817,31,139,-108,0.19,8,sell
9/01,2313,(牛牛牛)亞證券,6010,208,0,208,0.37,9,buy
9/01,2313,元大-蘆洲,9857,102,203,-101,0.18,9,sell
9/01,2313,福邦證券,6480,162,3,159,0.29,10,buy
9/01,2313,凱基-新店,0039003200300056,14,113,-99,0.18,10,sell
9/01,2313,國票證券,7790,165,64,101,0.18,11,buy
9/01,2313,元大-旗山,003900380031006e,35,110,-75,0.13,11,sell
9/01,2313,富邦-建國,9658,176,76,100,0.18,12,buy
9/01,2313,富邦-台北,9623,260,328,-68,0.12,12,sell
9/01,2313,永豐金證券,0039004100300030,570,474,96,0.17,13,buy
9/01,2313,元大-士林,003900380031006a,32,95,-63,0.11,13,sell
9/01,2313,富邦-敦南,9663,290,194,96,0.17,14,buy
9/01,2313,美好-蘆洲,5261,35,87,-52,0.09,14,sell
9/01,2313,兆豐-南京,0037003000300050,107,15,92,0.17,15,buy
9/01,2313,元大-大天母,9893,43,93,-50,0.09,15,sell
9/01,3374,國泰證券,8880,2150,230,1920,8.6,1,buy
9/01,3374,台新,0039004200300030,146,1022,-876,3.93,1,sell
9/01,3374,美商高盛,1480,1865,818,1047,4.69,2,buy
9/01,3374,凱基-台北,9268,1413,2102,-689,3.09,2,sell
9/01,3374,台灣摩根士丹利,1470,862,330,532,2.38,3,buy
9/01,3374,凱基,9200,137,474,-337,1.51,3,sell
9/01,3374,摩根大通,8440,339,80,259,1.16,4,buy
9/01,3374,兆豐-民生,0037003000300063,47,291,-244,1.09,4,sell
9/01,3374,港商野村,1560,121,12,109,0.49,5,buy
9/01,3374,國票-敦北法人,0037003700390063,9,238,-229,1.03,5,sell
9/01,3374,宏遠證券,1260,96,5,91,0.41,6,buy
9/01,3374,元大-斗六,0039003800300043,8,162,-154,0.69,6,sell
9/01,3374,富邦-台北,9623,106,23,83,0.37,7,buy
9/01,3374,統一,5850,114,266,-152,0.68,7,sell
9/01,3374,美林,1440,104,34,70,0.31,8,buy
9/01,3374,元大-中崙,9813,2,152,-150,0.67,8,sell
9/01,3374,國票-北高雄,003700370039004a,144,75,69,0.31,9,buy
9/01,3374,群益金鼎-內湖,0039003100380064,7,151,-144,0.65,9,sell
9/01,3374,花旗環球,1590,55,0,55,0.25,10,buy
9/01,3374,國票-安和,003700370039005a,68,204,-136,0.61,10,sell
9/01,3374,兆豐-鹿港,0037003000300066,59,19,40,0.18,11,buy
9/01,3374,康和,8450,1,130,-129,0.58,11,sell
9/01,3374,凱基-興隆,9289,34,2,32,0.14,12,buy
9/01,3374,永豐金證券,0039004100300030,192,304,-112,0.5,12,sell
9/01,3374,永豐金-高雄,0039004100390065,51,19,32,0.14,13,buy
9/01,3374,永豐金-羅東,0039004100390041,11,97,-86,0.39,13,sell
9/01,3374,元大-文心興安,9854,69,38,31,0.14,14,buy
9/01,3374,新加坡商瑞銀,1650,901,977,-76,0.34,14,sell
9/01,3374,富邦證券,9600,76,47,29,0.13,15,buy
9/01,3374,宏遠-桃園,1262,6,68,-62,0.28,15,sell
9/01,2845,富邦證券,9600,4193,0,4193,12.82,1,buy
9/01,2845,台灣摩根士丹利,1470,438,3876,-3438,10.51,1,sell
9/01,2845,群益金鼎,9100,4001,0,4001,12.24,2,buy
9/01,2845,永豐金-中正,0039004100390055,7,1113,-1106,3.38,2,sell
9/01,2845,摩根大通,8440,2042,517,1525,4.66,3,buy
9/01,2845,中國信託-中壢,0036003100360041,5,902,-897,2.74,3,sell
9/01,2845,兆豐證券,7000,1315,0,1315,4.02,4,buy
9/01,2845,凱基-竹科,9272,0,870,-870,2.66,4,sell
9/01,2845,華南永昌-南京,9326,1009,5,1004,3.07,5,buy
9/01,2845,亞東-板橋,2181,4,692,-688,2.1,5,sell
9/01,2845,美林,1440,1525,707,818,2.5,6,buy
9/01,2845,新光,8560,312,863,-551,1.68,6,sell
9/01,2845,美商高盛,1480,1971,1156,815,2.49,7,buy
9/01,2845,國票-北高雄,003700370039004a,0,518,-518,1.58,7,sell
9/01,2845,中國信託,6160,527,14,513,1.57,8,buy
9/01,2845,富邦-樹林,0039003600320045,20,488,-468,1.43,8,sell
9/01,2845,兆豐-忠孝,0037003000300061,514,4,510,1.56,9,buy
9/01,2845,致和證券,7030,0,430,-430,1.31,9,sell
9/01,2845,花旗環球,1590,441,0,441,1.35,10,buy
9/01,2845,永豐金-永康,0039004100390063,3,350,-347,1.06,10,sell
9/01,2845,華南永昌-林口,9317,381,0,381,1.17,11,buy
9/01,2845,新光-台南,8564,59,402,-343,1.05,11,sell
9/01,2845,凱基-台北,9268,3315,2957,358,1.09,12,buy
9/01,2845,台新,0039004200300030,101,423,-322,0.98,12,sell
9/01,2845,香港上海匯豐,8960,318,0,318,0.97,13,buy
9/01,2845,統一-板橋,0035003800350050,0,304,-304,0.93,13,sell
9/01,2845,台新-台南,0039004200310036,260,0,260,0.8,14,buy
9/01,2845,玉山-高雄,8843,12,312,-300,0.92,14,sell
9/01,2845,富邦-青埔,003900360031004e,261,3,258,0.79,15,buy
9/01,2845,凱基-站前,0039003200300046,5,302,-297,0.91,15,sell
9/01,3532,台灣摩根士丹利,1470,391,126,265,2.91,1,buy
9/01,3532,摩根大通,8440,62,271,-209,2.29,1,sell
9/01,3532,永豐金證券,0039004100300030,213,67,146,1.6,2,buy
9/01,3532,群益金鼎-潭子,0039003100330044,5,97,-92,1.01,2,sell
9/01,3532,元大證券,9800,807,683,124,1.36,3,buy
9/01,3532,國泰-敦南,8888,202,258,-56,0.61,3,sell
9/01,3532,中國信託,6160,155,48,107,1.17,4,buy
9/01,3532,元大-蘆洲中正,0039003800390049,5,54,-49,0.54,4,sell
9/01,3532,第一金,5380,102,2,100,1.1,5,buy
9/01,3532,美好-蘆洲,5261,32,66,-34,0.37,5,sell
9/01,3532,凱基,9200,92,5,87,0.95,6,buy
9/01,3532,永豐金-內湖,0039004100390067,9,42,-33,0.36,6,sell
9/01,3532,富邦證券,9600,116,48,68,0.75,7,buy
9/01,3532,華南永昌-竹北,9339,7,37,-30,0.33,7,sell
9/01,3532,宏遠證券,1260,61,14,47,0.52,8,buy
9/01,3532,凱基-豐中,9223,4,33,-29,0.32,8,sell
9/01,3532,群益金鼎,9100,235,189,46,0.5,9,buy
9/01,3532,群益金鼎-大安,0039003100380065,6,32,-26,0.29,9,sell
9/01,3532,凱基-信義,9216,48,2,46,0.5,10,buy
9/01,3532,台新-高雄,0039004200310067,21,46,-25,0.27,10,sell
9/01,3532,新加坡商瑞銀,1650,89,43,46,0.5,11,buy
9/01,3532,國泰證券,8880,5,27,-22,0.24,11,sell
9/01,3532,美商高盛,1480,365,333,32,0.35,12,buy
9/01,3532,第一金-新興,0035003300380041,3,24,-21,0.23,12,sell
9/01,3532,美林,1440,44,21,23,0.25,13,buy
9/01,3532,元大-虎尾,003900380030006c,9,29,-20,0.22,13,sell
9/01,3532,花旗環球,1590,22,0,22,0.24,14,buy
9/01,3532,國泰-館前,0038003800380041,32,52,-20,0.22,14,sell
9/01,3532,台新-松德,0039004200320061,28,6,22,0.24,15,buy
9/01,3532,台新-台中,0039004200310068,11,30,-19,0.21,15,sell
9/01,3211,國票-敦北法人,0037003700390063,691,2,689,7.02,1,buy
9/01,3211,元大證券,9800,796,1103,-307,3.13,1,sell
9/01,3211,凱基,9200,681,1,680,6.93,2,buy
9/01,3211,凱基-站前,0039003200300046,6,234,-228,2.32,2,sell
9/01,3211,富邦證券,9600,692,32,660,6.73,3,buy
9/01,3211,台灣摩根士丹利,1470,236,358,-122,1.24,3,sell
9/01,3211,港商野村,1560,131,54,77,0.78,4,buy
9/01,3211,國泰證券,8880,20,140,-120,1.22,4,sell
9/01,3211,統一,5850,111,41,70,0.71,5,buy
9/01,3211,凱基-台北,9268,768,872,-104,1.06,5,sell
9/01,3211,群益金鼎-東湖,003900310038004b,38,6,32,0.33,6,buy
9/01,3211,國票-安和,003700370039005a,17,103,-86,0.88,6,sell
9/01,3211,永豐金-敦南,0039004100380046,82,52,30,0.31,7,buy
9/01,3211,國票證券,7790,27,91,-64,0.65,7,sell
9/01,3211,富邦-仁愛,9676,50,20,30,0.31,8,buy
9/01,3211,美商高盛,1480,243,293,-50,0.51,8,sell
9/01,3211,統一-城中,5854,35,5,30,0.31,9,buy
9/01,3211,花旗環球,1590,10,59,-49,0.5,9,sell
9/01,3211,華南永昌-內壢,9337,24,2,22,0.22,10,buy
9/01,3211,台新,0039004200300030,55,90,-35,0.36,10,sell
9/01,3211,兆豐-天母,003700300030004c,18,1,17,0.17,11,buy
9/01,3211,陽信-高雄,8713,7,41,-34,0.35,11,sell
9/01,3211,美林,1440,27,13,14,0.14,12,buy
9/01,3211,永豐金-敦北,0039004100380039,4,38,-34,0.35,12,sell
9/01,3211,元大-崇德,0039003800310053,20,7,13,0.13,13,buy
9/01,3211,富邦-建國,9658,10,41,-31,0.32,13,sell
9/01,3211,元大-三重,0039003800380043,23,10,13,0.13,14,buy
9/01,3211,國泰-敦南,8888,183,213,-30,0.31,14,sell
9/01,3211,永豐金-竹科,0039004100390058,19,6,13,0.13,15,buy
9/01,3211,摩根大通,8440,87,117,-30,0.31,15,sell
9/01,2344,國泰-敦南,8888,5463,2312,3151,2.33,1,buy
9/01,2344,元大證券,9800,7251,18444,-11193,8.27,1,sell
9/01,2344,永豐金-匯立,0039004100380031,1321,132,1189,0.88,2,buy
9/01,2344,美商高盛,1480,1008,11698,-10690,7.9,2,sell
9/01,2344,法銀巴黎,8900,1134,171,963,0.71,3,buy
9/01,2344,台灣摩根士丹利,1470,1275,11395,-10120,7.48,3,sell
9/01,2344,新光,8560,1296,635,661,0.49,4,buy
9/01,2344,美林,1440,831,10422,-9591,7.09,4,sell
9/01,2344,國泰-台中,8882,1001,447,554,0.41,5,buy
9/01,2344,新加坡商瑞銀,1650,2117,9762,-7645,5.65,5,sell
9/01,2344,玉山-台南,8847,601,98,503,0.37,6,buy
9/01,2344,摩根大通,8440,1161,7012,-5851,4.32,6,sell
9/01,2344,國泰-板橋,003800380038004b,842,352,490,0.36,7,buy
9/01,2344,港商野村,1560,729,3979,-3250,2.4,7,sell
9/01,2344,富邦-仁愛,9676,607,142,465,0.34,8,buy
9/01,2344,凱基-台北,9268,2225,4798,-2573,1.9,8,sell
9/01,2344,凱基-站前,0039003200300046,517,53,464,0.34,9,buy
9/01,2344,凱基,9200,25,2103,-2078,1.54,9,sell
9/01,2344,富邦-南屯,9666,481,79,402,0.3,10,buy
9/01,2344,統一,5850,549,2343,-1794,1.33,10,sell
9/01,2344,永豐金-信義,0039004100390052,408,18,390,0.29,11,buy
9/01,2344,中國信託,6160,711,2255,-1544,1.14,11,sell
9/01,2344,國泰-桃園,8885,710,320,390,0.29,12,buy
9/01,2344,群益金鼎,9100,932,2418,-1486,1.1,12,sell
9/01,2344,富邦-建國,9658,535,153,382,0.28,13,buy
9/01,2344,國票-敦北法人,0037003700390063,315,1009,-694,0.51,13,sell
9/01,2344,新光-台中,8561,556,174,382,0.28,14,buy
9/01,2344,花旗環球,1590,80,469,-389,0.29,14,sell
9/01,2344,國泰-松江,8883,446,81,365,0.27,15,buy
9/01,2344,富邦證券,9600,164,492,-328,0.24,15,sell
9/01,5347,摩根大通,8440,1589,910,679,7.08,1,buy
9/01,5347,花旗環球,1590,47,2047,-2000,20.87,1,sell
9/01,5347,元大證券,9800,1062,621,441,4.6,2,buy
9/01,5347,港商野村,1560,32,232,-200,2.09,2,sell
9/01,5347,富邦證券,9600,440,3,437,4.56,3,buy
9/01,5347,元大-嘉義,0039003800390067,2,80,-78,0.81,3,sell
9/01,5347,美商高盛,1480,714,299,415,4.33,4,buy
9/01,5347,凱基-站前,0039003200300046,13,77,-64,0.67,4,sell
9/01,5347,元大-敦南,0039003800390050,346,1,345,3.6,5,buy
9/01,5347,永豐金證券,0039004100300030,24,65,-41,0.43,5,sell
9/01,5347,新加坡商瑞銀,1650,505,200,305,3.18,6,buy
9/01,5347,元大-大統,003900380031007a,3,41,-38,0.4,6,sell
9/01,5347,凱基-台北,9268,670,505,165,1.72,7,buy
9/01,5347,統一-城中,5854,2,38,-36,0.38,7,sell
9/01,5347,統一-員林,0035003800350049,111,0,111,1.16,8,buy
9/01,5347,國泰-敦南,8888,151,186,-35,0.37,8,sell
9/01,5347,群益金鼎,9100,222,113,109,1.14,9,buy
9/01,5347,群益金鼎-開元,9134,2,34,-32,0.33,9,sell
9/01,5347,康和,8450,100,4,96,1.0,10,buy
9/01,5347,台新-高雄,0039004200310067,17,47,-30,0.31,10,sell
9/01,5347,美林,1440,125,61,64,0.67,11,buy
9/01,5347,富邦-花蓮,9621,8,35,-27,0.28,11,sell
9/01,5347,凱基-台南,9211,65,7,58,0.61,12,buy
9/01,5347,台新,0039004200300030,38,64,-26,0.27,12,sell
9/01,5347,港商麥格理,1360,45,0,45,0.47,13,buy
9/01,5347,華南永昌-古亭,9309,2,26,-24,0.25,13,sell
9/01,5347,台灣摩根士丹利,1470,425,382,43,0.45,14,buy
9/01,5347,凱基-台中,9204,1,25,-24,0.25,14,sell
9/01,5347,台新-左楠,0039004200310064,35,2,33,0.34,15,buy
9/01,5347,第一金-高雄,5383,1,24,-23,0.24,15,sell
9/01,3293,台灣摩根士丹利,1470,403,35,368,9.34,1,buy
9/01,3293,國泰證券,8880,64,685,-621,15.76,1,sell
9/01,3293,花旗環球,1590,127,6,121,3.07,2,buy
9/01,3293,永豐金證券,0039004100300030,29,610,-581,14.75,2,sell
9/01,3293,美商高盛,1480,199,115,84,2.13,3,buy
9/01,3293,富邦證券,9600,42,578,-536,13.6,3,sell
9/01,3293,國泰-敦南,8888,106,30,76,1.93,4,buy
9/01,3293,凱基,9200,11,378,-367,9.31,4,sell
9/01,3293,新光,8560,96,20,76,1.93,5,buy
9/01,3293,永豐金-匯立,0039004100380031,0,68,-68,1.73,5,sell
9/01,3293,美林,1440,96,62,34,0.86,6,buy
9/01,3293,凱基-台北,9268,231,268,-37,0.94,6,sell
9/01,3293,香港上海匯豐,8960,76,50,26,0.66,7,buy
9/01,3293,新加坡商瑞銀,1650,99,133,-34,0.86,7,sell
9/01,3293,元大證券,9800,240,216,24,0.61,8,buy
9/01,3293,元大-羅東,0039003800320041,2,21,-19,0.48,8,sell
9/01,3293,法銀巴黎,8900,29,7,22,0.56,9,buy
9/01,3293,北城證券,7750,2,20,-18,0.46,9,sell
9/01,3293,富邦-板橋,9655,23,1,22,0.56,10,buy
9/01,3293,台新-新店,0039004200320032,6,16,-10,0.25,10,sell
9/01,3293,統一-敦南,5852,19,0,19,0.48,11,buy
9/01,3293,土銀-彰化,0031003000330042,0,10,-10,0.25,11,sell
9/01,3293,元大-永春,9852,18,1,17,0.43,12,buy
9/01,3293,永豐金-松山,0039004100390031,1,9,-8,0.2,12,sell
9/01,3293,玉山證券,8840,16,0,16,0.41,13,buy
9/01,3293,群益金鼎-延平,0039003100380078,0,7,-7,0.18,13,sell
9/01,3293,凱基-台中,9204,16,0,16,0.41,14,buy
9/01,3293,玉山-城中,0038003800340045,7,13,-6,0.15,14,sell
9/01,3293,國泰-館前,0038003800380041,19,3,16,0.41,15,buy
9/01,3293,土銀-台中,1031,0,6,-6,0.15,15,sell
9/01,2637,美林,1440,559,129,430,8.72,1,buy
9/01,2637,新加坡商瑞銀,1650,194,394,-200,4.06,1,sell
9/01,2637,香港上海匯豐,8960,327,0,327,6.63,2,buy
9/01,2637,凱基-台北,9268,240,403,-163,3.31,2,sell
9/01,2637,美商高盛,1480,529,309,220,4.46,3,buy
9/01,2637,凱基-新莊,0039003200310053,2,164,-162,3.29,3,sell
9/01,2637,摩根大通,8440,221,67,154,3.12,4,buy
9/01,2637,永豐金-竹科,0039004100390058,4,133,-129,2.62,4,sell
9/01,2637,聯邦-台南,8588,150,0,150,3.04,5,buy
9/01,2637,永豐金證券,0039004100300030,6,54,-48,0.97,5,sell
9/01,2637,台灣摩根士丹利,1470,339,205,134,2.72,6,buy
9/01,2637,富邦-八德,0039003600330041,3,50,-47,0.95,6,sell
9/01,2637,元大證券,9800,309,194,115,2.33,7,buy
9/01,2637,兆豐-虎尾,0037003000300046,0,46,-46,0.93,7,sell
9/01,2637,國泰證券,8880,119,8,111,2.25,8,buy
9/01,2637,統一-內湖,0035003800350062,0,37,-37,0.75,8,sell
9/01,2637,富邦證券,9600,90,21,69,1.4,9,buy
9/01,2637,中國信託-永康,6163,1,34,-33,0.67,9,sell
9/01,2637,國泰-台中,8882,67,11,56,1.14,10,buy
9/01,2637,新光,8560,38,69,-31,0.63,10,sell
9/01,2637,港商野村,1560,56,12,44,0.89,11,buy
9/01,2637,元大-蘆洲,9857,0,29,-29,0.59,11,sell
9/01,2637,元大-敦化,9833,59,19,40,0.81,12,buy
9/01,2637,國泰-敦南,8888,41,67,-26,0.53,12,sell
9/01,2637,凱基,9200,40,1,39,0.79,13,buy
9/01,2637,永豐金-萬盛,0039004100390032,2,26,-24,0.49,13,sell
9/01,2637,富邦-建國,9658,34,5,29,0.59,14,buy
9/01,2637,元大-龍潭,9858,1,22,-21,0.43,14,sell
9/01,2637,第一金-安和,003500330038006a,31,8,23,0.47,15,buy
9/01,2637,元大-南京,9862,5,26,-21,0.43,15,sell
9/01,8150,美商高盛,1480,6549,943,5606,11.31,1,buy
9/01,8150,摩根大通,8440,943,3001,-2058,4.15,1,sell
9/01,8150,台灣摩根士丹利,1470,5718,435,5283,10.66,2,buy
9/01,8150,國泰-敦南,8888,994,1924,-930,1.88,2,sell
9/01,8150,新加坡商瑞銀,1650,2862,249,2613,5.27,3,buy
9/01,8150,合庫-台中,1021,31,250,-219,0.44,3,sell
9/01,8150,元大證券,9800,4776,2838,1938,3.91,4,buy
9/01,8150,國泰-台南,8884,94,302,-208,0.42,4,sell
9/01,8150,凱基-台北,9268,3665,1853,1812,3.66,5,buy
9/01,8150,台新,0039004200300030,257,453,-196,0.4,5,sell
9/01,8150,群益金鼎-士林,9137,1110,45,1065,2.15,6,buy
9/01,8150,元大-歸仁,0039003800310061,22,190,-168,0.34,6,sell
9/01,8150,美林,1440,1083,186,897,1.81,7,buy
9/01,8150,高橋-龍潭,5321,5,156,-151,0.3,7,sell
9/01,8150,港商野村,1560,811,84,727,1.47,8,buy
9/01,8150,新光,8560,193,338,-145,0.29,8,sell
9/01,8150,花旗環球,1590,595,0,595,1.2,9,buy
9/01,8150,凱基-中壢,9285,19,158,-139,0.28,9,sell
9/01,8150,中國信託,6160,760,188,572,1.15,10,buy
9/01,8150,國泰-高雄,8881,102,238,-136,0.27,10,sell
9/01,8150,統一,5850,684,163,521,1.05,11,buy
9/01,8150,國泰-台中,8882,188,323,-135,0.27,11,sell
9/01,8150,富邦證券,9600,370,34,336,0.68,12,buy
9/01,8150,永豐金-新店,0039004100390069,3,130,-127,0.26,12,sell
9/01,8150,國票證券,7790,344,39,305,0.62,13,buy
9/01,8150,元大-莒光,003900380031004c,23,148,-125,0.25,13,sell
9/01,8150,法銀巴黎,8900,252,2,250,0.5,14,buy
9/01,8150,港商麥格理,1360,38,160,-122,0.25,14,sell
9/01,8150,元大-蘆洲,9857,241,117,124,0.25,15,buy
9/01,8150,富邦-中壢,9636,30,152,-122,0.25,15,sell
9/01,3231,美商高盛,1480,3728,1682,2046,7.32,1,buy
9/01,3231,凱基-台北,9268,647,2401,-1754,6.27,1,sell
9/01,3231,台灣摩根士丹利,1470,3328,2322,1006,3.6,2,buy
9/01,3231,美林,1440,135,1287,-1152,4.12,2,sell
9/01,3231,摩根大通,8440,1403,462,941,3.37,3,buy
9/01,3231,花旗環球,1590,85,790,-705,2.52,3,sell
9/01,3231,凱基-士林,9238,946,10,936,3.35,4,buy
9/01,3231,元大證券,9800,1454,2125,-671,2.4,4,sell
9/01,3231,港商野村,1560,721,18,703,2.51,5,buy
9/01,3231,富邦證券,9600,626,1010,-384,1.37,5,sell
9/01,3231,港商麥格理,1360,600,0,600,2.15,6,buy
9/01,3231,北城證券,7750,539,829,-290,1.04,6,sell
9/01,3231,凱基-長庚,9233,440,14,426,1.52,7,buy
9/01,3231,凱基,9200,223,473,-250,0.89,7,sell
9/01,3231,永豐金證券,0039004100300030,474,115,359,1.28,8,buy
9/01,3231,宏遠證券,1260,42,227,-185,0.66,8,sell
9/01,3231,新加坡商瑞銀,1650,931,594,337,1.21,9,buy
9/01,3231,國票-安和,003700370039005a,8,190,-182,0.65,9,sell
9/01,3231,台新,0039004200300030,422,151,271,0.97,10,buy
9/01,3231,國泰-敦南,8888,218,375,-157,0.56,10,sell
9/01,3231,中國信託,6160,272,31,241,0.86,11,buy
9/01,3231,合庫證券,1020,18,127,-109,0.39,11,sell
9/01,3231,台新-台北,0039004200320030,228,4,224,0.8,12,buy
9/01,3231,兆豐證券,7000,21,107,-86,0.31,12,sell
9/01,3231,凱基-新豐,9266,179,15,164,0.59,13,buy
9/01,3231,玉山證券,8840,62,147,-85,0.3,13,sell
9/01,3231,康和-板橋,0038003400350044,124,9,115,0.41,14,buy
9/01,3231,富邦-台北,9623,21,100,-79,0.28,14,sell
9/01,3231,群益金鼎-東門,0039003100380044,114,8,106,0.38,15,buy
9/01,3231,第一金-高雄,5383,14,86,-72,0.26,15,sell
9/01,6505,美商高盛,1480,3461,1794,1667,5.49,1,buy
9/01,6505,富邦-南京,0039003600310043,19,1401,-1382,4.55,1,sell
9/01,6505,花旗環球,1590,1312,7,1305,4.3,2,buy
9/01,6505,元大-林園,003900380031004b,18,481,-463,1.53,2,sell
9/01,6505,國泰證券,8880,1018,30,988,3.25,3,buy
9/01,6505,凱基-台北,9268,1362,1632,-270,0.89,3,sell
9/01,6505,新加坡商瑞銀,1650,1573,671,902,2.97,4,buy
9/01,6505,光和-嘉義,0036003300380041,0,217,-217,0.71,4,sell
9/01,6505,台灣摩根士丹利,1470,1976,1381,595,1.96,5,buy
9/01,6505,富邦-永和,9654,220,425,-205,0.68,5,sell
9/01,6505,美林,1440,603,185,418,1.38,6,buy
9/01,6505,元大-彰化民生,003900380039004a,1,167,-166,0.55,6,sell
9/01,6505,富邦證券,9600,392,48,344,1.13,7,buy
9/01,6505,日茂,5960,15,170,-155,0.51,7,sell
9/01,6505,摩根大通,8440,877,573,304,1.0,8,buy
9/01,6505,兆豐-忠孝,0037003000300061,7,155,-148,0.49,8,sell
9/01,6505,凱基-台南,9211,269,35,234,0.77,9,buy
9/01,6505,新光,8560,190,336,-146,0.48,9,sell
9/01,6505,玉山證券,8840,225,36,189,0.62,10,buy
9/01,6505,元大-大同,0039003800390047,30,172,-142,0.47,10,sell
9/01,6505,港商野村,1560,191,11,180,0.59,11,buy
9/01,6505,法銀巴黎,8900,36,164,-128,0.42,11,sell
9/01,6505,永豐金證券,0039004100300030,379,224,155,0.51,12,buy
9/01,6505,康和-永和,0038003400350042,14,140,-126,0.42,12,sell
9/01,6505,凱基,9200,144,6,138,0.45,13,buy
9/01,6505,台新-建北,0039004200310038,24,147,-123,0.41,13,sell
9/01,6505,元大證券,9800,1386,1275,111,0.37,14,buy
9/01,6505,華南永昌,9300,54,171,-117,0.39,14,sell
9/01,6505,統一-內湖,0035003800350062,98,10,88,0.29,15,buy
9/01,6505,台新-大昌,0039004200320044,5,114,-109,0.36,15,sell
9/01,8358,港商麥格理,1360,1062,25,1037,3.3,1,buy
9/01,8358,台灣摩根士丹利,1470,520,2749,-2229,7.09,1,sell
9/01,8358,國泰-敦南,8888,1186,932,254,0.81,2,buy
9/01,8358,元大證券,9800,1905,2932,-1027,3.27,2,sell
9/01,8358,永豐金-匯立,0039004100380031,236,0,236,0.75,3,buy
9/01,8358,國票-敦北法人,0037003700390063,14,929,-915,2.91,3,sell
9/01,8358,華南永昌-大安,9307,200,4,196,0.62,4,buy
9/01,8358,群益金鼎,9100,325,1061,-736,2.34,4,sell
9/01,8358,華南永昌,9300,158,31,127,0.4,5,buy
9/01,8358,美商高盛,1480,502,1131,-629,2.0,5,sell
9/01,8358,統一-南京,0035003800350055,106,25,81,0.26,6,buy
9/01,8358,國泰證券,8880,22,510,-488,1.55,6,sell
9/01,8358,國泰-板橋,003800380038004b,192,120,72,0.23,7,buy
9/01,8358,摩根大通,8440,8,396,-388,1.23,7,sell
9/01,8358,凱基-站前,0039003200300046,170,101,69,0.22,8,buy
9/01,8358,美林,1440,202,486,-284,0.9,8,sell
9/01,8358,元大-台北,0039003800300068,91,24,67,0.21,9,buy
9/01,8358,新加坡商瑞銀,1650,505,759,-254,0.81,9,sell
9/01,8358,台新,0039004200300030,236,171,65,0.21,10,buy
9/01,8358,統一,5850,214,441,-227,0.72,10,sell
9/01,8358,富邦-仁愛,9676,98,34,64,0.2,11,buy
9/01,8358,凱基-台北,9268,1973,2188,-215,0.68,11,sell
9/01,8358,康和-嘉義,8459,81,25,56,0.18,12,buy
9/01,8358,新光,8560,282,434,-152,0.48,12,sell
9/01,8358,玉山-板橋,8846,72,17,55,0.18,13,buy
9/01,8358,富邦-新營,9693,31,116,-85,0.27,13,sell
9/01,8358,國泰-館前,0038003800380041,135,82,53,0.17,14,buy
9/01,8358,富邦證券,9600,198,265,-67,0.21,14,sell
9/01,8358,臺銀-臺南,1042,135,84,51,0.16,15,buy
9/01,8358,台新-松德,0039004200320061,26,92,-66,0.21,15,sell
9/01,2337,富邦-敦南,9663,621,8,613,1.92,1,buy
9/01,2337,美商高盛,1480,1545,5001,-3456,10.8,1,sell
9/01,2337,花旗環球,1590,484,42,442,1.38,2,buy
9/01,2337,永豐金-台南,0039004100390068,45,2685,-2640,8.25,2,sell
9/01,2337,國泰-敦南,8888,1007,639,368,1.15,3,buy
9/01,2337,富邦證券,9600,608,1960,-1352,4.23,3,sell
9/01,2337,台新,0039004200300030,434,98,336,1.05,4,buy
9/01,2337,台新-安南,003900420032005a,37,1238,-1201,3.75,4,sell
9/01,2337,富邦-南員林,0039003600310052,307,27,280,0.88,5,buy
9/01,2337,摩根大通,8440,518,1504,-986,3.08,5,sell
9/01,2337,富邦-永和,9654,340,68,272,0.85,6,buy
9/01,2337,富邦-永康,003900360031005a,31,573,-542,1.69,6,sell
9/01,2337,國泰-台中,8882,318,46,272,0.85,7,buy
9/01,2337,美林,1440,206,612,-406,1.27,7,sell
9/01,2337,玉山證券,8840,269,27,242,0.76,8,buy
9/01,2337,元大證券,9800,2125,2426,-301,0.94,8,sell
9/01,2337,永豐金-板新,003900410039004a,206,24,182,0.57,9,buy
9/01,2337,永豐金-匯立,0039004100380031,0,258,-258,0.81,9,sell
9/01,2337,國泰-桃園,8885,282,117,165,0.52,10,buy
9/01,2337,玉山-高雄,8843,73,319,-246,0.77,10,sell
9/01,2337,富邦-仁愛,9676,182,19,163,0.51,11,buy
9/01,2337,台灣摩根士丹利,1470,525,761,-236,0.74,11,sell
9/01,2337,新光,8560,506,360,146,0.46,12,buy
9/01,2337,玉山-桃園,0038003800340046,51,255,-204,0.64,12,sell
9/01,2337,兆豐-南京,0037003000300050,145,1,144,0.45,13,buy
9/01,2337,新加坡商瑞銀,1650,375,553,-178,0.56,13,sell
9/01,2337,台新-彰化,003900420032004d,140,2,138,0.43,14,buy
9/01,2337,第一金,5380,26,178,-152,0.48,14,sell
9/01,2337,凱基-高美館,9215,211,79,132,0.41,15,buy
9/01,2337,台中銀,6110,12,164,-152,0.48,15,sell
9/01,3036,港商麥格理,1360,927,0,927,18.23,1,buy
9/01,3036,新加坡商瑞銀,1650,228,873,-645,12.68,1,sell
9/01,3036,美商高盛,1480,561,188,373,7.33,2,buy
9/01,3036,摩根大通,8440,64,601,-537,10.56,2,sell
9/01,3036,統一,5850,290,18,272,5.35,3,buy
9/01,3036,永豐金證券,0039004100300030,14,524,-510,10.03,3,sell
9/01,3036,凱基-士林,9238,132,3,129,2.54,4,buy
9/01,3036,港商野村,1560,4,471,-467,9.18,4,sell
9/01,3036,元大證券,9800,265,206,59,1.16,5,buy
9/01,3036,台灣摩根士丹利,1470,137,471,-334,6.57,5,sell
9/01,3036,新光-新竹,8563,55,2,53,1.04,6,buy
9/01,3036,凱基,9200,12,129,-117,2.3,6,sell
9/01,3036,花旗環球,1590,127,75,52,1.02,7,buy
9/01,3036,群益金鼎-中山,0039003100380048,0,30,-30,0.59,7,sell
9/01,3036,合庫-三重,0031003000320047,53,2,51,1.0,8,buy
9/01,3036,永豐金-大園,0039004100390038,2,31,-29,0.57,8,sell
9/01,3036,元大-北投,0039003800390041,52,1,51,1.0,9,buy
9/01,3036,永豐金-鳳山,0039004100360031,3,30,-27,0.53,9,sell
9/01,3036,國票-天祥,0037003700390056,27,0,27,0.53,10,buy
9/01,3036,第一金-台中,5382,0,20,-20,0.39,10,sell
9/01,3036,永豐金-新店,0039004100390069,26,1,25,0.49,11,buy
9/01,3036,大昌,6460,1,20,-19,0.37,11,sell
9/01,3036,永豐金-匯立,0039004100380031,24,0,24,0.47,12,buy
9/01,3036,富邦-青埔,003900360031004e,2,18,-16,0.31,12,sell
9/01,3036,中國信託-文心,6164,23,0,23,0.45,13,buy
9/01,3036,統一-板橋,0035003800350050,0,13,-13,0.26,13,sell
9/01,3036,元大-新莊,9898,23,1,22,0.43,14,buy
9/01,3036,元大-員林,9889,0,13,-13,0.26,14,sell
9/01,3036,群益金鼎-瑞豐,0039003100380075,21,0,21,0.41,15,buy
9/01,3036,兆豐-三民,0037003000300068,1,14,-13,0.26,15,sell
9/01,8028,美商高盛,1480,356,88,268,7.63,1,buy
9/01,8028,台灣摩根士丹利,1470,90,249,-159,4.53,1,sell
9/01,8028,新加坡商瑞銀,1650,127,23,104,2.96,2,buy
9/01,8028,凱基-台北,9268,260,306,-46,1.31,2,sell
9/01,8028,永豐金-內湖,0039004100390067,80,2,78,2.22,3,buy
9/01,8028,元大-新盛,9869,1,36,-35,1.0,3,sell
9/01,8028,美林,1440,115,50,65,1.85,4,buy
9/01,8028,永豐金-市政,0039004100390057,1,29,-28,0.8,4,sell
9/01,8028,宏遠-高雄,0031003200360051,79,20,59,1.68,5,buy
9/01,8028,元大-新營,9825,3,30,-27,0.77,5,sell
9/01,8028,永豐金-古亭,0039004100390064,45,4,41,1.17,6,buy
9/01,8028,元大-土城,9897,11,37,-26,0.74,6,sell
9/01,8028,群益金鼎-大安,0039003100380065,34,0,34,0.97,7,buy
9/01,8028,台新-永和,0039004200320042,0,25,-25,0.71,7,sell
9/01,8028,元大證券,9800,192,160,32,0.91,8,buy
9/01,8028,群益金鼎-萬華,0039003100330049,1,24,-23,0.65,8,sell
9/01,8028,高橋,5320,50,20,30,0.85,9,buy
9/01,8028,國泰-台中,8882,15,37,-22,0.63,9,sell
9/01,8028,康和-內湖,0038003400350041,31,2,29,0.83,10,buy
9/01,8028,永豐金-忠孝,0039004100390044,0,20,-20,0.57,10,sell
9/01,8028,玉山-士林,0038003800340041,28,0,28,0.8,11,buy
9/01,8028,合庫-台中,1021,4,24,-20,0.57,11,sell
9/01,8028,摩根大通,8440,38,10,28,0.8,12,buy
9/01,8028,群益金鼎,9100,21,39,-18,0.51,12,sell
9/01,8028,凱基-站前,0039003200300046,35,10,25,0.71,13,buy
9/01,8028,元大-潮州,003900380031005a,0,17,-17,0.48,13,sell
9/01,8028,富邦-新板,0039003600310048,24,1,23,0.65,14,buy
9/01,8028,元大-小港,003900380039005a,0,14,-14,0.4,14,sell
9/01,8028,富邦-彰化,0039003600350055,22,1,21,0.6,15,buy
9/01,8028,第一金-自由,0035003300380045,2,15,-13,0.37,15,sell
9/01,1785,美商高盛,1480,289,41,248,8.73,1,buy
9/01,1785,摩根大通,8440,53,304,-251,8.83,1,sell
9/01,1785,凱基-台北,9268,389,291,98,3.45,2,buy
9/01,1785,新光-新竹,8563,2,77,-75,2.64,2,sell
9/01,1785,港商野村,1560,71,16,55,1.94,3,buy
9/01,1785,宏遠-館前,0031003200360055,4,55,-51,1.79,3,sell
9/01,1785,台新-松江,0039004200310035,50,0,50,1.76,4,buy
9/01,1785,元大-永康,9829,0,47,-47,1.65,4,sell
9/01,1785,美林,1440,56,12,44,1.55,5,buy
9/01,1785,富邦-仁愛,9676,7,47,-40,1.41,5,sell
9/01,1785,新加坡商瑞銀,1650,61,18,43,1.51,6,buy
9/01,1785,元大-向上,9824,11,40,-29,1.02,6,sell
9/01,1785,台新-台南,0039004200310036,40,1,39,1.37,7,buy
9/01,1785,玉山-新竹,0038003800340048,2,29,-27,0.95,7,sell
9/01,1785,永豐金-嘉義,003900410039006a,37,2,35,1.23,8,buy
9/01,1785,玉山-板橋,8846,5,27,-22,0.77,8,sell
9/01,1785,兆豐-台南,7006,34,0,34,1.2,9,buy
9/01,1785,台灣企銀-竹北,1117,0,21,-21,0.74,9,sell
9/01,1785,元大-新莊,9898,35,2,33,1.16,10,buy
9/01,1785,元大-西螺,0039003800310069,0,19,-19,0.67,10,sell
9/01,1785,新光-台中,8561,35,4,31,1.09,11,buy
9/01,1785,富邦-員林,9672,3,20,-17,0.6,11,sell
9/01,1785,第一金-新竹,0035003300380042,30,0,30,1.06,12,buy
9/01,1785,元大-中壢,9834,7,23,-16,0.56,12,sell
9/01,1785,中國信託-高雄,003600310036004b,36,8,28,0.99,13,buy
9/01,1785,群益金鼎-開元,9134,2,17,-15,0.53,13,sell
9/01,1785,元大-台中中港,0039003800390042,19,2,17,0.6,14,buy
9/01,1785,兆豐-北高雄,0037003000300049,0,13,-13,0.46,14,sell
9/01,1785,兆豐-西螺,0037003000300044,15,0,15,0.53,15,buy
9/01,1785,元大-台中,9812,0,13,-13,0.46,15,sell
9/01,6257,台灣摩根士丹利,1470,1386,443,943,5.75,1,buy
9/01,6257,群益金鼎-大安,0039003100380065,3,575,-572,3.49,1,sell
9/01,6257,元大證券,9800,1207,823,384,2.34,2,buy
9/01,6257,凱基-台北,9268,504,1036,-532,3.24,2,sell
9/01,6257,新加坡商瑞銀,1650,614,291,323,1.97,3,buy
9/01,6257,國票-敦北法人,0037003700390063,42,190,-148,0.9,3,sell
9/01,6257,美商高盛,1480,1560,1296,264,1.61,4,buy
9/01,6257,新光,8560,79,214,-135,0.82,4,sell
9/01,6257,富邦證券,9600,223,2,221,1.35,5,buy
9/01,6257,永豐金-桃園,0039004100390078,36,134,-98,0.6,5,sell
9/01,6257,台新-安南,003900420032005a,213,21,192,1.17,6,buy
9/01,6257,永豐金-信義,0039004100390052,12,81,-69,0.42,6,sell
9/01,6257,摩根大通,8440,372,195,177,1.08,7,buy
9/01,6257,兆豐-桃園,003700300030004d,7,69,-62,0.38,7,sell
9/01,6257,美林,1440,293,120,173,1.05,8,buy
9/01,6257,台新-三重,0039004200320033,7,65,-58,0.35,8,sell
9/01,6257,永豐金-豐原,0039004100390051,307,149,158,0.96,9,buy
9/01,6257,玉山-嘉義,8848,12,67,-55,0.34,9,sell
9/01,6257,國泰證券,8880,165,21,144,0.88,10,buy
9/01,6257,凱基-雙和,0039003200300043,17,68,-51,0.31,10,sell
9/01,6257,港商野村,1560,296,153,143,0.87,11,buy
9/01,6257,第一金-豐原,003500330038004e,3,46,-43,0.26,11,sell
9/01,6257,花旗環球,1590,144,19,125,0.76,12,buy
9/01,6257,富邦-三峽,003900360032004a,4,46,-42,0.26,12,sell
9/01,6257,統一,5850,99,46,53,0.32,13,buy
9/01,6257,統一-內湖,0035003800350062,1,40,-39,0.24,13,sell
9/01,6257,富邦-員林,9672,73,23,50,0.3,14,buy
9/01,6257,群益金鼎-瑞豐,0039003100380075,9,46,-37,0.23,14,sell
9/01,6257,富邦-仁愛,9676,77,31,46,0.28,15,buy
9/01,6257,國票-新莊,0037003700390047,1,38,-37,0.23,15,sell
9/01,5536,大和國泰,8890,100,0,100,14.43,1,buy
9/01,5536,台灣摩根士丹利,1470,37,74,-37,5.34,1,sell
9/01,5536,美林,1440,69,10,59,8.51,2,buy
9/01,5536,永豐金證券,0039004100300030,3,31,-28,4.04,2,sell
9/01,5536,港商野村,1560,28,3,25,3.61,3,buy
9/01,5536,摩根大通,8440,7,34,-27,3.9,3,sell
9/01,5536,美商高盛,1480,62,45,17,2.45,4,buy
9/01,5536,新加坡商瑞銀,1650,4,15,-11,1.59,4,sell
9/01,5536,統一,5850,17,4,13,1.88,5,buy
9/01,5536,第一金-中壢,0035003300380059,0,10,-10,1.44,5,sell
9/01,5536,台新-板橋,0039004200320062,10,0,10,1.44,6,buy
9/01,5536,元大-長庚,0039003800380056,0,10,-10,1.44,6,sell
9/01,5536,元大證券,9800,41,31,10,1.44,7,buy
9/01,5536,永豐金-市政,0039004100390057,3,13,-10,1.44,7,sell
9/01,5536,港商麥格理,1360,8,0,8,1.15,8,buy
9/01,5536,安泰-楠梓,8382,0,10,-10,1.44,8,sell
9/01,5536,永豐金-竹科,0039004100390058,6,0,6,0.87,9,buy
9/01,5536,中國信託-文心,6164,0,7,-7,1.01,9,sell
9/01,5536,兆豐-南門,0037003000300067,5,0,5,0.72,10,buy
9/01,5536,凱基-台北,9268,40,47,-7,1.01,10,sell
9/01,5536,兆豐-埔墘,003700300030004e,4,0,4,0.58,11,buy
9/01,5536,群益金鼎-三重,0039003100330067,30,35,-5,0.72,11,sell
9/01,5536,台新,0039004200300030,6,3,3,0.43,12,buy
9/01,5536,統一-台南,5855,0,5,-5,0.72,12,sell
9/01,5536,群益金鼎,9100,9,6,3,0.43,13,buy
9/01,5536,元大-莒光,003900380031004c,0,5,-5,0.72,13,sell
9/01,5536,群益金鼎-高盛,9105,3,0,3,0.43,14,buy
9/01,5536,富邦-仁愛,9676,1,4,-3,0.43,14,sell
9/01,5536,台新-松德,0039004200320061,4,1,3,0.43,15,buy
9/01,5536,臺銀-臺中,0031003000340041,0,3,-3,0.43,15,sell
9/01,6415,摩根大通,8440,441,71,370,7.21,1,buy
9/01,6415,香港上海匯豐,8960,123,765,-642,12.51,1,sell
9/01,6415,台灣摩根士丹利,1470,629,283,346,6.74,2,buy
9/01,6415,美商高盛,1480,654,1069,-415,8.09,2,sell
9/01,6415,凱基-台北,9268,560,275,285,5.55,3,buy
9/01,6415,富邦證券,9600,11,246,-235,4.58,3,sell
9/01,6415,元大證券,9800,453,324,129,2.51,4,buy
9/01,6415,台新-台北,0039004200320030,0,105,-105,2.05,4,sell
9/01,6415,港商野村,1560,131,31,100,1.95,5,buy
9/01,6415,凱基,9200,9,102,-93,1.81,5,sell
9/01,6415,大和國泰,8890,113,34,79,1.54,6,buy
9/01,6415,永豐金證券,0039004100300030,27,98,-71,1.38,6,sell
9/01,6415,新加坡商瑞銀,1650,117,38,79,1.54,7,buy
9/01,6415,國泰證券,8880,0,54,-54,1.05,7,sell
9/01,6415,富邦-南京,0039003600310043,56,1,55,1.07,8,buy
9/01,6415,港商麥格理,1360,0,44,-44,0.86,8,sell
9/01,6415,台新,0039004200300030,60,13,47,0.92,9,buy
9/01,6415,統一,5850,10,45,-35,0.68,9,sell
9/01,6415,群益金鼎,9100,84,40,44,0.86,10,buy
9/01,6415,永豐金-南京,0039004100390053,0,31,-31,0.6,10,sell
9/01,6415,北城證券,7750,39,1,38,0.74,11,buy
9/01,6415,花旗環球,1590,36,67,-31,0.6,11,sell
9/01,6415,國票-安和,003700370039005a,37,0,37,0.72,12,buy
9/01,6415,第一金-路竹,0035003300380050,2,19,-17,0.33,12,sell
9/01,6415,美林,1440,175,141,34,0.66,13,buy
9/01,6415,新光,8560,29,45,-16,0.31,13,sell
9/01,6415,凱基-市政,9239,32,0,32,0.62,14,buy
9/01,6415,永豐金-北高雄,0039004100390072,1,15,-14,0.27,14,sell
9/01,6415,富邦-永和,9654,25,2,23,0.45,15,buy
9/01,6415,統一-新竹,5857,1,14,-13,0.25,15,sell
9/01,9945,第一金-台中,5382,487,0,487,11.62,1,buy
9/01,9945,美商高盛,1480,148,1092,-944,22.52,1,sell
9/01,9945,香港上海匯豐,8960,367,0,367,8.75,2,buy
9/01,9945,摩根大通,8440,67,702,-635,15.15,2,sell
9/01,9945,國泰-桃園,8885,207,1,206,4.91,3,buy
9/01,9945,台灣摩根士丹利,1470,20,356,-336,8.02,3,sell
9/01,9945,新加坡商瑞銀,1650,301,96,205,4.89,4,buy
9/01,9945,永豐金-松山,0039004100390031,0,269,-269,6.42,4,sell
9/01,9945,中國信託-新竹,6165,115,0,115,2.74,5,buy
9/01,9945,台新,0039004200300030,45,196,-151,3.6,5,sell
9/01,9945,中國信託-文心,6164,116,8,108,2.58,6,buy
9/01,9945,凱基-虎尾,9236,20,133,-113,2.7,6,sell
9/01,9945,國泰-板橋,003800380038004b,103,2,101,2.41,7,buy
9/01,9945,元大-古亭,003900380039006b,0,110,-110,2.62,7,sell
9/01,9945,臺銀-新竹,1045,86,0,86,2.05,8,buy
9/01,9945,群益金鼎-館前,0039003100330059,0,100,-100,2.39,8,sell
9/01,9945,凱基-台北,9268,201,126,75,1.79,9,buy
9/01,9945,台灣企銀,1110,7,84,-77,1.84,9,sell
9/01,9945,臺銀,1040,69,1,68,1.62,10,buy
9/01,9945,國泰-高雄,8881,0,40,-40,0.95,10,sell
9/01,9945,法銀巴黎,8900,64,0,64,1.53,11,buy
9/01,9945,永豐金-豐原,0039004100390051,1,32,-31,0.74,11,sell
9/01,9945,元大-發財,0039003800310045,62,0,62,1.48,12,buy
9/01,9945,凱基-湖口,003900320030004e,0,22,-22,0.52,12,sell
9/01,9945,國票證券,7790,61,2,59,1.41,13,buy
9/01,9945,富邦-豐原,003900360033004c,0,20,-20,0.48,13,sell
9/01,9945,國泰-館前,0038003800380041,62,3,59,1.41,14,buy
9/01,9945,福邦-新竹,6489,0,20,-20,0.48,14,sell
9/01,9945,元大-府城,0039003800300075,53,0,53,1.26,15,buy
9/01,9945,合庫-自強,0031003000320043,5,25,-20,0.48,15,sell
