date,stock_code,broker_name,broker_id,buy_vol,sell_vol,net_vol,pct,rank,side
8/11,2330,港商麥格理,1360,2521,122,2399,14.23,1,buy
8/11,2330,台灣摩根士丹利,1470,924,2230,-1306,7.75,1,sell
8/11,2330,凱基-台北,9268,1542,347,1195,7.09,2,buy
8/11,2330,花旗環球,1590,985,1767,-782,4.64,2,sell
8/11,2330,美林,1440,1915,856,1059,6.28,3,buy
8/11,2330,元大證券,9800,341,880,-539,3.2,3,sell
8/11,2330,新加坡商瑞銀,1650,1091,319,772,4.58,4,buy
8/11,2330,富邦證券,9600,142,544,-402,2.38,4,sell
8/11,2330,凱基,9200,665,18,647,3.84,5,buy
8/11,2330,永豐金-匯立,0039004100380031,340,596,-256,1.52,5,sell
8/11,2330,永豐金證券,0039004100300030,438,128,310,1.84,6,buy
8/11,2330,法銀巴黎,8900,63,307,-244,1.45,6,sell
8/11,2330,港商野村,1560,336,60,276,1.64,7,buy
8/11,2330,德信,6910,4,202,-198,1.17,7,sell
8/11,2330,美商高盛,1480,1138,863,275,1.63,8,buy
8/11,2330,中國信託-忠孝,6162,3,127,-124,0.74,8,sell
8/11,2330,元大-中和,0039003800390065,204,3,201,1.19,9,buy
8/11,2330,兆豐-忠孝,0037003000300061,5,125,-120,0.71,9,sell
8/11,2330,香港上海匯豐,8960,237,56,181,1.07,10,buy
8/11,2330,國泰-敦南,8888,59,173,-114,0.68,10,sell
8/11,2330,摩根大通,8440,744,626,118,0.7,11,buy
8/11,2330,群益金鼎-大安,0039003100380065,0,111,-111,0.66,11,sell
8/11,2330,大和國泰,8890,140,50,90,0.53,12,buy
8/11,2330,統一,5850,44,149,-105,0.62,12,sell
8/11,2330,兆豐-新竹,0037003000300056,91,12,79,0.47,13,buy
8/11,2330,台新,0039004200300030,33,116,-83,0.49,13,sell
8/11,2330,台新-台北,0039004200320030,86,12,74,0.44,14,buy
8/11,2330,第一金-高雄,5383,3,82,-79,0.47,14,sell
8/11,2330,國泰證券,8880,76,4,72,0.43,15,buy
8/11,2330,新光,8560,67,144,-77,0.46,15,sell
8/11,2317,美林,1440,3474,949,2525,10.27,1,buy
8/11,2317,花旗環球,1590,246,2883,-2637,10.72,1,sell
8/11,2317,台灣摩根士丹利,1470,1715,1080,635,2.58,2,buy
8/11,2317,摩根大通,8440,948,1541,-593,2.41,2,sell
8/11,2317,國泰證券,8880,512,83,429,1.74,3,buy
8/11,2317,新加坡商瑞銀,1650,1445,1861,-416,1.69,3,sell
8/11,2317,凱基,9200,370,215,155,0.63,4,buy
8/11,2317,統一,5850,29,360,-331,1.35,4,sell
8/11,2317,群益金鼎,9100,219,97,122,0.5,5,buy
8/11,2317,美商高盛,1480,1063,1321,-258,1.05,5,sell
8/11,2317,港商麥格理,1360,257,140,117,0.48,6,buy
8/11,2317,元大證券,9800,1794,2023,-229,0.93,6,sell
8/11,2317,元大-信義,003900380039006d,111,1,110,0.45,7,buy
8/11,2317,台新-三民,0039004200310033,9,210,-201,0.82,7,sell
8/11,2317,新百王,6210,117,10,107,0.44,8,buy
8/11,2317,群益金鼎-基隆,0039003100330045,5,196,-191,0.78,8,sell
8/11,2317,兆豐證券,7000,106,3,103,0.42,9,buy
8/11,2317,永豐金-匯立,0039004100380031,795,977,-182,0.74,9,sell
8/11,2317,元大-館前,003900380034004b,94,4,90,0.37,10,buy
8/11,2317,兆豐-新竹,0037003000300056,19,136,-117,0.48,10,sell
8/11,2317,凱基-台北,9268,847,765,82,0.33,11,buy
8/11,2317,凱基-新店,0039003200300056,1,110,-109,0.44,11,sell
8/11,2317,港商野村,1560,79,9,70,0.28,12,buy
8/11,2317,大昌,6460,5,102,-97,0.39,12,sell
8/11,2317,元大-松江,9801,87,20,67,0.27,13,buy
8/11,2317,台新-松德,0039004200320061,14,107,-93,0.38,13,sell
8/11,2317,法銀巴黎,8900,67,2,65,0.26,14,buy
8/11,2317,元大-天母,0039003800310049,23,109,-86,0.35,14,sell
8/11,2317,元大-北三重,0039003800390056,64,4,60,0.24,15,buy
8/11,2317,富邦-三峽,003900360032004a,19,101,-82,0.33,15,sell
8/11,2454,新加坡商瑞銀,1650,1318,360,958,12.52,1,buy
8/11,2454,富邦證券,9600,191,490,-299,3.91,1,sell
8/11,2454,永豐金-匯立,0039004100380031,876,124,752,9.83,2,buy
8/11,2454,美商高盛,1480,124,410,-286,3.74,2,sell
8/11,2454,中國信託,6160,262,28,234,3.06,3,buy
8/11,2454,摩根大通,8440,283,493,-210,2.74,3,sell
8/11,2454,台灣摩根士丹利,1470,411,294,117,1.53,4,buy
8/11,2454,花旗環球,1590,130,312,-182,2.38,4,sell
8/11,2454,凱基-台北,9268,487,371,116,1.52,5,buy
8/11,2454,國泰證券,8880,48,167,-119,1.56,5,sell
8/11,2454,永豐金證券,0039004100300030,272,187,85,1.11,6,buy
8/11,2454,元大證券,9800,332,432,-100,1.31,6,sell
8/11,2454,統一,5850,114,42,72,0.94,7,buy
8/11,2454,華南永昌,9300,17,81,-64,0.84,7,sell
8/11,2454,大和國泰,8890,62,3,59,0.77,8,buy
8/11,2454,凱基-市府,0039003200300044,1,57,-56,0.73,8,sell
8/11,2454,國票-台中,0037003700390076,40,2,38,0.5,9,buy
8/11,2454,港商麥格理,1360,26,69,-43,0.56,9,sell
8/11,2454,元大-南京,9862,46,9,37,0.48,10,buy
8/11,2454,國泰-敦南,8888,92,134,-42,0.55,10,sell
8/11,2454,聯邦-台南,8588,30,0,30,0.39,11,buy
8/11,2454,法銀巴黎,8900,2,42,-40,0.52,11,sell
8/11,2454,永豐金-復興,003900410039005a,22,1,21,0.27,12,buy
8/11,2454,兆豐證券,7000,4,41,-37,0.48,12,sell
8/11,2454,元大-金華,9878,21,0,21,0.27,13,buy
8/11,2454,富邦-台北,9623,6,41,-35,0.46,13,sell
8/11,2454,台新-五權西,0039004200320035,43,23,20,0.26,14,buy
8/11,2454,凱基-竹科,9272,3,37,-34,0.44,14,sell
8/11,2454,康和,8450,31,12,19,0.25,15,buy
8/11,2454,福邦證券,6480,2,34,-32,0.42,15,sell
8/11,2308,摩根大通,8440,1443,489,954,5.12,1,buy
8/11,2308,台灣摩根士丹利,1470,409,2240,-1831,9.83,1,sell
8/11,2308,群益金鼎,9100,627,81,546,2.93,2,buy
8/11,2308,新加坡商瑞銀,1650,419,1656,-1237,6.64,2,sell
8/11,2308,國泰證券,8880,531,129,402,2.16,3,buy
8/11,2308,美林,1440,134,1022,-888,4.77,3,sell
8/11,2308,永豐金證券,0039004100300030,488,92,396,2.13,4,buy
8/11,2308,美商高盛,1480,1256,1749,-493,2.65,4,sell
8/11,2308,港商麥格理,1360,407,50,357,1.92,5,buy
8/11,2308,花旗環球,1590,344,828,-484,2.6,5,sell
8/11,2308,大和國泰,8890,309,0,309,1.66,6,buy
8/11,2308,凱基-台北,9268,881,1317,-436,2.34,6,sell
8/11,2308,華南永昌,9300,326,21,305,1.64,7,buy
8/11,2308,元大證券,9800,1580,1896,-316,1.7,7,sell
8/11,2308,富邦證券,9600,1159,905,254,1.36,8,buy
8/11,2308,永豐金-敦北,0039004100380039,27,222,-195,1.05,8,sell
8/11,2308,中國信託,6160,351,164,187,1.0,9,buy
8/11,2308,港商野村,1560,60,235,-175,0.94,9,sell
8/11,2308,台新-台北,0039004200320030,186,23,163,0.87,10,buy
8/11,2308,凱基-城中,9227,36,174,-138,0.74,10,sell
8/11,2308,統一,5850,322,211,111,0.6,11,buy
8/11,2308,台新-五權西,0039004200320035,7,98,-91,0.49,11,sell
8/11,2308,新光-新竹,8563,107,10,97,0.52,12,buy
8/11,2308,兆豐-嘉義,7001,1,76,-75,0.4,12,sell
8/11,2308,凱基-站前,0039003200300046,107,18,89,0.48,13,buy
8/11,2308,統一-城中,5854,8,71,-63,0.34,13,sell
8/11,2308,凱基,9200,183,100,83,0.45,14,buy
8/11,2308,國票-安和,003700370039005a,39,101,-62,0.33,14,sell
8/11,2308,凱基-桃園,9208,96,18,78,0.42,15,buy
8/11,2308,彰銀,1230,6,58,-52,0.28,15,sell
8/11,2891,永豐金-匯立,0039004100380031,4747,1432,3315,11.49,1,buy
8/11,2891,花旗環球,1590,7,3074,-3067,10.63,1,sell
8/11,2891,台灣摩根士丹利,1470,2731,800,1931,6.7,2,buy
8/11,2891,華南永昌-中正,9359,3,1803,-1800,6.24,2,sell
8/11,2891,美商高盛,1480,2675,1036,1639,5.68,3,buy
8/11,2891,摩根大通,8440,2412,3717,-1305,4.52,3,sell
8/11,2891,美林,1440,2458,962,1496,5.19,4,buy
8/11,2891,凱基-台北,9268,1049,1986,-937,3.25,4,sell
8/11,2891,元大證券,9800,3076,1977,1099,3.81,5,buy
8/11,2891,華南永昌,9300,6,832,-826,2.86,5,sell
8/11,2891,凱基,9200,629,0,629,2.18,6,buy
8/11,2891,香港上海匯豐,8960,43,451,-408,1.41,6,sell
8/11,2891,新加坡商瑞銀,1650,1528,1077,451,1.56,7,buy
8/11,2891,法銀巴黎,8900,0,292,-292,1.01,7,sell
8/11,2891,港商麥格理,1360,2822,2423,399,1.38,8,buy
8/11,2891,永豐金證券,0039004100300030,274,532,-258,0.89,8,sell
8/11,2891,大和國泰,8890,322,0,322,1.12,9,buy
8/11,2891,台新-九如,0039004200320031,8,200,-192,0.67,9,sell
8/11,2891,港商野村,1560,376,75,301,1.04,10,buy
8/11,2891,合庫-台南,1022,7,181,-174,0.6,10,sell
8/11,2891,元大-新竹經國,9859,242,3,239,0.83,11,buy
8/11,2891,富邦-板橋,9655,18,174,-156,0.54,11,sell
8/11,2891,中國信託,6160,235,128,107,0.37,12,buy
8/11,2891,康和,8450,13,130,-117,0.41,12,sell
8/11,2891,富邦-嘉義,9692,67,10,57,0.2,13,buy
8/11,2891,富邦-新板,0039003600310048,0,109,-109,0.38,13,sell
8/11,2891,台新,0039004200300030,141,90,51,0.18,14,buy
8/11,2891,第一金-安和,003500330038006a,0,102,-102,0.35,14,sell
8/11,2891,元大-汐止,0039003800390051,43,3,40,0.14,15,buy
8/11,2891,國泰-高雄,8881,3,92,-89,0.31,15,sell
8/11,2881,港商麥格理,1360,2060,11,2049,18.45,1,buy
8/11,2881,花旗環球,1590,81,1938,-1857,16.72,1,sell
8/11,2881,凱基-台北,9268,1238,252,986,8.88,2,buy
8/11,2881,摩根大通,8440,472,1060,-588,5.29,2,sell
8/11,2881,美林,1440,1067,455,612,5.51,3,buy
8/11,2881,新加坡商瑞銀,1650,687,1074,-387,3.48,3,sell
8/11,2881,香港上海匯豐,8960,199,0,199,1.79,4,buy
8/11,2881,國泰證券,8880,5,193,-188,1.69,4,sell
8/11,2881,兆豐-城中,0037003000300057,818,678,140,1.26,5,buy
8/11,2881,美商高盛,1480,807,973,-166,1.49,5,sell
8/11,2881,台灣摩根士丹利,1470,1699,1621,78,0.7,6,buy
8/11,2881,第一金,5380,0,125,-125,1.13,6,sell
8/11,2881,法銀巴黎,8900,78,2,76,0.68,7,buy
8/11,2881,兆豐證券,7000,0,125,-125,1.13,7,sell
8/11,2881,國泰-敦南,8888,49,25,24,0.22,8,buy
8/11,2881,富邦-南京,0039003600310043,0,85,-85,0.77,8,sell
8/11,2881,大和國泰,8890,24,0,24,0.22,9,buy
8/11,2881,永豐金-匯立,0039004100380031,0,83,-83,0.75,9,sell
8/11,2881,玉山-雙和,8841,33,20,13,0.12,10,buy
8/11,2881,港商野村,1560,1,83,-82,0.74,10,sell
8/11,2881,華南永昌-嘉義,9314,12,0,12,0.11,11,buy
8/11,2881,元大證券,9800,481,558,-77,0.69,11,sell
8/11,2881,第一金-中山,5389,11,1,10,0.09,12,buy
8/11,2881,永豐金證券,0039004100300030,4,79,-75,0.68,12,sell
8/11,2881,德信,6910,10,0,10,0.09,13,buy
8/11,2881,統一,5850,14,43,-29,0.26,13,sell
8/11,2881,台新-同大,0039004200320050,10,0,10,0.09,14,buy
8/11,2881,中國信託,6160,3,31,-28,0.25,14,sell
8/11,2881,臺銀-金山,0031003000340044,10,1,9,0.08,15,buy
8/11,2881,富邦-內湖,9627,0,27,-27,0.24,15,sell
8/11,2882,港商麥格理,1360,1285,1,1284,8.37,1,buy
8/11,2882,台灣摩根士丹利,1470,188,2027,-1839,11.99,1,sell
8/11,2882,美林,1440,2369,1279,1090,7.11,2,buy
8/11,2882,新加坡商瑞銀,1650,899,1724,-825,5.38,2,sell
8/11,2882,港商野村,1560,990,11,979,6.39,3,buy
8/11,2882,國泰-館前,0038003800380041,44,529,-485,3.16,3,sell
8/11,2882,美商高盛,1480,1551,986,565,3.69,4,buy
8/11,2882,花旗環球,1590,1759,2236,-477,3.11,4,sell
8/11,2882,元大證券,9800,936,751,185,1.21,5,buy
8/11,2882,台新-虎尾,003900420032004e,0,366,-366,2.39,5,sell
8/11,2882,永豐金-匯立,0039004100380031,130,0,130,0.85,6,buy
8/11,2882,香港上海匯豐,8960,33,383,-350,2.28,6,sell
8/11,2882,凱基-高雄,9206,240,126,114,0.74,7,buy
8/11,2882,國泰證券,8880,7,326,-319,2.08,7,sell
8/11,2882,國泰-敦南,8888,178,86,92,0.6,8,buy
8/11,2882,凱基-台北,9268,563,868,-305,1.99,8,sell
8/11,2882,(牛牛牛)亞證券,6010,44,0,44,0.29,9,buy
8/11,2882,群益金鼎-館前,0039003100330059,3,172,-169,1.1,9,sell
8/11,2882,富邦-高雄,9659,44,3,41,0.27,10,buy
8/11,2882,摩根大通,8440,646,804,-158,1.03,10,sell
8/11,2882,美好,5260,40,0,40,0.26,11,buy
8/11,2882,富邦證券,9600,26,152,-126,0.82,11,sell
8/11,2882,凱基-信義,9216,40,0,40,0.26,12,buy
8/11,2882,中國信託,6160,12,130,-118,0.77,12,sell
8/11,2882,華南永昌-台南,9306,40,0,40,0.26,13,buy
8/11,2882,富邦-永和,9654,4,39,-35,0.23,13,sell
8/11,2882,永豐金-忠孝,0039004100390044,205,165,40,0.26,14,buy
8/11,2882,富邦-台北,9623,27,60,-33,0.22,14,sell
8/11,2882,永豐金-新莊,0039004100390048,37,0,37,0.24,15,buy
8/11,2882,華南永昌-麻豆,9308,0,30,-30,0.2,15,sell
8/11,2303,美商高盛,1480,8537,3814,4723,5.91,1,buy
8/11,2303,富邦證券,9600,28,3214,-3186,3.99,1,sell
8/11,2303,台灣摩根士丹利,1470,4286,979,3307,4.14,2,buy
8/11,2303,元大證券,9800,8883,10790,-1907,2.39,2,sell
8/11,2303,港商麥格理,1360,3088,35,3053,3.82,3,buy
8/11,2303,凱基,9200,462,1648,-1186,1.48,3,sell
8/11,2303,凱基-台北,9268,3280,2400,880,1.1,4,buy
8/11,2303,統一-城中,5854,87,1122,-1035,1.3,4,sell
8/11,2303,永豐金-匯立,0039004100380031,638,0,638,0.8,5,buy
8/11,2303,元大-台北,0039003800300068,66,1046,-980,1.23,5,sell
8/11,2303,兆豐證券,7000,662,26,636,0.8,6,buy
8/11,2303,玉山-台南,8847,102,711,-609,0.76,6,sell
8/11,2303,港商野村,1560,616,60,556,0.7,7,buy
8/11,2303,群益金鼎,9100,756,1240,-484,0.61,7,sell
8/11,2303,凱基-城中,9227,540,19,521,0.65,8,buy
8/11,2303,兆豐-鹿港,0037003000300066,35,508,-473,0.59,8,sell
8/11,2303,元大-金華,9878,527,23,504,0.63,9,buy
8/11,2303,美林,1440,608,1076,-468,0.59,9,sell
8/11,2303,宏遠證券,1260,510,37,473,0.59,10,buy
8/11,2303,新加坡商瑞銀,1650,1068,1497,-429,0.54,10,sell
8/11,2303,台新-新莊,0039004200310039,445,33,412,0.52,11,buy
8/11,2303,富邦-中壢,9636,72,484,-412,0.52,11,sell
8/11,2303,新光,8560,811,487,324,0.41,12,buy
8/11,2303,統一,5850,241,646,-405,0.51,12,sell
8/11,2303,北城證券,7750,323,17,306,0.38,13,buy
8/11,2303,兆豐-彰化,0037003000300064,161,508,-347,0.43,13,sell
8/11,2303,元大-崇德,0039003800310053,240,45,195,0.24,14,buy
8/11,2303,元大-天母,0039003800310049,42,353,-311,0.39,14,sell
8/11,2303,摩根大通,8440,3431,3246,185,0.23,15,buy
8/11,2303,第一金,5380,118,419,-301,0.38,15,sell
8/11,3711,港商麥格理,1360,4287,1,4286,22.24,1,buy
8/11,3711,摩根大通,8440,513,2311,-1798,9.33,1,sell
8/11,3711,元大證券,9800,2394,1336,1058,5.49,2,buy
8/11,3711,國票-敦北法人,0037003700390063,0,902,-902,4.68,2,sell
8/11,3711,富邦證券,9600,432,233,199,1.03,3,buy
8/11,3711,新加坡商瑞銀,1650,261,901,-640,3.32,3,sell
8/11,3711,兆豐-鹿港,0037003000300066,166,3,163,0.85,4,buy
8/11,3711,康和,8450,10,506,-496,2.57,4,sell
8/11,3711,統一-城中,5854,159,39,120,0.62,5,buy
8/11,3711,港商野村,1560,165,639,-474,2.46,5,sell
8/11,3711,台新,0039004200300030,172,77,95,0.49,6,buy
8/11,3711,美林,1440,165,578,-413,2.14,6,sell
8/11,3711,台新-台北,0039004200320030,92,2,90,0.47,7,buy
8/11,3711,香港上海匯豐,8960,14,411,-397,2.06,7,sell
8/11,3711,凱基-台北,9268,1021,958,63,0.33,8,buy
8/11,3711,花旗環球,1590,410,760,-350,1.82,8,sell
8/11,3711,國泰-桃園,8885,84,31,53,0.27,9,buy
8/11,3711,永豐金-匯立,0039004100380031,1,298,-297,1.54,9,sell
8/11,3711,凱基-城中,9227,52,0,52,0.27,10,buy
8/11,3711,台灣摩根士丹利,1470,827,1055,-228,1.18,10,sell
8/11,3711,華南永昌,9300,63,12,51,0.26,11,buy
8/11,3711,凱基,9200,24,199,-175,0.91,11,sell
8/11,3711,元大-六合,0039003800320043,61,11,50,0.26,12,buy
8/11,3711,統一,5850,83,207,-124,0.64,12,sell
8/11,3711,大和國泰,8890,47,0,47,0.24,13,buy
8/11,3711,土銀,1030,4,101,-97,0.5,13,sell
8/11,3711,宏遠-光隆,0031003200360069,30,3,27,0.14,14,buy
8/11,3711,永豐金證券,0039004100300030,171,264,-93,0.48,14,sell
8/11,3711,亞東-新竹,2184,25,0,25,0.13,15,buy
8/11,3711,元大-蘆洲,9857,12,67,-55,0.29,15,sell
8/11,2603,元大證券,9800,3451,647,2804,22.45,1,buy
8/11,2603,港商麥格理,1360,20,660,-640,5.12,1,sell
8/11,2603,台灣摩根士丹利,1470,1879,275,1604,12.84,2,buy
8/11,2603,凱基-屏東,0039003200320043,0,371,-371,2.97,2,sell
8/11,2603,美商高盛,1480,1657,161,1496,11.98,3,buy
8/11,2603,國泰-敦南,8888,49,271,-222,1.78,3,sell
8/11,2603,美林,1440,597,11,586,4.69,4,buy
8/11,2603,新光,8560,78,294,-216,1.73,4,sell
8/11,2603,摩根大通,8440,559,164,395,3.16,5,buy
8/11,2603,花旗環球,1590,117,255,-138,1.1,5,sell
8/11,2603,凱基-台北,9268,834,479,355,2.84,6,buy
8/11,2603,台新-烏日,0039004200320063,1,111,-110,0.88,6,sell
8/11,2603,港商野村,1560,308,0,308,2.47,7,buy
8/11,2603,華南永昌-苗栗,9362,0,104,-104,0.83,7,sell
8/11,2603,新加坡商瑞銀,1650,189,42,147,1.18,8,buy
8/11,2603,台新,0039004200300030,48,143,-95,0.76,8,sell
8/11,2603,永豐金證券,0039004100300030,261,135,126,1.01,9,buy
8/11,2603,富邦-敦南,9663,4,80,-76,0.61,9,sell
8/11,2603,富邦證券,9600,174,112,62,0.5,10,buy
8/11,2603,元大-和平,9863,4,74,-70,0.56,10,sell
8/11,2603,玉山證券,8840,93,37,56,0.45,11,buy
8/11,2603,永豐金-萬盛,0039004100390032,0,70,-70,0.56,11,sell
8/11,2603,凱基,9200,62,10,52,0.42,12,buy
8/11,2603,彰銀,1230,0,66,-66,0.53,12,sell
8/11,2603,國泰證券,8880,42,4,38,0.3,13,buy
8/11,2603,永豐金-桃園,0039004100390078,8,74,-66,0.53,13,sell
8/11,2603,台新-台北,0039004200320030,25,6,19,0.15,14,buy
8/11,2603,富邦-仁愛,9676,1,65,-64,0.51,14,sell
8/11,2603,元大-中崙,9813,34,16,18,0.14,15,buy
8/11,2603,新光-台中,8561,25,86,-61,0.49,15,sell
8/11,2609,美商高盛,1480,3778,181,3597,15.79,1,buy
8/11,2609,凱基,9200,2,2300,-2298,10.09,1,sell
8/11,2609,台灣摩根士丹利,1470,2801,527,2274,9.98,2,buy
8/11,2609,玉山證券,8840,59,1430,-1371,6.02,2,sell
8/11,2609,凱基-台北,9268,2009,1292,717,3.15,3,buy
8/11,2609,美林,1440,27,760,-733,3.22,3,sell
8/11,2609,摩根大通,8440,847,352,495,2.17,4,buy
8/11,2609,群益金鼎,9100,241,718,-477,2.09,4,sell
8/11,2609,花旗環球,1590,825,363,462,2.03,5,buy
8/11,2609,中國信託,6160,21,385,-364,1.6,5,sell
8/11,2609,華南永昌-東昇,9386,371,5,366,1.61,6,buy
8/11,2609,群益金鼎-西松,9136,0,281,-281,1.23,6,sell
8/11,2609,永豐金證券,0039004100300030,451,85,366,1.61,7,buy
8/11,2609,元大-路竹,0039003800310043,5,279,-274,1.2,7,sell
8/11,2609,中國信託-中壢,0036003100360041,212,37,175,0.77,8,buy
8/11,2609,國泰-桃園,8885,19,280,-261,1.15,8,sell
8/11,2609,元大證券,9800,1094,958,136,0.6,9,buy
8/11,2609,新加坡商瑞銀,1650,224,466,-242,1.06,9,sell
8/11,2609,法銀巴黎,8900,135,0,135,0.59,10,buy
8/11,2609,永豐金-中和,0039004100390042,2,210,-208,0.91,10,sell
8/11,2609,凱基-中山,9229,133,3,130,0.57,11,buy
8/11,2609,元大-福營,0039003800310046,7,215,-208,0.91,11,sell
8/11,2609,台灣企銀-台中,1111,122,7,115,0.5,12,buy
8/11,2609,國泰-敦南,8888,199,374,-175,0.77,12,sell
8/11,2609,康和-永和,0038003400350042,261,148,113,0.5,13,buy
8/11,2609,玉山-景美,8849,2,158,-156,0.68,13,sell
8/11,2609,國票-中和,0037003700390058,114,5,109,0.48,14,buy
8/11,2609,新光,8560,118,246,-128,0.56,14,sell
8/11,2609,群益金鼎-古亭,0039003100380043,120,11,109,0.48,15,buy
8/11,2609,第一金-桃園,5385,2,110,-108,0.47,15,sell
8/11,2615,美商高盛,1480,1557,113,1444,10.68,1,buy
8/11,2615,群益金鼎-高盛,9105,0,316,-316,2.34,1,sell
8/11,2615,摩根大通,8440,1109,187,922,6.82,2,buy
8/11,2615,台新,0039004200300030,88,214,-126,0.93,2,sell
8/11,2615,凱基-台北,9268,1662,847,815,6.03,3,buy
8/11,2615,永豐金-匯立,0039004100380031,0,124,-124,0.92,3,sell
8/11,2615,台灣摩根士丹利,1470,819,388,431,3.19,4,buy
8/11,2615,凱基-五股,0039003200310047,1,117,-116,0.86,4,sell
8/11,2615,美林,1440,360,111,249,1.84,5,buy
8/11,2615,康和-台北,0038003400350055,0,90,-90,0.67,5,sell
8/11,2615,合庫-高雄,1023,190,3,187,1.38,6,buy
8/11,2615,凱基-站前,0039003200300046,1,87,-86,0.64,6,sell
8/11,2615,新加坡商瑞銀,1650,264,78,186,1.38,7,buy
8/11,2615,美好,5260,4,85,-81,0.6,7,sell
8/11,2615,港商野村,1560,171,4,167,1.24,8,buy
8/11,2615,元大-歸仁,0039003800310061,2,68,-66,0.49,8,sell
8/11,2615,元大-土城學府,9822,144,2,142,1.05,9,buy
8/11,2615,新光,8560,108,174,-66,0.49,9,sell
8/11,2615,元大證券,9800,397,282,115,0.85,10,buy
8/11,2615,國泰-新莊,8886,4,66,-62,0.46,10,sell
8/11,2615,合庫證券,1020,162,54,108,0.8,11,buy
8/11,2615,元大-基隆孝二,003900380036004b,2,60,-58,0.43,11,sell
8/11,2615,永豐金證券,0039004100300030,353,273,80,0.59,12,buy
8/11,2615,富邦-羅東,9634,9,67,-58,0.43,12,sell
8/11,2615,美好-基隆,5267,79,1,78,0.58,13,buy
8/11,2615,富邦-仁愛,9676,21,78,-57,0.42,13,sell
8/11,2615,第一金-頭份,0035003300380049,95,25,70,0.52,14,buy
8/11,2615,元大-大灣,9815,3,58,-55,0.41,14,sell
8/11,2615,元大-中崙,9813,88,32,56,0.41,15,buy
8/11,2615,群益金鼎-古亭,0039003100380043,40,92,-52,0.38,15,sell
8/11,2618,元大證券,9800,4660,1385,3275,8.93,1,buy
8/11,2618,富邦證券,9600,38,4002,-3964,10.81,1,sell
8/11,2618,永豐金-匯立,0039004100380031,1838,0,1838,5.01,2,buy
8/11,2618,新加坡商瑞銀,1650,246,2343,-2097,5.72,2,sell
8/11,2618,富邦-虎尾,9697,1207,9,1198,3.27,3,buy
8/11,2618,摩根大通,8440,2919,4842,-1923,5.25,3,sell
8/11,2618,華南永昌,9300,793,35,758,2.07,4,buy
8/11,2618,凱基-台北,9268,1751,3476,-1725,4.71,4,sell
8/11,2618,第一金,5380,601,2,599,1.63,5,buy
8/11,2618,美商高盛,1480,945,2056,-1111,3.03,5,sell
8/11,2618,永豐金-內湖,0039004100390067,299,6,293,0.8,6,buy
8/11,2618,台灣摩根士丹利,1470,4054,4774,-720,1.96,6,sell
8/11,2618,永豐金-台中,003900410039004c,254,1,253,0.69,7,buy
8/11,2618,港商麥格理,1360,0,418,-418,1.14,7,sell
8/11,2618,凱基-中山,9229,194,0,194,0.53,8,buy
8/11,2618,法銀巴黎,8900,0,345,-345,0.94,8,sell
8/11,2618,花旗環球,1590,674,513,161,0.44,9,buy
8/11,2618,合庫證券,1020,23,357,-334,0.91,9,sell
8/11,2618,合庫-高雄,1023,165,6,159,0.43,10,buy
8/11,2618,凱基-大安,9291,20,265,-245,0.67,10,sell
8/11,2618,國泰-敦南,8888,376,219,157,0.43,11,buy
8/11,2618,凱基-中壢,9285,20,263,-243,0.66,11,sell
8/11,2618,國泰證券,8880,142,4,138,0.38,12,buy
8/11,2618,兆豐-北高雄,0037003000300049,5,220,-215,0.59,12,sell
8/11,2618,富邦-板橋,9655,251,119,132,0.36,13,buy
8/11,2618,華南永昌-桃園,9352,1,200,-199,0.54,13,sell
8/11,2618,國泰-松江,8883,134,3,131,0.36,14,buy
8/11,2618,群益金鼎-新莊,0039003100380047,24,213,-189,0.52,14,sell
8/11,2618,群益金鼎-開元,9134,126,0,126,0.34,15,buy
8/11,2618,富邦-陽明,9604,82,233,-151,0.41,15,sell
8/11,3037,摩根大通,8440,631,121,510,9.84,1,buy
8/11,3037,新加坡商瑞銀,1650,89,709,-620,11.97,1,sell
8/11,3037,台灣摩根士丹利,1470,883,409,474,9.15,2,buy
8/11,3037,華南永昌,9300,8,213,-205,3.96,2,sell
8/11,3037,美商高盛,1480,440,274,166,3.2,3,buy
8/11,3037,永豐金-信義,0039004100390052,3,65,-62,1.2,3,sell
8/11,3037,港商麥格理,1360,161,85,76,1.47,4,buy
8/11,3037,凱基-站前,0039003200300046,10,52,-42,0.81,4,sell
8/11,3037,台新-北新莊,0039004200320038,64,0,64,1.24,5,buy
8/11,3037,宏遠證券,1260,11,50,-39,0.75,5,sell
8/11,3037,富邦證券,9600,65,1,64,1.24,6,buy
8/11,3037,國泰-敦南,8888,47,85,-38,0.73,6,sell
8/11,3037,凱基-台北,9268,283,221,62,1.2,7,buy
8/11,3037,統一,5850,112,150,-38,0.73,7,sell
8/11,3037,花旗環球,1590,97,61,36,0.69,8,buy
8/11,3037,美林,1440,208,245,-37,0.71,8,sell
8/11,3037,法銀巴黎,8900,29,0,29,0.56,9,buy
8/11,3037,國泰-台中,8882,7,41,-34,0.66,9,sell
8/11,3037,玉山證券,8840,33,5,28,0.54,10,buy
8/11,3037,台新,0039004200300030,15,46,-31,0.6,10,sell
8/11,3037,兆豐-南京,0037003000300050,27,3,24,0.46,11,buy
8/11,3037,凱基-宜蘭,003900320030004d,0,29,-29,0.56,11,sell
8/11,3037,統一-士林,003500380035004d,27,8,19,0.37,12,buy
8/11,3037,永豐金-忠孝,0039004100390044,0,28,-28,0.54,12,sell
8/11,3037,永豐金-匯立,0039004100380031,29,11,18,0.35,13,buy
8/11,3037,凱基,9200,12,38,-26,0.5,13,sell
8/11,3037,香港上海匯豐,8960,39,22,17,0.33,14,buy
8/11,3037,永豐金證券,0039004100300030,22,45,-23,0.44,14,sell
8/11,3037,富邦-台北,9623,26,10,16,0.31,15,buy
8/11,3037,第一金-自由,0035003300380045,1,23,-22,0.42,15,sell
8/11,2345,美商高盛,1480,424,232,192,5.6,1,buy
8/11,2345,台灣摩根士丹利,1470,241,522,-281,8.19,1,sell
8/11,2345,美林,1440,263,172,91,2.65,2,buy
8/11,2345,花旗環球,1590,41,174,-133,3.88,2,sell
8/11,2345,港商野村,1560,85,34,51,1.49,3,buy
8/11,2345,港商麥格理,1360,48,141,-93,2.71,3,sell
8/11,2345,永豐金證券,0039004100300030,116,77,39,1.14,4,buy
8/11,2345,摩根大通,8440,150,218,-68,1.98,4,sell
8/11,2345,群益金鼎-中壢,0039003100380041,18,0,18,0.52,5,buy
8/11,2345,新加坡商瑞銀,1650,45,90,-45,1.31,5,sell
8/11,2345,國泰-敦南,8888,37,21,16,0.47,6,buy
8/11,2345,元大證券,9800,404,445,-41,1.2,6,sell
8/11,2345,新光,8560,26,11,15,0.44,7,buy
8/11,2345,富邦證券,9600,44,82,-38,1.11,7,sell
8/11,2345,國泰證券,8880,12,1,11,0.32,8,buy
8/11,2345,中國信託,6160,8,43,-35,1.02,8,sell
8/11,2345,日茂,5960,11,0,11,0.32,9,buy
8/11,2345,統一,5850,54,88,-34,0.99,9,sell
8/11,2345,元大-土城永寧,9875,11,1,10,0.29,10,buy
8/11,2345,華南永昌,9300,3,32,-29,0.85,10,sell
8/11,2345,第一金-大稻埕,0035003300380046,10,0,10,0.29,11,buy
8/11,2345,第一金,5380,4,24,-20,0.58,11,sell
8/11,2345,永豐金-萬盛,0039004100390032,10,0,10,0.29,12,buy
8/11,2345,凱基-中港,9202,0,20,-20,0.58,12,sell
8/11,2345,群益金鼎-內湖,0039003100380064,10,0,10,0.29,13,buy
8/11,2345,群益金鼎,9100,29,47,-18,0.52,13,sell
8/11,2345,富邦-仁愛,9676,19,9,10,0.29,14,buy
8/11,2345,群益金鼎-台中,9184,0,17,-17,0.5,14,sell
8/11,2345,合庫-桃園,0031003000320045,15,6,9,0.26,15,buy
8/11,2345,兆豐證券,7000,1,15,-14,0.41,15,sell
8/11,3006,凱基-台北,9268,919,199,720,12.96,1,buy
8/11,3006,新加坡商瑞銀,1650,6,752,-746,13.43,1,sell
8/11,3006,摩根大通,8440,465,3,462,8.32,2,buy
8/11,3006,凱基-竹科,9272,4,242,-238,4.28,2,sell
8/11,3006,台灣摩根士丹利,1470,284,186,98,1.76,3,buy
8/11,3006,永豐金-匯立,0039004100380031,29,242,-213,3.83,3,sell
8/11,3006,美商高盛,1480,201,114,87,1.57,4,buy
8/11,3006,兆豐-高雄,003700300030005a,4,112,-108,1.94,4,sell
8/11,3006,聯邦證券,8580,80,2,78,1.4,5,buy
8/11,3006,國泰-松江,8883,5,81,-76,1.37,5,sell
8/11,3006,元大-館前,003900380034004b,75,2,73,1.31,6,buy
8/11,3006,台灣企銀-豐原,1118,2,66,-64,1.15,6,sell
8/11,3006,美林,1440,97,35,62,1.12,7,buy
8/11,3006,統一-台南,5855,1,51,-50,0.9,7,sell
8/11,3006,永豐金-天母,0039004100390047,44,5,39,0.7,8,buy
8/11,3006,台新,0039004200300030,22,67,-45,0.81,8,sell
8/11,3006,群益金鼎,9100,110,75,35,0.63,9,buy
8/11,3006,兆豐-忠孝,0037003000300061,5,45,-40,0.72,9,sell
8/11,3006,花旗環球,1590,33,0,33,0.59,10,buy
8/11,3006,永豐金-嘉義,003900410039006a,1,30,-29,0.52,10,sell
8/11,3006,國票-南科,0037003700390065,34,2,32,0.58,11,buy
8/11,3006,台新-高雄,0039004200310067,7,37,-30,0.54,11,sell
8/11,3006,元大-竹科,003900380030004b,46,15,31,0.56,12,buy
8/11,3006,第一金-路竹,0035003300380050,4,33,-29,0.52,12,sell
8/11,3006,富邦-建國,9658,53,24,29,0.52,13,buy
8/11,3006,群益金鼎-東大,9135,11,39,-28,0.5,13,sell
8/11,3006,凱基-湖口,003900320030004e,29,5,24,0.43,14,buy
8/11,3006,元大-府城,0039003800300075,1,28,-27,0.49,14,sell
8/11,3006,永豐金-中正,0039004100390055,27,3,24,0.43,15,buy
8/11,3006,統一-板橋,0035003800350050,4,31,-27,0.49,15,sell
8/11,2379,美林,1440,197,20,177,7.49,1,buy
8/11,2379,凱基-台北,9268,103,234,-131,5.55,1,sell
8/11,2379,台灣摩根士丹利,1470,224,52,172,7.28,2,buy
8/11,2379,摩根大通,8440,164,290,-126,5.33,2,sell
8/11,2379,港商麥格理,1360,122,2,120,5.08,3,buy
8/11,2379,中國信託,6160,0,64,-64,2.71,3,sell
8/11,2379,香港上海匯豐,8960,101,0,101,4.28,4,buy
8/11,2379,永豐金證券,0039004100300030,3,61,-58,2.46,4,sell
8/11,2379,富邦證券,9600,85,16,69,2.92,5,buy
8/11,2379,元大證券,9800,239,275,-36,1.52,5,sell
8/11,2379,港商野村,1560,65,6,59,2.5,6,buy
8/11,2379,玉山-大里,003800380034004a,5,35,-30,1.27,6,sell
8/11,2379,土銀,1030,36,0,36,1.52,7,buy
8/11,2379,法銀巴黎,8900,0,28,-28,1.19,7,sell
8/11,2379,凱基,9200,30,0,30,1.27,8,buy
8/11,2379,富邦-彰化,0039003600350055,1,28,-27,1.14,8,sell
8/11,2379,永豐金-匯立,0039004100380031,52,28,24,1.02,9,buy
8/11,2379,康和-台中,8455,0,19,-19,0.8,9,sell
8/11,2379,新加坡商瑞銀,1650,26,11,15,0.64,10,buy
8/11,2379,國泰-敦南,8888,28,43,-15,0.64,10,sell
8/11,2379,新光,8560,17,5,12,0.51,11,buy
8/11,2379,花旗環球,1590,68,80,-12,0.51,11,sell
8/11,2379,臺銀,1040,14,2,12,0.51,12,buy
8/11,2379,台新-烏日,0039004200320063,2,12,-10,0.42,12,sell
8/11,2379,群益金鼎-新莊,0039003100380047,10,0,10,0.42,13,buy
8/11,2379,凱基-科園,9254,0,10,-10,0.42,13,sell
8/11,2379,第一金-頭份,0035003300380049,10,0,10,0.42,14,buy
8/11,2379,國票-天祥,0037003700390056,0,8,-8,0.34,14,sell
8/11,2379,台新-松德,0039004200320061,13,3,10,0.42,15,buy
8/11,2379,富邦-青埔,003900360031004e,0,8,-8,0.34,15,sell
8/11,3034,美商高盛,1480,492,102,390,16.06,1,buy
8/11,3034,元大證券,9800,100,408,-308,12.68,1,sell
8/11,3034,港商野村,1560,217,0,217,8.93,2,buy
8/11,3034,台新-台北,0039004200320030,1,226,-225,9.26,2,sell
8/11,3034,凱基-台北,9268,289,206,83,3.42,3,buy
8/11,3034,摩根大通,8440,181,297,-116,4.78,3,sell
8/11,3034,新加坡商瑞銀,1650,120,57,63,2.59,4,buy
8/11,3034,港商麥格理,1360,9,110,-101,4.16,4,sell
8/11,3034,國泰證券,8880,37,4,33,1.36,5,buy
8/11,3034,台新-敦南,0039004200320051,0,30,-30,1.24,5,sell
8/11,3034,台灣摩根士丹利,1470,122,95,27,1.11,6,buy
8/11,3034,花旗環球,1590,49,76,-27,1.11,6,sell
8/11,3034,美林,1440,166,141,25,1.03,7,buy
8/11,3034,法銀巴黎,8900,15,40,-25,1.03,7,sell
8/11,3034,華南永昌,9300,26,3,23,0.95,8,buy
8/11,3034,群益金鼎,9100,15,37,-22,0.91,8,sell
8/11,3034,新光-新竹,8563,17,0,17,0.7,9,buy
8/11,3034,國票-敦北法人,0037003700390063,0,20,-20,0.82,9,sell
8/11,3034,國泰-館前,0038003800380041,15,1,14,0.58,10,buy
8/11,3034,富邦-台北,9623,5,24,-19,0.78,10,sell
8/11,3034,元大-中山北路,0039003800300061,10,1,9,0.37,11,buy
8/11,3034,富邦證券,9600,5,23,-18,0.74,11,sell
8/11,3034,大和國泰,8890,9,0,9,0.37,12,buy
8/11,3034,宏遠證券,1260,1,16,-15,0.62,12,sell
8/11,3034,富邦-竹科,0039003600320043,9,1,8,0.33,13,buy
8/11,3034,永豐金證券,0039004100300030,5,19,-14,0.58,13,sell
8/11,3034,永豐金-鳳山,0039004100360031,8,0,8,0.33,14,buy
8/11,3034,華南永昌-南京,9326,0,13,-13,0.54,14,sell
8/11,3034,臺銀-高雄,0031003000340043,6,0,6,0.25,15,buy
8/11,3034,富邦-八德,0039003600330041,0,12,-12,0.49,15,sell
8/11,2412,新加坡商瑞銀,1650,1180,326,854,10.62,1,buy
8/11,2412,美商高盛,1480,614,1907,-1293,16.08,1,sell
8/11,2412,中國信託,6160,530,5,525,6.53,2,buy
8/11,2412,臺銀,1040,1,601,-600,7.46,2,sell
8/11,2412,臺銀-臺南,1042,315,7,308,3.83,3,buy
8/11,2412,摩根大通,8440,257,778,-521,6.48,3,sell
8/11,2412,國泰證券,8880,240,0,240,2.98,4,buy
8/11,2412,元大證券,9800,48,569,-521,6.48,4,sell
8/11,2412,台新-三民,0039004200310033,204,0,204,2.54,5,buy
8/11,2412,花旗環球,1590,17,514,-497,6.18,5,sell
8/11,2412,美好-高雄,5264,200,0,200,2.49,6,buy
8/11,2412,凱基-台北,9268,560,879,-319,3.97,6,sell
8/11,2412,富邦證券,9600,145,0,145,1.8,7,buy
8/11,2412,美林,1440,17,288,-271,3.37,7,sell
8/11,2412,台新-基隆,0039004200320053,104,0,104,1.29,8,buy
8/11,2412,台灣摩根士丹利,1470,459,608,-149,1.85,8,sell
8/11,2412,統一-城中,5854,101,0,101,1.26,9,buy
8/11,2412,華南永昌,9300,1,96,-95,1.18,9,sell
8/11,2412,群益金鼎-東湖,003900310038004b,58,0,58,0.72,10,buy
8/11,2412,群益金鼎-嘉義,003900310038004d,4,97,-93,1.16,10,sell
8/11,2412,元大-斗六,0039003800300043,56,5,51,0.63,11,buy
8/11,2412,香港上海匯豐,8960,9,62,-53,0.66,11,sell
8/11,2412,凱基,9200,42,0,42,0.52,12,buy
8/11,2412,永豐金-台中,003900410039004c,3,40,-37,0.46,12,sell
8/11,2412,富邦-桃園,9665,41,1,40,0.5,13,buy
8/11,2412,(牛牛牛)亞-鑫豐,0036003000310064,5,27,-22,0.27,13,sell
8/11,2412,大和國泰,8890,40,0,40,0.5,14,buy
8/11,2412,群益金鼎-南京,0039003100380045,2,21,-19,0.24,14,sell
8/11,2412,富邦-新店,9661,40,1,39,0.48,15,buy
8/11,2412,群益金鼎-潭子,0039003100330044,0,15,-15,0.19,15,sell
8/11,2002,台灣摩根士丹利,1470,14336,784,13552,16.28,1,buy
8/11,2002,元大-虎尾,003900380030006c,17,4145,-4128,4.96,1,sell
8/11,2002,美商高盛,1480,17878,6035,11843,14.23,2,buy
8/11,2002,花旗環球,1590,240,1695,-1455,1.75,2,sell
8/11,2002,摩根大通,8440,9421,7129,2292,2.75,3,buy
8/11,2002,元大證券,9800,2595,3937,-1342,1.61,3,sell
8/11,2002,凱基-台北,9268,5523,3423,2100,2.52,4,buy
8/11,2002,元大-成功,003900380039004c,64,1014,-950,1.14,4,sell
8/11,2002,香港上海匯豐,8960,1808,0,1808,2.17,5,buy
8/11,2002,新加坡商瑞銀,1650,2057,2894,-837,1.01,5,sell
8/11,2002,港商野村,1560,960,1,959,1.15,6,buy
8/11,2002,國票-和平,003700370039006a,4,577,-573,0.69,6,sell
8/11,2002,台新-九如,0039004200320031,502,42,460,0.55,7,buy
8/11,2002,第一金-自由,0035003300380045,8,473,-465,0.56,7,sell
8/11,2002,永豐金證券,0039004100300030,906,483,423,0.51,8,buy
8/11,2002,國泰-敦南,8888,838,1301,-463,0.56,8,sell
8/11,2002,兆豐證券,7000,2757,2339,418,0.5,9,buy
8/11,2002,富邦-陽明,9604,74,520,-446,0.54,9,sell
8/11,2002,華南永昌,9300,389,82,307,0.37,10,buy
8/11,2002,凱基-中山,9229,15,458,-443,0.53,10,sell
8/11,2002,兆豐-城中,0037003000300057,217,7,210,0.25,11,buy
8/11,2002,元大-雙和,9874,27,459,-432,0.52,11,sell
8/11,2002,元大-新竹經國,9859,215,20,195,0.23,12,buy
8/11,2002,中農,8520,4,411,-407,0.49,12,sell
8/11,2002,港商麥格理,1360,195,0,195,0.23,13,buy
8/11,2002,美林,1440,211,598,-387,0.46,13,sell
8/11,2002,台新-新店,0039004200320032,202,22,180,0.22,14,buy
8/11,2002,永豐金-內湖,0039004100390067,2,341,-339,0.41,14,sell
8/11,2002,凱基-城中,9227,160,10,150,0.18,15,buy
8/11,2002,富邦-板橋,9655,35,372,-337,0.4,15,sell
8/11,3231,富邦證券,9600,1933,162,1771,5.13,1,buy
8/11,3231,台灣摩根士丹利,1470,1027,1859,-832,2.41,1,sell
8/11,3231,摩根大通,8440,2617,1615,1002,2.9,2,buy
8/11,3231,美商高盛,1480,2602,3157,-555,1.61,2,sell
8/11,3231,港商麥格理,1360,913,157,756,2.19,3,buy
8/11,3231,元大證券,9800,3535,4086,-551,1.6,3,sell
8/11,3231,港商野村,1560,1224,505,719,2.08,4,buy
8/11,3231,國票-安和,003700370039005a,67,514,-447,1.29,4,sell
8/11,3231,兆豐-復興,0037003000300070,610,7,603,1.75,5,buy
8/11,3231,永豐金證券,0039004100300030,200,574,-374,1.08,5,sell
8/11,3231,富邦-建國,9658,608,100,508,1.47,6,buy
8/11,3231,中國信託,6160,28,383,-355,1.03,6,sell
8/11,3231,華南永昌,9300,332,50,282,0.82,7,buy
8/11,3231,香港上海匯豐,8960,0,300,-300,0.87,7,sell
8/11,3231,永豐金-匯立,0039004100380031,249,0,249,0.72,8,buy
8/11,3231,新加坡商瑞銀,1650,986,1240,-254,0.74,8,sell
8/11,3231,凱基,9200,482,269,213,0.62,9,buy
8/11,3231,元大-中壢,9834,28,282,-254,0.74,9,sell
8/11,3231,國泰證券,8880,194,13,181,0.52,10,buy
8/11,3231,花旗環球,1590,165,340,-175,0.51,10,sell
8/11,3231,台新,0039004200300030,277,143,134,0.39,11,buy
8/11,3231,統一-城中,5854,10,170,-160,0.46,11,sell
8/11,3231,凱基-台北,9268,2017,1895,122,0.35,12,buy
8/11,3231,元大-南屯,9853,18,145,-127,0.37,12,sell
8/11,3231,康和-仁愛,0038003400350046,101,5,96,0.28,13,buy
8/11,3231,美林,1440,338,455,-117,0.34,13,sell
8/11,3231,兆豐-忠孝,0037003000300061,109,15,94,0.27,14,buy
8/11,3231,永豐金-忠孝,0039004100390044,8,116,-108,0.31,14,sell
8/11,3231,統一,5850,120,52,68,0.2,15,buy
8/11,3231,富邦-木柵,003900360031004d,35,139,-104,0.3,15,sell
8/11,2883,新加坡商瑞銀,1650,2271,375,1896,8.84,1,buy
8/11,2883,花旗環球,1590,9,2342,-2333,10.88,1,sell
8/11,2883,永豐金證券,0039004100300030,2021,190,1831,8.54,2,buy
8/11,2883,凱基-台北,9268,1118,1838,-720,3.36,2,sell
8/11,2883,國票-敦北法人,0037003700390063,1700,0,1700,7.93,3,buy
8/11,2883,台新-台北,0039004200320030,0,671,-671,3.13,3,sell
8/11,2883,華南永昌,9300,1611,44,1567,7.31,4,buy
8/11,2883,摩根大通,8440,961,1582,-621,2.9,4,sell
8/11,2883,美林,1440,1229,363,866,4.04,5,buy
8/11,2883,元大-館前,003900380034004b,6,511,-505,2.36,5,sell
8/11,2883,富邦證券,9600,837,355,482,2.25,6,buy
8/11,2883,兆豐證券,7000,0,340,-340,1.59,6,sell
8/11,2883,元大證券,9800,1346,932,414,1.93,7,buy
8/11,2883,第一金,5380,1,330,-329,1.53,7,sell
8/11,2883,富邦-公益,0039003600310046,200,6,194,0.9,8,buy
8/11,2883,國泰-板橋,003800380038004b,8,330,-322,1.5,8,sell
8/11,2883,港商麥格理,1360,173,13,160,0.75,9,buy
8/11,2883,國泰-館前,0038003800380041,3,238,-235,1.1,9,sell
8/11,2883,香港上海匯豐,8960,87,0,87,0.41,10,buy
8/11,2883,美商高盛,1480,1876,2074,-198,0.92,10,sell
8/11,2883,富邦-嘉義,9692,88,7,81,0.38,11,buy
8/11,2883,台新,0039004200300030,319,478,-159,0.74,11,sell
8/11,2883,兆豐-北高雄,0037003000300049,103,33,70,0.33,12,buy
8/11,2883,臺銀-高雄,0031003000340043,14,160,-146,0.68,12,sell
8/11,2883,凱基-雙和,0039003200300043,69,2,67,0.31,13,buy
8/11,2883,康和,8450,0,130,-130,0.61,13,sell
8/11,2883,大和國泰,8890,59,0,59,0.28,14,buy
8/11,2883,台灣摩根士丹利,1470,1698,1818,-120,0.56,14,sell
8/11,2883,第一金-忠孝,0035003300380044,107,51,56,0.26,15,buy
8/11,2883,新光-台中,8561,7,117,-110,0.51,15,sell
8/11,2884,台新-建北,0039004200310038,2597,0,2597,6.96,1,buy
8/11,2884,元大-北投,0039003800390041,37,5022,-4985,13.36,1,sell
8/11,2884,統一,5850,2073,35,2038,5.46,2,buy
8/11,2884,美林,1440,34,4801,-4767,12.78,2,sell
8/11,2884,凱基-台北,9268,4337,2385,1952,5.23,3,buy
8/11,2884,花旗環球,1590,231,2688,-2457,6.59,3,sell
8/11,2884,新加坡商瑞銀,1650,2237,1078,1159,3.11,4,buy
8/11,2884,美商高盛,1480,2834,4724,-1890,5.07,4,sell
8/11,2884,玉山證券,8840,453,27,426,1.14,5,buy
8/11,2884,港商麥格理,1360,119,1771,-1652,4.43,5,sell
8/11,2884,國泰證券,8880,444,50,394,1.06,6,buy
8/11,2884,台灣摩根士丹利,1470,1287,2808,-1521,4.08,6,sell
8/11,2884,國泰-敦南,8888,540,167,373,1.0,7,buy
8/11,2884,台新,0039004200300030,140,1117,-977,2.62,7,sell
8/11,2884,群益金鼎,9100,627,263,364,0.98,8,buy
8/11,2884,元大證券,9800,1448,2006,-558,1.5,8,sell
8/11,2884,統一-新台中,0035003800350044,328,0,328,0.88,9,buy
8/11,2884,元大-樹林,003900380039006a,20,570,-550,1.47,9,sell
8/11,2884,國泰-新莊,8886,322,7,315,0.84,10,buy
8/11,2884,富邦-新板,0039003600310048,4,453,-449,1.2,10,sell
8/11,2884,陽信-台南,8714,300,0,300,0.8,11,buy
8/11,2884,永豐金證券,0039004100300030,310,674,-364,0.98,11,sell
8/11,2884,富邦-頭份,0039003600320050,233,0,233,0.62,12,buy
8/11,2884,元大-雙和,9874,5,250,-245,0.66,12,sell
8/11,2884,玉山-大里,003800380034004a,239,12,227,0.61,13,buy
8/11,2884,元大-北府,0039003800300044,7,220,-213,0.57,13,sell
8/11,2884,華南永昌-林口,9317,206,0,206,0.55,14,buy
8/11,2884,香港上海匯豐,8960,27,201,-174,0.47,14,sell
8/11,2884,凱基-中壢,9285,154,1,153,0.41,15,buy
8/11,2884,統一-基隆,0035003800350041,4,150,-146,0.39,15,sell
8/11,1402,美商高盛,1480,4063,1524,2539,12.58,1,buy
8/11,1402,港商麥格理,1360,59,9303,-9244,45.79,1,sell
8/11,1402,摩根大通,8440,1390,295,1095,5.42,2,buy
8/11,1402,元大證券,9800,319,1753,-1434,7.1,2,sell
8/11,1402,美林,1440,1262,261,1001,4.96,3,buy
8/11,1402,統一,5850,74,1018,-944,4.68,3,sell
8/11,1402,凱基-台北,9268,2372,1751,621,3.08,4,buy
8/11,1402,大和國泰,8890,0,350,-350,1.73,4,sell
8/11,1402,台灣摩根士丹利,1470,1289,796,493,2.44,5,buy
8/11,1402,永豐金證券,0039004100300030,52,156,-104,0.52,5,sell
8/11,1402,新加坡商瑞銀,1650,886,443,443,2.19,6,buy
8/11,1402,元大-龍潭,9858,10,76,-66,0.33,6,sell
8/11,1402,兆豐-高雄,003700300030005a,275,0,275,1.36,7,buy
8/11,1402,宏遠-館前,0031003200360055,0,50,-50,0.25,7,sell
8/11,1402,富邦-中壢,9636,264,0,264,1.31,8,buy
8/11,1402,台新-緯城,0039004200320041,0,50,-50,0.25,8,sell
8/11,1402,港商野村,1560,255,3,252,1.25,9,buy
8/11,1402,國票-敦北法人,0037003700390063,0,40,-40,0.2,9,sell
8/11,1402,國票-中和,0037003700390058,250,0,250,1.24,10,buy
8/11,1402,致和-崇德,0037003000330042,0,35,-35,0.17,10,sell
8/11,1402,新光-台中,8561,269,25,244,1.21,11,buy
8/11,1402,元大-三民,0039003800390046,1,35,-34,0.17,11,sell
8/11,1402,德信-新營,6913,207,0,207,1.03,12,buy
8/11,1402,香港上海匯豐,8960,74,107,-33,0.16,12,sell
8/11,1402,玉山-信義,0038003800340043,185,0,185,0.92,13,buy
8/11,1402,國票-九鼎,0037003700390050,0,30,-30,0.15,13,sell
8/11,1402,元大-花蓮,9856,161,0,161,0.8,14,buy
8/11,1402,陽信-石牌,8711,0,30,-30,0.15,14,sell
8/11,1402,永豐金-匯立,0039004100380031,150,0,150,0.74,15,buy
8/11,1402,凱基-林口,9257,0,20,-20,0.1,15,sell
8/11,2867,元大證券,9800,3056,649,2407,18.29,1,buy
8/11,2867,美商高盛,1480,159,2222,-2063,15.68,1,sell
8/11,2867,凱基-竹科,9272,1271,10,1261,9.58,2,buy
8/11,2867,美林,1440,0,930,-930,7.07,2,sell
8/11,2867,永豐金證券,0039004100300030,1222,12,1210,9.19,3,buy
8/11,2867,台灣摩根士丹利,1470,568,1368,-800,6.08,3,sell
8/11,2867,凱基-台北,9268,1189,409,780,5.93,4,buy
8/11,2867,新加坡商瑞銀,1650,0,674,-674,5.12,4,sell
8/11,2867,富邦-頭份,0039003600320050,774,0,774,5.88,5,buy
8/11,2867,凱基-中壢,9285,0,621,-621,4.72,5,sell
8/11,2867,凱基,9200,322,0,322,2.45,6,buy
8/11,2867,富邦-建國,9658,0,505,-505,3.84,6,sell
8/11,2867,永豐金-嘉義,003900410039006a,216,0,216,1.64,7,buy
8/11,2867,玉山-新莊,8842,6,436,-430,3.27,7,sell
8/11,2867,台新-中原,0039004200320067,131,0,131,1.0,8,buy
8/11,2867,香港上海匯豐,8960,0,382,-382,2.9,8,sell
8/11,2867,兆豐-忠孝,0037003000300061,122,0,122,0.93,9,buy
8/11,2867,康和-仁愛,0038003400350046,0,322,-322,2.45,9,sell
8/11,2867,玉山-城中,0038003800340045,102,0,102,0.78,10,buy
8/11,2867,凱基-豐中,9223,0,234,-234,1.78,10,sell
8/11,2867,群益金鼎-大安,0039003100380065,100,0,100,0.76,11,buy
8/11,2867,元大-歸仁,0039003800310061,4,200,-196,1.49,11,sell
8/11,2867,中國信託-忠孝,6162,100,10,90,0.68,12,buy
8/11,2867,花旗環球,1590,41,208,-167,1.27,12,sell
8/11,2867,群益金鼎-台中,9184,88,1,87,0.66,13,buy
8/11,2867,京城,8490,0,150,-150,1.14,13,sell
8/11,2867,華南永昌-內壢,9337,80,3,77,0.59,14,buy
8/11,2867,港商野村,1560,0,100,-100,0.76,14,sell
8/11,2867,國泰-敦南,8888,110,39,71,0.54,15,buy
8/11,2867,光和-高雄,0036003300380044,0,96,-96,0.73,15,sell
8/11,1216,台灣摩根士丹利,1470,3950,123,3827,30.98,1,buy
8/11,1216,台新,0039004200300030,1,3077,-3076,24.9,1,sell
8/11,1216,凱基-台北,9268,3701,1028,2673,21.63,2,buy
8/11,1216,富邦證券,9600,0,1225,-1225,9.92,2,sell
8/11,1216,新加坡商瑞銀,1650,1174,531,643,5.2,3,buy
8/11,1216,元大-上新莊,0039003800330047,11,1002,-991,8.02,3,sell
8/11,1216,元大證券,9800,674,238,436,3.53,4,buy
8/11,1216,摩根大通,8440,272,940,-668,5.41,4,sell
8/11,1216,土銀-高雄,1033,40,0,40,0.32,5,buy
8/11,1216,台新-高雄,0039004200310067,4,222,-218,1.76,5,sell
8/11,1216,元大-清水,0039003800300065,40,0,40,0.32,6,buy
8/11,1216,美商高盛,1480,934,1149,-215,1.74,6,sell
8/11,1216,大和國泰,8890,31,0,31,0.25,7,buy
8/11,1216,港商麥格理,1360,10,117,-107,0.87,7,sell
8/11,1216,凱基-士林,9238,30,0,30,0.24,8,buy
8/11,1216,國泰-館前,0038003800380041,0,94,-94,0.76,8,sell
8/11,1216,中國信託,6160,27,2,25,0.2,9,buy
8/11,1216,台新-同大,0039004200320050,0,92,-92,0.74,9,sell
8/11,1216,北城證券,7750,25,0,25,0.2,10,buy
8/11,1216,亞東-新竹,2184,0,84,-84,0.68,10,sell
8/11,1216,法銀巴黎,8900,24,1,23,0.19,11,buy
8/11,1216,富邦-桃園,9665,0,80,-80,0.65,11,sell
8/11,1216,群益金鼎-台中,9184,20,0,20,0.16,12,buy
8/11,1216,永豐金證券,0039004100300030,23,98,-75,0.61,12,sell
8/11,1216,香港上海匯豐,8960,16,0,16,0.13,13,buy
8/11,1216,統一-台南,5855,7,81,-74,0.6,13,sell
8/11,1216,華南永昌,9300,23,7,16,0.13,14,buy
8/11,1216,元大-三民,0039003800390046,0,62,-62,0.5,14,sell
8/11,1216,統一-松江,003500380035005a,10,0,10,0.08,15,buy
8/11,1216,富邦-台北,9623,1,44,-43,0.35,15,sell
8/11,5880,港商野村,1560,1196,129,1067,2.08,1,buy
8/11,5880,美林,1440,21,10572,-10551,20.55,1,sell
8/11,5880,富邦-青埔,003900360031004e,1027,0,1027,2.0,2,buy
8/11,5880,新加坡商瑞銀,1650,601,7769,-7168,13.96,2,sell
8/11,5880,元大-四維,9831,907,1,906,1.76,3,buy
8/11,5880,台灣摩根士丹利,1470,496,5688,-5192,10.11,3,sell
8/11,5880,永豐金-台南,0039004100390068,762,19,743,1.45,4,buy
8/11,5880,富邦證券,9600,13,3001,-2988,5.82,4,sell
8/11,5880,群益金鼎-三民,9188,744,3,741,1.44,5,buy
8/11,5880,中國信託,6160,92,2498,-2406,4.69,5,sell
8/11,5880,群益金鼎-瑞豐,0039003100380075,743,8,735,1.43,6,buy
8/11,5880,美商高盛,1480,1222,3076,-1854,3.61,6,sell
8/11,5880,富邦-七賢,003900360031004b,693,3,690,1.34,7,buy
8/11,5880,花旗環球,1590,0,1671,-1671,3.25,7,sell
8/11,5880,國泰-敦南,8888,820,141,679,1.32,8,buy
8/11,5880,摩根大通,8440,766,2395,-1629,3.17,8,sell
8/11,5880,永豐金-中正,0039004100390055,683,7,676,1.32,9,buy
8/11,5880,宏遠證券,1260,6,1164,-1158,2.25,9,sell
8/11,5880,群益金鼎-南京,0039003100380045,652,7,645,1.26,10,buy
8/11,5880,群益金鼎,9100,58,1100,-1042,2.03,10,sell
8/11,5880,富邦-羅東,9634,628,3,625,1.22,11,buy
8/11,5880,康和,8450,12,800,-788,1.53,11,sell
8/11,5880,合庫證券,1020,920,437,483,0.94,12,buy
8/11,5880,凱基-台北,9268,2603,3162,-559,1.09,12,sell
8/11,5880,國泰-台中,8882,600,119,481,0.94,13,buy
8/11,5880,永豐金-中和,0039004100390042,13,527,-514,1.0,13,sell
8/11,5880,高橋,5320,459,0,459,0.89,14,buy
8/11,5880,中國信託-高雄,003600310036004b,35,337,-302,0.59,14,sell
8/11,5880,元大-潮州,003900380031005a,431,0,431,0.84,15,buy
8/11,5880,富邦-新竹,9647,127,322,-195,0.38,15,sell
8/11,2890,新加坡商瑞銀,1650,5542,1591,3951,16.7,1,buy
8/11,2890,玉山證券,8840,25,1928,-1903,8.04,1,sell
8/11,2890,美林,1440,1019,389,630,2.66,2,buy
8/11,2890,土銀,1030,1,1046,-1045,4.42,2,sell
8/11,2890,福邦證券,6480,431,0,431,1.82,3,buy
8/11,2890,第一金-高雄,5383,0,850,-850,3.59,3,sell
8/11,2890,富邦-木柵,003900360031004d,200,1,199,0.84,4,buy
8/11,2890,摩根大通,8440,753,1458,-705,2.98,4,sell
8/11,2890,港商麥格理,1360,194,18,176,0.74,5,buy
8/11,2890,美商高盛,1480,6938,7602,-664,2.81,5,sell
8/11,2890,凱基-台北,9268,1320,1208,112,0.47,6,buy
8/11,2890,花旗環球,1590,1360,1770,-410,1.73,6,sell
8/11,2890,華南永昌-斗六,9327,102,2,100,0.42,7,buy
8/11,2890,元大-館前,003900380034004b,79,382,-303,1.28,7,sell
8/11,2890,華南永昌-高雄,9303,81,0,81,0.34,8,buy
8/11,2890,國泰證券,8880,11,232,-221,0.93,8,sell
8/11,2890,大和國泰,8890,65,0,65,0.27,9,buy
8/11,2890,統一,5850,19,161,-142,0.6,9,sell
8/11,2890,永豐金-台南,0039004100390068,73,15,58,0.25,10,buy
8/11,2890,台新,0039004200300030,45,127,-82,0.35,10,sell
8/11,2890,永豐金-高雄,0039004100390065,58,1,57,0.24,11,buy
8/11,2890,台新-台北,0039004200320030,2,72,-70,0.3,11,sell
8/11,2890,永豐金-虎尾,0039004100390062,64,11,53,0.22,12,buy
8/11,2890,元大-板橋三民,9879,5,72,-67,0.28,12,sell
8/11,2890,兆豐-北高雄,0037003000300049,52,0,52,0.22,13,buy
8/11,2890,台灣摩根士丹利,1470,1162,1224,-62,0.26,13,sell
8/11,2890,國票-南科,0037003700390065,55,3,52,0.22,14,buy
8/11,2890,宏遠-光隆,0031003200360069,30,80,-50,0.21,14,sell
8/11,2890,元大-善化,0039003800310079,51,0,51,0.22,15,buy
8/11,2890,凱基-台南,9211,13,62,-49,0.21,15,sell
8/11,2887,元大證券,9800,5458,1300,4158,9.06,1,buy
8/11,2887,花旗環球,1590,17,3634,-3617,7.88,1,sell
8/11,2887,永豐金證券,0039004100300030,4283,390,3893,8.49,2,buy
8/11,2887,台新-台北,0039004200320030,1,3405,-3404,7.42,2,sell
8/11,2887,台新,0039004200300030,2456,401,2055,4.48,3,buy
8/11,2887,元大-北投,0039003800390041,46,3074,-3028,6.6,3,sell
8/11,2887,台灣摩根士丹利,1470,3606,2408,1198,2.61,4,buy
8/11,2887,第一金,5380,1,2311,-2310,5.04,4,sell
8/11,2887,合庫-鳳山,1029,701,4,697,1.52,5,buy
8/11,2887,美林,1440,692,2379,-1687,3.68,5,sell
8/11,2887,兆豐-岡山,0037003000300073,503,0,503,1.1,6,buy
8/11,2887,凱基-台北,9268,2743,3812,-1069,2.33,6,sell
8/11,2887,元大-松江,9801,459,0,459,1.0,7,buy
8/11,2887,新加坡商瑞銀,1650,1272,2024,-752,1.64,7,sell
8/11,2887,富邦-左營,0039003600360046,468,10,458,1.0,8,buy
8/11,2887,摩根大通,8440,5362,5932,-570,1.24,8,sell
8/11,2887,國票-安和,003700370039005a,439,2,437,0.95,9,buy
8/11,2887,華南永昌,9300,4,569,-565,1.23,9,sell
8/11,2887,兆豐-東門,0037003000300048,255,0,255,0.56,10,buy
8/11,2887,永豐金-匯立,0039004100380031,21,416,-395,0.86,10,sell
8/11,2887,港商野村,1560,286,66,220,0.48,11,buy
8/11,2887,美商高盛,1480,2563,2810,-247,0.54,11,sell
8/11,2887,國泰-敦南,8888,341,149,192,0.42,12,buy
8/11,2887,凱基,9200,3,219,-216,0.47,12,sell
8/11,2887,國泰-板橋,003800380038004b,258,66,192,0.42,13,buy
8/11,2887,元大-基隆孝二,003900380036004b,1,200,-199,0.43,13,sell
8/11,2887,新光,8560,241,63,178,0.39,14,buy
8/11,2887,元大-北府,0039003800300044,21,173,-152,0.33,14,sell
8/11,2887,統一,5850,307,176,131,0.29,15,buy
8/11,2887,石橋證券,7080,0,100,-100,0.22,15,sell
8/11,2324,港商野村,1560,1554,21,1533,6.05,1,buy
8/11,2324,美林,1440,44,1888,-1844,7.27,1,sell
8/11,2324,台灣摩根士丹利,1470,1872,1290,582,2.3,2,buy
8/11,2324,宏遠證券,1260,12,862,-850,3.35,2,sell
8/11,2324,美商高盛,1480,1651,1149,502,1.98,3,buy
8/11,2324,永豐金證券,0039004100300030,193,953,-760,3.0,3,sell
8/11,2324,兆豐-台中,7003,401,0,401,1.58,4,buy
8/11,2324,凱基-新莊,0039003200310053,9,532,-523,2.06,4,sell
8/11,2324,國泰證券,8880,267,6,261,1.03,5,buy
8/11,2324,花旗環球,1590,95,592,-497,1.96,5,sell
8/11,2324,台新-文心,003900420032007a,207,0,207,0.82,6,buy
8/11,2324,富邦-台北,9623,79,517,-438,1.73,6,sell
8/11,2324,兆豐證券,7000,142,0,142,0.56,7,buy
8/11,2324,華南永昌-林口,9317,20,302,-282,1.11,7,sell
8/11,2324,凱基,9200,139,0,139,0.55,8,buy
8/11,2324,新加坡商瑞銀,1650,1578,1839,-261,1.03,8,sell
8/11,2324,大和國泰,8890,138,0,138,0.54,9,buy
8/11,2324,凱基-松山,9217,11,221,-210,0.83,9,sell
8/11,2324,永豐金-板盛,0039004100390059,174,37,137,0.54,10,buy
8/11,2324,(牛牛牛)亞-鑫豐,0036003000310064,341,506,-165,0.65,10,sell
8/11,2324,中國信託,6160,150,34,116,0.46,11,buy
8/11,2324,富邦證券,9600,13,131,-118,0.47,11,sell
8/11,2324,臺銀,1040,129,13,116,0.46,12,buy
8/11,2324,元大-大里,0039003800310067,6,100,-94,0.37,12,sell
8/11,2324,永豐金-員林,0039004100390043,118,8,110,0.43,13,buy
8/11,2324,康和-澎湖,0038003400350045,0,69,-69,0.27,13,sell
8/11,2324,富邦-花蓮,9621,113,6,107,0.42,14,buy
8/11,2324,華南永昌-南京,9326,7,72,-65,0.26,14,sell
8/11,2324,元大-大天母,9893,106,1,105,0.41,15,buy
8/11,2324,台新-中港,0039004200320069,13,75,-62,0.24,15,sell
8/11,2027,凱基-台北,9268,2047,990,1057,7.05,1,buy
8/11,2027,美林,1440,5,3681,-3676,24.52,1,sell
8/11,2027,台灣摩根士丹利,1470,1553,578,975,6.5,2,buy
8/11,2027,摩根大通,8440,541,1267,-726,4.84,2,sell
8/11,2027,港商野村,1560,326,1,325,2.17,3,buy
8/11,2027,凱基,9200,38,731,-693,4.62,3,sell
8/11,2027,富邦-台南,9667,351,56,295,1.97,4,buy
8/11,2027,元大證券,9800,586,1180,-594,3.96,4,sell
8/11,2027,港商麥格理,1360,254,0,254,1.69,5,buy
8/11,2027,富邦-永和,9654,5,159,-154,1.03,5,sell
8/11,2027,中國信託-三重,6161,203,1,202,1.35,6,buy
8/11,2027,富邦-南屯,9666,1,151,-150,1.0,6,sell
8/11,2027,元大-土城,9897,201,1,200,1.33,7,buy
8/11,2027,新加坡商瑞銀,1650,162,310,-148,0.99,7,sell
8/11,2027,陽信-台南,8714,145,5,140,0.93,8,buy
8/11,2027,元大-蘆洲,9857,2,115,-113,0.75,8,sell
8/11,2027,華南永昌-桃園,9352,140,0,140,0.93,9,buy
8/11,2027,永豐金-萬盛,0039004100390032,48,150,-102,0.68,9,sell
8/11,2027,元大-大統,003900380031007a,129,2,127,0.85,10,buy
8/11,2027,寶盛,5460,1,100,-99,0.66,10,sell
8/11,2027,永豐金證券,0039004100300030,173,63,110,0.73,11,buy
8/11,2027,美商高盛,1480,662,755,-93,0.62,11,sell
8/11,2027,新光,8560,156,46,110,0.73,12,buy
8/11,2027,華南永昌-苗栗,9362,0,75,-75,0.5,12,sell
8/11,2027,花旗環球,1590,170,65,105,0.7,13,buy
8/11,2027,元大-福營,0039003800310046,11,81,-70,0.47,13,sell
8/11,2027,元大-中壢,9834,111,7,104,0.69,14,buy
8/11,2027,群益金鼎-忠孝,0039003100380057,0,65,-65,0.43,14,sell
8/11,2027,永豐金-板新,003900410039004a,106,6,100,0.67,15,buy
8/11,2027,凱基-中山,9229,13,74,-61,0.41,15,sell
8/11,5876,統一,5850,327,3,324,7.1,1,buy
8/11,5876,群益金鼎-中港,9138,0,750,-750,16.43,1,sell
8/11,5876,台灣摩根士丹利,1470,532,271,261,5.72,2,buy
8/11,5876,花旗環球,1590,8,603,-595,13.04,2,sell
8/11,5876,玉山-城中,0038003800340045,237,0,237,5.19,3,buy
8/11,5876,兆豐證券,7000,0,260,-260,5.7,3,sell
8/11,5876,凱基-台北,9268,608,412,196,4.29,4,buy
8/11,5876,美林,1440,49,298,-249,5.46,4,sell
8/11,5876,元大證券,9800,196,37,159,3.48,5,buy
8/11,5876,第一金,5380,1,250,-249,5.46,5,sell
8/11,5876,美商高盛,1480,274,142,132,2.89,6,buy
8/11,5876,富邦證券,9600,3,250,-247,5.41,6,sell
8/11,5876,新加坡商瑞銀,1650,174,50,124,2.72,7,buy
8/11,5876,摩根大通,8440,351,412,-61,1.34,7,sell
8/11,5876,兆豐-新莊,0037003000300077,50,0,50,1.1,8,buy
8/11,5876,群益金鼎-東門,0039003100380044,0,51,-51,1.12,8,sell
8/11,5876,國泰-新莊,8886,45,0,45,0.99,9,buy
8/11,5876,元大-員林,9889,0,50,-50,1.1,9,sell
8/11,5876,彰銀,1230,40,0,40,0.88,10,buy
8/11,5876,富邦-永和,9654,1,50,-49,1.07,10,sell
8/11,5876,新光,8560,38,2,36,0.79,11,buy
8/11,5876,法銀巴黎,8900,0,28,-28,0.61,11,sell
8/11,5876,兆豐-台中,7003,35,0,35,0.77,12,buy
8/11,5876,第一金-桃園,5385,0,25,-25,0.55,12,sell
8/11,5876,台新-台中,0039004200310068,33,0,33,0.72,13,buy
8/11,5876,台新-台北,0039004200320030,20,40,-20,0.44,13,sell
8/11,5876,富邦-仁愛,9676,54,21,33,0.72,14,buy
8/11,5876,華南永昌,9300,16,32,-16,0.35,14,sell
8/11,5876,富邦-新板,0039003600310048,32,0,32,0.7,15,buy
8/11,5876,第一金-安和,003500330038006a,10,20,-10,0.22,15,sell
8/11,1101,台灣摩根士丹利,1470,3636,143,3493,17.63,1,buy
8/11,1101,台新-台北,0039004200320030,5,3317,-3312,16.72,1,sell
8/11,1101,元大-松山,0039003800310070,2298,6,2292,11.57,2,buy
8/11,1101,港商野村,1560,4,1412,-1408,7.11,2,sell
8/11,1101,美商高盛,1480,1719,82,1637,8.26,3,buy
8/11,1101,新加坡商瑞銀,1650,201,1119,-918,4.63,3,sell
8/11,1101,凱基-台北,9268,1991,1255,736,3.72,4,buy
8/11,1101,新光-新竹,8563,7,611,-604,3.05,4,sell
8/11,1101,新光,8560,617,53,564,2.85,5,buy
8/11,1101,富邦-台北,9623,11,530,-519,2.62,5,sell
8/11,1101,台新-緯城,0039004200320041,360,2,358,1.81,6,buy
8/11,1101,花旗環球,1590,370,883,-513,2.59,6,sell
8/11,1101,元大-博愛,0039003800320042,335,36,299,1.51,7,buy
8/11,1101,華南永昌-南京,9326,0,410,-410,2.07,7,sell
8/11,1101,合庫-鳳山,1029,221,0,221,1.12,8,buy
8/11,1101,美林,1440,721,1016,-295,1.49,8,sell
8/11,1101,玉山-台中,0038003800340042,204,9,195,0.98,9,buy
8/11,1101,富邦-新板,0039003600310048,39,259,-220,1.11,9,sell
8/11,1101,永豐金-台南,0039004100390068,175,9,166,0.84,10,buy
8/11,1101,第一金-台中,5382,10,202,-192,0.97,10,sell
8/11,1101,華南永昌,9300,142,7,135,0.68,11,buy
8/11,1101,摩根大通,8440,195,324,-129,0.65,11,sell
8/11,1101,(牛牛牛)亞-網路,6012,121,0,121,0.61,12,buy
8/11,1101,兆豐-西螺,0037003000300044,1,121,-120,0.61,12,sell
8/11,1101,台新-台中,0039004200310068,113,9,104,0.52,13,buy
8/11,1101,國泰-敦南,8888,74,189,-115,0.58,13,sell
8/11,1101,富邦-彰化,0039003600350055,102,0,102,0.51,14,buy
8/11,1101,永豐金-羅東,0039004100390041,2,101,-99,0.5,14,sell
8/11,1101,台新-信義,0039004200320048,146,48,98,0.49,15,buy
8/11,1101,元大-北港,9837,13,103,-90,0.45,15,sell
8/11,2610,港商麥格理,1360,1497,0,1497,2.63,1,buy
8/11,2610,台灣摩根士丹利,1470,1011,12262,-11251,19.77,1,sell
8/11,2610,陽信-石牌,8711,804,1,803,1.41,2,buy
8/11,2610,美林,1440,54,5661,-5607,9.85,2,sell
8/11,2610,富邦-桃園,9665,822,20,802,1.41,3,buy
8/11,2610,摩根大通,8440,802,5246,-4444,7.81,3,sell
8/11,2610,群益金鼎-土城,003900310033004e,715,1,714,1.25,4,buy
8/11,2610,美商高盛,1480,2911,6878,-3967,6.97,4,sell
8/11,2610,凱基-台北,9268,2564,1920,644,1.13,5,buy
8/11,2610,新加坡商瑞銀,1650,812,4027,-3215,5.65,5,sell
8/11,2610,國泰-敦南,8888,934,375,559,0.98,6,buy
8/11,2610,新光,8560,1048,2022,-974,1.71,6,sell
8/11,2610,永豐金-匯立,0039004100380031,485,0,485,0.85,7,buy
8/11,2610,富邦-台中,003900360035004b,110,822,-712,1.25,7,sell
8/11,2610,群益金鼎-潭子,0039003100330044,410,1,409,0.72,8,buy
8/11,2610,元大證券,9800,2722,3319,-597,1.05,8,sell
8/11,2610,凱基-汐止,9226,382,2,380,0.67,9,buy
8/11,2610,花旗環球,1590,124,572,-448,0.79,9,sell
8/11,2610,中國信託,6160,406,58,348,0.61,10,buy
8/11,2610,國票-南港,7795,8,307,-299,0.53,10,sell
8/11,2610,富邦-台北,9623,348,81,267,0.47,11,buy
8/11,2610,凱基-竹科,9272,138,426,-288,0.51,11,sell
8/11,2610,石橋證券,7080,251,0,251,0.44,12,buy
8/11,2610,元大-南投,0039003800310044,56,306,-250,0.44,12,sell
8/11,2610,中國信託-高雄,003600310036004b,285,42,243,0.43,13,buy
8/11,2610,富邦-台南,9667,63,312,-249,0.44,13,sell
8/11,2610,台新-高雄,0039004200310067,325,83,242,0.43,14,buy
8/11,2610,華南永昌,9300,179,416,-237,0.42,14,sell
8/11,2610,台新,0039004200300030,351,111,240,0.42,15,buy
8/11,2610,凱基,9200,0,183,-183,0.32,15,sell
8/11,3045,摩根大通,8440,2315,690,1625,11.3,1,buy
8/11,3045,凱基-台北,9268,146,2387,-2241,15.59,1,sell
8/11,3045,元大-台中,9812,520,0,520,3.62,2,buy
8/11,3045,新加坡商瑞銀,1650,45,1726,-1681,11.69,2,sell
8/11,3045,美林,1440,346,3,343,2.39,3,buy
8/11,3045,富邦證券,9600,1,1000,-999,6.95,3,sell
8/11,3045,港商野村,1560,302,0,302,2.1,4,buy
8/11,3045,花旗環球,1590,49,874,-825,5.74,4,sell
8/11,3045,港商麥格理,1360,1103,842,261,1.82,5,buy
8/11,3045,華南永昌,9300,14,612,-598,4.16,5,sell
8/11,3045,富邦-仁愛,9676,238,0,238,1.66,6,buy
8/11,3045,美商高盛,1480,660,1211,-551,3.83,6,sell
8/11,3045,台新-高雄,0039004200310067,226,0,226,1.57,7,buy
8/11,3045,元大證券,9800,177,579,-402,2.8,7,sell
8/11,3045,台新-三民,0039004200310033,208,0,208,1.45,8,buy
8/11,3045,統一,5850,5,302,-297,2.07,8,sell
8/11,3045,群益金鼎-鳳山,0039003100380063,201,3,198,1.38,9,buy
8/11,3045,凱基,9200,30,265,-235,1.63,9,sell
8/11,3045,群益金鼎,9100,371,204,167,1.16,10,buy
8/11,3045,永豐金證券,0039004100300030,92,283,-191,1.33,10,sell
8/11,3045,新光,8560,161,12,149,1.04,11,buy
8/11,3045,元大-南崁,0039003800300051,2,170,-168,1.17,11,sell
8/11,3045,第一金-忠孝,0035003300380044,158,30,128,0.89,12,buy
8/11,3045,合庫證券,1020,2,104,-102,0.71,12,sell
8/11,3045,國泰證券,8880,515,388,127,0.88,13,buy
8/11,3045,法銀巴黎,8900,0,83,-83,0.58,13,sell
8/11,3045,國泰-敦南,8888,129,5,124,0.86,14,buy
8/11,3045,宏遠證券,1260,11,77,-66,0.46,14,sell
8/11,3045,國泰-桃園,8885,124,2,122,0.85,15,buy
8/11,3045,兆豐證券,7000,0,38,-38,0.26,15,sell
8/11,0050,富邦證券,9600,18059,2586,15473,22.32,1,buy
8/11,0050,元大證券,9800,7368,12168,-4800,6.93,1,sell
8/11,0050,永豐金證券,0039004100300030,13951,2780,11171,16.12,2,buy
8/11,0050,凱基,9200,126,4011,-3885,5.6,2,sell
8/11,0050,凱基-台北,9268,2474,997,1477,2.13,3,buy
8/11,0050,國泰-敦南,8888,1258,2860,-1602,2.31,3,sell
8/11,0050,群益金鼎,9100,978,47,931,1.34,4,buy
8/11,0050,新光,8560,306,866,-560,0.81,4,sell
8/11,0050,台新,0039004200300030,972,449,523,0.75,5,buy
8/11,0050,新加坡商瑞銀,1650,1000,1517,-517,0.75,5,sell
8/11,0050,台灣摩根士丹利,1470,463,0,463,0.67,6,buy
8/11,0050,國泰證券,8880,1211,1699,-488,0.7,6,sell
8/11,0050,兆豐-復興,0037003000300070,262,5,257,0.37,7,buy
8/11,0050,國泰-台中,8882,174,576,-402,0.58,7,sell
8/11,0050,國票-敦北法人,0037003700390063,254,5,249,0.36,8,buy
8/11,0050,永豐金-板新,003900410039004a,60,367,-307,0.44,8,sell
8/11,0050,富邦-敦南,9663,342,108,234,0.34,9,buy
8/11,0050,元大-館前,003900380034004b,27,329,-302,0.44,9,sell
8/11,0050,永豐金-高雄,0039004100390065,278,81,197,0.28,10,buy
8/11,0050,國泰-板橋,003800380038004b,181,408,-227,0.33,10,sell
8/11,0050,中國信託,6160,1064,880,184,0.27,11,buy
8/11,0050,永豐金-桃盛,003900410039004e,37,250,-213,0.31,11,sell
8/11,0050,第一金-中壢,0035003300380059,213,35,178,0.26,12,buy
8/11,0050,元大-松山,0039003800310070,16,227,-211,0.3,12,sell
8/11,0050,統一,5850,356,188,168,0.24,13,buy
8/11,0050,土銀-台中,1031,1,200,-199,0.29,13,sell
8/11,0050,元大-桃園,0039003800380042,181,32,149,0.21,14,buy
8/11,0050,永豐金-市政,0039004100390057,109,308,-199,0.29,14,sell
8/11,0050,凱基-站前,0039003200300046,535,392,143,0.21,15,buy
8/11,0050,元大-中山北路,0039003800300061,70,260,-190,0.27,15,sell
8/11,0056,台新-台北,0039004200320030,1262,2,1260,4.98,1,buy
8/11,0056,統一,5850,6,1809,-1803,7.13,1,sell
8/11,0056,凱基-台北,9268,3773,2864,909,3.59,2,buy
8/11,0056,新加坡商瑞銀,1650,881,2320,-1439,5.69,2,sell
8/11,0056,元大證券,9800,2063,1170,893,3.53,3,buy
8/11,0056,中國信託,6160,423,1526,-1103,4.36,3,sell
8/11,0056,永豐金證券,0039004100300030,1083,491,592,2.34,4,buy
8/11,0056,台新-高雄,0039004200310067,42,628,-586,2.32,4,sell
8/11,0056,富邦證券,9600,532,57,475,1.88,5,buy
8/11,0056,元大-內湖民權,9867,8,322,-314,1.24,5,sell
8/11,0056,國泰證券,8880,238,0,238,0.94,6,buy
8/11,0056,日進,5660,3,251,-248,0.98,6,sell
8/11,0056,凱基-文心,9297,221,1,220,0.87,7,buy
8/11,0056,富邦-台南,9667,16,262,-246,0.97,7,sell
8/11,0056,凱基-市政,9239,213,21,192,0.76,8,buy
8/11,0056,元大-南勢角,0039003800340045,1,219,-218,0.86,8,sell
8/11,0056,國泰-館前,0038003800380041,153,26,127,0.5,9,buy
8/11,0056,玉山-台南,8847,56,241,-185,0.73,9,sell
8/11,0056,凱基-城中,9227,130,3,127,0.5,10,buy
8/11,0056,台新-城中,0039004200320045,7,160,-153,0.61,10,sell
8/11,0056,新光,8560,212,93,119,0.47,11,buy
8/11,0056,台新-安南,003900420032005a,9,156,-147,0.58,11,sell
8/11,0056,群益金鼎,9100,216,107,109,0.43,12,buy
8/11,0056,國泰-桃園,8885,67,174,-107,0.42,12,sell
8/11,0056,凱基-台南,9211,79,2,77,0.3,13,buy
8/11,0056,元大-雙和,9874,11,116,-105,0.42,13,sell
8/11,0056,富邦-新竹,9647,113,40,73,0.29,14,buy
8/11,0056,兆豐-復興,0037003000300070,0,100,-100,0.4,14,sell
8/11,0056,玉山-城中,0038003800340045,87,16,71,0.28,15,buy
8/11,0056,富邦-頭份,0039003600320050,10,109,-99,0.39,15,sell
8/11,6770,美商高盛,1480,10636,1305,9331,8.42,1,buy
8/11,6770,美林,1440,662,3604,-2942,2.65,1,sell
8/11,6770,台灣摩根士丹利,1470,5117,3289,1828,1.65,2,buy
8/11,6770,兆豐-松德,0037003000300069,15,1688,-1673,1.51,2,sell
8/11,6770,華南永昌-斗六,9327,745,53,692,0.62,3,buy
8/11,6770,元大證券,9800,10157,11681,-1524,1.38,3,sell
8/11,6770,凱基-東港,9212,663,86,577,0.52,4,buy
8/11,6770,新加坡商瑞銀,1650,2694,3688,-994,0.9,4,sell
8/11,6770,元大-蘆洲,9857,557,219,338,0.3,5,buy
8/11,6770,凱基-台北,9268,7072,7950,-878,0.79,5,sell
8/11,6770,永豐金-匯立,0039004100380031,325,7,318,0.29,6,buy
8/11,6770,美好-富順,003500320036004b,75,581,-506,0.46,6,sell
8/11,6770,富邦-南京,0039003600310043,350,80,270,0.24,7,buy
8/11,6770,摩根大通,8440,1225,1716,-491,0.44,7,sell
8/11,6770,台新,0039004200300030,1632,1363,269,0.24,8,buy
8/11,6770,富邦證券,9600,177,654,-477,0.43,8,sell
8/11,6770,群益金鼎-東門,0039003100380044,284,92,192,0.17,9,buy
8/11,6770,花旗環球,1590,231,629,-398,0.36,9,sell
8/11,6770,港商麥格理,1360,187,0,187,0.17,10,buy
8/11,6770,兆豐-台中,7003,47,381,-334,0.3,10,sell
8/11,6770,元大-北屯,0039003800390064,229,61,168,0.15,11,buy
8/11,6770,富邦-建國,9658,123,437,-314,0.28,11,sell
8/11,6770,國票-桃園,0037003700390072,145,17,128,0.12,12,buy
8/11,6770,合庫-基隆,1025,180,482,-302,0.27,12,sell
8/11,6770,永豐金-敦北,0039004100380039,133,19,114,0.1,13,buy
8/11,6770,台新-城東,0039004200320072,47,335,-288,0.26,13,sell
8/11,6770,元大-萬華,0039003800310071,165,52,113,0.1,14,buy
8/11,6770,國票-南科,0037003700390065,67,333,-266,0.24,14,sell
8/11,6770,華南永昌-豐原,9366,130,23,107,0.1,15,buy
8/11,6770,元大-善化,0039003800310079,118,374,-256,0.23,15,sell
8/11,2409,永豐金-匯立,0039004100380031,4114,0,4114,0.89,1,buy
8/11,2409,富邦證券,9600,22187,48720,-26533,5.77,1,sell
8/11,2409,國泰-敦南,8888,11991,8102,3889,0.85,2,buy
8/11,2409,凱基-台北,9268,33464,55209,-21745,4.73,2,sell
8/11,2409,中國信託-高雄,003600310036004b,2667,578,2089,0.45,3,buy
8/11,2409,台灣摩根士丹利,1470,4749,23428,-18679,4.06,3,sell
8/11,2409,凱基-台南,9211,1878,357,1521,0.33,4,buy
8/11,2409,美商高盛,1480,4507,15118,-10611,2.31,4,sell
8/11,2409,新光,8560,3071,1567,1504,0.33,5,buy
8/11,2409,摩根大通,8440,1130,11185,-10055,2.19,5,sell
8/11,2409,台新-西松,003900420032006e,1551,114,1437,0.31,6,buy
8/11,2409,國票-敦北法人,0037003700390063,184,8378,-8194,1.78,6,sell
8/11,2409,富邦-台北,9623,1986,589,1397,0.3,7,buy
8/11,2409,元大證券,9800,48296,56074,-7778,1.69,7,sell
8/11,2409,元大-三民,0039003800390046,1541,322,1219,0.27,8,buy
8/11,2409,統一,5850,1972,9329,-7357,1.6,8,sell
8/11,2409,台新,0039004200300030,2729,1561,1168,0.25,9,buy
8/11,2409,統一-城中,5854,824,7824,-7000,1.52,9,sell
8/11,2409,美好-富順,003500320036004b,2381,1218,1163,0.25,10,buy
8/11,2409,國票-安和,003700370039005a,220,7210,-6990,1.52,10,sell
8/11,2409,元大-南京,9862,1327,174,1153,0.25,11,buy
8/11,2409,群益金鼎,9100,5090,11434,-6344,1.38,11,sell
8/11,2409,富邦-南員林,0039003600310052,1393,265,1128,0.25,12,buy
8/11,2409,凱基-城中,9227,411,6134,-5723,1.24,12,sell
8/11,2409,國票-博愛,003700370039007a,1129,47,1082,0.24,13,buy
8/11,2409,新加坡商瑞銀,1650,4431,10027,-5596,1.22,13,sell
8/11,2409,福勝,6950,1088,57,1031,0.22,14,buy
8/11,2409,康和,8450,166,2299,-2133,0.46,14,sell
8/11,2409,華南永昌-楠梓,9332,1198,194,1004,0.22,15,buy
8/11,2409,群益金鼎-館前,0039003100330059,394,2317,-1923,0.42,15,sell
8/11,1303,摩根大通,8440,5287,1037,4250,4.14,1,buy
8/11,1303,華南永昌,9300,536,3169,-2633,2.56,1,sell
8/11,1303,台灣摩根士丹利,1470,6406,2383,4023,3.92,2,buy
8/11,1303,美商高盛,1480,2970,4844,-1874,1.83,2,sell
8/11,1303,元大證券,9800,12757,9702,3055,2.98,3,buy
8/11,1303,凱基-台北,9268,4383,6134,-1751,1.71,3,sell
8/11,1303,統一,5850,2477,812,1665,1.62,4,buy
8/11,1303,國票-安和,003700370039005a,395,1671,-1276,1.24,4,sell
8/11,1303,永豐金證券,0039004100300030,3181,1810,1371,1.34,5,buy
8/11,1303,凱基-市府,0039003200300044,42,957,-915,0.89,5,sell
8/11,1303,美林,1440,1773,708,1065,1.04,6,buy
8/11,1303,永豐金-嘉義,003900410039006a,169,875,-706,0.69,6,sell
8/11,1303,港商野村,1560,1189,169,1020,0.99,7,buy
8/11,1303,合庫證券,1020,42,735,-693,0.67,7,sell
8/11,1303,國泰證券,8880,2247,1272,975,0.95,8,buy
8/11,1303,富邦證券,9600,393,1034,-641,0.62,8,sell
8/11,1303,群益金鼎,9100,1022,422,600,0.58,9,buy
8/11,1303,花旗環球,1590,296,901,-605,0.59,9,sell
8/11,1303,凱基,9200,584,43,541,0.53,10,buy
8/11,1303,群益金鼎-台北,0039003100380058,22,612,-590,0.57,10,sell
8/11,1303,新加坡商瑞銀,1650,3159,2633,526,0.51,11,buy
8/11,1303,統一-城中,5854,560,1013,-453,0.44,11,sell
8/11,1303,康和,8450,2268,1916,352,0.34,12,buy
8/11,1303,兆豐-忠孝,0037003000300061,82,459,-377,0.37,12,sell
8/11,1303,港商麥格理,1360,332,5,327,0.32,13,buy
8/11,1303,國泰-敦南,8888,2211,2489,-278,0.27,13,sell
8/11,1303,玉山證券,8840,486,189,297,0.29,14,buy
8/11,1303,統一-新竹,5857,99,352,-253,0.25,14,sell
8/11,1303,台新-新店,0039004200320032,840,646,194,0.19,15,buy
8/11,1303,新光,8560,513,753,-240,0.23,15,sell
8/11,2834,永豐金-潮州,0039004100390071,1707,32,1675,5.52,1,buy
8/11,2834,台灣摩根士丹利,1470,92,8264,-8172,26.95,1,sell
8/11,2834,國票-中港,003700370039006d,1500,0,1500,4.95,2,buy
8/11,2834,凱基-台北,9268,399,5563,-5164,17.03,2,sell
8/11,2834,第一金-光復,0035003300380043,1006,0,1006,3.32,3,buy
8/11,2834,新加坡商瑞銀,1650,647,4131,-3484,11.49,3,sell
8/11,2834,美林,1440,981,66,915,3.02,4,buy
8/11,2834,花旗環球,1590,0,2912,-2912,9.6,4,sell
8/11,2834,元大-彰化民生,003900380039004a,627,0,627,2.07,5,buy
8/11,2834,土銀-嘉義,1034,76,861,-785,2.59,5,sell
8/11,2834,美商高盛,1480,851,238,613,2.02,6,buy
8/11,2834,台新-敦南,0039004200320051,4,600,-596,1.97,6,sell
8/11,2834,港商麥格理,1360,482,0,482,1.59,7,buy
8/11,2834,永豐金證券,0039004100300030,170,725,-555,1.83,7,sell
8/11,2834,國泰-台中,8882,425,4,421,1.39,8,buy
8/11,2834,法銀巴黎,8900,0,413,-413,1.36,8,sell
8/11,2834,國泰-敦南,8888,526,121,405,1.34,9,buy
8/11,2834,港商野村,1560,0,393,-393,1.3,9,sell
8/11,2834,摩根大通,8440,1618,1222,396,1.31,10,buy
8/11,2834,凱基-彰化,0039003200300047,55,372,-317,1.05,10,sell
8/11,2834,新百王,6210,423,50,373,1.23,11,buy
8/11,2834,華南永昌-台南,9306,10,200,-190,0.63,11,sell
8/11,2834,第一金-高雄,5383,326,0,326,1.07,12,buy
8/11,2834,元大證券,9800,253,415,-162,0.53,12,sell
8/11,2834,元大-斗信,9884,313,0,313,1.03,13,buy
8/11,2834,台新-烏日,0039004200320063,56,200,-144,0.47,13,sell
8/11,2834,富邦-永和,9654,281,5,276,0.91,14,buy
8/11,2834,元大-苑裡,0039003800390061,14,120,-106,0.35,14,sell
8/11,2834,兆豐-員林,003700300030006b,273,0,273,0.9,15,buy
8/11,2834,凱基-松山,9217,24,117,-93,0.31,15,sell
8/11,2801,元大-彰化民生,003900380039004a,1005,16,989,5.98,1,buy
8/11,2801,摩根大通,8440,282,6248,-5966,36.09,1,sell
8/11,2801,臺銀-臺南,1042,836,0,836,5.06,2,buy
8/11,2801,花旗環球,1590,40,1533,-1493,9.03,2,sell
8/11,2801,凱基-台北,9268,1625,854,771,4.66,3,buy
8/11,2801,美林,1440,83,1301,-1218,7.37,3,sell
8/11,2801,台灣摩根士丹利,1470,1035,483,552,3.34,4,buy
8/11,2801,新加坡商瑞銀,1650,231,927,-696,4.21,4,sell
8/11,2801,台新-台中,0039004200310068,542,0,542,3.28,5,buy
8/11,2801,美商高盛,1480,1029,1649,-620,3.75,5,sell
8/11,2801,第一金-光復,0035003300380043,510,0,510,3.08,6,buy
8/11,2801,群益金鼎,9100,3,435,-432,2.61,6,sell
8/11,2801,永豐金-匯立,0039004100380031,487,0,487,2.95,7,buy
8/11,2801,富邦證券,9600,2,411,-409,2.47,7,sell
8/11,2801,彰銀,1230,439,19,420,2.54,8,buy
8/11,2801,富邦-公益,0039003600310046,5,400,-395,2.39,8,sell
8/11,2801,富邦-木柵,003900360031004d,300,0,300,1.81,9,buy
8/11,2801,元大-新竹,9816,0,101,-101,0.61,9,sell
8/11,2801,永豐金-永康,0039004100390063,300,0,300,1.81,10,buy
8/11,2801,統一,5850,0,99,-99,0.6,10,sell
8/11,2801,永豐金-潮州,0039004100390071,305,5,300,1.81,11,buy
8/11,2801,宏遠-新化,0031003200360058,0,90,-90,0.54,11,sell
8/11,2801,彰銀-七賢,1232,271,2,269,1.63,12,buy
8/11,2801,台新-左楠,0039004200310064,0,80,-80,0.48,12,sell
8/11,2801,港商麥格理,1360,236,30,206,1.25,13,buy
8/11,2801,國票-嘉義,0037003700390048,3,80,-77,0.47,13,sell
8/11,2801,台中銀,6110,202,0,202,1.22,14,buy
8/11,2801,元大-台南,9896,17,93,-76,0.46,14,sell
8/11,2801,富邦-永康,003900360031005a,202,0,202,1.22,15,buy
8/11,2801,台新-成功,003900420032006d,6,74,-68,0.41,15,sell
8/11,2449,宏遠證券,1260,1560,5,1555,8.81,1,buy
8/11,2449,凱基-台北,9268,1055,2236,-1181,6.69,1,sell
8/11,2449,元大-忠孝鼎富,0039003800320046,405,0,405,2.29,2,buy
8/11,2449,美商高盛,1480,838,1891,-1053,5.96,2,sell
8/11,2449,華南永昌,9300,550,392,158,0.89,3,buy
8/11,2449,台灣摩根士丹利,1470,321,921,-600,3.4,3,sell
8/11,2449,統一,5850,189,77,112,0.63,4,buy
8/11,2449,花旗環球,1590,37,626,-589,3.34,4,sell
8/11,2449,新光-新竹,8563,194,86,108,0.61,5,buy
8/11,2449,美林,1440,1,584,-583,3.3,5,sell
8/11,2449,國泰-敦南,8888,466,376,90,0.51,6,buy
8/11,2449,港商野村,1560,12,344,-332,1.88,6,sell
8/11,2449,台新,0039004200300030,233,147,86,0.49,7,buy
8/11,2449,新加坡商瑞銀,1650,179,433,-254,1.44,7,sell
8/11,2449,凱基,9200,83,8,75,0.42,8,buy
8/11,2449,摩根大通,8440,781,934,-153,0.87,8,sell
8/11,2449,統一-板橋,0035003800350050,64,4,60,0.34,9,buy
8/11,2449,元大證券,9800,1492,1637,-145,0.82,9,sell
8/11,2449,兆豐-天母,003700300030004c,57,2,55,0.31,10,buy
8/11,2449,法銀巴黎,8900,0,87,-87,0.49,10,sell
8/11,2449,台新-台中,0039004200310068,90,35,55,0.31,11,buy
8/11,2449,港商麥格理,1360,14,96,-82,0.46,11,sell
8/11,2449,永全-南崁,6451,56,5,51,0.29,12,buy
8/11,2449,國泰證券,8880,11,66,-55,0.31,12,sell
8/11,2449,台新-新店,0039004200320032,51,5,46,0.26,13,buy
8/11,2449,永豐金-信義,0039004100390052,4,53,-49,0.28,13,sell
8/11,2449,合庫-高雄,1023,46,7,39,0.22,14,buy
8/11,2449,群益金鼎-東門,0039003100380044,1,48,-47,0.27,14,sell
8/11,2449,台新-烏日,0039004200320063,35,2,33,0.19,15,buy
8/11,2449,富邦-南京,0039003600310043,14,59,-45,0.25,15,sell
8/11,2356,美商高盛,1480,2649,751,1898,12.96,1,buy
8/11,2356,港商麥格理,1360,82,1105,-1023,6.98,1,sell
8/11,2356,花旗環球,1590,1533,1000,533,3.64,2,buy
8/11,2356,台灣摩根士丹利,1470,410,1228,-818,5.58,2,sell
8/11,2356,富邦-桃園,9665,255,3,252,1.72,3,buy
8/11,2356,摩根大通,8440,1609,2388,-779,5.32,3,sell
8/11,2356,富邦證券,9600,278,53,225,1.54,4,buy
8/11,2356,兆豐-嘉義,7001,22,435,-413,2.82,4,sell
8/11,2356,富邦-台北,9623,155,45,110,0.75,5,buy
8/11,2356,元大證券,9800,434,735,-301,2.05,5,sell
8/11,2356,富邦-中壢,9636,111,15,96,0.66,6,buy
8/11,2356,凱基-台北,9268,850,1036,-186,1.27,6,sell
8/11,2356,元大-館前,003900380034004b,92,10,82,0.56,7,buy
8/11,2356,新加坡商瑞銀,1650,103,208,-105,0.72,7,sell
8/11,2356,第一金,5380,83,3,80,0.55,8,buy
8/11,2356,永豐金證券,0039004100300030,182,250,-68,0.46,8,sell
8/11,2356,華南永昌,9300,68,4,64,0.44,9,buy
8/11,2356,群益金鼎-新店,0039003100380046,0,67,-67,0.46,9,sell
8/11,2356,元大-東泰,9817,54,2,52,0.35,10,buy
8/11,2356,港商野村,1560,55,117,-62,0.42,10,sell
8/11,2356,合庫-三重,0031003000320047,100,50,50,0.34,11,buy
8/11,2356,台新-松江,0039004200310035,8,59,-51,0.35,11,sell
8/11,2356,新光-台中,8561,61,22,39,0.27,12,buy
8/11,2356,凱基-長庚,9233,6,53,-47,0.32,12,sell
8/11,2356,臺銀-民權,1043,43,5,38,0.26,13,buy
8/11,2356,高橋-內壢,5323,4,50,-46,0.31,13,sell
8/11,2356,第一金-台南,5384,44,7,37,0.25,14,buy
8/11,2356,永豐金-鳳山,0039004100360031,3,41,-38,0.26,14,sell
8/11,2356,台新-五權西,0039004200320035,37,1,36,0.25,15,buy
8/11,2356,國泰-台中,8882,33,68,-35,0.24,15,sell
8/11,8112,台灣摩根士丹利,1470,10087,343,9744,13.36,1,buy
8/11,8112,國泰-敦南,8888,1305,2106,-801,1.1,1,sell
8/11,8112,美商高盛,1480,7906,901,7005,9.61,2,buy
8/11,8112,統一-台南,5855,22,504,-482,0.66,2,sell
8/11,8112,凱基-台北,9268,9938,4534,5404,7.41,3,buy
8/11,8112,元大-雙和,9874,23,376,-353,0.48,3,sell
8/11,8112,摩根大通,8440,4763,437,4326,5.93,4,buy
8/11,8112,新光-高雄,8562,86,434,-348,0.48,4,sell
8/11,8112,新加坡商瑞銀,1650,4366,665,3701,5.07,5,buy
8/11,8112,永豐金-市政,0039004100390057,81,407,-326,0.45,5,sell
8/11,8112,美林,1440,1790,304,1486,2.04,6,buy
8/11,8112,國票-九鼎,0037003700390050,21,346,-325,0.45,6,sell
8/11,8112,港商野村,1560,1045,6,1039,1.42,7,buy
8/11,8112,富邦-台北,9623,112,427,-315,0.43,7,sell
8/11,8112,台新,0039004200300030,1583,917,666,0.91,8,buy
8/11,8112,新光,8560,272,560,-288,0.39,8,sell
8/11,8112,元大證券,9800,5392,4818,574,0.79,9,buy
8/11,8112,富邦-台中,003900360035004b,94,376,-282,0.39,9,sell
8/11,8112,花旗環球,1590,234,67,167,0.23,10,buy
8/11,8112,凱基-新莊,0039003200310053,14,286,-272,0.37,10,sell
8/11,8112,台新-建北,0039004200310038,261,99,162,0.22,11,buy
8/11,8112,群益金鼎,9100,467,715,-248,0.34,11,sell
8/11,8112,永豐金證券,0039004100300030,819,666,153,0.21,12,buy
8/11,8112,國泰-台中,8882,190,429,-239,0.33,12,sell
8/11,8112,元大-館前,003900380034004b,303,153,150,0.21,13,buy
8/11,8112,國泰證券,8880,1,235,-234,0.32,13,sell
8/11,8112,國票證券,7790,289,153,136,0.19,14,buy
8/11,8112,玉山-新莊,8842,29,241,-212,0.29,14,sell
8/11,8112,台新-松江,0039004200310035,144,22,122,0.17,15,buy
8/11,8112,兆豐-城中,0037003000300057,9,220,-211,0.29,15,sell
8/11,4904,亞東,2180,433,0,433,9.46,1,buy
8/11,4904,富邦證券,9600,0,471,-471,10.29,1,sell
8/11,4904,摩根大通,8440,666,271,395,8.63,2,buy
8/11,4904,花旗環球,1590,80,460,-380,8.3,2,sell
8/11,4904,元大證券,9800,163,48,115,2.51,3,buy
8/11,4904,國票-敦北法人,0037003700390063,0,236,-236,5.16,3,sell
8/11,4904,港商麥格理,1360,102,7,95,2.08,4,buy
8/11,4904,美商高盛,1480,88,320,-232,5.07,4,sell
8/11,4904,玉山-台中,0038003800340042,73,0,73,1.59,5,buy
8/11,4904,國泰證券,8880,151,350,-199,4.35,5,sell
8/11,4904,土銀-建國,0031003000330041,54,0,54,1.18,6,buy
8/11,4904,華南永昌,9300,30,213,-183,4.0,6,sell
8/11,4904,合庫-台南,1022,50,0,50,1.09,7,buy
8/11,4904,新加坡商瑞銀,1650,312,487,-175,3.82,7,sell
8/11,4904,台灣企銀,1110,50,0,50,1.09,8,buy
8/11,4904,凱基-台北,9268,63,142,-79,1.73,8,sell
8/11,4904,中國信託-三重,6161,50,0,50,1.09,9,buy
8/11,4904,永豐金證券,0039004100300030,4,74,-70,1.53,9,sell
8/11,4904,玉山-大里,003800380034004a,41,0,41,0.9,10,buy
8/11,4904,港商野村,1560,188,230,-42,0.92,10,sell
8/11,4904,亞東-台南,2185,34,2,32,0.7,11,buy
8/11,4904,台灣摩根士丹利,1470,176,217,-41,0.9,11,sell
8/11,4904,新光,8560,33,2,31,0.68,12,buy
8/11,4904,第一金-桃園,5385,0,21,-21,0.46,12,sell
8/11,4904,大和國泰,8890,28,0,28,0.61,13,buy
8/11,4904,永豐金-新竹,0039004100390037,1,10,-9,0.2,13,sell
8/11,4904,玉山-板橋,8846,27,0,27,0.59,14,buy
8/11,4904,美林,1440,59,65,-6,0.13,14,sell
8/11,4904,永豐金-台中,003900410039004c,24,0,24,0.52,15,buy
8/11,4904,華南永昌-林口,9317,0,6,-6,0.13,15,sell
8/11,2353,台灣摩根士丹利,1470,3103,708,2395,19.12,1,buy
8/11,2353,美商高盛,1480,599,2046,-1447,11.55,1,sell
8/11,2353,第一金-高雄,5383,1600,1,1599,12.76,2,buy
8/11,2353,花旗環球,1590,87,429,-342,2.73,2,sell
8/11,2353,港商野村,1560,417,0,417,3.33,3,buy
8/11,2353,法銀巴黎,8900,0,260,-260,2.08,3,sell
8/11,2353,摩根大通,8440,656,322,334,2.67,4,buy
8/11,2353,永豐金證券,0039004100300030,19,154,-135,1.08,4,sell
8/11,2353,凱基-竹北,9234,160,3,157,1.25,5,buy
8/11,2353,新加坡商瑞銀,1650,366,479,-113,0.9,5,sell
8/11,2353,美林,1440,170,52,118,0.94,6,buy
8/11,2353,致和-崇德,0037003000330042,0,110,-110,0.88,6,sell
8/11,2353,美好-蘆洲,5261,111,14,97,0.77,7,buy
8/11,2353,富邦-仁愛,9676,20,130,-110,0.88,7,sell
8/11,2353,華南永昌-頭份,9343,89,4,85,0.68,8,buy
8/11,2353,日茂-埔里,5961,0,100,-100,0.8,8,sell
8/11,2353,第一金-大稻埕,0035003300380046,74,0,74,0.59,9,buy
8/11,2353,聯邦-台南,8588,0,100,-100,0.8,9,sell
8/11,2353,富邦-建國,9658,75,2,73,0.58,10,buy
8/11,2353,國泰-敦南,8888,90,181,-91,0.73,10,sell
8/11,2353,凱基-虎尾,9236,62,4,58,0.46,11,buy
8/11,2353,凱基-台北,9268,523,611,-88,0.7,11,sell
8/11,2353,第一金-安和,003500330038006a,58,6,52,0.42,12,buy
8/11,2353,元大-彰化民生,003900380039004a,2,89,-87,0.69,12,sell
8/11,2353,華南永昌-東昇,9386,53,1,52,0.42,13,buy
8/11,2353,元大-竹科,003900380030004b,4,81,-77,0.61,13,sell
8/11,2353,光和-溪湖,6381,72,21,51,0.41,14,buy
8/11,2353,華南永昌-中正,9359,5,77,-72,0.57,14,sell
8/11,2353,元大-大益,9814,62,12,50,0.4,15,buy
8/11,2353,台新,0039004200300030,23,94,-71,0.57,15,sell
8/11,2880,凱基,9200,6001,200,5801,23.35,1,buy
8/11,2880,花旗環球,1590,16,6007,-5991,24.11,1,sell
8/11,2880,凱基-台北,9268,4200,1067,3133,12.61,2,buy
8/11,2880,美商高盛,1480,392,4324,-3932,15.83,2,sell
8/11,2880,土銀,1030,2455,0,2455,9.88,3,buy
8/11,2880,摩根大通,8440,549,2152,-1603,6.45,3,sell
8/11,2880,元大證券,9800,2085,362,1723,6.93,4,buy
8/11,2880,台灣摩根士丹利,1470,601,1357,-756,3.04,4,sell
8/11,2880,華南永昌,9300,735,6,729,2.93,5,buy
8/11,2880,兆豐證券,7000,0,582,-582,2.34,5,sell
8/11,2880,永豐金-中和,0039004100390042,284,0,284,1.14,6,buy
8/11,2880,新加坡商瑞銀,1650,707,1231,-524,2.11,6,sell
8/11,2880,永豐金-萬盛,0039004100390032,244,10,234,0.94,7,buy
8/11,2880,永豐金-台南,0039004100390068,4,267,-263,1.06,7,sell
8/11,2880,統一-士林,003500380035004d,200,0,200,0.8,8,buy
8/11,2880,凱基-中山,9229,52,292,-240,0.97,8,sell
8/11,2880,港商麥格理,1360,168,43,125,0.5,9,buy
8/11,2880,(牛牛牛)亞-鑫豐,0036003000310064,0,205,-205,0.83,9,sell
8/11,2880,富邦-公益,0039003600310046,122,3,119,0.48,10,buy
8/11,2880,臺銀,1040,2,177,-175,0.7,10,sell
8/11,2880,中國信託,6160,108,0,108,0.43,11,buy
8/11,2880,宏遠證券,1260,1,135,-134,0.54,11,sell
8/11,2880,國泰-敦南,8888,190,88,102,0.41,12,buy
8/11,2880,港商野村,1560,7,118,-111,0.45,12,sell
8/11,2880,大和國泰,8890,91,0,91,0.37,13,buy
8/11,2880,元大-台北,0039003800300068,15,117,-102,0.41,13,sell
8/11,2880,台新,0039004200300030,71,9,62,0.25,14,buy
8/11,2880,華南永昌-古亭,9309,3,103,-100,0.4,14,sell
8/11,2880,宏遠-光隆,0031003200360069,47,1,46,0.19,15,buy
8/11,2880,凱基-基隆,0039003200300048,0,92,-92,0.37,15,sell
8/11,2886,土銀,1030,4254,0,4254,13.21,1,buy
8/11,2886,港商麥格理,1360,107,4470,-4363,13.55,1,sell
8/11,2886,台新,0039004200300030,3307,7,3300,10.25,2,buy
8/11,2886,花旗環球,1590,8,3696,-3688,11.45,2,sell
8/11,2886,國泰證券,8880,1770,0,1770,5.5,3,buy
8/11,2886,新加坡商瑞銀,1650,897,3144,-2247,6.98,3,sell
8/11,2886,兆豐證券,7000,989,15,974,3.02,4,buy
8/11,2886,凱基-台北,9268,2011,4135,-2124,6.6,4,sell
8/11,2886,群益金鼎,9100,835,9,826,2.57,5,buy
8/11,2886,美商高盛,1480,1183,3189,-2006,6.23,5,sell
8/11,2886,永豐金-萬盛,0039004100390032,476,0,476,1.48,6,buy
8/11,2886,華南永昌,9300,25,1601,-1576,4.89,6,sell
8/11,2886,國泰-敦南,8888,445,104,341,1.06,7,buy
8/11,2886,台灣摩根士丹利,1470,1241,2474,-1233,3.83,7,sell
8/11,2886,富邦證券,9600,325,1,324,1.01,8,buy
8/11,2886,新光-台中,8561,18,770,-752,2.34,8,sell
8/11,2886,永豐金證券,0039004100300030,343,90,253,0.79,9,buy
8/11,2886,港商野村,1560,1,528,-527,1.64,9,sell
8/11,2886,元大-基隆孝二,003900380036004b,194,0,194,0.6,10,buy
8/11,2886,美林,1440,504,986,-482,1.5,10,sell
8/11,2886,兆豐-城中,0037003000300057,154,8,146,0.45,11,buy
8/11,2886,香港上海匯豐,8960,21,426,-405,1.26,11,sell
8/11,2886,玉山-高雄,8843,127,0,127,0.39,12,buy
8/11,2886,元大證券,9800,857,1244,-387,1.2,12,sell
8/11,2886,中國信託,6160,156,31,125,0.39,13,buy
8/11,2886,摩根大通,8440,1209,1541,-332,1.03,13,sell
8/11,2886,群益金鼎-三民,9188,216,100,116,0.36,14,buy
8/11,2886,群益金鼎-新竹,9186,10,276,-266,0.83,14,sell
8/11,2886,台新-左楠,0039004200310064,109,0,109,0.34,15,buy
8/11,2886,統一,5850,335,545,-210,0.65,15,sell
8/11,2892,摩根大通,8440,9505,670,8835,10.38,1,buy
8/11,2892,富邦證券,9600,13,18284,-18271,21.46,1,sell
8/11,2892,新加坡商瑞銀,1650,10068,2187,7881,9.26,2,buy
8/11,2892,台新-台北,0039004200320030,12,9501,-9489,11.15,2,sell
8/11,2892,美商高盛,1480,11449,4761,6688,7.86,3,buy
8/11,2892,元大證券,9800,2522,8819,-6297,7.4,3,sell
8/11,2892,美林,1440,5109,2914,2195,2.58,4,buy
8/11,2892,凱基,9200,6,3859,-3853,4.53,4,sell
8/11,2892,兆豐-北高雄,0037003000300049,1442,2,1440,1.69,5,buy
8/11,2892,國票-敦北法人,0037003700390063,2,3000,-2998,3.52,5,sell
8/11,2892,富邦-虎尾,9697,1327,7,1320,1.55,6,buy
8/11,2892,國泰證券,8880,15,3000,-2985,3.51,6,sell
8/11,2892,第一金,5380,922,6,916,1.08,7,buy
8/11,2892,凱基-台北,9268,5746,8023,-2277,2.67,7,sell
8/11,2892,永豐金-台南,0039004100390068,777,0,777,0.91,8,buy
8/11,2892,台灣摩根士丹利,1470,4396,6357,-1961,2.3,8,sell
8/11,2892,國泰-桃園,8885,793,31,762,0.9,9,buy
8/11,2892,華南永昌,9300,148,1998,-1850,2.17,9,sell
8/11,2892,港商野村,1560,617,53,564,0.66,10,buy
8/11,2892,花旗環球,1590,704,2296,-1592,1.87,10,sell
8/11,2892,國泰-敦南,8888,615,107,508,0.6,11,buy
8/11,2892,永豐金證券,0039004100300030,357,1403,-1046,1.23,11,sell
8/11,2892,國票-台南,0037003700390044,426,0,426,0.5,12,buy
8/11,2892,凱基-三重,9205,31,1003,-972,1.14,12,sell
8/11,2892,中國信託-嘉義,6168,383,2,381,0.45,13,buy
8/11,2892,兆豐證券,7000,75,1002,-927,1.09,13,sell
8/11,2892,第一金-台南,5384,393,47,346,0.41,14,buy
8/11,2892,元大-鹿港,0039003800390053,79,552,-473,0.56,14,sell
8/11,2892,凱基-台南,9211,330,0,330,0.39,15,buy
8/11,2892,兆豐-大安,003700300030006a,5,400,-395,0.46,15,sell
8/11,2337,美林,1440,4209,1089,3120,2.15,1,buy
8/11,2337,富邦證券,9600,381,7258,-6877,4.73,1,sell
8/11,2337,台灣摩根士丹利,1470,8338,5699,2639,1.82,2,buy
8/11,2337,凱基-台北,9268,7747,13013,-5266,3.62,2,sell
8/11,2337,永豐金-匯立,0039004100380031,2250,0,2250,1.55,3,buy
8/11,2337,國票-敦北法人,0037003700390063,29,3710,-3681,2.53,3,sell
8/11,2337,摩根大通,8440,4833,3299,1534,1.06,4,buy
8/11,2337,統一,5850,450,2213,-1763,1.21,4,sell
8/11,2337,兆豐-中壢,0037003000300062,786,33,753,0.52,5,buy
8/11,2337,國票-安和,003700370039005a,92,1832,-1740,1.2,5,sell
8/11,2337,永豐金證券,0039004100300030,2222,1528,694,0.48,6,buy
8/11,2337,凱基-城中,9227,33,1438,-1405,0.97,6,sell
8/11,2337,凱基,9200,641,26,615,0.42,7,buy
8/11,2337,統一-城中,5854,38,1030,-992,0.68,7,sell
8/11,2337,國泰-敦南,8888,4760,4149,611,0.42,8,buy
8/11,2337,群益金鼎,9100,513,1497,-984,0.68,8,sell
8/11,2337,港商麥格理,1360,1072,555,517,0.36,9,buy
8/11,2337,元大證券,9800,14757,15402,-645,0.44,9,sell
8/11,2337,元大-天母,0039003800310049,528,63,465,0.32,10,buy
8/11,2337,美商高盛,1480,10967,11527,-560,0.39,10,sell
8/11,2337,玉山-城中,0038003800340045,405,80,325,0.22,11,buy
8/11,2337,群益金鼎-館前,0039003100330059,119,628,-509,0.35,11,sell
8/11,2337,富邦-台北,9623,531,233,298,0.21,12,buy
8/11,2337,大和國泰,8890,0,292,-292,0.2,12,sell
8/11,2337,富邦-建國,9658,417,134,283,0.19,13,buy
8/11,2337,新加坡商瑞銀,1650,3944,4230,-286,0.2,13,sell
8/11,2337,凱基-站前,0039003200300046,790,537,253,0.17,14,buy
8/11,2337,凱基-南崁,9256,28,255,-227,0.16,14,sell
8/11,2337,富邦-永和,9654,1522,1269,253,0.17,15,buy
8/11,2337,群益金鼎-三民,9188,613,812,-199,0.14,15,sell
8/11,1314,凱基-台北,9268,3164,338,2826,12.03,1,buy
8/11,1314,元大證券,9800,587,9773,-9186,39.1,1,sell
8/11,1314,摩根大通,8440,3393,704,2689,11.45,2,buy
8/11,1314,第一金-路竹,0035003300380050,1,3201,-3200,13.62,2,sell
8/11,1314,國票-北高雄,003700370039004a,1048,23,1025,4.36,3,buy
8/11,1314,法銀巴黎,8900,0,380,-380,1.62,3,sell
8/11,1314,亞東,2180,761,7,754,3.21,4,buy
8/11,1314,光和-嘉義,0036003300380041,0,110,-110,0.47,4,sell
8/11,1314,富邦-台北,9623,740,120,620,2.64,5,buy
8/11,1314,凱基-城中,9227,4,113,-109,0.46,5,sell
8/11,1314,兆豐-大同,0037003000300053,400,0,400,1.7,6,buy
8/11,1314,花旗環球,1590,19,121,-102,0.43,6,sell
8/11,1314,新加坡商瑞銀,1650,391,19,372,1.58,7,buy
8/11,1314,富邦-永和,9654,10,110,-100,0.43,7,sell
8/11,1314,群益金鼎-鳳山,0039003100380063,319,9,310,1.32,8,buy
8/11,1314,永豐金-板新,003900410039004a,27,101,-74,0.31,8,sell
8/11,1314,台灣摩根士丹利,1470,1018,757,261,1.11,9,buy
8/11,1314,元大-西螺,0039003800310069,0,62,-62,0.26,9,sell
8/11,1314,新光,8560,287,90,197,0.84,10,buy
8/11,1314,統一,5850,19,78,-59,0.25,10,sell
8/11,1314,永豐金證券,0039004100300030,360,181,179,0.76,11,buy
8/11,1314,國泰-台南,8884,22,80,-58,0.25,11,sell
8/11,1314,富邦-板橋,9655,180,10,170,0.72,12,buy
8/11,1314,元大-三民,0039003800390046,2,59,-57,0.24,12,sell
8/11,1314,元大-大益,9814,142,0,142,0.6,13,buy
8/11,1314,華南永昌-中正,9359,5,61,-56,0.24,13,sell
8/11,1314,新光-高雄,8562,191,76,115,0.49,14,buy
8/11,1314,第一金-桃園,5385,10,62,-52,0.22,14,sell
8/11,1314,兆豐-高雄,003700300030005a,111,0,111,0.47,15,buy
8/11,1314,港商野村,1560,0,51,-51,0.22,15,sell
8/11,4958,美商高盛,1480,2380,545,1835,5.49,1,buy
8/11,4958,統一,5850,180,731,-551,1.65,1,sell
8/11,4958,元大證券,9800,3429,2757,672,2.01,2,buy
8/11,4958,花旗環球,1590,68,613,-545,1.63,2,sell
8/11,4958,永豐金證券,0039004100300030,1027,376,651,1.95,3,buy
8/11,4958,新光,8560,227,609,-382,1.14,3,sell
8/11,4958,台灣摩根士丹利,1470,1506,882,624,1.87,4,buy
8/11,4958,國泰-敦南,8888,965,1187,-222,0.66,4,sell
8/11,4958,凱基,9200,573,12,561,1.68,5,buy
8/11,4958,富邦-台北,9623,39,255,-216,0.65,5,sell
8/11,4958,凱基-城中,9227,512,21,491,1.47,6,buy
8/11,4958,永豐金-板新,003900410039004a,52,259,-207,0.62,6,sell
8/11,4958,富邦證券,9600,412,69,343,1.03,7,buy
8/11,4958,玉山-雙和,8841,15,176,-161,0.48,7,sell
8/11,4958,凱基-台北,9268,3165,2838,327,0.98,8,buy
8/11,4958,摩根大通,8440,935,1041,-106,0.32,8,sell
8/11,4958,元大-鳳山,003900380033005a,338,28,310,0.93,9,buy
8/11,4958,台新,0039004200300030,167,271,-104,0.31,9,sell
8/11,4958,港商野村,1560,415,124,291,0.87,10,buy
8/11,4958,聯邦證券,8580,15,107,-92,0.28,10,sell
8/11,4958,群益金鼎,9100,401,119,282,0.84,11,buy
8/11,4958,華南永昌-南京,9326,32,123,-91,0.27,11,sell
8/11,4958,美林,1440,478,203,275,0.82,12,buy
8/11,4958,富邦-仁愛,9676,109,192,-83,0.25,12,sell
8/11,4958,新加坡商瑞銀,1650,375,107,268,0.8,13,buy
8/11,4958,華南永昌-大甲,9315,4,82,-78,0.23,13,sell
8/11,4958,永豐金-萬盛,0039004100390032,237,16,221,0.66,14,buy
8/11,4958,元大-新竹經國,9859,86,164,-78,0.23,14,sell
8/11,4958,華南永昌,9300,219,65,154,0.46,15,buy
8/11,4958,國泰-板橋,003800380038004b,117,194,-77,0.23,15,sell
8/11,1718,凱基-台北,9268,2348,992,1356,6.45,1,buy
8/11,1718,永豐金-台南,0039004100390068,1,921,-920,4.38,1,sell
8/11,1718,富邦證券,9600,878,348,530,2.52,2,buy
8/11,1718,新加坡商瑞銀,1650,662,1043,-381,1.81,2,sell
8/11,1718,美商高盛,1480,2109,1625,484,2.3,3,buy
8/11,1718,富邦-台南,9667,51,212,-161,0.77,3,sell
8/11,1718,國泰-板橋,003800380038004b,431,176,255,1.21,4,buy
8/11,1718,兆豐-公益,003700300030004a,0,145,-145,0.69,4,sell
8/11,1718,富邦-花蓮,9621,178,1,177,0.84,5,buy
8/11,1718,第一金-忠孝,0035003300380044,4,144,-140,0.67,5,sell
8/11,1718,國泰-敦南,8888,745,584,161,0.77,6,buy
8/11,1718,摩根大通,8440,807,929,-122,0.58,6,sell
8/11,1718,臺銀-高雄,0031003000340043,170,21,149,0.71,7,buy
8/11,1718,台新-緯城,0039004200320041,5,125,-120,0.57,7,sell
8/11,1718,花旗環球,1590,244,106,138,0.66,8,buy
8/11,1718,國泰-忠孝,8887,51,164,-113,0.54,8,sell
8/11,1718,大昌-樹林,6461,127,17,110,0.52,9,buy
8/11,1718,富邦-樹林,0039003600320045,4,112,-108,0.51,9,sell
8/11,1718,元大-潮州,003900380031005a,117,7,110,0.52,10,buy
8/11,1718,元大-成功,003900380039004c,2,105,-103,0.49,10,sell
8/11,1718,國泰-台中,8882,262,156,106,0.5,11,buy
8/11,1718,中國信託-三重,6161,59,161,-102,0.49,11,sell
8/11,1718,宏遠-台南,0031003200360044,103,0,103,0.49,12,buy
8/11,1718,土銀-建國,0031003000330041,0,100,-100,0.48,12,sell
8/11,1718,群益金鼎-忠孝,0039003100380057,100,0,100,0.48,13,buy
8/11,1718,元大-蘆洲中正,0039003800390049,5,103,-98,0.47,13,sell
8/11,1718,聯邦證券,8580,95,0,95,0.45,14,buy
8/11,1718,元大證券,9800,1534,1627,-93,0.44,14,sell
8/11,1718,第一金-高雄,5383,170,90,80,0.38,15,buy
8/11,1718,寶盛,5460,0,90,-90,0.43,15,sell
8/11,2327,凱基,9200,3223,234,2989,3.66,1,buy
8/11,2327,美商高盛,1480,1143,4374,-3231,3.96,1,sell
8/11,2327,康和,8450,1703,78,1625,1.99,2,buy
8/11,2327,凱基-台北,9268,2737,4045,-1308,1.6,2,sell
8/11,2327,國泰證券,8880,1351,143,1208,1.48,3,buy
8/11,2327,美林,1440,269,1412,-1143,1.4,3,sell
8/11,2327,元大證券,9800,10435,9385,1050,1.29,4,buy
8/11,2327,摩根大通,8440,1147,2281,-1134,1.39,4,sell
8/11,2327,富邦證券,9600,1280,698,582,0.71,5,buy
8/11,2327,新加坡商瑞銀,1650,1213,2085,-872,1.07,5,sell
8/11,2327,統一,5850,829,288,541,0.66,6,buy
8/11,2327,港商野村,1560,108,651,-543,0.67,6,sell
8/11,2327,(牛牛牛)亞證券,6010,500,0,500,0.61,7,buy
8/11,2327,台灣摩根士丹利,1470,3168,3618,-450,0.55,7,sell
8/11,2327,凱基-士林,9238,513,46,467,0.57,8,buy
8/11,2327,花旗環球,1590,168,367,-199,0.24,8,sell
8/11,2327,元大-敦化,9833,899,433,466,0.57,9,buy
8/11,2327,國泰-敦南,8888,3088,3271,-183,0.22,9,sell
8/11,2327,元大-松江,9801,451,52,399,0.49,10,buy
8/11,2327,凱基-永和,9207,13,123,-110,0.13,10,sell
8/11,2327,台新,0039004200300030,871,616,255,0.31,11,buy
8/11,2327,凱基-竹科,9272,105,209,-104,0.13,11,sell
8/11,2327,永豐金-忠孝,0039004100390044,282,79,203,0.25,12,buy
8/11,2327,華南永昌-麻豆,9308,48,122,-74,0.09,12,sell
8/11,2327,富邦-新店,9661,287,107,180,0.22,13,buy
8/11,2327,北城證券,7750,77,145,-68,0.08,13,sell
8/11,2327,永豐金證券,0039004100300030,1256,1085,171,0.21,14,buy
8/11,2327,富邦-台北,9623,223,290,-67,0.08,14,sell
8/11,2327,台新-台北,0039004200320030,508,342,166,0.2,15,buy
8/11,2327,兆豐-台中港,7005,128,194,-66,0.08,15,sell
8/11,2542,凱基,9200,1000,0,1000,18.09,1,buy
8/11,2542,第一金-新興,0035003300380041,0,302,-302,5.46,1,sell
8/11,2542,國泰證券,8880,514,10,504,9.12,2,buy
8/11,2542,摩根大通,8440,101,325,-224,4.05,2,sell
8/11,2542,台灣摩根士丹利,1470,514,246,268,4.85,3,buy
8/11,2542,永豐金-中正,0039004100390055,0,206,-206,3.73,3,sell
8/11,2542,康和,8450,220,0,220,3.98,4,buy
8/11,2542,統一-永和,0035003800350042,0,200,-200,3.62,4,sell
8/11,2542,群益金鼎-新竹,9186,200,0,200,3.62,5,buy
8/11,2542,兆豐-大同,0037003000300053,0,200,-200,3.62,5,sell
8/11,2542,元大證券,9800,164,13,151,2.73,6,buy
8/11,2542,康和-仁愛,0038003400350046,0,200,-200,3.62,6,sell
8/11,2542,美林,1440,242,136,106,1.92,7,buy
8/11,2542,美商高盛,1480,1027,1129,-102,1.85,7,sell
8/11,2542,新加坡商瑞銀,1650,87,3,84,1.52,8,buy
8/11,2542,永豐金-板新,003900410039004a,1,77,-76,1.37,8,sell
8/11,2542,永豐金-松山,0039004100390031,62,0,62,1.12,9,buy
8/11,2542,臺銀,1040,0,71,-71,1.28,9,sell
8/11,2542,國泰-桃園,8885,62,2,60,1.09,10,buy
8/11,2542,中國信託-高雄,003600310036004b,0,66,-66,1.19,10,sell
8/11,2542,台中銀,6110,50,2,48,0.87,11,buy
8/11,2542,台新-草屯,0039004200320058,0,61,-61,1.1,11,sell
8/11,2542,元大-小港,003900380039005a,48,2,46,0.83,12,buy
8/11,2542,富邦證券,9600,1,59,-58,1.05,12,sell
8/11,2542,元大-和平,9863,40,0,40,0.72,13,buy
8/11,2542,元大-新竹經國,9859,0,58,-58,1.05,13,sell
8/11,2542,新光-台中,8561,41,8,33,0.6,14,buy
8/11,2542,台新-新竹,0039004200320047,0,53,-53,0.96,14,sell
8/11,2542,台新-成功,003900420032006d,31,1,30,0.54,15,buy
8/11,2542,富邦-嘉義,9692,0,43,-43,0.78,15,sell
8/11,2332,元大-松江,9801,427,4,423,1.09,1,buy
8/11,2332,美商高盛,1480,186,2861,-2675,6.92,1,sell
8/11,2332,凱基-士林,9238,367,3,364,0.94,2,buy
8/11,2332,台灣摩根士丹利,1470,437,2770,-2333,6.03,2,sell
8/11,2332,光和-溪湖,6381,383,40,343,0.89,3,buy
8/11,2332,新加坡商瑞銀,1650,111,1886,-1775,4.59,3,sell
8/11,2332,華南永昌-小港,9323,314,3,311,0.8,4,buy
8/11,2332,美林,1440,78,1177,-1099,2.84,4,sell
8/11,2332,永全-八德,6452,252,0,252,0.65,5,buy
8/11,2332,摩根大通,8440,6,1089,-1083,2.8,5,sell
8/11,2332,富邦-和美,0039003600310050,230,11,219,0.57,6,buy
8/11,2332,港商野村,1560,0,962,-962,2.49,6,sell
8/11,2332,凱基-站前,0039003200300046,192,25,167,0.43,7,buy
8/11,2332,香港上海匯豐,8960,0,665,-665,1.72,7,sell
8/11,2332,新光,8560,380,213,167,0.43,8,buy
8/11,2332,永豐金-信義,0039004100390052,0,488,-488,1.26,8,sell
8/11,2332,元大-彰化民生,003900380039004a,159,12,147,0.38,9,buy
8/11,2332,新光-台中,8561,29,386,-357,0.92,9,sell
8/11,2332,國票-博愛,003700370039007a,152,7,145,0.38,10,buy
8/11,2332,元大-三民,0039003800390046,28,348,-320,0.83,10,sell
8/11,2332,國泰-敦南,8888,523,381,142,0.37,11,buy
8/11,2332,凱基-和平,9255,63,334,-271,0.7,11,sell
8/11,2332,元大-內湖,003900380039004e,136,6,130,0.34,12,buy
8/11,2332,台新,0039004200300030,208,473,-265,0.69,12,sell
8/11,2332,元大-金華,9878,137,8,129,0.33,13,buy
8/11,2332,華南永昌-古亭,9309,16,264,-248,0.64,13,sell
8/11,2332,富邦-嘉義,9692,175,49,126,0.33,14,buy
8/11,2332,元大證券,9800,2839,2995,-156,0.4,14,sell
8/11,2332,陽信-石牌,8711,152,36,116,0.3,15,buy
8/11,2332,台灣企銀-太平,1115,9,155,-146,0.38,15,sell
8/11,6239,元大-北投,0039003800390041,1052,24,1028,2.59,1,buy
8/11,6239,元大證券,9800,3421,7071,-3650,9.19,1,sell
8/11,6239,國泰證券,8880,631,117,514,1.29,2,buy
8/11,6239,台灣摩根士丹利,1470,529,2414,-1885,4.75,2,sell
8/11,6239,國泰-敦南,8888,982,643,339,0.85,3,buy
8/11,6239,美商高盛,1480,1658,3177,-1519,3.82,3,sell
8/11,6239,臺銀-金山,0031003000340044,308,10,298,0.75,4,buy
8/11,6239,港商野村,1560,14,631,-617,1.55,4,sell
8/11,6239,國票-安和,003700370039005a,339,61,278,0.7,5,buy
8/11,6239,富邦證券,9600,539,1153,-614,1.55,5,sell
8/11,6239,中國信託,6160,264,80,184,0.46,6,buy
8/11,6239,新加坡商瑞銀,1650,1226,1724,-498,1.25,6,sell
8/11,6239,元大-大天母,9893,318,169,149,0.38,7,buy
8/11,6239,永豐金-忠孝,0039004100390044,29,460,-431,1.08,7,sell
8/11,6239,新光,8560,357,214,143,0.36,8,buy
8/11,6239,華南永昌-南京,9326,53,354,-301,0.76,8,sell
8/11,6239,永豐金證券,0039004100300030,685,544,141,0.35,9,buy
8/11,6239,台新-城東,0039004200320072,28,297,-269,0.68,9,sell
8/11,6239,華南永昌-台中,9302,180,69,111,0.28,10,buy
8/11,6239,群益金鼎-松山,9103,15,267,-252,0.63,10,sell
8/11,6239,元大-松江,9801,115,8,107,0.27,11,buy
8/11,6239,凱基,9200,129,368,-239,0.6,11,sell
8/11,6239,元大-台北,0039003800300068,128,24,104,0.26,12,buy
8/11,6239,美林,1440,399,599,-200,0.5,12,sell
8/11,6239,兆豐-天母,003700300030004c,105,3,102,0.26,13,buy
8/11,6239,摩根大通,8440,754,912,-158,0.4,13,sell
8/11,6239,國泰-台中,8882,216,123,93,0.23,14,buy
8/11,6239,群益金鼎,9100,484,616,-132,0.33,14,sell
8/11,6239,中國信託-高雄,003600310036004b,129,45,84,0.21,15,buy
8/11,6239,華南永昌,9300,160,262,-102,0.26,15,sell
8/11,1301,美商高盛,1480,2001,1407,594,3.49,1,buy
8/11,1301,台灣摩根士丹利,1470,654,1520,-866,5.08,1,sell
8/11,1301,凱基-台北,9268,1468,903,565,3.32,2,buy
8/11,1301,元大證券,9800,1437,2079,-642,3.77,2,sell
8/11,1301,港商野村,1560,421,189,232,1.36,3,buy
8/11,1301,花旗環球,1590,108,728,-620,3.64,3,sell
8/11,1301,群益金鼎-高盛,9105,210,1,209,1.23,4,buy
8/11,1301,兆豐-新竹,0037003000300056,31,620,-589,3.46,4,sell
8/11,1301,臺銀,1040,206,8,198,1.16,5,buy
8/11,1301,新加坡商瑞銀,1650,429,672,-243,1.43,5,sell
8/11,1301,摩根大通,8440,383,218,165,0.97,6,buy
8/11,1301,康和-台中,8455,1,241,-240,1.41,6,sell
8/11,1301,兆豐-小港,0037003000300052,159,12,147,0.86,7,buy
8/11,1301,國泰證券,8880,35,205,-170,1.0,7,sell
8/11,1301,兆豐-忠孝,0037003000300061,103,1,102,0.6,8,buy
8/11,1301,永豐金-匯立,0039004100380031,0,160,-160,0.94,8,sell
8/11,1301,元大-四維,9831,108,8,100,0.59,9,buy
8/11,1301,元大-中山北路,0039003800300061,12,129,-117,0.69,9,sell
8/11,1301,富邦-板橋,9655,175,80,95,0.56,10,buy
8/11,1301,元大-羅東,0039003800320041,3,113,-110,0.65,10,sell
8/11,1301,港商麥格理,1360,74,0,74,0.43,11,buy
8/11,1301,光和-嘉義,0036003300380041,1,93,-92,0.54,11,sell
8/11,1301,國泰-台南,8884,86,22,64,0.38,12,buy
8/11,1301,元大-東泰,9817,16,89,-73,0.43,12,sell
8/11,1301,元大-竹山,0039003800310052,63,4,59,0.35,13,buy
8/11,1301,國泰-新莊,8886,13,85,-72,0.42,13,sell
8/11,1301,臺銀-民權,1043,59,15,44,0.26,14,buy
8/11,1301,兆豐-高雄,003700300030005a,4,71,-67,0.39,14,sell
8/11,1301,國泰-忠孝,8887,46,3,43,0.25,15,buy
8/11,1301,元大-新生,0039003800310058,0,65,-65,0.38,15,sell
8/11,5871,美商高盛,1480,3034,340,2694,21.97,1,buy
8/11,5871,新光,8560,9,528,-519,4.23,1,sell
8/11,5871,摩根大通,8440,2061,113,1948,15.89,2,buy
8/11,5871,合庫-鳳山,1029,2,501,-499,4.07,2,sell
8/11,5871,台灣摩根士丹利,1470,1597,125,1472,12.01,3,buy
8/11,5871,台新-建北,0039004200310038,0,205,-205,1.67,3,sell
8/11,5871,富邦證券,9600,594,3,591,4.82,4,buy
8/11,5871,國泰-敦南,8888,43,210,-167,1.36,4,sell
8/11,5871,元大證券,9800,947,615,332,2.71,5,buy
8/11,5871,台新-新店,0039004200320032,1,146,-145,1.18,5,sell
8/11,5871,花旗環球,1590,702,423,279,2.28,6,buy
8/11,5871,凱基-站前,0039003200300046,11,144,-133,1.08,6,sell
8/11,5871,凱基-台北,9268,1079,829,250,2.04,7,buy
8/11,5871,凱基-高雄,9206,0,132,-132,1.08,7,sell
8/11,5871,港商野村,1560,55,11,44,0.36,8,buy
8/11,5871,新百王,6210,2,126,-124,1.01,8,sell
8/11,5871,中國信託,6160,54,13,41,0.33,9,buy
8/11,5871,玉山-台南,8847,11,131,-120,0.98,9,sell
8/11,5871,新加坡商瑞銀,1650,138,104,34,0.28,10,buy
8/11,5871,兆豐證券,7000,0,110,-110,0.9,10,sell
8/11,5871,統一,5850,36,9,27,0.22,11,buy
8/11,5871,永豐金-市政,0039004100390057,24,133,-109,0.89,11,sell
8/11,5871,永豐金-亞灣,0039004100390061,32,5,27,0.22,12,buy
8/11,5871,康和-延平,8451,120,226,-106,0.86,12,sell
8/11,5871,康和-仁愛,0038003400350046,24,0,24,0.2,13,buy
8/11,5871,大和國泰,8890,0,106,-106,0.86,13,sell
8/11,5871,陽信,8710,25,2,23,0.19,14,buy
8/11,5871,凱基,9200,0,105,-105,0.86,14,sell
8/11,5871,凱基-城中,9227,19,3,16,0.13,15,buy
8/11,5871,國票-九鼎,0037003700390050,0,104,-104,0.85,15,sell
8/11,1815,摩根大通,8440,234,0,234,5.51,1,buy
8/11,1815,華南永昌-竹北,9339,0,946,-946,22.27,1,sell
8/11,1815,台灣摩根士丹利,1470,219,34,185,4.36,2,buy
8/11,1815,新光-台中,8561,21,127,-106,2.5,2,sell
8/11,1815,新加坡商瑞銀,1650,208,50,158,3.72,3,buy
8/11,1815,港商麥格理,1360,0,61,-61,1.44,3,sell
8/11,1815,永豐金-內湖,0039004100390067,140,0,140,3.3,4,buy
8/11,1815,兆豐-寶成,0037003000300072,2,51,-49,1.15,4,sell
8/11,1815,凱基-興隆,9289,121,1,120,2.83,5,buy
8/11,1815,富邦-宜蘭,9686,7,56,-49,1.15,5,sell
8/11,1815,台新-建北,0039004200310038,108,1,107,2.52,6,buy
8/11,1815,玉山-新竹,0038003800340048,0,46,-46,1.08,6,sell
8/11,1815,統一-城中,5854,108,58,50,1.18,7,buy
8/11,1815,群益金鼎-北高雄,0039003100330052,0,42,-42,0.99,7,sell
8/11,1815,凱基-台北,9268,70,21,49,1.15,8,buy
8/11,1815,玉山-左營,0038003800340044,4,40,-36,0.85,8,sell
8/11,1815,元大-天母,0039003800310049,51,4,47,1.11,9,buy
8/11,1815,凱基-科園,9254,3,30,-27,0.64,9,sell
8/11,1815,美林,1440,41,0,41,0.97,10,buy
8/11,1815,群益金鼎,9100,4,28,-24,0.57,10,sell
8/11,1815,國票-中和,0037003700390058,35,2,33,0.78,11,buy
8/11,1815,凱基-南崁,9256,1,23,-22,0.52,11,sell
8/11,1815,華南永昌-民權,9312,40,9,31,0.73,12,buy
8/11,1815,國票-敦北法人,0037003700390063,7,28,-21,0.49,12,sell
8/11,1815,港商野村,1560,30,0,30,0.71,13,buy
8/11,1815,元大-民生三民,0039003800390058,1,22,-21,0.49,13,sell
8/11,1815,宏遠-館前,0031003200360055,32,3,29,0.68,14,buy
8/11,1815,國票證券,7790,3,24,-21,0.49,14,sell
8/11,1815,永豐金-三重,003900410039004b,27,1,26,0.61,15,buy
8/11,1815,台新-中壢,0039004200310079,0,20,-20,0.47,15,sell
8/11,3702,福邦證券,6480,1200,0,1200,9.83,1,buy
8/11,3702,美商高盛,1480,366,1282,-916,7.5,1,sell
8/11,3702,台新-台北,0039004200320030,807,0,807,6.61,2,buy
8/11,3702,香港上海匯豐,8960,0,811,-811,6.64,2,sell
8/11,3702,合庫證券,1020,717,1,716,5.87,3,buy
8/11,3702,凱基-台北,9268,507,1069,-562,4.6,3,sell
8/11,3702,港商野村,1560,714,219,495,4.06,4,buy
8/11,3702,新加坡商瑞銀,1650,233,757,-524,4.29,4,sell
8/11,3702,康和-板橋,0038003400350044,214,14,200,1.64,5,buy
8/11,3702,港商麥格理,1360,15,498,-483,3.96,5,sell
8/11,3702,元大-館前,003900380034004b,194,3,191,1.56,6,buy
8/11,3702,花旗環球,1590,20,439,-419,3.43,6,sell
8/11,3702,國泰證券,8880,150,0,150,1.23,7,buy
8/11,3702,摩根大通,8440,505,920,-415,3.4,7,sell
8/11,3702,台新,0039004200300030,202,52,150,1.23,8,buy
8/11,3702,台灣摩根士丹利,1470,446,811,-365,2.99,8,sell
8/11,3702,元大證券,9800,1103,975,128,1.05,9,buy
8/11,3702,美林,1440,104,427,-323,2.65,9,sell
8/11,3702,台新-高雄,0039004200310067,137,10,127,1.04,10,buy
8/11,3702,統一,5850,23,205,-182,1.49,10,sell
8/11,3702,富邦證券,9600,159,38,121,0.99,11,buy
8/11,3702,富邦-竹科,0039003600320043,0,90,-90,0.74,11,sell
8/11,3702,富邦-敦南,9663,269,165,104,0.85,12,buy
8/11,3702,台新-松江,0039004200310035,2,90,-88,0.72,12,sell
8/11,3702,國票-博愛,003700370039007a,153,60,93,0.76,13,buy
8/11,3702,元大-羅東,0039003800320041,13,86,-73,0.6,13,sell
8/11,3702,華南永昌-中正,9359,58,0,58,0.48,14,buy
8/11,3702,康和-永和,0038003400350042,1,59,-58,0.48,14,sell
8/11,3702,新光,8560,114,58,56,0.46,15,buy
8/11,3702,元大-大安,003900380033004e,4,54,-50,0.41,15,sell
8/11,2885,美商高盛,1480,2219,1049,1170,9.71,1,buy
8/11,2885,花旗環球,1590,33,1709,-1676,13.92,1,sell
8/11,2885,摩根大通,8440,1475,327,1148,9.53,2,buy
8/11,2885,凱基-台北,9268,1258,2529,-1271,10.55,2,sell
8/11,2885,群益金鼎-東門,0039003100380044,850,1,849,7.05,3,buy
8/11,2885,港商麥格理,1360,353,1040,-687,5.7,3,sell
8/11,2885,台灣摩根士丹利,1470,950,217,733,6.09,4,buy
8/11,2885,香港上海匯豐,8960,315,796,-481,3.99,4,sell
8/11,2885,新加坡商瑞銀,1650,840,577,263,2.18,5,buy
8/11,2885,美林,1440,148,428,-280,2.32,5,sell
8/11,2885,永豐金證券,0039004100300030,319,60,259,2.15,6,buy
8/11,2885,元大-館前,003900380034004b,21,226,-205,1.7,6,sell
8/11,2885,元大證券,9800,589,361,228,1.89,7,buy
8/11,2885,群益金鼎-海山,9108,0,150,-150,1.25,7,sell
8/11,2885,大和國泰,8890,74,0,74,0.61,8,buy
8/11,2885,永豐金-新竹,0039004100390037,1,115,-114,0.95,8,sell
8/11,2885,凱基,9200,71,0,71,0.59,9,buy
8/11,2885,中國信託,6160,23,85,-62,0.51,9,sell
8/11,2885,群益金鼎-松山,9103,100,50,50,0.42,10,buy
8/11,2885,台新,0039004200300030,11,65,-54,0.45,10,sell
8/11,2885,永豐金-鳳山,0039004100360031,100,51,49,0.41,11,buy
8/11,2885,兆豐-北高雄,0037003000300049,3,50,-47,0.39,11,sell
8/11,2885,元大-台北,0039003800300068,50,3,47,0.39,12,buy
8/11,2885,國泰-台南,8884,11,58,-47,0.39,12,sell
8/11,2885,港商野村,1560,41,0,41,0.34,13,buy
8/11,2885,富邦-南京,0039003600310043,5,51,-46,0.38,13,sell
8/11,2885,玉山-大里,003800380034004a,41,2,39,0.32,14,buy
8/11,2885,第一金-嘉義,003500330038004d,0,45,-45,0.37,14,sell
8/11,2885,玉山-新竹,0038003800340048,42,11,31,0.26,15,buy
8/11,2885,國泰-板橋,003800380038004b,5,49,-44,0.37,15,sell
8/11,6505,凱基,9200,757,2,755,3.05,1,buy
8/11,6505,台灣摩根士丹利,1470,1047,3074,-2027,8.2,1,sell
8/11,6505,摩根大通,8440,1058,416,642,2.6,2,buy
8/11,6505,花旗環球,1590,229,588,-359,1.45,2,sell
8/11,6505,永豐金-匯立,0039004100380031,548,0,548,2.22,3,buy
8/11,6505,兆豐-新竹,0037003000300056,19,325,-306,1.24,3,sell
8/11,6505,國泰證券,8880,510,6,504,2.04,4,buy
8/11,6505,凱基-台北,9268,2272,2473,-201,0.81,4,sell
8/11,6505,美商高盛,1480,1564,1112,452,1.83,5,buy
8/11,6505,合庫證券,1020,1,182,-181,0.73,5,sell
8/11,6505,永豐金證券,0039004100300030,446,162,284,1.15,6,buy
8/11,6505,中國信託-永康,6163,13,162,-149,0.6,6,sell
8/11,6505,港商野村,1560,326,57,269,1.09,7,buy
8/11,6505,凱基-鳳山,9274,3,110,-107,0.43,7,sell
8/11,6505,富邦-羅東,9634,241,13,228,0.92,8,buy
8/11,6505,國泰-敦南,8888,324,410,-86,0.35,8,sell
8/11,6505,華南永昌,9300,258,42,216,0.87,9,buy
8/11,6505,玉山-數位,003800380034004d,27,109,-82,0.33,9,sell
8/11,6505,(牛牛牛)亞-鑫豐,0036003000310064,219,9,210,0.85,10,buy
8/11,6505,中國信託-嘉義,6168,4,84,-80,0.32,10,sell
8/11,6505,元大-大天母,9893,203,19,184,0.74,11,buy
8/11,6505,富邦-板橋,9655,28,94,-66,0.27,11,sell
8/11,6505,元大-館前,003900380034004b,141,15,126,0.51,12,buy
8/11,6505,凱基-中壢,9285,38,101,-63,0.25,12,sell
8/11,6505,香港上海匯豐,8960,118,0,118,0.48,13,buy
8/11,6505,富邦-七賢,003900360031004b,25,86,-61,0.25,13,sell
8/11,6505,元大-府城,0039003800300075,125,9,116,0.47,14,buy
8/11,6505,群益金鼎-潭子,0039003100330044,5,61,-56,0.23,14,sell
8/11,6505,美林,1440,268,172,96,0.39,15,buy
8/11,6505,群益金鼎-竹南,0039003100380069,0,55,-55,0.22,15,sell
8/11,2812,華南永昌-林口,9317,1606,0,1606,13.77,1,buy
8/11,2812,美商高盛,1480,134,3174,-3040,26.06,1,sell
8/11,2812,富邦-仁愛,9676,1108,7,1101,9.44,2,buy
8/11,2812,台灣摩根士丹利,1470,5,1481,-1476,12.65,2,sell
8/11,2812,康和-澎湖,0038003400350045,378,0,378,3.24,3,buy
8/11,2812,凱基-台北,9268,165,1583,-1418,12.16,3,sell
8/11,2812,元大-員林,9889,364,1,363,3.11,4,buy
8/11,2812,新加坡商瑞銀,1650,422,1109,-687,5.89,4,sell
8/11,2812,台中銀,6110,314,10,304,2.61,5,buy
8/11,2812,摩根大通,8440,160,558,-398,3.41,5,sell
8/11,2812,玉山-新竹,0038003800340048,210,1,209,1.79,6,buy
8/11,2812,華南永昌-斗六,9327,0,350,-350,3.0,6,sell
8/11,2812,統一-東湖,0035003800350052,200,0,200,1.71,7,buy
8/11,2812,花旗環球,1590,170,463,-293,2.51,7,sell
8/11,2812,國泰-敦南,8888,202,41,161,1.38,8,buy
8/11,2812,凱基-士林,9238,0,100,-100,0.86,8,sell
8/11,2812,康和,8450,150,0,150,1.29,9,buy
8/11,2812,法銀巴黎,8900,0,87,-87,0.75,9,sell
8/11,2812,美林,1440,963,831,132,1.13,10,buy
8/11,2812,華南永昌-忠孝,9325,0,80,-80,0.69,10,sell
8/11,2812,國泰-板橋,003800380038004b,105,2,103,0.88,11,buy
8/11,2812,凱基-台南,9211,5,83,-78,0.67,11,sell
8/11,2812,富邦-竹科,0039003600320043,101,0,101,0.87,12,buy
8/11,2812,元大證券,9800,146,194,-48,0.41,12,sell
8/11,2812,新光-新竹,8563,116,19,97,0.83,13,buy
8/11,2812,永豐金-板新,003900410039004a,6,50,-44,0.38,13,sell
8/11,2812,台新,0039004200300030,112,22,90,0.77,14,buy
8/11,2812,凱基-汐止,9226,0,42,-42,0.36,14,sell
8/11,2812,永豐金-台南,0039004100390068,88,0,88,0.75,15,buy
8/11,2812,台新-佳里,0039004200320077,7,40,-33,0.28,15,sell
8/11,3706,永豐金證券,0039004100300030,293,30,263,2.09,1,buy
8/11,3706,美商高盛,1480,268,1596,-1328,10.55,1,sell
8/11,3706,富邦證券,9600,282,33,249,1.98,2,buy
8/11,3706,新加坡商瑞銀,1650,143,1080,-937,7.44,2,sell
8/11,3706,玉山-左營,0038003800340044,193,9,184,1.46,3,buy
8/11,3706,摩根大通,8440,58,868,-810,6.43,3,sell
8/11,3706,國泰-敦南,8888,228,107,121,0.96,4,buy
8/11,3706,台灣摩根士丹利,1470,252,801,-549,4.36,4,sell
8/11,3706,新光,8560,166,51,115,0.91,5,buy
8/11,3706,元大證券,9800,454,895,-441,3.5,5,sell
8/11,3706,元大-館前,003900380034004b,144,33,111,0.88,6,buy
8/11,3706,凱基-台北,9268,397,828,-431,3.42,6,sell
8/11,3706,兆豐-鹿港,0037003000300066,77,1,76,0.6,7,buy
8/11,3706,元大-雙和,9874,4,364,-360,2.86,7,sell
8/11,3706,凱基-五股,0039003200310047,66,0,66,0.52,8,buy
8/11,3706,元大-北三重,0039003800390056,14,339,-325,2.58,8,sell
8/11,3706,宏遠-館前,0031003200360055,65,0,65,0.52,9,buy
8/11,3706,第一金-豐原,003500330038004e,6,101,-95,0.75,9,sell
8/11,3706,元大-清水,0039003800300065,65,1,64,0.51,10,buy
8/11,3706,康和-內湖,0038003400350041,1,54,-53,0.42,10,sell
8/11,3706,國票-和平,003700370039006a,65,1,64,0.51,11,buy
8/11,3706,群益金鼎-中港,9138,5,56,-51,0.41,11,sell
8/11,3706,富邦-南京,0039003600310043,78,14,64,0.51,12,buy
8/11,3706,元大-南勢角,0039003800340045,5,56,-51,0.41,12,sell
8/11,3706,國泰-館前,0038003800380041,71,10,61,0.48,13,buy
8/11,3706,花旗環球,1590,82,132,-50,0.4,13,sell
8/11,3706,永豐金-板新,003900410039004a,70,10,60,0.48,14,buy
8/11,3706,統一-新台中,0035003800350044,4,52,-48,0.38,14,sell
8/11,3706,華南永昌-世貿,9334,59,2,57,0.45,15,buy
8/11,3706,群益金鼎,9100,140,186,-46,0.37,15,sell
8/11,3481,凱基-台北,9268,30409,23797,6612,1.84,1,buy
8/11,3481,元大證券,9800,35710,53509,-17799,4.95,1,sell
8/11,3481,國泰-敦南,8888,12430,8508,3922,1.09,2,buy
8/11,3481,凱基-信義,9216,83,13448,-13365,3.71,2,sell
8/11,3481,永豐金-匯立,0039004100380031,3171,0,3171,0.88,3,buy
8/11,3481,富邦證券,9600,1679,14592,-12913,3.59,3,sell
8/11,3481,國泰-台中,8882,2544,1335,1209,0.34,4,buy
8/11,3481,美商高盛,1480,13552,24701,-11149,3.1,4,sell
8/11,3481,第一金-路竹,0035003300380050,1368,216,1152,0.32,5,buy
8/11,3481,凱基-城中,9227,1066,10302,-9236,2.57,5,sell
8/11,3481,摩根大通,8440,2337,1233,1104,0.31,6,buy
8/11,3481,新加坡商瑞銀,1650,2227,9232,-7005,1.95,6,sell
8/11,3481,玉山-左營,0038003800340044,1285,262,1023,0.28,7,buy
8/11,3481,台灣摩根士丹利,1470,3406,9157,-5751,1.6,7,sell
8/11,3481,統一-城中,5854,1027,49,978,0.27,8,buy
8/11,3481,統一,5850,543,4891,-4348,1.21,8,sell
8/11,3481,港商野村,1560,3015,2037,978,0.27,9,buy
8/11,3481,國票-台中,0037003700390076,186,3564,-3378,0.94,9,sell
8/11,3481,新光,8560,2667,1787,880,0.24,10,buy
8/11,3481,台新-安南,003900420032005a,184,3241,-3057,0.85,10,sell
8/11,3481,兆豐-北高雄,0037003000300049,1136,389,747,0.21,11,buy
8/11,3481,美林,1440,4548,6413,-1865,0.52,11,sell
8/11,3481,富邦-木柵,003900360031004d,886,157,729,0.2,12,buy
8/11,3481,元大-台北,0039003800300068,326,2110,-1784,0.5,12,sell
8/11,3481,富邦-台北,9623,1348,641,707,0.2,13,buy
8/11,3481,元大-中崙,9813,104,1844,-1740,0.48,13,sell
8/11,3481,元大-善化,0039003800310079,954,280,674,0.19,14,buy
8/11,3481,元大-土城永寧,9875,507,2087,-1580,0.44,14,sell
8/11,3481,元大-彰化民生,003900380039004a,897,228,669,0.19,15,buy
8/11,3481,台新,0039004200300030,2545,3954,-1409,0.39,15,sell
8/11,6182,國票-安和,003700370039005a,461,20,441,1.1,1,buy
8/11,6182,台灣摩根士丹利,1470,139,2803,-2664,6.62,1,sell
8/11,6182,凱基-中壢,9285,472,38,434,1.08,2,buy
8/11,6182,新加坡商瑞銀,1650,207,1075,-868,2.16,2,sell
8/11,6182,富邦-內湖,9627,228,22,206,0.51,3,buy
8/11,6182,永豐金證券,0039004100300030,860,1655,-795,1.98,3,sell
8/11,6182,台新-大裕,003900420032006c,223,43,180,0.45,4,buy
8/11,6182,美商高盛,1480,1229,1723,-494,1.23,4,sell
8/11,6182,華南永昌,9300,259,85,174,0.43,5,buy
8/11,6182,港商野村,1560,141,605,-464,1.15,5,sell
8/11,6182,富邦-台北,9623,251,91,160,0.4,6,buy
8/11,6182,富邦證券,9600,305,636,-331,0.82,6,sell
8/11,6182,凱基-新豐,9266,153,12,141,0.35,7,buy
8/11,6182,摩根大通,8440,1231,1523,-292,0.73,7,sell
8/11,6182,統一-敦南,5852,186,48,138,0.34,8,buy
8/11,6182,凱基-站前,0039003200300046,124,414,-290,0.72,8,sell
8/11,6182,國泰-敦南,8888,1469,1331,138,0.34,9,buy
8/11,6182,永豐金-天母,0039004100390047,116,277,-161,0.4,9,sell
8/11,6182,元大-忠孝,9871,145,12,133,0.33,10,buy
8/11,6182,凱基-台北,9268,1199,1342,-143,0.36,10,sell
8/11,6182,第一金-忠孝,0035003300380044,124,14,110,0.27,11,buy
8/11,6182,元大證券,9800,1851,1979,-128,0.32,11,sell
8/11,6182,永豐金-敦南,0039004100380046,177,71,106,0.26,12,buy
8/11,6182,國泰-忠孝,8887,47,149,-102,0.25,12,sell
8/11,6182,富邦-新店,9661,202,96,106,0.26,13,buy
8/11,6182,玉山-新莊,8842,64,144,-80,0.2,13,sell
8/11,6182,統一,5850,251,176,75,0.19,14,buy
8/11,6182,元大-萬華,0039003800310071,29,98,-69,0.17,14,sell
8/11,6182,國泰-館前,0038003800380041,231,158,73,0.18,15,buy
8/11,6182,國泰-高雄,8881,92,153,-61,0.15,15,sell
8/11,6005,群益金鼎,9100,1268,32,1236,9.41,1,buy
8/11,6005,台灣摩根士丹利,1470,183,3452,-3269,24.88,1,sell
8/11,6005,富邦-新板,0039003600310048,291,3,288,2.19,2,buy
8/11,6005,摩根大通,8440,458,1555,-1097,8.35,2,sell
8/11,6005,元大-板橋,0039003800390043,179,6,173,1.32,3,buy
8/11,6005,新加坡商瑞銀,1650,564,1352,-788,6.0,3,sell
8/11,6005,國泰-敦南,8888,223,91,132,1.0,4,buy
8/11,6005,國票-中港,003700370039006d,3,700,-697,5.31,4,sell
8/11,6005,港商麥格理,1360,110,0,110,0.84,5,buy
8/11,6005,美商高盛,1480,621,1160,-539,4.1,5,sell
8/11,6005,元大-大同,0039003800390047,125,16,109,0.83,6,buy
8/11,6005,永豐金-板新,003900410039004a,23,405,-382,2.91,6,sell
8/11,6005,群益金鼎-民權,9131,105,3,102,0.78,7,buy
8/11,6005,花旗環球,1590,12,203,-191,1.45,7,sell
8/11,6005,安泰,8380,102,0,102,0.78,8,buy
8/11,6005,凱基-台北,9268,545,702,-157,1.2,8,sell
8/11,6005,元大-沙鹿,0039003800300064,100,0,100,0.76,9,buy
8/11,6005,凱基-中港,9202,17,152,-135,1.03,9,sell
8/11,6005,永豐金-古亭,0039004100390064,98,0,98,0.75,10,buy
8/11,6005,玉山-桃園,0038003800340046,15,123,-108,0.82,10,sell
8/11,6005,港商野村,1560,96,0,96,0.73,11,buy
8/11,6005,美好-市政,003500320036004d,1,100,-99,0.75,11,sell
8/11,6005,國泰-松江,8883,94,1,93,0.71,12,buy
8/11,6005,香港上海匯豐,8960,0,60,-60,0.46,12,sell
8/11,6005,國票-台中,0037003700390076,90,0,90,0.69,13,buy
8/11,6005,統一-內湖,0035003800350062,0,54,-54,0.41,13,sell
8/11,6005,凱基-虎尾,9236,97,9,88,0.67,14,buy
8/11,6005,兆豐-松德,0037003000300069,0,54,-54,0.41,14,sell
8/11,6005,元大-北屯,0039003800390064,86,0,86,0.65,15,buy
8/11,6005,康和-石牌,0038003400350052,0,48,-48,0.37,15,sell
8/11,6147,元大證券,9800,5593,4210,1383,4.35,1,buy
8/11,6147,美林,1440,179,3269,-3090,9.71,1,sell
8/11,6147,康和,8450,987,17,970,3.05,2,buy
8/11,6147,凱基-台北,9268,1838,3488,-1650,5.19,2,sell
8/11,6147,永豐金-匯立,0039004100380031,970,0,970,3.05,3,buy
8/11,6147,華南永昌,9300,70,399,-329,1.03,3,sell
8/11,6147,美商高盛,1480,1349,739,610,1.92,4,buy
8/11,6147,摩根大通,8440,1044,1326,-282,0.89,4,sell
8/11,6147,台新,0039004200300030,872,269,603,1.9,5,buy
8/11,6147,富邦-板橋,9655,52,252,-200,0.63,5,sell
8/11,6147,富邦證券,9600,1096,562,534,1.68,6,buy
8/11,6147,凱基,9200,117,302,-185,0.58,6,sell
8/11,6147,台灣摩根士丹利,1470,1303,774,529,1.66,7,buy
8/11,6147,凱基-站前,0039003200300046,31,165,-134,0.42,7,sell
8/11,6147,花旗環球,1590,397,8,389,1.22,8,buy
8/11,6147,台新-同大,0039004200320050,12,118,-106,0.33,8,sell
8/11,6147,元大-士林,003900380031006a,267,8,259,0.81,9,buy
8/11,6147,國票-安和,003700370039005a,24,121,-97,0.3,9,sell
8/11,6147,新加坡商瑞銀,1650,919,680,239,0.75,10,buy
8/11,6147,統一-板橋,0035003800350050,13,100,-87,0.27,10,sell
8/11,6147,永豐金證券,0039004100300030,583,350,233,0.73,11,buy
8/11,6147,元大-永和,9891,15,96,-81,0.25,11,sell
8/11,6147,元大-竹北,0039003800310042,221,120,101,0.32,12,buy
8/11,6147,港商野村,1560,101,182,-81,0.25,12,sell
8/11,6147,凱基-信義,9216,221,140,81,0.25,13,buy
8/11,6147,永豐金-內湖,0039004100390067,16,94,-78,0.25,13,sell
8/11,6147,中國信託-高雄,003600310036004b,118,42,76,0.24,14,buy
8/11,6147,富邦-內湖,9627,15,83,-68,0.21,14,sell
8/11,6147,中國信託,6160,109,39,70,0.22,15,buy
8/11,6147,兆豐證券,7000,2,57,-55,0.17,15,sell
8/11,9904,元大證券,9800,1172,138,1034,9.95,1,buy
8/11,9904,永豐金-匯立,0039004100380031,0,1092,-1092,10.51,1,sell
8/11,9904,凱基-台北,9268,1357,930,427,4.11,2,buy
8/11,9904,兆豐-大同,0037003000300053,0,800,-800,7.7,2,sell
8/11,9904,美商高盛,1480,647,266,381,3.67,3,buy
8/11,9904,臺銀,1040,52,700,-648,6.24,3,sell
8/11,9904,富邦-建國,9658,368,0,368,3.54,4,buy
8/11,9904,元大-內湖民權,9867,8,578,-570,5.49,4,sell
8/11,9904,第一金-台中,5382,291,0,291,2.8,5,buy
8/11,9904,台灣摩根士丹利,1470,303,657,-354,3.41,5,sell
8/11,9904,新加坡商瑞銀,1650,490,229,261,2.51,6,buy
8/11,9904,兆豐-彰化,0037003000300064,1,295,-294,2.83,6,sell
8/11,9904,美林,1440,535,301,234,2.25,7,buy
8/11,9904,花旗環球,1590,88,377,-289,2.78,7,sell
8/11,9904,國泰-台中,8882,215,3,212,2.04,8,buy
8/11,9904,富邦-陽明,9604,10,250,-240,2.31,8,sell
8/11,9904,統一-敦南,5852,200,0,200,1.93,9,buy
8/11,9904,港商野村,1560,0,213,-213,2.05,9,sell
8/11,9904,統一,5850,187,0,187,1.8,10,buy
8/11,9904,元大-土城永寧,9875,0,200,-200,1.93,10,sell
8/11,9904,摩根大通,8440,439,254,185,1.78,11,buy
8/11,9904,元大-和平,9863,3,202,-199,1.92,11,sell
8/11,9904,台新-緯城,0039004200320041,180,1,179,1.72,12,buy
8/11,9904,兆豐-台中港,7005,33,228,-195,1.88,12,sell
8/11,9904,華南永昌-大安,9307,170,0,170,1.64,13,buy
8/11,9904,富邦證券,9600,1,135,-134,1.29,13,sell
8/11,9904,兆豐-高雄,003700300030005a,138,1,137,1.32,14,buy
8/11,9904,元大-南崁,0039003800300051,0,130,-130,1.25,14,sell
8/11,9904,元大-楊梅,0039003800370041,120,1,119,1.15,15,buy
8/11,9904,台新-成功,003900420032006d,0,112,-112,1.08,15,sell
8/11,2105,凱基-台北,9268,666,246,420,10.91,1,buy
8/11,2105,花旗環球,1590,23,368,-345,8.96,1,sell
8/11,2105,台灣摩根士丹利,1470,384,103,281,7.3,2,buy
8/11,2105,美商高盛,1480,527,780,-253,6.57,2,sell
8/11,2105,摩根大通,8440,223,78,145,3.77,3,buy
8/11,2105,新光,8560,2,173,-171,4.44,3,sell
8/11,2105,群益金鼎,9100,127,7,120,3.12,4,buy
8/11,2105,永豐金-台中,003900410039004c,3,100,-97,2.52,4,sell
8/11,2105,亞東-新竹,2184,100,0,100,2.6,5,buy
8/11,2105,第一金-路竹,0035003300380050,0,90,-90,2.34,5,sell
8/11,2105,港商野村,1560,109,24,85,2.21,6,buy
8/11,2105,群益金鼎-竹南,0039003100380069,0,70,-70,1.82,6,sell
8/11,2105,元大證券,9800,125,79,46,1.19,7,buy
8/11,2105,富邦-三峽,003900360032004a,0,50,-50,1.3,7,sell
8/11,2105,第一金,5380,45,0,45,1.17,8,buy
8/11,2105,元大-古亭,003900380039006b,0,49,-49,1.27,8,sell
8/11,2105,康和-台南,8458,40,0,40,1.04,9,buy
8/11,2105,華南永昌-豐原,9366,0,45,-45,1.17,9,sell
8/11,2105,港商麥格理,1360,42,4,38,0.99,10,buy
8/11,2105,台中銀,6110,11,52,-41,1.06,10,sell
8/11,2105,元大-彰化民生,003900380039004a,36,1,35,0.91,11,buy
8/11,2105,兆豐-高雄,003700300030005a,4,45,-41,1.06,11,sell
8/11,2105,元大-頭份,0039003800330055,33,2,31,0.8,12,buy
8/11,2105,美林,1440,35,68,-33,0.86,12,sell
8/11,2105,新加坡商瑞銀,1650,164,134,30,0.78,13,buy
8/11,2105,永豐金證券,0039004100300030,46,75,-29,0.75,13,sell
8/11,2105,富邦-南員林,0039003600310052,28,4,24,0.62,14,buy
8/11,2105,永豐金-竹科,0039004100390058,2,30,-28,0.73,14,sell
8/11,2105,統一,5850,33,11,22,0.57,15,buy
8/11,2105,永豐金-桃盛,003900410039004e,0,26,-26,0.68,15,sell
8/11,8358,摩根大通,8440,1609,61,1548,5.61,1,buy
8/11,8358,國泰-敦南,8888,544,991,-447,1.62,1,sell
8/11,8358,台灣摩根士丹利,1470,1779,320,1459,5.29,2,buy
8/11,8358,元大-內湖,003900380039004e,24,388,-364,1.32,2,sell
8/11,8358,新加坡商瑞銀,1650,1607,198,1409,5.11,3,buy
8/11,8358,統一,5850,284,574,-290,1.05,3,sell
8/11,8358,富邦證券,9600,1403,34,1369,4.96,4,buy
8/11,8358,台新,0039004200300030,112,331,-219,0.79,4,sell
8/11,8358,美商高盛,1480,1564,472,1092,3.96,5,buy
8/11,8358,新光,8560,113,274,-161,0.58,5,sell
8/11,8358,元大證券,9800,2781,1755,1026,3.72,6,buy
8/11,8358,群益金鼎,9100,224,356,-132,0.48,6,sell
8/11,8358,港商野村,1560,670,33,637,2.31,7,buy
8/11,8358,永豐金證券,0039004100300030,562,685,-123,0.45,7,sell
8/11,8358,國票-敦北法人,0037003700390063,509,30,479,1.74,8,buy
8/11,8358,國泰-桃園,8885,44,152,-108,0.39,8,sell
8/11,8358,國票-安和,003700370039005a,456,15,441,1.6,9,buy
8/11,8358,富邦-台北,9623,31,133,-102,0.37,9,sell
8/11,8358,統一-城中,5854,435,16,419,1.52,10,buy
8/11,8358,永豐金-內湖,0039004100390067,21,118,-97,0.35,10,sell
8/11,8358,凱基-台北,9268,2191,1785,406,1.47,11,buy
8/11,8358,永豐金-彰化,0039004100390073,9,98,-89,0.32,11,sell
8/11,8358,福邦證券,6480,301,9,292,1.06,12,buy
8/11,8358,國泰-板橋,003800380038004b,65,153,-88,0.32,12,sell
8/11,8358,合庫-高雄,1023,275,54,221,0.8,13,buy
8/11,8358,元大-敦南,0039003800390050,30,118,-88,0.32,13,sell
8/11,8358,美林,1440,158,0,158,0.57,14,buy
8/11,8358,富邦-三重,9677,10,86,-76,0.28,14,sell
8/11,8358,凱基-站前,0039003200300046,211,79,132,0.48,15,buy
8/11,8358,華南永昌-竹北,9339,7,81,-74,0.27,15,sell
8/11,5483,美商高盛,1480,1198,693,505,3.92,1,buy
8/11,5483,花旗環球,1590,8,1126,-1118,8.67,1,sell
8/11,5483,台灣摩根士丹利,1470,791,644,147,1.14,2,buy
8/11,5483,新加坡商瑞銀,1650,60,1175,-1115,8.65,2,sell
8/11,5483,富邦-台南,9667,147,47,100,0.78,3,buy
8/11,5483,凱基-站前,0039003200300046,17,160,-143,1.11,3,sell
8/11,5483,富邦-台北,9623,142,43,99,0.77,4,buy
8/11,5483,富邦-彰化,0039003600350055,6,88,-82,0.64,4,sell
8/11,5483,兆豐-忠孝,0037003000300061,104,8,96,0.74,5,buy
8/11,5483,永豐金-桃園,0039004100390078,5,84,-79,0.61,5,sell
8/11,5483,富邦-新店,9661,78,11,67,0.52,6,buy
8/11,5483,香港上海匯豐,8960,0,67,-67,0.52,6,sell
8/11,5483,永豐金-台南,0039004100390068,69,16,53,0.41,7,buy
8/11,5483,兆豐-竹北,7007,47,110,-63,0.49,7,sell
8/11,5483,國泰-敦南,8888,285,235,50,0.39,8,buy
8/11,5483,元大證券,9800,950,995,-45,0.35,8,sell
8/11,5483,國泰-館前,0038003800380041,71,23,48,0.37,9,buy
8/11,5483,兆豐-新竹,0037003000300056,9,40,-31,0.24,9,sell
8/11,5483,元大-民生三民,0039003800390058,86,41,45,0.35,10,buy
8/11,5483,元大-土城永寧,9875,20,50,-30,0.23,10,sell
8/11,5483,統一,5850,91,46,45,0.35,11,buy
8/11,5483,凱基,9200,14,43,-29,0.22,11,sell
8/11,5483,華南永昌-林口,9317,49,5,44,0.34,12,buy
8/11,5483,凱基-台北,9268,1485,1512,-27,0.21,12,sell
8/11,5483,華南永昌,9300,48,11,37,0.29,13,buy
8/11,5483,永豐金-新莊,0039004100390048,6,31,-25,0.19,13,sell
8/11,5483,元大-博愛,0039003800320042,52,18,34,0.26,14,buy
8/11,5483,富邦-苗栗,9657,3,23,-20,0.16,14,sell
8/11,5483,新光,8560,129,100,29,0.22,15,buy
8/11,5483,台新,0039004200300030,79,99,-20,0.16,15,sell
8/11,2368,國泰證券,8880,760,70,690,5.33,1,buy
8/11,2368,永豐金-天母,0039004100390047,0,541,-541,4.18,1,sell
8/11,2368,美商高盛,1480,1012,385,627,4.84,2,buy
8/11,2368,中國信託,6160,61,387,-326,2.52,2,sell
8/11,2368,國票-敦北法人,0037003700390063,548,10,538,4.16,3,buy
8/11,2368,港商麥格理,1360,9,311,-302,2.33,3,sell
8/11,2368,台灣摩根士丹利,1470,960,585,375,2.9,4,buy
8/11,2368,凱基-台北,9268,858,1021,-163,1.26,4,sell
8/11,2368,摩根大通,8440,496,136,360,2.78,5,buy
8/11,2368,凱基-士林,9238,5,166,-161,1.24,5,sell
8/11,2368,統一,5850,349,23,326,2.52,6,buy
8/11,2368,凱基-大直,9218,4,136,-132,1.02,6,sell
8/11,2368,凱基,9200,287,16,271,2.09,7,buy
8/11,2368,國泰-敦南,8888,238,368,-130,1.0,7,sell
8/11,2368,永豐金證券,0039004100300030,683,414,269,2.08,8,buy
8/11,2368,美林,1440,109,187,-78,0.6,8,sell
8/11,2368,元大證券,9800,868,703,165,1.27,9,buy
8/11,2368,玉山-桃園,0038003800340046,12,88,-76,0.59,9,sell
8/11,2368,港商野村,1560,161,2,159,1.23,10,buy
8/11,2368,花旗環球,1590,22,88,-66,0.51,10,sell
8/11,2368,群益金鼎-台北,0039003100380058,125,0,125,0.97,11,buy
8/11,2368,華南永昌-台中,9302,18,79,-61,0.47,11,sell
8/11,2368,新加坡商瑞銀,1650,533,438,95,0.73,12,buy
8/11,2368,富邦-南屯,9666,2,62,-60,0.46,12,sell
8/11,2368,富邦證券,9600,128,79,49,0.38,13,buy
8/11,2368,元大-大統,003900380031007a,1,61,-60,0.46,13,sell
8/11,2368,元大-成功,003900380039004c,41,15,26,0.2,14,buy
8/11,2368,華南永昌-中正,9359,3,60,-57,0.44,14,sell
8/11,2368,台新-台北,0039004200320030,38,18,20,0.15,15,buy
8/11,2368,華南永昌-彰化,9363,2,59,-57,0.44,15,sell
8/11,2347,台灣摩根士丹利,1470,810,191,619,11.71,1,buy
8/11,2347,港商麥格理,1360,311,1899,-1588,30.03,1,sell
8/11,2347,凱基-台北,9268,524,289,235,4.44,2,buy
8/11,2347,中國信託,6160,2,387,-385,7.28,2,sell
8/11,2347,美商高盛,1480,591,427,164,3.1,3,buy
8/11,2347,國泰證券,8880,3,201,-198,3.74,3,sell
8/11,2347,群益金鼎,9100,249,143,106,2.0,4,buy
8/11,2347,台新-虎尾,003900420032004e,0,50,-50,0.95,4,sell
8/11,2347,元大-大里,0039003800310067,101,0,101,1.91,5,buy
8/11,2347,摩根大通,8440,188,232,-44,0.83,5,sell
8/11,2347,兆豐-嘉義,7001,95,0,95,1.8,6,buy
8/11,2347,國泰-桃園,8885,8,50,-42,0.79,6,sell
8/11,2347,永豐金-板新,003900410039004a,93,5,88,1.66,7,buy
8/11,2347,永豐金-竹科,0039004100390058,0,30,-30,0.57,7,sell
8/11,2347,新光,8560,102,33,69,1.3,8,buy
8/11,2347,凱基-站前,0039003200300046,17,46,-29,0.55,8,sell
8/11,2347,統一,5850,73,25,48,0.91,9,buy
8/11,2347,新加坡商瑞銀,1650,76,102,-26,0.49,9,sell
8/11,2347,元大證券,9800,113,73,40,0.76,10,buy
8/11,2347,富邦證券,9600,6,25,-19,0.36,10,sell
8/11,2347,港商野村,1560,143,107,36,0.68,11,buy
8/11,2347,統一-南京,0035003800350055,1,10,-9,0.17,11,sell
8/11,2347,美林,1440,238,204,34,0.64,12,buy
8/11,2347,國泰-台中,8882,1,9,-8,0.15,12,sell
8/11,2347,富邦-左營,0039003600360046,30,0,30,0.57,13,buy
8/11,2347,凱基-林口,9257,0,7,-7,0.13,13,sell
8/11,2347,香港上海匯豐,8960,29,0,29,0.55,14,buy
8/11,2347,大昌-新竹,6463,0,7,-7,0.13,14,sell
8/11,2347,群益金鼎-東大,9135,28,0,28,0.53,15,buy
8/11,2347,永豐金-敦北,0039004100380039,2,9,-7,0.13,15,sell
8/11,5347,美商高盛,1480,4992,3176,1816,6.8,1,buy
8/11,5347,富邦證券,9600,380,1707,-1327,4.97,1,sell
8/11,5347,元大證券,9800,4363,2895,1468,5.5,2,buy
8/11,5347,凱基-台北,9268,1378,2678,-1300,4.87,2,sell
8/11,5347,美林,1440,1746,601,1145,4.29,3,buy
8/11,5347,摩根大通,8440,294,1101,-807,3.02,3,sell
8/11,5347,港商麥格理,1360,765,6,759,2.84,4,buy
8/11,5347,統一,5850,29,456,-427,1.6,4,sell
8/11,5347,新加坡商瑞銀,1650,851,684,167,0.63,5,buy
8/11,5347,統一-城中,5854,91,486,-395,1.48,5,sell
8/11,5347,永豐金證券,0039004100300030,247,116,131,0.49,6,buy
8/11,5347,國票-安和,003700370039005a,6,356,-350,1.31,6,sell
8/11,5347,國泰-敦南,8888,576,456,120,0.45,7,buy
8/11,5347,國票-敦北法人,0037003700390063,8,348,-340,1.27,7,sell
8/11,5347,永豐金-大園,0039004100390038,117,8,109,0.41,8,buy
8/11,5347,群益金鼎,9100,75,410,-335,1.26,8,sell
8/11,5347,花旗環球,1590,108,10,98,0.37,9,buy
8/11,5347,凱基-城中,9227,139,460,-321,1.2,9,sell
8/11,5347,港商野村,1560,449,374,75,0.28,10,buy
8/11,5347,法銀巴黎,8900,0,270,-270,1.01,10,sell
8/11,5347,富邦-台北,9623,120,47,73,0.27,11,buy
8/11,5347,群益金鼎-松山,9103,0,200,-200,0.75,11,sell
8/11,5347,兆豐-民生,0037003000300063,56,6,50,0.19,12,buy
8/11,5347,台灣摩根士丹利,1470,666,850,-184,0.69,12,sell
8/11,5347,群益金鼎-東門,0039003100380044,54,18,36,0.13,13,buy
8/11,5347,富邦-嘉義,9692,10,139,-129,0.48,13,sell
8/11,5347,中國信託-嘉義,6168,50,16,34,0.13,14,buy
8/11,5347,群益金鼎-館前,0039003100330059,2,103,-101,0.38,14,sell
8/11,5347,元大-大甲,0039003800390055,43,10,33,0.12,15,buy
8/11,5347,凱基-豐中,9223,6,104,-98,0.37,15,sell
8/11,8150,港商野村,1560,1675,48,1627,1.62,1,buy
8/11,8150,美商高盛,1480,1658,6046,-4388,4.36,1,sell
8/11,8150,凱基-城中,9227,1423,25,1398,1.39,2,buy
8/11,8150,台灣摩根士丹利,1470,3400,4927,-1527,1.52,2,sell
8/11,8150,摩根大通,8440,3483,2273,1210,1.2,3,buy
8/11,8150,香港上海匯豐,8960,23,506,-483,0.48,3,sell
8/11,8150,永豐金證券,0039004100300030,1835,987,848,0.84,4,buy
8/11,8150,兆豐-天母,003700300030004c,15,316,-301,0.3,4,sell
8/11,8150,康和,8450,823,16,807,0.8,5,buy
8/11,8150,凱基-台北,9268,7964,8264,-300,0.3,5,sell
8/11,8150,永豐金-敦北,0039004100380039,684,51,633,0.63,6,buy
8/11,8150,花旗環球,1590,4,243,-239,0.24,6,sell
8/11,8150,美林,1440,1593,991,602,0.6,7,buy
8/11,8150,永豐金-匯立,0039004100380031,0,194,-194,0.19,7,sell
8/11,8150,元大證券,9800,9893,9305,588,0.58,8,buy
8/11,8150,兆豐-台中港,7005,535,709,-174,0.17,8,sell
8/11,8150,國泰證券,8880,1116,646,470,0.47,9,buy
8/11,8150,新加坡商瑞銀,1650,1143,1283,-140,0.14,9,sell
8/11,8150,富邦證券,9600,797,337,460,0.46,10,buy
8/11,8150,華南永昌-鶯歌,9319,77,216,-139,0.14,10,sell
8/11,8150,元大-彰化民生,003900380039004a,386,86,300,0.3,11,buy
8/11,8150,富邦-南屯,9666,100,223,-123,0.12,11,sell
8/11,8150,元大-土城永寧,9875,380,85,295,0.29,12,buy
8/11,8150,玉山-雙和,8841,154,266,-112,0.11,12,sell
8/11,8150,永豐金-內湖,0039004100390067,367,83,284,0.28,13,buy
8/11,8150,國泰-敦南,8888,4249,4355,-106,0.11,13,sell
8/11,8150,富邦-嘉義,9692,337,83,254,0.25,14,buy
8/11,8150,富邦-左營,0039003600360046,148,251,-103,0.1,14,sell
8/11,8150,永豐金-萬盛,0039004100390032,296,52,244,0.24,15,buy
8/11,8150,元大-南屯,9853,124,221,-97,0.1,15,sell
8/11,2344,摩根大通,8440,16127,2239,13888,7.13,1,buy
8/11,2344,富邦證券,9600,1354,13414,-12060,6.19,1,sell
8/11,2344,台灣摩根士丹利,1470,9680,3819,5861,3.01,2,buy
8/11,2344,凱基-信義,9216,140,7139,-6999,3.59,2,sell
8/11,2344,美商高盛,1480,7961,2972,4989,2.56,3,buy
8/11,2344,康和,8450,681,6054,-5373,2.76,3,sell
8/11,2344,美林,1440,7267,3718,3549,1.82,4,buy
8/11,2344,元大-松江,9801,110,4899,-4789,2.46,4,sell
8/11,2344,元大證券,9800,21761,19071,2690,1.38,5,buy
8/11,2344,凱基-城中,9227,37,4339,-4302,2.21,5,sell
8/11,2344,港商麥格理,1360,2506,0,2506,1.29,6,buy
8/11,2344,凱基-台北,9268,9216,13407,-4191,2.15,6,sell
8/11,2344,台灣企銀-桃園,0031003100310045,1411,26,1385,0.71,7,buy
8/11,2344,統一,5850,476,3763,-3287,1.69,7,sell
8/11,2344,台新-安南,003900420032005a,1312,61,1251,0.64,8,buy
8/11,2344,國票-安和,003700370039005a,96,1954,-1858,0.95,8,sell
8/11,2344,永豐金-萬盛,0039004100390032,1481,552,929,0.48,9,buy
8/11,2344,統一-城中,5854,254,2086,-1832,0.94,9,sell
8/11,2344,凱基,9200,995,170,825,0.42,10,buy
8/11,2344,元大-台北,0039003800300068,128,1592,-1464,0.75,10,sell
8/11,2344,國泰-敦南,8888,5616,4996,620,0.32,11,buy
8/11,2344,國票-敦北法人,0037003700390063,521,1968,-1447,0.74,11,sell
8/11,2344,港商野村,1560,956,456,500,0.26,12,buy
8/11,2344,元大-館前,003900380034004b,105,1544,-1439,0.74,12,sell
8/11,2344,永豐金證券,0039004100300030,2525,2047,478,0.25,13,buy
8/11,2344,兆豐證券,7000,32,774,-742,0.38,13,sell
8/11,2344,富邦-台北,9623,719,306,413,0.21,14,buy
8/11,2344,元大-古亭,003900380039006b,115,836,-721,0.37,14,sell
8/11,2344,合庫-西台中,0031003000320046,758,377,381,0.2,15,buy
8/11,2344,花旗環球,1590,120,709,-589,0.3,15,sell
8/11,5371,凱基-台北,9268,832,550,282,2.57,1,buy
8/11,5371,新光-新竹,8563,10,222,-212,1.93,1,sell
8/11,5371,台新-板橋,0039004200320062,186,0,186,1.69,2,buy
8/11,5371,美商高盛,1480,162,366,-204,1.86,2,sell
8/11,5371,兆豐-台中,7003,170,2,168,1.53,3,buy
8/11,5371,新加坡商瑞銀,1650,41,203,-162,1.47,3,sell
8/11,5371,群益金鼎-西松,9136,150,3,147,1.34,4,buy
8/11,5371,摩根大通,8440,147,263,-116,1.06,4,sell
8/11,5371,元大證券,9800,1244,1107,137,1.25,5,buy
8/11,5371,永豐金-亞灣,0039004100390061,7,105,-98,0.89,5,sell
8/11,5371,群益金鼎,9100,235,111,124,1.13,6,buy
8/11,5371,港商野村,1560,14,86,-72,0.66,6,sell
8/11,5371,台新-三民,0039004200310033,111,7,104,0.95,7,buy
8/11,5371,台新,0039004200300030,22,78,-56,0.51,7,sell
8/11,5371,統一-台南,5855,80,0,80,0.73,8,buy
8/11,5371,美林,1440,26,81,-55,0.5,8,sell
8/11,5371,永豐金-桃盛,003900410039004e,69,2,67,0.61,9,buy
8/11,5371,永豐金-永康,0039004100390063,5,49,-44,0.4,9,sell
8/11,5371,新光,8560,138,74,64,0.58,10,buy
8/11,5371,永豐金-埔里,0039004100370039,2,44,-42,0.38,10,sell
8/11,5371,永豐金-古亭,0039004100390064,62,0,62,0.56,11,buy
8/11,5371,國泰-敦南,8888,270,311,-41,0.37,11,sell
8/11,5371,群益金鼎-大安,0039003100380065,157,101,56,0.51,12,buy
8/11,5371,中國信託-忠孝,6162,37,77,-40,0.36,12,sell
8/11,5371,永全-南崁,6451,60,10,50,0.46,13,buy
8/11,5371,華南永昌-高雄,9303,8,47,-39,0.35,13,sell
8/11,5371,富邦-台中,003900360035004b,48,3,45,0.41,14,buy
8/11,5371,新光-台中,8561,31,63,-32,0.29,14,sell
8/11,5371,康和,8450,38,2,36,0.33,15,buy
8/11,5371,兆豐-小港,0037003000300052,1,32,-31,0.28,15,sell
8/11,4938,國泰證券,8880,1739,8,1731,14.22,1,buy
8/11,4938,台灣摩根士丹利,1470,94,1566,-1472,12.09,1,sell
8/11,4938,元大證券,9800,2355,656,1699,13.96,2,buy
8/11,4938,摩根大通,8440,537,1198,-661,5.43,2,sell
8/11,4938,凱基-台北,9268,1167,737,430,3.53,3,buy
8/11,4938,美林,1440,382,946,-564,4.63,3,sell
8/11,4938,永豐金-匯立,0039004100380031,209,0,209,1.72,4,buy
8/11,4938,美商高盛,1480,712,1274,-562,4.62,4,sell
8/11,4938,花旗環球,1590,533,439,94,0.77,5,buy
8/11,4938,凱基-東港,9212,0,198,-198,1.63,5,sell
8/11,4938,大和國泰,8890,63,0,63,0.52,6,buy
8/11,4938,玉山-左營,0038003800340044,9,176,-167,1.37,6,sell
8/11,4938,富邦-板橋,9655,46,5,41,0.34,7,buy
8/11,4938,新加坡商瑞銀,1650,245,407,-162,1.33,7,sell
8/11,4938,合庫證券,1020,35,3,32,0.26,8,buy
8/11,4938,統一-永和,0035003800350042,0,100,-100,0.82,8,sell
8/11,4938,凱基,9200,27,0,27,0.22,9,buy
8/11,4938,華南永昌-古亭,9309,0,91,-91,0.75,9,sell
8/11,4938,香港上海匯豐,8960,25,0,25,0.21,10,buy
8/11,4938,國票證券,7790,13,100,-87,0.71,10,sell
8/11,4938,富邦-台中,003900360035004b,56,32,24,0.2,11,buy
8/11,4938,元大-樹林,003900380039006a,11,92,-81,0.67,11,sell
8/11,4938,元大-北府,0039003800300044,24,3,21,0.17,12,buy
8/11,4938,永豐金證券,0039004100300030,90,146,-56,0.46,12,sell
8/11,4938,永豐金-信義,0039004100390052,45,25,20,0.16,13,buy
8/11,4938,群益金鼎,9100,153,206,-53,0.44,13,sell
8/11,4938,宏遠證券,1260,64,44,20,0.16,14,buy
8/11,4938,統一,5850,74,127,-53,0.44,14,sell
8/11,4938,國泰-台中,8882,27,11,16,0.13,15,buy
8/11,4938,群益金鼎-市府,0039003100300044,6,55,-49,0.4,15,sell
8/11,9907,摩根大通,8440,304,75,229,17.08,1,buy
8/11,9907,美商高盛,1480,94,277,-183,13.65,1,sell
8/11,9907,花旗環球,1590,143,29,114,8.5,2,buy
8/11,9907,元大-東港,0039003800390066,1,100,-99,7.38,2,sell
8/11,9907,元大-大灣,9815,70,0,70,5.22,3,buy
8/11,9907,元大-路竹,0039003800310043,0,50,-50,3.73,3,sell
8/11,9907,台灣摩根士丹利,1470,120,75,45,3.36,4,buy
8/11,9907,元大-松山,0039003800310070,0,50,-50,3.73,4,sell
8/11,9907,凱基-桃園,9208,35,0,35,2.61,5,buy
8/11,9907,美林,1440,4,46,-42,3.13,5,sell
8/11,9907,新加坡商瑞銀,1650,51,30,21,1.57,6,buy
8/11,9907,玉山-台中,0038003800340042,0,41,-41,3.06,6,sell
8/11,9907,元大-大天母,9893,20,0,20,1.49,7,buy
8/11,9907,群益金鼎,9100,3,30,-27,2.01,7,sell
8/11,9907,兆豐-復興,0037003000300070,15,0,15,1.12,8,buy
8/11,9907,元大-龍潭,9858,0,23,-23,1.72,8,sell
8/11,9907,第一金-桃園,5385,12,0,12,0.89,9,buy
8/11,9907,元大-府城,0039003800300075,0,20,-20,1.49,9,sell
8/11,9907,元大-四維,9831,12,0,12,0.89,10,buy
8/11,9907,元大-彰化,0039003800310047,0,20,-20,1.49,10,sell
8/11,9907,富邦-竹科,0039003600320043,10,0,10,0.75,11,buy
8/11,9907,凱基-台北,9268,71,90,-19,1.42,11,sell
8/11,9907,大昌-新店,6464,10,0,10,0.75,12,buy
8/11,9907,元大證券,9800,18,37,-19,1.42,12,sell
8/11,9907,華南永昌-楠梓,9332,10,0,10,0.75,13,buy
8/11,9907,富邦-竹北,9624,0,15,-15,1.12,13,sell
8/11,9907,富邦-建國,9658,10,0,10,0.75,14,buy
8/11,9907,群益金鼎-台南,9185,0,14,-14,1.04,14,sell
8/11,9907,台新-佳里,0039004200320077,10,0,10,0.75,15,buy
8/11,9907,華南永昌-世貿,9334,0,13,-13,0.97,15,sell
8/11,3090,中國信託,6160,405,66,339,1.05,1,buy
8/11,3090,美商高盛,1480,1044,2600,-1556,4.8,1,sell
8/11,3090,統一,5850,337,51,286,0.88,2,buy
8/11,3090,台灣摩根士丹利,1470,530,1314,-784,2.42,2,sell
8/11,3090,永豐金-忠孝,0039004100390044,171,5,166,0.51,3,buy
8/11,3090,新加坡商瑞銀,1650,140,787,-647,2.0,3,sell
8/11,3090,摩根大通,8440,1321,1157,164,0.51,4,buy
8/11,3090,港商野村,1560,27,603,-576,1.78,4,sell
8/11,3090,國泰-敦南,8888,940,778,162,0.5,5,buy
8/11,3090,美林,1440,11,526,-515,1.59,5,sell
8/11,3090,富邦證券,9600,337,209,128,0.39,6,buy
8/11,3090,凱基-台北,9268,2672,3005,-333,1.03,6,sell
8/11,3090,華南永昌-南京,9326,176,59,117,0.36,7,buy
8/11,3090,兆豐-彰化,0037003000300064,71,151,-80,0.25,7,sell
8/11,3090,元大證券,9800,2465,2351,114,0.35,8,buy
8/11,3090,花旗環球,1590,14,89,-75,0.23,8,sell
8/11,3090,國泰-松江,8883,126,52,74,0.23,9,buy
8/11,3090,國票-北高雄,003700370039004a,37,91,-54,0.17,9,sell
8/11,3090,富邦-三重,9677,114,45,69,0.21,10,buy
8/11,3090,富邦-南京,0039003600310043,58,111,-53,0.16,10,sell
8/11,3090,台新,0039004200300030,322,256,66,0.2,11,buy
8/11,3090,群益金鼎-新竹,9186,47,92,-45,0.14,11,sell
8/11,3090,國泰證券,8880,85,22,63,0.19,12,buy
8/11,3090,元大-花蓮,9856,22,54,-32,0.1,12,sell
8/11,3090,合庫-鳳山,1029,68,23,45,0.14,13,buy
8/11,3090,群益金鼎-東門,0039003100380044,41,72,-31,0.1,13,sell
8/11,3090,台新-城東,0039004200320072,255,212,43,0.13,14,buy
8/11,3090,元大-北三重,0039003800390056,36,66,-30,0.09,14,sell
8/11,3090,中國信託-永康,6163,71,29,42,0.13,15,buy
8/11,3090,玉山證券,8840,87,116,-29,0.09,15,sell
8/11,2385,美林,1440,774,125,649,19.52,1,buy
8/11,2385,凱基,9200,66,750,-684,20.57,1,sell
8/11,2385,台灣摩根士丹利,1470,708,236,472,14.2,2,buy
8/11,2385,台新-台北,0039004200320030,0,211,-211,6.35,2,sell
8/11,2385,美商高盛,1480,225,57,168,5.05,3,buy
8/11,2385,永豐金證券,0039004100300030,12,219,-207,6.23,3,sell
8/11,2385,港商野村,1560,110,1,109,3.28,4,buy
8/11,2385,台新,0039004200300030,22,103,-81,2.44,4,sell
8/11,2385,新加坡商瑞銀,1650,207,105,102,3.07,5,buy
8/11,2385,花旗環球,1590,35,100,-65,1.95,5,sell
8/11,2385,凱基-站前,0039003200300046,80,3,77,2.32,6,buy
8/11,2385,新光-台中,8561,2,66,-64,1.92,6,sell
8/11,2385,兆豐證券,7000,67,0,67,2.02,7,buy
8/11,2385,凱基-台北,9268,79,142,-63,1.89,7,sell
8/11,2385,大和國泰,8890,67,0,67,2.02,8,buy
8/11,2385,元大證券,9800,86,140,-54,1.62,8,sell
8/11,2385,永豐金-竹科,0039004100390058,50,0,50,1.5,9,buy
8/11,2385,新光,8560,22,70,-48,1.44,9,sell
8/11,2385,國泰證券,8880,30,1,29,0.87,10,buy
8/11,2385,陽信-石牌,8711,0,30,-30,0.9,10,sell
8/11,2385,台灣企銀-岡山,1119,21,0,21,0.63,11,buy
8/11,2385,富邦-彰化,0039003600350055,0,21,-21,0.63,11,sell
8/11,2385,元大-忠孝,9871,21,0,21,0.63,12,buy
8/11,2385,國票-北投,7792,0,20,-20,0.6,12,sell
8/11,2385,國泰-敦南,8888,57,37,20,0.6,13,buy
8/11,2385,富邦-新板,0039003600310048,0,20,-20,0.6,13,sell
8/11,2385,日進,5660,23,5,18,0.54,14,buy
8/11,2385,玉山-新莊,8842,0,19,-19,0.57,14,sell
8/11,2385,華南永昌-竹北,9339,15,0,15,0.45,15,buy
8/11,2385,第一金-澎湖,5387,0,11,-11,0.33,15,sell
8/11,1102,亞東,2180,547,0,547,6.66,1,buy
8/11,1102,美商高盛,1480,641,2274,-1633,19.87,1,sell
8/11,1102,群益金鼎,9100,522,9,513,6.24,2,buy
8/11,1102,台灣摩根士丹利,1470,136,1511,-1375,16.73,2,sell
8/11,1102,台新-世貿,0039004200320075,344,5,339,4.12,3,buy
8/11,1102,摩根大通,8440,77,1118,-1041,12.67,3,sell
8/11,1102,中國信託,6160,273,1,272,3.31,4,buy
8/11,1102,宏遠-民生,1261,0,1000,-1000,12.17,4,sell
8/11,1102,元大-松江,9801,250,0,250,3.04,5,buy
8/11,1102,港商野村,1560,0,408,-408,4.96,5,sell
8/11,1102,香港上海匯豐,8960,195,0,195,2.37,6,buy
8/11,1102,花旗環球,1590,21,397,-376,4.57,6,sell
8/11,1102,新光,8560,147,2,145,1.76,7,buy
8/11,1102,美林,1440,23,247,-224,2.73,7,sell
8/11,1102,富邦-陽明,9604,143,0,143,1.74,8,buy
8/11,1102,新加坡商瑞銀,1650,110,214,-104,1.27,8,sell
8/11,1102,元大證券,9800,289,149,140,1.7,9,buy
8/11,1102,富邦證券,9600,0,86,-86,1.05,9,sell
8/11,1102,元大-台南,9896,102,0,102,1.24,10,buy
8/11,1102,元大-花蓮,9856,9,30,-21,0.26,10,sell
8/11,1102,富邦-頭份,0039003600320050,95,0,95,1.16,11,buy
8/11,1102,國票-中和,0037003700390058,1,20,-19,0.23,11,sell
8/11,1102,新光-台中,8561,93,0,93,1.13,12,buy
8/11,1102,凱基-三重,9205,0,12,-12,0.15,12,sell
8/11,1102,大昌-新竹,6463,85,0,85,1.03,13,buy
8/11,1102,台新-佳里,0039004200320077,1,13,-12,0.15,13,sell
8/11,1102,群益金鼎-敦南,9101,76,0,76,0.92,14,buy
8/11,1102,玉山-信義,0038003800340043,0,11,-11,0.13,14,sell
8/11,1102,兆豐-台中港,7005,70,2,68,0.83,15,buy
8/11,1102,第一金-中山,5389,0,10,-10,0.12,15,sell
8/11,6488,台灣摩根士丹利,1470,650,298,352,3.99,1,buy
8/11,6488,元大證券,9800,805,1303,-498,5.65,1,sell
8/11,6488,凱基-台北,9268,946,739,207,2.35,2,buy
8/11,6488,凱基,9200,10,405,-395,4.48,2,sell
8/11,6488,摩根大通,8440,286,80,206,2.34,3,buy
8/11,6488,富邦證券,9600,47,304,-257,2.92,3,sell
8/11,6488,元大-內湖民權,9867,24,3,21,0.24,4,buy
8/11,6488,中國信託,6160,62,238,-176,2.0,4,sell
8/11,6488,台新-高雄,0039004200310067,40,20,20,0.23,5,buy
8/11,6488,美林,1440,42,139,-97,1.1,5,sell
8/11,6488,國泰-館前,0038003800380041,33,15,18,0.2,6,buy
8/11,6488,法銀巴黎,8900,21,70,-49,0.56,6,sell
8/11,6488,元大-忠孝,9871,46,31,15,0.17,7,buy
8/11,6488,玉山證券,8840,18,65,-47,0.53,7,sell
8/11,6488,凱基-中山,9229,29,15,14,0.16,8,buy
8/11,6488,群益金鼎,9100,94,139,-45,0.51,8,sell
8/11,6488,台新,0039004200300030,67,53,14,0.16,9,buy
8/11,6488,元大-大天母,9893,5,23,-18,0.2,9,sell
8/11,6488,國泰-板橋,003800380038004b,46,33,13,0.15,10,buy
8/11,6488,花旗環球,1590,13,31,-18,0.2,10,sell
8/11,6488,國泰-台中,8882,53,41,12,0.14,11,buy
8/11,6488,凱基-大安,9291,1,17,-16,0.18,11,sell
8/11,6488,富邦-仁愛,9676,23,10,13,0.15,12,buy
8/11,6488,玉山-信義,0038003800340043,5,18,-13,0.15,12,sell
8/11,6488,第一金-台南,5384,13,1,12,0.14,13,buy
8/11,6488,永豐金-桃園,0039004100390078,12,25,-13,0.15,13,sell
8/11,6488,玉山-台南,8847,16,4,12,0.14,14,buy
8/11,6488,元大-蘆洲中正,0039003800390049,5,16,-11,0.12,14,sell
8/11,6488,國泰-敦南,8888,267,255,12,0.14,15,buy
8/11,6488,兆豐-台南,7006,3,13,-10,0.11,15,sell
8/11,0052,群益金鼎,9100,1534,222,1312,10.06,1,buy
8/11,0052,中國信託,6160,697,2015,-1318,10.11,1,sell
8/11,0052,永豐金證券,0039004100300030,2153,851,1302,9.98,2,buy
8/11,0052,玉山-台南,8847,4,456,-452,3.47,2,sell
8/11,0052,富邦證券,9600,1061,10,1051,8.06,3,buy
8/11,0052,國票-安和,003700370039005a,7,267,-260,1.99,3,sell
8/11,0052,元大證券,9800,1129,256,873,6.69,4,buy
8/11,0052,國泰-敦南,8888,113,368,-255,1.96,4,sell
8/11,0052,凱基,9200,867,0,867,6.65,5,buy
8/11,0052,台新,0039004200300030,169,324,-155,1.19,5,sell
8/11,0052,新加坡商瑞銀,1650,1013,595,418,3.21,6,buy
8/11,0052,元大-大天母,9893,1,152,-151,1.16,6,sell
8/11,0052,康和,8450,280,20,260,1.99,7,buy
8/11,0052,新光,8560,17,157,-140,1.07,7,sell
8/11,0052,兆豐-民生,0037003000300063,246,2,244,1.87,8,buy
8/11,0052,合庫證券,1020,87,208,-121,0.93,8,sell
8/11,0052,凱基-台北,9268,944,700,244,1.87,9,buy
8/11,0052,永豐金-羅東,0039004100390041,0,114,-114,0.87,9,sell
8/11,0052,兆豐-新竹,0037003000300056,130,0,130,1.0,10,buy
8/11,0052,臺銀-民權,1043,4,108,-104,0.8,10,sell
8/11,0052,第一金-自由,0035003300380045,117,16,101,0.77,11,buy
8/11,0052,華南永昌-麻豆,9308,1,104,-103,0.79,11,sell
8/11,0052,富邦-南京,0039003600310043,82,3,79,0.61,12,buy
8/11,0052,兆豐-埔墘,003700300030004e,1,90,-89,0.68,12,sell
8/11,0052,國泰證券,8880,69,0,69,0.53,13,buy
8/11,0052,富邦-陽明,9604,23,97,-74,0.57,13,sell
8/11,0052,台灣摩根士丹利,1470,45,0,45,0.35,14,buy
8/11,0052,富邦-台北,9623,5,79,-74,0.57,14,sell
8/11,0052,華南永昌-古亭,9309,41,4,37,0.28,15,buy
8/11,0052,兆豐-來福,0037003000300043,2,74,-72,0.55,15,sell
