date,stock_code,broker_name,broker_id,buy_vol,sell_vol,net_vol,pct,rank,side
7/27,2330,元大證券,9800,2054,287,1767,6.92,1,buy
7/27,2330,港商野村,1560,161,3671,-3510,13.74,1,sell
7/27,2330,花旗環球,1590,2249,961,1288,5.04,2,buy
7/27,2330,法銀巴黎,8900,414,3509,-3095,12.11,2,sell
7/27,2330,港商麥格理,1360,1116,43,1073,4.2,3,buy
7/27,2330,美商高盛,1480,666,1904,-1238,4.85,3,sell
7/27,2330,永豐金證券,0039004100300030,1096,30,1066,4.17,4,buy
7/27,2330,永豐金-匯立,0039004100380031,216,1113,-897,3.51,4,sell
7/27,2330,新加坡商瑞銀,1650,1539,759,780,3.05,5,buy
7/27,2330,凱基,9200,106,412,-306,1.2,5,sell
7/27,2330,摩根大通,8440,2480,1803,677,2.65,6,buy
7/27,2330,凱基-台北,9268,874,1058,-184,0.72,6,sell
7/27,2330,台灣摩根士丹利,1470,3348,2948,400,1.57,7,buy
7/27,2330,兆豐證券,7000,5,117,-112,0.44,7,sell
7/27,2330,大和國泰,8890,392,38,354,1.39,8,buy
7/27,2330,凱基-中港,9202,106,210,-104,0.41,8,sell
7/27,2330,中國信託,6160,313,82,231,0.9,9,buy
7/27,2330,兆豐-高雄,003700300030005a,5,109,-104,0.41,9,sell
7/27,2330,國泰證券,8880,202,11,191,0.75,10,buy
7/27,2330,香港上海匯豐,8960,21,119,-98,0.38,10,sell
7/27,2330,臺銀,1040,159,26,133,0.52,11,buy
7/27,2330,元大-忠孝鼎富,0039003800320046,2,41,-39,0.15,11,sell
7/27,2330,群益金鼎,9100,152,42,110,0.43,12,buy
7/27,2330,元大-敦化,9833,55,87,-32,0.13,12,sell
7/27,2330,彰銀,1230,106,4,102,0.4,13,buy
7/27,2330,台新-五權西,0039004200320035,6,33,-27,0.11,13,sell
7/27,2330,美林,1440,1430,1337,93,0.36,14,buy
7/27,2330,統一-板橋,0035003800350050,0,26,-26,0.1,14,sell
7/27,2330,宏遠證券,1260,117,34,83,0.32,15,buy
7/27,2330,華南永昌-民權,9312,0,25,-25,0.1,15,sell
7/27,2317,台灣摩根士丹利,1470,4032,2444,1588,4.42,1,buy
7/27,2317,新加坡商瑞銀,1650,1426,3685,-2259,6.29,1,sell
7/27,2317,花旗環球,1590,2114,855,1259,3.51,2,buy
7/27,2317,第一金,5380,11,2248,-2237,6.23,2,sell
7/27,2317,元大證券,9800,3493,2481,1012,2.82,3,buy
7/27,2317,美林,1440,1124,2827,-1703,4.74,3,sell
7/27,2317,美商高盛,1480,2454,1624,830,2.31,4,buy
7/27,2317,國票-博愛,003700370039007a,9,1034,-1025,2.85,4,sell
7/27,2317,永豐金證券,0039004100300030,778,139,639,1.78,5,buy
7/27,2317,國泰證券,8880,98,445,-347,0.97,5,sell
7/27,2317,兆豐-台中,7003,368,15,353,0.98,6,buy
7/27,2317,香港上海匯豐,8960,0,297,-297,0.83,6,sell
7/27,2317,凱基,9200,397,119,278,0.77,7,buy
7/27,2317,摩根大通,8440,2633,2916,-283,0.79,7,sell
7/27,2317,法銀巴黎,8900,217,13,204,0.57,8,buy
7/27,2317,統一,5850,118,383,-265,0.74,8,sell
7/27,2317,富邦證券,9600,379,243,136,0.38,9,buy
7/27,2317,國泰-敦南,8888,267,418,-151,0.42,9,sell
7/27,2317,華南永昌-基隆,9322,160,31,129,0.36,10,buy
7/27,2317,富邦-仁愛,9676,130,261,-131,0.36,10,sell
7/27,2317,港商野村,1560,198,73,125,0.35,11,buy
7/27,2317,元大-復北,9872,14,112,-98,0.27,11,sell
7/27,2317,華南永昌-大甲,9315,112,2,110,0.31,12,buy
7/27,2317,元大-樹林,003900380039006a,60,127,-67,0.19,12,sell
7/27,2317,港商麥格理,1360,211,104,107,0.3,13,buy
7/27,2317,富邦-南京,0039003600310043,25,91,-66,0.18,13,sell
7/27,2317,統一-新竹,5857,112,16,96,0.27,14,buy
7/27,2317,華南永昌-南京,9326,29,85,-56,0.16,14,sell
7/27,2317,群益金鼎-大甲,0039003100380067,104,10,94,0.26,15,buy
7/27,2317,永豐金-台中,003900410039004c,26,79,-53,0.15,15,sell
7/27,2454,花旗環球,1590,574,95,479,5.26,1,buy
7/27,2454,永豐金-匯立,0039004100380031,13,540,-527,5.79,1,sell
7/27,2454,美林,1440,595,177,418,4.59,2,buy
7/27,2454,摩根大通,8440,841,1199,-358,3.93,2,sell
7/27,2454,凱基-台北,9268,564,418,146,1.6,3,buy
7/27,2454,富邦證券,9600,371,648,-277,3.04,3,sell
7/27,2454,美商高盛,1480,643,527,116,1.27,4,buy
7/27,2454,新加坡商瑞銀,1650,275,548,-273,3.0,4,sell
7/27,2454,元大-土城永寧,9875,104,3,101,1.11,5,buy
7/27,2454,統一,5850,32,234,-202,2.22,5,sell
7/27,2454,港商野村,1560,119,42,77,0.85,6,buy
7/27,2454,元大證券,9800,476,658,-182,2.0,6,sell
7/27,2454,國票-博愛,003700370039007a,74,6,68,0.75,7,buy
7/27,2454,台灣摩根士丹利,1470,624,743,-119,1.31,7,sell
7/27,2454,凱基-竹科,9272,48,2,46,0.51,8,buy
7/27,2454,凱基,9200,45,137,-92,1.01,8,sell
7/27,2454,港商麥格理,1360,43,2,41,0.45,9,buy
7/27,2454,永豐金證券,0039004100300030,236,308,-72,0.79,9,sell
7/27,2454,國泰-敦南,8888,125,94,31,0.34,10,buy
7/27,2454,宏遠證券,1260,7,57,-50,0.55,10,sell
7/27,2454,兆豐-南京,0037003000300050,29,4,25,0.27,11,buy
7/27,2454,華南永昌,9300,20,68,-48,0.53,11,sell
7/27,2454,富邦-台中,003900360035004b,25,3,22,0.24,12,buy
7/27,2454,群益金鼎,9100,53,85,-32,0.35,12,sell
7/27,2454,玉山證券,8840,32,14,18,0.2,13,buy
7/27,2454,國泰證券,8880,58,84,-26,0.29,13,sell
7/27,2454,元大-大同,0039003800390047,21,4,17,0.19,14,buy
7/27,2454,法銀巴黎,8900,31,52,-21,0.23,14,sell
7/27,2454,中國信託-忠孝,6162,17,3,14,0.15,15,buy
7/27,2454,合庫證券,1020,3,22,-19,0.21,15,sell
7/27,2308,台灣摩根士丹利,1470,1667,389,1278,12.86,1,buy
7/27,2308,元大證券,9800,555,1230,-675,6.79,1,sell
7/27,2308,凱基-台北,9268,726,264,462,4.65,2,buy
7/27,2308,富邦證券,9600,55,695,-640,6.44,2,sell
7/27,2308,花旗環球,1590,438,71,367,3.69,3,buy
7/27,2308,美商高盛,1480,711,1216,-505,5.08,3,sell
7/27,2308,元大-土城永寧,9875,139,5,134,1.35,4,buy
7/27,2308,港商麥格理,1360,15,393,-378,3.8,4,sell
7/27,2308,美林,1440,296,233,63,0.63,5,buy
7/27,2308,國泰證券,8880,38,372,-334,3.36,5,sell
7/27,2308,群益金鼎,9100,73,24,49,0.49,6,buy
7/27,2308,統一,5850,91,377,-286,2.88,6,sell
7/27,2308,國泰-敦南,8888,129,90,39,0.39,7,buy
7/27,2308,宏遠證券,1260,5,244,-239,2.41,7,sell
7/27,2308,兆豐證券,7000,39,0,39,0.39,8,buy
7/27,2308,港商野村,1560,133,342,-209,2.1,8,sell
7/27,2308,法銀巴黎,8900,67,29,38,0.38,9,buy
7/27,2308,新加坡商瑞銀,1650,297,473,-176,1.77,9,sell
7/27,2308,台灣企銀,1110,35,2,33,0.33,10,buy
7/27,2308,第一金-大稻埕,0035003300380046,4,146,-142,1.43,10,sell
7/27,2308,中國信託,6160,46,19,27,0.27,11,buy
7/27,2308,富邦-台北,9623,17,128,-111,1.12,11,sell
7/27,2308,新光,8560,61,34,27,0.27,12,buy
7/27,2308,台新,0039004200300030,32,141,-109,1.1,12,sell
7/27,2308,國泰-館前,0038003800380041,48,21,27,0.27,13,buy
7/27,2308,國票-敦北法人,0037003700390063,6,69,-63,0.63,13,sell
7/27,2308,摩根大通,8440,614,589,25,0.25,14,buy
7/27,2308,永豐金證券,0039004100300030,157,219,-62,0.62,14,sell
7/27,2308,富邦-木柵,003900360031004d,19,0,19,0.19,15,buy
7/27,2308,凱基,9200,91,146,-55,0.55,15,sell
7/27,2382,富邦證券,9600,1329,452,877,4.44,1,buy
7/27,2382,港商麥格理,1360,317,2471,-2154,10.9,1,sell
7/27,2382,花旗環球,1590,967,263,704,3.56,2,buy
7/27,2382,摩根大通,8440,1740,2807,-1067,5.4,2,sell
7/27,2382,元大證券,9800,1638,938,700,3.54,3,buy
7/27,2382,凱基-台北,9268,1448,2385,-937,4.74,3,sell
7/27,2382,永豐金證券,0039004100300030,1315,1014,301,1.52,4,buy
7/27,2382,新加坡商瑞銀,1650,1529,2135,-606,3.07,4,sell
7/27,2382,港商野村,1560,293,32,261,1.32,5,buy
7/27,2382,美商高盛,1480,424,935,-511,2.59,5,sell
7/27,2382,福邦證券,6480,102,0,102,0.52,6,buy
7/27,2382,國泰證券,8880,36,507,-471,2.38,6,sell
7/27,2382,中國信託-永康,6163,105,6,99,0.5,7,buy
7/27,2382,臺銀,1040,11,310,-299,1.51,7,sell
7/27,2382,凱基,9200,93,0,93,0.47,8,buy
7/27,2382,台灣摩根士丹利,1470,1179,1461,-282,1.43,8,sell
7/27,2382,凱基-士林,9238,88,0,88,0.45,9,buy
7/27,2382,美林,1440,633,843,-210,1.06,9,sell
7/27,2382,國票-博愛,003700370039007a,102,15,87,0.44,10,buy
7/27,2382,群益金鼎,9100,118,323,-205,1.04,10,sell
7/27,2382,法銀巴黎,8900,68,1,67,0.34,11,buy
7/27,2382,德信,6910,1,66,-65,0.33,11,sell
7/27,2382,台新-高雄,0039004200310067,95,32,63,0.32,12,buy
7/27,2382,富邦-屏東,0039003600310059,1,24,-23,0.12,12,sell
7/27,2382,玉山-大里,003800380034004a,63,2,61,0.31,13,buy
7/27,2382,凱基-斗六,9281,1,21,-20,0.1,13,sell
7/27,2382,兆豐-桃園,003700300030004d,57,7,50,0.25,14,buy
7/27,2382,元大-大里德芳,0039003800330057,3,22,-19,0.1,14,sell
7/27,2382,元大-六合,0039003800320043,48,1,47,0.24,15,buy
7/27,2382,華南永昌,9300,30,47,-17,0.09,15,sell
7/27,2891,摩根大通,8440,3965,1138,2827,10.53,1,buy
7/27,2891,美商高盛,1480,1412,7924,-6512,24.26,1,sell
7/27,2891,花旗環球,1590,3345,764,2581,9.62,2,buy
7/27,2891,永豐金-匯立,0039004100380031,22,3010,-2988,11.13,2,sell
7/27,2891,永豐金證券,0039004100300030,1728,25,1703,6.35,3,buy
7/27,2891,美林,1440,718,2385,-1667,6.21,3,sell
7/27,2891,元大證券,9800,2786,1873,913,3.4,4,buy
7/27,2891,香港上海匯豐,8960,0,834,-834,3.11,4,sell
7/27,2891,凱基,9200,786,0,786,2.93,5,buy
7/27,2891,台灣摩根士丹利,1470,2122,2683,-561,2.09,5,sell
7/27,2891,法銀巴黎,8900,476,32,444,1.65,6,buy
7/27,2891,港商麥格理,1360,0,425,-425,1.58,6,sell
7/27,2891,(牛牛牛)亞證券,6010,410,0,410,1.53,7,buy
7/27,2891,新加坡商瑞銀,1650,169,578,-409,1.52,7,sell
7/27,2891,群益金鼎-南京,0039003100380045,190,0,190,0.71,8,buy
7/27,2891,港商野村,1560,29,126,-97,0.36,8,sell
7/27,2891,(牛牛牛)亞-鑫豐,0036003000310064,133,18,115,0.43,9,buy
7/27,2891,永豐金-竹科,0039004100390058,12,102,-90,0.34,9,sell
7/27,2891,凱基-內湖,9287,125,11,114,0.42,10,buy
7/27,2891,群益金鼎-台北,0039003100380058,0,55,-55,0.2,10,sell
7/27,2891,富邦證券,9600,141,30,111,0.41,11,buy
7/27,2891,國泰-敦南,8888,144,192,-48,0.18,11,sell
7/27,2891,永豐金-新莊,0039004100390048,100,2,98,0.37,12,buy
7/27,2891,元大-大甲,0039003800390055,14,39,-25,0.09,12,sell
7/27,2891,(牛牛牛)亞-網路,6012,94,0,94,0.35,13,buy
7/27,2891,富邦-新店,9661,7,27,-20,0.07,13,sell
7/27,2891,永豐金-敦南,0039004100380046,90,5,85,0.32,14,buy
7/27,2891,台新-中原,0039004200320067,0,20,-20,0.07,14,sell
7/27,2891,國泰-板橋,003800380038004b,93,9,84,0.31,15,buy
7/27,2891,群益金鼎-民權,9131,2,19,-17,0.06,15,sell
7/27,2881,花旗環球,1590,3099,150,2949,18.85,1,buy
7/27,2881,美商高盛,1480,474,2806,-2332,14.91,1,sell
7/27,2881,摩根大通,8440,1643,547,1096,7.01,2,buy
7/27,2881,新加坡商瑞銀,1650,618,1334,-716,4.58,2,sell
7/27,2881,港商麥格理,1360,987,0,987,6.31,3,buy
7/27,2881,國泰-敦南,8888,27,187,-160,1.02,3,sell
7/27,2881,美林,1440,832,157,675,4.32,4,buy
7/27,2881,(牛牛牛)亞-鑫豐,0036003000310064,172,312,-140,0.9,4,sell
7/27,2881,富邦證券,9600,621,4,617,3.94,5,buy
7/27,2881,兆豐-城中,0037003000300057,367,487,-120,0.77,5,sell
7/27,2881,凱基-台北,9268,1772,1549,223,1.43,6,buy
7/27,2881,永豐金-板新,003900410039004a,0,112,-112,0.72,6,sell
7/27,2881,(牛牛牛)亞證券,6010,220,1,219,1.4,7,buy
7/27,2881,兆豐證券,7000,0,100,-100,0.64,7,sell
7/27,2881,元大證券,9800,666,521,145,0.93,8,buy
7/27,2881,群益金鼎-館前,0039003100330059,103,202,-99,0.63,8,sell
7/27,2881,凱基,9200,163,24,139,0.89,9,buy
7/27,2881,港商野村,1560,68,165,-97,0.62,9,sell
7/27,2881,法銀巴黎,8900,104,0,104,0.66,10,buy
7/27,2881,富邦-台北,9623,7,90,-83,0.53,10,sell
7/27,2881,台新-台北,0039004200320030,100,16,84,0.54,11,buy
7/27,2881,富邦-新店,9661,2,76,-74,0.47,11,sell
7/27,2881,永豐金證券,0039004100300030,417,343,74,0.47,12,buy
7/27,2881,富邦-中壢,9636,1,71,-70,0.45,12,sell
7/27,2881,中國信託,6160,74,13,61,0.39,13,buy
7/27,2881,香港上海匯豐,8960,0,63,-63,0.4,13,sell
7/27,2881,華南永昌,9300,76,20,56,0.36,14,buy
7/27,2881,富邦-仁愛,9676,2,59,-57,0.36,14,sell
7/27,2881,大和國泰,8890,53,0,53,0.34,15,buy
7/27,2881,元大-信義,003900380039006d,0,51,-51,0.33,15,sell
7/27,2882,摩根大通,8440,3514,436,3078,19.41,1,buy
7/27,2882,美林,1440,1022,2538,-1516,9.56,1,sell
7/27,2882,花旗環球,1590,1709,554,1155,7.28,2,buy
7/27,2882,美商高盛,1480,1027,1369,-342,2.16,2,sell
7/27,2882,凱基,9200,772,3,769,4.85,3,buy
7/27,2882,國泰-敦南,8888,44,366,-322,2.03,3,sell
7/27,2882,新加坡商瑞銀,1650,1853,1127,726,4.58,4,buy
7/27,2882,群益金鼎,9100,115,423,-308,1.94,4,sell
7/27,2882,台灣摩根士丹利,1470,1610,944,666,4.2,5,buy
7/27,2882,富邦-新竹,9647,7,251,-244,1.54,5,sell
7/27,2882,永豐金證券,0039004100300030,643,23,620,3.91,6,buy
7/27,2882,群益金鼎-新竹,9186,5,226,-221,1.39,6,sell
7/27,2882,元大證券,9800,751,440,311,1.96,7,buy
7/27,2882,富邦-台北,9623,10,162,-152,0.96,7,sell
7/27,2882,法銀巴黎,8900,214,32,182,1.15,8,buy
7/27,2882,港商野村,1560,20,159,-139,0.88,8,sell
7/27,2882,大和國泰,8890,165,0,165,1.04,9,buy
7/27,2882,台新-台北,0039004200320030,0,127,-127,0.8,9,sell
7/27,2882,元大-新竹經國,9859,110,0,110,0.69,10,buy
7/27,2882,凱基-台北,9268,502,627,-125,0.79,10,sell
7/27,2882,中國信託,6160,81,24,57,0.36,11,buy
7/27,2882,永豐金-台中,003900410039004c,4,117,-113,0.71,11,sell
7/27,2882,兆豐-埔墘,003700300030004e,55,0,55,0.35,12,buy
7/27,2882,華南永昌-台南,9306,30,142,-112,0.71,12,sell
7/27,2882,宏遠-台中,003100320036004c,50,2,48,0.3,13,buy
7/27,2882,富邦-建國,9658,3,108,-105,0.66,13,sell
7/27,2882,元大-大天母,9893,48,3,45,0.28,14,buy
7/27,2882,元大-信義,003900380039006d,0,102,-102,0.64,14,sell
7/27,2882,元大-文心興安,9854,48,9,39,0.25,15,buy
7/27,2882,群益金鼎-館前,0039003100330059,0,83,-83,0.52,15,sell
7/27,2303,美商高盛,1480,34618,6729,27889,12.71,1,buy
7/27,2303,元大證券,9800,17121,28117,-10996,5.01,1,sell
7/27,2303,摩根大通,8440,19306,7592,11714,5.34,2,buy
7/27,2303,花旗環球,1590,2087,9917,-7830,3.57,2,sell
7/27,2303,美林,1440,10822,2118,8704,3.97,3,buy
7/27,2303,凱基,9200,1281,6449,-5168,2.36,3,sell
7/27,2303,凱基-台北,9268,19788,15222,4566,2.08,4,buy
7/27,2303,富邦證券,9600,5964,11035,-5071,2.31,4,sell
7/27,2303,元大-土城永寧,9875,4585,63,4522,2.06,5,buy
7/27,2303,元大-敦化,9833,66,4701,-4635,2.11,5,sell
7/27,2303,新加坡商瑞銀,1650,5087,2550,2537,1.16,6,buy
7/27,2303,群益金鼎,9100,1365,5607,-4242,1.93,6,sell
7/27,2303,兆豐證券,7000,1719,904,815,0.37,7,buy
7/27,2303,台灣摩根士丹利,1470,9589,13815,-4226,1.93,7,sell
7/27,2303,兆豐-忠孝,0037003000300061,797,59,738,0.34,8,buy
7/27,2303,永豐金證券,0039004100300030,1595,5812,-4217,1.92,8,sell
7/27,2303,華南永昌,9300,1514,788,726,0.33,9,buy
7/27,2303,凱基-信義,9216,369,3366,-2997,1.37,9,sell
7/27,2303,福邦證券,6480,700,7,693,0.32,10,buy
7/27,2303,(牛牛牛)亞證券,6010,4,2601,-2597,1.18,10,sell
7/27,2303,富邦-新店,9661,833,142,691,0.31,11,buy
7/27,2303,國泰證券,8880,1465,3771,-2306,1.05,11,sell
7/27,2303,群益金鼎-台北,0039003100380058,553,3,550,0.25,12,buy
7/27,2303,宏遠證券,1260,259,2116,-1857,0.85,12,sell
7/27,2303,陽信-石牌,8711,448,45,403,0.18,13,buy
7/27,2303,統一-仁愛,0035003800350063,16,1688,-1672,0.76,13,sell
7/27,2303,台新-新店,0039004200320032,340,14,326,0.15,14,buy
7/27,2303,統一,5850,1512,2757,-1245,0.57,14,sell
7/27,2303,兆豐-台南,7006,335,21,314,0.14,15,buy
7/27,2303,統一-敦南,5852,155,1337,-1182,0.54,15,sell
7/27,3711,美商高盛,1480,1749,832,917,5.67,1,buy
7/27,3711,台灣摩根士丹利,1470,291,1994,-1703,10.52,1,sell
7/27,3711,元大證券,9800,1726,1211,515,3.18,2,buy
7/27,3711,新加坡商瑞銀,1650,534,1941,-1407,8.69,2,sell
7/27,3711,摩根大通,8440,1062,583,479,2.96,3,buy
7/27,3711,國泰證券,8880,72,713,-641,3.96,3,sell
7/27,3711,花旗環球,1590,586,135,451,2.79,4,buy
7/27,3711,富邦證券,9600,63,545,-482,2.98,4,sell
7/27,3711,香港上海匯豐,8960,595,264,331,2.05,5,buy
7/27,3711,美林,1440,700,1088,-388,2.4,5,sell
7/27,3711,凱基-台北,9268,1173,964,209,1.29,6,buy
7/27,3711,永豐金-匯立,0039004100380031,40,172,-132,0.82,6,sell
7/27,3711,永豐金證券,0039004100300030,406,200,206,1.27,7,buy
7/27,3711,凱基-士林,9238,58,122,-64,0.4,7,sell
7/27,3711,港商麥格理,1360,191,9,182,1.12,8,buy
7/27,3711,台新-高雄,0039004200310067,51,110,-59,0.36,8,sell
7/27,3711,法銀巴黎,8900,120,5,115,0.71,9,buy
7/27,3711,永豐金-南京,0039004100390053,6,58,-52,0.32,9,sell
7/27,3711,群益金鼎,9100,126,35,91,0.56,10,buy
7/27,3711,永豐金-新莊,0039004100390048,2,52,-50,0.31,10,sell
7/27,3711,凱基,9200,100,31,69,0.43,11,buy
7/27,3711,台新-世貿,0039004200320075,2,40,-38,0.23,11,sell
7/27,3711,元大-大直,9846,55,2,53,0.33,12,buy
7/27,3711,群益金鼎-建成,003900310038004c,2,33,-31,0.19,12,sell
7/27,3711,國泰-敦南,8888,321,269,52,0.32,13,buy
7/27,3711,華南永昌-竹北,9339,10,37,-27,0.17,13,sell
7/27,3711,中國信託,6160,75,24,51,0.32,14,buy
7/27,3711,華南永昌-中正,9359,1,27,-26,0.16,14,sell
7/27,3711,台新,0039004200300030,98,59,39,0.24,15,buy
7/27,3711,永豐金-內湖,0039004100390067,3,23,-20,0.12,15,sell
7/27,2603,台灣摩根士丹利,1470,762,207,555,8.26,1,buy
7/27,2603,國泰證券,8880,32,640,-608,9.05,1,sell
7/27,2603,美林,1440,1004,624,380,5.66,2,buy
7/27,2603,合庫-三重,0031003000320047,0,300,-300,4.47,2,sell
7/27,2603,新加坡商瑞銀,1650,344,112,232,3.45,3,buy
7/27,2603,元大證券,9800,505,777,-272,4.05,3,sell
7/27,2603,凱基-台北,9268,480,315,165,2.46,4,buy
7/27,2603,港商野村,1560,17,183,-166,2.47,4,sell
7/27,2603,美商高盛,1480,414,323,91,1.35,5,buy
7/27,2603,永豐金證券,0039004100300030,88,188,-100,1.49,5,sell
7/27,2603,華南永昌-基隆,9322,61,0,61,0.91,6,buy
7/27,2603,合庫-高雄,1023,7,87,-80,1.19,6,sell
7/27,2603,兆豐證券,7000,52,0,52,0.77,7,buy
7/27,2603,摩根大通,8440,810,889,-79,1.18,7,sell
7/27,2603,凱基,9200,52,2,50,0.74,8,buy
7/27,2603,台新,0039004200300030,17,84,-67,1.0,8,sell
7/27,2603,花旗環球,1590,226,177,49,0.73,9,buy
7/27,2603,第一金-安和,003500330038006a,6,56,-50,0.74,9,sell
7/27,2603,康和-仁愛,0038003400350046,45,0,45,0.67,10,buy
7/27,2603,國泰-桃園,8885,4,49,-45,0.67,10,sell
7/27,2603,新光,8560,56,21,35,0.52,11,buy
7/27,2603,台新-松江,0039004200310035,0,31,-31,0.46,11,sell
7/27,2603,台新-新興,003900420032006f,32,0,32,0.48,12,buy
7/27,2603,富邦-新店,9661,1,25,-24,0.36,12,sell
7/27,2603,玉山-板橋,8846,35,3,32,0.48,13,buy
7/27,2603,元大-大里德芳,0039003800330057,0,20,-20,0.3,13,sell
7/27,2603,台中銀-高雄,6116,30,0,30,0.45,14,buy
7/27,2603,群益金鼎-三民,9188,0,20,-20,0.3,14,sell
7/27,2603,華南永昌,9300,33,4,29,0.43,15,buy
7/27,2603,宏遠證券,1260,0,20,-20,0.3,15,sell
7/27,2609,台灣摩根士丹利,1470,1307,558,749,6.62,1,buy
7/27,2609,元大證券,9800,404,1999,-1595,14.09,1,sell
7/27,2609,永豐金-匯立,0039004100380031,584,0,584,5.16,2,buy
7/27,2609,美商高盛,1480,357,1363,-1006,8.89,2,sell
7/27,2609,國泰證券,8880,456,0,456,4.03,3,buy
7/27,2609,美林,1440,161,847,-686,6.06,3,sell
7/27,2609,花旗環球,1590,557,241,316,2.79,4,buy
7/27,2609,華南永昌-中正,9359,2,313,-311,2.75,4,sell
7/27,2609,新加坡商瑞銀,1650,529,233,296,2.62,5,buy
7/27,2609,統一,5850,5,191,-186,1.64,5,sell
7/27,2609,摩根大通,8440,692,407,285,2.52,6,buy
7/27,2609,凱基-台北,9268,311,461,-150,1.33,6,sell
7/27,2609,兆豐-公益,003700300030004a,214,0,214,1.89,7,buy
7/27,2609,港商野村,1560,0,116,-116,1.02,7,sell
7/27,2609,台新-高雄,0039004200310067,195,33,162,1.43,8,buy
7/27,2609,元大-羅東,0039003800320041,4,101,-97,0.86,8,sell
7/27,2609,法銀巴黎,8900,145,0,145,1.28,9,buy
7/27,2609,台新,0039004200300030,156,253,-97,0.86,9,sell
7/27,2609,台中銀,6110,104,4,100,0.88,10,buy
7/27,2609,香港上海匯豐,8960,0,90,-90,0.8,10,sell
7/27,2609,國票-敦北法人,0037003700390063,105,10,95,0.84,11,buy
7/27,2609,華南永昌-高雄,9303,8,53,-45,0.4,11,sell
7/27,2609,群益金鼎-忠孝,0039003100380057,100,5,95,0.84,12,buy
7/27,2609,元大-花蓮,9856,1,42,-41,0.36,12,sell
7/27,2609,元大-斗信,9884,83,1,82,0.72,13,buy
7/27,2609,國票-九鼎,0037003700390050,4,45,-41,0.36,13,sell
7/27,2609,富邦-中壢,9636,76,5,71,0.63,14,buy
7/27,2609,新光,8560,15,55,-40,0.35,14,sell
7/27,2609,富邦-南京,0039003600310043,73,14,59,0.52,15,buy
7/27,2609,群益金鼎-宜蘭,003900310038007a,0,38,-38,0.34,15,sell
7/27,2615,華南永昌,9300,330,17,313,2.86,1,buy
7/27,2615,第一金-頭份,0035003300380049,127,750,-623,5.69,1,sell
7/27,2615,花旗環球,1590,301,85,216,1.97,2,buy
7/27,2615,新加坡商瑞銀,1650,36,541,-505,4.61,2,sell
7/27,2615,永豐金證券,0039004100300030,332,125,207,1.89,3,buy
7/27,2615,元大證券,9800,609,1048,-439,4.01,3,sell
7/27,2615,美商高盛,1480,737,569,168,1.53,4,buy
7/27,2615,港商麥格理,1360,0,363,-363,3.32,4,sell
7/27,2615,群益金鼎-高盛,9105,161,1,160,1.46,5,buy
7/27,2615,台灣摩根士丹利,1470,462,780,-318,2.91,5,sell
7/27,2615,合庫證券,1020,112,1,111,1.01,6,buy
7/27,2615,美林,1440,482,762,-280,2.56,6,sell
7/27,2615,法銀巴黎,8900,109,0,109,1.0,7,buy
7/27,2615,第一金-桃園,5385,1,188,-187,1.71,7,sell
7/27,2615,陽信-石牌,8711,102,0,102,0.93,8,buy
7/27,2615,凱基-台北,9268,483,645,-162,1.48,8,sell
7/27,2615,國票-敦北法人,0037003700390063,104,3,101,0.92,9,buy
7/27,2615,永豐金-內湖,0039004100390067,8,133,-125,1.14,9,sell
7/27,2615,新光,8560,115,36,79,0.72,10,buy
7/27,2615,群益金鼎,9100,165,273,-108,0.99,10,sell
7/27,2615,中國信託,6160,93,14,79,0.72,11,buy
7/27,2615,凱基,9200,36,119,-83,0.76,11,sell
7/27,2615,臺銀-臺南,1042,64,4,60,0.55,12,buy
7/27,2615,富邦-仁愛,9676,18,97,-79,0.72,12,sell
7/27,2615,富邦-左營,0039003600360046,58,0,58,0.53,13,buy
7/27,2615,康和,8450,0,76,-76,0.69,13,sell
7/27,2615,元大-土城學府,9822,61,4,57,0.52,14,buy
7/27,2615,富邦證券,9600,4,68,-64,0.58,14,sell
7/27,2615,美好-富順,003500320036004b,49,1,48,0.44,15,buy
7/27,2615,凱基-站前,0039003200300046,15,72,-57,0.52,15,sell
7/27,2618,花旗環球,1590,9054,383,8671,17.81,1,buy
7/27,2618,合庫證券,1020,22,7756,-7734,15.88,1,sell
7/27,2618,美商高盛,1480,5085,265,4820,9.9,2,buy
7/27,2618,摩根大通,8440,1653,6759,-5106,10.49,2,sell
7/27,2618,台灣摩根士丹利,1470,5215,1225,3990,8.19,3,buy
7/27,2618,凱基,9200,50,3521,-3471,7.13,3,sell
7/27,2618,元大證券,9800,6351,3737,2614,5.37,4,buy
7/27,2618,國票-北高雄,003700370039004a,0,1104,-1104,2.27,4,sell
7/27,2618,台新-同大,0039004200320050,2291,6,2285,4.69,5,buy
7/27,2618,第一金,5380,19,357,-338,0.69,5,sell
7/27,2618,香港上海匯豐,8960,1104,8,1096,2.25,6,buy
7/27,2618,元大-大同,0039003800390047,6,326,-320,0.66,6,sell
7/27,2618,港商麥格理,1360,822,0,822,1.69,7,buy
7/27,2618,大和國泰,8890,214,500,-286,0.59,7,sell
7/27,2618,法銀巴黎,8900,704,0,704,1.45,8,buy
7/27,2618,永豐金證券,0039004100300030,1738,1996,-258,0.53,8,sell
7/27,2618,新加坡商瑞銀,1650,1696,1010,686,1.41,9,buy
7/27,2618,美林,1440,1045,1257,-212,0.44,9,sell
7/27,2618,華南永昌-大甲,9315,331,5,326,0.67,10,buy
7/27,2618,兆豐-台中,7003,2,210,-208,0.43,10,sell
7/27,2618,兆豐-城中,0037003000300057,201,7,194,0.4,11,buy
7/27,2618,光和-田中,6382,1,208,-207,0.43,11,sell
7/27,2618,華南永昌,9300,309,118,191,0.39,12,buy
7/27,2618,國泰-敦南,8888,379,568,-189,0.39,12,sell
7/27,2618,合庫-西台中,0031003000320046,178,5,173,0.36,13,buy
7/27,2618,元大-板橋,0039003800390043,0,151,-151,0.31,13,sell
7/27,2618,凱基-東勢,0039003200310059,100,3,97,0.2,14,buy
7/27,2618,玉山證券,8840,28,176,-148,0.3,14,sell
7/27,2618,統一-新營,0035003800350045,100,3,97,0.2,15,buy
7/27,2618,新光,8560,120,257,-137,0.28,15,sell
7/27,3037,凱基-台北,9268,1932,1173,759,4.85,1,buy
7/27,3037,台灣摩根士丹利,1470,616,2098,-1482,9.47,1,sell
7/27,3037,元大證券,9800,1943,1630,313,2.0,2,buy
7/27,3037,港商野村,1560,45,562,-517,3.3,2,sell
7/27,3037,摩根大通,8440,537,271,266,1.7,3,buy
7/27,3037,新加坡商瑞銀,1650,188,480,-292,1.87,3,sell
7/27,3037,永豐金證券,0039004100300030,480,302,178,1.14,4,buy
7/27,3037,統一,5850,51,267,-216,1.38,4,sell
7/27,3037,兆豐證券,7000,196,30,166,1.06,5,buy
7/27,3037,永豐金-信義,0039004100390052,0,150,-150,0.96,5,sell
7/27,3037,富邦證券,9600,199,50,149,0.95,6,buy
7/27,3037,港商麥格理,1360,21,149,-128,0.82,6,sell
7/27,3037,凱基-竹科,9272,158,35,123,0.79,7,buy
7/27,3037,美商高盛,1480,543,657,-114,0.73,7,sell
7/27,3037,台新,0039004200300030,168,86,82,0.52,8,buy
7/27,3037,美林,1440,216,253,-37,0.24,8,sell
7/27,3037,(牛牛牛)亞證券,6010,74,0,74,0.47,9,buy
7/27,3037,花旗環球,1590,235,271,-36,0.23,9,sell
7/27,3037,中國信託,6160,82,32,50,0.32,10,buy
7/27,3037,國票-中港,003700370039006d,1,31,-30,0.19,10,sell
7/27,3037,法銀巴黎,8900,51,6,45,0.29,11,buy
7/27,3037,永豐金-新莊,0039004100390048,7,36,-29,0.19,11,sell
7/27,3037,香港上海匯豐,8960,50,7,43,0.27,12,buy
7/27,3037,元大-華山,0039003800310055,1,25,-24,0.15,12,sell
7/27,3037,永豐金-匯立,0039004100380031,42,0,42,0.27,13,buy
7/27,3037,凱基-新莊,0039003200310053,2,26,-24,0.15,13,sell
7/27,3037,合庫證券,1020,50,10,40,0.26,14,buy
7/27,3037,新光-桃園,8565,20,41,-21,0.13,14,sell
7/27,3037,康和-高雄,003800340035004a,38,8,30,0.19,15,buy
7/27,3037,國票-安和,003700370039005a,6,22,-16,0.1,15,sell
7/27,2345,美林,1440,285,148,137,7.57,1,buy
7/27,2345,美商高盛,1480,144,366,-222,12.27,1,sell
7/27,2345,富邦證券,9600,115,18,97,5.36,2,buy
7/27,2345,香港上海匯豐,8960,1,223,-222,12.27,2,sell
7/27,2345,新加坡商瑞銀,1650,109,22,87,4.81,3,buy
7/27,2345,台灣摩根士丹利,1470,111,260,-149,8.24,3,sell
7/27,2345,花旗環球,1590,82,21,61,3.37,4,buy
7/27,2345,中國信託,6160,0,22,-22,1.22,4,sell
7/27,2345,凱基,9200,47,2,45,2.49,5,buy
7/27,2345,富邦-建國,9658,1,17,-16,0.88,5,sell
7/27,2345,永豐金證券,0039004100300030,104,66,38,2.1,6,buy
7/27,2345,港商麥格理,1360,3,18,-15,0.83,6,sell
7/27,2345,摩根大通,8440,120,89,31,1.71,7,buy
7/27,2345,元大證券,9800,60,69,-9,0.5,7,sell
7/27,2345,富邦-仁愛,9676,30,1,29,1.6,8,buy
7/27,2345,統一,5850,32,40,-8,0.44,8,sell
7/27,2345,群益金鼎,9100,33,5,28,1.55,9,buy
7/27,2345,華南永昌-南京,9326,0,5,-5,0.28,9,sell
7/27,2345,港商野村,1560,33,17,16,0.88,10,buy
7/27,2345,日茂,5960,10,15,-5,0.28,10,sell
7/27,2345,法銀巴黎,8900,12,1,11,0.61,11,buy
7/27,2345,台新,0039004200300030,1,4,-3,0.17,11,sell
7/27,2345,兆豐-新竹,0037003000300056,10,0,10,0.55,12,buy
7/27,2345,台新-信義,0039004200320048,0,3,-3,0.17,12,sell
7/27,2345,宏遠-民生,1261,12,2,10,0.55,13,buy
7/27,2345,陽信,8710,0,3,-3,0.17,13,sell
7/27,2345,凱基-台北,9268,117,108,9,0.5,14,buy
7/27,2345,凱基-基隆,0039003200300048,0,3,-3,0.17,14,sell
7/27,2345,永豐金-萬盛,0039004100390032,5,0,5,0.28,15,buy
7/27,2345,元大-雙和,9874,1,3,-2,0.11,15,sell
7/27,3006,美林,1440,240,64,176,2.44,1,buy
7/27,3006,美商高盛,1480,436,803,-367,5.08,1,sell
7/27,3006,聯邦證券,8580,153,30,123,1.7,2,buy
7/27,3006,台灣摩根士丹利,1470,263,561,-298,4.13,2,sell
7/27,3006,宏遠-高雄,0031003200360051,101,1,100,1.38,3,buy
7/27,3006,新加坡商瑞銀,1650,55,244,-189,2.62,3,sell
7/27,3006,凱基-台北,9268,626,542,84,1.16,4,buy
7/27,3006,摩根大通,8440,193,382,-189,2.62,4,sell
7/27,3006,富邦-新竹,9647,92,11,81,1.12,5,buy
7/27,3006,元大證券,9800,484,622,-138,1.91,5,sell
7/27,3006,港商野村,1560,120,49,71,0.98,6,buy
7/27,3006,凱基-竹科,9272,14,82,-68,0.94,6,sell
7/27,3006,永豐金-竹科,0039004100390058,64,2,62,0.86,7,buy
7/27,3006,台新-左楠,0039004200310064,10,55,-45,0.62,7,sell
7/27,3006,永豐金-天母,0039004100390047,78,17,61,0.84,8,buy
7/27,3006,富邦證券,9600,17,54,-37,0.51,8,sell
7/27,3006,群益金鼎,9100,77,29,48,0.66,9,buy
7/27,3006,國泰-板橋,003800380038004b,56,82,-26,0.36,9,sell
7/27,3006,凱基-三重,9205,48,2,46,0.64,10,buy
7/27,3006,台新-五權西,0039004200320035,2,23,-21,0.29,10,sell
7/27,3006,凱基-站前,0039003200300046,47,6,41,0.57,11,buy
7/27,3006,凱基-湖口,003900320030004e,22,43,-21,0.29,11,sell
7/27,3006,國票證券,7790,40,13,27,0.37,12,buy
7/27,3006,統一-三多,0035003800350051,0,20,-20,0.28,12,sell
7/27,3006,富邦-台北,9623,37,12,25,0.35,13,buy
7/27,3006,群益金鼎-館前,0039003100330059,8,28,-20,0.28,13,sell
7/27,3006,元大-桃園,0039003800380042,45,23,22,0.3,14,buy
7/27,3006,臺銀-臺南,1042,11,31,-20,0.28,14,sell
7/27,3006,兆豐-忠孝,0037003000300061,41,20,21,0.29,15,buy
7/27,3006,永豐金證券,0039004100300030,41,60,-19,0.26,15,sell
7/27,2379,美商高盛,1480,1025,57,968,20.02,1,buy
7/27,2379,新加坡商瑞銀,1650,83,891,-808,16.71,1,sell
7/27,2379,摩根大通,8440,675,108,567,11.72,2,buy
7/27,2379,凱基,9200,28,306,-278,5.75,2,sell
7/27,2379,花旗環球,1590,330,90,240,4.96,3,buy
7/27,2379,台灣摩根士丹利,1470,205,427,-222,4.59,3,sell
7/27,2379,港商野村,1560,122,0,122,2.52,4,buy
7/27,2379,美林,1440,243,346,-103,2.13,4,sell
7/27,2379,元大證券,9800,352,287,65,1.34,5,buy
7/27,2379,凱基-台北,9268,283,323,-40,0.83,5,sell
7/27,2379,國泰證券,8880,55,3,52,1.08,6,buy
7/27,2379,法銀巴黎,8900,12,51,-39,0.81,6,sell
7/27,2379,香港上海匯豐,8960,44,1,43,0.89,7,buy
7/27,2379,玉山-城中,0038003800340045,2,36,-34,0.7,7,sell
7/27,2379,富邦證券,9600,79,46,33,0.68,8,buy
7/27,2379,富邦-彰化,0039003600350055,0,24,-24,0.5,8,sell
7/27,2379,華南永昌-竹北,9339,19,2,17,0.35,9,buy
7/27,2379,永豐金證券,0039004100300030,56,71,-15,0.31,9,sell
7/27,2379,華南永昌,9300,9,0,9,0.19,10,buy
7/27,2379,大昌-新店,6464,2,17,-15,0.31,10,sell
7/27,2379,國票證券,7790,14,6,8,0.17,11,buy
7/27,2379,聯邦-雙和,8584,0,11,-11,0.23,11,sell
7/27,2379,元大-民雄,0039003800310056,15,7,8,0.17,12,buy
7/27,2379,元大-內湖民權,9867,2,13,-11,0.23,12,sell
7/27,2379,兆豐-永和,0037003000300058,18,11,7,0.14,13,buy
7/27,2379,合庫-西台中,0031003000320046,1,11,-10,0.21,13,sell
7/27,2379,台新-台北,0039004200320030,7,0,7,0.14,14,buy
7/27,2379,元大-彰化,0039003800310047,1,11,-10,0.21,14,sell
7/27,2379,群益金鼎-大安,0039003100380065,5,0,5,0.1,15,buy
7/27,2379,統一-內湖,0035003800350062,4,14,-10,0.21,15,sell
7/27,3034,美林,1440,611,123,488,13.3,1,buy
7/27,3034,華南永昌-中正,9359,0,178,-178,4.85,1,sell
7/27,3034,元大證券,9800,604,412,192,5.23,2,buy
7/27,3034,摩根大通,8440,270,393,-123,3.35,2,sell
7/27,3034,美商高盛,1480,237,138,99,2.7,3,buy
7/27,3034,永豐金證券,0039004100300030,102,197,-95,2.59,3,sell
7/27,3034,香港上海匯豐,8960,91,4,87,2.37,4,buy
7/27,3034,凱基,9200,23,93,-70,1.91,4,sell
7/27,3034,花旗環球,1590,162,90,72,1.96,5,buy
7/27,3034,康和,8450,1,70,-69,1.88,5,sell
7/27,3034,國泰證券,8880,98,26,72,1.96,6,buy
7/27,3034,彰銀,1230,0,60,-60,1.63,6,sell
7/27,3034,新加坡商瑞銀,1650,98,39,59,1.61,7,buy
7/27,3034,凱基-台北,9268,257,295,-38,1.04,7,sell
7/27,3034,台灣摩根士丹利,1470,333,298,35,0.95,8,buy
7/27,3034,新光,8560,5,27,-22,0.6,8,sell
7/27,3034,北城證券,7750,20,0,20,0.54,9,buy
7/27,3034,第一金,5380,0,20,-20,0.54,9,sell
7/27,3034,群益金鼎,9100,49,32,17,0.46,10,buy
7/27,3034,永豐金-台南,0039004100390068,1,17,-16,0.44,10,sell
7/27,3034,富邦證券,9600,17,3,14,0.38,11,buy
7/27,3034,群益金鼎-新竹,9186,0,16,-16,0.44,11,sell
7/27,3034,元大-大甲,0039003800390055,16,3,13,0.35,12,buy
7/27,3034,元大-內湖民權,9867,0,13,-13,0.35,12,sell
7/27,3034,法銀巴黎,8900,11,0,11,0.3,13,buy
7/27,3034,凱基-鳳山,9274,0,10,-10,0.27,13,sell
7/27,3034,元大-中山北路,0039003800300061,10,0,10,0.27,14,buy
7/27,3034,國泰-敦南,8888,11,22,-11,0.3,14,sell
7/27,3034,港商麥格理,1360,10,0,10,0.27,15,buy
7/27,3034,台新-新店,0039004200320032,4,14,-10,0.27,15,sell
7/27,2412,台灣摩根士丹利,1470,6319,43,6276,27.88,1,buy
7/27,2412,土銀,1030,2,2801,-2799,12.43,1,sell
7/27,2412,美商高盛,1480,2328,1072,1256,5.58,2,buy
7/27,2412,永豐金-萬盛,0039004100390032,19,1231,-1212,5.38,2,sell
7/27,2412,新加坡商瑞銀,1650,1382,186,1196,5.31,3,buy
7/27,2412,臺銀,1040,2,676,-674,2.99,3,sell
7/27,2412,花旗環球,1590,1147,65,1082,4.81,4,buy
7/27,2412,華南永昌-中正,9359,1203,1807,-604,2.68,4,sell
7/27,2412,摩根大通,8440,1761,1010,751,3.34,5,buy
7/27,2412,統一,5850,0,503,-503,2.23,5,sell
7/27,2412,美林,1440,823,93,730,3.24,6,buy
7/27,2412,台新-台北,0039004200320030,60,505,-445,1.98,6,sell
7/27,2412,凱基-台北,9268,3206,2507,699,3.11,7,buy
7/27,2412,彰銀,1230,1,407,-406,1.8,7,sell
7/27,2412,港商野村,1560,503,0,503,2.23,8,buy
7/27,2412,富邦-敦南,9663,0,315,-315,1.4,8,sell
7/27,2412,第一金,5380,285,3,282,1.25,9,buy
7/27,2412,香港上海匯豐,8960,0,230,-230,1.02,9,sell
7/27,2412,永豐金證券,0039004100300030,271,45,226,1.0,10,buy
7/27,2412,元大-板橋三民,9879,1,175,-174,0.77,10,sell
7/27,2412,國泰證券,8880,183,0,183,0.81,11,buy
7/27,2412,康和-南崁,0038003400350053,0,152,-152,0.68,11,sell
7/27,2412,華南永昌,9300,190,8,182,0.81,12,buy
7/27,2412,臺銀-臺南,1042,0,146,-146,0.65,12,sell
7/27,2412,富邦證券,9600,171,5,166,0.74,13,buy
7/27,2412,新光,8560,6,131,-125,0.56,13,sell
7/27,2412,永豐金-埔里,0039004100370039,141,16,125,0.56,14,buy
7/27,2412,凱基-豐中,9223,0,125,-125,0.56,14,sell
7/27,2412,法銀巴黎,8900,93,0,93,0.41,15,buy
7/27,2412,元大-土城永寧,9875,6,118,-112,0.5,15,sell
7/27,2883,摩根大通,8440,6751,529,6222,20.85,1,buy
7/27,2883,美林,1440,1466,7229,-5763,19.31,1,sell
7/27,2883,花旗環球,1590,2749,349,2400,8.04,2,buy
7/27,2883,凱基-台北,9268,682,1870,-1188,3.98,2,sell
7/27,2883,元大證券,9800,2282,907,1375,4.61,3,buy
7/27,2883,國泰證券,8880,25,943,-918,3.08,3,sell
7/27,2883,美商高盛,1480,4887,3705,1182,3.96,4,buy
7/27,2883,國泰-敦南,8888,55,531,-476,1.6,4,sell
7/27,2883,永豐金證券,0039004100300030,1234,73,1161,3.89,5,buy
7/27,2883,群益金鼎-高雄,9183,0,311,-311,1.04,5,sell
7/27,2883,台灣摩根士丹利,1470,2648,1969,679,2.28,6,buy
7/27,2883,第一金-忠孝,0035003300380044,6,260,-254,0.85,6,sell
7/27,2883,新加坡商瑞銀,1650,1051,561,490,1.64,7,buy
7/27,2883,康和-台南,8458,0,232,-232,0.78,7,sell
7/27,2883,法銀巴黎,8900,484,0,484,1.62,8,buy
7/27,2883,元大-竹科,003900380030004b,3,214,-211,0.71,8,sell
7/27,2883,(牛牛牛)亞證券,6010,280,0,280,0.94,9,buy
7/27,2883,凱基-站前,0039003200300046,12,214,-202,0.68,9,sell
7/27,2883,港商麥格理,1360,269,0,269,0.9,10,buy
7/27,2883,統一-士林,003500380035004d,1,200,-199,0.67,10,sell
7/27,2883,土銀-嘉義,1034,251,4,247,0.83,11,buy
7/27,2883,華南永昌-麻豆,9308,0,154,-154,0.52,11,sell
7/27,2883,福勝,6950,210,39,171,0.57,12,buy
7/27,2883,富邦-南京,0039003600310043,0,152,-152,0.51,12,sell
7/27,2883,台新-林園,0039004200320037,100,37,63,0.21,13,buy
7/27,2883,港商野村,1560,81,227,-146,0.49,13,sell
7/27,2883,群益金鼎,9100,291,241,50,0.17,14,buy
7/27,2883,群益金鼎-士林,9137,12,138,-126,0.42,14,sell
7/27,2883,台新-城中,0039004200320045,80,30,50,0.17,15,buy
7/27,2883,元大-沙鹿,0039003800300064,11,124,-113,0.38,15,sell
7/27,2884,美商高盛,1480,6082,1985,4097,13.85,1,buy
7/27,2884,華南永昌-中正,9359,14,3200,-3186,10.77,1,sell
7/27,2884,摩根大通,8440,3202,412,2790,9.43,2,buy
7/27,2884,元大證券,9800,1708,4837,-3129,10.58,2,sell
7/27,2884,花旗環球,1590,2706,596,2110,7.13,3,buy
7/27,2884,臺銀,1040,3,1457,-1454,4.92,3,sell
7/27,2884,台灣摩根士丹利,1470,1543,169,1374,4.65,4,buy
7/27,2884,國泰證券,8880,194,1009,-815,2.76,4,sell
7/27,2884,玉山證券,8840,1650,474,1176,3.98,5,buy
7/27,2884,永豐金-竹科,0039004100390058,1,507,-506,1.71,5,sell
7/27,2884,永豐金證券,0039004100300030,1086,195,891,3.01,6,buy
7/27,2884,美林,1440,1163,1538,-375,1.27,6,sell
7/27,2884,港商野村,1560,717,6,711,2.4,7,buy
7/27,2884,國泰-敦南,8888,79,394,-315,1.07,7,sell
7/27,2884,凱基-中壢,9285,692,7,685,2.32,8,buy
7/27,2884,富邦-南京,0039003600310043,0,270,-270,0.91,8,sell
7/27,2884,法銀巴黎,8900,475,0,475,1.61,9,buy
7/27,2884,玉山-新莊,8842,3,269,-266,0.9,9,sell
7/27,2884,新加坡商瑞銀,1650,1762,1394,368,1.24,10,buy
7/27,2884,台新-台中,0039004200310068,11,260,-249,0.84,10,sell
7/27,2884,元大-東泰,9817,319,56,263,0.89,11,buy
7/27,2884,華南永昌-鳳山,9331,1,206,-205,0.69,11,sell
7/27,2884,大和國泰,8890,262,0,262,0.89,12,buy
7/27,2884,統一-新台中,0035003800350044,0,181,-181,0.61,12,sell
7/27,2884,(牛牛牛)亞證券,6010,235,0,235,0.79,13,buy
7/27,2884,群益金鼎,9100,247,416,-169,0.57,13,sell
7/27,2884,康和,8450,225,1,224,0.76,14,buy
7/27,2884,新光,8560,11,138,-127,0.43,14,sell
7/27,2884,統一-士林,003500380035004d,151,5,146,0.49,15,buy
7/27,2884,富邦-頭份,0039003600320050,0,114,-114,0.39,15,sell
7/27,2887,凱基-台北,9268,6226,1010,5216,12.89,1,buy
7/27,2887,新加坡商瑞銀,1650,719,4560,-3841,9.49,1,sell
7/27,2887,元大證券,9800,4449,988,3461,8.55,2,buy
7/27,2887,台灣摩根士丹利,1470,1029,3530,-2501,6.18,2,sell
7/27,2887,花旗環球,1590,4049,703,3346,8.27,3,buy
7/27,2887,港商麥格理,1360,0,1657,-1657,4.1,3,sell
7/27,2887,摩根大通,8440,5437,2365,3072,7.59,4,buy
7/27,2887,兆豐證券,7000,0,1034,-1034,2.56,4,sell
7/27,2887,元大-南屯,9853,1719,17,1702,4.21,5,buy
7/27,2887,彰銀,1230,1,801,-800,1.98,5,sell
7/27,2887,永豐金證券,0039004100300030,1645,133,1512,3.74,6,buy
7/27,2887,富邦-陽明,9604,68,806,-738,1.82,6,sell
7/27,2887,法銀巴黎,8900,1284,0,1284,3.17,7,buy
7/27,2887,中國信託,6160,190,825,-635,1.57,7,sell
7/27,2887,港商野村,1560,861,0,861,2.13,8,buy
7/27,2887,美商高盛,1480,4169,4798,-629,1.55,8,sell
7/27,2887,(牛牛牛)亞證券,6010,480,0,480,1.19,9,buy
7/27,2887,國泰-台中,8882,218,668,-450,1.11,9,sell
7/27,2887,兆豐-台中港,7005,321,7,314,0.78,10,buy
7/27,2887,國泰-敦南,8888,147,404,-257,0.64,10,sell
7/27,2887,凱基,9200,277,3,274,0.68,11,buy
7/27,2887,新光,8560,63,316,-253,0.63,11,sell
7/27,2887,美林,1440,1500,1241,259,0.64,12,buy
7/27,2887,臺銀-民權,1043,2,229,-227,0.56,12,sell
7/27,2887,第一金-豐原,003500330038004e,154,2,152,0.38,13,buy
7/27,2887,統一-台中,5856,0,192,-192,0.47,13,sell
7/27,2887,大和國泰,8890,103,0,103,0.25,14,buy
7/27,2887,群益金鼎-彰化,9187,13,200,-187,0.46,14,sell
7/27,2887,宏遠證券,1260,89,1,88,0.22,15,buy
7/27,2887,玉山-嘉義,8848,1,184,-183,0.45,15,sell
7/27,3231,摩根大通,8440,6798,3998,2800,2.57,1,buy
7/27,3231,新加坡商瑞銀,1650,2650,6204,-3554,3.26,1,sell
7/27,3231,美林,1440,3119,1228,1891,1.73,2,buy
7/27,3231,凱基-台北,9268,4431,5910,-1479,1.36,2,sell
7/27,3231,花旗環球,1590,1922,496,1426,1.31,3,buy
7/27,3231,元大證券,9800,10294,11446,-1152,1.06,3,sell
7/27,3231,富邦證券,9600,3141,2094,1047,0.96,4,buy
7/27,3231,凱基-士林,9238,3384,4476,-1092,1.0,4,sell
7/27,3231,永豐金證券,0039004100300030,2128,1111,1017,0.93,5,buy
7/27,3231,台新-中原,0039004200320067,32,881,-849,0.78,5,sell
7/27,3231,港商野村,1560,474,34,440,0.4,6,buy
7/27,3231,臺銀,1040,74,797,-723,0.66,6,sell
7/27,3231,永豐金-萬盛,0039004100390032,732,308,424,0.39,7,buy
7/27,3231,大和國泰,8890,0,628,-628,0.58,7,sell
7/27,3231,香港上海匯豐,8960,647,240,407,0.37,8,buy
7/27,3231,台新-台北,0039004200320030,61,589,-528,0.48,8,sell
7/27,3231,群益金鼎,9100,1292,931,361,0.33,9,buy
7/27,3231,華南永昌-中正,9359,80,603,-523,0.48,9,sell
7/27,3231,凱基,9200,760,407,353,0.32,10,buy
7/27,3231,富邦-南京,0039003600310043,128,609,-481,0.44,10,sell
7/27,3231,台灣摩根士丹利,1470,6455,6159,296,0.27,11,buy
7/27,3231,群益金鼎-中壢,0039003100380041,27,446,-419,0.38,11,sell
7/27,3231,兆豐證券,7000,355,78,277,0.25,12,buy
7/27,3231,華南永昌-高雄,9303,39,235,-196,0.18,12,sell
7/27,3231,玉山-高雄,8843,513,249,264,0.24,13,buy
7/27,3231,富邦-建國,9658,190,376,-186,0.17,13,sell
7/27,3231,永豐金-內湖,0039004100390067,342,115,227,0.21,14,buy
7/27,3231,美商高盛,1480,7228,7407,-179,0.16,14,sell
7/27,3231,兆豐-忠孝,0037003000300061,230,26,204,0.19,15,buy
7/27,3231,國泰證券,8880,1450,1628,-178,0.16,15,sell
7/27,2890,港商麥格理,1360,11534,0,11534,25.09,1,buy
7/27,2890,土銀,1030,2,7303,-7301,15.88,1,sell
7/27,2890,花旗環球,1590,3098,250,2848,6.2,2,buy
7/27,2890,美林,1440,312,1874,-1562,3.4,2,sell
7/27,2890,摩根大通,8440,3409,1527,1882,4.09,3,buy
7/27,2890,新加坡商瑞銀,1650,2792,4206,-1414,3.08,3,sell
7/27,2890,元大證券,9800,2813,1008,1805,3.93,4,buy
7/27,2890,第一金-高雄,5383,60,1267,-1207,2.63,4,sell
7/27,2890,法銀巴黎,8900,1066,0,1066,2.32,5,buy
7/27,2890,中國信託,6160,30,1004,-974,2.12,5,sell
7/27,2890,凱基-台北,9268,2428,1759,669,1.46,6,buy
7/27,2890,永豐金證券,0039004100300030,341,1309,-968,2.11,6,sell
7/27,2890,美商高盛,1480,8353,7842,511,1.11,7,buy
7/27,2890,凱基,9200,169,1000,-831,1.81,7,sell
7/27,2890,國泰-敦南,8888,486,162,324,0.7,8,buy
7/27,2890,港商野村,1560,134,859,-725,1.58,8,sell
7/27,2890,群益金鼎,9100,824,527,297,0.65,9,buy
7/27,2890,台新,0039004200300030,33,639,-606,1.32,9,sell
7/27,2890,(牛牛牛)亞證券,6010,250,0,250,0.54,10,buy
7/27,2890,富邦-台中,003900360035004b,1,605,-604,1.31,10,sell
7/27,2890,大和國泰,8890,228,0,228,0.5,11,buy
7/27,2890,元大-忠孝,9871,0,589,-589,1.28,11,sell
7/27,2890,新光,8560,137,60,77,0.17,12,buy
7/27,2890,台灣摩根士丹利,1470,3676,4171,-495,1.08,12,sell
7/27,2890,富邦-板橋,9655,96,27,69,0.15,13,buy
7/27,2890,富邦-敦南,9663,2,239,-237,0.52,13,sell
7/27,2890,宏遠證券,1260,58,0,58,0.13,14,buy
7/27,2890,福勝,6950,3,206,-203,0.44,14,sell
7/27,2890,國泰證券,8880,61,10,51,0.11,15,buy
7/27,2890,元大-大里,0039003800310067,1,132,-131,0.28,15,sell
7/27,2892,台新,0039004200300030,8643,37,8606,22.22,1,buy
7/27,2892,凱基,9200,519,3010,-2491,6.43,1,sell
7/27,2892,國泰證券,8880,2932,0,2932,7.57,2,buy
7/27,2892,京城-嘉義,8492,10,2204,-2194,5.66,2,sell
7/27,2892,花旗環球,1590,1851,398,1453,3.75,3,buy
7/27,2892,美商高盛,1480,2159,4092,-1933,4.99,3,sell
7/27,2892,凱基-台北,9268,2215,929,1286,3.32,4,buy
7/27,2892,元大-龍潭,9858,0,1153,-1153,2.98,4,sell
7/27,2892,元大證券,9800,2254,1334,920,2.38,5,buy
7/27,2892,永豐金-匯立,0039004100380031,0,671,-671,1.73,5,sell
7/27,2892,富邦證券,9600,874,2,872,2.25,6,buy
7/27,2892,台灣企銀-嘉義,1114,0,665,-665,1.72,6,sell
7/27,2892,台灣摩根士丹利,1470,2713,2063,650,1.68,7,buy
7/27,2892,統一,5850,14,480,-466,1.2,7,sell
7/27,2892,永豐金證券,0039004100300030,642,56,586,1.51,8,buy
7/27,2892,第一金-中山,5389,4,446,-442,1.14,8,sell
7/27,2892,摩根大通,8440,2097,1560,537,1.39,9,buy
7/27,2892,兆豐-北高雄,0037003000300049,0,366,-366,0.94,9,sell
7/27,2892,福邦證券,6480,530,1,529,1.37,10,buy
7/27,2892,第一金-安和,003500330038006a,0,299,-299,0.77,10,sell
7/27,2892,兆豐-鹿港,0037003000300066,501,3,498,1.29,11,buy
7/27,2892,凱基-埔墘,9288,0,233,-233,0.6,11,sell
7/27,2892,元大-六合,0039003800320043,500,4,496,1.28,12,buy
7/27,2892,第一金-忠孝,0035003300380044,76,302,-226,0.58,12,sell
7/27,2892,新光,8560,463,167,296,0.76,13,buy
7/27,2892,元大-蘆洲中正,0039003800390049,0,221,-221,0.57,13,sell
7/27,2892,法銀巴黎,8900,270,0,270,0.7,14,buy
7/27,2892,元大-東泰,9817,1,210,-209,0.54,14,sell
7/27,2892,土銀,1030,233,6,227,0.59,15,buy
7/27,2892,元大-莒光,003900380031004c,0,180,-180,0.46,15,sell
7/27,5880,台灣摩根士丹利,1470,4146,163,3983,17.12,1,buy
7/27,5880,元大-文心興安,9854,1,1876,-1875,8.06,1,sell
7/27,5880,摩根大通,8440,2826,385,2441,10.49,2,buy
7/27,5880,國泰-台中,8882,0,1054,-1054,4.53,2,sell
7/27,5880,凱基-台北,9268,2685,369,2316,9.95,3,buy
7/27,5880,元大-花蓮,9856,0,790,-790,3.4,3,sell
7/27,5880,花旗環球,1590,2187,190,1997,8.58,4,buy
7/27,5880,國泰-敦南,8888,56,585,-529,2.27,4,sell
7/27,5880,美商高盛,1480,1965,252,1713,7.36,5,buy
7/27,5880,元大-忠孝,9871,3,388,-385,1.65,5,sell
7/27,5880,新加坡商瑞銀,1650,1698,309,1389,5.97,6,buy
7/27,5880,臺銀-金山,0031003000340044,0,326,-326,1.4,6,sell
7/27,5880,港商野村,1560,1253,0,1253,5.39,7,buy
7/27,5880,兆豐-台中港,7005,14,324,-310,1.33,7,sell
7/27,5880,永豐金證券,0039004100300030,755,42,713,3.06,8,buy
7/27,5880,富邦-高雄,9659,1,264,-263,1.13,8,sell
7/27,5880,元大證券,9800,832,197,635,2.73,9,buy
7/27,5880,玉山-新竹,0038003800340048,0,253,-253,1.09,9,sell
7/27,5880,美林,1440,742,310,432,1.86,10,buy
7/27,5880,台新-新店,0039004200320032,0,241,-241,1.04,10,sell
7/27,5880,兆豐-埔墘,003700300030004e,400,0,400,1.72,11,buy
7/27,5880,合庫證券,1020,24,251,-227,0.98,11,sell
7/27,5880,法銀巴黎,8900,345,0,345,1.48,12,buy
7/27,5880,聯邦-大業,8586,0,221,-221,0.95,12,sell
7/27,5880,群益金鼎-新竹,9186,300,18,282,1.21,13,buy
7/27,5880,華南永昌-東昇,9386,0,220,-220,0.95,13,sell
7/27,5880,(牛牛牛)亞證券,6010,188,0,188,0.81,14,buy
7/27,5880,土銀-彰化,0031003000330042,40,255,-215,0.92,14,sell
7/27,5880,大和國泰,8890,180,0,180,0.77,15,buy
7/27,5880,永豐金-永康,0039004100390063,0,202,-202,0.87,15,sell
7/27,2886,台新,0039004200300030,6158,325,5833,18.83,1,buy
7/27,2886,新加坡商瑞銀,1650,395,2748,-2353,7.6,1,sell
7/27,2886,花旗環球,1590,2277,225,2052,6.62,2,buy
7/27,2886,美商高盛,1480,1218,3143,-1925,6.21,2,sell
7/27,2886,中國信託,6160,1593,39,1554,5.02,3,buy
7/27,2886,凱基,9200,149,2010,-1861,6.01,3,sell
7/27,2886,永豐金證券,0039004100300030,1357,61,1296,4.18,4,buy
7/27,2886,凱基-台北,9268,1454,2649,-1195,3.86,4,sell
7/27,2886,國泰證券,8880,1239,2,1237,3.99,5,buy
7/27,2886,美林,1440,687,1136,-449,1.45,5,sell
7/27,2886,台灣摩根士丹利,1470,2350,1188,1162,3.75,6,buy
7/27,2886,臺銀-臺南,1042,307,670,-363,1.17,6,sell
7/27,2886,統一,5850,982,6,976,3.15,7,buy
7/27,2886,元大-北屯,0039003800390064,2,249,-247,0.8,7,sell
7/27,2886,元大證券,9800,2477,1968,509,1.64,8,buy
7/27,2886,新光,8560,5,244,-239,0.77,8,sell
7/27,2886,法銀巴黎,8900,378,0,378,1.22,9,buy
7/27,2886,凱基-台中,9204,0,215,-215,0.69,9,sell
7/27,2886,(牛牛牛)亞證券,6010,250,0,250,0.81,10,buy
7/27,2886,第一金-頭份,0035003300380049,0,201,-201,0.65,10,sell
7/27,2886,富邦證券,9600,211,0,211,0.68,11,buy
7/27,2886,群益金鼎-中壢,0039003100380041,5,202,-197,0.64,11,sell
7/27,2886,大和國泰,8890,204,0,204,0.66,12,buy
7/27,2886,國泰-敦南,8888,66,238,-172,0.56,12,sell
7/27,2886,富隆證券,5110,200,0,200,0.65,13,buy
7/27,2886,華南永昌-小港,9323,0,170,-170,0.55,13,sell
7/27,2886,華南永昌,9300,207,40,167,0.54,14,buy
7/27,2886,臺銀-高雄,0031003000340043,19,173,-154,0.5,14,sell
7/27,2886,摩根大通,8440,2133,1991,142,0.46,15,buy
7/27,2886,群益金鼎,9100,2213,2341,-128,0.41,15,sell
7/27,2867,統一,5850,10000,0,10000,37.64,1,buy
7/27,2867,群益金鼎,9100,146,10146,-10000,37.64,1,sell
7/27,2867,元大證券,9800,6847,1373,5474,20.61,2,buy
7/27,2867,凱基-台北,9268,2107,6493,-4386,16.51,2,sell
7/27,2867,永豐金證券,0039004100300030,900,27,873,3.29,3,buy
7/27,2867,兆豐-大同,0037003000300053,0,3000,-3000,11.29,3,sell
7/27,2867,凱基,9200,612,0,612,2.3,4,buy
7/27,2867,美商高盛,1480,199,734,-535,2.01,4,sell
7/27,2867,台灣摩根士丹利,1470,1306,796,510,1.92,5,buy
7/27,2867,國票-台中,0037003700390076,0,285,-285,1.07,5,sell
7/27,2867,摩根大通,8440,385,68,317,1.19,6,buy
7/27,2867,凱基-林口,9257,0,210,-210,0.79,6,sell
7/27,2867,康和,8450,274,0,274,1.03,7,buy
7/27,2867,台新-城中,0039004200320045,0,158,-158,0.59,7,sell
7/27,2867,法銀巴黎,8900,251,0,251,0.94,8,buy
7/27,2867,統一-高雄,5851,0,120,-120,0.45,8,sell
7/27,2867,台灣企銀-岡山,1119,200,0,200,0.75,9,buy
7/27,2867,凱基-台中,9204,0,101,-101,0.38,9,sell
7/27,2867,美林,1440,247,47,200,0.75,10,buy
7/27,2867,康和-屏東,0038003400350058,0,85,-85,0.32,10,sell
7/27,2867,新加坡商瑞銀,1650,369,194,175,0.66,11,buy
7/27,2867,富邦-板橋,9655,7,90,-83,0.31,11,sell
7/27,2867,花旗環球,1590,160,0,160,0.6,12,buy
7/27,2867,富邦-仁愛,9676,0,82,-82,0.31,12,sell
7/27,2867,群益金鼎-東大,9135,123,0,123,0.46,13,buy
7/27,2867,香港上海匯豐,8960,0,81,-81,0.3,13,sell
7/27,2867,元大-內湖民權,9867,114,0,114,0.43,14,buy
7/27,2867,元大-六合,0039003800320043,0,79,-79,0.3,14,sell
7/27,2867,凱基-中壢,9285,103,0,103,0.39,15,buy
7/27,2867,元大-台中中港,0039003800390042,0,70,-70,0.26,15,sell
7/27,6505,美林,1440,1165,296,869,2.16,1,buy
7/27,6505,凱基-台北,9268,2899,4472,-1573,3.9,1,sell
7/27,6505,美商高盛,1480,2203,1539,664,1.65,2,buy
7/27,6505,富邦證券,9600,38,1405,-1367,3.39,2,sell
7/27,6505,摩根大通,8440,1460,868,592,1.47,3,buy
7/27,6505,玉山-新莊,8842,16,714,-698,1.73,3,sell
7/27,6505,花旗環球,1590,496,0,496,1.23,4,buy
7/27,6505,台新-西松,003900420032006e,135,747,-612,1.52,4,sell
7/27,6505,台新-台北,0039004200320030,401,22,379,0.94,5,buy
7/27,6505,永豐金-信義,0039004100390052,5,590,-585,1.45,5,sell
7/27,6505,元大-林園,003900380031004b,333,21,312,0.77,6,buy
7/27,6505,華南永昌,9300,47,577,-530,1.31,6,sell
7/27,6505,中國信託-文心,6164,344,33,311,0.77,7,buy
7/27,6505,統一-竹南,003500380035006d,4,504,-500,1.24,7,sell
7/27,6505,統一-內湖,0035003800350062,313,2,311,0.77,8,buy
7/27,6505,永豐金證券,0039004100300030,271,752,-481,1.19,8,sell
7/27,6505,港商野村,1560,276,28,248,0.62,9,buy
7/27,6505,永豐金-虎尾,0039004100390062,5,307,-302,0.75,9,sell
7/27,6505,台新-新營,0039004200310031,252,9,243,0.6,10,buy
7/27,6505,兆豐-台中,7003,23,302,-279,0.69,10,sell
7/27,6505,元大-大同,0039003800390047,232,15,217,0.54,11,buy
7/27,6505,元大-南京,9862,42,303,-261,0.65,11,sell
7/27,6505,富邦-南京,0039003600310043,271,63,208,0.52,12,buy
7/27,6505,國泰-敦南,8888,1070,1325,-255,0.63,12,sell
7/27,6505,香港上海匯豐,8960,200,0,200,0.5,13,buy
7/27,6505,富邦-內湖,9627,29,208,-179,0.44,13,sell
7/27,6505,玉山-嘉義,8848,214,21,193,0.48,14,buy
7/27,6505,統一-三重,003500380035004a,28,200,-172,0.43,14,sell
7/27,6505,永豐金-松山,0039004100390031,304,114,190,0.47,15,buy
7/27,6505,光和-嘉義,0036003300380041,7,177,-170,0.42,15,sell
7/27,2812,台灣摩根士丹利,1470,8359,31,8328,23.51,1,buy
7/27,2812,元大-士林,003900380031006a,0,7275,-7275,20.54,1,sell
7/27,2812,美商高盛,1480,4379,17,4362,12.31,2,buy
7/27,2812,台中銀-台北,6115,0,6069,-6069,17.13,2,sell
7/27,2812,凱基-台北,9268,4623,534,4089,11.54,3,buy
7/27,2812,統一-板橋,0035003800350050,0,1700,-1700,4.8,3,sell
7/27,2812,新加坡商瑞銀,1650,2811,108,2703,7.63,4,buy
7/27,2812,富邦-陽明,9604,0,1056,-1056,2.98,4,sell
7/27,2812,美林,1440,1800,75,1725,4.87,5,buy
7/27,2812,元大-竹北,0039003800310042,13,700,-687,1.94,5,sell
7/27,2812,摩根大通,8440,3101,1617,1484,4.19,6,buy
7/27,2812,亞東-台中,2187,0,629,-629,1.78,6,sell
7/27,2812,元大證券,9800,2238,1047,1191,3.36,7,buy
7/27,2812,土銀-嘉義,1034,0,541,-541,1.53,7,sell
7/27,2812,華南永昌,9300,717,13,704,1.99,8,buy
7/27,2812,玉山-台中,0038003800340042,10,448,-438,1.24,8,sell
7/27,2812,永豐金證券,0039004100300030,642,43,599,1.69,9,buy
7/27,2812,國泰-敦南,8888,66,434,-368,1.04,9,sell
7/27,2812,群益金鼎-新竹,9186,530,3,527,1.49,10,buy
7/27,2812,富邦-羅東,9634,0,354,-354,1.0,10,sell
7/27,2812,新光-桃園,8565,605,111,494,1.39,11,buy
7/27,2812,永豐金-市政,0039004100390057,12,314,-302,0.85,11,sell
7/27,2812,花旗環球,1590,420,0,420,1.19,12,buy
7/27,2812,第一金-忠孝,0035003300380044,5,288,-283,0.8,12,sell
7/27,2812,福邦-新竹,6489,200,0,200,0.56,13,buy
7/27,2812,台灣企銀-民雄,0031003100310041,0,250,-250,0.71,13,sell
7/27,2812,(牛牛牛)亞-鑫豐,0036003000310064,199,36,163,0.46,14,buy
7/27,2812,統一,5850,1,250,-249,0.7,14,sell
7/27,2812,港商野村,1560,145,0,145,0.41,15,buy
7/27,2812,富邦-永和,9654,3,238,-235,0.66,15,sell
7/27,2002,摩根大通,8440,6690,818,5872,17.15,1,buy
7/27,2002,凱基-市政,9239,22,666,-644,1.88,1,sell
7/27,2002,台灣摩根士丹利,1470,5538,690,4848,14.16,2,buy
7/27,2002,國泰-敦南,8888,332,868,-536,1.57,2,sell
7/27,2002,美商高盛,1480,4178,559,3619,10.57,3,buy
7/27,2002,臺銀-高雄,0031003000340043,99,607,-508,1.48,3,sell
7/27,2002,花旗環球,1590,1959,205,1754,5.12,4,buy
7/27,2002,凱基-林口,9257,0,457,-457,1.33,4,sell
7/27,2002,凱基-台北,9268,2454,842,1612,4.71,5,buy
7/27,2002,國泰-台中,8882,96,547,-451,1.32,5,sell
7/27,2002,新加坡商瑞銀,1650,1237,827,410,1.2,6,buy
7/27,2002,元大證券,9800,1253,1689,-436,1.27,6,sell
7/27,2002,(牛牛牛)亞-鑫豐,0036003000310064,411,120,291,0.85,7,buy
7/27,2002,元大-羅東,0039003800320041,7,418,-411,1.2,7,sell
7/27,2002,富邦-三重,9677,302,22,280,0.82,8,buy
7/27,2002,元大-大里德芳,0039003800330057,14,391,-377,1.1,8,sell
7/27,2002,華南永昌,9300,278,7,271,0.79,9,buy
7/27,2002,港商野村,1560,19,349,-330,0.96,9,sell
7/27,2002,兆豐證券,7000,268,15,253,0.74,10,buy
7/27,2002,富邦-八德,0039003600330041,0,315,-315,0.92,10,sell
7/27,2002,兆豐-新營,003700300030004b,240,13,227,0.66,11,buy
7/27,2002,台新-大昌,0039004200320044,31,345,-314,0.92,11,sell
7/27,2002,法銀巴黎,8900,202,0,202,0.59,12,buy
7/27,2002,統一-仁愛,0035003800350063,2,300,-298,0.87,12,sell
7/27,2002,凱基,9200,128,0,128,0.37,13,buy
7/27,2002,富邦-嘉義,9692,8,279,-271,0.79,13,sell
7/27,2002,群益金鼎-中港,9138,128,3,125,0.37,14,buy
7/27,2002,富邦-左營,0039003600360046,2,271,-269,0.79,14,sell
7/27,2002,華南永昌-淡水,9316,110,3,107,0.31,15,buy
7/27,2002,統一-永和,0035003800350042,0,260,-260,0.76,15,sell
7/27,1402,富邦證券,9600,2279,0,2279,13.68,1,buy
7/27,1402,兆豐證券,7000,0,2240,-2240,13.45,1,sell
7/27,1402,台灣摩根士丹利,1470,1732,563,1169,7.02,2,buy
7/27,1402,凱基,9200,51,1920,-1869,11.22,2,sell
7/27,1402,港商麥格理,1360,1050,0,1050,6.3,3,buy
7/27,1402,大和國泰,8890,0,1000,-1000,6.0,3,sell
7/27,1402,摩根大通,8440,1873,916,957,5.75,4,buy
7/27,1402,玉山證券,8840,0,734,-734,4.41,4,sell
7/27,1402,花旗環球,1590,853,0,853,5.12,5,buy
7/27,1402,華南永昌,9300,63,702,-639,3.84,5,sell
7/27,1402,凱基-台北,9268,1543,719,824,4.95,6,buy
7/27,1402,香港上海匯豐,8960,0,229,-229,1.37,6,sell
7/27,1402,新加坡商瑞銀,1650,671,188,483,2.9,7,buy
7/27,1402,國泰證券,8880,1028,1249,-221,1.33,7,sell
7/27,1402,美商高盛,1480,1502,1209,293,1.76,8,buy
7/27,1402,臺銀-新竹,1045,0,157,-157,0.94,8,sell
7/27,1402,新光-新竹,8563,302,20,282,1.69,9,buy
7/27,1402,宏遠證券,1260,0,133,-133,0.8,9,sell
7/27,1402,港商野村,1560,103,0,103,0.62,10,buy
7/27,1402,元大-內湖,003900380039004e,0,104,-104,0.62,10,sell
7/27,1402,凱基-市政,9239,101,2,99,0.59,11,buy
7/27,1402,元大-頭份,0039003800330055,0,101,-101,0.61,11,sell
7/27,1402,元大-豐原,9838,83,10,73,0.44,12,buy
7/27,1402,國票-安和,003700370039005a,0,100,-100,0.6,12,sell
7/27,1402,凱基-大里,0039003200300057,69,0,69,0.41,13,buy
7/27,1402,國泰-敦南,8888,7,83,-76,0.46,13,sell
7/27,1402,玉山-台南,8847,64,2,62,0.37,14,buy
7/27,1402,元大-土城永寧,9875,1,64,-63,0.38,14,sell
7/27,1402,元大證券,9800,186,135,51,0.31,15,buy
7/27,1402,國泰-館前,0038003800380041,0,63,-63,0.38,15,sell
7/27,2105,台灣摩根士丹利,1470,755,226,529,5.8,1,buy
7/27,2105,摩根大通,8440,912,2540,-1628,17.86,1,sell
7/27,2105,香港上海匯豐,8960,488,0,488,5.35,2,buy
7/27,2105,新加坡商瑞銀,1650,462,1754,-1292,14.17,2,sell
7/27,2105,美商高盛,1480,1194,814,380,4.17,3,buy
7/27,2105,永豐金證券,0039004100300030,164,775,-611,6.7,3,sell
7/27,2105,花旗環球,1590,263,0,263,2.88,4,buy
7/27,2105,凱基-台北,9268,347,892,-545,5.98,4,sell
7/27,2105,元大證券,9800,365,122,243,2.67,5,buy
7/27,2105,統一,5850,8,258,-250,2.74,5,sell
7/27,2105,港商麥格理,1360,204,0,204,2.24,6,buy
7/27,2105,國泰-敦南,8888,17,156,-139,1.52,6,sell
7/27,2105,統一-高雄,5851,201,1,200,2.19,7,buy
7/27,2105,港商野村,1560,51,188,-137,1.5,7,sell
7/27,2105,新光,8560,151,1,150,1.65,8,buy
7/27,2105,富邦-桃園,9665,7,60,-53,0.58,8,sell
7/27,2105,富邦證券,9600,96,0,96,1.05,9,buy
7/27,2105,富邦-台北,9623,7,44,-37,0.41,9,sell
7/27,2105,法銀巴黎,8900,93,0,93,1.02,10,buy
7/27,2105,統一-員林,0035003800350049,0,36,-36,0.39,10,sell
7/27,2105,台新-虎尾,003900420032004e,100,30,70,0.77,11,buy
7/27,2105,統一-新營,0035003800350045,0,30,-30,0.33,11,sell
7/27,2105,群益金鼎-三民,9188,69,0,69,0.76,12,buy
7/27,2105,元大-內湖民權,9867,5,31,-26,0.29,12,sell
7/27,2105,美林,1440,338,281,57,0.63,13,buy
7/27,2105,台新-松德,0039004200320061,0,20,-20,0.22,13,sell
7/27,2105,元大-新店中正,0039003800340043,50,1,49,0.54,14,buy
7/27,2105,富邦-板橋,9655,21,40,-19,0.21,14,sell
7/27,2105,兆豐-南京,0037003000300050,48,0,48,0.53,15,buy
7/27,2105,(牛牛牛)亞-鑫豐,0036003000310064,5,23,-18,0.2,15,sell
7/27,0050,台灣摩根士丹利,1470,9208,4,9204,8.4,1,buy
7/27,0050,永豐金證券,0039004100300030,3841,38294,-34453,31.43,1,sell
7/27,0050,國泰證券,8880,4015,19,3996,3.65,2,buy
7/27,0050,國票-敦北法人,0037003700390063,14,4574,-4560,4.16,2,sell
7/27,0050,國泰-敦南,8888,3583,1680,1903,1.74,3,buy
7/27,0050,凱基-台北,9268,1422,3706,-2284,2.08,3,sell
7/27,0050,台新,0039004200300030,2071,778,1293,1.18,4,buy
7/27,0050,群益金鼎,9100,1925,3837,-1912,1.74,4,sell
7/27,0050,美林,1440,1072,0,1072,0.98,5,buy
7/27,0050,富邦證券,9600,2365,3818,-1453,1.33,5,sell
7/27,0050,新加坡商瑞銀,1650,3496,2537,959,0.87,6,buy
7/27,0050,華南永昌-大安,9307,43,1108,-1065,0.97,6,sell
7/27,0050,統一,5850,1045,87,958,0.87,7,buy
7/27,0050,兆豐-板橋,0037003000300042,27,988,-961,0.88,7,sell
7/27,0050,永豐金-中正,0039004100390055,854,75,779,0.71,8,buy
7/27,0050,凱基,9200,545,1464,-919,0.84,8,sell
7/27,0050,中國信託,6160,2226,1549,677,0.62,9,buy
7/27,0050,法銀巴黎,8900,0,500,-500,0.46,9,sell
7/27,0050,永豐金-古亭,0039004100390064,590,14,576,0.53,10,buy
7/27,0050,元大證券,9800,23339,23740,-401,0.37,10,sell
7/27,0050,兆豐證券,7000,562,42,520,0.47,11,buy
7/27,0050,(牛牛牛)亞-鑫豐,0036003000310064,107,291,-184,0.17,11,sell
7/27,0050,合庫證券,1020,513,20,493,0.45,12,buy
7/27,0050,統一-松江,003500380035005a,21,186,-165,0.15,12,sell
7/27,0050,臺銀,1040,531,43,488,0.45,13,buy
7/27,0050,元大-內湖民權,9867,161,255,-94,0.09,13,sell
7/27,0050,玉山證券,8840,424,43,381,0.35,14,buy
7/27,0050,聯邦證券,8580,23,110,-87,0.08,14,sell
7/27,0050,國泰-松江,8883,402,35,367,0.33,15,buy
7/27,0050,高橋-內壢,5323,7,89,-82,0.07,15,sell
7/27,0056,凱基-台北,9268,6241,1495,4746,8.12,1,buy
7/27,0056,元大證券,9800,3364,22361,-18997,32.52,1,sell
7/27,0056,新加坡商瑞銀,1650,4758,2208,2550,4.37,2,buy
7/27,0056,台灣摩根士丹利,1470,124,6727,-6603,11.3,2,sell
7/27,0056,摩根大通,8440,2047,0,2047,3.5,3,buy
7/27,0056,永豐金證券,0039004100300030,1840,7321,-5481,9.38,3,sell
7/27,0056,富邦證券,9600,1796,237,1559,2.67,4,buy
7/27,0056,統一,5850,51,1812,-1761,3.01,4,sell
7/27,0056,國泰證券,8880,1195,10,1185,2.03,5,buy
7/27,0056,凱基-頭份,9296,21,975,-954,1.63,5,sell
7/27,0056,國泰-敦南,8888,1929,899,1030,1.76,6,buy
7/27,0056,元大-苑裡,0039003800390061,29,462,-433,0.74,6,sell
7/27,0056,美林,1440,882,0,882,1.51,7,buy
7/27,0056,中國信託,6160,496,833,-337,0.58,7,sell
7/27,0056,玉山-新竹,0038003800340048,506,41,465,0.8,8,buy
7/27,0056,永豐金-竹北,0039004100390050,38,231,-193,0.33,8,sell
7/27,0056,群益金鼎,9100,499,44,455,0.78,9,buy
7/27,0056,華南永昌-彰化,9363,22,206,-184,0.31,9,sell
7/27,0056,玉山證券,8840,426,40,386,0.66,10,buy
7/27,0056,富邦-樹林,0039003600320045,30,173,-143,0.24,10,sell
7/27,0056,台新,0039004200300030,451,127,324,0.55,11,buy
7/27,0056,永豐金-敦南,0039004100380046,93,210,-117,0.2,11,sell
7/27,0056,富邦-建國,9658,389,66,323,0.55,12,buy
7/27,0056,元大-北屯,0039003800390064,48,148,-100,0.17,12,sell
7/27,0056,元大-淡水,9899,297,26,271,0.46,13,buy
7/27,0056,德信-新營,6913,21,117,-96,0.16,13,sell
7/27,0056,國泰-台中,8882,398,131,267,0.46,14,buy
7/27,0056,凱基-員林,9231,10,105,-95,0.16,14,sell
7/27,0056,玉山-台中,0038003800340042,280,29,251,0.43,15,buy
7/27,0056,元大-金華,9878,39,122,-83,0.14,15,sell
7/27,6770,凱基-台北,9268,8674,5973,2701,2.58,1,buy
7/27,6770,美商高盛,1480,5513,12487,-6974,6.66,1,sell
7/27,6770,台灣摩根士丹利,1470,6244,4391,1853,1.77,2,buy
7/27,6770,玉山-桃園,0038003800340046,127,1139,-1012,0.97,2,sell
7/27,6770,港商麥格理,1360,1690,0,1690,1.61,3,buy
7/27,6770,台新-府城,0039004200320039,19,848,-829,0.79,3,sell
7/27,6770,港商野村,1560,1521,225,1296,1.24,4,buy
7/27,6770,群益金鼎,9100,746,1446,-700,0.67,4,sell
7/27,6770,花旗環球,1590,753,84,669,0.64,5,buy
7/27,6770,國泰-台南,8884,183,742,-559,0.53,5,sell
7/27,6770,永豐金證券,0039004100300030,868,476,392,0.37,6,buy
7/27,6770,摩根大通,8440,2270,2823,-553,0.53,6,sell
7/27,6770,國票-新莊,0037003700390047,352,6,346,0.33,7,buy
7/27,6770,新加坡商瑞銀,1650,1566,2043,-477,0.46,7,sell
7/27,6770,群益金鼎-中港,9138,339,40,299,0.29,8,buy
7/27,6770,元大-南屯,9853,20,330,-310,0.3,8,sell
7/27,6770,國票-安和,003700370039005a,350,129,221,0.21,9,buy
7/27,6770,元大-東港,0039003800390066,93,389,-296,0.28,9,sell
7/27,6770,元大-福營,0039003800310046,247,52,195,0.19,10,buy
7/27,6770,富邦-南屯,9666,186,478,-292,0.28,10,sell
7/27,6770,元大-大同,0039003800390047,269,96,173,0.17,11,buy
7/27,6770,凱基-站前,0039003200300046,143,386,-243,0.23,11,sell
7/27,6770,富邦-新竹,9647,302,136,166,0.16,12,buy
7/27,6770,新光-台中,8561,383,624,-241,0.23,12,sell
7/27,6770,華南永昌-麻豆,9308,213,50,163,0.16,13,buy
7/27,6770,群益金鼎-大安,0039003100380065,28,255,-227,0.22,13,sell
7/27,6770,第一金-桃園,5385,265,112,153,0.15,14,buy
7/27,6770,統一-基隆,0035003800350041,135,355,-220,0.21,14,sell
7/27,6770,玉山-嘉義,8848,193,65,128,0.12,15,buy
7/27,6770,統一-平鎮,0035003800350067,26,242,-216,0.21,15,sell
7/27,2344,花旗環球,1590,3152,46,3106,2.81,1,buy
7/27,2344,美商高盛,1480,3543,9948,-6405,5.8,1,sell
7/27,2344,富邦證券,9600,2830,246,2584,2.34,2,buy
7/27,2344,台灣摩根士丹利,1470,4069,8084,-4015,3.64,2,sell
7/27,2344,元大證券,9800,11229,10163,1066,0.97,3,buy
7/27,2344,新加坡商瑞銀,1650,5034,7740,-2706,2.45,3,sell
7/27,2344,永豐金證券,0039004100300030,1243,713,530,0.48,4,buy
7/27,2344,摩根大通,8440,1017,3136,-2119,1.92,4,sell
7/27,2344,康和,8450,531,94,437,0.4,5,buy
7/27,2344,元大-和平,9863,1327,2383,-1056,0.96,5,sell
7/27,2344,永豐金-豐原,0039004100390051,529,117,412,0.37,6,buy
7/27,2344,兆豐-民生,0037003000300063,24,609,-585,0.53,6,sell
7/27,2344,國泰證券,8880,497,162,335,0.3,7,buy
7/27,2344,合庫-高雄,1023,69,385,-316,0.29,7,sell
7/27,2344,合庫-西台中,0031003000320046,343,38,305,0.28,8,buy
7/27,2344,元大-華山,0039003800310055,10,192,-182,0.16,8,sell
7/27,2344,富邦-新竹,9647,383,130,253,0.23,9,buy
7/27,2344,美林,1440,1873,2043,-170,0.15,9,sell
7/27,2344,凱基,9200,449,200,249,0.23,10,buy
7/27,2344,凱基-台南,9211,80,216,-136,0.12,10,sell
7/27,2344,國票-長城,0037003700390075,247,7,240,0.22,11,buy
7/27,2344,凱基-台北,9268,5264,5396,-132,0.12,11,sell
7/27,2344,統一-嘉義,5858,254,52,202,0.18,12,buy
7/27,2344,統一-基隆,0035003800350041,136,263,-127,0.12,12,sell
7/27,2344,群益金鼎-瑞豐,0039003100380075,192,28,164,0.15,13,buy
7/27,2344,富邦-左營,0039003600360046,58,171,-113,0.1,13,sell
7/27,2344,港商野村,1560,523,361,162,0.15,14,buy
7/27,2344,群益金鼎-南京,0039003100380045,28,138,-110,0.1,14,sell
7/27,2344,凱基-大直,9218,181,25,156,0.14,15,buy
7/27,2344,兆豐-南門,0037003000300067,42,147,-105,0.1,15,sell
7/27,2337,台灣摩根士丹利,1470,2193,613,1580,4.22,1,buy
7/27,2337,摩根大通,8440,398,3577,-3179,8.5,1,sell
7/27,2337,永豐金證券,0039004100300030,1177,287,890,2.38,2,buy
7/27,2337,美商高盛,1480,1362,3601,-2239,5.98,2,sell
7/27,2337,凱基-台北,9268,3686,2967,719,1.92,3,buy
7/27,2337,新加坡商瑞銀,1650,1029,1984,-955,2.55,3,sell
7/27,2337,美林,1440,848,182,666,1.78,4,buy
7/27,2337,凱基-中壢,9285,32,813,-781,2.09,4,sell
7/27,2337,富邦-新竹,9647,343,60,283,0.76,5,buy
7/27,2337,第一金-忠孝,0035003300380044,9,367,-358,0.96,5,sell
7/27,2337,兆豐-台中,7003,299,31,268,0.72,6,buy
7/27,2337,富邦-桃園,9665,44,333,-289,0.77,6,sell
7/27,2337,富邦證券,9600,338,99,239,0.64,7,buy
7/27,2337,港商麥格理,1360,0,229,-229,0.61,7,sell
7/27,2337,花旗環球,1590,121,0,121,0.32,8,buy
7/27,2337,統一-基隆,0035003800350041,7,199,-192,0.51,8,sell
7/27,2337,國票-新莊,0037003700390047,131,16,115,0.31,9,buy
7/27,2337,國泰證券,8880,145,297,-152,0.41,9,sell
7/27,2337,統一-松江,003500380035005a,115,0,115,0.31,10,buy
7/27,2337,群益金鼎-丹鳳,0039003100380073,24,118,-94,0.25,10,sell
7/27,2337,統一,5850,249,137,112,0.3,11,buy
7/27,2337,富邦-南屯,9666,20,105,-85,0.23,11,sell
7/27,2337,合庫-高雄,1023,120,10,110,0.29,12,buy
7/27,2337,兆豐-嘉義,7001,12,97,-85,0.23,12,sell
7/27,2337,華南永昌,9300,170,68,102,0.27,13,buy
7/27,2337,華南永昌-基隆,9322,30,95,-65,0.17,13,sell
7/27,2337,土銀-彰化,0031003000330042,105,5,100,0.27,14,buy
7/27,2337,元大證券,9800,3861,3925,-64,0.17,14,sell
7/27,2337,香港上海匯豐,8960,89,0,89,0.24,15,buy
7/27,2337,新光,8560,723,782,-59,0.16,15,sell
7/27,2408,台灣摩根士丹利,1470,5348,2134,3214,3.96,1,buy
7/27,2408,美商高盛,1480,1858,5778,-3920,4.83,1,sell
7/27,2408,花旗環球,1590,2417,504,1913,2.36,2,buy
7/27,2408,摩根大通,8440,956,1812,-856,1.05,2,sell
7/27,2408,富邦證券,9600,1542,253,1289,1.59,3,buy
7/27,2408,第一金-自由,0035003300380045,2114,2856,-742,0.91,3,sell
7/27,2408,富邦-桃園,9665,797,105,692,0.85,4,buy
7/27,2408,統一-新台中,0035003800350044,1164,1873,-709,0.87,4,sell
7/27,2408,永豐金-敦北,0039004100380039,576,22,554,0.68,5,buy
7/27,2408,統一,5850,631,1258,-627,0.77,5,sell
7/27,2408,元大證券,9800,7760,7332,428,0.53,6,buy
7/27,2408,凱基-台北,9268,4842,5465,-623,0.77,6,sell
7/27,2408,群益金鼎,9100,1035,631,404,0.5,7,buy
7/27,2408,合庫-高雄,1023,83,508,-425,0.52,7,sell
7/27,2408,兆豐-民生,0037003000300063,459,58,401,0.49,8,buy
7/27,2408,永豐金證券,0039004100300030,1072,1482,-410,0.5,8,sell
7/27,2408,新加坡商瑞銀,1650,1967,1700,267,0.33,9,buy
7/27,2408,元大-松江,9801,104,422,-318,0.39,9,sell
7/27,2408,國泰證券,8880,268,29,239,0.29,10,buy
7/27,2408,群益金鼎-台北,0039003100380058,7,284,-277,0.34,10,sell
7/27,2408,港商麥格理,1360,236,0,236,0.29,11,buy
7/27,2408,美林,1440,632,817,-185,0.23,11,sell
7/27,2408,凱基,9200,342,108,234,0.29,12,buy
7/27,2408,凱基-台南,9211,38,212,-174,0.21,12,sell
7/27,2408,國票-敦北法人,0037003700390063,236,30,206,0.25,13,buy
7/27,2408,凱基-新豐,9266,46,165,-119,0.15,13,sell
7/27,2408,康和,8450,204,19,185,0.23,14,buy
7/27,2408,玉山證券,8840,195,299,-104,0.13,14,sell
7/27,2408,兆豐-三民,0037003000300068,200,29,171,0.21,15,buy
7/27,2408,新光,8560,583,685,-102,0.13,15,sell
7/27,0052,中國信託,6160,946,91,855,5.34,1,buy
7/27,0052,永豐金證券,0039004100300030,510,3721,-3211,20.04,1,sell
7/27,0052,凱基-台北,9268,944,419,525,3.28,2,buy
7/27,0052,群益金鼎,9100,66,1246,-1180,7.36,2,sell
7/27,0052,元大證券,9800,2588,2223,365,2.28,3,buy
7/27,0052,統一,5850,17,466,-449,2.8,3,sell
7/27,0052,國泰證券,8880,323,5,318,1.98,4,buy
7/27,0052,新加坡商瑞銀,1650,968,1364,-396,2.47,4,sell
7/27,0052,華南永昌-中正,9359,205,0,205,1.28,5,buy
7/27,0052,富邦證券,9600,886,1162,-276,1.72,5,sell
7/27,0052,富邦-樹林,0039003600320045,164,0,164,1.02,6,buy
7/27,0052,玉山-士林,0038003800340041,4,127,-123,0.77,6,sell
7/27,0052,凱基,9200,210,55,155,0.97,7,buy
7/27,0052,新光-新竹,8563,13,111,-98,0.61,7,sell
7/27,0052,宏遠證券,1260,155,1,154,0.96,8,buy
7/27,0052,第一金,5380,10,78,-68,0.42,8,sell
7/27,0052,台灣企銀,1110,128,2,126,0.79,9,buy
7/27,0052,台新,0039004200300030,449,515,-66,0.41,9,sell
7/27,0052,合庫證券,1020,84,3,81,0.51,10,buy
7/27,0052,永豐金-板新,003900410039004a,11,74,-63,0.39,10,sell
7/27,0052,台新-高雄,0039004200310067,94,14,80,0.5,11,buy
7/27,0052,元大-大統,003900380031007a,6,54,-48,0.3,11,sell
7/27,0052,富邦-台北,9623,89,13,76,0.47,12,buy
7/27,0052,凱基-台南,9211,30,77,-47,0.29,12,sell
7/27,0052,富邦-仁愛,9676,80,6,74,0.46,13,buy
7/27,0052,台新-中壢,0039004200310079,6,50,-44,0.27,13,sell
7/27,0052,國票-北投,7792,72,0,72,0.45,14,buy
7/27,0052,群益金鼎-中港,9138,8,49,-41,0.26,14,sell
7/27,0052,國泰-敦南,8888,347,278,69,0.43,15,buy
7/27,0052,台新-大裕,003900420032006c,3,43,-40,0.25,15,sell
7/27,2353,台灣摩根士丹利,1470,5972,1752,4220,21.5,1,buy
7/27,2353,美商高盛,1480,1800,4458,-2658,13.54,1,sell
7/27,2353,美林,1440,1381,185,1196,6.09,2,buy
7/27,2353,富邦證券,9600,51,2042,-1991,10.14,2,sell
7/27,2353,港商麥格理,1360,821,0,821,4.18,3,buy
7/27,2353,凱基-台北,9268,901,2311,-1410,7.18,3,sell
7/27,2353,花旗環球,1590,427,34,393,2.0,4,buy
7/27,2353,新加坡商瑞銀,1650,105,1164,-1059,5.4,4,sell
7/27,2353,元大證券,9800,1398,1093,305,1.55,5,buy
7/27,2353,摩根大通,8440,298,746,-448,2.28,5,sell
7/27,2353,永豐金證券,0039004100300030,193,11,182,0.93,6,buy
7/27,2353,元大-民生三民,0039003800390058,1,320,-319,1.63,6,sell
7/27,2353,華南永昌,9300,151,5,146,0.74,7,buy
7/27,2353,統一,5850,27,224,-197,1.0,7,sell
7/27,2353,兆豐-台南,7006,117,3,114,0.58,8,buy
7/27,2353,元大-台北,0039003800300068,25,215,-190,0.97,8,sell
7/27,2353,合庫-彰化,1028,102,1,101,0.51,9,buy
7/27,2353,國泰-板橋,003800380038004b,22,172,-150,0.76,9,sell
7/27,2353,台新-草屯,0039004200320058,91,0,91,0.46,10,buy
7/27,2353,臺銀-臺南,1042,75,201,-126,0.64,10,sell
7/27,2353,宏遠-民生,1261,75,0,75,0.38,11,buy
7/27,2353,元大-南勢角,0039003800340045,0,118,-118,0.6,11,sell
7/27,2353,永豐金-中正,0039004100390055,91,22,69,0.35,12,buy
7/27,2353,永豐金-市政,0039004100390057,15,97,-82,0.42,12,sell
7/27,2353,華南永昌-南京,9326,76,11,65,0.33,13,buy
7/27,2353,元大-新莊,9898,32,106,-74,0.38,13,sell
7/27,2353,元大-淡水,9899,68,5,63,0.32,14,buy
7/27,2353,富邦-中壢,9636,1,75,-74,0.38,14,sell
7/27,2353,第一金-安和,003500330038006a,66,4,62,0.32,15,buy
7/27,2353,聯邦-三重,8585,0,65,-65,0.33,15,sell
7/27,2324,摩根大通,8440,2755,1195,1560,3.88,1,buy
7/27,2324,美商高盛,1480,2653,4980,-2327,5.79,1,sell
7/27,2324,美林,1440,1841,997,844,2.1,2,buy
7/27,2324,台灣摩根士丹利,1470,3274,5242,-1968,4.89,2,sell
7/27,2324,花旗環球,1590,611,98,513,1.28,3,buy
7/27,2324,元大證券,9800,2502,3332,-830,2.06,3,sell
7/27,2324,新加坡商瑞銀,1650,2433,2038,395,0.98,4,buy
7/27,2324,台新-安南,003900420032005a,21,716,-695,1.73,4,sell
7/27,2324,國票-安和,003700370039005a,399,5,394,0.98,5,buy
7/27,2324,統一,5850,129,785,-656,1.63,5,sell
7/27,2324,永豐金-敦北,0039004100380039,322,2,320,0.8,6,buy
7/27,2324,凱基-台北,9268,2356,2925,-569,1.41,6,sell
7/27,2324,美好-富順,003500320036004b,172,4,168,0.42,7,buy
7/27,2324,永豐金-內湖,0039004100390067,15,327,-312,0.78,7,sell
7/27,2324,凱基-鳳山,9274,138,1,137,0.34,8,buy
7/27,2324,華南永昌-三重,9369,3,203,-200,0.5,8,sell
7/27,2324,中國信託-高雄,003600310036004b,163,41,122,0.3,9,buy
7/27,2324,群益金鼎,9100,890,1044,-154,0.38,9,sell
7/27,2324,元大-中壢,9834,142,23,119,0.3,10,buy
7/27,2324,富邦證券,9600,452,586,-134,0.33,10,sell
7/27,2324,華南永昌,9300,124,10,114,0.28,11,buy
7/27,2324,元大-天母,0039003800310049,17,139,-122,0.3,11,sell
7/27,2324,元大-花蓮,9856,133,19,114,0.28,12,buy
7/27,2324,康和-高雄,003800340035004a,24,102,-78,0.19,12,sell
7/27,2324,國泰-館前,0038003800380041,207,94,113,0.28,13,buy
7/27,2324,元大-敦南,0039003800390050,10,80,-70,0.17,13,sell
7/27,2324,港商麥格理,1360,109,0,109,0.27,14,buy
7/27,2324,玉山-士林,0038003800340041,39,108,-69,0.17,14,sell
7/27,2324,法銀巴黎,8900,104,0,104,0.26,15,buy
7/27,2324,高橋-中壢,5322,3,72,-69,0.17,15,sell
7/27,4938,元大證券,9800,2483,662,1821,14.44,1,buy
7/27,4938,臺銀,1040,2,1266,-1264,10.02,1,sell
7/27,4938,美林,1440,1731,683,1048,8.31,2,buy
7/27,4938,美商高盛,1480,1491,2245,-754,5.98,2,sell
7/27,4938,台灣摩根士丹利,1470,821,454,367,2.91,3,buy
7/27,4938,港商野村,1560,0,745,-745,5.91,3,sell
7/27,4938,花旗環球,1590,392,48,344,2.73,4,buy
7/27,4938,摩根大通,8440,870,1456,-586,4.65,4,sell
7/27,4938,凱基-台北,9268,676,344,332,2.63,5,buy
7/27,4938,永豐金證券,0039004100300030,155,511,-356,2.82,5,sell
7/27,4938,富邦-高雄,9659,160,10,150,1.19,6,buy
7/27,4938,新加坡商瑞銀,1650,225,457,-232,1.84,6,sell
7/27,4938,群益金鼎-東大,9135,126,2,124,0.98,7,buy
7/27,4938,永豐金-敦南,0039004100380046,0,201,-201,1.59,7,sell
7/27,4938,第一金-華江,0035003300380057,128,18,110,0.87,8,buy
7/27,4938,第一金-忠孝,0035003300380044,5,205,-200,1.59,8,sell
7/27,4938,港商麥格理,1360,106,0,106,0.84,9,buy
7/27,4938,華南永昌-古亭,9309,3,105,-102,0.81,9,sell
7/27,4938,國票-南港,7795,100,0,100,0.79,10,buy
7/27,4938,元大-竹北,0039003800310042,4,96,-92,0.73,10,sell
7/27,4938,法銀巴黎,8900,95,6,89,0.71,11,buy
7/27,4938,元大-潮州,003900380031005a,0,51,-51,0.4,11,sell
7/27,4938,統一-松江,003500380035005a,85,0,85,0.67,12,buy
7/27,4938,群益金鼎-大安,0039003100380065,1,51,-50,0.4,12,sell
7/27,4938,統一,5850,88,15,73,0.58,13,buy
7/27,4938,富邦-板橋,9655,20,63,-43,0.34,13,sell
7/27,4938,華南永昌-世貿,9334,58,1,57,0.45,14,buy
7/27,4938,兆豐-大同,0037003000300053,0,41,-41,0.33,14,sell
7/27,4938,台新,0039004200300030,75,23,52,0.41,15,buy
7/27,4938,元大-竹科,003900380030004b,4,42,-38,0.3,15,sell
7/27,6147,台灣摩根士丹利,1470,9755,1977,7778,9.05,1,buy
7/27,6147,富邦證券,9600,2142,9549,-7407,8.62,1,sell
7/27,6147,元大證券,9800,14134,8906,5228,6.08,2,buy
7/27,6147,凱基,9200,843,3676,-2833,3.3,2,sell
7/27,6147,美林,1440,3990,653,3337,3.88,3,buy
7/27,6147,群益金鼎,9100,571,2686,-2115,2.46,3,sell
7/27,6147,凱基-台北,9268,6320,4416,1904,2.21,4,buy
7/27,6147,國泰證券,8880,220,2096,-1876,2.18,4,sell
7/27,6147,新加坡商瑞銀,1650,6285,4387,1898,2.21,5,buy
7/27,6147,國票-敦北法人,0037003700390063,10,1033,-1023,1.19,5,sell
7/27,6147,摩根大通,8440,3453,1838,1615,1.88,6,buy
7/27,6147,元大-內湖,003900380039004e,56,1071,-1015,1.18,6,sell
7/27,6147,美商高盛,1480,3230,1713,1517,1.76,7,buy
7/27,6147,永豐金-敦南,0039004100380046,179,1015,-836,0.97,7,sell
7/27,6147,港商野村,1560,1521,127,1394,1.62,8,buy
7/27,6147,永豐金證券,0039004100300030,1557,2047,-490,0.57,8,sell
7/27,6147,元大-大同,0039003800390047,607,8,599,0.7,9,buy
7/27,6147,合庫-高雄,1023,12,398,-386,0.45,9,sell
7/27,6147,凱基-松山,9217,522,24,498,0.58,10,buy
7/27,6147,國票-安和,003700370039005a,182,560,-378,0.44,10,sell
7/27,6147,法銀巴黎,8900,380,6,374,0.44,11,buy
7/27,6147,群益金鼎-大安,0039003100380065,3,378,-375,0.44,11,sell
7/27,6147,台新-松德,0039004200320061,361,34,327,0.38,12,buy
7/27,6147,台新-西松,003900420032006e,13,374,-361,0.42,12,sell
7/27,6147,永豐金-萬盛,0039004100390032,239,32,207,0.24,13,buy
7/27,6147,中國信託,6160,100,439,-339,0.39,13,sell
7/27,6147,元大-信義安和,0039003800300052,295,120,175,0.2,14,buy
7/27,6147,台新,0039004200300030,376,688,-312,0.36,14,sell
7/27,6147,玉山-新莊,8842,213,61,152,0.18,15,buy
7/27,6147,花旗環球,1590,80,350,-270,0.31,15,sell
7/27,3045,台灣摩根士丹利,1470,3456,132,3324,33.43,1,buy
7/27,3045,玉山證券,8840,18,1651,-1633,16.42,1,sell
7/27,3045,美商高盛,1480,1647,497,1150,11.57,2,buy
7/27,3045,臺銀,1040,3,1043,-1040,10.46,2,sell
7/27,3045,美林,1440,512,11,501,5.04,3,buy
7/27,3045,彰銀,1230,0,800,-800,8.05,3,sell
7/27,3045,凱基-台北,9268,1526,1180,346,3.48,4,buy
7/27,3045,國泰證券,8880,6,800,-794,7.99,4,sell
7/27,3045,新加坡商瑞銀,1650,321,33,288,2.9,5,buy
7/27,3045,華南永昌,9300,0,552,-552,5.55,5,sell
7/27,3045,花旗環球,1590,269,22,247,2.48,6,buy
7/27,3045,群益金鼎,9100,6,408,-402,4.04,6,sell
7/27,3045,元大證券,9800,440,208,232,2.33,7,buy
7/27,3045,統一,5850,4,404,-400,4.02,7,sell
7/27,3045,法銀巴黎,8900,166,0,166,1.67,8,buy
7/27,3045,兆豐證券,7000,3,300,-297,2.99,8,sell
7/27,3045,兆豐-桃園,003700300030004d,270,114,156,1.57,9,buy
7/27,3045,凱基,9200,71,350,-279,2.81,9,sell
7/27,3045,台新-同大,0039004200320050,131,0,131,1.32,10,buy
7/27,3045,華南永昌-桃園,9352,0,174,-174,1.75,10,sell
7/27,3045,永豐金證券,0039004100300030,98,2,96,0.97,11,buy
7/27,3045,國票-和平,003700370039006a,0,98,-98,0.99,11,sell
7/27,3045,摩根大通,8440,331,245,86,0.86,12,buy
7/27,3045,台新-緯城,0039004200320041,0,84,-84,0.84,12,sell
7/27,3045,富邦證券,9600,65,0,65,0.65,13,buy
7/27,3045,永豐金-松山,0039004100390031,0,83,-83,0.83,13,sell
7/27,3045,新光-台南,8564,55,6,49,0.49,14,buy
7/27,3045,兆豐-南門,0037003000300067,0,50,-50,0.5,14,sell
7/27,3045,(牛牛牛)亞證券,6010,42,0,42,0.42,15,buy
7/27,3045,永豐金-信義,0039004100390052,0,50,-50,0.5,15,sell
7/27,3576,美商高盛,1480,259,137,122,1.62,1,buy
7/27,3576,新加坡商瑞銀,1650,88,598,-510,6.75,1,sell
7/27,3576,摩根大通,8440,310,190,120,1.59,2,buy
7/27,3576,兆豐-台中,7003,10,441,-431,5.71,2,sell
7/27,3576,華南永昌-內壢,9337,105,0,105,1.39,3,buy
7/27,3576,台新-文心,003900420032007a,0,216,-216,2.86,3,sell
7/27,3576,元大-竹南,0039003800330056,93,3,90,1.19,4,buy
7/27,3576,永豐金-板盛,0039004100390059,6,221,-215,2.85,4,sell
7/27,3576,美林,1440,88,0,88,1.17,5,buy
7/27,3576,康和,8450,0,203,-203,2.69,5,sell
7/27,3576,元大-成功,003900380039004c,86,0,86,1.14,6,buy
7/27,3576,元大證券,9800,354,496,-142,1.88,6,sell
7/27,3576,凱基-桃園,9208,72,2,70,0.93,7,buy
7/27,3576,新光-高雄,8562,79,173,-94,1.24,7,sell
7/27,3576,富邦-竹東,9625,63,2,61,0.81,8,buy
7/27,3576,國泰-敦南,8888,104,182,-78,1.03,8,sell
7/27,3576,國泰-桃園,8885,68,18,50,0.66,9,buy
7/27,3576,台灣摩根士丹利,1470,133,202,-69,0.91,9,sell
7/27,3576,永豐金-板新,003900410039004a,48,3,45,0.6,10,buy
7/27,3576,凱基-台北,9268,253,315,-62,0.82,10,sell
7/27,3576,中國信託-高雄,003600310036004b,45,1,44,0.58,11,buy
7/27,3576,台新-安南,003900420032005a,2,64,-62,0.82,11,sell
7/27,3576,康和-嘉義,8459,43,0,43,0.57,12,buy
7/27,3576,永豐金-亞灣,0039004100390061,18,80,-62,0.82,12,sell
7/27,3576,富邦-台北,9623,46,3,43,0.57,13,buy
7/27,3576,元大-苑裡,0039003800390061,6,64,-58,0.77,13,sell
7/27,3576,國泰-台中,8882,61,20,41,0.54,14,buy
7/27,3576,新光,8560,41,91,-50,0.66,14,sell
7/27,3576,土銀-台南,1032,41,0,41,0.54,15,buy
7/27,3576,台新-松德,0039004200320061,6,54,-48,0.64,15,sell
7/27,5876,合庫證券,1020,5487,17,5470,23.7,1,buy
7/27,5876,台灣摩根士丹利,1470,1476,2426,-950,4.12,1,sell
7/27,5876,凱基,9200,1737,223,1514,6.56,2,buy
7/27,5876,福邦-新竹,6489,0,888,-888,3.85,2,sell
7/27,5876,美林,1440,2218,704,1514,6.56,3,buy
7/27,5876,華南永昌,9300,87,804,-717,3.11,3,sell
7/27,5876,花旗環球,1590,1546,103,1443,6.25,4,buy
7/27,5876,國泰-忠孝,8887,0,434,-434,1.88,4,sell
7/27,5876,摩根大通,8440,1165,435,730,3.16,5,buy
7/27,5876,玉山證券,8840,23,371,-348,1.51,5,sell
7/27,5876,兆豐證券,7000,692,7,685,2.97,6,buy
7/27,5876,(牛牛牛)亞證券,6010,2,311,-309,1.34,6,sell
7/27,5876,凱基-台北,9268,1205,569,636,2.76,7,buy
7/27,5876,新光,8560,10,307,-297,1.29,7,sell
7/27,5876,香港上海匯豐,8960,582,12,570,2.47,8,buy
7/27,5876,美商高盛,1480,1063,1298,-235,1.02,8,sell
7/27,5876,法銀巴黎,8900,470,0,470,2.04,9,buy
7/27,5876,華南永昌-忠孝,9325,0,203,-203,0.88,9,sell
7/27,5876,元大證券,9800,513,175,338,1.46,10,buy
7/27,5876,統一-內湖,0035003800350062,0,200,-200,0.87,10,sell
7/27,5876,富邦證券,9600,401,127,274,1.19,11,buy
7/27,5876,群益金鼎,9100,11,198,-187,0.81,11,sell
7/27,5876,群益金鼎-新竹,9186,200,0,200,0.87,12,buy
7/27,5876,華南永昌-台中,9302,5,189,-184,0.8,12,sell
7/27,5876,新加坡商瑞銀,1650,917,785,132,0.57,13,buy
7/27,5876,國票-敦北法人,0037003700390063,0,166,-166,0.72,13,sell
7/27,5876,臺銀,1040,132,7,125,0.54,14,buy
7/27,5876,永豐金證券,0039004100300030,140,296,-156,0.68,14,sell
7/27,5876,國泰證券,8880,88,1,87,0.38,15,buy
7/27,5876,永豐金-中壢,0039004100390039,0,155,-155,0.67,15,sell
7/27,2409,美林,1440,3052,329,2723,1.79,1,buy
7/27,2409,永豐金證券,0039004100300030,1020,9217,-8197,5.39,1,sell
7/27,2409,花旗環球,1590,2187,253,1934,1.27,2,buy
7/27,2409,摩根大通,8440,2987,9844,-6857,4.51,2,sell
7/27,2409,合庫-台南,1022,1274,3,1271,0.84,3,buy
7/27,2409,元大證券,9800,12276,16095,-3819,2.51,3,sell
7/27,2409,新加坡商瑞銀,1650,3763,3118,645,0.42,4,buy
7/27,2409,凱基-台北,9268,8572,11245,-2673,1.76,4,sell
7/27,2409,凱基-林口,9257,693,87,606,0.4,5,buy
7/27,2409,凱基-城中,9227,89,2082,-1993,1.31,5,sell
7/27,2409,國泰-敦南,8888,3615,3048,567,0.37,6,buy
7/27,2409,富邦-台北,9623,345,1524,-1179,0.77,6,sell
7/27,2409,北城證券,7750,557,13,544,0.36,7,buy
7/27,2409,富邦-新竹,9647,215,1207,-992,0.65,7,sell
7/27,2409,永興,5600,551,11,540,0.35,8,buy
7/27,2409,國泰證券,8880,39,969,-930,0.61,8,sell
7/27,2409,元大-三民,0039003800390046,519,41,478,0.31,9,buy
7/27,2409,華南永昌,9300,206,1073,-867,0.57,9,sell
7/27,2409,富邦-板橋,9655,820,351,469,0.31,10,buy
7/27,2409,元大-新竹,9816,92,780,-688,0.45,10,sell
7/27,2409,台灣企銀,1110,429,4,425,0.28,11,buy
7/27,2409,康和,8450,22,553,-531,0.35,11,sell
7/27,2409,富邦-新板,0039003600310048,579,199,380,0.25,12,buy
7/27,2409,元大-屏東,9892,123,627,-504,0.33,12,sell
7/27,2409,元大-永和,9891,445,76,369,0.24,13,buy
7/27,2409,第一金-華江,0035003300380057,107,595,-488,0.32,13,sell
7/27,2409,國泰-台中,8882,1114,753,361,0.24,14,buy
7/27,2409,元大-仁愛,003900380033006a,28,407,-379,0.25,14,sell
7/27,2409,富邦-永和,9654,754,403,351,0.23,15,buy
7/27,2409,台灣摩根士丹利,1470,2132,2451,-319,0.21,15,sell
7/27,1303,美商高盛,1480,12621,4293,8328,11.36,1,buy
7/27,1303,國票-敦北法人,0037003700390063,35,2945,-2910,3.97,1,sell
7/27,1303,元大-土城永寧,9875,3903,83,3820,5.21,2,buy
7/27,1303,富邦證券,9600,68,2115,-2047,2.79,2,sell
7/27,1303,新加坡商瑞銀,1650,4400,1461,2939,4.01,3,buy
7/27,1303,花旗環球,1590,951,2989,-2038,2.78,3,sell
7/27,1303,摩根大通,8440,3331,946,2385,3.25,4,buy
7/27,1303,國泰證券,8880,52,1944,-1892,2.58,4,sell
7/27,1303,美林,1440,2193,825,1368,1.87,5,buy
7/27,1303,華南永昌,9300,135,1474,-1339,1.83,5,sell
7/27,1303,台灣摩根士丹利,1470,3099,1860,1239,1.69,6,buy
7/27,1303,港商麥格理,1360,283,1448,-1165,1.59,6,sell
7/27,1303,元大證券,9800,7013,5885,1128,1.54,7,buy
7/27,1303,玉山證券,8840,89,1231,-1142,1.56,7,sell
7/27,1303,凱基-城中,9227,1457,359,1098,1.5,8,buy
7/27,1303,凱基-站前,0039003200300046,103,1233,-1130,1.54,8,sell
7/27,1303,凱基-台北,9268,4175,3585,590,0.8,9,buy
7/27,1303,台灣企銀-太平,1115,17,1080,-1063,1.45,9,sell
7/27,1303,統一,5850,1594,1013,581,0.79,10,buy
7/27,1303,兆豐證券,7000,8,975,-967,1.32,10,sell
7/27,1303,富邦-板橋,9655,482,116,366,0.5,11,buy
7/27,1303,永豐金-匯立,0039004100380031,33,795,-762,1.04,11,sell
7/27,1303,永豐金-大園,0039004100390038,233,35,198,0.27,12,buy
7/27,1303,群益金鼎-內湖,0039003100380064,4,710,-706,0.96,12,sell
7/27,1303,元大-復北,9872,426,284,142,0.19,13,buy
7/27,1303,統一-基隆,0035003800350041,18,554,-536,0.73,13,sell
7/27,1303,新光,8560,467,347,120,0.16,14,buy
7/27,1303,國票-安和,003700370039005a,28,553,-525,0.72,14,sell
7/27,1303,永豐金證券,0039004100300030,1094,990,104,0.14,15,buy
7/27,1303,(牛牛牛)亞證券,6010,1,496,-495,0.68,15,sell
7/27,2801,台灣摩根士丹利,1470,6542,958,5584,15.53,1,buy
7/27,2801,永豐金-匯立,0039004100380031,25,4097,-4072,11.33,1,sell
7/27,2801,美商高盛,1480,5383,22,5361,14.91,2,buy
7/27,2801,凱基-台北,9268,998,2564,-1566,4.36,2,sell
7/27,2801,花旗環球,1590,1979,180,1799,5.0,3,buy
7/27,2801,新加坡商瑞銀,1650,1533,2500,-967,2.69,3,sell
7/27,2801,兆豐證券,7000,1506,0,1506,4.19,4,buy
7/27,2801,美林,1440,370,1320,-950,2.64,4,sell
7/27,2801,永豐金證券,0039004100300030,1470,34,1436,3.99,5,buy
7/27,2801,群益金鼎,9100,283,1080,-797,2.22,5,sell
7/27,2801,中國信託-忠孝,6162,1402,3,1399,3.89,6,buy
7/27,2801,元大-六合,0039003800320043,21,500,-479,1.33,6,sell
7/27,2801,元大證券,9800,1710,457,1253,3.49,7,buy
7/27,2801,國泰證券,8880,24,447,-423,1.18,7,sell
7/27,2801,兆豐-鹿港,0037003000300066,1002,12,990,2.75,8,buy
7/27,2801,元大-新莊,9898,0,422,-422,1.17,8,sell
7/27,2801,台新-城中,0039004200320045,780,10,770,2.14,9,buy
7/27,2801,兆豐-埔墘,003700300030004e,3,420,-417,1.16,9,sell
7/27,2801,統一,5850,1000,511,489,1.36,10,buy
7/27,2801,富邦-永康,003900360031005a,0,408,-408,1.14,10,sell
7/27,2801,元大-高雄,003900380031006d,451,9,442,1.23,11,buy
7/27,2801,合庫-高雄,1023,2,401,-399,1.11,11,sell
7/27,2801,永豐金-南京,0039004100390053,400,33,367,1.02,12,buy
7/27,2801,國泰-敦南,8888,124,498,-374,1.04,12,sell
7/27,2801,第一金-豐原,003500330038004e,289,2,287,0.8,13,buy
7/27,2801,元大-東泰,9817,11,382,-371,1.03,13,sell
7/27,2801,康和-台南,8458,269,2,267,0.74,14,buy
7/27,2801,永豐金-板盛,0039004100390059,1,359,-358,1.0,14,sell
7/27,2801,永豐金-桃園,0039004100390078,326,64,262,0.73,15,buy
7/27,2801,富邦-岡山,9616,4,343,-339,0.94,15,sell
7/27,3702,台灣摩根士丹利,1470,1485,896,589,9.89,1,buy
7/27,3702,港商野村,1560,0,673,-673,11.3,1,sell
7/27,3702,元大證券,9800,451,285,166,2.79,2,buy
7/27,3702,香港上海匯豐,8960,0,403,-403,6.77,2,sell
7/27,3702,國泰證券,8880,132,7,125,2.1,3,buy
7/27,3702,新加坡商瑞銀,1650,324,486,-162,2.72,3,sell
7/27,3702,國泰-忠孝,8887,99,0,99,1.66,4,buy
7/27,3702,美林,1440,82,214,-132,2.22,4,sell
7/27,3702,聯邦證券,8580,132,51,81,1.36,5,buy
7/27,3702,台中銀-豐原,0036003100310041,0,105,-105,1.76,5,sell
7/27,3702,永豐金-古亭,0039004100390064,68,0,68,1.14,6,buy
7/27,3702,美商高盛,1480,236,340,-104,1.75,6,sell
7/27,3702,元大-福營,0039003800310046,61,5,56,0.94,7,buy
7/27,3702,凱基-市府,0039003200300044,0,40,-40,0.67,7,sell
7/27,3702,富邦-青埔,003900360031004e,66,19,47,0.79,8,buy
7/27,3702,群益金鼎,9100,15,48,-33,0.55,8,sell
7/27,3702,永豐金證券,0039004100300030,108,70,38,0.64,9,buy
7/27,3702,第一金,5380,85,116,-31,0.52,9,sell
7/27,3702,永豐金-板新,003900410039004a,40,4,36,0.6,10,buy
7/27,3702,摩根大通,8440,155,186,-31,0.52,10,sell
7/27,3702,富邦-敦南,9663,42,10,32,0.54,11,buy
7/27,3702,台新-敦南,0039004200320051,0,24,-24,0.4,11,sell
7/27,3702,永豐金-天母,0039004100390047,52,22,30,0.5,12,buy
7/27,3702,凱基-台北,9268,223,245,-22,0.37,12,sell
7/27,3702,台新-台南,0039004200310036,28,0,28,0.47,13,buy
7/27,3702,群益金鼎-竹南,0039003100380069,10,30,-20,0.34,13,sell
7/27,3702,富邦證券,9600,187,163,24,0.4,14,buy
7/27,3702,台新-緯城,0039004200320041,4,20,-16,0.27,14,sell
7/27,3702,永豐金-新店,0039004100390069,23,0,23,0.39,15,buy
7/27,3702,元大-北港,9837,1,13,-12,0.2,15,sell
7/27,1101,台灣摩根士丹利,1470,5014,401,4613,13.34,1,buy
7/27,1101,兆豐-鹿港,0037003000300066,0,663,-663,1.92,1,sell
7/27,1101,美商高盛,1480,5734,1822,3912,11.31,2,buy
7/27,1101,臺銀-臺中,0031003000340041,18,648,-630,1.82,2,sell
7/27,1101,美林,1440,2589,21,2568,7.43,3,buy
7/27,1101,華南永昌-中正,9359,0,485,-485,1.4,3,sell
7/27,1101,港商野村,1560,2428,67,2361,6.83,4,buy
7/27,1101,元大-樹林,003900380039006a,0,481,-481,1.39,4,sell
7/27,1101,港商麥格理,1360,1447,229,1218,3.52,5,buy
7/27,1101,元大證券,9800,661,1065,-404,1.17,5,sell
7/27,1101,群益金鼎-大甲,0039003100380067,1034,21,1013,2.93,6,buy
7/27,1101,新光-高雄,8562,11,396,-385,1.11,6,sell
7/27,1101,摩根大通,8440,1546,580,966,2.79,7,buy
7/27,1101,國泰-敦南,8888,241,574,-333,0.96,7,sell
7/27,1101,花旗環球,1590,1192,246,946,2.74,8,buy
7/27,1101,元大-東泰,9817,0,310,-310,0.9,8,sell
7/27,1101,凱基-台北,9268,2440,2101,339,0.98,9,buy
7/27,1101,第一金-員林,5381,5,305,-300,0.87,9,sell
7/27,1101,康和-仁愛,0038003400350046,200,0,200,0.58,10,buy
7/27,1101,台新-信義,0039004200320048,7,301,-294,0.85,10,sell
7/27,1101,凱基,9200,192,0,192,0.56,11,buy
7/27,1101,元大-斗信,9884,3,275,-272,0.79,11,sell
7/27,1101,法銀巴黎,8900,183,0,183,0.53,12,buy
7/27,1101,亞東-台南,2185,0,272,-272,0.79,12,sell
7/27,1101,凱基-北門,9283,202,27,175,0.51,13,buy
7/27,1101,土銀,1030,3,242,-239,0.69,13,sell
7/27,1101,新加坡商瑞銀,1650,1970,1818,152,0.44,14,buy
7/27,1101,新光,8560,125,362,-237,0.69,14,sell
7/27,1101,富邦-台中,003900360035004b,155,30,125,0.36,15,buy
7/27,1101,富邦-中壢,9636,10,245,-235,0.68,15,sell
7/27,1714,凱基-台北,9268,2825,562,2263,13.85,1,buy
7/27,1714,國票-北高雄,003700370039004a,50,2065,-2015,12.33,1,sell
7/27,1714,台灣摩根士丹利,1470,968,387,581,3.56,2,buy
7/27,1714,富邦-建國,9658,8,1264,-1256,7.69,2,sell
7/27,1714,美商高盛,1480,1262,720,542,3.32,3,buy
7/27,1714,國泰-板橋,003800380038004b,28,584,-556,3.4,3,sell
7/27,1714,香港上海匯豐,8960,408,0,408,2.5,4,buy
7/27,1714,凱基-八德,003900320031004d,0,534,-534,3.27,4,sell
7/27,1714,美林,1440,559,152,407,2.49,5,buy
7/27,1714,台新-永和,0039004200320042,0,500,-500,3.06,5,sell
7/27,1714,新加坡商瑞銀,1650,729,373,356,2.18,6,buy
7/27,1714,富邦-南京,0039003600310043,3,300,-297,1.82,6,sell
7/27,1714,港商野村,1560,279,0,279,1.71,7,buy
7/27,1714,富邦-新竹,9647,3,183,-180,1.1,7,sell
7/27,1714,台新-中壢,0039004200310079,200,0,200,1.22,8,buy
7/27,1714,富邦-宜蘭,9686,37,213,-176,1.08,8,sell
7/27,1714,康和-嘉義,8459,202,32,170,1.04,9,buy
7/27,1714,台新,0039004200300030,17,155,-138,0.84,9,sell
7/27,1714,摩根大通,8440,569,399,170,1.04,10,buy
7/27,1714,凱基-中壢,9285,3,110,-107,0.65,10,sell
7/27,1714,群益金鼎-竹南,0039003100380069,166,2,164,1.0,11,buy
7/27,1714,華南永昌-忠孝,9325,0,100,-100,0.61,11,sell
7/27,1714,國泰-敦南,8888,415,256,159,0.97,12,buy
7/27,1714,凱基-竹北,9234,1,95,-94,0.58,12,sell
7/27,1714,元大-大里德芳,0039003800330057,140,1,139,0.85,13,buy
7/27,1714,凱基-台南,9211,17,110,-93,0.57,13,sell
7/27,1714,富邦-台中,003900360035004b,121,0,121,0.74,14,buy
7/27,1714,康和-澎湖,0038003400350045,0,80,-80,0.49,14,sell
7/27,1714,華南永昌-豐原,9366,108,6,102,0.62,15,buy
7/27,1714,元大-華山,0039003800310055,5,85,-80,0.49,15,sell
7/27,2352,統一,5850,516,89,427,7.79,1,buy
7/27,2352,美林,1440,115,487,-372,6.78,1,sell
7/27,2352,美商高盛,1480,502,212,290,5.29,2,buy
7/27,2352,港商野村,1560,34,394,-360,6.56,2,sell
7/27,2352,凱基-台北,9268,441,366,75,1.37,3,buy
7/27,2352,摩根大通,8440,76,414,-338,6.16,3,sell
7/27,2352,富邦-竹東,9625,70,10,60,1.09,4,buy
7/27,2352,台灣摩根士丹利,1470,74,296,-222,4.05,4,sell
7/27,2352,兆豐-永和,0037003000300058,83,30,53,0.97,5,buy
7/27,2352,香港上海匯豐,8960,0,143,-143,2.61,5,sell
7/27,2352,群益金鼎-鳳山,0039003100380063,55,3,52,0.95,6,buy
7/27,2352,統一-三多,0035003800350051,0,108,-108,1.97,6,sell
7/27,2352,第一金-彰化,5386,45,0,45,0.82,7,buy
7/27,2352,台新-高雄,0039004200310067,3,102,-99,1.81,7,sell
7/27,2352,富邦-永和,9654,42,0,42,0.77,8,buy
7/27,2352,新加坡商瑞銀,1650,301,383,-82,1.5,8,sell
7/27,2352,永豐金-桃園,0039004100390078,50,10,40,0.73,9,buy
7/27,2352,花旗環球,1590,31,101,-70,1.28,9,sell
7/27,2352,聯邦-忠孝,8583,35,0,35,0.64,10,buy
7/27,2352,統一-新竹,5857,5,51,-46,0.84,10,sell
7/27,2352,兆豐-新營,003700300030004b,31,0,31,0.57,11,buy
7/27,2352,國票-安和,003700370039005a,0,45,-45,0.82,11,sell
7/27,2352,元大-竹東,0039003800330066,31,0,31,0.57,12,buy
7/27,2352,元大證券,9800,98,141,-43,0.78,12,sell
7/27,2352,永豐金-內湖,0039004100390067,32,1,31,0.57,13,buy
7/27,2352,元大-北港,9837,0,38,-38,0.69,13,sell
7/27,2352,台灣企銀-民雄,0031003100310041,30,0,30,0.55,14,buy
7/27,2352,台中銀-豐原,0036003100310041,0,30,-30,0.55,14,sell
7/27,2352,兆豐-員林,003700300030006b,27,0,27,0.49,15,buy
7/27,2352,元大-太平,0039003800310051,2,32,-30,0.55,15,sell
7/27,2542,凱基,9200,517,0,517,9.99,1,buy
7/27,2542,美林,1440,112,1200,-1088,21.02,1,sell
7/27,2542,兆豐證券,7000,235,0,235,4.54,2,buy
7/27,2542,台灣摩根士丹利,1470,111,1017,-906,17.5,2,sell
7/27,2542,美商高盛,1480,250,75,175,3.38,3,buy
7/27,2542,港商野村,1560,0,257,-257,4.96,3,sell
7/27,2542,摩根大通,8440,483,351,132,2.55,4,buy
7/27,2542,群益金鼎-彰化,9187,1,200,-199,3.84,4,sell
7/27,2542,國泰證券,8880,88,0,88,1.7,5,buy
7/27,2542,元大證券,9800,50,168,-118,2.28,5,sell
7/27,2542,國泰-敦南,8888,104,24,80,1.55,6,buy
7/27,2542,凱基-台北,9268,170,276,-106,2.05,6,sell
7/27,2542,台新-烏日,0039004200320063,53,0,53,1.02,7,buy
7/27,2542,統一-士林,003500380035004d,0,80,-80,1.55,7,sell
7/27,2542,第一金-大稻埕,0035003300380046,50,0,50,0.97,8,buy
7/27,2542,新加坡商瑞銀,1650,192,245,-53,1.02,8,sell
7/27,2542,統一-松江,003500380035005a,50,0,50,0.97,9,buy
7/27,2542,國票-敦北法人,0037003700390063,0,50,-50,0.97,9,sell
7/27,2542,新光,8560,57,13,44,0.85,10,buy
7/27,2542,台新-新店,0039004200320032,0,42,-42,0.81,10,sell
7/27,2542,台新-北中壢,003900420032004c,42,0,42,0.81,11,buy
7/27,2542,國泰-高雄,8881,20,53,-33,0.64,11,sell
7/27,2542,兆豐-忠孝,0037003000300061,41,0,41,0.79,12,buy
7/27,2542,京城-嘉義,8492,1,30,-29,0.56,12,sell
7/27,2542,富邦-陽明,9604,48,8,40,0.77,13,buy
7/27,2542,國泰-新莊,8886,0,28,-28,0.54,13,sell
7/27,2542,元大-旗山,003900380031006e,39,0,39,0.75,14,buy
7/27,2542,永豐金證券,0039004100300030,37,64,-27,0.52,14,sell
7/27,2542,永豐金-內湖,0039004100390067,45,10,35,0.68,15,buy
7/27,2542,群益金鼎-新莊,0039003100380047,0,20,-20,0.39,15,sell
7/27,2880,國泰證券,8880,3578,0,3578,16.29,1,buy
7/27,2880,美林,1440,88,1422,-1334,6.07,1,sell
7/27,2880,富邦證券,9600,1735,2,1733,7.89,2,buy
7/27,2880,台灣摩根士丹利,1470,1940,2899,-959,4.37,2,sell
7/27,2880,摩根大通,8440,2545,1041,1504,6.85,3,buy
7/27,2880,凱基,9200,349,1000,-651,2.96,3,sell
7/27,2880,元大證券,9800,2161,968,1193,5.43,4,buy
7/27,2880,凱基-台北,9268,861,1421,-560,2.55,4,sell
7/27,2880,花旗環球,1590,1526,477,1049,4.78,5,buy
7/27,2880,高橋,5320,1,515,-514,2.34,5,sell
7/27,2880,永豐金證券,0039004100300030,1044,27,1017,4.63,6,buy
7/27,2880,凱基-信義,9216,1,395,-394,1.79,6,sell
7/27,2880,美商高盛,1480,1531,1125,406,1.85,7,buy
7/27,2880,統一,5850,24,363,-339,1.54,7,sell
7/27,2880,新加坡商瑞銀,1650,743,487,256,1.17,8,buy
7/27,2880,新光-桃園,8565,5,236,-231,1.05,8,sell
7/27,2880,富隆證券,5110,200,0,200,0.91,9,buy
7/27,2880,元大-新營,9825,2,233,-231,1.05,9,sell
7/27,2880,凱基-中壢,9285,200,12,188,0.86,10,buy
7/27,2880,香港上海匯豐,8960,55,257,-202,0.92,10,sell
7/27,2880,大和國泰,8890,159,0,159,0.72,11,buy
7/27,2880,華南永昌-中正,9359,14,194,-180,0.82,11,sell
7/27,2880,法銀巴黎,8900,367,208,159,0.72,12,buy
7/27,2880,華南永昌,9300,20,193,-173,0.79,12,sell
7/27,2880,土銀,1030,100,1,99,0.45,13,buy
7/27,2880,凱基-市府,0039003200300044,0,172,-172,0.78,13,sell
7/27,2880,元大-員林中山,9835,101,8,93,0.42,14,buy
7/27,2880,華南永昌-桃園,9352,0,157,-157,0.71,14,sell
7/27,2880,國票證券,7790,60,2,58,0.26,15,buy
7/27,2880,第一金-高雄,5383,0,150,-150,0.68,15,sell
7/27,2610,美林,1440,8506,77,8429,24.74,1,buy
7/27,2610,美商高盛,1480,1032,2287,-1255,3.68,1,sell
7/27,2610,台灣摩根士丹利,1470,5246,2133,3113,9.14,2,buy
7/27,2610,國泰證券,8880,32,1020,-988,2.9,2,sell
7/27,2610,永豐金證券,0039004100300030,2695,341,2354,6.91,3,buy
7/27,2610,國泰-台中,8882,27,862,-835,2.45,3,sell
7/27,2610,摩根大通,8440,2207,794,1413,4.15,4,buy
7/27,2610,新光,8560,32,829,-797,2.34,4,sell
7/27,2610,元大證券,9800,2794,1669,1125,3.3,5,buy
7/27,2610,富邦證券,9600,13,578,-565,1.66,5,sell
7/27,2610,花旗環球,1590,644,0,644,1.89,6,buy
7/27,2610,國泰-敦南,8888,184,560,-376,1.1,6,sell
7/27,2610,元大-東泰,9817,400,22,378,1.11,7,buy
7/27,2610,合庫-台中,1021,5,354,-349,1.02,7,sell
7/27,2610,新加坡商瑞銀,1650,1529,1217,312,0.92,8,buy
7/27,2610,國泰-台南,8884,7,350,-343,1.01,8,sell
7/27,2610,元大-忠孝,9871,310,14,296,0.87,9,buy
7/27,2610,台新,0039004200300030,59,372,-313,0.92,9,sell
7/27,2610,凱基,9200,198,0,198,0.58,10,buy
7/27,2610,富邦-高雄,9659,51,326,-275,0.81,10,sell
7/27,2610,大和國泰,8890,174,0,174,0.51,11,buy
7/27,2610,台新-五權西,0039004200320035,5,194,-189,0.55,11,sell
7/27,2610,玉山-板橋,8846,175,19,156,0.46,12,buy
7/27,2610,兆豐-南門,0037003000300067,0,179,-179,0.53,12,sell
7/27,2610,群益金鼎-新莊,0039003100380047,150,1,149,0.44,13,buy
7/27,2610,凱基-永華,9235,0,170,-170,0.5,13,sell
7/27,2610,凱基-台北,9268,1399,1259,140,0.41,14,buy
7/27,2610,新光-高雄,8562,6,171,-165,0.48,14,sell
7/27,2610,富邦-仁愛,9676,214,115,99,0.29,15,buy
7/27,2610,大昌-新店,6464,0,164,-164,0.48,15,sell
7/27,3706,兆豐-東門,0037003000300048,205,2,203,2.5,1,buy
7/27,3706,摩根大通,8440,222,613,-391,4.82,1,sell
7/27,3706,永豐金證券,0039004100300030,173,22,151,1.86,2,buy
7/27,3706,台灣摩根士丹利,1470,235,570,-335,4.13,2,sell
7/27,3706,富邦證券,9600,209,115,94,1.16,3,buy
7/27,3706,美商高盛,1480,118,310,-192,2.36,3,sell
7/27,3706,富邦-陽明,9604,103,21,82,1.01,4,buy
7/27,3706,群益金鼎-中港,9138,33,160,-127,1.56,4,sell
7/27,3706,元大-桃興,9894,73,4,69,0.85,5,buy
7/27,3706,港商野村,1560,0,110,-110,1.35,5,sell
7/27,3706,新加坡商瑞銀,1650,61,0,61,0.75,6,buy
7/27,3706,港商麥格理,1360,8,110,-102,1.26,6,sell
7/27,3706,花旗環球,1590,57,0,57,0.7,7,buy
7/27,3706,元大證券,9800,343,444,-101,1.24,7,sell
7/27,3706,台新-成功,003900420032006d,53,9,44,0.54,8,buy
7/27,3706,國泰-台中,8882,24,121,-97,1.19,8,sell
7/27,3706,元大-虎尾,003900380030006c,49,5,44,0.54,9,buy
7/27,3706,群益金鼎,9100,230,327,-97,1.19,9,sell
7/27,3706,華南永昌,9300,46,3,43,0.53,10,buy
7/27,3706,康和,8450,0,62,-62,0.76,10,sell
7/27,3706,凱基-台北,9268,549,507,42,0.52,11,buy
7/27,3706,北城證券,7750,5,52,-47,0.58,11,sell
7/27,3706,統一-桃園,0035003800350048,38,2,36,0.44,12,buy
7/27,3706,永豐金-天母,0039004100390047,8,51,-43,0.53,12,sell
7/27,3706,中國信託,6160,76,41,35,0.43,13,buy
7/27,3706,台新-屏東,003900420031006e,12,46,-34,0.42,13,sell
7/27,3706,中國信託-高雄,003600310036004b,36,5,31,0.38,14,buy
7/27,3706,新光,8560,64,97,-33,0.41,14,sell
7/27,3706,華南永昌-斗六,9327,31,1,30,0.37,15,buy
7/27,3706,台新-台南,0039004200310036,3,34,-31,0.38,15,sell
7/27,2027,台灣摩根士丹利,1470,1591,187,1404,6.2,1,buy
7/27,2027,富邦證券,9600,314,3100,-2786,12.31,1,sell
7/27,2027,元大證券,9800,3648,2495,1153,5.09,2,buy
7/27,2027,美林,1440,311,1190,-879,3.88,2,sell
7/27,2027,美商高盛,1480,1521,497,1024,4.52,3,buy
7/27,2027,台新-台南,0039004200310036,207,1031,-824,3.64,3,sell
7/27,2027,凱基-台北,9268,1880,922,958,4.23,4,buy
7/27,2027,康和,8450,1,500,-499,2.2,4,sell
7/27,2027,新加坡商瑞銀,1650,727,9,718,3.17,5,buy
7/27,2027,富邦-基隆,9614,0,386,-386,1.71,5,sell
7/27,2027,永豐金證券,0039004100300030,744,65,679,3.0,6,buy
7/27,2027,元大-北三重,0039003800390056,9,207,-198,0.87,6,sell
7/27,2027,摩根大通,8440,844,314,530,2.34,7,buy
7/27,2027,中國信託,6160,28,219,-191,0.84,7,sell
7/27,2027,國泰證券,8880,396,3,393,1.74,8,buy
7/27,2027,富邦-竹東,9625,1,127,-126,0.56,8,sell
7/27,2027,花旗環球,1590,384,0,384,1.7,9,buy
7/27,2027,永豐金-豐原,0039004100390051,1,117,-116,0.51,9,sell
7/27,2027,凱基,9200,349,0,349,1.54,10,buy
7/27,2027,合庫-台南,1022,8,112,-104,0.46,10,sell
7/27,2027,華南永昌,9300,331,28,303,1.34,11,buy
7/27,2027,合庫-三重,0031003000320047,0,91,-91,0.4,11,sell
7/27,2027,富邦-北港,0039003600390043,306,12,294,1.3,12,buy
7/27,2027,台新-松江,0039004200310035,0,90,-90,0.4,12,sell
7/27,2027,台新-城東,0039004200320072,242,8,234,1.03,13,buy
7/27,2027,凱基-中山,9229,12,90,-78,0.34,13,sell
7/27,2027,富邦-左營,0039003600360046,168,20,148,0.65,14,buy
7/27,2027,華南永昌-小港,9323,3,75,-72,0.32,14,sell
7/27,2027,統一-東湖,0035003800350052,130,4,126,0.56,15,buy
7/27,2027,國泰-敦南,8888,193,258,-65,0.29,15,sell
7/27,2377,港商麥格理,1360,477,0,477,3.35,1,buy
7/27,2377,台灣摩根士丹利,1470,151,1095,-944,6.64,1,sell
7/27,2377,港商野村,1560,506,102,404,2.84,2,buy
7/27,2377,元大-頭份,0039003800330055,77,574,-497,3.5,2,sell
7/27,2377,摩根大通,8440,338,46,292,2.05,3,buy
7/27,2377,元大證券,9800,904,1226,-322,2.26,3,sell
7/27,2377,美林,1440,353,114,239,1.68,4,buy
7/27,2377,凱基-台北,9268,762,1025,-263,1.85,4,sell
7/27,2377,新加坡商瑞銀,1650,884,717,167,1.17,5,buy
7/27,2377,元大-土城,9897,140,387,-247,1.74,5,sell
7/27,2377,永豐金-內湖,0039004100390067,122,15,107,0.75,6,buy
7/27,2377,元大-中壢,9834,16,225,-209,1.47,6,sell
7/27,2377,統一-內湖,0035003800350062,84,2,82,0.58,7,buy
7/27,2377,元大-樹林,003900380039006a,14,135,-121,0.85,7,sell
7/27,2377,台新,0039004200300030,151,83,68,0.48,8,buy
7/27,2377,統一,5850,32,133,-101,0.71,8,sell
7/27,2377,元大-文心興安,9854,82,18,64,0.45,9,buy
7/27,2377,台新-緯城,0039004200320041,8,108,-100,0.7,9,sell
7/27,2377,凱基-板橋,0039003200300041,75,14,61,0.43,10,buy
7/27,2377,玉山-台中,0038003800340042,4,102,-98,0.69,10,sell
7/27,2377,(牛牛牛)亞-鑫豐,0036003000310064,66,10,56,0.39,11,buy
7/27,2377,宏遠-館前,0031003200360055,10,84,-74,0.52,11,sell
7/27,2377,北城證券,7750,64,10,54,0.38,12,buy
7/27,2377,第一金,5380,0,54,-54,0.38,12,sell
7/27,2377,華南永昌-桃園,9352,52,0,52,0.37,13,buy
7/27,2377,國泰證券,8880,12,64,-52,0.37,13,sell
7/27,2377,台新-三民,0039004200310033,56,4,52,0.37,14,buy
7/27,2377,統一-南京,0035003800350055,0,51,-51,0.36,14,sell
7/27,2377,元大-基隆,0039003800390059,205,156,49,0.34,15,buy
7/27,2377,臺銀-民權,1043,56,105,-49,0.34,15,sell
7/27,1216,兆豐證券,7000,1420,0,1420,10.0,1,buy
7/27,1216,國泰證券,8880,19,1613,-1594,11.22,1,sell
7/27,1216,美林,1440,1314,63,1251,8.81,2,buy
7/27,1216,台灣摩根士丹利,1470,848,2223,-1375,9.68,2,sell
7/27,1216,元大證券,9800,981,164,817,5.75,3,buy
7/27,1216,臺銀,1040,4,1011,-1007,7.09,3,sell
7/27,1216,台中銀,6110,751,1,750,5.28,4,buy
7/27,1216,新加坡商瑞銀,1650,313,1307,-994,7.0,4,sell
7/27,1216,合庫證券,1020,668,11,657,4.63,5,buy
7/27,1216,台新,0039004200300030,9,685,-676,4.76,5,sell
7/27,1216,花旗環球,1590,880,280,600,4.22,6,buy
7/27,1216,美商高盛,1480,891,1358,-467,3.29,6,sell
7/27,1216,永豐金證券,0039004100300030,629,80,549,3.86,7,buy
7/27,1216,摩根大通,8440,661,1059,-398,2.8,7,sell
7/27,1216,統一-內湖,0035003800350062,400,0,400,2.82,8,buy
7/27,1216,台新-同大,0039004200320050,1,353,-352,2.48,8,sell
7/27,1216,凱基,9200,1333,1000,333,2.34,9,buy
7/27,1216,新光,8560,11,292,-281,1.98,9,sell
7/27,1216,法銀巴黎,8900,206,0,206,1.45,10,buy
7/27,1216,兆豐-南門,0037003000300067,1,72,-71,0.5,10,sell
7/27,1216,華南永昌,9300,162,7,155,1.09,11,buy
7/27,1216,台新-嘉義,0039004200320049,0,61,-61,0.43,11,sell
7/27,1216,永豐金-萬盛,0039004100390032,128,0,128,0.9,12,buy
7/27,1216,凱基-中港,9202,1,57,-56,0.39,12,sell
7/27,1216,富邦-台中,003900360035004b,111,6,105,0.74,13,buy
7/27,1216,臺銀-臺中,0031003000340041,3,44,-41,0.29,13,sell
7/27,1216,群益金鼎-三民,9188,107,2,105,0.74,14,buy
7/27,1216,元大-基隆,0039003800390059,4,42,-38,0.27,14,sell
7/27,1216,富邦-新莊,0039003600320044,90,2,88,0.62,15,buy
7/27,1216,元大-佳里,0039003800310065,0,32,-32,0.23,15,sell
7/27,4904,台灣摩根士丹利,1470,2826,541,2285,20.89,1,buy
7/27,4904,凱基-台北,9268,463,1608,-1145,10.47,1,sell
7/27,4904,美商高盛,1480,1331,189,1142,10.44,2,buy
7/27,4904,凱基,9200,28,1100,-1072,9.8,2,sell
7/27,4904,新加坡商瑞銀,1650,1122,80,1042,9.53,3,buy
7/27,4904,華南永昌,9300,35,1001,-966,8.83,3,sell
7/27,4904,美林,1440,752,57,695,6.35,4,buy
7/27,4904,國票-和平,003700370039006a,0,750,-750,6.86,4,sell
7/27,4904,元大證券,9800,1463,811,652,5.96,5,buy
7/27,4904,聯邦證券,8580,0,601,-601,5.5,5,sell
7/27,4904,港商野村,1560,498,1,497,4.54,6,buy
7/27,4904,中國信託,6160,9,502,-493,4.51,6,sell
7/27,4904,摩根大通,8440,1027,594,433,3.96,7,buy
7/27,4904,台新-台北,0039004200320030,0,350,-350,3.2,7,sell
7/27,4904,花旗環球,1590,241,105,136,1.24,8,buy
7/27,4904,新光,8560,5,352,-347,3.17,8,sell
7/27,4904,法銀巴黎,8900,90,0,90,0.82,9,buy
7/27,4904,彰銀,1230,0,150,-150,1.37,9,sell
7/27,4904,(牛牛牛)亞證券,6010,48,0,48,0.44,10,buy
7/27,4904,合庫證券,1020,0,112,-112,1.02,10,sell
7/27,4904,大和國泰,8890,31,0,31,0.28,11,buy
7/27,4904,永豐金-潮州,0039004100390071,0,100,-100,0.91,11,sell
7/27,4904,永豐金證券,0039004100300030,235,206,29,0.27,12,buy
7/27,4904,臺銀,1040,5,85,-80,0.73,12,sell
7/27,4904,群益金鼎,9100,28,16,12,0.11,13,buy
7/27,4904,富邦證券,9600,46,122,-76,0.69,13,sell
7/27,4904,群益金鼎-新竹,9186,10,1,9,0.08,14,buy
7/27,4904,亞東,2180,0,75,-75,0.69,14,sell
7/27,4904,國泰-松江,8883,39,30,9,0.08,15,buy
7/27,4904,元大-大同,0039003800390047,0,60,-60,0.55,15,sell
7/27,2633,台灣摩根士丹利,1470,408,38,370,13.24,1,buy
7/27,2633,新加坡商瑞銀,1650,24,210,-186,6.66,1,sell
7/27,2633,花旗環球,1590,281,20,261,9.34,2,buy
7/27,2633,國泰證券,8880,88,250,-162,5.8,2,sell
7/27,2633,法銀巴黎,8900,168,0,168,6.01,3,buy
7/27,2633,台新-安南,003900420032005a,0,139,-139,4.97,3,sell
7/27,2633,永豐金證券,0039004100300030,161,0,161,5.76,4,buy
7/27,2633,凱基-和平,9255,0,112,-112,4.01,4,sell
7/27,2633,美林,1440,150,14,136,4.87,5,buy
7/27,2633,聯邦-興中,8587,0,100,-100,3.58,5,sell
7/27,2633,摩根大通,8440,619,512,107,3.83,6,buy
7/27,2633,元大-松江,9801,0,98,-98,3.51,6,sell
7/27,2633,元大證券,9800,123,31,92,3.29,7,buy
7/27,2633,香港上海匯豐,8960,0,81,-81,2.9,7,sell
7/27,2633,元大-草屯,0039003800390045,70,1,69,2.47,8,buy
7/27,2633,群益金鼎-嘉義,003900310038004d,1,52,-51,1.83,8,sell
7/27,2633,港商野村,1560,41,0,41,1.47,9,buy
7/27,2633,凱基-竹北,9234,1,48,-47,1.68,9,sell
7/27,2633,美商高盛,1480,185,148,37,1.32,10,buy
7/27,2633,國泰-敦南,8888,3,36,-33,1.18,10,sell
7/27,2633,凱基,9200,24,0,24,0.86,11,buy
7/27,2633,元大-大統,003900380031007a,1,30,-29,1.04,11,sell
7/27,2633,富邦-新店,9661,21,0,21,0.75,12,buy
7/27,2633,臺銀-高雄,0031003000340043,0,26,-26,0.93,12,sell
7/27,2633,合庫-自強,0031003000320043,20,0,20,0.72,13,buy
7/27,2633,富邦-公益,0039003600310046,0,20,-20,0.72,13,sell
7/27,2633,富邦-頭份,0039003600320050,11,0,11,0.39,14,buy
7/27,2633,元大-竹南,0039003800330056,0,20,-20,0.72,14,sell
7/27,2633,富邦-中壢,9636,10,0,10,0.36,15,buy
7/27,2633,凱基-台北,9268,108,126,-18,0.64,15,sell
7/27,2845,台灣摩根士丹利,1470,1083,4,1079,19.22,1,buy
7/27,2845,永豐金證券,0039004100300030,47,478,-431,7.68,1,sell
7/27,2845,美商高盛,1480,718,103,615,10.95,2,buy
7/27,2845,亞東,2180,1,394,-393,7.0,2,sell
7/27,2845,新加坡商瑞銀,1650,540,14,526,9.37,3,buy
7/27,2845,元大-板橋,0039003800390043,0,298,-298,5.31,3,sell
7/27,2845,花旗環球,1590,449,0,449,8.0,4,buy
7/27,2845,美林,1440,230,503,-273,4.86,4,sell
7/27,2845,台新-城中,0039004200320045,300,0,300,5.34,5,buy
7/27,2845,台新-九如,0039004200320031,0,270,-270,4.81,5,sell
7/27,2845,富邦證券,9600,503,300,203,3.62,6,buy
7/27,2845,富邦-板橋,9655,4,241,-237,4.22,6,sell
7/27,2845,摩根大通,8440,406,297,109,1.94,7,buy
7/27,2845,亞東-板橋,2181,0,119,-119,2.12,7,sell
7/27,2845,美好-富順,003500320036004b,100,0,100,1.78,8,buy
7/27,2845,國票-北高雄,003700370039004a,0,100,-100,1.78,8,sell
7/27,2845,富邦-員林,9672,74,0,74,1.32,9,buy
7/27,2845,美好-蘆洲,5261,0,100,-100,1.78,9,sell
7/27,2845,兆豐-台南,7006,51,0,51,0.91,10,buy
7/27,2845,新光,8560,0,83,-83,1.48,10,sell
7/27,2845,大昌-樹林,6461,50,0,50,0.89,11,buy
7/27,2845,宏遠-桃園,1262,0,70,-70,1.25,11,sell
7/27,2845,凱基,9200,46,0,46,0.82,12,buy
7/27,2845,國泰-敦南,8888,1,60,-59,1.05,12,sell
7/27,2845,統一-永和,0035003800350042,32,0,32,0.57,13,buy
7/27,2845,統一-嘉義,5858,5,60,-55,0.98,13,sell
7/27,2845,富邦-南港,0039003600320041,26,0,26,0.46,14,buy
7/27,2845,國泰-板橋,003800380038004b,5,59,-54,0.96,14,sell
7/27,2845,第一金-華江,0035003300380057,25,0,25,0.45,15,buy
7/27,2845,元大-新店中正,0039003800340043,0,54,-54,0.96,15,sell
7/27,6191,中國信託-嘉義,6168,36,0,36,1.82,1,buy
7/27,6191,台灣摩根士丹利,1470,91,299,-208,10.53,1,sell
7/27,6191,國票-台中,0037003700390076,32,0,32,1.62,2,buy
7/27,6191,美林,1440,17,131,-114,5.77,2,sell
7/27,6191,華南永昌-虎尾,9377,30,1,29,1.47,3,buy
7/27,6191,凱基-台北,9268,203,269,-66,3.34,3,sell
7/27,6191,群益金鼎-海山,9108,24,0,24,1.22,4,buy
7/27,6191,美商高盛,1480,28,75,-47,2.38,4,sell
7/27,6191,永豐金-亞灣,0039004100390061,20,0,20,1.01,5,buy
7/27,6191,富邦-南京,0039003600310043,0,42,-42,2.13,5,sell
7/27,6191,富邦-竹科,0039003600320043,19,0,19,0.96,6,buy
7/27,6191,元大證券,9800,104,142,-38,1.92,6,sell
7/27,6191,摩根大通,8440,20,1,19,0.96,7,buy
7/27,6191,港商野村,1560,0,30,-30,1.52,7,sell
7/27,6191,國泰-敦南,8888,37,20,17,0.86,8,buy
7/27,6191,元大-員林中山,9835,0,20,-20,1.01,8,sell
7/27,6191,法銀巴黎,8900,16,0,16,0.81,9,buy
7/27,6191,元大-善化,0039003800310079,0,16,-16,0.81,9,sell
7/27,6191,元大-苑裡,0039003800390061,11,0,11,0.56,10,buy
7/27,6191,永全證券,6450,0,15,-15,0.76,10,sell
7/27,6191,彰銀-台中,1233,12,1,11,0.56,11,buy
7/27,6191,華南永昌-桃園,9352,0,15,-15,0.76,11,sell
7/27,6191,元大-北投,0039003800390041,11,0,11,0.56,12,buy
7/27,6191,亞東,2180,6,20,-14,0.71,12,sell
7/27,6191,永豐金-板盛,0039004100390059,11,0,11,0.56,13,buy
7/27,6191,合庫-彰化,1028,14,27,-13,0.66,13,sell
7/27,6191,新光,8560,20,9,11,0.56,14,buy
7/27,6191,華南永昌-淡水,9316,1,13,-12,0.61,14,sell
7/27,6191,富邦-建國,9658,16,6,10,0.51,15,buy
7/27,6191,元大-中壢,9834,5,16,-11,0.56,15,sell
7/27,8046,美商高盛,1480,1039,830,209,1.72,1,buy
7/27,8046,統一,5850,42,293,-251,2.07,1,sell
7/27,8046,台灣摩根士丹利,1470,1033,832,201,1.66,2,buy
7/27,8046,元大證券,9800,1069,1238,-169,1.39,2,sell
7/27,8046,新加坡商瑞銀,1650,555,355,200,1.65,3,buy
7/27,8046,元大-松江,9801,1,162,-161,1.33,3,sell
7/27,8046,凱基-台北,9268,1071,873,198,1.63,4,buy
7/27,8046,法銀巴黎,8900,16,167,-151,1.25,4,sell
7/27,8046,美林,1440,661,515,146,1.2,5,buy
7/27,8046,華南永昌,9300,43,176,-133,1.1,5,sell
7/27,8046,香港上海匯豐,8960,107,0,107,0.88,6,buy
7/27,8046,群益金鼎,9100,114,245,-131,1.08,6,sell
7/27,8046,摩根大通,8440,251,148,103,0.85,7,buy
7/27,8046,永豐金-信義,0039004100390052,0,100,-100,0.82,7,sell
7/27,8046,富邦-板橋,9655,110,34,76,0.63,8,buy
7/27,8046,康和,8450,15,100,-85,0.7,8,sell
7/27,8046,富邦證券,9600,69,15,54,0.45,9,buy
7/27,8046,凱基,9200,6,86,-80,0.66,9,sell
7/27,8046,新光-新竹,8563,91,46,45,0.37,10,buy
7/27,8046,兆豐-公益,003700300030004a,22,92,-70,0.58,10,sell
7/27,8046,港商麥格理,1360,39,3,36,0.3,11,buy
7/27,8046,港商野村,1560,54,114,-60,0.49,11,sell
7/27,8046,兆豐-城中,0037003000300057,37,4,33,0.27,12,buy
7/27,8046,國泰-館前,0038003800380041,30,59,-29,0.24,12,sell
7/27,8046,統一-城中,5854,33,2,31,0.26,13,buy
7/27,8046,永豐金證券,0039004100300030,236,263,-27,0.22,13,sell
7/27,8046,合庫-高雄,1023,31,1,30,0.25,14,buy
7/27,8046,康和-台南,8458,0,20,-20,0.16,14,sell
7/27,8046,國票-天祥,0037003700390056,30,0,30,0.25,15,buy
7/27,8046,花旗環球,1590,134,149,-15,0.12,15,sell
7/27,8069,花旗環球,1590,366,53,313,6.03,1,buy
7/27,8069,台灣摩根士丹利,1470,147,792,-645,12.42,1,sell
7/27,8069,國泰證券,8880,196,32,164,3.16,2,buy
7/27,8069,摩根大通,8440,272,746,-474,9.12,2,sell
7/27,8069,華南永昌,9300,126,2,124,2.39,3,buy
7/27,8069,美商高盛,1480,307,509,-202,3.89,3,sell
7/27,8069,美林,1440,87,21,66,1.27,4,buy
7/27,8069,凱基-台北,9268,166,289,-123,2.37,4,sell
7/27,8069,永豐金-天母,0039004100390047,52,0,52,1.0,5,buy
7/27,8069,台灣企銀-豐原,1118,0,80,-80,1.54,5,sell
7/27,8069,中國信託,6160,60,16,44,0.85,6,buy
7/27,8069,港商野村,1560,0,73,-73,1.41,6,sell
7/27,8069,新加坡商瑞銀,1650,223,185,38,0.73,7,buy
7/27,8069,富邦證券,9600,44,107,-63,1.21,7,sell
7/27,8069,元大證券,9800,322,289,33,0.64,8,buy
7/27,8069,凱基,9200,45,84,-39,0.75,8,sell
7/27,8069,群益金鼎-台南,9185,71,46,25,0.48,9,buy
7/27,8069,富邦-仁愛,9676,16,36,-20,0.38,9,sell
7/27,8069,永豐金-市政,0039004100390057,52,29,23,0.44,10,buy
7/27,8069,香港上海匯豐,8960,0,14,-14,0.27,10,sell
7/27,8069,兆豐-大同,0037003000300053,21,0,21,0.4,11,buy
7/27,8069,台新,0039004200300030,38,52,-14,0.27,11,sell
7/27,8069,兆豐-城中,0037003000300057,28,8,20,0.38,12,buy
7/27,8069,元大-南屯,9853,0,13,-13,0.25,12,sell
7/27,8069,富邦-板橋,9655,27,8,19,0.37,13,buy
7/27,8069,元大-館前,003900380034004b,3,15,-12,0.23,13,sell
7/27,8069,新光,8560,32,14,18,0.35,14,buy
7/27,8069,永豐金-大園,0039004100390038,14,25,-11,0.21,14,sell
7/27,8069,國泰-敦南,8888,45,29,16,0.31,15,buy
7/27,8069,台新-大裕,003900420032006c,0,11,-11,0.21,15,sell
7/27,1102,美商高盛,1480,1662,847,815,10.69,1,buy
7/27,1102,台灣摩根士丹利,1470,498,1393,-895,11.73,1,sell
7/27,1102,花旗環球,1590,781,273,508,6.66,2,buy
7/27,1102,新光,8560,1,414,-413,5.41,2,sell
7/27,1102,中國信託,6160,464,1,463,6.07,3,buy
7/27,1102,統一,5850,2,184,-182,2.39,3,sell
7/27,1102,群益金鼎,9100,445,36,409,5.36,4,buy
7/27,1102,大昌-新竹,6463,0,110,-110,1.44,4,sell
7/27,1102,摩根大通,8440,557,188,369,4.84,5,buy
7/27,1102,國泰證券,8880,38,136,-98,1.28,5,sell
7/27,1102,凱基-台北,9268,760,401,359,4.71,6,buy
7/27,1102,富邦-內湖,9627,0,93,-93,1.22,6,sell
7/27,1102,元大證券,9800,441,180,261,3.42,7,buy
7/27,1102,永豐金證券,0039004100300030,158,247,-89,1.17,7,sell
7/27,1102,美林,1440,378,196,182,2.39,8,buy
7/27,1102,土銀-新竹,1035,0,78,-78,1.02,8,sell
7/27,1102,新加坡商瑞銀,1650,187,97,90,1.18,9,buy
7/27,1102,合庫-鳳山,1029,0,76,-76,1.0,9,sell
7/27,1102,兆豐-南門,0037003000300067,75,0,75,0.98,10,buy
7/27,1102,港商野村,1560,198,270,-72,0.94,10,sell
7/27,1102,統一-高雄,5851,60,0,60,0.79,11,buy
7/27,1102,元大-博愛,0039003800320042,2,70,-68,0.89,11,sell
7/27,1102,元大-新莊,9898,53,0,53,0.69,12,buy
7/27,1102,永豐金-板盛,0039004100390059,0,62,-62,0.81,12,sell
7/27,1102,凱基-汐止,9226,41,0,41,0.54,13,buy
7/27,1102,台新-中港,0039004200320069,10,68,-58,0.76,13,sell
7/27,1102,臺銀,1040,38,2,36,0.47,14,buy
7/27,1102,日茂,5960,0,55,-55,0.72,14,sell
7/27,1102,元大-館前,003900380034004b,33,0,33,0.43,15,buy
7/27,1102,富邦-青埔,003900360031004e,1,54,-53,0.69,15,sell
7/27,9904,美商高盛,1480,1202,428,774,6.34,1,buy
7/27,9904,港商麥格理,1360,0,1217,-1217,9.97,1,sell
7/27,9904,統一-宜蘭,0035003800350053,505,0,505,4.14,2,buy
7/27,9904,元大-東泰,9817,0,1027,-1027,8.42,2,sell
7/27,9904,凱基-台北,9268,1126,633,493,4.04,3,buy
7/27,9904,永豐金證券,0039004100300030,115,708,-593,4.86,3,sell
7/27,9904,台灣摩根士丹利,1470,577,307,270,2.21,4,buy
7/27,9904,兆豐證券,7000,8,500,-492,4.03,4,sell
7/27,9904,港商野村,1560,238,16,222,1.82,5,buy
7/27,9904,花旗環球,1590,436,811,-375,3.07,5,sell
7/27,9904,福邦證券,6480,203,0,203,1.66,6,buy
7/27,9904,摩根大通,8440,912,1197,-285,2.34,6,sell
7/27,9904,富邦-羅東,9634,200,3,197,1.61,7,buy
7/27,9904,永豐金-敦南,0039004100380046,12,287,-275,2.25,7,sell
7/27,9904,元大證券,9800,236,41,195,1.6,8,buy
7/27,9904,凱基-竹科,9272,0,202,-202,1.66,8,sell
7/27,9904,富邦-建國,9658,204,11,193,1.58,9,buy
7/27,9904,富邦證券,9600,1,202,-201,1.65,9,sell
7/27,9904,玉山-嘉義,8848,166,0,166,1.36,10,buy
7/27,9904,國泰證券,8880,42,236,-194,1.59,10,sell
7/27,9904,富邦-三重,9677,153,3,150,1.23,11,buy
7/27,9904,華南永昌,9300,22,174,-152,1.25,11,sell
7/27,9904,新加坡商瑞銀,1650,215,67,148,1.21,12,buy
7/27,9904,元大-善化,0039003800310079,1,130,-129,1.06,12,sell
7/27,9904,美林,1440,195,48,147,1.2,13,buy
7/27,9904,凱基-台南,9211,3,121,-118,0.97,13,sell
7/27,9904,元大-蘆洲,9857,137,0,137,1.12,14,buy
7/27,9904,第一金-桃園,5385,1,115,-114,0.93,14,sell
7/27,9904,永豐金-桃盛,003900410039004e,112,0,112,0.92,15,buy
7/27,9904,群益金鼎-大甲,0039003100380067,0,106,-106,0.87,15,sell
7/27,6005,美商高盛,1480,1477,669,808,9.47,1,buy
7/27,6005,摩根大通,8440,467,811,-344,4.03,1,sell
7/27,6005,台灣摩根士丹利,1470,2063,1670,393,4.61,2,buy
7/27,6005,元大-豐原站前,0039003800390057,0,201,-201,2.36,2,sell
7/27,6005,花旗環球,1590,230,7,223,2.61,3,buy
7/27,6005,永豐金-市政,0039004100390057,60,255,-195,2.28,3,sell
7/27,6005,港商野村,1560,176,0,176,2.06,4,buy
7/27,6005,新加坡商瑞銀,1650,269,409,-140,1.64,4,sell
7/27,6005,法銀巴黎,8900,172,0,172,2.02,5,buy
7/27,6005,凱基-大安,9291,1,141,-140,1.64,5,sell
7/27,6005,兆豐-忠孝,0037003000300061,130,0,130,1.52,6,buy
7/27,6005,台新-建北,0039004200310038,1,115,-114,1.34,6,sell
7/27,6005,群益金鼎-民權,9131,113,16,97,1.14,7,buy
7/27,6005,美林,1440,106,215,-109,1.28,7,sell
7/27,6005,凱基-台東,003900320030005a,80,0,80,0.94,8,buy
7/27,6005,台新-安南,003900420032005a,0,103,-103,1.21,8,sell
7/27,6005,台新,0039004200300030,96,19,77,0.9,9,buy
7/27,6005,統一,5850,18,112,-94,1.1,9,sell
7/27,6005,永豐金-台南,0039004100390068,85,16,69,0.81,10,buy
7/27,6005,國票-嘉義,0037003700390048,0,80,-80,0.94,10,sell
7/27,6005,富邦-台北,9623,58,4,54,0.63,11,buy
7/27,6005,群益金鼎-開元,9134,0,73,-73,0.86,11,sell
7/27,6005,國泰-台中,8882,59,8,51,0.6,12,buy
7/27,6005,富邦-永康,003900360031005a,5,71,-66,0.77,12,sell
7/27,6005,凱基-台北,9268,274,230,44,0.52,13,buy
7/27,6005,(牛牛牛)亞-鑫豐,0036003000310064,1,65,-64,0.75,13,sell
7/27,6005,元大-斗信,9884,46,4,42,0.49,14,buy
7/27,6005,元大-新竹經國,9859,39,103,-64,0.75,14,sell
7/27,6005,統一-城中,5854,41,0,41,0.48,15,buy
7/27,6005,香港上海匯豐,8960,0,63,-63,0.74,15,sell
7/27,3481,摩根大通,8440,12421,1756,10665,3.04,1,buy
7/27,3481,富邦-桃園,9665,400,10471,-10071,2.87,1,sell
7/27,3481,凱基-台北,9268,28891,18350,10541,3.0,2,buy
7/27,3481,國泰證券,8880,416,8146,-7730,2.2,2,sell
7/27,3481,美商高盛,1480,19234,9492,9742,2.77,3,buy
7/27,3481,元大-信義,003900380039006d,86,2905,-2819,0.8,3,sell
7/27,3481,台灣摩根士丹利,1470,16630,7680,8950,2.55,4,buy
7/27,3481,富邦-台北,9623,603,2980,-2377,0.68,4,sell
7/27,3481,新加坡商瑞銀,1650,7070,628,6442,1.83,5,buy
7/27,3481,富邦-新竹,9647,758,2888,-2130,0.61,5,sell
7/27,3481,美林,1440,7430,1958,5472,1.56,6,buy
7/27,3481,富邦-仁愛,9676,464,2471,-2007,0.57,6,sell
7/27,3481,元大證券,9800,38728,36934,1794,0.51,7,buy
7/27,3481,永豐金-台南,0039004100390068,496,1968,-1472,0.42,7,sell
7/27,3481,凱基-東港,9212,1547,105,1442,0.41,8,buy
7/27,3481,國票-南崁,0037003700390045,133,1601,-1468,0.42,8,sell
7/27,3481,京城-嘉義,8492,1182,246,936,0.27,9,buy
7/27,3481,兆豐-大同,0037003000300053,186,1523,-1337,0.38,9,sell
7/27,3481,港商野村,1560,1572,802,770,0.22,10,buy
7/27,3481,凱基-長庚,9233,541,1717,-1176,0.33,10,sell
7/27,3481,第一金-自由,0035003300380045,1008,312,696,0.2,11,buy
7/27,3481,台新,0039004200300030,1708,2735,-1027,0.29,11,sell
7/27,3481,永豐金-匯立,0039004100380031,615,0,615,0.18,12,buy
7/27,3481,華南永昌-頭份,9343,210,1129,-919,0.26,12,sell
7/27,3481,群益金鼎,9100,2893,2426,467,0.13,13,buy
7/27,3481,元大-景美,0039003800340048,120,995,-875,0.25,13,sell
7/27,3481,永豐金-埔里,0039004100370039,2846,2411,435,0.12,14,buy
7/27,3481,華南永昌,9300,537,1369,-832,0.24,14,sell
7/27,3481,華南永昌-世貿,9334,590,167,423,0.12,15,buy
7/27,3481,元大-成功,003900380039004c,289,1022,-733,0.21,15,sell
7/27,3036,美林,1440,1671,4,1667,25.45,1,buy
7/27,3036,凱基-士林,9238,0,1371,-1371,20.93,1,sell
7/27,3036,花旗環球,1590,280,1,279,4.26,2,buy
7/27,3036,美商高盛,1480,279,923,-644,9.83,2,sell
7/27,3036,國票-北高雄,003700370039004a,196,0,196,2.99,3,buy
7/27,3036,摩根大通,8440,97,343,-246,3.76,3,sell
7/27,3036,凱基-中山,9229,201,56,145,2.21,4,buy
7/27,3036,凱基-台北,9268,383,553,-170,2.6,4,sell
7/27,3036,元大證券,9800,353,251,102,1.56,5,buy
7/27,3036,永豐金證券,0039004100300030,192,349,-157,2.4,5,sell
7/27,3036,新加坡商瑞銀,1650,505,412,93,1.42,6,buy
7/27,3036,華南永昌,9300,15,81,-66,1.01,6,sell
7/27,3036,台灣摩根士丹利,1470,694,615,79,1.21,7,buy
7/27,3036,凱基-城中,9227,10,66,-56,0.85,7,sell
7/27,3036,群益金鼎,9100,164,91,73,1.11,8,buy
7/27,3036,元大-屏東民生,0039003800310068,0,42,-42,0.64,8,sell
7/27,3036,永豐金-松山,0039004100390031,55,3,52,0.79,9,buy
7/27,3036,群益金鼎-竹南,0039003100380069,0,30,-30,0.46,9,sell
7/27,3036,香港上海匯豐,8960,42,3,39,0.6,10,buy
7/27,3036,華南永昌-忠孝,9325,0,25,-25,0.38,10,sell
7/27,3036,元大-豐原,9838,26,0,26,0.4,11,buy
7/27,3036,永豐金-大園,0039004100390038,1,25,-24,0.37,11,sell
7/27,3036,富邦證券,9600,84,59,25,0.38,12,buy
7/27,3036,兆豐-北高雄,0037003000300049,1,23,-22,0.34,12,sell
7/27,3036,元大-頭份,0039003800330055,21,0,21,0.32,13,buy
7/27,3036,元大-內湖,003900380039004e,1,22,-21,0.32,13,sell
7/27,3036,群益金鼎-敦南,9101,24,4,20,0.31,14,buy
7/27,3036,永豐金-敦南,0039004100380046,10,27,-17,0.26,14,sell
7/27,3036,(牛牛牛)亞-鑫豐,0036003000310064,26,10,16,0.24,15,buy
7/27,3036,台新,0039004200300030,7,23,-16,0.24,15,sell
7/27,2327,美商高盛,1480,3581,908,2673,4.7,1,buy
7/27,2327,新加坡商瑞銀,1650,567,2002,-1435,2.52,1,sell
7/27,2327,凱基-台北,9268,4276,1896,2380,4.19,2,buy
7/27,2327,中國信託,6160,180,943,-763,1.34,2,sell
7/27,2327,富邦證券,9600,1144,544,600,1.06,3,buy
7/27,2327,群益金鼎,9100,190,898,-708,1.25,3,sell
7/27,2327,港商麥格理,1360,502,16,486,0.85,4,buy
7/27,2327,(牛牛牛)亞證券,6010,0,630,-630,1.11,4,sell
7/27,2327,港商野村,1560,505,31,474,0.83,5,buy
7/27,2327,元大證券,9800,5187,5805,-618,1.09,5,sell
7/27,2327,元大-士林,003900380031006a,493,204,289,0.51,6,buy
7/27,2327,凱基,9200,229,842,-613,1.08,6,sell
7/27,2327,富邦-嘉義,9692,514,291,223,0.39,7,buy
7/27,2327,永豐金證券,0039004100300030,845,1392,-547,0.96,7,sell
7/27,2327,花旗環球,1590,354,146,208,0.37,8,buy
7/27,2327,美林,1440,920,1341,-421,0.74,8,sell
7/27,2327,摩根大通,8440,4959,4798,161,0.28,9,buy
7/27,2327,合庫-高雄,1023,34,369,-335,0.59,9,sell
7/27,2327,台灣摩根士丹利,1470,3227,3072,155,0.27,10,buy
7/27,2327,國泰證券,8880,140,448,-308,0.54,10,sell
7/27,2327,國票-長城,0037003700390075,155,20,135,0.24,11,buy
7/27,2327,兆豐-北高雄,0037003000300049,202,479,-277,0.49,11,sell
7/27,2327,玉山-城中,0038003800340045,110,55,55,0.1,12,buy
7/27,2327,台新-五權西,0039004200320035,36,310,-274,0.48,12,sell
7/27,2327,宏遠證券,1260,227,174,53,0.09,13,buy
7/27,2327,國票-敦北法人,0037003700390063,25,184,-159,0.28,13,sell
7/27,2327,台新,0039004200300030,488,436,52,0.09,14,buy
7/27,2327,兆豐證券,7000,211,343,-132,0.23,14,sell
7/27,2327,元大-蘆洲,9857,167,118,49,0.09,15,buy
7/27,2327,永豐金-內湖,0039004100390067,39,167,-128,0.23,15,sell
7/27,2385,港商野村,1560,722,111,611,27.25,1,buy
7/27,2385,摩根大通,8440,51,312,-261,11.64,1,sell
7/27,2385,永豐金證券,0039004100300030,124,12,112,5.0,2,buy
7/27,2385,兆豐證券,7000,0,234,-234,10.44,2,sell
7/27,2385,花旗環球,1590,99,0,99,4.42,3,buy
7/27,2385,新加坡商瑞銀,1650,6,153,-147,6.56,3,sell
7/27,2385,元大證券,9800,111,71,40,1.78,4,buy
7/27,2385,美商高盛,1480,62,195,-133,5.93,4,sell
7/27,2385,群益金鼎-高盛,9105,40,0,40,1.78,5,buy
7/27,2385,富邦證券,9600,3,92,-89,3.97,5,sell
7/27,2385,元大-土城永寧,9875,25,3,22,0.98,6,buy
7/27,2385,香港上海匯豐,8960,22,106,-84,3.75,6,sell
7/27,2385,新光,8560,34,13,21,0.94,7,buy
7/27,2385,國泰證券,8880,80,142,-62,2.77,7,sell
7/27,2385,凱基,9200,14,0,14,0.62,8,buy
7/27,2385,凱基-台北,9268,127,177,-50,2.23,8,sell
7/27,2385,永豐金-匯立,0039004100380031,14,0,14,0.62,9,buy
7/27,2385,元大-蘆洲中正,0039003800390049,1,40,-39,1.74,9,sell
7/27,2385,新光-台中,8561,33,20,13,0.58,10,buy
7/27,2385,美林,1440,24,62,-38,1.69,10,sell
7/27,2385,合庫-嘉義,1024,13,0,13,0.58,11,buy
7/27,2385,富邦-竹北,9624,0,29,-29,1.29,11,sell
7/27,2385,富邦-台北,9623,11,0,11,0.49,12,buy
7/27,2385,永豐金-敦北,0039004100380039,0,29,-29,1.29,12,sell
7/27,2385,兆豐-來福,0037003000300043,10,0,10,0.45,13,buy
7/27,2385,兆豐-忠孝,0037003000300061,0,11,-11,0.49,13,sell
7/27,2385,康和-台中,8455,20,10,10,0.45,14,buy
7/27,2385,凱基-岡山,9209,0,10,-10,0.45,14,sell
7/27,2385,凱基-長庚,9233,10,0,10,0.45,15,buy
7/27,2385,玉山-新莊,8842,3,12,-9,0.4,15,sell
7/27,6239,國泰證券,8880,754,10,744,7.43,1,buy
7/27,6239,台灣摩根士丹利,1470,298,1274,-976,9.75,1,sell
7/27,6239,凱基-台北,9268,903,530,373,3.73,2,buy
7/27,6239,凱基,9200,12,344,-332,3.32,2,sell
7/27,6239,富邦證券,9600,229,7,222,2.22,3,buy
7/27,6239,美商高盛,1480,866,1196,-330,3.3,3,sell
7/27,6239,兆豐證券,7000,511,322,189,1.89,4,buy
7/27,6239,華南永昌,9300,30,266,-236,2.36,4,sell
7/27,6239,永豐金證券,0039004100300030,154,51,103,1.03,5,buy
7/27,6239,美林,1440,349,425,-76,0.76,5,sell
7/27,6239,福邦證券,6480,102,2,100,1.0,6,buy
7/27,6239,國票-安和,003700370039005a,4,70,-66,0.66,6,sell
7/27,6239,花旗環球,1590,99,8,91,0.91,7,buy
7/27,6239,土銀,1030,6,67,-61,0.61,7,sell
7/27,6239,摩根大通,8440,437,383,54,0.54,8,buy
7/27,6239,康和-台北,0038003400350055,0,53,-53,0.53,8,sell
7/27,6239,香港上海匯豐,8960,53,5,48,0.48,9,buy
7/27,6239,元大證券,9800,473,515,-42,0.42,9,sell
7/27,6239,永全-南崁,6451,40,0,40,0.4,10,buy
7/27,6239,國泰-敦南,8888,152,190,-38,0.38,10,sell
7/27,6239,凱基-大直,9218,52,14,38,0.38,11,buy
7/27,6239,中國信託-三重,6161,0,32,-32,0.32,11,sell
7/27,6239,新百王,6210,33,6,27,0.27,12,buy
7/27,6239,富邦-仁愛,9676,17,47,-30,0.3,12,sell
7/27,6239,富邦-青埔,003900360031004e,28,2,26,0.26,13,buy
7/27,6239,元大-三民,0039003800390046,3,29,-26,0.26,13,sell
7/27,6239,永豐金-彰化,0039004100390073,23,1,22,0.22,14,buy
7/27,6239,新光,8560,26,51,-25,0.25,14,sell
7/27,6239,台新-台南,0039004200310036,26,4,22,0.22,15,buy
7/27,6239,永豐金-台南,0039004100390068,49,74,-25,0.25,15,sell
7/27,2481,美商高盛,1480,2348,353,1995,12.51,1,buy
7/27,2481,台新-台北,0039004200320030,4,1597,-1593,9.99,1,sell
7/27,2481,新加坡商瑞銀,1650,1004,157,847,5.31,2,buy
7/27,2481,永豐金證券,0039004100300030,74,1445,-1371,8.6,2,sell
7/27,2481,摩根大通,8440,768,245,523,3.28,3,buy
7/27,2481,台灣摩根士丹利,1470,1849,2577,-728,4.57,3,sell
7/27,2481,凱基-台北,9268,1623,1285,338,2.12,4,buy
7/27,2481,元大證券,9800,1232,1913,-681,4.27,4,sell
7/27,2481,美林,1440,311,54,257,1.61,5,buy
7/27,2481,國泰-敦南,8888,231,346,-115,0.72,5,sell
7/27,2481,凱基,9200,198,0,198,1.24,6,buy
7/27,2481,群益金鼎-新莊,0039003100380047,18,125,-107,0.67,6,sell
7/27,2481,花旗環球,1590,72,4,68,0.43,7,buy
7/27,2481,玉山-台中,0038003800340042,1,105,-104,0.65,7,sell
7/27,2481,土銀,1030,64,1,63,0.4,8,buy
7/27,2481,群益金鼎-東大,9135,2,93,-91,0.57,8,sell
7/27,2481,元大-大里,0039003800310067,66,9,57,0.36,9,buy
7/27,2481,統一,5850,44,135,-91,0.57,9,sell
7/27,2481,永豐金-敦南,0039004100380046,42,0,42,0.26,10,buy
7/27,2481,統一-新竹,5857,8,64,-56,0.35,10,sell
7/27,2481,法銀巴黎,8900,33,0,33,0.21,11,buy
7/27,2481,永豐金-市政,0039004100390057,11,44,-33,0.21,11,sell
7/27,2481,國泰證券,8880,30,0,30,0.19,12,buy
7/27,2481,永豐金-永康,0039004100390063,3,32,-29,0.18,12,sell
7/27,2481,凱基-士林,9238,27,0,27,0.17,13,buy
7/27,2481,台新-城中,0039004200320045,1,29,-28,0.18,13,sell
7/27,2481,富邦證券,9600,122,95,27,0.17,14,buy
7/27,2481,凱基-台南,9211,9,36,-27,0.17,14,sell
7/27,2481,群益金鼎,9100,140,114,26,0.16,15,buy
7/27,2481,台新,0039004200300030,63,88,-25,0.16,15,sell
7/27,2301,美林,1440,999,371,628,4.96,1,buy
7/27,2301,台灣摩根士丹利,1470,269,1511,-1242,9.82,1,sell
7/27,2301,花旗環球,1590,313,67,246,1.94,2,buy
7/27,2301,摩根大通,8440,220,1332,-1112,8.79,2,sell
7/27,2301,富邦證券,9600,283,140,143,1.13,3,buy
7/27,2301,凱基-台北,9268,492,969,-477,3.77,3,sell
7/27,2301,永豐金證券,0039004100300030,606,497,109,0.86,4,buy
7/27,2301,新加坡商瑞銀,1650,121,428,-307,2.43,4,sell
7/27,2301,玉山-大里,003800380034004a,108,1,107,0.85,5,buy
7/27,2301,大和國泰,8890,34,329,-295,2.33,5,sell
7/27,2301,永豐金-亞灣,0039004100390061,75,3,72,0.57,6,buy
7/27,2301,元大證券,9800,872,1024,-152,1.2,6,sell
7/27,2301,華南永昌,9300,73,10,63,0.5,7,buy
7/27,2301,港商麥格理,1360,0,105,-105,0.83,7,sell
7/27,2301,聯邦-嘉義,8582,62,1,61,0.48,8,buy
7/27,2301,永豐金-中壢,0039004100390039,3,101,-98,0.77,8,sell
7/27,2301,美好,5260,58,1,57,0.45,9,buy
7/27,2301,美商高盛,1480,1100,1180,-80,0.63,9,sell
7/27,2301,國泰-敦南,8888,209,164,45,0.36,10,buy
7/27,2301,凱基,9200,109,178,-69,0.55,10,sell
7/27,2301,群益金鼎-東門,0039003100380044,39,1,38,0.3,11,buy
7/27,2301,富邦-木柵,003900360031004d,17,80,-63,0.5,11,sell
7/27,2301,中國信託,6160,45,8,37,0.29,12,buy
7/27,2301,合庫-台中,1021,11,44,-33,0.26,12,sell
7/27,2301,玉山-新莊,8842,40,5,35,0.28,13,buy
7/27,2301,富邦-南京,0039003600310043,12,40,-28,0.22,13,sell
7/27,2301,群益金鼎-東湖,003900310038004b,35,3,32,0.25,14,buy
7/27,2301,玉山-景美,8849,2,25,-23,0.18,14,sell
7/27,2301,第一金-嘉義,003500330038004d,29,0,29,0.23,15,buy
7/27,2301,臺銀-金山,0031003000340044,6,23,-17,0.13,15,sell
7/27,2368,凱基-台北,9268,301,135,166,6.34,1,buy
7/27,2368,美商高盛,1480,229,366,-137,5.23,1,sell
7/27,2368,摩根大通,8440,192,120,72,2.75,2,buy
7/27,2368,統一-松江,003500380035005a,0,98,-98,3.74,2,sell
7/27,2368,花旗環球,1590,65,11,54,2.06,3,buy
7/27,2368,新加坡商瑞銀,1650,14,101,-87,3.32,3,sell
7/27,2368,美林,1440,113,80,33,1.26,4,buy
7/27,2368,港商麥格理,1360,1,75,-74,2.83,4,sell
7/27,2368,富邦證券,9600,39,12,27,1.03,5,buy
7/27,2368,凱基,9200,6,54,-48,1.83,5,sell
7/27,2368,元大證券,9800,255,231,24,0.92,6,buy
7/27,2368,永豐金證券,0039004100300030,74,106,-32,1.22,6,sell
7/27,2368,台灣摩根士丹利,1470,232,211,21,0.8,7,buy
7/27,2368,群益金鼎-民權,9131,14,26,-12,0.46,7,sell
7/27,2368,法銀巴黎,8900,16,0,16,0.61,8,buy
7/27,2368,元大-發財,0039003800310045,0,11,-11,0.42,8,sell
7/27,2368,港商野村,1560,32,20,12,0.46,9,buy
7/27,2368,台新-城中,0039004200320045,7,17,-10,0.38,9,sell
7/27,2368,元大-信義,003900380039006d,12,2,10,0.38,10,buy
7/27,2368,凱基-城中,9227,2,12,-10,0.38,10,sell
7/27,2368,元大-金華,9878,10,0,10,0.38,11,buy
7/27,2368,(牛牛牛)亞證券,6010,0,8,-8,0.31,11,sell
7/27,2368,國泰-敦南,8888,43,33,10,0.38,12,buy
7/27,2368,元大-新竹經國,9859,0,8,-8,0.31,12,sell
7/27,2368,國泰-板橋,003800380038004b,16,6,10,0.38,13,buy
7/27,2368,統一,5850,8,15,-7,0.27,13,sell
7/27,2368,元大-左營,0039003800390044,10,1,9,0.34,14,buy
7/27,2368,國泰-松江,8883,0,7,-7,0.27,14,sell
7/27,2368,中國信託,6160,10,3,7,0.27,15,buy
7/27,2368,富邦-竹北,9624,0,7,-7,0.27,15,sell
7/27,9907,摩根大通,8440,259,127,132,5.15,1,buy
7/27,9907,美商高盛,1480,177,598,-421,16.43,1,sell
7/27,9907,永豐金-彰化,0039004100390073,100,0,100,3.9,2,buy
7/27,9907,永豐金證券,0039004100300030,15,352,-337,13.15,2,sell
7/27,9907,臺銀,1040,76,0,76,2.97,3,buy
7/27,9907,亞東-台中,2187,2,100,-98,3.82,3,sell
7/27,9907,國票-台南,0037003700390044,86,25,61,2.38,4,buy
7/27,9907,新加坡商瑞銀,1650,39,134,-95,3.71,4,sell
7/27,9907,國票-北高雄,003700370039004a,54,1,53,2.07,5,buy
7/27,9907,第一金,5380,1,96,-95,3.71,5,sell
7/27,9907,元大-屏東民生,0039003800310068,51,0,51,1.99,6,buy
7/27,9907,台灣摩根士丹利,1470,62,143,-81,3.16,6,sell
7/27,9907,花旗環球,1590,46,0,46,1.79,7,buy
7/27,9907,宏遠-館前,0031003200360055,2,60,-58,2.26,7,sell
7/27,9907,凱基-台北,9268,254,213,41,1.6,8,buy
7/27,9907,港商野村,1560,11,64,-53,2.07,8,sell
7/27,9907,中國信託,6160,40,0,40,1.56,9,buy
7/27,9907,群益金鼎-高雄,9183,0,50,-50,1.95,9,sell
7/27,9907,玉山-景美,8849,40,0,40,1.56,10,buy
7/27,9907,凱基-桃園,9208,2,43,-41,1.6,10,sell
7/27,9907,永豐金-天母,0039004100390047,35,0,35,1.37,11,buy
7/27,9907,台新-屏東,003900420031006e,1,40,-39,1.52,11,sell
7/27,9907,富邦-南員林,0039003600310052,33,0,33,1.29,12,buy
7/27,9907,富邦-台北,9623,6,40,-34,1.33,12,sell
7/27,9907,第一金-桃園,5385,30,0,30,1.17,13,buy
7/27,9907,凱基-內埔,9225,0,30,-30,1.17,13,sell
7/27,9907,康和-台南,8458,30,0,30,1.17,14,buy
7/27,9907,美林,1440,53,75,-22,0.86,14,sell
7/27,9907,兆豐-新營,003700300030004b,23,0,23,0.9,15,buy
7/27,9907,元大-高雄,003900380031006d,0,22,-22,0.86,15,sell
7/27,3005,美林,1440,208,3,205,8.05,1,buy
7/27,3005,台灣摩根士丹利,1470,252,528,-276,10.84,1,sell
7/27,3005,元大證券,9800,299,162,137,5.38,2,buy
7/27,3005,摩根大通,8440,150,401,-251,9.86,2,sell
7/27,3005,玉山證券,8840,99,1,98,3.85,3,buy
7/27,3005,群益金鼎-古亭,0039003100380043,2,41,-39,1.53,3,sell
7/27,3005,美商高盛,1480,170,85,85,3.34,4,buy
7/27,3005,永豐金證券,0039004100300030,39,76,-37,1.45,4,sell
7/27,3005,國泰-新莊,8886,85,0,85,3.34,5,buy
7/27,3005,康和-台南,8458,0,31,-31,1.22,5,sell
7/27,3005,新加坡商瑞銀,1650,88,31,57,2.24,6,buy
7/27,3005,富邦證券,9600,17,48,-31,1.22,6,sell
7/27,3005,群益金鼎-瑞豐,0039003100380075,17,0,17,0.67,7,buy
7/27,3005,元大-新竹,9816,0,25,-25,0.98,7,sell
7/27,3005,花旗環球,1590,14,0,14,0.55,8,buy
7/27,3005,致和-金華,7034,0,20,-20,0.79,8,sell
7/27,3005,國泰-敦南,8888,65,51,14,0.55,9,buy
7/27,3005,富邦-台南,9667,0,20,-20,0.79,9,sell
7/27,3005,凱基-台北,9268,159,146,13,0.51,10,buy
7/27,3005,華南永昌-鳳山,9331,0,19,-19,0.75,10,sell
7/27,3005,群益金鼎-台南,9185,12,0,12,0.47,11,buy
7/27,3005,臺銀-高雄,0031003000340043,2,20,-18,0.71,11,sell
7/27,3005,統一-敦南,5852,11,0,11,0.43,12,buy
7/27,3005,永豐金-敦南,0039004100380046,4,18,-14,0.55,12,sell
7/27,3005,元大-成功,003900380039004c,14,3,11,0.43,13,buy
7/27,3005,國泰-台中,8882,2,16,-14,0.55,13,sell
7/27,3005,兆豐-天母,003700300030004c,10,0,10,0.39,14,buy
7/27,3005,玉山-士林,0038003800340041,1,14,-13,0.51,14,sell
7/27,3005,國泰證券,8880,11,1,10,0.39,15,buy
7/27,3005,兆豐-員林,003700300030006b,2,14,-12,0.47,15,sell
7/27,3044,凱基-台北,9268,101,27,74,5.47,1,buy
7/27,3044,新加坡商瑞銀,1650,20,131,-111,8.2,1,sell
7/27,3044,華南永昌,9300,60,0,60,4.43,2,buy
7/27,3044,美林,1440,97,195,-98,7.24,2,sell
7/27,3044,永豐金證券,0039004100300030,86,26,60,4.43,3,buy
7/27,3044,台灣摩根士丹利,1470,117,215,-98,7.24,3,sell
7/27,3044,花旗環球,1590,59,15,44,3.25,4,buy
7/27,3044,港商野村,1560,6,96,-90,6.65,4,sell
7/27,3044,元大證券,9800,78,43,35,2.58,5,buy
7/27,3044,香港上海匯豐,8960,0,60,-60,4.43,5,sell
7/27,3044,永豐金-桃園,0039004100390078,37,2,35,2.58,6,buy
7/27,3044,美商高盛,1480,84,131,-47,3.47,6,sell
7/27,3044,合庫證券,1020,32,0,32,2.36,7,buy
7/27,3044,摩根大通,8440,130,153,-23,1.7,7,sell
7/27,3044,統一,5850,33,1,32,2.36,8,buy
7/27,3044,元大-民生三民,0039003800390058,0,15,-15,1.11,8,sell
7/27,3044,國泰證券,8880,24,1,23,1.7,9,buy
7/27,3044,統一-松江,003500380035005a,0,10,-10,0.74,9,sell
7/27,3044,富邦-新店,9661,20,0,20,1.48,10,buy
7/27,3044,永豐金-北高雄,0039004100390072,0,8,-8,0.59,10,sell
7/27,3044,富邦證券,9600,20,2,18,1.33,11,buy
7/27,3044,永豐金-板新,003900410039004a,2,9,-7,0.52,11,sell
7/27,3044,永豐金-新竹,0039004100390037,15,0,15,1.11,12,buy
7/27,3044,土銀-南港,0031003000330046,0,5,-5,0.37,12,sell
7/27,3044,元大-斗六,0039003800300043,10,0,10,0.74,13,buy
7/27,3044,美好-基隆,5267,0,4,-4,0.3,13,sell
7/27,3044,凱基,9200,9,0,9,0.66,14,buy
7/27,3044,玉山證券,8840,2,5,-3,0.22,14,sell
7/27,3044,合庫-基隆,1025,6,0,6,0.44,15,buy
7/27,3044,台新-松江,0039004200310035,1,4,-3,0.22,15,sell
7/27,6176,摩根大通,8440,526,108,418,12.14,1,buy
7/27,6176,美商高盛,1480,103,682,-579,16.82,1,sell
7/27,6176,台灣摩根士丹利,1470,572,468,104,3.02,2,buy
7/27,6176,美林,1440,36,399,-363,10.54,2,sell
7/27,6176,凱基-台北,9268,301,201,100,2.9,3,buy
7/27,6176,新加坡商瑞銀,1650,21,301,-280,8.13,3,sell
7/27,6176,國票-台中,0037003700390076,70,0,70,2.03,4,buy
7/27,6176,國泰證券,8880,0,56,-56,1.63,4,sell
7/27,6176,香港上海匯豐,8960,69,6,63,1.83,5,buy
7/27,6176,兆豐證券,7000,0,50,-50,1.45,5,sell
7/27,6176,富邦-新竹,9647,60,2,58,1.68,6,buy
7/27,6176,兆豐-民生,0037003000300063,0,38,-38,1.1,6,sell
7/27,6176,華南永昌-潮州,9328,61,20,41,1.19,7,buy
7/27,6176,元大證券,9800,124,161,-37,1.07,7,sell
7/27,6176,凱基-中山,9229,33,0,33,0.96,8,buy
7/27,6176,港商麥格理,1360,0,29,-29,0.84,8,sell
7/27,6176,合庫-自強,0031003000320043,29,1,28,0.81,9,buy
7/27,6176,台新-花蓮,0039004200320079,0,22,-22,0.64,9,sell
7/27,6176,永豐金-匯立,0039004100380031,28,0,28,0.81,10,buy
7/27,6176,玉山-左營,0038003800340044,0,21,-21,0.61,10,sell
7/27,6176,富邦-台南,9667,40,13,27,0.78,11,buy
7/27,6176,華南永昌-豐原,9366,0,20,-20,0.58,11,sell
7/27,6176,元大-成功,003900380039004c,30,5,25,0.73,12,buy
7/27,6176,元大-復北,9872,0,16,-16,0.46,12,sell
7/27,6176,國票-北高雄,003700370039004a,52,31,21,0.61,13,buy
7/27,6176,永豐金-彰化,0039004100390073,4,19,-15,0.44,13,sell
7/27,6176,永豐金-竹北,0039004100390050,20,0,20,0.58,14,buy
7/27,6176,統一-彰化,0035003800350046,0,14,-14,0.41,14,sell
7/27,6176,國泰-板橋,003800380038004b,21,1,20,0.58,15,buy
7/27,6176,永豐金-松山,0039004100390031,6,16,-10,0.29,15,sell
7/27,6182,台灣摩根士丹利,1470,4704,248,4456,18.14,1,buy
7/27,6182,美商高盛,1480,742,2835,-2093,8.52,1,sell
7/27,6182,凱基-台北,9268,3789,350,3439,14.0,2,buy
7/27,6182,元大證券,9800,264,2266,-2002,8.15,2,sell
7/27,6182,富邦證券,9600,2641,34,2607,10.61,3,buy
7/27,6182,宏遠證券,1260,1,1687,-1686,6.86,3,sell
7/27,6182,摩根大通,8440,765,81,684,2.78,4,buy
7/27,6182,永豐金-信義,0039004100390052,1,1617,-1616,6.58,4,sell
7/27,6182,新加坡商瑞銀,1650,367,0,367,1.49,5,buy
7/27,6182,凱基,9200,0,341,-341,1.39,5,sell
7/27,6182,台新-成功,003900420032006d,168,9,159,0.65,6,buy
7/27,6182,國泰-敦南,8888,138,455,-317,1.29,6,sell
7/27,6182,凱基-基隆,0039003200300048,170,55,115,0.47,7,buy
7/27,6182,統一,5850,421,707,-286,1.16,7,sell
7/27,6182,富邦-建國,9658,152,46,106,0.43,8,buy
7/27,6182,元大-雙和,9874,16,244,-228,0.93,8,sell
7/27,6182,凱基-中港,9202,128,23,105,0.43,9,buy
7/27,6182,國泰證券,8880,15,213,-198,0.81,9,sell
7/27,6182,永豐金-內湖,0039004100390067,103,1,102,0.42,10,buy
7/27,6182,新光-新竹,8563,3,177,-174,0.71,10,sell
7/27,6182,台新-文心,003900420032007a,111,10,101,0.41,11,buy
7/27,6182,康和-內湖,0038003400350041,39,209,-170,0.69,11,sell
7/27,6182,台中銀-台北,6115,100,0,100,0.41,12,buy
7/27,6182,華南永昌,9300,60,213,-153,0.62,12,sell
7/27,6182,凱基-城中,9227,98,4,94,0.38,13,buy
7/27,6182,富邦-板橋,9655,32,169,-137,0.56,13,sell
7/27,6182,國票-安和,003700370039005a,120,35,85,0.35,14,buy
7/27,6182,群益金鼎-松山,9103,30,153,-123,0.5,14,sell
7/27,6182,台新-宜蘭,0039004200320055,91,12,79,0.32,15,buy
7/27,6182,新光,8560,146,266,-120,0.49,15,sell
