date,stock_code,broker_name,broker_id,buy_vol,sell_vol,net_vol,pct,rank,side
9/30,2330,摩根大通,8440,6241,4053,2188,6.73,1,buy
9/30,2330,新加坡商瑞銀,1650,3308,6989,-3681,11.32,1,sell
9/30,2330,元大證券,9800,2213,429,1784,5.48,2,buy
9/30,2330,美林,1440,629,3415,-2786,8.56,2,sell
9/30,2330,花旗環球,1590,2134,1202,932,2.87,3,buy
9/30,2330,法銀巴黎,8900,90,942,-852,2.62,3,sell
9/30,2330,凱基-台北,9268,980,128,852,2.62,4,buy
9/30,2330,第一金-彰化,5386,1,166,-165,0.51,4,sell
9/30,2330,台灣摩根士丹利,1470,2396,1593,803,2.47,5,buy
9/30,2330,大和國泰,8890,33,164,-131,0.4,5,sell
9/30,2330,富邦證券,9600,1204,426,778,2.39,6,buy
9/30,2330,國泰-敦南,8888,153,278,-125,0.38,6,sell
9/30,2330,港商麥格理,1360,786,121,665,2.04,7,buy
9/30,2330,國票-敦北法人,0037003700390063,3,100,-97,0.3,7,sell
9/30,2330,美商高盛,1480,2265,1893,372,1.14,8,buy
9/30,2330,台新,0039004200300030,158,248,-90,0.28,8,sell
9/30,2330,永豐金證券,0039004100300030,1181,822,359,1.1,9,buy
9/30,2330,玉山證券,8840,31,121,-90,0.28,9,sell
9/30,2330,群益金鼎-北高雄,0039003100330052,199,23,176,0.54,10,buy
9/30,2330,永豐金-敦南,0039004100380046,10,97,-87,0.27,10,sell
9/30,2330,統一,5850,250,96,154,0.47,11,buy
9/30,2330,香港上海匯豐,8960,387,459,-72,0.22,11,sell
9/30,2330,兆豐證券,7000,189,40,149,0.46,12,buy
9/30,2330,華南永昌-高雄,9303,7,76,-69,0.21,12,sell
9/30,2330,台新-台北,0039004200320030,162,24,138,0.42,13,buy
9/30,2330,新光-台中,8561,31,99,-68,0.21,13,sell
9/30,2330,台新-五權西,0039004200320035,132,5,127,0.39,14,buy
9/30,2330,元大-鹿港,0039003800390053,7,74,-67,0.21,14,sell
9/30,2330,凱基-中港,9202,88,11,77,0.24,15,buy
9/30,2330,合庫證券,1020,19,83,-64,0.2,15,sell
9/30,2317,台灣摩根士丹利,1470,2485,792,1693,6.28,1,buy
9/30,2317,花旗環球,1590,1275,3848,-2573,9.55,1,sell
9/30,2317,元大證券,9800,2147,637,1510,5.6,2,buy
9/30,2317,摩根大通,8440,3715,4820,-1105,4.1,2,sell
9/30,2317,香港上海匯豐,8960,2081,733,1348,5.0,3,buy
9/30,2317,富邦證券,9600,195,525,-330,1.22,3,sell
9/30,2317,新加坡商瑞銀,1650,3383,2051,1332,4.94,4,buy
9/30,2317,臺銀,1040,18,255,-237,0.88,4,sell
9/30,2317,美商高盛,1480,1541,1022,519,1.93,5,buy
9/30,2317,華南永昌-大甲,9315,0,182,-182,0.68,5,sell
9/30,2317,凱基-台北,9268,760,244,516,1.91,6,buy
9/30,2317,元大-潮州,003900380031005a,3,174,-171,0.63,6,sell
9/30,2317,美林,1440,1312,847,465,1.73,7,buy
9/30,2317,國泰-台南,8884,18,184,-166,0.62,7,sell
9/30,2317,大和國泰,8890,344,0,344,1.28,8,buy
9/30,2317,元大-員林中山,9835,5,159,-154,0.57,8,sell
9/30,2317,元大-台北,0039003800300068,265,11,254,0.94,9,buy
9/30,2317,永豐金-台南,0039004100390068,29,181,-152,0.56,9,sell
9/30,2317,港商麥格理,1360,534,305,229,0.85,10,buy
9/30,2317,國泰-敦南,8888,101,225,-124,0.46,10,sell
9/30,2317,台新-台北,0039004200320030,254,33,221,0.82,11,buy
9/30,2317,元大-大灣,9815,4,122,-118,0.44,11,sell
9/30,2317,台新-虎尾,003900420032004e,201,0,201,0.75,12,buy
9/30,2317,合庫-鳳山,1029,15,133,-118,0.44,12,sell
9/30,2317,港商野村,1560,194,13,181,0.67,13,buy
9/30,2317,凱基-台南,9211,18,127,-109,0.4,13,sell
9/30,2317,凱基-高美館,9215,158,10,148,0.55,14,buy
9/30,2317,兆豐-岡山,0037003000300073,2,100,-98,0.36,14,sell
9/30,2317,永豐金-匯立,0039004100380031,247,132,115,0.43,15,buy
9/30,2317,中國信託-三重,6161,14,104,-90,0.33,15,sell
9/30,2454,摩根大通,8440,728,354,374,4.55,1,buy
9/30,2454,花旗環球,1590,171,870,-699,8.5,1,sell
9/30,2454,台灣摩根士丹利,1470,739,636,103,1.25,2,buy
9/30,2454,新加坡商瑞銀,1650,499,900,-401,4.88,2,sell
9/30,2454,元大證券,9800,482,384,98,1.19,3,buy
9/30,2454,港商野村,1560,74,321,-247,3.0,3,sell
9/30,2454,永豐金證券,0039004100300030,110,32,78,0.95,4,buy
9/30,2454,美林,1440,271,469,-198,2.41,4,sell
9/30,2454,凱基,9200,116,39,77,0.94,5,buy
9/30,2454,富邦證券,9600,92,201,-109,1.33,5,sell
9/30,2454,港商麥格理,1360,91,38,53,0.64,6,buy
9/30,2454,香港上海匯豐,8960,23,104,-81,0.99,6,sell
9/30,2454,華南永昌,9300,64,18,46,0.56,7,buy
9/30,2454,大和國泰,8890,46,86,-40,0.49,7,sell
9/30,2454,國泰證券,8880,67,22,45,0.55,8,buy
9/30,2454,凱基-中港,9202,5,45,-40,0.49,8,sell
9/30,2454,永豐金-匯立,0039004100380031,130,85,45,0.55,9,buy
9/30,2454,台新-台北,0039004200320030,8,34,-26,0.32,9,sell
9/30,2454,台新,0039004200300030,69,28,41,0.5,10,buy
9/30,2454,群益金鼎-大安,0039003100380065,0,22,-22,0.27,10,sell
9/30,2454,富邦-台北,9623,53,22,31,0.38,11,buy
9/30,2454,元大-嘉義,0039003800390067,16,37,-21,0.26,11,sell
9/30,2454,凱基-台北,9268,270,242,28,0.34,12,buy
9/30,2454,亞東-板橋,2181,0,15,-15,0.18,12,sell
9/30,2454,國泰-敦南,8888,110,82,28,0.34,13,buy
9/30,2454,元大-古亭,003900380039006b,1,15,-14,0.17,13,sell
9/30,2454,元大-士林,003900380031006a,33,7,26,0.32,14,buy
9/30,2454,富邦-建國,9658,13,27,-14,0.17,14,sell
9/30,2454,法銀巴黎,8900,37,11,26,0.32,15,buy
9/30,2454,統一-松江,003500380035005a,0,12,-12,0.15,15,sell
9/30,2308,美林,1440,1039,358,681,6.2,1,buy
9/30,2308,港商麥格理,1360,80,735,-655,5.97,1,sell
9/30,2308,中國信託,6160,560,27,533,4.86,2,buy
9/30,2308,花旗環球,1590,237,770,-533,4.86,2,sell
9/30,2308,摩根大通,8440,1091,589,502,4.57,3,buy
9/30,2308,美商高盛,1480,855,1043,-188,1.71,3,sell
9/30,2308,台灣摩根士丹利,1470,779,344,435,3.96,4,buy
9/30,2308,香港上海匯豐,8960,3,173,-170,1.55,4,sell
9/30,2308,元大證券,9800,826,491,335,3.05,5,buy
9/30,2308,港商野村,1560,58,215,-157,1.43,5,sell
9/30,2308,永豐金證券,0039004100300030,377,63,314,2.86,6,buy
9/30,2308,國泰-敦南,8888,97,210,-113,1.03,6,sell
9/30,2308,富邦證券,9600,338,69,269,2.45,7,buy
9/30,2308,永豐金-匯立,0039004100380031,81,131,-50,0.46,7,sell
9/30,2308,凱基-台北,9268,509,310,199,1.81,8,buy
9/30,2308,富邦-板橋,9655,12,61,-49,0.45,8,sell
9/30,2308,群益金鼎,9100,211,63,148,1.35,9,buy
9/30,2308,新光,8560,50,98,-48,0.44,9,sell
9/30,2308,凱基,9200,143,4,139,1.27,10,buy
9/30,2308,台中銀-台北,6115,0,47,-47,0.43,10,sell
9/30,2308,統一,5850,101,12,89,0.81,11,buy
9/30,2308,國票-安和,003700370039005a,8,46,-38,0.35,11,sell
9/30,2308,玉山證券,8840,106,18,88,0.8,12,buy
9/30,2308,國泰-台中,8882,20,57,-37,0.34,12,sell
9/30,2308,福邦證券,6480,76,1,75,0.68,13,buy
9/30,2308,國泰-板橋,003800380038004b,11,47,-36,0.33,13,sell
9/30,2308,(牛牛牛)亞證券,6010,62,0,62,0.56,14,buy
9/30,2308,新光-新竹,8563,3,30,-27,0.25,14,sell
9/30,2308,元大-豐原站前,0039003800390057,48,2,46,0.42,15,buy
9/30,2308,富邦-新板,0039003600310048,2,28,-26,0.24,15,sell
9/30,2382,永豐金證券,0039004100300030,484,19,465,3.85,1,buy
9/30,2382,美林,1440,506,2590,-2084,17.28,1,sell
9/30,2382,花旗環球,1590,608,192,416,3.45,2,buy
9/30,2382,台灣摩根士丹利,1470,534,2050,-1516,12.57,2,sell
9/30,2382,台新,0039004200300030,328,19,309,2.56,3,buy
9/30,2382,凱基-台北,9268,169,817,-648,5.37,3,sell
9/30,2382,統一,5850,254,5,249,2.06,4,buy
9/30,2382,新加坡商瑞銀,1650,932,1339,-407,3.37,4,sell
9/30,2382,兆豐證券,7000,206,1,205,1.7,5,buy
9/30,2382,美商高盛,1480,359,714,-355,2.94,5,sell
9/30,2382,永豐金-匯立,0039004100380031,220,28,192,1.59,6,buy
9/30,2382,中國信託,6160,55,286,-231,1.91,6,sell
9/30,2382,摩根大通,8440,1082,917,165,1.37,7,buy
9/30,2382,富邦證券,9600,56,256,-200,1.66,7,sell
9/30,2382,香港上海匯豐,8960,162,13,149,1.24,8,buy
9/30,2382,港商野村,1560,38,166,-128,1.06,8,sell
9/30,2382,合庫證券,1020,137,1,136,1.13,9,buy
9/30,2382,元大證券,9800,750,845,-95,0.79,9,sell
9/30,2382,國泰-敦南,8888,156,31,125,1.04,10,buy
9/30,2382,大和國泰,8890,0,81,-81,0.67,10,sell
9/30,2382,統一-新竹,5857,103,4,99,0.82,11,buy
9/30,2382,群益金鼎,9100,66,138,-72,0.6,11,sell
9/30,2382,玉山-城中,0038003800340045,82,6,76,0.63,12,buy
9/30,2382,華南永昌,9300,3,49,-46,0.38,12,sell
9/30,2382,新光,8560,100,27,73,0.61,13,buy
9/30,2382,富邦-中壢,9636,13,59,-46,0.38,13,sell
9/30,2382,法銀巴黎,8900,73,0,73,0.61,14,buy
9/30,2382,彰銀,1230,2,30,-28,0.23,14,sell
9/30,2382,富邦-仁愛,9676,77,10,67,0.56,15,buy
9/30,2382,台新-城中,0039004200320045,16,39,-23,0.19,15,sell
9/30,2891,摩根大通,8440,3562,1401,2161,8.19,1,buy
9/30,2891,新加坡商瑞銀,1650,1733,7694,-5961,22.58,1,sell
9/30,2891,新光,8560,2134,17,2117,8.02,2,buy
9/30,2891,美林,1440,411,3560,-3149,11.93,2,sell
9/30,2891,花旗環球,1590,1999,348,1651,6.25,3,buy
9/30,2891,台灣摩根士丹利,1470,3302,4974,-1672,6.33,3,sell
9/30,2891,永豐金-匯立,0039004100380031,1483,174,1309,4.96,4,buy
9/30,2891,國票-敦北法人,0037003700390063,0,918,-918,3.48,4,sell
9/30,2891,元大證券,9800,1872,653,1219,4.62,5,buy
9/30,2891,美商高盛,1480,879,1785,-906,3.43,5,sell
9/30,2891,凱基-台北,9268,1699,1205,494,1.87,6,buy
9/30,2891,富邦證券,9600,14,820,-806,3.05,6,sell
9/30,2891,大和國泰,8890,391,0,391,1.48,7,buy
9/30,2891,香港上海匯豐,8960,36,169,-133,0.5,7,sell
9/30,2891,永豐金證券,0039004100300030,631,332,299,1.13,8,buy
9/30,2891,兆豐-高雄,003700300030005a,3,86,-83,0.31,8,sell
9/30,2891,法銀巴黎,8900,268,52,216,0.82,9,buy
9/30,2891,凱基,9200,2,71,-69,0.26,9,sell
9/30,2891,國泰-敦南,8888,192,44,148,0.56,10,buy
9/30,2891,富邦-南京,0039003600310043,7,49,-42,0.16,10,sell
9/30,2891,永豐金-內湖,0039004100390067,120,0,120,0.45,11,buy
9/30,2891,華南永昌-中正,9359,1,40,-39,0.15,11,sell
9/30,2891,美好-市政,003500320036004d,120,0,120,0.45,12,buy
9/30,2891,凱基-士林,9238,4,35,-31,0.12,12,sell
9/30,2891,港商麥格理,1360,550,461,89,0.34,13,buy
9/30,2891,群益金鼎,9100,59,87,-28,0.11,13,sell
9/30,2891,元大-四維,9831,85,0,85,0.32,14,buy
9/30,2891,國泰證券,8880,18,44,-26,0.1,14,sell
9/30,2891,華南永昌-東勢,9358,81,0,81,0.31,15,buy
9/30,2891,元大-東泰,9817,5,30,-25,0.09,15,sell
9/30,2881,永豐金-匯立,0039004100380031,1521,225,1296,11.53,1,buy
9/30,2881,台灣摩根士丹利,1470,561,2571,-2010,17.88,1,sell
9/30,2881,摩根大通,8440,1715,663,1052,9.36,2,buy
9/30,2881,美商高盛,1480,130,1161,-1031,9.17,2,sell
9/30,2881,花旗環球,1590,1611,603,1008,8.97,3,buy
9/30,2881,凱基-台北,9268,252,806,-554,4.93,3,sell
9/30,2881,新加坡商瑞銀,1650,1520,858,662,5.89,4,buy
9/30,2881,美林,1440,118,668,-550,4.89,4,sell
9/30,2881,大和國泰,8890,201,0,201,1.79,5,buy
9/30,2881,元大-莒光,003900380031004c,1,322,-321,2.86,5,sell
9/30,2881,富邦證券,9600,139,8,131,1.17,6,buy
9/30,2881,永豐金證券,0039004100300030,319,571,-252,2.24,6,sell
9/30,2881,元大證券,9800,580,482,98,0.87,7,buy
9/30,2881,港商麥格理,1360,252,438,-186,1.65,7,sell
9/30,2881,富邦-台北,9623,138,46,92,0.82,8,buy
9/30,2881,新光,8560,16,169,-153,1.36,8,sell
9/30,2881,兆豐-城中,0037003000300057,462,373,89,0.79,9,buy
9/30,2881,華南永昌-中正,9359,1,101,-100,0.89,9,sell
9/30,2881,永豐金-內湖,0039004100390067,82,4,78,0.69,10,buy
9/30,2881,華南永昌,9300,3,99,-96,0.85,10,sell
9/30,2881,中國信託,6160,61,1,60,0.53,11,buy
9/30,2881,華南永昌-小港,9323,0,60,-60,0.53,11,sell
9/30,2881,凱基,9200,61,4,57,0.51,12,buy
9/30,2881,香港上海匯豐,8960,0,39,-39,0.35,12,sell
9/30,2881,永豐金-復興,003900410039005a,50,0,50,0.44,13,buy
9/30,2881,富邦-內湖,9627,0,31,-31,0.28,13,sell
9/30,2881,合庫-西台中,0031003000320046,51,1,50,0.44,14,buy
9/30,2881,元大-木柵,003900380033004d,0,27,-27,0.24,14,sell
9/30,2881,元大-台南,9896,46,0,46,0.41,15,buy
9/30,2881,元大-上新莊,0039003800330047,0,20,-20,0.18,15,sell
9/30,2882,香港上海匯豐,8960,2922,44,2878,13.47,1,buy
9/30,2882,美林,1440,134,3396,-3262,15.27,1,sell
9/30,2882,新加坡商瑞銀,1650,3997,2184,1813,8.49,2,buy
9/30,2882,台灣摩根士丹利,1470,608,2852,-2244,10.5,2,sell
9/30,2882,摩根大通,8440,3570,1924,1646,7.7,3,buy
9/30,2882,元大證券,9800,604,2571,-1967,9.21,3,sell
9/30,2882,花旗環球,1590,1340,424,916,4.29,4,buy
9/30,2882,美商高盛,1480,1434,2467,-1033,4.83,4,sell
9/30,2882,港商野村,1560,572,0,572,2.68,5,buy
9/30,2882,法銀巴黎,8900,32,732,-700,3.28,5,sell
9/30,2882,大和國泰,8890,410,16,394,1.84,6,buy
9/30,2882,永豐金-台中,003900410039004c,101,200,-99,0.46,6,sell
9/30,2882,港商麥格理,1360,342,0,342,1.6,7,buy
9/30,2882,國泰-館前,0038003800380041,37,121,-84,0.39,7,sell
9/30,2882,永豐金證券,0039004100300030,360,47,313,1.46,8,buy
9/30,2882,凱基,9200,1,78,-77,0.36,8,sell
9/30,2882,國泰-敦南,8888,196,72,124,0.58,9,buy
9/30,2882,台新-城中,0039004200320045,1,62,-61,0.29,9,sell
9/30,2882,華南永昌-豐原,9366,100,0,100,0.47,10,buy
9/30,2882,台新,0039004200300030,10,68,-58,0.27,10,sell
9/30,2882,永豐金-新莊,0039004100390048,89,2,87,0.41,11,buy
9/30,2882,元大-忠孝,9871,0,55,-55,0.26,11,sell
9/30,2882,永豐金-內湖,0039004100390067,78,2,76,0.36,12,buy
9/30,2882,群益金鼎-館前,0039003100330059,296,346,-50,0.23,12,sell
9/30,2882,宏遠證券,1260,65,0,65,0.3,13,buy
9/30,2882,富邦-台北,9623,46,89,-43,0.2,13,sell
9/30,2882,元大-內湖民權,9867,60,2,58,0.27,14,buy
9/30,2882,富邦-三重,9677,1,41,-40,0.19,14,sell
9/30,2882,永豐金-新店,0039004100390069,50,0,50,0.23,15,buy
9/30,2882,兆豐-忠孝,0037003000300061,10,42,-32,0.15,15,sell
9/30,2303,台灣摩根士丹利,1470,9656,5167,4489,4.39,1,buy
9/30,2303,元大證券,9800,8245,10683,-2438,2.38,1,sell
9/30,2303,富邦證券,9600,4685,312,4373,4.27,2,buy
9/30,2303,兆豐證券,7000,11,2314,-2303,2.25,2,sell
9/30,2303,香港上海匯豐,8960,2537,431,2106,2.06,3,buy
9/30,2303,美商高盛,1480,4993,6914,-1921,1.88,3,sell
9/30,2303,凱基,9200,2209,669,1540,1.5,4,buy
9/30,2303,國票-安和,003700370039005a,162,2019,-1857,1.81,4,sell
9/30,2303,永豐金證券,0039004100300030,1530,267,1263,1.23,5,buy
9/30,2303,富邦-永康,003900360031005a,54,1647,-1593,1.56,5,sell
9/30,2303,元大-士林,003900380031006a,1555,546,1009,0.99,6,buy
9/30,2303,花旗環球,1590,1374,2729,-1355,1.32,6,sell
9/30,2303,元大-蘆洲,9857,1076,86,990,0.97,7,buy
9/30,2303,台新-安南,003900420032005a,20,1313,-1293,1.26,7,sell
9/30,2303,凱基-台北,9268,3392,2712,680,0.66,8,buy
9/30,2303,康和-台北,0038003400350055,20,1308,-1288,1.26,8,sell
9/30,2303,國泰證券,8880,1100,485,615,0.6,9,buy
9/30,2303,大和國泰,8890,0,989,-989,0.97,9,sell
9/30,2303,華南永昌,9300,758,206,552,0.54,10,buy
9/30,2303,永豐金-台南,0039004100390068,596,1272,-676,0.66,10,sell
9/30,2303,元大-新莊,9898,629,156,473,0.46,11,buy
9/30,2303,群益金鼎-大安,0039003100380065,27,592,-565,0.55,11,sell
9/30,2303,元大-豐原站前,0039003800390057,524,70,454,0.44,12,buy
9/30,2303,永豐金-匯立,0039004100380031,233,755,-522,0.51,12,sell
9/30,2303,凱基-城中,9227,471,53,418,0.41,13,buy
9/30,2303,新光-新竹,8563,138,634,-496,0.48,13,sell
9/30,2303,統一,5850,994,653,341,0.33,14,buy
9/30,2303,元大-景美,0039003800340048,74,505,-431,0.42,14,sell
9/30,2303,華南永昌-大甲,9315,350,21,329,0.32,15,buy
9/30,2303,群益金鼎-三民,9188,30,419,-389,0.38,15,sell
9/30,3711,新加坡商瑞銀,1650,2072,1139,933,6.4,1,buy
9/30,3711,花旗環球,1590,420,1753,-1333,9.14,1,sell
9/30,3711,美商高盛,1480,1390,766,624,4.28,2,buy
9/30,3711,美林,1440,211,499,-288,1.97,2,sell
9/30,3711,香港上海匯豐,8960,685,101,584,4.0,3,buy
9/30,3711,大和國泰,8890,0,259,-259,1.78,3,sell
9/30,3711,摩根大通,8440,1162,611,551,3.78,4,buy
9/30,3711,凱基-站前,0039003200300046,7,222,-215,1.47,4,sell
9/30,3711,台灣摩根士丹利,1470,1121,580,541,3.71,5,buy
9/30,3711,法銀巴黎,8900,21,214,-193,1.32,5,sell
9/30,3711,凱基-台北,9268,618,166,452,3.1,6,buy
9/30,3711,群益金鼎,9100,117,278,-161,1.1,6,sell
9/30,3711,港商野村,1560,405,32,373,2.56,7,buy
9/30,3711,群益金鼎-三民,9188,1,134,-133,0.91,7,sell
9/30,3711,富邦證券,9600,276,12,264,1.81,8,buy
9/30,3711,統一,5850,104,236,-132,0.91,8,sell
9/30,3711,元大證券,9800,1579,1398,181,1.24,9,buy
9/30,3711,國泰-敦南,8888,117,231,-114,0.78,9,sell
9/30,3711,康和,8450,183,6,177,1.21,10,buy
9/30,3711,華南永昌-高雄,9303,4,61,-57,0.39,10,sell
9/30,3711,台新,0039004200300030,189,52,137,0.94,11,buy
9/30,3711,新光,8560,28,77,-49,0.34,11,sell
9/30,3711,國票-敦北法人,0037003700390063,137,5,132,0.91,12,buy
9/30,3711,國泰-館前,0038003800380041,10,48,-38,0.26,12,sell
9/30,3711,合庫證券,1020,114,4,110,0.75,13,buy
9/30,3711,台新-左楠,0039004200310064,7,41,-34,0.23,13,sell
9/30,3711,永豐金-匯立,0039004100380031,270,160,110,0.75,14,buy
9/30,3711,國泰-新莊,8886,4,37,-33,0.23,14,sell
9/30,3711,港商麥格理,1360,138,58,80,0.55,15,buy
9/30,3711,玉山-左營,0038003800340044,10,41,-31,0.21,15,sell
9/30,2603,元大證券,9800,603,196,407,8.59,1,buy
9/30,2603,台灣摩根士丹利,1470,238,769,-531,11.21,1,sell
9/30,2603,凱基-台北,9268,375,43,332,7.01,2,buy
9/30,2603,美商高盛,1480,281,536,-255,5.38,2,sell
9/30,2603,新光,8560,331,15,316,6.67,3,buy
9/30,2603,玉山證券,8840,3,235,-232,4.9,3,sell
9/30,2603,元大-復北,9872,306,0,306,6.46,4,buy
9/30,2603,第一金,5380,1,100,-99,2.09,4,sell
9/30,2603,大和國泰,8890,207,0,207,4.37,5,buy
9/30,2603,美林,1440,297,353,-56,1.18,5,sell
9/30,2603,花旗環球,1590,260,163,97,2.05,6,buy
9/30,2603,富邦-新莊,0039003600320044,1,53,-52,1.1,6,sell
9/30,2603,港商麥格理,1360,143,51,92,1.94,7,buy
9/30,2603,元大-南投,0039003800310044,1,53,-52,1.1,7,sell
9/30,2603,永豐金證券,0039004100300030,87,32,55,1.16,8,buy
9/30,2603,統一,5850,3,43,-40,0.84,8,sell
9/30,2603,摩根大通,8440,235,193,42,0.89,9,buy
9/30,2603,國泰-台中,8882,6,45,-39,0.82,9,sell
9/30,2603,群益金鼎,9100,64,24,40,0.84,10,buy
9/30,2603,光和-高雄,0036003300380044,2,38,-36,0.76,10,sell
9/30,2603,凱基-新莊,0039003200310053,30,0,30,0.63,11,buy
9/30,2603,富邦-陽明,9604,1,31,-30,0.63,11,sell
9/30,2603,富邦-台北,9623,35,11,24,0.51,12,buy
9/30,2603,新光-新竹,8563,1,27,-26,0.55,12,sell
9/30,2603,永豐金-天母,0039004100390047,21,0,21,0.44,13,buy
9/30,2603,國泰-敦南,8888,27,52,-25,0.53,13,sell
9/30,2603,元大-新生,0039003800310058,21,1,20,0.42,14,buy
9/30,2603,富邦-南京,0039003600310043,0,21,-21,0.44,14,sell
9/30,2603,法銀巴黎,8900,36,18,18,0.38,15,buy
9/30,2603,富邦-羅東,9634,1,22,-21,0.44,15,sell
9/30,2609,凱基-台北,9268,2285,131,2154,14.06,1,buy
9/30,2609,元大證券,9800,562,1191,-629,4.1,1,sell
9/30,2609,摩根大通,8440,2463,763,1700,11.09,2,buy
9/30,2609,玉山證券,8840,15,529,-514,3.35,2,sell
9/30,2609,富邦證券,9600,1586,4,1582,10.32,3,buy
9/30,2609,元大-新莊,9898,10,250,-240,1.57,3,sell
9/30,2609,美商高盛,1480,1789,600,1189,7.76,4,buy
9/30,2609,國泰-敦南,8888,55,249,-194,1.27,4,sell
9/30,2609,花旗環球,1590,794,197,597,3.9,5,buy
9/30,2609,大昌-新竹,6463,0,165,-165,1.08,5,sell
9/30,2609,大和國泰,8890,299,0,299,1.95,6,buy
9/30,2609,群益金鼎-天母,0039003100380050,0,160,-160,1.04,6,sell
9/30,2609,永豐金證券,0039004100300030,159,35,124,0.81,7,buy
9/30,2609,港商野村,1560,41,194,-153,1.0,7,sell
9/30,2609,美林,1440,458,337,121,0.79,8,buy
9/30,2609,台新-建北,0039004200310038,3,154,-151,0.99,8,sell
9/30,2609,富邦-南員林,0039003600310052,136,18,118,0.77,9,buy
9/30,2609,港商麥格理,1360,0,131,-131,0.85,9,sell
9/30,2609,法銀巴黎,8900,154,43,111,0.72,10,buy
9/30,2609,光和-高雄,0036003300380044,0,122,-122,0.8,10,sell
9/30,2609,凱基,9200,53,0,53,0.35,11,buy
9/30,2609,香港上海匯豐,8960,8,120,-112,0.73,11,sell
9/30,2609,兆豐-台中港,7005,59,12,47,0.31,12,buy
9/30,2609,台新-大裕,003900420032006c,0,108,-108,0.7,12,sell
9/30,2609,兆豐證券,7000,26,0,26,0.17,13,buy
9/30,2609,台新,0039004200300030,21,129,-108,0.7,13,sell
9/30,2609,第一金-桃園,5385,21,0,21,0.14,14,buy
9/30,2609,口袋證券,6620,6,100,-94,0.61,14,sell
9/30,2609,永豐金-豐原,0039004100390051,20,0,20,0.13,15,buy
9/30,2609,永豐金-天母,0039004100390047,0,87,-87,0.57,15,sell
9/30,2615,摩根大通,8440,1203,209,994,18.93,1,buy
9/30,2615,永豐金-匯立,0039004100380031,0,469,-469,8.93,1,sell
9/30,2615,凱基-台北,9268,665,110,555,10.57,2,buy
9/30,2615,港商野村,1560,0,261,-261,4.97,2,sell
9/30,2615,新加坡商瑞銀,1650,321,54,267,5.08,3,buy
9/30,2615,華南永昌-敦南,9347,0,101,-101,1.92,3,sell
9/30,2615,花旗環球,1590,170,23,147,2.8,4,buy
9/30,2615,新光,8560,43,110,-67,1.28,4,sell
9/30,2615,永豐金證券,0039004100300030,154,25,129,2.46,5,buy
9/30,2615,華南永昌-基隆,9322,0,63,-63,1.2,5,sell
9/30,2615,美商高盛,1480,307,184,123,2.34,6,buy
9/30,2615,法銀巴黎,8900,5,47,-42,0.8,6,sell
9/30,2615,台灣摩根士丹利,1470,410,314,96,1.83,7,buy
9/30,2615,中國信託-文心,6164,0,40,-40,0.76,7,sell
9/30,2615,大和國泰,8890,94,0,94,1.79,8,buy
9/30,2615,宏遠證券,1260,0,40,-40,0.76,8,sell
9/30,2615,群益金鼎-彰化,9187,68,0,68,1.29,9,buy
9/30,2615,玉山-高雄,8843,1,40,-39,0.74,9,sell
9/30,2615,美林,1440,169,103,66,1.26,10,buy
9/30,2615,國泰-松江,8883,0,36,-36,0.69,10,sell
9/30,2615,台新-板橋,0039004200320062,50,3,47,0.89,11,buy
9/30,2615,富邦-基隆,9614,13,48,-35,0.67,11,sell
9/30,2615,永豐金-新莊,0039004100390048,40,0,40,0.76,12,buy
9/30,2615,國泰-敦南,8888,71,102,-31,0.59,12,sell
9/30,2615,富邦證券,9600,34,4,30,0.57,13,buy
9/30,2615,凱基-中山,9229,1,32,-31,0.59,13,sell
9/30,2615,凱基-長庚,9233,21,1,20,0.38,14,buy
9/30,2615,台新,0039004200300030,9,37,-28,0.53,14,sell
9/30,2615,元大證券,9800,201,182,19,0.36,15,buy
9/30,2615,凱基-彰化,0039003200300047,0,28,-28,0.53,15,sell
9/30,2618,新加坡商瑞銀,1650,8767,744,8023,29.13,1,buy
9/30,2618,香港上海匯豐,8960,238,1433,-1195,4.34,1,sell
9/30,2618,美林,1440,2357,644,1713,6.22,2,buy
9/30,2618,永豐金-中正,0039004100390055,0,508,-508,1.84,2,sell
9/30,2618,第一金,5380,1265,3,1262,4.58,3,buy
9/30,2618,港商野村,1560,13,464,-451,1.64,3,sell
9/30,2618,大和國泰,8890,1065,0,1065,3.87,4,buy
9/30,2618,國泰-忠孝,8887,0,446,-446,1.62,4,sell
9/30,2618,美商高盛,1480,1839,1148,691,2.51,5,buy
9/30,2618,兆豐-新竹,0037003000300056,0,377,-377,1.37,5,sell
9/30,2618,中國信託,6160,672,21,651,2.36,6,buy
9/30,2618,華南永昌,9300,7,376,-369,1.34,6,sell
9/30,2618,港商麥格理,1360,511,0,511,1.86,7,buy
9/30,2618,國泰-敦南,8888,52,419,-367,1.33,7,sell
9/30,2618,元大證券,9800,1674,1198,476,1.73,8,buy
9/30,2618,第一金-中山,5389,0,352,-352,1.28,8,sell
9/30,2618,永豐金-匯立,0039004100380031,551,104,447,1.62,9,buy
9/30,2618,富邦-陽明,9604,5,334,-329,1.19,9,sell
9/30,2618,凱基-台北,9268,1549,1178,371,1.35,10,buy
9/30,2618,凱基-站前,0039003200300046,100,371,-271,0.98,10,sell
9/30,2618,花旗環球,1590,391,35,356,1.29,11,buy
9/30,2618,玉山證券,8840,9,271,-262,0.95,11,sell
9/30,2618,永豐金證券,0039004100300030,436,159,277,1.01,12,buy
9/30,2618,元大-松江,9801,1,200,-199,0.72,12,sell
9/30,2618,群益金鼎-基隆,0039003100330045,189,3,186,0.68,13,buy
9/30,2618,國泰-台南,8884,0,169,-169,0.61,13,sell
9/30,2618,法銀巴黎,8900,237,135,102,0.37,14,buy
9/30,2618,新光,8560,66,231,-165,0.6,14,sell
9/30,2618,摩根大通,8440,1473,1375,98,0.36,15,buy
9/30,2618,兆豐-台中,7003,0,150,-150,0.54,15,sell
9/30,3037,元大證券,9800,1412,752,660,6.16,1,buy
9/30,3037,美林,1440,288,791,-503,4.69,1,sell
9/30,3037,富邦證券,9600,701,186,515,4.81,2,buy
9/30,3037,美商高盛,1480,377,829,-452,4.22,2,sell
9/30,3037,台灣摩根士丹利,1470,639,416,223,2.08,3,buy
9/30,3037,港商野村,1560,37,308,-271,2.53,3,sell
9/30,3037,元大-土城永寧,9875,203,5,198,1.85,4,buy
9/30,3037,花旗環球,1590,419,518,-99,0.92,4,sell
9/30,3037,中國信託-三重,6161,203,12,191,1.78,5,buy
9/30,3037,群益金鼎,9100,116,197,-81,0.76,5,sell
9/30,3037,大和國泰,8890,207,38,169,1.58,6,buy
9/30,3037,台新-城中,0039004200320045,2,82,-80,0.75,6,sell
9/30,3037,新加坡商瑞銀,1650,1051,908,143,1.33,7,buy
9/30,3037,統一-士林,003500380035004d,3,45,-42,0.39,7,sell
9/30,3037,摩根大通,8440,512,395,117,1.09,8,buy
9/30,3037,中國信託-新竹,6165,1,43,-42,0.39,8,sell
9/30,3037,永豐金-忠孝,0039004100390044,84,6,78,0.73,9,buy
9/30,3037,香港上海匯豐,8960,1,42,-41,0.38,9,sell
9/30,3037,永豐金-匯立,0039004100380031,138,60,78,0.73,10,buy
9/30,3037,中國信託-永康,6163,5,40,-35,0.33,10,sell
9/30,3037,港商麥格理,1360,89,37,52,0.49,11,buy
9/30,3037,中國信託,6160,13,45,-32,0.3,11,sell
9/30,3037,玉山-信義,0038003800340043,43,4,39,0.36,12,buy
9/30,3037,凱基-台北,9268,368,387,-19,0.18,12,sell
9/30,3037,富邦-桃園,9665,35,7,28,0.26,13,buy
9/30,3037,第一金-嘉義,003500330038004d,3,22,-19,0.18,13,sell
9/30,3037,兆豐證券,7000,256,230,26,0.24,14,buy
9/30,3037,富邦-永和,9654,7,26,-19,0.18,14,sell
9/30,3037,富邦-建國,9658,41,18,23,0.21,15,buy
9/30,3037,元大-北投,0039003800390041,66,84,-18,0.17,15,sell
9/30,2345,台灣摩根士丹利,1470,730,126,604,8.48,1,buy
9/30,2345,國泰證券,8880,22,763,-741,10.41,1,sell
9/30,2345,摩根大通,8440,657,222,435,6.11,2,buy
9/30,2345,凱基,9200,56,473,-417,5.86,2,sell
9/30,2345,凱基-台北,9268,454,156,298,4.18,3,buy
9/30,2345,永豐金證券,0039004100300030,208,613,-405,5.69,3,sell
9/30,2345,美商高盛,1480,473,334,139,1.95,4,buy
9/30,2345,新加坡商瑞銀,1650,467,716,-249,3.5,4,sell
9/30,2345,國泰-敦南,8888,103,31,72,1.01,5,buy
9/30,2345,群益金鼎,9100,70,308,-238,3.34,5,sell
9/30,2345,兆豐證券,7000,86,26,60,0.84,6,buy
9/30,2345,統一,5850,19,240,-221,3.1,6,sell
9/30,2345,元大證券,9800,654,601,53,0.74,7,buy
9/30,2345,華南永昌,9300,11,202,-191,2.68,7,sell
9/30,2345,新光,8560,59,14,45,0.63,8,buy
9/30,2345,美林,1440,89,262,-173,2.43,8,sell
9/30,2345,法銀巴黎,8900,52,16,36,0.51,9,buy
9/30,2345,大和國泰,8890,8,165,-157,2.2,9,sell
9/30,2345,國泰-台中,8882,36,7,29,0.41,10,buy
9/30,2345,(牛牛牛)亞證券,6010,0,153,-153,2.15,10,sell
9/30,2345,群益金鼎-丹鳳,0039003100380073,29,1,28,0.39,11,buy
9/30,2345,港商野村,1560,70,178,-108,1.52,11,sell
9/30,2345,富邦-永和,9654,24,1,23,0.32,12,buy
9/30,2345,國票-敦北法人,0037003700390063,1,88,-87,1.22,12,sell
9/30,2345,玉山證券,8840,38,17,21,0.29,13,buy
9/30,2345,花旗環球,1590,57,126,-69,0.97,13,sell
9/30,2345,富邦-仁愛,9676,23,2,21,0.29,14,buy
9/30,2345,富邦證券,9600,79,146,-67,0.94,14,sell
9/30,2345,元大-台北,0039003800300068,22,3,19,0.27,15,buy
9/30,2345,永豐金-匯立,0039004100380031,11,71,-60,0.84,15,sell
9/30,3006,新加坡商瑞銀,1650,665,154,511,6.19,1,buy
9/30,3006,摩根大通,8440,42,510,-468,5.67,1,sell
9/30,3006,港商野村,1560,485,39,446,5.4,2,buy
9/30,3006,台灣摩根士丹利,1470,96,337,-241,2.92,2,sell
9/30,3006,花旗環球,1590,68,4,64,0.78,3,buy
9/30,3006,美商高盛,1480,550,750,-200,2.42,3,sell
9/30,3006,凱基-台北,9268,577,519,58,0.7,4,buy
9/30,3006,元大證券,9800,315,490,-175,2.12,4,sell
9/30,3006,第一金-嘉義,003500330038004d,56,3,53,0.64,5,buy
9/30,3006,永豐金-天母,0039004100390047,57,128,-71,0.86,5,sell
9/30,3006,元大-大里,0039003800310067,59,7,52,0.63,6,buy
9/30,3006,聯邦證券,8580,18,87,-69,0.84,6,sell
9/30,3006,元大-頭份,0039003800330055,82,40,42,0.51,7,buy
9/30,3006,永豐金-竹北,0039004100390050,17,75,-58,0.7,7,sell
9/30,3006,永豐金證券,0039004100300030,77,41,36,0.44,8,buy
9/30,3006,富邦-台北,9623,82,120,-38,0.46,8,sell
9/30,3006,法銀巴黎,8900,32,0,32,0.39,9,buy
9/30,3006,元大-雙和,9874,7,39,-32,0.39,9,sell
9/30,3006,統一-仁愛,0035003800350063,36,8,28,0.34,10,buy
9/30,3006,永豐金-新莊,0039004100390048,1,28,-27,0.33,10,sell
9/30,3006,群益金鼎-宜蘭,003900310038007a,28,4,24,0.29,11,buy
9/30,3006,凱基-高雄,9206,1,26,-25,0.3,11,sell
9/30,3006,宏遠-高雄,0031003200360051,27,3,24,0.29,12,buy
9/30,3006,凱基,9200,0,24,-24,0.29,12,sell
9/30,3006,台新-新莊,0039004200310039,24,2,22,0.27,13,buy
9/30,3006,國泰-板橋,003800380038004b,32,54,-22,0.27,13,sell
9/30,3006,台新-三重,0039004200320033,24,3,21,0.25,14,buy
9/30,3006,富邦-彰化,0039003600350055,3,26,-23,0.28,14,sell
9/30,3006,華南永昌-朴子,9329,24,3,21,0.25,15,buy
9/30,3006,凱基-雙和,0039003200300043,8,29,-21,0.25,15,sell
9/30,2379,花旗環球,1590,283,26,257,12.43,1,buy
9/30,2379,凱基,9200,5,205,-200,9.67,1,sell
9/30,2379,第一金,5380,207,1,206,9.96,2,buy
9/30,2379,港商野村,1560,3,113,-110,5.32,2,sell
9/30,2379,美林,1440,230,47,183,8.85,3,buy
9/30,2379,富邦證券,9600,15,106,-91,4.4,3,sell
9/30,2379,台灣摩根士丹利,1470,167,81,86,4.16,4,buy
9/30,2379,美商高盛,1480,179,249,-70,3.38,4,sell
9/30,2379,永豐金-匯立,0039004100380031,77,31,46,2.22,5,buy
9/30,2379,玉山證券,8840,1,66,-65,3.14,5,sell
9/30,2379,港商麥格理,1360,23,0,23,1.11,6,buy
9/30,2379,凱基-台北,9268,50,109,-59,2.85,6,sell
9/30,2379,國泰-板橋,003800380038004b,15,0,15,0.73,7,buy
9/30,2379,華南永昌-中正,9359,0,55,-55,2.66,7,sell
9/30,2379,國票-彰化,0037003700390057,11,0,11,0.53,8,buy
9/30,2379,元大證券,9800,63,95,-32,1.55,8,sell
9/30,2379,摩根大通,8440,221,210,11,0.53,9,buy
9/30,2379,法銀巴黎,8900,3,32,-29,1.4,9,sell
9/30,2379,元大-東港,0039003800390066,10,0,10,0.48,10,buy
9/30,2379,中國信託,6160,5,33,-28,1.35,10,sell
9/30,2379,玉山-雙和,8841,8,0,8,0.39,11,buy
9/30,2379,新加坡商瑞銀,1650,46,73,-27,1.31,11,sell
9/30,2379,富邦-頭份,0039003600320050,7,0,7,0.34,12,buy
9/30,2379,康和-新竹,8456,0,21,-21,1.02,12,sell
9/30,2379,元大-竹科,003900380030004b,8,1,7,0.34,13,buy
9/30,2379,富邦-三重,9677,0,20,-20,0.97,13,sell
9/30,2379,元大-竹東,0039003800330066,5,0,5,0.24,14,buy
9/30,2379,統一-桃園,0035003800350048,0,20,-20,0.97,14,sell
9/30,2379,富邦-台北,9623,6,2,4,0.19,15,buy
9/30,2379,國泰-敦南,8888,9,20,-11,0.53,15,sell
9/30,3034,新加坡商瑞銀,1650,977,284,693,15.43,1,buy
9/30,3034,美商高盛,1480,324,819,-495,11.02,1,sell
9/30,3034,台灣摩根士丹利,1470,510,109,401,8.93,2,buy
9/30,3034,國泰證券,8880,8,501,-493,10.98,2,sell
9/30,3034,元大證券,9800,512,193,319,7.1,3,buy
9/30,3034,永豐金證券,0039004100300030,46,172,-126,2.81,3,sell
9/30,3034,凱基-台北,9268,421,111,310,6.9,4,buy
9/30,3034,富邦證券,9600,25,105,-80,1.78,4,sell
9/30,3034,花旗環球,1590,189,22,167,3.72,5,buy
9/30,3034,兆豐證券,7000,1,62,-61,1.36,5,sell
9/30,3034,永豐金-匯立,0039004100380031,74,44,30,0.67,6,buy
9/30,3034,香港上海匯豐,8960,0,56,-56,1.25,6,sell
9/30,3034,港商麥格理,1360,144,119,25,0.56,7,buy
9/30,3034,港商野村,1560,31,83,-52,1.16,7,sell
9/30,3034,富邦-羅東,9634,20,1,19,0.42,8,buy
9/30,3034,國票-敦北法人,0037003700390063,0,50,-50,1.11,8,sell
9/30,3034,法銀巴黎,8900,14,2,12,0.27,9,buy
9/30,3034,第一金-新竹,0035003300380042,0,33,-33,0.73,9,sell
9/30,3034,凱基,9200,11,1,10,0.22,10,buy
9/30,3034,兆豐-寶成,0037003000300072,3,27,-24,0.53,10,sell
9/30,3034,中國信託-新竹,6165,10,1,9,0.2,11,buy
9/30,3034,台新-林園,0039004200320037,0,20,-20,0.45,11,sell
9/30,3034,安泰,8380,8,0,8,0.18,12,buy
9/30,3034,華南永昌-台中,9302,4,21,-17,0.38,12,sell
9/30,3034,群益金鼎,9100,45,37,8,0.18,13,buy
9/30,3034,富邦-頭份,0039003600320050,0,16,-16,0.36,13,sell
9/30,3034,元大-成功,003900380039004c,8,2,6,0.13,14,buy
9/30,3034,玉山-信義,0038003800340043,10,23,-13,0.29,14,sell
9/30,3034,台新-松德,0039004200320061,11,6,5,0.11,15,buy
9/30,3034,國泰-館前,0038003800380041,3,16,-13,0.29,15,sell
9/30,2412,摩根大通,8440,1192,116,1076,10.14,1,buy
9/30,2412,國泰證券,8880,5,908,-903,8.51,1,sell
9/30,2412,台灣摩根士丹利,1470,1117,490,627,5.91,2,buy
9/30,2412,第一金-安和,003500330038006a,0,700,-700,6.6,2,sell
9/30,2412,凱基-台北,9268,1385,891,494,4.66,3,buy
9/30,2412,新加坡商瑞銀,1650,1584,2226,-642,6.05,3,sell
9/30,2412,元大證券,9800,616,168,448,4.22,4,buy
9/30,2412,臺銀,1040,2,500,-498,4.69,4,sell
9/30,2412,花旗環球,1590,398,1,397,3.74,5,buy
9/30,2412,美商高盛,1480,550,983,-433,4.08,5,sell
9/30,2412,永豐金-匯立,0039004100380031,344,86,258,2.43,6,buy
9/30,2412,富邦-建國,9658,0,215,-215,2.03,6,sell
9/30,2412,永豐金證券,0039004100300030,141,7,134,1.26,7,buy
9/30,2412,永豐金-內湖,0039004100390067,0,157,-157,1.48,7,sell
9/30,2412,富邦證券,9600,134,1,133,1.25,8,buy
9/30,2412,台新-中壢,0039004200310079,1,144,-143,1.35,8,sell
9/30,2412,大和國泰,8890,133,0,133,1.25,9,buy
9/30,2412,美林,1440,112,251,-139,1.31,9,sell
9/30,2412,中國信託,6160,131,4,127,1.2,10,buy
9/30,2412,法銀巴黎,8900,67,176,-109,1.03,10,sell
9/30,2412,華南永昌-台南,9306,118,0,118,1.11,11,buy
9/30,2412,華南永昌,9300,5,113,-108,1.02,11,sell
9/30,2412,港商麥格理,1360,115,0,115,1.08,12,buy
9/30,2412,永全證券,6450,0,60,-60,0.57,12,sell
9/30,2412,群益金鼎-東大,9135,1422,1321,101,0.95,13,buy
9/30,2412,高橋,5320,0,43,-43,0.41,13,sell
9/30,2412,群益金鼎,9100,48,2,46,0.43,14,buy
9/30,2412,新百王,6210,1,36,-35,0.33,14,sell
9/30,2412,合庫-西台中,0031003000320046,34,0,34,0.32,15,buy
9/30,2412,元大-六合,0039003800320043,0,20,-20,0.19,15,sell
9/30,2409,富邦證券,9600,58983,5100,53883,12.47,1,buy
9/30,2409,國泰-敦南,8888,7114,14236,-7122,1.65,1,sell
9/30,2409,元大證券,9800,58274,25427,32847,7.6,2,buy
9/30,2409,統一,5850,4120,8471,-4351,1.01,2,sell
9/30,2409,凱基-信義,9216,31519,493,31026,7.18,3,buy
9/30,2409,凱基-林口,9257,82,4418,-4336,1.0,3,sell
9/30,2409,台灣摩根士丹利,1470,24068,3202,20866,4.83,4,buy
9/30,2409,富邦-板橋,9655,497,4439,-3942,0.91,4,sell
9/30,2409,美商高盛,1480,25605,10322,15283,3.54,5,buy
9/30,2409,中國信託-新竹,6165,95,3918,-3823,0.88,5,sell
9/30,2409,新加坡商瑞銀,1650,21624,7053,14571,3.37,6,buy
9/30,2409,元大-頭份,0039003800330055,165,2464,-2299,0.53,6,sell
9/30,2409,凱基-台北,9268,34386,21292,13094,3.03,7,buy
9/30,2409,元大-南京,9862,150,2190,-2040,0.47,7,sell
9/30,2409,美林,1440,7968,609,7359,1.7,8,buy
9/30,2409,新光,8560,1511,3452,-1941,0.45,8,sell
9/30,2409,凱基-城中,9227,6404,499,5905,1.37,9,buy
9/30,2409,富邦-台北,9623,500,2347,-1847,0.43,9,sell
9/30,2409,台新-西松,003900420032006e,5338,381,4957,1.15,10,buy
9/30,2409,國泰-板橋,003800380038004b,769,2335,-1566,0.36,10,sell
9/30,2409,富邦-南屯,9666,5156,508,4648,1.08,11,buy
9/30,2409,國泰-台中,8882,1032,2520,-1488,0.34,11,sell
9/30,2409,群益金鼎,9100,6184,1780,4404,1.02,12,buy
9/30,2409,港商麥格理,1360,0,1366,-1366,0.32,12,sell
9/30,2409,摩根大通,8440,4530,1332,3198,0.74,13,buy
9/30,2409,台新-五權西,0039004200320035,54,1408,-1354,0.31,13,sell
9/30,2409,國票-敦北法人,0037003700390063,3255,425,2830,0.65,14,buy
9/30,2409,玉山-嘉義,8848,138,1402,-1264,0.29,14,sell
9/30,2409,群益金鼎-館前,0039003100330059,2260,361,1899,0.44,15,buy
9/30,2409,兆豐-台中港,7005,192,1436,-1244,0.29,15,sell
9/30,2892,永豐金-匯立,0039004100380031,3300,327,2973,10.26,1,buy
9/30,2892,台灣摩根士丹利,1470,908,4653,-3745,12.92,1,sell
9/30,2892,永豐金證券,0039004100300030,2982,11,2971,10.25,2,buy
9/30,2892,新加坡商瑞銀,1650,2128,5393,-3265,11.27,2,sell
9/30,2892,元大證券,9800,2779,555,2224,7.67,3,buy
9/30,2892,統一-基隆,0035003800350041,0,3137,-3137,10.83,3,sell
9/30,2892,凱基-台北,9268,3024,1644,1380,4.76,4,buy
9/30,2892,永豐金-板新,003900410039004a,6,1427,-1421,4.9,4,sell
9/30,2892,台新,0039004200300030,1273,63,1210,4.18,5,buy
9/30,2892,美林,1440,290,1516,-1226,4.23,5,sell
9/30,2892,美商高盛,1480,2058,1240,818,2.82,6,buy
9/30,2892,中國信託-三重,6161,4,650,-646,2.23,6,sell
9/30,2892,摩根大通,8440,3194,2467,727,2.51,7,buy
9/30,2892,國泰證券,8880,8,229,-221,0.76,7,sell
9/30,2892,港商麥格理,1360,445,28,417,1.44,8,buy
9/30,2892,第一金-高雄,5383,1,200,-199,0.69,8,sell
9/30,2892,花旗環球,1590,1555,1197,358,1.24,9,buy
9/30,2892,元大-鹿港,0039003800390053,0,130,-130,0.45,9,sell
9/30,2892,凱基,9200,321,0,321,1.11,10,buy
9/30,2892,華南永昌-岡山,9324,1,100,-99,0.34,10,sell
9/30,2892,大和國泰,8890,266,0,266,0.92,11,buy
9/30,2892,第一金-員林,5381,6,104,-98,0.34,11,sell
9/30,2892,法銀巴黎,8900,185,0,185,0.64,12,buy
9/30,2892,港商野村,1560,18,116,-98,0.34,12,sell
9/30,2892,華南永昌-中正,9359,112,0,112,0.39,13,buy
9/30,2892,永豐金-松山,0039004100390031,1,86,-85,0.29,13,sell
9/30,2892,香港上海匯豐,8960,161,54,107,0.37,14,buy
9/30,2892,群益金鼎-東大,9135,8,90,-82,0.28,14,sell
9/30,2892,國票-台南,0037003700390044,100,1,99,0.34,15,buy
9/30,2892,中國信託,6160,18,74,-56,0.19,15,sell
9/30,6770,美商高盛,1480,16542,2613,13929,10.17,1,buy
9/30,6770,國泰-敦南,8888,2184,4264,-2080,1.52,1,sell
9/30,6770,台灣摩根士丹利,1470,12690,1696,10994,8.03,2,buy
9/30,6770,高橋,5320,101,857,-756,0.55,2,sell
9/30,6770,摩根大通,8440,9320,122,9198,6.72,3,buy
9/30,6770,永豐金-市政,0039004100390057,108,812,-704,0.51,3,sell
9/30,6770,凱基-台北,9268,12567,4561,8006,5.85,4,buy
9/30,6770,台灣企銀-竹北,1117,57,719,-662,0.48,4,sell
9/30,6770,新加坡商瑞銀,1650,6517,441,6076,4.44,5,buy
9/30,6770,香港上海匯豐,8960,0,538,-538,0.39,5,sell
9/30,6770,元大證券,9800,14109,8535,5574,4.07,6,buy
9/30,6770,臺銀-高雄,0031003000340043,111,621,-510,0.37,6,sell
9/30,6770,美林,1440,5766,471,5295,3.87,7,buy
9/30,6770,國泰-台中,8882,429,864,-435,0.32,7,sell
9/30,6770,港商野村,1560,1476,72,1404,1.03,8,buy
9/30,6770,富邦-台北,9623,295,728,-433,0.32,8,sell
9/30,6770,康和,8450,1106,26,1080,0.79,9,buy
9/30,6770,新光-台中,8561,251,652,-401,0.29,9,sell
9/30,6770,統一,5850,1301,271,1030,0.75,10,buy
9/30,6770,新光,8560,631,1024,-393,0.29,10,sell
9/30,6770,永豐金證券,0039004100300030,1933,1094,839,0.61,11,buy
9/30,6770,華南永昌-嘉義,9314,116,505,-389,0.28,11,sell
9/30,6770,富邦-南屯,9666,826,334,492,0.36,12,buy
9/30,6770,京城,8490,6,379,-373,0.27,12,sell
9/30,6770,兆豐-民生,0037003000300063,513,86,427,0.31,13,buy
9/30,6770,富邦-板橋,9655,179,551,-372,0.27,13,sell
9/30,6770,法銀巴黎,8900,426,12,414,0.3,14,buy
9/30,6770,兆豐-板橋,0037003000300042,19,384,-365,0.27,14,sell
9/30,6770,富邦證券,9600,989,587,402,0.29,15,buy
9/30,6770,永豐金-板新,003900410039004a,102,456,-354,0.26,15,sell
9/30,2886,摩根大通,8440,2769,660,2109,13.15,1,buy
9/30,2886,新加坡商瑞銀,1650,699,3936,-3237,20.18,1,sell
9/30,2886,元大證券,9800,2073,547,1526,9.51,2,buy
9/30,2886,美林,1440,726,2340,-1614,10.06,2,sell
9/30,2886,港商麥格理,1360,739,0,739,4.61,3,buy
9/30,2886,台灣摩根士丹利,1470,1192,2791,-1599,9.97,3,sell
9/30,2886,新光,8560,769,195,574,3.58,4,buy
9/30,2886,美商高盛,1480,508,1387,-879,5.48,4,sell
9/30,2886,花旗環球,1590,1460,888,572,3.57,5,buy
9/30,2886,台新-台北,0039004200320030,0,518,-518,3.23,5,sell
9/30,2886,永豐金證券,0039004100300030,634,173,461,2.87,6,buy
9/30,2886,中國信託-三重,6161,6,100,-94,0.59,6,sell
9/30,2886,大和國泰,8890,318,0,318,1.98,7,buy
9/30,2886,富邦-台北,9623,24,101,-77,0.48,7,sell
9/30,2886,華南永昌-林口,9317,154,0,154,0.96,8,buy
9/30,2886,香港上海匯豐,8960,0,54,-54,0.34,8,sell
9/30,2886,永豐金-匯立,0039004100380031,230,142,88,0.55,9,buy
9/30,2886,華南永昌-世貿,9334,0,53,-53,0.33,9,sell
9/30,2886,臺銀-金山,0031003000340044,83,6,77,0.48,10,buy
9/30,2886,富邦-南京,0039003600310043,5,50,-45,0.28,10,sell
9/30,2886,法銀巴黎,8900,75,0,75,0.47,11,buy
9/30,2886,兆豐-嘉義,7001,0,41,-41,0.26,11,sell
9/30,2886,群益金鼎-彰化,9187,49,0,49,0.31,12,buy
9/30,2886,港商野村,1560,0,39,-39,0.24,12,sell
9/30,2886,臺銀,1040,47,3,44,0.27,13,buy
9/30,2886,凱基-台南,9211,7,44,-37,0.23,13,sell
9/30,2886,華南永昌-虎尾,9377,38,0,38,0.24,14,buy
9/30,2886,兆豐-中壢,0037003000300062,0,35,-35,0.22,14,sell
9/30,2886,群益金鼎,9100,85,49,36,0.22,15,buy
9/30,2886,元大-龍潭,9858,17,50,-33,0.21,15,sell
9/30,3481,台灣摩根士丹利,1470,29146,4050,25096,5.16,1,buy
9/30,3481,國泰-敦南,8888,8797,17954,-9157,1.88,1,sell
9/30,3481,台新-台北,0039004200320030,25046,238,24808,5.1,2,buy
9/30,3481,國泰-台中,8882,1243,3667,-2424,0.5,2,sell
9/30,3481,富邦證券,9600,29782,7241,22541,4.64,3,buy
9/30,3481,新光,8560,2393,4243,-1850,0.38,3,sell
9/30,3481,美商高盛,1480,28273,7227,21046,4.33,4,buy
9/30,3481,國泰-板橋,003800380038004b,1315,2865,-1550,0.32,4,sell
9/30,3481,美林,1440,23289,3177,20112,4.14,5,buy
9/30,3481,富邦-敦南,9663,157,1537,-1380,0.28,5,sell
9/30,3481,凱基-城中,9227,16737,361,16376,3.37,6,buy
9/30,3481,元大-成功,003900380039004c,380,1695,-1315,0.27,6,sell
9/30,3481,新加坡商瑞銀,1650,18338,2700,15638,3.22,7,buy
9/30,3481,國泰-松江,8883,664,1956,-1292,0.27,7,sell
9/30,3481,凱基-台北,9268,23571,12934,10637,2.19,8,buy
9/30,3481,國泰-高雄,8881,573,1840,-1267,0.26,8,sell
9/30,3481,統一,5850,11080,1131,9949,2.05,9,buy
9/30,3481,兆豐-北高雄,0037003000300049,91,1308,-1217,0.25,9,sell
9/30,3481,元大證券,9800,32730,24238,8492,1.75,10,buy
9/30,3481,富邦-永和,9654,822,2030,-1208,0.25,10,sell
9/30,3481,國票-敦北法人,0037003700390063,7066,301,6765,1.39,11,buy
9/30,3481,元大-蘆洲,9857,362,1514,-1152,0.24,11,sell
9/30,3481,統一-城中,5854,5785,370,5415,1.11,12,buy
9/30,3481,玉山-嘉義,8848,162,1216,-1054,0.22,12,sell
9/30,3481,國票-安和,003700370039005a,5844,438,5406,1.11,13,buy
9/30,3481,國泰-桃園,8885,1399,2448,-1049,0.22,13,sell
9/30,3481,群益金鼎,9100,9813,5316,4497,0.93,14,buy
9/30,3481,中國信託-文心,6164,328,1365,-1037,0.21,14,sell
9/30,3481,摩根大通,8440,5129,707,4422,0.91,15,buy
9/30,3481,元大-桃園,0039003800380042,204,1239,-1035,0.21,15,sell
9/30,5880,摩根大通,8440,2845,1727,1118,6.23,1,buy
9/30,5880,新加坡商瑞銀,1650,1064,5076,-4012,22.36,1,sell
9/30,5880,花旗環球,1590,1615,556,1059,5.9,2,buy
9/30,5880,美商高盛,1480,629,2834,-2205,12.29,2,sell
9/30,5880,美林,1440,1587,593,994,5.54,3,buy
9/30,5880,凱基-台北,9268,230,743,-513,2.86,3,sell
9/30,5880,港商麥格理,1360,963,0,963,5.37,4,buy
9/30,5880,群益金鼎,9100,36,444,-408,2.27,4,sell
9/30,5880,大和國泰,8890,532,0,532,2.96,5,buy
9/30,5880,元大-崇德,0039003800310053,2,80,-78,0.43,5,sell
9/30,5880,永豐金-匯立,0039004100380031,718,271,447,2.49,6,buy
9/30,5880,第一金,5380,0,72,-72,0.4,6,sell
9/30,5880,台灣摩根士丹利,1470,2336,1915,421,2.35,7,buy
9/30,5880,合庫-自強,0031003000320043,7,77,-70,0.39,7,sell
9/30,5880,永豐金-永康,0039004100390063,400,0,400,2.23,8,buy
9/30,5880,富邦-台南,9667,0,65,-65,0.36,8,sell
9/30,5880,永豐金證券,0039004100300030,400,18,382,2.13,9,buy
9/30,5880,富邦-板橋,9655,1,60,-59,0.33,9,sell
9/30,5880,群益金鼎-三重,0039003100330067,220,1,219,1.22,10,buy
9/30,5880,元大-善化,0039003800310079,2,61,-59,0.33,10,sell
9/30,5880,康和-嘉義,8459,201,0,201,1.12,11,buy
9/30,5880,富邦-岡山,9616,5,64,-59,0.33,11,sell
9/30,5880,元大證券,9800,534,380,154,0.86,12,buy
9/30,5880,群益金鼎-東門,0039003100380044,2,55,-53,0.3,12,sell
9/30,5880,元大-虎尾,003900380030006c,151,0,151,0.84,13,buy
9/30,5880,香港上海匯豐,8960,0,52,-52,0.29,13,sell
9/30,5880,凱基,9200,100,0,100,0.56,14,buy
9/30,5880,國票-中正,7797,0,51,-51,0.28,14,sell
9/30,5880,富邦-永康,003900360031005a,100,0,100,0.56,15,buy
9/30,5880,台新-大裕,003900420032006c,2,52,-50,0.28,15,sell
9/30,8150,元大證券,9800,13160,7875,5285,6.69,1,buy
9/30,8150,國泰-敦南,8888,1432,2989,-1557,1.97,1,sell
9/30,8150,凱基-台北,9268,8350,3259,5091,6.44,2,buy
9/30,8150,兆豐-台中,7003,8,536,-528,0.67,2,sell
9/30,8150,美商高盛,1480,5942,1645,4297,5.44,3,buy
9/30,8150,元大-松江,9801,119,459,-340,0.43,3,sell
9/30,8150,摩根大通,8440,4039,549,3490,4.42,4,buy
9/30,8150,台新-城東,0039004200320072,15,342,-327,0.41,4,sell
9/30,8150,台灣摩根士丹利,1470,3720,896,2824,3.58,5,buy
9/30,8150,國泰-台中,8882,183,501,-318,0.4,5,sell
9/30,8150,統一,5850,1715,181,1534,1.94,6,buy
9/30,8150,國泰-板橋,003800380038004b,187,483,-296,0.37,6,sell
9/30,8150,統一-城中,5854,1377,47,1330,1.68,7,buy
9/30,8150,台新,0039004200300030,316,600,-284,0.36,7,sell
9/30,8150,國票-安和,003700370039005a,1394,70,1324,1.68,8,buy
9/30,8150,元大-北屯,0039003800390064,24,295,-271,0.34,8,sell
9/30,8150,國票-敦北法人,0037003700390063,1333,37,1296,1.64,9,buy
9/30,8150,華南永昌,9300,133,395,-262,0.33,9,sell
9/30,8150,群益金鼎,9100,1334,456,878,1.11,10,buy
9/30,8150,兆豐-台中港,7005,251,505,-254,0.32,10,sell
9/30,8150,港商野村,1560,745,0,745,0.94,11,buy
9/30,8150,國泰-高雄,8881,102,344,-242,0.31,11,sell
9/30,8150,新加坡商瑞銀,1650,1045,358,687,0.87,12,buy
9/30,8150,新光,8560,199,439,-240,0.3,12,sell
9/30,8150,富邦證券,9600,6757,6195,562,0.71,13,buy
9/30,8150,中國信託-文心,6164,60,290,-230,0.29,13,sell
9/30,8150,美林,1440,1278,738,540,0.68,14,buy
9/30,8150,元大-中壢,9834,96,286,-190,0.24,14,sell
9/30,8150,永豐金證券,0039004100300030,1166,671,495,0.63,15,buy
9/30,8150,國泰-桃園,8885,163,353,-190,0.24,15,sell
9/30,5876,花旗環球,1590,802,20,782,11.3,1,buy
9/30,5876,新加坡商瑞銀,1650,316,1996,-1680,24.28,1,sell
9/30,5876,台灣摩根士丹利,1470,1221,591,630,9.11,2,buy
9/30,5876,美商高盛,1480,552,1181,-629,9.09,2,sell
9/30,5876,摩根大通,8440,899,402,497,7.18,3,buy
9/30,5876,港商野村,1560,0,238,-238,3.44,3,sell
9/30,5876,凱基,9200,482,0,482,6.97,4,buy
9/30,5876,美林,1440,154,329,-175,2.53,4,sell
9/30,5876,凱基-台北,9268,717,346,371,5.36,5,buy
9/30,5876,群益金鼎-館前,0039003100330059,0,134,-134,1.94,5,sell
9/30,5876,永豐金證券,0039004100300030,369,16,353,5.1,6,buy
9/30,5876,華南永昌,9300,0,115,-115,1.66,6,sell
9/30,5876,元大證券,9800,329,51,278,4.02,7,buy
9/30,5876,中國信託-三重,6161,0,100,-100,1.45,7,sell
9/30,5876,大和國泰,8890,255,0,255,3.69,8,buy
9/30,5876,第一金-安和,003500330038006a,2,70,-68,0.98,8,sell
9/30,5876,富邦證券,9600,412,189,223,3.22,9,buy
9/30,5876,元大-桃興,9894,0,61,-61,0.88,9,sell
9/30,5876,永豐金-匯立,0039004100380031,154,2,152,2.2,10,buy
9/30,5876,國票-長城,0037003700390075,0,60,-60,0.87,10,sell
9/30,5876,法銀巴黎,8900,68,0,68,0.98,11,buy
9/30,5876,台新-台北,0039004200320030,0,50,-50,0.72,11,sell
9/30,5876,群益金鼎,9100,45,21,24,0.35,12,buy
9/30,5876,永豐金-台南,0039004100390068,0,50,-50,0.72,12,sell
9/30,5876,大昌-新店,6464,20,0,20,0.29,13,buy
9/30,5876,國泰-台中,8882,0,41,-41,0.59,13,sell
9/30,5876,華南永昌-東昇,9386,10,0,10,0.14,14,buy
9/30,5876,元大-大天母,9893,0,40,-40,0.58,14,sell
9/30,5876,台新-北新莊,0039004200320038,10,0,10,0.14,15,buy
9/30,5876,宏遠證券,1260,1,37,-36,0.52,15,sell
9/30,1314,台灣摩根士丹利,1470,12167,1208,10959,12.86,1,buy
9/30,1314,永豐金證券,0039004100300030,1232,9294,-8062,9.46,1,sell
9/30,1314,摩根大通,8440,9528,829,8699,10.21,2,buy
9/30,1314,華南永昌,9300,29,8046,-8017,9.41,2,sell
9/30,1314,凱基-台北,9268,10540,2257,8283,9.72,3,buy
9/30,1314,國泰-敦南,8888,1752,4542,-2790,3.27,3,sell
9/30,1314,美商高盛,1480,7032,854,6178,7.25,4,buy
9/30,1314,國票-和平,003700370039006a,295,1300,-1005,1.18,4,sell
9/30,1314,新加坡商瑞銀,1650,1872,21,1851,2.17,5,buy
9/30,1314,臺銀-高雄,0031003000340043,43,922,-879,1.03,5,sell
9/30,1314,元大證券,9800,5133,3633,1500,1.76,6,buy
9/30,1314,元大-大雅,0039003800330069,38,569,-531,0.62,6,sell
9/30,1314,美林,1440,1518,105,1413,1.66,7,buy
9/30,1314,凱基-屏東,0039003200320043,1,519,-518,0.61,7,sell
9/30,1314,港商野村,1560,1375,29,1346,1.58,8,buy
9/30,1314,國泰-台中,8882,167,681,-514,0.6,8,sell
9/30,1314,凱基-中壢,9285,586,60,526,0.62,9,buy
9/30,1314,新光,8560,289,791,-502,0.59,9,sell
9/30,1314,兆豐-西螺,0037003000300044,503,0,503,0.59,10,buy
9/30,1314,第一金-員林,5381,166,602,-436,0.51,10,sell
9/30,1314,統一-敦南,5852,375,42,333,0.39,11,buy
9/30,1314,兆豐-高雄,003700300030005a,60,454,-394,0.46,11,sell
9/30,1314,美好-蘆洲,5261,460,140,320,0.38,12,buy
9/30,1314,元大-中和,0039003800390065,10,383,-373,0.44,12,sell
9/30,1314,永豐金-市政,0039004100390057,396,86,310,0.36,13,buy
9/30,1314,富邦-台北,9623,61,372,-311,0.36,13,sell
9/30,1314,元大-苑裡,0039003800390061,297,24,273,0.32,14,buy
9/30,1314,玉山-左營,0038003800340044,57,361,-304,0.36,14,sell
9/30,1314,國泰-桃園,8885,691,488,203,0.24,15,buy
9/30,1314,華南永昌-台南,9306,110,411,-301,0.35,15,sell
9/30,2324,美商高盛,1480,8024,2286,5738,12.39,1,buy
9/30,2324,永豐金-匯立,0039004100380031,4,3165,-3161,6.82,1,sell
9/30,2324,元大-忠孝鼎富,0039003800320046,3608,0,3608,7.79,2,buy
9/30,2324,港商麥格理,1360,42,2226,-2184,4.71,2,sell
9/30,2324,花旗環球,1590,3126,16,3110,6.71,3,buy
9/30,2324,富邦證券,9600,199,1648,-1449,3.13,3,sell
9/30,2324,台灣摩根士丹利,1470,5043,3755,1288,2.78,4,buy
9/30,2324,摩根大通,8440,497,1804,-1307,2.82,4,sell
9/30,2324,新加坡商瑞銀,1650,2337,1699,638,1.38,5,buy
9/30,2324,美林,1440,352,1158,-806,1.74,5,sell
9/30,2324,大和國泰,8890,552,0,552,1.19,6,buy
9/30,2324,玉山-台中,0038003800340042,13,566,-553,1.19,6,sell
9/30,2324,國票-敦北法人,0037003700390063,500,11,489,1.06,7,buy
9/30,2324,元大-北投,0039003800390041,80,622,-542,1.17,7,sell
9/30,2324,富邦-北港,0039003600390043,257,11,246,0.53,8,buy
9/30,2324,新光,8560,502,883,-381,0.82,8,sell
9/30,2324,兆豐證券,7000,236,6,230,0.5,9,buy
9/30,2324,臺銀-高雄,0031003000340043,22,372,-350,0.76,9,sell
9/30,2324,臺銀,1040,240,14,226,0.49,10,buy
9/30,2324,中國信託-忠孝,6162,9,331,-322,0.7,10,sell
9/30,2324,凱基,9200,195,4,191,0.41,11,buy
9/30,2324,富邦-陽明,9604,174,480,-306,0.66,11,sell
9/30,2324,永豐金證券,0039004100300030,505,348,157,0.34,12,buy
9/30,2324,元大-嘉義,0039003800390067,11,301,-290,0.63,12,sell
9/30,2324,群益金鼎-內湖,0039003100380064,146,0,146,0.32,13,buy
9/30,2324,元大-雙和,9874,27,283,-256,0.55,13,sell
9/30,2324,統一-板橋,0035003800350050,141,8,133,0.29,14,buy
9/30,2324,富邦-永和,9654,47,287,-240,0.52,14,sell
9/30,2324,兆豐-三民,0037003000300068,105,3,102,0.22,15,buy
9/30,2324,(牛牛牛)亞-鑫豐,0036003000310064,19,258,-239,0.52,15,sell
9/30,0050,國泰證券,8880,2079,29,2050,3.36,1,buy
9/30,0050,群益金鼎,9100,1378,3543,-2165,3.55,1,sell
9/30,0050,元大證券,9800,10504,8520,1984,3.26,2,buy
9/30,0050,凱基-台北,9268,11826,13805,-1979,3.25,2,sell
9/30,0050,康和,8450,1400,81,1319,2.16,3,buy
9/30,0050,中國信託,6160,1806,3521,-1715,2.81,3,sell
9/30,0050,香港上海匯豐,8960,1300,0,1300,2.13,4,buy
9/30,0050,元大-館前,003900380034004b,12,1318,-1306,2.14,4,sell
9/30,0050,富邦證券,9600,1302,303,999,1.64,5,buy
9/30,0050,新加坡商瑞銀,1650,815,1631,-816,1.34,5,sell
9/30,0050,玉山證券,8840,968,178,790,1.3,6,buy
9/30,0050,臺銀-金山,0031003000340044,25,548,-523,0.86,6,sell
9/30,0050,台新,0039004200300030,1000,431,569,0.93,7,buy
9/30,0050,國泰-敦南,8888,1610,1894,-284,0.47,7,sell
9/30,0050,統一,5850,607,73,534,0.88,8,buy
9/30,0050,元大-台南,9896,18,297,-279,0.46,8,sell
9/30,0050,永豐金證券,0039004100300030,2451,2079,372,0.61,9,buy
9/30,0050,華南永昌-古亭,9309,74,272,-198,0.32,9,sell
9/30,0050,元大-博愛,0039003800320042,406,136,270,0.44,10,buy
9/30,0050,群益金鼎-桃園,9189,226,413,-187,0.31,10,sell
9/30,0050,合庫-台中,1021,303,57,246,0.4,11,buy
9/30,0050,國泰-台中,8882,199,387,-188,0.31,11,sell
9/30,0050,元大-基隆,0039003800390059,209,18,191,0.31,12,buy
9/30,0050,新光-台中,8561,211,391,-180,0.3,12,sell
9/30,0050,凱基,9200,171,18,153,0.25,13,buy
9/30,0050,台新-板橋,0039004200320062,11,184,-173,0.28,13,sell
9/30,0050,兆豐-南門,0037003000300067,164,45,119,0.2,14,buy
9/30,0050,統一-新台中,0035003800350044,8,169,-161,0.26,14,sell
9/30,0050,國泰-板橋,003800380038004b,315,216,99,0.16,15,buy
9/30,0050,法銀巴黎,8900,0,151,-151,0.25,15,sell
9/30,0056,凱基-台北,9268,7179,3704,3475,10.86,1,buy
9/30,0056,元大證券,9800,1877,12001,-10124,31.65,1,sell
9/30,0056,凱基,9200,1452,1,1451,4.54,2,buy
9/30,0056,永豐金證券,0039004100300030,1495,3602,-2107,6.59,2,sell
9/30,0056,群益金鼎,9100,1211,413,798,2.49,3,buy
9/30,0056,元大-北屯,0039003800390064,14,572,-558,1.74,3,sell
9/30,0056,中國信託,6160,598,201,397,1.24,4,buy
9/30,0056,凱基-中山,9229,16,314,-298,0.93,4,sell
9/30,0056,國泰證券,8880,317,4,313,0.98,5,buy
9/30,0056,國泰-敦南,8888,579,783,-204,0.64,5,sell
9/30,0056,富邦-羅東,9634,315,4,311,0.97,6,buy
9/30,0056,元大-大里德芳,0039003800330057,19,216,-197,0.62,6,sell
9/30,0056,富邦-新竹,9647,467,183,284,0.89,7,buy
9/30,0056,元大-沙鹿,0039003800300064,21,116,-95,0.3,7,sell
9/30,0056,元大-北港,9837,282,9,273,0.85,8,buy
9/30,0056,台中銀,6110,10,94,-84,0.26,8,sell
9/30,0056,第一金-桃園,5385,213,8,205,0.64,9,buy
9/30,0056,群益金鼎-中山,0039003100380048,2,83,-81,0.25,9,sell
9/30,0056,臺銀,1040,168,15,153,0.48,10,buy
9/30,0056,元大-竹科,003900380030004b,16,93,-77,0.24,10,sell
9/30,0056,富邦-中壢,9636,194,43,151,0.47,11,buy
9/30,0056,元大-景美,0039003800340048,10,64,-54,0.17,11,sell
9/30,0056,元大-虎尾,003900380030006c,153,3,150,0.47,12,buy
9/30,0056,中國信託-忠孝,6162,29,83,-54,0.17,12,sell
9/30,0056,玉山-新莊,8842,162,14,148,0.46,13,buy
9/30,0056,永興-台中,5603,5,57,-52,0.16,13,sell
9/30,0056,中國信託-新竹,6165,156,20,136,0.43,14,buy
9/30,0056,凱基-城中,9227,13,64,-51,0.16,14,sell
9/30,0056,台新,0039004200300030,196,69,127,0.4,15,buy
9/30,0056,元大-東泰,9817,8,55,-47,0.15,15,sell
9/30,3231,摩根大通,8440,2479,776,1703,8.36,1,buy
9/30,3231,美林,1440,212,2617,-2405,11.8,1,sell
9/30,3231,花旗環球,1590,974,140,834,4.09,2,buy
9/30,3231,元大證券,9800,1477,3071,-1594,7.82,2,sell
9/30,3231,兆豐-復興,0037003000300070,832,0,832,4.08,3,buy
9/30,3231,兆豐證券,7000,11,1010,-999,4.9,3,sell
9/30,3231,美商高盛,1480,1615,942,673,3.3,4,buy
9/30,3231,台灣摩根士丹利,1470,410,1319,-909,4.46,4,sell
9/30,3231,凱基-台北,9268,940,581,359,1.76,5,buy
9/30,3231,國票-安和,003700370039005a,1,672,-671,3.29,5,sell
9/30,3231,大和國泰,8890,517,180,337,1.65,6,buy
9/30,3231,港商野村,1560,4,422,-418,2.05,6,sell
9/30,3231,凱基-士林,9238,313,7,306,1.5,7,buy
9/30,3231,永豐金-匯立,0039004100380031,51,434,-383,1.88,7,sell
9/30,3231,中國信託,6160,338,62,276,1.35,8,buy
9/30,3231,新加坡商瑞銀,1650,955,1218,-263,1.29,8,sell
9/30,3231,統一,5850,266,12,254,1.25,9,buy
9/30,3231,富邦證券,9600,238,483,-245,1.2,9,sell
9/30,3231,元大-長榮,0039003800390049,220,7,213,1.05,10,buy
9/30,3231,台新,0039004200300030,150,341,-191,0.94,10,sell
9/30,3231,法銀巴黎,8900,241,36,205,1.01,11,buy
9/30,3231,國票-長城,0037003700390075,1,115,-114,0.56,11,sell
9/30,3231,永豐金證券,0039004100300030,230,108,122,0.6,12,buy
9/30,3231,富邦-公益,0039003600310046,28,137,-109,0.53,12,sell
9/30,3231,國泰-敦南,8888,293,173,120,0.59,13,buy
9/30,3231,富邦-建國,9658,21,124,-103,0.51,13,sell
9/30,3231,凱基-三重,9205,125,8,117,0.57,14,buy
9/30,3231,凱基,9200,0,61,-61,0.3,14,sell
9/30,3231,華南永昌,9300,116,5,111,0.54,15,buy
9/30,3231,國泰-館前,0038003800380041,33,92,-59,0.29,15,sell
9/30,8112,元大-莒光,003900380031004c,601,0,601,11.6,1,buy
9/30,8112,台灣摩根士丹利,1470,514,1570,-1056,20.39,1,sell
9/30,8112,凱基-台南,9211,240,5,235,4.54,2,buy
9/30,8112,元大-信義,003900380039006d,7,817,-810,15.64,2,sell
9/30,8112,新加坡商瑞銀,1650,274,74,200,3.86,3,buy
9/30,8112,摩根大通,8440,25,290,-265,5.12,3,sell
9/30,8112,元大-長榮,0039003800390049,62,0,62,1.2,4,buy
9/30,8112,大和國泰,8890,0,146,-146,2.82,4,sell
9/30,8112,花旗環球,1590,61,0,61,1.18,5,buy
9/30,8112,元大證券,9800,33,141,-108,2.08,5,sell
9/30,8112,永豐金-桃園,0039004100390078,54,11,43,0.83,6,buy
9/30,8112,美林,1440,25,91,-66,1.27,6,sell
9/30,8112,富邦-南京,0039003600310043,36,0,36,0.69,7,buy
9/30,8112,凱基-台北,9268,233,296,-63,1.22,7,sell
9/30,8112,富邦-新竹,9647,37,1,36,0.69,8,buy
9/30,8112,兆豐-南門,0037003000300067,1,51,-50,0.97,8,sell
9/30,8112,元大-上新莊,0039003800330047,35,0,35,0.68,9,buy
9/30,8112,國泰-板橋,003800380038004b,8,50,-42,0.81,9,sell
9/30,8112,元大-苗栗,003900380031004d,34,0,34,0.66,10,buy
9/30,8112,兆豐證券,7000,10,47,-37,0.71,10,sell
9/30,8112,凱基-北門,9283,30,0,30,0.58,11,buy
9/30,8112,元大-北投,0039003800390041,4,37,-33,0.64,11,sell
9/30,8112,永豐金證券,0039004100300030,31,1,30,0.58,12,buy
9/30,8112,永豐金-竹北,0039004100390050,1,28,-27,0.52,12,sell
9/30,8112,元大-成功,003900380039004c,33,4,29,0.56,13,buy
9/30,8112,元大-崇德,0039003800310053,5,29,-24,0.46,13,sell
9/30,8112,富邦-頭份,0039003600320050,31,3,28,0.54,14,buy
9/30,8112,元大-竹南,0039003800330056,6,29,-23,0.44,14,sell
9/30,8112,玉山-桃園,0038003800340046,30,2,28,0.54,15,buy
9/30,8112,宏遠-台中,003100320036004c,35,58,-23,0.44,15,sell
9/30,2344,新加坡商瑞銀,1650,12539,2044,10495,12.35,1,buy
9/30,2344,國泰-敦南,8888,1233,3160,-1927,2.27,1,sell
9/30,2344,台灣摩根士丹利,1470,8782,1926,6856,8.06,2,buy
9/30,2344,港商野村,1560,782,1507,-725,0.85,2,sell
9/30,2344,元大證券,9800,13239,7392,5847,6.88,3,buy
9/30,2344,兆豐-南京,0037003000300050,3,631,-628,0.74,3,sell
9/30,2344,摩根大通,8440,4682,550,4132,4.86,4,buy
9/30,2344,富邦證券,9600,422,1017,-595,0.7,4,sell
9/30,2344,美商高盛,1480,5703,1992,3711,4.37,5,buy
9/30,2344,新光,8560,338,817,-479,0.56,5,sell
9/30,2344,美林,1440,4490,836,3654,4.3,6,buy
9/30,2344,國泰-台中,8882,221,683,-462,0.54,6,sell
9/30,2344,花旗環球,1590,2768,239,2529,2.97,7,buy
9/30,2344,台新,0039004200300030,340,774,-434,0.51,7,sell
9/30,2344,凱基-台北,9268,3657,2668,989,1.16,8,buy
9/30,2344,台新-敦南,0039004200320051,7,354,-347,0.41,8,sell
9/30,2344,康和,8450,1008,39,969,1.14,9,buy
9/30,2344,玉山-新莊,8842,31,363,-332,0.39,9,sell
9/30,2344,統一,5850,766,264,502,0.59,10,buy
9/30,2344,統一-新竹,5857,22,347,-325,0.38,10,sell
9/30,2344,香港上海匯豐,8960,557,138,419,0.49,11,buy
9/30,2344,國泰-板橋,003800380038004b,177,497,-320,0.38,11,sell
9/30,2344,港商麥格理,1360,415,0,415,0.49,12,buy
9/30,2344,元大-新生,0039003800310058,3,320,-317,0.37,12,sell
9/30,2344,元大-館前,003900380034004b,414,145,269,0.32,13,buy
9/30,2344,國泰-桃園,8885,139,430,-291,0.34,13,sell
9/30,2344,統一-仁愛,0035003800350063,210,21,189,0.22,14,buy
9/30,2344,永豐金-桃園,0039004100390078,29,319,-290,0.34,14,sell
9/30,2344,兆豐-高雄,003700300030005a,221,53,168,0.2,15,buy
9/30,2344,富邦-陽明,9604,73,333,-260,0.31,15,sell
9/30,2313,富邦證券,9600,1028,127,901,6.95,1,buy
9/30,2313,大和國泰,8890,0,750,-750,5.78,1,sell
9/30,2313,花旗環球,1590,589,23,566,4.36,2,buy
9/30,2313,美商高盛,1480,363,901,-538,4.15,2,sell
9/30,2313,元大-復北,9872,397,3,394,3.04,3,buy
9/30,2313,元大證券,9800,526,987,-461,3.55,3,sell
9/30,2313,玉山證券,8840,429,39,390,3.01,4,buy
9/30,2313,國票-敦北法人,0037003700390063,451,754,-303,2.34,4,sell
9/30,2313,凱基-台北,9268,995,621,374,2.88,5,buy
9/30,2313,港商野村,1560,0,221,-221,1.7,5,sell
9/30,2313,國泰證券,8880,242,6,236,1.82,6,buy
9/30,2313,新加坡商瑞銀,1650,58,249,-191,1.47,6,sell
9/30,2313,摩根大通,8440,470,263,207,1.6,7,buy
9/30,2313,國票-長城,0037003700390075,0,168,-168,1.3,7,sell
9/30,2313,華南永昌,9300,93,8,85,0.66,8,buy
9/30,2313,第一金-台中,5382,1,126,-125,0.96,8,sell
9/30,2313,美林,1440,356,283,73,0.56,9,buy
9/30,2313,凱基,9200,0,120,-120,0.93,9,sell
9/30,2313,元大-民雄,0039003800310056,68,2,66,0.51,10,buy
9/30,2313,華南永昌-台中,9302,85,188,-103,0.79,10,sell
9/30,2313,聯邦證券,8580,66,0,66,0.51,11,buy
9/30,2313,永豐金-匯立,0039004100380031,0,90,-90,0.69,11,sell
9/30,2313,台新-建北,0039004200310038,63,3,60,0.46,12,buy
9/30,2313,新光-高雄,8562,12,102,-90,0.69,12,sell
9/30,2313,永豐金證券,0039004100300030,196,148,48,0.37,13,buy
9/30,2313,統一,5850,59,116,-57,0.44,13,sell
9/30,2313,玉山-士林,0038003800340041,55,13,42,0.32,14,buy
9/30,2313,華南永昌-長虹,9333,4,56,-52,0.4,14,sell
9/30,2313,元大-清水,0039003800300065,50,9,41,0.32,15,buy
9/30,2313,群益金鼎-三民,9188,7,47,-40,0.31,15,sell
9/30,2408,美商高盛,1480,4135,779,3356,8.38,1,buy
9/30,2408,第一金-自由,0035003300380045,51,2585,-2534,6.32,1,sell
9/30,2408,元大證券,9800,4657,2309,2348,5.86,2,buy
9/30,2408,統一-新台中,0035003800350044,12,1244,-1232,3.07,2,sell
9/30,2408,新加坡商瑞銀,1650,3047,806,2241,5.59,3,buy
9/30,2408,國泰-敦南,8888,722,1289,-567,1.42,3,sell
9/30,2408,凱基-站前,0039003200300046,1602,107,1495,3.73,4,buy
9/30,2408,永豐金證券,0039004100300030,225,543,-318,0.79,4,sell
9/30,2408,法銀巴黎,8900,1315,5,1310,3.27,5,buy
9/30,2408,元大-崇德,0039003800310053,20,228,-208,0.52,5,sell
9/30,2408,台灣摩根士丹利,1470,3152,1845,1307,3.26,6,buy
9/30,2408,玉山證券,8840,44,251,-207,0.52,6,sell
9/30,2408,摩根大通,8440,1287,559,728,1.82,7,buy
9/30,2408,國票-長城,0037003700390075,7,152,-145,0.36,7,sell
9/30,2408,富邦-永康,003900360031005a,520,9,511,1.28,8,buy
9/30,2408,凱基-台南,9211,18,156,-138,0.34,8,sell
9/30,2408,台新-安南,003900420032005a,530,24,506,1.26,9,buy
9/30,2408,富邦-台北,9623,135,271,-136,0.34,9,sell
9/30,2408,台新,0039004200300030,513,227,286,0.71,10,buy
9/30,2408,國泰-館前,0038003800380041,115,238,-123,0.31,10,sell
9/30,2408,花旗環球,1590,395,177,218,0.54,11,buy
9/30,2408,玉山-大里,003800380034004a,31,152,-121,0.3,11,sell
9/30,2408,港商麥格理,1360,205,0,205,0.51,12,buy
9/30,2408,國泰-板橋,003800380038004b,106,224,-118,0.29,12,sell
9/30,2408,康和,8450,205,15,190,0.47,13,buy
9/30,2408,國泰-台中,8882,155,267,-112,0.28,13,sell
9/30,2408,統一,5850,212,41,171,0.43,14,buy
9/30,2408,香港上海匯豐,8960,8,104,-96,0.24,14,sell
9/30,2408,港商野村,1560,267,109,158,0.39,15,buy
9/30,2408,兆豐-嘉義,7001,9,100,-91,0.23,15,sell
9/30,2301,凱基-台北,9268,714,186,528,4.19,1,buy
9/30,2301,台灣摩根士丹利,1470,1220,4360,-3140,24.91,1,sell
9/30,2301,元大證券,9800,506,253,253,2.01,2,buy
9/30,2301,摩根大通,8440,1032,1921,-889,7.05,2,sell
9/30,2301,國泰-敦南,8888,222,90,132,1.05,3,buy
9/30,2301,美商高盛,1480,744,949,-205,1.63,3,sell
9/30,2301,元大-敦化,9833,117,2,115,0.91,4,buy
9/30,2301,花旗環球,1590,424,576,-152,1.21,4,sell
9/30,2301,亞東,2180,107,1,106,0.84,5,buy
9/30,2301,美林,1440,76,199,-123,0.98,5,sell
9/30,2301,國泰-桃園,8885,114,12,102,0.81,6,buy
9/30,2301,富邦證券,9600,62,165,-103,0.82,6,sell
9/30,2301,永豐金證券,0039004100300030,99,8,91,0.72,7,buy
9/30,2301,港商麥格理,1360,70,160,-90,0.71,7,sell
9/30,2301,元大-松江,9801,68,2,66,0.52,8,buy
9/30,2301,兆豐-復興,0037003000300070,1,60,-59,0.47,8,sell
9/30,2301,富邦-永和,9654,72,7,65,0.52,9,buy
9/30,2301,法銀巴黎,8900,12,69,-57,0.45,9,sell
9/30,2301,華南永昌-長虹,9333,109,51,58,0.46,10,buy
9/30,2301,德信,6910,0,40,-40,0.32,10,sell
9/30,2301,致和-崇德,0037003000330042,52,0,52,0.41,11,buy
9/30,2301,港商野村,1560,71,106,-35,0.28,11,sell
9/30,2301,富邦-南京,0039003600310043,105,54,51,0.4,12,buy
9/30,2301,玉山-信義,0038003800340043,6,34,-28,0.22,12,sell
9/30,2301,國泰-板橋,003800380038004b,58,9,49,0.39,13,buy
9/30,2301,新加坡商瑞銀,1650,406,428,-22,0.17,13,sell
9/30,2301,凱基-屏東,0039003200320043,48,0,48,0.38,14,buy
9/30,2301,永豐金-中壢,0039004100390039,10,29,-19,0.15,14,sell
9/30,2301,華南永昌-大甲,9315,44,1,43,0.34,15,buy
9/30,2301,國票-北投,7792,1,20,-19,0.15,15,sell
9/30,6919,凱基-桃園,9208,281,5,276,5.29,1,buy
9/30,6919,統一,5850,6,1039,-1033,19.81,1,sell
9/30,6919,凱基-台北,9268,618,404,214,4.1,2,buy
9/30,6919,元大證券,9800,256,1167,-911,17.47,2,sell
9/30,6919,元大-成功,003900380039004c,66,1,65,1.25,3,buy
9/30,6919,台灣摩根士丹利,1470,170,396,-226,4.33,3,sell
9/30,6919,臺銀-高雄,0031003000340043,61,0,61,1.17,4,buy
9/30,6919,摩根大通,8440,180,294,-114,2.19,4,sell
9/30,6919,國泰-敦南,8888,146,88,58,1.11,5,buy
9/30,6919,元大-員林,9889,3,80,-77,1.48,5,sell
9/30,6919,新加坡商瑞銀,1650,91,34,57,1.09,6,buy
9/30,6919,台新-林園,0039004200320037,21,44,-23,0.44,6,sell
9/30,6919,花旗環球,1590,68,15,53,1.02,7,buy
9/30,6919,新光-台南,8564,1,23,-22,0.42,7,sell
9/30,6919,元大-北投,0039003800390041,42,0,42,0.81,8,buy
9/30,6919,凱基-埔墘,9288,1,20,-19,0.36,8,sell
9/30,6919,華南永昌-台南,9306,41,0,41,0.79,9,buy
9/30,6919,美商高盛,1480,153,170,-17,0.33,9,sell
9/30,6919,玉山-雙和,8841,41,1,40,0.77,10,buy
9/30,6919,致和-佳里,7032,1,17,-16,0.31,10,sell
9/30,6919,元大-南京,9862,36,0,36,0.69,11,buy
9/30,6919,法銀巴黎,8900,9,24,-15,0.29,11,sell
9/30,6919,新光,8560,55,25,30,0.58,12,buy
9/30,6919,兆豐-新莊,0037003000300077,1,15,-14,0.27,12,sell
9/30,6919,玉山-桃園,0038003800340046,30,0,30,0.58,13,buy
9/30,6919,美林,1440,30,41,-11,0.21,13,sell
9/30,6919,元大-敦化,9833,35,6,29,0.56,14,buy
9/30,6919,陽信,8710,1,12,-11,0.21,14,sell
9/30,6919,永豐金證券,0039004100300030,40,13,27,0.52,15,buy
9/30,6919,兆豐-彰化,0037003000300064,0,10,-10,0.19,15,sell
9/30,2880,摩根大通,8440,2531,789,1742,12.88,1,buy
9/30,2880,新加坡商瑞銀,1650,894,3477,-2583,19.11,1,sell
9/30,2880,元大證券,9800,1527,214,1313,9.71,2,buy
9/30,2880,美商高盛,1480,1057,2246,-1189,8.79,2,sell
9/30,2880,花旗環球,1590,1645,786,859,6.35,3,buy
9/30,2880,美林,1440,287,682,-395,2.92,3,sell
9/30,2880,大和國泰,8890,400,0,400,2.96,4,buy
9/30,2880,康和,8450,0,200,-200,1.48,4,sell
9/30,2880,永豐金證券,0039004100300030,400,18,382,2.83,5,buy
9/30,2880,華南永昌-朴子,9329,2,111,-109,0.81,5,sell
9/30,2880,台灣摩根士丹利,1470,1397,1036,361,2.67,6,buy
9/30,2880,土銀-新竹,1035,0,101,-101,0.75,6,sell
9/30,2880,港商麥格理,1360,288,43,245,1.81,7,buy
9/30,2880,第一金-光復,0035003300380043,0,94,-94,0.7,7,sell
9/30,2880,富邦-仁愛,9676,200,3,197,1.46,8,buy
9/30,2880,凱基-台北,9268,1033,1127,-94,0.7,8,sell
9/30,2880,永豐金-匯立,0039004100380031,377,197,180,1.33,9,buy
9/30,2880,國泰-敦南,8888,44,103,-59,0.44,9,sell
9/30,2880,港商野村,1560,170,3,167,1.24,10,buy
9/30,2880,第一金-安和,003500330038006a,1,56,-55,0.41,10,sell
9/30,2880,凱基,9200,100,0,100,0.74,11,buy
9/30,2880,永豐金-天母,0039004100390047,0,50,-50,0.37,11,sell
9/30,2880,法銀巴黎,8900,67,0,67,0.5,12,buy
9/30,2880,兆豐-大同,0037003000300053,0,50,-50,0.37,12,sell
9/30,2880,國票證券,7790,53,2,51,0.38,13,buy
9/30,2880,大昌-新店,6464,0,43,-43,0.32,13,sell
9/30,2880,香港上海匯豐,8960,84,41,43,0.32,14,buy
9/30,2880,富邦-新板,0039003600310048,0,43,-43,0.32,14,sell
9/30,2880,國泰證券,8880,28,0,28,0.21,15,buy
9/30,2880,富邦-新店,9661,0,32,-32,0.24,15,sell
9/30,2845,富邦-敦南,9663,725,0,725,10.17,1,buy
9/30,2845,新加坡商瑞銀,1650,354,1458,-1104,15.48,1,sell
9/30,2845,花旗環球,1590,509,34,475,6.66,2,buy
9/30,2845,凱基-台北,9268,268,1149,-881,12.36,2,sell
9/30,2845,摩根大通,8440,568,357,211,2.96,3,buy
9/30,2845,美商高盛,1480,124,609,-485,6.8,3,sell
9/30,2845,永豐金-台南,0039004100390068,203,0,203,2.85,4,buy
9/30,2845,兆豐證券,7000,0,440,-440,6.17,4,sell
9/30,2845,新光-台中,8561,203,0,203,2.85,5,buy
9/30,2845,美林,1440,15,293,-278,3.9,5,sell
9/30,2845,富邦-中壢,9636,200,0,200,2.81,6,buy
9/30,2845,華南永昌-中正,9359,0,244,-244,3.42,6,sell
9/30,2845,國泰-敦南,8888,161,25,136,1.91,7,buy
9/30,2845,港商野村,1560,0,192,-192,2.69,7,sell
9/30,2845,國票-台南,0037003700390044,130,1,129,1.81,8,buy
9/30,2845,元大-三重,0039003800380043,10,155,-145,2.03,8,sell
9/30,2845,新光-台南,8564,141,30,111,1.56,9,buy
9/30,2845,元大-雙和,9874,0,143,-143,2.01,9,sell
9/30,2845,台灣摩根士丹利,1470,413,311,102,1.43,10,buy
9/30,2845,兆豐-新莊,0037003000300077,0,98,-98,1.37,10,sell
9/30,2845,富邦-嘉義,9692,99,1,98,1.37,11,buy
9/30,2845,京城-嘉義,8492,0,63,-63,0.88,11,sell
9/30,2845,國泰-板橋,003800380038004b,85,6,79,1.11,12,buy
9/30,2845,統一-高雄,5851,0,55,-55,0.77,12,sell
9/30,2845,永豐金證券,0039004100300030,111,34,77,1.08,13,buy
9/30,2845,安泰,8380,2,46,-44,0.62,13,sell
9/30,2845,元大-左營,0039003800390044,53,0,53,0.74,14,buy
9/30,2845,永豐金-匯立,0039004100380031,0,38,-38,0.53,14,sell
9/30,2845,華南永昌-台南,9306,51,0,51,0.72,15,buy
9/30,2845,富邦-新店,9661,7,40,-33,0.46,15,sell
9/30,1301,美商高盛,1480,7077,540,6537,12.37,1,buy
9/30,1301,台新,0039004200300030,100,1968,-1868,3.54,1,sell
9/30,1301,台灣摩根士丹利,1470,6861,387,6474,12.25,2,buy
9/30,1301,富邦-南員林,0039003600310052,1,776,-775,1.47,2,sell
9/30,1301,凱基-台北,9268,6696,1033,5663,10.72,3,buy
9/30,1301,國泰-敦南,8888,318,1053,-735,1.39,3,sell
9/30,1301,摩根大通,8440,4621,324,4297,8.13,4,buy
9/30,1301,土銀,1030,17,486,-469,0.89,4,sell
9/30,1301,新加坡商瑞銀,1650,4117,154,3963,7.5,5,buy
9/30,1301,元大-中崙,9813,109,537,-428,0.81,5,sell
9/30,1301,元大-松江,9801,2528,25,2503,4.74,6,buy
9/30,1301,新光,8560,106,515,-409,0.77,6,sell
9/30,1301,港商野村,1560,1171,93,1078,2.04,7,buy
9/30,1301,聯邦-台南,8588,210,615,-405,0.77,7,sell
9/30,1301,元大證券,9800,2488,1785,703,1.33,8,buy
9/30,1301,永豐金證券,0039004100300030,627,979,-352,0.67,8,sell
9/30,1301,國票-北高雄,003700370039004a,712,35,677,1.28,9,buy
9/30,1301,港商麥格理,1360,217,547,-330,0.62,9,sell
9/30,1301,群益金鼎,9100,1506,947,559,1.06,10,buy
9/30,1301,富邦-仁愛,9676,23,337,-314,0.59,10,sell
9/30,1301,統一-城中,5854,711,298,413,0.78,11,buy
9/30,1301,台中銀-豐原,0036003100310041,5,286,-281,0.53,11,sell
9/30,1301,大和國泰,8890,250,0,250,0.47,12,buy
9/30,1301,富邦-中壢,9636,30,300,-270,0.51,12,sell
9/30,1301,美林,1440,509,298,211,0.4,13,buy
9/30,1301,群益金鼎-竹南,0039003100380069,4,244,-240,0.45,13,sell
9/30,1301,聯邦-三重,8585,215,36,179,0.34,14,buy
9/30,1301,第一金-自由,0035003300380045,68,304,-236,0.45,14,sell
9/30,1301,台新-世貿,0039004200320075,265,92,173,0.33,15,buy
9/30,1301,臺銀-新竹,1045,12,243,-231,0.44,15,sell
9/30,1326,凱基-台北,9268,2887,627,2260,6.86,1,buy
9/30,1326,花旗環球,1590,466,1171,-705,2.14,1,sell
9/30,1326,台灣摩根士丹利,1470,3881,1731,2150,6.52,2,buy
9/30,1326,港商麥格理,1360,118,740,-622,1.89,2,sell
9/30,1326,美商高盛,1480,3700,1615,2085,6.32,3,buy
9/30,1326,國泰-敦南,8888,297,519,-222,0.67,3,sell
9/30,1326,元大證券,9800,2982,1700,1282,3.89,4,buy
9/30,1326,元大-博愛,0039003800320042,11,228,-217,0.66,4,sell
9/30,1326,美林,1440,2248,1144,1104,3.35,5,buy
9/30,1326,永豐金-大園,0039004100390038,10,200,-190,0.58,5,sell
9/30,1326,摩根大通,8440,1681,820,861,2.61,6,buy
9/30,1326,元大-復北,9872,5,187,-182,0.55,6,sell
9/30,1326,新加坡商瑞銀,1650,2472,1854,618,1.87,7,buy
9/30,1326,台新-五權西,0039004200320035,42,217,-175,0.53,7,sell
9/30,1326,康和,8450,353,12,341,1.03,8,buy
9/30,1326,元大-雙和,9874,24,168,-144,0.44,8,sell
9/30,1326,土銀-高雄,1033,291,3,288,0.87,9,buy
9/30,1326,富邦-竹科,0039003600320043,9,130,-121,0.37,9,sell
9/30,1326,統一,5850,342,88,254,0.77,10,buy
9/30,1326,國泰-板橋,003800380038004b,111,227,-116,0.35,10,sell
9/30,1326,大和國泰,8890,212,0,212,0.64,11,buy
9/30,1326,富邦證券,9600,203,312,-109,0.33,11,sell
9/30,1326,元大-嘉義,0039003800390067,205,62,143,0.43,12,buy
9/30,1326,永豐金-匯立,0039004100380031,36,143,-107,0.32,12,sell
9/30,1326,國票-南港,7795,155,12,143,0.43,13,buy
9/30,1326,康和-石牌,0038003400350052,3,107,-104,0.32,13,sell
9/30,1326,華南永昌-南京,9326,125,26,99,0.3,14,buy
9/30,1326,國泰-新莊,8886,19,119,-100,0.3,14,sell
9/30,1326,凱基,9200,95,0,95,0.29,15,buy
9/30,1326,元大-大同,0039003800390047,15,114,-99,0.3,15,sell
9/30,2889,福邦-新竹,6489,814,0,814,12.13,1,buy
9/30,2889,兆豐-南京,0037003000300050,10,1000,-990,14.76,1,sell
9/30,2889,凱基-台北,9268,600,21,579,8.63,2,buy
9/30,2889,新加坡商瑞銀,1650,57,903,-846,12.61,2,sell
9/30,2889,台灣摩根士丹利,1470,866,330,536,7.99,3,buy
9/30,2889,元大-南屯,9853,0,200,-200,2.98,3,sell
9/30,2889,花旗環球,1590,324,3,321,4.79,4,buy
9/30,2889,台新-左楠,0039004200310064,0,180,-180,2.68,4,sell
9/30,2889,富邦-公益,0039003600310046,164,2,162,2.42,5,buy
9/30,2889,台新-敦南,0039004200320051,0,160,-160,2.39,5,sell
9/30,2889,元大-成功,003900380039004c,120,1,119,1.77,6,buy
9/30,2889,國泰-台南,8884,1,143,-142,2.12,6,sell
9/30,2889,大昌-新店,6464,110,2,108,1.61,7,buy
9/30,2889,摩根大通,8440,319,448,-129,1.92,7,sell
9/30,2889,中農,8520,76,0,76,1.13,8,buy
9/30,2889,第一金,5380,0,115,-115,1.71,8,sell
9/30,2889,華南永昌-古亭,9309,63,4,59,0.88,9,buy
9/30,2889,華南永昌-南京,9326,0,101,-101,1.51,9,sell
9/30,2889,永豐金證券,0039004100300030,75,18,57,0.85,10,buy
9/30,2889,元大-屏東民生,0039003800310068,0,101,-101,1.51,10,sell
9/30,2889,元大證券,9800,154,101,53,0.79,11,buy
9/30,2889,台新-台北,0039004200320030,0,100,-100,1.49,11,sell
9/30,2889,富邦-建國,9658,57,4,53,0.79,12,buy
9/30,2889,台新-城中,0039004200320045,0,100,-100,1.49,12,sell
9/30,2889,玉山-信義,0038003800340043,50,0,50,0.75,13,buy
9/30,2889,台新-台中,0039004200310068,8,98,-90,1.34,13,sell
9/30,2889,彰銀-台中,1233,50,0,50,0.75,14,buy
9/30,2889,台新-建北,0039004200310038,4,93,-89,1.33,14,sell
9/30,2889,華南永昌-豐原,9366,50,0,50,0.75,15,buy
9/30,2889,新光,8560,3,68,-65,0.97,15,sell
9/30,2885,摩根大通,8440,2772,1258,1514,9.67,1,buy
9/30,2885,美商高盛,1480,350,2354,-2004,12.81,1,sell
9/30,2885,花旗環球,1590,1350,357,993,6.35,2,buy
9/30,2885,凱基,9200,161,1521,-1360,8.69,2,sell
9/30,2885,香港上海匯豐,8960,1024,51,973,6.22,3,buy
9/30,2885,新加坡商瑞銀,1650,1403,2325,-922,5.89,3,sell
9/30,2885,元大證券,9800,761,254,507,3.24,4,buy
9/30,2885,美林,1440,230,1009,-779,4.98,4,sell
9/30,2885,永豐金證券,0039004100300030,343,39,304,1.94,5,buy
9/30,2885,台灣摩根士丹利,1470,1900,2532,-632,4.04,5,sell
9/30,2885,港商麥格理,1360,292,0,292,1.87,6,buy
9/30,2885,凱基-台北,9268,671,1011,-340,2.17,6,sell
9/30,2885,彰銀,1230,260,0,260,1.66,7,buy
9/30,2885,港商野村,1560,153,482,-329,2.1,7,sell
9/30,2885,大和國泰,8890,188,0,188,1.2,8,buy
9/30,2885,群益金鼎,9100,44,214,-170,1.09,8,sell
9/30,2885,凱基-中山,9229,167,0,167,1.07,9,buy
9/30,2885,永豐金-匯立,0039004100380031,292,443,-151,0.96,9,sell
9/30,2885,國票-敦北法人,0037003700390063,130,0,130,0.83,10,buy
9/30,2885,元大-敦南,0039003800390050,21,87,-66,0.42,10,sell
9/30,2885,華南永昌,9300,104,2,102,0.65,11,buy
9/30,2885,玉山-嘉義,8848,4,65,-61,0.39,11,sell
9/30,2885,元大-中山北路,0039003800300061,126,38,88,0.56,12,buy
9/30,2885,永豐金-鳳山,0039004100360031,2,59,-57,0.36,12,sell
9/30,2885,國泰-敦南,8888,106,55,51,0.33,13,buy
9/30,2885,玉山證券,8840,21,76,-55,0.35,13,sell
9/30,2885,國泰-板橋,003800380038004b,57,10,47,0.3,14,buy
9/30,2885,元大-竹南,0039003800330056,4,52,-48,0.31,14,sell
9/30,2885,法銀巴黎,8900,41,0,41,0.26,15,buy
9/30,2885,國泰-桃園,8885,3,49,-46,0.29,15,sell
9/30,1101,美商高盛,1480,17277,1729,15548,14.81,1,buy
9/30,1101,凱基,9200,505,6387,-5882,5.6,1,sell
9/30,1101,新加坡商瑞銀,1650,13597,885,12712,12.11,2,buy
9/30,1101,第一金-路竹,0035003300380050,44,4914,-4870,4.64,2,sell
9/30,1101,台灣摩根士丹利,1470,11866,1728,10138,9.66,3,buy
9/30,1101,臺銀,1040,12,1511,-1499,1.43,3,sell
9/30,1101,摩根大通,8440,6805,671,6134,5.84,4,buy
9/30,1101,統一,5850,68,1549,-1481,1.41,4,sell
9/30,1101,群益金鼎,9100,5560,617,4943,4.71,5,buy
9/30,1101,台新,0039004200300030,660,2008,-1348,1.28,5,sell
9/30,1101,凱基-台北,9268,6775,4321,2454,2.34,6,buy
9/30,1101,元大-南崁,0039003800300051,23,1322,-1299,1.24,6,sell
9/30,1101,美林,1440,2858,1010,1848,1.76,7,buy
9/30,1101,新光-高雄,8562,45,1250,-1205,1.15,7,sell
9/30,1101,台灣企銀-岡山,1119,904,12,892,0.85,8,buy
9/30,1101,群益金鼎-大安,0039003100380065,50,1010,-960,0.91,8,sell
9/30,1101,元大證券,9800,5112,4235,877,0.84,9,buy
9/30,1101,彰銀,1230,5,776,-771,0.73,9,sell
9/30,1101,第一金,5380,675,15,660,0.63,10,buy
9/30,1101,國泰-敦南,8888,543,1295,-752,0.72,10,sell
9/30,1101,國票-長城,0037003700390075,600,1,599,0.57,11,buy
9/30,1101,台新-文心,003900420032007a,27,743,-716,0.68,11,sell
9/30,1101,元大-古亭,003900380039006b,546,43,503,0.48,12,buy
9/30,1101,中國信託,6160,101,699,-598,0.57,12,sell
9/30,1101,宏遠-台南,0031003200360044,423,10,413,0.39,13,buy
9/30,1101,兆豐證券,7000,522,1093,-571,0.54,13,sell
9/30,1101,凱基-大安,9291,421,9,412,0.39,14,buy
9/30,1101,凱基-湖口,003900320030004e,12,537,-525,0.5,14,sell
9/30,1101,永豐金證券,0039004100300030,759,376,383,0.36,15,buy
9/30,1101,港商野村,1560,284,787,-503,0.48,15,sell
9/30,3045,港商麥格理,1360,1261,0,1261,13.15,1,buy
9/30,3045,第一金-忠孝,0035003300380044,1,1300,-1299,13.55,1,sell
9/30,3045,凱基-台北,9268,1308,380,928,9.68,2,buy
9/30,3045,永豐金證券,0039004100300030,144,1200,-1056,11.01,2,sell
9/30,3045,美林,1440,424,205,219,2.28,3,buy
9/30,3045,新加坡商瑞銀,1650,201,1121,-920,9.6,3,sell
9/30,3045,元大證券,9800,525,338,187,1.95,4,buy
9/30,3045,台灣摩根士丹利,1470,567,967,-400,4.17,4,sell
9/30,3045,台新-中壢,0039004200310079,173,0,173,1.8,5,buy
9/30,3045,美商高盛,1480,511,845,-334,3.48,5,sell
9/30,3045,永豐金-匯立,0039004100380031,198,37,161,1.68,6,buy
9/30,3045,兆豐證券,7000,0,125,-125,1.3,6,sell
9/30,3045,法銀巴黎,8900,154,22,132,1.38,7,buy
9/30,3045,兆豐-忠孝,0037003000300061,0,104,-104,1.08,7,sell
9/30,3045,富邦-板橋,9655,133,22,111,1.16,8,buy
9/30,3045,兆豐-桃園,003700300030004d,123,212,-89,0.93,8,sell
9/30,3045,花旗環球,1590,180,71,109,1.14,9,buy
9/30,3045,統一,5850,138,226,-88,0.92,9,sell
9/30,3045,港商野村,1560,106,0,106,1.11,10,buy
9/30,3045,華南永昌-中正,9359,286,372,-86,0.9,10,sell
9/30,3045,中國信託-三重,6161,80,0,80,0.83,11,buy
9/30,3045,玉山-台南,8847,4,50,-46,0.48,11,sell
9/30,3045,群益金鼎-瑞豐,0039003100380075,73,0,73,0.76,12,buy
9/30,3045,康和-台北,0038003400350055,50,90,-40,0.42,12,sell
9/30,3045,亞東,2180,50,0,50,0.52,13,buy
9/30,3045,合庫-三重,0031003000320047,0,33,-33,0.34,13,sell
9/30,3045,富邦-台中,003900360035004b,38,0,38,0.4,14,buy
9/30,3045,國泰證券,8880,1,14,-13,0.14,14,sell
9/30,3045,大和國泰,8890,32,0,32,0.33,15,buy
9/30,3045,華南永昌-鳳山,9331,1,12,-11,0.11,15,sell
9/30,2887,花旗環球,1590,2870,224,2646,7.69,1,buy
9/30,2887,美林,1440,1623,5910,-4287,12.45,1,sell
9/30,2887,美商高盛,1480,3832,1229,2603,7.56,2,buy
9/30,2887,台灣摩根士丹利,1470,2569,3955,-1386,4.03,2,sell
9/30,2887,摩根大通,8440,5060,2561,2499,7.26,3,buy
9/30,2887,新加坡商瑞銀,1650,2941,4258,-1317,3.83,3,sell
9/30,2887,台新,0039004200300030,2650,271,2379,6.91,4,buy
9/30,2887,元大證券,9800,1971,2978,-1007,2.92,4,sell
9/30,2887,凱基-台北,9268,2201,232,1969,5.72,5,buy
9/30,2887,永豐金-匯立,0039004100380031,379,1255,-876,2.54,5,sell
9/30,2887,港商麥格理,1360,761,97,664,1.93,6,buy
9/30,2887,台新-屏新,0039004200320071,3,570,-567,1.65,6,sell
9/30,2887,法銀巴黎,8900,356,40,316,0.92,7,buy
9/30,2887,群益金鼎-大甲,0039003100380067,87,493,-406,1.18,7,sell
9/30,2887,香港上海匯豐,8960,387,113,274,0.8,8,buy
9/30,2887,華南永昌-大甲,9315,0,301,-301,0.87,8,sell
9/30,2887,永豐金證券,0039004100300030,722,561,161,0.47,9,buy
9/30,2887,富邦-新竹,9647,8,250,-242,0.7,9,sell
9/30,2887,玉山-大里,003800380034004a,126,3,123,0.36,10,buy
9/30,2887,大和國泰,8890,0,197,-197,0.57,10,sell
9/30,2887,群益金鼎-忠孝,0039003100380057,107,0,107,0.31,11,buy
9/30,2887,國泰證券,8880,36,215,-179,0.52,11,sell
9/30,2887,凱基,9200,171,85,86,0.25,12,buy
9/30,2887,永豐金-忠孝,0039004100390044,2,179,-177,0.51,12,sell
9/30,2887,中國信託,6160,126,41,85,0.25,13,buy
9/30,2887,中國信託-三重,6161,0,170,-170,0.49,13,sell
9/30,2887,新光,8560,392,316,76,0.22,14,buy
9/30,2887,永豐金-市政,0039004100390057,23,178,-155,0.45,14,sell
9/30,2887,兆豐-忠孝,0037003000300061,58,0,58,0.17,15,buy
9/30,2887,華南永昌-東昇,9386,33,170,-137,0.4,15,sell
9/30,2801,永豐金證券,0039004100300030,1912,97,1815,10.44,1,buy
9/30,2801,台灣摩根士丹利,1470,289,2127,-1838,10.57,1,sell
9/30,2801,摩根大通,8440,2380,736,1644,9.46,2,buy
9/30,2801,新加坡商瑞銀,1650,1576,3015,-1439,8.28,2,sell
9/30,2801,花旗環球,1590,1333,383,950,5.46,3,buy
9/30,2801,彰銀-台中,1233,2,1101,-1099,6.32,3,sell
9/30,2801,永豐金-匯立,0039004100380031,872,0,872,5.02,4,buy
9/30,2801,美林,1440,234,1268,-1034,5.95,4,sell
9/30,2801,臺銀-臺南,1042,603,5,598,3.44,5,buy
9/30,2801,美商高盛,1480,734,1284,-550,3.16,5,sell
9/30,2801,元大證券,9800,577,184,393,2.26,6,buy
9/30,2801,富邦證券,9600,3,378,-375,2.16,6,sell
9/30,2801,兆豐-岡山,0037003000300073,385,0,385,2.21,7,buy
9/30,2801,凱基-豐中,9223,14,304,-290,1.67,7,sell
9/30,2801,港商麥格理,1360,369,31,338,1.94,8,buy
9/30,2801,中國信託-三重,6161,0,236,-236,1.36,8,sell
9/30,2801,永豐金-台南,0039004100390068,224,3,221,1.27,9,buy
9/30,2801,港商野村,1560,173,379,-206,1.18,9,sell
9/30,2801,統一-敦南,5852,201,1,200,1.15,10,buy
9/30,2801,國泰-忠孝,8887,92,252,-160,0.92,10,sell
9/30,2801,統一-南京,0035003800350055,105,2,103,0.59,11,buy
9/30,2801,華南永昌-大甲,9315,2,120,-118,0.68,11,sell
9/30,2801,元大-六合,0039003800320043,101,0,101,0.58,12,buy
9/30,2801,國泰-館前,0038003800380041,5,123,-118,0.68,12,sell
9/30,2801,福邦-新竹,6489,100,0,100,0.58,13,buy
9/30,2801,富邦-新莊,0039003600320044,1,102,-101,0.58,13,sell
9/30,2801,凱基-台南,9211,84,0,84,0.48,14,buy
9/30,2801,第一金-員林,5381,1,100,-99,0.57,14,sell
9/30,2801,凱基-台北,9268,1271,1211,60,0.35,15,buy
9/30,2801,元大-三民,0039003800390046,41,136,-95,0.55,15,sell
9/30,1815,國票-敦北法人,0037003700390063,557,3,554,3.34,1,buy
9/30,1815,台灣摩根士丹利,1470,185,1620,-1435,8.66,1,sell
9/30,1815,凱基-台北,9268,1176,1061,115,0.69,2,buy
9/30,1815,港商野村,1560,0,669,-669,4.03,2,sell
9/30,1815,新光-桃園,8565,135,32,103,0.62,3,buy
9/30,1815,新加坡商瑞銀,1650,186,656,-470,2.83,3,sell
9/30,1815,國票-中和,0037003700390058,112,10,102,0.62,4,buy
9/30,1815,元大證券,9800,680,1046,-366,2.21,4,sell
9/30,1815,國泰-敦南,8888,544,451,93,0.56,5,buy
9/30,1815,美林,1440,39,301,-262,1.58,5,sell
9/30,1815,中國信託,6160,121,45,76,0.46,6,buy
9/30,1815,摩根大通,8440,29,247,-218,1.31,6,sell
9/30,1815,美商高盛,1480,841,777,64,0.39,7,buy
9/30,1815,富邦-敦南,9663,19,205,-186,1.12,7,sell
9/30,1815,彰銀-台中,1233,55,1,54,0.33,8,buy
9/30,1815,凱基,9200,0,168,-168,1.01,8,sell
9/30,1815,富邦-仁愛,9676,68,16,52,0.31,9,buy
9/30,1815,玉山-台中,0038003800340042,25,152,-127,0.77,9,sell
9/30,1815,合庫-西台中,0031003000320046,62,13,49,0.3,10,buy
9/30,1815,國票-安和,003700370039005a,19,140,-121,0.73,10,sell
9/30,1815,富邦-和美,0039003600310050,55,8,47,0.28,11,buy
9/30,1815,合庫證券,1020,4,91,-87,0.52,11,sell
9/30,1815,永豐金證券,0039004100300030,151,104,47,0.28,12,buy
9/30,1815,國泰證券,8880,29,92,-63,0.38,12,sell
9/30,1815,高橋,5320,53,10,43,0.26,13,buy
9/30,1815,統一-台中,5856,16,57,-41,0.25,13,sell
9/30,1815,永豐金-萬盛,0039004100390032,49,7,42,0.25,14,buy
9/30,1815,華南永昌,9300,20,59,-39,0.24,14,sell
9/30,1815,康和,8450,51,10,41,0.25,15,buy
9/30,1815,玉山-高雄,8843,34,70,-36,0.22,15,sell
9/30,1303,台灣摩根士丹利,1470,7956,4242,3714,3.04,1,buy
9/30,1303,凱基-台北,9268,7056,9265,-2209,1.81,1,sell
9/30,1303,永豐金證券,0039004100300030,2534,844,1690,1.38,2,buy
9/30,1303,美林,1440,1675,3575,-1900,1.55,2,sell
9/30,1303,統一,5850,1429,167,1262,1.03,3,buy
9/30,1303,花旗環球,1590,603,1868,-1265,1.03,3,sell
9/30,1303,群益金鼎,9100,2193,1031,1162,0.95,4,buy
9/30,1303,美商高盛,1480,5425,6439,-1014,0.83,4,sell
9/30,1303,國泰證券,8880,1279,153,1126,0.92,5,buy
9/30,1303,元大-北投,0039003800390041,176,818,-642,0.52,5,sell
9/30,1303,凱基,9200,1172,76,1096,0.9,6,buy
9/30,1303,元大-復北,9872,405,994,-589,0.48,6,sell
9/30,1303,富邦證券,9600,3295,2376,919,0.75,7,buy
9/30,1303,凱基-站前,0039003200300046,241,719,-478,0.39,7,sell
9/30,1303,元大證券,9800,11811,10990,821,0.67,8,buy
9/30,1303,第一金-忠孝,0035003300380044,44,519,-475,0.39,8,sell
9/30,1303,摩根大通,8440,2481,1673,808,0.66,9,buy
9/30,1303,國票-長城,0037003700390075,23,433,-410,0.34,9,sell
9/30,1303,新加坡商瑞銀,1650,2571,1781,790,0.65,10,buy
9/30,1303,台新-台北,0039004200320030,46,381,-335,0.27,10,sell
9/30,1303,中國信託,6160,1126,374,752,0.61,11,buy
9/30,1303,港商野村,1560,559,876,-317,0.26,11,sell
9/30,1303,大和國泰,8890,706,84,622,0.51,12,buy
9/30,1303,兆豐-忠孝,0037003000300061,247,504,-257,0.21,12,sell
9/30,1303,元大-士林,003900380031006a,693,91,602,0.49,13,buy
9/30,1303,統一-南京,0035003800350055,27,228,-201,0.16,13,sell
9/30,1303,港商麥格理,1360,605,40,565,0.46,14,buy
9/30,1303,國泰-敦南,8888,3505,3692,-187,0.15,14,sell
9/30,1303,台新,0039004200300030,1309,776,533,0.44,15,buy
9/30,1303,華南永昌-豐原,9366,91,268,-177,0.14,15,sell
9/30,5871,美林,1440,1269,115,1154,14.73,1,buy
9/30,5871,摩根大通,8440,285,1644,-1359,17.34,1,sell
9/30,5871,兆豐-中壢,0037003000300062,551,0,551,7.03,2,buy
9/30,5871,美商高盛,1480,67,1141,-1074,13.7,2,sell
9/30,5871,永豐金證券,0039004100300030,90,11,79,1.01,3,buy
9/30,5871,凱基-台北,9268,706,1239,-533,6.8,3,sell
9/30,5871,合庫-鳳山,1029,55,0,55,0.7,4,buy
9/30,5871,台灣摩根士丹利,1470,209,430,-221,2.82,4,sell
9/30,5871,新光,8560,71,19,52,0.66,5,buy
9/30,5871,港商野村,1560,0,205,-205,2.62,5,sell
9/30,5871,土銀-台南,1032,47,0,47,0.6,6,buy
9/30,5871,富邦證券,9600,61,261,-200,2.55,6,sell
9/30,5871,台新,0039004200300030,45,5,40,0.51,7,buy
9/30,5871,新加坡商瑞銀,1650,303,502,-199,2.54,7,sell
9/30,5871,台新-中港,0039004200320069,38,0,38,0.48,8,buy
9/30,5871,元大證券,9800,102,206,-104,1.33,8,sell
9/30,5871,國泰-敦南,8888,86,49,37,0.47,9,buy
9/30,5871,元大-成功,003900380039004c,2,63,-61,0.78,9,sell
9/30,5871,台新-緯城,0039004200320041,32,0,32,0.41,10,buy
9/30,5871,法銀巴黎,8900,3,53,-50,0.64,10,sell
9/30,5871,康和-台南,8458,31,0,31,0.4,11,buy
9/30,5871,元大-六合,0039003800320043,0,31,-31,0.4,11,sell
9/30,5871,大和國泰,8890,31,0,31,0.4,12,buy
9/30,5871,港商麥格理,1360,3,27,-24,0.31,12,sell
9/30,5871,永豐金-匯立,0039004100380031,57,26,31,0.4,13,buy
9/30,5871,永豐金-竹科,0039004100390058,4,19,-15,0.19,13,sell
9/30,5871,新光-台中,8561,108,77,31,0.4,14,buy
9/30,5871,富邦-台中,003900360035004b,6,20,-14,0.18,14,sell
9/30,5871,新光-新竹,8563,56,26,30,0.38,15,buy
9/30,5871,花旗環球,1590,423,434,-11,0.14,15,sell
9/30,2884,永豐金證券,0039004100300030,3682,52,3630,11.81,1,buy
9/30,2884,新加坡商瑞銀,1650,784,6840,-6056,19.7,1,sell
9/30,2884,台新,0039004200300030,1641,42,1599,5.2,2,buy
9/30,2884,美商高盛,1480,2387,4858,-2471,8.04,2,sell
9/30,2884,永豐金-匯立,0039004100380031,1483,130,1353,4.4,3,buy
9/30,2884,元大證券,9800,1191,2767,-1576,5.13,3,sell
9/30,2884,摩根大通,8440,3587,2691,896,2.91,4,buy
9/30,2884,美林,1440,379,1022,-643,2.09,4,sell
9/30,2884,港商麥格理,1360,631,56,575,1.87,5,buy
9/30,2884,玉山證券,8840,185,760,-575,1.87,5,sell
9/30,2884,富邦證券,9600,1260,748,512,1.67,6,buy
9/30,2884,凱基-台北,9268,979,1329,-350,1.14,6,sell
9/30,2884,凱基,9200,423,0,423,1.38,7,buy
9/30,2884,香港上海匯豐,8960,0,136,-136,0.44,7,sell
9/30,2884,玉山-嘉義,8848,367,25,342,1.11,8,buy
9/30,2884,元大-潮州,003900380031005a,3,121,-118,0.38,8,sell
9/30,2884,花旗環球,1590,1479,1201,278,0.9,9,buy
9/30,2884,大和國泰,8890,0,106,-106,0.34,9,sell
9/30,2884,法銀巴黎,8900,323,91,232,0.75,10,buy
9/30,2884,富邦-內湖,9627,1,93,-92,0.3,10,sell
9/30,2884,元大-中山北路,0039003800300061,194,0,194,0.63,11,buy
9/30,2884,中國信託-忠孝,6162,5,95,-90,0.29,11,sell
9/30,2884,台灣摩根士丹利,1470,3303,3111,192,0.62,12,buy
9/30,2884,富邦-公益,0039003600310046,13,99,-86,0.28,12,sell
9/30,2884,元大-新店中正,0039003800340043,150,1,149,0.48,13,buy
9/30,2884,永豐金-市政,0039004100390057,2,79,-77,0.25,13,sell
9/30,2884,新光,8560,143,30,113,0.37,14,buy
9/30,2884,台新-安南,003900420032005a,3,70,-67,0.22,14,sell
9/30,2884,兆豐證券,7000,101,1,100,0.33,15,buy
9/30,2884,凱基-長庚,9233,1,60,-59,0.19,15,sell
9/30,2633,永豐金證券,0039004100300030,497,22,475,14.06,1,buy
9/30,2633,美商高盛,1480,94,380,-286,8.47,1,sell
9/30,2633,新加坡商瑞銀,1650,891,504,387,11.46,2,buy
9/30,2633,摩根大通,8440,263,477,-214,6.34,2,sell
9/30,2633,花旗環球,1590,135,12,123,3.64,3,buy
9/30,2633,美林,1440,203,315,-112,3.32,3,sell
9/30,2633,台灣摩根士丹利,1470,163,75,88,2.61,4,buy
9/30,2633,玉山-新莊,8842,0,101,-101,2.99,4,sell
9/30,2633,華南永昌-東勢,9358,76,0,76,2.25,5,buy
9/30,2633,安泰,8380,0,72,-72,2.13,5,sell
9/30,2633,富邦-虎尾,9697,39,0,39,1.15,6,buy
9/30,2633,凱基-豐中,9223,0,60,-60,1.78,6,sell
9/30,2633,元大-仁愛,003900380033006a,39,0,39,1.15,7,buy
9/30,2633,凱基-台北,9268,286,343,-57,1.69,7,sell
9/30,2633,元大證券,9800,52,27,25,0.74,8,buy
9/30,2633,高橋,5320,0,51,-51,1.51,8,sell
9/30,2633,凱基-三重,9205,25,0,25,0.74,9,buy
9/30,2633,永豐金-匯立,0039004100380031,0,50,-50,1.48,9,sell
9/30,2633,凱基-站前,0039003200300046,25,0,25,0.74,10,buy
9/30,2633,富邦-仁愛,9676,0,40,-40,1.18,10,sell
9/30,2633,元大-鹿港,0039003800390053,23,0,23,0.68,11,buy
9/30,2633,光和-溪湖,6381,10,35,-25,0.74,11,sell
9/30,2633,元大-南投,0039003800310044,22,0,22,0.65,12,buy
9/30,2633,國泰-高雄,8881,0,24,-24,0.71,12,sell
9/30,2633,新光,8560,25,3,22,0.65,13,buy
9/30,2633,合庫-鳳山,1029,0,20,-20,0.59,13,sell
9/30,2633,聯邦-忠孝,8583,20,5,15,0.44,14,buy
9/30,2633,亞東-高雄,2186,0,20,-20,0.59,14,sell
9/30,2633,土銀-嘉義,1034,10,0,10,0.3,15,buy
9/30,2633,凱基-台中,9204,0,20,-20,0.59,15,sell
9/30,2542,台灣摩根士丹利,1470,1344,2,1342,10.92,1,buy
9/30,2542,新加坡商瑞銀,1650,54,1061,-1007,8.2,1,sell
9/30,2542,美林,1440,1798,839,959,7.81,2,buy
9/30,2542,中國信託,6160,41,931,-890,7.25,2,sell
9/30,2542,花旗環球,1590,382,13,369,3.0,3,buy
9/30,2542,摩根大通,8440,514,1204,-690,5.62,3,sell
9/30,2542,永豐金證券,0039004100300030,445,220,225,1.83,4,buy
9/30,2542,美商高盛,1480,498,1076,-578,4.71,4,sell
9/30,2542,元大-大同,0039003800390047,177,26,151,1.23,5,buy
9/30,2542,康和,8450,2,570,-568,4.62,5,sell
9/30,2542,台新-同大,0039004200320050,143,3,140,1.14,6,buy
9/30,2542,港商野村,1560,0,498,-498,4.05,6,sell
9/30,2542,富邦-竹東,9625,120,1,119,0.97,7,buy
9/30,2542,元大-和平,9863,3,320,-317,2.58,7,sell
9/30,2542,統一,5850,105,0,105,0.85,8,buy
9/30,2542,彰銀,1230,1,301,-300,2.44,8,sell
9/30,2542,國泰-敦南,8888,194,106,88,0.72,9,buy
9/30,2542,兆豐證券,7000,6,250,-244,1.99,9,sell
9/30,2542,元大證券,9800,195,123,72,0.59,10,buy
9/30,2542,富邦-敦南,9663,18,219,-201,1.64,10,sell
9/30,2542,大昌-新竹,6463,62,0,62,0.5,11,buy
9/30,2542,凱基-台北,9268,1089,1235,-146,1.19,11,sell
9/30,2542,合庫-台中,1021,312,255,57,0.46,12,buy
9/30,2542,元大-新生,0039003800310058,0,113,-113,0.92,12,sell
9/30,2542,新光,8560,151,95,56,0.46,13,buy
9/30,2542,永豐金-松山,0039004100390031,1,82,-81,0.66,13,sell
9/30,2542,第一金-大稻埕,0035003300380046,55,0,55,0.45,14,buy
9/30,2542,國泰證券,8880,1,80,-79,0.64,14,sell
9/30,2542,統一-仁愛,0035003800350063,54,0,54,0.44,15,buy
9/30,2542,京城,8490,0,70,-70,0.57,15,sell
9/30,9904,亞東-新竹,2184,1142,17,1125,13.73,1,buy
9/30,9904,永豐金-匯立,0039004100380031,0,747,-747,9.12,1,sell
9/30,9904,元大證券,9800,532,57,475,5.8,2,buy
9/30,9904,美林,1440,141,759,-618,7.54,2,sell
9/30,9904,大和國泰,8890,438,0,438,5.35,3,buy
9/30,9904,花旗環球,1590,914,1431,-517,6.31,3,sell
9/30,9904,元大-士林,003900380031006a,412,4,408,4.98,4,buy
9/30,9904,凱基-台北,9268,375,774,-399,4.87,4,sell
9/30,9904,京城,8490,300,0,300,3.66,5,buy
9/30,9904,富邦-建國,9658,36,353,-317,3.87,5,sell
9/30,9904,元大-永和,9891,250,0,250,3.05,6,buy
9/30,9904,美商高盛,1480,504,773,-269,3.28,6,sell
9/30,9904,摩根大通,8440,481,237,244,2.98,7,buy
9/30,9904,新加坡商瑞銀,1650,27,255,-228,2.78,7,sell
9/30,9904,永豐金證券,0039004100300030,174,3,171,2.09,8,buy
9/30,9904,新光,8560,12,133,-121,1.48,8,sell
9/30,9904,元大-中崙,9813,202,35,167,2.04,9,buy
9/30,9904,富邦-北港,0039003600390043,6,124,-118,1.44,9,sell
9/30,9904,台灣摩根士丹利,1470,455,333,122,1.49,10,buy
9/30,9904,富邦-員林,9672,0,70,-70,0.85,10,sell
9/30,9904,統一-宜蘭,0035003800350053,100,0,100,1.22,11,buy
9/30,9904,台新,0039004200300030,15,82,-67,0.82,11,sell
9/30,9904,港商麥格理,1360,74,0,74,0.9,12,buy
9/30,9904,元大-鳳山,003900380033005a,0,51,-51,0.62,12,sell
9/30,9904,凱基-台中,9204,50,3,47,0.57,13,buy
9/30,9904,華南永昌-竹北,9339,1,51,-50,0.61,13,sell
9/30,9904,永豐金-台南,0039004100390068,45,1,44,0.54,14,buy
9/30,9904,華南永昌-虎尾,9377,0,50,-50,0.61,14,sell
9/30,9904,富邦-台北,9623,122,81,41,0.5,15,buy
9/30,9904,台新-台中,0039004200310068,0,45,-45,0.55,15,sell
9/30,2356,國泰證券,8880,503,4,499,4.31,1,buy
9/30,2356,台灣摩根士丹利,1470,754,2099,-1345,11.6,1,sell
9/30,2356,凱基-台北,9268,1325,912,413,3.56,2,buy
9/30,2356,元大證券,9800,332,1463,-1131,9.76,2,sell
9/30,2356,摩根大通,8440,1068,657,411,3.55,3,buy
9/30,2356,美林,1440,62,589,-527,4.55,3,sell
9/30,2356,花旗環球,1590,719,411,308,2.66,4,buy
9/30,2356,港商麥格理,1360,124,388,-264,2.28,4,sell
9/30,2356,玉山-嘉義,8848,205,4,201,1.73,5,buy
9/30,2356,群益金鼎-基隆,0039003100330045,4,108,-104,0.9,5,sell
9/30,2356,元大-北屯,0039003800390064,127,5,122,1.05,6,buy
9/30,2356,大和國泰,8890,83,182,-99,0.85,6,sell
9/30,2356,法銀巴黎,8900,113,0,113,0.97,7,buy
9/30,2356,元大-樹林,003900380039006a,2,68,-66,0.57,7,sell
9/30,2356,兆豐證券,7000,100,0,100,0.86,8,buy
9/30,2356,國泰-板橋,003800380038004b,23,86,-63,0.54,8,sell
9/30,2356,永豐金證券,0039004100300030,127,31,96,0.83,9,buy
9/30,2356,元大-民生三民,0039003800390058,8,70,-62,0.53,9,sell
9/30,2356,富邦-八德,0039003600330041,70,3,67,0.58,10,buy
9/30,2356,元大-大統,003900380031007a,0,59,-59,0.51,10,sell
9/30,2356,國泰-台中,8882,70,4,66,0.57,11,buy
9/30,2356,兆豐-復興,0037003000300070,0,54,-54,0.47,11,sell
9/30,2356,華南永昌-古亭,9309,50,0,50,0.43,12,buy
9/30,2356,日茂,5960,2,50,-48,0.41,12,sell
9/30,2356,新百王,6210,68,18,50,0.43,13,buy
9/30,2356,香港上海匯豐,8960,0,44,-44,0.38,13,sell
9/30,2356,凱基-大安,9291,51,2,49,0.42,14,buy
9/30,2356,凱基-北門,9283,0,40,-40,0.35,14,sell
9/30,2356,台新-台中,0039004200310068,69,19,50,0.43,15,buy
9/30,2356,亞東-台南,2185,1,40,-39,0.34,15,sell
9/30,2002,台灣摩根士丹利,1470,17220,519,16701,18.43,1,buy
9/30,2002,兆豐證券,7000,2,2019,-2017,2.23,1,sell
9/30,2002,新加坡商瑞銀,1650,13048,1756,11292,12.46,2,buy
9/30,2002,福邦-新竹,6489,0,1415,-1415,1.56,2,sell
9/30,2002,美林,1440,14471,5344,9127,10.07,3,buy
9/30,2002,國泰-敦南,8888,610,2002,-1392,1.54,3,sell
9/30,2002,美商高盛,1480,9418,2335,7083,7.82,4,buy
9/30,2002,華南永昌-虎尾,9377,1,1237,-1236,1.36,4,sell
9/30,2002,摩根大通,8440,7670,986,6684,7.38,5,buy
9/30,2002,臺銀-高雄,0031003000340043,81,1066,-985,1.09,5,sell
9/30,2002,凱基-林口,9257,2174,34,2140,2.36,6,buy
9/30,2002,臺銀-民權,1043,0,809,-809,0.89,6,sell
9/30,2002,花旗環球,1590,1784,212,1572,1.73,7,buy
9/30,2002,第一金-自由,0035003300380045,6,761,-755,0.83,7,sell
9/30,2002,北城證券,7750,1011,36,975,1.08,8,buy
9/30,2002,國泰-台中,8882,44,773,-729,0.8,8,sell
9/30,2002,元大證券,9800,2827,2106,721,0.8,9,buy
9/30,2002,國泰-板橋,003800380038004b,41,754,-713,0.79,9,sell
9/30,2002,凱基-台北,9268,5387,4757,630,0.7,10,buy
9/30,2002,兆豐-台中港,7005,8,689,-681,0.75,10,sell
9/30,2002,大和國泰,8890,589,0,589,0.65,11,buy
9/30,2002,新光,8560,95,772,-677,0.75,11,sell
9/30,2002,群益金鼎-竹南,0039003100380069,524,114,410,0.45,12,buy
9/30,2002,新光-新竹,8563,5,670,-665,0.73,12,sell
9/30,2002,國票-九鼎,0037003700390050,401,44,357,0.39,13,buy
9/30,2002,台新-高雄,0039004200310067,39,666,-627,0.69,13,sell
9/30,2002,國泰證券,8880,298,1,297,0.33,14,buy
9/30,2002,康和-台南,8458,0,626,-626,0.69,14,sell
9/30,2002,兆豐-中壢,0037003000300062,206,21,185,0.2,15,buy
9/30,2002,土銀-玉里,1036,0,590,-590,0.65,15,sell
9/30,2481,摩根大通,8440,1050,429,621,2.18,1,buy
9/30,2481,台灣摩根士丹利,1470,778,3633,-2855,10.03,1,sell
9/30,2481,凱基-台北,9268,2157,1677,480,1.69,2,buy
9/30,2481,美商高盛,1480,1430,2894,-1464,5.14,2,sell
9/30,2481,兆豐-台中,7003,384,17,367,1.29,3,buy
9/30,2481,富邦證券,9600,326,1148,-822,2.89,3,sell
9/30,2481,華南永昌,9300,311,12,299,1.05,4,buy
9/30,2481,中國信託,6160,115,559,-444,1.56,4,sell
9/30,2481,國泰-敦南,8888,971,732,239,0.84,5,buy
9/30,2481,統一,5850,50,327,-277,0.97,5,sell
9/30,2481,元大-大同,0039003800390047,188,22,166,0.58,6,buy
9/30,2481,國票-安和,003700370039005a,35,302,-267,0.94,6,sell
9/30,2481,凱基,9200,344,228,116,0.41,7,buy
9/30,2481,新加坡商瑞銀,1650,222,479,-257,0.9,7,sell
9/30,2481,元大-員林中山,9835,124,22,102,0.36,8,buy
9/30,2481,凱基-信義,9216,1,247,-246,0.86,8,sell
9/30,2481,國泰-台中,8882,204,102,102,0.36,9,buy
9/30,2481,國泰證券,8880,4,209,-205,0.72,9,sell
9/30,2481,富邦-木柵,003900360031004d,203,113,90,0.32,10,buy
9/30,2481,港商野村,1560,11,210,-199,0.7,10,sell
9/30,2481,華南永昌-岡山,9324,77,7,70,0.25,11,buy
9/30,2481,統一-嘉義,5858,7,141,-134,0.47,11,sell
9/30,2481,富邦-新店,9661,99,30,69,0.24,12,buy
9/30,2481,群益金鼎,9100,346,470,-124,0.44,12,sell
9/30,2481,元大-忠孝,9871,129,61,68,0.24,13,buy
9/30,2481,台新-城東,0039004200320072,15,120,-105,0.37,13,sell
9/30,2481,玉山-台南,8847,83,17,66,0.23,14,buy
9/30,2481,元大-永康,9829,23,91,-68,0.24,14,sell
9/30,2481,元大-西螺,0039003800310069,228,163,65,0.23,15,buy
9/30,2481,美林,1440,139,206,-67,0.24,15,sell
9/30,4958,摩根大通,8440,1640,180,1460,4.73,1,buy
9/30,4958,美商高盛,1480,1622,2475,-853,2.77,1,sell
9/30,4958,新加坡商瑞銀,1650,1963,1451,512,1.66,2,buy
9/30,4958,元大證券,9800,2351,2616,-265,0.86,2,sell
9/30,4958,永豐金-匯立,0039004100380031,223,10,213,0.69,3,buy
9/30,4958,台灣摩根士丹利,1470,1790,2050,-260,0.84,3,sell
9/30,4958,港商野村,1560,239,68,171,0.55,4,buy
9/30,4958,富邦證券,9600,268,513,-245,0.79,4,sell
9/30,4958,群益金鼎-大安,0039003100380065,165,17,148,0.48,5,buy
9/30,4958,花旗環球,1590,96,316,-220,0.71,5,sell
9/30,4958,統一,5850,240,93,147,0.48,6,buy
9/30,4958,美林,1440,111,308,-197,0.64,6,sell
9/30,4958,元大-新生,0039003800310058,119,10,109,0.35,7,buy
9/30,4958,中國信託,6160,137,308,-171,0.55,7,sell
9/30,4958,宏遠證券,1260,118,10,108,0.35,8,buy
9/30,4958,凱基-台北,9268,1098,1221,-123,0.4,8,sell
9/30,4958,凱基-士林,9238,213,112,101,0.33,9,buy
9/30,4958,元大-北投,0039003800390041,58,174,-116,0.38,9,sell
9/30,4958,亞東-板橋,2181,105,7,98,0.32,10,buy
9/30,4958,凱基-長庚,9233,14,125,-111,0.36,10,sell
9/30,4958,港商麥格理,1360,187,93,94,0.3,11,buy
9/30,4958,元大-內湖,003900380039004e,35,139,-104,0.34,11,sell
9/30,4958,台新-緯城,0039004200320041,86,10,76,0.25,12,buy
9/30,4958,高橋-內壢,5323,3,101,-98,0.32,12,sell
9/30,4958,永豐金證券,0039004100300030,366,291,75,0.24,13,buy
9/30,4958,富邦-敦南,9663,17,85,-68,0.22,13,sell
9/30,4958,新光-新竹,8563,107,42,65,0.21,14,buy
9/30,4958,國泰-板橋,003800380038004b,142,199,-57,0.18,14,sell
9/30,4958,元大-忠孝,9871,194,134,60,0.19,15,buy
9/30,4958,國泰證券,8880,14,65,-51,0.17,15,sell
9/30,3036,元大-頭份,0039003800330055,278,1,277,3.83,1,buy
9/30,3036,花旗環球,1590,206,545,-339,4.69,1,sell
9/30,3036,新加坡商瑞銀,1650,1082,848,234,3.24,2,buy
9/30,3036,美林,1440,111,432,-321,4.44,2,sell
9/30,3036,摩根大通,8440,609,400,209,2.89,3,buy
9/30,3036,凱基-台北,9268,288,592,-304,4.21,3,sell
9/30,3036,宏遠證券,1260,186,1,185,2.56,4,buy
9/30,3036,港商野村,1560,30,302,-272,3.76,4,sell
9/30,3036,元大-土城,9897,120,1,119,1.65,5,buy
9/30,3036,元大證券,9800,266,503,-237,3.28,5,sell
9/30,3036,中國信託,6160,122,7,115,1.59,6,buy
9/30,3036,群益金鼎,9100,68,264,-196,2.71,6,sell
9/30,3036,(牛牛牛)亞-鑫豐,0036003000310064,96,0,96,1.33,7,buy
9/30,3036,法銀巴黎,8900,0,178,-178,2.46,7,sell
9/30,3036,美商高盛,1480,461,400,61,0.84,8,buy
9/30,3036,港商麥格理,1360,15,115,-100,1.38,8,sell
9/30,3036,元大-樹林,003900380039006a,62,2,60,0.83,9,buy
9/30,3036,統一,5850,9,76,-67,0.93,9,sell
9/30,3036,台灣摩根士丹利,1470,1044,989,55,0.76,10,buy
9/30,3036,康和,8450,0,50,-50,0.69,10,sell
9/30,3036,富邦-左營,0039003600360046,41,0,41,0.57,11,buy
9/30,3036,香港上海匯豐,8960,0,46,-46,0.64,11,sell
9/30,3036,新光,8560,54,15,39,0.54,12,buy
9/30,3036,國泰證券,8880,63,88,-25,0.35,12,sell
9/30,3036,凱基,9200,46,12,34,0.47,13,buy
9/30,3036,大和國泰,8890,0,21,-21,0.29,13,sell
9/30,3036,群益金鼎-東湖,003900310038004b,30,0,30,0.42,14,buy
9/30,3036,群益金鼎-中港,9138,0,20,-20,0.28,14,sell
9/30,3036,華南永昌,9300,51,22,29,0.4,15,buy
9/30,3036,永豐金證券,0039004100300030,46,64,-18,0.25,15,sell
9/30,4938,國泰證券,8880,3522,25,3497,29.67,1,buy
9/30,4938,港商野村,1560,56,2885,-2829,24.01,1,sell
9/30,4938,凱基-台北,9268,1165,536,629,5.34,2,buy
9/30,4938,美林,1440,124,1870,-1746,14.82,2,sell
9/30,4938,花旗環球,1590,445,76,369,3.13,3,buy
9/30,4938,台灣摩根士丹利,1470,369,1549,-1180,10.01,3,sell
9/30,4938,富邦-陽明,9604,309,25,284,2.41,4,buy
9/30,4938,美商高盛,1480,12,970,-958,8.13,4,sell
9/30,4938,大和國泰,8890,196,0,196,1.66,5,buy
9/30,4938,元大證券,9800,277,994,-717,6.08,5,sell
9/30,4938,永豐金證券,0039004100300030,191,6,185,1.57,6,buy
9/30,4938,新加坡商瑞銀,1650,105,813,-708,6.01,6,sell
9/30,4938,國泰-松江,8883,110,0,110,0.93,7,buy
9/30,4938,富邦證券,9600,39,398,-359,3.05,7,sell
9/30,4938,元大-大同,0039003800390047,105,1,104,0.88,8,buy
9/30,4938,華南永昌,9300,13,101,-88,0.75,8,sell
9/30,4938,凱基-東港,9212,78,0,78,0.66,9,buy
9/30,4938,兆豐證券,7000,22,54,-32,0.27,9,sell
9/30,4938,國泰-敦南,8888,91,19,72,0.61,10,buy
9/30,4938,元大-天母,0039003800310049,2,26,-24,0.2,10,sell
9/30,4938,新光,8560,71,1,70,0.59,11,buy
9/30,4938,富邦-仁愛,9676,13,29,-16,0.14,11,sell
9/30,4938,台新-新店,0039004200320032,60,0,60,0.51,12,buy
9/30,4938,中國信託,6160,5,18,-13,0.11,12,sell
9/30,4938,港商麥格理,1360,158,99,59,0.5,13,buy
9/30,4938,康和-高雄,003800340035004a,0,12,-12,0.1,13,sell
9/30,4938,凱基-台南,9211,49,0,49,0.42,14,buy
9/30,4938,香港上海匯豐,8960,0,11,-11,0.09,14,sell
9/30,4938,元大-大雅,0039003800330069,44,0,44,0.37,15,buy
9/30,4938,台新-台北,0039004200320030,2,13,-11,0.09,15,sell
9/30,2890,元大證券,9800,2620,74,2546,14.22,1,buy
9/30,2890,新加坡商瑞銀,1650,1572,6492,-4920,27.48,1,sell
9/30,2890,摩根大通,8440,2757,1050,1707,9.54,2,buy
9/30,2890,港商野村,1560,43,1345,-1302,7.27,2,sell
9/30,2890,花旗環球,1590,1367,233,1134,6.33,3,buy
9/30,2890,香港上海匯豐,8960,0,607,-607,3.39,3,sell
9/30,2890,凱基-台北,9268,1508,411,1097,6.13,4,buy
9/30,2890,第一金-高雄,5383,5,505,-500,2.79,4,sell
9/30,2890,新光,8560,979,20,959,5.36,5,buy
9/30,2890,美商高盛,1480,1115,1445,-330,1.84,5,sell
9/30,2890,台灣摩根士丹利,1470,2283,1697,586,3.27,6,buy
9/30,2890,永豐金-忠孝,0039004100390044,1,254,-253,1.41,6,sell
9/30,2890,永豐金-匯立,0039004100380031,618,150,468,2.61,7,buy
9/30,2890,國泰證券,8880,8,160,-152,0.85,7,sell
9/30,2890,港商麥格理,1360,351,0,351,1.96,8,buy
9/30,2890,美林,1440,616,764,-148,0.83,8,sell
9/30,2890,永豐金證券,0039004100300030,276,38,238,1.33,9,buy
9/30,2890,兆豐-東門,0037003000300048,0,121,-121,0.68,9,sell
9/30,2890,大和國泰,8890,126,0,126,0.7,10,buy
9/30,2890,永豐金-南投,003900410039004d,1,115,-114,0.64,10,sell
9/30,2890,元大-崇德,0039003800310053,100,0,100,0.56,11,buy
9/30,2890,富邦-彰化,0039003600350055,0,102,-102,0.57,11,sell
9/30,2890,富邦-新板,0039003600310048,75,0,75,0.42,12,buy
9/30,2890,永豐金-松山,0039004100390031,1,55,-54,0.3,12,sell
9/30,2890,法銀巴黎,8900,97,46,51,0.28,13,buy
9/30,2890,中國信託,6160,26,75,-49,0.27,13,sell
9/30,2890,永豐金-新竹,0039004100390037,37,0,37,0.21,14,buy
9/30,2890,國泰-敦南,8888,49,95,-46,0.26,14,sell
9/30,2890,兆豐-桃園,003700300030004d,38,2,36,0.2,15,buy
9/30,2890,兆豐-南京,0037003000300050,0,41,-41,0.23,15,sell
9/30,6505,統一,5850,1966,166,1800,4.75,1,buy
9/30,6505,凱基-台北,9268,1405,2118,-713,1.88,1,sell
9/30,6505,群益金鼎,9100,2295,673,1622,4.28,2,buy
9/30,6505,國票-北高雄,003700370039004a,35,534,-499,1.32,2,sell
9/30,6505,摩根大通,8440,1708,586,1122,2.96,3,buy
9/30,6505,國票證券,7790,52,321,-269,0.71,3,sell
9/30,6505,富邦證券,9600,1163,74,1089,2.87,4,buy
9/30,6505,富邦-台南,9667,14,221,-207,0.55,4,sell
9/30,6505,元大證券,9800,3469,2537,932,2.46,5,buy
9/30,6505,玉山證券,8840,45,243,-198,0.52,5,sell
9/30,6505,美商高盛,1480,2442,1585,857,2.26,6,buy
9/30,6505,元大-大同,0039003800390047,63,260,-197,0.52,6,sell
9/30,6505,中國信託,6160,724,115,609,1.61,7,buy
9/30,6505,國泰-敦南,8888,656,839,-183,0.48,7,sell
9/30,6505,香港上海匯豐,8960,535,0,535,1.41,8,buy
9/30,6505,台灣摩根士丹利,1470,2267,2443,-176,0.46,8,sell
9/30,6505,永豐金證券,0039004100300030,687,213,474,1.25,9,buy
9/30,6505,花旗環球,1590,218,383,-165,0.44,9,sell
9/30,6505,凱基,9200,515,89,426,1.12,10,buy
9/30,6505,國泰-桃園,8885,92,225,-133,0.35,10,sell
9/30,6505,兆豐-忠孝,0037003000300061,406,20,386,1.02,11,buy
9/30,6505,永豐金-大園,0039004100390038,20,143,-123,0.32,11,sell
9/30,6505,港商野村,1560,580,309,271,0.71,12,buy
9/30,6505,富邦-中壢,9636,48,171,-123,0.32,12,sell
9/30,6505,台新,0039004200300030,518,247,271,0.71,13,buy
9/30,6505,元大-基隆,0039003800390059,7,115,-108,0.28,13,sell
9/30,6505,新加坡商瑞銀,1650,1193,984,209,0.55,14,buy
9/30,6505,國票-台南,0037003700390044,1,106,-105,0.28,14,sell
9/30,6505,大和國泰,8890,199,0,199,0.52,15,buy
9/30,6505,宏遠-新化,0031003200360058,8,112,-104,0.27,15,sell
9/30,2610,永豐金證券,0039004100300030,3278,97,3181,18.74,1,buy
9/30,2610,國泰-敦南,8888,40,901,-861,5.07,1,sell
9/30,2610,台灣摩根士丹利,1470,2810,216,2594,15.28,2,buy
9/30,2610,新光,8560,10,607,-597,3.52,2,sell
9/30,2610,凱基,9200,1344,0,1344,7.92,3,buy
9/30,2610,大和國泰,8890,0,462,-462,2.72,3,sell
9/30,2610,美商高盛,1480,1802,482,1320,7.78,4,buy
9/30,2610,玉山-信義,0038003800340043,2,398,-396,2.33,4,sell
9/30,2610,新加坡商瑞銀,1650,1420,172,1248,7.35,5,buy
9/30,2610,國泰證券,8880,1,238,-237,1.4,5,sell
9/30,2610,元大-大里德芳,0039003800330057,410,1,409,2.41,6,buy
9/30,2610,合庫-基隆,1025,0,203,-203,1.2,6,sell
9/30,2610,花旗環球,1590,258,38,220,1.3,7,buy
9/30,2610,元大-西屯,0039003800300077,2,201,-199,1.17,7,sell
9/30,2610,摩根大通,8440,1179,982,197,1.16,8,buy
9/30,2610,富邦-仁愛,9676,30,224,-194,1.14,8,sell
9/30,2610,台新-世貿,0039004200320075,93,35,58,0.34,9,buy
9/30,2610,玉山-城中,0038003800340045,0,169,-169,1.0,9,sell
9/30,2610,凱基-嘉義,9252,36,5,31,0.18,10,buy
9/30,2610,台新,0039004200300030,50,219,-169,1.0,10,sell
9/30,2610,凱基-市政,9239,30,0,30,0.18,11,buy
9/30,2610,元大-東泰,9817,2,155,-153,0.9,11,sell
9/30,2610,統一,5850,26,2,24,0.14,12,buy
9/30,2610,永豐金-市政,0039004100390057,7,159,-152,0.9,12,sell
9/30,2610,土銀-白河,0031003000330043,49,28,21,0.12,13,buy
9/30,2610,凱基-台北,9268,825,970,-145,0.85,13,sell
9/30,2610,彰銀-七賢,1232,20,0,20,0.12,14,buy
9/30,2610,合庫-西台中,0031003000320046,0,126,-126,0.74,14,sell
9/30,2610,富邦-七賢,003900360031004b,21,1,20,0.12,15,buy
9/30,2610,美林,1440,423,534,-111,0.65,15,sell
9/30,2883,花旗環球,1590,7488,208,7280,21.56,1,buy
9/30,2883,美商高盛,1480,755,6318,-5563,16.47,1,sell
9/30,2883,元大證券,9800,2731,1122,1609,4.76,2,buy
9/30,2883,台灣摩根士丹利,1470,2857,5334,-2477,7.34,2,sell
9/30,2883,港商麥格理,1360,1041,57,984,2.91,3,buy
9/30,2883,香港上海匯豐,8960,0,1555,-1555,4.6,3,sell
9/30,2883,大和國泰,8890,516,0,516,1.53,4,buy
9/30,2883,新加坡商瑞銀,1650,2195,3702,-1507,4.46,4,sell
9/30,2883,凱基-台北,9268,778,297,481,1.42,5,buy
9/30,2883,台新-城中,0039004200320045,3,1051,-1048,3.1,5,sell
9/30,2883,中國信託,6160,348,15,333,0.99,6,buy
9/30,2883,美林,1440,1289,1893,-604,1.79,6,sell
9/30,2883,凱基-豐中,9223,152,16,136,0.4,7,buy
9/30,2883,港商野村,1560,0,551,-551,1.63,7,sell
9/30,2883,群益金鼎-新莊,0039003100380047,111,1,110,0.33,8,buy
9/30,2883,凱基-雙和,0039003200300043,11,505,-494,1.46,8,sell
9/30,2883,永豐金-匯立,0039004100380031,394,288,106,0.31,9,buy
9/30,2883,凱基-南崁,9256,9,200,-191,0.57,9,sell
9/30,2883,康和,8450,93,5,88,0.26,10,buy
9/30,2883,國票-南科,0037003700390065,12,201,-189,0.56,10,sell
9/30,2883,玉山證券,8840,108,23,85,0.25,11,buy
9/30,2883,中國信託-三重,6161,0,151,-151,0.45,11,sell
9/30,2883,台新,0039004200300030,212,137,75,0.22,12,buy
9/30,2883,摩根大通,8440,3638,3784,-146,0.43,12,sell
9/30,2883,新光-台南,8564,84,10,74,0.22,13,buy
9/30,2883,中國信託-忠孝,6162,6,150,-144,0.43,13,sell
9/30,2883,法銀巴黎,8900,73,0,73,0.22,14,buy
9/30,2883,第一金,5380,0,125,-125,0.37,14,sell
9/30,2883,統一,5850,81,13,68,0.2,15,buy
9/30,2883,永全證券,6450,20,110,-90,0.27,15,sell
9/30,2027,摩根大通,8440,1807,310,1497,16.35,1,buy
9/30,2027,美商高盛,1480,736,2856,-2120,23.15,1,sell
9/30,2027,凱基-台北,9268,907,482,425,4.64,2,buy
9/30,2027,台灣摩根士丹利,1470,409,615,-206,2.25,2,sell
9/30,2027,美林,1440,455,130,325,3.55,3,buy
9/30,2027,香港上海匯豐,8960,0,168,-168,1.83,3,sell
9/30,2027,富邦-陽明,9604,228,4,224,2.45,4,buy
9/30,2027,華南永昌-小港,9323,41,180,-139,1.52,4,sell
9/30,2027,新光,8560,109,26,83,0.91,5,buy
9/30,2027,華南永昌-長虹,9333,1,93,-92,1.0,5,sell
9/30,2027,元大-萬華,0039003800310071,73,6,67,0.73,6,buy
9/30,2027,港商野村,1560,8,80,-72,0.79,6,sell
9/30,2027,台新,0039004200300030,71,13,58,0.63,7,buy
9/30,2027,凱基-士林,9238,1,62,-61,0.67,7,sell
9/30,2027,群益金鼎-彰化,9187,51,0,51,0.56,8,buy
9/30,2027,富邦證券,9600,50,108,-58,0.63,8,sell
9/30,2027,元大證券,9800,339,288,51,0.56,9,buy
9/30,2027,富邦-新店,9661,16,68,-52,0.57,9,sell
9/30,2027,花旗環球,1590,61,12,49,0.54,10,buy
9/30,2027,國票-北高雄,003700370039004a,12,62,-50,0.55,10,sell
9/30,2027,第一金-路竹,0035003300380050,55,10,45,0.49,11,buy
9/30,2027,元大-士林,003900380031006a,0,38,-38,0.41,11,sell
9/30,2027,亞東-板橋,2181,43,0,43,0.47,12,buy
9/30,2027,永豐金-古亭,0039004100390064,0,38,-38,0.41,12,sell
9/30,2027,國泰證券,8880,41,0,41,0.45,13,buy
9/30,2027,宏遠-新化,0031003200360058,0,30,-30,0.33,13,sell
9/30,2027,台新-板橋,0039004200320062,39,0,39,0.43,14,buy
9/30,2027,宏遠證券,1260,3,33,-30,0.33,14,sell
9/30,2027,永豐金-鳳山,0039004100360031,39,2,37,0.4,15,buy
9/30,2027,華南永昌-東勢,9358,41,70,-29,0.32,15,sell
9/30,3105,台新-台北,0039004200320030,3212,57,3155,7.31,1,buy
9/30,3105,群益金鼎-古亭,0039003100380043,6,2593,-2587,5.99,1,sell
9/30,3105,凱基-站前,0039003200300046,3262,170,3092,7.16,2,buy
9/30,3105,國泰-敦南,8888,602,1258,-656,1.52,2,sell
9/30,3105,美商高盛,1480,4035,1029,3006,6.96,3,buy
9/30,3105,新光,8560,135,422,-287,0.66,3,sell
9/30,3105,新加坡商瑞銀,1650,2970,123,2847,6.59,4,buy
9/30,3105,富邦-台北,9623,32,302,-270,0.63,4,sell
9/30,3105,台灣摩根士丹利,1470,3421,650,2771,6.42,5,buy
9/30,3105,永豐金證券,0039004100300030,192,459,-267,0.62,5,sell
9/30,3105,元大證券,9800,4510,2895,1615,3.74,6,buy
9/30,3105,元大-北投,0039003800390041,11,257,-246,0.57,6,sell
9/30,3105,凱基-台北,9268,2892,1416,1476,3.42,7,buy
9/30,3105,大昌-新竹,6463,15,223,-208,0.48,7,sell
9/30,3105,凱基-信義,9216,1328,258,1070,2.48,8,buy
9/30,3105,國泰-台中,8882,77,251,-174,0.4,8,sell
9/30,3105,摩根大通,8440,1091,203,888,2.06,9,buy
9/30,3105,高橋,5320,10,169,-159,0.37,9,sell
9/30,3105,美林,1440,927,172,755,1.75,10,buy
9/30,3105,玉山-台中,0038003800340042,8,158,-150,0.35,10,sell
9/30,3105,統一,5850,883,236,647,1.5,11,buy
9/30,3105,國泰-板橋,003800380038004b,53,188,-135,0.31,11,sell
9/30,3105,港商野村,1560,564,78,486,1.13,12,buy
9/30,3105,玉山證券,8840,27,161,-134,0.31,12,sell
9/30,3105,永豐金-敦南,0039004100380046,567,151,416,0.96,13,buy
9/30,3105,國票-台中,0037003700390076,7,138,-131,0.3,13,sell
9/30,3105,國票-安和,003700370039005a,538,122,416,0.96,14,buy
9/30,3105,富邦-新店,9661,22,152,-130,0.3,14,sell
9/30,3105,凱基,9200,484,139,345,0.8,15,buy
9/30,3105,國泰-桃園,8885,71,197,-126,0.29,15,sell
9/30,2855,新加坡商瑞銀,1650,1007,115,892,17.43,1,buy
9/30,2855,台灣摩根士丹利,1470,537,1588,-1051,20.54,1,sell
9/30,2855,美商高盛,1480,757,385,372,7.27,2,buy
9/30,2855,美林,1440,321,654,-333,6.51,2,sell
9/30,2855,摩根大通,8440,315,75,240,4.69,3,buy
9/30,2855,彰銀-台中,1233,0,62,-62,1.21,3,sell
9/30,2855,永豐金證券,0039004100300030,148,7,141,2.75,4,buy
9/30,2855,國泰-台中,8882,2,52,-50,0.98,4,sell
9/30,2855,新光,8560,144,44,100,1.95,5,buy
9/30,2855,統一-台南,5855,1,50,-49,0.96,5,sell
9/30,2855,凱基-台北,9268,264,180,84,1.64,6,buy
9/30,2855,玉山-城中,0038003800340045,0,40,-40,0.78,6,sell
9/30,2855,元大證券,9800,123,50,73,1.43,7,buy
9/30,2855,元大-忠孝,9871,0,35,-35,0.68,7,sell
9/30,2855,凱基-埔墘,9288,60,3,57,1.11,8,buy
9/30,2855,富邦-南屯,9666,0,31,-31,0.61,8,sell
9/30,2855,台新,0039004200300030,81,35,46,0.9,9,buy
9/30,2855,元大-台中,9812,0,30,-30,0.59,9,sell
9/30,2855,元大-南勢角,0039003800340045,33,1,32,0.63,10,buy
9/30,2855,凱基-市府,0039003200300044,0,27,-27,0.53,10,sell
9/30,2855,港商野村,1560,30,0,30,0.59,11,buy
9/30,2855,元大-板橋三民,9879,0,27,-27,0.53,11,sell
9/30,2855,富邦-公益,0039003600310046,31,1,30,0.59,12,buy
9/30,2855,元大-苑裡,0039003800390061,0,25,-25,0.49,12,sell
9/30,2855,元大-南屯,9853,31,2,29,0.57,13,buy
9/30,2855,永豐金-桃盛,003900410039004e,0,25,-25,0.49,13,sell
9/30,2855,中國信託,6160,37,10,27,0.53,14,buy
9/30,2855,元大-雙和,9874,0,22,-22,0.43,14,sell
9/30,2855,富邦-二林,0039003600320042,23,0,23,0.45,15,buy
9/30,2855,富邦-仁愛,9676,10,31,-21,0.41,15,sell
9/30,8028,國泰-敦南,8888,434,230,204,1.74,1,buy
9/30,8028,美商高盛,1480,110,1413,-1303,11.09,1,sell
9/30,8028,康和,8450,190,2,188,1.6,2,buy
9/30,8028,台灣摩根士丹利,1470,127,936,-809,6.89,2,sell
9/30,8028,群益金鼎-台北,0039003100380058,72,0,72,0.61,3,buy
9/30,8028,摩根大通,8440,7,552,-545,4.64,3,sell
9/30,8028,宏遠-高雄,0031003200360051,78,6,72,0.61,4,buy
9/30,8028,台新,0039004200300030,61,482,-421,3.58,4,sell
9/30,8028,合庫-桃園,0031003000320045,68,1,67,0.57,5,buy
9/30,8028,群益金鼎-東大,9135,13,264,-251,2.14,5,sell
9/30,8028,統一-城中,5854,69,5,64,0.54,6,buy
9/30,8028,新加坡商瑞銀,1650,10,219,-209,1.78,6,sell
9/30,8028,元大-大天母,9893,73,10,63,0.54,7,buy
9/30,8028,凱基-台北,9268,476,646,-170,1.45,7,sell
9/30,8028,元大-汐止,0039003800390051,69,7,62,0.53,8,buy
9/30,8028,元大證券,9800,580,697,-117,1.0,8,sell
9/30,8028,玉山-高雄,8843,68,10,58,0.49,9,buy
9/30,8028,凱基,9200,1,104,-103,0.88,9,sell
9/30,8028,第一金-路竹,0035003300380050,62,6,56,0.48,10,buy
9/30,8028,兆豐-復興,0037003000300070,2,101,-99,0.84,10,sell
9/30,8028,富邦-木柵,003900360031004d,63,14,49,0.42,11,buy
9/30,8028,港商野村,1560,0,94,-94,0.8,11,sell
9/30,8028,國泰-館前,0038003800380041,65,17,48,0.41,12,buy
9/30,8028,富邦-新店,9661,27,94,-67,0.57,12,sell
9/30,8028,國泰-台中,8882,79,40,39,0.33,13,buy
9/30,8028,台新-建北,0039004200310038,26,88,-62,0.53,13,sell
9/30,8028,元大-成功,003900380039004c,45,6,39,0.33,14,buy
9/30,8028,凱基-中山,9229,9,68,-59,0.5,14,sell
9/30,8028,康和-嘉義,8459,52,14,38,0.32,15,buy
9/30,8028,國票證券,7790,60,115,-55,0.47,15,sell
9/30,6147,凱基-台北,9268,1417,1098,319,1.51,1,buy
9/30,6147,台灣摩根士丹利,1470,398,1308,-910,4.31,1,sell
9/30,6147,統一,5850,769,473,296,1.4,2,buy
9/30,6147,摩根大通,8440,835,1390,-555,2.63,2,sell
9/30,6147,華南永昌,9300,243,34,209,0.99,3,buy
9/30,6147,美林,1440,422,864,-442,2.09,3,sell
9/30,6147,永豐金證券,0039004100300030,381,216,165,0.78,4,buy
9/30,6147,新加坡商瑞銀,1650,485,878,-393,1.86,4,sell
9/30,6147,兆豐-新竹,0037003000300056,173,10,163,0.77,5,buy
9/30,6147,富邦-仁愛,9676,43,401,-358,1.7,5,sell
9/30,6147,大和國泰,8890,152,0,152,0.72,6,buy
9/30,6147,凱基-高雄,9206,10,313,-303,1.43,6,sell
9/30,6147,兆豐-忠孝,0037003000300061,161,18,143,0.68,7,buy
9/30,6147,國票-天祥,0037003700390056,10,303,-293,1.39,7,sell
9/30,6147,台新,0039004200300030,211,70,141,0.67,8,buy
9/30,6147,花旗環球,1590,0,259,-259,1.23,8,sell
9/30,6147,香港上海匯豐,8960,113,0,113,0.54,9,buy
9/30,6147,美商高盛,1480,887,1086,-199,0.94,9,sell
9/30,6147,凱基-雙和,0039003200300043,116,8,108,0.51,10,buy
9/30,6147,國票-安和,003700370039005a,30,209,-179,0.85,10,sell
9/30,6147,統一-敦南,5852,110,10,100,0.47,11,buy
9/30,6147,國泰證券,8880,49,167,-118,0.56,11,sell
9/30,6147,新光,8560,203,131,72,0.34,12,buy
9/30,6147,富邦證券,9600,152,268,-116,0.55,12,sell
9/30,6147,港商野村,1560,75,6,69,0.33,13,buy
9/30,6147,凱基,9200,130,241,-111,0.53,13,sell
9/30,6147,元大-新生,0039003800310058,79,17,62,0.29,14,buy
9/30,6147,第一金-中山,5389,6,105,-99,0.47,14,sell
9/30,6147,永豐金-復興,003900410039005a,64,4,60,0.28,15,buy
9/30,6147,元大-六合,0039003800320043,14,113,-99,0.47,15,sell
9/30,2449,台灣摩根士丹利,1470,2257,816,1441,6.01,1,buy
9/30,2449,美商高盛,1480,1259,4316,-3057,12.74,1,sell
9/30,2449,凱基-台北,9268,1577,1068,509,2.12,2,buy
9/30,2449,摩根大通,8440,371,1164,-793,3.3,2,sell
9/30,2449,港商野村,1560,236,8,228,0.95,3,buy
9/30,2449,凱基-永和,9207,6,607,-601,2.5,3,sell
9/30,2449,(牛牛牛)亞-網路,6012,151,4,147,0.61,4,buy
9/30,2449,花旗環球,1590,230,831,-601,2.5,4,sell
9/30,2449,台中銀,6110,129,6,123,0.51,5,buy
9/30,2449,元大證券,9800,1149,1484,-335,1.4,5,sell
9/30,2449,國泰-敦南,8888,697,584,113,0.47,6,buy
9/30,2449,群益金鼎,9100,185,482,-297,1.24,6,sell
9/30,2449,國票-敦北法人,0037003700390063,117,6,111,0.46,7,buy
9/30,2449,凱基,9200,2,263,-261,1.09,7,sell
9/30,2449,富邦-新店,9661,122,11,111,0.46,8,buy
9/30,2449,統一,5850,129,283,-154,0.64,8,sell
9/30,2449,法銀巴黎,8900,118,10,108,0.45,9,buy
9/30,2449,新加坡商瑞銀,1650,459,586,-127,0.53,9,sell
9/30,2449,元大-林森,0039003800330042,118,12,106,0.44,10,buy
9/30,2449,華南永昌-斗六,9327,6,104,-98,0.41,10,sell
9/30,2449,凱基-三重,9205,113,9,104,0.43,11,buy
9/30,2449,港商麥格理,1360,38,134,-96,0.4,11,sell
9/30,2449,宏遠證券,1260,100,3,97,0.4,12,buy
9/30,2449,國泰證券,8880,25,111,-86,0.36,12,sell
9/30,2449,美林,1440,367,300,67,0.28,13,buy
9/30,2449,統一-松江,003500380035005a,7,81,-74,0.31,13,sell
9/30,2449,大和國泰,8890,120,58,62,0.26,14,buy
9/30,2449,元大-西螺,0039003800310069,8,81,-73,0.3,14,sell
9/30,2449,台新-世貿,0039004200320075,67,5,62,0.26,15,buy
9/30,2449,康和-台北,0038003400350055,3,67,-64,0.27,15,sell
9/30,6274,台灣摩根士丹利,1470,469,144,325,5.19,1,buy
9/30,6274,統一,5850,45,132,-87,1.39,1,sell
9/30,6274,摩根大通,8440,243,115,128,2.04,2,buy
9/30,6274,兆豐-北高雄,0037003000300049,0,60,-60,0.96,2,sell
9/30,6274,凱基-信義,9216,127,7,120,1.91,3,buy
9/30,6274,美商高盛,1480,550,603,-53,0.85,3,sell
9/30,6274,富邦證券,9600,126,12,114,1.82,4,buy
9/30,6274,富邦-竹東,9625,5,50,-45,0.72,4,sell
9/30,6274,新加坡商瑞銀,1650,392,288,104,1.66,5,buy
9/30,6274,富邦-板橋,9655,15,57,-42,0.67,5,sell
9/30,6274,群益金鼎,9100,99,40,59,0.94,6,buy
9/30,6274,凱基-台北,9268,319,361,-42,0.67,6,sell
9/30,6274,國票-長城,0037003700390075,35,1,34,0.54,7,buy
9/30,6274,永豐金-古亭,0039004100390064,25,62,-37,0.59,7,sell
9/30,6274,亞東-板橋,2181,32,3,29,0.46,8,buy
9/30,6274,國泰-敦南,8888,86,113,-27,0.43,8,sell
9/30,6274,第一金-自由,0035003300380045,33,6,27,0.43,9,buy
9/30,6274,台新,0039004200300030,55,75,-20,0.32,9,sell
9/30,6274,美林,1440,73,47,26,0.41,10,buy
9/30,6274,凱基,9200,72,90,-18,0.29,10,sell
9/30,6274,國泰證券,8880,35,11,24,0.38,11,buy
9/30,6274,永豐金-南京,0039004100390053,67,84,-17,0.27,11,sell
9/30,6274,國票-安和,003700370039005a,33,13,20,0.32,12,buy
9/30,6274,元大-大同,0039003800390047,4,20,-16,0.26,12,sell
9/30,6274,港商野村,1560,68,49,19,0.3,13,buy
9/30,6274,元大-南勢角,0039003800340045,2,18,-16,0.26,13,sell
9/30,6274,華南永昌-新莊,9305,20,1,19,0.3,14,buy
9/30,6274,中國信託-忠孝,6162,4,20,-16,0.26,14,sell
9/30,6274,統一-南京,0035003800350055,26,7,19,0.3,15,buy
9/30,6274,富邦-台北,9623,24,39,-15,0.24,15,sell
9/30,1402,元大證券,9800,902,41,861,12.12,1,buy
9/30,1402,新加坡商瑞銀,1650,175,1057,-882,12.42,1,sell
9/30,1402,國泰證券,8880,751,0,751,10.57,2,buy
9/30,1402,群益金鼎-竹南,0039003100380069,0,360,-360,5.07,2,sell
9/30,1402,凱基,9200,648,20,628,8.84,3,buy
9/30,1402,美商高盛,1480,534,875,-341,4.8,3,sell
9/30,1402,台灣摩根士丹利,1470,649,125,524,7.38,4,buy
9/30,1402,台新,0039004200300030,4,280,-276,3.89,4,sell
9/30,1402,國泰-忠孝,8887,450,0,450,6.33,5,buy
9/30,1402,新光,8560,3,196,-193,2.72,5,sell
9/30,1402,大和國泰,8890,436,0,436,6.14,6,buy
9/30,1402,富邦-頭份,0039003600320050,0,188,-188,2.65,6,sell
9/30,1402,摩根大通,8440,576,147,429,6.04,7,buy
9/30,1402,美林,1440,80,223,-143,2.01,7,sell
9/30,1402,花旗環球,1590,331,20,311,4.38,8,buy
9/30,1402,富邦-台南,9667,0,112,-112,1.58,8,sell
9/30,1402,凱基-台北,9268,401,186,215,3.03,9,buy
9/30,1402,國票-安和,003700370039005a,0,100,-100,1.41,9,sell
9/30,1402,永豐金證券,0039004100300030,211,14,197,2.77,10,buy
9/30,1402,永豐金-竹科,0039004100390058,0,81,-81,1.14,10,sell
9/30,1402,統一-新竹,5857,150,2,148,2.08,11,buy
9/30,1402,國泰-板橋,003800380038004b,4,85,-81,1.14,11,sell
9/30,1402,永豐金-匯立,0039004100380031,184,46,138,1.94,12,buy
9/30,1402,宏遠-台中,003100320036004c,0,70,-70,0.99,12,sell
9/30,1402,亞東,2180,184,46,138,1.94,13,buy
9/30,1402,國票-內壢,7798,0,70,-70,0.99,13,sell
9/30,1402,富邦-三峽,003900360032004a,32,3,29,0.41,14,buy
9/30,1402,臺銀-新竹,1045,1,69,-68,0.96,14,sell
9/30,1402,聯邦-雙和,8584,23,0,23,0.32,15,buy
9/30,1402,富邦證券,9600,1,62,-61,0.86,15,sell
9/30,3264,第一金-中壢,0035003300380059,217,3,214,1.37,1,buy
9/30,3264,台灣摩根士丹利,1470,168,2055,-1887,12.08,1,sell
9/30,3264,國泰-敦南,8888,320,203,117,0.75,2,buy
9/30,3264,新加坡商瑞銀,1650,83,1843,-1760,11.26,2,sell
9/30,3264,兆豐-忠孝,0037003000300061,124,11,113,0.72,3,buy
9/30,3264,摩根大通,8440,73,1032,-959,6.14,3,sell
9/30,3264,群益金鼎-西松,9136,110,3,107,0.68,4,buy
9/30,3264,凱基-台北,9268,286,1034,-748,4.79,4,sell
9/30,3264,群益金鼎,9100,504,398,106,0.68,5,buy
9/30,3264,港商野村,1560,0,702,-702,4.49,5,sell
9/30,3264,台新,0039004200300030,165,62,103,0.66,6,buy
9/30,3264,元大證券,9800,1092,1636,-544,3.48,6,sell
9/30,3264,華南永昌-台中,9302,111,11,100,0.64,7,buy
9/30,3264,統一,5850,130,569,-439,2.81,7,sell
9/30,3264,香港上海匯豐,8960,97,0,97,0.62,8,buy
9/30,3264,美商高盛,1480,46,332,-286,1.83,8,sell
9/30,3264,統一-仁愛,0035003800350063,97,3,94,0.6,9,buy
9/30,3264,兆豐-民生,0037003000300063,4,190,-186,1.19,9,sell
9/30,3264,富邦-高雄,9659,101,11,90,0.58,10,buy
9/30,3264,美林,1440,28,186,-158,1.01,10,sell
9/30,3264,中國信託,6160,95,11,84,0.54,11,buy
9/30,3264,永豐金證券,0039004100300030,191,251,-60,0.38,11,sell
9/30,3264,台新-台北,0039004200320030,79,3,76,0.49,12,buy
9/30,3264,富邦-新營,9693,7,38,-31,0.2,12,sell
9/30,3264,國票-新莊,0037003700390047,71,4,67,0.43,13,buy
9/30,3264,聯邦證券,8580,1,30,-29,0.19,13,sell
9/30,3264,富邦-陽明,9604,79,14,65,0.42,14,buy
9/30,3264,台新-建北,0039004200310038,6,33,-27,0.17,14,sell
9/30,3264,國泰-板橋,003800380038004b,103,41,62,0.4,15,buy
9/30,3264,凱基-新店,0039003200300056,1,12,-11,0.07,15,sell
9/30,2834,台灣摩根士丹利,1470,3267,1781,1486,7.75,1,buy
9/30,2834,新加坡商瑞銀,1650,346,3318,-2972,15.5,1,sell
9/30,2834,統一-基隆,0035003800350041,1390,2,1388,7.24,2,buy
9/30,2834,美商高盛,1480,291,1920,-1629,8.5,2,sell
9/30,2834,元大證券,9800,1287,118,1169,6.1,3,buy
9/30,2834,美林,1440,0,1092,-1092,5.7,3,sell
9/30,2834,凱基-台北,9268,1678,691,987,5.15,4,buy
9/30,2834,港商麥格理,1360,113,745,-632,3.3,4,sell
9/30,2834,花旗環球,1590,930,221,709,3.7,5,buy
9/30,2834,台灣企銀-岡山,1119,0,586,-586,3.06,5,sell
9/30,2834,合庫-彰化,1028,504,2,502,2.62,6,buy
9/30,2834,國泰證券,8880,21,511,-490,2.56,6,sell
9/30,2834,港商野村,1560,498,0,498,2.6,7,buy
9/30,2834,永豐金證券,0039004100300030,205,544,-339,1.77,7,sell
9/30,2834,統一-敦南,5852,400,0,400,2.09,8,buy
9/30,2834,新光,8560,18,250,-232,1.21,8,sell
9/30,2834,台新-城東,0039004200320072,338,1,337,1.76,9,buy
9/30,2834,臺銀,1040,17,222,-205,1.07,9,sell
9/30,2834,台新-高雄,0039004200310067,221,2,219,1.14,10,buy
9/30,2834,臺銀-高雄,0031003000340043,5,206,-201,1.05,10,sell
9/30,2834,永豐金-匯立,0039004100380031,305,90,215,1.12,11,buy
9/30,2834,第一金-新竹,0035003300380042,0,192,-192,1.0,11,sell
9/30,2834,永豐金-桃盛,003900410039004e,202,30,172,0.9,12,buy
9/30,2834,元大-嘉義,0039003800390067,1,185,-184,0.96,12,sell
9/30,2834,玉山-雙和,8841,161,1,160,0.83,13,buy
9/30,2834,中國信託-高雄,003600310036004b,2,120,-118,0.62,13,sell
9/30,2834,摩根大通,8440,1547,1392,155,0.81,14,buy
9/30,2834,第一金,5380,1,109,-108,0.56,14,sell
9/30,2834,華南永昌-世貿,9334,141,0,141,0.74,15,buy
9/30,2834,群益金鼎-瑞豐,0039003100380075,2,100,-98,0.51,15,sell
9/30,6005,摩根大通,8440,1072,367,705,12.76,1,buy
9/30,6005,台新-草屯,0039004200320058,1,1073,-1072,19.41,1,sell
9/30,6005,美商高盛,1480,814,514,300,5.43,2,buy
9/30,6005,富邦-二林,0039003600320042,35,152,-117,2.12,2,sell
9/30,6005,致和-金華,7034,188,1,187,3.39,3,buy
9/30,6005,新加坡商瑞銀,1650,66,137,-71,1.29,3,sell
9/30,6005,元大-桃園,0039003800380042,155,2,153,2.77,4,buy
9/30,6005,元大-東港,0039003800390066,2,73,-71,1.29,4,sell
9/30,6005,花旗環球,1590,153,10,143,2.59,5,buy
9/30,6005,兆豐-三重,7008,20,85,-65,1.18,5,sell
9/30,6005,台灣摩根士丹利,1470,448,329,119,2.15,6,buy
9/30,6005,兆豐-高雄,003700300030005a,8,62,-54,0.98,6,sell
9/30,6005,元大-斗信,9884,73,2,71,1.29,7,buy
9/30,6005,台新,0039004200300030,81,126,-45,0.81,7,sell
9/30,6005,港商麥格理,1360,60,0,60,1.09,8,buy
9/30,6005,(牛牛牛)亞-鑫豐,0036003000310064,0,45,-45,0.81,8,sell
9/30,6005,京城-嘉義,8492,60,1,59,1.07,9,buy
9/30,6005,玉山-高雄,8843,9,51,-42,0.76,9,sell
9/30,6005,元大-大益,9814,51,0,51,0.92,10,buy
9/30,6005,國票-天祥,0037003700390056,4,40,-36,0.65,10,sell
9/30,6005,凱基-台北,9268,337,289,48,0.87,11,buy
9/30,6005,群益金鼎-東門,0039003100380044,1,37,-36,0.65,11,sell
9/30,6005,法銀巴黎,8900,44,0,44,0.8,12,buy
9/30,6005,群益金鼎-忠孝,0039003100380057,1,36,-35,0.63,12,sell
9/30,6005,元大-復北,9872,42,2,40,0.72,13,buy
9/30,6005,富邦-永和,9654,20,51,-31,0.56,13,sell
9/30,6005,玉山-新竹,0038003800340048,36,0,36,0.65,14,buy
9/30,6005,台新-中港,0039004200320069,0,31,-31,0.56,14,sell
9/30,6005,美林,1440,175,141,34,0.62,15,buy
9/30,6005,兆豐-新莊,0037003000300077,0,30,-30,0.54,15,sell
9/30,2812,福邦-新竹,6489,1549,0,1549,11.62,1,buy
9/30,2812,台灣摩根士丹利,1470,1032,3521,-2489,18.67,1,sell
9/30,2812,新加坡商瑞銀,1650,2682,1481,1201,9.01,2,buy
9/30,2812,美商高盛,1480,824,3233,-2409,18.07,2,sell
9/30,2812,臺銀-臺中,0031003000340041,811,10,801,6.01,3,buy
9/30,2812,摩根大通,8440,172,521,-349,2.62,3,sell
9/30,2812,花旗環球,1590,319,57,262,1.97,4,buy
9/30,2812,中國信託-忠孝,6162,2,168,-166,1.25,4,sell
9/30,2812,台中銀,6110,291,52,239,1.79,5,buy
9/30,2812,統一-台中,5856,5,170,-165,1.24,5,sell
9/30,2812,元大-沙鹿,0039003800300064,206,2,204,1.53,6,buy
9/30,2812,法銀巴黎,8900,7,156,-149,1.12,6,sell
9/30,2812,元大-向上,9824,152,1,151,1.13,7,buy
9/30,2812,元大-大里,0039003800310067,2,149,-147,1.1,7,sell
9/30,2812,永豐金證券,0039004100300030,157,35,122,0.92,8,buy
9/30,2812,國泰-高雄,8881,11,136,-125,0.94,8,sell
9/30,2812,群益金鼎-東門,0039003100380044,115,0,115,0.86,9,buy
9/30,2812,聯邦-大業,8586,0,122,-122,0.92,9,sell
9/30,2812,元大證券,9800,277,175,102,0.77,10,buy
9/30,2812,土銀-新竹,1035,0,100,-100,0.75,10,sell
9/30,2812,富邦-新店,9661,100,1,99,0.74,11,buy
9/30,2812,美好-富順,003500320036004b,0,100,-100,0.75,11,sell
9/30,2812,元大-彰化民生,003900380039004a,74,5,69,0.52,12,buy
9/30,2812,台新-緯城,0039004200320041,0,81,-81,0.61,12,sell
9/30,2812,富邦-二林,0039003600320042,60,0,60,0.45,13,buy
9/30,2812,凱基-台北,9268,805,878,-73,0.55,13,sell
9/30,2812,兆豐-民生,0037003000300063,60,0,60,0.45,14,buy
9/30,2812,彰銀-台中,1233,1,66,-65,0.49,14,sell
9/30,2812,元大-長榮,0039003800390049,57,0,57,0.43,15,buy
9/30,2812,凱基-湖口,003900320030004e,2,66,-64,0.48,15,sell
9/30,6239,台灣摩根士丹利,1470,1169,145,1024,7.08,1,buy
9/30,6239,美林,1440,129,580,-451,3.12,1,sell
9/30,6239,國票-敦北法人,0037003700390063,543,3,540,3.74,2,buy
9/30,6239,富邦-台北,9623,31,327,-296,2.05,2,sell
9/30,6239,美商高盛,1480,1109,750,359,2.48,3,buy
9/30,6239,元大-大天母,9893,8,266,-258,1.78,3,sell
9/30,6239,港商野村,1560,282,5,277,1.92,4,buy
9/30,6239,中國信託-忠孝,6162,26,170,-144,1.0,4,sell
9/30,6239,華南永昌,9300,428,152,276,1.91,5,buy
9/30,6239,群益金鼎,9100,177,313,-136,0.94,5,sell
9/30,6239,國泰證券,8880,320,51,269,1.86,6,buy
9/30,6239,第一金-中山,5389,20,122,-102,0.71,6,sell
9/30,6239,摩根大通,8440,445,192,253,1.75,7,buy
9/30,6239,新加坡商瑞銀,1650,629,719,-90,0.62,7,sell
9/30,6239,凱基-台北,9268,772,523,249,1.72,8,buy
9/30,6239,台新-桃園,0039004200320076,4,87,-83,0.57,8,sell
9/30,6239,國票-安和,003700370039005a,204,19,185,1.28,9,buy
9/30,6239,國泰-敦南,8888,305,381,-76,0.53,9,sell
9/30,6239,群益金鼎-新竹,9186,167,4,163,1.13,10,buy
9/30,6239,新光,8560,86,143,-57,0.39,10,sell
9/30,6239,凱基,9200,166,16,150,1.04,11,buy
9/30,6239,凱基-松山,9217,13,69,-56,0.39,11,sell
9/30,6239,元大證券,9800,701,569,132,0.91,12,buy
9/30,6239,元大-大同,0039003800390047,7,59,-52,0.36,12,sell
9/30,6239,永豐金-中壢,0039004100390039,135,5,130,0.9,13,buy
9/30,6239,國泰-板橋,003800380038004b,24,74,-50,0.35,13,sell
9/30,6239,花旗環球,1590,108,2,106,0.73,14,buy
9/30,6239,永豐金-敦南,0039004100380046,28,73,-45,0.31,14,sell
9/30,6239,康和,8450,70,2,68,0.47,15,buy
9/30,6239,元大-土城,9897,16,61,-45,0.31,15,sell
9/30,6669,永豐金-匯立,0039004100380031,44,10,34,1.8,1,buy
9/30,6669,元大證券,9800,87,439,-352,18.66,1,sell
9/30,6669,永豐金-南投,003900410039004d,31,0,31,1.64,2,buy
9/30,6669,台灣摩根士丹利,1470,195,290,-95,5.04,2,sell
9/30,6669,群益金鼎,9100,29,5,24,1.27,3,buy
9/30,6669,新加坡商瑞銀,1650,56,139,-83,4.4,3,sell
9/30,6669,台中銀-豐原,0036003100310041,22,1,21,1.11,4,buy
9/30,6669,美林,1440,8,45,-37,1.96,4,sell
9/30,6669,元大-信義安和,0039003800300052,20,0,20,1.06,5,buy
9/30,6669,凱基-台北,9268,44,76,-32,1.7,5,sell
9/30,6669,美商高盛,1480,22,3,19,1.01,6,buy
9/30,6669,法銀巴黎,8900,0,25,-25,1.33,6,sell
9/30,6669,中國信託-永康,6163,17,1,16,0.85,7,buy
9/30,6669,凱基,9200,1,24,-23,1.22,7,sell
9/30,6669,摩根大通,8440,172,158,14,0.74,8,buy
9/30,6669,元大-新盛,9869,2,23,-21,1.11,8,sell
9/30,6669,永豐金證券,0039004100300030,19,6,13,0.69,9,buy
9/30,6669,港商野村,1560,2,22,-20,1.06,9,sell
9/30,6669,花旗環球,1590,55,42,13,0.69,10,buy
9/30,6669,富邦證券,9600,13,31,-18,0.95,10,sell
9/30,6669,康和-台中,8455,13,1,12,0.64,11,buy
9/30,6669,香港上海匯豐,8960,1,8,-7,0.37,11,sell
9/30,6669,國泰-敦南,8888,30,18,12,0.64,12,buy
9/30,6669,凱基-中港,9202,8,12,-4,0.21,12,sell
9/30,6669,第一金-路竹,0035003300380050,12,1,11,0.58,13,buy
9/30,6669,元大-高雄,003900380031006d,0,4,-4,0.21,13,sell
9/30,6669,元大-信義,003900380039006d,10,0,10,0.53,14,buy
9/30,6669,玉山-嘉義,8848,5,9,-4,0.21,14,sell
9/30,6669,台灣企銀-埔墘,0031003100310047,10,0,10,0.53,15,buy
9/30,6669,元大-北屯,0039003800390064,0,4,-4,0.21,15,sell
9/30,2472,致和-崇德,0037003000330042,50,0,50,4.75,1,buy
9/30,2472,國票-敦北法人,0037003700390063,0,82,-82,7.79,1,sell
9/30,2472,美林,1440,47,5,42,3.99,2,buy
9/30,2472,新加坡商瑞銀,1650,18,71,-53,5.04,2,sell
9/30,2472,台新-三重,0039004200320033,15,0,15,1.43,3,buy
9/30,2472,國泰-敦南,8888,9,34,-25,2.38,3,sell
9/30,2472,國票證券,7790,12,0,12,1.14,4,buy
9/30,2472,元大-中崙,9813,1,24,-23,2.19,4,sell
9/30,2472,永豐金-桃園,0039004100390078,22,11,11,1.05,5,buy
9/30,2472,群益金鼎-古亭,0039003100380043,1,22,-21,2.0,5,sell
9/30,2472,摩根大通,8440,30,20,10,0.95,6,buy
9/30,2472,富邦-敦南,9663,0,20,-20,1.9,6,sell
9/30,2472,康和-仁愛,0038003400350046,10,0,10,0.95,7,buy
9/30,2472,元大-內湖民權,9867,0,15,-15,1.43,7,sell
9/30,2472,群益金鼎-永和,003900310038004a,11,2,9,0.86,8,buy
9/30,2472,凱基-台北,9268,48,62,-14,1.33,8,sell
9/30,2472,中國信託-新竹,6165,8,0,8,0.76,9,buy
9/30,2472,凱基-松山,9217,3,16,-13,1.24,9,sell
9/30,2472,港商野村,1560,21,14,7,0.67,10,buy
9/30,2472,元大-大甲,0039003800390055,5,15,-10,0.95,10,sell
9/30,2472,富邦-樹林,0039003600320045,7,0,7,0.67,11,buy
9/30,2472,台中銀,6110,0,10,-10,0.95,11,sell
9/30,2472,國泰-台中,8882,7,0,7,0.67,12,buy
9/30,2472,凱基-高美館,9215,0,10,-10,0.95,12,sell
9/30,2472,富邦-台中,003900360035004b,6,0,6,0.57,13,buy
9/30,2472,元大-成功,003900380039004c,0,9,-9,0.86,13,sell
9/30,2472,福勝,6950,6,0,6,0.57,14,buy
9/30,2472,華南永昌,9300,3,11,-8,0.76,14,sell
9/30,2472,元大-花蓮,9856,8,3,5,0.48,15,buy
9/30,2472,富邦-建國,9658,0,7,-7,0.67,15,sell
9/30,2327,新加坡商瑞銀,1650,2035,596,1439,6.21,1,buy
9/30,2327,富邦證券,9600,122,1493,-1371,5.92,1,sell
9/30,2327,台灣摩根士丹利,1470,1531,1356,175,0.76,2,buy
9/30,2327,統一,5850,56,1181,-1125,4.86,2,sell
9/30,2327,凱基-台北,9268,1043,889,154,0.66,3,buy
9/30,2327,美林,1440,590,1416,-826,3.57,3,sell
9/30,2327,永豐金-匯立,0039004100380031,138,25,113,0.49,4,buy
9/30,2327,摩根大通,8440,435,1023,-588,2.54,4,sell
9/30,2327,國泰-敦南,8888,748,640,108,0.47,5,buy
9/30,2327,美商高盛,1480,924,1359,-435,1.88,5,sell
9/30,2327,凱基-大里,0039003200300057,138,32,106,0.46,6,buy
9/30,2327,凱基,9200,4,367,-363,1.57,6,sell
9/30,2327,花旗環球,1590,227,138,89,0.38,7,buy
9/30,2327,國票-敦北法人,0037003700390063,4,324,-320,1.38,7,sell
9/30,2327,福邦證券,6480,92,12,80,0.35,8,buy
9/30,2327,元大-新盛,9869,13,210,-197,0.85,8,sell
9/30,2327,台新,0039004200300030,195,116,79,0.34,9,buy
9/30,2327,群益金鼎-大安,0039003100380065,17,202,-185,0.8,9,sell
9/30,2327,永豐金證券,0039004100300030,266,195,71,0.31,10,buy
9/30,2327,華南永昌,9300,39,133,-94,0.41,10,sell
9/30,2327,兆豐-岡山,0037003000300073,76,8,68,0.29,11,buy
9/30,2327,香港上海匯豐,8960,0,89,-89,0.38,11,sell
9/30,2327,永豐金-竹北,0039004100390050,68,2,66,0.28,12,buy
9/30,2327,元大證券,9800,1093,1175,-82,0.35,12,sell
9/30,2327,兆豐-大安,003700300030006a,62,9,53,0.23,13,buy
9/30,2327,群益金鼎,9100,75,151,-76,0.33,13,sell
9/30,2327,新光,8560,194,142,52,0.22,14,buy
9/30,2327,元大-板橋三民,9879,36,106,-70,0.3,14,sell
9/30,2327,台新-台南,0039004200310036,92,41,51,0.22,15,buy
9/30,2327,法銀巴黎,8900,6,75,-69,0.3,15,sell
9/30,2492,國泰-敦南,8888,682,307,375,2.07,1,buy
9/30,2492,台灣摩根士丹利,1470,313,2484,-2171,11.96,1,sell
9/30,2492,統一-仁愛,0035003800350063,122,11,111,0.61,2,buy
9/30,2492,大和國泰,8890,0,1492,-1492,8.22,2,sell
9/30,2492,台新-城中,0039004200320045,116,12,104,0.57,3,buy
9/30,2492,摩根大通,8440,35,1141,-1106,6.09,3,sell
9/30,2492,國票-安和,003700370039005a,89,6,83,0.46,4,buy
9/30,2492,港商野村,1560,132,581,-449,2.47,4,sell
9/30,2492,華南永昌-竹北,9339,78,3,75,0.41,5,buy
9/30,2492,元大證券,9800,983,1430,-447,2.46,5,sell
9/30,2492,元大-松江,9801,70,3,67,0.37,6,buy
9/30,2492,凱基-台北,9268,823,1252,-429,2.36,6,sell
9/30,2492,元大-大里,0039003800310067,76,14,62,0.34,7,buy
9/30,2492,國泰證券,8880,34,429,-395,2.18,7,sell
9/30,2492,台新-高雄,0039004200310067,104,45,59,0.33,8,buy
9/30,2492,花旗環球,1590,48,411,-363,2.0,8,sell
9/30,2492,群益金鼎-中港,9138,58,0,58,0.32,9,buy
9/30,2492,美林,1440,113,407,-294,1.62,9,sell
9/30,2492,新光-台中,8561,101,44,57,0.31,10,buy
9/30,2492,凱基,9200,0,195,-195,1.07,10,sell
9/30,2492,元大-北屯,0039003800390064,61,4,57,0.31,11,buy
9/30,2492,法銀巴黎,8900,6,193,-187,1.03,11,sell
9/30,2492,國泰-台中,8882,107,50,57,0.31,12,buy
9/30,2492,永豐金證券,0039004100300030,220,397,-177,0.98,12,sell
9/30,2492,永豐金-桃園,0039004100390078,73,24,49,0.27,13,buy
9/30,2492,新加坡商瑞銀,1650,10,130,-120,0.66,13,sell
9/30,2492,富邦-新店,9661,59,10,49,0.27,14,buy
9/30,2492,華南永昌,9300,27,110,-83,0.46,14,sell
9/30,2492,元大-草屯,0039003800390045,56,9,47,0.26,15,buy
9/30,2492,美商高盛,1480,269,346,-77,0.42,15,sell
9/30,8046,美林,1440,1507,247,1260,9.26,1,buy
9/30,8046,中國信託,6160,26,436,-410,3.01,1,sell
9/30,8046,摩根大通,8440,518,174,344,2.53,2,buy
9/30,8046,兆豐證券,7000,2,203,-201,1.48,2,sell
9/30,8046,凱基-台北,9268,1064,730,334,2.46,3,buy
9/30,8046,美商高盛,1480,867,1067,-200,1.47,3,sell
9/30,8046,凱基-信義,9216,257,58,199,1.46,4,buy
9/30,8046,台灣摩根士丹利,1470,802,955,-153,1.12,4,sell
9/30,8046,國泰證券,8880,156,1,155,1.14,5,buy
9/30,8046,國泰-敦南,8888,275,415,-140,1.03,5,sell
9/30,8046,新加坡商瑞銀,1650,748,609,139,1.02,6,buy
9/30,8046,群益金鼎,9100,214,305,-91,0.67,6,sell
9/30,8046,凱基,9200,130,44,86,0.63,7,buy
9/30,8046,國泰-桃園,8885,54,109,-55,0.4,7,sell
9/30,8046,宏遠證券,1260,83,2,81,0.6,8,buy
9/30,8046,台新,0039004200300030,38,82,-44,0.32,8,sell
9/30,8046,玉山-高雄,8843,87,24,63,0.46,9,buy
9/30,8046,元大-雙和,9874,5,47,-42,0.31,9,sell
9/30,8046,永豐金證券,0039004100300030,295,235,60,0.44,10,buy
9/30,8046,台新-中港,0039004200320069,1,42,-41,0.3,10,sell
9/30,8046,國票-安和,003700370039005a,80,23,57,0.42,11,buy
9/30,8046,台中銀,6110,2,41,-39,0.29,11,sell
9/30,8046,香港上海匯豐,8960,65,9,56,0.41,12,buy
9/30,8046,新光-台中,8561,41,71,-30,0.22,12,sell
9/30,8046,富邦證券,9600,223,169,54,0.4,13,buy
9/30,8046,元大-復北,9872,34,62,-28,0.21,13,sell
9/30,8046,兆豐-復興,0037003000300070,52,13,39,0.29,14,buy
9/30,8046,永豐金-內湖,0039004100390067,17,40,-23,0.17,14,sell
9/30,8046,凱基-興隆,9289,40,1,39,0.29,15,buy
9/30,8046,台新-三民,0039004200310033,4,27,-23,0.17,15,sell
9/30,4979,統一,5850,76,5,71,10.94,1,buy
9/30,4979,大和國泰,8890,0,66,-66,10.17,1,sell
9/30,4979,群益金鼎-永和,003900310038004a,55,0,55,8.47,2,buy
9/30,4979,台灣摩根士丹利,1470,15,57,-42,6.47,2,sell
9/30,4979,華南永昌-南京,9326,48,1,47,7.24,3,buy
9/30,4979,永豐金證券,0039004100300030,5,26,-21,3.24,3,sell
9/30,4979,摩根大通,8440,39,0,39,6.01,4,buy
9/30,4979,永豐金-信義,0039004100390052,0,20,-20,3.08,4,sell
9/30,4979,華南永昌-竹北,9339,31,0,31,4.78,5,buy
9/30,4979,陽信-石牌,8711,0,13,-13,2.0,5,sell
9/30,4979,群益金鼎-館前,0039003100330059,26,0,26,4.01,6,buy
9/30,4979,群益金鼎,9100,4,17,-13,2.0,6,sell
9/30,4979,宏遠-高雄,0031003200360051,18,1,17,2.62,7,buy
9/30,4979,台灣企銀,1110,0,12,-12,1.85,7,sell
9/30,4979,元大-新盛,9869,16,0,16,2.47,8,buy
9/30,4979,富邦-仁愛,9676,3,15,-12,1.85,8,sell
9/30,4979,群益金鼎-台南,9185,16,0,16,2.47,9,buy
9/30,4979,凱基,9200,0,10,-10,1.54,9,sell
9/30,4979,統一-士林,003500380035004d,11,0,11,1.69,10,buy
9/30,4979,國泰-敦南,8888,4,14,-10,1.54,10,sell
9/30,4979,台新-西松,003900420032006e,8,0,8,1.23,11,buy
9/30,4979,富邦-七賢,003900360031004b,3,12,-9,1.39,11,sell
9/30,4979,美商高盛,1480,10,4,6,0.92,12,buy
9/30,4979,元大-中山北路,0039003800300061,0,8,-8,1.23,12,sell
9/30,4979,群益金鼎-崇德,0039003100330055,6,0,6,0.92,13,buy
9/30,4979,元大-和平,9863,0,7,-7,1.08,13,sell
9/30,4979,富邦-公益,0039003600310046,7,1,6,0.92,14,buy
9/30,4979,元大證券,9800,1,8,-7,1.08,14,sell
9/30,4979,中國信託,6160,7,1,6,0.92,15,buy
9/30,4979,富邦-嘉義,9692,0,6,-6,0.92,15,sell
9/30,2337,美商高盛,1480,5139,1031,4108,15.25,1,buy
9/30,2337,國泰-敦南,8888,317,1038,-721,2.68,1,sell
9/30,2337,台灣摩根士丹利,1470,2692,481,2211,8.21,2,buy
9/30,2337,富邦-敦南,9663,17,322,-305,1.13,2,sell
9/30,2337,元大證券,9800,2472,767,1705,6.33,3,buy
9/30,2337,台新,0039004200300030,129,306,-177,0.66,3,sell
9/30,2337,新加坡商瑞銀,1650,1955,939,1016,3.77,4,buy
9/30,2337,元大-信義,003900380039006d,3,176,-173,0.64,4,sell
9/30,2337,美林,1440,1232,482,750,2.78,5,buy
9/30,2337,兆豐-南京,0037003000300050,1,173,-172,0.64,5,sell
9/30,2337,摩根大通,8440,631,96,535,1.99,6,buy
9/30,2337,宏遠-高雄,0031003200360051,0,151,-151,0.56,6,sell
9/30,2337,凱基-台北,9268,2126,1908,218,0.81,7,buy
9/30,2337,新光,8560,280,413,-133,0.49,7,sell
9/30,2337,統一,5850,163,19,144,0.53,8,buy
9/30,2337,凱基-桃園,9208,19,141,-122,0.45,8,sell
9/30,2337,華南永昌-板橋,9349,138,14,124,0.46,9,buy
9/30,2337,元大-楊梅,0039003800370041,5,103,-98,0.36,9,sell
9/30,2337,合庫-三重,0031003000320047,133,17,116,0.43,10,buy
9/30,2337,永豐金-桃園,0039004100390078,28,125,-97,0.36,10,sell
9/30,2337,花旗環球,1590,115,1,114,0.42,11,buy
9/30,2337,國泰-台中,8882,88,183,-95,0.35,11,sell
9/30,2337,法銀巴黎,8900,61,0,61,0.23,12,buy
9/30,2337,港商野村,1560,144,229,-85,0.32,12,sell
9/30,2337,港商麥格理,1360,42,0,42,0.16,13,buy
9/30,2337,中國信託-文心,6164,15,97,-82,0.3,13,sell
9/30,2337,富邦-台北,9623,104,63,41,0.15,14,buy
9/30,2337,元大-草屯,0039003800390045,15,97,-82,0.3,14,sell
9/30,2337,凱基-基隆,0039003200300048,107,67,40,0.15,15,buy
9/30,2337,中國信託,6160,27,107,-80,0.3,15,sell
9/30,2383,元大證券,9800,161,89,72,4.65,1,buy
9/30,2383,台灣摩根士丹利,1470,56,175,-119,7.68,1,sell
9/30,2383,台新,0039004200300030,46,3,43,2.78,2,buy
9/30,2383,新加坡商瑞銀,1650,82,124,-42,2.71,2,sell
9/30,2383,摩根大通,8440,141,108,33,2.13,3,buy
9/30,2383,香港上海匯豐,8960,0,41,-41,2.65,3,sell
9/30,2383,永豐金證券,0039004100300030,36,7,29,1.87,4,buy
9/30,2383,花旗環球,1590,31,60,-29,1.87,4,sell
9/30,2383,兆豐證券,7000,30,6,24,1.55,5,buy
9/30,2383,康和,8450,5,20,-15,0.97,5,sell
9/30,2383,永豐金-敦北,0039004100380039,23,0,23,1.48,6,buy
9/30,2383,華南永昌,9300,0,12,-12,0.77,6,sell
9/30,2383,中國信託,6160,18,4,14,0.9,7,buy
9/30,2383,第一金,5380,1,10,-9,0.58,7,sell
9/30,2383,群益金鼎,9100,37,24,13,0.84,8,buy
9/30,2383,聯邦-大業,8586,1,7,-6,0.39,8,sell
9/30,2383,統一,5850,11,5,6,0.39,9,buy
9/30,2383,凱基-台北,9268,56,61,-5,0.32,9,sell
9/30,2383,富邦-台北,9623,4,0,4,0.26,10,buy
9/30,2383,富邦-青埔,003900360031004e,1,6,-5,0.32,10,sell
9/30,2383,中國信託-忠孝,6162,5,1,4,0.26,11,buy
9/30,2383,群益金鼎-忠孝,0039003100380057,1,5,-4,0.26,11,sell
9/30,2383,元大-博愛,0039003800320042,5,1,4,0.26,12,buy
9/30,2383,凱基,9200,22,26,-4,0.26,12,sell
9/30,2383,永豐金-新莊,0039004100390048,4,0,4,0.26,13,buy
9/30,2383,元大-大天母,9893,0,4,-4,0.26,13,sell
9/30,2383,新光,8560,9,6,3,0.19,14,buy
9/30,2383,富邦-新板,0039003600310048,0,3,-3,0.19,14,sell
9/30,2383,富邦證券,9600,57,54,3,0.19,15,buy
9/30,2383,元大-新竹經國,9859,1,4,-3,0.19,15,sell
9/30,8039,富邦證券,9600,2310,168,2142,6.74,1,buy
9/30,8039,台灣摩根士丹利,1470,365,1270,-905,2.85,1,sell
9/30,8039,國票-安和,003700370039005a,1309,66,1243,3.91,2,buy
9/30,8039,國泰-敦南,8888,911,1385,-474,1.49,2,sell
9/30,8039,摩根大通,8440,1131,149,982,3.09,3,buy
9/30,8039,永豐金-復興,003900410039005a,2,158,-156,0.49,3,sell
9/30,8039,統一,5850,1119,271,848,2.67,4,buy
9/30,8039,富邦-敦南,9663,12,163,-151,0.47,4,sell
9/30,8039,國票-敦北法人,0037003700390063,681,15,666,2.09,5,buy
9/30,8039,永豐金-敦南,0039004100380046,345,467,-122,0.38,5,sell
9/30,8039,群益金鼎,9100,923,386,537,1.69,6,buy
9/30,8039,美林,1440,83,201,-118,0.37,6,sell
9/30,8039,凱基-城中,9227,440,23,417,1.31,7,buy
9/30,8039,新加坡商瑞銀,1650,111,222,-111,0.35,7,sell
9/30,8039,凱基-站前,0039003200300046,458,47,411,1.29,8,buy
9/30,8039,國泰-桃園,8885,93,181,-88,0.28,8,sell
9/30,8039,凱基-台北,9268,2578,2363,215,0.68,9,buy
9/30,8039,富邦-永和,9654,69,149,-80,0.25,9,sell
9/30,8039,群益金鼎-館前,0039003100330059,259,74,185,0.58,10,buy
9/30,8039,玉山-高雄,8843,59,137,-78,0.25,10,sell
9/30,8039,元大-新莊,9898,230,61,169,0.53,11,buy
9/30,8039,元大-北府,0039003800300044,9,85,-76,0.24,11,sell
9/30,8039,元大-松江,9801,169,18,151,0.47,12,buy
9/30,8039,國泰-高雄,8881,63,131,-68,0.21,12,sell
9/30,8039,台新-五權西,0039004200320035,159,9,150,0.47,13,buy
9/30,8039,國泰-板橋,003800380038004b,126,192,-66,0.21,13,sell
9/30,8039,元大證券,9800,2375,2227,148,0.47,14,buy
9/30,8039,永豐金-內湖,0039004100390067,12,78,-66,0.21,14,sell
9/30,8039,富邦-南港,0039003600320041,195,55,140,0.44,15,buy
9/30,8039,富邦-屏東,0039003600310059,7,66,-59,0.19,15,sell
9/30,6449,凱基-站前,0039003200300046,80,2,78,9.71,1,buy
9/30,6449,台灣摩根士丹利,1470,37,88,-51,6.35,1,sell
9/30,6449,美林,1440,72,0,72,8.97,2,buy
9/30,6449,美商高盛,1480,38,84,-46,5.73,2,sell
9/30,6449,群益金鼎-內湖,0039003100380064,70,1,69,8.59,3,buy
9/30,6449,凱基-松山,9217,6,41,-35,4.36,3,sell
9/30,6449,台新-九如,0039004200320031,10,0,10,1.25,4,buy
9/30,6449,兆豐-彰化,0037003000300064,1,30,-29,3.61,4,sell
9/30,6449,元大證券,9800,40,32,8,1.0,5,buy
9/30,6449,富邦-敦南,9663,0,20,-20,2.49,5,sell
9/30,6449,美好-泰山,5263,7,0,7,0.87,6,buy
9/30,6449,富邦-彰化,0039003600350055,2,22,-20,2.49,6,sell
9/30,6449,香港上海匯豐,8960,7,0,7,0.87,7,buy
9/30,6449,國泰-敦南,8888,20,31,-11,1.37,7,sell
9/30,6449,國票-中正,7797,7,0,7,0.87,8,buy
9/30,6449,摩根大通,8440,18,29,-11,1.37,8,sell
9/30,6449,元大-草屯,0039003800390045,5,0,5,0.62,9,buy
9/30,6449,凱基-台北,9268,42,51,-9,1.12,9,sell
9/30,6449,(牛牛牛)亞-網路,6012,6,1,5,0.62,10,buy
9/30,6449,富邦-板橋,9655,1,9,-8,1.0,10,sell
9/30,6449,華南永昌-高雄,9303,5,0,5,0.62,11,buy
9/30,6449,土銀-玉里,1036,0,6,-6,0.75,11,sell
9/30,6449,永豐金-敦北,0039004100380039,5,0,5,0.62,12,buy
9/30,6449,群益金鼎-三民,9188,0,6,-6,0.75,12,sell
9/30,6449,元大-竹北,0039003800310042,5,0,5,0.62,13,buy
9/30,6449,國票-中和,0037003700390058,0,5,-5,0.62,13,sell
9/30,6449,國泰-高雄,8881,5,0,5,0.62,14,buy
9/30,6449,群益金鼎-基隆,0039003100330045,0,5,-5,0.62,14,sell
9/30,6449,凱基-中港,9202,4,0,4,0.5,15,buy
9/30,6449,元大-彰化,0039003800310047,0,5,-5,0.62,15,sell
9/30,0052,群益金鼎,9100,3256,1041,2215,12.32,1,buy
9/30,0052,凱基-台北,9268,611,3973,-3362,18.7,1,sell
9/30,0052,元大證券,9800,2228,137,2091,11.63,2,buy
9/30,0052,永豐金證券,0039004100300030,808,3613,-2805,15.6,2,sell
9/30,0052,康和,8450,1577,0,1577,8.77,3,buy
9/30,0052,宏遠證券,1260,0,1014,-1014,5.64,3,sell
9/30,0052,統一,5850,752,5,747,4.16,4,buy
9/30,0052,臺銀-民權,1043,2,442,-440,2.45,4,sell
9/30,0052,福邦證券,6480,600,1,599,3.33,5,buy
9/30,0052,國泰-敦南,8888,284,386,-102,0.57,5,sell
9/30,0052,台新,0039004200300030,968,418,550,3.06,6,buy
9/30,0052,元大-桃園,0039003800380042,6,104,-98,0.55,6,sell
9/30,0052,富邦證券,9600,287,92,195,1.08,7,buy
9/30,0052,臺銀,1040,12,73,-61,0.34,7,sell
9/30,0052,富邦-新店,9661,199,23,176,0.98,8,buy
9/30,0052,國泰-桃園,8885,14,72,-58,0.32,8,sell
9/30,0052,元大-復北,9872,170,5,165,0.92,9,buy
9/30,0052,台新-台北,0039004200320030,2,59,-57,0.32,9,sell
9/30,0052,元大-雙和,9874,106,6,100,0.56,10,buy
9/30,0052,華南永昌-楠梓,9332,4,58,-54,0.3,10,sell
9/30,0052,元大-仁愛,003900380033006a,99,3,96,0.53,11,buy
9/30,0052,群益金鼎-桃園,9189,6,60,-54,0.3,11,sell
9/30,0052,第一金,5380,94,12,82,0.46,12,buy
9/30,0052,玉山證券,8840,3,56,-53,0.29,12,sell
9/30,0052,富邦-建國,9658,98,18,80,0.45,13,buy
9/30,0052,合庫-自強,0031003000320043,7,58,-51,0.28,13,sell
9/30,0052,國泰證券,8880,88,8,80,0.45,14,buy
9/30,0052,富邦-陽明,9604,24,69,-45,0.25,14,sell
9/30,0052,群益金鼎-中壢,0039003100380041,78,8,70,0.39,15,buy
9/30,0052,中國信託-文心,6164,9,50,-41,0.23,15,sell
