date,stock_code,broker_name,broker_id,buy_vol,sell_vol,net_vol,pct,rank,side
8/06,2330,美林,1440,2244,787,1457,6.03,1,buy
8/06,2330,美商高盛,1480,672,4762,-4090,16.92,1,sell
8/06,2330,永豐金-匯立,0039004100380031,942,62,880,3.64,2,buy
8/06,2330,富邦證券,9600,1440,3159,-1719,7.11,2,sell
8/06,2330,國泰證券,8880,971,467,504,2.09,3,buy
8/06,2330,凱基-台北,9268,800,1906,-1106,4.58,3,sell
8/06,2330,香港上海匯豐,8960,499,132,367,1.52,4,buy
8/06,2330,永豐金證券,0039004100300030,123,579,-456,1.89,4,sell
8/06,2330,新加坡商瑞銀,1650,1255,950,305,1.26,5,buy
8/06,2330,法銀巴黎,8900,28,425,-397,1.64,5,sell
8/06,2330,大和國泰,8890,243,2,241,1.0,6,buy
8/06,2330,元大證券,9800,837,1191,-354,1.46,6,sell
8/06,2330,群益金鼎-北高雄,0039003100330052,232,0,232,0.96,7,buy
8/06,2330,花旗環球,1590,579,926,-347,1.44,7,sell
8/06,2330,富邦-南京,0039003600310043,206,4,202,0.84,8,buy
8/06,2330,台灣摩根士丹利,1470,1091,1361,-270,1.12,8,sell
8/06,2330,(牛牛牛)亞證券,6010,170,0,170,0.7,9,buy
8/06,2330,港商野村,1560,175,374,-199,0.82,9,sell
8/06,2330,玉山證券,8840,189,23,166,0.69,10,buy
8/06,2330,港商麥格理,1360,479,574,-95,0.39,10,sell
8/06,2330,宏遠證券,1260,159,17,142,0.59,11,buy
8/06,2330,元大-復北,9872,15,103,-88,0.36,11,sell
8/06,2330,凱基,9200,380,255,125,0.52,12,buy
8/06,2330,統一,5850,72,154,-82,0.34,12,sell
8/06,2330,國泰-敦南,8888,211,94,117,0.48,13,buy
8/06,2330,凱基-信義,9216,1,72,-71,0.29,13,sell
8/06,2330,新光,8560,149,49,100,0.41,14,buy
8/06,2330,凱基-站前,0039003200300046,18,60,-42,0.17,14,sell
8/06,2330,第一金-高雄,5383,94,1,93,0.38,15,buy
8/06,2330,群益金鼎,9100,41,75,-34,0.14,15,sell
8/06,2317,台灣摩根士丹利,1470,8295,426,7869,9.58,1,buy
8/06,2317,花旗環球,1590,1428,2637,-1209,1.47,1,sell
8/06,2317,元大-松江,9801,3741,106,3635,4.42,2,buy
8/06,2317,華南永昌-中正,9359,14,1188,-1174,1.43,2,sell
8/06,2317,美林,1440,4150,590,3560,4.33,3,buy
8/06,2317,國泰-敦南,8888,782,1584,-802,0.98,3,sell
8/06,2317,元大證券,9800,11571,8182,3389,4.12,4,buy
8/06,2317,第一金-中山,5389,3,617,-614,0.75,4,sell
8/06,2317,美商高盛,1480,4419,1902,2517,3.06,5,buy
8/06,2317,元大-北府,0039003800300044,31,428,-397,0.48,5,sell
8/06,2317,富邦證券,9600,3784,1678,2106,2.56,6,buy
8/06,2317,臺銀,1040,209,458,-249,0.3,6,sell
8/06,2317,新加坡商瑞銀,1650,2181,325,1856,2.26,7,buy
8/06,2317,新光,8560,266,514,-248,0.3,7,sell
8/06,2317,摩根大通,8440,4109,2474,1635,1.99,8,buy
8/06,2317,永豐金證券,0039004100300030,502,735,-233,0.28,8,sell
8/06,2317,國泰證券,8880,1067,44,1023,1.24,9,buy
8/06,2317,富邦-陽明,9604,54,285,-231,0.28,9,sell
8/06,2317,港商麥格理,1360,2555,1579,976,1.19,10,buy
8/06,2317,美好-楊梅,5262,14,221,-207,0.25,10,sell
8/06,2317,華南永昌,9300,1051,162,889,1.08,11,buy
8/06,2317,元大-大里,0039003800310067,60,267,-207,0.25,11,sell
8/06,2317,港商野村,1560,789,19,770,0.94,12,buy
8/06,2317,元大-大益,9814,23,228,-205,0.25,12,sell
8/06,2317,凱基-台北,9268,4007,3390,617,0.75,13,buy
8/06,2317,富邦-和美,0039003600310050,21,219,-198,0.24,13,sell
8/06,2317,永豐金-台南,0039004100390068,611,192,419,0.51,14,buy
8/06,2317,富邦-新店,9661,26,223,-197,0.24,14,sell
8/06,2317,華南永昌-南京,9326,588,210,378,0.46,15,buy
8/06,2317,台新,0039004200300030,377,570,-193,0.23,15,sell
8/06,2454,花旗環球,1590,851,269,582,8.07,1,buy
8/06,2454,台灣摩根士丹利,1470,434,1027,-593,8.22,1,sell
8/06,2454,富邦證券,9600,256,11,245,3.4,2,buy
8/06,2454,摩根大通,8440,283,645,-362,5.02,2,sell
8/06,2454,永豐金-匯立,0039004100380031,242,33,209,2.9,3,buy
8/06,2454,新加坡商瑞銀,1650,332,639,-307,4.26,3,sell
8/06,2454,(牛牛牛)亞證券,6010,60,0,60,0.83,4,buy
8/06,2454,元大證券,9800,316,558,-242,3.36,4,sell
8/06,2454,元大-敦化,9833,60,2,58,0.8,5,buy
8/06,2454,凱基-台北,9268,359,532,-173,2.4,5,sell
8/06,2454,兆豐證券,7000,53,4,49,0.68,6,buy
8/06,2454,國泰證券,8880,6,176,-170,2.36,6,sell
8/06,2454,宏遠證券,1260,50,2,48,0.67,7,buy
8/06,2454,凱基,9200,62,146,-84,1.16,7,sell
8/06,2454,香港上海匯豐,8960,51,9,42,0.58,8,buy
8/06,2454,美林,1440,385,447,-62,0.86,8,sell
8/06,2454,國泰-敦南,8888,95,62,33,0.46,9,buy
8/06,2454,台新-五權西,0039004200320035,0,46,-46,0.64,9,sell
8/06,2454,兆豐-民生,0037003000300063,25,1,24,0.33,10,buy
8/06,2454,玉山證券,8840,11,56,-45,0.62,10,sell
8/06,2454,群益金鼎-大安,0039003100380065,21,0,21,0.29,11,buy
8/06,2454,統一,5850,17,56,-39,0.54,11,sell
8/06,2454,國泰-館前,0038003800380041,33,12,21,0.29,12,buy
8/06,2454,台新-台北,0039004200320030,3,38,-35,0.49,12,sell
8/06,2454,中國信託-文心,6164,24,4,20,0.28,13,buy
8/06,2454,港商麥格理,1360,126,155,-29,0.4,13,sell
8/06,2454,富邦-建國,9658,21,6,15,0.21,14,buy
8/06,2454,永豐金證券,0039004100300030,87,116,-29,0.4,14,sell
8/06,2454,新光,8560,45,31,14,0.19,15,buy
8/06,2454,港商野村,1560,22,49,-27,0.37,15,sell
8/06,2308,台灣摩根士丹利,1470,1001,367,634,5.81,1,buy
8/06,2308,台新-台北,0039004200320030,5,1005,-1000,9.17,1,sell
8/06,2308,新加坡商瑞銀,1650,962,423,539,4.94,2,buy
8/06,2308,港商野村,1560,73,508,-435,3.99,2,sell
8/06,2308,國泰證券,8880,382,52,330,3.03,3,buy
8/06,2308,富邦證券,9600,122,388,-266,2.44,3,sell
8/06,2308,凱基,9200,455,173,282,2.59,4,buy
8/06,2308,摩根大通,8440,523,716,-193,1.77,4,sell
8/06,2308,永豐金-匯立,0039004100380031,297,22,275,2.52,5,buy
8/06,2308,港商麥格理,1360,42,231,-189,1.73,5,sell
8/06,2308,美商高盛,1480,456,343,113,1.04,6,buy
8/06,2308,統一,5850,160,254,-94,0.86,6,sell
8/06,2308,華南永昌,9300,84,20,64,0.59,7,buy
8/06,2308,凱基-台北,9268,583,667,-84,0.77,7,sell
8/06,2308,康和,8450,60,2,58,0.53,8,buy
8/06,2308,法銀巴黎,8900,55,138,-83,0.76,8,sell
8/06,2308,大和國泰,8890,41,2,39,0.36,9,buy
8/06,2308,臺銀,1040,5,87,-82,0.75,9,sell
8/06,2308,永豐金證券,0039004100300030,249,215,34,0.31,10,buy
8/06,2308,新光,8560,55,126,-71,0.65,10,sell
8/06,2308,富邦-陽明,9604,39,9,30,0.28,11,buy
8/06,2308,富邦-台北,9623,15,52,-37,0.34,11,sell
8/06,2308,凱基-站前,0039003200300046,42,12,30,0.28,12,buy
8/06,2308,元大-南屯,9853,19,45,-26,0.24,12,sell
8/06,2308,凱基-松山,9217,41,12,29,0.27,13,buy
8/06,2308,華南永昌-台中,9302,12,38,-26,0.24,13,sell
8/06,2308,元大-松山,0039003800310070,32,4,28,0.26,14,buy
8/06,2308,元大-彰化民生,003900380039004a,12,33,-21,0.19,14,sell
8/06,2308,凱基-城中,9227,51,23,28,0.26,15,buy
8/06,2308,元大-雙和,9874,3,20,-17,0.16,15,sell
8/06,2382,新加坡商瑞銀,1650,1740,508,1232,8.97,1,buy
8/06,2382,港商麥格理,1360,29,1820,-1791,13.04,1,sell
8/06,2382,元大證券,9800,1800,764,1036,7.54,2,buy
8/06,2382,摩根大通,8440,313,1676,-1363,9.92,2,sell
8/06,2382,美林,1440,793,455,338,2.46,3,buy
8/06,2382,美商高盛,1480,524,1053,-529,3.85,3,sell
8/06,2382,富邦證券,9600,271,80,191,1.39,4,buy
8/06,2382,大和國泰,8890,197,635,-438,3.19,4,sell
8/06,2382,法銀巴黎,8900,177,8,169,1.23,5,buy
8/06,2382,凱基,9200,4,248,-244,1.78,5,sell
8/06,2382,國票-南京,003700370039006e,152,0,152,1.11,6,buy
8/06,2382,國泰-忠孝,8887,1,200,-199,1.45,6,sell
8/06,2382,凱基-台北,9268,1082,989,93,0.68,7,buy
8/06,2382,第一金,5380,2,189,-187,1.36,7,sell
8/06,2382,國泰-敦南,8888,178,86,92,0.67,8,buy
8/06,2382,元大-竹科,003900380030004b,2,177,-175,1.27,8,sell
8/06,2382,元大-大雅,0039003800330069,62,3,59,0.43,9,buy
8/06,2382,花旗環球,1590,271,392,-121,0.88,9,sell
8/06,2382,富邦-仁愛,9676,88,31,57,0.41,10,buy
8/06,2382,台灣摩根士丹利,1470,658,725,-67,0.49,10,sell
8/06,2382,元大-忠孝鼎富,0039003800320046,51,0,51,0.37,11,buy
8/06,2382,港商野村,1560,470,528,-58,0.42,11,sell
8/06,2382,玉山-高雄,8843,56,6,50,0.36,12,buy
8/06,2382,兆豐證券,7000,151,202,-51,0.37,12,sell
8/06,2382,國票-安和,003700370039005a,50,0,50,0.36,13,buy
8/06,2382,國票-九鼎,0037003700390050,1,51,-50,0.36,13,sell
8/06,2382,台新,0039004200300030,70,23,47,0.34,14,buy
8/06,2382,香港上海匯豐,8960,38,87,-49,0.36,14,sell
8/06,2382,統一-新竹,5857,100,56,44,0.32,15,buy
8/06,2382,凱基-市政,9239,2,44,-42,0.31,15,sell
8/06,2891,新加坡商瑞銀,1650,3258,867,2391,8.72,1,buy
8/06,2891,摩根大通,8440,1088,4154,-3066,11.19,1,sell
8/06,2891,台灣摩根士丹利,1470,3579,1977,1602,5.84,2,buy
8/06,2891,華南永昌,9300,7,2000,-1993,7.27,2,sell
8/06,2891,港商麥格理,1360,2753,1184,1569,5.72,3,buy
8/06,2891,富邦證券,9600,41,1674,-1633,5.96,3,sell
8/06,2891,第一金-中山,5389,1000,0,1000,3.65,4,buy
8/06,2891,凱基-台北,9268,691,2260,-1569,5.72,4,sell
8/06,2891,元大證券,9800,2734,1895,839,3.06,5,buy
8/06,2891,國泰證券,8880,33,1246,-1213,4.43,5,sell
8/06,2891,美林,1440,2688,2014,674,2.46,6,buy
8/06,2891,玉山證券,8840,11,1054,-1043,3.81,6,sell
8/06,2891,美商高盛,1480,899,311,588,2.15,7,buy
8/06,2891,永豐金證券,0039004100300030,316,992,-676,2.47,7,sell
8/06,2891,永豐金-匯立,0039004100380031,546,5,541,1.97,8,buy
8/06,2891,法銀巴黎,8900,39,299,-260,0.95,8,sell
8/06,2891,凱基,9200,889,502,387,1.41,9,buy
8/06,2891,大和國泰,8890,0,212,-212,0.77,9,sell
8/06,2891,元大-四維,9831,259,11,248,0.9,10,buy
8/06,2891,群益金鼎-忠孝,0039003100380057,1,152,-151,0.55,10,sell
8/06,2891,香港上海匯豐,8960,209,58,151,0.55,11,buy
8/06,2891,彰銀,1230,2,110,-108,0.39,11,sell
8/06,2891,中國信託,6160,144,16,128,0.47,12,buy
8/06,2891,富邦-新板,0039003600310048,7,101,-94,0.34,12,sell
8/06,2891,元大-木柵,003900380033004d,106,0,106,0.39,13,buy
8/06,2891,華南永昌-嘉義,9314,1,90,-89,0.32,13,sell
8/06,2891,花旗環球,1590,1487,1407,80,0.29,14,buy
8/06,2891,台新-嘉義,0039004200320049,2,90,-88,0.32,14,sell
8/06,2891,永豐金-市政,0039004100390057,80,8,72,0.26,15,buy
8/06,2891,華南永昌-基隆,9322,0,53,-53,0.19,15,sell
8/06,2881,摩根大通,8440,1819,1115,704,3.52,1,buy
8/06,2881,台灣摩根士丹利,1470,368,3168,-2800,14.02,1,sell
8/06,2881,花旗環球,1590,997,385,612,3.06,2,buy
8/06,2881,中國信託,6160,64,2553,-2489,12.46,2,sell
8/06,2881,新加坡商瑞銀,1650,1610,1000,610,3.05,3,buy
8/06,2881,凱基-台北,9268,917,2113,-1196,5.99,3,sell
8/06,2881,美商高盛,1480,1965,1520,445,2.23,4,buy
8/06,2881,元大證券,9800,1044,2092,-1048,5.25,4,sell
8/06,2881,兆豐-城中,0037003000300057,743,517,226,1.13,5,buy
8/06,2881,兆豐證券,7000,150,715,-565,2.83,5,sell
8/06,2881,合庫-台中,1021,215,0,215,1.08,6,buy
8/06,2881,港商野村,1560,6,372,-366,1.83,6,sell
8/06,2881,(牛牛牛)亞-鑫豐,0036003000310064,317,104,213,1.07,7,buy
8/06,2881,港商麥格理,1360,45,240,-195,0.98,7,sell
8/06,2881,香港上海匯豐,8960,244,32,212,1.06,8,buy
8/06,2881,永豐金證券,0039004100300030,114,254,-140,0.7,8,sell
8/06,2881,國泰-敦南,8888,232,79,153,0.77,9,buy
8/06,2881,統一,5850,6,133,-127,0.64,9,sell
8/06,2881,華南永昌-南京,9326,137,0,137,0.69,10,buy
8/06,2881,第一金-忠孝,0035003300380044,1,98,-97,0.49,10,sell
8/06,2881,元大-林園,003900380031004b,123,0,123,0.62,11,buy
8/06,2881,華南永昌-虎尾,9377,4,87,-83,0.42,11,sell
8/06,2881,富邦-仁愛,9676,109,1,108,0.54,12,buy
8/06,2881,華南永昌-竹北,9339,0,32,-32,0.16,12,sell
8/06,2881,群益金鼎-館前,0039003100330059,207,104,103,0.52,13,buy
8/06,2881,元大-文心興安,9854,4,36,-32,0.16,13,sell
8/06,2881,美林,1440,892,813,79,0.4,14,buy
8/06,2881,元大-斗信,9884,2,31,-29,0.15,14,sell
8/06,2881,台新-林園,0039004200320037,77,0,77,0.39,15,buy
8/06,2881,大和國泰,8890,92,120,-28,0.14,15,sell
8/06,2882,港商野村,1560,576,7,569,3.42,1,buy
8/06,2882,台灣摩根士丹利,1470,278,2214,-1936,11.63,1,sell
8/06,2882,永豐金-新莊,0039004100390048,539,0,539,3.24,2,buy
8/06,2882,美林,1440,1130,2863,-1733,10.41,2,sell
8/06,2882,凱基-高雄,9206,398,123,275,1.65,3,buy
8/06,2882,凱基-台北,9268,328,1927,-1599,9.6,3,sell
8/06,2882,國泰-板橋,003800380038004b,266,5,261,1.57,4,buy
8/06,2882,摩根大通,8440,1217,2738,-1521,9.13,4,sell
8/06,2882,國泰-敦南,8888,308,48,260,1.56,5,buy
8/06,2882,美商高盛,1480,335,1206,-871,5.23,5,sell
8/06,2882,第一金,5380,252,1,251,1.51,6,buy
8/06,2882,新加坡商瑞銀,1650,516,1346,-830,4.98,6,sell
8/06,2882,香港上海匯豐,8960,174,0,174,1.04,7,buy
8/06,2882,永豐金證券,0039004100300030,53,404,-351,2.11,7,sell
8/06,2882,國泰證券,8880,179,5,174,1.04,8,buy
8/06,2882,元大證券,9800,875,1144,-269,1.62,8,sell
8/06,2882,新光,8560,189,17,172,1.03,9,buy
8/06,2882,法銀巴黎,8900,76,195,-119,0.71,9,sell
8/06,2882,康和-永和,0038003400350042,160,0,160,0.96,10,buy
8/06,2882,花旗環球,1590,511,627,-116,0.7,10,sell
8/06,2882,華南永昌-苗栗,9362,141,0,141,0.85,11,buy
8/06,2882,福勝,6950,2,60,-58,0.35,11,sell
8/06,2882,富邦-宜蘭,9686,137,0,137,0.82,12,buy
8/06,2882,元大-民生三民,0039003800390058,3,50,-47,0.28,12,sell
8/06,2882,大和國泰,8890,121,0,121,0.73,13,buy
8/06,2882,兆豐-寶成,0037003000300072,10,50,-40,0.24,13,sell
8/06,2882,港商麥格理,1360,116,0,116,0.7,14,buy
8/06,2882,富邦-台北,9623,79,113,-34,0.2,14,sell
8/06,2882,大昌-安康,6462,101,0,101,0.61,15,buy
8/06,2882,富邦-北港,0039003600390043,9,40,-31,0.19,15,sell
8/06,2303,新加坡商瑞銀,1650,8052,3803,4249,2.85,1,buy
8/06,2303,元大證券,9800,20951,28117,-7166,4.81,1,sell
8/06,2303,美林,1440,4509,686,3823,2.56,2,buy
8/06,2303,摩根大通,8440,4369,9360,-4991,3.35,2,sell
8/06,2303,港商麥格理,1360,2270,160,2110,1.42,3,buy
8/06,2303,凱基,9200,767,5106,-4339,2.91,3,sell
8/06,2303,台灣摩根士丹利,1470,5024,3058,1966,1.32,4,buy
8/06,2303,台新,0039004200300030,645,3795,-3150,2.11,4,sell
8/06,2303,花旗環球,1590,3583,1731,1852,1.24,5,buy
8/06,2303,華南永昌,9300,252,2224,-1972,1.32,5,sell
8/06,2303,兆豐證券,7000,1943,507,1436,0.96,6,buy
8/06,2303,群益金鼎,9100,366,2289,-1923,1.29,6,sell
8/06,2303,玉山證券,8840,1618,204,1414,0.95,7,buy
8/06,2303,香港上海匯豐,8960,1740,3556,-1816,1.22,7,sell
8/06,2303,美商高盛,1480,8862,7489,1373,0.92,8,buy
8/06,2303,富邦證券,9600,3912,5560,-1648,1.11,8,sell
8/06,2303,凱基-台北,9268,7526,6258,1268,0.85,9,buy
8/06,2303,統一,5850,213,1779,-1566,1.05,9,sell
8/06,2303,凱基-城中,9227,1040,36,1004,0.67,10,buy
8/06,2303,國泰證券,8880,840,2100,-1260,0.85,10,sell
8/06,2303,永豐金-市政,0039004100390057,581,91,490,0.33,11,buy
8/06,2303,華南永昌-南京,9326,179,1370,-1191,0.8,11,sell
8/06,2303,國泰-敦南,8888,2392,1931,461,0.31,12,buy
8/06,2303,國票-敦北法人,0037003700390063,349,1481,-1132,0.76,12,sell
8/06,2303,富邦-中壢,9636,512,92,420,0.28,13,buy
8/06,2303,兆豐-忠孝,0037003000300061,68,861,-793,0.53,13,sell
8/06,2303,台新-敦南,0039004200320051,517,101,416,0.28,14,buy
8/06,2303,第一金,5380,222,925,-703,0.47,14,sell
8/06,2303,宏遠證券,1260,383,33,350,0.23,15,buy
8/06,2303,法銀巴黎,8900,0,671,-671,0.45,15,sell
8/06,3711,凱基,9200,1309,82,1227,6.99,1,buy
8/06,3711,台灣摩根士丹利,1470,489,3501,-3012,17.17,1,sell
8/06,3711,元大證券,9800,2705,1687,1018,5.8,2,buy
8/06,3711,摩根大通,8440,693,1256,-563,3.21,2,sell
8/06,3711,兆豐-大同,0037003000300053,500,0,500,2.85,3,buy
8/06,3711,香港上海匯豐,8960,99,620,-521,2.97,3,sell
8/06,3711,港商麥格理,1360,339,39,300,1.71,4,buy
8/06,3711,美商高盛,1480,775,1202,-427,2.43,4,sell
8/06,3711,永豐金證券,0039004100300030,455,300,155,0.88,5,buy
8/06,3711,新加坡商瑞銀,1650,769,1081,-312,1.78,5,sell
8/06,3711,國票-敦北法人,0037003700390063,101,0,101,0.58,6,buy
8/06,3711,統一,5850,48,155,-107,0.61,6,sell
8/06,3711,富邦證券,9600,161,60,101,0.58,7,buy
8/06,3711,港商野村,1560,17,108,-91,0.52,7,sell
8/06,3711,花旗環球,1590,420,321,99,0.56,8,buy
8/06,3711,凱基-台北,9268,670,754,-84,0.48,8,sell
8/06,3711,國泰-敦南,8888,237,167,70,0.4,9,buy
8/06,3711,合庫-西台中,0031003000320046,4,55,-51,0.29,9,sell
8/06,3711,群益金鼎,9100,204,144,60,0.34,10,buy
8/06,3711,宏遠-台中,003100320036004c,3,52,-49,0.28,10,sell
8/06,3711,玉山證券,8840,89,32,57,0.32,11,buy
8/06,3711,大和國泰,8890,0,27,-27,0.15,11,sell
8/06,3711,美林,1440,1319,1262,57,0.32,12,buy
8/06,3711,永豐金-匯立,0039004100380031,18,43,-25,0.14,12,sell
8/06,3711,兆豐證券,7000,53,0,53,0.3,13,buy
8/06,3711,永豐金-內湖,0039004100390067,3,24,-21,0.12,13,sell
8/06,3711,兆豐-三民,0037003000300068,80,29,51,0.29,14,buy
8/06,3711,富邦-和美,0039003600310050,3,22,-19,0.11,14,sell
8/06,3711,國票-長城,0037003700390075,43,2,41,0.23,15,buy
8/06,3711,元大-雙和,9874,8,27,-19,0.11,15,sell
8/06,2603,元大證券,9800,874,91,783,20.76,1,buy
8/06,2603,摩根大通,8440,133,460,-327,8.67,1,sell
8/06,2603,美林,1440,201,90,111,2.94,2,buy
8/06,2603,群益金鼎,9100,2,228,-226,5.99,2,sell
8/06,2603,大和國泰,8890,83,0,83,2.2,3,buy
8/06,2603,凱基-台北,9268,102,298,-196,5.2,3,sell
8/06,2603,港商野村,1560,83,1,82,2.17,4,buy
8/06,2603,新加坡商瑞銀,1650,85,265,-180,4.77,4,sell
8/06,2603,富邦-台北,9623,61,2,59,1.56,5,buy
8/06,2603,統一-新竹,5857,3,133,-130,3.45,5,sell
8/06,2603,兆豐-大同,0037003000300053,59,0,59,1.56,6,buy
8/06,2603,美商高盛,1480,129,236,-107,2.84,6,sell
8/06,2603,花旗環球,1590,90,32,58,1.54,7,buy
8/06,2603,富邦-台中,003900360035004b,0,51,-51,1.35,7,sell
8/06,2603,港商麥格理,1360,44,0,44,1.17,8,buy
8/06,2603,第一金-安和,003500330038006a,5,55,-50,1.33,8,sell
8/06,2603,華南永昌-潮州,9328,41,0,41,1.09,9,buy
8/06,2603,元大-景美,0039003800340048,0,43,-43,1.14,9,sell
8/06,2603,新光,8560,60,19,41,1.09,10,buy
8/06,2603,兆豐-高雄,003700300030005a,1,44,-43,1.14,10,sell
8/06,2603,第一金-澎湖,5387,31,0,31,0.82,11,buy
8/06,2603,玉山-台中,0038003800340042,4,43,-39,1.03,11,sell
8/06,2603,富邦-新莊,0039003600320044,28,1,27,0.72,12,buy
8/06,2603,永豐金證券,0039004100300030,11,45,-34,0.9,12,sell
8/06,2603,永豐金-竹科,0039004100390058,25,2,23,0.61,13,buy
8/06,2603,台灣企銀,1110,1,31,-30,0.8,13,sell
8/06,2603,富邦-高雄,9659,23,0,23,0.61,14,buy
8/06,2603,中國信託,6160,8,36,-28,0.74,14,sell
8/06,2603,華南永昌-嘉義,9314,20,0,20,0.53,15,buy
8/06,2603,台灣摩根士丹利,1470,272,298,-26,0.69,15,sell
8/06,2609,(牛牛牛)亞-網路,6012,1214,2,1212,14.32,1,buy
8/06,2609,台灣摩根士丹利,1470,29,2232,-2203,26.02,1,sell
8/06,2609,富邦證券,9600,257,1,256,3.02,2,buy
8/06,2609,新加坡商瑞銀,1650,81,925,-844,9.97,2,sell
8/06,2609,富邦-南京,0039003600310043,244,10,234,2.76,3,buy
8/06,2609,摩根大通,8440,401,813,-412,4.87,3,sell
8/06,2609,寶盛,5460,154,0,154,1.82,4,buy
8/06,2609,凱基-台北,9268,181,484,-303,3.58,4,sell
8/06,2609,花旗環球,1590,229,113,116,1.37,5,buy
8/06,2609,元大證券,9800,132,241,-109,1.29,5,sell
8/06,2609,港商麥格理,1360,116,1,115,1.36,6,buy
8/06,2609,港商野村,1560,2,94,-92,1.09,6,sell
8/06,2609,玉山-台南,8847,69,2,67,0.79,7,buy
8/06,2609,合庫-三重,0031003000320047,19,100,-81,0.96,7,sell
8/06,2609,元大-屏東民生,0039003800310068,64,3,61,0.72,8,buy
8/06,2609,永豐金證券,0039004100300030,18,96,-78,0.92,8,sell
8/06,2609,國泰-桃園,8885,58,2,56,0.66,9,buy
8/06,2609,永豐金-竹科,0039004100390058,4,75,-71,0.84,9,sell
8/06,2609,新光-台中,8561,66,12,54,0.64,10,buy
8/06,2609,華南永昌-大甲,9315,5,47,-42,0.5,10,sell
8/06,2609,國泰-敦南,8888,139,86,53,0.63,11,buy
8/06,2609,元大-彰化,0039003800310047,1,35,-34,0.4,11,sell
8/06,2609,元大-蘆洲中正,0039003800390049,50,0,50,0.59,12,buy
8/06,2609,元大-左營,0039003800390044,15,48,-33,0.39,12,sell
8/06,2609,亞東-高雄,2186,49,0,49,0.58,13,buy
8/06,2609,中國信託,6160,8,40,-32,0.38,13,sell
8/06,2609,香港上海匯豐,8960,41,0,41,0.48,14,buy
8/06,2609,華南永昌-新莊,9305,0,23,-23,0.27,14,sell
8/06,2609,元大-中壢,9834,50,10,40,0.47,15,buy
8/06,2609,法銀巴黎,8900,0,23,-23,0.27,15,sell
8/06,2615,元大證券,9800,564,182,382,7.77,1,buy
8/06,2615,台灣摩根士丹利,1470,77,642,-565,11.5,1,sell
8/06,2615,國泰-台中,8882,137,7,130,2.64,2,buy
8/06,2615,新加坡商瑞銀,1650,41,409,-368,7.49,2,sell
8/06,2615,富邦證券,9600,111,9,102,2.08,3,buy
8/06,2615,凱基-台北,9268,136,376,-240,4.88,3,sell
8/06,2615,合庫證券,1020,100,0,100,2.03,4,buy
8/06,2615,永豐金證券,0039004100300030,22,162,-140,2.85,4,sell
8/06,2615,土銀,1030,90,0,90,1.83,5,buy
8/06,2615,花旗環球,1590,85,219,-134,2.73,5,sell
8/06,2615,港商野村,1560,86,0,86,1.75,6,buy
8/06,2615,合庫-高雄,1023,2,127,-125,2.54,6,sell
8/06,2615,港商麥格理,1360,77,0,77,1.57,7,buy
8/06,2615,元大-大灣,9815,0,122,-122,2.48,7,sell
8/06,2615,元大-大同,0039003800390047,51,0,51,1.04,8,buy
8/06,2615,摩根大通,8440,94,188,-94,1.91,8,sell
8/06,2615,光和,6380,51,0,51,1.04,9,buy
8/06,2615,群益金鼎-宜蘭,003900310038007a,0,79,-79,1.61,9,sell
8/06,2615,富邦-高雄,9659,51,0,51,1.04,10,buy
8/06,2615,群益金鼎-忠孝,0039003100380057,0,60,-60,1.22,10,sell
8/06,2615,永豐金-天母,0039004100390047,80,30,50,1.02,11,buy
8/06,2615,國泰-敦南,8888,91,142,-51,1.04,11,sell
8/06,2615,元大-員林中山,9835,45,0,45,0.92,12,buy
8/06,2615,凱基-中山,9229,0,40,-40,0.81,12,sell
8/06,2615,美商高盛,1480,408,366,42,0.85,13,buy
8/06,2615,台中銀,6110,1,40,-39,0.79,13,sell
8/06,2615,國泰-館前,0038003800380041,37,1,36,0.73,14,buy
8/06,2615,康和-高雄,003800340035004a,0,30,-30,0.61,14,sell
8/06,2615,群益金鼎-古亭,0039003100380043,34,0,34,0.69,15,buy
8/06,2615,元大-樹林,003900380039006a,3,32,-29,0.59,15,sell
8/06,2618,元大證券,9800,2293,457,1836,9.18,1,buy
8/06,2618,摩根大通,8440,472,1976,-1504,7.52,1,sell
8/06,2618,花旗環球,1590,1732,214,1518,7.59,2,buy
8/06,2618,美商高盛,1480,878,2296,-1418,7.09,2,sell
8/06,2618,台灣摩根士丹利,1470,3721,2209,1512,7.56,3,buy
8/06,2618,凱基-台北,9268,598,1531,-933,4.66,3,sell
8/06,2618,港商麥格理,1360,1362,807,555,2.77,4,buy
8/06,2618,永豐金-敦南,0039004100380046,11,739,-728,3.64,4,sell
8/06,2618,新加坡商瑞銀,1650,1485,1184,301,1.5,5,buy
8/06,2618,美林,1440,380,1042,-662,3.31,5,sell
8/06,2618,凱基,9200,227,22,205,1.02,6,buy
8/06,2618,元大-松江,9801,4,599,-595,2.97,6,sell
8/06,2618,群益金鼎-北高雄,0039003100330052,135,0,135,0.67,7,buy
8/06,2618,國泰證券,8880,3,410,-407,2.03,7,sell
8/06,2618,第一金-高雄,5383,114,2,112,0.56,8,buy
8/06,2618,永豐金證券,0039004100300030,73,459,-386,1.93,8,sell
8/06,2618,兆豐-忠孝,0037003000300061,111,7,104,0.52,9,buy
8/06,2618,元大-北屯,0039003800390064,1,383,-382,1.91,9,sell
8/06,2618,凱基-東勢,0039003200310059,102,0,102,0.51,10,buy
8/06,2618,光和-高雄,0036003300380044,0,225,-225,1.12,10,sell
8/06,2618,凱基-永華,9235,100,0,100,0.5,11,buy
8/06,2618,群益金鼎-新莊,0039003100380047,10,210,-200,1.0,11,sell
8/06,2618,國泰-忠孝,8887,104,4,100,0.5,12,buy
8/06,2618,富邦-永和,9654,4,110,-106,0.53,12,sell
8/06,2618,台新,0039004200300030,105,13,92,0.46,13,buy
8/06,2618,凱基-內湖,9287,5,100,-95,0.47,13,sell
8/06,2618,香港上海匯豐,8960,80,0,80,0.4,14,buy
8/06,2618,富邦證券,9600,32,109,-77,0.38,14,sell
8/06,2618,永豐金-松山,0039004100390031,81,21,60,0.3,15,buy
8/06,2618,第一金-澎湖,5387,3,73,-70,0.35,15,sell
8/06,3037,元大證券,9800,3574,2804,770,2.98,1,buy
8/06,3037,美商高盛,1480,1186,1928,-742,2.87,1,sell
8/06,3037,國泰證券,8880,734,94,640,2.48,2,buy
8/06,3037,台新-台北,0039004200320030,81,510,-429,1.66,2,sell
8/06,3037,台灣摩根士丹利,1470,2032,1689,343,1.33,3,buy
8/06,3037,美林,1440,460,862,-402,1.56,3,sell
8/06,3037,富邦證券,9600,488,162,326,1.26,4,buy
8/06,3037,摩根大通,8440,420,720,-300,1.16,4,sell
8/06,3037,香港上海匯豐,8960,285,2,283,1.1,5,buy
8/06,3037,凱基-台北,9268,1393,1549,-156,0.6,5,sell
8/06,3037,永豐金證券,0039004100300030,474,344,130,0.5,6,buy
8/06,3037,花旗環球,1590,122,267,-145,0.56,6,sell
8/06,3037,台新,0039004200300030,253,143,110,0.43,7,buy
8/06,3037,元大-新竹,9816,35,128,-93,0.36,7,sell
8/06,3037,國泰-桃園,8885,196,114,82,0.32,8,buy
8/06,3037,統一,5850,69,145,-76,0.29,8,sell
8/06,3037,致和-佳里,7032,80,0,80,0.31,9,buy
8/06,3037,統一-高雄,5851,25,96,-71,0.28,9,sell
8/06,3037,凱基-桃園,9208,110,32,78,0.3,10,buy
8/06,3037,群益金鼎-台北,0039003100380058,1,54,-53,0.21,10,sell
8/06,3037,新加坡商瑞銀,1650,559,481,78,0.3,11,buy
8/06,3037,兆豐證券,7000,25,77,-52,0.2,11,sell
8/06,3037,福邦證券,6480,62,18,44,0.17,12,buy
8/06,3037,元大-新盛,9869,6,54,-48,0.19,12,sell
8/06,3037,凱基,9200,56,12,44,0.17,13,buy
8/06,3037,群益金鼎-永和,003900310038004a,7,45,-38,0.15,13,sell
8/06,3037,華南永昌-板橋,9349,71,32,39,0.15,14,buy
8/06,3037,華南永昌-竹北,9339,7,44,-37,0.14,14,sell
8/06,3037,港商麥格理,1360,37,0,37,0.14,15,buy
8/06,3037,群益金鼎,9100,200,236,-36,0.14,15,sell
8/06,2345,永豐金-匯立,0039004100380031,309,39,270,6.69,1,buy
8/06,2345,國泰證券,8880,9,472,-463,11.47,1,sell
8/06,2345,大和國泰,8890,242,0,242,5.99,2,buy
8/06,2345,富邦證券,9600,15,156,-141,3.49,2,sell
8/06,2345,港商麥格理,1360,318,148,170,4.21,3,buy
8/06,2345,凱基,9200,19,141,-122,3.02,3,sell
8/06,2345,新加坡商瑞銀,1650,280,132,148,3.67,4,buy
8/06,2345,台灣摩根士丹利,1470,113,210,-97,2.4,4,sell
8/06,2345,凱基-站前,0039003200300046,66,9,57,1.41,5,buy
8/06,2345,港商野村,1560,12,105,-93,2.3,5,sell
8/06,2345,國泰-桃園,8885,61,4,57,1.41,6,buy
8/06,2345,凱基-台北,9268,256,315,-59,1.46,6,sell
8/06,2345,法銀巴黎,8900,39,1,38,0.94,7,buy
8/06,2345,國票-敦北法人,0037003700390063,11,67,-56,1.39,7,sell
8/06,2345,中國信託,6160,32,8,24,0.59,8,buy
8/06,2345,美商高盛,1480,274,316,-42,1.04,8,sell
8/06,2345,元大證券,9800,284,263,21,0.52,9,buy
8/06,2345,統一,5850,73,98,-25,0.62,9,sell
8/06,2345,康和-仁愛,0038003400350046,30,11,19,0.47,10,buy
8/06,2345,合庫證券,1020,3,21,-18,0.45,10,sell
8/06,2345,香港上海匯豐,8960,21,5,16,0.4,11,buy
8/06,2345,美林,1440,140,152,-12,0.3,11,sell
8/06,2345,凱基-高雄,9206,13,4,9,0.22,12,buy
8/06,2345,凱基-中山,9229,1,9,-8,0.2,12,sell
8/06,2345,台新-建北,0039004200310038,9,0,9,0.22,13,buy
8/06,2345,華南永昌-南京,9326,3,11,-8,0.2,13,sell
8/06,2345,群益金鼎-內湖,0039003100380064,10,2,8,0.2,14,buy
8/06,2345,合庫-高雄,1023,0,6,-6,0.15,14,sell
8/06,2345,群益金鼎-台中,9184,8,1,7,0.17,15,buy
8/06,2345,美好-市政,003500320036004d,0,5,-5,0.12,15,sell
8/06,3006,台灣摩根士丹利,1470,4126,111,4015,13.09,1,buy
8/06,3006,群益金鼎,9100,324,684,-360,1.17,1,sell
8/06,3006,美商高盛,1480,3040,984,2056,6.7,2,buy
8/06,3006,國票-安和,003700370039005a,29,368,-339,1.11,2,sell
8/06,3006,新加坡商瑞銀,1650,1371,318,1053,3.43,3,buy
8/06,3006,元大-桃興,9894,27,291,-264,0.86,3,sell
8/06,3006,摩根大通,8440,1780,1311,469,1.53,4,buy
8/06,3006,元大-雙和,9874,12,187,-175,0.57,4,sell
8/06,3006,港商野村,1560,614,307,307,1.0,5,buy
8/06,3006,永豐金-員林,0039004100390043,3,168,-165,0.54,5,sell
8/06,3006,花旗環球,1590,301,5,296,0.97,6,buy
8/06,3006,永豐金證券,0039004100300030,129,287,-158,0.52,6,sell
8/06,3006,富邦證券,9600,340,69,271,0.88,7,buy
8/06,3006,國泰-敦南,8888,419,560,-141,0.46,7,sell
8/06,3006,富邦-陽明,9604,424,172,252,0.82,8,buy
8/06,3006,香港上海匯豐,8960,0,136,-136,0.44,8,sell
8/06,3006,富邦-高雄,9659,211,96,115,0.38,9,buy
8/06,3006,聯邦證券,8580,8,143,-135,0.44,9,sell
8/06,3006,大昌-桃園,6465,120,11,109,0.36,10,buy
8/06,3006,元大-新盛,9869,4,119,-115,0.38,10,sell
8/06,3006,國泰-松江,8883,156,68,88,0.29,11,buy
8/06,3006,台中銀-豐原,0036003100310041,4,119,-115,0.38,11,sell
8/06,3006,永豐金-埔里,0039004100370039,302,215,87,0.28,12,buy
8/06,3006,富邦-公益,0039003600310046,23,138,-115,0.38,12,sell
8/06,3006,美林,1440,263,184,79,0.26,13,buy
8/06,3006,台新-三重,0039004200320033,5,110,-105,0.34,13,sell
8/06,3006,華南永昌-大甲,9315,62,5,57,0.19,14,buy
8/06,3006,元大證券,9800,2395,2492,-97,0.32,14,sell
8/06,3006,統一-台中,5856,78,28,50,0.16,15,buy
8/06,3006,富邦-台北,9623,88,182,-94,0.31,15,sell
8/06,2379,美林,1440,246,51,195,8.23,1,buy
8/06,2379,新加坡商瑞銀,1650,160,527,-367,15.49,1,sell
8/06,2379,玉山證券,8840,163,13,150,6.33,2,buy
8/06,2379,凱基,9200,0,156,-156,6.59,2,sell
8/06,2379,富邦證券,9600,176,48,128,5.4,3,buy
8/06,2379,摩根大通,8440,17,151,-134,5.66,3,sell
8/06,2379,美商高盛,1480,170,89,81,3.42,4,buy
8/06,2379,台灣摩根士丹利,1470,163,216,-53,2.24,4,sell
8/06,2379,香港上海匯豐,8960,75,3,72,3.04,5,buy
8/06,2379,富隆證券,5110,0,36,-36,1.52,5,sell
8/06,2379,華南永昌-中正,9359,52,0,52,2.2,6,buy
8/06,2379,永豐金證券,0039004100300030,8,40,-32,1.35,6,sell
8/06,2379,中國信託,6160,35,3,32,1.35,7,buy
8/06,2379,花旗環球,1590,41,65,-24,1.01,7,sell
8/06,2379,華南永昌,9300,13,0,13,0.55,8,buy
8/06,2379,統一,5850,1,15,-14,0.59,8,sell
8/06,2379,港商麥格理,1360,24,11,13,0.55,9,buy
8/06,2379,台新,0039004200300030,5,17,-12,0.51,9,sell
8/06,2379,元大證券,9800,102,90,12,0.51,10,buy
8/06,2379,國泰-板橋,003800380038004b,7,17,-10,0.42,10,sell
8/06,2379,統一-高雄,5851,12,1,11,0.46,11,buy
8/06,2379,凱基-台北,9268,211,221,-10,0.42,11,sell
8/06,2379,元大-苑裡,0039003800390061,10,0,10,0.42,12,buy
8/06,2379,國泰-敦南,8888,21,27,-6,0.25,12,sell
8/06,2379,國泰-台中,8882,10,2,8,0.34,13,buy
8/06,2379,台新-松德,0039004200320061,3,9,-6,0.25,13,sell
8/06,2379,國票-安和,003700370039005a,9,2,7,0.3,14,buy
8/06,2379,富邦-建國,9658,5,10,-5,0.21,14,sell
8/06,2379,高橋,5320,8,2,6,0.25,15,buy
8/06,2379,富邦-七賢,003900360031004b,1,5,-4,0.17,15,sell
8/06,3034,台灣摩根士丹利,1470,415,160,255,8.53,1,buy
8/06,3034,花旗環球,1590,120,424,-304,10.16,1,sell
8/06,3034,凱基-台北,9268,381,138,243,8.12,2,buy
8/06,3034,摩根大通,8440,383,681,-298,9.96,2,sell
8/06,3034,元大證券,9800,233,132,101,3.38,3,buy
8/06,3034,港商麥格理,1360,3,173,-170,5.68,3,sell
8/06,3034,美林,1440,159,61,98,3.28,4,buy
8/06,3034,富邦證券,9600,3,119,-116,3.88,4,sell
8/06,3034,美商高盛,1480,263,206,57,1.91,5,buy
8/06,3034,華南永昌-中正,9359,0,63,-63,2.11,5,sell
8/06,3034,法銀巴黎,8900,39,0,39,1.3,6,buy
8/06,3034,富隆證券,5110,0,50,-50,1.67,6,sell
8/06,3034,新加坡商瑞銀,1650,56,17,39,1.3,7,buy
8/06,3034,群益金鼎,9100,19,43,-24,0.8,7,sell
8/06,3034,國泰-館前,0038003800380041,37,4,33,1.1,8,buy
8/06,3034,第一金-忠孝,0035003300380044,0,20,-20,0.67,8,sell
8/06,3034,華南永昌-朴子,9329,31,0,31,1.04,9,buy
8/06,3034,元大-中和,0039003800390065,0,15,-15,0.5,9,sell
8/06,3034,統一-南京,0035003800350055,20,0,20,0.67,10,buy
8/06,3034,玉山-板橋,8846,0,15,-15,0.5,10,sell
8/06,3034,台新,0039004200300030,23,8,15,0.5,11,buy
8/06,3034,統一,5850,5,19,-14,0.47,11,sell
8/06,3034,台新-建北,0039004200310038,16,1,15,0.5,12,buy
8/06,3034,台新-九如,0039004200320031,1,14,-13,0.43,12,sell
8/06,3034,華南永昌,9300,15,2,13,0.43,13,buy
8/06,3034,港商野村,1560,7,20,-13,0.43,13,sell
8/06,3034,玉山-雙和,8841,25,14,11,0.37,14,buy
8/06,3034,群益金鼎-竹南,0039003100380069,1,13,-12,0.4,14,sell
8/06,3034,永豐金-匯立,0039004100380031,11,0,11,0.37,15,buy
8/06,3034,台新-松德,0039004200320061,2,13,-11,0.37,15,sell
8/06,2412,台灣摩根士丹利,1470,1072,447,625,7.98,1,buy
8/06,2412,美商高盛,1480,355,1217,-862,11.01,1,sell
8/06,2412,永豐金證券,0039004100300030,728,274,454,5.8,2,buy
8/06,2412,富邦證券,9600,28,658,-630,8.04,2,sell
8/06,2412,凱基-台北,9268,733,454,279,3.56,3,buy
8/06,2412,台新-城東,0039004200320072,0,400,-400,5.11,3,sell
8/06,2412,港商野村,1560,133,2,131,1.67,4,buy
8/06,2412,新加坡商瑞銀,1650,351,614,-263,3.36,4,sell
8/06,2412,中國信託,6160,123,4,119,1.52,5,buy
8/06,2412,永豐金-新莊,0039004100390048,0,152,-152,1.94,5,sell
8/06,2412,兆豐-新竹,0037003000300056,100,0,100,1.28,6,buy
8/06,2412,台新-台中,0039004200310068,5,107,-102,1.3,6,sell
8/06,2412,華南永昌-中正,9359,504,415,89,1.14,7,buy
8/06,2412,合庫-自強,0031003000320043,0,101,-101,1.29,7,sell
8/06,2412,國泰-敦南,8888,124,68,56,0.72,8,buy
8/06,2412,摩根大通,8440,893,993,-100,1.28,8,sell
8/06,2412,香港上海匯豐,8960,53,0,53,0.68,9,buy
8/06,2412,元大證券,9800,218,282,-64,0.82,9,sell
8/06,2412,大和國泰,8890,46,0,46,0.59,10,buy
8/06,2412,美林,1440,381,415,-34,0.43,10,sell
8/06,2412,台新-緯城,0039004200320041,42,0,42,0.54,11,buy
8/06,2412,玉山證券,8840,7,41,-34,0.43,11,sell
8/06,2412,新光,8560,44,5,39,0.5,12,buy
8/06,2412,元大-敦南,0039003800390050,0,23,-23,0.29,12,sell
8/06,2412,港商麥格理,1360,28,0,28,0.36,13,buy
8/06,2412,第一金-澎湖,5387,0,20,-20,0.26,13,sell
8/06,2412,凱基-桃園,9208,28,2,26,0.33,14,buy
8/06,2412,第一金-頭份,0035003300380049,1,20,-19,0.24,14,sell
8/06,2412,國泰-館前,0038003800380041,25,3,22,0.28,15,buy
8/06,2412,第一金,5380,4,22,-18,0.23,15,sell
8/06,3231,台灣摩根士丹利,1470,6770,5955,815,0.98,1,buy
8/06,3231,美商高盛,1480,4002,6102,-2100,2.52,1,sell
8/06,3231,美林,1440,2797,2066,731,0.88,2,buy
8/06,3231,新加坡商瑞銀,1650,1881,3862,-1981,2.38,2,sell
8/06,3231,合庫證券,1020,758,95,663,0.8,3,buy
8/06,3231,花旗環球,1590,390,2349,-1959,2.35,3,sell
8/06,3231,宏遠證券,1260,699,43,656,0.79,4,buy
8/06,3231,港商野村,1560,82,1903,-1821,2.19,4,sell
8/06,3231,台新-安南,003900420032005a,360,16,344,0.41,5,buy
8/06,3231,元大證券,9800,8721,10479,-1758,2.11,5,sell
8/06,3231,港商麥格理,1360,316,31,285,0.34,6,buy
8/06,3231,摩根大通,8440,1531,3238,-1707,2.05,6,sell
8/06,3231,國泰-敦南,8888,2050,1787,263,0.32,7,buy
8/06,3231,國泰證券,8880,8,1354,-1346,1.62,7,sell
8/06,3231,富邦證券,9600,883,645,238,0.29,8,buy
8/06,3231,大和國泰,8890,27,1248,-1221,1.47,8,sell
8/06,3231,兆豐證券,7000,266,42,224,0.27,9,buy
8/06,3231,凱基-台北,9268,2785,3800,-1015,1.22,9,sell
8/06,3231,新光,8560,649,425,224,0.27,10,buy
8/06,3231,永豐金證券,0039004100300030,634,1223,-589,0.71,10,sell
8/06,3231,大昌-新店,6464,242,49,193,0.23,11,buy
8/06,3231,凱基,9200,213,737,-524,0.63,11,sell
8/06,3231,元大-基隆孝二,003900380036004b,271,78,193,0.23,12,buy
8/06,3231,凱基-永和,9207,12,512,-500,0.6,12,sell
8/06,3231,華南永昌,9300,322,143,179,0.21,13,buy
8/06,3231,合庫-新竹,0031003000320041,14,465,-451,0.54,13,sell
8/06,3231,元大-新店中正,0039003800340043,311,151,160,0.19,14,buy
8/06,3231,元大-台中中港,0039003800390042,68,387,-319,0.38,14,sell
8/06,3231,國泰-館前,0038003800380041,363,207,156,0.19,15,buy
8/06,3231,第一金,5380,65,342,-277,0.33,15,sell
8/06,2883,永豐金證券,0039004100300030,4558,1724,2834,6.16,1,buy
8/06,2883,台灣摩根士丹利,1470,831,5897,-5066,11.02,1,sell
8/06,2883,兆豐-北高雄,0037003000300049,1324,401,923,2.01,2,buy
8/06,2883,元大證券,9800,1245,4763,-3518,7.65,2,sell
8/06,2883,兆豐-東門,0037003000300048,756,0,756,1.64,3,buy
8/06,2883,美商高盛,1480,517,3894,-3377,7.34,3,sell
8/06,2883,台新-信義,0039004200320048,715,0,715,1.55,4,buy
8/06,2883,凱基-台北,9268,1284,3969,-2685,5.84,4,sell
8/06,2883,兆豐-台中港,7005,603,1,602,1.31,5,buy
8/06,2883,玉山證券,8840,50,2360,-2310,5.02,5,sell
8/06,2883,群益金鼎-新莊,0039003100380047,599,0,599,1.3,6,buy
8/06,2883,群益金鼎,9100,295,2602,-2307,5.02,6,sell
8/06,2883,新光-台中,8561,532,0,532,1.16,7,buy
8/06,2883,美林,1440,3364,5342,-1978,4.3,7,sell
8/06,2883,台新,0039004200300030,616,105,511,1.11,8,buy
8/06,2883,摩根大通,8440,1862,3393,-1531,3.33,8,sell
8/06,2883,國泰-敦南,8888,603,141,462,1.0,9,buy
8/06,2883,富邦證券,9600,12,1048,-1036,2.25,9,sell
8/06,2883,富邦-和美,0039003600310050,460,3,457,0.99,10,buy
8/06,2883,花旗環球,1590,1465,2501,-1036,2.25,10,sell
8/06,2883,福勝,6950,417,0,417,0.91,11,buy
8/06,2883,新加坡商瑞銀,1650,349,1252,-903,1.96,11,sell
8/06,2883,國泰-板橋,003800380038004b,384,10,374,0.81,12,buy
8/06,2883,兆豐證券,7000,2,406,-404,0.88,12,sell
8/06,2883,臺銀-高雄,0031003000340043,363,1,362,0.79,13,buy
8/06,2883,統一,5850,43,365,-322,0.7,13,sell
8/06,2883,凱基-新豐,9266,362,6,356,0.77,14,buy
8/06,2883,港商野村,1560,19,333,-314,0.68,14,sell
8/06,2883,元大-台中,9812,316,3,313,0.68,15,buy
8/06,2883,永豐金-竹北,0039004100390050,22,221,-199,0.43,15,sell
8/06,2884,台新-建北,0039004200310038,2375,1,2374,10.46,1,buy
8/06,2884,摩根大通,8440,925,2910,-1985,8.75,1,sell
8/06,2884,美林,1440,2650,574,2076,9.15,2,buy
8/06,2884,台灣摩根士丹利,1470,207,1232,-1025,4.52,2,sell
8/06,2884,凱基-台北,9268,3601,2033,1568,6.91,3,buy
8/06,2884,永豐金證券,0039004100300030,65,992,-927,4.09,3,sell
8/06,2884,統一,5850,1585,20,1565,6.9,4,buy
8/06,2884,花旗環球,1590,1284,2067,-783,3.45,4,sell
8/06,2884,港商野村,1560,647,5,642,2.83,5,buy
8/06,2884,元大證券,9800,1789,2561,-772,3.4,5,sell
8/06,2884,凱基,9200,388,20,368,1.62,6,buy
8/06,2884,新加坡商瑞銀,1650,1880,2646,-766,3.38,6,sell
8/06,2884,大和國泰,8890,316,0,316,1.39,7,buy
8/06,2884,美商高盛,1480,1707,2472,-765,3.37,7,sell
8/06,2884,陽信-台南,8714,301,0,301,1.33,8,buy
8/06,2884,港商麥格理,1360,9,753,-744,3.28,8,sell
8/06,2884,香港上海匯豐,8960,256,0,256,1.13,9,buy
8/06,2884,統一-新竹,5857,0,357,-357,1.57,9,sell
8/06,2884,富邦證券,9600,134,1,133,0.59,10,buy
8/06,2884,法銀巴黎,8900,0,233,-233,1.03,10,sell
8/06,2884,日茂,5960,101,0,101,0.45,11,buy
8/06,2884,玉山-板橋,8846,5,116,-111,0.49,11,sell
8/06,2884,康和,8450,80,0,80,0.35,12,buy
8/06,2884,第一金-新竹,0035003300380042,0,110,-110,0.48,12,sell
8/06,2884,國泰證券,8880,85,8,77,0.34,13,buy
8/06,2884,華南永昌-內壢,9337,0,110,-110,0.48,13,sell
8/06,2884,群益金鼎-永和,003900310038004a,58,5,53,0.23,14,buy
8/06,2884,玉山-嘉義,8848,7,103,-96,0.42,14,sell
8/06,2884,國泰-館前,0038003800380041,55,4,51,0.22,15,buy
8/06,2884,兆豐-寶成,0037003000300072,4,100,-96,0.42,15,sell
8/06,2002,美商高盛,1480,6858,1212,5646,16.11,1,buy
8/06,2002,兆豐-新竹,0037003000300056,2,1956,-1954,5.58,1,sell
8/06,2002,摩根大通,8440,5562,2145,3417,9.75,2,buy
8/06,2002,臺銀-高雄,0031003000340043,5,774,-769,2.19,2,sell
8/06,2002,台灣摩根士丹利,1470,5312,3177,2135,6.09,3,buy
8/06,2002,永豐金證券,0039004100300030,279,945,-666,1.9,3,sell
8/06,2002,凱基-台北,9268,3524,1405,2119,6.05,4,buy
8/06,2002,華南永昌-長虹,9333,1,417,-416,1.19,4,sell
8/06,2002,元大證券,9800,2275,1293,982,2.8,5,buy
8/06,2002,國泰-敦南,8888,115,399,-284,0.81,5,sell
8/06,2002,美林,1440,1092,315,777,2.22,6,buy
8/06,2002,新光,8560,44,327,-283,0.81,6,sell
8/06,2002,元大-豐原,9838,500,6,494,1.41,7,buy
8/06,2002,(牛牛牛)亞-鑫豐,0036003000310064,67,346,-279,0.8,7,sell
8/06,2002,新加坡商瑞銀,1650,1009,537,472,1.35,8,buy
8/06,2002,玉山-台南,8847,0,267,-267,0.76,8,sell
8/06,2002,台新-同大,0039004200320050,332,19,313,0.89,9,buy
8/06,2002,中國信託,6160,9,248,-239,0.68,9,sell
8/06,2002,富邦證券,9600,224,4,220,0.63,10,buy
8/06,2002,群益金鼎-中港,9138,11,231,-220,0.63,10,sell
8/06,2002,華南永昌-淡水,9316,212,4,208,0.59,11,buy
8/06,2002,兆豐-北高雄,0037003000300049,8,224,-216,0.62,11,sell
8/06,2002,香港上海匯豐,8960,185,0,185,0.53,12,buy
8/06,2002,康和-台南,8458,50,254,-204,0.58,12,sell
8/06,2002,花旗環球,1590,678,495,183,0.52,13,buy
8/06,2002,新光-新竹,8563,0,180,-180,0.51,13,sell
8/06,2002,港商野村,1560,192,15,177,0.51,14,buy
8/06,2002,新光-台中,8561,15,170,-155,0.44,14,sell
8/06,2002,港商麥格理,1360,155,0,155,0.44,15,buy
8/06,2002,群益金鼎-瑞豐,0039003100380075,6,156,-150,0.43,15,sell
8/06,5880,土銀,1030,2709,0,2709,10.0,1,buy
8/06,5880,美林,1440,943,4213,-3270,12.07,1,sell
8/06,5880,香港上海匯豐,8960,1244,0,1244,4.59,2,buy
8/06,5880,新加坡商瑞銀,1650,536,3157,-2621,9.68,2,sell
8/06,5880,美商高盛,1480,1276,586,690,2.55,3,buy
8/06,5880,台灣摩根士丹利,1470,148,2690,-2542,9.38,3,sell
8/06,5880,花旗環球,1590,753,204,549,2.03,4,buy
8/06,5880,第一金-路竹,0035003300380050,12,1474,-1462,5.4,4,sell
8/06,5880,大和國泰,8890,519,0,519,1.92,5,buy
8/06,5880,凱基-台北,9268,1494,2794,-1300,4.8,5,sell
8/06,5880,永豐金-中和,0039004100390042,515,0,515,1.9,6,buy
8/06,5880,摩根大通,8440,709,1497,-788,2.91,6,sell
8/06,5880,元大-文心興安,9854,455,0,455,1.68,7,buy
8/06,5880,群益金鼎-新竹,9186,7,740,-733,2.71,7,sell
8/06,5880,富邦-羅東,9634,330,5,325,1.2,8,buy
8/06,5880,元大-南投,0039003800310044,17,453,-436,1.61,8,sell
8/06,5880,群益金鼎,9100,301,0,301,1.11,9,buy
8/06,5880,永豐金-三重,003900410039004b,1,409,-408,1.51,9,sell
8/06,5880,永豐金-市政,0039004100390057,280,6,274,1.01,10,buy
8/06,5880,統一-新竹,5857,10,409,-399,1.47,10,sell
8/06,5880,元大-員林,9889,256,1,255,0.94,11,buy
8/06,5880,凱基-市政,9239,13,366,-353,1.3,11,sell
8/06,5880,國泰-敦南,8888,272,54,218,0.8,12,buy
8/06,5880,第一金-彰化,5386,10,341,-331,1.22,12,sell
8/06,5880,國票-台南,0037003700390044,209,0,209,0.77,13,buy
8/06,5880,國泰-忠孝,8887,37,354,-317,1.17,13,sell
8/06,5880,群益金鼎-中壢,0039003100380041,211,11,200,0.74,14,buy
8/06,5880,第一金-忠孝,0035003300380044,0,314,-314,1.16,14,sell
8/06,5880,凱基-高雄,9206,201,11,190,0.7,15,buy
8/06,5880,永豐金證券,0039004100300030,107,359,-252,0.93,15,sell
8/06,2610,港商麥格理,1360,3084,86,2998,12.64,1,buy
8/06,2610,新加坡商瑞銀,1650,565,2324,-1759,7.42,1,sell
8/06,2610,香港上海匯豐,8960,1555,345,1210,5.1,2,buy
8/06,2610,摩根大通,8440,298,2002,-1704,7.18,2,sell
8/06,2610,群益金鼎-土城,003900310033004e,819,1,818,3.45,3,buy
8/06,2610,富邦-羅東,9634,11,1161,-1150,4.85,3,sell
8/06,2610,台灣摩根士丹利,1470,2029,1280,749,3.16,4,buy
8/06,2610,凱基-台北,9268,814,1920,-1106,4.66,4,sell
8/06,2610,元大-南勢角,0039003800340045,508,1,507,2.14,5,buy
8/06,2610,美商高盛,1480,586,1637,-1051,4.43,5,sell
8/06,2610,台灣企銀-民雄,0031003100310041,450,0,450,1.9,6,buy
8/06,2610,永豐金證券,0039004100300030,83,1035,-952,4.01,6,sell
8/06,2610,美林,1440,1000,656,344,1.45,7,buy
8/06,2610,國泰證券,8880,2,904,-902,3.8,7,sell
8/06,2610,玉山-信義,0038003800340043,301,0,301,1.27,8,buy
8/06,2610,中國信託-高雄,003600310036004b,212,1000,-788,3.32,8,sell
8/06,2610,華南永昌-大甲,9315,270,0,270,1.14,9,buy
8/06,2610,統一-基隆,0035003800350041,3,496,-493,2.08,9,sell
8/06,2610,元大-六合,0039003800320043,197,11,186,0.78,10,buy
8/06,2610,元大證券,9800,521,740,-219,0.92,10,sell
8/06,2610,元大-佳里,0039003800310065,166,0,166,0.7,11,buy
8/06,2610,凱基-永和,9207,40,251,-211,0.89,11,sell
8/06,2610,富邦-建國,9658,154,1,153,0.65,12,buy
8/06,2610,玉山-板橋,8846,16,168,-152,0.64,12,sell
8/06,2610,中國信託,6160,156,16,140,0.59,13,buy
8/06,2610,台新-世貿,0039004200320075,0,150,-150,0.63,13,sell
8/06,2610,凱基,9200,165,26,139,0.59,14,buy
8/06,2610,富邦-新竹,9647,6,155,-149,0.63,14,sell
8/06,2610,元大-北府,0039003800300044,134,7,127,0.54,15,buy
8/06,2610,國泰-新莊,8886,22,163,-141,0.59,15,sell
8/06,2867,元大證券,9800,6445,519,5926,33.87,1,buy
8/06,2867,兆豐-大同,0037003000300053,0,3580,-3580,20.46,1,sell
8/06,2867,美商高盛,1480,5250,118,5132,29.33,2,buy
8/06,2867,群益金鼎,9100,4,3474,-3470,19.83,2,sell
8/06,2867,永豐金證券,0039004100300030,1704,35,1669,9.54,3,buy
8/06,2867,摩根大通,8440,379,3308,-2929,16.74,3,sell
8/06,2867,凱基-台北,9268,1076,354,722,4.13,4,buy
8/06,2867,統一-土城,0035003800350059,0,476,-476,2.72,4,sell
8/06,2867,華南永昌-內壢,9337,214,0,214,1.22,5,buy
8/06,2867,台灣摩根士丹利,1470,927,1391,-464,2.65,5,sell
8/06,2867,永豐金-松山,0039004100390031,113,0,113,0.65,6,buy
8/06,2867,凱基,9200,0,453,-453,2.59,6,sell
8/06,2867,光和-溪湖,6381,100,0,100,0.57,7,buy
8/06,2867,香港上海匯豐,8960,0,416,-416,2.38,7,sell
8/06,2867,永豐金-古亭,0039004100390064,100,0,100,0.57,8,buy
8/06,2867,花旗環球,1590,231,551,-320,1.83,8,sell
8/06,2867,新加坡商瑞銀,1650,136,73,63,0.36,9,buy
8/06,2867,國票-南科,0037003700390065,0,230,-230,1.31,9,sell
8/06,2867,群益金鼎-彰化,9187,40,0,40,0.23,10,buy
8/06,2867,美林,1440,135,343,-208,1.19,10,sell
8/06,2867,富邦-中壢,9636,27,0,27,0.15,11,buy
8/06,2867,元大-板橋,0039003800390043,0,129,-129,0.74,11,sell
8/06,2867,元大-桃興,9894,24,0,24,0.14,12,buy
8/06,2867,群益金鼎-館前,0039003100330059,0,110,-110,0.63,12,sell
8/06,2867,元大-員林,9889,21,0,21,0.12,13,buy
8/06,2867,元大-高雄,003900380031006d,0,108,-108,0.62,13,sell
8/06,2867,宏遠-高雄,0031003200360051,15,0,15,0.09,14,buy
8/06,2867,福邦-新竹,6489,0,100,-100,0.57,14,sell
8/06,2867,台新-松德,0039004200320061,16,2,14,0.08,15,buy
8/06,2867,國票-南崁,0037003700390045,0,100,-100,0.57,15,sell
8/06,1402,美商高盛,1480,4299,201,4098,20.55,1,buy
8/06,1402,新加坡商瑞銀,1650,290,4897,-4607,23.1,1,sell
8/06,1402,摩根大通,8440,2679,599,2080,10.43,2,buy
8/06,1402,花旗環球,1590,145,2922,-2777,13.92,2,sell
8/06,1402,港商野村,1560,1951,0,1951,9.78,3,buy
8/06,1402,港商麥格理,1360,94,2329,-2235,11.21,3,sell
8/06,1402,台灣摩根士丹利,1470,2027,179,1848,9.27,4,buy
8/06,1402,元大證券,9800,988,2256,-1268,6.36,4,sell
8/06,1402,凱基-台北,9268,2182,847,1335,6.69,5,buy
8/06,1402,富邦-青埔,003900360031004e,0,963,-963,4.83,5,sell
8/06,1402,永豐金-匯立,0039004100380031,1265,0,1265,6.34,6,buy
8/06,1402,宏遠-館前,0031003200360055,0,705,-705,3.54,6,sell
8/06,1402,美林,1440,1211,504,707,3.55,7,buy
8/06,1402,臺銀,1040,0,190,-190,0.95,7,sell
8/06,1402,元大-忠孝,9871,200,2,198,0.99,8,buy
8/06,1402,臺銀-新竹,1045,1,161,-160,0.8,8,sell
8/06,1402,亞東,2180,184,14,170,0.85,9,buy
8/06,1402,玉山-高雄,8843,4,163,-159,0.8,9,sell
8/06,1402,元大-復北,9872,150,0,150,0.75,10,buy
8/06,1402,兆豐證券,7000,0,133,-133,0.67,10,sell
8/06,1402,富邦證券,9600,119,1,118,0.59,11,buy
8/06,1402,永豐金證券,0039004100300030,90,219,-129,0.65,11,sell
8/06,1402,富邦-敦南,9663,101,0,101,0.51,12,buy
8/06,1402,永豐金-桃盛,003900410039004e,0,70,-70,0.35,12,sell
8/06,1402,香港上海匯豐,8960,167,90,77,0.39,13,buy
8/06,1402,台新-虎尾,003900420032004e,40,100,-60,0.3,13,sell
8/06,1402,華南永昌-彰化,9363,50,0,50,0.25,14,buy
8/06,1402,中國信託,6160,9,65,-56,0.28,14,sell
8/06,1402,元大-林森,0039003800330042,50,0,50,0.25,15,buy
8/06,1402,元大-員林中山,9835,0,55,-55,0.28,15,sell
8/06,3045,新加坡商瑞銀,1650,758,208,550,11.72,1,buy
8/06,3045,摩根大通,8440,188,917,-729,15.53,1,sell
8/06,3045,統一-永和,0035003800350042,297,0,297,6.33,2,buy
8/06,3045,凱基-台北,9268,50,769,-719,15.32,2,sell
8/06,3045,台灣摩根士丹利,1470,439,143,296,6.31,3,buy
8/06,3045,華南永昌,9300,4,400,-396,8.44,3,sell
8/06,3045,華南永昌-桃園,9352,182,0,182,3.88,4,buy
8/06,3045,美商高盛,1480,219,612,-393,8.37,4,sell
8/06,3045,永豐金-竹北,0039004100390050,125,0,125,2.66,5,buy
8/06,3045,港商野村,1560,0,127,-127,2.71,5,sell
8/06,3045,凱基,9200,100,9,91,1.94,6,buy
8/06,3045,台新-城東,0039004200320072,0,123,-123,2.62,6,sell
8/06,3045,元大證券,9800,181,93,88,1.88,7,buy
8/06,3045,花旗環球,1590,18,129,-111,2.37,7,sell
8/06,3045,統一-高雄,5851,80,0,80,1.7,8,buy
8/06,3045,元大-汐止,0039003800390051,0,44,-44,0.94,8,sell
8/06,3045,大和國泰,8890,67,0,67,1.43,9,buy
8/06,3045,永豐金證券,0039004100300030,6,47,-41,0.87,9,sell
8/06,3045,富邦證券,9600,65,0,65,1.39,10,buy
8/06,3045,兆豐-來福,0037003000300043,1,25,-24,0.51,10,sell
8/06,3045,亞東,2180,50,0,50,1.07,11,buy
8/06,3045,統一,5850,1,22,-21,0.45,11,sell
8/06,3045,新光-台南,8564,53,3,50,1.07,12,buy
8/06,3045,兆豐-台中港,7005,6,26,-20,0.43,12,sell
8/06,3045,國泰-敦南,8888,51,3,48,1.02,13,buy
8/06,3045,群益金鼎,9100,15,34,-19,0.4,13,sell
8/06,3045,富邦-建國,9658,46,0,46,0.98,14,buy
8/06,3045,兆豐證券,7000,0,12,-12,0.26,14,sell
8/06,3045,台新-台南,0039004200310036,44,0,44,0.94,15,buy
8/06,3045,富邦-南屯,9666,4,9,-5,0.11,15,sell
8/06,2324,美商高盛,1480,6961,2125,4836,16.34,1,buy
8/06,2324,美林,1440,840,2506,-1666,5.63,1,sell
8/06,2324,港商野村,1560,1004,75,929,3.14,2,buy
8/06,2324,台灣摩根士丹利,1470,980,2052,-1072,3.62,2,sell
8/06,2324,元大證券,9800,2121,1388,733,2.48,3,buy
8/06,2324,中國信託,6160,60,881,-821,2.77,3,sell
8/06,2324,香港上海匯豐,8960,663,13,650,2.2,4,buy
8/06,2324,港商麥格理,1360,251,1010,-759,2.56,4,sell
8/06,2324,宏遠證券,1260,560,66,494,1.67,5,buy
8/06,2324,摩根大通,8440,1090,1645,-555,1.88,5,sell
8/06,2324,富邦-新店,9661,305,99,206,0.7,6,buy
8/06,2324,永豐金證券,0039004100300030,219,681,-462,1.56,6,sell
8/06,2324,元大-新莊,9898,215,32,183,0.62,7,buy
8/06,2324,新加坡商瑞銀,1650,906,1361,-455,1.54,7,sell
8/06,2324,富邦-彰化,0039003600350055,206,105,101,0.34,8,buy
8/06,2324,元大-六合,0039003800320043,2,320,-318,1.07,8,sell
8/06,2324,台新-佳里,0039004200320077,107,7,100,0.34,9,buy
8/06,2324,富邦-苗栗,9657,3,276,-273,0.92,9,sell
8/06,2324,元大-基隆,0039003800390059,102,10,92,0.31,10,buy
8/06,2324,花旗環球,1590,327,562,-235,0.79,10,sell
8/06,2324,凱基,9200,109,19,90,0.3,11,buy
8/06,2324,元大-內湖,003900380039004e,13,212,-199,0.67,11,sell
8/06,2324,元大-竹科,003900380030004b,80,0,80,0.27,12,buy
8/06,2324,(牛牛牛)亞-鑫豐,0036003000310064,27,216,-189,0.64,12,sell
8/06,2324,元大-大甲,0039003800390055,80,5,75,0.25,13,buy
8/06,2324,統一,5850,96,275,-179,0.6,13,sell
8/06,2324,元大-草屯,0039003800390045,101,39,62,0.21,14,buy
8/06,2324,永豐金-永康,0039004100390063,4,179,-175,0.59,14,sell
8/06,2324,群益金鼎,9100,133,72,61,0.21,15,buy
8/06,2324,中國信託-永康,6163,15,145,-130,0.44,15,sell
8/06,2887,美商高盛,1480,5133,1928,3205,5.54,1,buy
8/06,2887,台灣摩根士丹利,1470,1128,7890,-6762,11.69,1,sell
8/06,2887,元大證券,9800,5211,2956,2255,3.9,2,buy
8/06,2887,摩根大通,8440,3548,9924,-6376,11.02,2,sell
8/06,2887,新加坡商瑞銀,1650,3399,1171,2228,3.85,3,buy
8/06,2887,凱基-台北,9268,2783,6483,-3700,6.4,3,sell
8/06,2887,花旗環球,1590,5413,3331,2082,3.6,4,buy
8/06,2887,凱基,9200,7,3633,-3626,6.27,4,sell
8/06,2887,群益金鼎,9100,2242,252,1990,3.44,5,buy
8/06,2887,永豐金-匯立,0039004100380031,411,4000,-3589,6.21,5,sell
8/06,2887,中國信託,6160,688,5,683,1.18,6,buy
8/06,2887,港商麥格理,1360,0,2168,-2168,3.75,6,sell
8/06,2887,國泰-敦南,8888,799,275,524,0.91,7,buy
8/06,2887,元大-木柵,003900380033004d,6,1005,-999,1.73,7,sell
8/06,2887,凱基-新豐,9266,466,1,465,0.8,8,buy
8/06,2887,美林,1440,2439,3128,-689,1.19,8,sell
8/06,2887,凱基-竹科,9272,431,6,425,0.73,9,buy
8/06,2887,土銀,1030,9,678,-669,1.16,9,sell
8/06,2887,富邦-七賢,003900360031004b,414,0,414,0.72,10,buy
8/06,2887,永豐金證券,0039004100300030,255,692,-437,0.76,10,sell
8/06,2887,台新,0039004200300030,442,48,394,0.68,11,buy
8/06,2887,法銀巴黎,8900,0,435,-435,0.75,11,sell
8/06,2887,香港上海匯豐,8960,365,0,365,0.63,12,buy
8/06,2887,統一-新竹,5857,9,330,-321,0.56,12,sell
8/06,2887,國泰-板橋,003800380038004b,372,20,352,0.61,13,buy
8/06,2887,港商野村,1560,9,308,-299,0.52,13,sell
8/06,2887,台新-台南,0039004200310036,328,6,322,0.56,14,buy
8/06,2887,富邦證券,9600,142,433,-291,0.5,14,sell
8/06,2887,群益金鼎-彰化,9187,286,0,286,0.49,15,buy
8/06,2887,元大-和平,9863,1,241,-240,0.41,15,sell
8/06,2890,美商高盛,1480,2054,810,1244,7.78,1,buy
8/06,2890,凱基,9200,5,1826,-1821,11.38,1,sell
8/06,2890,美林,1440,1284,301,983,6.15,2,buy
8/06,2890,摩根大通,8440,854,2096,-1242,7.76,2,sell
8/06,2890,港商野村,1560,414,0,414,2.59,3,buy
8/06,2890,凱基-台北,9268,431,1386,-955,5.97,3,sell
8/06,2890,香港上海匯豐,8960,217,0,217,1.36,4,buy
8/06,2890,第一金-高雄,5383,2,607,-605,3.78,4,sell
8/06,2890,大和國泰,8890,179,0,179,1.12,5,buy
8/06,2890,元大證券,9800,128,700,-572,3.58,5,sell
8/06,2890,第一金-忠孝,0035003300380044,153,6,147,0.92,6,buy
8/06,2890,港商麥格理,1360,38,572,-534,3.34,6,sell
8/06,2890,永豐金-台南,0039004100390068,172,27,145,0.91,7,buy
8/06,2890,花旗環球,1590,961,1386,-425,2.66,7,sell
8/06,2890,國泰-敦南,8888,158,16,142,0.89,8,buy
8/06,2890,華南永昌-頭份,9343,0,400,-400,2.5,8,sell
8/06,2890,富邦-仁愛,9676,133,2,131,0.82,9,buy
8/06,2890,群益金鼎,9100,28,343,-315,1.97,9,sell
8/06,2890,永豐金-板新,003900410039004a,127,12,115,0.72,10,buy
8/06,2890,台新-台北,0039004200320030,6,299,-293,1.83,10,sell
8/06,2890,富邦-花蓮,9621,102,0,102,0.64,11,buy
8/06,2890,國泰證券,8880,18,301,-283,1.77,11,sell
8/06,2890,台新,0039004200300030,102,1,101,0.63,12,buy
8/06,2890,法銀巴黎,8900,0,166,-166,1.04,12,sell
8/06,2890,兆豐-復興,0037003000300070,100,0,100,0.63,13,buy
8/06,2890,元大-四維,9831,3,150,-147,0.92,13,sell
8/06,2890,富邦證券,9600,88,0,88,0.55,14,buy
8/06,2890,兆豐-桃園,003700300030004d,2,149,-147,0.92,14,sell
8/06,2890,永豐金-鳳山,0039004100360031,202,117,85,0.53,15,buy
8/06,2890,統一,5850,72,127,-55,0.34,15,sell
8/06,5876,凱基-台北,9268,1701,845,856,10.64,1,buy
8/06,5876,凱基,9200,311,1443,-1132,14.07,1,sell
8/06,5876,摩根大通,8440,1263,736,527,6.55,2,buy
8/06,5876,台灣摩根士丹利,1470,362,988,-626,7.78,2,sell
8/06,5876,新加坡商瑞銀,1650,504,186,318,3.95,3,buy
8/06,5876,富邦證券,9600,1,355,-354,4.4,3,sell
8/06,5876,美商高盛,1480,637,371,266,3.31,4,buy
8/06,5876,群益金鼎-新竹,9186,0,350,-350,4.35,4,sell
8/06,5876,美林,1440,433,200,233,2.9,5,buy
8/06,5876,群益金鼎,9100,1,271,-270,3.36,5,sell
8/06,5876,群益金鼎-中港,9138,150,0,150,1.86,6,buy
8/06,5876,兆豐-公益,003700300030004a,2,208,-206,2.56,6,sell
8/06,5876,國泰-板橋,003800380038004b,133,7,126,1.57,7,buy
8/06,5876,元大證券,9800,108,264,-156,1.94,7,sell
8/06,5876,法銀巴黎,8900,115,0,115,1.43,8,buy
8/06,5876,台新-台北,0039004200320030,1,110,-109,1.35,8,sell
8/06,5876,新光,8560,89,24,65,0.81,9,buy
8/06,5876,光和-田中,6382,0,100,-100,1.24,9,sell
8/06,5876,群益金鼎-南京,0039003100380045,71,18,53,0.66,10,buy
8/06,5876,國泰-桃園,8885,0,90,-90,1.12,10,sell
8/06,5876,群益金鼎-中山,0039003100380048,50,0,50,0.62,11,buy
8/06,5876,永豐金證券,0039004100300030,59,149,-90,1.12,11,sell
8/06,5876,凱基-士林,9238,54,6,48,0.6,12,buy
8/06,5876,兆豐-員林,003700300030006b,0,77,-77,0.96,12,sell
8/06,5876,玉山-景美,8849,50,3,47,0.58,13,buy
8/06,5876,華南永昌-中正,9359,35,108,-73,0.91,13,sell
8/06,5876,中國信託,6160,46,2,44,0.55,14,buy
8/06,5876,花旗環球,1590,259,312,-53,0.66,14,sell
8/06,5876,華南永昌,9300,48,5,43,0.53,15,buy
8/06,5876,富邦-陽明,9604,2,33,-31,0.39,15,sell
8/06,1216,凱基,9200,3344,880,2464,11.05,1,buy
8/06,1216,台新,0039004200300030,61,5503,-5442,24.4,1,sell
8/06,1216,新加坡商瑞銀,1650,3422,1066,2356,10.56,2,buy
8/06,1216,花旗環球,1590,918,2748,-1830,8.2,2,sell
8/06,1216,摩根大通,8440,1895,499,1396,6.26,3,buy
8/06,1216,台灣摩根士丹利,1470,2815,4485,-1670,7.49,3,sell
8/06,1216,美商高盛,1480,2084,857,1227,5.5,4,buy
8/06,1216,臺銀,1040,25,1211,-1186,5.32,4,sell
8/06,1216,凱基-台北,9268,2017,1135,882,3.95,5,buy
8/06,1216,港商麥格理,1360,27,984,-957,4.29,5,sell
8/06,1216,元大證券,9800,713,303,410,1.84,6,buy
8/06,1216,永豐金證券,0039004100300030,37,446,-409,1.83,6,sell
8/06,1216,美林,1440,449,133,316,1.42,7,buy
8/06,1216,國票-台南,0037003700390044,0,85,-85,0.38,7,sell
8/06,1216,美好-中壢,5266,165,1,164,0.74,8,buy
8/06,1216,華南永昌,9300,11,83,-72,0.32,8,sell
8/06,1216,大和國泰,8890,157,0,157,0.7,9,buy
8/06,1216,富邦證券,9600,6,70,-64,0.29,9,sell
8/06,1216,永豐金-桃盛,003900410039004e,100,0,100,0.45,10,buy
8/06,1216,統一-屏東,5859,7,55,-48,0.22,10,sell
8/06,1216,元大-大益,9814,93,1,92,0.41,11,buy
8/06,1216,兆豐證券,7000,1,36,-35,0.16,11,sell
8/06,1216,國泰-敦南,8888,125,43,82,0.37,12,buy
8/06,1216,亞東-板橋,2181,21,53,-32,0.14,12,sell
8/06,1216,台新-基隆,0039004200320053,71,0,71,0.32,13,buy
8/06,1216,兆豐-新莊,0037003000300077,0,30,-30,0.13,13,sell
8/06,1216,富邦-桃園,9665,63,0,63,0.28,14,buy
8/06,1216,群益金鼎-東大,9135,1,21,-20,0.09,14,sell
8/06,1216,臺銀-臺中,0031003000340041,67,5,62,0.28,15,buy
8/06,1216,富邦-陽明,9604,5,22,-17,0.08,15,sell
8/06,6505,永豐金-匯立,0039004100380031,1371,145,1226,8.89,1,buy
8/06,6505,永豐金-中和,0039004100390042,9,1310,-1301,9.43,1,sell
8/06,6505,香港上海匯豐,8960,1094,0,1094,7.93,2,buy
8/06,6505,台灣摩根士丹利,1470,379,1159,-780,5.66,2,sell
8/06,6505,美商高盛,1480,913,414,499,3.62,3,buy
8/06,6505,摩根大通,8440,188,721,-533,3.86,3,sell
8/06,6505,凱基-台北,9268,1576,1259,317,2.3,4,buy
8/06,6505,花旗環球,1590,342,627,-285,2.07,4,sell
8/06,6505,港商野村,1560,210,0,210,1.52,5,buy
8/06,6505,凱基-台南,9211,22,305,-283,2.05,5,sell
8/06,6505,大和國泰,8890,116,0,116,0.84,6,buy
8/06,6505,新加坡商瑞銀,1650,185,457,-272,1.97,6,sell
8/06,6505,中國信託-忠孝,6162,375,272,103,0.75,7,buy
8/06,6505,華南永昌-忠孝,9325,154,359,-205,1.49,7,sell
8/06,6505,法銀巴黎,8900,98,0,98,0.71,8,buy
8/06,6505,華南永昌,9300,50,214,-164,1.19,8,sell
8/06,6505,群益金鼎-中港,9138,93,1,92,0.67,9,buy
8/06,6505,富邦-建國,9658,6,140,-134,0.97,9,sell
8/06,6505,永豐金-新店,0039004100390069,71,1,70,0.51,10,buy
8/06,6505,國泰-新莊,8886,13,145,-132,0.96,10,sell
8/06,6505,美林,1440,173,103,70,0.51,11,buy
8/06,6505,永豐金-敦北,0039004100380039,0,100,-100,0.73,11,sell
8/06,6505,第一金-光復,0035003300380043,56,1,55,0.4,12,buy
8/06,6505,永豐金-豐原,0039004100390051,2,84,-82,0.59,12,sell
8/06,6505,統一-內湖,0035003800350062,47,0,47,0.34,13,buy
8/06,6505,中國信託,6160,14,82,-68,0.49,13,sell
8/06,6505,元大-中壢,9834,57,16,41,0.3,14,buy
8/06,6505,凱基-文心,9297,0,56,-56,0.41,14,sell
8/06,6505,合庫證券,1020,42,1,41,0.3,15,buy
8/06,6505,元大證券,9800,910,960,-50,0.36,15,sell
8/06,0050,元大證券,9800,21690,7602,14088,17.85,1,buy
8/06,0050,永豐金證券,0039004100300030,5678,18131,-12453,15.78,1,sell
8/06,0050,台灣摩根士丹利,1470,5156,458,4698,5.95,2,buy
8/06,0050,富邦證券,9600,2045,9065,-7020,8.89,2,sell
8/06,0050,國泰證券,8880,2880,525,2355,2.98,3,buy
8/06,0050,凱基,9200,264,5194,-4930,6.25,3,sell
8/06,0050,統一,5850,1505,505,1000,1.27,4,buy
8/06,0050,凱基-台北,9268,1156,3382,-2226,2.82,4,sell
8/06,0050,中國信託,6160,1602,760,842,1.07,5,buy
8/06,0050,摩根大通,8440,40,2220,-2180,2.76,5,sell
8/06,0050,國泰-敦南,8888,2495,1813,682,0.86,6,buy
8/06,0050,港商野村,1560,0,1183,-1183,1.5,6,sell
8/06,0050,新百王,6210,344,8,336,0.43,7,buy
8/06,0050,兆豐-高雄,003700300030005a,14,891,-877,1.11,7,sell
8/06,0050,元大-中崙,9813,310,49,261,0.33,8,buy
8/06,0050,台新-同大,0039004200320050,32,408,-376,0.48,8,sell
8/06,0050,國票-敦北法人,0037003700390063,211,16,195,0.25,9,buy
8/06,0050,第一金,5380,59,344,-285,0.36,9,sell
8/06,0050,富邦-板橋,9655,299,107,192,0.24,10,buy
8/06,0050,宏遠-高雄,0031003200360051,1,283,-282,0.36,10,sell
8/06,0050,元大-中壢,9834,296,105,191,0.24,11,buy
8/06,0050,新加坡商瑞銀,1650,1038,1249,-211,0.27,11,sell
8/06,0050,富邦-新店,9661,285,99,186,0.24,12,buy
8/06,0050,群益金鼎-敦南,9101,33,228,-195,0.25,12,sell
8/06,0050,元大-忠孝,9871,217,43,174,0.22,13,buy
8/06,0050,兆豐-民生,0037003000300063,20,213,-193,0.24,13,sell
8/06,0050,群益金鼎-天母,0039003100380050,177,5,172,0.22,14,buy
8/06,0050,永豐金-竹科,0039004100390058,85,243,-158,0.2,14,sell
8/06,0050,元大-林園,003900380031004b,151,3,148,0.19,15,buy
8/06,0050,新光,8560,450,589,-139,0.18,15,sell
8/06,0056,元大證券,9800,5624,796,4828,22.04,1,buy
8/06,0056,凱基-台北,9268,946,5169,-4223,19.27,1,sell
8/06,0056,富邦證券,9600,1185,19,1166,5.32,2,buy
8/06,0056,國泰-敦南,8888,544,1054,-510,2.33,2,sell
8/06,0056,台灣摩根士丹利,1470,1105,53,1052,4.8,3,buy
8/06,0056,陽信,8710,0,501,-501,2.29,3,sell
8/06,0056,國泰證券,8880,858,16,842,3.84,4,buy
8/06,0056,新加坡商瑞銀,1650,735,1044,-309,1.41,4,sell
8/06,0056,永豐金證券,0039004100300030,1205,661,544,2.48,5,buy
8/06,0056,元大-清水,0039003800300065,7,215,-208,0.95,5,sell
8/06,0056,元大-花蓮,9856,527,271,256,1.17,6,buy
8/06,0056,中國信託,6160,221,414,-193,0.88,6,sell
8/06,0056,兆豐-三重,7008,206,4,202,0.92,7,buy
8/06,0056,元大-新莊,9898,10,191,-181,0.83,7,sell
8/06,0056,永豐金-中正,0039004100390055,157,8,149,0.68,8,buy
8/06,0056,凱基-土城,003900320031004a,0,155,-155,0.71,8,sell
8/06,0056,華南永昌-東勢,9358,103,1,102,0.47,9,buy
8/06,0056,玉山-雙和,8841,19,164,-145,0.66,9,sell
8/06,0056,兆豐-忠孝,0037003000300061,105,3,102,0.47,10,buy
8/06,0056,元大-淡水,9899,28,156,-128,0.58,10,sell
8/06,0056,元大-館前,003900380034004b,79,1,78,0.36,11,buy
8/06,0056,元大-鹿港,0039003800390053,22,111,-89,0.41,11,sell
8/06,0056,台新,0039004200300030,210,135,75,0.34,12,buy
8/06,0056,富邦-樹林,0039003600320045,18,102,-84,0.38,12,sell
8/06,0056,凱基,9200,81,10,71,0.32,13,buy
8/06,0056,凱基-雙和,0039003200300043,1,85,-84,0.38,13,sell
8/06,0056,聯邦-雙和,8584,69,0,69,0.31,14,buy
8/06,0056,元大-內湖,003900380039004e,24,104,-80,0.37,14,sell
8/06,0056,富邦-台南,9667,108,42,66,0.3,15,buy
8/06,0056,國泰-館前,0038003800380041,76,155,-79,0.36,15,sell
8/06,6770,台灣摩根士丹利,1470,25906,8341,17565,3.96,1,buy
8/06,6770,富邦證券,9600,4839,24750,-19911,4.48,1,sell
8/06,6770,摩根大通,8440,21757,10339,11418,2.57,2,buy
8/06,6770,美商高盛,1480,10757,23462,-12705,2.86,2,sell
8/06,6770,新加坡商瑞銀,1650,11777,4552,7225,1.63,3,buy
8/06,6770,凱基-城中,9227,185,11512,-11327,2.55,3,sell
8/06,6770,美林,1440,10144,5139,5005,1.13,4,buy
8/06,6770,凱基-台北,9268,52470,61471,-9001,2.03,4,sell
8/06,6770,元大證券,9800,42162,37949,4213,0.95,5,buy
8/06,6770,統一-城中,5854,200,7362,-7162,1.61,5,sell
8/06,6770,花旗環球,1590,4542,347,4195,0.94,6,buy
8/06,6770,統一,5850,1223,8007,-6784,1.53,6,sell
8/06,6770,港商野村,1560,3408,377,3031,0.68,7,buy
8/06,6770,國票-敦北法人,0037003700390063,772,7419,-6647,1.5,7,sell
8/06,6770,國泰-敦南,8888,15720,13908,1812,0.41,8,buy
8/06,6770,國票-安和,003700370039005a,762,5933,-5171,1.16,8,sell
8/06,6770,台新,0039004200300030,3054,1833,1221,0.27,9,buy
8/06,6770,富邦-南屯,9666,656,3611,-2955,0.67,9,sell
8/06,6770,法銀巴黎,8900,866,35,831,0.19,10,buy
8/06,6770,群益金鼎,9100,5763,7555,-1792,0.4,10,sell
8/06,6770,凱基-中壢,9285,979,327,652,0.15,11,buy
8/06,6770,群益金鼎-館前,0039003100330059,711,2293,-1582,0.36,11,sell
8/06,6770,永豐金-羅東,0039004100390041,852,256,596,0.13,12,buy
8/06,6770,永豐金-豐原,0039004100390051,120,1229,-1109,0.25,12,sell
8/06,6770,美好-富順,003500320036004b,762,231,531,0.12,13,buy
8/06,6770,康和,8450,160,1036,-876,0.2,13,sell
8/06,6770,中國信託,6160,1684,1217,467,0.11,14,buy
8/06,6770,新光-台南,8564,587,1379,-792,0.18,14,sell
8/06,6770,玉山證券,8840,895,444,451,0.1,15,buy
8/06,6770,凱基-彰化,0039003200300047,268,827,-559,0.13,15,sell
8/06,2834,台新-城東,0039004200320072,6555,0,6555,16.76,1,buy
8/06,2834,美商高盛,1480,226,6577,-6351,16.24,1,sell
8/06,2834,港商野村,1560,1790,498,1292,3.3,2,buy
8/06,2834,台灣摩根士丹利,1470,208,5026,-4818,12.32,2,sell
8/06,2834,(牛牛牛)亞-鑫豐,0036003000310064,1171,12,1159,2.96,3,buy
8/06,2834,凱基-台北,9268,969,5045,-4076,10.42,3,sell
8/06,2834,國泰-敦南,8888,785,52,733,1.87,4,buy
8/06,2834,新加坡商瑞銀,1650,1240,4803,-3563,9.11,4,sell
8/06,2834,第一金-光復,0035003300380043,542,20,522,1.33,5,buy
8/06,2834,摩根大通,8440,991,4238,-3247,8.3,5,sell
8/06,2834,合庫-彰化,1028,512,0,512,1.31,6,buy
8/06,2834,元大證券,9800,1182,3103,-1921,4.91,6,sell
8/06,2834,福邦-新竹,6489,499,0,499,1.28,7,buy
8/06,2834,國泰-板橋,003800380038004b,340,1049,-709,1.81,7,sell
8/06,2834,富邦-虎尾,9697,492,2,490,1.25,8,buy
8/06,2834,法銀巴黎,8900,0,421,-421,1.08,8,sell
8/06,2834,富邦-新營,9693,372,0,372,0.95,9,buy
8/06,2834,第一金-新興,0035003300380041,9,391,-382,0.98,9,sell
8/06,2834,臺銀-臺中,0031003000340041,373,6,367,0.94,10,buy
8/06,2834,港商麥格理,1360,47,423,-376,0.96,10,sell
8/06,2834,新光,8560,351,21,330,0.84,11,buy
8/06,2834,富邦-敦南,9663,23,313,-290,0.74,11,sell
8/06,2834,永豐金-鳳山,0039004100360031,304,0,304,0.78,12,buy
8/06,2834,兆豐-麻豆,0037003000300047,1,290,-289,0.74,12,sell
8/06,2834,永豐金-板盛,0039004100390059,316,14,302,0.77,13,buy
8/06,2834,玉山-高雄,8843,102,350,-248,0.63,13,sell
8/06,2834,永豐金-台南,0039004100390068,299,1,298,0.76,14,buy
8/06,2834,元大-羅東,0039003800320041,86,316,-230,0.59,14,sell
8/06,2834,國泰-館前,0038003800380041,298,32,266,0.68,15,buy
8/06,2834,華南永昌-世貿,9334,31,251,-220,0.56,15,sell
8/06,1314,美商高盛,1480,979,314,665,3.46,1,buy
8/06,1314,台新-虎尾,003900420032004e,15,1997,-1982,10.31,1,sell
8/06,1314,國泰-台中,8882,378,40,338,1.76,2,buy
8/06,1314,摩根大通,8440,1533,2896,-1363,7.09,2,sell
8/06,1314,玉山-新莊,8842,296,2,294,1.53,3,buy
8/06,1314,凱基-台北,9268,1286,2004,-718,3.73,3,sell
8/06,1314,凱基-板橋,0039003200300041,299,15,284,1.48,4,buy
8/06,1314,美林,1440,231,680,-449,2.33,4,sell
8/06,1314,新光-高雄,8562,280,15,265,1.38,5,buy
8/06,1314,新加坡商瑞銀,1650,65,477,-412,2.14,5,sell
8/06,1314,國泰-桃園,8885,286,65,221,1.15,6,buy
8/06,1314,元大證券,9800,624,993,-369,1.92,6,sell
8/06,1314,新光-新竹,8563,208,20,188,0.98,7,buy
8/06,1314,元大-金華,9878,12,251,-239,1.24,7,sell
8/06,1314,元大-草屯,0039003800390045,195,20,175,0.91,8,buy
8/06,1314,凱基-岡山,9209,3,238,-235,1.22,8,sell
8/06,1314,國泰-敦南,8888,400,231,169,0.88,9,buy
8/06,1314,元大-路竹,0039003800310043,3,201,-198,1.03,9,sell
8/06,1314,元大-福營,0039003800310046,143,1,142,0.74,10,buy
8/06,1314,群益金鼎-板橋,0039003100380042,1,190,-189,0.98,10,sell
8/06,1314,富邦-陽明,9604,136,2,134,0.7,11,buy
8/06,1314,凱基-中山,9229,25,184,-159,0.83,11,sell
8/06,1314,永豐金-板新,003900410039004a,130,2,128,0.67,12,buy
8/06,1314,元大-屏東民生,0039003800310068,11,169,-158,0.82,12,sell
8/06,1314,聯邦-高雄,8581,125,1,124,0.64,13,buy
8/06,1314,永豐金-市政,0039004100390057,5,146,-141,0.73,13,sell
8/06,1314,華南永昌-板橋,9349,120,3,117,0.61,14,buy
8/06,1314,台新-左楠,0039004200310064,0,135,-135,0.7,14,sell
8/06,1314,元大-新營,9825,119,5,114,0.59,15,buy
8/06,1314,群益金鼎,9100,22,140,-118,0.61,15,sell
8/06,1303,新加坡商瑞銀,1650,2964,989,1975,3.41,1,buy
8/06,1303,凱基-台北,9268,3378,4356,-978,1.69,1,sell
8/06,1303,美林,1440,1288,363,925,1.6,2,buy
8/06,1303,國票-安和,003700370039005a,549,1083,-534,0.92,2,sell
8/06,1303,統一,5850,845,331,514,0.89,3,buy
8/06,1303,花旗環球,1590,144,643,-499,0.86,3,sell
8/06,1303,台灣摩根士丹利,1470,2338,1907,431,0.74,4,buy
8/06,1303,第一金-高雄,5383,33,393,-360,0.62,4,sell
8/06,1303,凱基-城中,9227,676,279,397,0.68,5,buy
8/06,1303,港商麥格理,1360,20,340,-320,0.55,5,sell
8/06,1303,台新-新店,0039004200320032,894,527,367,0.63,6,buy
8/06,1303,永豐金證券,0039004100300030,412,724,-312,0.54,6,sell
8/06,1303,華南永昌,9300,445,85,360,0.62,7,buy
8/06,1303,美商高盛,1480,2402,2636,-234,0.4,7,sell
8/06,1303,港商野村,1560,339,45,294,0.51,8,buy
8/06,1303,富邦-南屯,9666,14,220,-206,0.36,8,sell
8/06,1303,台新-台北,0039004200320030,259,33,226,0.39,9,buy
8/06,1303,元大-信義,003900380039006d,25,202,-177,0.31,9,sell
8/06,1303,凱基,9200,304,86,218,0.38,10,buy
8/06,1303,群益金鼎-館前,0039003100330059,33,192,-159,0.27,10,sell
8/06,1303,永豐金-匯立,0039004100380031,161,0,161,0.28,11,buy
8/06,1303,國泰-敦南,8888,1501,1659,-158,0.27,11,sell
8/06,1303,國票-博愛,003700370039007a,262,134,128,0.22,12,buy
8/06,1303,元大-天母,0039003800310049,26,183,-157,0.27,12,sell
8/06,1303,統一-竹南,003500380035006d,136,27,109,0.19,13,buy
8/06,1303,新光,8560,413,538,-125,0.22,13,sell
8/06,1303,合庫-桃園,0031003000320045,159,52,107,0.18,14,buy
8/06,1303,元大證券,9800,5742,5858,-116,0.2,14,sell
8/06,1303,元大-古亭,003900380039006b,119,16,103,0.18,15,buy
8/06,1303,元大-松江,9801,2411,2524,-113,0.19,15,sell
8/06,4904,永豐金證券,0039004100300030,958,59,899,17.77,1,buy
8/06,4904,摩根大通,8440,55,1017,-962,19.01,1,sell
8/06,4904,永豐金-匯立,0039004100380031,608,0,608,12.02,2,buy
8/06,4904,台新-城東,0039004200320072,0,550,-550,10.87,2,sell
8/06,4904,新光,8560,385,79,306,6.05,3,buy
8/06,4904,凱基,9200,0,407,-407,8.04,3,sell
8/06,4904,花旗環球,1590,360,56,304,6.01,4,buy
8/06,4904,華南永昌,9300,0,400,-400,7.91,4,sell
8/06,4904,美林,1440,276,0,276,5.45,5,buy
8/06,4904,台灣摩根士丹利,1470,126,292,-166,3.28,5,sell
8/06,4904,亞東-台南,2185,163,2,161,3.18,6,buy
8/06,4904,元大證券,9800,170,299,-129,2.55,6,sell
8/06,4904,美商高盛,1480,275,201,74,1.46,7,buy
8/06,4904,新加坡商瑞銀,1650,507,588,-81,1.6,7,sell
8/06,4904,華南永昌-頭份,9343,60,0,60,1.19,8,buy
8/06,4904,永豐金-永康,0039004100390063,69,110,-41,0.81,8,sell
8/06,4904,亞東,2180,50,0,50,0.99,9,buy
8/06,4904,富邦證券,9600,2,39,-37,0.73,9,sell
8/06,4904,香港上海匯豐,8960,33,0,33,0.65,10,buy
8/06,4904,凱基-台北,9268,219,253,-34,0.67,10,sell
8/06,4904,大和國泰,8890,32,0,32,0.63,11,buy
8/06,4904,台新-三民,0039004200310033,26,60,-34,0.67,11,sell
8/06,4904,港商麥格理,1360,30,0,30,0.59,12,buy
8/06,4904,(牛牛牛)亞-鑫豐,0036003000310064,70,95,-25,0.49,12,sell
8/06,4904,凱基-鳳山,9274,29,0,29,0.57,13,buy
8/06,4904,中國信託,6160,1,26,-25,0.49,13,sell
8/06,4904,國泰-敦南,8888,43,15,28,0.55,14,buy
8/06,4904,兆豐證券,7000,0,17,-17,0.34,14,sell
8/06,4904,玉山-大里,003800380034004a,20,0,20,0.4,15,buy
8/06,4904,元大-新竹,9816,0,10,-10,0.2,15,sell
8/06,2027,台灣摩根士丹利,1470,4821,48,4773,12.05,1,buy
8/06,2027,第一金,5380,183,1659,-1476,3.73,1,sell
8/06,2027,摩根大通,8440,3815,747,3068,7.74,2,buy
8/06,2027,永豐金-台南,0039004100390068,24,1198,-1174,2.96,2,sell
8/06,2027,凱基-台北,9268,4357,1894,2463,6.22,3,buy
8/06,2027,陽信-台南,8714,0,438,-438,1.11,3,sell
8/06,2027,美商高盛,1480,2222,389,1833,4.63,4,buy
8/06,2027,宏遠-台中,003100320036004c,0,400,-400,1.01,4,sell
8/06,2027,富邦證券,9600,1391,59,1332,3.36,5,buy
8/06,2027,富邦-港都,0039003600320051,5,332,-327,0.83,5,sell
8/06,2027,凱基,9200,1291,16,1275,3.22,6,buy
8/06,2027,兆豐-台南,7006,34,318,-284,0.72,6,sell
8/06,2027,新加坡商瑞銀,1650,1158,32,1126,2.84,7,buy
8/06,2027,國泰-敦南,8888,193,444,-251,0.63,7,sell
8/06,2027,花旗環球,1590,1123,99,1024,2.58,8,buy
8/06,2027,富邦-台南,9667,84,334,-250,0.63,8,sell
8/06,2027,元大證券,9800,3166,2368,798,2.01,9,buy
8/06,2027,兆豐-松德,0037003000300069,0,207,-207,0.52,9,sell
8/06,2027,新光,8560,863,225,638,1.61,10,buy
8/06,2027,凱基-新豐,9266,5,209,-204,0.51,10,sell
8/06,2027,元大-中壢,9834,525,30,495,1.25,11,buy
8/06,2027,合庫-台南,1022,2,203,-201,0.51,11,sell
8/06,2027,台新-台北,0039004200320030,338,6,332,0.84,12,buy
8/06,2027,國泰證券,8880,457,656,-199,0.5,12,sell
8/06,2027,華南永昌,9300,428,148,280,0.71,13,buy
8/06,2027,元大-土城永寧,9875,0,194,-194,0.49,13,sell
8/06,2027,玉山證券,8840,245,43,202,0.51,14,buy
8/06,2027,元大-崇德,0039003800310053,4,188,-184,0.46,14,sell
8/06,2027,群益金鼎,9100,1049,859,190,0.48,15,buy
8/06,2027,華南永昌-東昇,9386,13,195,-182,0.46,15,sell
8/06,6147,永豐金證券,0039004100300030,423,64,359,1.25,1,buy
8/06,6147,美林,1440,63,2142,-2079,7.21,1,sell
8/06,6147,群益金鼎,9100,589,238,351,1.22,2,buy
8/06,6147,台灣摩根士丹利,1470,1188,2584,-1396,4.84,2,sell
8/06,6147,群益金鼎-民權,9131,349,28,321,1.11,3,buy
8/06,6147,摩根大通,8440,485,1787,-1302,4.52,3,sell
8/06,6147,統一,5850,568,257,311,1.08,4,buy
8/06,6147,元大證券,9800,2895,3714,-819,2.84,4,sell
8/06,6147,國泰-敦南,8888,645,382,263,0.91,5,buy
8/06,6147,美商高盛,1480,529,1340,-811,2.81,5,sell
8/06,6147,永豐金-信義,0039004100390052,275,12,263,0.91,6,buy
8/06,6147,凱基,9200,38,550,-512,1.78,6,sell
8/06,6147,新光,8560,317,75,242,0.84,7,buy
8/06,6147,凱基-城中,9227,116,575,-459,1.59,7,sell
8/06,6147,永豐金-匯立,0039004100380031,242,0,242,0.84,8,buy
8/06,6147,富邦證券,9600,202,615,-413,1.43,8,sell
8/06,6147,康和,8450,259,44,215,0.75,9,buy
8/06,6147,國泰-高雄,8881,90,338,-248,0.86,9,sell
8/06,6147,富邦-建國,9658,195,18,177,0.61,10,buy
8/06,6147,國泰證券,8880,31,241,-210,0.73,10,sell
8/06,6147,台新-同大,0039004200320050,172,5,167,0.58,11,buy
8/06,6147,香港上海匯豐,8960,14,220,-206,0.71,11,sell
8/06,6147,新加坡商瑞銀,1650,701,567,134,0.46,12,buy
8/06,6147,中國信託,6160,167,367,-200,0.69,12,sell
8/06,6147,新光-新竹,8563,141,23,118,0.41,13,buy
8/06,6147,元大-士林,003900380031006a,37,212,-175,0.61,13,sell
8/06,6147,台新,0039004200300030,189,78,111,0.39,14,buy
8/06,6147,富邦-嘉義,9692,35,205,-170,0.59,14,sell
8/06,6147,元大-竹北,0039003800310042,120,16,104,0.36,15,buy
8/06,6147,港商野村,1560,245,379,-134,0.46,15,sell
8/06,2353,摩根大通,8440,754,180,574,4.14,1,buy
8/06,2353,台灣摩根士丹利,1470,171,2309,-2138,15.41,1,sell
8/06,2353,永豐金-南京,0039004100390053,502,0,502,3.62,2,buy
8/06,2353,凱基-台北,9268,610,1404,-794,5.72,2,sell
8/06,2353,國泰-桃園,8885,759,320,439,3.16,3,buy
8/06,2353,新加坡商瑞銀,1650,246,850,-604,4.35,3,sell
8/06,2353,康和-永和,0038003400350042,207,0,207,1.49,4,buy
8/06,2353,凱基,9200,1,276,-275,1.98,4,sell
8/06,2353,元大-新莊,9898,215,10,205,1.48,5,buy
8/06,2353,法銀巴黎,8900,30,284,-254,1.83,5,sell
8/06,2353,富邦-建國,9658,139,5,134,0.97,6,buy
8/06,2353,元大證券,9800,806,1041,-235,1.69,6,sell
8/06,2353,元大-東泰,9817,145,12,133,0.96,7,buy
8/06,2353,永豐金證券,0039004100300030,31,237,-206,1.48,7,sell
8/06,2353,統一-新營,0035003800350045,117,2,115,0.83,8,buy
8/06,2353,群益金鼎-松山,9103,5,205,-200,1.44,8,sell
8/06,2353,富邦-台中,003900360035004b,112,0,112,0.81,9,buy
8/06,2353,元大-博愛,0039003800320042,31,222,-191,1.38,9,sell
8/06,2353,臺銀-臺中,0031003000340041,106,2,104,0.75,10,buy
8/06,2353,華南永昌-中正,9359,2,165,-163,1.17,10,sell
8/06,2353,群益金鼎,9100,157,54,103,0.74,11,buy
8/06,2353,玉山-高雄,8843,28,136,-108,0.78,11,sell
8/06,2353,中國信託-嘉義,6168,103,0,103,0.74,12,buy
8/06,2353,合庫-西台中,0031003000320046,0,100,-100,0.72,12,sell
8/06,2353,統一-台中,5856,97,5,92,0.66,13,buy
8/06,2353,美商高盛,1480,683,773,-90,0.65,13,sell
8/06,2353,花旗環球,1590,242,159,83,0.6,14,buy
8/06,2353,富邦-竹科,0039003600320043,16,103,-87,0.63,14,sell
8/06,2353,台新-中港,0039004200320069,83,1,82,0.59,15,buy
8/06,2353,第一金-路竹,0035003300380050,27,105,-78,0.56,15,sell
8/06,2356,美林,1440,1699,48,1651,9.16,1,buy
8/06,2356,港商麥格理,1360,21,1367,-1346,7.47,1,sell
8/06,2356,台灣摩根士丹利,1470,1157,353,804,4.46,2,buy
8/06,2356,康和,8450,0,480,-480,2.66,2,sell
8/06,2356,凱基-台北,9268,1814,1196,618,3.43,3,buy
8/06,2356,香港上海匯豐,8960,30,439,-409,2.27,3,sell
8/06,2356,摩根大通,8440,1350,733,617,3.42,4,buy
8/06,2356,美商高盛,1480,602,951,-349,1.94,4,sell
8/06,2356,兆豐證券,7000,582,4,578,3.21,5,buy
8/06,2356,中國信託-高雄,003600310036004b,20,165,-145,0.8,5,sell
8/06,2356,花旗環球,1590,477,233,244,1.35,6,buy
8/06,2356,新加坡商瑞銀,1650,315,457,-142,0.79,6,sell
8/06,2356,華南永昌-林口,9317,201,1,200,1.11,7,buy
8/06,2356,群益金鼎-古亭,0039003100380043,29,124,-95,0.53,7,sell
8/06,2356,元大-長庚,0039003800380056,101,4,97,0.54,8,buy
8/06,2356,永豐金證券,0039004100300030,114,203,-89,0.49,8,sell
8/06,2356,法銀巴黎,8900,84,5,79,0.44,9,buy
8/06,2356,華南永昌-潮州,9328,3,83,-80,0.44,9,sell
8/06,2356,元大證券,9800,1351,1283,68,0.38,10,buy
8/06,2356,國泰-敦南,8888,305,370,-65,0.36,10,sell
8/06,2356,第一金-新竹,0035003300380042,62,3,59,0.33,11,buy
8/06,2356,新光-台中,8561,35,99,-64,0.36,11,sell
8/06,2356,群益金鼎-民權,9131,57,2,55,0.31,12,buy
8/06,2356,合庫-嘉義,1024,4,65,-61,0.34,12,sell
8/06,2356,台新-五權西,0039004200320035,51,4,47,0.26,13,buy
8/06,2356,兆豐-忠孝,0037003000300061,6,63,-57,0.32,13,sell
8/06,2356,玉山-信義,0038003800340043,46,0,46,0.26,14,buy
8/06,2356,台新-彰化,003900420032004d,16,72,-56,0.31,14,sell
8/06,2356,凱基-科園,9254,44,1,43,0.24,15,buy
8/06,2356,凱基-桃園,9208,9,61,-52,0.29,15,sell
8/06,2801,美林,1440,1533,0,1533,4.18,1,buy
8/06,2801,凱基-台北,9268,1741,5553,-3812,10.39,1,sell
8/06,2801,臺銀-臺南,1042,1377,5,1372,3.74,2,buy
8/06,2801,兆豐證券,7000,1,3492,-3491,9.51,2,sell
8/06,2801,美商高盛,1480,3003,1933,1070,2.92,3,buy
8/06,2801,宏遠證券,1260,0,3201,-3201,8.72,3,sell
8/06,2801,富邦-陽明,9604,1300,644,656,1.79,4,buy
8/06,2801,摩根大通,8440,783,3331,-2548,6.94,4,sell
8/06,2801,凱基-市府,0039003200300044,604,0,604,1.65,5,buy
8/06,2801,台灣摩根士丹利,1470,1017,3389,-2372,6.46,5,sell
8/06,2801,第一金-光復,0035003300380043,601,1,600,1.64,6,buy
8/06,2801,統一,5850,11,2164,-2153,5.87,6,sell
8/06,2801,永豐金-台南,0039004100390068,573,21,552,1.5,7,buy
8/06,2801,中國信託,6160,102,1033,-931,2.54,7,sell
8/06,2801,國泰-敦南,8888,572,64,508,1.38,8,buy
8/06,2801,富邦證券,9600,295,1000,-705,1.92,8,sell
8/06,2801,台新-西松,003900420032006e,508,6,502,1.37,9,buy
8/06,2801,國泰證券,8880,15,650,-635,1.73,9,sell
8/06,2801,國泰-桃園,8885,445,59,386,1.05,10,buy
8/06,2801,新加坡商瑞銀,1650,540,1153,-613,1.67,10,sell
8/06,2801,新光-高雄,8562,324,4,320,0.87,11,buy
8/06,2801,群益金鼎,9100,19,603,-584,1.59,11,sell
8/06,2801,台灣企銀-太平,1115,302,0,302,0.82,12,buy
8/06,2801,永豐金-中和,0039004100390042,6,543,-537,1.46,12,sell
8/06,2801,元大-敦南,0039003800390050,301,0,301,0.82,13,buy
8/06,2801,第一金-新興,0035003300380041,64,580,-516,1.41,13,sell
8/06,2801,元大-和平,9863,304,7,297,0.81,14,buy
8/06,2801,聯邦證券,8580,4,391,-387,1.05,14,sell
8/06,2801,國泰-忠孝,8887,309,12,297,0.81,15,buy
8/06,2801,國泰-館前,0038003800380041,92,419,-327,0.89,15,sell
8/06,2880,富邦證券,9600,3161,5,3156,12.38,1,buy
8/06,2880,台灣摩根士丹利,1470,489,3926,-3437,13.48,1,sell
8/06,2880,第一金,5380,3000,1,2999,11.76,2,buy
8/06,2880,摩根大通,8440,519,3455,-2936,11.52,2,sell
8/06,2880,臺銀,1040,3000,2,2998,11.76,3,buy
8/06,2880,美林,1440,882,3579,-2697,10.58,3,sell
8/06,2880,凱基,9200,2135,16,2119,8.31,4,buy
8/06,2880,美商高盛,1480,172,2506,-2334,9.15,4,sell
8/06,2880,凱基-台北,9268,3365,1997,1368,5.37,5,buy
8/06,2880,永豐金證券,0039004100300030,58,974,-916,3.59,5,sell
8/06,2880,土銀,1030,1223,1,1222,4.79,6,buy
8/06,2880,元大證券,9800,710,1359,-649,2.55,6,sell
8/06,2880,永豐金-萬盛,0039004100390032,225,0,225,0.88,7,buy
8/06,2880,新加坡商瑞銀,1650,615,930,-315,1.24,7,sell
8/06,2880,大和國泰,8890,198,0,198,0.78,8,buy
8/06,2880,富邦-南員林,0039003600310052,2,197,-195,0.76,8,sell
8/06,2880,元大-潮州,003900380031005a,197,7,190,0.75,9,buy
8/06,2880,華南永昌-忠孝,9325,13,156,-143,0.56,9,sell
8/06,2880,大昌-新竹,6463,98,1,97,0.38,10,buy
8/06,2880,凱基-內埔,9225,4,129,-125,0.49,10,sell
8/06,2880,台新-城東,0039004200320072,82,3,79,0.31,11,buy
8/06,2880,港商野村,1560,0,109,-109,0.43,11,sell
8/06,2880,港商麥格理,1360,73,0,73,0.29,12,buy
8/06,2880,花旗環球,1590,469,536,-67,0.26,12,sell
8/06,2880,富邦-樹林,0039003600320045,69,1,68,0.27,13,buy
8/06,2880,永豐金-彰化,0039004100390073,0,65,-65,0.25,13,sell
8/06,2880,國泰-松江,8883,51,1,50,0.2,14,buy
8/06,2880,凱基-信義,9216,0,60,-60,0.24,14,sell
8/06,2880,永全證券,6450,45,0,45,0.18,15,buy
8/06,2880,永豐金-板盛,0039004100390059,0,51,-51,0.2,15,sell
8/06,2449,美商高盛,1480,1348,775,573,3.84,1,buy
8/06,2449,富邦證券,9600,47,1571,-1524,10.2,1,sell
8/06,2449,凱基-台北,9268,1419,1067,352,2.36,2,buy
8/06,2449,凱基,9200,17,755,-738,4.94,2,sell
8/06,2449,永豐金-信義,0039004100390052,309,1,308,2.06,3,buy
8/06,2449,新加坡商瑞銀,1650,284,732,-448,3.0,3,sell
8/06,2449,港商野村,1560,311,15,296,1.98,4,buy
8/06,2449,香港上海匯豐,8960,18,455,-437,2.93,4,sell
8/06,2449,國泰-松江,8883,163,32,131,0.88,5,buy
8/06,2449,台灣摩根士丹利,1470,906,1299,-393,2.63,5,sell
8/06,2449,法銀巴黎,8900,124,0,124,0.83,6,buy
8/06,2449,摩根大通,8440,118,452,-334,2.24,6,sell
8/06,2449,台新-信義,0039004200320048,128,8,120,0.8,7,buy
8/06,2449,新光-新竹,8563,106,208,-102,0.68,7,sell
8/06,2449,大和國泰,8890,106,0,106,0.71,8,buy
8/06,2449,台新-台北,0039004200320030,7,107,-100,0.67,8,sell
8/06,2449,國票-敦北法人,0037003700390063,106,1,105,0.7,9,buy
8/06,2449,花旗環球,1590,139,221,-82,0.55,9,sell
8/06,2449,合庫-高雄,1023,107,6,101,0.68,10,buy
8/06,2449,統一,5850,47,107,-60,0.4,10,sell
8/06,2449,新光-台南,8564,104,10,94,0.63,11,buy
8/06,2449,玉山證券,8840,12,54,-42,0.28,11,sell
8/06,2449,新光,8560,151,61,90,0.6,12,buy
8/06,2449,大昌-新店,6464,7,46,-39,0.26,12,sell
8/06,2449,元大證券,9800,1683,1600,83,0.56,13,buy
8/06,2449,港商麥格理,1360,24,51,-27,0.18,13,sell
8/06,2449,永豐金-三重,003900410039004b,93,13,80,0.54,14,buy
8/06,2449,元大-士林,003900380031006a,26,50,-24,0.16,14,sell
8/06,2449,國票-安和,003700370039005a,75,4,71,0.48,15,buy
8/06,2449,富邦-永和,9654,10,34,-24,0.16,15,sell
8/06,2337,美商高盛,1480,11387,4944,6443,5.26,1,buy
8/06,2337,美林,1440,1518,5296,-3778,3.08,1,sell
8/06,2337,富邦證券,9600,7947,1901,6046,4.94,2,buy
8/06,2337,國泰-敦南,8888,2357,4457,-2100,1.71,2,sell
8/06,2337,凱基-信義,9216,5506,7,5499,4.49,3,buy
8/06,2337,新光,8560,494,1325,-831,0.68,3,sell
8/06,2337,凱基-台北,9268,13681,8245,5436,4.44,4,buy
8/06,2337,富邦-桃園,9665,117,873,-756,0.62,4,sell
8/06,2337,台灣摩根士丹利,1470,5805,459,5346,4.36,5,buy
8/06,2337,台新,0039004200300030,522,1180,-658,0.54,5,sell
8/06,2337,永豐金證券,0039004100300030,5698,595,5103,4.17,6,buy
8/06,2337,富邦-永和,9654,128,749,-621,0.51,6,sell
8/06,2337,新加坡商瑞銀,1650,3231,593,2638,2.15,7,buy
8/06,2337,國泰-台中,8882,513,1043,-530,0.43,7,sell
8/06,2337,統一,5850,2662,147,2515,2.05,8,buy
8/06,2337,富邦-高雄,9659,77,538,-461,0.38,8,sell
8/06,2337,元大證券,9800,13598,11504,2094,1.71,9,buy
8/06,2337,台新-五權西,0039004200320035,7,365,-358,0.29,9,sell
8/06,2337,統一-城中,5854,1476,57,1419,1.16,10,buy
8/06,2337,美好-富順,003500320036004b,10,352,-342,0.28,10,sell
8/06,2337,摩根大通,8440,3384,2050,1334,1.09,11,buy
8/06,2337,國泰-桃園,8885,236,577,-341,0.28,11,sell
8/06,2337,國票-安和,003700370039005a,1693,376,1317,1.08,12,buy
8/06,2337,國泰-板橋,003800380038004b,326,653,-327,0.27,12,sell
8/06,2337,國票-敦北法人,0037003700390063,1060,45,1015,0.83,13,buy
8/06,2337,國泰-松江,8883,93,403,-310,0.25,13,sell
8/06,2337,群益金鼎,9100,1446,809,637,0.52,14,buy
8/06,2337,台新-高雄,0039004200310067,140,417,-277,0.23,14,sell
8/06,2337,富邦-板橋,9655,956,365,591,0.48,15,buy
8/06,2337,新光-台中,8561,199,468,-269,0.22,15,sell
8/06,2892,台新,0039004200300030,11131,13,11118,21.91,1,buy
8/06,2892,台灣摩根士丹利,1470,1567,11955,-10388,20.48,1,sell
8/06,2892,摩根大通,8440,7217,2725,4492,8.85,2,buy
8/06,2892,美商高盛,1480,798,7993,-7195,14.18,2,sell
8/06,2892,土銀,1030,4451,0,4451,8.77,3,buy
8/06,2892,新加坡商瑞銀,1650,3590,6738,-3148,6.21,3,sell
8/06,2892,群益金鼎,9100,4056,3,4053,7.99,4,buy
8/06,2892,美林,1440,1751,4298,-2547,5.02,4,sell
8/06,2892,凱基,9200,3040,9,3031,5.97,5,buy
8/06,2892,國泰證券,8880,37,2401,-2364,4.66,5,sell
8/06,2892,香港上海匯豐,8960,1817,167,1650,3.25,6,buy
8/06,2892,港商野村,1560,0,1207,-1207,2.38,6,sell
8/06,2892,永豐金證券,0039004100300030,1067,393,674,1.33,7,buy
8/06,2892,元大證券,9800,406,1092,-686,1.35,7,sell
8/06,2892,第一金,5380,407,6,401,0.79,8,buy
8/06,2892,永豐金-台南,0039004100390068,1,506,-505,1.0,8,sell
8/06,2892,統一,5850,346,22,324,0.64,9,buy
8/06,2892,高橋-龍潭,5321,2,475,-473,0.93,9,sell
8/06,2892,永豐金-萬盛,0039004100390032,279,2,277,0.55,10,buy
8/06,2892,永豐金-亞灣,0039004100390061,3,304,-301,0.59,10,sell
8/06,2892,大和國泰,8890,241,0,241,0.48,11,buy
8/06,2892,華南永昌-斗六,9327,1,300,-299,0.59,11,sell
8/06,2892,凱基-台北,9268,3211,2981,230,0.45,12,buy
8/06,2892,富邦-南員林,0039003600310052,1,225,-224,0.44,12,sell
8/06,2892,台新-新店,0039004200320032,200,10,190,0.37,13,buy
8/06,2892,第一金-安和,003500330038006a,3,216,-213,0.42,13,sell
8/06,2892,國票-博愛,003700370039007a,176,0,176,0.35,14,buy
8/06,2892,國票-南港,7795,0,201,-201,0.4,14,sell
8/06,2892,臺銀-金山,0031003000340044,112,0,112,0.22,15,buy
8/06,2892,華南永昌-鶯歌,9319,0,201,-201,0.4,15,sell
8/06,2886,台新,0039004200300030,4900,64,4836,15.44,1,buy
8/06,2886,新加坡商瑞銀,1650,271,4868,-4597,14.68,1,sell
8/06,2886,元大證券,9800,4451,1266,3185,10.17,2,buy
8/06,2886,台灣摩根士丹利,1470,945,5188,-4243,13.55,2,sell
8/06,2886,土銀,1030,2750,16,2734,8.73,3,buy
8/06,2886,摩根大通,8440,624,4031,-3407,10.88,3,sell
8/06,2886,凱基,9200,2430,8,2422,7.73,4,buy
8/06,2886,美商高盛,1480,436,2422,-1986,6.34,4,sell
8/06,2886,康和,8450,1508,2,1506,4.81,5,buy
8/06,2886,凱基-台北,9268,2194,3303,-1109,3.54,5,sell
8/06,2886,富邦證券,9600,1249,40,1209,3.86,6,buy
8/06,2886,臺銀,1040,0,1009,-1009,3.22,6,sell
8/06,2886,國泰證券,8880,761,20,741,2.37,7,buy
8/06,2886,群益金鼎,9100,111,658,-547,1.75,7,sell
8/06,2886,港商野村,1560,540,254,286,0.91,8,buy
8/06,2886,永豐金證券,0039004100300030,99,525,-426,1.36,8,sell
8/06,2886,統一,5850,561,340,221,0.71,9,buy
8/06,2886,花旗環球,1590,859,1200,-341,1.09,9,sell
8/06,2886,台新-新店,0039004200320032,201,0,201,0.64,10,buy
8/06,2886,華南永昌,9300,31,337,-306,0.98,10,sell
8/06,2886,永豐金-萬盛,0039004100390032,197,2,195,0.62,11,buy
8/06,2886,法銀巴黎,8900,0,248,-248,0.79,11,sell
8/06,2886,香港上海匯豐,8960,199,54,145,0.46,12,buy
8/06,2886,港商麥格理,1360,63,200,-137,0.44,12,sell
8/06,2886,國泰-松江,8883,121,1,120,0.38,13,buy
8/06,2886,國票-南港,7795,0,127,-127,0.41,13,sell
8/06,2886,兆豐-南京,0037003000300050,105,0,105,0.34,14,buy
8/06,2886,兆豐證券,7000,232,351,-119,0.38,14,sell
8/06,2886,合庫-自強,0031003000320043,74,5,69,0.22,15,buy
8/06,2886,美林,1440,1091,1207,-116,0.37,15,sell
8/06,1802,元大證券,9800,4462,3939,523,1.62,1,buy
8/06,1802,台灣摩根士丹利,1470,992,1749,-757,2.35,1,sell
8/06,1802,美林,1440,739,304,435,1.35,2,buy
8/06,1802,富邦-公益,0039003600310046,47,412,-365,1.13,2,sell
8/06,1802,玉山-城中,0038003800340045,242,23,219,0.68,3,buy
8/06,1802,美商高盛,1480,706,1053,-347,1.08,3,sell
8/06,1802,新加坡商瑞銀,1650,528,320,208,0.65,4,buy
8/06,1802,富邦-建國,9658,42,217,-175,0.54,4,sell
8/06,1802,港商野村,1560,309,103,206,0.64,5,buy
8/06,1802,台新-台南,0039004200310036,105,258,-153,0.47,5,sell
8/06,1802,台新-桃園,0039004200320076,183,83,100,0.31,6,buy
8/06,1802,元大-善化,0039003800310079,45,158,-113,0.35,6,sell
8/06,1802,凱基-台北,9268,2292,2220,72,0.22,7,buy
8/06,1802,富邦-高雄,9659,35,133,-98,0.3,7,sell
8/06,1802,台新-宜蘭,0039004200320055,68,6,62,0.19,8,buy
8/06,1802,國泰-敦南,8888,1390,1484,-94,0.29,8,sell
8/06,1802,華南永昌-楠梓,9332,63,11,52,0.16,9,buy
8/06,1802,凱基-三重,9205,22,101,-79,0.25,9,sell
8/06,1802,統一-桃園,0035003800350048,132,81,51,0.16,10,buy
8/06,1802,永豐金證券,0039004100300030,211,286,-75,0.23,10,sell
8/06,1802,群益金鼎-松山,9103,50,0,50,0.16,11,buy
8/06,1802,中國信託,6160,61,126,-65,0.2,11,sell
8/06,1802,永全-八德,6452,53,6,47,0.15,12,buy
8/06,1802,富邦-八德,0039003600330041,55,117,-62,0.19,12,sell
8/06,1802,新光-新竹,8563,247,201,46,0.14,13,buy
8/06,1802,華南永昌-基隆,9322,14,73,-59,0.18,13,sell
8/06,1802,中國信託-文心,6164,61,16,45,0.14,14,buy
8/06,1802,凱基-市政,9239,21,76,-55,0.17,14,sell
8/06,1802,統一-三重,003500380035004a,130,85,45,0.14,15,buy
8/06,1802,凱基-城中,9227,19,71,-52,0.16,15,sell
8/06,1409,台新,0039004200300030,142,21,121,1.53,1,buy
8/06,1409,新光-高雄,8562,55,714,-659,8.34,1,sell
8/06,1409,玉山-嘉義,8848,112,1,111,1.4,2,buy
8/06,1409,摩根大通,8440,279,440,-161,2.04,2,sell
8/06,1409,玉山-新竹,0038003800340048,101,0,101,1.28,3,buy
8/06,1409,玉山證券,8840,5,160,-155,1.96,3,sell
8/06,1409,元大-小港,003900380039005a,82,3,79,1.0,4,buy
8/06,1409,凱基-台北,9268,715,805,-90,1.14,4,sell
8/06,1409,國泰-敦南,8888,93,31,62,0.78,5,buy
8/06,1409,台灣摩根士丹利,1470,318,404,-86,1.09,5,sell
8/06,1409,富邦-八德,0039003600330041,62,1,61,0.77,6,buy
8/06,1409,凱基-永華,9235,0,80,-80,1.01,6,sell
8/06,1409,元大-大雅,0039003800330069,53,0,53,0.67,7,buy
8/06,1409,元大-館前,003900380034004b,3,79,-76,0.96,7,sell
8/06,1409,華南永昌-麻豆,9308,50,0,50,0.63,8,buy
8/06,1409,凱基-竹科,9272,0,74,-74,0.94,8,sell
8/06,1409,華南永昌-彰化,9363,58,16,42,0.53,9,buy
8/06,1409,美林,1440,59,118,-59,0.75,9,sell
8/06,1409,中國信託-永康,6163,46,4,42,0.53,10,buy
8/06,1409,永豐金-市政,0039004100390057,4,62,-58,0.73,10,sell
8/06,1409,富邦-桃園,9665,42,1,41,0.52,11,buy
8/06,1409,富邦-陽明,9604,15,69,-54,0.68,11,sell
8/06,1409,永興,5600,40,0,40,0.51,12,buy
8/06,1409,凱基-桃園,9208,12,65,-53,0.67,12,sell
8/06,1409,元大-員林中山,9835,41,3,38,0.48,13,buy
8/06,1409,玉山-景美,8849,0,50,-50,0.63,13,sell
8/06,1409,國票-天祥,0037003700390056,37,0,37,0.47,14,buy
8/06,1409,元大-雙和,9874,9,56,-47,0.59,14,sell
8/06,1409,凱基-高美館,9215,34,1,33,0.42,15,buy
8/06,1409,美商高盛,1480,695,738,-43,0.54,15,sell
8/06,1718,台新-中壢,0039004200310079,1203,9,1194,1.67,1,buy
8/06,1718,美商高盛,1480,190,8255,-8065,11.31,1,sell
8/06,1718,凱基,9200,2468,1475,993,1.39,2,buy
8/06,1718,凱基-台北,9268,4630,9167,-4537,6.36,2,sell
8/06,1718,元大-竹科,003900380030004b,929,38,891,1.25,3,buy
8/06,1718,台灣摩根士丹利,1470,993,4732,-3739,5.24,3,sell
8/06,1718,北城證券,7750,911,85,826,1.16,4,buy
8/06,1718,摩根大通,8440,1660,3093,-1433,2.01,4,sell
8/06,1718,永全-南崁,6451,656,88,568,0.8,5,buy
8/06,1718,美林,1440,437,779,-342,0.48,5,sell
8/06,1718,第一金-光復,0035003300380043,485,14,471,0.66,6,buy
8/06,1718,合庫-台南,1022,21,305,-284,0.4,6,sell
8/06,1718,台新-嘉義,0039004200320049,485,21,464,0.65,7,buy
8/06,1718,第一金-嘉義,003500330038004d,7,216,-209,0.29,7,sell
8/06,1718,玉山-景美,8849,491,34,457,0.64,8,buy
8/06,1718,華南永昌-桃園,9352,6,208,-202,0.28,8,sell
8/06,1718,第一金-彰化,5386,465,16,449,0.63,9,buy
8/06,1718,港商野村,1560,550,748,-198,0.28,9,sell
8/06,1718,群益金鼎-開元,9134,471,52,419,0.59,10,buy
8/06,1718,高橋,5320,27,222,-195,0.27,10,sell
8/06,1718,元大-南勢角,0039003800340045,342,42,300,0.42,11,buy
8/06,1718,富邦-新店,9661,89,242,-153,0.21,11,sell
8/06,1718,統一,5850,427,130,297,0.42,12,buy
8/06,1718,台新-大裕,003900420032006c,34,156,-122,0.17,12,sell
8/06,1718,國泰-敦南,8888,1221,931,290,0.41,13,buy
8/06,1718,元大-善化,0039003800310079,33,148,-115,0.16,13,sell
8/06,1718,元大-成功,003900380039004c,281,24,257,0.36,14,buy
8/06,1718,玉山-數位,003800380034004d,75,180,-105,0.15,14,sell
8/06,1718,台灣企銀-桃園,0031003100310045,247,0,247,0.35,15,buy
8/06,1718,永豐金-市政,0039004100390057,150,254,-104,0.15,15,sell
8/06,2542,台中銀,6110,953,0,953,18.82,1,buy
8/06,2542,摩根大通,8440,210,1037,-827,16.33,1,sell
8/06,2542,富邦證券,9600,495,0,495,9.77,2,buy
8/06,2542,美商高盛,1480,271,669,-398,7.86,2,sell
8/06,2542,台灣摩根士丹利,1470,591,341,250,4.94,3,buy
8/06,2542,台新-台中,0039004200310068,1,383,-382,7.54,3,sell
8/06,2542,康和,8450,220,20,200,3.95,4,buy
8/06,2542,兆豐-大同,0037003000300053,0,202,-202,3.99,4,sell
8/06,2542,玉山-信義,0038003800340043,201,6,195,3.85,5,buy
8/06,2542,國泰-敦南,8888,21,216,-195,3.85,5,sell
8/06,2542,港商麥格理,1360,159,0,159,3.14,6,buy
8/06,2542,美林,1440,134,299,-165,3.26,6,sell
8/06,2542,港商野村,1560,155,0,155,3.06,7,buy
8/06,2542,統一-新台中,0035003800350044,0,115,-115,2.27,7,sell
8/06,2542,凱基-台北,9268,393,333,60,1.18,8,buy
8/06,2542,統一,5850,4,84,-80,1.58,8,sell
8/06,2542,凱基-南崁,9256,51,0,51,1.01,9,buy
8/06,2542,華南永昌-長虹,9333,0,70,-70,1.38,9,sell
8/06,2542,花旗環球,1590,201,156,45,0.89,10,buy
8/06,2542,新加坡商瑞銀,1650,24,89,-65,1.28,10,sell
8/06,2542,光和,6380,30,0,30,0.59,11,buy
8/06,2542,元大-大雅,0039003800330069,0,61,-61,1.2,11,sell
8/06,2542,新光,8560,41,12,29,0.57,12,buy
8/06,2542,永豐金證券,0039004100300030,10,68,-58,1.15,12,sell
8/06,2542,富邦-宜蘭,9686,27,0,27,0.53,13,buy
8/06,2542,凱基-五股,0039003200310047,0,30,-30,0.59,13,sell
8/06,2542,中國信託,6160,25,1,24,0.47,14,buy
8/06,2542,富邦-台北,9623,0,30,-30,0.59,14,sell
8/06,2542,永豐金-桃園,0039004100390078,20,2,18,0.36,15,buy
8/06,2542,元大證券,9800,19,49,-30,0.59,15,sell
8/06,2313,台灣摩根士丹利,1470,8228,2397,5831,12.01,1,buy
8/06,2313,台新-台北,0039004200320030,78,2857,-2779,5.72,1,sell
8/06,2313,美林,1440,3144,1377,1767,3.64,2,buy
8/06,2313,美商高盛,1480,2126,3671,-1545,3.18,2,sell
8/06,2313,凱基,9200,1317,229,1088,2.24,3,buy
8/06,2313,富邦證券,9600,453,1442,-989,2.04,3,sell
8/06,2313,群益金鼎,9100,1638,1157,481,0.99,4,buy
8/06,2313,統一,5850,234,954,-720,1.48,4,sell
8/06,2313,新加坡商瑞銀,1650,917,448,469,0.97,5,buy
8/06,2313,元大證券,9800,5037,5614,-577,1.19,5,sell
8/06,2313,中國信託,6160,451,95,356,0.73,6,buy
8/06,2313,港商野村,1560,536,901,-365,0.75,6,sell
8/06,2313,玉山證券,8840,389,95,294,0.61,7,buy
8/06,2313,香港上海匯豐,8960,9,366,-357,0.74,7,sell
8/06,2313,摩根大通,8440,789,658,131,0.27,8,buy
8/06,2313,凱基-高雄,9206,43,353,-310,0.64,8,sell
8/06,2313,永豐金-南京,0039004100390053,178,55,123,0.25,9,buy
8/06,2313,富邦-台南,9667,25,236,-211,0.43,9,sell
8/06,2313,永豐金證券,0039004100300030,422,314,108,0.22,10,buy
8/06,2313,國票-敦北法人,0037003700390063,10,188,-178,0.37,10,sell
8/06,2313,群益金鼎-忠孝,0039003100380057,108,8,100,0.21,11,buy
8/06,2313,台新,0039004200300030,231,393,-162,0.33,11,sell
8/06,2313,康和,8450,117,33,84,0.17,12,buy
8/06,2313,富邦-嘉義,9692,34,190,-156,0.32,12,sell
8/06,2313,國泰證券,8880,110,28,82,0.17,13,buy
8/06,2313,兆豐-民生,0037003000300063,41,180,-139,0.29,13,sell
8/06,2313,富邦-敦南,9663,221,154,67,0.14,14,buy
8/06,2313,凱基-城中,9227,14,122,-108,0.22,14,sell
8/06,2313,兆豐證券,7000,77,14,63,0.13,15,buy
8/06,2313,台新-城東,0039004200320072,21,126,-105,0.22,15,sell
8/06,5871,永豐金-台中,003900410039004c,253,0,253,3.43,1,buy
8/06,5871,美商高盛,1480,159,1344,-1185,16.07,1,sell
8/06,5871,新光,8560,266,26,240,3.25,2,buy
8/06,5871,摩根大通,8440,58,1002,-944,12.8,2,sell
8/06,5871,美林,1440,229,0,229,3.11,3,buy
8/06,5871,凱基-台北,9268,128,928,-800,10.85,3,sell
8/06,5871,國泰-敦南,8888,156,14,142,1.93,4,buy
8/06,5871,台灣摩根士丹利,1470,66,745,-679,9.21,4,sell
8/06,5871,新百王,6210,124,3,121,1.64,5,buy
8/06,5871,凱基,9200,32,548,-516,7.0,5,sell
8/06,5871,凱基-板橋,0039003200300041,119,0,119,1.61,6,buy
8/06,5871,新加坡商瑞銀,1650,43,495,-452,6.13,6,sell
8/06,5871,凱基-高雄,9206,118,0,118,1.6,7,buy
8/06,5871,群益金鼎-三民,9188,9,249,-240,3.25,7,sell
8/06,5871,光和-田中,6382,116,0,116,1.57,8,buy
8/06,5871,第一金-中壢,0035003300380059,2,114,-112,1.52,8,sell
8/06,5871,國票-九鼎,0037003700390050,107,0,107,1.45,9,buy
8/06,5871,國票-安和,003700370039005a,0,98,-98,1.33,9,sell
8/06,5871,富邦-竹科,0039003600320043,89,0,89,1.21,10,buy
8/06,5871,港商麥格理,1360,180,276,-96,1.3,10,sell
8/06,5871,元大-內湖,003900380039004e,71,2,69,0.94,11,buy
8/06,5871,永豐金證券,0039004100300030,40,106,-66,0.89,11,sell
8/06,5871,新光-台中,8561,76,14,62,0.84,12,buy
8/06,5871,法銀巴黎,8900,1,53,-52,0.71,12,sell
8/06,5871,國泰-高雄,8881,67,6,61,0.83,13,buy
8/06,5871,凱基-中山,9229,1,41,-40,0.54,13,sell
8/06,5871,永豐金-忠孝,0039004100390044,61,0,61,0.83,14,buy
8/06,5871,凱基-三重,9205,7,40,-33,0.45,14,sell
8/06,5871,富邦-高雄,9659,58,0,58,0.79,15,buy
8/06,5871,第一金-台中,5382,1,33,-32,0.43,15,sell
8/06,2408,美商高盛,1480,6034,2721,3313,3.11,1,buy
8/06,2408,富邦證券,9600,499,1758,-1259,1.18,1,sell
8/06,2408,元大證券,9800,13944,12177,1767,1.66,2,buy
8/06,2408,富邦-桃園,9665,123,1069,-946,0.89,2,sell
8/06,2408,摩根大通,8440,5250,3749,1501,1.41,3,buy
8/06,2408,國泰-敦南,8888,3357,3796,-439,0.41,3,sell
8/06,2408,凱基-台北,9268,7367,6322,1045,0.98,4,buy
8/06,2408,永豐金證券,0039004100300030,1359,1727,-368,0.34,4,sell
8/06,2408,富邦-台北,9623,1432,579,853,0.8,5,buy
8/06,2408,群益金鼎-館前,0039003100330059,75,410,-335,0.31,5,sell
8/06,2408,凱基-城中,9227,746,98,648,0.61,6,buy
8/06,2408,群益金鼎,9100,2688,2992,-304,0.28,6,sell
8/06,2408,新加坡商瑞銀,1650,1898,1262,636,0.6,7,buy
8/06,2408,玉山-板橋,8846,90,370,-280,0.26,7,sell
8/06,2408,兆豐-板橋,0037003000300042,618,34,584,0.55,8,buy
8/06,2408,宏遠證券,1260,73,336,-263,0.25,8,sell
8/06,2408,花旗環球,1590,1331,860,471,0.44,9,buy
8/06,2408,亞東,2180,34,274,-240,0.22,9,sell
8/06,2408,台灣摩根士丹利,1470,4368,3915,453,0.42,10,buy
8/06,2408,兆豐-三民,0037003000300068,45,285,-240,0.22,10,sell
8/06,2408,國票-敦北法人,0037003700390063,433,21,412,0.39,11,buy
8/06,2408,國泰證券,8880,94,315,-221,0.21,11,sell
8/06,2408,台新,0039004200300030,1134,794,340,0.32,12,buy
8/06,2408,新百王,6210,57,269,-212,0.2,12,sell
8/06,2408,兆豐-忠孝,0037003000300061,251,72,179,0.17,13,buy
8/06,2408,元大-松江,9801,1004,1195,-191,0.18,13,sell
8/06,2408,統一,5850,847,696,151,0.14,14,buy
8/06,2408,新光,8560,627,816,-189,0.18,14,sell
8/06,2408,香港上海匯豐,8960,156,9,147,0.14,15,buy
8/06,2408,美好-富順,003500320036004b,12,177,-165,0.15,15,sell
8/06,2885,永豐金-匯立,0039004100380031,2155,18,2137,7.93,1,buy
8/06,2885,花旗環球,1590,837,4159,-3322,12.32,1,sell
8/06,2885,美商高盛,1480,2493,896,1597,5.92,2,buy
8/06,2885,凱基-台北,9268,1813,3924,-2111,7.83,2,sell
8/06,2885,美林,1440,1481,294,1187,4.4,3,buy
8/06,2885,港商麥格理,1360,70,2070,-2000,7.42,3,sell
8/06,2885,摩根大通,8440,1804,885,919,3.41,4,buy
8/06,2885,台灣摩根士丹利,1470,3467,5317,-1850,6.86,4,sell
8/06,2885,華南永昌,9300,910,3,907,3.36,5,buy
8/06,2885,凱基,9200,1,1704,-1703,6.32,5,sell
8/06,2885,永興-台中,5603,770,0,770,2.86,6,buy
8/06,2885,新加坡商瑞銀,1650,866,2325,-1459,5.41,6,sell
8/06,2885,元大-台北,0039003800300068,446,4,442,1.64,7,buy
8/06,2885,富邦證券,9600,77,1500,-1423,5.28,7,sell
8/06,2885,新光,8560,196,33,163,0.6,8,buy
8/06,2885,永豐金證券,0039004100300030,172,424,-252,0.93,8,sell
8/06,2885,元大證券,9800,789,628,161,0.6,9,buy
8/06,2885,法銀巴黎,8900,0,165,-165,0.61,9,sell
8/06,2885,國泰-敦南,8888,171,24,147,0.55,10,buy
8/06,2885,統一,5850,22,179,-157,0.58,10,sell
8/06,2885,新光-新竹,8563,115,0,115,0.43,11,buy
8/06,2885,香港上海匯豐,8960,176,327,-151,0.56,11,sell
8/06,2885,土銀-新竹,1035,102,0,102,0.38,12,buy
8/06,2885,華南永昌-南京,9326,6,101,-95,0.35,12,sell
8/06,2885,(牛牛牛)亞證券,6010,100,0,100,0.37,13,buy
8/06,2885,國票證券,7790,13,98,-85,0.32,13,sell
8/06,2885,元大-中和,0039003800390065,169,79,90,0.33,14,buy
8/06,2885,兆豐證券,7000,0,57,-57,0.21,14,sell
8/06,2885,華南永昌-忠孝,9325,82,0,82,0.3,15,buy
8/06,2885,元大-土城永寧,9875,11,60,-49,0.18,15,sell
8/06,8046,美商高盛,1480,336,71,265,7.11,1,buy
8/06,8046,台灣摩根士丹利,1470,820,1198,-378,10.14,1,sell
8/06,8046,凱基-台北,9268,185,43,142,3.81,2,buy
8/06,8046,香港上海匯豐,8960,9,143,-134,3.59,2,sell
8/06,8046,元大證券,9800,242,119,123,3.3,3,buy
8/06,8046,摩根大通,8440,332,415,-83,2.23,3,sell
8/06,8046,中國信託,6160,56,9,47,1.26,4,buy
8/06,8046,永豐金證券,0039004100300030,43,101,-58,1.56,4,sell
8/06,8046,凱基-城中,9227,40,6,34,0.91,5,buy
8/06,8046,花旗環球,1590,13,63,-50,1.34,5,sell
8/06,8046,華南永昌,9300,36,4,32,0.86,6,buy
8/06,8046,中國信託-三重,6161,0,33,-33,0.88,6,sell
8/06,8046,凱基,9200,38,8,30,0.8,7,buy
8/06,8046,兆豐-板橋,0037003000300042,0,24,-24,0.64,7,sell
8/06,8046,統一-仁愛,0035003800350063,29,1,28,0.75,8,buy
8/06,8046,新加坡商瑞銀,1650,2,19,-17,0.46,8,sell
8/06,8046,元大-松江,9801,28,1,27,0.72,9,buy
8/06,8046,永豐金-南京,0039004100390053,10,27,-17,0.46,9,sell
8/06,8046,富邦證券,9600,46,19,27,0.72,10,buy
8/06,8046,統一-新竹,5857,0,14,-14,0.38,10,sell
8/06,8046,台新-北新莊,0039004200320038,27,0,27,0.72,11,buy
8/06,8046,玉山證券,8840,4,18,-14,0.38,11,sell
8/06,8046,國票證券,7790,26,0,26,0.7,12,buy
8/06,8046,國票-安和,003700370039005a,1,14,-13,0.35,12,sell
8/06,8046,康和,8450,27,2,25,0.67,13,buy
8/06,8046,華南永昌-竹北,9339,0,13,-13,0.35,13,sell
8/06,8046,統一-三重,003500380035004a,36,14,22,0.59,14,buy
8/06,8046,元大-復北,9872,11,23,-12,0.32,14,sell
8/06,8046,統一,5850,81,63,18,0.48,15,buy
8/06,8046,中國信託-文心,6164,1,12,-11,0.29,15,sell
8/06,3702,富邦證券,9600,1125,19,1106,7.27,1,buy
8/06,3702,凱基-站前,0039003200300046,20,1751,-1731,11.39,1,sell
8/06,3702,元大證券,9800,3004,2011,993,6.53,2,buy
8/06,3702,摩根大通,8440,477,1597,-1120,7.37,2,sell
8/06,3702,美商高盛,1480,1317,416,901,5.93,3,buy
8/06,3702,永豐金-匯立,0039004100380031,10,658,-648,4.26,3,sell
8/06,3702,元大-土城,9897,183,9,174,1.14,4,buy
8/06,3702,凱基-台北,9268,865,1453,-588,3.87,4,sell
8/06,3702,元大-天母,0039003800310049,123,0,123,0.81,5,buy
8/06,3702,港商麥格理,1360,32,588,-556,3.66,5,sell
8/06,3702,群益金鼎-敦南,9101,152,33,119,0.78,6,buy
8/06,3702,兆豐證券,7000,71,617,-546,3.59,6,sell
8/06,3702,統一-台中,5856,122,5,117,0.77,7,buy
8/06,3702,美林,1440,227,327,-100,0.66,7,sell
8/06,3702,玉山證券,8840,124,9,115,0.76,8,buy
8/06,3702,統一,5850,20,75,-55,0.36,8,sell
8/06,3702,聯邦證券,8580,103,14,89,0.59,9,buy
8/06,3702,永豐金證券,0039004100300030,233,285,-52,0.34,9,sell
8/06,3702,台新,0039004200300030,147,65,82,0.54,10,buy
8/06,3702,台新-松江,0039004200310035,11,57,-46,0.3,10,sell
8/06,3702,花旗環球,1590,142,70,72,0.47,11,buy
8/06,3702,統一-南京,0035003800350055,1,33,-32,0.21,11,sell
8/06,3702,土銀-彰化,0031003000330042,87,20,67,0.44,12,buy
8/06,3702,華南永昌-東勢,9358,4,35,-31,0.2,12,sell
8/06,3702,華南永昌-豐原,9366,59,0,59,0.39,13,buy
8/06,3702,凱基-市政,9239,0,30,-30,0.2,13,sell
8/06,3702,中國信託,6160,87,29,58,0.38,14,buy
8/06,3702,兆豐-大安,003700300030006a,2,32,-30,0.2,14,sell
8/06,3702,新光-台中,8561,78,30,48,0.32,15,buy
8/06,3702,富邦-頭份,0039003600320050,22,52,-30,0.2,15,sell
8/06,4958,凱基,9200,2754,671,2083,4.11,1,buy
8/06,4958,美商高盛,1480,2098,4411,-2313,4.56,1,sell
8/06,4958,元大證券,9800,7441,5908,1533,3.02,2,buy
8/06,4958,富邦證券,9600,104,2025,-1921,3.79,2,sell
8/06,4958,摩根大通,8440,3453,2964,489,0.96,3,buy
8/06,4958,凱基-台北,9268,3391,4285,-894,1.76,3,sell
8/06,4958,台新,0039004200300030,627,324,303,0.6,4,buy
8/06,4958,統一,5850,158,970,-812,1.6,4,sell
8/06,4958,康和,8450,272,8,264,0.52,5,buy
8/06,4958,凱基-城中,9227,33,829,-796,1.57,5,sell
8/06,4958,玉山證券,8840,329,74,255,0.5,6,buy
8/06,4958,香港上海匯豐,8960,12,694,-682,1.35,6,sell
8/06,4958,國泰-敦南,8888,1150,973,177,0.35,7,buy
8/06,4958,國票-敦北法人,0037003700390063,29,598,-569,1.12,7,sell
8/06,4958,臺銀,1040,218,48,170,0.34,8,buy
8/06,4958,美林,1440,355,901,-546,1.08,8,sell
8/06,4958,新加坡商瑞銀,1650,432,269,163,0.32,9,buy
8/06,4958,國票-安和,003700370039005a,123,545,-422,0.83,9,sell
8/06,4958,中國信託,6160,277,123,154,0.3,10,buy
8/06,4958,群益金鼎,9100,561,884,-323,0.64,10,sell
8/06,4958,群益金鼎-台北,0039003100380058,152,0,152,0.3,11,buy
8/06,4958,永豐金-板新,003900410039004a,60,254,-194,0.38,11,sell
8/06,4958,花旗環球,1590,244,131,113,0.22,12,buy
8/06,4958,港商野村,1560,272,457,-185,0.36,12,sell
8/06,4958,統一-敦南,5852,143,39,104,0.21,13,buy
8/06,4958,永豐金證券,0039004100300030,431,608,-177,0.35,13,sell
8/06,4958,台新-大裕,003900420032006c,137,34,103,0.2,14,buy
8/06,4958,兆豐證券,7000,15,179,-164,0.32,14,sell
8/06,4958,國泰證券,8880,173,92,81,0.16,15,buy
8/06,4958,群益金鼎-館前,0039003100330059,61,197,-136,0.27,15,sell
8/06,3481,美商高盛,1480,20623,8423,12200,4.08,1,buy
8/06,3481,元大-北投,0039003800390041,215,5067,-4852,1.62,1,sell
8/06,3481,富邦證券,9600,8418,1003,7415,2.48,2,buy
8/06,3481,中國信託,6160,814,4251,-3437,1.15,2,sell
8/06,3481,元大證券,9800,34264,27476,6788,2.27,3,buy
8/06,3481,國泰-敦南,8888,10289,12072,-1783,0.6,3,sell
8/06,3481,港商野村,1560,4093,93,4000,1.34,4,buy
8/06,3481,群益金鼎-竹南,0039003100380069,554,1790,-1236,0.41,4,sell
8/06,3481,新加坡商瑞銀,1650,4830,1335,3495,1.17,5,buy
8/06,3481,花旗環球,1590,722,1942,-1220,0.41,5,sell
8/06,3481,台灣摩根士丹利,1470,8102,5659,2443,0.82,6,buy
8/06,3481,群益金鼎-中山,0039003100380048,23,700,-677,0.23,6,sell
8/06,3481,摩根大通,8440,4192,2032,2160,0.72,7,buy
8/06,3481,國泰-板橋,003800380038004b,1334,1903,-569,0.19,7,sell
8/06,3481,凱基-站前,0039003200300046,2183,284,1899,0.64,8,buy
8/06,3481,元大-彰化民生,003900380039004a,429,926,-497,0.17,8,sell
8/06,3481,美林,1440,2889,1128,1761,0.59,9,buy
8/06,3481,合庫-高雄,1023,177,670,-493,0.16,9,sell
8/06,3481,群益金鼎,9100,3951,2354,1597,0.53,10,buy
8/06,3481,群益金鼎-土城,003900310033004e,46,485,-439,0.15,10,sell
8/06,3481,國票-南崁,0037003700390045,1549,186,1363,0.46,11,buy
8/06,3481,兆豐-台中港,7005,290,693,-403,0.13,11,sell
8/06,3481,港商麥格理,1360,1567,526,1041,0.35,12,buy
8/06,3481,兆豐-新營,003700300030004b,179,561,-382,0.13,12,sell
8/06,3481,台新-嘉義,0039004200320049,1295,269,1026,0.34,13,buy
8/06,3481,合庫-基隆,1025,216,577,-361,0.12,13,sell
8/06,3481,香港上海匯豐,8960,995,0,995,0.33,14,buy
8/06,3481,富邦-公益,0039003600310046,246,599,-353,0.12,14,sell
8/06,3481,富邦-仁愛,9676,1352,422,930,0.31,15,buy
8/06,3481,國泰-館前,0038003800380041,1190,1529,-339,0.11,15,sell
8/06,6182,富邦證券,9600,960,25,935,16.39,1,buy
8/06,6182,元大證券,9800,5,356,-351,6.15,1,sell
8/06,6182,元大-館前,003900380034004b,553,5,548,9.61,2,buy
8/06,6182,台灣摩根士丹利,1470,99,416,-317,5.56,2,sell
8/06,6182,摩根大通,8440,399,69,330,5.79,3,buy
8/06,6182,凱基-市政,9239,25,311,-286,5.01,3,sell
8/06,6182,永豐金-信義,0039004100390052,301,0,301,5.28,4,buy
8/06,6182,國泰證券,8880,0,150,-150,2.63,4,sell
8/06,6182,凱基-台北,9268,251,63,188,3.3,5,buy
8/06,6182,美商高盛,1480,78,210,-132,2.31,5,sell
8/06,6182,凱基-斗六,9281,176,0,176,3.09,6,buy
8/06,6182,元大-虎尾,003900380030006c,0,110,-110,1.93,6,sell
8/06,6182,永豐金-高雄,0039004100390065,116,0,116,2.03,7,buy
8/06,6182,凱基,9200,0,110,-110,1.93,7,sell
8/06,6182,兆豐-東門,0037003000300048,100,1,99,1.74,8,buy
8/06,6182,統一-新竹,5857,1,87,-86,1.51,8,sell
8/06,6182,富邦-高雄,9659,90,3,87,1.53,9,buy
8/06,6182,台新-宜蘭,0039004200320055,1,86,-85,1.49,9,sell
8/06,6182,元大-中壢,9834,69,6,63,1.1,10,buy
8/06,6182,兆豐-大安,003700300030006a,0,82,-82,1.44,10,sell
8/06,6182,統一,5850,191,141,50,0.88,11,buy
8/06,6182,永豐金-敦北,0039004100380039,2,81,-79,1.39,11,sell
8/06,6182,統一-士林,003500380035004d,53,3,50,0.88,12,buy
8/06,6182,富邦-台北,9623,3,57,-54,0.95,12,sell
8/06,6182,群益金鼎-東大,9135,69,20,49,0.86,13,buy
8/06,6182,群益金鼎-松山,9103,60,110,-50,0.88,13,sell
8/06,6182,元大-北三重,0039003800390056,44,0,44,0.77,14,buy
8/06,6182,永豐金-天母,0039004100390047,1,40,-39,0.68,14,sell
8/06,6182,元大-嘉義,0039003800390067,62,20,42,0.74,15,buy
8/06,6182,凱基-信義,9216,1,35,-34,0.6,15,sell
8/06,6005,臺銀,1040,469,2,467,6.73,1,buy
8/06,6005,美商高盛,1480,488,2012,-1524,21.95,1,sell
8/06,6005,群益金鼎-海山,9108,204,0,204,2.94,2,buy
8/06,6005,摩根大通,8440,76,1171,-1095,15.77,2,sell
8/06,6005,元大-中崙,9813,161,0,161,2.32,3,buy
8/06,6005,台灣摩根士丹利,1470,92,452,-360,5.18,3,sell
8/06,6005,聯邦-台南,8588,155,0,155,2.23,4,buy
8/06,6005,美林,1440,180,438,-258,3.72,4,sell
8/06,6005,永豐金-潮州,0039004100390071,105,2,103,1.48,5,buy
8/06,6005,新加坡商瑞銀,1650,193,311,-118,1.7,5,sell
8/06,6005,安泰,8380,100,0,100,1.44,6,buy
8/06,6005,元大-小港,003900380039005a,2,100,-98,1.41,6,sell
8/06,6005,元大-博愛,0039003800320042,84,0,84,1.21,7,buy
8/06,6005,港商野村,1560,0,91,-91,1.31,7,sell
8/06,6005,富邦-羅東,9634,83,1,82,1.18,8,buy
8/06,6005,台新-世貿,0039004200320075,0,86,-86,1.24,8,sell
8/06,6005,凱基-站前,0039003200300046,82,3,79,1.14,9,buy
8/06,6005,台新,0039004200300030,51,131,-80,1.15,9,sell
8/06,6005,永豐金-中正,0039004100390055,79,12,67,0.96,10,buy
8/06,6005,台新-府城,0039004200320039,0,50,-50,0.72,10,sell
8/06,6005,國泰-敦南,8888,94,28,66,0.95,11,buy
8/06,6005,第一金-桃園,5385,2,50,-48,0.69,11,sell
8/06,6005,富邦-永和,9654,79,19,60,0.86,12,buy
8/06,6005,臺銀-高雄,0031003000340043,16,57,-41,0.59,12,sell
8/06,6005,(牛牛牛)亞-鑫豐,0036003000310064,57,0,57,0.82,13,buy
8/06,6005,國泰-松江,8883,2,42,-40,0.58,13,sell
8/06,6005,元大-樹林,003900380039006a,55,0,55,0.79,14,buy
8/06,6005,華南永昌-林口,9317,1,41,-40,0.58,14,sell
8/06,6005,台新-中壢,0039004200310079,47,0,47,0.68,15,buy
8/06,6005,群益金鼎-忠孝,0039003100380057,0,30,-30,0.43,15,sell
8/06,2327,新加坡商瑞銀,1650,2684,415,2269,4.26,1,buy
8/06,2327,台灣摩根士丹利,1470,3047,6954,-3907,7.33,1,sell
8/06,2327,元大證券,9800,6044,5366,678,1.27,2,buy
8/06,2327,摩根大通,8440,1279,4001,-2722,5.11,2,sell
8/06,2327,美商高盛,1480,3690,3160,530,0.99,3,buy
8/06,2327,花旗環球,1590,151,2235,-2084,3.91,3,sell
8/06,2327,國泰證券,8880,592,199,393,0.74,4,buy
8/06,2327,凱基,9200,139,507,-368,0.69,4,sell
8/06,2327,國泰-敦南,8888,1575,1343,232,0.44,5,buy
8/06,2327,富邦證券,9600,338,637,-299,0.56,5,sell
8/06,2327,永豐金證券,0039004100300030,960,739,221,0.41,6,buy
8/06,2327,凱基-台北,9268,2499,2660,-161,0.3,6,sell
8/06,2327,群益金鼎-新莊,0039003100380047,239,31,208,0.39,7,buy
8/06,2327,中國信託,6160,213,311,-98,0.18,7,sell
8/06,2327,台新-北新莊,0039004200320038,229,22,207,0.39,8,buy
8/06,2327,凱基-興隆,9289,16,113,-97,0.18,8,sell
8/06,2327,港商野村,1560,357,158,199,0.37,9,buy
8/06,2327,統一,5850,208,300,-92,0.17,9,sell
8/06,2327,華南永昌-虎尾,9377,124,13,111,0.21,10,buy
8/06,2327,國票-敦北法人,0037003700390063,20,92,-72,0.14,10,sell
8/06,2327,國票-長城,0037003700390075,129,19,110,0.21,11,buy
8/06,2327,宏遠證券,1260,42,100,-58,0.11,11,sell
8/06,2327,華南永昌,9300,195,104,91,0.17,12,buy
8/06,2327,華南永昌-古亭,9309,22,78,-56,0.11,12,sell
8/06,2327,新光,8560,411,321,90,0.17,13,buy
8/06,2327,台新-建北,0039004200310038,40,93,-53,0.1,13,sell
8/06,2327,凱基-信義,9216,111,23,88,0.17,14,buy
8/06,2327,國票-安和,003700370039005a,32,81,-49,0.09,14,sell
8/06,2327,富邦-建國,9658,177,107,70,0.13,15,buy
8/06,2327,元大-員林中山,9835,73,117,-44,0.08,15,sell
8/06,9904,台灣摩根士丹利,1470,2646,168,2478,19.62,1,buy
8/06,9904,富邦-三重,9677,301,1201,-900,7.13,1,sell
8/06,9904,美林,1440,1800,117,1683,13.32,2,buy
8/06,9904,摩根大通,8440,307,1084,-777,6.15,2,sell
8/06,9904,美商高盛,1480,1561,69,1492,11.81,3,buy
8/06,9904,臺銀,1040,51,678,-627,4.96,3,sell
8/06,9904,新加坡商瑞銀,1650,559,140,419,3.32,4,buy
8/06,9904,元大-和平,9863,100,650,-550,4.35,4,sell
8/06,9904,元大-土城永寧,9875,207,0,207,1.64,5,buy
8/06,9904,兆豐證券,7000,0,532,-532,4.21,5,sell
8/06,9904,玉山-桃園,0038003800340046,189,1,188,1.49,6,buy
8/06,9904,元大-內湖民權,9867,0,400,-400,3.17,6,sell
8/06,9904,聯邦-高雄,8581,150,0,150,1.19,7,buy
8/06,9904,新光,8560,48,301,-253,2.0,7,sell
8/06,9904,凱基,9200,134,12,122,0.97,8,buy
8/06,9904,凱基-台北,9268,1003,1252,-249,1.97,8,sell
8/06,9904,凱基-城中,9227,100,1,99,0.78,9,buy
8/06,9904,港商野村,1560,95,262,-167,1.32,9,sell
8/06,9904,中國信託-忠孝,6162,81,0,81,0.64,10,buy
8/06,9904,凱基-台南,9211,3,165,-162,1.28,10,sell
8/06,9904,港商麥格理,1360,77,0,77,0.61,11,buy
8/06,9904,元大-館前,003900380034004b,0,160,-160,1.27,11,sell
8/06,9904,永豐金-台中,003900410039004c,77,2,75,0.59,12,buy
8/06,9904,台新-中港,0039004200320069,2,146,-144,1.14,12,sell
8/06,9904,新光-新竹,8563,70,0,70,0.55,13,buy
8/06,9904,元大-雙和,9874,8,147,-139,1.1,13,sell
8/06,9904,台新,0039004200300030,125,73,52,0.41,14,buy
8/06,9904,國泰-敦南,8888,60,189,-129,1.02,14,sell
8/06,9904,華南永昌-嘉義,9314,52,0,52,0.41,15,buy
8/06,9904,亞東-台中,2187,0,122,-122,0.97,15,sell
8/06,2105,台灣摩根士丹利,1470,712,76,636,12.34,1,buy
8/06,2105,群益金鼎-三民,9188,0,610,-610,11.84,1,sell
8/06,2105,新加坡商瑞銀,1650,388,42,346,6.71,2,buy
8/06,2105,美商高盛,1480,444,795,-351,6.81,2,sell
8/06,2105,美林,1440,305,55,250,4.85,3,buy
8/06,2105,凱基-雙和,0039003200300043,0,200,-200,3.88,3,sell
8/06,2105,花旗環球,1590,211,43,168,3.26,4,buy
8/06,2105,亞東-新竹,2184,0,101,-101,1.96,4,sell
8/06,2105,摩根大通,8440,717,573,144,2.79,5,buy
8/06,2105,永豐金證券,0039004100300030,42,120,-78,1.51,5,sell
8/06,2105,元大證券,9800,257,134,123,2.39,6,buy
8/06,2105,元大-新店中正,0039003800340043,3,70,-67,1.3,6,sell
8/06,2105,富邦證券,9600,118,1,117,2.27,7,buy
8/06,2105,台新,0039004200300030,21,85,-64,1.24,7,sell
8/06,2105,富邦-樹林,0039003600320045,105,0,105,2.04,8,buy
8/06,2105,元大-沙鹿,0039003800300064,0,51,-51,0.99,8,sell
8/06,2105,凱基-台北,9268,511,413,98,1.9,9,buy
8/06,2105,永興-水湳,5602,0,50,-50,0.97,9,sell
8/06,2105,統一-新竹,5857,74,0,74,1.44,10,buy
8/06,2105,永豐金-中壢,0039004100390039,0,50,-50,0.97,10,sell
8/06,2105,香港上海匯豐,8960,69,0,69,1.34,11,buy
8/06,2105,永豐金-台南,0039004100390068,2,48,-46,0.89,11,sell
8/06,2105,元大-豐原,9838,34,0,34,0.66,12,buy
8/06,2105,元大-西螺,0039003800310069,4,45,-41,0.8,12,sell
8/06,2105,中國信託-文心,6164,32,0,32,0.62,13,buy
8/06,2105,第一金-華江,0035003300380057,10,50,-40,0.78,13,sell
8/06,2105,光和-嘉義,0036003300380041,31,0,31,0.6,14,buy
8/06,2105,元大-南屯,9853,0,35,-35,0.68,14,sell
8/06,2105,永豐金-亞灣,0039004100390061,30,0,30,0.58,15,buy
8/06,2105,富邦-左營,0039003600360046,0,34,-34,0.66,15,sell
8/06,2368,美林,1440,606,220,386,3.01,1,buy
8/06,2368,美商高盛,1480,391,1209,-818,6.37,1,sell
8/06,2368,富邦證券,9600,804,562,242,1.88,2,buy
8/06,2368,元大證券,9800,1404,1873,-469,3.65,2,sell
8/06,2368,群益金鼎-台北,0039003100380058,277,47,230,1.79,3,buy
8/06,2368,凱基-台北,9268,842,1153,-311,2.42,3,sell
8/06,2368,永豐金-匯立,0039004100380031,178,0,178,1.39,4,buy
8/06,2368,群益金鼎-大安,0039003100380065,1,121,-120,0.93,4,sell
8/06,2368,國票-敦北法人,0037003700390063,165,9,156,1.21,5,buy
8/06,2368,群益金鼎,9100,127,241,-114,0.89,5,sell
8/06,2368,新光,8560,210,69,141,1.1,6,buy
8/06,2368,(牛牛牛)亞證券,6010,0,70,-70,0.54,6,sell
8/06,2368,新加坡商瑞銀,1650,540,411,129,1.0,7,buy
8/06,2368,港商麥格理,1360,0,61,-61,0.47,7,sell
8/06,2368,統一,5850,235,118,117,0.91,8,buy
8/06,2368,元大-崇德,0039003800310053,4,65,-61,0.47,8,sell
8/06,2368,台灣摩根士丹利,1470,630,519,111,0.86,9,buy
8/06,2368,福邦證券,6480,1,60,-59,0.46,9,sell
8/06,2368,國票-安和,003700370039005a,120,28,92,0.72,10,buy
8/06,2368,群益金鼎-台中,9184,11,50,-39,0.3,10,sell
8/06,2368,摩根大通,8440,390,304,86,0.67,11,buy
8/06,2368,聯邦-大業,8586,1,37,-36,0.28,11,sell
8/06,2368,永豐金-內湖,0039004100390067,82,5,77,0.6,12,buy
8/06,2368,統一-敦南,5852,2,32,-30,0.23,12,sell
8/06,2368,花旗環球,1590,100,30,70,0.54,13,buy
8/06,2368,香港上海匯豐,8960,10,40,-30,0.23,13,sell
8/06,2368,永豐金-員林,0039004100390043,54,3,51,0.4,14,buy
8/06,2368,華南永昌-竹北,9339,3,33,-30,0.23,14,sell
8/06,2368,元大-沙鹿,0039003800300064,54,8,46,0.36,15,buy
8/06,2368,福勝,6950,2,27,-25,0.19,15,sell
8/06,4938,元大證券,9800,677,414,263,3.48,1,buy
8/06,4938,美商高盛,1480,1137,2442,-1305,17.29,1,sell
8/06,4938,台灣摩根士丹利,1470,668,477,191,2.53,2,buy
8/06,4938,元大-南勢角,0039003800340045,2,206,-204,2.7,2,sell
8/06,4938,兆豐證券,7000,200,13,187,2.48,3,buy
8/06,4938,臺銀,1040,6,128,-122,1.62,3,sell
8/06,4938,新加坡商瑞銀,1650,254,99,155,2.05,4,buy
8/06,4938,港商野村,1560,0,108,-108,1.43,4,sell
8/06,4938,凱基-台北,9268,543,393,150,1.99,5,buy
8/06,4938,統一-敦南,5852,5,105,-100,1.32,5,sell
8/06,4938,美林,1440,377,232,145,1.92,6,buy
8/06,4938,國泰-松江,8883,3,102,-99,1.31,6,sell
8/06,4938,花旗環球,1590,586,460,126,1.67,7,buy
8/06,4938,台新,0039004200300030,13,98,-85,1.13,7,sell
8/06,4938,群益金鼎-東大,9135,146,20,126,1.67,8,buy
8/06,4938,永豐金證券,0039004100300030,57,134,-77,1.02,8,sell
8/06,4938,摩根大通,8440,487,370,117,1.55,9,buy
8/06,4938,香港上海匯豐,8960,19,89,-70,0.93,9,sell
8/06,4938,富邦-陽明,9604,82,10,72,0.95,10,buy
8/06,4938,港商麥格理,1360,28,88,-60,0.79,10,sell
8/06,4938,元大-大雅,0039003800330069,51,1,50,0.66,11,buy
8/06,4938,群益金鼎-台中,9184,0,50,-50,0.66,11,sell
8/06,4938,新光,8560,70,29,41,0.54,12,buy
8/06,4938,第一金-新興,0035003300380041,0,30,-30,0.4,12,sell
8/06,4938,凱基,9200,49,11,38,0.5,13,buy
8/06,4938,富邦證券,9600,3,29,-26,0.34,13,sell
8/06,4938,亞東,2180,34,0,34,0.45,14,buy
8/06,4938,國票證券,7790,9,32,-23,0.3,14,sell
8/06,4938,元大-三民,0039003800390046,32,1,31,0.41,15,buy
8/06,4938,國票-長城,0037003700390075,0,21,-21,0.28,15,sell
8/06,2347,台灣摩根士丹利,1470,949,70,879,16.93,1,buy
8/06,2347,港商麥格理,1360,89,1427,-1338,25.78,1,sell
8/06,2347,美商高盛,1480,851,317,534,10.29,2,buy
8/06,2347,花旗環球,1590,177,890,-713,13.74,2,sell
8/06,2347,富邦證券,9600,167,0,167,3.22,3,buy
8/06,2347,新加坡商瑞銀,1650,573,764,-191,3.68,3,sell
8/06,2347,摩根大通,8440,269,138,131,2.52,4,buy
8/06,2347,元大證券,9800,65,151,-86,1.66,4,sell
8/06,2347,凱基-台北,9268,627,543,84,1.62,5,buy
8/06,2347,華南永昌,9300,24,50,-26,0.5,5,sell
8/06,2347,元大-中崙,9813,54,0,54,1.04,6,buy
8/06,2347,國票證券,7790,9,33,-24,0.46,6,sell
8/06,2347,元大-新莊,9898,31,0,31,0.6,7,buy
8/06,2347,富邦-內湖,9627,2,26,-24,0.46,7,sell
8/06,2347,致和-金華,7034,28,0,28,0.54,8,buy
8/06,2347,台新-松德,0039004200320061,3,18,-15,0.29,8,sell
8/06,2347,康和-高雄,003800340035004a,25,0,25,0.48,9,buy
8/06,2347,中國信託,6160,0,15,-15,0.29,9,sell
8/06,2347,國票-敦北法人,0037003700390063,20,0,20,0.39,10,buy
8/06,2347,元大-蘆洲中正,0039003800390049,0,14,-14,0.27,10,sell
8/06,2347,台新-五權西,0039004200320035,20,0,20,0.39,11,buy
8/06,2347,美林,1440,193,205,-12,0.23,11,sell
8/06,2347,香港上海匯豐,8960,70,51,19,0.37,12,buy
8/06,2347,國泰-台南,8884,0,9,-9,0.17,12,sell
8/06,2347,亞東,2180,20,2,18,0.35,13,buy
8/06,2347,凱基,9200,0,8,-8,0.15,13,sell
8/06,2347,台新-台南,0039004200310036,20,1,19,0.37,14,buy
8/06,2347,國泰-台中,8882,0,8,-8,0.15,14,sell
8/06,2347,富邦-高雄,9659,18,2,16,0.31,15,buy
8/06,2347,大昌-新竹,6463,0,7,-7,0.13,15,sell
8/06,3090,美林,1440,344,99,245,2.58,1,buy
8/06,3090,台灣摩根士丹利,1470,469,921,-452,4.76,1,sell
8/06,3090,新加坡商瑞銀,1650,345,126,219,2.31,2,buy
8/06,3090,群益金鼎-永和,003900310038004a,1,256,-255,2.69,2,sell
8/06,3090,富邦-板橋,9655,216,19,197,2.08,3,buy
8/06,3090,摩根大通,8440,228,367,-139,1.46,3,sell
8/06,3090,花旗環球,1590,168,10,158,1.66,4,buy
8/06,3090,美商高盛,1480,710,837,-127,1.34,4,sell
8/06,3090,華南永昌-竹北,9339,225,74,151,1.59,5,buy
8/06,3090,元大證券,9800,656,761,-105,1.11,5,sell
8/06,3090,新光,8560,151,79,72,0.76,6,buy
8/06,3090,元大-內湖民權,9867,10,103,-93,0.98,6,sell
8/06,3090,凱基-台北,9268,624,558,66,0.7,7,buy
8/06,3090,國票-敦北法人,0037003700390063,4,90,-86,0.91,7,sell
8/06,3090,台新,0039004200300030,99,39,60,0.63,8,buy
8/06,3090,國泰-敦南,8888,152,204,-52,0.55,8,sell
8/06,3090,國泰-板橋,003800380038004b,82,42,40,0.42,9,buy
8/06,3090,群益金鼎-館前,0039003100330059,3,54,-51,0.54,9,sell
8/06,3090,富邦-台北,9623,46,11,35,0.37,10,buy
8/06,3090,兆豐-三民,0037003000300068,35,82,-47,0.5,10,sell
8/06,3090,永全證券,6450,34,2,32,0.34,11,buy
8/06,3090,群益金鼎-忠孝,0039003100380057,1,39,-38,0.4,11,sell
8/06,3090,玉山證券,8840,42,11,31,0.33,12,buy
8/06,3090,元大-善化,0039003800310079,9,44,-35,0.37,12,sell
8/06,3090,凱基-台中,9204,38,7,31,0.33,13,buy
8/06,3090,元大-內湖,003900380039004e,13,48,-35,0.37,13,sell
8/06,3090,元大-永春,9852,34,4,30,0.32,14,buy
8/06,3090,國泰-台中,8882,23,58,-35,0.37,14,sell
8/06,3090,永豐金-潮州,0039004100390071,31,1,30,0.32,15,buy
8/06,3090,富邦-樹林,0039003600320045,10,42,-32,0.34,15,sell
8/06,8358,富邦證券,9600,1687,132,1555,7.47,1,buy
8/06,8358,永豐金證券,0039004100300030,219,2246,-2027,9.74,1,sell
8/06,8358,群益金鼎,9100,973,192,781,3.75,2,buy
8/06,8358,台灣摩根士丹利,1470,621,1269,-648,3.11,2,sell
8/06,8358,凱基-城中,9227,525,11,514,2.47,3,buy
8/06,8358,美林,1440,35,592,-557,2.68,3,sell
8/06,8358,元大證券,9800,2518,2070,448,2.15,4,buy
8/06,8358,凱基-台北,9268,1268,1539,-271,1.3,4,sell
8/06,8358,國票-敦北法人,0037003700390063,452,5,447,2.15,5,buy
8/06,8358,聯邦-高雄,8581,5,107,-102,0.49,5,sell
8/06,8358,國票-安和,003700370039005a,408,8,400,1.92,6,buy
8/06,8358,中國信託-高雄,003600310036004b,27,101,-74,0.36,6,sell
8/06,8358,美商高盛,1480,1314,1112,202,0.97,7,buy
8/06,8358,國泰-敦南,8888,524,586,-62,0.3,7,sell
8/06,8358,港商野村,1560,253,70,183,0.88,8,buy
8/06,8358,國泰-台南,8884,44,99,-55,0.26,8,sell
8/06,8358,群益金鼎-館前,0039003100330059,164,28,136,0.65,9,buy
8/06,8358,新加坡商瑞銀,1650,117,169,-52,0.25,9,sell
8/06,8358,摩根大通,8440,277,166,111,0.53,10,buy
8/06,8358,凱基,9200,2,53,-51,0.24,10,sell
8/06,8358,國泰-板橋,003800380038004b,187,83,104,0.5,11,buy
8/06,8358,元大-忠孝,9871,29,73,-44,0.21,11,sell
8/06,8358,凱基-敦北,9237,104,2,102,0.49,12,buy
8/06,8358,中國信託-文心,6164,20,60,-40,0.19,12,sell
8/06,8358,國泰證券,8880,114,24,90,0.43,13,buy
8/06,8358,富邦-南屯,9666,12,50,-38,0.18,13,sell
8/06,8358,法銀巴黎,8900,82,0,82,0.39,14,buy
8/06,8358,富邦-高雄,9659,18,53,-35,0.17,14,sell
8/06,8358,富邦-嘉義,9692,86,18,68,0.33,15,buy
8/06,8358,台新-松德,0039004200320061,7,37,-30,0.14,15,sell
8/06,2344,美林,1440,6733,3302,3431,1.85,1,buy
8/06,2344,摩根大通,8440,5779,15116,-9337,5.03,1,sell
8/06,2344,元大-松江,9801,1877,121,1756,0.95,2,buy
8/06,2344,美商高盛,1480,2635,9785,-7150,3.85,2,sell
8/06,2344,元大證券,9800,18231,16897,1334,0.72,3,buy
8/06,2344,台灣摩根士丹利,1470,4177,7147,-2970,1.6,3,sell
8/06,2344,永豐金證券,0039004100300030,2179,1043,1136,0.61,4,buy
8/06,2344,新加坡商瑞銀,1650,9970,12603,-2633,1.42,4,sell
8/06,2344,國泰-敦南,8888,6604,5868,736,0.4,5,buy
8/06,2344,凱基-城中,9227,157,1940,-1783,0.96,5,sell
8/06,2344,元大-桃興,9894,646,124,522,0.28,6,buy
8/06,2344,港商麥格理,1360,44,1594,-1550,0.84,6,sell
8/06,2344,兆豐證券,7000,519,72,447,0.24,7,buy
8/06,2344,富邦證券,9600,1168,2510,-1342,0.72,7,sell
8/06,2344,中國信託,6160,1032,596,436,0.23,8,buy
8/06,2344,統一,5850,1075,2370,-1295,0.7,8,sell
8/06,2344,花旗環球,1590,1052,652,400,0.22,9,buy
8/06,2344,群益金鼎,9100,988,1608,-620,0.33,9,sell
8/06,2344,華南永昌,9300,756,391,365,0.2,10,buy
8/06,2344,港商野村,1560,213,775,-562,0.3,10,sell
8/06,2344,凱基,9200,1585,1276,309,0.17,11,buy
8/06,2344,群益金鼎-館前,0039003100330059,131,690,-559,0.3,11,sell
8/06,2344,富邦-彰化,0039003600350055,344,55,289,0.16,12,buy
8/06,2344,凱基-台北,9268,10381,10768,-387,0.21,12,sell
8/06,2344,永豐金-豐原,0039004100390051,821,539,282,0.15,13,buy
8/06,2344,玉山-新莊,8842,346,712,-366,0.2,13,sell
8/06,2344,凱基-高美館,9215,391,110,281,0.15,14,buy
8/06,2344,亞東-板橋,2181,50,395,-345,0.19,14,sell
8/06,2344,凱基-台中,9204,386,107,279,0.15,15,buy
8/06,2344,國泰-松江,8883,300,616,-316,0.17,15,sell
8/06,5347,港商麥格理,1360,2028,63,1965,5.36,1,buy
8/06,5347,元大證券,9800,3481,6469,-2988,8.15,1,sell
8/06,5347,台灣摩根士丹利,1470,2353,883,1470,4.01,2,buy
8/06,5347,富邦證券,9600,383,2414,-2031,5.54,2,sell
8/06,5347,美林,1440,1079,375,704,1.92,3,buy
8/06,5347,台新-台北,0039004200320030,24,2053,-2029,5.54,3,sell
8/06,5347,摩根大通,8440,820,402,418,1.14,4,buy
8/06,5347,兆豐證券,7000,87,1395,-1308,3.57,4,sell
8/06,5347,康和,8450,407,0,407,1.11,5,buy
8/06,5347,凱基,9200,48,1232,-1184,3.23,5,sell
8/06,5347,國泰-敦南,8888,647,405,242,0.66,6,buy
8/06,5347,群益金鼎,9100,150,1107,-957,2.61,6,sell
8/06,5347,新光-新竹,8563,277,41,236,0.64,7,buy
8/06,5347,凱基-台北,9268,2716,3328,-612,1.67,7,sell
8/06,5347,法銀巴黎,8900,204,43,161,0.44,8,buy
8/06,5347,玉山證券,8840,81,620,-539,1.47,8,sell
8/06,5347,元大-大同,0039003800390047,164,19,145,0.4,9,buy
8/06,5347,花旗環球,1590,752,1176,-424,1.16,9,sell
8/06,5347,國泰-板橋,003800380038004b,172,51,121,0.33,10,buy
8/06,5347,群益金鼎-內湖,0039003100380064,8,403,-395,1.08,10,sell
8/06,5347,兆豐-竹北,7007,113,9,104,0.28,11,buy
8/06,5347,第一金,5380,20,362,-342,0.93,11,sell
8/06,5347,第一金-高雄,5383,104,8,96,0.26,12,buy
8/06,5347,中國信託,6160,68,313,-245,0.67,12,sell
8/06,5347,富邦-台北,9623,143,49,94,0.26,13,buy
8/06,5347,(牛牛牛)亞證券,6010,0,210,-210,0.57,13,sell
8/06,5347,台新-台中,0039004200310068,132,39,93,0.25,14,buy
8/06,5347,國泰證券,8880,124,315,-191,0.52,14,sell
8/06,5347,華南永昌-高雄,9303,97,7,90,0.25,15,buy
8/06,5347,臺銀,1040,25,209,-184,0.5,15,sell
8/06,9907,花旗環球,1590,646,150,496,8.51,1,buy
8/06,9907,永豐金證券,0039004100300030,21,1639,-1618,27.76,1,sell
8/06,9907,華南永昌-南京,9326,403,0,403,6.91,2,buy
8/06,9907,台灣摩根士丹利,1470,46,1210,-1164,19.97,2,sell
8/06,9907,凱基-豐中,9223,250,0,250,4.29,3,buy
8/06,9907,摩根大通,8440,310,714,-404,6.93,3,sell
8/06,9907,群益金鼎-館前,0039003100330059,131,1,130,2.23,4,buy
8/06,9907,元大-楊梅,0039003800370041,2,194,-192,3.29,4,sell
8/06,9907,永豐金-中壢,0039004100390039,107,0,107,1.84,5,buy
8/06,9907,美商高盛,1480,375,561,-186,3.19,5,sell
8/06,9907,永豐金-彰化,0039004100390073,103,0,103,1.77,6,buy
8/06,9907,港商野村,1560,0,182,-182,3.12,6,sell
8/06,9907,新光-台中,8561,105,8,97,1.66,7,buy
8/06,9907,群益金鼎-竹南,0039003100380069,0,40,-40,0.69,7,sell
8/06,9907,國泰-敦南,8888,91,1,90,1.54,8,buy
8/06,9907,元大-內湖,003900380039004e,2,39,-37,0.63,8,sell
8/06,9907,富邦-豐原,003900360033004c,75,0,75,1.29,9,buy
8/06,9907,美林,1440,147,174,-27,0.46,9,sell
8/06,9907,永豐金-天母,0039004100390047,69,0,69,1.18,10,buy
8/06,9907,凱基-台北,9268,101,127,-26,0.45,10,sell
8/06,9907,國泰-高雄,8881,49,1,48,0.82,11,buy
8/06,9907,群益金鼎-北高雄,0039003100330052,0,26,-26,0.45,11,sell
8/06,9907,臺銀-臺中,0031003000340041,43,0,43,0.74,12,buy
8/06,9907,富邦-台北,9623,4,27,-23,0.39,12,sell
8/06,9907,聯邦證券,8580,41,0,41,0.7,13,buy
8/06,9907,新加坡商瑞銀,1650,91,112,-21,0.36,13,sell
8/06,9907,兆豐-新莊,0037003000300077,40,0,40,0.69,14,buy
8/06,9907,元大-南投,0039003800310044,1,21,-20,0.34,14,sell
8/06,9907,群益金鼎-市府,0039003100300044,40,0,40,0.69,15,buy
8/06,9907,元大證券,9800,63,82,-19,0.33,15,sell
8/06,8150,摩根大通,8440,1589,373,1216,4.0,1,buy
8/06,8150,美林,1440,159,4677,-4518,14.88,1,sell
8/06,8150,凱基-台北,9268,3339,2232,1107,3.65,2,buy
8/06,8150,凱基-信義,9216,0,400,-400,1.32,2,sell
8/06,8150,美商高盛,1480,2556,1729,827,2.72,3,buy
8/06,8150,群益金鼎,9100,292,620,-328,1.08,3,sell
8/06,8150,兆豐-天母,003700300030004c,400,6,394,1.3,4,buy
8/06,8150,群益金鼎-忠孝,0039003100380057,7,302,-295,0.97,4,sell
8/06,8150,港商野村,1560,310,42,268,0.88,5,buy
8/06,8150,花旗環球,1590,148,393,-245,0.81,5,sell
8/06,8150,永豐金證券,0039004100300030,616,402,214,0.7,6,buy
8/06,8150,元大證券,9800,1870,1985,-115,0.38,6,sell
8/06,8150,台灣摩根士丹利,1470,1707,1520,187,0.62,7,buy
8/06,8150,港商麥格理,1360,0,111,-111,0.37,7,sell
8/06,8150,富邦-左營,0039003600360046,182,14,168,0.55,8,buy
8/06,8150,永豐金-松山,0039004100390031,9,119,-110,0.36,8,sell
8/06,8150,新加坡商瑞銀,1650,227,60,167,0.55,9,buy
8/06,8150,中國信託,6160,95,199,-104,0.34,9,sell
8/06,8150,統一,5850,362,211,151,0.5,10,buy
8/06,8150,群益金鼎-嘉義,003900310038004d,12,110,-98,0.32,10,sell
8/06,8150,凱基-民權,0039003200310043,141,27,114,0.38,11,buy
8/06,8150,富邦-木柵,003900360031004d,74,138,-64,0.21,11,sell
8/06,8150,國票-安和,003700370039005a,111,16,95,0.31,12,buy
8/06,8150,玉山-景美,8849,20,62,-42,0.14,12,sell
8/06,8150,國泰-敦南,8888,1158,1065,93,0.31,13,buy
8/06,8150,香港上海匯豐,8960,0,36,-36,0.12,13,sell
8/06,8150,中國信託-新竹,6165,71,12,59,0.19,14,buy
8/06,8150,富邦-和美,0039003600310050,16,50,-34,0.11,14,sell
8/06,8150,新光-桃園,8565,117,64,53,0.17,15,buy
8/06,8150,群益金鼎-板橋,0039003100380042,7,37,-30,0.1,15,sell
8/06,2492,美林,1440,1783,608,1175,4.6,1,buy
8/06,2492,台灣摩根士丹利,1470,876,4393,-3517,13.75,1,sell
8/06,2492,元大證券,9800,3183,2175,1008,3.94,2,buy
8/06,2492,美商高盛,1480,17,2039,-2022,7.91,2,sell
8/06,2492,凱基-台北,9268,2139,1835,304,1.19,3,buy
8/06,2492,摩根大通,8440,1715,2305,-590,2.31,3,sell
8/06,2492,永豐金證券,0039004100300030,728,500,228,0.89,4,buy
8/06,2492,台新,0039004200300030,175,324,-149,0.58,4,sell
8/06,2492,國票-敦北法人,0037003700390063,229,16,213,0.83,5,buy
8/06,2492,富邦證券,9600,23,147,-124,0.48,5,sell
8/06,2492,亞東-板橋,2181,207,2,205,0.8,6,buy
8/06,2492,國票-安和,003700370039005a,22,119,-97,0.38,6,sell
8/06,2492,大和國泰,8890,119,0,119,0.47,7,buy
8/06,2492,兆豐-民生,0037003000300063,11,107,-96,0.38,7,sell
8/06,2492,群益金鼎-館前,0039003100330059,139,29,110,0.43,8,buy
8/06,2492,國票證券,7790,18,86,-68,0.27,8,sell
8/06,2492,凱基-大安,9291,108,0,108,0.42,9,buy
8/06,2492,台新-台南,0039004200310036,36,96,-60,0.23,9,sell
8/06,2492,中國信託,6160,158,52,106,0.41,10,buy
8/06,2492,群益金鼎-敦南,9101,14,67,-53,0.21,10,sell
8/06,2492,永豐金-中正,0039004100390055,119,20,99,0.39,11,buy
8/06,2492,富邦-仁愛,9676,69,102,-33,0.13,11,sell
8/06,2492,法銀巴黎,8900,91,0,91,0.36,12,buy
8/06,2492,第一金-新興,0035003300380041,7,38,-31,0.12,12,sell
8/06,2492,宏遠證券,1260,110,21,89,0.35,13,buy
8/06,2492,國泰-館前,0038003800380041,38,67,-29,0.11,13,sell
8/06,2492,玉山證券,8840,114,31,83,0.32,14,buy
8/06,2492,統一-士林,003500380035004d,36,61,-25,0.1,14,sell
8/06,2492,富邦-台北,9623,106,24,82,0.32,15,buy
8/06,2492,富邦-敦南,9663,9,32,-23,0.09,15,sell
8/06,2385,港商野村,1560,782,91,691,13.22,1,buy
8/06,2385,玉山證券,8840,4,1130,-1126,21.54,1,sell
8/06,2385,美林,1440,739,381,358,6.85,2,buy
8/06,2385,永豐金證券,0039004100300030,14,398,-384,7.35,2,sell
8/06,2385,永豐金-竹科,0039004100390058,107,2,105,2.01,3,buy
8/06,2385,大和國泰,8890,0,236,-236,4.52,3,sell
8/06,2385,台灣摩根士丹利,1470,547,483,64,1.22,4,buy
8/06,2385,凱基-台北,9268,174,394,-220,4.21,4,sell
8/06,2385,國票-南科,0037003700390065,51,0,51,0.98,5,buy
8/06,2385,美商高盛,1480,10,227,-217,4.15,5,sell
8/06,2385,摩根大通,8440,152,107,45,0.86,6,buy
8/06,2385,新加坡商瑞銀,1650,19,230,-211,4.04,6,sell
8/06,2385,富邦-仁愛,9676,42,1,41,0.78,7,buy
8/06,2385,統一,5850,3,151,-148,2.83,7,sell
8/06,2385,臺銀-金山,0031003000340044,38,1,37,0.71,8,buy
8/06,2385,中國信託-文心,6164,4,100,-96,1.84,8,sell
8/06,2385,國泰-板橋,003800380038004b,41,5,36,0.69,9,buy
8/06,2385,台新-台中,0039004200310068,3,60,-57,1.09,9,sell
8/06,2385,富邦證券,9600,32,0,32,0.61,10,buy
8/06,2385,陽信-石牌,8711,7,62,-55,1.05,10,sell
8/06,2385,元大-太平,0039003800310051,30,2,28,0.54,11,buy
8/06,2385,凱基-竹東,9273,5,35,-30,0.57,11,sell
8/06,2385,玉山-大里,003800380034004a,25,0,25,0.48,12,buy
8/06,2385,富邦-台中,003900360035004b,1,31,-30,0.57,12,sell
8/06,2385,凱基-三重,9205,26,1,25,0.48,13,buy
8/06,2385,國泰-台中,8882,12,41,-29,0.55,13,sell
8/06,2385,群益金鼎-南京,0039003100380045,25,0,25,0.48,14,buy
8/06,2385,群益金鼎-東門,0039003100380044,2,21,-19,0.36,14,sell
8/06,2385,新光,8560,33,8,25,0.48,15,buy
8/06,2385,國泰-忠孝,8887,8,23,-15,0.29,15,sell
8/06,5483,美商高盛,1480,3270,1822,1448,7.43,1,buy
8/06,5483,花旗環球,1590,124,1973,-1849,9.49,1,sell
8/06,5483,凱基-台北,9268,2317,1678,639,3.28,2,buy
8/06,5483,中國信託,6160,55,1388,-1333,6.84,2,sell
8/06,5483,新加坡商瑞銀,1650,636,236,400,2.05,3,buy
8/06,5483,港商麥格理,1360,0,333,-333,1.71,3,sell
8/06,5483,台灣摩根士丹利,1470,860,549,311,1.6,4,buy
8/06,5483,摩根大通,8440,276,561,-285,1.46,4,sell
8/06,5483,美林,1440,193,9,184,0.94,5,buy
8/06,5483,群益金鼎,9100,45,300,-255,1.31,5,sell
8/06,5483,港商野村,1560,111,0,111,0.57,6,buy
8/06,5483,元大證券,9800,1164,1293,-129,0.66,6,sell
8/06,5483,元大-松江,9801,104,6,98,0.5,7,buy
8/06,5483,華南永昌,9300,35,149,-114,0.59,7,sell
8/06,5483,兆豐-彰化,0037003000300064,69,5,64,0.33,8,buy
8/06,5483,群益金鼎-新莊,0039003100380047,11,81,-70,0.36,8,sell
8/06,5483,國票-安和,003700370039005a,64,1,63,0.32,9,buy
8/06,5483,元大-文心,9868,5,63,-58,0.3,9,sell
8/06,5483,永豐金證券,0039004100300030,175,118,57,0.29,10,buy
8/06,5483,國泰-敦南,8888,387,444,-57,0.29,10,sell
8/06,5483,富邦-仁愛,9676,76,20,56,0.29,11,buy
8/06,5483,北城證券,7750,2,55,-53,0.27,11,sell
8/06,5483,永豐金-虎尾,0039004100390062,102,51,51,0.26,12,buy
8/06,5483,元大-竹科,003900380030004b,15,66,-51,0.26,12,sell
8/06,5483,玉山-城中,0038003800340045,53,4,49,0.25,13,buy
8/06,5483,元大-信義安和,0039003800300052,2,44,-42,0.22,13,sell
8/06,5483,富邦-台北,9623,119,70,49,0.25,14,buy
8/06,5483,元大-大里,0039003800310067,30,71,-41,0.21,14,sell
8/06,5483,元大-台中,9812,61,14,47,0.24,15,buy
8/06,5483,新光-台中,8561,68,108,-40,0.21,15,sell
8/06,0052,永豐金證券,0039004100300030,3552,717,2835,17.43,1,buy
8/06,0052,華南永昌,9300,11,4226,-4215,25.91,1,sell
8/06,0052,元大證券,9800,2313,1061,1252,7.7,2,buy
8/06,0052,新加坡商瑞銀,1650,995,2702,-1707,10.49,2,sell
8/06,0052,群益金鼎,9100,849,189,660,4.06,3,buy
8/06,0052,國泰證券,8880,154,670,-516,3.17,3,sell
8/06,0052,凱基-台北,9268,1302,670,632,3.89,4,buy
8/06,0052,中國信託,6160,58,230,-172,1.06,4,sell
8/06,0052,富邦證券,9600,470,14,456,2.8,5,buy
8/06,0052,凱基-高美館,9215,7,121,-114,0.7,5,sell
8/06,0052,台新,0039004200300030,299,70,229,1.41,6,buy
8/06,0052,玉山-高雄,8843,3,109,-106,0.65,6,sell
8/06,0052,統一,5850,310,101,209,1.28,7,buy
8/06,0052,國泰-忠孝,8887,7,94,-87,0.53,7,sell
8/06,0052,國票-安和,003700370039005a,165,54,111,0.68,8,buy
8/06,0052,國泰-台南,8884,12,86,-74,0.45,8,sell
8/06,0052,富邦-陽明,9604,109,22,87,0.53,9,buy
8/06,0052,元大-基隆孝二,003900380036004b,2,70,-68,0.42,9,sell
8/06,0052,新光,8560,372,301,71,0.44,10,buy
8/06,0052,國泰-館前,0038003800380041,52,119,-67,0.41,10,sell
8/06,0052,國泰-台中,8882,83,20,63,0.39,11,buy
8/06,0052,台灣企銀-民雄,0031003100310041,2,59,-57,0.35,11,sell
8/06,0052,宏遠證券,1260,61,0,61,0.38,12,buy
8/06,0052,兆豐-台中,7003,4,58,-54,0.33,12,sell
8/06,0052,中國信託-松江,6167,65,8,57,0.35,13,buy
8/06,0052,光和-高雄,0036003300380044,0,50,-50,0.31,13,sell
8/06,0052,康和,8450,139,86,53,0.33,14,buy
8/06,0052,中國信託-文心,6164,10,55,-45,0.28,14,sell
8/06,0052,群益金鼎-天母,0039003100380050,60,8,52,0.32,15,buy
8/06,0052,元大-大益,9814,1,44,-43,0.26,15,sell
