date,stock_code,broker_name,broker_id,buy_vol,sell_vol,net_vol,pct,rank,side
7/31,2330,元大證券,9800,7562,2301,5261,8.22,1,buy
7/31,2330,港商麥格理,1360,949,3965,-3016,4.71,1,sell
7/31,2330,美林,1440,5857,857,5000,7.81,2,buy
7/31,2330,永豐金-匯立,0039004100380031,508,2965,-2457,3.84,2,sell
7/31,2330,美商高盛,1480,4357,1247,3110,4.86,3,buy
7/31,2330,國泰-敦南,8888,455,1205,-750,1.17,3,sell
7/31,2330,台灣摩根士丹利,1470,4868,2294,2574,4.02,4,buy
7/31,2330,新光,8560,179,489,-310,0.48,4,sell
7/31,2330,摩根大通,8440,5775,3375,2400,3.75,5,buy
7/31,2330,玉山證券,8840,40,348,-308,0.48,5,sell
7/31,2330,富邦證券,9600,3482,1213,2269,3.54,6,buy
7/31,2330,國泰-台中,8882,86,366,-280,0.44,6,sell
7/31,2330,永豐金證券,0039004100300030,2393,453,1940,3.03,7,buy
7/31,2330,台新,0039004200300030,96,352,-256,0.4,7,sell
7/31,2330,法銀巴黎,8900,2086,148,1938,3.03,8,buy
7/31,2330,富邦-南京,0039003600310043,10,253,-243,0.38,8,sell
7/31,2330,群益金鼎,9100,1996,335,1661,2.59,9,buy
7/31,2330,富邦-新竹,9647,49,268,-219,0.34,9,sell
7/31,2330,凱基,9200,1433,353,1080,1.69,10,buy
7/31,2330,國泰-館前,0038003800380041,56,263,-207,0.32,10,sell
7/31,2330,統一,5850,912,112,800,1.25,11,buy
7/31,2330,台新-台中,0039004200310068,38,237,-199,0.31,11,sell
7/31,2330,國泰證券,8880,917,151,766,1.2,12,buy
7/31,2330,兆豐-新竹,0037003000300056,8,201,-193,0.3,12,sell
7/31,2330,香港上海匯豐,8960,983,260,723,1.13,13,buy
7/31,2330,國泰-板橋,003800380038004b,53,242,-189,0.3,13,sell
7/31,2330,新加坡商瑞銀,1650,3917,3286,631,0.99,14,buy
7/31,2330,富邦-台北,9623,38,211,-173,0.27,14,sell
7/31,2330,港商野村,1560,877,431,446,0.7,15,buy
7/31,2330,彰銀,1230,2,175,-173,0.27,15,sell
7/31,2317,台灣摩根士丹利,1470,16095,1000,15095,15.25,1,buy
7/31,2317,元大-府城,0039003800300075,3,1562,-1559,1.57,1,sell
7/31,2317,元大證券,9800,13674,4292,9382,9.48,2,buy
7/31,2317,國泰-敦南,8888,812,2074,-1262,1.27,2,sell
7/31,2317,美商高盛,1480,9983,1739,8244,8.33,3,buy
7/31,2317,大和國泰,8890,0,1194,-1194,1.21,3,sell
7/31,2317,新加坡商瑞銀,1650,8401,1693,6708,6.78,4,buy
7/31,2317,港商麥格理,1360,1178,2161,-983,0.99,4,sell
7/31,2317,美林,1440,7135,2416,4719,4.77,5,buy
7/31,2317,新光,8560,214,954,-740,0.75,5,sell
7/31,2317,摩根大通,8440,5591,1745,3846,3.89,6,buy
7/31,2317,臺銀,1040,41,624,-583,0.59,6,sell
7/31,2317,富邦證券,9600,3247,73,3174,3.21,7,buy
7/31,2317,永豐金-匯立,0039004100380031,34,564,-530,0.54,7,sell
7/31,2317,凱基-台北,9268,4953,2312,2641,2.67,8,buy
7/31,2317,中國信託-三重,6161,8,508,-500,0.51,8,sell
7/31,2317,凱基,9200,1540,18,1522,1.54,9,buy
7/31,2317,國泰-台中,8882,175,650,-475,0.48,9,sell
7/31,2317,兆豐證券,7000,1560,192,1368,1.38,10,buy
7/31,2317,台新,0039004200300030,572,1036,-464,0.47,10,sell
7/31,2317,港商野村,1560,2565,1480,1085,1.1,11,buy
7/31,2317,中國信託,6160,217,640,-423,0.43,11,sell
7/31,2317,花旗環球,1590,1232,349,883,0.89,12,buy
7/31,2317,國泰-館前,0038003800380041,123,527,-404,0.41,12,sell
7/31,2317,法銀巴黎,8900,882,135,747,0.75,13,buy
7/31,2317,富邦-陽明,9604,91,464,-373,0.38,13,sell
7/31,2317,永豐金證券,0039004100300030,911,480,431,0.44,14,buy
7/31,2317,統一-新竹,5857,22,384,-362,0.37,14,sell
7/31,2317,凱基-站前,0039003200300046,615,191,424,0.43,15,buy
7/31,2317,中國信託-新竹,6165,26,388,-362,0.37,15,sell
7/31,2454,元大證券,9800,678,45,633,19.63,1,buy
7/31,2454,永豐金-匯立,0039004100380031,0,431,-431,13.37,1,sell
7/31,2454,凱基,9200,504,0,504,15.63,2,buy
7/31,2454,港商麥格理,1360,4,266,-262,8.13,2,sell
7/31,2454,凱基-信義,9216,239,10,229,7.1,3,buy
7/31,2454,台灣摩根士丹利,1470,87,317,-230,7.13,3,sell
7/31,2454,富邦證券,9600,332,189,143,4.44,4,buy
7/31,2454,美林,1440,68,271,-203,6.3,4,sell
7/31,2454,香港上海匯豐,8960,124,11,113,3.5,5,buy
7/31,2454,新加坡商瑞銀,1650,4,160,-156,4.84,5,sell
7/31,2454,摩根大通,8440,276,163,113,3.5,6,buy
7/31,2454,美商高盛,1480,10,114,-104,3.23,6,sell
7/31,2454,凱基-城中,9227,93,1,92,2.85,7,buy
7/31,2454,國泰-敦南,8888,5,40,-35,1.09,7,sell
7/31,2454,元大-松江,9801,90,3,87,2.7,8,buy
7/31,2454,台新-台北,0039004200320030,0,21,-21,0.65,8,sell
7/31,2454,凱基-松山,9217,70,1,69,2.14,9,buy
7/31,2454,國泰-板橋,003800380038004b,1,16,-15,0.47,9,sell
7/31,2454,凱基-台北,9268,92,27,65,2.02,10,buy
7/31,2454,富邦-永和,9654,6,18,-12,0.37,10,sell
7/31,2454,統一,5850,51,1,50,1.55,11,buy
7/31,2454,元大-新莊,9898,0,10,-10,0.31,11,sell
7/31,2454,國票-敦北法人,0037003700390063,40,0,40,1.24,12,buy
7/31,2454,富邦-仁愛,9676,0,10,-10,0.31,12,sell
7/31,2454,國票-安和,003700370039005a,41,2,39,1.21,13,buy
7/31,2454,玉山-高雄,8843,3,12,-9,0.28,13,sell
7/31,2454,統一-城中,5854,40,10,30,0.93,14,buy
7/31,2454,國泰-台中,8882,0,10,-10,0.31,14,sell
7/31,2454,群益金鼎,9100,22,1,21,0.65,15,buy
7/31,2454,新光,8560,1,10,-9,0.28,15,sell
7/31,2308,台灣摩根士丹利,1470,4034,2414,1620,5.17,1,buy
7/31,2308,法銀巴黎,8900,149,2282,-2133,6.81,1,sell
7/31,2308,花旗環球,1590,1326,269,1057,3.37,2,buy
7/31,2308,摩根大通,8440,1593,3061,-1468,4.68,2,sell
7/31,2308,凱基,9200,1047,97,950,3.03,3,buy
7/31,2308,港商麥格理,1360,466,1678,-1212,3.87,3,sell
7/31,2308,國泰證券,8880,571,23,548,1.75,4,buy
7/31,2308,美林,1440,608,1777,-1169,3.73,4,sell
7/31,2308,統一,5850,712,189,523,1.67,5,buy
7/31,2308,凱基-台北,9268,1479,2462,-983,3.14,5,sell
7/31,2308,富邦證券,9600,638,245,393,1.25,6,buy
7/31,2308,香港上海匯豐,8960,34,602,-568,1.81,6,sell
7/31,2308,港商野村,1560,931,641,290,0.93,7,buy
7/31,2308,美商高盛,1480,704,1202,-498,1.59,7,sell
7/31,2308,台新,0039004200300030,316,86,230,0.73,8,buy
7/31,2308,元大證券,9800,2173,2538,-365,1.16,8,sell
7/31,2308,永豐金證券,0039004100300030,462,262,200,0.64,9,buy
7/31,2308,新加坡商瑞銀,1650,1488,1772,-284,0.91,9,sell
7/31,2308,華南永昌,9300,180,65,115,0.37,10,buy
7/31,2308,元大-南京,9862,15,147,-132,0.42,10,sell
7/31,2308,兆豐證券,7000,115,2,113,0.36,11,buy
7/31,2308,凱基-永和,9207,0,81,-81,0.26,11,sell
7/31,2308,台新-五權西,0039004200320035,121,8,113,0.36,12,buy
7/31,2308,國票-安和,003700370039005a,26,83,-57,0.18,12,sell
7/31,2308,康和,8450,108,16,92,0.29,13,buy
7/31,2308,凱基-信義,9216,5,58,-53,0.17,13,sell
7/31,2308,永豐金-匯立,0039004100380031,169,82,87,0.28,14,buy
7/31,2308,第一金-中山,5389,3,38,-35,0.11,14,sell
7/31,2308,國泰-敦南,8888,550,463,87,0.28,15,buy
7/31,2308,群益金鼎-大甲,0039003100380067,1,34,-33,0.11,15,sell
7/31,2382,新加坡商瑞銀,1650,3677,791,2886,5.98,1,buy
7/31,2382,美林,1440,820,3577,-2757,5.72,1,sell
7/31,2382,台灣摩根士丹利,1470,4454,2111,2343,4.86,2,buy
7/31,2382,港商野村,1560,1051,2956,-1905,3.95,2,sell
7/31,2382,美商高盛,1480,1896,1099,797,1.65,3,buy
7/31,2382,港商麥格理,1360,418,2240,-1822,3.78,3,sell
7/31,2382,玉山證券,8840,385,98,287,0.6,4,buy
7/31,2382,大和國泰,8890,0,1200,-1200,2.49,4,sell
7/31,2382,群益金鼎-西松,9136,276,17,259,0.54,5,buy
7/31,2382,摩根大通,8440,2335,3309,-974,2.02,5,sell
7/31,2382,中國信託,6160,366,127,239,0.5,6,buy
7/31,2382,法銀巴黎,8900,253,1010,-757,1.57,6,sell
7/31,2382,國票-安和,003700370039005a,191,16,175,0.36,7,buy
7/31,2382,凱基-台北,9268,2599,3122,-523,1.08,7,sell
7/31,2382,(牛牛牛)亞-鑫豐,0036003000310064,197,28,169,0.35,8,buy
7/31,2382,富邦證券,9600,509,983,-474,0.98,8,sell
7/31,2382,台新,0039004200300030,533,365,168,0.35,9,buy
7/31,2382,元大證券,9800,4508,4955,-447,0.93,9,sell
7/31,2382,永豐金證券,0039004100300030,628,484,144,0.3,10,buy
7/31,2382,元大-中山北路,0039003800300061,45,158,-113,0.23,10,sell
7/31,2382,元大-竹科,003900380030004b,144,10,134,0.28,11,buy
7/31,2382,統一-新竹,5857,37,137,-100,0.21,11,sell
7/31,2382,富邦-台北,9623,232,104,128,0.27,12,buy
7/31,2382,德信,6910,2,76,-74,0.15,12,sell
7/31,2382,富邦-員林,9672,148,22,126,0.26,13,buy
7/31,2382,永豐金-匯立,0039004100380031,0,67,-67,0.14,13,sell
7/31,2382,凱基,9200,214,96,118,0.24,14,buy
7/31,2382,國泰證券,8880,73,130,-57,0.12,14,sell
7/31,2382,國泰-敦南,8888,1089,978,111,0.23,15,buy
7/31,2382,台中銀,6110,14,71,-57,0.12,15,sell
7/31,2891,摩根大通,8440,9058,3275,5783,12.01,1,buy
7/31,2891,港商麥格理,1360,1806,6773,-4967,10.31,1,sell
7/31,2891,美林,1440,3539,232,3307,6.87,2,buy
7/31,2891,第一金,5380,1,3522,-3521,7.31,2,sell
7/31,2891,台灣摩根士丹利,1470,5247,2243,3004,6.24,3,buy
7/31,2891,富邦證券,9600,228,2003,-1775,3.69,3,sell
7/31,2891,新加坡商瑞銀,1650,4024,1544,2480,5.15,4,buy
7/31,2891,土銀,1030,19,1529,-1510,3.14,4,sell
7/31,2891,元大證券,9800,3804,2076,1728,3.59,5,buy
7/31,2891,凱基-台北,9268,1685,2886,-1201,2.49,5,sell
7/31,2891,港商野村,1560,1624,150,1474,3.06,6,buy
7/31,2891,永豐金-萬盛,0039004100390032,6,899,-893,1.85,6,sell
7/31,2891,美商高盛,1480,4790,3331,1459,3.03,7,buy
7/31,2891,兆豐證券,7000,10,661,-651,1.35,7,sell
7/31,2891,法銀巴黎,8900,1381,238,1143,2.37,8,buy
7/31,2891,元大-學甲,003900380033004b,0,451,-451,0.94,8,sell
7/31,2891,永豐金證券,0039004100300030,1561,427,1134,2.35,9,buy
7/31,2891,中國信託,6160,41,329,-288,0.6,9,sell
7/31,2891,統一,5850,1011,44,967,2.01,10,buy
7/31,2891,台新,0039004200300030,19,305,-286,0.59,10,sell
7/31,2891,國泰證券,8880,726,20,706,1.47,11,buy
7/31,2891,新光,8560,140,405,-265,0.55,11,sell
7/31,2891,康和,8450,500,20,480,1.0,12,buy
7/31,2891,國泰-敦南,8888,187,444,-257,0.53,12,sell
7/31,2891,群益金鼎-永和,003900310038004a,305,21,284,0.59,13,buy
7/31,2891,元大-蘆洲,9857,2,244,-242,0.5,13,sell
7/31,2891,群益金鼎,9100,352,120,232,0.48,14,buy
7/31,2891,元大-楊梅,0039003800370041,44,285,-241,0.5,14,sell
7/31,2891,華南永昌-嘉義,9314,202,2,200,0.42,15,buy
7/31,2891,香港上海匯豐,8960,51,284,-233,0.48,15,sell
7/31,2881,台灣摩根士丹利,1470,4484,703,3781,11.51,1,buy
7/31,2881,群益金鼎-中壢,0039003100380041,1,1801,-1800,5.48,1,sell
7/31,2881,新加坡商瑞銀,1650,3704,1079,2625,7.99,2,buy
7/31,2881,港商麥格理,1360,15,1569,-1554,4.73,2,sell
7/31,2881,富邦證券,9600,1515,21,1494,4.55,3,buy
7/31,2881,華南永昌-岡山,9324,1,1059,-1058,3.22,3,sell
7/31,2881,港商野村,1560,919,9,910,2.77,4,buy
7/31,2881,凱基-台北,9268,1416,2332,-916,2.79,4,sell
7/31,2881,兆豐證券,7000,1016,109,907,2.76,5,buy
7/31,2881,國泰-敦南,8888,55,438,-383,1.17,5,sell
7/31,2881,美林,1440,1391,624,767,2.34,6,buy
7/31,2881,摩根大通,8440,1140,1449,-309,0.94,6,sell
7/31,2881,台灣企銀,1110,735,26,709,2.16,7,buy
7/31,2881,富邦-台北,9623,7,264,-257,0.78,7,sell
7/31,2881,花旗環球,1590,819,151,668,2.03,8,buy
7/31,2881,永豐金-新莊,0039004100390048,1,207,-206,0.63,8,sell
7/31,2881,統一,5850,648,18,630,1.92,9,buy
7/31,2881,富邦-仁愛,9676,9,214,-205,0.62,9,sell
7/31,2881,永豐金證券,0039004100300030,642,99,543,1.65,10,buy
7/31,2881,凱基-中壢,9285,2,205,-203,0.62,10,sell
7/31,2881,法銀巴黎,8900,607,75,532,1.62,11,buy
7/31,2881,元大-北屯,0039003800390064,1,205,-204,0.62,11,sell
7/31,2881,元大證券,9800,3285,2897,388,1.18,12,buy
7/31,2881,(牛牛牛)亞-鑫豐,0036003000310064,334,523,-189,0.58,12,sell
7/31,2881,合庫證券,1020,390,32,358,1.09,13,buy
7/31,2881,臺銀,1040,3,181,-178,0.54,13,sell
7/31,2881,美商高盛,1480,3274,3069,205,0.62,14,buy
7/31,2881,台新-新店,0039004200320032,3,168,-165,0.5,14,sell
7/31,2881,第一金-新興,0035003300380041,200,13,187,0.57,15,buy
7/31,2881,新光,8560,61,207,-146,0.44,15,sell
7/31,2882,摩根大通,8440,5597,1887,3710,8.96,1,buy
7/31,2882,港商麥格理,1360,113,1822,-1709,4.13,1,sell
7/31,2882,美林,1440,3421,154,3267,7.89,2,buy
7/31,2882,國泰-敦南,8888,202,967,-765,1.85,2,sell
7/31,2882,台灣摩根士丹利,1470,3524,1046,2478,5.99,3,buy
7/31,2882,新光,8560,20,785,-765,1.85,3,sell
7/31,2882,新加坡商瑞銀,1650,3197,780,2417,5.84,4,buy
7/31,2882,元大-士林,003900380031006a,0,562,-562,1.36,4,sell
7/31,2882,元大證券,9800,5306,3545,1761,4.25,5,buy
7/31,2882,華南永昌-岡山,9324,0,522,-522,1.26,5,sell
7/31,2882,港商野村,1560,1808,53,1755,4.24,6,buy
7/31,2882,國泰-板橋,003800380038004b,26,497,-471,1.14,6,sell
7/31,2882,美商高盛,1480,3752,2223,1529,3.69,7,buy
7/31,2882,土銀,1030,3,438,-435,1.05,7,sell
7/31,2882,法銀巴黎,8900,1366,103,1263,3.05,8,buy
7/31,2882,富邦-建國,9658,13,386,-373,0.9,8,sell
7/31,2882,富邦證券,9600,1740,526,1214,2.93,9,buy
7/31,2882,凱基-高雄,9206,124,453,-329,0.79,9,sell
7/31,2882,台灣企銀,1110,1019,40,979,2.37,10,buy
7/31,2882,永豐金-新莊,0039004100390048,2,301,-299,0.72,10,sell
7/31,2882,凱基-台北,9268,1622,656,966,2.33,11,buy
7/31,2882,永豐金-竹科,0039004100390058,1,278,-277,0.67,11,sell
7/31,2882,合庫證券,1020,507,46,461,1.11,12,buy
7/31,2882,國泰-館前,0038003800380041,8,243,-235,0.57,12,sell
7/31,2882,統一,5850,500,90,410,0.99,13,buy
7/31,2882,元大-北屯,0039003800390064,35,261,-226,0.55,13,sell
7/31,2882,凱基-彰化,0039003200300047,391,18,373,0.9,14,buy
7/31,2882,元大-敦南,0039003800390050,2,212,-210,0.51,14,sell
7/31,2882,台新-虎尾,003900420032004e,286,0,286,0.69,15,buy
7/31,2882,華南永昌-台南,9306,1,208,-207,0.5,15,sell
7/31,2303,元大證券,9800,8482,1108,7374,16.27,1,buy
7/31,2303,新加坡商瑞銀,1650,0,8093,-8093,17.86,1,sell
7/31,2303,凱基,9200,5115,2,5113,11.28,2,buy
7/31,2303,台灣摩根士丹利,1470,0,6390,-6390,14.1,2,sell
7/31,2303,富邦證券,9600,3925,75,3850,8.49,3,buy
7/31,2303,美林,1440,0,2423,-2423,5.35,3,sell
7/31,2303,元大-松江,9801,3601,20,3581,7.9,4,buy
7/31,2303,港商麥格理,1360,115,2174,-2059,4.54,4,sell
7/31,2303,統一,5850,3184,25,3159,6.97,5,buy
7/31,2303,美商高盛,1480,0,1014,-1014,2.24,5,sell
7/31,2303,凱基-信義,9216,2002,8,1994,4.4,6,buy
7/31,2303,港商野村,1560,50,939,-889,1.96,6,sell
7/31,2303,元大-土城永寧,9875,2000,33,1967,4.34,7,buy
7/31,2303,永豐金-竹科,0039004100390058,0,515,-515,1.14,7,sell
7/31,2303,元大-士林,003900380031006a,1512,34,1478,3.26,8,buy
7/31,2303,國泰-敦南,8888,40,471,-431,0.95,8,sell
7/31,2303,元大-台北,0039003800300068,898,35,863,1.9,9,buy
7/31,2303,國泰-板橋,003800380038004b,0,260,-260,0.57,9,sell
7/31,2303,凱基-城中,9227,899,61,838,1.85,10,buy
7/31,2303,元大-新竹經國,9859,0,227,-227,0.5,10,sell
7/31,2303,國票-安和,003700370039005a,845,25,820,1.81,11,buy
7/31,2303,凱基-新莊,0039003200310053,6,207,-201,0.44,11,sell
7/31,2303,凱基-台北,9268,1712,973,739,1.63,12,buy
7/31,2303,兆豐證券,7000,25,205,-180,0.4,12,sell
7/31,2303,群益金鼎,9100,592,49,543,1.2,13,buy
7/31,2303,元大-民生三民,0039003800390058,0,172,-172,0.38,13,sell
7/31,2303,元大-新莊,9898,501,58,443,0.98,14,buy
7/31,2303,富邦-嘉義,9692,370,532,-162,0.36,14,sell
7/31,2303,凱基-站前,0039003200300046,443,29,414,0.91,15,buy
7/31,2303,彰銀,1230,0,156,-156,0.34,15,sell
7/31,3711,元大-松江,9801,2700,2,2698,35.94,1,buy
7/31,3711,美商高盛,1480,0,1802,-1802,24.0,1,sell
7/31,3711,富邦證券,9600,697,1,696,9.27,2,buy
7/31,3711,港商麥格理,1360,0,599,-599,7.98,2,sell
7/31,3711,凱基-城中,9227,311,0,311,4.14,3,buy
7/31,3711,新加坡商瑞銀,1650,0,457,-457,6.09,3,sell
7/31,3711,永豐金-虎尾,0039004100390062,276,0,276,3.68,4,buy
7/31,3711,美林,1440,204,629,-425,5.66,4,sell
7/31,3711,國票-安和,003700370039005a,279,8,271,3.61,5,buy
7/31,3711,永豐金-匯立,0039004100380031,0,304,-304,4.05,5,sell
7/31,3711,港商野村,1560,300,31,269,3.58,6,buy
7/31,3711,台灣摩根士丹利,1470,6,241,-235,3.13,6,sell
7/31,3711,元大證券,9800,378,113,265,3.53,7,buy
7/31,3711,凱基-站前,0039003200300046,37,227,-190,2.53,7,sell
7/31,3711,統一,5850,519,328,191,2.54,8,buy
7/31,3711,花旗環球,1590,0,161,-161,2.14,8,sell
7/31,3711,群益金鼎,9100,208,26,182,2.42,9,buy
7/31,3711,凱基-台北,9268,11,101,-90,1.2,9,sell
7/31,3711,元大-忠孝鼎富,0039003800320046,146,0,146,1.94,10,buy
7/31,3711,元大-竹北,0039003800310042,0,83,-83,1.11,10,sell
7/31,3711,元大-土城永寧,9875,125,1,124,1.65,11,buy
7/31,3711,富邦-仁愛,9676,0,78,-78,1.04,11,sell
7/31,3711,元大-中崙,9813,125,2,123,1.64,12,buy
7/31,3711,香港上海匯豐,8960,0,58,-58,0.77,12,sell
7/31,3711,群益金鼎-館前,0039003100330059,100,3,97,1.29,13,buy
7/31,3711,美好-楊梅,5262,0,41,-41,0.55,13,sell
7/31,3711,凱基-板橋,0039003200300041,85,5,80,1.07,14,buy
7/31,3711,彰銀,1230,0,31,-31,0.41,14,sell
7/31,3711,摩根大通,8440,376,302,74,0.99,15,buy
7/31,3711,第一金-中山,5389,0,30,-30,0.4,15,sell
7/31,2603,台灣摩根士丹利,1470,808,70,738,10.74,1,buy
7/31,2603,香港上海匯豐,8960,3,709,-706,10.28,1,sell
7/31,2603,美林,1440,629,20,609,8.87,2,buy
7/31,2603,摩根大通,8440,185,856,-671,9.77,2,sell
7/31,2603,新加坡商瑞銀,1650,731,228,503,7.32,3,buy
7/31,2603,港商麥格理,1360,0,186,-186,2.71,3,sell
7/31,2603,花旗環球,1590,599,127,472,6.87,4,buy
7/31,2603,國泰-館前,0038003800380041,8,88,-80,1.16,4,sell
7/31,2603,凱基-台北,9268,448,196,252,3.67,5,buy
7/31,2603,富邦-板橋,9655,15,95,-80,1.16,5,sell
7/31,2603,美商高盛,1480,651,406,245,3.57,6,buy
7/31,2603,台中銀,6110,0,52,-52,0.76,6,sell
7/31,2603,元大證券,9800,413,235,178,2.59,7,buy
7/31,2603,國泰-板橋,003800380038004b,34,87,-53,0.77,7,sell
7/31,2603,凱基,9200,128,0,128,1.86,8,buy
7/31,2603,凱基-長庚,9233,4,52,-48,0.7,8,sell
7/31,2603,華南永昌-中正,9359,78,1,77,1.12,9,buy
7/31,2603,國泰-敦南,8888,76,123,-47,0.68,9,sell
7/31,2603,富邦證券,9600,77,7,70,1.02,10,buy
7/31,2603,新光,8560,28,60,-32,0.47,10,sell
7/31,2603,法銀巴黎,8900,83,16,67,0.98,11,buy
7/31,2603,元大-博愛,0039003800320042,0,29,-29,0.42,11,sell
7/31,2603,華南永昌,9300,52,5,47,0.68,12,buy
7/31,2603,統一-中壢,5853,1,28,-27,0.39,12,sell
7/31,2603,華南永昌-嘉義,9314,40,0,40,0.58,13,buy
7/31,2603,中國信託-高雄,003600310036004b,0,24,-24,0.35,13,sell
7/31,2603,臺銀-臺南,1042,50,13,37,0.54,14,buy
7/31,2603,富邦-仁愛,9676,4,27,-23,0.33,14,sell
7/31,2603,元大-台南,9896,23,1,22,0.32,15,buy
7/31,2603,元大-羅東,0039003800320041,0,23,-23,0.33,15,sell
7/31,2609,台灣摩根士丹利,1470,5318,754,4564,22.43,1,buy
7/31,2609,凱基-台北,9268,323,1640,-1317,6.47,1,sell
7/31,2609,新加坡商瑞銀,1650,2736,1106,1630,8.01,2,buy
7/31,2609,華南永昌,9300,1,907,-906,4.45,2,sell
7/31,2609,美林,1440,780,227,553,2.72,3,buy
7/31,2609,第一金,5380,0,666,-666,3.27,3,sell
7/31,2609,凱基-東港,9212,555,20,535,2.63,4,buy
7/31,2609,兆豐-大同,0037003000300053,1,584,-583,2.86,4,sell
7/31,2609,富邦證券,9600,707,173,534,2.62,5,buy
7/31,2609,美商高盛,1480,1103,1447,-344,1.69,5,sell
7/31,2609,花旗環球,1590,323,120,203,1.0,6,buy
7/31,2609,港商麥格理,1360,0,301,-301,1.48,6,sell
7/31,2609,港商野村,1560,328,128,200,0.98,7,buy
7/31,2609,國泰-敦南,8888,150,324,-174,0.85,7,sell
7/31,2609,摩根大通,8440,679,507,172,0.85,8,buy
7/31,2609,玉山-台南,8847,13,181,-168,0.83,8,sell
7/31,2609,安泰-楠梓,8382,90,0,90,0.44,9,buy
7/31,2609,富邦-左營,0039003600360046,2,140,-138,0.68,9,sell
7/31,2609,台新-三民,0039004200310033,70,6,64,0.31,10,buy
7/31,2609,中國信託,6160,32,132,-100,0.49,10,sell
7/31,2609,永興-台中,5603,53,0,53,0.26,11,buy
7/31,2609,富邦-高雄,9659,4,98,-94,0.46,11,sell
7/31,2609,富邦-台中,003900360035004b,52,3,49,0.24,12,buy
7/31,2609,兆豐-竹北,7007,15,105,-90,0.44,12,sell
7/31,2609,華南永昌-中正,9359,34,1,33,0.16,13,buy
7/31,2609,台新-大裕,003900420032006c,12,101,-89,0.44,13,sell
7/31,2609,兆豐證券,7000,32,0,32,0.16,14,buy
7/31,2609,台新-板橋,0039004200320062,22,103,-81,0.4,14,sell
7/31,2609,凱基,9200,33,2,31,0.15,15,buy
7/31,2609,台新-中壢,0039004200310079,4,75,-71,0.35,15,sell
7/31,2615,台灣摩根士丹利,1470,809,61,748,7.92,1,buy
7/31,2615,華南永昌,9300,117,402,-285,3.02,1,sell
7/31,2615,美林,1440,573,178,395,4.18,2,buy
7/31,2615,第一金,5380,0,260,-260,2.75,2,sell
7/31,2615,元大證券,9800,684,385,299,3.17,3,buy
7/31,2615,凱基,9200,46,288,-242,2.56,3,sell
7/31,2615,花旗環球,1590,305,39,266,2.82,4,buy
7/31,2615,香港上海匯豐,8960,0,205,-205,2.17,4,sell
7/31,2615,港商野村,1560,248,4,244,2.58,5,buy
7/31,2615,元大-台北,0039003800300068,0,125,-125,1.32,5,sell
7/31,2615,美商高盛,1480,572,378,194,2.05,6,buy
7/31,2615,港商麥格理,1360,0,121,-121,1.28,6,sell
7/31,2615,群益金鼎,9100,224,35,189,2.0,7,buy
7/31,2615,元大-基隆孝二,003900380036004b,1,119,-118,1.25,7,sell
7/31,2615,法銀巴黎,8900,216,64,152,1.61,8,buy
7/31,2615,華南永昌-南京,9326,8,122,-114,1.21,8,sell
7/31,2615,元大-員林中山,9835,112,2,110,1.16,9,buy
7/31,2615,元大-南勢角,0039003800340045,37,138,-101,1.07,9,sell
7/31,2615,摩根大通,8440,152,51,101,1.07,10,buy
7/31,2615,富邦-竹北,9624,1,102,-101,1.07,10,sell
7/31,2615,光和,6380,100,2,98,1.04,11,buy
7/31,2615,玉山-台南,8847,5,88,-83,0.88,11,sell
7/31,2615,合庫證券,1020,105,32,73,0.77,12,buy
7/31,2615,國泰-高雄,8881,15,69,-54,0.57,12,sell
7/31,2615,臺銀,1040,92,27,65,0.69,13,buy
7/31,2615,玉山-板橋,8846,0,52,-52,0.55,13,sell
7/31,2615,陽信-石牌,8711,51,1,50,0.53,14,buy
7/31,2615,群益金鼎-館前,0039003100330059,2,54,-52,0.55,14,sell
7/31,2615,富邦-和美,0039003600310050,50,10,40,0.42,15,buy
7/31,2615,中國信託,6160,21,72,-51,0.54,15,sell
7/31,2618,台灣摩根士丹利,1470,11465,402,11063,16.02,1,buy
7/31,2618,合庫證券,1020,25,7218,-7193,10.42,1,sell
7/31,2618,花旗環球,1590,7825,0,7825,11.33,2,buy
7/31,2618,國泰證券,8880,1,4250,-4249,6.15,2,sell
7/31,2618,新加坡商瑞銀,1650,8484,1914,6570,9.52,3,buy
7/31,2618,富邦證券,9600,179,2611,-2432,3.52,3,sell
7/31,2618,美商高盛,1480,5572,1385,4187,6.06,4,buy
7/31,2618,凱基,9200,215,1287,-1072,1.55,4,sell
7/31,2618,元大證券,9800,7164,4606,2558,3.7,5,buy
7/31,2618,統一-宜蘭,0035003800350053,2,705,-703,1.02,5,sell
7/31,2618,凱基-台北,9268,5676,3260,2416,3.5,6,buy
7/31,2618,永豐金-桃園,0039004100390078,8,437,-429,0.62,6,sell
7/31,2618,美林,1440,2423,107,2316,3.35,7,buy
7/31,2618,元大-鹿港,0039003800390053,66,454,-388,0.56,7,sell
7/31,2618,港商野村,1560,1608,6,1602,2.32,8,buy
7/31,2618,國泰-敦南,8888,255,640,-385,0.56,8,sell
7/31,2618,摩根大通,8440,2026,871,1155,1.67,9,buy
7/31,2618,新光,8560,642,1023,-381,0.55,9,sell
7/31,2618,香港上海匯豐,8960,1118,0,1118,1.62,10,buy
7/31,2618,富邦-永和,9654,37,410,-373,0.54,10,sell
7/31,2618,法銀巴黎,8900,790,139,651,0.94,11,buy
7/31,2618,永豐金-內湖,0039004100390067,43,405,-362,0.52,11,sell
7/31,2618,永豐金證券,0039004100300030,2372,2000,372,0.54,12,buy
7/31,2618,國泰-忠孝,8887,199,522,-323,0.47,12,sell
7/31,2618,群益金鼎,9100,1155,839,316,0.46,13,buy
7/31,2618,港商麥格理,1360,141,464,-323,0.47,13,sell
7/31,2618,兆豐-埔墘,003700300030004e,171,5,166,0.24,14,buy
7/31,2618,富邦-板橋,9655,19,319,-300,0.43,14,sell
7/31,2618,元大-三民,0039003800390046,174,25,149,0.22,15,buy
7/31,2618,元大-四維,9831,4,286,-282,0.41,15,sell
7/31,3037,元大證券,9800,1691,74,1617,51.46,1,buy
7/31,3037,凱基-台北,9268,108,366,-258,8.21,1,sell
7/31,3037,凱基-站前,0039003200300046,300,7,293,9.33,2,buy
7/31,3037,新加坡商瑞銀,1650,0,241,-241,7.67,2,sell
7/31,3037,富邦證券,9600,259,1,258,8.21,3,buy
7/31,3037,港商麥格理,1360,1,230,-229,7.29,3,sell
7/31,3037,永豐金-忠孝,0039004100390044,120,3,117,3.72,4,buy
7/31,3037,國票-敦北法人,0037003700390063,0,172,-172,5.47,4,sell
7/31,3037,群益金鼎-海山,9108,96,2,94,2.99,5,buy
7/31,3037,國泰-敦南,8888,5,85,-80,2.55,5,sell
7/31,3037,統一,5850,72,16,56,1.78,6,buy
7/31,3037,摩根大通,8440,3,79,-76,2.42,6,sell
7/31,3037,台灣摩根士丹利,1470,62,42,20,0.64,7,buy
7/31,3037,台新-大裕,003900420032006c,0,71,-71,2.26,7,sell
7/31,3037,永豐金證券,0039004100300030,32,15,17,0.54,8,buy
7/31,3037,美林,1440,1,72,-71,2.26,8,sell
7/31,3037,國泰證券,8880,15,0,15,0.48,9,buy
7/31,3037,美商高盛,1480,5,71,-66,2.1,9,sell
7/31,3037,華南永昌,9300,18,4,14,0.45,10,buy
7/31,3037,永豐金-匯立,0039004100380031,1,45,-44,1.4,10,sell
7/31,3037,台新,0039004200300030,31,18,13,0.41,11,buy
7/31,3037,元大-北屯,0039003800390064,0,25,-25,0.8,11,sell
7/31,3037,凱基-信義,9216,13,0,13,0.41,12,buy
7/31,3037,富邦-仁愛,9676,0,24,-24,0.76,12,sell
7/31,3037,兆豐-板橋,0037003000300042,14,1,13,0.41,13,buy
7/31,3037,花旗環球,1590,0,22,-22,0.7,13,sell
7/31,3037,凱基-城中,9227,14,4,10,0.32,14,buy
7/31,3037,國泰-台中,8882,0,17,-17,0.54,14,sell
7/31,3037,元大-岡山,0039003800350046,10,0,10,0.32,15,buy
7/31,3037,永豐金-板新,003900410039004a,0,17,-17,0.54,15,sell
7/31,2345,元大證券,9800,248,6,242,25.45,1,buy
7/31,2345,新加坡商瑞銀,1650,13,178,-165,17.35,1,sell
7/31,2345,美林,1440,90,1,89,9.36,2,buy
7/31,2345,摩根大通,8440,6,123,-117,12.3,2,sell
7/31,2345,香港上海匯豐,8960,75,2,73,7.68,3,buy
7/31,2345,花旗環球,1590,5,75,-70,7.36,3,sell
7/31,2345,台灣摩根士丹利,1470,121,76,45,4.73,4,buy
7/31,2345,美商高盛,1480,11,78,-67,7.05,4,sell
7/31,2345,港商野村,1560,34,0,34,3.58,5,buy
7/31,2345,港商麥格理,1360,40,89,-49,5.15,5,sell
7/31,2345,凱基-台北,9268,56,23,33,3.47,6,buy
7/31,2345,富邦證券,9600,6,37,-31,3.26,6,sell
7/31,2345,國票-台中,0037003700390076,30,0,30,3.15,7,buy
7/31,2345,兆豐-北高雄,0037003000300049,0,10,-10,1.05,7,sell
7/31,2345,永豐金證券,0039004100300030,31,6,25,2.63,8,buy
7/31,2345,永豐金-匯立,0039004100380031,2,8,-6,0.63,8,sell
7/31,2345,群益金鼎,9100,26,3,23,2.42,9,buy
7/31,2345,日茂,5960,0,5,-5,0.53,9,sell
7/31,2345,國票證券,7790,11,0,11,1.16,10,buy
7/31,2345,國泰-敦南,8888,2,6,-4,0.42,10,sell
7/31,2345,凱基,9200,11,0,11,1.16,11,buy
7/31,2345,富邦-建國,9658,1,5,-4,0.42,11,sell
7/31,2345,永豐金-萬盛,0039004100390032,8,0,8,0.84,12,buy
7/31,2345,台新-同大,0039004200320050,0,3,-3,0.32,12,sell
7/31,2345,群益金鼎-瑞豐,0039003100380075,8,0,8,0.84,13,buy
7/31,2345,群益金鼎-新店,0039003100380046,0,3,-3,0.32,13,sell
7/31,2345,群益金鼎-東大,9135,7,0,7,0.74,14,buy
7/31,2345,富邦-仁愛,9676,1,4,-3,0.32,14,sell
7/31,2345,統一,5850,9,4,5,0.53,15,buy
7/31,2345,元大-大雅,0039003800330069,0,3,-3,0.32,15,sell
7/31,3006,元大-新莊,9898,150,0,150,11.9,1,buy
7/31,3006,永豐金證券,0039004100300030,0,105,-105,8.33,1,sell
7/31,3006,富邦-台北,9623,150,2,148,11.74,2,buy
7/31,3006,凱基,9200,0,100,-100,7.93,2,sell
7/31,3006,富邦-南京,0039003600310043,136,0,136,10.79,3,buy
7/31,3006,摩根大通,8440,2,83,-81,6.42,3,sell
7/31,3006,凱基-台北,9268,144,16,128,10.15,4,buy
7/31,3006,美林,1440,3,71,-68,5.39,4,sell
7/31,3006,華南永昌-南京,9326,84,0,84,6.66,5,buy
7/31,3006,元大-員林中山,9835,0,41,-41,3.25,5,sell
7/31,3006,元大-內湖民權,9867,58,1,57,4.52,6,buy
7/31,3006,玉山-城中,0038003800340045,0,31,-31,2.46,6,sell
7/31,3006,凱基-城中,9227,46,1,45,3.57,7,buy
7/31,3006,富邦-新竹,9647,0,28,-28,2.22,7,sell
7/31,3006,台新-宜蘭,0039004200320055,40,0,40,3.17,8,buy
7/31,3006,美商高盛,1480,3,31,-28,2.22,8,sell
7/31,3006,群益金鼎,9100,40,5,35,2.78,9,buy
7/31,3006,元大證券,9800,22,45,-23,1.82,9,sell
7/31,3006,凱基-興隆,9289,26,3,23,1.82,10,buy
7/31,3006,元大-大統,003900380031007a,0,20,-20,1.59,10,sell
7/31,3006,台新-信義,0039004200320048,25,2,23,1.82,11,buy
7/31,3006,華南永昌,9300,0,18,-18,1.43,11,sell
7/31,3006,台新,0039004200300030,31,12,19,1.51,12,buy
7/31,3006,華南永昌-麻豆,9308,10,25,-15,1.19,12,sell
7/31,3006,群益金鼎-嘉義,003900310038004d,18,0,18,1.43,13,buy
7/31,3006,康和-澎湖,0038003400350045,0,13,-13,1.03,13,sell
7/31,3006,統一,5850,18,0,18,1.43,14,buy
7/31,3006,臺銀-臺中,0031003000340041,0,12,-12,0.95,14,sell
7/31,3006,群益金鼎-民權,9131,17,1,16,1.27,15,buy
7/31,3006,國泰-館前,0038003800380041,0,12,-12,0.95,15,sell
7/31,2379,台新,0039004200300030,678,102,576,4.35,1,buy
7/31,2379,美林,1440,332,1041,-709,5.35,1,sell
7/31,2379,摩根大通,8440,628,300,328,2.48,2,buy
7/31,2379,美商高盛,1480,262,889,-627,4.73,2,sell
7/31,2379,玉山證券,8840,256,6,250,1.89,3,buy
7/31,2379,花旗環球,1590,80,643,-563,4.25,3,sell
7/31,2379,台灣企銀,1110,248,0,248,1.87,4,buy
7/31,2379,台灣摩根士丹利,1470,741,1185,-444,3.35,4,sell
7/31,2379,華南永昌-中正,9359,210,3,207,1.56,5,buy
7/31,2379,永豐金-匯立,0039004100380031,5,279,-274,2.07,5,sell
7/31,2379,群益金鼎,9100,330,128,202,1.53,6,buy
7/31,2379,法銀巴黎,8900,27,266,-239,1.8,6,sell
7/31,2379,凱基-台北,9268,1055,878,177,1.34,7,buy
7/31,2379,港商麥格理,1360,23,167,-144,1.09,7,sell
7/31,2379,港商野村,1560,182,6,176,1.33,8,buy
7/31,2379,新加坡商瑞銀,1650,291,386,-95,0.72,8,sell
7/31,2379,永豐金證券,0039004100300030,305,169,136,1.03,9,buy
7/31,2379,國票證券,7790,23,112,-89,0.67,9,sell
7/31,2379,土銀,1030,138,6,132,1.0,10,buy
7/31,2379,統一,5850,32,105,-73,0.55,10,sell
7/31,2379,彰銀,1230,41,0,41,0.31,11,buy
7/31,2379,國泰證券,8880,14,64,-50,0.38,11,sell
7/31,2379,統一-永和,0035003800350042,40,7,33,0.25,12,buy
7/31,2379,元大證券,9800,1324,1371,-47,0.35,12,sell
7/31,2379,國泰-敦南,8888,348,315,33,0.25,13,buy
7/31,2379,香港上海匯豐,8960,6,49,-43,0.32,13,sell
7/31,2379,富邦-仁愛,9676,38,7,31,0.23,14,buy
7/31,2379,富邦證券,9600,109,152,-43,0.32,14,sell
7/31,2379,元大-民雄,0039003800310056,42,15,27,0.2,15,buy
7/31,2379,元大-學甲,003900380033004b,1,40,-39,0.29,15,sell
7/31,3034,摩根大通,8440,2705,228,2477,33.17,1,buy
7/31,3034,港商野村,1560,35,679,-644,8.62,1,sell
7/31,3034,群益金鼎,9100,323,70,253,3.39,2,buy
7/31,3034,美商高盛,1480,528,1164,-636,8.52,2,sell
7/31,3034,元大證券,9800,654,420,234,3.13,3,buy
7/31,3034,新加坡商瑞銀,1650,136,404,-268,3.59,3,sell
7/31,3034,玉山證券,8840,96,7,89,1.19,4,buy
7/31,3034,凱基-台北,9268,582,838,-256,3.43,4,sell
7/31,3034,永豐金證券,0039004100300030,177,94,83,1.11,5,buy
7/31,3034,第一金,5380,3,175,-172,2.3,5,sell
7/31,3034,台灣摩根士丹利,1470,384,325,59,0.79,6,buy
7/31,3034,華南永昌,9300,63,230,-167,2.24,6,sell
7/31,3034,法銀巴黎,8900,56,7,49,0.66,7,buy
7/31,3034,港商麥格理,1360,0,149,-149,2.0,7,sell
7/31,3034,富邦證券,9600,82,54,28,0.37,8,buy
7/31,3034,華南永昌-中正,9359,0,59,-59,0.79,8,sell
7/31,3034,第一金-高雄,5383,14,1,13,0.17,9,buy
7/31,3034,國泰-敦南,8888,46,88,-42,0.56,9,sell
7/31,3034,富邦-台北,9623,18,6,12,0.16,10,buy
7/31,3034,群益金鼎-東門,0039003100380044,1,42,-41,0.55,10,sell
7/31,3034,兆豐證券,7000,19,8,11,0.15,11,buy
7/31,3034,凱基-站前,0039003200300046,1,40,-39,0.52,11,sell
7/31,3034,台新-松德,0039004200320061,12,2,10,0.13,12,buy
7/31,3034,北城證券,7750,7,35,-28,0.37,12,sell
7/31,3034,元大-館前,003900380034004b,31,21,10,0.13,13,buy
7/31,3034,第一金-新竹,0035003300380042,9,32,-23,0.31,13,sell
7/31,3034,美林,1440,178,169,9,0.12,14,buy
7/31,3034,宏遠-新化,0031003200360058,0,22,-22,0.29,14,sell
7/31,3034,台新-新店,0039004200320032,10,2,8,0.11,15,buy
7/31,3034,凱基,9200,26,47,-21,0.28,15,sell
7/31,2412,台灣摩根士丹利,1470,2356,542,1814,8.39,1,buy
7/31,2412,港商麥格理,1360,0,2653,-2653,12.27,1,sell
7/31,2412,新加坡商瑞銀,1650,2307,715,1592,7.36,2,buy
7/31,2412,兆豐證券,7000,40,1602,-1562,7.22,2,sell
7/31,2412,元大證券,9800,2812,1393,1419,6.56,3,buy
7/31,2412,華南永昌,9300,285,1266,-981,4.54,3,sell
7/31,2412,摩根大通,8440,2199,1095,1104,5.11,4,buy
7/31,2412,法銀巴黎,8900,425,1061,-636,2.94,4,sell
7/31,2412,統一,5850,1211,196,1015,4.69,5,buy
7/31,2412,台新-城東,0039004200320072,4,503,-499,2.31,5,sell
7/31,2412,美商高盛,1480,2734,2285,449,2.08,6,buy
7/31,2412,華南永昌-中正,9359,423,895,-472,2.18,6,sell
7/31,2412,美林,1440,627,302,325,1.5,7,buy
7/31,2412,群益金鼎,9100,115,481,-366,1.69,7,sell
7/31,2412,花旗環球,1590,335,50,285,1.32,8,buy
7/31,2412,富邦證券,9600,251,570,-319,1.48,8,sell
7/31,2412,凱基,9200,463,200,263,1.22,9,buy
7/31,2412,元大-南投,0039003800310044,3,301,-298,1.38,9,sell
7/31,2412,港商野村,1560,185,0,185,0.86,10,buy
7/31,2412,元大-內湖民權,9867,1,250,-249,1.15,10,sell
7/31,2412,永豐金證券,0039004100300030,188,32,156,0.72,11,buy
7/31,2412,元大-草屯,0039003800390045,5,248,-243,1.12,11,sell
7/31,2412,中國信託,6160,110,3,107,0.49,12,buy
7/31,2412,國泰證券,8880,1,204,-203,0.94,12,sell
7/31,2412,台新-台中,0039004200310068,109,16,93,0.43,13,buy
7/31,2412,兆豐-三民,0037003000300068,2,201,-199,0.92,13,sell
7/31,2412,凱基-台北,9268,1056,966,90,0.42,14,buy
7/31,2412,華南永昌-古亭,9309,1,128,-127,0.59,14,sell
7/31,2412,凱基-林口,9257,62,0,62,0.29,15,buy
7/31,2412,土銀-台中,1031,0,125,-125,0.58,15,sell
7/31,2883,台灣摩根士丹利,1470,21768,1435,20333,22.96,1,buy
7/31,2883,土銀,1030,2,3692,-3690,4.17,1,sell
7/31,2883,美林,1440,7268,383,6885,7.77,2,buy
7/31,2883,台新-信義,0039004200320048,0,1733,-1733,1.96,2,sell
7/31,2883,元大證券,9800,11641,5208,6433,7.26,3,buy
7/31,2883,玉山-高雄,8843,156,1765,-1609,1.82,3,sell
7/31,2883,美商高盛,1480,8518,3458,5060,5.71,4,buy
7/31,2883,新光-台中,8561,100,1708,-1608,1.82,4,sell
7/31,2883,新加坡商瑞銀,1650,6147,1510,4637,5.24,5,buy
7/31,2883,國泰-敦南,8888,262,1502,-1240,1.4,5,sell
7/31,2883,凱基-台北,9268,5903,2851,3052,3.45,6,buy
7/31,2883,兆豐-北高雄,0037003000300049,39,1057,-1018,1.15,6,sell
7/31,2883,港商野村,1560,3017,0,3017,3.41,7,buy
7/31,2883,富邦-和美,0039003600310050,7,986,-979,1.11,7,sell
7/31,2883,港商麥格理,1360,5134,2625,2509,2.83,8,buy
7/31,2883,兆豐-台中港,7005,8,803,-795,0.9,8,sell
7/31,2883,統一,5850,2170,28,2142,2.42,9,buy
7/31,2883,第一金-中山,5389,0,760,-760,0.86,9,sell
7/31,2883,法銀巴黎,8900,2111,288,1823,2.06,10,buy
7/31,2883,富邦-仁愛,9676,11,720,-709,0.8,10,sell
7/31,2883,摩根大通,8440,2299,663,1636,1.85,11,buy
7/31,2883,台新-城中,0039004200320045,0,549,-549,0.62,11,sell
7/31,2883,凱基,9200,847,44,803,0.91,12,buy
7/31,2883,新光,8560,226,773,-547,0.62,12,sell
7/31,2883,富邦證券,9600,503,108,395,0.45,13,buy
7/31,2883,群益金鼎-高盛,9105,0,487,-487,0.55,13,sell
7/31,2883,富隆證券,5110,300,0,300,0.34,14,buy
7/31,2883,元大-竹科,003900380030004b,3,456,-453,0.51,14,sell
7/31,2883,花旗環球,1590,429,224,205,0.23,15,buy
7/31,2883,聯邦-忠孝,8583,0,435,-435,0.49,15,sell
7/31,2884,摩根大通,8440,10754,3391,7363,13.62,1,buy
7/31,2884,港商麥格理,1360,82,2431,-2349,4.35,1,sell
7/31,2884,新加坡商瑞銀,1650,4598,1125,3473,6.43,2,buy
7/31,2884,元大-中壢,9834,9,1187,-1178,2.18,2,sell
7/31,2884,凱基-台北,9268,5219,1982,3237,5.99,3,buy
7/31,2884,群益金鼎,9100,34,848,-814,1.51,3,sell
7/31,2884,美林,1440,3471,291,3180,5.88,4,buy
7/31,2884,凱基,9200,2,660,-658,1.22,4,sell
7/31,2884,玉山證券,8840,3077,1002,2075,3.84,5,buy
7/31,2884,元大證券,9800,5222,5872,-650,1.2,5,sell
7/31,2884,美商高盛,1480,4955,2994,1961,3.63,6,buy
7/31,2884,新光-台中,8561,19,522,-503,0.93,6,sell
7/31,2884,統一,5850,1993,105,1888,3.49,7,buy
7/31,2884,康和-嘉義,8459,0,460,-460,0.85,7,sell
7/31,2884,台新-建北,0039004200310038,1815,34,1781,3.3,8,buy
7/31,2884,富邦-板橋,9655,69,520,-451,0.83,8,sell
7/31,2884,港商野村,1560,1705,341,1364,2.52,9,buy
7/31,2884,國泰-敦南,8888,385,793,-408,0.75,9,sell
7/31,2884,法銀巴黎,8900,976,200,776,1.44,10,buy
7/31,2884,玉山-高雄,8843,27,424,-397,0.73,10,sell
7/31,2884,富邦證券,9600,386,8,378,0.7,11,buy
7/31,2884,玉山-新莊,8842,8,385,-377,0.7,11,sell
7/31,2884,國票證券,7790,276,69,207,0.38,12,buy
7/31,2884,永豐金證券,0039004100300030,845,1221,-376,0.7,12,sell
7/31,2884,中國信託,6160,255,85,170,0.31,13,buy
7/31,2884,統一-敦南,5852,11,356,-345,0.64,13,sell
7/31,2884,華南永昌-內壢,9337,121,10,111,0.21,14,buy
7/31,2884,玉山-雙和,8841,113,442,-329,0.61,14,sell
7/31,2884,第一金-大稻埕,0035003300380046,132,23,109,0.2,15,buy
7/31,2884,兆豐-嘉義,7001,6,320,-314,0.58,15,sell
7/31,5880,摩根大通,8440,12949,1337,11612,23.38,1,buy
7/31,5880,港商麥格理,1360,0,1886,-1886,3.8,1,sell
7/31,5880,新加坡商瑞銀,1650,5517,1937,3580,7.21,2,buy
7/31,5880,國泰-敦南,8888,127,950,-823,1.66,2,sell
7/31,5880,台灣摩根士丹利,1470,4268,1165,3103,6.25,3,buy
7/31,5880,華南永昌-麻豆,9308,0,709,-709,1.43,3,sell
7/31,5880,美林,1440,3644,583,3061,6.16,4,buy
7/31,5880,合庫-台中,1021,40,719,-679,1.37,4,sell
7/31,5880,美商高盛,1480,3440,768,2672,5.38,5,buy
7/31,5880,合庫證券,1020,16,681,-665,1.34,5,sell
7/31,5880,凱基-台北,9268,2507,1014,1493,3.01,6,buy
7/31,5880,合庫-嘉義,1024,6,626,-620,1.25,6,sell
7/31,5880,第一金-新興,0035003300380041,936,13,923,1.86,7,buy
7/31,5880,第一金-中山,5389,0,561,-561,1.13,7,sell
7/31,5880,港商野村,1560,1140,280,860,1.73,8,buy
7/31,5880,元大-沙鹿,0039003800300064,1,548,-547,1.1,8,sell
7/31,5880,花旗環球,1590,878,62,816,1.64,9,buy
7/31,5880,京城,8490,502,1008,-506,1.02,9,sell
7/31,5880,統一,5850,558,39,519,1.05,10,buy
7/31,5880,合庫-高雄,1023,23,523,-500,1.01,10,sell
7/31,5880,法銀巴黎,8900,775,398,377,0.76,11,buy
7/31,5880,富隆證券,5110,0,450,-450,0.91,11,sell
7/31,5880,元大-苗栗,003900380031004d,363,44,319,0.64,12,buy
7/31,5880,富邦-羅東,9634,8,413,-405,0.82,12,sell
7/31,5880,兆豐-埔墘,003700300030004e,300,0,300,0.6,13,buy
7/31,5880,富邦-南員林,0039003600310052,3,382,-379,0.76,13,sell
7/31,5880,元大證券,9800,2546,2252,294,0.59,14,buy
7/31,5880,元大-彰化民生,003900380039004a,5,363,-358,0.72,14,sell
7/31,5880,國泰證券,8880,217,20,197,0.4,15,buy
7/31,5880,合庫-鳳山,1029,13,361,-348,0.7,15,sell
7/31,2002,美林,1440,2704,41,2663,7.07,1,buy
7/31,2002,港商麥格理,1360,617,2027,-1410,3.74,1,sell
7/31,2002,美商高盛,1480,6015,3892,2123,5.64,2,buy
7/31,2002,摩根大通,8440,3743,4315,-572,1.52,2,sell
7/31,2002,花旗環球,1590,1607,0,1607,4.27,3,buy
7/31,2002,德信,6910,0,500,-500,1.33,3,sell
7/31,2002,新加坡商瑞銀,1650,1950,839,1111,2.95,4,buy
7/31,2002,元大-敦化,9833,37,419,-382,1.01,4,sell
7/31,2002,凱基-台北,9268,1807,1013,794,2.11,5,buy
7/31,2002,凱基-站前,0039003200300046,4,276,-272,0.72,5,sell
7/31,2002,法銀巴黎,8900,956,174,782,2.08,6,buy
7/31,2002,華南永昌-東勢,9358,0,251,-251,0.67,6,sell
7/31,2002,元大證券,9800,970,235,735,1.95,7,buy
7/31,2002,日茂,5960,10,259,-249,0.66,7,sell
7/31,2002,台灣摩根士丹利,1470,2139,1775,364,0.97,8,buy
7/31,2002,群益金鼎-新莊,0039003100380047,10,241,-231,0.61,8,sell
7/31,2002,玉山-士林,0038003800340041,322,26,296,0.79,9,buy
7/31,2002,元大-崇德,0039003800310053,4,212,-208,0.55,9,sell
7/31,2002,凱基,9200,308,16,292,0.78,10,buy
7/31,2002,元大-永康,9829,1,205,-204,0.54,10,sell
7/31,2002,亞東-新竹,2184,297,13,284,0.75,11,buy
7/31,2002,國泰-敦南,8888,265,427,-162,0.43,11,sell
7/31,2002,統一,5850,295,31,264,0.7,12,buy
7/31,2002,(牛牛牛)亞-鑫豐,0036003000310064,192,350,-158,0.42,12,sell
7/31,2002,玉山-景美,8849,241,3,238,0.63,13,buy
7/31,2002,新光-台中,8561,31,175,-144,0.38,13,sell
7/31,2002,凱基-竹科,9272,250,18,232,0.62,14,buy
7/31,2002,臺銀-高雄,0031003000340043,42,186,-144,0.38,14,sell
7/31,2002,(牛牛牛)亞-網路,6012,226,2,224,0.59,15,buy
7/31,2002,土銀,1030,3,144,-141,0.37,15,sell
7/31,2887,台灣摩根士丹利,1470,17345,2113,15232,16.03,1,buy
7/31,2887,凱基-竹科,9272,3,3976,-3973,4.18,1,sell
7/31,2887,摩根大通,8440,15398,4887,10511,11.06,2,buy
7/31,2887,港商麥格理,1360,351,3716,-3365,3.54,2,sell
7/31,2887,港商野村,1560,5470,383,5087,5.35,3,buy
7/31,2887,富邦-陽明,9604,30,3351,-3321,3.49,3,sell
7/31,2887,元大證券,9800,10360,5622,4738,4.99,4,buy
7/31,2887,彰銀,1230,20,1662,-1642,1.73,4,sell
7/31,2887,美商高盛,1480,9735,5039,4696,4.94,5,buy
7/31,2887,國泰-敦南,8888,125,1299,-1174,1.24,5,sell
7/31,2887,新加坡商瑞銀,1650,6092,1648,4444,4.68,6,buy
7/31,2887,國泰-桃園,8885,5,1024,-1019,1.07,6,sell
7/31,2887,美林,1440,5144,1081,4063,4.28,7,buy
7/31,2887,新光,8560,71,982,-911,0.96,7,sell
7/31,2887,香港上海匯豐,8960,1943,7,1936,2.04,8,buy
7/31,2887,台新-城東,0039004200320072,4,906,-902,0.95,8,sell
7/31,2887,國泰證券,8880,1589,2,1587,1.67,9,buy
7/31,2887,富邦-板橋,9655,31,655,-624,0.66,9,sell
7/31,2887,統一,5850,1516,94,1422,1.5,10,buy
7/31,2887,台新,0039004200300030,246,820,-574,0.6,10,sell
7/31,2887,永豐金證券,0039004100300030,2035,739,1296,1.36,11,buy
7/31,2887,元大-大里,0039003800310067,0,551,-551,0.58,11,sell
7/31,2887,凱基-台北,9268,4246,2999,1247,1.31,12,buy
7/31,2887,花旗環球,1590,195,695,-500,0.53,12,sell
7/31,2887,台灣企銀,1110,1193,7,1186,1.25,13,buy
7/31,2887,臺銀-高雄,0031003000340043,36,520,-484,0.51,13,sell
7/31,2887,法銀巴黎,8900,1368,530,838,0.88,14,buy
7/31,2887,新光-台中,8561,185,636,-451,0.47,14,sell
7/31,2887,華南永昌-南京,9326,640,71,569,0.6,15,buy
7/31,2887,永豐金-匯立,0039004100380031,0,446,-446,0.47,15,sell
7/31,3231,美商高盛,1480,8843,3781,5062,3.65,1,buy
7/31,3231,美林,1440,764,2545,-1781,1.28,1,sell
7/31,3231,元大證券,9800,17240,12290,4950,3.57,2,buy
7/31,3231,新加坡商瑞銀,1650,3419,4726,-1307,0.94,2,sell
7/31,3231,法銀巴黎,8900,4078,61,4017,2.9,3,buy
7/31,3231,富邦證券,9600,1475,2450,-975,0.7,3,sell
7/31,3231,港商野村,1560,6108,2095,4013,2.89,4,buy
7/31,3231,凱基-台北,9268,5498,6326,-828,0.6,4,sell
7/31,3231,永豐金證券,0039004100300030,4790,1471,3319,2.39,5,buy
7/31,3231,華南永昌,9300,1429,2219,-790,0.57,5,sell
7/31,3231,台灣摩根士丹利,1470,7741,5055,2686,1.94,6,buy
7/31,3231,國泰-敦南,8888,3885,4655,-770,0.56,6,sell
7/31,3231,摩根大通,8440,10537,8580,1957,1.41,7,buy
7/31,3231,元大-信義,003900380039006d,32,607,-575,0.41,7,sell
7/31,3231,國票-安和,003700370039005a,1809,184,1625,1.17,8,buy
7/31,3231,台新-基隆,0039004200320053,26,530,-504,0.36,8,sell
7/31,3231,統一,5850,1497,374,1123,0.81,9,buy
7/31,3231,港商麥格理,1360,70,519,-449,0.32,9,sell
7/31,3231,富邦-南京,0039003600310043,1135,176,959,0.69,10,buy
7/31,3231,花旗環球,1590,550,969,-419,0.3,10,sell
7/31,3231,永豐金-敦北,0039004100380039,875,124,751,0.54,11,buy
7/31,3231,華南永昌-南京,9326,415,794,-379,0.27,11,sell
7/31,3231,宏遠-民生,1261,458,15,443,0.32,12,buy
7/31,3231,群益金鼎-台中,9184,57,396,-339,0.24,12,sell
7/31,3231,群益金鼎,9100,774,367,407,0.29,13,buy
7/31,3231,富邦-桃園,9665,106,444,-338,0.24,13,sell
7/31,3231,台新,0039004200300030,1061,756,305,0.22,14,buy
7/31,3231,國票-九鼎,0037003700390050,54,386,-332,0.24,14,sell
7/31,3231,華南永昌-鶯歌,9319,375,88,287,0.21,15,buy
7/31,3231,宏遠-台中,003100320036004c,4,322,-318,0.23,15,sell
7/31,2867,元大證券,9800,12531,3842,8689,18.46,1,buy
7/31,2867,群益金鼎,9100,117,9408,-9291,19.74,1,sell
7/31,2867,台灣摩根士丹利,1470,6505,438,6067,12.89,2,buy
7/31,2867,兆豐-大同,0037003000300053,0,3962,-3962,8.42,2,sell
7/31,2867,美商高盛,1480,5477,399,5078,10.79,3,buy
7/31,2867,統一-士林,003500380035004d,0,2000,-2000,4.25,3,sell
7/31,2867,台新,0039004200300030,3055,27,3028,6.43,4,buy
7/31,2867,凱基-台北,9268,705,2120,-1415,3.01,4,sell
7/31,2867,凱基,9200,2544,0,2544,5.41,5,buy
7/31,2867,中國信託,6160,19,1319,-1300,2.76,5,sell
7/31,2867,新加坡商瑞銀,1650,2751,506,2245,4.77,6,buy
7/31,2867,摩根大通,8440,18,944,-926,1.97,6,sell
7/31,2867,永豐金證券,0039004100300030,2287,138,2149,4.57,7,buy
7/31,2867,元大-博愛,0039003800320042,60,986,-926,1.97,7,sell
7/31,2867,凱基-新莊,0039003200310053,1501,10,1491,3.17,8,buy
7/31,2867,統一,5850,6,809,-803,1.71,8,sell
7/31,2867,港商野村,1560,1298,0,1298,2.76,9,buy
7/31,2867,第一金-台中,5382,0,800,-800,1.7,9,sell
7/31,2867,花旗環球,1590,1076,0,1076,2.29,10,buy
7/31,2867,凱基-竹科,9272,4,500,-496,1.05,10,sell
7/31,2867,美林,1440,1097,548,549,1.17,11,buy
7/31,2867,富邦-公益,0039003600310046,1,470,-469,1.0,11,sell
7/31,2867,永豐金-市政,0039004100390057,302,31,271,0.58,12,buy
7/31,2867,永豐金-嘉義,003900410039006a,0,455,-455,0.97,12,sell
7/31,2867,康和,8450,800,592,208,0.44,13,buy
7/31,2867,元大-沙鹿,0039003800300064,10,357,-347,0.74,13,sell
7/31,2867,台灣企銀-台中,1111,200,0,200,0.42,14,buy
7/31,2867,京城,8490,0,324,-324,0.69,14,sell
7/31,2867,玉山-士林,0038003800340041,200,0,200,0.42,15,buy
7/31,2867,台新-台中,0039004200310068,11,313,-302,0.64,15,sell
7/31,2890,摩根大通,8440,6572,615,5957,12.09,1,buy
7/31,2890,第一金-高雄,5383,0,2914,-2914,5.92,1,sell
7/31,2890,港商麥格理,1360,6977,2095,4882,9.91,2,buy
7/31,2890,兆豐-新營,003700300030004b,0,2105,-2105,4.27,2,sell
7/31,2890,美商高盛,1480,8152,3559,4593,9.32,3,buy
7/31,2890,國泰證券,8880,60,2019,-1959,3.98,3,sell
7/31,2890,新加坡商瑞銀,1650,3834,849,2985,6.06,4,buy
7/31,2890,永豐金證券,0039004100300030,342,1362,-1020,2.07,4,sell
7/31,2890,統一,5850,2116,24,2092,4.25,5,buy
7/31,2890,統一-內湖,0035003800350062,0,1009,-1009,2.05,5,sell
7/31,2890,美林,1440,3652,2230,1422,2.89,6,buy
7/31,2890,永豐金-竹科,0039004100390058,1,525,-524,1.06,6,sell
7/31,2890,台灣摩根士丹利,1470,5158,3845,1313,2.67,7,buy
7/31,2890,永豐金-台南,0039004100390068,8,519,-511,1.04,7,sell
7/31,2890,凱基-台北,9268,2729,1962,767,1.56,8,buy
7/31,2890,國泰-敦南,8888,77,521,-444,0.9,8,sell
7/31,2890,永豐金-匯立,0039004100380031,552,0,552,1.12,9,buy
7/31,2890,群益金鼎,9100,567,846,-279,0.57,9,sell
7/31,2890,元大證券,9800,3692,3197,495,1.0,10,buy
7/31,2890,永豐金-復興,003900410039005a,0,267,-267,0.54,10,sell
7/31,2890,法銀巴黎,8900,719,311,408,0.83,11,buy
7/31,2890,致和-高雄,7036,0,267,-267,0.54,11,sell
7/31,2890,富邦證券,9600,389,9,380,0.77,12,buy
7/31,2890,美好-蘆洲,5261,0,249,-249,0.51,12,sell
7/31,2890,兆豐-桃園,003700300030004d,186,1,185,0.38,13,buy
7/31,2890,凱基-站前,0039003200300046,1,249,-248,0.5,13,sell
7/31,2890,港商野村,1560,249,78,171,0.35,14,buy
7/31,2890,永豐金-高雄,0039004100390065,0,247,-247,0.5,14,sell
7/31,2890,玉山-高雄,8843,200,43,157,0.32,15,buy
7/31,2890,富邦-羅東,9634,3,246,-243,0.49,15,sell
7/31,2892,新加坡商瑞銀,1650,14440,5175,9265,15.25,1,buy
7/31,2892,美商高盛,1480,2358,5251,-2893,4.76,1,sell
7/31,2892,摩根大通,8440,11692,4501,7191,11.84,2,buy
7/31,2892,富邦證券,9600,2471,5005,-2534,4.17,2,sell
7/31,2892,土銀-台中,1031,1986,11,1975,3.25,3,buy
7/31,2892,華南永昌-岡山,9324,1,2009,-2008,3.31,3,sell
7/31,2892,台灣摩根士丹利,1470,6546,4787,1759,2.9,4,buy
7/31,2892,華南永昌-潮州,9328,0,1982,-1982,3.26,4,sell
7/31,2892,元大證券,9800,3762,2034,1728,2.85,5,buy
7/31,2892,港商麥格理,1360,337,1915,-1578,2.6,5,sell
7/31,2892,國泰證券,8880,2087,1000,1087,1.79,6,buy
7/31,2892,中國信託,6160,19,614,-595,0.98,6,sell
7/31,2892,統一,5850,969,17,952,1.57,7,buy
7/31,2892,華南永昌-楠梓,9332,6,563,-557,0.92,7,sell
7/31,2892,美林,1440,2077,1573,504,0.83,8,buy
7/31,2892,新光,8560,43,571,-528,0.87,8,sell
7/31,2892,法銀巴黎,8900,770,282,488,0.8,9,buy
7/31,2892,台新-高雄,0039004200310067,6,337,-331,0.54,9,sell
7/31,2892,永豐金證券,0039004100300030,646,196,450,0.74,10,buy
7/31,2892,元大-六合,0039003800320043,1,325,-324,0.53,10,sell
7/31,2892,台新-台北,0039004200320030,296,1,295,0.49,11,buy
7/31,2892,富隆證券,5110,0,300,-300,0.49,11,sell
7/31,2892,凱基-台北,9268,4255,3991,264,0.43,12,buy
7/31,2892,兆豐-嘉義,7001,1,295,-294,0.48,12,sell
7/31,2892,永豐金-彰化,0039004100390073,232,12,220,0.36,13,buy
7/31,2892,元大-草屯,0039003800390045,22,312,-290,0.48,13,sell
7/31,2892,凱基-中壢,9285,228,26,202,0.33,14,buy
7/31,2892,富邦-台北,9623,7,293,-286,0.47,14,sell
7/31,2892,群益金鼎,9100,412,246,166,0.27,15,buy
7/31,2892,元大-蘆洲中正,0039003800390049,0,251,-251,0.41,15,sell
7/31,2610,新加坡商瑞銀,1650,13835,1602,12233,15.93,1,buy
7/31,2610,群益金鼎-土城,003900310033004e,1,2586,-2585,3.37,1,sell
7/31,2610,台灣摩根士丹利,1470,10809,107,10702,13.94,2,buy
7/31,2610,凱基-台北,9268,2379,4509,-2130,2.77,2,sell
7/31,2610,花旗環球,1590,7474,3,7471,9.73,3,buy
7/31,2610,華南永昌-大甲,9315,0,1556,-1556,2.03,3,sell
7/31,2610,摩根大通,8440,4244,836,3408,4.44,4,buy
7/31,2610,富邦-陽明,9604,14,1231,-1217,1.59,4,sell
7/31,2610,元大證券,9800,8602,5566,3036,3.95,5,buy
7/31,2610,國泰-敦南,8888,589,1444,-855,1.11,5,sell
7/31,2610,美林,1440,4129,1488,2641,3.44,6,buy
7/31,2610,新光,8560,162,906,-744,0.97,6,sell
7/31,2610,美商高盛,1480,3715,2362,1353,1.76,7,buy
7/31,2610,台新-城中,0039004200320045,2,574,-572,0.74,7,sell
7/31,2610,華南永昌-世貿,9334,1200,10,1190,1.55,8,buy
7/31,2610,中國信託-高雄,003600310036004b,61,632,-571,0.74,8,sell
7/31,2610,港商野村,1560,909,0,909,1.18,9,buy
7/31,2610,富邦-建國,9658,18,573,-555,0.72,9,sell
7/31,2610,永豐金證券,0039004100300030,1181,813,368,0.48,10,buy
7/31,2610,元大-旗山,003900380031006e,109,663,-554,0.72,10,sell
7/31,2610,凱基,9200,235,0,235,0.31,11,buy
7/31,2610,永豐金-內湖,0039004100390067,5,511,-506,0.66,11,sell
7/31,2610,康和,8450,146,7,139,0.18,12,buy
7/31,2610,富邦-仁愛,9676,22,524,-502,0.65,12,sell
7/31,2610,統一,5850,149,14,135,0.18,13,buy
7/31,2610,富邦-桃園,9665,179,650,-471,0.61,13,sell
7/31,2610,富邦-南京,0039003600310043,158,64,94,0.12,14,buy
7/31,2610,台新,0039004200300030,220,658,-438,0.57,14,sell
7/31,2610,元大-路竹,0039003800310043,222,131,91,0.12,15,buy
7/31,2610,凱基-新莊,0039003200310053,3,400,-397,0.52,15,sell
7/31,2886,摩根大通,8440,8684,3320,5364,12.31,1,buy
7/31,2886,合庫證券,1020,7,2821,-2814,6.46,1,sell
7/31,2886,新加坡商瑞銀,1650,7112,2555,4557,10.46,2,buy
7/31,2886,凱基-台北,9268,1417,3865,-2448,5.62,2,sell
7/31,2886,康和,8450,1600,15,1585,3.64,3,buy
7/31,2886,美商高盛,1480,1540,2772,-1232,2.83,3,sell
7/31,2886,凱基,9200,1438,20,1418,3.26,4,buy
7/31,2886,富邦證券,9600,1892,3000,-1108,2.54,4,sell
7/31,2886,元大證券,9800,4209,2834,1375,3.16,5,buy
7/31,2886,港商麥格理,1360,1097,1975,-878,2.02,5,sell
7/31,2886,台灣摩根士丹利,1470,3475,2143,1332,3.06,6,buy
7/31,2886,宏遠證券,1260,10,504,-494,1.13,6,sell
7/31,2886,永豐金證券,0039004100300030,1578,715,863,1.98,7,buy
7/31,2886,台新,0039004200300030,71,416,-345,0.79,7,sell
7/31,2886,統一,5850,783,66,717,1.65,8,buy
7/31,2886,富隆證券,5110,0,300,-300,0.69,8,sell
7/31,2886,法銀巴黎,8900,742,276,466,1.07,9,buy
7/31,2886,元大-內湖,003900380039004e,59,345,-286,0.66,9,sell
7/31,2886,玉山-高雄,8843,213,29,184,0.42,10,buy
7/31,2886,新光,8560,30,246,-216,0.5,10,sell
7/31,2886,國票證券,7790,112,3,109,0.25,11,buy
7/31,2886,美林,1440,2519,2732,-213,0.49,11,sell
7/31,2886,群益金鼎,9100,532,425,107,0.25,12,buy
7/31,2886,新光-新竹,8563,21,198,-177,0.41,12,sell
7/31,2886,港商野村,1560,236,144,92,0.21,13,buy
7/31,2886,國泰-敦南,8888,131,307,-176,0.4,13,sell
7/31,2886,玉山-城中,0038003800340045,93,17,76,0.17,14,buy
7/31,2886,群益金鼎-大甲,0039003100380067,7,173,-166,0.38,14,sell
7/31,2886,元大-永春,9852,62,7,55,0.13,15,buy
7/31,2886,元大-淡水,9899,1,106,-105,0.24,15,sell
7/31,1402,台灣摩根士丹利,1470,7176,22,7154,31.04,1,buy
7/31,1402,港商麥格理,1360,0,4173,-4173,18.1,1,sell
7/31,1402,美商高盛,1480,2145,618,1527,6.62,2,buy
7/31,1402,永豐金證券,0039004100300030,85,3225,-3140,13.62,2,sell
7/31,1402,新加坡商瑞銀,1650,2246,871,1375,5.97,3,buy
7/31,1402,兆豐證券,7000,5,2843,-2838,12.31,3,sell
7/31,1402,凱基-台北,9268,1816,560,1256,5.45,4,buy
7/31,1402,宏遠證券,1260,0,1956,-1956,8.49,4,sell
7/31,1402,花旗環球,1590,1220,101,1119,4.85,5,buy
7/31,1402,凱基-竹科,9272,5,1123,-1118,4.85,5,sell
7/31,1402,摩根大通,8440,1293,268,1025,4.45,6,buy
7/31,1402,統一,5850,18,666,-648,2.81,6,sell
7/31,1402,國票-中和,0037003700390058,400,0,400,1.74,7,buy
7/31,1402,國泰證券,8880,0,586,-586,2.54,7,sell
7/31,1402,港商野村,1560,284,0,284,1.23,8,buy
7/31,1402,美林,1440,1277,1554,-277,1.2,8,sell
7/31,1402,元大-屏南,0039003800310072,271,0,271,1.18,9,buy
7/31,1402,香港上海匯豐,8960,0,240,-240,1.04,9,sell
7/31,1402,台灣企銀-嘉義,1114,200,0,200,0.87,10,buy
7/31,1402,元大證券,9800,836,990,-154,0.67,10,sell
7/31,1402,凱基-三重,9205,181,0,181,0.79,11,buy
7/31,1402,聯邦證券,8580,1,130,-129,0.56,11,sell
7/31,1402,元大-天母,0039003800310049,93,0,93,0.4,12,buy
7/31,1402,光和,6380,0,102,-102,0.44,12,sell
7/31,1402,元大-中和,0039003800390065,265,177,88,0.38,13,buy
7/31,1402,新光-桃園,8565,0,93,-93,0.4,13,sell
7/31,1402,華南永昌,9300,86,0,86,0.37,14,buy
7/31,1402,永豐金-松山,0039004100390031,2,94,-92,0.4,14,sell
7/31,1402,群益金鼎,9100,98,37,61,0.26,15,buy
7/31,1402,(牛牛牛)亞-鑫豐,0036003000310064,82,173,-91,0.39,15,sell
7/31,3045,新加坡商瑞銀,1650,3730,1013,2717,13.67,1,buy
7/31,3045,港商麥格理,1360,0,2908,-2908,14.63,1,sell
7/31,3045,台灣摩根士丹利,1470,2610,868,1742,8.76,2,buy
7/31,3045,兆豐證券,7000,8,1400,-1392,7.0,2,sell
7/31,3045,統一,5850,1113,5,1108,5.57,3,buy
7/31,3045,美林,1440,366,1260,-894,4.5,3,sell
7/31,3045,花旗環球,1590,580,16,564,2.84,4,buy
7/31,3045,富邦證券,9600,50,800,-750,3.77,4,sell
7/31,3045,凱基,9200,368,0,368,1.85,5,buy
7/31,3045,臺銀,1040,4,501,-497,2.5,5,sell
7/31,3045,新光,8560,341,12,329,1.65,6,buy
7/31,3045,大和國泰,8890,0,475,-475,2.39,6,sell
7/31,3045,兆豐-桃園,003700300030004d,492,259,233,1.17,7,buy
7/31,3045,彰銀,1230,1,421,-420,2.11,7,sell
7/31,3045,華南永昌-桃園,9352,191,1,190,0.96,8,buy
7/31,3045,美商高盛,1480,2084,2480,-396,1.99,8,sell
7/31,3045,(牛牛牛)亞-鑫豐,0036003000310064,119,12,107,0.54,9,buy
7/31,3045,凱基-台北,9268,860,1188,-328,1.65,9,sell
7/31,3045,統一-新營,0035003800350045,100,0,100,0.5,10,buy
7/31,3045,台新-城東,0039004200320072,0,266,-266,1.34,10,sell
7/31,3045,法銀巴黎,8900,112,15,97,0.49,11,buy
7/31,3045,玉山證券,8840,3,250,-247,1.24,11,sell
7/31,3045,中國信託,6160,290,201,89,0.45,12,buy
7/31,3045,國票-九鼎,0037003700390050,0,130,-130,0.65,12,sell
7/31,3045,港商野村,1560,109,21,88,0.44,13,buy
7/31,3045,台灣企銀,1110,0,100,-100,0.5,13,sell
7/31,3045,元大-景美,0039003800340048,80,0,80,0.4,14,buy
7/31,3045,永豐金-信義,0039004100390052,0,93,-93,0.47,14,sell
7/31,3045,第一金-忠孝,0035003300380044,112,39,73,0.37,15,buy
7/31,3045,華南永昌-虎尾,9377,0,90,-90,0.45,15,sell
7/31,5876,新加坡商瑞銀,1650,7371,2498,4873,27.71,1,buy
7/31,5876,華南永昌-中正,9359,0,2877,-2877,16.36,1,sell
7/31,5876,美林,1440,1648,39,1609,9.15,2,buy
7/31,5876,台灣摩根士丹利,1470,1261,2708,-1447,8.23,2,sell
7/31,5876,美商高盛,1480,2150,1287,863,4.91,3,buy
7/31,5876,中國信託,6160,19,1364,-1345,7.65,3,sell
7/31,5876,摩根大通,8440,1306,894,412,2.34,4,buy
7/31,5876,港商麥格理,1360,0,654,-654,3.72,4,sell
7/31,5876,元大證券,9800,448,141,307,1.75,5,buy
7/31,5876,永豐金-萬盛,0039004100390032,0,267,-267,1.52,5,sell
7/31,5876,花旗環球,1590,489,278,211,1.2,6,buy
7/31,5876,國泰證券,8880,0,241,-241,1.37,6,sell
7/31,5876,港商野村,1560,240,36,204,1.16,7,buy
7/31,5876,玉山-城中,0038003800340045,0,225,-225,1.28,7,sell
7/31,5876,富邦證券,9600,163,0,163,0.93,8,buy
7/31,5876,群益金鼎-中港,9138,0,160,-160,0.91,8,sell
7/31,5876,法銀巴黎,8900,338,192,146,0.83,9,buy
7/31,5876,元大-敦化,9833,0,80,-80,0.45,9,sell
7/31,5876,群益金鼎-新竹,9186,100,0,100,0.57,10,buy
7/31,5876,永豐金證券,0039004100300030,243,322,-79,0.45,10,sell
7/31,5876,群益金鼎,9100,444,350,94,0.53,11,buy
7/31,5876,華南永昌,9300,35,114,-79,0.45,11,sell
7/31,5876,台新-城中,0039004200320045,50,0,50,0.28,12,buy
7/31,5876,國泰-板橋,003800380038004b,2,57,-55,0.31,12,sell
7/31,5876,凱基-林口,9257,50,11,39,0.22,13,buy
7/31,5876,(牛牛牛)亞證券,6010,0,53,-53,0.3,13,sell
7/31,5876,凱基,9200,39,6,33,0.19,14,buy
7/31,5876,兆豐-台中,7003,0,50,-50,0.28,14,sell
7/31,5876,國票-南港,7795,30,0,30,0.17,15,buy
7/31,5876,台新-台北,0039004200320030,1,50,-49,0.28,15,sell
7/31,2812,新光-桃園,8565,3478,45,3433,9.53,1,buy
7/31,2812,台中銀-台北,6115,10,2052,-2042,5.67,1,sell
7/31,2812,美商高盛,1480,4041,2045,1996,5.54,2,buy
7/31,2812,凱基-台北,9268,2671,4380,-1709,4.74,2,sell
7/31,2812,台灣摩根士丹利,1470,1982,1341,641,1.78,3,buy
7/31,2812,摩根大通,8440,2875,4435,-1560,4.33,3,sell
7/31,2812,港商野村,1560,498,0,498,1.38,4,buy
7/31,2812,華南永昌,9300,8,1245,-1237,3.43,4,sell
7/31,2812,元大-信義安和,0039003800300052,399,0,399,1.11,5,buy
7/31,2812,美林,1440,599,1730,-1131,3.14,5,sell
7/31,2812,花旗環球,1590,356,0,356,0.99,6,buy
7/31,2812,永豐金-亞灣,0039004100390061,2,860,-858,2.38,6,sell
7/31,2812,凱基-鳳山,9274,355,0,355,0.99,7,buy
7/31,2812,台新-同大,0039004200320050,4,800,-796,2.21,7,sell
7/31,2812,新光-台中,8561,442,95,347,0.96,8,buy
7/31,2812,元大-鹿港,0039003800390053,9,734,-725,2.01,8,sell
7/31,2812,凱基-站前,0039003200300046,325,13,312,0.87,9,buy
7/31,2812,富邦-板橋,9655,54,652,-598,1.66,9,sell
7/31,2812,第一金-忠孝,0035003300380044,306,8,298,0.83,10,buy
7/31,2812,永豐金-板盛,0039004100390059,96,576,-480,1.33,10,sell
7/31,2812,光和-田中,6382,253,5,248,0.69,11,buy
7/31,2812,玉山-板橋,8846,7,485,-478,1.33,11,sell
7/31,2812,永豐金-桃園,0039004100390078,257,18,239,0.66,12,buy
7/31,2812,永豐金證券,0039004100300030,902,1327,-425,1.18,12,sell
7/31,2812,兆豐-桃園,003700300030004d,210,0,210,0.58,13,buy
7/31,2812,台新-台中,0039004200310068,87,494,-407,1.13,13,sell
7/31,2812,台新-城中,0039004200320045,203,1,202,0.56,14,buy
7/31,2812,台新,0039004200300030,171,551,-380,1.05,14,sell
7/31,2812,臺銀-新竹,1045,232,40,192,0.53,15,buy
7/31,2812,台中銀-豐原,0036003100310041,11,354,-343,0.95,15,sell
7/31,1216,台灣摩根士丹利,1470,6019,1580,4439,13.17,1,buy
7/31,1216,富邦證券,9600,163,4811,-4648,13.79,1,sell
7/31,1216,美商高盛,1480,3838,887,2951,8.75,2,buy
7/31,1216,台新,0039004200300030,131,4006,-3875,11.49,2,sell
7/31,1216,美林,1440,2480,1,2479,7.35,3,buy
7/31,1216,群益金鼎,9100,315,3814,-3499,10.38,3,sell
7/31,1216,港商野村,1560,1910,32,1878,5.57,4,buy
7/31,1216,元大證券,9800,779,3578,-2799,8.3,4,sell
7/31,1216,凱基-台北,9268,1627,276,1351,4.01,5,buy
7/31,1216,港商麥格理,1360,85,2715,-2630,7.8,5,sell
7/31,1216,元大-復北,9872,844,0,844,2.5,6,buy
7/31,1216,宏遠證券,1260,2,1628,-1626,4.82,6,sell
7/31,1216,法銀巴黎,8900,589,86,503,1.49,7,buy
7/31,1216,摩根大通,8440,1148,2694,-1546,4.59,7,sell
7/31,1216,凱基-中壢,9285,408,0,408,1.21,8,buy
7/31,1216,臺銀,1040,30,712,-682,2.02,8,sell
7/31,1216,國票-敦北法人,0037003700390063,300,1,299,0.89,9,buy
7/31,1216,永豐金證券,0039004100300030,1139,1529,-390,1.16,9,sell
7/31,1216,台新-同大,0039004200320050,311,24,287,0.85,10,buy
7/31,1216,兆豐證券,7000,7,300,-293,0.87,10,sell
7/31,1216,花旗環球,1590,292,50,242,0.72,11,buy
7/31,1216,永豐金-萬盛,0039004100390032,1,204,-203,0.6,11,sell
7/31,1216,新加坡商瑞銀,1650,3167,2932,235,0.7,12,buy
7/31,1216,群益金鼎-開元,9134,4,100,-96,0.28,12,sell
7/31,1216,新光-新竹,8563,204,1,203,0.6,13,buy
7/31,1216,合庫證券,1020,8,81,-73,0.22,13,sell
7/31,1216,新光,8560,221,51,170,0.5,14,buy
7/31,1216,富邦-台北,9623,30,70,-40,0.12,14,sell
7/31,1216,凱基,9200,164,0,164,0.49,15,buy
7/31,1216,華南永昌-朴子,9329,9,34,-25,0.07,15,sell
7/31,0050,富邦證券,9600,38385,3611,34774,10.06,1,buy
7/31,0050,凱基-台北,9268,34096,55544,-21448,6.2,1,sell
7/31,0050,中國信託,6160,25358,3040,22318,6.46,2,buy
7/31,0050,國泰-敦南,8888,5189,14103,-8914,2.58,2,sell
7/31,0050,永豐金證券,0039004100300030,40558,18293,22265,6.44,3,buy
7/31,0050,新加坡商瑞銀,1650,906,4398,-3492,1.01,3,sell
7/31,0050,台灣摩根士丹利,1470,15697,0,15697,4.54,4,buy
7/31,0050,國泰-忠孝,8887,251,1853,-1602,0.46,4,sell
7/31,0050,凱基,9200,12070,75,11995,3.47,5,buy
7/31,0050,新光,8560,3499,4988,-1489,0.43,5,sell
7/31,0050,港商野村,1560,9205,0,9205,2.66,6,buy
7/31,0050,國泰-台中,8882,1116,2522,-1406,0.41,6,sell
7/31,0050,元大證券,9800,43211,37792,5419,1.57,7,buy
7/31,0050,玉山-新莊,8842,207,1509,-1302,0.38,7,sell
7/31,0050,兆豐-高雄,003700300030005a,4709,194,4515,1.31,8,buy
7/31,0050,富邦-板橋,9655,167,1410,-1243,0.36,8,sell
7/31,0050,摩根大通,8440,4075,20,4055,1.17,9,buy
7/31,0050,國泰-館前,0038003800380041,523,1748,-1225,0.35,9,sell
7/31,0050,台新,0039004200300030,7315,3302,4013,1.16,10,buy
7/31,0050,國泰-板橋,003800380038004b,1043,2208,-1165,0.34,10,sell
7/31,0050,群益金鼎,9100,3760,240,3520,1.02,11,buy
7/31,0050,富邦-仁愛,9676,352,1333,-981,0.28,11,sell
7/31,0050,花旗環球,1590,3000,0,3000,0.87,12,buy
7/31,0050,國泰-新莊,8886,316,1215,-899,0.26,12,sell
7/31,0050,統一,5850,4870,1972,2898,0.84,13,buy
7/31,0050,國泰-高雄,8881,674,1564,-890,0.26,13,sell
7/31,0050,國票-敦北法人,0037003700390063,2557,147,2410,0.7,14,buy
7/31,0050,永豐金-板新,003900410039004a,217,1104,-887,0.26,14,sell
7/31,0050,華南永昌,9300,1511,515,996,0.29,15,buy
7/31,0050,富邦-陽明,9604,366,1232,-866,0.25,15,sell
7/31,0056,凱基-台北,9268,26283,8176,18107,19.66,1,buy
7/31,0056,臺銀,1040,68,5136,-5068,5.5,1,sell
7/31,0056,永豐金證券,0039004100300030,28107,26710,1397,1.52,2,buy
7/31,0056,富邦證券,9600,51,1666,-1615,1.75,2,sell
7/31,0056,富邦-羅東,9634,1019,136,883,0.96,3,buy
7/31,0056,國泰-敦南,8888,1855,2578,-723,0.78,3,sell
7/31,0056,新加坡商瑞銀,1650,2423,1691,732,0.79,4,buy
7/31,0056,玉山-嘉義,8848,19,558,-539,0.59,4,sell
7/31,0056,兆豐-公益,003700300030004a,532,54,478,0.52,5,buy
7/31,0056,群益金鼎-敦南,9101,60,567,-507,0.55,5,sell
7/31,0056,富邦-建國,9658,544,161,383,0.42,6,buy
7/31,0056,第一金-新興,0035003300380041,11,487,-476,0.52,6,sell
7/31,0056,兆豐證券,7000,231,12,219,0.24,7,buy
7/31,0056,中國信託,6160,273,606,-333,0.36,7,sell
7/31,0056,華南永昌-民權,9312,237,44,193,0.21,8,buy
7/31,0056,玉山-信義,0038003800340043,23,341,-318,0.35,8,sell
7/31,0056,國泰-松江,8883,261,87,174,0.19,9,buy
7/31,0056,國泰-高雄,8881,72,358,-286,0.31,9,sell
7/31,0056,永豐金-羅東,0039004100390041,200,29,171,0.19,10,buy
7/31,0056,富邦-板橋,9655,341,596,-255,0.28,10,sell
7/31,0056,元大-基隆,0039003800390059,194,25,169,0.18,11,buy
7/31,0056,中國信託-新竹,6165,50,302,-252,0.27,11,sell
7/31,0056,國票-嘉義,0037003700390048,162,7,155,0.17,12,buy
7/31,0056,國泰-台中,8882,268,515,-247,0.27,12,sell
7/31,0056,國泰證券,8880,160,17,143,0.16,13,buy
7/31,0056,富邦-台北,9623,95,338,-243,0.26,13,sell
7/31,0056,康和,8450,150,11,139,0.15,14,buy
7/31,0056,永豐金-嘉義,003900410039006a,4,244,-240,0.26,14,sell
7/31,0056,富邦-中壢,9636,335,207,128,0.14,15,buy
7/31,0056,台新,0039004200300030,289,514,-225,0.24,15,sell
7/31,6770,元大證券,9800,11595,680,10915,42.94,1,buy
7/31,6770,美林,1440,970,4241,-3271,12.87,1,sell
7/31,6770,群益金鼎-西松,9136,1500,5,1495,5.88,2,buy
7/31,6770,摩根大通,8440,54,1093,-1039,4.09,2,sell
7/31,6770,港商野村,1560,1375,0,1375,5.41,3,buy
7/31,6770,新加坡商瑞銀,1650,3,459,-456,1.79,3,sell
7/31,6770,台新-板橋,0039004200320062,903,37,866,3.41,4,buy
7/31,6770,國泰-敦南,8888,163,518,-355,1.4,4,sell
7/31,6770,兆豐-板橋,0037003000300042,745,6,739,2.91,5,buy
7/31,6770,永豐金-市政,0039004100390057,1,329,-328,1.29,5,sell
7/31,6770,華南永昌-大安,9307,705,7,698,2.75,6,buy
7/31,6770,富邦-永和,9654,11,199,-188,0.74,6,sell
7/31,6770,台新,0039004200300030,821,231,590,2.32,7,buy
7/31,6770,華南永昌,9300,23,210,-187,0.74,7,sell
7/31,6770,元大-新莊,9898,603,104,499,1.96,8,buy
7/31,6770,兆豐-北高雄,0037003000300049,0,173,-173,0.68,8,sell
7/31,6770,台新-永和,0039004200320042,350,82,268,1.05,9,buy
7/31,6770,玉山證券,8840,11,157,-146,0.57,9,sell
7/31,6770,富邦-台北,9623,373,159,214,0.84,10,buy
7/31,6770,富邦-南屯,9666,6,137,-131,0.52,10,sell
7/31,6770,台新-虎尾,003900420032004e,212,6,206,0.81,11,buy
7/31,6770,富邦-陽明,9604,3,132,-129,0.51,11,sell
7/31,6770,永豐金-板新,003900410039004a,232,36,196,0.77,12,buy
7/31,6770,永全證券,6450,0,129,-129,0.51,12,sell
7/31,6770,凱基-城中,9227,201,22,179,0.7,13,buy
7/31,6770,凱基-中港,9202,11,136,-125,0.49,13,sell
7/31,6770,元大-竹科,003900380030004b,222,84,138,0.54,14,buy
7/31,6770,永全-南崁,6451,0,123,-123,0.48,14,sell
7/31,6770,彰銀,1230,150,17,133,0.52,15,buy
7/31,6770,新光,8560,38,159,-121,0.48,15,sell
7/31,2344,凱基-台北,9268,2769,86,2683,14.99,1,buy
7/31,2344,花旗環球,1590,0,5086,-5086,28.42,1,sell
7/31,2344,國票-安和,003700370039005a,1982,9,1973,11.02,2,buy
7/31,2344,台灣摩根士丹利,1470,0,1474,-1474,8.24,2,sell
7/31,2344,富邦證券,9600,2896,1486,1410,7.88,3,buy
7/31,2344,美林,1440,0,857,-857,4.79,3,sell
7/31,2344,凱基-市政,9239,1377,3,1374,7.68,4,buy
7/31,2344,兆豐-松德,0037003000300069,0,307,-307,1.72,4,sell
7/31,2344,凱基-虎尾,9236,1201,6,1195,6.68,5,buy
7/31,2344,新加坡商瑞銀,1650,0,298,-298,1.66,5,sell
7/31,2344,國票-敦北法人,0037003700390063,1056,1,1055,5.89,6,buy
7/31,2344,(牛牛牛)亞證券,6010,0,272,-272,1.52,6,sell
7/31,2344,統一-城中,5854,1024,21,1003,5.6,7,buy
7/31,2344,元大證券,9800,48,274,-226,1.26,7,sell
7/31,2344,統一,5850,1096,216,880,4.92,8,buy
7/31,2344,統一-新竹,5857,0,213,-213,1.19,8,sell
7/31,2344,元大-松江,9801,839,1,838,4.68,9,buy
7/31,2344,國泰-敦南,8888,3,205,-202,1.13,9,sell
7/31,2344,凱基-站前,0039003200300046,600,12,588,3.29,10,buy
7/31,2344,永豐金證券,0039004100300030,0,191,-191,1.07,10,sell
7/31,2344,元大-台北,0039003800300068,300,20,280,1.56,11,buy
7/31,2344,國泰-台中,8882,2,163,-161,0.9,11,sell
7/31,2344,富邦-嘉義,9692,284,10,274,1.53,12,buy
7/31,2344,兆豐-南京,0037003000300050,1,132,-131,0.73,12,sell
7/31,2344,富邦-南屯,9666,203,12,191,1.07,13,buy
7/31,2344,群益金鼎-大安,0039003100380065,0,120,-120,0.67,13,sell
7/31,2344,群益金鼎,9100,181,7,174,0.97,14,buy
7/31,2344,元大-彰化民生,003900380039004a,0,107,-107,0.6,14,sell
7/31,2344,群益金鼎-海山,9108,166,8,158,0.88,15,buy
7/31,2344,富邦-仁愛,9676,1,100,-99,0.55,15,sell
7/31,2337,元大證券,9800,5918,235,5683,49.31,1,buy
7/31,2337,元大-土城永寧,9875,3,1206,-1203,10.44,1,sell
7/31,2337,富邦-台北,9623,817,29,788,6.84,2,buy
7/31,2337,美商高盛,1480,19,710,-691,6.0,2,sell
7/31,2337,凱基-台北,9268,560,97,463,4.02,3,buy
7/31,2337,美林,1440,32,658,-626,5.43,3,sell
7/31,2337,富邦-建國,9658,260,22,238,2.07,4,buy
7/31,2337,國泰證券,8880,2,519,-517,4.49,4,sell
7/31,2337,群益金鼎-西松,9136,200,2,198,1.72,5,buy
7/31,2337,摩根大通,8440,0,390,-390,3.38,5,sell
7/31,2337,台新-安南,003900420032005a,200,2,198,1.72,6,buy
7/31,2337,台灣摩根士丹利,1470,164,516,-352,3.05,6,sell
7/31,2337,富邦-南屯,9666,191,11,180,1.56,7,buy
7/31,2337,元大-竹科,003900380030004b,1,270,-269,2.33,7,sell
7/31,2337,富邦證券,9600,120,0,120,1.04,8,buy
7/31,2337,港商麥格理,1360,0,253,-253,2.2,8,sell
7/31,2337,台新-板橋,0039004200320062,120,4,116,1.01,9,buy
7/31,2337,永豐金證券,0039004100300030,105,337,-232,2.01,9,sell
7/31,2337,台新-虎尾,003900420032004e,100,1,99,0.86,10,buy
7/31,2337,群益金鼎-內湖,0039003100380064,0,217,-217,1.88,10,sell
7/31,2337,元大-南屯,9853,101,2,99,0.86,11,buy
7/31,2337,國泰-敦南,8888,41,227,-186,1.61,11,sell
7/31,2337,凱基-南崁,9256,100,2,98,0.85,12,buy
7/31,2337,元大-發財,0039003800310045,0,161,-161,1.4,12,sell
7/31,2337,永豐金-竹科,0039004100390058,100,3,97,0.84,13,buy
7/31,2337,國泰-高雄,8881,0,71,-71,0.62,13,sell
7/31,2337,元大-館前,003900380034004b,100,4,96,0.83,14,buy
7/31,2337,玉山-雙和,8841,0,67,-67,0.58,14,sell
7/31,2337,統一,5850,122,53,69,0.6,15,buy
7/31,2337,兆豐-桃園,003700300030004d,0,60,-60,0.52,15,sell
7/31,1314,兆豐-大同,0037003000300053,6900,0,6900,21.31,1,buy
7/31,1314,台新-虎尾,003900420032004e,1,3622,-3621,11.18,1,sell
7/31,1314,摩根大通,8440,2286,633,1653,5.11,2,buy
7/31,1314,台灣摩根士丹利,1470,1092,2945,-1853,5.72,2,sell
7/31,1314,美商高盛,1480,1805,208,1597,4.93,3,buy
7/31,1314,凱基-文心,9297,20,1620,-1600,4.94,3,sell
7/31,1314,元大證券,9800,1047,610,437,1.35,4,buy
7/31,1314,新百王,6210,20,1560,-1540,4.76,4,sell
7/31,1314,亞東-台南,2185,348,0,348,1.07,5,buy
7/31,1314,國票-和平,003700370039006a,5,1352,-1347,4.16,5,sell
7/31,1314,新光,8560,435,189,246,0.76,6,buy
7/31,1314,美林,1440,234,1364,-1130,3.49,6,sell
7/31,1314,元大-大統,003900380031007a,224,8,216,0.67,7,buy
7/31,1314,臺銀-高雄,0031003000340043,365,1341,-976,3.01,7,sell
7/31,1314,永豐金-萬盛,0039004100390032,200,0,200,0.62,8,buy
7/31,1314,統一-台中,5856,115,1009,-894,2.76,8,sell
7/31,1314,富邦-嘉義,9692,523,325,198,0.61,9,buy
7/31,1314,國泰-敦南,8888,301,898,-597,1.84,9,sell
7/31,1314,統一-敦南,5852,245,48,197,0.61,10,buy
7/31,1314,凱基-站前,0039003200300046,12,435,-423,1.31,10,sell
7/31,1314,新加坡商瑞銀,1650,545,352,193,0.6,11,buy
7/31,1314,永豐金-虎尾,0039004100390062,0,300,-300,0.93,11,sell
7/31,1314,國泰-台中,8882,302,119,183,0.57,12,buy
7/31,1314,元大-永和,9891,45,279,-234,0.72,12,sell
7/31,1314,群益金鼎-大甲,0039003100380067,175,25,150,0.46,13,buy
7/31,1314,元大-路竹,0039003800310043,5,202,-197,0.61,13,sell
7/31,1314,永豐金-匯立,0039004100380031,143,0,143,0.44,14,buy
7/31,1314,中國信託,6160,21,181,-160,0.49,14,sell
7/31,1314,凱基-林口,9257,140,0,140,0.43,15,buy
7/31,1314,元大-北屯,0039003800390064,6,156,-150,0.46,15,sell
7/31,2324,摩根大通,8440,29543,3752,25791,33.71,1,buy
7/31,2324,美林,1440,233,5022,-4789,6.26,1,sell
7/31,2324,新加坡商瑞銀,1650,7042,3288,3754,4.91,2,buy
7/31,2324,國泰證券,8880,324,3050,-2726,3.56,2,sell
7/31,2324,花旗環球,1590,1783,748,1035,1.35,3,buy
7/31,2324,美商高盛,1480,2583,4852,-2269,2.97,3,sell
7/31,2324,兆豐-台中,7003,502,11,491,0.64,4,buy
7/31,2324,台灣摩根士丹利,1470,3829,5590,-1761,2.3,4,sell
7/31,2324,永豐金證券,0039004100300030,636,222,414,0.54,5,buy
7/31,2324,凱基-台北,9268,3258,4860,-1602,2.09,5,sell
7/31,2324,永豐金-中正,0039004100390055,424,21,403,0.53,6,buy
7/31,2324,永豐金-匯立,0039004100380031,115,1638,-1523,1.99,6,sell
7/31,2324,群益金鼎-大安,0039003100380065,1280,914,366,0.48,7,buy
7/31,2324,統一,5850,206,1464,-1258,1.64,7,sell
7/31,2324,國票-敦北法人,0037003700390063,310,6,304,0.4,8,buy
7/31,2324,港商麥格理,1360,0,1069,-1069,1.4,8,sell
7/31,2324,元大證券,9800,4216,4006,210,0.27,9,buy
7/31,2324,玉山證券,8840,37,793,-756,0.99,9,sell
7/31,2324,元大-鑫永和,9888,211,21,190,0.25,10,buy
7/31,2324,元大-基隆孝二,003900380036004b,60,604,-544,0.71,10,sell
7/31,2324,富邦證券,9600,670,486,184,0.24,11,buy
7/31,2324,新光,8560,226,737,-511,0.67,11,sell
7/31,2324,華南永昌-中正,9359,231,101,130,0.17,12,buy
7/31,2324,富邦-永和,9654,85,557,-472,0.62,12,sell
7/31,2324,永豐金-敦北,0039004100380039,160,59,101,0.13,13,buy
7/31,2324,兆豐-寶成,0037003000300072,15,327,-312,0.41,13,sell
7/31,2324,永豐金-信義,0039004100390052,100,2,98,0.13,14,buy
7/31,2324,(牛牛牛)亞-鑫豐,0036003000310064,366,654,-288,0.38,14,sell
7/31,2324,元大-太平,0039003800310051,125,29,96,0.13,15,buy
7/31,2324,國票-九鼎,0037003700390050,199,479,-280,0.37,15,sell
7/31,2353,美商高盛,1480,4687,1681,3006,8.45,1,buy
7/31,2353,永豐金-萬盛,0039004100390032,1,2314,-2313,6.51,1,sell
7/31,2353,摩根大通,8440,3168,179,2989,8.41,2,buy
7/31,2353,國泰證券,8880,26,2270,-2244,6.31,2,sell
7/31,2353,新加坡商瑞銀,1650,3065,299,2766,7.78,3,buy
7/31,2353,富邦證券,9600,372,2501,-2129,5.99,3,sell
7/31,2353,台灣摩根士丹利,1470,4476,2208,2268,6.38,4,buy
7/31,2353,永豐金-南京,0039004100390053,0,731,-731,2.06,4,sell
7/31,2353,凱基-台北,9268,3534,1663,1871,5.26,5,buy
7/31,2353,美林,1440,471,1195,-724,2.04,5,sell
7/31,2353,國泰-桃園,8885,536,44,492,1.38,6,buy
7/31,2353,港商麥格理,1360,0,709,-709,1.99,6,sell
7/31,2353,元大證券,9800,2655,2338,317,0.89,7,buy
7/31,2353,凱基,9200,121,524,-403,1.13,7,sell
7/31,2353,永豐金-匯立,0039004100380031,278,0,278,0.78,8,buy
7/31,2353,元大-豐原站前,0039003800390057,8,353,-345,0.97,8,sell
7/31,2353,法銀巴黎,8900,274,0,274,0.77,9,buy
7/31,2353,永豐金-中正,0039004100390055,5,317,-312,0.88,9,sell
7/31,2353,元大-上新莊,0039003800330047,379,147,232,0.65,10,buy
7/31,2353,國票-九鼎,0037003700390050,4,304,-300,0.84,10,sell
7/31,2353,元大-清水,0039003800300065,201,8,193,0.54,11,buy
7/31,2353,新光,8560,139,404,-265,0.75,11,sell
7/31,2353,富邦-台中,003900360035004b,201,49,152,0.43,12,buy
7/31,2353,統一,5850,84,340,-256,0.72,12,sell
7/31,2353,中農,8520,174,47,127,0.36,13,buy
7/31,2353,華南永昌,9300,31,253,-222,0.62,13,sell
7/31,2353,永豐金證券,0039004100300030,234,125,109,0.31,14,buy
7/31,2353,花旗環球,1590,246,450,-204,0.57,14,sell
7/31,2353,富邦-陽明,9604,172,67,105,0.3,15,buy
7/31,2353,元大-永和,9891,3,205,-202,0.57,15,sell
7/31,6505,花旗環球,1590,1071,51,1020,1.49,1,buy
7/31,6505,新加坡商瑞銀,1650,1222,4134,-2912,4.24,1,sell
7/31,6505,合庫-高雄,1023,418,14,404,0.59,2,buy
7/31,6505,凱基-台北,9268,4749,7250,-2501,3.65,2,sell
7/31,6505,永豐金-中和,0039004100390042,330,20,310,0.45,3,buy
7/31,6505,台灣摩根士丹利,1470,2219,4333,-2114,3.08,3,sell
7/31,6505,國票-敦北法人,0037003700390063,287,1,286,0.42,4,buy
7/31,6505,摩根大通,8440,809,2060,-1251,1.82,4,sell
7/31,6505,港商野村,1560,263,0,263,0.38,5,buy
7/31,6505,美林,1440,599,1589,-990,1.44,5,sell
7/31,6505,元大-東港,0039003800390066,309,74,235,0.34,6,buy
7/31,6505,美商高盛,1480,1907,2709,-802,1.17,6,sell
7/31,6505,元大證券,9800,6133,5900,233,0.34,7,buy
7/31,6505,元大-天母,0039003800310049,83,647,-564,0.82,7,sell
7/31,6505,台新-台中,0039004200310068,528,302,226,0.33,8,buy
7/31,6505,凱基-台南,9211,38,533,-495,0.72,8,sell
7/31,6505,華南永昌,9300,414,199,215,0.31,9,buy
7/31,6505,台新,0039004200300030,410,769,-359,0.52,9,sell
7/31,6505,國泰-板橋,003800380038004b,597,388,209,0.3,10,buy
7/31,6505,中國信託-忠孝,6162,23,379,-356,0.52,10,sell
7/31,6505,永豐金-竹北,0039004100390050,217,13,204,0.3,11,buy
7/31,6505,台新-新營,0039004200310031,30,228,-198,0.29,11,sell
7/31,6505,富邦-南屯,9666,252,55,197,0.29,12,buy
7/31,6505,台新-安南,003900420032005a,114,312,-198,0.29,12,sell
7/31,6505,國泰-敦南,8888,3096,2905,191,0.28,13,buy
7/31,6505,第一金-中山,5389,15,203,-188,0.27,13,sell
7/31,6505,永豐金-桃盛,003900410039004e,239,74,165,0.24,14,buy
7/31,6505,富邦-永和,9654,64,192,-128,0.19,14,sell
7/31,6505,光和-嘉義,0036003300380041,234,71,163,0.24,15,buy
7/31,6505,凱基-中山,9229,6,130,-124,0.18,15,sell
7/31,2105,美商高盛,1480,5313,1103,4210,17.12,1,buy
7/31,2105,新加坡商瑞銀,1650,2317,12323,-10006,40.7,1,sell
7/31,2105,摩根大通,8440,4597,467,4130,16.8,2,buy
7/31,2105,國泰證券,8880,0,1703,-1703,6.93,2,sell
7/31,2105,花旗環球,1590,1231,0,1231,5.01,3,buy
7/31,2105,台灣摩根士丹利,1470,1813,3064,-1251,5.09,3,sell
7/31,2105,凱基-台北,9268,1435,337,1098,4.47,4,buy
7/31,2105,華南永昌,9300,66,1218,-1152,4.69,4,sell
7/31,2105,港商野村,1560,688,0,688,2.8,5,buy
7/31,2105,康和,8450,6,402,-396,1.61,5,sell
7/31,2105,美林,1440,1035,495,540,2.2,6,buy
7/31,2105,國票-九鼎,0037003700390050,0,250,-250,1.02,6,sell
7/31,2105,元大證券,9800,440,138,302,1.23,7,buy
7/31,2105,港商麥格理,1360,57,253,-196,0.8,7,sell
7/31,2105,國泰-台中,8882,183,17,166,0.68,8,buy
7/31,2105,台新-虎尾,003900420032004e,66,191,-125,0.51,8,sell
7/31,2105,國泰-敦南,8888,163,29,134,0.55,9,buy
7/31,2105,元大-南京,9862,3,92,-89,0.36,9,sell
7/31,2105,國泰-板橋,003800380038004b,124,3,121,0.49,10,buy
7/31,2105,統一,5850,235,314,-79,0.32,10,sell
7/31,2105,富邦-台南,9667,125,9,116,0.47,11,buy
7/31,2105,新光,8560,32,94,-62,0.25,11,sell
7/31,2105,統一-高雄,5851,103,0,103,0.42,12,buy
7/31,2105,元大-台南,9896,0,50,-50,0.2,12,sell
7/31,2105,富邦-內湖,9627,101,0,101,0.41,13,buy
7/31,2105,元大-館前,003900380034004b,6,41,-35,0.14,13,sell
7/31,2105,亞東-新竹,2184,105,5,100,0.41,14,buy
7/31,2105,凱基-大里,0039003200300057,2,32,-30,0.12,14,sell
7/31,2105,群益金鼎-三民,9188,95,0,95,0.39,15,buy
7/31,2105,元大-大灣,9815,22,50,-28,0.11,15,sell
7/31,2845,美商高盛,1480,4228,436,3792,14.44,1,buy
7/31,2845,國泰證券,8880,0,3120,-3120,11.88,1,sell
7/31,2845,新加坡商瑞銀,1650,5220,1691,3529,13.44,2,buy
7/31,2845,富邦證券,9600,3,2380,-2377,9.05,2,sell
7/31,2845,凱基-台北,9268,1837,264,1573,5.99,3,buy
7/31,2845,中國信託,6160,3,2303,-2300,8.76,3,sell
7/31,2845,台新-城中,0039004200320045,800,0,800,3.05,4,buy
7/31,2845,華南永昌-豐原,9366,0,803,-803,3.06,4,sell
7/31,2845,摩根大通,8440,2323,1528,795,3.03,5,buy
7/31,2845,華南永昌,9300,0,465,-465,1.77,5,sell
7/31,2845,臺銀-臺南,1042,769,30,739,2.81,6,buy
7/31,2845,台新,0039004200300030,8,322,-314,1.2,6,sell
7/31,2845,港商野村,1560,614,0,614,2.34,7,buy
7/31,2845,合庫-桃園,0031003000320045,0,302,-302,1.15,7,sell
7/31,2845,花旗環球,1590,367,5,362,1.38,8,buy
7/31,2845,永豐金-屏東,0039004100360039,15,300,-285,1.09,8,sell
7/31,2845,台灣摩根士丹利,1470,1000,681,319,1.22,9,buy
7/31,2845,新光,8560,16,271,-255,0.97,9,sell
7/31,2845,國票-北高雄,003700370039004a,300,0,300,1.14,10,buy
7/31,2845,第一金-忠孝,0035003300380044,19,233,-214,0.82,10,sell
7/31,2845,凱基-中壢,9285,200,2,198,0.75,11,buy
7/31,2845,永豐金證券,0039004100300030,48,224,-176,0.67,11,sell
7/31,2845,富邦-羅東,9634,190,0,190,0.72,12,buy
7/31,2845,國泰-館前,0038003800380041,0,165,-165,0.63,12,sell
7/31,2845,法銀巴黎,8900,181,0,181,0.69,13,buy
7/31,2845,統一-城中,5854,0,146,-146,0.56,13,sell
7/31,2845,永豐金-彰化,0039004100390073,159,1,158,0.6,14,buy
7/31,2845,亞東,2180,5,151,-146,0.56,14,sell
7/31,2845,土銀-嘉義,1034,151,2,149,0.57,15,buy
7/31,2845,富邦-永康,003900360031005a,0,132,-132,0.5,15,sell
7/31,6147,國泰證券,8880,2579,3,2576,12.61,1,buy
7/31,6147,新加坡商瑞銀,1650,519,2103,-1584,7.75,1,sell
7/31,6147,元大-松江,9801,911,1,910,4.45,2,buy
7/31,6147,美林,1440,142,1330,-1188,5.81,2,sell
7/31,6147,元大-敦化,9833,834,3,831,4.07,3,buy
7/31,6147,群益金鼎,9100,155,1053,-898,4.4,3,sell
7/31,6147,兆豐-民生,0037003000300063,572,9,563,2.76,4,buy
7/31,6147,玉山證券,8840,26,922,-896,4.39,4,sell
7/31,6147,凱基-台北,9268,1120,652,468,2.29,5,buy
7/31,6147,富邦證券,9600,923,1772,-849,4.16,5,sell
7/31,6147,新光,8560,277,72,205,1.0,6,buy
7/31,6147,永豐金-萬盛,0039004100390032,5,713,-708,3.47,6,sell
7/31,6147,群益金鼎-敦南,9101,206,2,204,1.0,7,buy
7/31,6147,花旗環球,1590,0,550,-550,2.69,7,sell
7/31,6147,兆豐-天母,003700300030004c,154,1,153,0.75,8,buy
7/31,6147,摩根大通,8440,637,1017,-380,1.86,8,sell
7/31,6147,凱基-市政,9239,149,1,148,0.72,9,buy
7/31,6147,永豐金證券,0039004100300030,109,484,-375,1.84,9,sell
7/31,6147,兆豐證券,7000,128,16,112,0.55,10,buy
7/31,6147,港商野村,1560,137,398,-261,1.28,10,sell
7/31,6147,統一-南京,0035003800350055,151,40,111,0.54,11,buy
7/31,6147,統一,5850,177,261,-84,0.41,11,sell
7/31,6147,華南永昌-南京,9326,107,6,101,0.49,12,buy
7/31,6147,元大證券,9800,903,972,-69,0.34,12,sell
7/31,6147,統一-基隆,0035003800350041,190,90,100,0.49,13,buy
7/31,6147,元大-土城永寧,9875,4,59,-55,0.27,13,sell
7/31,6147,富邦-嘉義,9692,129,29,100,0.49,14,buy
7/31,6147,元大-館前,003900380034004b,20,74,-54,0.26,14,sell
7/31,6147,合庫-基隆,1025,101,1,100,0.49,15,buy
7/31,6147,國泰-板橋,003800380038004b,35,79,-44,0.22,15,sell
7/31,2834,美商高盛,1480,11236,1454,9782,12.92,1,buy
7/31,2834,國泰證券,8880,10,5038,-5028,6.64,1,sell
7/31,2834,新加坡商瑞銀,1650,8970,1506,7464,9.85,2,buy
7/31,2834,中國信託,6160,22,4984,-4962,6.55,2,sell
7/31,2834,凱基-台北,9268,7569,1008,6561,8.66,3,buy
7/31,2834,華南永昌-敦南,9347,2,4701,-4699,6.2,3,sell
7/31,2834,永豐金證券,0039004100300030,2437,161,2276,3.0,4,buy
7/31,2834,永豐金-亞灣,0039004100390061,2,2277,-2275,3.0,4,sell
7/31,2834,台新-大昌,0039004200320044,2136,226,1910,2.52,5,buy
7/31,2834,台灣摩根士丹利,1470,3448,5539,-2091,2.76,5,sell
7/31,2834,台新-草屯,0039004200320058,1901,0,1901,2.51,6,buy
7/31,2834,台灣企銀-岡山,1119,18,1951,-1933,2.55,6,sell
7/31,2834,美林,1440,2195,742,1453,1.92,7,buy
7/31,2834,港商麥格理,1360,0,1848,-1848,2.44,7,sell
7/31,2834,凱基-岡山,9209,1382,33,1349,1.78,8,buy
7/31,2834,摩根大通,8440,2924,4768,-1844,2.43,8,sell
7/31,2834,國泰-板橋,003800380038004b,1279,231,1048,1.38,9,buy
7/31,2834,元大證券,9800,866,2497,-1631,2.15,9,sell
7/31,2834,港商野村,1560,1325,416,909,1.2,10,buy
7/31,2834,凱基-桃園,9208,5,1411,-1406,1.86,10,sell
7/31,2834,富邦-敦南,9663,745,11,734,0.97,11,buy
7/31,2834,元大-樹林,003900380039006a,14,1054,-1040,1.37,11,sell
7/31,2834,元大-羅東,0039003800320041,651,13,638,0.84,12,buy
7/31,2834,凱基-竹科,9272,3,916,-913,1.21,12,sell
7/31,2834,元大-三民,0039003800390046,597,9,588,0.78,13,buy
7/31,2834,玉山-新竹,0038003800340048,11,730,-719,0.95,13,sell
7/31,2834,台新-宜蘭,0039004200320055,541,2,539,0.71,14,buy
7/31,2834,統一-三重,003500380035004a,0,714,-714,0.94,14,sell
7/31,2834,聯邦-台南,8588,536,3,533,0.7,15,buy
7/31,2834,富邦-陽明,9604,56,754,-698,0.92,15,sell
7/31,4938,元大證券,9800,2339,661,1678,11.83,1,buy
7/31,4938,港商野村,1560,432,3789,-3357,23.66,1,sell
7/31,4938,凱基-台北,9268,2028,452,1576,11.11,2,buy
7/31,4938,美林,1440,564,1920,-1356,9.56,2,sell
7/31,4938,台灣摩根士丹利,1470,1789,285,1504,10.6,3,buy
7/31,4938,摩根大通,8440,285,674,-389,2.74,3,sell
7/31,4938,美商高盛,1480,1889,541,1348,9.5,4,buy
7/31,4938,港商麥格理,1360,0,346,-346,2.44,4,sell
7/31,4938,新加坡商瑞銀,1650,1229,215,1014,7.15,5,buy
7/31,4938,國票-南港,7795,0,83,-83,0.59,5,sell
7/31,4938,統一,5850,141,2,139,0.98,6,buy
7/31,4938,凱基-員林,9231,0,80,-80,0.56,6,sell
7/31,4938,富邦證券,9600,139,9,130,0.92,7,buy
7/31,4938,富邦-敦南,9663,11,86,-75,0.53,7,sell
7/31,4938,臺銀,1040,132,16,116,0.82,8,buy
7/31,4938,台中銀,6110,1,68,-67,0.47,8,sell
7/31,4938,法銀巴黎,8900,177,84,93,0.66,9,buy
7/31,4938,臺銀-臺中,0031003000340041,2,44,-42,0.3,9,sell
7/31,4938,花旗環球,1590,207,139,68,0.48,10,buy
7/31,4938,富邦-板橋,9655,13,54,-41,0.29,10,sell
7/31,4938,香港上海匯豐,8960,66,1,65,0.46,11,buy
7/31,4938,元大-北府,0039003800300044,0,41,-41,0.29,11,sell
7/31,4938,永豐金證券,0039004100300030,221,158,63,0.44,12,buy
7/31,4938,國泰-館前,0038003800380041,12,53,-41,0.29,12,sell
7/31,4938,永豐金-豐原,0039004100390051,53,0,53,0.37,13,buy
7/31,4938,元大-屏東民生,0039003800310068,2,42,-40,0.28,13,sell
7/31,4938,兆豐證券,7000,49,0,49,0.35,14,buy
7/31,4938,永豐金-信義,0039004100390052,0,40,-40,0.28,14,sell
7/31,4938,永豐金-內湖,0039004100390067,56,14,42,0.3,15,buy
7/31,4938,富邦-高雄,9659,1,40,-39,0.27,15,sell
7/31,4904,新加坡商瑞銀,1650,6085,1223,4862,28.69,1,buy
7/31,4904,台新,0039004200300030,8,3560,-3552,20.96,1,sell
7/31,4904,統一,5850,1338,2,1336,7.88,2,buy
7/31,4904,摩根大通,8440,686,2899,-2213,13.06,2,sell
7/31,4904,美林,1440,1275,117,1158,6.83,3,buy
7/31,4904,富邦證券,9600,21,634,-613,3.62,3,sell
7/31,4904,元大證券,9800,1196,726,470,2.77,4,buy
7/31,4904,凱基-台北,9268,410,783,-373,2.2,4,sell
7/31,4904,美商高盛,1480,1383,1140,243,1.43,5,buy
7/31,4904,台新-城東,0039004200320072,0,352,-352,2.08,5,sell
7/31,4904,法銀巴黎,8900,154,23,131,0.77,6,buy
7/31,4904,台灣摩根士丹利,1470,1235,1539,-304,1.79,6,sell
7/31,4904,花旗環球,1590,136,28,108,0.64,7,buy
7/31,4904,港商麥格理,1360,0,304,-304,1.79,7,sell
7/31,4904,港商野村,1560,87,23,64,0.38,8,buy
7/31,4904,台新-同大,0039004200320050,58,258,-200,1.18,8,sell
7/31,4904,(牛牛牛)亞-鑫豐,0036003000310064,45,0,45,0.27,9,buy
7/31,4904,香港上海匯豐,8960,1,201,-200,1.18,9,sell
7/31,4904,新光,8560,55,17,38,0.22,10,buy
7/31,4904,彰銀,1230,0,121,-121,0.71,10,sell
7/31,4904,國泰證券,8880,37,1,36,0.21,11,buy
7/31,4904,元大-大同,0039003800390047,0,120,-120,0.71,11,sell
7/31,4904,元大-復北,9872,25,0,25,0.15,12,buy
7/31,4904,群益金鼎,9100,8,98,-90,0.53,12,sell
7/31,4904,中國信託,6160,25,1,24,0.14,13,buy
7/31,4904,華南永昌,9300,11,81,-70,0.41,13,sell
7/31,4904,兆豐-桃園,003700300030004d,15,0,15,0.09,14,buy
7/31,4904,永豐金-板新,003900410039004a,0,44,-44,0.26,14,sell
7/31,4904,群益金鼎-南京,0039003100380045,15,0,15,0.09,15,buy
7/31,4904,永豐金證券,0039004100300030,141,177,-36,0.21,15,sell
7/31,1303,元大證券,9800,2833,104,2729,32.98,1,buy
7/31,1303,港商麥格理,1360,1,818,-817,9.87,1,sell
7/31,1303,凱基-城中,9227,1373,9,1364,16.49,2,buy
7/31,1303,美商高盛,1480,73,832,-759,9.17,2,sell
7/31,1303,元大-松江,9801,1200,4,1196,14.45,3,buy
7/31,1303,台新,0039004200300030,1,457,-456,5.51,3,sell
7/31,1303,元大-內湖,003900380039004e,605,9,596,7.2,4,buy
7/31,1303,永豐金證券,0039004100300030,3,272,-269,3.25,4,sell
7/31,1303,華南永昌-世貿,9334,496,3,493,5.96,5,buy
7/31,1303,台灣摩根士丹利,1470,39,304,-265,3.2,5,sell
7/31,1303,富邦證券,9600,292,0,292,3.53,6,buy
7/31,1303,凱基-台北,9268,12,230,-218,2.63,6,sell
7/31,1303,元大-館前,003900380034004b,237,5,232,2.8,7,buy
7/31,1303,新加坡商瑞銀,1650,0,159,-159,1.92,7,sell
7/31,1303,富邦-員林,9672,154,13,141,1.7,8,buy
7/31,1303,港商野村,1560,0,153,-153,1.85,8,sell
7/31,1303,富邦-嘉義,9692,146,10,136,1.64,9,buy
7/31,1303,富邦-仁愛,9676,0,134,-134,1.62,9,sell
7/31,1303,國泰證券,8880,50,5,45,0.54,10,buy
7/31,1303,美林,1440,0,130,-130,1.57,10,sell
7/31,1303,統一,5850,43,1,42,0.51,11,buy
7/31,1303,元大-復北,9872,0,98,-98,1.18,11,sell
7/31,1303,土銀-新竹,1035,30,1,29,0.35,12,buy
7/31,1303,國泰-敦南,8888,10,103,-93,1.12,12,sell
7/31,1303,凱基-大里,0039003200300057,27,0,27,0.33,13,buy
7/31,1303,統一-城中,5854,88,172,-84,1.02,13,sell
7/31,1303,元大-台北,0039003800300068,40,14,26,0.31,14,buy
7/31,1303,元大-民生三民,0039003800390058,0,82,-82,0.99,14,sell
7/31,1303,群益金鼎,9100,21,4,17,0.21,15,buy
7/31,1303,花旗環球,1590,0,65,-65,0.79,15,sell
7/31,1802,群益金鼎-三重,0039003100330067,297,7,290,1.1,1,buy
7/31,1802,台灣摩根士丹利,1470,585,2519,-1934,7.33,1,sell
7/31,1802,國泰-敦南,8888,1219,995,224,0.85,2,buy
7/31,1802,凱基-台北,9268,1225,2819,-1594,6.04,2,sell
7/31,1802,港商野村,1560,220,0,220,0.83,3,buy
7/31,1802,摩根大通,8440,126,928,-802,3.04,3,sell
7/31,1802,台新,0039004200300030,567,357,210,0.8,4,buy
7/31,1802,元大證券,9800,2253,2509,-256,0.97,4,sell
7/31,1802,凱基-站前,0039003200300046,182,8,174,0.66,5,buy
7/31,1802,凱基-文心,9297,7,253,-246,0.93,5,sell
7/31,1802,花旗環球,1590,163,0,163,0.62,6,buy
7/31,1802,永豐金-三重,003900410039004b,12,212,-200,0.76,6,sell
7/31,1802,美商高盛,1480,509,360,149,0.56,7,buy
7/31,1802,元大-樹林,003900380039006a,35,226,-191,0.72,7,sell
7/31,1802,中國信託-松江,6167,134,0,134,0.51,8,buy
7/31,1802,國泰證券,8880,10,144,-134,0.51,8,sell
7/31,1802,統一,5850,143,35,108,0.41,9,buy
7/31,1802,富邦-頭份,0039003600320050,41,124,-83,0.31,9,sell
7/31,1802,玉山-新莊,8842,133,26,107,0.41,10,buy
7/31,1802,新加坡商瑞銀,1650,281,351,-70,0.27,10,sell
7/31,1802,凱基-市府,0039003200300044,101,0,101,0.38,11,buy
7/31,1802,群益金鼎,9100,524,589,-65,0.25,11,sell
7/31,1802,元大-雙和,9874,131,31,100,0.38,12,buy
7/31,1802,兆豐-忠孝,0037003000300061,5,63,-58,0.22,12,sell
7/31,1802,元大-新莊,9898,118,25,93,0.35,13,buy
7/31,1802,永豐金-敦南,0039004100380046,7,59,-52,0.2,13,sell
7/31,1802,元大-忠孝,9871,104,14,90,0.34,14,buy
7/31,1802,台灣企銀,1110,4,51,-47,0.18,14,sell
7/31,1802,富邦-桃園,9665,140,52,88,0.33,15,buy
7/31,1802,兆豐-大同,0037003000300053,130,176,-46,0.17,15,sell
7/31,2449,摩根大通,8440,2338,133,2205,32.84,1,buy
7/31,2449,永豐金證券,0039004100300030,34,1216,-1182,17.6,1,sell
7/31,2449,富邦證券,9600,1027,6,1021,15.2,2,buy
7/31,2449,台灣摩根士丹利,1470,14,950,-936,13.94,2,sell
7/31,2449,凱基-城中,9227,337,1,336,5.0,3,buy
7/31,2449,美林,1440,7,672,-665,9.9,3,sell
7/31,2449,港商野村,1560,310,0,310,4.62,4,buy
7/31,2449,新加坡商瑞銀,1650,77,482,-405,6.03,4,sell
7/31,2449,凱基-台北,9268,499,284,215,3.2,5,buy
7/31,2449,花旗環球,1590,0,294,-294,4.38,5,sell
7/31,2449,統一,5850,202,4,198,2.95,6,buy
7/31,2449,美商高盛,1480,0,249,-249,3.71,6,sell
7/31,2449,國票-敦北法人,0037003700390063,180,0,180,2.68,7,buy
7/31,2449,港商麥格理,1360,19,210,-191,2.84,7,sell
7/31,2449,元大證券,9800,283,103,180,2.68,8,buy
7/31,2449,土銀-新竹,1035,1,55,-54,0.8,8,sell
7/31,2449,統一-城中,5854,160,3,157,2.34,9,buy
7/31,2449,國泰-敦南,8888,13,63,-50,0.74,9,sell
7/31,2449,國票-安和,003700370039005a,160,4,156,2.32,10,buy
7/31,2449,玉山-台中,0038003800340042,1,33,-32,0.48,10,sell
7/31,2449,群益金鼎,9100,88,0,88,1.31,11,buy
7/31,2449,凱基,9200,0,24,-24,0.36,11,sell
7/31,2449,台新,0039004200300030,66,19,47,0.7,12,buy
7/31,2449,華南永昌-麻豆,9308,0,19,-19,0.28,12,sell
7/31,2449,兆豐證券,7000,45,1,44,0.66,13,buy
7/31,2449,玉山證券,8840,3,21,-18,0.27,13,sell
7/31,2449,群益金鼎-館前,0039003100330059,41,0,41,0.61,14,buy
7/31,2449,兆豐-高雄,003700300030005a,0,18,-18,0.27,14,sell
7/31,2449,兆豐-板橋,0037003000300042,40,1,39,0.58,15,buy
7/31,2449,統一-敦南,5852,0,17,-17,0.25,15,sell
7/31,2408,富邦證券,9600,2239,103,2136,26.26,1,buy
7/31,2408,美林,1440,0,989,-989,12.16,1,sell
7/31,2408,凱基-台北,9268,1363,76,1287,15.82,2,buy
7/31,2408,新加坡商瑞銀,1650,0,531,-531,6.53,2,sell
7/31,2408,國票-安和,003700370039005a,691,7,684,8.41,3,buy
7/31,2408,永豐金證券,0039004100300030,30,419,-389,4.78,3,sell
7/31,2408,統一-城中,5854,629,0,629,7.73,4,buy
7/31,2408,玉山證券,8840,0,310,-310,3.81,4,sell
7/31,2408,國票-敦北法人,0037003700390063,484,15,469,5.77,5,buy
7/31,2408,港商麥格理,1360,0,255,-255,3.13,5,sell
7/31,2408,凱基-市政,9239,298,7,291,3.58,6,buy
7/31,2408,美商高盛,1480,0,236,-236,2.9,6,sell
7/31,2408,永豐金-敦北,0039004100380039,300,10,290,3.56,7,buy
7/31,2408,台灣摩根士丹利,1470,0,199,-199,2.45,7,sell
7/31,2408,元大證券,9800,280,45,235,2.89,8,buy
7/31,2408,國泰-敦南,8888,5,152,-147,1.81,8,sell
7/31,2408,群益金鼎,9100,229,25,204,2.51,9,buy
7/31,2408,美好-富順,003500320036004b,6,103,-97,1.19,9,sell
7/31,2408,統一,5850,351,190,161,1.98,10,buy
7/31,2408,台中銀-豐原,0036003100310041,0,92,-92,1.13,10,sell
7/31,2408,凱基-城中,9227,146,6,140,1.72,11,buy
7/31,2408,摩根大通,8440,0,91,-91,1.12,11,sell
7/31,2408,永豐金-虎尾,0039004100390062,60,0,60,0.74,12,buy
7/31,2408,統一-新竹,5857,0,87,-87,1.07,12,sell
7/31,2408,兆豐-板橋,0037003000300042,60,2,58,0.71,13,buy
7/31,2408,康和-內湖,0038003400350041,1,57,-56,0.69,13,sell
7/31,2408,富邦-台北,9623,85,33,52,0.64,14,buy
7/31,2408,玉山-城中,0038003800340045,0,53,-53,0.65,14,sell
7/31,2408,台新-松德,0039004200320061,56,5,51,0.63,15,buy
7/31,2408,致和證券,7030,0,52,-52,0.64,15,sell
7/31,1714,元大-北屯,0039003800390064,1075,5,1070,7.25,1,buy
7/31,1714,凱基-台北,9268,384,2866,-2482,16.81,1,sell
7/31,1714,國泰-高雄,8881,956,7,949,6.43,2,buy
7/31,1714,新加坡商瑞銀,1650,11,1634,-1623,10.99,2,sell
7/31,1714,台新,0039004200300030,392,37,355,2.4,3,buy
7/31,1714,台灣摩根士丹利,1470,217,1439,-1222,8.28,3,sell
7/31,1714,玉山-景美,8849,315,0,315,2.13,4,buy
7/31,1714,美商高盛,1480,361,1043,-682,4.62,4,sell
7/31,1714,元大-南投,0039003800310044,309,1,308,2.09,5,buy
7/31,1714,凱基-竹北,9234,13,658,-645,4.37,5,sell
7/31,1714,國泰-敦南,8888,367,153,214,1.45,6,buy
7/31,1714,摩根大通,8440,209,713,-504,3.41,6,sell
7/31,1714,富邦-木柵,003900360031004d,215,5,210,1.42,7,buy
7/31,1714,台新-永和,0039004200320042,0,200,-200,1.35,7,sell
7/31,1714,元大-博愛,0039003800320042,123,5,118,0.8,8,buy
7/31,1714,美林,1440,85,161,-76,0.51,8,sell
7/31,1714,元大-汐止,0039003800390051,105,2,103,0.7,9,buy
7/31,1714,元大證券,9800,880,948,-68,0.46,9,sell
7/31,1714,華南永昌-斗六,9327,110,8,102,0.69,10,buy
7/31,1714,新光,8560,122,182,-60,0.41,10,sell
7/31,1714,富邦-斗六,0039003600320047,100,0,100,0.68,11,buy
7/31,1714,元大-路竹,0039003800310043,0,58,-58,0.39,11,sell
7/31,1714,元大-豐原站前,0039003800390057,110,23,87,0.59,12,buy
7/31,1714,大昌-新店,6464,16,71,-55,0.37,12,sell
7/31,1714,富邦-二林,0039003600320042,85,4,81,0.55,13,buy
7/31,1714,美好-楊梅,5262,5,60,-55,0.37,13,sell
7/31,1714,富邦-台南,9667,100,21,79,0.54,14,buy
7/31,1714,土銀-建國,0031003000330041,1,50,-49,0.33,14,sell
7/31,1714,永豐金-大園,0039004100390038,81,4,77,0.52,15,buy
7/31,1714,元大-金華,9878,1,50,-49,0.33,15,sell
7/31,2880,康和,8450,5000,170,4830,13.16,1,buy
7/31,2880,第一金-中山,5389,0,2001,-2001,5.45,1,sell
7/31,2880,摩根大通,8440,3510,1154,2356,6.42,2,buy
7/31,2880,凱基-台北,9268,1828,3697,-1869,5.09,2,sell
7/31,2880,元大證券,9800,2451,734,1717,4.68,3,buy
7/31,2880,港商麥格理,1360,0,1556,-1556,4.24,3,sell
7/31,2880,土銀,1030,1188,1,1187,3.23,4,buy
7/31,2880,台灣摩根士丹利,1470,2781,3696,-915,2.49,4,sell
7/31,2880,國泰證券,8880,1059,0,1059,2.89,5,buy
7/31,2880,花旗環球,1590,671,1149,-478,1.3,5,sell
7/31,2880,新加坡商瑞銀,1650,2120,1162,958,2.61,6,buy
7/31,2880,富隆證券,5110,0,310,-310,0.84,6,sell
7/31,2880,凱基,9200,512,0,512,1.4,7,buy
7/31,2880,日進,5660,5,225,-220,0.6,7,sell
7/31,2880,永豐金證券,0039004100300030,1314,814,500,1.36,8,buy
7/31,2880,華南永昌-中正,9359,54,263,-209,0.57,8,sell
7/31,2880,法銀巴黎,8900,694,270,424,1.16,9,buy
7/31,2880,凱基-信義,9216,0,191,-191,0.52,9,sell
7/31,2880,港商野村,1560,506,93,413,1.13,10,buy
7/31,2880,富邦-板橋,9655,5,169,-164,0.45,10,sell
7/31,2880,富邦證券,9600,692,309,383,1.04,11,buy
7/31,2880,美商高盛,1480,2273,2425,-152,0.41,11,sell
7/31,2880,美林,1440,3997,3780,217,0.59,12,buy
7/31,2880,富邦-南京,0039003600310043,0,143,-143,0.39,12,sell
7/31,2880,凱基-中壢,9285,205,11,194,0.53,13,buy
7/31,2880,元大-內湖,003900380039004e,3,139,-136,0.37,13,sell
7/31,2880,元大-潮州,003900380031005a,172,21,151,0.41,14,buy
7/31,2880,群益金鼎-松山,9103,0,124,-124,0.34,14,sell
7/31,2880,中國信託,6160,111,2,109,0.3,15,buy
7/31,2880,台新-新竹,0039004200320047,0,121,-121,0.33,15,sell
7/31,2352,美商高盛,1480,1109,316,793,10.42,1,buy
7/31,2352,摩根大通,8440,443,2013,-1570,20.64,1,sell
7/31,2352,凱基-台北,9268,932,145,787,10.35,2,buy
7/31,2352,富邦證券,9600,1,743,-742,9.75,2,sell
7/31,2352,台灣摩根士丹利,1470,799,135,664,8.73,3,buy
7/31,2352,國泰證券,8880,0,658,-658,8.65,3,sell
7/31,2352,新加坡商瑞銀,1650,545,156,389,5.11,4,buy
7/31,2352,第一金,5380,0,216,-216,2.84,4,sell
7/31,2352,群益金鼎-士林,9137,278,4,274,3.6,5,buy
7/31,2352,統一,5850,5,110,-105,1.38,5,sell
7/31,2352,港商野村,1560,112,0,112,1.47,6,buy
7/31,2352,凱基-竹東,9273,0,102,-102,1.34,6,sell
7/31,2352,永豐金證券,0039004100300030,93,3,90,1.18,7,buy
7/31,2352,富邦-竹東,9625,2,80,-78,1.03,7,sell
7/31,2352,花旗環球,1590,78,0,78,1.03,8,buy
7/31,2352,元大-松山,0039003800310070,10,87,-77,1.01,8,sell
7/31,2352,凱基,9200,75,0,75,0.99,9,buy
7/31,2352,富邦-嘉義,9692,5,76,-71,0.93,9,sell
7/31,2352,華南永昌,9300,72,2,70,0.92,10,buy
7/31,2352,元大-向上,9824,0,56,-56,0.74,10,sell
7/31,2352,元大-成功,003900380039004c,81,18,63,0.83,11,buy
7/31,2352,群益金鼎-敦南,9101,0,36,-36,0.47,11,sell
7/31,2352,美林,1440,298,246,52,0.68,12,buy
7/31,2352,群益金鼎-台中,9184,1,36,-35,0.46,12,sell
7/31,2352,凱基-宜蘭,003900320030004d,49,0,49,0.64,13,buy
7/31,2352,元大-大雅,0039003800330069,2,33,-31,0.41,13,sell
7/31,2352,富邦-公益,0039003600310046,38,0,38,0.5,14,buy
7/31,2352,元大-四維,9831,0,28,-28,0.37,14,sell
7/31,2352,台新,0039004200300030,38,3,35,0.46,15,buy
7/31,2352,新光-台中,8561,4,31,-27,0.35,15,sell
7/31,1326,元大-北投,0039003800390041,601,33,568,1.2,1,buy
7/31,1326,台灣摩根士丹利,1470,2151,5472,-3321,7.04,1,sell
7/31,1326,合庫-高雄,1023,517,15,502,1.06,2,buy
7/31,1326,國泰證券,8880,0,1951,-1951,4.14,2,sell
7/31,1326,花旗環球,1590,458,64,394,0.84,3,buy
7/31,1326,凱基-台北,9268,2882,4761,-1879,3.98,3,sell
7/31,1326,凱基-桃園,9208,452,109,343,0.73,4,buy
7/31,1326,摩根大通,8440,614,2355,-1741,3.69,4,sell
7/31,1326,新光,8560,564,271,293,0.62,5,buy
7/31,1326,新加坡商瑞銀,1650,1561,3155,-1594,3.38,5,sell
7/31,1326,富邦-嘉義,9692,297,38,259,0.55,6,buy
7/31,1326,元大-天母,0039003800310049,52,1580,-1528,3.24,6,sell
7/31,1326,永豐金證券,0039004100300030,333,108,225,0.48,7,buy
7/31,1326,華南永昌,9300,357,1492,-1135,2.41,7,sell
7/31,1326,國泰-敦南,8888,911,722,189,0.4,8,buy
7/31,1326,美林,1440,921,1739,-818,1.73,8,sell
7/31,1326,元大-斗信,9884,185,17,168,0.36,9,buy
7/31,1326,港商麥格理,1360,0,579,-579,1.23,9,sell
7/31,1326,元大-東港,0039003800390066,157,0,157,0.33,10,buy
7/31,1326,統一,5850,121,641,-520,1.1,10,sell
7/31,1326,臺銀-臺中,0031003000340041,198,49,149,0.32,11,buy
7/31,1326,台新-虎尾,003900420032004e,79,577,-498,1.06,11,sell
7/31,1326,元大-台北,0039003800300068,166,19,147,0.31,12,buy
7/31,1326,港商野村,1560,155,467,-312,0.66,12,sell
7/31,1326,華南永昌-斗六,9327,164,20,144,0.31,13,buy
7/31,1326,美商高盛,1480,1656,1961,-305,0.65,13,sell
7/31,1326,法銀巴黎,8900,220,78,142,0.3,14,buy
7/31,1326,凱基-中山,9229,35,182,-147,0.31,14,sell
7/31,1326,永豐金-台南,0039004100390068,183,48,135,0.29,15,buy
7/31,1326,元大-發財,0039003800310045,23,116,-93,0.2,15,sell
7/31,2406,富邦-公益,0039003600310046,220,11,209,2.3,1,buy
7/31,2406,摩根大通,8440,86,1082,-996,10.94,1,sell
7/31,2406,元大證券,9800,380,216,164,1.8,2,buy
7/31,2406,凱基-台北,9268,220,681,-461,5.06,2,sell
7/31,2406,統一-南京,0035003800350055,122,1,121,1.33,3,buy
7/31,2406,富邦-台南,9667,17,250,-233,2.56,3,sell
7/31,2406,群益金鼎,9100,120,14,106,1.16,4,buy
7/31,2406,新加坡商瑞銀,1650,1,187,-186,2.04,4,sell
7/31,2406,康和-澎湖,0038003400350045,102,0,102,1.12,5,buy
7/31,2406,凱基-新豐,9266,5,84,-79,0.87,5,sell
7/31,2406,永興-台中,5603,100,1,99,1.09,6,buy
7/31,2406,元大-復北,9872,28,92,-64,0.7,6,sell
7/31,2406,國泰-敦南,8888,448,350,98,1.08,7,buy
7/31,2406,美好-富順,003500320036004b,11,75,-64,0.7,7,sell
7/31,2406,台新,0039004200300030,108,17,91,1.0,8,buy
7/31,2406,(牛牛牛)亞-鑫豐,0036003000310064,14,63,-49,0.54,8,sell
7/31,2406,華南永昌-豐原,9366,102,24,78,0.86,9,buy
7/31,2406,富邦-台東,9608,1,50,-49,0.54,9,sell
7/31,2406,華南永昌,9300,71,5,66,0.72,10,buy
7/31,2406,元大-新盛,9869,13,57,-44,0.48,10,sell
7/31,2406,富邦-嘉義,9692,95,41,54,0.59,11,buy
7/31,2406,元大-鑫永和,9888,11,54,-43,0.47,11,sell
7/31,2406,富邦-南京,0039003600310043,50,0,50,0.55,12,buy
7/31,2406,群益金鼎-潭子,0039003100330044,3,45,-42,0.46,12,sell
7/31,2406,中國信託,6160,59,9,50,0.55,13,buy
7/31,2406,富邦-永和,9654,9,48,-39,0.43,13,sell
7/31,2406,永豐金證券,0039004100300030,86,41,45,0.49,14,buy
7/31,2406,富邦-花蓮,9621,4,41,-37,0.41,14,sell
7/31,2406,玉山證券,8840,51,7,44,0.48,15,buy
7/31,2406,國票-中和,0037003700390058,12,49,-37,0.41,15,sell
7/31,2801,土銀,1030,20017,10,20007,27.66,1,buy
7/31,2801,元大-和平,9863,25,3004,-2979,4.12,1,sell
7/31,2801,摩根大通,8440,7371,3433,3938,5.45,2,buy
7/31,2801,華南永昌,9300,127,2108,-1981,2.74,2,sell
7/31,2801,永豐金-市政,0039004100390057,2358,19,2339,3.23,3,buy
7/31,2801,凱基-彰化,0039003200300047,14,1642,-1628,2.25,3,sell
7/31,2801,美林,1440,2284,396,1888,2.61,4,buy
7/31,2801,華南永昌-台中,9302,2,1435,-1433,1.98,4,sell
7/31,2801,凱基-台北,9268,5452,3845,1607,2.22,5,buy
7/31,2801,台灣摩根士丹利,1470,1699,3066,-1367,1.89,5,sell
7/31,2801,國泰證券,8880,1503,3,1500,2.07,6,buy
7/31,2801,美商高盛,1480,2193,3413,-1220,1.69,6,sell
7/31,2801,富邦證券,9600,1455,26,1429,1.98,7,buy
7/31,2801,港商麥格理,1360,0,1213,-1213,1.68,7,sell
7/31,2801,花旗環球,1590,1615,332,1283,1.77,8,buy
7/31,2801,臺銀-臺南,1042,5,1085,-1080,1.49,8,sell
7/31,2801,港商野村,1560,1408,306,1102,1.52,9,buy
7/31,2801,統一,5850,419,1458,-1039,1.44,9,sell
7/31,2801,亞東-台南,2185,801,0,801,1.11,10,buy
7/31,2801,凱基-岡山,9209,0,1000,-1000,1.38,10,sell
7/31,2801,台新-虎尾,003900420032004e,513,7,506,0.7,11,buy
7/31,2801,台新-台北,0039004200320030,16,1005,-989,1.37,11,sell
7/31,2801,群益金鼎-民權,9131,404,6,398,0.55,12,buy
7/31,2801,土銀-花蓮,1037,0,850,-850,1.18,12,sell
7/31,2801,永豐金-桃園,0039004100390078,318,29,289,0.4,13,buy
7/31,2801,群益金鼎-竹南,0039003100380069,0,714,-714,0.99,13,sell
7/31,2801,元大證券,9800,1858,1581,277,0.38,14,buy
7/31,2801,群益金鼎,9100,343,994,-651,0.9,14,sell
7/31,2801,國票-中正,7797,170,10,160,0.22,15,buy
7/31,2801,新加坡商瑞銀,1650,7824,8466,-642,0.89,15,sell
7/31,2542,台中銀,6110,1803,27,1776,22.16,1,buy
7/31,2542,摩根大通,8440,174,1404,-1230,15.34,1,sell
7/31,2542,凱基-台北,9268,990,368,622,7.76,2,buy
7/31,2542,富邦-陽明,9604,2,203,-201,2.51,2,sell
7/31,2542,永豐金證券,0039004100300030,554,46,508,6.34,3,buy
7/31,2542,台灣企銀-岡山,1119,0,200,-200,2.5,3,sell
7/31,2542,美商高盛,1480,869,419,450,5.61,4,buy
7/31,2542,富邦證券,9600,0,182,-182,2.27,4,sell
7/31,2542,花旗環球,1590,210,3,207,2.58,5,buy
7/31,2542,群益金鼎-東門,0039003100380044,0,170,-170,2.12,5,sell
7/31,2542,新加坡商瑞銀,1650,231,81,150,1.87,6,buy
7/31,2542,國泰-敦南,8888,38,149,-111,1.38,6,sell
7/31,2542,港商野村,1560,118,0,118,1.47,7,buy
7/31,2542,台新-台中,0039004200310068,3,104,-101,1.26,7,sell
7/31,2542,法銀巴黎,8900,91,2,89,1.11,8,buy
7/31,2542,元大-新盛,9869,1,101,-100,1.25,8,sell
7/31,2542,華南永昌-長虹,9333,92,26,66,0.82,9,buy
7/31,2542,新光,8560,26,123,-97,1.21,9,sell
7/31,2542,統一-士林,003500380035004d,66,1,65,0.81,10,buy
7/31,2542,台灣摩根士丹利,1470,336,432,-96,1.2,10,sell
7/31,2542,元大-天母,0039003800310049,58,4,54,0.67,11,buy
7/31,2542,台新-高雄,0039004200310067,3,88,-85,1.06,11,sell
7/31,2542,國泰證券,8880,51,0,51,0.64,12,buy
7/31,2542,統一,5850,92,158,-66,0.82,12,sell
7/31,2542,宏遠證券,1260,40,0,40,0.5,13,buy
7/31,2542,第一金-自由,0035003300380045,0,64,-64,0.8,13,sell
7/31,2542,群益金鼎-瑞豐,0039003100380075,55,16,39,0.49,14,buy
7/31,2542,統一-新台中,0035003800350044,0,61,-61,0.76,14,sell
7/31,2542,元大-華山,0039003800310055,36,0,36,0.45,15,buy
7/31,2542,富邦-宜蘭,9686,1,56,-55,0.69,15,sell
7/31,3706,台灣摩根士丹利,1470,1147,123,1024,8.17,1,buy
7/31,3706,摩根大通,8440,251,1708,-1457,11.63,1,sell
7/31,3706,凱基-台北,9268,1035,288,747,5.96,2,buy
7/31,3706,富邦-員林,9672,37,299,-262,2.09,2,sell
7/31,3706,凱基-台中,9204,272,2,270,2.15,3,buy
7/31,3706,統一,5850,28,232,-204,1.63,3,sell
7/31,3706,富邦-永康,003900360031005a,268,16,252,2.01,4,buy
7/31,3706,富邦證券,9600,47,228,-181,1.44,4,sell
7/31,3706,美商高盛,1480,275,66,209,1.67,5,buy
7/31,3706,兆豐-鹿港,0037003000300066,8,170,-162,1.29,5,sell
7/31,3706,玉山-左營,0038003800340044,200,3,197,1.57,6,buy
7/31,3706,花旗環球,1590,69,195,-126,1.01,6,sell
7/31,3706,港商麥格理,1360,188,0,188,1.5,7,buy
7/31,3706,中國信託-高雄,003600310036004b,8,128,-120,0.96,7,sell
7/31,3706,元大-鹿港,0039003800390053,144,6,138,1.1,8,buy
7/31,3706,國泰證券,8880,33,151,-118,0.94,8,sell
7/31,3706,永豐金證券,0039004100300030,194,73,121,0.97,9,buy
7/31,3706,元大-歸仁,0039003800310061,3,57,-54,0.43,9,sell
7/31,3706,元大證券,9800,575,490,85,0.68,10,buy
7/31,3706,台新,0039004200300030,42,94,-52,0.41,10,sell
7/31,3706,新加坡商瑞銀,1650,390,316,74,0.59,11,buy
7/31,3706,台新-永和,0039004200320042,0,51,-51,0.41,11,sell
7/31,3706,元大-虎尾,003900380030006c,81,10,71,0.57,12,buy
7/31,3706,群益金鼎-中山,0039003100380048,0,50,-50,0.4,12,sell
7/31,3706,富邦-建國,9658,94,31,63,0.5,13,buy
7/31,3706,台新-林園,0039004200320037,1,41,-40,0.32,13,sell
7/31,3706,元大-花蓮,9856,79,17,62,0.49,14,buy
7/31,3706,元大-竹北,0039003800310042,0,39,-39,0.31,14,sell
7/31,3706,港商野村,1560,59,0,59,0.47,15,buy
7/31,3706,華南永昌,9300,9,48,-39,0.31,15,sell
7/31,3702,新加坡商瑞銀,1650,1312,342,970,8.79,1,buy
7/31,3702,富邦證券,9600,150,1496,-1346,12.2,1,sell
7/31,3702,元大證券,9800,1235,545,690,6.25,2,buy
7/31,3702,凱基-台北,9268,338,1584,-1246,11.29,2,sell
7/31,3702,美商高盛,1480,1061,449,612,5.54,3,buy
7/31,3702,華南永昌-麻豆,9308,18,722,-704,6.38,3,sell
7/31,3702,香港上海匯豐,8960,434,25,409,3.71,4,buy
7/31,3702,美林,1440,256,464,-208,1.88,4,sell
7/31,3702,台灣摩根士丹利,1470,1361,1096,265,2.4,5,buy
7/31,3702,摩根大通,8440,375,514,-139,1.26,5,sell
7/31,3702,中國信託,6160,258,12,246,2.23,6,buy
7/31,3702,華南永昌,9300,3,123,-120,1.09,6,sell
7/31,3702,港商野村,1560,214,0,214,1.94,7,buy
7/31,3702,康和-板橋,0038003400350044,9,121,-112,1.01,7,sell
7/31,3702,新光,8560,228,23,205,1.86,8,buy
7/31,3702,富邦-仁愛,9676,6,68,-62,0.56,8,sell
7/31,3702,永豐金證券,0039004100300030,131,14,117,1.06,9,buy
7/31,3702,凱基-市府,0039003200300044,2,60,-58,0.53,9,sell
7/31,3702,永豐金-天母,0039004100390047,117,2,115,1.04,10,buy
7/31,3702,凱基-竹東,9273,0,41,-41,0.37,10,sell
7/31,3702,群益金鼎-內湖,0039003100380064,106,0,106,0.96,11,buy
7/31,3702,富邦-高雄,9659,1,37,-36,0.33,11,sell
7/31,3702,玉山證券,8840,108,5,103,0.93,12,buy
7/31,3702,華南永昌-鳳山,9331,0,34,-34,0.31,12,sell
7/31,3702,聯邦證券,8580,104,9,95,0.86,13,buy
7/31,3702,港商麥格理,1360,221,254,-33,0.3,13,sell
7/31,3702,台新-新興,003900420032006f,80,4,76,0.69,14,buy
7/31,3702,統一-桃園,0035003800350048,0,32,-32,0.29,14,sell
7/31,3702,國票證券,7790,106,31,75,0.68,15,buy
7/31,3702,富邦-陽明,9604,3,31,-28,0.25,15,sell
7/31,5871,台灣摩根士丹利,1470,1661,12,1649,23.13,1,buy
7/31,5871,元大證券,9800,329,1489,-1160,16.27,1,sell
7/31,5871,美林,1440,512,7,505,7.08,2,buy
7/31,5871,富邦證券,9600,33,800,-767,10.76,2,sell
7/31,5871,摩根大通,8440,559,258,301,4.22,3,buy
7/31,5871,美商高盛,1480,505,1040,-535,7.5,3,sell
7/31,5871,新光,8560,353,75,278,3.9,4,buy
7/31,5871,新加坡商瑞銀,1650,378,711,-333,4.67,4,sell
7/31,5871,永豐金-板新,003900410039004a,205,1,204,2.86,5,buy
7/31,5871,港商麥格理,1360,0,262,-262,3.67,5,sell
7/31,5871,宏遠-館前,0031003200360055,120,0,120,1.68,6,buy
7/31,5871,凱基-桃園,9208,3,80,-77,1.08,6,sell
7/31,5871,花旗環球,1590,144,36,108,1.51,7,buy
7/31,5871,合庫-嘉義,1024,1,65,-64,0.9,7,sell
7/31,5871,國票-九鼎,0037003700390050,101,0,101,1.42,8,buy
7/31,5871,中國信託-永康,6163,1,57,-56,0.79,8,sell
7/31,5871,香港上海匯豐,8960,79,1,78,1.09,9,buy
7/31,5871,富邦-彰化,0039003600350055,1,50,-49,0.69,9,sell
7/31,5871,法銀巴黎,8900,111,45,66,0.93,10,buy
7/31,5871,兆豐-寶成,0037003000300072,0,46,-46,0.65,10,sell
7/31,5871,永豐金-匯立,0039004100380031,138,73,65,0.91,11,buy
7/31,5871,玉山-雙和,8841,0,37,-37,0.52,11,sell
7/31,5871,港商野村,1560,55,16,39,0.55,12,buy
7/31,5871,玉山-嘉義,8848,6,35,-29,0.41,12,sell
7/31,5871,永豐金證券,0039004100300030,98,63,35,0.49,13,buy
7/31,5871,台新,0039004200300030,10,36,-26,0.36,13,sell
7/31,5871,國泰-桃園,8885,84,51,33,0.46,14,buy
7/31,5871,富邦-嘉義,9692,1,21,-20,0.28,14,sell
7/31,5871,國泰-敦南,8888,50,25,25,0.35,15,buy
7/31,5871,群益金鼎-台南,9185,0,20,-20,0.28,15,sell
7/31,8046,富邦證券,9600,363,50,313,18.09,1,buy
7/31,8046,美林,1440,10,329,-319,18.44,1,sell
7/31,8046,凱基-台北,9268,282,35,247,14.28,2,buy
7/31,8046,第一金,5380,0,77,-77,4.45,2,sell
7/31,8046,凱基-城中,9227,169,0,169,9.77,3,buy
7/31,8046,華南永昌,9300,0,73,-73,4.22,3,sell
7/31,8046,元大證券,9800,175,14,161,9.31,4,buy
7/31,8046,美商高盛,1480,3,67,-64,3.7,4,sell
7/31,8046,群益金鼎,9100,101,4,97,5.61,5,buy
7/31,8046,兆豐-松德,0037003000300069,0,60,-60,3.47,5,sell
7/31,8046,國票-安和,003700370039005a,81,0,81,4.68,6,buy
7/31,8046,國泰-敦南,8888,1,41,-40,2.31,6,sell
7/31,8046,統一-城中,5854,80,0,80,4.62,7,buy
7/31,8046,元大-復北,9872,0,35,-35,2.02,7,sell
7/31,8046,國票-敦北法人,0037003700390063,70,0,70,4.05,8,buy
7/31,8046,永豐金證券,0039004100300030,19,48,-29,1.68,8,sell
7/31,8046,元大-新莊,9898,60,3,57,3.29,9,buy
7/31,8046,群益金鼎-海山,9108,0,26,-26,1.5,9,sell
7/31,8046,凱基-大里,0039003200300057,44,0,44,2.54,10,buy
7/31,8046,日茂,5960,0,20,-20,1.16,10,sell
7/31,8046,國泰證券,8880,25,0,25,1.45,11,buy
7/31,8046,凱基-桃園,9208,0,17,-17,0.98,11,sell
7/31,8046,台新,0039004200300030,30,10,20,1.16,12,buy
7/31,8046,新光-桃園,8565,0,15,-15,0.87,12,sell
7/31,8046,群益金鼎-館前,0039003100330059,20,0,20,1.16,13,buy
7/31,8046,花旗環球,1590,0,15,-15,0.87,13,sell
7/31,8046,台灣摩根士丹利,1470,43,24,19,1.1,14,buy
7/31,8046,凱基-嘉義,9252,0,13,-13,0.75,14,sell
7/31,8046,華南永昌-古亭,9309,10,0,10,0.58,15,buy
7/31,8046,元大-文心,9868,3,14,-11,0.64,15,sell
7/31,2027,花旗環球,1590,825,8,817,4.28,1,buy
7/31,2027,摩根大通,8440,970,2988,-2018,10.56,1,sell
7/31,2027,臺銀,1040,343,4,339,1.77,2,buy
7/31,2027,凱基-台北,9268,657,1625,-968,5.07,2,sell
7/31,2027,香港上海匯豐,8960,330,0,330,1.73,3,buy
7/31,2027,統一-敦南,5852,6,800,-794,4.15,3,sell
7/31,2027,新加坡商瑞銀,1650,1237,947,290,1.52,4,buy
7/31,2027,富邦證券,9600,106,575,-469,2.45,4,sell
7/31,2027,美商高盛,1480,1036,759,277,1.45,5,buy
7/31,2027,凱基,9200,40,416,-376,1.97,5,sell
7/31,2027,台灣摩根士丹利,1470,1196,935,261,1.37,6,buy
7/31,2027,台新-府城,0039004200320039,0,334,-334,1.75,6,sell
7/31,2027,華南永昌-東昇,9386,185,8,177,0.93,7,buy
7/31,2027,美林,1440,126,378,-252,1.32,7,sell
7/31,2027,元大-和平,9863,156,0,156,0.82,8,buy
7/31,2027,群益金鼎,9100,713,884,-171,0.89,8,sell
7/31,2027,華南永昌,9300,136,9,127,0.66,9,buy
7/31,2027,元大-鳳中,0039003800350043,2,158,-156,0.82,9,sell
7/31,2027,元大-南投,0039003800310044,116,10,106,0.55,10,buy
7/31,2027,永豐金-內湖,0039004100390067,0,136,-136,0.71,10,sell
7/31,2027,高橋,5320,102,0,102,0.53,11,buy
7/31,2027,永豐金證券,0039004100300030,179,298,-119,0.62,11,sell
7/31,2027,元大-土城,9897,102,1,101,0.53,12,buy
7/31,2027,台新-三民,0039004200310033,6,124,-118,0.62,12,sell
7/31,2027,玉山-士林,0038003800340041,103,3,100,0.52,13,buy
7/31,2027,聯邦-興中,8587,0,100,-100,0.52,13,sell
7/31,2027,元大-大益,9814,136,36,100,0.52,14,buy
7/31,2027,統一-東湖,0035003800350052,2,95,-93,0.49,14,sell
7/31,2027,元大證券,9800,1177,1084,93,0.49,15,buy
7/31,2027,富邦-虎尾,9697,0,70,-70,0.37,15,sell
7/31,2885,台灣摩根士丹利,1470,7396,2107,5289,11.7,1,buy
7/31,2885,永興-台中,5603,0,2003,-2003,4.43,1,sell
7/31,2885,摩根大通,8440,8615,3827,4788,10.59,2,buy
7/31,2885,土銀,1030,1,990,-989,2.19,2,sell
7/31,2885,美林,1440,3433,99,3334,7.38,3,buy
7/31,2885,元大-北屯,0039003800390064,8,959,-951,2.1,3,sell
7/31,2885,新加坡商瑞銀,1650,3083,584,2499,5.53,4,buy
7/31,2885,永豐金-鳳山,0039004100360031,1,723,-722,1.6,4,sell
7/31,2885,統一,5850,1881,104,1777,3.93,5,buy
7/31,2885,合庫-自強,0031003000320043,7,629,-622,1.38,5,sell
7/31,2885,美商高盛,1480,4177,2645,1532,3.39,6,buy
7/31,2885,華南永昌,9300,84,658,-574,1.27,6,sell
7/31,2885,港商麥格理,1360,3304,1832,1472,3.26,7,buy
7/31,2885,兆豐-南京,0037003000300050,0,511,-511,1.13,7,sell
7/31,2885,元大證券,9800,3226,1945,1281,2.83,8,buy
7/31,2885,玉山-高雄,8843,1,495,-494,1.09,8,sell
7/31,2885,港商野村,1560,953,16,937,2.07,9,buy
7/31,2885,國泰-敦南,8888,101,589,-488,1.08,9,sell
7/31,2885,法銀巴黎,8900,693,195,498,1.1,10,buy
7/31,2885,台新-五權西,0039004200320035,6,425,-419,0.93,10,sell
7/31,2885,元大-南投,0039003800310044,606,143,463,1.02,11,buy
7/31,2885,凱基-站前,0039003200300046,5,333,-328,0.73,11,sell
7/31,2885,元大-草屯,0039003800390045,504,96,408,0.9,12,buy
7/31,2885,凱基-市府,0039003200300044,0,312,-312,0.69,12,sell
7/31,2885,富邦證券,9600,432,40,392,0.87,13,buy
7/31,2885,新光,8560,29,330,-301,0.67,13,sell
7/31,2885,凱基-台北,9268,2167,1853,314,0.69,14,buy
7/31,2885,群益金鼎,9100,501,793,-292,0.65,14,sell
7/31,2885,富隆證券,5110,200,0,200,0.44,15,buy
7/31,2885,康和-仁愛,0038003400350046,0,226,-226,0.5,15,sell
7/31,8069,台灣摩根士丹利,1470,1146,342,804,8.17,1,buy
7/31,8069,新加坡商瑞銀,1650,139,750,-611,6.21,1,sell
7/31,8069,法銀巴黎,8900,218,31,187,1.9,2,buy
7/31,8069,港商麥格理,1360,0,563,-563,5.72,2,sell
7/31,8069,元大證券,9800,895,727,168,1.71,3,buy
7/31,8069,永豐金-竹北,0039004100390050,3,90,-87,0.88,3,sell
7/31,8069,香港上海匯豐,8960,217,53,164,1.67,4,buy
7/31,8069,凱基-台北,9268,734,818,-84,0.85,4,sell
7/31,8069,永豐金證券,0039004100300030,173,45,128,1.3,5,buy
7/31,8069,永豐金-天母,0039004100390047,5,68,-63,0.64,5,sell
7/31,8069,玉山-新竹,0038003800340048,107,5,102,1.04,6,buy
7/31,8069,摩根大通,8440,421,479,-58,0.59,6,sell
7/31,8069,富邦-高雄,9659,57,6,51,0.52,7,buy
7/31,8069,凱基-站前,0039003200300046,9,67,-58,0.59,7,sell
7/31,8069,美商高盛,1480,520,475,45,0.46,8,buy
7/31,8069,凱基-信義,9216,0,56,-56,0.57,8,sell
7/31,8069,美林,1440,312,272,40,0.41,9,buy
7/31,8069,第一金,5380,0,53,-53,0.54,9,sell
7/31,8069,永豐金-三重,003900410039004b,41,3,38,0.39,10,buy
7/31,8069,花旗環球,1590,12,62,-50,0.51,10,sell
7/31,8069,國票-南崁,0037003700390045,30,0,30,0.3,11,buy
7/31,8069,元大-四維,9831,3,32,-29,0.29,11,sell
7/31,8069,統一,5850,50,20,30,0.3,12,buy
7/31,8069,富邦-板橋,9655,20,47,-27,0.27,12,sell
7/31,8069,凱基-竹北,9234,35,6,29,0.29,13,buy
7/31,8069,元大-松山,0039003800310070,0,22,-22,0.22,13,sell
7/31,8069,永豐金-永康,0039004100390063,62,38,24,0.24,14,buy
7/31,8069,日進,5660,0,21,-21,0.21,14,sell
7/31,8069,港商野村,1560,39,15,24,0.24,15,buy
7/31,8069,富邦-竹北,9624,16,36,-20,0.2,15,sell
7/31,6548,元大-士林,003900380031006a,1030,43,987,22.82,1,buy
7/31,6548,凱基-雙和,0039003200300043,0,151,-151,3.49,1,sell
7/31,6548,美商高盛,1480,271,72,199,4.6,2,buy
7/31,6548,華南永昌,9300,1,145,-144,3.33,2,sell
7/31,6548,元大證券,9800,315,196,119,2.75,3,buy
7/31,6548,摩根大通,8440,78,187,-109,2.52,3,sell
7/31,6548,台灣摩根士丹利,1470,256,163,93,2.15,4,buy
7/31,6548,玉山-雙和,8841,0,101,-101,2.34,4,sell
7/31,6548,新加坡商瑞銀,1650,162,101,61,1.41,5,buy
7/31,6548,國泰證券,8880,3,78,-75,1.73,5,sell
7/31,6548,凱基-台北,9268,336,297,39,0.9,6,buy
7/31,6548,國泰-板橋,003800380038004b,21,82,-61,1.41,6,sell
7/31,6548,元大-竹科,003900380030004b,56,32,24,0.55,7,buy
7/31,6548,永豐金-中和,0039004100390042,22,65,-43,0.99,7,sell
7/31,6548,國票證券,7790,29,6,23,0.53,8,buy
7/31,6548,國泰-敦南,8888,90,131,-41,0.95,8,sell
7/31,6548,永豐金證券,0039004100300030,25,4,21,0.49,9,buy
7/31,6548,美林,1440,10,47,-37,0.86,9,sell
7/31,6548,聯邦-高雄,8581,21,0,21,0.49,10,buy
7/31,6548,台新-成功,003900420032006d,1,37,-36,0.83,10,sell
7/31,6548,玉山-高雄,8843,26,6,20,0.46,11,buy
7/31,6548,元大-太平,0039003800310051,0,34,-34,0.79,11,sell
7/31,6548,元大-大安,003900380033004e,20,0,20,0.46,12,buy
7/31,6548,凱基,9200,0,32,-32,0.74,12,sell
7/31,6548,台新-三民,0039004200310033,21,1,20,0.46,13,buy
7/31,6548,台新,0039004200300030,21,52,-31,0.72,13,sell
7/31,6548,元大-永春,9852,22,2,20,0.46,14,buy
7/31,6548,兆豐-埔墘,003700300030004e,0,30,-30,0.69,14,sell
7/31,6548,元大-新莊,9898,20,6,14,0.32,15,buy
7/31,6548,台新-高雄,0039004200310067,3,32,-29,0.67,15,sell
7/31,3481,台灣摩根士丹利,1470,17099,6861,10238,2.8,1,buy
7/31,3481,凱基-台北,9268,20299,28630,-8331,2.28,1,sell
7/31,3481,富邦證券,9600,19662,11760,7902,2.16,2,buy
7/31,3481,美商高盛,1480,14590,20752,-6162,1.69,2,sell
7/31,3481,凱基-站前,0039003200300046,9164,3535,5629,1.54,3,buy
7/31,3481,美林,1440,2401,8211,-5810,1.59,3,sell
7/31,3481,統一,5850,4425,771,3654,1.0,4,buy
7/31,3481,玉山證券,8840,691,4830,-4139,1.13,4,sell
7/31,3481,凱基-桃園,9208,3628,557,3071,0.84,5,buy
7/31,3481,凱基,9200,764,4744,-3980,1.09,5,sell
7/31,3481,元大證券,9800,21474,19171,2303,0.63,6,buy
7/31,3481,永豐金證券,0039004100300030,3066,6849,-3783,1.04,6,sell
7/31,3481,富邦-南屯,9666,3681,1508,2173,0.59,7,buy
7/31,3481,新加坡商瑞銀,1650,3454,5538,-2084,0.57,7,sell
7/31,3481,元大-蘆洲,9857,2933,773,2160,0.59,8,buy
7/31,3481,摩根大通,8440,2166,3855,-1689,0.46,8,sell
7/31,3481,花旗環球,1590,4540,2389,2151,0.59,9,buy
7/31,3481,港商麥格理,1360,39,1466,-1427,0.39,9,sell
7/31,3481,港商野村,1560,2030,596,1434,0.39,10,buy
7/31,3481,玉山-左營,0038003800340044,137,1181,-1044,0.29,10,sell
7/31,3481,法銀巴黎,8900,1455,165,1290,0.35,11,buy
7/31,3481,第一金-忠孝,0035003300380044,146,1146,-1000,0.27,11,sell
7/31,3481,群益金鼎-竹南,0039003100380069,1311,157,1154,0.32,12,buy
7/31,3481,第一金-路竹,0035003300380050,234,1174,-940,0.26,12,sell
7/31,3481,台新-安南,003900420032005a,1285,134,1151,0.32,13,buy
7/31,3481,臺銀,1040,185,1027,-842,0.23,13,sell
7/31,3481,凱基-台南,9211,1275,215,1060,0.29,14,buy
7/31,3481,永豐金-埔里,0039004100370039,271,940,-669,0.18,14,sell
7/31,3481,群益金鼎,9100,4704,3671,1033,0.28,15,buy
7/31,3481,康和,8450,273,924,-651,0.18,15,sell
7/31,6005,台灣摩根士丹利,1470,1637,334,1303,13.4,1,buy
7/31,6005,富邦證券,9600,1,913,-912,9.38,1,sell
7/31,6005,凱基-台北,9268,1010,120,890,9.15,2,buy
7/31,6005,統一,5850,12,762,-750,7.71,2,sell
7/31,6005,新加坡商瑞銀,1650,453,193,260,2.67,3,buy
7/31,6005,華南永昌-岡山,9324,3,394,-391,4.02,3,sell
7/31,6005,港商野村,1560,217,0,217,2.23,4,buy
7/31,6005,永豐金證券,0039004100300030,52,289,-237,2.44,4,sell
7/31,6005,元大-東港,0039003800390066,200,3,197,2.03,5,buy
7/31,6005,統一-南京,0035003800350055,1,204,-203,2.09,5,sell
7/31,6005,元大證券,9800,600,436,164,1.69,6,buy
7/31,6005,美林,1440,305,476,-171,1.76,6,sell
7/31,6005,花旗環球,1590,149,2,147,1.51,7,buy
7/31,6005,台灣企銀-台中,1111,10,151,-141,1.45,7,sell
7/31,6005,永豐金-高雄,0039004100390065,101,4,97,1.0,8,buy
7/31,6005,元大-竹山,0039003800310052,15,115,-100,1.03,8,sell
7/31,6005,美商高盛,1480,943,849,94,0.97,9,buy
7/31,6005,法銀巴黎,8900,14,104,-90,0.93,9,sell
7/31,6005,凱基-三重,9205,85,0,85,0.87,10,buy
7/31,6005,元大-大里,0039003800310067,0,70,-70,0.72,10,sell
7/31,6005,摩根大通,8440,362,301,61,0.63,11,buy
7/31,6005,台新-板橋,0039004200320062,2,67,-65,0.67,11,sell
7/31,6005,富邦-台北,9623,70,14,56,0.58,12,buy
7/31,6005,台新-大裕,003900420032006c,0,53,-53,0.55,12,sell
7/31,6005,新光,8560,89,34,55,0.57,13,buy
7/31,6005,台新-三民,0039004200310033,3,55,-52,0.53,13,sell
7/31,6005,合庫-台中,1021,51,3,48,0.49,14,buy
7/31,6005,玉山-城中,0038003800340045,7,56,-49,0.5,14,sell
7/31,6005,台新-新營,0039004200310031,126,78,48,0.49,15,buy
7/31,6005,群益金鼎-新莊,0039003100380047,2,49,-47,0.48,15,sell
7/31,2327,元大證券,9800,2092,530,1562,24.63,1,buy
7/31,2327,花旗環球,1590,0,439,-439,6.92,1,sell
7/31,2327,元大-竹科,003900380030004b,1058,7,1051,16.57,2,buy
7/31,2327,華南永昌-南京,9326,0,285,-285,4.49,2,sell
7/31,2327,元大-館前,003900380034004b,480,4,476,7.51,3,buy
7/31,2327,港商麥格理,1360,0,276,-276,4.35,3,sell
7/31,2327,兆豐-虎尾,0037003000300046,273,0,273,4.31,4,buy
7/31,2327,美林,1440,17,250,-233,3.67,4,sell
7/31,2327,凱基-永和,9207,250,1,249,3.93,5,buy
7/31,2327,美商高盛,1480,31,235,-204,3.22,5,sell
7/31,2327,凱基-市政,9239,246,6,240,3.78,6,buy
7/31,2327,元大-大同,0039003800390047,0,127,-127,2.0,6,sell
7/31,2327,富邦證券,9600,168,3,165,2.6,7,buy
7/31,2327,摩根大通,8440,2,106,-104,1.64,7,sell
7/31,2327,凱基-站前,0039003200300046,128,6,122,1.92,8,buy
7/31,2327,國泰-敦南,8888,4,98,-94,1.48,8,sell
7/31,2327,富邦-台北,9623,123,14,109,1.72,9,buy
7/31,2327,華南永昌-世貿,9334,3,94,-91,1.44,9,sell
7/31,2327,統一,5850,100,16,84,1.32,10,buy
7/31,2327,新加坡商瑞銀,1650,31,119,-88,1.39,10,sell
7/31,2327,台新-松德,0039004200320061,80,4,76,1.2,11,buy
7/31,2327,群益金鼎-永和,003900310038004a,0,82,-82,1.29,11,sell
7/31,2327,元大-虎尾,003900380030006c,75,1,74,1.17,12,buy
7/31,2327,元大-北屯,0039003800390064,0,60,-60,0.95,12,sell
7/31,2327,元大-敦化,9833,61,4,57,0.9,13,buy
7/31,2327,國泰-高雄,8881,0,45,-45,0.71,13,sell
7/31,2327,群益金鼎-海山,9108,65,8,57,0.9,14,buy
7/31,2327,港商野村,1560,19,61,-42,0.66,14,sell
7/31,2327,永豐金-中壢,0039004100390039,62,6,56,0.88,15,buy
7/31,2327,群益金鼎-東大,9135,0,38,-38,0.6,15,sell
7/31,6182,富邦證券,9600,3292,819,2473,9.05,1,buy
7/31,6182,元大證券,9800,503,1337,-834,3.05,1,sell
7/31,6182,美林,1440,873,0,873,3.19,2,buy
7/31,6182,元大-虎尾,003900380030006c,8,763,-755,2.76,2,sell
7/31,6182,台新,0039004200300030,912,146,766,2.8,3,buy
7/31,6182,永豐金-信義,0039004100390052,2,564,-562,2.06,3,sell
7/31,6182,凱基-興隆,9289,501,7,494,1.81,4,buy
7/31,6182,康和,8450,27,508,-481,1.76,4,sell
7/31,6182,群益期貨,2210,238,4,234,0.86,5,buy
7/31,6182,台灣摩根士丹利,1470,1631,2016,-385,1.41,5,sell
7/31,6182,凱基-台北,9268,512,287,225,0.82,6,buy
7/31,6182,華南永昌-鶯歌,9319,6,345,-339,1.24,6,sell
7/31,6182,富邦-內湖,9627,152,6,146,0.53,7,buy
7/31,6182,富邦-嘉義,9692,365,605,-240,0.88,7,sell
7/31,6182,國泰-忠孝,8887,130,6,124,0.45,8,buy
7/31,6182,元大-雙和,9874,12,226,-214,0.78,8,sell
7/31,6182,元大-鳳中,0039003800350043,119,1,118,0.43,9,buy
7/31,6182,陽信-石牌,8711,9,180,-171,0.63,9,sell
7/31,6182,永豐金證券,0039004100300030,513,396,117,0.43,10,buy
7/31,6182,國票-博愛,003700370039007a,9,178,-169,0.62,10,sell
7/31,6182,富邦-建國,9658,154,42,112,0.41,11,buy
7/31,6182,兆豐-南門,0037003000300067,84,251,-167,0.61,11,sell
7/31,6182,元大-南屯,9853,130,22,108,0.4,12,buy
7/31,6182,美商高盛,1480,563,718,-155,0.57,12,sell
7/31,6182,合庫證券,1020,194,94,100,0.37,13,buy
7/31,6182,第一金-高雄,5383,11,162,-151,0.55,13,sell
7/31,6182,台新-台北,0039004200320030,94,6,88,0.32,14,buy
7/31,6182,永豐金-萬盛,0039004100390032,11,148,-137,0.5,14,sell
7/31,6182,國泰-敦南,8888,416,328,88,0.32,15,buy
7/31,6182,統一,5850,191,315,-124,0.45,15,sell
7/31,9904,新加坡商瑞銀,1650,2229,736,1493,6.47,1,buy
7/31,9904,華南永昌,9300,42,4099,-4057,17.58,1,sell
7/31,9904,美商高盛,1480,2150,885,1265,5.48,2,buy
7/31,9904,摩根大通,8440,460,2339,-1879,8.14,2,sell
7/31,9904,台灣摩根士丹利,1470,1753,556,1197,5.19,3,buy
7/31,9904,兆豐證券,7000,0,1873,-1873,8.12,3,sell
7/31,9904,凱基-台北,9268,1884,1411,473,2.05,4,buy
7/31,9904,國泰證券,8880,1,1828,-1827,7.92,4,sell
7/31,9904,群益金鼎-中港,9138,464,0,464,2.01,5,buy
7/31,9904,新光,8560,449,1426,-977,4.23,5,sell
7/31,9904,統一-屏東,5859,374,4,370,1.6,6,buy
7/31,9904,美林,1440,163,1085,-922,4.0,6,sell
7/31,9904,華南永昌-南京,9326,370,2,368,1.59,7,buy
7/31,9904,統一,5850,15,592,-577,2.5,7,sell
7/31,9904,群益金鼎-基隆,0039003100330045,350,0,350,1.52,8,buy
7/31,9904,永豐金證券,0039004100300030,69,466,-397,1.72,8,sell
7/31,9904,花旗環球,1590,576,277,299,1.3,9,buy
7/31,9904,玉山-高雄,8843,9,301,-292,1.27,9,sell
7/31,9904,兆豐-台中港,7005,280,15,265,1.15,10,buy
7/31,9904,國泰-板橋,003800380038004b,16,305,-289,1.25,10,sell
7/31,9904,台新,0039004200300030,424,163,261,1.13,11,buy
7/31,9904,永豐金-內湖,0039004100390067,4,144,-140,0.61,11,sell
7/31,9904,元大-和平,9863,324,64,260,1.13,12,buy
7/31,9904,元大-台南,9896,5,112,-107,0.46,12,sell
7/31,9904,凱基-台中,9204,255,2,253,1.1,13,buy
7/31,9904,永全-南崁,6451,0,100,-100,0.43,13,sell
7/31,9904,富邦-建國,9658,243,1,242,1.05,14,buy
7/31,9904,元大-大灣,9815,4,100,-96,0.42,14,sell
7/31,9904,統一-台南,5855,200,0,200,0.87,15,buy
7/31,9904,富邦-台南,9667,7,88,-81,0.35,15,sell
7/31,3036,玉山證券,8840,880,26,854,7.98,1,buy
7/31,3036,凱基-台北,9268,310,1311,-1001,9.35,1,sell
7/31,3036,群益金鼎,9100,882,103,779,7.28,2,buy
7/31,3036,台灣摩根士丹利,1470,628,1239,-611,5.71,2,sell
7/31,3036,兆豐-鹿港,0037003000300066,768,0,768,7.17,3,buy
7/31,3036,摩根大通,8440,276,792,-516,4.82,3,sell
7/31,3036,統一,5850,512,14,498,4.65,4,buy
7/31,3036,美商高盛,1480,348,745,-397,3.71,4,sell
7/31,3036,國泰證券,8880,431,92,339,3.17,5,buy
7/31,3036,華南永昌-麻豆,9308,0,290,-290,2.71,5,sell
7/31,3036,富邦證券,9600,197,13,184,1.72,6,buy
7/31,3036,新加坡商瑞銀,1650,415,664,-249,2.33,6,sell
7/31,3036,花旗環球,1590,182,18,164,1.53,7,buy
7/31,3036,群益金鼎-台中,9184,19,252,-233,2.18,7,sell
7/31,3036,永豐金-內湖,0039004100390067,160,1,159,1.49,8,buy
7/31,3036,元大證券,9800,510,716,-206,1.92,8,sell
7/31,3036,台新,0039004200300030,140,24,116,1.08,9,buy
7/31,3036,群益金鼎-民權,9131,1,139,-138,1.29,9,sell
7/31,3036,宏遠證券,1260,93,2,91,0.85,10,buy
7/31,3036,永豐金證券,0039004100300030,166,276,-110,1.03,10,sell
7/31,3036,元大-信義安和,0039003800300052,73,0,73,0.68,11,buy
7/31,3036,台新-敦南,0039004200320051,50,160,-110,1.03,11,sell
7/31,3036,凱基,9200,75,8,67,0.63,12,buy
7/31,3036,華南永昌-台中,9302,0,77,-77,0.72,12,sell
7/31,3036,國泰-敦南,8888,124,74,50,0.47,13,buy
7/31,3036,玉山-大里,003800380034004a,9,82,-73,0.68,13,sell
7/31,3036,永豐金-復興,003900410039005a,41,1,40,0.37,14,buy
7/31,3036,港商麥格理,1360,225,288,-63,0.59,14,sell
7/31,3036,凱基-大直,9218,33,1,32,0.3,15,buy
7/31,3036,港商野村,1560,1,53,-52,0.49,15,sell
7/31,2368,花旗環球,1590,312,10,302,10.32,1,buy
7/31,2368,元大證券,9800,159,446,-287,9.81,1,sell
7/31,2368,香港上海匯豐,8960,299,36,263,8.99,2,buy
7/31,2368,港商野村,1560,92,318,-226,7.72,2,sell
7/31,2368,國票-敦北法人,0037003700390063,301,80,221,7.55,3,buy
7/31,2368,永豐金-匯立,0039004100380031,14,111,-97,3.32,3,sell
7/31,2368,群益金鼎-台北,0039003100380058,156,0,156,5.33,4,buy
7/31,2368,新加坡商瑞銀,1650,4,100,-96,3.28,4,sell
7/31,2368,群益金鼎-大安,0039003100380065,120,0,120,4.1,5,buy
7/31,2368,摩根大通,8440,57,153,-96,3.28,5,sell
7/31,2368,美林,1440,258,170,88,3.01,6,buy
7/31,2368,凱基-台北,9268,16,91,-75,2.56,6,sell
7/31,2368,富邦-板橋,9655,82,3,79,2.7,7,buy
7/31,2368,永豐金證券,0039004100300030,74,145,-71,2.43,7,sell
7/31,2368,台灣摩根士丹利,1470,129,73,56,1.91,8,buy
7/31,2368,港商麥格理,1360,0,57,-57,1.95,8,sell
7/31,2368,永豐金-員林,0039004100390043,50,0,50,1.71,9,buy
7/31,2368,統一,5850,23,70,-47,1.61,9,sell
7/31,2368,中國信託,6160,45,2,43,1.47,10,buy
7/31,2368,美商高盛,1480,16,54,-38,1.3,10,sell
7/31,2368,中國信託-忠孝,6162,40,1,39,1.33,11,buy
7/31,2368,新光,8560,9,45,-36,1.23,11,sell
7/31,2368,法銀巴黎,8900,32,0,32,1.09,12,buy
7/31,2368,元大-忠孝,9871,2,31,-29,0.99,12,sell
7/31,2368,富邦-南京,0039003600310043,26,1,25,0.85,13,buy
7/31,2368,土銀,1030,0,22,-22,0.75,13,sell
7/31,2368,元大-北府,0039003800300044,21,0,21,0.72,14,buy
7/31,2368,新光-桃園,8565,1,21,-20,0.68,14,sell
7/31,2368,元大-南京,9862,20,0,20,0.68,15,buy
7/31,2368,台新-信義,0039004200320048,5,25,-20,0.68,15,sell
7/31,2481,元大證券,9800,4558,947,3611,16.98,1,buy
7/31,2481,凱基-台北,9268,584,3018,-2434,11.44,1,sell
7/31,2481,凱基-站前,0039003200300046,1198,92,1106,5.2,2,buy
7/31,2481,美商高盛,1480,1042,2967,-1925,9.05,2,sell
7/31,2481,富邦證券,9600,1626,848,778,3.66,3,buy
7/31,2481,台灣摩根士丹利,1470,1245,2536,-1291,6.07,3,sell
7/31,2481,群益金鼎,9100,467,87,380,1.79,4,buy
7/31,2481,摩根大通,8440,260,1490,-1230,5.78,4,sell
7/31,2481,國泰證券,8880,246,3,243,1.14,5,buy
7/31,2481,新加坡商瑞銀,1650,346,827,-481,2.26,5,sell
7/31,2481,統一,5850,266,77,189,0.89,6,buy
7/31,2481,美林,1440,22,468,-446,2.1,6,sell
7/31,2481,國票-中和,0037003700390058,161,0,161,0.76,7,buy
7/31,2481,花旗環球,1590,50,126,-76,0.36,7,sell
7/31,2481,港商野村,1560,186,25,161,0.76,8,buy
7/31,2481,永豐金證券,0039004100300030,131,203,-72,0.34,8,sell
7/31,2481,富邦-建國,9658,115,6,109,0.51,9,buy
7/31,2481,土銀,1030,5,62,-57,0.27,9,sell
7/31,2481,富邦-永和,9654,103,20,83,0.39,10,buy
7/31,2481,元大-彰化民生,003900380039004a,27,80,-53,0.25,10,sell
7/31,2481,法銀巴黎,8900,83,0,83,0.39,11,buy
7/31,2481,群益金鼎-延平,0039003100380078,3,38,-35,0.16,11,sell
7/31,2481,兆豐-台中,7003,102,29,73,0.34,12,buy
7/31,2481,華南永昌-楠梓,9332,7,41,-34,0.16,12,sell
7/31,2481,元大-忠孝,9871,64,4,60,0.28,13,buy
7/31,2481,港商麥格理,1360,0,34,-34,0.16,13,sell
7/31,2481,國泰-板橋,003800380038004b,162,106,56,0.26,14,buy
7/31,2481,新光-桃園,8565,12,46,-34,0.16,14,sell
7/31,2481,統一-南京,0035003800350055,54,1,53,0.25,15,buy
7/31,2481,永豐金-彰化,0039004100390073,15,47,-32,0.15,15,sell
7/31,3090,群益金鼎-永和,003900310038004a,560,40,520,24.22,1,buy
7/31,3090,宏遠證券,1260,0,796,-796,37.07,1,sell
7/31,3090,統一,5850,252,34,218,10.15,2,buy
7/31,3090,元大-台北,0039003800300068,0,160,-160,7.45,2,sell
7/31,3090,華南永昌-竹北,9339,188,0,188,8.76,3,buy
7/31,3090,玉山證券,8840,0,88,-88,4.1,3,sell
7/31,3090,元大-發財,0039003800310045,65,0,65,3.03,4,buy
7/31,3090,富邦-台南,9667,0,48,-48,2.24,4,sell
7/31,3090,中國信託-高雄,003600310036004b,60,0,60,2.79,5,buy
7/31,3090,美林,1440,0,44,-44,2.05,5,sell
7/31,3090,康和,8450,59,2,57,2.65,6,buy
7/31,3090,新光,8560,29,61,-32,1.49,6,sell
7/31,3090,永豐金-鳳山,0039004100360031,36,0,36,1.68,7,buy
7/31,3090,兆豐-南門,0037003000300067,0,32,-32,1.49,7,sell
7/31,3090,康和-新竹,8456,33,0,33,1.54,8,buy
7/31,3090,永豐金-萬盛,0039004100390032,28,56,-28,1.3,8,sell
7/31,3090,元大-內湖民權,9867,32,1,31,1.44,9,buy
7/31,3090,元大-館前,003900380034004b,1,24,-23,1.07,9,sell
7/31,3090,富邦-台北,9623,27,1,26,1.21,10,buy
7/31,3090,凱基-八德,003900320031004d,0,20,-20,0.93,10,sell
7/31,3090,統一-新竹,5857,22,0,22,1.02,11,buy
7/31,3090,華南永昌-古亭,9309,0,20,-20,0.93,11,sell
7/31,3090,元大-台中,9812,23,1,22,1.02,12,buy
7/31,3090,凱基-台北,9268,95,113,-18,0.84,12,sell
7/31,3090,元大-上新莊,0039003800330047,20,0,20,0.93,13,buy
7/31,3090,台中銀-員林,6114,0,15,-15,0.7,13,sell
7/31,3090,美商高盛,1480,20,10,10,0.47,14,buy
7/31,3090,富邦-仁愛,9676,0,15,-15,0.7,14,sell
7/31,3090,元大-中壢,9834,10,0,10,0.47,15,buy
7/31,3090,富邦-嘉義,9692,29,41,-12,0.56,15,sell
7/31,2385,台灣摩根士丹利,1470,1724,144,1580,22.09,1,buy
7/31,2385,國泰證券,8880,1,963,-962,13.45,1,sell
7/31,2385,凱基-台北,9268,729,90,639,8.94,2,buy
7/31,2385,華南永昌,9300,9,869,-860,12.03,2,sell
7/31,2385,美林,1440,773,190,583,8.15,3,buy
7/31,2385,第一金,5380,0,691,-691,9.66,3,sell
7/31,2385,新加坡商瑞銀,1650,649,81,568,7.94,4,buy
7/31,2385,富邦證券,9600,80,567,-487,6.81,4,sell
7/31,2385,美商高盛,1480,532,104,428,5.99,5,buy
7/31,2385,兆豐證券,7000,0,300,-300,4.2,5,sell
7/31,2385,摩根大通,8440,204,77,127,1.78,6,buy
7/31,2385,凱基,9200,9,102,-93,1.3,6,sell
7/31,2385,港商野村,1560,232,130,102,1.43,7,buy
7/31,2385,元大-台南,9896,3,63,-60,0.84,7,sell
7/31,2385,元大-基隆,0039003800390059,56,0,56,0.78,8,buy
7/31,2385,統一-三多,0035003800350051,0,50,-50,0.7,8,sell
7/31,2385,永豐金-竹科,0039004100390058,50,0,50,0.7,9,buy
7/31,2385,群益金鼎-南京,0039003100380045,0,45,-45,0.63,9,sell
7/31,2385,花旗環球,1590,56,8,48,0.67,10,buy
7/31,2385,台灣企銀-岡山,1119,0,41,-41,0.57,10,sell
7/31,2385,國泰-台中,8882,51,21,30,0.42,11,buy
7/31,2385,永豐金證券,0039004100300030,13,49,-36,0.5,11,sell
7/31,2385,玉山-左營,0038003800340044,22,1,21,0.29,12,buy
7/31,2385,臺銀-高雄,0031003000340043,1,31,-30,0.42,12,sell
7/31,2385,元大證券,9800,384,366,18,0.25,13,buy
7/31,2385,群益金鼎-東門,0039003100380044,1,31,-30,0.42,13,sell
7/31,2385,法銀巴黎,8900,17,0,17,0.24,14,buy
7/31,2385,臺銀-金山,0031003000340044,0,29,-29,0.41,14,sell
7/31,2385,富邦-板橋,9655,25,9,16,0.22,15,buy
7/31,2385,新光-台中,8561,17,43,-26,0.36,15,sell
7/31,9907,台灣摩根士丹利,1470,947,90,857,12.55,1,buy
7/31,9907,國泰證券,8880,0,822,-822,12.04,1,sell
7/31,9907,元大證券,9800,640,77,563,8.24,2,buy
7/31,9907,兆豐證券,7000,0,802,-802,11.74,2,sell
7/31,9907,凱基-台北,9268,535,33,502,7.35,3,buy
7/31,9907,華南永昌,9300,10,789,-779,11.41,3,sell
7/31,9907,美商高盛,1480,600,359,241,3.53,4,buy
7/31,9907,摩根大通,8440,978,1486,-508,7.44,4,sell
7/31,9907,新加坡商瑞銀,1650,300,164,136,1.99,5,buy
7/31,9907,富邦證券,9600,34,362,-328,4.8,5,sell
7/31,9907,玉山-台南,8847,135,5,130,1.9,6,buy
7/31,9907,永豐金證券,0039004100300030,14,130,-116,1.7,6,sell
7/31,9907,華南永昌-桃園,9352,160,30,130,1.9,7,buy
7/31,9907,元大-彰化民生,003900380039004a,0,111,-111,1.63,7,sell
7/31,9907,華南永昌-高雄,9303,100,0,100,1.46,8,buy
7/31,9907,富邦-新店,9661,4,64,-60,0.88,8,sell
7/31,9907,國票-北高雄,003700370039004a,115,20,95,1.39,9,buy
7/31,9907,致和-府前,7033,0,53,-53,0.78,9,sell
7/31,9907,花旗環球,1590,90,0,90,1.32,10,buy
7/31,9907,凱基-鳳山,9274,0,28,-28,0.41,10,sell
7/31,9907,台新-佳里,0039004200320077,120,70,50,0.73,11,buy
7/31,9907,富邦-南京,0039003600310043,2,30,-28,0.41,11,sell
7/31,9907,國票-台南,0037003700390044,75,30,45,0.66,12,buy
7/31,9907,美林,1440,105,132,-27,0.4,12,sell
7/31,9907,統一-台南,5855,40,0,40,0.59,13,buy
7/31,9907,富邦-新竹,9647,1,26,-25,0.37,13,sell
7/31,9907,凱基-中壢,9285,60,20,40,0.59,14,buy
7/31,9907,凱基-中港,9202,1,25,-24,0.35,14,sell
7/31,9907,台新-屏東,003900420031006e,41,1,40,0.59,15,buy
7/31,9907,康和-嘉義,8459,0,24,-24,0.35,15,sell
7/31,2492,兆豐-南門,0037003000300067,129,0,129,8.5,1,buy
7/31,2492,凱基-市政,9239,10,250,-240,15.81,1,sell
7/31,2492,美林,1440,163,47,116,7.64,2,buy
7/31,2492,永豐金-萬盛,0039004100390032,0,103,-103,6.79,2,sell
7/31,2492,華南永昌-竹北,9339,114,1,113,7.44,3,buy
7/31,2492,台灣摩根士丹利,1470,0,46,-46,3.03,3,sell
7/31,2492,統一,5850,120,53,67,4.41,4,buy
7/31,2492,國泰-敦南,8888,9,49,-40,2.64,4,sell
7/31,2492,國票-安和,003700370039005a,46,0,46,3.03,5,buy
7/31,2492,富邦-新竹,9647,2,36,-34,2.24,5,sell
7/31,2492,永豐金證券,0039004100300030,60,22,38,2.5,6,buy
7/31,2492,美商高盛,1480,22,53,-31,2.04,6,sell
7/31,2492,凱基-中港,9202,30,0,30,1.98,7,buy
7/31,2492,群益金鼎-丹鳳,0039003100380073,0,25,-25,1.65,7,sell
7/31,2492,元大-內湖民權,9867,31,2,29,1.91,8,buy
7/31,2492,華南永昌-南京,9326,0,25,-25,1.65,8,sell
7/31,2492,台新,0039004200300030,28,1,27,1.78,9,buy
7/31,2492,群益金鼎-三民,9188,0,23,-23,1.52,9,sell
7/31,2492,凱基-台北,9268,29,3,26,1.71,10,buy
7/31,2492,凱基-台南,9211,0,21,-21,1.38,10,sell
7/31,2492,元大證券,9800,32,8,24,1.58,11,buy
7/31,2492,群益金鼎-東大,9135,0,20,-20,1.32,11,sell
7/31,2492,台中銀-台北,6115,20,0,20,1.32,12,buy
7/31,2492,富邦-嘉義,9692,3,20,-17,1.12,12,sell
7/31,2492,元大-忠孝鼎富,0039003800320046,20,0,20,1.32,13,buy
7/31,2492,新光-桃園,8565,1,17,-16,1.05,13,sell
7/31,2492,元大-台北,0039003800300068,80,60,20,1.32,14,buy
7/31,2492,富邦-仁愛,9676,1,14,-13,0.86,14,sell
7/31,2492,元大-苑裡,0039003800390061,20,1,19,1.25,15,buy
7/31,2492,富邦-新店,9661,2,13,-11,0.72,15,sell
7/31,2301,美林,1440,4054,6,4048,42.79,1,buy
7/31,2301,國泰證券,8880,22,1153,-1131,11.96,1,sell
7/31,2301,富邦證券,9600,1072,209,863,9.12,2,buy
7/31,2301,台灣摩根士丹利,1470,571,1005,-434,4.59,2,sell
7/31,2301,凱基-台北,9268,512,18,494,5.22,3,buy
7/31,2301,花旗環球,1590,0,364,-364,3.85,3,sell
7/31,2301,港商野村,1560,350,1,349,3.69,4,buy
7/31,2301,摩根大通,8440,3,319,-316,3.34,4,sell
7/31,2301,凱基-城中,9227,321,5,316,3.34,5,buy
7/31,2301,國泰-敦南,8888,4,136,-132,1.4,5,sell
7/31,2301,元大證券,9800,328,124,204,2.16,6,buy
7/31,2301,玉山-景美,8849,0,106,-106,1.12,6,sell
7/31,2301,國票-敦北法人,0037003700390063,160,9,151,1.6,7,buy
7/31,2301,兆豐證券,7000,101,200,-99,1.05,7,sell
7/31,2301,國票-安和,003700370039005a,160,9,151,1.6,8,buy
7/31,2301,港商麥格理,1360,240,338,-98,1.04,8,sell
7/31,2301,統一-城中,5854,160,11,149,1.58,9,buy
7/31,2301,永豐金證券,0039004100300030,4,96,-92,0.97,9,sell
7/31,2301,統一,5850,225,130,95,1.0,10,buy
7/31,2301,新光,8560,1,60,-59,0.62,10,sell
7/31,2301,台新-信義,0039004200320048,68,3,65,0.69,11,buy
7/31,2301,永豐金-亞灣,0039004100390061,10,68,-58,0.61,11,sell
7/31,2301,國泰-松江,8883,76,12,64,0.68,12,buy
7/31,2301,中國信託,6160,1,57,-56,0.59,12,sell
7/31,2301,元大-中崙,9813,59,3,56,0.59,13,buy
7/31,2301,元大-台南,9896,0,55,-55,0.58,13,sell
7/31,2301,新加坡商瑞銀,1650,196,154,42,0.44,14,buy
7/31,2301,華南永昌-鳳山,9331,0,54,-54,0.57,14,sell
7/31,2301,群益金鼎-館前,0039003100330059,40,2,38,0.4,15,buy
7/31,2301,永豐金-匯立,0039004100380031,0,52,-52,0.55,15,sell
7/31,8150,元大證券,9800,5000,37,4963,55.15,1,buy
7/31,8150,新加坡商瑞銀,1650,0,2357,-2357,26.19,1,sell
7/31,8150,港商野村,1560,812,0,812,9.02,2,buy
7/31,8150,第一金,5380,0,673,-673,7.48,2,sell
7/31,8150,永豐金-員林,0039004100390043,400,0,400,4.44,3,buy
7/31,8150,華南永昌,9300,29,655,-626,6.96,3,sell
7/31,8150,凱基-站前,0039003200300046,213,4,209,2.32,4,buy
7/31,8150,永豐金-萬盛,0039004100390032,0,202,-202,2.24,4,sell
7/31,8150,凱基-三重,9205,204,2,202,2.24,5,buy
7/31,8150,美商高盛,1480,72,251,-179,1.99,5,sell
7/31,8150,富邦證券,9600,160,0,160,1.78,6,buy
7/31,8150,群益金鼎-大安,0039003100380065,0,170,-170,1.89,6,sell
7/31,8150,美林,1440,236,156,80,0.89,7,buy
7/31,8150,摩根大通,8440,348,462,-114,1.27,7,sell
7/31,8150,台新,0039004200300030,93,21,72,0.8,8,buy
7/31,8150,永豐金-匯立,0039004100380031,0,103,-103,1.14,8,sell
7/31,8150,華南永昌-南京,9326,57,0,57,0.63,9,buy
7/31,8150,永豐金證券,0039004100300030,30,118,-88,0.98,9,sell
7/31,8150,國票證券,7790,49,3,46,0.51,10,buy
7/31,8150,永豐金-彰化,0039004100390073,0,86,-86,0.96,10,sell
7/31,8150,富邦-花蓮,9621,40,5,35,0.39,11,buy
7/31,8150,玉山-士林,0038003800340041,1,74,-73,0.81,11,sell
7/31,8150,永豐金-桃園,0039004100390078,24,1,23,0.26,12,buy
7/31,8150,元大-新莊,9898,1,71,-70,0.78,12,sell
7/31,8150,國票-敦北法人,0037003700390063,21,0,21,0.23,13,buy
7/31,8150,台灣摩根士丹利,1470,37,106,-69,0.77,13,sell
7/31,8150,兆豐證券,7000,18,0,18,0.2,14,buy
7/31,8150,群益金鼎,9100,14,78,-64,0.71,14,sell
7/31,8150,凱基-台北,9268,87,70,17,0.19,15,buy
7/31,8150,香港上海匯豐,8960,0,60,-60,0.67,15,sell
7/31,8358,統一,5850,674,19,655,11.12,1,buy
7/31,8358,法銀巴黎,8900,12,1496,-1484,25.2,1,sell
7/31,8358,美商高盛,1480,648,62,586,9.95,2,buy
7/31,8358,凱基-台北,9268,144,588,-444,7.54,2,sell
7/31,8358,摩根大通,8440,699,179,520,8.83,3,buy
7/31,8358,美林,1440,23,410,-387,6.57,3,sell
7/31,8358,永豐金證券,0039004100300030,406,159,247,4.19,4,buy
7/31,8358,新光-桃園,8565,6,62,-56,0.95,4,sell
7/31,8358,港商野村,1560,230,0,230,3.91,5,buy
7/31,8358,台灣摩根士丹利,1470,550,596,-46,0.78,5,sell
7/31,8358,國票-安和,003700370039005a,200,1,199,3.38,6,buy
7/31,8358,元大證券,9800,77,118,-41,0.7,6,sell
7/31,8358,新加坡商瑞銀,1650,231,157,74,1.26,7,buy
7/31,8358,台灣企銀-埔墘,0031003100310047,0,39,-39,0.66,7,sell
7/31,8358,元大-內湖,003900380039004e,52,6,46,0.78,8,buy
7/31,8358,群益金鼎-土城,003900310033004e,0,30,-30,0.51,8,sell
7/31,8358,凱基-城中,9227,43,0,43,0.73,9,buy
7/31,8358,凱基-鳳山,9274,0,30,-30,0.51,9,sell
7/31,8358,台新-台北,0039004200320030,40,0,40,0.68,10,buy
7/31,8358,國泰-敦南,8888,63,90,-27,0.46,10,sell
7/31,8358,凱基,9200,38,0,38,0.65,11,buy
7/31,8358,凱基-站前,0039003200300046,31,56,-25,0.42,11,sell
7/31,8358,華南永昌-中正,9359,38,6,32,0.54,12,buy
7/31,8358,統一-士林,003500380035004d,2,24,-22,0.37,12,sell
7/31,8358,統一-南京,0035003800350055,27,3,24,0.41,13,buy
7/31,8358,群益金鼎,9100,74,95,-21,0.36,13,sell
7/31,8358,大昌,6460,26,2,24,0.41,14,buy
7/31,8358,富邦-高雄,9659,4,24,-20,0.34,14,sell
7/31,8358,凱基-板橋,0039003200300041,24,2,22,0.37,15,buy
7/31,8358,富邦-台北,9623,4,22,-18,0.31,15,sell
7/31,0052,凱基-台北,9268,30376,2840,27536,37.45,1,buy
7/31,0052,群益金鼎,9100,24,21145,-21121,28.73,1,sell
7/31,0052,永豐金證券,0039004100300030,9284,1826,7458,10.14,2,buy
7/31,0052,台新,0039004200300030,242,8602,-8360,11.37,2,sell
7/31,0052,中國信託,6160,4718,114,4604,6.26,3,buy
7/31,0052,富邦證券,9600,334,2489,-2155,2.93,3,sell
7/31,0052,元大證券,9800,7785,4992,2793,3.8,4,buy
7/31,0052,國泰-敦南,8888,353,1502,-1149,1.56,4,sell
7/31,0052,統一,5850,7150,4572,2578,3.51,5,buy
7/31,0052,凱基-鳳山,9274,47,646,-599,0.81,5,sell
7/31,0052,港商野村,1560,1200,0,1200,1.63,6,buy
7/31,0052,國泰-館前,0038003800380041,64,452,-388,0.53,6,sell
7/31,0052,新加坡商瑞銀,1650,997,469,528,0.72,7,buy
7/31,0052,華南永昌-世貿,9334,0,298,-298,0.41,7,sell
7/31,0052,新光-新竹,8563,293,50,243,0.33,8,buy
7/31,0052,凱基-永和,9207,1,254,-253,0.34,8,sell
7/31,0052,群益金鼎-天母,0039003100380050,240,2,238,0.32,9,buy
7/31,0052,元大-中壢,9834,21,269,-248,0.34,9,sell
7/31,0052,摩根大通,8440,175,0,175,0.24,10,buy
7/31,0052,華南永昌-中正,9359,14,244,-230,0.31,10,sell
7/31,0052,永豐金-新竹,0039004100390037,160,25,135,0.18,11,buy
7/31,0052,凱基-高雄,9206,6,184,-178,0.24,11,sell
7/31,0052,凱基,9200,186,53,133,0.18,12,buy
7/31,0052,台新-五權西,0039004200320035,3,177,-174,0.24,12,sell
7/31,0052,中國信託-忠孝,6162,184,61,123,0.17,13,buy
7/31,0052,玉山-台中,0038003800340042,9,179,-170,0.23,13,sell
7/31,0052,永豐金-天母,0039004100390047,133,11,122,0.17,14,buy
7/31,0052,國泰-高雄,8881,96,251,-155,0.21,14,sell
7/31,0052,(牛牛牛)亞-鑫豐,0036003000310064,171,64,107,0.15,15,buy
7/31,0052,臺銀,1040,17,170,-153,0.21,15,sell
