date,stock_code,broker_name,broker_id,buy_vol,sell_vol,net_vol,pct,rank,side
9/03,2330,凱基-台北,9268,937,237,700,5.19,1,buy
9/03,2330,花旗環球,1590,249,1155,-906,6.72,1,sell
9/03,2330,元大證券,9800,806,335,471,3.49,2,buy
9/03,2330,港商野村,1560,463,1252,-789,5.85,2,sell
9/03,2330,永豐金-匯立,0039004100380031,501,213,288,2.14,3,buy
9/03,2330,香港上海匯豐,8960,122,474,-352,2.61,3,sell
9/03,2330,新加坡商瑞銀,1650,1192,905,287,2.13,4,buy
9/03,2330,台灣摩根士丹利,1470,1377,1603,-226,1.68,4,sell
9/03,2330,中國信託,6160,287,69,218,1.62,5,buy
9/03,2330,美商高盛,1480,752,891,-139,1.03,5,sell
9/03,2330,統一-南京,0035003800350055,120,0,120,0.89,6,buy
9/03,2330,美林,1440,239,354,-115,0.85,6,sell
9/03,2330,凱基-中山,9229,92,0,92,0.68,7,buy
9/03,2330,永豐金證券,0039004100300030,117,213,-96,0.71,7,sell
9/03,2330,元大-豐原站前,0039003800390057,111,58,53,0.39,8,buy
9/03,2330,富邦-台南,9667,7,89,-82,0.61,8,sell
9/03,2330,華南永昌,9300,95,45,50,0.37,9,buy
9/03,2330,法銀巴黎,8900,104,177,-73,0.54,9,sell
9/03,2330,台灣企銀,1110,43,0,43,0.32,10,buy
9/03,2330,第一金-高雄,5383,7,73,-66,0.49,10,sell
9/03,2330,玉山證券,8840,49,7,42,0.31,11,buy
9/03,2330,大和國泰,8890,97,157,-60,0.45,11,sell
9/03,2330,凱基-雙和,0039003200300043,40,0,40,0.3,12,buy
9/03,2330,元大-土城永寧,9875,8,58,-50,0.37,12,sell
9/03,2330,兆豐-忠孝,0037003000300061,80,52,28,0.21,13,buy
9/03,2330,港商麥格理,1360,55,100,-45,0.33,13,sell
9/03,2330,台新-文心,003900420032007a,32,5,27,0.2,14,buy
9/03,2330,統一,5850,116,150,-34,0.25,14,sell
9/03,2330,國票-台南,0037003700390044,25,0,25,0.19,15,buy
9/03,2330,凱基-信義,9216,1,27,-26,0.19,15,sell
9/03,2317,台灣摩根士丹利,1470,2761,1638,1123,3.82,1,buy
9/03,2317,美商高盛,1480,1864,5680,-3816,12.99,1,sell
9/03,2317,凱基,9200,1243,261,982,3.34,2,buy
9/03,2317,港商野村,1560,462,1985,-1523,5.18,2,sell
9/03,2317,美林,1440,1496,656,840,2.86,3,buy
9/03,2317,新加坡商瑞銀,1650,662,2056,-1394,4.74,3,sell
9/03,2317,元大證券,9800,1650,877,773,2.63,4,buy
9/03,2317,統一,5850,63,650,-587,2.0,4,sell
9/03,2317,富邦證券,9600,802,200,602,2.05,5,buy
9/03,2317,群益金鼎,9100,63,615,-552,1.88,5,sell
9/03,2317,凱基-台北,9268,888,466,422,1.44,6,buy
9/03,2317,元大-中崙,9813,8,114,-106,0.36,6,sell
9/03,2317,永豐金-匯立,0039004100380031,368,66,302,1.03,7,buy
9/03,2317,元大-新竹經國,9859,11,107,-96,0.33,7,sell
9/03,2317,港商麥格理,1360,269,0,269,0.92,8,buy
9/03,2317,花旗環球,1590,291,377,-86,0.29,8,sell
9/03,2317,中國信託,6160,275,44,231,0.79,9,buy
9/03,2317,凱基-台南,9211,29,112,-83,0.28,9,sell
9/03,2317,群益金鼎-敦南,9101,111,1,110,0.37,10,buy
9/03,2317,永豐金-古亭,0039004100390064,23,97,-74,0.25,10,sell
9/03,2317,富邦-仁愛,9676,132,25,107,0.36,11,buy
9/03,2317,兆豐-桃園,003700300030004d,9,77,-68,0.23,11,sell
9/03,2317,元大-南京,9862,116,18,98,0.33,12,buy
9/03,2317,香港上海匯豐,8960,0,66,-66,0.22,12,sell
9/03,2317,台新-板橋,0039004200320062,82,14,68,0.23,13,buy
9/03,2317,玉山-新莊,8842,36,101,-65,0.22,13,sell
9/03,2317,中國信託-高雄,003600310036004b,101,35,66,0.22,14,buy
9/03,2317,法銀巴黎,8900,116,179,-63,0.21,14,sell
9/03,2317,臺銀,1040,70,5,65,0.22,15,buy
9/03,2317,新光,8560,187,249,-62,0.21,15,sell
9/03,2454,新加坡商瑞銀,1650,1044,381,663,7.11,1,buy
9/03,2454,永豐金-匯立,0039004100380031,9,230,-221,2.37,1,sell
9/03,2454,元大證券,9800,704,297,407,4.37,2,buy
9/03,2454,美商高盛,1480,389,549,-160,1.72,2,sell
9/03,2454,台灣摩根士丹利,1470,692,345,347,3.72,3,buy
9/03,2454,花旗環球,1590,62,179,-117,1.26,3,sell
9/03,2454,富邦證券,9600,328,50,278,2.98,4,buy
9/03,2454,凱基,9200,109,222,-113,1.21,4,sell
9/03,2454,統一,5850,224,42,182,1.95,5,buy
9/03,2454,凱基-文心,9297,0,93,-93,1.0,5,sell
9/03,2454,港商野村,1560,295,153,142,1.52,6,buy
9/03,2454,國泰-敦南,8888,88,180,-92,0.99,6,sell
9/03,2454,摩根大通,8440,468,355,113,1.21,7,buy
9/03,2454,凱基-台北,9268,469,560,-91,0.98,7,sell
9/03,2454,港商麥格理,1360,94,23,71,0.76,8,buy
9/03,2454,宏遠-民生,1261,0,70,-70,0.75,8,sell
9/03,2454,台新-五權西,0039004200320035,68,8,60,0.64,9,buy
9/03,2454,凱基-市府,0039003200300044,3,68,-65,0.7,9,sell
9/03,2454,凱基-城中,9227,66,8,58,0.62,10,buy
9/03,2454,群益金鼎-開元,9134,2,31,-29,0.31,10,sell
9/03,2454,中國信託,6160,72,22,50,0.54,11,buy
9/03,2454,群益金鼎-台北,0039003100380058,0,28,-28,0.3,11,sell
9/03,2454,台新,0039004200300030,86,45,41,0.44,12,buy
9/03,2454,國票-安和,003700370039005a,9,35,-26,0.28,12,sell
9/03,2454,兆豐-忠孝,0037003000300061,55,14,41,0.44,13,buy
9/03,2454,玉山證券,8840,15,42,-27,0.29,13,sell
9/03,2454,兆豐-嘉義,7001,40,1,39,0.42,14,buy
9/03,2454,康和,8450,12,34,-22,0.24,14,sell
9/03,2454,華南永昌,9300,54,16,38,0.41,15,buy
9/03,2454,元大-土城永寧,9875,5,26,-21,0.23,15,sell
9/03,2308,摩根大通,8440,1494,369,1125,10.9,1,buy
9/03,2308,花旗環球,1590,376,1072,-696,6.74,1,sell
9/03,2308,美商高盛,1480,1056,266,790,7.66,2,buy
9/03,2308,台新-台北,0039004200320030,2,259,-257,2.49,2,sell
9/03,2308,台灣摩根士丹利,1470,955,406,549,5.32,3,buy
9/03,2308,新加坡商瑞銀,1650,903,1035,-132,1.28,3,sell
9/03,2308,美林,1440,515,158,357,3.46,4,buy
9/03,2308,凱基,9200,66,196,-130,1.26,4,sell
9/03,2308,國泰證券,8880,362,35,327,3.17,5,buy
9/03,2308,凱基-文心,9297,0,82,-82,0.79,5,sell
9/03,2308,統一,5850,164,43,121,1.17,6,buy
9/03,2308,國泰-敦南,8888,123,197,-74,0.72,6,sell
9/03,2308,富邦證券,9600,123,55,68,0.66,7,buy
9/03,2308,國票-敦北法人,0037003700390063,0,73,-73,0.71,7,sell
9/03,2308,兆豐-忠孝,0037003000300061,58,9,49,0.47,8,buy
9/03,2308,中國信託,6160,57,125,-68,0.66,8,sell
9/03,2308,統一-南京,0035003800350055,60,13,47,0.46,9,buy
9/03,2308,新光,8560,72,118,-46,0.45,9,sell
9/03,2308,華南永昌,9300,70,33,37,0.36,10,buy
9/03,2308,元大證券,9800,437,483,-46,0.45,10,sell
9/03,2308,大和國泰,8890,30,0,30,0.29,11,buy
9/03,2308,元大-館前,003900380034004b,7,41,-34,0.33,11,sell
9/03,2308,群益金鼎,9100,107,81,26,0.25,12,buy
9/03,2308,富邦-永和,9654,8,38,-30,0.29,12,sell
9/03,2308,台新,0039004200300030,70,45,25,0.24,13,buy
9/03,2308,富邦-中壢,9636,9,39,-30,0.29,13,sell
9/03,2308,港商野村,1560,108,86,22,0.21,14,buy
9/03,2308,國泰-板橋,003800380038004b,23,52,-29,0.28,14,sell
9/03,2308,富邦-陽明,9604,25,11,14,0.14,15,buy
9/03,2308,華南永昌-東勢,9358,1,30,-29,0.28,15,sell
9/03,2382,永豐金-匯立,0039004100380031,895,5,890,7.5,1,buy
9/03,2382,國泰證券,8880,28,1522,-1494,12.59,1,sell
9/03,2382,新加坡商瑞銀,1650,1384,598,786,6.62,2,buy
9/03,2382,台新-基隆,0039004200320053,3,449,-446,3.76,2,sell
9/03,2382,美商高盛,1480,1124,462,662,5.58,3,buy
9/03,2382,第一金,5380,0,300,-300,2.53,3,sell
9/03,2382,美林,1440,628,12,616,5.19,4,buy
9/03,2382,福邦證券,6480,2,207,-205,1.73,4,sell
9/03,2382,元大證券,9800,1053,655,398,3.35,5,buy
9/03,2382,港商麥格理,1360,50,200,-150,1.26,5,sell
9/03,2382,凱基,9200,390,0,390,3.29,6,buy
9/03,2382,永豐金證券,0039004100300030,68,151,-83,0.7,6,sell
9/03,2382,台灣摩根士丹利,1470,1108,746,362,3.05,7,buy
9/03,2382,中國信託,6160,3,79,-76,0.64,7,sell
9/03,2382,法銀巴黎,8900,321,27,294,2.48,8,buy
9/03,2382,凱基-台北,9268,287,362,-75,0.63,8,sell
9/03,2382,統一,5850,173,2,171,1.44,9,buy
9/03,2382,花旗環球,1590,267,341,-74,0.62,9,sell
9/03,2382,中國信託-新竹,6165,150,15,135,1.14,10,buy
9/03,2382,元大-南屯,9853,1,68,-67,0.56,10,sell
9/03,2382,群益金鼎,9100,232,99,133,1.12,11,buy
9/03,2382,凱基-士林,9238,2,66,-64,0.54,11,sell
9/03,2382,台新,0039004200300030,162,68,94,0.79,12,buy
9/03,2382,元大-東泰,9817,1,64,-63,0.53,12,sell
9/03,2382,元大-台北,0039003800300068,51,1,50,0.42,13,buy
9/03,2382,玉山-高雄,8843,4,65,-61,0.51,13,sell
9/03,2382,富邦-永和,9654,51,6,45,0.38,14,buy
9/03,2382,兆豐-三民,0037003000300068,0,52,-52,0.44,14,sell
9/03,2382,美好-富順,003500320036004b,40,1,39,0.33,15,buy
9/03,2382,國泰-敦南,8888,105,152,-47,0.4,15,sell
9/03,2891,美林,1440,3984,330,3654,9.81,1,buy
9/03,2891,摩根大通,8440,1747,4680,-2933,7.87,1,sell
9/03,2891,凱基,9200,2105,0,2105,5.65,2,buy
9/03,2891,凱基-台北,9268,1497,3148,-1651,4.43,2,sell
9/03,2891,中國信託-永康,6163,2003,28,1975,5.3,3,buy
9/03,2891,華南永昌-中正,9359,4,1333,-1329,3.57,3,sell
9/03,2891,新光,8560,2104,252,1852,4.97,4,buy
9/03,2891,新加坡商瑞銀,1650,2239,3543,-1304,3.5,4,sell
9/03,2891,永豐金-匯立,0039004100380031,1730,0,1730,4.64,5,buy
9/03,2891,中國信託,6160,16,893,-877,2.35,5,sell
9/03,2891,花旗環球,1590,3692,2204,1488,3.99,6,buy
9/03,2891,台新,0039004200300030,78,732,-654,1.76,6,sell
9/03,2891,美商高盛,1480,3197,1863,1334,3.58,7,buy
9/03,2891,華南永昌-高雄,9303,5,561,-556,1.49,7,sell
9/03,2891,富邦證券,9600,1049,44,1005,2.7,8,buy
9/03,2891,元大證券,9800,2307,2658,-351,0.94,8,sell
9/03,2891,港商麥格理,1360,984,0,984,2.64,9,buy
9/03,2891,元大-東泰,9817,1,324,-323,0.87,9,sell
9/03,2891,港商野村,1560,533,32,501,1.34,10,buy
9/03,2891,宏遠證券,1260,0,201,-201,0.54,10,sell
9/03,2891,台灣摩根士丹利,1470,1879,1430,449,1.21,11,buy
9/03,2891,永豐金證券,0039004100300030,208,385,-177,0.48,11,sell
9/03,2891,法銀巴黎,8900,209,34,175,0.47,12,buy
9/03,2891,玉山-高雄,8843,14,178,-164,0.44,12,sell
9/03,2891,元大-中壢,9834,220,91,129,0.35,13,buy
9/03,2891,康和,8450,9,150,-141,0.38,13,sell
9/03,2891,國票-安和,003700370039005a,161,33,128,0.34,14,buy
9/03,2891,富邦-羅東,9634,3,137,-134,0.36,14,sell
9/03,2891,玉山-士林,0038003800340041,107,1,106,0.28,15,buy
9/03,2891,富邦-板橋,9655,23,151,-128,0.34,15,sell
9/03,2881,港商麥格理,1360,1646,0,1646,8.78,1,buy
9/03,2881,台灣摩根士丹利,1470,183,750,-567,3.02,1,sell
9/03,2881,兆豐證券,7000,1351,6,1345,7.18,2,buy
9/03,2881,富邦-永和,9654,32,362,-330,1.76,2,sell
9/03,2881,新加坡商瑞銀,1650,1365,550,815,4.35,3,buy
9/03,2881,法銀巴黎,8900,77,339,-262,1.4,3,sell
9/03,2881,統一,5850,643,6,637,3.4,4,buy
9/03,2881,兆豐-岡山,0037003000300073,0,201,-201,1.07,4,sell
9/03,2881,凱基-台北,9268,1473,1003,470,2.51,5,buy
9/03,2881,合庫-鳳山,1029,0,201,-201,1.07,5,sell
9/03,2881,國泰證券,8880,374,0,374,2.0,6,buy
9/03,2881,花旗環球,1590,31,191,-160,0.85,6,sell
9/03,2881,美商高盛,1480,1941,1645,296,1.58,7,buy
9/03,2881,富邦-新板,0039003600310048,1,132,-131,0.7,7,sell
9/03,2881,元大證券,9800,830,571,259,1.38,8,buy
9/03,2881,永全-南崁,6451,0,120,-120,0.64,8,sell
9/03,2881,凱基,9200,264,6,258,1.38,9,buy
9/03,2881,凱基-羅東,9258,0,99,-99,0.53,9,sell
9/03,2881,第一金-新興,0035003300380041,252,3,249,1.33,10,buy
9/03,2881,美林,1440,144,241,-97,0.52,10,sell
9/03,2881,摩根大通,8440,2008,1818,190,1.01,11,buy
9/03,2881,富邦-建國,9658,37,128,-91,0.49,11,sell
9/03,2881,富隆證券,5110,150,0,150,0.8,12,buy
9/03,2881,兆豐-公益,003700300030004a,0,89,-89,0.47,12,sell
9/03,2881,福邦證券,6480,70,3,67,0.36,13,buy
9/03,2881,富邦證券,9600,13,102,-89,0.47,13,sell
9/03,2881,元大-東泰,9817,2255,2203,52,0.28,14,buy
9/03,2881,富邦-仁愛,9676,10,90,-80,0.43,14,sell
9/03,2881,元大-內湖民權,9867,40,2,38,0.2,15,buy
9/03,2881,中國信託,6160,14,91,-77,0.41,15,sell
9/03,2882,花旗環球,1590,6578,1463,5115,14.26,1,buy
9/03,2882,台灣摩根士丹利,1470,1704,3966,-2262,6.31,1,sell
9/03,2882,富邦證券,9600,3149,28,3121,8.7,2,buy
9/03,2882,美商高盛,1480,1284,2706,-1422,3.97,2,sell
9/03,2882,摩根大通,8440,2676,1135,1541,4.3,3,buy
9/03,2882,國泰-館前,0038003800380041,32,1066,-1034,2.88,3,sell
9/03,2882,玉山證券,8840,1570,30,1540,4.29,4,buy
9/03,2882,新加坡商瑞銀,1650,1243,2258,-1015,2.83,4,sell
9/03,2882,群益金鼎,9100,1460,267,1193,3.33,5,buy
9/03,2882,國泰-敦南,8888,164,559,-395,1.1,5,sell
9/03,2882,美林,1440,2416,1566,850,2.37,6,buy
9/03,2882,群益金鼎-古亭,0039003100380043,16,385,-369,1.03,6,sell
9/03,2882,凱基-台北,9268,2278,1731,547,1.53,7,buy
9/03,2882,永豐金-新莊,0039004100390048,54,414,-360,1.0,7,sell
9/03,2882,港商麥格理,1360,511,0,511,1.42,8,buy
9/03,2882,港商野村,1560,27,269,-242,0.67,8,sell
9/03,2882,凱基,9200,499,9,490,1.37,9,buy
9/03,2882,宏遠證券,1260,1,234,-233,0.65,9,sell
9/03,2882,元大證券,9800,2132,1643,489,1.36,10,buy
9/03,2882,台新,0039004200300030,257,482,-225,0.63,10,sell
9/03,2882,中國信託,6160,426,161,265,0.74,11,buy
9/03,2882,美好-中壢,5266,0,222,-222,0.62,11,sell
9/03,2882,群益金鼎-三重,0039003100330067,259,3,256,0.71,12,buy
9/03,2882,富邦-公益,0039003600310046,4,215,-211,0.59,12,sell
9/03,2882,大和國泰,8890,207,0,207,0.58,13,buy
9/03,2882,國泰-板橋,003800380038004b,24,213,-189,0.53,13,sell
9/03,2882,富隆證券,5110,200,0,200,0.56,14,buy
9/03,2882,群益金鼎-海山,9108,3,159,-156,0.44,14,sell
9/03,2882,康和,8450,205,8,197,0.55,15,buy
9/03,2882,台新-台北,0039004200320030,3,158,-155,0.43,15,sell
9/03,2303,新加坡商瑞銀,1650,11619,3243,8376,6.0,1,buy
9/03,2303,凱基-站前,0039003200300046,420,3433,-3013,2.16,1,sell
9/03,2303,美商高盛,1480,11517,5151,6366,4.56,2,buy
9/03,2303,摩根大通,8440,4866,7371,-2505,1.8,2,sell
9/03,2303,美林,1440,4966,1554,3412,2.45,3,buy
9/03,2303,凱基-市府,0039003200300044,47,2439,-2392,1.71,3,sell
9/03,2303,台灣摩根士丹利,1470,8787,6231,2556,1.83,4,buy
9/03,2303,凱基-台北,9268,3638,5969,-2331,1.67,4,sell
9/03,2303,元大證券,9800,17863,15399,2464,1.77,5,buy
9/03,2303,富邦證券,9600,1564,3456,-1892,1.36,5,sell
9/03,2303,永豐金證券,0039004100300030,3705,1432,2273,1.63,6,buy
9/03,2303,國泰證券,8880,283,2130,-1847,1.32,6,sell
9/03,2303,香港上海匯豐,8960,1035,12,1023,0.73,7,buy
9/03,2303,永豐金-信義,0039004100390052,23,1842,-1819,1.3,7,sell
9/03,2303,兆豐-民生,0037003000300063,1729,1017,712,0.51,8,buy
9/03,2303,國票-敦北法人,0037003700390063,36,1305,-1269,0.91,8,sell
9/03,2303,元大-土城永寧,9875,588,61,527,0.38,9,buy
9/03,2303,台新-台北,0039004200320030,48,1051,-1003,0.72,9,sell
9/03,2303,凱基-城中,9227,537,56,481,0.34,10,buy
9/03,2303,花旗環球,1590,50,797,-747,0.54,10,sell
9/03,2303,統一-南京,0035003800350055,300,53,247,0.18,11,buy
9/03,2303,康和,8450,534,1252,-718,0.51,11,sell
9/03,2303,國泰-敦南,8888,2814,2607,207,0.15,12,buy
9/03,2303,元大-南京,9862,92,798,-706,0.51,12,sell
9/03,2303,法銀巴黎,8900,399,196,203,0.15,13,buy
9/03,2303,福邦證券,6480,5,606,-601,0.43,13,sell
9/03,2303,中國信託,6160,894,696,198,0.14,14,buy
9/03,2303,港商麥格理,1360,250,764,-514,0.37,14,sell
9/03,2303,台新-西松,003900420032006e,317,159,158,0.11,15,buy
9/03,2303,德信,6910,11,511,-500,0.36,15,sell
9/03,3711,摩根大通,8440,1639,591,1048,9.0,1,buy
9/03,3711,富邦證券,9600,38,548,-510,4.38,1,sell
9/03,3711,台灣摩根士丹利,1470,1139,418,721,6.2,2,buy
9/03,3711,統一-三重,003500380035004a,3,210,-207,1.78,2,sell
9/03,3711,凱基-台北,9268,956,240,716,6.15,3,buy
9/03,3711,港商野村,1560,49,208,-159,1.37,3,sell
9/03,3711,元大證券,9800,1239,744,495,4.25,4,buy
9/03,3711,永豐金證券,0039004100300030,144,274,-130,1.12,4,sell
9/03,3711,美林,1440,451,103,348,2.99,5,buy
9/03,3711,國泰-敦南,8888,156,270,-114,0.98,5,sell
9/03,3711,港商麥格理,1360,344,91,253,2.17,6,buy
9/03,3711,宏遠證券,1260,13,120,-107,0.92,6,sell
9/03,3711,花旗環球,1590,332,80,252,2.17,7,buy
9/03,3711,香港上海匯豐,8960,62,166,-104,0.89,7,sell
9/03,3711,凱基,9200,256,69,187,1.61,8,buy
9/03,3711,群益金鼎-台南,9185,5,79,-74,0.64,8,sell
9/03,3711,新加坡商瑞銀,1650,402,243,159,1.37,9,buy
9/03,3711,兆豐-三民,0037003000300068,25,81,-56,0.48,9,sell
9/03,3711,永豐金-匯立,0039004100380031,179,31,148,1.27,10,buy
9/03,3711,國票證券,7790,10,60,-50,0.43,10,sell
9/03,3711,法銀巴黎,8900,173,35,138,1.19,11,buy
9/03,3711,群益金鼎,9100,59,106,-47,0.4,11,sell
9/03,3711,美商高盛,1480,692,623,69,0.59,12,buy
9/03,3711,合庫證券,1020,21,65,-44,0.38,12,sell
9/03,3711,台新-松德,0039004200320061,41,8,33,0.28,13,buy
9/03,3711,玉山-左營,0038003800340044,19,63,-44,0.38,13,sell
9/03,3711,國票-敦北法人,0037003700390063,22,1,21,0.18,14,buy
9/03,3711,玉山-信義,0038003800340043,3,45,-42,0.36,14,sell
9/03,3711,元大-虎尾,003900380030006c,29,18,11,0.09,15,buy
9/03,3711,國泰證券,8880,5,46,-41,0.35,15,sell
9/03,2603,美商高盛,1480,1361,290,1071,11.59,1,buy
9/03,2603,凱基-長庚,9233,0,235,-235,2.54,1,sell
9/03,2603,美林,1440,887,0,887,9.6,2,buy
9/03,2603,凱基-台北,9268,469,647,-178,1.93,2,sell
9/03,2603,新光,8560,840,49,791,8.56,3,buy
9/03,2603,國泰-敦南,8888,39,175,-136,1.47,3,sell
9/03,2603,新加坡商瑞銀,1650,841,172,669,7.24,4,buy
9/03,2603,第一金,5380,1,128,-127,1.37,4,sell
9/03,2603,台灣摩根士丹利,1470,1011,343,668,7.23,5,buy
9/03,2603,富邦證券,9600,8,121,-113,1.22,5,sell
9/03,2603,第一金-中山,5389,368,0,368,3.98,6,buy
9/03,2603,凱基-屏東,0039003200320043,0,111,-111,1.2,6,sell
9/03,2603,花旗環球,1590,186,15,171,1.85,7,buy
9/03,2603,兆豐-大同,0037003000300053,0,101,-101,1.09,7,sell
9/03,2603,凱基,9200,108,3,105,1.14,8,buy
9/03,2603,港商野村,1560,0,99,-99,1.07,8,sell
9/03,2603,港商麥格理,1360,101,0,101,1.09,9,buy
9/03,2603,元大證券,9800,666,754,-88,0.95,9,sell
9/03,2603,法銀巴黎,8900,30,0,30,0.32,10,buy
9/03,2603,合庫-高雄,1023,5,93,-88,0.95,10,sell
9/03,2603,摩根大通,8440,599,570,29,0.31,11,buy
9/03,2603,富邦-陽明,9604,35,117,-82,0.89,11,sell
9/03,2603,元大-古亭,003900380039006b,30,1,29,0.31,12,buy
9/03,2603,元大-台中,9812,0,68,-68,0.74,12,sell
9/03,2603,永豐金證券,0039004100300030,53,26,27,0.29,13,buy
9/03,2603,富邦-台北,9623,13,69,-56,0.61,13,sell
9/03,2603,康和-仁愛,0038003400350046,20,0,20,0.22,14,buy
9/03,2603,永豐金-新店,0039004100390069,0,53,-53,0.57,14,sell
9/03,2603,元大-四維,9831,19,1,18,0.19,15,buy
9/03,2603,致和-崇德,0037003000330042,0,50,-50,0.54,15,sell
9/03,2609,新加坡商瑞銀,1650,4597,922,3675,10.49,1,buy
9/03,2609,美商高盛,1480,2258,4512,-2254,6.44,1,sell
9/03,2609,台灣摩根士丹利,1470,4865,1666,3199,9.13,2,buy
9/03,2609,台新-新店,0039004200320032,7,858,-851,2.43,2,sell
9/03,2609,凱基-台北,9268,2656,598,2058,5.88,3,buy
9/03,2609,富邦-台北,9623,32,543,-511,1.46,3,sell
9/03,2609,美林,1440,1264,145,1119,3.19,4,buy
9/03,2609,香港上海匯豐,8960,0,507,-507,1.45,4,sell
9/03,2609,元大證券,9800,2167,1281,886,2.53,5,buy
9/03,2609,凱基,9200,11,451,-440,1.26,5,sell
9/03,2609,永豐金證券,0039004100300030,948,143,805,2.3,6,buy
9/03,2609,國泰-敦南,8888,403,767,-364,1.04,6,sell
9/03,2609,花旗環球,1590,974,193,781,2.23,7,buy
9/03,2609,元大-板橋,0039003800390043,43,287,-244,0.7,7,sell
9/03,2609,摩根大通,8440,1666,908,758,2.16,8,buy
9/03,2609,大昌-安康,6462,16,156,-140,0.4,8,sell
9/03,2609,富邦-南員林,0039003600310052,145,25,120,0.34,9,buy
9/03,2609,富邦-三重,9677,37,166,-129,0.37,9,sell
9/03,2609,元大-館前,003900380034004b,188,76,112,0.32,10,buy
9/03,2609,富邦-嘉義,9692,14,131,-117,0.33,10,sell
9/03,2609,兆豐-北高雄,0037003000300049,118,13,105,0.3,11,buy
9/03,2609,富邦-板橋,9655,22,137,-115,0.33,11,sell
9/03,2609,聯邦-雙和,8584,110,7,103,0.29,12,buy
9/03,2609,台新,0039004200300030,256,367,-111,0.32,12,sell
9/03,2609,中國信託-新竹,6165,106,7,99,0.28,13,buy
9/03,2609,元大-頭份,0039003800330055,14,122,-108,0.31,13,sell
9/03,2609,國票證券,7790,180,81,99,0.28,14,buy
9/03,2609,兆豐-復興,0037003000300070,0,106,-106,0.3,14,sell
9/03,2609,凱基-高美館,9215,104,19,85,0.24,15,buy
9/03,2609,元大-中壢,9834,40,144,-104,0.3,15,sell
9/03,2615,美林,1440,1561,130,1431,7.24,1,buy
9/03,2615,凱基-屏東,0039003200320043,7,404,-397,2.01,1,sell
9/03,2615,台新-虎尾,003900420032004e,914,13,901,4.56,2,buy
9/03,2615,中國信託-新竹,6165,8,236,-228,1.15,2,sell
9/03,2615,新加坡商瑞銀,1650,680,1,679,3.44,3,buy
9/03,2615,永豐金-桃盛,003900410039004e,10,224,-214,1.08,3,sell
9/03,2615,台灣摩根士丹利,1470,1446,838,608,3.08,4,buy
9/03,2615,國泰-敦南,8888,302,467,-165,0.83,4,sell
9/03,2615,永豐金-敦北,0039004100380039,1004,630,374,1.89,5,buy
9/03,2615,元大-員林中山,9835,1,138,-137,0.69,5,sell
9/03,2615,元大證券,9800,1375,1062,313,1.58,6,buy
9/03,2615,兆豐-台中港,7005,10,146,-136,0.69,6,sell
9/03,2615,台新,0039004200300030,487,188,299,1.51,7,buy
9/03,2615,台新-新店,0039004200320032,4,117,-113,0.57,7,sell
9/03,2615,凱基,9200,266,41,225,1.14,8,buy
9/03,2615,凱基-台北,9268,1217,1312,-95,0.48,8,sell
9/03,2615,華南永昌-高雄,9303,232,27,205,1.04,9,buy
9/03,2615,花旗環球,1590,124,216,-92,0.47,9,sell
9/03,2615,元大-台北,0039003800300068,207,7,200,1.01,10,buy
9/03,2615,統一-竹南,003500380035006d,49,138,-89,0.45,10,sell
9/03,2615,永豐金證券,0039004100300030,288,94,194,0.98,11,buy
9/03,2615,永豐金-敦南,0039004100380046,3,90,-87,0.44,11,sell
9/03,2615,美商高盛,1480,649,471,178,0.9,12,buy
9/03,2615,玉山-板橋,8846,5,88,-83,0.42,12,sell
9/03,2615,國票證券,7790,195,35,160,0.81,13,buy
9/03,2615,新光,8560,105,180,-75,0.38,13,sell
9/03,2615,康和-嘉義,8459,136,3,133,0.67,14,buy
9/03,2615,元大-楊梅,0039003800370041,3,76,-73,0.37,14,sell
9/03,2615,統一,5850,89,12,77,0.39,15,buy
9/03,2615,富邦-陽明,9604,20,93,-73,0.37,15,sell
9/03,2618,美林,1440,6749,58,6691,25.31,1,buy
9/03,2618,摩根大通,8440,2110,3733,-1623,6.14,1,sell
9/03,2618,元大證券,9800,3145,392,2753,10.41,2,buy
9/03,2618,群益金鼎-東湖,003900310038004b,1,686,-685,2.59,2,sell
9/03,2618,新加坡商瑞銀,1650,3126,915,2211,8.36,3,buy
9/03,2618,國泰-忠孝,8887,0,345,-345,1.31,3,sell
9/03,2618,凱基-台北,9268,2674,656,2018,7.63,4,buy
9/03,2618,台灣摩根士丹利,1470,4052,4373,-321,1.21,4,sell
9/03,2618,台新,0039004200300030,428,87,341,1.29,5,buy
9/03,2618,元大-樹林,003900380039006a,1,320,-319,1.21,5,sell
9/03,2618,法銀巴黎,8900,290,32,258,0.98,6,buy
9/03,2618,元大-鹿港,0039003800390053,2,307,-305,1.15,6,sell
9/03,2618,大和國泰,8890,219,0,219,0.83,7,buy
9/03,2618,新光,8560,6,308,-302,1.14,7,sell
9/03,2618,花旗環球,1590,102,67,35,0.13,8,buy
9/03,2618,國泰-敦南,8888,47,275,-228,0.86,8,sell
9/03,2618,永興-台中,5603,30,0,30,0.11,9,buy
9/03,2618,元大-木柵,003900380033004d,5,210,-205,0.78,9,sell
9/03,2618,富邦-嘉義,9692,47,20,27,0.1,10,buy
9/03,2618,玉山-嘉義,8848,0,177,-177,0.67,10,sell
9/03,2618,凱基-北門,9283,25,1,24,0.09,11,buy
9/03,2618,國泰-台南,8884,1,177,-176,0.67,11,sell
9/03,2618,華南永昌-古亭,9309,80,61,19,0.07,12,buy
9/03,2618,富邦-新店,9661,4,142,-138,0.52,12,sell
9/03,2618,新光-台中,8561,39,22,17,0.06,13,buy
9/03,2618,元大-復北,9872,0,132,-132,0.5,13,sell
9/03,2618,元大-台北,0039003800300068,30,13,17,0.06,14,buy
9/03,2618,華南永昌,9300,0,121,-121,0.46,14,sell
9/03,2618,群益金鼎-南京,0039003100380045,22,5,17,0.06,15,buy
9/03,2618,中國信託,6160,2,120,-118,0.45,15,sell
9/03,3037,台灣摩根士丹利,1470,2631,1138,1493,4.46,1,buy
9/03,3037,美商高盛,1480,1949,3162,-1213,3.63,1,sell
9/03,3037,新加坡商瑞銀,1650,1764,908,856,2.56,2,buy
9/03,3037,港商野村,1560,325,1026,-701,2.1,2,sell
9/03,3037,美林,1440,460,292,168,0.5,3,buy
9/03,3037,群益金鼎,9100,328,786,-458,1.37,3,sell
9/03,3037,國泰-敦南,8888,1063,912,151,0.45,4,buy
9/03,3037,元大證券,9800,2678,3099,-421,1.26,4,sell
9/03,3037,統一-竹南,003500380035006d,142,7,135,0.4,5,buy
9/03,3037,永豐金-匯立,0039004100380031,34,437,-403,1.2,5,sell
9/03,3037,富邦-台北,9623,118,53,65,0.19,6,buy
9/03,3037,花旗環球,1590,26,374,-348,1.04,6,sell
9/03,3037,國泰-台中,8882,253,206,47,0.14,7,buy
9/03,3037,凱基,9200,11,341,-330,0.99,7,sell
9/03,3037,凱基-斗六,9281,58,12,46,0.14,8,buy
9/03,3037,宏遠證券,1260,13,307,-294,0.88,8,sell
9/03,3037,中國信託-永康,6163,64,20,44,0.13,9,buy
9/03,3037,永豐金證券,0039004100300030,471,689,-218,0.65,9,sell
9/03,3037,華南永昌-古亭,9309,50,12,38,0.11,10,buy
9/03,3037,元大-新盛,9869,18,210,-192,0.57,10,sell
9/03,3037,富邦-陽明,9604,78,40,38,0.11,11,buy
9/03,3037,(牛牛牛)亞證券,6010,5,163,-158,0.47,11,sell
9/03,3037,元大-中山北路,0039003800300061,53,18,35,0.1,12,buy
9/03,3037,國票-敦北法人,0037003700390063,6,148,-142,0.42,12,sell
9/03,3037,港商麥格理,1360,45,10,35,0.1,13,buy
9/03,3037,玉山證券,8840,92,233,-141,0.42,13,sell
9/03,3037,富邦-桃園,9665,85,50,35,0.1,14,buy
9/03,3037,統一-敦南,5852,27,162,-135,0.4,14,sell
9/03,3037,群益金鼎-內湖,0039003100380064,36,2,34,0.1,15,buy
9/03,3037,兆豐證券,7000,36,150,-114,0.34,15,sell
9/03,2345,國泰證券,8880,163,6,157,5.75,1,buy
9/03,2345,富邦證券,9600,23,213,-190,6.96,1,sell
9/03,2345,港商麥格理,1360,170,16,154,5.64,2,buy
9/03,2345,元大證券,9800,191,299,-108,3.95,2,sell
9/03,2345,兆豐證券,7000,147,33,114,4.17,3,buy
9/03,2345,統一,5850,22,96,-74,2.71,3,sell
9/03,2345,香港上海匯豐,8960,74,5,69,2.53,4,buy
9/03,2345,新加坡商瑞銀,1650,149,211,-62,2.27,4,sell
9/03,2345,台灣摩根士丹利,1470,158,97,61,2.23,5,buy
9/03,2345,群益金鼎,9100,18,65,-47,1.72,5,sell
9/03,2345,摩根大通,8440,165,106,59,2.16,6,buy
9/03,2345,港商野村,1560,20,54,-34,1.24,6,sell
9/03,2345,合庫-三重,0031003000320047,10,0,10,0.37,7,buy
9/03,2345,永豐金-匯立,0039004100380031,0,34,-34,1.24,7,sell
9/03,2345,陽信,8710,10,0,10,0.37,8,buy
9/03,2345,中國信託,6160,11,37,-26,0.95,8,sell
9/03,2345,法銀巴黎,8900,14,5,9,0.33,9,buy
9/03,2345,美林,1440,37,61,-24,0.88,9,sell
9/03,2345,凱基-中山,9229,8,0,8,0.29,10,buy
9/03,2345,永豐金證券,0039004100300030,91,115,-24,0.88,10,sell
9/03,2345,永豐金-板盛,0039004100390059,8,0,8,0.29,11,buy
9/03,2345,永豐金-信義,0039004100390052,0,21,-21,0.77,11,sell
9/03,2345,兆豐-新竹,0037003000300056,6,0,6,0.22,12,buy
9/03,2345,華南永昌,9300,11,30,-19,0.7,12,sell
9/03,2345,凱基-站前,0039003200300046,9,3,6,0.22,13,buy
9/03,2345,花旗環球,1590,31,49,-18,0.66,13,sell
9/03,2345,臺銀-臺南,1042,7,2,5,0.18,14,buy
9/03,2345,康和,8450,44,60,-16,0.59,14,sell
9/03,2345,大和國泰,8890,5,0,5,0.18,15,buy
9/03,2345,康和-台中,8455,1,16,-15,0.55,15,sell
9/03,3006,群益金鼎,9100,1192,436,756,1.8,1,buy
9/03,3006,新加坡商瑞銀,1650,1329,2763,-1434,3.42,1,sell
9/03,3006,美林,1440,744,149,595,1.42,2,buy
9/03,3006,台灣摩根士丹利,1470,148,608,-460,1.1,2,sell
9/03,3006,摩根大通,8440,1556,1093,463,1.1,3,buy
9/03,3006,美商高盛,1480,179,596,-417,0.99,3,sell
9/03,3006,元大-頭份,0039003800330055,374,41,333,0.79,4,buy
9/03,3006,元大證券,9800,3776,4107,-331,0.79,4,sell
9/03,3006,港商野村,1560,1500,1196,304,0.72,5,buy
9/03,3006,永豐金-竹北,0039004100390050,79,308,-229,0.55,5,sell
9/03,3006,富邦-陽明,9604,362,85,277,0.66,6,buy
9/03,3006,凱基-台北,9268,2861,3043,-182,0.43,6,sell
9/03,3006,元大-土城,9897,250,61,189,0.45,7,buy
9/03,3006,統一-南京,0035003800350055,244,406,-162,0.39,7,sell
9/03,3006,富邦-台北,9623,335,153,182,0.43,8,buy
9/03,3006,台灣企銀-豐原,1118,10,129,-119,0.28,8,sell
9/03,3006,統一,5850,797,634,163,0.39,9,buy
9/03,3006,永豐金-中正,0039004100390055,20,128,-108,0.26,9,sell
9/03,3006,元大-雙和,9874,206,44,162,0.39,10,buy
9/03,3006,台新-台北,0039004200320030,10,109,-99,0.24,10,sell
9/03,3006,聯邦證券,8580,169,43,126,0.3,11,buy
9/03,3006,台新-宜蘭,0039004200320055,5,104,-99,0.24,11,sell
9/03,3006,元大-樹林,003900380039006a,160,45,115,0.27,12,buy
9/03,3006,第一金-桃園,5385,10,107,-97,0.23,12,sell
9/03,3006,台新-松江,0039004200310035,180,75,105,0.25,13,buy
9/03,3006,凱基-湖口,003900320030004e,27,111,-84,0.2,13,sell
9/03,3006,元大-花蓮,9856,117,33,84,0.2,14,buy
9/03,3006,元大-中壢,9834,51,134,-83,0.2,14,sell
9/03,3006,永豐金-竹科,0039004100390058,113,36,77,0.18,15,buy
9/03,3006,元大-大甲,0039003800390055,68,146,-78,0.19,15,sell
9/03,2379,摩根大通,8440,414,216,198,6.78,1,buy
9/03,2379,台灣摩根士丹利,1470,19,570,-551,18.86,1,sell
9/03,2379,第一金,5380,145,0,145,4.96,2,buy
9/03,2379,新加坡商瑞銀,1650,74,369,-295,10.1,2,sell
9/03,2379,土銀,1030,82,0,82,2.81,3,buy
9/03,2379,花旗環球,1590,18,223,-205,7.02,3,sell
9/03,2379,富邦證券,9600,102,22,80,2.74,4,buy
9/03,2379,元大證券,9800,113,305,-192,6.57,4,sell
9/03,2379,兆豐證券,7000,38,1,37,1.27,5,buy
9/03,2379,美商高盛,1480,60,163,-103,3.53,5,sell
9/03,2379,中國信託,6160,49,20,29,0.99,6,buy
9/03,2379,永豐金-匯立,0039004100380031,10,100,-90,3.08,6,sell
9/03,2379,香港上海匯豐,8960,28,0,28,0.96,7,buy
9/03,2379,港商野村,1560,3,68,-65,2.23,7,sell
9/03,2379,國泰證券,8880,27,0,27,0.92,8,buy
9/03,2379,凱基-台北,9268,60,123,-63,2.16,8,sell
9/03,2379,美林,1440,201,176,25,0.86,9,buy
9/03,2379,法銀巴黎,8900,6,47,-41,1.4,9,sell
9/03,2379,合庫證券,1020,25,1,24,0.82,10,buy
9/03,2379,永豐金證券,0039004100300030,20,39,-19,0.65,10,sell
9/03,2379,國泰-敦南,8888,37,14,23,0.79,11,buy
9/03,2379,港商麥格理,1360,0,18,-18,0.62,11,sell
9/03,2379,台新,0039004200300030,20,2,18,0.62,12,buy
9/03,2379,華南永昌-林口,9317,9,16,-7,0.24,12,sell
9/03,2379,元大-民雄,0039003800310056,18,2,16,0.55,13,buy
9/03,2379,光和-溪湖,6381,2,8,-6,0.21,13,sell
9/03,2379,國泰-板橋,003800380038004b,18,3,15,0.51,14,buy
9/03,2379,兆豐-天母,003700300030004c,13,18,-5,0.17,14,sell
9/03,2379,國泰-台中,8882,20,4,16,0.55,15,buy
9/03,2379,統一,5850,11,16,-5,0.17,15,sell
9/03,3034,摩根大通,8440,559,123,436,16.69,1,buy
9/03,3034,美林,1440,35,414,-379,14.5,1,sell
9/03,3034,美商高盛,1480,172,92,80,3.06,2,buy
9/03,3034,富邦證券,9600,10,257,-247,9.45,2,sell
9/03,3034,花旗環球,1590,137,73,64,2.45,3,buy
9/03,3034,新加坡商瑞銀,1650,84,279,-195,7.46,3,sell
9/03,3034,永豐金-匯立,0039004100380031,54,0,54,2.07,4,buy
9/03,3034,凱基-台北,9268,78,243,-165,6.31,4,sell
9/03,3034,國泰-敦南,8888,58,20,38,1.45,5,buy
9/03,3034,元大證券,9800,143,278,-135,5.17,5,sell
9/03,3034,新光,8560,33,4,29,1.11,6,buy
9/03,3034,台灣摩根士丹利,1470,179,306,-127,4.86,6,sell
9/03,3034,法銀巴黎,8900,25,0,25,0.96,7,buy
9/03,3034,元大-員林中山,9835,0,30,-30,1.15,7,sell
9/03,3034,富邦-台北,9623,23,0,23,0.88,8,buy
9/03,3034,港商野村,1560,0,20,-20,0.77,8,sell
9/03,3034,富邦-羅東,9634,17,0,17,0.65,9,buy
9/03,3034,凱基,9200,0,17,-17,0.65,9,sell
9/03,3034,台新-世貿,0039004200320075,16,1,15,0.57,10,buy
9/03,3034,永豐金證券,0039004100300030,22,37,-15,0.57,10,sell
9/03,3034,凱基-高美館,9215,14,0,14,0.54,11,buy
9/03,3034,第一金-高雄,5383,0,9,-9,0.34,11,sell
9/03,3034,富邦-內湖,9627,17,3,14,0.54,12,buy
9/03,3034,元大-館前,003900380034004b,1,10,-9,0.34,12,sell
9/03,3034,國泰-板橋,003800380038004b,15,1,14,0.54,13,buy
9/03,3034,港商麥格理,1360,0,8,-8,0.31,13,sell
9/03,3034,元大-六合,0039003800320043,12,1,11,0.42,14,buy
9/03,3034,統一-南京,0035003800350055,2,10,-8,0.31,14,sell
9/03,3034,富邦-嘉義,9692,9,0,9,0.34,15,buy
9/03,3034,凱基-中壢,9285,2,10,-8,0.31,15,sell
9/03,2412,凱基-台北,9268,3720,283,3437,26.32,1,buy
9/03,2412,新加坡商瑞銀,1650,798,2201,-1403,10.74,1,sell
9/03,2412,台灣摩根士丹利,1470,2833,153,2680,20.52,2,buy
9/03,2412,玉山證券,8840,1,813,-812,6.22,2,sell
9/03,2412,美商高盛,1480,1381,62,1319,10.1,3,buy
9/03,2412,美林,1440,69,766,-697,5.34,3,sell
9/03,2412,元大證券,9800,461,153,308,2.36,4,buy
9/03,2412,台新,0039004200300030,5,544,-539,4.13,4,sell
9/03,2412,法銀巴黎,8900,175,2,173,1.32,5,buy
9/03,2412,群益金鼎-南京,0039003100380045,0,376,-376,2.88,5,sell
9/03,2412,統一-新台中,0035003800350044,150,7,143,1.09,6,buy
9/03,2412,中國信託,6160,522,846,-324,2.48,6,sell
9/03,2412,美好-高雄,5264,100,0,100,0.77,7,buy
9/03,2412,凱基,9200,4,302,-298,2.28,7,sell
9/03,2412,兆豐-新竹,0037003000300056,56,1,55,0.42,8,buy
9/03,2412,摩根大通,8440,182,473,-291,2.23,8,sell
9/03,2412,兆豐-公益,003700300030004a,40,0,40,0.31,9,buy
9/03,2412,花旗環球,1590,26,170,-144,1.1,9,sell
9/03,2412,元大-南京,9862,35,0,35,0.27,10,buy
9/03,2412,永豐金證券,0039004100300030,9,147,-138,1.06,10,sell
9/03,2412,國泰-敦南,8888,96,78,18,0.14,11,buy
9/03,2412,華南永昌,9300,89,213,-124,0.95,11,sell
9/03,2412,群益金鼎-西松,9136,10,0,10,0.08,12,buy
9/03,2412,臺銀-臺中,0031003000340041,5,103,-98,0.75,12,sell
9/03,2412,高橋,5320,15,6,9,0.07,13,buy
9/03,2412,富邦-南員林,0039003600310052,0,71,-71,0.54,13,sell
9/03,2412,元大-高雄,003900380031006d,10,2,8,0.06,14,buy
9/03,2412,國泰-桃園,8885,3,72,-69,0.53,14,sell
9/03,2412,富邦-三重,9677,10,3,7,0.05,15,buy
9/03,2412,元大-豐原站前,0039003800390057,2,61,-59,0.45,15,sell
9/03,2892,永豐金-匯立,0039004100380031,4584,0,4584,11.88,1,buy
9/03,2892,法銀巴黎,8900,396,3235,-2839,7.36,1,sell
9/03,2892,台灣摩根士丹利,1470,6703,3248,3455,8.96,2,buy
9/03,2892,國泰證券,8880,2791,5197,-2406,6.24,2,sell
9/03,2892,群益金鼎,9100,3028,118,2910,7.54,3,buy
9/03,2892,新加坡商瑞銀,1650,1236,3311,-2075,5.38,3,sell
9/03,2892,元大證券,9800,3168,1152,2016,5.23,4,buy
9/03,2892,花旗環球,1590,0,1172,-1172,3.04,4,sell
9/03,2892,美商高盛,1480,3654,2292,1362,3.53,5,buy
9/03,2892,台新,0039004200300030,20,1055,-1035,2.68,5,sell
9/03,2892,凱基-台北,9268,3926,3119,807,2.09,6,buy
9/03,2892,土銀,1030,0,801,-801,2.08,6,sell
9/03,2892,摩根大通,8440,3180,2582,598,1.55,7,buy
9/03,2892,凱基,9200,15,500,-485,1.26,7,sell
9/03,2892,新光,8560,664,110,554,1.44,8,buy
9/03,2892,元大-竹科,003900380030004b,2,288,-286,0.74,8,sell
9/03,2892,港商野村,1560,389,2,387,1.0,9,buy
9/03,2892,合庫-嘉義,1024,0,169,-169,0.44,9,sell
9/03,2892,元大-大統,003900380031007a,244,0,244,0.63,10,buy
9/03,2892,台灣企銀-太平,1115,42,199,-157,0.41,10,sell
9/03,2892,美林,1440,244,117,127,0.33,11,buy
9/03,2892,元大-桃園,0039003800380042,11,159,-148,0.38,11,sell
9/03,2892,永豐金證券,0039004100300030,290,180,110,0.29,12,buy
9/03,2892,富邦-台南,9667,13,158,-145,0.38,12,sell
9/03,2892,元大-台中,9812,113,4,109,0.28,13,buy
9/03,2892,臺銀-新竹,1045,17,143,-126,0.33,13,sell
9/03,2892,元大-鹿港,0039003800390053,101,0,101,0.26,14,buy
9/03,2892,第一金-安和,003500330038006a,12,130,-118,0.31,14,sell
9/03,2892,凱基-中壢,9285,100,2,98,0.25,15,buy
9/03,2892,富邦-板橋,9655,12,115,-103,0.27,15,sell
9/03,2886,台灣摩根士丹利,1470,7788,251,7537,19.92,1,buy
9/03,2886,港商麥格理,1360,0,4000,-4000,10.57,1,sell
9/03,2886,美林,1440,4612,274,4338,11.47,2,buy
9/03,2886,香港上海匯豐,8960,3,3792,-3789,10.02,2,sell
9/03,2886,美商高盛,1480,4413,439,3974,10.5,3,buy
9/03,2886,台新,0039004200300030,208,2363,-2155,5.7,3,sell
9/03,2886,摩根大通,8440,4717,1083,3634,9.61,4,buy
9/03,2886,統一,5850,0,1041,-1041,2.75,4,sell
9/03,2886,第一金,5380,1331,8,1323,3.5,5,buy
9/03,2886,台新-台北,0039004200320030,1,903,-902,2.38,5,sell
9/03,2886,元大證券,9800,2653,1597,1056,2.79,6,buy
9/03,2886,元大-大天母,9893,1,673,-672,1.78,6,sell
9/03,2886,凱基-台北,9268,2960,2019,941,2.49,7,buy
9/03,2886,土銀,1030,6,622,-616,1.63,7,sell
9/03,2886,富隆證券,5110,350,0,350,0.93,8,buy
9/03,2886,凱基-大直,9218,0,603,-603,1.59,8,sell
9/03,2886,新加坡商瑞銀,1650,3372,3049,323,0.85,9,buy
9/03,2886,中國信託,6160,2,474,-472,1.25,9,sell
9/03,2886,元大-旗山,003900380031006e,202,0,202,0.53,10,buy
9/03,2886,花旗環球,1590,19,460,-441,1.17,10,sell
9/03,2886,第一金-高雄,5383,124,9,115,0.3,11,buy
9/03,2886,華南永昌,9300,11,449,-438,1.16,11,sell
9/03,2886,富邦證券,9600,123,23,100,0.26,12,buy
9/03,2886,國泰證券,8880,26,369,-343,0.91,12,sell
9/03,2886,元大-大直,9846,100,3,97,0.26,13,buy
9/03,2886,玉山-高雄,8843,24,361,-337,0.89,13,sell
9/03,2886,港商野村,1560,142,51,91,0.24,14,buy
9/03,2886,福邦證券,6480,0,290,-290,0.77,14,sell
9/03,2886,富邦-陽明,9604,137,51,86,0.23,15,buy
9/03,2886,國泰-敦南,8888,195,453,-258,0.68,15,sell
9/03,0056,元大證券,9800,4554,1637,2917,11.0,1,buy
9/03,0056,中國信託,6160,251,2313,-2062,7.77,1,sell
9/03,0056,國泰證券,8880,440,31,409,1.54,2,buy
9/03,0056,永豐金證券,0039004100300030,853,2523,-1670,6.3,2,sell
9/03,0056,富邦-新竹,9647,349,21,328,1.24,3,buy
9/03,0056,凱基-台北,9268,724,2120,-1396,5.26,3,sell
9/03,0056,國泰-敦南,8888,979,755,224,0.84,4,buy
9/03,0056,台灣摩根士丹利,1470,474,1551,-1077,4.06,4,sell
9/03,0056,凱基,9200,162,0,162,0.61,5,buy
9/03,0056,新加坡商瑞銀,1650,930,1812,-882,3.33,5,sell
9/03,0056,凱基-大直,9218,152,1,151,0.57,6,buy
9/03,0056,元大-北三重,0039003800390056,13,157,-144,0.54,6,sell
9/03,0056,元大-竹科,003900380030004b,154,14,140,0.53,7,buy
9/03,0056,元大-台中中港,0039003800390042,12,152,-140,0.53,7,sell
9/03,0056,台新,0039004200300030,208,73,135,0.51,8,buy
9/03,0056,元大-四維,9831,23,161,-138,0.52,8,sell
9/03,0056,富邦-台東,9608,130,0,130,0.49,9,buy
9/03,0056,永豐金-竹科,0039004100390058,51,174,-123,0.46,9,sell
9/03,0056,永豐金-台南,0039004100390068,218,88,130,0.49,10,buy
9/03,0056,新光-桃園,8565,30,143,-113,0.43,10,sell
9/03,0056,華南永昌-世貿,9334,130,2,128,0.48,11,buy
9/03,0056,統一-彰化,0035003800350046,12,122,-110,0.41,11,sell
9/03,0056,兆豐-三重,7008,124,0,124,0.47,12,buy
9/03,0056,永豐金-屏東,0039004100360039,4,109,-105,0.4,12,sell
9/03,0056,玉山-新莊,8842,162,43,119,0.45,13,buy
9/03,0056,台新-虎尾,003900420032004e,26,127,-101,0.38,13,sell
9/03,0056,第一金,5380,129,12,117,0.44,14,buy
9/03,0056,華南永昌-台中,9302,22,120,-98,0.37,14,sell
9/03,0056,合庫證券,1020,126,13,113,0.43,15,buy
9/03,0056,華南永昌,9300,24,106,-82,0.31,15,sell
9/03,2883,美林,1440,6179,614,5565,9.18,1,buy
9/03,2883,摩根大通,8440,4182,6818,-2636,4.35,1,sell
9/03,2883,台新-台北,0039004200320030,3300,623,2677,4.42,2,buy
9/03,2883,中國信託,6160,16,2133,-2117,3.49,2,sell
9/03,2883,美商高盛,1480,5043,2654,2389,3.94,3,buy
9/03,2883,凱基-雙和,0039003200300043,9,2017,-2008,3.31,3,sell
9/03,2883,凱基,9200,2755,400,2355,3.89,4,buy
9/03,2883,花旗環球,1590,15,1766,-1751,2.89,4,sell
9/03,2883,台灣摩根士丹利,1470,5581,3932,1649,2.72,5,buy
9/03,2883,台新-府城,0039004200320039,1,1633,-1632,2.69,5,sell
9/03,2883,台新,0039004200300030,1764,489,1275,2.1,6,buy
9/03,2883,港商麥格理,1360,0,1291,-1291,2.13,6,sell
9/03,2883,富邦證券,9600,1384,134,1250,2.06,7,buy
9/03,2883,凱基-台北,9268,2731,3915,-1184,1.95,7,sell
9/03,2883,新加坡商瑞銀,1650,2730,1561,1169,1.93,8,buy
9/03,2883,富邦-宜蘭,9686,4,892,-888,1.46,8,sell
9/03,2883,港商野村,1560,966,135,831,1.37,9,buy
9/03,2883,元大-四維,9831,17,533,-516,0.85,9,sell
9/03,2883,元大證券,9800,4545,4001,544,0.9,10,buy
9/03,2883,新光-高雄,8562,14,434,-420,0.69,10,sell
9/03,2883,富隆證券,5110,476,0,476,0.79,11,buy
9/03,2883,凱基-宜蘭,003900320030004d,6,384,-378,0.62,11,sell
9/03,2883,京城,8490,402,63,339,0.56,12,buy
9/03,2883,土銀-新竹,1035,15,368,-353,0.58,12,sell
9/03,2883,凱基-台中,9204,439,110,329,0.54,13,buy
9/03,2883,國泰-敦南,8888,489,789,-300,0.49,13,sell
9/03,2883,兆豐-台中港,7005,406,86,320,0.53,14,buy
9/03,2883,中國信託-永康,6163,7,304,-297,0.49,14,sell
9/03,2883,元大-大雅,0039003800330069,359,67,292,0.48,15,buy
9/03,2883,華南永昌-鶯歌,9319,31,306,-275,0.45,15,sell
9/03,2887,美林,1440,10106,2145,7961,10.16,1,buy
9/03,2887,美商高盛,1480,4256,18401,-14145,18.05,1,sell
9/03,2887,新加坡商瑞銀,1650,7290,3940,3350,4.28,2,buy
9/03,2887,凱基-台北,9268,1733,7293,-5560,7.1,2,sell
9/03,2887,摩根大通,8440,6144,3524,2620,3.34,3,buy
9/03,2887,國票-安和,003700370039005a,13,1796,-1783,2.28,3,sell
9/03,2887,永豐金-匯立,0039004100380031,2488,0,2488,3.18,4,buy
9/03,2887,華南永昌-大甲,9315,4,1011,-1007,1.29,4,sell
9/03,2887,港商野村,1560,2283,461,1822,2.33,5,buy
9/03,2887,元大證券,9800,4194,5033,-839,1.07,5,sell
9/03,2887,台新,0039004200300030,2276,464,1812,2.31,6,buy
9/03,2887,富邦-永康,003900360031005a,14,479,-465,0.59,6,sell
9/03,2887,台灣摩根士丹利,1470,5402,4142,1260,1.61,7,buy
9/03,2887,凱基-三重,9205,31,438,-407,0.52,7,sell
9/03,2887,中國信託,6160,2205,1062,1143,1.46,8,buy
9/03,2887,永豐金證券,0039004100300030,529,887,-358,0.46,8,sell
9/03,2887,法銀巴黎,8900,906,84,822,1.05,9,buy
9/03,2887,群益金鼎-大甲,0039003100380067,151,426,-275,0.35,9,sell
9/03,2887,富邦-宜蘭,9686,613,28,585,0.75,10,buy
9/03,2887,凱基,9200,8,281,-273,0.35,10,sell
9/03,2887,富邦證券,9600,1139,634,505,0.64,11,buy
9/03,2887,台新-中原,0039004200320067,14,278,-264,0.34,11,sell
9/03,2887,富邦-永和,9654,324,26,298,0.38,12,buy
9/03,2887,永豐金-高雄,0039004100390065,6,266,-260,0.33,12,sell
9/03,2887,兆豐-民生,0037003000300063,275,1,274,0.35,13,buy
9/03,2887,富邦-員林,9672,48,298,-250,0.32,13,sell
9/03,2887,台新-台中,0039004200310068,312,73,239,0.31,14,buy
9/03,2887,國票證券,7790,45,271,-226,0.29,14,sell
9/03,2887,華南永昌-岡山,9324,359,123,236,0.3,15,buy
9/03,2887,永豐金-屏東,0039004100360039,6,225,-219,0.28,15,sell
9/03,1605,台灣摩根士丹利,1470,2227,449,1778,9.64,1,buy
9/03,1605,美林,1440,39,445,-406,2.2,1,sell
9/03,1605,富邦證券,9600,881,48,833,4.52,2,buy
9/03,1605,元大證券,9800,1139,1489,-350,1.9,2,sell
9/03,1605,凱基-台北,9268,1154,556,598,3.24,3,buy
9/03,1605,港商野村,1560,0,260,-260,1.41,3,sell
9/03,1605,元大-館前,003900380034004b,531,110,421,2.28,4,buy
9/03,1605,富邦-宜蘭,9686,21,176,-155,0.84,4,sell
9/03,1605,美商高盛,1480,1318,984,334,1.81,5,buy
9/03,1605,凱基-站前,0039003200300046,52,196,-144,0.78,5,sell
9/03,1605,摩根大通,8440,691,515,176,0.95,6,buy
9/03,1605,台新-松江,0039004200310035,3,136,-133,0.72,6,sell
9/03,1605,永全-南崁,6451,110,5,105,0.57,7,buy
9/03,1605,國票-內壢,7798,9,118,-109,0.59,7,sell
9/03,1605,富邦-樹林,0039003600320045,104,4,100,0.54,8,buy
9/03,1605,元大-苑裡,0039003800390061,8,113,-105,0.57,8,sell
9/03,1605,元大-竹科,003900380030004b,120,22,98,0.53,9,buy
9/03,1605,永豐金證券,0039004100300030,56,159,-103,0.56,9,sell
9/03,1605,中國信託-松江,6167,103,9,94,0.51,10,buy
9/03,1605,國泰-敦南,8888,255,354,-99,0.54,10,sell
9/03,1605,(牛牛牛)亞-鑫豐,0036003000310064,157,73,84,0.46,11,buy
9/03,1605,永豐金-嘉義,003900410039006a,4,101,-97,0.53,11,sell
9/03,1605,元大-台北,0039003800300068,111,29,82,0.44,12,buy
9/03,1605,元大-斗六,0039003800300043,9,101,-92,0.5,12,sell
9/03,1605,永豐金-潮州,0039004100390071,74,3,71,0.39,13,buy
9/03,1605,國泰-台南,8884,32,122,-90,0.49,13,sell
9/03,1605,凱基-頭份,9296,72,5,67,0.36,14,buy
9/03,1605,宏遠-館前,0031003200360055,0,86,-86,0.47,14,sell
9/03,1605,富邦-陽明,9604,209,154,55,0.3,15,buy
9/03,1605,統一,5850,138,222,-84,0.46,15,sell
9/03,1815,摩根大通,8440,3436,489,2947,2.43,1,buy
9/03,1815,台灣摩根士丹利,1470,1241,3190,-1949,1.6,1,sell
9/03,1815,美商高盛,1480,7760,4919,2841,2.34,2,buy
9/03,1815,凱基-市府,0039003200300044,35,1503,-1468,1.21,2,sell
9/03,1815,凱基-台北,9268,9414,7527,1887,1.55,3,buy
9/03,1815,富邦-嘉義,9692,1159,2125,-966,0.8,3,sell
9/03,1815,港商野村,1560,956,84,872,0.72,4,buy
9/03,1815,元大證券,9800,8649,9341,-692,0.57,4,sell
9/03,1815,國泰-館前,0038003800380041,949,332,617,0.51,5,buy
9/03,1815,統一,5850,943,1598,-655,0.54,5,sell
9/03,1815,凱基-中山,9229,536,38,498,0.41,6,buy
9/03,1815,凱基-興隆,9289,57,526,-469,0.39,6,sell
9/03,1815,永豐金-忠孝,0039004100390044,602,170,432,0.36,7,buy
9/03,1815,國票證券,7790,83,514,-431,0.35,7,sell
9/03,1815,康和,8450,1492,1105,387,0.32,8,buy
9/03,1815,凱基,9200,370,768,-398,0.33,8,sell
9/03,1815,美林,1440,652,286,366,0.3,9,buy
9/03,1815,富邦證券,9600,357,743,-386,0.32,9,sell
9/03,1815,富邦-建國,9658,1030,781,249,0.2,10,buy
9/03,1815,元大-大天母,9893,63,412,-349,0.29,10,sell
9/03,1815,國泰-桃園,8885,534,307,227,0.19,11,buy
9/03,1815,富邦-新板,0039003600310048,160,502,-342,0.28,11,sell
9/03,1815,永豐金-內湖,0039004100390067,237,35,202,0.17,12,buy
9/03,1815,福邦證券,6480,35,369,-334,0.27,12,sell
9/03,1815,元大-大同,0039003800390047,776,621,155,0.13,13,buy
9/03,1815,中國信託,6160,645,960,-315,0.26,13,sell
9/03,1815,華南永昌,9300,277,132,145,0.12,14,buy
9/03,1815,群益金鼎,9100,735,1016,-281,0.23,14,sell
9/03,1815,凱基-城中,9227,276,132,144,0.12,15,buy
9/03,1815,永豐金-敦南,0039004100380046,371,646,-275,0.23,15,sell
9/03,0050,凱基,9200,3317,21,3296,6.75,1,buy
9/03,0050,元大證券,9800,2497,8055,-5558,11.39,1,sell
9/03,0050,永豐金證券,0039004100300030,3364,890,2474,5.07,2,buy
9/03,0050,凱基-台北,9268,6260,9183,-2923,5.99,2,sell
9/03,0050,國泰證券,8880,2206,420,1786,3.66,3,buy
9/03,0050,新加坡商瑞銀,1650,254,1669,-1415,2.9,3,sell
9/03,0050,富邦證券,9600,1234,171,1063,2.18,4,buy
9/03,0050,港商麥格理,1360,0,1026,-1026,2.1,4,sell
9/03,0050,中國信託,6160,1790,1101,689,1.41,5,buy
9/03,0050,華南永昌,9300,391,959,-568,1.16,5,sell
9/03,0050,第一金,5380,485,34,451,0.92,6,buy
9/03,0050,美商高盛,1480,321,745,-424,0.87,6,sell
9/03,0050,元大-復北,9872,462,41,421,0.86,7,buy
9/03,0050,國票證券,7790,26,428,-402,0.82,7,sell
9/03,0050,國票-敦北法人,0037003700390063,420,18,402,0.82,8,buy
9/03,0050,兆豐-台中,7003,41,396,-355,0.73,8,sell
9/03,0050,凱基-站前,0039003200300046,470,89,381,0.78,9,buy
9/03,0050,統一,5850,35,386,-351,0.72,9,sell
9/03,0050,合庫證券,1020,355,68,287,0.59,10,buy
9/03,0050,永豐金-忠孝,0039004100390044,20,317,-297,0.61,10,sell
9/03,0050,國泰-新莊,8886,323,66,257,0.53,11,buy
9/03,0050,兆豐證券,7000,2,212,-210,0.43,11,sell
9/03,0050,兆豐-民生,0037003000300063,179,1,178,0.36,12,buy
9/03,0050,永豐金-內湖,0039004100390067,25,234,-209,0.43,12,sell
9/03,0050,國泰-高雄,8881,292,126,166,0.34,13,buy
9/03,0050,元大-蘆洲,9857,42,238,-196,0.4,13,sell
9/03,0050,凱基-大直,9218,161,0,161,0.33,14,buy
9/03,0050,玉山-大里,003800380034004a,92,258,-166,0.34,14,sell
9/03,0050,中國信託-高雄,003600310036004b,750,603,147,0.3,15,buy
9/03,0050,國泰-板橋,003800380038004b,161,324,-163,0.33,15,sell
9/03,1216,美林,1440,526,71,455,6.56,1,buy
9/03,1216,台灣摩根士丹利,1470,451,1388,-937,13.52,1,sell
9/03,1216,元大證券,9800,1193,755,438,6.32,2,buy
9/03,1216,永豐金證券,0039004100300030,22,919,-897,12.94,2,sell
9/03,1216,凱基-中壢,9285,429,0,429,6.19,3,buy
9/03,1216,國泰證券,8880,3,750,-747,10.77,3,sell
9/03,1216,美商高盛,1480,859,548,311,4.49,4,buy
9/03,1216,新加坡商瑞銀,1650,155,680,-525,7.57,4,sell
9/03,1216,摩根大通,8440,393,291,102,1.47,5,buy
9/03,1216,富邦證券,9600,3,270,-267,3.85,5,sell
9/03,1216,元大-上新莊,0039003800330047,102,0,102,1.47,6,buy
9/03,1216,花旗環球,1590,58,199,-141,2.03,6,sell
9/03,1216,法銀巴黎,8900,101,21,80,1.15,7,buy
9/03,1216,港商野村,1560,19,121,-102,1.47,7,sell
9/03,1216,富邦-桃園,9665,79,0,79,1.14,8,buy
9/03,1216,元大-仁愛,003900380033006a,0,50,-50,0.72,8,sell
9/03,1216,富邦-板橋,9655,70,0,70,1.01,9,buy
9/03,1216,中國信託,6160,3,41,-38,0.55,9,sell
9/03,1216,統一-屏東,5859,68,0,68,0.98,10,buy
9/03,1216,富邦-虎尾,9697,0,30,-30,0.43,10,sell
9/03,1216,第一金-澎湖,5387,65,0,65,0.94,11,buy
9/03,1216,合庫證券,1020,1,19,-18,0.26,11,sell
9/03,1216,新百王,6210,65,0,65,0.94,12,buy
9/03,1216,第一金-華江,0035003300380057,1,16,-15,0.22,12,sell
9/03,1216,統一,5850,59,1,58,0.84,13,buy
9/03,1216,華南永昌-鳳山,9331,6,21,-15,0.22,13,sell
9/03,1216,玉山-大里,003800380034004a,55,0,55,0.79,14,buy
9/03,1216,台新-草屯,0039004200320058,0,10,-10,0.14,14,sell
9/03,1216,港商麥格理,1360,49,0,49,0.71,15,buy
9/03,1216,永豐金-萬盛,0039004100390032,0,10,-10,0.14,15,sell
9/03,1402,美林,1440,3579,82,3497,34.08,1,buy
9/03,1402,摩根大通,8440,69,1213,-1144,11.15,1,sell
9/03,1402,元大證券,9800,1799,392,1407,13.71,2,buy
9/03,1402,凱基-台北,9268,789,1915,-1126,10.97,2,sell
9/03,1402,亞東,2180,323,13,310,3.02,3,buy
9/03,1402,新加坡商瑞銀,1650,20,841,-821,8.0,3,sell
9/03,1402,統一,5850,154,22,132,1.29,4,buy
9/03,1402,美商高盛,1480,469,1182,-713,6.95,4,sell
9/03,1402,元大-楊梅,0039003800370041,77,0,77,0.75,5,buy
9/03,1402,花旗環球,1590,88,377,-289,2.82,5,sell
9/03,1402,凱基-長庚,9233,60,0,60,0.58,6,buy
9/03,1402,宏遠-館前,0031003200360055,0,200,-200,1.95,6,sell
9/03,1402,元大-高雄,003900380031006d,78,20,58,0.57,7,buy
9/03,1402,永豐金證券,0039004100300030,20,146,-126,1.23,7,sell
9/03,1402,國票-中和,0037003700390058,50,1,49,0.48,8,buy
9/03,1402,元大-龍潭,9858,0,77,-77,0.75,8,sell
9/03,1402,法銀巴黎,8900,59,18,41,0.4,9,buy
9/03,1402,台灣摩根士丹利,1470,691,763,-72,0.7,9,sell
9/03,1402,凱基-桃園,9208,50,13,37,0.36,10,buy
9/03,1402,群益金鼎-台南,9185,0,65,-65,0.63,10,sell
9/03,1402,富邦-七賢,003900360031004b,30,1,29,0.28,11,buy
9/03,1402,新光,8560,82,146,-64,0.62,11,sell
9/03,1402,凱基-彰化,0039003200300047,29,0,29,0.28,12,buy
9/03,1402,台新-高雄,0039004200310067,0,63,-63,0.61,12,sell
9/03,1402,永豐金-豐原,0039004100390051,27,0,27,0.26,13,buy
9/03,1402,富邦-台北,9623,4,63,-59,0.57,13,sell
9/03,1402,永豐金-新莊,0039004100390048,30,5,25,0.24,14,buy
9/03,1402,新光-新竹,8563,108,163,-55,0.54,14,sell
9/03,1402,京城-嘉義,8492,30,5,25,0.24,15,buy
9/03,1402,凱基-宜蘭,003900320030004d,0,50,-50,0.49,15,sell
9/03,6770,國泰-敦南,8888,3790,3048,742,0.64,1,buy
9/03,6770,凱基-台北,9268,3651,10399,-6748,5.86,1,sell
9/03,6770,富邦-永和,9654,1009,446,563,0.49,2,buy
9/03,6770,美商高盛,1480,2575,6762,-4187,3.63,2,sell
9/03,6770,永豐金-匯立,0039004100380031,458,0,458,0.4,3,buy
9/03,6770,新加坡商瑞銀,1650,4062,7371,-3309,2.87,3,sell
9/03,6770,永豐金-市政,0039004100390057,898,507,391,0.34,4,buy
9/03,6770,台灣摩根士丹利,1470,2182,4624,-2442,2.12,4,sell
9/03,6770,凱基-台南,9211,456,78,378,0.33,5,buy
9/03,6770,元大證券,9800,8946,11296,-2350,2.04,5,sell
9/03,6770,合庫證券,1020,317,48,269,0.23,6,buy
9/03,6770,凱基,9200,22,1436,-1414,1.23,6,sell
9/03,6770,富邦-台北,9623,734,481,253,0.22,7,buy
9/03,6770,摩根大通,8440,1997,2872,-875,0.76,7,sell
9/03,6770,元大-復北,9872,275,35,240,0.21,8,buy
9/03,6770,華南永昌-大甲,9315,16,457,-441,0.38,8,sell
9/03,6770,元大-學甲,003900380033004b,306,82,224,0.19,9,buy
9/03,6770,富隆證券,5110,0,400,-400,0.35,9,sell
9/03,6770,元大-花蓮,9856,397,192,205,0.18,10,buy
9/03,6770,群益金鼎-大安,0039003100380065,41,378,-337,0.29,10,sell
9/03,6770,富邦-中壢,9636,421,217,204,0.18,11,buy
9/03,6770,群益金鼎,9100,434,725,-291,0.25,11,sell
9/03,6770,富邦-公益,0039003600310046,524,323,201,0.17,12,buy
9/03,6770,台新,0039004200300030,713,985,-272,0.24,12,sell
9/03,6770,台新-高雄,0039004200310067,411,217,194,0.17,13,buy
9/03,6770,美林,1440,760,974,-214,0.19,13,sell
9/03,6770,元大-成功,003900380039004c,240,46,194,0.17,14,buy
9/03,6770,第一金-中山,5389,16,225,-209,0.18,14,sell
9/03,6770,元大-莒光,003900380031004c,278,85,193,0.17,15,buy
9/03,6770,永豐金-新店,0039004100390069,46,246,-200,0.17,15,sell
9/03,2002,美商高盛,1480,4972,1667,3305,11.59,1,buy
9/03,2002,兆豐-新竹,0037003000300056,1001,2127,-1126,3.95,1,sell
9/03,2002,摩根大通,8440,3804,2168,1636,5.74,2,buy
9/03,2002,臺銀-臺中,0031003000340041,26,763,-737,2.58,2,sell
9/03,2002,新加坡商瑞銀,1650,2224,595,1629,5.71,3,buy
9/03,2002,致和-佳里,7032,0,381,-381,1.34,3,sell
9/03,2002,台灣摩根士丹利,1470,3362,1925,1437,5.04,4,buy
9/03,2002,台新-高雄,0039004200310067,13,388,-375,1.32,4,sell
9/03,2002,港商野村,1560,745,11,734,2.57,5,buy
9/03,2002,富邦-二林,0039003600320042,3,279,-276,0.97,5,sell
9/03,2002,元大證券,9800,1673,1062,611,2.14,6,buy
9/03,2002,國票-九鼎,0037003700390050,36,292,-256,0.9,6,sell
9/03,2002,台新-成功,003900420032006d,510,13,497,1.74,7,buy
9/03,2002,凱基,9200,3,219,-216,0.76,7,sell
9/03,2002,新光-桃園,8565,602,117,485,1.7,8,buy
9/03,2002,國泰-敦南,8888,181,393,-212,0.74,8,sell
9/03,2002,玉山-左營,0038003800340044,420,19,401,1.41,9,buy
9/03,2002,大昌-新竹,6463,0,211,-211,0.74,9,sell
9/03,2002,凱基-台北,9268,1323,1062,261,0.92,10,buy
9/03,2002,康和-台南,8458,0,200,-200,0.7,10,sell
9/03,2002,華南永昌-台南,9306,252,0,252,0.88,11,buy
9/03,2002,土銀-白河,0031003000330043,0,200,-200,0.7,11,sell
9/03,2002,兆豐證券,7000,254,21,233,0.82,12,buy
9/03,2002,國泰-台中,8882,40,233,-193,0.68,12,sell
9/03,2002,第一金-自由,0035003300380045,635,446,189,0.66,13,buy
9/03,2002,元大-雙和,9874,20,192,-172,0.6,13,sell
9/03,2002,富邦-左營,0039003600360046,210,25,185,0.65,14,buy
9/03,2002,新光,8560,164,333,-169,0.59,14,sell
9/03,2002,元大-民雄,0039003800310056,171,3,168,0.59,15,buy
9/03,2002,元大-斗信,9884,5,169,-164,0.58,15,sell
9/03,1301,美商高盛,1480,4336,1495,2841,5.43,1,buy
9/03,1301,元大證券,9800,3334,5400,-2066,3.95,1,sell
9/03,1301,台灣摩根士丹利,1470,4249,1752,2497,4.77,2,buy
9/03,1301,凱基-台北,9268,3072,3956,-884,1.69,2,sell
9/03,1301,摩根大通,8440,2599,458,2141,4.09,3,buy
9/03,1301,群益金鼎,9100,1688,2177,-489,0.93,3,sell
9/03,1301,富邦-新店,9661,1712,240,1472,2.81,4,buy
9/03,1301,亞東-新竹,2184,6,432,-426,0.81,4,sell
9/03,1301,花旗環球,1590,1448,34,1414,2.7,5,buy
9/03,1301,新光-桃園,8565,62,444,-382,0.73,5,sell
9/03,1301,中國信託,6160,1206,131,1075,2.05,6,buy
9/03,1301,中國信託-中壢,0036003100360041,67,420,-353,0.67,6,sell
9/03,1301,新加坡商瑞銀,1650,1408,657,751,1.43,7,buy
9/03,1301,京城,8490,26,243,-217,0.41,7,sell
9/03,1301,港商野村,1560,469,331,138,0.26,8,buy
9/03,1301,台新-宜蘭,0039004200320055,33,248,-215,0.41,8,sell
9/03,1301,第一金-安和,003500330038006a,116,3,113,0.22,9,buy
9/03,1301,國泰-敦南,8888,573,787,-214,0.41,9,sell
9/03,1301,華南永昌-新莊,9305,118,18,100,0.19,10,buy
9/03,1301,兆豐證券,7000,4,218,-214,0.41,10,sell
9/03,1301,凱基-松山,9217,153,61,92,0.18,11,buy
9/03,1301,台新-桃園,0039004200320076,6,210,-204,0.39,11,sell
9/03,1301,富邦-台北,9623,221,147,74,0.14,12,buy
9/03,1301,新光,8560,431,625,-194,0.37,12,sell
9/03,1301,第一金-新竹,0035003300380042,90,16,74,0.14,13,buy
9/03,1301,宏遠證券,1260,11,189,-178,0.34,13,sell
9/03,1301,凱基-彰化,0039003200300047,122,52,70,0.13,14,buy
9/03,1301,凱基-台南,9211,36,199,-163,0.31,14,sell
9/03,1301,美好,5260,75,5,70,0.13,15,buy
9/03,1301,元大-大甲,0039003800390055,75,238,-163,0.31,15,sell
9/03,0052,永豐金證券,0039004100300030,898,156,742,8.11,1,buy
9/03,0052,元大證券,9800,836,1628,-792,8.65,1,sell
9/03,0052,康和,8450,440,10,430,4.7,2,buy
9/03,0052,群益金鼎,9100,84,756,-672,7.34,2,sell
9/03,0052,中國信託,6160,360,23,337,3.68,3,buy
9/03,0052,兆豐證券,7000,5,500,-495,5.41,3,sell
9/03,0052,中國信託-新竹,6165,179,11,168,1.84,4,buy
9/03,0052,凱基,9200,123,429,-306,3.34,4,sell
9/03,0052,統一,5850,168,21,147,1.61,5,buy
9/03,0052,元大-草屯,0039003800390045,5,162,-157,1.72,5,sell
9/03,0052,永豐金-忠孝,0039004100390044,118,3,115,1.26,6,buy
9/03,0052,凱基-台北,9268,396,550,-154,1.68,6,sell
9/03,0052,台新,0039004200300030,150,35,115,1.26,7,buy
9/03,0052,凱基-敦北,9237,1,102,-101,1.1,7,sell
9/03,0052,富邦證券,9600,149,38,111,1.21,8,buy
9/03,0052,元大-竹科,003900380030004b,3,90,-87,0.95,8,sell
9/03,0052,元大-內湖民權,9867,104,1,103,1.13,9,buy
9/03,0052,第一金,5380,48,112,-64,0.7,9,sell
9/03,0052,國泰證券,8880,106,5,101,1.1,10,buy
9/03,0052,元大-南屯,9853,1,59,-58,0.63,10,sell
9/03,0052,富邦-陽明,9604,68,14,54,0.59,11,buy
9/03,0052,元大-汐止,0039003800390051,4,60,-56,0.61,11,sell
9/03,0052,凱基-埔墘,9288,48,0,48,0.52,12,buy
9/03,0052,元大-和平,9863,2,50,-48,0.52,12,sell
9/03,0052,群益金鼎-高雄,9183,51,4,47,0.51,13,buy
9/03,0052,兆豐-大安,003700300030006a,0,47,-47,0.51,13,sell
9/03,0052,臺銀,1040,55,10,45,0.49,14,buy
9/03,0052,富邦-板橋,9655,26,70,-44,0.48,14,sell
9/03,0052,新光-台南,8564,60,22,38,0.42,15,buy
9/03,0052,合庫-鳳山,1029,0,43,-43,0.47,15,sell
9/03,1326,台灣摩根士丹利,1470,6404,2095,4309,5.23,1,buy
9/03,1326,元大-南京,9862,50,1127,-1077,1.31,1,sell
9/03,1326,美商高盛,1480,5434,4015,1419,1.72,2,buy
9/03,1326,新加坡商瑞銀,1650,1518,2487,-969,1.18,2,sell
9/03,1326,凱基-台北,9268,5016,3843,1173,1.42,3,buy
9/03,1326,新光,8560,596,1513,-917,1.11,3,sell
9/03,1326,華南永昌,9300,1140,88,1052,1.28,4,buy
9/03,1326,富邦證券,9600,270,1095,-825,1.0,4,sell
9/03,1326,中國信託,6160,728,205,523,0.63,5,buy
9/03,1326,永豐金-敦北,0039004100380039,36,730,-694,0.84,5,sell
9/03,1326,富邦-敦南,9663,338,36,302,0.37,6,buy
9/03,1326,統一,5850,275,852,-577,0.7,6,sell
9/03,1326,摩根大通,8440,1599,1318,281,0.34,7,buy
9/03,1326,兆豐-虎尾,0037003000300046,193,719,-526,0.64,7,sell
9/03,1326,兆豐-新竹,0037003000300056,306,27,279,0.34,8,buy
9/03,1326,港商麥格理,1360,15,474,-459,0.56,8,sell
9/03,1326,兆豐-鹿港,0037003000300066,277,23,254,0.31,9,buy
9/03,1326,元大-苑裡,0039003800390061,37,411,-374,0.45,9,sell
9/03,1326,富邦-台北,9623,359,106,253,0.31,10,buy
9/03,1326,台新-草屯,0039004200320058,18,281,-263,0.32,10,sell
9/03,1326,玉山-桃園,0038003800340046,300,108,192,0.23,11,buy
9/03,1326,凱基-長庚,9233,154,385,-231,0.28,11,sell
9/03,1326,台新-五權西,0039004200320035,355,189,166,0.2,12,buy
9/03,1326,美林,1440,328,557,-229,0.28,12,sell
9/03,1326,元大-館前,003900380034004b,450,285,165,0.2,13,buy
9/03,1326,華南永昌-淡水,9316,15,220,-205,0.25,13,sell
9/03,1326,港商野村,1560,180,16,164,0.2,14,buy
9/03,1326,花旗環球,1590,67,269,-202,0.25,14,sell
9/03,1326,群益金鼎-大甲,0039003100380067,224,60,164,0.2,15,buy
9/03,1326,元大-敦化,9833,41,241,-200,0.24,15,sell
9/03,2610,台灣摩根士丹利,1470,3510,265,3245,18.91,1,buy
9/03,2610,富邦-桃園,9665,7,702,-695,4.05,1,sell
9/03,2610,凱基-台北,9268,2881,154,2727,15.89,2,buy
9/03,2610,中國信託-高雄,003600310036004b,1,443,-442,2.58,2,sell
9/03,2610,摩根大通,8440,2463,153,2310,13.46,3,buy
9/03,2610,凱基-台南,9211,0,368,-368,2.14,3,sell
9/03,2610,美商高盛,1480,2437,1377,1060,6.18,4,buy
9/03,2610,台新-高雄,0039004200310067,2,336,-334,1.95,4,sell
9/03,2610,花旗環球,1590,766,65,701,4.09,5,buy
9/03,2610,凱基-林口,9257,0,248,-248,1.45,5,sell
9/03,2610,新光,8560,1016,347,669,3.9,6,buy
9/03,2610,華南永昌-中正,9359,0,238,-238,1.39,6,sell
9/03,2610,新加坡商瑞銀,1650,687,376,311,1.81,7,buy
9/03,2610,永全-八德,6452,0,200,-200,1.17,7,sell
9/03,2610,港商野村,1560,217,0,217,1.26,8,buy
9/03,2610,群益金鼎-三重,0039003100330067,1,201,-200,1.17,8,sell
9/03,2610,元大-台北,0039003800300068,100,3,97,0.57,9,buy
9/03,2610,國泰-敦南,8888,67,258,-191,1.11,9,sell
9/03,2610,統一-南京,0035003800350055,70,0,70,0.41,10,buy
9/03,2610,群益金鼎-館前,0039003100330059,0,188,-188,1.1,10,sell
9/03,2610,元大-旗山,003900380031006e,70,3,67,0.39,11,buy
9/03,2610,元大證券,9800,338,522,-184,1.07,11,sell
9/03,2610,台新-世貿,0039004200320075,116,51,65,0.38,12,buy
9/03,2610,康和,8450,0,183,-183,1.07,12,sell
9/03,2610,華南永昌-大安,9307,50,0,50,0.29,13,buy
9/03,2610,大昌-新竹,6463,0,161,-161,0.94,13,sell
9/03,2610,群益金鼎-內湖,0039003100380064,50,0,50,0.29,14,buy
9/03,2610,香港上海匯豐,8960,0,161,-161,0.94,14,sell
9/03,2610,第一金-自由,0035003300380045,59,17,42,0.24,15,buy
9/03,2610,富邦-台南,9667,0,154,-154,0.9,15,sell
9/03,2327,國泰-敦南,8888,1496,975,521,1.52,1,buy
9/03,2327,美商高盛,1480,659,2607,-1948,5.69,1,sell
9/03,2327,港商麥格理,1360,250,0,250,0.73,2,buy
9/03,2327,摩根大通,8440,369,1511,-1142,3.33,2,sell
9/03,2327,凱基-台北,9268,1773,1536,237,0.69,3,buy
9/03,2327,康和,8450,3,1018,-1015,2.96,3,sell
9/03,2327,陽信-石牌,8711,206,10,196,0.57,4,buy
9/03,2327,統一,5850,84,851,-767,2.24,4,sell
9/03,2327,國泰-板橋,003800380038004b,244,104,140,0.41,5,buy
9/03,2327,富邦-新店,9661,107,841,-734,2.14,5,sell
9/03,2327,華南永昌-南京,9326,162,22,140,0.41,6,buy
9/03,2327,元大證券,9800,1804,2502,-698,2.04,6,sell
9/03,2327,華南永昌-台中,9302,150,28,122,0.36,7,buy
9/03,2327,大和國泰,8890,0,555,-555,1.62,7,sell
9/03,2327,國泰-台中,8882,230,121,109,0.32,8,buy
9/03,2327,國泰證券,8880,153,658,-505,1.47,8,sell
9/03,2327,新光,8560,367,261,106,0.31,9,buy
9/03,2327,美林,1440,76,481,-405,1.18,9,sell
9/03,2327,國泰-桃園,8885,162,71,91,0.27,10,buy
9/03,2327,永豐金-匯立,0039004100380031,2,393,-391,1.14,10,sell
9/03,2327,國泰-館前,0038003800380041,153,80,73,0.21,11,buy
9/03,2327,凱基,9200,52,428,-376,1.1,11,sell
9/03,2327,玉山-新莊,8842,103,35,68,0.2,12,buy
9/03,2327,國票-敦北法人,0037003700390063,4,334,-330,0.96,12,sell
9/03,2327,元大-成功,003900380039004c,95,31,64,0.19,13,buy
9/03,2327,新加坡商瑞銀,1650,924,1237,-313,0.91,13,sell
9/03,2327,永豐金-大園,0039004100390038,87,27,60,0.18,14,buy
9/03,2327,永豐金證券,0039004100300030,975,1280,-305,0.89,14,sell
9/03,2327,第一金-台南,5384,116,57,59,0.17,15,buy
9/03,2327,宏遠證券,1260,9,232,-223,0.65,15,sell
9/03,2834,新加坡商瑞銀,1650,13883,8925,4958,4.91,1,buy
9/03,2834,港商麥格理,1360,0,14190,-14190,14.05,1,sell
9/03,2834,台灣摩根士丹利,1470,4709,393,4316,4.27,2,buy
9/03,2834,美商高盛,1480,14469,28269,-13800,13.66,2,sell
9/03,2834,摩根大通,8440,8988,5034,3954,3.91,3,buy
9/03,2834,法銀巴黎,8900,396,6400,-6004,5.94,3,sell
9/03,2834,凱基-台北,9268,4135,989,3146,3.11,4,buy
9/03,2834,港商野村,1560,605,4665,-4060,4.02,4,sell
9/03,2834,第一金-光復,0035003300380043,2157,0,2157,2.14,5,buy
9/03,2834,台新,0039004200300030,320,4078,-3758,3.72,5,sell
9/03,2834,群益金鼎-宜蘭,003900310038007a,2054,1,2053,2.03,6,buy
9/03,2834,元大-林森,0039003800330042,43,1789,-1746,1.73,6,sell
9/03,2834,元大-嘉義,0039003800390067,1709,19,1690,1.67,7,buy
9/03,2834,元大證券,9800,3577,4927,-1350,1.34,7,sell
9/03,2834,國泰-桃園,8885,1942,307,1635,1.62,8,buy
9/03,2834,玉山-新莊,8842,54,858,-804,0.8,8,sell
9/03,2834,國票-南港,7795,1253,0,1253,1.24,9,buy
9/03,2834,華南永昌-敦南,9347,2,800,-798,0.79,9,sell
9/03,2834,永豐金-板新,003900410039004a,1666,506,1160,1.15,10,buy
9/03,2834,臺銀-臺中,0031003000340041,31,500,-469,0.46,10,sell
9/03,2834,國票-長城,0037003700390075,1026,0,1026,1.02,11,buy
9/03,2834,群益金鼎,9100,265,705,-440,0.44,11,sell
9/03,2834,玉山-嘉義,8848,892,70,822,0.81,12,buy
9/03,2834,香港上海匯豐,8960,7,362,-355,0.35,12,sell
9/03,2834,臺銀-臺南,1042,791,19,772,0.76,13,buy
9/03,2834,兆豐-寶成,0037003000300072,21,330,-309,0.31,13,sell
9/03,2834,花旗環球,1590,951,415,536,0.53,14,buy
9/03,2834,凱基-竹北,9234,17,311,-294,0.29,14,sell
9/03,2834,國泰-台中,8882,680,146,534,0.53,15,buy
9/03,2834,大昌-新店,6464,28,318,-290,0.29,15,sell
9/03,6182,國泰-敦南,8888,2042,1392,650,1.34,1,buy
9/03,6182,摩根大通,8440,155,2297,-2142,4.41,1,sell
9/03,6182,富邦-新店,9661,271,38,233,0.48,2,buy
9/03,6182,元大證券,9800,4286,6118,-1832,3.77,2,sell
9/03,6182,永豐金-內湖,0039004100390067,238,29,209,0.43,3,buy
9/03,6182,統一,5850,396,1693,-1297,2.67,3,sell
9/03,6182,第一金-大稻埕,0035003300380046,171,3,168,0.35,4,buy
9/03,6182,台灣摩根士丹利,1470,32,1134,-1102,2.27,4,sell
9/03,6182,凱基-信義,9216,157,1,156,0.32,5,buy
9/03,6182,凱基-台北,9268,3595,4684,-1089,2.24,5,sell
9/03,6182,新光,8560,311,166,145,0.3,6,buy
9/03,6182,凱基,9200,0,934,-934,1.92,6,sell
9/03,6182,國泰-台南,8884,211,67,144,0.3,7,buy
9/03,6182,元大-松江,9801,34,789,-755,1.56,7,sell
9/03,6182,中國信託,6160,268,124,144,0.3,8,buy
9/03,6182,華南永昌,9300,145,893,-748,1.54,8,sell
9/03,6182,國泰-台中,8882,311,185,126,0.26,9,buy
9/03,6182,美林,1440,21,642,-621,1.28,9,sell
9/03,6182,國泰-館前,0038003800380041,261,148,113,0.23,10,buy
9/03,6182,台新-世貿,0039004200320075,151,706,-555,1.14,10,sell
9/03,6182,永豐金-松山,0039004100390031,139,34,105,0.22,11,buy
9/03,6182,國票證券,7790,48,525,-477,0.98,11,sell
9/03,6182,國泰-桃園,8885,205,101,104,0.21,12,buy
9/03,6182,群益金鼎,9100,88,547,-459,0.95,12,sell
9/03,6182,國泰-板橋,003800380038004b,284,183,101,0.21,13,buy
9/03,6182,康和,8450,29,364,-335,0.69,13,sell
9/03,6182,永豐金-台南,0039004100390068,120,22,98,0.2,14,buy
9/03,6182,永豐金證券,0039004100300030,419,698,-279,0.57,14,sell
9/03,6182,台新,0039004200300030,496,398,98,0.2,15,buy
9/03,6182,新加坡商瑞銀,1650,308,582,-274,0.56,15,sell
9/03,3481,港商野村,1560,13610,920,12690,3.47,1,buy
9/03,3481,凱基-站前,0039003200300046,5029,10982,-5953,1.63,1,sell
9/03,3481,美商高盛,1480,17485,7704,9781,2.68,2,buy
9/03,3481,元大證券,9800,30447,35907,-5460,1.49,2,sell
9/03,3481,華南永昌,9300,6534,794,5740,1.57,3,buy
9/03,3481,凱基-台北,9268,26562,29539,-2977,0.81,3,sell
9/03,3481,台灣摩根士丹利,1470,16529,14698,1831,0.5,4,buy
9/03,3481,國泰-敦南,8888,9909,11528,-1619,0.44,4,sell
9/03,3481,摩根大通,8440,3801,1987,1814,0.5,5,buy
9/03,3481,元大-金華,9878,382,1619,-1237,0.34,5,sell
9/03,3481,富邦-永和,9654,3561,1823,1738,0.48,6,buy
9/03,3481,凱基-東港,9212,240,1174,-934,0.26,6,sell
9/03,3481,新加坡商瑞銀,1650,7170,6089,1081,0.3,7,buy
9/03,3481,凱基-台南,9211,568,1301,-733,0.2,7,sell
9/03,3481,玉山證券,8840,1487,860,627,0.17,8,buy
9/03,3481,臺銀,1040,408,875,-467,0.13,8,sell
9/03,3481,元大-東泰,9817,1040,555,485,0.13,9,buy
9/03,3481,永豐金-羅東,0039004100390041,346,809,-463,0.13,9,sell
9/03,3481,玉山-新竹,0038003800340048,740,312,428,0.12,10,buy
9/03,3481,玉山-左營,0038003800340044,432,862,-430,0.12,10,sell
9/03,3481,合庫證券,1020,1203,797,406,0.11,11,buy
9/03,3481,台灣企銀-岡山,1119,13,407,-394,0.11,11,sell
9/03,3481,元大-嘉義,0039003800390067,907,526,381,0.1,12,buy
9/03,3481,台新-大裕,003900420032006c,324,715,-391,0.11,12,sell
9/03,3481,陽信-高雄,8713,335,22,313,0.09,13,buy
9/03,3481,統一-員林,0035003800350049,66,453,-387,0.11,13,sell
9/03,3481,元大-竹科,003900380030004b,816,527,289,0.08,14,buy
9/03,3481,國票-中正,7797,74,461,-387,0.11,14,sell
9/03,3481,群益金鼎-大甲,0039003100380067,517,234,283,0.08,15,buy
9/03,3481,凱基-長庚,9233,472,855,-383,0.1,15,sell
9/03,5904,國泰-敦南,8888,495,174,321,3.07,1,buy
9/03,5904,台灣摩根士丹利,1470,34,1353,-1319,12.6,1,sell
9/03,5904,華南永昌-苗栗,9362,164,1,163,1.56,2,buy
9/03,5904,美商高盛,1480,215,1156,-941,8.99,2,sell
9/03,5904,國泰-板橋,003800380038004b,137,27,110,1.05,3,buy
9/03,5904,新加坡商瑞銀,1650,4,643,-639,6.1,3,sell
9/03,5904,台新,0039004200300030,119,12,107,1.02,4,buy
9/03,5904,凱基-台北,9268,103,713,-610,5.83,4,sell
9/03,5904,新光,8560,95,20,75,0.72,5,buy
9/03,5904,摩根大通,8440,9,607,-598,5.71,5,sell
9/03,5904,富邦-台北,9623,76,3,73,0.7,6,buy
9/03,5904,美林,1440,15,460,-445,4.25,6,sell
9/03,5904,宏遠-館前,0031003200360055,61,0,61,0.58,7,buy
9/03,5904,花旗環球,1590,0,397,-397,3.79,7,sell
9/03,5904,中國信託-文心,6164,69,8,61,0.58,8,buy
9/03,5904,凱基,9200,0,176,-176,1.68,8,sell
9/03,5904,元大-中壢,9834,78,18,60,0.57,9,buy
9/03,5904,港商麥格理,1360,0,175,-175,1.67,9,sell
9/03,5904,國泰-台中,8882,101,41,60,0.57,10,buy
9/03,5904,港商野村,1560,0,118,-118,1.13,10,sell
9/03,5904,富邦-板橋,9655,74,16,58,0.55,11,buy
9/03,5904,元大-基隆,0039003800390059,19,119,-100,0.96,11,sell
9/03,5904,國泰-松江,8883,53,2,51,0.49,12,buy
9/03,5904,凱基-三多,9275,4,94,-90,0.86,12,sell
9/03,5904,香港上海匯豐,8960,49,0,49,0.47,13,buy
9/03,5904,國票-彰化,0037003700390057,8,80,-72,0.69,13,sell
9/03,5904,元大-竹科,003900380030004b,47,1,46,0.44,14,buy
9/03,5904,玉山證券,8840,26,78,-52,0.5,14,sell
9/03,5904,國泰-桃園,8885,58,16,42,0.4,15,buy
9/03,5904,國票證券,7790,8,39,-31,0.3,15,sell
9/03,2492,國泰-敦南,8888,727,435,292,1.31,1,buy
9/03,2492,美商高盛,1480,734,1641,-907,4.07,1,sell
9/03,2492,國泰-台中,8882,204,82,122,0.55,2,buy
9/03,2492,康和,8450,14,882,-868,3.89,2,sell
9/03,2492,永豐金-匯立,0039004100380031,100,0,100,0.45,3,buy
9/03,2492,華南永昌,9300,32,818,-786,3.52,3,sell
9/03,2492,富邦-陽明,9604,125,27,98,0.44,4,buy
9/03,2492,中國信託,6160,63,577,-514,2.3,4,sell
9/03,2492,凱基-站前,0039003200300046,111,26,85,0.38,5,buy
9/03,2492,香港上海匯豐,8960,2,500,-498,2.23,5,sell
9/03,2492,國泰-板橋,003800380038004b,117,47,70,0.31,6,buy
9/03,2492,摩根大通,8440,377,763,-386,1.73,6,sell
9/03,2492,群益金鼎-嘉義,003900310038004d,80,13,67,0.3,7,buy
9/03,2492,港商野村,1560,93,423,-330,1.48,7,sell
9/03,2492,國泰-台南,8884,91,31,60,0.27,8,buy
9/03,2492,統一,5850,46,342,-296,1.33,8,sell
9/03,2492,台新-台中,0039004200310068,115,56,59,0.26,9,buy
9/03,2492,元大-松江,9801,23,309,-286,1.28,9,sell
9/03,2492,凱基-桃園,9208,70,11,59,0.26,10,buy
9/03,2492,台灣摩根士丹利,1470,268,546,-278,1.25,10,sell
9/03,2492,富邦-板橋,9655,123,70,53,0.24,11,buy
9/03,2492,美林,1440,224,498,-274,1.23,11,sell
9/03,2492,凱基-中山,9229,57,5,52,0.23,12,buy
9/03,2492,元大證券,9800,1887,2124,-237,1.06,12,sell
9/03,2492,新光,8560,212,164,48,0.22,13,buy
9/03,2492,國泰證券,8880,10,209,-199,0.89,13,sell
9/03,2492,聯邦-高雄,8581,49,1,48,0.22,14,buy
9/03,2492,台新-北新莊,0039004200320038,6,203,-197,0.88,14,sell
9/03,2492,元大-鹿港,0039003800390053,56,10,46,0.21,15,buy
9/03,2492,兆豐-民生,0037003000300063,11,204,-193,0.87,15,sell
9/03,2344,國泰-敦南,8888,5953,4313,1640,1.02,1,buy
9/03,2344,台灣摩根士丹利,1470,5807,13195,-7388,4.58,1,sell
9/03,2344,美林,1440,3653,2134,1519,0.94,2,buy
9/03,2344,元大證券,9800,12025,18622,-6597,4.09,2,sell
9/03,2344,花旗環球,1590,1726,958,768,0.48,3,buy
9/03,2344,摩根大通,8440,3236,9774,-6538,4.05,3,sell
9/03,2344,永豐金-匯立,0039004100380031,752,47,705,0.44,4,buy
9/03,2344,美商高盛,1480,3099,7455,-4356,2.7,4,sell
9/03,2344,富邦-南屯,9666,659,157,502,0.31,5,buy
9/03,2344,凱基-台北,9268,4970,7963,-2993,1.86,5,sell
9/03,2344,新光,8560,1484,1010,474,0.29,6,buy
9/03,2344,元大-松江,9801,130,3022,-2892,1.79,6,sell
9/03,2344,國泰-台中,8882,1084,651,433,0.27,7,buy
9/03,2344,新加坡商瑞銀,1650,7924,9547,-1623,1.01,7,sell
9/03,2344,台灣企銀-豐原,1118,634,210,424,0.26,8,buy
9/03,2344,港商野村,1560,1079,2563,-1484,0.92,8,sell
9/03,2344,富邦-永和,9654,488,203,285,0.18,9,buy
9/03,2344,富邦證券,9600,351,1607,-1256,0.78,9,sell
9/03,2344,台新,0039004200300030,1125,842,283,0.18,10,buy
9/03,2344,凱基,9200,20,1154,-1134,0.7,10,sell
9/03,2344,兆豐-南京,0037003000300050,527,249,278,0.17,11,buy
9/03,2344,統一,5850,627,1362,-735,0.46,11,sell
9/03,2344,國泰-桃園,8885,675,410,265,0.16,12,buy
9/03,2344,永豐金-信義,0039004100390052,73,766,-693,0.43,12,sell
9/03,2344,國泰-板橋,003800380038004b,904,640,264,0.16,13,buy
9/03,2344,群益金鼎,9100,630,1319,-689,0.43,13,sell
9/03,2344,群益金鼎-台南,9185,311,54,257,0.16,14,buy
9/03,2344,國票-敦北法人,0037003700390063,49,648,-599,0.37,14,sell
9/03,2344,國泰-館前,0038003800380041,569,313,256,0.16,15,buy
9/03,2344,凱基-斗六,9281,339,931,-592,0.37,15,sell
9/03,8069,華南永昌,9300,419,94,325,3.37,1,buy
9/03,8069,美商高盛,1480,504,2817,-2313,24.01,1,sell
9/03,8069,台灣摩根士丹利,1470,653,402,251,2.61,2,buy
9/03,8069,摩根大通,8440,681,1202,-521,5.41,2,sell
9/03,8069,永豐金-內湖,0039004100390067,178,0,178,1.85,3,buy
9/03,8069,花旗環球,1590,72,572,-500,5.19,3,sell
9/03,8069,國泰-敦南,8888,149,28,121,1.26,4,buy
9/03,8069,元大證券,9800,298,714,-416,4.32,4,sell
9/03,8069,元大-館前,003900380034004b,91,0,91,0.94,5,buy
9/03,8069,美林,1440,154,475,-321,3.33,5,sell
9/03,8069,富邦-中壢,9636,92,5,87,0.9,6,buy
9/03,8069,凱基-台北,9268,461,682,-221,2.29,6,sell
9/03,8069,永豐金證券,0039004100300030,102,26,76,0.79,7,buy
9/03,8069,群益金鼎-東門,0039003100380044,7,174,-167,1.73,7,sell
9/03,8069,玉山-嘉義,8848,60,1,59,0.61,8,buy
9/03,8069,新加坡商瑞銀,1650,161,272,-111,1.15,8,sell
9/03,8069,新光,8560,77,19,58,0.6,9,buy
9/03,8069,永豐金-匯立,0039004100380031,0,73,-73,0.76,9,sell
9/03,8069,宏遠-桃園,1262,55,0,55,0.57,10,buy
9/03,8069,群益金鼎-板橋,0039003100380042,2,41,-39,0.4,10,sell
9/03,8069,台新-府城,0039004200320039,53,3,50,0.52,11,buy
9/03,8069,凱基-中港,9202,2,41,-39,0.4,11,sell
9/03,8069,港商野村,1560,241,192,49,0.51,12,buy
9/03,8069,華南永昌-南京,9326,11,49,-38,0.39,12,sell
9/03,8069,凱基-站前,0039003200300046,47,2,45,0.47,13,buy
9/03,8069,凱基-屏東,0039003200320043,1,37,-36,0.37,13,sell
9/03,8069,富邦-仁愛,9676,46,1,45,0.47,14,buy
9/03,8069,富邦-南京,0039003600310043,7,40,-33,0.34,14,sell
9/03,8069,元大-三民,0039003800390046,43,4,39,0.4,15,buy
9/03,8069,華南永昌-台中,9302,7,30,-23,0.24,15,sell
9/03,5388,元大-內湖民權,9867,141,3,138,2.74,1,buy
9/03,5388,美商高盛,1480,17,571,-554,11.02,1,sell
9/03,5388,元大-和平,9863,109,0,109,2.17,2,buy
9/03,5388,新加坡商瑞銀,1650,4,518,-514,10.22,2,sell
9/03,5388,凱基,9200,104,0,104,2.07,3,buy
9/03,5388,台灣摩根士丹利,1470,6,494,-488,9.71,3,sell
9/03,5388,國泰-敦南,8888,110,48,62,1.23,4,buy
9/03,5388,凱基-台北,9268,195,610,-415,8.25,4,sell
9/03,5388,國票-九鼎,0037003700390050,58,1,57,1.13,5,buy
9/03,5388,港商野村,1560,2,262,-260,5.17,5,sell
9/03,5388,凱基-三重,9205,54,0,54,1.07,6,buy
9/03,5388,美林,1440,101,296,-195,3.88,6,sell
9/03,5388,統一-南京,0035003800350055,53,0,53,1.05,7,buy
9/03,5388,摩根大通,8440,10,151,-141,2.8,7,sell
9/03,5388,富邦-羅東,9634,45,0,45,0.89,8,buy
9/03,5388,元大證券,9800,74,194,-120,2.39,8,sell
9/03,5388,凱基-八德,003900320031004d,41,0,41,0.82,9,buy
9/03,5388,兆豐-三民,0037003000300068,1,118,-117,2.33,9,sell
9/03,5388,元大-松江,9801,32,0,32,0.64,10,buy
9/03,5388,元大-民生三民,0039003800390058,13,100,-87,1.73,10,sell
9/03,5388,新光,8560,48,17,31,0.62,11,buy
9/03,5388,統一-士林,003500380035004d,2,60,-58,1.15,11,sell
9/03,5388,台新-佳里,0039004200320077,31,0,31,0.62,12,buy
9/03,5388,花旗環球,1590,8,64,-56,1.11,12,sell
9/03,5388,富邦-新竹,9647,34,3,31,0.62,13,buy
9/03,5388,合庫-自強,0031003000320043,4,49,-45,0.89,13,sell
9/03,5388,元大-樹林,003900380039006a,29,0,29,0.58,14,buy
9/03,5388,富邦-員林,9672,7,50,-43,0.86,14,sell
9/03,5388,兆豐-台南,7006,29,0,29,0.58,15,buy
9/03,5388,台新-烏日,0039004200320063,0,40,-40,0.8,15,sell
9/03,3045,美林,1440,2323,15,2308,17.58,1,buy
9/03,3045,凱基,9200,74,1538,-1464,11.15,1,sell
9/03,3045,凱基-台北,9268,2342,121,2221,16.92,2,buy
9/03,3045,凱基-城中,9227,5,1106,-1101,8.39,2,sell
9/03,3045,台灣摩根士丹利,1470,1897,112,1785,13.59,3,buy
9/03,3045,彰銀,1230,2,900,-898,6.84,3,sell
9/03,3045,永豐金-匯立,0039004100380031,1046,0,1046,7.97,4,buy
9/03,3045,富邦證券,9600,5,700,-695,5.29,4,sell
9/03,3045,花旗環球,1590,843,48,795,6.05,5,buy
9/03,3045,第一金,5380,0,510,-510,3.88,5,sell
9/03,3045,香港上海匯豐,8960,616,1,615,4.68,6,buy
9/03,3045,永豐金證券,0039004100300030,1,507,-506,3.85,6,sell
9/03,3045,元大證券,9800,796,329,467,3.56,7,buy
9/03,3045,台新-台北,0039004200320030,0,410,-410,3.12,7,sell
9/03,3045,摩根大通,8440,755,414,341,2.6,8,buy
9/03,3045,中國信託,6160,0,351,-351,2.67,8,sell
9/03,3045,新加坡商瑞銀,1650,486,356,130,0.99,9,buy
9/03,3045,福邦證券,6480,0,350,-350,2.67,9,sell
9/03,3045,美商高盛,1480,432,338,94,0.72,10,buy
9/03,3045,合庫證券,1020,0,153,-153,1.17,10,sell
9/03,3045,法銀巴黎,8900,57,4,53,0.4,11,buy
9/03,3045,群益金鼎,9100,0,139,-139,1.06,11,sell
9/03,3045,兆豐-桃園,003700300030004d,134,124,10,0.08,12,buy
9/03,3045,新光,8560,0,132,-132,1.01,12,sell
9/03,3045,凱基-中山,9229,4,0,4,0.03,13,buy
9/03,3045,富邦-頭份,0039003600320050,0,120,-120,0.91,13,sell
9/03,3045,玉山-數位,003800380034004d,6,3,3,0.02,14,buy
9/03,3045,聯邦-忠孝,8583,0,90,-90,0.69,14,sell
9/03,3045,富邦-永康,003900360031005a,3,0,3,0.02,15,buy
9/03,3045,元大-員林,9889,1,81,-80,0.61,15,sell
9/03,2027,新光,8560,2125,94,2031,18.36,1,buy
9/03,2027,永豐金證券,0039004100300030,99,534,-435,3.93,1,sell
9/03,2027,凱基-台北,9268,1402,334,1068,9.65,2,buy
9/03,2027,富邦-基隆,9614,3,324,-321,2.9,2,sell
9/03,2027,摩根大通,8440,908,419,489,4.42,3,buy
9/03,2027,台灣摩根士丹利,1470,458,671,-213,1.92,3,sell
9/03,2027,第一金-中山,5389,402,0,402,3.63,4,buy
9/03,2027,第一金-路竹,0035003300380050,0,204,-204,1.84,4,sell
9/03,2027,新加坡商瑞銀,1650,616,256,360,3.25,5,buy
9/03,2027,元大-龍潭,9858,0,191,-191,1.73,5,sell
9/03,2027,永豐金-匯立,0039004100380031,355,0,355,3.21,6,buy
9/03,2027,元大證券,9800,222,408,-186,1.68,6,sell
9/03,2027,美商高盛,1480,846,611,235,2.12,7,buy
9/03,2027,國票-博愛,003700370039007a,3,132,-129,1.17,7,sell
9/03,2027,群益金鼎,9100,223,51,172,1.55,8,buy
9/03,2027,新光-台中,8561,12,127,-115,1.04,8,sell
9/03,2027,元大-竹科,003900380030004b,82,1,81,0.73,9,buy
9/03,2027,玉山-嘉義,8848,1,113,-112,1.01,9,sell
9/03,2027,國泰-敦南,8888,245,164,81,0.73,10,buy
9/03,2027,宏遠-台中,003100320036004c,1,113,-112,1.01,10,sell
9/03,2027,富邦-台南,9667,218,142,76,0.69,11,buy
9/03,2027,元大-中壢,9834,6,111,-105,0.95,11,sell
9/03,2027,美林,1440,117,45,72,0.65,12,buy
9/03,2027,富邦-仁愛,9676,6,93,-87,0.79,12,sell
9/03,2027,元大-金華,9878,81,11,70,0.63,13,buy
9/03,2027,元大-彰化民生,003900380039004a,1,76,-75,0.68,13,sell
9/03,2027,宏遠證券,1260,70,0,70,0.63,14,buy
9/03,2027,玉山-高雄,8843,41,115,-74,0.67,14,sell
9/03,2027,台新-台南,0039004200310036,121,59,62,0.56,15,buy
9/03,2027,富邦-嘉義,9692,0,68,-68,0.61,15,sell
9/03,2889,台灣摩根士丹利,1470,8312,199,8113,18.31,1,buy
9/03,2889,第一金-新興,0035003300380041,71,11647,-11576,26.12,1,sell
9/03,2889,美林,1440,4615,6,4609,10.4,2,buy
9/03,2889,康和-高雄,003800340035004a,51,3370,-3319,7.49,2,sell
9/03,2889,摩根大通,8440,3850,498,3352,7.56,3,buy
9/03,2889,群益金鼎,9100,84,3049,-2965,6.69,3,sell
9/03,2889,凱基-台北,9268,3922,1386,2536,5.72,4,buy
9/03,2889,富邦-新營,9693,12,2471,-2459,5.55,4,sell
9/03,2889,美商高盛,1480,2723,1439,1284,2.9,5,buy
9/03,2889,凱基-竹科,9272,140,2167,-2027,4.57,5,sell
9/03,2889,新光-桃園,8565,1000,25,975,2.2,6,buy
9/03,2889,聯邦-台南,8588,0,2000,-2000,4.51,6,sell
9/03,2889,中國信託-中壢,0036003100360041,1012,102,910,2.05,7,buy
9/03,2889,凱基-三多,9275,1,802,-801,1.81,7,sell
9/03,2889,永豐金證券,0039004100300030,797,51,746,1.68,8,buy
9/03,2889,台新-同大,0039004200320050,8,650,-642,1.45,8,sell
9/03,2889,新光-台中,8561,736,8,728,1.64,9,buy
9/03,2889,華南永昌-台南,9306,5,551,-546,1.23,9,sell
9/03,2889,富邦-青埔,003900360031004e,521,3,518,1.17,10,buy
9/03,2889,富邦-南京,0039003600310043,70,605,-535,1.21,10,sell
9/03,2889,兆豐-來福,0037003000300043,506,5,501,1.13,11,buy
9/03,2889,永豐金-台中,003900410039004c,30,336,-306,0.69,11,sell
9/03,2889,玉山-嘉義,8848,500,10,490,1.11,12,buy
9/03,2889,台新-嘉義,0039004200320049,11,235,-224,0.51,12,sell
9/03,2889,元大證券,9800,2225,1910,315,0.71,13,buy
9/03,2889,新加坡商瑞銀,1650,202,364,-162,0.37,13,sell
9/03,2889,港商野村,1560,291,0,291,0.66,14,buy
9/03,2889,華南永昌-岡山,9324,6,156,-150,0.34,14,sell
9/03,2889,台新-五權西,0039004200320035,396,109,287,0.65,15,buy
9/03,2889,高橋-中壢,5322,0,145,-145,0.33,15,sell
9/03,2409,富邦證券,9600,31889,7630,24259,5.5,1,buy
9/03,2409,凱基,9200,1090,6307,-5217,1.18,1,sell
9/03,2409,台灣摩根士丹利,1470,26879,10870,16009,3.63,2,buy
9/03,2409,富邦-建國,9658,780,3507,-2727,0.62,2,sell
9/03,2409,美商高盛,1480,21417,9601,11816,2.68,3,buy
9/03,2409,國泰-敦南,8888,7268,9740,-2472,0.56,3,sell
9/03,2409,永豐金證券,0039004100300030,8693,4158,4535,1.03,4,buy
9/03,2409,美好-富順,003500320036004b,315,2369,-2054,0.47,4,sell
9/03,2409,台新,0039004200300030,7724,4086,3638,0.83,5,buy
9/03,2409,港商野村,1560,1643,3235,-1592,0.36,5,sell
9/03,2409,新加坡商瑞銀,1650,8363,5067,3296,0.75,6,buy
9/03,2409,台新-新莊,0039004200310039,350,1663,-1313,0.3,6,sell
9/03,2409,凱基-台北,9268,28450,25199,3251,0.74,7,buy
9/03,2409,元大-南京,9862,475,1440,-965,0.22,7,sell
9/03,2409,美林,1440,6017,3220,2797,0.63,8,buy
9/03,2409,元大-豐原站前,0039003800390057,226,1162,-936,0.21,8,sell
9/03,2409,摩根大通,8440,5785,3653,2132,0.48,9,buy
9/03,2409,元大-四維,9831,376,1193,-817,0.19,9,sell
9/03,2409,永豐金-敦南,0039004100380046,2229,310,1919,0.44,10,buy
9/03,2409,統一-松江,003500380035005a,57,792,-735,0.17,10,sell
9/03,2409,群益金鼎,9100,7629,5868,1761,0.4,11,buy
9/03,2409,台新-彰化,003900420032004d,184,904,-720,0.16,11,sell
9/03,2409,統一,5850,2941,1229,1712,0.39,12,buy
9/03,2409,合庫-台中,1021,323,1027,-704,0.16,12,sell
9/03,2409,港商麥格理,1360,1537,0,1537,0.35,13,buy
9/03,2409,凱基-台南,9211,356,1041,-685,0.16,13,sell
9/03,2409,永豐金-忠孝,0039004100390044,1218,199,1019,0.23,14,buy
9/03,2409,元大-內湖民權,9867,121,798,-677,0.15,14,sell
9/03,2409,兆豐-彰化,0037003000300064,1315,372,943,0.21,15,buy
9/03,2409,富邦-南港,0039003600320041,87,742,-655,0.15,15,sell
9/03,2845,台灣摩根士丹利,1470,7657,299,7358,17.28,1,buy
9/03,2845,新光,8560,83,1132,-1049,2.46,1,sell
9/03,2845,美商高盛,1480,5689,246,5443,12.78,2,buy
9/03,2845,國票-安和,003700370039005a,10,862,-852,2.0,2,sell
9/03,2845,新加坡商瑞銀,1650,5888,966,4922,11.56,3,buy
9/03,2845,國泰-敦南,8888,54,687,-633,1.49,3,sell
9/03,2845,凱基-台北,9268,4943,675,4268,10.02,4,buy
9/03,2845,元大-員林中山,9835,2,599,-597,1.4,4,sell
9/03,2845,美林,1440,4291,132,4159,9.77,5,buy
9/03,2845,台新,0039004200300030,27,621,-594,1.4,5,sell
9/03,2845,摩根大通,8440,3032,1004,2028,4.76,6,buy
9/03,2845,兆豐-忠孝,0037003000300061,6,574,-568,1.33,6,sell
9/03,2845,花旗環球,1590,1074,0,1074,2.52,7,buy
9/03,2845,元大-竹科,003900380030004b,4,569,-565,1.33,7,sell
9/03,2845,永豐金證券,0039004100300030,1170,316,854,2.01,8,buy
9/03,2845,亞東,2180,0,530,-530,1.24,8,sell
9/03,2845,港商野村,1560,490,0,490,1.15,9,buy
9/03,2845,元大-高雄,003900380031006d,0,441,-441,1.04,9,sell
9/03,2845,元大-敦化,9833,400,1,399,0.94,10,buy
9/03,2845,富邦-港都,0039003600320051,1,433,-432,1.01,10,sell
9/03,2845,元大-林森,0039003800330042,311,21,290,0.68,11,buy
9/03,2845,華南永昌-大安,9307,0,415,-415,0.97,11,sell
9/03,2845,兆豐-新莊,0037003000300077,198,2,196,0.46,12,buy
9/03,2845,統一-東湖,0035003800350052,1,405,-404,0.95,12,sell
9/03,2845,元大-板橋三民,9879,200,8,192,0.45,13,buy
9/03,2845,聯邦-高雄,8581,3,401,-398,0.93,13,sell
9/03,2845,國泰-忠孝,8887,201,17,184,0.43,14,buy
9/03,2845,華南永昌-板橋,9349,1,393,-392,0.92,14,sell
9/03,2845,凱基-中港,9202,197,43,154,0.36,15,buy
9/03,2845,華南永昌-新莊,9305,1,385,-384,0.9,15,sell
9/03,2408,國泰-敦南,8888,4387,2566,1821,1.47,1,buy
9/03,2408,美商高盛,1480,2604,9803,-7199,5.81,1,sell
9/03,2408,富邦-虎尾,9697,883,36,847,0.68,2,buy
9/03,2408,美林,1440,422,6396,-5974,4.82,2,sell
9/03,2408,新光,8560,1454,812,642,0.52,3,buy
9/03,2408,摩根大通,8440,792,6431,-5639,4.55,3,sell
9/03,2408,永豐金證券,0039004100300030,1897,1331,566,0.46,4,buy
9/03,2408,凱基-台北,9268,3287,8423,-5136,4.15,4,sell
9/03,2408,富邦-公益,0039003600310046,581,68,513,0.41,5,buy
9/03,2408,台灣摩根士丹利,1470,2762,7819,-5057,4.08,5,sell
9/03,2408,國泰-板橋,003800380038004b,753,329,424,0.34,6,buy
9/03,2408,元大證券,9800,10902,14163,-3261,2.63,6,sell
9/03,2408,富邦-永和,9654,463,135,328,0.26,7,buy
9/03,2408,新加坡商瑞銀,1650,3772,6849,-3077,2.48,7,sell
9/03,2408,國泰-高雄,8881,455,192,263,0.21,8,buy
9/03,2408,凱基,9200,44,2101,-2057,1.66,8,sell
9/03,2408,台新,0039004200300030,870,621,249,0.2,9,buy
9/03,2408,凱基-中山,9229,120,1213,-1093,0.88,9,sell
9/03,2408,元大-中壢,9834,387,152,235,0.19,10,buy
9/03,2408,富邦證券,9600,578,1272,-694,0.56,10,sell
9/03,2408,國泰-台中,8882,850,615,235,0.19,11,buy
9/03,2408,康和,8450,59,742,-683,0.55,11,sell
9/03,2408,華南永昌-台中,9302,370,141,229,0.18,12,buy
9/03,2408,元大-松江,9801,328,956,-628,0.51,12,sell
9/03,2408,富邦-台北,9623,617,388,229,0.18,13,buy
9/03,2408,統一,5850,289,808,-519,0.42,13,sell
9/03,2408,兆豐-城中,0037003000300057,248,22,226,0.18,14,buy
9/03,2408,永豐金-信義,0039004100390052,29,409,-380,0.31,14,sell
9/03,2408,永豐金-大園,0039004100390038,311,88,223,0.18,15,buy
9/03,2408,群益金鼎,9100,607,930,-323,0.26,15,sell
9/03,2884,台灣摩根士丹利,1470,27184,2535,24649,25.49,1,buy
9/03,2884,美商高盛,1480,4149,15523,-11374,11.76,1,sell
9/03,2884,國泰證券,8880,4194,511,3683,3.81,2,buy
9/03,2884,摩根大通,8440,4494,11068,-6574,6.8,2,sell
9/03,2884,美林,1440,6578,3126,3452,3.57,3,buy
9/03,2884,新加坡商瑞銀,1650,2648,5339,-2691,2.78,3,sell
9/03,2884,群益金鼎,9100,3403,883,2520,2.61,4,buy
9/03,2884,永豐金-新竹,0039004100390037,130,1853,-1723,1.78,4,sell
9/03,2884,法銀巴黎,8900,2621,162,2459,2.54,5,buy
9/03,2884,玉山證券,8840,93,1329,-1236,1.28,5,sell
9/03,2884,統一,5850,2374,218,2156,2.23,6,buy
9/03,2884,統一-士林,003500380035004d,1,1104,-1103,1.14,6,sell
9/03,2884,香港上海匯豐,8960,1701,15,1686,1.74,7,buy
9/03,2884,港商野村,1560,55,980,-925,0.96,7,sell
9/03,2884,永豐金證券,0039004100300030,1942,424,1518,1.57,8,buy
9/03,2884,凱基-豐中,9223,2,870,-868,0.9,8,sell
9/03,2884,元大證券,9800,8914,7898,1016,1.05,9,buy
9/03,2884,凱基-台北,9268,6056,6855,-799,0.83,9,sell
9/03,2884,凱基-中山,9229,801,93,708,0.73,10,buy
9/03,2884,花旗環球,1590,41,762,-721,0.75,10,sell
9/03,2884,康和,8450,716,138,578,0.6,11,buy
9/03,2884,玉山-板橋,8846,117,644,-527,0.54,11,sell
9/03,2884,元大-彰化,0039003800310047,510,33,477,0.49,12,buy
9/03,2884,美好-楊梅,5262,6,473,-467,0.48,12,sell
9/03,2884,統一-敦南,5852,500,34,466,0.48,13,buy
9/03,2884,玉山-城中,0038003800340045,35,480,-445,0.46,13,sell
9/03,2884,富隆證券,5110,450,0,450,0.47,14,buy
9/03,2884,富邦-陽明,9604,71,459,-388,0.4,14,sell
9/03,2884,台新-建北,0039004200310038,442,18,424,0.44,15,buy
9/03,2884,永豐金-嘉義,003900410039006a,10,392,-382,0.4,15,sell
9/03,1303,台新,0039004200300030,1866,699,1167,1.12,1,buy
9/03,1303,台灣摩根士丹利,1470,4389,7362,-2973,2.86,1,sell
9/03,1303,美林,1440,1195,433,762,0.73,2,buy
9/03,1303,國泰證券,8880,1036,3204,-2168,2.08,2,sell
9/03,1303,元大-復北,9872,1162,572,590,0.57,3,buy
9/03,1303,凱基-信義,9216,23,2148,-2125,2.04,3,sell
9/03,1303,花旗環球,1590,841,265,576,0.55,4,buy
9/03,1303,美商高盛,1480,5592,7481,-1889,1.82,4,sell
9/03,1303,康和,8450,559,41,518,0.5,5,buy
9/03,1303,統一,5850,170,1966,-1796,1.73,5,sell
9/03,1303,國泰-敦南,8888,3040,2545,495,0.48,6,buy
9/03,1303,元大證券,9800,8867,10662,-1795,1.73,6,sell
9/03,1303,摩根大通,8440,3388,3073,315,0.3,7,buy
9/03,1303,國票-敦北法人,0037003700390063,39,990,-951,0.91,7,sell
9/03,1303,永豐金證券,0039004100300030,929,645,284,0.27,8,buy
9/03,1303,新加坡商瑞銀,1650,2675,3541,-866,0.83,8,sell
9/03,1303,康和-台中,8455,348,129,219,0.21,9,buy
9/03,1303,群益金鼎-台北,0039003100380058,549,1404,-855,0.82,9,sell
9/03,1303,宏遠-台南,0031003200360044,221,8,213,0.2,10,buy
9/03,1303,國票-安和,003700370039005a,69,688,-619,0.6,10,sell
9/03,1303,新光,8560,909,717,192,0.18,11,buy
9/03,1303,凱基-台北,9268,4162,4539,-377,0.36,11,sell
9/03,1303,元大-北屯,0039003800390064,200,26,174,0.17,12,buy
9/03,1303,富邦-嘉義,9692,691,1066,-375,0.36,12,sell
9/03,1303,台新-建北,0039004200310038,239,88,151,0.15,13,buy
9/03,1303,台新-台北,0039004200320030,33,358,-325,0.31,13,sell
9/03,1303,富邦-建國,9658,332,181,151,0.15,14,buy
9/03,1303,港商麥格理,1360,30,327,-297,0.29,14,sell
9/03,1303,兆豐-北高雄,0037003000300049,315,167,148,0.14,15,buy
9/03,1303,宏遠-館前,0031003200360055,136,430,-294,0.28,15,sell
9/03,2449,凱基,9200,520,9,511,2.03,1,buy
9/03,2449,台灣摩根士丹利,1470,381,2553,-2172,8.62,1,sell
9/03,2449,國泰-敦南,8888,841,553,288,1.14,2,buy
9/03,2449,摩根大通,8440,345,1640,-1295,5.14,2,sell
9/03,2449,元大-大天母,9893,217,8,209,0.83,3,buy
9/03,2449,凱基-台北,9268,1081,2028,-947,3.76,3,sell
9/03,2449,國泰-板橋,003800380038004b,198,66,132,0.52,4,buy
9/03,2449,美商高盛,1480,644,1502,-858,3.41,4,sell
9/03,2449,新光,8560,223,131,92,0.37,5,buy
9/03,2449,花旗環球,1590,144,852,-708,2.81,5,sell
9/03,2449,玉山-高雄,8843,145,56,89,0.35,6,buy
9/03,2449,香港上海匯豐,8960,0,436,-436,1.73,6,sell
9/03,2449,合庫-高雄,1023,94,5,89,0.35,7,buy
9/03,2449,新加坡商瑞銀,1650,724,1058,-334,1.33,7,sell
9/03,2449,永豐金-竹北,0039004100390050,97,13,84,0.33,8,buy
9/03,2449,美林,1440,70,380,-310,1.23,8,sell
9/03,2449,第一金-路竹,0035003300380050,90,12,78,0.31,9,buy
9/03,2449,統一,5850,73,302,-229,0.91,9,sell
9/03,2449,合庫-西台中,0031003000320046,82,9,73,0.29,10,buy
9/03,2449,凱基-站前,0039003200300046,138,350,-212,0.84,10,sell
9/03,2449,台新-板橋,0039004200320062,79,7,72,0.29,11,buy
9/03,2449,元大-竹科,003900380030004b,17,228,-211,0.84,11,sell
9/03,2449,國泰-桃園,8885,105,35,70,0.28,12,buy
9/03,2449,康和,8450,3,165,-162,0.64,12,sell
9/03,2449,永豐金-市政,0039004100390057,109,39,70,0.28,13,buy
9/03,2449,台新-台中,0039004200310068,87,245,-158,0.63,13,sell
9/03,2449,國泰-台南,8884,103,34,69,0.27,14,buy
9/03,2449,元大-內湖民權,9867,23,176,-153,0.61,14,sell
9/03,2449,永豐金證券,0039004100300030,595,528,67,0.27,15,buy
9/03,2449,港商野村,1560,20,154,-134,0.53,15,sell
9/03,4958,國泰-敦南,8888,1440,947,493,1.2,1,buy
9/03,4958,台灣摩根士丹利,1470,685,4279,-3594,8.77,1,sell
9/03,4958,凱基-台北,9268,1901,1554,347,0.85,2,buy
9/03,4958,摩根大通,8440,267,3017,-2750,6.71,2,sell
9/03,4958,港商麥格理,1360,219,0,219,0.53,3,buy
9/03,4958,美商高盛,1480,497,2908,-2411,5.88,3,sell
9/03,4958,新光,8560,356,182,174,0.42,4,buy
9/03,4958,新加坡商瑞銀,1650,685,1328,-643,1.57,4,sell
9/03,4958,富邦-建國,9658,194,71,123,0.3,5,buy
9/03,4958,群益金鼎,9100,513,1053,-540,1.32,5,sell
9/03,4958,國泰-桃園,8885,278,166,112,0.27,6,buy
9/03,4958,美林,1440,93,559,-466,1.14,6,sell
9/03,4958,中國信託-忠孝,6162,148,37,111,0.27,7,buy
9/03,4958,港商野村,1560,41,451,-410,1.0,7,sell
9/03,4958,國泰-板橋,003800380038004b,234,125,109,0.27,8,buy
9/03,4958,元大證券,9800,4439,4838,-399,0.97,8,sell
9/03,4958,國泰-館前,0038003800380041,202,94,108,0.26,9,buy
9/03,4958,統一,5850,108,425,-317,0.77,9,sell
9/03,4958,國泰-台中,8882,302,196,106,0.26,10,buy
9/03,4958,群益金鼎-忠孝,0039003100380057,28,292,-264,0.64,10,sell
9/03,4958,台新-新店,0039004200320032,103,8,95,0.23,11,buy
9/03,4958,康和,8450,44,248,-204,0.5,11,sell
9/03,4958,富邦-陽明,9604,119,30,89,0.22,12,buy
9/03,4958,法銀巴黎,8900,6,178,-172,0.42,12,sell
9/03,4958,元大-新莊,9898,102,23,79,0.19,13,buy
9/03,4958,花旗環球,1590,13,183,-170,0.41,13,sell
9/03,4958,國泰-新莊,8886,133,56,77,0.19,14,buy
9/03,4958,永豐金證券,0039004100300030,263,421,-158,0.39,14,sell
9/03,4958,台新-台中,0039004200310068,177,103,74,0.18,15,buy
9/03,4958,凱基,9200,60,203,-143,0.35,15,sell
9/03,6919,國泰-敦南,8888,368,138,230,1.98,1,buy
9/03,6919,美商高盛,1480,161,2160,-1999,17.23,1,sell
9/03,6919,元大-大雅,0039003800330069,112,2,110,0.95,2,buy
9/03,6919,摩根大通,8440,277,1187,-910,7.84,2,sell
9/03,6919,兆豐-大同,0037003000300053,90,0,90,0.78,3,buy
9/03,6919,台灣摩根士丹利,1470,134,941,-807,6.96,3,sell
9/03,6919,第一金-忠孝,0035003300380044,73,0,73,0.63,4,buy
9/03,6919,凱基-台北,9268,600,857,-257,2.22,4,sell
9/03,6919,國泰-板橋,003800380038004b,85,19,66,0.57,5,buy
9/03,6919,元大-內湖民權,9867,8,152,-144,1.24,5,sell
9/03,6919,玉山-台中,0038003800340042,68,3,65,0.56,6,buy
9/03,6919,國票-安和,003700370039005a,5,136,-131,1.13,6,sell
9/03,6919,凱基-站前,0039003200300046,70,7,63,0.54,7,buy
9/03,6919,新加坡商瑞銀,1650,11,141,-130,1.12,7,sell
9/03,6919,國泰-台中,8882,90,29,61,0.53,8,buy
9/03,6919,元大-六合,0039003800320043,26,119,-93,0.8,8,sell
9/03,6919,元大-敦化,9833,56,0,56,0.48,9,buy
9/03,6919,國泰證券,8880,3,78,-75,0.65,9,sell
9/03,6919,中國信託-高雄,003600310036004b,54,1,53,0.46,10,buy
9/03,6919,凱基-高雄,9206,9,75,-66,0.57,10,sell
9/03,6919,玉山-雙和,8841,82,30,52,0.45,11,buy
9/03,6919,永豐金證券,0039004100300030,60,117,-57,0.49,11,sell
9/03,6919,臺銀-臺中,0031003000340041,74,25,49,0.42,12,buy
9/03,6919,永豐金-中壢,0039004100390039,9,54,-45,0.39,12,sell
9/03,6919,元大-永和,9891,50,2,48,0.41,13,buy
9/03,6919,華南永昌-淡水,9316,6,50,-44,0.38,13,sell
9/03,6919,中國信託,6160,83,35,48,0.41,14,buy
9/03,6919,元大-旗山,003900380031006e,122,164,-42,0.36,14,sell
9/03,6919,第一金-自由,0035003300380045,65,18,47,0.41,15,buy
9/03,6919,元大-博愛,0039003800320042,11,52,-41,0.35,15,sell
9/03,6005,凱基,9200,1400,0,1400,16.49,1,buy
9/03,6005,摩根大通,8440,871,1850,-979,11.53,1,sell
9/03,6005,台灣摩根士丹利,1470,1275,112,1163,13.7,2,buy
9/03,6005,美林,1440,88,418,-330,3.89,2,sell
9/03,6005,統一-南京,0035003800350055,620,0,620,7.3,3,buy
9/03,6005,凱基-台北,9268,223,508,-285,3.36,3,sell
9/03,6005,兆豐-寶成,0037003000300072,150,1,149,1.75,4,buy
9/03,6005,美商高盛,1480,382,618,-236,2.78,4,sell
9/03,6005,台新-林園,0039004200320037,122,4,118,1.39,5,buy
9/03,6005,中國信託-高雄,003600310036004b,1,165,-164,1.93,5,sell
9/03,6005,元大-竹南,0039003800330056,101,1,100,1.18,6,buy
9/03,6005,富邦證券,9600,2,151,-149,1.75,6,sell
9/03,6005,群益金鼎-新竹,9186,103,13,90,1.06,7,buy
9/03,6005,花旗環球,1590,14,107,-93,1.1,7,sell
9/03,6005,永豐金-古亭,0039004100390064,72,0,72,0.85,8,buy
9/03,6005,群益金鼎-新莊,0039003100380047,0,89,-89,1.05,8,sell
9/03,6005,群益金鼎,9100,97,46,51,0.6,9,buy
9/03,6005,國泰-松江,8883,0,82,-82,0.97,9,sell
9/03,6005,第一金-新興,0035003300380041,50,0,50,0.59,10,buy
9/03,6005,富邦-新竹,9647,6,84,-78,0.92,10,sell
9/03,6005,富邦-高雄,9659,52,3,49,0.58,11,buy
9/03,6005,元大-北屯,0039003800390064,2,76,-74,0.87,11,sell
9/03,6005,永豐金-亞灣,0039004100390061,56,7,49,0.58,12,buy
9/03,6005,陽信,8710,0,65,-65,0.77,12,sell
9/03,6005,新加坡商瑞銀,1650,212,170,42,0.49,13,buy
9/03,6005,兆豐-復興,0037003000300070,4,63,-59,0.69,13,sell
9/03,6005,臺銀-高雄,0031003000340043,41,4,37,0.44,14,buy
9/03,6005,中國信託-忠孝,6162,2,59,-57,0.67,14,sell
9/03,6005,第一金-頭份,0035003300380049,32,3,29,0.34,15,buy
9/03,6005,宏遠-桃園,1262,30,85,-55,0.65,15,sell
9/03,5483,台灣摩根士丹利,1470,1581,392,1189,6.71,1,buy
9/03,5483,元大證券,9800,2152,2454,-302,1.71,1,sell
9/03,5483,美商高盛,1480,963,363,600,3.39,2,buy
9/03,5483,新光,8560,125,365,-240,1.36,2,sell
9/03,5483,美林,1440,606,109,497,2.81,3,buy
9/03,5483,國泰證券,8880,0,199,-199,1.12,3,sell
9/03,5483,港商麥格理,1360,717,253,464,2.62,4,buy
9/03,5483,摩根大通,8440,327,521,-194,1.1,4,sell
9/03,5483,凱基-台北,9268,1415,1144,271,1.53,5,buy
9/03,5483,永豐金證券,0039004100300030,71,241,-170,0.96,5,sell
9/03,5483,港商野村,1560,210,30,180,1.02,6,buy
9/03,5483,國票-九鼎,0037003700390050,10,122,-112,0.63,6,sell
9/03,5483,凱基-高雄,9206,82,4,78,0.44,7,buy
9/03,5483,富邦-台北,9623,56,137,-81,0.46,7,sell
9/03,5483,兆豐-大同,0037003000300053,62,4,58,0.33,8,buy
9/03,5483,國泰-敦南,8888,415,494,-79,0.45,8,sell
9/03,5483,中國信託-忠孝,6162,103,49,54,0.3,9,buy
9/03,5483,兆豐證券,7000,3,70,-67,0.38,9,sell
9/03,5483,玉山-城中,0038003800340045,112,64,48,0.27,10,buy
9/03,5483,元大-豐原,9838,7,65,-58,0.33,10,sell
9/03,5483,富邦-台南,9667,69,25,44,0.25,11,buy
9/03,5483,富邦-竹科,0039003600320043,11,65,-54,0.3,11,sell
9/03,5483,花旗環球,1590,43,1,42,0.24,12,buy
9/03,5483,兆豐-公益,003700300030004a,3,55,-52,0.29,12,sell
9/03,5483,新加坡商瑞銀,1650,702,661,41,0.23,13,buy
9/03,5483,國泰-板橋,003800380038004b,34,84,-50,0.28,13,sell
9/03,5483,永豐金-羅東,0039004100390041,65,32,33,0.19,14,buy
9/03,5483,土銀,1030,8,54,-46,0.26,14,sell
9/03,5483,統一-城中,5854,112,84,28,0.16,15,buy
9/03,5483,國票-台中,0037003700390076,49,95,-46,0.26,15,sell
9/03,3702,元大證券,9800,1646,978,668,6.6,1,buy
9/03,3702,國泰證券,8880,3,443,-440,4.35,1,sell
9/03,3702,大和國泰,8890,398,0,398,3.93,2,buy
9/03,3702,台灣摩根士丹利,1470,882,1272,-390,3.85,2,sell
9/03,3702,新加坡商瑞銀,1650,766,562,204,2.02,3,buy
9/03,3702,凱基-台北,9268,399,649,-250,2.47,3,sell
9/03,3702,美商高盛,1480,720,525,195,1.93,4,buy
9/03,3702,富邦-港都,0039003600320051,0,225,-225,2.22,4,sell
9/03,3702,永豐金證券,0039004100300030,199,55,144,1.42,5,buy
9/03,3702,台新,0039004200300030,89,300,-211,2.08,5,sell
9/03,3702,華南永昌,9300,158,34,124,1.23,6,buy
9/03,3702,摩根大通,8440,462,592,-130,1.28,6,sell
9/03,3702,康和-屏東,0038003400350058,123,6,117,1.16,7,buy
9/03,3702,美林,1440,33,153,-120,1.19,7,sell
9/03,3702,元大-內湖民權,9867,127,12,115,1.14,8,buy
9/03,3702,(牛牛牛)亞-鑫豐,0036003000310064,120,218,-98,0.97,8,sell
9/03,3702,元大-成功,003900380039004c,112,1,111,1.1,9,buy
9/03,3702,台新-松江,0039004200310035,11,106,-95,0.94,9,sell
9/03,3702,凱基-內湖,9287,101,2,99,0.98,10,buy
9/03,3702,凱基-城中,9227,1,93,-92,0.91,10,sell
9/03,3702,群益金鼎-中壢,0039003100380041,92,1,91,0.9,11,buy
9/03,3702,富邦-花蓮,9621,0,92,-92,0.91,11,sell
9/03,3702,合庫-自強,0031003000320043,84,1,83,0.82,12,buy
9/03,3702,富邦證券,9600,44,118,-74,0.73,12,sell
9/03,3702,元大-員林中山,9835,76,2,74,0.73,13,buy
9/03,3702,凱基-站前,0039003200300046,0,71,-71,0.7,13,sell
9/03,3702,元大-善化,0039003800310079,75,4,71,0.7,14,buy
9/03,3702,永豐金-敦南,0039004100380046,24,80,-56,0.55,14,sell
9/03,3702,中國信託,6160,87,24,63,0.62,15,buy
9/03,3702,富邦-竹北,9624,4,53,-49,0.48,15,sell
9/03,1409,港商野村,1560,946,575,371,1.61,1,buy
9/03,1409,摩根大通,8440,281,1481,-1200,5.21,1,sell
9/03,1409,國泰-敦南,8888,455,263,192,0.83,2,buy
9/03,1409,凱基-台北,9268,593,1420,-827,3.59,2,sell
9/03,1409,統一-台中,5856,161,8,153,0.66,3,buy
9/03,1409,美商高盛,1480,958,1760,-802,3.48,3,sell
9/03,1409,統一,5850,216,71,145,0.63,4,buy
9/03,1409,台灣摩根士丹利,1470,1130,1909,-779,3.38,4,sell
9/03,1409,中國信託-文心,6164,143,7,136,0.59,5,buy
9/03,1409,永豐金-天母,0039004100390047,44,426,-382,1.66,5,sell
9/03,1409,台新-板橋,0039004200320062,129,2,127,0.55,6,buy
9/03,1409,美林,1440,77,399,-322,1.4,6,sell
9/03,1409,土銀-新竹,1035,111,0,111,0.48,7,buy
9/03,1409,富邦證券,9600,117,316,-199,0.86,7,sell
9/03,1409,元大-竹山,0039003800310052,118,11,107,0.46,8,buy
9/03,1409,華南永昌-岡山,9324,35,227,-192,0.83,8,sell
9/03,1409,國票-博愛,003700370039007a,101,0,101,0.44,9,buy
9/03,1409,永豐金證券,0039004100300030,498,657,-159,0.69,9,sell
9/03,1409,元大-沙鹿,0039003800300064,125,28,97,0.42,10,buy
9/03,1409,台新-北新莊,0039004200320038,2,155,-153,0.66,10,sell
9/03,1409,美好,5260,90,0,90,0.39,11,buy
9/03,1409,花旗環球,1590,6,132,-126,0.55,11,sell
9/03,1409,合庫-彰化,1028,110,26,84,0.36,12,buy
9/03,1409,永豐金-市政,0039004100390057,92,217,-125,0.54,12,sell
9/03,1409,富邦-新竹,9647,97,14,83,0.36,13,buy
9/03,1409,凱基-三峽,0039003200310045,7,116,-109,0.47,13,sell
9/03,1409,元大-永春,9852,92,11,81,0.35,14,buy
9/03,1409,華南永昌-虎尾,9377,12,110,-98,0.43,14,sell
9/03,1409,(牛牛牛)亞-鑫豐,0036003000310064,168,87,81,0.35,15,buy
9/03,1409,永豐金-大園,0039004100390038,10,106,-96,0.42,15,sell
9/03,3036,摩根大通,8440,1040,158,882,5.81,1,buy
9/03,3036,美商高盛,1480,475,1769,-1294,8.53,1,sell
9/03,3036,元大-復北,9872,513,0,513,3.38,2,buy
9/03,3036,法銀巴黎,8900,47,1188,-1141,7.52,2,sell
9/03,3036,國泰證券,8880,437,1,436,2.87,3,buy
9/03,3036,元大證券,9800,1374,2264,-890,5.87,3,sell
9/03,3036,永豐金證券,0039004100300030,469,106,363,2.39,4,buy
9/03,3036,新加坡商瑞銀,1650,849,1241,-392,2.58,4,sell
9/03,3036,永豐金-竹科,0039004100390058,308,5,303,2.0,5,buy
9/03,3036,台灣摩根士丹利,1470,966,1300,-334,2.2,5,sell
9/03,3036,富邦-竹北,9624,190,31,159,1.05,6,buy
9/03,3036,港商麥格理,1360,0,283,-283,1.87,6,sell
9/03,3036,花旗環球,1590,611,467,144,0.95,7,buy
9/03,3036,凱基-台北,9268,727,945,-218,1.44,7,sell
9/03,3036,國泰-台南,8884,131,12,119,0.78,8,buy
9/03,3036,富邦-板橋,9655,20,206,-186,1.23,8,sell
9/03,3036,凱基-永華,9235,102,0,102,0.67,9,buy
9/03,3036,港商野村,1560,168,337,-169,1.11,9,sell
9/03,3036,華南永昌-淡水,9316,102,15,87,0.57,10,buy
9/03,3036,美林,1440,111,251,-140,0.92,10,sell
9/03,3036,美好-市政,003500320036004d,80,0,80,0.53,11,buy
9/03,3036,元大-景美,0039003800340048,4,112,-108,0.71,11,sell
9/03,3036,永豐金-忠孝,0039004100390044,72,3,69,0.45,12,buy
9/03,3036,富邦證券,9600,371,449,-78,0.51,12,sell
9/03,3036,元大-雙和,9874,81,16,65,0.43,13,buy
9/03,3036,富邦-仁愛,9676,71,133,-62,0.41,13,sell
9/03,3036,國票-長城,0037003700390075,60,2,58,0.38,14,buy
9/03,3036,元大-彰化民生,003900380039004a,4,52,-48,0.32,14,sell
9/03,3036,國泰-敦南,8888,200,145,55,0.36,15,buy
9/03,3036,日茂-南投,5962,0,40,-40,0.26,15,sell
9/03,2332,摩根大通,8440,792,89,703,4.2,1,buy
9/03,2332,台灣摩根士丹利,1470,661,1460,-799,4.77,1,sell
9/03,2332,凱基-台北,9268,1421,779,642,3.83,2,buy
9/03,2332,美商高盛,1480,445,1126,-681,4.06,2,sell
9/03,2332,美林,1440,423,210,213,1.27,3,buy
9/03,2332,元大-金門,003900380031004e,5,600,-595,3.55,3,sell
9/03,2332,花旗環球,1590,218,11,207,1.24,4,buy
9/03,2332,台新-五權西,0039004200320035,2,556,-554,3.31,4,sell
9/03,2332,凱基-和平,9255,1206,1006,200,1.19,5,buy
9/03,2332,國泰-敦南,8888,216,438,-222,1.32,5,sell
9/03,2332,凱基-彰化,0039003200300047,145,19,126,0.75,6,buy
9/03,2332,元大-彰化民生,003900380039004a,28,235,-207,1.24,6,sell
9/03,2332,元大-館前,003900380034004b,107,6,101,0.6,7,buy
9/03,2332,康和,8450,0,199,-199,1.19,7,sell
9/03,2332,兆豐-台中港,7005,115,23,92,0.55,8,buy
9/03,2332,華南永昌-彰化,9363,125,301,-176,1.05,8,sell
9/03,2332,新光-台中,8561,162,72,90,0.54,9,buy
9/03,2332,元大證券,9800,726,858,-132,0.79,9,sell
9/03,2332,元大-永康,9829,108,25,83,0.5,10,buy
9/03,2332,永豐金證券,0039004100300030,48,162,-114,0.68,10,sell
9/03,2332,光和-溪湖,6381,79,2,77,0.46,11,buy
9/03,2332,中國信託-松江,6167,1101,1200,-99,0.59,11,sell
9/03,2332,永豐金-桃盛,003900410039004e,67,1,66,0.39,12,buy
9/03,2332,永豐金-市政,0039004100390057,114,206,-92,0.55,12,sell
9/03,2332,兆豐-新營,003700300030004b,66,12,54,0.32,13,buy
9/03,2332,國票-中港,003700370039006d,0,73,-73,0.44,13,sell
9/03,2332,群益金鼎-崇德,0039003100330055,52,1,51,0.3,14,buy
9/03,2332,凱基-城中,9227,13,82,-69,0.41,14,sell
9/03,2332,高橋,5320,55,5,50,0.3,15,buy
9/03,2332,第一金-新竹,0035003300380042,43,111,-68,0.41,15,sell
9/03,6239,凱基,9200,815,8,807,8.5,1,buy
9/03,6239,台灣摩根士丹利,1470,387,572,-185,1.95,1,sell
9/03,6239,群益金鼎-新竹,9186,446,4,442,4.66,2,buy
9/03,6239,花旗環球,1590,2,174,-172,1.81,2,sell
9/03,6239,群益金鼎-永和,003900310038004a,146,22,124,1.31,3,buy
9/03,6239,中國信託,6160,14,161,-147,1.55,3,sell
9/03,6239,富邦-二林,0039003600320042,67,2,65,0.68,4,buy
9/03,6239,群益金鼎,9100,35,176,-141,1.49,4,sell
9/03,6239,凱基-台北,9268,333,300,33,0.35,5,buy
9/03,6239,新加坡商瑞銀,1650,221,338,-117,1.23,5,sell
9/03,6239,香港上海匯豐,8960,31,0,31,0.33,6,buy
9/03,6239,玉山證券,8840,19,120,-101,1.06,6,sell
9/03,6239,摩根大通,8440,345,318,27,0.28,7,buy
9/03,6239,美商高盛,1480,810,904,-94,0.99,7,sell
9/03,6239,元大-大天母,9893,70,45,25,0.26,8,buy
9/03,6239,華南永昌-台中,9302,8,58,-50,0.53,8,sell
9/03,6239,第一金-路竹,0035003300380050,40,15,25,0.26,9,buy
9/03,6239,台新-大裕,003900420032006c,3,48,-45,0.47,9,sell
9/03,6239,統一-東湖,0035003800350052,289,265,24,0.25,10,buy
9/03,6239,國泰-敦南,8888,145,190,-45,0.47,10,sell
9/03,6239,國票-中正,7797,31,8,23,0.24,11,buy
9/03,6239,富邦-台北,9623,32,73,-41,0.43,11,sell
9/03,6239,元大-萬華,0039003800310071,24,3,21,0.22,12,buy
9/03,6239,美林,1440,108,139,-31,0.33,12,sell
9/03,6239,凱基-高雄,9206,30,11,19,0.2,13,buy
9/03,6239,凱基-士林,9238,1,31,-30,0.32,13,sell
9/03,6239,富邦-公益,0039003600310046,30,12,18,0.19,14,buy
9/03,6239,第一金-高雄,5383,8,32,-24,0.25,14,sell
9/03,6239,元大-仁愛,003900380033006a,25,7,18,0.19,15,buy
9/03,6239,永豐金證券,0039004100300030,77,100,-23,0.24,15,sell
9/03,6505,國泰證券,8880,2290,57,2233,8.1,1,buy
9/03,6505,美商高盛,1480,647,4584,-3937,14.29,1,sell
9/03,6505,元大證券,9800,3261,1276,1985,7.2,2,buy
9/03,6505,台灣摩根士丹利,1470,1094,3354,-2260,8.2,2,sell
9/03,6505,富邦證券,9600,1343,191,1152,4.18,3,buy
9/03,6505,兆豐-忠孝,0037003000300061,23,511,-488,1.77,3,sell
9/03,6505,凱基,9200,1073,113,960,3.48,4,buy
9/03,6505,美好-蘆洲,5261,19,487,-468,1.7,4,sell
9/03,6505,統一,5850,438,47,391,1.42,5,buy
9/03,6505,新加坡商瑞銀,1650,500,893,-393,1.43,5,sell
9/03,6505,永豐金證券,0039004100300030,629,318,311,1.13,6,buy
9/03,6505,摩根大通,8440,942,1335,-393,1.43,6,sell
9/03,6505,大和國泰,8890,289,0,289,1.05,7,buy
9/03,6505,美林,1440,89,285,-196,0.71,7,sell
9/03,6505,新光,8560,453,183,270,0.98,8,buy
9/03,6505,香港上海匯豐,8960,0,128,-128,0.46,8,sell
9/03,6505,玉山證券,8840,228,50,178,0.65,9,buy
9/03,6505,法銀巴黎,8900,0,120,-120,0.44,9,sell
9/03,6505,元大-員林,9889,147,7,140,0.51,10,buy
9/03,6505,台新-中壢,0039004200310079,12,117,-105,0.38,10,sell
9/03,6505,富邦-北港,0039003600390043,147,30,117,0.42,11,buy
9/03,6505,國泰-敦南,8888,399,501,-102,0.37,11,sell
9/03,6505,凱基-站前,0039003200300046,178,63,115,0.42,12,buy
9/03,6505,富邦-屏東,0039003600310059,9,111,-102,0.37,12,sell
9/03,6505,華南永昌,9300,132,20,112,0.41,13,buy
9/03,6505,元大-小港,003900380039005a,11,111,-100,0.36,13,sell
9/03,6505,凱基-鳳山,9274,182,72,110,0.4,14,buy
9/03,6505,兆豐-新莊,0037003000300077,4,97,-93,0.34,14,sell
9/03,6505,亞東-新竹,2184,107,3,104,0.38,15,buy
9/03,6505,富邦-高雄,9659,33,119,-86,0.31,15,sell
9/03,2885,摩根大通,8440,7715,1664,6051,16.89,1,buy
9/03,2885,永興-台中,5603,0,2004,-2004,5.59,1,sell
9/03,2885,美商高盛,1480,3541,310,3231,9.02,2,buy
9/03,2885,華南永昌,9300,0,1274,-1274,3.56,2,sell
9/03,2885,美林,1440,3787,817,2970,8.29,3,buy
9/03,2885,玉山證券,8840,37,866,-829,2.31,3,sell
9/03,2885,新加坡商瑞銀,1650,3790,926,2864,8.0,4,buy
9/03,2885,元大-內湖,003900380039004e,2,551,-549,1.53,4,sell
9/03,2885,中國信託,6160,2202,77,2125,5.93,5,buy
9/03,2885,台新,0039004200300030,113,643,-530,1.48,5,sell
9/03,2885,兆豐證券,7000,1000,13,987,2.76,6,buy
9/03,2885,台新-五權西,0039004200320035,4,512,-508,1.42,6,sell
9/03,2885,元大證券,9800,1754,982,772,2.16,7,buy
9/03,2885,凱基,9200,218,700,-482,1.35,7,sell
9/03,2885,凱基-台北,9268,2076,1326,750,2.09,8,buy
9/03,2885,國泰-敦南,8888,95,547,-452,1.26,8,sell
9/03,2885,元大-台北,0039003800300068,668,22,646,1.8,9,buy
9/03,2885,美好-市政,003500320036004d,3,275,-272,0.76,9,sell
9/03,2885,花旗環球,1590,971,627,344,0.96,10,buy
9/03,2885,新光,8560,11,282,-271,0.76,10,sell
9/03,2885,國票-敦北法人,0037003700390063,326,17,309,0.86,11,buy
9/03,2885,元大-仁愛,003900380033006a,5,243,-238,0.66,11,sell
9/03,2885,台灣摩根士丹利,1470,3590,3300,290,0.81,12,buy
9/03,2885,元大-忠孝,9871,3,212,-209,0.58,12,sell
9/03,2885,國票證券,7790,235,9,226,0.63,13,buy
9/03,2885,華南永昌-竹北,9339,0,201,-201,0.56,13,sell
9/03,2885,富隆證券,5110,200,0,200,0.56,14,buy
9/03,2885,國票-南京,003700370039006e,0,201,-201,0.56,14,sell
9/03,2885,法銀巴黎,8900,242,53,189,0.53,15,buy
9/03,2885,元大-北屯,0039003800390064,4,187,-183,0.51,15,sell
9/03,2890,美商高盛,1480,3630,116,3514,13.49,1,buy
9/03,2890,凱基-台北,9268,957,5771,-4814,18.49,1,sell
9/03,2890,摩根大通,8440,4604,1354,3250,12.48,2,buy
9/03,2890,第一金-高雄,5383,0,1503,-1503,5.77,2,sell
9/03,2890,台灣摩根士丹利,1470,4268,1385,2883,11.07,3,buy
9/03,2890,群益金鼎-古亭,0039003100380043,20,1201,-1181,4.53,3,sell
9/03,2890,台新,0039004200300030,2191,70,2121,8.14,4,buy
9/03,2890,花旗環球,1590,44,1181,-1137,4.37,4,sell
9/03,2890,元大證券,9800,3297,1647,1650,6.34,5,buy
9/03,2890,港商麥格理,1360,0,1011,-1011,3.88,5,sell
9/03,2890,港商野村,1560,754,7,747,2.87,6,buy
9/03,2890,富邦證券,9600,12,348,-336,1.29,6,sell
9/03,2890,新加坡商瑞銀,1650,1808,1143,665,2.55,7,buy
9/03,2890,第一金-忠孝,0035003300380044,2,300,-298,1.14,7,sell
9/03,2890,美林,1440,700,537,163,0.63,8,buy
9/03,2890,法銀巴黎,8900,218,472,-254,0.98,8,sell
9/03,2890,元大-斗信,9884,111,0,111,0.43,9,buy
9/03,2890,永豐金證券,0039004100300030,176,344,-168,0.65,9,sell
9/03,2890,土銀-玉里,1036,90,0,90,0.35,10,buy
9/03,2890,國泰證券,8880,11,170,-159,0.61,10,sell
9/03,2890,元大-大甲,0039003800390055,70,2,68,0.26,11,buy
9/03,2890,國泰-敦南,8888,81,207,-126,0.48,11,sell
9/03,2890,富邦-青埔,003900360031004e,53,3,50,0.19,12,buy
9/03,2890,玉山證券,8840,26,151,-125,0.48,12,sell
9/03,2890,元大-屏南,0039003800310072,60,11,49,0.19,13,buy
9/03,2890,新光,8560,24,133,-109,0.42,13,sell
9/03,2890,大昌-樹林,6461,46,0,46,0.18,14,buy
9/03,2890,華南永昌-鳳山,9331,1,105,-104,0.4,14,sell
9/03,2890,永豐金-匯立,0039004100380031,45,0,45,0.17,15,buy
9/03,2890,元大-善化,0039003800310079,1,104,-103,0.4,15,sell
9/03,5880,美商高盛,1480,7346,239,7107,21.87,1,buy
9/03,5880,永豐金證券,0039004100300030,111,2470,-2359,7.26,1,sell
9/03,5880,台灣摩根士丹利,1470,6698,213,6485,19.96,2,buy
9/03,5880,摩根大通,8440,2158,4033,-1875,5.77,2,sell
9/03,5880,新加坡商瑞銀,1650,2679,1156,1523,4.69,3,buy
9/03,5880,凱基-台北,9268,1198,1975,-777,2.39,3,sell
9/03,5880,玉山-景美,8849,801,10,791,2.43,4,buy
9/03,5880,合庫-嘉義,1024,73,612,-539,1.66,4,sell
9/03,5880,港商野村,1560,672,2,670,2.06,5,buy
9/03,5880,合庫-西台中,0031003000320046,0,507,-507,1.56,5,sell
9/03,5880,元大證券,9800,1702,1103,599,1.84,6,buy
9/03,5880,土銀,1030,0,409,-409,1.26,6,sell
9/03,5880,法銀巴黎,8900,444,6,438,1.35,7,buy
9/03,5880,國泰-敦南,8888,145,514,-369,1.14,7,sell
9/03,5880,富邦-板橋,9655,262,34,228,0.7,8,buy
9/03,5880,富邦-新竹,9647,11,376,-365,1.12,8,sell
9/03,5880,花旗環球,1590,376,166,210,0.65,9,buy
9/03,5880,合庫證券,1020,60,395,-335,1.03,9,sell
9/03,5880,元大-員林中山,9835,221,20,201,0.62,10,buy
9/03,5880,華南永昌-鶯歌,9319,1,316,-315,0.97,10,sell
9/03,5880,兆豐-埔墘,003700300030004e,200,0,200,0.62,11,buy
9/03,5880,凱基-埔墘,9288,0,301,-301,0.93,11,sell
9/03,5880,土銀-花蓮,1037,200,8,192,0.59,12,buy
9/03,5880,國泰-板橋,003800380038004b,25,303,-278,0.86,12,sell
9/03,5880,富邦-南屯,9666,180,1,179,0.55,13,buy
9/03,5880,元大-小港,003900380039005a,2,226,-224,0.69,13,sell
9/03,5880,康和-仁愛,0038003400350046,112,3,109,0.34,14,buy
9/03,5880,元大-頭份,0039003800330055,6,209,-203,0.62,14,sell
9/03,5880,永豐金-市政,0039004100390057,143,37,106,0.33,15,buy
9/03,5880,群益金鼎-民權,9131,0,202,-202,0.62,15,sell
9/03,2880,美商高盛,1480,3719,448,3271,20.14,1,buy
9/03,2880,元大證券,9800,708,2875,-2167,13.34,1,sell
9/03,2880,台灣摩根士丹利,1470,2661,276,2385,14.68,2,buy
9/03,2880,美林,1440,620,2590,-1970,12.13,2,sell
9/03,2880,法銀巴黎,8900,2077,35,2042,12.57,3,buy
9/03,2880,土銀,1030,0,830,-830,5.11,3,sell
9/03,2880,摩根大通,8440,1656,684,972,5.98,4,buy
9/03,2880,台灣企銀,1110,0,525,-525,3.23,4,sell
9/03,2880,凱基-台北,9268,1728,862,866,5.33,5,buy
9/03,2880,花旗環球,1590,12,362,-350,2.15,5,sell
9/03,2880,兆豐-台中港,7005,100,1,99,0.61,6,buy
9/03,2880,國泰證券,8880,4,170,-166,1.02,6,sell
9/03,2880,統一,5850,97,12,85,0.52,7,buy
9/03,2880,中國信託-三重,6161,0,125,-125,0.77,7,sell
9/03,2880,凱基-員林,9231,55,7,48,0.3,8,buy
9/03,2880,中國信託,6160,0,120,-120,0.74,8,sell
9/03,2880,凱基-中壢,9285,50,6,44,0.27,9,buy
9/03,2880,玉山-高雄,8843,1,108,-107,0.66,9,sell
9/03,2880,兆豐-松德,0037003000300069,38,0,38,0.23,10,buy
9/03,2880,國泰-敦南,8888,50,151,-101,0.62,10,sell
9/03,2880,群益金鼎-海山,9108,31,0,31,0.19,11,buy
9/03,2880,台新,0039004200300030,5,88,-83,0.51,11,sell
9/03,2880,國泰-板橋,003800380038004b,44,14,30,0.18,12,buy
9/03,2880,永豐金證券,0039004100300030,157,234,-77,0.47,12,sell
9/03,2880,富邦-岡山,9616,180,151,29,0.18,13,buy
9/03,2880,永豐金-板盛,0039004100390059,0,70,-70,0.43,13,sell
9/03,2880,元大-佳里,0039003800310065,30,1,29,0.18,14,buy
9/03,2880,玉山-大里,003800380034004a,1,64,-63,0.39,14,sell
9/03,2880,華南永昌-淡水,9316,42,17,25,0.15,15,buy
9/03,2880,華南永昌-彰化,9363,4,65,-61,0.38,15,sell
9/03,4938,統一,5850,1273,34,1239,13.62,1,buy
9/03,4938,港商野村,1560,3,1474,-1471,16.17,1,sell
9/03,4938,港商麥格理,1360,971,0,971,10.67,2,buy
9/03,4938,美商高盛,1480,309,1278,-969,10.65,2,sell
9/03,4938,花旗環球,1590,668,50,618,6.79,3,buy
9/03,4938,台灣摩根士丹利,1470,255,1213,-958,10.53,3,sell
9/03,4938,富邦證券,9600,616,41,575,6.32,4,buy
9/03,4938,摩根大通,8440,164,813,-649,7.13,4,sell
9/03,4938,兆豐證券,7000,454,9,445,4.89,5,buy
9/03,4938,美林,1440,2,409,-407,4.47,5,sell
9/03,4938,香港上海匯豐,8960,415,2,413,4.54,6,buy
9/03,4938,凱基-台北,9268,257,617,-360,3.96,6,sell
9/03,4938,合庫-新竹,0031003000320041,115,0,115,1.26,7,buy
9/03,4938,新加坡商瑞銀,1650,219,555,-336,3.69,7,sell
9/03,4938,國泰證券,8880,109,3,106,1.16,8,buy
9/03,4938,富邦-板橋,9655,43,320,-277,3.04,8,sell
9/03,4938,凱基-東港,9212,100,0,100,1.1,9,buy
9/03,4938,永豐金證券,0039004100300030,22,119,-97,1.07,9,sell
9/03,4938,統一-松江,003500380035005a,90,0,90,0.99,10,buy
9/03,4938,華南永昌-敦南,9347,3,79,-76,0.84,10,sell
9/03,4938,康和-台中,8455,90,5,85,0.93,11,buy
9/03,4938,元大證券,9800,292,358,-66,0.73,11,sell
9/03,4938,元大-新莊,9898,84,0,84,0.92,12,buy
9/03,4938,富邦-基隆,9614,2,38,-36,0.4,12,sell
9/03,4938,華南永昌-三重,9369,72,0,72,0.79,13,buy
9/03,4938,台新-嘉義,0039004200320049,12,46,-34,0.37,13,sell
9/03,4938,富邦-南京,0039003600310043,75,4,71,0.78,14,buy
9/03,4938,富邦-陽明,9604,15,49,-34,0.37,14,sell
9/03,4938,新光,8560,97,35,62,0.68,15,buy
9/03,4938,元大-淡水,9899,1,32,-31,0.34,15,sell
9/03,2542,美商高盛,1480,2402,60,2342,22.57,1,buy
9/03,2542,國泰-敦南,8888,17,445,-428,4.12,1,sell
9/03,2542,台新,0039004200300030,1805,163,1642,15.82,2,buy
9/03,2542,兆豐-大同,0037003000300053,0,402,-402,3.87,2,sell
9/03,2542,新光,8560,1069,72,997,9.61,3,buy
9/03,2542,統一-永和,0035003800350042,0,301,-301,2.9,3,sell
9/03,2542,美林,1440,684,48,636,6.13,4,buy
9/03,2542,康和-仁愛,0038003400350046,0,301,-301,2.9,4,sell
9/03,2542,元大證券,9800,539,105,434,4.18,5,buy
9/03,2542,永豐金-中正,0039004100390055,3,302,-299,2.88,5,sell
9/03,2542,新加坡商瑞銀,1650,427,76,351,3.38,6,buy
9/03,2542,台新-敦南,0039004200320051,0,272,-272,2.62,6,sell
9/03,2542,凱基-台北,9268,455,315,140,1.35,7,buy
9/03,2542,凱基-新莊,0039003200310053,0,228,-228,2.2,7,sell
9/03,2542,台灣企銀-岡山,1119,100,0,100,0.96,8,buy
9/03,2542,港商野村,1560,0,194,-194,1.87,8,sell
9/03,2542,統一-松江,003500380035005a,100,32,68,0.66,9,buy
9/03,2542,統一-新台中,0035003800350044,0,157,-157,1.51,9,sell
9/03,2542,永豐金-松山,0039004100390031,69,14,55,0.53,10,buy
9/03,2542,台灣摩根士丹利,1470,300,448,-148,1.43,10,sell
9/03,2542,國票證券,7790,51,1,50,0.48,11,buy
9/03,2542,摩根大通,8440,349,488,-139,1.34,11,sell
9/03,2542,大昌-新店,6464,40,2,38,0.37,12,buy
9/03,2542,永豐金-新竹,0039004100390037,0,117,-117,1.13,12,sell
9/03,2542,玉山-台南,8847,42,12,30,0.29,13,buy
9/03,2542,華南永昌-淡水,9316,0,104,-104,1.0,13,sell
9/03,2542,元大-旗山,003900380031006e,29,3,26,0.25,14,buy
9/03,2542,永豐金-忠孝,0039004100390044,0,82,-82,0.79,14,sell
9/03,2542,永豐金-三重,003900410039004b,25,2,23,0.22,15,buy
9/03,2542,臺銀-臺中,0031003000340041,35,115,-80,0.77,15,sell
9/03,2301,美林,1440,804,202,602,1.57,1,buy
9/03,2301,台灣摩根士丹利,1470,656,3298,-2642,6.9,1,sell
9/03,2301,國泰-敦南,8888,1181,827,354,0.92,2,buy
9/03,2301,摩根大通,8440,918,3431,-2513,6.57,2,sell
9/03,2301,台新-台北,0039004200320030,314,9,305,0.8,3,buy
9/03,2301,美商高盛,1480,1587,2631,-1044,2.73,3,sell
9/03,2301,統一-城中,5854,193,24,169,0.44,4,buy
9/03,2301,元大證券,9800,3215,4068,-853,2.23,4,sell
9/03,2301,玉山-高雄,8843,182,27,155,0.4,5,buy
9/03,2301,港商麥格理,1360,2,705,-703,1.84,5,sell
9/03,2301,富邦-台北,9623,254,115,139,0.36,6,buy
9/03,2301,富邦證券,9600,480,961,-481,1.26,6,sell
9/03,2301,富邦-木柵,003900360031004d,144,20,124,0.32,7,buy
9/03,2301,新加坡商瑞銀,1650,1132,1586,-454,1.19,7,sell
9/03,2301,富邦-仁愛,9676,174,68,106,0.28,8,buy
9/03,2301,台新,0039004200300030,204,596,-392,1.02,8,sell
9/03,2301,兆豐-忠孝,0037003000300061,120,19,101,0.26,9,buy
9/03,2301,凱基-台北,9268,1875,2184,-309,0.81,9,sell
9/03,2301,富邦-敦南,9663,120,27,93,0.24,10,buy
9/03,2301,港商野村,1560,217,469,-252,0.66,10,sell
9/03,2301,統一,5850,371,283,88,0.23,11,buy
9/03,2301,富邦-南京,0039003600310043,33,215,-182,0.48,11,sell
9/03,2301,凱基,9200,89,8,81,0.21,12,buy
9/03,2301,國泰-館前,0038003800380041,253,367,-114,0.3,12,sell
9/03,2301,第一金,5380,104,23,81,0.21,13,buy
9/03,2301,永豐金證券,0039004100300030,208,318,-110,0.29,13,sell
9/03,2301,花旗環球,1590,323,248,75,0.2,14,buy
9/03,2301,國票-博愛,003700370039007a,21,114,-93,0.24,14,sell
9/03,2301,華南永昌-長虹,9333,181,107,74,0.19,15,buy
9/03,2301,元大-敦南,0039003800390050,30,118,-88,0.23,15,sell
9/03,2855,大和國泰,8890,1000,0,1000,14.63,1,buy
9/03,2855,凱基-台北,9268,276,1123,-847,12.39,1,sell
9/03,2855,富邦證券,9600,891,0,891,13.04,2,buy
9/03,2855,美商高盛,1480,158,493,-335,4.9,2,sell
9/03,2855,美林,1440,832,37,795,11.63,3,buy
9/03,2855,摩根大通,8440,336,537,-201,2.94,3,sell
9/03,2855,中國信託,6160,611,39,572,8.37,4,buy
9/03,2855,群益金鼎,9100,51,176,-125,1.83,4,sell
9/03,2855,臺銀,1040,520,12,508,7.43,5,buy
9/03,2855,國泰-松江,8883,0,111,-111,1.62,5,sell
9/03,2855,兆豐-寶成,0037003000300072,200,4,196,2.87,6,buy
9/03,2855,元大-中壢,9834,0,109,-109,1.59,6,sell
9/03,2855,元大-善化,0039003800310079,130,7,123,1.8,7,buy
9/03,2855,元大證券,9800,232,339,-107,1.57,7,sell
9/03,2855,富邦-永和,9654,52,1,51,0.75,8,buy
9/03,2855,永豐金-高雄,0039004100390065,0,97,-97,1.42,8,sell
9/03,2855,凱基-城中,9227,40,0,40,0.59,9,buy
9/03,2855,永豐金-匯立,0039004100380031,0,68,-68,0.99,9,sell
9/03,2855,統一-新台中,0035003800350044,32,0,32,0.47,10,buy
9/03,2855,華南永昌-中正,9359,0,65,-65,0.95,10,sell
9/03,2855,大展,5050,30,0,30,0.44,11,buy
9/03,2855,新光,8560,4,68,-64,0.94,11,sell
9/03,2855,凱基-虎尾,9236,28,0,28,0.41,12,buy
9/03,2855,玉山-景美,8849,0,51,-51,0.75,12,sell
9/03,2855,第一金-高雄,5383,25,1,24,0.35,13,buy
9/03,2855,華南永昌-竹北,9339,0,50,-50,0.73,13,sell
9/03,2855,台灣摩根士丹利,1470,206,183,23,0.34,14,buy
9/03,2855,統一-高雄,5851,1,47,-46,0.67,14,sell
9/03,2855,港商野村,1560,20,0,20,0.29,15,buy
9/03,2855,國泰-板橋,003800380038004b,16,59,-43,0.63,15,sell
9/03,3105,凱基-台北,9268,2817,2190,627,1.53,1,buy
9/03,3105,美商高盛,1480,1489,2431,-942,2.3,1,sell
9/03,3105,永豐金證券,0039004100300030,601,403,198,0.48,2,buy
9/03,3105,富邦證券,9600,338,741,-403,0.98,2,sell
9/03,3105,台灣摩根士丹利,1470,1821,1625,196,0.48,3,buy
9/03,3105,元大證券,9800,3364,3762,-398,0.97,3,sell
9/03,3105,國泰-敦南,8888,1539,1408,131,0.32,4,buy
9/03,3105,台新-城東,0039004200320072,43,251,-208,0.51,4,sell
9/03,3105,凱基-站前,0039003200300046,160,86,74,0.18,5,buy
9/03,3105,花旗環球,1590,3,189,-186,0.45,5,sell
9/03,3105,富邦-台北,9623,196,122,74,0.18,6,buy
9/03,3105,永豐金-竹科,0039004100390058,56,230,-174,0.42,6,sell
9/03,3105,宏遠-台中,003100320036004c,87,15,72,0.18,7,buy
9/03,3105,永豐金-忠孝,0039004100390044,33,201,-168,0.41,7,sell
9/03,3105,港商野村,1560,226,155,71,0.17,8,buy
9/03,3105,華南永昌-南京,9326,76,204,-128,0.31,8,sell
9/03,3105,國票-台中,0037003700390076,94,24,70,0.17,9,buy
9/03,3105,群益金鼎-松山,9103,18,146,-128,0.31,9,sell
9/03,3105,富邦-建國,9658,166,97,69,0.17,10,buy
9/03,3105,永豐金-信義,0039004100390052,17,139,-122,0.3,10,sell
9/03,3105,元大-大里,0039003800310067,157,89,68,0.17,11,buy
9/03,3105,統一-三重,003500380035004a,33,149,-116,0.28,11,sell
9/03,3105,台新-大裕,003900420032006c,99,36,63,0.15,12,buy
9/03,3105,統一-城中,5854,29,135,-106,0.26,12,sell
9/03,3105,凱基-板橋,0039003200300041,67,4,63,0.15,13,buy
9/03,3105,新加坡商瑞銀,1650,789,894,-105,0.26,13,sell
9/03,3105,中國信託-中壢,0036003100360041,77,17,60,0.15,14,buy
9/03,3105,摩根大通,8440,717,817,-100,0.24,14,sell
9/03,3105,永豐金-板新,003900410039004a,109,48,61,0.15,15,buy
9/03,3105,福邦證券,6480,15,104,-89,0.22,15,sell
9/03,4979,美商高盛,1480,176,23,153,5.5,1,buy
9/03,4979,統一,5850,149,741,-592,21.29,1,sell
9/03,4979,兆豐-高雄,003700300030005a,101,11,90,3.24,2,buy
9/03,4979,永豐金-高雄,0039004100390065,3,83,-80,2.88,2,sell
9/03,4979,台灣摩根士丹利,1470,73,16,57,2.05,3,buy
9/03,4979,元大-忠孝,9871,1,41,-40,1.44,3,sell
9/03,4979,康和,8450,40,3,37,1.33,4,buy
9/03,4979,元大-崇德,0039003800310053,3,42,-39,1.4,4,sell
9/03,4979,永豐金-員林,0039004100390043,40,8,32,1.15,5,buy
9/03,4979,富邦-高雄,9659,6,43,-37,1.33,5,sell
9/03,4979,凱基-鳳山,9274,75,49,26,0.93,6,buy
9/03,4979,富邦-台北,9623,10,39,-29,1.04,6,sell
9/03,4979,永豐金證券,0039004100300030,39,13,26,0.93,7,buy
9/03,4979,台新,0039004200300030,6,29,-23,0.83,7,sell
9/03,4979,國泰-敦南,8888,61,36,25,0.9,8,buy
9/03,4979,新光,8560,17,38,-21,0.76,8,sell
9/03,4979,群益金鼎-館前,0039003100330059,24,2,22,0.79,9,buy
9/03,4979,群益金鼎-台北,0039003100380058,0,21,-21,0.76,9,sell
9/03,4979,群益金鼎-內湖,0039003100380064,23,2,21,0.76,10,buy
9/03,4979,凱基-北門,9283,0,20,-20,0.72,10,sell
9/03,4979,華南永昌-竹北,9339,19,0,19,0.68,11,buy
9/03,4979,元大-館前,003900380034004b,14,30,-16,0.58,11,sell
9/03,4979,元大-信義,003900380039006d,19,0,19,0.68,12,buy
9/03,4979,第一金-中壢,0035003300380059,1,17,-16,0.58,12,sell
9/03,4979,元大-內湖民權,9867,20,2,18,0.65,13,buy
9/03,4979,玉山證券,8840,3,17,-14,0.5,13,sell
9/03,4979,台中銀-豐原,0036003100310041,18,1,17,0.61,14,buy
9/03,4979,群益金鼎-瑞豐,0039003100380075,10,23,-13,0.47,14,sell
9/03,4979,凱基-台北,9268,65,49,16,0.58,15,buy
9/03,4979,新光-新竹,8563,4,17,-13,0.47,15,sell
9/03,3374,凱基-台北,9268,539,126,413,8.71,1,buy
9/03,3374,元大證券,9800,41,408,-367,7.74,1,sell
9/03,3374,台灣摩根士丹利,1470,408,53,355,7.49,2,buy
9/03,3374,國票-敦北法人,0037003700390063,1,180,-179,3.78,2,sell
9/03,3374,摩根大通,8440,241,0,241,5.09,3,buy
9/03,3374,統一,5850,42,142,-100,2.11,3,sell
9/03,3374,美商高盛,1480,223,7,216,4.56,4,buy
9/03,3374,富邦-竹北,9624,2,101,-99,2.09,4,sell
9/03,3374,華南永昌-南京,9326,78,2,76,1.6,5,buy
9/03,3374,國票-北高雄,003700370039004a,62,131,-69,1.46,5,sell
9/03,3374,永豐金證券,0039004100300030,156,87,69,1.46,6,buy
9/03,3374,永豐金-信義,0039004100390052,0,68,-68,1.43,6,sell
9/03,3374,群益金鼎-南京,0039003100380045,35,0,35,0.74,7,buy
9/03,3374,台新-世貿,0039004200320075,1,56,-55,1.16,7,sell
9/03,3374,新加坡商瑞銀,1650,34,0,34,0.72,8,buy
9/03,3374,兆豐-民生,0037003000300063,9,56,-47,0.99,8,sell
9/03,3374,中國信託-三重,6161,29,0,29,0.61,9,buy
9/03,3374,國泰-敦南,8888,39,85,-46,0.97,9,sell
9/03,3374,富邦-敦南,9663,27,1,26,0.55,10,buy
9/03,3374,群益金鼎-大安,0039003100380065,0,45,-45,0.95,10,sell
9/03,3374,永豐金-羅東,0039004100390041,59,34,25,0.53,11,buy
9/03,3374,新光,8560,18,62,-44,0.93,11,sell
9/03,3374,兆豐-北高雄,0037003000300049,25,1,24,0.51,12,buy
9/03,3374,台新-台北,0039004200320030,3,34,-31,0.65,12,sell
9/03,3374,統一-南京,0035003800350055,30,9,21,0.44,13,buy
9/03,3374,康和,8450,1,29,-28,0.59,13,sell
9/03,3374,台新,0039004200300030,81,60,21,0.44,14,buy
9/03,3374,元大-鹿港,0039003800390053,1,25,-24,0.51,14,sell
9/03,3374,元大-大統,003900380031007a,21,1,20,0.42,15,buy
9/03,3374,台新-西松,003900420032006e,29,52,-23,0.49,15,sell
9/03,2313,美商高盛,1480,3083,641,2442,9.46,1,buy
9/03,2313,台灣摩根士丹利,1470,639,2625,-1986,7.7,1,sell
9/03,2313,美林,1440,1494,26,1468,5.69,2,buy
9/03,2313,元大證券,9800,1453,2395,-942,3.65,2,sell
9/03,2313,凱基-台北,9268,2340,1491,849,3.29,3,buy
9/03,2313,凱基-市府,0039003200300044,12,429,-417,1.62,3,sell
9/03,2313,華南永昌-長虹,9333,218,56,162,0.63,4,buy
9/03,2313,摩根大通,8440,343,702,-359,1.39,4,sell
9/03,2313,富邦-敦南,9663,222,65,157,0.61,5,buy
9/03,2313,永豐金-忠孝,0039004100390044,43,286,-243,0.94,5,sell
9/03,2313,亞東-板橋,2181,74,7,67,0.26,6,buy
9/03,2313,台新-城東,0039004200320072,23,262,-239,0.93,6,sell
9/03,2313,中國信託-嘉義,6168,68,6,62,0.24,7,buy
9/03,2313,凱基,9200,1,223,-222,0.86,7,sell
9/03,2313,永豐金-大園,0039004100390038,91,30,61,0.24,8,buy
9/03,2313,華南永昌-南京,9326,14,221,-207,0.8,8,sell
9/03,2313,富邦-竹北,9624,164,104,60,0.23,9,buy
9/03,2313,群益金鼎,9100,82,286,-204,0.79,9,sell
9/03,2313,第一金-豐原,003500330038004e,59,8,51,0.2,10,buy
9/03,2313,國票-安和,003700370039005a,10,202,-192,0.74,10,sell
9/03,2313,港商野村,1560,122,72,50,0.19,11,buy
9/03,2313,國票-台中,0037003700390076,9,198,-189,0.73,11,sell
9/03,2313,凱基-新莊,0039003200310053,55,12,43,0.17,12,buy
9/03,2313,永豐金證券,0039004100300030,186,362,-176,0.68,12,sell
9/03,2313,國泰-桃園,8885,103,67,36,0.14,13,buy
9/03,2313,統一-東湖,0035003800350052,3,164,-161,0.62,13,sell
9/03,2313,元大-崇德,0039003800310053,45,10,35,0.14,14,buy
9/03,2313,中國信託,6160,46,190,-144,0.56,14,sell
9/03,2313,凱基-台南,9211,54,21,33,0.13,15,buy
9/03,2313,富邦證券,9600,143,282,-139,0.54,15,sell
9/03,2633,台新,0039004200300030,688,4,684,21.92,1,buy
9/03,2633,新加坡商瑞銀,1650,19,190,-171,5.48,1,sell
9/03,2633,元大證券,9800,369,6,363,11.63,2,buy
9/03,2633,凱基-台北,9268,123,274,-151,4.84,2,sell
9/03,2633,永豐金證券,0039004100300030,371,12,359,11.51,3,buy
9/03,2633,凱基-宜蘭,003900320030004d,0,110,-110,3.53,3,sell
9/03,2633,兆豐-員林,003700300030006b,264,5,259,8.3,4,buy
9/03,2633,兆豐-復興,0037003000300070,0,100,-100,3.21,4,sell
9/03,2633,美林,1440,201,1,200,6.41,5,buy
9/03,2633,凱基-彰化,0039003200300047,0,100,-100,3.21,5,sell
9/03,2633,台灣摩根士丹利,1470,205,176,29,0.93,6,buy
9/03,2633,美商高盛,1480,256,347,-91,2.92,6,sell
9/03,2633,元大-善化,0039003800310079,26,0,26,0.83,7,buy
9/03,2633,凱基-永康,9278,0,72,-72,2.31,7,sell
9/03,2633,華南永昌,9300,21,0,21,0.67,8,buy
9/03,2633,永豐金-忠孝,0039004100390044,0,62,-62,1.99,8,sell
9/03,2633,富邦-板橋,9655,20,5,15,0.48,9,buy
9/03,2633,兆豐-寶成,0037003000300072,0,56,-56,1.79,9,sell
9/03,2633,元大-復北,9872,15,0,15,0.48,10,buy
9/03,2633,元大-內湖,003900380039004e,5,60,-55,1.76,10,sell
9/03,2633,玉山-板橋,8846,10,0,10,0.32,11,buy
9/03,2633,新光-新竹,8563,0,52,-52,1.67,11,sell
9/03,2633,華南永昌-鳳山,9331,10,0,10,0.32,12,buy
9/03,2633,國泰-敦南,8888,7,55,-48,1.54,12,sell
9/03,2633,富邦-南京,0039003600310043,10,0,10,0.32,13,buy
9/03,2633,港商野村,1560,0,40,-40,1.28,13,sell
9/03,2633,玉山證券,8840,10,1,9,0.29,14,buy
9/03,2633,玉山-高雄,8843,0,40,-40,1.28,14,sell
9/03,2633,台新-高雄,0039004200310067,7,0,7,0.22,15,buy
9/03,2633,凱基-湖口,003900320030004e,0,40,-40,1.28,15,sell
9/03,3532,統一,5850,726,33,693,11.53,1,buy
9/03,3532,摩根大通,8440,42,239,-197,3.28,1,sell
9/03,3532,台灣摩根士丹利,1470,232,127,105,1.75,2,buy
9/03,3532,元大證券,9800,373,449,-76,1.26,2,sell
9/03,3532,新加坡商瑞銀,1650,92,20,72,1.2,3,buy
9/03,3532,國泰-桃園,8885,20,62,-42,0.7,3,sell
9/03,3532,永豐金-匯立,0039004100380031,45,0,45,0.75,4,buy
9/03,3532,群益金鼎-潭子,0039003100330044,4,41,-37,0.62,4,sell
9/03,3532,富邦-高雄,9659,38,8,30,0.5,5,buy
9/03,3532,國泰-敦南,8888,191,221,-30,0.5,5,sell
9/03,3532,美商高盛,1480,215,189,26,0.43,6,buy
9/03,3532,台新-緯城,0039004200320041,6,32,-26,0.43,6,sell
9/03,3532,永全證券,6450,20,0,20,0.33,7,buy
9/03,3532,凱基-台北,9268,434,459,-25,0.42,7,sell
9/03,3532,富邦-竹東,9625,23,8,15,0.25,8,buy
9/03,3532,國泰-台南,8884,8,28,-20,0.33,8,sell
9/03,3532,新光-台中,8561,37,23,14,0.23,9,buy
9/03,3532,大昌-樹林,6461,31,51,-20,0.33,9,sell
9/03,3532,台新-松德,0039004200320061,17,3,14,0.23,10,buy
9/03,3532,富邦-新營,9693,42,62,-20,0.33,10,sell
9/03,3532,花旗環球,1590,14,1,13,0.22,11,buy
9/03,3532,元大-沙鹿,0039003800300064,6,24,-18,0.3,11,sell
9/03,3532,國票-中港,003700370039006d,17,4,13,0.22,12,buy
9/03,3532,康和,8450,2,19,-17,0.28,12,sell
9/03,3532,元大-南京,9862,12,1,11,0.18,13,buy
9/03,3532,富邦-嘉義,9692,69,85,-16,0.27,13,sell
9/03,3532,第一金-豐原,003500330038004e,10,0,10,0.17,14,buy
9/03,3532,群益金鼎,9100,91,107,-16,0.27,14,sell
9/03,3532,第一金-華江,0035003300380057,14,5,9,0.15,15,buy
9/03,3532,凱基-豐中,9223,2,18,-16,0.27,15,sell
9/03,2368,新加坡商瑞銀,1650,532,151,381,4.15,1,buy
9/03,2368,永豐金證券,0039004100300030,420,908,-488,5.32,1,sell
9/03,2368,美商高盛,1480,1468,1116,352,3.84,2,buy
9/03,2368,凱基,9200,253,517,-264,2.88,2,sell
9/03,2368,美林,1440,355,69,286,3.12,3,buy
9/03,2368,花旗環球,1590,0,201,-201,2.19,3,sell
9/03,2368,台灣摩根士丹利,1470,662,438,224,2.44,4,buy
9/03,2368,群益金鼎-台北,0039003100380058,65,184,-119,1.3,4,sell
9/03,2368,摩根大通,8440,335,138,197,2.15,5,buy
9/03,2368,凱基-興隆,9289,1,100,-99,1.08,5,sell
9/03,2368,凱基-台北,9268,564,456,108,1.18,6,buy
9/03,2368,中國信託,6160,25,106,-81,0.88,6,sell
9/03,2368,元大證券,9800,624,543,81,0.88,7,buy
9/03,2368,群益金鼎,9100,78,148,-70,0.76,7,sell
9/03,2368,港商麥格理,1360,80,0,80,0.87,8,buy
9/03,2368,富邦證券,9600,47,107,-60,0.65,8,sell
9/03,2368,港商野村,1560,189,126,63,0.69,9,buy
9/03,2368,元大-成功,003900380039004c,10,54,-44,0.48,9,sell
9/03,2368,永豐金-匯立,0039004100380031,50,0,50,0.55,10,buy
9/03,2368,國泰證券,8880,55,99,-44,0.48,10,sell
9/03,2368,第一金-忠孝,0035003300380044,34,14,20,0.22,11,buy
9/03,2368,富邦-新板,0039003600310048,24,66,-42,0.46,11,sell
9/03,2368,香港上海匯豐,8960,27,7,20,0.22,12,buy
9/03,2368,國票-中正,7797,4,41,-37,0.4,12,sell
9/03,2368,兆豐證券,7000,31,12,19,0.21,13,buy
9/03,2368,台新-高雄,0039004200310067,20,55,-35,0.38,13,sell
9/03,2368,凱基-宜蘭,003900320030004d,21,3,18,0.2,14,buy
9/03,2368,元大-新生,0039003800310058,3,37,-34,0.37,14,sell
9/03,2368,富邦-板橋,9655,25,10,15,0.16,15,buy
9/03,2368,台新-台北,0039004200320030,3,37,-34,0.37,15,sell
9/03,2337,元大-大雅,0039003800330069,1102,255,847,1.8,1,buy
9/03,2337,美商高盛,1480,987,6346,-5359,11.39,1,sell
9/03,2337,國泰-敦南,8888,1435,938,497,1.06,2,buy
9/03,2337,台灣摩根士丹利,1470,1039,5006,-3967,8.43,2,sell
9/03,2337,富邦-永和,9654,673,218,455,0.97,3,buy
9/03,2337,摩根大通,8440,401,3560,-3159,6.71,3,sell
9/03,2337,港商野村,1560,617,204,413,0.88,4,buy
9/03,2337,新加坡商瑞銀,1650,143,1367,-1224,2.6,4,sell
9/03,2337,第一金-新竹,0035003300380042,276,10,266,0.57,5,buy
9/03,2337,富邦-板橋,9655,121,630,-509,1.08,5,sell
9/03,2337,兆豐-南京,0037003000300050,376,157,219,0.47,6,buy
9/03,2337,美林,1440,317,825,-508,1.08,6,sell
9/03,2337,國泰-台中,8882,364,159,205,0.44,7,buy
9/03,2337,永豐金證券,0039004100300030,414,897,-483,1.03,7,sell
9/03,2337,新百王,6210,190,20,170,0.36,8,buy
9/03,2337,凱基-台北,9268,2104,2555,-451,0.96,8,sell
9/03,2337,玉山-大里,003800380034004a,216,46,170,0.36,9,buy
9/03,2337,花旗環球,1590,32,453,-421,0.89,9,sell
9/03,2337,元大-竹東,0039003800330066,267,108,159,0.34,10,buy
9/03,2337,華南永昌-基隆,9322,72,489,-417,0.89,10,sell
9/03,2337,富邦-岡山,9616,176,19,157,0.33,11,buy
9/03,2337,元大證券,9800,3623,4025,-402,0.85,11,sell
9/03,2337,台新,0039004200300030,376,219,157,0.33,12,buy
9/03,2337,新光,8560,667,950,-283,0.6,12,sell
9/03,2337,元大-屏東,9892,168,23,145,0.31,13,buy
9/03,2337,統一,5850,72,264,-192,0.41,13,sell
9/03,2337,統一-土城,0035003800350059,144,4,140,0.3,14,buy
9/03,2337,元大-鳳中,0039003800350043,25,211,-186,0.4,14,sell
9/03,2337,元大-大里,0039003800310067,171,33,138,0.29,15,buy
9/03,2337,富邦-南屯,9666,36,208,-172,0.37,15,sell
9/03,3293,凱基-台北,9268,210,50,160,11.87,1,buy
9/03,3293,新加坡商瑞銀,1650,10,177,-167,12.39,1,sell
9/03,3293,摩根大通,8440,71,44,27,2.0,2,buy
9/03,3293,中國信託,6160,3,141,-138,10.24,2,sell
9/03,3293,統一-敦南,5852,28,1,27,2.0,3,buy
9/03,3293,美林,1440,97,154,-57,4.23,3,sell
9/03,3293,新光,8560,48,24,24,1.78,4,buy
9/03,3293,港商麥格理,1360,0,43,-43,3.19,4,sell
9/03,3293,元大證券,9800,36,21,15,1.11,5,buy
9/03,3293,花旗環球,1590,46,67,-21,1.56,5,sell
9/03,3293,國泰-敦南,8888,24,11,13,0.96,6,buy
9/03,3293,台灣摩根士丹利,1470,84,104,-20,1.48,6,sell
9/03,3293,台新,0039004200300030,14,4,10,0.74,7,buy
9/03,3293,元大-館前,003900380034004b,0,20,-20,1.48,7,sell
9/03,3293,凱基-三重,9205,10,0,10,0.74,8,buy
9/03,3293,香港上海匯豐,8960,5,22,-17,1.26,8,sell
9/03,3293,凱基-高雄,9206,10,0,10,0.74,9,buy
9/03,3293,永豐金-新店,0039004100390069,2,16,-14,1.04,9,sell
9/03,3293,國泰-板橋,003800380038004b,7,1,6,0.45,10,buy
9/03,3293,華南永昌-楠梓,9332,1,13,-12,0.89,10,sell
9/03,3293,元大-北投,0039003800390041,6,0,6,0.45,11,buy
9/03,3293,港商野村,1560,0,10,-10,0.74,11,sell
9/03,3293,元大-仁愛,003900380033006a,6,0,6,0.45,12,buy
9/03,3293,康和-新竹,8456,0,10,-10,0.74,12,sell
9/03,3293,台新-佳里,0039004200320077,6,0,6,0.45,13,buy
9/03,3293,富邦-台北,9623,2,10,-8,0.59,13,sell
9/03,3293,元大-天母,0039003800310049,7,1,6,0.45,14,buy
9/03,3293,國票-長城,0037003700390075,0,5,-5,0.37,14,sell
9/03,3293,華南永昌-岡山,9324,5,0,5,0.37,15,buy
9/03,3293,兆豐-公益,003700300030004a,1,6,-5,0.37,15,sell
9/03,2637,美商高盛,1480,802,200,602,7.98,1,buy
9/03,2637,國票-敦北法人,0037003700390063,0,556,-556,7.37,1,sell
9/03,2637,元大證券,9800,931,576,355,4.7,2,buy
9/03,2637,兆豐證券,7000,0,101,-101,1.34,2,sell
9/03,2637,摩根大通,8440,472,180,292,3.87,3,buy
9/03,2637,大和國泰,8890,0,100,-100,1.33,3,sell
9/03,2637,花旗環球,1590,316,26,290,3.84,4,buy
9/03,2637,國泰-敦南,8888,73,130,-57,0.76,4,sell
9/03,2637,新加坡商瑞銀,1650,411,136,275,3.64,5,buy
9/03,2637,國泰-台中,8882,13,65,-52,0.69,5,sell
9/03,2637,凱基-台北,9268,525,327,198,2.62,6,buy
9/03,2637,元大-大雅,0039003800330069,5,53,-48,0.64,6,sell
9/03,2637,台灣摩根士丹利,1470,373,217,156,2.07,7,buy
9/03,2637,合庫-彰化,1028,0,43,-43,0.57,7,sell
9/03,2637,美林,1440,155,12,143,1.9,8,buy
9/03,2637,第一金,5380,1,43,-42,0.56,8,sell
9/03,2637,永豐金證券,0039004100300030,147,23,124,1.64,9,buy
9/03,2637,元大-西屯,0039003800300077,19,52,-33,0.44,9,sell
9/03,2637,福勝,6950,51,2,49,0.65,10,buy
9/03,2637,第一金-中山,5389,3,36,-33,0.44,10,sell
9/03,2637,華南永昌-台南,9306,49,1,48,0.64,11,buy
9/03,2637,統一-內湖,0035003800350062,0,32,-32,0.42,11,sell
9/03,2637,港商野村,1560,45,3,42,0.56,12,buy
9/03,2637,第一金-安和,003500330038006a,0,31,-31,0.41,12,sell
9/03,2637,兆豐-小港,0037003000300052,40,0,40,0.53,13,buy
9/03,2637,新光,8560,24,53,-29,0.38,13,sell
9/03,2637,富邦證券,9600,67,34,33,0.44,14,buy
9/03,2637,元大-敦化,9833,1,30,-29,0.38,14,sell
9/03,2637,永豐金-天母,0039004100390047,61,30,31,0.41,15,buy
9/03,2637,永豐金-北高雄,0039004100390072,1,28,-27,0.36,15,sell
9/03,8150,台灣摩根士丹利,1470,2784,1393,1391,5.93,1,buy
9/03,8150,元大證券,9800,1338,1903,-565,2.41,1,sell
9/03,8150,美林,1440,596,262,334,1.42,2,buy
9/03,8150,中國信託,6160,43,340,-297,1.27,2,sell
9/03,8150,花旗環球,1590,320,3,317,1.35,3,buy
9/03,8150,統一,5850,96,294,-198,0.84,3,sell
9/03,8150,摩根大通,8440,639,345,294,1.25,4,buy
9/03,8150,國泰-敦南,8888,545,717,-172,0.73,4,sell
9/03,8150,新加坡商瑞銀,1650,596,436,160,0.68,5,buy
9/03,8150,台新-同大,0039004200320050,5,119,-114,0.49,5,sell
9/03,8150,香港上海匯豐,8960,91,0,91,0.39,6,buy
9/03,8150,國票證券,7790,51,150,-99,0.42,6,sell
9/03,8150,法銀巴黎,8900,99,21,78,0.33,7,buy
9/03,8150,群益金鼎,9100,119,212,-93,0.4,7,sell
9/03,8150,富邦-台北,9623,181,118,63,0.27,8,buy
9/03,8150,永豐金-中正,0039004100390055,28,115,-87,0.37,8,sell
9/03,8150,元大-大天母,9893,67,8,59,0.25,9,buy
9/03,8150,新光,8560,120,207,-87,0.37,9,sell
9/03,8150,台新-大昌,0039004200320044,67,12,55,0.23,10,buy
9/03,8150,富邦-建國,9658,24,94,-70,0.3,10,sell
9/03,8150,美好-富順,003500320036004b,62,8,54,0.23,11,buy
9/03,8150,永豐金證券,0039004100300030,210,276,-66,0.28,11,sell
9/03,8150,兆豐-岡山,0037003000300073,61,11,50,0.21,12,buy
9/03,8150,富邦-南屯,9666,27,88,-61,0.26,12,sell
9/03,8150,元大-斗信,9884,67,18,49,0.21,13,buy
9/03,8150,凱基-大直,9218,16,77,-61,0.26,13,sell
9/03,8150,國泰-新莊,8886,110,61,49,0.21,14,buy
9/03,8150,合庫-台中,1021,48,101,-53,0.23,14,sell
9/03,8150,凱基-台南,9211,73,34,39,0.17,15,buy
9/03,8150,凱基,9200,0,48,-48,0.2,15,sell
9/03,2812,台灣摩根士丹利,1470,2649,578,2071,7.85,1,buy
9/03,2812,台中銀-台北,6115,0,7181,-7181,27.23,1,sell
9/03,2812,凱基-台北,9268,2631,1056,1575,5.97,2,buy
9/03,2812,新光-桃園,8565,18,3002,-2984,11.31,2,sell
9/03,2812,台新-文心,003900420032007a,1523,0,1523,5.77,3,buy
9/03,2812,台新,0039004200300030,477,3285,-2808,10.65,3,sell
9/03,2812,美商高盛,1480,2544,1150,1394,5.29,4,buy
9/03,2812,國泰-館前,0038003800380041,64,262,-198,0.75,4,sell
9/03,2812,摩根大通,8440,1489,209,1280,4.85,5,buy
9/03,2812,元大證券,9800,655,812,-157,0.6,5,sell
9/03,2812,元大-大甲,0039003800390055,620,3,617,2.34,6,buy
9/03,2812,元大-屏東民生,0039003800310068,5,121,-116,0.44,6,sell
9/03,2812,花旗環球,1590,534,26,508,1.93,7,buy
9/03,2812,元大-文心,9868,4,120,-116,0.44,7,sell
9/03,2812,兆豐-台中港,7005,509,7,502,1.9,8,buy
9/03,2812,玉山-板橋,8846,4,108,-104,0.39,8,sell
9/03,2812,新加坡商瑞銀,1650,1675,1317,358,1.36,9,buy
9/03,2812,元大-向上,9824,0,101,-101,0.38,9,sell
9/03,2812,元大-大雅,0039003800330069,442,102,340,1.29,10,buy
9/03,2812,華南永昌-南京,9326,5,102,-97,0.37,10,sell
9/03,2812,台中銀,6110,337,60,277,1.05,11,buy
9/03,2812,元大-佳里,0039003800310065,11,102,-91,0.35,11,sell
9/03,2812,港商野村,1560,219,0,219,0.83,12,buy
9/03,2812,元大-斗六,0039003800300043,5,90,-85,0.32,12,sell
9/03,2812,美林,1440,202,3,199,0.75,13,buy
9/03,2812,凱基,9200,9,89,-80,0.3,13,sell
9/03,2812,富邦-竹北,9624,220,25,195,0.74,14,buy
9/03,2812,永豐金-竹科,0039004100390058,1,80,-79,0.3,14,sell
9/03,2812,凱基-羅東,9258,250,60,190,0.72,15,buy
9/03,2812,兆豐-中壢,0037003000300062,0,74,-74,0.28,15,sell
9/03,8028,玉山-景美,8849,35,0,35,1.81,1,buy
9/03,8028,美商高盛,1480,35,235,-200,10.35,1,sell
9/03,8028,國泰-敦南,8888,42,13,29,1.5,2,buy
9/03,8028,台灣摩根士丹利,1470,30,229,-199,10.29,2,sell
9/03,8028,永豐金-市政,0039004100390057,21,1,20,1.03,3,buy
9/03,8028,新加坡商瑞銀,1650,22,105,-83,4.29,3,sell
9/03,8028,台新,0039004200300030,23,3,20,1.03,4,buy
9/03,8028,凱基-台北,9268,79,154,-75,3.88,4,sell
9/03,8028,兆豐-來福,0037003000300043,17,0,17,0.88,5,buy
9/03,8028,摩根大通,8440,5,54,-49,2.53,5,sell
9/03,8028,新光,8560,25,9,16,0.83,6,buy
9/03,8028,台新-松德,0039004200320061,2,42,-40,2.07,6,sell
9/03,8028,凱基-中壢,9285,16,0,16,0.83,7,buy
9/03,8028,元大證券,9800,139,166,-27,1.4,7,sell
9/03,8028,元大-土城,9897,15,1,14,0.72,8,buy
9/03,8028,凱基-站前,0039003200300046,2,28,-26,1.35,8,sell
9/03,8028,國泰-台中,8882,17,3,14,0.72,9,buy
9/03,8028,國票-九鼎,0037003700390050,1,27,-26,1.35,9,sell
9/03,8028,國票證券,7790,16,3,13,0.67,10,buy
9/03,8028,國票-南京,003700370039006e,0,22,-22,1.14,10,sell
9/03,8028,富邦-中壢,9636,12,0,12,0.62,11,buy
9/03,8028,群益金鼎-大安,0039003100380065,2,22,-20,1.03,11,sell
9/03,8028,聯邦-三重,8585,12,1,11,0.57,12,buy
9/03,8028,中國信託-嘉義,6168,2,17,-15,0.78,12,sell
9/03,8028,新光-台中,8561,11,1,10,0.52,13,buy
9/03,8028,兆豐-南門,0037003000300067,3,17,-14,0.72,13,sell
9/03,8028,統一-新竹,5857,11,1,10,0.52,14,buy
9/03,8028,第一金-豐原,003500330038004e,1,15,-14,0.72,14,sell
9/03,8028,富邦-台中,003900360035004b,10,0,10,0.52,15,buy
9/03,8028,永豐金證券,0039004100300030,12,23,-11,0.57,15,sell
9/03,6257,國泰-敦南,8888,176,107,69,0.71,1,buy
9/03,6257,美商高盛,1480,345,1433,-1088,11.27,1,sell
9/03,6257,兆豐-桃鶯,0037003000300055,64,1,63,0.65,2,buy
9/03,6257,新加坡商瑞銀,1650,301,1060,-759,7.86,2,sell
9/03,6257,國票-長城,0037003700390075,58,6,52,0.54,3,buy
9/03,6257,摩根大通,8440,135,584,-449,4.65,3,sell
9/03,6257,新光,8560,70,26,44,0.46,4,buy
9/03,6257,花旗環球,1590,2,316,-314,3.25,4,sell
9/03,6257,福邦證券,6480,40,0,40,0.41,5,buy
9/03,6257,凱基-台北,9268,283,461,-178,1.84,5,sell
9/03,6257,國票-和平,003700370039006a,41,4,37,0.38,6,buy
9/03,6257,台灣摩根士丹利,1470,178,349,-171,1.77,6,sell
9/03,6257,兆豐-桃園,003700300030004d,37,1,36,0.37,7,buy
9/03,6257,美林,1440,60,177,-117,1.21,7,sell
9/03,6257,光和-和美,6383,38,4,34,0.35,8,buy
9/03,6257,富邦-員林,9672,15,131,-116,1.2,8,sell
9/03,6257,兆豐證券,7000,200,169,31,0.32,9,buy
9/03,6257,富邦-台中,003900360035004b,9,93,-84,0.87,9,sell
9/03,6257,元大-大甲,0039003800390055,33,2,31,0.32,10,buy
9/03,6257,永豐金證券,0039004100300030,45,111,-66,0.68,10,sell
9/03,6257,元大-新莊,9898,33,4,29,0.3,11,buy
9/03,6257,凱基-雙和,0039003200300043,3,65,-62,0.64,11,sell
9/03,6257,玉山-城中,0038003800340045,31,2,29,0.3,12,buy
9/03,6257,富邦-台北,9623,47,103,-56,0.58,12,sell
9/03,6257,群益金鼎-瑞豐,0039003100380075,33,4,29,0.3,13,buy
9/03,6257,統一,5850,18,64,-46,0.48,13,sell
9/03,6257,永豐金-市政,0039004100390057,38,10,28,0.29,14,buy
9/03,6257,富邦證券,9600,49,81,-32,0.33,14,sell
9/03,6257,國票-桃園,0037003700390072,27,0,27,0.28,15,buy
9/03,6257,康和-仁愛,0038003400350046,6,38,-32,0.33,15,sell
9/03,1785,永豐金-大園,0039004100390038,93,11,82,1.71,1,buy
9/03,1785,摩根大通,8440,24,340,-316,6.58,1,sell
9/03,1785,港商野村,1560,58,20,38,0.79,2,buy
9/03,1785,美林,1440,149,425,-276,5.75,2,sell
9/03,1785,兆豐-永和,0037003000300058,27,0,27,0.56,3,buy
9/03,1785,美商高盛,1480,179,454,-275,5.73,3,sell
9/03,1785,富邦-基隆,9614,26,0,26,0.54,4,buy
9/03,1785,富邦-建國,9658,15,213,-198,4.12,4,sell
9/03,1785,永豐金-南京,0039004100390053,29,3,26,0.54,5,buy
9/03,1785,凱基-台北,9268,244,400,-156,3.25,5,sell
9/03,1785,台新,0039004200300030,37,11,26,0.54,6,buy
9/03,1785,台灣摩根士丹利,1470,17,146,-129,2.69,6,sell
9/03,1785,國泰-敦南,8888,81,59,22,0.46,7,buy
9/03,1785,台新-松江,0039004200310035,0,50,-50,1.04,7,sell
9/03,1785,凱基-站前,0039003200300046,31,8,23,0.48,8,buy
9/03,1785,華南永昌,9300,3,48,-45,0.94,8,sell
9/03,1785,永豐金證券,0039004100300030,28,6,22,0.46,9,buy
9/03,1785,台新-新營,0039004200310031,1,43,-42,0.87,9,sell
9/03,1785,元大-台南,9896,21,0,21,0.44,10,buy
9/03,1785,中國信託,6160,7,41,-34,0.71,10,sell
9/03,1785,元大-敦南,0039003800390050,33,12,21,0.44,11,buy
9/03,1785,富邦-板橋,9655,14,46,-32,0.67,11,sell
9/03,1785,臺銀-新竹,1045,20,0,20,0.42,12,buy
9/03,1785,富邦-桃園,9665,15,42,-27,0.56,12,sell
9/03,1785,永豐金-台中,003900410039004c,23,3,20,0.42,13,buy
9/03,1785,彰銀-七賢,1232,0,26,-26,0.54,13,sell
9/03,1785,元大-六合,0039003800320043,20,2,18,0.37,14,buy
9/03,1785,富邦-岡山,9616,4,28,-24,0.5,14,sell
9/03,1785,富邦-新店,9661,24,6,18,0.37,15,buy
9/03,1785,第一金-忠孝,0035003300380044,0,21,-21,0.44,15,sell
9/03,5347,摩根大通,8440,3425,559,2866,28.67,1,buy
9/03,5347,台灣摩根士丹利,1470,150,2803,-2653,26.54,1,sell
9/03,5347,美商高盛,1480,1629,1321,308,3.08,2,buy
9/03,5347,元大證券,9800,372,838,-466,4.66,2,sell
9/03,5347,香港上海匯豐,8960,86,1,85,0.85,3,buy
9/03,5347,新加坡商瑞銀,1650,84,505,-421,4.21,3,sell
9/03,5347,新光,8560,53,23,30,0.3,4,buy
9/03,5347,凱基-台北,9268,259,642,-383,3.83,4,sell
9/03,5347,元大-板橋,0039003800390043,58,29,29,0.29,5,buy
9/03,5347,美林,1440,116,337,-221,2.21,5,sell
9/03,5347,凱基-新豐,9266,25,0,25,0.25,6,buy
9/03,5347,群益金鼎,9100,32,135,-103,1.03,6,sell
9/03,5347,京城-嘉義,8492,29,4,25,0.25,7,buy
9/03,5347,元大-大里,0039003800310067,3,73,-70,0.7,7,sell
9/03,5347,國泰-敦南,8888,125,101,24,0.24,8,buy
9/03,5347,統一-員林,0035003800350049,1,50,-49,0.49,8,sell
9/03,5347,凱基-台南,9211,27,4,23,0.23,9,buy
9/03,5347,富邦-台北,9623,4,40,-36,0.36,9,sell
9/03,5347,元大-大同,0039003800390047,26,4,22,0.22,10,buy
9/03,5347,統一,5850,9,45,-36,0.36,10,sell
9/03,5347,永豐金證券,0039004100300030,41,20,21,0.21,11,buy
9/03,5347,元大-竹北,0039003800310042,3,34,-31,0.31,11,sell
9/03,5347,富邦-嘉義,9692,25,4,21,0.21,12,buy
9/03,5347,玉山-桃園,0038003800340046,11,42,-31,0.31,12,sell
9/03,5347,群益金鼎-士林,9137,19,0,19,0.19,13,buy
9/03,5347,元大-大天母,9893,4,32,-28,0.28,13,sell
9/03,5347,台新-左楠,0039004200310064,21,2,19,0.19,14,buy
9/03,5347,群益金鼎-台南,9185,1,27,-26,0.26,14,sell
9/03,5347,台新-板橋,0039004200320062,20,3,17,0.17,15,buy
9/03,5347,元大-竹科,003900380030004b,4,29,-25,0.25,15,sell
9/03,5536,台灣摩根士丹利,1470,136,14,122,10.62,1,buy
9/03,5536,美商高盛,1480,116,415,-299,26.02,1,sell
9/03,5536,凱基-台北,9268,139,56,83,7.22,2,buy
9/03,5536,美林,1440,15,96,-81,7.05,2,sell
9/03,5536,新加坡商瑞銀,1650,90,16,74,6.44,3,buy
9/03,5536,摩根大通,8440,26,106,-80,6.96,3,sell
9/03,5536,中國信託,6160,67,2,65,5.66,4,buy
9/03,5536,兆豐-嘉義,7001,0,6,-6,0.52,4,sell
9/03,5536,康和,8450,38,1,37,3.22,5,buy
9/03,5536,凱基-站前,0039003200300046,42,48,-6,0.52,5,sell
9/03,5536,群益金鼎,9100,16,2,14,1.22,6,buy
9/03,5536,元大-新竹經國,9859,0,5,-5,0.44,6,sell
9/03,5536,元大證券,9800,108,95,13,1.13,7,buy
9/03,5536,台新-板橋,0039004200320062,0,3,-3,0.26,7,sell
9/03,5536,兆豐-南京,0037003000300050,11,1,10,0.87,8,buy
9/03,5536,兆豐-忠孝,0037003000300061,0,3,-3,0.26,8,sell
9/03,5536,國票證券,7790,9,1,8,0.7,9,buy
9/03,5536,凱基,9200,3,6,-3,0.26,9,sell
9/03,5536,群益金鼎-民權,9131,6,0,6,0.52,10,buy
9/03,5536,群益金鼎-宜蘭,003900310038007a,0,2,-2,0.17,10,sell
9/03,5536,台新-台中,0039004200310068,6,0,6,0.52,11,buy
9/03,5536,亞東,2180,0,2,-2,0.17,11,sell
9/03,5536,永豐金證券,0039004100300030,6,1,5,0.44,12,buy
9/03,5536,永豐金-大園,0039004100390038,0,2,-2,0.17,12,sell
9/03,5536,臺銀,1040,5,1,4,0.35,13,buy
9/03,5536,永豐金-中和,0039004100390042,0,2,-2,0.17,13,sell
9/03,5536,港商野村,1560,6,2,4,0.35,14,buy
9/03,5536,元大-蘆洲,9857,0,2,-2,0.17,14,sell
9/03,5536,元大-向上,9824,5,1,4,0.35,15,buy
9/03,5536,華南永昌-鶯歌,9319,0,2,-2,0.17,15,sell
9/03,6415,富邦證券,9600,534,352,182,4.27,1,buy
9/03,6415,美商高盛,1480,482,966,-484,11.36,1,sell
9/03,6415,花旗環球,1590,163,71,92,2.16,2,buy
9/03,6415,新加坡商瑞銀,1650,83,282,-199,4.67,2,sell
9/03,6415,摩根大通,8440,242,158,84,1.97,3,buy
9/03,6415,國泰證券,8880,3,150,-147,3.45,3,sell
9/03,6415,美林,1440,128,48,80,1.88,4,buy
9/03,6415,永豐金證券,0039004100300030,27,149,-122,2.86,4,sell
9/03,6415,新光,8560,58,30,28,0.66,5,buy
9/03,6415,永豐金-匯立,0039004100380031,1,80,-79,1.85,5,sell
9/03,6415,兆豐-南京,0037003000300050,25,0,25,0.59,6,buy
9/03,6415,元大證券,9800,219,250,-31,0.73,6,sell
9/03,6415,玉山證券,8840,23,3,20,0.47,7,buy
9/03,6415,華南永昌,9300,7,26,-19,0.45,7,sell
9/03,6415,台灣摩根士丹利,1470,244,224,20,0.47,8,buy
9/03,6415,凱基-鳳山,9274,1,16,-15,0.35,8,sell
9/03,6415,元大-新竹,9816,20,0,20,0.47,9,buy
9/03,6415,華南永昌-台南,9306,0,15,-15,0.35,9,sell
9/03,6415,台新-高雄,0039004200310067,24,6,18,0.42,10,buy
9/03,6415,永豐金-天母,0039004100390047,2,14,-12,0.28,10,sell
9/03,6415,台新,0039004200300030,22,5,17,0.4,11,buy
9/03,6415,日茂,5960,3,13,-10,0.23,11,sell
9/03,6415,元大-桃興,9894,19,4,15,0.35,12,buy
9/03,6415,凱基-台北,9268,221,231,-10,0.23,12,sell
9/03,6415,法銀巴黎,8900,15,0,15,0.35,13,buy
9/03,6415,統一,5850,2,10,-8,0.19,13,sell
9/03,6415,國泰-敦南,8888,44,29,15,0.35,14,buy
9/03,6415,合庫-基隆,1025,4,11,-7,0.16,14,sell
9/03,6415,元大-中山北路,0039003800300061,12,0,12,0.28,15,buy
9/03,6415,富邦-仁愛,9676,3,10,-7,0.16,15,sell
9/03,9945,亞東-新竹,2184,510,0,510,12.37,1,buy
9/03,9945,美林,1440,151,437,-286,6.94,1,sell
9/03,9945,美商高盛,1480,712,290,422,10.23,2,buy
9/03,9945,新光,8560,4,247,-243,5.89,2,sell
9/03,9945,台灣摩根士丹利,1470,321,58,263,6.38,3,buy
9/03,9945,港商野村,1560,0,147,-147,3.56,3,sell
9/03,9945,凱基-台北,9268,335,148,187,4.53,4,buy
9/03,9945,臺銀-新竹,1045,0,122,-122,2.96,4,sell
9/03,9945,新加坡商瑞銀,1650,365,238,127,3.08,5,buy
9/03,9945,兆豐-忠孝,0037003000300061,0,110,-110,2.67,5,sell
9/03,9945,元大-忠孝,9871,82,6,76,1.84,6,buy
9/03,9945,國票-敦北法人,0037003700390063,0,102,-102,2.47,6,sell
9/03,9945,臺銀-民權,1043,95,47,48,1.16,7,buy
9/03,9945,台新,0039004200300030,98,191,-93,2.26,7,sell
9/03,9945,凱基-和平,9255,40,0,40,0.97,8,buy
9/03,9945,元大-發財,0039003800310045,0,61,-61,1.48,8,sell
9/03,9945,元大-羅東,0039003800320041,35,0,35,0.85,9,buy
9/03,9945,(牛牛牛)亞-鑫豐,0036003000310064,2,56,-54,1.31,9,sell
9/03,9945,群益金鼎-台南,9185,32,0,32,0.78,10,buy
9/03,9945,凱基-岡山,9209,0,48,-48,1.16,10,sell
9/03,9945,元大-頭份,0039003800330055,31,0,31,0.75,11,buy
9/03,9945,永豐金-松山,0039004100390031,0,46,-46,1.12,11,sell
9/03,9945,統一,5850,30,0,30,0.73,12,buy
9/03,9945,美好-楊梅,5262,0,33,-33,0.8,12,sell
9/03,9945,台新-同大,0039004200320050,25,0,25,0.61,13,buy
9/03,9945,宏遠-桃園,1262,0,30,-30,0.73,13,sell
9/03,9945,統一-土城,0035003800350059,26,2,24,0.58,14,buy
9/03,9945,永豐金-台南,0039004100390068,13,43,-30,0.73,14,sell
9/03,9945,國泰-板橋,003800380038004b,26,3,23,0.56,15,buy
9/03,9945,元大-大雅,0039003800330069,1,30,-29,0.7,15,sell
