date,stock_code,broker_name,broker_id,buy_vol,sell_vol,net_vol,pct,rank,side
7/14,2330,永豐金證券,0039004100300030,2721,638,2083,5.14,1,buy
7/14,2330,摩根大通,8440,1638,5667,-4029,9.93,1,sell
7/14,2330,元大證券,9800,3282,1470,1812,4.47,2,buy
7/14,2330,新加坡商瑞銀,1650,2378,4561,-2183,5.38,2,sell
7/14,2330,凱基,9200,1422,325,1097,2.7,3,buy
7/14,2330,美林,1440,1853,3493,-1640,4.04,3,sell
7/14,2330,國泰-敦南,8888,548,168,380,0.94,4,buy
7/14,2330,港商野村,1560,77,1479,-1402,3.46,4,sell
7/14,2330,群益金鼎,9100,871,500,371,0.91,5,buy
7/14,2330,台灣摩根士丹利,1470,1136,2369,-1233,3.04,5,sell
7/14,2330,凱基-台北,9268,1758,1505,253,0.62,6,buy
7/14,2330,花旗環球,1590,850,1664,-814,2.01,6,sell
7/14,2330,合庫證券,1020,134,10,124,0.31,7,buy
7/14,2330,富邦證券,9600,755,1555,-800,1.97,7,sell
7/14,2330,元大-天母,0039003800310049,135,16,119,0.29,8,buy
7/14,2330,法銀巴黎,8900,111,861,-750,1.85,8,sell
7/14,2330,凱基-中港,9202,125,17,108,0.27,9,buy
7/14,2330,永豐金-匯立,0039004100380031,102,789,-687,1.69,9,sell
7/14,2330,國泰-館前,0038003800380041,150,47,103,0.25,10,buy
7/14,2330,香港上海匯豐,8960,232,869,-637,1.57,10,sell
7/14,2330,中國信託,6160,455,359,96,0.24,11,buy
7/14,2330,台新-台北,0039004200320030,44,473,-429,1.06,11,sell
7/14,2330,土銀,1030,97,5,92,0.23,12,buy
7/14,2330,國泰證券,8880,273,495,-222,0.55,12,sell
7/14,2330,台新,0039004200300030,193,101,92,0.23,13,buy
7/14,2330,福邦證券,6480,1,105,-104,0.26,13,sell
7/14,2330,美商高盛,1480,2082,1991,91,0.22,14,buy
7/14,2330,大和國泰,8890,57,160,-103,0.25,14,sell
7/14,2330,富邦-建國,9658,132,40,92,0.23,15,buy
7/14,2330,永豐金-內湖,0039004100390067,16,109,-93,0.23,15,sell
7/14,2317,元大證券,9800,4106,2114,1992,4.14,1,buy
7/14,2317,凱基-台北,9268,1415,7502,-6087,12.65,1,sell
7/14,2317,花旗環球,1590,1930,692,1238,2.57,2,buy
7/14,2317,美林,1440,2974,4643,-1669,3.47,2,sell
7/14,2317,港商麥格理,1360,1550,479,1071,2.23,3,buy
7/14,2317,摩根大通,8440,2086,3675,-1589,3.3,3,sell
7/14,2317,凱基,9200,975,93,882,1.83,4,buy
7/14,2317,台灣企銀,1110,13,1018,-1005,2.09,4,sell
7/14,2317,元大-彰化,0039003800310047,664,16,648,1.35,5,buy
7/14,2317,美商高盛,1480,3547,4156,-609,1.27,5,sell
7/14,2317,永豐金證券,0039004100300030,1253,675,578,1.2,6,buy
7/14,2317,富邦證券,9600,203,652,-449,0.93,6,sell
7/14,2317,香港上海匯豐,8960,427,0,427,0.89,7,buy
7/14,2317,統一,5850,126,532,-406,0.84,7,sell
7/14,2317,港商野村,1560,470,134,336,0.7,8,buy
7/14,2317,永豐金-高雄,0039004100390065,13,385,-372,0.77,8,sell
7/14,2317,第一金-中山,5389,319,10,309,0.64,9,buy
7/14,2317,新加坡商瑞銀,1650,2300,2567,-267,0.55,9,sell
7/14,2317,統一-新竹,5857,468,207,261,0.54,10,buy
7/14,2317,中國信託-高雄,003600310036004b,67,221,-154,0.32,10,sell
7/14,2317,元大-府城,0039003800300075,211,8,203,0.42,11,buy
7/14,2317,台新-台北,0039004200320030,251,402,-151,0.31,11,sell
7/14,2317,中國信託-三重,6161,188,9,179,0.37,12,buy
7/14,2317,兆豐-高雄,003700300030005a,18,167,-149,0.31,12,sell
7/14,2317,玉山證券,8840,226,52,174,0.36,13,buy
7/14,2317,臺銀,1040,180,314,-134,0.28,13,sell
7/14,2317,華南永昌-台中,9302,173,11,162,0.34,14,buy
7/14,2317,台新,0039004200300030,390,481,-91,0.19,14,sell
7/14,2317,康和-台北,0038003400350055,166,4,162,0.34,15,buy
7/14,2317,永豐金-萬盛,0039004100390032,28,113,-85,0.18,15,sell
7/14,2454,凱基-台北,9268,819,439,380,3.04,1,buy
7/14,2454,新加坡商瑞銀,1650,634,1163,-529,4.24,1,sell
7/14,2454,元大證券,9800,1570,1251,319,2.56,2,buy
7/14,2454,台新-台北,0039004200320030,9,423,-414,3.32,2,sell
7/14,2454,港商野村,1560,374,92,282,2.26,3,buy
7/14,2454,港商麥格理,1360,103,420,-317,2.54,3,sell
7/14,2454,摩根大通,8440,858,683,175,1.4,4,buy
7/14,2454,美林,1440,551,811,-260,2.08,4,sell
7/14,2454,台灣摩根士丹利,1470,836,709,127,1.02,5,buy
7/14,2454,國泰證券,8880,66,225,-159,1.27,5,sell
7/14,2454,花旗環球,1590,281,167,114,0.91,6,buy
7/14,2454,富邦證券,9600,63,208,-145,1.16,6,sell
7/14,2454,國泰-敦南,8888,183,112,71,0.57,7,buy
7/14,2454,統一,5850,164,292,-128,1.03,7,sell
7/14,2454,中國信託-忠孝,6162,42,8,34,0.27,8,buy
7/14,2454,永豐金證券,0039004100300030,256,352,-96,0.77,8,sell
7/14,2454,富邦-中壢,9636,40,12,28,0.22,9,buy
7/14,2454,台新,0039004200300030,44,132,-88,0.71,9,sell
7/14,2454,國泰-板橋,003800380038004b,77,50,27,0.22,10,buy
7/14,2454,群益金鼎-大安,0039003100380065,0,83,-83,0.67,10,sell
7/14,2454,富邦-敦南,9663,35,14,21,0.17,11,buy
7/14,2454,元大-敦化,9833,6,74,-68,0.54,11,sell
7/14,2454,群益金鼎,9100,53,32,21,0.17,12,buy
7/14,2454,(牛牛牛)亞證券,6010,1,60,-59,0.47,12,sell
7/14,2454,玉山-城中,0038003800340045,24,5,19,0.15,13,buy
7/14,2454,凱基,9200,161,207,-46,0.37,13,sell
7/14,2454,永豐金-匯立,0039004100380031,62,44,18,0.14,14,buy
7/14,2454,永豐金-復興,003900410039005a,18,55,-37,0.3,14,sell
7/14,2454,富邦-新竹,9647,35,19,16,0.13,15,buy
7/14,2454,華南永昌,9300,22,53,-31,0.25,15,sell
7/14,2308,新加坡商瑞銀,1650,757,366,391,3.6,1,buy
7/14,2308,摩根大通,8440,306,1436,-1130,10.4,1,sell
7/14,2308,香港上海匯豐,8960,246,37,209,1.92,2,buy
7/14,2308,花旗環球,1590,227,781,-554,5.1,2,sell
7/14,2308,凱基,9200,219,47,172,1.58,3,buy
7/14,2308,富邦證券,9600,54,409,-355,3.27,3,sell
7/14,2308,宏遠證券,1260,126,1,125,1.15,4,buy
7/14,2308,台灣摩根士丹利,1470,786,1128,-342,3.15,4,sell
7/14,2308,港商麥格理,1360,139,21,118,1.09,5,buy
7/14,2308,美林,1440,145,452,-307,2.83,5,sell
7/14,2308,第一金,5380,113,3,110,1.01,6,buy
7/14,2308,美商高盛,1480,486,759,-273,2.51,6,sell
7/14,2308,統一,5850,162,64,98,0.9,7,buy
7/14,2308,群益金鼎,9100,61,181,-120,1.1,7,sell
7/14,2308,聯邦證券,8580,84,2,82,0.75,8,buy
7/14,2308,國泰證券,8880,87,189,-102,0.94,8,sell
7/14,2308,中國信託,6160,98,18,80,0.74,9,buy
7/14,2308,元大-忠孝,9871,13,88,-75,0.69,9,sell
7/14,2308,永豐金-匯立,0039004100380031,102,27,75,0.69,10,buy
7/14,2308,台新,0039004200300030,45,86,-41,0.38,10,sell
7/14,2308,國泰-敦南,8888,168,98,70,0.64,11,buy
7/14,2308,凱基-台北,9268,427,467,-40,0.37,11,sell
7/14,2308,兆豐證券,7000,55,4,51,0.47,12,buy
7/14,2308,台新-台北,0039004200320030,6,36,-30,0.28,12,sell
7/14,2308,台灣企銀,1110,46,3,43,0.4,13,buy
7/14,2308,凱基-城中,9227,3,31,-28,0.26,13,sell
7/14,2308,元大-北屯,0039003800390064,38,3,35,0.32,14,buy
7/14,2308,富邦-仁愛,9676,28,53,-25,0.23,14,sell
7/14,2308,港商野村,1560,107,74,33,0.3,15,buy
7/14,2308,永豐金證券,0039004100300030,248,271,-23,0.21,15,sell
7/14,2382,永豐金證券,0039004100300030,2157,209,1948,8.67,1,buy
7/14,2382,港商麥格理,1360,857,4120,-3263,14.52,1,sell
7/14,2382,富邦證券,9600,1940,18,1922,8.55,2,buy
7/14,2382,美商高盛,1480,697,1667,-970,4.32,2,sell
7/14,2382,元大證券,9800,2310,1168,1142,5.08,3,buy
7/14,2382,美林,1440,100,1002,-902,4.01,3,sell
7/14,2382,台新,0039004200300030,862,79,783,3.48,4,buy
7/14,2382,凱基-台北,9268,1011,1837,-826,3.67,4,sell
7/14,2382,華南永昌-中正,9359,623,12,611,2.72,5,buy
7/14,2382,港商野村,1560,169,765,-596,2.65,5,sell
7/14,2382,凱基,9200,433,41,392,1.74,6,buy
7/14,2382,台灣摩根士丹利,1470,2176,2557,-381,1.7,6,sell
7/14,2382,國泰證券,8880,332,18,314,1.4,7,buy
7/14,2382,臺銀,1040,156,406,-250,1.11,7,sell
7/14,2382,花旗環球,1590,592,301,291,1.29,8,buy
7/14,2382,(牛牛牛)亞-鑫豐,0036003000310064,25,187,-162,0.72,8,sell
7/14,2382,宏遠證券,1260,160,5,155,0.69,9,buy
7/14,2382,國票-安和,003700370039005a,5,143,-138,0.61,9,sell
7/14,2382,統一,5850,418,277,141,0.63,10,buy
7/14,2382,兆豐-新營,003700300030004b,2,132,-130,0.58,10,sell
7/14,2382,永豐金-萬盛,0039004100390032,143,2,141,0.63,11,buy
7/14,2382,第一金-華江,0035003300380057,14,136,-122,0.54,11,sell
7/14,2382,群益金鼎,9100,238,98,140,0.62,12,buy
7/14,2382,摩根大通,8440,526,618,-92,0.41,12,sell
7/14,2382,康和,8450,125,0,125,0.56,13,buy
7/14,2382,新加坡商瑞銀,1650,288,374,-86,0.38,13,sell
7/14,2382,兆豐證券,7000,101,3,98,0.44,14,buy
7/14,2382,統一-士林,003500380035004d,13,74,-61,0.27,14,sell
7/14,2382,宏遠-民生,1261,72,0,72,0.32,15,buy
7/14,2382,元大-淡水,9899,14,74,-60,0.27,15,sell
7/14,2891,港商麥格理,1360,8012,446,7566,9.44,1,buy
7/14,2891,新加坡商瑞銀,1650,1306,9879,-8573,10.7,1,sell
7/14,2891,摩根大通,8440,9931,4531,5400,6.74,2,buy
7/14,2891,台新-台北,0039004200320030,26,7500,-7474,9.33,2,sell
7/14,2891,元大證券,9800,8115,3478,4637,5.79,3,buy
7/14,2891,華南永昌,9300,73,5018,-4945,6.17,3,sell
7/14,2891,凱基-台北,9268,8361,4830,3531,4.41,4,buy
7/14,2891,台新,0039004200300030,172,4755,-4583,5.72,4,sell
7/14,2891,美林,1440,3185,492,2693,3.36,5,buy
7/14,2891,凱基,9200,748,5271,-4523,5.64,5,sell
7/14,2891,美商高盛,1480,6453,4518,1935,2.41,6,buy
7/14,2891,富邦證券,9600,362,4481,-4119,5.14,6,sell
7/14,2891,元大-中和,0039003800390065,847,5,842,1.05,7,buy
7/14,2891,合庫證券,1020,24,2453,-2429,3.03,7,sell
7/14,2891,國泰-板橋,003800380038004b,763,47,716,0.89,8,buy
7/14,2891,統一,5850,885,2426,-1541,1.92,8,sell
7/14,2891,花旗環球,1590,1629,1124,505,0.63,9,buy
7/14,2891,中國信託,6160,655,2156,-1501,1.87,9,sell
7/14,2891,國泰-敦南,8888,695,198,497,0.62,10,buy
7/14,2891,國泰證券,8880,29,1417,-1388,1.73,10,sell
7/14,2891,富邦-台北,9623,421,14,407,0.51,11,buy
7/14,2891,玉山證券,8840,85,782,-697,0.87,11,sell
7/14,2891,新光,8560,523,120,403,0.5,12,buy
7/14,2891,兆豐證券,7000,59,450,-391,0.49,12,sell
7/14,2891,富邦-敦南,9663,409,14,395,0.49,13,buy
7/14,2891,元大-屏南,0039003800310072,6,350,-344,0.43,13,sell
7/14,2891,法銀巴黎,8900,411,34,377,0.47,14,buy
7/14,2891,康和,8450,26,200,-174,0.22,14,sell
7/14,2891,國票-敦北法人,0037003700390063,282,5,277,0.35,15,buy
7/14,2891,永豐金-敦南,0039004100380046,77,244,-167,0.21,15,sell
7/14,2881,永豐金證券,0039004100300030,1217,133,1084,4.05,1,buy
7/14,2881,台灣摩根士丹利,1470,1297,4092,-2795,10.45,1,sell
7/14,2881,玉山證券,8840,1022,41,981,3.67,2,buy
7/14,2881,新加坡商瑞銀,1650,191,1813,-1622,6.06,2,sell
7/14,2881,中國信託,6160,1126,159,967,3.61,3,buy
7/14,2881,凱基,9200,204,1257,-1053,3.94,3,sell
7/14,2881,元大證券,9800,2736,1826,910,3.4,4,buy
7/14,2881,美林,1440,370,878,-508,1.9,4,sell
7/14,2881,摩根大通,8440,2282,1413,869,3.25,5,buy
7/14,2881,永豐金-敦南,0039004100380046,8,512,-504,1.88,5,sell
7/14,2881,美商高盛,1480,3287,2594,693,2.59,6,buy
7/14,2881,國泰證券,8880,175,586,-411,1.54,6,sell
7/14,2881,群益金鼎,9100,642,106,536,2.0,7,buy
7/14,2881,台新-台北,0039004200320030,6,418,-412,1.54,7,sell
7/14,2881,統一,5850,461,2,459,1.72,8,buy
7/14,2881,富邦-新板,0039003600310048,1,205,-204,0.76,8,sell
7/14,2881,港商麥格理,1360,1057,704,353,1.32,9,buy
7/14,2881,第一金-新興,0035003300380041,7,206,-199,0.74,9,sell
7/14,2881,凱基-台北,9268,1905,1682,223,0.83,10,buy
7/14,2881,康和,8450,0,100,-100,0.37,10,sell
7/14,2881,福邦證券,6480,200,0,200,0.75,11,buy
7/14,2881,元大-南崁,0039003800300051,0,99,-99,0.37,11,sell
7/14,2881,玉山-新莊,8842,156,0,156,0.58,12,buy
7/14,2881,新光,8560,43,140,-97,0.36,12,sell
7/14,2881,法銀巴黎,8900,183,46,137,0.51,13,buy
7/14,2881,凱基-大安,9291,1,80,-79,0.3,13,sell
7/14,2881,兆豐-城中,0037003000300057,797,677,120,0.45,14,buy
7/14,2881,元大-大同,0039003800390047,0,67,-67,0.25,14,sell
7/14,2881,兆豐證券,7000,93,0,93,0.35,15,buy
7/14,2881,元大-博愛,0039003800320042,12,70,-58,0.22,15,sell
7/14,2882,港商麥格理,1360,2497,3,2494,11.16,1,buy
7/14,2882,新加坡商瑞銀,1650,923,3622,-2699,12.07,1,sell
7/14,2882,富邦證券,9600,1599,227,1372,6.14,2,buy
7/14,2882,玉山證券,8840,19,1857,-1838,8.22,2,sell
7/14,2882,永豐金證券,0039004100300030,1304,171,1133,5.07,3,buy
7/14,2882,台灣摩根士丹利,1470,675,2252,-1577,7.05,3,sell
7/14,2882,花旗環球,1590,1753,656,1097,4.91,4,buy
7/14,2882,美商高盛,1480,1127,1985,-858,3.84,4,sell
7/14,2882,元大證券,9800,1792,735,1057,4.73,5,buy
7/14,2882,港商野村,1560,38,885,-847,3.79,5,sell
7/14,2882,凱基,9200,633,32,601,2.69,6,buy
7/14,2882,新光,8560,86,354,-268,1.2,6,sell
7/14,2882,永豐金-竹科,0039004100390058,232,1,231,1.03,7,buy
7/14,2882,元大-員林中山,9835,40,238,-198,0.89,7,sell
7/14,2882,美林,1440,582,435,147,0.66,8,buy
7/14,2882,兆豐-新竹,0037003000300056,6,132,-126,0.56,8,sell
7/14,2882,中國信託,6160,176,58,118,0.53,9,buy
7/14,2882,元大-板橋三民,9879,4,116,-112,0.5,9,sell
7/14,2882,凱基-台北,9268,976,864,112,0.5,10,buy
7/14,2882,富邦-板橋,9655,21,97,-76,0.34,10,sell
7/14,2882,群益金鼎,9100,138,31,107,0.48,11,buy
7/14,2882,合庫-鳳山,1029,0,70,-70,0.31,11,sell
7/14,2882,香港上海匯豐,8960,104,3,101,0.45,12,buy
7/14,2882,統一-南京,0035003800350055,1,63,-62,0.28,12,sell
7/14,2882,國泰-板橋,003800380038004b,154,65,89,0.4,13,buy
7/14,2882,凱基-竹北,9234,0,60,-60,0.27,13,sell
7/14,2882,摩根大通,8440,2709,2635,74,0.33,14,buy
7/14,2882,群益金鼎-館前,0039003100330059,52,107,-55,0.25,14,sell
7/14,2882,第一金-新興,0035003300380041,68,0,68,0.3,15,buy
7/14,2882,元大-博愛,0039003800320042,8,57,-49,0.22,15,sell
7/14,2303,美林,1440,10785,543,10242,11.67,1,buy
7/14,2303,統一,5850,865,4608,-3743,4.26,1,sell
7/14,2303,新加坡商瑞銀,1650,6240,2035,4205,4.79,2,buy
7/14,2303,美商高盛,1480,990,4361,-3371,3.84,2,sell
7/14,2303,摩根大通,8440,4678,983,3695,4.21,3,buy
7/14,2303,凱基,9200,559,3431,-2872,3.27,3,sell
7/14,2303,凱基-台北,9268,3127,1183,1944,2.21,4,buy
7/14,2303,富邦證券,9600,5115,7380,-2265,2.58,4,sell
7/14,2303,元大證券,9800,6341,5046,1295,1.48,5,buy
7/14,2303,兆豐證券,7000,72,1579,-1507,1.72,5,sell
7/14,2303,中國信託,6160,2093,1059,1034,1.18,6,buy
7/14,2303,元大-蘆洲,9857,92,1534,-1442,1.64,6,sell
7/14,2303,永豐金證券,0039004100300030,1828,1237,591,0.67,7,buy
7/14,2303,康和,8450,10,1314,-1304,1.49,7,sell
7/14,2303,國票-台中,0037003700390076,419,7,412,0.47,8,buy
7/14,2303,永豐金-匯立,0039004100380031,195,1397,-1202,1.37,8,sell
7/14,2303,群益金鼎-忠孝,0039003100380057,540,210,330,0.38,9,buy
7/14,2303,宏遠證券,1260,22,1102,-1080,1.23,9,sell
7/14,2303,兆豐-彰化,0037003000300064,384,194,190,0.22,10,buy
7/14,2303,港商野村,1560,199,1098,-899,1.02,10,sell
7/14,2303,元大-樹林,003900380039006a,196,14,182,0.21,11,buy
7/14,2303,元大-忠孝,9871,46,861,-815,0.93,11,sell
7/14,2303,台灣摩根士丹利,1470,3492,3317,175,0.2,12,buy
7/14,2303,群益金鼎,9100,445,1194,-749,0.85,12,sell
7/14,2303,凱基-基隆,0039003200300048,235,68,167,0.19,13,buy
7/14,2303,兆豐-忠孝,0037003000300061,209,824,-615,0.7,13,sell
7/14,2303,富邦-仁愛,9676,402,243,159,0.18,14,buy
7/14,2303,國票-安和,003700370039005a,208,731,-523,0.6,14,sell
7/14,2303,大昌-樹林,6461,156,10,146,0.17,15,buy
7/14,2303,永豐金-天母,0039004100390047,46,532,-486,0.55,15,sell
7/14,3711,富邦證券,9600,806,214,592,2.49,1,buy
7/14,3711,美林,1440,542,1830,-1288,5.42,1,sell
7/14,3711,永豐金證券,0039004100300030,909,470,439,1.85,2,buy
7/14,3711,新加坡商瑞銀,1650,454,1266,-812,3.42,2,sell
7/14,3711,香港上海匯豐,8960,292,72,220,0.93,3,buy
7/14,3711,台新-台北,0039004200320030,13,809,-796,3.35,3,sell
7/14,3711,美商高盛,1480,2227,2023,204,0.86,4,buy
7/14,3711,台灣摩根士丹利,1470,601,1376,-775,3.26,4,sell
7/14,3711,台新,0039004200300030,241,84,157,0.66,5,buy
7/14,3711,凱基-台北,9268,861,1451,-590,2.48,5,sell
7/14,3711,凱基,9200,159,14,145,0.61,6,buy
7/14,3711,元大證券,9800,3087,3496,-409,1.72,6,sell
7/14,3711,國泰-敦南,8888,455,316,139,0.58,7,buy
7/14,3711,群益金鼎,9100,161,442,-281,1.18,7,sell
7/14,3711,富邦-仁愛,9676,141,35,106,0.45,8,buy
7/14,3711,摩根大通,8440,689,891,-202,0.85,8,sell
7/14,3711,凱基-士林,9238,102,4,98,0.41,9,buy
7/14,3711,群益金鼎-敦南,9101,5,201,-196,0.82,9,sell
7/14,3711,中國信託,6160,114,41,73,0.31,10,buy
7/14,3711,(牛牛牛)亞證券,6010,10,200,-190,0.8,10,sell
7/14,3711,港商野村,1560,81,13,68,0.29,11,buy
7/14,3711,富邦-建國,9658,26,176,-150,0.63,11,sell
7/14,3711,凱基-信義,9216,61,4,57,0.24,12,buy
7/14,3711,兆豐-大同,0037003000300053,9,120,-111,0.47,12,sell
7/14,3711,元大-彰化民生,003900380039004a,60,11,49,0.21,13,buy
7/14,3711,花旗環球,1590,393,502,-109,0.46,13,sell
7/14,3711,國泰-台中,8882,133,88,45,0.19,14,buy
7/14,3711,元大-沙鹿,0039003800300064,19,84,-65,0.27,14,sell
7/14,3711,台新-大昌,0039004200320044,61,16,45,0.19,15,buy
7/14,3711,統一,5850,306,363,-57,0.24,15,sell
7/14,2603,台灣摩根士丹利,1470,1311,347,964,10.34,1,buy
7/14,2603,美商高盛,1480,230,1086,-856,9.18,1,sell
7/14,2603,摩根大通,8440,1184,586,598,6.41,2,buy
7/14,2603,港商麥格理,1360,270,916,-646,6.93,2,sell
7/14,2603,元大證券,9800,870,375,495,5.31,3,buy
7/14,2603,凱基,9200,136,621,-485,5.2,3,sell
7/14,2603,凱基-台北,9268,938,499,439,4.71,4,buy
7/14,2603,新加坡商瑞銀,1650,112,284,-172,1.84,4,sell
7/14,2603,永豐金證券,0039004100300030,365,30,335,3.59,5,buy
7/14,2603,國泰-敦南,8888,91,251,-160,1.72,5,sell
7/14,2603,美林,1440,647,328,319,3.42,6,buy
7/14,2603,富邦證券,9600,10,65,-55,0.59,6,sell
7/14,2603,花旗環球,1590,368,57,311,3.33,7,buy
7/14,2603,富邦-基隆,9614,0,46,-46,0.49,7,sell
7/14,2603,港商野村,1560,150,11,139,1.49,8,buy
7/14,2603,凱基-桃園,9208,5,44,-39,0.42,8,sell
7/14,2603,國泰-松江,8883,106,1,105,1.13,9,buy
7/14,2603,元大-雙和,9874,1,38,-37,0.4,9,sell
7/14,2603,第一金,5380,100,12,88,0.94,10,buy
7/14,2603,元大-高雄,003900380031006d,0,37,-37,0.4,10,sell
7/14,2603,永豐金-竹科,0039004100390058,64,4,60,0.64,11,buy
7/14,2603,元大-南京,9862,3,39,-36,0.39,11,sell
7/14,2603,群益金鼎,9100,98,43,55,0.59,12,buy
7/14,2603,元大-景美,0039003800340048,1,32,-31,0.33,12,sell
7/14,2603,兆豐證券,7000,54,0,54,0.58,13,buy
7/14,2603,元大-東泰,9817,0,26,-26,0.28,13,sell
7/14,2603,統一-新竹,5857,34,1,33,0.35,14,buy
7/14,2603,日茂,5960,0,25,-25,0.27,14,sell
7/14,2603,永豐金-天母,0039004100390047,42,11,31,0.33,15,buy
7/14,2603,元大-土城永寧,9875,4,29,-25,0.27,15,sell
7/14,2609,花旗環球,1590,2501,224,2277,6.51,1,buy
7/14,2609,台灣摩根士丹利,1470,517,7373,-6856,19.59,1,sell
7/14,2609,港商麥格理,1360,825,0,825,2.36,2,buy
7/14,2609,國泰證券,8880,3,2306,-2303,6.58,2,sell
7/14,2609,國泰-敦南,8888,968,374,594,1.7,3,buy
7/14,2609,兆豐證券,7000,6,1900,-1894,5.41,3,sell
7/14,2609,臺銀-臺南,1042,587,48,539,1.54,4,buy
7/14,2609,統一,5850,24,1341,-1317,3.76,4,sell
7/14,2609,摩根大通,8440,936,409,527,1.51,5,buy
7/14,2609,美商高盛,1480,531,1812,-1281,3.66,5,sell
7/14,2609,華南永昌-敦南,9347,254,2,252,0.72,6,buy
7/14,2609,新加坡商瑞銀,1650,87,1261,-1174,3.36,6,sell
7/14,2609,中國信託,6160,296,50,246,0.7,7,buy
7/14,2609,凱基,9200,155,1074,-919,2.63,7,sell
7/14,2609,凱基-中港,9202,237,10,227,0.65,8,buy
7/14,2609,凱基-台北,9268,1696,2377,-681,1.95,8,sell
7/14,2609,高橋-內壢,5323,227,11,216,0.62,9,buy
7/14,2609,美林,1440,150,809,-659,1.88,9,sell
7/14,2609,寶盛,5460,204,0,204,0.58,10,buy
7/14,2609,富邦證券,9600,14,568,-554,1.58,10,sell
7/14,2609,統一-城中,5854,207,10,197,0.56,11,buy
7/14,2609,大和國泰,8890,0,500,-500,1.43,11,sell
7/14,2609,永豐金證券,0039004100300030,283,95,188,0.54,12,buy
7/14,2609,永豐金-中和,0039004100390042,15,394,-379,1.08,12,sell
7/14,2609,美好-蘆洲,5261,186,4,182,0.52,13,buy
7/14,2609,元大證券,9800,1714,2076,-362,1.03,13,sell
7/14,2609,華南永昌-大甲,9315,179,0,179,0.51,14,buy
7/14,2609,富邦-港都,0039003600320051,10,302,-292,0.83,14,sell
7/14,2609,華南永昌-高雄,9303,203,25,178,0.51,15,buy
7/14,2609,港商野村,1560,47,336,-289,0.83,15,sell
7/14,2615,港商麥格理,1360,545,5,540,6.9,1,buy
7/14,2615,摩根大通,8440,677,1157,-480,6.13,1,sell
7/14,2615,花旗環球,1590,506,39,467,5.96,2,buy
7/14,2615,合庫證券,1020,37,200,-163,2.08,2,sell
7/14,2615,美林,1440,377,71,306,3.91,3,buy
7/14,2615,台灣企銀-豐原,1118,0,150,-150,1.92,3,sell
7/14,2615,美商高盛,1480,381,186,195,2.49,4,buy
7/14,2615,凱基-台北,9268,565,680,-115,1.47,4,sell
7/14,2615,台灣摩根士丹利,1470,758,611,147,1.88,5,buy
7/14,2615,永豐金-敦南,0039004100380046,6,89,-83,1.06,5,sell
7/14,2615,元大證券,9800,704,576,128,1.63,6,buy
7/14,2615,國泰-高雄,8881,20,101,-81,1.03,6,sell
7/14,2615,凱基,9200,69,0,69,0.88,7,buy
7/14,2615,國泰-敦南,8888,77,135,-58,0.74,7,sell
7/14,2615,法銀巴黎,8900,60,0,60,0.77,8,buy
7/14,2615,國票-南港,7795,0,55,-55,0.7,8,sell
7/14,2615,兆豐-民生,0037003000300063,51,1,50,0.64,9,buy
7/14,2615,凱基-站前,0039003200300046,3,55,-52,0.66,9,sell
7/14,2615,合庫-高雄,1023,41,0,41,0.52,10,buy
7/14,2615,台新-虎尾,003900420032004e,0,51,-51,0.65,10,sell
7/14,2615,元大-北投,0039003800390041,46,8,38,0.49,11,buy
7/14,2615,華南永昌-板橋,9349,4,50,-46,0.59,11,sell
7/14,2615,永豐金證券,0039004100300030,99,63,36,0.46,12,buy
7/14,2615,凱基-內埔,9225,0,45,-45,0.57,12,sell
7/14,2615,元大-天母,0039003800310049,76,41,35,0.45,13,buy
7/14,2615,元大-大雅,0039003800330069,2,42,-40,0.51,13,sell
7/14,2615,統一-內湖,0035003800350062,33,0,33,0.42,14,buy
7/14,2615,台新-高雄,0039004200310067,11,42,-31,0.4,14,sell
7/14,2615,元大-龍潭,9858,32,5,27,0.34,15,buy
7/14,2615,凱基-虎尾,9236,0,31,-31,0.4,15,sell
7/14,2618,摩根大通,8440,16396,1863,14533,17.85,1,buy
7/14,2618,統一,5850,145,37427,-37282,45.79,1,sell
7/14,2618,港商麥格理,1360,13906,121,13785,16.93,2,buy
7/14,2618,凱基,9200,260,4624,-4364,5.36,2,sell
7/14,2618,美商高盛,1480,11180,4513,6667,8.19,3,buy
7/14,2618,新加坡商瑞銀,1650,1370,3742,-2372,2.91,3,sell
7/14,2618,凱基-台北,9268,8498,3320,5178,6.36,4,buy
7/14,2618,富邦證券,9600,7,372,-365,0.45,4,sell
7/14,2618,元大證券,9800,7666,5385,2281,2.8,5,buy
7/14,2618,群益金鼎-新莊,0039003100380047,0,264,-264,0.32,5,sell
7/14,2618,台灣摩根士丹利,1470,5681,4139,1542,1.89,6,buy
7/14,2618,元大-土城學府,9822,1,258,-257,0.32,6,sell
7/14,2618,花旗環球,1590,1767,295,1472,1.81,7,buy
7/14,2618,永豐金證券,0039004100300030,1204,1455,-251,0.31,7,sell
7/14,2618,法銀巴黎,8900,1212,29,1183,1.45,8,buy
7/14,2618,元大-樹林,003900380039006a,29,258,-229,0.28,8,sell
7/14,2618,香港上海匯豐,8960,1153,0,1153,1.42,9,buy
7/14,2618,新光-台南,8564,2,199,-197,0.24,9,sell
7/14,2618,美林,1440,1126,404,722,0.89,10,buy
7/14,2618,富邦-陽明,9604,45,221,-176,0.22,10,sell
7/14,2618,中國信託,6160,417,74,343,0.42,11,buy
7/14,2618,臺銀-臺中,0031003000340041,68,213,-145,0.18,11,sell
7/14,2618,港商野村,1560,273,16,257,0.32,12,buy
7/14,2618,元大-中壢,9834,32,176,-144,0.18,12,sell
7/14,2618,富邦-新店,9661,245,32,213,0.26,13,buy
7/14,2618,國泰-敦南,8888,231,369,-138,0.17,13,sell
7/14,2618,臺銀-高雄,0031003000340043,290,96,194,0.24,14,buy
7/14,2618,亞東,2180,87,213,-126,0.15,14,sell
7/14,2618,元大-善化,0039003800310079,202,9,193,0.24,15,buy
7/14,2618,富邦-竹科,0039003600320043,1,125,-124,0.15,15,sell
7/14,3037,新加坡商瑞銀,1650,992,483,509,1.8,1,buy
7/14,3037,台灣摩根士丹利,1470,1943,4921,-2978,10.51,1,sell
7/14,3037,富邦證券,9600,462,146,316,1.11,2,buy
7/14,3037,美商高盛,1480,617,1396,-779,2.75,2,sell
7/14,3037,永豐金證券,0039004100300030,531,218,313,1.1,3,buy
7/14,3037,摩根大通,8440,542,930,-388,1.37,3,sell
7/14,3037,凱基,9200,250,24,226,0.8,4,buy
7/14,3037,凱基-台北,9268,2408,2774,-366,1.29,4,sell
7/14,3037,兆豐證券,7000,271,63,208,0.73,5,buy
7/14,3037,元大-鳳山,003900380033005a,81,224,-143,0.5,5,sell
7/14,3037,國泰-敦南,8888,817,654,163,0.58,6,buy
7/14,3037,華南永昌,9300,40,153,-113,0.4,6,sell
7/14,3037,元大證券,9800,3627,3483,144,0.51,7,buy
7/14,3037,港商麥格理,1360,112,210,-98,0.35,7,sell
7/14,3037,國泰證券,8880,153,43,110,0.39,8,buy
7/14,3037,永豐金-松山,0039004100390031,27,120,-93,0.33,8,sell
7/14,3037,群益金鼎,9100,268,168,100,0.35,9,buy
7/14,3037,合庫-西台中,0031003000320046,11,71,-60,0.21,9,sell
7/14,3037,台新,0039004200300030,185,89,96,0.34,10,buy
7/14,3037,中國信託-三重,6161,8,64,-56,0.2,10,sell
7/14,3037,元大-大天母,9893,112,43,69,0.24,11,buy
7/14,3037,美林,1440,1381,1436,-55,0.19,11,sell
7/14,3037,中國信託,6160,126,63,63,0.22,12,buy
7/14,3037,兆豐-公益,003700300030004a,82,130,-48,0.17,12,sell
7/14,3037,花旗環球,1590,229,171,58,0.2,13,buy
7/14,3037,永豐金-竹科,0039004100390058,26,70,-44,0.16,13,sell
7/14,3037,凱基-站前,0039003200300046,80,24,56,0.2,14,buy
7/14,3037,群益金鼎-永和,003900310038004a,5,46,-41,0.14,14,sell
7/14,3037,富邦-中壢,9636,83,31,52,0.18,15,buy
7/14,3037,群益金鼎-屏東,0039003100330048,4,42,-38,0.13,15,sell
7/14,2345,台灣摩根士丹利,1470,290,65,225,7.28,1,buy
7/14,2345,新加坡商瑞銀,1650,59,349,-290,9.38,1,sell
7/14,2345,美商高盛,1480,377,241,136,4.4,2,buy
7/14,2345,美林,1440,64,190,-126,4.08,2,sell
7/14,2345,摩根大通,8440,207,126,81,2.62,3,buy
7/14,2345,花旗環球,1590,69,177,-108,3.49,3,sell
7/14,2345,凱基,9200,94,24,70,2.26,4,buy
7/14,2345,富邦證券,9600,31,138,-107,3.46,4,sell
7/14,2345,凱基-台北,9268,277,217,60,1.94,5,buy
7/14,2345,國票-天祥,0037003700390056,0,78,-78,2.52,5,sell
7/14,2345,永豐金證券,0039004100300030,188,135,53,1.71,6,buy
7/14,2345,統一,5850,4,81,-77,2.49,6,sell
7/14,2345,港商麥格理,1360,81,32,49,1.59,7,buy
7/14,2345,中國信託,6160,16,58,-42,1.36,7,sell
7/14,2345,國泰-敦南,8888,30,12,18,0.58,8,buy
7/14,2345,元大-竹科,003900380030004b,4,42,-38,1.23,8,sell
7/14,2345,國泰-板橋,003800380038004b,20,7,13,0.42,9,buy
7/14,2345,富邦-建國,9658,16,52,-36,1.16,9,sell
7/14,2345,國泰-新莊,8886,12,2,10,0.32,10,buy
7/14,2345,台新,0039004200300030,33,58,-25,0.81,10,sell
7/14,2345,元大證券,9800,254,245,9,0.29,11,buy
7/14,2345,合庫證券,1020,1,13,-12,0.39,11,sell
7/14,2345,統一-板橋,0035003800350050,8,0,8,0.26,12,buy
7/14,2345,新光,8560,24,35,-11,0.36,12,sell
7/14,2345,富邦-新板,0039003600310048,7,0,7,0.23,13,buy
7/14,2345,國泰證券,8880,4,14,-10,0.32,13,sell
7/14,2345,玉山-新莊,8842,10,4,6,0.19,14,buy
7/14,2345,凱基-站前,0039003200300046,6,15,-9,0.29,14,sell
7/14,2345,凱基-高美館,9215,8,2,6,0.19,15,buy
7/14,2345,香港上海匯豐,8960,5,13,-8,0.26,15,sell
7/14,3006,美林,1440,640,214,426,3.16,1,buy
7/14,3006,台灣企銀-桃園,0031003100310045,2,594,-592,4.39,1,sell
7/14,3006,元大證券,9800,1460,1135,325,2.41,2,buy
7/14,3006,美商高盛,1480,482,889,-407,3.02,2,sell
7/14,3006,港商麥格理,1360,324,0,324,2.4,3,buy
7/14,3006,永豐金-竹北,0039004100390050,5,311,-306,2.27,3,sell
7/14,3006,群益金鼎-館前,0039003100330059,90,6,84,0.62,4,buy
7/14,3006,凱基-台北,9268,871,1130,-259,1.92,4,sell
7/14,3006,富邦-南屯,9666,79,25,54,0.4,5,buy
7/14,3006,新加坡商瑞銀,1650,351,606,-255,1.89,5,sell
7/14,3006,富邦-建國,9658,74,29,45,0.33,6,buy
7/14,3006,群益金鼎,9100,96,270,-174,1.29,6,sell
7/14,3006,永豐金-新竹,0039004100390037,48,5,43,0.32,7,buy
7/14,3006,富邦證券,9600,19,163,-144,1.07,7,sell
7/14,3006,凱基-板橋,0039003200300041,59,19,40,0.3,8,buy
7/14,3006,港商野村,1560,73,216,-143,1.06,8,sell
7/14,3006,元大-中山北路,0039003800300061,40,1,39,0.29,9,buy
7/14,3006,聯邦-大業,8586,1,102,-101,0.75,9,sell
7/14,3006,富邦-台北,9623,51,14,37,0.27,10,buy
7/14,3006,元大-蘆洲中正,0039003800390049,62,155,-93,0.69,10,sell
7/14,3006,群益金鼎-大甲,0039003100380067,60,25,35,0.26,11,buy
7/14,3006,永豐金-羅東,0039004100390041,6,87,-81,0.6,11,sell
7/14,3006,台灣摩根士丹利,1470,558,525,33,0.24,12,buy
7/14,3006,凱基,9200,3,82,-79,0.59,12,sell
7/14,3006,康和-新竹,8456,43,11,32,0.24,13,buy
7/14,3006,永豐金-匯立,0039004100380031,0,76,-76,0.56,13,sell
7/14,3006,富邦-高雄,9659,63,32,31,0.23,14,buy
7/14,3006,凱基-新莊,0039003200310053,13,89,-76,0.56,14,sell
7/14,3006,富邦-七賢,003900360031004b,41,10,31,0.23,15,buy
7/14,3006,花旗環球,1590,43,118,-75,0.56,15,sell
7/14,2379,凱基-台北,9268,522,113,409,10.12,1,buy
7/14,2379,摩根大通,8440,376,685,-309,7.64,1,sell
7/14,2379,元大證券,9800,495,190,305,7.54,2,buy
7/14,2379,台灣摩根士丹利,1470,485,702,-217,5.37,2,sell
7/14,2379,花旗環球,1590,140,14,126,3.12,3,buy
7/14,2379,港商麥格理,1360,6,164,-158,3.91,3,sell
7/14,2379,群益金鼎,9100,97,21,76,1.88,4,buy
7/14,2379,大和國泰,8890,0,39,-39,0.96,4,sell
7/14,2379,凱基,9200,64,4,60,1.48,5,buy
7/14,2379,香港上海匯豐,8960,2,32,-30,0.74,5,sell
7/14,2379,聯邦-興中,8587,55,1,54,1.34,6,buy
7/14,2379,美商高盛,1480,315,339,-24,0.59,6,sell
7/14,2379,法銀巴黎,8900,34,0,34,0.84,7,buy
7/14,2379,國泰-敦南,8888,37,51,-14,0.35,7,sell
7/14,2379,群益金鼎-東大,9135,35,3,32,0.79,8,buy
7/14,2379,第一金-高雄,5383,1,13,-12,0.3,8,sell
7/14,2379,永豐金證券,0039004100300030,122,93,29,0.72,9,buy
7/14,2379,台中銀-員林,6114,0,12,-12,0.3,9,sell
7/14,2379,華南永昌,9300,23,4,19,0.47,10,buy
7/14,2379,永豐金-古亭,0039004100390064,0,12,-12,0.3,10,sell
7/14,2379,富邦證券,9600,39,26,13,0.32,11,buy
7/14,2379,富邦-新竹,9647,11,22,-11,0.27,11,sell
7/14,2379,中國信託,6160,26,13,13,0.32,12,buy
7/14,2379,土銀-台南,1032,1,12,-11,0.27,12,sell
7/14,2379,統一-永和,0035003800350042,14,4,10,0.25,13,buy
7/14,2379,群益金鼎-新竹,9186,6,17,-11,0.27,13,sell
7/14,2379,大昌-新竹,6463,10,0,10,0.25,14,buy
7/14,2379,國泰-台中,8882,5,16,-11,0.27,14,sell
7/14,2379,台新-新竹,0039004200320047,7,0,7,0.17,15,buy
7/14,2379,致和證券,7030,0,10,-10,0.25,15,sell
7/14,3034,美林,1440,2035,201,1834,15.67,1,buy
7/14,3034,富邦證券,9600,104,1694,-1590,13.58,1,sell
7/14,3034,花旗環球,1590,1276,48,1228,10.49,2,buy
7/14,3034,台新-台北,0039004200320030,0,1274,-1274,10.88,2,sell
7/14,3034,美商高盛,1480,1671,496,1175,10.04,3,buy
7/14,3034,港商野村,1560,39,849,-810,6.92,3,sell
7/14,3034,台灣摩根士丹利,1470,1327,488,839,7.17,4,buy
7/14,3034,中國信託,6160,33,717,-684,5.84,4,sell
7/14,3034,新加坡商瑞銀,1650,424,26,398,3.4,5,buy
7/14,3034,兆豐證券,7000,12,409,-397,3.39,5,sell
7/14,3034,凱基-台北,9268,852,457,395,3.37,6,buy
7/14,3034,華南永昌-中正,9359,0,382,-382,3.26,6,sell
7/14,3034,港商麥格理,1360,434,44,390,3.33,7,buy
7/14,3034,國泰證券,8880,51,273,-222,1.9,7,sell
7/14,3034,凱基,9200,332,35,297,2.54,8,buy
7/14,3034,台新-城東,0039004200320072,5,222,-217,1.85,8,sell
7/14,3034,法銀巴黎,8900,47,5,42,0.36,9,buy
7/14,3034,台新,0039004200300030,15,224,-209,1.79,9,sell
7/14,3034,國票-敦北法人,0037003700390063,34,2,32,0.27,10,buy
7/14,3034,臺銀,1040,5,203,-198,1.69,10,sell
7/14,3034,玉山-雙和,8841,21,0,21,0.18,11,buy
7/14,3034,大和國泰,8890,0,150,-150,1.28,11,sell
7/14,3034,永豐金-匯立,0039004100380031,21,0,21,0.18,12,buy
7/14,3034,摩根大通,8440,447,586,-139,1.19,12,sell
7/14,3034,永豐金-桃園,0039004100390078,21,0,21,0.18,13,buy
7/14,3034,永豐金證券,0039004100300030,140,279,-139,1.19,13,sell
7/14,3034,富邦-南港,0039003600320041,21,0,21,0.18,14,buy
7/14,3034,統一,5850,14,101,-87,0.74,14,sell
7/14,3034,富邦-仁愛,9676,20,2,18,0.15,15,buy
7/14,3034,元大證券,9800,990,1073,-83,0.71,15,sell
7/14,2412,統一-台南,5855,1734,7,1727,6.08,1,buy
7/14,2412,摩根大通,8440,3185,6426,-3241,11.4,1,sell
7/14,2412,凱基-台北,9268,3222,1605,1617,5.69,2,buy
7/14,2412,美商高盛,1480,398,3562,-3164,11.13,2,sell
7/14,2412,港商麥格理,1360,949,311,638,2.24,3,buy
7/14,2412,永豐金證券,0039004100300030,594,2911,-2317,8.15,3,sell
7/14,2412,凱基,9200,560,49,511,1.8,4,buy
7/14,2412,新加坡商瑞銀,1650,85,1963,-1878,6.61,4,sell
7/14,2412,花旗環球,1590,1092,608,484,1.7,5,buy
7/14,2412,台灣摩根士丹利,1470,795,2181,-1386,4.88,5,sell
7/14,2412,元大-館前,003900380034004b,433,1,432,1.52,6,buy
7/14,2412,元大證券,9800,1360,2047,-687,2.42,6,sell
7/14,2412,國泰證券,8880,295,0,295,1.04,7,buy
7/14,2412,華南永昌-中正,9359,22,600,-578,2.03,7,sell
7/14,2412,國泰-敦南,8888,383,108,275,0.97,8,buy
7/14,2412,港商野村,1560,38,371,-333,1.17,8,sell
7/14,2412,富邦-台北,9623,238,5,233,0.82,9,buy
7/14,2412,兆豐證券,7000,10,300,-290,1.02,9,sell
7/14,2412,元大-永春,9852,195,5,190,0.67,10,buy
7/14,2412,華南永昌,9300,129,336,-207,0.73,10,sell
7/14,2412,(牛牛牛)亞-鑫豐,0036003000310064,181,1,180,0.63,11,buy
7/14,2412,元大-松江,9801,4,201,-197,0.69,11,sell
7/14,2412,台新,0039004200300030,183,17,166,0.58,12,buy
7/14,2412,臺銀-臺南,1042,69,201,-132,0.46,12,sell
7/14,2412,富邦證券,9600,157,15,142,0.5,13,buy
7/14,2412,元大-龍潭,9858,27,151,-124,0.44,13,sell
7/14,2412,國泰-台中,8882,160,20,140,0.49,14,buy
7/14,2412,美林,1440,115,205,-90,0.32,14,sell
7/14,2412,中國信託,6160,137,2,135,0.48,15,buy
7/14,2412,彰銀,1230,1,83,-82,0.29,15,sell
7/14,2890,元大證券,9800,8993,890,8103,22.81,1,buy
7/14,2890,美林,1440,1982,6554,-4572,12.87,1,sell
7/14,2890,摩根大通,8440,4622,2383,2239,6.3,2,buy
7/14,2890,台灣摩根士丹利,1470,789,5140,-4351,12.25,2,sell
7/14,2890,港商麥格理,1360,1698,218,1480,4.17,3,buy
7/14,2890,新加坡商瑞銀,1650,807,3912,-3105,8.74,3,sell
7/14,2890,統一,5850,961,80,881,2.48,4,buy
7/14,2890,第一金-高雄,5383,0,2460,-2460,6.92,4,sell
7/14,2890,凱基,9200,1000,437,563,1.58,5,buy
7/14,2890,富邦證券,9600,172,581,-409,1.15,5,sell
7/14,2890,永豐金證券,0039004100300030,655,106,549,1.55,6,buy
7/14,2890,元大-大同,0039003800390047,7,402,-395,1.11,6,sell
7/14,2890,凱基-台北,9268,2173,1672,501,1.41,7,buy
7/14,2890,國泰-板橋,003800380038004b,22,388,-366,1.03,7,sell
7/14,2890,元大-館前,003900380034004b,384,0,384,1.08,8,buy
7/14,2890,花旗環球,1590,1460,1804,-344,0.97,8,sell
7/14,2890,群益金鼎,9100,472,217,255,0.72,9,buy
7/14,2890,香港上海匯豐,8960,78,383,-305,0.86,9,sell
7/14,2890,元大-四維,9831,218,8,210,0.59,10,buy
7/14,2890,光和-溪湖,6381,1,205,-204,0.57,10,sell
7/14,2890,元大-中山北路,0039003800300061,170,2,168,0.47,11,buy
7/14,2890,元大-樹林,003900380039006a,22,184,-162,0.46,11,sell
7/14,2890,永豐金-松山,0039004100390031,185,18,167,0.47,12,buy
7/14,2890,美商高盛,1480,2185,2309,-124,0.35,12,sell
7/14,2890,法銀巴黎,8900,166,24,142,0.4,13,buy
7/14,2890,永全-南崁,6451,2,111,-109,0.31,13,sell
7/14,2890,永豐金-台南,0039004100390068,201,63,138,0.39,14,buy
7/14,2890,華南永昌-岡山,9324,0,103,-103,0.29,14,sell
7/14,2890,臺銀-高雄,0031003000340043,117,5,112,0.32,15,buy
7/14,2890,中國信託-新竹,6165,3,101,-98,0.28,15,sell
7/14,2887,元大證券,9800,13484,4458,9026,10.36,1,buy
7/14,2887,第一金-台中,5382,10,8211,-8201,9.42,1,sell
7/14,2887,群益金鼎,9100,7686,208,7478,8.59,2,buy
7/14,2887,台灣摩根士丹利,1470,1003,6755,-5752,6.61,2,sell
7/14,2887,港商麥格理,1360,10196,4645,5551,6.37,3,buy
7/14,2887,元大-大同,0039003800390047,18,1986,-1968,2.26,3,sell
7/14,2887,永豐金證券,0039004100300030,4766,794,3972,4.56,4,buy
7/14,2887,永豐金-匯立,0039004100380031,0,1864,-1864,2.14,4,sell
7/14,2887,國泰證券,8880,1810,1,1809,2.08,5,buy
7/14,2887,臺銀-高雄,0031003000340043,62,1852,-1790,2.06,5,sell
7/14,2887,兆豐證券,7000,1403,0,1403,1.61,6,buy
7/14,2887,摩根大通,8440,4634,6415,-1781,2.05,6,sell
7/14,2887,統一,5850,1039,243,796,0.91,7,buy
7/14,2887,新加坡商瑞銀,1650,1052,2694,-1642,1.89,7,sell
7/14,2887,群益金鼎-忠孝,0039003100380057,605,52,553,0.64,8,buy
7/14,2887,永豐金-敦南,0039004100380046,15,1320,-1305,1.5,8,sell
7/14,2887,永豐金-松山,0039004100390031,406,31,375,0.43,9,buy
7/14,2887,元大-六合,0039003800320043,213,1062,-849,0.97,9,sell
7/14,2887,中國信託,6160,389,83,306,0.35,10,buy
7/14,2887,美林,1440,3192,4026,-834,0.96,10,sell
7/14,2887,法銀巴黎,8900,348,85,263,0.3,11,buy
7/14,2887,富邦-台北,9623,116,896,-780,0.9,11,sell
7/14,2887,永豐金-復興,003900410039005a,256,1,255,0.29,12,buy
7/14,2887,花旗環球,1590,1708,2326,-618,0.71,12,sell
7/14,2887,玉山-新竹,0038003800340048,230,5,225,0.26,13,buy
7/14,2887,元大-莒光,003900380031004c,21,581,-560,0.64,13,sell
7/14,2887,永豐金-板盛,0039004100390059,223,28,195,0.22,14,buy
7/14,2887,美商高盛,1480,4902,5410,-508,0.58,14,sell
7/14,2887,凱基-員林,9231,231,50,181,0.21,15,buy
7/14,2887,群益金鼎-台中,9184,5,418,-413,0.47,15,sell
7/14,2610,摩根大通,8440,5849,402,5447,9.86,1,buy
7/14,2610,元大證券,9800,2537,11967,-9430,17.07,1,sell
7/14,2610,凱基-台北,9268,6265,2784,3481,6.3,2,buy
7/14,2610,台新,0039004200300030,455,7586,-7131,12.91,2,sell
7/14,2610,美林,1440,2691,33,2658,4.81,3,buy
7/14,2610,統一,5850,8,6016,-6008,10.88,3,sell
7/14,2610,花旗環球,1590,959,53,906,1.64,4,buy
7/14,2610,台灣摩根士丹利,1470,1786,4599,-2813,5.09,4,sell
7/14,2610,新加坡商瑞銀,1650,2531,1862,669,1.21,5,buy
7/14,2610,富邦-木柵,003900360031004d,33,1404,-1371,2.48,5,sell
7/14,2610,中國信託,6160,672,29,643,1.16,6,buy
7/14,2610,第一金-路竹,0035003300380050,81,1122,-1041,1.88,6,sell
7/14,2610,陽信-石牌,8711,560,3,557,1.01,7,buy
7/14,2610,兆豐-板橋,0037003000300042,105,1003,-898,1.63,7,sell
7/14,2610,玉山-城中,0038003800340045,689,150,539,0.98,8,buy
7/14,2610,美商高盛,1480,2369,3212,-843,1.53,8,sell
7/14,2610,新光,8560,925,411,514,0.93,9,buy
7/14,2610,永興-台中,5603,10,210,-200,0.36,9,sell
7/14,2610,富邦-建國,9658,514,4,510,0.92,10,buy
7/14,2610,群益金鼎-中港,9138,13,200,-187,0.34,10,sell
7/14,2610,新光-台中,8561,392,17,375,0.68,11,buy
7/14,2610,永豐金-潮州,0039004100390071,0,136,-136,0.25,11,sell
7/14,2610,永豐金-大園,0039004100390038,552,189,363,0.66,12,buy
7/14,2610,中國信託-三重,6161,12,108,-96,0.17,12,sell
7/14,2610,台灣企銀-嘉義,1114,279,2,277,0.5,13,buy
7/14,2610,華南永昌,9300,19,107,-88,0.16,13,sell
7/14,2610,元大-板橋三民,9879,269,3,266,0.48,14,buy
7/14,2610,亞東,2180,24,100,-76,0.14,14,sell
7/14,2610,元大-豐原站前,0039003800390057,236,2,234,0.42,15,buy
7/14,2610,兆豐-桃園,003700300030004d,17,91,-74,0.13,15,sell
7/14,2892,港商麥格理,1360,2776,387,2389,9.56,1,buy
7/14,2892,美林,1440,551,4957,-4406,17.63,1,sell
7/14,2892,永豐金證券,0039004100300030,2119,115,2004,8.02,2,buy
7/14,2892,新加坡商瑞銀,1650,1573,3526,-1953,7.82,2,sell
7/14,2892,凱基-台北,9268,2999,1194,1805,7.22,3,buy
7/14,2892,凱基,9200,161,1032,-871,3.49,3,sell
7/14,2892,台灣摩根士丹利,1470,2376,970,1406,5.63,4,buy
7/14,2892,凱基-站前,0039003200300046,1,527,-526,2.11,4,sell
7/14,2892,花旗環球,1590,1176,421,755,3.02,5,buy
7/14,2892,大昌-樹林,6461,0,213,-213,0.85,5,sell
7/14,2892,第一金,5380,425,31,394,1.58,6,buy
7/14,2892,國泰-敦南,8888,34,164,-130,0.52,6,sell
7/14,2892,統一,5850,401,24,377,1.51,7,buy
7/14,2892,統一-新台中,0035003800350044,2,121,-119,0.48,7,sell
7/14,2892,摩根大通,8440,1952,1614,338,1.35,8,buy
7/14,2892,元大-新莊,9898,4,113,-109,0.44,8,sell
7/14,2892,元大證券,9800,1205,886,319,1.28,9,buy
7/14,2892,台新-草屯,0039004200320058,1,110,-109,0.44,9,sell
7/14,2892,美商高盛,1480,3639,3436,203,0.81,10,buy
7/14,2892,第一金-台南,5384,24,131,-107,0.43,10,sell
7/14,2892,元大-大同,0039003800390047,200,0,200,0.8,11,buy
7/14,2892,聯邦-高雄,8581,0,100,-100,0.4,11,sell
7/14,2892,元大-歸仁,0039003800310061,151,6,145,0.58,12,buy
7/14,2892,台新-高雄,0039004200310067,222,304,-82,0.33,12,sell
7/14,2892,富邦證券,9600,121,0,121,0.48,13,buy
7/14,2892,富邦-苗栗,9657,3,81,-78,0.31,13,sell
7/14,2892,陽信-石牌,8711,100,0,100,0.4,14,buy
7/14,2892,統一-士林,003500380035004d,0,75,-75,0.3,14,sell
7/14,2892,富邦-永和,9654,101,19,82,0.33,15,buy
7/14,2892,中國信託-永康,6163,0,66,-66,0.26,15,sell
7/14,2883,摩根大通,8440,4752,1108,3644,7.4,1,buy
7/14,2883,台新,0039004200300030,590,4355,-3765,7.65,1,sell
7/14,2883,元大證券,9800,7267,3946,3321,6.74,2,buy
7/14,2883,中國信託,6160,223,3535,-3312,6.73,2,sell
7/14,2883,永豐金證券,0039004100300030,3341,405,2936,5.96,3,buy
7/14,2883,台灣摩根士丹利,1470,1620,4720,-3100,6.3,3,sell
7/14,2883,美林,1440,4735,2174,2561,5.2,4,buy
7/14,2883,新加坡商瑞銀,1650,214,2886,-2672,5.43,4,sell
7/14,2883,兆豐證券,7000,2046,0,2046,4.16,5,buy
7/14,2883,華南永昌-敦南,9347,2,1052,-1050,2.13,5,sell
7/14,2883,花旗環球,1590,2096,584,1512,3.07,6,buy
7/14,2883,國票-九鼎,0037003700390050,18,891,-873,1.77,6,sell
7/14,2883,美商高盛,1480,3517,2474,1043,2.12,7,buy
7/14,2883,富邦-新板,0039003600310048,4,540,-536,1.09,7,sell
7/14,2883,元大-館前,003900380034004b,553,29,524,1.06,8,buy
7/14,2883,凱基-台北,9268,2787,3241,-454,0.92,8,sell
7/14,2883,港商麥格理,1360,514,0,514,1.04,9,buy
7/14,2883,富邦-板橋,9655,75,431,-356,0.72,9,sell
7/14,2883,華南永昌-中正,9359,507,30,477,0.97,10,buy
7/14,2883,合庫證券,1020,14,340,-326,0.66,10,sell
7/14,2883,統一,5850,637,260,377,0.77,11,buy
7/14,2883,群益金鼎-台中,9184,26,331,-305,0.62,11,sell
7/14,2883,玉山-新莊,8842,348,3,345,0.7,12,buy
7/14,2883,群益金鼎-大甲,0039003100380067,0,240,-240,0.49,12,sell
7/14,2883,台新-五權西,0039004200320035,309,9,300,0.61,13,buy
7/14,2883,群益金鼎-館前,0039003100330059,14,237,-223,0.45,13,sell
7/14,2883,台新-台中,0039004200310068,315,26,289,0.59,14,buy
7/14,2883,富邦證券,9600,159,371,-212,0.43,14,sell
7/14,2883,群益金鼎,9100,373,166,207,0.42,15,buy
7/14,2883,群益金鼎-三重,0039003100330067,1,205,-204,0.41,15,sell
7/14,1301,台灣摩根士丹利,1470,16848,1440,15408,10.96,1,buy
7/14,1301,富邦證券,9600,209,5579,-5370,3.82,1,sell
7/14,1301,新加坡商瑞銀,1650,9949,2910,7039,5.01,2,buy
7/14,1301,凱基-城中,9227,90,1151,-1061,0.75,2,sell
7/14,1301,美商高盛,1480,11357,4577,6780,4.82,3,buy
7/14,1301,元大-士林,003900380031006a,139,1173,-1034,0.74,3,sell
7/14,1301,美林,1440,3840,1335,2505,1.78,4,buy
7/14,1301,國票-北高雄,003700370039004a,146,1171,-1025,0.73,4,sell
7/14,1301,摩根大通,8440,4951,2887,2064,1.47,5,buy
7/14,1301,元大-敦化,9833,47,1015,-968,0.69,5,sell
7/14,1301,元大-天母,0039003800310049,1451,49,1402,1.0,6,buy
7/14,1301,元大-新竹,9816,81,1043,-962,0.68,6,sell
7/14,1301,花旗環球,1590,982,0,982,0.7,7,buy
7/14,1301,元大-中崙,9813,71,1023,-952,0.68,7,sell
7/14,1301,法銀巴黎,8900,884,26,858,0.61,8,buy
7/14,1301,元大-忠孝鼎富,0039003800320046,6,927,-921,0.66,8,sell
7/14,1301,元大-信義安和,0039003800300052,797,26,771,0.55,9,buy
7/14,1301,國票-安和,003700370039005a,56,932,-876,0.62,9,sell
7/14,1301,永豐金-敦南,0039004100380046,739,130,609,0.43,10,buy
7/14,1301,凱基-台北,9268,8264,9070,-806,0.57,10,sell
7/14,1301,港商麥格理,1360,575,0,575,0.41,11,buy
7/14,1301,元大證券,9800,12338,13135,-797,0.57,11,sell
7/14,1301,玉山-嘉義,8848,550,153,397,0.28,12,buy
7/14,1301,富邦-南屯,9666,573,1357,-784,0.56,12,sell
7/14,1301,大展,5050,338,30,308,0.22,13,buy
7/14,1301,港商野村,1560,564,1296,-732,0.52,13,sell
7/14,1301,華南永昌-長虹,9333,351,68,283,0.2,14,buy
7/14,1301,凱基-三重,9205,575,1301,-726,0.52,14,sell
7/14,1301,元大-屏南,0039003800310072,326,45,281,0.2,15,buy
7/14,1301,統一,5850,478,1185,-707,0.5,15,sell
7/14,5880,凱基-台北,9268,3057,1376,1681,8.23,1,buy
7/14,5880,台灣摩根士丹利,1470,629,2007,-1378,6.75,1,sell
7/14,5880,美林,1440,1756,174,1582,7.75,2,buy
7/14,5880,新加坡商瑞銀,1650,715,1745,-1030,5.04,2,sell
7/14,5880,元大證券,9800,1583,398,1185,5.8,3,buy
7/14,5880,美商高盛,1480,1397,2076,-679,3.33,3,sell
7/14,5880,永豐金證券,0039004100300030,1271,264,1007,4.93,4,buy
7/14,5880,華南永昌-板橋,9349,8,442,-434,2.13,4,sell
7/14,5880,花旗環球,1590,1137,315,822,4.03,5,buy
7/14,5880,土銀,1030,1,434,-433,2.12,5,sell
7/14,5880,港商野村,1560,643,85,558,2.73,6,buy
7/14,5880,國泰-高雄,8881,4,276,-272,1.33,6,sell
7/14,5880,統一-新營,0035003800350045,505,1,504,2.47,7,buy
7/14,5880,華南永昌-南京,9326,0,245,-245,1.2,7,sell
7/14,5880,摩根大通,8440,1086,702,384,1.88,8,buy
7/14,5880,元大-中壢,9834,23,219,-196,0.96,8,sell
7/14,5880,合庫-高雄,1023,405,55,350,1.71,9,buy
7/14,5880,國票-台南,0037003700390044,1,196,-195,0.95,9,sell
7/14,5880,統一,5850,369,21,348,1.7,10,buy
7/14,5880,統一-新台中,0035003800350044,0,154,-154,0.75,10,sell
7/14,5880,元大-歸仁,0039003800310061,200,12,188,0.92,11,buy
7/14,5880,元大-路竹,0039003800310043,0,135,-135,0.66,11,sell
7/14,5880,元大-斗信,9884,205,20,185,0.91,12,buy
7/14,5880,富邦-板橋,9655,0,122,-122,0.6,12,sell
7/14,5880,法銀巴黎,8900,233,58,175,0.86,13,buy
7/14,5880,統一-彰化,0035003800350046,2,121,-119,0.58,13,sell
7/14,5880,凱基,9200,154,31,123,0.6,14,buy
7/14,5880,群益金鼎-三民,9188,1,114,-113,0.55,14,sell
7/14,5880,台新-高雄,0039004200310067,417,311,106,0.52,15,buy
7/14,5880,元大-斗六,0039003800300043,3,105,-102,0.5,15,sell
7/14,2409,新加坡商瑞銀,1650,13443,5499,7944,2.23,1,buy
7/14,2409,美林,1440,2370,14632,-12262,3.44,1,sell
7/14,2409,凱基-台北,9268,18730,16607,2123,0.6,2,buy
7/14,2409,美商高盛,1480,5581,16197,-10616,2.98,2,sell
7/14,2409,國泰-敦南,8888,10215,8347,1868,0.52,3,buy
7/14,2409,台灣摩根士丹利,1470,9897,15720,-5823,1.63,3,sell
7/14,2409,永豐金-屏東,0039004100360039,1919,225,1694,0.48,4,buy
7/14,2409,摩根大通,8440,398,3988,-3590,1.01,4,sell
7/14,2409,元大證券,9800,46206,45024,1182,0.33,5,buy
7/14,2409,花旗環球,1590,378,3408,-3030,0.85,5,sell
7/14,2409,元大-大雅,0039003800330069,1341,425,916,0.26,6,buy
7/14,2409,富邦證券,9600,5883,8784,-2901,0.81,6,sell
7/14,2409,群益金鼎-竹南,0039003100380069,1017,132,885,0.25,7,buy
7/14,2409,群益金鼎,9100,292,2618,-2326,0.65,7,sell
7/14,2409,凱基-新莊,0039003200310053,942,125,817,0.23,8,buy
7/14,2409,港商麥格理,1360,0,2311,-2311,0.65,8,sell
7/14,2409,元大-北屯,0039003800390064,795,106,689,0.19,9,buy
7/14,2409,永豐金-敦南,0039004100380046,116,2412,-2296,0.64,9,sell
7/14,2409,富邦-嘉義,9692,842,184,658,0.18,10,buy
7/14,2409,統一-中壢,5853,217,2128,-1911,0.54,10,sell
7/14,2409,富邦-永和,9654,1526,987,539,0.15,11,buy
7/14,2409,統一,5850,265,1741,-1476,0.41,11,sell
7/14,2409,元大-左營,0039003800390044,814,293,521,0.15,12,buy
7/14,2409,永豐金-市政,0039004100390057,519,1986,-1467,0.41,12,sell
7/14,2409,永興,5600,549,34,515,0.14,13,buy
7/14,2409,統一-城中,5854,751,2037,-1286,0.36,13,sell
7/14,2409,宏遠證券,1260,611,97,514,0.14,14,buy
7/14,2409,凱基,9200,382,1649,-1267,0.36,14,sell
7/14,2409,玉山-嘉義,8848,735,272,463,0.13,15,buy
7/14,2409,台新,0039004200300030,2187,3299,-1112,0.31,15,sell
7/14,2886,元大證券,9800,5163,1304,3859,15.08,1,buy
7/14,2886,凱基-台北,9268,1102,2955,-1853,7.24,1,sell
7/14,2886,永豐金證券,0039004100300030,2048,37,2011,7.86,2,buy
7/14,2886,港商麥格理,1360,1953,3248,-1295,5.06,2,sell
7/14,2886,花旗環球,1590,1771,440,1331,5.2,3,buy
7/14,2886,臺銀,1040,4,1000,-996,3.89,3,sell
7/14,2886,國泰證券,8880,1002,1,1001,3.91,4,buy
7/14,2886,玉山證券,8840,2,938,-936,3.66,4,sell
7/14,2886,群益金鼎,9100,577,5,572,2.24,5,buy
7/14,2886,美林,1440,166,1094,-928,3.63,5,sell
7/14,2886,摩根大通,8440,2606,2101,505,1.97,6,buy
7/14,2886,台灣摩根士丹利,1470,2193,3022,-829,3.24,6,sell
7/14,2886,第一金,5380,375,0,375,1.47,7,buy
7/14,2886,新加坡商瑞銀,1650,1850,2610,-760,2.97,7,sell
7/14,2886,統一,5850,366,6,360,1.41,8,buy
7/14,2886,台新-嘉義,0039004200320049,0,505,-505,1.97,8,sell
7/14,2886,富邦證券,9600,222,37,185,0.72,9,buy
7/14,2886,法銀巴黎,8900,110,422,-312,1.22,9,sell
7/14,2886,永豐金-匯立,0039004100380031,132,0,132,0.52,10,buy
7/14,2886,港商野村,1560,229,401,-172,0.67,10,sell
7/14,2886,凱基,9200,331,223,108,0.42,11,buy
7/14,2886,美商高盛,1480,1744,1898,-154,0.6,11,sell
7/14,2886,玉山-士林,0038003800340041,95,4,91,0.36,12,buy
7/14,2886,康和,8450,0,151,-151,0.59,12,sell
7/14,2886,元大-台北,0039003800300068,80,1,79,0.31,13,buy
7/14,2886,香港上海匯豐,8960,69,184,-115,0.45,13,sell
7/14,2886,中國信託,6160,128,60,68,0.27,14,buy
7/14,2886,國泰-松江,8883,2,83,-81,0.32,14,sell
7/14,2886,元大-歸仁,0039003800310061,43,2,41,0.16,15,buy
7/14,2886,永豐金-中壢,0039004100390039,0,50,-50,0.2,15,sell
7/14,1303,永豐金證券,0039004100300030,5056,1341,3715,2.39,1,buy
7/14,1303,台灣摩根士丹利,1470,2991,12550,-9559,6.15,1,sell
7/14,1303,統一,5850,5786,2089,3697,2.38,2,buy
7/14,1303,新加坡商瑞銀,1650,2271,11607,-9336,6.0,2,sell
7/14,1303,凱基,9200,2906,103,2803,1.8,3,buy
7/14,1303,元大證券,9800,23024,29056,-6032,3.88,3,sell
7/14,1303,國票-敦北法人,0037003700390063,2502,158,2344,1.51,4,buy
7/14,1303,港商野村,1560,466,3246,-2780,1.79,4,sell
7/14,1303,國泰證券,8880,2195,364,1831,1.18,5,buy
7/14,1303,美商高盛,1480,3606,5166,-1560,1.0,5,sell
7/14,1303,凱基-台北,9268,9160,7370,1790,1.15,6,buy
7/14,1303,富邦證券,9600,1254,2200,-946,0.61,6,sell
7/14,1303,群益金鼎,9100,2714,1076,1638,1.05,7,buy
7/14,1303,美林,1440,1008,1816,-808,0.52,7,sell
7/14,1303,花旗環球,1590,1763,137,1626,1.05,8,buy
7/14,1303,統一-城中,5854,1571,2132,-561,0.36,8,sell
7/14,1303,摩根大通,8440,8276,7092,1184,0.76,9,buy
7/14,1303,元大-民生三民,0039003800390058,1979,2510,-531,0.34,9,sell
7/14,1303,華南永昌,9300,1744,797,947,0.61,10,buy
7/14,1303,富邦-嘉義,9692,596,1018,-422,0.27,10,sell
7/14,1303,兆豐證券,7000,936,183,753,0.48,11,buy
7/14,1303,台新-建北,0039004200310038,382,766,-384,0.25,11,sell
7/14,1303,港商麥格理,1360,1131,464,667,0.43,12,buy
7/14,1303,富邦-南屯,9666,73,371,-298,0.19,12,sell
7/14,1303,台新-西松,003900420032006e,680,24,656,0.42,13,buy
7/14,1303,光和,6380,11,307,-296,0.19,13,sell
7/14,1303,福邦證券,6480,635,14,621,0.4,14,buy
7/14,1303,元大-蘆洲,9857,209,463,-254,0.16,14,sell
7/14,1303,台新-城東,0039004200320072,762,190,572,0.37,15,buy
7/14,1303,元大-中崙,9813,93,342,-249,0.16,15,sell
7/14,2884,新加坡商瑞銀,1650,16187,3812,12375,18.47,1,buy
7/14,2884,摩根大通,8440,4480,16386,-11906,17.77,1,sell
7/14,2884,凱基-台北,9268,7058,2319,4739,7.07,2,buy
7/14,2884,台新,0039004200300030,66,5213,-5147,7.68,2,sell
7/14,2884,統一,5850,2735,156,2579,3.85,3,buy
7/14,2884,華南永昌-中正,9359,6,3852,-3846,5.74,3,sell
7/14,2884,台灣摩根士丹利,1470,4409,2034,2375,3.54,4,buy
7/14,2884,美商高盛,1480,6443,8945,-2502,3.73,4,sell
7/14,2884,港商麥格理,1360,2597,285,2312,3.45,5,buy
7/14,2884,元大證券,9800,5632,7992,-2360,3.52,5,sell
7/14,2884,永豐金證券,0039004100300030,2265,129,2136,3.19,6,buy
7/14,2884,臺銀,1040,15,1722,-1707,2.55,6,sell
7/14,2884,玉山證券,8840,1716,235,1481,2.21,7,buy
7/14,2884,花旗環球,1590,1133,1655,-522,0.78,7,sell
7/14,2884,國泰證券,8880,1110,5,1105,1.65,8,buy
7/14,2884,統一-敦南,5852,0,327,-327,0.49,8,sell
7/14,2884,台新-建北,0039004200310038,857,4,853,1.27,9,buy
7/14,2884,富邦-永康,003900360031005a,6,271,-265,0.4,9,sell
7/14,2884,統一-新台中,0035003800350044,500,1,499,0.74,10,buy
7/14,2884,國泰-敦南,8888,169,365,-196,0.29,10,sell
7/14,2884,康和,8450,370,0,370,0.55,11,buy
7/14,2884,玉山-新竹,0038003800340048,6,193,-187,0.28,11,sell
7/14,2884,港商野村,1560,510,147,363,0.54,12,buy
7/14,2884,凱基-豐中,9223,0,154,-154,0.23,12,sell
7/14,2884,元大-四維,9831,300,3,297,0.44,13,buy
7/14,2884,元大-草屯,0039003800390045,5,149,-144,0.21,13,sell
7/14,2884,玉山-大里,003800380034004a,309,52,257,0.38,14,buy
7/14,2884,台新-城東,0039004200320072,0,126,-126,0.19,14,sell
7/14,2884,群益金鼎,9100,406,163,243,0.36,15,buy
7/14,2884,元大-新莊,9898,24,143,-119,0.18,15,sell
7/14,0050,國泰-敦南,8888,14446,2313,12133,4.67,1,buy
7/14,0050,永豐金證券,0039004100300030,5144,68817,-63673,24.5,1,sell
7/14,0050,凱基,9200,3672,27,3645,1.4,2,buy
7/14,0050,凱基-台北,9268,4121,65655,-61534,23.67,2,sell
7/14,0050,台新,0039004200300030,3943,1350,2593,1.0,3,buy
7/14,0050,元大證券,9800,43303,57703,-14400,5.54,3,sell
7/14,0050,國泰-台中,8882,2622,572,2050,0.79,4,buy
7/14,0050,群益金鼎,9100,1898,10811,-8913,3.43,4,sell
7/14,0050,新光,8560,2533,576,1957,0.75,5,buy
7/14,0050,富邦證券,9600,591,8544,-7953,3.06,5,sell
7/14,0050,國泰-板橋,003800380038004b,2011,350,1661,0.64,6,buy
7/14,0050,台灣摩根士丹利,1470,8,3087,-3079,1.18,6,sell
7/14,0050,中國信託,6160,5359,4045,1314,0.51,7,buy
7/14,0050,摩根大通,8440,30,2275,-2245,0.86,7,sell
7/14,0050,國泰-館前,0038003800380041,1463,254,1209,0.47,8,buy
7/14,0050,元大-館前,003900380034004b,253,949,-696,0.27,8,sell
7/14,0050,富邦-內湖,9627,1163,69,1094,0.42,9,buy
7/14,0050,群益金鼎-中港,9138,105,270,-165,0.06,9,sell
7/14,0050,國泰-桃園,8885,1428,346,1082,0.42,10,buy
7/14,0050,福邦證券,6480,17,100,-83,0.03,10,sell
7/14,0050,玉山-數位,003800380034004d,1186,106,1080,0.42,11,buy
7/14,0050,花旗環球,1590,0,61,-61,0.02,11,sell
7/14,0050,國泰-高雄,8881,1239,236,1003,0.39,12,buy
7/14,0050,大昌-桃園,6465,49,94,-45,0.02,12,sell
7/14,0050,玉山證券,8840,1230,231,999,0.38,13,buy
7/14,0050,康和-台北,0038003400350055,33,72,-39,0.02,13,sell
7/14,0050,統一,5850,1069,132,937,0.36,14,buy
7/14,0050,國票-敦北法人,0037003700390063,103,115,-12,0.0,14,sell
7/14,0050,國泰-台南,8884,1141,204,937,0.36,15,buy
7/14,0050,聯邦證券,8580,77,89,-12,0.0,15,sell
7/14,3481,台灣摩根士丹利,1470,25421,12523,12898,2.53,1,buy
7/14,3481,台新,0039004200300030,2837,19562,-16725,3.28,1,sell
7/14,3481,美商高盛,1480,20338,7851,12487,2.45,2,buy
7/14,3481,統一,5850,645,5583,-4938,0.97,2,sell
7/14,3481,新加坡商瑞銀,1650,10866,3167,7699,1.51,3,buy
7/14,3481,凱基,9200,627,5301,-4674,0.92,3,sell
7/14,3481,凱基-台北,9268,26765,21332,5433,1.07,4,buy
7/14,3481,大和國泰,8890,0,4367,-4367,0.86,4,sell
7/14,3481,摩根大通,8440,7103,4881,2222,0.44,5,buy
7/14,3481,亞東,2180,125,3576,-3451,0.68,5,sell
7/14,3481,凱基-竹科,9272,2069,855,1214,0.24,6,buy
7/14,3481,富邦-仁愛,9676,1933,4984,-3051,0.6,6,sell
7/14,3481,統一-台中,5856,1271,173,1098,0.22,7,buy
7/14,3481,中國信託,6160,1477,4269,-2792,0.55,7,sell
7/14,3481,花旗環球,1590,1945,895,1050,0.21,8,buy
7/14,3481,中國信託-忠孝,6162,839,3622,-2783,0.55,8,sell
7/14,3481,聯邦-忠孝,8583,1145,125,1020,0.2,9,buy
7/14,3481,永豐金證券,0039004100300030,6538,8442,-1904,0.37,9,sell
7/14,3481,富邦-南員林,0039003600310052,1079,189,890,0.17,10,buy
7/14,3481,富邦-新竹,9647,972,2855,-1883,0.37,10,sell
7/14,3481,彰銀-台中,1233,929,223,706,0.14,11,buy
7/14,3481,永豐金-埔里,0039004100370039,1953,3667,-1714,0.34,11,sell
7/14,3481,美林,1440,9469,8774,695,0.14,12,buy
7/14,3481,國泰證券,8880,216,1652,-1436,0.28,12,sell
7/14,3481,港商麥格理,1360,636,0,636,0.12,13,buy
7/14,3481,元大-成功,003900380039004c,740,2124,-1384,0.27,13,sell
7/14,3481,群益金鼎-竹南,0039003100380069,841,226,615,0.12,14,buy
7/14,3481,國票-南崁,0037003700390045,976,2337,-1361,0.27,14,sell
7/14,3481,兆豐-彰化,0037003000300064,697,91,606,0.12,15,buy
7/14,3481,凱基-站前,0039003200300046,677,1980,-1303,0.26,15,sell
7/14,0056,國泰-敦南,8888,6055,1058,4997,3.84,1,buy
7/14,0056,元大證券,9800,3923,70307,-66384,51.07,1,sell
7/14,0056,台灣摩根士丹利,1470,2120,5,2115,1.63,2,buy
7/14,0056,永豐金證券,0039004100300030,2212,24060,-21848,16.81,2,sell
7/14,0056,國泰-高雄,8881,1926,54,1872,1.44,3,buy
7/14,0056,凱基-台北,9268,3466,11194,-7728,5.94,3,sell
7/14,0056,元大-大同,0039003800390047,1306,37,1269,0.98,4,buy
7/14,0056,群益金鼎,9100,98,1526,-1428,1.1,4,sell
7/14,0056,台新,0039004200300030,1307,244,1063,0.82,5,buy
7/14,0056,統一-士林,003500380035004d,46,519,-473,0.36,5,sell
7/14,0056,新光,8560,1155,216,939,0.72,6,buy
7/14,0056,元大-金華,9878,171,393,-222,0.17,6,sell
7/14,0056,台新-高雄,0039004200310067,1301,396,905,0.7,7,buy
7/14,0056,統一-新營,0035003800350045,54,247,-193,0.15,7,sell
7/14,0056,中國信託,6160,1193,454,739,0.57,8,buy
7/14,0056,群益金鼎-萬華,0039003100330049,27,188,-161,0.12,8,sell
7/14,0056,玉山-高雄,8843,767,43,724,0.56,9,buy
7/14,0056,元大-敦南,0039003800390050,59,194,-135,0.1,9,sell
7/14,0056,國泰-板橋,003800380038004b,849,130,719,0.55,10,buy
7/14,0056,富邦-港都,0039003600320051,75,200,-125,0.1,10,sell
7/14,0056,國泰-台中,8882,964,305,659,0.51,11,buy
7/14,0056,德信-新營,6913,11,114,-103,0.08,11,sell
7/14,0056,富邦-仁愛,9676,741,109,632,0.49,12,buy
7/14,0056,玉山-信義,0038003800340043,120,214,-94,0.07,12,sell
7/14,0056,臺銀,1040,703,87,616,0.47,13,buy
7/14,0056,土銀-白河,0031003000330043,30,110,-80,0.06,13,sell
7/14,0056,臺銀-高雄,0031003000340043,666,61,605,0.47,14,buy
7/14,0056,統一-金門,0035003800350057,13,89,-76,0.06,14,sell
7/14,0056,國泰-桃園,8885,639,38,601,0.46,15,buy
7/14,0056,永全-八德,6452,16,72,-56,0.04,15,sell
7/14,6770,永豐金證券,0039004100300030,2839,1198,1641,0.94,1,buy
7/14,6770,凱基-台北,9268,10484,16012,-5528,3.15,1,sell
7/14,6770,元大證券,9800,18788,17381,1407,0.8,2,buy
7/14,6770,新加坡商瑞銀,1650,3921,7796,-3875,2.21,2,sell
7/14,6770,永豐金-匯立,0039004100380031,1089,0,1089,0.62,3,buy
7/14,6770,美林,1440,787,2619,-1832,1.05,3,sell
7/14,6770,國票-敦北法人,0037003700390063,1561,534,1027,0.59,4,buy
7/14,6770,摩根大通,8440,3169,4822,-1653,0.94,4,sell
7/14,6770,國泰證券,8880,949,84,865,0.49,5,buy
7/14,6770,美商高盛,1480,10343,11918,-1575,0.9,5,sell
7/14,6770,華南永昌-忠孝,9325,813,17,796,0.45,6,buy
7/14,6770,兆豐-民生,0037003000300063,586,1561,-975,0.56,6,sell
7/14,6770,永豐金-內湖,0039004100390067,924,170,754,0.43,7,buy
7/14,6770,國票-安和,003700370039005a,658,1506,-848,0.48,7,sell
7/14,6770,港商麥格理,1360,622,0,622,0.35,8,buy
7/14,6770,富邦-建國,9658,200,988,-788,0.45,8,sell
7/14,6770,兆豐-台中,7003,613,42,571,0.33,9,buy
7/14,6770,台新-成功,003900420032006d,179,723,-544,0.31,9,sell
7/14,6770,國票-長城,0037003700390075,524,25,499,0.28,10,buy
7/14,6770,元大-鳳山,003900380033005a,114,619,-505,0.29,10,sell
7/14,6770,永豐金-敦南,0039004100380046,582,131,451,0.26,11,buy
7/14,6770,元大-豐原站前,0039003800390057,141,613,-472,0.27,11,sell
7/14,6770,國票-博愛,003700370039007a,489,45,444,0.25,12,buy
7/14,6770,合庫-台南,1022,44,410,-366,0.21,12,sell
7/14,6770,新光,8560,1576,1134,442,0.25,13,buy
7/14,6770,台灣摩根士丹利,1470,5683,6023,-340,0.19,13,sell
7/14,6770,富邦證券,9600,1133,808,325,0.19,14,buy
7/14,6770,台新-城東,0039004200320072,206,514,-308,0.18,14,sell
7/14,6770,群益金鼎-西松,9136,397,73,324,0.18,15,buy
7/14,6770,元大-大里,0039003800310067,214,505,-291,0.17,15,sell
7/14,6116,凱基-台北,9268,7580,4001,3579,6.69,1,buy
7/14,6116,港商麥格理,1360,0,3100,-3100,5.79,1,sell
7/14,6116,新加坡商瑞銀,1650,3088,516,2572,4.81,2,buy
7/14,6116,富邦-竹科,0039003600320043,14,764,-750,1.4,2,sell
7/14,6116,台灣摩根士丹利,1470,2907,681,2226,4.16,3,buy
7/14,6116,國票證券,7790,16,476,-460,0.86,3,sell
7/14,6116,摩根大通,8440,2287,1015,1272,2.38,4,buy
7/14,6116,元大證券,9800,4559,4949,-390,0.73,4,sell
7/14,6116,美商高盛,1480,2028,915,1113,2.08,5,buy
7/14,6116,元大-土城永寧,9875,19,359,-340,0.64,5,sell
7/14,6116,美林,1440,866,553,313,0.58,6,buy
7/14,6116,玉山-城中,0038003800340045,12,315,-303,0.57,6,sell
7/14,6116,台灣企銀-台中,1111,311,1,310,0.58,7,buy
7/14,6116,國泰-館前,0038003800380041,75,310,-235,0.44,7,sell
7/14,6116,台灣企銀-太平,1115,410,179,231,0.43,8,buy
7/14,6116,群益金鼎-鳳山,0039003100380063,10,233,-223,0.42,8,sell
7/14,6116,花旗環球,1590,211,0,211,0.39,9,buy
7/14,6116,富邦-台北,9623,95,307,-212,0.4,9,sell
7/14,6116,元大-新店中正,0039003800340043,199,39,160,0.3,10,buy
7/14,6116,群益金鼎,9100,483,666,-183,0.34,10,sell
7/14,6116,永豐金-亞灣,0039004100390061,181,50,131,0.24,11,buy
7/14,6116,元大-台中中港,0039003800390042,68,243,-175,0.33,11,sell
7/14,6116,統一,5850,217,95,122,0.23,12,buy
7/14,6116,台新-大昌,0039004200320044,30,204,-174,0.33,12,sell
7/14,6116,富邦-新竹,9647,194,73,121,0.23,13,buy
7/14,6116,元大-文心興安,9854,37,206,-169,0.32,13,sell
7/14,6116,國票-九鼎,0037003700390050,127,10,117,0.22,14,buy
7/14,6116,元大-大里德芳,0039003800330057,34,201,-167,0.31,14,sell
7/14,6116,華南永昌-台中,9302,216,99,117,0.22,15,buy
7/14,6116,國泰-台南,8884,240,406,-166,0.31,15,sell
7/14,1101,花旗環球,1590,1453,337,1116,4.19,1,buy
7/14,1101,凱基-台北,9268,2518,5757,-3239,12.16,1,sell
7/14,1101,國泰-板橋,003800380038004b,727,51,676,2.54,2,buy
7/14,1101,美商高盛,1480,630,2846,-2216,8.32,2,sell
7/14,1101,港商野村,1560,661,148,513,1.93,3,buy
7/14,1101,國票-敦北法人,0037003700390063,0,998,-998,3.75,3,sell
7/14,1101,兆豐-北高雄,0037003000300049,506,11,495,1.86,4,buy
7/14,1101,美林,1440,48,980,-932,3.5,4,sell
7/14,1101,康和-台北,0038003400350055,411,0,411,1.54,5,buy
7/14,1101,摩根大通,8440,914,1646,-732,2.75,5,sell
7/14,1101,元大-永康,9829,402,2,400,1.5,6,buy
7/14,1101,兆豐-永和,0037003000300058,150,867,-717,2.69,6,sell
7/14,1101,國泰-忠孝,8887,306,1,305,1.15,7,buy
7/14,1101,福邦證券,6480,3,706,-703,2.64,7,sell
7/14,1101,台新-台南,0039004200310036,276,3,273,1.03,8,buy
7/14,1101,新加坡商瑞銀,1650,326,1004,-678,2.55,8,sell
7/14,1101,國泰-敦南,8888,413,151,262,0.98,9,buy
7/14,1101,彰銀,1230,12,400,-388,1.46,9,sell
7/14,1101,新光,8560,339,95,244,0.92,10,buy
7/14,1101,兆豐-板橋,0037003000300042,31,410,-379,1.42,10,sell
7/14,1101,富邦證券,9600,239,0,239,0.9,11,buy
7/14,1101,玉山-台中,0038003800340042,38,356,-318,1.19,11,sell
7/14,1101,台灣摩根士丹利,1470,1175,972,203,0.76,12,buy
7/14,1101,中國信託,6160,32,319,-287,1.08,12,sell
7/14,1101,統一-東湖,0035003800350052,201,0,201,0.75,13,buy
7/14,1101,國票-嘉義,0037003700390048,0,202,-202,0.76,13,sell
7/14,1101,元大證券,9800,521,341,180,0.68,14,buy
7/14,1101,華南永昌,9300,42,223,-181,0.68,14,sell
7/14,1101,元大-左營,0039003800390044,177,1,176,0.66,15,buy
7/14,1101,凱基-竹科,9272,31,155,-124,0.47,15,sell
7/14,9904,花旗環球,1590,2036,54,1982,9.09,1,buy
7/14,9904,摩根大通,8440,674,3395,-2721,12.48,1,sell
7/14,9904,港商麥格理,1360,1218,0,1218,5.59,2,buy
7/14,9904,美商高盛,1480,863,2887,-2024,9.29,2,sell
7/14,9904,元大證券,9800,1548,555,993,4.56,3,buy
7/14,9904,永豐金-匯立,0039004100380031,19,1879,-1860,8.53,3,sell
7/14,9904,元大-豐原站前,0039003800390057,698,15,683,3.13,4,buy
7/14,9904,港商野村,1560,0,1007,-1007,4.62,4,sell
7/14,9904,群益金鼎-基隆,0039003100330045,500,0,500,2.29,5,buy
7/14,9904,台新-中港,0039004200320069,14,1003,-989,4.54,5,sell
7/14,9904,元大-和平,9863,371,0,371,1.7,6,buy
7/14,9904,統一,5850,6,801,-795,3.65,6,sell
7/14,9904,永豐金證券,0039004100300030,443,79,364,1.67,7,buy
7/14,9904,美林,1440,266,990,-724,3.32,7,sell
7/14,9904,台新,0039004200300030,275,32,243,1.11,8,buy
7/14,9904,兆豐證券,7000,2,360,-358,1.64,8,sell
7/14,9904,富邦-台北,9623,251,18,233,1.07,9,buy
7/14,9904,國泰證券,8880,3,300,-297,1.36,9,sell
7/14,9904,富邦-南員林,0039003600310052,233,1,232,1.06,10,buy
7/14,9904,新加坡商瑞銀,1650,684,973,-289,1.33,10,sell
7/14,9904,台新-大昌,0039004200320044,212,0,212,0.97,11,buy
7/14,9904,臺銀-臺中,0031003000340041,25,204,-179,0.82,11,sell
7/14,9904,元大-北投,0039003800390041,214,7,207,0.95,12,buy
7/14,9904,美好-富順,003500320036004b,2,153,-151,0.69,12,sell
7/14,9904,元大-內湖,003900380039004e,208,3,205,0.94,13,buy
7/14,9904,國泰-桃園,8885,16,161,-145,0.67,13,sell
7/14,9904,兆豐-三重,7008,207,4,203,0.93,14,buy
7/14,9904,凱基-台北,9268,1872,1996,-124,0.57,14,sell
7/14,9904,元大-內湖民權,9867,200,0,200,0.92,15,buy
7/14,9904,台灣摩根士丹利,1470,1086,1199,-113,0.52,15,sell
7/14,2344,美商高盛,1480,6592,3455,3137,2.32,1,buy
7/14,2344,台灣摩根士丹利,1470,3825,6992,-3167,2.34,1,sell
7/14,2344,花旗環球,1590,1609,72,1537,1.13,2,buy
7/14,2344,元大-館前,003900380034004b,217,2243,-2026,1.5,2,sell
7/14,2344,永豐金證券,0039004100300030,1659,1078,581,0.43,3,buy
7/14,2344,摩根大通,8440,1997,3983,-1986,1.47,3,sell
7/14,2344,國票-敦北法人,0037003700390063,512,24,488,0.36,4,buy
7/14,2344,富邦證券,9600,256,2226,-1970,1.45,4,sell
7/14,2344,凱基-宜蘭,003900320030004d,445,48,397,0.29,5,buy
7/14,2344,元大-敦化,9833,175,1149,-974,0.72,5,sell
7/14,2344,富邦-板橋,9655,546,182,364,0.27,6,buy
7/14,2344,美林,1440,2659,3599,-940,0.69,6,sell
7/14,2344,凱基,9200,411,50,361,0.27,7,buy
7/14,2344,國泰證券,8880,104,1003,-899,0.66,7,sell
7/14,2344,統一,5850,1004,661,343,0.25,8,buy
7/14,2344,港商麥格理,1360,346,845,-499,0.37,8,sell
7/14,2344,凱基-桃園,9208,499,169,330,0.24,9,buy
7/14,2344,兆豐證券,7000,85,437,-352,0.26,9,sell
7/14,2344,統一-宜蘭,0035003800350053,355,40,315,0.23,10,buy
7/14,2344,兆豐-天母,003700300030004c,65,361,-296,0.22,10,sell
7/14,2344,群益金鼎,9100,559,288,271,0.2,11,buy
7/14,2344,港商野村,1560,1029,1296,-267,0.2,11,sell
7/14,2344,永豐金-內湖,0039004100390067,294,29,265,0.2,12,buy
7/14,2344,國泰-館前,0038003800380041,325,548,-223,0.16,12,sell
7/14,2344,永豐金-匯立,0039004100380031,210,0,210,0.16,13,buy
7/14,2344,元大-忠孝,9871,272,476,-204,0.15,13,sell
7/14,2344,永豐金-亞灣,0039004100390061,323,121,202,0.15,14,buy
7/14,2344,群益金鼎-大甲,0039003100380067,70,270,-200,0.15,14,sell
7/14,2344,台灣企銀-豐原,1118,214,13,201,0.15,15,buy
7/14,2344,兆豐-民生,0037003000300063,17,177,-160,0.12,15,sell
7/14,3231,元大證券,9800,2405,1565,840,3.01,1,buy
7/14,3231,台新,0039004200300030,116,2119,-2003,7.17,1,sell
7/14,3231,台灣摩根士丹利,1470,1855,1072,783,2.8,2,buy
7/14,3231,兆豐證券,7000,88,1468,-1380,4.94,2,sell
7/14,3231,永豐金證券,0039004100300030,752,191,561,2.01,3,buy
7/14,3231,凱基-台北,9268,2173,3036,-863,3.09,3,sell
7/14,3231,統一,5850,553,46,507,1.82,4,buy
7/14,3231,凱基,9200,85,753,-668,2.39,4,sell
7/14,3231,美林,1440,957,533,424,1.52,5,buy
7/14,3231,富邦證券,9600,333,766,-433,1.55,5,sell
7/14,3231,美商高盛,1480,1251,946,305,1.09,6,buy
7/14,3231,玉山證券,8840,91,512,-421,1.51,6,sell
7/14,3231,花旗環球,1590,679,418,261,0.93,7,buy
7/14,3231,元大-蘆洲,9857,25,438,-413,1.48,7,sell
7/14,3231,玉山-板橋,8846,262,4,258,0.92,8,buy
7/14,3231,摩根大通,8440,1452,1833,-381,1.36,8,sell
7/14,3231,臺銀,1040,264,8,256,0.92,9,buy
7/14,3231,群益金鼎,9100,103,385,-282,1.01,9,sell
7/14,3231,香港上海匯豐,8960,223,0,223,0.8,10,buy
7/14,3231,華南永昌-朴子,9329,13,204,-191,0.68,10,sell
7/14,3231,元大-新盛,9869,203,10,193,0.69,11,buy
7/14,3231,凱基-湖口,003900320030004e,10,199,-189,0.68,11,sell
7/14,3231,富邦-公益,0039003600310046,134,7,127,0.45,12,buy
7/14,3231,新加坡商瑞銀,1650,783,955,-172,0.62,12,sell
7/14,3231,國票證券,7790,126,13,113,0.4,13,buy
7/14,3231,土銀,1030,16,172,-156,0.56,13,sell
7/14,3231,元大-忠孝,9871,129,23,106,0.38,14,buy
7/14,3231,富邦-新店,9661,38,157,-119,0.43,14,sell
7/14,3231,富邦-建國,9658,174,81,93,0.33,15,buy
7/14,3231,兆豐-台中,7003,15,121,-106,0.38,15,sell
7/14,1102,台中銀,6110,1503,0,1503,6.3,1,buy
7/14,1102,台灣摩根士丹利,1470,620,7825,-7205,30.19,1,sell
7/14,1102,永豐金證券,0039004100300030,1585,131,1454,6.09,2,buy
7/14,1102,新加坡商瑞銀,1650,106,2971,-2865,12.01,2,sell
7/14,1102,富邦證券,9600,1242,1,1241,5.2,3,buy
7/14,1102,花旗環球,1590,103,2636,-2533,10.61,3,sell
7/14,1102,元大證券,9800,1050,111,939,3.93,4,buy
7/14,1102,美商高盛,1480,956,2934,-1978,8.29,4,sell
7/14,1102,國泰證券,8880,739,0,739,3.1,5,buy
7/14,1102,元大-大天母,9893,11,994,-983,4.12,5,sell
7/14,1102,元大-成功,003900380039004c,626,0,626,2.62,6,buy
7/14,1102,摩根大通,8440,305,1155,-850,3.56,6,sell
7/14,1102,統一,5850,558,51,507,2.12,7,buy
7/14,1102,美林,1440,509,1185,-676,2.83,7,sell
7/14,1102,康和,8450,450,0,450,1.89,8,buy
7/14,1102,凱基-台北,9268,992,1499,-507,2.12,8,sell
7/14,1102,台新-同大,0039004200320050,419,0,419,1.76,9,buy
7/14,1102,永豐金-匯立,0039004100380031,0,341,-341,1.43,9,sell
7/14,1102,新光,8560,416,1,415,1.74,10,buy
7/14,1102,元大-南屯,9853,11,264,-253,1.06,10,sell
7/14,1102,元大-台南,9896,316,0,316,1.32,11,buy
7/14,1102,合庫-台中,1021,32,93,-61,0.26,11,sell
7/14,1102,永豐金-萬盛,0039004100390032,295,1,294,1.23,12,buy
7/14,1102,富邦-七賢,003900360031004b,0,51,-51,0.21,12,sell
7/14,1102,富邦-台南,9667,228,0,228,0.96,13,buy
7/14,1102,凱基-中山,9229,6,55,-49,0.21,13,sell
7/14,1102,元大-復北,9872,207,0,207,0.87,14,buy
7/14,1102,永豐金-敦北,0039004100380039,17,51,-34,0.14,14,sell
7/14,1102,兆豐-新營,003700300030004b,206,0,206,0.86,15,buy
7/14,1102,元大-清水,0039003800300065,19,50,-31,0.13,15,sell
7/14,2324,摩根大通,8440,6570,406,6164,13.49,1,buy
7/14,2324,永豐金-匯立,0039004100380031,0,3647,-3647,7.98,1,sell
7/14,2324,元大證券,9800,5106,3145,1961,4.29,2,buy
7/14,2324,台灣摩根士丹利,1470,978,3649,-2671,5.85,2,sell
7/14,2324,花旗環球,1590,1574,115,1459,3.19,3,buy
7/14,2324,美商高盛,1480,4122,5564,-1442,3.16,3,sell
7/14,2324,港商麥格理,1360,637,0,637,1.39,4,buy
7/14,2324,富邦證券,9600,432,1643,-1211,2.65,4,sell
7/14,2324,港商野村,1560,806,255,551,1.21,5,buy
7/14,2324,凱基-台北,9268,2070,3136,-1066,2.33,5,sell
7/14,2324,元大-四維,9831,454,42,412,0.9,6,buy
7/14,2324,法銀巴黎,8900,43,931,-888,1.94,6,sell
7/14,2324,香港上海匯豐,8960,366,0,366,0.8,7,buy
7/14,2324,新加坡商瑞銀,1650,1324,2177,-853,1.87,7,sell
7/14,2324,凱基,9200,197,0,197,0.43,8,buy
7/14,2324,美林,1440,1283,1717,-434,0.95,8,sell
7/14,2324,台新-安南,003900420032005a,225,31,194,0.42,9,buy
7/14,2324,國泰-敦南,8888,808,1166,-358,0.78,9,sell
7/14,2324,富邦-新店,9661,251,59,192,0.42,10,buy
7/14,2324,凱基-士林,9238,16,306,-290,0.63,10,sell
7/14,2324,國泰-館前,0038003800380041,243,88,155,0.34,11,buy
7/14,2324,元大-松山,0039003800310070,62,300,-238,0.52,11,sell
7/14,2324,元大-六合,0039003800320043,155,5,150,0.33,12,buy
7/14,2324,群益金鼎-屏東,0039003100330048,41,271,-230,0.5,12,sell
7/14,2324,中國信託,6160,228,80,148,0.32,13,buy
7/14,2324,國票證券,7790,22,223,-201,0.44,13,sell
7/14,2324,元大-內湖,003900380039004e,168,24,144,0.32,14,buy
7/14,2324,統一,5850,50,224,-174,0.38,14,sell
7/14,2324,(牛牛牛)亞-鑫豐,0036003000310064,259,127,132,0.29,15,buy
7/14,2324,新光,8560,137,273,-136,0.3,15,sell
7/14,1605,中國信託-高雄,003600310036004b,318,15,303,1.29,1,buy
7/14,1605,台灣摩根士丹利,1470,811,2737,-1926,8.22,1,sell
7/14,1605,凱基,9200,258,0,258,1.1,2,buy
7/14,1605,摩根大通,8440,1278,2005,-727,3.1,2,sell
7/14,1605,永豐金-內湖,0039004100390067,254,0,254,1.08,3,buy
7/14,1605,台新,0039004200300030,148,817,-669,2.86,3,sell
7/14,1605,國泰-台中,8882,271,58,213,0.91,4,buy
7/14,1605,群益金鼎-大安,0039003100380065,2,602,-600,2.56,4,sell
7/14,1605,合庫-三重,0031003000320047,201,0,201,0.86,5,buy
7/14,1605,新加坡商瑞銀,1650,584,1165,-581,2.48,5,sell
7/14,1605,元大證券,9800,1045,849,196,0.84,6,buy
7/14,1605,凱基-台北,9268,1586,2137,-551,2.35,6,sell
7/14,1605,玉山-高雄,8843,215,19,196,0.84,7,buy
7/14,1605,港商野村,1560,186,621,-435,1.86,7,sell
7/14,1605,元大-福營,0039003800310046,191,1,190,0.81,8,buy
7/14,1605,凱基-新莊,0039003200310053,3,202,-199,0.85,8,sell
7/14,1605,華南永昌-鶯歌,9319,162,0,162,0.69,9,buy
7/14,1605,合庫證券,1020,14,211,-197,0.84,9,sell
7/14,1605,花旗環球,1590,227,83,144,0.61,10,buy
7/14,1605,美林,1440,96,290,-194,0.83,10,sell
7/14,1605,統一,5850,507,378,129,0.55,11,buy
7/14,1605,元大-鑫永和,9888,3,158,-155,0.66,11,sell
7/14,1605,富邦-板橋,9655,152,25,127,0.54,12,buy
7/14,1605,台新-松江,0039004200310035,8,128,-120,0.51,12,sell
7/14,1605,兆豐-桃園,003700300030004d,150,29,121,0.52,13,buy
7/14,1605,玉山-雙和,8841,39,155,-116,0.5,13,sell
7/14,1605,永豐金-南京,0039004100390053,183,66,117,0.5,14,buy
7/14,1605,康和-仁愛,0038003400350046,1,115,-114,0.49,14,sell
7/14,1605,永豐金-板盛,0039004100390059,129,13,116,0.5,15,buy
7/14,1605,國票-北高雄,003700370039004a,18,127,-109,0.47,15,sell
7/14,2337,元大證券,9800,8769,7574,1195,1.76,1,buy
7/14,2337,美商高盛,1480,3531,6589,-3058,4.51,1,sell
7/14,2337,永豐金-萬盛,0039004100390032,1075,80,995,1.47,2,buy
7/14,2337,凱基-台北,9268,3036,4711,-1675,2.47,2,sell
7/14,2337,統一,5850,834,185,649,0.96,3,buy
7/14,2337,永豐金-匯立,0039004100380031,103,1670,-1567,2.31,3,sell
7/14,2337,港商野村,1560,743,220,523,0.77,4,buy
7/14,2337,國泰證券,8880,61,474,-413,0.61,4,sell
7/14,2337,富邦-建國,9658,426,63,363,0.54,5,buy
7/14,2337,華南永昌-林口,9317,44,239,-195,0.29,5,sell
7/14,2337,元大-大天母,9893,227,13,214,0.32,6,buy
7/14,2337,新加坡商瑞銀,1650,747,914,-167,0.25,6,sell
7/14,2337,元大-士林,003900380031006a,239,45,194,0.29,7,buy
7/14,2337,國泰-敦南,8888,2028,2138,-110,0.16,7,sell
7/14,2337,美林,1440,1907,1718,189,0.28,8,buy
7/14,2337,群益金鼎-東大,9135,19,116,-97,0.14,8,sell
7/14,2337,台灣摩根士丹利,1470,2837,2650,187,0.28,9,buy
7/14,2337,富邦證券,9600,314,397,-83,0.12,9,sell
7/14,2337,法銀巴黎,8900,187,0,187,0.28,10,buy
7/14,2337,永豐金-市政,0039004100390057,64,134,-70,0.1,10,sell
7/14,2337,富邦-永和,9654,1314,1150,164,0.24,11,buy
7/14,2337,康和-內湖,0038003400350041,34,101,-67,0.1,11,sell
7/14,2337,兆豐-民生,0037003000300063,181,19,162,0.24,12,buy
7/14,2337,群益金鼎-館前,0039003100330059,51,116,-65,0.1,12,sell
7/14,2337,群益金鼎,9100,268,116,152,0.22,13,buy
7/14,2337,群益金鼎-潭子,0039003100330044,18,79,-61,0.09,13,sell
7/14,2337,兆豐-中壢,0037003000300062,163,14,149,0.22,14,buy
7/14,2337,元大-敦南,0039003800390050,41,98,-57,0.08,14,sell
7/14,2337,永豐金-大園,0039004100390038,238,103,135,0.2,15,buy
7/14,2337,元大-南勢角,0039003800340045,14,69,-55,0.08,15,sell
7/14,2002,港商麥格理,1360,2631,0,2631,6.22,1,buy
7/14,2002,台灣摩根士丹利,1470,1625,3807,-2182,5.16,1,sell
7/14,2002,凱基-台北,9268,3828,1443,2385,5.64,2,buy
7/14,2002,美林,1440,997,2714,-1717,4.06,2,sell
7/14,2002,花旗環球,1590,1988,336,1652,3.91,3,buy
7/14,2002,華南永昌-麻豆,9308,17,1120,-1103,2.61,3,sell
7/14,2002,元大-忠孝,9871,1018,8,1010,2.39,4,buy
7/14,2002,兆豐-北高雄,0037003000300049,82,871,-789,1.87,4,sell
7/14,2002,新加坡商瑞銀,1650,1085,271,814,1.93,5,buy
7/14,2002,富邦-公益,0039003600310046,46,804,-758,1.79,5,sell
7/14,2002,元大證券,9800,1975,1240,735,1.74,6,buy
7/14,2002,(牛牛牛)亞-鑫豐,0036003000310064,149,815,-666,1.58,6,sell
7/14,2002,法銀巴黎,8900,414,0,414,0.98,7,buy
7/14,2002,國票-九鼎,0037003700390050,2,509,-507,1.2,7,sell
7/14,2002,臺銀-金山,0031003000340044,335,1,334,0.79,8,buy
7/14,2002,第一金-華江,0035003300380057,65,503,-438,1.04,8,sell
7/14,2002,永全證券,6450,257,1,256,0.61,9,buy
7/14,2002,國泰-敦南,8888,315,747,-432,1.02,9,sell
7/14,2002,兆豐證券,7000,241,0,241,0.57,10,buy
7/14,2002,美商高盛,1480,4029,4340,-311,0.74,10,sell
7/14,2002,土銀-白河,0031003000330043,264,25,239,0.57,11,buy
7/14,2002,摩根大通,8440,1974,2276,-302,0.71,11,sell
7/14,2002,群益金鼎-海山,9108,238,6,232,0.55,12,buy
7/14,2002,群益金鼎-內湖,0039003100380064,2,221,-219,0.52,12,sell
7/14,2002,國泰-新莊,8886,215,9,206,0.49,13,buy
7/14,2002,兆豐-新營,003700300030004b,4,218,-214,0.51,13,sell
7/14,2002,元大-台北,0039003800300068,209,13,196,0.46,14,buy
7/14,2002,國泰-桃園,8885,24,230,-206,0.49,14,sell
7/14,2002,台新-中壢,0039004200310079,182,13,169,0.4,15,buy
7/14,2002,合庫-基隆,1025,17,203,-186,0.44,15,sell
7/14,2449,富邦證券,9600,883,211,672,2.23,1,buy
7/14,2449,台灣摩根士丹利,1470,902,5285,-4383,14.56,1,sell
7/14,2449,群益金鼎-建成,003900310038004c,654,57,597,1.98,2,buy
7/14,2449,美商高盛,1480,471,3964,-3493,11.6,2,sell
7/14,2449,凱基-台北,9268,1294,886,408,1.36,3,buy
7/14,2449,摩根大通,8440,655,3052,-2397,7.96,3,sell
7/14,2449,國泰-敦南,8888,853,472,381,1.27,4,buy
7/14,2449,新加坡商瑞銀,1650,126,1395,-1269,4.22,4,sell
7/14,2449,元大證券,9800,3677,3338,339,1.13,5,buy
7/14,2449,美林,1440,189,591,-402,1.34,5,sell
7/14,2449,台新,0039004200300030,334,163,171,0.57,6,buy
7/14,2449,華南永昌,9300,73,344,-271,0.9,6,sell
7/14,2449,港商麥格理,1360,193,23,170,0.56,7,buy
7/14,2449,台新-台北,0039004200320030,20,261,-241,0.8,7,sell
7/14,2449,群益金鼎,9100,401,265,136,0.45,8,buy
7/14,2449,元大-豐原站前,0039003800390057,22,192,-170,0.56,8,sell
7/14,2449,新光,8560,216,88,128,0.43,9,buy
7/14,2449,統一-南京,0035003800350055,28,160,-132,0.44,9,sell
7/14,2449,國泰-板橋,003800380038004b,197,77,120,0.4,10,buy
7/14,2449,群益金鼎-南京,0039003100380045,10,100,-90,0.3,10,sell
7/14,2449,元大-新盛,9869,125,9,116,0.39,11,buy
7/14,2449,中國信託-三重,6161,14,101,-87,0.29,11,sell
7/14,2449,凱基,9200,175,64,111,0.37,12,buy
7/14,2449,富邦-仁愛,9676,70,154,-84,0.28,12,sell
7/14,2449,富邦-陽明,9604,122,18,104,0.35,13,buy
7/14,2449,統一,5850,113,195,-82,0.27,13,sell
7/14,2449,港商野村,1560,97,5,92,0.31,14,buy
7/14,2449,香港上海匯豐,8960,5,69,-64,0.21,14,sell
7/14,2449,永豐金-市政,0039004100390057,125,46,79,0.26,15,buy
7/14,2449,元大-民生三民,0039003800390058,12,65,-53,0.18,15,sell
7/14,2353,元大證券,9800,4588,3029,1559,3.73,1,buy
7/14,2353,統一,5850,149,8669,-8520,20.41,1,sell
7/14,2353,第一金-嘉義,003500330038004d,1313,11,1302,3.12,2,buy
7/14,2353,美商高盛,1480,1434,5405,-3971,9.51,2,sell
7/14,2353,凱基-台北,9268,2756,1676,1080,2.59,3,buy
7/14,2353,致和-府前,7033,5,779,-774,1.85,3,sell
7/14,2353,台新-城中,0039004200320045,900,7,893,2.14,4,buy
7/14,2353,台灣摩根士丹利,1470,1057,1462,-405,0.97,4,sell
7/14,2353,富邦-南京,0039003600310043,728,6,722,1.73,5,buy
7/14,2353,富邦-竹東,9625,185,521,-336,0.8,5,sell
7/14,2353,港商野村,1560,763,179,584,1.4,6,buy
7/14,2353,永豐金證券,0039004100300030,469,766,-297,0.71,6,sell
7/14,2353,華南永昌,9300,536,65,471,1.13,7,buy
7/14,2353,元大-新莊,9898,142,431,-289,0.69,7,sell
7/14,2353,新加坡商瑞銀,1650,2135,1703,432,1.03,8,buy
7/14,2353,群益金鼎-開元,9134,11,283,-272,0.65,8,sell
7/14,2353,港商麥格理,1360,423,0,423,1.01,9,buy
7/14,2353,美林,1440,241,495,-254,0.61,9,sell
7/14,2353,富邦證券,9600,411,17,394,0.94,10,buy
7/14,2353,台新-桃園,0039004200320076,8,177,-169,0.4,10,sell
7/14,2353,永豐金-中正,0039004100390055,533,186,347,0.83,11,buy
7/14,2353,凱基-台南,9211,41,179,-138,0.33,11,sell
7/14,2353,元大-府城,0039003800300075,308,19,289,0.69,12,buy
7/14,2353,台新-彰化,003900420032004d,41,174,-133,0.32,12,sell
7/14,2353,摩根大通,8440,1215,976,239,0.57,13,buy
7/14,2353,玉山-城中,0038003800340045,81,201,-120,0.29,13,sell
7/14,2353,元大-永和,9891,219,7,212,0.51,14,buy
7/14,2353,台新-潮州,0039004200320043,19,121,-102,0.24,14,sell
7/14,2353,玉山-高雄,8843,223,19,204,0.49,15,buy
7/14,2353,永豐金-市政,0039004100390057,24,124,-100,0.24,15,sell
7/14,1314,摩根大通,8440,5793,4130,1663,2.1,1,buy
7/14,1314,凱基-台北,9268,4702,6873,-2171,2.74,1,sell
7/14,1314,國票-九鼎,0037003700390050,1754,273,1481,1.87,2,buy
7/14,1314,美林,1440,42,1685,-1643,2.07,2,sell
7/14,1314,富邦-新店,9661,1098,58,1040,1.31,3,buy
7/14,1314,台灣摩根士丹利,1470,3010,4438,-1428,1.8,3,sell
7/14,1314,凱基-中壢,9285,800,141,659,0.83,4,buy
7/14,1314,富邦證券,9600,735,2069,-1334,1.68,4,sell
7/14,1314,福勝,6950,591,38,553,0.7,5,buy
7/14,1314,美商高盛,1480,3465,4772,-1307,1.65,5,sell
7/14,1314,元大-淡水,9899,551,22,529,0.67,6,buy
7/14,1314,統一,5850,233,1536,-1303,1.65,6,sell
7/14,1314,凱基-鳳山,9274,503,10,493,0.62,7,buy
7/14,1314,港商野村,1560,51,1167,-1116,1.41,7,sell
7/14,1314,新光,8560,1143,683,460,0.58,8,buy
7/14,1314,臺銀-臺南,1042,367,1212,-845,1.07,8,sell
7/14,1314,台新-緯城,0039004200320041,418,28,390,0.49,9,buy
7/14,1314,群益金鼎-嘉義,003900310038004d,20,841,-821,1.04,9,sell
7/14,1314,富邦-公益,0039003600310046,424,66,358,0.45,10,buy
7/14,1314,康和-台北,0038003400350055,4,702,-698,0.88,10,sell
7/14,1314,群益金鼎-東大,9135,402,51,351,0.44,11,buy
7/14,1314,中國信託-忠孝,6162,34,660,-626,0.79,11,sell
7/14,1314,台新-高雄,0039004200310067,758,422,336,0.42,12,buy
7/14,1314,凱基-站前,0039003200300046,61,641,-580,0.73,12,sell
7/14,1314,玉山-台中,0038003800340042,396,71,325,0.41,13,buy
7/14,1314,國泰-館前,0038003800380041,100,638,-538,0.68,13,sell
7/14,1314,凱基-屏東,0039003200320043,335,27,308,0.39,14,buy
7/14,1314,群益金鼎-崇德,0039003100330055,6,506,-500,0.63,14,sell
7/14,1314,凱基-長庚,9233,350,50,300,0.38,15,buy
7/14,1314,新加坡商瑞銀,1650,537,943,-406,0.51,15,sell
7/14,2812,摩根大通,8440,1361,101,1260,7.94,1,buy
7/14,2812,台灣摩根士丹利,1470,650,1709,-1059,6.67,1,sell
7/14,2812,元大證券,9800,872,321,551,3.47,2,buy
7/14,2812,新加坡商瑞銀,1650,682,1187,-505,3.18,2,sell
7/14,2812,亞東-台中,2187,499,0,499,3.14,3,buy
7/14,2812,永豐金-豐原,0039004100390051,11,463,-452,2.85,3,sell
7/14,2812,花旗環球,1590,481,0,481,3.03,4,buy
7/14,2812,美商高盛,1480,988,1242,-254,1.6,4,sell
7/14,2812,台新,0039004200300030,627,196,431,2.71,5,buy
7/14,2812,第一金-大稻埕,0035003300380046,2,235,-233,1.47,5,sell
7/14,2812,統一-板橋,0035003800350050,325,0,325,2.05,6,buy
7/14,2812,元大-沙鹿,0039003800300064,8,207,-199,1.25,6,sell
7/14,2812,(牛牛牛)亞-鑫豐,0036003000310064,320,9,311,1.96,7,buy
7/14,2812,凱基-台北,9268,900,1096,-196,1.23,7,sell
7/14,2812,元大-頭份,0039003800330055,302,8,294,1.85,8,buy
7/14,2812,新光-台中,8561,179,370,-191,1.2,8,sell
7/14,2812,第一金-忠孝,0035003300380044,292,4,288,1.81,9,buy
7/14,2812,台中銀-員林,6114,71,260,-189,1.19,9,sell
7/14,2812,港商野村,1560,264,0,264,1.66,10,buy
7/14,2812,凱基-竹北,9234,30,200,-170,1.07,10,sell
7/14,2812,群益金鼎-敦南,9101,245,0,245,1.54,11,buy
7/14,2812,富邦-台南,9667,10,175,-165,1.04,11,sell
7/14,2812,玉山-城中,0038003800340045,200,0,200,1.26,12,buy
7/14,2812,統一-竹南,003500380035006d,6,150,-144,0.91,12,sell
7/14,2812,宏遠-館前,0031003200360055,200,0,200,1.26,13,buy
7/14,2812,兆豐-三民,0037003000300068,90,234,-144,0.91,13,sell
7/14,2812,富邦-仁愛,9676,196,8,188,1.18,14,buy
7/14,2812,元大-台中,9812,34,169,-135,0.85,14,sell
7/14,2812,元大-大天母,9893,160,0,160,1.01,15,buy
7/14,2812,台新-新莊,0039004200310039,0,130,-130,0.82,15,sell
7/14,4904,凱基,9200,4671,437,4234,28.08,1,buy
7/14,4904,美商高盛,1480,210,2342,-2132,14.14,1,sell
7/14,4904,元大證券,9800,2717,535,2182,14.47,2,buy
7/14,4904,宏遠證券,1260,0,1445,-1445,9.58,2,sell
7/14,4904,凱基-台北,9268,1364,667,697,4.62,3,buy
7/14,4904,群益金鼎,9100,111,1376,-1265,8.39,3,sell
7/14,4904,永豐金證券,0039004100300030,596,262,334,2.21,4,buy
7/14,4904,新加坡商瑞銀,1650,169,1351,-1182,7.84,4,sell
7/14,4904,港商麥格理,1360,233,0,233,1.54,5,buy
7/14,4904,華南永昌,9300,0,961,-961,6.37,5,sell
7/14,4904,亞東,2180,202,2,200,1.33,6,buy
7/14,4904,台灣摩根士丹利,1470,1261,1601,-340,2.25,6,sell
7/14,4904,法銀巴黎,8900,204,34,170,1.13,7,buy
7/14,4904,中國信託,6160,114,451,-337,2.23,7,sell
7/14,4904,富邦-建國,9658,141,0,141,0.93,8,buy
7/14,4904,美林,1440,348,668,-320,2.12,8,sell
7/14,4904,亞東-台南,2185,128,3,125,0.83,9,buy
7/14,4904,香港上海匯豐,8960,25,309,-284,1.88,9,sell
7/14,4904,統一,5850,78,2,76,0.5,10,buy
7/14,4904,國票-敦北法人,0037003700390063,80,324,-244,1.62,10,sell
7/14,4904,元大-金華,9878,56,0,56,0.37,11,buy
7/14,4904,港商野村,1560,38,139,-101,0.67,11,sell
7/14,4904,臺銀-高雄,0031003000340043,36,2,34,0.23,12,buy
7/14,4904,彰銀,1230,0,80,-80,0.53,12,sell
7/14,4904,永豐金-潮州,0039004100390071,31,0,31,0.21,13,buy
7/14,4904,花旗環球,1590,244,303,-59,0.39,13,sell
7/14,4904,永豐金-永康,0039004100390063,30,3,27,0.18,14,buy
7/14,4904,摩根大通,8440,854,910,-56,0.37,14,sell
7/14,4904,國泰-敦南,8888,50,27,23,0.15,15,buy
7/14,4904,元大-台北,0039003800300068,0,53,-53,0.35,15,sell
7/14,2880,元大證券,9800,5633,626,5007,21.37,1,buy
7/14,2880,台灣摩根士丹利,1470,601,3337,-2736,11.68,1,sell
7/14,2880,永豐金證券,0039004100300030,3190,165,3025,12.91,2,buy
7/14,2880,香港上海匯豐,8960,143,2736,-2593,11.07,2,sell
7/14,2880,台新-台北,0039004200320030,1500,3,1497,6.39,3,buy
7/14,2880,新加坡商瑞銀,1650,446,2328,-1882,8.03,3,sell
7/14,2880,花旗環球,1590,1793,387,1406,6.0,4,buy
7/14,2880,摩根大通,8440,884,2395,-1511,6.45,4,sell
7/14,2880,美商高盛,1480,2527,1168,1359,5.8,5,buy
7/14,2880,玉山證券,8840,1,1006,-1005,4.29,5,sell
7/14,2880,凱基-台北,9268,2055,1337,718,3.06,6,buy
7/14,2880,國泰證券,8880,509,1063,-554,2.36,6,sell
7/14,2880,凱基,9200,456,65,391,1.67,7,buy
7/14,2880,美好,5260,0,450,-450,1.92,7,sell
7/14,2880,國票-敦北法人,0037003700390063,340,1,339,1.45,8,buy
7/14,2880,大昌-安康,6462,0,303,-303,1.29,8,sell
7/14,2880,(牛牛牛)亞證券,6010,325,0,325,1.39,9,buy
7/14,2880,第一金-光復,0035003300380043,0,300,-300,1.28,9,sell
7/14,2880,港商麥格理,1360,290,0,290,1.24,10,buy
7/14,2880,臺銀-高雄,0031003000340043,3,223,-220,0.94,10,sell
7/14,2880,華南永昌-中正,9359,391,103,288,1.23,11,buy
7/14,2880,華南永昌-台中,9302,2,207,-205,0.87,11,sell
7/14,2880,群益金鼎,9100,204,21,183,0.78,12,buy
7/14,2880,富邦-台北,9623,1,151,-150,0.64,12,sell
7/14,2880,法銀巴黎,8900,243,78,165,0.7,13,buy
7/14,2880,元大-豐原,9838,0,102,-102,0.44,13,sell
7/14,2880,宏遠-台南,0031003200360044,100,0,100,0.43,14,buy
7/14,2880,元大-雙和,9874,0,79,-79,0.34,14,sell
7/14,2880,富邦證券,9600,81,3,78,0.33,15,buy
7/14,2880,元大-大同,0039003800390047,0,65,-65,0.28,15,sell
7/14,2633,國票-北高雄,003700370039004a,2411,6,2405,12.77,1,buy
7/14,2633,兆豐證券,7000,0,3160,-3160,16.79,1,sell
7/14,2633,港商麥格理,1360,1718,0,1718,9.13,2,buy
7/14,2633,宏遠證券,1260,10,2250,-2240,11.9,2,sell
7/14,2633,中國信託,6160,1900,741,1159,6.16,3,buy
7/14,2633,元大證券,9800,222,2420,-2198,11.68,3,sell
7/14,2633,台灣摩根士丹利,1470,1618,901,717,3.81,4,buy
7/14,2633,大和國泰,8890,0,1916,-1916,10.18,4,sell
7/14,2633,美林,1440,667,0,667,3.54,5,buy
7/14,2633,凱基-彰化,0039003200300047,17,305,-288,1.53,5,sell
7/14,2633,臺銀-臺中,0031003000340041,525,20,505,2.68,6,buy
7/14,2633,永豐金-市政,0039004100390057,5,253,-248,1.32,6,sell
7/14,2633,凱基-台北,9268,2125,1690,435,2.31,7,buy
7/14,2633,摩根大通,8440,1869,2032,-163,0.87,7,sell
7/14,2633,美商高盛,1480,386,61,325,1.73,8,buy
7/14,2633,臺銀-金山,0031003000340044,4,101,-97,0.52,8,sell
7/14,2633,永豐金證券,0039004100300030,369,63,306,1.63,9,buy
7/14,2633,玉山-高雄,8843,13,100,-87,0.46,9,sell
7/14,2633,花旗環球,1590,323,32,291,1.55,10,buy
7/14,2633,康和,8450,0,64,-64,0.34,10,sell
7/14,2633,群益金鼎-新竹,9186,257,0,257,1.37,11,buy
7/14,2633,元大-南京,9862,0,60,-60,0.32,11,sell
7/14,2633,國票-敦北法人,0037003700390063,234,20,214,1.14,12,buy
7/14,2633,元大-六合,0039003800320043,7,63,-56,0.3,12,sell
7/14,2633,元大-鳳中,0039003800350043,104,0,104,0.55,13,buy
7/14,2633,美好-中壢,5266,0,55,-55,0.29,13,sell
7/14,2633,新光-新竹,8563,102,1,101,0.54,14,buy
7/14,2633,元大-信義,003900380039006d,1,56,-55,0.29,14,sell
7/14,2633,台新-板橋,0039004200320062,70,1,69,0.37,15,buy
7/14,2633,高橋-龍潭,5321,2,55,-53,0.28,15,sell
7/14,1402,摩根大通,8440,9101,946,8155,19.04,1,buy
7/14,1402,合庫證券,1020,3,12887,-12884,30.09,1,sell
7/14,1402,凱基-台北,9268,5794,2166,3628,8.47,2,buy
7/14,1402,兆豐證券,7000,0,3563,-3563,8.32,2,sell
7/14,1402,台灣摩根士丹利,1470,4243,1367,2876,6.72,3,buy
7/14,1402,國泰證券,8880,0,2110,-2110,4.93,3,sell
7/14,1402,美商高盛,1480,3627,1694,1933,4.51,4,buy
7/14,1402,新加坡商瑞銀,1650,134,1241,-1107,2.58,4,sell
7/14,1402,港商野村,1560,1721,0,1721,4.02,5,buy
7/14,1402,富邦證券,9600,1,1073,-1072,2.5,5,sell
7/14,1402,花旗環球,1590,1727,31,1696,3.96,6,buy
7/14,1402,華南永昌,9300,14,1074,-1060,2.48,6,sell
7/14,1402,美林,1440,1633,40,1593,3.72,7,buy
7/14,1402,群益金鼎,9100,28,1029,-1001,2.34,7,sell
7/14,1402,凱基-城中,9227,1352,51,1301,3.04,8,buy
7/14,1402,華南永昌-中正,9359,20,834,-814,1.9,8,sell
7/14,1402,永豐金證券,0039004100300030,1351,53,1298,3.03,9,buy
7/14,1402,元大證券,9800,3821,4567,-746,1.74,9,sell
7/14,1402,統一,5850,921,148,773,1.81,10,buy
7/14,1402,凱基-站前,0039003200300046,30,352,-322,0.75,10,sell
7/14,1402,統一-新竹,5857,456,0,456,1.06,11,buy
7/14,1402,臺銀-民權,1043,32,334,-302,0.71,11,sell
7/14,1402,港商麥格理,1360,415,0,415,0.97,12,buy
7/14,1402,台新-虎尾,003900420032004e,186,456,-270,0.63,12,sell
7/14,1402,新光,8560,543,375,168,0.39,13,buy
7/14,1402,元大-雙和,9874,8,178,-170,0.4,13,sell
7/14,1402,國票-敦北法人,0037003700390063,167,0,167,0.39,14,buy
7/14,1402,臺銀-新竹,1045,1,170,-169,0.39,14,sell
7/14,1402,中國信託,6160,113,0,113,0.26,15,buy
7/14,1402,富邦-桃園,9665,5,163,-158,0.37,15,sell
7/14,2356,國泰證券,8880,4104,79,4025,10.56,1,buy
7/14,2356,摩根大通,8440,2577,6082,-3505,9.19,1,sell
7/14,2356,元大證券,9800,3925,2203,1722,4.52,2,buy
7/14,2356,台灣摩根士丹利,1470,1574,3189,-1615,4.24,2,sell
7/14,2356,永豐金-萬盛,0039004100390032,1295,26,1269,3.33,3,buy
7/14,2356,美商高盛,1480,1374,2157,-783,2.05,3,sell
7/14,2356,宏遠證券,1260,1022,3,1019,2.67,4,buy
7/14,2356,元大-新莊,9898,52,830,-778,2.04,4,sell
7/14,2356,永豐金證券,0039004100300030,1003,476,527,1.38,5,buy
7/14,2356,花旗環球,1590,254,738,-484,1.27,5,sell
7/14,2356,華南永昌,9300,481,22,459,1.2,6,buy
7/14,2356,港商野村,1560,123,606,-483,1.27,6,sell
7/14,2356,新加坡商瑞銀,1650,519,94,425,1.11,7,buy
7/14,2356,元大-天母,0039003800310049,17,468,-451,1.18,7,sell
7/14,2356,凱基,9200,408,30,378,0.99,8,buy
7/14,2356,統一,5850,180,580,-400,1.05,8,sell
7/14,2356,凱基-台北,9268,2336,1960,376,0.99,9,buy
7/14,2356,元大-屏南,0039003800310072,14,298,-284,0.74,9,sell
7/14,2356,港商麥格理,1360,403,181,222,0.58,10,buy
7/14,2356,凱基-三重,9205,19,220,-201,0.53,10,sell
7/14,2356,富邦證券,9600,184,9,175,0.46,11,buy
7/14,2356,元大-高雄,003900380031006d,24,222,-198,0.52,11,sell
7/14,2356,美林,1440,335,162,173,0.45,12,buy
7/14,2356,群益金鼎-三重,0039003100330067,19,185,-166,0.44,12,sell
7/14,2356,台新,0039004200300030,322,165,157,0.41,13,buy
7/14,2356,永豐金-市政,0039004100390057,19,172,-153,0.4,13,sell
7/14,2356,元大-中壢,9834,201,55,146,0.38,14,buy
7/14,2356,元大-樹林,003900380039006a,21,162,-141,0.37,14,sell
7/14,2356,土銀,1030,128,5,123,0.32,15,buy
7/14,2356,元大-大安,003900380033004e,1,135,-134,0.35,15,sell
7/14,3576,摩根大通,8440,7960,1293,6667,18.47,1,buy
7/14,3576,國泰-敦南,8888,393,974,-581,1.61,1,sell
7/14,3576,台灣摩根士丹利,1470,3849,945,2904,8.05,2,buy
7/14,3576,玉山-信義,0038003800340043,0,484,-484,1.34,2,sell
7/14,3576,凱基,9200,1712,0,1712,4.74,3,buy
7/14,3576,凱基-台北,9268,2615,2909,-294,0.81,3,sell
7/14,3576,美商高盛,1480,2319,1030,1289,3.57,4,buy
7/14,3576,永興,5600,6,207,-201,0.56,4,sell
7/14,3576,新加坡商瑞銀,1650,900,196,704,1.95,5,buy
7/14,3576,富邦-陽明,9604,78,274,-196,0.54,5,sell
7/14,3576,富邦-虎尾,9697,153,0,153,0.42,6,buy
7/14,3576,合庫證券,1020,6,190,-184,0.51,6,sell
7/14,3576,中國信託-忠孝,6162,154,10,144,0.4,7,buy
7/14,3576,美林,1440,251,409,-158,0.44,7,sell
7/14,3576,新光-新竹,8563,147,11,136,0.38,8,buy
7/14,3576,新光,8560,599,736,-137,0.38,8,sell
7/14,3576,永豐金-竹科,0039004100390058,173,55,118,0.33,9,buy
7/14,3576,群益金鼎-基隆,0039003100330045,11,146,-135,0.37,9,sell
7/14,3576,合庫-高雄,1023,138,37,101,0.28,10,buy
7/14,3576,土銀-新竹,1035,17,138,-121,0.34,10,sell
7/14,3576,中國信託-永康,6163,161,81,80,0.22,11,buy
7/14,3576,中國信託-中壢,0036003100360041,13,129,-116,0.32,11,sell
7/14,3576,花旗環球,1590,79,1,78,0.22,12,buy
7/14,3576,中國信託-嘉義,6168,3,113,-110,0.3,12,sell
7/14,3576,永豐金-虎尾,0039004100390062,75,0,75,0.21,13,buy
7/14,3576,永豐金-永康,0039004100390063,5,115,-110,0.3,13,sell
7/14,3576,凱基-虎尾,9236,81,11,70,0.19,14,buy
7/14,3576,凱基-板橋,0039003200300041,8,117,-109,0.3,14,sell
7/14,3576,富邦-竹北,9624,85,17,68,0.19,15,buy
7/14,3576,元大-台南,9896,4,112,-108,0.3,15,sell
7/14,1714,摩根大通,8440,2722,585,2137,4.56,1,buy
7/14,1714,富邦-建國,9658,29,4915,-4886,10.42,1,sell
7/14,1714,美商高盛,1480,2927,1698,1229,2.62,2,buy
7/14,1714,台灣摩根士丹利,1470,2442,3833,-1391,2.97,2,sell
7/14,1714,富邦-南京,0039003600310043,1005,3,1002,2.14,3,buy
7/14,1714,凱基-台北,9268,3785,4947,-1162,2.48,3,sell
7/14,1714,新加坡商瑞銀,1650,1273,643,630,1.34,4,buy
7/14,1714,群益金鼎-板橋,0039003100380042,2,531,-529,1.13,4,sell
7/14,1714,玉山-新莊,8842,1167,596,571,1.22,5,buy
7/14,1714,港商野村,1560,199,582,-383,0.82,5,sell
7/14,1714,玉山-台南,8847,539,25,514,1.1,6,buy
7/14,1714,富邦-新竹,9647,116,487,-371,0.79,6,sell
7/14,1714,凱基-竹北,9234,271,16,255,0.54,7,buy
7/14,1714,華南永昌-竹北,9339,15,301,-286,0.61,7,sell
7/14,1714,港商麥格理,1360,253,0,253,0.54,8,buy
7/14,1714,台新-安南,003900420032005a,14,269,-255,0.54,8,sell
7/14,1714,元大-北港,9837,306,68,238,0.51,9,buy
7/14,1714,永豐金-板新,003900410039004a,60,251,-191,0.41,9,sell
7/14,1714,台新,0039004200300030,273,42,231,0.49,10,buy
7/14,1714,凱基-高雄,9206,13,201,-188,0.4,10,sell
7/14,1714,永豐金證券,0039004100300030,457,251,206,0.44,11,buy
7/14,1714,第一金-桃園,5385,17,190,-173,0.37,11,sell
7/14,1714,元大-竹北,0039003800310042,301,108,193,0.41,12,buy
7/14,1714,凱基-南崁,9256,2,158,-156,0.33,12,sell
7/14,1714,新光,8560,372,207,165,0.35,13,buy
7/14,1714,群益金鼎-建成,003900310038004c,5,156,-151,0.32,13,sell
7/14,1714,永豐金-內湖,0039004100390067,157,3,154,0.33,14,buy
7/14,1714,統一,5850,163,313,-150,0.32,14,sell
7/14,1714,華南永昌-忠孝,9325,161,12,149,0.32,15,buy
7/14,1714,玉山-左營,0038003800340044,29,171,-142,0.3,15,sell
7/14,5876,元大證券,9800,2872,403,2469,14.31,1,buy
7/14,5876,國票-長城,0037003700390075,0,1994,-1994,11.55,1,sell
7/14,5876,花旗環球,1590,2479,197,2282,13.22,2,buy
7/14,5876,新加坡商瑞銀,1650,779,1923,-1144,6.63,2,sell
7/14,5876,美林,1440,2499,343,2156,12.49,3,buy
7/14,5876,美商高盛,1480,795,1837,-1042,6.04,3,sell
7/14,5876,台灣摩根士丹利,1470,1788,957,831,4.82,4,buy
7/14,5876,華南永昌,9300,19,470,-451,2.61,4,sell
7/14,5876,永豐金證券,0039004100300030,661,173,488,2.83,5,buy
7/14,5876,福邦證券,6480,0,210,-210,1.22,5,sell
7/14,5876,中國信託,6160,350,63,287,1.66,6,buy
7/14,5876,台新-城中,0039004200320045,0,204,-204,1.18,6,sell
7/14,5876,港商麥格理,1360,290,18,272,1.58,7,buy
7/14,5876,華南永昌-內壢,9337,0,131,-131,0.76,7,sell
7/14,5876,國票-敦北法人,0037003700390063,229,0,229,1.33,8,buy
7/14,5876,第一金-自由,0035003300380045,0,126,-126,0.73,8,sell
7/14,5876,富邦證券,9600,213,2,211,1.22,9,buy
7/14,5876,元大-歸仁,0039003800310061,0,108,-108,0.63,9,sell
7/14,5876,凱基-台北,9268,1384,1188,196,1.14,10,buy
7/14,5876,兆豐-天母,003700300030004c,0,101,-101,0.59,10,sell
7/14,5876,法銀巴黎,8900,202,77,125,0.72,11,buy
7/14,5876,兆豐-來福,0037003000300043,0,100,-100,0.58,11,sell
7/14,5876,凱基,9200,294,185,109,0.63,12,buy
7/14,5876,群益金鼎-三重,0039003100330067,0,94,-94,0.54,12,sell
7/14,5876,美好-蘆洲,5261,108,10,98,0.57,13,buy
7/14,5876,新光,8560,39,128,-89,0.52,13,sell
7/14,5876,合庫證券,1020,96,15,81,0.47,14,buy
7/14,5876,富邦-斗六,0039003600320047,0,79,-79,0.46,14,sell
7/14,5876,臺銀,1040,81,12,69,0.4,15,buy
7/14,5876,華南永昌-中正,9359,0,78,-78,0.45,15,sell
7/14,1409,群益金鼎-三民,9188,411,22,389,1.02,1,buy
7/14,1409,台灣摩根士丹利,1470,927,3274,-2347,6.15,1,sell
7/14,1409,富邦-竹東,9625,355,14,341,0.89,2,buy
7/14,1409,美商高盛,1480,1204,1846,-642,1.68,2,sell
7/14,1409,玉山-雙和,8841,325,61,264,0.69,3,buy
7/14,1409,元大證券,9800,2748,3372,-624,1.64,3,sell
7/14,1409,元大-雙和,9874,237,30,207,0.54,4,buy
7/14,1409,港商野村,1560,141,745,-604,1.58,4,sell
7/14,1409,台新,0039004200300030,310,114,196,0.51,5,buy
7/14,1409,國票-中和,0037003700390058,36,513,-477,1.25,5,sell
7/14,1409,元大-成功,003900380039004c,163,14,149,0.39,6,buy
7/14,1409,摩根大通,8440,1135,1483,-348,0.91,6,sell
7/14,1409,台新-大昌,0039004200320044,136,6,130,0.34,7,buy
7/14,1409,凱基-台北,9268,3564,3826,-262,0.69,7,sell
7/14,1409,富邦-岡山,9616,128,10,118,0.31,8,buy
7/14,1409,群益金鼎-中港,9138,47,293,-246,0.64,8,sell
7/14,1409,永豐金-市政,0039004100390057,197,90,107,0.28,9,buy
7/14,1409,美林,1440,239,472,-233,0.61,9,sell
7/14,1409,玉山-景美,8849,109,2,107,0.28,10,buy
7/14,1409,富邦-公益,0039003600310046,67,298,-231,0.61,10,sell
7/14,1409,統一-屏東,5859,111,7,104,0.27,11,buy
7/14,1409,中國信託-永康,6163,24,241,-217,0.57,11,sell
7/14,1409,富邦-竹科,0039003600320043,131,29,102,0.27,12,buy
7/14,1409,凱基-文心,9297,155,342,-187,0.49,12,sell
7/14,1409,元大-蘆洲,9857,143,43,100,0.26,13,buy
7/14,1409,統一-內湖,0035003800350062,1,156,-155,0.41,13,sell
7/14,1409,富邦-永和,9654,158,63,95,0.25,14,buy
7/14,1409,聯邦-大業,8586,17,153,-136,0.36,14,sell
7/14,1409,統一-新竹,5857,94,3,91,0.24,15,buy
7/14,1409,大昌,6460,24,146,-122,0.32,15,sell
7/14,2801,凱基-台北,9268,1408,768,640,3.88,1,buy
7/14,2801,香港上海匯豐,8960,44,2454,-2410,14.61,1,sell
7/14,2801,美商高盛,1480,1278,732,546,3.31,2,buy
7/14,2801,臺銀-臺南,1042,24,1017,-993,6.02,2,sell
7/14,2801,華南永昌-台中,9302,522,1,521,3.16,3,buy
7/14,2801,摩根大通,8440,970,1886,-916,5.55,3,sell
7/14,2801,凱基-市府,0039003200300044,500,0,500,3.03,4,buy
7/14,2801,美林,1440,139,779,-640,3.88,4,sell
7/14,2801,港商麥格理,1360,331,0,331,2.01,5,buy
7/14,2801,台灣摩根士丹利,1470,1083,1421,-338,2.05,5,sell
7/14,2801,新光,8560,325,10,315,1.91,6,buy
7/14,2801,元大-大灣,9815,10,315,-305,1.85,6,sell
7/14,2801,元大證券,9800,555,264,291,1.76,7,buy
7/14,2801,華南永昌,9300,10,220,-210,1.27,7,sell
7/14,2801,彰銀,1230,273,19,254,1.54,8,buy
7/14,2801,富邦-建國,9658,27,232,-205,1.24,8,sell
7/14,2801,華南永昌-高雄,9303,214,2,212,1.29,9,buy
7/14,2801,華南永昌-苗栗,9362,5,200,-195,1.18,9,sell
7/14,2801,花旗環球,1590,685,531,154,0.93,10,buy
7/14,2801,第一金-忠孝,0035003300380044,6,200,-194,1.18,10,sell
7/14,2801,凱基-台中,9204,140,2,138,0.84,11,buy
7/14,2801,兆豐-復興,0037003000300070,20,200,-180,1.09,11,sell
7/14,2801,法銀巴黎,8900,137,0,137,0.83,12,buy
7/14,2801,富邦-木柵,003900360031004d,1,171,-170,1.03,12,sell
7/14,2801,新加坡商瑞銀,1650,615,496,119,0.72,13,buy
7/14,2801,富邦-高雄,9659,22,161,-139,0.84,13,sell
7/14,2801,彰銀-七賢,1232,118,1,117,0.71,14,buy
7/14,2801,永豐金-忠孝,0039004100390044,0,82,-82,0.5,14,sell
7/14,2801,群益金鼎-宜蘭,003900310038007a,107,0,107,0.65,15,buy
7/14,2801,富邦-嘉義,9692,4,85,-81,0.49,15,sell
7/14,2845,美商高盛,1480,2269,730,1539,13.3,1,buy
7/14,2845,永豐金-南投,003900410039004d,0,1015,-1015,8.77,1,sell
7/14,2845,元大證券,9800,1121,393,728,6.29,2,buy
7/14,2845,新加坡商瑞銀,1650,389,923,-534,4.62,2,sell
7/14,2845,凱基-台北,9268,1691,986,705,6.09,3,buy
7/14,2845,(牛牛牛)亞-鑫豐,0036003000310064,1,170,-169,1.46,3,sell
7/14,2845,摩根大通,8440,809,381,428,3.7,4,buy
7/14,2845,元大-竹山,0039003800310052,1,152,-151,1.31,4,sell
7/14,2845,花旗環球,1590,251,54,197,1.7,5,buy
7/14,2845,彰銀,1230,0,143,-143,1.24,5,sell
7/14,2845,台灣摩根士丹利,1470,1514,1348,166,1.43,6,buy
7/14,2845,台新-中港,0039004200320069,0,130,-130,1.12,6,sell
7/14,2845,元大-板橋,0039003800390043,154,51,103,0.89,7,buy
7/14,2845,臺銀-高雄,0031003000340043,8,138,-130,1.12,7,sell
7/14,2845,群益金鼎-潭子,0039003100330044,99,0,99,0.86,8,buy
7/14,2845,美好-蘆洲,5261,0,126,-126,1.09,8,sell
7/14,2845,口袋證券,6620,89,0,89,0.77,9,buy
7/14,2845,國泰-館前,0038003800380041,6,119,-113,0.98,9,sell
7/14,2845,(牛牛牛)亞-網路,6012,80,1,79,0.68,10,buy
7/14,2845,國票-南科,0037003700390065,10,121,-111,0.96,10,sell
7/14,2845,臺銀,1040,53,2,51,0.44,11,buy
7/14,2845,國票-北高雄,003700370039004a,0,100,-100,0.86,11,sell
7/14,2845,凱基-市政,9239,50,0,50,0.43,12,buy
7/14,2845,元大-新竹經國,9859,0,100,-100,0.86,12,sell
7/14,2845,元大-敦化,9833,50,0,50,0.43,13,buy
7/14,2845,美林,1440,75,149,-74,0.64,13,sell
7/14,2845,康和-台南,8458,100,50,50,0.43,14,buy
7/14,2845,永豐金證券,0039004100300030,186,258,-72,0.62,14,sell
7/14,2845,元大-東泰,9817,51,2,49,0.42,15,buy
7/14,2845,國泰-板橋,003800380038004b,20,85,-65,0.56,15,sell
7/14,2408,台灣摩根士丹利,1470,6341,3470,2871,2.33,1,buy
7/14,2408,新加坡商瑞銀,1650,1609,4358,-2749,2.23,1,sell
7/14,2408,元大證券,9800,13130,11244,1886,1.53,2,buy
7/14,2408,摩根大通,8440,1972,4044,-2072,1.68,2,sell
7/14,2408,美商高盛,1480,5541,3739,1802,1.46,3,buy
7/14,2408,永豐金證券,0039004100300030,1279,2060,-781,0.63,3,sell
7/14,2408,國泰證券,8880,1305,137,1168,0.95,4,buy
7/14,2408,港商野村,1560,348,1035,-687,0.56,4,sell
7/14,2408,富邦-新店,9661,1272,203,1069,0.87,5,buy
7/14,2408,國泰-敦南,8888,3795,4352,-557,0.45,5,sell
7/14,2408,美林,1440,3602,2546,1056,0.86,6,buy
7/14,2408,元大-敦化,9833,75,563,-488,0.4,6,sell
7/14,2408,華南永昌,9300,1367,406,961,0.78,7,buy
7/14,2408,兆豐-松德,0037003000300069,32,439,-407,0.33,7,sell
7/14,2408,富邦證券,9600,1269,603,666,0.54,8,buy
7/14,2408,凱基-台北,9268,8146,8548,-402,0.33,8,sell
7/14,2408,凱基,9200,729,66,663,0.54,9,buy
7/14,2408,統一-新竹,5857,36,403,-367,0.3,9,sell
7/14,2408,富邦-南屯,9666,506,133,373,0.3,10,buy
7/14,2408,康和-台中,8455,120,396,-276,0.22,10,sell
7/14,2408,統一,5850,757,412,345,0.28,11,buy
7/14,2408,花旗環球,1590,149,385,-236,0.19,11,sell
7/14,2408,台新,0039004200300030,1017,678,339,0.27,12,buy
7/14,2408,元大-蘆洲,9857,287,483,-196,0.16,12,sell
7/14,2408,港商麥格理,1360,542,229,313,0.25,13,buy
7/14,2408,台新-敦南,0039004200320051,56,237,-181,0.15,13,sell
7/14,2408,國泰-桃園,8885,833,540,293,0.24,14,buy
7/14,2408,元大-汐止,0039003800390051,150,320,-170,0.14,14,sell
7/14,2408,群益金鼎,9100,1589,1363,226,0.18,15,buy
7/14,2408,永興-水湳,5602,12,178,-166,0.13,15,sell
7/14,1216,台新,0039004200300030,3829,18,3811,21.12,1,buy
7/14,1216,台灣摩根士丹利,1470,375,5442,-5067,28.08,1,sell
7/14,1216,凱基-站前,0039003200300046,1321,4,1317,7.3,2,buy
7/14,1216,美商高盛,1480,539,2471,-1932,10.71,2,sell
7/14,1216,國泰證券,8880,1008,5,1003,5.56,3,buy
7/14,1216,元大證券,9800,2085,3209,-1124,6.23,3,sell
7/14,1216,台新-台北,0039004200320030,1000,9,991,5.49,4,buy
7/14,1216,臺銀,1040,1,1007,-1006,5.57,4,sell
7/14,1216,永豐金證券,0039004100300030,1143,158,985,5.46,5,buy
7/14,1216,新加坡商瑞銀,1650,295,473,-178,0.99,5,sell
7/14,1216,群益金鼎,9100,752,67,685,3.8,6,buy
7/14,1216,玉山-城中,0038003800340045,0,159,-159,0.88,6,sell
7/14,1216,花旗環球,1590,858,174,684,3.79,7,buy
7/14,1216,香港上海匯豐,8960,27,173,-146,0.81,7,sell
7/14,1216,港商麥格理,1360,501,0,501,2.78,8,buy
7/14,1216,玉山證券,8840,1,139,-138,0.76,8,sell
7/14,1216,美林,1440,538,62,476,2.64,9,buy
7/14,1216,摩根大通,8440,860,971,-111,0.62,9,sell
7/14,1216,凱基-台北,9268,978,784,194,1.08,10,buy
7/14,1216,中國信託-忠孝,6162,0,68,-68,0.38,10,sell
7/14,1216,凱基,9200,205,13,192,1.06,11,buy
7/14,1216,富邦-斗六,0039003600320047,0,51,-51,0.28,11,sell
7/14,1216,華南永昌,9300,145,1,144,0.8,12,buy
7/14,1216,港商野村,1560,61,112,-51,0.28,12,sell
7/14,1216,富邦證券,9600,120,32,88,0.49,13,buy
7/14,1216,統一-台中,5856,8,58,-50,0.28,13,sell
7/14,1216,元大-板橋三民,9879,67,4,63,0.35,14,buy
7/14,1216,元大-豐原站前,0039003800390057,10,57,-47,0.26,14,sell
7/14,1216,國票-敦北法人,0037003700390063,113,53,60,0.33,15,buy
7/14,1216,群益金鼎-市府,0039003100300044,0,45,-45,0.25,15,sell
7/14,3702,台新-台北,0039004200320030,2209,94,2115,7.64,1,buy
7/14,3702,台灣摩根士丹利,1470,396,3155,-2759,9.97,1,sell
7/14,3702,永豐金證券,0039004100300030,1104,113,991,3.58,2,buy
7/14,3702,凱基-城中,9227,526,2484,-1958,7.08,2,sell
7/14,3702,新加坡商瑞銀,1650,1866,900,966,3.49,3,buy
7/14,3702,美商高盛,1480,340,1148,-808,2.92,3,sell
7/14,3702,摩根大通,8440,3511,2703,808,2.92,4,buy
7/14,3702,美林,1440,338,995,-657,2.37,4,sell
7/14,3702,國泰證券,8880,683,11,672,2.43,5,buy
7/14,3702,港商麥格理,1360,168,674,-506,1.83,5,sell
7/14,3702,花旗環球,1590,668,2,666,2.41,6,buy
7/14,3702,華南永昌-麻豆,9308,8,267,-259,0.94,6,sell
7/14,3702,凱基-站前,0039003200300046,566,25,541,1.96,7,buy
7/14,3702,港商野村,1560,120,364,-244,0.88,7,sell
7/14,3702,凱基,9200,234,0,234,0.85,8,buy
7/14,3702,凱基-台北,9268,2047,2249,-202,0.73,8,sell
7/14,3702,華南永昌-嘉義,9314,140,1,139,0.5,9,buy
7/14,3702,元大-土城,9897,38,231,-193,0.7,9,sell
7/14,3702,元大-基隆孝二,003900380036004b,140,9,131,0.47,10,buy
7/14,3702,新光,8560,89,266,-177,0.64,10,sell
7/14,3702,康和-板橋,0038003400350044,141,13,128,0.46,11,buy
7/14,3702,華南永昌-高雄,9303,1,127,-126,0.46,11,sell
7/14,3702,群益金鼎,9100,279,162,117,0.42,12,buy
7/14,3702,兆豐-板橋,0037003000300042,8,119,-111,0.4,12,sell
7/14,3702,國票證券,7790,120,26,94,0.34,13,buy
7/14,3702,元大證券,9800,2730,2837,-107,0.39,13,sell
7/14,3702,永豐金-永康,0039004100390063,115,35,80,0.29,14,buy
7/14,3702,群益金鼎-台中,9184,36,138,-102,0.37,14,sell
7/14,3702,元大-新盛,9869,54,2,52,0.19,15,buy
7/14,3702,台灣企銀,1110,42,130,-88,0.32,15,sell
7/14,2377,摩根大通,8440,1472,664,808,5.57,1,buy
7/14,2377,台灣摩根士丹利,1470,3,706,-703,4.85,1,sell
7/14,2377,元大證券,9800,1688,1120,568,3.92,2,buy
7/14,2377,美林,1440,17,672,-655,4.52,2,sell
7/14,2377,第一金-澎湖,5387,203,6,197,1.36,3,buy
7/14,2377,港商野村,1560,13,626,-613,4.23,3,sell
7/14,2377,元大-頭份,0039003800330055,159,14,145,1.0,4,buy
7/14,2377,第一金-中山,5389,2,531,-529,3.65,4,sell
7/14,2377,凱基-板橋,0039003200300041,110,4,106,0.73,5,buy
7/14,2377,凱基-台北,9268,450,864,-414,2.85,5,sell
7/14,2377,元大-樹林,003900380039006a,112,8,104,0.72,6,buy
7/14,2377,富邦-竹科,0039003600320043,19,168,-149,1.03,6,sell
7/14,2377,華南永昌-台中,9302,89,13,76,0.52,7,buy
7/14,2377,中國信託-文心,6164,17,148,-131,0.9,7,sell
7/14,2377,港商麥格理,1360,122,51,71,0.49,8,buy
7/14,2377,永豐金證券,0039004100300030,130,247,-117,0.81,8,sell
7/14,2377,元大-土城,9897,72,11,61,0.42,9,buy
7/14,2377,新加坡商瑞銀,1650,255,363,-108,0.74,9,sell
7/14,2377,元大-六合,0039003800320043,125,65,60,0.41,10,buy
7/14,2377,玉山-大里,003800380034004a,7,112,-105,0.72,10,sell
7/14,2377,富邦-二林,0039003600320042,63,3,60,0.41,11,buy
7/14,2377,凱基,9200,6,103,-97,0.67,11,sell
7/14,2377,永豐金-竹科,0039004100390058,95,45,50,0.34,12,buy
7/14,2377,國泰-敦南,8888,253,318,-65,0.45,12,sell
7/14,2377,永豐金-桃園,0039004100390078,53,8,45,0.31,13,buy
7/14,2377,富邦-嘉義,9692,6,66,-60,0.41,13,sell
7/14,2377,中國信託-忠孝,6162,54,11,43,0.3,14,buy
7/14,2377,台新-松德,0039004200320061,6,54,-48,0.33,14,sell
7/14,2377,兆豐-永和,0037003000300058,45,2,43,0.3,15,buy
7/14,2377,統一-南京,0035003800350055,3,46,-43,0.3,15,sell
7/14,2352,凱基-台北,9268,966,523,443,3.98,1,buy
7/14,2352,摩根大通,8440,238,693,-455,4.09,1,sell
7/14,2352,國票-博愛,003700370039007a,420,202,218,1.96,2,buy
7/14,2352,美商高盛,1480,542,883,-341,3.07,2,sell
7/14,2352,凱基,9200,181,6,175,1.57,3,buy
7/14,2352,台新-建北,0039004200310038,3,193,-190,1.71,3,sell
7/14,2352,新加坡商瑞銀,1650,747,577,170,1.53,4,buy
7/14,2352,合庫證券,1020,7,173,-166,1.49,4,sell
7/14,2352,元大-大益,9814,128,15,113,1.02,5,buy
7/14,2352,香港上海匯豐,8960,0,136,-136,1.22,5,sell
7/14,2352,台中銀-豐原,0036003100310041,100,1,99,0.89,6,buy
7/14,2352,永豐金證券,0039004100300030,123,244,-121,1.09,6,sell
7/14,2352,富邦-竹東,9625,106,10,96,0.86,7,buy
7/14,2352,兆豐-公益,003700300030004a,9,107,-98,0.88,7,sell
7/14,2352,美林,1440,265,173,92,0.83,8,buy
7/14,2352,港商野村,1560,30,122,-92,0.83,8,sell
7/14,2352,凱基-台南,9211,103,18,85,0.76,9,buy
7/14,2352,玉山-大里,003800380034004a,17,104,-87,0.78,9,sell
7/14,2352,新光-台南,8564,75,1,74,0.67,10,buy
7/14,2352,元大-草屯,0039003800390045,22,90,-68,0.61,10,sell
7/14,2352,富邦-員林,9672,81,8,73,0.66,11,buy
7/14,2352,臺銀,1040,6,67,-61,0.55,11,sell
7/14,2352,國票-北高雄,003700370039004a,65,0,65,0.58,12,buy
7/14,2352,第一金-華江,0035003300380057,6,60,-54,0.49,12,sell
7/14,2352,國泰-台中,8882,111,54,57,0.51,13,buy
7/14,2352,富邦-仁愛,9676,9,63,-54,0.49,13,sell
7/14,2352,第一金-台南,5384,60,5,55,0.49,14,buy
7/14,2352,中國信託-文心,6164,15,67,-52,0.47,14,sell
7/14,2352,富邦-敦南,9663,53,10,43,0.39,15,buy
7/14,2352,台灣摩根士丹利,1470,712,762,-50,0.45,15,sell
7/14,3706,元大證券,9800,1448,955,493,3.91,1,buy
7/14,3706,摩根大通,8440,171,427,-256,2.03,1,sell
7/14,3706,凱基-台北,9268,1111,758,353,2.8,2,buy
7/14,3706,統一-竹南,003500380035006d,0,106,-106,0.84,2,sell
7/14,3706,台灣摩根士丹利,1470,175,69,106,0.84,3,buy
7/14,3706,台新-三重,0039004200320033,0,103,-103,0.82,3,sell
7/14,3706,華南永昌-基隆,9322,95,2,93,0.74,4,buy
7/14,3706,美林,1440,93,186,-93,0.74,4,sell
7/14,3706,中國信託-高雄,003600310036004b,123,40,83,0.66,5,buy
7/14,3706,港商野村,1560,31,121,-90,0.71,5,sell
7/14,3706,新加坡商瑞銀,1650,129,52,77,0.61,6,buy
7/14,3706,國泰證券,8880,26,110,-84,0.67,6,sell
7/14,3706,台新-大裕,003900420032006c,86,16,70,0.56,7,buy
7/14,3706,台新-板橋,0039004200320062,3,86,-83,0.66,7,sell
7/14,3706,華南永昌-桃園,9352,64,0,64,0.51,8,buy
7/14,3706,台新-林園,0039004200320037,33,115,-82,0.65,8,sell
7/14,3706,花旗環球,1590,72,8,64,0.51,9,buy
7/14,3706,永豐金-敦南,0039004100380046,7,88,-81,0.64,9,sell
7/14,3706,元大-台南,9896,62,1,61,0.48,10,buy
7/14,3706,新光,8560,136,216,-80,0.63,10,sell
7/14,3706,高橋-龍潭,5321,62,6,56,0.44,11,buy
7/14,3706,國泰-桃園,8885,10,72,-62,0.49,11,sell
7/14,3706,宏遠-館前,0031003200360055,76,23,53,0.42,12,buy
7/14,3706,永豐金-永康,0039004100390063,11,71,-60,0.48,12,sell
7/14,3706,永豐金證券,0039004100300030,111,58,53,0.42,13,buy
7/14,3706,國泰-敦南,8888,154,213,-59,0.47,13,sell
7/14,3706,土銀-新竹,1035,52,6,46,0.36,14,buy
7/14,3706,富邦-中壢,9636,13,71,-58,0.46,14,sell
7/14,3706,元大-基隆,0039003800390059,51,5,46,0.36,15,buy
7/14,3706,元大-雙和,9874,12,68,-56,0.44,15,sell
7/14,3045,新加坡商瑞銀,1650,3558,465,3093,14.14,1,buy
7/14,3045,花旗環球,1590,248,3064,-2816,12.87,1,sell
7/14,3045,凱基-台北,9268,3306,2025,1281,5.86,2,buy
7/14,3045,摩根大通,8440,1324,3295,-1971,9.01,2,sell
7/14,3045,美商高盛,1480,1551,673,878,4.01,3,buy
7/14,3045,統一,5850,95,1652,-1557,7.12,3,sell
7/14,3045,永豐金-中壢,0039004100390039,645,218,427,1.95,4,buy
7/14,3045,中國信託,6160,6,1500,-1494,6.83,4,sell
7/14,3045,港商麥格理,1360,344,0,344,1.57,5,buy
7/14,3045,永豐金證券,0039004100300030,649,1357,-708,3.24,5,sell
7/14,3045,統一-永和,0035003800350042,300,0,300,1.37,6,buy
7/14,3045,台灣摩根士丹利,1470,1414,1857,-443,2.03,6,sell
7/14,3045,台新-草屯,0039004200320058,296,0,296,1.35,7,buy
7/14,3045,康和,8450,0,350,-350,1.6,7,sell
7/14,3045,群益金鼎,9100,322,33,289,1.32,8,buy
7/14,3045,元大證券,9800,1357,1577,-220,1.01,8,sell
7/14,3045,第一金,5380,245,0,245,1.12,9,buy
7/14,3045,富邦證券,9600,46,252,-206,0.94,9,sell
7/14,3045,法銀巴黎,8900,185,0,185,0.85,10,buy
7/14,3045,凱基,9200,106,306,-200,0.91,10,sell
7/14,3045,兆豐-桃園,003700300030004d,293,139,154,0.7,11,buy
7/14,3045,華南永昌,9300,15,201,-186,0.85,11,sell
7/14,3045,元大-南崁,0039003800300051,148,0,148,0.68,12,buy
7/14,3045,玉山證券,8840,4,157,-153,0.7,12,sell
7/14,3045,台新-高雄,0039004200310067,133,1,132,0.6,13,buy
7/14,3045,土銀,1030,0,76,-76,0.35,13,sell
7/14,3045,富邦-頭份,0039003600320050,126,0,126,0.58,14,buy
7/14,3045,元大-屏東,9892,0,60,-60,0.27,14,sell
7/14,3045,永豐金-新竹,0039004100390037,120,0,120,0.55,15,buy
7/14,3045,台新-城東,0039004200320072,4,35,-31,0.14,15,sell
7/14,4958,摩根大通,8440,3321,1513,1808,3.14,1,buy
7/14,4958,元大證券,9800,5758,10025,-4267,7.41,1,sell
7/14,4958,美商高盛,1480,4366,2818,1548,2.69,2,buy
7/14,4958,新加坡商瑞銀,1650,1427,2845,-1418,2.46,2,sell
7/14,4958,群益金鼎,9100,1443,272,1171,2.03,3,buy
7/14,4958,富邦證券,9600,266,1285,-1019,1.77,3,sell
7/14,4958,永豐金證券,0039004100300030,851,318,533,0.93,4,buy
7/14,4958,花旗環球,1590,110,1082,-972,1.69,4,sell
7/14,4958,新光-台南,8564,204,47,157,0.27,5,buy
7/14,4958,國票-敦北法人,0037003700390063,36,671,-635,1.1,5,sell
7/14,4958,元大-信義,003900380039006d,158,22,136,0.24,6,buy
7/14,4958,凱基-台北,9268,3041,3599,-558,0.97,6,sell
7/14,4958,統一-敦南,5852,163,40,123,0.21,7,buy
7/14,4958,凱基-信義,9216,23,451,-428,0.74,7,sell
7/14,4958,兆豐-台中,7003,130,12,118,0.2,8,buy
7/14,4958,凱基-站前,0039003200300046,94,496,-402,0.7,8,sell
7/14,4958,凱基-松山,9217,206,99,107,0.19,9,buy
7/14,4958,台灣摩根士丹利,1470,2919,3216,-297,0.52,9,sell
7/14,4958,華南永昌,9300,264,161,103,0.18,10,buy
7/14,4958,大和國泰,8890,1,277,-276,0.48,10,sell
7/14,4958,港商野村,1560,1069,969,100,0.17,11,buy
7/14,4958,統一,5850,327,543,-216,0.38,11,sell
7/14,4958,富邦-木柵,003900360031004d,134,43,91,0.16,12,buy
7/14,4958,富邦-南屯,9666,25,225,-200,0.35,12,sell
7/14,4958,福邦證券,6480,110,34,76,0.13,13,buy
7/14,4958,國泰證券,8880,149,291,-142,0.25,13,sell
7/14,4958,富邦-新竹,9647,149,76,73,0.13,14,buy
7/14,4958,凱基-城中,9227,31,170,-139,0.24,14,sell
7/14,4958,群益金鼎-東湖,003900310038004b,91,25,66,0.11,15,buy
7/14,4958,台新,0039004200300030,335,452,-117,0.2,15,sell
7/14,5347,新加坡商瑞銀,1650,1386,149,1237,5.87,1,buy
7/14,5347,兆豐-民生,0037003000300063,2,1140,-1138,5.4,1,sell
7/14,5347,美商高盛,1480,1849,1062,787,3.74,2,buy
7/14,5347,國泰證券,8880,168,1256,-1088,5.17,2,sell
7/14,5347,凱基,9200,440,1,439,2.08,3,buy
7/14,5347,國票-敦北法人,0037003700390063,8,1004,-996,4.73,3,sell
7/14,5347,宏遠證券,1260,401,1,400,1.9,4,buy
7/14,5347,元大證券,9800,1796,2732,-936,4.44,4,sell
7/14,5347,港商麥格理,1360,268,0,268,1.27,5,buy
7/14,5347,永豐金證券,0039004100300030,195,707,-512,2.43,5,sell
7/14,5347,凱基-台北,9268,1810,1575,235,1.12,6,buy
7/14,5347,群益金鼎,9100,198,694,-496,2.35,6,sell
7/14,5347,富邦證券,9600,295,90,205,0.97,7,buy
7/14,5347,中國信託,6160,172,650,-478,2.27,7,sell
7/14,5347,群益金鼎-內湖,0039003100380064,200,0,200,0.95,8,buy
7/14,5347,摩根大通,8440,595,901,-306,1.45,8,sell
7/14,5347,花旗環球,1590,238,60,178,0.85,9,buy
7/14,5347,台灣摩根士丹利,1470,890,1125,-235,1.12,9,sell
7/14,5347,國泰-敦南,8888,346,261,85,0.4,10,buy
7/14,5347,統一,5850,188,367,-179,0.85,10,sell
7/14,5347,宏遠-光隆,0031003200360069,74,2,72,0.34,11,buy
7/14,5347,台新-城東,0039004200320072,10,154,-144,0.68,11,sell
7/14,5347,新光,8560,127,62,65,0.31,12,buy
7/14,5347,元大-歸仁,0039003800310061,13,136,-123,0.58,12,sell
7/14,5347,國泰-館前,0038003800380041,73,19,54,0.26,13,buy
7/14,5347,港商野村,1560,111,223,-112,0.53,13,sell
7/14,5347,元大-大同,0039003800390047,64,13,51,0.24,14,buy
7/14,5347,永豐金-竹科,0039004100390058,83,166,-83,0.39,14,sell
7/14,5347,(牛牛牛)亞證券,6010,50,0,50,0.24,15,buy
7/14,5347,元大-敦化,9833,13,91,-78,0.37,15,sell
7/14,2027,摩根大通,8440,2219,429,1790,10.4,1,buy
7/14,2027,元大-虎尾,003900380030006c,0,2402,-2402,13.95,1,sell
7/14,2027,凱基-台北,9268,2543,772,1771,10.29,2,buy
7/14,2027,兆豐證券,7000,63,1252,-1189,6.91,2,sell
7/14,2027,元大證券,9800,2250,537,1713,9.95,3,buy
7/14,2027,凱基,9200,18,1116,-1098,6.38,3,sell
7/14,2027,美商高盛,1480,1084,155,929,5.4,4,buy
7/14,2027,新光-桃園,8565,4,497,-493,2.86,4,sell
7/14,2027,美林,1440,1115,196,919,5.34,5,buy
7/14,2027,永豐金-埔里,0039004100370039,0,316,-316,1.84,5,sell
7/14,2027,台灣摩根士丹利,1470,1095,389,706,4.1,6,buy
7/14,2027,康和,8450,0,263,-263,1.53,6,sell
7/14,2027,新加坡商瑞銀,1650,776,93,683,3.97,7,buy
7/14,2027,統一-永和,0035003800350042,0,222,-222,1.29,7,sell
7/14,2027,富邦-敦南,9663,501,1,500,2.9,8,buy
7/14,2027,富邦-公益,0039003600310046,40,262,-222,1.29,8,sell
7/14,2027,凱基-城中,9227,500,0,500,2.9,9,buy
7/14,2027,富邦-台中,003900360035004b,0,210,-210,1.22,9,sell
7/14,2027,永豐金證券,0039004100300030,474,37,437,2.54,10,buy
7/14,2027,光和,6380,0,201,-201,1.17,10,sell
7/14,2027,花旗環球,1590,331,0,331,1.92,11,buy
7/14,2027,統一-彰化,0035003800350046,0,141,-141,0.82,11,sell
7/14,2027,(牛牛牛)亞-鑫豐,0036003000310064,310,31,279,1.62,12,buy
7/14,2027,統一,5850,77,202,-125,0.73,12,sell
7/14,2027,富邦-建國,9658,225,18,207,1.2,13,buy
7/14,2027,兆豐-台南,7006,21,124,-103,0.6,13,sell
7/14,2027,台新-台南,0039004200310036,79,6,73,0.42,14,buy
7/14,2027,國泰-台南,8884,8,105,-97,0.56,14,sell
7/14,2027,法銀巴黎,8900,73,0,73,0.42,15,buy
7/14,2027,台中銀-員林,6114,10,106,-96,0.56,15,sell
7/14,2885,台灣摩根士丹利,1470,7144,3452,3692,10.96,1,buy
7/14,2885,永豐金-匯立,0039004100380031,11,7295,-7284,21.63,1,sell
7/14,2885,元大證券,9800,3171,920,2251,6.68,2,buy
7/14,2885,摩根大通,8440,1099,5620,-4521,13.43,2,sell
7/14,2885,永豐金證券,0039004100300030,1685,46,1639,4.87,3,buy
7/14,2885,美商高盛,1480,1656,5368,-3712,11.02,3,sell
7/14,2885,花旗環球,1590,1406,433,973,2.89,4,buy
7/14,2885,美林,1440,715,1222,-507,1.51,4,sell
7/14,2885,統一,5850,984,92,892,2.65,5,buy
7/14,2885,港商麥格理,1360,1037,1479,-442,1.31,5,sell
7/14,2885,凱基,9200,476,106,370,1.1,6,buy
7/14,2885,凱基-台北,9268,1131,1453,-322,0.96,6,sell
7/14,2885,富邦證券,9600,389,61,328,0.97,7,buy
7/14,2885,港商野村,1560,5,153,-148,0.44,7,sell
7/14,2885,永豐金-鳳山,0039004100360031,370,101,269,0.8,8,buy
7/14,2885,永全-南崁,6451,0,107,-107,0.32,8,sell
7/14,2885,元大-館前,003900380034004b,251,8,243,0.72,9,buy
7/14,2885,元大-成功,003900380039004c,20,72,-52,0.15,9,sell
7/14,2885,新加坡商瑞銀,1650,2002,1767,235,0.7,10,buy
7/14,2885,群益金鼎-松山,9103,0,50,-50,0.15,10,sell
7/14,2885,中國信託,6160,260,43,217,0.64,11,buy
7/14,2885,兆豐-南京,0037003000300050,1,50,-49,0.15,11,sell
7/14,2885,香港上海匯豐,8960,203,5,198,0.59,12,buy
7/14,2885,法銀巴黎,8900,149,195,-46,0.14,12,sell
7/14,2885,群益金鼎,9100,261,91,170,0.5,13,buy
7/14,2885,富邦-南屯,9666,11,53,-42,0.12,13,sell
7/14,2885,元大-大天母,9893,152,2,150,0.45,14,buy
7/14,2885,群益金鼎-西松,9136,3,41,-38,0.11,14,sell
7/14,2885,國票-敦北法人,0037003700390063,134,0,134,0.4,15,buy
7/14,2885,元大-上新莊,0039003800330047,5,43,-38,0.11,15,sell
7/14,6005,香港上海匯豐,8960,220,0,220,1.69,1,buy
7/14,6005,新加坡商瑞銀,1650,7,1762,-1755,13.49,1,sell
7/14,6005,永豐金-豐原,0039004100390051,168,0,168,1.29,2,buy
7/14,6005,摩根大通,8440,109,1477,-1368,10.51,2,sell
7/14,6005,凱基-大安,9291,161,0,161,1.24,3,buy
7/14,6005,美林,1440,17,915,-898,6.9,3,sell
7/14,6005,國泰-館前,0038003800380041,159,1,158,1.21,4,buy
7/14,6005,玉山-桃園,0038003800340046,15,827,-812,6.24,4,sell
7/14,6005,永豐金-市政,0039004100390057,184,29,155,1.19,5,buy
7/14,6005,台灣摩根士丹利,1470,348,886,-538,4.13,5,sell
7/14,6005,群益金鼎-南京,0039003100380045,154,0,154,1.18,6,buy
7/14,6005,凱基-台北,9268,590,823,-233,1.79,6,sell
7/14,6005,國泰-敦南,8888,208,76,132,1.01,7,buy
7/14,6005,元大-小港,003900380039005a,4,225,-221,1.7,7,sell
7/14,6005,群益金鼎-彰化,9187,130,3,127,0.98,8,buy
7/14,6005,美商高盛,1480,599,789,-190,1.46,8,sell
7/14,6005,大昌-桃園,6465,125,0,125,0.96,9,buy
7/14,6005,永豐金證券,0039004100300030,83,218,-135,1.04,9,sell
7/14,6005,華南永昌,9300,122,0,122,0.94,10,buy
7/14,6005,兆豐-天母,003700300030004c,22,144,-122,0.94,10,sell
7/14,6005,第一金-頭份,0035003300380049,110,0,110,0.85,11,buy
7/14,6005,富邦-花蓮,9621,16,110,-94,0.72,11,sell
7/14,6005,法銀巴黎,8900,116,7,109,0.84,12,buy
7/14,6005,港商野村,1560,23,85,-62,0.48,12,sell
7/14,6005,元大-中崙,9813,105,0,105,0.81,13,buy
7/14,6005,京城-嘉義,8492,4,60,-56,0.43,13,sell
7/14,6005,華南永昌-淡水,9316,100,0,100,0.77,14,buy
7/14,6005,日進,5660,5,58,-53,0.41,14,sell
7/14,6005,富邦-建國,9658,97,2,95,0.73,15,buy
7/14,6005,元大-沙鹿,0039003800300064,27,74,-47,0.36,15,sell
7/14,6919,群益金鼎,9100,801,21,780,12.52,1,buy
7/14,6919,元大-復北,9872,0,460,-460,7.38,1,sell
7/14,6919,摩根大通,8440,415,141,274,4.4,2,buy
7/14,6919,台灣摩根士丹利,1470,133,310,-177,2.84,2,sell
7/14,6919,凱基-台北,9268,874,611,263,4.22,3,buy
7/14,6919,群益金鼎-中山,0039003100380048,2,109,-107,1.72,3,sell
7/14,6919,元大-員林,9889,100,1,99,1.59,4,buy
7/14,6919,第一金-新竹,0035003300380042,0,100,-100,1.61,4,sell
7/14,6919,美商高盛,1480,182,100,82,1.32,5,buy
7/14,6919,群益金鼎-北高雄,0039003100330052,1,88,-87,1.4,5,sell
7/14,6919,大昌-桃園,6465,80,0,80,1.28,6,buy
7/14,6919,合庫-鳳山,1029,0,53,-53,0.85,6,sell
7/14,6919,康和,8450,70,0,70,1.12,7,buy
7/14,6919,國泰-敦南,8888,93,146,-53,0.85,7,sell
7/14,6919,富邦-建國,9658,65,3,62,1.0,8,buy
7/14,6919,元大-竹科,003900380030004b,13,65,-52,0.83,8,sell
7/14,6919,新加坡商瑞銀,1650,97,39,58,0.93,9,buy
7/14,6919,國泰-高雄,8881,8,57,-49,0.79,9,sell
7/14,6919,花旗環球,1590,93,46,47,0.75,10,buy
7/14,6919,凱基-東港,9212,5,51,-46,0.74,10,sell
7/14,6919,元大證券,9800,513,471,42,0.67,11,buy
7/14,6919,兆豐-來福,0037003000300043,0,38,-38,0.61,11,sell
7/14,6919,富邦-台中,003900360035004b,43,7,36,0.58,12,buy
7/14,6919,美林,1440,65,101,-36,0.58,12,sell
7/14,6919,元大-南京,9862,37,3,34,0.55,13,buy
7/14,6919,新光,8560,47,83,-36,0.58,13,sell
7/14,6919,富邦-港都,0039003600320051,72,39,33,0.53,14,buy
7/14,6919,永豐金-桃園,0039004100390078,0,30,-30,0.48,14,sell
7/14,6919,安泰,8380,31,1,30,0.48,15,buy
7/14,6919,群益金鼎-基隆,0039003100330045,0,30,-30,0.48,15,sell
7/14,2301,元大證券,9800,2915,2622,293,1.19,1,buy
7/14,2301,美林,1440,799,3989,-3190,12.93,1,sell
7/14,2301,永豐金證券,0039004100300030,497,221,276,1.12,2,buy
7/14,2301,新加坡商瑞銀,1650,578,1737,-1159,4.7,2,sell
7/14,2301,凱基,9200,335,128,207,0.84,3,buy
7/14,2301,凱基-台北,9268,787,1616,-829,3.36,3,sell
7/14,2301,國泰-敦南,8888,345,196,149,0.6,4,buy
7/14,2301,港商野村,1560,81,630,-549,2.23,4,sell
7/14,2301,群益金鼎-永和,003900310038004a,124,5,119,0.48,5,buy
7/14,2301,台新,0039004200300030,148,670,-522,2.12,5,sell
7/14,2301,港商麥格理,1360,121,2,119,0.48,6,buy
7/14,2301,台灣摩根士丹利,1470,1702,2186,-484,1.96,6,sell
7/14,2301,玉山證券,8840,118,14,104,0.42,7,buy
7/14,2301,統一,5850,101,503,-402,1.63,7,sell
7/14,2301,國泰-松江,8883,87,3,84,0.34,8,buy
7/14,2301,康和,8450,4,401,-397,1.61,8,sell
7/14,2301,國泰-新莊,8886,88,7,81,0.33,9,buy
7/14,2301,國泰證券,8880,23,231,-208,0.84,9,sell
7/14,2301,元大-館前,003900380034004b,89,11,78,0.32,10,buy
7/14,2301,富邦證券,9600,242,364,-122,0.49,10,sell
7/14,2301,新光,8560,175,99,76,0.31,11,buy
7/14,2301,摩根大通,8440,1121,1218,-97,0.39,11,sell
7/14,2301,富邦-台北,9623,92,26,66,0.27,12,buy
7/14,2301,台新-松德,0039004200320061,26,113,-87,0.35,12,sell
7/14,2301,富邦-永和,9654,84,20,64,0.26,13,buy
7/14,2301,永豐金-中壢,0039004100390039,18,103,-85,0.34,13,sell
7/14,2301,富邦-台南,9667,83,23,60,0.24,14,buy
7/14,2301,台新-台北,0039004200320030,10,67,-57,0.23,14,sell
7/14,2301,合庫證券,1020,57,0,57,0.23,15,buy
7/14,2301,凱基-高美館,9215,33,76,-43,0.17,15,sell
7/14,2006,台灣摩根士丹利,1470,599,60,539,22.47,1,buy
7/14,2006,統一,5850,65,789,-724,30.18,1,sell
7/14,2006,美商高盛,1480,296,88,208,8.67,2,buy
7/14,2006,國票-敦北法人,0037003700390063,25,201,-176,7.34,2,sell
7/14,2006,摩根大通,8440,268,71,197,8.21,3,buy
7/14,2006,美林,1440,5,103,-98,4.09,3,sell
7/14,2006,凱基-台北,9268,378,205,173,7.21,4,buy
7/14,2006,臺銀-高雄,0031003000340043,0,70,-70,2.92,4,sell
7/14,2006,元大證券,9800,110,25,85,3.54,5,buy
7/14,2006,國泰證券,8880,1,61,-60,2.5,5,sell
7/14,2006,新加坡商瑞銀,1650,211,138,73,3.04,6,buy
7/14,2006,元大-屏東民生,0039003800310068,0,21,-21,0.88,6,sell
7/14,2006,花旗環球,1590,33,4,29,1.21,7,buy
7/14,2006,合庫-自強,0031003000320043,0,17,-17,0.71,7,sell
7/14,2006,凱基,9200,30,2,28,1.17,8,buy
7/14,2006,統一-新竹,5857,1,16,-15,0.63,8,sell
7/14,2006,國票-中港,003700370039006d,20,0,20,0.83,9,buy
7/14,2006,兆豐-鹿港,0037003000300066,1,12,-11,0.46,9,sell
7/14,2006,華南永昌,9300,17,0,17,0.71,10,buy
7/14,2006,富邦-內湖,9627,0,11,-11,0.46,10,sell
7/14,2006,元大-桃園,0039003800380042,11,0,11,0.46,11,buy
7/14,2006,第一金-忠孝,0035003300380044,0,10,-10,0.42,11,sell
7/14,2006,永豐金證券,0039004100300030,62,51,11,0.46,12,buy
7/14,2006,富邦-豐原,003900360033004c,5,15,-10,0.42,12,sell
7/14,2006,港商野村,1560,10,0,10,0.42,13,buy
7/14,2006,富邦-嘉義,9692,0,10,-10,0.42,13,sell
7/14,2006,港商麥格理,1360,9,0,9,0.38,14,buy
7/14,2006,台新-屏新,0039004200320071,0,10,-10,0.42,14,sell
7/14,2006,元大-西屯,0039003800300077,67,59,8,0.33,15,buy
7/14,2006,元大-南屯,9853,3,12,-9,0.38,15,sell
7/14,6176,港商野村,1560,445,5,440,5.71,1,buy
7/14,6176,台灣摩根士丹利,1470,151,1683,-1532,19.89,1,sell
7/14,6176,元大證券,9800,546,250,296,3.84,2,buy
7/14,6176,花旗環球,1590,33,745,-712,9.24,2,sell
7/14,6176,永豐金-匯立,0039004100380031,220,0,220,2.86,3,buy
7/14,6176,新加坡商瑞銀,1650,188,832,-644,8.36,3,sell
7/14,6176,美好-富順,003500320036004b,201,0,201,2.61,4,buy
7/14,6176,美商高盛,1480,477,930,-453,5.88,4,sell
7/14,6176,華南永昌-潮州,9328,104,0,104,1.35,5,buy
7/14,6176,摩根大通,8440,205,478,-273,3.54,5,sell
7/14,6176,華南永昌-朴子,9329,93,2,91,1.18,6,buy
7/14,6176,群益金鼎-潭子,0039003100330044,6,190,-184,2.39,6,sell
7/14,6176,富邦-板橋,9655,110,30,80,1.04,7,buy
7/14,6176,土銀-台南,1032,2,150,-148,1.92,7,sell
7/14,6176,凱基-台北,9268,357,280,77,1.0,8,buy
7/14,6176,永豐金證券,0039004100300030,57,177,-120,1.56,8,sell
7/14,6176,新光,8560,153,80,73,0.95,9,buy
7/14,6176,台新-西松,003900420032006e,6,79,-73,0.95,9,sell
7/14,6176,美林,1440,72,16,56,0.73,10,buy
7/14,6176,兆豐-員林,003700300030006b,2,70,-68,0.88,10,sell
7/14,6176,富邦-新竹,9647,55,0,55,0.71,11,buy
7/14,6176,群益金鼎,9100,21,55,-34,0.44,11,sell
7/14,6176,元大-龍潭,9858,53,0,53,0.69,12,buy
7/14,6176,統一-士林,003500380035004d,1,31,-30,0.39,12,sell
7/14,6176,亞東-板橋,2181,52,1,51,0.66,13,buy
7/14,6176,富邦-新板,0039003600310048,1,31,-30,0.39,13,sell
7/14,6176,第一金-澎湖,5387,46,1,45,0.58,14,buy
7/14,6176,康和,8450,0,29,-29,0.38,14,sell
7/14,6176,富邦-樹林,0039003600320045,43,0,43,0.56,15,buy
7/14,6176,土銀-新竹,1035,24,52,-28,0.36,15,sell
7/14,4938,元大證券,9800,2599,404,2195,24.61,1,buy
7/14,4938,美商高盛,1480,279,1496,-1217,13.65,1,sell
7/14,4938,花旗環球,1590,538,91,447,5.01,2,buy
7/14,4938,台灣摩根士丹利,1470,704,1312,-608,6.82,2,sell
7/14,4938,港商麥格理,1360,400,0,400,4.48,3,buy
7/14,4938,美林,1440,63,342,-279,3.13,3,sell
7/14,4938,永豐金證券,0039004100300030,313,105,208,2.33,4,buy
7/14,4938,國票-敦北法人,0037003700390063,21,300,-279,3.13,4,sell
7/14,4938,統一,5850,118,6,112,1.26,5,buy
7/14,4938,港商野村,1560,12,282,-270,3.03,5,sell
7/14,4938,富邦-高雄,9659,107,0,107,1.2,6,buy
7/14,4938,中國信託,6160,14,181,-167,1.87,6,sell
7/14,4938,摩根大通,8440,322,247,75,0.84,7,buy
7/14,4938,美好-富順,003500320036004b,15,154,-139,1.56,7,sell
7/14,4938,富邦-仁愛,9676,80,5,75,0.84,8,buy
7/14,4938,新加坡商瑞銀,1650,113,241,-128,1.44,8,sell
7/14,4938,第一金-忠孝,0035003300380044,52,2,50,0.56,9,buy
7/14,4938,凱基-東港,9212,0,105,-105,1.18,9,sell
7/14,4938,凱基-台北,9268,627,589,38,0.43,10,buy
7/14,4938,永豐金-內湖,0039004100390067,6,107,-101,1.13,10,sell
7/14,4938,群益金鼎,9100,64,26,38,0.43,11,buy
7/14,4938,永豐金-市政,0039004100390057,0,85,-85,0.95,11,sell
7/14,4938,群益金鼎-東湖,003900310038004b,38,1,37,0.41,12,buy
7/14,4938,臺銀-新竹,1045,8,76,-68,0.76,12,sell
7/14,4938,兆豐-竹北,7007,34,1,33,0.37,13,buy
7/14,4938,元大-新莊,9898,1,62,-61,0.68,13,sell
7/14,4938,玉山-新莊,8842,32,0,32,0.36,14,buy
7/14,4938,美好-楊梅,5262,0,51,-51,0.57,14,sell
7/14,4938,永豐金-天母,0039004100390047,28,0,28,0.31,15,buy
7/14,4938,統一-三重,003500380035004a,6,50,-44,0.49,15,sell
7/14,1319,富邦證券,9600,226,0,226,8.43,1,buy
7/14,1319,美商高盛,1480,58,436,-378,14.1,1,sell
7/14,1319,港商野村,1560,151,0,151,5.63,2,buy
7/14,1319,台灣摩根士丹利,1470,32,249,-217,8.1,2,sell
7/14,1319,統一,5850,143,11,132,4.93,3,buy
7/14,1319,摩根大通,8440,117,290,-173,6.46,3,sell
7/14,1319,美林,1440,103,39,64,2.39,4,buy
7/14,1319,(牛牛牛)亞-鑫豐,0036003000310064,2,72,-70,2.61,4,sell
7/14,1319,永豐金證券,0039004100300030,347,307,40,1.49,5,buy
7/14,1319,台新-安南,003900420032005a,8,39,-31,1.16,5,sell
7/14,1319,統一-台中,5856,31,0,31,1.16,6,buy
7/14,1319,元大-南屯,9853,0,30,-30,1.12,6,sell
7/14,1319,元大證券,9800,94,64,30,1.12,7,buy
7/14,1319,台新-緯城,0039004200320041,0,25,-25,0.93,7,sell
7/14,1319,玉山-新莊,8842,30,0,30,1.12,8,buy
7/14,1319,兆豐-台南,7006,1,20,-19,0.71,8,sell
7/14,1319,花旗環球,1590,28,2,26,0.97,9,buy
7/14,1319,富邦-新竹,9647,5,24,-19,0.71,9,sell
7/14,1319,永豐金-匯立,0039004100380031,21,0,21,0.78,10,buy
7/14,1319,第一金-華江,0035003300380057,1,18,-17,0.63,10,sell
7/14,1319,統一-土城,0035003800350059,16,0,16,0.6,11,buy
7/14,1319,新加坡商瑞銀,1650,9,25,-16,0.6,11,sell
7/14,1319,台新-佳里,0039004200320077,16,0,16,0.6,12,buy
7/14,1319,凱基-城中,9227,0,16,-16,0.6,12,sell
7/14,1319,宏遠-桃園,1262,15,0,15,0.56,13,buy
7/14,1319,群益金鼎-新竹,9186,1,15,-14,0.52,13,sell
7/14,1319,玉山-台南,8847,17,4,13,0.49,14,buy
7/14,1319,國泰-桃園,8885,7,21,-14,0.52,14,sell
7/14,1319,台新-台南,0039004200310036,13,0,13,0.49,15,buy
7/14,1319,合庫-三重,0031003000320047,33,45,-12,0.45,15,sell
7/14,3036,摩根大通,8440,750,211,539,5.46,1,buy
7/14,3036,港商麥格理,1360,56,1350,-1294,13.11,1,sell
7/14,3036,美商高盛,1480,1271,789,482,4.88,2,buy
7/14,3036,永豐金-匯立,0039004100380031,0,1043,-1043,10.57,2,sell
7/14,3036,元大證券,9800,733,513,220,2.23,3,buy
7/14,3036,元大-虎尾,003900380030006c,1,172,-171,1.73,3,sell
7/14,3036,花旗環球,1590,213,12,201,2.04,4,buy
7/14,3036,台新-嘉義,0039004200320049,4,157,-153,1.55,4,sell
7/14,3036,港商野村,1560,190,0,190,1.93,5,buy
7/14,3036,凱基-士林,9238,7,131,-124,1.26,5,sell
7/14,3036,土銀,1030,200,13,187,1.9,6,buy
7/14,3036,香港上海匯豐,8960,3,100,-97,0.98,6,sell
7/14,3036,新加坡商瑞銀,1650,588,459,129,1.31,7,buy
7/14,3036,凱基-台北,9268,480,566,-86,0.87,7,sell
7/14,3036,永豐金證券,0039004100300030,234,123,111,1.12,8,buy
7/14,3036,華南永昌-嘉義,9314,0,82,-82,0.83,8,sell
7/14,3036,元大-館前,003900380034004b,110,1,109,1.1,9,buy
7/14,3036,群益金鼎,9100,96,167,-71,0.72,9,sell
7/14,3036,元大-新盛,9869,103,2,101,1.02,10,buy
7/14,3036,台灣摩根士丹利,1470,987,1053,-66,0.67,10,sell
7/14,3036,富邦證券,9600,127,41,86,0.87,11,buy
7/14,3036,元大-木柵,003900380033004d,0,56,-56,0.57,11,sell
7/14,3036,華南永昌-麻豆,9308,91,9,82,0.83,12,buy
7/14,3036,華南永昌-台中,9302,2,57,-55,0.56,12,sell
7/14,3036,美林,1440,171,97,74,0.75,13,buy
7/14,3036,元大-蘆洲,9857,1,44,-43,0.44,13,sell
7/14,3036,元大-敦化,9833,63,2,61,0.62,14,buy
7/14,3036,兆豐-板橋,0037003000300042,8,50,-42,0.43,14,sell
7/14,3036,玉山-景美,8849,54,0,54,0.55,15,buy
7/14,3036,群益金鼎-台中,9184,5,47,-42,0.43,15,sell
7/14,9907,永豐金-匯立,0039004100380031,707,0,707,17.56,1,buy
7/14,9907,元大-博愛,0039003800320042,4,484,-480,11.92,1,sell
7/14,9907,凱基-台北,9268,637,58,579,14.38,2,buy
7/14,9907,台灣摩根士丹利,1470,72,504,-432,10.73,2,sell
7/14,9907,美商高盛,1480,811,485,326,8.1,3,buy
7/14,9907,統一,5850,0,418,-418,10.38,3,sell
7/14,9907,大昌-樹林,6461,292,0,292,7.25,4,buy
7/14,9907,元大-鳳山,003900380033005a,21,413,-392,9.73,4,sell
7/14,9907,花旗環球,1590,79,3,76,1.89,5,buy
7/14,9907,華南永昌-三重,9369,0,78,-78,1.94,5,sell
7/14,9907,永豐金證券,0039004100300030,132,57,75,1.86,6,buy
7/14,9907,華南永昌-桃園,9352,0,70,-70,1.74,6,sell
7/14,9907,華南永昌-南京,9326,55,0,55,1.37,7,buy
7/14,9907,美林,1440,22,80,-58,1.44,7,sell
7/14,9907,元大證券,9800,132,80,52,1.29,8,buy
7/14,9907,日進,5660,0,50,-50,1.24,8,sell
7/14,9907,國泰-敦南,8888,48,13,35,0.87,9,buy
7/14,9907,元大-復北,9872,0,47,-47,1.17,9,sell
7/14,9907,國泰-松江,8883,30,0,30,0.74,10,buy
7/14,9907,永豐金-高雄,0039004100390065,0,35,-35,0.87,10,sell
7/14,9907,富邦證券,9600,23,0,23,0.57,11,buy
7/14,9907,群益金鼎-桃園,9189,0,32,-32,0.79,11,sell
7/14,9907,新光,8560,27,6,21,0.52,12,buy
7/14,9907,新加坡商瑞銀,1650,1,31,-30,0.74,12,sell
7/14,9907,港商野村,1560,21,0,21,0.52,13,buy
7/14,9907,富邦-和美,0039003600310050,0,27,-27,0.67,13,sell
7/14,9907,元大-府城,0039003800300075,20,0,20,0.5,14,buy
7/14,9907,元大-館前,003900380034004b,6,30,-24,0.6,14,sell
7/14,9907,台新-大裕,003900420032006c,19,0,19,0.47,15,buy
7/14,9907,台新-屏新,0039004200320071,0,22,-22,0.55,15,sell
7/14,6147,新加坡商瑞銀,1650,2933,204,2729,9.62,1,buy
7/14,6147,元大證券,9800,2486,3341,-855,3.01,1,sell
7/14,6147,凱基-台北,9268,3347,1273,2074,7.31,2,buy
7/14,6147,台新,0039004200300030,144,772,-628,2.21,2,sell
7/14,6147,台灣摩根士丹利,1470,2080,831,1249,4.4,3,buy
7/14,6147,港商野村,1560,223,777,-554,1.95,3,sell
7/14,6147,美林,1440,1299,93,1206,4.25,4,buy
7/14,6147,國泰證券,8880,4,449,-445,1.57,4,sell
7/14,6147,摩根大通,8440,1701,872,829,2.92,5,buy
7/14,6147,臺銀,1040,9,416,-407,1.43,5,sell
7/14,6147,凱基-斗六,9281,605,5,600,2.11,6,buy
7/14,6147,富邦證券,9600,38,413,-375,1.32,6,sell
7/14,6147,美商高盛,1480,895,381,514,1.81,7,buy
7/14,6147,台新-永和,0039004200320042,68,381,-313,1.1,7,sell
7/14,6147,花旗環球,1590,213,0,213,0.75,8,buy
7/14,6147,兆豐-忠孝,0037003000300061,15,308,-293,1.03,8,sell
7/14,6147,永豐金-台中,003900410039004c,202,37,165,0.58,9,buy
7/14,6147,國泰-敦南,8888,465,751,-286,1.01,9,sell
7/14,6147,永豐金證券,0039004100300030,430,303,127,0.45,10,buy
7/14,6147,玉山-高雄,8843,17,259,-242,0.85,10,sell
7/14,6147,凱基-豐中,9223,105,4,101,0.36,11,buy
7/14,6147,元大-桃園,0039003800380042,9,235,-226,0.8,11,sell
7/14,6147,富邦-嘉義,9692,129,43,86,0.3,12,buy
7/14,6147,康和-台北,0038003400350055,4,229,-225,0.79,12,sell
7/14,6147,凱基-松山,9217,118,34,84,0.3,13,buy
7/14,6147,元大-斗信,9884,20,239,-219,0.77,13,sell
7/14,6147,玉山-板橋,8846,93,15,78,0.27,14,buy
7/14,6147,元大-中和,0039003800390065,73,272,-199,0.7,14,sell
7/14,6147,富邦-新竹,9647,98,26,72,0.25,15,buy
7/14,6147,國票-敦北法人,0037003700390063,135,333,-198,0.7,15,sell
7/14,6239,美商高盛,1480,1818,947,871,3.48,1,buy
7/14,6239,元大證券,9800,2658,5177,-2519,10.07,1,sell
7/14,6239,兆豐證券,7000,827,56,771,3.08,2,buy
7/14,6239,新光,8560,102,1544,-1442,5.76,2,sell
7/14,6239,元大-大雅,0039003800330069,691,40,651,2.6,3,buy
7/14,6239,港商野村,1560,51,598,-547,2.19,3,sell
7/14,6239,摩根大通,8440,1649,1013,636,2.54,4,buy
7/14,6239,兆豐-北高雄,0037003000300049,8,400,-392,1.57,4,sell
7/14,6239,凱基-台北,9268,1889,1254,635,2.54,5,buy
7/14,6239,元大-鳳山,003900380033005a,6,282,-276,1.1,5,sell
7/14,6239,凱基,9200,666,51,615,2.46,6,buy
7/14,6239,統一,5850,194,366,-172,0.69,6,sell
7/14,6239,新加坡商瑞銀,1650,553,175,378,1.51,7,buy
7/14,6239,第一金-忠孝,0035003300380044,7,151,-144,0.58,7,sell
7/14,6239,國泰證券,8880,271,64,207,0.83,8,buy
7/14,6239,國票-安和,003700370039005a,12,132,-120,0.48,8,sell
7/14,6239,花旗環球,1590,239,62,177,0.71,9,buy
7/14,6239,統一-土城,0035003800350059,12,120,-108,0.43,9,sell
7/14,6239,美林,1440,622,456,166,0.66,10,buy
7/14,6239,致和證券,7030,1,101,-100,0.4,10,sell
7/14,6239,永豐金證券,0039004100300030,392,260,132,0.53,11,buy
7/14,6239,富邦-仁愛,9676,37,129,-92,0.37,11,sell
7/14,6239,凱基-湖口,003900320030004e,97,4,93,0.37,12,buy
7/14,6239,元大-長庚,0039003800380056,4,82,-78,0.31,12,sell
7/14,6239,港商麥格理,1360,102,9,93,0.37,13,buy
7/14,6239,台新,0039004200300030,121,198,-77,0.31,13,sell
7/14,6239,國泰-敦南,8888,359,306,53,0.21,14,buy
7/14,6239,統一-士林,003500380035004d,0,77,-77,0.31,14,sell
7/14,6239,宏遠-高雄,0031003200360051,53,2,51,0.2,15,buy
7/14,6239,法銀巴黎,8900,7,81,-74,0.3,15,sell
7/14,2385,港商野村,1560,1335,245,1090,21.03,1,buy
7/14,2385,台灣企銀,1110,0,833,-833,16.07,1,sell
7/14,2385,元大證券,9800,443,90,353,6.81,2,buy
7/14,2385,永豐金-匯立,0039004100380031,13,500,-487,9.4,2,sell
7/14,2385,永豐金-敦南,0039004100380046,241,0,241,4.65,3,buy
7/14,2385,兆豐證券,7000,3,300,-297,5.73,3,sell
7/14,2385,永豐金-中正,0039004100390055,165,1,164,3.16,4,buy
7/14,2385,台灣摩根士丹利,1470,201,457,-256,4.94,4,sell
7/14,2385,港商麥格理,1360,119,0,119,2.3,5,buy
7/14,2385,美林,1440,24,245,-221,4.26,5,sell
7/14,2385,凱基,9200,118,16,102,1.97,6,buy
7/14,2385,美商高盛,1480,49,224,-175,3.38,6,sell
7/14,2385,凱基-台北,9268,226,164,62,1.2,7,buy
7/14,2385,富邦-仁愛,9676,8,60,-52,1.0,7,sell
7/14,2385,永豐金證券,0039004100300030,124,65,59,1.14,8,buy
7/14,2385,玉山-新莊,8842,16,65,-49,0.95,8,sell
7/14,2385,花旗環球,1590,63,20,43,0.83,9,buy
7/14,2385,第一金-華江,0035003300380057,8,44,-36,0.69,9,sell
7/14,2385,台新-三民,0039004200310033,40,0,40,0.77,10,buy
7/14,2385,新加坡商瑞銀,1650,55,89,-34,0.66,10,sell
7/14,2385,摩根大通,8440,600,565,35,0.68,11,buy
7/14,2385,臺銀-民權,1043,2,31,-29,0.56,11,sell
7/14,2385,玉山-台中,0038003800340042,29,1,28,0.54,12,buy
7/14,2385,第一金-新竹,0035003300380042,0,21,-21,0.41,12,sell
7/14,2385,富邦-台北,9623,26,1,25,0.48,13,buy
7/14,2385,元大-員林,9889,0,21,-21,0.41,13,sell
7/14,2385,國票-敦北法人,0037003700390063,18,0,18,0.35,14,buy
7/14,2385,康和,8450,0,20,-20,0.39,14,sell
7/14,2385,群益金鼎-南京,0039003100380045,16,0,16,0.31,15,buy
7/14,2385,群益金鼎-東門,0039003100380044,0,20,-20,0.39,15,sell
7/14,2441,凱基,9200,241,22,219,2.31,1,buy
7/14,2441,永豐金-匯立,0039004100380031,27,894,-867,9.13,1,sell
7/14,2441,群益金鼎,9100,197,68,129,1.36,2,buy
7/14,2441,新加坡商瑞銀,1650,43,346,-303,3.19,2,sell
7/14,2441,美林,1440,135,26,109,1.15,3,buy
7/14,2441,摩根大通,8440,277,572,-295,3.11,3,sell
7/14,2441,富邦-敦南,9663,71,1,70,0.74,4,buy
7/14,2441,富邦證券,9600,48,339,-291,3.07,4,sell
7/14,2441,國泰-敦南,8888,217,149,68,0.72,5,buy
7/14,2441,台灣摩根士丹利,1470,401,644,-243,2.56,5,sell
7/14,2441,元大-竹南,0039003800330056,66,11,55,0.58,6,buy
7/14,2441,宏遠證券,1260,2,202,-200,2.11,6,sell
7/14,2441,國票-桃園,0037003700390072,53,1,52,0.55,7,buy
7/14,2441,元大證券,9800,931,1127,-196,2.07,7,sell
7/14,2441,元大-草屯,0039003800390045,55,5,50,0.53,8,buy
7/14,2441,美商高盛,1480,378,563,-185,1.95,8,sell
7/14,2441,富邦-建國,9658,59,14,45,0.47,9,buy
7/14,2441,凱基-台北,9268,438,598,-160,1.69,9,sell
7/14,2441,群益金鼎-古亭,0039003100380043,42,0,42,0.44,10,buy
7/14,2441,統一-南京,0035003800350055,0,62,-62,0.65,10,sell
7/14,2441,統一-敦南,5852,40,4,36,0.38,11,buy
7/14,2441,統一-新台中,0035003800350044,1,60,-59,0.62,11,sell
7/14,2441,台新,0039004200300030,70,35,35,0.37,12,buy
7/14,2441,國泰證券,8880,8,65,-57,0.6,12,sell
7/14,2441,凱基-松山,9217,34,3,31,0.33,13,buy
7/14,2441,永豐金證券,0039004100300030,102,158,-56,0.59,13,sell
7/14,2441,元大-敦南,0039003800390050,41,12,29,0.31,14,buy
7/14,2441,元大-頭份,0039003800330055,27,82,-55,0.58,14,sell
7/14,2441,台新-新店,0039004200320032,32,4,28,0.3,15,buy
7/14,2441,元大-忠孝,9871,3,51,-48,0.51,15,sell
7/14,6285,台灣摩根士丹利,1470,1238,517,721,7.11,1,buy
7/14,6285,大和國泰,8890,0,414,-414,4.09,1,sell
7/14,6285,港商麥格理,1360,227,0,227,2.24,2,buy
7/14,6285,凱基-台北,9268,666,1050,-384,3.79,2,sell
7/14,6285,元大證券,9800,731,556,175,1.73,3,buy
7/14,6285,合庫-新竹,0031003000320041,4,312,-308,3.04,3,sell
7/14,6285,摩根大通,8440,226,100,126,1.24,4,buy
7/14,6285,新加坡商瑞銀,1650,273,515,-242,2.39,4,sell
7/14,6285,美好-蘆洲,5261,124,2,122,1.2,5,buy
7/14,6285,統一,5850,27,232,-205,2.02,5,sell
7/14,6285,花旗環球,1590,90,14,76,0.75,6,buy
7/14,6285,國票-敦北法人,0037003700390063,16,206,-190,1.87,6,sell
7/14,6285,法銀巴黎,8900,42,0,42,0.41,7,buy
7/14,6285,美商高盛,1480,675,776,-101,1.0,7,sell
7/14,6285,國票-新莊,0037003700390047,28,0,28,0.28,8,buy
7/14,6285,兆豐-台中,7003,0,61,-61,0.6,8,sell
7/14,6285,富邦-新竹,9647,37,12,25,0.25,9,buy
7/14,6285,永豐金證券,0039004100300030,218,278,-60,0.59,9,sell
7/14,6285,富邦-永和,9654,44,21,23,0.23,10,buy
7/14,6285,台新,0039004200300030,62,115,-53,0.52,10,sell
7/14,6285,大昌-新店,6464,40,17,23,0.23,11,buy
7/14,6285,永豐金-板盛,0039004100390059,6,52,-46,0.45,11,sell
7/14,6285,臺銀-金山,0031003000340044,34,11,23,0.23,12,buy
7/14,6285,中國信託,6160,8,44,-36,0.36,12,sell
7/14,6285,富邦-木柵,003900360031004d,21,0,21,0.21,13,buy
7/14,6285,富邦證券,9600,17,52,-35,0.35,13,sell
7/14,6285,新光-台中,8561,56,36,20,0.2,14,buy
7/14,6285,凱基-市府,0039003200300044,1,32,-31,0.31,14,sell
7/14,6285,永豐金-新莊,0039004100390048,33,12,21,0.21,15,buy
7/14,6285,群益金鼎-士林,9137,2,32,-30,0.3,15,sell
7/14,2207,花旗環球,1590,48,7,41,11.58,1,buy
7/14,2207,美商高盛,1480,29,60,-31,8.76,1,sell
7/14,2207,凱基-台北,9268,40,4,36,10.17,2,buy
7/14,2207,台灣摩根士丹利,1470,15,33,-18,5.08,2,sell
7/14,2207,永豐金證券,0039004100300030,29,3,26,7.34,3,buy
7/14,2207,凱基-三峽,0039003200310045,0,8,-8,2.26,3,sell
7/14,2207,元大證券,9800,24,7,17,4.8,4,buy
7/14,2207,元大-台中,9812,0,8,-8,2.26,4,sell
7/14,2207,美林,1440,15,3,12,3.39,5,buy
7/14,2207,國泰-敦南,8888,1,8,-7,1.98,5,sell
7/14,2207,台新-台北,0039004200320030,9,0,9,2.54,6,buy
7/14,2207,元大-三民,0039003800390046,0,6,-6,1.69,6,sell
7/14,2207,凱基,9200,7,4,3,0.85,7,buy
7/14,2207,新光,8560,1,6,-5,1.41,7,sell
7/14,2207,香港上海匯豐,8960,3,0,3,0.85,8,buy
7/14,2207,第一金-路竹,0035003300380050,0,5,-5,1.41,8,sell
7/14,2207,凱基-汐止,9226,3,0,3,0.85,9,buy
7/14,2207,群益金鼎-台北,0039003100380058,0,5,-5,1.41,9,sell
7/14,2207,華南永昌,9300,3,0,3,0.85,10,buy
7/14,2207,台新,0039004200300030,3,7,-4,1.13,10,sell
7/14,2207,台新-屏新,0039004200320071,3,0,3,0.85,11,buy
7/14,2207,元大-沙鹿,0039003800300064,0,4,-4,1.13,11,sell
7/14,2207,統一,5850,3,0,3,0.85,12,buy
7/14,2207,彰銀-七賢,1232,0,4,-4,1.13,12,sell
7/14,2207,富邦-台北,9623,2,0,2,0.56,13,buy
7/14,2207,第一金-中壢,0035003300380059,0,4,-4,1.13,13,sell
7/14,2207,台中銀,6110,2,0,2,0.56,14,buy
7/14,2207,法銀巴黎,8900,3,7,-4,1.13,14,sell
7/14,2207,中國信託-忠孝,6162,2,0,2,0.56,15,buy
7/14,2207,中國信託,6160,0,3,-3,0.85,15,sell
7/14,0052,華南永昌,9300,2776,17,2759,7.08,1,buy
7/14,0052,凱基-台北,9268,852,6123,-5271,13.53,1,sell
7/14,0052,凱基,9200,818,156,662,1.7,2,buy
7/14,0052,群益金鼎,9100,286,3412,-3126,8.03,2,sell
7/14,0052,國泰-敦南,8888,1151,546,605,1.55,3,buy
7/14,0052,永豐金證券,0039004100300030,554,3333,-2779,7.14,3,sell
7/14,0052,富邦-仁愛,9676,625,44,581,1.49,4,buy
7/14,0052,富邦證券,9600,187,2810,-2623,6.73,4,sell
7/14,0052,新加坡商瑞銀,1650,3521,3011,510,1.31,5,buy
7/14,0052,中國信託,6160,227,1290,-1063,2.73,5,sell
7/14,0052,華南永昌-中正,9359,234,23,211,0.54,6,buy
7/14,0052,統一,5850,1047,1962,-915,2.35,6,sell
7/14,0052,富邦-建國,9658,236,27,209,0.54,7,buy
7/14,0052,台新,0039004200300030,787,1549,-762,1.96,7,sell
7/14,0052,富邦-樹林,0039003600320045,200,6,194,0.5,8,buy
7/14,0052,元大證券,9800,3481,4197,-716,1.84,8,sell
7/14,0052,新百王,6210,184,2,182,0.47,9,buy
7/14,0052,台灣企銀-太平,1115,4,402,-398,1.02,9,sell
7/14,0052,國泰-板橋,003800380038004b,242,95,147,0.38,10,buy
7/14,0052,國票-長城,0037003700390075,8,131,-123,0.32,10,sell
7/14,0052,國泰-高雄,8881,178,46,132,0.34,11,buy
7/14,0052,富邦-陽明,9604,146,245,-99,0.25,11,sell
7/14,0052,台新-城東,0039004200320072,125,7,118,0.3,12,buy
7/14,0052,第一金-澎湖,5387,13,108,-95,0.24,12,sell
7/14,0052,新光-新竹,8563,125,10,115,0.3,13,buy
7/14,0052,合庫-高雄,1023,27,105,-78,0.2,13,sell
7/14,0052,中國信託-新竹,6165,122,8,114,0.29,14,buy
7/14,0052,(牛牛牛)亞-鑫豐,0036003000310064,43,114,-71,0.18,14,sell
7/14,0052,玉山證券,8840,133,20,113,0.29,15,buy
7/14,0052,台新-文心,003900420032007a,22,89,-67,0.17,15,sell
