date,stock_code,broker_name,broker_id,buy_vol,sell_vol,net_vol,pct,rank,side
7/20,2330,元大證券,9800,6662,1903,4759,9.8,1,buy
7/20,2330,台灣摩根士丹利,1470,1801,7372,-5571,11.48,1,sell
7/20,2330,美商高盛,1480,4693,368,4325,8.91,2,buy
7/20,2330,摩根大通,8440,4559,9219,-4660,9.6,2,sell
7/20,2330,永豐金證券,0039004100300030,2986,692,2294,4.73,3,buy
7/20,2330,大和國泰,8890,70,2250,-2180,4.49,3,sell
7/20,2330,港商麥格理,1360,2015,49,1966,4.05,4,buy
7/20,2330,凱基-台北,9268,1868,2886,-1018,2.1,4,sell
7/20,2330,新加坡商瑞銀,1650,3974,2271,1703,3.51,5,buy
7/20,2330,美林,1440,781,1697,-916,1.89,5,sell
7/20,2330,富邦證券,9600,1671,1175,496,1.02,6,buy
7/20,2330,統一,5850,187,969,-782,1.61,6,sell
7/20,2330,花旗環球,1590,2204,1850,354,0.73,7,buy
7/20,2330,香港上海匯豐,8960,10,596,-586,1.21,7,sell
7/20,2330,永豐金-匯立,0039004100380031,523,178,345,0.71,8,buy
7/20,2330,康和,8450,6,394,-388,0.8,8,sell
7/20,2330,第一金,5380,334,16,318,0.66,9,buy
7/20,2330,凱基-城中,9227,14,366,-352,0.73,9,sell
7/20,2330,華南永昌,9300,338,83,255,0.53,10,buy
7/20,2330,富邦-台北,9623,87,431,-344,0.71,10,sell
7/20,2330,凱基,9200,381,186,195,0.4,11,buy
7/20,2330,港商野村,1560,140,401,-261,0.54,11,sell
7/20,2330,法銀巴黎,8900,206,47,159,0.33,12,buy
7/20,2330,群益金鼎,9100,273,492,-219,0.45,12,sell
7/20,2330,國泰-敦南,8888,423,270,153,0.32,13,buy
7/20,2330,群益金鼎-北高雄,0039003100330052,2,208,-206,0.42,13,sell
7/20,2330,富邦-新店,9661,125,23,102,0.21,14,buy
7/20,2330,台灣企銀,1110,9,173,-164,0.34,14,sell
7/20,2330,台新-九如,0039004200320031,101,6,95,0.2,15,buy
7/20,2330,元大-士林,003900380031006a,18,174,-156,0.32,15,sell
7/20,2317,元大證券,9800,5284,2032,3252,6.69,1,buy
7/20,2317,凱基-台北,9268,2223,4873,-2650,5.45,1,sell
7/20,2317,摩根大通,8440,3546,1667,1879,3.87,2,buy
7/20,2317,台灣摩根士丹利,1470,2570,5125,-2555,5.26,2,sell
7/20,2317,永豐金證券,0039004100300030,1894,200,1694,3.49,3,buy
7/20,2317,群益金鼎-大安,0039003100380065,2,585,-583,1.2,3,sell
7/20,2317,凱基,9200,1310,2,1308,2.69,4,buy
7/20,2317,中國信託-高雄,003600310036004b,12,521,-509,1.05,4,sell
7/20,2317,國泰證券,8880,2092,806,1286,2.65,5,buy
7/20,2317,玉山-左營,0038003800340044,109,613,-504,1.04,5,sell
7/20,2317,花旗環球,1590,5106,3948,1158,2.38,6,buy
7/20,2317,群益金鼎-高盛,9105,2,308,-306,0.63,6,sell
7/20,2317,台新,0039004200300030,593,282,311,0.64,7,buy
7/20,2317,統一,5850,98,335,-237,0.49,7,sell
7/20,2317,永豐金-匯立,0039004100380031,253,0,253,0.52,8,buy
7/20,2317,國泰-敦南,8888,309,526,-217,0.45,8,sell
7/20,2317,法銀巴黎,8900,539,299,240,0.49,9,buy
7/20,2317,香港上海匯豐,8960,0,170,-170,0.35,9,sell
7/20,2317,中國信託,6160,287,78,209,0.43,10,buy
7/20,2317,美商高盛,1480,3652,3816,-164,0.34,10,sell
7/20,2317,港商麥格理,1360,212,19,193,0.4,11,buy
7/20,2317,華南永昌,9300,175,335,-160,0.33,11,sell
7/20,2317,元大-府城,0039003800300075,205,22,183,0.38,12,buy
7/20,2317,永豐金-彰化,0039004100390073,23,183,-160,0.33,12,sell
7/20,2317,美林,1440,2395,2253,142,0.29,13,buy
7/20,2317,元大-基隆孝二,003900380036004b,15,156,-141,0.29,13,sell
7/20,2317,新加坡商瑞銀,1650,2888,2786,102,0.21,14,buy
7/20,2317,台新-高雄,0039004200310067,64,181,-117,0.24,14,sell
7/20,2317,第一金-桃園,5385,93,10,83,0.17,15,buy
7/20,2317,大昌-新店,6464,34,143,-109,0.22,15,sell
7/20,2454,摩根大通,8440,1217,410,807,8.77,1,buy
7/20,2454,香港上海匯豐,8960,3,886,-883,9.6,1,sell
7/20,2454,台灣摩根士丹利,1470,1209,613,596,6.48,2,buy
7/20,2454,國泰證券,8880,51,616,-565,6.14,2,sell
7/20,2454,新加坡商瑞銀,1650,447,254,193,2.1,3,buy
7/20,2454,美林,1440,163,466,-303,3.29,3,sell
7/20,2454,中國信託,6160,213,24,189,2.05,4,buy
7/20,2454,花旗環球,1590,472,626,-154,1.67,4,sell
7/20,2454,元大證券,9800,1062,891,171,1.86,5,buy
7/20,2454,群益金鼎,9100,48,167,-119,1.29,5,sell
7/20,2454,永豐金證券,0039004100300030,315,152,163,1.77,6,buy
7/20,2454,統一,5850,88,189,-101,1.1,6,sell
7/20,2454,凱基-台北,9268,560,406,154,1.67,7,buy
7/20,2454,宏遠證券,1260,1,101,-100,1.09,7,sell
7/20,2454,法銀巴黎,8900,118,6,112,1.22,8,buy
7/20,2454,美商高盛,1480,509,602,-93,1.01,8,sell
7/20,2454,台新-台北,0039004200320030,103,1,102,1.11,9,buy
7/20,2454,富邦證券,9600,150,216,-66,0.72,9,sell
7/20,2454,美好-蘆洲,5261,50,3,47,0.51,10,buy
7/20,2454,美好-富順,003500320036004b,1,41,-40,0.43,10,sell
7/20,2454,富邦-仁愛,9676,29,9,20,0.22,11,buy
7/20,2454,港商野村,1560,30,57,-27,0.29,11,sell
7/20,2454,玉山-城中,0038003800340045,26,10,16,0.17,12,buy
7/20,2454,元大-忠孝,9871,4,30,-26,0.28,12,sell
7/20,2454,兆豐證券,7000,42,29,13,0.14,13,buy
7/20,2454,永豐金-匯立,0039004100380031,35,57,-22,0.24,13,sell
7/20,2454,統一-南京,0035003800350055,23,10,13,0.14,14,buy
7/20,2454,元大-斗六,0039003800300043,0,20,-20,0.22,14,sell
7/20,2454,台新-西松,003900420032006e,13,1,12,0.13,15,buy
7/20,2454,港商麥格理,1360,36,54,-18,0.2,15,sell
7/20,2308,美林,1440,705,144,561,4.85,1,buy
7/20,2308,富邦證券,9600,314,1344,-1030,8.9,1,sell
7/20,2308,元大證券,9800,1461,933,528,4.56,2,buy
7/20,2308,港商麥格理,1360,131,702,-571,4.94,2,sell
7/20,2308,永豐金證券,0039004100300030,324,60,264,2.28,3,buy
7/20,2308,花旗環球,1590,436,914,-478,4.13,3,sell
7/20,2308,凱基-台北,9268,740,478,262,2.26,4,buy
7/20,2308,永豐金-匯立,0039004100380031,65,447,-382,3.3,4,sell
7/20,2308,新加坡商瑞銀,1650,815,582,233,2.01,5,buy
7/20,2308,統一,5850,97,180,-83,0.72,5,sell
7/20,2308,台灣摩根士丹利,1470,952,739,213,1.84,6,buy
7/20,2308,香港上海匯豐,8960,2,72,-70,0.61,6,sell
7/20,2308,凱基,9200,173,20,153,1.32,7,buy
7/20,2308,台新,0039004200300030,34,96,-62,0.54,7,sell
7/20,2308,法銀巴黎,8900,125,8,117,1.01,8,buy
7/20,2308,凱基-三重,9205,2,51,-49,0.42,8,sell
7/20,2308,土銀,1030,112,0,112,0.97,9,buy
7/20,2308,台新-大裕,003900420032006c,0,42,-42,0.36,9,sell
7/20,2308,華南永昌,9300,108,9,99,0.86,10,buy
7/20,2308,國票-安和,003700370039005a,0,38,-38,0.33,10,sell
7/20,2308,群益金鼎,9100,112,26,86,0.74,11,buy
7/20,2308,美商高盛,1480,857,881,-24,0.21,11,sell
7/20,2308,中國信託,6160,118,44,74,0.64,12,buy
7/20,2308,富邦-仁愛,9676,11,35,-24,0.21,12,sell
7/20,2308,摩根大通,8440,868,820,48,0.41,13,buy
7/20,2308,港商野村,1560,59,79,-20,0.17,13,sell
7/20,2308,國票-敦北法人,0037003700390063,42,9,33,0.29,14,buy
7/20,2308,凱基-虎尾,9236,0,20,-20,0.17,14,sell
7/20,2308,台新-西松,003900420032006e,31,0,31,0.27,15,buy
7/20,2308,富邦-新店,9661,8,26,-18,0.16,15,sell
7/20,2382,摩根大通,8440,3546,787,2759,7.66,1,buy
7/20,2382,富邦證券,9600,1650,4831,-3181,8.83,1,sell
7/20,2382,港商野村,1560,2210,520,1690,4.69,2,buy
7/20,2382,元大證券,9800,4152,6819,-2667,7.4,2,sell
7/20,2382,永豐金證券,0039004100300030,1500,467,1033,2.87,3,buy
7/20,2382,台新,0039004200300030,124,2002,-1878,5.21,3,sell
7/20,2382,美商高盛,1480,974,129,845,2.35,4,buy
7/20,2382,台灣摩根士丹利,1470,2525,3808,-1283,3.56,4,sell
7/20,2382,美林,1440,901,232,669,1.86,5,buy
7/20,2382,土銀,1030,16,1281,-1265,3.51,5,sell
7/20,2382,新加坡商瑞銀,1650,722,334,388,1.08,6,buy
7/20,2382,群益金鼎,9100,338,1144,-806,2.24,6,sell
7/20,2382,凱基,9200,368,110,258,0.72,7,buy
7/20,2382,國泰證券,8880,12,609,-597,1.66,7,sell
7/20,2382,福邦證券,6480,222,0,222,0.62,8,buy
7/20,2382,花旗環球,1590,1065,1635,-570,1.58,8,sell
7/20,2382,凱基-士林,9238,221,5,216,0.6,9,buy
7/20,2382,大和國泰,8890,0,540,-540,1.5,9,sell
7/20,2382,凱基-台北,9268,3791,3602,189,0.52,10,buy
7/20,2382,港商麥格理,1360,250,760,-510,1.42,10,sell
7/20,2382,臺銀,1040,165,7,158,0.44,11,buy
7/20,2382,台新-台北,0039004200320030,7,371,-364,1.01,11,sell
7/20,2382,華南永昌,9300,292,154,138,0.38,12,buy
7/20,2382,統一,5850,242,456,-214,0.59,12,sell
7/20,2382,玉山-新莊,8842,136,15,121,0.34,13,buy
7/20,2382,台新-台中,0039004200310068,47,124,-77,0.21,13,sell
7/20,2382,兆豐-大安,003700300030006a,120,0,120,0.33,14,buy
7/20,2382,華南永昌-中正,9359,8,71,-63,0.17,14,sell
7/20,2382,富邦-仁愛,9676,146,29,117,0.32,15,buy
7/20,2382,第一金-嘉義,003500330038004d,1,64,-63,0.17,15,sell
7/20,2891,摩根大通,8440,9439,1391,8048,11.57,1,buy
7/20,2891,台灣摩根士丹利,1470,2729,11202,-8473,12.18,1,sell
7/20,2891,富邦證券,9600,6819,2053,4766,6.85,2,buy
7/20,2891,群益金鼎,9100,247,5248,-5001,7.19,2,sell
7/20,2891,凱基-台北,9268,5487,2045,3442,4.95,3,buy
7/20,2891,台新-台北,0039004200320030,45,3877,-3832,5.51,3,sell
7/20,2891,花旗環球,1590,4265,1144,3121,4.49,4,buy
7/20,2891,國泰證券,8880,61,3876,-3815,5.49,4,sell
7/20,2891,永豐金證券,0039004100300030,3332,679,2653,3.81,5,buy
7/20,2891,華南永昌,9300,303,3009,-2706,3.89,5,sell
7/20,2891,國票-敦北法人,0037003700390063,2002,5,1997,2.87,6,buy
7/20,2891,新加坡商瑞銀,1650,2268,4163,-1895,2.72,6,sell
7/20,2891,第一金,5380,1138,2,1136,1.63,7,buy
7/20,2891,合庫證券,1020,21,1828,-1807,2.6,7,sell
7/20,2891,中國信託,6160,1129,118,1011,1.45,8,buy
7/20,2891,美林,1440,2534,3589,-1055,1.52,8,sell
7/20,2891,法銀巴黎,8900,846,181,665,0.96,9,buy
7/20,2891,元大證券,9800,8294,9005,-711,1.02,9,sell
7/20,2891,香港上海匯豐,8960,623,14,609,0.88,10,buy
7/20,2891,美商高盛,1480,5726,6204,-478,0.69,10,sell
7/20,2891,港商野村,1560,1569,1204,365,0.52,11,buy
7/20,2891,玉山證券,8840,21,369,-348,0.5,11,sell
7/20,2891,宏遠證券,1260,278,1,277,0.4,12,buy
7/20,2891,永豐金-匯立,0039004100380031,100,437,-337,0.48,12,sell
7/20,2891,中國信託-高雄,003600310036004b,222,21,201,0.29,13,buy
7/20,2891,國票-長城,0037003700390075,1,230,-229,0.33,13,sell
7/20,2891,臺銀-高雄,0031003000340043,173,26,147,0.21,14,buy
7/20,2891,福邦證券,6480,20,232,-212,0.3,14,sell
7/20,2891,兆豐-桃園,003700300030004d,117,1,116,0.17,15,buy
7/20,2891,凱基,9200,1908,2112,-204,0.29,15,sell
7/20,2881,元大證券,9800,6335,1899,4436,16.66,1,buy
7/20,2881,合庫證券,1020,5,4781,-4776,17.94,1,sell
7/20,2881,凱基,9200,2004,14,1990,7.47,2,buy
7/20,2881,台灣摩根士丹利,1470,523,3813,-3290,12.36,2,sell
7/20,2881,摩根大通,8440,3070,1520,1550,5.82,3,buy
7/20,2881,美商高盛,1480,944,4129,-3185,11.96,3,sell
7/20,2881,花旗環球,1590,1480,32,1448,5.44,4,buy
7/20,2881,華南永昌,9300,43,460,-417,1.57,4,sell
7/20,2881,永豐金證券,0039004100300030,1035,86,949,3.56,5,buy
7/20,2881,統一,5850,7,202,-195,0.73,5,sell
7/20,2881,新加坡商瑞銀,1650,1963,1198,765,2.87,6,buy
7/20,2881,港商野村,1560,451,640,-189,0.71,6,sell
7/20,2881,國泰證券,8880,562,200,362,1.36,7,buy
7/20,2881,元大-中壢,9834,3,156,-153,0.57,7,sell
7/20,2881,美林,1440,476,121,355,1.33,8,buy
7/20,2881,凱基-台北,9268,1288,1428,-140,0.53,8,sell
7/20,2881,法銀巴黎,8900,303,0,303,1.14,9,buy
7/20,2881,永豐金-萬盛,0039004100390032,0,75,-75,0.28,9,sell
7/20,2881,富邦證券,9600,251,0,251,0.94,10,buy
7/20,2881,玉山證券,8840,3,74,-71,0.27,10,sell
7/20,2881,兆豐證券,7000,156,1,155,0.58,11,buy
7/20,2881,元大-基隆孝二,003900380036004b,2,59,-57,0.21,11,sell
7/20,2881,富邦-建國,9658,197,44,153,0.57,12,buy
7/20,2881,國泰-敦南,8888,52,109,-57,0.21,12,sell
7/20,2881,台新,0039004200300030,138,12,126,0.47,13,buy
7/20,2881,統一-桃園,0035003800350048,0,50,-50,0.19,13,sell
7/20,2881,港商麥格理,1360,120,0,120,0.45,14,buy
7/20,2881,元大-西屯,0039003800300077,0,45,-45,0.17,14,sell
7/20,2881,兆豐-城中,0037003000300057,1330,1236,94,0.35,15,buy
7/20,2881,富邦-台北,9623,36,74,-38,0.14,15,sell
7/20,2882,摩根大通,8440,4743,720,4023,13.55,1,buy
7/20,2882,合庫證券,1020,9,4266,-4257,14.34,1,sell
7/20,2882,花旗環球,1590,2311,493,1818,6.12,2,buy
7/20,2882,富邦證券,9600,257,3131,-2874,9.68,2,sell
7/20,2882,凱基-台北,9268,1998,758,1240,4.18,3,buy
7/20,2882,宏遠證券,1260,0,1348,-1348,4.54,3,sell
7/20,2882,永豐金證券,0039004100300030,1246,85,1161,3.91,4,buy
7/20,2882,台灣摩根士丹利,1470,2371,2884,-513,1.73,4,sell
7/20,2882,凱基,9200,678,0,678,2.28,5,buy
7/20,2882,美商高盛,1480,3596,4033,-437,1.47,5,sell
7/20,2882,元大證券,9800,2706,2201,505,1.7,6,buy
7/20,2882,國泰證券,8880,90,227,-137,0.46,6,sell
7/20,2882,法銀巴黎,8900,490,33,457,1.54,7,buy
7/20,2882,港商野村,1560,539,670,-131,0.44,7,sell
7/20,2882,美林,1440,1147,877,270,0.91,8,buy
7/20,2882,玉山-城中,0038003800340045,13,119,-106,0.36,8,sell
7/20,2882,第一金,5380,176,0,176,0.59,9,buy
7/20,2882,富邦-板橋,9655,110,215,-105,0.35,9,sell
7/20,2882,永豐金-台中,003900410039004c,156,5,151,0.51,10,buy
7/20,2882,群益金鼎-館前,0039003100330059,397,497,-100,0.34,10,sell
7/20,2882,香港上海匯豐,8960,144,8,136,0.46,11,buy
7/20,2882,國泰-板橋,003800380038004b,126,226,-100,0.34,11,sell
7/20,2882,永豐金-匯立,0039004100380031,106,0,106,0.36,12,buy
7/20,2882,港商麥格理,1360,10,91,-81,0.27,12,sell
7/20,2882,中國信託,6160,143,42,101,0.34,13,buy
7/20,2882,新加坡商瑞銀,1650,2121,2198,-77,0.26,13,sell
7/20,2882,台新,0039004200300030,121,37,84,0.28,14,buy
7/20,2882,富邦-桃園,9665,3,75,-72,0.24,14,sell
7/20,2882,臺銀,1040,59,5,54,0.18,15,buy
7/20,2882,統一-桃園,0035003800350048,0,70,-70,0.24,15,sell
7/20,2303,美商高盛,1480,18857,12236,6621,2.22,1,buy
7/20,2303,永豐金證券,0039004100300030,4388,17469,-13081,4.4,1,sell
7/20,2303,元大證券,9800,24300,19279,5021,1.69,2,buy
7/20,2303,台灣摩根士丹利,1470,2870,14621,-11751,3.95,2,sell
7/20,2303,凱基-信義,9216,25952,21955,3997,1.34,3,buy
7/20,2303,統一,5850,3706,9165,-5459,1.83,3,sell
7/20,2303,元大-土城永寧,9875,3396,313,3083,1.04,4,buy
7/20,2303,新加坡商瑞銀,1650,7311,12132,-4821,1.62,4,sell
7/20,2303,花旗環球,1590,5242,2302,2940,0.99,5,buy
7/20,2303,凱基-台北,9268,6684,11438,-4754,1.6,5,sell
7/20,2303,富邦證券,9600,17503,15363,2140,0.72,6,buy
7/20,2303,美林,1440,3259,7346,-4087,1.37,6,sell
7/20,2303,國票-敦北法人,0037003700390063,2041,320,1721,0.58,7,buy
7/20,2303,群益金鼎,9100,1606,4925,-3319,1.12,7,sell
7/20,2303,永豐金-匯立,0039004100380031,1615,314,1301,0.44,8,buy
7/20,2303,康和,8450,254,3222,-2968,1.0,8,sell
7/20,2303,港商野村,1560,1708,407,1301,0.44,9,buy
7/20,2303,大和國泰,8890,100,2143,-2043,0.69,9,sell
7/20,2303,富邦-新店,9661,1228,83,1145,0.38,10,buy
7/20,2303,國泰證券,8880,1847,3605,-1758,0.59,10,sell
7/20,2303,凱基,9200,2211,1342,869,0.29,11,buy
7/20,2303,元大-敦化,9833,117,1560,-1443,0.48,11,sell
7/20,2303,元大-羅東,0039003800320041,786,72,714,0.24,12,buy
7/20,2303,新光-台南,8564,121,1290,-1169,0.39,12,sell
7/20,2303,宏遠證券,1260,920,234,686,0.23,13,buy
7/20,2303,華南永昌,9300,306,1464,-1158,0.39,13,sell
7/20,2303,新光,8560,1185,530,655,0.22,14,buy
7/20,2303,兆豐證券,7000,2102,3133,-1031,0.35,14,sell
7/20,2303,法銀巴黎,8900,738,87,651,0.22,15,buy
7/20,2303,國票證券,7790,200,1166,-966,0.32,15,sell
7/20,3711,永豐金證券,0039004100300030,872,181,691,2.25,1,buy
7/20,3711,法銀巴黎,8900,173,5133,-4960,16.18,1,sell
7/20,3711,元大證券,9800,4456,3844,612,2.0,2,buy
7/20,3711,新加坡商瑞銀,1650,1088,2346,-1258,4.1,2,sell
7/20,3711,凱基-台北,9268,1906,1339,567,1.85,3,buy
7/20,3711,港商野村,1560,85,297,-212,0.69,3,sell
7/20,3711,統一,5850,676,124,552,1.8,4,buy
7/20,3711,臺銀,1040,9,114,-105,0.34,4,sell
7/20,3711,中國信託,6160,494,59,435,1.42,5,buy
7/20,3711,日茂,5960,2,103,-101,0.33,5,sell
7/20,3711,美商高盛,1480,2130,1757,373,1.22,6,buy
7/20,3711,永豐金-匯立,0039004100380031,325,405,-80,0.26,6,sell
7/20,3711,花旗環球,1590,725,353,372,1.21,7,buy
7/20,3711,群益金鼎-敦南,9101,2,68,-66,0.22,7,sell
7/20,3711,摩根大通,8440,1556,1192,364,1.19,8,buy
7/20,3711,香港上海匯豐,8960,77,138,-61,0.2,8,sell
7/20,3711,台灣摩根士丹利,1470,2764,2453,311,1.01,9,buy
7/20,3711,玉山-高雄,8843,33,79,-46,0.15,9,sell
7/20,3711,國泰證券,8880,302,11,291,0.95,10,buy
7/20,3711,凱基-高美館,9215,28,66,-38,0.12,10,sell
7/20,3711,台新,0039004200300030,392,131,261,0.85,11,buy
7/20,3711,元大-竹科,003900380030004b,6,41,-35,0.11,11,sell
7/20,3711,大和國泰,8890,264,5,259,0.85,12,buy
7/20,3711,元大-大里,0039003800310067,65,99,-34,0.11,12,sell
7/20,3711,(牛牛牛)亞證券,6010,240,1,239,0.78,13,buy
7/20,3711,富邦-敦南,9663,3,31,-28,0.09,13,sell
7/20,3711,群益金鼎,9100,434,210,224,0.73,14,buy
7/20,3711,國票-敦北法人,0037003700390063,1,28,-27,0.09,14,sell
7/20,3711,富邦證券,9600,487,312,175,0.57,15,buy
7/20,3711,國泰-館前,0038003800380041,54,79,-25,0.08,15,sell
7/20,2603,摩根大通,8440,2305,1536,769,7.64,1,buy
7/20,2603,富邦證券,9600,29,1066,-1037,10.3,1,sell
7/20,2603,凱基-台北,9268,912,169,743,7.38,2,buy
7/20,2603,玉山-城中,0038003800340045,25,641,-616,6.12,2,sell
7/20,2603,花旗環球,1590,385,19,366,3.63,3,buy
7/20,2603,美商高盛,1480,465,915,-450,4.47,3,sell
7/20,2603,元大證券,9800,1274,935,339,3.37,4,buy
7/20,2603,香港上海匯豐,8960,0,292,-292,2.9,4,sell
7/20,2603,宏遠證券,1260,303,1,302,3.0,5,buy
7/20,2603,永豐金-匯立,0039004100380031,1,129,-128,1.27,5,sell
7/20,2603,永豐金證券,0039004100300030,401,145,256,2.54,6,buy
7/20,2603,元大-天母,0039003800310049,7,108,-101,1.0,6,sell
7/20,2603,台灣摩根士丹利,1470,668,412,256,2.54,7,buy
7/20,2603,新加坡商瑞銀,1650,173,260,-87,0.86,7,sell
7/20,2603,美林,1440,225,86,139,1.38,8,buy
7/20,2603,凱基-和平,9255,2,77,-75,0.74,8,sell
7/20,2603,臺銀-臺南,1042,127,6,121,1.2,9,buy
7/20,2603,元大-鹿港,0039003800390053,2,62,-60,0.6,9,sell
7/20,2603,台新-高雄,0039004200310067,112,33,79,0.78,10,buy
7/20,2603,凱基-鳳山,9274,12,62,-50,0.5,10,sell
7/20,2603,港商麥格理,1360,73,0,73,0.72,11,buy
7/20,2603,元大-南京,9862,0,50,-50,0.5,11,sell
7/20,2603,凱基,9200,73,6,67,0.67,12,buy
7/20,2603,合庫-基隆,1025,0,36,-36,0.36,12,sell
7/20,2603,華南永昌-林口,9317,85,31,54,0.54,13,buy
7/20,2603,富邦-台東,9608,0,32,-32,0.32,13,sell
7/20,2603,富邦-台北,9623,51,7,44,0.44,14,buy
7/20,2603,華南永昌-小港,9323,0,31,-31,0.31,14,sell
7/20,2603,法銀巴黎,8900,35,0,35,0.35,15,buy
7/20,2603,台新,0039004200300030,9,38,-29,0.29,15,sell
7/20,2609,統一,5850,1845,16,1829,10.39,1,buy
7/20,2609,美商高盛,1480,562,2009,-1447,8.22,1,sell
7/20,2609,台灣摩根士丹利,1470,2596,1242,1354,7.69,2,buy
7/20,2609,美林,1440,277,1279,-1002,5.69,2,sell
7/20,2609,富邦-建國,9658,609,7,602,3.42,3,buy
7/20,2609,新加坡商瑞銀,1650,290,1001,-711,4.04,3,sell
7/20,2609,摩根大通,8440,1059,629,430,2.44,4,buy
7/20,2609,元大-潮州,003900380031005a,0,212,-212,1.2,4,sell
7/20,2609,元大證券,9800,2139,1783,356,2.02,5,buy
7/20,2609,永豐金-匯立,0039004100380031,1,116,-115,0.65,5,sell
7/20,2609,花旗環球,1590,889,545,344,1.95,6,buy
7/20,2609,富邦-八德,0039003600330041,13,116,-103,0.59,6,sell
7/20,2609,港商野村,1560,181,64,117,0.66,7,buy
7/20,2609,國泰-敦南,8888,198,291,-93,0.53,7,sell
7/20,2609,華南永昌-高雄,9303,105,14,91,0.52,8,buy
7/20,2609,富邦-板橋,9655,20,84,-64,0.36,8,sell
7/20,2609,永豐金證券,0039004100300030,128,54,74,0.42,9,buy
7/20,2609,群益金鼎,9100,84,142,-58,0.33,9,sell
7/20,2609,凱基,9200,56,0,56,0.32,10,buy
7/20,2609,富邦-新莊,0039003600320044,22,74,-52,0.3,10,sell
7/20,2609,富邦證券,9600,70,18,52,0.3,11,buy
7/20,2609,富邦-北港,0039003600390043,0,51,-51,0.29,11,sell
7/20,2609,永豐金-古亭,0039004100390064,106,56,50,0.28,12,buy
7/20,2609,元大-敦南,0039003800390050,0,51,-51,0.29,12,sell
7/20,2609,元大-鹿港,0039003800390053,66,18,48,0.27,13,buy
7/20,2609,統一-永和,0035003800350042,1,50,-49,0.28,13,sell
7/20,2609,合庫-基隆,1025,102,56,46,0.26,14,buy
7/20,2609,富邦-永和,9654,18,64,-46,0.26,14,sell
7/20,2609,凱基-頭份,9296,40,0,40,0.23,15,buy
7/20,2609,華南永昌,9300,5,48,-43,0.24,15,sell
7/20,2615,港商麥格理,1360,1025,2,1023,7.99,1,buy
7/20,2615,美商高盛,1480,308,842,-534,4.17,1,sell
7/20,2615,新加坡商瑞銀,1650,1134,202,932,7.28,2,buy
7/20,2615,香港上海匯豐,8960,0,418,-418,3.26,2,sell
7/20,2615,統一,5850,814,25,789,6.16,3,buy
7/20,2615,凱基-台北,9268,1065,1389,-324,2.53,3,sell
7/20,2615,美林,1440,909,206,703,5.49,4,buy
7/20,2615,富邦-公益,0039003600310046,12,301,-289,2.26,4,sell
7/20,2615,花旗環球,1590,570,61,509,3.97,5,buy
7/20,2615,台灣摩根士丹利,1470,785,969,-184,1.44,5,sell
7/20,2615,永豐金證券,0039004100300030,447,106,341,2.66,6,buy
7/20,2615,摩根大通,8440,440,616,-176,1.37,6,sell
7/20,2615,元大證券,9800,1131,1039,92,0.72,7,buy
7/20,2615,華南永昌-基隆,9322,9,159,-150,1.17,7,sell
7/20,2615,國泰-館前,0038003800380041,110,37,73,0.57,8,buy
7/20,2615,國泰證券,8880,8,111,-103,0.8,8,sell
7/20,2615,港商野村,1560,67,4,63,0.49,9,buy
7/20,2615,國泰-敦南,8888,190,279,-89,0.69,9,sell
7/20,2615,永豐金-匯立,0039004100380031,61,0,61,0.48,10,buy
7/20,2615,台新-台北,0039004200320030,3,81,-78,0.61,10,sell
7/20,2615,富邦-苗栗,9657,52,3,49,0.38,11,buy
7/20,2615,永豐金-古亭,0039004100390064,0,69,-69,0.54,11,sell
7/20,2615,台新-新店,0039004200320032,45,2,43,0.34,12,buy
7/20,2615,新光-高雄,8562,6,70,-64,0.5,12,sell
7/20,2615,凱基,9200,43,0,43,0.34,13,buy
7/20,2615,玉山-大里,003800380034004a,15,79,-64,0.5,13,sell
7/20,2615,凱基-汐止,9226,66,26,40,0.31,14,buy
7/20,2615,元大-大同,0039003800390047,0,59,-59,0.46,14,sell
7/20,2615,富邦-宜蘭,9686,41,7,34,0.27,15,buy
7/20,2615,玉山-數位,003800380034004d,1,54,-53,0.41,15,sell
7/20,2618,永豐金-匯立,0039004100380031,4690,0,4690,12.61,1,buy
7/20,2618,富邦證券,9600,2924,5641,-2717,7.3,1,sell
7/20,2618,花旗環球,1590,3370,117,3253,8.74,2,buy
7/20,2618,台灣摩根士丹利,1470,2985,5209,-2224,5.98,2,sell
7/20,2618,凱基-台北,9268,2758,845,1913,5.14,3,buy
7/20,2618,台新,0039004200300030,26,2014,-1988,5.34,3,sell
7/20,2618,美商高盛,1480,3738,1840,1898,5.1,4,buy
7/20,2618,華南永昌,9300,70,1193,-1123,3.02,4,sell
7/20,2618,香港上海匯豐,8960,1390,2,1388,3.73,5,buy
7/20,2618,康和,8450,100,1102,-1002,2.69,5,sell
7/20,2618,元大證券,9800,2589,1244,1345,3.62,6,buy
7/20,2618,兆豐證券,7000,0,965,-965,2.59,6,sell
7/20,2618,摩根大通,8440,2604,1370,1234,3.32,7,buy
7/20,2618,永豐金證券,0039004100300030,904,1267,-363,0.98,7,sell
7/20,2618,港商野村,1560,435,1,434,1.17,8,buy
7/20,2618,新加坡商瑞銀,1650,2319,2584,-265,0.71,8,sell
7/20,2618,法銀巴黎,8900,516,167,349,0.94,9,buy
7/20,2618,台新-台北,0039004200320030,0,240,-240,0.65,9,sell
7/20,2618,美林,1440,645,372,273,0.73,10,buy
7/20,2618,國泰-敦南,8888,59,220,-161,0.43,10,sell
7/20,2618,玉山-城中,0038003800340045,112,30,82,0.22,11,buy
7/20,2618,富邦-陽明,9604,4,164,-160,0.43,11,sell
7/20,2618,凱基,9200,80,0,80,0.22,12,buy
7/20,2618,元大-敦化,9833,1,155,-154,0.41,12,sell
7/20,2618,富邦-永康,003900360031005a,53,2,51,0.14,13,buy
7/20,2618,元大-大統,003900380031007a,3,155,-152,0.41,13,sell
7/20,2618,凱基-新豐,9266,50,1,49,0.13,14,buy
7/20,2618,國泰-板橋,003800380038004b,17,141,-124,0.33,14,sell
7/20,2618,國泰證券,8880,96,54,42,0.11,15,buy
7/20,2618,凱基-台南,9211,1,119,-118,0.32,15,sell
7/20,3037,台灣摩根士丹利,1470,3407,2027,1380,4.59,1,buy
7/20,3037,永豐金-匯立,0039004100380031,4,1020,-1016,3.38,1,sell
7/20,3037,新加坡商瑞銀,1650,1589,616,973,3.23,2,buy
7/20,3037,摩根大通,8440,1029,1897,-868,2.88,2,sell
7/20,3037,美商高盛,1480,2265,1364,901,2.99,3,buy
7/20,3037,華南永昌-世貿,9334,3,480,-477,1.59,3,sell
7/20,3037,凱基-台北,9268,2180,1462,718,2.39,4,buy
7/20,3037,台新,0039004200300030,165,643,-478,1.59,4,sell
7/20,3037,國票-敦北法人,0037003700390063,397,129,268,0.89,5,buy
7/20,3037,富邦證券,9600,32,317,-285,0.95,5,sell
7/20,3037,元大證券,9800,3412,3269,143,0.48,6,buy
7/20,3037,港商麥格理,1360,118,338,-220,0.73,6,sell
7/20,3037,永豐金證券,0039004100300030,538,404,134,0.45,7,buy
7/20,3037,第一金,5380,7,184,-177,0.59,7,sell
7/20,3037,元大-民生三民,0039003800390058,85,8,77,0.26,8,buy
7/20,3037,元大-鳳山,003900380033005a,9,173,-164,0.55,8,sell
7/20,3037,元大-士林,003900380031006a,83,13,70,0.23,9,buy
7/20,3037,港商野村,1560,142,300,-158,0.53,9,sell
7/20,3037,元大-大天母,9893,71,12,59,0.2,10,buy
7/20,3037,富邦-桃園,9665,37,122,-85,0.28,10,sell
7/20,3037,兆豐證券,7000,198,143,55,0.18,11,buy
7/20,3037,元大-屏東民生,0039003800310068,8,90,-82,0.27,11,sell
7/20,3037,凱基,9200,97,48,49,0.16,12,buy
7/20,3037,元大-南京,9862,24,88,-64,0.21,12,sell
7/20,3037,福邦證券,6480,45,1,44,0.15,13,buy
7/20,3037,凱基-城中,9227,10,70,-60,0.2,13,sell
7/20,3037,台新-松德,0039004200320061,51,8,43,0.14,14,buy
7/20,3037,德信,6910,5,63,-58,0.19,14,sell
7/20,3037,中國信託,6160,145,108,37,0.12,15,buy
7/20,3037,玉山-新莊,8842,54,107,-53,0.18,15,sell
7/20,2345,元大證券,9800,677,345,332,8.43,1,buy
7/20,2345,美林,1440,82,650,-568,14.43,1,sell
7/20,2345,摩根大通,8440,417,122,295,7.49,2,buy
7/20,2345,永豐金-匯立,0039004100380031,18,472,-454,11.53,2,sell
7/20,2345,凱基-台北,9268,335,174,161,4.09,3,buy
7/20,2345,香港上海匯豐,8960,61,274,-213,5.41,3,sell
7/20,2345,台新,0039004200300030,111,2,109,2.77,4,buy
7/20,2345,花旗環球,1590,94,231,-137,3.48,4,sell
7/20,2345,群益金鼎,9100,140,34,106,2.69,5,buy
7/20,2345,港商野村,1560,2,73,-71,1.8,5,sell
7/20,2345,台灣摩根士丹利,1470,417,329,88,2.24,6,buy
7/20,2345,中國信託,6160,4,33,-29,0.74,6,sell
7/20,2345,美商高盛,1480,313,226,87,2.21,7,buy
7/20,2345,元大-大甲,0039003800390055,0,16,-16,0.41,7,sell
7/20,2345,港商麥格理,1360,58,0,58,1.47,8,buy
7/20,2345,亞東-板橋,2181,0,11,-11,0.28,8,sell
7/20,2345,凱基,9200,60,4,56,1.42,9,buy
7/20,2345,新加坡商瑞銀,1650,124,135,-11,0.28,9,sell
7/20,2345,富邦證券,9600,56,12,44,1.12,10,buy
7/20,2345,國泰-敦南,8888,18,28,-10,0.25,10,sell
7/20,2345,玉山證券,8840,41,0,41,1.04,11,buy
7/20,2345,台新-同大,0039004200320050,0,7,-7,0.18,11,sell
7/20,2345,(牛牛牛)亞證券,6010,32,0,32,0.81,12,buy
7/20,2345,群益金鼎-海山,9108,0,6,-6,0.15,12,sell
7/20,2345,統一,5850,135,104,31,0.79,13,buy
7/20,2345,元大-草屯,0039003800390045,1,6,-5,0.13,13,sell
7/20,2345,永豐金證券,0039004100300030,107,75,32,0.81,14,buy
7/20,2345,兆豐-北高雄,0037003000300049,0,4,-4,0.1,14,sell
7/20,2345,康和,8450,30,0,30,0.76,15,buy
7/20,2345,台中銀-台北,6115,0,4,-4,0.1,15,sell
7/20,3006,新加坡商瑞銀,1650,451,177,274,3.21,1,buy
7/20,3006,台灣摩根士丹利,1470,370,765,-395,4.62,1,sell
7/20,3006,美林,1440,261,31,230,2.69,2,buy
7/20,3006,元大證券,9800,1116,1365,-249,2.92,2,sell
7/20,3006,凱基-台北,9268,679,535,144,1.69,3,buy
7/20,3006,摩根大通,8440,353,577,-224,2.62,3,sell
7/20,3006,花旗環球,1590,95,9,86,1.01,4,buy
7/20,3006,港商野村,1560,36,223,-187,2.19,4,sell
7/20,3006,群益金鼎-館前,0039003100330059,82,19,63,0.74,5,buy
7/20,3006,永豐金證券,0039004100300030,35,162,-127,1.49,5,sell
7/20,3006,凱基-三重,9205,48,3,45,0.53,6,buy
7/20,3006,群益金鼎,9100,43,109,-66,0.77,6,sell
7/20,3006,永豐金-天母,0039004100390047,56,29,27,0.32,7,buy
7/20,3006,統一,5850,35,99,-64,0.75,7,sell
7/20,3006,兆豐-忠孝,0037003000300061,39,14,25,0.29,8,buy
7/20,3006,富邦-花蓮,9621,0,51,-51,0.6,8,sell
7/20,3006,元大-松山,0039003800310070,39,15,24,0.28,9,buy
7/20,3006,永豐金-屏東,0039004100360039,4,43,-39,0.46,9,sell
7/20,3006,富邦-高雄,9659,27,5,22,0.26,10,buy
7/20,3006,中農,8520,2,37,-35,0.41,10,sell
7/20,3006,聯邦證券,8580,70,49,21,0.25,11,buy
7/20,3006,富邦證券,9600,21,52,-31,0.36,11,sell
7/20,3006,元大-新莊,9898,23,2,21,0.25,12,buy
7/20,3006,元大-東港,0039003800390066,4,35,-31,0.36,12,sell
7/20,3006,元大-大里,0039003800310067,38,17,21,0.25,13,buy
7/20,3006,中國信託-忠孝,6162,0,27,-27,0.32,13,sell
7/20,3006,永豐金-中正,0039004100390055,24,4,20,0.23,14,buy
7/20,3006,永豐金-松山,0039004100390031,4,30,-26,0.3,14,sell
7/20,3006,美好,5260,20,0,20,0.23,15,buy
7/20,3006,元大-西螺,0039003800310069,0,25,-25,0.29,15,sell
7/20,2379,富邦證券,9600,382,30,352,8.17,1,buy
7/20,2379,台灣摩根士丹利,1470,135,608,-473,10.98,1,sell
7/20,2379,元大證券,9800,637,381,256,5.95,2,buy
7/20,2379,美林,1440,244,667,-423,9.82,2,sell
7/20,2379,港商野村,1560,226,1,225,5.23,3,buy
7/20,2379,摩根大通,8440,201,433,-232,5.39,3,sell
7/20,2379,花旗環球,1590,201,44,157,3.65,4,buy
7/20,2379,美商高盛,1480,107,222,-115,2.67,4,sell
7/20,2379,統一,5850,126,6,120,2.79,5,buy
7/20,2379,台新-台北,0039004200320030,0,107,-107,2.48,5,sell
7/20,2379,華南永昌-中正,9359,120,3,117,2.72,6,buy
7/20,2379,第一金-中山,5389,0,57,-57,1.32,6,sell
7/20,2379,第一金,5380,91,1,90,2.09,7,buy
7/20,2379,港商麥格理,1360,19,46,-27,0.63,7,sell
7/20,2379,台新,0039004200300030,98,10,88,2.04,8,buy
7/20,2379,凱基,9200,81,105,-24,0.56,8,sell
7/20,2379,新加坡商瑞銀,1650,104,38,66,1.53,9,buy
7/20,2379,華南永昌-高雄,9303,0,15,-15,0.35,9,sell
7/20,2379,凱基-台北,9268,374,323,51,1.18,10,buy
7/20,2379,美好-高雄,5264,0,15,-15,0.35,10,sell
7/20,2379,永豐金證券,0039004100300030,94,49,45,1.05,11,buy
7/20,2379,台新-松德,0039004200320061,8,22,-14,0.33,11,sell
7/20,2379,香港上海匯豐,8960,49,12,37,0.86,12,buy
7/20,2379,新光-台中,8561,10,23,-13,0.3,12,sell
7/20,2379,永豐金-匯立,0039004100380031,42,8,34,0.79,13,buy
7/20,2379,國票-天祥,0037003700390056,0,11,-11,0.26,13,sell
7/20,2379,法銀巴黎,8900,23,4,19,0.44,14,buy
7/20,2379,聯邦-忠孝,8583,0,10,-10,0.23,14,sell
7/20,2379,玉山-新莊,8842,12,2,10,0.23,15,buy
7/20,2379,元大-松江,9801,0,10,-10,0.23,15,sell
7/20,3034,美林,1440,523,57,466,11.06,1,buy
7/20,3034,群益金鼎,9100,23,587,-564,13.38,1,sell
7/20,3034,台灣摩根士丹利,1470,702,380,322,7.64,2,buy
7/20,3034,花旗環球,1590,191,327,-136,3.23,2,sell
7/20,3034,元大證券,9800,704,460,244,5.79,3,buy
7/20,3034,新加坡商瑞銀,1650,143,259,-116,2.75,3,sell
7/20,3034,康和,8450,130,0,130,3.08,4,buy
7/20,3034,港商野村,1560,78,181,-103,2.44,4,sell
7/20,3034,永豐金-匯立,0039004100380031,119,0,119,2.82,5,buy
7/20,3034,華南永昌,9300,42,125,-83,1.97,5,sell
7/20,3034,台新-台北,0039004200320030,67,0,67,1.59,6,buy
7/20,3034,玉山證券,8840,5,79,-74,1.76,6,sell
7/20,3034,宏遠證券,1260,40,10,30,0.71,7,buy
7/20,3034,凱基-台北,9268,238,300,-62,1.47,7,sell
7/20,3034,元大-台北,0039003800300068,30,0,30,0.71,8,buy
7/20,3034,摩根大通,8440,233,288,-55,1.3,8,sell
7/20,3034,富邦證券,9600,45,24,21,0.5,9,buy
7/20,3034,永豐金證券,0039004100300030,48,99,-51,1.21,9,sell
7/20,3034,兆豐證券,7000,22,6,16,0.38,10,buy
7/20,3034,大昌-新店,6464,1,22,-21,0.5,10,sell
7/20,3034,中國信託,6160,29,15,14,0.33,11,buy
7/20,3034,日茂,5960,0,20,-20,0.47,11,sell
7/20,3034,法銀巴黎,8900,25,11,14,0.33,12,buy
7/20,3034,台新-西松,003900420032006e,0,14,-14,0.33,12,sell
7/20,3034,國泰-館前,0038003800380041,15,4,11,0.26,13,buy
7/20,3034,香港上海匯豐,8960,0,12,-12,0.28,13,sell
7/20,3034,統一-屏東,5859,10,2,8,0.19,14,buy
7/20,3034,國泰-板橋,003800380038004b,5,17,-12,0.28,14,sell
7/20,3034,凱基,9200,24,17,7,0.17,15,buy
7/20,3034,元大-羅東,0039003800320041,0,9,-9,0.21,15,sell
7/20,2412,摩根大通,8440,6651,1468,5183,19.76,1,buy
7/20,2412,華南永昌,9300,55,2885,-2830,10.79,1,sell
7/20,2412,台灣摩根士丹利,1470,2765,845,1920,7.32,2,buy
7/20,2412,華南永昌-中正,9359,580,2471,-1891,7.21,2,sell
7/20,2412,凱基,9200,1438,200,1238,4.72,3,buy
7/20,2412,富邦證券,9600,97,1318,-1221,4.65,3,sell
7/20,2412,國泰證券,8880,2136,993,1143,4.36,4,buy
7/20,2412,土銀,1030,2,1219,-1217,4.64,4,sell
7/20,2412,統一,5850,645,101,544,2.07,5,buy
7/20,2412,玉山證券,8840,3,1039,-1036,3.95,5,sell
7/20,2412,凱基-台北,9268,1821,1309,512,1.95,6,buy
7/20,2412,元大證券,9800,1645,2312,-667,2.54,6,sell
7/20,2412,永豐金證券,0039004100300030,578,84,494,1.88,7,buy
7/20,2412,新加坡商瑞銀,1650,1116,1744,-628,2.39,7,sell
7/20,2412,臺銀-臺南,1042,503,18,485,1.85,8,buy
7/20,2412,福邦證券,6480,0,599,-599,2.28,8,sell
7/20,2412,港商野村,1560,481,0,481,1.83,9,buy
7/20,2412,臺銀,1040,13,505,-492,1.88,9,sell
7/20,2412,花旗環球,1590,832,547,285,1.09,10,buy
7/20,2412,大和國泰,8890,0,300,-300,1.14,10,sell
7/20,2412,法銀巴黎,8900,157,0,157,0.6,11,buy
7/20,2412,彰銀,1230,1,201,-200,0.76,11,sell
7/20,2412,富邦-羅東,9634,151,1,150,0.57,12,buy
7/20,2412,元大-花蓮,9856,6,150,-144,0.55,12,sell
7/20,2412,中國信託,6160,138,11,127,0.48,13,buy
7/20,2412,玉山-台中,0038003800340042,15,138,-123,0.47,13,sell
7/20,2412,美商高盛,1480,1410,1298,112,0.43,14,buy
7/20,2412,國票-敦北法人,0037003700390063,1,111,-110,0.42,14,sell
7/20,2412,元大-嘉義,0039003800390067,118,12,106,0.4,15,buy
7/20,2412,凱基-永和,9207,0,100,-100,0.38,15,sell
7/20,2883,永豐金-匯立,0039004100380031,7538,0,7538,10.7,1,buy
7/20,2883,台灣摩根士丹利,1470,774,10624,-9850,13.98,1,sell
7/20,2883,元大證券,9800,10174,5984,4190,5.95,2,buy
7/20,2883,新加坡商瑞銀,1650,2582,7362,-4780,6.79,2,sell
7/20,2883,美商高盛,1480,11768,9323,2445,3.47,3,buy
7/20,2883,港商野村,1560,229,3531,-3302,4.69,3,sell
7/20,2883,花旗環球,1590,2940,641,2299,3.26,4,buy
7/20,2883,美林,1440,1716,3277,-1561,2.22,4,sell
7/20,2883,永豐金證券,0039004100300030,2696,885,1811,2.57,5,buy
7/20,2883,元大-四維,9831,49,986,-937,1.33,5,sell
7/20,2883,兆豐-東門,0037003000300048,1801,0,1801,2.56,6,buy
7/20,2883,合庫證券,1020,10,603,-593,0.84,6,sell
7/20,2883,富邦證券,9600,2448,656,1792,2.54,7,buy
7/20,2883,凱基-台北,9268,2986,3565,-579,0.82,7,sell
7/20,2883,摩根大通,8440,6405,4798,1607,2.28,8,buy
7/20,2883,統一,5850,89,616,-527,0.75,8,sell
7/20,2883,國泰證券,8880,1143,360,783,1.11,9,buy
7/20,2883,臺銀-高雄,0031003000340043,3,345,-342,0.49,9,sell
7/20,2883,法銀巴黎,8900,765,109,656,0.93,10,buy
7/20,2883,國票-嘉義,0037003700390048,20,311,-291,0.41,10,sell
7/20,2883,元大-竹科,003900380030004b,602,13,589,0.84,11,buy
7/20,2883,第一金-忠孝,0035003300380044,2,216,-214,0.3,11,sell
7/20,2883,港商麥格理,1360,628,54,574,0.81,12,buy
7/20,2883,國泰-忠孝,8887,4,182,-178,0.25,12,sell
7/20,2883,凱基,9200,475,0,475,0.67,13,buy
7/20,2883,華南永昌-鳳山,9331,3,159,-156,0.22,13,sell
7/20,2883,康和-仁愛,0038003400350046,202,1,201,0.29,14,buy
7/20,2883,富邦-高雄,9659,4,159,-155,0.22,14,sell
7/20,2883,元大-竹山,0039003800310052,201,4,197,0.28,15,buy
7/20,2883,新光,8560,133,284,-151,0.21,15,sell
7/20,2887,凱基,9200,18693,230,18463,12.65,1,buy
7/20,2887,台灣摩根士丹利,1470,2194,30472,-28278,19.38,1,sell
7/20,2887,群益金鼎,9100,8922,89,8833,6.05,2,buy
7/20,2887,美商高盛,1480,4798,15360,-10562,7.24,2,sell
7/20,2887,華南永昌,9300,7181,3,7178,4.92,3,buy
7/20,2887,凱基-台北,9268,9585,19681,-10096,6.92,3,sell
7/20,2887,元大證券,9800,12243,5734,6509,4.46,4,buy
7/20,2887,美林,1440,2669,12423,-9754,6.69,4,sell
7/20,2887,永豐金證券,0039004100300030,7237,906,6331,4.34,5,buy
7/20,2887,新加坡商瑞銀,1650,2501,8555,-6054,4.15,5,sell
7/20,2887,中國信託,6160,6365,84,6281,4.3,6,buy
7/20,2887,摩根大通,8440,6927,12031,-5104,3.5,6,sell
7/20,2887,花旗環球,1590,8098,2372,5726,3.92,7,buy
7/20,2887,港商野村,1560,1268,2932,-1664,1.14,7,sell
7/20,2887,統一,5850,5002,109,4893,3.35,8,buy
7/20,2887,台新-西松,003900420032006e,10,1000,-990,0.68,8,sell
7/20,2887,玉山證券,8840,3860,29,3831,2.63,9,buy
7/20,2887,凱基-鳳山,9274,9,690,-681,0.47,9,sell
7/20,2887,凱基-竹科,9272,2950,258,2692,1.84,10,buy
7/20,2887,新光-台中,8561,320,828,-508,0.35,10,sell
7/20,2887,香港上海匯豐,8960,1061,17,1044,0.72,11,buy
7/20,2887,統一-士林,003500380035004d,6,341,-335,0.23,11,sell
7/20,2887,康和,8450,1126,113,1013,0.69,12,buy
7/20,2887,群益金鼎-潭子,0039003100330044,18,349,-331,0.23,12,sell
7/20,2887,永豐金-敦北,0039004100380039,869,4,865,0.59,13,buy
7/20,2887,臺銀,1040,46,352,-306,0.21,13,sell
7/20,2887,法銀巴黎,8900,1016,270,746,0.51,14,buy
7/20,2887,合庫證券,1020,48,352,-304,0.21,14,sell
7/20,2887,永豐金-萬盛,0039004100390032,743,13,730,0.5,15,buy
7/20,2887,華南永昌-鳳山,9331,246,538,-292,0.2,15,sell
7/20,2610,永豐金-匯立,0039004100380031,5161,0,5161,14.02,1,buy
7/20,2610,台灣摩根士丹利,1470,527,6217,-5690,15.46,1,sell
7/20,2610,美林,1440,4579,334,4245,11.53,2,buy
7/20,2610,國泰證券,8880,4,3000,-2996,8.14,2,sell
7/20,2610,永豐金證券,0039004100300030,3912,345,3567,9.69,3,buy
7/20,2610,元大證券,9800,1769,3898,-2129,5.78,3,sell
7/20,2610,富邦證券,9600,2468,85,2383,6.47,4,buy
7/20,2610,新加坡商瑞銀,1650,730,2230,-1500,4.07,4,sell
7/20,2610,富邦-南京,0039003600310043,1509,6,1503,4.08,5,buy
7/20,2610,統一-中壢,5853,4,1009,-1005,2.73,5,sell
7/20,2610,花旗環球,1590,987,47,940,2.55,6,buy
7/20,2610,港商野村,1560,6,674,-668,1.81,6,sell
7/20,2610,摩根大通,8440,3394,2900,494,1.34,7,buy
7/20,2610,美商高盛,1480,2200,2865,-665,1.81,7,sell
7/20,2610,凱基-台北,9268,1976,1542,434,1.18,8,buy
7/20,2610,華南永昌,9300,6,357,-351,0.95,8,sell
7/20,2610,香港上海匯豐,8960,417,0,417,1.13,9,buy
7/20,2610,元大-屏東民生,0039003800310068,9,302,-293,0.8,9,sell
7/20,2610,宏遠-光隆,0031003200360069,401,2,399,1.08,10,buy
7/20,2610,元大-樹林,003900380039006a,1,250,-249,0.68,10,sell
7/20,2610,兆豐-北高雄,0037003000300049,203,10,193,0.52,11,buy
7/20,2610,國泰-敦南,8888,93,312,-219,0.59,11,sell
7/20,2610,兆豐證券,7000,128,1,127,0.35,12,buy
7/20,2610,玉山證券,8840,17,220,-203,0.55,12,sell
7/20,2610,統一-彰化,0035003800350046,100,1,99,0.27,13,buy
7/20,2610,台新-高雄,0039004200310067,24,227,-203,0.55,13,sell
7/20,2610,元大-南屯,9853,110,14,96,0.26,14,buy
7/20,2610,富邦-永康,003900360031005a,8,146,-138,0.37,14,sell
7/20,2610,凱基,9200,95,0,95,0.26,15,buy
7/20,2610,臺銀,1040,3,124,-121,0.33,15,sell
7/20,2890,富邦證券,9600,7323,289,7034,13.12,1,buy
7/20,2890,台灣摩根士丹利,1470,477,14716,-14239,26.55,1,sell
7/20,2890,元大證券,9800,7576,1016,6560,12.23,2,buy
7/20,2890,新加坡商瑞銀,1650,1243,9317,-8074,15.06,2,sell
7/20,2890,摩根大通,8440,8832,5296,3536,6.59,3,buy
7/20,2890,美商高盛,1480,2133,5482,-3349,6.25,3,sell
7/20,2890,土銀,1030,2015,7,2008,3.74,4,buy
7/20,2890,香港上海匯豐,8960,0,1281,-1281,2.39,4,sell
7/20,2890,兆豐證券,7000,1961,0,1961,3.66,5,buy
7/20,2890,大和國泰,8890,0,818,-818,1.53,5,sell
7/20,2890,中國信託,6160,1795,45,1750,3.26,6,buy
7/20,2890,港商野村,1560,733,1488,-755,1.41,6,sell
7/20,2890,永豐金證券,0039004100300030,1584,97,1487,2.77,7,buy
7/20,2890,富邦-敦南,9663,17,400,-383,0.71,7,sell
7/20,2890,花旗環球,1590,2533,1046,1487,2.77,8,buy
7/20,2890,美林,1440,1110,1400,-290,0.54,8,sell
7/20,2890,凱基,9200,1032,0,1032,1.92,9,buy
7/20,2890,元大-中山北路,0039003800300061,1,227,-226,0.42,9,sell
7/20,2890,統一-內湖,0035003800350062,1001,0,1001,1.87,10,buy
7/20,2890,元大-佳里,0039003800310065,1,220,-219,0.41,10,sell
7/20,2890,永豐金-匯立,0039004100380031,702,0,702,1.31,11,buy
7/20,2890,兆豐-新營,003700300030004b,1,215,-214,0.4,11,sell
7/20,2890,法銀巴黎,8900,550,53,497,0.93,12,buy
7/20,2890,永豐金-嘉義,003900410039006a,4,179,-175,0.33,12,sell
7/20,2890,元大-竹山,0039003800310052,303,1,302,0.56,13,buy
7/20,2890,新光-台中,8561,14,162,-148,0.28,13,sell
7/20,2890,台灣企銀-台中,1111,300,0,300,0.56,14,buy
7/20,2890,永豐金-忠孝,0039004100390044,3,127,-124,0.23,14,sell
7/20,2890,國票-九鼎,0037003700390050,192,5,187,0.35,15,buy
7/20,2890,(牛牛牛)亞-鑫豐,0036003000310064,427,542,-115,0.21,15,sell
7/20,2892,國泰證券,8880,9894,267,9627,25.26,1,buy
7/20,2892,台灣摩根士丹利,1470,293,11060,-10767,28.26,1,sell
7/20,2892,富邦證券,9600,2065,0,2065,5.42,2,buy
7/20,2892,美商高盛,1480,3630,5581,-1951,5.12,2,sell
7/20,2892,永豐金證券,0039004100300030,1791,116,1675,4.4,3,buy
7/20,2892,美林,1440,335,1474,-1139,2.99,3,sell
7/20,2892,花旗環球,1590,2164,881,1283,3.37,4,buy
7/20,2892,新加坡商瑞銀,1650,3974,4813,-839,2.2,4,sell
7/20,2892,元大證券,9800,2211,994,1217,3.19,5,buy
7/20,2892,香港上海匯豐,8960,0,636,-636,1.67,5,sell
7/20,2892,摩根大通,8440,2807,1832,975,2.56,6,buy
7/20,2892,玉山-高雄,8843,5,628,-623,1.63,6,sell
7/20,2892,統一,5850,948,13,935,2.45,7,buy
7/20,2892,港商野村,1560,10,502,-492,1.29,7,sell
7/20,2892,兆豐證券,7000,732,55,677,1.78,8,buy
7/20,2892,凱基-台北,9268,2229,2706,-477,1.25,8,sell
7/20,2892,法銀巴黎,8900,551,42,509,1.34,9,buy
7/20,2892,凱基,9200,230,640,-410,1.08,9,sell
7/20,2892,台新,0039004200300030,510,27,483,1.27,10,buy
7/20,2892,港商麥格理,1360,0,317,-317,0.83,10,sell
7/20,2892,中國信託,6160,395,32,363,0.95,11,buy
7/20,2892,台灣企銀,1110,0,200,-200,0.52,11,sell
7/20,2892,華南永昌,9300,158,30,128,0.34,12,buy
7/20,2892,富邦-三重,9677,2,111,-109,0.29,12,sell
7/20,2892,合庫-台南,1022,101,0,101,0.27,13,buy
7/20,2892,亞東-新竹,2184,0,106,-106,0.28,13,sell
7/20,2892,富邦-北港,0039003600390043,100,1,99,0.26,14,buy
7/20,2892,第一金-中山,5389,3,103,-100,0.26,14,sell
7/20,2892,臺銀,1040,110,11,99,0.26,15,buy
7/20,2892,兆豐-公益,003700300030004a,0,80,-80,0.21,15,sell
7/20,2884,美林,1440,8370,711,7659,9.55,1,buy
7/20,2884,華南永昌-中正,9359,1,5954,-5953,7.42,1,sell
7/20,2884,摩根大通,8440,7513,3208,4305,5.37,2,buy
7/20,2884,宏遠證券,1260,512,4584,-4072,5.08,2,sell
7/20,2884,元大證券,9800,12220,8761,3459,4.31,3,buy
7/20,2884,台灣摩根士丹利,1470,4741,7564,-2823,3.52,3,sell
7/20,2884,花旗環球,1590,3852,641,3211,4.0,4,buy
7/20,2884,第一金,5380,79,1503,-1424,1.77,4,sell
7/20,2884,美商高盛,1480,6634,3721,2913,3.63,5,buy
7/20,2884,玉山證券,8840,36,793,-757,0.94,5,sell
7/20,2884,港商野村,1560,3120,870,2250,2.8,6,buy
7/20,2884,國泰-敦南,8888,221,912,-691,0.86,6,sell
7/20,2884,永豐金證券,0039004100300030,2815,581,2234,2.78,7,buy
7/20,2884,華南永昌,9300,528,1132,-604,0.75,7,sell
7/20,2884,新加坡商瑞銀,1650,8720,6949,1771,2.21,8,buy
7/20,2884,凱基,9200,477,1044,-567,0.71,8,sell
7/20,2884,港商麥格理,1360,1232,0,1232,1.54,9,buy
7/20,2884,彰銀,1230,0,516,-516,0.64,9,sell
7/20,2884,國泰證券,8880,1439,379,1060,1.32,10,buy
7/20,2884,元大-大同,0039003800390047,25,504,-479,0.6,10,sell
7/20,2884,法銀巴黎,8900,1054,104,950,1.18,11,buy
7/20,2884,富邦證券,9600,400,856,-456,0.57,11,sell
7/20,2884,香港上海匯豐,8960,815,11,804,1.0,12,buy
7/20,2884,元大-內湖民權,9867,0,373,-373,0.46,12,sell
7/20,2884,凱基-台北,9268,4838,4125,713,0.89,13,buy
7/20,2884,兆豐-大同,0037003000300053,2,315,-313,0.39,13,sell
7/20,2884,亞東-台中,2187,558,0,558,0.7,14,buy
7/20,2884,玉山-台南,8847,26,337,-311,0.39,14,sell
7/20,2884,凱基-中山,9229,545,13,532,0.66,15,buy
7/20,2884,聯邦證券,8580,8,268,-260,0.32,15,sell
7/20,5880,統一,5850,5548,1,5547,17.98,1,buy
7/20,5880,台灣摩根士丹利,1470,1869,5550,-3681,11.93,1,sell
7/20,5880,摩根大通,8440,6071,1846,4225,13.69,2,buy
7/20,5880,富邦-永康,003900360031005a,0,1001,-1001,3.24,2,sell
7/20,5880,元大證券,9800,2763,726,2037,6.6,3,buy
7/20,5880,新加坡商瑞銀,1650,980,1628,-648,2.1,3,sell
7/20,5880,花旗環球,1590,1741,218,1523,4.94,4,buy
7/20,5880,國泰-敦南,8888,26,502,-476,1.54,4,sell
7/20,5880,永豐金證券,0039004100300030,1544,114,1430,4.63,5,buy
7/20,5880,合庫-西台中,0031003000320046,0,351,-351,1.14,5,sell
7/20,5880,中國信託,6160,1181,84,1097,3.55,6,buy
7/20,5880,凱基-東勢,0039003200310059,0,319,-319,1.03,6,sell
7/20,5880,港商野村,1560,949,2,947,3.07,7,buy
7/20,5880,國票-敦北法人,0037003700390063,0,287,-287,0.93,7,sell
7/20,5880,凱基-台北,9268,1258,611,647,2.1,8,buy
7/20,5880,台新-新營,0039004200310031,0,286,-286,0.93,8,sell
7/20,5880,美林,1440,862,247,615,1.99,9,buy
7/20,5880,永豐金-永康,0039004100390063,0,265,-265,0.86,9,sell
7/20,5880,法銀巴黎,8900,546,16,530,1.72,10,buy
7/20,5880,香港上海匯豐,8960,0,261,-261,0.85,10,sell
7/20,5880,凱基,9200,253,0,253,0.82,11,buy
7/20,5880,國泰證券,8880,34,249,-215,0.7,11,sell
7/20,5880,富邦證券,9600,158,4,154,0.5,12,buy
7/20,5880,合庫證券,1020,53,257,-204,0.66,12,sell
7/20,5880,華南永昌,9300,134,14,120,0.39,13,buy
7/20,5880,宏遠-館前,0031003200360055,0,201,-201,0.65,13,sell
7/20,5880,港商麥格理,1360,69,0,69,0.22,14,buy
7/20,5880,富邦-新店,9661,2,195,-193,0.63,14,sell
7/20,5880,群益金鼎,9100,112,48,64,0.21,15,buy
7/20,5880,富邦-七賢,003900360031004b,2,183,-181,0.59,15,sell
7/20,2886,群益金鼎,9100,6326,15,6311,13.85,1,buy
7/20,2886,台灣摩根士丹利,1470,931,9317,-8386,18.4,1,sell
7/20,2886,國泰證券,8880,4476,283,4193,9.2,2,buy
7/20,2886,凱基-台北,9268,2241,3827,-1586,3.48,2,sell
7/20,2886,元大證券,9800,6317,2816,3501,7.68,3,buy
7/20,2886,第一金,5380,29,1601,-1572,3.45,3,sell
7/20,2886,永豐金證券,0039004100300030,3160,379,2781,6.1,4,buy
7/20,2886,香港上海匯豐,8960,0,1529,-1529,3.36,4,sell
7/20,2886,花旗環球,1590,2545,253,2292,5.03,5,buy
7/20,2886,元大-敦南,0039003800390050,1,1524,-1523,3.34,5,sell
7/20,2886,宏遠證券,1260,985,0,985,2.16,6,buy
7/20,2886,新加坡商瑞銀,1650,2388,3754,-1366,3.0,6,sell
7/20,2886,富邦證券,9600,889,61,828,1.82,7,buy
7/20,2886,美商高盛,1480,2507,2971,-464,1.02,7,sell
7/20,2886,兆豐證券,7000,658,10,648,1.42,8,buy
7/20,2886,元大-天母,0039003800310049,1,401,-400,0.88,8,sell
7/20,2886,中國信託,6160,1666,1075,591,1.3,9,buy
7/20,2886,凱基,9200,657,1000,-343,0.75,9,sell
7/20,2886,法銀巴黎,8900,505,48,457,1.0,10,buy
7/20,2886,康和,8450,0,335,-335,0.74,10,sell
7/20,2886,摩根大通,8440,4324,3906,418,0.92,11,buy
7/20,2886,港商野村,1560,292,541,-249,0.55,11,sell
7/20,2886,華南永昌,9300,319,73,246,0.54,12,buy
7/20,2886,國泰-敦南,8888,127,352,-225,0.49,12,sell
7/20,2886,國票-敦北法人,0037003700390063,108,3,105,0.23,13,buy
7/20,2886,彰銀-台中,1233,0,217,-217,0.48,13,sell
7/20,2886,聯邦證券,8580,103,10,93,0.2,14,buy
7/20,2886,富邦-台北,9623,7,188,-181,0.4,14,sell
7/20,2886,富邦-新竹,9647,63,4,59,0.13,15,buy
7/20,2886,兆豐-城中,0037003000300057,5,148,-143,0.31,15,sell
7/20,2867,元大證券,9800,6833,2076,4757,16.95,1,buy
7/20,2867,統一-士林,003500380035004d,0,1505,-1505,5.36,1,sell
7/20,2867,凱基,9200,2186,0,2186,7.79,2,buy
7/20,2867,新加坡商瑞銀,1650,141,1405,-1264,4.5,2,sell
7/20,2867,台灣摩根士丹利,1470,3900,1962,1938,6.91,3,buy
7/20,2867,凱基-宜蘭,003900320030004d,42,1069,-1027,3.66,3,sell
7/20,2867,凱基-台北,9268,2269,992,1277,4.55,4,buy
7/20,2867,群益金鼎,9100,37,1036,-999,3.56,4,sell
7/20,2867,永豐金證券,0039004100300030,954,84,870,3.1,5,buy
7/20,2867,統一,5850,13,703,-690,2.46,5,sell
7/20,2867,摩根大通,8440,844,2,842,3.0,6,buy
7/20,2867,永豐金-南京,0039004100390053,0,500,-500,1.78,6,sell
7/20,2867,富邦-岡山,9616,400,0,400,1.43,7,buy
7/20,2867,永豐金-板盛,0039004100390059,46,462,-416,1.48,7,sell
7/20,2867,群益金鼎-東大,9135,302,0,302,1.08,8,buy
7/20,2867,凱基-市政,9239,0,400,-400,1.43,8,sell
7/20,2867,台新-中港,0039004200320069,305,23,282,1.0,9,buy
7/20,2867,富邦-永和,9654,0,381,-381,1.36,9,sell
7/20,2867,台新,0039004200300030,241,30,211,0.75,10,buy
7/20,2867,台新-板橋,0039004200320062,26,320,-294,1.05,10,sell
7/20,2867,凱基-中山,9229,214,5,209,0.74,11,buy
7/20,2867,統一-台中,5856,10,241,-231,0.82,11,sell
7/20,2867,光和-高雄,0036003300380044,181,2,179,0.64,12,buy
7/20,2867,玉山-高雄,8843,0,225,-225,0.8,12,sell
7/20,2867,國泰-桃園,8885,841,665,176,0.63,13,buy
7/20,2867,美林,1440,143,341,-198,0.71,13,sell
7/20,2867,華南永昌-內壢,9337,172,11,161,0.57,14,buy
7/20,2867,台新-中原,0039004200320067,0,190,-190,0.68,14,sell
7/20,2867,花旗環球,1590,212,60,152,0.54,15,buy
7/20,2867,國泰-敦南,8888,199,386,-187,0.67,15,sell
7/20,6505,台灣摩根士丹利,1470,9499,4020,5479,5.66,1,buy
7/20,6505,凱基-興隆,9289,5,1029,-1024,1.06,1,sell
7/20,6505,新加坡商瑞銀,1650,5307,2533,2774,2.87,2,buy
7/20,6505,美商高盛,1480,4131,4771,-640,0.66,2,sell
7/20,6505,美林,1440,2534,1536,998,1.03,3,buy
7/20,6505,群益金鼎,9100,682,1264,-582,0.6,3,sell
7/20,6505,摩根大通,8440,3803,2980,823,0.85,4,buy
7/20,6505,國泰證券,8880,24,587,-563,0.58,4,sell
7/20,6505,凱基-台北,9268,6667,5918,749,0.77,5,buy
7/20,6505,元大-虎尾,003900380030006c,88,604,-516,0.53,5,sell
7/20,6505,統一-竹南,003500380035006d,511,12,499,0.52,6,buy
7/20,6505,元大-南屯,9853,172,586,-414,0.43,6,sell
7/20,6505,元大證券,9800,8228,7801,427,0.44,7,buy
7/20,6505,台新-安南,003900420032005a,36,345,-309,0.32,7,sell
7/20,6505,花旗環球,1590,499,98,401,0.41,8,buy
7/20,6505,元大-信義安和,0039003800300052,23,310,-287,0.3,8,sell
7/20,6505,台新-西松,003900420032006e,417,26,391,0.4,9,buy
7/20,6505,美好,5260,3,282,-279,0.29,9,sell
7/20,6505,國票-敦北法人,0037003700390063,348,8,340,0.35,10,buy
7/20,6505,元大-東泰,9817,117,340,-223,0.23,10,sell
7/20,6505,永豐金-虎尾,0039004100390062,311,13,298,0.31,11,buy
7/20,6505,國泰-敦南,8888,3271,3479,-208,0.21,11,sell
7/20,6505,元大-天母,0039003800310049,211,39,172,0.18,12,buy
7/20,6505,美好-蘆洲,5261,49,256,-207,0.21,12,sell
7/20,6505,元大-南京,9862,246,88,158,0.16,13,buy
7/20,6505,統一-三重,003500380035004a,285,487,-202,0.21,13,sell
7/20,6505,華南永昌-大甲,9315,130,5,125,0.13,14,buy
7/20,6505,群益金鼎-高雄,9183,10,190,-180,0.19,14,sell
7/20,6505,群益金鼎-東湖,003900310038004b,118,11,107,0.11,15,buy
7/20,6505,香港上海匯豐,8960,16,195,-179,0.18,15,sell
7/20,2105,花旗環球,1590,913,41,872,6.83,1,buy
7/20,2105,元大證券,9800,1397,3556,-2159,16.91,1,sell
7/20,2105,摩根大通,8440,1213,379,834,6.53,2,buy
7/20,2105,統一,5850,1,641,-640,5.01,2,sell
7/20,2105,凱基-台北,9268,1057,428,629,4.93,3,buy
7/20,2105,永豐金證券,0039004100300030,459,942,-483,3.78,3,sell
7/20,2105,美商高盛,1480,1671,1126,545,4.27,4,buy
7/20,2105,富邦證券,9600,58,201,-143,1.12,4,sell
7/20,2105,彰銀-台中,1233,503,0,503,3.94,5,buy
7/20,2105,凱基-湖口,003900320030004e,5,109,-104,0.81,5,sell
7/20,2105,台灣摩根士丹利,1470,1694,1330,364,2.85,6,buy
7/20,2105,玉山-高雄,8843,1,105,-104,0.81,6,sell
7/20,2105,美林,1440,393,45,348,2.73,7,buy
7/20,2105,新光,8560,15,102,-87,0.68,7,sell
7/20,2105,永豐金-匯立,0039004100380031,239,0,239,1.87,8,buy
7/20,2105,國票-九鼎,0037003700390050,7,85,-78,0.61,8,sell
7/20,2105,元大-員林中山,9835,231,31,200,1.57,9,buy
7/20,2105,法銀巴黎,8900,12,84,-72,0.56,9,sell
7/20,2105,臺銀,1040,127,0,127,0.99,10,buy
7/20,2105,永豐金-台中,003900410039004c,3,74,-71,0.56,10,sell
7/20,2105,新加坡商瑞銀,1650,512,409,103,0.81,11,buy
7/20,2105,合庫-自強,0031003000320043,1,58,-57,0.45,11,sell
7/20,2105,港商野村,1560,68,0,68,0.53,12,buy
7/20,2105,國泰-台中,8882,6,54,-48,0.38,12,sell
7/20,2105,凱基,9200,53,0,53,0.42,13,buy
7/20,2105,臺銀-高雄,0031003000340043,15,61,-46,0.36,13,sell
7/20,2105,中國信託,6160,46,1,45,0.35,14,buy
7/20,2105,台新-三民,0039004200310033,5,50,-45,0.35,14,sell
7/20,2105,永豐金-南投,003900410039004d,41,0,41,0.32,15,buy
7/20,2105,富邦-仁愛,9676,3,41,-38,0.3,15,sell
7/20,0050,富邦-台北,9623,17956,279,17677,4.73,1,buy
7/20,0050,元大證券,9800,51064,146724,-95660,25.59,1,sell
7/20,0050,國泰-敦南,8888,17858,2988,14870,3.98,2,buy
7/20,0050,凱基-台北,9268,8801,63011,-54210,14.5,2,sell
7/20,0050,凱基,9200,5678,521,5157,1.38,3,buy
7/20,0050,永豐金證券,0039004100300030,12488,65659,-53171,14.23,3,sell
7/20,0050,國票-敦北法人,0037003700390063,5089,16,5073,1.36,4,buy
7/20,0050,富邦證券,9600,1536,19104,-17568,4.7,4,sell
7/20,0050,統一,5850,5534,527,5007,1.34,5,buy
7/20,0050,法銀巴黎,8900,0,5518,-5518,1.48,5,sell
7/20,0050,國泰證券,8880,4346,39,4307,1.15,6,buy
7/20,0050,群益金鼎,9100,652,3071,-2419,0.65,6,sell
7/20,0050,凱基-城中,9227,3959,73,3886,1.04,7,buy
7/20,0050,新加坡商瑞銀,1650,9104,9838,-734,0.2,7,sell
7/20,0050,台新,0039004200300030,4388,1113,3275,0.88,8,buy
7/20,0050,(牛牛牛)亞-鑫豐,0036003000310064,418,709,-291,0.08,8,sell
7/20,0050,新光,8560,4066,857,3209,0.86,9,buy
7/20,0050,美商高盛,1480,1314,1437,-123,0.03,9,sell
7/20,0050,中國信託,6160,8520,5853,2667,0.71,10,buy
7/20,0050,合庫-台中,1021,424,517,-93,0.02,10,sell
7/20,0050,台新-板橋,0039004200320062,2465,15,2450,0.66,11,buy
7/20,0050,國票-嘉義,0037003700390048,58,115,-57,0.02,11,sell
7/20,0050,台灣摩根士丹利,1470,4739,2502,2237,0.6,12,buy
7/20,0050,國票-九鼎,0037003700390050,127,176,-49,0.01,12,sell
7/20,0050,國泰-板橋,003800380038004b,2570,499,2071,0.55,13,buy
7/20,0050,兆豐-寶成,0037003000300072,400,442,-42,0.01,13,sell
7/20,0050,華南永昌-大安,9307,1963,68,1895,0.51,14,buy
7/20,0050,凱基-永和,9207,114,153,-39,0.01,14,sell
7/20,0050,國泰-台中,8882,2515,667,1848,0.49,15,buy
7/20,0050,兆豐-松德,0037003000300069,65,85,-20,0.01,15,sell
7/20,0056,國泰-敦南,8888,6808,2032,4776,2.87,1,buy
7/20,0056,元大證券,9800,7804,79665,-71861,43.24,1,sell
7/20,0056,新光,8560,2075,429,1646,0.99,2,buy
7/20,0056,凱基-台北,9268,7454,27848,-20394,12.27,2,sell
7/20,0056,新加坡商瑞銀,1650,5962,4502,1460,0.88,3,buy
7/20,0056,永豐金證券,0039004100300030,6498,23575,-17077,10.27,3,sell
7/20,0056,中國信託,6160,1427,393,1034,0.62,4,buy
7/20,0056,台灣摩根士丹利,1470,64,1082,-1018,0.61,4,sell
7/20,0056,台新,0039004200300030,1259,300,959,0.58,5,buy
7/20,0056,兆豐-寶成,0037003000300072,207,1102,-895,0.54,5,sell
7/20,0056,國泰證券,8880,939,17,922,0.55,6,buy
7/20,0056,合庫-鳳山,1029,228,386,-158,0.1,6,sell
7/20,0056,國泰-台中,8882,1157,260,897,0.54,7,buy
7/20,0056,富邦證券,9600,503,644,-141,0.08,7,sell
7/20,0056,國票證券,7790,871,6,865,0.52,8,buy
7/20,0056,亞東-高雄,2186,15,128,-113,0.07,8,sell
7/20,0056,國泰-板橋,003800380038004b,1109,279,830,0.5,9,buy
7/20,0056,富邦-高雄,9659,371,480,-109,0.07,9,sell
7/20,0056,國泰-桃園,8885,845,103,742,0.45,10,buy
7/20,0056,台灣企銀-岡山,1119,18,118,-100,0.06,10,sell
7/20,0056,台新-高雄,0039004200310067,775,36,739,0.44,11,buy
7/20,0056,群益金鼎-新店,0039003100380046,42,110,-68,0.04,11,sell
7/20,0056,元大-板橋三民,9879,759,33,726,0.44,12,buy
7/20,0056,聯邦-三重,8585,49,87,-38,0.02,12,sell
7/20,0056,富邦-板橋,9655,1145,423,722,0.43,13,buy
7/20,0056,土銀-白河,0031003000330043,23,53,-30,0.02,13,sell
7/20,0056,國泰-館前,0038003800380041,890,177,713,0.43,14,buy
7/20,0056,華南永昌-鶯歌,9319,52,82,-30,0.02,14,sell
7/20,0056,富邦-仁愛,9676,774,76,698,0.42,15,buy
7/20,0056,兆豐-復興,0037003000300070,38,57,-19,0.01,15,sell
7/20,3481,美商高盛,1480,14152,6117,8035,2.19,1,buy
7/20,3481,國泰證券,8880,257,24088,-23831,6.51,1,sell
7/20,3481,富邦證券,9600,9143,1874,7269,1.99,2,buy
7/20,3481,凱基,9200,292,2447,-2155,0.59,2,sell
7/20,3481,花旗環球,1590,6834,981,5853,1.6,3,buy
7/20,3481,玉山-新莊,8842,470,2577,-2107,0.58,3,sell
7/20,3481,台灣摩根士丹利,1470,16914,11801,5113,1.4,4,buy
7/20,3481,凱基-湖口,003900320030004e,164,2205,-2041,0.56,4,sell
7/20,3481,凱基-台北,9268,28654,26174,2480,0.68,5,buy
7/20,3481,群益金鼎-竹南,0039003100380069,141,1535,-1394,0.38,5,sell
7/20,3481,元大證券,9800,48396,46637,1759,0.48,6,buy
7/20,3481,國泰-敦南,8888,11243,12397,-1154,0.32,6,sell
7/20,3481,美林,1440,4220,2713,1507,0.41,7,buy
7/20,3481,富邦-南員林,0039003600310052,546,1606,-1060,0.29,7,sell
7/20,3481,凱基-東港,9212,1645,328,1317,0.36,8,buy
7/20,3481,玉山證券,8840,557,1446,-889,0.24,8,sell
7/20,3481,新加坡商瑞銀,1650,4874,3744,1130,0.31,9,buy
7/20,3481,群益金鼎-松山,9103,46,859,-813,0.22,9,sell
7/20,3481,第一金-自由,0035003300380045,3811,2757,1054,0.29,10,buy
7/20,3481,元大-汐止,0039003800390051,379,1177,-798,0.22,10,sell
7/20,3481,元大-士林,003900380031006a,1271,443,828,0.23,11,buy
7/20,3481,凱基-松山,9217,222,990,-768,0.21,11,sell
7/20,3481,元大-大天母,9893,990,163,827,0.23,12,buy
7/20,3481,華南永昌-古亭,9309,79,799,-720,0.2,12,sell
7/20,3481,宏遠證券,1260,938,212,726,0.2,13,buy
7/20,3481,第一金,5380,264,963,-699,0.19,13,sell
7/20,3481,永豐金-埔里,0039004100370039,2871,2155,716,0.2,14,buy
7/20,3481,元大-府城,0039003800300075,163,837,-674,0.18,14,sell
7/20,3481,統一,5850,1269,584,685,0.19,15,buy
7/20,3481,富邦-台北,9623,742,1303,-561,0.15,15,sell
7/20,2344,美林,1440,5254,1573,3681,3.43,1,buy
7/20,2344,台灣摩根士丹利,1470,6531,8781,-2250,2.1,1,sell
7/20,2344,元大證券,9800,15109,12538,2571,2.4,2,buy
7/20,2344,新加坡商瑞銀,1650,2617,4810,-2193,2.05,2,sell
7/20,2344,凱基-台北,9268,7084,4653,2431,2.27,3,buy
7/20,2344,摩根大通,8440,2630,4462,-1832,1.71,3,sell
7/20,2344,美商高盛,1480,6393,4374,2019,1.88,4,buy
7/20,2344,華南永昌,9300,133,1244,-1111,1.04,4,sell
7/20,2344,華南永昌-世貿,9334,1631,23,1608,1.5,5,buy
7/20,2344,台新-台北,0039004200320030,16,1116,-1100,1.03,5,sell
7/20,2344,永豐金證券,0039004100300030,2094,629,1465,1.37,6,buy
7/20,2344,元大-屏東民生,0039003800310068,137,963,-826,0.77,6,sell
7/20,2344,凱基-城中,9227,929,35,894,0.83,7,buy
7/20,2344,台新-敦南,0039004200320051,9,454,-445,0.42,7,sell
7/20,2344,統一,5850,1079,256,823,0.77,8,buy
7/20,2344,兆豐-天母,003700300030004c,25,428,-403,0.38,8,sell
7/20,2344,凱基,9200,531,115,416,0.39,9,buy
7/20,2344,元大-天母,0039003800310049,72,394,-322,0.3,9,sell
7/20,2344,花旗環球,1590,642,332,310,0.29,10,buy
7/20,2344,國泰-敦南,8888,3373,3625,-252,0.24,10,sell
7/20,2344,群益金鼎-西松,9136,306,112,194,0.18,11,buy
7/20,2344,群益金鼎-中港,9138,20,255,-235,0.22,11,sell
7/20,2344,國泰-松江,8883,322,130,192,0.18,12,buy
7/20,2344,新光-新竹,8563,140,351,-211,0.2,12,sell
7/20,2344,凱基-信義,9216,233,46,187,0.17,13,buy
7/20,2344,台新-台中,0039004200310068,319,518,-199,0.19,13,sell
7/20,2344,中國信託,6160,465,311,154,0.14,14,buy
7/20,2344,群益金鼎-竹南,0039003100380069,22,217,-195,0.18,14,sell
7/20,2344,兆豐-板橋,0037003000300042,171,20,151,0.14,15,buy
7/20,2344,富邦-南屯,9666,139,329,-190,0.18,15,sell
7/20,6770,台灣摩根士丹利,1470,12663,7051,5612,3.12,1,buy
7/20,6770,美商高盛,1480,6630,25944,-19314,10.74,1,sell
7/20,6770,宏遠證券,1260,1408,40,1368,0.76,2,buy
7/20,6770,港商野村,1560,139,3850,-3711,2.06,2,sell
7/20,6770,國泰-敦南,8888,4563,3637,926,0.52,3,buy
7/20,6770,摩根大通,8440,2794,5480,-2686,1.49,3,sell
7/20,6770,永豐金-市政,0039004100390057,975,262,713,0.4,4,buy
7/20,6770,新加坡商瑞銀,1650,3294,5920,-2626,1.46,4,sell
7/20,6770,富邦-仁愛,9676,1038,374,664,0.37,5,buy
7/20,6770,凱基,9200,210,1937,-1727,0.96,5,sell
7/20,6770,兆豐-民生,0037003000300063,666,39,627,0.35,6,buy
7/20,6770,統一-仁愛,0035003800350063,46,1539,-1493,0.83,6,sell
7/20,6770,永豐金證券,0039004100300030,1764,1148,616,0.34,7,buy
7/20,6770,花旗環球,1590,603,1939,-1336,0.74,7,sell
7/20,6770,華南永昌,9300,749,169,580,0.32,8,buy
7/20,6770,富邦-陽明,9604,554,1865,-1311,0.73,8,sell
7/20,6770,富邦-公益,0039003600310046,561,100,461,0.26,9,buy
7/20,6770,元大證券,9800,19915,21172,-1257,0.7,9,sell
7/20,6770,兆豐-岡山,0037003000300073,468,39,429,0.24,10,buy
7/20,6770,永豐金-復興,003900410039005a,429,1423,-994,0.55,10,sell
7/20,6770,新光,8560,1417,1018,399,0.22,11,buy
7/20,6770,富邦-羅東,9634,152,953,-801,0.45,11,sell
7/20,6770,元大-忠孝,9871,736,389,347,0.19,12,buy
7/20,6770,永豐金-嘉義,003900410039006a,76,751,-675,0.38,12,sell
7/20,6770,富邦-花蓮,9621,428,90,338,0.19,13,buy
7/20,6770,中國信託-永康,6163,250,750,-500,0.28,13,sell
7/20,6770,富邦-建國,9658,636,319,317,0.18,14,buy
7/20,6770,國票-安和,003700370039005a,260,598,-338,0.19,14,sell
7/20,6770,國票-博愛,003700370039007a,347,30,317,0.18,15,buy
7/20,6770,兆豐-台中,7003,86,374,-288,0.16,15,sell
7/20,0052,統一,5850,2242,158,2084,5.39,1,buy
7/20,0052,永豐金證券,0039004100300030,680,4121,-3441,8.9,1,sell
7/20,0052,新加坡商瑞銀,1650,3798,2366,1432,3.7,2,buy
7/20,0052,群益金鼎,9100,76,1519,-1443,3.73,2,sell
7/20,0052,玉山證券,8840,1105,91,1014,2.62,3,buy
7/20,0052,元大證券,9800,4680,5439,-759,1.96,3,sell
7/20,0052,港商麥格理,1360,514,0,514,1.33,4,buy
7/20,0052,台新,0039004200300030,1351,1994,-643,1.66,4,sell
7/20,0052,宏遠證券,1260,481,1,480,1.24,5,buy
7/20,0052,富邦證券,9600,1965,2257,-292,0.76,5,sell
7/20,0052,美林,1440,443,0,443,1.15,6,buy
7/20,0052,兆豐-寶成,0037003000300072,36,252,-216,0.56,6,sell
7/20,0052,國泰證券,8880,327,10,317,0.82,7,buy
7/20,0052,新光,8560,249,428,-179,0.46,7,sell
7/20,0052,玉山-士林,0038003800340041,277,9,268,0.69,8,buy
7/20,0052,元大-汐止,0039003800390051,23,171,-148,0.38,8,sell
7/20,0052,台新-桃園,0039004200320076,203,6,197,0.51,9,buy
7/20,0052,元大-大同,0039003800390047,14,159,-145,0.37,9,sell
7/20,0052,新光-新竹,8563,160,9,151,0.39,10,buy
7/20,0052,富邦-台中,003900360035004b,54,182,-128,0.33,10,sell
7/20,0052,台灣摩根士丹利,1470,1629,1481,148,0.38,11,buy
7/20,0052,元大-岡山,0039003800350046,3,104,-101,0.26,11,sell
7/20,0052,永豐金-中壢,0039004100390039,131,47,84,0.22,12,buy
7/20,0052,臺銀-臺中,0031003000340041,50,142,-92,0.24,12,sell
7/20,0052,群益金鼎-海山,9108,89,10,79,0.2,13,buy
7/20,0052,富邦-新竹,9647,40,130,-90,0.23,13,sell
7/20,0052,國泰-忠孝,8887,110,38,72,0.19,14,buy
7/20,0052,土銀-台中,1031,1,90,-89,0.23,14,sell
7/20,0052,富邦-建國,9658,97,30,67,0.17,15,buy
7/20,0052,元大-龍潭,9858,29,107,-78,0.2,15,sell
7/20,2337,元大-土城永寧,9875,2038,29,2009,2.81,1,buy
7/20,2337,花旗環球,1590,163,1807,-1644,2.3,1,sell
7/20,2337,新加坡商瑞銀,1650,2842,1295,1547,2.16,2,buy
7/20,2337,元大證券,9800,11752,12847,-1095,1.53,2,sell
7/20,2337,兆豐-中壢,0037003000300062,1046,8,1038,1.45,3,buy
7/20,2337,港商野村,1560,19,538,-519,0.73,3,sell
7/20,2337,摩根大通,8440,3883,3303,580,0.81,4,buy
7/20,2337,亞東,2180,20,507,-487,0.68,4,sell
7/20,2337,美商高盛,1480,5380,4830,550,0.77,5,buy
7/20,2337,元大-蘆洲,9857,90,569,-479,0.67,5,sell
7/20,2337,美林,1440,1021,697,324,0.45,6,buy
7/20,2337,群益金鼎-中港,9138,6,312,-306,0.43,6,sell
7/20,2337,台新-安南,003900420032005a,436,245,191,0.27,7,buy
7/20,2337,永豐金-內湖,0039004100390067,100,374,-274,0.38,7,sell
7/20,2337,富邦-建國,9658,164,61,103,0.14,8,buy
7/20,2337,中農,8520,16,269,-253,0.35,8,sell
7/20,2337,玉山-景美,8849,106,15,91,0.13,9,buy
7/20,2337,台灣摩根士丹利,1470,2553,2799,-246,0.34,9,sell
7/20,2337,富邦-新竹,9647,340,255,85,0.12,10,buy
7/20,2337,富邦證券,9600,155,340,-185,0.26,10,sell
7/20,2337,國泰-台中,8882,270,185,85,0.12,11,buy
7/20,2337,元大-南屯,9853,50,230,-180,0.25,11,sell
7/20,2337,華南永昌-岡山,9324,100,27,73,0.1,12,buy
7/20,2337,國泰-敦南,8888,1920,2086,-166,0.23,12,sell
7/20,2337,富邦-七賢,003900360031004b,218,145,73,0.1,13,buy
7/20,2337,群益金鼎,9100,289,444,-155,0.22,13,sell
7/20,2337,凱基-台北,9268,6466,6394,72,0.1,14,buy
7/20,2337,群益金鼎-開元,9134,38,186,-148,0.21,14,sell
7/20,2337,元大-大同,0039003800390047,105,37,68,0.1,15,buy
7/20,2337,元大-西屯,0039003800300077,19,164,-145,0.2,15,sell
7/20,9904,美商高盛,1480,4016,2356,1660,6.92,1,buy
7/20,9904,凱基,9200,48,3151,-3103,12.93,1,sell
7/20,9904,美林,1440,789,95,694,2.89,2,buy
7/20,9904,花旗環球,1590,480,2864,-2384,9.93,2,sell
7/20,9904,元大證券,9800,1006,332,674,2.81,3,buy
7/20,9904,台灣摩根士丹利,1470,1389,2968,-1579,6.58,3,sell
7/20,9904,港商野村,1560,927,361,566,2.36,4,buy
7/20,9904,摩根大通,8440,1689,2669,-980,4.08,4,sell
7/20,9904,永豐金證券,0039004100300030,447,37,410,1.71,5,buy
7/20,9904,凱基-台北,9268,883,1719,-836,3.48,5,sell
7/20,9904,元大-高雄,003900380031006d,403,0,403,1.68,6,buy
7/20,9904,凱基-永華,9235,0,720,-720,3.0,6,sell
7/20,9904,統一-台南,5855,401,1,400,1.67,7,buy
7/20,9904,新加坡商瑞銀,1650,851,1478,-627,2.61,7,sell
7/20,9904,新光,8560,441,46,395,1.65,8,buy
7/20,9904,康和,8450,0,230,-230,0.96,8,sell
7/20,9904,富邦-陽明,9604,404,16,388,1.62,9,buy
7/20,9904,華南永昌-桃園,9352,0,160,-160,0.67,9,sell
7/20,9904,玉山-台中,0038003800340042,270,0,270,1.12,10,buy
7/20,9904,元大-信義安和,0039003800300052,0,150,-150,0.62,10,sell
7/20,9904,永豐金-高雄,0039004100390065,213,0,213,0.89,11,buy
7/20,9904,元大-清水,0039003800300065,0,123,-123,0.51,11,sell
7/20,9904,國泰-松江,8883,213,11,202,0.84,12,buy
7/20,9904,華南永昌-嘉義,9314,1,120,-119,0.5,12,sell
7/20,9904,台新-緯城,0039004200320041,183,0,183,0.76,13,buy
7/20,9904,合庫-鳳山,1029,1,110,-109,0.45,13,sell
7/20,9904,國泰-桃園,8885,166,4,162,0.67,14,buy
7/20,9904,華南永昌-中正,9359,0,100,-100,0.42,14,sell
7/20,9904,富邦-台北,9623,165,7,158,0.66,15,buy
7/20,9904,元大-西螺,0039003800310069,0,90,-90,0.37,15,sell
7/20,1101,台灣摩根士丹利,1470,7336,1541,5795,13.41,1,buy
7/20,1101,凱基-台北,9268,2892,5436,-2544,5.89,1,sell
7/20,1101,玉山-城中,0038003800340045,4500,51,4449,10.29,2,buy
7/20,1101,港商麥格理,1360,0,461,-461,1.07,2,sell
7/20,1101,美林,1440,2632,471,2161,5.0,3,buy
7/20,1101,國泰-敦南,8888,190,642,-452,1.05,3,sell
7/20,1101,新加坡商瑞銀,1650,3799,1952,1847,4.27,4,buy
7/20,1101,台新-信義,0039004200320048,167,542,-375,0.87,4,sell
7/20,1101,兆豐-板橋,0037003000300042,998,1,997,2.31,5,buy
7/20,1101,富邦-陽明,9604,37,412,-375,0.87,5,sell
7/20,1101,富邦-南港,0039003600320041,605,6,599,1.39,6,buy
7/20,1101,元大-內湖,003900380039004e,4,367,-363,0.84,6,sell
7/20,1101,永豐金證券,0039004100300030,532,105,427,0.99,7,buy
7/20,1101,新光,8560,315,573,-258,0.6,7,sell
7/20,1101,摩根大通,8440,3161,2772,389,0.9,8,buy
7/20,1101,玉山-高雄,8843,13,266,-253,0.59,8,sell
7/20,1101,兆豐-台中港,7005,396,26,370,0.86,9,buy
7/20,1101,元大-樹林,003900380039006a,0,247,-247,0.57,9,sell
7/20,1101,群益金鼎-高雄,9183,250,29,221,0.51,10,buy
7/20,1101,富邦-台南,9667,80,324,-244,0.56,10,sell
7/20,1101,凱基,9200,118,0,118,0.27,11,buy
7/20,1101,合庫-嘉義,1024,152,387,-235,0.54,11,sell
7/20,1101,國泰-板橋,003800380038004b,325,213,112,0.26,12,buy
7/20,1101,第一金,5380,11,215,-204,0.47,12,sell
7/20,1101,富邦-桃園,9665,151,45,106,0.25,13,buy
7/20,1101,元大-仁愛,003900380033006a,48,250,-202,0.47,13,sell
7/20,1101,富邦-三重,9677,112,10,102,0.24,14,buy
7/20,1101,富邦-建國,9658,21,222,-201,0.47,14,sell
7/20,1101,台新-同大,0039004200320050,145,51,94,0.22,15,buy
7/20,1101,元大-彰化民生,003900380039004a,19,200,-181,0.42,15,sell
7/20,2353,凱基-台北,9268,3908,776,3132,12.48,1,buy
7/20,2353,元大證券,9800,2492,5862,-3370,13.43,1,sell
7/20,2353,摩根大通,8440,2307,588,1719,6.85,2,buy
7/20,2353,美商高盛,1480,1214,2542,-1328,5.29,2,sell
7/20,2353,花旗環球,1590,517,118,399,1.59,3,buy
7/20,2353,新加坡商瑞銀,1650,519,1347,-828,3.3,3,sell
7/20,2353,美林,1440,491,126,365,1.45,4,buy
7/20,2353,台灣摩根士丹利,1470,1722,2463,-741,2.95,4,sell
7/20,2353,台新-安南,003900420032005a,405,42,363,1.45,5,buy
7/20,2353,新光,8560,135,694,-559,2.23,5,sell
7/20,2353,永豐金-松山,0039004100390031,334,14,320,1.28,6,buy
7/20,2353,國泰-桃園,8885,31,525,-494,1.97,6,sell
7/20,2353,永豐金證券,0039004100300030,507,271,236,0.94,7,buy
7/20,2353,康和,8450,0,316,-316,1.26,7,sell
7/20,2353,富邦證券,9600,178,1,177,0.71,8,buy
7/20,2353,元大-北三重,0039003800390056,16,270,-254,1.01,8,sell
7/20,2353,華南永昌-中正,9359,132,1,131,0.52,9,buy
7/20,2353,富邦-竹科,0039003600320043,17,222,-205,0.82,9,sell
7/20,2353,元大-永和,9891,127,1,126,0.5,10,buy
7/20,2353,元大-大天母,9893,6,135,-129,0.51,10,sell
7/20,2353,凱基,9200,135,20,115,0.46,11,buy
7/20,2353,國泰-敦南,8888,146,272,-126,0.5,11,sell
7/20,2353,凱基-竹科,9272,115,5,110,0.44,12,buy
7/20,2353,玉山-板橋,8846,19,134,-115,0.46,12,sell
7/20,2353,聯邦-三重,8585,107,1,106,0.42,13,buy
7/20,2353,富邦-花蓮,9621,0,111,-111,0.44,13,sell
7/20,2353,國票證券,7790,116,12,104,0.41,14,buy
7/20,2353,國泰-館前,0038003800380041,41,150,-109,0.43,14,sell
7/20,2353,元大-歸仁,0039003800310061,105,3,102,0.41,15,buy
7/20,2353,元大-成功,003900380039004c,11,113,-102,0.41,15,sell
7/20,1301,富邦-敦南,9663,1042,24,1018,2.19,1,buy
7/20,1301,台灣摩根士丹利,1470,2223,4883,-2660,5.72,1,sell
7/20,1301,凱基-台北,9268,2546,1769,777,1.67,2,buy
7/20,1301,新加坡商瑞銀,1650,564,3109,-2545,5.47,2,sell
7/20,1301,花旗環球,1590,932,270,662,1.42,3,buy
7/20,1301,美商高盛,1480,2294,4255,-1961,4.22,3,sell
7/20,1301,元大證券,9800,5462,4924,538,1.16,4,buy
7/20,1301,元大-虎尾,003900380030006c,19,599,-580,1.25,4,sell
7/20,1301,宏遠證券,1260,392,12,380,0.82,5,buy
7/20,1301,統一-新竹,5857,9,420,-411,0.88,5,sell
7/20,1301,港商野村,1560,548,234,314,0.68,6,buy
7/20,1301,摩根大通,8440,1700,1965,-265,0.57,6,sell
7/20,1301,群益金鼎-東門,0039003100380044,277,17,260,0.56,7,buy
7/20,1301,台新,0039004200300030,156,406,-250,0.54,7,sell
7/20,1301,臺銀-民權,1043,275,29,246,0.53,8,buy
7/20,1301,台新-大裕,003900420032006c,20,264,-244,0.52,8,sell
7/20,1301,元大-台南,9896,187,42,145,0.31,9,buy
7/20,1301,台灣企銀-岡山,1119,0,198,-198,0.43,9,sell
7/20,1301,元大-館前,003900380034004b,166,34,132,0.28,10,buy
7/20,1301,永豐金-忠孝,0039004100390044,7,204,-197,0.42,10,sell
7/20,1301,康和-嘉義,8459,134,6,128,0.28,11,buy
7/20,1301,元大-大統,003900380031007a,11,203,-192,0.41,11,sell
7/20,1301,元大-天母,0039003800310049,139,13,126,0.27,12,buy
7/20,1301,聯邦證券,8580,32,208,-176,0.38,12,sell
7/20,1301,永豐金證券,0039004100300030,561,437,124,0.27,13,buy
7/20,1301,國泰-台南,8884,65,230,-165,0.35,13,sell
7/20,1301,國泰-敦南,8888,710,591,119,0.26,14,buy
7/20,1301,新光,8560,307,461,-154,0.33,14,sell
7/20,1301,富邦-屏東,0039003600310059,128,12,116,0.25,15,buy
7/20,1301,元大-復北,9872,18,167,-149,0.32,15,sell
7/20,2812,永豐金證券,0039004100300030,4082,231,3851,15.6,1,buy
7/20,2812,台中銀-台北,6115,0,6063,-6063,24.56,1,sell
7/20,2812,康和,8450,2100,0,2100,8.51,2,buy
7/20,2812,台灣摩根士丹利,1470,1083,3879,-2796,11.32,2,sell
7/20,2812,摩根大通,8440,2651,637,2014,8.16,3,buy
7/20,2812,美商高盛,1480,1496,2900,-1404,5.69,3,sell
7/20,2812,凱基-台北,9268,1505,688,817,3.31,4,buy
7/20,2812,新加坡商瑞銀,1650,481,1629,-1148,4.65,4,sell
7/20,2812,台新-新營,0039004200310031,410,0,410,1.66,5,buy
7/20,2812,元大-士林,003900380031006a,5,1004,-999,4.05,5,sell
7/20,2812,富邦-中壢,9636,400,2,398,1.61,6,buy
7/20,2812,美林,1440,161,769,-608,2.46,6,sell
7/20,2812,元大證券,9800,1443,1068,375,1.52,7,buy
7/20,2812,元大-小港,003900380039005a,2,200,-198,0.8,7,sell
7/20,2812,第一金-忠孝,0035003300380044,430,110,320,1.3,8,buy
7/20,2812,統一-板橋,0035003800350050,0,150,-150,0.61,8,sell
7/20,2812,台新,0039004200300030,448,136,312,1.26,9,buy
7/20,2812,第一金-華江,0035003300380057,8,150,-142,0.58,9,sell
7/20,2812,花旗環球,1590,214,0,214,0.87,10,buy
7/20,2812,玉山-高雄,8843,6,102,-96,0.39,10,sell
7/20,2812,亞東-台中,2187,131,0,131,0.53,11,buy
7/20,2812,元大-內湖,003900380039004e,7,100,-93,0.38,11,sell
7/20,2812,華南永昌-林口,9317,124,0,124,0.5,12,buy
7/20,2812,永豐金-北高雄,0039004100390072,1,93,-92,0.37,12,sell
7/20,2812,國票-九鼎,0037003700390050,120,0,120,0.49,13,buy
7/20,2812,永豐金-內湖,0039004100390067,2,88,-86,0.35,13,sell
7/20,2812,元大-大天母,9893,108,1,107,0.43,14,buy
7/20,2812,陽信-石牌,8711,0,85,-85,0.34,14,sell
7/20,2812,福邦-新竹,6489,100,0,100,0.41,15,buy
7/20,2812,台中銀-豐原,0036003100310041,2,86,-84,0.34,15,sell
7/20,2834,永豐金證券,0039004100300030,8323,279,8044,17.26,1,buy
7/20,2834,台灣摩根士丹利,1470,3849,10467,-6618,14.2,1,sell
7/20,2834,康和,8450,1490,0,1490,3.2,2,buy
7/20,2834,摩根大通,8440,4644,7583,-2939,6.3,2,sell
7/20,2834,國泰-板橋,003800380038004b,1202,90,1112,2.39,3,buy
7/20,2834,新加坡商瑞銀,1650,2017,4770,-2753,5.91,3,sell
7/20,2834,(牛牛牛)亞-鑫豐,0036003000310064,1300,210,1090,2.34,4,buy
7/20,2834,美商高盛,1480,1885,4170,-2285,4.9,4,sell
7/20,2834,花旗環球,1590,1572,622,950,2.04,5,buy
7/20,2834,凱基-台北,9268,1193,3396,-2203,4.73,5,sell
7/20,2834,新光,8560,667,188,479,1.03,6,buy
7/20,2834,富邦-仁愛,9676,13,1010,-997,2.14,6,sell
7/20,2834,福邦-新竹,6489,450,0,450,0.97,7,buy
7/20,2834,安泰-大發,8381,1,505,-504,1.08,7,sell
7/20,2834,台灣企銀,1110,344,4,340,0.73,8,buy
7/20,2834,華南永昌-苗栗,9362,5,400,-395,0.85,8,sell
7/20,2834,港商野村,1560,378,42,336,0.72,9,buy
7/20,2834,富邦-永康,003900360031005a,2,330,-328,0.7,9,sell
7/20,2834,新光-台中,8561,470,157,313,0.67,10,buy
7/20,2834,華南永昌-敦南,9347,1,310,-309,0.66,10,sell
7/20,2834,富邦-台北,9623,276,35,241,0.52,11,buy
7/20,2834,台新-北中壢,003900420032004c,10,311,-301,0.65,11,sell
7/20,2834,國票-內壢,7798,236,0,236,0.51,12,buy
7/20,2834,統一-敦南,5852,0,203,-203,0.44,12,sell
7/20,2834,元大證券,9800,1522,1288,234,0.5,13,buy
7/20,2834,華南永昌-虎尾,9377,50,227,-177,0.38,13,sell
7/20,2834,京城-嘉義,8492,234,1,233,0.5,14,buy
7/20,2834,群益金鼎-彰化,9187,12,176,-164,0.35,14,sell
7/20,2834,元大-板橋,0039003800390043,231,5,226,0.48,15,buy
7/20,2834,統一-新竹,5857,1,160,-159,0.34,15,sell
7/20,4938,元大證券,9800,2737,951,1786,15.13,1,buy
7/20,4938,華南永昌,9300,74,2217,-2143,18.15,1,sell
7/20,4938,花旗環球,1590,774,125,649,5.5,2,buy
7/20,4938,港商野村,1560,12,1984,-1972,16.7,2,sell
7/20,4938,永豐金證券,0039004100300030,455,16,439,3.72,3,buy
7/20,4938,台灣摩根士丹利,1470,1064,1479,-415,3.52,3,sell
7/20,4938,香港上海匯豐,8960,553,177,376,3.18,4,buy
7/20,4938,摩根大通,8440,555,858,-303,2.57,4,sell
7/20,4938,凱基-台北,9268,418,262,156,1.32,5,buy
7/20,4938,美商高盛,1480,395,610,-215,1.82,5,sell
7/20,4938,新加坡商瑞銀,1650,329,202,127,1.08,6,buy
7/20,4938,大和國泰,8890,0,140,-140,1.19,6,sell
7/20,4938,中國信託,6160,132,19,113,0.96,7,buy
7/20,4938,群益金鼎-東大,9135,0,124,-124,1.05,7,sell
7/20,4938,宏遠證券,1260,68,0,68,0.58,8,buy
7/20,4938,美林,1440,249,352,-103,0.87,8,sell
7/20,4938,新光-高雄,8562,51,0,51,0.43,9,buy
7/20,4938,兆豐-寶成,0037003000300072,0,60,-60,0.51,9,sell
7/20,4938,第一金-忠孝,0035003300380044,50,5,45,0.38,10,buy
7/20,4938,玉山-左營,0038003800340044,5,61,-56,0.47,10,sell
7/20,4938,元大-台北,0039003800300068,44,0,44,0.37,11,buy
7/20,4938,永豐金-匯立,0039004100380031,0,50,-50,0.42,11,sell
7/20,4938,台新-城東,0039004200320072,42,0,42,0.36,12,buy
7/20,4938,第一金-嘉義,003500330038004d,4,54,-50,0.42,12,sell
7/20,4938,新光,8560,86,45,41,0.35,13,buy
7/20,4938,元大-文心,9868,1,50,-49,0.42,13,sell
7/20,4938,國票-南崁,0037003700390045,36,0,36,0.3,14,buy
7/20,4938,元大-上新莊,0039003800330047,1,44,-43,0.36,14,sell
7/20,4938,元大-樹林,003900380039006a,40,5,35,0.3,15,buy
7/20,4938,永豐金-松山,0039004100390031,0,41,-41,0.35,15,sell
7/20,1314,元大-鳳中,0039003800350043,1585,30,1555,3.12,1,buy
7/20,1314,台新-虎尾,003900420032004e,11,3507,-3496,7.02,1,sell
7/20,1314,兆豐-大同,0037003000300053,1202,0,1202,2.41,2,buy
7/20,1314,台灣摩根士丹利,1470,1439,3552,-2113,4.24,2,sell
7/20,1314,凱基-台北,9268,4850,3821,1029,2.07,3,buy
7/20,1314,摩根大通,8440,1720,3545,-1825,3.66,3,sell
7/20,1314,美林,1440,1482,636,846,1.7,4,buy
7/20,1314,美商高盛,1480,2178,3729,-1551,3.11,4,sell
7/20,1314,凱基-中壢,9285,560,22,538,1.08,5,buy
7/20,1314,玉山-台中,0038003800340042,14,1194,-1180,2.37,5,sell
7/20,1314,國票-九鼎,0037003700390050,485,38,447,0.9,6,buy
7/20,1314,國泰-台中,8882,218,787,-569,1.14,6,sell
7/20,1314,凱基-高美館,9215,441,91,350,0.7,7,buy
7/20,1314,華南永昌-竹北,9339,4,486,-482,0.97,7,sell
7/20,1314,元大-台中中港,0039003800390042,372,65,307,0.62,8,buy
7/20,1314,新加坡商瑞銀,1650,272,754,-482,0.97,8,sell
7/20,1314,凱基-鳳山,9274,308,2,306,0.61,9,buy
7/20,1314,群益金鼎-嘉義,003900310038004d,17,491,-474,0.95,9,sell
7/20,1314,統一-敦南,5852,313,34,279,0.56,10,buy
7/20,1314,新光-桃園,8565,19,349,-330,0.66,10,sell
7/20,1314,新光,8560,620,342,278,0.56,11,buy
7/20,1314,台新,0039004200300030,143,467,-324,0.65,11,sell
7/20,1314,國泰-桃園,8885,448,173,275,0.55,12,buy
7/20,1314,大昌,6460,19,340,-321,0.64,12,sell
7/20,1314,富邦-高雄,9659,339,72,267,0.54,13,buy
7/20,1314,臺銀-新竹,1045,74,389,-315,0.63,13,sell
7/20,1314,永豐金-埔里,0039004100370039,286,20,266,0.53,14,buy
7/20,1314,土銀-白河,0031003000330043,0,304,-304,0.61,14,sell
7/20,1314,富邦-板橋,9655,291,31,260,0.52,15,buy
7/20,1314,玉山-景美,8849,73,350,-277,0.56,15,sell
7/20,1303,元大證券,9800,18782,15316,3466,3.09,1,buy
7/20,1303,凱基-台北,9268,7549,10799,-3250,2.9,1,sell
7/20,1303,台灣摩根士丹利,1470,9510,6646,2864,2.56,2,buy
7/20,1303,國泰證券,8880,288,1572,-1284,1.15,2,sell
7/20,1303,永豐金證券,0039004100300030,3307,582,2725,2.43,3,buy
7/20,1303,台新-城東,0039004200320072,39,847,-808,0.72,3,sell
7/20,1303,美林,1440,2851,1703,1148,1.02,4,buy
7/20,1303,永豐金-忠孝,0039004100390044,28,831,-803,0.72,4,sell
7/20,1303,統一,5850,2323,1281,1042,0.93,5,buy
7/20,1303,富邦證券,9600,2367,3161,-794,0.71,5,sell
7/20,1303,摩根大通,8440,5468,4621,847,0.76,6,buy
7/20,1303,新加坡商瑞銀,1650,4011,4771,-760,0.68,6,sell
7/20,1303,元大-天母,0039003800310049,708,53,655,0.58,7,buy
7/20,1303,統一-城中,5854,42,789,-747,0.67,7,sell
7/20,1303,兆豐-忠孝,0037003000300061,634,107,527,0.47,8,buy
7/20,1303,華南永昌-南京,9326,84,688,-604,0.54,8,sell
7/20,1303,國票-敦北法人,0037003700390063,536,21,515,0.46,9,buy
7/20,1303,群益金鼎-松山,9103,259,681,-422,0.38,9,sell
7/20,1303,群益金鼎,9100,838,323,515,0.46,10,buy
7/20,1303,凱基,9200,252,643,-391,0.35,10,sell
7/20,1303,華南永昌-大安,9307,487,37,450,0.4,11,buy
7/20,1303,元大-中和,0039003800390065,196,560,-364,0.32,11,sell
7/20,1303,凱基-信義,9216,763,315,448,0.4,12,buy
7/20,1303,福邦證券,6480,96,456,-360,0.32,12,sell
7/20,1303,兆豐-板橋,0037003000300042,421,17,404,0.36,13,buy
7/20,1303,富邦-永和,9654,457,782,-325,0.29,13,sell
7/20,1303,凱基-城中,9227,807,412,395,0.35,14,buy
7/20,1303,國泰-敦南,8888,1598,1911,-313,0.28,14,sell
7/20,1303,花旗環球,1590,1089,720,369,0.33,15,buy
7/20,1303,港商麥格理,1360,43,350,-307,0.27,15,sell
7/20,3231,台灣摩根士丹利,1470,7016,1628,5388,10.42,1,buy
7/20,3231,摩根大通,8440,2948,6139,-3191,6.17,1,sell
7/20,3231,元大證券,9800,7197,4509,2688,5.2,2,buy
7/20,3231,群益金鼎,9100,77,1758,-1681,3.25,2,sell
7/20,3231,美商高盛,1480,2749,675,2074,4.01,3,buy
7/20,3231,華南永昌,9300,498,1075,-577,1.12,3,sell
7/20,3231,美林,1440,3213,1143,2070,4.0,4,buy
7/20,3231,國泰證券,8880,9,578,-569,1.1,4,sell
7/20,3231,凱基-士林,9238,1842,18,1824,3.53,5,buy
7/20,3231,凱基,9200,161,675,-514,0.99,5,sell
7/20,3231,富邦證券,9600,1572,136,1436,2.78,6,buy
7/20,3231,國泰-敦南,8888,468,807,-339,0.66,6,sell
7/20,3231,永豐金證券,0039004100300030,1425,417,1008,1.95,7,buy
7/20,3231,台新-三民,0039004200310033,18,257,-239,0.46,7,sell
7/20,3231,凱基-台北,9268,3296,2515,781,1.51,8,buy
7/20,3231,第一金,5380,72,306,-234,0.45,8,sell
7/20,3231,富邦-南京,0039003600310043,845,93,752,1.45,9,buy
7/20,3231,元大-新盛,9869,15,227,-212,0.41,9,sell
7/20,3231,港商野村,1560,1048,356,692,1.34,10,buy
7/20,3231,兆豐-大同,0037003000300053,3,204,-201,0.39,10,sell
7/20,3231,新加坡商瑞銀,1650,1806,1322,484,0.94,11,buy
7/20,3231,香港上海匯豐,8960,26,221,-195,0.38,11,sell
7/20,3231,元大-虎尾,003900380030006c,413,18,395,0.76,12,buy
7/20,3231,統一,5850,185,338,-153,0.3,12,sell
7/20,3231,宏遠證券,1260,373,10,363,0.7,13,buy
7/20,3231,富邦-台北,9623,53,206,-153,0.3,13,sell
7/20,3231,中國信託,6160,392,76,316,0.61,14,buy
7/20,3231,新光,8560,188,333,-145,0.28,14,sell
7/20,3231,中國信託-忠孝,6162,382,92,290,0.56,15,buy
7/20,3231,台新-城東,0039004200320072,15,134,-119,0.23,15,sell
7/20,4904,台灣摩根士丹利,1470,5487,2538,2949,15.35,1,buy
7/20,4904,兆豐證券,7000,0,1210,-1210,6.3,1,sell
7/20,4904,富邦證券,9600,2954,1800,1154,6.01,2,buy
7/20,4904,臺銀,1040,0,1000,-1000,5.21,2,sell
7/20,4904,新加坡商瑞銀,1650,1783,758,1025,5.34,3,buy
7/20,4904,群益金鼎,9100,18,603,-585,3.04,3,sell
7/20,4904,元大證券,9800,2322,1384,938,4.88,4,buy
7/20,4904,凱基-台北,9268,1026,1547,-521,2.71,4,sell
7/20,4904,永豐金-匯立,0039004100380031,414,0,414,2.15,5,buy
7/20,4904,國票-和平,003700370039006a,0,502,-502,2.61,5,sell
7/20,4904,第一金,5380,412,0,412,2.14,6,buy
7/20,4904,美商高盛,1480,467,941,-474,2.47,6,sell
7/20,4904,華南永昌,9300,171,4,167,0.87,7,buy
7/20,4904,港商野村,1560,181,604,-423,2.2,7,sell
7/20,4904,美林,1440,447,321,126,0.66,8,buy
7/20,4904,亞東-台南,2185,3,384,-381,1.98,8,sell
7/20,4904,玉山證券,8840,110,6,104,0.54,9,buy
7/20,4904,花旗環球,1590,436,798,-362,1.88,9,sell
7/20,4904,國泰證券,8880,151,47,104,0.54,10,buy
7/20,4904,富邦-港都,0039003600320051,0,300,-300,1.56,10,sell
7/20,4904,台新-台北,0039004200320030,79,0,79,0.41,11,buy
7/20,4904,彰銀,1230,0,226,-226,1.18,11,sell
7/20,4904,港商麥格理,1360,101,35,66,0.34,12,buy
7/20,4904,北城證券,7750,0,159,-159,0.83,12,sell
7/20,4904,宏遠證券,1260,51,0,51,0.27,13,buy
7/20,4904,摩根大通,8440,789,910,-121,0.63,13,sell
7/20,4904,台新-建北,0039004200310038,40,0,40,0.21,14,buy
7/20,4904,元大-大同,0039003800390047,1,121,-120,0.62,14,sell
7/20,4904,永豐金證券,0039004100300030,465,428,37,0.19,15,buy
7/20,4904,凱基,9200,239,340,-101,0.53,15,sell
7/20,2408,統一-新台中,0035003800350044,1001,27,974,1.32,1,buy
7/20,2408,美林,1440,881,3514,-2633,3.58,1,sell
7/20,2408,第一金-自由,0035003300380045,1030,141,889,1.21,2,buy
7/20,2408,台灣摩根士丹利,1470,2630,5066,-2436,3.31,2,sell
7/20,2408,元大證券,9800,9515,8933,582,0.79,3,buy
7/20,2408,美商高盛,1480,1281,2708,-1427,1.94,3,sell
7/20,2408,國票-長城,0037003700390075,457,33,424,0.58,4,buy
7/20,2408,群益金鼎,9100,859,1584,-725,0.99,4,sell
7/20,2408,永豐金證券,0039004100300030,1902,1485,417,0.57,5,buy
7/20,2408,凱基-台北,9268,3638,4164,-526,0.71,5,sell
7/20,2408,凱基,9200,346,47,299,0.41,6,buy
7/20,2408,台新,0039004200300030,447,846,-399,0.54,6,sell
7/20,2408,摩根大通,8440,1457,1190,267,0.36,7,buy
7/20,2408,港商野村,1560,8,275,-267,0.36,7,sell
7/20,2408,花旗環球,1590,669,426,243,0.33,8,buy
7/20,2408,永豐金-嘉義,003900410039006a,39,266,-227,0.31,8,sell
7/20,2408,台新-五權西,0039004200320035,232,17,215,0.29,9,buy
7/20,2408,元大-天母,0039003800310049,50,248,-198,0.27,9,sell
7/20,2408,永豐金-內湖,0039004100390067,271,92,179,0.24,10,buy
7/20,2408,國泰-館前,0038003800380041,231,384,-153,0.21,10,sell
7/20,2408,凱基-敦北,9237,136,5,131,0.18,11,buy
7/20,2408,凱基-大安,9291,42,194,-152,0.21,11,sell
7/20,2408,華南永昌-板橋,9349,179,55,124,0.17,12,buy
7/20,2408,統一,5850,557,707,-150,0.2,12,sell
7/20,2408,國泰-桃園,8885,434,318,116,0.16,13,buy
7/20,2408,富邦證券,9600,208,353,-145,0.2,13,sell
7/20,2408,元大-民生三民,0039003800390058,139,25,114,0.15,14,buy
7/20,2408,元大-汐止,0039003800390051,69,213,-144,0.2,14,sell
7/20,2408,元大-鳳山,003900380033005a,161,47,114,0.15,15,buy
7/20,2408,凱基-高美館,9215,167,298,-131,0.18,15,sell
7/20,2880,凱基,9200,8086,1000,7086,15.56,1,buy
7/20,2880,台灣摩根士丹利,1470,180,12915,-12735,27.96,1,sell
7/20,2880,元大證券,9800,8466,1399,7067,15.51,2,buy
7/20,2880,台中銀-台北,6115,0,4184,-4184,9.19,2,sell
7/20,2880,永豐金證券,0039004100300030,4376,130,4246,9.32,3,buy
7/20,2880,摩根大通,8440,2364,4806,-2442,5.36,3,sell
7/20,2880,兆豐證券,7000,3252,0,3252,7.14,4,buy
7/20,2880,新加坡商瑞銀,1650,2198,4131,-1933,4.24,4,sell
7/20,2880,富邦證券,9600,1461,9,1452,3.19,5,buy
7/20,2880,凱基-台北,9268,2750,3658,-908,1.99,5,sell
7/20,2880,宏遠證券,1260,971,0,971,2.13,6,buy
7/20,2880,港商野村,1560,624,1045,-421,0.92,6,sell
7/20,2880,花旗環球,1590,2274,1529,745,1.64,7,buy
7/20,2880,玉山證券,8840,0,347,-347,0.76,7,sell
7/20,2880,中國信託,6160,1695,1024,671,1.47,8,buy
7/20,2880,香港上海匯豐,8960,0,318,-318,0.7,8,sell
7/20,2880,美商高盛,1480,1524,939,585,1.28,9,buy
7/20,2880,富邦-南京,0039003600310043,10,302,-292,0.64,9,sell
7/20,2880,法銀巴黎,8900,409,34,375,0.82,10,buy
7/20,2880,國泰證券,8880,41,219,-178,0.39,10,sell
7/20,2880,華南永昌-民權,9312,300,4,296,0.65,11,buy
7/20,2880,凱基-東勢,0039003200310059,0,163,-163,0.36,11,sell
7/20,2880,華南永昌,9300,360,113,247,0.54,12,buy
7/20,2880,國泰-忠孝,8887,1,129,-128,0.28,12,sell
7/20,2880,凱基-中壢,9285,200,14,186,0.41,13,buy
7/20,2880,華南永昌-東勢,9358,2,119,-117,0.26,13,sell
7/20,2880,美林,1440,603,482,121,0.27,14,buy
7/20,2880,華南永昌-基隆,9322,0,102,-102,0.22,14,sell
7/20,2880,華南永昌-板橋,9349,101,8,93,0.2,15,buy
7/20,2880,台新-台中,0039004200310068,0,101,-101,0.22,15,sell
7/20,2801,凱基,9200,10015,0,10015,27.33,1,buy
7/20,2801,台灣摩根士丹利,1470,1871,9416,-7545,20.59,1,sell
7/20,2801,國泰證券,8880,4244,25,4219,11.51,2,buy
7/20,2801,摩根大通,8440,2679,6147,-3468,9.46,2,sell
7/20,2801,花旗環球,1590,1806,495,1311,3.58,3,buy
7/20,2801,美商高盛,1480,1025,1978,-953,2.6,3,sell
7/20,2801,統一,5850,1000,0,1000,2.73,4,buy
7/20,2801,美林,1440,507,1274,-767,2.09,4,sell
7/20,2801,凱基-台北,9268,2302,1548,754,2.06,5,buy
7/20,2801,國票-安和,003700370039005a,3,770,-767,2.09,5,sell
7/20,2801,永豐金-匯立,0039004100380031,337,0,337,0.92,6,buy
7/20,2801,永豐金-潮州,0039004100390071,0,600,-600,1.64,6,sell
7/20,2801,永豐金證券,0039004100300030,427,114,313,0.85,7,buy
7/20,2801,玉山-高雄,8843,88,615,-527,1.44,7,sell
7/20,2801,彰銀-七賢,1232,203,2,201,0.55,8,buy
7/20,2801,台新-大昌,0039004200320044,20,520,-500,1.36,8,sell
7/20,2801,法銀巴黎,8900,203,12,191,0.52,9,buy
7/20,2801,宏遠證券,1260,3,441,-438,1.2,9,sell
7/20,2801,元大證券,9800,1403,1245,158,0.43,10,buy
7/20,2801,凱基-東勢,0039003200310059,2,314,-312,0.85,10,sell
7/20,2801,元大-草屯,0039003800390045,148,1,147,0.4,11,buy
7/20,2801,元大-善化,0039003800310079,0,251,-251,0.68,11,sell
7/20,2801,統一-高雄,5851,140,0,140,0.38,12,buy
7/20,2801,華南永昌-基隆,9322,1,237,-236,0.64,12,sell
7/20,2801,群益金鼎-永和,003900310038004a,132,1,131,0.36,13,buy
7/20,2801,元大-北投,0039003800390041,8,201,-193,0.53,13,sell
7/20,2801,新加坡商瑞銀,1650,2148,2029,119,0.32,14,buy
7/20,2801,凱基-頭份,9296,55,237,-182,0.5,14,sell
7/20,2801,凱基-市府,0039003200300044,100,0,100,0.27,15,buy
7/20,2801,口袋證券,6620,0,101,-101,0.28,15,sell
7/20,3702,兆豐證券,7000,1842,2,1840,15.87,1,buy
7/20,3702,台灣摩根士丹利,1470,160,3156,-2996,25.85,1,sell
7/20,3702,華南永昌-中正,9359,946,2,944,8.14,2,buy
7/20,3702,美林,1440,52,427,-375,3.23,2,sell
7/20,3702,凱基-台北,9268,928,209,719,6.2,3,buy
7/20,3702,華南永昌,9300,28,351,-323,2.79,3,sell
7/20,3702,新加坡商瑞銀,1650,910,488,422,3.64,4,buy
7/20,3702,港商野村,1560,19,291,-272,2.35,4,sell
7/20,3702,元大證券,9800,1083,749,334,2.88,5,buy
7/20,3702,台新-敦南,0039004200320051,20,279,-259,2.23,5,sell
7/20,3702,宏遠證券,1260,313,0,313,2.7,6,buy
7/20,3702,群益金鼎-台中,9184,2,260,-258,2.23,6,sell
7/20,3702,摩根大通,8440,1091,781,310,2.67,7,buy
7/20,3702,美商高盛,1480,465,708,-243,2.1,7,sell
7/20,3702,台新-高雄,0039004200310067,251,50,201,1.73,8,buy
7/20,3702,台新-松江,0039004200310035,5,235,-230,1.98,8,sell
7/20,3702,聯邦證券,8580,166,16,150,1.29,9,buy
7/20,3702,花旗環球,1590,229,431,-202,1.74,9,sell
7/20,3702,永豐金證券,0039004100300030,383,260,123,1.06,10,buy
7/20,3702,華南永昌-彰化,9363,1,121,-120,1.04,10,sell
7/20,3702,永豐金-天母,0039004100390047,110,12,98,0.85,11,buy
7/20,3702,富邦-敦南,9663,2,80,-78,0.67,11,sell
7/20,3702,富邦證券,9600,184,112,72,0.62,12,buy
7/20,3702,凱基-市府,0039003200300044,0,76,-76,0.66,12,sell
7/20,3702,康和-板橋,0038003400350044,57,12,45,0.39,13,buy
7/20,3702,兆豐-板橋,0037003000300042,6,81,-75,0.65,13,sell
7/20,3702,統一,5850,47,6,41,0.35,14,buy
7/20,3702,元大-六合,0039003800320043,1,76,-75,0.65,14,sell
7/20,3702,元大-四維,9831,42,1,41,0.35,15,buy
7/20,3702,群益金鼎-新店,0039003100380046,6,69,-63,0.54,15,sell
7/20,1402,群益金鼎,9100,2279,12,2267,12.08,1,buy
7/20,1402,台灣摩根士丹利,1470,1241,4559,-3318,17.69,1,sell
7/20,1402,美商高盛,1480,3167,1666,1501,8.0,2,buy
7/20,1402,永豐金證券,0039004100300030,186,1230,-1044,5.57,2,sell
7/20,1402,摩根大通,8440,1835,689,1146,6.11,3,buy
7/20,1402,玉山證券,8840,14,979,-965,5.14,3,sell
7/20,1402,美林,1440,1001,192,809,4.31,4,buy
7/20,1402,華南永昌-中正,9359,0,814,-814,4.34,4,sell
7/20,1402,亞東,2180,607,3,604,3.22,5,buy
7/20,1402,凱基,9200,77,528,-451,2.4,5,sell
7/20,1402,花旗環球,1590,770,466,304,1.62,6,buy
7/20,1402,新加坡商瑞銀,1650,1169,1597,-428,2.28,6,sell
7/20,1402,元大證券,9800,1292,999,293,1.56,7,buy
7/20,1402,元大-台中,9812,0,156,-156,0.83,7,sell
7/20,1402,華南永昌,9300,238,1,237,1.26,8,buy
7/20,1402,元大-新盛,9869,0,151,-151,0.8,8,sell
7/20,1402,宏遠證券,1260,233,0,233,1.24,9,buy
7/20,1402,台新-台北,0039004200320030,6,103,-97,0.52,9,sell
7/20,1402,凱基-台北,9268,1482,1295,187,1.0,10,buy
7/20,1402,國票-安和,003700370039005a,0,90,-90,0.48,10,sell
7/20,1402,台新-城東,0039004200320072,134,5,129,0.69,11,buy
7/20,1402,新光-台中,8561,4,93,-89,0.47,11,sell
7/20,1402,台新-建北,0039004200310038,135,21,114,0.61,12,buy
7/20,1402,永豐金-竹科,0039004100390058,1,81,-80,0.43,12,sell
7/20,1402,元大-福營,0039003800310046,103,1,102,0.54,13,buy
7/20,1402,合庫-自強,0031003000320043,0,71,-71,0.38,13,sell
7/20,1402,宏遠-館前,0031003200360055,100,10,90,0.48,14,buy
7/20,1402,港商野村,1560,0,69,-69,0.37,14,sell
7/20,1402,臺銀-臺中,0031003000340041,92,5,87,0.46,15,buy
7/20,1402,大展,5050,0,58,-58,0.31,15,sell
7/20,2845,永豐金證券,0039004100300030,3498,67,3431,19.29,1,buy
7/20,2845,台灣摩根士丹利,1470,525,4021,-3496,19.65,1,sell
7/20,2845,摩根大通,8440,1625,1020,605,3.4,2,buy
7/20,2845,美商高盛,1480,1239,2792,-1553,8.73,2,sell
7/20,2845,凱基-台北,9268,1958,1361,597,3.36,3,buy
7/20,2845,康和,8450,0,600,-600,3.37,3,sell
7/20,2845,元大證券,9800,1661,1176,485,2.73,4,buy
7/20,2845,永豐金-永康,0039004100390063,0,301,-301,1.69,4,sell
7/20,2845,花旗環球,1590,458,44,414,2.33,5,buy
7/20,2845,新光-高雄,8562,72,268,-196,1.1,5,sell
7/20,2845,港商野村,1560,371,23,348,1.96,6,buy
7/20,2845,新加坡商瑞銀,1650,1172,1340,-168,0.94,6,sell
7/20,2845,富邦-板橋,9655,400,207,193,1.09,7,buy
7/20,2845,美林,1440,183,286,-103,0.58,7,sell
7/20,2845,華南永昌-新莊,9305,390,200,190,1.07,8,buy
7/20,2845,元大-東泰,9817,0,102,-102,0.57,8,sell
7/20,2845,美好-蘆洲,5261,102,0,102,0.57,9,buy
7/20,2845,元大-板橋,0039003800390043,100,202,-102,0.57,9,sell
7/20,2845,台新-城東,0039004200320072,80,0,80,0.45,10,buy
7/20,2845,宏遠證券,1260,55,140,-85,0.48,10,sell
7/20,2845,亞東,2180,217,146,71,0.4,11,buy
7/20,2845,宏遠-桃園,1262,0,50,-50,0.28,11,sell
7/20,2845,凱基,9200,65,0,65,0.37,12,buy
7/20,2845,群益金鼎-延平,0039003100380078,0,40,-40,0.22,12,sell
7/20,2845,台新-嘉義,0039004200320049,60,0,60,0.34,13,buy
7/20,2845,中國信託,6160,0,36,-36,0.2,13,sell
7/20,2845,台新,0039004200300030,153,96,57,0.32,14,buy
7/20,2845,凱基-桃園,9208,0,35,-35,0.2,14,sell
7/20,2845,統一,5850,76,21,55,0.31,15,buy
7/20,2845,華南永昌-內壢,9337,0,35,-35,0.2,15,sell
7/20,2633,美林,1440,787,17,770,18.55,1,buy
7/20,2633,摩根大通,8440,513,955,-442,10.65,1,sell
7/20,2633,花旗環球,1590,287,29,258,6.21,2,buy
7/20,2633,新光,8560,6,307,-301,7.25,2,sell
7/20,2633,美商高盛,1480,393,199,194,4.67,3,buy
7/20,2633,新加坡商瑞銀,1650,29,250,-221,5.32,3,sell
7/20,2633,中國信託,6160,157,12,145,3.49,4,buy
7/20,2633,元大-左營,0039003800390044,0,101,-101,2.43,4,sell
7/20,2633,華南永昌,9300,117,0,117,2.82,5,buy
7/20,2633,富邦-新店,9661,65,145,-80,1.93,5,sell
7/20,2633,元大-竹南,0039003800330056,96,0,96,2.31,6,buy
7/20,2633,富邦-台中,003900360035004b,0,64,-64,1.54,6,sell
7/20,2633,永豐金證券,0039004100300030,124,29,95,2.29,7,buy
7/20,2633,台灣摩根士丹利,1470,357,414,-57,1.37,7,sell
7/20,2633,元大證券,9800,261,198,63,1.52,8,buy
7/20,2633,德信-新營,6913,0,50,-50,1.2,8,sell
7/20,2633,凱基,9200,42,0,42,1.01,9,buy
7/20,2633,兆豐-西螺,0037003000300044,0,40,-40,0.96,9,sell
7/20,2633,元大-員林,9889,36,0,36,0.87,10,buy
7/20,2633,玉山-士林,0038003800340041,0,36,-36,0.87,10,sell
7/20,2633,中國信託-中壢,0036003100360041,30,0,30,0.72,11,buy
7/20,2633,元大-善化,0039003800310079,0,36,-36,0.87,11,sell
7/20,2633,凱基-台北,9268,216,195,21,0.51,12,buy
7/20,2633,(牛牛牛)亞-鑫豐,0036003000310064,10,45,-35,0.84,12,sell
7/20,2633,凱基-斗六,9281,22,3,19,0.46,13,buy
7/20,2633,永豐金-市政,0039004100390057,1,34,-33,0.79,13,sell
7/20,2633,法銀巴黎,8900,13,0,13,0.31,14,buy
7/20,2633,元大-苑裡,0039003800390061,0,25,-25,0.6,14,sell
7/20,2633,凱基-竹北,9234,13,0,13,0.31,15,buy
7/20,2633,第一金-員林,5381,0,22,-22,0.53,15,sell
7/20,1216,元大證券,9800,8701,893,7808,25.62,1,buy
7/20,1216,台灣摩根士丹利,1470,401,7993,-7592,24.91,1,sell
7/20,1216,凱基-台北,9268,4139,1745,2394,7.86,2,buy
7/20,1216,美商高盛,1480,864,2526,-1662,5.45,2,sell
7/20,1216,永豐金證券,0039004100300030,2227,214,2013,6.61,3,buy
7/20,1216,凱基,9200,315,1500,-1185,3.89,3,sell
7/20,1216,華南永昌,9300,1542,19,1523,5.0,4,buy
7/20,1216,新加坡商瑞銀,1650,1817,2843,-1026,3.37,4,sell
7/20,1216,花旗環球,1590,1456,341,1115,3.66,5,buy
7/20,1216,美好-中壢,5266,0,884,-884,2.9,5,sell
7/20,1216,台新,0039004200300030,1130,47,1083,3.55,6,buy
7/20,1216,美好,5260,0,800,-800,2.63,6,sell
7/20,1216,富邦證券,9600,833,16,817,2.68,7,buy
7/20,1216,元大-士林,003900380031006a,0,408,-408,1.34,7,sell
7/20,1216,群益金鼎,9100,454,54,400,1.31,8,buy
7/20,1216,美林,1440,486,676,-190,0.62,8,sell
7/20,1216,宏遠證券,1260,201,0,201,0.66,9,buy
7/20,1216,永豐金-台南,0039004100390068,3,167,-164,0.54,9,sell
7/20,1216,法銀巴黎,8900,210,22,188,0.62,10,buy
7/20,1216,統一-台南,5855,0,126,-126,0.41,10,sell
7/20,1216,港商麥格理,1360,185,16,169,0.55,11,buy
7/20,1216,國泰-桃園,8885,1,125,-124,0.41,11,sell
7/20,1216,合庫證券,1020,152,5,147,0.48,12,buy
7/20,1216,北城證券,7750,5,116,-111,0.36,12,sell
7/20,1216,新光,8560,254,109,145,0.48,13,buy
7/20,1216,群益金鼎-永和,003900310038004a,0,106,-106,0.35,13,sell
7/20,1216,兆豐證券,7000,1318,1201,117,0.38,14,buy
7/20,1216,國泰證券,8880,30,117,-87,0.29,14,sell
7/20,1216,永豐金-匯立,0039004100380031,77,0,77,0.25,15,buy
7/20,1216,凱基-竹科,9272,9,89,-80,0.26,15,sell
7/20,5876,元大證券,9800,4627,607,4020,19.31,1,buy
7/20,5876,群益金鼎,9100,23,3645,-3622,17.4,1,sell
7/20,5876,台灣摩根士丹利,1470,3982,1544,2438,11.71,2,buy
7/20,5876,華南永昌-中正,9359,0,1621,-1621,7.79,2,sell
7/20,5876,摩根大通,8440,2632,1177,1455,6.99,3,buy
7/20,5876,華南永昌,9300,46,989,-943,4.53,3,sell
7/20,5876,康和,8450,1605,160,1445,6.94,4,buy
7/20,5876,凱基-台北,9268,513,1118,-605,2.91,4,sell
7/20,5876,花旗環球,1590,1339,252,1087,5.22,5,buy
7/20,5876,美商高盛,1480,958,1463,-505,2.43,5,sell
7/20,5876,永豐金證券,0039004100300030,943,71,872,4.19,6,buy
7/20,5876,元大-復北,9872,0,402,-402,1.93,6,sell
7/20,5876,合庫證券,1020,650,1,649,3.12,7,buy
7/20,5876,國票-長城,0037003700390075,0,330,-330,1.59,7,sell
7/20,5876,美林,1440,822,390,432,2.08,8,buy
7/20,5876,富邦-新板,0039003600310048,0,179,-179,0.86,8,sell
7/20,5876,永豐金-匯立,0039004100380031,416,0,416,2.0,9,buy
7/20,5876,元大-北屯,0039003800390064,0,136,-136,0.65,9,sell
7/20,5876,宏遠證券,1260,388,21,367,1.76,10,buy
7/20,5876,永全-八德,6452,0,136,-136,0.65,10,sell
7/20,5876,凱基,9200,95,9,86,0.41,11,buy
7/20,5876,富邦-南京,0039003600310043,0,128,-128,0.61,11,sell
7/20,5876,台新-中港,0039004200320069,90,11,79,0.38,12,buy
7/20,5876,元大-員林中山,9835,0,123,-123,0.59,12,sell
7/20,5876,元大-員林,9889,35,1,34,0.16,13,buy
7/20,5876,國泰-台中,8882,6,120,-114,0.55,13,sell
7/20,5876,群益金鼎-中港,9138,25,0,25,0.12,14,buy
7/20,5876,凱基-興隆,9289,0,105,-105,0.5,14,sell
7/20,5876,統一-松江,003500380035005a,20,0,20,0.1,15,buy
7/20,5876,永豐金-台南,0039004100390068,1,105,-104,0.5,15,sell
7/20,2352,美商高盛,1480,676,152,524,5.12,1,buy
7/20,2352,摩根大通,8440,273,2452,-2179,21.28,1,sell
7/20,2352,凱基-台北,9268,1203,796,407,3.97,2,buy
7/20,2352,港商野村,1560,24,547,-523,5.11,2,sell
7/20,2352,永豐金-信義,0039004100390052,341,0,341,3.33,3,buy
7/20,2352,元大證券,9800,187,626,-439,4.29,3,sell
7/20,2352,國票-博愛,003700370039007a,400,101,299,2.92,4,buy
7/20,2352,美林,1440,144,558,-414,4.04,4,sell
7/20,2352,新加坡商瑞銀,1650,839,545,294,2.87,5,buy
7/20,2352,花旗環球,1590,51,259,-208,2.03,5,sell
7/20,2352,台新,0039004200300030,286,22,264,2.58,6,buy
7/20,2352,台灣摩根士丹利,1470,577,687,-110,1.07,6,sell
7/20,2352,土銀,1030,225,5,220,2.15,7,buy
7/20,2352,台中銀-豐原,0036003100310041,5,101,-96,0.94,7,sell
7/20,2352,國泰-高雄,8881,174,3,171,1.67,8,buy
7/20,2352,台灣企銀-桃園,0031003100310045,10,92,-82,0.8,8,sell
7/20,2352,永全-八德,6452,156,0,156,1.52,9,buy
7/20,2352,富邦-台北,9623,109,183,-74,0.72,9,sell
7/20,2352,華南永昌-頭份,9343,150,0,150,1.46,10,buy
7/20,2352,兆豐-三民,0037003000300068,0,50,-50,0.49,10,sell
7/20,2352,國泰證券,8880,149,0,149,1.45,11,buy
7/20,2352,富邦-敦南,9663,13,57,-44,0.43,11,sell
7/20,2352,兆豐-民生,0037003000300063,145,0,145,1.42,12,buy
7/20,2352,台新-信義,0039004200320048,0,41,-41,0.4,12,sell
7/20,2352,亞東-新竹,2184,86,0,86,0.84,13,buy
7/20,2352,元大-北屯,0039003800390064,15,56,-41,0.4,13,sell
7/20,2352,元大-新竹,9816,74,7,67,0.65,14,buy
7/20,2352,富邦-台中,003900360035004b,14,49,-35,0.34,14,sell
7/20,2352,永豐金證券,0039004100300030,57,12,45,0.44,15,buy
7/20,2352,台新-高雄,0039004200310067,9,43,-34,0.33,15,sell
7/20,3706,國泰證券,8880,1457,43,1414,14.26,1,buy
7/20,3706,玉山-台南,8847,10,217,-207,2.09,1,sell
7/20,3706,凱基-台北,9268,1040,439,601,6.06,2,buy
7/20,3706,元大-木柵,003900380033004d,0,196,-196,1.98,2,sell
7/20,3706,群益金鼎,9100,447,169,278,2.8,3,buy
7/20,3706,台灣摩根士丹利,1470,17,140,-123,1.24,3,sell
7/20,3706,富邦證券,9600,209,8,201,2.03,4,buy
7/20,3706,美林,1440,103,213,-110,1.11,4,sell
7/20,3706,摩根大通,8440,235,80,155,1.56,5,buy
7/20,3706,美商高盛,1480,190,295,-105,1.06,5,sell
7/20,3706,元大證券,9800,953,887,66,0.67,6,buy
7/20,3706,港商野村,1560,12,114,-102,1.03,6,sell
7/20,3706,華南永昌-世貿,9334,60,3,57,0.57,7,buy
7/20,3706,港商麥格理,1360,26,116,-90,0.91,7,sell
7/20,3706,凱基-城中,9227,59,5,54,0.54,8,buy
7/20,3706,富邦-南屯,9666,6,91,-85,0.86,8,sell
7/20,3706,華南永昌-長虹,9333,53,10,43,0.43,9,buy
7/20,3706,國泰-忠孝,8887,31,107,-76,0.77,9,sell
7/20,3706,台新-台北,0039004200320030,41,1,40,0.4,10,buy
7/20,3706,富邦-新店,9661,24,96,-72,0.73,10,sell
7/20,3706,中國信託,6160,56,20,36,0.36,11,buy
7/20,3706,國泰-敦南,8888,146,211,-65,0.66,11,sell
7/20,3706,富邦-台北,9623,70,36,34,0.34,12,buy
7/20,3706,元大-新店中正,0039003800340043,3,66,-63,0.64,12,sell
7/20,3706,群益金鼎-台中,9184,50,17,33,0.33,13,buy
7/20,3706,德信-新營,6913,2,52,-50,0.5,13,sell
7/20,3706,元大-佳里,0039003800310065,39,12,27,0.27,14,buy
7/20,3706,新光,8560,116,165,-49,0.49,14,sell
7/20,3706,永豐金-永康,0039004100390063,92,66,26,0.26,15,buy
7/20,3706,統一,5850,12,55,-43,0.43,15,sell
7/20,2377,群益金鼎,9100,899,67,832,6.17,1,buy
7/20,2377,台灣摩根士丹利,1470,36,429,-393,2.91,1,sell
7/20,2377,統一,5850,688,47,641,4.75,2,buy
7/20,2377,新加坡商瑞銀,1650,316,650,-334,2.48,2,sell
7/20,2377,富邦證券,9600,744,106,638,4.73,3,buy
7/20,2377,台灣企銀,1110,5,209,-204,1.51,3,sell
7/20,2377,美商高盛,1480,722,93,629,4.66,4,buy
7/20,2377,新光,8560,106,231,-125,0.93,4,sell
7/20,2377,元大證券,9800,2072,1749,323,2.4,5,buy
7/20,2377,富邦-中壢,9636,5,121,-116,0.86,5,sell
7/20,2377,永豐金-匯立,0039004100380031,284,4,280,2.08,6,buy
7/20,2377,台新,0039004200300030,55,169,-114,0.85,6,sell
7/20,2377,摩根大通,8440,480,357,123,0.91,7,buy
7/20,2377,凱基-站前,0039003200300046,11,125,-114,0.85,7,sell
7/20,2377,花旗環球,1590,147,27,120,0.89,8,buy
7/20,2377,華南永昌,9300,237,348,-111,0.82,8,sell
7/20,2377,凱基,9200,94,43,51,0.38,9,buy
7/20,2377,美林,1440,213,318,-105,0.78,9,sell
7/20,2377,永豐金-信義,0039004100390052,50,0,50,0.37,10,buy
7/20,2377,永豐金-竹科,0039004100390058,12,101,-89,0.66,10,sell
7/20,2377,凱基-台北,9268,811,767,44,0.33,11,buy
7/20,2377,港商麥格理,1360,0,72,-72,0.53,11,sell
7/20,2377,凱基-虎尾,9236,42,7,35,0.26,12,buy
7/20,2377,第一金-豐原,003500330038004e,3,74,-71,0.53,12,sell
7/20,2377,台新-新興,003900420032006f,36,3,33,0.24,13,buy
7/20,2377,國泰-敦南,8888,213,275,-62,0.46,13,sell
7/20,2377,法銀巴黎,8900,30,0,30,0.22,14,buy
7/20,2377,富邦-陽明,9604,27,82,-55,0.41,14,sell
7/20,2377,元大-員林,9889,32,3,29,0.22,15,buy
7/20,2377,群益金鼎-西松,9136,44,98,-54,0.4,15,sell
7/20,2027,臺銀,1040,673,1,672,6.13,1,buy
7/20,2027,台灣摩根士丹利,1470,1011,1611,-600,5.48,1,sell
7/20,2027,國泰證券,8880,603,2,601,5.49,2,buy
7/20,2027,凱基-松山,9217,0,523,-523,4.77,2,sell
7/20,2027,富邦證券,9600,584,42,542,4.95,3,buy
7/20,2027,台新-同大,0039004200320050,0,470,-470,4.29,3,sell
7/20,2027,永豐金證券,0039004100300030,301,58,243,2.22,4,buy
7/20,2027,美林,1440,200,443,-243,2.22,4,sell
7/20,2027,花旗環球,1590,167,7,160,1.46,5,buy
7/20,2027,凱基-台北,9268,555,748,-193,1.76,5,sell
7/20,2027,富邦-建國,9658,129,3,126,1.15,6,buy
7/20,2027,臺銀-臺南,1042,7,111,-104,0.95,6,sell
7/20,2027,新加坡商瑞銀,1650,376,270,106,0.97,7,buy
7/20,2027,華南永昌-麻豆,9308,0,102,-102,0.93,7,sell
7/20,2027,群益金鼎-三重,0039003100330067,102,1,101,0.92,8,buy
7/20,2027,美商高盛,1480,759,856,-97,0.89,8,sell
7/20,2027,凱基-新豐,9266,70,1,69,0.63,9,buy
7/20,2027,中國信託-文心,6164,1,71,-70,0.64,9,sell
7/20,2027,富邦-敦南,9663,70,6,64,0.58,10,buy
7/20,2027,華南永昌-竹北,9339,0,65,-65,0.59,10,sell
7/20,2027,第一金-桃園,5385,62,0,62,0.57,11,buy
7/20,2027,國泰-忠孝,8887,1,58,-57,0.52,11,sell
7/20,2027,元大-士林,003900380031006a,60,3,57,0.52,12,buy
7/20,2027,統一-新竹,5857,0,50,-50,0.46,12,sell
7/20,2027,華南永昌,9300,75,23,52,0.47,13,buy
7/20,2027,台新-高雄,0039004200310067,8,53,-45,0.41,13,sell
7/20,2027,法銀巴黎,8900,51,0,51,0.47,14,buy
7/20,2027,元大-館前,003900380034004b,62,105,-43,0.39,14,sell
7/20,2027,永豐金-內湖,0039004100390067,51,1,50,0.46,15,buy
7/20,2027,摩根大通,8440,1190,1228,-38,0.35,15,sell
7/20,2356,花旗環球,1590,4015,164,3851,11.41,1,buy
7/20,2356,富邦證券,9600,32,3413,-3381,10.01,1,sell
7/20,2356,美商高盛,1480,3247,161,3086,9.14,2,buy
7/20,2356,新加坡商瑞銀,1650,1201,3027,-1826,5.41,2,sell
7/20,2356,元大證券,9800,5463,3656,1807,5.35,3,buy
7/20,2356,摩根大通,8440,1266,3067,-1801,5.33,3,sell
7/20,2356,台灣摩根士丹利,1470,2512,1337,1175,3.48,4,buy
7/20,2356,土銀,1030,0,640,-640,1.9,4,sell
7/20,2356,凱基-士林,9238,804,8,796,2.36,5,buy
7/20,2356,華南永昌,9300,326,699,-373,1.1,5,sell
7/20,2356,美林,1440,1003,610,393,1.16,6,buy
7/20,2356,法銀巴黎,8900,79,428,-349,1.03,6,sell
7/20,2356,凱基,9200,313,7,306,0.91,7,buy
7/20,2356,港商野村,1560,16,361,-345,1.02,7,sell
7/20,2356,宏遠證券,1260,309,5,304,0.9,8,buy
7/20,2356,國泰-敦南,8888,386,573,-187,0.55,8,sell
7/20,2356,永豐金證券,0039004100300030,497,373,124,0.37,9,buy
7/20,2356,群益金鼎-西松,9136,0,177,-177,0.52,9,sell
7/20,2356,統一,5850,101,19,82,0.24,10,buy
7/20,2356,群益金鼎,9100,200,372,-172,0.51,10,sell
7/20,2356,(牛牛牛)亞-網路,6012,105,31,74,0.22,11,buy
7/20,2356,康和-新竹,8456,7,146,-139,0.41,11,sell
7/20,2356,玉山-台南,8847,94,28,66,0.2,12,buy
7/20,2356,永豐金-大園,0039004100390038,25,136,-111,0.33,12,sell
7/20,2356,永豐金-豐原,0039004100390051,51,0,51,0.15,13,buy
7/20,2356,凱基-台南,9211,21,109,-88,0.26,13,sell
7/20,2356,宏遠-館前,0031003200360055,50,0,50,0.15,14,buy
7/20,2356,國泰-台南,8884,10,94,-84,0.25,14,sell
7/20,2356,群益金鼎-新店,0039003100380046,40,0,40,0.12,15,buy
7/20,2356,元大-西屯,0039003800300077,15,78,-63,0.19,15,sell
7/20,5347,凱基-台北,9268,1764,610,1154,3.18,1,buy
7/20,5347,台灣摩根士丹利,1470,2091,5944,-3853,10.62,1,sell
7/20,5347,美商高盛,1480,3392,2477,915,2.52,2,buy
7/20,5347,永豐金證券,0039004100300030,357,4007,-3650,10.06,2,sell
7/20,5347,美林,1440,1535,881,654,1.8,3,buy
7/20,5347,摩根大通,8440,416,2625,-2209,6.09,3,sell
7/20,5347,新光,8560,641,55,586,1.62,4,buy
7/20,5347,兆豐證券,7000,19,1416,-1397,3.85,4,sell
7/20,5347,港商野村,1560,489,1,488,1.35,5,buy
7/20,5347,致和-台北,7031,1,925,-924,2.55,5,sell
7/20,5347,永豐金-匯立,0039004100380031,340,2,338,0.93,6,buy
7/20,5347,群益金鼎-內湖,0039003100380064,11,622,-611,1.68,6,sell
7/20,5347,國泰證券,8880,458,122,336,0.93,7,buy
7/20,5347,凱基,9200,123,631,-508,1.4,7,sell
7/20,5347,富邦-台北,9623,326,26,300,0.83,8,buy
7/20,5347,富邦證券,9600,547,986,-439,1.21,8,sell
7/20,5347,元大-板橋三民,9879,265,10,255,0.7,9,buy
7/20,5347,華南永昌,9300,47,387,-340,0.94,9,sell
7/20,5347,兆豐-民生,0037003000300063,195,3,192,0.53,10,buy
7/20,5347,新加坡商瑞銀,1650,959,1295,-336,0.93,10,sell
7/20,5347,國泰-敦南,8888,771,627,144,0.4,11,buy
7/20,5347,法銀巴黎,8900,61,227,-166,0.46,11,sell
7/20,5347,港商麥格理,1360,132,0,132,0.36,12,buy
7/20,5347,永豐金-南京,0039004100390053,16,177,-161,0.44,12,sell
7/20,5347,群益金鼎-新竹,9186,134,3,131,0.36,13,buy
7/20,5347,台新,0039004200300030,168,310,-142,0.39,13,sell
7/20,5347,華南永昌-彰化,9363,108,6,102,0.28,14,buy
7/20,5347,群益金鼎,9100,93,216,-123,0.34,14,sell
7/20,5347,中國信託-高雄,003600310036004b,109,8,101,0.28,15,buy
7/20,5347,第一金,5380,23,133,-110,0.3,15,sell
7/20,2542,凱基,9200,6750,0,6750,46.93,1,buy
7/20,2542,美商高盛,1480,187,2866,-2679,18.63,1,sell
7/20,2542,新光,8560,314,59,255,1.77,2,buy
7/20,2542,美林,1440,154,1354,-1200,8.34,2,sell
7/20,2542,中國信託,6160,264,11,253,1.76,3,buy
7/20,2542,元大證券,9800,569,1565,-996,6.92,3,sell
7/20,2542,富邦-青埔,003900360031004e,100,0,100,0.7,4,buy
7/20,2542,摩根大通,8440,705,1655,-950,6.61,4,sell
7/20,2542,國泰證券,8880,95,8,87,0.6,5,buy
7/20,2542,凱基-台北,9268,857,1557,-700,4.87,5,sell
7/20,2542,群益金鼎,9100,109,27,82,0.57,6,buy
7/20,2542,台灣摩根士丹利,1470,1115,1489,-374,2.6,6,sell
7/20,2542,華南永昌,9300,97,20,77,0.54,7,buy
7/20,2542,新加坡商瑞銀,1650,136,320,-184,1.28,7,sell
7/20,2542,台新-板橋,0039004200320062,75,10,65,0.45,8,buy
7/20,2542,永豐金-南京,0039004100390053,0,80,-80,0.56,8,sell
7/20,2542,花旗環球,1590,73,20,53,0.37,9,buy
7/20,2542,美好-苗栗,5265,0,65,-65,0.45,9,sell
7/20,2542,富邦-和美,0039003600310050,50,0,50,0.35,10,buy
7/20,2542,凱基-南崁,9256,0,54,-54,0.38,10,sell
7/20,2542,合庫-台中,1021,42,3,39,0.27,11,buy
7/20,2542,元大-雙和,9874,0,42,-42,0.29,11,sell
7/20,2542,凱基-高美館,9215,36,1,35,0.24,12,buy
7/20,2542,永豐金證券,0039004100300030,56,90,-34,0.24,12,sell
7/20,2542,國泰-敦南,8888,94,66,28,0.19,13,buy
7/20,2542,元大-台北,0039003800300068,4,38,-34,0.24,13,sell
7/20,2542,國泰-台中,8882,83,58,25,0.17,14,buy
7/20,2542,永豐金-竹科,0039004100390058,10,43,-33,0.23,14,sell
7/20,2542,元大-嘉義,0039003800390067,23,0,23,0.16,15,buy
7/20,2542,永豐金-台南,0039004100390068,2,34,-32,0.22,15,sell
7/20,3045,摩根大通,8440,3364,1377,1987,10.61,1,buy
7/20,3045,臺銀,1040,11,1400,-1389,7.41,1,sell
7/20,3045,美商高盛,1480,2098,878,1220,6.51,2,buy
7/20,3045,富邦證券,9600,189,1479,-1290,6.89,2,sell
7/20,3045,美林,1440,975,66,909,4.85,3,buy
7/20,3045,土銀,1030,1,953,-952,5.08,3,sell
7/20,3045,花旗環球,1590,629,0,629,3.36,4,buy
7/20,3045,群益金鼎,9100,456,997,-541,2.89,4,sell
7/20,3045,統一,5850,419,3,416,2.22,5,buy
7/20,3045,新加坡商瑞銀,1650,347,826,-479,2.56,5,sell
7/20,3045,宏遠證券,1260,369,0,369,1.97,6,buy
7/20,3045,玉山證券,8840,0,400,-400,2.14,6,sell
7/20,3045,元大證券,9800,1589,1272,317,1.69,7,buy
7/20,3045,凱基,9200,55,300,-245,1.31,7,sell
7/20,3045,永豐金證券,0039004100300030,424,127,297,1.59,8,buy
7/20,3045,亞東-台南,2185,1,224,-223,1.19,8,sell
7/20,3045,中國信託,6160,197,36,161,0.86,9,buy
7/20,3045,台新-高雄,0039004200310067,20,182,-162,0.86,9,sell
7/20,3045,北城證券,7750,149,0,149,0.8,10,buy
7/20,3045,新光-新竹,8563,0,153,-153,0.82,10,sell
7/20,3045,台灣摩根士丹利,1470,1722,1590,132,0.7,11,buy
7/20,3045,華南永昌-古亭,9309,0,130,-130,0.69,11,sell
7/20,3045,元大-景美,0039003800340048,90,0,90,0.48,12,buy
7/20,3045,華南永昌-桃園,9352,191,306,-115,0.61,12,sell
7/20,3045,華南永昌,9300,78,0,78,0.42,13,buy
7/20,3045,凱基-台中,9204,0,100,-100,0.53,13,sell
7/20,3045,玉山-士林,0038003800340041,70,0,70,0.37,14,buy
7/20,3045,新光,8560,106,198,-92,0.49,14,sell
7/20,3045,第一金,5380,65,0,65,0.35,15,buy
7/20,3045,合庫-台南,1022,0,70,-70,0.37,15,sell
7/20,1102,摩根大通,8440,1688,320,1368,9.68,1,buy
7/20,1102,台灣摩根士丹利,1470,502,2287,-1785,12.64,1,sell
7/20,1102,元大證券,9800,1596,725,871,6.17,2,buy
7/20,1102,凱基,9200,57,1718,-1661,11.76,2,sell
7/20,1102,美林,1440,814,120,694,4.91,3,buy
7/20,1102,統一,5850,40,1477,-1437,10.17,3,sell
7/20,1102,亞東,2180,517,16,501,3.55,4,buy
7/20,1102,新加坡商瑞銀,1650,75,1296,-1221,8.64,4,sell
7/20,1102,花旗環球,1590,560,103,457,3.24,5,buy
7/20,1102,美商高盛,1480,1955,2588,-633,4.48,5,sell
7/20,1102,永豐金證券,0039004100300030,471,23,448,3.17,6,buy
7/20,1102,華南永昌-中正,9359,1,520,-519,3.67,6,sell
7/20,1102,群益金鼎,9100,365,29,336,2.38,7,buy
7/20,1102,凱基-台北,9268,1118,1290,-172,1.22,7,sell
7/20,1102,台新-世貿,0039004200320075,314,1,313,2.22,8,buy
7/20,1102,美好-高雄,5264,0,100,-100,0.71,8,sell
7/20,1102,中國信託,6160,312,13,299,2.12,9,buy
7/20,1102,中國信託-高雄,003600310036004b,5,65,-60,0.42,9,sell
7/20,1102,新光,8560,248,25,223,1.58,10,buy
7/20,1102,兆豐-新營,003700300030004b,0,50,-50,0.35,10,sell
7/20,1102,台灣企銀-太平,1115,180,0,180,1.27,11,buy
7/20,1102,富邦-基隆,9614,0,50,-50,0.35,11,sell
7/20,1102,港商野村,1560,130,0,130,0.92,12,buy
7/20,1102,永全-南崁,6451,1,50,-49,0.35,12,sell
7/20,1102,彰銀,1230,102,0,102,0.72,13,buy
7/20,1102,富邦-桃園,9665,0,30,-30,0.21,13,sell
7/20,1102,兆豐-北高雄,0037003000300049,101,0,101,0.72,14,buy
7/20,1102,凱基-新豐,9266,2,30,-28,0.2,14,sell
7/20,1102,新光-高雄,8562,101,0,101,0.72,15,buy
7/20,1102,永豐金-高雄,0039004100390065,2,30,-28,0.2,15,sell
7/20,2324,元大證券,9800,8390,5784,2606,4.45,1,buy
7/20,2324,台灣摩根士丹利,1470,1857,9872,-8015,13.67,1,sell
7/20,2324,台新-西松,003900420032006e,1014,27,987,1.68,2,buy
7/20,2324,美商高盛,1480,3253,5926,-2673,4.56,2,sell
7/20,2324,永豐金證券,0039004100300030,1365,520,845,1.44,3,buy
7/20,2324,凱基-台北,9268,4052,5633,-1581,2.7,3,sell
7/20,2324,富邦-羅東,9634,761,39,722,1.23,4,buy
7/20,2324,美林,1440,1030,2391,-1361,2.32,4,sell
7/20,2324,花旗環球,1590,815,178,637,1.09,5,buy
7/20,2324,新加坡商瑞銀,1650,2122,3331,-1209,2.06,5,sell
7/20,2324,宏遠證券,1260,869,300,569,0.97,6,buy
7/20,2324,富邦-仁愛,9676,56,623,-567,0.97,6,sell
7/20,2324,港商野村,1560,525,0,525,0.9,7,buy
7/20,2324,華南永昌,9300,477,1023,-546,0.93,7,sell
7/20,2324,凱基,9200,479,0,479,0.82,8,buy
7/20,2324,群益金鼎-東大,9135,2,452,-450,0.77,8,sell
7/20,2324,國泰-敦南,8888,998,594,404,0.69,9,buy
7/20,2324,台新,0039004200300030,180,560,-380,0.65,9,sell
7/20,2324,(牛牛牛)亞-鑫豐,0036003000310064,748,375,373,0.64,10,buy
7/20,2324,永豐金-大園,0039004100390038,14,305,-291,0.5,10,sell
7/20,2324,永豐金-匯立,0039004100380031,333,0,333,0.57,11,buy
7/20,2324,統一,5850,45,266,-221,0.38,11,sell
7/20,2324,國泰-館前,0038003800380041,261,53,208,0.35,12,buy
7/20,2324,法銀巴黎,8900,27,196,-169,0.29,12,sell
7/20,2324,凱基-鳳山,9274,187,12,175,0.3,13,buy
7/20,2324,凱基-基隆,0039003200300048,46,213,-167,0.28,13,sell
7/20,2324,元大-斗六,0039003800300043,234,60,174,0.3,14,buy
7/20,2324,富邦證券,9600,385,546,-161,0.27,14,sell
7/20,2324,富邦-永和,9654,335,163,172,0.29,15,buy
7/20,2324,元大-淡水,9899,17,158,-141,0.24,15,sell
7/20,2885,元大證券,9800,4175,1151,3024,5.52,1,buy
7/20,2885,台灣摩根士丹利,1470,2285,10585,-8300,15.15,1,sell
7/20,2885,土銀,1030,2887,4,2883,5.26,2,buy
7/20,2885,港商麥格理,1360,336,4483,-4147,7.57,2,sell
7/20,2885,美商高盛,1480,4705,2511,2194,4.01,3,buy
7/20,2885,美林,1440,3871,7828,-3957,7.22,3,sell
7/20,2885,永豐金證券,0039004100300030,1986,195,1791,3.27,4,buy
7/20,2885,群益金鼎,9100,139,4006,-3867,7.06,4,sell
7/20,2885,兆豐證券,7000,1953,220,1733,3.16,5,buy
7/20,2885,凱基-台北,9268,4065,5943,-1878,3.43,5,sell
7/20,2885,中國信託,6160,1755,62,1693,3.09,6,buy
7/20,2885,摩根大通,8440,4403,5189,-786,1.43,6,sell
7/20,2885,花旗環球,1590,2235,607,1628,2.97,7,buy
7/20,2885,富邦證券,9600,299,922,-623,1.14,7,sell
7/20,2885,凱基,9200,1279,0,1279,2.34,8,buy
7/20,2885,國泰證券,8880,44,457,-413,0.75,8,sell
7/20,2885,合庫-高雄,1023,796,5,791,1.44,9,buy
7/20,2885,統一,5850,714,932,-218,0.4,9,sell
7/20,2885,華南永昌,9300,820,262,558,1.02,10,buy
7/20,2885,台新-五權西,0039004200320035,9,204,-195,0.36,10,sell
7/20,2885,新加坡商瑞銀,1650,1722,1176,546,1.0,11,buy
7/20,2885,宏遠證券,1260,0,182,-182,0.33,11,sell
7/20,2885,香港上海匯豐,8960,521,9,512,0.93,12,buy
7/20,2885,凱基-高雄,9206,106,285,-179,0.33,12,sell
7/20,2885,凱基-站前,0039003200300046,527,73,454,0.83,13,buy
7/20,2885,凱基-屏東,0039003200320043,0,150,-150,0.27,13,sell
7/20,2885,永豐金-萬盛,0039004100390032,399,5,394,0.72,14,buy
7/20,2885,元大-北屯,0039003800390064,18,163,-145,0.26,14,sell
7/20,2885,法銀巴黎,8900,456,69,387,0.71,15,buy
7/20,2885,兆豐-復興,0037003000300070,1,110,-109,0.2,15,sell
7/20,6005,美商高盛,1480,2863,1061,1802,14.26,1,buy
7/20,6005,元大證券,9800,1053,5558,-4505,35.65,1,sell
7/20,6005,台灣摩根士丹利,1470,1722,928,794,6.28,2,buy
7/20,6005,新光,8560,20,270,-250,1.98,2,sell
7/20,6005,摩根大通,8440,1245,572,673,5.33,3,buy
7/20,6005,台新-北中壢,003900420032004c,2,160,-158,1.25,3,sell
7/20,6005,凱基-台北,9268,700,241,459,3.63,4,buy
7/20,6005,美林,1440,126,272,-146,1.16,4,sell
7/20,6005,花旗環球,1590,488,79,409,3.24,5,buy
7/20,6005,美好-楊梅,5262,1,94,-93,0.74,5,sell
7/20,6005,台新-屏東,003900420031006e,381,1,380,3.01,6,buy
7/20,6005,群益金鼎-三民,9188,99,191,-92,0.73,6,sell
7/20,6005,新加坡商瑞銀,1650,516,221,295,2.33,7,buy
7/20,6005,元大-竹東,0039003800330066,0,80,-80,0.63,7,sell
7/20,6005,康和-台南,8458,145,0,145,1.15,8,buy
7/20,6005,港商野村,1560,0,74,-74,0.59,8,sell
7/20,6005,永豐金證券,0039004100300030,98,19,79,0.63,9,buy
7/20,6005,富邦-桃園,9665,1,71,-70,0.55,9,sell
7/20,6005,台新-台北,0039004200320030,73,0,73,0.58,10,buy
7/20,6005,富邦-南港,0039003600320041,0,64,-64,0.51,10,sell
7/20,6005,玉山-板橋,8846,60,0,60,0.47,11,buy
7/20,6005,元大-古亭,003900380039006b,2,65,-63,0.5,11,sell
7/20,6005,台新-高雄,0039004200310067,57,0,57,0.45,12,buy
7/20,6005,玉山-新竹,0038003800340048,4,66,-62,0.49,12,sell
7/20,6005,第一金-員林,5381,60,4,56,0.44,13,buy
7/20,6005,康和-永和,0038003400350042,0,50,-50,0.4,13,sell
7/20,6005,兆豐證券,7000,50,0,50,0.4,14,buy
7/20,6005,富邦-新竹,9647,4,54,-50,0.4,14,sell
7/20,6005,臺銀-高雄,0031003000340043,92,46,46,0.36,15,buy
7/20,6005,元大-中山北路,0039003800300061,2,50,-48,0.38,15,sell
7/20,3036,摩根大通,8440,1060,133,927,9.6,1,buy
7/20,3036,中國信託,6160,54,1629,-1575,16.31,1,sell
7/20,3036,凱基-台北,9268,930,376,554,5.74,2,buy
7/20,3036,永豐金證券,0039004100300030,348,1372,-1024,10.6,2,sell
7/20,3036,美商高盛,1480,933,593,340,3.52,3,buy
7/20,3036,國泰證券,8880,2,358,-356,3.69,3,sell
7/20,3036,台灣摩根士丹利,1470,1507,1208,299,3.1,4,buy
7/20,3036,元大證券,9800,820,1014,-194,2.01,4,sell
7/20,3036,元大-雙和,9874,249,11,238,2.46,5,buy
7/20,3036,群益金鼎-台中,9184,0,80,-80,0.83,5,sell
7/20,3036,港商野村,1560,246,9,237,2.45,6,buy
7/20,3036,富邦證券,9600,72,131,-59,0.61,6,sell
7/20,3036,第一金,5380,230,0,230,2.38,7,buy
7/20,3036,台新,0039004200300030,20,76,-56,0.58,7,sell
7/20,3036,美林,1440,333,140,193,2.0,8,buy
7/20,3036,群益金鼎,9100,52,107,-55,0.57,8,sell
7/20,3036,港商麥格理,1360,200,22,178,1.84,9,buy
7/20,3036,凱基-城中,9227,0,52,-52,0.54,9,sell
7/20,3036,土銀,1030,123,4,119,1.23,10,buy
7/20,3036,(牛牛牛)亞-網路,6012,10,61,-51,0.53,10,sell
7/20,3036,台新-台北,0039004200320030,96,0,96,0.99,11,buy
7/20,3036,元大-屏東民生,0039003800310068,3,47,-44,0.46,11,sell
7/20,3036,富邦-公益,0039003600310046,100,13,87,0.9,12,buy
7/20,3036,國泰-台南,8884,5,39,-34,0.35,12,sell
7/20,3036,香港上海匯豐,8960,81,0,81,0.84,13,buy
7/20,3036,國泰-松江,8883,2,33,-31,0.32,13,sell
7/20,3036,元大-大里,0039003800310067,54,3,51,0.53,14,buy
7/20,3036,兆豐-嘉義,7001,0,23,-23,0.24,14,sell
7/20,3036,花旗環球,1590,233,195,38,0.39,15,buy
7/20,3036,群益金鼎-民權,9131,3,21,-18,0.19,15,sell
7/20,2301,美商高盛,1480,1596,409,1187,7.02,1,buy
7/20,2301,美林,1440,552,2148,-1596,9.43,1,sell
7/20,2301,元大證券,9800,2723,1912,811,4.79,2,buy
7/20,2301,香港上海匯豐,8960,11,1220,-1209,7.15,2,sell
7/20,2301,港商野村,1560,705,0,705,4.17,3,buy
7/20,2301,國票-敦北法人,0037003700390063,8,187,-179,1.06,3,sell
7/20,2301,花旗環球,1590,363,70,293,1.73,4,buy
7/20,2301,大和國泰,8890,0,157,-157,0.93,4,sell
7/20,2301,永豐金證券,0039004100300030,422,177,245,1.45,5,buy
7/20,2301,台灣摩根士丹利,1470,1092,1243,-151,0.89,5,sell
7/20,2301,凱基,9200,200,0,200,1.18,6,buy
7/20,2301,新加坡商瑞銀,1650,308,438,-130,0.77,6,sell
7/20,2301,宏遠證券,1260,620,484,136,0.8,7,buy
7/20,2301,統一-三重,003500380035004a,4,102,-98,0.58,7,sell
7/20,2301,華南永昌,9300,149,14,135,0.8,8,buy
7/20,2301,國泰證券,8880,11,88,-77,0.46,8,sell
7/20,2301,國票-安和,003700370039005a,92,4,88,0.52,9,buy
7/20,2301,新光-台中,8561,12,89,-77,0.46,9,sell
7/20,2301,凱基-信義,9216,70,1,69,0.41,10,buy
7/20,2301,玉山證券,8840,21,75,-54,0.32,10,sell
7/20,2301,港商麥格理,1360,67,6,61,0.36,11,buy
7/20,2301,統一,5850,61,111,-50,0.3,11,sell
7/20,2301,法銀巴黎,8900,74,16,58,0.34,12,buy
7/20,2301,富邦-台中,003900360035004b,8,52,-44,0.26,12,sell
7/20,2301,統一-敦南,5852,57,2,55,0.33,13,buy
7/20,2301,群益金鼎-台中,9184,24,61,-37,0.22,13,sell
7/20,2301,群益金鼎,9100,75,22,53,0.31,14,buy
7/20,2301,元大-大益,9814,6,39,-33,0.2,14,sell
7/20,2301,大昌-新店,6464,54,1,53,0.31,15,buy
7/20,2301,台新,0039004200300030,49,81,-32,0.19,15,sell
7/20,6176,元大證券,9800,626,222,404,11.16,1,buy
7/20,6176,兆豐證券,7000,9,250,-241,6.66,1,sell
7/20,6176,美林,1440,231,23,208,5.75,2,buy
7/20,6176,摩根大通,8440,145,358,-213,5.88,2,sell
7/20,6176,港商野村,1560,100,2,98,2.71,3,buy
7/20,6176,台灣摩根士丹利,1470,276,454,-178,4.92,3,sell
7/20,6176,元大-鳳山,003900380033005a,51,0,51,1.41,4,buy
7/20,6176,美商高盛,1480,313,477,-164,4.53,4,sell
7/20,6176,富邦-新竹,9647,49,0,49,1.35,5,buy
7/20,6176,新加坡商瑞銀,1650,106,244,-138,3.81,5,sell
7/20,6176,華南永昌-潮州,9328,32,0,32,0.88,6,buy
7/20,6176,永豐金-彰化,0039004100390073,0,107,-107,2.96,6,sell
7/20,6176,華南永昌-林口,9317,30,0,30,0.83,7,buy
7/20,6176,凱基-台北,9268,180,273,-93,2.57,7,sell
7/20,6176,華南永昌-民權,9312,22,0,22,0.61,8,buy
7/20,6176,華南永昌,9300,3,71,-68,1.88,8,sell
7/20,6176,富邦證券,9600,24,2,22,0.61,9,buy
7/20,6176,元大-大益,9814,1,52,-51,1.41,9,sell
7/20,6176,群益金鼎-中港,9138,21,0,21,0.58,10,buy
7/20,6176,群益金鼎,9100,2,24,-22,0.61,10,sell
7/20,6176,凱基-興隆,9289,21,0,21,0.58,11,buy
7/20,6176,美好-蘆洲,5261,0,20,-20,0.55,11,sell
7/20,6176,富邦-七賢,003900360031004b,21,1,20,0.55,12,buy
7/20,6176,國泰證券,8880,0,16,-16,0.44,12,sell
7/20,6176,兆豐-永和,0037003000300058,20,0,20,0.55,13,buy
7/20,6176,宏遠-館前,0031003200360055,0,15,-15,0.41,13,sell
7/20,6176,富邦-內湖,9627,20,0,20,0.55,14,buy
7/20,6176,花旗環球,1590,13,28,-15,0.41,14,sell
7/20,6176,兆豐-民生,0037003000300063,20,0,20,0.55,15,buy
7/20,6176,凱基-八德,003900320031004d,0,15,-15,0.41,15,sell
7/20,6147,新加坡商瑞銀,1650,2787,219,2568,8.08,1,buy
7/20,6147,凱基-台北,9268,3157,5091,-1934,6.09,1,sell
7/20,6147,台灣摩根士丹利,1470,2840,845,1995,6.28,2,buy
7/20,6147,永豐金證券,0039004100300030,332,1205,-873,2.75,2,sell
7/20,6147,美商高盛,1480,2249,400,1849,5.82,3,buy
7/20,6147,富邦證券,9600,2073,2909,-836,2.63,3,sell
7/20,6147,元大-松江,9801,1021,75,946,2.98,4,buy
7/20,6147,康和,8450,10,664,-654,2.06,4,sell
7/20,6147,美林,1440,786,98,688,2.17,5,buy
7/20,6147,台新-台北,0039004200320030,13,434,-421,1.33,5,sell
7/20,6147,元大證券,9800,3371,2992,379,1.19,6,buy
7/20,6147,元大-中和,0039003800390065,38,456,-418,1.32,6,sell
7/20,6147,港商野村,1560,375,50,325,1.02,7,buy
7/20,6147,群益金鼎,9100,315,731,-416,1.31,7,sell
7/20,6147,元大-土城永寧,9875,314,13,301,0.95,8,buy
7/20,6147,凱基,9200,102,512,-410,1.29,8,sell
7/20,6147,凱基-斗六,9281,301,1,300,0.94,9,buy
7/20,6147,富邦-永和,9654,80,482,-402,1.27,9,sell
7/20,6147,花旗環球,1590,147,0,147,0.46,10,buy
7/20,6147,台新-永和,0039004200320042,39,433,-394,1.24,10,sell
7/20,6147,台新-成功,003900420032006d,106,4,102,0.32,11,buy
7/20,6147,凱基-新店,0039003200300056,30,377,-347,1.09,11,sell
7/20,6147,富邦-台北,9623,99,29,70,0.22,12,buy
7/20,6147,國票-安和,003700370039005a,37,359,-322,1.01,12,sell
7/20,6147,凱基-站前,0039003200300046,108,41,67,0.21,13,buy
7/20,6147,臺銀,1040,8,304,-296,0.93,13,sell
7/20,6147,永豐金-板新,003900410039004a,102,40,62,0.2,14,buy
7/20,6147,統一,5850,145,420,-275,0.87,14,sell
7/20,6147,凱基-台南,9211,57,4,53,0.17,15,buy
7/20,6147,國泰證券,8880,3,203,-200,0.63,15,sell
7/20,1319,摩根大通,8440,964,196,768,20.67,1,buy
7/20,1319,國泰證券,8880,21,700,-679,18.28,1,sell
7/20,1319,凱基-台北,9268,315,150,165,4.44,2,buy
7/20,1319,凱基,9200,9,348,-339,9.13,2,sell
7/20,1319,華南永昌,9300,75,0,75,2.02,3,buy
7/20,1319,富邦證券,9600,21,319,-298,8.02,3,sell
7/20,1319,元大證券,9800,182,112,70,1.88,4,buy
7/20,1319,永豐金證券,0039004100300030,82,328,-246,6.62,4,sell
7/20,1319,華南永昌-鳳山,9331,64,0,64,1.72,5,buy
7/20,1319,大和國泰,8890,0,160,-160,4.31,5,sell
7/20,1319,合庫-三重,0031003000320047,69,10,59,1.59,6,buy
7/20,1319,新加坡商瑞銀,1650,66,171,-105,2.83,6,sell
7/20,1319,華南永昌-台南,9306,43,0,43,1.16,7,buy
7/20,1319,台新-三重,0039004200320033,9,109,-100,2.69,7,sell
7/20,1319,台新-府城,0039004200320039,42,0,42,1.13,8,buy
7/20,1319,美商高盛,1480,96,163,-67,1.8,8,sell
7/20,1319,台新-台南,0039004200310036,30,0,30,0.81,9,buy
7/20,1319,元大-木柵,003900380033004d,0,30,-30,0.81,9,sell
7/20,1319,國泰-敦南,8888,39,11,28,0.75,10,buy
7/20,1319,玉山-台中,0038003800340042,0,21,-21,0.57,10,sell
7/20,1319,新光,8560,27,2,25,0.67,11,buy
7/20,1319,元大-土城永寧,9875,0,19,-19,0.51,11,sell
7/20,1319,中國信託,6160,23,0,23,0.62,12,buy
7/20,1319,華南永昌-小港,9323,0,15,-15,0.4,12,sell
7/20,1319,美林,1440,28,6,22,0.59,13,buy
7/20,1319,富邦-建國,9658,14,25,-11,0.3,13,sell
7/20,1319,日茂,5960,19,0,19,0.51,14,buy
7/20,1319,台灣摩根士丹利,1470,332,342,-10,0.27,14,sell
7/20,1319,群益金鼎,9100,26,7,19,0.51,15,buy
7/20,1319,元大-竹南,0039003800330056,0,10,-10,0.27,15,sell
7/20,2006,凱基,9200,783,27,756,24.25,1,buy
7/20,2006,台灣摩根士丹利,1470,108,1000,-892,28.62,1,sell
7/20,2006,台新,0039004200300030,605,1,604,19.38,2,buy
7/20,2006,台灣企銀,1110,0,258,-258,8.28,2,sell
7/20,2006,元大證券,9800,163,84,79,2.53,3,buy
7/20,2006,凱基-台北,9268,110,271,-161,5.17,3,sell
7/20,2006,玉山證券,8840,60,1,59,1.89,4,buy
7/20,2006,摩根大通,8440,262,401,-139,4.46,4,sell
7/20,2006,美商高盛,1480,254,203,51,1.64,5,buy
7/20,2006,新加坡商瑞銀,1650,171,279,-108,3.46,5,sell
7/20,2006,國泰證券,8880,21,0,21,0.67,6,buy
7/20,2006,富邦-台中,003900360035004b,0,102,-102,3.27,6,sell
7/20,2006,台新-宜蘭,0039004200320055,21,0,21,0.67,7,buy
7/20,2006,合庫證券,1020,0,70,-70,2.25,7,sell
7/20,2006,美好-富順,003500320036004b,20,0,20,0.64,8,buy
7/20,2006,台新-花蓮,0039004200320079,0,10,-10,0.32,8,sell
7/20,2006,元大-員林中山,9835,20,0,20,0.64,9,buy
7/20,2006,土銀-建國,0031003000330041,0,9,-9,0.29,9,sell
7/20,2006,香港上海匯豐,8960,16,0,16,0.51,10,buy
7/20,2006,第一金-新興,0035003300380041,0,9,-9,0.29,10,sell
7/20,2006,元大-館前,003900380034004b,16,0,16,0.51,11,buy
7/20,2006,元大-大甲,0039003800390055,0,8,-8,0.26,11,sell
7/20,2006,花旗環球,1590,20,7,13,0.42,12,buy
7/20,2006,元大-莒光,003900380031004c,0,6,-6,0.19,12,sell
7/20,2006,富邦-南京,0039003600310043,13,0,13,0.42,13,buy
7/20,2006,富邦-內湖,9627,0,5,-5,0.16,13,sell
7/20,2006,統一,5850,25,13,12,0.38,14,buy
7/20,2006,元大-鳳山,003900380033005a,0,5,-5,0.16,14,sell
7/20,2006,國票-敦北法人,0037003700390063,9,0,9,0.29,15,buy
7/20,2006,元大-新盛,9869,0,4,-4,0.13,15,sell
7/20,9907,美商高盛,1480,758,275,483,9.75,1,buy
7/20,9907,群益金鼎,9100,106,1242,-1136,22.94,1,sell
7/20,9907,摩根大通,8440,1025,611,414,8.36,2,buy
7/20,9907,永豐金-匯立,0039004100380031,0,302,-302,6.1,2,sell
7/20,9907,凱基-台北,9268,310,92,218,4.4,3,buy
7/20,9907,台灣摩根士丹利,1470,197,313,-116,2.34,3,sell
7/20,9907,中國信託,6160,116,0,116,2.34,4,buy
7/20,9907,永豐金證券,0039004100300030,30,117,-87,1.76,4,sell
7/20,9907,新光,8560,113,3,110,2.22,5,buy
7/20,9907,中國信託-松江,6167,0,51,-51,1.03,5,sell
7/20,9907,國泰證券,8880,103,0,103,2.08,6,buy
7/20,9907,宏遠-桃園,1262,0,50,-50,1.01,6,sell
7/20,9907,華南永昌,9300,103,3,100,2.02,7,buy
7/20,9907,第一金-忠孝,0035003300380044,0,50,-50,1.01,7,sell
7/20,9907,元大證券,9800,229,159,70,1.41,8,buy
7/20,9907,元大-潮州,003900380031005a,0,50,-50,1.01,8,sell
7/20,9907,花旗環球,1590,63,0,63,1.27,9,buy
7/20,9907,永豐金-員林,0039004100390043,0,50,-50,1.01,9,sell
7/20,9907,元大-善化,0039003800310079,77,21,56,1.13,10,buy
7/20,9907,華南永昌-岡山,9324,1,44,-43,0.87,10,sell
7/20,9907,港商野村,1560,53,0,53,1.07,11,buy
7/20,9907,華南永昌-林口,9317,0,40,-40,0.81,11,sell
7/20,9907,華南永昌-麻豆,9308,50,0,50,1.01,12,buy
7/20,9907,元大-竹東,0039003800330066,0,33,-33,0.67,12,sell
7/20,9907,美林,1440,131,82,49,0.99,13,buy
7/20,9907,永豐金-高雄,0039004100390065,0,33,-33,0.67,13,sell
7/20,9907,凱基-台南,9211,45,2,43,0.87,14,buy
7/20,9907,元大-員林中山,9835,1,32,-31,0.63,14,sell
7/20,9907,元大-歸仁,0039003800310061,43,1,42,0.85,15,buy
7/20,9907,群益金鼎-台南,9185,0,28,-28,0.57,15,sell
7/20,6239,台灣摩根士丹利,1470,1975,966,1009,4.82,1,buy
7/20,6239,美商高盛,1480,1161,1643,-482,2.3,1,sell
7/20,6239,元大證券,9800,3150,2730,420,2.0,2,buy
7/20,6239,港商麥格理,1360,0,416,-416,1.99,2,sell
7/20,6239,元大-大雅,0039003800330069,330,37,293,1.4,3,buy
7/20,6239,凱基-城中,9227,107,502,-395,1.89,3,sell
7/20,6239,新加坡商瑞銀,1650,578,329,249,1.19,4,buy
7/20,6239,元大-蘆洲,9857,33,229,-196,0.94,4,sell
7/20,6239,凱基-台北,9268,1658,1438,220,1.05,5,buy
7/20,6239,中國信託,6160,43,237,-194,0.93,5,sell
7/20,6239,美林,1440,205,54,151,0.72,6,buy
7/20,6239,國泰證券,8880,51,227,-176,0.84,6,sell
7/20,6239,富邦證券,9600,332,225,107,0.51,7,buy
7/20,6239,元大-鳳山,003900380033005a,9,172,-163,0.78,7,sell
7/20,6239,摩根大通,8440,732,626,106,0.51,8,buy
7/20,6239,台中銀,6110,12,135,-123,0.59,8,sell
7/20,6239,永豐金證券,0039004100300030,237,138,99,0.47,9,buy
7/20,6239,台新-新店,0039004200320032,2,122,-120,0.57,9,sell
7/20,6239,台新-台北,0039004200320030,100,8,92,0.44,10,buy
7/20,6239,法銀巴黎,8900,12,118,-106,0.51,10,sell
7/20,6239,第一金-新竹,0035003300380042,163,79,84,0.4,11,buy
7/20,6239,元大-台北,0039003800300068,12,118,-106,0.51,11,sell
7/20,6239,花旗環球,1590,120,38,82,0.39,12,buy
7/20,6239,統一-土城,0035003800350059,3,76,-73,0.35,12,sell
7/20,6239,港商野村,1560,120,43,77,0.37,13,buy
7/20,6239,玉山-景美,8849,9,67,-58,0.28,13,sell
7/20,6239,玉山-台南,8847,153,84,69,0.33,14,buy
7/20,6239,永豐金-桃園,0039004100390078,33,87,-54,0.26,14,sell
7/20,6239,凱基,9200,87,19,68,0.32,15,buy
7/20,6239,第一金-忠孝,0035003300380044,13,64,-51,0.24,15,sell
7/20,2385,港商野村,1560,1520,57,1463,25.12,1,buy
7/20,2385,兆豐證券,7000,0,801,-801,13.76,1,sell
7/20,2385,凱基-台北,9268,466,108,358,6.15,2,buy
7/20,2385,元大證券,9800,770,1488,-718,12.33,2,sell
7/20,2385,新加坡商瑞銀,1650,497,282,215,3.69,3,buy
7/20,2385,台灣企銀,1110,0,546,-546,9.38,3,sell
7/20,2385,永豐金證券,0039004100300030,127,4,123,2.11,4,buy
7/20,2385,台灣摩根士丹利,1470,375,613,-238,4.09,4,sell
7/20,2385,花旗環球,1590,108,15,93,1.6,5,buy
7/20,2385,美林,1440,31,153,-122,2.1,5,sell
7/20,2385,國票-敦北法人,0037003700390063,50,0,50,0.86,6,buy
7/20,2385,摩根大通,8440,332,378,-46,0.79,6,sell
7/20,2385,臺銀-高雄,0031003000340043,45,0,45,0.77,7,buy
7/20,2385,美商高盛,1480,86,128,-42,0.72,7,sell
7/20,2385,中國信託,6160,24,0,24,0.41,8,buy
7/20,2385,元大-大益,9814,0,23,-23,0.39,8,sell
7/20,2385,群益金鼎-高盛,9105,20,0,20,0.34,9,buy
7/20,2385,康和-台中,8455,40,60,-20,0.34,9,sell
7/20,2385,富邦-台北,9623,23,7,16,0.27,10,buy
7/20,2385,富邦-員林,9672,0,20,-20,0.34,10,sell
7/20,2385,玉山-台中,0038003800340042,16,0,16,0.27,11,buy
7/20,2385,永豐金-桃盛,003900410039004e,0,15,-15,0.26,11,sell
7/20,2385,新光,8560,33,21,12,0.21,12,buy
7/20,2385,元大-豐原,9838,0,15,-15,0.26,12,sell
7/20,2385,統一,5850,13,1,12,0.21,13,buy
7/20,2385,臺銀-臺中,0031003000340041,1,14,-13,0.22,13,sell
7/20,2385,群益金鼎-古亭,0039003100380043,10,0,10,0.17,14,buy
7/20,2385,華南永昌-淡水,9316,0,12,-12,0.21,14,sell
7/20,2385,凱基,9200,10,0,10,0.17,15,buy
7/20,2385,富邦-仁愛,9676,3,15,-12,0.21,15,sell
7/20,2327,新加坡商瑞銀,1650,3747,904,2843,8.76,1,buy
7/20,2327,統一,5850,537,2028,-1491,4.6,1,sell
7/20,2327,摩根大通,8440,1805,319,1486,4.58,2,buy
7/20,2327,港商麥格理,1360,27,1334,-1307,4.03,2,sell
7/20,2327,國票-敦北法人,0037003700390063,526,8,518,1.6,3,buy
7/20,2327,凱基-台北,9268,1172,1688,-516,1.59,3,sell
7/20,2327,美林,1440,593,125,468,1.44,4,buy
7/20,2327,凱基,9200,129,415,-286,0.88,4,sell
7/20,2327,土銀,1030,348,1,347,1.07,5,buy
7/20,2327,永豐金-信義,0039004100390052,5,271,-266,0.82,5,sell
7/20,2327,玉山證券,8840,442,106,336,1.04,6,buy
7/20,2327,元大證券,9800,2417,2680,-263,0.81,6,sell
7/20,2327,花旗環球,1590,309,7,302,0.93,7,buy
7/20,2327,群益金鼎-大安,0039003100380065,5,256,-251,0.77,7,sell
7/20,2327,美商高盛,1480,1983,1832,151,0.47,8,buy
7/20,2327,群益金鼎,9100,70,315,-245,0.76,8,sell
7/20,2327,華南永昌-南京,9326,133,25,108,0.33,9,buy
7/20,2327,國泰證券,8880,365,597,-232,0.72,9,sell
7/20,2327,台灣摩根士丹利,1470,870,783,87,0.27,10,buy
7/20,2327,永豐金-萬盛,0039004100390032,11,191,-180,0.55,10,sell
7/20,2327,凱基-市政,9239,351,276,75,0.23,11,buy
7/20,2327,國泰-敦南,8888,631,810,-179,0.55,11,sell
7/20,2327,港商野村,1560,143,70,73,0.22,12,buy
7/20,2327,華南永昌-板橋,9349,19,136,-117,0.36,12,sell
7/20,2327,法銀巴黎,8900,79,9,70,0.22,13,buy
7/20,2327,國票-安和,003700370039005a,7,120,-113,0.35,13,sell
7/20,2327,凱基-站前,0039003200300046,94,32,62,0.19,14,buy
7/20,2327,宏遠證券,1260,14,122,-108,0.33,14,sell
7/20,2327,永豐金證券,0039004100300030,376,317,59,0.18,15,buy
7/20,2327,新光-台中,8561,41,144,-103,0.32,15,sell
7/20,2449,凱基-台北,9268,2839,1390,1449,4.8,1,buy
7/20,2449,永豐金-匯立,0039004100380031,19,3047,-3028,10.03,1,sell
7/20,2449,統一,5850,1606,355,1251,4.14,2,buy
7/20,2449,台灣摩根士丹利,1470,1642,3348,-1706,5.65,2,sell
7/20,2449,港商野村,1560,695,213,482,1.6,3,buy
7/20,2449,新加坡商瑞銀,1650,1722,2699,-977,3.24,3,sell
7/20,2449,元大證券,9800,3170,2790,380,1.26,4,buy
7/20,2449,美林,1440,604,1264,-660,2.19,4,sell
7/20,2449,永豐金證券,0039004100300030,466,184,282,0.93,5,buy
7/20,2449,美商高盛,1480,864,1474,-610,2.02,5,sell
7/20,2449,港商麥格理,1360,276,46,230,0.76,6,buy
7/20,2449,台新-台北,0039004200320030,142,391,-249,0.82,6,sell
7/20,2449,國泰證券,8880,256,53,203,0.67,7,buy
7/20,2449,中國信託,6160,99,325,-226,0.75,7,sell
7/20,2449,元大-豐原站前,0039003800390057,198,18,180,0.6,8,buy
7/20,2449,凱基,9200,110,326,-216,0.72,8,sell
7/20,2449,元大-民生三民,0039003800390058,106,0,106,0.35,9,buy
7/20,2449,元大-蘆洲,9857,34,230,-196,0.65,9,sell
7/20,2449,合庫-高雄,1023,114,10,104,0.34,10,buy
7/20,2449,新光-桃園,8565,30,160,-130,0.43,10,sell
7/20,2449,國泰-板橋,003800380038004b,162,59,103,0.34,11,buy
7/20,2449,香港上海匯豐,8960,0,126,-126,0.42,11,sell
7/20,2449,國泰-敦南,8888,653,553,100,0.33,12,buy
7/20,2449,法銀巴黎,8900,71,190,-119,0.39,12,sell
7/20,2449,大和國泰,8890,84,0,84,0.28,13,buy
7/20,2449,富邦證券,9600,170,285,-115,0.38,13,sell
7/20,2449,大昌-新店,6464,78,7,71,0.24,14,buy
7/20,2449,花旗環球,1590,249,343,-94,0.31,14,sell
7/20,2449,凱基-市府,0039003200300044,79,11,68,0.23,15,buy
7/20,2449,永豐金-嘉義,003900410039006a,13,103,-90,0.3,15,sell
7/20,2368,美商高盛,1480,919,205,714,12.15,1,buy
7/20,2368,永豐金證券,0039004100300030,72,771,-699,11.9,1,sell
7/20,2368,美林,1440,352,87,265,4.51,2,buy
7/20,2368,新加坡商瑞銀,1650,146,345,-199,3.39,2,sell
7/20,2368,富邦證券,9600,140,22,118,2.01,3,buy
7/20,2368,摩根大通,8440,243,409,-166,2.83,3,sell
7/20,2368,台灣摩根士丹利,1470,489,373,116,1.97,4,buy
7/20,2368,國泰證券,8880,32,158,-126,2.14,4,sell
7/20,2368,凱基,9200,115,13,102,1.74,5,buy
7/20,2368,康和,8450,0,100,-100,1.7,5,sell
7/20,2368,福邦證券,6480,77,0,77,1.31,6,buy
7/20,2368,統一-平鎮,0035003800350067,0,50,-50,0.85,6,sell
7/20,2368,凱基-台北,9268,520,449,71,1.21,7,buy
7/20,2368,富邦-桃園,9665,0,39,-39,0.66,7,sell
7/20,2368,大和國泰,8890,66,0,66,1.12,8,buy
7/20,2368,宏遠證券,1260,10,46,-36,0.61,8,sell
7/20,2368,臺銀,1040,50,5,45,0.77,9,buy
7/20,2368,台新-敦南,0039004200320051,3,33,-30,0.51,9,sell
7/20,2368,第一金,5380,46,2,44,0.75,10,buy
7/20,2368,群益金鼎-民權,9131,21,48,-27,0.46,10,sell
7/20,2368,元大證券,9800,750,707,43,0.73,11,buy
7/20,2368,元大-忠孝,9871,2,24,-22,0.37,11,sell
7/20,2368,永豐金-匯立,0039004100380031,60,18,42,0.71,12,buy
7/20,2368,元大-萬華,0039003800310071,2,24,-22,0.37,12,sell
7/20,2368,富邦-建國,9658,79,37,42,0.71,13,buy
7/20,2368,元大-南京,9862,3,24,-21,0.36,13,sell
7/20,2368,花旗環球,1590,82,42,40,0.68,14,buy
7/20,2368,北城證券,7750,0,21,-21,0.36,14,sell
7/20,2368,國票-敦北法人,0037003700390063,55,20,35,0.6,15,buy
7/20,2368,土銀,1030,11,31,-20,0.34,15,sell
7/20,3005,元大證券,9800,501,398,103,2.78,1,buy
7/20,3005,台灣摩根士丹利,1470,224,469,-245,6.62,1,sell
7/20,3005,新光,8560,74,19,55,1.49,2,buy
7/20,3005,凱基-台北,9268,141,325,-184,4.97,2,sell
7/20,3005,港商野村,1560,51,0,51,1.38,3,buy
7/20,3005,華南永昌,9300,35,137,-102,2.76,3,sell
7/20,3005,新加坡商瑞銀,1650,191,141,50,1.35,4,buy
7/20,3005,富邦-樹林,0039003600320045,0,60,-60,1.62,4,sell
7/20,3005,凱基,9200,50,0,50,1.35,5,buy
7/20,3005,永豐金-匯立,0039004100380031,0,58,-58,1.57,5,sell
7/20,3005,國泰-台中,8882,45,4,41,1.11,6,buy
7/20,3005,國泰-板橋,003800380038004b,8,64,-56,1.51,6,sell
7/20,3005,統一-員林,0035003800350049,38,0,38,1.03,7,buy
7/20,3005,摩根大通,8440,81,127,-46,1.24,7,sell
7/20,3005,富邦證券,9600,59,29,30,0.81,8,buy
7/20,3005,永豐金證券,0039004100300030,65,105,-40,1.08,8,sell
7/20,3005,合庫-鳳山,1029,23,0,23,0.62,9,buy
7/20,3005,元大-復北,9872,2,41,-39,1.05,9,sell
7/20,3005,永豐金-高雄,0039004100390065,22,0,22,0.59,10,buy
7/20,3005,台新,0039004200300030,27,59,-32,0.86,10,sell
7/20,3005,玉山-左營,0038003800340044,27,5,22,0.59,11,buy
7/20,3005,永豐金-內湖,0039004100390067,0,21,-21,0.57,11,sell
7/20,3005,富邦-仁愛,9676,20,0,20,0.54,12,buy
7/20,3005,(牛牛牛)亞-鑫豐,0036003000310064,10,26,-16,0.43,12,sell
7/20,3005,國票證券,7790,22,2,20,0.54,13,buy
7/20,3005,元大-員林,9889,0,15,-15,0.41,13,sell
7/20,3005,群益金鼎-新店,0039003100380046,20,0,20,0.54,14,buy
7/20,3005,凱基-林口,9257,0,15,-15,0.41,14,sell
7/20,3005,花旗環球,1590,24,5,19,0.51,15,buy
7/20,3005,元大-三民,0039003800390046,5,20,-15,0.41,15,sell
7/20,3044,凱基-台北,9268,400,124,276,9.63,1,buy
7/20,3044,台灣摩根士丹利,1470,61,773,-712,24.85,1,sell
7/20,3044,新加坡商瑞銀,1650,375,141,234,8.17,2,buy
7/20,3044,美林,1440,60,166,-106,3.7,2,sell
7/20,3044,元大證券,9800,406,288,118,4.12,3,buy
7/20,3044,華南永昌,9300,10,77,-67,2.34,3,sell
7/20,3044,國泰證券,8880,90,0,90,3.14,4,buy
7/20,3044,富邦證券,9600,9,29,-20,0.7,4,sell
7/20,3044,花旗環球,1590,82,20,62,2.16,5,buy
7/20,3044,元大-大雅,0039003800330069,0,17,-17,0.59,5,sell
7/20,3044,統一-中壢,5853,50,0,50,1.75,6,buy
7/20,3044,國泰-敦南,8888,18,32,-14,0.49,6,sell
7/20,3044,永豐金證券,0039004100300030,114,65,49,1.71,7,buy
7/20,3044,港商野村,1560,0,12,-12,0.42,7,sell
7/20,3044,永豐金-匯立,0039004100380031,49,1,48,1.68,8,buy
7/20,3044,華南永昌-高雄,9303,0,12,-12,0.42,8,sell
7/20,3044,美商高盛,1480,250,208,42,1.47,9,buy
7/20,3044,元大-屏東,9892,0,9,-9,0.31,9,sell
7/20,3044,摩根大通,8440,231,195,36,1.26,10,buy
7/20,3044,(牛牛牛)亞-鑫豐,0036003000310064,1,10,-9,0.31,10,sell
7/20,3044,台新,0039004200300030,53,22,31,1.08,11,buy
7/20,3044,永豐金-桃園,0039004100390078,21,30,-9,0.31,11,sell
7/20,3044,中國信託,6160,32,3,29,1.01,12,buy
7/20,3044,富邦-七賢,003900360031004b,0,8,-8,0.28,12,sell
7/20,3044,統一-土城,0035003800350059,19,0,19,0.66,13,buy
7/20,3044,國票-新莊,0037003700390047,0,7,-7,0.24,13,sell
7/20,3044,台新-松江,0039004200310035,17,0,17,0.59,14,buy
7/20,3044,凱基-頭份,9296,0,7,-7,0.24,14,sell
7/20,3044,凱基,9200,9,0,9,0.31,15,buy
7/20,3044,群益金鼎-中山,0039003100380048,0,7,-7,0.24,15,sell
