date,stock_code,broker_name,broker_id,buy_vol,sell_vol,net_vol,pct,rank,side
7/17,2330,國泰-敦南,8888,2363,433,1930,2.01,1,buy
7/17,2330,摩根大通,8440,1792,11450,-9658,10.08,1,sell
7/17,2330,花旗環球,1590,3533,2139,1394,1.45,2,buy
7/17,2330,美林,1440,894,7508,-6614,6.9,2,sell
7/17,2330,永豐金證券,0039004100300030,3209,2335,874,0.91,3,buy
7/17,2330,富邦證券,9600,1450,7941,-6491,6.77,3,sell
7/17,2330,新光,8560,827,225,602,0.63,4,buy
7/17,2330,美商高盛,1480,572,6786,-6214,6.48,4,sell
7/17,2330,台新,0039004200300030,646,116,530,0.55,5,buy
7/17,2330,台灣摩根士丹利,1470,302,6034,-5732,5.98,5,sell
7/17,2330,富邦-新店,9661,555,35,520,0.54,6,buy
7/17,2330,新加坡商瑞銀,1650,1162,4935,-3773,3.94,6,sell
7/17,2330,國泰-台中,8882,578,78,500,0.52,7,buy
7/17,2330,國泰證券,8880,461,2843,-2382,2.49,7,sell
7/17,2330,玉山證券,8840,522,30,492,0.51,8,buy
7/17,2330,凱基-台北,9268,1427,3759,-2332,2.43,8,sell
7/17,2330,兆豐-南京,0037003000300050,473,8,465,0.49,9,buy
7/17,2330,元大證券,9800,10077,11710,-1633,1.7,9,sell
7/17,2330,富邦-仁愛,9676,531,89,442,0.46,10,buy
7/17,2330,港商野村,1560,318,1905,-1587,1.66,10,sell
7/17,2330,國泰-板橋,003800380038004b,534,104,430,0.45,11,buy
7/17,2330,富邦-建國,9658,296,1279,-983,1.03,11,sell
7/17,2330,統一,5850,1480,1059,421,0.44,12,buy
7/17,2330,香港上海匯豐,8960,312,961,-649,0.68,12,sell
7/17,2330,國泰-館前,0038003800380041,508,142,366,0.38,13,buy
7/17,2330,永豐金-匯立,0039004100380031,285,861,-576,0.6,13,sell
7/17,2330,宏遠證券,1260,353,39,314,0.33,14,buy
7/17,2330,永豐金-中正,0039004100390055,120,626,-506,0.53,14,sell
7/17,2330,凱基-三多,9275,298,3,295,0.31,15,buy
7/17,2330,元大-中和,0039003800390065,51,405,-354,0.37,15,sell
7/17,2317,台灣摩根士丹利,1470,14238,2310,11928,17.29,1,buy
7/17,2317,凱基-台北,9268,1501,12120,-10619,15.39,1,sell
7/17,2317,花旗環球,1590,3397,326,3071,4.45,2,buy
7/17,2317,美商高盛,1480,1081,7885,-6804,9.86,2,sell
7/17,2317,元大證券,9800,5966,4962,1004,1.45,3,buy
7/17,2317,摩根大通,8440,5317,8366,-3049,4.42,3,sell
7/17,2317,新加坡商瑞銀,1650,2034,1085,949,1.38,4,buy
7/17,2317,永豐金證券,0039004100300030,1197,2811,-1614,2.34,4,sell
7/17,2317,凱基,9200,973,29,944,1.37,5,buy
7/17,2317,台新-台北,0039004200320030,24,921,-897,1.3,5,sell
7/17,2317,富邦證券,9600,976,185,791,1.15,6,buy
7/17,2317,永豐金-匯立,0039004100380031,45,703,-658,0.95,6,sell
7/17,2317,美林,1440,4226,3600,626,0.91,7,buy
7/17,2317,國泰證券,8880,91,643,-552,0.8,7,sell
7/17,2317,華南永昌,9300,693,91,602,0.87,8,buy
7/17,2317,群益金鼎,9100,309,553,-244,0.35,8,sell
7/17,2317,群益金鼎-大安,0039003100380065,587,16,571,0.83,9,buy
7/17,2317,凱基-新店,0039003200300056,5,200,-195,0.28,9,sell
7/17,2317,港商野村,1560,394,53,341,0.49,10,buy
7/17,2317,兆豐證券,7000,173,330,-157,0.23,10,sell
7/17,2317,宏遠證券,1260,313,2,311,0.45,11,buy
7/17,2317,法銀巴黎,8900,185,341,-156,0.23,11,sell
7/17,2317,臺銀,1040,251,28,223,0.32,12,buy
7/17,2317,凱基-松山,9217,18,156,-138,0.2,12,sell
7/17,2317,玉山-嘉義,8848,232,14,218,0.32,13,buy
7/17,2317,元大-大統,003900380031007a,97,230,-133,0.19,13,sell
7/17,2317,富邦-陽明,9604,296,88,208,0.3,14,buy
7/17,2317,統一-新竹,5857,23,155,-132,0.19,14,sell
7/17,2317,國泰-敦南,8888,692,526,166,0.24,15,buy
7/17,2317,玉山證券,8840,213,338,-125,0.18,15,sell
7/17,2454,花旗環球,1590,828,79,749,6.83,1,buy
7/17,2454,富邦證券,9600,69,652,-583,5.32,1,sell
7/17,2454,凱基-台北,9268,536,287,249,2.27,2,buy
7/17,2454,台灣摩根士丹利,1470,621,1011,-390,3.56,2,sell
7/17,2454,美商高盛,1480,650,420,230,2.1,3,buy
7/17,2454,統一-內湖,0035003800350062,15,293,-278,2.54,3,sell
7/17,2454,國泰-敦南,8888,175,94,81,0.74,4,buy
7/17,2454,港商野村,1560,82,355,-273,2.49,4,sell
7/17,2454,中國信託-永康,6163,51,2,49,0.45,5,buy
7/17,2454,統一,5850,34,261,-227,2.07,5,sell
7/17,2454,玉山-城中,0038003800340045,51,3,48,0.44,6,buy
7/17,2454,美林,1440,354,566,-212,1.93,6,sell
7/17,2454,台新-高雄,0039004200310067,52,13,39,0.36,7,buy
7/17,2454,大和國泰,8890,0,201,-201,1.83,7,sell
7/17,2454,富邦-中壢,9636,46,8,38,0.35,8,buy
7/17,2454,永豐金證券,0039004100300030,218,373,-155,1.41,8,sell
7/17,2454,新加坡商瑞銀,1650,708,672,36,0.33,9,buy
7/17,2454,凱基,9200,86,239,-153,1.4,9,sell
7/17,2454,國票-長城,0037003700390075,29,1,28,0.26,10,buy
7/17,2454,華南永昌,9300,9,86,-77,0.7,10,sell
7/17,2454,統一-永和,0035003800350042,25,1,24,0.22,11,buy
7/17,2454,國泰證券,8880,10,71,-61,0.56,11,sell
7/17,2454,摩根大通,8440,636,612,24,0.22,12,buy
7/17,2454,國票證券,7790,3,57,-54,0.49,12,sell
7/17,2454,國泰-松江,8883,32,9,23,0.21,13,buy
7/17,2454,元大-台北,0039003800300068,13,59,-46,0.42,13,sell
7/17,2454,國泰-板橋,003800380038004b,90,70,20,0.18,14,buy
7/17,2454,永豐金-復興,003900410039005a,1,47,-46,0.42,14,sell
7/17,2454,富邦-新竹,9647,30,10,20,0.18,15,buy
7/17,2454,永豐金-台南,0039004100390068,6,48,-42,0.38,15,sell
7/17,2308,美商高盛,1480,1129,737,392,2.75,1,buy
7/17,2308,美林,1440,326,2100,-1774,12.45,1,sell
7/17,2308,富邦證券,9600,236,36,200,1.4,2,buy
7/17,2308,摩根大通,8440,369,1808,-1439,10.1,2,sell
7/17,2308,永豐金證券,0039004100300030,286,103,183,1.28,3,buy
7/17,2308,台灣摩根士丹利,1470,509,1936,-1427,10.01,3,sell
7/17,2308,國泰-敦南,8888,271,106,165,1.16,4,buy
7/17,2308,永豐金-匯立,0039004100380031,388,1120,-732,5.14,4,sell
7/17,2308,臺銀,1040,149,5,144,1.01,5,buy
7/17,2308,凱基-台北,9268,550,707,-157,1.1,5,sell
7/17,2308,群益金鼎,9100,213,91,122,0.86,6,buy
7/17,2308,港商麥格理,1360,10,124,-114,0.8,6,sell
7/17,2308,凱基,9200,206,95,111,0.78,7,buy
7/17,2308,統一-內湖,0035003800350062,6,79,-73,0.51,7,sell
7/17,2308,土銀,1030,113,4,109,0.76,8,buy
7/17,2308,第一金-中山,5389,3,68,-65,0.46,8,sell
7/17,2308,新加坡商瑞銀,1650,886,793,93,0.65,9,buy
7/17,2308,國泰證券,8880,12,74,-62,0.44,9,sell
7/17,2308,宏遠證券,1260,76,8,68,0.48,10,buy
7/17,2308,統一,5850,61,115,-54,0.38,10,sell
7/17,2308,富邦-仁愛,9676,77,12,65,0.46,11,buy
7/17,2308,元大-豐原站前,0039003800390057,5,57,-52,0.36,11,sell
7/17,2308,國泰-館前,0038003800380041,89,31,58,0.41,12,buy
7/17,2308,大和國泰,8890,0,33,-33,0.23,12,sell
7/17,2308,中國信託-永康,6163,55,4,51,0.36,13,buy
7/17,2308,凱基-松山,9217,8,41,-33,0.23,13,sell
7/17,2308,國泰-板橋,003800380038004b,75,26,49,0.34,14,buy
7/17,2308,富邦-內湖,9627,28,59,-31,0.22,14,sell
7/17,2308,國泰-台中,8882,69,28,41,0.29,15,buy
7/17,2308,元大證券,9800,1081,1107,-26,0.18,15,sell
7/17,2382,摩根大通,8440,3407,505,2902,8.67,1,buy
7/17,2382,富邦證券,9600,406,7143,-6737,20.13,1,sell
7/17,2382,台灣摩根士丹利,1470,3436,1107,2329,6.96,2,buy
7/17,2382,元大證券,9800,2581,7172,-4591,13.71,2,sell
7/17,2382,凱基-士林,9238,1714,19,1695,5.06,3,buy
7/17,2382,土銀,1030,20,2211,-2191,6.55,3,sell
7/17,2382,港商野村,1560,1206,460,746,2.23,4,buy
7/17,2382,美商高盛,1480,408,1733,-1325,3.96,4,sell
7/17,2382,香港上海匯豐,8960,623,0,623,1.86,5,buy
7/17,2382,國泰證券,8880,12,419,-407,1.22,5,sell
7/17,2382,凱基-台北,9268,2294,1679,615,1.84,6,buy
7/17,2382,台新,0039004200300030,346,655,-309,0.92,6,sell
7/17,2382,美林,1440,571,27,544,1.63,7,buy
7/17,2382,永豐金證券,0039004100300030,644,825,-181,0.54,7,sell
7/17,2382,港商麥格理,1360,622,375,247,0.74,8,buy
7/17,2382,華南永昌,9300,38,204,-166,0.5,8,sell
7/17,2382,第一金-台南,5384,214,2,212,0.63,9,buy
7/17,2382,法銀巴黎,8900,53,214,-161,0.48,9,sell
7/17,2382,福邦證券,6480,203,0,203,0.61,10,buy
7/17,2382,群益金鼎,9100,984,1082,-98,0.29,10,sell
7/17,2382,臺銀,1040,184,8,176,0.53,11,buy
7/17,2382,華南永昌-中正,9359,8,99,-91,0.27,11,sell
7/17,2382,花旗環球,1590,376,212,164,0.49,12,buy
7/17,2382,國票-北高雄,003700370039004a,7,85,-78,0.23,12,sell
7/17,2382,中國信託-永康,6163,211,52,159,0.47,13,buy
7/17,2382,第一金,5380,11,81,-70,0.21,13,sell
7/17,2382,國泰-敦南,8888,328,178,150,0.45,14,buy
7/17,2382,群益金鼎-中壢,0039003100380041,18,84,-66,0.2,14,sell
7/17,2382,兆豐證券,7000,154,13,141,0.42,15,buy
7/17,2382,台新-潮州,0039004200320043,11,62,-51,0.15,15,sell
7/17,2891,港商麥格理,1360,11438,507,10931,12.71,1,buy
7/17,2891,富邦證券,9600,209,11308,-11099,12.91,1,sell
7/17,2891,港商野村,1560,6440,5,6435,7.48,2,buy
7/17,2891,合庫證券,1020,45,10409,-10364,12.05,2,sell
7/17,2891,元大證券,9800,12311,6628,5683,6.61,3,buy
7/17,2891,國泰證券,8880,36,3156,-3120,3.63,3,sell
7/17,2891,新加坡商瑞銀,1650,5708,2528,3180,3.7,4,buy
7/17,2891,元大-中和,0039003800390065,2,2718,-2716,3.16,4,sell
7/17,2891,凱基-台北,9268,4762,2959,1803,2.1,5,buy
7/17,2891,台灣摩根士丹利,1470,4727,7195,-2468,2.87,5,sell
7/17,2891,美商高盛,1480,5173,3837,1336,1.55,6,buy
7/17,2891,永豐金證券,0039004100300030,3645,5982,-2337,2.72,6,sell
7/17,2891,國泰-板橋,003800380038004b,618,75,543,0.63,7,buy
7/17,2891,美林,1440,2259,4156,-1897,2.21,7,sell
7/17,2891,中國信託,6160,710,233,477,0.55,8,buy
7/17,2891,富邦-新店,9661,72,1543,-1471,1.71,8,sell
7/17,2891,群益金鼎,9100,1374,943,431,0.5,9,buy
7/17,2891,摩根大通,8440,11083,11728,-645,0.75,9,sell
7/17,2891,中國信託-永康,6163,440,29,411,0.48,10,buy
7/17,2891,統一-內湖,0035003800350062,5,604,-599,0.7,10,sell
7/17,2891,法銀巴黎,8900,422,117,305,0.35,11,buy
7/17,2891,凱基,9200,263,535,-272,0.32,11,sell
7/17,2891,台新-嘉義,0039004200320049,247,2,245,0.28,12,buy
7/17,2891,國票-南港,7795,0,200,-200,0.23,12,sell
7/17,2891,國泰-敦南,8888,470,231,239,0.28,13,buy
7/17,2891,花旗環球,1590,417,586,-169,0.2,13,sell
7/17,2891,富邦-羅東,9634,153,1,152,0.18,14,buy
7/17,2891,凱基-長庚,9233,15,151,-136,0.16,14,sell
7/17,2891,玉山證券,8840,153,10,143,0.17,15,buy
7/17,2891,永豐金-敦南,0039004100380046,31,159,-128,0.15,15,sell
7/17,2881,美商高盛,1480,7211,4503,2708,8.11,1,buy
7/17,2881,合庫證券,1020,2,3971,-3969,11.89,1,sell
7/17,2881,摩根大通,8440,3547,1014,2533,7.59,2,buy
7/17,2881,花旗環球,1590,158,3966,-3808,11.41,2,sell
7/17,2881,新加坡商瑞銀,1650,3616,1535,2081,6.23,3,buy
7/17,2881,台灣摩根士丹利,1470,794,1736,-942,2.82,3,sell
7/17,2881,港商麥格理,1360,1942,0,1942,5.82,4,buy
7/17,2881,永豐金-台南,0039004100390068,4,806,-802,2.4,4,sell
7/17,2881,富邦證券,9600,2206,286,1920,5.75,5,buy
7/17,2881,玉山證券,8840,1,676,-675,2.02,5,sell
7/17,2881,美林,1440,1293,148,1145,3.43,6,buy
7/17,2881,永豐金-匯立,0039004100380031,18,531,-513,1.54,6,sell
7/17,2881,凱基-台北,9268,2230,1438,792,2.37,7,buy
7/17,2881,臺銀,1040,7,502,-495,1.48,7,sell
7/17,2881,港商野村,1560,683,0,683,2.05,8,buy
7/17,2881,新光-台中,8561,3,204,-201,0.6,8,sell
7/17,2881,永豐金證券,0039004100300030,566,67,499,1.49,9,buy
7/17,2881,元大-竹山,0039003800310052,7,173,-166,0.5,9,sell
7/17,2881,凱基,9200,483,20,463,1.39,10,buy
7/17,2881,華南永昌,9300,1,162,-161,0.48,10,sell
7/17,2881,永豐金-新莊,0039004100390048,261,1,260,0.78,11,buy
7/17,2881,元大-屏東,9892,0,158,-158,0.47,11,sell
7/17,2881,元大證券,9800,3162,2915,247,0.74,12,buy
7/17,2881,兆豐-城中,0037003000300057,782,937,-155,0.46,12,sell
7/17,2881,群益金鼎,9100,221,60,161,0.48,13,buy
7/17,2881,兆豐-三重,7008,751,900,-149,0.45,13,sell
7/17,2881,國泰證券,8880,134,7,127,0.38,14,buy
7/17,2881,國泰-高雄,8881,52,201,-149,0.45,14,sell
7/17,2881,富邦-建國,9658,177,58,119,0.36,15,buy
7/17,2881,國票-敦北法人,0037003700390063,0,125,-125,0.37,15,sell
7/17,2882,摩根大通,8440,8076,1029,7047,24.76,1,buy
7/17,2882,合庫證券,1020,14,4182,-4168,14.64,1,sell
7/17,2882,花旗環球,1590,1824,82,1742,6.12,2,buy
7/17,2882,富邦證券,9600,64,4208,-4144,14.56,2,sell
7/17,2882,元大證券,9800,2893,1799,1094,3.84,3,buy
7/17,2882,台灣摩根士丹利,1470,1545,4417,-2872,10.09,3,sell
7/17,2882,永豐金證券,0039004100300030,1018,263,755,2.65,4,buy
7/17,2882,台新,0039004200300030,72,1081,-1009,3.54,4,sell
7/17,2882,港商野村,1560,662,14,648,2.28,5,buy
7/17,2882,元大-館前,003900380034004b,2,1001,-999,3.51,5,sell
7/17,2882,美林,1440,804,261,543,1.91,6,buy
7/17,2882,凱基,9200,546,900,-354,1.24,6,sell
7/17,2882,美商高盛,1480,1805,1312,493,1.73,7,buy
7/17,2882,凱基-台北,9268,730,1014,-284,1.0,7,sell
7/17,2882,統一,5850,413,53,360,1.26,8,buy
7/17,2882,台新-屏新,0039004200320071,1,239,-238,0.84,8,sell
7/17,2882,元大-員林中山,9835,347,36,311,1.09,9,buy
7/17,2882,永豐金-匯立,0039004100380031,7,210,-203,0.71,9,sell
7/17,2882,新加坡商瑞銀,1650,1508,1284,224,0.79,10,buy
7/17,2882,國泰-敦南,8888,167,264,-97,0.34,10,sell
7/17,2882,宏遠證券,1260,202,0,202,0.71,11,buy
7/17,2882,凱基-台中,9204,4,88,-84,0.3,11,sell
7/17,2882,兆豐證券,7000,199,6,193,0.68,12,buy
7/17,2882,國泰-台中,8882,59,141,-82,0.29,12,sell
7/17,2882,群益金鼎,9100,257,114,143,0.5,13,buy
7/17,2882,兆豐-新竹,0037003000300056,3,63,-60,0.21,13,sell
7/17,2882,玉山-大里,003800380034004a,101,0,101,0.35,14,buy
7/17,2882,元大-員林,9889,4,62,-58,0.2,14,sell
7/17,2882,法銀巴黎,8900,167,67,100,0.35,15,buy
7/17,2882,富邦-新莊,0039003600320044,2,55,-53,0.19,15,sell
7/17,2303,凱基-台北,9268,14331,8983,5348,2.12,1,buy
7/17,2303,摩根大通,8440,3897,27508,-23611,9.37,1,sell
7/17,2303,新光,8560,3856,233,3623,1.44,2,buy
7/17,2303,富邦證券,9600,20143,31645,-11502,4.56,2,sell
7/17,2303,國泰-敦南,8888,3890,619,3271,1.3,3,buy
7/17,2303,新加坡商瑞銀,1650,2284,10349,-8065,3.2,3,sell
7/17,2303,凱基-信義,9216,4576,1587,2989,1.19,4,buy
7/17,2303,永豐金證券,0039004100300030,3119,10330,-7211,2.86,4,sell
7/17,2303,花旗環球,1590,2543,233,2310,0.92,5,buy
7/17,2303,元大-內湖,003900380039004e,283,6256,-5973,2.37,5,sell
7/17,2303,富邦-新店,9661,2317,74,2243,0.89,6,buy
7/17,2303,美商高盛,1480,440,6085,-5645,2.24,6,sell
7/17,2303,港商麥格理,1360,2149,0,2149,0.85,7,buy
7/17,2303,凱基,9200,9127,14190,-5063,2.01,7,sell
7/17,2303,國票-敦北法人,0037003700390063,1713,6,1707,0.68,8,buy
7/17,2303,統一,5850,8046,12385,-4339,1.72,8,sell
7/17,2303,香港上海匯豐,8960,1077,0,1077,0.43,9,buy
7/17,2303,元大證券,9800,14178,17081,-2903,1.15,9,sell
7/17,2303,富邦-內湖,9627,1216,346,870,0.35,10,buy
7/17,2303,元大-土城永寧,9875,145,3005,-2860,1.13,10,sell
7/17,2303,北城證券,7750,786,2,784,0.31,11,buy
7/17,2303,台灣摩根士丹利,1470,6231,8474,-2243,0.89,11,sell
7/17,2303,國泰-台中,8882,751,82,669,0.27,12,buy
7/17,2303,港商野村,1560,320,1928,-1608,0.64,12,sell
7/17,2303,國泰-板橋,003800380038004b,717,57,660,0.26,13,buy
7/17,2303,國泰證券,8880,1555,3031,-1476,0.59,13,sell
7/17,2303,永豐金-桃盛,003900410039004e,654,23,631,0.25,14,buy
7/17,2303,美林,1440,5749,6888,-1139,0.45,14,sell
7/17,2303,玉山-高雄,8843,668,39,629,0.25,15,buy
7/17,2303,統一-士林,003500380035004d,46,1185,-1139,0.45,15,sell
7/17,3711,美林,1440,973,538,435,1.56,1,buy
7/17,3711,新加坡商瑞銀,1650,269,4809,-4540,16.28,1,sell
7/17,3711,國泰-敦南,8888,714,286,428,1.53,2,buy
7/17,3711,美商高盛,1480,492,3705,-3213,11.52,2,sell
7/17,3711,港商麥格理,1360,318,73,245,0.88,3,buy
7/17,3711,台灣摩根士丹利,1470,661,2490,-1829,6.56,3,sell
7/17,3711,中國信託-永康,6163,256,14,242,0.87,4,buy
7/17,3711,摩根大通,8440,771,1649,-878,3.15,4,sell
7/17,3711,永豐金-南投,003900410039004d,155,2,153,0.55,5,buy
7/17,3711,凱基-台北,9268,670,1196,-526,1.89,5,sell
7/17,3711,玉山-高雄,8843,161,25,136,0.49,6,buy
7/17,3711,永豐金證券,0039004100300030,790,1308,-518,1.86,6,sell
7/17,3711,中國信託-高雄,003600310036004b,140,6,134,0.48,7,buy
7/17,3711,港商野村,1560,93,573,-480,1.72,7,sell
7/17,3711,華南永昌,9300,145,22,123,0.44,8,buy
7/17,3711,國票-敦北法人,0037003700390063,7,250,-243,0.87,8,sell
7/17,3711,國泰-板橋,003800380038004b,171,50,121,0.43,9,buy
7/17,3711,永豐金-匯立,0039004100380031,1,187,-186,0.67,9,sell
7/17,3711,統一-新台中,0035003800350044,127,8,119,0.43,10,buy
7/17,3711,富邦證券,9600,402,585,-183,0.66,10,sell
7/17,3711,國泰-台中,8882,190,76,114,0.41,11,buy
7/17,3711,香港上海匯豐,8960,83,264,-181,0.65,11,sell
7/17,3711,台新-高雄,0039004200310067,136,26,110,0.39,12,buy
7/17,3711,花旗環球,1590,169,308,-139,0.5,12,sell
7/17,3711,台新-左楠,0039004200310064,130,22,108,0.39,13,buy
7/17,3711,統一,5850,166,301,-135,0.48,13,sell
7/17,3711,台新-大昌,0039004200320044,105,6,99,0.35,14,buy
7/17,3711,凱基,9200,43,153,-110,0.39,14,sell
7/17,3711,元大-莒光,003900380031004c,125,27,98,0.35,15,buy
7/17,3711,康和,8450,18,125,-107,0.38,15,sell
7/17,2603,摩根大通,8440,4524,297,4227,24.56,1,buy
7/17,2603,富邦證券,9600,133,1345,-1212,7.04,1,sell
7/17,2603,凱基-台北,9268,1985,162,1823,10.59,2,buy
7/17,2603,玉山-城中,0038003800340045,4,875,-871,5.06,2,sell
7/17,2603,美林,1440,1270,37,1233,7.16,3,buy
7/17,2603,玉山證券,8840,6,546,-540,3.14,3,sell
7/17,2603,元大證券,9800,1608,801,807,4.69,4,buy
7/17,2603,元大-大同,0039003800390047,0,326,-326,1.89,4,sell
7/17,2603,港商野村,1560,565,0,565,3.28,5,buy
7/17,2603,元大-天母,0039003800310049,4,287,-283,1.64,5,sell
7/17,2603,台灣摩根士丹利,1470,1002,453,549,3.19,6,buy
7/17,2603,國泰-敦南,8888,92,357,-265,1.54,6,sell
7/17,2603,新加坡商瑞銀,1650,918,507,411,2.39,7,buy
7/17,2603,國泰-松江,8883,3,233,-230,1.34,7,sell
7/17,2603,花旗環球,1590,331,18,313,1.82,8,buy
7/17,2603,第一金-台南,5384,0,167,-167,0.97,8,sell
7/17,2603,美商高盛,1480,730,473,257,1.49,9,buy
7/17,2603,永豐金-中正,0039004100390055,0,148,-148,0.86,9,sell
7/17,2603,統一-新竹,5857,182,7,175,1.02,10,buy
7/17,2603,永豐金證券,0039004100300030,358,482,-124,0.72,10,sell
7/17,2603,法銀巴黎,8900,187,30,157,0.91,11,buy
7/17,2603,新光,8560,49,163,-114,0.66,11,sell
7/17,2603,華南永昌-林口,9317,168,19,149,0.87,12,buy
7/17,2603,富邦-新店,9661,9,99,-90,0.52,12,sell
7/17,2603,元大-民雄,0039003800310056,123,6,117,0.68,13,buy
7/17,2603,元大-鹿港,0039003800390053,1,90,-89,0.52,13,sell
7/17,2603,華南永昌,9300,129,24,105,0.61,14,buy
7/17,2603,玉山-大里,003800380034004a,2,88,-86,0.5,14,sell
7/17,2603,合庫證券,1020,58,14,44,0.26,15,buy
7/17,2603,國票證券,7790,3,86,-83,0.48,15,sell
7/17,2609,台灣摩根士丹利,1470,5454,509,4945,30.29,1,buy
7/17,2609,凱基-台北,9268,385,1013,-628,3.85,1,sell
7/17,2609,花旗環球,1590,935,321,614,3.76,2,buy
7/17,2609,新加坡商瑞銀,1650,285,777,-492,3.01,2,sell
7/17,2609,元大證券,9800,598,392,206,1.26,3,buy
7/17,2609,美商高盛,1480,803,1229,-426,2.61,3,sell
7/17,2609,富邦證券,9600,211,39,172,1.05,4,buy
7/17,2609,第一金-新興,0035003300380041,2,284,-282,1.73,4,sell
7/17,2609,港商野村,1560,150,7,143,0.88,5,buy
7/17,2609,玉山-新莊,8842,11,257,-246,1.51,5,sell
7/17,2609,安泰,8380,143,5,138,0.85,6,buy
7/17,2609,凱基-中港,9202,9,206,-197,1.21,6,sell
7/17,2609,元大-鹿港,0039003800390053,104,3,101,0.62,7,buy
7/17,2609,元大-汐止,0039003800390051,34,189,-155,0.95,7,sell
7/17,2609,國票-台中,0037003700390076,100,0,100,0.61,8,buy
7/17,2609,華南永昌-麻豆,9308,1,133,-132,0.81,8,sell
7/17,2609,(牛牛牛)亞-鑫豐,0036003000310064,193,123,70,0.43,9,buy
7/17,2609,新光,8560,36,159,-123,0.75,9,sell
7/17,2609,台新-信義,0039004200320048,64,4,60,0.37,10,buy
7/17,2609,國泰-敦南,8888,253,372,-119,0.73,10,sell
7/17,2609,香港上海匯豐,8960,58,0,58,0.36,11,buy
7/17,2609,元大-斗六,0039003800300043,12,126,-114,0.7,11,sell
7/17,2609,台新-成功,003900420032006d,96,51,45,0.28,12,buy
7/17,2609,台灣企銀-台中,1111,0,104,-104,0.64,12,sell
7/17,2609,法銀巴黎,8900,114,69,45,0.28,13,buy
7/17,2609,群益金鼎-古亭,0039003100380043,22,111,-89,0.55,13,sell
7/17,2609,永興-台中,5603,43,1,42,0.26,14,buy
7/17,2609,臺銀-民權,1043,5,92,-87,0.53,14,sell
7/17,2609,元大-左營,0039003800390044,48,9,39,0.24,15,buy
7/17,2609,元大-博愛,0039003800320042,8,92,-84,0.51,15,sell
7/17,2615,台灣摩根士丹利,1470,1105,507,598,7.25,1,buy
7/17,2615,凱基-台北,9268,145,388,-243,2.94,1,sell
7/17,2615,美林,1440,557,28,529,6.41,2,buy
7/17,2615,元大證券,9800,223,454,-231,2.8,2,sell
7/17,2615,花旗環球,1590,518,9,509,6.17,3,buy
7/17,2615,摩根大通,8440,165,363,-198,2.4,3,sell
7/17,2615,富邦-公益,0039003600310046,290,15,275,3.33,4,buy
7/17,2615,元大-佳里,0039003800310065,0,104,-104,1.26,4,sell
7/17,2615,國泰-館前,0038003800380041,206,18,188,2.28,5,buy
7/17,2615,國泰-敦南,8888,74,176,-102,1.24,5,sell
7/17,2615,港商野村,1560,167,11,156,1.89,6,buy
7/17,2615,陽信-石牌,8711,0,101,-101,1.22,6,sell
7/17,2615,第一金-頭份,0035003300380049,132,0,132,1.6,7,buy
7/17,2615,台新,0039004200300030,14,104,-90,1.09,7,sell
7/17,2615,美商高盛,1480,574,446,128,1.55,8,buy
7/17,2615,永豐金證券,0039004100300030,60,147,-87,1.05,8,sell
7/17,2615,亞東-新竹,2184,125,0,125,1.51,9,buy
7/17,2615,凱基-站前,0039003200300046,6,91,-85,1.03,9,sell
7/17,2615,富邦證券,9600,1082,970,112,1.36,10,buy
7/17,2615,富邦-仁愛,9676,45,111,-66,0.8,10,sell
7/17,2615,台新-台北,0039004200320030,90,13,77,0.93,11,buy
7/17,2615,台灣企銀-豐原,1118,20,83,-63,0.76,11,sell
7/17,2615,新加坡商瑞銀,1650,72,13,59,0.71,12,buy
7/17,2615,元大-大甲,0039003800390055,10,72,-62,0.75,12,sell
7/17,2615,統一,5850,75,22,53,0.64,13,buy
7/17,2615,中國信託-嘉義,6168,2,57,-55,0.67,13,sell
7/17,2615,富邦-高雄,9659,57,9,48,0.58,14,buy
7/17,2615,永豐金-敦南,0039004100380046,0,51,-51,0.62,14,sell
7/17,2615,華南永昌,9300,40,5,35,0.42,15,buy
7/17,2615,元大-竹科,003900380030004b,2,45,-43,0.52,15,sell
7/17,2618,港商野村,1560,4119,0,4119,10.9,1,buy
7/17,2618,富邦證券,9600,2146,6416,-4270,11.3,1,sell
7/17,2618,美商高盛,1480,4920,1160,3760,9.95,2,buy
7/17,2618,永豐金證券,0039004100300030,906,4859,-3953,10.46,2,sell
7/17,2618,摩根大通,8440,3561,480,3081,8.15,3,buy
7/17,2618,群益金鼎,9100,70,1792,-1722,4.56,3,sell
7/17,2618,台灣摩根士丹利,1470,4546,1524,3022,8.0,4,buy
7/17,2618,美林,1440,718,2331,-1613,4.27,4,sell
7/17,2618,花旗環球,1590,1688,195,1493,3.95,5,buy
7/17,2618,永豐金-匯立,0039004100380031,0,290,-290,0.77,5,sell
7/17,2618,元大證券,9800,2609,1266,1343,3.55,6,buy
7/17,2618,華南永昌,9300,16,236,-220,0.58,6,sell
7/17,2618,凱基-台北,9268,2684,1588,1096,2.9,7,buy
7/17,2618,富邦-陽明,9604,43,245,-202,0.53,7,sell
7/17,2618,新加坡商瑞銀,1650,2091,1359,732,1.94,8,buy
7/17,2618,新光,8560,160,347,-187,0.49,8,sell
7/17,2618,凱基,9200,709,154,555,1.47,9,buy
7/17,2618,國泰-敦南,8888,230,402,-172,0.46,9,sell
7/17,2618,香港上海匯豐,8960,110,0,110,0.29,10,buy
7/17,2618,國泰-台中,8882,58,224,-166,0.44,10,sell
7/17,2618,法銀巴黎,8900,200,105,95,0.25,11,buy
7/17,2618,元大-大天母,9893,1,156,-155,0.41,11,sell
7/17,2618,元大-豐原,9838,85,3,82,0.22,12,buy
7/17,2618,臺銀,1040,4,146,-142,0.38,12,sell
7/17,2618,元大-龍潭,9858,184,111,73,0.19,13,buy
7/17,2618,元大-屏南,0039003800310072,1,136,-135,0.36,13,sell
7/17,2618,華南永昌-中正,9359,61,1,60,0.16,14,buy
7/17,2618,台新-台南,0039004200310036,10,145,-135,0.36,14,sell
7/17,2618,群益金鼎-新店,0039003100380046,61,2,59,0.16,15,buy
7/17,2618,永豐金-敦北,0039004100380039,1,135,-134,0.35,15,sell
7/17,3037,新加坡商瑞銀,1650,1432,703,729,2.42,1,buy
7/17,3037,富邦證券,9600,313,2367,-2054,6.83,1,sell
7/17,3037,國泰-敦南,8888,1000,622,378,1.26,2,buy
7/17,3037,花旗環球,1590,45,1004,-959,3.19,2,sell
7/17,3037,群益金鼎,9100,487,217,270,0.9,3,buy
7/17,3037,元大證券,9800,2507,3257,-750,2.49,3,sell
7/17,3037,國泰-桃園,8885,339,89,250,0.83,4,buy
7/17,3037,台灣摩根士丹利,1470,1942,2664,-722,2.4,4,sell
7/17,3037,港商麥格理,1360,241,61,180,0.6,5,buy
7/17,3037,美林,1440,619,1221,-602,2.0,5,sell
7/17,3037,元大-北屯,0039003800390064,152,37,115,0.38,6,buy
7/17,3037,永豐金-敦北,0039004100380039,520,1019,-499,1.66,6,sell
7/17,3037,永豐金-桃園,0039004100390078,129,38,91,0.3,7,buy
7/17,3037,玉山證券,8840,94,586,-492,1.64,7,sell
7/17,3037,新光,8560,245,154,91,0.3,8,buy
7/17,3037,宏遠證券,1260,39,429,-390,1.3,8,sell
7/17,3037,國泰-板橋,003800380038004b,157,71,86,0.29,9,buy
7/17,3037,法銀巴黎,8900,10,364,-354,1.18,9,sell
7/17,3037,凱基-台北,9268,1429,1343,86,0.29,10,buy
7/17,3037,凱基,9200,46,375,-329,1.09,10,sell
7/17,3037,台新,0039004200300030,258,184,74,0.25,11,buy
7/17,3037,統一,5850,127,447,-320,1.06,11,sell
7/17,3037,富邦-板橋,9655,95,29,66,0.22,12,buy
7/17,3037,國泰證券,8880,60,379,-319,1.06,12,sell
7/17,3037,國泰-台中,8882,163,102,61,0.2,13,buy
7/17,3037,港商野村,1560,104,338,-234,0.78,13,sell
7/17,3037,玉山-新莊,8842,71,12,59,0.2,14,buy
7/17,3037,美商高盛,1480,1053,1242,-189,0.63,14,sell
7/17,3037,永豐金-桃盛,003900410039004e,75,18,57,0.19,15,buy
7/17,3037,永豐金-竹科,0039004100390058,39,187,-148,0.49,15,sell
7/17,2345,統一,5850,84,9,75,2.19,1,buy
7/17,2345,美商高盛,1480,353,509,-156,4.55,1,sell
7/17,2345,美林,1440,174,123,51,1.49,2,buy
7/17,2345,統一-內湖,0035003800350062,0,146,-146,4.26,2,sell
7/17,2345,凱基,9200,65,14,51,1.49,3,buy
7/17,2345,港商麥格理,1360,1,101,-100,2.92,3,sell
7/17,2345,港商野村,1560,72,33,39,1.14,4,buy
7/17,2345,康和-仁愛,0038003400350046,10,64,-54,1.57,4,sell
7/17,2345,元大證券,9800,337,305,32,0.93,5,buy
7/17,2345,元大-敦化,9833,1,40,-39,1.14,5,sell
7/17,2345,群益金鼎,9100,45,15,30,0.87,6,buy
7/17,2345,香港上海匯豐,8960,25,61,-36,1.05,6,sell
7/17,2345,凱基-台北,9268,246,216,30,0.87,7,buy
7/17,2345,花旗環球,1590,9,44,-35,1.02,7,sell
7/17,2345,元大-土城永寧,9875,23,2,21,0.61,8,buy
7/17,2345,凱基-三峽,0039003200310045,0,29,-29,0.85,8,sell
7/17,2345,大昌-新店,6464,13,0,13,0.38,9,buy
7/17,2345,元大-北三重,0039003800390056,1,30,-29,0.85,9,sell
7/17,2345,富邦-新竹,9647,11,0,11,0.32,10,buy
7/17,2345,大和國泰,8890,0,25,-25,0.73,10,sell
7/17,2345,兆豐-松德,0037003000300069,10,0,10,0.29,11,buy
7/17,2345,台灣摩根士丹利,1470,348,371,-23,0.67,11,sell
7/17,2345,新光,8560,18,9,9,0.26,12,buy
7/17,2345,富邦-仁愛,9676,8,30,-22,0.64,12,sell
7/17,2345,聯邦證券,8580,9,0,9,0.26,13,buy
7/17,2345,摩根大通,8440,260,280,-20,0.58,13,sell
7/17,2345,永豐金證券,0039004100300030,102,93,9,0.26,14,buy
7/17,2345,國泰證券,8880,6,25,-19,0.55,14,sell
7/17,2345,法銀巴黎,8900,10,2,8,0.23,15,buy
7/17,2345,新加坡商瑞銀,1650,145,159,-14,0.41,15,sell
7/17,3006,美林,1440,324,162,162,1.41,1,buy
7/17,3006,台灣摩根士丹利,1470,457,1264,-807,7.04,1,sell
7/17,3006,永豐金證券,0039004100300030,206,60,146,1.27,2,buy
7/17,3006,統一,5850,29,829,-800,6.98,2,sell
7/17,3006,凱基-湖口,003900320030004e,76,1,75,0.65,3,buy
7/17,3006,富邦-建國,9658,51,698,-647,5.65,3,sell
7/17,3006,台新-同大,0039004200320050,73,5,68,0.59,4,buy
7/17,3006,永豐金-潮州,0039004100390071,6,600,-594,5.18,4,sell
7/17,3006,國票-台中,0037003700390076,77,12,65,0.57,5,buy
7/17,3006,美商高盛,1480,263,842,-579,5.05,5,sell
7/17,3006,元大-員林中山,9835,74,11,63,0.55,6,buy
7/17,3006,凱基-台北,9268,351,692,-341,2.98,6,sell
7/17,3006,國泰-板橋,003800380038004b,74,12,62,0.54,7,buy
7/17,3006,國泰證券,8880,5,310,-305,2.66,7,sell
7/17,3006,兆豐-忠孝,0037003000300061,58,4,54,0.47,8,buy
7/17,3006,富邦證券,9600,24,148,-124,1.08,8,sell
7/17,3006,群益金鼎-館前,0039003100330059,67,15,52,0.45,9,buy
7/17,3006,永豐金-新竹,0039004100390037,17,126,-109,0.95,9,sell
7/17,3006,聯邦-大業,8586,48,0,48,0.42,10,buy
7/17,3006,群益金鼎,9100,35,134,-99,0.86,10,sell
7/17,3006,永豐金-桃園,0039004100390078,53,6,47,0.41,11,buy
7/17,3006,永豐金-高雄,0039004100390065,5,91,-86,0.75,11,sell
7/17,3006,富邦-新竹,9647,53,8,45,0.39,12,buy
7/17,3006,新加坡商瑞銀,1650,152,228,-76,0.66,12,sell
7/17,3006,國泰-敦南,8888,252,207,45,0.39,13,buy
7/17,3006,元大-松山,0039003800310070,7,76,-69,0.6,13,sell
7/17,3006,康和-新竹,8456,43,2,41,0.36,14,buy
7/17,3006,元大-蘆洲,9857,18,81,-63,0.55,14,sell
7/17,3006,富邦-高雄,9659,45,8,37,0.32,15,buy
7/17,3006,國票-中正,7797,4,61,-57,0.5,15,sell
7/17,2379,台灣摩根士丹利,1470,1503,581,922,13.09,1,buy
7/17,2379,統一,5850,6,1118,-1112,15.78,1,sell
7/17,2379,群益金鼎,9100,400,43,357,5.07,2,buy
7/17,2379,永豐金-匯立,0039004100380031,4,968,-964,13.68,2,sell
7/17,2379,花旗環球,1590,344,26,318,4.51,3,buy
7/17,2379,港商麥格理,1360,120,348,-228,3.24,3,sell
7/17,2379,富邦證券,9600,317,9,308,4.37,4,buy
7/17,2379,凱基,9200,33,133,-100,1.42,4,sell
7/17,2379,凱基-台北,9268,617,332,285,4.05,5,buy
7/17,2379,新加坡商瑞銀,1650,147,223,-76,1.08,5,sell
7/17,2379,美商高盛,1480,408,189,219,3.11,6,buy
7/17,2379,華南永昌-斗六,9327,0,70,-70,0.99,6,sell
7/17,2379,美林,1440,225,30,195,2.77,7,buy
7/17,2379,永豐金證券,0039004100300030,176,228,-52,0.74,7,sell
7/17,2379,摩根大通,8440,424,240,184,2.61,8,buy
7/17,2379,兆豐-大同,0037003000300053,0,40,-40,0.57,8,sell
7/17,2379,元大證券,9800,623,446,177,2.51,9,buy
7/17,2379,玉山-新莊,8842,1,23,-22,0.31,9,sell
7/17,2379,華南永昌-中正,9359,169,2,167,2.37,10,buy
7/17,2379,台新-府城,0039004200320039,0,20,-20,0.28,10,sell
7/17,2379,港商野村,1560,117,1,116,1.65,11,buy
7/17,2379,國泰-敦南,8888,60,77,-17,0.24,11,sell
7/17,2379,華南永昌,9300,38,3,35,0.5,12,buy
7/17,2379,台新,0039004200300030,8,23,-15,0.21,12,sell
7/17,2379,法銀巴黎,8900,39,5,34,0.48,13,buy
7/17,2379,國票-博愛,003700370039007a,1,16,-15,0.21,13,sell
7/17,2379,兆豐證券,7000,31,3,28,0.4,14,buy
7/17,2379,新光,8560,16,30,-14,0.2,14,sell
7/17,2379,宏遠證券,1260,27,0,27,0.38,15,buy
7/17,2379,統一-內湖,0035003800350062,0,13,-13,0.18,15,sell
7/17,3034,元大證券,9800,1223,391,832,15.1,1,buy
7/17,3034,富邦證券,9600,40,671,-631,11.45,1,sell
7/17,3034,美林,1440,775,18,757,13.74,2,buy
7/17,3034,國票-敦北法人,0037003700390063,3,486,-483,8.77,2,sell
7/17,3034,台灣摩根士丹利,1470,668,51,617,11.2,3,buy
7/17,3034,美商高盛,1480,385,746,-361,6.55,3,sell
7/17,3034,凱基-台北,9268,322,89,233,4.23,4,buy
7/17,3034,新加坡商瑞銀,1650,108,433,-325,5.9,4,sell
7/17,3034,港商野村,1560,258,97,161,2.92,5,buy
7/17,3034,港商麥格理,1360,2,243,-241,4.37,5,sell
7/17,3034,摩根大通,8440,420,265,155,2.81,6,buy
7/17,3034,玉山證券,8840,2,158,-156,2.83,6,sell
7/17,3034,花旗環球,1590,160,24,136,2.47,7,buy
7/17,3034,元大-北屯,0039003800390064,0,153,-153,2.78,7,sell
7/17,3034,凱基,9200,126,30,96,1.74,8,buy
7/17,3034,統一-新竹,5857,30,101,-71,1.29,8,sell
7/17,3034,永豐金-匯立,0039004100380031,70,9,61,1.11,9,buy
7/17,3034,永豐金-萬盛,0039004100390032,0,26,-26,0.47,9,sell
7/17,3034,永豐金證券,0039004100300030,131,83,48,0.87,10,buy
7/17,3034,土銀-花蓮,1037,0,17,-17,0.31,10,sell
7/17,3034,華南永昌,9300,36,0,36,0.65,11,buy
7/17,3034,土銀-新竹,1035,0,16,-16,0.29,11,sell
7/17,3034,宏遠證券,1260,31,0,31,0.56,12,buy
7/17,3034,永豐金-敦南,0039004100380046,0,16,-16,0.29,12,sell
7/17,3034,香港上海匯豐,8960,18,0,18,0.33,13,buy
7/17,3034,新光-新竹,8563,8,23,-15,0.27,13,sell
7/17,3034,統一,5850,20,3,17,0.31,14,buy
7/17,3034,富邦-桃園,9665,1,15,-14,0.25,14,sell
7/17,3034,第一金,5380,13,0,13,0.24,15,buy
7/17,3034,台新-九如,0039004200320031,0,13,-13,0.24,15,sell
7/17,2412,台灣摩根士丹利,1470,5459,216,5243,13.91,1,buy
7/17,2412,華南永昌,9300,298,3930,-3632,9.64,1,sell
7/17,2412,摩根大通,8440,4870,832,4038,10.71,2,buy
7/17,2412,華南永昌-中正,9359,169,2674,-2505,6.65,2,sell
7/17,2412,美林,1440,3442,245,3197,8.48,3,buy
7/17,2412,土銀,1030,1,2024,-2023,5.37,3,sell
7/17,2412,永豐金證券,0039004100300030,5953,4148,1805,4.79,4,buy
7/17,2412,彰銀,1230,0,1525,-1525,4.05,4,sell
7/17,2412,新加坡商瑞銀,1650,2128,725,1403,3.72,5,buy
7/17,2412,永豐金-萬盛,0039004100390032,1,1268,-1267,3.36,5,sell
7/17,2412,凱基-台北,9268,3134,1757,1377,3.65,6,buy
7/17,2412,合庫證券,1020,17,799,-782,2.07,6,sell
7/17,2412,元大證券,9800,2248,1089,1159,3.08,7,buy
7/17,2412,花旗環球,1590,193,575,-382,1.01,7,sell
7/17,2412,美商高盛,1480,2697,1620,1077,2.86,8,buy
7/17,2412,凱基-中壢,9285,12,226,-214,0.57,8,sell
7/17,2412,凱基,9200,666,95,571,1.52,9,buy
7/17,2412,台新,0039004200300030,33,231,-198,0.53,9,sell
7/17,2412,港商野村,1560,525,5,520,1.38,10,buy
7/17,2412,中國信託,6160,87,257,-170,0.45,10,sell
7/17,2412,統一,5850,297,8,289,0.77,11,buy
7/17,2412,永豐金-板新,003900410039004a,1,156,-155,0.41,11,sell
7/17,2412,富邦證券,9600,278,5,273,0.72,12,buy
7/17,2412,富邦-新店,9661,2,151,-149,0.4,12,sell
7/17,2412,大和國泰,8890,200,0,200,0.53,13,buy
7/17,2412,兆豐證券,7000,0,143,-143,0.38,13,sell
7/17,2412,元大-南崁,0039003800300051,104,4,100,0.27,14,buy
7/17,2412,台新-高雄,0039004200310067,29,165,-136,0.36,14,sell
7/17,2412,富邦-南員林,0039003600310052,104,7,97,0.26,15,buy
7/17,2412,新光,8560,41,177,-136,0.36,15,sell
7/17,2890,富邦證券,9600,10880,2334,8546,17.79,1,buy
7/17,2890,美商高盛,1480,1526,6295,-4769,9.93,1,sell
7/17,2890,元大證券,9800,9459,1559,7900,16.44,2,buy
7/17,2890,台灣摩根士丹利,1470,487,5032,-4545,9.46,2,sell
7/17,2890,花旗環球,1590,4568,646,3922,8.16,3,buy
7/17,2890,第一金-高雄,5383,2,2913,-2911,6.06,3,sell
7/17,2890,兆豐證券,7000,1716,22,1694,3.53,4,buy
7/17,2890,新加坡商瑞銀,1650,1920,4688,-2768,5.76,4,sell
7/17,2890,宏遠證券,1260,1630,0,1630,3.39,5,buy
7/17,2890,摩根大通,8440,2139,4001,-1862,3.88,5,sell
7/17,2890,統一,5850,1339,36,1303,2.71,6,buy
7/17,2890,凱基-台北,9268,2783,4416,-1633,3.4,6,sell
7/17,2890,群益金鼎,9100,1102,184,918,1.91,7,buy
7/17,2890,陽信,8710,0,1200,-1200,2.5,7,sell
7/17,2890,美林,1440,2039,1266,773,1.61,8,buy
7/17,2890,台新,0039004200300030,8,1036,-1028,2.14,8,sell
7/17,2890,中國信託,6160,770,15,755,1.57,9,buy
7/17,2890,第一金-中山,5389,0,1000,-1000,2.08,9,sell
7/17,2890,永豐金證券,0039004100300030,1055,422,633,1.32,10,buy
7/17,2890,永豐金-台南,0039004100390068,23,686,-663,1.38,10,sell
7/17,2890,永豐金-萬盛,0039004100390032,524,74,450,0.94,11,buy
7/17,2890,華南永昌-麻豆,9308,7,644,-637,1.33,11,sell
7/17,2890,土銀,1030,452,3,449,0.93,12,buy
7/17,2890,港商野村,1560,37,446,-409,0.85,12,sell
7/17,2890,法銀巴黎,8900,319,88,231,0.48,13,buy
7/17,2890,富邦-敦南,9663,12,409,-397,0.83,13,sell
7/17,2890,元大-板橋,0039003800390043,203,17,186,0.39,14,buy
7/17,2890,元大-樹林,003900380039006a,4,355,-351,0.73,14,sell
7/17,2890,第一金-桃園,5385,106,4,102,0.21,15,buy
7/17,2890,凱基,9200,122,387,-265,0.55,15,sell
7/17,2883,元大證券,9800,10113,5732,4381,8.32,1,buy
7/17,2883,台新,0039004200300030,700,3102,-2402,4.56,1,sell
7/17,2883,摩根大通,8440,6237,2000,4237,8.04,2,buy
7/17,2883,香港上海匯豐,8960,97,2155,-2058,3.91,2,sell
7/17,2883,永豐金證券,0039004100300030,3260,1171,2089,3.97,3,buy
7/17,2883,華南永昌-敦南,9347,7,1840,-1833,3.48,3,sell
7/17,2883,美商高盛,1480,5820,3985,1835,3.48,4,buy
7/17,2883,台灣摩根士丹利,1470,1811,3170,-1359,2.58,4,sell
7/17,2883,港商野村,1560,2894,1110,1784,3.39,5,buy
7/17,2883,新加坡商瑞銀,1650,1921,2737,-816,1.55,5,sell
7/17,2883,美林,1440,1978,547,1431,2.72,6,buy
7/17,2883,華南永昌,9300,2,624,-622,1.18,6,sell
7/17,2883,港商麥格理,1360,820,0,820,1.56,7,buy
7/17,2883,元大-彰化民生,003900380039004a,10,538,-528,1.0,7,sell
7/17,2883,凱基,9200,655,2,653,1.24,8,buy
7/17,2883,富邦證券,9600,540,949,-409,0.78,8,sell
7/17,2883,兆豐-台中港,7005,521,67,454,0.86,9,buy
7/17,2883,富邦-二林,0039003600320042,7,393,-386,0.73,9,sell
7/17,2883,法銀巴黎,8900,548,157,391,0.74,10,buy
7/17,2883,統一,5850,5,370,-365,0.69,10,sell
7/17,2883,兆豐證券,7000,390,26,364,0.69,11,buy
7/17,2883,華南永昌-虎尾,9377,27,386,-359,0.68,11,sell
7/17,2883,富邦-和美,0039003600310050,330,4,326,0.62,12,buy
7/17,2883,國票-敦北法人,0037003700390063,100,351,-251,0.48,12,sell
7/17,2883,合庫-西台中,0031003000320046,215,4,211,0.4,13,buy
7/17,2883,永豐金-中正,0039004100390055,5,235,-230,0.44,13,sell
7/17,2883,台新-信義,0039004200320048,209,3,206,0.39,14,buy
7/17,2883,富邦-員林,9672,2,228,-226,0.43,14,sell
7/17,2883,國泰-敦南,8888,612,431,181,0.34,15,buy
7/17,2883,永興-水湳,5602,0,206,-206,0.39,15,sell
7/17,2887,元大證券,9800,13934,3259,10675,11.21,1,buy
7/17,2887,凱基-台北,9268,4359,13639,-9280,9.75,1,sell
7/17,2887,富邦證券,9600,8815,815,8000,8.4,2,buy
7/17,2887,台灣摩根士丹利,1470,3289,8992,-5703,5.99,2,sell
7/17,2887,國泰證券,8880,7009,0,7009,7.36,3,buy
7/17,2887,京城,8490,11,4672,-4661,4.9,3,sell
7/17,2887,永豐金證券,0039004100300030,6863,323,6540,6.87,4,buy
7/17,2887,美商高盛,1480,4168,8356,-4188,4.4,4,sell
7/17,2887,美林,1440,5603,2111,3492,3.67,5,buy
7/17,2887,台灣企銀,1110,1,4052,-4051,4.25,5,sell
7/17,2887,群益金鼎,9100,1540,78,1462,1.54,6,buy
7/17,2887,台新-烏日,0039004200320063,2,2317,-2315,2.43,6,sell
7/17,2887,永豐金-萬盛,0039004100390032,1419,1,1418,1.49,7,buy
7/17,2887,元大-南屯,9853,9,2106,-2097,2.2,7,sell
7/17,2887,新加坡商瑞銀,1650,3053,1710,1343,1.41,8,buy
7/17,2887,永豐金-亞灣,0039004100390061,17,1586,-1569,1.65,8,sell
7/17,2887,中國信託,6160,970,38,932,0.98,9,buy
7/17,2887,富邦-公益,0039003600310046,11,1172,-1161,1.22,9,sell
7/17,2887,凱基,9200,1645,825,820,0.86,10,buy
7/17,2887,元大-中和,0039003800390065,3,1103,-1100,1.16,10,sell
7/17,2887,富邦-陽明,9604,1181,417,764,0.8,11,buy
7/17,2887,元大-館前,003900380034004b,25,1067,-1042,1.09,11,sell
7/17,2887,宏遠證券,1260,775,15,760,0.8,12,buy
7/17,2887,花旗環球,1590,276,1207,-931,0.98,12,sell
7/17,2887,群益金鼎-東門,0039003100380044,640,45,595,0.62,13,buy
7/17,2887,台新,0039004200300030,607,1277,-670,0.7,13,sell
7/17,2887,永豐金-匯立,0039004100380031,374,0,374,0.39,14,buy
7/17,2887,凱基-三多,9275,0,499,-499,0.52,14,sell
7/17,2887,法銀巴黎,8900,590,221,369,0.39,15,buy
7/17,2887,元大-永和,9891,12,504,-492,0.52,15,sell
7/17,2610,富邦證券,9600,4688,7,4681,12.35,1,buy
7/17,2610,元大證券,9800,1330,4199,-2869,7.57,1,sell
7/17,2610,美林,1440,3679,915,2764,7.29,2,buy
7/17,2610,台灣摩根士丹利,1470,2452,3566,-1114,2.94,2,sell
7/17,2610,永豐金證券,0039004100300030,2409,73,2336,6.16,3,buy
7/17,2610,國泰-台中,8882,89,1087,-998,2.63,3,sell
7/17,2610,摩根大通,8440,5050,2717,2333,6.15,4,buy
7/17,2610,彰銀-台中,1233,24,956,-932,2.46,4,sell
7/17,2610,港商野村,1560,2147,131,2016,5.32,5,buy
7/17,2610,統一-中壢,5853,8,513,-505,1.33,5,sell
7/17,2610,美商高盛,1480,1667,1271,396,1.04,6,buy
7/17,2610,台新,0039004200300030,140,634,-494,1.3,6,sell
7/17,2610,兆豐-復興,0037003000300070,307,29,278,0.73,7,buy
7/17,2610,凱基-台北,9268,1862,2350,-488,1.29,7,sell
7/17,2610,石橋證券,7080,230,0,230,0.61,8,buy
7/17,2610,凱基,9200,32,454,-422,1.11,8,sell
7/17,2610,玉山-士林,0038003800340041,202,0,202,0.53,9,buy
7/17,2610,國泰-敦南,8888,178,571,-393,1.04,9,sell
7/17,2610,中國信託-高雄,003600310036004b,244,43,201,0.53,10,buy
7/17,2610,元大-復北,9872,0,344,-344,0.91,10,sell
7/17,2610,元大-林森,0039003800330042,200,0,200,0.53,11,buy
7/17,2610,致和-崇德,0037003000330042,0,321,-321,0.85,11,sell
7/17,2610,台新-台中,0039004200310068,217,49,168,0.44,12,buy
7/17,2610,元大-龍潭,9858,16,314,-298,0.79,12,sell
7/17,2610,第一金-光復,0035003300380043,144,9,135,0.36,13,buy
7/17,2610,元大-敦南,0039003800390050,3,234,-231,0.61,13,sell
7/17,2610,中國信託,6160,177,55,122,0.32,14,buy
7/17,2610,凱基-台南,9211,5,208,-203,0.54,14,sell
7/17,2610,港商麥格理,1360,104,0,104,0.27,15,buy
7/17,2610,台灣企銀-桃園,0031003100310045,11,206,-195,0.51,15,sell
7/17,2892,永豐金證券,0039004100300030,9630,110,9520,21.14,1,buy
7/17,2892,台灣摩根士丹利,1470,1830,4446,-2616,5.81,1,sell
7/17,2892,富邦證券,9600,3615,13,3602,8.0,2,buy
7/17,2892,凱基,9200,82,1257,-1175,2.61,2,sell
7/17,2892,港商野村,1560,3615,55,3560,7.9,3,buy
7/17,2892,華南永昌,9300,1,1065,-1064,2.36,3,sell
7/17,2892,新加坡商瑞銀,1650,6929,3420,3509,7.79,4,buy
7/17,2892,玉山-高雄,8843,3,1015,-1012,2.25,4,sell
7/17,2892,摩根大通,8440,5621,2750,2871,6.37,5,buy
7/17,2892,美林,1440,638,1594,-956,2.12,5,sell
7/17,2892,元大證券,9800,2585,1269,1316,2.92,6,buy
7/17,2892,聯邦證券,8580,0,801,-801,1.78,6,sell
7/17,2892,國泰證券,8880,1088,0,1088,2.42,7,buy
7/17,2892,第一金-忠孝,0035003300380044,3,764,-761,1.69,7,sell
7/17,2892,凱基-台北,9268,2461,1768,693,1.54,8,buy
7/17,2892,宏遠證券,1260,0,602,-602,1.34,8,sell
7/17,2892,群益金鼎,9100,877,191,686,1.52,9,buy
7/17,2892,台新-新莊,0039004200310039,0,527,-527,1.17,9,sell
7/17,2892,兆豐證券,7000,382,42,340,0.75,10,buy
7/17,2892,第一金-新竹,0035003300380042,3,476,-473,1.05,10,sell
7/17,2892,法銀巴黎,8900,276,85,191,0.42,11,buy
7/17,2892,華南永昌-長虹,9333,0,304,-304,0.67,11,sell
7/17,2892,永豐金-匯立,0039004100380031,137,39,98,0.22,12,buy
7/17,2892,元大-屏東,9892,0,296,-296,0.66,12,sell
7/17,2892,香港上海匯豐,8960,88,0,88,0.2,13,buy
7/17,2892,富邦-台北,9623,0,288,-288,0.64,13,sell
7/17,2892,凱基-埔墘,9288,52,0,52,0.12,14,buy
7/17,2892,第一金-台南,5384,3,282,-279,0.62,14,sell
7/17,2892,統一-新台中,0035003800350044,50,1,49,0.11,15,buy
7/17,2892,花旗環球,1590,360,616,-256,0.57,15,sell
7/17,5880,摩根大通,8440,4437,578,3859,14.12,1,buy
7/17,5880,美商高盛,1480,1653,3030,-1377,5.04,1,sell
7/17,5880,凱基-台北,9268,3830,470,3360,12.29,2,buy
7/17,5880,元大-林森,0039003800330042,3,1176,-1173,4.29,2,sell
7/17,5880,統一,5850,3045,8,3037,11.11,3,buy
7/17,5880,富邦-永康,003900360031005a,0,767,-767,2.81,3,sell
7/17,5880,元大證券,9800,2083,422,1661,6.08,4,buy
7/17,5880,台灣摩根士丹利,1470,1478,2106,-628,2.3,4,sell
7/17,5880,美林,1440,1897,305,1592,5.83,5,buy
7/17,5880,新加坡商瑞銀,1650,1139,1638,-499,1.83,5,sell
7/17,5880,中國信託,6160,806,21,785,2.87,6,buy
7/17,5880,元大-文心興安,9854,100,479,-379,1.39,6,sell
7/17,5880,群益金鼎,9100,786,5,781,2.86,7,buy
7/17,5880,國泰-敦南,8888,54,403,-349,1.28,7,sell
7/17,5880,港商野村,1560,665,16,649,2.37,8,buy
7/17,5880,合庫證券,1020,2,327,-325,1.19,8,sell
7/17,5880,永豐金證券,0039004100300030,728,123,605,2.21,9,buy
7/17,5880,臺銀-新竹,1045,2,321,-319,1.17,9,sell
7/17,5880,國泰證券,8880,435,0,435,1.59,10,buy
7/17,5880,國泰-高雄,8881,28,238,-210,0.77,10,sell
7/17,5880,法銀巴黎,8900,251,75,176,0.64,11,buy
7/17,5880,第一金-中山,5389,0,206,-206,0.75,11,sell
7/17,5880,永豐金-匯立,0039004100380031,114,0,114,0.42,12,buy
7/17,5880,富邦-中壢,9636,21,210,-189,0.69,12,sell
7/17,5880,合庫-高雄,1023,239,135,104,0.38,13,buy
7/17,5880,凱基,9200,117,283,-166,0.61,13,sell
7/17,5880,元大-左營,0039003800390044,104,3,101,0.37,14,buy
7/17,5880,國票-南科,0037003700390065,0,162,-162,0.59,14,sell
7/17,5880,第一金-忠孝,0035003300380044,100,11,89,0.33,15,buy
7/17,5880,(牛牛牛)亞-鑫豐,0036003000310064,17,177,-160,0.59,15,sell
7/17,1301,元大-西屯,0039003800300077,2330,16,2314,3.15,1,buy
7/17,1301,美商高盛,1480,3898,7697,-3799,5.17,1,sell
7/17,1301,凱基-台北,9268,5141,4237,904,1.23,2,buy
7/17,1301,元大證券,9800,5743,8164,-2421,3.29,2,sell
7/17,1301,美林,1440,1342,632,710,0.97,3,buy
7/17,1301,摩根大通,8440,1143,2454,-1311,1.78,3,sell
7/17,1301,富邦-基隆,9614,721,60,661,0.9,4,buy
7/17,1301,元大-信義安和,0039003800300052,72,1337,-1265,1.72,4,sell
7/17,1301,富邦-敦南,9663,527,73,454,0.62,5,buy
7/17,1301,新加坡商瑞銀,1650,1164,2392,-1228,1.67,5,sell
7/17,1301,富邦-屏東,0039003600310059,422,28,394,0.54,6,buy
7/17,1301,台灣摩根士丹利,1470,2594,3293,-699,0.95,6,sell
7/17,1301,台新-宜蘭,0039004200320055,392,55,337,0.46,7,buy
7/17,1301,永豐金證券,0039004100300030,565,1068,-503,0.68,7,sell
7/17,1301,元大-虎尾,003900380030006c,362,75,287,0.39,8,buy
7/17,1301,富邦-永和,9654,244,715,-471,0.64,8,sell
7/17,1301,統一-城中,5854,627,343,284,0.39,9,buy
7/17,1301,花旗環球,1590,81,345,-264,0.36,9,sell
7/17,1301,元大-善化,0039003800310079,309,62,247,0.34,10,buy
7/17,1301,康和-嘉義,8459,24,267,-243,0.33,10,sell
7/17,1301,聯邦-台南,8588,320,104,216,0.29,11,buy
7/17,1301,元大-台南,9896,196,402,-206,0.28,11,sell
7/17,1301,新光,8560,697,484,213,0.29,12,buy
7/17,1301,華南永昌-古亭,9309,23,223,-200,0.27,12,sell
7/17,1301,永豐金-鳳山,0039004100360031,272,59,213,0.29,13,buy
7/17,1301,凱基,9200,95,284,-189,0.26,13,sell
7/17,1301,台新-大裕,003900420032006c,256,63,193,0.26,14,buy
7/17,1301,統一,5850,162,349,-187,0.25,14,sell
7/17,1301,群益金鼎-中港,9138,216,37,179,0.24,15,buy
7/17,1301,凱基-永和,9207,17,183,-166,0.23,15,sell
7/17,2884,摩根大通,8440,18421,3130,15291,15.64,1,buy
7/17,2884,宏遠證券,1260,0,19085,-19085,19.52,1,sell
7/17,2884,元大證券,9800,18793,7806,10987,11.24,2,buy
7/17,2884,港商麥格理,1360,20,4212,-4192,4.29,2,sell
7/17,2884,美林,1440,8269,179,8090,8.28,3,buy
7/17,2884,元大-四維,9831,0,3937,-3937,4.03,3,sell
7/17,2884,凱基-台北,9268,10122,2454,7668,7.84,4,buy
7/17,2884,凱基,9200,672,3484,-2812,2.88,4,sell
7/17,2884,美商高盛,1480,9773,2367,7406,7.58,5,buy
7/17,2884,華南永昌-中正,9359,0,2747,-2747,2.81,5,sell
7/17,2884,台灣摩根士丹利,1470,7567,1669,5898,6.03,6,buy
7/17,2884,兆豐證券,7000,0,1730,-1730,1.77,6,sell
7/17,2884,新加坡商瑞銀,1650,6937,1316,5621,5.75,7,buy
7/17,2884,玉山證券,8840,51,1464,-1413,1.45,7,sell
7/17,2884,永豐金證券,0039004100300030,2336,539,1797,1.84,8,buy
7/17,2884,國泰-敦南,8888,117,995,-878,0.9,8,sell
7/17,2884,港商野村,1560,1695,48,1647,1.68,9,buy
7/17,2884,美好-中壢,5266,0,753,-753,0.77,9,sell
7/17,2884,富邦證券,9600,2523,934,1589,1.63,10,buy
7/17,2884,新光,8560,20,649,-629,0.64,10,sell
7/17,2884,統一,5850,1257,37,1220,1.25,11,buy
7/17,2884,康和-嘉義,8459,1,569,-568,0.58,11,sell
7/17,2884,永豐金-匯立,0039004100380031,1143,27,1116,1.14,12,buy
7/17,2884,美好-楊梅,5262,0,557,-557,0.57,12,sell
7/17,2884,花旗環球,1590,1299,285,1014,1.04,13,buy
7/17,2884,玉山-台南,8847,23,477,-454,0.46,13,sell
7/17,2884,華南永昌,9300,519,72,447,0.46,14,buy
7/17,2884,中國信託,6160,29,446,-417,0.43,14,sell
7/17,2884,國泰證券,8880,412,16,396,0.41,15,buy
7/17,2884,台新,0039004200300030,307,685,-378,0.39,15,sell
7/17,2886,富邦證券,9600,7497,1,7496,14.27,1,buy
7/17,2886,元大-敦南,0039003800390050,0,6148,-6148,11.7,1,sell
7/17,2886,元大證券,9800,9312,3095,6217,11.83,2,buy
7/17,2886,統一,5850,58,5624,-5566,10.6,2,sell
7/17,2886,摩根大通,8440,7671,2368,5303,10.09,3,buy
7/17,2886,土銀-高雄,1033,1,1515,-1514,2.88,3,sell
7/17,2886,台灣摩根士丹利,1470,6814,2580,4234,8.06,4,buy
7/17,2886,兆豐證券,7000,10,1068,-1058,2.01,4,sell
7/17,2886,美林,1440,3550,351,3199,6.09,5,buy
7/17,2886,第一金-中山,5389,0,1009,-1009,1.92,5,sell
7/17,2886,永豐金證券,0039004100300030,2404,142,2262,4.31,6,buy
7/17,2886,群益金鼎,9100,509,1445,-936,1.78,6,sell
7/17,2886,港商野村,1560,1422,1,1421,2.71,7,buy
7/17,2886,凱基-台北,9268,2684,3540,-856,1.63,7,sell
7/17,2886,大和國泰,8890,1000,0,1000,1.9,8,buy
7/17,2886,台新,0039004200300030,141,515,-374,0.71,8,sell
7/17,2886,凱基,9200,1795,1022,773,1.47,9,buy
7/17,2886,元大-北屯,0039003800390064,0,308,-308,0.59,9,sell
7/17,2886,新加坡商瑞銀,1650,1737,1107,630,1.2,10,buy
7/17,2886,第一金-台南,5384,5,303,-298,0.57,10,sell
7/17,2886,中國信託,6160,592,34,558,1.06,11,buy
7/17,2886,台新-花蓮,0039004200320079,11,307,-296,0.56,11,sell
7/17,2886,美商高盛,1480,2791,2398,393,0.75,12,buy
7/17,2886,新光,8560,8,286,-278,0.53,12,sell
7/17,2886,法銀巴黎,8900,473,143,330,0.63,13,buy
7/17,2886,永豐金-台南,0039004100390068,4,281,-277,0.53,13,sell
7/17,2886,宏遠證券,1260,137,1,136,0.26,14,buy
7/17,2886,康和,8450,0,255,-255,0.49,14,sell
7/17,2886,華南永昌,9300,134,66,68,0.13,15,buy
7/17,2886,國泰證券,8880,11,256,-245,0.47,15,sell
7/17,2867,元大證券,9800,17045,1902,15143,39.91,1,buy
7/17,2867,(牛牛牛)亞-鑫豐,0036003000310064,18,3072,-3054,8.05,1,sell
7/17,2867,美商高盛,1480,4096,1119,2977,7.85,2,buy
7/17,2867,群益金鼎,9100,69,2308,-2239,5.9,2,sell
7/17,2867,台灣摩根士丹利,1470,3824,1299,2525,6.66,3,buy
7/17,2867,新光,8560,139,1168,-1029,2.71,3,sell
7/17,2867,美林,1440,1320,22,1298,3.42,4,buy
7/17,2867,華南永昌-台南,9306,0,651,-651,1.72,4,sell
7/17,2867,永豐金證券,0039004100300030,903,22,881,2.32,5,buy
7/17,2867,臺銀-新竹,1045,0,631,-631,1.66,5,sell
7/17,2867,元大-文心興安,9854,779,5,774,2.04,6,buy
7/17,2867,台新-中原,0039004200320067,0,607,-607,1.6,6,sell
7/17,2867,摩根大通,8440,741,76,665,1.75,7,buy
7/17,2867,永豐金-南京,0039004100390053,0,600,-600,1.58,7,sell
7/17,2867,凱基-台北,9268,1686,1262,424,1.12,8,buy
7/17,2867,凱基-長庚,9233,0,540,-540,1.42,8,sell
7/17,2867,凱基,9200,704,281,423,1.11,9,buy
7/17,2867,康和,8450,9,391,-382,1.01,9,sell
7/17,2867,永豐金-板盛,0039004100390059,540,191,349,0.92,10,buy
7/17,2867,台新-板橋,0039004200320062,37,417,-380,1.0,10,sell
7/17,2867,國泰-桃園,8885,302,106,196,0.52,11,buy
7/17,2867,富邦-南屯,9666,0,370,-370,0.98,11,sell
7/17,2867,新加坡商瑞銀,1650,518,324,194,0.51,12,buy
7/17,2867,宏遠-台中,003100320036004c,3,370,-367,0.97,12,sell
7/17,2867,凱基-中壢,9285,200,11,189,0.5,13,buy
7/17,2867,台中銀-員林,6114,2,338,-336,0.89,13,sell
7/17,2867,台新-松德,0039004200320061,108,12,96,0.25,14,buy
7/17,2867,中國信託,6160,0,303,-303,0.8,14,sell
7/17,2867,群益金鼎-東大,9135,110,17,93,0.25,15,buy
7/17,2867,元大-板橋三民,9879,10,304,-294,0.77,15,sell
7/17,2105,台灣摩根士丹利,1470,3778,348,3430,11.67,1,buy
7/17,2105,兆豐證券,7000,0,2826,-2826,9.61,1,sell
7/17,2105,摩根大通,8440,3398,133,3265,11.11,2,buy
7/17,2105,第一金,5380,2,2050,-2048,6.97,2,sell
7/17,2105,凱基,9200,2744,14,2730,9.29,3,buy
7/17,2105,富邦-建國,9658,7,964,-957,3.26,3,sell
7/17,2105,美林,1440,2367,39,2328,7.92,4,buy
7/17,2105,富邦證券,9600,250,1039,-789,2.68,4,sell
7/17,2105,凱基-台北,9268,2917,631,2286,7.78,5,buy
7/17,2105,台灣企銀-竹北,1117,0,510,-510,1.73,5,sell
7/17,2105,新加坡商瑞銀,1650,1697,265,1432,4.87,6,buy
7/17,2105,元大證券,9800,2622,3010,-388,1.32,6,sell
7/17,2105,美商高盛,1480,2163,930,1233,4.19,7,buy
7/17,2105,聯邦-興中,8587,0,270,-270,0.92,7,sell
7/17,2105,港商野村,1560,603,0,603,2.05,8,buy
7/17,2105,新光-高雄,8562,7,225,-218,0.74,8,sell
7/17,2105,花旗環球,1590,422,53,369,1.26,9,buy
7/17,2105,新光,8560,23,222,-199,0.68,9,sell
7/17,2105,永豐金證券,0039004100300030,938,612,326,1.11,10,buy
7/17,2105,臺銀,1040,45,242,-197,0.67,10,sell
7/17,2105,群益金鼎-海山,9108,100,2,98,0.33,11,buy
7/17,2105,國泰-台中,8882,40,221,-181,0.62,11,sell
7/17,2105,凱基-湖口,003900320030004e,100,13,87,0.3,12,buy
7/17,2105,台新-新營,0039004200310031,3,160,-157,0.53,12,sell
7/17,2105,法銀巴黎,8900,93,12,81,0.28,13,buy
7/17,2105,元大-福營,0039003800310046,0,155,-155,0.53,13,sell
7/17,2105,華南永昌-台中,9302,89,17,72,0.24,14,buy
7/17,2105,富邦-青埔,003900360031004e,4,148,-144,0.49,14,sell
7/17,2105,群益金鼎,9100,370,317,53,0.18,15,buy
7/17,2105,台新,0039004200300030,28,169,-141,0.48,15,sell
7/17,0050,國泰-敦南,8888,35643,3818,31825,6.11,1,buy
7/17,0050,元大證券,9800,30283,172423,-142140,27.31,1,sell
7/17,0050,國泰-台中,8882,5879,542,5337,1.03,2,buy
7/17,0050,永豐金證券,0039004100300030,9690,95191,-85501,16.43,2,sell
7/17,0050,新光,8560,5672,826,4846,0.93,3,buy
7/17,0050,凱基-台北,9268,3327,47162,-43835,8.42,3,sell
7/17,0050,台新,0039004200300030,6869,2295,4574,0.88,4,buy
7/17,0050,富邦證券,9600,1592,33913,-32321,6.21,4,sell
7/17,0050,國泰-板橋,003800380038004b,4666,557,4109,0.79,5,buy
7/17,0050,摩根大通,8440,150,19854,-19704,3.79,5,sell
7/17,0050,國泰-館前,0038003800380041,3600,302,3298,0.63,6,buy
7/17,0050,美林,1440,1,15000,-14999,2.88,6,sell
7/17,0050,國泰-桃園,8885,3629,455,3174,0.61,7,buy
7/17,0050,法銀巴黎,8900,0,13968,-13968,2.68,7,sell
7/17,0050,玉山證券,8840,2775,179,2596,0.5,8,buy
7/17,0050,美商高盛,1480,4,13025,-13021,2.5,8,sell
7/17,0050,國泰-高雄,8881,2785,309,2476,0.48,9,buy
7/17,0050,群益金鼎,9100,4523,16298,-11775,2.26,9,sell
7/17,0050,富邦-仁愛,9676,2400,145,2255,0.43,10,buy
7/17,0050,台灣摩根士丹利,1470,5667,12730,-7063,1.36,10,sell
7/17,0050,玉山-數位,003800380034004d,2320,120,2200,0.42,11,buy
7/17,0050,凱基,9200,221,7278,-7057,1.36,11,sell
7/17,0050,台新-台中,0039004200310068,2451,265,2186,0.42,12,buy
7/17,0050,中國信託,6160,6009,7262,-1253,0.24,12,sell
7/17,0050,富邦-台北,9623,2614,446,2168,0.42,13,buy
7/17,0050,國票證券,7790,229,1394,-1165,0.22,13,sell
7/17,0050,富邦-陽明,9604,2445,293,2152,0.41,14,buy
7/17,0050,康和,8450,267,1413,-1146,0.22,14,sell
7/17,0050,富邦-板橋,9655,2249,231,2018,0.39,15,buy
7/17,0050,統一,5850,1716,2436,-720,0.14,15,sell
7/17,0056,國泰-敦南,8888,9476,872,8604,4.61,1,buy
7/17,0056,元大證券,9800,3140,101382,-98242,52.64,1,sell
7/17,0056,臺銀,1040,1543,48,1495,0.8,2,buy
7/17,0056,永豐金證券,0039004100300030,1922,47507,-45585,24.42,2,sell
7/17,0056,台新,0039004200300030,1599,109,1490,0.8,3,buy
7/17,0056,凱基-台北,9268,1199,11150,-9951,5.33,3,sell
7/17,0056,國泰-台中,8882,1635,150,1485,0.8,4,buy
7/17,0056,群益金鼎,9100,111,1655,-1544,0.83,4,sell
7/17,0056,新光,8560,1714,248,1466,0.79,5,buy
7/17,0056,美林,1440,2,1110,-1108,0.59,5,sell
7/17,0056,國泰-板橋,003800380038004b,1438,161,1277,0.68,6,buy
7/17,0056,新加坡商瑞銀,1650,239,1015,-776,0.42,6,sell
7/17,0056,國泰-桃園,8885,1285,67,1218,0.65,7,buy
7/17,0056,華南永昌-嘉義,9314,51,460,-409,0.22,7,sell
7/17,0056,中國信託-忠孝,6162,1223,45,1178,0.63,8,buy
7/17,0056,統一-士林,003500380035004d,197,531,-334,0.18,8,sell
7/17,0056,元大-中壢,9834,1153,178,975,0.52,9,buy
7/17,0056,亞東-新竹,2184,46,291,-245,0.13,9,sell
7/17,0056,中國信託,6160,1483,515,968,0.52,10,buy
7/17,0056,元大-金華,9878,234,385,-151,0.08,10,sell
7/17,0056,國泰-館前,0038003800380041,1106,146,960,0.51,11,buy
7/17,0056,台灣摩根士丹利,1470,155,303,-148,0.08,11,sell
7/17,0056,台新-台中,0039004200310068,945,61,884,0.47,12,buy
7/17,0056,凱基-新豐,9266,179,243,-64,0.03,12,sell
7/17,0056,富邦-中壢,9636,913,40,873,0.47,13,buy
7/17,0056,台灣企銀-岡山,1119,57,85,-28,0.02,13,sell
7/17,0056,台新-高雄,0039004200310067,952,85,867,0.46,14,buy
7/17,0056,群益金鼎-竹南,0039003100380069,101,127,-26,0.01,14,sell
7/17,0056,富邦-陽明,9604,924,65,859,0.46,15,buy
7/17,0056,國票-台東,7791,36,58,-22,0.01,15,sell
7/17,3481,美商高盛,1480,22689,1704,20985,6.11,1,buy
7/17,3481,永豐金證券,0039004100300030,2655,30336,-27681,8.06,1,sell
7/17,3481,凱基-台北,9268,26295,12838,13457,3.92,2,buy
7/17,3481,凱基-桃園,9208,740,5855,-5115,1.49,2,sell
7/17,3481,台灣摩根士丹利,1470,25595,12389,13206,3.85,3,buy
7/17,3481,群益金鼎,9100,1652,6386,-4734,1.38,3,sell
7/17,3481,新加坡商瑞銀,1650,7567,1114,6453,1.88,4,buy
7/17,3481,華南永昌,9300,1423,4093,-2670,0.78,4,sell
7/17,3481,美林,1440,5203,997,4206,1.23,5,buy
7/17,3481,富邦-台北,9623,879,3246,-2367,0.69,5,sell
7/17,3481,元大證券,9800,32737,31769,968,0.28,6,buy
7/17,3481,國泰證券,8880,60,1819,-1759,0.51,6,sell
7/17,3481,元大-成功,003900380039004c,1260,349,911,0.27,7,buy
7/17,3481,統一,5850,1141,2618,-1477,0.43,7,sell
7/17,3481,港商麥格理,1360,856,0,856,0.25,8,buy
7/17,3481,凱基-東港,9212,181,1311,-1130,0.33,8,sell
7/17,3481,第一金-忠孝,0035003300380044,744,82,662,0.19,9,buy
7/17,3481,國泰-敦南,8888,9542,10598,-1056,0.31,9,sell
7/17,3481,凱基-站前,0039003200300046,906,348,558,0.16,10,buy
7/17,3481,國票-安和,003700370039005a,70,1032,-962,0.28,10,sell
7/17,3481,台新-台南,0039004200310036,1002,525,477,0.14,11,buy
7/17,3481,國票-南崁,0037003700390045,123,1043,-920,0.27,11,sell
7/17,3481,土銀-建國,0031003000330041,482,70,412,0.12,12,buy
7/17,3481,富邦-三重,9677,255,1166,-911,0.27,12,sell
7/17,3481,華南永昌-竹北,9339,547,165,382,0.11,13,buy
7/17,3481,元大-天母,0039003800310049,321,1166,-845,0.25,13,sell
7/17,3481,宏遠-館前,0031003200360055,505,155,350,0.1,14,buy
7/17,3481,中國信託-忠孝,6162,384,1126,-742,0.22,14,sell
7/17,3481,國票-中正,7797,434,106,328,0.1,15,buy
7/17,3481,兆豐-忠孝,0037003000300061,143,859,-716,0.21,15,sell
7/17,2344,元大-和平,9863,3466,20,3446,3.12,1,buy
7/17,2344,台灣摩根士丹利,1470,2631,10247,-7616,6.89,1,sell
7/17,2344,國泰證券,8880,2200,317,1883,1.7,2,buy
7/17,2344,新加坡商瑞銀,1650,1937,9241,-7304,6.61,2,sell
7/17,2344,華南永昌-世貿,9334,1786,14,1772,1.6,3,buy
7/17,2344,美商高盛,1480,2085,5987,-3902,3.53,3,sell
7/17,2344,國泰-敦南,8888,3462,1824,1638,1.48,4,buy
7/17,2344,群益金鼎,9100,274,3915,-3641,3.29,4,sell
7/17,2344,國泰-台中,8882,732,257,475,0.43,5,buy
7/17,2344,凱基-桃園,9208,248,3541,-3293,2.98,5,sell
7/17,2344,富邦-板橋,9655,534,87,447,0.4,6,buy
7/17,2344,摩根大通,8440,1466,4566,-3100,2.8,6,sell
7/17,2344,新光,8560,827,393,434,0.39,7,buy
7/17,2344,元大證券,9800,7945,10991,-3046,2.76,7,sell
7/17,2344,富邦-台南,9667,381,36,345,0.31,8,buy
7/17,2344,富邦證券,9600,1394,4302,-2908,2.63,8,sell
7/17,2344,美林,1440,2504,2170,334,0.3,9,buy
7/17,2344,永豐金證券,0039004100300030,996,3484,-2488,2.25,9,sell
7/17,2344,富邦-新板,0039003600310048,359,35,324,0.29,10,buy
7/17,2344,港商麥格理,1360,6,2326,-2320,2.1,10,sell
7/17,2344,國泰-松江,8883,392,70,322,0.29,11,buy
7/17,2344,統一,5850,281,1871,-1590,1.44,11,sell
7/17,2344,玉山-板橋,8846,392,72,320,0.29,12,buy
7/17,2344,凱基-台北,9268,2335,3660,-1325,1.2,12,sell
7/17,2344,國泰-板橋,003800380038004b,523,209,314,0.28,13,buy
7/17,2344,永豐金-新竹,0039004100390037,97,1048,-951,0.86,13,sell
7/17,2344,元大-新莊,9898,336,29,307,0.28,14,buy
7/17,2344,凱基-城中,9227,64,880,-816,0.74,14,sell
7/17,2344,元大-大里,0039003800310067,470,182,288,0.26,15,buy
7/17,2344,港商野村,1560,282,1058,-776,0.7,15,sell
7/17,9904,摩根大通,8440,6670,870,5800,12.01,1,buy
7/17,9904,合庫證券,1020,86,4676,-4590,9.5,1,sell
7/17,9904,美林,1440,3446,343,3103,6.42,2,buy
7/17,9904,國泰證券,8880,59,3446,-3387,7.01,2,sell
7/17,9904,新加坡商瑞銀,1650,3088,703,2385,4.94,3,buy
7/17,9904,花旗環球,1590,1372,3204,-1832,3.79,3,sell
7/17,9904,港商野村,1560,1486,0,1486,3.08,4,buy
7/17,9904,永豐金證券,0039004100300030,351,2037,-1686,3.49,4,sell
7/17,9904,美商高盛,1480,3740,2426,1314,2.72,5,buy
7/17,9904,富邦證券,9600,16,1210,-1194,2.47,5,sell
7/17,9904,福勝,6950,1255,5,1250,2.59,6,buy
7/17,9904,元大-和平,9863,10,723,-713,1.48,6,sell
7/17,9904,富邦-三重,9677,1003,9,994,2.06,7,buy
7/17,9904,新光,8560,281,977,-696,1.44,7,sell
7/17,9904,凱基-台北,9268,4089,3106,983,2.04,8,buy
7/17,9904,元大-內湖民權,9867,83,754,-671,1.39,8,sell
7/17,9904,台灣摩根士丹利,1470,1103,712,391,0.81,9,buy
7/17,9904,元大證券,9800,2651,3263,-612,1.27,9,sell
7/17,9904,玉山-台中,0038003800340042,396,22,374,0.77,10,buy
7/17,9904,台新,0039004200300030,97,498,-401,0.83,10,sell
7/17,9904,富邦-中壢,9636,395,39,356,0.74,11,buy
7/17,9904,富邦-新店,9661,137,532,-395,0.82,11,sell
7/17,9904,元大-高雄,003900380031006d,304,11,293,0.61,12,buy
7/17,9904,康和-嘉義,8459,44,364,-320,0.66,12,sell
7/17,9904,永豐金-三重,003900410039004b,274,5,269,0.56,13,buy
7/17,9904,元大-雙和,9874,5,292,-287,0.59,13,sell
7/17,9904,元大-三峽,0039003800310041,201,0,201,0.42,14,buy
7/17,9904,永豐金-忠孝,0039004100390044,3,240,-237,0.49,14,sell
7/17,9904,光和-田中,6382,201,1,200,0.41,15,buy
7/17,9904,新光-桃園,8565,13,207,-194,0.4,15,sell
7/17,1101,玉山-城中,0038003800340045,6003,7,5996,15.41,1,buy
7/17,1101,富邦證券,9600,48,3733,-3685,9.47,1,sell
7/17,1101,摩根大通,8440,4376,238,4138,10.64,2,buy
7/17,1101,元大證券,9800,992,1994,-1002,2.58,2,sell
7/17,1101,台灣摩根士丹利,1470,4221,144,4077,10.48,3,buy
7/17,1101,台中銀-員林,6114,0,912,-912,2.34,3,sell
7/17,1101,港商野村,1560,1986,26,1960,5.04,4,buy
7/17,1101,花旗環球,1590,374,1147,-773,1.99,4,sell
7/17,1101,新加坡商瑞銀,1650,2097,403,1694,4.35,5,buy
7/17,1101,華南永昌-楠梓,9332,3,596,-593,1.52,5,sell
7/17,1101,美林,1440,1030,64,966,2.48,6,buy
7/17,1101,國泰-敦南,8888,138,514,-376,0.97,6,sell
7/17,1101,凱基-台北,9268,3190,2564,626,1.61,7,buy
7/17,1101,永豐金證券,0039004100300030,81,443,-362,0.93,7,sell
7/17,1101,統一-南京,0035003800350055,502,0,502,1.29,8,buy
7/17,1101,元大-旗山,003900380031006e,6,322,-316,0.81,8,sell
7/17,1101,兆豐-埔墘,003700300030004e,502,7,495,1.27,9,buy
7/17,1101,富邦-建國,9658,46,357,-311,0.8,9,sell
7/17,1101,美商高盛,1480,1506,1214,292,0.75,10,buy
7/17,1101,元大-屏東民生,0039003800310068,5,297,-292,0.75,10,sell
7/17,1101,統一-台南,5855,300,12,288,0.74,11,buy
7/17,1101,永豐金-板新,003900410039004a,2,281,-279,0.72,11,sell
7/17,1101,富邦-陽明,9604,316,130,186,0.48,12,buy
7/17,1101,凱基-湖口,003900320030004e,1,276,-275,0.71,12,sell
7/17,1101,港商麥格理,1360,171,0,171,0.44,13,buy
7/17,1101,台新-台南,0039004200310036,201,458,-257,0.66,13,sell
7/17,1101,華南永昌-大安,9307,174,14,160,0.41,14,buy
7/17,1101,台新-台中,0039004200310068,7,255,-248,0.64,14,sell
7/17,1101,元大-新生,0039003800310058,185,34,151,0.39,15,buy
7/17,1101,元大-信義安和,0039003800300052,14,255,-241,0.62,15,sell
7/17,6770,國泰-敦南,8888,7904,4798,3106,1.14,1,buy
7/17,6770,摩根大通,8440,1782,33770,-31988,11.78,1,sell
7/17,6770,元大-蘆洲,9857,1889,254,1635,0.6,2,buy
7/17,6770,美商高盛,1480,3422,29034,-25612,9.43,2,sell
7/17,6770,永豐金-市政,0039004100390057,1954,391,1563,0.58,3,buy
7/17,6770,台灣摩根士丹利,1470,6566,30633,-24067,8.86,3,sell
7/17,6770,華南永昌,9300,1373,202,1171,0.43,4,buy
7/17,6770,港商野村,1560,39,12571,-12532,4.61,4,sell
7/17,6770,富邦-永和,9654,1424,340,1084,0.4,5,buy
7/17,6770,新加坡商瑞銀,1650,1748,10885,-9137,3.36,5,sell
7/17,6770,新光,8560,2680,1628,1052,0.39,6,buy
7/17,6770,元大證券,9800,17265,25401,-8136,3.0,6,sell
7/17,6770,國泰-台中,8882,1551,697,854,0.31,7,buy
7/17,6770,凱基-台北,9268,9627,13190,-3563,1.31,7,sell
7/17,6770,中國信託-永康,6163,1498,664,834,0.31,8,buy
7/17,6770,統一,5850,419,2618,-2199,0.81,8,sell
7/17,6770,富邦-公益,0039003600310046,1070,261,809,0.3,9,buy
7/17,6770,永豐金證券,0039004100300030,1522,3328,-1806,0.66,9,sell
7/17,6770,國泰-板橋,003800380038004b,1376,689,687,0.25,10,buy
7/17,6770,群益金鼎,9100,757,2093,-1336,0.49,10,sell
7/17,6770,玉山-桃園,0038003800340046,1005,326,679,0.25,11,buy
7/17,6770,法銀巴黎,8900,87,1075,-988,0.36,11,sell
7/17,6770,兆豐-台中,7003,780,102,678,0.25,12,buy
7/17,6770,美林,1440,3731,4323,-592,0.22,12,sell
7/17,6770,新光-台中,8561,1169,540,629,0.23,13,buy
7/17,6770,國票-敦北法人,0037003700390063,151,679,-528,0.19,13,sell
7/17,6770,元大-新莊,9898,839,213,626,0.23,14,buy
7/17,6770,花旗環球,1590,76,568,-492,0.18,14,sell
7/17,6770,富邦-陽明,9604,817,257,560,0.21,15,buy
7/17,6770,兆豐-民生,0037003000300063,76,539,-463,0.17,15,sell
7/17,6116,摩根大通,8440,1922,676,1246,3.53,1,buy
7/17,6116,第一金-忠孝,0035003300380044,42,2153,-2111,5.99,1,sell
7/17,6116,凱基-台北,9268,3799,2950,849,2.41,2,buy
7/17,6116,凱基-員林,9231,1,808,-807,2.29,2,sell
7/17,6116,玉山-新莊,8842,1296,691,605,1.72,3,buy
7/17,6116,中農,8520,10,480,-470,1.33,3,sell
7/17,6116,康和-仁愛,0038003400350046,485,0,485,1.38,4,buy
7/17,6116,土銀-彰化,0031003000330042,2,400,-398,1.13,4,sell
7/17,6116,元大證券,9800,2060,1723,337,0.96,5,buy
7/17,6116,台灣企銀-台中,1111,3,307,-304,0.86,5,sell
7/17,6116,台灣摩根士丹利,1470,654,326,328,0.93,6,buy
7/17,6116,新光-桃園,8565,73,358,-285,0.81,6,sell
7/17,6116,美商高盛,1480,747,424,323,0.92,7,buy
7/17,6116,富邦-公益,0039003600310046,154,361,-207,0.59,7,sell
7/17,6116,臺銀-高雄,0031003000340043,355,68,287,0.81,8,buy
7/17,6116,元大-左營,0039003800390044,9,154,-145,0.41,8,sell
7/17,6116,光和-溪湖,6381,309,33,276,0.78,9,buy
7/17,6116,元大-文心,9868,10,153,-143,0.41,9,sell
7/17,6116,美好-蘆洲,5261,205,1,204,0.58,10,buy
7/17,6116,富邦-新莊,0039003600320044,33,165,-132,0.37,10,sell
7/17,6116,台新-大裕,003900420032006c,222,21,201,0.57,11,buy
7/17,6116,合庫-嘉義,1024,6,137,-131,0.37,11,sell
7/17,6116,康和-屏東,0038003400350058,185,5,180,0.51,12,buy
7/17,6116,台新-同大,0039004200320050,37,168,-131,0.37,12,sell
7/17,6116,元大-潮州,003900380031005a,170,10,160,0.45,13,buy
7/17,6116,元大-新莊,9898,22,152,-130,0.37,13,sell
7/17,6116,元大-佳里,0039003800310065,173,19,154,0.44,14,buy
7/17,6116,大昌-樹林,6461,13,135,-122,0.35,14,sell
7/17,6116,合庫-基隆,1025,170,33,137,0.39,15,buy
7/17,6116,凱基-松山,9217,4,119,-115,0.33,15,sell
7/17,0052,國泰-敦南,8888,2782,752,2030,3.04,1,buy
7/17,0052,元大證券,9800,4080,12881,-8801,13.17,1,sell
7/17,0052,新光,8560,839,125,714,1.07,2,buy
7/17,0052,台新,0039004200300030,987,8634,-7647,11.44,2,sell
7/17,0052,國泰-板橋,003800380038004b,651,92,559,0.84,3,buy
7/17,0052,群益金鼎,9100,81,5017,-4936,7.38,3,sell
7/17,0052,元大-新莊,9898,478,23,455,0.68,4,buy
7/17,0052,富邦證券,9600,679,5490,-4811,7.2,4,sell
7/17,0052,玉山-士林,0038003800340041,459,6,453,0.68,5,buy
7/17,0052,中國信託,6160,461,3857,-3396,5.08,5,sell
7/17,0052,國泰-館前,0038003800380041,522,102,420,0.63,6,buy
7/17,0052,永豐金證券,0039004100300030,820,3590,-2770,4.14,6,sell
7/17,0052,統一-三重,003500380035004a,377,21,356,0.53,7,buy
7/17,0052,新加坡商瑞銀,1650,366,2425,-2059,3.08,7,sell
7/17,0052,玉山-景美,8849,323,16,307,0.46,8,buy
7/17,0052,凱基-台北,9268,829,2608,-1779,2.66,8,sell
7/17,0052,台新-台中,0039004200310068,319,27,292,0.44,9,buy
7/17,0052,統一,5850,1358,2878,-1520,2.27,9,sell
7/17,0052,國泰-桃園,8885,357,71,286,0.43,10,buy
7/17,0052,台灣摩根士丹利,1470,644,1664,-1020,1.53,10,sell
7/17,0052,富邦-仁愛,9676,340,61,279,0.42,11,buy
7/17,0052,美林,1440,196,638,-442,0.66,11,sell
7/17,0052,富邦-建國,9658,340,71,269,0.4,12,buy
7/17,0052,群益金鼎-敦南,9101,55,375,-320,0.48,12,sell
7/17,0052,宏遠證券,1260,271,5,266,0.4,13,buy
7/17,0052,凱基,9200,695,1010,-315,0.47,13,sell
7/17,0052,國泰-高雄,8881,382,117,265,0.4,14,buy
7/17,0052,兆豐證券,7000,15,210,-195,0.29,14,sell
7/17,0052,國泰-台中,8882,447,185,262,0.39,15,buy
7/17,0052,台新-桃園,0039004200320076,30,204,-174,0.26,15,sell
7/17,2337,台灣摩根士丹利,1470,6845,2460,4385,6.4,1,buy
7/17,2337,凱基,9200,73,2591,-2518,3.67,1,sell
7/17,2337,凱基-台北,9268,4232,2454,1778,2.59,2,buy
7/17,2337,摩根大通,8440,2877,5223,-2346,3.42,2,sell
7/17,2337,新加坡商瑞銀,1650,1970,795,1175,1.71,3,buy
7/17,2337,中國信託-新竹,6165,63,936,-873,1.27,3,sell
7/17,2337,國泰證券,8880,1207,215,992,1.45,4,buy
7/17,2337,永豐金證券,0039004100300030,548,1400,-852,1.24,4,sell
7/17,2337,元大證券,9800,8255,7385,870,1.27,5,buy
7/17,2337,凱基-斗六,9281,5,646,-641,0.94,5,sell
7/17,2337,美林,1440,1438,849,589,0.86,6,buy
7/17,2337,華南永昌,9300,148,664,-516,0.75,6,sell
7/17,2337,大和國泰,8890,537,0,537,0.78,7,buy
7/17,2337,富邦-南屯,9666,174,656,-482,0.7,7,sell
7/17,2337,華南永昌-古亭,9309,309,19,290,0.42,8,buy
7/17,2337,台新-同大,0039004200320050,48,503,-455,0.66,8,sell
7/17,2337,第一金-新興,0035003300380041,203,43,160,0.23,9,buy
7/17,2337,台新-安南,003900420032005a,126,521,-395,0.58,9,sell
7/17,2337,國泰-敦南,8888,1920,1766,154,0.22,10,buy
7/17,2337,永豐金-敦南,0039004100380046,73,465,-392,0.57,10,sell
7/17,2337,元大-發財,0039003800310045,164,27,137,0.2,11,buy
7/17,2337,元大-台中,9812,34,362,-328,0.48,11,sell
7/17,2337,臺銀-臺中,0031003000340041,180,51,129,0.19,12,buy
7/17,2337,台新,0039004200300030,343,621,-278,0.41,12,sell
7/17,2337,統一-土城,0035003800350059,187,85,102,0.15,13,buy
7/17,2337,元大-忠孝,9871,30,300,-270,0.39,13,sell
7/17,2337,元大-中壢,9834,180,86,94,0.14,14,buy
7/17,2337,元大-斗信,9884,49,289,-240,0.35,14,sell
7/17,2337,富邦-建國,9658,164,88,76,0.11,15,buy
7/17,2337,港商野村,1560,34,268,-234,0.34,15,sell
7/17,2002,凱基-台北,9268,7173,1864,5309,10.69,1,buy
7/17,2002,(牛牛牛)亞-鑫豐,0036003000310064,176,1107,-931,1.87,1,sell
7/17,2002,台灣摩根士丹利,1470,7499,2544,4955,9.97,2,buy
7/17,2002,國泰-敦南,8888,343,1010,-667,1.34,2,sell
7/17,2002,摩根大通,8440,4516,655,3861,7.77,3,buy
7/17,2002,兆豐-北高雄,0037003000300049,22,678,-656,1.32,3,sell
7/17,2002,兆豐-忠孝,0037003000300061,2305,22,2283,4.59,4,buy
7/17,2002,玉山-台南,8847,131,761,-630,1.27,4,sell
7/17,2002,美林,1440,2215,246,1969,3.96,5,buy
7/17,2002,富邦-公益,0039003600310046,13,540,-527,1.06,5,sell
7/17,2002,花旗環球,1590,2296,445,1851,3.73,6,buy
7/17,2002,新光,8560,150,588,-438,0.88,6,sell
7/17,2002,美商高盛,1480,4416,2751,1665,3.35,7,buy
7/17,2002,華南永昌-台南,9306,5,424,-419,0.84,7,sell
7/17,2002,港商野村,1560,1564,0,1564,3.15,8,buy
7/17,2002,群益金鼎-桃園,9189,1,401,-400,0.81,8,sell
7/17,2002,富邦證券,9600,504,7,497,1.0,9,buy
7/17,2002,北城證券,7750,0,310,-310,0.62,9,sell
7/17,2002,港商麥格理,1360,440,0,440,0.89,10,buy
7/17,2002,聯邦-雙和,8584,3,304,-301,0.61,10,sell
7/17,2002,富邦-內湖,9627,424,21,403,0.81,11,buy
7/17,2002,臺銀-民權,1043,2,291,-289,0.58,11,sell
7/17,2002,新加坡商瑞銀,1650,717,376,341,0.69,12,buy
7/17,2002,元大-屏南,0039003800310072,10,298,-288,0.58,12,sell
7/17,2002,永全證券,6450,357,21,336,0.68,13,buy
7/17,2002,富邦-新竹,9647,18,286,-268,0.54,13,sell
7/17,2002,元大-虎尾,003900380030006c,352,51,301,0.61,14,buy
7/17,2002,新光-台中,8561,22,270,-248,0.5,14,sell
7/17,2002,群益金鼎-竹南,0039003100380069,421,122,299,0.6,15,buy
7/17,2002,富邦-建國,9658,90,334,-244,0.49,15,sell
7/17,2353,摩根大通,8440,5115,770,4345,11.57,1,buy
7/17,2353,合庫證券,1020,85,7631,-7546,20.09,1,sell
7/17,2353,元大證券,9800,2806,1843,963,2.56,2,buy
7/17,2353,兆豐證券,7000,25,4230,-4205,11.2,2,sell
7/17,2353,新光,8560,847,157,690,1.84,3,buy
7/17,2353,台灣摩根士丹利,1470,740,2265,-1525,4.06,3,sell
7/17,2353,美商高盛,1480,2986,2411,575,1.53,4,buy
7/17,2353,凱基-台北,9268,1880,3280,-1400,3.73,4,sell
7/17,2353,元大-府城,0039003800300075,545,0,545,1.45,5,buy
7/17,2353,新加坡商瑞銀,1650,363,765,-402,1.07,5,sell
7/17,2353,兆豐-忠孝,0037003000300061,417,13,404,1.08,6,buy
7/17,2353,元大-北三重,0039003800390056,28,306,-278,0.74,6,sell
7/17,2353,新光-台南,8564,399,7,392,1.04,7,buy
7/17,2353,國泰證券,8880,41,289,-248,0.66,7,sell
7/17,2353,永豐金證券,0039004100300030,490,168,322,0.86,8,buy
7/17,2353,華南永昌-林口,9317,10,225,-215,0.57,8,sell
7/17,2353,台新-安南,003900420032005a,328,20,308,0.82,9,buy
7/17,2353,凱基,9200,17,189,-172,0.46,9,sell
7/17,2353,富邦-嘉義,9692,282,6,276,0.73,10,buy
7/17,2353,玉山-景美,8849,13,147,-134,0.36,10,sell
7/17,2353,凱基-台南,9211,301,34,267,0.71,11,buy
7/17,2353,中國信託-永康,6163,18,151,-133,0.35,11,sell
7/17,2353,群益金鼎-嘉義,003900310038004d,218,5,213,0.57,12,buy
7/17,2353,凱基-彰化,0039003200300047,12,124,-112,0.3,12,sell
7/17,2353,元大-北府,0039003800300044,239,37,202,0.54,13,buy
7/17,2353,港商野村,1560,312,421,-109,0.29,13,sell
7/17,2353,聯邦-台南,8588,200,20,180,0.48,14,buy
7/17,2353,群益金鼎-民權,9131,33,137,-104,0.28,14,sell
7/17,2353,富邦-陽明,9604,171,11,160,0.43,15,buy
7/17,2353,元大-北港,9837,71,169,-98,0.26,15,sell
7/17,2812,摩根大通,8440,6187,860,5327,17.07,1,buy
7/17,2812,台中銀-台北,6115,0,6096,-6096,19.54,1,sell
7/17,2812,美商高盛,1480,4591,846,3745,12.0,2,buy
7/17,2812,元大-向上,9824,0,1557,-1557,4.99,2,sell
7/17,2812,台灣摩根士丹利,1470,3951,666,3285,10.53,3,buy
7/17,2812,元大-松山,0039003800310070,0,1052,-1052,3.37,3,sell
7/17,2812,群益金鼎,9100,2915,32,2883,9.24,4,buy
7/17,2812,富邦-新板,0039003600310048,5,557,-552,1.77,4,sell
7/17,2812,新加坡商瑞銀,1650,2585,340,2245,7.19,5,buy
7/17,2812,國泰-敦南,8888,69,537,-468,1.5,5,sell
7/17,2812,美林,1440,1305,228,1077,3.45,6,buy
7/17,2812,台中銀,6110,3,423,-420,1.35,6,sell
7/17,2812,港商野村,1560,1381,520,861,2.76,7,buy
7/17,2812,統一-板橋,0035003800350050,0,406,-406,1.3,7,sell
7/17,2812,凱基-台北,9268,2200,1579,621,1.99,8,buy
7/17,2812,兆豐-北高雄,0037003000300049,0,315,-315,1.01,8,sell
7/17,2812,花旗環球,1590,343,0,343,1.1,9,buy
7/17,2812,台新-五權西,0039004200320035,1,278,-277,0.89,9,sell
7/17,2812,群益金鼎-瑞豐,0039003100380075,130,0,130,0.42,10,buy
7/17,2812,(牛牛牛)亞-鑫豐,0036003000310064,1,247,-246,0.79,10,sell
7/17,2812,元大-內湖民權,9867,126,4,122,0.39,11,buy
7/17,2812,新光,8560,42,278,-236,0.76,11,sell
7/17,2812,元大-松江,9801,109,0,109,0.35,12,buy
7/17,2812,新光-台中,8561,5,237,-232,0.74,12,sell
7/17,2812,元大證券,9800,875,768,107,0.34,13,buy
7/17,2812,陽信-石牌,8711,0,224,-224,0.72,13,sell
7/17,2812,臺銀-新竹,1045,100,21,79,0.25,14,buy
7/17,2812,永豐金-新竹,0039004100390037,3,212,-209,0.67,14,sell
7/17,2812,永豐金-板盛,0039004100390059,84,8,76,0.24,15,buy
7/17,2812,第一金-澎湖,5387,5,200,-195,0.62,15,sell
7/17,2834,美商高盛,1480,6897,1804,5093,13.98,1,buy
7/17,2834,國票-長城,0037003700390075,0,5000,-5000,13.73,1,sell
7/17,2834,摩根大通,8440,4660,1081,3579,9.83,2,buy
7/17,2834,國泰-板橋,003800380038004b,629,1375,-746,2.05,2,sell
7/17,2834,港商野村,1560,1944,3,1941,5.33,3,buy
7/17,2834,北城證券,7750,0,728,-728,2.0,3,sell
7/17,2834,新加坡商瑞銀,1650,2762,1106,1656,4.55,4,buy
7/17,2834,群益金鼎-彰化,9187,11,672,-661,1.82,4,sell
7/17,2834,台灣摩根士丹利,1470,2778,1719,1059,2.91,5,buy
7/17,2834,華南永昌-敦南,9347,0,600,-600,1.65,5,sell
7/17,2834,凱基-台北,9268,3012,2381,631,1.73,6,buy
7/17,2834,富邦-中壢,9636,68,459,-391,1.07,6,sell
7/17,2834,美林,1440,624,79,545,1.5,7,buy
7/17,2834,華南永昌-苗栗,9362,0,350,-350,0.96,7,sell
7/17,2834,凱基-彰化,0039003200300047,433,3,430,1.18,8,buy
7/17,2834,臺銀-臺南,1042,3,344,-341,0.94,8,sell
7/17,2834,華南永昌-台中,9302,401,5,396,1.09,9,buy
7/17,2834,富邦-新莊,0039003600320044,2,314,-312,0.86,9,sell
7/17,2834,京城-嘉義,8492,400,8,392,1.08,10,buy
7/17,2834,統一-敦南,5852,80,381,-301,0.83,10,sell
7/17,2834,凱基-南崁,9256,294,65,229,0.63,11,buy
7/17,2834,國泰-台中,8882,13,295,-282,0.77,11,sell
7/17,2834,凱基,9200,249,28,221,0.61,12,buy
7/17,2834,新光-台中,8561,135,393,-258,0.71,12,sell
7/17,2834,元大-沙鹿,0039003800300064,202,9,193,0.53,13,buy
7/17,2834,富邦-竹科,0039003600320043,0,246,-246,0.68,13,sell
7/17,2834,元大-福營,0039003800310046,157,0,157,0.43,14,buy
7/17,2834,凱基-竹科,9272,10,222,-212,0.58,14,sell
7/17,2834,法銀巴黎,8900,123,7,116,0.32,15,buy
7/17,2834,統一-新台中,0035003800350044,5,216,-211,0.58,15,sell
7/17,6505,台灣摩根士丹利,1470,16338,4439,11899,7.18,1,buy
7/17,6505,凱基-城中,9227,1436,6811,-5375,3.24,1,sell
7/17,6505,華南永昌,9300,4474,622,3852,2.32,2,buy
7/17,6505,美商高盛,1480,5673,7471,-1798,1.09,2,sell
7/17,6505,國泰證券,8880,2461,48,2413,1.46,3,buy
7/17,6505,元大證券,9800,13256,14964,-1708,1.03,3,sell
7/17,6505,永豐金證券,0039004100300030,3629,2423,1206,0.73,4,buy
7/17,6505,凱基-台北,9268,12964,14351,-1387,0.84,4,sell
7/17,6505,凱基-興隆,9289,1014,8,1006,0.61,5,buy
7/17,6505,摩根大通,8440,5406,6444,-1038,0.63,5,sell
7/17,6505,國票-敦北法人,0037003700390063,977,259,718,0.43,6,buy
7/17,6505,富邦-南屯,9666,60,1072,-1012,0.61,6,sell
7/17,6505,凱基,9200,989,292,697,0.42,7,buy
7/17,6505,國票-北高雄,003700370039004a,49,1053,-1004,0.61,7,sell
7/17,6505,富邦-建國,9658,926,301,625,0.38,8,buy
7/17,6505,台新,0039004200300030,907,1900,-993,0.6,8,sell
7/17,6505,玉山-新莊,8842,797,180,617,0.37,9,buy
7/17,6505,新加坡商瑞銀,1650,3223,3953,-730,0.44,9,sell
7/17,6505,元大-天母,0039003800310049,528,67,461,0.28,10,buy
7/17,6505,美林,1440,1180,1766,-586,0.35,10,sell
7/17,6505,元大-信義安和,0039003800300052,302,17,285,0.17,11,buy
7/17,6505,凱基-市政,9239,93,578,-485,0.29,11,sell
7/17,6505,國泰-敦南,8888,5444,5162,282,0.17,12,buy
7/17,6505,群益金鼎-中港,9138,151,613,-462,0.28,12,sell
7/17,6505,法銀巴黎,8900,315,76,239,0.14,13,buy
7/17,6505,富邦-永和,9654,684,1135,-451,0.27,13,sell
7/17,6505,富邦-內湖,9627,270,76,194,0.12,14,buy
7/17,6505,新光-台中,8561,434,863,-429,0.26,14,sell
7/17,6505,元大-虎尾,003900380030006c,371,178,193,0.12,15,buy
7/17,6505,富邦-南京,0039003600310043,146,523,-377,0.23,15,sell
7/17,2449,國泰-敦南,8888,1195,417,778,2.04,1,buy
7/17,2449,台灣摩根士丹利,1470,204,5659,-5455,14.28,1,sell
7/17,2449,花旗環球,1590,518,107,411,1.08,2,buy
7/17,2449,美商高盛,1480,291,5170,-4879,12.78,2,sell
7/17,2449,新光,8560,311,59,252,0.66,3,buy
7/17,2449,元大證券,9800,2038,5340,-3302,8.65,3,sell
7/17,2449,台新,0039004200300030,450,224,226,0.59,4,buy
7/17,2449,新加坡商瑞銀,1650,349,3323,-2974,7.79,4,sell
7/17,2449,土銀,1030,217,2,215,0.56,5,buy
7/17,2449,美林,1440,735,2685,-1950,5.11,5,sell
7/17,2449,國泰-板橋,003800380038004b,239,40,199,0.52,6,buy
7/17,2449,凱基-台北,9268,1339,2292,-953,2.5,6,sell
7/17,2449,富邦-陽明,9604,206,17,189,0.49,7,buy
7/17,2449,摩根大通,8440,711,1520,-809,2.12,7,sell
7/17,2449,玉山證券,8840,187,20,167,0.44,8,buy
7/17,2449,富邦證券,9600,635,1412,-777,2.03,8,sell
7/17,2449,國泰-台中,8882,218,57,161,0.42,9,buy
7/17,2449,永豐金證券,0039004100300030,474,1222,-748,1.96,9,sell
7/17,2449,新光-新竹,8563,200,41,159,0.42,10,buy
7/17,2449,港商野村,1560,180,693,-513,1.34,10,sell
7/17,2449,中國信託-永康,6163,157,14,143,0.37,11,buy
7/17,2449,統一,5850,131,516,-385,1.01,11,sell
7/17,2449,富邦-新竹,9647,147,6,141,0.37,12,buy
7/17,2449,凱基-信義,9216,1,288,-287,0.75,12,sell
7/17,2449,國泰-館前,0038003800380041,193,73,120,0.31,13,buy
7/17,2449,第一金,5380,16,165,-149,0.39,13,sell
7/17,2449,國泰-台南,8884,160,41,119,0.31,14,buy
7/17,2449,法銀巴黎,8900,17,96,-79,0.21,14,sell
7/17,2449,台新-台中,0039004200310068,147,30,117,0.31,15,buy
7/17,2449,元大-新生,0039003800310058,41,110,-69,0.18,15,sell
7/17,1314,兆豐-大同,0037003000300053,2104,302,1802,2.93,1,buy
7/17,1314,美商高盛,1480,1153,6755,-5602,9.1,1,sell
7/17,1314,國票-九鼎,0037003700390050,1110,0,1110,1.8,2,buy
7/17,1314,富邦-台北,9623,202,3720,-3518,5.72,2,sell
7/17,1314,台新-高雄,0039004200310067,650,84,566,0.92,3,buy
7/17,1314,台灣摩根士丹利,1470,2760,5894,-3134,5.09,3,sell
7/17,1314,美林,1440,586,112,474,0.77,4,buy
7/17,1314,新加坡商瑞銀,1650,449,1908,-1459,2.37,4,sell
7/17,1314,大昌,6460,456,10,446,0.72,5,buy
7/17,1314,摩根大通,8440,1213,2486,-1273,2.07,5,sell
7/17,1314,日茂,5960,437,2,435,0.71,6,buy
7/17,1314,凱基-台北,9268,2566,3510,-944,1.53,6,sell
7/17,1314,土銀-新竹,1035,423,1,422,0.69,7,buy
7/17,1314,臺銀-高雄,0031003000340043,81,949,-868,1.41,7,sell
7/17,1314,富邦-內湖,9627,402,5,397,0.65,8,buy
7/17,1314,兆豐-高雄,003700300030005a,20,880,-860,1.4,8,sell
7/17,1314,新光,8560,675,332,343,0.56,9,buy
7/17,1314,宏遠-館前,0031003200360055,9,771,-762,1.24,9,sell
7/17,1314,國泰-板橋,003800380038004b,458,171,287,0.47,10,buy
7/17,1314,港商野村,1560,0,738,-738,1.2,10,sell
7/17,1314,永豐金-鳳山,0039004100360031,287,2,285,0.46,11,buy
7/17,1314,國泰-台中,8882,527,889,-362,0.59,11,sell
7/17,1314,群益金鼎-敦南,9101,269,0,269,0.44,12,buy
7/17,1314,新光-台南,8564,299,617,-318,0.52,12,sell
7/17,1314,富邦-陽明,9604,274,11,263,0.43,13,buy
7/17,1314,華南永昌-台中,9302,131,402,-271,0.44,13,sell
7/17,1314,統一-台中,5856,272,13,259,0.42,14,buy
7/17,1314,元大證券,9800,2875,3139,-264,0.43,14,sell
7/17,1314,合庫-台中,1021,272,22,250,0.41,15,buy
7/17,1314,凱基-站前,0039003200300046,97,351,-254,0.41,15,sell
7/17,1303,元大證券,9800,34847,8339,26508,22.34,1,buy
7/17,1303,摩根大通,8440,2458,17145,-14687,12.38,1,sell
7/17,1303,永豐金證券,0039004100300030,11170,3382,7788,6.56,2,buy
7/17,1303,台灣摩根士丹利,1470,1654,14965,-13311,11.22,2,sell
7/17,1303,新加坡商瑞銀,1650,4272,2397,1875,1.58,3,buy
7/17,1303,花旗環球,1590,77,7627,-7550,6.36,3,sell
7/17,1303,富邦證券,9600,3454,1811,1643,1.38,4,buy
7/17,1303,凱基-台北,9268,3230,9681,-6451,5.44,4,sell
7/17,1303,凱基,9200,1851,303,1548,1.3,5,buy
7/17,1303,美商高盛,1480,2283,7260,-4977,4.19,5,sell
7/17,1303,群益金鼎,9100,3210,1704,1506,1.27,6,buy
7/17,1303,統一,5850,215,4221,-4006,3.38,6,sell
7/17,1303,台新-台北,0039004200320030,1026,31,995,0.84,7,buy
7/17,1303,美林,1440,1133,2807,-1674,1.41,7,sell
7/17,1303,中國信託,6160,1289,355,934,0.79,8,buy
7/17,1303,台新-西松,003900420032006e,34,1601,-1567,1.32,8,sell
7/17,1303,玉山證券,8840,1067,242,825,0.7,9,buy
7/17,1303,港商野村,1560,1074,1869,-795,0.67,9,sell
7/17,1303,國泰-敦南,8888,1717,990,727,0.61,10,buy
7/17,1303,國泰證券,8880,280,1012,-732,0.62,10,sell
7/17,1303,康和-台中,8455,678,54,624,0.53,11,buy
7/17,1303,華南永昌-中正,9359,75,702,-627,0.53,11,sell
7/17,1303,台新-建北,0039004200310038,499,71,428,0.36,12,buy
7/17,1303,兆豐-板橋,0037003000300042,57,653,-596,0.5,12,sell
7/17,1303,玉山-高雄,8843,438,31,407,0.34,13,buy
7/17,1303,統一-士林,003500380035004d,542,1129,-587,0.49,13,sell
7/17,1303,華南永昌,9300,652,269,383,0.32,14,buy
7/17,1303,台新,0039004200300030,511,992,-481,0.41,14,sell
7/17,1303,統一-基隆,0035003800350041,264,7,257,0.22,15,buy
7/17,1303,華南永昌-大安,9307,53,487,-434,0.37,15,sell
7/17,3231,元大證券,9800,4457,2013,2444,6.31,1,buy
7/17,3231,永豐金-匯立,0039004100380031,6,5195,-5189,13.39,1,sell
7/17,3231,美商高盛,1480,1960,120,1840,4.75,2,buy
7/17,3231,國票-敦北法人,0037003700390063,13,3825,-3812,9.83,2,sell
7/17,3231,摩根大通,8440,3235,2081,1154,2.98,3,buy
7/17,3231,永豐金證券,0039004100300030,448,2591,-2143,5.53,3,sell
7/17,3231,香港上海匯豐,8960,989,64,925,2.39,4,buy
7/17,3231,台灣摩根士丹利,1470,4147,5958,-1811,4.67,4,sell
7/17,3231,美林,1440,1371,693,678,1.75,5,buy
7/17,3231,富邦證券,9600,558,1782,-1224,3.16,5,sell
7/17,3231,花旗環球,1590,714,119,595,1.54,6,buy
7/17,3231,富邦-南京,0039003600310043,26,323,-297,0.77,6,sell
7/17,3231,新加坡商瑞銀,1650,1169,604,565,1.46,7,buy
7/17,3231,富邦-花蓮,9621,8,304,-296,0.76,7,sell
7/17,3231,華南永昌,9300,488,15,473,1.22,8,buy
7/17,3231,凱基-高美館,9215,25,305,-280,0.72,8,sell
7/17,3231,臺銀,1040,322,7,315,0.81,9,buy
7/17,3231,國泰-台南,8884,43,299,-256,0.66,9,sell
7/17,3231,新光,8560,405,100,305,0.79,10,buy
7/17,3231,港商野村,1560,30,236,-206,0.53,10,sell
7/17,3231,凱基-台北,9268,2041,1785,256,0.66,11,buy
7/17,3231,富邦-新板,0039003600310048,31,237,-206,0.53,11,sell
7/17,3231,台新-三民,0039004200310033,225,6,219,0.56,12,buy
7/17,3231,兆豐證券,7000,9,211,-202,0.52,12,sell
7/17,3231,富邦-建國,9658,216,61,155,0.4,13,buy
7/17,3231,元大-林森,0039003800330042,7,176,-169,0.44,13,sell
7/17,3231,凱基-站前,0039003200300046,170,20,150,0.39,14,buy
7/17,3231,港商麥格理,1360,6,142,-136,0.35,14,sell
7/17,3231,玉山證券,8840,149,23,126,0.33,15,buy
7/17,3231,群益金鼎,9100,160,271,-111,0.29,15,sell
7/17,4904,元大證券,9800,3102,1198,1904,10.12,1,buy
7/17,4904,永豐金-匯立,0039004100380031,35,1295,-1260,6.7,1,sell
7/17,4904,摩根大通,8440,2680,967,1713,9.1,2,buy
7/17,4904,臺銀,1040,0,700,-700,3.72,2,sell
7/17,4904,富邦證券,9600,3660,2460,1200,6.38,3,buy
7/17,4904,永豐金-萬盛,0039004100390032,0,500,-500,2.66,3,sell
7/17,4904,美林,1440,1164,260,904,4.8,4,buy
7/17,4904,花旗環球,1590,204,684,-480,2.55,4,sell
7/17,4904,港商野村,1560,959,129,830,4.41,5,buy
7/17,4904,凱基,9200,101,503,-402,2.14,5,sell
7/17,4904,新加坡商瑞銀,1650,1332,924,408,2.17,6,buy
7/17,4904,元大-大同,0039003800390047,0,211,-211,1.12,6,sell
7/17,4904,群益金鼎,9100,178,13,165,0.88,7,buy
7/17,4904,元大-復北,9872,0,192,-192,1.02,7,sell
7/17,4904,美商高盛,1480,570,427,143,0.76,8,buy
7/17,4904,玉山-大里,003800380034004a,0,185,-185,0.98,8,sell
7/17,4904,香港上海匯豐,8960,90,9,81,0.43,9,buy
7/17,4904,永豐金證券,0039004100300030,602,782,-180,0.96,9,sell
7/17,4904,港商麥格理,1360,37,0,37,0.2,10,buy
7/17,4904,兆豐證券,7000,0,170,-170,0.9,10,sell
7/17,4904,玉山證券,8840,41,11,30,0.16,11,buy
7/17,4904,凱基-台北,9268,2131,2282,-151,0.8,11,sell
7/17,4904,宏遠證券,1260,29,0,29,0.15,12,buy
7/17,4904,彰銀,1230,0,150,-150,0.8,12,sell
7/17,4904,群益金鼎-南京,0039003100380045,20,0,20,0.11,13,buy
7/17,4904,台灣摩根士丹利,1470,615,756,-141,0.75,13,sell
7/17,4904,台新-五權西,0039004200320035,24,7,17,0.09,14,buy
7/17,4904,華南永昌,9300,59,184,-125,0.66,14,sell
7/17,4904,亞東,2180,15,3,12,0.06,15,buy
7/17,4904,亞東-台南,2185,5,124,-119,0.63,15,sell
7/17,2408,群益金鼎,9100,3034,1279,1755,2.12,1,buy
7/17,2408,台灣摩根士丹利,1470,1540,4915,-3375,4.08,1,sell
7/17,2408,新加坡商瑞銀,1650,1921,1161,760,0.92,2,buy
7/17,2408,永豐金-板新,003900410039004a,182,2068,-1886,2.28,2,sell
7/17,2408,國泰-敦南,8888,2601,1850,751,0.91,3,buy
7/17,2408,美林,1440,395,2203,-1808,2.19,3,sell
7/17,2408,永豐金證券,0039004100300030,2237,1743,494,0.6,4,buy
7/17,2408,統一,5850,519,2238,-1719,2.08,4,sell
7/17,2408,凱基-高美館,9215,301,40,261,0.32,5,buy
7/17,2408,統一-新台中,0035003800350044,40,1334,-1294,1.57,5,sell
7/17,2408,第一金,5380,273,12,261,0.32,6,buy
7/17,2408,第一金-自由,0035003300380045,126,1238,-1112,1.35,6,sell
7/17,2408,港商野村,1560,393,169,224,0.27,7,buy
7/17,2408,摩根大通,8440,715,1825,-1110,1.34,7,sell
7/17,2408,兆豐-北高雄,0037003000300049,205,24,181,0.22,8,buy
7/17,2408,花旗環球,1590,206,1187,-981,1.19,8,sell
7/17,2408,國泰-板橋,003800380038004b,406,225,181,0.22,9,buy
7/17,2408,凱基-台北,9268,2900,3687,-787,0.95,9,sell
7/17,2408,台新,0039004200300030,1261,1085,176,0.21,10,buy
7/17,2408,凱基-士林,9238,299,986,-687,0.83,10,sell
7/17,2408,富邦-建國,9658,321,150,171,0.21,11,buy
7/17,2408,美商高盛,1480,1580,2220,-640,0.77,11,sell
7/17,2408,富邦-新店,9661,228,85,143,0.17,12,buy
7/17,2408,元大證券,9800,8169,8754,-585,0.71,12,sell
7/17,2408,兆豐-新營,003700300030004b,144,5,139,0.17,13,buy
7/17,2408,元大-土城永寧,9875,115,488,-373,0.45,13,sell
7/17,2408,國泰-高雄,8881,290,155,135,0.16,14,buy
7/17,2408,國票-敦北法人,0037003700390063,33,402,-369,0.45,14,sell
7/17,2408,台灣企銀-竹北,1117,137,10,127,0.15,15,buy
7/17,2408,大和國泰,8890,0,350,-350,0.42,15,sell
7/17,2880,永豐金證券,0039004100300030,10126,207,9919,24.65,1,buy
7/17,2880,台中銀-台北,6115,0,4702,-4702,11.69,1,sell
7/17,2880,元大證券,9800,7184,1182,6002,14.92,2,buy
7/17,2880,台灣摩根士丹利,1470,964,4077,-3113,7.74,2,sell
7/17,2880,國泰證券,8880,2826,4,2822,7.01,3,buy
7/17,2880,摩根大通,8440,1554,3112,-1558,3.87,3,sell
7/17,2880,新加坡商瑞銀,1650,3881,1294,2587,6.43,4,buy
7/17,2880,第一金-中山,5389,0,1004,-1004,2.5,4,sell
7/17,2880,華南永昌,9300,1511,140,1371,3.41,5,buy
7/17,2880,凱基-桃園,9208,0,552,-552,1.37,5,sell
7/17,2880,富邦證券,9600,1230,6,1224,3.04,6,buy
7/17,2880,凱基-台北,9268,3059,3556,-497,1.24,6,sell
7/17,2880,港商野村,1560,1015,25,990,2.46,7,buy
7/17,2880,兆豐證券,7000,568,1004,-436,1.08,7,sell
7/17,2880,統一,5850,940,115,825,2.05,8,buy
7/17,2880,宏遠證券,1260,104,450,-346,0.86,8,sell
7/17,2880,凱基,9200,559,19,540,1.34,9,buy
7/17,2880,第一金-台南,5384,0,335,-335,0.83,9,sell
7/17,2880,美商高盛,1480,655,421,234,0.58,10,buy
7/17,2880,華南永昌-嘉義,9314,0,300,-300,0.75,10,sell
7/17,2880,永豐金-匯立,0039004100380031,116,0,116,0.29,11,buy
7/17,2880,大昌-新店,6464,1,277,-276,0.69,11,sell
7/17,2880,港商麥格理,1360,88,0,88,0.22,12,buy
7/17,2880,花旗環球,1590,705,978,-273,0.68,12,sell
7/17,2880,法銀巴黎,8900,237,152,85,0.21,13,buy
7/17,2880,華南永昌-桃園,9352,20,271,-251,0.62,13,sell
7/17,2880,元大-土城學府,9822,58,1,57,0.14,14,buy
7/17,2880,華南永昌-基隆,9322,4,240,-236,0.59,14,sell
7/17,2880,群益金鼎-中山,0039003100380048,26,1,25,0.06,15,buy
7/17,2880,華南永昌-高雄,9303,12,245,-233,0.58,15,sell
7/17,2633,美林,1440,2029,28,2001,30.98,1,buy
7/17,2633,港商麥格理,1360,22,372,-350,5.42,1,sell
7/17,2633,台灣摩根士丹利,1470,640,67,573,8.87,2,buy
7/17,2633,美商高盛,1480,321,548,-227,3.51,2,sell
7/17,2633,摩根大通,8440,1228,885,343,5.31,3,buy
7/17,2633,凱基-台北,9268,320,498,-178,2.76,3,sell
7/17,2633,永豐金證券,0039004100300030,318,84,234,3.62,4,buy
7/17,2633,新加坡商瑞銀,1650,181,346,-165,2.55,4,sell
7/17,2633,富邦-新店,9661,84,1,83,1.28,5,buy
7/17,2633,港商野村,1560,19,145,-126,1.95,5,sell
7/17,2633,元大-福營,0039003800310046,131,70,61,0.94,6,buy
7/17,2633,兆豐-高雄,003700300030005a,0,110,-110,1.7,6,sell
7/17,2633,華南永昌-虎尾,9377,58,0,58,0.9,7,buy
7/17,2633,元大-員林,9889,2,83,-81,1.25,7,sell
7/17,2633,富邦-左營,0039003600360046,47,1,46,0.71,8,buy
7/17,2633,德信-新營,6913,0,80,-80,1.24,8,sell
7/17,2633,國泰-館前,0038003800380041,52,8,44,0.68,9,buy
7/17,2633,國泰-敦南,8888,29,106,-77,1.19,9,sell
7/17,2633,宏遠證券,1260,30,0,30,0.46,10,buy
7/17,2633,永豐金-嘉義,003900410039006a,1,72,-71,1.1,10,sell
7/17,2633,富邦證券,9600,28,2,26,0.4,11,buy
7/17,2633,兆豐-西螺,0037003000300044,0,70,-70,1.08,11,sell
7/17,2633,統一,5850,25,4,21,0.33,12,buy
7/17,2633,富邦-永康,003900360031005a,0,66,-66,1.02,12,sell
7/17,2633,合庫-自強,0031003000320043,20,0,20,0.31,13,buy
7/17,2633,富邦-高雄,9659,25,87,-62,0.96,13,sell
7/17,2633,第一金-自由,0035003300380045,20,0,20,0.31,14,buy
7/17,2633,凱基-台南,9211,14,70,-56,0.87,14,sell
7/17,2633,永豐金-竹北,0039004100390050,20,2,18,0.28,15,buy
7/17,2633,玉山-新莊,8842,0,53,-53,0.82,15,sell
7/17,2801,永豐金證券,0039004100300030,10016,34,9982,38.24,1,buy
7/17,2801,美商高盛,1480,765,2235,-1470,5.63,1,sell
7/17,2801,新加坡商瑞銀,1650,2739,432,2307,8.84,2,buy
7/17,2801,摩根大通,8440,1919,3024,-1105,4.23,2,sell
7/17,2801,凱基-台北,9268,2280,591,1689,6.47,3,buy
7/17,2801,聯邦證券,8580,0,940,-940,3.6,3,sell
7/17,2801,兆豐證券,7000,666,27,639,2.45,4,buy
7/17,2801,國泰-板橋,003800380038004b,5,834,-829,3.18,4,sell
7/17,2801,群益金鼎-宜蘭,003900310038007a,346,16,330,1.26,5,buy
7/17,2801,群益金鼎-中港,9138,0,666,-666,2.55,5,sell
7/17,2801,彰銀,1230,263,21,242,0.93,6,buy
7/17,2801,台新-中港,0039004200320069,0,646,-646,2.47,6,sell
7/17,2801,台灣摩根士丹利,1470,1665,1554,111,0.43,7,buy
7/17,2801,台新-虎尾,003900420032004e,0,609,-609,2.33,7,sell
7/17,2801,華南永昌-桃園,9352,110,0,110,0.42,8,buy
7/17,2801,臺銀-臺南,1042,1,543,-542,2.08,8,sell
7/17,2801,永豐金-新店,0039004100390069,113,7,106,0.41,9,buy
7/17,2801,永豐金-桃園,0039004100390078,3,334,-331,1.27,9,sell
7/17,2801,第一金-忠孝,0035003300380044,105,2,103,0.39,10,buy
7/17,2801,兆豐-新營,003700300030004b,2,302,-300,1.15,10,sell
7/17,2801,富邦證券,9600,91,0,91,0.35,11,buy
7/17,2801,台新,0039004200300030,19,313,-294,1.13,11,sell
7/17,2801,富邦-和美,0039003600310050,66,6,60,0.23,12,buy
7/17,2801,元大-善化,0039003800310079,22,270,-248,0.95,12,sell
7/17,2801,國泰-館前,0038003800380041,141,88,53,0.2,13,buy
7/17,2801,凱基-竹北,9234,11,241,-230,0.88,13,sell
7/17,2801,富邦-員林,9672,51,2,49,0.19,14,buy
7/17,2801,凱基,9200,64,274,-210,0.8,14,sell
7/17,2801,台新-台中,0039004200310068,51,3,48,0.18,15,buy
7/17,2801,國泰證券,8880,6,195,-189,0.72,15,sell
7/17,1402,台灣摩根士丹利,1470,4464,184,4280,18.59,1,buy
7/17,1402,玉山證券,8840,1,2353,-2352,10.22,1,sell
7/17,1402,摩根大通,8440,4495,763,3732,16.21,2,buy
7/17,1402,華南永昌-中正,9359,0,1396,-1396,6.06,2,sell
7/17,1402,元大證券,9800,2213,509,1704,7.4,3,buy
7/17,1402,富邦證券,9600,117,1005,-888,3.86,3,sell
7/17,1402,美商高盛,1480,2292,804,1488,6.46,4,buy
7/17,1402,永豐金-匯立,0039004100380031,0,855,-855,3.71,4,sell
7/17,1402,新加坡商瑞銀,1650,1303,210,1093,4.75,5,buy
7/17,1402,康和,8450,0,700,-700,3.04,5,sell
7/17,1402,花旗環球,1590,1059,8,1051,4.56,6,buy
7/17,1402,臺銀-高雄,0031003000340043,7,389,-382,1.66,6,sell
7/17,1402,亞東,2180,613,58,555,2.41,7,buy
7/17,1402,兆豐-南門,0037003000300067,5,301,-296,1.29,7,sell
7/17,1402,美林,1440,754,246,508,2.21,8,buy
7/17,1402,國泰-台南,8884,2,281,-279,1.21,8,sell
7/17,1402,統一,5850,518,87,431,1.87,9,buy
7/17,1402,永豐金證券,0039004100300030,67,338,-271,1.18,9,sell
7/17,1402,港商野村,1560,388,54,334,1.45,10,buy
7/17,1402,國泰-館前,0038003800380041,0,265,-265,1.15,10,sell
7/17,1402,華南永昌,9300,280,18,262,1.14,11,buy
7/17,1402,國泰-新竹,003800380038004e,0,215,-215,0.93,11,sell
7/17,1402,台新,0039004200300030,229,49,180,0.78,12,buy
7/17,1402,元大-敦化,9833,1,200,-199,0.86,12,sell
7/17,1402,法銀巴黎,8900,229,61,168,0.73,13,buy
7/17,1402,國泰-敦南,8888,31,211,-180,0.78,13,sell
7/17,1402,國票-長城,0037003700390075,170,5,165,0.72,14,buy
7/17,1402,元大-蘆洲,9857,7,185,-178,0.77,14,sell
7/17,1402,凱基-台北,9268,1351,1186,165,0.72,15,buy
7/17,1402,第一金-新竹,0035003300380042,0,161,-161,0.7,15,sell
7/17,2845,新加坡商瑞銀,1650,2373,225,2148,17.39,1,buy
7/17,2845,台新-高雄,0039004200310067,300,1024,-724,5.86,1,sell
7/17,2845,摩根大通,8440,2360,460,1900,15.38,2,buy
7/17,2845,亞東,2180,0,365,-365,2.95,2,sell
7/17,2845,凱基-台北,9268,1074,131,943,7.63,3,buy
7/17,2845,第一金-新竹,0035003300380042,0,308,-308,2.49,3,sell
7/17,2845,台灣摩根士丹利,1470,1007,539,468,3.79,4,buy
7/17,2845,富邦-永康,003900360031005a,0,250,-250,2.02,4,sell
7/17,2845,美商高盛,1480,1198,772,426,3.45,5,buy
7/17,2845,新光-高雄,8562,0,203,-203,1.64,5,sell
7/17,2845,華南永昌-新莊,9305,260,4,256,2.07,6,buy
7/17,2845,元大-大天母,9893,200,402,-202,1.64,6,sell
7/17,2845,美林,1440,297,63,234,1.89,7,buy
7/17,2845,富邦-新店,9661,0,200,-200,1.62,7,sell
7/17,2845,群益金鼎-新莊,0039003100380047,181,1,180,1.46,8,buy
7/17,2845,凱基-板橋,0039003200300041,0,175,-175,1.42,8,sell
7/17,2845,富邦證券,9600,177,23,154,1.25,9,buy
7/17,2845,國泰-敦南,8888,20,152,-132,1.07,9,sell
7/17,2845,元大證券,9800,521,395,126,1.02,10,buy
7/17,2845,花旗環球,1590,15,133,-118,0.96,10,sell
7/17,2845,元大-鳳山,003900380033005a,100,0,100,0.81,11,buy
7/17,2845,第一金-新興,0035003300380041,0,117,-117,0.95,11,sell
7/17,2845,台新-北新莊,0039004200320038,100,2,98,0.79,12,buy
7/17,2845,大昌-樹林,6461,0,113,-113,0.91,12,sell
7/17,2845,富邦-中壢,9636,115,23,92,0.74,13,buy
7/17,2845,元大-和平,9863,0,105,-105,0.85,13,sell
7/17,2845,國泰-板橋,003800380038004b,107,24,83,0.67,14,buy
7/17,2845,台新-中港,0039004200320069,0,103,-103,0.83,14,sell
7/17,2845,康和-台南,8458,100,50,50,0.4,15,buy
7/17,2845,華南永昌-三重,9369,0,102,-102,0.83,15,sell
7/17,1216,元大證券,9800,5399,455,4944,16.02,1,buy
7/17,1216,香港上海匯豐,8960,106,3035,-2929,9.49,1,sell
7/17,1216,華南永昌,9300,4115,1028,3087,10.0,2,buy
7/17,1216,美商高盛,1480,345,1307,-962,3.12,2,sell
7/17,1216,美林,1440,2294,564,1730,5.61,3,buy
7/17,1216,群益金鼎,9100,136,922,-786,2.55,3,sell
7/17,1216,新加坡商瑞銀,1650,2968,1406,1562,5.06,4,buy
7/17,1216,國泰-台中,8882,1,703,-702,2.28,4,sell
7/17,1216,玉山證券,8840,1104,15,1089,3.53,5,buy
7/17,1216,新光,8560,181,653,-472,1.53,5,sell
7/17,1216,台新,0039004200300030,1112,101,1011,3.28,6,buy
7/17,1216,凱基,9200,583,1003,-420,1.36,6,sell
7/17,1216,港商野村,1560,669,69,600,1.94,7,buy
7/17,1216,統一-台南,5855,0,374,-374,1.21,7,sell
7/17,1216,富邦證券,9600,597,7,590,1.91,8,buy
7/17,1216,國票-敦北法人,0037003700390063,0,360,-360,1.17,8,sell
7/17,1216,台灣摩根士丹利,1470,3524,3170,354,1.15,9,buy
7/17,1216,永豐金證券,0039004100300030,1917,2209,-292,0.95,9,sell
7/17,1216,法銀巴黎,8900,337,68,269,0.87,10,buy
7/17,1216,國泰-敦南,8888,37,291,-254,0.82,10,sell
7/17,1216,凱基-台北,9268,1742,1489,253,0.82,11,buy
7/17,1216,兆豐證券,7000,0,249,-249,0.81,11,sell
7/17,1216,國泰證券,8880,154,2,152,0.49,12,buy
7/17,1216,摩根大通,8440,1815,2054,-239,0.77,12,sell
7/17,1216,花旗環球,1590,408,260,148,0.48,13,buy
7/17,1216,元大-館前,003900380034004b,0,188,-188,0.61,13,sell
7/17,1216,宏遠證券,1260,103,3,100,0.32,14,buy
7/17,1216,大和國泰,8890,0,158,-158,0.51,14,sell
7/17,1216,群益金鼎-竹南,0039003100380069,70,7,63,0.2,15,buy
7/17,1216,凱基-永和,9207,0,116,-116,0.38,15,sell
7/17,5876,台灣摩根士丹利,1470,3808,729,3079,12.53,1,buy
7/17,5876,國票-長城,0037003700390075,0,1360,-1360,5.53,1,sell
7/17,5876,摩根大通,8440,4057,1400,2657,10.81,2,buy
7/17,5876,元大證券,9800,3394,4538,-1144,4.66,2,sell
7/17,5876,兆豐證券,7000,2249,53,2196,8.94,3,buy
7/17,5876,統一,5850,139,1138,-999,4.07,3,sell
7/17,5876,凱基-台北,9268,1761,64,1697,6.91,4,buy
7/17,5876,華南永昌,9300,230,690,-460,1.87,4,sell
7/17,5876,美林,1440,1631,23,1608,6.54,5,buy
7/17,5876,宏遠證券,1260,0,374,-374,1.52,5,sell
7/17,5876,永豐金證券,0039004100300030,1459,88,1371,5.58,6,buy
7/17,5876,康和,8450,0,335,-335,1.36,6,sell
7/17,5876,新加坡商瑞銀,1650,1642,457,1185,4.82,7,buy
7/17,5876,國泰證券,8880,0,328,-328,1.33,7,sell
7/17,5876,臺銀,1040,646,9,637,2.59,8,buy
7/17,5876,元大-成功,003900380039004c,0,322,-322,1.31,8,sell
7/17,5876,大和國泰,8890,339,0,339,1.38,9,buy
7/17,5876,新光,8560,11,272,-261,1.06,9,sell
7/17,5876,美商高盛,1480,1047,751,296,1.2,10,buy
7/17,5876,華南永昌-苗栗,9362,0,252,-252,1.03,10,sell
7/17,5876,凱基,9200,411,117,294,1.2,11,buy
7/17,5876,富邦-南京,0039003600310043,0,225,-225,0.92,11,sell
7/17,5876,富邦證券,9600,155,0,155,0.63,12,buy
7/17,5876,富邦-新竹,9647,0,224,-224,0.91,12,sell
7/17,5876,花旗環球,1590,379,228,151,0.61,13,buy
7/17,5876,玉山-城中,0038003800340045,0,222,-222,0.9,13,sell
7/17,5876,港商野村,1560,113,17,96,0.39,14,buy
7/17,5876,永豐金-台南,0039004100390068,0,216,-216,0.88,14,sell
7/17,5876,凱基-士林,9238,101,22,79,0.32,15,buy
7/17,5876,元大-士林,003900380031006a,0,212,-212,0.86,15,sell
7/17,3702,元大證券,9800,2964,1495,1469,12.61,1,buy
7/17,3702,統一,5850,19,1229,-1210,10.38,1,sell
7/17,3702,華南永昌-中正,9359,789,1,788,6.76,2,buy
7/17,3702,凱基-台北,9268,312,1143,-831,7.13,2,sell
7/17,3702,富邦證券,9600,679,68,611,5.24,3,buy
7/17,3702,美商高盛,1480,209,1036,-827,7.1,3,sell
7/17,3702,新加坡商瑞銀,1650,929,449,480,4.12,4,buy
7/17,3702,港商野村,1560,25,197,-172,1.48,4,sell
7/17,3702,摩根大通,8440,1086,697,389,3.34,5,buy
7/17,3702,台新-松江,0039004200310035,40,187,-147,1.26,5,sell
7/17,3702,永豐金證券,0039004100300030,500,158,342,2.93,6,buy
7/17,3702,合庫-鳳山,1029,0,131,-131,1.12,6,sell
7/17,3702,國泰證券,8880,167,10,157,1.35,7,buy
7/17,3702,新光,8560,29,134,-105,0.9,7,sell
7/17,3702,華南永昌,9300,110,5,105,0.9,8,buy
7/17,3702,港商麥格理,1360,1,100,-99,0.85,8,sell
7/17,3702,國票證券,7790,109,32,77,0.66,9,buy
7/17,3702,元大-天母,0039003800310049,1,100,-99,0.85,9,sell
7/17,3702,富邦-桃園,9665,52,5,47,0.4,10,buy
7/17,3702,凱基-市府,0039003200300044,13,91,-78,0.67,10,sell
7/17,3702,宏遠-台南,0031003200360044,50,14,36,0.31,11,buy
7/17,3702,聯邦證券,8580,24,101,-77,0.66,11,sell
7/17,3702,康和-板橋,0038003400350044,40,10,30,0.26,12,buy
7/17,3702,國泰-敦南,8888,87,155,-68,0.58,12,sell
7/17,3702,富邦-羅東,9634,33,4,29,0.25,13,buy
7/17,3702,永豐金-天母,0039004100390047,5,71,-66,0.57,13,sell
7/17,3702,新光-新竹,8563,29,2,27,0.23,14,buy
7/17,3702,永豐金-台中,003900410039004c,3,66,-63,0.54,14,sell
7/17,3702,凱基-內湖,9287,26,1,25,0.21,15,buy
7/17,3702,群益金鼎-新店,0039003100380046,0,62,-62,0.53,15,sell
7/17,2352,凱基,9200,2831,6,2825,17.8,1,buy
7/17,2352,摩根大通,8440,672,2643,-1971,12.42,1,sell
7/17,2352,永豐金-中和,0039004100390042,539,0,539,3.4,2,buy
7/17,2352,美林,1440,68,535,-467,2.94,2,sell
7/17,2352,台新,0039004200300030,432,30,402,2.53,3,buy
7/17,2352,台灣摩根士丹利,1470,422,786,-364,2.29,3,sell
7/17,2352,元大-大同,0039003800390047,214,6,208,1.31,4,buy
7/17,2352,新加坡商瑞銀,1650,513,782,-269,1.7,4,sell
7/17,2352,彰銀,1230,168,0,168,1.06,5,buy
7/17,2352,港商野村,1560,104,317,-213,1.34,5,sell
7/17,2352,新光,8560,155,35,120,0.76,6,buy
7/17,2352,凱基-台北,9268,903,1104,-201,1.27,6,sell
7/17,2352,元大-福營,0039003800310046,117,0,117,0.74,7,buy
7/17,2352,群益金鼎-士林,9137,1,189,-188,1.18,7,sell
7/17,2352,國泰-敦南,8888,183,84,99,0.62,8,buy
7/17,2352,美商高盛,1480,1082,1266,-184,1.16,8,sell
7/17,2352,富邦-台北,9623,96,5,91,0.57,9,buy
7/17,2352,台新-高雄,0039004200310067,10,188,-178,1.12,9,sell
7/17,2352,富邦-竹東,9625,140,53,87,0.55,10,buy
7/17,2352,台新-建北,0039004200310038,0,112,-112,0.71,10,sell
7/17,2352,法銀巴黎,8900,86,0,86,0.54,11,buy
7/17,2352,兆豐-台南,7006,6,113,-107,0.67,11,sell
7/17,2352,元大證券,9800,1054,982,72,0.45,12,buy
7/17,2352,中國信託-忠孝,6162,5,104,-99,0.62,12,sell
7/17,2352,兆豐-民生,0037003000300063,70,0,70,0.44,13,buy
7/17,2352,玉山證券,8840,3,93,-90,0.57,13,sell
7/17,2352,富邦-青埔,003900360031004e,71,7,64,0.4,14,buy
7/17,2352,元大-永春,9852,4,85,-81,0.51,14,sell
7/17,2352,永豐金-台南,0039004100390068,55,3,52,0.33,15,buy
7/17,2352,兆豐-新莊,0037003000300077,2,72,-70,0.44,15,sell
7/17,3706,凱基,9200,1476,27,1449,10.05,1,buy
7/17,3706,凱基-台北,9268,453,1639,-1186,8.22,1,sell
7/17,3706,富邦證券,9600,509,14,495,3.43,2,buy
7/17,3706,摩根大通,8440,3,507,-504,3.49,2,sell
7/17,3706,台灣摩根士丹利,1470,951,704,247,1.71,3,buy
7/17,3706,元大證券,9800,797,1171,-374,2.59,3,sell
7/17,3706,新加坡商瑞銀,1650,164,0,164,1.14,4,buy
7/17,3706,美商高盛,1480,80,348,-268,1.86,4,sell
7/17,3706,新光-台中,8561,138,26,112,0.78,5,buy
7/17,3706,港商野村,1560,0,230,-230,1.59,5,sell
7/17,3706,新光,8560,186,91,95,0.66,6,buy
7/17,3706,群益金鼎,9100,41,229,-188,1.3,6,sell
7/17,3706,華南永昌,9300,172,92,80,0.55,7,buy
7/17,3706,國泰證券,8880,11,188,-177,1.23,7,sell
7/17,3706,台新-大裕,003900420032006c,83,3,80,0.55,8,buy
7/17,3706,凱基-竹科,9272,8,162,-154,1.07,8,sell
7/17,3706,台新-中原,0039004200320067,78,20,58,0.4,9,buy
7/17,3706,富邦-台中,003900360035004b,23,136,-113,0.78,9,sell
7/17,3706,群益金鼎-嘉義,003900310038004d,65,9,56,0.39,10,buy
7/17,3706,台新,0039004200300030,46,150,-104,0.72,10,sell
7/17,3706,永豐金-板新,003900410039004a,67,11,56,0.39,11,buy
7/17,3706,花旗環球,1590,82,180,-98,0.68,11,sell
7/17,3706,華南永昌-岡山,9324,67,25,42,0.29,12,buy
7/17,3706,台新-松江,0039004200310035,1,96,-95,0.66,12,sell
7/17,3706,富邦-建國,9658,65,23,42,0.29,13,buy
7/17,3706,美林,1440,49,140,-91,0.63,13,sell
7/17,3706,兆豐-桃鶯,0037003000300055,44,4,40,0.28,14,buy
7/17,3706,富邦-陽明,9604,72,159,-87,0.6,14,sell
7/17,3706,永豐金-豐原,0039004100390051,44,5,39,0.27,15,buy
7/17,3706,永豐金-桃盛,003900410039004e,6,90,-84,0.58,15,sell
7/17,2377,港商野村,1560,1062,76,986,6.21,1,buy
7/17,2377,永豐金證券,0039004100300030,168,1208,-1040,6.55,1,sell
7/17,2377,群益金鼎,9100,735,37,698,4.39,2,buy
7/17,2377,新加坡商瑞銀,1650,282,1175,-893,5.62,2,sell
7/17,2377,元大證券,9800,1667,998,669,4.21,3,buy
7/17,2377,台灣摩根士丹利,1470,86,349,-263,1.66,3,sell
7/17,2377,富邦證券,9600,462,115,347,2.18,4,buy
7/17,2377,凱基-台北,9268,933,1142,-209,1.32,4,sell
7/17,2377,美商高盛,1480,536,361,175,1.1,5,buy
7/17,2377,群益金鼎-屏東,0039003100330048,0,110,-110,0.69,5,sell
7/17,2377,凱基,9200,235,71,164,1.03,6,buy
7/17,2377,元大-土城,9897,13,114,-101,0.64,6,sell
7/17,2377,台新,0039004200300030,297,145,152,0.96,7,buy
7/17,2377,統一-東湖,0035003800350052,2,100,-98,0.62,7,sell
7/17,2377,美林,1440,126,33,93,0.59,8,buy
7/17,2377,中國信託-高雄,003600310036004b,14,84,-70,0.44,8,sell
7/17,2377,新光,8560,194,103,91,0.57,9,buy
7/17,2377,永豐金-忠孝,0039004100390044,17,77,-60,0.38,9,sell
7/17,2377,永豐金-亞灣,0039004100390061,92,5,87,0.55,10,buy
7/17,2377,元大-樹林,003900380039006a,7,65,-58,0.37,10,sell
7/17,2377,摩根大通,8440,750,673,77,0.48,11,buy
7/17,2377,凱基-新莊,0039003200310053,15,72,-57,0.36,11,sell
7/17,2377,凱基-台南,9211,67,10,57,0.36,12,buy
7/17,2377,台新-大裕,003900420032006c,2,58,-56,0.35,12,sell
7/17,2377,元大-鹿港,0039003800390053,55,4,51,0.32,13,buy
7/17,2377,第一金-路竹,0035003300380050,6,60,-54,0.34,13,sell
7/17,2377,臺銀-民權,1043,56,8,48,0.3,14,buy
7/17,2377,永豐金-信義,0039004100390052,101,150,-49,0.31,14,sell
7/17,2377,兆豐-桃鶯,0037003000300055,51,3,48,0.3,15,buy
7/17,2377,元大-斗信,9884,4,50,-46,0.29,15,sell
7/17,5347,中國信託,6160,2456,93,2363,7.5,1,buy
7/17,5347,元大證券,9800,714,3881,-3167,10.06,1,sell
7/17,5347,宏遠證券,1260,968,0,968,3.07,2,buy
7/17,5347,美商高盛,1480,2951,4335,-1384,4.4,2,sell
7/17,5347,國泰-敦南,8888,693,197,496,1.58,3,buy
7/17,5347,國票-敦北法人,0037003700390063,9,1240,-1231,3.91,3,sell
7/17,5347,新加坡商瑞銀,1650,1606,1173,433,1.38,4,buy
7/17,5347,台新,0039004200300030,165,1394,-1229,3.9,4,sell
7/17,5347,永豐金-匯立,0039004100380031,226,40,186,0.59,5,buy
7/17,5347,摩根大通,8440,114,1324,-1210,3.84,5,sell
7/17,5347,永豐金證券,0039004100300030,348,204,144,0.46,6,buy
7/17,5347,兆豐-民生,0037003000300063,25,901,-876,2.78,6,sell
7/17,5347,富邦-敦南,9663,139,9,130,0.41,7,buy
7/17,5347,群益金鼎,9100,29,853,-824,2.62,7,sell
7/17,5347,新光,8560,167,46,121,0.38,8,buy
7/17,5347,富邦證券,9600,2545,3342,-797,2.53,8,sell
7/17,5347,凱基-竹北,9234,122,5,117,0.37,9,buy
7/17,5347,統一,5850,197,904,-707,2.25,9,sell
7/17,5347,美林,1440,197,90,107,0.34,10,buy
7/17,5347,統一-敦南,5852,5,555,-550,1.75,10,sell
7/17,5347,元大-大安,003900380033004e,125,22,103,0.33,11,buy
7/17,5347,台灣摩根士丹利,1470,453,974,-521,1.65,11,sell
7/17,5347,富邦-新竹,9647,101,6,95,0.3,12,buy
7/17,5347,凱基-台北,9268,834,1309,-475,1.51,12,sell
7/17,5347,群益金鼎-屏東,0039003100330048,88,2,86,0.27,13,buy
7/17,5347,凱基,9200,171,565,-394,1.25,13,sell
7/17,5347,元大-東泰,9817,87,6,81,0.26,14,buy
7/17,5347,國票證券,7790,40,388,-348,1.11,14,sell
7/17,5347,富邦-樹林,0039003600320045,80,3,77,0.24,15,buy
7/17,5347,第一金,5380,28,334,-306,0.97,15,sell
7/17,2356,台灣摩根士丹利,1470,9166,1210,7956,18.28,1,buy
7/17,2356,國票-敦北法人,0037003700390063,8,3664,-3656,8.4,1,sell
7/17,2356,凱基-士林,9238,2087,69,2018,4.64,2,buy
7/17,2356,美林,1440,722,3590,-2868,6.59,2,sell
7/17,2356,美商高盛,1480,2715,706,2009,4.61,3,buy
7/17,2356,凱基,9200,307,2186,-1879,4.32,3,sell
7/17,2356,花旗環球,1590,2617,1072,1545,3.55,4,buy
7/17,2356,元大證券,9800,3745,5570,-1825,4.19,4,sell
7/17,2356,兆豐-東門,0037003000300048,801,5,796,1.83,5,buy
7/17,2356,凱基-台北,9268,1621,2952,-1331,3.06,5,sell
7/17,2356,華南永昌,9300,238,17,221,0.51,6,buy
7/17,2356,統一,5850,134,701,-567,1.3,6,sell
7/17,2356,摩根大通,8440,1934,1721,213,0.49,7,buy
7/17,2356,台新,0039004200300030,404,944,-540,1.24,7,sell
7/17,2356,香港上海匯豐,8960,199,0,199,0.46,8,buy
7/17,2356,玉山-士林,0038003800340041,1,410,-409,0.94,8,sell
7/17,2356,宏遠證券,1260,160,1,159,0.37,9,buy
7/17,2356,土銀,1030,11,335,-324,0.74,9,sell
7/17,2356,富邦證券,9600,174,26,148,0.34,10,buy
7/17,2356,新加坡商瑞銀,1650,1041,1363,-322,0.74,10,sell
7/17,2356,港商野村,1560,210,73,137,0.31,11,buy
7/17,2356,台新-城東,0039004200320072,34,341,-307,0.71,11,sell
7/17,2356,凱基-東勢,0039003200310059,101,4,97,0.22,12,buy
7/17,2356,永豐金證券,0039004100300030,471,612,-141,0.32,12,sell
7/17,2356,兆豐-來福,0037003000300043,177,93,84,0.19,13,buy
7/17,2356,法銀巴黎,8900,105,238,-133,0.31,13,sell
7/17,2356,合庫證券,1020,108,31,77,0.18,14,buy
7/17,2356,中農,8520,16,136,-120,0.28,14,sell
7/17,2356,元大-彰化民生,003900380039004a,72,7,65,0.15,15,buy
7/17,2356,國泰-館前,0038003800380041,69,185,-116,0.27,15,sell
7/17,2027,台灣摩根士丹利,1470,2680,339,2341,14.85,1,buy
7/17,2027,美林,1440,260,2880,-2620,16.62,1,sell
7/17,2027,元大證券,9800,2548,650,1898,12.04,2,buy
7/17,2027,第一金,5380,1,401,-400,2.54,2,sell
7/17,2027,凱基-台北,9268,1861,469,1392,8.83,3,buy
7/17,2027,富邦-三重,9677,1,294,-293,1.86,3,sell
7/17,2027,摩根大通,8440,1521,313,1208,7.66,4,buy
7/17,2027,台新-敦南,0039004200320051,21,303,-282,1.79,4,sell
7/17,2027,美商高盛,1480,1646,461,1185,7.52,5,buy
7/17,2027,華南永昌-岡山,9324,11,288,-277,1.76,5,sell
7/17,2027,臺銀,1040,665,7,658,4.17,6,buy
7/17,2027,富邦-竹北,9624,11,219,-208,1.32,6,sell
7/17,2027,花旗環球,1590,569,0,569,3.61,7,buy
7/17,2027,中國信託,6160,0,146,-146,0.93,7,sell
7/17,2027,永豐金證券,0039004100300030,388,81,307,1.95,8,buy
7/17,2027,臺銀-臺南,1042,2,147,-145,0.92,8,sell
7/17,2027,富邦-建國,9658,271,12,259,1.64,9,buy
7/17,2027,台新-台南,0039004200310036,1,127,-126,0.8,9,sell
7/17,2027,永豐金-內湖,0039004100390067,150,2,148,0.94,10,buy
7/17,2027,元大-大益,9814,2,126,-124,0.79,10,sell
7/17,2027,永豐金-員林,0039004100390043,59,4,55,0.35,11,buy
7/17,2027,台新-台北,0039004200320030,0,120,-120,0.76,11,sell
7/17,2027,群益金鼎-彰化,9187,50,0,50,0.32,12,buy
7/17,2027,國泰-敦南,8888,70,186,-116,0.74,12,sell
7/17,2027,永豐金-萬盛,0039004100390032,46,2,44,0.28,13,buy
7/17,2027,統一-東湖,0035003800350052,0,116,-116,0.74,13,sell
7/17,2027,法銀巴黎,8900,39,0,39,0.25,14,buy
7/17,2027,聯邦-興中,8587,0,102,-102,0.65,14,sell
7/17,2027,華南永昌-麻豆,9308,103,68,35,0.22,15,buy
7/17,2027,元大-竹科,003900380030004b,2,99,-97,0.62,15,sell
7/17,3045,摩根大通,8440,6206,1703,4503,14.95,1,buy
7/17,3045,富邦證券,9600,138,4798,-4660,15.47,1,sell
7/17,3045,凱基-台北,9268,5220,1138,4082,13.55,2,buy
7/17,3045,元大證券,9800,2160,5944,-3784,12.56,2,sell
7/17,3045,美商高盛,1480,3100,1071,2029,6.74,3,buy
7/17,3045,永豐金證券,0039004100300030,583,4013,-3430,11.39,3,sell
7/17,3045,台灣摩根士丹利,1470,3057,1671,1386,4.6,4,buy
7/17,3045,土銀,1030,0,1331,-1331,4.42,4,sell
7/17,3045,美林,1440,1098,55,1043,3.46,5,buy
7/17,3045,台新,0039004200300030,107,477,-370,1.23,5,sell
7/17,3045,港商野村,1560,837,7,830,2.76,6,buy
7/17,3045,兆豐證券,7000,74,300,-226,0.75,6,sell
7/17,3045,花旗環球,1590,792,0,792,2.63,7,buy
7/17,3045,宏遠證券,1260,0,180,-180,0.6,7,sell
7/17,3045,新加坡商瑞銀,1650,892,710,182,0.6,8,buy
7/17,3045,華南永昌,9300,123,302,-179,0.59,8,sell
7/17,3045,華南永昌-古亭,9309,140,0,140,0.46,9,buy
7/17,3045,台新-高雄,0039004200310067,17,189,-172,0.57,9,sell
7/17,3045,群益金鼎,9100,199,65,134,0.44,10,buy
7/17,3045,第一金-忠孝,0035003300380044,35,108,-73,0.24,10,sell
7/17,3045,法銀巴黎,8900,112,0,112,0.37,11,buy
7/17,3045,台新-虎尾,003900420032004e,0,60,-60,0.2,11,sell
7/17,3045,國泰證券,8880,88,0,88,0.29,12,buy
7/17,3045,華南永昌-桃園,9352,115,169,-54,0.18,12,sell
7/17,3045,中國信託,6160,134,78,56,0.19,13,buy
7/17,3045,統一-台中,5856,75,127,-52,0.17,13,sell
7/17,3045,台新-台南,0039004200310036,55,1,54,0.18,14,buy
7/17,3045,永豐金-松山,0039004100390031,0,50,-50,0.17,14,sell
7/17,3045,新光-台南,8564,68,18,50,0.17,15,buy
7/17,3045,新光-台中,8561,9,57,-48,0.16,15,sell
7/17,1102,花旗環球,1590,3901,26,3875,12.61,1,buy
7/17,1102,凱基,9200,20,7096,-7076,23.02,1,sell
7/17,1102,新加坡商瑞銀,1650,2753,83,2670,8.69,2,buy
7/17,1102,華南永昌-中正,9359,0,1804,-1804,5.87,2,sell
7/17,1102,台灣摩根士丹利,1470,3866,1285,2581,8.4,3,buy
7/17,1102,元大-台南,9896,6,1305,-1299,4.23,3,sell
7/17,1102,美林,1440,2365,50,2315,7.53,4,buy
7/17,1102,兆豐證券,7000,0,1045,-1045,3.4,4,sell
7/17,1102,摩根大通,8440,2664,840,1824,5.93,5,buy
7/17,1102,元大證券,9800,2039,3054,-1015,3.3,5,sell
7/17,1102,美商高盛,1480,3984,2236,1748,5.69,6,buy
7/17,1102,凱基-台北,9268,1687,2446,-759,2.47,6,sell
7/17,1102,亞東,2180,1728,44,1684,5.48,7,buy
7/17,1102,永豐金-萬盛,0039004100390032,0,717,-717,2.33,7,sell
7/17,1102,中國信託,6160,1311,11,1300,4.23,8,buy
7/17,1102,亞東-新竹,2184,0,350,-350,1.14,8,sell
7/17,1102,群益金鼎,9100,1208,13,1195,3.89,9,buy
7/17,1102,港商野村,1560,204,502,-298,0.97,9,sell
7/17,1102,臺銀,1040,310,19,291,0.95,10,buy
7/17,1102,永豐金-屏東,0039004100360039,0,242,-242,0.79,10,sell
7/17,1102,永豐金證券,0039004100300030,262,143,119,0.39,11,buy
7/17,1102,元大-復北,9872,1,213,-212,0.69,11,sell
7/17,1102,永豐金-天母,0039004100390047,106,5,101,0.33,12,buy
7/17,1102,兆豐-台中港,7005,0,180,-180,0.59,12,sell
7/17,1102,元大-蘆洲,9857,105,23,82,0.27,13,buy
7/17,1102,(牛牛牛)亞-鑫豐,0036003000310064,21,200,-179,0.58,13,sell
7/17,1102,新光-高雄,8562,89,25,64,0.21,14,buy
7/17,1102,群益金鼎-南京,0039003100380045,0,176,-176,0.57,14,sell
7/17,1102,富邦-中壢,9636,82,22,60,0.2,15,buy
7/17,1102,合庫-高雄,1023,1,150,-149,0.48,15,sell
7/17,2885,凱基,9200,3724,19,3705,6.92,1,buy
7/17,2885,新加坡商瑞銀,1650,2516,10968,-8452,15.78,1,sell
7/17,2885,元大證券,9800,5098,1648,3450,6.44,2,buy
7/17,2885,台灣摩根士丹利,1470,3278,11524,-8246,15.4,2,sell
7/17,2885,台新,0039004200300030,2607,87,2520,4.71,3,buy
7/17,2885,統一,5850,277,3802,-3525,6.58,3,sell
7/17,2885,永豐金證券,0039004100300030,2239,127,2112,3.94,4,buy
7/17,2885,法銀巴黎,8900,358,3206,-2848,5.32,4,sell
7/17,2885,美林,1440,2843,1107,1736,3.24,5,buy
7/17,2885,富邦-新店,9661,41,2354,-2313,4.32,5,sell
7/17,2885,元大-淡水,9899,1720,17,1703,3.18,6,buy
7/17,2885,凱基-台北,9268,2248,3466,-1218,2.27,6,sell
7/17,2885,國泰證券,8880,1206,119,1087,2.03,7,buy
7/17,2885,群益金鼎-大甲,0039003100380067,4,1017,-1013,1.89,7,sell
7/17,2885,土銀,1030,973,4,969,1.81,8,buy
7/17,2885,第一金-台中,5382,11,355,-344,0.64,8,sell
7/17,2885,港商麥格理,1360,948,31,917,1.71,9,buy
7/17,2885,元大-板橋三民,9879,40,332,-292,0.55,9,sell
7/17,2885,摩根大通,8440,3479,2613,866,1.62,10,buy
7/17,2885,元大-四維,9831,36,312,-276,0.52,10,sell
7/17,2885,永興-台中,5603,800,0,800,1.49,11,buy
7/17,2885,兆豐-南京,0037003000300050,1,251,-250,0.47,11,sell
7/17,2885,永豐金-萬盛,0039004100390032,777,1,776,1.45,12,buy
7/17,2885,群益金鼎,9100,259,442,-183,0.34,12,sell
7/17,2885,富邦證券,9600,832,183,649,1.21,13,buy
7/17,2885,富邦-建國,9658,26,207,-181,0.34,13,sell
7/17,2885,美商高盛,1480,3865,3218,647,1.21,14,buy
7/17,2885,元大-大同,0039003800390047,43,217,-174,0.32,14,sell
7/17,2885,花旗環球,1590,772,141,631,1.18,15,buy
7/17,2885,台新-台中,0039004200310068,43,213,-170,0.32,15,sell
7/17,2324,台灣摩根士丹利,1470,16323,4407,11916,11.86,1,buy
7/17,2324,凱基-台北,9268,5551,10257,-4706,4.68,1,sell
7/17,2324,花旗環球,1590,7567,303,7264,7.23,2,buy
7/17,2324,美林,1440,4880,8325,-3445,3.43,2,sell
7/17,2324,摩根大通,8440,6964,3024,3940,3.92,3,buy
7/17,2324,富邦-羅東,9634,55,846,-791,0.79,3,sell
7/17,2324,新加坡商瑞銀,1650,4009,1230,2779,2.77,4,buy
7/17,2324,國票-博愛,003700370039007a,1,642,-641,0.64,4,sell
7/17,2324,美商高盛,1480,7313,4972,2341,2.33,5,buy
7/17,2324,國泰-敦南,8888,1739,2375,-636,0.63,5,sell
7/17,2324,港商野村,1560,858,0,858,0.85,6,buy
7/17,2324,台新-新莊,0039004200310039,26,565,-539,0.54,6,sell
7/17,2324,凱基-新莊,0039003200310053,714,61,653,0.65,7,buy
7/17,2324,元大-斗六,0039003800300043,64,541,-477,0.47,7,sell
7/17,2324,富邦證券,9600,754,235,519,0.52,8,buy
7/17,2324,凱基-八德,003900320031004d,23,483,-460,0.46,8,sell
7/17,2324,群益金鼎-三民,9188,513,28,485,0.48,9,buy
7/17,2324,台新-彰化,003900420032004d,4,426,-422,0.42,9,sell
7/17,2324,台新,0039004200300030,770,298,472,0.47,10,buy
7/17,2324,元大-大里,0039003800310067,49,449,-400,0.4,10,sell
7/17,2324,台新-西松,003900420032006e,505,38,467,0.46,11,buy
7/17,2324,光和-溪湖,6381,8,374,-366,0.36,11,sell
7/17,2324,法銀巴黎,8900,340,0,340,0.34,12,buy
7/17,2324,元大-東泰,9817,21,349,-328,0.33,12,sell
7/17,2324,兆豐-高雄,003700300030005a,240,27,213,0.21,13,buy
7/17,2324,永豐金-天母,0039004100390047,8,317,-309,0.31,13,sell
7/17,2324,宏遠證券,1260,735,601,134,0.13,14,buy
7/17,2324,富邦-敦南,9663,64,314,-250,0.25,14,sell
7/17,2324,凱基,9200,151,32,119,0.12,15,buy
7/17,2324,富邦-台北,9623,179,405,-226,0.22,15,sell
7/17,6005,群益金鼎-彰化,9187,656,0,656,4.52,1,buy
7/17,6005,華南永昌,9300,81,5514,-5433,37.45,1,sell
7/17,6005,凱基,9200,625,84,541,3.73,2,buy
7/17,6005,台灣摩根士丹利,1470,750,1182,-432,2.98,2,sell
7/17,6005,元大證券,9800,611,378,233,1.61,3,buy
7/17,6005,凱基-基隆,0039003200300048,8,270,-262,1.81,3,sell
7/17,6005,元大-中崙,9813,153,2,151,1.04,4,buy
7/17,6005,港商野村,1560,0,179,-179,1.23,4,sell
7/17,6005,元大-台南,9896,143,3,140,0.97,5,buy
7/17,6005,摩根大通,8440,662,788,-126,0.87,5,sell
7/17,6005,凱基-台北,9268,653,525,128,0.88,6,buy
7/17,6005,富邦-斗六,0039003600320047,5,116,-111,0.77,6,sell
7/17,6005,中農,8520,123,0,123,0.85,7,buy
7/17,6005,富邦-南屯,9666,10,100,-90,0.62,7,sell
7/17,6005,國泰-敦南,8888,209,90,119,0.82,8,buy
7/17,6005,美商高盛,1480,652,734,-82,0.57,8,sell
7/17,6005,康和-板橋,0038003400350044,117,0,117,0.81,9,buy
7/17,6005,永豐金-松山,0039004100390031,2,80,-78,0.54,9,sell
7/17,6005,新光,8560,149,39,110,0.76,10,buy
7/17,6005,台新-五權西,0039004200320035,3,64,-61,0.42,10,sell
7/17,6005,台新-台北,0039004200320030,100,0,100,0.69,11,buy
7/17,6005,兆豐-新營,003700300030004b,13,72,-59,0.41,11,sell
7/17,6005,國泰-台中,8882,99,12,87,0.6,12,buy
7/17,6005,群益金鼎-敦南,9101,9,66,-57,0.39,12,sell
7/17,6005,凱基-台南,9211,74,0,74,0.51,13,buy
7/17,6005,花旗環球,1590,3,57,-54,0.37,13,sell
7/17,6005,第一金-員林,5381,72,0,72,0.5,14,buy
7/17,6005,元大-蘆洲中正,0039003800390049,19,71,-52,0.36,14,sell
7/17,6005,兆豐-復興,0037003000300070,68,0,68,0.47,15,buy
7/17,6005,元大-中壢,9834,28,79,-51,0.35,15,sell
7/17,3036,摩根大通,8440,1119,83,1036,10.97,1,buy
7/17,3036,富邦證券,9600,18,3157,-3139,33.22,1,sell
7/17,3036,美商高盛,1480,1199,478,721,7.63,2,buy
7/17,3036,玉山-台中,0038003800340042,3,94,-91,0.96,2,sell
7/17,3036,美林,1440,589,45,544,5.76,3,buy
7/17,3036,富邦-二林,0039003600320042,0,74,-74,0.78,3,sell
7/17,3036,凱基-台北,9268,792,369,423,4.48,4,buy
7/17,3036,兆豐-新營,003700300030004b,4,65,-61,0.65,4,sell
7/17,3036,元大證券,9800,800,469,331,3.5,5,buy
7/17,3036,第一金-光復,0035003300380043,1,58,-57,0.6,5,sell
7/17,3036,港商野村,1560,200,0,200,2.12,6,buy
7/17,3036,凱基,9200,7,58,-51,0.54,6,sell
7/17,3036,土銀,1030,200,6,194,2.05,7,buy
7/17,3036,花旗環球,1590,30,79,-49,0.52,7,sell
7/17,3036,新加坡商瑞銀,1650,427,265,162,1.71,8,buy
7/17,3036,永豐金-大園,0039004100390038,5,53,-48,0.51,8,sell
7/17,3036,港商麥格理,1360,150,0,150,1.59,9,buy
7/17,3036,第一金-中山,5389,0,46,-46,0.49,9,sell
7/17,3036,國泰證券,8880,63,21,42,0.44,10,buy
7/17,3036,新光,8560,26,71,-45,0.48,10,sell
7/17,3036,第一金-路竹,0035003300380050,37,1,36,0.38,11,buy
7/17,3036,華南永昌-麻豆,9308,2,47,-45,0.48,11,sell
7/17,3036,永豐金-松山,0039004100390031,38,2,36,0.38,12,buy
7/17,3036,華南永昌-內壢,9337,0,42,-42,0.44,12,sell
7/17,3036,富邦-陽明,9604,31,0,31,0.33,13,buy
7/17,3036,台灣摩根士丹利,1470,998,1037,-39,0.41,13,sell
7/17,3036,凱基-高美館,9215,32,2,30,0.32,14,buy
7/17,3036,國票-安和,003700370039005a,1,38,-37,0.39,14,sell
7/17,3036,永豐金-敦南,0039004100380046,26,3,23,0.24,15,buy
7/17,3036,台新,0039004200300030,23,56,-33,0.35,15,sell
7/17,4938,美林,1440,2227,40,2187,13.95,1,buy
7/17,4938,永豐金證券,0039004100300030,361,1818,-1457,9.3,1,sell
7/17,4938,花旗環球,1590,933,49,884,5.64,2,buy
7/17,4938,港商野村,1560,188,1485,-1297,8.28,2,sell
7/17,4938,摩根大通,8440,2091,1210,881,5.62,3,buy
7/17,4938,元大證券,9800,2507,3039,-532,3.39,3,sell
7/17,4938,新加坡商瑞銀,1650,857,179,678,4.33,4,buy
7/17,4938,國泰-松江,8883,0,463,-463,2.95,4,sell
7/17,4938,台灣摩根士丹利,1470,1720,1230,490,3.13,5,buy
7/17,4938,國票-博愛,003700370039007a,2,190,-188,1.2,5,sell
7/17,4938,美商高盛,1480,1231,775,456,2.91,6,buy
7/17,4938,群益金鼎-東大,9135,3,137,-134,0.86,6,sell
7/17,4938,凱基,9200,367,11,356,2.27,7,buy
7/17,4938,元大-土城永寧,9875,13,136,-123,0.78,7,sell
7/17,4938,永豐金-內湖,0039004100390067,160,5,155,0.99,8,buy
7/17,4938,元大-松江,9801,1,84,-83,0.53,8,sell
7/17,4938,凱基-台北,9268,660,508,152,0.97,9,buy
7/17,4938,元大-博愛,0039003800320042,0,77,-77,0.49,9,sell
7/17,4938,港商麥格理,1360,83,0,83,0.53,10,buy
7/17,4938,台新-新店,0039004200320032,3,69,-66,0.42,10,sell
7/17,4938,台新,0039004200300030,108,32,76,0.48,11,buy
7/17,4938,玉山-左營,0038003800340044,9,74,-65,0.41,11,sell
7/17,4938,第一金-路竹,0035003300380050,56,12,44,0.28,12,buy
7/17,4938,國泰-敦南,8888,41,97,-56,0.36,12,sell
7/17,4938,北城證券,7750,45,3,42,0.27,13,buy
7/17,4938,元大-汐止,0039003800390051,0,55,-55,0.35,13,sell
7/17,4938,香港上海匯豐,8960,36,0,36,0.23,14,buy
7/17,4938,富邦-台北,9623,0,51,-51,0.33,14,sell
7/17,4938,華南永昌-台南,9306,30,2,28,0.18,15,buy
7/17,4938,臺銀-金山,0031003000340044,0,50,-50,0.32,15,sell
7/17,2301,元大證券,9800,2710,2138,572,1.99,1,buy
7/17,2301,富邦證券,9600,105,3423,-3318,11.57,1,sell
7/17,2301,永豐金證券,0039004100300030,701,302,399,1.39,2,buy
7/17,2301,台灣摩根士丹利,1470,440,2733,-2293,8.0,2,sell
7/17,2301,國泰-敦南,8888,492,267,225,0.78,3,buy
7/17,2301,新加坡商瑞銀,1650,516,2034,-1518,5.29,3,sell
7/17,2301,港商野村,1560,287,146,141,0.49,4,buy
7/17,2301,香港上海匯豐,8960,163,1362,-1199,4.18,4,sell
7/17,2301,新光-高雄,8562,219,86,133,0.46,5,buy
7/17,2301,美商高盛,1480,949,2072,-1123,3.92,5,sell
7/17,2301,富邦-內湖,9627,133,10,123,0.43,6,buy
7/17,2301,美林,1440,1244,2143,-899,3.13,6,sell
7/17,2301,統一-三重,003500380035004a,130,7,123,0.43,7,buy
7/17,2301,凱基-台北,9268,1213,1941,-728,2.54,7,sell
7/17,2301,新光,8560,189,67,122,0.43,8,buy
7/17,2301,國泰證券,8880,22,268,-246,0.86,8,sell
7/17,2301,玉山證券,8840,129,16,113,0.39,9,buy
7/17,2301,統一,5850,68,234,-166,0.58,9,sell
7/17,2301,兆豐-桃鶯,0037003000300055,134,22,112,0.39,10,buy
7/17,2301,永豐金-中正,0039004100390055,24,178,-154,0.54,10,sell
7/17,2301,群益金鼎-土城,003900310033004e,109,4,105,0.37,11,buy
7/17,2301,永豐金-忠孝,0039004100390044,23,162,-139,0.48,11,sell
7/17,2301,華南永昌-鳳山,9331,130,28,102,0.36,12,buy
7/17,2301,兆豐證券,7000,24,125,-101,0.35,12,sell
7/17,2301,凱基,9200,113,12,101,0.35,13,buy
7/17,2301,兆豐-台中,7003,21,113,-92,0.32,13,sell
7/17,2301,台新,0039004200300030,178,78,100,0.35,14,buy
7/17,2301,元大-敦化,9833,18,100,-82,0.29,14,sell
7/17,2301,富邦-陽明,9604,127,40,87,0.3,15,buy
7/17,2301,法銀巴黎,8900,32,104,-72,0.25,15,sell
7/17,6176,元大證券,9800,603,252,351,5.59,1,buy
7/17,6176,美商高盛,1480,76,1286,-1210,19.26,1,sell
7/17,6176,華南永昌-潮州,9328,200,3,197,3.14,2,buy
7/17,6176,台灣摩根士丹利,1470,92,856,-764,12.16,2,sell
7/17,6176,凱基,9200,136,28,108,1.72,3,buy
7/17,6176,凱基-台北,9268,131,527,-396,6.3,3,sell
7/17,6176,富邦-新竹,9647,91,3,88,1.4,4,buy
7/17,6176,摩根大通,8440,137,498,-361,5.75,4,sell
7/17,6176,凱基-竹科,9272,78,0,78,1.24,5,buy
7/17,6176,永豐金證券,0039004100300030,29,292,-263,4.19,5,sell
7/17,6176,法銀巴黎,8900,78,0,78,1.24,6,buy
7/17,6176,新加坡商瑞銀,1650,387,604,-217,3.45,6,sell
7/17,6176,第一金-路竹,0035003300380050,69,0,69,1.1,7,buy
7/17,6176,港商野村,1560,142,288,-146,2.32,7,sell
7/17,6176,新光,8560,85,19,66,1.05,8,buy
7/17,6176,美林,1440,25,97,-72,1.15,8,sell
7/17,6176,群益金鼎-中港,9138,61,0,61,0.97,9,buy
7/17,6176,第一金-澎湖,5387,1,70,-69,1.1,9,sell
7/17,6176,富邦-南京,0039003600310043,59,0,59,0.94,10,buy
7/17,6176,元大-楊梅,0039003800370041,5,52,-47,0.75,10,sell
7/17,6176,國泰-台中,8882,55,1,54,0.86,11,buy
7/17,6176,大展-台南,5058,0,26,-26,0.41,11,sell
7/17,6176,富邦-板橋,9655,49,4,45,0.72,12,buy
7/17,6176,玉山-嘉義,8848,4,29,-25,0.4,12,sell
7/17,6176,光和-花壇,6385,42,0,42,0.67,13,buy
7/17,6176,群益金鼎-鳳山,0039003100380063,3,28,-25,0.4,13,sell
7/17,6176,台新-大裕,003900420032006c,37,0,37,0.59,14,buy
7/17,6176,玉山-大里,003800380034004a,0,23,-23,0.37,14,sell
7/17,6176,凱基-三重,9205,36,0,36,0.57,15,buy
7/17,6176,台新-中壢,0039004200310079,3,24,-21,0.33,15,sell
7/17,2006,美商高盛,1480,267,72,195,8.25,1,buy
7/17,2006,合庫證券,1020,0,711,-711,30.08,1,sell
7/17,2006,台灣摩根士丹利,1470,546,397,149,6.3,2,buy
7/17,2006,國票-敦北法人,0037003700390063,0,200,-200,8.46,2,sell
7/17,2006,摩根大通,8440,229,102,127,5.37,3,buy
7/17,2006,玉山證券,8840,1,48,-47,1.99,3,sell
7/17,2006,新加坡商瑞銀,1650,171,56,115,4.86,4,buy
7/17,2006,富邦-岡山,9616,0,35,-35,1.48,4,sell
7/17,2006,法銀巴黎,8900,99,0,99,4.19,5,buy
7/17,2006,凱基-台北,9268,90,117,-27,1.14,5,sell
7/17,2006,華南永昌-台中,9302,33,0,33,1.4,6,buy
7/17,2006,台新-高雄,0039004200310067,0,14,-14,0.59,6,sell
7/17,2006,元大-員林中山,9835,23,0,23,0.97,7,buy
7/17,2006,台新-松德,0039004200320061,0,14,-14,0.59,7,sell
7/17,2006,富邦-竹科,0039003600320043,21,0,21,0.89,8,buy
7/17,2006,元大-蘆洲中正,0039003800390049,1,12,-11,0.47,8,sell
7/17,2006,元大-復北,9872,21,0,21,0.89,9,buy
7/17,2006,國泰證券,8880,2,13,-11,0.47,9,sell
7/17,2006,兆豐-虎尾,0037003000300046,20,0,20,0.85,10,buy
7/17,2006,元大-桃園,0039003800380042,0,11,-11,0.47,10,sell
7/17,2006,永豐金證券,0039004100300030,26,8,18,0.76,11,buy
7/17,2006,凱基-南崁,9256,0,10,-10,0.42,11,sell
7/17,2006,港商野村,1560,17,0,17,0.72,12,buy
7/17,2006,元大-大同,0039003800390047,0,10,-10,0.42,12,sell
7/17,2006,元大-館前,003900380034004b,18,1,17,0.72,13,buy
7/17,2006,富邦-竹北,9624,0,10,-10,0.42,13,sell
7/17,2006,花旗環球,1590,25,9,16,0.68,14,buy
7/17,2006,元大-豐原站前,0039003800390057,0,9,-9,0.38,14,sell
7/17,2006,國泰-台南,8884,16,0,16,0.68,15,buy
7/17,2006,華南永昌-虎尾,9377,7,16,-9,0.38,15,sell
7/17,1319,元大證券,9800,207,79,128,5.01,1,buy
7/17,1319,華南永昌,9300,6,204,-198,7.74,1,sell
7/17,1319,法銀巴黎,8900,87,0,87,3.4,2,buy
7/17,1319,富邦證券,9600,27,215,-188,7.35,2,sell
7/17,1319,臺銀-高雄,0031003000340043,45,0,45,1.76,3,buy
7/17,1319,大和國泰,8890,0,150,-150,5.87,3,sell
7/17,1319,凱基-林口,9257,39,1,38,1.49,4,buy
7/17,1319,凱基-台北,9268,58,179,-121,4.73,4,sell
7/17,1319,永豐金-亞灣,0039004100390061,31,0,31,1.21,5,buy
7/17,1319,台灣摩根士丹利,1470,132,226,-94,3.68,5,sell
7/17,1319,台新-台南,0039004200310036,30,0,30,1.17,6,buy
7/17,1319,摩根大通,8440,67,159,-92,3.6,6,sell
7/17,1319,元大-復北,9872,30,0,30,1.17,7,buy
7/17,1319,台新,0039004200300030,14,64,-50,1.96,7,sell
7/17,1319,兆豐-南京,0037003000300050,27,0,27,1.06,8,buy
7/17,1319,台新-桃園,0039004200320076,1,25,-24,0.94,8,sell
7/17,1319,國泰證券,8880,24,0,24,0.94,9,buy
7/17,1319,凱基-松山,9217,1,24,-23,0.9,9,sell
7/17,1319,元大-台北,0039003800300068,23,0,23,0.9,10,buy
7/17,1319,群益金鼎,9100,5,27,-22,0.86,10,sell
7/17,1319,華南永昌-台南,9306,22,0,22,0.86,11,buy
7/17,1319,元大-永和,9891,1,21,-20,0.78,11,sell
7/17,1319,永豐金-桃園,0039004100390078,25,3,22,0.86,12,buy
7/17,1319,華南永昌-大甲,9315,0,20,-20,0.78,12,sell
7/17,1319,玉山-新莊,8842,31,10,21,0.82,13,buy
7/17,1319,統一-員林,0035003800350049,0,20,-20,0.78,13,sell
7/17,1319,凱基-五股,0039003200310047,21,0,21,0.82,14,buy
7/17,1319,台新-台中,0039004200310068,11,30,-19,0.74,14,sell
7/17,1319,元大-金華,9878,20,0,20,0.78,15,buy
7/17,1319,美林,1440,9,28,-19,0.74,15,sell
7/17,6919,群益金鼎,9100,2107,111,1996,15.74,1,buy
7/17,6919,凱基-台北,9268,610,1698,-1088,8.58,1,sell
7/17,6919,宏遠-桃園,1262,192,0,192,1.51,2,buy
7/17,6919,元大-北屯,0039003800390064,6,392,-386,3.04,2,sell
7/17,6919,富邦-樹林,0039003600320045,104,5,99,0.78,3,buy
7/17,6919,富邦-仁愛,9676,26,266,-240,1.89,3,sell
7/17,6919,國泰-館前,0038003800380041,161,75,86,0.68,4,buy
7/17,6919,富邦-台中,003900360035004b,21,219,-198,1.56,4,sell
7/17,6919,臺銀-高雄,0031003000340043,86,12,74,0.58,5,buy
7/17,6919,新加坡商瑞銀,1650,166,299,-133,1.05,5,sell
7/17,6919,美商高盛,1480,194,140,54,0.43,6,buy
7/17,6919,永豐金-永康,0039004100390063,13,140,-127,1.0,6,sell
7/17,6919,凱基-高雄,9206,57,3,54,0.43,7,buy
7/17,6919,台灣摩根士丹利,1470,192,313,-121,0.95,7,sell
7/17,6919,大昌-桃園,6465,54,1,53,0.42,8,buy
7/17,6919,宏遠證券,1260,112,202,-90,0.71,8,sell
7/17,6919,康和-台北,0038003400350055,53,1,52,0.41,9,buy
7/17,6919,元大證券,9800,915,1001,-86,0.68,9,sell
7/17,6919,群益金鼎-北高雄,0039003100330052,70,19,51,0.4,10,buy
7/17,6919,統一,5850,126,204,-78,0.62,10,sell
7/17,6919,康和,8450,51,1,50,0.39,11,buy
7/17,6919,富邦-新竹,9647,9,86,-77,0.61,11,sell
7/17,6919,花旗環球,1590,86,45,41,0.32,12,buy
7/17,6919,美林,1440,53,121,-68,0.54,12,sell
7/17,6919,群益金鼎-中壢,0039003100380041,46,5,41,0.32,13,buy
7/17,6919,新光,8560,73,140,-67,0.53,13,sell
7/17,6919,元大-內湖,003900380039004e,49,9,40,0.32,14,buy
7/17,6919,台新-成功,003900420032006d,8,72,-64,0.5,14,sell
7/17,6919,元大-草屯,0039003800390045,39,5,34,0.27,15,buy
7/17,6919,台新-大裕,003900420032006c,5,69,-64,0.5,15,sell
7/17,9907,台灣摩根士丹利,1470,595,126,469,8.19,1,buy
7/17,9907,兆豐證券,7000,0,1093,-1093,19.1,1,sell
7/17,9907,新加坡商瑞銀,1650,497,40,457,7.98,2,buy
7/17,9907,統一,5850,9,1041,-1032,18.03,2,sell
7/17,9907,摩根大通,8440,721,453,268,4.68,3,buy
7/17,9907,合庫證券,1020,0,825,-825,14.41,3,sell
7/17,9907,凱基-台北,9268,563,295,268,4.68,4,buy
7/17,9907,群益金鼎-高雄,9183,1,200,-199,3.48,4,sell
7/17,9907,玉山-台南,8847,134,1,133,2.32,5,buy
7/17,9907,台新-成功,003900420032006d,0,120,-120,2.1,5,sell
7/17,9907,花旗環球,1590,130,0,130,2.27,6,buy
7/17,9907,聯邦-大業,8586,1,116,-115,2.01,6,sell
7/17,9907,美商高盛,1480,346,227,119,2.08,7,buy
7/17,9907,合庫-鳳山,1029,2,60,-58,1.01,7,sell
7/17,9907,臺銀-民權,1043,110,0,110,1.92,8,buy
7/17,9907,兆豐-小港,0037003000300052,0,50,-50,0.87,8,sell
7/17,9907,臺銀,1040,103,1,102,1.78,9,buy
7/17,9907,台新-中壢,0039004200310079,0,50,-50,0.87,9,sell
7/17,9907,統一-基隆,0035003800350041,102,0,102,1.78,10,buy
7/17,9907,第一金-自由,0035003300380045,0,49,-49,0.86,10,sell
7/17,9907,台灣企銀-建成,0031003100310042,91,0,91,1.59,11,buy
7/17,9907,富邦-永康,003900360031005a,1,50,-49,0.86,11,sell
7/17,9907,群益金鼎-館前,0039003100330059,80,0,80,1.4,12,buy
7/17,9907,國泰-台中,8882,30,74,-44,0.77,12,sell
7/17,9907,美林,1440,85,7,78,1.36,13,buy
7/17,9907,港商野村,1560,0,24,-24,0.42,13,sell
7/17,9907,國泰-板橋,003800380038004b,63,7,56,0.98,14,buy
7/17,9907,富邦-三重,9677,0,16,-16,0.28,14,sell
7/17,9907,國泰-高雄,8881,54,0,54,0.94,15,buy
7/17,9907,元大-新盛,9869,3,17,-14,0.24,15,sell
7/17,6147,台灣摩根士丹利,1470,2246,231,2015,8.02,1,buy
7/17,6147,凱基-台北,9268,1053,7957,-6904,27.48,1,sell
7/17,6147,新加坡商瑞銀,1650,1402,1,1401,5.58,2,buy
7/17,6147,富邦證券,9600,217,2516,-2299,9.15,2,sell
7/17,6147,美商高盛,1480,1079,242,837,3.33,3,buy
7/17,6147,凱基,9200,147,1110,-963,3.83,3,sell
7/17,6147,宏遠證券,1260,655,3,652,2.59,4,buy
7/17,6147,兆豐證券,7000,4,694,-690,2.75,4,sell
7/17,6147,花旗環球,1590,602,0,602,2.4,5,buy
7/17,6147,元大-信義安和,0039003800300052,356,889,-533,2.12,5,sell
7/17,6147,摩根大通,8440,931,504,427,1.7,6,buy
7/17,6147,元大證券,9800,2145,2654,-509,2.03,6,sell
7/17,6147,港商野村,1560,455,210,245,0.98,7,buy
7/17,6147,凱基-信義,9216,20,438,-418,1.66,7,sell
7/17,6147,國泰-敦南,8888,473,238,235,0.94,8,buy
7/17,6147,富邦-嘉義,9692,22,329,-307,1.22,8,sell
7/17,6147,美林,1440,236,65,171,0.68,9,buy
7/17,6147,元大-敦南,0039003800390050,33,244,-211,0.84,9,sell
7/17,6147,華南永昌-彰化,9363,168,2,166,0.66,10,buy
7/17,6147,玉山證券,8840,36,216,-180,0.72,10,sell
7/17,6147,元大-內湖,003900380039004e,136,14,122,0.49,11,buy
7/17,6147,國票證券,7790,1,167,-166,0.66,11,sell
7/17,6147,元大-斗信,9884,118,0,118,0.47,12,buy
7/17,6147,統一,5850,61,156,-95,0.38,12,sell
7/17,6147,凱基-鳳山,9274,500,398,102,0.41,13,buy
7/17,6147,群益金鼎,9100,194,278,-84,0.33,13,sell
7/17,6147,台新-西松,003900420032006e,102,4,98,0.39,14,buy
7/17,6147,永豐金-忠孝,0039004100390044,16,90,-74,0.29,14,sell
7/17,6147,群益金鼎-大安,0039003100380065,94,0,94,0.37,15,buy
7/17,6147,國票-敦北法人,0037003700390063,0,70,-70,0.28,15,sell
7/17,6239,新加坡商瑞銀,1650,1143,627,516,1.19,1,buy
7/17,6239,台灣摩根士丹利,1470,1499,2960,-1461,3.37,1,sell
7/17,6239,凱基-城中,9227,510,7,503,1.16,2,buy
7/17,6239,美商高盛,1480,1952,3349,-1397,3.22,2,sell
7/17,6239,元大-大雅,0039003800330069,465,55,410,0.95,3,buy
7/17,6239,富邦證券,9600,413,1492,-1079,2.49,3,sell
7/17,6239,統一-城中,5854,332,77,255,0.59,4,buy
7/17,6239,凱基-信義,9216,3,853,-850,1.96,4,sell
7/17,6239,港商野村,1560,451,202,249,0.57,5,buy
7/17,6239,美林,1440,639,1471,-832,1.92,5,sell
7/17,6239,國泰-敦南,8888,1510,1288,222,0.51,6,buy
7/17,6239,國泰證券,8880,311,596,-285,0.66,6,sell
7/17,6239,群益金鼎,9100,788,574,214,0.49,7,buy
7/17,6239,群益金鼎-大安,0039003100380065,5,283,-278,0.64,7,sell
7/17,6239,國票-北高雄,003700370039004a,199,47,152,0.35,8,buy
7/17,6239,摩根大通,8440,790,1001,-211,0.49,8,sell
7/17,6239,元大-蘆洲,9857,250,127,123,0.28,9,buy
7/17,6239,永豐金證券,0039004100300030,497,706,-209,0.48,9,sell
7/17,6239,華南永昌-桃園,9352,121,4,117,0.27,10,buy
7/17,6239,花旗環球,1590,1,199,-198,0.46,10,sell
7/17,6239,華南永昌,9300,175,60,115,0.27,11,buy
7/17,6239,元大證券,9800,4552,4736,-184,0.42,11,sell
7/17,6239,國票-桃園,0037003700390072,114,5,109,0.25,12,buy
7/17,6239,元大-鳳山,003900380033005a,117,291,-174,0.4,12,sell
7/17,6239,凱基-台北,9268,3415,3308,107,0.25,13,buy
7/17,6239,華南永昌-竹北,9339,17,189,-172,0.4,13,sell
7/17,6239,元大-台北,0039003800300068,204,101,103,0.24,14,buy
7/17,6239,台新-安南,003900420032005a,17,150,-133,0.31,14,sell
7/17,6239,台新-台中,0039004200310068,168,77,91,0.21,15,buy
7/17,6239,法銀巴黎,8900,29,145,-116,0.27,15,sell
7/17,2385,港商野村,1560,1531,131,1400,20.28,1,buy
7/17,2385,兆豐證券,7000,0,1142,-1142,16.54,1,sell
7/17,2385,永豐金-敦南,0039004100380046,600,1,599,8.67,2,buy
7/17,2385,統一,5850,6,890,-884,12.8,2,sell
7/17,2385,美林,1440,752,170,582,8.43,3,buy
7/17,2385,台灣摩根士丹利,1470,156,861,-705,10.21,3,sell
7/17,2385,港商麥格理,1360,309,0,309,4.48,4,buy
7/17,2385,美商高盛,1480,38,460,-422,6.11,4,sell
7/17,2385,元大證券,9800,533,328,205,2.97,5,buy
7/17,2385,國泰證券,8880,0,298,-298,4.32,5,sell
7/17,2385,摩根大通,8440,418,289,129,1.87,6,buy
7/17,2385,台灣企銀,1110,1,191,-190,2.75,6,sell
7/17,2385,新加坡商瑞銀,1650,266,143,123,1.78,7,buy
7/17,2385,元大-員林,9889,1,65,-64,0.93,7,sell
7/17,2385,凱基-台北,9268,227,125,102,1.48,8,buy
7/17,2385,台新-西松,003900420032006e,0,55,-55,0.8,8,sell
7/17,2385,玉山-台中,0038003800340042,73,12,61,0.88,9,buy
7/17,2385,宏遠-桃園,1262,1,54,-53,0.77,9,sell
7/17,2385,群益金鼎-南京,0039003100380045,55,0,55,0.8,10,buy
7/17,2385,華南永昌-東勢,9358,0,41,-41,0.59,10,sell
7/17,2385,群益金鼎-東大,9135,41,1,40,0.58,11,buy
7/17,2385,富邦-南員林,0039003600310052,3,39,-36,0.52,11,sell
7/17,2385,永豐金證券,0039004100300030,61,26,35,0.51,12,buy
7/17,2385,花旗環球,1590,5,35,-30,0.43,12,sell
7/17,2385,中國信託,6160,32,1,31,0.45,13,buy
7/17,2385,第一金-澎湖,5387,0,30,-30,0.43,13,sell
7/17,2385,玉山證券,8840,28,0,28,0.41,14,buy
7/17,2385,元大-台南,9896,0,25,-25,0.36,14,sell
7/17,2385,台中銀-員林,6114,25,0,25,0.36,15,buy
7/17,2385,永豐金-南京,0039004100390053,0,25,-25,0.36,15,sell
7/17,3005,台灣摩根士丹利,1470,749,199,550,8.31,1,buy
7/17,3005,統一,5850,9,743,-734,11.09,1,sell
7/17,3005,摩根大通,8440,595,63,532,8.04,2,buy
7/17,3005,元大-中壢,9834,9,313,-304,4.59,2,sell
7/17,3005,凱基-台北,9268,718,269,449,6.78,3,buy
7/17,3005,元大-基隆孝二,003900380036004b,5,215,-210,3.17,3,sell
7/17,3005,美商高盛,1480,415,135,280,4.23,4,buy
7/17,3005,永豐金證券,0039004100300030,128,279,-151,2.28,4,sell
7/17,3005,元大證券,9800,620,431,189,2.85,5,buy
7/17,3005,國泰-板橋,003800380038004b,8,159,-151,2.28,5,sell
7/17,3005,新加坡商瑞銀,1650,268,114,154,2.33,6,buy
7/17,3005,港商野村,1560,0,123,-123,1.86,6,sell
7/17,3005,花旗環球,1590,75,1,74,1.12,7,buy
7/17,3005,合庫證券,1020,6,98,-92,1.39,7,sell
7/17,3005,國泰-台中,8882,84,17,67,1.01,8,buy
7/17,3005,彰銀-台中,1233,3,95,-92,1.39,8,sell
7/17,3005,永豐金-新竹,0039004100390037,62,3,59,0.89,9,buy
7/17,3005,美好,5260,0,84,-84,1.27,9,sell
7/17,3005,元大-復北,9872,48,1,47,0.71,10,buy
7/17,3005,兆豐-竹北,7007,1,62,-61,0.92,10,sell
7/17,3005,國泰證券,8880,44,4,40,0.6,11,buy
7/17,3005,(牛牛牛)亞-鑫豐,0036003000310064,16,70,-54,0.82,11,sell
7/17,3005,富邦-建國,9658,56,18,38,0.57,12,buy
7/17,3005,新光-新竹,8563,19,67,-48,0.73,12,sell
7/17,3005,美林,1440,87,54,33,0.5,13,buy
7/17,3005,華南永昌-高雄,9303,5,47,-42,0.63,13,sell
7/17,3005,國泰-館前,0038003800380041,39,10,29,0.44,14,buy
7/17,3005,台新,0039004200300030,20,60,-40,0.6,14,sell
7/17,3005,元大-六合,0039003800320043,34,5,29,0.44,15,buy
7/17,3005,凱基-林口,9257,0,35,-35,0.53,15,sell
7/17,2368,港商麥格理,1360,368,33,335,5.95,1,buy
7/17,2368,富邦證券,9600,12,317,-305,5.41,1,sell
7/17,2368,美商高盛,1480,587,282,305,5.41,2,buy
7/17,2368,元大證券,9800,463,654,-191,3.39,2,sell
7/17,2368,台灣摩根士丹利,1470,751,515,236,4.19,3,buy
7/17,2368,永豐金證券,0039004100300030,164,330,-166,2.95,3,sell
7/17,2368,凱基-台北,9268,460,286,174,3.09,4,buy
7/17,2368,富邦-建國,9658,8,143,-135,2.4,4,sell
7/17,2368,摩根大通,8440,369,206,163,2.89,5,buy
7/17,2368,宏遠證券,1260,2,127,-125,2.22,5,sell
7/17,2368,(牛牛牛)亞證券,6010,137,0,137,2.43,6,buy
7/17,2368,凱基-站前,0039003200300046,6,125,-119,2.11,6,sell
7/17,2368,中國信託,6160,143,11,132,2.34,7,buy
7/17,2368,永豐金-匯立,0039004100380031,0,92,-92,1.63,7,sell
7/17,2368,新加坡商瑞銀,1650,127,42,85,1.51,8,buy
7/17,2368,新光,8560,31,117,-86,1.53,8,sell
7/17,2368,大和國泰,8890,70,0,70,1.24,9,buy
7/17,2368,群益金鼎-忠孝,0039003100380057,0,70,-70,1.24,9,sell
7/17,2368,國泰證券,8880,79,28,51,0.91,10,buy
7/17,2368,港商野村,1560,68,120,-52,0.92,10,sell
7/17,2368,土銀,1030,40,4,36,0.64,11,buy
7/17,2368,康和-延平,8451,0,50,-50,0.89,11,sell
7/17,2368,美林,1440,90,55,35,0.62,12,buy
7/17,2368,華南永昌,9300,9,50,-41,0.73,12,sell
7/17,2368,聯邦-大業,8586,33,0,33,0.59,13,buy
7/17,2368,群益金鼎-民權,9131,2,34,-32,0.57,13,sell
7/17,2368,花旗環球,1590,35,2,33,0.59,14,buy
7/17,2368,富邦-木柵,003900360031004d,0,28,-28,0.5,14,sell
7/17,2368,國泰-敦南,8888,61,51,10,0.18,15,buy
7/17,2368,富邦-高雄,9659,18,46,-28,0.5,15,sell
