date,stock_code,broker_name,broker_id,buy_vol,sell_vol,net_vol,pct,rank,side
9/04,2330,花旗環球,1590,1484,130,1354,9.61,1,buy
9/04,2330,摩根大通,8440,1426,2738,-1312,9.31,1,sell
9/04,2330,永豐金-匯立,0039004100380031,1489,320,1169,8.3,2,buy
9/04,2330,台灣摩根士丹利,1470,794,1849,-1055,7.49,2,sell
9/04,2330,元大證券,9800,947,62,885,6.28,3,buy
9/04,2330,宏遠證券,1260,1,283,-282,2.0,3,sell
9/04,2330,美林,1440,569,104,465,3.3,4,buy
9/04,2330,統一,5850,37,228,-191,1.36,4,sell
9/04,2330,富邦證券,9600,464,66,398,2.82,5,buy
9/04,2330,美商高盛,1480,946,1117,-171,1.21,5,sell
9/04,2330,凱基-台北,9268,899,555,344,2.44,6,buy
9/04,2330,國泰-敦南,8888,53,148,-95,0.67,6,sell
9/04,2330,華南永昌,9300,100,38,62,0.44,7,buy
9/04,2330,凱基,9200,32,109,-77,0.55,7,sell
9/04,2330,港商野村,1560,177,140,37,0.26,8,buy
9/04,2330,國票-敦北法人,0037003700390063,20,84,-64,0.45,8,sell
9/04,2330,中國信託,6160,106,71,35,0.25,9,buy
9/04,2330,凱基-信義,9216,0,56,-56,0.4,9,sell
9/04,2330,凱基-高美館,9215,36,5,31,0.22,10,buy
9/04,2330,元大-館前,003900380034004b,17,68,-51,0.36,10,sell
9/04,2330,港商麥格理,1360,313,283,30,0.21,11,buy
9/04,2330,永豐金證券,0039004100300030,93,141,-48,0.34,11,sell
9/04,2330,群益金鼎-古亭,0039003100380043,25,5,20,0.14,12,buy
9/04,2330,新光,8560,26,67,-41,0.29,12,sell
9/04,2330,元大-豐原站前,0039003800390057,28,12,16,0.11,13,buy
9/04,2330,國票-北高雄,003700370039004a,0,28,-28,0.2,13,sell
9/04,2330,國泰證券,8880,28,13,15,0.11,14,buy
9/04,2330,中國信託-高雄,003600310036004b,2,29,-27,0.19,14,sell
9/04,2330,凱基-大直,9218,19,4,15,0.11,15,buy
9/04,2330,香港上海匯豐,8960,322,349,-27,0.19,15,sell
9/04,2317,台灣摩根士丹利,1470,5940,255,5685,11.54,1,buy
9/04,2317,國泰-敦南,8888,132,879,-747,1.52,1,sell
9/04,2317,元大證券,9800,6550,1098,5452,11.06,2,buy
9/04,2317,港商麥格理,1360,250,799,-549,1.11,2,sell
9/04,2317,美林,1440,4971,45,4926,10.0,3,buy
9/04,2317,元大-大同,0039003800390047,0,435,-435,0.88,3,sell
9/04,2317,新加坡商瑞銀,1650,3832,1170,2662,5.4,4,buy
9/04,2317,元大-府城,0039003800300075,1,386,-385,0.78,4,sell
9/04,2317,美商高盛,1480,2816,379,2437,4.94,5,buy
9/04,2317,新光,8560,84,432,-348,0.71,5,sell
9/04,2317,富邦證券,9600,2657,326,2331,4.73,6,buy
9/04,2317,玉山證券,8840,7,307,-300,0.61,6,sell
9/04,2317,港商野村,1560,1957,218,1739,3.53,7,buy
9/04,2317,台新,0039004200300030,213,498,-285,0.58,7,sell
9/04,2317,摩根大通,8440,6845,5439,1406,2.85,8,buy
9/04,2317,香港上海匯豐,8960,9,277,-268,0.54,8,sell
9/04,2317,花旗環球,1590,961,40,921,1.87,9,buy
9/04,2317,國泰-台中,8882,21,234,-213,0.43,9,sell
9/04,2317,國票-敦北法人,0037003700390063,609,13,596,1.21,10,buy
9/04,2317,富邦-陽明,9604,15,223,-208,0.42,10,sell
9/04,2317,統一,5850,683,128,555,1.13,11,buy
9/04,2317,國泰-高雄,8881,39,242,-203,0.41,11,sell
9/04,2317,康和,8450,499,9,490,0.99,12,buy
9/04,2317,國泰-館前,0038003800380041,15,208,-193,0.39,12,sell
9/04,2317,凱基-台北,9268,1348,956,392,0.8,13,buy
9/04,2317,國泰-板橋,003800380038004b,32,224,-192,0.39,13,sell
9/04,2317,法銀巴黎,8900,400,13,387,0.79,14,buy
9/04,2317,富邦-員林,9672,6,193,-187,0.38,14,sell
9/04,2317,凱基,9200,375,2,373,0.76,15,buy
9/04,2317,富邦-仁愛,9676,10,195,-185,0.38,15,sell
9/04,2454,美商高盛,1480,1962,589,1373,15.17,1,buy
9/04,2454,永豐金-匯立,0039004100380031,39,1172,-1133,12.52,1,sell
9/04,2454,元大證券,9800,719,452,267,2.95,2,buy
9/04,2454,凱基,9200,37,464,-427,4.72,2,sell
9/04,2454,香港上海匯豐,8960,263,31,232,2.56,3,buy
9/04,2454,台灣摩根士丹利,1470,322,544,-222,2.45,3,sell
9/04,2454,群益金鼎,9100,202,34,168,1.86,4,buy
9/04,2454,港商麥格理,1360,23,111,-88,0.97,4,sell
9/04,2454,大和國泰,8890,153,0,153,1.69,5,buy
9/04,2454,凱基-城中,9227,3,69,-66,0.73,5,sell
9/04,2454,國泰證券,8880,141,15,126,1.39,6,buy
9/04,2454,港商野村,1560,93,152,-59,0.65,6,sell
9/04,2454,花旗環球,1590,312,202,110,1.22,7,buy
9/04,2454,元大-竹科,003900380030004b,6,59,-53,0.59,7,sell
9/04,2454,統一,5850,113,25,88,0.97,8,buy
9/04,2454,永豐金-內湖,0039004100390067,9,53,-44,0.49,8,sell
9/04,2454,美林,1440,133,48,85,0.94,9,buy
9/04,2454,新加坡商瑞銀,1650,218,261,-43,0.48,9,sell
9/04,2454,摩根大通,8440,457,380,77,0.85,10,buy
9/04,2454,新光,8560,32,72,-40,0.44,10,sell
9/04,2454,中國信託,6160,61,11,50,0.55,11,buy
9/04,2454,凱基-台北,9268,484,520,-36,0.4,11,sell
9/04,2454,群益金鼎-忠孝,0039003100380057,51,2,49,0.54,12,buy
9/04,2454,國泰-敦南,8888,93,126,-33,0.36,12,sell
9/04,2454,凱基-中山,9229,43,5,38,0.42,13,buy
9/04,2454,富邦證券,9600,118,149,-31,0.34,13,sell
9/04,2454,永豐金-台南,0039004100390068,36,5,31,0.34,14,buy
9/04,2454,富邦-仁愛,9676,30,58,-28,0.31,14,sell
9/04,2454,統一-桃園,0035003800350048,30,1,29,0.32,15,buy
9/04,2454,第一金-澎湖,5387,0,26,-26,0.29,15,sell
9/04,2308,摩根大通,8440,1215,143,1072,11.66,1,buy
9/04,2308,香港上海匯豐,8960,3,1138,-1135,12.34,1,sell
9/04,2308,美商高盛,1480,795,423,372,4.05,2,buy
9/04,2308,港商麥格理,1360,29,274,-245,2.66,2,sell
9/04,2308,新加坡商瑞銀,1650,681,325,356,3.87,3,buy
9/04,2308,群益金鼎,9100,107,183,-76,0.83,3,sell
9/04,2308,台灣摩根士丹利,1470,718,427,291,3.16,4,buy
9/04,2308,國泰-敦南,8888,137,210,-73,0.79,4,sell
9/04,2308,國票-敦北法人,0037003700390063,173,4,169,1.84,5,buy
9/04,2308,新光,8560,43,78,-35,0.38,5,sell
9/04,2308,元大證券,9800,583,423,160,1.74,6,buy
9/04,2308,統一-新台中,0035003800350044,85,119,-34,0.37,6,sell
9/04,2308,凱基-台北,9268,512,357,155,1.69,7,buy
9/04,2308,富邦證券,9600,122,155,-33,0.36,7,sell
9/04,2308,法銀巴黎,8900,144,0,144,1.57,8,buy
9/04,2308,華南永昌-台中,9302,2,27,-25,0.27,8,sell
9/04,2308,群益金鼎-忠孝,0039003100380057,103,3,100,1.09,9,buy
9/04,2308,國泰-板橋,003800380038004b,23,46,-23,0.25,9,sell
9/04,2308,美林,1440,372,272,100,1.09,10,buy
9/04,2308,富邦-仁愛,9676,10,32,-22,0.24,10,sell
9/04,2308,永豐金證券,0039004100300030,123,47,76,0.83,11,buy
9/04,2308,宏遠-民生,1261,1,23,-22,0.24,11,sell
9/04,2308,國泰證券,8880,92,17,75,0.82,12,buy
9/04,2308,國泰-桃園,8885,16,37,-21,0.23,12,sell
9/04,2308,花旗環球,1590,114,39,75,0.82,13,buy
9/04,2308,玉山-左營,0038003800340044,2,23,-21,0.23,13,sell
9/04,2308,統一,5850,88,17,71,0.77,14,buy
9/04,2308,玉山-城中,0038003800340045,5,24,-19,0.21,14,sell
9/04,2308,宏遠證券,1260,57,7,50,0.54,15,buy
9/04,2308,國泰-台中,8882,34,53,-19,0.21,15,sell
9/04,2382,新加坡商瑞銀,1650,3256,65,3191,15.51,1,buy
9/04,2382,國泰證券,8880,7,2510,-2503,12.17,1,sell
9/04,2382,美商高盛,1480,2879,90,2789,13.56,2,buy
9/04,2382,福邦證券,6480,0,1116,-1116,5.43,2,sell
9/04,2382,台灣摩根士丹利,1470,2707,535,2172,10.56,3,buy
9/04,2382,大和國泰,8890,0,500,-500,2.43,3,sell
9/04,2382,美林,1440,1314,150,1164,5.66,4,buy
9/04,2382,國票-敦北法人,0037003700390063,0,415,-415,2.02,4,sell
9/04,2382,凱基-台北,9268,1230,252,978,4.75,5,buy
9/04,2382,兆豐-公益,003700300030004a,1,410,-409,1.99,5,sell
9/04,2382,元大證券,9800,1873,920,953,4.63,6,buy
9/04,2382,永豐金-萬盛,0039004100390032,4,210,-206,1.0,6,sell
9/04,2382,港商野村,1560,804,18,786,3.82,7,buy
9/04,2382,新光,8560,39,229,-190,0.92,7,sell
9/04,2382,國票-南京,003700370039006e,500,0,500,2.43,8,buy
9/04,2382,兆豐-桃園,003700300030004d,6,173,-167,0.81,8,sell
9/04,2382,摩根大通,8440,1181,759,422,2.05,9,buy
9/04,2382,國泰-敦南,8888,81,242,-161,0.78,9,sell
9/04,2382,法銀巴黎,8900,313,0,313,1.52,10,buy
9/04,2382,富邦-建國,9658,3,153,-150,0.73,10,sell
9/04,2382,兆豐-民生,0037003000300063,258,8,250,1.22,11,buy
9/04,2382,台新,0039004200300030,19,141,-122,0.59,11,sell
9/04,2382,花旗環球,1590,430,204,226,1.1,12,buy
9/04,2382,康和-石牌,0038003400350052,0,120,-120,0.58,12,sell
9/04,2382,群益金鼎,9100,355,176,179,0.87,13,buy
9/04,2382,統一-新竹,5857,0,115,-115,0.56,13,sell
9/04,2382,台新-基隆,0039004200320053,145,8,137,0.67,14,buy
9/04,2382,富邦-仁愛,9676,14,90,-76,0.37,14,sell
9/04,2382,國票-安和,003700370039005a,100,8,92,0.45,15,buy
9/04,2382,高橋-龍潭,5321,1,75,-74,0.36,15,sell
9/04,2891,台灣摩根士丹利,1470,5438,1158,4280,14.66,1,buy
9/04,2891,摩根大通,8440,1698,3913,-2215,7.59,1,sell
9/04,2891,永豐金-匯立,0039004100380031,3158,228,2930,10.03,2,buy
9/04,2891,新加坡商瑞銀,1650,1843,3789,-1946,6.66,2,sell
9/04,2891,群益金鼎,9100,2343,176,2167,7.42,3,buy
9/04,2891,凱基-台北,9268,1667,3221,-1554,5.32,3,sell
9/04,2891,元大證券,9800,1876,1021,855,2.93,4,buy
9/04,2891,國泰-板橋,003800380038004b,22,489,-467,1.6,4,sell
9/04,2891,美商高盛,1480,3085,2293,792,2.71,5,buy
9/04,2891,中國信託,6160,68,480,-412,1.41,5,sell
9/04,2891,花旗環球,1590,921,230,691,2.37,6,buy
9/04,2891,康和,8450,0,320,-320,1.1,6,sell
9/04,2891,港商麥格理,1360,658,107,551,1.89,7,buy
9/04,2891,國票-南京,003700370039006e,5,304,-299,1.02,7,sell
9/04,2891,富邦證券,9600,425,8,417,1.43,8,buy
9/04,2891,華南永昌,9300,7,224,-217,0.74,8,sell
9/04,2891,港商野村,1560,498,139,359,1.23,9,buy
9/04,2891,富邦-新莊,0039003600320044,201,409,-208,0.71,9,sell
9/04,2891,第一金,5380,260,81,179,0.61,10,buy
9/04,2891,永豐金證券,0039004100300030,79,281,-202,0.69,10,sell
9/04,2891,元大-基隆孝二,003900380036004b,180,3,177,0.61,11,buy
9/04,2891,福邦證券,6480,25,225,-200,0.68,11,sell
9/04,2891,兆豐證券,7000,128,12,116,0.4,12,buy
9/04,2891,法銀巴黎,8900,251,430,-179,0.61,12,sell
9/04,2891,國泰-松江,8883,105,24,81,0.28,13,buy
9/04,2891,國泰-敦南,8888,258,436,-178,0.61,13,sell
9/04,2891,美林,1440,563,489,74,0.25,14,buy
9/04,2891,富邦-南京,0039003600310043,15,157,-142,0.49,14,sell
9/04,2891,國票證券,7790,78,19,59,0.2,15,buy
9/04,2891,兆豐-復興,0037003000300070,0,138,-138,0.47,15,sell
9/04,2881,新加坡商瑞銀,1650,3169,47,3122,16.31,1,buy
9/04,2881,美商高盛,1480,1014,2117,-1103,5.76,1,sell
9/04,2881,永豐金-匯立,0039004100380031,1000,2,998,5.21,2,buy
9/04,2881,摩根大通,8440,1920,2829,-909,4.75,2,sell
9/04,2881,花旗環球,1590,779,108,671,3.5,3,buy
9/04,2881,港商野村,1560,6,492,-486,2.54,3,sell
9/04,2881,宏遠證券,1260,501,4,497,2.6,4,buy
9/04,2881,國泰-敦南,8888,52,367,-315,1.65,4,sell
9/04,2881,凱基-台北,9268,1682,1213,469,2.45,5,buy
9/04,2881,富邦-仁愛,9676,3,226,-223,1.16,5,sell
9/04,2881,凱基,9200,528,74,454,2.37,6,buy
9/04,2881,美林,1440,282,477,-195,1.02,6,sell
9/04,2881,兆豐證券,7000,437,3,434,2.27,7,buy
9/04,2881,港商麥格理,1360,0,149,-149,0.78,7,sell
9/04,2881,台灣摩根士丹利,1470,2409,2140,269,1.4,8,buy
9/04,2881,富邦-基隆,9614,0,140,-140,0.73,8,sell
9/04,2881,富邦證券,9600,251,3,248,1.3,9,buy
9/04,2881,富邦-台北,9623,28,153,-125,0.65,9,sell
9/04,2881,元大證券,9800,1016,816,200,1.04,10,buy
9/04,2881,兆豐-城中,0037003000300057,970,1092,-122,0.64,10,sell
9/04,2881,台新-建北,0039004200310038,153,5,148,0.77,11,buy
9/04,2881,台新-台北,0039004200320030,5,125,-120,0.63,11,sell
9/04,2881,聯邦-台南,8588,100,1,99,0.52,12,buy
9/04,2881,華南永昌-敦南,9347,0,102,-102,0.53,12,sell
9/04,2881,法銀巴黎,8900,98,0,98,0.51,13,buy
9/04,2881,合庫-桃園,0031003000320045,0,82,-82,0.43,13,sell
9/04,2881,群益金鼎,9100,123,35,88,0.46,14,buy
9/04,2881,香港上海匯豐,8960,9,73,-64,0.33,14,sell
9/04,2881,大和國泰,8890,50,0,50,0.26,15,buy
9/04,2881,元大-桃興,9894,0,64,-64,0.33,15,sell
9/04,2882,美林,1440,4002,2128,1874,10.76,1,buy
9/04,2882,台灣摩根士丹利,1470,771,2331,-1560,8.96,1,sell
9/04,2882,凱基-台北,9268,1388,275,1113,6.39,2,buy
9/04,2882,國泰-館前,0038003800380041,13,751,-738,4.24,2,sell
9/04,2882,花旗環球,1590,556,27,529,3.04,3,buy
9/04,2882,新加坡商瑞銀,1650,1054,1542,-488,2.8,3,sell
9/04,2882,元大證券,9800,1734,1210,524,3.01,4,buy
9/04,2882,港商野村,1560,8,483,-475,2.73,4,sell
9/04,2882,群益金鼎,9100,375,96,279,1.6,5,buy
9/04,2882,凱基-永華,9235,0,301,-301,1.73,5,sell
9/04,2882,美商高盛,1480,1231,954,277,1.59,6,buy
9/04,2882,台新,0039004200300030,27,193,-166,0.95,6,sell
9/04,2882,統一,5850,344,76,268,1.54,7,buy
9/04,2882,富邦-基隆,9614,0,143,-143,0.82,7,sell
9/04,2882,摩根大通,8440,1112,861,251,1.44,8,buy
9/04,2882,群益金鼎-館前,0039003100330059,65,178,-113,0.65,8,sell
9/04,2882,富邦證券,9600,192,48,144,0.83,9,buy
9/04,2882,國泰-敦南,8888,194,263,-69,0.4,9,sell
9/04,2882,法銀巴黎,8900,314,193,121,0.69,10,buy
9/04,2882,富邦-板橋,9655,9,77,-68,0.39,10,sell
9/04,2882,華南永昌-民權,9312,101,1,100,0.57,11,buy
9/04,2882,國泰-忠孝,8887,0,67,-67,0.38,11,sell
9/04,2882,凱基-松山,9217,102,8,94,0.54,12,buy
9/04,2882,群益金鼎-忠孝,0039003100380057,0,51,-51,0.29,12,sell
9/04,2882,國泰證券,8880,92,9,83,0.48,13,buy
9/04,2882,兆豐-公益,003700300030004a,0,51,-51,0.29,13,sell
9/04,2882,統一-平鎮,0035003800350067,61,5,56,0.32,14,buy
9/04,2882,永豐金-板新,003900410039004a,8,58,-50,0.29,14,sell
9/04,2882,富邦-內湖,9627,55,3,52,0.3,15,buy
9/04,2882,兆豐-東門,0037003000300048,0,48,-48,0.28,15,sell
9/04,2303,美商高盛,1480,10965,3471,7494,5.25,1,buy
9/04,2303,香港上海匯豐,8960,1,3136,-3135,2.2,1,sell
9/04,2303,美林,1440,8597,1358,7239,5.07,2,buy
9/04,2303,國泰-敦南,8888,2236,3950,-1714,1.2,2,sell
9/04,2303,國泰證券,8880,5241,206,5035,3.53,3,buy
9/04,2303,兆豐證券,7000,67,1095,-1028,0.72,3,sell
9/04,2303,統一-內湖,0035003800350062,4505,45,4460,3.12,4,buy
9/04,2303,康和,8450,36,1011,-975,0.68,4,sell
9/04,2303,元大證券,9800,18557,15001,3556,2.49,5,buy
9/04,2303,統一-南京,0035003800350055,283,1133,-850,0.6,5,sell
9/04,2303,台灣摩根士丹利,1470,6725,3273,3452,2.42,6,buy
9/04,2303,新光,8560,658,1401,-743,0.52,6,sell
9/04,2303,凱基,9200,2518,242,2276,1.59,7,buy
9/04,2303,元大-土城永寧,9875,81,652,-571,0.4,7,sell
9/04,2303,摩根大通,8440,7335,5274,2061,1.44,8,buy
9/04,2303,凱基-城中,9227,35,585,-550,0.39,8,sell
9/04,2303,宏遠證券,1260,1808,48,1760,1.23,9,buy
9/04,2303,元大-民生三民,0039003800390058,774,1286,-512,0.36,9,sell
9/04,2303,凱基-站前,0039003200300046,3693,2090,1603,1.12,10,buy
9/04,2303,國泰-板橋,003800380038004b,348,840,-492,0.34,10,sell
9/04,2303,群益金鼎,9100,1709,192,1517,1.06,11,buy
9/04,2303,富邦-新板,0039003600310048,26,491,-465,0.33,11,sell
9/04,2303,富邦-嘉義,9692,2941,1677,1264,0.89,12,buy
9/04,2303,元大-金華,9878,40,449,-409,0.29,12,sell
9/04,2303,新加坡商瑞銀,1650,3779,2772,1007,0.71,13,buy
9/04,2303,國泰-台中,8882,406,769,-363,0.25,13,sell
9/04,2303,凱基-信義,9216,1067,160,907,0.64,14,buy
9/04,2303,統一-城中,5854,313,621,-308,0.22,14,sell
9/04,2303,花旗環球,1590,1194,412,782,0.55,15,buy
9/04,2303,群益金鼎-中港,9138,15,307,-292,0.2,15,sell
9/04,3711,摩根大通,8440,1041,260,781,4.96,1,buy
9/04,3711,新加坡商瑞銀,1650,564,3670,-3106,19.72,1,sell
9/04,3711,台灣摩根士丹利,1470,1291,823,468,2.97,2,buy
9/04,3711,港商麥格理,1360,7,1091,-1084,6.88,2,sell
9/04,3711,花旗環球,1590,320,26,294,1.87,3,buy
9/04,3711,美商高盛,1480,413,924,-511,3.24,3,sell
9/04,3711,第一金,5380,242,1,241,1.53,4,buy
9/04,3711,國泰證券,8880,11,505,-494,3.14,4,sell
9/04,3711,康和,8450,260,42,218,1.38,5,buy
9/04,3711,美林,1440,243,737,-494,3.14,5,sell
9/04,3711,元大證券,9800,1286,1116,170,1.08,6,buy
9/04,3711,凱基-台北,9268,587,928,-341,2.16,6,sell
9/04,3711,國泰-敦南,8888,290,144,146,0.93,7,buy
9/04,3711,永豐金-匯立,0039004100380031,17,251,-234,1.49,7,sell
9/04,3711,群益金鼎-敦南,9101,135,10,125,0.79,8,buy
9/04,3711,大和國泰,8890,160,363,-203,1.29,8,sell
9/04,3711,中國信託-高雄,003600310036004b,140,23,117,0.74,9,buy
9/04,3711,華南永昌,9300,32,184,-152,0.97,9,sell
9/04,3711,統一,5850,163,50,113,0.72,10,buy
9/04,3711,香港上海匯豐,8960,66,125,-59,0.37,10,sell
9/04,3711,國票-敦北法人,0037003700390063,106,1,105,0.67,11,buy
9/04,3711,台新-松德,0039004200320061,5,43,-38,0.24,11,sell
9/04,3711,凱基,9200,131,28,103,0.65,12,buy
9/04,3711,永豐金證券,0039004100300030,138,169,-31,0.2,12,sell
9/04,3711,富邦證券,9600,366,281,85,0.54,13,buy
9/04,3711,國票證券,7790,9,29,-20,0.13,13,sell
9/04,3711,台新-台南,0039004200310036,85,6,79,0.5,14,buy
9/04,3711,宏遠證券,1260,1,20,-19,0.12,14,sell
9/04,3711,群益金鼎-台南,9185,79,3,76,0.48,15,buy
9/04,3711,兆豐-虎尾,0037003000300046,0,10,-10,0.06,15,sell
9/04,2603,康和,8450,471,0,471,2.67,1,buy
9/04,2603,台灣摩根士丹利,1470,406,3931,-3525,20.0,1,sell
9/04,2603,兆豐證券,7000,464,0,464,2.63,2,buy
9/04,2603,新加坡商瑞銀,1650,492,3113,-2621,14.87,2,sell
9/04,2603,國泰-敦南,8888,470,108,362,2.05,3,buy
9/04,2603,美商高盛,1480,879,1947,-1068,6.06,3,sell
9/04,2603,香港上海匯豐,8960,357,28,329,1.87,4,buy
9/04,2603,元大證券,9800,1009,1846,-837,4.75,4,sell
9/04,2603,中國信託,6160,464,167,297,1.69,5,buy
9/04,2603,摩根大通,8440,618,1096,-478,2.71,5,sell
9/04,2603,凱基-屏東,0039003200320043,237,0,237,1.34,6,buy
9/04,2603,第一金-中山,5389,0,368,-368,2.09,6,sell
9/04,2603,凱基-城中,9227,210,2,208,1.18,7,buy
9/04,2603,凱基-台北,9268,652,882,-230,1.31,7,sell
9/04,2603,富邦-仁愛,9676,174,1,173,0.98,8,buy
9/04,2603,第一金,5380,19,89,-70,0.4,8,sell
9/04,2603,群益金鼎-東湖,003900310038004b,151,10,141,0.8,9,buy
9/04,2603,凱基,9200,0,60,-60,0.34,9,sell
9/04,2603,富邦證券,9600,137,1,136,0.77,10,buy
9/04,2603,永豐金-中和,0039004100390042,9,50,-41,0.23,10,sell
9/04,2603,華南永昌-林口,9317,123,2,121,0.69,11,buy
9/04,2603,日茂-南投,5962,0,39,-39,0.22,11,sell
9/04,2603,新光,8560,191,78,113,0.64,12,buy
9/04,2603,統一-台中,5856,7,25,-18,0.1,12,sell
9/04,2603,永豐金-竹科,0039004100390058,89,0,89,0.51,13,buy
9/04,2603,台新-松德,0039004200320061,3,19,-16,0.09,13,sell
9/04,2603,花旗環球,1590,108,30,78,0.44,14,buy
9/04,2603,福邦證券,6480,1,16,-15,0.09,14,sell
9/04,2603,凱基-宜蘭,003900320030004d,74,2,72,0.41,15,buy
9/04,2603,合庫-高雄,1023,13,25,-12,0.07,15,sell
9/04,2609,美林,1440,3039,126,2913,9.94,1,buy
9/04,2609,台灣摩根士丹利,1470,1407,3375,-1968,6.72,1,sell
9/04,2609,統一,5850,1138,96,1042,3.56,2,buy
9/04,2609,摩根大通,8440,348,1181,-833,2.84,2,sell
9/04,2609,新加坡商瑞銀,1650,2248,1430,818,2.79,3,buy
9/04,2609,台新-虎尾,003900420032004e,5,756,-751,2.56,3,sell
9/04,2609,玉山證券,8840,370,52,318,1.09,4,buy
9/04,2609,元大證券,9800,1458,2056,-598,2.04,4,sell
9/04,2609,美商高盛,1480,1285,1004,281,0.96,5,buy
9/04,2609,凱基-台北,9268,2553,3045,-492,1.68,5,sell
9/04,2609,花旗環球,1590,293,15,278,0.95,6,buy
9/04,2609,永豐金-匯立,0039004100380031,0,136,-136,0.46,6,sell
9/04,2609,永豐金證券,0039004100300030,421,224,197,0.67,7,buy
9/04,2609,元大-館前,003900380034004b,119,206,-87,0.3,7,sell
9/04,2609,兆豐-新竹,0037003000300056,161,6,155,0.53,8,buy
9/04,2609,台新-建北,0039004200310038,86,171,-85,0.29,8,sell
9/04,2609,統一-基隆,0035003800350041,128,7,121,0.41,9,buy
9/04,2609,(牛牛牛)亞-鑫豐,0036003000310064,170,249,-79,0.27,9,sell
9/04,2609,國泰-板橋,003800380038004b,193,75,118,0.4,10,buy
9/04,2609,群益金鼎-三重,0039003100330067,3,81,-78,0.27,10,sell
9/04,2609,港商野村,1560,131,33,98,0.33,11,buy
9/04,2609,新光,8560,135,195,-60,0.2,11,sell
9/04,2609,永豐金-彰化,0039004100390073,104,15,89,0.3,12,buy
9/04,2609,永豐金-中正,0039004100390055,6,60,-54,0.18,12,sell
9/04,2609,康和-嘉義,8459,99,23,76,0.26,13,buy
9/04,2609,永豐金-板新,003900410039004a,8,60,-52,0.18,13,sell
9/04,2609,富邦-新店,9661,70,18,52,0.18,14,buy
9/04,2609,華南永昌-三重,9369,2,53,-51,0.17,14,sell
9/04,2609,國泰證券,8880,52,0,52,0.18,15,buy
9/04,2609,凱基,9200,0,49,-49,0.17,15,sell
9/04,2615,美林,1440,1050,30,1020,5.15,1,buy
9/04,2615,台新-虎尾,003900420032004e,4,518,-514,2.59,1,sell
9/04,2615,國票-敦北法人,0037003700390063,749,20,729,3.68,2,buy
9/04,2615,美商高盛,1480,285,779,-494,2.49,2,sell
9/04,2615,香港上海匯豐,8960,518,57,461,2.33,3,buy
9/04,2615,台灣摩根士丹利,1470,1078,1535,-457,2.31,3,sell
9/04,2615,兆豐-員林,003700300030006b,142,2,140,0.71,4,buy
9/04,2615,元大證券,9800,1117,1530,-413,2.08,4,sell
9/04,2615,中國信託,6160,183,59,124,0.63,5,buy
9/04,2615,港商野村,1560,283,679,-396,2.0,5,sell
9/04,2615,群益金鼎-士林,9137,127,22,105,0.53,6,buy
9/04,2615,永豐金-敦北,0039004100380039,31,423,-392,1.98,6,sell
9/04,2615,台新-烏日,0039004200320063,155,54,101,0.51,7,buy
9/04,2615,摩根大通,8440,506,735,-229,1.16,7,sell
9/04,2615,台新-板橋,0039004200320062,138,38,100,0.5,8,buy
9/04,2615,華南永昌-高雄,9303,16,243,-227,1.15,8,sell
9/04,2615,元大-土城學府,9822,112,16,96,0.48,9,buy
9/04,2615,凱基,9200,26,237,-211,1.07,9,sell
9/04,2615,凱基-站前,0039003200300046,293,234,59,0.3,10,buy
9/04,2615,凱基-台北,9268,1592,1751,-159,0.8,10,sell
9/04,2615,國泰-敦南,8888,400,342,58,0.29,11,buy
9/04,2615,新加坡商瑞銀,1650,62,206,-144,0.73,11,sell
9/04,2615,新光-新竹,8563,94,38,56,0.28,12,buy
9/04,2615,康和-嘉義,8459,10,110,-100,0.5,12,sell
9/04,2615,群益金鼎,9100,202,149,53,0.27,13,buy
9/04,2615,統一,5850,31,129,-98,0.49,13,sell
9/04,2615,台新-台南,0039004200310036,178,126,52,0.26,14,buy
9/04,2615,台新-新莊,0039004200310039,2,86,-84,0.42,14,sell
9/04,2615,元大-六合,0039003800320043,58,6,52,0.26,15,buy
9/04,2615,統一-城中,5854,15,99,-84,0.42,15,sell
9/04,2618,港商野村,1560,530,0,530,5.28,1,buy
9/04,2618,摩根大通,8440,204,2599,-2395,23.87,1,sell
9/04,2618,中國信託,6160,504,19,485,4.83,2,buy
9/04,2618,美商高盛,1480,324,1246,-922,9.19,2,sell
9/04,2618,兆豐證券,7000,449,0,449,4.48,3,buy
9/04,2618,美林,1440,502,1183,-681,6.79,3,sell
9/04,2618,花旗環球,1590,446,18,428,4.27,4,buy
9/04,2618,新加坡商瑞銀,1650,63,465,-402,4.01,4,sell
9/04,2618,港商麥格理,1360,357,0,357,3.56,5,buy
9/04,2618,元大-善化,0039003800310079,4,201,-197,1.96,5,sell
9/04,2618,法銀巴黎,8900,252,33,219,2.18,6,buy
9/04,2618,永豐金證券,0039004100300030,28,149,-121,1.21,6,sell
9/04,2618,國泰-忠孝,8887,204,1,203,2.02,7,buy
9/04,2618,玉山-台南,8847,0,63,-63,0.63,7,sell
9/04,2618,永豐金-匯立,0039004100380031,185,3,182,1.81,8,buy
9/04,2618,永豐金-鳳山,0039004100360031,0,56,-56,0.56,8,sell
9/04,2618,國泰-台南,8884,152,1,151,1.51,9,buy
9/04,2618,玉山-數位,003800380034004d,0,51,-51,0.51,9,sell
9/04,2618,玉山證券,8840,153,3,150,1.5,10,buy
9/04,2618,土銀-台中,1031,0,50,-50,0.5,10,sell
9/04,2618,台灣摩根士丹利,1470,819,687,132,1.32,11,buy
9/04,2618,群益金鼎,9100,145,193,-48,0.48,11,sell
9/04,2618,國泰證券,8880,131,0,131,1.31,12,buy
9/04,2618,凱基,9200,0,44,-44,0.44,12,sell
9/04,2618,元大-樹林,003900380039006a,100,5,95,0.95,13,buy
9/04,2618,香港上海匯豐,8960,0,37,-37,0.37,13,sell
9/04,2618,富邦證券,9600,83,1,82,0.82,14,buy
9/04,2618,國泰-桃園,8885,11,43,-32,0.32,14,sell
9/04,2618,元大-台中,9812,73,0,73,0.73,15,buy
9/04,2618,富邦-木柵,003900360031004d,10,41,-31,0.31,15,sell
9/04,3037,台灣摩根士丹利,1470,3678,1827,1851,4.53,1,buy
9/04,3037,元大證券,9800,3448,6295,-2847,6.97,1,sell
9/04,3037,摩根大通,8440,1804,705,1099,2.69,2,buy
9/04,3037,永豐金證券,0039004100300030,436,1639,-1203,2.95,2,sell
9/04,3037,新加坡商瑞銀,1650,1770,855,915,2.24,3,buy
9/04,3037,美林,1440,340,1399,-1059,2.59,3,sell
9/04,3037,美商高盛,1480,4504,4032,472,1.16,4,buy
9/04,3037,統一,5850,135,804,-669,1.64,4,sell
9/04,3037,港商野村,1560,579,224,355,0.87,5,buy
9/04,3037,永豐金-匯立,0039004100380031,3,486,-483,1.18,5,sell
9/04,3037,元大-土城永寧,9875,345,15,330,0.81,6,buy
9/04,3037,兆豐證券,7000,53,378,-325,0.8,6,sell
9/04,3037,凱基-台北,9268,1959,1726,233,0.57,7,buy
9/04,3037,大和國泰,8890,0,325,-325,0.8,7,sell
9/04,3037,凱基-信義,9216,157,14,143,0.35,8,buy
9/04,3037,富邦證券,9600,230,523,-293,0.72,8,sell
9/04,3037,國泰-敦南,8888,1049,908,141,0.35,9,buy
9/04,3037,中國信託,6160,145,433,-288,0.71,9,sell
9/04,3037,玉山-嘉義,8848,144,29,115,0.28,10,buy
9/04,3037,第一金,5380,8,216,-208,0.51,10,sell
9/04,3037,法銀巴黎,8900,106,1,105,0.26,11,buy
9/04,3037,凱基,9200,137,332,-195,0.48,11,sell
9/04,3037,統一-東湖,0035003800350052,112,16,96,0.24,12,buy
9/04,3037,玉山證券,8840,76,268,-192,0.47,12,sell
9/04,3037,兆豐-南京,0037003000300050,158,66,92,0.23,13,buy
9/04,3037,合庫證券,1020,44,234,-190,0.47,13,sell
9/04,3037,新光,8560,310,229,81,0.2,14,buy
9/04,3037,群益金鼎,9100,371,520,-149,0.36,14,sell
9/04,3037,國票-南崁,0037003700390045,110,40,70,0.17,15,buy
9/04,3037,國泰證券,8880,63,206,-143,0.35,15,sell
9/04,2345,摩根大通,8440,244,22,222,10.26,1,buy
9/04,2345,新加坡商瑞銀,1650,140,706,-566,26.16,1,sell
9/04,2345,美商高盛,1480,245,83,162,7.49,2,buy
9/04,2345,富邦證券,9600,30,152,-122,5.64,2,sell
9/04,2345,花旗環球,1590,102,1,101,4.67,3,buy
9/04,2345,元大-板橋,0039003800390043,0,48,-48,2.22,3,sell
9/04,2345,港商麥格理,1360,58,6,52,2.4,4,buy
9/04,2345,香港上海匯豐,8960,0,35,-35,1.62,4,sell
9/04,2345,美林,1440,55,6,49,2.26,5,buy
9/04,2345,港商野村,1560,29,52,-23,1.06,5,sell
9/04,2345,中國信託,6160,49,4,45,2.08,6,buy
9/04,2345,華南永昌,9300,4,21,-17,0.79,6,sell
9/04,2345,凱基,9200,45,12,33,1.52,7,buy
9/04,2345,永豐金-匯立,0039004100380031,38,54,-16,0.74,7,sell
9/04,2345,玉山證券,8840,33,3,30,1.39,8,buy
9/04,2345,康和,8450,0,15,-15,0.69,8,sell
9/04,2345,元大證券,9800,143,113,30,1.39,9,buy
9/04,2345,永豐金-內湖,0039004100390067,0,14,-14,0.65,9,sell
9/04,2345,法銀巴黎,8900,23,0,23,1.06,10,buy
9/04,2345,宏遠-民生,1261,20,30,-10,0.46,10,sell
9/04,2345,國票-安和,003700370039005a,20,1,19,0.88,11,buy
9/04,2345,群益金鼎,9100,13,21,-8,0.37,11,sell
9/04,2345,元大-崇德,0039003800310053,18,0,18,0.83,12,buy
9/04,2345,元大-信義,003900380039006d,0,7,-7,0.32,12,sell
9/04,2345,凱基-中山,9229,6,0,6,0.28,13,buy
9/04,2345,康和-台中,8455,0,7,-7,0.32,13,sell
9/04,2345,永豐金-台中,003900410039004c,6,0,6,0.28,14,buy
9/04,2345,臺銀-臺南,1042,0,6,-6,0.28,14,sell
9/04,2345,凱基-和平,9255,7,1,6,0.28,15,buy
9/04,2345,國泰證券,8880,9,15,-6,0.28,15,sell
9/04,3006,元大-雙和,9874,386,14,372,1.49,1,buy
9/04,3006,新加坡商瑞銀,1650,557,2427,-1870,7.48,1,sell
9/04,3006,元大證券,9800,2492,2282,210,0.84,2,buy
9/04,3006,摩根大通,8440,520,1602,-1082,4.33,2,sell
9/04,3006,群益金鼎-中壢,0039003100380041,141,10,131,0.52,3,buy
9/04,3006,凱基-台北,9268,1476,2524,-1048,4.19,3,sell
9/04,3006,兆豐-民生,0037003000300063,121,19,102,0.41,4,buy
9/04,3006,台灣摩根士丹利,1470,2,668,-666,2.66,4,sell
9/04,3006,永豐金-竹北,0039004100390050,162,65,97,0.39,5,buy
9/04,3006,美林,1440,184,503,-319,1.28,5,sell
9/04,3006,國泰-敦南,8888,528,444,84,0.34,6,buy
9/04,3006,美商高盛,1480,62,275,-213,0.85,6,sell
9/04,3006,華南永昌,9300,122,44,78,0.31,7,buy
9/04,3006,統一-南京,0035003800350055,88,201,-113,0.45,7,sell
9/04,3006,國票-中和,0037003700390058,89,12,77,0.31,8,buy
9/04,3006,元大-土城,9897,77,188,-111,0.44,8,sell
9/04,3006,永豐金證券,0039004100300030,281,210,71,0.28,9,buy
9/04,3006,台新-松江,0039004200310035,107,212,-105,0.42,9,sell
9/04,3006,聯邦證券,8580,146,78,68,0.27,10,buy
9/04,3006,元大-頭份,0039003800330055,314,384,-70,0.28,10,sell
9/04,3006,元大-福營,0039003800310046,85,18,67,0.27,11,buy
9/04,3006,港商野村,1560,581,641,-60,0.24,11,sell
9/04,3006,台新-台北,0039004200320030,130,72,58,0.23,12,buy
9/04,3006,元大-樹林,003900380039006a,151,208,-57,0.23,12,sell
9/04,3006,港商麥格理,1360,57,0,57,0.23,13,buy
9/04,3006,富邦-竹科,0039003600320043,27,82,-55,0.22,13,sell
9/04,3006,群益金鼎-民權,9131,96,39,57,0.23,14,buy
9/04,3006,康和,8450,0,54,-54,0.22,14,sell
9/04,3006,新光,8560,258,201,57,0.23,15,buy
9/04,3006,中國信託-三重,6161,22,69,-47,0.19,15,sell
9/04,2379,兆豐證券,7000,100,0,100,7.12,1,buy
9/04,2379,花旗環球,1590,31,243,-212,15.1,1,sell
9/04,2379,華南永昌,9300,90,1,89,6.34,2,buy
9/04,2379,凱基,9200,6,91,-85,6.05,2,sell
9/04,2379,凱基-台北,9268,114,48,66,4.7,3,buy
9/04,2379,美商高盛,1480,81,113,-32,2.28,3,sell
9/04,2379,中國信託,6160,60,1,59,4.2,4,buy
9/04,2379,港商麥格理,1360,0,22,-22,1.57,4,sell
9/04,2379,合庫證券,1020,52,1,51,3.63,5,buy
9/04,2379,台新,0039004200300030,4,23,-19,1.35,5,sell
9/04,2379,美林,1440,73,25,48,3.42,6,buy
9/04,2379,國泰-板橋,003800380038004b,4,20,-16,1.14,6,sell
9/04,2379,永豐金證券,0039004100300030,50,7,43,3.06,7,buy
9/04,2379,富邦-七賢,003900360031004b,0,15,-15,1.07,7,sell
9/04,2379,富邦證券,9600,21,1,20,1.42,8,buy
9/04,2379,康和,8450,0,15,-15,1.07,8,sell
9/04,2379,新加坡商瑞銀,1650,89,79,10,0.71,9,buy
9/04,2379,永豐金-匯立,0039004100380031,4,17,-13,0.93,9,sell
9/04,2379,玉山-大里,003800380034004a,11,2,9,0.64,10,buy
9/04,2379,法銀巴黎,8900,2,14,-12,0.85,10,sell
9/04,2379,富邦-永和,9654,6,0,6,0.43,11,buy
9/04,2379,摩根大通,8440,69,81,-12,0.85,11,sell
9/04,2379,元大證券,9800,50,44,6,0.43,12,buy
9/04,2379,香港上海匯豐,8960,0,10,-10,0.71,12,sell
9/04,2379,統一,5850,8,3,5,0.36,13,buy
9/04,2379,永豐金-松山,0039004100390031,0,10,-10,0.71,13,sell
9/04,2379,大昌-樹林,6461,5,0,5,0.36,14,buy
9/04,2379,凱基-高雄,9206,0,10,-10,0.71,14,sell
9/04,2379,元大-土城永寧,9875,5,0,5,0.36,15,buy
9/04,2379,台灣摩根士丹利,1470,127,137,-10,0.71,15,sell
9/04,3034,台灣摩根士丹利,1470,239,102,137,6.67,1,buy
9/04,3034,摩根大通,8440,100,394,-294,14.32,1,sell
9/04,3034,凱基-台北,9268,197,62,135,6.58,2,buy
9/04,3034,美林,1440,58,323,-265,12.91,2,sell
9/04,3034,元大證券,9800,163,47,116,5.65,3,buy
9/04,3034,花旗環球,1590,36,234,-198,9.64,3,sell
9/04,3034,新加坡商瑞銀,1650,140,47,93,4.53,4,buy
9/04,3034,中國信託,6160,1,155,-154,7.5,4,sell
9/04,3034,港商野村,1560,92,0,92,4.48,5,buy
9/04,3034,凱基,9200,0,120,-120,5.85,5,sell
9/04,3034,美商高盛,1480,115,58,57,2.78,6,buy
9/04,3034,國票-敦北法人,0037003700390063,0,30,-30,1.46,6,sell
9/04,3034,富邦-新竹,9647,54,2,52,2.53,7,buy
9/04,3034,國泰-館前,0038003800380041,5,32,-27,1.32,7,sell
9/04,3034,富邦-台北,9623,40,5,35,1.7,8,buy
9/04,3034,台新-林園,0039004200320037,0,20,-20,0.97,8,sell
9/04,3034,合庫-桃園,0031003000320045,21,0,21,1.02,9,buy
9/04,3034,永豐金-匯立,0039004100380031,0,17,-17,0.83,9,sell
9/04,3034,富邦-和美,0039003600310050,21,1,20,0.97,10,buy
9/04,3034,港商麥格理,1360,42,58,-16,0.78,10,sell
9/04,3034,國泰-敦南,8888,26,7,19,0.93,11,buy
9/04,3034,玉山證券,8840,1,15,-14,0.68,11,sell
9/04,3034,兆豐-台中港,7005,16,2,14,0.68,12,buy
9/04,3034,香港上海匯豐,8960,1,12,-11,0.54,12,sell
9/04,3034,群益金鼎,9100,18,5,13,0.63,13,buy
9/04,3034,凱基-長庚,9233,5,14,-9,0.44,13,sell
9/04,3034,新光,8560,17,4,13,0.63,14,buy
9/04,3034,玉山-新竹,0038003800340048,0,8,-8,0.39,14,sell
9/04,3034,永豐金證券,0039004100300030,21,8,13,0.63,15,buy
9/04,3034,永豐金-桃園,0039004100390078,0,7,-7,0.34,15,sell
9/04,2412,台灣摩根士丹利,1470,1256,365,891,12.07,1,buy
9/04,2412,合庫證券,1020,0,801,-801,10.85,1,sell
9/04,2412,中國信託,6160,522,0,522,7.07,2,buy
9/04,2412,富邦證券,9600,64,805,-741,10.04,2,sell
9/04,2412,凱基-台北,9268,672,258,414,5.61,3,buy
9/04,2412,臺銀,1040,1,505,-504,6.83,3,sell
9/04,2412,美商高盛,1480,1114,777,337,4.56,4,buy
9/04,2412,新加坡商瑞銀,1650,146,570,-424,5.74,4,sell
9/04,2412,元大證券,9800,389,164,225,3.05,5,buy
9/04,2412,臺銀-臺南,1042,6,200,-194,2.63,5,sell
9/04,2412,花旗環球,1590,266,125,141,1.91,6,buy
9/04,2412,美林,1440,196,345,-149,2.02,6,sell
9/04,2412,摩根大通,8440,481,341,140,1.9,7,buy
9/04,2412,富邦-南員林,0039003600310052,0,61,-61,0.83,7,sell
9/04,2412,永豐金證券,0039004100300030,104,1,103,1.4,8,buy
9/04,2412,兆豐-新竹,0037003000300056,1,35,-34,0.46,8,sell
9/04,2412,玉山-左營,0038003800340044,100,3,97,1.31,9,buy
9/04,2412,統一,5850,0,31,-31,0.42,9,sell
9/04,2412,台新-台北,0039004200320030,86,0,86,1.16,10,buy
9/04,2412,元大-六合,0039003800320043,0,30,-30,0.41,10,sell
9/04,2412,元大-北府,0039003800300044,61,0,61,0.83,11,buy
9/04,2412,富邦-陽明,9604,0,21,-21,0.28,11,sell
9/04,2412,高橋,5320,48,3,45,0.61,12,buy
9/04,2412,凱基-台南,9211,0,18,-18,0.24,12,sell
9/04,2412,國票-南科,0037003700390065,41,0,41,0.56,13,buy
9/04,2412,新光-高雄,8562,52,69,-17,0.23,13,sell
9/04,2412,永豐金-匯立,0039004100380031,41,0,41,0.56,14,buy
9/04,2412,統一-台中,5856,0,16,-16,0.22,14,sell
9/04,2412,元大-成功,003900380039004c,40,0,40,0.54,15,buy
9/04,2412,富邦-板橋,9655,15,31,-16,0.22,15,sell
9/04,2892,台灣摩根士丹利,1470,6978,883,6095,19.94,1,buy
9/04,2892,國泰證券,8880,5,6000,-5995,19.61,1,sell
9/04,2892,凱基-台北,9268,4253,1164,3089,10.1,2,buy
9/04,2892,新加坡商瑞銀,1650,2041,3994,-1953,6.39,2,sell
9/04,2892,港商麥格理,1360,2118,0,2118,6.93,3,buy
9/04,2892,台新,0039004200300030,11,857,-846,2.77,3,sell
9/04,2892,摩根大通,8440,2474,906,1568,5.13,4,buy
9/04,2892,第一金-中山,5389,0,538,-538,1.76,4,sell
9/04,2892,群益金鼎,9100,1405,63,1342,4.39,5,buy
9/04,2892,陽信-石牌,8711,1,504,-503,1.65,5,sell
9/04,2892,港商野村,1560,1263,23,1240,4.06,6,buy
9/04,2892,土銀,1030,6,370,-364,1.19,6,sell
9/04,2892,美商高盛,1480,3993,3003,990,3.24,7,buy
9/04,2892,永豐金-匯立,0039004100380031,4,331,-327,1.07,7,sell
9/04,2892,花旗環球,1590,951,33,918,3.0,8,buy
9/04,2892,香港上海匯豐,8960,0,319,-319,1.04,8,sell
9/04,2892,美林,1440,950,158,792,2.59,9,buy
9/04,2892,元大-彰化民生,003900380039004a,0,312,-312,1.02,9,sell
9/04,2892,法銀巴黎,8900,277,12,265,0.87,10,buy
9/04,2892,兆豐-民生,0037003000300063,0,269,-269,0.88,10,sell
9/04,2892,元大-信義,003900380039006d,252,60,192,0.63,11,buy
9/04,2892,兆豐-虎尾,0037003000300046,5,258,-253,0.83,11,sell
9/04,2892,元大-六合,0039003800320043,200,19,181,0.59,12,buy
9/04,2892,元大證券,9800,509,726,-217,0.71,12,sell
9/04,2892,元大-草屯,0039003800390045,193,76,117,0.38,13,buy
9/04,2892,元大-林森,0039003800330042,1,203,-202,0.66,13,sell
9/04,2892,華南永昌-台南,9306,104,13,91,0.3,14,buy
9/04,2892,台新-草屯,0039004200320058,0,186,-186,0.61,14,sell
9/04,2892,元大-內湖,003900380039004e,80,4,76,0.25,15,buy
9/04,2892,元大-竹北,0039003800310042,1,180,-179,0.59,15,sell
9/04,2886,台灣摩根士丹利,1470,4258,181,4077,12.76,1,buy
9/04,2886,凱基,9200,1,6652,-6651,20.82,1,sell
9/04,2886,兆豐證券,7000,3229,0,3229,10.11,2,buy
9/04,2886,國泰證券,8880,292,3160,-2868,8.98,2,sell
9/04,2886,美林,1440,3211,49,3162,9.9,3,buy
9/04,2886,摩根大通,8440,2490,4343,-1853,5.8,3,sell
9/04,2886,美商高盛,1480,2249,1210,1039,3.25,4,buy
9/04,2886,國票-敦北法人,0037003700390063,0,1375,-1375,4.3,4,sell
9/04,2886,凱基-台北,9268,2341,1501,840,2.63,5,buy
9/04,2886,花旗環球,1590,573,1717,-1144,3.58,5,sell
9/04,2886,法銀巴黎,8900,293,32,261,0.82,6,buy
9/04,2886,中國信託,6160,9,763,-754,2.36,6,sell
9/04,2886,永豐金-台中,003900410039004c,259,5,254,0.79,7,buy
9/04,2886,新加坡商瑞銀,1650,1749,2468,-719,2.25,7,sell
9/04,2886,台新-新店,0039004200320032,211,6,205,0.64,8,buy
9/04,2886,玉山證券,8840,29,458,-429,1.34,8,sell
9/04,2886,元大-大直,9846,204,0,204,0.64,9,buy
9/04,2886,富隆證券,5110,0,350,-350,1.1,9,sell
9/04,2886,統一-松江,003500380035005a,198,0,198,0.62,10,buy
9/04,2886,合庫證券,1020,13,351,-338,1.06,10,sell
9/04,2886,港商麥格理,1360,193,0,193,0.6,11,buy
9/04,2886,元大證券,9800,2035,2305,-270,0.85,11,sell
9/04,2886,元大-龍潭,9858,131,0,131,0.41,12,buy
9/04,2886,元大-大天母,9893,12,201,-189,0.59,12,sell
9/04,2886,新光,8560,154,31,123,0.38,13,buy
9/04,2886,富邦證券,9600,284,443,-159,0.5,13,sell
9/04,2886,永豐金-桃園,0039004100390078,169,53,116,0.36,14,buy
9/04,2886,台中銀,6110,2,155,-153,0.48,14,sell
9/04,2886,大昌-新店,6464,135,24,111,0.35,15,buy
9/04,2886,港商野村,1560,0,137,-137,0.43,15,sell
9/04,0056,凱基-台北,9268,8632,551,8081,35.17,1,buy
9/04,0056,凱基,9200,43,1200,-1157,5.03,1,sell
9/04,0056,元大證券,9800,2804,260,2544,11.07,2,buy
9/04,0056,國泰-高雄,8881,38,1090,-1052,4.58,2,sell
9/04,0056,新加坡商瑞銀,1650,2333,35,2298,10.0,3,buy
9/04,0056,國泰-敦南,8888,271,969,-698,3.04,3,sell
9/04,0056,富邦證券,9600,442,181,261,1.14,4,buy
9/04,0056,凱基-中山,9229,2,555,-553,2.41,4,sell
9/04,0056,花旗環球,1590,142,0,142,0.62,5,buy
9/04,0056,元大-蘆洲,9857,5,431,-426,1.85,5,sell
9/04,0056,元大-豐原站前,0039003800390057,160,23,137,0.6,6,buy
9/04,0056,中國信託,6160,509,843,-334,1.45,6,sell
9/04,0056,台新-高雄,0039004200310067,228,95,133,0.58,7,buy
9/04,0056,台新,0039004200300030,68,299,-231,1.01,7,sell
9/04,0056,國泰證券,8880,133,22,111,0.48,8,buy
9/04,0056,台新-西松,003900420032006e,0,230,-230,1.0,8,sell
9/04,0056,日茂-埔里,5961,98,3,95,0.41,9,buy
9/04,0056,元大-台中中港,0039003800390042,1,230,-229,1.0,9,sell
9/04,0056,中國信託-新竹,6165,119,30,89,0.39,10,buy
9/04,0056,永豐金證券,0039004100300030,186,393,-207,0.9,10,sell
9/04,0056,富邦-樹林,0039003600320045,91,7,84,0.37,11,buy
9/04,0056,國泰-板橋,003800380038004b,69,239,-170,0.74,11,sell
9/04,0056,臺銀,1040,179,99,80,0.35,12,buy
9/04,0056,元大-博愛,0039003800320042,15,182,-167,0.73,12,sell
9/04,0056,台新-九如,0039004200320031,106,29,77,0.34,13,buy
9/04,0056,富邦-新店,9661,20,177,-157,0.68,13,sell
9/04,0056,台新-虎尾,003900420032004e,76,4,72,0.31,14,buy
9/04,0056,凱基-土城,003900320031004a,0,153,-153,0.67,14,sell
9/04,0056,元大-龍潭,9858,75,13,62,0.27,15,buy
9/04,0056,國泰-館前,0038003800380041,89,227,-138,0.6,15,sell
9/04,2883,美林,1440,5043,294,4749,11.1,1,buy
9/04,2883,富邦-頭份,0039003600320050,33,1605,-1572,3.67,1,sell
9/04,2883,摩根大通,8440,6302,3341,2961,6.92,2,buy
9/04,2883,富邦證券,9600,131,1354,-1223,2.86,2,sell
9/04,2883,台灣摩根士丹利,1470,4826,2869,1957,4.57,3,buy
9/04,2883,陽信-石牌,8711,0,1001,-1001,2.34,3,sell
9/04,2883,美商高盛,1480,4677,3023,1654,3.86,4,buy
9/04,2883,凱基-台北,9268,1106,1933,-827,1.93,4,sell
9/04,2883,華南永昌,9300,1350,22,1328,3.1,5,buy
9/04,2883,華南永昌-敦南,9347,30,831,-801,1.87,5,sell
9/04,2883,元大證券,9800,3201,1885,1316,3.07,6,buy
9/04,2883,台新,0039004200300030,121,560,-439,1.03,6,sell
9/04,2883,新加坡商瑞銀,1650,2788,1684,1104,2.58,7,buy
9/04,2883,中國信託,6160,222,605,-383,0.89,7,sell
9/04,2883,第一金,5380,1032,8,1024,2.39,8,buy
9/04,2883,永豐金-南京,0039004100390053,0,371,-371,0.87,8,sell
9/04,2883,國泰證券,8880,1004,0,1004,2.35,9,buy
9/04,2883,新光,8560,278,627,-349,0.82,9,sell
9/04,2883,法銀巴黎,8900,479,20,459,1.07,10,buy
9/04,2883,中國信託-忠孝,6162,3,303,-300,0.7,10,sell
9/04,2883,玉山證券,8840,638,183,455,1.06,11,buy
9/04,2883,元大-內湖,003900380039004e,12,257,-245,0.57,11,sell
9/04,2883,富邦-板橋,9655,529,88,441,1.03,12,buy
9/04,2883,永豐金-板新,003900410039004a,18,262,-244,0.57,12,sell
9/04,2883,香港上海匯豐,8960,469,180,289,0.68,13,buy
9/04,2883,群益金鼎-新莊,0039003100380047,2,233,-231,0.54,13,sell
9/04,2883,華南永昌-中正,9359,230,4,226,0.53,14,buy
9/04,2883,統一-新竹,5857,0,225,-225,0.53,14,sell
9/04,2883,凱基-鳳山,9274,150,28,122,0.29,15,buy
9/04,2883,第一金-新興,0035003300380041,0,223,-223,0.52,15,sell
9/04,0050,元大證券,9800,11598,2968,8630,18.48,1,buy
9/04,0050,國泰-敦南,8888,916,2568,-1652,3.54,1,sell
9/04,0050,凱基-台北,9268,10033,3420,6613,14.16,2,buy
9/04,0050,新光,8560,138,502,-364,0.78,2,sell
9/04,0050,美商高盛,1480,3516,1107,2409,5.16,3,buy
9/04,0050,國泰-新莊,8886,29,340,-311,0.67,3,sell
9/04,0050,台灣摩根士丹利,1470,2222,1,2221,4.76,4,buy
9/04,0050,國泰-台中,8882,111,377,-266,0.57,4,sell
9/04,0050,統一,5850,637,60,577,1.24,5,buy
9/04,0050,國泰-館前,0038003800380041,81,324,-243,0.52,5,sell
9/04,0050,國泰證券,8880,582,36,546,1.17,6,buy
9/04,0050,國泰-桃園,8885,95,328,-233,0.5,6,sell
9/04,0050,華南永昌,9300,560,105,455,0.97,7,buy
9/04,0050,永豐金-竹科,0039004100390058,50,261,-211,0.45,7,sell
9/04,0050,新加坡商瑞銀,1650,492,62,430,0.92,8,buy
9/04,0050,元大-永和,9891,6,215,-209,0.45,8,sell
9/04,0050,富邦證券,9600,427,45,382,0.82,9,buy
9/04,0050,國泰-台南,8884,54,262,-208,0.45,9,sell
9/04,0050,台新,0039004200300030,1072,742,330,0.71,10,buy
9/04,0050,元大-大甲,0039003800390055,18,224,-206,0.44,10,sell
9/04,0050,國票證券,7790,234,9,225,0.48,11,buy
9/04,0050,元大-內湖,003900380039004e,23,211,-188,0.4,11,sell
9/04,0050,富邦-敦南,9663,260,74,186,0.4,12,buy
9/04,0050,永豐金-復興,003900410039005a,28,215,-187,0.4,12,sell
9/04,0050,康和,8450,331,181,150,0.32,13,buy
9/04,0050,國泰-高雄,8881,62,245,-183,0.39,13,sell
9/04,0050,元大-雙和,9874,155,36,119,0.25,14,buy
9/04,0050,富邦-新店,9661,15,195,-180,0.39,14,sell
9/04,0050,統一-板橋,0035003800350050,130,32,98,0.21,15,buy
9/04,0050,玉山證券,8840,111,286,-175,0.37,15,sell
9/04,2887,台灣摩根士丹利,1470,6175,1503,4672,9.79,1,buy
9/04,2887,美商高盛,1480,6146,8052,-1906,4.0,1,sell
9/04,2887,華南永昌,9300,3025,33,2992,6.27,2,buy
9/04,2887,美林,1440,5521,7161,-1640,3.44,2,sell
9/04,2887,花旗環球,1590,1206,97,1109,2.32,3,buy
9/04,2887,摩根大通,8440,3722,5293,-1571,3.29,3,sell
9/04,2887,香港上海匯豐,8960,810,0,810,1.7,4,buy
9/04,2887,新加坡商瑞銀,1650,2438,3584,-1146,2.4,4,sell
9/04,2887,國票-安和,003700370039005a,773,0,773,1.62,5,buy
9/04,2887,凱基-台北,9268,2028,3145,-1117,2.34,5,sell
9/04,2887,永豐金證券,0039004100300030,801,133,668,1.4,6,buy
9/04,2887,富邦證券,9600,202,973,-771,1.62,6,sell
9/04,2887,法銀巴黎,8900,500,150,350,0.73,7,buy
9/04,2887,兆豐-桃園,003700300030004d,0,709,-709,1.49,7,sell
9/04,2887,永豐金-新莊,0039004100390048,308,1,307,0.64,8,buy
9/04,2887,元大-中山北路,0039003800300061,15,337,-322,0.67,8,sell
9/04,2887,玉山-大里,003800380034004a,239,10,229,0.48,9,buy
9/04,2887,富邦-台中,003900360035004b,41,297,-256,0.54,9,sell
9/04,2887,富邦-宜蘭,9686,204,31,173,0.36,10,buy
9/04,2887,中國信託,6160,134,336,-202,0.42,10,sell
9/04,2887,國泰-敦南,8888,418,245,173,0.36,11,buy
9/04,2887,台新-城東,0039004200320072,18,207,-189,0.4,11,sell
9/04,2887,永豐金-板新,003900410039004a,176,10,166,0.35,12,buy
9/04,2887,永豐金-市政,0039004100390057,13,189,-176,0.37,12,sell
9/04,2887,元大-大直,9846,150,3,147,0.31,13,buy
9/04,2887,美好-基隆,5267,0,165,-165,0.35,13,sell
9/04,2887,元大-土城學府,9822,120,1,119,0.25,14,buy
9/04,2887,元大-彰化,0039003800310047,5,155,-150,0.31,14,sell
9/04,2887,富邦-公益,0039003600310046,123,9,114,0.24,15,buy
9/04,2887,第一金-新興,0035003300380041,0,140,-140,0.29,15,sell
9/04,1605,元大-館前,003900380034004b,531,48,483,3.08,1,buy
9/04,1605,新加坡商瑞銀,1650,219,1694,-1475,9.39,1,sell
9/04,1605,美商高盛,1480,1497,1017,480,3.06,2,buy
9/04,1605,群益金鼎,9100,200,610,-410,2.61,2,sell
9/04,1605,元大-斗六,0039003800300043,352,1,351,2.24,3,buy
9/04,1605,國泰-敦南,8888,236,372,-136,0.87,3,sell
9/04,1605,凱基-台北,9268,1136,842,294,1.87,4,buy
9/04,1605,康和-永和,0038003400350042,3,90,-87,0.55,4,sell
9/04,1605,華南永昌-虎尾,9377,264,6,258,1.64,5,buy
9/04,1605,新光-台南,8564,11,87,-76,0.48,5,sell
9/04,1605,元大-內湖,003900380039004e,202,7,195,1.24,6,buy
9/04,1605,國票-內壢,7798,5,80,-75,0.48,6,sell
9/04,1605,華南永昌,9300,203,28,175,1.11,7,buy
9/04,1605,(牛牛牛)亞-鑫豐,0036003000310064,48,121,-73,0.46,7,sell
9/04,1605,摩根大通,8440,394,225,169,1.08,8,buy
9/04,1605,凱基-站前,0039003200300046,9,80,-71,0.45,8,sell
9/04,1605,法銀巴黎,8900,198,50,148,0.94,9,buy
9/04,1605,富邦-陽明,9604,81,148,-67,0.43,9,sell
9/04,1605,新光-高雄,8562,328,198,130,0.83,10,buy
9/04,1605,凱基-豐中,9223,12,74,-62,0.39,10,sell
9/04,1605,永全-南崁,6451,115,5,110,0.7,11,buy
9/04,1605,凱基-中壢,9285,11,69,-58,0.37,11,sell
9/04,1605,永豐金-台中,003900410039004c,111,8,103,0.66,12,buy
9/04,1605,華南永昌-朴子,9329,62,118,-56,0.36,12,sell
9/04,1605,國票-北投,7792,100,0,100,0.64,13,buy
9/04,1605,永豐金-中正,0039004100390055,3,53,-50,0.32,13,sell
9/04,1605,花旗環球,1590,170,82,88,0.56,14,buy
9/04,1605,統一-平鎮,0035003800350067,0,50,-50,0.32,14,sell
9/04,1605,國泰-板橋,003800380038004b,120,41,79,0.5,15,buy
9/04,1605,統一,5850,174,223,-49,0.31,15,sell
9/04,2324,台灣摩根士丹利,1470,21191,467,20724,14.65,1,buy
9/04,2324,國泰-敦南,8888,1797,4368,-2571,1.82,1,sell
9/04,2324,美商高盛,1480,22219,1911,20308,14.35,2,buy
9/04,2324,富邦-永和,9654,95,2233,-2138,1.51,2,sell
9/04,2324,新加坡商瑞銀,1650,11277,1371,9906,7.0,3,buy
9/04,2324,凱基,9200,240,2098,-1858,1.31,3,sell
9/04,2324,摩根大通,8440,9146,976,8170,5.77,4,buy
9/04,2324,港商麥格理,1360,0,922,-922,0.65,4,sell
9/04,2324,美林,1440,4814,177,4637,3.28,5,buy
9/04,2324,富邦-台北,9623,455,1261,-806,0.57,5,sell
9/04,2324,富邦證券,9600,4362,296,4066,2.87,6,buy
9/04,2324,群益金鼎-東湖,003900310038004b,37,837,-800,0.57,6,sell
9/04,2324,元大證券,9800,8823,6513,2310,1.63,7,buy
9/04,2324,新光,8560,686,1388,-702,0.5,7,sell
9/04,2324,凱基-台北,9268,8827,6579,2248,1.59,8,buy
9/04,2324,元大-北府,0039003800300044,26,642,-616,0.44,8,sell
9/04,2324,港商野村,1560,1656,53,1603,1.13,9,buy
9/04,2324,群益金鼎-古亭,0039003100380043,24,568,-544,0.38,9,sell
9/04,2324,永豐金-敦北,0039004100380039,1332,249,1083,0.77,10,buy
9/04,2324,國泰-館前,0038003800380041,153,684,-531,0.38,10,sell
9/04,2324,花旗環球,1590,405,81,324,0.23,11,buy
9/04,2324,(牛牛牛)亞-鑫豐,0036003000310064,334,844,-510,0.36,11,sell
9/04,2324,群益金鼎,9100,3950,3658,292,0.21,12,buy
9/04,2324,永豐金-桃園,0039004100390078,124,604,-480,0.34,12,sell
9/04,2324,元大-敦南,0039003800390050,350,74,276,0.2,13,buy
9/04,2324,國泰-板橋,003800380038004b,366,827,-461,0.33,13,sell
9/04,2324,華南永昌-大甲,9315,334,60,274,0.19,14,buy
9/04,2324,台新,0039004200300030,367,823,-456,0.32,14,sell
9/04,2324,法銀巴黎,8900,196,0,196,0.14,15,buy
9/04,2324,玉山-嘉義,8848,37,479,-442,0.31,15,sell
9/04,1815,凱基-台北,9268,6942,3887,3055,6.03,1,buy
9/04,1815,台灣摩根士丹利,1470,251,2410,-2159,4.26,1,sell
9/04,1815,康和,8450,1605,1004,601,1.19,2,buy
9/04,1815,新加坡商瑞銀,1650,1786,3447,-1661,3.28,2,sell
9/04,1815,花旗環球,1590,315,1,314,0.62,3,buy
9/04,1815,華南永昌-中正,9359,32,632,-600,1.19,3,sell
9/04,1815,台新-敦南,0039004200320051,355,58,297,0.59,4,buy
9/04,1815,國泰-館前,0038003800380041,555,1042,-487,0.96,4,sell
9/04,1815,港商野村,1560,492,262,230,0.45,5,buy
9/04,1815,富邦-敦南,9663,113,574,-461,0.91,5,sell
9/04,1815,台中銀-豐原,0036003100310041,191,21,170,0.34,6,buy
9/04,1815,永豐金證券,0039004100300030,455,841,-386,0.76,6,sell
9/04,1815,群益金鼎-彰化,9187,186,21,165,0.33,7,buy
9/04,1815,摩根大通,8440,2108,2469,-361,0.71,7,sell
9/04,1815,華南永昌,9300,200,40,160,0.32,8,buy
9/04,1815,群益金鼎,9100,72,383,-311,0.61,8,sell
9/04,1815,台新-台北,0039004200320030,164,7,157,0.31,9,buy
9/04,1815,中國信託,6160,230,533,-303,0.6,9,sell
9/04,1815,新光,8560,472,334,138,0.27,10,buy
9/04,1815,華南永昌-古亭,9309,9,305,-296,0.58,10,sell
9/04,1815,元大-忠孝,9871,155,29,126,0.25,11,buy
9/04,1815,玉山-高雄,8843,46,295,-249,0.49,11,sell
9/04,1815,港商麥格理,1360,132,16,116,0.23,12,buy
9/04,1815,國泰-敦南,8888,1089,1302,-213,0.42,12,sell
9/04,1815,凱基-竹北,9234,137,23,114,0.23,13,buy
9/04,1815,永豐金-萬盛,0039004100390032,236,427,-191,0.38,13,sell
9/04,1815,兆豐-新竹,0037003000300056,121,11,110,0.22,14,buy
9/04,1815,第一金-安和,003500330038006a,14,197,-183,0.36,14,sell
9/04,1815,富邦-新營,9693,123,16,107,0.21,15,buy
9/04,1815,台新-建北,0039004200310038,18,187,-169,0.33,15,sell
9/04,6770,港商野村,1560,689,3,686,0.8,1,buy
9/04,6770,台灣摩根士丹利,1470,1968,8377,-6409,7.52,1,sell
9/04,6770,國泰-敦南,8888,3113,2499,614,0.72,2,buy
9/04,6770,美商高盛,1480,1918,6759,-4841,5.68,2,sell
9/04,6770,玉山-左營,0038003800340044,631,65,566,0.66,3,buy
9/04,6770,摩根大通,8440,422,2951,-2529,2.97,3,sell
9/04,6770,富邦-永和,9654,932,500,432,0.51,4,buy
9/04,6770,新加坡商瑞銀,1650,1518,3639,-2121,2.49,4,sell
9/04,6770,元大證券,9800,8313,7898,415,0.49,5,buy
9/04,6770,凱基-台北,9268,5208,7158,-1950,2.29,5,sell
9/04,6770,美林,1440,690,303,387,0.45,6,buy
9/04,6770,群益金鼎,9100,456,1026,-570,0.67,6,sell
9/04,6770,富邦證券,9600,645,308,337,0.4,7,buy
9/04,6770,群益金鼎-東門,0039003100380044,39,433,-394,0.46,7,sell
9/04,6770,永豐金-大園,0039004100390038,433,113,320,0.38,8,buy
9/04,6770,統一-台中,5856,144,470,-326,0.38,8,sell
9/04,6770,凱基-三重,9205,281,32,249,0.29,9,buy
9/04,6770,凱基,9200,338,597,-259,0.3,9,sell
9/04,6770,元大-佳里,0039003800310065,245,24,221,0.26,10,buy
9/04,6770,元大-復北,9872,57,231,-174,0.2,10,sell
9/04,6770,凱基-台南,9211,450,233,217,0.25,11,buy
9/04,6770,台新-三重,0039004200320033,134,291,-157,0.18,11,sell
9/04,6770,永豐金證券,0039004100300030,729,521,208,0.24,12,buy
9/04,6770,兆豐證券,7000,11,166,-155,0.18,12,sell
9/04,6770,台新-新店,0039004200320032,212,7,205,0.24,13,buy
9/04,6770,元大-草屯,0039003800390045,116,263,-147,0.17,13,sell
9/04,6770,新光-桃園,8565,277,102,175,0.21,14,buy
9/04,6770,元大-土城學府,9822,86,224,-138,0.16,14,sell
9/04,6770,花旗環球,1590,183,11,172,0.2,15,buy
9/04,6770,統一-城中,5854,50,183,-133,0.16,15,sell
9/04,1402,中國信託,6160,731,23,708,12.78,1,buy
9/04,1402,摩根大通,8440,301,1022,-721,13.01,1,sell
9/04,1402,台灣摩根士丹利,1470,941,427,514,9.27,2,buy
9/04,1402,元大證券,9800,267,623,-356,6.42,2,sell
9/04,1402,花旗環球,1590,341,32,309,5.58,3,buy
9/04,1402,美商高盛,1480,224,561,-337,6.08,3,sell
9/04,1402,亞東,2180,319,12,307,5.54,4,buy
9/04,1402,新加坡商瑞銀,1650,29,349,-320,5.77,4,sell
9/04,1402,凱基-台北,9268,611,386,225,4.06,5,buy
9/04,1402,中國信託-高雄,003600310036004b,0,145,-145,2.62,5,sell
9/04,1402,法銀巴黎,8900,79,11,68,1.23,6,buy
9/04,1402,凱基-宜蘭,003900320030004d,5,79,-74,1.34,6,sell
9/04,1402,元大-桃興,9894,51,3,48,0.87,7,buy
9/04,1402,群益金鼎-崇德,0039003100330055,0,43,-43,0.78,7,sell
9/04,1402,國票-中和,0037003700390058,40,0,40,0.72,8,buy
9/04,1402,富邦-永和,9654,7,42,-35,0.63,8,sell
9/04,1402,統一,5850,68,29,39,0.7,9,buy
9/04,1402,華南永昌-嘉義,9314,0,34,-34,0.61,9,sell
9/04,1402,富邦證券,9600,39,1,38,0.69,10,buy
9/04,1402,永豐金證券,0039004100300030,6,37,-31,0.56,10,sell
9/04,1402,群益金鼎-桃園,9189,76,38,38,0.69,11,buy
9/04,1402,美好-中壢,5266,0,30,-30,0.54,11,sell
9/04,1402,富邦-高雄,9659,35,0,35,0.63,12,buy
9/04,1402,亞東-新竹,2184,0,29,-29,0.52,12,sell
9/04,1402,元大-羅東,0039003800320041,32,0,32,0.58,13,buy
9/04,1402,元大-福營,0039003800310046,2,30,-28,0.51,13,sell
9/04,1402,台新-台南,0039004200310036,30,0,30,0.54,14,buy
9/04,1402,永豐金-板盛,0039004100390059,2,30,-28,0.51,14,sell
9/04,1402,富邦-竹北,9624,25,0,25,0.45,15,buy
9/04,1402,元大-新竹經國,9859,1,25,-24,0.43,15,sell
9/04,1216,美商高盛,1480,1297,408,889,14.35,1,buy
9/04,1216,台新,0039004200300030,8,2016,-2008,32.41,1,sell
9/04,1216,台灣摩根士丹利,1470,753,103,650,10.49,2,buy
9/04,1216,元大證券,9800,214,1202,-988,15.95,2,sell
9/04,1216,摩根大通,8440,871,598,273,4.41,3,buy
9/04,1216,凱基,9200,0,271,-271,4.37,3,sell
9/04,1216,新加坡商瑞銀,1650,364,151,213,3.44,4,buy
9/04,1216,國票-敦北法人,0037003700390063,0,173,-173,2.79,4,sell
9/04,1216,美林,1440,212,84,128,2.07,5,buy
9/04,1216,統一-屏東,5859,0,68,-68,1.1,5,sell
9/04,1216,凱基-台北,9268,380,266,114,1.84,6,buy
9/04,1216,港商麥格理,1360,49,100,-51,0.82,6,sell
9/04,1216,花旗環球,1590,288,186,102,1.65,7,buy
9/04,1216,群益金鼎-台北,0039003100380058,0,38,-38,0.61,7,sell
9/04,1216,第一金-澎湖,5387,139,60,79,1.28,8,buy
9/04,1216,元大-嘉義,0039003800390067,0,15,-15,0.24,8,sell
9/04,1216,國泰-館前,0038003800380041,65,1,64,1.03,9,buy
9/04,1216,兆豐-彰化,0037003000300064,0,13,-13,0.21,9,sell
9/04,1216,法銀巴黎,8900,59,1,58,0.94,10,buy
9/04,1216,富邦-斗六,0039003600320047,0,11,-11,0.18,10,sell
9/04,1216,富邦證券,9600,58,0,58,0.94,11,buy
9/04,1216,元大-大益,9814,1,12,-11,0.18,11,sell
9/04,1216,新光-台中,8561,51,1,50,0.81,12,buy
9/04,1216,群益金鼎-鳳山,0039003100380063,0,10,-10,0.16,12,sell
9/04,1216,國泰-敦南,8888,61,12,49,0.79,13,buy
9/04,1216,第一金-忠孝,0035003300380044,0,9,-9,0.15,13,sell
9/04,1216,富邦-桃園,9665,40,1,39,0.63,14,buy
9/04,1216,凱基-士林,9238,0,7,-7,0.11,14,sell
9/04,1216,永豐金-台南,0039004100390068,42,3,39,0.63,15,buy
9/04,1216,兆豐-岡山,0037003000300073,0,5,-5,0.08,15,sell
9/04,0052,元大證券,9800,2900,487,2413,22.14,1,buy
9/04,0052,富邦-南屯,9666,6,310,-304,2.79,1,sell
9/04,0052,新加坡商瑞銀,1650,2091,138,1953,17.92,2,buy
9/04,0052,國泰-敦南,8888,159,410,-251,2.3,2,sell
9/04,0052,凱基-台北,9268,1819,127,1692,15.52,3,buy
9/04,0052,富邦-三峽,003900360032004a,15,230,-215,1.97,3,sell
9/04,0052,群益金鼎,9100,595,147,448,4.11,4,buy
9/04,0052,臺銀,1040,56,175,-119,1.09,4,sell
9/04,0052,宏遠證券,1260,200,10,190,1.74,5,buy
9/04,0052,第一金-華江,0035003300380057,6,91,-85,0.78,5,sell
9/04,0052,永豐金證券,0039004100300030,650,531,119,1.09,6,buy
9/04,0052,富邦-陽明,9604,8,87,-79,0.72,6,sell
9/04,0052,統一,5850,134,26,108,0.99,7,buy
9/04,0052,新光,8560,16,95,-79,0.72,7,sell
9/04,0052,康和,8450,229,125,104,0.95,8,buy
9/04,0052,凱基,9200,15,91,-76,0.7,8,sell
9/04,0052,康和-南崁,0038003400350053,75,0,75,0.69,9,buy
9/04,0052,凱基-竹北,9234,0,72,-72,0.66,9,sell
9/04,0052,永豐金-忠孝,0039004100390044,75,9,66,0.61,10,buy
9/04,0052,國泰-板橋,003800380038004b,9,79,-70,0.64,10,sell
9/04,0052,群益金鼎-高雄,9183,50,0,50,0.46,11,buy
9/04,0052,康和-高雄,003800340035004a,0,70,-70,0.64,11,sell
9/04,0052,玉山-新竹,0038003800340048,46,1,45,0.41,12,buy
9/04,0052,新光-台南,8564,51,121,-70,0.64,12,sell
9/04,0052,元大-淡水,9899,36,0,36,0.33,13,buy
9/04,0052,富邦-永和,9654,6,75,-69,0.63,13,sell
9/04,0052,國泰證券,8880,53,20,33,0.3,14,buy
9/04,0052,凱基-台南,9211,1,70,-69,0.63,14,sell
9/04,0052,華南永昌,9300,53,23,30,0.28,15,buy
9/04,0052,台新,0039004200300030,13,82,-69,0.63,15,sell
9/04,2002,美商高盛,1480,2013,623,1390,9.62,1,buy
9/04,2002,新加坡商瑞銀,1650,346,1210,-864,5.98,1,sell
9/04,2002,美林,1440,696,0,696,4.82,2,buy
9/04,2002,兆豐-新竹,0037003000300056,0,680,-680,4.71,2,sell
9/04,2002,花旗環球,1590,590,0,590,4.08,3,buy
9/04,2002,元大-花蓮,9856,0,211,-211,1.46,3,sell
9/04,2002,華南永昌-台南,9306,550,0,550,3.81,4,buy
9/04,2002,台灣摩根士丹利,1470,975,1180,-205,1.42,4,sell
9/04,2002,華南永昌,9300,438,4,434,3.0,5,buy
9/04,2002,港商麥格理,1360,0,190,-190,1.31,5,sell
9/04,2002,兆豐-埔墘,003700300030004e,300,1,299,2.07,6,buy
9/04,2002,玉山證券,8840,8,181,-173,1.2,6,sell
9/04,2002,兆豐證券,7000,284,0,284,1.97,7,buy
9/04,2002,群益金鼎,9100,8,134,-126,0.87,7,sell
9/04,2002,富邦-永和,9654,278,6,272,1.88,8,buy
9/04,2002,凱基-永華,9235,0,122,-122,0.84,8,sell
9/04,2002,元大證券,9800,294,93,201,1.39,9,buy
9/04,2002,兆豐-台南,7006,1,121,-120,0.83,9,sell
9/04,2002,第一金-自由,0035003300380045,200,5,195,1.35,10,buy
9/04,2002,凱基-東港,9212,0,107,-107,0.74,10,sell
9/04,2002,凱基-台北,9268,1112,937,175,1.21,11,buy
9/04,2002,國票-安和,003700370039005a,0,105,-105,0.73,11,sell
9/04,2002,摩根大通,8440,809,638,171,1.18,12,buy
9/04,2002,高橋-龍潭,5321,0,101,-101,0.7,12,sell
9/04,2002,永豐金-匯立,0039004100380031,156,0,156,1.08,13,buy
9/04,2002,富邦-台北,9623,17,110,-93,0.64,13,sell
9/04,2002,元大-南京,9862,149,0,149,1.03,14,buy
9/04,2002,富邦-建國,9658,21,113,-92,0.64,14,sell
9/04,2002,中農,8520,116,10,106,0.73,15,buy
9/04,2002,永豐金-新莊,0039004100390048,2,90,-88,0.61,15,sell
9/04,1301,香港上海匯豐,8960,743,0,743,2.76,1,buy
9/04,1301,新加坡商瑞銀,1650,465,1973,-1508,5.6,1,sell
9/04,1301,美林,1440,784,310,474,1.76,2,buy
9/04,1301,宏遠證券,1260,5,1010,-1005,3.73,2,sell
9/04,1301,亞東-新竹,2184,462,32,430,1.6,3,buy
9/04,1301,華南永昌,9300,51,1032,-981,3.64,3,sell
9/04,1301,花旗環球,1590,278,61,217,0.81,4,buy
9/04,1301,群益金鼎,9100,648,1197,-549,2.04,4,sell
9/04,1301,摩根大通,8440,1017,831,186,0.69,5,buy
9/04,1301,港商野村,1560,55,591,-536,1.99,5,sell
9/04,1301,法銀巴黎,8900,171,6,165,0.61,6,buy
9/04,1301,台灣摩根士丹利,1470,1658,2145,-487,1.81,6,sell
9/04,1301,華南永昌-高雄,9303,166,7,159,0.59,7,buy
9/04,1301,土銀,1030,23,484,-461,1.71,7,sell
9/04,1301,凱基-松山,9217,144,9,135,0.5,8,buy
9/04,1301,永豐金-台中,003900410039004c,72,246,-174,0.65,8,sell
9/04,1301,凱基-台北,9268,1421,1303,118,0.44,9,buy
9/04,1301,國泰-敦南,8888,315,426,-111,0.41,9,sell
9/04,1301,富邦-陽明,9604,131,14,117,0.43,10,buy
9/04,1301,台新-左楠,0039004200310064,81,178,-97,0.36,10,sell
9/04,1301,元大-台南,9896,97,0,97,0.36,11,buy
9/04,1301,元大證券,9800,2065,2150,-85,0.32,11,sell
9/04,1301,新光,8560,311,229,82,0.3,12,buy
9/04,1301,永豐金-亞灣,0039004100390061,38,109,-71,0.26,12,sell
9/04,1301,永豐金-板新,003900410039004a,87,5,82,0.3,13,buy
9/04,1301,美商高盛,1480,1637,1707,-70,0.26,13,sell
9/04,1301,國泰-板橋,003800380038004b,120,46,74,0.27,14,buy
9/04,1301,元大-大灣,9815,20,85,-65,0.24,14,sell
9/04,1301,台中銀-高雄,6116,74,2,72,0.27,15,buy
9/04,1301,港商麥格理,1360,0,58,-58,0.22,15,sell
9/04,2610,摩根大通,8440,2472,440,2032,15.21,1,buy
9/04,2610,富邦證券,9600,45,2830,-2785,20.84,1,sell
9/04,2610,凱基-台北,9268,737,176,561,4.2,2,buy
9/04,2610,花旗環球,1590,164,1765,-1601,11.98,2,sell
9/04,2610,華南永昌,9300,396,13,383,2.87,3,buy
9/04,2610,新加坡商瑞銀,1650,74,1083,-1009,7.55,3,sell
9/04,2610,台灣摩根士丹利,1470,864,519,345,2.58,4,buy
9/04,2610,元大證券,9800,226,636,-410,3.07,4,sell
9/04,2610,美林,1440,342,61,281,2.1,5,buy
9/04,2610,永豐金-大園,0039004100390038,57,220,-163,1.22,5,sell
9/04,2610,元大-潮州,003900380031005a,250,0,250,1.87,6,buy
9/04,2610,永豐金-匯立,0039004100380031,0,145,-145,1.09,6,sell
9/04,2610,富邦-仁愛,9676,309,108,201,1.5,7,buy
9/04,2610,玉山-景美,8849,35,160,-125,0.94,7,sell
9/04,2610,新光,8560,371,179,192,1.44,8,buy
9/04,2610,永豐金證券,0039004100300030,55,159,-104,0.78,8,sell
9/04,2610,國泰證券,8880,165,0,165,1.23,9,buy
9/04,2610,永興,5600,1,100,-99,0.74,9,sell
9/04,2610,元大-大里,0039003800310067,113,7,106,0.79,10,buy
9/04,2610,兆豐-城中,0037003000300057,1,70,-69,0.52,10,sell
9/04,2610,兆豐-南門,0037003000300067,107,4,103,0.77,11,buy
9/04,2610,元大-新竹,9816,11,65,-54,0.4,11,sell
9/04,2610,群益金鼎-三重,0039003100330067,196,99,97,0.73,12,buy
9/04,2610,群益金鼎,9100,8,58,-50,0.37,12,sell
9/04,2610,富邦-二林,0039003600320042,110,19,91,0.68,13,buy
9/04,2610,元大-林森,0039003800330042,2,50,-48,0.36,13,sell
9/04,2610,玉山-士林,0038003800340041,71,1,70,0.52,14,buy
9/04,2610,華南永昌-鶯歌,9319,7,54,-47,0.35,14,sell
9/04,2610,國票-桃園,0037003700390072,70,0,70,0.52,15,buy
9/04,2610,元大-大統,003900380031007a,2,49,-47,0.35,15,sell
9/04,2834,凱基-台北,9268,8081,2328,5753,8.79,1,buy
9/04,2834,新加坡商瑞銀,1650,831,10343,-9512,14.54,1,sell
9/04,2834,永豐金-板新,003900410039004a,3011,44,2967,4.53,2,buy
9/04,2834,美商高盛,1480,7408,16325,-8917,13.63,2,sell
9/04,2834,國票-長城,0037003700390075,2517,0,2517,3.85,3,buy
9/04,2834,台灣摩根士丹利,1470,4603,8047,-3444,5.26,3,sell
9/04,2834,摩根大通,8440,2914,1219,1695,2.59,4,buy
9/04,2834,永豐金-匯立,0039004100380031,0,2545,-2545,3.89,4,sell
9/04,2834,香港上海匯豐,8960,2294,998,1296,1.98,5,buy
9/04,2834,法銀巴黎,8900,419,2048,-1629,2.49,5,sell
9/04,2834,第一金-光復,0035003300380043,1006,0,1006,1.54,6,buy
9/04,2834,美林,1440,209,1297,-1088,1.66,6,sell
9/04,2834,港商麥格理,1360,1030,124,906,1.38,7,buy
9/04,2834,港商野村,1560,995,2011,-1016,1.55,7,sell
9/04,2834,國票-南港,7795,786,1,785,1.2,8,buy
9/04,2834,花旗環球,1590,572,1259,-687,1.05,8,sell
9/04,2834,臺銀-臺南,1042,586,3,583,0.89,9,buy
9/04,2834,元大-內湖,003900380039004e,19,430,-411,0.63,9,sell
9/04,2834,玉山-高雄,8843,508,17,491,0.75,10,buy
9/04,2834,富邦-竹科,0039003600320043,8,411,-403,0.62,10,sell
9/04,2834,凱基-汐止,9226,472,1,471,0.72,11,buy
9/04,2834,中國信託,6160,28,332,-304,0.46,11,sell
9/04,2834,元大-嘉義,0039003800390067,459,105,354,0.54,12,buy
9/04,2834,兆豐-民生,0037003000300063,0,301,-301,0.46,12,sell
9/04,2834,陽信-石牌,8711,312,6,306,0.47,13,buy
9/04,2834,富邦-二林,0039003600320042,8,231,-223,0.34,13,sell
9/04,2834,國泰-桃園,8885,539,234,305,0.47,14,buy
9/04,2834,群益金鼎-萬華,0039003100330049,0,205,-205,0.31,14,sell
9/04,2834,元大-新莊,9898,301,11,290,0.44,15,buy
9/04,2834,永豐金證券,0039004100300030,100,290,-190,0.29,15,sell
9/04,6182,美林,1440,2546,320,2226,6.08,1,buy
9/04,6182,美商高盛,1480,484,972,-488,1.33,1,sell
9/04,6182,元大-松江,9801,1797,20,1777,4.85,2,buy
9/04,6182,國泰-敦南,8888,1313,1681,-368,1.01,2,sell
9/04,6182,康和,8450,937,3,934,2.55,3,buy
9/04,6182,元大證券,9800,3180,3423,-243,0.66,3,sell
9/04,6182,華南永昌,9300,776,48,728,1.99,4,buy
9/04,6182,永豐金-信義,0039004100390052,25,214,-189,0.52,4,sell
9/04,6182,凱基-台北,9268,3996,3324,672,1.84,5,buy
9/04,6182,港商野村,1560,91,248,-157,0.43,5,sell
9/04,6182,富邦證券,9600,617,93,524,1.43,6,buy
9/04,6182,台灣摩根士丹利,1470,354,491,-137,0.37,6,sell
9/04,6182,國票-安和,003700370039005a,538,43,495,1.35,7,buy
9/04,6182,新百王,6210,40,171,-131,0.36,7,sell
9/04,6182,新加坡商瑞銀,1650,848,540,308,0.84,8,buy
9/04,6182,群益金鼎,9100,116,241,-125,0.34,8,sell
9/04,6182,富邦-新店,9661,143,48,95,0.26,9,buy
9/04,6182,台新-緯城,0039004200320041,13,133,-120,0.33,9,sell
9/04,6182,統一-新竹,5857,107,12,95,0.26,10,buy
9/04,6182,元大-太平,0039003800310051,44,150,-106,0.29,10,sell
9/04,6182,聯邦-嘉義,8582,96,5,91,0.25,11,buy
9/04,6182,元大-竹山,0039003800310052,18,112,-94,0.26,11,sell
9/04,6182,康和-高雄,003800340035004a,93,3,90,0.25,12,buy
9/04,6182,凱基-城中,9227,57,149,-92,0.25,12,sell
9/04,6182,台新-西松,003900420032006e,143,54,89,0.24,13,buy
9/04,6182,臺銀-高雄,0031003000340043,33,122,-89,0.24,13,sell
9/04,6182,群益金鼎-大安,0039003100380065,74,4,70,0.19,14,buy
9/04,6182,群益金鼎-館前,0039003100330059,22,104,-82,0.22,14,sell
9/04,6182,群益金鼎-新竹,9186,107,56,51,0.14,15,buy
9/04,6182,永豐金證券,0039004100300030,199,278,-79,0.22,15,sell
9/04,2327,台灣摩根士丹利,1470,7344,745,6599,11.44,1,buy
9/04,2327,國泰-敦南,8888,1113,2308,-1195,2.07,1,sell
9/04,2327,美商高盛,1480,4293,344,3949,6.84,2,buy
9/04,2327,永豐金證券,0039004100300030,392,839,-447,0.77,2,sell
9/04,2327,新加坡商瑞銀,1650,5330,1697,3633,6.3,3,buy
9/04,2327,新光,8560,289,648,-359,0.62,3,sell
9/04,2327,富邦證券,9600,2783,537,2246,3.89,4,buy
9/04,2327,宏遠證券,1260,10,339,-329,0.57,4,sell
9/04,2327,富邦-新店,9661,1722,181,1541,2.67,5,buy
9/04,2327,台新,0039004200300030,192,458,-266,0.46,5,sell
9/04,2327,元大證券,9800,3639,2125,1514,2.62,6,buy
9/04,2327,國泰-台中,8882,165,421,-256,0.44,6,sell
9/04,2327,康和,8450,1440,34,1406,2.44,7,buy
9/04,2327,華南永昌-南京,9326,16,234,-218,0.38,7,sell
9/04,2327,凱基,9200,1245,126,1119,1.94,8,buy
9/04,2327,國泰-板橋,003800380038004b,127,337,-210,0.36,8,sell
9/04,2327,國票-敦北法人,0037003700390063,1441,351,1090,1.89,9,buy
9/04,2327,國泰-館前,0038003800380041,96,304,-208,0.36,9,sell
9/04,2327,摩根大通,8440,2009,994,1015,1.76,10,buy
9/04,2327,富邦-陽明,9604,32,224,-192,0.33,10,sell
9/04,2327,統一,5850,1151,238,913,1.58,11,buy
9/04,2327,台中銀-豐原,0036003100310041,16,204,-188,0.33,11,sell
9/04,2327,國票-安和,003700370039005a,824,65,759,1.32,12,buy
9/04,2327,富邦-台北,9623,81,268,-187,0.32,12,sell
9/04,2327,港商野村,1560,775,75,700,1.21,13,buy
9/04,2327,第一金-台南,5384,44,230,-186,0.32,13,sell
9/04,2327,統一-城中,5854,596,31,565,0.98,14,buy
9/04,2327,國泰-桃園,8885,89,266,-177,0.31,14,sell
9/04,2327,凱基-站前,0039003200300046,1153,616,537,0.93,15,buy
9/04,2327,統一-南京,0035003800350055,23,197,-174,0.3,15,sell
9/04,5904,美商高盛,1480,1162,370,792,11.84,1,buy
9/04,5904,港商麥格理,1360,0,1032,-1032,15.43,1,sell
9/04,5904,美林,1440,496,38,458,6.85,2,buy
9/04,5904,花旗環球,1590,195,613,-418,6.25,2,sell
9/04,5904,台灣摩根士丹利,1470,527,108,419,6.26,3,buy
9/04,5904,富邦-高雄,9659,6,103,-97,1.45,3,sell
9/04,5904,凱基-台北,9268,675,384,291,4.35,4,buy
9/04,5904,元大-草屯,0039003800390045,20,102,-82,1.23,4,sell
9/04,5904,摩根大通,8440,66,3,63,0.94,5,buy
9/04,5904,永豐金-天母,0039004100390047,2,51,-49,0.73,5,sell
9/04,5904,新加坡商瑞銀,1650,84,26,58,0.87,6,buy
9/04,5904,合庫-高雄,1023,0,47,-47,0.7,6,sell
9/04,5904,光和-嘉義,0036003300380041,81,41,40,0.6,7,buy
9/04,5904,台新-大昌,0039004200320044,0,43,-43,0.64,7,sell
9/04,5904,元大證券,9800,396,364,32,0.48,8,buy
9/04,5904,宏遠-館前,0031003200360055,30,70,-40,0.6,8,sell
9/04,5904,富邦證券,9600,30,1,29,0.43,9,buy
9/04,5904,國泰-高雄,8881,6,46,-40,0.6,9,sell
9/04,5904,國票證券,7790,25,0,25,0.37,10,buy
9/04,5904,中國信託-文心,6164,2,35,-33,0.49,10,sell
9/04,5904,國票-安和,003700370039005a,22,0,22,0.33,11,buy
9/04,5904,元大-苑裡,0039003800390061,0,33,-33,0.49,11,sell
9/04,5904,富邦-虎尾,9697,21,0,21,0.31,12,buy
9/04,5904,新光,8560,30,56,-26,0.39,12,sell
9/04,5904,中國信託-中壢,0036003100360041,18,2,16,0.24,13,buy
9/04,5904,台新,0039004200300030,16,40,-24,0.36,13,sell
9/04,5904,群益金鼎-土城,003900310033004e,15,0,15,0.22,14,buy
9/04,5904,彰銀-七賢,1232,0,23,-23,0.34,14,sell
9/04,5904,元大-沙鹿,0039003800300064,21,7,14,0.21,15,buy
9/04,5904,兆豐-員林,003700300030006b,10,31,-21,0.31,15,sell
9/04,3481,凱基-台南,9211,1220,136,1084,0.83,1,buy
9/04,3481,美商高盛,1480,5096,11882,-6786,5.2,1,sell
9/04,3481,國泰-敦南,8888,4635,3824,811,0.62,2,buy
9/04,3481,摩根大通,8440,1317,4361,-3044,2.33,2,sell
9/04,3481,美林,1440,1236,596,640,0.49,3,buy
9/04,3481,新加坡商瑞銀,1650,619,3450,-2831,2.17,3,sell
9/04,3481,元大-北屯,0039003800390064,852,237,615,0.47,4,buy
9/04,3481,港商野村,1560,207,2811,-2604,1.99,4,sell
9/04,3481,凱基-東港,9212,711,116,595,0.46,5,buy
9/04,3481,凱基-台北,9268,7965,9991,-2026,1.55,5,sell
9/04,3481,元大證券,9800,10409,9829,580,0.44,6,buy
9/04,3481,華南永昌,9300,251,1098,-847,0.65,6,sell
9/04,3481,花旗環球,1590,742,180,562,0.43,7,buy
9/04,3481,法銀巴黎,8900,179,930,-751,0.58,7,sell
9/04,3481,新光,8560,1896,1362,534,0.41,8,buy
9/04,3481,元大-天母,0039003800310049,97,838,-741,0.57,8,sell
9/04,3481,彰銀-台中,1233,443,53,390,0.3,9,buy
9/04,3481,富邦-永康,003900360031005a,58,527,-469,0.36,9,sell
9/04,3481,永豐金-羅東,0039004100390041,347,27,320,0.25,10,buy
9/04,3481,永豐金證券,0039004100300030,641,1078,-437,0.33,10,sell
9/04,3481,元大-東泰,9817,403,110,293,0.22,11,buy
9/04,3481,台灣摩根士丹利,1470,916,1325,-409,0.31,11,sell
9/04,3481,國泰-松江,8883,444,172,272,0.21,12,buy
9/04,3481,富邦-建國,9658,292,693,-401,0.31,12,sell
9/04,3481,合庫證券,1020,275,23,252,0.19,13,buy
9/04,3481,玉山-新竹,0038003800340048,60,440,-380,0.29,13,sell
9/04,3481,永豐金-北高雄,0039004100390072,321,79,242,0.19,14,buy
9/04,3481,華南永昌-台中,9302,242,612,-370,0.28,14,sell
9/04,3481,元大-蘆洲中正,0039003800390049,315,93,222,0.17,15,buy
9/04,3481,台新-大裕,003900420032006c,77,352,-275,0.21,15,sell
9/04,2492,美商高盛,1480,2763,467,2296,8.39,1,buy
9/04,2492,中國信託,6160,20,670,-650,2.37,1,sell
9/04,2492,台灣摩根士丹利,1470,2303,78,2225,8.13,2,buy
9/04,2492,國泰-敦南,8888,451,1080,-629,2.3,2,sell
9/04,2492,新加坡商瑞銀,1650,2229,138,2091,7.64,3,buy
9/04,2492,群益金鼎-大安,0039003100380065,2,303,-301,1.1,3,sell
9/04,2492,摩根大通,8440,1786,239,1547,5.65,4,buy
9/04,2492,國泰-台中,8882,97,320,-223,0.81,4,sell
9/04,2492,凱基-台北,9268,2141,958,1183,4.32,5,buy
9/04,2492,永豐金-中正,0039004100390055,10,230,-220,0.8,5,sell
9/04,2492,富邦證券,9600,1066,14,1052,3.84,6,buy
9/04,2492,宏遠證券,1260,0,178,-178,0.65,6,sell
9/04,2492,美林,1440,1046,121,925,3.38,7,buy
9/04,2492,新光,8560,96,246,-150,0.55,7,sell
9/04,2492,國票-敦北法人,0037003700390063,859,8,851,3.11,8,buy
9/04,2492,台新,0039004200300030,42,174,-132,0.48,8,sell
9/04,2492,統一,5850,881,97,784,2.86,9,buy
9/04,2492,永豐金-中和,0039004100390042,4,128,-124,0.45,9,sell
9/04,2492,港商野村,1560,735,187,548,2.0,10,buy
9/04,2492,富邦-陽明,9604,28,150,-122,0.45,10,sell
9/04,2492,統一-城中,5854,498,8,490,1.79,11,buy
9/04,2492,富邦-板橋,9655,23,140,-117,0.43,11,sell
9/04,2492,國票-安和,003700370039005a,472,17,455,1.66,12,buy
9/04,2492,國泰-板橋,003800380038004b,54,160,-106,0.39,12,sell
9/04,2492,群益金鼎,9100,640,200,440,1.61,13,buy
9/04,2492,台新-台中,0039004200310068,28,134,-106,0.39,13,sell
9/04,2492,元大證券,9800,1876,1528,348,1.27,14,buy
9/04,2492,群益金鼎-嘉義,003900310038004d,5,99,-94,0.34,14,sell
9/04,2492,凱基-站前,0039003200300046,517,241,276,1.01,15,buy
9/04,2492,富邦-竹東,9625,7,100,-93,0.34,15,sell
9/04,5388,凱基-台北,9268,291,139,152,5.73,1,buy
9/04,5388,美商高盛,1480,104,447,-343,12.94,1,sell
9/04,5388,台中銀-台北,6115,70,0,70,2.64,2,buy
9/04,5388,新加坡商瑞銀,1650,8,136,-128,4.83,2,sell
9/04,5388,華南永昌-板橋,9349,65,0,65,2.45,3,buy
9/04,5388,合庫證券,1020,0,111,-111,4.19,3,sell
9/04,5388,兆豐-三重,7008,61,0,61,2.3,4,buy
9/04,5388,華南永昌-鶯歌,9319,1,90,-89,3.36,4,sell
9/04,5388,新光,8560,46,7,39,1.47,5,buy
9/04,5388,臺銀-民權,1043,13,95,-82,3.09,5,sell
9/04,5388,玉山-新莊,8842,34,0,34,1.28,6,buy
9/04,5388,摩根大通,8440,40,116,-76,2.87,6,sell
9/04,5388,港商野村,1560,33,0,33,1.24,7,buy
9/04,5388,花旗環球,1590,10,81,-71,2.68,7,sell
9/04,5388,台新-成功,003900420032006d,31,0,31,1.17,8,buy
9/04,5388,國泰-板橋,003800380038004b,5,53,-48,1.81,8,sell
9/04,5388,統一-南京,0035003800350055,30,0,30,1.13,9,buy
9/04,5388,台灣摩根士丹利,1470,19,63,-44,1.66,9,sell
9/04,5388,玉山-台中,0038003800340042,30,5,25,0.94,10,buy
9/04,5388,國泰-敦南,8888,49,87,-38,1.43,10,sell
9/04,5388,京城,8490,23,0,23,0.87,11,buy
9/04,5388,凱基-中港,9202,1,38,-37,1.4,11,sell
9/04,5388,凱基-市政,9239,24,1,23,0.87,12,buy
9/04,5388,元大證券,9800,25,62,-37,1.4,12,sell
9/04,5388,凱基-興隆,9289,22,0,22,0.83,13,buy
9/04,5388,凱基-雙和,0039003200300043,0,30,-30,1.13,13,sell
9/04,5388,元大-內湖,003900380039004e,25,3,22,0.83,14,buy
9/04,5388,元大-松江,9801,10,35,-25,0.94,14,sell
9/04,5388,富邦-台北,9623,26,5,21,0.79,15,buy
9/04,5388,永豐金-亞灣,0039004100390061,1,26,-25,0.94,15,sell
9/04,8069,凱基-台北,9268,898,104,794,14.81,1,buy
9/04,8069,美商高盛,1480,431,1595,-1164,21.71,1,sell
9/04,8069,台灣摩根士丹利,1470,574,127,447,8.34,2,buy
9/04,8069,富邦證券,9600,18,995,-977,18.22,2,sell
9/04,8069,摩根大通,8440,412,93,319,5.95,3,buy
9/04,8069,美林,1440,328,659,-331,6.17,3,sell
9/04,8069,新加坡商瑞銀,1650,373,208,165,3.08,4,buy
9/04,8069,宏遠證券,1260,0,150,-150,2.8,4,sell
9/04,8069,港商野村,1560,164,27,137,2.56,5,buy
9/04,8069,華南永昌-長虹,9333,1,57,-56,1.04,5,sell
9/04,8069,元大證券,9800,347,240,107,2.0,6,buy
9/04,8069,元大-台南,9896,2,30,-28,0.52,6,sell
9/04,8069,永豐金-匯立,0039004100380031,70,0,70,1.31,7,buy
9/04,8069,台新-大裕,003900420032006c,0,26,-26,0.48,7,sell
9/04,8069,國票-敦北法人,0037003700390063,52,0,52,0.97,8,buy
9/04,8069,元大-龍潭,9858,0,23,-23,0.43,8,sell
9/04,8069,群益金鼎,9100,74,48,26,0.48,9,buy
9/04,8069,富邦-高雄,9659,1,24,-23,0.43,9,sell
9/04,8069,元大-蘆洲,9857,24,0,24,0.45,10,buy
9/04,8069,兆豐-台南,7006,1,21,-20,0.37,10,sell
9/04,8069,富邦-竹科,0039003600320043,21,0,21,0.39,11,buy
9/04,8069,台新-埔里,0039004200320059,0,20,-20,0.37,11,sell
9/04,8069,元大-豐原,9838,22,1,21,0.39,12,buy
9/04,8069,元大-向上,9824,0,20,-20,0.37,12,sell
9/04,8069,凱基,9200,18,0,18,0.34,13,buy
9/04,8069,華南永昌-南京,9326,2,19,-17,0.32,13,sell
9/04,8069,國泰-敦南,8888,39,22,17,0.32,14,buy
9/04,8069,華南永昌-中正,9359,1,16,-15,0.28,14,sell
9/04,8069,元大-蘆洲中正,0039003800390049,16,0,16,0.3,15,buy
9/04,8069,凱基-城中,9227,0,13,-13,0.24,15,sell
9/04,1326,美商高盛,1480,3456,2150,1306,3.16,1,buy
9/04,1326,新加坡商瑞銀,1650,449,1805,-1356,3.28,1,sell
9/04,1326,元大-斗信,9884,579,21,558,1.35,2,buy
9/04,1326,港商野村,1560,20,1253,-1233,2.99,2,sell
9/04,1326,新光,8560,610,284,326,0.79,3,buy
9/04,1326,美林,1440,444,1498,-1054,2.55,3,sell
9/04,1326,凱基-台北,9268,2634,2361,273,0.66,4,buy
9/04,1326,元大-天母,0039003800310049,8,919,-911,2.21,4,sell
9/04,1326,元大-發財,0039003800310045,280,27,253,0.61,5,buy
9/04,1326,元大-信義,003900380039006d,22,719,-697,1.69,5,sell
9/04,1326,富邦-台北,9623,338,89,249,0.6,6,buy
9/04,1326,摩根大通,8440,653,1091,-438,1.06,6,sell
9/04,1326,元大-南京,9862,217,35,182,0.44,7,buy
9/04,1326,兆豐-鹿港,0037003000300066,18,272,-254,0.62,7,sell
9/04,1326,花旗環球,1590,200,58,142,0.34,8,buy
9/04,1326,兆豐-台中,7003,4,222,-218,0.53,8,sell
9/04,1326,法銀巴黎,8900,157,26,131,0.32,9,buy
9/04,1326,永豐金-台南,0039004100390068,162,332,-170,0.41,9,sell
9/04,1326,台新-草屯,0039004200320058,122,2,120,0.29,10,buy
9/04,1326,永豐金-敦北,0039004100380039,23,145,-122,0.3,10,sell
9/04,1326,元大-復北,9872,250,133,117,0.28,11,buy
9/04,1326,台灣摩根士丹利,1470,2912,3020,-108,0.26,11,sell
9/04,1326,富邦-板橋,9655,140,27,113,0.27,12,buy
9/04,1326,元大-新竹經國,9859,15,119,-104,0.25,12,sell
9/04,1326,富邦-台南,9667,117,24,93,0.23,13,buy
9/04,1326,元大-林森,0039003800330042,50,151,-101,0.24,13,sell
9/04,1326,統一,5850,153,67,86,0.21,14,buy
9/04,1326,第一金-安和,003500330038006a,6,100,-94,0.23,14,sell
9/04,1326,第一金-彰化,5386,108,23,85,0.21,15,buy
9/04,1326,華南永昌-長虹,9333,27,109,-82,0.2,15,sell
9/04,2344,元大-松江,9801,2990,53,2937,2.92,1,buy
9/04,2344,台灣摩根士丹利,1470,3671,6859,-3188,3.17,1,sell
9/04,2344,香港上海匯豐,8960,2665,14,2651,2.64,2,buy
9/04,2344,元大證券,9800,9419,11686,-2267,2.26,2,sell
9/04,2344,新加坡商瑞銀,1650,6324,3987,2337,2.33,3,buy
9/04,2344,統一,5850,124,2365,-2241,2.23,3,sell
9/04,2344,凱基-台北,9268,7350,5899,1451,1.44,4,buy
9/04,2344,摩根大通,8440,2732,4355,-1623,1.61,4,sell
9/04,2344,美商高盛,1480,3087,2125,962,0.96,5,buy
9/04,2344,群益金鼎,9100,174,1584,-1410,1.4,5,sell
9/04,2344,港商野村,1560,1566,807,759,0.76,6,buy
9/04,2344,國泰證券,8880,11,1007,-996,0.99,6,sell
9/04,2344,港商麥格理,1360,621,21,600,0.6,7,buy
9/04,2344,國泰-敦南,8888,3066,3426,-360,0.36,7,sell
9/04,2344,華南永昌,9300,696,113,583,0.58,8,buy
9/04,2344,台新,0039004200300030,630,947,-317,0.32,8,sell
9/04,2344,康和,8450,555,66,489,0.49,9,buy
9/04,2344,富邦-南屯,9666,128,376,-248,0.25,9,sell
9/04,2344,美林,1440,3413,2939,474,0.47,10,buy
9/04,2344,群益金鼎-台南,9185,17,252,-235,0.23,10,sell
9/04,2344,花旗環球,1590,411,15,396,0.39,11,buy
9/04,2344,兆豐證券,7000,97,243,-146,0.15,11,sell
9/04,2344,華南永昌-高雄,9303,304,55,249,0.25,12,buy
9/04,2344,元大-仁愛,003900380033006a,25,164,-139,0.14,12,sell
9/04,2344,法銀巴黎,8900,248,8,240,0.24,13,buy
9/04,2344,富邦證券,9600,168,304,-136,0.14,13,sell
9/04,2344,台新-虎尾,003900420032004e,228,19,209,0.21,14,buy
9/04,2344,美好-富順,003500320036004b,106,218,-112,0.11,14,sell
9/04,2344,元大-南屯,9853,259,54,205,0.2,15,buy
9/04,2344,元大-福營,0039003800310046,83,185,-102,0.1,15,sell
9/04,2889,台灣摩根士丹利,1470,3107,586,2521,12.21,1,buy
9/04,2889,凱基-竹科,9272,0,2801,-2801,13.56,1,sell
9/04,2889,摩根大通,8440,2316,696,1620,7.85,2,buy
9/04,2889,群益金鼎,9100,44,1719,-1675,8.11,2,sell
9/04,2889,美商高盛,1480,3242,1665,1577,7.64,3,buy
9/04,2889,台新-嘉義,0039004200320049,9,1392,-1383,6.7,3,sell
9/04,2889,凱基-台北,9268,2004,1046,958,4.64,4,buy
9/04,2889,富邦-新營,9693,2,713,-711,3.44,4,sell
9/04,2889,彰銀,1230,606,3,603,2.92,5,buy
9/04,2889,永豐金證券,0039004100300030,33,725,-692,3.35,5,sell
9/04,2889,凱基-宜蘭,003900320030004d,337,2,335,1.62,6,buy
9/04,2889,富邦-南京,0039003600310043,26,500,-474,2.3,6,sell
9/04,2889,合庫-自強,0031003000320043,324,4,320,1.55,7,buy
9/04,2889,聯邦-台南,8588,0,302,-302,1.46,7,sell
9/04,2889,美林,1440,252,0,252,1.22,8,buy
9/04,2889,台新-同大,0039004200320050,32,316,-284,1.38,8,sell
9/04,2889,富邦-宜蘭,9686,202,3,199,0.96,9,buy
9/04,2889,元大證券,9800,717,956,-239,1.16,9,sell
9/04,2889,花旗環球,1590,151,0,151,0.73,10,buy
9/04,2889,康和-內湖,0038003400350041,1,221,-220,1.07,10,sell
9/04,2889,凱基-信義,9216,130,1,129,0.62,11,buy
9/04,2889,新加坡商瑞銀,1650,756,956,-200,0.97,11,sell
9/04,2889,富邦-青埔,003900360031004e,107,1,106,0.51,12,buy
9/04,2889,康和-高雄,003800340035004a,0,195,-195,0.94,12,sell
9/04,2889,兆豐-松德,0037003000300069,102,0,102,0.49,13,buy
9/04,2889,凱基-高雄,9206,10,150,-140,0.68,13,sell
9/04,2889,港商野村,1560,87,0,87,0.42,14,buy
9/04,2889,福邦證券,6480,5,130,-125,0.61,14,sell
9/04,2889,台新-五權西,0039004200320035,85,0,85,0.41,15,buy
9/04,2889,元大-彰化,0039003800310047,34,159,-125,0.61,15,sell
9/04,3045,美林,1440,890,0,890,17.53,1,buy
9/04,3045,凱基,9200,0,507,-507,9.99,1,sell
9/04,3045,摩根大通,8440,1066,190,876,17.25,2,buy
9/04,3045,富邦證券,9600,22,500,-478,9.42,2,sell
9/04,3045,美商高盛,1480,760,448,312,6.15,3,buy
9/04,3045,台灣摩根士丹利,1470,77,411,-334,6.58,3,sell
9/04,3045,元大證券,9800,367,84,283,5.57,4,buy
9/04,3045,凱基-城中,9227,1,304,-303,5.97,4,sell
9/04,3045,中國信託,6160,193,2,191,3.76,5,buy
9/04,3045,新加坡商瑞銀,1650,176,476,-300,5.91,5,sell
9/04,3045,香港上海匯豐,8960,164,0,164,3.23,6,buy
9/04,3045,國泰證券,8880,81,210,-129,2.54,6,sell
9/04,3045,花旗環球,1590,149,8,141,2.78,7,buy
9/04,3045,兆豐-城中,0037003000300057,0,121,-121,2.38,7,sell
9/04,3045,永豐金證券,0039004100300030,139,24,115,2.27,8,buy
9/04,3045,福邦證券,6480,0,100,-100,1.97,8,sell
9/04,3045,凱基-台北,9268,244,147,97,1.91,9,buy
9/04,3045,群益金鼎,9100,1,94,-93,1.83,9,sell
9/04,3045,華南永昌,9300,59,0,59,1.16,10,buy
9/04,3045,統一-城中,5854,0,62,-62,1.22,10,sell
9/04,3045,港商野村,1560,41,3,38,0.75,11,buy
9/04,3045,光和-田中,6382,0,50,-50,0.98,11,sell
9/04,3045,台新-高雄,0039004200310067,50,12,38,0.75,12,buy
9/04,3045,國泰-板橋,003800380038004b,0,49,-49,0.97,12,sell
9/04,3045,元大-屏東,9892,35,0,35,0.69,13,buy
9/04,3045,台新-新興,003900420032006f,0,47,-47,0.93,13,sell
9/04,3045,凱基-竹科,9272,36,6,30,0.59,14,buy
9/04,3045,國泰-桃園,8885,1,45,-44,0.87,14,sell
9/04,3045,元大-信義安和,0039003800300052,8,0,8,0.16,15,buy
9/04,3045,華南永昌-麻豆,9308,0,41,-41,0.81,15,sell
9/04,2356,台灣摩根士丹利,1470,4087,164,3923,14.49,1,buy
9/04,2356,花旗環球,1590,145,4606,-4461,16.48,1,sell
9/04,2356,美商高盛,1480,3979,364,3615,13.35,2,buy
9/04,2356,國泰-敦南,8888,157,835,-678,2.5,2,sell
9/04,2356,摩根大通,8440,3881,336,3545,13.09,3,buy
9/04,2356,玉山-士林,0038003800340041,2,215,-213,0.79,3,sell
9/04,2356,新加坡商瑞銀,1650,2203,207,1996,7.37,4,buy
9/04,2356,新光,8560,63,236,-173,0.64,4,sell
9/04,2356,美林,1440,1498,8,1490,5.5,5,buy
9/04,2356,富邦-板橋,9655,23,163,-140,0.52,5,sell
9/04,2356,元大證券,9800,2383,1145,1238,4.57,6,buy
9/04,2356,新百王,6210,3,140,-137,0.51,6,sell
9/04,2356,凱基-台北,9268,1714,616,1098,4.06,7,buy
9/04,2356,華南永昌-彰化,9363,148,283,-135,0.5,7,sell
9/04,2356,港商野村,1560,621,9,612,2.26,8,buy
9/04,2356,康和-嘉義,8459,4,132,-128,0.47,8,sell
9/04,2356,港商麥格理,1360,454,0,454,1.68,9,buy
9/04,2356,凱基-高雄,9206,0,126,-126,0.47,9,sell
9/04,2356,法銀巴黎,8900,487,265,222,0.82,10,buy
9/04,2356,華南永昌-豐原,9366,5,130,-125,0.46,10,sell
9/04,2356,富邦證券,9600,207,10,197,0.73,11,buy
9/04,2356,玉山-桃園,0038003800340046,10,132,-122,0.45,11,sell
9/04,2356,永豐金證券,0039004100300030,228,149,79,0.29,12,buy
9/04,2356,元大-中壢,9834,21,138,-117,0.43,12,sell
9/04,2356,國票證券,7790,63,10,53,0.2,13,buy
9/04,2356,國泰-板橋,003800380038004b,35,150,-115,0.42,13,sell
9/04,2356,國票-桃園,0037003700390072,40,4,36,0.13,14,buy
9/04,2356,元大-學甲,003900380033004b,2,112,-110,0.41,14,sell
9/04,2356,統一,5850,62,29,33,0.12,15,buy
9/04,2356,元大-樹林,003900380039006a,20,130,-110,0.41,15,sell
9/04,2027,華南永昌,9300,4737,31,4706,27.13,1,buy
9/04,2027,美商高盛,1480,228,2471,-2243,12.93,1,sell
9/04,2027,國泰-敦南,8888,503,55,448,2.58,2,buy
9/04,2027,中國信託,6160,37,2117,-2080,11.99,2,sell
9/04,2027,港商野村,1560,514,209,305,1.76,3,buy
9/04,2027,新加坡商瑞銀,1650,267,1480,-1213,6.99,3,sell
9/04,2027,台新-台南,0039004200310036,260,5,255,1.47,4,buy
9/04,2027,台灣摩根士丹利,1470,716,1168,-452,2.61,4,sell
9/04,2027,第一金-中山,5389,200,0,200,1.15,5,buy
9/04,2027,摩根大通,8440,1409,1848,-439,2.53,5,sell
9/04,2027,港商麥格理,1360,128,0,128,0.74,6,buy
9/04,2027,凱基-台北,9268,988,1380,-392,2.26,6,sell
9/04,2027,永豐金-匯立,0039004100380031,126,0,126,0.73,7,buy
9/04,2027,群益金鼎,9100,63,218,-155,0.89,7,sell
9/04,2027,元大-台南,9896,234,122,112,0.65,8,buy
9/04,2027,元大證券,9800,286,437,-151,0.87,8,sell
9/04,2027,玉山-高雄,8843,112,2,110,0.63,9,buy
9/04,2027,華南永昌-小港,9323,60,204,-144,0.83,9,sell
9/04,2027,國票-博愛,003700370039007a,171,69,102,0.59,10,buy
9/04,2027,永豐金-板新,003900410039004a,10,113,-103,0.59,10,sell
9/04,2027,凱基-永華,9235,109,9,100,0.58,11,buy
9/04,2027,第一金-高雄,5383,21,114,-93,0.54,11,sell
9/04,2027,台灣企銀-岡山,1119,100,0,100,0.58,12,buy
9/04,2027,華南永昌-岡山,9324,131,224,-93,0.54,12,sell
9/04,2027,元大-金華,9878,86,13,73,0.42,13,buy
9/04,2027,富邦證券,9600,34,123,-89,0.51,13,sell
9/04,2027,元大-士林,003900380031006a,104,40,64,0.37,14,buy
9/04,2027,美林,1440,63,149,-86,0.5,14,sell
9/04,2027,法銀巴黎,8900,62,0,62,0.36,15,buy
9/04,2027,永豐金-中和,0039004100390042,0,80,-80,0.46,15,sell
9/04,2884,新加坡商瑞銀,1650,10386,2315,8071,13.15,1,buy
9/04,2884,美商高盛,1480,1628,11308,-9680,15.78,1,sell
9/04,2884,花旗環球,1590,7979,235,7744,12.62,2,buy
9/04,2884,港商野村,1560,17,2484,-2467,4.02,2,sell
9/04,2884,台灣摩根士丹利,1470,9483,4351,5132,8.36,3,buy
9/04,2884,凱基-台北,9268,2453,4479,-2026,3.3,3,sell
9/04,2884,華南永昌,9300,4927,22,4905,7.99,4,buy
9/04,2884,美林,1440,2054,3982,-1928,3.14,4,sell
9/04,2884,港商麥格理,1360,2281,998,1283,2.09,5,buy
9/04,2884,摩根大通,8440,2917,4465,-1548,2.52,5,sell
9/04,2884,元大證券,9800,4101,2960,1141,1.86,6,buy
9/04,2884,富邦-仁愛,9676,7,1044,-1037,1.69,6,sell
9/04,2884,大和國泰,8890,965,0,965,1.57,7,buy
9/04,2884,台新,0039004200300030,59,733,-674,1.1,7,sell
9/04,2884,香港上海匯豐,8960,694,157,537,0.88,8,buy
9/04,2884,群益金鼎-民權,9131,0,603,-603,0.98,8,sell
9/04,2884,法銀巴黎,8900,420,19,401,0.65,9,buy
9/04,2884,元大-中壢,9834,25,560,-535,0.87,9,sell
9/04,2884,陽信-台南,8714,300,0,300,0.49,10,buy
9/04,2884,玉山證券,8840,75,564,-489,0.8,10,sell
9/04,2884,合庫證券,1020,262,16,246,0.4,11,buy
9/04,2884,富隆證券,5110,0,450,-450,0.73,11,sell
9/04,2884,永豐金證券,0039004100300030,708,532,176,0.29,12,buy
9/04,2884,群益金鼎-永和,003900310038004a,4,445,-441,0.72,12,sell
9/04,2884,台新-潮州,0039004200320043,146,1,145,0.24,13,buy
9/04,2884,凱基-竹科,9272,68,423,-355,0.58,13,sell
9/04,2884,玉山-新竹,0038003800340048,219,84,135,0.22,14,buy
9/04,2884,宏遠證券,1260,28,327,-299,0.49,14,sell
9/04,2884,玉山-桃園,0038003800340046,222,96,126,0.21,15,buy
9/04,2884,兆豐-寶成,0037003000300072,14,306,-292,0.48,15,sell
9/04,1303,摩根大通,8440,2726,611,2115,3.14,1,buy
9/04,1303,台灣摩根士丹利,1470,2042,5208,-3166,4.7,1,sell
9/04,1303,港商麥格理,1360,1155,37,1118,1.66,2,buy
9/04,1303,美商高盛,1480,3120,5993,-2873,4.27,2,sell
9/04,1303,統一,5850,1795,797,998,1.48,3,buy
9/04,1303,香港上海匯豐,8960,6,1588,-1582,2.35,3,sell
9/04,1303,美林,1440,1165,324,841,1.25,4,buy
9/04,1303,新加坡商瑞銀,1650,1447,2605,-1158,1.72,4,sell
9/04,1303,富邦證券,9600,1018,278,740,1.1,5,buy
9/04,1303,群益金鼎-台北,0039003100380058,133,595,-462,0.69,5,sell
9/04,1303,元大證券,9800,5812,5331,481,0.71,6,buy
9/04,1303,統一-城中,5854,44,504,-460,0.68,6,sell
9/04,1303,國泰證券,8880,1060,678,382,0.57,7,buy
9/04,1303,港商野村,1560,417,774,-357,0.53,7,sell
9/04,1303,兆豐證券,7000,241,18,223,0.33,8,buy
9/04,1303,凱基-台北,9268,5790,6029,-239,0.36,8,sell
9/04,1303,凱基,9200,564,358,206,0.31,9,buy
9/04,1303,台新-台北,0039004200320030,145,362,-217,0.32,9,sell
9/04,1303,大和國泰,8890,225,42,183,0.27,10,buy
9/04,1303,第一金,5380,24,215,-191,0.28,10,sell
9/04,1303,國泰-敦南,8888,2134,2002,132,0.2,11,buy
9/04,1303,兆豐-北高雄,0037003000300049,62,177,-115,0.17,11,sell
9/04,1303,凱基-嘉義,9252,131,21,110,0.16,12,buy
9/04,1303,兆豐-台中,7003,32,140,-108,0.16,12,sell
9/04,1303,法銀巴黎,8900,111,1,110,0.16,13,buy
9/04,1303,凱基-台東,003900320030005a,21,108,-87,0.13,13,sell
9/04,1303,花旗環球,1590,212,105,107,0.16,14,buy
9/04,1303,玉山-大里,003800380034004a,49,129,-80,0.12,14,sell
9/04,1303,永豐金證券,0039004100300030,630,543,87,0.13,15,buy
9/04,1303,元大-彰化,0039003800310047,61,136,-75,0.11,15,sell
9/04,2449,兆豐-新竹,0037003000300056,214,1,213,1.34,1,buy
9/04,2449,台灣摩根士丹利,1470,559,1830,-1271,7.98,1,sell
9/04,2449,永豐金證券,0039004100300030,278,125,153,0.96,2,buy
9/04,2449,美商高盛,1480,174,1357,-1183,7.43,2,sell
9/04,2449,凱基-信義,9216,114,11,103,0.65,3,buy
9/04,2449,新加坡商瑞銀,1650,231,972,-741,4.65,3,sell
9/04,2449,(牛牛牛)亞-網路,6012,102,1,101,0.63,4,buy
9/04,2449,摩根大通,8440,152,866,-714,4.48,4,sell
9/04,2449,國泰-敦南,8888,417,325,92,0.58,5,buy
9/04,2449,美林,1440,283,773,-490,3.08,5,sell
9/04,2449,台新,0039004200300030,214,126,88,0.55,6,buy
9/04,2449,港商野村,1560,2,305,-303,1.9,6,sell
9/04,2449,合庫-西台中,0031003000320046,97,11,86,0.54,7,buy
9/04,2449,花旗環球,1590,49,276,-227,1.43,7,sell
9/04,2449,合庫-高雄,1023,84,8,76,0.48,8,buy
9/04,2449,富邦證券,9600,176,314,-138,0.87,8,sell
9/04,2449,法銀巴黎,8900,65,2,63,0.4,9,buy
9/04,2449,凱基-台北,9268,1230,1291,-61,0.38,9,sell
9/04,2449,新光,8560,144,87,57,0.36,10,buy
9/04,2449,台新-五權西,0039004200320035,4,56,-52,0.33,10,sell
9/04,2449,凱基-高雄,9206,80,23,57,0.36,11,buy
9/04,2449,元大-新竹經國,9859,12,60,-48,0.3,11,sell
9/04,2449,統一-三重,003500380035004a,69,13,56,0.35,12,buy
9/04,2449,台新-高雄,0039004200310067,95,142,-47,0.3,12,sell
9/04,2449,國泰-台南,8884,73,22,51,0.32,13,buy
9/04,2449,元大證券,9800,841,887,-46,0.29,13,sell
9/04,2449,富邦-新竹,9647,67,21,46,0.29,14,buy
9/04,2449,台新-新店,0039004200320032,9,55,-46,0.29,14,sell
9/04,2449,永豐金-板新,003900410039004a,65,19,46,0.29,15,buy
9/04,2449,台新-台中,0039004200310068,42,78,-36,0.23,15,sell
9/04,4958,華南永昌,9300,587,43,544,1.6,1,buy
9/04,4958,摩根大通,8440,1039,7387,-6348,18.71,1,sell
9/04,4958,凱基-台北,9268,2608,2195,413,1.22,2,buy
9/04,4958,元大證券,9800,2910,4059,-1149,3.39,2,sell
9/04,4958,群益金鼎,9100,719,387,332,0.98,3,buy
9/04,4958,新加坡商瑞銀,1650,893,1696,-803,2.37,3,sell
9/04,4958,美林,1440,413,92,321,0.95,4,buy
9/04,4958,康和,8450,30,357,-327,0.96,4,sell
9/04,4958,國泰-敦南,8888,1049,743,306,0.9,5,buy
9/04,4958,元大-鳳山,003900380033005a,30,317,-287,0.85,5,sell
9/04,4958,永豐金證券,0039004100300030,391,192,199,0.59,6,buy
9/04,4958,美商高盛,1480,1560,1843,-283,0.83,6,sell
9/04,4958,元大-信義安和,0039003800300052,171,46,125,0.37,7,buy
9/04,4958,凱基,9200,46,266,-220,0.65,7,sell
9/04,4958,法銀巴黎,8900,114,0,114,0.34,8,buy
9/04,4958,台灣摩根士丹利,1470,962,1086,-124,0.37,8,sell
9/04,4958,美好-富順,003500320036004b,111,2,109,0.32,9,buy
9/04,4958,中國信託,6160,116,205,-89,0.26,9,sell
9/04,4958,兆豐證券,7000,116,8,108,0.32,10,buy
9/04,4958,花旗環球,1590,165,245,-80,0.24,10,sell
9/04,4958,凱基-基隆,0039003200300048,112,6,106,0.31,11,buy
9/04,4958,港商麥格理,1360,0,50,-50,0.15,11,sell
9/04,4958,玉山證券,8840,136,44,92,0.27,12,buy
9/04,4958,香港上海匯豐,8960,13,61,-48,0.14,12,sell
9/04,4958,富邦-仁愛,9676,118,32,86,0.25,13,buy
9/04,4958,聯邦證券,8580,66,113,-47,0.14,13,sell
9/04,4958,元大-松江,9801,108,23,85,0.25,14,buy
9/04,4958,港商野村,1560,263,296,-33,0.1,14,sell
9/04,4958,國泰-台中,8882,224,140,84,0.25,15,buy
9/04,4958,永豐金-天母,0039004100390047,26,57,-31,0.09,15,sell
9/04,6919,凱基-台北,9268,645,363,282,3.25,1,buy
9/04,6919,摩根大通,8440,265,1758,-1493,17.22,1,sell
9/04,6919,統一,5850,164,7,157,1.81,2,buy
9/04,6919,元大-旗山,003900380031006e,5,435,-430,4.96,2,sell
9/04,6919,宏遠證券,1260,200,100,100,1.15,3,buy
9/04,6919,美商高盛,1480,223,634,-411,4.74,3,sell
9/04,6919,元大-北屯,0039003800390064,103,4,99,1.14,4,buy
9/04,6919,宏遠-光隆,0031003200360069,2,108,-106,1.22,4,sell
9/04,6919,元大證券,9800,406,336,70,0.81,5,buy
9/04,6919,台灣摩根士丹利,1470,199,304,-105,1.21,5,sell
9/04,6919,國泰-敦南,8888,238,174,64,0.74,6,buy
9/04,6919,美林,1440,54,158,-104,1.2,6,sell
9/04,6919,新加坡商瑞銀,1650,82,23,59,0.68,7,buy
9/04,6919,華南永昌,9300,24,126,-102,1.18,7,sell
9/04,6919,元大-雙和,9874,59,7,52,0.6,8,buy
9/04,6919,永豐金-中壢,0039004100390039,3,74,-71,0.82,8,sell
9/04,6919,凱基-桃園,9208,64,14,50,0.58,9,buy
9/04,6919,永豐金-匯立,0039004100380031,0,70,-70,0.81,9,sell
9/04,6919,花旗環球,1590,57,13,44,0.51,10,buy
9/04,6919,合庫證券,1020,34,103,-69,0.8,10,sell
9/04,6919,台新,0039004200300030,97,54,43,0.5,11,buy
9/04,6919,群益金鼎-三民,9188,2,70,-68,0.78,11,sell
9/04,6919,新光,8560,95,53,42,0.48,12,buy
9/04,6919,統一-仁愛,0035003800350063,0,30,-30,0.35,12,sell
9/04,6919,富邦-嘉義,9692,41,0,41,0.47,13,buy
9/04,6919,中國信託-忠孝,6162,1,31,-30,0.35,13,sell
9/04,6919,華南永昌-桃園,9352,40,1,39,0.45,14,buy
9/04,6919,國泰-台南,8884,28,51,-23,0.27,14,sell
9/04,6919,元大-高雄,003900380031006d,39,2,37,0.43,15,buy
9/04,6919,台新-新莊,0039004200310039,5,26,-21,0.24,15,sell
9/04,1409,凱基-台北,9268,993,765,228,2.12,1,buy
9/04,1409,美商高盛,1480,291,797,-506,4.71,1,sell
9/04,1409,富邦-港都,0039003600320051,198,5,193,1.8,2,buy
9/04,1409,美林,1440,40,486,-446,4.15,2,sell
9/04,1409,台新,0039004200300030,179,27,152,1.42,3,buy
9/04,1409,摩根大通,8440,195,640,-445,4.15,3,sell
9/04,1409,富邦-陽明,9604,155,13,142,1.32,4,buy
9/04,1409,統一-南京,0035003800350055,0,350,-350,3.26,4,sell
9/04,1409,華南永昌-彰化,9363,112,3,109,1.02,5,buy
9/04,1409,永豐金-復興,003900410039005a,0,285,-285,2.65,5,sell
9/04,1409,致和-高雄,7036,101,1,100,0.93,6,buy
9/04,1409,群益金鼎-東湖,003900310038004b,4,183,-179,1.67,6,sell
9/04,1409,台新-大昌,0039004200320044,102,6,96,0.89,7,buy
9/04,1409,台灣摩根士丹利,1470,598,721,-123,1.15,7,sell
9/04,1409,第一金-高雄,5383,91,0,91,0.85,8,buy
9/04,1409,台新-左楠,0039004200310064,4,104,-100,0.93,8,sell
9/04,1409,國票-台南,0037003700390044,102,19,83,0.77,9,buy
9/04,1409,元大-六合,0039003800320043,5,100,-95,0.88,9,sell
9/04,1409,中國信託-高雄,003600310036004b,105,27,78,0.73,10,buy
9/04,1409,台新-新莊,0039004200310039,1,86,-85,0.79,10,sell
9/04,1409,法銀巴黎,8900,108,42,66,0.61,11,buy
9/04,1409,兆豐-鹿港,0037003000300066,7,80,-73,0.68,11,sell
9/04,1409,元大-景美,0039003800340048,64,0,64,0.6,12,buy
9/04,1409,玉山-台南,8847,13,82,-69,0.64,12,sell
9/04,1409,中國信託,6160,62,3,59,0.55,13,buy
9/04,1409,富邦-花蓮,9621,14,75,-61,0.57,13,sell
9/04,1409,中國信託-三重,6161,62,4,58,0.54,14,buy
9/04,1409,凱基,9200,0,60,-60,0.56,14,sell
9/04,1409,凱基-豐中,9223,57,3,54,0.5,15,buy
9/04,1409,凱基-台南,9211,12,67,-55,0.51,15,sell
9/04,3702,元大證券,9800,559,181,378,7.03,1,buy
9/04,3702,美商高盛,1480,101,434,-333,6.19,1,sell
9/04,3702,法銀巴黎,8900,355,0,355,6.6,2,buy
9/04,3702,康和-屏東,0038003400350058,0,121,-121,2.25,2,sell
9/04,3702,元大-大統,003900380031007a,309,1,308,5.73,3,buy
9/04,3702,台新-佳里,0039004200320077,0,120,-120,2.23,3,sell
9/04,3702,國票-敦北法人,0037003700390063,249,0,249,4.63,4,buy
9/04,3702,兆豐-復興,0037003000300070,1,119,-118,2.19,4,sell
9/04,3702,美林,1440,234,13,221,4.11,5,buy
9/04,3702,凱基-城中,9227,0,115,-115,2.14,5,sell
9/04,3702,台新-松江,0039004200310035,201,0,201,3.74,6,buy
9/04,3702,台新,0039004200300030,26,136,-110,2.05,6,sell
9/04,3702,永豐金證券,0039004100300030,190,36,154,2.86,7,buy
9/04,3702,永豐金-板新,003900410039004a,2,107,-105,1.95,7,sell
9/04,3702,元大-成功,003900380039004c,161,7,154,2.86,8,buy
9/04,3702,凱基-台北,9268,247,341,-94,1.75,8,sell
9/04,3702,摩根大通,8440,678,565,113,2.1,9,buy
9/04,3702,大和國泰,8890,0,67,-67,1.25,9,sell
9/04,3702,花旗環球,1590,71,0,71,1.32,10,buy
9/04,3702,兆豐證券,7000,0,66,-66,1.23,10,sell
9/04,3702,台新-林園,0039004200320037,50,1,49,0.91,11,buy
9/04,3702,凱基,9200,8,68,-60,1.12,11,sell
9/04,3702,元大-北投,0039003800390041,42,0,42,0.78,12,buy
9/04,3702,國票-嘉義,0037003700390048,50,100,-50,0.93,12,sell
9/04,3702,永豐金-松山,0039004100390031,42,0,42,0.78,13,buy
9/04,3702,富邦-建國,9658,3,51,-48,0.89,13,sell
9/04,3702,統一,5850,46,18,28,0.52,14,buy
9/04,3702,凱基-鳳山,9274,0,46,-46,0.86,14,sell
9/04,3702,群益金鼎-敦南,9101,21,0,21,0.39,15,buy
9/04,3702,富邦-港都,0039003600320051,0,45,-45,0.84,15,sell
9/04,2332,凱基-台北,9268,1763,989,774,3.84,1,buy
9/04,2332,美商高盛,1480,922,1524,-602,2.99,1,sell
9/04,2332,群益金鼎-高雄,9183,752,5,747,3.71,2,buy
9/04,2332,中國信託-松江,6167,1800,2100,-300,1.49,2,sell
9/04,2332,凱基-鳳山,9274,351,18,333,1.65,3,buy
9/04,2332,凱基-和平,9255,2300,2531,-231,1.15,3,sell
9/04,2332,美林,1440,525,240,285,1.41,4,buy
9/04,2332,兆豐-高雄,003700300030005a,0,127,-127,0.63,4,sell
9/04,2332,元大證券,9800,1054,917,137,0.68,5,buy
9/04,2332,新光-新竹,8563,2,126,-124,0.62,5,sell
9/04,2332,凱基-站前,0039003200300046,142,10,132,0.66,6,buy
9/04,2332,新加坡商瑞銀,1650,323,439,-116,0.58,6,sell
9/04,2332,摩根大通,8440,192,68,124,0.62,7,buy
9/04,2332,富邦-宜蘭,9686,0,96,-96,0.48,7,sell
9/04,2332,新光,8560,165,59,106,0.53,8,buy
9/04,2332,國票-安和,003700370039005a,2,87,-85,0.42,8,sell
9/04,2332,群益金鼎-古亭,0039003100380043,97,6,91,0.45,9,buy
9/04,2332,新光-台中,8561,7,88,-81,0.4,9,sell
9/04,2332,元大-羅東,0039003800320041,95,17,78,0.39,10,buy
9/04,2332,群益金鼎-屏東,0039003100330048,4,84,-80,0.4,10,sell
9/04,2332,統一-台中,5856,70,2,68,0.34,11,buy
9/04,2332,元大-草屯,0039003800390045,6,74,-68,0.34,11,sell
9/04,2332,統一-土城,0035003800350059,62,6,56,0.28,12,buy
9/04,2332,群益金鼎,9100,127,192,-65,0.32,12,sell
9/04,2332,富邦-永和,9654,95,40,55,0.27,13,buy
9/04,2332,兆豐-台中港,7005,62,122,-60,0.3,13,sell
9/04,2332,國票-南科,0037003700390065,51,0,51,0.25,14,buy
9/04,2332,華南永昌,9300,6,60,-54,0.27,14,sell
9/04,2332,華南永昌-三重,9369,55,5,50,0.25,15,buy
9/04,2332,中國信託-忠孝,6162,1,53,-52,0.26,15,sell
9/04,6147,統一-南京,0035003800350055,1180,6,1174,1.85,1,buy
9/04,6147,台灣摩根士丹利,1470,626,6521,-5895,9.31,1,sell
9/04,6147,華南永昌-南京,9326,999,309,690,1.09,2,buy
9/04,6147,元大證券,9800,5413,7749,-2336,3.69,2,sell
9/04,6147,群益金鼎,9100,1435,853,582,0.92,3,buy
9/04,6147,摩根大通,8440,1350,3620,-2270,3.59,3,sell
9/04,6147,凱基,9200,823,279,544,0.86,4,buy
9/04,6147,美商高盛,1480,3285,5207,-1922,3.04,4,sell
9/04,6147,國泰-敦南,8888,2018,1511,507,0.8,5,buy
9/04,6147,新加坡商瑞銀,1650,351,1787,-1436,2.27,5,sell
9/04,6147,玉山-高雄,8843,500,87,413,0.65,6,buy
9/04,6147,凱基-台北,9268,3636,4869,-1233,1.95,6,sell
9/04,6147,宏遠證券,1260,336,25,311,0.49,7,buy
9/04,6147,美林,1440,223,1127,-904,1.43,7,sell
9/04,6147,國泰-忠孝,8887,280,72,208,0.33,8,buy
9/04,6147,港商野村,1560,2,531,-529,0.84,8,sell
9/04,6147,兆豐-三民,0037003000300068,194,2,192,0.3,9,buy
9/04,6147,富邦-嘉義,9692,208,666,-458,0.72,9,sell
9/04,6147,新光,8560,472,288,184,0.29,10,buy
9/04,6147,台新,0039004200300030,522,953,-431,0.68,10,sell
9/04,6147,群益金鼎-士林,9137,215,41,174,0.27,11,buy
9/04,6147,國泰證券,8880,284,444,-160,0.25,11,sell
9/04,6147,華南永昌,9300,359,191,168,0.27,12,buy
9/04,6147,永豐金證券,0039004100300030,465,596,-131,0.21,12,sell
9/04,6147,花旗環球,1590,171,7,164,0.26,13,buy
9/04,6147,台新-建北,0039004200310038,60,187,-127,0.2,13,sell
9/04,6147,第一金-新竹,0035003300380042,168,10,158,0.25,14,buy
9/04,6147,國票-天祥,0037003700390056,124,209,-85,0.13,14,sell
9/04,6147,國票-長城,0037003700390075,167,9,158,0.25,15,buy
9/04,6147,法銀巴黎,8900,2,72,-70,0.11,15,sell
9/04,5483,凱基-台北,9268,1527,610,917,8.39,1,buy
9/04,5483,國泰-敦南,8888,197,380,-183,1.67,1,sell
9/04,5483,元大證券,9800,1731,840,891,8.15,2,buy
9/04,5483,群益金鼎-東湖,003900310038004b,0,156,-156,1.43,2,sell
9/04,5483,台灣摩根士丹利,1470,870,103,767,7.02,3,buy
9/04,5483,花旗環球,1590,65,188,-123,1.13,3,sell
9/04,5483,美林,1440,519,15,504,4.61,4,buy
9/04,5483,富邦-台南,9667,15,101,-86,0.79,4,sell
9/04,5483,美商高盛,1480,812,359,453,4.15,5,buy
9/04,5483,國票-敦北法人,0037003700390063,1,82,-81,0.74,5,sell
9/04,5483,新加坡商瑞銀,1650,536,135,401,3.67,6,buy
9/04,5483,中國信託,6160,13,92,-79,0.72,6,sell
9/04,5483,兆豐-三民,0037003000300068,211,6,205,1.88,7,buy
9/04,5483,土銀-新竹,1035,0,74,-74,0.68,7,sell
9/04,5483,國票-九鼎,0037003700390050,64,5,59,0.54,8,buy
9/04,5483,玉山-城中,0038003800340045,20,93,-73,0.67,8,sell
9/04,5483,聯邦-雙和,8584,32,1,31,0.28,9,buy
9/04,5483,玉山證券,8840,12,82,-70,0.64,9,sell
9/04,5483,群益金鼎,9100,294,265,29,0.27,10,buy
9/04,5483,群益金鼎-大甲,0039003100380067,0,61,-61,0.56,10,sell
9/04,5483,康和-板橋,0038003400350044,20,3,17,0.16,11,buy
9/04,5483,兆豐-大同,0037003000300053,1,61,-60,0.55,11,sell
9/04,5483,元大-內湖民權,9867,21,5,16,0.15,12,buy
9/04,5483,合庫-新竹,0031003000320041,1,55,-54,0.49,12,sell
9/04,5483,國票-內壢,7798,25,9,16,0.15,13,buy
9/04,5483,富邦-竹科,0039003600320043,8,58,-50,0.46,13,sell
9/04,5483,國票證券,7790,20,4,16,0.15,14,buy
9/04,5483,港商野村,1560,152,201,-49,0.45,14,sell
9/04,5483,統一,5850,34,18,16,0.15,15,buy
9/04,5483,華南永昌-林口,9317,2,48,-46,0.42,15,sell
9/04,2481,國泰-敦南,8888,2054,1584,470,0.65,1,buy
9/04,2481,台灣摩根士丹利,1470,2485,7202,-4717,6.57,1,sell
9/04,2481,華南永昌,9300,450,70,380,0.53,2,buy
9/04,2481,美商高盛,1480,3587,7339,-3752,5.23,2,sell
9/04,2481,群益金鼎,9100,1037,756,281,0.39,3,buy
9/04,2481,新加坡商瑞銀,1650,1237,3398,-2161,3.01,3,sell
9/04,2481,凱基-松山,9217,306,115,191,0.27,4,buy
9/04,2481,摩根大通,8440,1133,2464,-1331,1.85,4,sell
9/04,2481,統一-城中,5854,217,32,185,0.26,5,buy
9/04,2481,凱基-台北,9268,4550,5459,-909,1.27,5,sell
9/04,2481,中國信託,6160,416,235,181,0.25,6,buy
9/04,2481,台新,0039004200300030,483,1353,-870,1.21,6,sell
9/04,2481,元大證券,9800,6086,5920,166,0.23,7,buy
9/04,2481,美林,1440,293,814,-521,0.73,7,sell
9/04,2481,元大-上新莊,0039003800330047,169,38,131,0.18,8,buy
9/04,2481,港商野村,1560,712,1033,-321,0.45,8,sell
9/04,2481,國泰-館前,0038003800380041,271,153,118,0.16,9,buy
9/04,2481,第一金-自由,0035003300380045,40,237,-197,0.27,9,sell
9/04,2481,玉山證券,8840,207,88,119,0.17,10,buy
9/04,2481,台新-建北,0039004200310038,66,231,-165,0.23,10,sell
9/04,2481,富邦-竹東,9625,163,45,118,0.16,11,buy
9/04,2481,國票證券,7790,66,210,-144,0.2,11,sell
9/04,2481,凱基,9200,122,9,113,0.16,12,buy
9/04,2481,花旗環球,1590,2,118,-116,0.16,12,sell
9/04,2481,統一,5850,366,254,112,0.16,13,buy
9/04,2481,群益金鼎-土城,003900310033004e,26,122,-96,0.13,13,sell
9/04,2481,凱基-信義,9216,113,5,108,0.15,14,buy
9/04,2481,台新-松德,0039004200320061,43,138,-95,0.13,14,sell
9/04,2481,富邦-陽明,9604,189,81,108,0.15,15,buy
9/04,2481,國票-敦北法人,0037003700390063,41,133,-92,0.13,15,sell
9/04,1101,彰銀,1230,516,0,516,2.73,1,buy
9/04,1101,台灣摩根士丹利,1470,1189,2687,-1498,7.93,1,sell
9/04,1101,富邦-南港,0039003600320041,503,1,502,2.66,2,buy
9/04,1101,摩根大通,8440,1204,2382,-1178,6.23,2,sell
9/04,1101,元大-永康,9829,359,0,359,1.9,3,buy
9/04,1101,新加坡商瑞銀,1650,132,1193,-1061,5.61,3,sell
9/04,1101,富邦-新竹,9647,307,4,303,1.6,4,buy
9/04,1101,統一,5850,23,861,-838,4.43,4,sell
9/04,1101,華南永昌,9300,286,2,284,1.5,5,buy
9/04,1101,永豐金-板新,003900410039004a,24,540,-516,2.73,5,sell
9/04,1101,國泰-敦南,8888,359,79,280,1.48,6,buy
9/04,1101,華南永昌-民權,9312,7,503,-496,2.62,6,sell
9/04,1101,國票-內壢,7798,242,0,242,1.28,7,buy
9/04,1101,法銀巴黎,8900,32,469,-437,2.31,7,sell
9/04,1101,富邦-竹科,0039003600320043,257,20,237,1.25,8,buy
9/04,1101,元大證券,9800,525,955,-430,2.28,8,sell
9/04,1101,國票-嘉義,0037003700390048,200,2,198,1.05,9,buy
9/04,1101,港商野村,1560,0,427,-427,2.26,9,sell
9/04,1101,元大-板橋,0039003800390043,177,12,165,0.87,10,buy
9/04,1101,群益金鼎,9100,33,418,-385,2.04,10,sell
9/04,1101,華南永昌-南京,9326,152,1,151,0.8,11,buy
9/04,1101,兆豐-新竹,0037003000300056,15,352,-337,1.78,11,sell
9/04,1101,富邦-南京,0039003600310043,151,4,147,0.78,12,buy
9/04,1101,美商高盛,1480,1658,1959,-301,1.59,12,sell
9/04,1101,富邦-陽明,9604,127,3,124,0.66,13,buy
9/04,1101,玉山-士林,0038003800340041,0,200,-200,1.06,13,sell
9/04,1101,康和-屏東,0038003400350058,122,0,122,0.65,14,buy
9/04,1101,合庫-西台中,0031003000320046,11,200,-189,1.0,14,sell
9/04,1101,新光,8560,477,360,117,0.62,15,buy
9/04,1101,元大-發財,0039003800310045,6,108,-102,0.54,15,sell
9/04,6005,摩根大通,8440,561,41,520,12.3,1,buy
9/04,6005,美商高盛,1480,209,1130,-921,21.79,1,sell
9/04,6005,台灣摩根士丹利,1470,594,169,425,10.05,2,buy
9/04,6005,凱基-站前,0039003200300046,1,187,-186,4.4,2,sell
9/04,6005,凱基-台北,9268,576,154,422,9.98,3,buy
9/04,6005,元大-太平,0039003800310051,2,112,-110,2.6,3,sell
9/04,6005,兆豐-寶成,0037003000300072,201,50,151,3.57,4,buy
9/04,6005,元大-士林,003900380031006a,0,106,-106,2.51,4,sell
9/04,6005,凱基,9200,100,0,100,2.37,5,buy
9/04,6005,永豐金-市政,0039004100390057,0,70,-70,1.66,5,sell
9/04,6005,元大證券,9800,144,52,92,2.18,6,buy
9/04,6005,群益金鼎,9100,18,83,-65,1.54,6,sell
9/04,6005,群益金鼎-台中,9184,43,2,41,0.97,7,buy
9/04,6005,富邦-中壢,9636,2,63,-61,1.44,7,sell
9/04,6005,花旗環球,1590,59,26,33,0.78,8,buy
9/04,6005,新加坡商瑞銀,1650,47,102,-55,1.3,8,sell
9/04,6005,華南永昌-岡山,9324,31,0,31,0.73,9,buy
9/04,6005,永豐金-大園,0039004100390038,2,50,-48,1.14,9,sell
9/04,6005,兆豐-復興,0037003000300070,30,0,30,0.71,10,buy
9/04,6005,新光,8560,10,58,-48,1.14,10,sell
9/04,6005,統一-敦南,5852,30,0,30,0.71,11,buy
9/04,6005,台新-桃園,0039004200320076,0,31,-31,0.73,11,sell
9/04,6005,台新,0039004200300030,48,22,26,0.62,12,buy
9/04,6005,國泰-忠孝,8887,0,25,-25,0.59,12,sell
9/04,6005,富邦證券,9600,32,7,25,0.59,13,buy
9/04,6005,統一,5850,8,33,-25,0.59,13,sell
9/04,6005,康和-板橋,0038003400350044,25,1,24,0.57,14,buy
9/04,6005,新光-桃園,8565,0,25,-25,0.59,14,sell
9/04,6005,統一-平鎮,0035003800350067,22,0,22,0.52,15,buy
9/04,6005,富邦-仁愛,9676,0,23,-23,0.54,15,sell
9/04,3036,台灣摩根士丹利,1470,1208,301,907,12.24,1,buy
9/04,3036,美林,1440,89,919,-830,11.2,1,sell
9/04,3036,凱基-士林,9238,235,4,231,3.12,2,buy
9/04,3036,美商高盛,1480,258,1051,-793,10.7,2,sell
9/04,3036,凱基-台北,9268,607,492,115,1.55,3,buy
9/04,3036,元大證券,9800,287,1057,-770,10.39,3,sell
9/04,3036,香港上海匯豐,8960,105,0,105,1.42,4,buy
9/04,3036,摩根大通,8440,68,735,-667,9.0,4,sell
9/04,3036,富邦-竹北,9624,101,1,100,1.35,5,buy
9/04,3036,新加坡商瑞銀,1650,293,483,-190,2.56,5,sell
9/04,3036,國泰-敦南,8888,130,42,88,1.19,6,buy
9/04,3036,富邦證券,9600,82,202,-120,1.62,6,sell
9/04,3036,凱基-雙和,0039003200300043,82,1,81,1.09,7,buy
9/04,3036,國票-敦北法人,0037003700390063,1,81,-80,1.08,7,sell
9/04,3036,國票-長城,0037003700390075,58,0,58,0.78,8,buy
9/04,3036,永豐金證券,0039004100300030,39,88,-49,0.66,8,sell
9/04,3036,兆豐-竹北,7007,52,1,51,0.69,9,buy
9/04,3036,花旗環球,1590,264,312,-48,0.65,9,sell
9/04,3036,(牛牛牛)亞-鑫豐,0036003000310064,51,5,46,0.62,10,buy
9/04,3036,群益金鼎,9100,27,73,-46,0.62,10,sell
9/04,3036,元大-博愛,0039003800320042,50,4,46,0.62,11,buy
9/04,3036,台中銀-豐原,0036003100310041,3,27,-24,0.32,11,sell
9/04,3036,台新-高雄,0039004200310067,42,1,41,0.55,12,buy
9/04,3036,元大-員林,9889,1,23,-22,0.3,12,sell
9/04,3036,元大-文心興安,9854,43,2,41,0.55,13,buy
9/04,3036,兆豐-桃園,003700300030004d,1,20,-19,0.26,13,sell
9/04,3036,永豐金-鳳山,0039004100360031,42,1,41,0.55,14,buy
9/04,3036,台灣企銀,1110,2,20,-18,0.24,14,sell
9/04,3036,新光,8560,56,20,36,0.49,15,buy
9/04,3036,宏遠-台南,0031003200360044,0,16,-16,0.22,15,sell
9/04,6239,群益金鼎-新竹,9186,347,4,343,3.6,1,buy
9/04,6239,台灣摩根士丹利,1470,114,875,-761,7.98,1,sell
9/04,6239,凱基,9200,255,73,182,1.91,2,buy
9/04,6239,元大證券,9800,541,1210,-669,7.01,2,sell
9/04,6239,華南永昌,9300,192,19,173,1.81,3,buy
9/04,6239,統一,5850,37,577,-540,5.66,3,sell
9/04,6239,凱基-台北,9268,416,256,160,1.68,4,buy
9/04,6239,摩根大通,8440,108,417,-309,3.24,4,sell
9/04,6239,新加坡商瑞銀,1650,662,507,155,1.62,5,buy
9/04,6239,國泰證券,8880,11,177,-166,1.74,5,sell
9/04,6239,兆豐-三民,0037003000300068,112,1,111,1.16,6,buy
9/04,6239,港商野村,1560,99,255,-156,1.64,6,sell
9/04,6239,花旗環球,1590,70,17,53,0.56,7,buy
9/04,6239,群益金鼎-永和,003900310038004a,8,143,-135,1.41,7,sell
9/04,6239,元大-北三重,0039003800390056,50,5,45,0.47,8,buy
9/04,6239,中國信託,6160,15,148,-133,1.39,8,sell
9/04,6239,華南永昌-台中,9302,71,29,42,0.44,9,buy
9/04,6239,美商高盛,1480,851,970,-119,1.25,9,sell
9/04,6239,永豐金-北高雄,0039004100390072,39,2,37,0.39,10,buy
9/04,6239,凱基-竹科,9272,7,125,-118,1.24,10,sell
9/04,6239,永豐金-大園,0039004100390038,34,0,34,0.36,11,buy
9/04,6239,臺銀-金山,0031003000340044,13,101,-88,0.92,11,sell
9/04,6239,國泰-敦南,8888,156,122,34,0.36,12,buy
9/04,6239,玉山-高雄,8843,21,79,-58,0.61,12,sell
9/04,6239,國泰-板橋,003800380038004b,57,24,33,0.35,13,buy
9/04,6239,群益金鼎,9100,81,128,-47,0.49,13,sell
9/04,6239,國票-長城,0037003700390075,31,0,31,0.32,14,buy
9/04,6239,富邦-二林,0039003600320042,22,50,-28,0.29,14,sell
9/04,6239,致和-崇德,0037003000330042,30,0,30,0.31,15,buy
9/04,6239,宏遠-桃園,1262,5,27,-22,0.23,15,sell
9/04,2645,凱基-台北,9268,119,24,95,10.5,1,buy
9/04,2645,美商高盛,1480,37,170,-133,14.7,1,sell
9/04,2645,凱基,9200,65,0,65,7.18,2,buy
9/04,2645,新加坡商瑞銀,1650,3,78,-75,8.29,2,sell
9/04,2645,美林,1440,28,9,19,2.1,3,buy
9/04,2645,台灣摩根士丹利,1470,31,59,-28,3.09,3,sell
9/04,2645,華南永昌-朴子,9329,20,1,19,2.1,4,buy
9/04,2645,永豐金-彰化,0039004100390073,3,20,-17,1.88,4,sell
9/04,2645,統一-宜蘭,0035003800350053,15,0,15,1.66,5,buy
9/04,2645,摩根大通,8440,51,67,-16,1.77,5,sell
9/04,2645,元大-北屯,0039003800390064,15,0,15,1.66,6,buy
9/04,2645,元大-雙和,9874,6,20,-14,1.55,6,sell
9/04,2645,富邦-敦南,9663,14,1,13,1.44,7,buy
9/04,2645,國泰-敦南,8888,10,23,-13,1.44,7,sell
9/04,2645,合庫證券,1020,12,0,12,1.33,8,buy
9/04,2645,臺銀-臺中,0031003000340041,4,16,-12,1.33,8,sell
9/04,2645,台灣企銀,1110,10,0,10,1.1,9,buy
9/04,2645,永豐金-台中,003900410039004c,1,12,-11,1.22,9,sell
9/04,2645,德信,6910,10,0,10,1.1,10,buy
9/04,2645,永豐金-高雄,0039004100390065,0,10,-10,1.1,10,sell
9/04,2645,華南永昌-彰化,9363,8,0,8,0.88,11,buy
9/04,2645,元大證券,9800,32,41,-9,0.99,11,sell
9/04,2645,凱基-站前,0039003200300046,7,0,7,0.77,12,buy
9/04,2645,群益金鼎-鳳山,0039003100380063,2,11,-9,0.99,12,sell
9/04,2645,富邦-新板,0039003600310048,6,0,6,0.66,13,buy
9/04,2645,玉山-新莊,8842,0,8,-8,0.88,13,sell
9/04,2645,台新-信義,0039004200320048,6,0,6,0.66,14,buy
9/04,2645,玉山-桃園,0038003800340046,0,7,-7,0.77,14,sell
9/04,2645,統一-新竹,5857,5,0,5,0.55,15,buy
9/04,2645,玉山證券,8840,3,10,-7,0.77,15,sell
9/04,2890,華南永昌,9300,2666,3,2663,13.92,1,buy
9/04,2890,新加坡商瑞銀,1650,272,4601,-4329,22.62,1,sell
9/04,2890,永豐金證券,0039004100300030,1325,123,1202,6.28,2,buy
9/04,2890,摩根大通,8440,1993,2616,-623,3.26,2,sell
9/04,2890,美林,1440,1093,166,927,4.84,3,buy
9/04,2890,群益金鼎-古亭,0039003100380043,4,600,-596,3.11,3,sell
9/04,2890,花旗環球,1590,914,170,744,3.89,4,buy
9/04,2890,香港上海匯豐,8960,5,319,-314,1.64,4,sell
9/04,2890,港商麥格理,1360,601,0,601,3.14,5,buy
9/04,2890,港商野村,1560,22,156,-134,0.7,5,sell
9/04,2890,美商高盛,1480,1588,997,591,3.09,6,buy
9/04,2890,(牛牛牛)亞-鑫豐,0036003000310064,19,124,-105,0.55,6,sell
9/04,2890,富邦證券,9600,384,10,374,1.95,7,buy
9/04,2890,第一金-忠孝,0035003300380044,0,102,-102,0.53,7,sell
9/04,2890,法銀巴黎,8900,217,0,217,1.13,8,buy
9/04,2890,永豐金-天母,0039004100390047,10,100,-90,0.47,8,sell
9/04,2890,永豐金-台南,0039004100390068,117,16,101,0.53,9,buy
9/04,2890,元大-龍潭,9858,3,90,-87,0.45,9,sell
9/04,2890,元大-三民,0039003800390046,100,0,100,0.52,10,buy
9/04,2890,台灣摩根士丹利,1470,2788,2860,-72,0.38,10,sell
9/04,2890,致和-崇德,0037003000330042,100,2,98,0.51,11,buy
9/04,2890,統一,5850,7,78,-71,0.37,11,sell
9/04,2890,元大-文心興安,9854,58,1,57,0.3,12,buy
9/04,2890,永豐金-亞灣,0039004100390061,3,69,-66,0.34,12,sell
9/04,2890,永豐金-萬盛,0039004100390032,52,9,43,0.22,13,buy
9/04,2890,台灣企銀-岡山,1119,0,58,-58,0.3,13,sell
9/04,2890,永豐金-松山,0039004100390031,43,3,40,0.21,14,buy
9/04,2890,玉山-嘉義,8848,3,60,-57,0.3,14,sell
9/04,2890,土銀-玉里,1036,35,1,34,0.18,15,buy
9/04,2890,元大-天母,0039003800310049,2,56,-54,0.28,15,sell
9/04,5880,美商高盛,1480,5413,873,4540,21.21,1,buy
9/04,5880,華南永昌-古亭,9309,2,2513,-2511,11.73,1,sell
9/04,5880,台灣摩根士丹利,1470,4314,1012,3302,15.42,2,buy
9/04,5880,新加坡商瑞銀,1650,948,2573,-1625,7.59,2,sell
9/04,5880,凱基-台北,9268,2202,650,1552,7.25,3,buy
9/04,5880,群益金鼎-新莊,0039003100380047,2,1404,-1402,6.55,3,sell
9/04,5880,花旗環球,1590,686,53,633,2.96,4,buy
9/04,5880,富邦證券,9600,122,1057,-935,4.37,4,sell
9/04,5880,元大證券,9800,753,264,489,2.28,5,buy
9/04,5880,港商野村,1560,0,762,-762,3.56,5,sell
9/04,5880,美林,1440,612,198,414,1.93,6,buy
9/04,5880,富邦-岡山,9616,0,410,-410,1.91,6,sell
9/04,5880,法銀巴黎,8900,298,0,298,1.39,7,buy
9/04,5880,華南永昌-岡山,9324,1,300,-299,1.4,7,sell
9/04,5880,凱基-市政,9239,262,6,256,1.2,8,buy
9/04,5880,土銀,1030,1,247,-246,1.15,8,sell
9/04,5880,玉山-城中,0038003800340045,175,6,169,0.79,9,buy
9/04,5880,合庫-台中,1021,19,243,-224,1.05,9,sell
9/04,5880,土銀-花蓮,1037,120,5,115,0.54,10,buy
9/04,5880,元大-大益,9814,0,160,-160,0.75,10,sell
9/04,5880,中國信託-嘉義,6168,106,1,105,0.49,11,buy
9/04,5880,台中銀-豐原,0036003100310041,0,150,-150,0.7,11,sell
9/04,5880,美好-基隆,5267,100,1,99,0.46,12,buy
9/04,5880,國泰-敦南,8888,71,198,-127,0.59,12,sell
9/04,5880,元大-文心興安,9854,100,2,98,0.46,13,buy
9/04,5880,康和-仁愛,0038003400350046,0,122,-122,0.57,13,sell
9/04,5880,凱基-基隆,0039003200300048,80,5,75,0.35,14,buy
9/04,5880,統一-中壢,5853,1,120,-119,0.56,14,sell
9/04,5880,永豐金-高雄,0039004100390065,70,0,70,0.33,15,buy
9/04,5880,凱基-松山,9217,0,109,-109,0.51,15,sell
9/04,2880,美林,1440,2318,116,2202,17.35,1,buy
9/04,2880,新加坡商瑞銀,1650,265,1922,-1657,13.05,1,sell
9/04,2880,台灣摩根士丹利,1470,2345,264,2081,16.39,2,buy
9/04,2880,土銀,1030,1,680,-679,5.35,2,sell
9/04,2880,台新-台北,0039004200320030,1000,0,1000,7.88,3,buy
9/04,2880,元大證券,9800,413,988,-575,4.53,3,sell
9/04,2880,摩根大通,8440,1074,250,824,6.49,4,buy
9/04,2880,中國信託,6160,0,400,-400,3.15,4,sell
9/04,2880,花旗環球,1590,571,105,466,3.67,5,buy
9/04,2880,群益金鼎-古亭,0039003100380043,0,306,-306,2.41,5,sell
9/04,2880,美商高盛,1480,1711,1368,343,2.7,6,buy
9/04,2880,台灣企銀,1110,0,190,-190,1.5,6,sell
9/04,2880,法銀巴黎,8900,172,18,154,1.21,7,buy
9/04,2880,國泰-敦南,8888,28,150,-122,0.96,7,sell
9/04,2880,富邦證券,9600,141,7,134,1.06,8,buy
9/04,2880,華南永昌-中正,9359,11,109,-98,0.77,8,sell
9/04,2880,凱基-台北,9268,1143,1046,97,0.76,9,buy
9/04,2880,永豐金-匯立,0039004100380031,0,85,-85,0.67,9,sell
9/04,2880,華南永昌-彰化,9363,82,11,71,0.56,10,buy
9/04,2880,玉山-高雄,8843,2,76,-74,0.58,10,sell
9/04,2880,永豐金證券,0039004100300030,88,30,58,0.46,11,buy
9/04,2880,統一-高雄,5851,0,71,-71,0.56,11,sell
9/04,2880,國票證券,7790,68,15,53,0.42,12,buy
9/04,2880,永豐金-大園,0039004100390038,0,68,-68,0.54,12,sell
9/04,2880,凱基-埔墘,9288,34,4,30,0.24,13,buy
9/04,2880,華南永昌-楠梓,9332,5,69,-64,0.5,13,sell
9/04,2880,富邦-高雄,9659,23,2,21,0.17,14,buy
9/04,2880,元大-新莊,9898,0,62,-62,0.49,14,sell
9/04,2880,統一-台南,5855,20,0,20,0.16,15,buy
9/04,2880,統一,5850,0,62,-62,0.49,15,sell
9/04,2542,兆豐證券,7000,2567,2,2565,36.96,1,buy
9/04,2542,台灣摩根士丹利,1470,46,1371,-1325,19.09,1,sell
9/04,2542,群益金鼎,9100,497,25,472,6.8,2,buy
9/04,2542,美商高盛,1480,332,1262,-930,13.4,2,sell
9/04,2542,中國信託,6160,300,4,296,4.27,3,buy
9/04,2542,兆豐-大同,0037003000300053,0,300,-300,4.32,3,sell
9/04,2542,元大-和平,9863,240,0,240,3.46,4,buy
9/04,2542,康和-仁愛,0038003400350046,0,300,-300,4.32,4,sell
9/04,2542,元大證券,9800,147,61,86,1.24,5,buy
9/04,2542,新加坡商瑞銀,1650,185,474,-289,4.16,5,sell
9/04,2542,統一-士林,003500380035004d,59,0,59,0.85,6,buy
9/04,2542,摩根大通,8440,287,486,-199,2.87,6,sell
9/04,2542,元大-鳳中,0039003800350043,32,0,32,0.46,7,buy
9/04,2542,永豐金-中正,0039004100390055,2,168,-166,2.39,7,sell
9/04,2542,土銀-和平,1038,32,0,32,0.46,8,buy
9/04,2542,統一-永和,0035003800350042,0,120,-120,1.73,8,sell
9/04,2542,富邦-宜蘭,9686,30,0,30,0.43,9,buy
9/04,2542,群益金鼎-新店,0039003100380046,1,114,-113,1.63,9,sell
9/04,2542,國泰-板橋,003800380038004b,31,2,29,0.42,10,buy
9/04,2542,凱基-台北,9268,241,349,-108,1.56,10,sell
9/04,2542,兆豐-忠孝,0037003000300061,30,2,28,0.4,11,buy
9/04,2542,永豐金-忠孝,0039004100390044,0,68,-68,0.98,11,sell
9/04,2542,國票-安和,003700370039005a,27,0,27,0.39,12,buy
9/04,2542,美林,1440,7,69,-62,0.89,12,sell
9/04,2542,臺銀-臺中,0031003000340041,27,3,24,0.35,13,buy
9/04,2542,中國信託-松江,6167,0,57,-57,0.82,13,sell
9/04,2542,國泰-敦南,8888,50,28,22,0.32,14,buy
9/04,2542,港商野村,1560,0,55,-55,0.79,14,sell
9/04,2542,元大-楊梅,0039003800370041,22,1,21,0.3,15,buy
9/04,2542,永豐金證券,0039004100300030,43,92,-49,0.71,15,sell
9/04,4938,台灣摩根士丹利,1470,2506,198,2308,12.38,1,buy
9/04,4938,港商野村,1560,314,1750,-1436,7.7,1,sell
9/04,4938,新加坡商瑞銀,1650,1980,197,1783,9.56,2,buy
9/04,4938,元大-土城永寧,9875,0,320,-320,1.72,2,sell
9/04,4938,美商高盛,1480,1684,191,1493,8.01,3,buy
9/04,4938,合庫-新竹,0031003000320041,35,301,-266,1.43,3,sell
9/04,4938,香港上海匯豐,8960,1330,0,1330,7.13,4,buy
9/04,4938,華南永昌-敦南,9347,3,204,-201,1.08,4,sell
9/04,4938,花旗環球,1590,1114,36,1078,5.78,5,buy
9/04,4938,國泰-敦南,8888,128,307,-179,0.96,5,sell
9/04,4938,摩根大通,8440,1044,125,919,4.93,6,buy
9/04,4938,富邦-板橋,9655,12,190,-178,0.95,6,sell
9/04,4938,美林,1440,677,6,671,3.6,7,buy
9/04,4938,富邦-陽明,9604,9,161,-152,0.82,7,sell
9/04,4938,凱基-台北,9268,1716,1049,667,3.58,8,buy
9/04,4938,新光,8560,114,262,-148,0.79,8,sell
9/04,4938,元大證券,9800,1411,895,516,2.77,9,buy
9/04,4938,大昌-安康,6462,0,144,-144,0.77,9,sell
9/04,4938,富邦-南屯,9666,201,10,191,1.02,10,buy
9/04,4938,永豐金證券,0039004100300030,81,224,-143,0.77,10,sell
9/04,4938,元大-和平,9863,122,12,110,0.59,11,buy
9/04,4938,第一金-路竹,0035003300380050,2,144,-142,0.76,11,sell
9/04,4938,凱基,9200,115,6,109,0.58,12,buy
9/04,4938,宏遠-桃園,1262,21,157,-136,0.73,12,sell
9/04,4938,國票證券,7790,120,20,100,0.54,13,buy
9/04,4938,新光-台中,8561,6,126,-120,0.64,13,sell
9/04,4938,華南永昌-三重,9369,100,9,91,0.49,14,buy
9/04,4938,華南永昌-豐原,9366,0,120,-120,0.64,14,sell
9/04,4938,國票-桃園,0037003700390072,57,7,50,0.27,15,buy
9/04,4938,富邦-高雄,9659,1,116,-115,0.62,15,sell
9/04,3231,摩根大通,8440,7623,1281,6342,7.65,1,buy
9/04,3231,凱基-士林,9238,233,1719,-1486,1.79,1,sell
9/04,3231,元大證券,9800,9944,6828,3116,3.76,2,buy
9/04,3231,凱基,9200,545,1810,-1265,1.53,2,sell
9/04,3231,美商高盛,1480,6258,3182,3076,3.71,3,buy
9/04,3231,富邦-南京,0039003600310043,49,851,-802,0.97,3,sell
9/04,3231,花旗環球,1590,3328,307,3021,3.64,4,buy
9/04,3231,國泰-敦南,8888,1254,2008,-754,0.91,4,sell
9/04,3231,兆豐證券,7000,2056,152,1904,2.3,5,buy
9/04,3231,國泰證券,8880,46,603,-557,0.67,5,sell
9/04,3231,新加坡商瑞銀,1650,2455,780,1675,2.02,6,buy
9/04,3231,富邦-建國,9658,88,545,-457,0.55,6,sell
9/04,3231,美林,1440,2255,631,1624,1.96,7,buy
9/04,3231,兆豐-復興,0037003000300070,2,412,-410,0.49,7,sell
9/04,3231,台灣摩根士丹利,1470,4313,2845,1468,1.77,8,buy
9/04,3231,凱基-新豐,9266,11,358,-347,0.42,8,sell
9/04,3231,凱基-台北,9268,5419,3985,1434,1.73,9,buy
9/04,3231,富邦-台北,9623,301,622,-321,0.39,9,sell
9/04,3231,港商麥格理,1360,1508,184,1324,1.6,10,buy
9/04,3231,玉山-新莊,8842,185,478,-293,0.35,10,sell
9/04,3231,富邦證券,9600,3099,2153,946,1.14,11,buy
9/04,3231,台新,0039004200300030,215,497,-282,0.34,11,sell
9/04,3231,康和,8450,1223,317,906,1.09,12,buy
9/04,3231,凱基-竹科,9272,26,294,-268,0.32,12,sell
9/04,3231,港商野村,1560,1202,522,680,0.82,13,buy
9/04,3231,香港上海匯豐,8960,0,239,-239,0.29,13,sell
9/04,3231,玉山證券,8840,831,208,623,0.75,14,buy
9/04,3231,永豐金證券,0039004100300030,278,495,-217,0.26,14,sell
9/04,3231,新光,8560,1000,610,390,0.47,15,buy
9/04,3231,合庫-新竹,0031003000320041,10,216,-206,0.25,15,sell
9/04,2301,美商高盛,1480,2961,536,2425,8.81,1,buy
9/04,2301,摩根大通,8440,1063,2555,-1492,5.42,1,sell
9/04,2301,台灣摩根士丹利,1470,2292,599,1693,6.15,2,buy
9/04,2301,國泰-新莊,8886,47,538,-491,1.78,2,sell
9/04,2301,元大證券,9800,2998,1641,1357,4.93,3,buy
9/04,2301,統一,5850,79,552,-473,1.72,3,sell
9/04,2301,美林,1440,1152,291,861,3.13,4,buy
9/04,2301,花旗環球,1590,142,601,-459,1.67,4,sell
9/04,2301,凱基-台北,9268,2322,1681,641,2.33,5,buy
9/04,2301,群益金鼎,9100,483,933,-450,1.63,5,sell
9/04,2301,凱基,9200,432,1,431,1.57,6,buy
9/04,2301,富邦證券,9600,48,393,-345,1.25,6,sell
9/04,2301,新加坡商瑞銀,1650,639,243,396,1.44,7,buy
9/04,2301,台新,0039004200300030,124,431,-307,1.12,7,sell
9/04,2301,富邦-南京,0039003600310043,213,15,198,0.72,8,buy
9/04,2301,群益金鼎-台北,0039003100380058,102,352,-250,0.91,8,sell
9/04,2301,法銀巴黎,8900,174,0,174,0.63,9,buy
9/04,2301,統一-城中,5854,9,178,-169,0.61,9,sell
9/04,2301,香港上海匯豐,8960,61,0,61,0.22,10,buy
9/04,2301,國泰-板橋,003800380038004b,70,229,-159,0.58,10,sell
9/04,2301,台新-台北,0039004200320030,60,0,60,0.22,11,buy
9/04,2301,富邦-木柵,003900360031004d,7,124,-117,0.43,11,sell
9/04,2301,台中銀,6110,70,17,53,0.19,12,buy
9/04,2301,港商野村,1560,235,342,-107,0.39,12,sell
9/04,2301,兆豐-高雄,003700300030005a,65,14,51,0.19,13,buy
9/04,2301,國票-南港,7795,2,99,-97,0.35,13,sell
9/04,2301,元大-北投,0039003800390041,77,33,44,0.16,14,buy
9/04,2301,新光,8560,115,211,-96,0.35,14,sell
9/04,2301,元大-仁愛,003900380033006a,42,5,37,0.13,15,buy
9/04,2301,國泰-敦南,8888,746,830,-84,0.31,15,sell
9/04,2855,台新-林園,0039004200320037,240,0,240,5.57,1,buy
9/04,2855,兆豐-寶成,0037003000300072,0,200,-200,4.64,1,sell
9/04,2855,中國信託,6160,205,4,201,4.66,2,buy
9/04,2855,凱基-台北,9268,678,854,-176,4.08,2,sell
9/04,2855,兆豐證券,7000,211,10,201,4.66,3,buy
9/04,2855,美林,1440,12,150,-138,3.2,3,sell
9/04,2855,富邦證券,9600,177,2,175,4.06,4,buy
9/04,2855,摩根大通,8440,66,184,-118,2.74,4,sell
9/04,2855,元大證券,9800,249,89,160,3.71,5,buy
9/04,2855,富邦-二林,0039003600320042,3,103,-100,2.32,5,sell
9/04,2855,兆豐-民生,0037003000300063,106,5,101,2.34,6,buy
9/04,2855,新加坡商瑞銀,1650,106,199,-93,2.16,6,sell
9/04,2855,永豐金證券,0039004100300030,121,42,79,1.83,7,buy
9/04,2855,統一,5850,0,90,-90,2.09,7,sell
9/04,2855,元大-善化,0039003800310079,76,4,72,1.67,8,buy
9/04,2855,永豐金-板新,003900410039004a,0,80,-80,1.86,8,sell
9/04,2855,大展,5050,70,0,70,1.62,9,buy
9/04,2855,元大-中壢,9834,2,75,-73,1.69,9,sell
9/04,2855,華南永昌-大安,9307,65,1,64,1.48,10,buy
9/04,2855,港商麥格理,1360,0,72,-72,1.67,10,sell
9/04,2855,永豐金-台南,0039004100390068,40,0,40,0.93,11,buy
9/04,2855,台新-城中,0039004200320045,3,75,-72,1.67,11,sell
9/04,2855,富邦-板橋,9655,40,0,40,0.93,12,buy
9/04,2855,合庫-台中,1021,0,61,-61,1.42,12,sell
9/04,2855,統一-士林,003500380035004d,33,0,33,0.77,13,buy
9/04,2855,兆豐-來福,0037003000300043,0,50,-50,1.16,13,sell
9/04,2855,元大-內湖,003900380039004e,32,0,32,0.74,14,buy
9/04,2855,富邦-永和,9654,18,61,-43,1.0,14,sell
9/04,2855,美商高盛,1480,240,208,32,0.74,15,buy
9/04,2855,華南永昌-竹北,9339,0,40,-40,0.93,15,sell
9/04,4979,凱基-站前,0039003200300046,1954,249,1705,8.96,1,buy
9/04,4979,富邦證券,9600,140,501,-361,1.9,1,sell
9/04,4979,美商高盛,1480,883,346,537,2.82,2,buy
9/04,4979,兆豐-大同,0037003000300053,8,208,-200,1.05,2,sell
9/04,4979,美林,1440,526,94,432,2.27,3,buy
9/04,4979,群益金鼎-台北,0039003100380058,3,143,-140,0.74,3,sell
9/04,4979,元大證券,9800,1566,1283,283,1.49,4,buy
9/04,4979,台灣摩根士丹利,1470,279,415,-136,0.71,4,sell
9/04,4979,摩根大通,8440,265,59,206,1.08,5,buy
9/04,4979,永豐金證券,0039004100300030,211,338,-127,0.67,5,sell
9/04,4979,新加坡商瑞銀,1650,336,142,194,1.02,6,buy
9/04,4979,國泰-敦南,8888,362,472,-110,0.58,6,sell
9/04,4979,群益金鼎,9100,301,124,177,0.93,7,buy
9/04,4979,群益金鼎-館前,0039003100330059,18,105,-87,0.46,7,sell
9/04,4979,台新,0039004200300030,282,114,168,0.88,8,buy
9/04,4979,統一-新竹,5857,2,67,-65,0.34,8,sell
9/04,4979,永豐金-敦北,0039004100380039,321,163,158,0.83,9,buy
9/04,4979,永豐金-員林,0039004100390043,8,68,-60,0.32,9,sell
9/04,4979,統一,5850,453,327,126,0.66,10,buy
9/04,4979,兆豐-忠孝,0037003000300061,67,126,-59,0.31,10,sell
9/04,4979,統一-敦南,5852,155,38,117,0.61,11,buy
9/04,4979,華南永昌-南京,9326,19,77,-58,0.3,11,sell
9/04,4979,兆豐證券,7000,101,28,73,0.38,12,buy
9/04,4979,凱基-高雄,9206,20,71,-51,0.27,12,sell
9/04,4979,凱基-台北,9268,999,928,71,0.37,13,buy
9/04,4979,永豐金-內湖,0039004100390067,30,81,-51,0.27,13,sell
9/04,4979,華南永昌,9300,232,171,61,0.32,14,buy
9/04,4979,玉山-板橋,8846,6,56,-50,0.26,14,sell
9/04,4979,中國信託,6160,202,142,60,0.32,15,buy
9/04,4979,群益金鼎-東大,9135,13,57,-44,0.23,15,sell
9/04,3105,凱基-台北,9268,1959,1604,355,1.46,1,buy
9/04,3105,摩根大通,8440,387,2753,-2366,9.76,1,sell
9/04,3105,華南永昌,9300,395,104,291,1.2,2,buy
9/04,3105,大和國泰,8890,0,471,-471,1.94,2,sell
9/04,3105,國票-安和,003700370039005a,316,42,274,1.13,3,buy
9/04,3105,美商高盛,1480,727,1168,-441,1.82,3,sell
9/04,3105,康和,8450,262,18,244,1.01,4,buy
9/04,3105,台灣摩根士丹利,1470,960,1349,-389,1.6,4,sell
9/04,3105,美林,1440,260,144,116,0.48,5,buy
9/04,3105,新加坡商瑞銀,1650,146,417,-271,1.12,5,sell
9/04,3105,富邦-新店,9661,123,18,105,0.43,6,buy
9/04,3105,港商野村,1560,116,362,-246,1.01,6,sell
9/04,3105,法銀巴黎,8900,99,0,99,0.41,7,buy
9/04,3105,台新,0039004200300030,249,468,-219,0.9,7,sell
9/04,3105,元大-員林中山,9835,80,5,75,0.31,8,buy
9/04,3105,凱基,9200,20,190,-170,0.7,8,sell
9/04,3105,永豐金證券,0039004100300030,381,326,55,0.23,9,buy
9/04,3105,華南永昌-古亭,9309,7,67,-60,0.25,9,sell
9/04,3105,元大-羅東,0039003800320041,65,15,50,0.21,10,buy
9/04,3105,土銀,1030,21,62,-41,0.17,10,sell
9/04,3105,統一-城中,5854,52,11,41,0.17,11,buy
9/04,3105,元大證券,9800,1559,1595,-36,0.15,11,sell
9/04,3105,元大-華山,0039003800310055,50,10,40,0.17,12,buy
9/04,3105,台新-松江,0039004200310035,25,56,-31,0.13,12,sell
9/04,3105,中國信託-文心,6164,62,24,38,0.16,13,buy
9/04,3105,永豐金-內湖,0039004100390067,11,31,-20,0.08,13,sell
9/04,3105,國泰-敦南,8888,882,846,36,0.15,14,buy
9/04,3105,美好,5260,7,26,-19,0.08,14,sell
9/04,3105,玉山-台中,0038003800340042,57,21,36,0.15,15,buy
9/04,3105,永豐金-松山,0039004100390031,29,47,-18,0.07,15,sell
9/04,2313,台灣摩根士丹利,1470,7594,4090,3504,6.75,1,buy
9/04,2313,摩根大通,8440,853,1477,-624,1.2,1,sell
9/04,2313,美商高盛,1480,3241,2121,1120,2.16,2,buy
9/04,2313,國泰-敦南,8888,1473,1772,-299,0.58,2,sell
9/04,2313,花旗環球,1590,1068,90,978,1.88,3,buy
9/04,2313,新加坡商瑞銀,1650,788,1038,-250,0.48,3,sell
9/04,2313,凱基-台北,9268,3870,3365,505,0.97,4,buy
9/04,2313,合庫-自強,0031003000320043,25,181,-156,0.3,4,sell
9/04,2313,合庫-西台中,0031003000320046,372,36,336,0.65,5,buy
9/04,2313,永豐金-中正,0039004100390055,136,275,-139,0.27,5,sell
9/04,2313,永豐金證券,0039004100300030,496,315,181,0.35,6,buy
9/04,2313,永豐金-大園,0039004100390038,87,218,-131,0.25,6,sell
9/04,2313,凱基-站前,0039003200300046,311,134,177,0.34,7,buy
9/04,2313,群益金鼎-大安,0039003100380065,118,233,-115,0.22,7,sell
9/04,2313,中國信託,6160,251,123,128,0.25,8,buy
9/04,2313,國票-安和,003700370039005a,29,138,-109,0.21,8,sell
9/04,2313,台新-松德,0039004200320061,200,79,121,0.23,9,buy
9/04,2313,第一金-中山,5389,4,105,-101,0.19,9,sell
9/04,2313,美林,1440,444,333,111,0.21,10,buy
9/04,2313,永豐金-新竹,0039004100390037,28,128,-100,0.19,10,sell
9/04,2313,永豐金-敦南,0039004100380046,147,51,96,0.18,11,buy
9/04,2313,新光-台中,8561,150,231,-81,0.16,11,sell
9/04,2313,元大-北投,0039003800390041,114,25,89,0.17,12,buy
9/04,2313,華南永昌,9300,242,315,-73,0.14,12,sell
9/04,2313,國泰證券,8880,251,170,81,0.16,13,buy
9/04,2313,玉山-信義,0038003800340043,55,123,-68,0.13,13,sell
9/04,2313,台新-建北,0039004200310038,127,51,76,0.15,14,buy
9/04,2313,富邦-竹北,9624,129,195,-66,0.13,14,sell
9/04,2313,元大-信義安和,0039003800300052,80,15,65,0.13,15,buy
9/04,2313,群益金鼎,9100,604,666,-62,0.12,15,sell
9/04,3374,凱基-台北,9268,718,19,699,14.04,1,buy
9/04,3374,群益金鼎,9100,22,256,-234,4.7,1,sell
9/04,3374,台灣摩根士丹利,1470,571,45,526,10.57,2,buy
9/04,3374,康和,8450,7,169,-162,3.25,2,sell
9/04,3374,摩根大通,8440,306,12,294,5.91,3,buy
9/04,3374,國泰-敦南,8888,26,144,-118,2.37,3,sell
9/04,3374,永豐金證券,0039004100300030,314,55,259,5.2,4,buy
9/04,3374,元大證券,9800,29,122,-93,1.87,4,sell
9/04,3374,富邦-嘉義,9692,121,16,105,2.11,5,buy
9/04,3374,國票-敦北法人,0037003700390063,0,82,-82,1.65,5,sell
9/04,3374,美商高盛,1480,131,50,81,1.63,6,buy
9/04,3374,台新-九如,0039004200320031,0,62,-62,1.25,6,sell
9/04,3374,凱基,9200,64,6,58,1.17,7,buy
9/04,3374,統一-南京,0035003800350055,32,93,-61,1.23,7,sell
9/04,3374,統一,5850,100,43,57,1.15,8,buy
9/04,3374,群益金鼎-士林,9137,0,56,-56,1.13,8,sell
9/04,3374,凱基-信義,9216,54,0,54,1.08,9,buy
9/04,3374,富邦-敦南,9663,0,50,-50,1.0,9,sell
9/04,3374,台新-西松,003900420032006e,50,0,50,1.0,10,buy
9/04,3374,元大-中崙,9813,0,50,-50,1.0,10,sell
9/04,3374,富邦-新營,9693,70,22,48,0.96,11,buy
9/04,3374,國泰證券,8880,14,60,-46,0.92,11,sell
9/04,3374,國票-天祥,0037003700390056,40,1,39,0.78,12,buy
9/04,3374,國票-安和,003700370039005a,14,55,-41,0.82,12,sell
9/04,3374,華南永昌,9300,54,17,37,0.74,13,buy
9/04,3374,富邦-建國,9658,3,38,-35,0.7,13,sell
9/04,3374,永豐金-信義,0039004100390052,30,0,30,0.6,14,buy
9/04,3374,(牛牛牛)亞-鑫豐,0036003000310064,0,32,-32,0.64,14,sell
9/04,3374,群益金鼎-南京,0039003100380045,44,14,30,0.6,15,buy
9/04,3374,富邦-台北,9623,2,33,-31,0.62,15,sell
9/04,2845,台灣摩根士丹利,1470,2281,244,2037,12.93,1,buy
9/04,2845,摩根大通,8440,311,4254,-3943,25.03,1,sell
9/04,2845,中國信託,6160,1444,20,1424,9.04,2,buy
9/04,2845,新加坡商瑞銀,1650,508,1387,-879,5.58,2,sell
9/04,2845,國泰證券,8880,1149,0,1149,7.3,3,buy
9/04,2845,凱基-台北,9268,883,1423,-540,3.43,3,sell
9/04,2845,美商高盛,1480,1207,307,900,5.71,4,buy
9/04,2845,元大-林森,0039003800330042,3,300,-297,1.89,4,sell
9/04,2845,花旗環球,1590,850,0,850,5.4,5,buy
9/04,2845,凱基-南崁,9256,0,258,-258,1.64,5,sell
9/04,2845,元大-員林,9889,700,5,695,4.41,6,buy
9/04,2845,港商野村,1560,0,239,-239,1.52,6,sell
9/04,2845,華南永昌-竹北,9339,340,26,314,1.99,7,buy
9/04,2845,元大-高雄,003900380031006d,10,158,-148,0.94,7,sell
9/04,2845,富邦-羅東,9634,300,1,299,1.9,8,buy
9/04,2845,元大-博愛,0039003800320042,8,153,-145,0.92,8,sell
9/04,2845,美林,1440,427,219,208,1.32,9,buy
9/04,2845,美好-富順,003500320036004b,0,114,-114,0.72,9,sell
9/04,2845,台新-新營,0039004200310031,151,13,138,0.88,10,buy
9/04,2845,新光,8560,58,171,-113,0.72,10,sell
9/04,2845,凱基-永康,9278,132,2,130,0.83,11,buy
9/04,2845,元大-桃園,0039003800380042,0,112,-112,0.71,11,sell
9/04,2845,元大-大統,003900380031007a,102,5,97,0.62,12,buy
9/04,2845,凱基-站前,0039003200300046,0,102,-102,0.65,12,sell
9/04,2845,法銀巴黎,8900,123,34,89,0.57,13,buy
9/04,2845,凱基-東港,9212,0,101,-101,0.64,13,sell
9/04,2845,群益金鼎-竹南,0039003100380069,99,10,89,0.57,14,buy
9/04,2845,統一-台南,5855,0,90,-90,0.57,14,sell
9/04,2845,兆豐-竹北,7007,88,0,88,0.56,15,buy
9/04,2845,玉山-桃園,0038003800340046,21,100,-79,0.5,15,sell
9/04,2633,永豐金證券,0039004100300030,1100,100,1000,26.96,1,buy
9/04,2633,美商高盛,1480,222,905,-683,18.41,1,sell
9/04,2633,國泰證券,8880,456,0,456,12.29,2,buy
9/04,2633,新加坡商瑞銀,1650,6,405,-399,10.76,2,sell
9/04,2633,美林,1440,313,0,313,8.44,3,buy
9/04,2633,永豐金-匯立,0039004100380031,0,366,-366,9.87,3,sell
9/04,2633,永興,5600,100,0,100,2.7,4,buy
9/04,2633,摩根大通,8440,189,515,-326,8.79,4,sell
9/04,2633,富邦-陽明,9604,54,1,53,1.43,5,buy
9/04,2633,凱基-台北,9268,200,297,-97,2.62,5,sell
9/04,2633,群益金鼎-南京,0039003100380045,45,0,45,1.21,6,buy
9/04,2633,永豐金-亞灣,0039004100390061,0,90,-90,2.43,6,sell
9/04,2633,元大證券,9800,53,20,33,0.89,7,buy
9/04,2633,台灣摩根士丹利,1470,273,359,-86,2.32,7,sell
9/04,2633,亞東-新竹,2184,21,0,21,0.57,8,buy
9/04,2633,法銀巴黎,8900,8,63,-55,1.48,8,sell
9/04,2633,國泰-桃園,8885,21,1,20,0.54,9,buy
9/04,2633,永豐金-松山,0039004100390031,0,50,-50,1.35,9,sell
9/04,2633,台灣企銀-桃園,0031003100310045,20,0,20,0.54,10,buy
9/04,2633,永豐金-高雄,0039004100390065,1,39,-38,1.02,10,sell
9/04,2633,第一金-員林,5381,20,0,20,0.54,11,buy
9/04,2633,臺銀-高雄,0031003000340043,6,35,-29,0.78,11,sell
9/04,2633,富邦證券,9600,20,0,20,0.54,12,buy
9/04,2633,港商麥格理,1360,0,26,-26,0.7,12,sell
9/04,2633,台新-城東,0039004200320072,15,0,15,0.4,13,buy
9/04,2633,統一,5850,0,16,-16,0.43,13,sell
9/04,2633,花旗環球,1590,86,73,13,0.35,14,buy
9/04,2633,永豐金-三重,003900410039004b,0,16,-16,0.43,14,sell
9/04,2633,台新-同大,0039004200320050,12,0,12,0.32,15,buy
9/04,2633,富邦-板橋,9655,0,15,-15,0.4,15,sell
9/04,3532,凱基-台北,9268,808,383,425,6.22,1,buy
9/04,3532,摩根大通,8440,8,189,-181,2.65,1,sell
9/04,3532,美林,1440,244,58,186,2.72,2,buy
9/04,3532,群益金鼎-潭子,0039003100330044,2,156,-154,2.25,2,sell
9/04,3532,新加坡商瑞銀,1650,176,40,136,1.99,3,buy
9/04,3532,元大-大同,0039003800390047,3,132,-129,1.89,3,sell
9/04,3532,富邦證券,9600,133,7,126,1.84,4,buy
9/04,3532,台新,0039004200300030,23,46,-23,0.34,4,sell
9/04,3532,宏遠證券,1260,111,7,104,1.52,5,buy
9/04,3532,元大證券,9800,438,461,-23,0.34,5,sell
9/04,3532,永豐金-竹科,0039004100390058,103,2,101,1.48,6,buy
9/04,3532,富邦-陽明,9604,6,28,-22,0.32,6,sell
9/04,3532,凱基,9200,50,4,46,0.67,7,buy
9/04,3532,元大-六合,0039003800320043,6,27,-21,0.31,7,sell
9/04,3532,台灣摩根士丹利,1470,167,125,42,0.61,8,buy
9/04,3532,永全證券,6450,0,21,-21,0.31,8,sell
9/04,3532,永豐金證券,0039004100300030,59,28,31,0.45,9,buy
9/04,3532,國泰-敦南,8888,232,253,-21,0.31,9,sell
9/04,3532,華南永昌-板橋,9349,50,21,29,0.42,10,buy
9/04,3532,聯邦-雙和,8584,1,21,-20,0.29,10,sell
9/04,3532,富邦-台北,9623,51,26,25,0.37,11,buy
9/04,3532,新光,8560,40,60,-20,0.29,11,sell
9/04,3532,凱基-信義,9216,24,2,22,0.32,12,buy
9/04,3532,美商高盛,1480,365,385,-20,0.29,12,sell
9/04,3532,元大-松山,0039003800310070,37,16,21,0.31,13,buy
9/04,3532,元大-淡水,9899,6,24,-18,0.26,13,sell
9/04,3532,凱基-城中,9227,24,5,19,0.28,14,buy
9/04,3532,元大-蘆洲中正,0039003800390049,8,23,-15,0.22,14,sell
9/04,3532,大昌-樹林,6461,48,34,14,0.2,15,buy
9/04,3532,統一-高雄,5851,2,17,-15,0.22,15,sell
9/04,2368,凱基-台北,9268,907,587,320,3.35,1,buy
9/04,2368,花旗環球,1590,24,720,-696,7.29,1,sell
9/04,2368,元大-北投,0039003800390041,125,4,121,1.27,2,buy
9/04,2368,美商高盛,1480,620,1091,-471,4.93,2,sell
9/04,2368,凱基,9200,189,69,120,1.26,3,buy
9/04,2368,台灣摩根士丹利,1470,381,713,-332,3.48,3,sell
9/04,2368,法銀巴黎,8900,111,0,111,1.16,4,buy
9/04,2368,美林,1440,185,500,-315,3.3,4,sell
9/04,2368,兆豐證券,7000,82,2,80,0.84,5,buy
9/04,2368,中國信託,6160,31,277,-246,2.58,5,sell
9/04,2368,國泰-敦南,8888,230,152,78,0.82,6,buy
9/04,2368,國泰證券,8880,49,224,-175,1.83,6,sell
9/04,2368,永豐金證券,0039004100300030,169,109,60,0.63,7,buy
9/04,2368,國票-敦北法人,0037003700390063,11,161,-150,1.57,7,sell
9/04,2368,台新-高雄,0039004200310067,63,11,52,0.54,8,buy
9/04,2368,富邦證券,9600,154,282,-128,1.34,8,sell
9/04,2368,玉山-台南,8847,35,2,33,0.35,9,buy
9/04,2368,群益金鼎-台北,0039003100380058,0,101,-101,1.06,9,sell
9/04,2368,國泰-桃園,8885,46,16,30,0.31,10,buy
9/04,2368,台新,0039004200300030,71,122,-51,0.53,10,sell
9/04,2368,群益金鼎,9100,76,47,29,0.3,11,buy
9/04,2368,元大-彰化,0039003800310047,4,50,-46,0.48,11,sell
9/04,2368,台新-新店,0039004200320032,29,0,29,0.3,12,buy
9/04,2368,元大證券,9800,908,953,-45,0.47,12,sell
9/04,2368,新光,8560,61,35,26,0.27,13,buy
9/04,2368,華南永昌-中正,9359,3,40,-37,0.39,13,sell
9/04,2368,元大-信義,003900380039006d,28,2,26,0.27,14,buy
9/04,2368,新加坡商瑞銀,1650,265,297,-32,0.34,14,sell
9/04,2368,富邦-嘉義,9692,26,3,23,0.24,15,buy
9/04,2368,華南永昌,9300,29,57,-28,0.29,15,sell
9/04,2337,富邦證券,9600,811,17,794,2.67,1,buy
9/04,2337,群益金鼎,9100,30,1084,-1054,3.54,1,sell
9/04,2337,凱基-台北,9268,2427,1652,775,2.6,2,buy
9/04,2337,台灣摩根士丹利,1470,786,1604,-818,2.75,2,sell
9/04,2337,美林,1440,990,269,721,2.42,3,buy
9/04,2337,新加坡商瑞銀,1650,806,1132,-326,1.1,3,sell
9/04,2337,花旗環球,1590,596,0,596,2.0,4,buy
9/04,2337,香港上海匯豐,8960,0,308,-308,1.03,4,sell
9/04,2337,港商野村,1560,514,3,511,1.72,5,buy
9/04,2337,富邦-敦南,9663,24,320,-296,0.99,5,sell
9/04,2337,元大證券,9800,2849,2493,356,1.2,6,buy
9/04,2337,合庫證券,1020,10,264,-254,0.85,6,sell
9/04,2337,美商高盛,1480,3534,3245,289,0.97,7,buy
9/04,2337,康和-屏東,0038003400350058,14,163,-149,0.5,7,sell
9/04,2337,富邦-南屯,9666,216,23,193,0.65,8,buy
9/04,2337,富邦-永和,9654,86,206,-120,0.4,8,sell
9/04,2337,元大-南屯,9853,172,24,148,0.5,9,buy
9/04,2337,元大-樹林,003900380039006a,14,123,-109,0.37,9,sell
9/04,2337,元大-豐原,9838,148,15,133,0.45,10,buy
9/04,2337,聯邦-三重,8585,4,104,-100,0.34,10,sell
9/04,2337,兆豐-桃園,003700300030004d,106,2,104,0.35,11,buy
9/04,2337,新百王,6210,9,108,-99,0.33,11,sell
9/04,2337,富邦-台北,9623,278,177,101,0.34,12,buy
9/04,2337,大昌-桃園,6465,11,95,-84,0.28,12,sell
9/04,2337,摩根大通,8440,407,307,100,0.34,13,buy
9/04,2337,台新-台北,0039004200320030,5,86,-81,0.27,13,sell
9/04,2337,永豐金-匯立,0039004100380031,100,0,100,0.34,14,buy
9/04,2337,國泰-台中,8882,175,239,-64,0.21,14,sell
9/04,2337,兆豐-中壢,0037003000300062,96,5,91,0.31,15,buy
9/04,2337,新光-桃園,8565,29,91,-62,0.21,15,sell
9/04,3293,美林,1440,148,12,136,14.32,1,buy
9/04,3293,台新-台北,0039004200320030,0,248,-248,26.11,1,sell
9/04,3293,凱基-台北,9268,79,12,67,7.05,2,buy
9/04,3293,永豐金-匯立,0039004100380031,0,69,-69,7.26,2,sell
9/04,3293,港商野村,1560,37,0,37,3.89,3,buy
9/04,3293,摩根大通,8440,29,91,-62,6.53,3,sell
9/04,3293,台灣摩根士丹利,1470,56,20,36,3.79,4,buy
9/04,3293,兆豐-公益,003700300030004a,0,24,-24,2.53,4,sell
9/04,3293,花旗環球,1590,27,3,24,2.53,5,buy
9/04,3293,新加坡商瑞銀,1650,10,31,-21,2.21,5,sell
9/04,3293,統一,5850,21,3,18,1.89,6,buy
9/04,3293,美商高盛,1480,90,106,-16,1.68,6,sell
9/04,3293,玉山-新莊,8842,16,0,16,1.68,7,buy
9/04,3293,元大證券,9800,17,25,-8,0.84,7,sell
9/04,3293,元大-楊梅,0039003800370041,11,0,11,1.16,8,buy
9/04,3293,元大-和平,9863,0,7,-7,0.74,8,sell
9/04,3293,台新-新店,0039004200320032,10,0,10,1.05,9,buy
9/04,3293,凱基-台中,9204,0,6,-6,0.63,9,sell
9/04,3293,新光,8560,14,6,8,0.84,10,buy
9/04,3293,元大-土城永寧,9875,1,7,-6,0.63,10,sell
9/04,3293,永豐金-市政,0039004100390057,6,0,6,0.63,11,buy
9/04,3293,元大-淡水,9899,0,5,-5,0.53,11,sell
9/04,3293,群益金鼎-大安,0039003100380065,10,5,5,0.53,12,buy
9/04,3293,元大-發財,0039003800310045,0,5,-5,0.53,12,sell
9/04,3293,凱基-汐止,9226,5,0,5,0.53,13,buy
9/04,3293,凱基-竹科,9272,0,5,-5,0.53,13,sell
9/04,3293,兆豐-北高雄,0037003000300049,4,0,4,0.42,14,buy
9/04,3293,富邦-竹科,0039003600320043,0,5,-5,0.53,14,sell
9/04,3293,玉山-板橋,8846,4,0,4,0.42,15,buy
9/04,3293,台新-烏日,0039004200320063,0,4,-4,0.42,15,sell
9/04,2637,香港上海匯豐,8960,317,0,317,5.1,1,buy
9/04,2637,台灣摩根士丹利,1470,140,759,-619,9.95,1,sell
9/04,2637,花旗環球,1590,225,1,224,3.6,2,buy
9/04,2637,新加坡商瑞銀,1650,119,428,-309,4.97,2,sell
9/04,2637,永豐金-匯立,0039004100380031,154,0,154,2.48,3,buy
9/04,2637,凱基-台北,9268,321,581,-260,4.18,3,sell
9/04,2637,美林,1440,142,18,124,1.99,4,buy
9/04,2637,摩根大通,8440,113,264,-151,2.43,4,sell
9/04,2637,永豐金-竹科,0039004100390058,113,3,110,1.77,5,buy
9/04,2637,台灣企銀-竹北,1117,0,95,-95,1.53,5,sell
9/04,2637,台新-高雄,0039004200310067,68,7,61,0.98,6,buy
9/04,2637,日茂-埔里,5961,0,90,-90,1.45,6,sell
9/04,2637,臺銀-金山,0031003000340044,52,3,49,0.79,7,buy
9/04,2637,富邦證券,9600,122,183,-61,0.98,7,sell
9/04,2637,元大證券,9800,444,396,48,0.77,8,buy
9/04,2637,港商野村,1560,0,44,-44,0.71,8,sell
9/04,2637,富邦-高雄,9659,47,3,44,0.71,9,buy
9/04,2637,永豐金-桃園,0039004100390078,2,43,-41,0.66,9,sell
9/04,2637,永豐金證券,0039004100300030,49,12,37,0.6,10,buy
9/04,2637,台新-松德,0039004200320061,2,30,-28,0.45,10,sell
9/04,2637,元大-南屯,9853,36,4,32,0.51,11,buy
9/04,2637,美商高盛,1480,387,412,-25,0.4,11,sell
9/04,2637,統一-三重,003500380035004a,32,1,31,0.5,12,buy
9/04,2637,元大-蘆洲中正,0039003800390049,0,21,-21,0.34,12,sell
9/04,2637,富邦-屏東,0039003600310059,29,1,28,0.45,13,buy
9/04,2637,凱基-北門,9283,0,20,-20,0.32,13,sell
9/04,2637,台新,0039004200300030,73,46,27,0.43,14,buy
9/04,2637,富邦-台北,9623,10,29,-19,0.31,14,sell
9/04,2637,合庫-台中,1021,46,20,26,0.42,15,buy
9/04,2637,凱基-城中,9227,5,22,-17,0.27,15,sell
9/04,8150,花旗環球,1590,912,0,912,5.34,1,buy
9/04,8150,美商高盛,1480,634,2538,-1904,11.16,1,sell
9/04,8150,新加坡商瑞銀,1650,531,316,215,1.26,2,buy
9/04,8150,台灣摩根士丹利,1470,359,951,-592,3.47,2,sell
9/04,8150,港商野村,1560,484,340,144,0.84,3,buy
9/04,8150,摩根大通,8440,259,666,-407,2.38,3,sell
9/04,8150,國泰-敦南,8888,589,483,106,0.62,4,buy
9/04,8150,美林,1440,185,578,-393,2.3,4,sell
9/04,8150,玉山-板橋,8846,67,7,60,0.35,5,buy
9/04,8150,中國信託,6160,61,424,-363,2.13,5,sell
9/04,8150,港商麥格理,1360,59,0,59,0.35,6,buy
9/04,8150,凱基-台北,9268,964,1291,-327,1.92,6,sell
9/04,8150,群益金鼎-士林,9137,68,9,59,0.35,7,buy
9/04,8150,元大證券,9800,891,1093,-202,1.18,7,sell
9/04,8150,台新-台南,0039004200310036,64,13,51,0.3,8,buy
9/04,8150,凱基,9200,0,118,-118,0.69,8,sell
9/04,8150,富邦-台北,9623,101,53,48,0.28,9,buy
9/04,8150,永豐金證券,0039004100300030,110,165,-55,0.32,9,sell
9/04,8150,富邦-中壢,9636,68,22,46,0.27,10,buy
9/04,8150,富邦-新竹,9647,43,88,-45,0.26,10,sell
9/04,8150,富邦-南屯,9666,52,6,46,0.27,11,buy
9/04,8150,國票證券,7790,40,79,-39,0.23,11,sell
9/04,8150,中國信託-忠孝,6162,74,31,43,0.25,12,buy
9/04,8150,兆豐-寶成,0037003000300072,8,38,-30,0.18,12,sell
9/04,8150,元大-彰化,0039003800310047,51,9,42,0.25,13,buy
9/04,8150,元大-歸仁,0039003800310061,17,44,-27,0.16,13,sell
9/04,8150,台新-大昌,0039004200320044,47,6,41,0.24,14,buy
9/04,8150,美好-基隆,5267,1,25,-24,0.14,14,sell
9/04,8150,凱基-台南,9211,56,16,40,0.23,15,buy
9/04,8150,群益金鼎,9100,136,159,-23,0.13,15,sell
9/04,6505,國泰證券,8880,1528,18,1510,10.08,1,buy
9/04,6505,美商高盛,1480,464,1880,-1416,9.45,1,sell
9/04,6505,凱基,9200,717,0,717,4.79,2,buy
9/04,6505,台灣摩根士丹利,1470,663,1456,-793,5.29,2,sell
9/04,6505,凱基-台北,9268,982,442,540,3.61,3,buy
9/04,6505,香港上海匯豐,8960,0,410,-410,2.74,3,sell
9/04,6505,摩根大通,8440,737,353,384,2.56,4,buy
9/04,6505,新加坡商瑞銀,1650,418,740,-322,2.15,4,sell
9/04,6505,國票證券,7790,369,19,350,2.34,5,buy
9/04,6505,新光,8560,132,425,-293,1.96,5,sell
9/04,6505,大和國泰,8890,312,0,312,2.08,6,buy
9/04,6505,花旗環球,1590,115,265,-150,1.0,6,sell
9/04,6505,玉山證券,8840,316,14,302,2.02,7,buy
9/04,6505,亞東-新竹,2184,0,102,-102,0.68,7,sell
9/04,6505,永豐金-信義,0039004100390052,283,1,282,1.88,8,buy
9/04,6505,(牛牛牛)亞-鑫豐,0036003000310064,8,95,-87,0.58,8,sell
9/04,6505,統一,5850,211,43,168,1.12,9,buy
9/04,6505,元大-北港,9837,10,86,-76,0.51,9,sell
9/04,6505,法銀巴黎,8900,178,27,151,1.01,10,buy
9/04,6505,凱基-高美館,9215,0,72,-72,0.48,10,sell
9/04,6505,國票-敦北法人,0037003700390063,120,1,119,0.79,11,buy
9/04,6505,康和,8450,0,70,-70,0.47,11,sell
9/04,6505,富邦證券,9600,188,91,97,0.65,12,buy
9/04,6505,元大-大里,0039003800310067,5,71,-66,0.44,12,sell
9/04,6505,美林,1440,128,35,93,0.62,13,buy
9/04,6505,富邦-南京,0039003600310043,5,66,-61,0.41,13,sell
9/04,6505,港商野村,1560,60,1,59,0.39,14,buy
9/04,6505,富邦-嘉義,9692,18,72,-54,0.36,14,sell
9/04,6505,台新-台北,0039004200320030,61,2,59,0.39,15,buy
9/04,6505,臺銀-高雄,0031003000340043,10,63,-53,0.35,15,sell
9/04,2812,台灣摩根士丹利,1470,1579,210,1369,14.0,1,buy
9/04,2812,新加坡商瑞銀,1650,43,1942,-1899,19.42,1,sell
9/04,2812,美林,1440,336,16,320,3.27,2,buy
9/04,2812,美商高盛,1480,588,1506,-918,9.39,2,sell
9/04,2812,台中銀,6110,307,11,296,3.03,3,buy
9/04,2812,台中銀-台北,6115,0,401,-401,4.1,3,sell
9/04,2812,富邦-板橋,9655,204,0,204,2.09,4,buy
9/04,2812,摩根大通,8440,494,848,-354,3.62,4,sell
9/04,2812,國泰-館前,0038003800380041,213,54,159,1.63,5,buy
9/04,2812,新光,8560,73,310,-237,2.42,5,sell
9/04,2812,永豐金-亞灣,0039004100390061,116,0,116,1.19,6,buy
9/04,2812,富邦-嘉義,9692,15,190,-175,1.79,6,sell
9/04,2812,華南永昌-竹北,9339,101,0,101,1.03,7,buy
9/04,2812,元大-潮州,003900380031005a,0,162,-162,1.66,7,sell
9/04,2812,凱基-嘉義,9252,100,1,99,1.01,8,buy
9/04,2812,第一金-頭份,0035003300380049,0,130,-130,1.33,8,sell
9/04,2812,元大-屏東民生,0039003800310068,97,0,97,0.99,9,buy
9/04,2812,台中銀-豐原,0036003100310041,20,135,-115,1.18,9,sell
9/04,2812,元大-鹿港,0039003800390053,91,3,88,0.9,10,buy
9/04,2812,永豐金-新竹,0039004100390037,1,115,-114,1.17,10,sell
9/04,2812,兆豐-南京,0037003000300050,70,0,70,0.72,11,buy
9/04,2812,元大證券,9800,183,291,-108,1.1,11,sell
9/04,2812,富邦-陽明,9604,67,0,67,0.69,12,buy
9/04,2812,港商野村,1560,0,84,-84,0.86,12,sell
9/04,2812,統一-桃園,0035003800350048,65,0,65,0.66,13,buy
9/04,2812,元大-四維,9831,10,93,-83,0.85,13,sell
9/04,2812,合庫-新竹,0031003000320041,61,0,61,0.62,14,buy
9/04,2812,新光-台中,8561,20,93,-73,0.75,14,sell
9/04,2812,國泰-敦南,8888,100,44,56,0.57,15,buy
9/04,2812,兆豐-鹿港,0037003000300066,4,75,-71,0.73,15,sell
9/04,8028,凱基-台北,9268,143,80,63,4.76,1,buy
9/04,8028,美商高盛,1480,131,264,-133,10.05,1,sell
9/04,8028,摩根大通,8440,56,11,45,3.4,2,buy
9/04,8028,台灣摩根士丹利,1470,47,106,-59,4.46,2,sell
9/04,8028,大昌-樹林,6461,24,3,21,1.59,3,buy
9/04,8028,港商野村,1560,0,36,-36,2.72,3,sell
9/04,8028,元大證券,9800,60,44,16,1.21,4,buy
9/04,8028,永豐金-亞灣,0039004100390061,0,22,-22,1.66,4,sell
9/04,8028,群益金鼎,9100,17,3,14,1.06,5,buy
9/04,8028,第一金-豐原,003500330038004e,0,21,-21,1.59,5,sell
9/04,8028,中國信託,6160,17,4,13,0.98,6,buy
9/04,8028,國泰-館前,0038003800380041,1,14,-13,0.98,6,sell
9/04,8028,元大-歸仁,0039003800310061,12,0,12,0.91,7,buy
9/04,8028,凱基-科園,9254,0,10,-10,0.76,7,sell
9/04,8028,高橋,5320,11,0,11,0.83,8,buy
9/04,8028,群益金鼎-新莊,0039003100380047,0,10,-10,0.76,8,sell
9/04,8028,元大-善化,0039003800310079,11,0,11,0.83,9,buy
9/04,8028,元大-三重,0039003800380043,2,12,-10,0.76,9,sell
9/04,8028,凱基-站前,0039003200300046,11,2,9,0.68,10,buy
9/04,8028,群益金鼎-彰化,9187,0,10,-10,0.76,10,sell
9/04,8028,永豐金-高雄,0039004100390065,8,0,8,0.6,11,buy
9/04,8028,台新-台南,0039004200310036,12,21,-9,0.68,11,sell
9/04,8028,永豐金-台南,0039004100390068,8,1,7,0.53,12,buy
9/04,8028,富邦-台中,003900360035004b,0,9,-9,0.68,12,sell
9/04,8028,元大-斗信,9884,7,0,7,0.53,13,buy
9/04,8028,永豐金-羅東,0039004100390041,8,16,-8,0.6,13,sell
9/04,8028,元大-北府,0039003800300044,6,0,6,0.45,14,buy
9/04,8028,元大-忠孝,9871,3,11,-8,0.6,14,sell
9/04,8028,台新-高雄,0039004200310067,8,2,6,0.45,15,buy
9/04,8028,統一-城中,5854,0,7,-7,0.53,15,sell
9/04,1785,凱基-台北,9268,519,184,335,11.46,1,buy
9/04,1785,摩根大通,8440,42,218,-176,6.02,1,sell
9/04,1785,美林,1440,216,19,197,6.74,2,buy
9/04,1785,新加坡商瑞銀,1650,6,61,-55,1.88,2,sell
9/04,1785,港商野村,1560,98,7,91,3.11,3,buy
9/04,1785,群益金鼎-海山,9108,4,54,-50,1.71,3,sell
9/04,1785,元大-羅東,0039003800320041,20,0,20,0.68,4,buy
9/04,1785,中國信託-高雄,003600310036004b,0,37,-37,1.27,4,sell
9/04,1785,美好-基隆,5267,20,1,19,0.65,5,buy
9/04,1785,玉山證券,8840,2,32,-30,1.03,5,sell
9/04,1785,美商高盛,1480,242,223,19,0.65,6,buy
9/04,1785,國票-新莊,0037003700390047,2,30,-28,0.96,6,sell
9/04,1785,元大-屏南,0039003800310072,16,1,15,0.51,7,buy
9/04,1785,富邦-基隆,9614,1,25,-24,0.82,7,sell
9/04,1785,台新-埔里,0039004200320059,15,1,14,0.48,8,buy
9/04,1785,永豐金-中壢,0039004100390039,0,22,-22,0.75,8,sell
9/04,1785,凱基-竹科,9272,16,3,13,0.44,9,buy
9/04,1785,永豐金-埔里,0039004100370039,0,20,-20,0.68,9,sell
9/04,1785,華南永昌,9300,16,3,13,0.44,10,buy
9/04,1785,兆豐-三重,7008,1,20,-19,0.65,10,sell
9/04,1785,富邦-木柵,003900360031004d,12,0,12,0.41,11,buy
9/04,1785,台新,0039004200300030,7,25,-18,0.62,11,sell
9/04,1785,元大-鳳中,0039003800350043,12,0,12,0.41,12,buy
9/04,1785,臺銀-新竹,1045,0,18,-18,0.62,12,sell
9/04,1785,玉山-新竹,0038003800340048,15,3,12,0.41,13,buy
9/04,1785,國泰-台南,8884,1,17,-16,0.55,13,sell
9/04,1785,台新-大昌,0039004200320044,11,0,11,0.38,14,buy
9/04,1785,台灣摩根士丹利,1470,48,64,-16,0.55,14,sell
9/04,1785,台新-五權西,0039004200320035,16,6,10,0.34,15,buy
9/04,1785,合庫-台南,1022,2,16,-14,0.48,15,sell
9/04,6257,華南永昌-南京,9326,112,4,108,1.86,1,buy
9/04,6257,摩根大通,8440,76,704,-628,10.79,1,sell
9/04,6257,元大證券,9800,294,201,93,1.6,2,buy
9/04,6257,美商高盛,1480,189,626,-437,7.51,2,sell
9/04,6257,元大-大甲,0039003800390055,92,3,89,1.53,3,buy
9/04,6257,台灣摩根士丹利,1470,21,449,-428,7.36,3,sell
9/04,6257,港商野村,1560,146,99,47,0.81,4,buy
9/04,6257,新加坡商瑞銀,1650,130,419,-289,4.97,4,sell
9/04,6257,國泰-敦南,8888,115,76,39,0.67,5,buy
9/04,6257,凱基-台北,9268,221,361,-140,2.41,5,sell
9/04,6257,富邦-三峽,003900360032004a,32,0,32,0.55,6,buy
9/04,6257,花旗環球,1590,0,95,-95,1.63,6,sell
9/04,6257,凱基-湖口,003900320030004e,30,2,28,0.48,7,buy
9/04,6257,凱基-豐中,9223,4,63,-59,1.01,7,sell
9/04,6257,台新,0039004200300030,39,13,26,0.45,8,buy
9/04,6257,光和-和美,6383,1,31,-30,0.52,8,sell
9/04,6257,新光-台中,8561,32,7,25,0.43,9,buy
9/04,6257,永豐金證券,0039004100300030,40,70,-30,0.52,9,sell
9/04,6257,國票-新莊,0037003700390047,25,1,24,0.41,10,buy
9/04,6257,永豐金-敦南,0039004100380046,3,29,-26,0.45,10,sell
9/04,6257,元大-小港,003900380039005a,23,1,22,0.38,11,buy
9/04,6257,美林,1440,1,26,-25,0.43,11,sell
9/04,6257,第一金-嘉義,003500330038004d,21,0,21,0.36,12,buy
9/04,6257,國票-長城,0037003700390075,6,30,-24,0.41,12,sell
9/04,6257,凱基-科園,9254,23,3,20,0.34,13,buy
9/04,6257,凱基,9200,0,18,-18,0.31,13,sell
9/04,6257,永豐金-台中,003900410039004c,20,0,20,0.34,14,buy
9/04,6257,港商麥格理,1360,0,18,-18,0.31,14,sell
9/04,6257,元大-淡水,9899,23,3,20,0.34,15,buy
9/04,6257,元大-華山,0039003800310055,0,16,-16,0.28,15,sell
9/04,5536,國票-敦北法人,0037003700390063,50,1,49,8.88,1,buy
9/04,5536,美商高盛,1480,47,66,-19,3.44,1,sell
9/04,5536,台灣摩根士丹利,1470,60,12,48,8.7,2,buy
9/04,5536,永豐金-匯立,0039004100380031,0,13,-13,2.36,2,sell
9/04,5536,法銀巴黎,8900,30,0,30,5.43,3,buy
9/04,5536,元大證券,9800,11,18,-7,1.27,3,sell
9/04,5536,兆豐-台中,7003,20,0,20,3.62,4,buy
9/04,5536,富邦-青埔,003900360031004e,0,7,-7,1.27,4,sell
9/04,5536,港商野村,1560,17,0,17,3.08,5,buy
9/04,5536,玉山-信義,0038003800340043,4,11,-7,1.27,5,sell
9/04,5536,永豐金-信義,0039004100390052,10,0,10,1.81,6,buy
9/04,5536,新加坡商瑞銀,1650,22,28,-6,1.09,6,sell
9/04,5536,摩根大通,8440,28,19,9,1.63,7,buy
9/04,5536,群益金鼎,9100,8,13,-5,0.91,7,sell
9/04,5536,凱基-台北,9268,27,20,7,1.27,8,buy
9/04,5536,華南永昌-基隆,9322,0,4,-4,0.72,8,sell
9/04,5536,美林,1440,6,0,6,1.09,9,buy
9/04,5536,兆豐-民生,0037003000300063,2,6,-4,0.72,9,sell
9/04,5536,元大-大安,003900380033004e,6,0,6,1.09,10,buy
9/04,5536,富邦-中壢,9636,0,3,-3,0.54,10,sell
9/04,5536,兆豐證券,7000,6,1,5,0.91,11,buy
9/04,5536,富邦證券,9600,0,3,-3,0.54,11,sell
9/04,5536,華南永昌-新莊,9305,5,0,5,0.91,12,buy
9/04,5536,新光-台中,8561,0,3,-3,0.54,12,sell
9/04,5536,華南永昌,9300,5,0,5,0.91,13,buy
9/04,5536,元大-大天母,9893,0,3,-3,0.54,13,sell
9/04,5536,永豐金證券,0039004100300030,8,4,4,0.72,14,buy
9/04,5536,統一-新台中,0035003800350044,0,3,-3,0.54,14,sell
9/04,5536,富邦-仁愛,9676,4,0,4,0.72,15,buy
9/04,5536,中國信託-忠孝,6162,1,4,-3,0.54,15,sell
9/04,6415,富邦證券,9600,502,3,499,21.77,1,buy
9/04,6415,新加坡商瑞銀,1650,39,378,-339,14.79,1,sell
9/04,6415,美林,1440,196,9,187,8.16,2,buy
9/04,6415,美商高盛,1480,255,411,-156,6.81,2,sell
9/04,6415,台灣摩根士丹利,1470,178,41,137,5.98,3,buy
9/04,6415,摩根大通,8440,36,78,-42,1.83,3,sell
9/04,6415,中國信託,6160,56,2,54,2.36,4,buy
9/04,6415,新光,8560,9,37,-28,1.22,4,sell
9/04,6415,國泰證券,8880,61,20,41,1.79,5,buy
9/04,6415,凱基-台北,9268,198,217,-19,0.83,5,sell
9/04,6415,大和國泰,8890,40,0,40,1.75,6,buy
9/04,6415,台新-高雄,0039004200310067,12,29,-17,0.74,6,sell
9/04,6415,花旗環球,1590,17,0,17,0.74,7,buy
9/04,6415,港商麥格理,1360,0,15,-15,0.65,7,sell
9/04,6415,元大-台中中港,0039003800390042,18,2,16,0.7,8,buy
9/04,6415,兆豐-南京,0037003000300050,0,15,-15,0.65,8,sell
9/04,6415,國泰-松江,8883,17,2,15,0.65,9,buy
9/04,6415,康和-內湖,0038003400350041,0,13,-13,0.57,9,sell
9/04,6415,台新-草屯,0039004200320058,15,1,14,0.61,10,buy
9/04,6415,元大-民雄,0039003800310056,0,12,-12,0.52,10,sell
9/04,6415,港商野村,1560,12,1,11,0.48,11,buy
9/04,6415,台新,0039004200300030,4,16,-12,0.52,11,sell
9/04,6415,元大證券,9800,97,88,9,0.39,12,buy
9/04,6415,元大-博愛,0039003800320042,1,12,-11,0.48,12,sell
9/04,6415,兆豐證券,7000,8,0,8,0.35,13,buy
9/04,6415,元大-中壢,9834,4,15,-11,0.48,13,sell
9/04,6415,永豐金-新店,0039004100390069,8,0,8,0.35,14,buy
9/04,6415,永豐金證券,0039004100300030,7,18,-11,0.48,14,sell
9/04,6415,中國信託-文心,6164,12,5,7,0.31,15,buy
9/04,6415,元大-中山北路,0039003800300061,0,10,-10,0.44,15,sell
9/04,9945,美商高盛,1480,769,469,300,7.79,1,buy
9/04,9945,亞東-新竹,2184,0,505,-505,13.11,1,sell
9/04,9945,台灣摩根士丹利,1470,409,153,256,6.65,2,buy
9/04,9945,新加坡商瑞銀,1650,51,421,-370,9.61,2,sell
9/04,9945,摩根大通,8440,260,87,173,4.49,3,buy
9/04,9945,永豐金證券,0039004100300030,51,194,-143,3.71,3,sell
9/04,9945,元大-土城學府,9822,158,0,158,4.1,4,buy
9/04,9945,元大-古亭,003900380039006b,2,120,-118,3.06,4,sell
9/04,9945,凱基-台北,9268,230,96,134,3.48,5,buy
9/04,9945,永豐金-敦北,0039004100380039,1,115,-114,2.96,5,sell
9/04,9945,元大-大統,003900380031007a,101,0,101,2.62,6,buy
9/04,9945,台新-台南,0039004200310036,0,55,-55,1.43,6,sell
9/04,9945,統一-內湖,0035003800350062,70,0,70,1.82,7,buy
9/04,9945,玉山-大里,003800380034004a,1,51,-50,1.3,7,sell
9/04,9945,港商野村,1560,58,0,58,1.51,8,buy
9/04,9945,康和,8450,0,50,-50,1.3,8,sell
9/04,9945,美林,1440,196,145,51,1.32,9,buy
9/04,9945,元大-中崙,9813,13,50,-37,0.96,9,sell
9/04,9945,元大-府城,0039003800300075,50,0,50,1.3,10,buy
9/04,9945,元大-花蓮,9856,12,48,-36,0.93,10,sell
9/04,9945,台新-板橋,0039004200320062,51,3,48,1.25,11,buy
9/04,9945,中國信託-三重,6161,0,30,-30,0.78,11,sell
9/04,9945,花旗環球,1590,78,43,35,0.91,12,buy
9/04,9945,凱基-長庚,9233,5,28,-23,0.6,12,sell
9/04,9945,彰銀,1230,30,0,30,0.78,13,buy
9/04,9945,富邦-永和,9654,2,25,-23,0.6,13,sell
9/04,9945,凱基-桃園,9208,30,0,30,0.78,14,buy
9/04,9945,富邦-樹林,0039003600320045,1,23,-22,0.57,14,sell
9/04,9945,兆豐-鹿港,0037003000300066,30,0,30,0.78,15,buy
9/04,9945,元大-南京,9862,0,21,-21,0.55,15,sell
9/04,8358,台灣摩根士丹利,1470,376,77,299,6.71,1,buy
9/04,8358,永豐金證券,0039004100300030,40,207,-167,3.75,1,sell
9/04,8358,凱基-台北,9268,311,15,296,6.64,2,buy
9/04,8358,群益金鼎,9100,12,131,-119,2.67,2,sell
9/04,8358,摩根大通,8440,284,2,282,6.33,3,buy
9/04,8358,統一,5850,57,144,-87,1.95,3,sell
9/04,8358,美商高盛,1480,180,44,136,3.05,4,buy
9/04,8358,國票證券,7790,1,71,-70,1.57,4,sell
9/04,8358,台新-安南,003900420032005a,23,0,23,0.52,5,buy
9/04,8358,富邦證券,9600,6,68,-62,1.39,5,sell
9/04,8358,國泰-台中,8882,47,25,22,0.49,6,buy
9/04,8358,元大證券,9800,10,51,-41,0.92,6,sell
9/04,8358,台新-台中,0039004200310068,23,3,20,0.45,7,buy
9/04,8358,富邦-敦南,9663,2,40,-38,0.85,7,sell
9/04,8358,國泰-敦南,8888,91,73,18,0.4,8,buy
9/04,8358,美林,1440,2,34,-32,0.72,8,sell
9/04,8358,華南永昌,9300,27,10,17,0.38,9,buy
9/04,8358,元大-向上,9824,3,35,-32,0.72,9,sell
9/04,8358,永豐金-羅東,0039004100390041,46,29,17,0.38,10,buy
9/04,8358,兆豐-大同,0037003000300053,1,32,-31,0.7,10,sell
9/04,8358,第一金-台中,5382,27,11,16,0.36,11,buy
9/04,8358,凱基-城中,9227,1,30,-29,0.65,11,sell
9/04,8358,凱基-員林,9231,22,6,16,0.36,12,buy
9/04,8358,花旗環球,1590,18,44,-26,0.58,12,sell
9/04,8358,元大-館前,003900380034004b,22,6,16,0.36,13,buy
9/04,8358,富邦-台北,9623,6,30,-24,0.54,13,sell
9/04,8358,富邦-南京,0039003600310043,19,3,16,0.36,14,buy
9/04,8358,群益金鼎-大安,0039003100380065,1,25,-24,0.54,14,sell
9/04,8358,富邦-公益,0039003600310046,18,3,15,0.34,15,buy
9/04,8358,元大-西螺,0039003800310069,1,25,-24,0.54,15,sell
9/04,2316,凱基-台北,9268,224,166,58,2.14,1,buy
9/04,2316,台灣摩根士丹利,1470,39,225,-186,6.88,1,sell
9/04,2316,國泰-敦南,8888,92,54,38,1.4,2,buy
9/04,2316,摩根大通,8440,129,208,-79,2.92,2,sell
9/04,2316,富邦證券,9600,39,14,25,0.92,3,buy
9/04,2316,元大證券,9800,210,278,-68,2.51,3,sell
9/04,2316,新百王,6210,22,0,22,0.81,4,buy
9/04,2316,美林,1440,1,53,-52,1.92,4,sell
9/04,2316,國票-桃園,0037003700390072,20,0,20,0.74,5,buy
9/04,2316,元大-成功,003900380039004c,3,44,-41,1.52,5,sell
9/04,2316,港商野村,1560,21,4,17,0.63,6,buy
9/04,2316,第一金-嘉義,003500330038004d,11,42,-31,1.15,6,sell
9/04,2316,口袋證券,6620,39,25,14,0.52,7,buy
9/04,2316,富邦-建國,9658,2,23,-21,0.78,7,sell
9/04,2316,凱基-高美館,9215,15,3,12,0.44,8,buy
9/04,2316,新加坡商瑞銀,1650,26,46,-20,0.74,8,sell
9/04,2316,中國信託-中壢,0036003100360041,12,0,12,0.44,9,buy
9/04,2316,群益金鼎-內湖,0039003100380064,2,21,-19,0.7,9,sell
9/04,2316,國票-新莊,0037003700390047,10,0,10,0.37,10,buy
9/04,2316,亞東-台中,2187,1,16,-15,0.55,10,sell
9/04,2316,元大-蘆洲,9857,9,0,9,0.33,11,buy
9/04,2316,花旗環球,1590,0,14,-14,0.52,11,sell
9/04,2316,兆豐-南門,0037003000300067,10,1,9,0.33,12,buy
9/04,2316,元大-鳳山,003900380033005a,6,15,-9,0.33,12,sell
9/04,2316,元大-土城,9897,10,1,9,0.33,13,buy
9/04,2316,凱基-板橋,0039003200300041,0,8,-8,0.3,13,sell
9/04,2316,台新-建北,0039004200310038,10,2,8,0.3,14,buy
9/04,2316,元大-基隆孝二,003900380036004b,1,8,-7,0.26,14,sell
9/04,2316,富邦-仁愛,9676,12,4,8,0.3,15,buy
9/04,2316,永豐金-竹北,0039004100390050,2,9,-7,0.26,15,sell
9/04,6274,台灣摩根士丹利,1470,654,240,414,7.06,1,buy
9/04,6274,凱基,9200,1,293,-292,4.98,1,sell
9/04,6274,凱基-台北,9268,566,316,250,4.26,2,buy
9/04,6274,國泰證券,8880,2,281,-279,4.75,2,sell
9/04,6274,永豐金-匯立,0039004100380031,195,0,195,3.32,3,buy
9/04,6274,元大證券,9800,524,740,-216,3.68,3,sell
9/04,6274,美商高盛,1480,455,317,138,2.35,4,buy
9/04,6274,大和國泰,8890,0,145,-145,2.47,4,sell
9/04,6274,新加坡商瑞銀,1650,191,118,73,1.24,5,buy
9/04,6274,統一,5850,22,138,-116,1.98,5,sell
9/04,6274,元大-士林,003900380031006a,72,2,70,1.19,6,buy
9/04,6274,群益金鼎,9100,35,148,-113,1.93,6,sell
9/04,6274,法銀巴黎,8900,55,0,55,0.94,7,buy
9/04,6274,摩根大通,8440,99,194,-95,1.62,7,sell
9/04,6274,統一-敦南,5852,41,10,31,0.53,8,buy
9/04,6274,永豐金證券,0039004100300030,83,165,-82,1.4,8,sell
9/04,6274,統一-南京,0035003800350055,31,1,30,0.51,9,buy
9/04,6274,中國信託,6160,9,72,-63,1.07,9,sell
9/04,6274,國票-長城,0037003700390075,31,6,25,0.43,10,buy
9/04,6274,香港上海匯豐,8960,0,49,-49,0.84,10,sell
9/04,6274,富邦-台中,003900360035004b,24,0,24,0.41,11,buy
9/04,6274,統一-仁愛,0035003800350063,1,40,-39,0.66,11,sell
9/04,6274,國泰-敦南,8888,149,126,23,0.39,12,buy
9/04,6274,康和,8450,4,40,-36,0.61,12,sell
9/04,6274,富邦-仁愛,9676,23,5,18,0.31,13,buy
9/04,6274,台新,0039004200300030,30,61,-31,0.53,13,sell
9/04,6274,港商野村,1560,16,0,16,0.27,14,buy
9/04,6274,華南永昌,9300,18,47,-29,0.49,14,sell
9/04,6274,國票-安和,003700370039005a,27,12,15,0.26,15,buy
9/04,6274,兆豐-埔墘,003700300030004e,3,31,-28,0.48,15,sell
