date,stock_code,broker_name,broker_id,buy_vol,sell_vol,net_vol,pct,rank,side
9/22,2330,凱基-台北,9268,856,245,611,2.92,1,buy
9/22,2330,摩根大通,8440,800,2009,-1209,5.79,1,sell
9/22,2330,永豐金證券,0039004100300030,697,208,489,2.34,2,buy
9/22,2330,新加坡商瑞銀,1650,833,1958,-1125,5.38,2,sell
9/22,2330,港商野村,1560,1294,884,410,1.96,3,buy
9/22,2330,花旗環球,1590,737,1779,-1042,4.99,3,sell
9/22,2330,群益金鼎,9100,370,60,310,1.48,4,buy
9/22,2330,港商麥格理,1360,76,904,-828,3.96,4,sell
9/22,2330,美商高盛,1480,993,701,292,1.4,5,buy
9/22,2330,法銀巴黎,8900,25,794,-769,3.68,5,sell
9/22,2330,國泰證券,8880,254,76,178,0.85,6,buy
9/22,2330,元大證券,9800,335,1053,-718,3.44,6,sell
9/22,2330,富邦證券,9600,718,542,176,0.84,7,buy
9/22,2330,台灣摩根士丹利,1470,787,1179,-392,1.88,7,sell
9/22,2330,富邦-南京,0039003600310043,167,4,163,0.78,8,buy
9/22,2330,兆豐證券,7000,13,244,-231,1.11,8,sell
9/22,2330,第一金-高雄,5383,185,26,159,0.76,9,buy
9/22,2330,美林,1440,572,769,-197,0.94,9,sell
9/22,2330,中國信託,6160,212,65,147,0.7,10,buy
9/22,2330,香港上海匯豐,8960,46,239,-193,0.92,10,sell
9/22,2330,永豐金-匯立,0039004100380031,278,143,135,0.65,11,buy
9/22,2330,國票-安和,003700370039005a,8,58,-50,0.24,11,sell
9/22,2330,富邦-新竹,9647,178,46,132,0.63,12,buy
9/22,2330,凱基-中山,9229,10,58,-48,0.23,12,sell
9/22,2330,土銀,1030,134,12,122,0.58,13,buy
9/22,2330,統一-台南,5855,15,57,-42,0.2,13,sell
9/22,2330,兆豐-新竹,0037003000300056,128,8,120,0.57,14,buy
9/22,2330,台新-高雄,0039004200310067,20,57,-37,0.18,14,sell
9/22,2330,台新-台北,0039004200320030,127,15,112,0.54,15,buy
9/22,2330,兆豐-三民,0037003000300068,4,41,-37,0.18,15,sell
9/22,2317,美商高盛,1480,5293,511,4782,12.38,1,buy
9/22,2317,摩根大通,8440,1621,6314,-4693,12.15,1,sell
9/22,2317,新加坡商瑞銀,1650,4428,1471,2957,7.65,2,buy
9/22,2317,台新,0039004200300030,306,707,-401,1.04,2,sell
9/22,2317,富邦證券,9600,2127,342,1785,4.62,3,buy
9/22,2317,國泰-敦南,8888,249,633,-384,0.99,3,sell
9/22,2317,凱基,9200,1787,260,1527,3.95,4,buy
9/22,2317,中國信託-高雄,003600310036004b,4,362,-358,0.93,4,sell
9/22,2317,統一,5850,1353,172,1181,3.06,5,buy
9/22,2317,宏遠證券,1260,8,309,-301,0.78,5,sell
9/22,2317,元大證券,9800,1720,611,1109,2.87,6,buy
9/22,2317,花旗環球,1590,493,762,-269,0.7,6,sell
9/22,2317,凱基-台北,9268,1394,557,837,2.17,7,buy
9/22,2317,新光,8560,104,351,-247,0.64,7,sell
9/22,2317,國票-敦北法人,0037003700390063,808,8,800,2.07,8,buy
9/22,2317,第一金-高雄,5383,9,229,-220,0.57,8,sell
9/22,2317,國票-南科,0037003700390065,773,19,754,1.95,9,buy
9/22,2317,國泰-館前,0038003800380041,46,265,-219,0.57,9,sell
9/22,2317,台灣摩根士丹利,1470,2470,1825,645,1.67,10,buy
9/22,2317,中國信託-永康,6163,24,224,-200,0.52,10,sell
9/22,2317,港商野村,1560,482,44,438,1.13,11,buy
9/22,2317,第一金,5380,160,328,-168,0.43,11,sell
9/22,2317,香港上海匯豐,8960,228,22,206,0.53,12,buy
9/22,2317,兆豐證券,7000,50,208,-158,0.41,12,sell
9/22,2317,康和,8450,182,14,168,0.43,13,buy
9/22,2317,統一-新竹,5857,10,165,-155,0.4,13,sell
9/22,2317,永豐金-匯立,0039004100380031,151,7,144,0.37,14,buy
9/22,2317,元大-員林中山,9835,12,157,-145,0.38,14,sell
9/22,2317,富邦-新店,9661,162,58,104,0.27,15,buy
9/22,2317,凱基-台南,9211,18,152,-134,0.35,15,sell
9/22,2454,富邦證券,9600,1725,1313,412,3.42,1,buy
9/22,2454,凱基-台北,9268,284,430,-146,1.21,1,sell
9/22,2454,美商高盛,1480,716,388,328,2.72,2,buy
9/22,2454,凱基,9200,38,160,-122,1.01,2,sell
9/22,2454,台灣摩根士丹利,1470,717,483,234,1.94,3,buy
9/22,2454,花旗環球,1590,119,191,-72,0.6,3,sell
9/22,2454,摩根大通,8440,803,626,177,1.47,4,buy
9/22,2454,富邦-台北,9623,28,82,-54,0.45,4,sell
9/22,2454,土銀,1030,158,2,156,1.29,5,buy
9/22,2454,國泰-敦南,8888,138,190,-52,0.43,5,sell
9/22,2454,美林,1440,337,206,131,1.09,6,buy
9/22,2454,永豐金證券,0039004100300030,113,163,-50,0.41,6,sell
9/22,2454,港商野村,1560,205,75,130,1.08,7,buy
9/22,2454,玉山-台南,8847,3,49,-46,0.38,7,sell
9/22,2454,元大證券,9800,887,772,115,0.95,8,buy
9/22,2454,凱基-站前,0039003200300046,38,74,-36,0.3,8,sell
9/22,2454,新加坡商瑞銀,1650,666,609,57,0.47,9,buy
9/22,2454,兆豐證券,7000,25,59,-34,0.28,9,sell
9/22,2454,國泰證券,8880,78,31,47,0.39,10,buy
9/22,2454,永豐金-新竹,0039004100390037,16,43,-27,0.22,10,sell
9/22,2454,港商麥格理,1360,70,31,39,0.32,11,buy
9/22,2454,台新-高雄,0039004200310067,12,39,-27,0.22,11,sell
9/22,2454,群益金鼎-台北,0039003100380058,39,3,36,0.3,12,buy
9/22,2454,富邦-內湖,9627,8,35,-27,0.22,12,sell
9/22,2454,兆豐-彰化,0037003000300064,38,4,34,0.28,13,buy
9/22,2454,元大-崇德,0039003800310053,3,27,-24,0.2,13,sell
9/22,2454,台新-五權西,0039004200320035,37,6,31,0.26,14,buy
9/22,2454,元大-復北,9872,8,32,-24,0.2,14,sell
9/22,2454,凱基-中山,9229,39,11,28,0.23,15,buy
9/22,2454,玉山-士林,0038003800340041,9,32,-23,0.19,15,sell
9/22,2308,花旗環球,1590,1112,285,827,4.9,1,buy
9/22,2308,美商高盛,1480,544,1308,-764,4.53,1,sell
9/22,2308,永豐金證券,0039004100300030,917,168,749,4.44,2,buy
9/22,2308,台灣摩根士丹利,1470,636,1315,-679,4.02,2,sell
9/22,2308,大和國泰,8890,672,28,644,3.82,3,buy
9/22,2308,美林,1440,149,781,-632,3.74,3,sell
9/22,2308,康和,8450,487,1,486,2.88,4,buy
9/22,2308,新加坡商瑞銀,1650,196,765,-569,3.37,4,sell
9/22,2308,港商野村,1560,472,62,410,2.43,5,buy
9/22,2308,凱基-台北,9268,626,787,-161,0.95,5,sell
9/22,2308,統一,5850,376,107,269,1.59,6,buy
9/22,2308,元大-土城永寧,9875,11,115,-104,0.62,6,sell
9/22,2308,港商麥格理,1360,265,5,260,1.54,7,buy
9/22,2308,國泰-敦南,8888,275,369,-94,0.56,7,sell
9/22,2308,富邦證券,9600,586,346,240,1.42,8,buy
9/22,2308,玉山-景美,8849,8,65,-57,0.34,8,sell
9/22,2308,國泰證券,8880,312,95,217,1.29,9,buy
9/22,2308,元大-羅東,0039003800320041,5,55,-50,0.3,9,sell
9/22,2308,中國信託,6160,307,131,176,1.04,10,buy
9/22,2308,玉山證券,8840,25,75,-50,0.3,10,sell
9/22,2308,摩根大通,8440,745,573,172,1.02,11,buy
9/22,2308,香港上海匯豐,8960,38,83,-45,0.27,11,sell
9/22,2308,凱基,9200,286,147,139,0.82,12,buy
9/22,2308,華南永昌,9300,74,118,-44,0.26,12,sell
9/22,2308,元大證券,9800,1726,1636,90,0.53,13,buy
9/22,2308,兆豐-新竹,0037003000300056,3,41,-38,0.23,13,sell
9/22,2308,富邦-台北,9623,92,39,53,0.31,14,buy
9/22,2308,富邦-公益,0039003600310046,5,40,-35,0.21,14,sell
9/22,2308,國票-安和,003700370039005a,51,11,40,0.24,15,buy
9/22,2308,凱基-中山,9229,2,36,-34,0.2,15,sell
9/22,2382,港商麥格理,1360,801,11,790,7.11,1,buy
9/22,2382,摩根大通,8440,629,2667,-2038,18.34,1,sell
9/22,2382,國票-敦北法人,0037003700390063,718,4,714,6.43,2,buy
9/22,2382,元大證券,9800,137,1111,-974,8.77,2,sell
9/22,2382,美林,1440,543,34,509,4.58,3,buy
9/22,2382,新加坡商瑞銀,1650,402,1066,-664,5.98,3,sell
9/22,2382,美商高盛,1480,659,240,419,3.77,4,buy
9/22,2382,台新-台北,0039004200320030,6,501,-495,4.46,4,sell
9/22,2382,凱基,9200,364,0,364,3.28,5,buy
9/22,2382,台灣摩根士丹利,1470,194,686,-492,4.43,5,sell
9/22,2382,華南永昌,9300,298,10,288,2.59,6,buy
9/22,2382,元大-向上,9824,2,359,-357,3.21,6,sell
9/22,2382,永豐金-匯立,0039004100380031,279,6,273,2.46,7,buy
9/22,2382,花旗環球,1590,116,396,-280,2.52,7,sell
9/22,2382,元大-內湖,003900380039004e,158,19,139,1.25,8,buy
9/22,2382,元大-草屯,0039003800390045,7,108,-101,0.91,8,sell
9/22,2382,法銀巴黎,8900,139,1,138,1.24,9,buy
9/22,2382,凱基-中山,9229,27,126,-99,0.89,9,sell
9/22,2382,富邦-三重,9677,147,12,135,1.22,10,buy
9/22,2382,新光-新竹,8563,4,102,-98,0.88,10,sell
9/22,2382,康和,8450,145,13,132,1.19,11,buy
9/22,2382,群益金鼎-西松,9136,40,117,-77,0.69,11,sell
9/22,2382,元大-永春,9852,130,0,130,1.17,12,buy
9/22,2382,凱基-台北,9268,214,250,-36,0.32,12,sell
9/22,2382,玉山證券,8840,224,108,116,1.04,13,buy
9/22,2382,富邦-台南,9667,16,41,-25,0.23,13,sell
9/22,2382,國泰證券,8880,139,34,105,0.95,14,buy
9/22,2382,台灣企銀-台南,1112,0,20,-20,0.18,14,sell
9/22,2382,新光,8560,136,34,102,0.92,15,buy
9/22,2382,台新-板橋,0039004200320062,1,21,-20,0.18,15,sell
9/22,2891,摩根大通,8440,2386,798,1588,9.45,1,buy
9/22,2891,美商高盛,1480,706,3503,-2797,16.64,1,sell
9/22,2891,花旗環球,1590,1446,58,1388,8.26,2,buy
9/22,2891,台灣摩根士丹利,1470,539,2413,-1874,11.15,2,sell
9/22,2891,元大證券,9800,1498,570,928,5.52,3,buy
9/22,2891,美林,1440,611,2417,-1806,10.74,3,sell
9/22,2891,港商麥格理,1360,716,113,603,3.59,4,buy
9/22,2891,富邦證券,9600,169,884,-715,4.25,4,sell
9/22,2891,國泰-敦南,8888,293,75,218,1.3,5,buy
9/22,2891,中國信託,6160,221,741,-520,3.09,5,sell
9/22,2891,凱基-台北,9268,594,410,184,1.09,6,buy
9/22,2891,港商野村,1560,24,456,-432,2.57,6,sell
9/22,2891,福邦證券,6480,182,0,182,1.08,7,buy
9/22,2891,香港上海匯豐,8960,55,412,-357,2.12,7,sell
9/22,2891,永豐金-內湖,0039004100390067,118,1,117,0.7,8,buy
9/22,2891,玉山-雙和,8841,5,202,-197,1.17,8,sell
9/22,2891,永豐金-新竹,0039004100390037,101,0,101,0.6,9,buy
9/22,2891,統一-三重,003500380035004a,1,151,-150,0.89,9,sell
9/22,2891,華南永昌-大安,9307,104,5,99,0.59,10,buy
9/22,2891,台新-嘉義,0039004200320049,10,160,-150,0.89,10,sell
9/22,2891,法銀巴黎,8900,86,3,83,0.49,11,buy
9/22,2891,國票證券,7790,2,108,-106,0.63,11,sell
9/22,2891,新光,8560,89,25,64,0.38,12,buy
9/22,2891,第一金-光復,0035003300380043,4,103,-99,0.59,12,sell
9/22,2891,元大-北府,0039003800300044,65,1,64,0.38,13,buy
9/22,2891,統一,5850,12,88,-76,0.45,13,sell
9/22,2891,國泰-板橋,003800380038004b,72,14,58,0.35,14,buy
9/22,2891,第一金-台南,5384,7,80,-73,0.43,14,sell
9/22,2891,永豐金-匯立,0039004100380031,68,11,57,0.34,15,buy
9/22,2891,玉山-信義,0038003800340043,11,44,-33,0.2,15,sell
9/22,2881,永豐金-匯立,0039004100380031,3592,0,3592,21.23,1,buy
9/22,2881,台灣摩根士丹利,1470,74,3428,-3354,19.82,1,sell
9/22,2881,富邦證券,9600,1757,1,1756,10.38,2,buy
9/22,2881,美商高盛,1480,647,2809,-2162,12.78,2,sell
9/22,2881,花旗環球,1590,1690,106,1584,9.36,3,buy
9/22,2881,群益金鼎,9100,66,874,-808,4.78,3,sell
9/22,2881,港商麥格理,1360,1038,0,1038,6.13,4,buy
9/22,2881,玉山證券,8840,3,760,-757,4.47,4,sell
9/22,2881,台新-台北,0039004200320030,1010,1,1009,5.96,5,buy
9/22,2881,摩根大通,8440,459,1164,-705,4.17,5,sell
9/22,2881,美林,1440,796,422,374,2.21,6,buy
9/22,2881,新加坡商瑞銀,1650,537,1000,-463,2.74,6,sell
9/22,2881,元大證券,9800,1736,1435,301,1.78,7,buy
9/22,2881,凱基-台北,9268,507,790,-283,1.67,7,sell
9/22,2881,富邦-建國,9658,289,15,274,1.62,8,buy
9/22,2881,港商野村,1560,55,157,-102,0.6,8,sell
9/22,2881,兆豐-城中,0037003000300057,768,662,106,0.63,9,buy
9/22,2881,香港上海匯豐,8960,29,126,-97,0.57,9,sell
9/22,2881,凱基-北門,9283,90,0,90,0.53,10,buy
9/22,2881,法銀巴黎,8900,0,89,-89,0.53,10,sell
9/22,2881,中國信託,6160,89,18,71,0.42,11,buy
9/22,2881,富邦-新店,9661,72,151,-79,0.47,11,sell
9/22,2881,元大-學甲,003900380033004b,51,0,51,0.3,12,buy
9/22,2881,國泰證券,8880,33,111,-78,0.46,12,sell
9/22,2881,永豐金-復興,003900410039005a,50,1,49,0.29,13,buy
9/22,2881,元大-成功,003900380039004c,1,58,-57,0.34,13,sell
9/22,2881,元大-復北,9872,34,3,31,0.18,14,buy
9/22,2881,國票-台東,7791,0,57,-57,0.34,14,sell
9/22,2881,合庫-自強,0031003000320043,25,0,25,0.15,15,buy
9/22,2881,宏遠-光隆,0031003200360069,4,60,-56,0.33,15,sell
9/22,2882,美林,1440,1865,438,1427,9.05,1,buy
9/22,2882,新加坡商瑞銀,1650,741,2039,-1298,8.23,1,sell
9/22,2882,玉山證券,8840,860,4,856,5.43,2,buy
9/22,2882,元大證券,9800,1245,2301,-1056,6.69,2,sell
9/22,2882,富邦證券,9600,438,160,278,1.76,3,buy
9/22,2882,陽信,8710,0,560,-560,3.55,3,sell
9/22,2882,華南永昌-敦南,9347,275,0,275,1.74,4,buy
9/22,2882,港商野村,1560,49,494,-445,2.82,4,sell
9/22,2882,群益金鼎-館前,0039003100330059,740,480,260,1.65,5,buy
9/22,2882,摩根大通,8440,1086,1465,-379,2.4,5,sell
9/22,2882,國泰-板橋,003800380038004b,235,16,219,1.39,6,buy
9/22,2882,美商高盛,1480,1183,1464,-281,1.78,6,sell
9/22,2882,法銀巴黎,8900,171,2,169,1.07,7,buy
9/22,2882,花旗環球,1590,588,749,-161,1.02,7,sell
9/22,2882,中國信託,6160,135,36,99,0.63,8,buy
9/22,2882,國泰-館前,0038003800380041,32,121,-89,0.56,8,sell
9/22,2882,國泰-敦南,8888,215,118,97,0.61,9,buy
9/22,2882,元大-大同,0039003800390047,11,85,-74,0.47,9,sell
9/22,2882,合庫-台南,1022,117,22,95,0.6,10,buy
9/22,2882,元大-旗山,003900380031006e,0,72,-72,0.46,10,sell
9/22,2882,玉山-嘉義,8848,96,1,95,0.6,11,buy
9/22,2882,永豐金證券,0039004100300030,37,93,-56,0.36,11,sell
9/22,2882,台新-大裕,003900420032006c,172,88,84,0.53,12,buy
9/22,2882,凱基-台北,9268,429,481,-52,0.33,12,sell
9/22,2882,華南永昌-大安,9307,92,15,77,0.49,13,buy
9/22,2882,香港上海匯豐,8960,49,99,-50,0.32,13,sell
9/22,2882,玉山-左營,0038003800340044,95,29,66,0.42,14,buy
9/22,2882,統一-中壢,5853,0,50,-50,0.32,14,sell
9/22,2882,凱基-高雄,9206,225,167,58,0.37,15,buy
9/22,2882,凱基-宜蘭,003900320030004d,1,51,-50,0.32,15,sell
9/22,2303,港商麥格理,1360,14894,208,14686,5.12,1,buy
9/22,2303,花旗環球,1590,1296,6534,-5238,1.83,1,sell
9/22,2303,永豐金-匯立,0039004100380031,14485,40,14445,5.04,2,buy
9/22,2303,國票-安和,003700370039005a,397,3919,-3522,1.23,2,sell
9/22,2303,台灣摩根士丹利,1470,23843,9709,14134,4.93,3,buy
9/22,2303,統一-台中,5856,95,2989,-2894,1.01,3,sell
9/22,2303,富邦證券,9600,15551,8340,7211,2.52,4,buy
9/22,2303,凱基-台北,9268,9293,11802,-2509,0.88,4,sell
9/22,2303,美商高盛,1480,18530,13519,5011,1.75,5,buy
9/22,2303,美林,1440,4018,6023,-2005,0.7,5,sell
9/22,2303,國泰證券,8880,4367,538,3829,1.34,6,buy
9/22,2303,國泰-敦南,8888,5330,7220,-1890,0.66,6,sell
9/22,2303,新加坡商瑞銀,1650,9040,7308,1732,0.6,7,buy
9/22,2303,玉山-台南,8847,402,2023,-1621,0.57,7,sell
9/22,2303,摩根大通,8440,8229,6522,1707,0.6,8,buy
9/22,2303,台新-台北,0039004200320030,332,1790,-1458,0.51,8,sell
9/22,2303,凱基,9200,2015,330,1685,0.59,9,buy
9/22,2303,永豐金-台南,0039004100390068,285,1333,-1048,0.37,9,sell
9/22,2303,群益金鼎-台北,0039003100380058,3524,2140,1384,0.48,10,buy
9/22,2303,華南永昌-中正,9359,244,1053,-809,0.28,10,sell
9/22,2303,香港上海匯豐,8960,1599,270,1329,0.46,11,buy
9/22,2303,德信-中正,6912,21,749,-728,0.25,11,sell
9/22,2303,群益金鼎-大安,0039003100380065,985,230,755,0.26,12,buy
9/22,2303,港商野村,1560,980,1672,-692,0.24,12,sell
9/22,2303,大和國泰,8890,517,0,517,0.18,13,buy
9/22,2303,兆豐證券,7000,286,935,-649,0.23,13,sell
9/22,2303,中國信託,6160,1417,914,503,0.18,14,buy
9/22,2303,群益金鼎-三民,9188,102,750,-648,0.23,14,sell
9/22,2303,華南永昌,9300,1115,623,492,0.17,15,buy
9/22,2303,永豐金-竹北,0039004100390050,104,652,-548,0.19,15,sell
9/22,3711,台灣摩根士丹利,1470,3548,742,2806,11.39,1,buy
9/22,3711,國泰-敦南,8888,268,652,-384,1.56,1,sell
9/22,3711,美商高盛,1480,3479,825,2654,10.77,2,buy
9/22,3711,美林,1440,269,571,-302,1.23,2,sell
9/22,3711,凱基-台北,9268,1987,589,1398,5.67,3,buy
9/22,3711,中國信託,6160,39,209,-170,0.69,3,sell
9/22,3711,國泰證券,8880,1330,21,1309,5.31,4,buy
9/22,3711,港商野村,1560,71,204,-133,0.54,4,sell
9/22,3711,元大證券,9800,3025,2038,987,4.0,5,buy
9/22,3711,元大-台北,0039003800300068,5,122,-117,0.47,5,sell
9/22,3711,新加坡商瑞銀,1650,766,228,538,2.18,6,buy
9/22,3711,台新-左楠,0039004200310064,28,141,-113,0.46,6,sell
9/22,3711,摩根大通,8440,1307,814,493,2.0,7,buy
9/22,3711,第一金-中山,5389,0,104,-104,0.42,7,sell
9/22,3711,台新-台北,0039004200320030,403,17,386,1.57,8,buy
9/22,3711,康和,8450,0,92,-92,0.37,8,sell
9/22,3711,群益金鼎,9100,565,212,353,1.43,9,buy
9/22,3711,永豐金-台南,0039004100390068,18,109,-91,0.37,9,sell
9/22,3711,富邦證券,9600,487,198,289,1.17,10,buy
9/22,3711,新光-台中,8561,18,103,-85,0.34,10,sell
9/22,3711,統一,5850,460,192,268,1.09,11,buy
9/22,3711,元大-莒光,003900380031004c,22,106,-84,0.34,11,sell
9/22,3711,永豐金證券,0039004100300030,346,118,228,0.93,12,buy
9/22,3711,元大-員林中山,9835,1,85,-84,0.34,12,sell
9/22,3711,永豐金-匯立,0039004100380031,210,7,203,0.82,13,buy
9/22,3711,國泰-台中,8882,59,139,-80,0.32,13,sell
9/22,3711,國票-敦北法人,0037003700390063,181,8,173,0.7,14,buy
9/22,3711,玉山-左營,0038003800340044,27,106,-79,0.32,14,sell
9/22,3711,第一金,5380,135,18,117,0.47,15,buy
9/22,3711,國泰-板橋,003800380038004b,60,138,-78,0.32,15,sell
9/22,2603,美林,1440,1156,177,979,15.49,1,buy
9/22,2603,凱基-台北,9268,48,429,-381,6.03,1,sell
9/22,2603,群益金鼎,9100,523,55,468,7.4,2,buy
9/22,2603,台灣摩根士丹利,1470,217,556,-339,5.36,2,sell
9/22,2603,玉山證券,8840,455,16,439,6.94,3,buy
9/22,2603,永豐金-新莊,0039004100390048,9,200,-191,3.02,3,sell
9/22,2603,統一,5850,181,15,166,2.63,4,buy
9/22,2603,摩根大通,8440,590,761,-171,2.7,4,sell
9/22,2603,大和國泰,8890,75,0,75,1.19,5,buy
9/22,2603,國泰-松江,8883,4,152,-148,2.34,5,sell
9/22,2603,凱基,9200,49,0,49,0.78,6,buy
9/22,2603,美商高盛,1480,777,870,-93,1.47,6,sell
9/22,2603,永豐金證券,0039004100300030,57,14,43,0.68,7,buy
9/22,2603,新加坡商瑞銀,1650,234,305,-71,1.12,7,sell
9/22,2603,中國信託-忠孝,6162,52,16,36,0.57,8,buy
9/22,2603,台新-新營,0039004200310031,0,66,-66,1.04,8,sell
9/22,2603,中國信託-中壢,0036003100360041,30,1,29,0.46,9,buy
9/22,2603,第一金,5380,39,100,-61,0.96,9,sell
9/22,2603,兆豐證券,7000,24,1,23,0.36,10,buy
9/22,2603,元大證券,9800,365,426,-61,0.96,10,sell
9/22,2603,元大-北三重,0039003800390056,22,0,22,0.35,11,buy
9/22,2603,港商麥格理,1360,4,48,-44,0.7,11,sell
9/22,2603,港商野村,1560,22,0,22,0.35,12,buy
9/22,2603,法銀巴黎,8900,64,101,-37,0.59,12,sell
9/22,2603,兆豐-民生,0037003000300063,20,1,19,0.3,13,buy
9/22,2603,香港上海匯豐,8960,3,37,-34,0.54,13,sell
9/22,2603,永豐金-市政,0039004100390057,22,6,16,0.25,14,buy
9/22,2603,元大-土城永寧,9875,1,30,-29,0.46,14,sell
9/22,2603,元大-頭份,0039003800330055,15,0,15,0.24,15,buy
9/22,2603,元大-左營,0039003800390044,1,26,-25,0.4,15,sell
9/22,2609,摩根大通,8440,3023,684,2339,14.09,1,buy
9/22,2609,元大證券,9800,624,2598,-1974,11.89,1,sell
9/22,2609,美商高盛,1480,1309,587,722,4.35,2,buy
9/22,2609,統一,5850,48,1545,-1497,9.02,2,sell
9/22,2609,台灣摩根士丹利,1470,1340,659,681,4.1,3,buy
9/22,2609,新加坡商瑞銀,1650,192,473,-281,1.69,3,sell
9/22,2609,凱基-台北,9268,1046,487,559,3.37,4,buy
9/22,2609,美林,1440,112,354,-242,1.46,4,sell
9/22,2609,國泰-高雄,8881,338,21,317,1.91,5,buy
9/22,2609,港商野村,1560,0,139,-139,0.84,5,sell
9/22,2609,法銀巴黎,8900,173,0,173,1.04,6,buy
9/22,2609,玉山-高雄,8843,6,120,-114,0.69,6,sell
9/22,2609,台新-彰化,003900420032004d,105,0,105,0.63,7,buy
9/22,2609,國票-九鼎,0037003700390050,57,162,-105,0.63,7,sell
9/22,2609,永豐金-萬盛,0039004100390032,116,12,104,0.63,8,buy
9/22,2609,永豐金-彰化,0039004100390073,14,116,-102,0.61,8,sell
9/22,2609,花旗環球,1590,97,8,89,0.54,9,buy
9/22,2609,港商麥格理,1360,14,105,-91,0.55,9,sell
9/22,2609,富邦證券,9600,274,187,87,0.52,10,buy
9/22,2609,富邦-內湖,9627,5,94,-89,0.54,10,sell
9/22,2609,凱基-士林,9238,91,5,86,0.52,11,buy
9/22,2609,國泰-敦南,8888,309,395,-86,0.52,11,sell
9/22,2609,國票-台東,7791,70,6,64,0.39,12,buy
9/22,2609,元大-莒光,003900380031004c,8,85,-77,0.46,12,sell
9/22,2609,國泰-新竹,003800380038004e,64,0,64,0.39,13,buy
9/22,2609,臺銀-金山,0031003000340044,6,76,-70,0.42,13,sell
9/22,2609,永豐金-屏東,0039004100360039,80,22,58,0.35,14,buy
9/22,2609,華南永昌-高雄,9303,12,79,-67,0.4,14,sell
9/22,2609,凱基,9200,130,73,57,0.34,15,buy
9/22,2609,凱基-松山,9217,0,65,-65,0.39,15,sell
9/22,2615,摩根大通,8440,1010,211,799,9.18,1,buy
9/22,2615,新加坡商瑞銀,1650,12,431,-419,4.81,1,sell
9/22,2615,台灣摩根士丹利,1470,1128,675,453,5.2,2,buy
9/22,2615,美商高盛,1480,346,711,-365,4.19,2,sell
9/22,2615,美林,1440,431,89,342,3.93,3,buy
9/22,2615,台新,0039004200300030,13,127,-114,1.31,3,sell
9/22,2615,港商麥格理,1360,272,0,272,3.12,4,buy
9/22,2615,群益金鼎-三重,0039003100330067,3,104,-101,1.16,4,sell
9/22,2615,香港上海匯豐,8960,126,0,126,1.45,5,buy
9/22,2615,永豐金證券,0039004100300030,38,133,-95,1.09,5,sell
9/22,2615,元大證券,9800,610,494,116,1.33,6,buy
9/22,2615,富邦-木柵,003900360031004d,2,91,-89,1.02,6,sell
9/22,2615,富邦-三重,9677,52,4,48,0.55,7,buy
9/22,2615,元大-草屯,0039003800390045,10,92,-82,0.94,7,sell
9/22,2615,元大-大天母,9893,47,1,46,0.53,8,buy
9/22,2615,元大-新店中正,0039003800340043,2,81,-79,0.91,8,sell
9/22,2615,台新-烏日,0039004200320063,50,4,46,0.53,9,buy
9/22,2615,玉山-大里,003800380034004a,1,62,-61,0.7,9,sell
9/22,2615,花旗環球,1590,56,11,45,0.52,10,buy
9/22,2615,元大-板橋,0039003800390043,9,66,-57,0.65,10,sell
9/22,2615,新光,8560,133,93,40,0.46,11,buy
9/22,2615,群益金鼎-民權,9131,2,57,-55,0.63,11,sell
9/22,2615,富邦-台北,9623,51,18,33,0.38,12,buy
9/22,2615,群益金鼎,9100,30,83,-53,0.61,12,sell
9/22,2615,臺銀-臺南,1042,57,26,31,0.36,13,buy
9/22,2615,統一,5850,31,83,-52,0.6,13,sell
9/22,2615,富邦證券,9600,89,61,28,0.32,14,buy
9/22,2615,陽信-石牌,8711,2,53,-51,0.59,14,sell
9/22,2615,台新-吉利,0039004200320057,30,7,23,0.26,15,buy
9/22,2615,統一-城中,5854,0,50,-50,0.57,15,sell
9/22,2618,凱基,9200,2850,0,2850,15.56,1,buy
9/22,2618,永豐金-中正,0039004100390055,0,701,-701,3.83,1,sell
9/22,2618,美林,1440,1573,112,1461,7.98,2,buy
9/22,2618,富邦證券,9600,0,656,-656,3.58,2,sell
9/22,2618,新加坡商瑞銀,1650,1603,248,1355,7.4,3,buy
9/22,2618,華南永昌,9300,11,447,-436,2.38,3,sell
9/22,2618,台灣摩根士丹利,1470,2436,1126,1310,7.15,4,buy
9/22,2618,兆豐證券,7000,0,400,-400,2.18,4,sell
9/22,2618,凱基-台北,9268,1472,331,1141,6.23,5,buy
9/22,2618,富邦-和美,0039003600310050,2,341,-339,1.85,5,sell
9/22,2618,中國信託,6160,1151,30,1121,6.12,6,buy
9/22,2618,國泰-敦南,8888,17,294,-277,1.51,6,sell
9/22,2618,元大證券,9800,689,180,509,2.78,7,buy
9/22,2618,富邦-公益,0039003600310046,1,254,-253,1.38,7,sell
9/22,2618,摩根大通,8440,779,304,475,2.59,8,buy
9/22,2618,富邦-敦南,9663,0,225,-225,1.23,8,sell
9/22,2618,港商野村,1560,445,0,445,2.43,9,buy
9/22,2618,玉山-景美,8849,10,211,-201,1.1,9,sell
9/22,2618,美商高盛,1480,2865,2441,424,2.32,10,buy
9/22,2618,統一-松江,003500380035005a,5,201,-196,1.07,10,sell
9/22,2618,凱基-頭份,9296,204,0,204,1.11,11,buy
9/22,2618,富邦-台中,003900360035004b,0,155,-155,0.85,11,sell
9/22,2618,群益金鼎-新莊,0039003100380047,200,1,199,1.09,12,buy
9/22,2618,中國信託-高雄,003600310036004b,0,155,-155,0.85,12,sell
9/22,2618,法銀巴黎,8900,125,0,125,0.68,13,buy
9/22,2618,元大-信義,003900380039006d,0,138,-138,0.75,13,sell
9/22,2618,花旗環球,1590,311,232,79,0.43,14,buy
9/22,2618,國泰-忠孝,8887,0,133,-133,0.73,14,sell
9/22,2618,華南永昌-世貿,9334,60,5,55,0.3,15,buy
9/22,2618,元大-松山,0039003800310070,0,129,-129,0.7,15,sell
9/22,3037,港商野村,1560,2199,0,2199,20.31,1,buy
9/22,3037,國泰-敦南,8888,9,275,-266,2.46,1,sell
9/22,3037,元大證券,9800,2163,738,1425,13.16,2,buy
9/22,3037,新加坡商瑞銀,1650,4,223,-219,2.02,2,sell
9/22,3037,美商高盛,1480,1107,79,1028,9.5,3,buy
9/22,3037,永豐金-內湖,0039004100390067,0,166,-166,1.53,3,sell
9/22,3037,摩根大通,8440,1166,158,1008,9.31,4,buy
9/22,3037,亞東,2180,0,115,-115,1.06,4,sell
9/22,3037,台灣摩根士丹利,1470,768,98,670,6.19,5,buy
9/22,3037,凱基,9200,1,109,-108,1.0,5,sell
9/22,3037,統一,5850,385,40,345,3.19,6,buy
9/22,3037,國泰-板橋,003800380038004b,1,107,-106,0.98,6,sell
9/22,3037,港商麥格理,1360,301,8,293,2.71,7,buy
9/22,3037,新光,8560,0,105,-105,0.97,7,sell
9/22,3037,群益金鼎,9100,199,48,151,1.39,8,buy
9/22,3037,台新,0039004200300030,122,225,-103,0.95,8,sell
9/22,3037,元大-忠孝鼎富,0039003800320046,100,1,99,0.91,9,buy
9/22,3037,台新-松江,0039004200310035,0,92,-92,0.85,9,sell
9/22,3037,美林,1440,101,3,98,0.91,10,buy
9/22,3037,元大-中壢,9834,0,78,-78,0.72,10,sell
9/22,3037,兆豐-嘉義,7001,100,13,87,0.8,11,buy
9/22,3037,元大-竹科,003900380030004b,0,71,-71,0.66,11,sell
9/22,3037,富邦-南屯,9666,60,22,38,0.35,12,buy
9/22,3037,永豐金證券,0039004100300030,17,87,-70,0.65,12,sell
9/22,3037,永豐金-員林,0039004100390043,46,9,37,0.34,13,buy
9/22,3037,國泰-館前,0038003800380041,0,62,-62,0.57,13,sell
9/22,3037,國票證券,7790,41,8,33,0.3,14,buy
9/22,3037,玉山證券,8840,0,57,-57,0.53,14,sell
9/22,3037,台新-五權西,0039004200320035,30,2,28,0.26,15,buy
9/22,3037,宏遠證券,1260,9,64,-55,0.51,15,sell
9/22,2345,美商高盛,1480,572,238,334,8.4,1,buy
9/22,2345,大和國泰,8890,21,305,-284,7.14,1,sell
9/22,2345,元大-土城永寧,9875,154,1,153,3.85,2,buy
9/22,2345,台灣摩根士丹利,1470,130,259,-129,3.24,2,sell
9/22,2345,花旗環球,1590,119,30,89,2.24,3,buy
9/22,2345,群益金鼎,9100,37,165,-128,3.22,3,sell
9/22,2345,統一,5850,77,6,71,1.79,4,buy
9/22,2345,港商野村,1560,51,179,-128,3.22,4,sell
9/22,2345,元大-新盛,9869,53,1,52,1.31,5,buy
9/22,2345,永豐金證券,0039004100300030,28,141,-113,2.84,5,sell
9/22,2345,宏遠-民生,1261,34,0,34,0.85,6,buy
9/22,2345,香港上海匯豐,8960,2,94,-92,2.31,6,sell
9/22,2345,統一-仁愛,0035003800350063,30,4,26,0.65,7,buy
9/22,2345,元大證券,9800,228,291,-63,1.58,7,sell
9/22,2345,台新-松江,0039004200310035,26,2,24,0.6,8,buy
9/22,2345,凱基-台北,9268,151,198,-47,1.18,8,sell
9/22,2345,新加坡商瑞銀,1650,138,116,22,0.55,9,buy
9/22,2345,富邦-永和,9654,4,34,-30,0.75,9,sell
9/22,2345,凱基,9200,87,65,22,0.55,10,buy
9/22,2345,大昌,6460,15,32,-17,0.43,10,sell
9/22,2345,台新,0039004200300030,43,23,20,0.5,11,buy
9/22,2345,摩根大通,8440,131,144,-13,0.33,11,sell
9/22,2345,法銀巴黎,8900,17,0,17,0.43,12,buy
9/22,2345,國票-長城,0037003700390075,0,10,-10,0.25,12,sell
9/22,2345,富邦-陽明,9604,22,5,17,0.43,13,buy
9/22,2345,日茂,5960,0,10,-10,0.25,13,sell
9/22,2345,元大-民生三民,0039003800390058,13,0,13,0.33,14,buy
9/22,2345,永豐金-大園,0039004100390038,3,13,-10,0.25,14,sell
9/22,2345,永豐金-信義,0039004100390052,20,8,12,0.3,15,buy
9/22,2345,台新-台北,0039004200320030,1,11,-10,0.25,15,sell
9/22,3006,元大-頭份,0039003800330055,216,19,197,2.02,1,buy
9/22,3006,新加坡商瑞銀,1650,32,998,-966,9.89,1,sell
9/22,3006,元大-莒光,003900380031004c,111,2,109,1.12,2,buy
9/22,3006,美商高盛,1480,90,877,-787,8.06,2,sell
9/22,3006,元大-大同,0039003800390047,115,22,93,0.95,3,buy
9/22,3006,元大證券,9800,573,1019,-446,4.57,3,sell
9/22,3006,聯邦證券,8580,94,10,84,0.86,4,buy
9/22,3006,凱基-台北,9268,267,707,-440,4.5,4,sell
9/22,3006,元大-樹林,003900380039006a,89,8,81,0.83,5,buy
9/22,3006,港商野村,1560,112,478,-366,3.75,5,sell
9/22,3006,元大-土城,9897,85,4,81,0.83,6,buy
9/22,3006,第一金-大稻埕,0035003300380046,1,154,-153,1.57,6,sell
9/22,3006,元大-雙和,9874,71,6,65,0.67,7,buy
9/22,3006,台灣摩根士丹利,1470,1,142,-141,1.44,7,sell
9/22,3006,永豐金證券,0039004100300030,205,143,62,0.63,8,buy
9/22,3006,摩根大通,8440,79,215,-136,1.39,8,sell
9/22,3006,玉山-新竹,0038003800340048,63,4,59,0.6,9,buy
9/22,3006,元大-和平,9863,8,96,-88,0.9,9,sell
9/22,3006,元大-三民,0039003800390046,59,3,56,0.57,10,buy
9/22,3006,富邦-台北,9623,55,136,-81,0.83,10,sell
9/22,3006,台新,0039004200300030,110,55,55,0.56,11,buy
9/22,3006,統一-台中,5856,7,86,-79,0.81,11,sell
9/22,3006,富邦-內湖,9627,62,8,54,0.55,12,buy
9/22,3006,富邦-敦南,9663,8,63,-55,0.56,12,sell
9/22,3006,兆豐-新竹,0037003000300056,56,3,53,0.54,13,buy
9/22,3006,永豐金-松山,0039004100390031,11,52,-41,0.42,13,sell
9/22,3006,國泰-敦南,8888,203,150,53,0.54,14,buy
9/22,3006,光和-高雄,0036003300380044,2,33,-31,0.32,14,sell
9/22,3006,富邦-建國,9658,83,32,51,0.52,15,buy
9/22,3006,國泰證券,8880,0,27,-27,0.28,15,sell
9/22,2379,美商高盛,1480,906,88,818,21.93,1,buy
9/22,2379,國泰證券,8880,1,512,-511,13.7,1,sell
9/22,2379,台灣摩根士丹利,1470,568,60,508,13.62,2,buy
9/22,2379,台灣企銀,1110,0,365,-365,9.79,2,sell
9/22,2379,新加坡商瑞銀,1650,191,51,140,3.75,3,buy
9/22,2379,華南永昌-中正,9359,1,124,-123,3.3,3,sell
9/22,2379,花旗環球,1590,143,4,139,3.73,4,buy
9/22,2379,中國信託,6160,30,139,-109,2.92,4,sell
9/22,2379,元大證券,9800,327,191,136,3.65,5,buy
9/22,2379,台灣企銀-豐原,1118,0,78,-78,2.09,5,sell
9/22,2379,摩根大通,8440,195,96,99,2.65,6,buy
9/22,2379,康和,8450,0,62,-62,1.66,6,sell
9/22,2379,美林,1440,98,52,46,1.23,7,buy
9/22,2379,彰銀,1230,0,60,-60,1.61,7,sell
9/22,2379,港商麥格理,1360,44,0,44,1.18,8,buy
9/22,2379,土銀,1030,0,48,-48,1.29,8,sell
9/22,2379,大和國泰,8890,40,0,40,1.07,9,buy
9/22,2379,中國信託-永康,6163,2,32,-30,0.8,9,sell
9/22,2379,永豐金-匯立,0039004100380031,30,0,30,0.8,10,buy
9/22,2379,國泰-板橋,003800380038004b,4,30,-26,0.7,10,sell
9/22,2379,法銀巴黎,8900,23,1,22,0.59,11,buy
9/22,2379,玉山-雙和,8841,0,22,-22,0.59,11,sell
9/22,2379,國票-敦北法人,0037003700390063,20,1,19,0.51,12,buy
9/22,2379,凱基,9200,10,31,-21,0.56,12,sell
9/22,2379,國票證券,7790,20,10,10,0.27,13,buy
9/22,2379,玉山-大里,003800380034004a,2,19,-17,0.46,13,sell
9/22,2379,兆豐證券,7000,9,0,9,0.24,14,buy
9/22,2379,香港上海匯豐,8960,3,20,-17,0.46,14,sell
9/22,2379,凱基-台北,9268,221,213,8,0.21,15,buy
9/22,2379,國泰-敦南,8888,19,34,-15,0.4,15,sell
9/22,3034,美商高盛,1480,771,62,709,18.35,1,buy
9/22,3034,港商麥格理,1360,2,118,-116,3.0,1,sell
9/22,3034,摩根大通,8440,365,55,310,8.02,2,buy
9/22,3034,港商野村,1560,54,162,-108,2.8,2,sell
9/22,3034,台灣摩根士丹利,1470,444,137,307,7.95,3,buy
9/22,3034,美林,1440,120,227,-107,2.77,3,sell
9/22,3034,新加坡商瑞銀,1650,233,61,172,4.45,4,buy
9/22,3034,兆豐-永和,0037003000300058,0,80,-80,2.07,4,sell
9/22,3034,元大證券,9800,315,220,95,2.46,5,buy
9/22,3034,凱基,9200,23,92,-69,1.79,5,sell
9/22,3034,兆豐證券,7000,96,11,85,2.2,6,buy
9/22,3034,康和,8450,0,68,-68,1.76,6,sell
9/22,3034,凱基-台北,9268,218,143,75,1.94,7,buy
9/22,3034,統一,5850,25,90,-65,1.68,7,sell
9/22,3034,花旗環球,1590,108,55,53,1.37,8,buy
9/22,3034,(牛牛牛)亞-鑫豐,0036003000310064,0,42,-42,1.09,8,sell
9/22,3034,群益金鼎,9100,88,43,45,1.16,9,buy
9/22,3034,玉山-雙和,8841,13,54,-41,1.06,9,sell
9/22,3034,富邦證券,9600,84,41,43,1.11,10,buy
9/22,3034,富邦-羅東,9634,3,39,-36,0.93,10,sell
9/22,3034,兆豐-寶成,0037003000300072,27,0,27,0.7,11,buy
9/22,3034,台新-緯城,0039004200320041,18,51,-33,0.85,11,sell
9/22,3034,永豐金-亞灣,0039004100390061,20,0,20,0.52,12,buy
9/22,3034,元大-豐原站前,0039003800390057,0,31,-31,0.8,12,sell
9/22,3034,統一-南京,0035003800350055,15,1,14,0.36,13,buy
9/22,3034,台新-九如,0039004200320031,1,27,-26,0.67,13,sell
9/22,3034,永豐金證券,0039004100300030,25,12,13,0.34,14,buy
9/22,3034,國泰-台中,8882,7,33,-26,0.67,14,sell
9/22,3034,國票-敦北法人,0037003700390063,20,8,12,0.31,15,buy
9/22,3034,國泰-敦南,8888,20,46,-26,0.67,15,sell
9/22,2412,美林,1440,797,55,742,13.57,1,buy
9/22,2412,臺銀,1040,2,512,-510,9.33,1,sell
9/22,2412,台灣摩根士丹利,1470,834,363,471,8.61,2,buy
9/22,2412,中國信託,6160,99,608,-509,9.31,2,sell
9/22,2412,美商高盛,1480,685,223,462,8.45,3,buy
9/22,2412,元大-永春,9852,0,247,-247,4.52,3,sell
9/22,2412,凱基-台北,9268,541,192,349,6.38,4,buy
9/22,2412,新加坡商瑞銀,1650,207,369,-162,2.96,4,sell
9/22,2412,摩根大通,8440,756,431,325,5.94,5,buy
9/22,2412,台新-台北,0039004200320030,0,110,-110,2.01,5,sell
9/22,2412,富邦-建國,9658,220,1,219,4.0,6,buy
9/22,2412,台灣企銀-屏東,1116,0,106,-106,1.94,6,sell
9/22,2412,元大-屏東,9892,101,0,101,1.85,7,buy
9/22,2412,凱基-東港,9212,1,67,-66,1.21,7,sell
9/22,2412,花旗環球,1590,128,36,92,1.68,8,buy
9/22,2412,統一-台南,5855,0,50,-50,0.91,8,sell
9/22,2412,港商野村,1560,87,0,87,1.59,9,buy
9/22,2412,華南永昌-台南,9306,0,50,-50,0.91,9,sell
9/22,2412,凱基,9200,80,3,77,1.41,10,buy
9/22,2412,台新-虎尾,003900420032004e,0,50,-50,0.91,10,sell
9/22,2412,國泰證券,8880,77,1,76,1.39,11,buy
9/22,2412,台新-敦南,0039004200320051,0,50,-50,0.91,11,sell
9/22,2412,永全證券,6450,60,0,60,1.1,12,buy
9/22,2412,富邦-板橋,9655,0,49,-49,0.9,12,sell
9/22,2412,群益金鼎,9100,40,5,35,0.64,13,buy
9/22,2412,元大-福營,0039003800310046,0,47,-47,0.86,13,sell
9/22,2412,永豐金-竹科,0039004100390058,22,0,22,0.4,14,buy
9/22,2412,國泰-敦南,8888,15,49,-34,0.62,14,sell
9/22,2412,群益金鼎-板橋,0039003100380042,19,0,19,0.35,15,buy
9/22,2412,凱基-科園,9254,0,28,-28,0.51,15,sell
9/22,2409,美商高盛,1480,95100,11265,83835,7.21,1,buy
9/22,2409,元大證券,9800,83082,108933,-25851,2.22,1,sell
9/22,2409,台灣摩根士丹利,1470,59064,6033,53031,4.56,2,buy
9/22,2409,凱基,9200,856,21880,-21024,1.81,2,sell
9/22,2409,凱基-站前,0039003200300046,43682,2941,40741,3.5,3,buy
9/22,2409,花旗環球,1590,1256,8501,-7245,0.62,3,sell
9/22,2409,凱基-台北,9268,97615,57270,40345,3.47,4,buy
9/22,2409,港商麥格理,1360,447,5650,-5203,0.45,4,sell
9/22,2409,新加坡商瑞銀,1650,35597,7428,28169,2.42,5,buy
9/22,2409,國泰-敦南,8888,15187,19477,-4290,0.37,5,sell
9/22,2409,港商野村,1560,32990,7209,25781,2.22,6,buy
9/22,2409,富邦-永和,9654,1381,4812,-3431,0.3,6,sell
9/22,2409,摩根大通,8440,25491,5892,19599,1.69,7,buy
9/22,2409,永豐金-大園,0039004100390038,941,3792,-2851,0.25,7,sell
9/22,2409,美林,1440,14458,5085,9373,0.81,8,buy
9/22,2409,玉山-高雄,8843,749,3474,-2725,0.23,8,sell
9/22,2409,統一,5850,15738,10319,5419,0.47,9,buy
9/22,2409,富邦證券,9600,195716,198360,-2644,0.23,9,sell
9/22,2409,元大-台北,0039003800300068,11689,7399,4290,0.37,10,buy
9/22,2409,玉山-嘉義,8848,455,2289,-1834,0.16,10,sell
9/22,2409,兆豐證券,7000,2435,253,2182,0.19,11,buy
9/22,2409,富邦-台南,9667,3534,5364,-1830,0.16,11,sell
9/22,2409,富邦-南屯,9666,13774,11698,2076,0.18,12,buy
9/22,2409,元大-竹科,003900380030004b,4208,6006,-1798,0.15,12,sell
9/22,2409,兆豐-新莊,0037003000300077,2361,318,2043,0.18,13,buy
9/22,2409,台中銀-豐原,0036003100310041,631,2386,-1755,0.15,13,sell
9/22,2409,中國信託-高雄,003600310036004b,3123,1233,1890,0.16,14,buy
9/22,2409,元大-發財,0039003800310045,204,1916,-1712,0.15,14,sell
9/22,2409,永豐金證券,0039004100300030,7596,5711,1885,0.16,15,buy
9/22,2409,元大-內湖,003900380039004e,332,2031,-1699,0.15,15,sell
9/22,2892,凱基-台北,9268,4340,522,3818,19.18,1,buy
9/22,2892,元大-民生三民,0039003800390058,0,3361,-3361,16.89,1,sell
9/22,2892,台灣摩根士丹利,1470,2809,1047,1762,8.85,2,buy
9/22,2892,新加坡商瑞銀,1650,91,2445,-2354,11.83,2,sell
9/22,2892,美林,1440,1831,89,1742,8.75,3,buy
9/22,2892,台新,0039004200300030,103,960,-857,4.31,3,sell
9/22,2892,富邦證券,9600,1138,8,1130,5.68,4,buy
9/22,2892,摩根大通,8440,413,838,-425,2.14,4,sell
9/22,2892,花旗環球,1590,1349,260,1089,5.47,5,buy
9/22,2892,土銀,1030,1,407,-406,2.04,5,sell
9/22,2892,香港上海匯豐,8960,796,0,796,4.0,6,buy
9/22,2892,富邦-花蓮,9621,0,212,-212,1.07,6,sell
9/22,2892,港商野村,1560,820,57,763,3.83,7,buy
9/22,2892,台新-屏新,0039004200320071,0,207,-207,1.04,7,sell
9/22,2892,美商高盛,1480,2214,1619,595,2.99,8,buy
9/22,2892,群益金鼎-東大,9135,0,151,-151,0.76,8,sell
9/22,2892,華南永昌,9300,301,59,242,1.22,9,buy
9/22,2892,高橋,5320,0,133,-133,0.67,9,sell
9/22,2892,元大證券,9800,1233,1025,208,1.05,10,buy
9/22,2892,國泰-敦南,8888,43,176,-133,0.67,10,sell
9/22,2892,大和國泰,8890,176,0,176,0.88,11,buy
9/22,2892,光和,6380,3,120,-117,0.59,11,sell
9/22,2892,群益金鼎,9100,192,39,153,0.77,12,buy
9/22,2892,富邦-永和,9654,1,112,-111,0.56,12,sell
9/22,2892,中國信託,6160,150,30,120,0.6,13,buy
9/22,2892,元大-仁愛,003900380033006a,0,110,-110,0.55,13,sell
9/22,2892,兆豐證券,7000,100,0,100,0.5,14,buy
9/22,2892,美好,5260,0,107,-107,0.54,14,sell
9/22,2892,永豐金-竹科,0039004100390058,100,6,94,0.47,15,buy
9/22,2892,兆豐-來福,0037003000300043,0,100,-100,0.5,15,sell
9/22,2886,凱基-台北,9268,4897,376,4521,21.24,1,buy
9/22,2886,玉山證券,8840,26,3671,-3645,17.12,1,sell
9/22,2886,香港上海匯豐,8960,2242,87,2155,10.12,2,buy
9/22,2886,凱基,9200,417,2988,-2571,12.08,2,sell
9/22,2886,美商高盛,1480,2178,125,2053,9.64,3,buy
9/22,2886,統一,5850,466,2765,-2299,10.8,3,sell
9/22,2886,台灣摩根士丹利,1470,1416,317,1099,5.16,4,buy
9/22,2886,國票-敦北法人,0037003700390063,1,1737,-1736,8.16,4,sell
9/22,2886,港商野村,1560,890,24,866,4.07,5,buy
9/22,2886,元大證券,9800,1265,2419,-1154,5.42,5,sell
9/22,2886,富邦證券,9600,1246,625,621,2.92,6,buy
9/22,2886,合庫證券,1020,2,902,-900,4.23,6,sell
9/22,2886,摩根大通,8440,683,170,513,2.41,7,buy
9/22,2886,宏遠證券,1260,0,615,-615,2.89,7,sell
9/22,2886,美林,1440,492,75,417,1.96,8,buy
9/22,2886,中國信託,6160,138,476,-338,1.59,8,sell
9/22,2886,新光,8560,162,15,147,0.69,9,buy
9/22,2886,新加坡商瑞銀,1650,265,548,-283,1.33,9,sell
9/22,2886,凱基-和平,9255,143,0,143,0.67,10,buy
9/22,2886,台灣企銀,1110,0,280,-280,1.32,10,sell
9/22,2886,群益金鼎-南京,0039003100380045,150,30,120,0.56,11,buy
9/22,2886,港商麥格理,1360,0,166,-166,0.78,11,sell
9/22,2886,玉山-高雄,8843,108,3,105,0.49,12,buy
9/22,2886,花旗環球,1590,496,630,-134,0.63,12,sell
9/22,2886,永豐金-匯立,0039004100380031,91,0,91,0.43,13,buy
9/22,2886,元大-六合,0039003800320043,1,101,-100,0.47,13,sell
9/22,2886,永豐金證券,0039004100300030,92,37,55,0.26,14,buy
9/22,2886,土銀-新竹,1035,3,100,-97,0.46,14,sell
9/22,2886,國泰-板橋,003800380038004b,61,7,54,0.25,15,buy
9/22,2886,土銀,1030,1,90,-89,0.42,15,sell
9/22,6770,凱基-台北,9268,6010,3684,2326,2.42,1,buy
9/22,6770,元大-雙和,9874,112,1492,-1380,1.44,1,sell
9/22,6770,美林,1440,2765,610,2155,2.25,2,buy
9/22,6770,群益金鼎-大安,0039003100380065,145,985,-840,0.88,2,sell
9/22,6770,台灣摩根士丹利,1470,3307,2255,1052,1.1,3,buy
9/22,6770,摩根大通,8440,1492,2002,-510,0.53,3,sell
9/22,6770,美商高盛,1480,7912,6923,989,1.03,4,buy
9/22,6770,元大-嘉義,0039003800390067,223,662,-439,0.46,4,sell
9/22,6770,新加坡商瑞銀,1650,2665,1720,945,0.98,5,buy
9/22,6770,永豐金-信義,0039004100390052,16,375,-359,0.37,5,sell
9/22,6770,港商野村,1560,667,111,556,0.58,6,buy
9/22,6770,國泰-敦南,8888,2404,2693,-289,0.3,6,sell
9/22,6770,元大證券,9800,7312,6794,518,0.54,7,buy
9/22,6770,國票-敦北法人,0037003700390063,39,328,-289,0.3,7,sell
9/22,6770,法銀巴黎,8900,447,12,435,0.45,8,buy
9/22,6770,凱基-板橋,0039003200300041,57,344,-287,0.3,8,sell
9/22,6770,富隆證券,5110,405,0,405,0.42,9,buy
9/22,6770,台新-城中,0039004200320045,36,322,-286,0.3,9,sell
9/22,6770,台新,0039004200300030,851,512,339,0.35,10,buy
9/22,6770,富邦-台北,9623,508,738,-230,0.24,10,sell
9/22,6770,永豐金-竹北,0039004100390050,295,65,230,0.24,11,buy
9/22,6770,玉山-台中,0038003800340042,179,377,-198,0.21,11,sell
9/22,6770,京城,8490,206,2,204,0.21,12,buy
9/22,6770,新光,8560,527,711,-184,0.19,12,sell
9/22,6770,凱基-台南,9211,334,132,202,0.21,13,buy
9/22,6770,永豐金證券,0039004100300030,361,543,-182,0.19,13,sell
9/22,6770,元大-岡山,0039003800350046,213,12,201,0.21,14,buy
9/22,6770,玉山-嘉義,8848,71,239,-168,0.18,14,sell
9/22,6770,華南永昌-嘉義,9314,722,524,198,0.21,15,buy
9/22,6770,富邦-中壢,9636,84,252,-168,0.18,15,sell
9/22,2883,陽信,8710,1292,0,1292,2.78,1,buy
9/22,2883,美商高盛,1480,1153,8328,-7175,15.44,1,sell
9/22,2883,國泰-敦南,8888,1759,685,1074,2.31,2,buy
9/22,2883,台灣摩根士丹利,1470,425,7356,-6931,14.91,2,sell
9/22,2883,凱基-雙和,0039003200300043,1019,12,1007,2.17,3,buy
9/22,2883,美林,1440,604,5259,-4655,10.02,3,sell
9/22,2883,元大-草屯,0039003800390045,590,5,585,1.26,4,buy
9/22,2883,摩根大通,8440,646,3090,-2444,5.26,4,sell
9/22,2883,兆豐-台中港,7005,529,5,524,1.13,5,buy
9/22,2883,花旗環球,1590,1406,3299,-1893,4.07,5,sell
9/22,2883,永豐金-匯立,0039004100380031,514,0,514,1.11,6,buy
9/22,2883,港商野村,1560,119,2012,-1893,4.07,6,sell
9/22,2883,華南永昌-大安,9307,466,2,464,1.0,7,buy
9/22,2883,凱基-台北,9268,1185,2432,-1247,2.68,7,sell
9/22,2883,新光,8560,465,57,408,0.88,8,buy
9/22,2883,元大證券,9800,1232,2332,-1100,2.37,8,sell
9/22,2883,台新-高雄,0039004200310067,413,14,399,0.86,9,buy
9/22,2883,新加坡商瑞銀,1650,725,1424,-699,1.5,9,sell
9/22,2883,富邦-陽明,9604,712,330,382,0.82,10,buy
9/22,2883,群益金鼎-台南,9185,17,602,-585,1.26,10,sell
9/22,2883,台新,0039004200300030,634,262,372,0.8,11,buy
9/22,2883,京城,8490,4,300,-296,0.64,11,sell
9/22,2883,富邦-公益,0039003600310046,369,2,367,0.79,12,buy
9/22,2883,國泰證券,8880,41,322,-281,0.6,12,sell
9/22,2883,台新-台北,0039004200320030,301,3,298,0.64,13,buy
9/22,2883,香港上海匯豐,8960,51,283,-232,0.5,13,sell
9/22,2883,富邦-新板,0039003600310048,301,10,291,0.63,14,buy
9/22,2883,亞東,2180,43,210,-167,0.36,14,sell
9/22,2883,凱基-豐中,9223,310,31,279,0.6,15,buy
9/22,2883,合庫-台中,1021,98,259,-161,0.35,15,sell
9/22,5880,美商高盛,1480,1153,197,956,9.93,1,buy
9/22,5880,新加坡商瑞銀,1650,402,1848,-1446,15.03,1,sell
9/22,5880,大和國泰,8890,636,0,636,6.61,2,buy
9/22,5880,凱基-台北,9268,223,757,-534,5.55,2,sell
9/22,5880,台灣摩根士丹利,1470,830,302,528,5.49,3,buy
9/22,5880,國票-桃園,0037003700390072,0,527,-527,5.48,3,sell
9/22,5880,美林,1440,539,110,429,4.46,4,buy
9/22,5880,元大-敦南,0039003800390050,0,501,-501,5.21,4,sell
9/22,5880,花旗環球,1590,459,52,407,4.23,5,buy
9/22,5880,兆豐-松德,0037003000300069,1,236,-235,2.44,5,sell
9/22,5880,元大證券,9800,278,54,224,2.33,6,buy
9/22,5880,土銀,1030,0,205,-205,2.13,6,sell
9/22,5880,德信,6910,200,0,200,2.08,7,buy
9/22,5880,華南永昌-世貿,9334,1,165,-164,1.7,7,sell
9/22,5880,富邦-永康,003900360031005a,200,1,199,2.07,8,buy
9/22,5880,元大-新竹經國,9859,0,141,-141,1.47,8,sell
9/22,5880,永豐金-永康,0039004100390063,202,9,193,2.01,9,buy
9/22,5880,富邦證券,9600,2,113,-111,1.15,9,sell
9/22,5880,元大-高雄,003900380031006d,159,1,158,1.64,10,buy
9/22,5880,富邦-樹林,0039003600320045,1,104,-103,1.07,10,sell
9/22,5880,國泰證券,8880,133,8,125,1.3,11,buy
9/22,5880,兆豐-東門,0037003000300048,4,102,-98,1.02,11,sell
9/22,5880,福邦-新竹,6489,120,0,120,1.25,12,buy
9/22,5880,群益金鼎-天母,0039003100380050,3,100,-97,1.01,12,sell
9/22,5880,凱基,9200,129,29,100,1.04,13,buy
9/22,5880,台新-永和,0039004200320042,0,85,-85,0.88,13,sell
9/22,5880,美好,5260,100,0,100,1.04,14,buy
9/22,5880,元大-竹科,003900380030004b,0,62,-62,0.64,14,sell
9/22,5880,元大-博愛,0039003800320042,100,10,90,0.94,15,buy
9/22,5880,永豐金-匯立,0039004100380031,54,115,-61,0.63,15,sell
9/22,1326,香港上海匯豐,8960,1128,26,1102,5.5,1,buy
9/22,1326,花旗環球,1590,142,1875,-1733,8.65,1,sell
9/22,1326,美林,1440,602,54,548,2.73,2,buy
9/22,1326,富邦證券,9600,192,974,-782,3.9,2,sell
9/22,1326,群益金鼎-延平,0039003100380078,204,2,202,1.01,3,buy
9/22,1326,凱基,9200,259,950,-691,3.45,3,sell
9/22,1326,摩根大通,8440,547,382,165,0.82,4,buy
9/22,1326,中國信託,6160,25,591,-566,2.82,4,sell
9/22,1326,元大證券,9800,2433,2270,163,0.81,5,buy
9/22,1326,新加坡商瑞銀,1650,211,755,-544,2.71,5,sell
9/22,1326,國泰-台中,8882,160,36,124,0.62,6,buy
9/22,1326,國泰證券,8880,59,603,-544,2.71,6,sell
9/22,1326,元大-內湖民權,9867,109,0,109,0.54,7,buy
9/22,1326,元大-信義,003900380039006d,42,307,-265,1.32,7,sell
9/22,1326,群益金鼎-彰化,9187,109,9,100,0.5,8,buy
9/22,1326,第一金,5380,241,456,-215,1.07,8,sell
9/22,1326,新光,8560,144,49,95,0.47,9,buy
9/22,1326,玉山證券,8840,63,218,-155,0.77,9,sell
9/22,1326,台灣企銀-嘉義,1114,87,1,86,0.43,10,buy
9/22,1326,元大-嘉義,0039003800390067,43,183,-140,0.7,10,sell
9/22,1326,元大-大里,0039003800310067,92,12,80,0.4,11,buy
9/22,1326,凱基-台北,9268,572,678,-106,0.53,11,sell
9/22,1326,富邦-板橋,9655,82,4,78,0.39,12,buy
9/22,1326,台新-台北,0039004200320030,5,104,-99,0.49,12,sell
9/22,1326,富邦-台中,003900360035004b,89,16,73,0.36,13,buy
9/22,1326,元大-發財,0039003800310045,8,106,-98,0.49,13,sell
9/22,1326,兆豐-公益,003700300030004a,85,23,62,0.31,14,buy
9/22,1326,台灣摩根士丹利,1470,658,753,-95,0.47,14,sell
9/22,1326,元大-內湖,003900380039004e,65,4,61,0.3,15,buy
9/22,1326,第一金-彰化,5386,28,120,-92,0.46,15,sell
9/22,1301,富邦證券,9600,4471,193,4278,23.24,1,buy
9/22,1301,新加坡商瑞銀,1650,31,2211,-2180,11.84,1,sell
9/22,1301,中國信託,6160,1507,35,1472,8.0,2,buy
9/22,1301,凱基-台北,9268,72,1157,-1085,5.9,2,sell
9/22,1301,香港上海匯豐,8960,1194,29,1165,6.33,3,buy
9/22,1301,台灣摩根士丹利,1470,270,1090,-820,4.46,3,sell
9/22,1301,凱基,9200,276,40,236,1.28,4,buy
9/22,1301,美商高盛,1480,1038,1751,-713,3.87,4,sell
9/22,1301,國泰-敦南,8888,268,124,144,0.78,5,buy
9/22,1301,國票-敦北法人,0037003700390063,12,665,-653,3.55,5,sell
9/22,1301,元大-復北,9872,126,4,122,0.66,6,buy
9/22,1301,摩根大通,8440,348,928,-580,3.15,6,sell
9/22,1301,永豐金-新莊,0039004100390048,114,3,111,0.6,7,buy
9/22,1301,元大證券,9800,838,1385,-547,2.97,7,sell
9/22,1301,花旗環球,1590,109,5,104,0.57,8,buy
9/22,1301,臺銀,1040,31,467,-436,2.37,8,sell
9/22,1301,聯邦-台南,8588,100,0,100,0.54,9,buy
9/22,1301,兆豐證券,7000,10,392,-382,2.08,9,sell
9/22,1301,凱基-松山,9217,90,4,86,0.47,10,buy
9/22,1301,港商野村,1560,30,335,-305,1.66,10,sell
9/22,1301,國泰-板橋,003800380038004b,100,18,82,0.45,11,buy
9/22,1301,台新,0039004200300030,98,295,-197,1.07,11,sell
9/22,1301,國泰-台中,8882,119,44,75,0.41,12,buy
9/22,1301,永豐金-大園,0039004100390038,11,124,-113,0.61,12,sell
9/22,1301,統一-城中,5854,143,70,73,0.4,13,buy
9/22,1301,玉山-大里,003800380034004a,4,102,-98,0.53,13,sell
9/22,1301,台新-台中,0039004200310068,82,9,73,0.4,14,buy
9/22,1301,兆豐-嘉義,7001,4,98,-94,0.51,14,sell
9/22,1301,亞東-新竹,2184,70,0,70,0.38,15,buy
9/22,1301,第一金-安和,003500330038006a,12,105,-93,0.51,15,sell
9/22,0056,玉山證券,8840,975,44,931,2.4,1,buy
9/22,0056,凱基-台北,9268,623,7416,-6793,17.5,1,sell
9/22,0056,國泰-敦南,8888,1557,660,897,2.31,2,buy
9/22,0056,元大證券,9800,2928,9477,-6549,16.87,2,sell
9/22,0056,凱基-中山,9229,722,7,715,1.84,3,buy
9/22,0056,永豐金證券,0039004100300030,341,5708,-5367,13.83,3,sell
9/22,0056,元大-竹東,0039003800330066,274,5,269,0.69,4,buy
9/22,0056,新加坡商瑞銀,1650,166,2068,-1902,4.9,4,sell
9/22,0056,元大-基隆孝二,003900380036004b,284,19,265,0.68,5,buy
9/22,0056,中國信託,6160,467,705,-238,0.61,5,sell
9/22,0056,台新-高雄,0039004200310067,296,42,254,0.65,6,buy
9/22,0056,富邦-樹林,0039003600320045,15,206,-191,0.49,6,sell
9/22,0056,元大-四維,9831,258,7,251,0.65,7,buy
9/22,0056,元大-苑裡,0039003800390061,41,217,-176,0.45,7,sell
9/22,0056,國泰-台中,8882,401,157,244,0.63,8,buy
9/22,0056,兆豐-三重,7008,203,361,-158,0.41,8,sell
9/22,0056,玉山-嘉義,8848,249,14,235,0.61,9,buy
9/22,0056,統一-永和,0035003800350042,2,150,-148,0.38,9,sell
9/22,0056,國泰-館前,0038003800380041,299,68,231,0.6,10,buy
9/22,0056,統一,5850,19,156,-137,0.35,10,sell
9/22,0056,第一金-自由,0035003300380045,236,13,223,0.57,11,buy
9/22,0056,第一金-中山,5389,25,156,-131,0.34,11,sell
9/22,0056,元大-中崙,9813,210,2,208,0.54,12,buy
9/22,0056,新光-桃園,8565,53,164,-111,0.29,12,sell
9/22,0056,玉山-新莊,8842,214,21,193,0.5,13,buy
9/22,0056,富邦證券,9600,222,315,-93,0.24,13,sell
9/22,0056,富邦-高雄,9659,211,19,192,0.49,14,buy
9/22,0056,富邦-苗栗,9657,22,99,-77,0.2,14,sell
9/22,0056,元大-南崁,0039003800300051,199,11,188,0.48,15,buy
9/22,0056,元大-新竹經國,9859,40,110,-70,0.18,15,sell
9/22,2887,台新,0039004200300030,2601,317,2284,4.83,1,buy
9/22,2887,美商高盛,1480,306,7340,-7034,14.89,1,sell
9/22,2887,華南永昌-南京,9326,1621,10,1611,3.41,2,buy
9/22,2887,台灣摩根士丹利,1470,696,4766,-4070,8.61,2,sell
9/22,2887,國泰-敦南,8888,1016,332,684,1.45,3,buy
9/22,2887,凱基-台北,9268,1058,4713,-3655,7.74,3,sell
9/22,2887,元大-中和,0039003800390065,505,3,502,1.06,4,buy
9/22,2887,摩根大通,8440,962,3340,-2378,5.03,4,sell
9/22,2887,港商麥格理,1360,413,0,413,0.87,5,buy
9/22,2887,港商野村,1560,36,1226,-1190,2.52,5,sell
9/22,2887,中國信託,6160,481,68,413,0.87,6,buy
9/22,2887,花旗環球,1590,1235,2283,-1048,2.22,6,sell
9/22,2887,永豐金-台南,0039004100390068,362,9,353,0.75,7,buy
9/22,2887,群益金鼎,9100,234,1264,-1030,2.18,7,sell
9/22,2887,新光,8560,663,345,318,0.67,8,buy
9/22,2887,美林,1440,1045,1951,-906,1.92,8,sell
9/22,2887,華南永昌-嘉義,9314,311,1,310,0.66,9,buy
9/22,2887,新加坡商瑞銀,1650,1682,2531,-849,1.8,9,sell
9/22,2887,兆豐-岡山,0037003000300073,307,0,307,0.65,10,buy
9/22,2887,元大證券,9800,1764,2463,-699,1.48,10,sell
9/22,2887,國泰-高雄,8881,312,10,302,0.64,11,buy
9/22,2887,富邦證券,9600,52,541,-489,1.04,11,sell
9/22,2887,凱基-宜蘭,003900320030004d,292,1,291,0.62,12,buy
9/22,2887,香港上海匯豐,8960,79,535,-456,0.97,12,sell
9/22,2887,國泰-台中,8882,345,69,276,0.58,13,buy
9/22,2887,華南永昌-大甲,9315,21,448,-427,0.9,13,sell
9/22,2887,新光-台中,8561,404,135,269,0.57,14,buy
9/22,2887,統一,5850,66,390,-324,0.69,14,sell
9/22,2887,國泰-忠孝,8887,259,0,259,0.55,15,buy
9/22,2887,玉山-雙和,8841,69,363,-294,0.62,15,sell
9/22,2324,美林,1440,1063,25,1038,2.72,1,buy
9/22,2324,新加坡商瑞銀,1650,43,6322,-6279,16.45,1,sell
9/22,2324,元大-北投,0039003800390041,736,19,717,1.88,2,buy
9/22,2324,富邦證券,9600,547,4019,-3472,9.1,2,sell
9/22,2324,國泰-敦南,8888,1097,478,619,1.62,3,buy
9/22,2324,摩根大通,8440,439,3041,-2602,6.82,3,sell
9/22,2324,中國信託-忠孝,6162,559,22,537,1.41,4,buy
9/22,2324,凱基-台北,9268,944,3003,-2059,5.39,4,sell
9/22,2324,富邦-永和,9654,322,28,294,0.77,5,buy
9/22,2324,美商高盛,1480,2007,3930,-1923,5.04,5,sell
9/22,2324,富邦-板橋,9655,301,19,282,0.74,6,buy
9/22,2324,台灣摩根士丹利,1470,229,1893,-1664,4.36,6,sell
9/22,2324,元大-復北,9872,262,2,260,0.68,7,buy
9/22,2324,花旗環球,1590,236,1248,-1012,2.65,7,sell
9/22,2324,永豐金證券,0039004100300030,328,84,244,0.64,8,buy
9/22,2324,港商野村,1560,11,681,-670,1.76,8,sell
9/22,2324,玉山-大里,003800380034004a,292,65,227,0.59,9,buy
9/22,2324,法銀巴黎,8900,0,604,-604,1.58,9,sell
9/22,2324,元大-嘉義,0039003800390067,248,35,213,0.56,10,buy
9/22,2324,元大證券,9800,1351,1664,-313,0.82,10,sell
9/22,2324,聯邦證券,8580,213,1,212,0.56,11,buy
9/22,2324,台新-北新莊,0039004200320038,32,201,-169,0.44,11,sell
9/22,2324,國泰-桃園,8885,223,37,186,0.49,12,buy
9/22,2324,國泰-高雄,8881,127,269,-142,0.37,12,sell
9/22,2324,元大-松山,0039003800310070,175,0,175,0.46,13,buy
9/22,2324,台灣企銀-太平,1115,8,150,-142,0.37,13,sell
9/22,2324,華南永昌-敦南,9347,156,1,155,0.41,14,buy
9/22,2324,華南永昌-南京,9326,29,138,-109,0.29,14,sell
9/22,2324,凱基-彰化,0039003200300047,169,17,152,0.4,15,buy
9/22,2324,元大-豐原站前,0039003800390057,74,163,-89,0.23,15,sell
9/22,2002,元大-六合,0039003800320043,1577,2,1575,5.42,1,buy
9/22,2002,摩根大通,8440,109,4314,-4205,14.48,1,sell
9/22,2002,港商麥格理,1360,1493,0,1493,5.14,2,buy
9/22,2002,台灣摩根士丹利,1470,40,2897,-2857,9.84,2,sell
9/22,2002,華南永昌-楠梓,9332,1020,0,1020,3.51,3,buy
9/22,2002,凱基-台北,9268,822,3343,-2521,8.68,3,sell
9/22,2002,第一金-忠孝,0035003300380044,910,10,900,3.1,4,buy
9/22,2002,美林,1440,505,2485,-1980,6.82,4,sell
9/22,2002,華南永昌-虎尾,9377,812,5,807,2.78,5,buy
9/22,2002,元大證券,9800,222,1792,-1570,5.41,5,sell
9/22,2002,富邦-敦南,9663,643,116,527,1.81,6,buy
9/22,2002,福邦-新竹,6489,0,1500,-1500,5.17,6,sell
9/22,2002,玉山-大里,003800380034004a,627,112,515,1.77,7,buy
9/22,2002,新加坡商瑞銀,1650,71,1375,-1304,4.49,7,sell
9/22,2002,兆豐證券,7000,403,0,403,1.39,8,buy
9/22,2002,第一金,5380,12,613,-601,2.07,8,sell
9/22,2002,新光,8560,423,37,386,1.33,9,buy
9/22,2002,美商高盛,1480,201,714,-513,1.77,9,sell
9/22,2002,美好-富順,003500320036004b,357,0,357,1.23,10,buy
9/22,2002,港商野村,1560,0,444,-444,1.53,10,sell
9/22,2002,康和-永和,0038003400350042,371,15,356,1.23,11,buy
9/22,2002,台灣企銀-北高雄,0031003100310046,22,412,-390,1.34,11,sell
9/22,2002,國泰-敦南,8888,507,155,352,1.21,12,buy
9/22,2002,台新-松江,0039004200310035,0,284,-284,0.98,12,sell
9/22,2002,花旗環球,1590,337,0,337,1.16,13,buy
9/22,2002,法銀巴黎,8900,0,235,-235,0.81,13,sell
9/22,2002,台新-屏東,003900420031006e,283,0,283,0.97,14,buy
9/22,2002,第一金-桃園,5385,10,205,-195,0.67,14,sell
9/22,2002,元大-天母,0039003800310049,227,0,227,0.78,15,buy
9/22,2002,聯邦-雙和,8584,50,245,-195,0.67,15,sell
9/22,3231,兆豐-中壢,0037003000300062,1865,26,1839,2.66,1,buy
9/22,3231,富邦證券,9600,132,5944,-5812,8.4,1,sell
9/22,3231,凱基-士林,9238,1548,17,1531,2.21,2,buy
9/22,3231,摩根大通,8440,498,5829,-5331,7.71,2,sell
9/22,3231,國泰-敦南,8888,1821,400,1421,2.05,3,buy
9/22,3231,美林,1440,93,5312,-5219,7.54,3,sell
9/22,3231,兆豐-永和,0037003000300058,914,2,912,1.32,4,buy
9/22,3231,台灣摩根士丹利,1470,863,5810,-4947,7.15,4,sell
9/22,3231,元大-向上,9824,731,73,658,0.95,5,buy
9/22,3231,大和國泰,8890,0,4878,-4878,7.05,5,sell
9/22,3231,合庫證券,1020,574,31,543,0.78,6,buy
9/22,3231,新加坡商瑞銀,1650,1168,5324,-4156,6.01,6,sell
9/22,3231,新光,8560,736,231,505,0.73,7,buy
9/22,3231,美商高盛,1480,656,3910,-3254,4.7,7,sell
9/22,3231,富邦-台北,9623,557,78,479,0.69,8,buy
9/22,3231,元大證券,9800,4910,7513,-2603,3.76,8,sell
9/22,3231,臺銀-高雄,0031003000340043,457,30,427,0.62,9,buy
9/22,3231,凱基-台北,9268,1564,3861,-2297,3.32,9,sell
9/22,3231,國票-博愛,003700370039007a,434,14,420,0.61,10,buy
9/22,3231,兆豐-復興,0037003000300070,49,1870,-1821,2.63,10,sell
9/22,3231,華南永昌,9300,396,46,350,0.51,11,buy
9/22,3231,港商野村,1560,3,890,-887,1.28,11,sell
9/22,3231,國泰-台中,8882,348,47,301,0.44,12,buy
9/22,3231,群益金鼎,9100,426,1199,-773,1.12,12,sell
9/22,3231,新光-台中,8561,343,55,288,0.42,13,buy
9/22,3231,玉山證券,8840,171,744,-573,0.83,13,sell
9/22,3231,台新,0039004200300030,542,255,287,0.41,14,buy
9/22,3231,國票-敦北法人,0037003700390063,19,553,-534,0.77,14,sell
9/22,3231,統一,5850,412,136,276,0.4,15,buy
9/22,3231,元大-信義安和,0039003800300052,50,438,-388,0.56,15,sell
9/22,2344,美林,1440,5945,1007,4938,5.07,1,buy
9/22,2344,凱基-站前,0039003200300046,411,10516,-10105,10.37,1,sell
9/22,2344,新加坡商瑞銀,1650,6406,3449,2957,3.04,2,buy
9/22,2344,元大證券,9800,6494,11803,-5309,5.45,2,sell
9/22,2344,元大-館前,003900380034004b,2080,104,1976,2.03,3,buy
9/22,2344,華南永昌-虎尾,9377,64,3069,-3005,3.08,3,sell
9/22,2344,花旗環球,1590,2145,172,1973,2.03,4,buy
9/22,2344,凱基-台北,9268,2308,3944,-1636,1.68,4,sell
9/22,2344,美商高盛,1480,2362,1207,1155,1.19,5,buy
9/22,2344,富邦證券,9600,660,2106,-1446,1.48,5,sell
9/22,2344,國泰-敦南,8888,3388,2730,658,0.68,6,buy
9/22,2344,摩根大通,8440,513,1597,-1084,1.11,6,sell
9/22,2344,兆豐-南門,0037003000300067,573,24,549,0.56,7,buy
9/22,2344,台灣摩根士丹利,1470,4702,5570,-868,0.89,7,sell
9/22,2344,凱基-文心,9297,468,20,448,0.46,8,buy
9/22,2344,康和,8450,25,607,-582,0.6,8,sell
9/22,2344,新光,8560,1031,716,315,0.32,9,buy
9/22,2344,玉山-台南,8847,146,702,-556,0.57,9,sell
9/22,2344,統一-敦南,5852,326,42,284,0.29,10,buy
9/22,2344,統一-南京,0035003800350055,47,555,-508,0.52,10,sell
9/22,2344,兆豐-南京,0037003000300050,590,309,281,0.29,11,buy
9/22,2344,元大-信義,003900380039006d,61,381,-320,0.33,11,sell
9/22,2344,國票-中和,0037003700390058,308,87,221,0.23,12,buy
9/22,2344,富邦-南屯,9666,130,434,-304,0.31,12,sell
9/22,2344,統一,5850,252,58,194,0.2,13,buy
9/22,2344,兆豐-三重,7008,22,283,-261,0.27,13,sell
9/22,2344,大和國泰,8890,188,0,188,0.19,14,buy
9/22,2344,港商野村,1560,558,729,-171,0.18,14,sell
9/22,2344,永豐金-大園,0039004100390038,201,33,168,0.17,15,buy
9/22,2344,台新-台南,0039004200310036,105,275,-170,0.17,15,sell
9/22,8112,凱基-台南,9211,111,1,110,1.81,1,buy
9/22,8112,台灣摩根士丹利,1470,18,1251,-1233,20.25,1,sell
9/22,8112,新光,8560,108,31,77,1.26,2,buy
9/22,8112,美商高盛,1480,35,778,-743,12.2,2,sell
9/22,8112,國泰-板橋,003800380038004b,77,1,76,1.25,3,buy
9/22,8112,凱基-台北,9268,109,645,-536,8.8,3,sell
9/22,8112,國票-中和,0037003700390058,75,0,75,1.23,4,buy
9/22,8112,摩根大通,8440,62,518,-456,7.49,4,sell
9/22,8112,元大-清水,0039003800300065,63,0,63,1.03,5,buy
9/22,8112,新加坡商瑞銀,1650,12,363,-351,5.77,5,sell
9/22,8112,玉山-桃園,0038003800340046,62,2,60,0.99,6,buy
9/22,8112,美林,1440,0,125,-125,2.05,6,sell
9/22,8112,國泰-敦南,8888,102,42,60,0.99,7,buy
9/22,8112,花旗環球,1590,26,112,-86,1.41,7,sell
9/22,8112,玉山-大里,003800380034004a,110,51,59,0.97,8,buy
9/22,8112,富邦-竹東,9625,8,85,-77,1.26,8,sell
9/22,8112,臺銀,1040,57,3,54,0.89,9,buy
9/22,8112,宏遠-台中,003100320036004c,64,123,-59,0.97,9,sell
9/22,8112,台新-新竹,0039004200320047,46,0,46,0.76,10,buy
9/22,8112,凱基-南崁,9256,2,50,-48,0.79,10,sell
9/22,8112,富邦-陽明,9604,51,7,44,0.72,11,buy
9/22,8112,港商野村,1560,0,44,-44,0.72,11,sell
9/22,8112,福勝,6950,46,9,37,0.61,12,buy
9/22,8112,群益金鼎-館前,0039003100330059,1,31,-30,0.49,12,sell
9/22,8112,元大-樹林,003900380039006a,39,3,36,0.59,13,buy
9/22,8112,凱基,9200,0,26,-26,0.43,13,sell
9/22,8112,華南永昌-彰化,9363,37,2,35,0.57,14,buy
9/22,8112,台灣企銀-岡山,1119,4,24,-20,0.33,14,sell
9/22,8112,永豐金-市政,0039004100390057,37,2,35,0.57,15,buy
9/22,8112,華南永昌-林口,9317,1,20,-19,0.31,15,sell
9/22,1101,台灣摩根士丹利,1470,5870,221,5649,19.21,1,buy
9/22,1101,台新-信義,0039004200320048,0,1063,-1063,3.61,1,sell
9/22,1101,摩根大通,8440,3543,1008,2535,8.62,2,buy
9/22,1101,群益金鼎-三民,9188,3,906,-903,3.07,2,sell
9/22,1101,新加坡商瑞銀,1650,2833,512,2321,7.89,3,buy
9/22,1101,元大-大天母,9893,37,736,-699,2.38,3,sell
9/22,1101,美商高盛,1480,2924,1112,1812,6.16,4,buy
9/22,1101,國票-敦北法人,0037003700390063,1,505,-504,1.71,4,sell
9/22,1101,港商野村,1560,1109,0,1109,3.77,5,buy
9/22,1101,美好,5260,0,500,-500,1.7,5,sell
9/22,1101,凱基-台北,9268,1788,1037,751,2.55,6,buy
9/22,1101,統一,5850,18,516,-498,1.69,6,sell
9/22,1101,第一金-頭份,0035003300380049,458,2,456,1.55,7,buy
9/22,1101,台新,0039004200300030,102,527,-425,1.44,7,sell
9/22,1101,新光-高雄,8562,500,59,441,1.5,8,buy
9/22,1101,台新-文心,003900420032007a,3,411,-408,1.39,8,sell
9/22,1101,第一金,5380,469,43,426,1.45,9,buy
9/22,1101,富邦-陽明,9604,4,305,-301,1.02,9,sell
9/22,1101,花旗環球,1590,298,5,293,1.0,10,buy
9/22,1101,群益金鼎-台南,9185,1,275,-274,0.93,10,sell
9/22,1101,第一金-華江,0035003300380057,226,7,219,0.74,11,buy
9/22,1101,宏遠-民生,1261,0,269,-269,0.91,11,sell
9/22,1101,統一-金門,0035003800350057,200,0,200,0.68,12,buy
9/22,1101,新光,8560,254,515,-261,0.89,12,sell
9/22,1101,台灣企銀-民雄,0031003100310041,172,2,170,0.58,13,buy
9/22,1101,國泰-敦南,8888,107,352,-245,0.83,13,sell
9/22,1101,台新-中壢,0039004200310079,153,8,145,0.49,14,buy
9/22,1101,凱基-市政,9239,7,214,-207,0.7,14,sell
9/22,1101,香港上海匯豐,8960,141,0,141,0.48,15,buy
9/22,1101,合庫-西台中,0031003000320046,4,211,-207,0.7,15,sell
9/22,6919,新光-高雄,8562,125,0,125,1.52,1,buy
9/22,6919,美商高盛,1480,146,636,-490,5.94,1,sell
9/22,6919,富邦-內湖,9627,105,6,99,1.2,2,buy
9/22,6919,台灣摩根士丹利,1470,310,732,-422,5.12,2,sell
9/22,6919,永豐金-中正,0039004100390055,83,2,81,0.98,3,buy
9/22,6919,統一,5850,40,328,-288,3.49,3,sell
9/22,6919,國泰-板橋,003800380038004b,157,77,80,0.97,4,buy
9/22,6919,摩根大通,8440,255,401,-146,1.77,4,sell
9/22,6919,大昌-桃園,6465,345,265,80,0.97,5,buy
9/22,6919,元大-內湖民權,9867,3,92,-89,1.08,5,sell
9/22,6919,國泰-敦南,8888,263,200,63,0.76,6,buy
9/22,6919,富邦-港都,0039003600320051,3,91,-88,1.07,6,sell
9/22,6919,新光,8560,116,59,57,0.69,7,buy
9/22,6919,臺銀-民權,1043,1,62,-61,0.74,7,sell
9/22,6919,玉山-板橋,8846,54,4,50,0.61,8,buy
9/22,6919,港商野村,1560,0,60,-60,0.73,8,sell
9/22,6919,第一金-忠孝,0035003300380044,51,1,50,0.61,9,buy
9/22,6919,群益金鼎-三民,9188,52,112,-60,0.73,9,sell
9/22,6919,玉山-新莊,8842,80,32,48,0.58,10,buy
9/22,6919,元大-永和,9891,12,65,-53,0.64,10,sell
9/22,6919,大昌,6460,48,9,39,0.47,11,buy
9/22,6919,康和-南崁,0038003400350053,0,51,-51,0.62,11,sell
9/22,6919,國泰-忠孝,8887,47,12,35,0.42,12,buy
9/22,6919,群益金鼎-台南,9185,3,51,-48,0.58,12,sell
9/22,6919,第一金-自由,0035003300380045,116,83,33,0.4,13,buy
9/22,6919,元大證券,9800,448,488,-40,0.49,13,sell
9/22,6919,元大-台南,9896,34,2,32,0.39,14,buy
9/22,6919,元大-成功,003900380039004c,2,35,-33,0.4,14,sell
9/22,6919,(牛牛牛)亞-鑫豐,0036003000310064,36,4,32,0.39,15,buy
9/22,6919,永豐金-萬盛,0039004100390032,6,38,-32,0.39,15,sell
9/22,9904,美商高盛,1480,903,301,602,8.98,1,buy
9/22,9904,台灣摩根士丹利,1470,201,1043,-842,12.56,1,sell
9/22,9904,國泰-高雄,8881,354,0,354,5.28,2,buy
9/22,9904,港商野村,1560,0,741,-741,11.06,2,sell
9/22,9904,國泰證券,8880,331,0,331,4.94,3,buy
9/22,9904,摩根大通,8440,140,817,-677,10.1,3,sell
9/22,9904,康和-高雄,003800340035004a,200,0,200,2.98,4,buy
9/22,9904,美林,1440,91,608,-517,7.71,4,sell
9/22,9904,凱基,9200,186,0,186,2.78,5,buy
9/22,9904,新加坡商瑞銀,1650,0,347,-347,5.18,5,sell
9/22,9904,富邦-台北,9623,136,12,124,1.85,6,buy
9/22,9904,凱基-台北,9268,351,572,-221,3.3,6,sell
9/22,9904,合庫-高雄,1023,108,1,107,1.6,7,buy
9/22,9904,元大證券,9800,86,228,-142,2.12,7,sell
9/22,9904,大昌,6460,104,0,104,1.55,8,buy
9/22,9904,花旗環球,1590,60,169,-109,1.63,8,sell
9/22,9904,元大-土城,9897,100,0,100,1.49,9,buy
9/22,9904,富邦證券,9600,1,107,-106,1.58,9,sell
9/22,9904,群益金鼎-台中,9184,86,3,83,1.24,10,buy
9/22,9904,亞東,2180,0,100,-100,1.49,10,sell
9/22,9904,華南永昌,9300,104,29,75,1.12,11,buy
9/22,9904,兆豐-松德,0037003000300069,0,76,-76,1.13,11,sell
9/22,9904,國泰-板橋,003800380038004b,72,0,72,1.07,12,buy
9/22,9904,中國信託-中壢,0036003100360041,17,75,-58,0.87,12,sell
9/22,9904,兆豐-桃園,003700300030004d,65,0,65,0.97,13,buy
9/22,9904,大昌-新店,6464,0,52,-52,0.78,13,sell
9/22,9904,富邦-永和,9654,65,1,64,0.95,14,buy
9/22,9904,群益金鼎-瑞豐,0039003100380075,0,50,-50,0.75,14,sell
9/22,9904,國泰-台中,8882,81,17,64,0.95,15,buy
9/22,9904,永豐金-敦南,0039004100380046,0,50,-50,0.75,15,sell
9/22,2634,台灣摩根士丹利,1470,245,8,237,4.11,1,buy
9/22,2634,華南永昌-東昇,9386,2,233,-231,4.01,1,sell
9/22,2634,華南永昌-敦南,9347,210,1,209,3.63,2,buy
9/22,2634,摩根大通,8440,117,310,-193,3.35,2,sell
9/22,2634,凱基-台北,9268,360,215,145,2.52,3,buy
9/22,2634,元大-雙和,9874,2,167,-165,2.86,3,sell
9/22,2634,港商野村,1560,88,0,88,1.53,4,buy
9/22,2634,統一-台中,5856,10,137,-127,2.2,4,sell
9/22,2634,永豐金-古亭,0039004100390064,66,2,64,1.11,5,buy
9/22,2634,富邦-宜蘭,9686,10,134,-124,2.15,5,sell
9/22,2634,凱基-桃園,9208,63,0,63,1.09,6,buy
9/22,2634,統一-土城,0035003800350059,1,90,-89,1.54,6,sell
9/22,2634,國泰-台中,8882,60,9,51,0.89,7,buy
9/22,2634,玉山-信義,0038003800340043,55,122,-67,1.16,7,sell
9/22,2634,台灣企銀-台中,1111,52,10,42,0.73,8,buy
9/22,2634,新光,8560,36,98,-62,1.08,8,sell
9/22,2634,群益金鼎-大甲,0039003100380067,45,5,40,0.69,9,buy
9/22,2634,統一-彰化,0035003800350046,1,63,-62,1.08,9,sell
9/22,2634,永豐金-台中,003900410039004c,45,6,39,0.68,10,buy
9/22,2634,元大-新竹經國,9859,4,62,-58,1.01,10,sell
9/22,2634,富邦-樹林,0039003600320045,43,5,38,0.66,11,buy
9/22,2634,美商高盛,1480,54,103,-49,0.85,11,sell
9/22,2634,華南永昌-小港,9323,41,5,36,0.62,12,buy
9/22,2634,德信-新營,6913,30,77,-47,0.82,12,sell
9/22,2634,永豐金-大園,0039004100390038,39,3,36,0.62,13,buy
9/22,2634,凱基,9200,1,48,-47,0.82,13,sell
9/22,2634,富邦-新竹,9647,29,2,27,0.47,14,buy
9/22,2634,元大-新竹,9816,0,45,-45,0.78,14,sell
9/22,2634,華南永昌-潮州,9328,26,0,26,0.45,15,buy
9/22,2634,台新-台中,0039004200310068,8,51,-43,0.75,15,sell
9/22,3036,美商高盛,1480,803,22,781,10.76,1,buy
9/22,3036,台灣摩根士丹利,1470,160,1176,-1016,14.0,1,sell
9/22,3036,法銀巴黎,8900,508,78,430,5.93,2,buy
9/22,3036,國票-安和,003700370039005a,6,367,-361,4.98,2,sell
9/22,3036,永豐金-匯立,0039004100380031,214,0,214,2.95,3,buy
9/22,3036,港商野村,1560,1,337,-336,4.63,3,sell
9/22,3036,元大-頭份,0039003800330055,223,57,166,2.29,4,buy
9/22,3036,新加坡商瑞銀,1650,88,416,-328,4.52,4,sell
9/22,3036,美林,1440,778,632,146,2.01,5,buy
9/22,3036,凱基-台北,9268,267,519,-252,3.47,5,sell
9/22,3036,華南永昌,9300,102,3,99,1.36,6,buy
9/22,3036,元大證券,9800,413,573,-160,2.21,6,sell
9/22,3036,凱基,9200,91,10,81,1.12,7,buy
9/22,3036,富邦-宜蘭,9686,3,79,-76,1.05,7,sell
9/22,3036,永豐金證券,0039004100300030,107,33,74,1.02,8,buy
9/22,3036,富邦-新竹,9647,3,66,-63,0.87,8,sell
9/22,3036,富邦證券,9600,66,8,58,0.8,9,buy
9/22,3036,元大-彰化民生,003900380039004a,10,71,-61,0.84,9,sell
9/22,3036,元大-內湖,003900380039004e,56,1,55,0.76,10,buy
9/22,3036,亞東,2180,0,60,-60,0.83,10,sell
9/22,3036,富邦-樹林,0039003600320045,51,1,50,0.69,11,buy
9/22,3036,富邦-嘉義,9692,2,46,-44,0.61,11,sell
9/22,3036,大昌-樹林,6461,51,1,50,0.69,12,buy
9/22,3036,新光-新竹,8563,3,35,-32,0.44,12,sell
9/22,3036,元大-土城,9897,52,3,49,0.68,13,buy
9/22,3036,凱基-三重,9205,2,27,-25,0.34,13,sell
9/22,3036,永豐金-萬盛,0039004100390032,50,5,45,0.62,14,buy
9/22,3036,富邦-竹北,9624,4,28,-24,0.33,14,sell
9/22,3036,國泰-板橋,003800380038004b,48,5,43,0.59,15,buy
9/22,3036,華南永昌-世貿,9334,4,28,-24,0.33,15,sell
9/22,2880,凱基-台北,9268,777,391,386,4.54,1,buy
9/22,2880,台灣摩根士丹利,1470,237,834,-597,7.02,1,sell
9/22,2880,美林,1440,532,255,277,3.26,2,buy
9/22,2880,凱基-中壢,9285,0,383,-383,4.51,2,sell
9/22,2880,新加坡商瑞銀,1650,607,335,272,3.2,3,buy
9/22,2880,兆豐證券,7000,1,329,-328,3.86,3,sell
9/22,2880,摩根大通,8440,533,273,260,3.06,4,buy
9/22,2880,土銀,1030,0,184,-184,2.16,4,sell
9/22,2880,港商野村,1560,253,0,253,2.98,5,buy
9/22,2880,香港上海匯豐,8960,25,170,-145,1.71,5,sell
9/22,2880,永豐金-古亭,0039004100390064,251,1,250,2.94,6,buy
9/22,2880,港商麥格理,1360,84,184,-100,1.18,6,sell
9/22,2880,富邦-仁愛,9676,211,2,209,2.46,7,buy
9/22,2880,致和-金華,7034,4,101,-97,1.14,7,sell
9/22,2880,永豐金證券,0039004100300030,167,11,156,1.84,8,buy
9/22,2880,美商高盛,1480,499,572,-73,0.86,8,sell
9/22,2880,元大證券,9800,858,757,101,1.19,9,buy
9/22,2880,統一-新竹,5857,0,62,-62,0.73,9,sell
9/22,2880,台新-成功,003900420032006d,100,1,99,1.16,10,buy
9/22,2880,國泰-板橋,003800380038004b,9,68,-59,0.69,10,sell
9/22,2880,中國信託,6160,82,17,65,0.76,11,buy
9/22,2880,大昌-新竹,6463,0,52,-52,0.61,11,sell
9/22,2880,兆豐-大同,0037003000300053,50,1,49,0.58,12,buy
9/22,2880,凱基-新莊,0039003200310053,0,49,-49,0.58,12,sell
9/22,2880,群益金鼎-海山,9108,30,0,30,0.35,13,buy
9/22,2880,凱基-中港,9202,2,50,-48,0.56,13,sell
9/22,2880,元大-太平,0039003800310051,25,0,25,0.29,14,buy
9/22,2880,新光-台南,8564,1,46,-45,0.53,14,sell
9/22,2880,凱基-中山,9229,24,0,24,0.28,15,buy
9/22,2880,華南永昌-岡山,9324,1,46,-45,0.53,15,sell
9/22,2889,玉山-嘉義,8848,273,0,273,4.6,1,buy
9/22,2889,富邦-南京,0039003600310043,24,520,-496,8.36,1,sell
9/22,2889,台新-台北,0039004200320030,250,0,250,4.21,2,buy
9/22,2889,美林,1440,118,511,-393,6.62,2,sell
9/22,2889,亞東-台中,2187,241,0,241,4.06,3,buy
9/22,2889,元大-旗山,003900380031006e,20,350,-330,5.56,3,sell
9/22,2889,合庫-自強,0031003000320043,201,2,199,3.35,4,buy
9/22,2889,台灣摩根士丹利,1470,221,454,-233,3.93,4,sell
9/22,2889,新加坡商瑞銀,1650,280,112,168,2.83,5,buy
9/22,2889,摩根大通,8440,329,554,-225,3.79,5,sell
9/22,2889,花旗環球,1590,155,0,155,2.61,6,buy
9/22,2889,富邦-宜蘭,9686,12,135,-123,2.07,6,sell
9/22,2889,亞東-台南,2185,150,0,150,2.53,7,buy
9/22,2889,臺銀-高雄,0031003000340043,69,192,-123,2.07,7,sell
9/22,2889,元大-大天母,9893,154,4,150,2.53,8,buy
9/22,2889,元大-林園,003900380031004b,0,115,-115,1.94,8,sell
9/22,2889,國泰-台南,8884,126,0,126,2.12,9,buy
9/22,2889,美商高盛,1480,151,257,-106,1.79,9,sell
9/22,2889,台灣企銀-岡山,1119,80,0,80,1.35,10,buy
9/22,2889,台灣企銀-台中,1111,1,100,-99,1.67,10,sell
9/22,2889,永豐金-台南,0039004100390068,73,2,71,1.2,11,buy
9/22,2889,兆豐-三重,7008,0,80,-80,1.35,11,sell
9/22,2889,元大-小港,003900380039005a,70,7,63,1.06,12,buy
9/22,2889,兆豐-寶成,0037003000300072,1,70,-69,1.16,12,sell
9/22,2889,凱基-岡山,9209,58,5,53,0.89,13,buy
9/22,2889,台新-大昌,0039004200320044,2,65,-63,1.06,13,sell
9/22,2889,統一,5850,50,1,49,0.83,14,buy
9/22,2889,國泰-台中,8882,28,86,-58,0.98,14,sell
9/22,2889,新光-台中,8561,48,6,42,0.71,15,buy
9/22,2889,元大-土城,9897,2,60,-58,0.98,15,sell
9/22,3481,台灣摩根士丹利,1470,21409,6324,15085,3.0,1,buy
9/22,3481,富邦證券,9600,4275,13198,-8923,1.77,1,sell
9/22,3481,新加坡商瑞銀,1650,10493,3453,7040,1.4,2,buy
9/22,3481,元大-土城永寧,9875,752,8834,-8082,1.61,2,sell
9/22,3481,摩根大通,8440,8301,3846,4455,0.89,3,buy
9/22,3481,富邦-永和,9654,2041,5644,-3603,0.72,3,sell
9/22,3481,元大-新生,0039003800310058,2058,62,1996,0.4,4,buy
9/22,3481,統一,5850,1322,3198,-1876,0.37,4,sell
9/22,3481,美商高盛,1480,17683,15877,1806,0.36,5,buy
9/22,3481,群益金鼎-大安,0039003100380065,521,2342,-1821,0.36,5,sell
9/22,3481,元大-新竹經國,9859,1676,536,1140,0.23,6,buy
9/22,3481,凱基-台北,9268,31040,32668,-1628,0.32,6,sell
9/22,3481,統一-台中,5856,986,308,678,0.13,7,buy
9/22,3481,元大證券,9800,55414,57001,-1587,0.32,7,sell
9/22,3481,群益金鼎,9100,2795,2129,666,0.13,8,buy
9/22,3481,元大-竹科,003900380030004b,555,1847,-1292,0.26,8,sell
9/22,3481,港商麥格理,1360,836,192,644,0.13,9,buy
9/22,3481,康和,8450,59,1241,-1182,0.24,9,sell
9/22,3481,富邦-南京,0039003600310043,1795,1156,639,0.13,10,buy
9/22,3481,台新-安南,003900420032005a,300,1478,-1178,0.23,10,sell
9/22,3481,永豐金證券,0039004100300030,4099,3488,611,0.12,11,buy
9/22,3481,新光,8560,3370,4208,-838,0.17,11,sell
9/22,3481,台新,0039004200300030,3226,2660,566,0.11,12,buy
9/22,3481,國泰-敦南,8888,13945,14740,-795,0.16,12,sell
9/22,3481,兆豐-大安,003700300030006a,636,95,541,0.11,13,buy
9/22,3481,統一-敦南,5852,227,849,-622,0.12,13,sell
9/22,3481,玉山證券,8840,1321,781,540,0.11,14,buy
9/22,3481,台新-大裕,003900420032006c,394,968,-574,0.11,14,sell
9/22,3481,群益金鼎-嘉義,003900310038004d,760,230,530,0.11,15,buy
9/22,3481,元大-新莊,9898,956,1515,-559,0.11,15,sell
9/22,2885,中國信託-文心,6164,2866,8,2858,12.26,1,buy
9/22,2885,國泰證券,8880,93,2063,-1970,8.45,1,sell
9/22,2885,凱基-台北,9268,2717,555,2162,9.27,2,buy
9/22,2885,摩根大通,8440,566,2248,-1682,7.21,2,sell
9/22,2885,香港上海匯豐,8960,1891,138,1753,7.52,3,buy
9/22,2885,台灣摩根士丹利,1470,911,1545,-634,2.72,3,sell
9/22,2885,美商高盛,1480,3441,1833,1608,6.9,4,buy
9/22,2885,大和國泰,8890,0,500,-500,2.14,4,sell
9/22,2885,港商麥格理,1360,1539,976,563,2.41,5,buy
9/22,2885,中國信託-永康,6163,0,366,-366,1.57,5,sell
9/22,2885,元大-中和,0039003800390065,445,64,381,1.63,6,buy
9/22,2885,美林,1440,1204,1524,-320,1.37,6,sell
9/22,2885,法銀巴黎,8900,326,0,326,1.4,7,buy
9/22,2885,元大證券,9800,989,1270,-281,1.21,7,sell
9/22,2885,港商野村,1560,508,304,204,0.88,8,buy
9/22,2885,國泰-敦南,8888,110,256,-146,0.63,8,sell
9/22,2885,新加坡商瑞銀,1650,1618,1457,161,0.69,9,buy
9/22,2885,元大-淡水,9899,4,143,-139,0.6,9,sell
9/22,2885,元大-新營,9825,126,15,111,0.48,10,buy
9/22,2885,元大-中壢,9834,11,140,-129,0.55,10,sell
9/22,2885,康和-仁愛,0038003400350046,110,10,100,0.43,11,buy
9/22,2885,宏遠證券,1260,0,100,-100,0.43,11,sell
9/22,2885,國泰-板橋,003800380038004b,104,31,73,0.31,12,buy
9/22,2885,凱基,9200,2,95,-93,0.4,12,sell
9/22,2885,玉山-嘉義,8848,62,17,45,0.19,13,buy
9/22,2885,第一金,5380,5,71,-66,0.28,13,sell
9/22,2885,土銀-玉里,1036,35,0,35,0.15,14,buy
9/22,2885,群益金鼎-延平,0039003100380078,0,66,-66,0.28,14,sell
9/22,2885,兆豐-北高雄,0037003000300049,31,4,27,0.12,15,buy
9/22,2885,新光,8560,24,86,-62,0.27,15,sell
9/22,2812,福邦-新竹,6489,1260,0,1260,12.8,1,buy
9/22,2812,摩根大通,8440,43,1275,-1232,12.52,1,sell
9/22,2812,富邦證券,9600,881,0,881,8.95,2,buy
9/22,2812,新加坡商瑞銀,1650,2,843,-841,8.55,2,sell
9/22,2812,台中銀,6110,344,8,336,3.41,3,buy
9/22,2812,永豐金-板新,003900410039004a,0,683,-683,6.94,3,sell
9/22,2812,統一-板橋,0035003800350050,273,0,273,2.77,4,buy
9/22,2812,台中銀-台北,6115,0,628,-628,6.38,4,sell
9/22,2812,華南永昌-林口,9317,300,33,267,2.71,5,buy
9/22,2812,台灣摩根士丹利,1470,38,534,-496,5.04,5,sell
9/22,2812,花旗環球,1590,252,5,247,2.51,6,buy
9/22,2812,凱基-台北,9268,448,700,-252,2.56,6,sell
9/22,2812,凱基-站前,0039003200300046,232,22,210,2.13,7,buy
9/22,2812,凱基-中壢,9285,3,201,-198,2.01,7,sell
9/22,2812,元大-南屯,9853,208,0,208,2.11,8,buy
9/22,2812,臺銀-臺中,0031003000340041,18,215,-197,2.0,8,sell
9/22,2812,富邦-仁愛,9676,208,1,207,2.1,9,buy
9/22,2812,大昌-新店,6464,12,166,-154,1.56,9,sell
9/22,2812,元大-向上,9824,204,2,202,2.05,10,buy
9/22,2812,元大-松山,0039003800310070,0,135,-135,1.37,10,sell
9/22,2812,合庫-自強,0031003000320043,200,0,200,2.03,11,buy
9/22,2812,美商高盛,1480,289,417,-128,1.3,11,sell
9/22,2812,台新-高雄,0039004200310067,178,7,171,1.74,12,buy
9/22,2812,國泰-敦南,8888,91,196,-105,1.07,12,sell
9/22,2812,新光-台中,8561,206,52,154,1.56,13,buy
9/22,2812,元大-竹山,0039003800310052,2,104,-102,1.04,13,sell
9/22,2812,元大-羅東,0039003800320041,116,0,116,1.18,14,buy
9/22,2812,合庫-嘉義,1024,0,100,-100,1.02,14,sell
9/22,2812,群益金鼎-萬華,0039003100330049,94,0,94,0.96,15,buy
9/22,2812,元大-土城,9897,0,100,-100,1.02,15,sell
9/22,2834,福邦-新竹,6489,700,0,700,4.25,1,buy
9/22,2834,新加坡商瑞銀,1650,605,2672,-2067,12.56,1,sell
9/22,2834,花旗環球,1590,660,0,660,4.01,2,buy
9/22,2834,美商高盛,1480,393,1795,-1402,8.52,2,sell
9/22,2834,玉山-高雄,8843,494,6,488,2.97,3,buy
9/22,2834,凱基-台北,9268,636,1954,-1318,8.01,3,sell
9/22,2834,國票-九鼎,0037003700390050,424,0,424,2.58,4,buy
9/22,2834,台新-城中,0039004200320045,1,756,-755,4.59,4,sell
9/22,2834,富邦-陽明,9604,475,67,408,2.48,5,buy
9/22,2834,港商野村,1560,0,499,-499,3.03,5,sell
9/22,2834,元大-旗山,003900380031006e,407,0,407,2.47,6,buy
9/22,2834,永豐金證券,0039004100300030,42,520,-478,2.9,6,sell
9/22,2834,台新-台南,0039004200310036,289,2,287,1.74,7,buy
9/22,2834,富邦-新營,9693,1,408,-407,2.47,7,sell
9/22,2834,台灣摩根士丹利,1470,330,71,259,1.57,8,buy
9/22,2834,元大-四維,9831,23,354,-331,2.01,8,sell
9/22,2834,合庫-自強,0031003000320043,238,0,238,1.45,9,buy
9/22,2834,華南永昌-世貿,9334,0,300,-300,1.82,9,sell
9/22,2834,新光-台中,8561,210,8,202,1.23,10,buy
9/22,2834,臺銀,1040,18,212,-194,1.18,10,sell
9/22,2834,國票-中港,003700370039006d,200,0,200,1.22,11,buy
9/22,2834,元大證券,9800,191,349,-158,0.96,11,sell
9/22,2834,統一-敦南,5852,280,91,189,1.15,12,buy
9/22,2834,群益金鼎-新莊,0039003100380047,13,148,-135,0.82,12,sell
9/22,2834,國票-台中,0037003700390076,153,0,153,0.93,13,buy
9/22,2834,合庫-台中,1021,10,132,-122,0.74,13,sell
9/22,2834,富邦-樹林,0039003600320045,135,3,132,0.8,14,buy
9/22,2834,元大-天母,0039003800310049,4,117,-113,0.69,14,sell
9/22,2834,國泰-敦南,8888,232,101,131,0.8,15,buy
9/22,2834,兆豐-來福,0037003000300043,0,109,-109,0.66,15,sell
9/22,2845,美商高盛,1480,343,89,254,7.46,1,buy
9/22,2845,國泰-板橋,003800380038004b,12,500,-488,14.32,1,sell
9/22,2845,花旗環球,1590,218,0,218,6.4,2,buy
9/22,2845,元大-大統,003900380031007a,0,400,-400,11.74,2,sell
9/22,2845,亞東,2180,204,0,204,5.99,3,buy
9/22,2845,富邦-仁愛,9676,0,240,-240,7.04,3,sell
9/22,2845,富邦-中壢,9636,200,2,198,5.81,4,buy
9/22,2845,港商野村,1560,52,167,-115,3.38,4,sell
9/22,2845,新加坡商瑞銀,1650,255,107,148,4.34,5,buy
9/22,2845,土銀-新竹,1035,0,100,-100,2.94,5,sell
9/22,2845,台灣摩根士丹利,1470,162,32,130,3.82,6,buy
9/22,2845,凱基-八德,003900320031004d,5,84,-79,2.32,6,sell
9/22,2845,摩根大通,8440,242,118,124,3.64,7,buy
9/22,2845,美林,1440,6,56,-50,1.47,7,sell
9/22,2845,美好-蘆洲,5261,100,1,99,2.91,8,buy
9/22,2845,大昌-安康,6462,0,50,-50,1.47,8,sell
9/22,2845,統一-嘉義,5858,70,0,70,2.05,9,buy
9/22,2845,凱基-新莊,0039003200310053,0,47,-47,1.38,9,sell
9/22,2845,統一-基隆,0035003800350041,50,0,50,1.47,10,buy
9/22,2845,凱基-台北,9268,40,87,-47,1.38,10,sell
9/22,2845,國泰-桃園,8885,234,194,40,1.17,11,buy
9/22,2845,元大-頭份,0039003800330055,10,57,-47,1.38,11,sell
9/22,2845,玉山-雙和,8841,37,0,37,1.09,12,buy
9/22,2845,永豐金證券,0039004100300030,1,48,-47,1.38,12,sell
9/22,2845,台新-同大,0039004200320050,30,0,30,0.88,13,buy
9/22,2845,元大-豐原站前,0039003800390057,0,40,-40,1.17,13,sell
9/22,2845,富邦-南員林,0039003600310052,29,0,29,0.85,14,buy
9/22,2845,富邦-台北,9623,0,40,-40,1.17,14,sell
9/22,2845,高橋,5320,22,0,22,0.65,15,buy
9/22,2845,富邦-豐原,003900360033004c,0,30,-30,0.88,15,sell
9/22,1314,群益金鼎-三重,0039003100330067,852,10,842,1.14,1,buy
9/22,1314,台灣摩根士丹利,1470,641,10265,-9624,13.06,1,sell
9/22,1314,凱基-岡山,9209,823,11,812,1.1,2,buy
9/22,1314,凱基-台北,9268,2342,6173,-3831,5.2,2,sell
9/22,1314,國泰-敦南,8888,1939,1323,616,0.84,3,buy
9/22,1314,新加坡商瑞銀,1650,30,3288,-3258,4.42,3,sell
9/22,1314,臺銀-臺中,0031003000340041,568,11,557,0.76,4,buy
9/22,1314,摩根大通,8440,1098,4120,-3022,4.1,4,sell
9/22,1314,統一-敦南,5852,569,22,547,0.74,5,buy
9/22,1314,元大證券,9800,3152,5932,-2780,3.77,5,sell
9/22,1314,土銀-台中,1031,527,3,524,0.71,6,buy
9/22,1314,美商高盛,1480,744,3483,-2739,3.72,6,sell
9/22,1314,土銀-新竹,1035,476,1,475,0.64,7,buy
9/22,1314,永豐金證券,0039004100300030,356,1873,-1517,2.06,7,sell
9/22,1314,永豐金-埔里,0039004100370039,466,13,453,0.61,8,buy
9/22,1314,凱基-中壢,9285,218,1415,-1197,1.62,8,sell
9/22,1314,國泰-板橋,003800380038004b,494,99,395,0.54,9,buy
9/22,1314,中國信託,6160,85,1054,-969,1.31,9,sell
9/22,1314,華南永昌-台南,9306,418,23,395,0.54,10,buy
9/22,1314,群益金鼎-彰化,9187,92,919,-827,1.12,10,sell
9/22,1314,元大-永和,9891,375,4,371,0.5,11,buy
9/22,1314,港商野村,1560,0,701,-701,0.95,11,sell
9/22,1314,台新-高雄,0039004200310067,442,82,360,0.49,12,buy
9/22,1314,國泰-桃園,8885,166,757,-591,0.8,12,sell
9/22,1314,永豐金-桃園,0039004100390078,347,13,334,0.45,13,buy
9/22,1314,美林,1440,1525,1971,-446,0.61,13,sell
9/22,1314,群益金鼎-高雄,9183,382,60,322,0.44,14,buy
9/22,1314,華南永昌-朴子,9329,4,415,-411,0.56,14,sell
9/22,1314,台新-屏新,0039004200320071,326,5,321,0.44,15,buy
9/22,1314,台新,0039004200300030,585,953,-368,0.5,15,sell
9/22,3045,美商高盛,1480,1513,296,1217,8.19,1,buy
9/22,3045,合庫證券,1020,0,3530,-3530,23.76,1,sell
9/22,3045,凱基,9200,984,0,984,6.62,2,buy
9/22,3045,統一,5850,34,790,-756,5.09,2,sell
9/22,3045,凱基-台北,9268,1387,466,921,6.2,3,buy
9/22,3045,臺銀,1040,1,500,-499,3.36,3,sell
9/22,3045,新加坡商瑞銀,1650,1370,586,784,5.28,4,buy
9/22,3045,中國信託,6160,5,504,-499,3.36,4,sell
9/22,3045,元大證券,9800,991,304,687,4.62,5,buy
9/22,3045,台灣摩根士丹利,1470,469,817,-348,2.34,5,sell
9/22,3045,香港上海匯豐,8960,610,13,597,4.02,6,buy
9/22,3045,國泰證券,8880,17,290,-273,1.84,6,sell
9/22,3045,兆豐-桃園,003700300030004d,280,29,251,1.69,7,buy
9/22,3045,富邦-建國,9658,0,262,-262,1.76,7,sell
9/22,3045,台新-三民,0039004200310033,204,1,203,1.37,8,buy
9/22,3045,富邦證券,9600,4,245,-241,1.62,8,sell
9/22,3045,美好-高雄,5264,200,0,200,1.35,9,buy
9/22,3045,凱基-城中,9227,0,200,-200,1.35,9,sell
9/22,3045,花旗環球,1590,180,31,149,1.0,10,buy
9/22,3045,法銀巴黎,8900,0,164,-164,1.1,10,sell
9/22,3045,永豐金證券,0039004100300030,164,17,147,0.99,11,buy
9/22,3045,台新-台北,0039004200320030,0,161,-161,1.08,11,sell
9/22,3045,摩根大通,8440,574,434,140,0.94,12,buy
9/22,3045,華南永昌-大安,9307,23,180,-157,1.06,12,sell
9/22,3045,元大-屏東,9892,115,0,115,0.77,13,buy
9/22,3045,兆豐證券,7000,0,100,-100,0.67,13,sell
9/22,3045,國票-敦北法人,0037003700390063,100,0,100,0.67,14,buy
9/22,3045,港商麥格理,1360,0,64,-64,0.43,14,sell
9/22,3045,群益金鼎-館前,0039003100330059,120,22,98,0.66,15,buy
9/22,3045,永豐金-忠孝,0039004100390044,2,30,-28,0.19,15,sell
9/22,5876,統一,5850,1000,72,928,20.35,1,buy
9/22,5876,京城,8490,0,314,-314,6.89,1,sell
9/22,5876,凱基,9200,436,5,431,9.45,2,buy
9/22,5876,華南永昌,9300,0,195,-195,4.28,2,sell
9/22,5876,美林,1440,322,109,213,4.67,3,buy
9/22,5876,台灣摩根士丹利,1470,242,406,-164,3.6,3,sell
9/22,5876,花旗環球,1590,318,112,206,4.52,4,buy
9/22,5876,摩根大通,8440,280,442,-162,3.55,4,sell
9/22,5876,中國信託,6160,141,0,141,3.09,5,buy
9/22,5876,富邦-陽明,9604,20,175,-155,3.4,5,sell
9/22,5876,新加坡商瑞銀,1650,558,431,127,2.79,6,buy
9/22,5876,福邦-新竹,6489,0,105,-105,2.3,6,sell
9/22,5876,凱基-台北,9268,259,147,112,2.46,7,buy
9/22,5876,中國信託-三重,6161,0,100,-100,2.19,7,sell
9/22,5876,元大證券,9800,158,49,109,2.39,8,buy
9/22,5876,第一金-安和,003500330038006a,0,70,-70,1.54,8,sell
9/22,5876,港商野村,1560,172,65,107,2.35,9,buy
9/22,5876,華南永昌-古亭,9309,0,61,-61,1.34,9,sell
9/22,5876,法銀巴黎,8900,47,0,47,1.03,10,buy
9/22,5876,統一-永和,0035003800350042,0,51,-51,1.12,10,sell
9/22,5876,元大-新店中正,0039003800340043,30,0,30,0.66,11,buy
9/22,5876,群益金鼎-天母,0039003100380050,0,50,-50,1.1,11,sell
9/22,5876,永豐金-匯立,0039004100380031,18,0,18,0.39,12,buy
9/22,5876,台新-板橋,0039004200320062,0,40,-40,0.88,12,sell
9/22,5876,富邦-建國,9658,20,5,15,0.33,13,buy
9/22,5876,群益金鼎-館前,0039003100330059,0,38,-38,0.83,13,sell
9/22,5876,國票證券,7790,17,5,12,0.26,14,buy
9/22,5876,華南永昌-中正,9359,0,34,-34,0.75,14,sell
9/22,5876,美商高盛,1480,290,281,9,0.2,15,buy
9/22,5876,(牛牛牛)亞證券,6010,0,32,-32,0.7,15,sell
9/22,8150,美商高盛,1480,8550,3668,4882,3.75,1,buy
9/22,8150,凱基-城中,9227,53,2432,-2379,1.83,1,sell
9/22,8150,摩根大通,8440,5786,3080,2706,2.08,2,buy
9/22,8150,國票-敦北法人,0037003700390063,60,2021,-1961,1.51,2,sell
9/22,8150,富邦-新店,9661,2128,131,1997,1.53,3,buy
9/22,8150,美林,1440,1059,2611,-1552,1.19,3,sell
9/22,8150,新加坡商瑞銀,1650,3938,2555,1383,1.06,4,buy
9/22,8150,凱基-台北,9268,7113,8350,-1237,0.95,4,sell
9/22,8150,永豐金證券,0039004100300030,2236,1003,1233,0.95,5,buy
9/22,8150,富邦證券,9600,4136,5077,-941,0.72,5,sell
9/22,8150,台新,0039004200300030,1738,1198,540,0.41,6,buy
9/22,8150,統一,5850,366,1269,-903,0.69,6,sell
9/22,8150,港商野村,1560,1254,717,537,0.41,7,buy
9/22,8150,國票-安和,003700370039005a,163,983,-820,0.63,7,sell
9/22,8150,台灣摩根士丹利,1470,3890,3523,367,0.28,8,buy
9/22,8150,元大證券,9800,17254,17959,-705,0.54,8,sell
9/22,8150,法銀巴黎,8900,330,0,330,0.25,9,buy
9/22,8150,凱基,9200,966,1473,-507,0.39,9,sell
9/22,8150,元大-松江,9801,535,237,298,0.23,10,buy
9/22,8150,統一-城中,5854,42,537,-495,0.38,10,sell
9/22,8150,國泰證券,8880,296,53,243,0.19,11,buy
9/22,8150,凱基-站前,0039003200300046,137,574,-437,0.34,11,sell
9/22,8150,兆豐證券,7000,1170,946,224,0.17,12,buy
9/22,8150,群益金鼎,9100,924,1313,-389,0.3,12,sell
9/22,8150,台新-世貿,0039004200320075,155,44,111,0.09,13,buy
9/22,8150,群益金鼎-館前,0039003100330059,181,487,-306,0.23,13,sell
9/22,8150,台新-西松,003900420032006e,174,63,111,0.09,14,buy
9/22,8150,富邦-左營,0039003600360046,60,360,-300,0.23,14,sell
9/22,8150,元大-民雄,0039003800310056,264,155,109,0.08,15,buy
9/22,8150,元大-蘆洲,9857,290,528,-238,0.18,15,sell
9/22,1303,國泰證券,8880,2085,480,1605,2.25,1,buy
9/22,1303,美商高盛,1480,1185,10686,-9501,13.3,1,sell
9/22,1303,國泰-敦南,8888,2350,1358,992,1.39,2,buy
9/22,1303,凱基-台北,9268,2713,8686,-5973,8.36,2,sell
9/22,1303,台新,0039004200300030,1267,313,954,1.34,3,buy
9/22,1303,新加坡商瑞銀,1650,408,3844,-3436,4.81,3,sell
9/22,1303,香港上海匯豐,8960,608,0,608,0.85,4,buy
9/22,1303,台灣摩根士丹利,1470,699,3744,-3045,4.26,4,sell
9/22,1303,統一-南京,0035003800350055,498,63,435,0.61,5,buy
9/22,1303,永豐金-匯立,0039004100380031,284,1905,-1621,2.27,5,sell
9/22,1303,元大-復北,9872,703,359,344,0.48,6,buy
9/22,1303,元大證券,9800,4053,4749,-696,0.97,6,sell
9/22,1303,宏遠證券,1260,359,53,306,0.43,7,buy
9/22,1303,摩根大通,8440,376,1053,-677,0.95,7,sell
9/22,1303,統一-城中,5854,525,227,298,0.42,8,buy
9/22,1303,港商野村,1560,188,568,-380,0.53,8,sell
9/22,1303,中國信託-文心,6164,350,53,297,0.42,9,buy
9/22,1303,聯邦證券,8580,51,332,-281,0.39,9,sell
9/22,1303,花旗環球,1590,509,234,275,0.38,10,buy
9/22,1303,康和,8450,54,266,-212,0.3,10,sell
9/22,1303,新光,8560,706,457,249,0.35,11,buy
9/22,1303,富邦證券,9600,737,947,-210,0.29,11,sell
9/22,1303,凱基-站前,0039003200300046,336,91,245,0.34,12,buy
9/22,1303,致和-小北,7039,1,200,-199,0.28,12,sell
9/22,1303,國泰-板橋,003800380038004b,399,160,239,0.33,13,buy
9/22,1303,兆豐-岡山,0037003000300073,18,212,-194,0.27,13,sell
9/22,1303,元大-南屯,9853,251,38,213,0.3,14,buy
9/22,1303,宏遠-台南,0031003200360044,13,203,-190,0.27,14,sell
9/22,1303,元大-成功,003900380039004c,217,37,180,0.25,15,buy
9/22,1303,元大-大天母,9893,93,265,-172,0.24,15,sell
9/22,2801,美林,1440,1314,139,1175,7.84,1,buy
9/22,2801,摩根大通,8440,204,1768,-1564,10.43,1,sell
9/22,2801,台灣摩根士丹利,1470,1286,586,700,4.67,2,buy
9/22,2801,新加坡商瑞銀,1650,117,879,-762,5.08,2,sell
9/22,2801,美商高盛,1480,1013,327,686,4.57,3,buy
9/22,2801,凱基-台北,9268,1257,1888,-631,4.21,3,sell
9/22,2801,群益金鼎-北高雄,0039003100330052,500,0,500,3.33,4,buy
9/22,2801,玉山-城中,0038003800340045,2,382,-380,2.53,4,sell
9/22,2801,彰銀-台中,1233,499,4,495,3.3,5,buy
9/22,2801,元大-新營,9825,0,317,-317,2.11,5,sell
9/22,2801,永豐金證券,0039004100300030,437,29,408,2.72,6,buy
9/22,2801,台新-屏新,0039004200320071,3,301,-298,1.99,6,sell
9/22,2801,花旗環球,1590,561,198,363,2.42,7,buy
9/22,2801,台灣企銀-桃園,0031003100310045,2,279,-277,1.85,7,sell
9/22,2801,元大-旗山,003900380031006e,308,11,297,1.98,8,buy
9/22,2801,兆豐-西螺,0037003000300044,0,220,-220,1.47,8,sell
9/22,2801,玉山-左營,0038003800340044,194,1,193,1.29,9,buy
9/22,2801,臺銀-高雄,0031003000340043,103,306,-203,1.35,9,sell
9/22,2801,兆豐-寶成,0037003000300072,180,5,175,1.17,10,buy
9/22,2801,群益金鼎-民權,9131,5,205,-200,1.33,10,sell
9/22,2801,元大-新店中正,0039003800340043,150,0,150,1.0,11,buy
9/22,2801,富邦-宜蘭,9686,5,192,-187,1.25,11,sell
9/22,2801,富邦-陽明,9604,192,60,132,0.88,12,buy
9/22,2801,富邦-內湖,9627,0,160,-160,1.07,12,sell
9/22,2801,兆豐-鹿港,0037003000300066,132,13,119,0.79,13,buy
9/22,2801,元大-北府,0039003800300044,4,154,-150,1.0,13,sell
9/22,2801,元大-六合,0039003800320043,102,2,100,0.67,14,buy
9/22,2801,富邦-青埔,003900360031004e,4,151,-147,0.98,14,sell
9/22,2801,法銀巴黎,8900,98,1,97,0.65,15,buy
9/22,2801,國泰證券,8880,6,148,-142,0.95,15,sell
9/22,2542,中國信託,6160,1195,39,1156,5.18,1,buy
9/22,2542,元大證券,9800,417,3237,-2820,12.64,1,sell
9/22,2542,兆豐證券,7000,698,4,694,3.11,2,buy
9/22,2542,港商野村,1560,0,1662,-1662,7.45,2,sell
9/22,2542,新光,8560,650,84,566,2.54,3,buy
9/22,2542,統一-永和,0035003800350042,3,1459,-1456,6.53,3,sell
9/22,2542,凱基,9200,500,0,500,2.24,4,buy
9/22,2542,康和-仁愛,0038003400350046,0,803,-803,3.6,4,sell
9/22,2542,永豐金證券,0039004100300030,428,110,318,1.43,5,buy
9/22,2542,永豐金-中正,0039004100390055,42,748,-706,3.16,5,sell
9/22,2542,永全證券,6450,235,0,235,1.05,6,buy
9/22,2542,兆豐-大同,0037003000300053,6,701,-695,3.12,6,sell
9/22,2542,臺銀,1040,250,16,234,1.05,7,buy
9/22,2542,第一金-新竹,0035003300380042,6,400,-394,1.77,7,sell
9/22,2542,國泰-敦南,8888,480,285,195,0.87,8,buy
9/22,2542,新百王,6210,14,395,-381,1.71,8,sell
9/22,2542,台灣企銀,1110,196,33,163,0.73,9,buy
9/22,2542,台灣摩根士丹利,1470,320,688,-368,1.65,9,sell
9/22,2542,統一,5850,253,118,135,0.61,10,buy
9/22,2542,美商高盛,1480,569,882,-313,1.4,10,sell
9/22,2542,國泰-台中,8882,162,31,131,0.59,11,buy
9/22,2542,兆豐-公益,003700300030004a,8,283,-275,1.23,11,sell
9/22,2542,美林,1440,229,100,129,0.58,12,buy
9/22,2542,華南永昌-竹北,9339,3,201,-198,0.89,12,sell
9/22,2542,凱基-台東,003900320030005a,128,0,128,0.57,13,buy
9/22,2542,玉山-新竹,0038003800340048,110,290,-180,0.81,13,sell
9/22,2542,台新-左楠,0039004200310064,139,23,116,0.52,14,buy
9/22,2542,元大-新竹經國,9859,19,198,-179,0.8,14,sell
9/22,2542,富邦-宜蘭,9686,136,23,113,0.51,15,buy
9/22,2542,永豐金-新竹,0039004100390037,14,183,-169,0.76,15,sell
9/22,2884,香港上海匯豐,8960,2718,669,2049,11.92,1,buy
9/22,2884,美商高盛,1480,1676,3066,-1390,8.09,1,sell
9/22,2884,富邦證券,9600,1501,12,1489,8.66,2,buy
9/22,2884,玉山證券,8840,58,450,-392,2.28,2,sell
9/22,2884,凱基,9200,541,0,541,3.15,3,buy
9/22,2884,台灣摩根士丹利,1470,183,573,-390,2.27,3,sell
9/22,2884,美林,1440,579,145,434,2.52,4,buy
9/22,2884,新加坡商瑞銀,1650,356,526,-170,0.99,4,sell
9/22,2884,兆豐證券,7000,300,0,300,1.74,5,buy
9/22,2884,元大證券,9800,1107,1254,-147,0.86,5,sell
9/22,2884,亞東-新竹,2184,231,4,227,1.32,6,buy
9/22,2884,凱基-台北,9268,467,613,-146,0.85,6,sell
9/22,2884,永豐金-匯立,0039004100380031,232,5,227,1.32,7,buy
9/22,2884,統一,5850,10,139,-129,0.75,7,sell
9/22,2884,中國信託,6160,228,12,216,1.26,8,buy
9/22,2884,富邦-建國,9658,10,129,-119,0.69,8,sell
9/22,2884,港商野村,1560,146,48,98,0.57,9,buy
9/22,2884,花旗環球,1590,1264,1379,-115,0.67,9,sell
9/22,2884,元大-大雅,0039003800330069,114,30,84,0.49,10,buy
9/22,2884,摩根大通,8440,1360,1469,-109,0.63,10,sell
9/22,2884,永豐金-中正,0039004100390055,61,5,56,0.33,11,buy
9/22,2884,康和-永和,0038003400350042,0,105,-105,0.61,11,sell
9/22,2884,元大-和平,9863,54,0,54,0.31,12,buy
9/22,2884,國泰-敦南,8888,156,261,-105,0.61,12,sell
9/22,2884,永豐金-亞灣,0039004100390061,36,0,36,0.21,13,buy
9/22,2884,統一-三重,003500380035004a,3,105,-102,0.59,13,sell
9/22,2884,永豐金-桃盛,003900410039004e,31,0,31,0.18,14,buy
9/22,2884,元大-六合,0039003800320043,7,101,-94,0.55,14,sell
9/22,2884,國泰-忠孝,8887,34,6,28,0.16,15,buy
9/22,2884,華南永昌,9300,24,103,-79,0.46,15,sell
9/22,2633,永豐金證券,0039004100300030,1232,39,1193,20.9,1,buy
9/22,2633,元大證券,9800,17,2135,-2118,37.11,1,sell
9/22,2633,凱基,9200,665,0,665,11.65,2,buy
9/22,2633,台灣摩根士丹利,1470,49,751,-702,12.3,2,sell
9/22,2633,德信-新營,6913,110,0,110,1.93,3,buy
9/22,2633,摩根大通,8440,79,622,-543,9.51,3,sell
9/22,2633,元大-員林中山,9835,101,0,101,1.77,4,buy
9/22,2633,凱基-台北,9268,73,513,-440,7.71,4,sell
9/22,2633,國泰-敦南,8888,99,3,96,1.68,5,buy
9/22,2633,美林,1440,174,581,-407,7.13,5,sell
9/22,2633,福勝,6950,84,0,84,1.47,6,buy
9/22,2633,新加坡商瑞銀,1650,0,310,-310,5.43,6,sell
9/22,2633,凱基-彰化,0039003200300047,71,0,71,1.24,7,buy
9/22,2633,美商高盛,1480,15,279,-264,4.63,7,sell
9/22,2633,富邦-仁愛,9676,69,0,69,1.21,8,buy
9/22,2633,法銀巴黎,8900,0,61,-61,1.07,8,sell
9/22,2633,華南永昌,9300,62,0,62,1.09,9,buy
9/22,2633,兆豐-虎尾,0037003000300046,0,25,-25,0.44,9,sell
9/22,2633,國票-博愛,003700370039007a,60,0,60,1.05,10,buy
9/22,2633,統一-平鎮,0035003800350067,1,25,-24,0.42,10,sell
9/22,2633,新光,8560,116,56,60,1.05,11,buy
9/22,2633,中國信託-永康,6163,1,20,-19,0.33,11,sell
9/22,2633,台新,0039004200300030,62,4,58,1.02,12,buy
9/22,2633,第一金-路竹,0035003300380050,0,10,-10,0.18,12,sell
9/22,2633,群益金鼎-南京,0039003100380045,55,1,54,0.95,13,buy
9/22,2633,亞東-高雄,2186,3,10,-7,0.12,13,sell
9/22,2633,合庫-台南,1022,51,0,51,0.89,14,buy
9/22,2633,永豐金-高雄,0039004100390065,5,12,-7,0.12,14,sell
9/22,2633,永興,5600,51,0,51,0.89,15,buy
9/22,2633,富邦-高雄,9659,9,16,-7,0.12,15,sell
9/22,1409,統一-台中,5856,477,7,470,5.16,1,buy
9/22,1409,美林,1440,110,1455,-1345,14.76,1,sell
9/22,1409,新光,8560,298,29,269,2.95,2,buy
9/22,1409,美商高盛,1480,204,700,-496,5.44,2,sell
9/22,1409,元大-基隆孝二,003900380036004b,185,0,185,2.03,3,buy
9/22,1409,凱基-台北,9268,115,439,-324,3.56,3,sell
9/22,1409,台新-吉利,0039004200320057,122,0,122,1.34,4,buy
9/22,1409,新加坡商瑞銀,1650,43,340,-297,3.26,4,sell
9/22,1409,美好,5260,120,0,120,1.32,5,buy
9/22,1409,永豐金-天母,0039004100390047,0,227,-227,2.49,5,sell
9/22,1409,群益金鼎-開元,9134,127,8,119,1.31,6,buy
9/22,1409,凱基-林口,9257,13,210,-197,2.16,6,sell
9/22,1409,元大-上新莊,0039003800330047,134,20,114,1.25,7,buy
9/22,1409,台新-台北,0039004200320030,32,200,-168,1.84,7,sell
9/22,1409,群益金鼎-高盛,9105,83,0,83,0.91,8,buy
9/22,1409,港商野村,1560,0,150,-150,1.65,8,sell
9/22,1409,永豐金證券,0039004100300030,95,15,80,0.88,9,buy
9/22,1409,國泰-敦南,8888,128,275,-147,1.61,9,sell
9/22,1409,元大-成功,003900380039004c,75,3,72,0.79,10,buy
9/22,1409,元大證券,9800,343,482,-139,1.53,10,sell
9/22,1409,兆豐-台中港,7005,68,1,67,0.74,11,buy
9/22,1409,統一,5850,0,121,-121,1.33,11,sell
9/22,1409,華南永昌-豐原,9366,65,2,63,0.69,12,buy
9/22,1409,群益金鼎-潭子,0039003100330044,4,106,-102,1.12,12,sell
9/22,1409,永豐金-古亭,0039004100390064,63,0,63,0.69,13,buy
9/22,1409,元大-頭份,0039003800330055,6,83,-77,0.85,13,sell
9/22,1409,國泰證券,8880,63,0,63,0.69,14,buy
9/22,1409,永豐金-員林,0039004100390043,1,75,-74,0.81,14,sell
9/22,1409,元大-沙鹿,0039003800300064,68,10,58,0.64,15,buy
9/22,1409,元大-屏東,9892,3,74,-71,0.78,15,sell
9/22,5351,凱基-台北,9268,391,293,98,1.37,1,buy
9/22,5351,摩根大通,8440,173,922,-749,10.46,1,sell
9/22,5351,新加坡商瑞銀,1650,190,124,66,0.92,2,buy
9/22,5351,元大證券,9800,349,520,-171,2.39,2,sell
9/22,5351,台灣企銀-豐原,1118,65,1,64,0.89,3,buy
9/22,5351,台灣摩根士丹利,1470,251,411,-160,2.23,3,sell
9/22,5351,群益金鼎-大甲,0039003100380067,53,6,47,0.66,4,buy
9/22,5351,富邦-仁愛,9676,15,159,-144,2.01,4,sell
9/22,5351,台新-草屯,0039004200320058,45,1,44,0.61,5,buy
9/22,5351,玉山-台南,8847,16,124,-108,1.51,5,sell
9/22,5351,國泰-敦南,8888,207,163,44,0.61,6,buy
9/22,5351,元大-竹山,0039003800310052,54,158,-104,1.45,6,sell
9/22,5351,兆豐-來福,0037003000300043,38,2,36,0.5,7,buy
9/22,5351,台新-台北,0039004200320030,2,67,-65,0.91,7,sell
9/22,5351,新光,8560,60,29,31,0.43,8,buy
9/22,5351,統一-員林,0035003800350049,2,54,-52,0.73,8,sell
9/22,5351,台新-大昌,0039004200320044,33,2,31,0.43,9,buy
9/22,5351,元大-大天母,9893,60,110,-50,0.7,9,sell
9/22,5351,凱基-林口,9257,31,1,30,0.42,10,buy
9/22,5351,群益金鼎-市府,0039003100300044,2,50,-48,0.67,10,sell
9/22,5351,富邦-新店,9661,44,15,29,0.4,11,buy
9/22,5351,永豐金-嘉義,003900410039006a,25,63,-38,0.53,11,sell
9/22,5351,國泰-館前,0038003800380041,36,7,29,0.4,12,buy
9/22,5351,中國信託-嘉義,6168,2,39,-37,0.52,12,sell
9/22,5351,國泰-台南,8884,32,4,28,0.39,13,buy
9/22,5351,元大-大統,003900380031007a,2,37,-35,0.49,13,sell
9/22,5351,元大-東港,0039003800390066,28,1,27,0.38,14,buy
9/22,5351,國泰-新莊,8886,7,39,-32,0.45,14,sell
9/22,5351,土銀-建國,0031003000330041,30,3,27,0.38,15,buy
9/22,5351,華南永昌-麻豆,9308,0,31,-31,0.43,15,sell
9/22,2301,美商高盛,1480,1639,673,966,4.78,1,buy
9/22,2301,富邦證券,9600,187,1184,-997,4.93,1,sell
9/22,2301,港商麥格理,1360,567,19,548,2.71,2,buy
9/22,2301,台灣摩根士丹利,1470,495,1426,-931,4.61,2,sell
9/22,2301,凱基,9200,589,306,283,1.4,3,buy
9/22,2301,康和,8450,153,874,-721,3.57,3,sell
9/22,2301,花旗環球,1590,618,375,243,1.2,4,buy
9/22,2301,華南永昌,9300,87,782,-695,3.44,4,sell
9/22,2301,合庫證券,1020,177,5,172,0.85,5,buy
9/22,2301,元大-松江,9801,16,669,-653,3.23,5,sell
9/22,2301,凱基-彰化,0039003200300047,151,8,143,0.71,6,buy
9/22,2301,富邦-新店,9661,35,453,-418,2.07,6,sell
9/22,2301,華南永昌-長虹,9333,156,53,103,0.51,7,buy
9/22,2301,摩根大通,8440,942,1354,-412,2.04,7,sell
9/22,2301,香港上海匯豐,8960,139,51,88,0.44,8,buy
9/22,2301,元大證券,9800,899,1250,-351,1.74,8,sell
9/22,2301,群益金鼎-南京,0039003100380045,122,37,85,0.42,9,buy
9/22,2301,群益金鼎-中壢,0039003100380041,5,212,-207,1.02,9,sell
9/22,2301,中國信託-文心,6164,105,21,84,0.42,10,buy
9/22,2301,凱基-台北,9268,583,692,-109,0.54,10,sell
9/22,2301,國泰-敦南,8888,392,312,80,0.4,11,buy
9/22,2301,玉山-台南,8847,17,88,-71,0.35,11,sell
9/22,2301,美林,1440,822,745,77,0.38,12,buy
9/22,2301,元大-仁愛,003900380033006a,7,73,-66,0.33,12,sell
9/22,2301,(牛牛牛)亞-鑫豐,0036003000310064,70,10,60,0.3,13,buy
9/22,2301,凱基-站前,0039003200300046,30,90,-60,0.3,13,sell
9/22,2301,凱基-鳳山,9274,80,21,59,0.29,14,buy
9/22,2301,新加坡商瑞銀,1650,648,697,-49,0.24,14,sell
9/22,2301,法銀巴黎,8900,63,5,58,0.29,15,buy
9/22,2301,華南永昌-淡水,9316,2,42,-40,0.2,15,sell
9/22,2105,美商高盛,1480,814,53,761,21.99,1,buy
9/22,2105,富邦-建國,9658,13,1010,-997,28.81,1,sell
9/22,2105,凱基-台北,9268,281,108,173,5.0,2,buy
9/22,2105,台灣摩根士丹利,1470,290,520,-230,6.65,2,sell
9/22,2105,兆豐證券,7000,165,0,165,4.77,3,buy
9/22,2105,花旗環球,1590,64,284,-220,6.36,3,sell
9/22,2105,元大證券,9800,111,9,102,2.95,4,buy
9/22,2105,摩根大通,8440,64,237,-173,5.0,4,sell
9/22,2105,國泰-高雄,8881,98,0,98,2.83,5,buy
9/22,2105,新加坡商瑞銀,1650,0,172,-172,4.97,5,sell
9/22,2105,港商野村,1560,97,0,97,2.8,6,buy
9/22,2105,玉山-高雄,8843,2,93,-91,2.63,6,sell
9/22,2105,新光,8560,64,11,53,1.53,7,buy
9/22,2105,富邦-仁愛,9676,2,90,-88,2.54,7,sell
9/22,2105,永豐金-中和,0039004100390042,50,0,50,1.44,8,buy
9/22,2105,國票-九鼎,0037003700390050,5,60,-55,1.59,8,sell
9/22,2105,元大-沙鹿,0039003800300064,52,5,47,1.36,9,buy
9/22,2105,香港上海匯豐,8960,0,55,-55,1.59,9,sell
9/22,2105,元大-苗栗,003900380031004d,41,0,41,1.18,10,buy
9/22,2105,凱基-站前,0039003200300046,0,29,-29,0.84,10,sell
9/22,2105,德信-新營,6913,32,0,32,0.92,11,buy
9/22,2105,亞東-新竹,2184,0,28,-28,0.81,11,sell
9/22,2105,國票-內壢,7798,30,1,29,0.84,12,buy
9/22,2105,美林,1440,47,69,-22,0.64,12,sell
9/22,2105,新光-桃園,8565,26,0,26,0.75,13,buy
9/22,2105,富邦-二林,0039003600320042,0,20,-20,0.58,13,sell
9/22,2105,大昌-新店,6464,26,1,25,0.72,14,buy
9/22,2105,元大-敦南,0039003800390050,0,20,-20,0.58,14,sell
9/22,2105,永豐金-萬盛,0039004100390032,24,0,24,0.69,15,buy
9/22,2105,台新-建北,0039004200310038,0,20,-20,0.58,15,sell
9/22,6505,國泰證券,8880,1581,20,1561,9.45,1,buy
9/22,6505,台灣摩根士丹利,1470,357,2120,-1763,10.68,1,sell
9/22,6505,美林,1440,814,57,757,4.58,2,buy
9/22,6505,摩根大通,8440,359,1372,-1013,6.13,2,sell
9/22,6505,港商野村,1560,762,71,691,4.18,3,buy
9/22,6505,凱基-台北,9268,418,1029,-611,3.7,3,sell
9/22,6505,富邦證券,9600,537,173,364,2.2,4,buy
9/22,6505,元大證券,9800,1474,2009,-535,3.24,4,sell
9/22,6505,大和國泰,8890,335,0,335,2.03,5,buy
9/22,6505,花旗環球,1590,109,439,-330,2.0,5,sell
9/22,6505,永豐金證券,0039004100300030,445,130,315,1.91,6,buy
9/22,6505,玉山-嘉義,8848,13,230,-217,1.31,6,sell
9/22,6505,玉山-新莊,8842,279,24,255,1.54,7,buy
9/22,6505,玉山-大里,003800380034004a,7,204,-197,1.19,7,sell
9/22,6505,兆豐-竹北,7007,183,2,181,1.1,8,buy
9/22,6505,富邦-南京,0039003600310043,39,204,-165,1.0,8,sell
9/22,6505,第一金,5380,275,116,159,0.96,9,buy
9/22,6505,華南永昌-虎尾,9377,20,164,-144,0.87,9,sell
9/22,6505,華南永昌,9300,191,36,155,0.94,10,buy
9/22,6505,永豐金-信義,0039004100390052,3,103,-100,0.61,10,sell
9/22,6505,美商高盛,1480,959,807,152,0.92,11,buy
9/22,6505,聯邦-忠孝,8583,4,100,-96,0.58,11,sell
9/22,6505,富邦-內湖,9627,150,2,148,0.9,12,buy
9/22,6505,國票-九鼎,0037003700390050,2,97,-95,0.58,12,sell
9/22,6505,凱基,9200,261,119,142,0.86,13,buy
9/22,6505,康和-屏東,0038003400350058,0,84,-84,0.51,13,sell
9/22,6505,元大-內湖,003900380039004e,200,65,135,0.82,14,buy
9/22,6505,元大-鹿港,0039003800390053,3,83,-80,0.48,14,sell
9/22,6505,統一,5850,146,32,114,0.69,15,buy
9/22,6505,新加坡商瑞銀,1650,109,181,-72,0.44,15,sell
9/22,6147,宏遠證券,1260,827,4,823,1.53,1,buy
9/22,6147,摩根大通,8440,723,4408,-3685,6.83,1,sell
9/22,6147,美好,5260,511,11,500,0.93,2,buy
9/22,6147,美商高盛,1480,1314,3642,-2328,4.32,2,sell
9/22,6147,華南永昌-中正,9359,423,21,402,0.75,3,buy
9/22,6147,元大證券,9800,5633,6691,-1058,1.96,3,sell
9/22,6147,兆豐證券,7000,386,16,370,0.69,4,buy
9/22,6147,凱基-台北,9268,3422,4263,-841,1.56,4,sell
9/22,6147,國泰-敦南,8888,1907,1577,330,0.61,5,buy
9/22,6147,凱基,9200,83,830,-747,1.39,5,sell
9/22,6147,華南永昌-南京,9326,439,167,272,0.5,6,buy
9/22,6147,台灣摩根士丹利,1470,1197,1931,-734,1.36,6,sell
9/22,6147,富邦證券,9600,684,425,259,0.48,7,buy
9/22,6147,新加坡商瑞銀,1650,484,1025,-541,1.0,7,sell
9/22,6147,統一-南京,0035003800350055,257,31,226,0.42,8,buy
9/22,6147,美林,1440,70,482,-412,0.76,8,sell
9/22,6147,永豐金證券,0039004100300030,553,370,183,0.34,9,buy
9/22,6147,港商野村,1560,0,197,-197,0.37,9,sell
9/22,6147,康和,8450,285,103,182,0.34,10,buy
9/22,6147,國泰證券,8880,44,172,-128,0.24,10,sell
9/22,6147,富邦-嘉義,9692,261,100,161,0.3,11,buy
9/22,6147,統一-敦南,5852,186,298,-112,0.21,11,sell
9/22,6147,台新-成功,003900420032006d,171,16,155,0.29,12,buy
9/22,6147,富邦-木柵,003900360031004d,50,158,-108,0.2,12,sell
9/22,6147,玉山-數位,003800380034004d,191,43,148,0.27,13,buy
9/22,6147,永豐金-市政,0039004100390057,108,212,-104,0.19,13,sell
9/22,6147,台新-台北,0039004200320030,169,28,141,0.26,14,buy
9/22,6147,統一-城中,5854,24,120,-96,0.18,14,sell
9/22,6147,台新-同大,0039004200320050,149,21,128,0.24,15,buy
9/22,6147,元大-虎尾,003900380030006c,39,128,-89,0.17,15,sell
9/22,5871,兆豐-中壢,0037003000300062,881,0,881,5.92,1,buy
9/22,5871,美商高盛,1480,408,5032,-4624,31.09,1,sell
9/22,5871,港商野村,1560,607,83,524,3.52,2,buy
9/22,5871,美林,1440,120,1966,-1846,12.41,2,sell
9/22,5871,國泰-敦南,8888,410,27,383,2.58,3,buy
9/22,5871,花旗環球,1590,347,1282,-935,6.29,3,sell
9/22,5871,群益金鼎-開元,9134,221,6,215,1.45,4,buy
9/22,5871,台灣摩根士丹利,1470,150,870,-720,4.84,4,sell
9/22,5871,台新-高雄,0039004200310067,235,60,175,1.18,5,buy
9/22,5871,凱基-台北,9268,258,939,-681,4.58,5,sell
9/22,5871,玉山-台南,8847,166,0,166,1.12,6,buy
9/22,5871,摩根大通,8440,23,646,-623,4.19,6,sell
9/22,5871,凱基-高雄,9206,213,60,153,1.03,7,buy
9/22,5871,新加坡商瑞銀,1650,53,505,-452,3.04,7,sell
9/22,5871,新光-台中,8561,219,76,143,0.96,8,buy
9/22,5871,元大證券,9800,477,638,-161,1.08,8,sell
9/22,5871,華南永昌-鳳山,9331,123,0,123,0.83,9,buy
9/22,5871,法銀巴黎,8900,0,151,-151,1.02,9,sell
9/22,5871,台新,0039004200300030,118,5,113,0.76,10,buy
9/22,5871,元大-天母,0039003800310049,15,109,-94,0.63,10,sell
9/22,5871,國泰-桃園,8885,139,29,110,0.74,11,buy
9/22,5871,第一金,5380,11,105,-94,0.63,11,sell
9/22,5871,永豐金-板新,003900410039004a,109,2,107,0.72,12,buy
9/22,5871,宏遠-館前,0031003200360055,1,92,-91,0.61,12,sell
9/22,5871,合庫-鳳山,1029,98,1,97,0.65,13,buy
9/22,5871,國票-新莊,0037003700390047,3,80,-77,0.52,13,sell
9/22,5871,第一金-新竹,0035003300380042,92,1,91,0.61,14,buy
9/22,5871,群益金鼎-嘉義,003900310038004d,13,88,-75,0.5,14,sell
9/22,5871,第一金-新興,0035003300380041,80,0,80,0.54,15,buy
9/22,5871,元大-屏南,0039003800310072,2,70,-68,0.46,15,sell
9/22,4938,凱基,9200,1366,3,1363,16.29,1,buy
9/22,4938,新加坡商瑞銀,1650,584,2762,-2178,26.03,1,sell
9/22,4938,凱基-台北,9268,1341,270,1071,12.8,2,buy
9/22,4938,港商野村,1560,19,1448,-1429,17.08,2,sell
9/22,4938,統一,5850,808,1,807,9.64,3,buy
9/22,4938,台灣摩根士丹利,1470,275,610,-335,4.0,3,sell
9/22,4938,香港上海匯豐,8960,378,126,252,3.01,4,buy
9/22,4938,美商高盛,1480,462,720,-258,3.08,4,sell
9/22,4938,法銀巴黎,8900,194,0,194,2.32,5,buy
9/22,4938,兆豐證券,7000,2,106,-104,1.24,5,sell
9/22,4938,摩根大通,8440,376,185,191,2.28,6,buy
9/22,4938,富邦-仁愛,9676,4,75,-71,0.85,6,sell
9/22,4938,國票-敦北法人,0037003700390063,170,0,170,2.03,7,buy
9/22,4938,合庫證券,1020,1,67,-66,0.79,7,sell
9/22,4938,美林,1440,218,136,82,0.98,8,buy
9/22,4938,中國信託-三重,6161,1,50,-49,0.59,8,sell
9/22,4938,元大-信義,003900380039006d,150,70,80,0.96,9,buy
9/22,4938,永豐金證券,0039004100300030,9,54,-45,0.54,9,sell
9/22,4938,華南永昌-鳳山,9331,70,4,66,0.79,10,buy
9/22,4938,華南永昌-三重,9369,1,41,-40,0.48,10,sell
9/22,4938,元大-大同,0039003800390047,55,0,55,0.66,11,buy
9/22,4938,國泰-高雄,8881,2,40,-38,0.45,11,sell
9/22,4938,群益金鼎,9100,84,31,53,0.63,12,buy
9/22,4938,花旗環球,1590,106,132,-26,0.31,12,sell
9/22,4938,宏遠證券,1260,101,50,51,0.61,13,buy
9/22,4938,兆豐-板橋,0037003000300042,1,26,-25,0.3,13,sell
9/22,4938,元大-民生三民,0039003800390058,50,0,50,0.6,14,buy
9/22,4938,台新-三民,0039004200310033,3,24,-21,0.25,14,sell
9/22,4938,富邦-北港,0039003600390043,44,0,44,0.53,15,buy
9/22,4938,台新-安南,003900420032005a,1,20,-19,0.23,15,sell
9/22,2426,合庫-西台中,0031003000320046,413,12,401,1.24,1,buy
9/22,2426,台灣摩根士丹利,1470,231,1019,-788,2.44,1,sell
9/22,2426,永豐金-豐原,0039004100390051,326,81,245,0.76,2,buy
9/22,2426,港商野村,1560,0,778,-778,2.41,2,sell
9/22,2426,花旗環球,1590,230,0,230,0.71,3,buy
9/22,2426,摩根大通,8440,790,1333,-543,1.68,3,sell
9/22,2426,台新,0039004200300030,453,233,220,0.68,4,buy
9/22,2426,元大證券,9800,2987,3523,-536,1.66,4,sell
9/22,2426,富邦-竹北,9624,281,81,200,0.62,5,buy
9/22,2426,美商高盛,1480,1217,1713,-496,1.53,5,sell
9/22,2426,國泰-敦南,8888,1044,877,167,0.52,6,buy
9/22,2426,統一-桃園,0035003800350048,38,301,-263,0.81,6,sell
9/22,2426,群益金鼎,9100,328,168,160,0.5,7,buy
9/22,2426,新加坡商瑞銀,1650,113,357,-244,0.76,7,sell
9/22,2426,統一-敦南,5852,168,24,144,0.45,8,buy
9/22,2426,國票-敦北法人,0037003700390063,18,221,-203,0.63,8,sell
9/22,2426,台新-世貿,0039004200320075,133,6,127,0.39,9,buy
9/22,2426,國票-安和,003700370039005a,11,195,-184,0.57,9,sell
9/22,2426,凱基-台北,9268,1911,1803,108,0.33,10,buy
9/22,2426,國泰證券,8880,124,284,-160,0.5,10,sell
9/22,2426,永豐金-大園,0039004100390038,135,31,104,0.32,11,buy
9/22,2426,永豐金-松山,0039004100390031,107,238,-131,0.41,11,sell
9/22,2426,統一-員林,0035003800350049,91,13,78,0.24,12,buy
9/22,2426,台新-宜蘭,0039004200320055,211,323,-112,0.35,12,sell
9/22,2426,元大-和平,9863,85,10,75,0.23,13,buy
9/22,2426,康和,8450,30,133,-103,0.32,13,sell
9/22,2426,台新-松江,0039004200310035,82,7,75,0.23,14,buy
9/22,2426,福邦證券,6480,1,100,-99,0.31,14,sell
9/22,2426,中國信託-高雄,003600310036004b,98,32,66,0.2,15,buy
9/22,2426,富邦-建國,9658,33,115,-82,0.25,15,sell
9/22,2890,美林,1440,1926,72,1854,13.6,1,buy
9/22,2890,摩根大通,8440,427,4496,-4069,29.85,1,sell
9/22,2890,花旗環球,1590,914,20,894,6.56,2,buy
9/22,2890,台灣摩根士丹利,1470,792,2688,-1896,13.91,2,sell
9/22,2890,元大證券,9800,1370,680,690,5.06,3,buy
9/22,2890,美商高盛,1480,1033,1623,-590,4.33,3,sell
9/22,2890,富邦證券,9600,795,157,638,4.68,4,buy
9/22,2890,香港上海匯豐,8960,34,415,-381,2.8,4,sell
9/22,2890,新加坡商瑞銀,1650,790,212,578,4.24,5,buy
9/22,2890,合庫-桃園,0031003000320045,0,200,-200,1.47,5,sell
9/22,2890,台新-城中,0039004200320045,310,0,310,2.27,6,buy
9/22,2890,富邦-內湖,9627,0,102,-102,0.75,6,sell
9/22,2890,凱基-台北,9268,850,596,254,1.86,7,buy
9/22,2890,凱基-竹北,9234,0,85,-85,0.62,7,sell
9/22,2890,永豐金-台南,0039004100390068,227,13,214,1.57,8,buy
9/22,2890,永豐金-松山,0039004100390031,11,68,-57,0.42,8,sell
9/22,2890,中國信託,6160,185,10,175,1.28,9,buy
9/22,2890,元大-中壢,9834,4,58,-54,0.4,9,sell
9/22,2890,永豐金證券,0039004100300030,164,17,147,1.08,10,buy
9/22,2890,凱基,9200,1,44,-43,0.32,10,sell
9/22,2890,玉山-高雄,8843,100,0,100,0.73,11,buy
9/22,2890,華南永昌-基隆,9322,1,35,-34,0.25,11,sell
9/22,2890,台灣企銀-台中,1111,100,0,100,0.73,12,buy
9/22,2890,兆豐-北高雄,0037003000300049,0,30,-30,0.22,12,sell
9/22,2890,華南永昌-竹北,9339,100,0,100,0.73,13,buy
9/22,2890,國票證券,7790,4,32,-28,0.21,13,sell
9/22,2890,元大-竹北,0039003800310042,88,0,88,0.65,14,buy
9/22,2890,永豐金-中壢,0039004100390039,3,30,-27,0.2,14,sell
9/22,2890,富邦-北港,0039003600390043,76,0,76,0.56,15,buy
9/22,2890,元大-三民,0039003800390046,2,26,-24,0.18,15,sell
9/22,1815,元大證券,9800,9319,8662,657,0.93,1,buy
9/22,1815,凱基-台北,9268,3414,5599,-2185,3.1,1,sell
9/22,1815,元大-彰化,0039003800310047,687,42,645,0.91,2,buy
9/22,1815,台灣摩根士丹利,1470,2980,4569,-1589,2.25,2,sell
9/22,1815,兆豐證券,7000,550,24,526,0.75,3,buy
9/22,1815,美商高盛,1480,2941,4238,-1297,1.84,3,sell
9/22,1815,統一,5850,997,490,507,0.72,4,buy
9/22,1815,摩根大通,8440,490,1689,-1199,1.7,4,sell
9/22,1815,凱基-宜蘭,003900320030004d,572,74,498,0.71,5,buy
9/22,1815,富邦-嘉義,9692,80,1098,-1018,1.44,5,sell
9/22,1815,凱基,9200,440,143,297,0.42,6,buy
9/22,1815,台新-同大,0039004200320050,82,749,-667,0.95,6,sell
9/22,1815,國泰-敦南,8888,2185,1900,285,0.4,7,buy
9/22,1815,新加坡商瑞銀,1650,3264,3875,-611,0.87,7,sell
9/22,1815,華南永昌,9300,431,172,259,0.37,8,buy
9/22,1815,凱基-中山,9229,60,656,-596,0.85,8,sell
9/22,1815,玉山-台中,0038003800340042,257,55,202,0.29,9,buy
9/22,1815,香港上海匯豐,8960,0,305,-305,0.43,9,sell
9/22,1815,新光,8560,741,569,172,0.24,10,buy
9/22,1815,港商野村,1560,0,218,-218,0.31,10,sell
9/22,1815,台新-台北,0039004200320030,183,12,171,0.24,11,buy
9/22,1815,元大-信義,003900380039006d,42,174,-132,0.19,11,sell
9/22,1815,凱基-站前,0039003200300046,323,171,152,0.22,12,buy
9/22,1815,群益金鼎-海山,9108,64,186,-122,0.17,12,sell
9/22,1815,兆豐-新竹,0037003000300056,196,47,149,0.21,13,buy
9/22,1815,富邦-台中,003900360035004b,98,218,-120,0.17,13,sell
9/22,1815,富邦-台北,9623,451,313,138,0.2,14,buy
9/22,1815,群益金鼎-大甲,0039003100380067,27,138,-111,0.16,14,sell
9/22,1815,元大-信義安和,0039003800300052,167,40,127,0.18,15,buy
9/22,1815,新光-桃園,8565,245,328,-83,0.12,15,sell
9/22,3105,台灣摩根士丹利,1470,2685,574,2111,6.22,1,buy
9/22,3105,群益金鼎-古亭,0039003100380043,35,505,-470,1.38,1,sell
9/22,3105,摩根大通,8440,1615,557,1058,3.12,2,buy
9/22,3105,國泰-敦南,8888,816,1114,-298,0.88,2,sell
9/22,3105,元大證券,9800,4283,3328,955,2.81,3,buy
9/22,3105,兆豐-民生,0037003000300063,21,164,-143,0.42,3,sell
9/22,3105,港商野村,1560,695,69,626,1.84,4,buy
9/22,3105,永豐金-豐原,0039004100390051,39,169,-130,0.38,4,sell
9/22,3105,凱基-台北,9268,3012,2393,619,1.82,5,buy
9/22,3105,元大-北投,0039003800390041,47,151,-104,0.31,5,sell
9/22,3105,美商高盛,1480,1453,945,508,1.5,6,buy
9/22,3105,富邦-台北,9623,109,203,-94,0.28,6,sell
9/22,3105,美林,1440,577,151,426,1.25,7,buy
9/22,3105,統一-敦南,5852,23,114,-91,0.27,7,sell
9/22,3105,富邦證券,9600,524,121,403,1.19,8,buy
9/22,3105,富邦-永和,9654,42,117,-75,0.22,8,sell
9/22,3105,新加坡商瑞銀,1650,471,133,338,1.0,9,buy
9/22,3105,群益金鼎,9100,431,504,-73,0.21,9,sell
9/22,3105,永豐金-信義,0039004100390052,155,39,116,0.34,10,buy
9/22,3105,美好-蘆洲,5261,15,86,-71,0.21,10,sell
9/22,3105,國泰證券,8880,137,32,105,0.31,11,buy
9/22,3105,凱基,9200,27,92,-65,0.19,11,sell
9/22,3105,凱基-士林,9238,82,19,63,0.19,12,buy
9/22,3105,新光,8560,219,278,-59,0.17,12,sell
9/22,3105,統一,5850,258,201,57,0.17,13,buy
9/22,3105,國泰-館前,0038003800380041,102,155,-53,0.16,13,sell
9/22,3105,中國信託-忠孝,6162,108,58,50,0.15,14,buy
9/22,3105,凱基-站前,0039003200300046,85,136,-51,0.15,14,sell
9/22,3105,永豐金證券,0039004100300030,466,425,41,0.12,15,buy
9/22,3105,國泰-板橋,003800380038004b,175,226,-51,0.15,15,sell
9/22,2027,摩根大通,8440,2243,224,2019,23.96,1,buy
9/22,2027,台灣摩根士丹利,1470,770,2011,-1241,14.73,1,sell
9/22,2027,美商高盛,1480,971,237,734,8.71,2,buy
9/22,2027,美林,1440,166,986,-820,9.73,2,sell
9/22,2027,花旗環球,1590,287,12,275,3.26,3,buy
9/22,2027,凱基-台北,9268,435,976,-541,6.42,3,sell
9/22,2027,華南永昌-頭份,9343,241,0,241,2.86,4,buy
9/22,2027,香港上海匯豐,8960,0,242,-242,2.87,4,sell
9/22,2027,福邦證券,6480,150,0,150,1.78,5,buy
9/22,2027,國票-天祥,0037003700390056,0,230,-230,2.73,5,sell
9/22,2027,元大證券,9800,240,94,146,1.73,6,buy
9/22,2027,富邦-中壢,9636,6,185,-179,2.12,6,sell
9/22,2027,國票證券,7790,108,14,94,1.12,7,buy
9/22,2027,安泰,8380,1,141,-140,1.66,7,sell
9/22,2027,元大-萬華,0039003800310071,85,1,84,1.0,8,buy
9/22,2027,台新-吉利,0039004200320057,3,105,-102,1.21,8,sell
9/22,2027,元大-竹科,003900380030004b,75,0,75,0.89,9,buy
9/22,2027,土銀-高雄,1033,0,80,-80,0.95,9,sell
9/22,2027,群益金鼎-彰化,9187,70,1,69,0.82,10,buy
9/22,2027,台新-新營,0039004200310031,0,70,-70,0.83,10,sell
9/22,2027,兆豐-三民,0037003000300068,47,0,47,0.56,11,buy
9/22,2027,富邦-木柵,003900360031004d,1,70,-69,0.82,11,sell
9/22,2027,新加坡商瑞銀,1650,520,478,42,0.5,12,buy
9/22,2027,凱基,9200,0,64,-64,0.76,12,sell
9/22,2027,群益金鼎-竹南,0039003100380069,40,0,40,0.47,13,buy
9/22,2027,永豐金-市政,0039004100390057,2,56,-54,0.64,13,sell
9/22,2027,富邦證券,9600,35,0,35,0.42,14,buy
9/22,2027,元大-崇德,0039003800310053,3,56,-53,0.63,14,sell
9/22,2027,永豐金-中正,0039004100390055,35,0,35,0.42,15,buy
9/22,2027,凱基-內湖,9287,0,48,-48,0.57,15,sell
9/22,2610,統一,5850,4904,77,4827,23.95,1,buy
9/22,2610,富邦-陽明,9604,183,4209,-4026,19.98,1,sell
9/22,2610,台灣摩根士丹利,1470,2637,804,1833,9.09,2,buy
9/22,2610,元大-六合,0039003800320043,20,506,-486,2.41,2,sell
9/22,2610,新加坡商瑞銀,1650,1508,22,1486,7.37,3,buy
9/22,2610,港商麥格理,1360,0,481,-481,2.39,3,sell
9/22,2610,摩根大通,8440,1096,282,814,4.04,4,buy
9/22,2610,大昌-新竹,6463,0,415,-415,2.06,4,sell
9/22,2610,美商高盛,1480,1786,1035,751,3.73,5,buy
9/22,2610,新光,8560,32,368,-336,1.67,5,sell
9/22,2610,國泰-台中,8882,600,43,557,2.76,6,buy
9/22,2610,國泰-敦南,8888,54,312,-258,1.28,6,sell
9/22,2610,凱基-台北,9268,982,454,528,2.62,7,buy
9/22,2610,群益金鼎-彰化,9187,0,255,-255,1.27,7,sell
9/22,2610,港商野村,1560,503,0,503,2.5,8,buy
9/22,2610,元大證券,9800,295,526,-231,1.15,8,sell
9/22,2610,台灣企銀-民雄,0031003100310041,290,0,290,1.44,9,buy
9/22,2610,宏遠-光隆,0031003200360069,0,206,-206,1.02,9,sell
9/22,2610,台新-松德,0039004200320061,209,12,197,0.98,10,buy
9/22,2610,台新-桃園,0039004200320076,0,205,-205,1.02,10,sell
9/22,2610,中國信託,6160,215,29,186,0.92,11,buy
9/22,2610,台新,0039004200300030,62,265,-203,1.01,11,sell
9/22,2610,中國信託-高雄,003600310036004b,232,54,178,0.88,12,buy
9/22,2610,永豐金-嘉義,003900410039006a,0,182,-182,0.9,12,sell
9/22,2610,凱基,9200,233,69,164,0.81,13,buy
9/22,2610,富邦-敦南,9663,3,162,-159,0.79,13,sell
9/22,2610,花旗環球,1590,215,75,140,0.69,14,buy
9/22,2610,玉山-信義,0038003800340043,131,284,-153,0.76,14,sell
9/22,2610,華南永昌-世貿,9334,150,11,139,0.69,15,buy
9/22,2610,元大-金華,9878,8,143,-135,0.67,15,sell
9/22,2449,台灣摩根士丹利,1470,7798,1615,6183,8.53,1,buy
9/22,2449,美林,1440,423,3454,-3031,4.18,1,sell
9/22,2449,美商高盛,1480,5803,1581,4222,5.82,2,buy
9/22,2449,群益金鼎-建成,003900310038004c,19,826,-807,1.11,2,sell
9/22,2449,新加坡商瑞銀,1650,3233,85,3148,4.34,3,buy
9/22,2449,國泰-敦南,8888,1345,2129,-784,1.08,3,sell
9/22,2449,元大證券,9800,9220,6882,2338,3.22,4,buy
9/22,2449,合庫-西台中,0031003000320046,20,322,-302,0.42,4,sell
9/22,2449,摩根大通,8440,2456,490,1966,2.71,5,buy
9/22,2449,港商麥格理,1360,181,457,-276,0.38,5,sell
9/22,2449,統一,5850,1698,485,1213,1.67,6,buy
9/22,2449,國票-北投,7792,5,262,-257,0.35,6,sell
9/22,2449,凱基-台北,9268,4490,3422,1068,1.47,7,buy
9/22,2449,富邦-建國,9658,58,310,-252,0.35,7,sell
9/22,2449,凱基-永和,9207,906,20,886,1.22,8,buy
9/22,2449,國泰-板橋,003800380038004b,175,372,-197,0.27,8,sell
9/22,2449,康和,8450,1020,155,865,1.19,9,buy
9/22,2449,富邦-中壢,9636,44,234,-190,0.26,9,sell
9/22,2449,國泰證券,8880,965,158,807,1.11,10,buy
9/22,2449,國泰-台中,8882,231,406,-175,0.24,10,sell
9/22,2449,國票-敦北法人,0037003700390063,653,76,577,0.8,11,buy
9/22,2449,元大-大天母,9893,32,201,-169,0.23,11,sell
9/22,2449,群益金鼎,9100,1175,664,511,0.7,12,buy
9/22,2449,富邦-陽明,9604,84,250,-166,0.23,12,sell
9/22,2449,花旗環球,1590,851,376,475,0.65,13,buy
9/22,2449,永豐金-市政,0039004100390057,59,213,-154,0.21,13,sell
9/22,2449,法銀巴黎,8900,376,0,376,0.52,14,buy
9/22,2449,新光-台中,8561,83,232,-149,0.21,14,sell
9/22,2449,凱基,9200,419,93,326,0.45,15,buy
9/22,2449,富邦-新竹,9647,74,219,-145,0.2,15,sell
9/22,0050,永豐金證券,0039004100300030,9279,1908,7371,8.74,1,buy
9/22,0050,元大證券,9800,4221,6116,-1895,2.25,1,sell
9/22,0050,富邦證券,9600,5247,208,5039,5.98,2,buy
9/22,0050,臺銀-金山,0031003000340044,40,1673,-1633,1.94,2,sell
9/22,0050,美商高盛,1480,4000,111,3889,4.61,3,buy
9/22,0050,凱基-台北,9268,12988,14222,-1234,1.46,3,sell
9/22,0050,元大-竹科,003900380030004b,2130,85,2045,2.43,4,buy
9/22,0050,中國信託,6160,996,2114,-1118,1.33,4,sell
9/22,0050,凱基,9200,2391,702,1689,2.0,5,buy
9/22,0050,新加坡商瑞銀,1650,639,1677,-1038,1.23,5,sell
9/22,0050,國泰證券,8880,1153,52,1101,1.31,6,buy
9/22,0050,凱基-雙和,0039003200300043,18,1047,-1029,1.22,6,sell
9/22,0050,香港上海匯豐,8960,600,0,600,0.71,7,buy
9/22,0050,宏遠證券,1260,55,1030,-975,1.16,7,sell
9/22,0050,第一金-中山,5389,508,35,473,0.56,8,buy
9/22,0050,國泰-敦南,8888,2629,3117,-488,0.58,8,sell
9/22,0050,玉山證券,8840,584,203,381,0.45,9,buy
9/22,0050,華南永昌,9300,353,788,-435,0.52,9,sell
9/22,0050,台灣摩根士丹利,1470,331,6,325,0.39,10,buy
9/22,0050,元大-內湖,003900380039004e,92,456,-364,0.43,10,sell
9/22,0050,元大-館前,003900380034004b,467,163,304,0.36,11,buy
9/22,0050,玉山-景美,8849,163,444,-281,0.33,11,sell
9/22,0050,台新,0039004200300030,3071,2808,263,0.31,12,buy
9/22,0050,統一,5850,322,567,-245,0.29,12,sell
9/22,0050,華南永昌-古亭,9309,304,41,263,0.31,13,buy
9/22,0050,第一金-中壢,0035003300380059,25,267,-242,0.29,13,sell
9/22,0050,康和,8450,658,413,245,0.29,14,buy
9/22,0050,中國信託-永康,6163,126,349,-223,0.26,14,sell
9/22,0050,統一-宜蘭,0035003800350053,252,7,245,0.29,15,buy
9/22,0050,富邦-永和,9654,143,351,-208,0.25,15,sell
9/22,3374,統一,5850,1805,544,1261,7.3,1,buy
9/22,3374,元大證券,9800,1019,1332,-313,1.81,1,sell
9/22,3374,摩根大通,8440,1349,132,1217,7.04,2,buy
9/22,3374,兆豐-民生,0037003000300063,4,179,-175,1.01,2,sell
9/22,3374,富邦證券,9600,1123,425,698,4.04,3,buy
9/22,3374,國泰-敦南,8888,249,401,-152,0.88,3,sell
9/22,3374,永豐金-信義,0039004100390052,347,10,337,1.95,4,buy
9/22,3374,華南永昌,9300,202,330,-128,0.74,4,sell
9/22,3374,台新,0039004200300030,493,199,294,1.7,5,buy
9/22,3374,國票-天祥,0037003700390056,3,120,-117,0.68,5,sell
9/22,3374,美林,1440,293,18,275,1.59,6,buy
9/22,3374,永豐金證券,0039004100300030,204,302,-98,0.57,6,sell
9/22,3374,富邦-嘉義,9692,290,53,237,1.37,7,buy
9/22,3374,國泰-台中,8882,56,148,-92,0.53,7,sell
9/22,3374,美商高盛,1480,1089,856,233,1.35,8,buy
9/22,3374,玉山-台中,0038003800340042,8,95,-87,0.5,8,sell
9/22,3374,凱基-台北,9268,1368,1183,185,1.07,9,buy
9/22,3374,元大-崇德,0039003800310053,6,75,-69,0.4,9,sell
9/22,3374,新加坡商瑞銀,1650,452,308,144,0.83,10,buy
9/22,3374,華南永昌-麻豆,9308,5,63,-58,0.34,10,sell
9/22,3374,元大-松江,9801,112,12,100,0.58,11,buy
9/22,3374,元大-文心興安,9854,18,73,-55,0.32,11,sell
9/22,3374,國泰證券,8880,74,7,67,0.39,12,buy
9/22,3374,華南永昌-中正,9359,5,46,-41,0.24,12,sell
9/22,3374,統一-城中,5854,76,10,66,0.38,13,buy
9/22,3374,永豐金-三重,003900410039004b,4,45,-41,0.24,13,sell
9/22,3374,群益金鼎-內湖,0039003100380064,88,29,59,0.34,14,buy
9/22,3374,兆豐-忠孝,0037003000300061,7,46,-39,0.23,14,sell
9/22,3374,兆豐-天母,003700300030004c,60,1,59,0.34,15,buy
9/22,3374,國票-敦北法人,0037003700390063,118,156,-38,0.22,15,sell
9/22,2855,台灣摩根士丹利,1470,832,177,655,7.2,1,buy
9/22,2855,富邦-公益,0039003600310046,0,316,-316,3.47,1,sell
9/22,2855,美商高盛,1480,723,115,608,6.68,2,buy
9/22,2855,統一-台南,5855,1,221,-220,2.42,2,sell
9/22,2855,元大證券,9800,735,276,459,5.05,3,buy
9/22,2855,富邦-南員林,0039003600310052,0,151,-151,1.66,3,sell
9/22,2855,凱基-台北,9268,794,473,321,3.53,4,buy
9/22,2855,凱基-長庚,9233,1,115,-114,1.25,4,sell
9/22,2855,國泰-松江,8883,295,4,291,3.2,5,buy
9/22,2855,元大-永和,9891,1,102,-101,1.11,5,sell
9/22,2855,國票-敦北法人,0037003700390063,194,16,178,1.96,6,buy
9/22,2855,凱基-中山,9229,0,91,-91,1.0,6,sell
9/22,2855,港商麥格理,1360,151,0,151,1.66,7,buy
9/22,2855,華南永昌-南京,9326,0,89,-89,0.98,7,sell
9/22,2855,港商野村,1560,119,0,119,1.31,8,buy
9/22,2855,統一-台中,5856,11,96,-85,0.93,8,sell
9/22,2855,中國信託,6160,148,39,109,1.2,9,buy
9/22,2855,統一-松江,003500380035005a,5,77,-72,0.79,9,sell
9/22,2855,華南永昌-高雄,9303,109,1,108,1.19,10,buy
9/22,2855,富邦-台北,9623,41,106,-65,0.71,10,sell
9/22,2855,摩根大通,8440,312,213,99,1.09,11,buy
9/22,2855,富邦-斗六,0039003600320047,20,82,-62,0.68,11,sell
9/22,2855,凱基-站前,0039003200300046,129,54,75,0.82,12,buy
9/22,2855,富邦-仁愛,9676,34,95,-61,0.67,12,sell
9/22,2855,花旗環球,1590,77,2,75,0.82,13,buy
9/22,2855,康和-台南,8458,0,60,-60,0.66,13,sell
9/22,2855,國泰證券,8880,171,97,74,0.81,14,buy
9/22,2855,統一,5850,15,71,-56,0.62,14,sell
9/22,2855,新加坡商瑞銀,1650,341,268,73,0.8,15,buy
9/22,2855,凱基-員林,9231,25,77,-52,0.57,15,sell
9/22,2481,美商高盛,1480,3213,1406,1807,5.6,1,buy
9/22,2481,富邦-南港,0039003600320041,7,316,-309,0.96,1,sell
9/22,2481,富邦證券,9600,1319,183,1136,3.52,2,buy
9/22,2481,國泰-敦南,8888,932,1210,-278,0.86,2,sell
9/22,2481,台灣摩根士丹利,1470,1788,737,1051,3.26,3,buy
9/22,2481,新光-新竹,8563,102,312,-210,0.65,3,sell
9/22,2481,摩根大通,8440,1062,146,916,2.84,4,buy
9/22,2481,台新-建北,0039004200310038,47,211,-164,0.51,4,sell
9/22,2481,元大證券,9800,4115,3356,759,2.35,5,buy
9/22,2481,新光,8560,176,334,-158,0.49,5,sell
9/22,2481,凱基-台北,9268,1669,1048,621,1.92,6,buy
9/22,2481,元大-鳳山,003900380033005a,24,173,-149,0.46,6,sell
9/22,2481,永豐金-復興,003900410039005a,329,8,321,0.99,7,buy
9/22,2481,富邦-仁愛,9676,60,204,-144,0.45,7,sell
9/22,2481,新加坡商瑞銀,1650,680,443,237,0.73,8,buy
9/22,2481,國泰證券,8880,21,160,-139,0.43,8,sell
9/22,2481,富邦-建國,9658,211,76,135,0.42,9,buy
9/22,2481,台新-台北,0039004200320030,2,123,-121,0.38,9,sell
9/22,2481,群益金鼎,9100,882,774,108,0.33,10,buy
9/22,2481,元大-四維,9831,5,124,-119,0.37,10,sell
9/22,2481,兆豐-天母,003700300030004c,106,2,104,0.32,11,buy
9/22,2481,兆豐-高雄,003700300030005a,34,140,-106,0.33,11,sell
9/22,2481,國票證券,7790,117,32,85,0.26,12,buy
9/22,2481,國泰-台中,8882,101,191,-90,0.28,12,sell
9/22,2481,永豐金-市政,0039004100390057,152,67,85,0.26,13,buy
9/22,2481,台中銀,6110,9,100,-91,0.28,13,sell
9/22,2481,新光-桃園,8565,148,69,79,0.24,14,buy
9/22,2481,元大-中崙,9813,22,108,-86,0.27,14,sell
9/22,2481,華南永昌,9300,91,23,68,0.21,15,buy
9/22,2481,國泰-桃園,8885,77,149,-72,0.22,15,sell
9/22,6274,統一,5850,384,120,264,2.24,1,buy
9/22,6274,美商高盛,1480,313,1230,-917,7.79,1,sell
9/22,6274,美林,1440,440,180,260,2.21,2,buy
9/22,6274,台灣摩根士丹利,1470,597,872,-275,2.34,2,sell
9/22,6274,台新,0039004200300030,354,100,254,2.16,3,buy
9/22,6274,富邦證券,9600,528,795,-267,2.27,3,sell
9/22,6274,永豐金-匯立,0039004100380031,212,0,212,1.8,4,buy
9/22,6274,摩根大通,8440,190,440,-250,2.12,4,sell
9/22,6274,中國信託,6160,218,17,201,1.71,5,buy
9/22,6274,元大證券,9800,1036,1279,-243,2.07,5,sell
9/22,6274,凱基,9200,236,88,148,1.26,6,buy
9/22,6274,國泰證券,8880,38,250,-212,1.8,6,sell
9/22,6274,大和國泰,8890,116,0,116,0.99,7,buy
9/22,6274,元大-士林,003900380031006a,17,172,-155,1.32,7,sell
9/22,6274,合庫證券,1020,125,18,107,0.91,8,buy
9/22,6274,港商野村,1560,0,121,-121,1.03,8,sell
9/22,6274,凱基-台北,9268,663,590,73,0.62,9,buy
9/22,6274,宏遠證券,1260,2,122,-120,1.02,9,sell
9/22,6274,國泰-敦南,8888,236,173,63,0.54,10,buy
9/22,6274,富邦-南京,0039003600310043,12,82,-70,0.59,10,sell
9/22,6274,永豐金-敦南,0039004100380046,69,12,57,0.48,11,buy
9/22,6274,永豐金-敦北,0039004100380039,9,59,-50,0.42,11,sell
9/22,6274,元大-內湖,003900380039004e,49,3,46,0.39,12,buy
9/22,6274,元大-新生,0039003800310058,8,53,-45,0.38,12,sell
9/22,6274,元大-南勢角,0039003800340045,53,17,36,0.31,13,buy
9/22,6274,統一-南京,0035003800350055,10,52,-42,0.36,13,sell
9/22,6274,新加坡商瑞銀,1650,362,328,34,0.29,14,buy
9/22,6274,國票-天祥,0037003700390056,4,42,-38,0.32,14,sell
9/22,6274,台新-台北,0039004200320030,39,8,31,0.26,15,buy
9/22,6274,台新-世貿,0039004200320075,5,36,-31,0.26,15,sell
9/22,1402,亞東,2180,545,0,545,11.56,1,buy
9/22,1402,凱基-台北,9268,101,971,-870,18.46,1,sell
9/22,1402,花旗環球,1590,237,0,237,5.03,2,buy
9/22,1402,台灣摩根士丹利,1470,87,934,-847,17.97,2,sell
9/22,1402,新光,8560,280,97,183,3.88,3,buy
9/22,1402,摩根大通,8440,321,566,-245,5.2,3,sell
9/22,1402,新加坡商瑞銀,1650,301,128,173,3.67,4,buy
9/22,1402,元大證券,9800,32,200,-168,3.56,4,sell
9/22,1402,兆豐證券,7000,164,0,164,3.48,5,buy
9/22,1402,凱基,9200,0,137,-137,2.91,5,sell
9/22,1402,富邦-台南,9667,101,1,100,2.12,6,buy
9/22,1402,第一金,5380,0,126,-126,2.67,6,sell
9/22,1402,元大-四維,9831,70,0,70,1.49,7,buy
9/22,1402,合庫證券,1020,11,113,-102,2.16,7,sell
9/22,1402,美林,1440,193,125,68,1.44,8,buy
9/22,1402,統一,5850,2,87,-85,1.8,8,sell
9/22,1402,臺銀,1040,60,1,59,1.25,9,buy
9/22,1402,富邦-高雄,9659,0,40,-40,0.85,9,sell
9/22,1402,彰銀,1230,43,1,42,0.89,10,buy
9/22,1402,國泰-敦南,8888,47,85,-38,0.81,10,sell
9/22,1402,永豐金-松山,0039004100390031,41,0,41,0.87,11,buy
9/22,1402,台灣企銀-民雄,0031003100310041,2,25,-23,0.49,11,sell
9/22,1402,富邦-新板,0039003600310048,34,0,34,0.72,12,buy
9/22,1402,港商麥格理,1360,0,22,-22,0.47,12,sell
9/22,1402,台新,0039004200300030,33,3,30,0.64,13,buy
9/22,1402,群益金鼎-新店,0039003100380046,0,22,-22,0.47,13,sell
9/22,1402,亞東-新竹,2184,30,0,30,0.64,14,buy
9/22,1402,華南永昌-南京,9326,1,22,-21,0.45,14,sell
9/22,1402,元大-高雄,003900380031006d,30,0,30,0.64,15,buy
9/22,1402,新光-新竹,8563,1,21,-20,0.42,15,sell
9/22,2327,元大證券,9800,4575,2790,1785,4.18,1,buy
9/22,2327,國泰-敦南,8888,872,1588,-716,1.68,1,sell
9/22,2327,台灣摩根士丹利,1470,3584,2270,1314,3.07,2,buy
9/22,2327,香港上海匯豐,8960,7,162,-155,0.36,2,sell
9/22,2327,富邦證券,9600,1348,126,1222,2.86,3,buy
9/22,2327,國泰-台中,8882,192,338,-146,0.34,3,sell
9/22,2327,新加坡商瑞銀,1650,1564,364,1200,2.81,4,buy
9/22,2327,新光,8560,259,399,-140,0.33,4,sell
9/22,2327,美商高盛,1480,2424,1339,1085,2.54,5,buy
9/22,2327,國泰-館前,0038003800380041,86,218,-132,0.31,5,sell
9/22,2327,美林,1440,1399,364,1035,2.42,6,buy
9/22,2327,國泰-桃園,8885,86,217,-131,0.31,6,sell
9/22,2327,國票-安和,003700370039005a,1073,52,1021,2.39,7,buy
9/22,2327,中國信託,6160,102,203,-101,0.24,7,sell
9/22,2327,凱基-台北,9268,1644,816,828,1.94,8,buy
9/22,2327,元大-高雄,003900380031006d,40,137,-97,0.23,8,sell
9/22,2327,國泰證券,8880,587,32,555,1.3,9,buy
9/22,2327,中國信託-文心,6164,39,132,-93,0.22,9,sell
9/22,2327,港商野村,1560,465,4,461,1.08,10,buy
9/22,2327,元大-蘆洲,9857,55,146,-91,0.21,10,sell
9/22,2327,群益金鼎-大安,0039003100380065,290,26,264,0.62,11,buy
9/22,2327,元大-南屯,9853,20,106,-86,0.2,11,sell
9/22,2327,凱基,9200,362,142,220,0.51,12,buy
9/22,2327,臺銀,1040,30,115,-85,0.2,12,sell
9/22,2327,統一,5850,423,208,215,0.5,13,buy
9/22,2327,華南永昌-麻豆,9308,106,185,-79,0.18,13,sell
9/22,2327,元大-新生,0039003800310058,272,61,211,0.49,14,buy
9/22,2327,玉山-左營,0038003800340044,42,120,-78,0.18,14,sell
9/22,2327,宏遠證券,1260,150,12,138,0.32,15,buy
9/22,2327,國泰-新莊,8886,35,107,-72,0.17,15,sell
9/22,3293,美商高盛,1480,389,57,332,28.55,1,buy
9/22,3293,花旗環球,1590,5,90,-85,7.31,1,sell
9/22,3293,摩根大通,8440,167,53,114,9.8,2,buy
9/22,3293,凱基-台北,9268,18,47,-29,2.49,2,sell
9/22,3293,台灣摩根士丹利,1470,111,8,103,8.86,3,buy
9/22,3293,國泰-忠孝,8887,0,26,-26,2.24,3,sell
9/22,3293,統一,5850,39,0,39,3.35,4,buy
9/22,3293,兆豐-大安,003700300030006a,0,21,-21,1.81,4,sell
9/22,3293,凱基,9200,32,0,32,2.75,5,buy
9/22,3293,元大證券,9800,43,58,-15,1.29,5,sell
9/22,3293,永豐金-匯立,0039004100380031,29,0,29,2.49,6,buy
9/22,3293,港商野村,1560,0,15,-15,1.29,6,sell
9/22,3293,合庫證券,1020,20,0,20,1.72,7,buy
9/22,3293,台新,0039004200300030,0,13,-13,1.12,7,sell
9/22,3293,元大-天母,0039003800310049,16,0,16,1.38,8,buy
9/22,3293,富邦-新竹,9647,0,13,-13,1.12,8,sell
9/22,3293,美林,1440,15,4,11,0.95,9,buy
9/22,3293,凱基-竹北,9234,1,13,-12,1.03,9,sell
9/22,3293,中國信託,6160,10,1,9,0.77,10,buy
9/22,3293,富邦證券,9600,6,18,-12,1.03,10,sell
9/22,3293,永豐金-南京,0039004100390053,9,0,9,0.77,11,buy
9/22,3293,元大-土城永寧,9875,0,12,-12,1.03,11,sell
9/22,3293,合庫-桃園,0031003000320045,7,0,7,0.6,12,buy
9/22,3293,臺銀-高雄,0031003000340043,0,11,-11,0.95,12,sell
9/22,3293,群益金鼎,9100,12,7,5,0.43,13,buy
9/22,3293,凱基-高雄,9206,0,10,-10,0.86,13,sell
9/22,3293,兆豐-公益,003700300030004a,6,2,4,0.34,14,buy
9/22,3293,國泰-板橋,003800380038004b,1,10,-9,0.77,14,sell
9/22,3293,玉山-台南,8847,5,1,4,0.34,15,buy
9/22,3293,玉山-新莊,8842,0,9,-9,0.77,15,sell
9/22,6005,凱基,9200,800,0,800,7.38,1,buy
9/22,6005,凱基-台北,9268,483,870,-387,3.57,1,sell
9/22,6005,群益金鼎-彰化,9187,304,1,303,2.8,2,buy
9/22,6005,致和-金華,7034,0,176,-176,1.62,2,sell
9/22,6005,富邦-台北,9623,240,10,230,2.12,3,buy
9/22,6005,永豐金-羅東,0039004100390041,1,158,-157,1.45,3,sell
9/22,6005,台新-新莊,0039004200310039,218,20,198,1.83,4,buy
9/22,6005,富邦-新板,0039003600310048,5,159,-154,1.42,4,sell
9/22,6005,美商高盛,1480,637,446,191,1.76,5,buy
9/22,6005,富邦-南員林,0039003600310052,4,153,-149,1.37,5,sell
9/22,6005,凱基-基隆,0039003200300048,207,24,183,1.69,6,buy
9/22,6005,新加坡商瑞銀,1650,295,427,-132,1.22,6,sell
9/22,6005,元大-斗信,9884,172,3,169,1.56,7,buy
9/22,6005,中國信託-中壢,0036003100360041,50,173,-123,1.13,7,sell
9/22,6005,凱基-員林,9231,152,0,152,1.4,8,buy
9/22,6005,元大-板橋,0039003800390043,3,123,-120,1.11,8,sell
9/22,6005,富邦-北港,0039003600390043,150,6,144,1.33,9,buy
9/22,6005,元大-台南,9896,1,90,-89,0.82,9,sell
9/22,6005,元大-大雅,0039003800330069,101,0,101,0.93,10,buy
9/22,6005,台灣摩根士丹利,1470,747,833,-86,0.79,10,sell
9/22,6005,花旗環球,1590,120,32,88,0.81,11,buy
9/22,6005,群益金鼎-東門,0039003100380044,3,79,-76,0.7,11,sell
9/22,6005,群益金鼎-敦南,9101,87,1,86,0.79,12,buy
9/22,6005,元大-大統,003900380031007a,0,69,-69,0.64,12,sell
9/22,6005,台新-文心,003900420032007a,100,14,86,0.79,13,buy
9/22,6005,陽信-石牌,8711,5,70,-65,0.6,13,sell
9/22,6005,港商野村,1560,97,15,82,0.76,14,buy
9/22,6005,元大-土城永寧,9875,14,64,-50,0.46,14,sell
9/22,6005,群益金鼎-東湖,003900310038004b,81,5,76,0.7,15,buy
9/22,6005,國票證券,7790,23,71,-48,0.44,15,sell
9/22,6239,群益金鼎-新竹,9186,789,20,769,3.94,1,buy
9/22,6239,元大證券,9800,1722,2474,-752,3.85,1,sell
9/22,6239,摩根大通,8440,766,150,616,3.15,2,buy
9/22,6239,凱基,9200,56,603,-547,2.8,2,sell
9/22,6239,新加坡商瑞銀,1650,755,163,592,3.03,3,buy
9/22,6239,群益金鼎,9100,446,687,-241,1.23,3,sell
9/22,6239,台灣摩根士丹利,1470,791,382,409,2.09,4,buy
9/22,6239,統一,5850,54,293,-239,1.22,4,sell
9/22,6239,永豐金-敦南,0039004100380046,233,31,202,1.03,5,buy
9/22,6239,美商高盛,1480,818,1016,-198,1.01,5,sell
9/22,6239,凱基-高美館,9215,206,25,181,0.93,6,buy
9/22,6239,富邦證券,9600,237,415,-178,0.91,6,sell
9/22,6239,永豐金-松山,0039004100390031,151,36,115,0.59,7,buy
9/22,6239,永豐金-大園,0039004100390038,9,182,-173,0.89,7,sell
9/22,6239,法銀巴黎,8900,103,1,102,0.52,8,buy
9/22,6239,永豐金證券,0039004100300030,127,249,-122,0.62,8,sell
9/22,6239,國泰-敦南,8888,491,390,101,0.52,9,buy
9/22,6239,富隆證券,5110,0,91,-91,0.47,9,sell
9/22,6239,台新-五權西,0039004200320035,110,10,100,0.51,10,buy
9/22,6239,香港上海匯豐,8960,0,87,-87,0.45,10,sell
9/22,6239,統一-土城,0035003800350059,74,1,73,0.37,11,buy
9/22,6239,中國信託,6160,44,130,-86,0.44,11,sell
9/22,6239,元大-崇德,0039003800310053,71,17,54,0.28,12,buy
9/22,6239,兆豐證券,7000,12,92,-80,0.41,12,sell
9/22,6239,元大-南崁,0039003800300051,66,12,54,0.28,13,buy
9/22,6239,元大-苑裡,0039003800390061,10,86,-76,0.39,13,sell
9/22,6239,新光-新竹,8563,205,152,53,0.27,14,buy
9/22,6239,華南永昌-高雄,9303,15,89,-74,0.38,14,sell
9/22,6239,凱基-台北,9268,831,785,46,0.24,15,buy
9/22,6239,富邦-新竹,9647,33,101,-68,0.35,15,sell
9/22,2472,美商高盛,1480,470,227,243,8.09,1,buy
9/22,2472,台灣摩根士丹利,1470,75,204,-129,4.3,1,sell
9/22,2472,摩根大通,8440,143,46,97,3.23,2,buy
9/22,2472,新加坡商瑞銀,1650,30,157,-127,4.23,2,sell
9/22,2472,元大-內湖民權,9867,33,0,33,1.1,3,buy
9/22,2472,安泰,8380,0,95,-95,3.16,3,sell
9/22,2472,港商野村,1560,30,3,27,0.9,4,buy
9/22,2472,凱基-台北,9268,164,204,-40,1.33,4,sell
9/22,2472,富邦-員林,9672,25,0,25,0.83,5,buy
9/22,2472,(牛牛牛)亞-網路,6012,0,32,-32,1.07,5,sell
9/22,2472,國票-新莊,0037003700390047,22,0,22,0.73,6,buy
9/22,2472,元大-大甲,0039003800390055,0,30,-30,1.0,6,sell
9/22,2472,凱基-台南,9211,20,1,19,0.63,7,buy
9/22,2472,合庫-桃園,0031003000320045,3,32,-29,0.97,7,sell
9/22,2472,元大-六合,0039003800320043,21,2,19,0.63,8,buy
9/22,2472,第一金-自由,0035003300380045,1,28,-27,0.9,8,sell
9/22,2472,元大-鹿港,0039003800390053,22,3,19,0.63,9,buy
9/22,2472,日茂-埔里,5961,0,26,-26,0.87,9,sell
9/22,2472,元大-新生,0039003800310058,20,2,18,0.6,10,buy
9/22,2472,台新-三重,0039004200320033,0,20,-20,0.67,10,sell
9/22,2472,群益金鼎-永和,003900310038004a,19,1,18,0.6,11,buy
9/22,2472,國票-敦北法人,0037003700390063,0,20,-20,0.67,11,sell
9/22,2472,元大證券,9800,141,123,18,0.6,12,buy
9/22,2472,凱基-松山,9217,2,21,-19,0.63,12,sell
9/22,2472,花旗環球,1590,18,1,17,0.57,13,buy
9/22,2472,元大-竹科,003900380030004b,1,18,-17,0.57,13,sell
9/22,2472,新光-台中,8561,22,6,16,0.53,14,buy
9/22,2472,玉山-信義,0038003800340043,1,18,-17,0.57,14,sell
9/22,2472,富邦-虎尾,9697,21,6,15,0.5,15,buy
9/22,2472,國泰-敦南,8888,35,50,-15,0.5,15,sell
9/22,6669,新加坡商瑞銀,1650,355,35,320,5.29,1,buy
9/22,6669,國泰證券,8880,15,651,-636,10.52,1,sell
9/22,6669,台灣摩根士丹利,1470,501,198,303,5.01,2,buy
9/22,6669,元大證券,9800,702,969,-267,4.42,2,sell
9/22,6669,港商麥格理,1360,80,0,80,1.32,3,buy
9/22,6669,國票-敦北法人,0037003700390063,3,263,-260,4.3,3,sell
9/22,6669,摩根大通,8440,232,163,69,1.14,4,buy
9/22,6669,永豐金證券,0039004100300030,73,332,-259,4.28,4,sell
9/22,6669,國泰-敦南,8888,117,50,67,1.11,5,buy
9/22,6669,凱基,9200,7,242,-235,3.89,5,sell
9/22,6669,美商高盛,1480,187,126,61,1.01,6,buy
9/22,6669,華南永昌,9300,15,175,-160,2.65,6,sell
9/22,6669,台新-城中,0039004200320045,46,9,37,0.61,7,buy
9/22,6669,大和國泰,8890,0,102,-102,1.69,7,sell
9/22,6669,國泰-台中,8882,36,10,26,0.43,8,buy
9/22,6669,富邦證券,9600,163,261,-98,1.62,8,sell
9/22,6669,台新,0039004200300030,45,21,24,0.4,9,buy
9/22,6669,群益金鼎,9100,58,147,-89,1.47,9,sell
9/22,6669,凱基-站前,0039003200300046,28,6,22,0.36,10,buy
9/22,6669,統一,5850,13,100,-87,1.44,10,sell
9/22,6669,富邦-台北,9623,26,4,22,0.36,11,buy
9/22,6669,(牛牛牛)亞證券,6010,0,87,-87,1.44,11,sell
9/22,6669,港商野村,1560,42,21,21,0.35,12,buy
9/22,6669,兆豐-中壢,0037003000300062,0,87,-87,1.44,12,sell
9/22,6669,國泰-板橋,003800380038004b,30,9,21,0.35,13,buy
9/22,6669,元大-大安,003900380033004e,2,67,-65,1.07,13,sell
9/22,6669,永豐金-匯立,0039004100380031,16,0,16,0.26,14,buy
9/22,6669,玉山證券,8840,17,66,-49,0.81,14,sell
9/22,6669,法銀巴黎,8900,15,0,15,0.25,15,buy
9/22,6669,宏遠證券,1260,11,56,-45,0.74,15,sell
9/22,2337,台灣摩根士丹利,1470,1156,658,498,2.06,1,buy
9/22,2337,美林,1440,105,1534,-1429,5.91,1,sell
9/22,2337,陽信-石牌,8711,409,11,398,1.65,2,buy
9/22,2337,新加坡商瑞銀,1650,40,1391,-1351,5.58,2,sell
9/22,2337,國泰-敦南,8888,978,730,248,1.03,3,buy
9/22,2337,凱基-台北,9268,1006,1895,-889,3.67,3,sell
9/22,2337,富隆證券,5110,244,0,244,1.01,4,buy
9/22,2337,摩根大通,8440,358,882,-524,2.17,4,sell
9/22,2337,富邦-岡山,9616,137,3,134,0.55,5,buy
9/22,2337,元大證券,9800,1785,2174,-389,1.61,5,sell
9/22,2337,元大-館前,003900380034004b,152,27,125,0.52,6,buy
9/22,2337,統一,5850,38,409,-371,1.53,6,sell
9/22,2337,台新-花蓮,0039004200320079,160,52,108,0.45,7,buy
9/22,2337,富邦-敦南,9663,30,315,-285,1.18,7,sell
9/22,2337,兆豐-南京,0037003000300050,102,0,102,0.42,8,buy
9/22,2337,群益金鼎-基隆,0039003100330045,2,190,-188,0.78,8,sell
9/22,2337,新光,8560,373,275,98,0.41,9,buy
9/22,2337,中國信託-松江,6167,17,185,-168,0.69,9,sell
9/22,2337,元大-大同,0039003800390047,97,9,88,0.36,10,buy
9/22,2337,台灣企銀-太平,1115,5,172,-167,0.69,10,sell
9/22,2337,元大-永春,9852,98,13,85,0.35,11,buy
9/22,2337,凱基-高美館,9215,80,240,-160,0.66,11,sell
9/22,2337,元大-士林,003900380031006a,90,8,82,0.34,12,buy
9/22,2337,中國信託-文心,6164,74,229,-155,0.64,12,sell
9/22,2337,國泰-台中,8882,193,121,72,0.3,13,buy
9/22,2337,台新-城東,0039004200320072,16,122,-106,0.44,13,sell
9/22,2337,花旗環球,1590,73,2,71,0.29,14,buy
9/22,2337,第一金-新興,0035003300380041,16,113,-97,0.4,14,sell
9/22,2337,第一金,5380,78,15,63,0.26,15,buy
9/22,2337,富邦-台北,9623,161,235,-74,0.31,15,sell
9/22,2492,台灣摩根士丹利,1470,1583,642,941,4.28,1,buy
9/22,2492,元大證券,9800,1554,1923,-369,1.68,1,sell
9/22,2492,美商高盛,1480,1535,863,672,3.06,2,buy
9/22,2492,摩根大通,8440,433,719,-286,1.3,2,sell
9/22,2492,富邦證券,9600,497,170,327,1.49,3,buy
9/22,2492,凱基-站前,0039003200300046,161,310,-149,0.68,3,sell
9/22,2492,新加坡商瑞銀,1650,928,604,324,1.47,4,buy
9/22,2492,永豐金-中正,0039004100390055,18,116,-98,0.45,4,sell
9/22,2492,凱基-台北,9268,1166,860,306,1.39,5,buy
9/22,2492,富邦-建國,9658,71,146,-75,0.34,5,sell
9/22,2492,港商野村,1560,254,56,198,0.9,6,buy
9/22,2492,元大-鑫永和,9888,12,81,-69,0.31,6,sell
9/22,2492,法銀巴黎,8900,119,0,119,0.54,7,buy
9/22,2492,富邦-新店,9661,141,210,-69,0.31,7,sell
9/22,2492,台新-同大,0039004200320050,79,15,64,0.29,8,buy
9/22,2492,國泰-敦南,8888,615,683,-68,0.31,8,sell
9/22,2492,台新-建北,0039004200310038,75,25,50,0.23,9,buy
9/22,2492,富邦-彰化,0039003600350055,10,74,-64,0.29,9,sell
9/22,2492,群益金鼎,9100,406,367,39,0.18,10,buy
9/22,2492,富邦-新板,0039003600310048,10,73,-63,0.29,10,sell
9/22,2492,花旗環球,1590,37,0,37,0.17,11,buy
9/22,2492,陽信-石牌,8711,19,67,-48,0.22,11,sell
9/22,2492,統一,5850,85,49,36,0.16,12,buy
9/22,2492,元大-大里,0039003800310067,23,68,-45,0.2,12,sell
9/22,2492,國票-敦北法人,0037003700390063,52,17,35,0.16,13,buy
9/22,2492,中國信託-文心,6164,30,74,-44,0.2,13,sell
9/22,2492,第一金-頭份,0035003300380049,47,13,34,0.15,14,buy
9/22,2492,富邦-敦南,9663,10,52,-42,0.19,14,sell
9/22,2492,群益金鼎-松山,9103,53,19,34,0.15,15,buy
9/22,2492,國泰-新莊,8886,30,69,-39,0.18,15,sell
9/22,8046,美商高盛,1480,2240,139,2101,12.31,1,buy
9/22,8046,國泰-敦南,8888,148,610,-462,2.71,1,sell
9/22,8046,新加坡商瑞銀,1650,1877,375,1502,8.8,2,buy
9/22,8046,中國信託,6160,3,398,-395,2.31,2,sell
9/22,8046,富邦證券,9600,1319,204,1115,6.53,3,buy
9/22,8046,康和,8450,0,217,-217,1.27,3,sell
9/22,8046,凱基-台北,9268,1122,339,783,4.59,4,buy
9/22,8046,統一,5850,452,634,-182,1.07,4,sell
9/22,8046,凱基-城中,9227,1322,601,721,4.22,5,buy
9/22,8046,新光,8560,70,200,-130,0.76,5,sell
9/22,8046,美林,1440,607,37,570,3.34,6,buy
9/22,8046,國票-敦北法人,0037003700390063,257,386,-129,0.76,6,sell
9/22,8046,元大證券,9800,2074,1548,526,3.08,7,buy
9/22,8046,永豐金-萬盛,0039004100390032,5,121,-116,0.68,7,sell
9/22,8046,摩根大通,8440,531,43,488,2.86,8,buy
9/22,8046,康和-仁愛,0038003400350046,23,137,-114,0.67,8,sell
9/22,8046,台灣摩根士丹利,1470,1017,664,353,2.07,9,buy
9/22,8046,永豐金證券,0039004100300030,142,252,-110,0.64,9,sell
9/22,8046,統一-城中,5854,248,11,237,1.39,10,buy
9/22,8046,國泰-台中,8882,32,123,-91,0.53,10,sell
9/22,8046,國票-安和,003700370039005a,247,18,229,1.34,11,buy
9/22,8046,永豐金-內湖,0039004100390067,0,79,-79,0.46,11,sell
9/22,8046,港商野村,1560,181,1,180,1.05,12,buy
9/22,8046,國泰-板橋,003800380038004b,15,88,-73,0.43,12,sell
9/22,8046,群益金鼎,9100,282,138,144,0.84,13,buy
9/22,8046,台新-吉利,0039004200320057,1,73,-72,0.42,13,sell
9/22,8046,兆豐-嘉義,7001,111,4,107,0.63,14,buy
9/22,8046,凱基-鳳山,9274,7,75,-68,0.4,14,sell
9/22,8046,群益金鼎-館前,0039003100330059,70,4,66,0.39,15,buy
9/22,8046,華南永昌-板橋,9349,0,64,-64,0.38,15,sell
9/22,1216,美商高盛,1480,1641,394,1247,19.13,1,buy
9/22,1216,台灣摩根士丹利,1470,627,2752,-2125,32.6,1,sell
9/22,1216,美林,1440,416,56,360,5.52,2,buy
9/22,1216,國泰證券,8880,2,901,-899,13.79,2,sell
9/22,1216,凱基,9200,287,0,287,4.4,3,buy
9/22,1216,凱基-站前,0039003200300046,1,295,-294,4.51,3,sell
9/22,1216,大和國泰,8890,200,0,200,3.07,4,buy
9/22,1216,群益金鼎,9100,28,149,-121,1.86,4,sell
9/22,1216,港商野村,1560,197,0,197,3.02,5,buy
9/22,1216,港商麥格理,1360,0,104,-104,1.6,5,sell
9/22,1216,花旗環球,1590,179,14,165,2.53,6,buy
9/22,1216,新加坡商瑞銀,1650,417,488,-71,1.09,6,sell
9/22,1216,元大證券,9800,221,97,124,1.9,7,buy
9/22,1216,合庫證券,1020,2,68,-66,1.01,7,sell
9/22,1216,元大-南投,0039003800310044,107,0,107,1.64,8,buy
9/22,1216,台新,0039004200300030,7,56,-49,0.75,8,sell
9/22,1216,凱基-台北,9268,382,294,88,1.35,9,buy
9/22,1216,元大-斗信,9884,0,33,-33,0.51,9,sell
9/22,1216,富邦-左營,0039003600360046,80,0,80,1.23,10,buy
9/22,1216,富邦-仁愛,9676,0,33,-33,0.51,10,sell
9/22,1216,摩根大通,8440,260,205,55,0.84,11,buy
9/22,1216,國泰-高雄,8881,6,37,-31,0.48,11,sell
9/22,1216,國泰-敦南,8888,72,20,52,0.8,12,buy
9/22,1216,國票-敦北法人,0037003700390063,0,31,-31,0.48,12,sell
9/22,1216,台新-高雄,0039004200310067,48,1,47,0.72,13,buy
9/22,1216,香港上海匯豐,8960,13,36,-23,0.35,13,sell
9/22,1216,第一金-澎湖,5387,49,4,45,0.69,14,buy
9/22,1216,第一金-自由,0035003300380045,0,18,-18,0.28,14,sell
9/22,1216,永豐金-匯立,0039004100380031,45,0,45,0.69,15,buy
9/22,1216,元大-高雄,003900380031006d,0,14,-14,0.21,15,sell
9/22,2408,國泰-敦南,8888,2479,1162,1317,2.08,1,buy
9/22,2408,台灣摩根士丹利,1470,729,7325,-6596,10.42,1,sell
9/22,2408,永豐金證券,0039004100300030,1024,470,554,0.88,2,buy
9/22,2408,元大證券,9800,3933,7901,-3968,6.27,2,sell
9/22,2408,陽信-石牌,8711,431,22,409,0.65,3,buy
9/22,2408,摩根大通,8440,487,4234,-3747,5.92,3,sell
9/22,2408,新光,8560,847,458,389,0.61,4,buy
9/22,2408,美商高盛,1480,731,3802,-3071,4.85,4,sell
9/22,2408,花旗環球,1590,530,191,339,0.54,5,buy
9/22,2408,凱基-台北,9268,1160,3166,-2006,3.17,5,sell
9/22,2408,台新,0039004200300030,589,295,294,0.46,6,buy
9/22,2408,新加坡商瑞銀,1650,1984,3595,-1611,2.55,6,sell
9/22,2408,台中銀-豐原,0036003100310041,308,24,284,0.45,7,buy
9/22,2408,美林,1440,767,2087,-1320,2.09,7,sell
9/22,2408,永豐金-新莊,0039004100390048,276,21,255,0.4,8,buy
9/22,2408,元大-信義,003900380039006d,43,1251,-1208,1.91,8,sell
9/22,2408,國泰-台中,8882,494,253,241,0.38,9,buy
9/22,2408,港商野村,1560,77,953,-876,1.38,9,sell
9/22,2408,國泰-板橋,003800380038004b,416,215,201,0.32,10,buy
9/22,2408,統一,5850,88,457,-369,0.58,10,sell
9/22,2408,富邦-建國,9658,275,79,196,0.31,11,buy
9/22,2408,富邦證券,9600,303,616,-313,0.49,11,sell
9/22,2408,國泰-桃園,8885,422,239,183,0.29,12,buy
9/22,2408,群益金鼎,9100,366,520,-154,0.24,12,sell
9/22,2408,元大-中和,0039003800390065,215,34,181,0.29,13,buy
9/22,2408,第一金-高雄,5383,63,185,-122,0.19,13,sell
9/22,2408,元大-豐原站前,0039003800390057,202,32,170,0.27,14,buy
9/22,2408,兆豐-麻豆,0037003000300047,12,106,-94,0.15,14,sell
9/22,2408,永豐金-板新,003900410039004a,243,83,160,0.25,15,buy
9/22,2408,美好,5260,32,120,-88,0.14,15,sell
9/22,6488,台灣摩根士丹利,1470,1719,417,1302,6.93,1,buy
9/22,6488,港商麥格理,1360,0,432,-432,2.3,1,sell
9/22,6488,美商高盛,1480,1786,659,1127,6.0,2,buy
9/22,6488,花旗環球,1590,28,373,-345,1.84,2,sell
9/22,6488,永豐金證券,0039004100300030,772,171,601,3.2,3,buy
9/22,6488,國泰-敦南,8888,401,714,-313,1.67,3,sell
9/22,6488,凱基-台北,9268,1346,767,579,3.08,4,buy
9/22,6488,港商野村,1560,43,314,-271,1.44,4,sell
9/22,6488,元大證券,9800,2525,2099,426,2.27,5,buy
9/22,6488,香港上海匯豐,8960,1,187,-186,0.99,5,sell
9/22,6488,凱基,9200,361,0,361,1.92,6,buy
9/22,6488,富邦證券,9600,288,422,-134,0.71,6,sell
9/22,6488,華南永昌,9300,269,33,236,1.26,7,buy
9/22,6488,永豐金-南投,003900410039004d,4,115,-111,0.59,7,sell
9/22,6488,新加坡商瑞銀,1650,651,447,204,1.09,8,buy
9/22,6488,國泰-板橋,003800380038004b,64,144,-80,0.43,8,sell
9/22,6488,美林,1440,302,108,194,1.03,9,buy
9/22,6488,新光-台中,8561,37,110,-73,0.39,9,sell
9/22,6488,國泰證券,8880,250,86,164,0.87,10,buy
9/22,6488,國泰-台中,8882,72,142,-70,0.37,10,sell
9/22,6488,台新,0039004200300030,235,112,123,0.65,11,buy
9/22,6488,玉山-新莊,8842,31,91,-60,0.32,11,sell
9/22,6488,凱基-市府,0039003200300044,111,3,108,0.58,12,buy
9/22,6488,新光,8560,76,127,-51,0.27,12,sell
9/22,6488,統一,5850,181,75,106,0.56,13,buy
9/22,6488,康和-台中,8455,16,65,-49,0.26,13,sell
9/22,6488,兆豐-大安,003700300030006a,101,6,95,0.51,14,buy
9/22,6488,凱基-北門,9283,14,61,-47,0.25,14,sell
9/22,6488,群益金鼎,9100,249,166,83,0.44,15,buy
9/22,6488,玉山-板橋,8846,9,53,-44,0.23,15,sell
9/22,2383,摩根大通,8440,193,55,138,7.01,1,buy
9/22,2383,永豐金證券,0039004100300030,29,549,-520,26.42,1,sell
9/22,2383,香港上海匯豐,8960,58,1,57,2.9,2,buy
9/22,2383,台灣摩根士丹利,1470,81,159,-78,3.96,2,sell
9/22,2383,美林,1440,112,65,47,2.39,3,buy
9/22,2383,兆豐證券,7000,0,54,-54,2.74,3,sell
9/22,2383,美商高盛,1480,138,91,47,2.39,4,buy
9/22,2383,統一,5850,19,70,-51,2.59,4,sell
9/22,2383,群益金鼎,9100,48,4,44,2.24,5,buy
9/22,2383,大和國泰,8890,0,25,-25,1.27,5,sell
9/22,2383,永豐金-匯立,0039004100380031,41,2,39,1.98,6,buy
9/22,2383,中國信託,6160,8,25,-17,0.86,6,sell
9/22,2383,永豐金-敦北,0039004100380039,33,3,30,1.52,7,buy
9/22,2383,華南永昌,9300,2,18,-16,0.81,7,sell
9/22,2383,花旗環球,1590,29,6,23,1.17,8,buy
9/22,2383,凱基,9200,10,24,-14,0.71,8,sell
9/22,2383,新加坡商瑞銀,1650,78,63,15,0.76,9,buy
9/22,2383,國泰證券,8880,6,20,-14,0.71,9,sell
9/22,2383,台新,0039004200300030,31,18,13,0.66,10,buy
9/22,2383,國票-安和,003700370039005a,0,6,-6,0.3,10,sell
9/22,2383,國泰-敦南,8888,39,26,13,0.66,11,buy
9/22,2383,永豐金-信義,0039004100390052,0,5,-5,0.25,11,sell
9/22,2383,元大-竹科,003900380030004b,14,1,13,0.66,12,buy
9/22,2383,元大證券,9800,142,146,-4,0.2,12,sell
9/22,2383,元大-成功,003900380039004c,12,0,12,0.61,13,buy
9/22,2383,兆豐-永和,0037003000300058,2,6,-4,0.2,13,sell
9/22,2383,國票證券,7790,14,3,11,0.56,14,buy
9/22,2383,凱基-高雄,9206,1,5,-4,0.2,14,sell
9/22,2383,元大-台北,0039003800300068,8,0,8,0.41,15,buy
9/22,2383,玉山證券,8840,8,11,-3,0.15,15,sell
9/22,6449,台新-嘉義,0039004200320049,65,0,65,5.93,1,buy
9/22,6449,凱基-城中,9227,1,300,-299,27.26,1,sell
9/22,6449,國泰-板橋,003800380038004b,41,3,38,3.46,2,buy
9/22,6449,凱基-台北,9268,76,109,-33,3.01,2,sell
9/22,6449,台灣摩根士丹利,1470,73,43,30,2.73,3,buy
9/22,6449,元大證券,9800,67,94,-27,2.46,3,sell
9/22,6449,日茂-埔里,5961,26,0,26,2.37,4,buy
9/22,6449,凱基-信義,9216,0,25,-25,2.28,4,sell
9/22,6449,凱基-松山,9217,29,10,19,1.73,5,buy
9/22,6449,美商高盛,1480,48,69,-21,1.91,5,sell
9/22,6449,(牛牛牛)亞-網路,6012,15,0,15,1.37,6,buy
9/22,6449,花旗環球,1590,1,21,-20,1.82,6,sell
9/22,6449,群益金鼎-敦南,9101,13,0,13,1.19,7,buy
9/22,6449,元大-中壢,9834,2,17,-15,1.37,7,sell
9/22,6449,富邦-竹科,0039003600320043,11,0,11,1.0,8,buy
9/22,6449,元大-北屯,0039003800390064,0,10,-10,0.91,8,sell
9/22,6449,國票-中和,0037003700390058,11,1,10,0.91,9,buy
9/22,6449,凱基-內埔,9225,2,11,-9,0.82,9,sell
9/22,6449,永豐金-永康,0039004100390063,11,1,10,0.91,10,buy
9/22,6449,安泰,8380,0,8,-8,0.73,10,sell
9/22,6449,富邦-新店,9661,9,0,9,0.82,11,buy
9/22,6449,摩根大通,8440,49,56,-7,0.64,11,sell
9/22,6449,永豐金-敦南,0039004100380046,8,0,8,0.73,12,buy
9/22,6449,美林,1440,6,11,-5,0.46,12,sell
9/22,6449,永豐金-台南,0039004100390068,8,0,8,0.73,13,buy
9/22,6449,台新-林園,0039004200320037,0,5,-5,0.46,13,sell
9/22,6449,華南永昌-台中,9302,11,3,8,0.73,14,buy
9/22,6449,玉山-信義,0038003800340043,3,8,-5,0.46,14,sell
9/22,6449,元大-內湖,003900380039004e,8,0,8,0.73,15,buy
9/22,6449,台中銀-台北,6115,0,4,-4,0.36,15,sell
9/22,2313,港商麥格理,1360,1157,0,1157,7.46,1,buy
9/22,2313,摩根大通,8440,237,836,-599,3.86,1,sell
9/22,2313,凱基,9200,1150,51,1099,7.09,2,buy
9/22,2313,美好,5260,3,253,-250,1.61,2,sell
9/22,2313,大和國泰,8890,391,0,391,2.52,3,buy
9/22,2313,元大證券,9800,1000,1206,-206,1.33,3,sell
9/22,2313,宏遠證券,1260,355,0,355,2.29,4,buy
9/22,2313,凱基-台北,9268,572,750,-178,1.15,4,sell
9/22,2313,台灣摩根士丹利,1470,961,742,219,1.41,5,buy
9/22,2313,永豐金證券,0039004100300030,98,240,-142,0.92,5,sell
9/22,2313,新加坡商瑞銀,1650,639,463,176,1.13,6,buy
9/22,2313,兆豐-南京,0037003000300050,1,102,-101,0.65,6,sell
9/22,2313,美商高盛,1480,824,699,125,0.81,7,buy
9/22,2313,台新-建北,0039004200310038,7,101,-94,0.61,7,sell
9/22,2313,國票-敦北法人,0037003700390063,199,113,86,0.55,8,buy
9/22,2313,康和,8450,3,77,-74,0.48,8,sell
9/22,2313,元大-民雄,0039003800310056,63,11,52,0.34,9,buy
9/22,2313,國泰-敦南,8888,338,408,-70,0.45,9,sell
9/22,2313,新光-高雄,8562,78,28,50,0.32,10,buy
9/22,2313,國泰證券,8880,14,71,-57,0.37,10,sell
9/22,2313,富邦-南員林,0039003600310052,44,6,38,0.25,11,buy
9/22,2313,新光,8560,74,129,-55,0.35,11,sell
9/22,2313,國泰-高雄,8881,64,37,27,0.17,12,buy
9/22,2313,元大-小港,003900380039005a,3,54,-51,0.33,12,sell
9/22,2313,元大-板橋,0039003800390043,35,15,20,0.13,13,buy
9/22,2313,富邦-永和,9654,74,124,-50,0.32,13,sell
9/22,2313,大昌-桃園,6465,24,5,19,0.12,14,buy
9/22,2313,國泰-板橋,003800380038004b,53,101,-48,0.31,14,sell
9/22,2313,中國信託-三重,6161,27,8,19,0.12,15,buy
9/22,2313,玉山-台中,0038003800340042,19,64,-45,0.29,15,sell
9/22,0052,元大證券,9800,2733,178,2555,15.35,1,buy
9/22,0052,宏遠證券,1260,12,910,-898,5.39,1,sell
9/22,0052,凱基-台北,9268,1781,287,1494,8.97,2,buy
9/22,0052,台中銀-豐原,0036003100310041,3,476,-473,2.84,2,sell
9/22,0052,新加坡商瑞銀,1650,831,43,788,4.73,3,buy
9/22,0052,國泰-敦南,8888,500,766,-266,1.6,3,sell
9/22,0052,元大-桃園,0039003800380042,518,16,502,3.02,4,buy
9/22,0052,群益金鼎,9100,56,274,-218,1.31,4,sell
9/22,0052,中國信託,6160,593,125,468,2.81,5,buy
9/22,0052,富邦-花蓮,9621,1,134,-133,0.8,5,sell
9/22,0052,富邦證券,9600,474,60,414,2.49,6,buy
9/22,0052,合庫-台中,1021,12,128,-116,0.7,6,sell
9/22,0052,統一,5850,692,292,400,2.4,7,buy
9/22,0052,國泰-台中,8882,47,128,-81,0.49,7,sell
9/22,0052,台新,0039004200300030,335,102,233,1.4,8,buy
9/22,0052,永豐金-南投,003900410039004d,4,80,-76,0.46,8,sell
9/22,0052,臺銀-臺中,0031003000340041,240,12,228,1.37,9,buy
9/22,0052,元大-竹南,0039003800330056,3,73,-70,0.42,9,sell
9/22,0052,康和,8450,186,117,69,0.41,10,buy
9/22,0052,國泰-高雄,8881,27,96,-69,0.41,10,sell
9/22,0052,元大-向上,9824,84,16,68,0.41,11,buy
9/22,0052,亞東-台中,2187,0,68,-68,0.41,11,sell
9/22,0052,臺銀,1040,70,5,65,0.39,12,buy
9/22,0052,台新-文心,003900420032007a,2,69,-67,0.4,12,sell
9/22,0052,華南永昌-虎尾,9377,58,0,58,0.35,13,buy
9/22,0052,光和-溪湖,6381,0,67,-67,0.4,13,sell
9/22,0052,元大-博愛,0039003800320042,61,14,47,0.28,14,buy
9/22,0052,富邦-內湖,9627,15,81,-66,0.4,14,sell
9/22,0052,國泰證券,8880,59,12,47,0.28,15,buy
9/22,0052,富邦-台北,9623,50,116,-66,0.4,15,sell
