date,stock_code,broker_name,broker_id,buy_vol,sell_vol,net_vol,pct,rank,side
9/10,2330,元大證券,9800,1609,513,1096,5.75,1,buy
9/10,2330,港商野村,1560,277,2492,-2215,11.62,1,sell
9/10,2330,摩根大通,8440,2313,1558,755,3.96,2,buy
9/10,2330,永豐金證券,0039004100300030,108,1875,-1767,9.27,2,sell
9/10,2330,富邦證券,9600,1234,485,749,3.93,3,buy
9/10,2330,法銀巴黎,8900,8,1365,-1357,7.12,3,sell
9/10,2330,凱基-台北,9268,528,286,242,1.27,4,buy
9/10,2330,台灣摩根士丹利,1470,1147,1707,-560,2.94,4,sell
9/10,2330,香港上海匯豐,8960,266,45,221,1.16,5,buy
9/10,2330,港商麥格理,1360,526,968,-442,2.32,5,sell
9/10,2330,美林,1440,792,574,218,1.14,6,buy
9/10,2330,新加坡商瑞銀,1650,559,792,-233,1.22,6,sell
9/10,2330,富邦-陽明,9604,230,13,217,1.14,7,buy
9/10,2330,花旗環球,1590,525,757,-232,1.22,7,sell
9/10,2330,國泰-敦南,8888,278,86,192,1.01,8,buy
9/10,2330,永豐金-松山,0039004100390031,24,164,-140,0.73,8,sell
9/10,2330,永豐金-匯立,0039004100380031,293,128,165,0.87,9,buy
9/10,2330,群益金鼎-中山,0039003100380048,4,121,-117,0.61,9,sell
9/10,2330,元大-中崙,9813,120,3,117,0.61,10,buy
9/10,2330,群益金鼎,9100,151,267,-116,0.61,10,sell
9/10,2330,富邦-仁愛,9676,120,9,111,0.58,11,buy
9/10,2330,國泰證券,8880,84,177,-93,0.49,11,sell
9/10,2330,美商高盛,1480,1215,1120,95,0.5,12,buy
9/10,2330,統一-高雄,5851,3,65,-62,0.33,12,sell
9/10,2330,統一,5850,105,29,76,0.4,13,buy
9/10,2330,玉山-台南,8847,31,68,-37,0.19,13,sell
9/10,2330,新光,8560,125,54,71,0.37,14,buy
9/10,2330,元大-向上,9824,3,40,-37,0.19,14,sell
9/10,2330,兆豐證券,7000,172,101,71,0.37,15,buy
9/10,2330,元大-鳳山,003900380033005a,3,32,-29,0.15,15,sell
9/10,2317,港商野村,1560,3013,107,2906,7.46,1,buy
9/10,2317,港商麥格理,1360,310,6951,-6641,17.04,1,sell
9/10,2317,富邦證券,9600,1911,202,1709,4.39,2,buy
9/10,2317,摩根大通,8440,3579,5850,-2271,5.83,2,sell
9/10,2317,新加坡商瑞銀,1650,2115,897,1218,3.13,3,buy
9/10,2317,台灣摩根士丹利,1470,2792,3609,-817,2.1,3,sell
9/10,2317,元大-華山,0039003800310055,538,0,538,1.38,4,buy
9/10,2317,美林,1440,1595,2067,-472,1.21,4,sell
9/10,2317,美商高盛,1480,3059,2617,442,1.13,5,buy
9/10,2317,國泰證券,8880,1131,1407,-276,0.71,5,sell
9/10,2317,花旗環球,1590,534,176,358,0.92,6,buy
9/10,2317,臺銀,1040,19,254,-235,0.6,6,sell
9/10,2317,永豐金-匯立,0039004100380031,474,173,301,0.77,7,buy
9/10,2317,凱基-台北,9268,767,888,-121,0.31,7,sell
9/10,2317,(牛牛牛)亞-鑫豐,0036003000310064,159,16,143,0.37,8,buy
9/10,2317,台新-安南,003900420032005a,14,110,-96,0.25,8,sell
9/10,2317,國泰-台南,8884,200,60,140,0.36,9,buy
9/10,2317,中國信託-高雄,003600310036004b,24,117,-93,0.24,9,sell
9/10,2317,凱基,9200,189,50,139,0.36,10,buy
9/10,2317,富邦-南屯,9666,22,114,-92,0.24,10,sell
9/10,2317,群益金鼎,9100,275,138,137,0.35,11,buy
9/10,2317,元大證券,9800,2684,2763,-79,0.2,11,sell
9/10,2317,元大-南京,9862,117,7,110,0.28,12,buy
9/10,2317,凱基-市府,0039003200300044,11,82,-71,0.18,12,sell
9/10,2317,華南永昌-頭份,9343,103,0,103,0.26,13,buy
9/10,2317,群益金鼎-延平,0039003100380078,6,76,-70,0.18,13,sell
9/10,2317,第一金-忠孝,0035003300380044,104,1,103,0.26,14,buy
9/10,2317,臺銀-高雄,0031003000340043,38,107,-69,0.18,14,sell
9/10,2317,國泰-敦南,8888,309,208,101,0.26,15,buy
9/10,2317,元大-南屯,9853,7,69,-62,0.16,15,sell
9/10,2454,新加坡商瑞銀,1650,760,29,731,10.97,1,buy
9/10,2454,永豐金證券,0039004100300030,72,770,-698,10.48,1,sell
9/10,2454,摩根大通,8440,808,446,362,5.43,2,buy
9/10,2454,玉山-台南,8847,1,88,-87,1.31,2,sell
9/10,2454,台灣摩根士丹利,1470,597,325,272,4.08,3,buy
9/10,2454,兆豐-彰化,0037003000300064,7,71,-64,0.96,3,sell
9/10,2454,花旗環球,1590,307,198,109,1.64,4,buy
9/10,2454,凱基-興隆,9289,1,51,-50,0.75,4,sell
9/10,2454,元大證券,9800,337,251,86,1.29,5,buy
9/10,2454,永豐金-匯立,0039004100380031,8,49,-41,0.62,5,sell
9/10,2454,凱基-台北,9268,348,269,79,1.19,6,buy
9/10,2454,中國信託,6160,10,46,-36,0.54,6,sell
9/10,2454,美商高盛,1480,460,389,71,1.07,7,buy
9/10,2454,香港上海匯豐,8960,0,33,-33,0.5,7,sell
9/10,2454,港商野村,1560,158,97,61,0.92,8,buy
9/10,2454,玉山-高雄,8843,6,38,-32,0.48,8,sell
9/10,2454,群益金鼎,9100,82,28,54,0.81,9,buy
9/10,2454,國泰-敦南,8888,51,83,-32,0.48,9,sell
9/10,2454,富邦證券,9600,124,77,47,0.71,10,buy
9/10,2454,新光,8560,27,53,-26,0.39,10,sell
9/10,2454,美林,1440,156,119,37,0.56,11,buy
9/10,2454,土銀,1030,1,26,-25,0.38,11,sell
9/10,2454,凱基,9200,74,49,25,0.38,12,buy
9/10,2454,宏遠證券,1260,1,25,-24,0.36,12,sell
9/10,2454,凱基-松山,9217,30,9,21,0.32,13,buy
9/10,2454,元大-台中,9812,5,22,-17,0.26,13,sell
9/10,2454,兆豐-鹿港,0037003000300066,20,5,15,0.23,14,buy
9/10,2454,凱基-站前,0039003200300046,97,115,-18,0.27,14,sell
9/10,2454,凱基-文心,9297,15,1,14,0.21,15,buy
9/10,2454,台新-城中,0039004200320045,2,18,-16,0.24,15,sell
9/10,2308,國泰-敦南,8888,562,85,477,2.33,1,buy
9/10,2308,美商高盛,1480,429,2765,-2336,11.43,1,sell
9/10,2308,新光,8560,197,38,159,0.78,2,buy
9/10,2308,台灣摩根士丹利,1470,327,2167,-1840,9.01,2,sell
9/10,2308,國泰-台中,8882,151,22,129,0.63,3,buy
9/10,2308,美林,1440,259,1684,-1425,6.97,3,sell
9/10,2308,國泰-館前,0038003800380041,132,27,105,0.51,4,buy
9/10,2308,摩根大通,8440,350,1651,-1301,6.37,4,sell
9/10,2308,富邦-仁愛,9676,114,9,105,0.51,5,buy
9/10,2308,新加坡商瑞銀,1650,66,994,-928,4.54,5,sell
9/10,2308,富邦-建國,9658,107,13,94,0.46,6,buy
9/10,2308,統一,5850,83,1000,-917,4.49,6,sell
9/10,2308,國泰-板橋,003800380038004b,114,23,91,0.45,7,buy
9/10,2308,永豐金證券,0039004100300030,277,699,-422,2.07,7,sell
9/10,2308,富邦-台北,9623,94,10,84,0.41,8,buy
9/10,2308,元大證券,9800,2298,2671,-373,1.83,8,sell
9/10,2308,第一金-華江,0035003300380057,85,4,81,0.4,9,buy
9/10,2308,港商野村,1560,102,468,-366,1.79,9,sell
9/10,2308,國泰-高雄,8881,88,9,79,0.39,10,buy
9/10,2308,花旗環球,1590,134,439,-305,1.49,10,sell
9/10,2308,富邦-陽明,9604,75,5,70,0.34,11,buy
9/10,2308,國泰證券,8880,184,486,-302,1.48,11,sell
9/10,2308,富邦-板橋,9655,74,6,68,0.33,12,buy
9/10,2308,凱基-台北,9268,653,904,-251,1.23,12,sell
9/10,2308,玉山-新莊,8842,68,6,62,0.3,13,buy
9/10,2308,富邦證券,9600,120,371,-251,1.23,13,sell
9/10,2308,台新-台中,0039004200310068,69,8,61,0.3,14,buy
9/10,2308,元大-中崙,9813,19,163,-144,0.7,14,sell
9/10,2308,富邦-中壢,9636,82,22,60,0.29,15,buy
9/10,2308,兆豐-忠孝,0037003000300061,41,98,-57,0.28,15,sell
9/10,2382,富邦證券,9600,1129,70,1059,7.85,1,buy
9/10,2382,國泰證券,8880,8,1757,-1749,12.96,1,sell
9/10,2382,新加坡商瑞銀,1650,607,255,352,2.61,2,buy
9/10,2382,元大證券,9800,975,1711,-736,5.45,2,sell
9/10,2382,永豐金-匯立,0039004100380031,444,157,287,2.13,3,buy
9/10,2382,(牛牛牛)亞證券,6010,0,664,-664,4.92,3,sell
9/10,2382,港商麥格理,1360,684,438,246,1.82,4,buy
9/10,2382,華南永昌,9300,24,654,-630,4.67,4,sell
9/10,2382,新光,8560,251,32,219,1.62,5,buy
9/10,2382,美林,1440,162,507,-345,2.56,5,sell
9/10,2382,凱基,9200,187,0,187,1.39,6,buy
9/10,2382,兆豐證券,7000,30,353,-323,2.39,6,sell
9/10,2382,第一金-中山,5389,142,3,139,1.03,7,buy
9/10,2382,大和國泰,8890,13,325,-312,2.31,7,sell
9/10,2382,國票-敦北法人,0037003700390063,101,0,101,0.75,8,buy
9/10,2382,花旗環球,1590,11,315,-304,2.25,8,sell
9/10,2382,群益金鼎-東湖,003900310038004b,98,1,97,0.72,9,buy
9/10,2382,中國信託-新竹,6165,106,400,-294,2.18,9,sell
9/10,2382,富邦-建國,9658,83,2,81,0.6,10,buy
9/10,2382,台灣摩根士丹利,1470,419,630,-211,1.56,10,sell
9/10,2382,國泰-敦南,8888,139,64,75,0.56,11,buy
9/10,2382,港商野村,1560,410,555,-145,1.07,11,sell
9/10,2382,永豐金證券,0039004100300030,156,86,70,0.52,12,buy
9/10,2382,摩根大通,8440,646,771,-125,0.93,12,sell
9/10,2382,香港上海匯豐,8960,64,9,55,0.41,13,buy
9/10,2382,凱基-台北,9268,231,354,-123,0.91,13,sell
9/10,2382,合庫證券,1020,64,10,54,0.4,14,buy
9/10,2382,美商高盛,1480,1341,1395,-54,0.4,14,sell
9/10,2382,元大-北屯,0039003800390064,51,5,46,0.34,15,buy
9/10,2382,富邦-北港,0039003600390043,3,45,-42,0.31,15,sell
9/10,2891,台新,0039004200300030,2324,42,2282,11.77,1,buy
9/10,2891,新加坡商瑞銀,1650,417,3429,-3012,15.53,1,sell
9/10,2891,花旗環球,1590,2261,96,2165,11.17,2,buy
9/10,2891,台灣摩根士丹利,1470,1328,2606,-1278,6.59,2,sell
9/10,2891,美林,1440,1448,536,912,4.7,3,buy
9/10,2891,港商野村,1560,182,1406,-1224,6.31,3,sell
9/10,2891,元大證券,9800,1674,836,838,4.32,4,buy
9/10,2891,兆豐-虎尾,0037003000300046,1,83,-82,0.42,4,sell
9/10,2891,富邦證券,9600,342,2,340,1.75,5,buy
9/10,2891,香港上海匯豐,8960,0,81,-81,0.42,5,sell
9/10,2891,摩根大通,8440,2959,2849,110,0.57,6,buy
9/10,2891,永豐金-敦南,0039004100380046,0,77,-77,0.4,6,sell
9/10,2891,永豐金-匯立,0039004100380031,97,0,97,0.5,7,buy
9/10,2891,元大-敦南,0039003800390050,4,80,-76,0.39,7,sell
9/10,2891,凱基-台北,9268,855,758,97,0.5,8,buy
9/10,2891,中國信託,6160,43,117,-74,0.38,8,sell
9/10,2891,法銀巴黎,8900,104,8,96,0.5,9,buy
9/10,2891,新光,8560,47,114,-67,0.35,9,sell
9/10,2891,玉山證券,8840,108,32,76,0.39,10,buy
9/10,2891,國泰-台中,8882,39,94,-55,0.28,10,sell
9/10,2891,中國信託-永康,6163,81,6,75,0.39,11,buy
9/10,2891,永豐金-新竹,0039004100390037,51,103,-52,0.27,11,sell
9/10,2891,港商麥格理,1360,48,0,48,0.25,12,buy
9/10,2891,台新-永和,0039004200320042,0,50,-50,0.26,12,sell
9/10,2891,群益金鼎-南京,0039003100380045,70,30,40,0.21,13,buy
9/10,2891,兆豐-南門,0037003000300067,0,50,-50,0.26,13,sell
9/10,2891,群益金鼎,9100,92,60,32,0.17,14,buy
9/10,2891,新光-桃園,8565,6,53,-47,0.24,14,sell
9/10,2891,元大-大同,0039003800390047,30,1,29,0.15,15,buy
9/10,2891,元大-竹南,0039003800330056,0,42,-42,0.22,15,sell
9/10,2881,台灣摩根士丹利,1470,2804,1129,1675,13.68,1,buy
9/10,2881,大和國泰,8890,0,980,-980,8.0,1,sell
9/10,2881,港商野村,1560,839,104,735,6.0,2,buy
9/10,2881,凱基-台北,9268,410,752,-342,2.79,2,sell
9/10,2881,港商麥格理,1360,603,0,603,4.92,3,buy
9/10,2881,元大證券,9800,759,1081,-322,2.63,3,sell
9/10,2881,摩根大通,8440,1707,1291,416,3.4,4,buy
9/10,2881,第一金-新興,0035003300380041,0,250,-250,2.04,4,sell
9/10,2881,花旗環球,1590,291,49,242,1.98,5,buy
9/10,2881,美林,1440,117,320,-203,1.66,5,sell
9/10,2881,美商高盛,1480,1742,1511,231,1.89,6,buy
9/10,2881,永豐金證券,0039004100300030,48,249,-201,1.64,6,sell
9/10,2881,永豐金-匯立,0039004100380031,266,49,217,1.77,7,buy
9/10,2881,兆豐-城中,0037003000300057,510,710,-200,1.63,7,sell
9/10,2881,新加坡商瑞銀,1650,915,703,212,1.73,8,buy
9/10,2881,陽信,8710,0,200,-200,1.63,8,sell
9/10,2881,玉山證券,8840,98,5,93,0.76,9,buy
9/10,2881,富邦證券,9600,87,180,-93,0.76,9,sell
9/10,2881,永豐金-松山,0039004100390031,62,1,61,0.5,10,buy
9/10,2881,第一金-中壢,0035003300380059,0,81,-81,0.66,10,sell
9/10,2881,群益金鼎-潭子,0039003100330044,17,0,17,0.14,11,buy
9/10,2881,富邦-仁愛,9676,3,78,-75,0.61,11,sell
9/10,2881,合庫-西台中,0031003000320046,22,11,11,0.09,12,buy
9/10,2881,法銀巴黎,8900,6,64,-58,0.47,12,sell
9/10,2881,元大-敦南,0039003800390050,13,3,10,0.08,13,buy
9/10,2881,永豐金-復興,003900410039005a,0,52,-52,0.42,13,sell
9/10,2881,台灣企銀-九如,1113,13,3,10,0.08,14,buy
9/10,2881,中國信託-忠孝,6162,0,41,-41,0.33,14,sell
9/10,2881,安泰-楠梓,8382,10,0,10,0.08,15,buy
9/10,2881,香港上海匯豐,8960,0,40,-40,0.33,15,sell
9/10,2882,元大證券,9800,2613,962,1651,12.04,1,buy
9/10,2882,花旗環球,1590,43,1086,-1043,7.61,1,sell
9/10,2882,台灣摩根士丹利,1470,1572,542,1030,7.51,2,buy
9/10,2882,港商野村,1560,22,865,-843,6.15,2,sell
9/10,2882,港商麥格理,1360,927,47,880,6.42,3,buy
9/10,2882,合庫-台中,1021,0,499,-499,3.64,3,sell
9/10,2882,美商高盛,1480,1373,1100,273,1.99,4,buy
9/10,2882,新加坡商瑞銀,1650,219,659,-440,3.21,4,sell
9/10,2882,華南永昌-敦南,9347,150,6,144,1.05,5,buy
9/10,2882,摩根大通,8440,1365,1752,-387,2.82,5,sell
9/10,2882,香港上海匯豐,8960,190,52,138,1.01,6,buy
9/10,2882,國泰-館前,0038003800380041,8,340,-332,2.42,6,sell
9/10,2882,玉山證券,8840,122,5,117,0.85,7,buy
9/10,2882,美林,1440,513,656,-143,1.04,7,sell
9/10,2882,國泰證券,8880,71,0,71,0.52,8,buy
9/10,2882,凱基-台北,9268,679,813,-134,0.98,8,sell
9/10,2882,(牛牛牛)亞-鑫豐,0036003000310064,67,5,62,0.45,9,buy
9/10,2882,兆豐-公益,003700300030004a,1,101,-100,0.73,9,sell
9/10,2882,台新-中港,0039004200320069,32,1,31,0.23,10,buy
9/10,2882,法銀巴黎,8900,8,83,-75,0.55,10,sell
9/10,2882,富邦-三重,9677,32,5,27,0.2,11,buy
9/10,2882,兆豐證券,7000,12,84,-72,0.53,11,sell
9/10,2882,合庫-自強,0031003000320043,27,1,26,0.19,12,buy
9/10,2882,台新,0039004200300030,26,97,-71,0.52,12,sell
9/10,2882,元大-北三重,0039003800390056,25,0,25,0.18,13,buy
9/10,2882,富邦-建國,9658,14,64,-50,0.36,13,sell
9/10,2882,華南永昌-苗栗,9362,42,18,24,0.18,14,buy
9/10,2882,富邦-台北,9623,10,47,-37,0.27,14,sell
9/10,2882,元大-苑裡,0039003800390061,20,0,20,0.15,15,buy
9/10,2882,兆豐-新營,003700300030004b,1,31,-30,0.22,15,sell
9/10,2303,摩根大通,8440,15584,9889,5695,2.79,1,buy
9/10,2303,台灣摩根士丹利,1470,5452,16239,-10787,5.28,1,sell
9/10,2303,統一,5850,5254,566,4688,2.29,2,buy
9/10,2303,元大-土城永寧,9875,83,5278,-5195,2.54,2,sell
9/10,2303,花旗環球,1590,3266,379,2887,1.41,3,buy
9/10,2303,大和國泰,8890,300,3000,-2700,1.32,3,sell
9/10,2303,富邦證券,9600,12164,9502,2662,1.3,4,buy
9/10,2303,元大證券,9800,11843,14540,-2697,1.32,4,sell
9/10,2303,凱基-信義,9216,1719,92,1627,0.8,5,buy
9/10,2303,中國信託,6160,1092,3712,-2620,1.28,5,sell
9/10,2303,第一金,5380,1612,209,1403,0.69,6,buy
9/10,2303,新光,8560,1025,2580,-1555,0.76,6,sell
9/10,2303,國泰證券,8880,1587,270,1317,0.64,7,buy
9/10,2303,群益金鼎-台北,0039003100380058,408,1812,-1404,0.69,7,sell
9/10,2303,永豐金證券,0039004100300030,2780,1484,1296,0.63,8,buy
9/10,2303,凱基-台北,9268,8012,9185,-1173,0.57,8,sell
9/10,2303,玉山證券,8840,1759,490,1269,0.62,9,buy
9/10,2303,宏遠證券,1260,108,874,-766,0.37,9,sell
9/10,2303,美商高盛,1480,12476,11380,1096,0.54,10,buy
9/10,2303,群益金鼎-新莊,0039003100380047,89,519,-430,0.21,10,sell
9/10,2303,兆豐證券,7000,1045,44,1001,0.49,11,buy
9/10,2303,國票-長城,0037003700390075,21,418,-397,0.19,11,sell
9/10,2303,華南永昌,9300,1409,424,985,0.48,12,buy
9/10,2303,永豐金-虎尾,0039004100390062,38,434,-396,0.19,12,sell
9/10,2303,康和,8450,1027,119,908,0.44,13,buy
9/10,2303,凱基-城中,9227,212,603,-391,0.19,13,sell
9/10,2303,彰銀,1230,863,40,823,0.4,14,buy
9/10,2303,富邦-台北,9623,347,690,-343,0.17,14,sell
9/10,2303,群益金鼎,9100,1081,303,778,0.38,15,buy
9/10,2303,統一-南京,0035003800350055,39,350,-311,0.15,15,sell
9/10,3711,美商高盛,1480,2046,614,1432,8.21,1,buy
9/10,3711,元大證券,9800,1421,1701,-280,1.6,1,sell
9/10,3711,摩根大通,8440,1344,564,780,4.47,2,buy
9/10,3711,國泰證券,8880,27,302,-275,1.58,2,sell
9/10,3711,台灣摩根士丹利,1470,1416,853,563,3.23,3,buy
9/10,3711,花旗環球,1590,143,399,-256,1.47,3,sell
9/10,3711,港商野村,1560,661,129,532,3.05,4,buy
9/10,3711,國泰-敦南,8888,226,419,-193,1.11,4,sell
9/10,3711,美林,1440,1332,820,512,2.93,5,buy
9/10,3711,統一,5850,76,258,-182,1.04,5,sell
9/10,3711,凱基-台北,9268,769,335,434,2.49,6,buy
9/10,3711,兆豐-大同,0037003000300053,2,110,-108,0.62,6,sell
9/10,3711,香港上海匯豐,8960,429,62,367,2.1,7,buy
9/10,3711,永豐金-南投,003900410039004d,5,99,-94,0.54,7,sell
9/10,3711,群益金鼎,9100,333,115,218,1.25,8,buy
9/10,3711,國泰-板橋,003800380038004b,48,135,-87,0.5,8,sell
9/10,3711,永豐金-匯立,0039004100380031,212,0,212,1.21,9,buy
9/10,3711,永豐金-台南,0039004100390068,12,93,-81,0.46,9,sell
9/10,3711,港商麥格理,1360,271,102,169,0.97,10,buy
9/10,3711,兆豐-天母,003700300030004c,10,76,-66,0.38,10,sell
9/10,3711,新加坡商瑞銀,1650,310,156,154,0.88,11,buy
9/10,3711,永豐金證券,0039004100300030,241,300,-59,0.34,11,sell
9/10,3711,華南永昌,9300,185,64,121,0.69,12,buy
9/10,3711,宏遠證券,1260,4,58,-54,0.31,12,sell
9/10,3711,華南永昌-高雄,9303,101,15,86,0.49,13,buy
9/10,3711,德信-中正,6912,1,54,-53,0.3,13,sell
9/10,3711,康和,8450,95,12,83,0.48,14,buy
9/10,3711,臺銀-高雄,0031003000340043,12,63,-51,0.29,14,sell
9/10,3711,凱基,9200,162,84,78,0.45,15,buy
9/10,3711,統一-三重,003500380035004a,4,54,-50,0.29,15,sell
9/10,2603,台新,0039004200300030,1389,57,1332,19.85,1,buy
9/10,2603,美商高盛,1480,216,1149,-933,13.9,1,sell
9/10,2603,美林,1440,699,119,580,8.64,2,buy
9/10,2603,台灣摩根士丹利,1470,108,759,-651,9.7,2,sell
9/10,2603,港商野村,1560,102,0,102,1.52,3,buy
9/10,2603,新加坡商瑞銀,1650,156,754,-598,8.91,3,sell
9/10,2603,玉山證券,8840,95,10,85,1.27,4,buy
9/10,2603,凱基-台北,9268,61,372,-311,4.63,4,sell
9/10,2603,兆豐-大同,0037003000300053,70,0,70,1.04,5,buy
9/10,2603,元大證券,9800,311,588,-277,4.13,5,sell
9/10,2603,國泰-敦南,8888,145,87,58,0.86,6,buy
9/10,2603,港商麥格理,1360,0,112,-112,1.67,6,sell
9/10,2603,永豐金證券,0039004100300030,97,43,54,0.8,7,buy
9/10,2603,合庫-高雄,1023,4,97,-93,1.39,7,sell
9/10,2603,群益金鼎-南京,0039003100380045,43,1,42,0.63,8,buy
9/10,2603,摩根大通,8440,283,374,-91,1.36,8,sell
9/10,2603,富邦-建國,9658,45,9,36,0.54,9,buy
9/10,2603,國泰證券,8880,5,77,-72,1.07,9,sell
9/10,2603,華南永昌-林口,9317,42,6,36,0.54,10,buy
9/10,2603,凱基,9200,13,77,-64,0.95,10,sell
9/10,2603,元大-北三重,0039003800390056,32,0,32,0.48,11,buy
9/10,2603,凱基-屏東,0039003200320043,41,100,-59,0.88,11,sell
9/10,2603,永豐金-中正,0039004100390055,31,1,30,0.45,12,buy
9/10,2603,元大-東港,0039003800390066,0,32,-32,0.48,12,sell
9/10,2603,兆豐-民生,0037003000300063,30,0,30,0.45,13,buy
9/10,2603,台新-信義,0039004200320048,2,29,-27,0.4,13,sell
9/10,2603,台新-新店,0039004200320032,29,0,29,0.43,14,buy
9/10,2603,國泰-松江,8883,2,25,-23,0.34,14,sell
9/10,2603,富邦-仁愛,9676,31,4,27,0.4,15,buy
9/10,2603,永豐金-天母,0039004100390047,2,23,-21,0.31,15,sell
9/10,2609,香港上海匯豐,8960,4637,0,4637,10.7,1,buy
9/10,2609,美商高盛,1480,1046,7324,-6278,14.49,1,sell
9/10,2609,美林,1440,2657,235,2422,5.59,2,buy
9/10,2609,凱基-台北,9268,912,2239,-1327,3.06,2,sell
9/10,2609,永興-台中,5603,1002,1,1001,2.31,3,buy
9/10,2609,新加坡商瑞銀,1650,811,1676,-865,2.0,3,sell
9/10,2609,元大證券,9800,4668,3689,979,2.26,4,buy
9/10,2609,港商野村,1560,237,811,-574,1.33,4,sell
9/10,2609,台灣摩根士丹利,1470,4189,3654,535,1.23,5,buy
9/10,2609,永豐金-彰化,0039004100390073,6,464,-458,1.06,5,sell
9/10,2609,兆豐-復興,0037003000300070,355,3,352,0.81,6,buy
9/10,2609,凱基-文心,9297,8,235,-227,0.52,6,sell
9/10,2609,富邦-台北,9623,378,52,326,0.75,7,buy
9/10,2609,摩根大通,8440,780,967,-187,0.43,7,sell
9/10,2609,凱基-士林,9238,309,14,295,0.68,8,buy
9/10,2609,統一,5850,64,249,-185,0.43,8,sell
9/10,2609,元大-頭份,0039003800330055,226,12,214,0.49,9,buy
9/10,2609,國票-九鼎,0037003700390050,21,142,-121,0.28,9,sell
9/10,2609,台新-台北,0039004200320030,250,49,201,0.46,10,buy
9/10,2609,永豐金證券,0039004100300030,131,250,-119,0.27,10,sell
9/10,2609,國票證券,7790,261,81,180,0.42,11,buy
9/10,2609,元大-金門,003900380031004e,85,201,-116,0.27,11,sell
9/10,2609,國票-北投,7792,201,24,177,0.41,12,buy
9/10,2609,玉山-左營,0038003800340044,130,235,-105,0.24,12,sell
9/10,2609,元大-板橋,0039003800390043,183,26,157,0.36,13,buy
9/10,2609,元大-永和,9891,42,145,-103,0.24,13,sell
9/10,2609,花旗環球,1590,153,11,142,0.33,14,buy
9/10,2609,富邦-南京,0039003600310043,14,116,-102,0.24,14,sell
9/10,2609,凱基-內埔,9225,104,5,99,0.23,15,buy
9/10,2609,華南永昌-東勢,9358,7,105,-98,0.23,15,sell
9/10,2615,花旗環球,1590,2330,5,2325,6.47,1,buy
9/10,2615,美商高盛,1480,251,5186,-4935,13.72,1,sell
9/10,2615,港商麥格理,1360,1477,0,1477,4.11,2,buy
9/10,2615,台灣摩根士丹利,1470,1863,4269,-2406,6.69,2,sell
9/10,2615,國泰-敦南,8888,735,373,362,1.01,3,buy
9/10,2615,元大證券,9800,646,2942,-2296,6.39,3,sell
9/10,2615,富邦證券,9600,490,162,328,0.91,4,buy
9/10,2615,摩根大通,8440,501,2375,-1874,5.21,4,sell
9/10,2615,凱基-屏東,0039003200320043,312,0,312,0.87,5,buy
9/10,2615,美林,1440,989,2446,-1457,4.05,5,sell
9/10,2615,國票-台中,0037003700390076,207,3,204,0.57,6,buy
9/10,2615,新加坡商瑞銀,1650,688,1373,-685,1.91,6,sell
9/10,2615,新光,8560,361,160,201,0.56,7,buy
9/10,2615,港商野村,1560,354,684,-330,0.92,7,sell
9/10,2615,致和-南京,7038,152,0,152,0.42,8,buy
9/10,2615,凱基,9200,33,348,-315,0.88,8,sell
9/10,2615,合庫證券,1020,149,3,146,0.41,9,buy
9/10,2615,國泰證券,8880,0,268,-268,0.75,9,sell
9/10,2615,(牛牛牛)亞-鑫豐,0036003000310064,154,28,126,0.35,10,buy
9/10,2615,凱基-台北,9268,1478,1743,-265,0.74,10,sell
9/10,2615,元大-館前,003900380034004b,127,3,124,0.34,11,buy
9/10,2615,兆豐-三民,0037003000300068,5,201,-196,0.55,11,sell
9/10,2615,凱基-文心,9297,125,2,123,0.34,12,buy
9/10,2615,富邦-南屯,9666,29,206,-177,0.49,12,sell
9/10,2615,永豐金-新莊,0039004100390048,126,12,114,0.32,13,buy
9/10,2615,群益金鼎,9100,160,331,-171,0.48,13,sell
9/10,2615,群益金鼎-館前,0039003100330059,115,7,108,0.3,14,buy
9/10,2615,台新-屏新,0039004200320071,8,170,-162,0.45,14,sell
9/10,2615,臺銀-臺中,0031003000340041,135,30,105,0.29,15,buy
9/10,2615,台新-安南,003900420032005a,23,172,-149,0.41,15,sell
9/10,2618,永豐金-中正,0039004100390055,1405,3,1402,11.69,1,buy
9/10,2618,美商高盛,1480,810,2613,-1803,15.03,1,sell
9/10,2618,港商野村,1560,827,412,415,3.46,2,buy
9/10,2618,台灣摩根士丹利,1470,1038,2219,-1181,9.85,2,sell
9/10,2618,美林,1440,465,100,365,3.04,3,buy
9/10,2618,港商麥格理,1360,0,700,-700,5.84,3,sell
9/10,2618,兆豐-台中,7003,274,6,268,2.23,4,buy
9/10,2618,凱基-台北,9268,303,751,-448,3.74,4,sell
9/10,2618,國泰-敦南,8888,154,11,143,1.19,5,buy
9/10,2618,摩根大通,8440,772,1016,-244,2.03,5,sell
9/10,2618,元大-樹林,003900380039006a,105,0,105,0.88,6,buy
9/10,2618,新加坡商瑞銀,1650,857,1076,-219,1.83,6,sell
9/10,2618,中國信託,6160,113,11,102,0.85,7,buy
9/10,2618,國票-安和,003700370039005a,0,150,-150,1.25,7,sell
9/10,2618,富邦證券,9600,96,0,96,0.8,8,buy
9/10,2618,元大證券,9800,193,304,-111,0.93,8,sell
9/10,2618,法銀巴黎,8900,153,57,96,0.8,9,buy
9/10,2618,台新,0039004200300030,14,110,-96,0.8,9,sell
9/10,2618,永豐金-匯立,0039004100380031,81,0,81,0.68,10,buy
9/10,2618,凱基-中壢,9285,2,85,-83,0.69,10,sell
9/10,2618,凱基-站前,0039003200300046,72,0,72,0.6,11,buy
9/10,2618,元大-新盛,9869,50,115,-65,0.54,11,sell
9/10,2618,兆豐-台中港,7005,61,0,61,0.51,12,buy
9/10,2618,富邦-北港,0039003600390043,2,55,-53,0.44,12,sell
9/10,2618,新光,8560,111,50,61,0.51,13,buy
9/10,2618,元大-歸仁,0039003800310061,2,44,-42,0.35,13,sell
9/10,2618,永豐金-市政,0039004100390057,60,0,60,0.5,14,buy
9/10,2618,第一金-澎湖,5387,0,39,-39,0.33,14,sell
9/10,2618,永豐金-新莊,0039004100390048,60,0,60,0.5,15,buy
9/10,2618,富邦-竹北,9624,6,44,-38,0.32,15,sell
9/10,3037,港商麥格理,1360,1340,11,1329,7.01,1,buy
9/10,3037,美商高盛,1480,1327,2224,-897,4.73,1,sell
9/10,3037,富邦證券,9600,735,144,591,3.12,2,buy
9/10,3037,元大證券,9800,1185,1763,-578,3.05,2,sell
9/10,3037,美林,1440,603,209,394,2.08,3,buy
9/10,3037,新加坡商瑞銀,1650,140,660,-520,2.74,3,sell
9/10,3037,港商野村,1560,327,135,192,1.01,4,buy
9/10,3037,凱基-台北,9268,927,1323,-396,2.09,4,sell
9/10,3037,華南永昌-世貿,9334,64,4,60,0.32,5,buy
9/10,3037,摩根大通,8440,316,613,-297,1.57,5,sell
9/10,3037,兆豐-台中,7003,64,16,48,0.25,6,buy
9/10,3037,凱基-信義,9216,70,225,-155,0.82,6,sell
9/10,3037,統一,5850,66,25,41,0.22,7,buy
9/10,3037,凱基,9200,69,160,-91,0.48,7,sell
9/10,3037,永豐金-匯立,0039004100380031,352,314,38,0.2,8,buy
9/10,3037,永豐金證券,0039004100300030,88,164,-76,0.4,8,sell
9/10,3037,華南永昌-高雄,9303,47,17,30,0.16,9,buy
9/10,3037,大和國泰,8890,0,61,-61,0.32,9,sell
9/10,3037,國泰-桃園,8885,72,48,24,0.13,10,buy
9/10,3037,台灣摩根士丹利,1470,1567,1617,-50,0.26,10,sell
9/10,3037,永豐金-敦南,0039004100380046,37,14,23,0.12,11,buy
9/10,3037,元大-府城,0039003800300075,14,61,-47,0.25,11,sell
9/10,3037,元大-北投,0039003800390041,40,18,22,0.12,12,buy
9/10,3037,中國信託,6160,50,87,-37,0.2,12,sell
9/10,3037,花旗環球,1590,37,16,21,0.11,13,buy
9/10,3037,兆豐證券,7000,4,32,-28,0.15,13,sell
9/10,3037,國泰證券,8880,43,22,21,0.11,14,buy
9/10,3037,法銀巴黎,8900,7,28,-21,0.11,14,sell
9/10,3037,永豐金-萬盛,0039004100390032,32,11,21,0.11,15,buy
9/10,3037,台新,0039004200300030,114,134,-20,0.11,15,sell
9/10,2345,美商高盛,1480,367,104,263,9.84,1,buy
9/10,2345,元大證券,9800,82,353,-271,10.14,1,sell
9/10,2345,新加坡商瑞銀,1650,221,44,177,6.62,2,buy
9/10,2345,摩根大通,8440,285,533,-248,9.28,2,sell
9/10,2345,美林,1440,89,32,57,2.13,3,buy
9/10,2345,香港上海匯豐,8960,1,180,-179,6.7,3,sell
9/10,2345,永豐金-匯立,0039004100380031,38,0,38,1.42,4,buy
9/10,2345,花旗環球,1590,84,252,-168,6.29,4,sell
9/10,2345,永豐金證券,0039004100300030,63,28,35,1.31,5,buy
9/10,2345,第一金,5380,0,134,-134,5.01,5,sell
9/10,2345,國泰-敦南,8888,43,19,24,0.9,6,buy
9/10,2345,華南永昌,9300,3,68,-65,2.43,6,sell
9/10,2345,凱基-台北,9268,144,120,24,0.9,7,buy
9/10,2345,港商野村,1560,5,60,-55,2.06,7,sell
9/10,2345,台灣摩根士丹利,1470,138,118,20,0.75,8,buy
9/10,2345,國泰證券,8880,0,24,-24,0.9,8,sell
9/10,2345,玉山-新莊,8842,19,2,17,0.64,9,buy
9/10,2345,元大-鳳山,003900380033005a,1,24,-23,0.86,9,sell
9/10,2345,美好,5260,15,0,15,0.56,10,buy
9/10,2345,凱基-中山,9229,0,17,-17,0.64,10,sell
9/10,2345,宏遠證券,1260,15,0,15,0.56,11,buy
9/10,2345,統一-士林,003500380035004d,3,16,-13,0.49,11,sell
9/10,2345,台新,0039004200300030,22,10,12,0.45,12,buy
9/10,2345,(牛牛牛)亞證券,6010,0,12,-12,0.45,12,sell
9/10,2345,元大-清水,0039003800300065,12,0,12,0.45,13,buy
9/10,2345,富邦證券,9600,23,32,-9,0.34,13,sell
9/10,2345,凱基-站前,0039003200300046,10,0,10,0.37,14,buy
9/10,2345,中國信託-松江,6167,1,10,-9,0.34,14,sell
9/10,2345,兆豐-桃鶯,0037003000300055,10,0,10,0.37,15,buy
9/10,2345,凱基,9200,16,24,-8,0.3,15,sell
9/10,3006,新加坡商瑞銀,1650,1870,684,1186,4.54,1,buy
9/10,3006,凱基-台北,9268,1843,2772,-929,3.56,1,sell
9/10,3006,富邦-台北,9623,400,108,292,1.12,2,buy
9/10,3006,元大-雙和,9874,84,399,-315,1.21,2,sell
9/10,3006,美林,1440,513,259,254,0.97,3,buy
9/10,3006,台灣摩根士丹利,1470,12,299,-287,1.1,3,sell
9/10,3006,永豐金-匯立,0039004100380031,236,0,236,0.9,4,buy
9/10,3006,兆豐-新竹,0037003000300056,9,253,-244,0.93,4,sell
9/10,3006,元大證券,9800,2135,2014,121,0.46,5,buy
9/10,3006,凱基-鳳山,9274,38,157,-119,0.46,5,sell
9/10,3006,元大-天母,0039003800310049,134,19,115,0.44,6,buy
9/10,3006,台灣企銀-豐原,1118,141,254,-113,0.43,6,sell
9/10,3006,永豐金證券,0039004100300030,438,323,115,0.44,7,buy
9/10,3006,永豐金-台南,0039004100390068,20,92,-72,0.28,7,sell
9/10,3006,元大-彰化,0039003800310047,113,11,102,0.39,8,buy
9/10,3006,富邦-竹科,0039003600320043,42,113,-71,0.27,8,sell
9/10,3006,凱基-信義,9216,105,6,99,0.38,9,buy
9/10,3006,摩根大通,8440,650,719,-69,0.26,9,sell
9/10,3006,花旗環球,1590,90,5,85,0.33,10,buy
9/10,3006,元大-三民,0039003800390046,26,82,-56,0.21,10,sell
9/10,3006,中國信託-忠孝,6162,109,32,77,0.29,11,buy
9/10,3006,宏遠-高雄,0031003200360051,15,64,-49,0.19,11,sell
9/10,3006,元大-和平,9863,88,19,69,0.26,12,buy
9/10,3006,富邦-新竹,9647,44,87,-43,0.16,12,sell
9/10,3006,港商野村,1560,580,513,67,0.26,13,buy
9/10,3006,國泰-敦南,8888,578,610,-32,0.12,13,sell
9/10,3006,法銀巴黎,8900,57,0,57,0.22,14,buy
9/10,3006,凱基-東港,9212,8,39,-31,0.12,14,sell
9/10,3006,群益金鼎-建成,003900310038004c,73,16,57,0.22,15,buy
9/10,3006,台新-新莊,0039004200310039,39,68,-29,0.11,15,sell
9/10,2379,台灣摩根士丹利,1470,685,179,506,17.88,1,buy
9/10,2379,台灣企銀,1110,0,701,-701,24.77,1,sell
9/10,2379,港商麥格理,1360,230,0,230,8.13,2,buy
9/10,2379,摩根大通,8440,155,279,-124,4.38,2,sell
9/10,2379,花旗環球,1590,50,15,35,1.24,3,buy
9/10,2379,國泰證券,8880,0,99,-99,3.5,3,sell
9/10,2379,香港上海匯豐,8960,25,1,24,0.85,4,buy
9/10,2379,凱基-台北,9268,67,160,-93,3.29,4,sell
9/10,2379,元大-六合,0039003800320043,24,2,22,0.78,5,buy
9/10,2379,元大證券,9800,176,241,-65,2.3,5,sell
9/10,2379,新加坡商瑞銀,1650,83,62,21,0.74,6,buy
9/10,2379,土銀,1030,0,61,-61,2.16,6,sell
9/10,2379,兆豐證券,7000,12,0,12,0.42,7,buy
9/10,2379,美商高盛,1480,119,162,-43,1.52,7,sell
9/10,2379,永豐金-松山,0039004100390031,11,0,11,0.39,8,buy
9/10,2379,國票-敦北法人,0037003700390063,2,32,-30,1.06,8,sell
9/10,2379,永豐金-竹科,0039004100390058,13,2,11,0.39,9,buy
9/10,2379,凱基,9200,11,33,-22,0.78,9,sell
9/10,2379,華南永昌-大安,9307,10,0,10,0.35,10,buy
9/10,2379,第一金-忠孝,0035003300380044,0,15,-15,0.53,10,sell
9/10,2379,兆豐-台中港,7005,9,0,9,0.32,11,buy
9/10,2379,美林,1440,49,62,-13,0.46,11,sell
9/10,2379,國泰-台中,8882,10,2,8,0.28,12,buy
9/10,2379,台灣企銀-竹北,1117,0,6,-6,0.21,12,sell
9/10,2379,富邦-建國,9658,11,4,7,0.25,13,buy
9/10,2379,台新-松德,0039004200320061,2,7,-5,0.18,13,sell
9/10,2379,凱基-竹科,9272,8,1,7,0.25,14,buy
9/10,2379,統一-仁愛,0035003800350063,4,8,-4,0.14,14,sell
9/10,2379,國泰-敦南,8888,32,25,7,0.25,15,buy
9/10,2379,合庫-新竹,0031003000320041,1,5,-4,0.14,15,sell
9/10,3034,港商野村,1560,440,0,440,17.44,1,buy
9/10,3034,統一,5850,0,503,-503,19.94,1,sell
9/10,3034,港商麥格理,1360,295,1,294,11.65,2,buy
9/10,3034,第一金-中山,5389,0,100,-100,3.96,2,sell
9/10,3034,新加坡商瑞銀,1650,231,82,149,5.91,3,buy
9/10,3034,台灣摩根士丹利,1470,253,318,-65,2.58,3,sell
9/10,3034,花旗環球,1590,110,3,107,4.24,4,buy
9/10,3034,台新,0039004200300030,9,66,-57,2.26,4,sell
9/10,3034,美林,1440,98,32,66,2.62,5,buy
9/10,3034,摩根大通,8440,154,202,-48,1.9,5,sell
9/10,3034,元大-大天母,9893,50,0,50,1.98,6,buy
9/10,3034,元大-大益,9814,0,31,-31,1.23,6,sell
9/10,3034,富邦證券,9600,23,0,23,0.91,7,buy
9/10,3034,永豐金-匯立,0039004100380031,0,21,-21,0.83,7,sell
9/10,3034,群益金鼎,9100,65,44,21,0.83,8,buy
9/10,3034,凱基-台北,9268,108,128,-20,0.79,8,sell
9/10,3034,永豐金-竹科,0039004100390058,16,1,15,0.59,9,buy
9/10,3034,凱基,9200,2,20,-18,0.71,9,sell
9/10,3034,亞東-新竹,2184,10,0,10,0.4,10,buy
9/10,3034,美商高盛,1480,128,146,-18,0.71,10,sell
9/10,3034,國票證券,7790,11,1,10,0.4,11,buy
9/10,3034,中國信託,6160,4,19,-15,0.59,11,sell
9/10,3034,法銀巴黎,8900,8,0,8,0.32,12,buy
9/10,3034,兆豐證券,7000,6,19,-13,0.52,12,sell
9/10,3034,富邦-台北,9623,5,0,5,0.2,13,buy
9/10,3034,國泰-敦南,8888,12,21,-9,0.36,13,sell
9/10,3034,國泰-板橋,003800380038004b,15,10,5,0.2,14,buy
9/10,3034,元大證券,9800,125,135,-10,0.4,14,sell
9/10,3034,國泰-松江,8883,6,2,4,0.16,15,buy
9/10,3034,台新-松德,0039004200320061,2,12,-10,0.4,15,sell
9/10,2412,美商高盛,1480,1764,8,1756,24.65,1,buy
9/10,2412,臺銀,1040,1,1338,-1337,18.77,1,sell
9/10,2412,台灣摩根士丹利,1470,930,27,903,12.68,2,buy
9/10,2412,元大證券,9800,29,978,-949,13.32,2,sell
9/10,2412,花旗環球,1590,657,0,657,9.22,3,buy
9/10,2412,美林,1440,45,696,-651,9.14,3,sell
9/10,2412,中國信託,6160,516,0,516,7.24,4,buy
9/10,2412,土銀,1030,0,601,-601,8.44,4,sell
9/10,2412,凱基-台北,9268,631,140,491,6.89,5,buy
9/10,2412,臺銀-臺南,1042,2,103,-101,1.42,5,sell
9/10,2412,摩根大通,8440,697,211,486,6.82,6,buy
9/10,2412,永豐金證券,0039004100300030,0,67,-67,0.94,6,sell
9/10,2412,新加坡商瑞銀,1650,296,3,293,4.11,7,buy
9/10,2412,新光,8560,10,76,-66,0.93,7,sell
9/10,2412,華南永昌,9300,111,7,104,1.46,8,buy
9/10,2412,凱基-站前,0039003200300046,0,61,-61,0.86,8,sell
9/10,2412,港商野村,1560,87,0,87,1.22,9,buy
9/10,2412,富邦-南員林,0039003600310052,0,43,-43,0.6,9,sell
9/10,2412,群益金鼎,9100,79,0,79,1.11,10,buy
9/10,2412,第一金-台南,5384,0,43,-43,0.6,10,sell
9/10,2412,富邦證券,9600,43,0,43,0.6,11,buy
9/10,2412,永豐金-天母,0039004100390047,0,41,-41,0.58,11,sell
9/10,2412,元大-北府,0039003800300044,20,3,17,0.24,12,buy
9/10,2412,福勝,6950,0,32,-32,0.45,12,sell
9/10,2412,元大-文心,9868,17,0,17,0.24,13,buy
9/10,2412,統一-高雄,5851,0,30,-30,0.42,13,sell
9/10,2412,國泰證券,8880,10,0,10,0.14,14,buy
9/10,2412,元大-大益,9814,0,27,-27,0.38,14,sell
9/10,2412,富邦-竹北,9624,10,1,9,0.13,15,buy
9/10,2412,富邦-南屯,9666,5,31,-26,0.37,15,sell
9/10,2409,富邦證券,9600,12131,1578,10553,2.12,1,buy
9/10,2409,美林,1440,4686,11372,-6686,1.35,1,sell
9/10,2409,美商高盛,1480,28149,20189,7960,1.6,2,buy
9/10,2409,凱基-台北,9268,23034,29517,-6483,1.3,2,sell
9/10,2409,元大證券,9800,43072,36266,6806,1.37,3,buy
9/10,2409,元大-竹科,003900380030004b,1505,2774,-1269,0.26,3,sell
9/10,2409,永豐金證券,0039004100300030,11672,6349,5323,1.07,4,buy
9/10,2409,元大-南京,9862,1440,2588,-1148,0.23,4,sell
9/10,2409,港商麥格理,1360,2985,43,2942,0.59,5,buy
9/10,2409,元大-高雄,003900380031006d,1832,2977,-1145,0.23,5,sell
9/10,2409,新加坡商瑞銀,1650,23245,20582,2663,0.54,6,buy
9/10,2409,國泰-敦南,8888,13963,14983,-1020,0.21,6,sell
9/10,2409,宏遠證券,1260,2102,70,2032,0.41,7,buy
9/10,2409,富邦-三重,9677,839,1580,-741,0.15,7,sell
9/10,2409,凱基-桃園,9208,2452,582,1870,0.38,8,buy
9/10,2409,兆豐-台中港,7005,479,1148,-669,0.13,8,sell
9/10,2409,摩根大通,8440,10742,9409,1333,0.27,9,buy
9/10,2409,元大-木柵,003900380033004d,602,1249,-647,0.13,9,sell
9/10,2409,台新,0039004200300030,3514,2616,898,0.18,10,buy
9/10,2409,華南永昌-頭份,9343,226,794,-568,0.11,10,sell
9/10,2409,凱基,9200,937,126,811,0.16,11,buy
9/10,2409,台新-世貿,0039004200320075,105,661,-556,0.11,11,sell
9/10,2409,福勝,6950,1140,382,758,0.15,12,buy
9/10,2409,凱基-台南,9211,499,1048,-549,0.11,12,sell
9/10,2409,新光,8560,4760,4225,535,0.11,13,buy
9/10,2409,國泰證券,8880,532,1070,-538,0.11,13,sell
9/10,2409,凱基-科園,9254,780,307,473,0.1,14,buy
9/10,2409,國票-北高雄,003700370039004a,130,666,-536,0.11,14,sell
9/10,2409,統一-三多,0035003800350051,556,97,459,0.09,15,buy
9/10,2409,凱基-林口,9257,1641,2158,-517,0.1,15,sell
9/10,2886,台灣摩根士丹利,1470,3887,295,3592,17.2,1,buy
9/10,2886,永豐金證券,0039004100300030,149,5439,-5290,25.32,1,sell
9/10,2886,港商野村,1560,2023,10,2013,9.64,2,buy
9/10,2886,美林,1440,177,4177,-4000,19.15,2,sell
9/10,2886,美商高盛,1480,3748,1948,1800,8.62,3,buy
9/10,2886,富邦證券,9600,161,1238,-1077,5.16,3,sell
9/10,2886,摩根大通,8440,3159,1521,1638,7.84,4,buy
9/10,2886,凱基-台北,9268,781,1500,-719,3.44,4,sell
9/10,2886,兆豐證券,7000,1168,28,1140,5.46,5,buy
9/10,2886,元大證券,9800,1122,1327,-205,0.98,5,sell
9/10,2886,新加坡商瑞銀,1650,1062,506,556,2.66,6,buy
9/10,2886,法銀巴黎,8900,0,120,-120,0.57,6,sell
9/10,2886,群益金鼎,9100,320,42,278,1.33,7,buy
9/10,2886,玉山證券,8840,91,202,-111,0.53,7,sell
9/10,2886,新光,8560,62,19,43,0.21,8,buy
9/10,2886,元大-淡水,9899,1,71,-70,0.34,8,sell
9/10,2886,富邦-新店,9661,48,11,37,0.18,9,buy
9/10,2886,香港上海匯豐,8960,0,55,-55,0.26,9,sell
9/10,2886,元大-四維,9831,35,1,34,0.16,10,buy
9/10,2886,元大-桃園,0039003800380042,4,46,-42,0.2,10,sell
9/10,2886,國泰證券,8880,34,1,33,0.16,11,buy
9/10,2886,永豐金-中正,0039004100390055,11,52,-41,0.2,11,sell
9/10,2886,國泰-敦南,8888,75,45,30,0.14,12,buy
9/10,2886,元大-三重,0039003800380043,0,40,-40,0.19,12,sell
9/10,2886,元大-永春,9852,28,0,28,0.13,13,buy
9/10,2886,元大-新竹經國,9859,1,36,-35,0.17,13,sell
9/10,2886,玉山-城中,0038003800340045,27,0,27,0.13,14,buy
9/10,2886,兆豐-中壢,0037003000300062,0,35,-35,0.17,14,sell
9/10,2886,國泰-館前,0038003800380041,31,4,27,0.13,15,buy
9/10,2886,台新-高雄,0039004200310067,54,88,-34,0.16,15,sell
9/10,2892,新光,8560,5661,52,5609,19.29,1,buy
9/10,2892,國泰證券,8880,22,6164,-6142,21.12,1,sell
9/10,2892,台灣摩根士丹利,1470,5176,625,4551,15.65,2,buy
9/10,2892,元大-民生三民,0039003800390058,0,3480,-3480,11.97,2,sell
9/10,2892,美商高盛,1480,2886,499,2387,8.21,3,buy
9/10,2892,永豐金證券,0039004100300030,77,1257,-1180,4.06,3,sell
9/10,2892,港商野村,1560,1903,0,1903,6.54,4,buy
9/10,2892,凱基-台北,9268,1808,2695,-887,3.05,4,sell
9/10,2892,摩根大通,8440,2969,1947,1022,3.51,5,buy
9/10,2892,永豐金-敦北,0039004100380039,33,882,-849,2.92,5,sell
9/10,2892,花旗環球,1590,1055,93,962,3.31,6,buy
9/10,2892,美林,1440,521,1210,-689,2.37,6,sell
9/10,2892,新加坡商瑞銀,1650,1377,837,540,1.86,7,buy
9/10,2892,華南永昌-岡山,9324,0,501,-501,1.72,7,sell
9/10,2892,群益金鼎,9100,416,106,310,1.07,8,buy
9/10,2892,陽信-石牌,8711,1,459,-458,1.58,8,sell
9/10,2892,富邦證券,9600,250,0,250,0.86,9,buy
9/10,2892,土銀,1030,15,462,-447,1.54,9,sell
9/10,2892,富邦-仁愛,9676,154,16,138,0.47,10,buy
9/10,2892,元大-大益,9814,1,103,-102,0.35,10,sell
9/10,2892,兆豐-嘉義,7001,127,10,117,0.4,11,buy
9/10,2892,元大-六合,0039003800320043,3,104,-101,0.35,11,sell
9/10,2892,臺銀,1040,101,0,101,0.35,12,buy
9/10,2892,華南永昌-世貿,9334,0,100,-100,0.34,12,sell
9/10,2892,群益金鼎-瑞豐,0039003100380075,71,10,61,0.21,13,buy
9/10,2892,台新-台中,0039004200310068,9,103,-94,0.32,13,sell
9/10,2892,永豐金-匯立,0039004100380031,60,0,60,0.21,14,buy
9/10,2892,第一金-中山,5389,10,104,-94,0.32,14,sell
9/10,2892,統一,5850,62,7,55,0.19,15,buy
9/10,2892,法銀巴黎,8900,0,86,-86,0.3,15,sell
9/10,2883,台灣摩根士丹利,1470,7480,1342,6138,15.48,1,buy
9/10,2883,港商野村,1560,461,4722,-4261,10.75,1,sell
9/10,2883,永豐金-匯立,0039004100380031,5354,0,5354,13.51,2,buy
9/10,2883,凱基-雙和,0039003200300043,6,1297,-1291,3.26,2,sell
9/10,2883,摩根大通,8440,7400,2953,4447,11.22,3,buy
9/10,2883,富邦證券,9600,467,1359,-892,2.25,3,sell
9/10,2883,新加坡商瑞銀,1650,2570,896,1674,4.22,4,buy
9/10,2883,華南永昌-敦南,9347,7,707,-700,1.77,4,sell
9/10,2883,美林,1440,1850,425,1425,3.59,5,buy
9/10,2883,元大證券,9800,2495,3174,-679,1.71,5,sell
9/10,2883,美商高盛,1480,2532,1351,1181,2.98,6,buy
9/10,2883,凱基-台北,9268,1470,2018,-548,1.38,6,sell
9/10,2883,富邦-新板,0039003600310048,601,8,593,1.5,7,buy
9/10,2883,安泰-大發,8381,1,335,-334,0.84,7,sell
9/10,2883,群益金鼎,9100,963,592,371,0.94,8,buy
9/10,2883,兆豐-桃園,003700300030004d,0,308,-308,0.78,8,sell
9/10,2883,玉山證券,8840,248,34,214,0.54,9,buy
9/10,2883,兆豐-北高雄,0037003000300049,6,286,-280,0.71,9,sell
9/10,2883,華南永昌-台南,9306,203,5,198,0.5,10,buy
9/10,2883,兆豐-台中港,7005,17,275,-258,0.65,10,sell
9/10,2883,德信-新營,6913,50,0,50,0.13,11,buy
9/10,2883,陽信-石牌,8711,0,214,-214,0.54,11,sell
9/10,2883,第一金-嘉義,003500330038004d,103,57,46,0.12,12,buy
9/10,2883,富邦-陽明,9604,204,418,-214,0.54,12,sell
9/10,2883,台新-緯城,0039004200320041,50,5,45,0.11,13,buy
9/10,2883,國泰-敦南,8888,163,371,-208,0.52,13,sell
9/10,2883,兆豐-南門,0037003000300067,34,2,32,0.08,14,buy
9/10,2883,元大-楊梅,0039003800370041,9,212,-203,0.51,14,sell
9/10,2883,玉山-台中,0038003800340042,38,9,29,0.07,15,buy
9/10,2883,永豐金-高雄,0039004100390065,2,172,-170,0.43,15,sell
9/10,0056,元大證券,9800,1184,325,859,5.9,1,buy
9/10,0056,凱基-台北,9268,258,1777,-1519,10.43,1,sell
9/10,0056,國泰證券,8880,703,0,703,4.83,2,buy
9/10,0056,臺銀,1040,71,1067,-996,6.84,2,sell
9/10,0056,台灣摩根士丹利,1470,615,5,610,4.19,3,buy
9/10,0056,永豐金-忠孝,0039004100390044,3,268,-265,1.82,3,sell
9/10,0056,摩根大通,8440,253,0,253,1.74,4,buy
9/10,0056,永豐金-敦北,0039004100380039,2,140,-138,0.95,4,sell
9/10,0056,富邦證券,9600,296,49,247,1.7,5,buy
9/10,0056,新光,8560,61,170,-109,0.75,5,sell
9/10,0056,合庫證券,1020,171,46,125,0.86,6,buy
9/10,0056,元大-鹿港,0039003800390053,10,91,-81,0.56,6,sell
9/10,0056,凱基,9200,130,5,125,0.86,7,buy
9/10,0056,合庫-自強,0031003000320043,10,91,-81,0.56,7,sell
9/10,0056,華南永昌-中正,9359,103,0,103,0.71,8,buy
9/10,0056,富邦-屏東,0039003600310059,9,86,-77,0.53,8,sell
9/10,0056,元大-中崙,9813,103,2,101,0.69,9,buy
9/10,0056,永豐金-桃園,0039004100390078,24,100,-76,0.52,9,sell
9/10,0056,凱基-中山,9229,111,16,95,0.65,10,buy
9/10,0056,群益金鼎-中山,0039003100380048,1,74,-73,0.5,10,sell
9/10,0056,第一金-高雄,5383,123,37,86,0.59,11,buy
9/10,0056,元大-竹北,0039003800310042,8,79,-71,0.49,11,sell
9/10,0056,兆豐-北高雄,0037003000300049,115,36,79,0.54,12,buy
9/10,0056,兆豐-嘉義,7001,15,81,-66,0.45,12,sell
9/10,0056,元大-豐原站前,0039003800390057,78,3,75,0.52,13,buy
9/10,0056,永豐金-台南,0039004100390068,10,73,-63,0.43,13,sell
9/10,0056,國泰-館前,0038003800380041,117,64,53,0.36,14,buy
9/10,0056,群益金鼎-丹鳳,0039003100380073,2,61,-59,0.41,14,sell
9/10,0056,富邦-永和,9654,86,33,53,0.36,15,buy
9/10,0056,元大-成功,003900380039004c,11,70,-59,0.41,15,sell
9/10,1815,國泰證券,8880,11376,62,11314,25.77,1,buy
9/10,1815,摩根大通,8440,1139,7439,-6300,14.35,1,sell
9/10,1815,台中銀-豐原,0036003100310041,527,14,513,1.17,2,buy
9/10,1815,美商高盛,1480,0,1756,-1756,4.0,2,sell
9/10,1815,台新-建北,0039004200310038,514,71,443,1.01,3,buy
9/10,1815,台灣摩根士丹利,1470,0,1692,-1692,3.85,3,sell
9/10,1815,富邦-嘉義,9692,257,39,218,0.5,4,buy
9/10,1815,凱基-台北,9268,2313,3728,-1415,3.22,4,sell
9/10,1815,中國信託-中壢,0036003100360041,237,36,201,0.46,5,buy
9/10,1815,新加坡商瑞銀,1650,2,674,-672,1.53,5,sell
9/10,1815,香港上海匯豐,8960,205,11,194,0.44,6,buy
9/10,1815,元大-信義安和,0039003800300052,1,671,-670,1.53,6,sell
9/10,1815,富邦-建國,9658,236,48,188,0.43,7,buy
9/10,1815,美林,1440,331,937,-606,1.38,7,sell
9/10,1815,凱基-高雄,9206,221,54,167,0.38,8,buy
9/10,1815,康和,8450,15,497,-482,1.1,8,sell
9/10,1815,永豐金證券,0039004100300030,445,303,142,0.32,9,buy
9/10,1815,港商麥格理,1360,0,283,-283,0.64,9,sell
9/10,1815,凱基-站前,0039003200300046,240,123,117,0.27,10,buy
9/10,1815,群益金鼎-館前,0039003100330059,32,314,-282,0.64,10,sell
9/10,1815,國票-中和,0037003700390058,126,11,115,0.26,11,buy
9/10,1815,元大-南勢角,0039003800340045,3,205,-202,0.46,11,sell
9/10,1815,國泰-敦南,8888,993,889,104,0.24,12,buy
9/10,1815,元大-台北,0039003800300068,38,228,-190,0.43,12,sell
9/10,1815,凱基-員林,9231,106,6,100,0.23,13,buy
9/10,1815,富邦-台北,9623,104,272,-168,0.38,13,sell
9/10,1815,凱基-信義,9216,107,18,89,0.2,14,buy
9/10,1815,凱基-城中,9227,135,298,-163,0.37,14,sell
9/10,1815,富邦-南京,0039003600310043,109,22,87,0.2,15,buy
9/10,1815,統一,5850,232,393,-161,0.37,15,sell
9/10,5880,台灣摩根士丹利,1470,1361,106,1255,10.32,1,buy
9/10,5880,凱基-台北,9268,105,1140,-1035,8.51,1,sell
9/10,5880,港商麥格理,1360,1099,0,1099,9.04,2,buy
9/10,5880,摩根大通,8440,1175,1646,-471,3.87,2,sell
9/10,5880,港商野村,1560,1066,0,1066,8.77,3,buy
9/10,5880,元大證券,9800,403,867,-464,3.82,3,sell
9/10,5880,新加坡商瑞銀,1650,1469,690,779,6.41,4,buy
9/10,5880,富邦-羅東,9634,1,454,-453,3.73,4,sell
9/10,5880,群益金鼎-新莊,0039003100380047,548,0,548,4.51,5,buy
9/10,5880,永豐金證券,0039004100300030,13,394,-381,3.13,5,sell
9/10,5880,花旗環球,1590,525,53,472,3.88,6,buy
9/10,5880,土銀,1030,1,248,-247,2.03,6,sell
9/10,5880,德信,6910,336,0,336,2.76,7,buy
9/10,5880,美林,1440,75,308,-233,1.92,7,sell
9/10,5880,美商高盛,1480,1320,1100,220,1.81,8,buy
9/10,5880,福勝,6950,0,204,-204,1.68,8,sell
9/10,5880,土銀-嘉義,1034,170,0,170,1.4,9,buy
9/10,5880,元大-左營,0039003800390044,2,152,-150,1.23,9,sell
9/10,5880,富邦證券,9600,158,3,155,1.27,10,buy
9/10,5880,國泰-敦南,8888,29,172,-143,1.18,10,sell
9/10,5880,康和,8450,125,0,125,1.03,11,buy
9/10,5880,凱基-汐止,9226,0,104,-104,0.86,11,sell
9/10,5880,玉山-大里,003800380034004a,101,0,101,0.83,12,buy
9/10,5880,群益金鼎-延平,0039003100380078,2,101,-99,0.81,12,sell
9/10,5880,兆豐-台中港,7005,78,2,76,0.63,13,buy
9/10,5880,華南永昌-鳳山,9331,3,87,-84,0.69,13,sell
9/10,5880,元大-屏南,0039003800310072,70,0,70,0.58,14,buy
9/10,5880,凱基-湖口,003900320030004e,0,82,-82,0.67,14,sell
9/10,5880,台新-台北,0039004200320030,51,0,51,0.42,15,buy
9/10,5880,統一-中壢,5853,0,80,-80,0.66,15,sell
9/10,2887,第一金,5380,5903,3,5900,15.31,1,buy
9/10,2887,美商高盛,1480,869,4604,-3735,9.69,1,sell
9/10,2887,(牛牛牛)亞證券,6010,3650,0,3650,9.47,2,buy
9/10,2887,凱基-台北,9268,720,4056,-3336,8.66,2,sell
9/10,2887,統一,5850,1629,145,1484,3.85,3,buy
9/10,2887,美林,1440,209,3389,-3180,8.25,3,sell
9/10,2887,港商野村,1560,1326,157,1169,3.03,4,buy
9/10,2887,摩根大通,8440,2458,4840,-2382,6.18,4,sell
9/10,2887,元大證券,9800,2960,2275,685,1.78,5,buy
9/10,2887,新加坡商瑞銀,1650,585,2910,-2325,6.03,5,sell
9/10,2887,富邦證券,9600,573,5,568,1.47,6,buy
9/10,2887,台灣摩根士丹利,1470,530,2768,-2238,5.81,6,sell
9/10,2887,玉山證券,8840,580,25,555,1.44,7,buy
9/10,2887,永豐金-新莊,0039004100390048,11,500,-489,1.27,7,sell
9/10,2887,花旗環球,1590,663,296,367,0.95,8,buy
9/10,2887,玉山-景美,8849,21,320,-299,0.78,8,sell
9/10,2887,群益金鼎,9100,539,198,341,0.88,9,buy
9/10,2887,元大-雙和,9874,6,254,-248,0.64,9,sell
9/10,2887,永豐金證券,0039004100300030,916,673,243,0.63,10,buy
9/10,2887,兆豐-公益,003700300030004a,9,214,-205,0.53,10,sell
9/10,2887,國泰-板橋,003800380038004b,264,58,206,0.53,11,buy
9/10,2887,第一金-中山,5389,0,200,-200,0.52,11,sell
9/10,2887,國泰-高雄,8881,241,45,196,0.51,12,buy
9/10,2887,台新-城東,0039004200320072,4,162,-158,0.41,12,sell
9/10,2887,永豐金-板盛,0039004100390059,165,20,145,0.38,13,buy
9/10,2887,法銀巴黎,8900,39,190,-151,0.39,13,sell
9/10,2887,富邦-和美,0039003600310050,153,33,120,0.31,14,buy
9/10,2887,元大-屏東民生,0039003800310068,4,125,-121,0.31,14,sell
9/10,2887,玉山-大里,003800380034004a,151,35,116,0.3,15,buy
9/10,2887,兆豐-南門,0037003000300067,5,103,-98,0.25,15,sell
9/10,0050,國泰證券,8880,2568,7,2561,5.6,1,buy
9/10,0050,元大證券,9800,3263,9748,-6485,14.17,1,sell
9/10,0050,台灣摩根士丹利,1470,1919,62,1857,4.06,2,buy
9/10,0050,大和國泰,8890,0,4600,-4600,10.05,2,sell
9/10,0050,凱基,9200,937,0,937,2.05,3,buy
9/10,0050,凱基-台北,9268,603,3514,-2911,6.36,3,sell
9/10,0050,國泰-敦南,8888,1817,1196,621,1.36,4,buy
9/10,0050,法銀巴黎,8900,0,1468,-1468,3.21,4,sell
9/10,0050,兆豐-鹿港,0037003000300066,624,8,616,1.35,5,buy
9/10,0050,永豐金證券,0039004100300030,573,1894,-1321,2.89,5,sell
9/10,0050,富邦證券,9600,1030,423,607,1.33,6,buy
9/10,0050,國票證券,7790,29,636,-607,1.33,6,sell
9/10,0050,新加坡商瑞銀,1650,1273,822,451,0.99,7,buy
9/10,0050,中國信託,6160,1231,1567,-336,0.73,7,sell
9/10,0050,台新,0039004200300030,1182,823,359,0.78,8,buy
9/10,0050,富邦-竹科,0039003600320043,41,219,-178,0.39,8,sell
9/10,0050,合庫證券,1020,379,30,349,0.76,9,buy
9/10,0050,大昌,6460,24,156,-132,0.29,9,sell
9/10,0050,國泰-板橋,003800380038004b,345,157,188,0.41,10,buy
9/10,0050,康和,8450,149,269,-120,0.26,10,sell
9/10,0050,永豐金-台南,0039004100390068,231,65,166,0.36,11,buy
9/10,0050,群益金鼎-嘉義,003900310038004d,33,148,-115,0.25,11,sell
9/10,0050,永豐金-中和,0039004100390042,200,53,147,0.32,12,buy
9/10,0050,元大-館前,003900380034004b,41,155,-114,0.25,12,sell
9/10,0050,台新-板橋,0039004200320062,152,10,142,0.31,13,buy
9/10,0050,兆豐-民生,0037003000300063,16,111,-95,0.21,13,sell
9/10,0050,玉山-數位,003800380034004d,265,133,132,0.29,14,buy
9/10,0050,玉山-信義,0038003800340043,52,126,-74,0.16,14,sell
9/10,0050,玉山證券,8840,302,177,125,0.27,15,buy
9/10,0050,永豐金-市政,0039004100390057,94,166,-72,0.16,15,sell
9/10,3045,摩根大通,8440,613,116,497,12.06,1,buy
9/10,3045,元大證券,9800,314,557,-243,5.9,1,sell
9/10,3045,台灣摩根士丹利,1470,487,82,405,9.83,2,buy
9/10,3045,永豐金證券,0039004100300030,0,242,-242,5.87,2,sell
9/10,3045,合庫-高雄,1023,177,0,177,4.3,3,buy
9/10,3045,第一金,5380,0,205,-205,4.98,3,sell
9/10,3045,新加坡商瑞銀,1650,165,6,159,3.86,4,buy
9/10,3045,群益金鼎,9100,2,188,-186,4.51,4,sell
9/10,3045,美商高盛,1480,422,310,112,2.72,5,buy
9/10,3045,凱基-松山,9217,0,135,-135,3.28,5,sell
9/10,3045,兆豐-公益,003700300030004a,69,0,69,1.67,6,buy
9/10,3045,台新,0039004200300030,3,114,-111,2.69,6,sell
9/10,3045,元大-崇德,0039003800310053,61,0,61,1.48,7,buy
9/10,3045,宏遠證券,1260,0,64,-64,1.55,7,sell
9/10,3045,華南永昌,9300,50,0,50,1.21,8,buy
9/10,3045,元大-永康,9829,0,41,-41,1.0,8,sell
9/10,3045,凱基-台北,9268,140,92,48,1.17,9,buy
9/10,3045,台灣企銀,1110,0,40,-40,0.97,9,sell
9/10,3045,富邦-建國,9658,41,0,41,1.0,10,buy
9/10,3045,凱基-東港,9212,0,39,-39,0.95,10,sell
9/10,3045,兆豐-桃園,003700300030004d,294,254,40,0.97,11,buy
9/10,3045,元大-竹科,003900380030004b,0,21,-21,0.51,11,sell
9/10,3045,法銀巴黎,8900,33,0,33,0.8,12,buy
9/10,3045,凱基-高雄,9206,0,17,-17,0.41,12,sell
9/10,3045,港商野村,1560,27,0,27,0.66,13,buy
9/10,3045,新光,8560,0,16,-16,0.39,13,sell
9/10,3045,富邦證券,9600,27,0,27,0.66,14,buy
9/10,3045,台新-宜蘭,0039004200320055,0,15,-15,0.36,14,sell
9/10,3045,聯邦-三重,8585,20,0,20,0.49,15,buy
9/10,3045,富邦-新店,9661,2,15,-13,0.32,15,sell
9/10,1301,美林,1440,1001,387,614,2.79,1,buy
9/10,1301,富邦證券,9600,257,2864,-2607,11.85,1,sell
9/10,1301,元大-北投,0039003800390041,512,1,511,2.32,2,buy
9/10,1301,統一,5850,15,2603,-2588,11.77,2,sell
9/10,1301,群益金鼎-竹南,0039003100380069,294,63,231,1.05,3,buy
9/10,1301,凱基-台北,9268,674,2207,-1533,6.97,3,sell
9/10,1301,臺銀,1040,225,0,225,1.02,4,buy
9/10,1301,元大證券,9800,606,1564,-958,4.36,4,sell
9/10,1301,聯邦-台南,8588,211,1,210,0.95,5,buy
9/10,1301,美商高盛,1480,656,1467,-811,3.69,5,sell
9/10,1301,統一-城中,5854,213,26,187,0.85,6,buy
9/10,1301,台灣摩根士丹利,1470,661,1302,-641,2.91,6,sell
9/10,1301,第一金-自由,0035003300380045,140,5,135,0.61,7,buy
9/10,1301,港商野村,1560,0,555,-555,2.52,7,sell
9/10,1301,元大-竹山,0039003800310052,133,0,133,0.6,8,buy
9/10,1301,摩根大通,8440,1184,1504,-320,1.45,8,sell
9/10,1301,台新-五權西,0039004200320035,138,8,130,0.59,9,buy
9/10,1301,新加坡商瑞銀,1650,599,846,-247,1.12,9,sell
9/10,1301,凱基-松山,9217,130,1,129,0.59,10,buy
9/10,1301,永豐金證券,0039004100300030,88,212,-124,0.56,10,sell
9/10,1301,台新-宜蘭,0039004200320055,123,0,123,0.56,11,buy
9/10,1301,國票證券,7790,22,122,-100,0.45,11,sell
9/10,1301,永豐金-新莊,0039004100390048,124,2,122,0.55,12,buy
9/10,1301,亞東-新竹,2184,111,184,-73,0.33,12,sell
9/10,1301,新光-台中,8561,125,5,120,0.55,13,buy
9/10,1301,台新-永和,0039004200320042,1,74,-73,0.33,13,sell
9/10,1301,國泰-敦南,8888,248,135,113,0.51,14,buy
9/10,1301,永豐金-竹科,0039004100390058,12,75,-63,0.29,14,sell
9/10,1301,元大-中崙,9813,113,1,112,0.51,15,buy
9/10,1301,群益金鼎-土城,003900310033004e,5,50,-45,0.2,15,sell
9/10,2880,永豐金-匯立,0039004100380031,1700,0,1700,13.02,1,buy
9/10,2880,永豐金-敦北,0039004100380039,0,855,-855,6.55,1,sell
9/10,2880,新加坡商瑞銀,1650,1781,271,1510,11.57,2,buy
9/10,2880,土銀,1030,0,496,-496,3.8,2,sell
9/10,2880,台灣摩根士丹利,1470,1976,715,1261,9.66,3,buy
9/10,2880,法銀巴黎,8900,0,438,-438,3.35,3,sell
9/10,2880,港商野村,1560,438,2,436,3.34,4,buy
9/10,2880,花旗環球,1590,139,553,-414,3.17,4,sell
9/10,2880,凱基-台北,9268,1738,1309,429,3.29,5,buy
9/10,2880,玉山證券,8840,95,509,-414,3.17,5,sell
9/10,2880,新光-桃園,8565,200,5,195,1.49,6,buy
9/10,2880,元大證券,9800,350,722,-372,2.85,6,sell
9/10,2880,摩根大通,8440,1645,1505,140,1.07,7,buy
9/10,2880,美商高盛,1480,795,1081,-286,2.19,7,sell
9/10,2880,富邦證券,9600,119,2,117,0.9,8,buy
9/10,2880,永豐金證券,0039004100300030,135,345,-210,1.61,8,sell
9/10,2880,富邦-三重,9677,50,4,46,0.35,9,buy
9/10,2880,美林,1440,573,686,-113,0.87,9,sell
9/10,2880,玉山-台中,0038003800340042,23,1,22,0.17,10,buy
9/10,2880,合庫-鳳山,1029,0,100,-100,0.77,10,sell
9/10,2880,臺銀,1040,20,2,18,0.14,11,buy
9/10,2880,元大-新營,9825,1,101,-100,0.77,11,sell
9/10,2880,元大-新竹,9816,12,1,11,0.08,12,buy
9/10,2880,港商麥格理,1360,0,97,-97,0.74,12,sell
9/10,2880,兆豐-小港,0037003000300052,10,0,10,0.08,13,buy
9/10,2880,國票-北高雄,003700370039004a,3,77,-74,0.57,13,sell
9/10,2880,元大-永和,9891,10,0,10,0.08,14,buy
9/10,2880,中國信託-三重,6161,0,62,-62,0.47,14,sell
9/10,2880,富邦-台南,9667,10,1,9,0.07,15,buy
9/10,2880,群益金鼎-海山,9108,0,60,-60,0.46,15,sell
9/10,1326,摩根大通,8440,1419,812,607,2.72,1,buy
9/10,1326,凱基-台北,9268,754,2241,-1487,6.67,1,sell
9/10,1326,台灣摩根士丹利,1470,1510,1173,337,1.51,2,buy
9/10,1326,元大證券,9800,776,1812,-1036,4.65,2,sell
9/10,1326,臺銀,1040,219,13,206,0.92,3,buy
9/10,1326,美商高盛,1480,2347,2870,-523,2.35,3,sell
9/10,1326,美林,1440,364,159,205,0.92,4,buy
9/10,1326,新加坡商瑞銀,1650,501,817,-316,1.42,4,sell
9/10,1326,國泰-敦南,8888,560,425,135,0.61,5,buy
9/10,1326,港商野村,1560,281,509,-228,1.02,5,sell
9/10,1326,元大-復北,9872,123,4,119,0.53,6,buy
9/10,1326,合庫-高雄,1023,2,223,-221,0.99,6,sell
9/10,1326,花旗環球,1590,136,19,117,0.52,7,buy
9/10,1326,富邦-台南,9667,15,223,-208,0.93,7,sell
9/10,1326,元大-館前,003900380034004b,261,154,107,0.48,8,buy
9/10,1326,凱基-和平,9255,6,193,-187,0.84,8,sell
9/10,1326,新光,8560,250,173,77,0.35,9,buy
9/10,1326,國票-敦北法人,0037003700390063,2,143,-141,0.63,9,sell
9/10,1326,康和-高雄,003800340035004a,97,24,73,0.33,10,buy
9/10,1326,富邦證券,9600,588,713,-125,0.56,10,sell
9/10,1326,元大-博愛,0039003800320042,105,35,70,0.31,11,buy
9/10,1326,大展,5050,4,103,-99,0.44,11,sell
9/10,1326,國泰-高雄,8881,69,3,66,0.3,12,buy
9/10,1326,永豐金-匯立,0039004100380031,0,82,-82,0.37,12,sell
9/10,1326,富邦-板橋,9655,124,59,65,0.29,13,buy
9/10,1326,永豐金-市政,0039004100390057,23,103,-80,0.36,13,sell
9/10,1326,國泰-台中,8882,120,55,65,0.29,14,buy
9/10,1326,富邦-竹北,9624,10,88,-78,0.35,14,sell
9/10,1326,富邦-宜蘭,9686,64,5,59,0.26,15,buy
9/10,1326,永豐金證券,0039004100300030,153,231,-78,0.35,15,sell
9/10,6770,大和國泰,8890,10000,0,10000,6.94,1,buy
9/10,6770,國泰-敦南,8888,2994,4957,-1963,1.36,1,sell
9/10,6770,美商高盛,1480,16318,6919,9399,6.52,2,buy
9/10,6770,富邦-永和,9654,397,1303,-906,0.63,2,sell
9/10,6770,台灣摩根士丹利,1470,9434,3114,6320,4.38,3,buy
9/10,6770,台新-台中,0039004200310068,172,685,-513,0.36,3,sell
9/10,6770,新加坡商瑞銀,1650,7031,2062,4969,3.45,4,buy
9/10,6770,國泰-板橋,003800380038004b,280,766,-486,0.34,4,sell
9/10,6770,凱基-站前,0039003200300046,4352,468,3884,2.69,5,buy
9/10,6770,凱基-林口,9257,133,616,-483,0.34,5,sell
9/10,6770,元大證券,9800,12124,8410,3714,2.58,6,buy
9/10,6770,新光,8560,725,1203,-478,0.33,6,sell
9/10,6770,富邦證券,9600,3658,886,2772,1.92,7,buy
9/10,6770,永豐金-大園,0039004100390038,54,520,-466,0.32,7,sell
9/10,6770,港商野村,1560,2428,183,2245,1.56,8,buy
9/10,6770,國泰-台中,8882,394,858,-464,0.32,8,sell
9/10,6770,凱基-台北,9268,8919,7688,1231,0.85,9,buy
9/10,6770,元大-岡山,0039003800350046,59,510,-451,0.31,9,sell
9/10,6770,永豐金證券,0039004100300030,1843,689,1154,0.8,10,buy
9/10,6770,元大-新莊,9898,457,899,-442,0.31,10,sell
9/10,6770,花旗環球,1590,837,17,820,0.57,11,buy
9/10,6770,國票-中和,0037003700390058,116,513,-397,0.28,11,sell
9/10,6770,摩根大通,8440,2266,1701,565,0.39,12,buy
9/10,6770,國泰-館前,0038003800380041,234,597,-363,0.25,12,sell
9/10,6770,凱基,9200,451,26,425,0.29,13,buy
9/10,6770,元大-中壢,9834,326,682,-356,0.25,13,sell
9/10,6770,永豐金-台中,003900410039004c,643,343,300,0.21,14,buy
9/10,6770,玉山-新竹,0038003800340048,356,695,-339,0.24,14,sell
9/10,6770,法銀巴黎,8900,219,42,177,0.12,15,buy
9/10,6770,富邦-板橋,9655,269,563,-294,0.2,15,sell
9/10,2845,美商高盛,1480,1280,287,993,11.68,1,buy
9/10,2845,群益金鼎,9100,152,2223,-2071,24.36,1,sell
9/10,2845,國票-北高雄,003700370039004a,400,0,400,4.7,2,buy
9/10,2845,港商野村,1560,0,757,-757,8.9,2,sell
9/10,2845,台灣摩根士丹利,1470,686,417,269,3.16,3,buy
9/10,2845,凱基-台北,9268,714,909,-195,2.29,3,sell
9/10,2845,華南永昌-新莊,9305,220,0,220,2.59,4,buy
9/10,2845,玉山證券,8840,0,151,-151,1.78,4,sell
9/10,2845,新光-台中,8561,150,3,147,1.73,5,buy
9/10,2845,元大-竹南,0039003800330056,0,150,-150,1.76,5,sell
9/10,2845,新光-桃園,8565,130,11,119,1.4,6,buy
9/10,2845,兆豐-南門,0037003000300067,0,101,-101,1.19,6,sell
9/10,2845,元大-新店中正,0039003800340043,111,0,111,1.31,7,buy
9/10,2845,台新-城東,0039004200320072,0,100,-100,1.18,7,sell
9/10,2845,玉山-雙和,8841,108,0,108,1.27,8,buy
9/10,2845,元大-大同,0039003800390047,1,100,-99,1.16,8,sell
9/10,2845,富邦-仁愛,9676,106,0,106,1.25,9,buy
9/10,2845,富邦-建國,9658,4,101,-97,1.14,9,sell
9/10,2845,元大-太平,0039003800310051,102,14,88,1.04,10,buy
9/10,2845,兆豐-竹北,7007,0,90,-90,1.06,10,sell
9/10,2845,國泰-桃園,8885,120,35,85,1.0,11,buy
9/10,2845,亞東-板橋,2181,9,90,-81,0.95,11,sell
9/10,2845,新光,8560,104,21,83,0.98,12,buy
9/10,2845,永豐金證券,0039004100300030,8,68,-60,0.71,12,sell
9/10,2845,花旗環球,1590,92,9,83,0.98,13,buy
9/10,2845,台新-高雄,0039004200310067,194,253,-59,0.69,13,sell
9/10,2845,華南永昌-東勢,9358,80,0,80,0.94,14,buy
9/10,2845,中國信託-高雄,003600310036004b,1,48,-47,0.55,14,sell
9/10,2845,富邦-敦南,9663,58,0,58,0.68,15,buy
9/10,2845,新光-高雄,8562,8,52,-44,0.52,15,sell
9/10,2889,台灣摩根士丹利,1470,2132,807,1325,10.06,1,buy
9/10,2889,新加坡商瑞銀,1650,189,2071,-1882,14.29,1,sell
9/10,2889,福邦-新竹,6489,750,0,750,5.69,2,buy
9/10,2889,兆豐-南京,0037003000300050,0,1350,-1350,10.25,2,sell
9/10,2889,台新-台中,0039004200310068,615,1,614,4.66,3,buy
9/10,2889,港商野村,1560,0,1288,-1288,9.78,3,sell
9/10,2889,元大-雙和,9874,603,0,603,4.58,4,buy
9/10,2889,摩根大通,8440,324,1323,-999,7.58,4,sell
9/10,2889,國泰-板橋,003800380038004b,574,45,529,4.02,5,buy
9/10,2889,美商高盛,1480,946,1922,-976,7.41,5,sell
9/10,2889,富邦-永康,003900360031005a,500,0,500,3.8,6,buy
9/10,2889,凱基-台北,9268,153,1084,-931,7.07,6,sell
9/10,2889,新光-台中,8561,315,5,310,2.35,7,buy
9/10,2889,群益金鼎-館前,0039003100330059,0,200,-200,1.52,7,sell
9/10,2889,元大-北投,0039003800390041,167,0,167,1.27,8,buy
9/10,2889,玉山-高雄,8843,56,234,-178,1.35,8,sell
9/10,2889,花旗環球,1590,171,7,164,1.25,9,buy
9/10,2889,凱基-三重,9205,12,171,-159,1.21,9,sell
9/10,2889,台新-西松,003900420032006e,150,0,150,1.14,10,buy
9/10,2889,凱基-竹科,9272,1,135,-134,1.02,10,sell
9/10,2889,凱基-嘉義,9252,132,0,132,1.0,11,buy
9/10,2889,富邦-新營,9693,5,130,-125,0.95,11,sell
9/10,2889,元大-崇德,0039003800310053,128,1,127,0.96,12,buy
9/10,2889,兆豐-鹿港,0037003000300066,0,105,-105,0.8,12,sell
9/10,2889,國泰-敦南,8888,149,27,122,0.93,13,buy
9/10,2889,國泰-台南,8884,3,104,-101,0.77,13,sell
9/10,2889,玉山-板橋,8846,110,0,110,0.84,14,buy
9/10,2889,統一-基隆,0035003800350041,0,100,-100,0.76,14,sell
9/10,2889,華南永昌-民權,9312,110,0,110,0.84,15,buy
9/10,2889,美林,1440,0,98,-98,0.74,15,sell
9/10,3231,國泰證券,8880,1958,35,1923,2.17,1,buy
9/10,3231,美商高盛,1480,2461,16174,-13713,15.49,1,sell
9/10,3231,凱基-長庚,9233,1782,6,1776,2.01,2,buy
9/10,3231,新加坡商瑞銀,1650,1746,7429,-5683,6.42,2,sell
9/10,3231,兆豐-中壢,0037003000300062,1305,0,1305,1.47,3,buy
9/10,3231,台灣摩根士丹利,1470,1834,5414,-3580,4.04,3,sell
9/10,3231,美林,1440,3987,3075,912,1.03,4,buy
9/10,3231,元大證券,9800,8096,11283,-3187,3.6,4,sell
9/10,3231,國泰-敦南,8888,1501,654,847,0.96,5,buy
9/10,3231,港商野村,1560,471,2660,-2189,2.47,5,sell
9/10,3231,台新,0039004200300030,966,122,844,0.95,6,buy
9/10,3231,摩根大通,8440,3827,5667,-1840,2.08,6,sell
9/10,3231,富邦-仁愛,9676,722,26,696,0.79,7,buy
9/10,3231,花旗環球,1590,410,2236,-1826,2.06,7,sell
9/10,3231,中國信託-新竹,6165,569,7,562,0.63,8,buy
9/10,3231,凱基-台北,9268,3241,4917,-1676,1.89,8,sell
9/10,3231,元大-向上,9824,542,47,495,0.56,9,buy
9/10,3231,港商麥格理,1360,4,1504,-1500,1.69,9,sell
9/10,3231,新光,8560,617,222,395,0.45,10,buy
9/10,3231,凱基-站前,0039003200300046,122,1132,-1010,1.14,10,sell
9/10,3231,凱基-高美館,9215,413,19,394,0.44,11,buy
9/10,3231,永豐金-信義,0039004100390052,16,741,-725,0.82,11,sell
9/10,3231,統一-新竹,5857,459,68,391,0.44,12,buy
9/10,3231,宏遠-高雄,0031003200360051,29,251,-222,0.25,12,sell
9/10,3231,台新-台北,0039004200320030,348,2,346,0.39,13,buy
9/10,3231,元大-敦化,9833,85,299,-214,0.24,13,sell
9/10,3231,玉山-新莊,8842,474,133,341,0.39,14,buy
9/10,3231,康和,8450,7,219,-212,0.24,14,sell
9/10,3231,第一金-桃園,5385,269,7,262,0.3,15,buy
9/10,3231,國票-安和,003700370039005a,94,304,-210,0.24,15,sell
9/10,2327,美林,1440,1231,300,931,2.45,1,buy
9/10,2327,摩根大通,8440,690,2386,-1696,4.46,1,sell
9/10,2327,元大證券,9800,3501,2576,925,2.43,2,buy
9/10,2327,美商高盛,1480,2503,3338,-835,2.19,2,sell
9/10,2327,永豐金-敦北,0039004100380039,534,24,510,1.34,3,buy
9/10,2327,新加坡商瑞銀,1650,1004,1551,-547,1.44,3,sell
9/10,2327,富邦-虎尾,9697,425,15,410,1.08,4,buy
9/10,2327,永豐金證券,0039004100300030,678,1081,-403,1.06,4,sell
9/10,2327,國票-安和,003700370039005a,416,43,373,0.98,5,buy
9/10,2327,香港上海匯豐,8960,138,499,-361,0.95,5,sell
9/10,2327,國票-敦北法人,0037003700390063,205,16,189,0.5,6,buy
9/10,2327,群益金鼎,9100,197,501,-304,0.8,6,sell
9/10,2327,國泰證券,8880,184,19,165,0.43,7,buy
9/10,2327,元大-清水,0039003800300065,14,148,-134,0.35,7,sell
9/10,2327,永豐金-信義,0039004100390052,162,6,156,0.41,8,buy
9/10,2327,華南永昌,9300,182,309,-127,0.33,8,sell
9/10,2327,港商野村,1560,161,19,142,0.37,9,buy
9/10,2327,永豐金-匯立,0039004100380031,9,89,-80,0.21,9,sell
9/10,2327,凱基,9200,235,94,141,0.37,10,buy
9/10,2327,(牛牛牛)亞證券,6010,0,73,-73,0.19,10,sell
9/10,2327,凱基-大里,0039003200300057,184,54,130,0.34,11,buy
9/10,2327,國票-南京,003700370039006e,14,84,-70,0.18,11,sell
9/10,2327,統一,5850,248,156,92,0.24,12,buy
9/10,2327,台灣摩根士丹利,1470,2186,2249,-63,0.17,12,sell
9/10,2327,永豐金-市政,0039004100390057,168,88,80,0.21,13,buy
9/10,2327,合庫-新竹,0031003000320041,11,72,-61,0.16,13,sell
9/10,2327,群益金鼎-台北,0039003100380058,119,43,76,0.2,14,buy
9/10,2327,臺銀-新竹,1045,10,68,-58,0.15,14,sell
9/10,2327,中國信託-新竹,6165,80,19,61,0.16,15,buy
9/10,2327,元大-復北,9872,13,68,-55,0.14,15,sell
9/10,6182,花旗環球,1590,500,0,500,3.18,1,buy
9/10,6182,國泰證券,8880,7,301,-294,1.87,1,sell
9/10,6182,元大證券,9800,1374,952,422,2.68,2,buy
9/10,6182,台新-世貿,0039004200320075,4,232,-228,1.45,2,sell
9/10,6182,凱基-台北,9268,1904,1633,271,1.72,3,buy
9/10,6182,永豐金-竹科,0039004100390058,14,213,-199,1.26,3,sell
9/10,6182,新加坡商瑞銀,1650,542,348,194,1.23,4,buy
9/10,6182,摩根大通,8440,81,218,-137,0.87,4,sell
9/10,6182,永豐金-內湖,0039004100390067,116,2,114,0.72,5,buy
9/10,6182,永豐金證券,0039004100300030,78,214,-136,0.86,5,sell
9/10,6182,華南永昌,9300,103,14,89,0.57,6,buy
9/10,6182,元大-竹山,0039003800310052,12,95,-83,0.53,6,sell
9/10,6182,第一金-華江,0035003300380057,62,13,49,0.31,7,buy
9/10,6182,富邦-台北,9623,56,130,-74,0.47,7,sell
9/10,6182,凱基-屏東,0039003200320043,40,1,39,0.25,8,buy
9/10,6182,港商野村,1560,123,188,-65,0.41,8,sell
9/10,6182,台新-台中,0039004200310068,70,32,38,0.24,9,buy
9/10,6182,兆豐-東門,0037003000300048,12,67,-55,0.35,9,sell
9/10,6182,美商高盛,1480,347,312,35,0.22,10,buy
9/10,6182,富邦-宜蘭,9686,59,109,-50,0.32,10,sell
9/10,6182,元大-斗信,9884,43,8,35,0.22,11,buy
9/10,6182,元大-豐原,9838,8,58,-50,0.32,11,sell
9/10,6182,台新,0039004200300030,148,115,33,0.21,12,buy
9/10,6182,凱基-鳳山,9274,5,52,-47,0.3,12,sell
9/10,6182,凱基-大直,9218,32,2,30,0.19,13,buy
9/10,6182,中國信託,6160,43,89,-46,0.29,13,sell
9/10,6182,台新-台北,0039004200320030,31,2,29,0.18,14,buy
9/10,6182,元大-福營,0039003800310046,12,55,-43,0.27,14,sell
9/10,6182,合庫-台中,1021,37,9,28,0.18,15,buy
9/10,6182,合庫-鳳山,1029,6,43,-37,0.23,15,sell
9/10,8112,元大-大同,0039003800390047,287,3,284,5.04,1,buy
9/10,8112,台灣摩根士丹利,1470,91,1015,-924,16.39,1,sell
9/10,8112,新光,8560,154,47,107,1.9,2,buy
9/10,8112,美林,1440,127,476,-349,6.19,2,sell
9/10,8112,凱基-高美館,9215,82,0,82,1.45,3,buy
9/10,8112,凱基-台北,9268,561,858,-297,5.27,3,sell
9/10,8112,中國信託-文心,6164,65,2,63,1.12,4,buy
9/10,8112,摩根大通,8440,231,404,-173,3.07,4,sell
9/10,8112,兆豐-小港,0037003000300052,62,0,62,1.1,5,buy
9/10,8112,美商高盛,1480,18,85,-67,1.19,5,sell
9/10,8112,康和-永和,0038003400350042,33,0,33,0.59,6,buy
9/10,8112,台新-埔里,0039004200320059,0,48,-48,0.85,6,sell
9/10,8112,國票-天祥,0037003700390056,34,2,32,0.57,7,buy
9/10,8112,聯邦-雙和,8584,3,48,-45,0.8,7,sell
9/10,8112,兆豐-三民,0037003000300068,30,0,30,0.53,8,buy
9/10,8112,港商野村,1560,36,78,-42,0.74,8,sell
9/10,8112,元大-路竹,0039003800310043,23,0,23,0.41,9,buy
9/10,8112,兆豐-忠孝,0037003000300061,3,34,-31,0.55,9,sell
9/10,8112,光和-嘉義,0036003300380041,23,0,23,0.41,10,buy
9/10,8112,國泰-台中,8882,13,42,-29,0.51,10,sell
9/10,8112,富邦-新莊,0039003600320044,22,1,21,0.37,11,buy
9/10,8112,國泰-敦南,8888,46,75,-29,0.51,11,sell
9/10,8112,台新-台中,0039004200310068,27,6,21,0.37,12,buy
9/10,8112,統一-南京,0035003800350055,9,37,-28,0.5,12,sell
9/10,8112,國泰-館前,0038003800380041,29,8,21,0.37,13,buy
9/10,8112,統一-中壢,5853,1,29,-28,0.5,13,sell
9/10,8112,兆豐-來福,0037003000300043,22,2,20,0.35,14,buy
9/10,8112,兆豐-鹿港,0037003000300066,12,39,-27,0.48,14,sell
9/10,8112,富邦-永和,9654,22,2,20,0.35,15,buy
9/10,8112,新光-台中,8561,5,31,-26,0.46,15,sell
9/10,3036,美林,1440,292,60,232,3.57,1,buy
9/10,3036,凱基-台北,9268,313,1019,-706,10.85,1,sell
9/10,3036,美商高盛,1480,454,238,216,3.32,2,buy
9/10,3036,港商麥格理,1360,0,608,-608,9.34,2,sell
9/10,3036,港商野村,1560,231,67,164,2.52,3,buy
9/10,3036,富邦證券,9600,13,514,-501,7.7,3,sell
9/10,3036,京城,8490,106,0,106,1.63,4,buy
9/10,3036,摩根大通,8440,380,638,-258,3.96,4,sell
9/10,3036,台新,0039004200300030,119,19,100,1.54,5,buy
9/10,3036,新加坡商瑞銀,1650,338,476,-138,2.12,5,sell
9/10,3036,合庫證券,1020,104,5,99,1.52,6,buy
9/10,3036,花旗環球,1590,51,182,-131,2.01,6,sell
9/10,3036,元大-蘆洲中正,0039003800390049,60,8,52,0.8,7,buy
9/10,3036,元大-雙和,9874,11,73,-62,0.95,7,sell
9/10,3036,群益金鼎-嘉義,003900310038004d,51,1,50,0.77,8,buy
9/10,3036,永豐金-忠孝,0039004100390044,65,92,-27,0.41,8,sell
9/10,3036,永豐金證券,0039004100300030,82,32,50,0.77,9,buy
9/10,3036,第一金-光復,0035003300380043,1,27,-26,0.4,9,sell
9/10,3036,台灣摩根士丹利,1470,382,336,46,0.71,10,buy
9/10,3036,元大-清水,0039003800300065,2,22,-20,0.31,10,sell
9/10,3036,永豐金-竹科,0039004100390058,45,7,38,0.58,11,buy
9/10,3036,元大-竹北,0039003800310042,6,22,-16,0.25,11,sell
9/10,3036,富邦-板橋,9655,38,3,35,0.54,12,buy
9/10,3036,玉山-高雄,8843,9,25,-16,0.25,12,sell
9/10,3036,新光,8560,66,31,35,0.54,13,buy
9/10,3036,凱基-湖口,003900320030004e,1,16,-15,0.23,13,sell
9/10,3036,元大-彰化,0039003800310047,36,2,34,0.52,14,buy
9/10,3036,元大-土城永寧,9875,4,18,-14,0.22,14,sell
9/10,3036,富邦-陽明,9604,49,16,33,0.51,15,buy
9/10,3036,元大-士林,003900380031006a,2,15,-13,0.2,15,sell
9/10,6919,兆豐-板橋,0037003000300042,149,3,146,1.06,1,buy
9/10,6919,永豐金-敦南,0039004100380046,72,1817,-1745,12.71,1,sell
9/10,6919,宏遠-光隆,0031003200360069,115,2,113,0.82,2,buy
9/10,6919,元大-敦南,0039003800390050,12,634,-622,4.53,2,sell
9/10,6919,元大證券,9800,687,584,103,0.75,3,buy
9/10,6919,台灣摩根士丹利,1470,440,781,-341,2.48,3,sell
9/10,6919,第一金-忠孝,0035003300380044,104,6,98,0.71,4,buy
9/10,6919,摩根大通,8440,255,474,-219,1.59,4,sell
9/10,6919,台新-台中,0039004200310068,166,70,96,0.7,5,buy
9/10,6919,凱基-台北,9268,861,1052,-191,1.39,5,sell
9/10,6919,國泰-敦南,8888,346,250,96,0.7,6,buy
9/10,6919,大昌-桃園,6465,20,141,-121,0.88,6,sell
9/10,6919,元大-成功,003900380039004c,132,38,94,0.68,7,buy
9/10,6919,國票-台中,0037003700390076,4,113,-109,0.79,7,sell
9/10,6919,永豐金-桃盛,003900410039004e,96,2,94,0.68,8,buy
9/10,6919,宏遠證券,1260,5,105,-100,0.73,8,sell
9/10,6919,國泰-台中,8882,152,66,86,0.63,9,buy
9/10,6919,國泰證券,8880,27,120,-93,0.68,9,sell
9/10,6919,元大-復北,9872,137,56,81,0.59,10,buy
9/10,6919,永豐金-中正,0039004100390055,23,115,-92,0.67,10,sell
9/10,6919,玉山-板橋,8846,99,22,77,0.56,11,buy
9/10,6919,富邦-仁愛,9676,64,136,-72,0.52,11,sell
9/10,6919,玉山證券,8840,75,16,59,0.43,12,buy
9/10,6919,臺銀-民權,1043,25,71,-46,0.33,12,sell
9/10,6919,凱基-站前,0039003200300046,65,8,57,0.42,13,buy
9/10,6919,兆豐證券,7000,15,61,-46,0.33,13,sell
9/10,6919,國泰-板橋,003800380038004b,172,116,56,0.41,14,buy
9/10,6919,台新-同大,0039004200320050,8,51,-43,0.31,14,sell
9/10,6919,台新,0039004200300030,143,86,57,0.42,15,buy
9/10,6919,永豐金-永康,0039004100390063,26,63,-37,0.27,15,sell
9/10,1216,美商高盛,1480,2213,100,2113,22.71,1,buy
9/10,1216,摩根大通,8440,746,3127,-2381,25.59,1,sell
9/10,1216,台灣摩根士丹利,1470,1389,634,755,8.11,2,buy
9/10,1216,永豐金-匯立,0039004100380031,0,1251,-1251,13.44,2,sell
9/10,1216,凱基-台北,9268,695,113,582,6.25,3,buy
9/10,1216,臺銀,1040,3,701,-698,7.5,3,sell
9/10,1216,元大證券,9800,1583,1069,514,5.52,4,buy
9/10,1216,國泰證券,8880,58,656,-598,6.43,4,sell
9/10,1216,新加坡商瑞銀,1650,542,42,500,5.37,5,buy
9/10,1216,花旗環球,1590,43,468,-425,4.57,5,sell
9/10,1216,第一金-澎湖,5387,242,20,222,2.39,6,buy
9/10,1216,永豐金證券,0039004100300030,11,144,-133,1.43,6,sell
9/10,1216,美林,1440,295,122,173,1.86,7,buy
9/10,1216,凱基-三峽,0039003200310045,1,82,-81,0.87,7,sell
9/10,1216,港商野村,1560,119,24,95,1.02,8,buy
9/10,1216,元大-四維,9831,0,59,-59,0.63,8,sell
9/10,1216,新光,8560,99,19,80,0.86,9,buy
9/10,1216,大和國泰,8890,0,43,-43,0.46,9,sell
9/10,1216,富邦證券,9600,55,1,54,0.58,10,buy
9/10,1216,台新-虎尾,003900420032004e,0,30,-30,0.32,10,sell
9/10,1216,華南永昌-東勢,9358,30,0,30,0.32,11,buy
9/10,1216,法銀巴黎,8900,1,29,-28,0.3,11,sell
9/10,1216,富邦-南京,0039003600310043,32,3,29,0.31,12,buy
9/10,1216,台新-松江,0039004200310035,2,20,-18,0.19,12,sell
9/10,1216,永豐金-中壢,0039004100390039,30,5,25,0.27,13,buy
9/10,1216,致和證券,7030,0,11,-11,0.12,13,sell
9/10,1216,兆豐-嘉義,7001,24,0,24,0.26,14,buy
9/10,1216,香港上海匯豐,8960,0,10,-10,0.11,14,sell
9/10,1216,第一金,5380,22,0,22,0.24,15,buy
9/10,1216,彰銀,1230,0,10,-10,0.11,15,sell
9/10,1102,美商高盛,1480,1518,181,1337,19.48,1,buy
9/10,1102,國泰證券,8880,281,1000,-719,10.47,1,sell
9/10,1102,港商麥格理,1360,1149,0,1149,16.74,2,buy
9/10,1102,美林,1440,104,757,-653,9.51,2,sell
9/10,1102,亞東,2180,453,11,442,6.44,3,buy
9/10,1102,統一,5850,1,502,-501,7.3,3,sell
9/10,1102,群益金鼎,9100,431,28,403,5.87,4,buy
9/10,1102,合庫證券,1020,133,560,-427,6.22,4,sell
9/10,1102,凱基-台北,9268,376,57,319,4.65,5,buy
9/10,1102,港商野村,1560,0,177,-177,2.58,5,sell
9/10,1102,台灣摩根士丹利,1470,696,378,318,4.63,6,buy
9/10,1102,元大證券,9800,60,198,-138,2.01,6,sell
9/10,1102,摩根大通,8440,552,296,256,3.73,7,buy
9/10,1102,富邦-建國,9658,10,127,-117,1.7,7,sell
9/10,1102,合庫-鳳山,1029,198,0,198,2.88,8,buy
9/10,1102,新加坡商瑞銀,1650,134,243,-109,1.59,8,sell
9/10,1102,兆豐證券,7000,122,0,122,1.78,9,buy
9/10,1102,兆豐-公益,003700300030004a,0,105,-105,1.53,9,sell
9/10,1102,華南永昌,9300,106,0,106,1.54,10,buy
9/10,1102,元大-文心,9868,0,103,-103,1.5,10,sell
9/10,1102,元大-崇德,0039003800310053,60,0,60,0.87,11,buy
9/10,1102,元大-羅東,0039003800320041,0,100,-100,1.46,11,sell
9/10,1102,臺銀,1040,50,1,49,0.71,12,buy
9/10,1102,台新-台北,0039004200320030,0,100,-100,1.46,12,sell
9/10,1102,永豐金-竹科,0039004100390058,30,1,29,0.42,13,buy
9/10,1102,第一金,5380,0,90,-90,1.31,13,sell
9/10,1102,玉山-信義,0038003800340043,17,3,14,0.2,14,buy
9/10,1102,中國信託,6160,12,101,-89,1.3,14,sell
9/10,1102,元大-新營,9825,15,1,14,0.2,15,buy
9/10,1102,新光-台中,8561,12,87,-75,1.09,15,sell
9/10,2812,台灣摩根士丹利,1470,4297,1039,3258,18.7,1,buy
9/10,2812,台中銀-台北,6115,1,3477,-3476,19.95,1,sell
9/10,2812,美商高盛,1480,2631,934,1697,9.74,2,buy
9/10,2812,統一-板橋,0035003800350050,0,1000,-1000,5.74,2,sell
9/10,2812,美林,1440,1391,7,1384,7.94,3,buy
9/10,2812,富邦-中壢,9636,13,563,-550,3.16,3,sell
9/10,2812,新加坡商瑞銀,1650,1168,149,1019,5.85,4,buy
9/10,2812,元大-鹿港,0039003800390053,165,605,-440,2.53,4,sell
9/10,2812,摩根大通,8440,952,89,863,4.95,5,buy
9/10,2812,台新,0039004200300030,43,394,-351,2.01,5,sell
9/10,2812,福邦-新竹,6489,549,0,549,3.15,6,buy
9/10,2812,國泰-桃園,8885,4,307,-303,1.74,6,sell
9/10,2812,凱基-台北,9268,434,104,330,1.89,7,buy
9/10,2812,玉山證券,8840,22,321,-299,1.72,7,sell
9/10,2812,花旗環球,1590,289,11,278,1.6,8,buy
9/10,2812,永豐金-板新,003900410039004a,0,247,-247,1.42,8,sell
9/10,2812,台中銀,6110,310,78,232,1.33,9,buy
9/10,2812,凱基-桃園,9208,21,265,-244,1.4,9,sell
9/10,2812,兆豐-新營,003700300030004b,202,0,202,1.16,10,buy
9/10,2812,富邦-竹科,0039003600320043,1,202,-201,1.15,10,sell
9/10,2812,國泰-館前,0038003800380041,235,74,161,0.92,11,buy
9/10,2812,元大-向上,9824,2,200,-198,1.14,11,sell
9/10,2812,凱基-台南,9211,115,2,113,0.65,12,buy
9/10,2812,新光-桃園,8565,0,183,-183,1.05,12,sell
9/10,2812,台新-西松,003900420032006e,106,5,101,0.58,13,buy
9/10,2812,元大證券,9800,620,788,-168,0.96,13,sell
9/10,2812,元大-中山北路,0039003800300061,100,0,100,0.57,14,buy
9/10,2812,永豐金-新竹,0039004100390037,2,161,-159,0.91,14,sell
9/10,2812,台新-松德,0039004200320061,104,4,100,0.57,15,buy
9/10,2812,永豐金-桃園,0039004100390078,0,157,-157,0.9,15,sell
9/10,2884,美林,1440,17030,740,16290,28.65,1,buy
9/10,2884,美商高盛,1480,1560,8860,-7300,12.84,1,sell
9/10,2884,新光,8560,5711,309,5402,9.5,2,buy
9/10,2884,台灣摩根士丹利,1470,151,5012,-4861,8.55,2,sell
9/10,2884,港商野村,1560,4611,154,4457,7.84,3,buy
9/10,2884,摩根大通,8440,6041,9367,-3326,5.85,3,sell
9/10,2884,港商麥格理,1360,1315,0,1315,2.31,4,buy
9/10,2884,凱基-台北,9268,2807,4395,-1588,2.79,4,sell
9/10,2884,群益金鼎,9100,1156,169,987,1.74,5,buy
9/10,2884,元大證券,9800,3216,4581,-1365,2.4,5,sell
9/10,2884,大和國泰,8890,600,0,600,1.06,6,buy
9/10,2884,陽信-台南,8714,0,1008,-1008,1.77,6,sell
9/10,2884,中國信託,6160,364,27,337,0.59,7,buy
9/10,2884,新加坡商瑞銀,1650,2464,3066,-602,1.06,7,sell
9/10,2884,兆豐證券,7000,204,22,182,0.32,8,buy
9/10,2884,兆豐-公益,003700300030004a,5,502,-497,0.87,8,sell
9/10,2884,群益金鼎-館前,0039003100330059,193,17,176,0.31,9,buy
9/10,2884,花旗環球,1590,348,762,-414,0.73,9,sell
9/10,2884,富邦證券,9600,189,19,170,0.3,10,buy
9/10,2884,玉山-新竹,0038003800340048,34,395,-361,0.63,10,sell
9/10,2884,聯邦-台南,8588,181,15,166,0.29,11,buy
9/10,2884,永豐金-嘉義,003900410039006a,0,249,-249,0.44,11,sell
9/10,2884,香港上海匯豐,8960,217,65,152,0.27,12,buy
9/10,2884,永豐金證券,0039004100300030,205,453,-248,0.44,12,sell
9/10,2884,福邦證券,6480,123,24,99,0.17,13,buy
9/10,2884,國泰-敦南,8888,319,532,-213,0.37,13,sell
9/10,2884,國票證券,7790,60,2,58,0.1,14,buy
9/10,2884,第一金-中山,5389,0,200,-200,0.35,14,sell
9/10,2884,國泰證券,8880,57,0,57,0.1,15,buy
9/10,2884,元大-南投,0039003800310044,7,177,-170,0.3,15,sell
9/10,4938,國泰證券,8880,1008,21,987,17.35,1,buy
9/10,4938,台灣摩根士丹利,1470,196,1472,-1276,22.43,1,sell
9/10,4938,統一,5850,353,3,350,6.15,2,buy
9/10,4938,新加坡商瑞銀,1650,101,670,-569,10.0,2,sell
9/10,4938,花旗環球,1590,263,10,253,4.45,3,buy
9/10,4938,摩根大通,8440,246,625,-379,6.66,3,sell
9/10,4938,元大-新莊,9898,112,0,112,1.97,4,buy
9/10,4938,法銀巴黎,8900,0,254,-254,4.47,4,sell
9/10,4938,元大-台北,0039003800300068,105,0,105,1.85,5,buy
9/10,4938,永豐金證券,0039004100300030,55,146,-91,1.6,5,sell
9/10,4938,富邦-南京,0039003600310043,100,0,100,1.76,6,buy
9/10,4938,港商麥格理,1360,0,80,-80,1.41,6,sell
9/10,4938,美林,1440,247,159,88,1.55,7,buy
9/10,4938,富邦-新店,9661,3,56,-53,0.93,7,sell
9/10,4938,富邦-新竹,9647,92,8,84,1.48,8,buy
9/10,4938,永豐金-豐原,0039004100390051,0,48,-48,0.84,8,sell
9/10,4938,華南永昌,9300,72,11,61,1.07,9,buy
9/10,4938,凱基,9200,1,42,-41,0.72,9,sell
9/10,4938,美商高盛,1480,523,473,50,0.88,10,buy
9/10,4938,凱基-台北,9268,182,213,-31,0.55,10,sell
9/10,4938,富邦-北港,0039003600390043,45,1,44,0.77,11,buy
9/10,4938,光和-溪湖,6381,0,31,-31,0.55,11,sell
9/10,4938,群益金鼎,9100,110,67,43,0.76,12,buy
9/10,4938,元大-竹科,003900380030004b,0,26,-26,0.46,12,sell
9/10,4938,港商野村,1560,106,64,42,0.74,13,buy
9/10,4938,中國信託-文心,6164,0,20,-20,0.35,13,sell
9/10,4938,土銀,1030,50,10,40,0.7,14,buy
9/10,4938,合庫-西台中,0031003000320046,2,19,-17,0.3,14,sell
9/10,4938,第一金-台南,5384,40,6,34,0.6,15,buy
9/10,4938,富邦證券,9600,41,56,-15,0.26,15,sell
9/10,9904,元大-民生三民,0039003800390058,560,0,560,3.31,1,buy
9/10,9904,台灣摩根士丹利,1470,116,2752,-2636,15.57,1,sell
9/10,9904,國泰-館前,0038003800380041,553,3,550,3.25,2,buy
9/10,9904,美商高盛,1480,41,1950,-1909,11.28,2,sell
9/10,9904,合庫-高雄,1023,510,0,510,3.01,3,buy
9/10,9904,花旗環球,1590,86,1762,-1676,9.9,3,sell
9/10,9904,永豐金-市政,0039004100390057,417,100,317,1.87,4,buy
9/10,9904,凱基-台北,9268,317,1861,-1544,9.12,4,sell
9/10,9904,第一金-台中,5382,306,0,306,1.81,5,buy
9/10,9904,美林,1440,49,1107,-1058,6.25,5,sell
9/10,9904,元大-南屯,9853,304,0,304,1.8,6,buy
9/10,9904,摩根大通,8440,347,881,-534,3.15,6,sell
9/10,9904,兆豐-大同,0037003000300053,290,0,290,1.71,7,buy
9/10,9904,亞東-新竹,2184,0,500,-500,2.95,7,sell
9/10,9904,富邦-三重,9677,244,1,243,1.44,8,buy
9/10,9904,永豐金-匯立,0039004100380031,0,475,-475,2.81,8,sell
9/10,9904,元大-北投,0039003800390041,231,0,231,1.36,9,buy
9/10,9904,新加坡商瑞銀,1650,0,458,-458,2.71,9,sell
9/10,9904,大昌-安康,6462,225,0,225,1.33,10,buy
9/10,9904,土銀-嘉義,1034,7,438,-431,2.55,10,sell
9/10,9904,國泰-敦南,8888,261,47,214,1.26,11,buy
9/10,9904,港商野村,1560,0,431,-431,2.55,11,sell
9/10,9904,元大-雙和,9874,208,0,208,1.23,12,buy
9/10,9904,富邦-公益,0039003600310046,27,377,-350,2.07,12,sell
9/10,9904,永豐金-中正,0039004100390055,159,0,159,0.94,13,buy
9/10,9904,法銀巴黎,8900,0,180,-180,1.06,13,sell
9/10,9904,國泰-板橋,003800380038004b,143,3,140,0.83,14,buy
9/10,9904,華南永昌-麻豆,9308,8,138,-130,0.77,14,sell
9/10,9904,兆豐-新莊,0037003000300077,140,0,140,0.83,15,buy
9/10,9904,凱基-高雄,9206,24,150,-126,0.74,15,sell
9/10,5388,台新-成功,003900420032006d,64,0,64,1.76,1,buy
9/10,5388,美商高盛,1480,23,294,-271,7.44,1,sell
9/10,5388,凱基-台北,9268,189,133,56,1.54,2,buy
9/10,5388,香港上海匯豐,8960,0,242,-242,6.64,2,sell
9/10,5388,凱基-三重,9205,42,0,42,1.15,3,buy
9/10,5388,凱基,9200,83,278,-195,5.35,3,sell
9/10,5388,臺銀-臺中,0031003000340041,42,5,37,1.02,4,buy
9/10,5388,新光,8560,59,229,-170,4.67,4,sell
9/10,5388,元大-和平,9863,31,0,31,0.85,5,buy
9/10,5388,摩根大通,8440,35,198,-163,4.48,5,sell
9/10,5388,統一-宜蘭,0035003800350053,31,0,31,0.85,6,buy
9/10,5388,台灣摩根士丹利,1470,47,176,-129,3.54,6,sell
9/10,5388,永豐金-市政,0039004100390057,32,1,31,0.85,7,buy
9/10,5388,富邦-南屯,9666,5,98,-93,2.55,7,sell
9/10,5388,合庫-台南,1022,30,0,30,0.82,8,buy
9/10,5388,新光-台南,8564,11,97,-86,2.36,8,sell
9/10,5388,元大-東港,0039003800390066,29,0,29,0.8,9,buy
9/10,5388,凱基-新豐,9266,1,78,-77,2.11,9,sell
9/10,5388,凱基-八德,003900320031004d,25,0,25,0.69,10,buy
9/10,5388,台新-城東,0039004200320072,1,60,-59,1.62,10,sell
9/10,5388,玉山-台中,0038003800340042,24,0,24,0.66,11,buy
9/10,5388,群益金鼎-土城,003900310033004e,0,53,-53,1.46,11,sell
9/10,5388,富邦-新竹,9647,23,1,22,0.6,12,buy
9/10,5388,新加坡商瑞銀,1650,7,59,-52,1.43,12,sell
9/10,5388,元大-莒光,003900380031004c,22,0,22,0.6,13,buy
9/10,5388,統一,5850,24,74,-50,1.37,13,sell
9/10,5388,華南永昌-朴子,9329,22,0,22,0.6,14,buy
9/10,5388,玉山-高雄,8843,4,39,-35,0.96,14,sell
9/10,5388,宏遠-桃園,1262,21,0,21,0.58,15,buy
9/10,5388,日進,5660,0,32,-32,0.88,15,sell
9/10,1409,國泰-敦南,8888,1884,1171,713,1.11,1,buy
9/10,1409,美商高盛,1480,693,6806,-6113,9.53,1,sell
9/10,1409,新光,8560,626,261,365,0.57,2,buy
9/10,1409,凱基-台北,9268,2728,8411,-5683,8.86,2,sell
9/10,1409,富邦-陽明,9604,387,52,335,0.52,3,buy
9/10,1409,台新,0039004200300030,479,3849,-3370,5.25,3,sell
9/10,1409,元大-內湖,003900380039004e,328,14,314,0.49,4,buy
9/10,1409,台灣摩根士丹利,1470,428,3290,-2862,4.46,4,sell
9/10,1409,元大-崇德,0039003800310053,266,16,250,0.39,5,buy
9/10,1409,新加坡商瑞銀,1650,181,2427,-2246,3.5,5,sell
9/10,1409,群益金鼎-嘉義,003900310038004d,290,42,248,0.39,6,buy
9/10,1409,凱基,9200,18,1556,-1538,2.4,6,sell
9/10,1409,國泰-台南,8884,352,109,243,0.38,7,buy
9/10,1409,摩根大通,8440,76,1603,-1527,2.38,7,sell
9/10,1409,中國信託-高雄,003600310036004b,251,38,213,0.33,8,buy
9/10,1409,美林,1440,11,1484,-1473,2.3,8,sell
9/10,1409,國泰-板橋,003800380038004b,257,46,211,0.33,9,buy
9/10,1409,港商野村,1560,7,1449,-1442,2.25,9,sell
9/10,1409,群益金鼎-潭子,0039003100330044,240,32,208,0.32,10,buy
9/10,1409,元大證券,9800,3182,4292,-1110,1.73,10,sell
9/10,1409,富邦-港都,0039003600320051,211,4,207,0.32,11,buy
9/10,1409,台新-建北,0039004200310038,59,690,-631,0.98,11,sell
9/10,1409,兆豐-埔墘,003700300030004e,206,0,206,0.32,12,buy
9/10,1409,統一-南京,0035003800350055,23,328,-305,0.48,12,sell
9/10,1409,玉山-高雄,8843,243,43,200,0.31,13,buy
9/10,1409,兆豐-台中,7003,141,424,-283,0.44,13,sell
9/10,1409,富邦-板橋,9655,226,36,190,0.3,14,buy
9/10,1409,花旗環球,1590,27,297,-270,0.42,14,sell
9/10,1409,元大-成功,003900380039004c,269,79,190,0.3,15,buy
9/10,1409,永豐金-內湖,0039004100390067,17,239,-222,0.35,15,sell
9/10,2481,台灣摩根士丹利,1470,5720,1470,4250,9.89,1,buy
9/10,2481,元大證券,9800,5891,7222,-1331,3.1,1,sell
9/10,2481,美商高盛,1480,1550,976,574,1.34,2,buy
9/10,2481,凱基-台北,9268,2812,3440,-628,1.46,2,sell
9/10,2481,美林,1440,782,338,444,1.03,3,buy
9/10,2481,花旗環球,1590,1,275,-274,0.64,3,sell
9/10,2481,摩根大通,8440,897,460,437,1.02,4,buy
9/10,2481,群益金鼎,9100,353,540,-187,0.44,4,sell
9/10,2481,永豐金證券,0039004100300030,512,251,261,0.61,5,buy
9/10,2481,國泰-敦南,8888,1228,1408,-180,0.42,5,sell
9/10,2481,統一-新竹,5857,214,21,193,0.45,6,buy
9/10,2481,第一金-台南,5384,27,175,-148,0.34,6,sell
9/10,2481,新加坡商瑞銀,1650,347,184,163,0.38,7,buy
9/10,2481,新光-新竹,8563,184,284,-100,0.23,7,sell
9/10,2481,元大-松山,0039003800310070,142,11,131,0.3,8,buy
9/10,2481,中國信託,6160,108,207,-99,0.23,8,sell
9/10,2481,元大-信義,003900380039006d,321,219,102,0.24,9,buy
9/10,2481,永豐金-內湖,0039004100390067,33,126,-93,0.22,9,sell
9/10,2481,凱基-三峽,0039003200310045,103,23,80,0.19,10,buy
9/10,2481,兆豐-天母,003700300030004c,105,194,-89,0.21,10,sell
9/10,2481,富邦證券,9600,327,250,77,0.18,11,buy
9/10,2481,凱基-員林,9231,112,201,-89,0.21,11,sell
9/10,2481,群益金鼎-南京,0039003100380045,64,6,58,0.13,12,buy
9/10,2481,華南永昌,9300,34,122,-88,0.2,12,sell
9/10,2481,凱基,9200,70,29,41,0.1,13,buy
9/10,2481,凱基-站前,0039003200300046,47,132,-85,0.2,13,sell
9/10,2481,永全證券,6450,49,11,38,0.09,14,buy
9/10,2481,土銀,1030,42,126,-84,0.2,14,sell
9/10,2481,元大-崇德,0039003800310053,95,58,37,0.09,15,buy
9/10,2481,凱基-中壢,9285,31,101,-70,0.16,15,sell
9/10,5904,花旗環球,1590,511,0,511,15.94,1,buy
9/10,5904,美商高盛,1480,118,957,-839,26.17,1,sell
9/10,5904,摩根大通,8440,121,13,108,3.37,2,buy
9/10,5904,凱基-台北,9268,83,354,-271,8.45,2,sell
9/10,5904,美林,1440,71,14,57,1.78,3,buy
9/10,5904,新加坡商瑞銀,1650,0,244,-244,7.61,3,sell
9/10,5904,國泰-館前,0038003800380041,48,0,48,1.5,4,buy
9/10,5904,港商野村,1560,0,204,-204,6.36,4,sell
9/10,5904,華南永昌-苗栗,9362,40,0,40,1.25,5,buy
9/10,5904,台灣摩根士丹利,1470,31,139,-108,3.37,5,sell
9/10,5904,國泰-敦南,8888,82,44,38,1.19,6,buy
9/10,5904,元大-龍潭,9858,5,104,-99,3.09,6,sell
9/10,5904,新光,8560,41,4,37,1.15,7,buy
9/10,5904,永豐金-高雄,0039004100390065,0,50,-50,1.56,7,sell
9/10,5904,台新-新店,0039004200320032,31,0,31,0.97,8,buy
9/10,5904,光和-嘉義,0036003300380041,0,50,-50,1.56,8,sell
9/10,5904,臺銀-高雄,0031003000340043,39,8,31,0.97,9,buy
9/10,5904,香港上海匯豐,8960,0,47,-47,1.47,9,sell
9/10,5904,台新-同大,0039004200320050,40,10,30,0.94,10,buy
9/10,5904,元大-仁愛,003900380033006a,3,33,-30,0.94,10,sell
9/10,5904,國票-九鼎,0037003700390050,29,1,28,0.87,11,buy
9/10,5904,元大-福營,0039003800310046,1,30,-29,0.9,11,sell
9/10,5904,康和-內湖,0038003400350041,26,0,26,0.81,12,buy
9/10,5904,富邦證券,9600,1,22,-21,0.66,12,sell
9/10,5904,元大-南投,0039003800310044,27,4,23,0.72,13,buy
9/10,5904,台新-松德,0039004200320061,0,18,-18,0.56,13,sell
9/10,5904,元大-六合,0039003800320043,21,0,21,0.66,14,buy
9/10,5904,第一金-新竹,0035003300380042,0,16,-16,0.5,14,sell
9/10,5904,元大-內湖民權,9867,21,0,21,0.66,15,buy
9/10,5904,元大證券,9800,47,63,-16,0.5,15,sell
9/10,5351,元大證券,9800,637,385,252,3.91,1,buy
9/10,5351,台灣摩根士丹利,1470,140,545,-405,6.28,1,sell
9/10,5351,台灣企銀-豐原,1118,240,0,240,3.72,2,buy
9/10,5351,凱基-台北,9268,294,627,-333,5.16,2,sell
9/10,5351,港商野村,1560,200,80,120,1.86,3,buy
9/10,5351,摩根大通,8440,168,496,-328,5.09,3,sell
9/10,5351,合庫-自強,0031003000320043,64,5,59,0.91,4,buy
9/10,5351,新加坡商瑞銀,1650,97,376,-279,4.33,4,sell
9/10,5351,元大-花蓮,9856,62,7,55,0.85,5,buy
9/10,5351,香港上海匯豐,8960,0,142,-142,2.2,5,sell
9/10,5351,統一-員林,0035003800350049,55,3,52,0.81,6,buy
9/10,5351,元大-新營,9825,5,103,-98,1.52,6,sell
9/10,5351,統一-板橋,0035003800350050,45,1,44,0.68,7,buy
9/10,5351,永豐金-萬盛,0039004100390032,2,75,-73,1.13,7,sell
9/10,5351,新光,8560,68,29,39,0.6,8,buy
9/10,5351,台新-城東,0039004200320072,8,74,-66,1.02,8,sell
9/10,5351,群益金鼎-高雄,9183,42,4,38,0.59,9,buy
9/10,5351,富邦-台北,9623,26,80,-54,0.84,9,sell
9/10,5351,玉山證券,8840,41,5,36,0.56,10,buy
9/10,5351,美商高盛,1480,8,58,-50,0.78,10,sell
9/10,5351,統一-桃園,0035003800350048,35,1,34,0.53,11,buy
9/10,5351,富邦-陽明,9604,9,51,-42,0.65,11,sell
9/10,5351,台灣企銀-建成,0031003100310042,25,0,25,0.39,12,buy
9/10,5351,(牛牛牛)亞-鑫豐,0036003000310064,5,40,-35,0.54,12,sell
9/10,5351,台新-大裕,003900420032006c,26,2,24,0.37,13,buy
9/10,5351,統一-新台中,0035003800350044,3,31,-28,0.43,13,sell
9/10,5351,新光-台中,8561,48,25,23,0.36,14,buy
9/10,5351,康和-台南,8458,3,31,-28,0.43,14,sell
9/10,5351,華南永昌-基隆,9322,38,15,23,0.36,15,buy
9/10,5351,第一金-華江,0035003300380057,11,38,-27,0.42,15,sell
9/10,8069,富邦證券,9600,766,87,679,15.86,1,buy
9/10,8069,美商高盛,1480,87,1373,-1286,30.05,1,sell
9/10,8069,花旗環球,1590,270,17,253,5.91,2,buy
9/10,8069,美林,1440,31,369,-338,7.9,2,sell
9/10,8069,香港上海匯豐,8960,174,5,169,3.95,3,buy
9/10,8069,摩根大通,8440,110,411,-301,7.03,3,sell
9/10,8069,兆豐-三重,7008,91,0,91,2.13,4,buy
9/10,8069,新加坡商瑞銀,1650,27,315,-288,6.73,4,sell
9/10,8069,永豐金-匯立,0039004100380031,61,0,61,1.43,5,buy
9/10,8069,台灣摩根士丹利,1470,105,305,-200,4.67,5,sell
9/10,8069,台新-嘉義,0039004200320049,52,2,50,1.17,6,buy
9/10,8069,凱基-台北,9268,131,262,-131,3.06,6,sell
9/10,8069,臺銀-臺中,0031003000340041,42,6,36,0.84,7,buy
9/10,8069,永豐金證券,0039004100300030,44,165,-121,2.83,7,sell
9/10,8069,元大-桃園,0039003800380042,33,1,32,0.75,8,buy
9/10,8069,富邦-高雄,9659,2,49,-47,1.1,8,sell
9/10,8069,合庫-西台中,0031003000320046,28,1,27,0.63,9,buy
9/10,8069,元大-豐原站前,0039003800390057,2,26,-24,0.56,9,sell
9/10,8069,港商麥格理,1360,27,0,27,0.63,10,buy
9/10,8069,永豐金-台南,0039004100390068,1,24,-23,0.54,10,sell
9/10,8069,元大-中壢,9834,28,1,27,0.63,11,buy
9/10,8069,華南永昌-台中,9302,0,11,-11,0.26,11,sell
9/10,8069,國泰-敦南,8888,39,15,24,0.56,12,buy
9/10,8069,富邦-彰化,0039003600350055,1,11,-10,0.23,12,sell
9/10,8069,凱基-站前,0039003200300046,25,1,24,0.56,13,buy
9/10,8069,統一,5850,19,28,-9,0.21,13,sell
9/10,8069,富邦-新竹,9647,23,1,22,0.51,14,buy
9/10,8069,港商野村,1560,7,16,-9,0.21,14,sell
9/10,8069,中國信託-嘉義,6168,20,0,20,0.47,15,buy
9/10,8069,永豐金-中和,0039004100390042,1,10,-9,0.21,15,sell
9/10,6147,國泰-敦南,8888,2115,1544,571,1.0,1,buy
9/10,6147,台灣摩根士丹利,1470,933,5406,-4473,7.84,1,sell
9/10,6147,統一-南京,0035003800350055,690,184,506,0.89,2,buy
9/10,6147,新加坡商瑞銀,1650,304,3810,-3506,6.15,2,sell
9/10,6147,合庫證券,1020,379,7,372,0.65,3,buy
9/10,6147,美商高盛,1480,1256,4429,-3173,5.56,3,sell
9/10,6147,凱基-站前,0039003200300046,498,154,344,0.6,4,buy
9/10,6147,元大證券,9800,4672,5862,-1190,2.09,4,sell
9/10,6147,玉山證券,8840,328,46,282,0.49,5,buy
9/10,6147,摩根大通,8440,336,1282,-946,1.66,5,sell
9/10,6147,(牛牛牛)亞證券,6010,254,0,254,0.45,6,buy
9/10,6147,港商野村,1560,10,752,-742,1.3,6,sell
9/10,6147,中國信託,6160,401,157,244,0.43,7,buy
9/10,6147,富邦-嘉義,9692,78,657,-579,1.02,7,sell
9/10,6147,富邦-南京,0039003600310043,305,63,242,0.42,8,buy
9/10,6147,凱基-台北,9268,2711,3266,-555,0.97,8,sell
9/10,6147,國票-敦北法人,0037003700390063,234,1,233,0.41,9,buy
9/10,6147,群益金鼎,9100,837,1378,-541,0.95,9,sell
9/10,6147,花旗環球,1590,219,0,219,0.38,10,buy
9/10,6147,台新,0039004200300030,421,851,-430,0.75,10,sell
9/10,6147,富邦證券,9600,855,644,211,0.37,11,buy
9/10,6147,美林,1440,145,462,-317,0.56,11,sell
9/10,6147,元大-蘆洲,9857,284,74,210,0.37,12,buy
9/10,6147,國泰證券,8880,50,316,-266,0.47,12,sell
9/10,6147,國泰-板橋,003800380038004b,424,241,183,0.32,13,buy
9/10,6147,凱基-興隆,9289,12,206,-194,0.34,13,sell
9/10,6147,富邦-木柵,003900360031004d,202,29,173,0.3,14,buy
9/10,6147,凱基-大里,0039003200300057,29,196,-167,0.29,14,sell
9/10,6147,元大-善化,0039003800310079,325,153,172,0.3,15,buy
9/10,6147,永豐金-豐原,0039004100390051,44,178,-134,0.23,15,sell
9/10,2324,港商麥格理,1360,2098,0,2098,6.04,1,buy
9/10,2324,港商野村,1560,0,4376,-4376,12.59,1,sell
9/10,2324,香港上海匯豐,8960,912,0,912,2.62,2,buy
9/10,2324,美商高盛,1480,1426,5720,-4294,12.36,2,sell
9/10,2324,合庫證券,1020,617,35,582,1.67,3,buy
9/10,2324,摩根大通,8440,906,2218,-1312,3.78,3,sell
9/10,2324,永豐金-羅東,0039004100390041,517,13,504,1.45,4,buy
9/10,2324,新加坡商瑞銀,1650,57,1120,-1063,3.06,4,sell
9/10,2324,玉山-嘉義,8848,441,28,413,1.19,5,buy
9/10,2324,台灣摩根士丹利,1470,546,1317,-771,2.22,5,sell
9/10,2324,花旗環球,1590,398,8,390,1.12,6,buy
9/10,2324,兆豐-台中港,7005,21,417,-396,1.14,6,sell
9/10,2324,元大-北投,0039003800390041,596,237,359,1.03,7,buy
9/10,2324,富邦證券,9600,207,468,-261,0.75,7,sell
9/10,2324,國泰-敦南,8888,801,483,318,0.92,8,buy
9/10,2324,國票-北投,7792,2,202,-200,0.58,8,sell
9/10,2324,永豐金-敦北,0039004100380039,367,50,317,0.91,9,buy
9/10,2324,富邦-台北,9623,78,274,-196,0.56,9,sell
9/10,2324,永豐金-板新,003900410039004a,346,33,313,0.9,10,buy
9/10,2324,台新-緯城,0039004200320041,20,212,-192,0.55,10,sell
9/10,2324,華南永昌-中正,9359,325,15,310,0.89,11,buy
9/10,2324,國票證券,7790,21,186,-165,0.47,11,sell
9/10,2324,新光,8560,420,123,297,0.85,12,buy
9/10,2324,(牛牛牛)亞-鑫豐,0036003000310064,73,213,-140,0.4,12,sell
9/10,2324,凱基-台北,9268,1602,1306,296,0.85,13,buy
9/10,2324,康和,8450,1,111,-110,0.32,13,sell
9/10,2324,光和-溪湖,6381,231,5,226,0.65,14,buy
9/10,2324,兆豐-松德,0037003000300069,3,100,-97,0.28,14,sell
9/10,2324,美林,1440,1026,814,212,0.61,15,buy
9/10,2324,群益金鼎-新竹,9186,4,101,-97,0.28,15,sell
9/10,2492,摩根大通,8440,2191,727,1464,3.43,1,buy
9/10,2492,新加坡商瑞銀,1650,634,1941,-1307,3.06,1,sell
9/10,2492,永豐金-敦北,0039004100380039,644,29,615,1.44,2,buy
9/10,2492,港商野村,1560,61,1115,-1054,2.47,2,sell
9/10,2492,美商高盛,1480,2564,2100,464,1.09,3,buy
9/10,2492,凱基-台北,9268,2293,3180,-887,2.08,3,sell
9/10,2492,富邦證券,9600,559,306,253,0.59,4,buy
9/10,2492,元大證券,9800,3691,3956,-265,0.62,4,sell
9/10,2492,永豐金-信義,0039004100390052,228,16,212,0.5,5,buy
9/10,2492,台灣摩根士丹利,1470,1980,2230,-250,0.59,5,sell
9/10,2492,國票-安和,003700370039005a,278,71,207,0.48,6,buy
9/10,2492,永豐金證券,0039004100300030,539,700,-161,0.38,6,sell
9/10,2492,元大-館前,003900380034004b,209,60,149,0.35,7,buy
9/10,2492,元大-金華,9878,35,174,-139,0.33,7,sell
9/10,2492,凱基,9200,318,170,148,0.35,8,buy
9/10,2492,群益金鼎-中港,9138,10,123,-113,0.26,8,sell
9/10,2492,凱基-雙和,0039003200300043,158,45,113,0.26,9,buy
9/10,2492,統一-土城,0035003800350059,7,106,-99,0.23,9,sell
9/10,2492,國票-敦北法人,0037003700390063,128,22,106,0.25,10,buy
9/10,2492,花旗環球,1590,6,84,-78,0.18,10,sell
9/10,2492,華南永昌-中正,9359,127,27,100,0.23,11,buy
9/10,2492,富邦-港都,0039003600320051,20,94,-74,0.17,11,sell
9/10,2492,新光-新竹,8563,140,42,98,0.23,12,buy
9/10,2492,康和-板橋,0038003400350044,12,77,-65,0.15,12,sell
9/10,2492,台新-五權西,0039004200320035,124,30,94,0.22,13,buy
9/10,2492,兆豐-虎尾,0037003000300046,8,64,-56,0.13,13,sell
9/10,2492,凱基-信義,9216,158,82,76,0.18,14,buy
9/10,2492,陽信-石牌,8711,19,73,-54,0.13,14,sell
9/10,2492,台新-城東,0039004200320072,100,27,73,0.17,15,buy
9/10,2492,永豐金-敦南,0039004100380046,49,100,-51,0.12,15,sell
9/10,2449,摩根大通,8440,2569,326,2243,17.21,1,buy
9/10,2449,台灣摩根士丹利,1470,242,917,-675,5.18,1,sell
9/10,2449,國泰證券,8880,1503,10,1493,11.45,2,buy
9/10,2449,中國信託,6160,18,492,-474,3.64,2,sell
9/10,2449,港商野村,1560,701,47,654,5.02,3,buy
9/10,2449,凱基-台北,9268,471,753,-282,2.16,3,sell
9/10,2449,台新-松德,0039004200320061,76,14,62,0.48,4,buy
9/10,2449,元大證券,9800,706,951,-245,1.88,4,sell
9/10,2449,港商麥格理,1360,42,2,40,0.31,5,buy
9/10,2449,新加坡商瑞銀,1650,144,381,-237,1.82,5,sell
9/10,2449,富邦證券,9600,52,19,33,0.25,6,buy
9/10,2449,元大-豐原站前,0039003800390057,10,81,-71,0.54,6,sell
9/10,2449,國票-九鼎,0037003700390050,28,4,24,0.18,7,buy
9/10,2449,國泰-敦南,8888,235,301,-66,0.51,7,sell
9/10,2449,華南永昌-大安,9307,25,1,24,0.18,8,buy
9/10,2449,美林,1440,180,246,-66,0.51,8,sell
9/10,2449,日茂,5960,20,0,20,0.15,9,buy
9/10,2449,合庫-高雄,1023,2,59,-57,0.44,9,sell
9/10,2449,中國信託-嘉義,6168,23,3,20,0.15,10,buy
9/10,2449,兆豐-嘉義,7001,0,53,-53,0.41,10,sell
9/10,2449,群益金鼎,9100,134,116,18,0.14,11,buy
9/10,2449,國泰-台中,8882,52,103,-51,0.39,11,sell
9/10,2449,元大-彰化,0039003800310047,26,9,17,0.13,12,buy
9/10,2449,美商高盛,1480,924,974,-50,0.38,12,sell
9/10,2449,永豐金-匯立,0039004100380031,16,0,16,0.12,13,buy
9/10,2449,新光-新竹,8563,14,55,-41,0.31,13,sell
9/10,2449,華南永昌,9300,57,41,16,0.12,14,buy
9/10,2449,統一-南京,0035003800350055,1,42,-41,0.31,14,sell
9/10,2449,陽信-石牌,8711,19,4,15,0.12,15,buy
9/10,2449,富邦-建國,9658,11,50,-39,0.3,15,sell
9/10,2332,光和-溪湖,6381,124,0,124,3.48,1,buy
9/10,2332,凱基-台北,9268,190,432,-242,6.8,1,sell
9/10,2332,元大-松山,0039003800310070,100,0,100,2.81,2,buy
9/10,2332,美林,1440,0,229,-229,6.43,2,sell
9/10,2332,元大-永和,9891,100,1,99,2.78,3,buy
9/10,2332,新加坡商瑞銀,1650,93,252,-159,4.47,3,sell
9/10,2332,美好-楊梅,5262,50,0,50,1.4,4,buy
9/10,2332,統一-東湖,0035003800350052,1,105,-104,2.92,4,sell
9/10,2332,富邦-南員林,0039003600310052,49,0,49,1.38,5,buy
9/10,2332,台灣摩根士丹利,1470,214,312,-98,2.75,5,sell
9/10,2332,(牛牛牛)亞證券,6010,45,0,45,1.26,6,buy
9/10,2332,元大-羅東,0039003800320041,3,84,-81,2.27,6,sell
9/10,2332,新光-台中,8561,58,15,43,1.21,7,buy
9/10,2332,第一金-員林,5381,0,68,-68,1.91,7,sell
9/10,2332,台新-松德,0039004200320061,51,9,42,1.18,8,buy
9/10,2332,美商高盛,1480,31,90,-59,1.66,8,sell
9/10,2332,新光,8560,63,27,36,1.01,9,buy
9/10,2332,元大-北府,0039003800300044,1,60,-59,1.66,9,sell
9/10,2332,國票-內壢,7798,32,0,32,0.9,10,buy
9/10,2332,元大-台北,0039003800300068,5,63,-58,1.63,10,sell
9/10,2332,國泰-敦南,8888,62,33,29,0.81,11,buy
9/10,2332,元大-鑫永和,9888,0,50,-50,1.4,11,sell
9/10,2332,花旗環球,1590,38,11,27,0.76,12,buy
9/10,2332,國泰-台中,8882,4,51,-47,1.32,12,sell
9/10,2332,元大-員林,9889,26,0,26,0.73,13,buy
9/10,2332,中國信託-忠孝,6162,11,37,-26,0.73,13,sell
9/10,2332,元大-上新莊,0039003800330047,24,0,24,0.67,14,buy
9/10,2332,元大-草屯,0039003800390045,16,42,-26,0.73,14,sell
9/10,2332,統一-土城,0035003800350059,24,2,22,0.62,15,buy
9/10,2332,元大-西屯,0039003800300077,21,46,-25,0.7,15,sell
9/10,3033,新加坡商瑞銀,1650,344,89,255,8.62,1,buy
9/10,3033,美林,1440,3,263,-260,8.79,1,sell
9/10,3033,凱基-台北,9268,377,139,238,8.04,2,buy
9/10,3033,永興,5600,1,185,-184,6.22,2,sell
9/10,3033,摩根大通,8440,212,85,127,4.29,3,buy
9/10,3033,群益金鼎,9100,32,151,-119,4.02,3,sell
9/10,3033,台灣摩根士丹利,1470,187,97,90,3.04,4,buy
9/10,3033,群益金鼎-開元,9134,1,95,-94,3.18,4,sell
9/10,3033,統一-中壢,5853,60,0,60,2.03,5,buy
9/10,3033,統一-士林,003500380035004d,1,90,-89,3.01,5,sell
9/10,3033,元大-萬華,0039003800310071,62,2,60,2.03,6,buy
9/10,3033,華南永昌-板橋,9349,13,97,-84,2.84,6,sell
9/10,3033,群益金鼎-高盛,9105,36,1,35,1.18,7,buy
9/10,3033,兆豐-城中,0037003000300057,5,81,-76,2.57,7,sell
9/10,3033,台新-新店,0039004200320032,32,0,32,1.08,8,buy
9/10,3033,元大-華山,0039003800310055,0,61,-61,2.06,8,sell
9/10,3033,凱基-斗六,9281,39,8,31,1.05,9,buy
9/10,3033,國泰-館前,0038003800380041,3,52,-49,1.66,9,sell
9/10,3033,台新,0039004200300030,45,17,28,0.95,10,buy
9/10,3033,中國信託-三重,6161,0,39,-39,1.32,10,sell
9/10,3033,宏遠-新化,0031003200360058,24,0,24,0.81,11,buy
9/10,3033,元大證券,9800,55,90,-35,1.18,11,sell
9/10,3033,華南永昌,9300,23,1,22,0.74,12,buy
9/10,3033,美商高盛,1480,154,187,-33,1.12,12,sell
9/10,3033,元大-館前,003900380034004b,23,1,22,0.74,13,buy
9/10,3033,富邦-板橋,9655,8,39,-31,1.05,13,sell
9/10,3033,富邦-桃園,9665,19,0,19,0.64,14,buy
9/10,3033,彰銀,1230,0,30,-30,1.01,14,sell
9/10,3033,元大-南屯,9853,18,1,17,0.57,15,buy
9/10,3033,臺銀-民權,1043,2,31,-29,0.98,15,sell
9/10,2634,凱基-台北,9268,794,428,366,4.11,1,buy
9/10,2634,美商高盛,1480,191,1126,-935,10.51,1,sell
9/10,2634,群益金鼎-大甲,0039003100380067,119,20,99,1.11,2,buy
9/10,2634,凱基-站前,0039003200300046,69,368,-299,3.36,2,sell
9/10,2634,永豐金-亞灣,0039004100390061,68,2,66,0.74,3,buy
9/10,2634,凱基-中港,9202,8,303,-295,3.31,3,sell
9/10,2634,凱基-八德,003900320031004d,68,4,64,0.72,4,buy
9/10,2634,元大-文心,9868,8,201,-193,2.17,4,sell
9/10,2634,台新-松江,0039004200310035,61,0,61,0.69,5,buy
9/10,2634,台灣摩根士丹利,1470,278,459,-181,2.03,5,sell
9/10,2634,永豐金-永康,0039004100390063,55,1,54,0.61,6,buy
9/10,2634,國泰-館前,0038003800380041,33,196,-163,1.83,6,sell
9/10,2634,兆豐-復興,0037003000300070,53,0,53,0.6,7,buy
9/10,2634,港商野村,1560,0,130,-130,1.46,7,sell
9/10,2634,陽信-石牌,8711,52,0,52,0.58,8,buy
9/10,2634,富邦-岡山,9616,9,102,-93,1.05,8,sell
9/10,2634,元大-沙鹿,0039003800300064,51,2,49,0.55,9,buy
9/10,2634,華南永昌-敦南,9347,95,176,-81,0.91,9,sell
9/10,2634,群益金鼎-屏東,0039003100330048,48,0,48,0.54,10,buy
9/10,2634,摩根大通,8440,30,102,-72,0.81,10,sell
9/10,2634,中國信託,6160,46,5,41,0.46,11,buy
9/10,2634,華南永昌-小港,9323,10,68,-58,0.65,11,sell
9/10,2634,台新-文心,003900420032007a,45,7,38,0.43,12,buy
9/10,2634,元大-文心興安,9854,25,79,-54,0.61,12,sell
9/10,2634,富邦-新竹,9647,41,5,36,0.4,13,buy
9/10,2634,元大-鳳山,003900380033005a,6,53,-47,0.53,13,sell
9/10,2634,元大-台中中港,0039003800390042,38,3,35,0.39,14,buy
9/10,2634,元大-高雄,003900380031006d,3,50,-47,0.53,14,sell
9/10,2634,彰銀-台中,1233,41,8,33,0.37,15,buy
9/10,2634,富邦-台北,9623,31,77,-46,0.52,15,sell
9/10,2890,港商野村,1560,2090,15,2075,9.62,1,buy
9/10,2890,台灣摩根士丹利,1470,1462,5588,-4126,19.13,1,sell
9/10,2890,摩根大通,8440,3044,1744,1300,6.03,2,buy
9/10,2890,凱基-台北,9268,523,4246,-3723,17.26,2,sell
9/10,2890,永豐金證券,0039004100300030,1350,137,1213,5.62,3,buy
9/10,2890,美林,1440,175,1342,-1167,5.41,3,sell
9/10,2890,美商高盛,1480,1858,650,1208,5.6,4,buy
9/10,2890,法銀巴黎,8900,0,629,-629,2.92,4,sell
9/10,2890,台新,0039004200300030,1113,31,1082,5.02,5,buy
9/10,2890,香港上海匯豐,8960,0,127,-127,0.59,5,sell
9/10,2890,永豐金-匯立,0039004100380031,699,0,699,3.24,6,buy
9/10,2890,元大-內湖民權,9867,0,106,-106,0.49,6,sell
9/10,2890,新加坡商瑞銀,1650,2874,2342,532,2.47,7,buy
9/10,2890,台新-台北,0039004200320030,1,100,-99,0.46,7,sell
9/10,2890,富邦證券,9600,414,0,414,1.92,8,buy
9/10,2890,元大-南京,9862,10,101,-91,0.42,8,sell
9/10,2890,台新-城中,0039004200320045,250,0,250,1.16,9,buy
9/10,2890,新光-台中,8561,5,72,-67,0.31,9,sell
9/10,2890,群益金鼎,9100,396,164,232,1.08,10,buy
9/10,2890,台新-緯城,0039004200320041,3,68,-65,0.3,10,sell
9/10,2890,華南永昌-竹北,9339,141,0,141,0.65,11,buy
9/10,2890,永豐金-板新,003900410039004a,10,69,-59,0.27,11,sell
9/10,2890,永豐金-台南,0039004100390068,123,22,101,0.47,12,buy
9/10,2890,富邦-台南,9667,2,60,-58,0.27,12,sell
9/10,2890,群益金鼎-崇德,0039003100330055,81,0,81,0.38,13,buy
9/10,2890,土銀-玉里,1036,0,46,-46,0.21,13,sell
9/10,2890,元大-鑫永和,9888,80,11,69,0.32,14,buy
9/10,2890,國泰-館前,0038003800380041,32,74,-42,0.19,14,sell
9/10,2890,國泰-敦南,8888,142,79,63,0.29,15,buy
9/10,2890,統一-竹南,003500380035006d,0,40,-40,0.19,15,sell
9/10,1303,富邦證券,9600,3277,556,2721,4.57,1,buy
9/10,1303,凱基-台北,9268,3649,4291,-642,1.08,1,sell
9/10,1303,美林,1440,2681,693,1988,3.34,2,buy
9/10,1303,國泰-敦南,8888,1254,1888,-634,1.07,2,sell
9/10,1303,美商高盛,1480,4832,3552,1280,2.15,3,buy
9/10,1303,元大-復北,9872,187,423,-236,0.4,3,sell
9/10,1303,大和國泰,8890,1059,0,1059,1.78,4,buy
9/10,1303,元大-天母,0039003800310049,28,235,-207,0.35,4,sell
9/10,1303,港商野村,1560,1162,221,941,1.58,5,buy
9/10,1303,國泰-板橋,003800380038004b,178,365,-187,0.31,5,sell
9/10,1303,台灣摩根士丹利,1470,1968,1341,627,1.05,6,buy
9/10,1303,新光,8560,296,475,-179,0.3,6,sell
9/10,1303,康和,8450,591,36,555,0.93,7,buy
9/10,1303,美好-蘆洲,5261,57,226,-169,0.28,7,sell
9/10,1303,兆豐證券,7000,539,19,520,0.87,8,buy
9/10,1303,兆豐-忠孝,0037003000300061,29,195,-166,0.28,8,sell
9/10,1303,元大證券,9800,3614,3112,502,0.84,9,buy
9/10,1303,富邦-仁愛,9676,230,390,-160,0.27,9,sell
9/10,1303,富邦-嘉義,9692,773,275,498,0.84,10,buy
9/10,1303,統一-城中,5854,135,285,-150,0.25,10,sell
9/10,1303,元大-大天母,9893,519,30,489,0.82,11,buy
9/10,1303,永豐金證券,0039004100300030,385,513,-128,0.22,11,sell
9/10,1303,新加坡商瑞銀,1650,2515,2228,287,0.48,12,buy
9/10,1303,中國信託,6160,112,239,-127,0.21,12,sell
9/10,1303,凱基,9200,300,34,266,0.45,13,buy
9/10,1303,國泰-桃園,8885,145,270,-125,0.21,13,sell
9/10,1303,台新,0039004200300030,755,520,235,0.4,14,buy
9/10,1303,元大-中山北路,0039003800300061,38,158,-120,0.2,14,sell
9/10,1303,凱基-城中,9227,246,35,211,0.35,15,buy
9/10,1303,永豐金-桃盛,003900410039004e,28,145,-117,0.2,15,sell
9/10,2801,台新,0039004200300030,6120,5,6115,22.67,1,buy
9/10,2801,新加坡商瑞銀,1650,860,6944,-6084,22.56,1,sell
9/10,2801,元大-中壢,9834,2025,8,2017,7.48,2,buy
9/10,2801,凱基-台北,9268,659,3074,-2415,8.95,2,sell
9/10,2801,彰銀,1230,996,101,895,3.32,3,buy
9/10,2801,美林,1440,109,1217,-1108,4.11,3,sell
9/10,2801,富邦-陽明,9604,895,134,761,2.82,4,buy
9/10,2801,元大證券,9800,321,826,-505,1.87,4,sell
9/10,2801,港商野村,1560,504,0,504,1.87,5,buy
9/10,2801,臺銀-臺南,1042,14,500,-486,1.8,5,sell
9/10,2801,新光-桃園,8565,302,0,302,1.12,6,buy
9/10,2801,元大-龍潭,9858,13,471,-458,1.7,6,sell
9/10,2801,元大-大里德芳,0039003800330057,266,8,258,0.96,7,buy
9/10,2801,花旗環球,1590,34,446,-412,1.53,7,sell
9/10,2801,彰銀-台中,1233,264,27,237,0.88,8,buy
9/10,2801,元大-小港,003900380039005a,5,374,-369,1.37,8,sell
9/10,2801,台新-新店,0039004200320032,228,1,227,0.84,9,buy
9/10,2801,永豐金-松山,0039004100390031,39,400,-361,1.34,9,sell
9/10,2801,中農,8520,211,0,211,0.78,10,buy
9/10,2801,台灣摩根士丹利,1470,1241,1573,-332,1.23,10,sell
9/10,2801,玉山-士林,0038003800340041,216,7,209,0.77,11,buy
9/10,2801,元大-新店中正,0039003800340043,2,276,-274,1.02,11,sell
9/10,2801,永豐金-新竹,0039004100390037,186,8,178,0.66,12,buy
9/10,2801,富邦-中壢,9636,4,231,-227,0.84,12,sell
9/10,2801,富邦證券,9600,144,0,144,0.53,13,buy
9/10,2801,香港上海匯豐,8960,0,218,-218,0.81,13,sell
9/10,2801,第一金-安和,003500330038006a,142,0,142,0.53,14,buy
9/10,2801,玉山-城中,0038003800340045,20,222,-202,0.75,14,sell
9/10,2801,台新-高雄,0039004200310067,127,8,119,0.44,15,buy
9/10,2801,合庫-彰化,1028,6,197,-191,0.71,15,sell
9/10,1402,台灣摩根士丹利,1470,2159,391,1768,25.74,1,buy
9/10,1402,永豐金證券,0039004100300030,247,1058,-811,11.81,1,sell
9/10,1402,新加坡商瑞銀,1650,344,55,289,4.21,2,buy
9/10,1402,統一,5850,24,614,-590,8.59,2,sell
9/10,1402,美商高盛,1480,776,487,289,4.21,3,buy
9/10,1402,福勝,6950,0,420,-420,6.11,3,sell
9/10,1402,美林,1440,185,13,172,2.5,4,buy
9/10,1402,摩根大通,8440,578,995,-417,6.07,4,sell
9/10,1402,花旗環球,1590,156,15,141,2.05,5,buy
9/10,1402,群益金鼎,9100,20,372,-352,5.12,5,sell
9/10,1402,兆豐證券,7000,110,0,110,1.6,6,buy
9/10,1402,凱基-台北,9268,485,623,-138,2.01,6,sell
9/10,1402,凱基-大直,9218,100,0,100,1.46,7,buy
9/10,1402,新光-桃園,8565,1,100,-99,1.44,7,sell
9/10,1402,台新-高雄,0039004200310067,50,1,49,0.71,8,buy
9/10,1402,國票-南港,7795,0,90,-90,1.31,8,sell
9/10,1402,元大-敦化,9833,51,4,47,0.68,9,buy
9/10,1402,元大證券,9800,57,144,-87,1.27,9,sell
9/10,1402,(牛牛牛)亞-鑫豐,0036003000310064,36,0,36,0.52,10,buy
9/10,1402,台新-世貿,0039004200320075,0,70,-70,1.02,10,sell
9/10,1402,臺銀,1040,35,0,35,0.51,11,buy
9/10,1402,元大-桃園,0039003800380042,0,66,-66,0.96,11,sell
9/10,1402,香港上海匯豐,8960,34,0,34,0.49,12,buy
9/10,1402,元大-台北,0039003800300068,0,52,-52,0.76,12,sell
9/10,1402,永豐金-竹科,0039004100390058,33,2,31,0.45,13,buy
9/10,1402,永豐金-竹北,0039004100390050,2,51,-49,0.71,13,sell
9/10,1402,元大-仁愛,003900380033006a,30,0,30,0.44,14,buy
9/10,1402,群益金鼎-台南,9185,60,104,-44,0.64,14,sell
9/10,1402,台新-西松,003900420032006e,25,0,25,0.36,15,buy
9/10,1402,中國信託-文心,6164,1,44,-43,0.63,15,sell
9/10,2542,中國信託,6160,525,28,497,3.6,1,buy
9/10,2542,台灣摩根士丹利,1470,387,3334,-2947,21.36,1,sell
9/10,2542,合庫證券,1020,474,1,473,3.43,2,buy
9/10,2542,凱基-台北,9268,180,2044,-1864,13.51,2,sell
9/10,2542,合庫-台中,1021,355,0,355,2.57,3,buy
9/10,2542,美商高盛,1480,310,1649,-1339,9.7,3,sell
9/10,2542,兆豐-忠孝,0037003000300061,309,0,309,2.24,4,buy
9/10,2542,摩根大通,8440,104,759,-655,4.75,4,sell
9/10,2542,富邦-永和,9654,250,5,245,1.78,5,buy
9/10,2542,新加坡商瑞銀,1650,181,807,-626,4.54,5,sell
9/10,2542,元大證券,9800,320,136,184,1.33,6,buy
9/10,2542,美林,1440,269,820,-551,3.99,6,sell
9/10,2542,國泰-敦南,8888,282,110,172,1.25,7,buy
9/10,2542,國泰-台南,8884,15,433,-418,3.03,7,sell
9/10,2542,玉山-台南,8847,162,2,160,1.16,8,buy
9/10,2542,港商野村,1560,0,221,-221,1.6,8,sell
9/10,2542,彰銀,1230,151,0,151,1.09,9,buy
9/10,2542,國票證券,7790,17,189,-172,1.25,9,sell
9/10,2542,群益金鼎,9100,204,54,150,1.09,10,buy
9/10,2542,統一-新台中,0035003800350044,13,170,-157,1.14,10,sell
9/10,2542,永豐金-桃園,0039004100390078,141,0,141,1.02,11,buy
9/10,2542,元大-南投,0039003800310044,35,163,-128,0.93,11,sell
9/10,2542,群益金鼎-新店,0039003100380046,131,0,131,0.95,12,buy
9/10,2542,統一-桃園,0035003800350048,14,100,-86,0.62,12,sell
9/10,2542,新光-新竹,8563,131,0,131,0.95,13,buy
9/10,2542,玉山證券,8840,21,96,-75,0.54,13,sell
9/10,2542,新光,8560,159,31,128,0.93,14,buy
9/10,2542,永豐金證券,0039004100300030,151,214,-63,0.46,14,sell
9/10,2542,國泰-館前,0038003800380041,134,13,121,0.88,15,buy
9/10,2542,華南永昌-古亭,9309,1,60,-59,0.43,15,sell
9/10,3105,凱基-站前,0039003200300046,1896,52,1844,12.14,1,buy
9/10,3105,美商高盛,1480,427,1065,-638,4.2,1,sell
9/10,3105,元大證券,9800,1210,1090,120,0.79,2,buy
9/10,3105,新加坡商瑞銀,1650,291,733,-442,2.91,2,sell
9/10,3105,富邦證券,9600,333,256,77,0.51,3,buy
9/10,3105,摩根大通,8440,213,618,-405,2.67,3,sell
9/10,3105,富邦-台北,9623,123,53,70,0.46,4,buy
9/10,3105,台灣摩根士丹利,1470,475,863,-388,2.55,4,sell
9/10,3105,華南永昌-中正,9359,68,3,65,0.43,5,buy
9/10,3105,凱基-台北,9268,806,1036,-230,1.51,5,sell
9/10,3105,花旗環球,1590,58,0,58,0.38,6,buy
9/10,3105,美林,1440,15,193,-178,1.17,6,sell
9/10,3105,中國信託,6160,114,57,57,0.38,7,buy
9/10,3105,永豐金證券,0039004100300030,211,337,-126,0.83,7,sell
9/10,3105,元大-中崙,9813,89,38,51,0.34,8,buy
9/10,3105,台新,0039004200300030,101,223,-122,0.8,8,sell
9/10,3105,國泰證券,8880,42,11,31,0.2,9,buy
9/10,3105,兆豐-天母,003700300030004c,7,118,-111,0.73,9,sell
9/10,3105,群益金鼎,9100,258,228,30,0.2,10,buy
9/10,3105,港商野村,1560,60,166,-106,0.7,10,sell
9/10,3105,永豐金-中正,0039004100390055,40,12,28,0.18,11,buy
9/10,3105,凱基,9200,4,101,-97,0.64,11,sell
9/10,3105,台新-敦南,0039004200320051,27,4,23,0.15,12,buy
9/10,3105,台新-松德,0039004200320061,22,79,-57,0.38,12,sell
9/10,3105,凱基-信義,9216,22,0,22,0.14,13,buy
9/10,3105,香港上海匯豐,8960,0,48,-48,0.32,13,sell
9/10,3105,富邦-三重,9677,32,12,20,0.13,14,buy
9/10,3105,港商麥格理,1360,0,39,-39,0.26,14,sell
9/10,3105,富邦-仁愛,9676,38,18,20,0.13,15,buy
9/10,3105,統一,5850,38,71,-33,0.22,15,sell
9/10,2855,(牛牛牛)亞證券,6010,1000,0,1000,25.58,1,buy
9/10,2855,凱基-台北,9268,101,632,-531,13.58,1,sell
9/10,2855,台新,0039004200300030,465,13,452,11.56,2,buy
9/10,2855,台灣摩根士丹利,1470,23,470,-447,11.43,2,sell
9/10,2855,統一,5850,323,2,321,8.21,3,buy
9/10,2855,美林,1440,23,272,-249,6.37,3,sell
9/10,2855,花旗環球,1590,160,3,157,4.02,4,buy
9/10,2855,港商麥格理,1360,0,178,-178,4.55,4,sell
9/10,2855,凱基-站前,0039003200300046,107,8,99,2.53,5,buy
9/10,2855,新加坡商瑞銀,1650,20,146,-126,3.22,5,sell
9/10,2855,台新-永和,0039004200320042,75,0,75,1.92,6,buy
9/10,2855,元大-內湖,003900380039004e,0,101,-101,2.58,6,sell
9/10,2855,元大-南勢角,0039003800340045,59,0,59,1.51,7,buy
9/10,2855,美商高盛,1480,97,190,-93,2.38,7,sell
9/10,2855,群益金鼎-古亭,0039003100380043,53,0,53,1.36,8,buy
9/10,2855,新光,8560,11,67,-56,1.43,8,sell
9/10,2855,永豐金證券,0039004100300030,50,0,50,1.28,9,buy
9/10,2855,凱基-三重,9205,0,52,-52,1.33,9,sell
9/10,2855,永豐金-亞灣,0039004100390061,45,11,34,0.87,10,buy
9/10,2855,大展,5050,0,50,-50,1.28,10,sell
9/10,2855,華南永昌-大安,9307,44,17,27,0.69,11,buy
9/10,2855,台新-世貿,0039004200320075,1,50,-49,1.25,11,sell
9/10,2855,玉山-桃園,0038003800340046,20,0,20,0.51,12,buy
9/10,2855,凱基-高美館,9215,0,40,-40,1.02,12,sell
9/10,2855,群益金鼎-開元,9134,20,0,20,0.51,13,buy
9/10,2855,富邦-台中,003900360035004b,0,40,-40,1.02,13,sell
9/10,2855,凱基-中壢,9285,23,3,20,0.51,14,buy
9/10,2855,凱基-桃園,9208,2,40,-38,0.97,14,sell
9/10,2855,富邦-斗六,0039003600320047,20,0,20,0.51,15,buy
9/10,2855,摩根大通,8440,223,260,-37,0.95,15,sell
9/10,2301,港商野村,1560,1468,31,1437,7.21,1,buy
9/10,2301,台灣摩根士丹利,1470,691,2618,-1927,9.67,1,sell
9/10,2301,新加坡商瑞銀,1650,1188,570,618,3.1,2,buy
9/10,2301,富邦證券,9600,280,1875,-1595,8.01,2,sell
9/10,2301,美林,1440,832,347,485,2.43,3,buy
9/10,2301,花旗環球,1590,15,829,-814,4.09,3,sell
9/10,2301,港商麥格理,1360,340,0,340,1.71,4,buy
9/10,2301,凱基-台北,9268,854,1366,-512,2.57,4,sell
9/10,2301,中國信託,6160,322,30,292,1.47,5,buy
9/10,2301,美商高盛,1480,937,1222,-285,1.43,5,sell
9/10,2301,群益金鼎,9100,408,131,277,1.39,6,buy
9/10,2301,合庫證券,1020,8,262,-254,1.28,6,sell
9/10,2301,光和-溪湖,6381,257,3,254,1.28,7,buy
9/10,2301,富邦-南京,0039003600310043,17,254,-237,1.19,7,sell
9/10,2301,摩根大通,8440,665,499,166,0.83,8,buy
9/10,2301,香港上海匯豐,8960,0,111,-111,0.56,8,sell
9/10,2301,台新,0039004200300030,231,86,145,0.73,9,buy
9/10,2301,玉山-高雄,8843,30,115,-85,0.43,9,sell
9/10,2301,凱基,9200,141,1,140,0.7,10,buy
9/10,2301,兆豐-員林,003700300030006b,5,86,-81,0.41,10,sell
9/10,2301,國票證券,7790,91,13,78,0.39,11,buy
9/10,2301,(牛牛牛)亞證券,6010,0,80,-80,0.4,11,sell
9/10,2301,群益金鼎-桃園,9189,107,46,61,0.31,12,buy
9/10,2301,群益金鼎-古亭,0039003100380043,13,93,-80,0.4,12,sell
9/10,2301,國泰-敦南,8888,386,330,56,0.28,13,buy
9/10,2301,元大-和平,9863,5,79,-74,0.37,13,sell
9/10,2301,華南永昌-長虹,9333,55,0,55,0.28,14,buy
9/10,2301,國票-中正,7797,4,65,-61,0.31,14,sell
9/10,2301,富邦-公益,0039003600310046,103,48,55,0.28,15,buy
9/10,2301,第一金-中壢,0035003300380059,7,50,-43,0.22,15,sell
9/10,3532,美好-蘆洲,5261,43,1,42,0.97,1,buy
9/10,3532,凱基-台北,9268,367,691,-324,7.47,1,sell
9/10,3532,美林,1440,109,71,38,0.88,2,buy
9/10,3532,摩根大通,8440,7,230,-223,5.14,2,sell
9/10,3532,統一,5850,48,11,37,0.85,3,buy
9/10,3532,新加坡商瑞銀,1650,26,181,-155,3.58,3,sell
9/10,3532,國泰-敦南,8888,209,174,35,0.81,4,buy
9/10,3532,美商高盛,1480,67,123,-56,1.29,4,sell
9/10,3532,台新,0039004200300030,81,46,35,0.81,5,buy
9/10,3532,群益金鼎-內湖,0039003100380064,2,45,-43,0.99,5,sell
9/10,3532,台新-西松,003900420032006e,32,0,32,0.74,6,buy
9/10,3532,群益金鼎,9100,47,87,-40,0.92,6,sell
9/10,3532,群益金鼎-永和,003900310038004a,27,3,24,0.55,7,buy
9/10,3532,台灣摩根士丹利,1470,61,98,-37,0.85,7,sell
9/10,3532,國泰證券,8880,17,2,15,0.35,8,buy
9/10,3532,富邦-嘉義,9692,30,65,-35,0.81,8,sell
9/10,3532,元大-虎尾,003900380030006c,21,7,14,0.32,9,buy
9/10,3532,凱基-台中,9204,1,32,-31,0.72,9,sell
9/10,3532,統一-內湖,0035003800350062,14,0,14,0.32,10,buy
9/10,3532,永豐金-內湖,0039004100390067,2,28,-26,0.6,10,sell
9/10,3532,國泰-板橋,003800380038004b,35,22,13,0.3,11,buy
9/10,3532,華南永昌-南京,9326,1,23,-22,0.51,11,sell
9/10,3532,富邦-三重,9677,14,2,12,0.28,12,buy
9/10,3532,凱基-信義,9216,1,20,-19,0.44,12,sell
9/10,3532,元大-太平,0039003800310051,12,0,12,0.28,13,buy
9/10,3532,台新-松德,0039004200320061,8,19,-11,0.25,13,sell
9/10,3532,台新-中原,0039004200320067,12,0,12,0.28,14,buy
9/10,3532,凱基-台南,9211,8,19,-11,0.25,14,sell
9/10,3532,富邦證券,9600,17,6,11,0.25,15,buy
9/10,3532,凱基-虎尾,9236,4,14,-10,0.23,15,sell
9/10,3481,國泰-敦南,8888,4799,3672,1127,0.78,1,buy
9/10,3481,凱基-台北,9268,6275,16346,-10071,6.94,1,sell
9/10,3481,花旗環球,1590,1059,226,833,0.57,2,buy
9/10,3481,摩根大通,8440,801,8140,-7339,5.05,2,sell
9/10,3481,富邦-永和,9654,1060,407,653,0.45,3,buy
9/10,3481,台灣摩根士丹利,1470,1794,8373,-6579,4.53,3,sell
9/10,3481,合庫證券,1020,944,298,646,0.44,4,buy
9/10,3481,美商高盛,1480,3945,9525,-5580,3.84,4,sell
9/10,3481,元大-民雄,0039003800310056,1152,569,583,0.4,5,buy
9/10,3481,新加坡商瑞銀,1650,1036,4340,-3304,2.28,5,sell
9/10,3481,凱基-林口,9257,538,35,503,0.35,6,buy
9/10,3481,康和,8450,29,1677,-1648,1.14,6,sell
9/10,3481,統一-高雄,5851,500,95,405,0.28,7,buy
9/10,3481,元大證券,9800,11751,12808,-1057,0.73,7,sell
9/10,3481,元大-大統,003900380031007a,407,58,349,0.24,8,buy
9/10,3481,兆豐-忠孝,0037003000300061,80,961,-881,0.61,8,sell
9/10,3481,元大-學甲,003900380033004b,397,50,347,0.24,9,buy
9/10,3481,華南永昌-斗六,9327,142,900,-758,0.52,9,sell
9/10,3481,台新,0039004200300030,972,633,339,0.23,10,buy
9/10,3481,港商野村,1560,151,579,-428,0.29,10,sell
9/10,3481,永豐金-台南,0039004100390068,548,212,336,0.23,11,buy
9/10,3481,凱基,9200,6,338,-332,0.23,11,sell
9/10,3481,新光,8560,1615,1301,314,0.22,12,buy
9/10,3481,美林,1440,107,435,-328,0.23,12,sell
9/10,3481,富邦-高雄,9659,685,379,306,0.21,13,buy
9/10,3481,元大-信義安和,0039003800300052,53,352,-299,0.21,13,sell
9/10,3481,永豐金-市政,0039004100390057,447,145,302,0.21,14,buy
9/10,3481,彰銀-台中,1233,102,392,-290,0.2,14,sell
9/10,3481,元大-彰化民生,003900380039004a,349,48,301,0.21,15,buy
9/10,3481,永豐金-內湖,0039004100390067,110,354,-244,0.17,15,sell
9/10,3374,台灣摩根士丹利,1470,454,23,431,13.6,1,buy
9/10,3374,兆豐-台中港,7005,0,122,-122,3.85,1,sell
9/10,3374,統一,5850,286,21,265,8.36,2,buy
9/10,3374,群益金鼎-大安,0039003100380065,0,90,-90,2.84,2,sell
9/10,3374,凱基-台北,9268,159,11,148,4.67,3,buy
9/10,3374,國票-天祥,0037003700390056,0,47,-47,1.48,3,sell
9/10,3374,兆豐-民生,0037003000300063,60,1,59,1.86,4,buy
9/10,3374,兆豐-北高雄,0037003000300049,0,47,-47,1.48,4,sell
9/10,3374,群益金鼎,9100,71,16,55,1.74,5,buy
9/10,3374,美商高盛,1480,11,53,-42,1.33,5,sell
9/10,3374,國泰證券,8880,49,4,45,1.42,6,buy
9/10,3374,統一-南京,0035003800350055,0,39,-39,1.23,6,sell
9/10,3374,摩根大通,8440,37,1,36,1.14,7,buy
9/10,3374,兆豐-埔墘,003700300030004e,0,38,-38,1.2,7,sell
9/10,3374,美林,1440,23,0,23,0.73,8,buy
9/10,3374,凱基-站前,0039003200300046,1,23,-22,0.69,8,sell
9/10,3374,國票-北高雄,003700370039004a,26,3,23,0.73,9,buy
9/10,3374,元大-天母,0039003800310049,0,20,-20,0.63,9,sell
9/10,3374,統一-敦南,5852,22,4,18,0.57,10,buy
9/10,3374,群益金鼎-台北,0039003100380058,0,20,-20,0.63,10,sell
9/10,3374,國票-安和,003700370039005a,69,52,17,0.54,11,buy
9/10,3374,台新-桃園,0039004200320076,0,20,-20,0.63,11,sell
9/10,3374,華南永昌-中正,9359,20,5,15,0.47,12,buy
9/10,3374,群益金鼎-中壢,0039003100380041,1,20,-19,0.6,12,sell
9/10,3374,兆豐-虎尾,0037003000300046,14,0,14,0.44,13,buy
9/10,3374,國泰-敦南,8888,34,53,-19,0.6,13,sell
9/10,3374,兆豐證券,7000,18,5,13,0.41,14,buy
9/10,3374,國泰-板橋,003800380038004b,10,27,-17,0.54,14,sell
9/10,3374,富邦證券,9600,51,40,11,0.35,15,buy
9/10,3374,永豐金-信義,0039004100390052,0,14,-14,0.44,15,sell
9/10,3406,富邦證券,9600,2043,689,1354,14.18,1,buy
9/10,3406,台灣摩根士丹利,1470,185,594,-409,4.28,1,sell
9/10,3406,永豐金證券,0039004100300030,255,109,146,1.53,2,buy
9/10,3406,美商高盛,1480,565,818,-253,2.65,2,sell
9/10,3406,台新,0039004200300030,132,34,98,1.03,3,buy
9/10,3406,花旗環球,1590,2,215,-213,2.23,3,sell
9/10,3406,永豐金-豐原,0039004100390051,59,4,55,0.58,4,buy
9/10,3406,美林,1440,53,263,-210,2.2,4,sell
9/10,3406,第一金,5380,57,12,45,0.47,5,buy
9/10,3406,凱基-城中,9227,4,209,-205,2.15,5,sell
9/10,3406,新光,8560,97,56,41,0.43,6,buy
9/10,3406,摩根大通,8440,185,319,-134,1.4,6,sell
9/10,3406,美好-富順,003500320036004b,32,0,32,0.34,7,buy
9/10,3406,凱基-信義,9216,32,160,-128,1.34,7,sell
9/10,3406,台新-西松,003900420032006e,33,2,31,0.32,8,buy
9/10,3406,國票-台中,0037003700390076,15,141,-126,1.32,8,sell
9/10,3406,統一,5850,163,133,30,0.31,9,buy
9/10,3406,凱基-台北,9268,771,889,-118,1.24,9,sell
9/10,3406,富邦-木柵,003900360031004d,34,5,29,0.3,10,buy
9/10,3406,新加坡商瑞銀,1650,202,314,-112,1.17,10,sell
9/10,3406,凱基-站前,0039003200300046,58,34,24,0.25,11,buy
9/10,3406,港商野村,1560,0,76,-76,0.8,11,sell
9/10,3406,兆豐-南門,0037003000300067,23,1,22,0.23,12,buy
9/10,3406,國票-安和,003700370039005a,22,91,-69,0.72,12,sell
9/10,3406,中國信託,6160,54,33,21,0.22,13,buy
9/10,3406,群益金鼎-台北,0039003100380058,0,69,-69,0.72,13,sell
9/10,3406,富邦-台北,9623,30,10,20,0.21,14,buy
9/10,3406,華南永昌,9300,27,84,-57,0.6,14,sell
9/10,3406,統一-內湖,0035003800350062,18,0,18,0.19,15,buy
9/10,3406,永豐金-信義,0039004100390052,19,67,-48,0.5,15,sell
9/10,2353,國泰-敦南,8888,471,50,421,6.17,1,buy
9/10,2353,摩根大通,8440,177,870,-693,10.16,1,sell
9/10,2353,台灣摩根士丹利,1470,478,161,317,4.65,2,buy
9/10,2353,美林,1440,4,309,-305,4.47,2,sell
9/10,2353,美商高盛,1480,755,488,267,3.91,3,buy
9/10,2353,華南永昌,9300,3,194,-191,2.8,3,sell
9/10,2353,台灣企銀-嘉義,1114,150,0,150,2.2,4,buy
9/10,2353,元大-北府,0039003800300044,6,157,-151,2.21,4,sell
9/10,2353,兆豐證券,7000,108,0,108,1.58,5,buy
9/10,2353,富邦-台中,003900360035004b,10,153,-143,2.1,5,sell
9/10,2353,國泰-新竹,003800380038004e,100,0,100,1.47,6,buy
9/10,2353,元大證券,9800,86,216,-130,1.91,6,sell
9/10,2353,元大-桃園,0039003800380042,74,5,69,1.01,7,buy
9/10,2353,富邦-新營,9693,3,130,-127,1.86,7,sell
9/10,2353,合庫證券,1020,70,2,68,1.0,8,buy
9/10,2353,凱基,9200,0,122,-122,1.79,8,sell
9/10,2353,群益金鼎-彰化,9187,80,12,68,1.0,9,buy
9/10,2353,凱基-台南,9211,1,103,-102,1.49,9,sell
9/10,2353,元大-忠孝,9871,62,1,61,0.89,10,buy
9/10,2353,永豐金證券,0039004100300030,7,97,-90,1.32,10,sell
9/10,2353,群益金鼎-館前,0039003100330059,59,0,59,0.86,11,buy
9/10,2353,富邦證券,9600,0,81,-81,1.19,11,sell
9/10,2353,第一金-安和,003500330038006a,50,0,50,0.73,12,buy
9/10,2353,國票-九鼎,0037003700390050,12,84,-72,1.06,12,sell
9/10,2353,陽信-石牌,8711,40,1,39,0.57,13,buy
9/10,2353,凱基-台北,9268,136,204,-68,1.0,13,sell
9/10,2353,富邦-嘉義,9692,40,3,37,0.54,14,buy
9/10,2353,兆豐-台南,7006,0,60,-60,0.88,14,sell
9/10,2353,永豐金-內湖,0039004100390067,36,0,36,0.53,15,buy
9/10,2353,花旗環球,1590,31,91,-60,0.88,15,sell
9/10,2633,永豐金證券,0039004100300030,779,18,761,31.21,1,buy
9/10,2633,摩根大通,8440,198,534,-336,13.78,1,sell
9/10,2633,中國信託,6160,443,21,422,17.31,2,buy
9/10,2633,凱基-台北,9268,30,310,-280,11.48,2,sell
9/10,2633,永興,5600,100,0,100,4.1,3,buy
9/10,2633,新加坡商瑞銀,1650,39,197,-158,6.48,3,sell
9/10,2633,美林,1440,166,104,62,2.54,4,buy
9/10,2633,第一金-路竹,0035003300380050,3,78,-75,3.08,4,sell
9/10,2633,光和-嘉義,0036003300380041,49,0,49,2.01,5,buy
9/10,2633,新光-台中,8561,0,67,-67,2.75,5,sell
9/10,2633,元大-南投,0039003800310044,40,0,40,1.64,6,buy
9/10,2633,富邦-新店,9661,0,54,-54,2.21,6,sell
9/10,2633,新光-台南,8564,38,0,38,1.56,7,buy
9/10,2633,群益金鼎-建成,003900310038004c,0,50,-50,2.05,7,sell
9/10,2633,兆豐-新竹,0037003000300056,20,0,20,0.82,8,buy
9/10,2633,美商高盛,1480,71,117,-46,1.89,8,sell
9/10,2633,台中銀-豐原,0036003100310041,18,0,18,0.74,9,buy
9/10,2633,台灣摩根士丹利,1470,97,138,-41,1.68,9,sell
9/10,2633,臺銀-高雄,0031003000340043,11,0,11,0.45,10,buy
9/10,2633,富邦-左營,0039003600360046,10,51,-41,1.68,10,sell
9/10,2633,華南永昌,9300,11,0,11,0.45,11,buy
9/10,2633,元大-淡水,9899,0,40,-40,1.64,11,sell
9/10,2633,元大-花蓮,9856,10,0,10,0.41,12,buy
9/10,2633,港商野村,1560,0,31,-31,1.27,12,sell
9/10,2633,台灣企銀-埔墘,0031003100310047,10,0,10,0.41,13,buy
9/10,2633,安泰,8380,0,30,-30,1.23,13,sell
9/10,2633,統一-中壢,5853,10,0,10,0.41,14,buy
9/10,2633,富邦-南屯,9666,0,30,-30,1.23,14,sell
9/10,2633,大昌-新店,6464,10,0,10,0.41,15,buy
9/10,2633,群益金鼎-竹南,0039003100380069,0,30,-30,1.23,15,sell
9/10,3706,美商高盛,1480,560,6,554,8.75,1,buy
9/10,3706,玉山證券,8840,9,602,-593,9.37,1,sell
9/10,3706,永豐金-內湖,0039004100390067,452,13,439,6.93,2,buy
9/10,3706,兆豐證券,7000,1,410,-409,6.46,2,sell
9/10,3706,富邦證券,9600,110,1,109,1.72,3,buy
9/10,3706,台灣摩根士丹利,1470,127,296,-169,2.67,3,sell
9/10,3706,凱基-台北,9268,930,828,102,1.61,4,buy
9/10,3706,統一,5850,9,164,-155,2.45,4,sell
9/10,3706,永豐金證券,0039004100300030,106,7,99,1.56,5,buy
9/10,3706,中國信託-高雄,003600310036004b,6,160,-154,2.43,5,sell
9/10,3706,華南永昌-麻豆,9308,76,4,72,1.14,6,buy
9/10,3706,摩根大通,8440,30,176,-146,2.31,6,sell
9/10,3706,元大-蘆洲中正,0039003800390049,54,3,51,0.81,7,buy
9/10,3706,永豐金-板新,003900410039004a,14,147,-133,2.1,7,sell
9/10,3706,華南永昌-彰化,9363,43,0,43,0.68,8,buy
9/10,3706,花旗環球,1590,9,121,-112,1.77,8,sell
9/10,3706,凱基-三峽,0039003200310045,46,6,40,0.63,9,buy
9/10,3706,玉山-左營,0038003800340044,4,115,-111,1.75,9,sell
9/10,3706,新光,8560,58,19,39,0.62,10,buy
9/10,3706,群益金鼎-三民,9188,12,119,-107,1.69,10,sell
9/10,3706,國泰-敦南,8888,111,72,39,0.62,11,buy
9/10,3706,統一-敦南,5852,0,67,-67,1.06,11,sell
9/10,3706,元大-大里德芳,0039003800330057,34,0,34,0.54,12,buy
9/10,3706,群益金鼎,9100,3,67,-64,1.01,12,sell
9/10,3706,新加坡商瑞銀,1650,57,24,33,0.52,13,buy
9/10,3706,凱基-頭份,9296,0,39,-39,0.62,13,sell
9/10,3706,富邦-陽明,9604,27,4,23,0.36,14,buy
9/10,3706,兆豐-民生,0037003000300063,2,34,-32,0.51,14,sell
9/10,3706,群益金鼎-市府,0039003100300044,20,0,20,0.32,15,buy
9/10,3706,永豐金-新竹,0039004100390037,27,58,-31,0.49,15,sell
9/10,2337,富邦-敦南,9663,318,16,302,1.2,1,buy
9/10,2337,美商高盛,1480,2068,3567,-1499,5.94,1,sell
9/10,2337,兆豐-中壢,0037003000300062,296,4,292,1.16,2,buy
9/10,2337,永豐金證券,0039004100300030,268,1178,-910,3.61,2,sell
9/10,2337,花旗環球,1590,284,4,280,1.11,3,buy
9/10,2337,凱基-台北,9268,1080,1952,-872,3.46,3,sell
9/10,2337,國泰-敦南,8888,637,423,214,0.85,4,buy
9/10,2337,台灣摩根士丹利,1470,1697,2553,-856,3.39,4,sell
9/10,2337,兆豐-南京,0037003000300050,212,0,212,0.84,5,buy
9/10,2337,美林,1440,118,899,-781,3.1,5,sell
9/10,2337,新加坡商瑞銀,1650,1312,1157,155,0.61,6,buy
9/10,2337,摩根大通,8440,489,1042,-553,2.19,6,sell
9/10,2337,富邦-新竹,9647,228,93,135,0.54,7,buy
9/10,2337,富邦-南員林,0039003600310052,22,262,-240,0.95,7,sell
9/10,2337,新光,8560,281,171,110,0.44,8,buy
9/10,2337,香港上海匯豐,8960,0,217,-217,0.86,8,sell
9/10,2337,新百王,6210,122,14,108,0.43,9,buy
9/10,2337,港商野村,1560,5,168,-163,0.65,9,sell
9/10,2337,台新-五權西,0039004200320035,105,0,105,0.42,10,buy
9/10,2337,群益金鼎,9100,58,193,-135,0.54,10,sell
9/10,2337,台新-安南,003900420032005a,104,4,100,0.4,11,buy
9/10,2337,台新-彰化,003900420032004d,5,132,-127,0.5,11,sell
9/10,2337,台灣企銀-台中,1111,100,0,100,0.4,12,buy
9/10,2337,永豐金-竹科,0039004100390058,41,145,-104,0.41,12,sell
9/10,2337,台新-台中,0039004200310068,116,41,75,0.3,13,buy
9/10,2337,永豐金-內湖,0039004100390067,12,111,-99,0.39,13,sell
9/10,2337,富邦-新店,9661,116,41,75,0.3,14,buy
9/10,2337,富邦-台北,9623,163,241,-78,0.31,14,sell
9/10,2337,國泰-高雄,8881,93,23,70,0.28,15,buy
9/10,2337,元大-太平,0039003800310051,42,116,-74,0.29,15,sell
9/10,3293,台灣摩根士丹利,1470,145,75,70,7.58,1,buy
9/10,3293,美商高盛,1480,31,175,-144,15.6,1,sell
9/10,3293,中國信託,6160,35,7,28,3.03,2,buy
9/10,3293,新加坡商瑞銀,1650,6,85,-79,8.56,2,sell
9/10,3293,群益金鼎,9100,17,1,16,1.73,3,buy
9/10,3293,摩根大通,8440,22,75,-53,5.74,3,sell
9/10,3293,富邦-北港,0039003600390043,16,0,16,1.73,4,buy
9/10,3293,港商野村,1560,0,40,-40,4.33,4,sell
9/10,3293,土銀-彰化,0031003000330042,15,0,15,1.63,5,buy
9/10,3293,富邦證券,9600,0,34,-34,3.68,5,sell
9/10,3293,花旗環球,1590,17,3,14,1.52,6,buy
9/10,3293,美林,1440,15,32,-17,1.84,6,sell
9/10,3293,玉山-桃園,0038003800340046,14,2,12,1.3,7,buy
9/10,3293,元大證券,9800,34,41,-7,0.76,7,sell
9/10,3293,永豐金證券,0039004100300030,19,7,12,1.3,8,buy
9/10,3293,統一,5850,2,9,-7,0.76,8,sell
9/10,3293,凱基-台北,9268,24,13,11,1.19,9,buy
9/10,3293,玉山-城中,0038003800340045,1,7,-6,0.65,9,sell
9/10,3293,第一金-豐原,003500330038004e,10,0,10,1.08,10,buy
9/10,3293,富邦-三重,9677,0,6,-6,0.65,10,sell
9/10,3293,香港上海匯豐,8960,10,0,10,1.08,11,buy
9/10,3293,凱基-竹科,9272,0,5,-5,0.54,11,sell
9/10,3293,國泰-敦南,8888,18,8,10,1.08,12,buy
9/10,3293,元大-內湖,003900380039004e,0,5,-5,0.54,12,sell
9/10,3293,兆豐-公益,003700300030004a,8,0,8,0.87,13,buy
9/10,3293,元大-天母,0039003800310049,0,5,-5,0.54,13,sell
9/10,3293,港商麥格理,1360,8,0,8,0.87,14,buy
9/10,3293,新光-台中,8561,3,7,-4,0.43,14,sell
9/10,3293,元大-大同,0039003800390047,7,0,7,0.76,15,buy
9/10,3293,凱基-中山,9229,0,5,-5,0.54,15,sell
9/10,2834,凱基-台北,9268,12268,6507,5761,9.41,1,buy
9/10,2834,國票-長城,0037003700390075,800,7000,-6200,10.12,1,sell
9/10,2834,台新-烏日,0039004200320063,5302,0,5302,8.66,2,buy
9/10,2834,新加坡商瑞銀,1650,5521,9135,-3614,5.9,2,sell
9/10,2834,摩根大通,8440,4569,848,3721,6.08,3,buy
9/10,2834,元大-忠孝,9871,104,3099,-2995,4.89,3,sell
9/10,2834,台灣摩根士丹利,1470,6134,2862,3272,5.34,4,buy
9/10,2834,美林,1440,517,2750,-2233,3.65,4,sell
9/10,2834,永豐金-板新,003900410039004a,2019,6,2013,3.29,5,buy
9/10,2834,國泰-桃園,8885,25,2203,-2178,3.56,5,sell
9/10,2834,富邦-公益,0039003600310046,1834,2,1832,2.99,6,buy
9/10,2834,元大-林森,0039003800330042,12,1416,-1404,2.29,6,sell
9/10,2834,永豐金證券,0039004100300030,1549,248,1301,2.12,7,buy
9/10,2834,華南永昌-敦南,9347,0,1071,-1071,1.75,7,sell
9/10,2834,元大-南屯,9853,1266,99,1167,1.91,8,buy
9/10,2834,華南永昌-南京,9326,23,1076,-1053,1.72,8,sell
9/10,2834,台灣企銀,1110,1087,71,1016,1.66,9,buy
9/10,2834,土銀-嘉義,1034,0,1032,-1032,1.68,9,sell
9/10,2834,港商野村,1560,605,0,605,0.99,10,buy
9/10,2834,元大證券,9800,1790,2735,-945,1.54,10,sell
9/10,2834,富邦-中壢,9636,532,9,523,0.85,11,buy
9/10,2834,美商高盛,1480,3233,3893,-660,1.08,11,sell
9/10,2834,臺銀-臺南,1042,461,33,428,0.7,12,buy
9/10,2834,港商麥格理,1360,1,635,-634,1.04,12,sell
9/10,2834,國泰-館前,0038003800380041,451,190,261,0.43,13,buy
9/10,2834,玉山-高雄,8843,62,675,-613,1.0,13,sell
9/10,2834,玉山-城中,0038003800340045,309,78,231,0.38,14,buy
9/10,2834,國泰-板橋,003800380038004b,31,568,-537,0.88,14,sell
9/10,2834,元大-向上,9824,201,5,196,0.32,15,buy
9/10,2834,玉山-大里,003800380034004a,20,262,-242,0.4,15,sell
9/10,2637,新加坡商瑞銀,1650,624,136,488,10.77,1,buy
9/10,2637,凱基-台北,9268,218,555,-337,7.44,1,sell
9/10,2637,摩根大通,8440,384,18,366,8.08,2,buy
9/10,2637,永豐金-天母,0039004100390047,60,306,-246,5.43,2,sell
9/10,2637,凱基,9200,326,0,326,7.19,3,buy
9/10,2637,富邦證券,9600,43,168,-125,2.76,3,sell
9/10,2637,美林,1440,189,15,174,3.84,4,buy
9/10,2637,國票-敦北法人,0037003700390063,0,100,-100,2.21,4,sell
9/10,2637,元大-忠孝,9871,120,1,119,2.63,5,buy
9/10,2637,台灣摩根士丹利,1470,206,280,-74,1.63,5,sell
9/10,2637,港商麥格理,1360,298,181,117,2.58,6,buy
9/10,2637,美商高盛,1480,405,472,-67,1.48,6,sell
9/10,2637,大和國泰,8890,67,0,67,1.48,7,buy
9/10,2637,富邦-屏東,0039003600310059,5,35,-30,0.66,7,sell
9/10,2637,富邦-北港,0039003600390043,35,0,35,0.77,8,buy
9/10,2637,國泰-台中,8882,2,31,-29,0.64,8,sell
9/10,2637,永豐金證券,0039004100300030,33,5,28,0.62,9,buy
9/10,2637,兆豐-忠孝,0037003000300061,0,25,-25,0.55,9,sell
9/10,2637,花旗環球,1590,73,46,27,0.6,10,buy
9/10,2637,群益金鼎-鳳山,0039003100380063,0,25,-25,0.55,10,sell
9/10,2637,元大證券,9800,181,157,24,0.53,11,buy
9/10,2637,元大-基隆孝二,003900380036004b,3,24,-21,0.46,11,sell
9/10,2637,中國信託-中壢,0036003100360041,18,1,17,0.38,12,buy
9/10,2637,台新-台北,0039004200320030,1,22,-21,0.46,12,sell
9/10,2637,兆豐證券,7000,16,1,15,0.33,13,buy
9/10,2637,元大-彰化,0039003800310047,0,21,-21,0.46,13,sell
9/10,2637,永豐金-敦南,0039004100380046,16,4,12,0.26,14,buy
9/10,2637,群益金鼎-古亭,0039003100380043,1,21,-20,0.44,14,sell
9/10,2637,宏遠證券,1260,16,5,11,0.24,15,buy
9/10,2637,永豐金-新莊,0039004100390048,0,20,-20,0.44,15,sell
9/10,6274,元大證券,9800,660,373,287,5.89,1,buy
9/10,6274,美林,1440,1,149,-148,3.04,1,sell
9/10,6274,永豐金-匯立,0039004100380031,200,0,200,4.11,2,buy
9/10,6274,凱基-台北,9268,231,362,-131,2.69,2,sell
9/10,6274,華南永昌,9300,209,10,199,4.09,3,buy
9/10,6274,凱基,9200,14,111,-97,1.99,3,sell
9/10,6274,新加坡商瑞銀,1650,125,34,91,1.87,4,buy
9/10,6274,大和國泰,8890,0,72,-72,1.48,4,sell
9/10,6274,台灣摩根士丹利,1470,299,226,73,1.5,5,buy
9/10,6274,富邦證券,9600,54,97,-43,0.88,5,sell
9/10,6274,摩根大通,8440,222,151,71,1.46,6,buy
9/10,6274,國泰-敦南,8888,76,104,-28,0.58,6,sell
9/10,6274,兆豐證券,7000,69,4,65,1.33,7,buy
9/10,6274,元大-上新莊,0039003800330047,0,28,-28,0.58,7,sell
9/10,6274,港商麥格理,1360,50,0,50,1.03,8,buy
9/10,6274,永豐金證券,0039004100300030,99,127,-28,0.58,8,sell
9/10,6274,元大-士林,003900380031006a,46,7,39,0.8,9,buy
9/10,6274,港商野村,1560,0,25,-25,0.51,9,sell
9/10,6274,宏遠-民生,1261,30,0,30,0.62,10,buy
9/10,6274,群益金鼎,9100,23,44,-21,0.43,10,sell
9/10,6274,凱基-站前,0039003200300046,29,4,25,0.51,11,buy
9/10,6274,群益金鼎-南京,0039003100380045,3,23,-20,0.41,11,sell
9/10,6274,美商高盛,1480,224,200,24,0.49,12,buy
9/10,6274,統一-高雄,5851,0,19,-19,0.39,12,sell
9/10,6274,兆豐-西螺,0037003000300044,22,0,22,0.45,13,buy
9/10,6274,國泰-板橋,003800380038004b,33,50,-17,0.35,13,sell
9/10,6274,國票-安和,003700370039005a,29,8,21,0.43,14,buy
9/10,6274,第一金-華江,0035003300380057,3,19,-16,0.33,14,sell
9/10,6274,凱基-中山,9229,23,3,20,0.41,15,buy
9/10,6274,香港上海匯豐,8960,0,15,-15,0.31,15,sell
9/10,3211,永豐金證券,0039004100300030,325,66,259,6.6,1,buy
9/10,3211,凱基-台北,9268,216,415,-199,5.07,1,sell
9/10,3211,統一,5850,229,20,209,5.32,2,buy
9/10,3211,新加坡商瑞銀,1650,23,59,-36,0.92,2,sell
9/10,3211,富邦-木柵,003900360031004d,103,3,100,2.55,3,buy
9/10,3211,陽信-高雄,8713,0,35,-35,0.89,3,sell
9/10,3211,國票證券,7790,56,0,56,1.43,4,buy
9/10,3211,國票-安和,003700370039005a,9,30,-21,0.53,4,sell
9/10,3211,永豐金-台南,0039004100390068,57,5,52,1.32,5,buy
9/10,3211,國泰-敦南,8888,74,95,-21,0.53,5,sell
9/10,3211,台灣摩根士丹利,1470,292,247,45,1.15,6,buy
9/10,3211,富邦-建國,9658,1,16,-15,0.38,6,sell
9/10,3211,統一-仁愛,0035003800350063,46,3,43,1.09,7,buy
9/10,3211,美林,1440,9,23,-14,0.36,7,sell
9/10,3211,摩根大通,8440,40,13,27,0.69,8,buy
9/10,3211,新光-台中,8561,20,33,-13,0.33,8,sell
9/10,3211,元大-敦南,0039003800390050,17,0,17,0.43,9,buy
9/10,3211,富邦-新店,9661,6,18,-12,0.31,9,sell
9/10,3211,元大-木柵,003900380033004d,15,0,15,0.38,10,buy
9/10,3211,華南永昌-基隆,9322,3,14,-11,0.28,10,sell
9/10,3211,華南永昌,9300,16,4,12,0.31,11,buy
9/10,3211,永興,5600,1,12,-11,0.28,11,sell
9/10,3211,凱基-大里,0039003200300057,14,4,10,0.25,12,buy
9/10,3211,統一-三重,003500380035004a,1,11,-10,0.25,12,sell
9/10,3211,兆豐-西螺,0037003000300044,10,0,10,0.25,13,buy
9/10,3211,華南永昌-朴子,9329,11,21,-10,0.25,13,sell
9/10,3211,統一-東湖,0035003800350052,12,3,9,0.23,14,buy
9/10,3211,統一-松江,003500380035005a,1,11,-10,0.25,14,sell
9/10,3211,國票-博愛,003700370039007a,10,2,8,0.2,15,buy
9/10,3211,聯邦-興中,8587,0,10,-10,0.25,15,sell
9/10,2472,美商高盛,1480,424,26,398,18.93,1,buy
9/10,2472,凱基-站前,0039003200300046,0,500,-500,23.78,1,sell
9/10,2472,台灣摩根士丹利,1470,207,40,167,7.94,2,buy
9/10,2472,中國信託,6160,2,108,-106,5.04,2,sell
9/10,2472,摩根大通,8440,150,46,104,4.95,3,buy
9/10,2472,凱基-台北,9268,143,194,-51,2.43,3,sell
9/10,2472,新加坡商瑞銀,1650,116,16,100,4.76,4,buy
9/10,2472,國泰-敦南,8888,29,57,-28,1.33,4,sell
9/10,2472,花旗環球,1590,94,0,94,4.47,5,buy
9/10,2472,富邦-敦南,9663,5,32,-27,1.28,5,sell
9/10,2472,美林,1440,29,3,26,1.24,6,buy
9/10,2472,統一-三重,003500380035004a,1,23,-22,1.05,6,sell
9/10,2472,統一,5850,33,21,12,0.57,7,buy
9/10,2472,台新-台北,0039004200320030,0,21,-21,1.0,7,sell
9/10,2472,永豐金-豐原,0039004100390051,11,0,11,0.52,8,buy
9/10,2472,台中銀-員林,6114,0,21,-21,1.0,8,sell
9/10,2472,台新,0039004200300030,15,5,10,0.48,9,buy
9/10,2472,永豐金-板新,003900410039004a,6,26,-20,0.95,9,sell
9/10,2472,元大-南投,0039003800310044,14,3,11,0.52,10,buy
9/10,2472,港商麥格理,1360,0,15,-15,0.71,10,sell
9/10,2472,凱基-宜蘭,003900320030004d,11,1,10,0.48,11,buy
9/10,2472,元大證券,9800,108,122,-14,0.67,11,sell
9/10,2472,群益金鼎-瑞豐,0039003100380075,12,3,9,0.43,12,buy
9/10,2472,富邦-板橋,9655,0,11,-11,0.52,12,sell
9/10,2472,群益金鼎-海山,9108,8,1,7,0.33,13,buy
9/10,2472,永豐金-南京,0039004100390053,1,11,-10,0.48,13,sell
9/10,2472,國泰-台南,8884,9,2,7,0.33,14,buy
9/10,2472,福勝,6950,0,10,-10,0.48,14,sell
9/10,2472,合庫-西台中,0031003000320046,6,1,5,0.24,15,buy
9/10,2472,元大-忠孝,9871,1,11,-10,0.48,15,sell
9/10,1785,華南永昌-台南,9306,153,2,151,2.27,1,buy
9/10,1785,美商高盛,1480,151,640,-489,7.36,1,sell
9/10,1785,國泰-敦南,8888,159,36,123,1.85,2,buy
9/10,1785,摩根大通,8440,65,447,-382,5.75,2,sell
9/10,1785,臺銀,1040,90,0,90,1.35,3,buy
9/10,1785,新加坡商瑞銀,1650,49,386,-337,5.07,3,sell
9/10,1785,元大-屏南,0039003800310072,73,2,71,1.07,4,buy
9/10,1785,凱基-台北,9268,385,690,-305,4.59,4,sell
9/10,1785,元大-六合,0039003800320043,71,0,71,1.07,5,buy
9/10,1785,美林,1440,9,254,-245,3.69,5,sell
9/10,1785,元大證券,9800,607,537,70,1.05,6,buy
9/10,1785,康和-內湖,0038003400350041,1,122,-121,1.82,6,sell
9/10,1785,富邦-陽明,9604,79,13,66,0.99,7,buy
9/10,1785,元大-新莊,9898,21,138,-117,1.76,7,sell
9/10,1785,合庫-自強,0031003000320043,60,2,58,0.87,8,buy
9/10,1785,福勝,6950,0,86,-86,1.29,8,sell
9/10,1785,新光,8560,88,35,53,0.8,9,buy
9/10,1785,台灣摩根士丹利,1470,150,207,-57,0.86,9,sell
9/10,1785,合庫-桃園,0031003000320045,34,5,29,0.44,10,buy
9/10,1785,元大-東泰,9817,7,62,-55,0.83,10,sell
9/10,1785,國泰-台中,8882,36,8,28,0.42,11,buy
9/10,1785,新光-台中,8561,14,67,-53,0.8,11,sell
9/10,1785,富邦-八德,0039003600330041,34,6,28,0.42,12,buy
9/10,1785,花旗環球,1590,2,50,-48,0.72,12,sell
9/10,1785,中國信託,6160,45,18,27,0.41,13,buy
9/10,1785,台新-大裕,003900420032006c,32,76,-44,0.66,13,sell
9/10,1785,群益金鼎-古亭,0039003100380043,24,0,24,0.36,14,buy
9/10,1785,國泰-館前,0038003800380041,34,76,-42,0.63,14,sell
9/10,1785,國票-台南,0037003700390044,24,0,24,0.36,15,buy
9/10,1785,凱基-永和,9207,0,40,-40,0.6,15,sell
9/10,6257,美商高盛,1480,2919,516,2403,13.03,1,buy
9/10,6257,中國信託,6160,19,1237,-1218,6.61,1,sell
9/10,6257,台灣摩根士丹利,1470,1747,113,1634,8.86,2,buy
9/10,6257,港商野村,1560,78,693,-615,3.34,2,sell
9/10,6257,新加坡商瑞銀,1650,1486,60,1426,7.73,3,buy
9/10,6257,國泰-敦南,8888,203,394,-191,1.04,3,sell
9/10,6257,摩根大通,8440,653,189,464,2.52,4,buy
9/10,6257,永豐金-豐原,0039004100390051,23,173,-150,0.81,4,sell
9/10,6257,統一,5850,451,70,381,2.07,5,buy
9/10,6257,花旗環球,1590,2,121,-119,0.65,5,sell
9/10,6257,凱基,9200,307,1,306,1.66,6,buy
9/10,6257,凱基-台北,9268,578,688,-110,0.6,6,sell
9/10,6257,美林,1440,444,154,290,1.57,7,buy
9/10,6257,華南永昌-南京,9326,6,83,-77,0.42,7,sell
9/10,6257,群益金鼎,9100,730,614,116,0.63,8,buy
9/10,6257,華南永昌-麻豆,9308,8,66,-58,0.31,8,sell
9/10,6257,香港上海匯豐,8960,106,0,106,0.57,9,buy
9/10,6257,華南永昌-台中,9302,28,82,-54,0.29,9,sell
9/10,6257,元大-南勢角,0039003800340045,103,6,97,0.53,10,buy
9/10,6257,永豐金-板新,003900410039004a,31,81,-50,0.27,10,sell
9/10,6257,元大-仁愛,003900380033006a,110,21,89,0.48,11,buy
9/10,6257,華南永昌-桃園,9352,2,52,-50,0.27,11,sell
9/10,6257,國票證券,7790,130,65,65,0.35,12,buy
9/10,6257,國票-桃園,0037003700390072,1,46,-45,0.24,12,sell
9/10,6257,法銀巴黎,8900,55,1,54,0.29,13,buy
9/10,6257,玉山證券,8840,37,81,-44,0.24,13,sell
9/10,6257,台新,0039004200300030,98,62,36,0.2,14,buy
9/10,6257,富邦-永和,9654,12,56,-44,0.24,14,sell
9/10,6257,美好-市政,003500320036004d,32,2,30,0.16,15,buy
9/10,6257,富邦-三峽,003900360032004a,12,53,-41,0.22,15,sell
9/10,3264,台灣摩根士丹利,1470,2479,352,2127,8.45,1,buy
9/10,3264,摩根大通,8440,1161,2145,-984,3.91,1,sell
9/10,3264,美商高盛,1480,1851,560,1291,5.13,2,buy
9/10,3264,港商麥格理,1360,53,912,-859,3.41,2,sell
9/10,3264,凱基,9200,1058,26,1032,4.1,3,buy
9/10,3264,凱基-台北,9268,1102,1857,-755,3.0,3,sell
9/10,3264,新加坡商瑞銀,1650,1437,433,1004,3.99,4,buy
9/10,3264,富邦證券,9600,79,403,-324,1.29,4,sell
9/10,3264,元大證券,9800,2416,2043,373,1.48,5,buy
9/10,3264,港商野村,1560,299,500,-201,0.8,5,sell
9/10,3264,美林,1440,651,354,297,1.18,6,buy
9/10,3264,群益金鼎,9100,301,424,-123,0.49,6,sell
9/10,3264,統一,5850,621,363,258,1.03,7,buy
9/10,3264,國泰證券,8880,12,126,-114,0.45,7,sell
9/10,3264,台新,0039004200300030,495,252,243,0.97,8,buy
9/10,3264,永豐金證券,0039004100300030,231,308,-77,0.31,8,sell
9/10,3264,台新-台南,0039004200310036,135,38,97,0.39,9,buy
9/10,3264,大和國泰,8890,0,71,-71,0.28,9,sell
9/10,3264,華南永昌-高雄,9303,102,8,94,0.37,10,buy
9/10,3264,兆豐-南京,0037003000300050,1,64,-63,0.25,10,sell
9/10,3264,凱基-鳳山,9274,66,5,61,0.24,11,buy
9/10,3264,第一金-高雄,5383,7,69,-62,0.25,11,sell
9/10,3264,凱基-城中,9227,60,8,52,0.21,12,buy
9/10,3264,兆豐-埔墘,003700300030004e,36,95,-59,0.23,12,sell
9/10,3264,元大-長庚,0039003800380056,60,10,50,0.2,13,buy
9/10,3264,國泰-敦南,8888,497,553,-56,0.22,13,sell
9/10,3264,凱基-板橋,0039003200300041,101,51,50,0.2,14,buy
9/10,3264,富邦-板橋,9655,50,105,-55,0.22,14,sell
9/10,3264,台新-建北,0039004200310038,95,57,38,0.15,15,buy
9/10,3264,華南永昌-台中,9302,35,87,-52,0.21,15,sell
9/10,9945,台灣摩根士丹利,1470,221,42,179,7.31,1,buy
9/10,9945,新加坡商瑞銀,1650,33,336,-303,12.37,1,sell
9/10,9945,第一金-大稻埕,0035003300380046,102,0,102,4.16,2,buy
9/10,9945,美商高盛,1480,161,437,-276,11.27,2,sell
9/10,9945,華南永昌-鶯歌,9319,60,0,60,2.45,3,buy
9/10,9945,摩根大通,8440,86,280,-194,7.92,3,sell
9/10,9945,凱基-竹北,9234,59,0,59,2.41,4,buy
9/10,9945,美林,1440,3,141,-138,5.63,4,sell
9/10,9945,國票證券,7790,54,0,54,2.2,5,buy
9/10,9945,德信-新營,6913,0,88,-88,3.59,5,sell
9/10,9945,元大-復北,9872,38,0,38,1.55,6,buy
9/10,9945,國泰-敦南,8888,31,112,-81,3.31,6,sell
9/10,9945,凱基-台北,9268,131,93,38,1.55,7,buy
9/10,9945,台中銀-員林,6114,0,81,-81,3.31,7,sell
9/10,9945,新光,8560,67,31,36,1.47,8,buy
9/10,9945,永豐金證券,0039004100300030,15,70,-55,2.25,8,sell
9/10,9945,統一-東湖,0035003800350052,32,0,32,1.31,9,buy
9/10,9945,富邦-新店,9661,1,52,-51,2.08,9,sell
9/10,9945,富邦-南屯,9666,30,1,29,1.18,10,buy
9/10,9945,國票-敦北法人,0037003700390063,0,50,-50,2.04,10,sell
9/10,9945,台新,0039004200300030,54,25,29,1.18,11,buy
9/10,9945,元大-古亭,003900380039006b,0,40,-40,1.63,11,sell
9/10,9945,港商野村,1560,25,0,25,1.02,12,buy
9/10,9945,國泰-桃園,8885,2,40,-38,1.55,12,sell
9/10,9945,統一-台中,5856,21,0,21,0.86,13,buy
9/10,9945,元大證券,9800,5,30,-25,1.02,13,sell
9/10,9945,元大-南京,9862,21,1,20,0.82,14,buy
9/10,9945,凱基,9200,0,24,-24,0.98,14,sell
9/10,9945,宏遠-高雄,0031003200360051,20,0,20,0.82,15,buy
9/10,9945,富邦-永和,9654,4,28,-24,0.98,15,sell
9/10,6239,台灣摩根士丹利,1470,1553,639,914,6.47,1,buy
9/10,6239,新加坡商瑞銀,1650,466,793,-327,2.32,1,sell
9/10,6239,港商野村,1560,355,44,311,2.2,2,buy
9/10,6239,凱基-台北,9268,381,658,-277,1.96,2,sell
9/10,6239,香港上海匯豐,8960,223,0,223,1.58,3,buy
9/10,6239,花旗環球,1590,5,160,-155,1.1,3,sell
9/10,6239,群益金鼎,9100,410,327,83,0.59,4,buy
9/10,6239,凱基,9200,109,230,-121,0.86,4,sell
9/10,6239,摩根大通,8440,451,372,79,0.56,5,buy
9/10,6239,兆豐-大安,003700300030006a,1,101,-100,0.71,5,sell
9/10,6239,台新-安南,003900420032005a,68,5,63,0.45,6,buy
9/10,6239,合庫-台中,1021,8,104,-96,0.68,6,sell
9/10,6239,元大證券,9800,622,572,50,0.35,7,buy
9/10,6239,國泰-忠孝,8887,19,84,-65,0.46,7,sell
9/10,6239,玉山-高雄,8843,53,16,37,0.26,8,buy
9/10,6239,永豐金證券,0039004100300030,164,224,-60,0.42,8,sell
9/10,6239,永豐金-南京,0039004100390053,46,11,35,0.25,9,buy
9/10,6239,富邦-高雄,9659,6,51,-45,0.32,9,sell
9/10,6239,中國信託-文心,6164,67,32,35,0.25,10,buy
9/10,6239,國票-中正,7797,6,51,-45,0.32,10,sell
9/10,6239,永豐金-敦北,0039004100380039,38,4,34,0.24,11,buy
9/10,6239,國泰-台中,8882,82,124,-42,0.3,11,sell
9/10,6239,統一-敦南,5852,42,9,33,0.23,12,buy
9/10,6239,永興-台中,5603,1,42,-41,0.29,12,sell
9/10,6239,國票-安和,003700370039005a,34,4,30,0.21,13,buy
9/10,6239,大昌,6460,2,36,-34,0.24,13,sell
9/10,6239,永全證券,6450,28,1,27,0.19,14,buy
9/10,6239,元大-敦南,0039003800390050,6,39,-33,0.23,14,sell
9/10,6239,台灣企銀-太平,1115,30,3,27,0.19,15,buy
9/10,6239,永豐金-古亭,0039004100390064,4,36,-32,0.23,15,sell
9/10,5536,摩根大通,8440,33,15,18,3.33,1,buy
9/10,5536,美林,1440,1,23,-22,4.07,1,sell
9/10,5536,群益金鼎,9100,15,1,14,2.59,2,buy
9/10,5536,凱基-台北,9268,19,39,-20,3.7,2,sell
9/10,5536,元大-四維,9831,8,2,6,1.11,3,buy
9/10,5536,美商高盛,1480,77,87,-10,1.85,3,sell
9/10,5536,第一金-新竹,0035003300380042,6,0,6,1.11,4,buy
9/10,5536,港商野村,1560,3,13,-10,1.85,4,sell
9/10,5536,統一-台南,5855,6,0,6,1.11,5,buy
9/10,5536,富邦-建國,9658,1,10,-9,1.66,5,sell
9/10,5536,華南永昌,9300,5,0,5,0.92,6,buy
9/10,5536,台灣摩根士丹利,1470,45,52,-7,1.29,6,sell
9/10,5536,香港上海匯豐,8960,5,0,5,0.92,7,buy
9/10,5536,統一,5850,2,9,-7,1.29,7,sell
9/10,5536,群益金鼎-民權,9131,5,0,5,0.92,8,buy
9/10,5536,花旗環球,1590,0,5,-5,0.92,8,sell
9/10,5536,玉山證券,8840,6,1,5,0.92,9,buy
9/10,5536,兆豐-永和,0037003000300058,0,5,-5,0.92,9,sell
9/10,5536,元大-大同,0039003800390047,5,0,5,0.92,10,buy
9/10,5536,國票-南科,0037003700390065,1,3,-2,0.37,10,sell
9/10,5536,統一-內湖,0035003800350062,4,0,4,0.74,11,buy
9/10,5536,富邦-台北,9623,1,4,-3,0.55,11,sell
9/10,5536,玉山-嘉義,8848,4,0,4,0.74,12,buy
9/10,5536,台新-松德,0039004200320061,1,4,-3,0.55,12,sell
9/10,5536,台新-台北,0039004200320030,4,0,4,0.74,13,buy
9/10,5536,元大-向上,9824,0,2,-2,0.37,13,sell
9/10,5536,康和-台中,8455,3,0,3,0.55,14,buy
9/10,5536,元大證券,9800,25,27,-2,0.37,14,sell
9/10,5536,兆豐-南京,0037003000300050,3,0,3,0.55,15,buy
9/10,5536,聯邦-忠孝,8583,0,2,-2,0.37,15,sell
9/10,2316,台灣摩根士丹利,1470,313,17,296,20.58,1,buy
9/10,2316,凱基-台北,9268,90,191,-101,7.02,1,sell
9/10,2316,華南永昌-嘉義,9314,39,22,17,1.18,2,buy
9/10,2316,港商野村,1560,0,88,-88,6.12,2,sell
9/10,2316,美林,1440,14,4,10,0.7,3,buy
9/10,2316,摩根大通,8440,68,125,-57,3.96,3,sell
9/10,2316,凱基-竹北,9234,10,0,10,0.7,4,buy
9/10,2316,新加坡商瑞銀,1650,12,41,-29,2.02,4,sell
9/10,2316,元大-鳳山,003900380033005a,11,1,10,0.7,5,buy
9/10,2316,兆豐-大安,003700300030006a,0,25,-25,1.74,5,sell
9/10,2316,國泰-敦南,8888,33,24,9,0.63,6,buy
9/10,2316,美商高盛,1480,81,105,-24,1.67,6,sell
9/10,2316,國泰-板橋,003800380038004b,13,5,8,0.56,7,buy
9/10,2316,新光,8560,17,36,-19,1.32,7,sell
9/10,2316,國泰-新莊,8886,12,4,8,0.56,8,buy
9/10,2316,統一,5850,23,42,-19,1.32,8,sell
9/10,2316,宏遠-台中,003100320036004c,8,1,7,0.49,9,buy
9/10,2316,永豐金-松山,0039004100390031,7,25,-18,1.25,9,sell
9/10,2316,新光-桃園,8565,11,4,7,0.49,10,buy
9/10,2316,口袋證券,6620,1,16,-15,1.04,10,sell
9/10,2316,凱基-板橋,0039003200300041,7,0,7,0.49,11,buy
9/10,2316,(牛牛牛)亞-鑫豐,0036003000310064,0,15,-15,1.04,11,sell
9/10,2316,安泰,8380,6,0,6,0.42,12,buy
9/10,2316,第一金-新竹,0035003300380042,0,13,-13,0.9,12,sell
9/10,2316,元大-台中,9812,6,1,5,0.35,13,buy
9/10,2316,凱基-高美館,9215,2,12,-10,0.7,13,sell
9/10,2316,富邦-頭份,0039003600320050,5,0,5,0.35,14,buy
9/10,2316,凱基-中壢,9285,1,10,-9,0.63,14,sell
9/10,2316,永豐金-桃園,0039004100390078,5,0,5,0.35,15,buy
9/10,2316,永豐金證券,0039004100300030,1,10,-9,0.63,15,sell
9/10,6213,永豐金證券,0039004100300030,149,36,113,1.63,1,buy
9/10,6213,美商高盛,1480,401,722,-321,4.63,1,sell
9/10,6213,香港上海匯豐,8960,112,0,112,1.62,2,buy
9/10,6213,摩根大通,8440,181,474,-293,4.23,2,sell
9/10,6213,元大證券,9800,547,446,101,1.46,3,buy
9/10,6213,台灣摩根士丹利,1470,273,486,-213,3.08,3,sell
9/10,6213,港商野村,1560,65,0,65,0.94,4,buy
9/10,6213,兆豐-天母,003700300030004c,0,61,-61,0.88,4,sell
9/10,6213,美林,1440,63,3,60,0.87,5,buy
9/10,6213,新加坡商瑞銀,1650,155,204,-49,0.71,5,sell
9/10,6213,凱基-台北,9268,699,657,42,0.61,6,buy
9/10,6213,富邦-木柵,003900360031004d,11,49,-38,0.55,6,sell
9/10,6213,富邦-台北,9623,82,47,35,0.51,7,buy
9/10,6213,統一-城中,5854,0,31,-31,0.45,7,sell
9/10,6213,元大-北屯,0039003800390064,36,4,32,0.46,8,buy
9/10,6213,富邦-竹東,9625,1,23,-22,0.32,8,sell
9/10,6213,法銀巴黎,8900,32,0,32,0.46,9,buy
9/10,6213,華南永昌-敦南,9347,6,25,-19,0.27,9,sell
9/10,6213,華南永昌-南京,9326,68,43,25,0.36,10,buy
9/10,6213,富邦-竹北,9624,5,21,-16,0.23,10,sell
9/10,6213,國票-安和,003700370039005a,29,6,23,0.33,11,buy
9/10,6213,富邦-公益,0039003600310046,6,16,-10,0.14,11,sell
9/10,6213,元大-木柵,003900380033004d,21,0,21,0.3,12,buy
9/10,6213,群益金鼎-松山,9103,0,10,-10,0.14,12,sell
9/10,6213,玉山證券,8840,33,12,21,0.3,13,buy
9/10,6213,康和,8450,3,13,-10,0.14,13,sell
9/10,6213,永豐金-內湖,0039004100390067,26,5,21,0.3,14,buy
9/10,6213,富邦-永和,9654,9,18,-9,0.13,14,sell
9/10,6213,中國信託-文心,6164,28,9,19,0.27,15,buy
9/10,6213,康和-台中,8455,3,12,-9,0.13,15,sell
9/10,6005,凱基,9200,900,0,900,17.76,1,buy
9/10,6005,美商高盛,1480,142,750,-608,12.0,1,sell
9/10,6005,新加坡商瑞銀,1650,177,76,101,1.99,2,buy
9/10,6005,摩根大通,8440,87,684,-597,11.78,2,sell
9/10,6005,群益金鼎-桃園,9189,90,1,89,1.76,3,buy
9/10,6005,美林,1440,19,508,-489,9.65,3,sell
9/10,6005,元大證券,9800,199,125,74,1.46,4,buy
9/10,6005,台灣摩根士丹利,1470,212,426,-214,4.22,4,sell
9/10,6005,國泰-敦南,8888,101,32,69,1.36,5,buy
9/10,6005,凱基-台北,9268,70,248,-178,3.51,5,sell
9/10,6005,玉山-新莊,8842,63,0,63,1.24,6,buy
9/10,6005,凱基-嘉義,9252,13,187,-174,3.43,6,sell
9/10,6005,台新-五權西,0039004200320035,45,0,45,0.89,7,buy
9/10,6005,台新-草屯,0039004200320058,0,147,-147,2.9,7,sell
9/10,6005,(牛牛牛)亞-鑫豐,0036003000310064,55,10,45,0.89,8,buy
9/10,6005,凱基-基隆,0039003200300048,10,151,-141,2.78,8,sell
9/10,6005,新光,8560,48,3,45,0.89,9,buy
9/10,6005,凱基-台南,9211,4,134,-130,2.57,9,sell
9/10,6005,華南永昌-楠梓,9332,46,3,43,0.85,10,buy
9/10,6005,花旗環球,1590,7,120,-113,2.23,10,sell
9/10,6005,光和,6380,43,3,40,0.79,11,buy
9/10,6005,玉山-嘉義,8848,22,101,-79,1.56,11,sell
9/10,6005,兆豐-三重,7008,38,0,38,0.75,12,buy
9/10,6005,元大-淡水,9899,3,71,-68,1.34,12,sell
9/10,6005,兆豐-復興,0037003000300070,37,0,37,0.73,13,buy
9/10,6005,群益金鼎-西松,9136,0,66,-66,1.3,13,sell
9/10,6005,統一-台中,5856,35,0,35,0.69,14,buy
9/10,6005,永豐金-新莊,0039004100390048,6,65,-59,1.16,14,sell
9/10,6005,富邦-羅東,9634,39,5,34,0.67,15,buy
9/10,6005,法銀巴黎,8900,0,51,-51,1.01,15,sell
9/10,0052,元大證券,9800,1140,255,885,10.93,1,buy
9/10,0052,永豐金證券,0039004100300030,151,1227,-1076,13.29,1,sell
9/10,0052,富邦證券,9600,832,2,830,10.25,2,buy
9/10,0052,新加坡商瑞銀,1650,236,929,-693,8.56,2,sell
9/10,0052,台新,0039004200300030,672,172,500,6.17,3,buy
9/10,0052,康和,8450,0,328,-328,4.05,3,sell
9/10,0052,凱基-台北,9268,537,120,417,5.15,4,buy
9/10,0052,元大-善化,0039003800310079,2,147,-145,1.79,4,sell
9/10,0052,中國信託,6160,266,32,234,2.89,5,buy
9/10,0052,元大-四維,9831,0,138,-138,1.7,5,sell
9/10,0052,國泰-館前,0038003800380041,225,15,210,2.59,6,buy
9/10,0052,富邦-陽明,9604,17,121,-104,1.28,6,sell
9/10,0052,國泰證券,8880,191,0,191,2.36,7,buy
9/10,0052,群益金鼎,9100,315,394,-79,0.98,7,sell
9/10,0052,群益金鼎-敦南,9101,104,24,80,0.99,8,buy
9/10,0052,國泰-敦南,8888,133,211,-78,0.96,8,sell
9/10,0052,凱基,9200,60,0,60,0.74,9,buy
9/10,0052,高橋,5320,3,68,-65,0.8,9,sell
9/10,0052,新光-台南,8564,55,2,53,0.65,10,buy
9/10,0052,元大-成功,003900380039004c,3,68,-65,0.8,10,sell
9/10,0052,永豐金-信義,0039004100390052,50,0,50,0.62,11,buy
9/10,0052,國泰-高雄,8881,10,65,-55,0.68,11,sell
9/10,0052,統一-三重,003500380035004a,46,1,45,0.56,12,buy
9/10,0052,大展-台南,5058,0,50,-50,0.62,12,sell
9/10,0052,華南永昌-楠梓,9332,57,14,43,0.53,13,buy
9/10,0052,群益金鼎-宜蘭,003900310038007a,1,51,-50,0.62,13,sell
9/10,0052,富邦-建國,9658,52,12,40,0.49,14,buy
9/10,0052,凱基-站前,0039003200300046,1,49,-48,0.59,14,sell
9/10,0052,台中銀-豐原,0036003100310041,35,0,35,0.43,15,buy
9/10,0052,永豐金-敦北,0039004100380039,3,49,-46,0.57,15,sell
