date,stock_code,broker_name,broker_id,buy_vol,sell_vol,net_vol,pct,rank,side
10/02,2330,美林,1440,1221,558,663,4.38,1,buy
10/02,2330,新加坡商瑞銀,1650,583,2691,-2108,13.92,1,sell
10/02,2330,元大證券,9800,1115,698,417,2.75,2,buy
10/02,2330,花旗環球,1590,257,2250,-1993,13.16,2,sell
10/02,2330,永豐金證券,0039004100300030,774,375,399,2.63,3,buy
10/02,2330,台灣摩根士丹利,1470,391,1321,-930,6.14,3,sell
10/02,2330,台新-台北,0039004200320030,362,1,361,2.38,4,buy
10/02,2330,大和國泰,8890,124,414,-290,1.91,4,sell
10/02,2330,中國信託,6160,299,38,261,1.72,5,buy
10/02,2330,永豐金-匯立,0039004100380031,964,1234,-270,1.78,5,sell
10/02,2330,台新,0039004200300030,234,36,198,1.31,6,buy
10/02,2330,法銀巴黎,8900,37,285,-248,1.64,6,sell
10/02,2330,群益金鼎,9100,348,159,189,1.25,7,buy
10/02,2330,港商麥格理,1360,34,201,-167,1.1,7,sell
10/02,2330,台新-五權西,0039004200320035,157,3,154,1.02,8,buy
10/02,2330,富邦-仁愛,9676,39,205,-166,1.1,8,sell
10/02,2330,國泰證券,8880,137,6,131,0.86,9,buy
10/02,2330,美商高盛,1480,767,894,-127,0.84,9,sell
10/02,2330,中國信託-三重,6161,104,2,102,0.67,10,buy
10/02,2330,凱基,9200,48,114,-66,0.44,10,sell
10/02,2330,國泰-敦南,8888,161,60,101,0.67,11,buy
10/02,2330,凱基-台北,9268,371,428,-57,0.38,11,sell
10/02,2330,元大-中和,0039003800390065,102,3,99,0.65,12,buy
10/02,2330,聯邦證券,8580,7,53,-46,0.3,12,sell
10/02,2330,統一,5850,109,17,92,0.61,13,buy
10/02,2330,永豐金-板新,003900410039004a,10,55,-45,0.3,13,sell
10/02,2330,華南永昌-世貿,9334,86,1,85,0.56,14,buy
10/02,2330,香港上海匯豐,8960,74,112,-38,0.25,14,sell
10/02,2330,玉山證券,8840,95,19,76,0.5,15,buy
10/02,2330,美好-蘆洲,5261,3,23,-20,0.13,15,sell
10/02,2317,永豐金-匯立,0039004100380031,1629,2,1627,5.52,1,buy
10/02,2317,摩根大通,8440,285,4550,-4265,14.47,1,sell
10/02,2317,國泰-敦南,8888,639,253,386,1.31,2,buy
10/02,2317,美林,1440,582,4654,-4072,13.82,2,sell
10/02,2317,法銀巴黎,8900,300,39,261,0.89,3,buy
10/02,2317,台灣摩根士丹利,1470,366,3529,-3163,10.73,3,sell
10/02,2317,元大-員林中山,9835,242,16,226,0.77,4,buy
10/02,2317,美商高盛,1480,217,2967,-2750,9.33,4,sell
10/02,2317,統一-新竹,5857,218,2,216,0.73,5,buy
10/02,2317,花旗環球,1590,408,1152,-744,2.52,5,sell
10/02,2317,新光,8560,259,66,193,0.65,6,buy
10/02,2317,元大證券,9800,1057,1747,-690,2.34,6,sell
10/02,2317,國泰-台中,8882,223,33,190,0.64,7,buy
10/02,2317,凱基,9200,33,462,-429,1.46,7,sell
10/02,2317,中國信託-高雄,003600310036004b,150,2,148,0.5,8,buy
10/02,2317,凱基-台北,9268,288,716,-428,1.45,8,sell
10/02,2317,富邦-陽明,9604,162,15,147,0.5,9,buy
10/02,2317,香港上海匯豐,8960,35,364,-329,1.12,9,sell
10/02,2317,國泰-桃園,8885,153,8,145,0.49,10,buy
10/02,2317,港商野村,1560,39,321,-282,0.96,10,sell
10/02,2317,凱基-台南,9211,143,1,142,0.48,11,buy
10/02,2317,第一金,5380,43,310,-267,0.91,11,sell
10/02,2317,國泰-台南,8884,194,65,129,0.44,12,buy
10/02,2317,第一金-頭份,0035003300380049,22,259,-237,0.8,12,sell
10/02,2317,國泰-板橋,003800380038004b,152,24,128,0.43,13,buy
10/02,2317,統一,5850,44,240,-196,0.67,13,sell
10/02,2317,富邦-仁愛,9676,140,15,125,0.42,14,buy
10/02,2317,永豐金證券,0039004100300030,120,273,-153,0.52,14,sell
10/02,2317,新光-台中,8561,157,34,123,0.42,15,buy
10/02,2317,華南永昌-大甲,9315,4,67,-63,0.21,15,sell
10/02,2454,國泰證券,8880,143,10,133,2.97,1,buy
10/02,2454,花旗環球,1590,65,434,-369,8.24,1,sell
10/02,2454,美林,1440,217,136,81,1.81,2,buy
10/02,2454,新加坡商瑞銀,1650,57,371,-314,7.02,2,sell
10/02,2454,群益金鼎,9100,112,36,76,1.7,3,buy
10/02,2454,美商高盛,1480,90,345,-255,5.7,3,sell
10/02,2454,凱基,9200,78,9,69,1.54,4,buy
10/02,2454,台灣摩根士丹利,1470,148,332,-184,4.11,4,sell
10/02,2454,永豐金-匯立,0039004100380031,77,13,64,1.43,5,buy
10/02,2454,摩根大通,8440,414,517,-103,2.3,5,sell
10/02,2454,富邦證券,9600,70,13,57,1.27,6,buy
10/02,2454,凱基-台北,9268,94,183,-89,1.99,6,sell
10/02,2454,兆豐證券,7000,48,0,48,1.07,7,buy
10/02,2454,元大證券,9800,126,214,-88,1.97,7,sell
10/02,2454,國泰-敦南,8888,90,51,39,0.87,8,buy
10/02,2454,永豐金證券,0039004100300030,64,147,-83,1.85,8,sell
10/02,2454,中國信託,6160,39,8,31,0.69,9,buy
10/02,2454,香港上海匯豐,8960,9,50,-41,0.92,9,sell
10/02,2454,國票-敦北法人,0037003700390063,24,1,23,0.51,10,buy
10/02,2454,法銀巴黎,8900,11,49,-38,0.85,10,sell
10/02,2454,第一金-自由,0035003300380045,21,0,21,0.47,11,buy
10/02,2454,凱基-市府,0039003200300044,4,38,-34,0.76,11,sell
10/02,2454,華南永昌,9300,25,5,20,0.45,12,buy
10/02,2454,港商麥格理,1360,24,58,-34,0.76,12,sell
10/02,2454,永豐金-南京,0039004100390053,16,0,16,0.36,13,buy
10/02,2454,康和,8450,6,32,-26,0.58,13,sell
10/02,2454,港商野村,1560,20,5,15,0.34,14,buy
10/02,2454,華南永昌-南京,9326,9,34,-25,0.56,14,sell
10/02,2454,聯邦證券,8580,17,3,14,0.31,15,buy
10/02,2454,永豐金-台南,0039004100390068,6,23,-17,0.38,15,sell
10/02,2308,凱基,9200,308,12,296,4.92,1,buy
10/02,2308,美林,1440,61,486,-425,7.06,1,sell
10/02,2308,凱基-站前,0039003200300046,226,30,196,3.26,2,buy
10/02,2308,國泰證券,8880,17,387,-370,6.15,2,sell
10/02,2308,港商麥格理,1360,137,12,125,2.08,3,buy
10/02,2308,港商野村,1560,64,393,-329,5.47,3,sell
10/02,2308,永豐金-匯立,0039004100380031,79,3,76,1.26,4,buy
10/02,2308,法銀巴黎,8900,0,318,-318,5.29,4,sell
10/02,2308,兆豐證券,7000,82,10,72,1.2,5,buy
10/02,2308,台灣摩根士丹利,1470,389,564,-175,2.91,5,sell
10/02,2308,新加坡商瑞銀,1650,406,348,58,0.96,6,buy
10/02,2308,富邦證券,9600,63,204,-141,2.34,6,sell
10/02,2308,永豐金證券,0039004100300030,110,56,54,0.9,7,buy
10/02,2308,摩根大通,8440,284,397,-113,1.88,7,sell
10/02,2308,國票-敦北法人,0037003700390063,50,0,50,0.83,8,buy
10/02,2308,花旗環球,1590,246,348,-102,1.7,8,sell
10/02,2308,統一,5850,63,15,48,0.8,9,buy
10/02,2308,元大-館前,003900380034004b,5,82,-77,1.28,9,sell
10/02,2308,國泰-敦南,8888,99,57,42,0.7,10,buy
10/02,2308,元大-豐原站前,0039003800390057,2,48,-46,0.76,10,sell
10/02,2308,台新,0039004200300030,51,15,36,0.6,11,buy
10/02,2308,富邦-台北,9623,6,25,-19,0.32,11,sell
10/02,2308,凱基-台北,9268,266,233,33,0.55,12,buy
10/02,2308,第一金-忠孝,0035003300380044,3,21,-18,0.3,12,sell
10/02,2308,台新-台北,0039004200320030,26,2,24,0.4,13,buy
10/02,2308,宏遠-民生,1261,0,15,-15,0.25,13,sell
10/02,2308,台新-城東,0039004200320072,33,9,24,0.4,14,buy
10/02,2308,華南永昌-桃園,9352,2,16,-14,0.23,14,sell
10/02,2308,台新-五權西,0039004200320035,24,0,24,0.4,15,buy
10/02,2308,美商高盛,1480,384,397,-13,0.22,15,sell
10/02,2382,玉山證券,8840,619,16,603,5.85,1,buy
10/02,2382,美林,1440,631,2763,-2132,20.69,1,sell
10/02,2382,美商高盛,1480,839,291,548,5.32,2,buy
10/02,2382,台灣摩根士丹利,1470,89,1720,-1631,15.83,2,sell
10/02,2382,摩根大通,8440,554,270,284,2.76,3,buy
10/02,2382,元大證券,9800,536,1082,-546,5.3,3,sell
10/02,2382,元大-內湖,003900380039004e,124,6,118,1.14,4,buy
10/02,2382,台新,0039004200300030,40,571,-531,5.15,4,sell
10/02,2382,華南永昌,9300,112,1,111,1.08,5,buy
10/02,2382,富邦證券,9600,11,442,-431,4.18,5,sell
10/02,2382,康和,8450,107,0,107,1.04,6,buy
10/02,2382,台新-台北,0039004200320030,12,305,-293,2.84,6,sell
10/02,2382,國泰-敦南,8888,125,42,83,0.81,7,buy
10/02,2382,新加坡商瑞銀,1650,367,611,-244,2.37,7,sell
10/02,2382,永豐金-敦北,0039004100380039,79,0,79,0.77,8,buy
10/02,2382,花旗環球,1590,83,314,-231,2.24,8,sell
10/02,2382,富邦-中壢,9636,66,4,62,0.6,9,buy
10/02,2382,凱基-台北,9268,118,207,-89,0.86,9,sell
10/02,2382,永豐金-市政,0039004100390057,58,0,58,0.56,10,buy
10/02,2382,台新-台中,0039004200310068,18,52,-34,0.33,10,sell
10/02,2382,統一-新竹,5857,63,6,57,0.55,11,buy
10/02,2382,凱基,9200,2,29,-27,0.26,11,sell
10/02,2382,統一-台中,5856,59,2,57,0.55,12,buy
10/02,2382,永豐金-台中,003900410039004c,8,31,-23,0.22,12,sell
10/02,2382,元大-博愛,0039003800320042,56,0,56,0.54,13,buy
10/02,2382,永豐金-板盛,0039004100390059,1,23,-22,0.21,13,sell
10/02,2382,兆豐-南京,0037003000300050,56,1,55,0.53,14,buy
10/02,2382,法銀巴黎,8900,1,22,-21,0.2,14,sell
10/02,2382,中國信託-文心,6164,56,2,54,0.52,15,buy
10/02,2382,台新-建北,0039004200310038,2,21,-19,0.18,15,sell
10/02,2891,群益金鼎,9100,1041,12,1029,5.45,1,buy
10/02,2891,摩根大通,8440,544,2690,-2146,11.36,1,sell
10/02,2891,永豐金證券,0039004100300030,1243,296,947,5.02,2,buy
10/02,2891,法銀巴黎,8900,0,1447,-1447,7.66,2,sell
10/02,2891,美林,1440,1203,295,908,4.81,3,buy
10/02,2891,元大證券,9800,1990,3170,-1180,6.25,3,sell
10/02,2891,台灣摩根士丹利,1470,1294,601,693,3.67,4,buy
10/02,2891,凱基,9200,183,1301,-1118,5.92,4,sell
10/02,2891,美商高盛,1480,1860,1280,580,3.07,5,buy
10/02,2891,花旗環球,1590,879,1412,-533,2.82,5,sell
10/02,2891,玉山證券,8840,559,0,559,2.96,6,buy
10/02,2891,凱基-台北,9268,897,1417,-520,2.75,6,sell
10/02,2891,華南永昌,9300,519,0,519,2.75,7,buy
10/02,2891,永豐金-匯立,0039004100380031,377,834,-457,2.42,7,sell
10/02,2891,新加坡商瑞銀,1650,725,237,488,2.58,8,buy
10/02,2891,統一,5850,7,460,-453,2.4,8,sell
10/02,2891,國泰-板橋,003800380038004b,477,6,471,2.49,9,buy
10/02,2891,富邦證券,9600,75,502,-427,2.26,9,sell
10/02,2891,國泰-敦南,8888,419,55,364,1.93,10,buy
10/02,2891,中國信託-永康,6163,15,331,-316,1.67,10,sell
10/02,2891,富邦-新竹,9647,126,0,126,0.67,11,buy
10/02,2891,香港上海匯豐,8960,18,214,-196,1.04,11,sell
10/02,2891,聯邦-雙和,8584,100,3,97,0.51,12,buy
10/02,2891,玉山-高雄,8843,7,155,-148,0.78,12,sell
10/02,2891,中國信託,6160,83,8,75,0.4,13,buy
10/02,2891,富邦-苗栗,9657,12,77,-65,0.34,13,sell
10/02,2891,兆豐-北高雄,0037003000300049,66,0,66,0.35,14,buy
10/02,2891,台新,0039004200300030,36,93,-57,0.3,14,sell
10/02,2891,元大-大里,0039003800310067,64,3,61,0.32,15,buy
10/02,2891,凱基-中港,9202,7,60,-53,0.28,15,sell
10/02,2881,永豐金-匯立,0039004100380031,2116,0,2116,20.64,1,buy
10/02,2881,花旗環球,1590,313,1445,-1132,11.04,1,sell
10/02,2881,凱基,9200,664,2,662,6.46,2,buy
10/02,2881,凱基-城中,9227,2,955,-953,9.3,2,sell
10/02,2881,台灣摩根士丹利,1470,1311,763,548,5.35,3,buy
10/02,2881,元大證券,9800,370,1274,-904,8.82,3,sell
10/02,2881,國泰證券,8880,456,0,456,4.45,4,buy
10/02,2881,摩根大通,8440,90,463,-373,3.64,4,sell
10/02,2881,新加坡商瑞銀,1650,453,193,260,2.54,5,buy
10/02,2881,群益金鼎,9100,25,260,-235,2.29,5,sell
10/02,2881,富邦證券,9600,190,2,188,1.83,6,buy
10/02,2881,永豐金證券,0039004100300030,43,267,-224,2.19,6,sell
10/02,2881,港商野村,1560,116,1,115,1.12,7,buy
10/02,2881,凱基-台北,9268,876,995,-119,1.16,7,sell
10/02,2881,臺銀,1040,116,27,89,0.87,8,buy
10/02,2881,中國信託,6160,1,88,-87,0.85,8,sell
10/02,2881,富邦-建國,9658,59,3,56,0.55,9,buy
10/02,2881,美商高盛,1480,751,826,-75,0.73,9,sell
10/02,2881,凱基-中山,9229,40,0,40,0.39,10,buy
10/02,2881,法銀巴黎,8900,0,75,-75,0.73,10,sell
10/02,2881,富邦-台北,9623,63,25,38,0.37,11,buy
10/02,2881,美林,1440,452,517,-65,0.63,11,sell
10/02,2881,元大-土城,9897,25,0,25,0.24,12,buy
10/02,2881,台新-板橋,0039004200320062,1,52,-51,0.5,12,sell
10/02,2881,華南永昌-中正,9359,20,0,20,0.2,13,buy
10/02,2881,群益金鼎-高盛,9105,0,46,-46,0.45,13,sell
10/02,2881,元大-太平,0039003800310051,21,1,20,0.2,14,buy
10/02,2881,凱基-民權,0039003200310043,0,41,-41,0.4,14,sell
10/02,2881,統一-彰化,0035003800350046,20,0,20,0.2,15,buy
10/02,2881,台新,0039004200300030,14,53,-39,0.38,15,sell
10/02,2882,香港上海匯豐,8960,1436,18,1418,10.79,1,buy
10/02,2882,統一,5850,0,875,-875,6.66,1,sell
10/02,2882,新加坡商瑞銀,1650,1529,202,1327,10.1,2,buy
10/02,2882,法銀巴黎,8900,3,772,-769,5.85,2,sell
10/02,2882,美商高盛,1480,1459,445,1014,7.72,3,buy
10/02,2882,凱基,9200,61,812,-751,5.72,3,sell
10/02,2882,康和,8450,790,0,790,6.01,4,buy
10/02,2882,花旗環球,1590,300,962,-662,5.04,4,sell
10/02,2882,國泰證券,8880,517,2,515,3.92,5,buy
10/02,2882,台灣摩根士丹利,1470,529,1161,-632,4.81,5,sell
10/02,2882,華南永昌,9300,396,0,396,3.01,6,buy
10/02,2882,港商麥格理,1360,0,397,-397,3.02,6,sell
10/02,2882,港商野村,1560,380,36,344,2.62,7,buy
10/02,2882,元大證券,9800,905,1243,-338,2.57,7,sell
10/02,2882,玉山證券,8840,397,173,224,1.7,8,buy
10/02,2882,永豐金-中和,0039004100390042,10,218,-208,1.58,8,sell
10/02,2882,永豐金-匯立,0039004100380031,149,0,149,1.13,9,buy
10/02,2882,永豐金證券,0039004100300030,57,255,-198,1.51,9,sell
10/02,2882,臺銀,1040,96,2,94,0.72,10,buy
10/02,2882,富邦證券,9600,74,224,-150,1.14,10,sell
10/02,2882,元大-敦南,0039003800390050,80,0,80,0.61,11,buy
10/02,2882,凱基-台北,9268,223,341,-118,0.9,11,sell
10/02,2882,美林,1440,611,545,66,0.5,12,buy
10/02,2882,國泰-敦南,8888,63,166,-103,0.78,12,sell
10/02,2882,華南永昌-豐原,9366,50,0,50,0.38,13,buy
10/02,2882,兆豐-三重,7008,120,220,-100,0.76,13,sell
10/02,2882,宏遠證券,1260,50,0,50,0.38,14,buy
10/02,2882,台新-城東,0039004200320072,0,100,-100,0.76,14,sell
10/02,2882,凱基-中山,9229,49,0,49,0.37,15,buy
10/02,2882,群益金鼎-永和,003900310038004a,218,297,-79,0.6,15,sell
10/02,2303,新加坡商瑞銀,1650,8581,3505,5076,5.06,1,buy
10/02,2303,摩根大通,8440,861,5606,-4745,4.73,1,sell
10/02,2303,元大證券,9800,13000,9101,3899,3.89,2,buy
10/02,2303,兆豐證券,7000,57,2799,-2742,2.73,2,sell
10/02,2303,富邦證券,9600,6147,2721,3426,3.41,3,buy
10/02,2303,花旗環球,1590,344,2828,-2484,2.48,3,sell
10/02,2303,美商高盛,1480,6596,3582,3014,3.0,4,buy
10/02,2303,凱基-台北,9268,2172,4651,-2479,2.47,4,sell
10/02,2303,國票-安和,003700370039005a,2175,86,2089,2.08,5,buy
10/02,2303,港商麥格理,1360,0,2150,-2150,2.14,5,sell
10/02,2303,永豐金證券,0039004100300030,1312,632,680,0.68,6,buy
10/02,2303,凱基,9200,91,2074,-1983,1.98,6,sell
10/02,2303,中國信託,6160,1403,764,639,0.64,7,buy
10/02,2303,台灣摩根士丹利,1470,1564,2665,-1101,1.1,7,sell
10/02,2303,凱基-信義,9216,825,341,484,0.48,8,buy
10/02,2303,統一,5850,1932,2974,-1042,1.04,8,sell
10/02,2303,港商野村,1560,492,36,456,0.45,9,buy
10/02,2303,香港上海匯豐,8960,98,1072,-974,0.97,9,sell
10/02,2303,華南永昌-虎尾,9377,451,65,386,0.38,10,buy
10/02,2303,美林,1440,1036,1944,-908,0.9,10,sell
10/02,2303,華南永昌-南京,9326,357,59,298,0.3,11,buy
10/02,2303,台新,0039004200300030,456,1281,-825,0.82,11,sell
10/02,2303,永豐金-台南,0039004100390068,554,257,297,0.3,12,buy
10/02,2303,宏遠證券,1260,465,1271,-806,0.8,12,sell
10/02,2303,永豐金-匯立,0039004100380031,271,0,271,0.27,13,buy
10/02,2303,法銀巴黎,8900,4,516,-512,0.51,13,sell
10/02,2303,元大-大同,0039003800390047,325,58,267,0.27,14,buy
10/02,2303,元大-豐原站前,0039003800390057,186,694,-508,0.51,14,sell
10/02,2303,玉山-信義,0038003800340043,304,54,250,0.25,15,buy
10/02,2303,國票-長城,0037003700390075,37,518,-481,0.48,15,sell
10/02,3711,摩根大通,8440,1475,356,1119,9.53,1,buy
10/02,3711,統一,5850,61,2285,-2224,18.93,1,sell
10/02,3711,美商高盛,1480,1195,182,1013,8.62,2,buy
10/02,3711,新加坡商瑞銀,1650,556,899,-343,2.92,2,sell
10/02,3711,元大證券,9800,1153,524,629,5.36,3,buy
10/02,3711,群益金鼎,9100,186,423,-237,2.02,3,sell
10/02,3711,港商麥格理,1360,606,0,606,5.16,4,buy
10/02,3711,花旗環球,1590,236,455,-219,1.86,4,sell
10/02,3711,台灣摩根士丹利,1470,552,267,285,2.43,5,buy
10/02,3711,美林,1440,277,436,-159,1.35,5,sell
10/02,3711,台新-台北,0039004200320030,257,5,252,2.15,6,buy
10/02,3711,凱基-信義,9216,2,151,-149,1.27,6,sell
10/02,3711,大和國泰,8890,200,0,200,1.7,7,buy
10/02,3711,法銀巴黎,8900,4,138,-134,1.14,7,sell
10/02,3711,富邦證券,9600,215,17,198,1.69,8,buy
10/02,3711,中國信託,6160,12,108,-96,0.82,8,sell
10/02,3711,彰銀,1230,171,5,166,1.41,9,buy
10/02,3711,合庫證券,1020,24,110,-86,0.73,9,sell
10/02,3711,永豐金證券,0039004100300030,296,157,139,1.18,10,buy
10/02,3711,玉山證券,8840,14,82,-68,0.58,10,sell
10/02,3711,康和,8450,126,2,124,1.06,11,buy
10/02,3711,永豐金-南投,003900410039004d,11,79,-68,0.58,11,sell
10/02,3711,凱基-台北,9268,369,297,72,0.61,12,buy
10/02,3711,宏遠-館前,0031003200360055,2,61,-59,0.5,12,sell
10/02,3711,華南永昌-大甲,9315,56,2,54,0.46,13,buy
10/02,3711,元大-雙和,9874,6,52,-46,0.39,13,sell
10/02,3711,兆豐證券,7000,50,3,47,0.4,14,buy
10/02,3711,國票-長城,0037003700390075,5,42,-37,0.32,14,sell
10/02,3711,港商野村,1560,70,24,46,0.39,15,buy
10/02,3711,國泰-敦南,8888,129,165,-36,0.31,15,sell
10/02,2603,元大證券,9800,1389,91,1298,23.09,1,buy
10/02,2603,凱基,9200,7,1136,-1129,20.09,1,sell
10/02,2603,美商高盛,1480,863,102,761,13.54,2,buy
10/02,2603,富邦證券,9600,20,325,-305,5.43,2,sell
10/02,2603,摩根大通,8440,418,35,383,6.81,3,buy
10/02,2603,第一金,5380,0,160,-160,2.85,3,sell
10/02,2603,花旗環球,1590,453,132,321,5.71,4,buy
10/02,2603,中國信託,6160,10,152,-142,2.53,4,sell
10/02,2603,統一,5850,310,7,303,5.39,5,buy
10/02,2603,富邦-中壢,9636,0,113,-113,2.01,5,sell
10/02,2603,凱基-台北,9268,302,38,264,4.7,6,buy
10/02,2603,元大-永和,9891,16,112,-96,1.71,6,sell
10/02,2603,新加坡商瑞銀,1650,294,86,208,3.7,7,buy
10/02,2603,國泰-敦南,8888,16,102,-86,1.53,7,sell
10/02,2603,美林,1440,171,19,152,2.7,8,buy
10/02,2603,群益金鼎-新竹,9186,0,52,-52,0.93,8,sell
10/02,2603,港商野村,1560,110,5,105,1.87,9,buy
10/02,2603,元大-新莊,9898,4,55,-51,0.91,9,sell
10/02,2603,台灣摩根士丹利,1470,523,448,75,1.33,10,buy
10/02,2603,兆豐證券,7000,0,50,-50,0.89,10,sell
10/02,2603,香港上海匯豐,8960,33,1,32,0.57,11,buy
10/02,2603,兆豐-大同,0037003000300053,0,48,-48,0.85,11,sell
10/02,2603,群益金鼎-萬華,0039003100330049,30,0,30,0.53,12,buy
10/02,2603,玉山證券,8840,5,53,-48,0.85,12,sell
10/02,2603,群益金鼎,9100,31,13,18,0.32,13,buy
10/02,2603,兆豐-彰化,0037003000300064,0,43,-43,0.76,13,sell
10/02,2603,台新-松德,0039004200320061,23,5,18,0.32,14,buy
10/02,2603,國泰-館前,0038003800380041,2,42,-40,0.71,14,sell
10/02,2603,華南永昌-竹北,9339,18,1,17,0.3,15,buy
10/02,2603,安泰,8380,1,33,-32,0.57,15,sell
10/02,2609,美商高盛,1480,2956,433,2523,21.63,1,buy
10/02,2609,大昌,6460,8,516,-508,4.36,1,sell
10/02,2609,台灣摩根士丹利,1470,1756,175,1581,13.56,2,buy
10/02,2609,摩根大通,8440,8,381,-373,3.2,2,sell
10/02,2609,花旗環球,1590,1449,216,1233,10.57,3,buy
10/02,2609,新加坡商瑞銀,1650,473,738,-265,2.27,3,sell
10/02,2609,港商野村,1560,627,3,624,5.35,4,buy
10/02,2609,中國信託-高雄,003600310036004b,2,223,-221,1.89,4,sell
10/02,2609,元大-大里,0039003800310067,219,30,189,1.62,5,buy
10/02,2609,美林,1440,59,270,-211,1.81,5,sell
10/02,2609,永豐金-忠孝,0039004100390044,100,7,93,0.8,6,buy
10/02,2609,國票-九鼎,0037003700390050,4,146,-142,1.22,6,sell
10/02,2609,凱基-台北,9268,309,232,77,0.66,7,buy
10/02,2609,國泰-敦南,8888,89,214,-125,1.07,7,sell
10/02,2609,香港上海匯豐,8960,56,0,56,0.48,8,buy
10/02,2609,元大-竹科,003900380030004b,6,124,-118,1.01,8,sell
10/02,2609,元大證券,9800,436,391,45,0.39,9,buy
10/02,2609,永豐金證券,0039004100300030,55,166,-111,0.95,9,sell
10/02,2609,永豐金-新莊,0039004100390048,30,3,27,0.23,10,buy
10/02,2609,中國信託-嘉義,6168,2,96,-94,0.81,10,sell
10/02,2609,國票證券,7790,29,3,26,0.22,11,buy
10/02,2609,富邦-公益,0039003600310046,1,85,-84,0.72,11,sell
10/02,2609,富邦-木柵,003900360031004d,24,1,23,0.2,12,buy
10/02,2609,兆豐-台南,7006,0,84,-84,0.72,12,sell
10/02,2609,元大-福營,0039003800310046,31,12,19,0.16,13,buy
10/02,2609,富邦證券,9600,23,105,-82,0.7,13,sell
10/02,2609,玉山-台中,0038003800340042,63,45,18,0.15,14,buy
10/02,2609,兆豐-台中港,7005,3,73,-70,0.6,14,sell
10/02,2609,兆豐-南門,0037003000300067,20,4,16,0.14,15,buy
10/02,2609,富邦-花蓮,9621,6,75,-69,0.59,15,sell
10/02,2615,摩根大通,8440,893,7,886,19.1,1,buy
10/02,2615,富邦-仁愛,9676,16,807,-791,17.05,1,sell
10/02,2615,凱基-台北,9268,470,201,269,5.8,2,buy
10/02,2615,香港上海匯豐,8960,0,224,-224,4.83,2,sell
10/02,2615,港商野村,1560,247,26,221,4.76,3,buy
10/02,2615,國泰-館前,0038003800380041,22,212,-190,4.1,3,sell
10/02,2615,台灣摩根士丹利,1470,376,235,141,3.04,4,buy
10/02,2615,美商高盛,1480,160,346,-186,4.01,4,sell
10/02,2615,國泰證券,8880,55,0,55,1.19,5,buy
10/02,2615,花旗環球,1590,1,181,-180,3.88,5,sell
10/02,2615,凱基-豐中,9223,52,0,52,1.12,6,buy
10/02,2615,華南永昌,9300,4,97,-93,2.01,6,sell
10/02,2615,凱基-竹科,9272,51,0,51,1.1,7,buy
10/02,2615,美林,1440,63,146,-83,1.79,7,sell
10/02,2615,永全-南崁,6451,50,0,50,1.08,8,buy
10/02,2615,第一金,5380,1,40,-39,0.84,8,sell
10/02,2615,群益金鼎,9100,44,9,35,0.75,9,buy
10/02,2615,元大-員林中山,9835,4,34,-30,0.65,9,sell
10/02,2615,第一金-嘉義,003500330038004d,33,0,33,0.71,10,buy
10/02,2615,凱基-中山,9229,0,30,-30,0.65,10,sell
10/02,2615,新光-桃園,8565,45,17,28,0.6,11,buy
10/02,2615,凱基,9200,0,29,-29,0.63,11,sell
10/02,2615,國泰-敦南,8888,95,67,28,0.6,12,buy
10/02,2615,玉山-大里,003800380034004a,2,27,-25,0.54,12,sell
10/02,2615,富邦-南京,0039003600310043,27,1,26,0.56,13,buy
10/02,2615,永豐金-埔里,0039004100370039,2,23,-21,0.45,13,sell
10/02,2615,新加坡商瑞銀,1650,119,95,24,0.52,14,buy
10/02,2615,玉山-高雄,8843,2,22,-20,0.43,14,sell
10/02,2615,富邦-永康,003900360031005a,20,0,20,0.43,15,buy
10/02,2615,華南永昌-古亭,9309,1,20,-19,0.41,15,sell
10/02,2618,元大證券,9800,2046,312,1734,20.25,1,buy
10/02,2618,凱基,9200,0,691,-691,8.07,1,sell
10/02,2618,台灣摩根士丹利,1470,1463,305,1158,13.52,2,buy
10/02,2618,摩根大通,8440,228,783,-555,6.48,2,sell
10/02,2618,新加坡商瑞銀,1650,1057,288,769,8.98,3,buy
10/02,2618,凱基-台北,9268,504,986,-482,5.63,3,sell
10/02,2618,大和國泰,8890,216,0,216,2.52,4,buy
10/02,2618,康和-台北,0038003400350055,1,289,-288,3.36,4,sell
10/02,2618,永豐金-匯立,0039004100380031,140,28,112,1.31,5,buy
10/02,2618,新光,8560,27,264,-237,2.77,5,sell
10/02,2618,統一-桃園,0035003800350048,112,0,112,1.31,6,buy
10/02,2618,香港上海匯豐,8960,55,225,-170,1.99,6,sell
10/02,2618,元大-大同,0039003800390047,73,3,70,0.82,7,buy
10/02,2618,花旗環球,1590,631,782,-151,1.76,7,sell
10/02,2618,美商高盛,1480,654,584,70,0.82,8,buy
10/02,2618,港商野村,1560,32,177,-145,1.69,8,sell
10/02,2618,群益金鼎,9100,51,4,47,0.55,9,buy
10/02,2618,第一金-自由,0035003300380045,0,130,-130,1.52,9,sell
10/02,2618,富邦-台北,9623,38,15,23,0.27,10,buy
10/02,2618,凱基-南崁,9256,2,130,-128,1.49,10,sell
10/02,2618,凱基-站前,0039003200300046,23,1,22,0.26,11,buy
10/02,2618,富邦證券,9600,0,104,-104,1.21,11,sell
10/02,2618,中國信託,6160,32,14,18,0.21,12,buy
10/02,2618,永豐金證券,0039004100300030,108,207,-99,1.16,12,sell
10/02,2618,國泰證券,8880,17,0,17,0.2,13,buy
10/02,2618,台新-新營,0039004200310031,5,95,-90,1.05,13,sell
10/02,2618,凱基-新豐,9266,13,0,13,0.15,14,buy
10/02,2618,法銀巴黎,8900,0,62,-62,0.72,14,sell
10/02,2618,富邦-南港,0039003600320041,11,1,10,0.12,15,buy
10/02,2618,富邦-青埔,003900360031004e,2,50,-48,0.56,15,sell
10/02,3037,美林,1440,2313,169,2144,11.54,1,buy
10/02,3037,國泰-敦南,8888,207,425,-218,1.17,1,sell
10/02,3037,美商高盛,1480,2557,679,1878,10.11,2,buy
10/02,3037,永豐金證券,0039004100300030,71,275,-204,1.1,2,sell
10/02,3037,兆豐證券,7000,720,12,708,3.81,3,buy
10/02,3037,富邦證券,9600,539,727,-188,1.01,3,sell
10/02,3037,台灣摩根士丹利,1470,1337,707,630,3.39,4,buy
10/02,3037,港商野村,1560,90,279,-189,1.02,4,sell
10/02,3037,花旗環球,1590,568,221,347,1.87,5,buy
10/02,3037,統一-竹南,003500380035006d,4,188,-184,0.99,5,sell
10/02,3037,元大證券,9800,2181,1920,261,1.41,6,buy
10/02,3037,新光,8560,55,195,-140,0.75,6,sell
10/02,3037,國泰證券,8880,347,109,238,1.28,7,buy
10/02,3037,凱基-台北,9268,1140,1235,-95,0.51,7,sell
10/02,3037,新加坡商瑞銀,1650,342,133,209,1.13,8,buy
10/02,3037,統一-南京,0035003800350055,25,105,-80,0.43,8,sell
10/02,3037,永豐金-匯立,0039004100380031,126,0,126,0.68,9,buy
10/02,3037,台新,0039004200300030,58,130,-72,0.39,9,sell
10/02,3037,摩根大通,8440,401,290,111,0.6,10,buy
10/02,3037,宏遠證券,1260,11,80,-69,0.37,10,sell
10/02,3037,凱基,9200,380,269,111,0.6,11,buy
10/02,3037,國泰-板橋,003800380038004b,38,100,-62,0.33,11,sell
10/02,3037,統一,5850,120,40,80,0.43,12,buy
10/02,3037,永豐金-桃園,0039004100390078,9,70,-61,0.33,12,sell
10/02,3037,國票-敦北法人,0037003700390063,137,58,79,0.43,13,buy
10/02,3037,中國信託,6160,26,85,-59,0.32,13,sell
10/02,3037,港商麥格理,1360,79,0,79,0.43,14,buy
10/02,3037,群益金鼎-延平,0039003100380078,0,56,-56,0.3,14,sell
10/02,3037,兆豐-北高雄,0037003000300049,81,6,75,0.4,15,buy
10/02,3037,群益金鼎,9100,294,350,-56,0.3,15,sell
10/02,2345,法銀巴黎,8900,416,9,407,7.71,1,buy
10/02,2345,台灣摩根士丹利,1470,225,531,-306,5.8,1,sell
10/02,2345,國泰證券,8880,220,9,211,4.0,2,buy
10/02,2345,新加坡商瑞銀,1650,153,386,-233,4.41,2,sell
10/02,2345,富邦證券,9600,198,18,180,3.41,3,buy
10/02,2345,群益金鼎,9100,64,250,-186,3.52,3,sell
10/02,2345,兆豐證券,7000,100,6,94,1.78,4,buy
10/02,2345,元大-土城永寧,9875,0,153,-153,2.9,4,sell
10/02,2345,凱基,9200,97,13,84,1.59,5,buy
10/02,2345,凱基-信義,9216,1,105,-104,1.97,5,sell
10/02,2345,國票-安和,003700370039005a,77,2,75,1.42,6,buy
10/02,2345,凱基-台北,9268,157,253,-96,1.82,6,sell
10/02,2345,群益金鼎-丹鳳,0039003100380073,61,1,60,1.14,7,buy
10/02,2345,摩根大通,8440,118,179,-61,1.16,7,sell
10/02,2345,大和國泰,8890,54,0,54,1.02,8,buy
10/02,2345,元大-大統,003900380031007a,3,51,-48,0.91,8,sell
10/02,2345,兆豐-北高雄,0037003000300049,59,20,39,0.74,9,buy
10/02,2345,新光,8560,39,74,-35,0.66,9,sell
10/02,2345,永豐金-敦南,0039004100380046,42,5,37,0.7,10,buy
10/02,2345,美林,1440,45,78,-33,0.63,10,sell
10/02,2345,永豐金-匯立,0039004100380031,34,0,34,0.64,11,buy
10/02,2345,花旗環球,1590,19,46,-27,0.51,11,sell
10/02,2345,統一,5850,78,54,24,0.45,12,buy
10/02,2345,港商麥格理,1360,0,24,-24,0.45,12,sell
10/02,2345,元大-忠孝,9871,25,1,24,0.45,13,buy
10/02,2345,香港上海匯豐,8960,2,26,-24,0.45,13,sell
10/02,2345,元大-崇德,0039003800310053,23,0,23,0.44,14,buy
10/02,2345,中國信託,6160,27,49,-22,0.42,14,sell
10/02,2345,港商野村,1560,22,0,22,0.42,15,buy
10/02,2345,美商高盛,1480,431,450,-19,0.36,15,sell
10/02,3006,新加坡商瑞銀,1650,828,139,689,7.57,1,buy
10/02,3006,永豐金-竹北,0039004100390050,8,226,-218,2.4,1,sell
10/02,3006,美商高盛,1480,979,410,569,6.25,2,buy
10/02,3006,元大-大同,0039003800390047,3,189,-186,2.04,2,sell
10/02,3006,凱基-台北,9268,595,335,260,2.86,3,buy
10/02,3006,元大-頭份,0039003800330055,7,159,-152,1.67,3,sell
10/02,3006,摩根大通,8440,437,191,246,2.7,4,buy
10/02,3006,兆豐-新竹,0037003000300056,11,142,-131,1.44,4,sell
10/02,3006,富邦-建國,9658,263,21,242,2.66,5,buy
10/02,3006,永豐金-竹科,0039004100390058,3,97,-94,1.03,5,sell
10/02,3006,元大證券,9800,852,663,189,2.08,6,buy
10/02,3006,元大-樹林,003900380039006a,12,91,-79,0.87,6,sell
10/02,3006,港商野村,1560,175,24,151,1.66,7,buy
10/02,3006,國泰-敦南,8888,143,209,-66,0.73,7,sell
10/02,3006,台灣企銀-豐原,1118,391,284,107,1.18,8,buy
10/02,3006,元大-土城,9897,0,61,-61,0.67,8,sell
10/02,3006,凱基-信義,9216,100,5,95,1.04,9,buy
10/02,3006,凱基-南崁,9256,0,41,-41,0.45,9,sell
10/02,3006,美林,1440,91,0,91,1.0,10,buy
10/02,3006,凱基-東港,9212,1,41,-40,0.44,10,sell
10/02,3006,富邦證券,9600,68,7,61,0.67,11,buy
10/02,3006,元大-士林,003900380031006a,1,38,-37,0.41,11,sell
10/02,3006,第一金-中山,5389,50,0,50,0.55,12,buy
10/02,3006,群益金鼎-東湖,003900310038004b,7,42,-35,0.38,12,sell
10/02,3006,統一,5850,84,34,50,0.55,13,buy
10/02,3006,富邦-台南,9667,5,39,-34,0.37,13,sell
10/02,3006,凱基-和平,9255,50,4,46,0.51,14,buy
10/02,3006,元大-崇德,0039003800310053,7,38,-31,0.34,14,sell
10/02,3006,新光,8560,93,55,38,0.42,15,buy
10/02,3006,台新-板橋,0039004200320062,10,41,-31,0.34,15,sell
10/02,2379,美林,1440,232,107,125,7.65,1,buy
10/02,2379,摩根大通,8440,10,311,-301,18.43,1,sell
10/02,2379,玉山證券,8840,111,3,108,6.61,2,buy
10/02,2379,美商高盛,1480,50,137,-87,5.33,2,sell
10/02,2379,港商野村,1560,127,28,99,6.06,3,buy
10/02,2379,台灣摩根士丹利,1470,87,166,-79,4.84,3,sell
10/02,2379,元大證券,9800,136,39,97,5.94,4,buy
10/02,2379,永豐金證券,0039004100300030,30,95,-65,3.98,4,sell
10/02,2379,中國信託,6160,26,2,24,1.47,5,buy
10/02,2379,法銀巴黎,8900,0,59,-59,3.61,5,sell
10/02,2379,玉山-雙和,8841,19,1,18,1.1,6,buy
10/02,2379,花旗環球,1590,11,56,-45,2.76,6,sell
10/02,2379,元大-崇德,0039003800310053,15,0,15,0.92,7,buy
10/02,2379,凱基-台北,9268,67,98,-31,1.9,7,sell
10/02,2379,群益金鼎-館前,0039003100330059,11,0,11,0.67,8,buy
10/02,2379,群益金鼎,9100,11,39,-28,1.71,8,sell
10/02,2379,國泰-敦南,8888,21,12,9,0.55,9,buy
10/02,2379,新加坡商瑞銀,1650,4,27,-23,1.41,9,sell
10/02,2379,富邦-八德,0039003600330041,9,0,9,0.55,10,buy
10/02,2379,國泰-台中,8882,7,29,-22,1.35,10,sell
10/02,2379,永豐金-匯立,0039004100380031,9,0,9,0.55,11,buy
10/02,2379,香港上海匯豐,8960,7,26,-19,1.16,11,sell
10/02,2379,中國信託-文心,6164,9,2,7,0.43,12,buy
10/02,2379,富邦證券,9600,1,18,-17,1.04,12,sell
10/02,2379,國泰-板橋,003800380038004b,10,4,6,0.37,13,buy
10/02,2379,港商麥格理,1360,0,13,-13,0.8,13,sell
10/02,2379,富邦-建國,9658,6,0,6,0.37,14,buy
10/02,2379,永豐金-竹科,0039004100390058,1,13,-12,0.73,14,sell
10/02,2379,台新-城中,0039004200320045,6,0,6,0.37,15,buy
10/02,2379,亞東,2180,0,12,-12,0.73,15,sell
10/02,3034,元大證券,9800,308,194,114,3.99,1,buy
10/02,3034,台灣摩根士丹利,1470,35,409,-374,13.1,1,sell
10/02,3034,富邦證券,9600,150,72,78,2.73,2,buy
10/02,3034,美商高盛,1480,44,357,-313,10.96,2,sell
10/02,3034,花旗環球,1590,138,72,66,2.31,3,buy
10/02,3034,美林,1440,20,243,-223,7.81,3,sell
10/02,3034,香港上海匯豐,8960,64,1,63,2.21,4,buy
10/02,3034,新加坡商瑞銀,1650,158,311,-153,5.36,4,sell
10/02,3034,元大-南投,0039003800310044,43,0,43,1.51,5,buy
10/02,3034,摩根大通,8440,168,299,-131,4.59,5,sell
10/02,3034,富邦-羅東,9634,38,0,38,1.33,6,buy
10/02,3034,凱基-台北,9268,48,127,-79,2.77,6,sell
10/02,3034,國泰-敦南,8888,55,18,37,1.3,7,buy
10/02,3034,中國信託,6160,5,78,-73,2.56,7,sell
10/02,3034,元大-豐原站前,0039003800390057,18,0,18,0.63,8,buy
10/02,3034,永豐金-匯立,0039004100380031,0,56,-56,1.96,8,sell
10/02,3034,永豐金證券,0039004100300030,35,18,17,0.6,9,buy
10/02,3034,統一,5850,3,57,-54,1.89,9,sell
10/02,3034,兆豐-永和,0037003000300058,16,0,16,0.56,10,buy
10/02,3034,港商野村,1560,0,52,-52,1.82,10,sell
10/02,3034,彰銀-七賢,1232,15,0,15,0.53,11,buy
10/02,3034,國票-敦北法人,0037003700390063,0,49,-49,1.72,11,sell
10/02,3034,統一-台南,5855,14,0,14,0.49,12,buy
10/02,3034,台新-林園,0039004200320037,7,26,-19,0.67,12,sell
10/02,3034,新光,8560,23,9,14,0.49,13,buy
10/02,3034,永豐金-竹科,0039004100390058,3,16,-13,0.46,13,sell
10/02,3034,台新,0039004200300030,14,1,13,0.46,14,buy
10/02,3034,國泰-板橋,003800380038004b,6,14,-8,0.28,14,sell
10/02,3034,國泰-館前,0038003800380041,17,4,13,0.46,15,buy
10/02,3034,元大-竹北,0039003800310042,13,20,-7,0.25,15,sell
10/02,2412,美林,1440,1604,4,1600,15.98,1,buy
10/02,2412,凱基,9200,31,1204,-1173,11.72,1,sell
10/02,2412,美商高盛,1480,1088,123,965,9.64,2,buy
10/02,2412,群益金鼎,9100,560,1414,-854,8.53,2,sell
10/02,2412,台灣摩根士丹利,1470,914,52,862,8.61,3,buy
10/02,2412,花旗環球,1590,146,933,-787,7.86,3,sell
10/02,2412,凱基-台北,9268,979,269,710,7.09,4,buy
10/02,2412,華南永昌-中正,9359,0,745,-745,7.44,4,sell
10/02,2412,新加坡商瑞銀,1650,737,119,618,6.17,5,buy
10/02,2412,台新,0039004200300030,2,106,-104,1.04,5,sell
10/02,2412,凱基-永和,9207,480,0,480,4.8,6,buy
10/02,2412,港商麥格理,1360,0,100,-100,1.0,6,sell
10/02,2412,永豐金證券,0039004100300030,563,143,420,4.2,7,buy
10/02,2412,台新-三民,0039004200310033,0,89,-89,0.89,7,sell
10/02,2412,元大證券,9800,290,101,189,1.89,8,buy
10/02,2412,台新-高雄,0039004200310067,0,87,-87,0.87,8,sell
10/02,2412,永豐金-匯立,0039004100380031,139,0,139,1.39,9,buy
10/02,2412,摩根大通,8440,98,166,-68,0.68,9,sell
10/02,2412,國泰證券,8880,120,0,120,1.2,10,buy
10/02,2412,華南永昌-台南,9306,0,65,-65,0.65,10,sell
10/02,2412,中國信託,6160,99,36,63,0.63,11,buy
10/02,2412,元大-屏東,9892,0,51,-51,0.51,11,sell
10/02,2412,香港上海匯豐,8960,46,5,41,0.41,12,buy
10/02,2412,群益金鼎-民權,9131,0,50,-50,0.5,12,sell
10/02,2412,高橋,5320,43,6,37,0.37,13,buy
10/02,2412,第一金-自由,0035003300380045,0,47,-47,0.47,13,sell
10/02,2412,港商野村,1560,16,0,16,0.16,14,buy
10/02,2412,新光,8560,0,44,-44,0.44,14,sell
10/02,2412,新百王,6210,16,1,15,0.15,15,buy
10/02,2412,國泰-敦南,8888,3,45,-42,0.42,15,sell
10/02,2409,美商高盛,1480,45154,15359,29795,4.25,1,buy
10/02,2409,花旗環球,1590,36,8459,-8423,1.2,1,sell
10/02,2409,凱基-台北,9268,76857,48889,27968,3.99,2,buy
10/02,2409,元大證券,9800,56180,61900,-5720,0.82,2,sell
10/02,2409,台灣摩根士丹利,1470,37154,9679,27475,3.92,3,buy
10/02,2409,國泰-敦南,8888,20998,24794,-3796,0.54,3,sell
10/02,2409,新加坡商瑞銀,1650,22675,9068,13607,1.94,4,buy
10/02,2409,國泰-板橋,003800380038004b,3739,5862,-2123,0.3,4,sell
10/02,2409,富邦-南屯,9666,4617,1544,3073,0.44,5,buy
10/02,2409,國票-敦北法人,0037003700390063,837,2876,-2039,0.29,5,sell
10/02,2409,凱基,9200,5010,2716,2294,0.33,6,buy
10/02,2409,摩根大通,8440,4849,6845,-1996,0.28,6,sell
10/02,2409,富邦-敦南,9663,2584,783,1801,0.26,7,buy
10/02,2409,台新-五權西,0039004200320035,164,1883,-1719,0.25,7,sell
10/02,2409,港商野村,1560,4674,3126,1548,0.22,8,buy
10/02,2409,元大-北港,9837,377,1879,-1502,0.21,8,sell
10/02,2409,永豐金-大園,0039004100390038,2115,617,1498,0.21,9,buy
10/02,2409,富邦證券,9600,3588,5082,-1494,0.21,9,sell
10/02,2409,台新-虎尾,003900420032004e,1599,168,1431,0.2,10,buy
10/02,2409,元大-小港,003900380039005a,511,1724,-1213,0.17,10,sell
10/02,2409,群益金鼎,9100,5632,4421,1211,0.17,11,buy
10/02,2409,港商麥格理,1360,0,1095,-1095,0.16,11,sell
10/02,2409,凱基-新莊,0039003200310053,1582,371,1211,0.17,12,buy
10/02,2409,美好-富順,003500320036004b,415,1439,-1024,0.15,12,sell
10/02,2409,兆豐-台中港,7005,1764,703,1061,0.15,13,buy
10/02,2409,華南永昌-台中,9302,611,1471,-860,0.12,13,sell
10/02,2409,元大-南屯,9853,1504,666,838,0.12,14,buy
10/02,2409,富邦-仁愛,9676,556,1401,-845,0.12,14,sell
10/02,2409,富邦-台北,9623,2841,2018,823,0.12,15,buy
10/02,2409,富邦-木柵,003900360031004d,573,1395,-822,0.12,15,sell
10/02,6770,摩根大通,8440,19470,2325,17145,9.59,1,buy
10/02,6770,美林,1440,2766,7589,-4823,2.7,1,sell
10/02,6770,美商高盛,1480,16458,2404,14054,7.86,2,buy
10/02,6770,國泰-敦南,8888,3468,5068,-1600,0.89,2,sell
10/02,6770,新加坡商瑞銀,1650,7798,900,6898,3.86,3,buy
10/02,6770,群益金鼎-大安,0039003100380065,77,1075,-998,0.56,3,sell
10/02,6770,凱基-台北,9268,12500,7553,4947,2.77,4,buy
10/02,6770,新光,8560,1036,2002,-966,0.54,4,sell
10/02,6770,台灣摩根士丹利,1470,7388,2923,4465,2.5,5,buy
10/02,6770,臺銀-高雄,0031003000340043,233,850,-617,0.34,5,sell
10/02,6770,元大證券,9800,17851,14220,3631,2.03,6,buy
10/02,6770,元大-新竹經國,9859,150,694,-544,0.3,6,sell
10/02,6770,永豐金證券,0039004100300030,2989,1283,1706,0.95,7,buy
10/02,6770,美好-富順,003500320036004b,158,588,-430,0.24,7,sell
10/02,6770,港商野村,1560,1653,357,1296,0.72,8,buy
10/02,6770,群益金鼎-基隆,0039003100330045,37,446,-409,0.23,8,sell
10/02,6770,統一,5850,1472,430,1042,0.58,9,buy
10/02,6770,富隆證券,5110,0,405,-405,0.23,9,sell
10/02,6770,富邦證券,9600,1498,669,829,0.46,10,buy
10/02,6770,群益金鼎-台北,0039003100380058,18,415,-397,0.22,10,sell
10/02,6770,富邦-南港,0039003600320041,2281,1658,623,0.35,11,buy
10/02,6770,玉山-新竹,0038003800340048,128,508,-380,0.21,11,sell
10/02,6770,統一-南京,0035003800350055,636,82,554,0.31,12,buy
10/02,6770,永豐金-桃盛,003900410039004e,195,567,-372,0.21,12,sell
10/02,6770,康和,8450,481,79,402,0.22,13,buy
10/02,6770,國泰-台中,8882,585,948,-363,0.2,13,sell
10/02,6770,永豐金-萬盛,0039004100390032,453,67,386,0.22,14,buy
10/02,6770,永豐金-市政,0039004100390057,275,630,-355,0.2,14,sell
10/02,6770,凱基-和平,9255,433,69,364,0.2,15,buy
10/02,6770,中國信託,6160,776,1118,-342,0.19,15,sell
10/02,2892,元大證券,9800,5145,239,4906,32.74,1,buy
10/02,2892,台灣摩根士丹利,1470,948,2825,-1877,12.53,1,sell
10/02,2892,國泰證券,8880,661,0,661,4.41,2,buy
10/02,2892,台新-虎尾,003900420032004e,0,933,-933,6.23,2,sell
10/02,2892,凱基,9200,428,2,426,2.84,3,buy
10/02,2892,新加坡商瑞銀,1650,459,1347,-888,5.93,3,sell
10/02,2892,兆豐證券,7000,300,15,285,1.9,4,buy
10/02,2892,永豐金證券,0039004100300030,17,611,-594,3.96,4,sell
10/02,2892,凱基-台北,9268,933,693,240,1.6,5,buy
10/02,2892,統一-三重,003500380035004a,0,475,-475,3.17,5,sell
10/02,2892,華南永昌,9300,224,20,204,1.36,6,buy
10/02,2892,美林,1440,664,962,-298,1.99,6,sell
10/02,2892,永豐金-匯立,0039004100380031,189,0,189,1.26,7,buy
10/02,2892,華南永昌-中正,9359,1,210,-209,1.39,7,sell
10/02,2892,香港上海匯豐,8960,91,14,77,0.51,8,buy
10/02,2892,花旗環球,1590,951,1124,-173,1.15,8,sell
10/02,2892,合庫-台中,1021,48,1,47,0.31,9,buy
10/02,2892,美商高盛,1480,1629,1794,-165,1.1,9,sell
10/02,2892,元大-新盛,9869,30,0,30,0.2,10,buy
10/02,2892,新光,8560,24,176,-152,1.01,10,sell
10/02,2892,安泰,8380,30,0,30,0.2,11,buy
10/02,2892,第一金-高雄,5383,1,150,-149,0.99,11,sell
10/02,2892,富邦-北港,0039003600390043,32,2,30,0.2,12,buy
10/02,2892,摩根大通,8440,164,308,-144,0.96,12,sell
10/02,2892,群益金鼎-古亭,0039003100380043,67,40,27,0.18,13,buy
10/02,2892,土銀-台中,1031,0,138,-138,0.92,13,sell
10/02,2892,臺銀-臺中,0031003000340041,29,4,25,0.17,14,buy
10/02,2892,華南永昌-民權,9312,2,110,-108,0.72,14,sell
10/02,2892,台灣企銀-九如,1113,22,0,22,0.15,15,buy
10/02,2892,第一金-華江,0035003300380057,1,101,-100,0.67,15,sell
10/02,2886,元大證券,9800,5011,1358,3653,13.12,1,buy
10/02,2886,國泰證券,8880,896,3860,-2964,10.65,1,sell
10/02,2886,港商麥格理,1360,2628,474,2154,7.74,2,buy
10/02,2886,臺銀,1040,34,2026,-1992,7.15,2,sell
10/02,2886,美商高盛,1480,2451,399,2052,7.37,3,buy
10/02,2886,富邦證券,9600,3,1923,-1920,6.9,3,sell
10/02,2886,台灣摩根士丹利,1470,2920,1024,1896,6.81,4,buy
10/02,2886,統一,5850,34,1840,-1806,6.49,4,sell
10/02,2886,美林,1440,1015,120,895,3.21,5,buy
10/02,2886,香港上海匯豐,8960,78,1259,-1181,4.24,5,sell
10/02,2886,凱基-台北,9268,2709,2073,636,2.28,6,buy
10/02,2886,台新-台北,0039004200320030,1,1001,-1000,3.59,6,sell
10/02,2886,摩根大通,8440,1502,913,589,2.12,7,buy
10/02,2886,台新,0039004200300030,92,988,-896,3.22,7,sell
10/02,2886,國泰-敦南,8888,138,21,117,0.42,8,buy
10/02,2886,凱基,9200,303,1176,-873,3.14,8,sell
10/02,2886,玉山-高雄,8843,117,2,115,0.41,9,buy
10/02,2886,新加坡商瑞銀,1650,2236,2874,-638,2.29,9,sell
10/02,2886,永豐金-匯立,0039004100380031,102,0,102,0.37,10,buy
10/02,2886,玉山證券,8840,21,395,-374,1.34,10,sell
10/02,2886,港商野村,1560,101,17,84,0.3,11,buy
10/02,2886,永豐金證券,0039004100300030,280,627,-347,1.25,11,sell
10/02,2886,元大-龍潭,9858,80,1,79,0.28,12,buy
10/02,2886,花旗環球,1590,1489,1821,-332,1.19,12,sell
10/02,2886,元大-鳳山,003900380033005a,33,0,33,0.12,13,buy
10/02,2886,凱基-和平,9255,12,146,-134,0.48,13,sell
10/02,2886,永豐金-台中,003900410039004c,36,6,30,0.11,14,buy
10/02,2886,中國信託,6160,27,91,-64,0.23,14,sell
10/02,2886,新光-台中,8561,30,1,29,0.1,15,buy
10/02,2886,永豐金-台南,0039004100390068,19,66,-47,0.17,15,sell
10/02,8150,凱基-台北,9268,10882,5931,4951,4.99,1,buy
10/02,8150,台灣摩根士丹利,1470,3,2123,-2120,2.14,1,sell
10/02,8150,富邦證券,9600,6835,2286,4549,4.59,2,buy
10/02,8150,國泰-敦南,8888,3025,4339,-1314,1.32,2,sell
10/02,8150,美商高盛,1480,6188,2571,3617,3.65,3,buy
10/02,8150,新光,8560,486,943,-457,0.46,3,sell
10/02,8150,摩根大通,8440,3281,704,2577,2.6,4,buy
10/02,8150,兆豐-台中港,7005,363,664,-301,0.3,4,sell
10/02,8150,凱基-城中,9227,1295,42,1253,1.26,5,buy
10/02,8150,國泰-台中,8882,402,699,-297,0.3,5,sell
10/02,8150,國票-敦北法人,0037003700390063,2576,1340,1236,1.25,6,buy
10/02,8150,元大-忠孝,9871,22,313,-291,0.29,6,sell
10/02,8150,統一,5850,2873,1730,1143,1.15,7,buy
10/02,8150,統一-城中,5854,1142,1384,-242,0.24,7,sell
10/02,8150,群益金鼎,9100,1953,835,1118,1.13,8,buy
10/02,8150,富邦-南京,0039003600310043,89,309,-220,0.22,8,sell
10/02,8150,新加坡商瑞銀,1650,1604,617,987,0.99,9,buy
10/02,8150,國泰-板橋,003800380038004b,354,573,-219,0.22,9,sell
10/02,8150,元大-信義,003900380039006d,1015,41,974,0.98,10,buy
10/02,8150,台新-成功,003900420032006d,32,226,-194,0.2,10,sell
10/02,8150,元大證券,9800,10820,10177,643,0.65,11,buy
10/02,8150,花旗環球,1590,43,226,-183,0.18,11,sell
10/02,8150,國票-安和,003700370039005a,1739,1125,614,0.62,12,buy
10/02,8150,富邦-仁愛,9676,111,288,-177,0.18,12,sell
10/02,8150,群益金鼎-館前,0039003100330059,670,76,594,0.6,13,buy
10/02,8150,富邦-新竹,9647,58,230,-172,0.17,13,sell
10/02,8150,永豐金證券,0039004100300030,2729,2218,511,0.52,14,buy
10/02,8150,中國信託-永康,6163,56,227,-171,0.17,14,sell
10/02,8150,美林,1440,1207,726,481,0.48,15,buy
10/02,8150,聯邦-興中,8587,12,183,-171,0.17,15,sell
10/02,5880,美林,1440,3343,223,3120,28.86,1,buy
10/02,5880,花旗環球,1590,376,1115,-739,6.84,1,sell
10/02,5880,新加坡商瑞銀,1650,892,279,613,5.67,2,buy
10/02,5880,台新-高雄,0039004200310067,3,721,-718,6.64,2,sell
10/02,5880,凱基-台北,9268,750,270,480,4.44,3,buy
10/02,5880,摩根大通,8440,264,817,-553,5.12,3,sell
10/02,5880,永豐金-匯立,0039004100380031,478,0,478,4.42,4,buy
10/02,5880,台灣摩根士丹利,1470,788,1177,-389,3.6,4,sell
10/02,5880,元大-虎尾,003900380030006c,300,10,290,2.68,5,buy
10/02,5880,群益金鼎-南京,0039003100380045,0,385,-385,3.56,5,sell
10/02,5880,兆豐證券,7000,200,0,200,1.85,6,buy
10/02,5880,第一金,5380,0,271,-271,2.51,6,sell
10/02,5880,華南永昌-新莊,9305,173,0,173,1.6,7,buy
10/02,5880,永豐金證券,0039004100300030,53,277,-224,2.07,7,sell
10/02,5880,華南永昌-朴子,9329,71,13,58,0.54,8,buy
10/02,5880,凱基-松山,9217,0,209,-209,1.93,8,sell
10/02,5880,台新-嘉義,0039004200320049,57,1,56,0.52,9,buy
10/02,5880,美商高盛,1480,1001,1164,-163,1.51,9,sell
10/02,5880,香港上海匯豐,8960,67,14,53,0.49,10,buy
10/02,5880,合庫-高雄,1023,3,129,-126,1.17,10,sell
10/02,5880,中國信託-嘉義,6168,50,0,50,0.46,11,buy
10/02,5880,合庫證券,1020,14,125,-111,1.03,11,sell
10/02,5880,富邦-敦南,9663,47,7,40,0.37,12,buy
10/02,5880,中國信託,6160,5,114,-109,1.01,12,sell
10/02,5880,元大-屏南,0039003800310072,40,1,39,0.36,13,buy
10/02,5880,合庫-台南,1022,0,107,-107,0.99,13,sell
10/02,5880,大昌-新店,6464,40,2,38,0.35,14,buy
10/02,5880,國泰-高雄,8881,0,74,-74,0.68,14,sell
10/02,5880,富邦-公益,0039003600310046,40,5,35,0.32,15,buy
10/02,5880,群益金鼎-瑞豐,0039003100380075,0,70,-70,0.65,15,sell
10/02,2884,富邦證券,9600,4533,8,4525,21.03,1,buy
10/02,2884,美商高盛,1480,702,2790,-2088,9.7,1,sell
10/02,2884,台灣摩根士丹利,1470,6056,3752,2304,10.71,2,buy
10/02,2884,摩根大通,8440,106,1889,-1783,8.28,2,sell
10/02,2884,元大證券,9800,2272,555,1717,7.98,3,buy
10/02,2884,凱基-台北,9268,1100,2474,-1374,6.38,3,sell
10/02,2884,凱基,9200,1433,0,1433,6.66,4,buy
10/02,2884,美林,1440,30,1283,-1253,5.82,4,sell
10/02,2884,國泰證券,8880,1017,0,1017,4.73,5,buy
10/02,2884,華南永昌,9300,10,1067,-1057,4.91,5,sell
10/02,2884,永豐金-匯立,0039004100380031,274,0,274,1.27,6,buy
10/02,2884,花旗環球,1590,579,1282,-703,3.27,6,sell
10/02,2884,凱基-站前,0039003200300046,97,0,97,0.45,7,buy
10/02,2884,玉山證券,8840,23,534,-511,2.37,7,sell
10/02,2884,華南永昌-中正,9359,77,3,74,0.34,8,buy
10/02,2884,群益金鼎-海山,9108,1,510,-509,2.37,8,sell
10/02,2884,香港上海匯豐,8960,62,19,43,0.2,9,buy
10/02,2884,新加坡商瑞銀,1650,451,913,-462,2.15,9,sell
10/02,2884,台新-左楠,0039004200310064,45,3,42,0.2,10,buy
10/02,2884,永豐金證券,0039004100300030,204,556,-352,1.64,10,sell
10/02,2884,國泰-敦南,8888,119,82,37,0.17,11,buy
10/02,2884,統一-基隆,0035003800350041,1,302,-301,1.4,11,sell
10/02,2884,台新,0039004200300030,44,12,32,0.15,12,buy
10/02,2884,元大-西螺,0039003800310069,0,200,-200,0.93,12,sell
10/02,2884,臺銀,1040,32,2,30,0.14,13,buy
10/02,2884,凱基-中港,9202,1,110,-109,0.51,13,sell
10/02,2884,玉山-嘉義,8848,38,8,30,0.14,14,buy
10/02,2884,京城-嘉義,8492,0,100,-100,0.46,14,sell
10/02,2884,國泰-台中,8882,30,7,23,0.11,15,buy
10/02,2884,群益金鼎-基隆,0039003100330045,0,95,-95,0.44,15,sell
10/02,5876,法銀巴黎,8900,780,27,753,20.55,1,buy
10/02,5876,台灣摩根士丹利,1470,139,495,-356,9.72,1,sell
10/02,5876,元大證券,9800,717,29,688,18.78,2,buy
10/02,5876,花旗環球,1590,144,398,-254,6.93,2,sell
10/02,5876,凱基,9200,328,4,324,8.84,3,buy
10/02,5876,永豐金證券,0039004100300030,80,295,-215,5.87,3,sell
10/02,5876,凱基-台北,9268,359,166,193,5.27,4,buy
10/02,5876,群益金鼎-南京,0039003100380045,0,154,-154,4.2,4,sell
10/02,5876,永豐金-匯立,0039004100380031,79,0,79,2.16,5,buy
10/02,5876,光和,6380,0,112,-112,3.06,5,sell
10/02,5876,港商野村,1560,85,10,75,2.05,6,buy
10/02,5876,元大-大雅,0039003800330069,0,103,-103,2.81,6,sell
10/02,5876,摩根大通,8440,181,115,66,1.8,7,buy
10/02,5876,新加坡商瑞銀,1650,132,217,-85,2.32,7,sell
10/02,5876,美林,1440,39,1,38,1.04,8,buy
10/02,5876,國票-安和,003700370039005a,0,80,-80,2.18,8,sell
10/02,5876,永豐金-台南,0039004100390068,25,0,25,0.68,9,buy
10/02,5876,兆豐-桃鶯,0037003000300055,0,65,-65,1.77,9,sell
10/02,5876,美商高盛,1480,415,393,22,0.6,10,buy
10/02,5876,第一金-安和,003500330038006a,0,60,-60,1.64,10,sell
10/02,5876,大昌-新店,6464,20,0,20,0.55,11,buy
10/02,5876,國泰-敦南,8888,1,57,-56,1.53,11,sell
10/02,5876,群益金鼎,9100,12,6,6,0.16,12,buy
10/02,5876,華南永昌,9300,0,49,-49,1.34,12,sell
10/02,5876,陽信-石牌,8711,5,0,5,0.14,13,buy
10/02,5876,台新-北新莊,0039004200320038,0,40,-40,1.09,13,sell
10/02,5876,富邦-南港,0039003600320041,5,0,5,0.14,14,buy
10/02,5876,華南永昌-三重,9369,0,35,-35,0.96,14,sell
10/02,5876,元大-竹南,0039003800330056,3,0,3,0.08,15,buy
10/02,5876,華南永昌-大安,9307,0,31,-31,0.85,15,sell
10/02,0050,凱基,9200,8941,165,8776,12.72,1,buy
10/02,0050,永豐金證券,0039004100300030,6592,25321,-18729,27.16,1,sell
10/02,0050,台灣摩根士丹利,1470,5000,20,4980,7.22,2,buy
10/02,0050,富邦證券,9600,570,8750,-8180,11.86,2,sell
10/02,0050,元大證券,9800,6883,4255,2628,3.81,3,buy
10/02,0050,凱基-台北,9268,3776,8505,-4729,6.86,3,sell
10/02,0050,國票證券,7790,1154,16,1138,1.65,4,buy
10/02,0050,中國信託,6160,1138,5036,-3898,5.65,4,sell
10/02,0050,新光,8560,1143,161,982,1.42,5,buy
10/02,0050,法銀巴黎,8900,0,375,-375,0.54,5,sell
10/02,0050,康和,8450,819,0,819,1.19,6,buy
10/02,0050,元大-博愛,0039003800320042,78,424,-346,0.5,6,sell
10/02,0050,國泰證券,8880,802,8,794,1.15,7,buy
10/02,0050,華南永昌-中正,9359,35,265,-230,0.33,7,sell
10/02,0050,國泰-敦南,8888,2035,1307,728,1.06,8,buy
10/02,0050,元大-仁愛,003900380033006a,20,245,-225,0.33,8,sell
10/02,0050,群益金鼎,9100,1659,1045,614,0.89,9,buy
10/02,0050,國票-中港,003700370039006d,0,90,-90,0.13,9,sell
10/02,0050,第一金,5380,531,5,526,0.76,10,buy
10/02,0050,新光-台中,8561,116,174,-58,0.08,10,sell
10/02,0050,華南永昌,9300,732,301,431,0.62,11,buy
10/02,0050,美林,1440,0,50,-50,0.07,11,sell
10/02,0050,新加坡商瑞銀,1650,973,624,349,0.51,12,buy
10/02,0050,華南永昌-鶯歌,9319,10,59,-49,0.07,12,sell
10/02,0050,國泰-板橋,003800380038004b,378,98,280,0.41,13,buy
10/02,0050,群益金鼎-北高雄,0039003100330052,20,62,-42,0.06,13,sell
10/02,0050,玉山證券,8840,320,79,241,0.35,14,buy
10/02,0050,兆豐-南門,0037003000300067,15,57,-42,0.06,14,sell
10/02,0050,臺銀,1040,320,98,222,0.32,15,buy
10/02,0050,大展-台南,5058,9,50,-41,0.06,15,sell
10/02,0056,國泰-敦南,8888,2395,605,1790,3.01,1,buy
10/02,0056,元大證券,9800,694,37684,-36990,62.17,1,sell
10/02,0056,新光-高雄,8562,973,15,958,1.61,2,buy
10/02,0056,凱基-台北,9268,205,7627,-7422,12.47,2,sell
10/02,0056,元大-北屯,0039003800390064,609,10,599,1.01,3,buy
10/02,0056,永豐金證券,0039004100300030,587,5453,-4866,8.18,3,sell
10/02,0056,元大-仁愛,003900380033006a,585,1,584,0.98,4,buy
10/02,0056,新加坡商瑞銀,1650,5,464,-459,0.77,4,sell
10/02,0056,台新-台北,0039004200320030,484,0,484,0.81,5,buy
10/02,0056,群益金鼎-瑞豐,0039003100380075,37,155,-118,0.2,5,sell
10/02,0056,台新,0039004200300030,539,103,436,0.73,6,buy
10/02,0056,富邦-基隆,9614,49,135,-86,0.14,6,sell
10/02,0056,新光,8560,500,94,406,0.68,7,buy
10/02,0056,統一,5850,41,82,-41,0.07,7,sell
10/02,0056,富邦-新竹,9647,429,33,396,0.67,8,buy
10/02,0056,台灣企銀-竹北,1117,8,46,-38,0.06,8,sell
10/02,0056,中國信託,6160,555,162,393,0.66,9,buy
10/02,0056,群益金鼎,9100,39,69,-30,0.05,9,sell
10/02,0056,凱基-基隆,0039003200300048,380,3,377,0.63,10,buy
10/02,0056,玉山-士林,0038003800340041,38,64,-26,0.04,10,sell
10/02,0056,元大-永春,9852,391,15,376,0.63,11,buy
10/02,0056,兆豐-天母,003700300030004c,28,50,-22,0.04,11,sell
10/02,0056,元大-六合,0039003800320043,374,0,374,0.63,12,buy
10/02,0056,統一-桃園,0035003800350048,18,36,-18,0.03,12,sell
10/02,0056,台新-高雄,0039004200310067,392,19,373,0.63,13,buy
10/02,0056,富邦-岡山,9616,16,34,-18,0.03,13,sell
10/02,0056,元大-中壢,9834,397,39,358,0.6,14,buy
10/02,0056,永全-八德,6452,5,21,-16,0.03,14,sell
10/02,0056,第一金-安和,003500330038006a,316,6,310,0.52,15,buy
10/02,0056,元大-內湖,003900380039004e,112,127,-15,0.03,15,sell
10/02,2324,元大-忠孝,9871,1020,5,1015,2.89,1,buy
10/02,2324,元大證券,9800,1354,11205,-9851,28.04,1,sell
10/02,2324,國泰-敦南,8888,1038,221,817,2.33,2,buy
10/02,2324,摩根大通,8440,123,3541,-3418,9.73,2,sell
10/02,2324,富邦-永和,9654,583,17,566,1.61,3,buy
10/02,2324,台灣摩根士丹利,1470,438,3651,-3213,9.14,3,sell
10/02,2324,(牛牛牛)亞-鑫豐,0036003000310064,380,2,378,1.08,4,buy
10/02,2324,美商高盛,1480,238,3258,-3020,8.6,4,sell
10/02,2324,兆豐-復興,0037003000300070,456,102,354,1.01,5,buy
10/02,2324,港商麥格理,1360,0,2150,-2150,6.12,5,sell
10/02,2324,富邦-仁愛,9676,332,18,314,0.89,6,buy
10/02,2324,新加坡商瑞銀,1650,196,1093,-897,2.55,6,sell
10/02,2324,合庫證券,1020,316,4,312,0.89,7,buy
10/02,2324,凱基-新莊,0039003200310053,23,780,-757,2.15,7,sell
10/02,2324,新光,8560,326,38,288,0.82,8,buy
10/02,2324,美林,1440,41,582,-541,1.54,8,sell
10/02,2324,中國信託-忠孝,6162,280,13,267,0.76,9,buy
10/02,2324,花旗環球,1590,16,294,-278,0.79,9,sell
10/02,2324,永豐金-桃園,0039004100390078,249,7,242,0.69,10,buy
10/02,2324,香港上海匯豐,8960,133,262,-129,0.37,10,sell
10/02,2324,富邦-板橋,9655,245,7,238,0.68,11,buy
10/02,2324,永豐金證券,0039004100300030,154,265,-111,0.32,11,sell
10/02,2324,元大-北投,0039003800390041,226,1,225,0.64,12,buy
10/02,2324,富邦-北港,0039003600390043,26,135,-109,0.31,12,sell
10/02,2324,富邦-陽明,9604,240,17,223,0.63,13,buy
10/02,2324,美好-中壢,5266,16,77,-61,0.17,13,sell
10/02,2324,兆豐-台中港,7005,188,0,188,0.54,14,buy
10/02,2324,凱基,9200,0,60,-60,0.17,14,sell
10/02,2324,元大-士林,003900380031006a,193,7,186,0.53,15,buy
10/02,2324,凱基-員林,9231,9,62,-53,0.15,15,sell
10/02,3231,台新,0039004200300030,743,42,701,1.92,1,buy
10/02,3231,美林,1440,186,5580,-5394,14.8,1,sell
10/02,3231,國泰-敦南,8888,848,179,669,1.84,2,buy
10/02,3231,台灣摩根士丹利,1470,355,4508,-4153,11.4,2,sell
10/02,3231,凱基,9200,720,112,608,1.67,3,buy
10/02,3231,新加坡商瑞銀,1650,38,3687,-3649,10.01,3,sell
10/02,3231,群益金鼎,9100,419,132,287,0.79,4,buy
10/02,3231,美商高盛,1480,1228,4157,-2929,8.04,4,sell
10/02,3231,華南永昌-南京,9326,241,1,240,0.66,5,buy
10/02,3231,元大證券,9800,2451,4872,-2421,6.64,5,sell
10/02,3231,新光,8560,292,59,233,0.64,6,buy
10/02,3231,摩根大通,8440,1034,2201,-1167,3.2,6,sell
10/02,3231,群益金鼎-台中,9184,229,3,226,0.62,7,buy
10/02,3231,統一,5850,48,840,-792,2.17,7,sell
10/02,3231,國泰-板橋,003800380038004b,264,39,225,0.62,8,buy
10/02,3231,富邦證券,9600,75,828,-753,2.07,8,sell
10/02,3231,玉山-新莊,8842,229,5,224,0.61,9,buy
10/02,3231,永豐金證券,0039004100300030,416,965,-549,1.51,9,sell
10/02,3231,富邦-台北,9623,263,51,212,0.58,10,buy
10/02,3231,兆豐證券,7000,127,602,-475,1.3,10,sell
10/02,3231,元大-敦化,9833,174,2,172,0.47,11,buy
10/02,3231,港商麥格理,1360,0,460,-460,1.26,11,sell
10/02,3231,玉山-新竹,0038003800340048,173,3,170,0.47,12,buy
10/02,3231,港商野村,1560,0,425,-425,1.17,12,sell
10/02,3231,元大-敦南,0039003800390050,162,2,160,0.44,13,buy
10/02,3231,花旗環球,1590,425,638,-213,0.58,13,sell
10/02,3231,富邦-永和,9654,151,1,150,0.41,14,buy
10/02,3231,凱基-台北,9268,435,589,-154,0.42,14,sell
10/02,3231,國泰-桃園,8885,168,21,147,0.4,15,buy
10/02,3231,法銀巴黎,8900,0,142,-142,0.39,15,sell
10/02,2356,玉山證券,8840,608,4,604,5.2,1,buy
10/02,2356,台灣摩根士丹利,1470,138,2919,-2781,23.92,1,sell
10/02,2356,元大證券,9800,624,191,433,3.72,2,buy
10/02,2356,美商高盛,1480,439,1463,-1024,8.81,2,sell
10/02,2356,元大-北港,9837,254,2,252,2.17,3,buy
10/02,2356,美林,1440,19,789,-770,6.62,3,sell
10/02,2356,國泰-敦南,8888,289,102,187,1.61,4,buy
10/02,2356,摩根大通,8440,62,735,-673,5.79,4,sell
10/02,2356,花旗環球,1590,473,311,162,1.39,5,buy
10/02,2356,群益金鼎,9100,6,462,-456,3.92,5,sell
10/02,2356,兆豐證券,7000,150,0,150,1.29,6,buy
10/02,2356,凱基-台北,9268,331,625,-294,2.53,6,sell
10/02,2356,合庫證券,1020,110,0,110,0.95,7,buy
10/02,2356,新加坡商瑞銀,1650,109,338,-229,1.97,7,sell
10/02,2356,合庫-台中,1021,87,14,73,0.63,8,buy
10/02,2356,港商野村,1560,0,157,-157,1.35,8,sell
10/02,2356,國泰-板橋,003800380038004b,78,9,69,0.59,9,buy
10/02,2356,法銀巴黎,8900,0,93,-93,0.8,9,sell
10/02,2356,新光,8560,88,19,69,0.59,10,buy
10/02,2356,港商麥格理,1360,0,80,-80,0.69,10,sell
10/02,2356,台新-高雄,0039004200310067,75,12,63,0.54,11,buy
10/02,2356,中國信託,6160,26,97,-71,0.61,11,sell
10/02,2356,國泰-台中,8882,76,18,58,0.5,12,buy
10/02,2356,台中銀-豐原,0036003100310041,14,83,-69,0.59,12,sell
10/02,2356,台中銀,6110,57,0,57,0.49,13,buy
10/02,2356,元大-學甲,003900380033004b,1,69,-68,0.58,13,sell
10/02,2356,富邦-中壢,9636,57,3,54,0.46,14,buy
10/02,2356,第一金-忠孝,0035003300380044,6,66,-60,0.52,14,sell
10/02,2356,合庫-三重,0031003000320047,54,1,53,0.46,15,buy
10/02,2356,永豐金-新莊,0039004100390048,1,54,-53,0.46,15,sell
10/02,8112,富邦-陽明,9604,1046,4,1042,20.65,1,buy
10/02,8112,台灣摩根士丹利,1470,14,682,-668,13.24,1,sell
10/02,8112,元大證券,9800,141,36,105,2.08,2,buy
10/02,8112,凱基-台北,9268,82,744,-662,13.12,2,sell
10/02,8112,致和-東門,7035,100,7,93,1.84,3,buy
10/02,8112,元大-信義,003900380039006d,0,639,-639,12.66,3,sell
10/02,8112,富邦-竹東,9625,72,5,67,1.33,4,buy
10/02,8112,美商高盛,1480,2,210,-208,4.12,4,sell
10/02,8112,元大-蘆洲,9857,53,4,49,0.97,5,buy
10/02,8112,凱基-台南,9211,6,202,-196,3.88,5,sell
10/02,8112,台新-台中,0039004200310068,44,0,44,0.87,6,buy
10/02,8112,美林,1440,2,79,-77,1.53,6,sell
10/02,8112,華南永昌-古亭,9309,42,0,42,0.83,7,buy
10/02,8112,永豐金-內湖,0039004100390067,9,54,-45,0.89,7,sell
10/02,8112,台新-同大,0039004200320050,33,0,33,0.65,8,buy
10/02,8112,元大-崇德,0039003800310053,6,49,-43,0.85,8,sell
10/02,8112,康和,8450,33,0,33,0.65,9,buy
10/02,8112,高橋-龍潭,5321,3,40,-37,0.73,9,sell
10/02,8112,群益金鼎-館前,0039003100330059,33,1,32,0.63,10,buy
10/02,8112,宏遠-台中,003100320036004c,26,59,-33,0.65,10,sell
10/02,8112,富邦-永和,9654,30,2,28,0.55,11,buy
10/02,8112,玉山證券,8840,6,35,-29,0.57,11,sell
10/02,8112,富邦-和美,0039003600310050,27,0,27,0.54,12,buy
10/02,8112,光和-高雄,0036003300380044,0,29,-29,0.57,12,sell
10/02,8112,富邦-基隆,9614,27,1,26,0.52,13,buy
10/02,8112,元大-福營,0039003800310046,2,31,-29,0.57,13,sell
10/02,8112,富邦-仁愛,9676,26,3,23,0.46,14,buy
10/02,8112,元大-中壢,9834,7,35,-28,0.55,14,sell
10/02,8112,元大-清水,0039003800300065,27,5,22,0.44,15,buy
10/02,8112,新加坡商瑞銀,1650,0,28,-28,0.55,15,sell
10/02,2002,凱基-林口,9257,2500,0,2500,11.83,1,buy
10/02,2002,元大-樹林,003900380039006a,26,2004,-1978,9.36,1,sell
10/02,2002,美商高盛,1480,3148,1490,1658,7.85,2,buy
10/02,2002,花旗環球,1590,99,1185,-1086,5.14,2,sell
10/02,2002,玉山-台南,8847,1606,8,1598,7.56,3,buy
10/02,2002,台灣摩根士丹利,1470,727,1690,-963,4.56,3,sell
10/02,2002,凱基-台北,9268,2225,923,1302,6.16,4,buy
10/02,2002,中國信託,6160,30,956,-926,4.38,4,sell
10/02,2002,摩根大通,8440,1100,78,1022,4.84,5,buy
10/02,2002,美林,1440,506,822,-316,1.5,5,sell
10/02,2002,京城-嘉義,8492,559,5,554,2.62,6,buy
10/02,2002,台新-林園,0039004200320037,34,325,-291,1.38,6,sell
10/02,2002,港商麥格理,1360,264,0,264,1.25,7,buy
10/02,2002,永豐金證券,0039004100300030,84,363,-279,1.32,7,sell
10/02,2002,兆豐證券,7000,240,5,235,1.11,8,buy
10/02,2002,國泰-台中,8882,25,246,-221,1.05,8,sell
10/02,2002,香港上海匯豐,8960,158,14,144,0.68,9,buy
10/02,2002,富邦-北港,0039003600390043,1,208,-207,0.98,9,sell
10/02,2002,台新-新店,0039004200320032,133,1,132,0.62,10,buy
10/02,2002,安泰,8380,23,163,-140,0.66,10,sell
10/02,2002,土銀-建國,0031003000330041,102,2,100,0.47,11,buy
10/02,2002,新光-桃園,8565,6,145,-139,0.66,11,sell
10/02,2002,永豐金-南投,003900410039004d,101,3,98,0.46,12,buy
10/02,2002,兆豐-新莊,0037003000300077,0,135,-135,0.64,12,sell
10/02,2002,華南永昌-麻豆,9308,102,9,93,0.44,13,buy
10/02,2002,中國信託-高雄,003600310036004b,2,114,-112,0.53,13,sell
10/02,2002,港商野村,1560,91,3,88,0.42,14,buy
10/02,2002,富邦-仁愛,9676,5,114,-109,0.52,14,sell
10/02,2002,元大-大益,9814,82,2,80,0.38,15,buy
10/02,2002,國票證券,7790,2,109,-107,0.51,15,sell
10/02,2313,元大證券,9800,1089,608,481,5.57,1,buy
10/02,2313,宏遠證券,1260,2,530,-528,6.11,1,sell
10/02,2313,凱基-台北,9268,775,326,449,5.2,2,buy
10/02,2313,港商野村,1560,2,130,-128,1.48,2,sell
10/02,2313,摩根大通,8440,515,169,346,4.01,3,buy
10/02,2313,富邦-南員林,0039003600310052,3,67,-64,0.74,3,sell
10/02,2313,美商高盛,1480,535,270,265,3.07,4,buy
10/02,2313,元大-汐止,0039003800390051,10,67,-57,0.66,4,sell
10/02,2313,台灣摩根士丹利,1470,331,86,245,2.84,5,buy
10/02,2313,富邦證券,9600,88,143,-55,0.64,5,sell
10/02,2313,新加坡商瑞銀,1650,314,131,183,2.12,6,buy
10/02,2313,華南永昌-長虹,9333,0,51,-51,0.59,6,sell
10/02,2313,國泰證券,8880,185,37,148,1.71,7,buy
10/02,2313,國票-新莊,0037003700390047,3,50,-47,0.54,7,sell
10/02,2313,永豐金-萬盛,0039004100390032,66,1,65,0.75,8,buy
10/02,2313,永豐金證券,0039004100300030,23,69,-46,0.53,8,sell
10/02,2313,華南永昌-竹北,9339,60,14,46,0.53,9,buy
10/02,2313,花旗環球,1590,35,75,-40,0.46,9,sell
10/02,2313,凱基-站前,0039003200300046,56,13,43,0.5,10,buy
10/02,2313,國泰-敦南,8888,166,205,-39,0.45,10,sell
10/02,2313,國票-長城,0037003700390075,101,61,40,0.46,11,buy
10/02,2313,富邦-永和,9654,19,58,-39,0.45,11,sell
10/02,2313,元大-雙和,9874,43,10,33,0.38,12,buy
10/02,2313,元大-萬華,0039003800310071,10,47,-37,0.43,12,sell
10/02,2313,美林,1440,56,23,33,0.38,13,buy
10/02,2313,富邦-建國,9658,6,41,-35,0.41,13,sell
10/02,2313,兆豐-台中港,7005,31,2,29,0.34,14,buy
10/02,2313,元大-北府,0039003800300044,4,38,-34,0.39,14,sell
10/02,2313,國票-台南,0037003700390044,25,0,25,0.29,15,buy
10/02,2313,元大-福營,0039003800310046,3,37,-34,0.39,15,sell
10/02,2301,美林,1440,230,39,191,2.7,1,buy
10/02,2301,台灣摩根士丹利,1470,84,1413,-1329,18.78,1,sell
10/02,2301,凱基,9200,400,216,184,2.6,2,buy
10/02,2301,摩根大通,8440,25,339,-314,4.44,2,sell
10/02,2301,國泰-敦南,8888,207,74,133,1.88,3,buy
10/02,2301,新加坡商瑞銀,1650,74,385,-311,4.39,3,sell
10/02,2301,兆豐-民生,0037003000300063,80,0,80,1.13,4,buy
10/02,2301,華南永昌-世貿,9334,4,254,-250,3.53,4,sell
10/02,2301,富邦-永和,9654,83,4,79,1.12,5,buy
10/02,2301,凱基-彰化,0039003200300047,3,146,-143,2.02,5,sell
10/02,2301,富邦證券,9600,135,70,65,0.92,6,buy
10/02,2301,統一,5850,12,143,-131,1.85,6,sell
10/02,2301,中國信託,6160,89,29,60,0.85,7,buy
10/02,2301,港商野村,1560,16,146,-130,1.84,7,sell
10/02,2301,華南永昌-長虹,9333,51,0,51,0.72,8,buy
10/02,2301,花旗環球,1590,61,175,-114,1.61,8,sell
10/02,2301,德信-中正,6912,52,1,51,0.72,9,buy
10/02,2301,凱基-台北,9268,157,263,-106,1.5,9,sell
10/02,2301,台新-西松,003900420032006e,50,1,49,0.69,10,buy
10/02,2301,永豐金證券,0039004100300030,75,167,-92,1.3,10,sell
10/02,2301,凱基-中港,9202,63,15,48,0.68,11,buy
10/02,2301,華南永昌-大甲,9315,0,66,-66,0.93,11,sell
10/02,2301,玉山證券,8840,74,34,40,0.57,12,buy
10/02,2301,台新-城東,0039004200320072,5,38,-33,0.47,12,sell
10/02,2301,台新-大裕,003900420032006c,40,0,40,0.57,13,buy
10/02,2301,法銀巴黎,8900,0,31,-31,0.44,13,sell
10/02,2301,凱基-高雄,9206,32,0,32,0.45,14,buy
10/02,2301,群益金鼎-新竹,9186,1,21,-20,0.28,14,sell
10/02,2301,永豐金-敦南,0039004100380046,45,15,30,0.42,15,buy
10/02,2301,元大-土城,9897,3,22,-19,0.27,15,sell
10/02,2344,元大證券,9800,8457,5451,3006,4.04,1,buy
10/02,2344,凱基-站前,0039003200300046,179,10271,-10092,13.55,1,sell
10/02,2344,台灣摩根士丹利,1470,3184,1780,1404,1.88,2,buy
10/02,2344,富邦證券,9600,1432,5256,-3824,5.13,2,sell
10/02,2344,摩根大通,8440,2172,960,1212,1.63,3,buy
10/02,2344,美林,1440,572,1802,-1230,1.65,3,sell
10/02,2344,凱基-文心,9297,642,14,628,0.84,4,buy
10/02,2344,花旗環球,1590,360,1376,-1016,1.36,4,sell
10/02,2344,華南永昌-大甲,9315,633,49,584,0.78,5,buy
10/02,2344,港商野村,1560,294,1229,-935,1.26,5,sell
10/02,2344,國泰-敦南,8888,2188,1728,460,0.62,6,buy
10/02,2344,凱基-信義,9216,26,606,-580,0.78,6,sell
10/02,2344,永豐金-信義,0039004100390052,462,73,389,0.52,7,buy
10/02,2344,台中銀,6110,47,373,-326,0.44,7,sell
10/02,2344,兆豐-南門,0037003000300067,411,24,387,0.52,8,buy
10/02,2344,元大-館前,003900380034004b,27,337,-310,0.42,8,sell
10/02,2344,元大-新生,0039003800310058,353,37,316,0.42,9,buy
10/02,2344,台中銀-豐原,0036003100310041,19,319,-300,0.4,9,sell
10/02,2344,群益金鼎,9100,446,190,256,0.34,10,buy
10/02,2344,美商高盛,1480,4085,4291,-206,0.28,10,sell
10/02,2344,凱基-桃園,9208,295,60,235,0.32,11,buy
10/02,2344,統一-敦南,5852,35,222,-187,0.25,11,sell
10/02,2344,華南永昌-頭份,9343,229,24,205,0.28,12,buy
10/02,2344,台新,0039004200300030,398,576,-178,0.24,12,sell
10/02,2344,新光,8560,628,429,199,0.27,13,buy
10/02,2344,富邦-敦南,9663,56,172,-116,0.16,13,sell
10/02,2344,富邦-建國,9658,267,77,190,0.26,14,buy
10/02,2344,凱基-台北,9268,2635,2736,-101,0.14,14,sell
10/02,2344,富邦-永和,9654,241,71,170,0.23,15,buy
10/02,2344,合庫-西台中,0031003000320046,49,132,-83,0.11,15,sell
10/02,3481,元大證券,9800,15843,12143,3700,1.75,1,buy
10/02,3481,統一,5850,769,7113,-6344,3.0,1,sell
10/02,3481,美林,1440,4783,1389,3394,1.6,2,buy
10/02,3481,統一-城中,5854,144,6379,-6235,2.94,2,sell
10/02,3481,新加坡商瑞銀,1650,5741,3410,2331,1.1,3,buy
10/02,3481,港商野村,1560,112,1908,-1796,0.85,3,sell
10/02,3481,元大-樹林,003900380039006a,991,259,732,0.35,4,buy
10/02,3481,花旗環球,1590,166,1817,-1651,0.78,4,sell
10/02,3481,凱基-嘉義,9252,933,225,708,0.33,5,buy
10/02,3481,玉山-士林,0038003800340041,324,1879,-1555,0.73,5,sell
10/02,3481,國票-台南,0037003700390044,610,60,550,0.26,6,buy
10/02,3481,富邦證券,9600,351,1702,-1351,0.64,6,sell
10/02,3481,華南永昌-竹北,9339,835,289,546,0.26,7,buy
10/02,3481,美商高盛,1480,6924,8015,-1091,0.52,7,sell
10/02,3481,摩根大通,8440,961,443,518,0.24,8,buy
10/02,3481,國票-安和,003700370039005a,60,1148,-1088,0.51,8,sell
10/02,3481,元大-林森,0039003800330042,622,120,502,0.24,9,buy
10/02,3481,元大-豐原站前,0039003800390057,231,946,-715,0.34,9,sell
10/02,3481,永豐金證券,0039004100300030,3125,2654,471,0.22,10,buy
10/02,3481,凱基-台北,9268,9337,9997,-660,0.31,10,sell
10/02,3481,富邦-嘉義,9692,729,273,456,0.22,11,buy
10/02,3481,凱基-竹北,9234,285,909,-624,0.29,11,sell
10/02,3481,台中銀-豐原,0036003100310041,462,78,384,0.18,12,buy
10/02,3481,元大-忠孝,9871,583,1144,-561,0.26,12,sell
10/02,3481,元大-大天母,9893,455,89,366,0.17,13,buy
10/02,3481,元大-北港,9837,311,820,-509,0.24,13,sell
10/02,3481,彰銀-台中,1233,457,122,335,0.16,14,buy
10/02,3481,元大-北屯,0039003800390064,776,1259,-483,0.23,14,sell
10/02,3481,元大-景美,0039003800340048,382,50,332,0.16,15,buy
10/02,3481,富邦-木柵,003900360031004d,129,572,-443,0.21,15,sell
10/02,1301,美商高盛,1480,4654,201,4453,13.45,1,buy
10/02,1301,元大-松江,9801,22,1510,-1488,4.49,1,sell
10/02,1301,新加坡商瑞銀,1650,3968,290,3678,11.11,2,buy
10/02,1301,玉山-左營,0038003800340044,5,864,-859,2.59,2,sell
10/02,1301,台灣摩根士丹利,1470,3345,190,3155,9.53,3,buy
10/02,1301,康和-永和,0038003400350042,2,254,-252,0.76,3,sell
10/02,1301,元大證券,9800,3124,1724,1400,4.23,4,buy
10/02,1301,富邦-竹東,9625,4,250,-246,0.74,4,sell
10/02,1301,美林,1440,922,0,922,2.78,5,buy
10/02,1301,聯邦-台南,8588,18,217,-199,0.6,5,sell
10/02,1301,凱基-台北,9268,1592,857,735,2.22,6,buy
10/02,1301,臺銀-新竹,1045,37,232,-195,0.59,6,sell
10/02,1301,花旗環球,1590,912,424,488,1.47,7,buy
10/02,1301,元大-中崙,9813,99,291,-192,0.58,7,sell
10/02,1301,摩根大通,8440,628,222,406,1.23,8,buy
10/02,1301,國泰-敦南,8888,240,425,-185,0.56,8,sell
10/02,1301,統一-城中,5854,615,389,226,0.68,9,buy
10/02,1301,元大-復北,9872,26,202,-176,0.53,9,sell
10/02,1301,富邦證券,9600,230,11,219,0.66,10,buy
10/02,1301,國泰-板橋,003800380038004b,37,207,-170,0.51,10,sell
10/02,1301,國票-九鼎,0037003700390050,175,25,150,0.45,11,buy
10/02,1301,新光,8560,189,348,-159,0.48,11,sell
10/02,1301,台新-同大,0039004200320050,217,98,119,0.36,12,buy
10/02,1301,統一-竹南,003500380035006d,9,160,-151,0.46,12,sell
10/02,1301,亞東-新竹,2184,100,0,100,0.3,13,buy
10/02,1301,台新-屏新,0039004200320071,4,154,-150,0.45,13,sell
10/02,1301,群益金鼎-延平,0039003100380078,107,12,95,0.29,14,buy
10/02,1301,元大-新竹經國,9859,58,196,-138,0.42,14,sell
10/02,1301,群益金鼎,9100,279,203,76,0.23,15,buy
10/02,1301,聯邦-三重,8585,20,157,-137,0.41,15,sell
10/02,1314,凱基-台北,9268,3751,568,3183,9.83,1,buy
10/02,1314,凱基-桃園,9208,36,2000,-1964,6.06,1,sell
10/02,1314,摩根大通,8440,2470,56,2414,7.45,2,buy
10/02,1314,國票-北高雄,003700370039004a,40,1272,-1232,3.8,2,sell
10/02,1314,美商高盛,1480,2819,436,2383,7.36,3,buy
10/02,1314,亞東,2180,25,776,-751,2.32,3,sell
10/02,1314,台灣摩根士丹利,1470,2997,1723,1274,3.93,4,buy
10/02,1314,兆豐-天母,003700300030004c,4,701,-697,2.15,4,sell
10/02,1314,元大證券,9800,1815,1178,637,1.97,5,buy
10/02,1314,第一金-頭份,0035003300380049,5,585,-580,1.79,5,sell
10/02,1314,美林,1440,613,0,613,1.89,6,buy
10/02,1314,中國信託-新竹,6165,0,534,-534,1.65,6,sell
10/02,1314,國票-台東,7791,500,0,500,1.54,7,buy
10/02,1314,新加坡商瑞銀,1650,329,852,-523,1.61,7,sell
10/02,1314,中農,8520,500,35,465,1.44,8,buy
10/02,1314,中國信託-高雄,003600310036004b,0,404,-404,1.25,8,sell
10/02,1314,富邦證券,9600,523,100,423,1.31,9,buy
10/02,1314,大昌-樹林,6461,27,389,-362,1.12,9,sell
10/02,1314,元大-大同,0039003800390047,336,2,334,1.03,10,buy
10/02,1314,聯邦-高雄,8581,0,352,-352,1.09,10,sell
10/02,1314,國票-安和,003700370039005a,310,22,288,0.89,11,buy
10/02,1314,國泰-台中,8882,141,464,-323,1.0,11,sell
10/02,1314,凱基,9200,272,0,272,0.84,12,buy
10/02,1314,國泰-敦南,8888,456,772,-316,0.98,12,sell
10/02,1314,國票證券,7790,307,83,224,0.69,13,buy
10/02,1314,富邦-高雄,9659,28,332,-304,0.94,13,sell
10/02,1314,永全-南崁,6451,212,0,212,0.65,14,buy
10/02,1314,土銀-新竹,1035,30,300,-270,0.83,14,sell
10/02,1314,第一金-安和,003500330038006a,200,0,200,0.62,15,buy
10/02,1314,台新-同大,0039004200320050,16,230,-214,0.66,15,sell
10/02,3045,元大證券,9800,892,60,832,22.47,1,buy
10/02,3045,國泰證券,8880,44,1072,-1028,27.76,1,sell
10/02,3045,永豐金證券,0039004100300030,784,68,716,19.34,2,buy
10/02,3045,凱基,9200,0,446,-446,12.04,2,sell
10/02,3045,美商高盛,1480,429,49,380,10.26,3,buy
10/02,3045,台灣摩根士丹利,1470,88,364,-276,7.45,3,sell
10/02,3045,美林,1440,316,174,142,3.83,4,buy
10/02,3045,花旗環球,1590,100,261,-161,4.35,4,sell
10/02,3045,永豐金-匯立,0039004100380031,119,0,119,3.21,5,buy
10/02,3045,摩根大通,8440,185,267,-82,2.21,5,sell
10/02,3045,香港上海匯豐,8960,102,2,100,2.7,6,buy
10/02,3045,合庫-新竹,0031003000320041,0,80,-80,2.16,6,sell
10/02,3045,中國信託-三重,6161,75,0,75,2.03,7,buy
10/02,3045,統一,5850,0,55,-55,1.49,7,sell
10/02,3045,台新,0039004200300030,30,3,27,0.73,8,buy
10/02,3045,凱基-台北,9268,126,178,-52,1.4,8,sell
10/02,3045,富邦-仁愛,9676,26,3,23,0.62,9,buy
10/02,3045,台新-台北,0039004200320030,0,50,-50,1.35,9,sell
10/02,3045,元大-福營,0039003800310046,20,0,20,0.54,10,buy
10/02,3045,新加坡商瑞銀,1650,27,66,-39,1.05,10,sell
10/02,3045,元大-板橋,0039003800390043,15,0,15,0.41,11,buy
10/02,3045,富邦-台中,003900360035004b,0,22,-22,0.59,11,sell
10/02,3045,台新-基隆,0039004200320053,10,0,10,0.27,12,buy
10/02,3045,凱基-市府,0039003200300044,0,20,-20,0.54,12,sell
10/02,3045,港商野村,1560,7,0,7,0.19,13,buy
10/02,3045,統一-屏東,5859,0,20,-20,0.54,13,sell
10/02,3045,群益金鼎,9100,6,2,4,0.11,14,buy
10/02,3045,亞東,2180,0,18,-18,0.49,14,sell
10/02,3045,法銀巴黎,8900,18,14,4,0.11,15,buy
10/02,3045,中國信託,6160,0,13,-13,0.35,15,sell
10/02,2880,元大證券,9800,2582,666,1916,15.54,1,buy
10/02,2880,花旗環球,1590,530,2721,-2191,17.77,1,sell
10/02,2880,凱基,9200,1367,0,1367,11.09,2,buy
10/02,2880,台新-台北,0039004200320030,4,1200,-1196,9.7,2,sell
10/02,2880,永豐金證券,0039004100300030,1424,520,904,7.33,3,buy
10/02,2880,美林,1440,17,1105,-1088,8.83,3,sell
10/02,2880,國泰證券,8880,691,0,691,5.61,4,buy
10/02,2880,美商高盛,1480,511,1095,-584,4.74,4,sell
10/02,2880,富邦證券,9600,203,0,203,1.65,5,buy
10/02,2880,摩根大通,8440,305,699,-394,3.2,5,sell
10/02,2880,華南永昌-忠孝,9325,203,4,199,1.61,6,buy
10/02,2880,第一金-忠孝,0035003300380044,3,252,-249,2.02,6,sell
10/02,2880,台灣摩根士丹利,1470,800,674,126,1.02,7,buy
10/02,2880,華南永昌-鳳山,9331,5,230,-225,1.83,7,sell
10/02,2880,第一金-光復,0035003300380043,101,0,101,0.82,8,buy
10/02,2880,宏遠-民生,1261,2,211,-209,1.7,8,sell
10/02,2880,永豐金-匯立,0039004100380031,100,0,100,0.81,9,buy
10/02,2880,香港上海匯豐,8960,120,283,-163,1.32,9,sell
10/02,2880,新加坡商瑞銀,1650,380,295,85,0.69,10,buy
10/02,2880,凱基-東港,9212,0,119,-119,0.97,10,sell
10/02,2880,合庫-台中,1021,52,0,52,0.42,11,buy
10/02,2880,元大-新竹,9816,1,61,-60,0.49,11,sell
10/02,2880,國泰-敦南,8888,112,63,49,0.4,12,buy
10/02,2880,法銀巴黎,8900,17,73,-56,0.45,12,sell
10/02,2880,港商野村,1560,50,9,41,0.33,13,buy
10/02,2880,統一,5850,58,111,-53,0.43,13,sell
10/02,2880,康和-南崁,0038003400350053,30,0,30,0.24,14,buy
10/02,2880,元大-大同,0039003800390047,1,54,-53,0.43,14,sell
10/02,2880,華南永昌-斗六,9327,26,0,26,0.21,15,buy
10/02,2880,中國信託,6160,6,57,-51,0.41,15,sell
10/02,5347,美商高盛,1480,2411,781,1630,11.63,1,buy
10/02,5347,富邦證券,9600,420,1288,-868,6.19,1,sell
10/02,5347,群益金鼎-台北,0039003100380058,561,1,560,4.0,2,buy
10/02,5347,新加坡商瑞銀,1650,444,759,-315,2.25,2,sell
10/02,5347,玉山證券,8840,312,18,294,2.1,3,buy
10/02,5347,華南永昌-大安,9307,10,143,-133,0.95,3,sell
10/02,5347,凱基-台北,9268,655,483,172,1.23,4,buy
10/02,5347,美林,1440,277,404,-127,0.91,4,sell
10/02,5347,台灣摩根士丹利,1470,467,364,103,0.74,5,buy
10/02,5347,元大證券,9800,920,1042,-122,0.87,5,sell
10/02,5347,法銀巴黎,8900,96,38,58,0.41,6,buy
10/02,5347,港商野村,1560,0,117,-117,0.83,6,sell
10/02,5347,統一,5850,88,33,55,0.39,7,buy
10/02,5347,華南永昌-板橋,9349,6,97,-91,0.65,7,sell
10/02,5347,美好,5260,51,0,51,0.36,8,buy
10/02,5347,中國信託,6160,52,104,-52,0.37,8,sell
10/02,5347,凱基-站前,0039003200300046,46,8,38,0.27,9,buy
10/02,5347,統一-士林,003500380035004d,0,52,-52,0.37,9,sell
10/02,5347,華南永昌-中正,9359,51,19,32,0.23,10,buy
10/02,5347,兆豐-桃園,003700300030004d,4,51,-47,0.34,10,sell
10/02,5347,臺銀,1040,33,9,24,0.17,11,buy
10/02,5347,永豐金證券,0039004100300030,82,126,-44,0.31,11,sell
10/02,5347,凱基,9200,46,22,24,0.17,12,buy
10/02,5347,台新,0039004200300030,43,79,-36,0.26,12,sell
10/02,5347,元大-華山,0039003800310055,25,2,23,0.16,13,buy
10/02,5347,玉山-台中,0038003800340042,19,54,-35,0.25,13,sell
10/02,5347,大和國泰,8890,272,250,22,0.16,14,buy
10/02,5347,玉山-嘉義,8848,9,44,-35,0.25,14,sell
10/02,5347,元大-淡水,9899,28,8,20,0.14,15,buy
10/02,5347,台新-松德,0039004200320061,2,36,-34,0.24,15,sell
10/02,2887,元大證券,9800,5803,1521,4282,7.53,1,buy
10/02,2887,富邦證券,9600,75,9042,-8967,15.76,1,sell
10/02,2887,凱基-台北,9268,3825,2262,1563,2.75,2,buy
10/02,2887,美商高盛,1480,3443,9050,-5607,9.86,2,sell
10/02,2887,國泰證券,8880,1320,128,1192,2.1,3,buy
10/02,2887,台灣摩根士丹利,1470,234,4789,-4555,8.01,3,sell
10/02,2887,群益金鼎,9100,1321,454,867,1.52,4,buy
10/02,2887,美林,1440,2841,7370,-4529,7.96,4,sell
10/02,2887,凱基,9200,813,11,802,1.41,5,buy
10/02,2887,花旗環球,1590,929,4340,-3411,6.0,5,sell
10/02,2887,兆豐-桃園,003700300030004d,713,50,663,1.17,6,buy
10/02,2887,新加坡商瑞銀,1650,1454,3073,-1619,2.85,6,sell
10/02,2887,國泰-敦南,8888,969,338,631,1.11,7,buy
10/02,2887,華南永昌-高雄,9303,85,511,-426,0.75,7,sell
10/02,2887,玉山證券,8840,640,14,626,1.1,8,buy
10/02,2887,摩根大通,8440,539,857,-318,0.56,8,sell
10/02,2887,永豐金-匯立,0039004100380031,585,0,585,1.03,9,buy
10/02,2887,元大-鳳山,003900380033005a,19,330,-311,0.55,9,sell
10/02,2887,統一-三重,003500380035004a,484,2,482,0.85,10,buy
10/02,2887,元大-忠孝,9871,25,288,-263,0.46,10,sell
10/02,2887,台新-屏新,0039004200320071,414,0,414,0.73,11,buy
10/02,2887,永豐金證券,0039004100300030,516,753,-237,0.42,11,sell
10/02,2887,富邦-羅東,9634,373,0,373,0.66,12,buy
10/02,2887,元大-斗信,9884,58,269,-211,0.37,12,sell
10/02,2887,新光,8560,763,427,336,0.59,13,buy
10/02,2887,華南永昌-嘉義,9314,29,228,-199,0.35,13,sell
10/02,2887,國泰-高雄,8881,355,23,332,0.58,14,buy
10/02,2887,富邦-桃園,9665,69,226,-157,0.28,14,sell
10/02,2887,合庫-鳳山,1029,350,20,330,0.58,15,buy
10/02,2887,法銀巴黎,8900,12,131,-119,0.21,15,sell
10/02,2801,凱基,9200,5881,0,5881,28.5,1,buy
10/02,2801,美林,1440,53,3258,-3205,15.53,1,sell
10/02,2801,富邦證券,9600,3905,100,3805,18.44,2,buy
10/02,2801,花旗環球,1590,81,2643,-2562,12.41,2,sell
10/02,2801,元大證券,9800,878,186,692,3.35,3,buy
10/02,2801,台灣摩根士丹利,1470,374,2091,-1717,8.32,3,sell
10/02,2801,永豐金-匯立,0039004100380031,520,0,520,2.52,4,buy
10/02,2801,新加坡商瑞銀,1650,1302,2632,-1330,6.44,4,sell
10/02,2801,國泰證券,8880,240,0,240,1.16,5,buy
10/02,2801,美商高盛,1480,680,1471,-791,3.83,5,sell
10/02,2801,華南永昌-新莊,9305,235,0,235,1.14,6,buy
10/02,2801,摩根大通,8440,69,590,-521,2.52,6,sell
10/02,2801,凱基-三峽,0039003200310045,154,0,154,0.75,7,buy
10/02,2801,第一金,5380,2,330,-328,1.59,7,sell
10/02,2801,群益金鼎-台中,9184,113,2,111,0.54,8,buy
10/02,2801,凱基-市政,9239,0,255,-255,1.24,8,sell
10/02,2801,兆豐-台中港,7005,103,0,103,0.5,9,buy
10/02,2801,凱基-台北,9268,1657,1911,-254,1.23,9,sell
10/02,2801,群益金鼎,9100,103,3,100,0.48,10,buy
10/02,2801,兆豐-西螺,0037003000300044,0,222,-222,1.08,10,sell
10/02,2801,凱基-苗栗,9276,101,3,98,0.47,11,buy
10/02,2801,台新-大昌,0039004200320044,1,200,-199,0.96,11,sell
10/02,2801,第一金-安和,003500330038006a,100,14,86,0.42,12,buy
10/02,2801,兆豐-麻豆,0037003000300047,0,186,-186,0.9,12,sell
10/02,2801,元大-北投,0039003800390041,68,1,67,0.32,13,buy
10/02,2801,國泰-館前,0038003800380041,1,150,-149,0.72,13,sell
10/02,2801,光和,6380,56,0,56,0.27,14,buy
10/02,2801,永豐金-台南,0039004100390068,12,126,-114,0.55,14,sell
10/02,2801,台新-新營,0039004200310031,66,10,56,0.27,15,buy
10/02,2801,國票-和平,003700370039006a,1,101,-100,0.48,15,sell
10/02,1815,台灣摩根士丹利,1470,3891,589,3302,7.64,1,buy
10/02,1815,群益金鼎-士林,9137,16,1018,-1002,2.32,1,sell
10/02,1815,元大證券,9800,5653,3383,2270,5.25,2,buy
10/02,1815,國泰-敦南,8888,749,1210,-461,1.07,2,sell
10/02,1815,統一,5850,1666,453,1213,2.81,3,buy
10/02,1815,元大-彰化,0039003800310047,16,389,-373,0.86,3,sell
10/02,1815,美商高盛,1480,2385,1293,1092,2.53,4,buy
10/02,1815,永豐金-忠孝,0039004100390044,34,256,-222,0.51,4,sell
10/02,1815,凱基-台北,9268,4082,3056,1026,2.37,5,buy
10/02,1815,群益金鼎,9100,139,313,-174,0.4,5,sell
10/02,1815,國票-敦北法人,0037003700390063,726,24,702,1.62,6,buy
10/02,1815,美林,1440,50,213,-163,0.38,6,sell
10/02,1815,摩根大通,8440,1513,848,665,1.54,7,buy
10/02,1815,台新,0039004200300030,231,389,-158,0.37,7,sell
10/02,1815,富邦-陽明,9604,575,101,474,1.1,8,buy
10/02,1815,台新-台南,0039004200310036,37,187,-150,0.35,8,sell
10/02,1815,富邦證券,9600,400,91,309,0.72,9,buy
10/02,1815,台新-敦南,0039004200320051,19,151,-132,0.31,9,sell
10/02,1815,新加坡商瑞銀,1650,1150,922,228,0.53,10,buy
10/02,1815,華南永昌,9300,49,177,-128,0.3,10,sell
10/02,1815,華南永昌-忠孝,9325,227,13,214,0.5,11,buy
10/02,1815,群益金鼎-古亭,0039003100380043,18,146,-128,0.3,11,sell
10/02,1815,台新-松德,0039004200320061,222,10,212,0.49,12,buy
10/02,1815,兆豐-台中港,7005,122,249,-127,0.29,12,sell
10/02,1815,新光,8560,500,330,170,0.39,13,buy
10/02,1815,凱基-市政,9239,12,138,-126,0.29,13,sell
10/02,1815,港商野村,1560,156,0,156,0.36,14,buy
10/02,1815,國泰-台中,8882,183,306,-123,0.28,14,sell
10/02,1815,凱基-員林,9231,302,186,116,0.27,15,buy
10/02,1815,大昌-新竹,6463,13,135,-122,0.28,15,sell
10/02,1303,美商高盛,1480,4020,1674,2346,5.54,1,buy
10/02,1303,國泰-敦南,8888,1144,1612,-468,1.11,1,sell
10/02,1303,元大證券,9800,4552,2373,2179,5.15,2,buy
10/02,1303,華南永昌,9300,76,401,-325,0.77,2,sell
10/02,1303,統一,5850,1586,56,1530,3.61,3,buy
10/02,1303,花旗環球,1590,292,601,-309,0.73,3,sell
10/02,1303,永豐金-匯立,0039004100380031,805,0,805,1.9,4,buy
10/02,1303,港商野村,1560,57,300,-243,0.57,4,sell
10/02,1303,摩根大通,8440,955,405,550,1.3,5,buy
10/02,1303,元大-復北,9872,27,270,-243,0.57,5,sell
10/02,1303,富邦證券,9600,663,132,531,1.25,6,buy
10/02,1303,富邦-台北,9623,277,501,-224,0.53,6,sell
10/02,1303,新加坡商瑞銀,1650,2479,1950,529,1.25,7,buy
10/02,1303,中國信託,6160,83,263,-180,0.43,7,sell
10/02,1303,國泰證券,8880,516,46,470,1.11,8,buy
10/02,1303,元大-館前,003900380034004b,146,295,-149,0.35,8,sell
10/02,1303,永豐金證券,0039004100300030,761,402,359,0.85,9,buy
10/02,1303,凱基-城中,9227,6,141,-135,0.32,9,sell
10/02,1303,元大-土城永寧,9875,340,40,300,0.71,10,buy
10/02,1303,兆豐-北高雄,0037003000300049,48,176,-128,0.3,10,sell
10/02,1303,台灣摩根士丹利,1470,1343,1169,174,0.41,11,buy
10/02,1303,元大-新生,0039003800310058,12,128,-116,0.27,11,sell
10/02,1303,台新-敦南,0039004200320051,160,41,119,0.28,12,buy
10/02,1303,華南永昌-東昇,9386,18,128,-110,0.26,12,sell
10/02,1303,康和,8450,148,30,118,0.28,13,buy
10/02,1303,元大-信義,003900380039006d,57,165,-108,0.26,13,sell
10/02,1303,玉山證券,8840,207,89,118,0.28,14,buy
10/02,1303,國泰-松江,8883,43,143,-100,0.24,14,sell
10/02,1303,凱基,9200,127,17,110,0.26,15,buy
10/02,1303,台新,0039004200300030,202,298,-96,0.23,15,sell
10/02,2890,元大證券,9800,2727,431,2296,16.47,1,buy
10/02,2890,永豐金-匯立,0039004100380031,145,2548,-2403,17.24,1,sell
10/02,2890,美林,1440,1706,345,1361,9.76,2,buy
10/02,2890,永豐金證券,0039004100300030,291,939,-648,4.65,2,sell
10/02,2890,凱基-台北,9268,1529,712,817,5.86,3,buy
10/02,2890,台灣摩根士丹利,1470,601,1136,-535,3.84,3,sell
10/02,2890,國泰證券,8880,739,0,739,5.3,4,buy
10/02,2890,元大-民生三民,0039003800390058,0,510,-510,3.66,4,sell
10/02,2890,富邦證券,9600,703,12,691,4.96,5,buy
10/02,2890,華南永昌,9300,3,500,-497,3.57,5,sell
10/02,2890,凱基,9200,502,0,502,3.6,6,buy
10/02,2890,花旗環球,1590,666,1127,-461,3.31,6,sell
10/02,2890,摩根大通,8440,646,183,463,3.32,7,buy
10/02,2890,法銀巴黎,8900,0,439,-439,3.15,7,sell
10/02,2890,群益金鼎-新竹,9186,100,0,100,0.72,8,buy
10/02,2890,群益金鼎,9100,2,242,-240,1.72,8,sell
10/02,2890,國泰-敦南,8888,137,70,67,0.48,9,buy
10/02,2890,永豐金-萬盛,0039004100390032,10,202,-192,1.38,9,sell
10/02,2890,元大-高雄,003900380031006d,42,1,41,0.29,10,buy
10/02,2890,美商高盛,1480,928,1107,-179,1.28,10,sell
10/02,2890,富邦-永和,9654,46,7,39,0.28,11,buy
10/02,2890,兆豐-天母,003700300030004c,1,150,-149,1.07,11,sell
10/02,2890,玉山證券,8840,41,6,35,0.25,12,buy
10/02,2890,永豐金-鳳山,0039004100360031,4,135,-131,0.94,12,sell
10/02,2890,康和,8450,30,0,30,0.22,13,buy
10/02,2890,新加坡商瑞銀,1650,401,515,-114,0.82,13,sell
10/02,2890,永豐金-內湖,0039004100390067,32,2,30,0.22,14,buy
10/02,2890,富邦-新營,9693,2,74,-72,0.52,14,sell
10/02,2890,富邦-八德,0039003600330041,31,3,28,0.2,15,buy
10/02,2890,國票-台東,7791,0,70,-70,0.5,15,sell
10/02,2633,永豐金證券,0039004100300030,2342,320,2022,54.3,1,buy
10/02,2633,國泰證券,8880,6,1528,-1522,40.87,1,sell
10/02,2633,富邦-新店,9661,100,0,100,2.69,2,buy
10/02,2633,美林,1440,110,374,-264,7.09,2,sell
10/02,2633,元大-大甲,0039003800390055,100,0,100,2.69,3,buy
10/02,2633,摩根大通,8440,76,323,-247,6.63,3,sell
10/02,2633,國泰-台南,8884,103,4,99,2.66,4,buy
10/02,2633,花旗環球,1590,8,180,-172,4.62,4,sell
10/02,2633,新加坡商瑞銀,1650,85,16,69,1.85,5,buy
10/02,2633,台灣摩根士丹利,1470,6,109,-103,2.77,5,sell
10/02,2633,元大證券,9800,77,15,62,1.66,6,buy
10/02,2633,富邦-桃園,9665,0,100,-100,2.69,6,sell
10/02,2633,新光-新竹,8563,40,0,40,1.07,7,buy
10/02,2633,凱基-台北,9268,87,158,-71,1.91,7,sell
10/02,2633,富邦-公益,0039003600310046,38,0,38,1.02,8,buy
10/02,2633,新光-台南,8564,0,30,-30,0.81,8,sell
10/02,2633,華南永昌-楠梓,9332,21,0,21,0.56,9,buy
10/02,2633,元大-台北,0039003800300068,0,28,-28,0.75,9,sell
10/02,2633,永豐金-桃園,0039004100390078,20,0,20,0.54,10,buy
10/02,2633,富邦-南員林,0039003600310052,0,20,-20,0.54,10,sell
10/02,2633,群益金鼎,9100,16,2,14,0.38,11,buy
10/02,2633,台新-台北,0039004200320030,0,20,-20,0.54,11,sell
10/02,2633,玉山-景美,8849,20,8,12,0.32,12,buy
10/02,2633,中國信託,6160,2,20,-18,0.48,12,sell
10/02,2633,元大-博愛,0039003800320042,11,0,11,0.3,13,buy
10/02,2633,永豐金-板盛,0039004100390059,0,17,-17,0.46,13,sell
10/02,2633,華南永昌,9300,11,0,11,0.3,14,buy
10/02,2633,(牛牛牛)亞-鑫豐,0036003000310064,0,16,-16,0.43,14,sell
10/02,2633,港商野村,1560,10,0,10,0.27,15,buy
10/02,2633,台新-高雄,0039004200310067,0,15,-15,0.4,15,sell
10/02,5871,兆豐-中壢,0037003000300062,629,0,629,10.57,1,buy
10/02,5871,永豐金證券,0039004100300030,19,1186,-1167,19.62,1,sell
10/02,5871,花旗環球,1590,624,68,556,9.35,2,buy
10/02,5871,大和國泰,8890,0,700,-700,11.77,2,sell
10/02,5871,凱基-土城,003900320031004a,103,0,103,1.73,3,buy
10/02,5871,美商高盛,1480,34,615,-581,9.77,3,sell
10/02,5871,永豐金-新店,0039004100390069,100,0,100,1.68,4,buy
10/02,5871,元大證券,9800,23,602,-579,9.73,4,sell
10/02,5871,元大-向上,9824,100,1,99,1.66,5,buy
10/02,5871,台灣摩根士丹利,1470,207,641,-434,7.3,5,sell
10/02,5871,台新,0039004200300030,84,8,76,1.28,6,buy
10/02,5871,新加坡商瑞銀,1650,11,338,-327,5.5,6,sell
10/02,5871,新光-台中,8561,126,50,76,1.28,7,buy
10/02,5871,凱基-台北,9268,230,449,-219,3.68,7,sell
10/02,5871,華南永昌,9300,65,1,64,1.08,8,buy
10/02,5871,港商野村,1560,37,227,-190,3.19,8,sell
10/02,5871,玉山-高雄,8843,67,4,63,1.06,9,buy
10/02,5871,元大-天母,0039003800310049,2,89,-87,1.46,9,sell
10/02,5871,國泰-敦南,8888,84,20,64,1.08,10,buy
10/02,5871,美林,1440,29,108,-79,1.33,10,sell
10/02,5871,玉山證券,8840,64,5,59,0.99,11,buy
10/02,5871,第一金,5380,1,77,-76,1.28,11,sell
10/02,5871,群益金鼎,9100,59,2,57,0.96,12,buy
10/02,5871,合庫證券,1020,0,65,-65,1.09,12,sell
10/02,5871,凱基-站前,0039003200300046,57,0,57,0.96,13,buy
10/02,5871,摩根大通,8440,3,60,-57,0.96,13,sell
10/02,5871,國泰-桃園,8885,57,6,51,0.86,14,buy
10/02,5871,統一-南京,0035003800350055,0,20,-20,0.34,14,sell
10/02,5871,凱基-市府,0039003200300044,50,0,50,0.84,15,buy
10/02,5871,統一-松江,003500380035005a,0,10,-10,0.17,15,sell
10/02,9904,台新-松江,0039004200310035,701,0,701,8.58,1,buy
10/02,9904,台灣摩根士丹利,1470,162,1440,-1278,15.64,1,sell
10/02,9904,元大-永和,9891,661,0,661,8.09,2,buy
10/02,9904,兆豐-復興,0037003000300070,0,1000,-1000,12.24,2,sell
10/02,9904,台新-大裕,003900420032006c,606,0,606,7.42,3,buy
10/02,9904,凱基-台北,9268,181,1114,-933,11.42,3,sell
10/02,9904,玉山-高雄,8843,435,2,433,5.3,4,buy
10/02,9904,新加坡商瑞銀,1650,3,573,-570,6.98,4,sell
10/02,9904,合庫-高雄,1023,301,0,301,3.68,5,buy
10/02,9904,美商高盛,1480,297,719,-422,5.16,5,sell
10/02,9904,元大證券,9800,337,67,270,3.3,6,buy
10/02,9904,美林,1440,38,237,-199,2.44,6,sell
10/02,9904,富邦-永康,003900360031005a,207,0,207,2.53,7,buy
10/02,9904,富邦-三重,9677,1,200,-199,2.44,7,sell
10/02,9904,元大-士林,003900380031006a,206,2,204,2.5,8,buy
10/02,9904,花旗環球,1590,11,179,-168,2.06,8,sell
10/02,9904,合庫-彰化,1028,204,0,204,2.5,9,buy
10/02,9904,國泰-敦南,8888,38,188,-150,1.84,9,sell
10/02,9904,大昌,6460,107,0,107,1.31,10,buy
10/02,9904,台中銀-豐原,0036003100310041,2,150,-148,1.81,10,sell
10/02,9904,永豐金-板新,003900410039004a,101,1,100,1.22,11,buy
10/02,9904,新光,8560,75,204,-129,1.58,11,sell
10/02,9904,京城,8490,100,0,100,1.22,12,buy
10/02,9904,永豐金證券,0039004100300030,45,169,-124,1.52,12,sell
10/02,9904,國泰-高雄,8881,102,3,99,1.21,13,buy
10/02,9904,美好-中壢,5266,0,120,-120,1.47,13,sell
10/02,9904,國泰證券,8880,121,30,91,1.11,14,buy
10/02,9904,元大-博愛,0039003800320042,10,100,-90,1.1,14,sell
10/02,9904,合庫-台中,1021,86,0,86,1.05,15,buy
10/02,9904,富邦-新店,9661,14,102,-88,1.08,15,sell
10/02,2542,台灣摩根士丹利,1470,1050,7,1043,12.14,1,buy
10/02,2542,永豐金證券,0039004100300030,28,1578,-1550,18.05,1,sell
10/02,2542,港商麥格理,1360,1000,0,1000,11.64,2,buy
10/02,2542,富邦證券,9600,1,314,-313,3.64,2,sell
10/02,2542,美林,1440,1439,871,568,6.61,3,buy
10/02,2542,國泰證券,8880,17,303,-286,3.33,3,sell
10/02,2542,美商高盛,1480,880,360,520,6.05,4,buy
10/02,2542,凱基,9200,0,286,-286,3.33,4,sell
10/02,2542,凱基-台北,9268,874,402,472,5.5,5,buy
10/02,2542,合庫-台中,1021,57,272,-215,2.5,5,sell
10/02,2542,新加坡商瑞銀,1650,438,220,218,2.54,6,buy
10/02,2542,彰銀,1230,0,203,-203,2.36,6,sell
10/02,2542,元大證券,9800,199,38,161,1.87,7,buy
10/02,2542,第一金-高雄,5383,13,214,-201,2.34,7,sell
10/02,2542,富邦-花蓮,9621,101,0,101,1.18,8,buy
10/02,2542,花旗環球,1590,20,211,-191,2.22,8,sell
10/02,2542,新百王,6210,51,6,45,0.52,9,buy
10/02,2542,國泰-台中,8882,14,92,-78,0.91,9,sell
10/02,2542,中國信託-高雄,003600310036004b,42,0,42,0.49,10,buy
10/02,2542,富邦-陽明,9604,0,64,-64,0.75,10,sell
10/02,2542,富邦-台北,9623,58,17,41,0.48,11,buy
10/02,2542,摩根大通,8440,404,461,-57,0.66,11,sell
10/02,2542,元大-員林,9889,44,4,40,0.47,12,buy
10/02,2542,(牛牛牛)亞-鑫豐,0036003000310064,1,56,-55,0.64,12,sell
10/02,2542,統一-新台中,0035003800350044,40,0,40,0.47,13,buy
10/02,2542,臺銀,1040,10,53,-43,0.5,13,sell
10/02,2542,國泰-桃園,8885,47,9,38,0.44,14,buy
10/02,2542,玉山-左營,0038003800340044,0,36,-36,0.42,14,sell
10/02,2542,群益金鼎,9100,44,6,38,0.44,15,buy
10/02,2542,新光,8560,20,55,-35,0.41,15,sell
10/02,8028,元大證券,9800,410,231,179,3.57,1,buy
10/02,8028,凱基-台北,9268,180,361,-181,3.61,1,sell
10/02,8028,新加坡商瑞銀,1650,229,102,127,2.53,2,buy
10/02,8028,美商高盛,1480,210,339,-129,2.57,2,sell
10/02,8028,凱基-信義,9216,65,0,65,1.3,3,buy
10/02,8028,統一,5850,106,228,-122,2.43,3,sell
10/02,8028,國票證券,7790,36,2,34,0.68,4,buy
10/02,8028,台灣摩根士丹利,1470,73,158,-85,1.7,4,sell
10/02,8028,國泰證券,8880,33,1,32,0.64,5,buy
10/02,8028,美林,1440,0,83,-83,1.66,5,sell
10/02,8028,華南永昌-板橋,9349,30,0,30,0.6,6,buy
10/02,8028,港商野村,1560,0,46,-46,0.92,6,sell
10/02,8028,台新-松德,0039004200320061,29,1,28,0.56,7,buy
10/02,8028,華南永昌-中正,9359,9,48,-39,0.78,7,sell
10/02,8028,群益金鼎-崇德,0039003100330055,32,4,28,0.56,8,buy
10/02,8028,台新-台南,0039004200310036,5,37,-32,0.64,8,sell
10/02,8028,群益金鼎,9100,52,26,26,0.52,9,buy
10/02,8028,華南永昌-高雄,9303,4,31,-27,0.54,9,sell
10/02,8028,富邦-竹北,9624,26,0,26,0.52,10,buy
10/02,8028,國泰-台中,8882,25,52,-27,0.54,10,sell
10/02,8028,富邦-建國,9658,34,10,24,0.48,11,buy
10/02,8028,合庫-台中,1021,2,28,-26,0.52,11,sell
10/02,8028,元大-竹北,0039003800310042,27,5,22,0.44,12,buy
10/02,8028,台新-草屯,0039004200320058,6,32,-26,0.52,12,sell
10/02,8028,新光,8560,46,25,21,0.42,13,buy
10/02,8028,富邦-木柵,003900360031004d,10,34,-24,0.48,13,sell
10/02,8028,(牛牛牛)亞-鑫豐,0036003000310064,21,3,18,0.36,14,buy
10/02,8028,群益金鼎-基隆,0039003100330045,0,21,-21,0.42,14,sell
10/02,8028,新光-新竹,8563,35,18,17,0.34,15,buy
10/02,8028,富邦-台東,9608,2,22,-20,0.4,15,sell
10/02,4938,元大證券,9800,371,84,287,6.35,1,buy
10/02,4938,台灣摩根士丹利,1470,151,1087,-936,20.7,1,sell
10/02,4938,台新-大昌,0039004200320044,205,0,205,4.53,2,buy
10/02,4938,新加坡商瑞銀,1650,46,703,-657,14.53,2,sell
10/02,4938,國泰證券,8880,180,20,160,3.54,3,buy
10/02,4938,摩根大通,8440,22,362,-340,7.52,3,sell
10/02,4938,新光-台中,8561,63,3,60,1.33,4,buy
10/02,4938,花旗環球,1590,22,267,-245,5.42,4,sell
10/02,4938,新光,8560,68,9,59,1.3,5,buy
10/02,4938,第一金-忠孝,0035003300380044,1,150,-149,3.3,5,sell
10/02,4938,元大-土城永寧,9875,56,0,56,1.24,6,buy
10/02,4938,凱基-台北,9268,130,270,-140,3.1,6,sell
10/02,4938,富邦-永和,9654,47,1,46,1.02,7,buy
10/02,4938,美商高盛,1480,54,170,-116,2.57,7,sell
10/02,4938,永豐金-嘉義,003900410039006a,46,0,46,1.02,8,buy
10/02,4938,港商野村,1560,0,77,-77,1.7,8,sell
10/02,4938,香港上海匯豐,8960,44,3,41,0.91,9,buy
10/02,4938,新光-高雄,8562,3,57,-54,1.19,9,sell
10/02,4938,永豐金證券,0039004100300030,128,87,41,0.91,10,buy
10/02,4938,美林,1440,32,80,-48,1.06,10,sell
10/02,4938,致和-金華,7034,38,0,38,0.84,11,buy
10/02,4938,永豐金-豐原,0039004100390051,3,44,-41,0.91,11,sell
10/02,4938,臺銀-臺南,1042,43,5,38,0.84,12,buy
10/02,4938,國泰-敦南,8888,75,111,-36,0.8,12,sell
10/02,4938,合庫證券,1020,33,0,33,0.73,13,buy
10/02,4938,元大-金華,9878,2,29,-27,0.6,13,sell
10/02,4938,土銀,1030,34,1,33,0.73,14,buy
10/02,4938,群益金鼎-鳳山,0039003100380063,2,21,-19,0.42,14,sell
10/02,4938,玉山-大里,003800380034004a,31,0,31,0.69,15,buy
10/02,4938,統一,5850,13,31,-18,0.4,15,sell
10/02,1717,美商高盛,1480,740,262,478,3.79,1,buy
10/02,1717,統一,5850,44,520,-476,3.77,1,sell
10/02,1717,台灣摩根士丹利,1470,908,505,403,3.19,2,buy
10/02,1717,國票-敦北法人,0037003700390063,21,366,-345,2.73,2,sell
10/02,1717,台新-佳里,0039004200320077,279,5,274,2.17,3,buy
10/02,1717,凱基-台北,9268,445,743,-298,2.36,3,sell
10/02,1717,國泰-台中,8882,199,103,96,0.76,4,buy
10/02,1717,國泰證券,8880,19,272,-253,2.0,4,sell
10/02,1717,台新-安南,003900420032005a,87,4,83,0.66,5,buy
10/02,1717,台新-松江,0039004200310035,7,127,-120,0.95,5,sell
10/02,1717,凱基-士林,9238,78,9,69,0.55,6,buy
10/02,1717,富邦-台北,9623,19,131,-112,0.89,6,sell
10/02,1717,群益金鼎-鳳山,0039003100380063,70,2,68,0.54,7,buy
10/02,1717,元大-虎尾,003900380030006c,128,231,-103,0.82,7,sell
10/02,1717,國泰-敦南,8888,302,240,62,0.49,8,buy
10/02,1717,統一-南京,0035003800350055,1,94,-93,0.74,8,sell
10/02,1717,致和-府前,7033,52,0,52,0.41,9,buy
10/02,1717,國泰-高雄,8881,34,112,-78,0.62,9,sell
10/02,1717,富邦-新板,0039003600310048,50,2,48,0.38,10,buy
10/02,1717,花旗環球,1590,4,70,-66,0.52,10,sell
10/02,1717,國泰-板橋,003800380038004b,86,46,40,0.32,11,buy
10/02,1717,兆豐-公益,003700300030004a,4,61,-57,0.45,11,sell
10/02,1717,新加坡商瑞銀,1650,231,192,39,0.31,12,buy
10/02,1717,元大-羅東,0039003800320041,9,64,-55,0.44,12,sell
10/02,1717,永豐金-天母,0039004100390047,39,3,36,0.29,13,buy
10/02,1717,元大-員林中山,9835,11,59,-48,0.38,13,sell
10/02,1717,台新-台南,0039004200310036,51,15,36,0.29,14,buy
10/02,1717,國票-台中,0037003700390076,15,62,-47,0.37,14,sell
10/02,1717,台新-中港,0039004200320069,42,7,35,0.28,15,buy
10/02,1717,中國信託-永康,6163,30,76,-46,0.36,15,sell
10/02,4763,凱基-台北,9268,618,510,108,2.69,1,buy
10/02,4763,凱基,9200,0,201,-201,5.01,1,sell
10/02,4763,台新,0039004200300030,113,7,106,2.64,2,buy
10/02,4763,美商高盛,1480,38,224,-186,4.64,2,sell
10/02,4763,凱基-新莊,0039003200310053,100,0,100,2.49,3,buy
10/02,4763,永興,5600,15,200,-185,4.61,3,sell
10/02,4763,玉山-桃園,0038003800340046,100,0,100,2.49,4,buy
10/02,4763,台灣摩根士丹利,1470,98,256,-158,3.94,4,sell
10/02,4763,永豐金證券,0039004100300030,119,26,93,2.32,5,buy
10/02,4763,美林,1440,55,148,-93,2.32,5,sell
10/02,4763,元大證券,9800,167,98,69,1.72,6,buy
10/02,4763,花旗環球,1590,6,90,-84,2.09,6,sell
10/02,4763,富邦-陽明,9604,61,1,60,1.5,7,buy
10/02,4763,台新-城中,0039004200320045,200,272,-72,1.79,7,sell
10/02,4763,華南永昌,9300,45,0,45,1.12,8,buy
10/02,4763,元大-斗六,0039003800300043,3,32,-29,0.72,8,sell
10/02,4763,群益金鼎-敦南,9101,44,2,42,1.05,9,buy
10/02,4763,富邦-板橋,9655,3,30,-27,0.67,9,sell
10/02,4763,元大-民雄,0039003800310056,46,8,38,0.95,10,buy
10/02,4763,統一-三重,003500380035004a,0,25,-25,0.62,10,sell
10/02,4763,中國信託-松江,6167,39,1,38,0.95,11,buy
10/02,4763,元大-斗信,9884,1,25,-24,0.6,11,sell
10/02,4763,凱基-雙和,0039003200300043,38,2,36,0.9,12,buy
10/02,4763,中國信託-文心,6164,10,33,-23,0.57,12,sell
10/02,4763,群益金鼎,9100,31,6,25,0.62,13,buy
10/02,4763,元大-復北,9872,4,25,-21,0.52,13,sell
10/02,4763,國泰-板橋,003800380038004b,38,15,23,0.57,14,buy
10/02,4763,華南永昌-三重,9369,2,23,-21,0.52,14,sell
10/02,4763,元大-新營,9825,21,0,21,0.52,15,buy
10/02,4763,康和,8450,0,20,-20,0.5,15,sell
10/02,2883,美林,1440,11151,2864,8287,12.33,1,buy
10/02,2883,港商麥格理,1360,0,5470,-5470,8.14,1,sell
10/02,2883,美商高盛,1480,8002,3094,4908,7.3,2,buy
10/02,2883,台灣摩根士丹利,1470,3211,8458,-5247,7.8,2,sell
10/02,2883,花旗環球,1590,6295,2035,4260,6.34,3,buy
10/02,2883,中國信託,6160,88,4152,-4064,6.04,3,sell
10/02,2883,國泰證券,8880,4260,1,4259,6.33,4,buy
10/02,2883,元大證券,9800,6310,10173,-3863,5.75,4,sell
10/02,2883,摩根大通,8440,3393,1194,2199,3.27,5,buy
10/02,2883,凱基-台北,9268,2560,4521,-1961,2.92,5,sell
10/02,2883,富邦證券,9600,5629,3541,2088,3.11,6,buy
10/02,2883,統一,5850,15,1682,-1667,2.48,6,sell
10/02,2883,康和,8450,1005,125,880,1.31,7,buy
10/02,2883,華南永昌-忠孝,9325,0,909,-909,1.35,7,sell
10/02,2883,香港上海匯豐,8960,370,56,314,0.47,8,buy
10/02,2883,新加坡商瑞銀,1650,1749,2443,-694,1.03,8,sell
10/02,2883,國票-九鼎,0037003700390050,354,68,286,0.43,9,buy
10/02,2883,永豐金-匯立,0039004100380031,260,847,-587,0.87,9,sell
10/02,2883,凱基,9200,242,0,242,0.36,10,buy
10/02,2883,第一金,5380,4,286,-282,0.42,10,sell
10/02,2883,元大-敦南,0039003800390050,244,22,222,0.33,11,buy
10/02,2883,凱基-站前,0039003200300046,60,322,-262,0.39,11,sell
10/02,2883,元大-東泰,9817,211,0,211,0.31,12,buy
10/02,2883,台新,0039004200300030,151,402,-251,0.37,12,sell
10/02,2883,康和-仁愛,0038003400350046,201,1,200,0.3,13,buy
10/02,2883,元大-敦化,9833,5,218,-213,0.32,13,sell
10/02,2883,統一-敦南,5852,160,0,160,0.24,14,buy
10/02,2883,元大-萬華,0039003800310071,3,169,-166,0.25,14,sell
10/02,2883,富邦-新竹,9647,188,30,158,0.24,15,buy
10/02,2883,元大-景美,0039003800340048,2,151,-149,0.22,15,sell
10/02,6505,台灣摩根士丹利,1470,4223,1128,3095,8.72,1,buy
10/02,6505,(牛牛牛)亞證券,6010,0,917,-917,2.58,1,sell
10/02,6505,美商高盛,1480,2227,840,1387,3.91,2,buy
10/02,6505,元大-大灣,9815,4,753,-749,2.11,2,sell
10/02,6505,摩根大通,8440,1945,657,1288,3.63,3,buy
10/02,6505,花旗環球,1590,72,490,-418,1.18,3,sell
10/02,6505,凱基-台北,9268,2305,1135,1170,3.3,4,buy
10/02,6505,臺銀-金山,0031003000340044,15,231,-216,0.61,4,sell
10/02,6505,美林,1440,1261,169,1092,3.08,5,buy
10/02,6505,國泰-敦南,8888,521,736,-215,0.61,5,sell
10/02,6505,國泰證券,8880,1119,213,906,2.55,6,buy
10/02,6505,光和-田中,6382,8,210,-202,0.57,6,sell
10/02,6505,元大證券,9800,4508,3759,749,2.11,7,buy
10/02,6505,永豐金-大園,0039004100390038,85,251,-166,0.47,7,sell
10/02,6505,元大-館前,003900380034004b,1138,528,610,1.72,8,buy
10/02,6505,永豐金-松山,0039004100390031,7,153,-146,0.41,8,sell
10/02,6505,富邦證券,9600,654,88,566,1.59,9,buy
10/02,6505,合庫-基隆,1025,1,147,-146,0.41,9,sell
10/02,6505,兆豐證券,7000,499,2,497,1.4,10,buy
10/02,6505,安泰-大發,8381,6,141,-135,0.38,10,sell
10/02,6505,新加坡商瑞銀,1650,816,345,471,1.33,11,buy
10/02,6505,元大-北港,9837,17,136,-119,0.34,11,sell
10/02,6505,群益金鼎-海山,9108,446,12,434,1.22,12,buy
10/02,6505,元大-北屯,0039003800390064,17,130,-113,0.32,12,sell
10/02,6505,群益金鼎-台北,0039003100380058,500,210,290,0.82,13,buy
10/02,6505,統一-內湖,0035003800350062,11,121,-110,0.31,13,sell
10/02,6505,凱基-興隆,9289,220,1,219,0.62,14,buy
10/02,6505,元大-斗六,0039003800300043,27,136,-109,0.31,14,sell
10/02,6505,國票-南崁,0037003700390045,152,4,148,0.42,15,buy
10/02,6505,華南永昌-大甲,9315,2,106,-104,0.29,15,sell
10/02,2610,台新-彰化,003900420032004d,1339,2,1337,17.65,1,buy
10/02,2610,新加坡商瑞銀,1650,6,966,-960,12.67,1,sell
10/02,2610,元大證券,9800,1217,87,1130,14.91,2,buy
10/02,2610,花旗環球,1590,249,675,-426,5.62,2,sell
10/02,2610,富邦-竹科,0039003600320043,1001,10,991,13.08,3,buy
10/02,2610,台灣摩根士丹利,1470,158,472,-314,4.14,3,sell
10/02,2610,美商高盛,1480,690,414,276,3.64,4,buy
10/02,2610,永豐金證券,0039004100300030,26,332,-306,4.04,4,sell
10/02,2610,統一-桃園,0035003800350048,191,6,185,2.44,5,buy
10/02,2610,美林,1440,8,233,-225,2.97,5,sell
10/02,2610,凱基,9200,126,0,126,1.66,6,buy
10/02,2610,新光,8560,296,466,-170,2.24,6,sell
10/02,2610,群益金鼎-台北,0039003100380058,100,0,100,1.32,7,buy
10/02,2610,華南永昌-基隆,9322,4,110,-106,1.4,7,sell
10/02,2610,富邦-新竹,9647,50,0,50,0.66,8,buy
10/02,2610,台新-同大,0039004200320050,0,101,-101,1.33,8,sell
10/02,2610,臺銀-臺南,1042,52,14,38,0.5,9,buy
10/02,2610,富邦-仁愛,9676,4,102,-98,1.29,9,sell
10/02,2610,凱基-台北,9268,214,178,36,0.48,10,buy
10/02,2610,富邦證券,9600,1,85,-84,1.11,10,sell
10/02,2610,群益金鼎-天母,0039003100380050,30,0,30,0.4,11,buy
10/02,2610,中國信託,6160,1,62,-61,0.81,11,sell
10/02,2610,臺銀-高雄,0031003000340043,33,5,28,0.37,12,buy
10/02,2610,港商麥格理,1360,0,60,-60,0.79,12,sell
10/02,2610,富邦-台北,9623,30,3,27,0.36,13,buy
10/02,2610,富邦-台中,003900360035004b,0,56,-56,0.74,13,sell
10/02,2610,永豐金-台中,003900410039004c,30,6,24,0.32,14,buy
10/02,2610,國泰-敦南,8888,38,92,-54,0.71,14,sell
10/02,2610,群益金鼎,9100,21,0,21,0.28,15,buy
10/02,2610,國票-安和,003700370039005a,0,50,-50,0.66,15,sell
10/02,2027,摩根大通,8440,1663,218,1445,20.76,1,buy
10/02,2027,美商高盛,1480,282,1208,-926,13.3,1,sell
10/02,2027,凱基-台北,9268,482,161,321,4.61,2,buy
10/02,2027,香港上海匯豐,8960,0,175,-175,2.51,2,sell
10/02,2027,美林,1440,174,19,155,2.23,3,buy
10/02,2027,花旗環球,1590,99,250,-151,2.17,3,sell
10/02,2027,元大證券,9800,374,232,142,2.04,4,buy
10/02,2027,台新-新竹,0039004200320047,0,141,-141,2.03,4,sell
10/02,2027,新加坡商瑞銀,1650,289,169,120,1.72,5,buy
10/02,2027,國票-和平,003700370039006a,0,121,-121,1.74,5,sell
10/02,2027,凱基-岡山,9209,89,0,89,1.28,6,buy
10/02,2027,元大-景美,0039003800340048,2,76,-74,1.06,6,sell
10/02,2027,國票證券,7790,91,6,85,1.22,7,buy
10/02,2027,華南永昌-彰化,9363,0,63,-63,0.9,7,sell
10/02,2027,元大-北府,0039003800300044,87,7,80,1.15,8,buy
10/02,2027,元大-萬華,0039003800310071,3,65,-62,0.89,8,sell
10/02,2027,富邦證券,9600,78,1,77,1.11,9,buy
10/02,2027,富邦-木柵,003900360031004d,0,60,-60,0.86,9,sell
10/02,2027,兆豐-鹿港,0037003000300066,80,7,73,1.05,10,buy
10/02,2027,國票-新莊,0037003700390047,144,192,-48,0.69,10,sell
10/02,2027,台灣摩根士丹利,1470,373,304,69,0.99,11,buy
10/02,2027,兆豐-台南,7006,30,76,-46,0.66,11,sell
10/02,2027,凱基-市政,9239,83,16,67,0.96,12,buy
10/02,2027,華南永昌-長虹,9333,7,52,-45,0.65,12,sell
10/02,2027,元大-大甲,0039003800390055,81,17,64,0.92,13,buy
10/02,2027,富邦-新店,9661,4,49,-45,0.65,13,sell
10/02,2027,台新,0039004200300030,66,8,58,0.83,14,buy
10/02,2027,臺銀-臺南,1042,1,44,-43,0.62,14,sell
10/02,2027,凱基-永和,9207,40,0,40,0.57,15,buy
10/02,2027,富邦-高雄,9659,2,41,-39,0.56,15,sell
10/02,6147,元大證券,9800,2808,2187,621,2.17,1,buy
10/02,6147,美商高盛,1480,896,2021,-1125,3.94,1,sell
10/02,6147,港商野村,1560,425,38,387,1.35,2,buy
10/02,6147,國泰證券,8880,174,1042,-868,3.04,2,sell
10/02,6147,富邦證券,9600,956,666,290,1.01,3,buy
10/02,6147,凱基-台北,9268,1437,2263,-826,2.89,3,sell
10/02,6147,康和,8450,260,7,253,0.89,4,buy
10/02,6147,台新,0039004200300030,264,1039,-775,2.71,4,sell
10/02,6147,國泰-敦南,8888,885,680,205,0.72,5,buy
10/02,6147,永豐金證券,0039004100300030,228,940,-712,2.49,5,sell
10/02,6147,統一-城中,5854,200,12,188,0.66,6,buy
10/02,6147,凱基,9200,3,387,-384,1.34,6,sell
10/02,6147,元大-大同,0039003800390047,180,22,158,0.55,7,buy
10/02,6147,摩根大通,8440,385,768,-383,1.34,7,sell
10/02,6147,富邦-木柵,003900360031004d,143,18,125,0.44,8,buy
10/02,6147,統一,5850,53,295,-242,0.85,8,sell
10/02,6147,兆豐證券,7000,256,141,115,0.4,9,buy
10/02,6147,國泰-館前,0038003800380041,117,302,-185,0.65,9,sell
10/02,6147,台新-桃園,0039004200320076,114,7,107,0.37,10,buy
10/02,6147,兆豐-忠孝,0037003000300061,19,163,-144,0.5,10,sell
10/02,6147,群益金鼎,9100,447,353,94,0.33,11,buy
10/02,6147,國票-安和,003700370039005a,7,149,-142,0.5,11,sell
10/02,6147,台灣摩根士丹利,1470,1271,1195,76,0.27,12,buy
10/02,6147,新加坡商瑞銀,1650,284,415,-131,0.46,12,sell
10/02,6147,新光,8560,202,127,75,0.26,13,buy
10/02,6147,玉山-數位,003800380034004d,26,144,-118,0.41,13,sell
10/02,6147,元大-敦化,9833,277,206,71,0.25,14,buy
10/02,6147,美林,1440,57,173,-116,0.41,14,sell
10/02,6147,國泰-板橋,003800380038004b,133,62,71,0.25,15,buy
10/02,6147,華南永昌-南京,9326,36,140,-104,0.36,15,sell
10/02,3105,富邦證券,9600,3579,15,3564,12.51,1,buy
10/02,3105,凱基-站前,0039003200300046,11,2516,-2505,8.79,1,sell
10/02,3105,港商野村,1560,2903,0,2903,10.19,2,buy
10/02,3105,群益金鼎-古亭,0039003100380043,1,1231,-1230,4.32,2,sell
10/02,3105,凱基-台北,9268,2914,669,2245,7.88,3,buy
10/02,3105,富邦-新店,9661,6,1030,-1024,3.59,3,sell
10/02,3105,凱基-城中,9227,2234,13,2221,7.79,4,buy
10/02,3105,國泰-敦南,8888,214,695,-481,1.69,4,sell
10/02,3105,美商高盛,1480,2171,240,1931,6.78,5,buy
10/02,3105,新光,8560,34,415,-381,1.34,5,sell
10/02,3105,台灣摩根士丹利,1470,1781,504,1277,4.48,6,buy
10/02,3105,富邦-台北,9623,18,226,-208,0.73,6,sell
10/02,3105,統一,5850,1105,113,992,3.48,7,buy
10/02,3105,統一-板橋,0035003800350050,1,206,-205,0.72,7,sell
10/02,3105,新加坡商瑞銀,1650,944,7,937,3.29,8,buy
10/02,3105,華南永昌-大甲,9315,0,203,-203,0.71,8,sell
10/02,3105,元大證券,9800,2195,1303,892,3.13,9,buy
10/02,3105,兆豐-桃園,003700300030004d,0,163,-163,0.57,9,sell
10/02,3105,國票-敦北法人,0037003700390063,734,24,710,2.49,10,buy
10/02,3105,國泰-館前,0038003800380041,16,176,-160,0.56,10,sell
10/02,3105,國票-安和,003700370039005a,594,38,556,1.95,11,buy
10/02,3105,富邦-板橋,9655,6,161,-155,0.54,11,sell
10/02,3105,群益金鼎,9100,755,221,534,1.87,12,buy
10/02,3105,國泰-板橋,003800380038004b,21,151,-130,0.46,12,sell
10/02,3105,統一-城中,5854,562,67,495,1.74,13,buy
10/02,3105,國泰-台中,8882,28,152,-124,0.44,13,sell
10/02,3105,永豐金證券,0039004100300030,397,227,170,0.6,14,buy
10/02,3105,(牛牛牛)亞-鑫豐,0036003000310064,2,108,-106,0.37,14,sell
10/02,3105,群益金鼎-館前,0039003100330059,186,18,168,0.59,15,buy
10/02,3105,台新,0039004200300030,94,189,-95,0.33,15,sell
10/02,2855,凱基-台北,9268,908,70,838,17.3,1,buy
10/02,2855,元大-內湖,003900380039004e,1,282,-281,5.8,1,sell
10/02,2855,台灣摩根士丹利,1470,787,183,604,12.47,2,buy
10/02,2855,國泰-敦南,8888,28,144,-116,2.4,2,sell
10/02,2855,美商高盛,1480,618,201,417,8.61,3,buy
10/02,2855,凱基-站前,0039003200300046,0,108,-108,2.23,3,sell
10/02,2855,國泰證券,8880,313,0,313,6.46,4,buy
10/02,2855,台新-大裕,003900420032006c,1,100,-99,2.04,4,sell
10/02,2855,新加坡商瑞銀,1650,299,58,241,4.98,5,buy
10/02,2855,永豐金-桃盛,003900410039004e,0,81,-81,1.67,5,sell
10/02,2855,美林,1440,196,0,196,4.05,6,buy
10/02,2855,香港上海匯豐,8960,0,78,-78,1.61,6,sell
10/02,2855,摩根大通,8440,220,69,151,3.12,7,buy
10/02,2855,群益金鼎-古亭,0039003100380043,0,66,-66,1.36,7,sell
10/02,2855,元大-台南,9896,83,0,83,1.71,8,buy
10/02,2855,統一-台南,5855,0,65,-65,1.34,8,sell
10/02,2855,華南永昌-岡山,9324,78,2,76,1.57,9,buy
10/02,2855,花旗環球,1590,40,96,-56,1.16,9,sell
10/02,2855,台新-新興,003900420032006f,72,2,70,1.45,10,buy
10/02,2855,彰銀,1230,0,53,-53,1.09,10,sell
10/02,2855,凱基-雙和,0039003200300043,46,0,46,0.95,11,buy
10/02,2855,宏遠-桃園,1262,0,50,-50,1.03,11,sell
10/02,2855,台新-林園,0039004200320037,40,0,40,0.83,12,buy
10/02,2855,統一-敦南,5852,2,50,-48,0.99,12,sell
10/02,2855,富邦-南京,0039003600310043,38,2,36,0.74,13,buy
10/02,2855,元大-北屯,0039003800390064,0,45,-45,0.93,13,sell
10/02,2855,統一,5850,53,27,26,0.54,14,buy
10/02,2855,統一-南京,0035003800350055,0,45,-45,0.93,14,sell
10/02,2855,港商野村,1560,22,0,22,0.45,15,buy
10/02,2855,凱基-基隆,0039003200300048,1,43,-42,0.87,15,sell
10/02,2481,國泰-敦南,8888,844,518,326,1.15,1,buy
10/02,2481,台灣摩根士丹利,1470,450,2726,-2276,8.01,1,sell
10/02,2481,富邦-建國,9658,211,36,175,0.62,2,buy
10/02,2481,美商高盛,1480,557,2225,-1668,5.87,2,sell
10/02,2481,群益金鼎,9100,368,234,134,0.47,3,buy
10/02,2481,元大證券,9800,2792,3998,-1206,4.24,3,sell
10/02,2481,統一-城中,5854,130,6,124,0.44,4,buy
10/02,2481,新加坡商瑞銀,1650,58,1204,-1146,4.03,4,sell
10/02,2481,第一金-台南,5384,272,158,114,0.4,5,buy
10/02,2481,中國信託,6160,75,941,-866,3.05,5,sell
10/02,2481,元大-士林,003900380031006a,122,12,110,0.39,6,buy
10/02,2481,宏遠證券,1260,3,866,-863,3.04,6,sell
10/02,2481,國泰-桃園,8885,182,78,104,0.37,7,buy
10/02,2481,台新-台北,0039004200320030,13,350,-337,1.19,7,sell
10/02,2481,富邦證券,9600,334,237,97,0.34,8,buy
10/02,2481,新光,8560,291,607,-316,1.11,8,sell
10/02,2481,國泰-台中,8882,176,81,95,0.33,9,buy
10/02,2481,群益金鼎-忠孝,0039003100380057,12,217,-205,0.72,9,sell
10/02,2481,中國信託-嘉義,6168,130,44,86,0.3,10,buy
10/02,2481,凱基,9200,54,227,-173,0.61,10,sell
10/02,2481,玉山-新莊,8842,125,39,86,0.3,11,buy
10/02,2481,元大-忠孝,9871,27,175,-148,0.52,11,sell
10/02,2481,國泰-板橋,003800380038004b,163,80,83,0.29,12,buy
10/02,2481,凱基-台北,9268,1804,1922,-118,0.42,12,sell
10/02,2481,新光-新竹,8563,246,168,78,0.27,13,buy
10/02,2481,統一-新竹,5857,23,125,-102,0.36,13,sell
10/02,2481,台新,0039004200300030,196,119,77,0.27,14,buy
10/02,2481,台新-板橋,0039004200320062,36,119,-83,0.29,14,sell
10/02,2481,凱基-中壢,9285,80,5,75,0.26,15,buy
10/02,2481,永豐金證券,0039004100300030,254,335,-81,0.29,15,sell
10/02,1402,摩根大通,8440,857,172,685,14.43,1,buy
10/02,1402,台新-台北,0039004200320030,0,500,-500,10.53,1,sell
10/02,1402,第一金,5380,505,0,505,10.64,2,buy
10/02,1402,富邦-羅東,9634,0,452,-452,9.52,2,sell
10/02,1402,美商高盛,1480,521,165,356,7.5,3,buy
10/02,1402,花旗環球,1590,57,325,-268,5.65,3,sell
10/02,1402,凱基-台北,9268,392,208,184,3.88,4,buy
10/02,1402,亞東-新竹,2184,1,222,-221,4.66,4,sell
10/02,1402,台灣摩根士丹利,1470,528,366,162,3.41,5,buy
10/02,1402,永豐金證券,0039004100300030,9,154,-145,3.05,5,sell
10/02,1402,香港上海匯豐,8960,134,0,134,2.82,6,buy
10/02,1402,永豐金-高雄,0039004100390065,5,122,-117,2.46,6,sell
10/02,1402,台新-同大,0039004200320050,122,0,122,2.57,7,buy
10/02,1402,元大-雙和,9874,0,100,-100,2.11,7,sell
10/02,1402,亞東,2180,111,1,110,2.32,8,buy
10/02,1402,統一-松江,003500380035005a,8,100,-92,1.94,8,sell
10/02,1402,凱基,9200,226,117,109,2.3,9,buy
10/02,1402,華南永昌-高雄,9303,0,62,-62,1.31,9,sell
10/02,1402,富邦-八德,0039003600330041,100,0,100,2.11,10,buy
10/02,1402,富邦-陽明,9604,1,52,-51,1.07,10,sell
10/02,1402,兆豐-新莊,0037003000300077,60,0,60,1.26,11,buy
10/02,1402,永豐金-匯立,0039004100380031,124,174,-50,1.05,11,sell
10/02,1402,新光,8560,91,40,51,1.07,12,buy
10/02,1402,台新-世貿,0039004200320075,0,50,-50,1.05,12,sell
10/02,1402,統一-嘉義,5858,46,0,46,0.97,13,buy
10/02,1402,元大-新竹,9816,1,48,-47,0.99,13,sell
10/02,1402,美林,1440,76,34,42,0.88,14,buy
10/02,1402,群益金鼎,9100,1,46,-45,0.95,14,sell
10/02,1402,元大-文心興安,9854,43,5,38,0.8,15,buy
10/02,1402,中國信託,6160,0,33,-33,0.7,15,sell
10/02,3264,玉山證券,8840,171,8,163,1.37,1,buy
10/02,3264,香港上海匯豐,8960,7,1465,-1458,12.28,1,sell
10/02,3264,凱基-埔墘,9288,141,1,140,1.18,2,buy
10/02,3264,新加坡商瑞銀,1650,70,810,-740,6.23,2,sell
10/02,3264,凱基,9200,90,0,90,0.76,3,buy
10/02,3264,兆豐-民生,0037003000300063,3,590,-587,4.94,3,sell
10/02,3264,華南永昌,9300,86,9,77,0.65,4,buy
10/02,3264,台灣摩根士丹利,1470,317,797,-480,4.04,4,sell
10/02,3264,國泰-敦南,8888,207,138,69,0.58,5,buy
10/02,3264,美商高盛,1480,1,275,-274,2.31,5,sell
10/02,3264,美林,1440,456,391,65,0.55,6,buy
10/02,3264,港商野村,1560,0,180,-180,1.52,6,sell
10/02,3264,統一-士林,003500380035004d,64,0,64,0.54,7,buy
10/02,3264,統一,5850,36,211,-175,1.47,7,sell
10/02,3264,新百王,6210,165,106,59,0.5,8,buy
10/02,3264,摩根大通,8440,165,295,-130,1.1,8,sell
10/02,3264,台中銀,6110,59,4,55,0.46,9,buy
10/02,3264,兆豐-忠孝,0037003000300061,29,114,-85,0.72,9,sell
10/02,3264,國泰證券,8880,63,10,53,0.45,10,buy
10/02,3264,宏遠-民生,1261,0,80,-80,0.67,10,sell
10/02,3264,元大-蘆洲,9857,49,7,42,0.35,11,buy
10/02,3264,華南永昌-台中,9302,8,76,-68,0.57,11,sell
10/02,3264,群益金鼎-民權,9131,42,2,40,0.34,12,buy
10/02,3264,兆豐-埔墘,003700300030004e,1,61,-60,0.51,12,sell
10/02,3264,國泰-台中,8882,69,29,40,0.34,13,buy
10/02,3264,凱基-台北,9268,447,493,-46,0.39,13,sell
10/02,3264,臺銀,1040,46,8,38,0.32,14,buy
10/02,3264,群益金鼎,9100,164,208,-44,0.37,14,sell
10/02,3264,台新-大昌,0039004200320044,39,4,35,0.29,15,buy
10/02,3264,新光-高雄,8562,8,51,-43,0.36,15,sell
10/02,6274,富邦證券,9600,284,44,240,1.94,1,buy
10/02,6274,台灣摩根士丹利,1470,335,957,-622,5.03,1,sell
10/02,6274,國票-敦北法人,0037003700390063,232,14,218,1.76,2,buy
10/02,6274,美商高盛,1480,600,1007,-407,3.29,2,sell
10/02,6274,摩根大通,8440,420,208,212,1.72,3,buy
10/02,6274,新加坡商瑞銀,1650,172,523,-351,2.84,3,sell
10/02,6274,統一,5850,379,178,201,1.63,4,buy
10/02,6274,港商野村,1560,15,58,-43,0.35,4,sell
10/02,6274,元大證券,9800,896,716,180,1.46,5,buy
10/02,6274,華南永昌-板橋,9349,0,32,-32,0.26,5,sell
10/02,6274,凱基-台北,9268,890,717,173,1.4,6,buy
10/02,6274,美林,1440,90,120,-30,0.24,6,sell
10/02,6274,永豐金-忠孝,0039004100390044,281,133,148,1.2,7,buy
10/02,6274,亞東-板橋,2181,53,83,-30,0.24,7,sell
10/02,6274,群益金鼎-台北,0039003100380058,163,27,136,1.1,8,buy
10/02,6274,大和國泰,8890,0,28,-28,0.23,8,sell
10/02,6274,群益金鼎,9100,144,56,88,0.71,9,buy
10/02,6274,統一-三重,003500380035004a,15,43,-28,0.23,9,sell
10/02,6274,凱基,9200,167,80,87,0.7,10,buy
10/02,6274,兆豐-天母,003700300030004c,0,26,-26,0.21,10,sell
10/02,6274,凱基-信義,9216,133,64,69,0.56,11,buy
10/02,6274,國泰-敦南,8888,194,220,-26,0.21,11,sell
10/02,6274,凱基-宜蘭,003900320030004d,73,4,69,0.56,12,buy
10/02,6274,元大-敦南,0039003800390050,23,45,-22,0.18,12,sell
10/02,6274,台新-松德,0039004200320061,56,3,53,0.43,13,buy
10/02,6274,兆豐-大同,0037003000300053,0,22,-22,0.18,13,sell
10/02,6274,新光,8560,212,159,53,0.43,14,buy
10/02,6274,台新,0039004200300030,57,78,-21,0.17,14,sell
10/02,6274,兆豐-北高雄,0037003000300049,51,1,50,0.4,15,buy
10/02,6274,永豐金-內湖,0039004100390067,26,46,-20,0.16,15,sell
10/02,2834,統一-基隆,0035003800350041,1200,0,1200,9.98,1,buy
10/02,2834,美商高盛,1480,28,2593,-2565,21.32,1,sell
10/02,2834,福邦-新竹,6489,750,0,750,6.23,2,buy
10/02,2834,台灣摩根士丹利,1470,371,1492,-1121,9.32,2,sell
10/02,2834,合庫證券,1020,240,3,237,1.97,3,buy
10/02,2834,國泰-桃園,8885,29,1116,-1087,9.04,3,sell
10/02,2834,華南永昌,9300,208,0,208,1.73,4,buy
10/02,2834,花旗環球,1590,0,602,-602,5.0,4,sell
10/02,2834,永豐金-匯立,0039004100380031,205,0,205,1.7,5,buy
10/02,2834,台新-虎尾,003900420032004e,30,289,-259,2.15,5,sell
10/02,2834,元大-斗信,9884,187,1,186,1.55,6,buy
10/02,2834,凱基,9200,2,255,-253,2.1,6,sell
10/02,2834,永豐金-台南,0039004100390068,219,62,157,1.31,7,buy
10/02,2834,摩根大通,8440,166,392,-226,1.88,7,sell
10/02,2834,香港上海匯豐,8960,180,25,155,1.29,8,buy
10/02,2834,元大-樹林,003900380039006a,11,225,-214,1.78,8,sell
10/02,2834,元大-大里,0039003800310067,147,3,144,1.2,9,buy
10/02,2834,新加坡商瑞銀,1650,190,383,-193,1.6,9,sell
10/02,2834,凱基-竹北,9234,123,0,123,1.02,10,buy
10/02,2834,永豐金證券,0039004100300030,63,219,-156,1.3,10,sell
10/02,2834,富邦-和美,0039003600310050,113,0,113,0.94,11,buy
10/02,2834,凱基-台北,9268,193,329,-136,1.13,11,sell
10/02,2834,(牛牛牛)亞-鑫豐,0036003000310064,111,3,108,0.9,12,buy
10/02,2834,中國信託,6160,17,144,-127,1.06,12,sell
10/02,2834,中國信託-文心,6164,125,19,106,0.88,13,buy
10/02,2834,美林,1440,0,100,-100,0.83,13,sell
10/02,2834,台新-板橋,0039004200320062,105,0,105,0.87,14,buy
10/02,2834,富邦-高雄,9659,7,100,-93,0.77,14,sell
10/02,2834,台中銀-豐原,0036003100310041,102,0,102,0.85,15,buy
10/02,2834,元大-嘉義,0039003800390067,13,104,-91,0.76,15,sell
10/02,6239,元大證券,9800,4172,2629,1543,5.0,1,buy
10/02,6239,新加坡商瑞銀,1650,706,1085,-379,1.23,1,sell
10/02,6239,統一,5850,719,74,645,2.09,2,buy
10/02,6239,凱基-市府,0039003200300044,24,277,-253,0.82,2,sell
10/02,6239,美商高盛,1480,1288,659,629,2.04,3,buy
10/02,6239,港商麥格理,1360,0,250,-250,0.81,3,sell
10/02,6239,台灣摩根士丹利,1470,1150,622,528,1.71,4,buy
10/02,6239,凱基-台北,9268,1116,1335,-219,0.71,4,sell
10/02,6239,國泰證券,8880,517,86,431,1.4,5,buy
10/02,6239,摩根大通,8440,842,1053,-211,0.68,5,sell
10/02,6239,富邦證券,9600,541,219,322,1.04,6,buy
10/02,6239,國泰-敦南,8888,591,772,-181,0.59,6,sell
10/02,6239,群益金鼎,9100,469,158,311,1.01,7,buy
10/02,6239,康和,8450,123,298,-175,0.57,7,sell
10/02,6239,兆豐-民生,0037003000300063,300,4,296,0.96,8,buy
10/02,6239,國票-安和,003700370039005a,57,215,-158,0.51,8,sell
10/02,6239,永豐金-萬盛,0039004100390032,315,19,296,0.96,9,buy
10/02,6239,華南永昌,9300,176,328,-152,0.49,9,sell
10/02,6239,國票-敦北法人,0037003700390063,314,41,273,0.89,10,buy
10/02,6239,兆豐證券,7000,68,211,-143,0.46,10,sell
10/02,6239,永豐金證券,0039004100300030,1069,803,266,0.86,11,buy
10/02,6239,國票-桃園,0037003700390072,5,133,-128,0.42,11,sell
10/02,6239,台新,0039004200300030,771,628,143,0.46,12,buy
10/02,6239,統一-土城,0035003800350059,5,128,-123,0.4,12,sell
10/02,6239,新光,8560,424,297,127,0.41,13,buy
10/02,6239,美林,1440,183,286,-103,0.33,13,sell
10/02,6239,合庫證券,1020,161,62,99,0.32,14,buy
10/02,6239,元大-台北,0039003800300068,5,105,-100,0.32,14,sell
10/02,6239,華南永昌-古亭,9309,120,29,91,0.3,15,buy
10/02,6239,國泰-板橋,003800380038004b,101,176,-75,0.24,15,sell
10/02,6669,美林,1440,206,55,151,6.48,1,buy
10/02,6669,統一,5850,1,349,-348,14.94,1,sell
10/02,6669,富邦-台北,9623,68,1,67,2.88,2,buy
10/02,6669,台灣摩根士丹利,1470,24,316,-292,12.53,2,sell
10/02,6669,香港上海匯豐,8960,60,1,59,2.53,3,buy
10/02,6669,元大證券,9800,272,515,-243,10.43,3,sell
10/02,6669,宏遠證券,1260,28,0,28,1.2,4,buy
10/02,6669,新加坡商瑞銀,1650,4,205,-201,8.63,4,sell
10/02,6669,國泰-敦南,8888,44,20,24,1.03,5,buy
10/02,6669,美商高盛,1480,59,149,-90,3.86,5,sell
10/02,6669,國票-敦北法人,0037003700390063,20,2,18,0.77,6,buy
10/02,6669,永豐金證券,0039004100300030,22,89,-67,2.88,6,sell
10/02,6669,兆豐-南京,0037003000300050,17,0,17,0.73,7,buy
10/02,6669,花旗環球,1590,13,47,-34,1.46,7,sell
10/02,6669,台中銀-豐原,0036003100310041,17,1,16,0.69,8,buy
10/02,6669,凱基,9200,2,34,-32,1.37,8,sell
10/02,6669,元大-北屯,0039003800390064,16,1,15,0.64,9,buy
10/02,6669,(牛牛牛)亞證券,6010,0,25,-25,1.07,9,sell
10/02,6669,群益金鼎,9100,25,11,14,0.6,10,buy
10/02,6669,凱基-台北,9268,36,49,-13,0.56,10,sell
10/02,6669,永豐金-北高雄,0039004100390072,14,1,13,0.56,11,buy
10/02,6669,兆豐-桃園,003700300030004d,1,11,-10,0.43,11,sell
10/02,6669,永豐金-板新,003900410039004a,13,0,13,0.56,12,buy
10/02,6669,富邦證券,9600,16,24,-8,0.34,12,sell
10/02,6669,統一-城中,5854,12,0,12,0.52,13,buy
10/02,6669,群益金鼎-萬華,0039003100330049,2,10,-8,0.34,13,sell
10/02,6669,元大-台中中港,0039003800390042,11,0,11,0.47,14,buy
10/02,6669,群益金鼎-敦南,9101,1,9,-8,0.34,14,sell
10/02,6669,凱基-三重,9205,11,0,11,0.47,15,buy
10/02,6669,摩根大通,8440,3,10,-7,0.3,15,sell
10/02,6005,摩根大通,8440,268,58,210,5.75,1,buy
10/02,6005,中國信託-中壢,0036003100360041,0,174,-174,4.76,1,sell
10/02,6005,凱基-台北,9268,222,104,118,3.23,2,buy
10/02,6005,花旗環球,1590,0,165,-165,4.52,2,sell
10/02,6005,港商野村,1560,100,0,100,2.74,3,buy
10/02,6005,元大-桃園,0039003800380042,10,133,-123,3.37,3,sell
10/02,6005,統一-中壢,5853,101,1,100,2.74,4,buy
10/02,6005,新加坡商瑞銀,1650,236,338,-102,2.79,4,sell
10/02,6005,國泰-新莊,8886,104,12,92,2.52,5,buy
10/02,6005,台新-林園,0039004200320037,0,70,-70,1.92,5,sell
10/02,6005,美林,1440,104,18,86,2.35,6,buy
10/02,6005,永豐金-台南,0039004100390068,4,61,-57,1.56,6,sell
10/02,6005,永豐金-古亭,0039004100390064,71,0,71,1.94,7,buy
10/02,6005,元大-中壢,9834,0,37,-37,1.01,7,sell
10/02,6005,兆豐-南門,0037003000300067,70,0,70,1.92,8,buy
10/02,6005,富邦-新竹,9647,1,34,-33,0.9,8,sell
10/02,6005,中國信託-永康,6163,52,7,45,1.23,9,buy
10/02,6005,兆豐-三重,7008,5,37,-32,0.88,9,sell
10/02,6005,台灣摩根士丹利,1470,264,233,31,0.85,10,buy
10/02,6005,永豐金證券,0039004100300030,23,53,-30,0.82,10,sell
10/02,6005,元大-台南,9896,30,0,30,0.82,11,buy
10/02,6005,合庫-自強,0031003000320043,1,30,-29,0.79,11,sell
10/02,6005,凱基-大安,9291,30,0,30,0.82,12,buy
10/02,6005,國泰-台中,8882,3,32,-29,0.79,12,sell
10/02,6005,第一金-大稻埕,0035003300380046,30,0,30,0.82,13,buy
10/02,6005,元大-鳳山,003900380033005a,20,43,-23,0.63,13,sell
10/02,6005,美商高盛,1480,449,419,30,0.82,14,buy
10/02,6005,凱基-竹科,9272,0,23,-23,0.63,14,sell
10/02,6005,玉山-新竹,0038003800340048,27,0,27,0.74,15,buy
10/02,6005,永豐金-豐原,0039004100390051,2,24,-22,0.6,15,sell
10/02,2885,元大證券,9800,1731,138,1593,8.09,1,buy
10/02,2885,港商野村,1560,0,2613,-2613,13.27,1,sell
10/02,2885,凱基,9200,1429,0,1429,7.26,2,buy
10/02,2885,新加坡商瑞銀,1650,473,2825,-2352,11.94,2,sell
10/02,2885,富邦證券,9600,1610,302,1308,6.64,3,buy
10/02,2885,美林,1440,207,1866,-1659,8.42,3,sell
10/02,2885,中國信託-永康,6163,964,7,957,4.86,4,buy
10/02,2885,摩根大通,8440,169,1805,-1636,8.31,4,sell
10/02,2885,國泰-敦南,8888,655,37,618,3.14,5,buy
10/02,2885,台灣摩根士丹利,1470,148,1401,-1253,6.36,5,sell
10/02,2885,國泰證券,8880,509,0,509,2.58,6,buy
10/02,2885,大和國泰,8890,0,1246,-1246,6.33,6,sell
10/02,2885,新光-高雄,8562,216,0,216,1.1,7,buy
10/02,2885,美商高盛,1480,524,1536,-1012,5.14,7,sell
10/02,2885,富邦-陽明,9604,186,1,185,0.94,8,buy
10/02,2885,聯邦證券,8580,0,704,-704,3.57,8,sell
10/02,2885,台新,0039004200300030,174,3,171,0.87,9,buy
10/02,2885,法銀巴黎,8900,2,502,-500,2.54,9,sell
10/02,2885,凱基-鳳山,9274,128,0,128,0.65,10,buy
10/02,2885,花旗環球,1590,724,1159,-435,2.21,10,sell
10/02,2885,新光,8560,158,35,123,0.62,11,buy
10/02,2885,國票-敦北法人,0037003700390063,266,476,-210,1.07,11,sell
10/02,2885,元大-仁愛,003900380033006a,122,0,122,0.62,12,buy
10/02,2885,永豐金證券,0039004100300030,238,390,-152,0.77,12,sell
10/02,2885,兆豐-城中,0037003000300057,112,0,112,0.57,13,buy
10/02,2885,國票證券,7790,17,116,-99,0.5,13,sell
10/02,2885,群益金鼎-中港,9138,103,0,103,0.52,14,buy
10/02,2885,亞東-新竹,2184,11,100,-89,0.45,14,sell
10/02,2885,永豐金-匯立,0039004100380031,98,0,98,0.5,15,buy
10/02,2885,凱基-台北,9268,496,567,-71,0.36,15,sell
10/02,2408,台灣摩根士丹利,1470,4954,1734,3220,8.78,1,buy
10/02,2408,凱基-站前,0039003200300046,23,1067,-1044,2.85,1,sell
10/02,2408,美商高盛,1480,3339,1476,1863,5.08,2,buy
10/02,2408,國泰-敦南,8888,649,1105,-456,1.24,2,sell
10/02,2408,凱基,9200,1173,19,1154,3.15,3,buy
10/02,2408,兆豐-城中,0037003000300057,11,254,-243,0.66,3,sell
10/02,2408,統一,5850,1113,50,1063,2.9,4,buy
10/02,2408,永豐金證券,0039004100300030,260,446,-186,0.51,4,sell
10/02,2408,國泰證券,8880,1035,50,985,2.69,5,buy
10/02,2408,凱基-信義,9216,9,194,-185,0.5,5,sell
10/02,2408,摩根大通,8440,1067,169,898,2.45,6,buy
10/02,2408,玉山-城中,0038003800340045,170,348,-178,0.49,6,sell
10/02,2408,第一金-自由,0035003300380045,702,76,626,1.71,7,buy
10/02,2408,陽信-石牌,8711,13,175,-162,0.44,7,sell
10/02,2408,凱基-台北,9268,1115,648,467,1.27,8,buy
10/02,2408,富邦-仁愛,9676,34,184,-150,0.41,8,sell
10/02,2408,元大證券,9800,2815,2422,393,1.07,9,buy
10/02,2408,花旗環球,1590,400,550,-150,0.41,9,sell
10/02,2408,美林,1440,772,467,305,0.83,10,buy
10/02,2408,國泰-台中,8882,132,252,-120,0.33,10,sell
10/02,2408,新加坡商瑞銀,1650,1689,1451,238,0.65,11,buy
10/02,2408,元大-豐原站前,0039003800390057,13,132,-119,0.32,11,sell
10/02,2408,華南永昌-竹北,9339,150,13,137,0.37,12,buy
10/02,2408,凱基-台南,9211,216,332,-116,0.32,12,sell
10/02,2408,元大-崇德,0039003800310053,173,55,118,0.32,13,buy
10/02,2408,元大-三民,0039003800390046,12,121,-109,0.3,13,sell
10/02,2408,國票-九鼎,0037003700390050,110,13,97,0.26,14,buy
10/02,2408,元大-高雄,003900380031006d,30,132,-102,0.28,14,sell
10/02,2408,永豐金-信義,0039004100390052,108,18,90,0.25,15,buy
10/02,2408,合庫證券,1020,38,129,-91,0.25,15,sell
10/02,2472,凱基-台北,9268,296,193,103,2.15,1,buy
10/02,2472,台灣摩根士丹利,1470,11,515,-504,10.52,1,sell
10/02,2472,統一,5850,122,32,90,1.88,2,buy
10/02,2472,美商高盛,1480,115,529,-414,8.64,2,sell
10/02,2472,元大-華山,0039003800310055,54,2,52,1.09,3,buy
10/02,2472,摩根大通,8440,35,197,-162,3.38,3,sell
10/02,2472,國票-南京,003700370039006e,41,0,41,0.86,4,buy
10/02,2472,新加坡商瑞銀,1650,140,215,-75,1.57,4,sell
10/02,2472,國泰-敦南,8888,191,152,39,0.81,5,buy
10/02,2472,花旗環球,1590,7,52,-45,0.94,5,sell
10/02,2472,台新-世貿,0039004200320075,39,5,34,0.71,6,buy
10/02,2472,華南永昌-台中,9302,8,40,-32,0.67,6,sell
10/02,2472,統一-台中,5856,43,9,34,0.71,7,buy
10/02,2472,凱基-松山,9217,4,35,-31,0.65,7,sell
10/02,2472,元大-東港,0039003800390066,36,2,34,0.71,8,buy
10/02,2472,玉山證券,8840,15,45,-30,0.63,8,sell
10/02,2472,永豐金-豐原,0039004100390051,31,0,31,0.65,9,buy
10/02,2472,玉山-城中,0038003800340045,1,29,-28,0.58,9,sell
10/02,2472,元大-大甲,0039003800390055,21,0,21,0.44,10,buy
10/02,2472,台新,0039004200300030,14,36,-22,0.46,10,sell
10/02,2472,新光,8560,47,28,19,0.4,11,buy
10/02,2472,兆豐-南門,0037003000300067,4,20,-16,0.33,11,sell
10/02,2472,元大-崇德,0039003800310053,19,1,18,0.38,12,buy
10/02,2472,永豐金-潮州,0039004100390071,2,17,-15,0.31,12,sell
10/02,2472,元大-文心興安,9854,24,6,18,0.38,13,buy
10/02,2472,國票-新莊,0037003700390047,2,16,-14,0.29,13,sell
10/02,2472,凱基,9200,22,5,17,0.35,14,buy
10/02,2472,國票-博愛,003700370039007a,2,16,-14,0.29,14,sell
10/02,2472,富邦-台北,9623,21,6,15,0.31,15,buy
10/02,2472,凱基-市政,9239,2,16,-14,0.29,15,sell
10/02,2845,凱基,9200,1394,0,1394,10.54,1,buy
10/02,2845,國泰證券,8880,0,5079,-5079,38.41,1,sell
10/02,2845,新光-台中,8561,599,2,597,4.52,2,buy
10/02,2845,台新-虎尾,003900420032004e,11,1497,-1486,11.24,2,sell
10/02,2845,凱基-台北,9268,408,26,382,2.89,3,buy
10/02,2845,美林,1440,0,994,-994,7.52,3,sell
10/02,2845,統一-嘉義,5858,280,0,280,2.12,4,buy
10/02,2845,摩根大通,8440,257,564,-307,2.32,4,sell
10/02,2845,國票-台南,0037003700390044,250,0,250,1.89,5,buy
10/02,2845,花旗環球,1590,122,357,-235,1.78,5,sell
10/02,2845,台新,0039004200300030,228,1,227,1.72,6,buy
10/02,2845,第一金-大稻埕,0035003300380046,0,195,-195,1.47,6,sell
10/02,2845,臺銀-高雄,0031003000340043,218,3,215,1.63,7,buy
10/02,2845,新加坡商瑞銀,1650,103,289,-186,1.41,7,sell
10/02,2845,臺銀-新竹,1045,212,1,211,1.6,8,buy
10/02,2845,台灣摩根士丹利,1470,407,579,-172,1.3,8,sell
10/02,2845,永豐金-中壢,0039004100390039,191,3,188,1.42,9,buy
10/02,2845,統一-新台中,0035003800350044,7,161,-154,1.16,9,sell
10/02,2845,凱基-基隆,0039003200300048,150,0,150,1.13,10,buy
10/02,2845,元大-雙和,9874,16,134,-118,0.89,10,sell
10/02,2845,富邦-樹林,0039003600320045,144,0,144,1.09,11,buy
10/02,2845,永豐金-匯立,0039004100380031,0,116,-116,0.88,11,sell
10/02,2845,群益金鼎-新莊,0039003100380047,143,0,143,1.08,12,buy
10/02,2845,群益金鼎-北高雄,0039003100330052,0,110,-110,0.83,12,sell
10/02,2845,元大-板橋,0039003800390043,128,0,128,0.97,13,buy
10/02,2845,元大-苗栗,003900380031004d,3,103,-100,0.76,13,sell
10/02,2845,永豐金證券,0039004100300030,215,107,108,0.82,14,buy
10/02,2845,兆豐證券,7000,0,100,-100,0.76,14,sell
10/02,2845,第一金-光復,0035003300380043,107,0,107,0.81,15,buy
10/02,2845,富邦-仁愛,9676,9,100,-91,0.69,15,sell
10/02,2812,富邦-仁愛,9676,309,2,307,5.72,1,buy
10/02,2812,台灣摩根士丹利,1470,24,883,-859,16.01,1,sell
10/02,2812,福邦-新竹,6489,200,0,200,3.73,2,buy
10/02,2812,花旗環球,1590,20,481,-461,8.59,2,sell
10/02,2812,華南永昌-鳳山,9331,161,0,161,3.0,3,buy
10/02,2812,摩根大通,8440,0,319,-319,5.95,3,sell
10/02,2812,玉山-台南,8847,136,1,135,2.52,4,buy
10/02,2812,永豐金證券,0039004100300030,21,201,-180,3.36,4,sell
10/02,2812,台新-中港,0039004200320069,112,0,112,2.09,5,buy
10/02,2812,玉山-新竹,0038003800340048,4,150,-146,2.72,5,sell
10/02,2812,富邦-二林,0039003600320042,110,0,110,2.05,6,buy
10/02,2812,元大-四維,9831,1,121,-120,2.24,6,sell
10/02,2812,土銀-嘉義,1034,101,0,101,1.88,7,buy
10/02,2812,元大-大里,0039003800310067,12,128,-116,2.16,7,sell
10/02,2812,永豐金-市政,0039004100390057,112,14,98,1.83,8,buy
10/02,2812,新加坡商瑞銀,1650,0,83,-83,1.55,8,sell
10/02,2812,元大-大雅,0039003800330069,86,10,76,1.42,9,buy
10/02,2812,永豐金-內湖,0039004100390067,0,83,-83,1.55,9,sell
10/02,2812,凱基-台北,9268,173,108,65,1.21,10,buy
10/02,2812,富邦-高雄,9659,4,81,-77,1.44,10,sell
10/02,2812,元大-屏東民生,0039003800310068,64,1,63,1.17,11,buy
10/02,2812,永豐金-桃園,0039004100390078,5,80,-75,1.4,11,sell
10/02,2812,玉山-新莊,8842,63,6,57,1.06,12,buy
10/02,2812,永豐金-竹科,0039004100390058,11,84,-73,1.36,12,sell
10/02,2812,凱基-城中,9227,57,4,53,0.99,13,buy
10/02,2812,中國信託,6160,12,74,-62,1.16,13,sell
10/02,2812,臺銀-高雄,0031003000340043,64,16,48,0.89,14,buy
10/02,2812,美商高盛,1480,42,103,-61,1.14,14,sell
10/02,2812,口袋證券,6620,47,0,47,0.88,15,buy
10/02,2812,兆豐-埔墘,003700300030004e,0,59,-59,1.1,15,sell
10/02,4979,凱基-台北,9268,80,2,78,5.92,1,buy
10/02,4979,香港上海匯豐,8960,0,197,-197,14.95,1,sell
10/02,4979,康和,8450,75,0,75,5.69,2,buy
10/02,4979,聯邦-大業,8586,0,34,-34,2.58,2,sell
10/02,4979,群益金鼎,9100,51,0,51,3.87,3,buy
10/02,4979,兆豐-埔墘,003700300030004e,0,33,-33,2.5,3,sell
10/02,4979,元大-台北,0039003800300068,50,0,50,3.79,4,buy
10/02,4979,兆豐-大同,0037003000300053,0,30,-30,2.28,4,sell
10/02,4979,統一-新竹,5857,47,0,47,3.57,5,buy
10/02,4979,國泰-敦南,8888,20,36,-16,1.21,5,sell
10/02,4979,台新-建北,0039004200310038,41,0,41,3.11,6,buy
10/02,4979,聯邦證券,8580,0,15,-15,1.14,6,sell
10/02,4979,台灣摩根士丹利,1470,45,7,38,2.88,7,buy
10/02,4979,永豐金-敦南,0039004100380046,0,15,-15,1.14,7,sell
10/02,4979,華南永昌-竹北,9339,36,0,36,2.73,8,buy
10/02,4979,元大證券,9800,7,21,-14,1.06,8,sell
10/02,4979,群益金鼎-館前,0039003100330059,33,0,33,2.5,9,buy
10/02,4979,凱基-竹北,9234,3,16,-13,0.99,9,sell
10/02,4979,永豐金-員林,0039004100390043,29,0,29,2.2,10,buy
10/02,4979,統一,5850,12,24,-12,0.91,10,sell
10/02,4979,第一金-彰化,5386,27,1,26,1.97,11,buy
10/02,4979,元大-鹿港,0039003800390053,1,11,-10,0.76,11,sell
10/02,4979,第一金-自由,0035003300380045,20,4,16,1.21,12,buy
10/02,4979,陽信-石牌,8711,0,9,-9,0.68,12,sell
10/02,4979,台中銀-台北,6115,23,8,15,1.14,13,buy
10/02,4979,永豐金-南京,0039004100390053,0,9,-9,0.68,13,sell
10/02,4979,永豐金-中壢,0039004100390039,11,0,11,0.83,14,buy
10/02,4979,元大-中山北路,0039003800300061,2,11,-9,0.68,14,sell
10/02,4979,元大-新莊,9898,11,0,11,0.83,15,buy
10/02,4979,元大-太平,0039003800310051,0,8,-8,0.61,15,sell
10/02,8039,新光,8560,540,116,424,2.21,1,buy
10/02,8039,國票-敦北法人,0037003700390063,12,578,-566,2.95,1,sell
10/02,8039,凱基-信義,9216,390,61,329,1.72,2,buy
10/02,8039,摩根大通,8440,188,617,-429,2.24,2,sell
10/02,8039,台新,0039004200300030,297,79,218,1.14,3,buy
10/02,8039,統一,5850,340,749,-409,2.13,3,sell
10/02,8039,元大證券,9800,1398,1185,213,1.11,4,buy
10/02,8039,凱基-城中,9227,11,378,-367,1.91,4,sell
10/02,8039,永豐金-敦北,0039004100380039,225,25,200,1.04,5,buy
10/02,8039,凱基-台北,9268,923,1276,-353,1.84,5,sell
10/02,8039,群益金鼎-東大,9135,191,23,168,0.88,6,buy
10/02,8039,美商高盛,1480,480,813,-333,1.74,6,sell
10/02,8039,凱基,9200,121,0,121,0.63,7,buy
10/02,8039,華南永昌-南京,9326,32,329,-297,1.55,7,sell
10/02,8039,永豐金-內湖,0039004100390067,103,9,94,0.49,8,buy
10/02,8039,國票-安和,003700370039005a,242,532,-290,1.51,8,sell
10/02,8039,群益金鼎,9100,222,146,76,0.4,9,buy
10/02,8039,港商麥格理,1360,0,165,-165,0.86,9,sell
10/02,8039,國泰-敦南,8888,671,599,72,0.38,10,buy
10/02,8039,新加坡商瑞銀,1650,237,374,-137,0.71,10,sell
10/02,8039,統一-東湖,0035003800350052,76,6,70,0.37,11,buy
10/02,8039,中國信託-高雄,003600310036004b,52,167,-115,0.6,11,sell
10/02,8039,康和-仁愛,0038003400350046,65,0,65,0.34,12,buy
10/02,8039,美林,1440,39,141,-102,0.53,12,sell
10/02,8039,凱基-中港,9202,67,2,65,0.34,13,buy
10/02,8039,華南永昌-高雄,9303,20,109,-89,0.46,13,sell
10/02,8039,元大-上新莊,0039003800330047,64,3,61,0.32,14,buy
10/02,8039,國票證券,7790,12,93,-81,0.42,14,sell
10/02,8039,群益金鼎-館前,0039003100330059,105,46,59,0.31,15,buy
10/02,8039,港商野村,1560,14,78,-64,0.33,15,sell
10/02,2383,兆豐證券,7000,107,6,101,4.25,1,buy
10/02,2383,港商麥格理,1360,6,194,-188,7.91,1,sell
10/02,2383,美林,1440,108,40,68,2.86,2,buy
10/02,2383,摩根大通,8440,71,108,-37,1.56,2,sell
10/02,2383,美商高盛,1480,175,112,63,2.65,3,buy
10/02,2383,群益金鼎,9100,66,84,-18,0.76,3,sell
10/02,2383,富邦證券,9600,81,19,62,2.61,4,buy
10/02,2383,國泰-敦南,8888,30,44,-14,0.59,4,sell
10/02,2383,元大證券,9800,240,196,44,1.85,5,buy
10/02,2383,大和國泰,8890,0,13,-13,0.55,5,sell
10/02,2383,台灣摩根士丹利,1470,219,176,43,1.81,6,buy
10/02,2383,統一-板橋,0035003800350050,2,12,-10,0.42,6,sell
10/02,2383,永豐金-敦北,0039004100380039,29,4,25,1.05,7,buy
10/02,2383,永豐金證券,0039004100300030,18,27,-9,0.38,7,sell
10/02,2383,永豐金-匯立,0039004100380031,31,13,18,0.76,8,buy
10/02,2383,港商野村,1560,7,15,-8,0.34,8,sell
10/02,2383,凱基,9200,16,3,13,0.55,9,buy
10/02,2383,元大-南屯,9853,4,12,-8,0.34,9,sell
10/02,2383,國票-安和,003700370039005a,18,5,13,0.55,10,buy
10/02,2383,法銀巴黎,8900,0,7,-7,0.29,10,sell
10/02,2383,台新-台北,0039004200320030,12,0,12,0.5,11,buy
10/02,2383,永豐金-南投,003900410039004d,0,7,-7,0.29,11,sell
10/02,2383,統一,5850,22,11,11,0.46,12,buy
10/02,2383,玉山-景美,8849,0,7,-7,0.29,12,sell
10/02,2383,第一金,5380,11,0,11,0.46,13,buy
10/02,2383,元大-北屯,0039003800390064,1,8,-7,0.29,13,sell
10/02,2383,康和-仁愛,0038003400350046,10,0,10,0.42,14,buy
10/02,2383,中國信託,6160,6,12,-6,0.25,14,sell
10/02,2383,凱基-信義,9216,10,1,9,0.38,15,buy
10/02,2383,統一-高雄,5851,17,23,-6,0.25,15,sell
10/02,6449,玉山-大里,003800380034004a,114,0,114,3.62,1,buy
10/02,6449,美商高盛,1480,74,340,-266,8.44,1,sell
10/02,6449,元大-成功,003900380039004c,78,1,77,2.44,2,buy
10/02,6449,富邦證券,9600,0,262,-262,8.31,2,sell
10/02,6449,群益金鼎-丹鳳,0039003100380073,74,0,74,2.35,3,buy
10/02,6449,凱基-台北,9268,183,359,-176,5.58,3,sell
10/02,6449,凱基-站前,0039003200300046,76,5,71,2.25,4,buy
10/02,6449,美林,1440,30,110,-80,2.54,4,sell
10/02,6449,中國信託-忠孝,6162,46,0,46,1.46,5,buy
10/02,6449,統一,5850,12,87,-75,2.38,5,sell
10/02,6449,凱基-松山,9217,46,12,34,1.08,6,buy
10/02,6449,統一-城中,5854,0,70,-70,2.22,6,sell
10/02,6449,華南永昌-桃園,9352,90,65,25,0.79,7,buy
10/02,6449,國票-敦北法人,0037003700390063,0,70,-70,2.22,7,sell
10/02,6449,兆豐-彰化,0037003000300064,25,2,23,0.73,8,buy
10/02,6449,台灣摩根士丹利,1470,128,197,-69,2.19,8,sell
10/02,6449,華南永昌-板橋,9349,22,0,22,0.7,9,buy
10/02,6449,國票-安和,003700370039005a,6,70,-64,2.03,9,sell
10/02,6449,元大-沙鹿,0039003800300064,23,2,21,0.67,10,buy
10/02,6449,群益金鼎-內湖,0039003100380064,0,50,-50,1.59,10,sell
10/02,6449,中國信託-高雄,003600310036004b,21,1,20,0.63,11,buy
10/02,6449,華南永昌-高雄,9303,0,45,-45,1.43,11,sell
10/02,6449,統一-台中,5856,20,0,20,0.63,12,buy
10/02,6449,摩根大通,8440,23,64,-41,1.3,12,sell
10/02,6449,新光,8560,23,4,19,0.6,13,buy
10/02,6449,國泰-敦南,8888,44,68,-24,0.76,13,sell
10/02,6449,華南永昌-竹北,9339,22,4,18,0.57,14,buy
10/02,6449,群益金鼎,9100,40,64,-24,0.76,14,sell
10/02,6449,台中銀-豐原,0036003100310041,20,3,17,0.54,15,buy
10/02,6449,港商野村,1560,7,30,-23,0.73,15,sell
10/02,2492,美商高盛,1480,4807,989,3818,6.84,1,buy
10/02,2492,元大證券,9800,5227,8850,-3623,6.49,1,sell
10/02,2492,凱基-台北,9268,6137,3058,3079,5.52,2,buy
10/02,2492,富邦證券,9600,509,3021,-2512,4.5,2,sell
10/02,2492,台新-台北,0039004200320030,2713,186,2527,4.53,3,buy
10/02,2492,凱基-信義,9216,190,1332,-1142,2.05,3,sell
10/02,2492,花旗環球,1590,2035,64,1971,3.53,4,buy
10/02,2492,永豐金證券,0039004100300030,300,825,-525,0.94,4,sell
10/02,2492,凱基-站前,0039003200300046,4679,2775,1904,3.41,5,buy
10/02,2492,國泰-敦南,8888,1137,1520,-383,0.69,5,sell
10/02,2492,新加坡商瑞銀,1650,2256,561,1695,3.04,6,buy
10/02,2492,元大-土城永寧,9875,43,377,-334,0.6,6,sell
10/02,2492,台灣摩根士丹利,1470,2031,721,1310,2.35,7,buy
10/02,2492,永豐金-敦北,0039004100380039,20,330,-310,0.56,7,sell
10/02,2492,美林,1440,930,332,598,1.07,8,buy
10/02,2492,凱基-雙和,0039003200300043,8,180,-172,0.31,8,sell
10/02,2492,港商野村,1560,352,62,290,0.52,9,buy
10/02,2492,元大-成功,003900380039004c,30,143,-113,0.2,9,sell
10/02,2492,群益金鼎-忠孝,0039003100380057,294,59,235,0.42,10,buy
10/02,2492,台新-城中,0039004200320045,21,123,-102,0.18,10,sell
10/02,2492,富邦-南屯,9666,319,144,175,0.31,11,buy
10/02,2492,國票-長城,0037003700390075,52,138,-86,0.15,11,sell
10/02,2492,永豐金-忠孝,0039004100390044,208,57,151,0.27,12,buy
10/02,2492,中國信託-中壢,0036003100360041,32,118,-86,0.15,12,sell
10/02,2492,華南永昌-南京,9326,167,34,133,0.24,13,buy
10/02,2492,第一金-高雄,5383,19,99,-80,0.14,13,sell
10/02,2492,台新-城東,0039004200320072,190,60,130,0.23,14,buy
10/02,2492,富邦-新店,9661,29,107,-78,0.14,14,sell
10/02,2492,凱基,9200,115,0,115,0.21,15,buy
10/02,2492,華南永昌-基隆,9322,12,90,-78,0.14,15,sell
10/02,1216,元大證券,9800,1494,435,1059,5.48,1,buy
10/02,1216,永豐金-匯立,0039004100380031,0,7088,-7088,36.69,1,sell
10/02,1216,永豐金-桃盛,003900410039004e,656,0,656,3.4,2,buy
10/02,1216,群益金鼎,9100,20,2608,-2588,13.4,2,sell
10/02,1216,新光,8560,555,6,549,2.84,3,buy
10/02,1216,美林,1440,651,2628,-1977,10.23,3,sell
10/02,1216,美商高盛,1480,1218,695,523,2.71,4,buy
10/02,1216,台灣摩根士丹利,1470,373,1419,-1046,5.41,4,sell
10/02,1216,花旗環球,1590,751,390,361,1.87,5,buy
10/02,1216,摩根大通,8440,528,991,-463,2.4,5,sell
10/02,1216,元大-上新莊,0039003800330047,304,0,304,1.57,6,buy
10/02,1216,新加坡商瑞銀,1650,716,1100,-384,1.99,6,sell
10/02,1216,美好-中壢,5266,255,0,255,1.32,7,buy
10/02,1216,凱基-台北,9268,528,807,-279,1.44,7,sell
10/02,1216,國泰-敦南,8888,253,21,232,1.2,8,buy
10/02,1216,富邦證券,9600,64,156,-92,0.48,8,sell
10/02,1216,群益金鼎-竹南,0039003100380069,218,2,216,1.12,9,buy
10/02,1216,港商野村,1560,1,63,-62,0.32,9,sell
10/02,1216,元大-楊梅,0039003800370041,215,2,213,1.1,10,buy
10/02,1216,元大-沙鹿,0039003800300064,16,70,-54,0.28,10,sell
10/02,1216,中國信託,6160,173,0,173,0.9,11,buy
10/02,1216,法銀巴黎,8900,1,55,-54,0.28,11,sell
10/02,1216,凱基,9200,331,173,158,0.82,12,buy
10/02,1216,凱基-內埔,9225,0,5,-5,0.03,12,sell
10/02,1216,新光-新竹,8563,152,8,144,0.75,13,buy
10/02,1216,統一-屏東,5859,7,10,-3,0.02,13,sell
10/02,1216,凱基-中山,9229,134,0,134,0.69,14,buy
10/02,1216,凱基-台中,9204,7,10,-3,0.02,14,sell
10/02,1216,兆豐-台中港,7005,134,0,134,0.69,15,buy
10/02,1216,統一-敦南,5852,1,3,-2,0.01,15,sell
10/02,3661,美商高盛,1480,159,37,122,9.44,1,buy
10/02,3661,港商麥格理,1360,0,126,-126,9.75,1,sell
10/02,3661,元大證券,9800,126,61,65,5.03,2,buy
10/02,3661,中國信託,6160,1,15,-14,1.08,2,sell
10/02,3661,摩根大通,8440,63,13,50,3.87,3,buy
10/02,3661,元大-中山北路,0039003800300061,0,11,-11,0.85,3,sell
10/02,3661,元大-信義,003900380039006d,43,0,43,3.33,4,buy
10/02,3661,花旗環球,1590,1,12,-11,0.85,4,sell
10/02,3661,玉山-大里,003800380034004a,27,1,26,2.01,5,buy
10/02,3661,元大-大里德芳,0039003800330057,0,8,-8,0.62,5,sell
10/02,3661,新加坡商瑞銀,1650,40,23,17,1.32,6,buy
10/02,3661,永豐金-匯立,0039004100380031,0,8,-8,0.62,6,sell
10/02,3661,群益金鼎,9100,14,2,12,0.93,7,buy
10/02,3661,永豐金-亞灣,0039004100390061,1,9,-8,0.62,7,sell
10/02,3661,群益金鼎-民權,9131,8,0,8,0.62,8,buy
10/02,3661,永豐金-市政,0039004100390057,1,8,-7,0.54,8,sell
10/02,3661,國票-敦北法人,0037003700390063,8,1,7,0.54,9,buy
10/02,3661,永豐金-桃園,0039004100390078,1,7,-6,0.46,9,sell
10/02,3661,美林,1440,48,42,6,0.46,10,buy
10/02,3661,台新,0039004200300030,5,12,-7,0.54,10,sell
10/02,3661,富邦證券,9600,11,6,5,0.39,11,buy
10/02,3661,凱基-大安,9291,0,6,-6,0.46,11,sell
10/02,3661,台灣企銀-豐原,1118,6,1,5,0.39,12,buy
10/02,3661,玉山-嘉義,8848,0,6,-6,0.46,12,sell
10/02,3661,華南永昌-台中,9302,5,1,4,0.31,13,buy
10/02,3661,國泰-敦南,8888,33,38,-5,0.39,13,sell
10/02,3661,元大-雙和,9874,5,1,4,0.31,14,buy
10/02,3661,臺銀-金山,0031003000340044,1,6,-5,0.39,14,sell
10/02,3661,華南永昌,9300,7,3,4,0.31,15,buy
10/02,3661,台灣摩根士丹利,1470,39,44,-5,0.39,15,sell
10/02,8210,凱基-台北,9268,117,52,65,3.97,1,buy
10/02,8210,兆豐證券,7000,1,175,-174,10.64,1,sell
10/02,8210,統一-新竹,5857,32,0,32,1.96,2,buy
10/02,8210,國票-敦北法人,0037003700390063,2,108,-106,6.48,2,sell
10/02,8210,富邦證券,9600,31,0,31,1.89,3,buy
10/02,8210,統一,5850,5,100,-95,5.81,3,sell
10/02,8210,美商高盛,1480,115,88,27,1.65,4,buy
10/02,8210,玉山證券,8840,7,87,-80,4.89,4,sell
10/02,8210,美林,1440,29,8,21,1.28,5,buy
10/02,8210,台灣摩根士丹利,1470,63,140,-77,4.71,5,sell
10/02,8210,元大-彰化,0039003800310047,22,3,19,1.16,6,buy
10/02,8210,台新-新營,0039004200310031,0,55,-55,3.36,6,sell
10/02,8210,國泰-敦南,8888,39,21,18,1.1,7,buy
10/02,8210,新加坡商瑞銀,1650,7,53,-46,2.81,7,sell
10/02,8210,元大-鳳山,003900380033005a,17,0,17,1.04,8,buy
10/02,8210,華南永昌-敦南,9347,6,24,-18,1.1,8,sell
10/02,8210,元大-成功,003900380039004c,14,1,13,0.79,9,buy
10/02,8210,統一-南京,0035003800350055,0,16,-16,0.98,9,sell
10/02,8210,第一金-自由,0035003300380045,11,0,11,0.67,10,buy
10/02,8210,台新-吉利,0039004200320057,0,10,-10,0.61,10,sell
10/02,8210,華南永昌-桃園,9352,10,0,10,0.61,11,buy
10/02,8210,華南永昌,9300,2,10,-8,0.49,11,sell
10/02,8210,第一金-台南,5384,10,1,9,0.55,12,buy
10/02,8210,永豐金-新店,0039004100390069,0,7,-7,0.43,12,sell
10/02,8210,永豐金-萬盛,0039004100390032,8,0,8,0.49,13,buy
10/02,8210,統一-平鎮,0035003800350067,0,6,-6,0.37,13,sell
10/02,8210,元大-中和,0039003800390065,8,0,8,0.49,14,buy
10/02,8210,口袋證券,6620,1,7,-6,0.37,14,sell
10/02,8210,永全證券,6450,9,2,7,0.43,15,buy
10/02,8210,台灣企銀-桃園,0031003100310045,0,5,-5,0.31,15,sell
10/02,0052,凱基,9200,11352,8,11344,57.73,1,buy
10/02,0052,凱基-台北,9268,421,4072,-3651,18.58,1,sell
10/02,0052,新光,8560,385,46,339,1.73,2,buy
10/02,0052,元大證券,9800,189,3331,-3142,15.99,2,sell
10/02,0052,統一,5850,222,0,222,1.13,3,buy
10/02,0052,群益金鼎,9100,321,2893,-2572,13.09,3,sell
10/02,0052,國泰證券,8880,222,0,222,1.13,4,buy
10/02,0052,永豐金證券,0039004100300030,125,1051,-926,4.71,4,sell
10/02,0052,國泰-敦南,8888,376,271,105,0.53,5,buy
10/02,0052,中國信託,6160,52,879,-827,4.21,5,sell
10/02,0052,玉山-城中,0038003800340045,111,7,104,0.53,6,buy
10/02,0052,新加坡商瑞銀,1650,221,926,-705,3.59,6,sell
10/02,0052,華南永昌-高雄,9303,102,2,100,0.51,7,buy
10/02,0052,宏遠證券,1260,0,701,-701,3.57,7,sell
10/02,0052,富邦-新竹,9647,105,36,69,0.35,8,buy
10/02,0052,台新,0039004200300030,46,495,-449,2.29,8,sell
10/02,0052,美好,5260,62,0,62,0.32,9,buy
10/02,0052,元大-桃園,0039003800380042,6,422,-416,2.12,9,sell
10/02,0052,群益金鼎-館前,0039003100330059,61,0,61,0.31,10,buy
10/02,0052,富邦-岡山,9616,3,222,-219,1.11,10,sell
10/02,0052,德信-中正,6912,62,1,61,0.31,11,buy
10/02,0052,富邦證券,9600,54,137,-83,0.42,11,sell
10/02,0052,元大-三峽,0039003800310041,66,6,60,0.31,12,buy
10/02,0052,元大-雙和,9874,47,108,-61,0.31,12,sell
10/02,0052,永豐金-新竹,0039004100390037,57,1,56,0.29,13,buy
10/02,0052,富邦-南屯,9666,9,68,-59,0.3,13,sell
10/02,0052,富邦-基隆,9614,54,2,52,0.26,14,buy
10/02,0052,陽信-石牌,8711,0,50,-50,0.25,14,sell
10/02,0052,康和,8450,65,15,50,0.25,15,buy
10/02,0052,台新-三民,0039004200310033,7,48,-41,0.21,15,sell
